# Generated by AgenticSim AssetCompiler
mtllib default_material.mtl
v 0.156145889 0.268366494 0.213194681
v 0.105407836 0.268366494 0.269544921
v 0.228573881 0.160302461 0.0533424336
v 0.22775039 0.202998271 0.0533424336
v 0.0440627629 0.268366494 0.314114788
v -0.025208419 0.268366494 0.34495621
v 0.341720801 0.165782525 0.0513565442
v 0.349343792 0.197111696 0.0513565442
v -0.0993781009 0.268366494 0.36072151
v -0.175204828 0.268366494 0.36072151
v 0.414059845 0.134934854 0.0513565442
v 0.435715941 0.158714236 0.0513565442
v -0.24937451 0.268366494 0.34495621
v -0.318645692 0.268366494 0.314114788
v 0.450295226 0.0701312334 0.0513565442
v 0.481048025 0.0784904725 0.0513565442
v -0.379990764 0.268366494 0.269544921
v -0.430728818 0.268366494 0.213194681
v 0.450295307 -0.0160610732 0.0513565442
v 0.481048025 -0.0244202311 0.0513565442
v -0.4686421 0.268366494 0.147526829
v -0.492073891 0.268366494 0.0754112889
v 0.414059926 -0.0808646126 0.0513565442
v 0.435715941 -0.104643913 0.0513565442
v -0.499999919 0.268366494 -0
v 0.22541699 0.27269187 0
v 0.341567092 -0.111706035 0.0513565442
v 0.34919479 -0.143035367 0.0513565442
v 0.217490962 0.269349538 0.07541137
v 0.194059172 0.268366494 0.147526829
v 0.228419846 -0.108542571 0.0533424336
v 0.227619079 -0.149459358 0.0533424336
v 0.230097099 0.14010612 -0
v 0.339399981 0.154124454 -0
v 0.4059866 0.126070013 -0
v 0.438830792 0.0670150021 -0
v 0.438830792 -0.0129447607 -0
v 0.4059866 -0.0719998523 -0
v 0.338723463 -0.100026619 -0
v 0.229419365 -0.0923060786 -0
v 0.228252503 -0.167263461 -0
v 0.352365071 -0.156056374 -0
v 0.444716556 -0.11452702 -0
v 0.493829378 -0.0278944419 -0
v 0.493829297 0.0819646022 -0
v 0.444716475 0.168597262 -0
v 0.35302065 0.210153316 -0
v 0.228830172 0.221881669 -0
v 0.190798726 0.263368497 -0
v -0.465381655 0.263368497 0
v 0.257857918 0.154071946 -0
v 0.256540673 0.200098077 0.0513565442
v 0.255825039 0.167225805 0.0513565442
v 0.259132555 0.214420828 -0
v -0.458212083 0.263368497 0.0682137992
v -0.43701671 0.263368497 0.13344633
v 0.254881112 -0.100745094 -0
v 0.255889152 -0.145996915 0.0513565442
v 0.255148441 -0.113324531 0.0513565442
v 0.256266041 -0.16021465 -0
v 0.217258937 -0.289339012 -0
v 0.221579443 0.289672807 -0
v -0.402721935 0.263368497 0.192846578
v -0.356826627 0.263368497 0.243818524
v -0.30133656 0.263368497 0.284134432
v -0.23867692 0.263368497 0.312032242
v -0.17158624 0.263368497 0.326292827
v -0.102996688 0.263368497 0.326292827
v -0.0359060083 0.263368497 0.312032242
v 0.0267536308 0.263368497 0.284134432
v 0.0822436979 0.263368497 0.243818524
v 0.128139006 0.263368497 0.192846578
v 0.162433782 0.263368497 0.133446248
v 0.183629154 0.263368497 0.0682137992
v 0.180355642 0.0827446744 -0
v -0.454938571 0.0827446744 -0
v -0.44799721 0.0827446744 0.0660425493
v -0.427476569 0.0827446744 0.129198782
v -0.394273424 0.0827446744 0.186708338
v -0.349838925 0.0827446744 0.236057811
v -0.296115058 0.0827446744 0.275090479
v -0.23544983 0.0827446744 0.30210036
v -0.17049461 0.0827446744 0.315907039
v -0.104088319 0.0827446744 0.315907039
v -0.0391330988 0.0827446744 0.302100441
v 0.0215321295 0.0827446744 0.275090479
v 0.0752559967 0.0827446744 0.236057811
v 0.119690495 0.0827446744 0.186708338
v 0.15289364 0.0827446744 0.129198701
v 0.173414281 0.0827446744 0.0660425493
v -0.491841866 -0.289339012 -0
v -0.496162372 0.289060728 0
v -0.484094138 -0.289339012 0.0737152079
v -0.488320179 0.289060728 0.0746134434
v -0.461189375 -0.289339012 0.1442086
v -0.46513632 0.289060728 0.145965954
v -0.4241288 -0.289339012 0.208399492
v -0.427624111 0.289060728 0.210939029
v -0.374532044 -0.289339012 0.263482318
v -0.377422905 0.289060728 0.266693015
v -0.314566706 -0.289339012 0.307049664
v -0.316726918 0.289060728 0.310791284
v -0.246853558 -0.289339012 0.337197445
v -0.248188657 0.289060728 0.341306459
v -0.17435204 -0.289339012 0.352608174
v -0.174803673 0.289060728 0.356904902
v -0.100230889 -0.289339012 0.352608174
v -0.0997792554 0.289060728 0.356904902
v -0.0277293704 -0.289339012 0.337197445
v -0.0263942717 0.289060728 0.341306459
v 0.0399837769 -0.289339012 0.307049664
v 0.0421439896 0.289060728 0.310791284
v 0.0999491151 -0.289339012 0.263482318
v 0.102839976 0.289060728 0.266693015
v 0.149545871 -0.289339012 0.208399492
v 0.153041182 0.289060728 0.210939029
v 0.186606446 -0.289339012 0.1442086
v 0.190553391 0.289060728 0.145965954
v 0.209511128 -0.289339012 0.0737152079
v 0.21373725 0.289199829 0.0746134434
v 0.225501961 0.245308915 0
v -0.392154357 -0.226040756 -0
v -0.386585021 -0.226040756 0.0529889989
v -0.370120318 -0.226040756 0.103662047
v -0.343479859 -0.226040756 0.149804637
v -0.307827991 -0.226040756 0.189400041
v -0.264722911 -0.226040756 0.220717769
v -0.216048413 -0.226040756 0.24238904
v -0.163931923 -0.226040756 0.253466684
v -0.110651006 -0.226040756 0.253466684
v -0.0585345159 -0.226040756 0.242388959
v -0.00986001793 -0.226040756 0.220717769
v 0.0332450626 -0.226040756 0.189400041
v 0.0688969306 -0.226040756 0.149804637
v 0.0955373892 -0.226040756 0.103662128
v -0.499999919 0.222585941 -0
v -0.492073891 0.222585941 0.0754112889
v -0.4686421 0.222585941 0.147526829
v -0.430728818 0.222585941 0.213194681
v -0.379990764 0.222585941 0.269544921
v -0.318645692 0.222585941 0.314114788
v -0.24937451 0.222585941 0.34495621
v -0.175204828 0.222585941 0.36072151
v -0.0993781009 0.222585941 0.36072151
v -0.025208419 0.222585941 0.34495621
v 0.0440627629 0.222585941 0.314114788
v 0.105407836 0.222585941 0.269544921
v 0.156145889 0.222585941 0.213194681
v 0.194059172 0.222585941 0.147526829
v 0.218786863 0.225667519 0.0742115585
v 0.225785114 0.0850460175 -0
v 0.112002092 -0.226040756 0.0529889989
v 0.117571429 -0.226040756 -0
v -0.453269921 -0.123936744 -0
v -0.446364999 -0.123936744 0.0656956071
v -0.425952214 -0.123936744 0.128519993
v -0.392923392 -0.123936744 0.185727485
v -0.348722299 -0.123936744 0.234817746
v -0.295280693 -0.123936744 0.273645414
v -0.234934164 -0.123936744 0.300513434
v -0.170320205 -0.123936744 0.314247559
v -0.104262723 -0.123936744 0.314247559
v -0.0396487646 -0.123936744 0.300513353
v 0.0206977638 -0.123936744 0.273645414
v 0.0741393702 -0.123936744 0.234817746
v -0.499999919 0.109266239 -0
v -0.492073891 0.109266239 0.0754112889
v -0.4686421 0.109266239 0.147526829
v -0.430728818 0.109266239 0.213194681
v -0.379990764 0.109266239 0.269544921
v -0.318645692 0.109266239 0.314114788
v -0.24937451 0.109266239 0.34495621
v -0.175204828 0.109266239 0.36072151
v -0.0993781009 0.109266239 0.36072151
v -0.025208419 0.109266239 0.34495621
v 0.0440627629 0.109266239 0.314114788
v 0.105407836 0.109266239 0.269544921
v 0.156145889 0.109266239 0.213194681
v 0.194059172 0.109266239 0.147526829
v 0.218915008 0.114610692 0.0742115585
v 0.225784871 -0.0453016917 0
v 0.118340464 -0.123936744 0.185727485
v 0.151369286 -0.123936744 0.128519993
v 0.17178207 -0.123936744 0.0656956071
v 0.178686992 -0.123936744 -0
v 0.182001325 0.198152928 0
v 0.175024012 0.198152928 0.0663847034
v 0.154396976 0.198152928 0.129868077
v 0.121021861 0.198152928 0.187675556
v 0.0763571225 0.198152928 0.237280833
v 0.0223548899 0.198152928 0.276515661
v -0.0386245748 0.198152928 0.303665455
v -0.103916268 0.198152928 0.317543633
v -0.170666661 0.198152928 0.317543633
v -0.235958354 0.198152928 0.303665455
v -0.499999919 -0.0626751805 -0
v -0.492073891 -0.0626751805 0.0754112889
v -0.4686421 -0.0626751805 0.147526829
v -0.430728818 -0.0626751805 0.213194681
v -0.379990764 -0.0626751805 0.269544921
v -0.318645692 -0.0626751805 0.314114788
v -0.24937451 -0.0626751805 0.34495621
v -0.175204828 -0.0626751805 0.36072151
v -0.0993781009 -0.0626751805 0.36072151
v -0.025208419 -0.0626751805 0.34495621
v 0.0440627629 -0.0626751805 0.314114788
v 0.105407836 -0.0626751805 0.269544921
v 0.156145889 -0.0626751805 0.213194681
v 0.194059172 -0.0626751805 0.147526829
v 0.218915008 -0.0685585097 0.0742115585
v 0.225519653 -0.195468691 -0
v -0.296937819 0.198152928 0.276515661
v -0.350940051 0.198152928 0.237280833
v -0.395604789 0.198152928 0.187675556
v -0.428979905 0.198152928 0.129868077
v -0.449606941 0.198152928 0.0663847034
v -0.456584254 0.198152928 0
v -0.137291464 -0.222382726 0
v -0.251489924 -0.222382726 -0
v -0.248994375 -0.222382726 0.0237431864
v -0.241616881 -0.222382726 0.0464487112
v -0.229679957 -0.222382726 0.0671241165
v -0.213705112 -0.222382726 0.0848659728
v -0.194390694 -0.222382726 0.0988987525
v -0.172580727 -0.222382726 0.108609159
v -0.499999919 -0.179852474 -0
v -0.492073891 -0.179852474 0.0754112889
v -0.4686421 -0.179852474 0.147526829
v -0.430728818 -0.179852474 0.213194681
v -0.379990764 -0.179852474 0.269544921
v -0.318645692 -0.179852474 0.314114788
v -0.24937451 -0.179852474 0.34495621
v -0.175204828 -0.179852474 0.36072151
v -0.0993781009 -0.179852474 0.36072151
v -0.025208419 -0.179852474 0.34495621
v 0.0440627629 -0.179852474 0.314114788
v 0.105407836 -0.179852474 0.269544921
v 0.156145889 -0.179852474 0.213194681
v 0.194059172 -0.179852474 0.147526829
v 0.218789622 -0.179389073 0.0742115585
v 0.22541699 -0.251242885 0
v -0.149228469 -0.222382726 0.113572828
v -0.125354459 -0.222382726 0.113572828
v -0.102002202 -0.222382726 0.108609159
v -0.0801922344 -0.222382726 0.0988987525
v -0.0608778167 -0.222382726 0.0848659728
v -0.0449029718 -0.222382726 0.0671241165
v -0.0329660479 -0.222382726 0.0464487112
v -0.0255885541 -0.222382726 0.0237431864
v -0.0230930045 -0.222382726 0
v -0.323910936 -0.223284857 -0
v -0.319832843 -0.223284857 0.0388003995
v -0.307776782 -0.223284857 0.0759049614
v -0.288269781 -0.223284857 0.109692187
v -0.262164222 -0.223284857 0.13868528
v -0.499999919 -0.250799043 -0
v -0.492073891 -0.250799043 0.0754112889
v -0.4686421 -0.250799043 0.147526829
v -0.430728818 -0.250799043 0.213194681
v -0.379990764 -0.250799043 0.269544921
v -0.318645692 -0.250799043 0.314114788
v -0.24937451 -0.250799043 0.34495621
v -0.175204828 -0.250799043 0.36072151
v -0.0993781009 -0.250799043 0.36072151
v -0.025208419 -0.250799043 0.34495621
v 0.0440627629 -0.250799043 0.314114788
v 0.105407836 -0.250799043 0.269544921
v 0.156145889 -0.250799043 0.213194681
v 0.194059172 -0.250799043 0.147526829
v 0.217490962 -0.25089992 0.07541137
v 0.187334092 -0.289610479 0
v -0.23060116 -0.223284857 0.161617149
v -0.194960004 -0.223284857 0.177485598
v -0.156798547 -0.223284857 0.185597148
v -0.117784382 -0.223284857 0.185597148
v -0.0796229245 -0.223284857 0.177485598
v -0.0439817691 -0.223284857 0.161617149
v -0.012418707 -0.223284857 0.13868528
v 0.0136868519 -0.223284857 0.109692187
v 0.0331938531 -0.223284857 0.0759049614
v 0.0452499141 -0.223284857 0.0388003995
v 0.0493280073 -0.223284857 -0
v -0.43838906 -0.211404986 0
v -0.43180933 -0.211404986 0.0626016936
v -0.412357759 -0.211404986 0.122467453
v -0.461916939 -0.289610479 -0
v -0.454823167 -0.289610479 0.0674934578
v -0.433851623 -0.289610479 0.132037054
v -0.399919047 -0.289610479 0.190810128
v -0.354508322 -0.289610479 0.241243766
v -0.299604202 -0.289610479 0.281133929
v -0.237606309 -0.289610479 0.308737223
v -0.171224041 -0.289610479 0.322847183
v -0.103358888 -0.289610479 0.322847183
v -0.0369766193 -0.289610479 0.308737223
v 0.025021273 -0.289610479 0.281133929
v 0.0799253932 -0.289610479 0.241243766
v 0.125336118 -0.289610479 0.190810128
v 0.159268694 -0.289610479 0.132037054
v 0.180240238 -0.289610479 0.0674934578
v -0.137291464 -0.255332097 -0
v 0.0320649719 -0.255943364 -0
v -0.380884536 -0.211404986 0.176980726
v -0.338765097 -0.211404986 0.223759093
v -0.287840222 -0.211404986 0.260758152
v -0.230335779 -0.211404986 0.286360787
v -0.168764768 -0.211404986 0.299448179
v -0.105818161 -0.211404986 0.299448179
v -0.0442471495 -0.211404986 0.286360787
v 0.0132573739 -0.211404986 0.260758152
v 0.0641821678 -0.211404986 0.223759093
v 0.106301608 -0.211404986 0.176980726
v 0.13777483 -0.211404986 0.122467453
v 0.157226402 -0.211404986 0.0626016936
v 0.163806131 -0.211404986 0
v -0.477719084 0.28907915 -0
v -0.306647901 -0.255943364 -0
v -0.302947021 -0.255943364 0.0352111905
v -0.292006207 -0.255943364 0.0688834181
v -0.274303711 -0.255943364 0.0995451607
v -0.250613033 -0.255943364 0.125856288
v -0.221969642 -0.255943364 0.146666899
v -0.189625452 -0.255943364 0.161067478
v -0.154994041 -0.255943364 0.16842866
v -0.119588888 -0.255943364 0.16842866
v -0.0849574762 -0.255943364 0.161067478
v -0.0526132868 -0.255943364 0.146666899
v -0.023969896 -0.255943364 0.125856288
v -0.000279217509 -0.255943364 0.0995451607
v 0.0174232781 -0.255943364 0.0688834181
v 0.0283640922 -0.255943364 0.0352111905
v 0.193075479 -0.275830501 0.14708883
v 0.216437719 -0.275830501 0.0751874604
v 0.224340211 -0.275830501 0
v -0.470279993 0.28907915 0.0707788996
v -0.448287586 0.28907915 0.138464373
v -0.412703159 0.28907915 0.200098361
v -0.365081986 0.28907915 0.252987051
v -0.307505315 0.28907915 0.294818955
v -0.24248939 0.28907915 0.323765951
v -0.17287581 0.28907915 0.338562734
v -0.101707118 0.28907915 0.338562734
v -0.0320935389 0.28907915 0.32376587
v 0.032922386 0.28907915 0.294818955
v 0.0904990572 0.28907915 0.252987051
v 0.13812023 0.28907915 0.200098361
v 0.173704658 0.28907915 0.138464373
v 0.195697064 0.28907915 0.0707788996
v -0.49892314 -0.275830501 0
v -0.491020647 -0.275830501 0.0751874604
v -0.467658408 -0.275830501 0.14708883
v -0.429857608 -0.275830501 0.212561745
v -0.379270261 -0.275830501 0.268744722
v -0.318107302 -0.275830501 0.313182223
v -0.24904177 -0.275830501 0.343932102
v -0.175092264 -0.275830501 0.359650574
v -0.0994906644 -0.275830501 0.359650656
v -0.0255411589 -0.275830501 0.343932102
v 0.0435243734 -0.275830501 0.313182223
v 0.104687332 -0.275830501 0.268744722
v 0.155274679 -0.275830501 0.212561745
v 0.173543563 -0.291852335 0.138392631
v 0.195524445 -0.291852335 0.070742217
v 0.202959803 -0.291852335 -0
v 0.203136155 0.28907915 -0
v 0.148985245 -0.27689324 0.127458634
v 0.125832712 -0.261486325 0.0559287969
v 0.116229269 -0.27689324 0.184193635
v 0.108454597 -0.261486325 0.109413173
v 0.072393297 -0.27689324 0.23287844
v 0.0803362053 -0.261486325 0.15811575
v 0.0193929363 -0.27689324 0.27138546
v 0.0427064012 -0.261486325 0.199907888
v -0.0404551314 -0.27689324 0.298031519
v -0.00279018677 -0.261486325 0.232963005
v -0.104535489 -0.27689324 0.311652269
v -0.0541650723 -0.261486325 0.255836604
v -0.17004744 -0.27689324 0.311652269
v -0.477542732 -0.291852335 -0
v -0.470107374 -0.291852335 0.070742217
v -0.448126491 -0.291852335 0.138392631
v -0.412560487 -0.291852335 0.199994725
v -0.364963985 -0.291852335 0.252855984
v -0.307417098 -0.291852335 0.294666219
v -0.242434853 -0.291852335 0.32359812
v -0.172857388 -0.291852335 0.338387274
v -0.101725541 -0.291852335 0.338387356
v -0.0321480758 -0.291852335 0.32359812
v 0.0328341693 -0.291852335 0.294666219
v 0.0903810562 -0.291852335 0.252855984
v 0.137977558 -0.291852335 0.199994644
v -0.271792742 -0.261486325 0.232963005
v -0.31728933 -0.261486325 0.199907888
v -0.354919053 -0.261486325 0.15811575
v -0.383037526 -0.261486325 0.109413173
v -0.400415641 -0.261486325 0.0559287969
v -0.40629402 -0.261486325 -0
v 0.131711091 -0.261486325 -0
v -0.109173072 -0.261486325 0.267528923
v -0.234127797 -0.27689324 0.298031519
v -0.165409856 -0.261486325 0.267528923
v -0.293975865 -0.27689324 0.27138546
v -0.220417775 -0.261486325 0.255836604
v 0.176077418 -0.27689324 -0
v -0.450660347 -0.27689324 -0
v 0.169229549 -0.27689324 0.0651530786
v -0.423568173 -0.27689324 0.127458634
v -0.443812478 -0.27689324 0.0651530786
v -0.346976226 -0.27689324 0.232878521
v -0.390812198 -0.27689324 0.184193635
v 0.156145889 0.268366494 -0.213194681
v 0.105407836 0.268366494 -0.269544921
v 0.228573881 0.160302461 -0.0533424336
v 0.22775039 0.202998271 -0.0533424336
v 0.0440627629 0.268366494 -0.314114788
v -0.025208419 0.268366494 -0.34495621
v 0.341720801 0.165782525 -0.0513566254
v 0.349343792 0.197111696 -0.0513566254
v -0.0993781009 0.268366494 -0.36072151
v -0.175204828 0.268366494 -0.36072151
v 0.414059845 0.134934854 -0.0513566254
v 0.435715941 0.158714236 -0.0513566254
v -0.24937451 0.268366494 -0.34495621
v -0.318645692 0.268366494 -0.314114788
v 0.450295226 0.0701312334 -0.0513566254
v 0.481048025 0.0784904725 -0.0513566254
v -0.379990764 0.268366494 -0.269544921
v -0.430728818 0.268366494 -0.213194681
v 0.450295226 -0.0160610732 -0.0513566254
v 0.481048025 -0.0244202311 -0.0513566254
v -0.4686421 0.268366494 -0.147526829
v -0.492073891 0.268366494 -0.07541137
v 0.414059845 -0.0808646126 -0.0513566254
v 0.435715941 -0.104643913 -0.0513566254
v 0.341567092 -0.111706035 -0.0513566254
v 0.34919479 -0.143035367 -0.0513566254
v 0.217490962 0.269349457 -0.07541137
v 0.194059172 0.268366494 -0.147526829
v 0.228419846 -0.108542571 -0.0533424336
v 0.227619079 -0.149459358 -0.0533424336
v 0.256540673 0.200098077 -0.0513566254
v 0.255825039 0.167225886 -0.0513566254
v -0.458212083 0.263368497 -0.0682137992
v -0.43701671 0.263368497 -0.133446248
v 0.255889152 -0.145996915 -0.0513566254
v 0.255148441 -0.113324531 -0.0513566254
v -0.402721935 0.263368497 -0.192846578
v -0.356826627 0.263368497 -0.243818524
v -0.30133656 0.263368497 -0.284134432
v -0.23867692 0.263368497 -0.312032242
v -0.17158624 0.263368497 -0.326292827
v -0.102996688 0.263368497 -0.326292827
v -0.0359060083 0.263368497 -0.312032242
v 0.0267536308 0.263368497 -0.284134432
v 0.0822436979 0.263368497 -0.243818524
v 0.128139006 0.263368497 -0.192846578
v 0.162433782 0.263368497 -0.133446248
v 0.183629154 0.263368497 -0.0682137992
v -0.44799721 0.0827446744 -0.0660425493
v -0.427476569 0.0827446744 -0.129198701
v -0.394273424 0.0827446744 -0.186708338
v -0.349838925 0.0827446744 -0.236057811
v -0.296115058 0.0827446744 -0.275090479
v -0.23544983 0.0827446744 -0.302100441
v -0.17049461 0.0827446744 -0.315907039
v -0.104088319 0.0827446744 -0.315907039
v -0.0391330988 0.0827446744 -0.302100441
v 0.0215321295 0.0827446744 -0.275090479
v 0.0752559967 0.0827446744 -0.236057811
v 0.119690495 0.0827446744 -0.186708338
v 0.15289364 0.0827446744 -0.129198701
v 0.173414362 0.0827446744 -0.0660425493
v -0.484094057 -0.289339012 -0.0737152079
v -0.488320179 0.289060728 -0.0746134434
v -0.461189375 -0.289339012 -0.1442086
v -0.46513632 0.289060728 -0.145965954
v -0.424128718 -0.289339012 -0.208399492
v -0.427624111 0.289060728 -0.210939029
v -0.374532044 -0.289339012 -0.263482318
v -0.377422905 0.289060728 -0.266693015
v -0.314566706 -0.289339012 -0.307049664
v -0.316726918 0.289060728 -0.310791284
v -0.246853558 -0.289339012 -0.337197445
v -0.248188657 0.289060728 -0.341306459
v -0.17435204 -0.289339012 -0.352608174
v -0.174803673 0.289060728 -0.356904902
v -0.100230889 -0.289339012 -0.352608174
v -0.0997792554 0.289060728 -0.356904902
v -0.0277293704 -0.289339012 -0.337197526
v -0.0263942717 0.289060728 -0.341306459
v 0.0399837769 -0.289339012 -0.307049664
v 0.0421439896 0.289060728 -0.310791284
v 0.0999491151 -0.289339012 -0.263482318
v 0.102839976 0.289060728 -0.266693015
v 0.149545871 -0.289339012 -0.208399492
v 0.153041182 0.289060728 -0.210939029
v 0.186606446 -0.289339012 -0.1442086
v 0.190553391 0.289060728 -0.145965954
v 0.209511209 -0.289339012 -0.0737152079
v 0.21373725 0.289199829 -0.0746134434
v -0.386585021 -0.226040756 -0.0529889989
v -0.370120318 -0.226040756 -0.103662128
v -0.343479859 -0.226040756 -0.149804637
v -0.307827991 -0.226040756 -0.189400041
v -0.264722911 -0.226040756 -0.220717769
v -0.216048413 -0.226040756 -0.242388959
v -0.163931923 -0.226040756 -0.253466684
v -0.110651006 -0.226040756 -0.253466684
v -0.0585345159 -0.226040756 -0.242388959
v -0.00986001793 -0.226040756 -0.220717769
v 0.0332450626 -0.226040756 -0.189400041
v 0.0688969306 -0.226040756 -0.149804637
v 0.0955373892 -0.226040756 -0.103662128
v -0.492073891 0.22258586 -0.07541137
v -0.4686421 0.22258586 -0.147526829
v -0.430728818 0.22258586 -0.213194681
v -0.379990764 0.22258586 -0.269544921
v -0.318645692 0.22258586 -0.314114788
v -0.24937451 0.22258586 -0.34495621
v -0.175204828 0.22258586 -0.36072151
v -0.0993781009 0.22258586 -0.36072151
v -0.025208419 0.22258586 -0.34495621
v 0.0440627629 0.22258586 -0.314114788
v 0.105407836 0.22258586 -0.269544921
v 0.156145889 0.22258586 -0.213194681
v 0.194059172 0.22258586 -0.147526829
v 0.218786863 0.2256676 -0.0742115585
v 0.112002092 -0.226040756 -0.0529889989
v -0.446364999 -0.123936744 -0.0656956071
v -0.425952214 -0.123936744 -0.128519993
v -0.392923392 -0.123936744 -0.185727485
v -0.348722299 -0.123936744 -0.234817746
v -0.295280693 -0.123936744 -0.273645414
v -0.234934164 -0.123936744 -0.300513353
v -0.170320205 -0.123936744 -0.314247559
v -0.104262723 -0.123936744 -0.314247559
v -0.0396487646 -0.123936744 -0.300513353
v 0.0206977638 -0.123936744 -0.273645414
v 0.0741393702 -0.123936744 -0.234817746
v -0.492073891 0.109266239 -0.07541137
v -0.4686421 0.109266239 -0.147526829
v -0.430728818 0.109266239 -0.213194681
v -0.379990764 0.109266239 -0.269544921
v -0.318645692 0.109266239 -0.314114788
v -0.24937451 0.109266239 -0.34495621
v -0.175204828 0.109266239 -0.36072151
v -0.0993781009 0.109266239 -0.36072151
v -0.025208419 0.109266239 -0.34495621
v 0.0440627629 0.109266239 -0.314114788
v 0.105407836 0.109266239 -0.269544921
v 0.156145889 0.109266239 -0.213194681
v 0.194059172 0.109266239 -0.147526829
v 0.218915008 0.114610692 -0.0742115585
v 0.118340464 -0.123936744 -0.185727485
v 0.151369286 -0.123936744 -0.128519993
v 0.17178207 -0.123936744 -0.0656956071
v 0.175024012 0.198152928 -0.0663847034
v 0.154396976 0.198152928 -0.129868077
v 0.121021861 0.198152928 -0.187675556
v 0.0763571225 0.198152928 -0.237280833
v 0.0223548899 0.198152928 -0.276515661
v -0.0386245748 0.198152928 -0.303665455
v -0.103916268 0.198152928 -0.317543633
v -0.170666661 0.198152928 -0.317543633
v -0.235958354 0.198152928 -0.303665455
v -0.492073891 -0.0626751805 -0.07541137
v -0.4686421 -0.0626751805 -0.147526829
v -0.430728818 -0.0626751805 -0.213194681
v -0.379990764 -0.0626751805 -0.269544921
v -0.318645692 -0.0626751805 -0.314114788
v -0.24937451 -0.0626751805 -0.34495621
v -0.175204828 -0.0626751805 -0.36072151
v -0.0993781009 -0.0626751805 -0.36072151
v -0.025208419 -0.0626751805 -0.34495621
v 0.0440627629 -0.0626751805 -0.314114788
v 0.105407836 -0.0626751805 -0.269544921
v 0.156145889 -0.0626751805 -0.213194681
v 0.194059172 -0.0626751805 -0.147526829
v 0.218915008 -0.0685585097 -0.0742115585
v -0.296937819 0.198152928 -0.276515661
v -0.350940051 0.198152928 -0.237280833
v -0.395604789 0.198152928 -0.187675556
v -0.428979905 0.198152928 -0.129868077
v -0.449606941 0.198152928 -0.0663847034
v -0.248994375 -0.222382726 -0.0237431864
v -0.241616881 -0.222382726 -0.0464487112
v -0.229679957 -0.222382726 -0.0671241165
v -0.213705112 -0.222382726 -0.0848659728
v -0.194390694 -0.222382726 -0.0988987525
v -0.172580727 -0.222382726 -0.108609159
v -0.492073891 -0.179852474 -0.07541137
v -0.4686421 -0.179852474 -0.147526829
v -0.430728818 -0.179852474 -0.213194681
v -0.379990764 -0.179852474 -0.269544921
v -0.318645692 -0.179852474 -0.314114788
v -0.24937451 -0.179852474 -0.34495621
v -0.175204828 -0.179852474 -0.36072151
v -0.0993781009 -0.179852474 -0.36072151
v -0.025208419 -0.179852474 -0.34495621
v 0.0440627629 -0.179852474 -0.314114788
v 0.105407836 -0.179852474 -0.269544921
v 0.156145889 -0.179852474 -0.213194681
v 0.194059172 -0.179852474 -0.147526829
v 0.218789622 -0.179389073 -0.0742115585
v -0.149228469 -0.222382726 -0.113572828
v -0.125354459 -0.222382726 -0.113572828
v -0.102002202 -0.222382726 -0.108609159
v -0.0801922344 -0.222382726 -0.0988987525
v -0.0608778167 -0.222382726 -0.0848659728
v -0.0449029718 -0.222382726 -0.0671241165
v -0.0329660479 -0.222382726 -0.0464487112
v -0.0255885541 -0.222382726 -0.0237431864
v -0.319832843 -0.223284857 -0.0388003995
v -0.307776782 -0.223284857 -0.0759049614
v -0.288269781 -0.223284857 -0.109692187
v -0.262164222 -0.223284857 -0.13868528
v -0.492073891 -0.250799043 -0.07541137
v -0.4686421 -0.250799043 -0.147526829
v -0.430728818 -0.250799043 -0.213194681
v -0.379990764 -0.250799043 -0.269544921
v -0.318645692 -0.250799043 -0.314114788
v -0.24937451 -0.250799043 -0.34495621
v -0.175204828 -0.250799043 -0.36072151
v -0.0993781009 -0.250799043 -0.36072151
v -0.025208419 -0.250799043 -0.34495621
v 0.0440627629 -0.250799043 -0.314114788
v 0.105407836 -0.250799043 -0.269544921
v 0.156145889 -0.250799043 -0.213194681
v 0.194059172 -0.250799043 -0.147526829
v 0.217490962 -0.25089992 -0.07541137
v -0.23060116 -0.223284857 -0.161617149
v -0.194960004 -0.223284857 -0.177485598
v -0.156798547 -0.223284857 -0.185597148
v -0.117784382 -0.223284857 -0.185597148
v -0.0796229245 -0.223284857 -0.177485598
v -0.0439817691 -0.223284857 -0.161617149
v -0.012418707 -0.223284857 -0.13868528
v 0.0136868519 -0.223284857 -0.109692187
v 0.0331938531 -0.223284857 -0.0759049614
v 0.0452499141 -0.223284857 -0.0388003995
v -0.43180933 -0.211404986 -0.0626016936
v -0.412357759 -0.211404986 -0.122467453
v -0.454823167 -0.289610479 -0.0674934578
v -0.433851623 -0.289610479 -0.132037054
v -0.399919047 -0.289610479 -0.190810128
v -0.354508322 -0.289610479 -0.241243766
v -0.299604202 -0.289610479 -0.281133929
v -0.237606309 -0.289610479 -0.308737223
v -0.171224041 -0.289610479 -0.322847183
v -0.103358888 -0.289610479 -0.322847183
v -0.0369766193 -0.289610479 -0.308737223
v 0.025021273 -0.289610479 -0.281133929
v 0.0799253932 -0.289610479 -0.241243766
v 0.125336118 -0.289610479 -0.190810128
v 0.159268694 -0.289610479 -0.132037054
v 0.180240238 -0.289610479 -0.0674934578
v -0.380884536 -0.211404986 -0.176980726
v -0.338765097 -0.211404986 -0.223759093
v -0.287840303 -0.211404986 -0.260758152
v -0.230335779 -0.211404986 -0.286360787
v -0.168764768 -0.211404986 -0.299448179
v -0.105818161 -0.211404986 -0.299448179
v -0.0442471495 -0.211404986 -0.286360787
v 0.0132573739 -0.211404986 -0.260758152
v 0.0641821678 -0.211404986 -0.223759093
v 0.106301608 -0.211404986 -0.176980726
v 0.13777483 -0.211404986 -0.122467453
v 0.157226402 -0.211404986 -0.0626016936
v -0.302947021 -0.255943364 -0.0352111905
v -0.292006207 -0.255943364 -0.0688834181
v -0.274303711 -0.255943364 -0.0995451607
v -0.250613033 -0.255943364 -0.125856288
v -0.221969642 -0.255943364 -0.146666899
v -0.189625452 -0.255943364 -0.161067478
v -0.154994041 -0.255943364 -0.16842866
v -0.119588888 -0.255943364 -0.16842866
v -0.0849574762 -0.255943364 -0.161067478
v -0.0526132868 -0.255943364 -0.146666899
v -0.023969896 -0.255943364 -0.125856369
v -0.000279217509 -0.255943364 -0.0995451607
v 0.0174232781 -0.255943364 -0.0688834181
v 0.0283640922 -0.255943364 -0.0352111905
v 0.193075479 -0.275830501 -0.14708883
v 0.216437719 -0.275830501 -0.0751874604
v -0.470279993 0.28907915 -0.0707788996
v -0.448287586 0.28907915 -0.138464373
v -0.412703159 0.28907915 -0.200098361
v -0.365081986 0.28907915 -0.252987051
v -0.307505315 0.28907915 -0.294818955
v -0.24248939 0.28907915 -0.32376587
v -0.17287581 0.28907915 -0.338562734
v -0.101707118 0.28907915 -0.338562734
v -0.0320935389 0.28907915 -0.323765951
v 0.032922386 0.28907915 -0.294818955
v 0.0904990572 0.28907915 -0.252987051
v 0.13812023 0.28907915 -0.200098361
v 0.173704658 0.28907915 -0.138464373
v 0.195697064 0.28907915 -0.0707788996
v -0.491020647 -0.275830501 -0.0751874604
v -0.467658408 -0.275830501 -0.14708883
v -0.429857608 -0.275830501 -0.212561745
v -0.379270261 -0.275830501 -0.268744722
v -0.318107302 -0.275830501 -0.313182223
v -0.24904177 -0.275830501 -0.343932102
v -0.175092264 -0.275830501 -0.359650656
v -0.0994906644 -0.275830501 -0.359650656
v -0.0255411589 -0.275830501 -0.343932102
v 0.0435243734 -0.275830501 -0.313182223
v 0.104687332 -0.275830501 -0.268744722
v 0.155274679 -0.275830501 -0.212561745
v 0.173543563 -0.291852335 -0.138392631
v 0.195524445 -0.291852335 -0.070742217
v 0.148985245 -0.27689324 -0.127458634
v 0.125832712 -0.261486325 -0.0559287969
v 0.116229269 -0.27689324 -0.184193635
v 0.108454597 -0.261486325 -0.109413173
v 0.072393297 -0.27689324 -0.232878521
v 0.0803362053 -0.261486325 -0.15811575
v 0.0193929363 -0.27689324 -0.27138546
v 0.0427064012 -0.261486325 -0.199907888
v -0.0404551314 -0.27689324 -0.298031519
v -0.00279018677 -0.261486325 -0.232963005
v -0.104535489 -0.27689324 -0.311652269
v -0.0541650723 -0.261486325 -0.255836604
v -0.17004744 -0.27689324 -0.311652188
v -0.470107374 -0.291852335 -0.070742217
v -0.448126491 -0.291852335 -0.138392631
v -0.412560487 -0.291852335 -0.199994644
v -0.364963985 -0.291852335 -0.252855984
v -0.307417098 -0.291852335 -0.294666219
v -0.242434853 -0.291852335 -0.323598201
v -0.172857388 -0.291852335 -0.338387356
v -0.101725541 -0.291852335 -0.338387356
v -0.0321480758 -0.291852335 -0.323598201
v 0.0328341693 -0.291852335 -0.294666219
v 0.0903810562 -0.291852335 -0.252855984
v 0.137977558 -0.291852335 -0.199994644
v -0.271792742 -0.261486325 -0.232963005
v -0.31728933 -0.261486325 -0.199907888
v -0.354919134 -0.261486325 -0.15811575
v -0.383037526 -0.261486325 -0.109413173
v -0.400415641 -0.261486325 -0.0559287969
v -0.109173072 -0.261486325 -0.267528923
v -0.234127797 -0.27689324 -0.298031519
v -0.165409856 -0.261486325 -0.267528923
v -0.293975865 -0.27689324 -0.27138546
v -0.220417856 -0.261486325 -0.255836604
v 0.169229549 -0.27689324 -0.0651530786
v -0.423568173 -0.27689324 -0.127458634
v -0.443812478 -0.27689324 -0.0651530786
v -0.346976226 -0.27689324 -0.23287844
v -0.390812198 -0.27689324 -0.184193635
v -0.185276866 -0.222382726 0.0660462825
v -0.205329317 -0.222382726 0.0936460872
v -0.184170709 -0.222382726 0.0520646311
v -0.172321433 -0.222382726 0.0606736685
v -0.197960101 -0.222382726 0.0546262417
v -0.223312613 -0.222382726 0.0774538252
v -0.193971117 -0.222382726 0.0411801393
v -0.207991724 -0.222382726 0.0408188324
v -0.237536434 -0.222382726 0.0578764618
v -0.201294318 -0.222382726 0.0284959302
v -0.214933491 -0.222382726 0.0252274501
v -0.247378963 -0.222382726 0.0357696255
v -0.205820393 -0.222382726 0.0145662999
v -0.218481878 -0.222382726 0.00853348115
v -0.252410234 -0.222382726 0.0120994795
v -0.207351321 -0.222382726 -0
v 0.176488555 0.280988376 0.181160995
v 0.155835386 0.280988457 0.212969148
v 0.173497466 0.289060728 0.179434074
v 0.193708659 0.280988457 0.147370685
v 0.176820889 0.268366494 0.181352848
v 0.131966246 0.280988376 0.242440737
v 0.105151058 0.280988457 0.269259739
v 0.129399522 0.289060728 0.240129655
v 0.132251428 0.268366494 0.242697515
v 0.0756759795 0.280988376 0.293124659
v 0.0438709099 0.280988457 0.313782373
v 0.0736459412 0.289060728 0.290330455
v 0.0759015934 0.268366494 0.293435081
v 0.0100781655 0.280988376 0.330997526
v -0.025326988 0.280988457 0.344591251
v 0.00867335366 0.289060728 0.32784234
v 0.0102342286 0.268366494 0.33134812
v -0.06196052 0.280988376 0.354404402
v -0.099418192 0.280988457 0.360339833
v -0.062678589 0.289060728 0.351026036
v -0.0618807436 0.268366494 0.354779667
v -0.137291464 0.280988376 0.362321989
v -0.175164737 0.280988457 0.360339833
v -0.137291464 0.289060728 0.358868149
v -0.137291464 0.268366494 0.362705695
v -0.212622409 0.280988376 0.35440432
v -0.249255941 0.280988457 0.344591251
v -0.21190434 0.289060728 0.351025955
v -0.212702185 0.268366494 0.354779667
v -0.284661094 0.280988376 0.330997526
v -0.318453839 0.280988457 0.313782373
v -0.283256282 0.289060728 0.32784234
v -0.284817157 0.268366494 0.33134812
v -0.350258989 0.280988376 0.293124659
v -0.379733987 0.280988457 0.269259739
v -0.34822887 0.289060728 0.290330455
v -0.350484522 0.268366494 0.293435081
v -0.406549174 0.280988376 0.242440737
v -0.430418315 0.280988457 0.212969148
v -0.403982451 0.289060728 0.240129655
v -0.406834357 0.268366494 0.242697515
v -0.451071483 0.280988376 0.181160995
v -0.468291587 0.280988457 0.147370685
v -0.448080395 0.289060728 0.179434074
v -0.451403818 0.268366494 0.181352848
v -0.481880119 0.280988376 0.111963665
v -0.491698544 0.280988457 0.0753315125
v -0.478595407 0.289060728 0.110896381
v -0.482245159 0.268366494 0.112082234
v -0.497628619 0.280988376 0.0378729477
v -0.499616213 0.280988457 0
v -0.494193688 0.289060728 0.0375119655
v -0.498010296 0.268366494 0.0379130388
v 0.223045609 0.282440096 0.0378729477
v 0.217115615 0.281456565 0.0753315936
v 0.21961084 0.289491829 0.0375119655
v 0.225033284 0.283048847 0
v 0.223427368 0.271413905 0.0379130388
v 0.20729719 0.281035203 0.111963665
v 0.204012479 0.289074687 0.110896381
v 0.20766223 0.268464693 0.112082234
v 0.194261737 0.280537635 0.0348476112
v 0.19609059 0.280537635 -0
v 0.201268672 0.289079231 0.0355841027
v 0.188805289 0.280537635 0.0693140323
v 0.188998928 0.263368497 0.0342945325
v -0.468844666 0.280537635 0.0348476112
v -0.463388299 0.280537635 0.0693140323
v -0.475851601 0.289079231 0.0355841027
v -0.470673518 0.280537635 0
v -0.463581856 0.263368497 0.0342945325
v -0.454354166 0.280537635 0.10301994
v -0.441851097 0.280537635 0.13559867
v -0.46105498 0.289079231 0.105197114
v -0.449321353 0.263368497 0.101384645
v -0.257298428 -0.255440765 0.0126132787
v -0.308002639 -0.255943364 0.0179424741
v -0.238545123 -0.255393207 0.0215221067
v -0.240807268 -0.255393207 -0
v -0.252053553 -0.255440765 0.0372884616
v -0.300541717 -0.255943364 0.0530432112
v -0.231857862 -0.255393207 0.0421036956
v -0.241792989 -0.255440765 0.0603340303
v -0.285946039 -0.255943364 0.0858257246
v -0.221037483 -0.255393207 0.0608450702
v -0.226965286 -0.255440765 0.0807426756
v -0.26485341 -0.255943364 0.114857285
v -0.206557046 -0.255393207 0.0769272034
v -0.208218311 -0.255440765 0.0976224919
v -0.238185683 -0.255943364 0.138869017
v -0.189049325 -0.255393207 0.0896472835
v -0.18637158 -0.255440765 0.110235689
v -0.207108421 -0.255943364 0.15681141
v -0.169279622 -0.255393207 0.0984493101
v -0.162379732 -0.255440765 0.118031137
v -0.172979853 -0.255943364 0.167900496
v -0.148111843 -0.255393207 0.102948685
v -0.137291464 -0.255440765 0.12066798
v -0.137291464 -0.255943364 0.17165153
v -0.126471086 -0.255393207 0.102948685
v -0.112203197 -0.255440765 0.118031137
v -0.101603076 -0.255943364 0.167900577
v -0.105303307 -0.255393207 0.0984493101
v -0.0882113483 -0.255440765 0.110235689
v -0.0674745079 -0.255943364 0.156811491
v -0.0855336033 -0.255393207 0.0896472835
v -0.0663646172 -0.255440765 0.0976224919
v -0.036397246 -0.255943364 0.138869017
v -0.0680258823 -0.255393207 0.0769272034
v -0.0476176428 -0.255440765 0.0807426756
v -0.00972951894 -0.255943364 0.114857285
v -0.0535454456 -0.255393207 0.0608450702
v -0.0327899392 -0.255440765 0.0603340303
v 0.0113631098 -0.255943364 0.0858257246
v -0.0427250671 -0.255393207 0.0421036956
v -0.426006508 0.280537635 0.166689729
v -0.407003161 0.280537635 0.195957047
v -0.432108147 0.289079231 0.170212552
v -0.421423786 0.263368497 0.164043878
v -0.385040702 0.280537635 0.223074379
v -0.360367548 0.280537635 0.247751104
v -0.390276568 0.289079231 0.227788817
v -0.381108121 0.263368497 0.219533458
v 0.235353741 0.182617949 0.0591929758
v 0.227855893 0.181804928 0.0612450074
v 0.235516053 0.200070241 0.0515551332
v 0.255638704 0.183524463 0.0589649272
v 0.236015488 0.165207616 0.0515551332
v 0.236480837 0.211944837 0.0295964879
v 0.22836604 0.216972862 0.0306224631
v 0.237128138 0.216249842 -0
v 0.25818238 0.210780815 0.0294824636
v -0.33324697 0.280537635 0.269709668
v -0.303982491 0.280537635 0.288717235
v -0.337388284 0.289079231 0.275409666
v -0.330136582 0.263368497 0.265428522
v -0.27288908 0.280537635 0.304557279
v -0.240312134 0.280537635 0.317065136
v -0.275754782 0.289079231 0.310993768
v -0.270736739 0.263368497 0.299723055
v 0.389328015 0.168892183 0.0589649272
v 0.345372744 0.181284392 0.0589649272
v 0.396624759 0.183353954 0.0513565442
v 0.42477886 0.146704759 0.0589649272
v 0.382200726 0.154719977 0.0513565442
v 0.401179563 0.192334848 0.0294824636
v 0.352048724 0.206949355 0.0294824636
v 0.4026704 0.195256711 -0
v 0.442507325 0.166171425 0.0294824636
v -0.206604929 0.280537635 0.326094319
v -0.1721394 0.280537635 0.331555718
v -0.208069796 0.289079231 0.332985931
v -0.205504695 0.263368497 0.320918184
v -0.137291464 0.280537635 0.333379457
v -0.102443529 0.280537635 0.331555718
v -0.137291464 0.289079231 0.340425023
v -0.137291464 0.263368497 0.328087675
v 0.450243123 0.114817965 0.0589649272
v 0.464011659 0.123230605 0.0513565442
v 0.465516698 0.074268733 0.0589649272
v 0.436749139 0.106573156 0.0513565442
v 0.47256129 0.128454378 0.0294824636
v 0.475342509 0.130153624 -0
v 0.490692209 0.0811118952 0.0294824636
v -0.0679780002 0.280537635 0.326094319
v -0.0342707943 0.280537635 0.317065136
v -0.0665131329 0.289079231 0.332985931
v -0.0690782332 0.263368497 0.320918184
v -0.00169384922 0.280537635 0.304557279
v 0.0293995626 0.280537635 0.288717235
v 0.00117185328 0.289079231 0.310993687
v -0.00384618974 0.263368497 0.299723055
v 0.470607539 0.0270351613 0.0589649272
v 0.486731224 0.0270351613 0.0513565442
v 0.465516698 -0.0201985727 0.0589649272
v 0.454805556 0.0270350801 0.0513565442
v 0.496743206 0.0270351613 0.0294824636
v 0.5 0.0270351613 -0
v 0.490692209 -0.0270416538 0.0294824636
v 0.058664041 0.280537635 0.269709668
v 0.0857846191 0.280537635 0.247751104
v 0.0628053548 0.289079231 0.275409666
v 0.0555536529 0.263368497 0.265428522
v 0.110457773 0.280537635 0.223074379
v 0.132420233 0.280537635 0.195957047
v 0.115693639 0.289079231 0.227788817
v 0.106525193 0.263368497 0.219533458
v 0.450243123 -0.0607477235 0.0589649272
v 0.464011659 -0.0691603632 0.0513565442
v 0.42477886 -0.0926345172 0.0589649272
v 0.43674922 -0.0525029957 0.0513565442
v 0.472561209 -0.0743841369 0.0294824636
v 0.475342509 -0.076083383 -0
v 0.442507325 -0.112101184 0.0294824636
v 0.151423579 0.280537635 0.166689729
v 0.167268169 0.280537635 0.13559867
v 0.157525299 0.289079231 0.170212552
v 0.146840857 0.263368497 0.164043878
v 0.179771237 0.280537635 0.10301994
v 0.186471971 0.289079231 0.105197114
v 0.174738424 0.263368497 0.101384645
v 0.389325013 -0.11482186 0.0589649272
v 0.396609826 -0.129283063 0.0513565442
v 0.345342554 -0.127212934 0.0589649272
v 0.382185306 -0.100649086 0.0513565442
v 0.401133385 -0.13826274 0.0294824636
v 0.402604826 -0.141183873 -0
v 0.351586946 -0.152860285 0.0294824636
v 0.178776913 0.15269075 0.0332201071
v 0.180520308 0.15269075 0
v 0.180249815 0.198152847 0.0333749529
v 0.173575376 0.15269075 0.0660767972
v 0.178613221 0.0827446744 0.033202902
v -0.453359842 0.15269075 0.0332201071
v -0.448158305 0.15269075 0.0660767972
v -0.454832743 0.198152847 0.0333749529
v -0.455103237 0.15269075 -0
v -0.45319615 0.0827446744 0.033202902
v 0.296205628 -0.130529702 0.0589649272
v 0.297822176 -0.14684175 0.0513565442
v 0.255505852 -0.129468018 0.0589649272
v 0.294623247 -0.114548689 0.0513565442
v 0.298829486 -0.157006063 0.0294824636
v 0.299158574 -0.160327132 -0
v 0.256162729 -0.156614809 0.0294824636
v 0.223469325 -0.223192826 0.037810701
v 0.217599306 -0.221498937 0.0753117915
v 0.223864393 -0.193089925 0.0367008915
v 0.225427297 -0.223827386 0
v 0.223427368 -0.251111737 0.0379130388
v 0.207679516 -0.221106222 0.112068113
v 0.194059172 -0.221085122 0.147526829
v 0.207763919 -0.179825936 0.112116238
v 0.20766223 -0.250809106 0.112082234
v 0.237214001 0.153442986 0.0295964879
v 0.229566014 0.14551712 0.0306224631
v 0.257039702 0.157265032 0.0294824636
v 0.237905938 0.14920607 -0
v -0.439546102 0.15269075 0.09820852
v -0.427627033 0.15269075 0.129265736
v -0.440954647 0.198152847 0.0986661592
v -0.439389552 0.0827446744 0.0981576351
v 0.378090982 0.146498947 0.0294824636
v 0.339853318 0.156799358 0.0294824636
v 0.407841341 0.128106543 0.0294824636
v 0.376875669 0.144047546 -0
v -0.412522424 0.15269075 0.158904669
v -0.394406601 0.15269075 0.186805076
v -0.413805015 0.198152847 0.159645137
v -0.412379833 0.0827446744 0.158822377
v 0.428920661 0.101789979 0.0294824636
v 0.441464551 0.0677309611 0.0294824636
v 0.426585881 0.100363417 -0
v -0.373469873 0.15269075 0.212655967
v -0.349949054 0.15269075 0.236180194
v -0.374570431 0.198152847 0.213646964
v -0.37334749 0.0827446744 0.212545838
v 0.445637921 0.0270351613 0.0294824636
v 0.441464551 -0.0136606385 0.0294824636
v 0.442903773 0.0270351613 -0
v -0.32409516 0.15269075 0.257113189
v -0.29619735 0.15269075 0.27523307
v -0.324965641 0.198152847 0.258311296
v -0.323998341 0.0827446744 0.256980012
v 0.428920661 -0.0477197372 0.0294824636
v 0.407841341 -0.0740363019 0.0294824636
v 0.4265858 -0.0462931755 -0
v -0.266556146 0.15269075 0.290333377
v -0.235500715 0.15269075 0.302256991
v -0.267158567 0.198152847 0.291686249
v -0.266489192 0.0827446744 0.290182914
v 0.378043343 -0.0924267576 0.0294824636
v 0.33937677 -0.102709721 0.0294824636
v 0.376807985 -0.0899744642 -0
v -0.203367775 0.15269075 0.310864487
v -0.170511815 0.15269075 0.316070812
v -0.203675681 0.198152847 0.312313123
v -0.203333527 0.0827446744 0.310703392
v 0.293705291 -0.105253152 0.0294824636
v 0.254942466 -0.103718491 0.0294824636
v 0.293431551 -0.102469985 -0
v -0.137291464 0.15269075 0.317809419
v -0.104071114 0.15269075 0.316070812
v -0.137291464 0.198152847 0.319290355
v -0.137291464 0.0827446744 0.317644753
v 0.176820889 -0.221085203 0.181352848
v 0.156145889 -0.221085122 0.213194681
v 0.176820889 -0.179852474 0.181352848
v 0.176820889 -0.250799043 0.181352848
v 0.132251428 -0.221085203 0.242697515
v 0.105407917 -0.221085122 0.269544921
v 0.132251428 -0.179852474 0.242697515
v 0.132251428 -0.250799043 0.242697515
v -0.0712151541 0.15269075 0.310864487
v -0.039082214 0.15269075 0.302256991
v -0.0709072479 0.198152847 0.312313123
v -0.071249402 0.0827446744 0.310703392
v -0.00802670197 0.15269075 0.290333296
v 0.0216144218 0.15269075 0.27523307
v -0.00742436151 0.198152847 0.291686249
v -0.0080937369 0.0827446744 0.290182914
v 0.296299445 0.18460181 0.0589649272
v 0.298283549 0.200931144 0.0513565442
v 0.295099796 0.168618768 0.0513565442
v 0.300259862 0.211135954 0.0294824636
v 0.301188774 0.214482019 -0
v 0.0495122316 0.15269075 0.257113189
v 0.0753661255 0.15269075 0.236180194
v 0.0503827118 0.198152847 0.258311377
v 0.0494154124 0.0827446744 0.256980012
v 0.0988869443 0.15269075 0.212655967
v 0.119823672 0.15269075 0.186805076
v 0.099987502 0.198152847 0.213646964
v 0.0987645609 0.0827446744 0.212545838
v 0.235261061 -0.128703365 0.0591929758
v 0.235066692 -0.146023778 0.0515551332
v 0.227827407 -0.128816497 0.0612450074
v 0.235538615 -0.111872405 0.0515551332
v 0.235087711 -0.157768037 0.0295964879
v 0.235150851 -0.161995945 -0
v 0.227958961 -0.162745259 0.0306224631
v 0.295182818 0.159322744 0.0294824636
v 0.295528624 0.156539253 -0
v 0.137939496 0.15269075 0.158904669
v 0.153044104 0.15269075 0.129265655
v 0.139222086 0.198152847 0.159645137
v 0.137796904 0.0827446744 0.158822377
v 0.235735905 -0.101412927 0.0295964879
v 0.229088573 -0.0962249436 0.0306224631
v 0.235807972 -0.0979803497 -0
v 0.164963173 0.15269075 0.09820852
v 0.166371718 0.198152847 0.0986661592
v 0.164806623 0.0827446744 0.0981576351
v -0.41761854 -0.223162393 0.0294635542
v -0.413005222 -0.223162393 0.0586047565
v -0.436737371 -0.211404986 0.03147306
v -0.419164807 -0.223162393 0
v -0.390756281 -0.226040756 0.0266402152
v -0.405366892 -0.223162393 0.0871029591
v -0.394795582 -0.223162393 0.114648227
v -0.423650141 -0.211404986 0.0930435845
v -0.379678638 -0.226040756 0.0787563804
v -0.381399066 -0.223162393 0.140935575
v -0.365331784 -0.223162393 0.165680958
v -0.398047669 -0.211404986 0.150547621
v -0.358007529 -0.226040756 0.127430473
v -0.346762623 -0.223162393 0.188608607
v -0.325901533 -0.223162393 0.209472701
v -0.361048853 -0.211404986 0.20147209
v -0.326690045 -0.226040756 0.170535228
v -0.302971205 -0.223162393 0.228038616
v -0.278228176 -0.223162393 0.244109468
v -0.314270811 -0.211404986 0.243591205
v -0.287094965 -0.226040756 0.206186853
v -0.251938799 -0.223162393 0.25750217
v -0.224395154 -0.223162393 0.268077457
v -0.259757944 -0.211404986 0.275064265
v -0.240952781 -0.226040756 0.232827068
v -0.195895815 -0.223162393 0.275711648
v -0.166755262 -0.223162393 0.280329185
v -0.199892671 -0.211404986 0.294515675
v -0.190280057 -0.226040756 0.249291609
v -0.137291464 -0.223162393 0.281871232
v -0.107827667 -0.223162393 0.280329185
v -0.137291464 -0.211404986 0.301095323
v -0.137291464 -0.226040756 0.254860945
v -0.0786871137 -0.223162393 0.275711648
v -0.0501877749 -0.223162393 0.268077457
v -0.0746902577 -0.211404986 0.294515675
v -0.0843028713 -0.226040756 0.24929169
v -0.0226441302 -0.223162393 0.25750217
v 0.00364524728 -0.223162393 0.244109468
v -0.0148249849 -0.211404986 0.275064265
v -0.0336301482 -0.226040756 0.232827068
v 0.0283882767 -0.223162393 0.228038616
v 0.0513186038 -0.223162393 0.209472701
v 0.0396878818 -0.211404986 0.243591205
v 0.0125120365 -0.226040756 0.206186853
v 0.072179613 -0.223162393 0.188608607
v 0.0907488556 -0.223162393 0.165680958
v 0.0864659244 -0.211404986 0.20147209
v 0.0521071163 -0.226040756 0.170535228
v 0.106816137 -0.223162393 0.140935575
v 0.120212653 -0.223162393 0.114648227
v 0.12346474 -0.211404986 0.150547702
v 0.0834246001 -0.226040756 0.127430473
v 0.130783964 -0.223162393 0.0871029591
v 0.138422293 -0.223162393 0.0586047565
v 0.149067212 -0.211404986 0.0930435845
v 0.105095709 -0.226040756 0.0787563804
v 0.143035611 -0.223162393 0.0294635542
v 0.144581878 -0.223162393 0
v 0.162154442 -0.211404986 0.03147306
v 0.116173353 -0.226040756 0.0266402152
v -0.494350319 -0.283564757 0.0375284401
v -0.496319896 -0.283564757 0
v -0.496939361 -0.275830501 0.0378005565
v -0.488474213 -0.283564757 0.0746462305
v -0.48989696 -0.289339012 0.0370603318
v -0.478745221 -0.283564757 0.110944994
v -0.48122105 -0.275830501 0.111749494
v -0.46528021 -0.283564757 0.146029986
v -0.474486394 -0.289339012 0.109561282
v -0.448216818 -0.283564757 0.179512877
v -0.450471334 -0.275830501 0.180814458
v -0.427751526 -0.283564757 0.211031547
v -0.444338856 -0.289339012 0.177273862
v -0.404099478 -0.283564757 0.240235077
v -0.406034158 -0.275830501 0.241977011
v -0.377528327 -0.283564757 0.266810124
v -0.400771754 -0.289339012 0.237238713
v -0.348321469 -0.283564757 0.29045787
v -0.349851586 -0.275830501 0.292563952
v -0.31680564 -0.283564757 0.310927707
v -0.345689415 -0.289339012 0.286835144
v -0.283320396 -0.283564757 0.327986311
v -0.284379158 -0.275830501 0.330364427
v -0.248237351 -0.283564757 0.341456273
v -0.28149901 -0.289339012 0.323895476
v -0.211937127 -0.283564757 0.35118007
v -0.212478357 -0.275830501 0.353726505
v -0.174820148 -0.283564757 0.357061614
v -0.211006104 -0.289339012 0.346799995
v -0.137291464 -0.283564757 0.359025673
v -0.137291464 -0.275830501 0.361628916
v -0.0997627808 -0.283564757 0.357061614
v -0.137291464 -0.289339012 0.354547723
v -0.062645802 -0.283564757 0.35118007
v -0.062104572 -0.275830501 0.353726505
v -0.026345578 -0.283564757 0.341456273
v -0.0635768246 -0.289339012 0.346799995
v 0.00873746696 -0.283564757 0.327986229
v 0.0097963104 -0.275830501 0.330364427
v 0.042222711 -0.283564757 0.310927707
v 0.00691608096 -0.289339012 0.323895476
v 0.0737385403 -0.283564757 0.29045787
v 0.0752686571 -0.275830501 0.292563952
v 0.102945398 -0.283564757 0.266810124
v 0.0711064861 -0.289339012 0.286835144
v 0.12951663 -0.283564757 0.240235077
v 0.131451229 -0.275830501 0.241977011
v 0.153168597 -0.283564757 0.211031547
v 0.126188825 -0.289339012 0.237238794
v 0.173633889 -0.283564757 0.179512877
v 0.175888324 -0.275830501 0.180814458
v 0.190697281 -0.283564757 0.146029986
v 0.169755927 -0.289339012 0.177273862
v 0.204162293 -0.283564757 0.110944994
v 0.206638121 -0.275830501 0.111749494
v 0.213891284 -0.283564757 0.0746462305
v 0.199903465 -0.289339012 0.109561282
v 0.21976739 -0.283564757 0.0375284401
v 0.222356432 -0.275830501 0.0378005565
v 0.221736967 -0.283564757 0
v 0.215314031 -0.289339012 0.0370603318
v -0.453030267 -0.022266024 0.0331854534
v -0.447834167 -0.022266024 0.0660078957
v -0.454771876 -0.022266024 -0
v -0.451536589 -0.123936744 0.0330284976
v -0.439230973 -0.022266024 0.098106101
v -0.427324239 -0.022266024 0.129130936
v -0.437802545 -0.123936744 0.0976419694
v -0.412235457 -0.022266024 0.158739029
v -0.394138542 -0.022266024 0.186610301
v -0.410934768 -0.123936744 0.157988011
v -0.373223564 -0.022266024 0.212434248
v -0.349727255 -0.022266024 0.235933885
v -0.372107425 -0.123936744 0.211429293
v -0.323900386 -0.022266024 0.256845049
v -0.29603163 -0.022266024 0.274946102
v -0.32301757 -0.123936744 0.255630061
v -0.266421427 -0.022266024 0.290030584
v -0.235398296 -0.022266024 0.301941781
v -0.265810483 -0.123936744 0.288658559
v -0.203298873 -0.022266024 0.310540349
v -0.170477242 -0.022266024 0.315741237
v -0.202986584 -0.123936744 0.309071262
v -0.137291464 -0.022266024 0.317477977
v -0.104105686 -0.022266024 0.315741237
v -0.137291464 -0.123936744 0.315976103
v -0.0712840556 -0.022266024 0.310540349
v -0.0391846329 -0.022266024 0.301941781
v -0.0715963442 -0.123936744 0.309071262
v -0.00816150223 -0.022266024 0.290030584
v 0.021448701 -0.022266024 0.274946102
v -0.00877244524 -0.123936744 0.288658478
v 0.0493173759 -0.022266024 0.25684513
v 0.075144326 -0.022266024 0.235933885
v 0.0484346412 -0.123936744 0.255630061
v 0.0986407167 -0.022266024 0.212434248
v 0.119555614 -0.022266024 0.186610301
v 0.0975244959 -0.123936744 0.211429293
v 0.137652528 -0.022266024 0.158739029
v 0.152741311 -0.022266024 0.129130936
v 0.136351839 -0.123936744 0.157988011
v 0.164648044 -0.022266024 0.098106101
v 0.173251239 -0.022266024 0.0660078957
v 0.163219616 -0.123936744 0.0976419694
v 0.178447338 -0.022266024 0.0331854534
v 0.180188948 -0.022266024 -0
v 0.17695366 -0.123936744 0.0330284976
v -0.498010296 0.251050708 0.0379130388
v -0.5 0.251050626 -0
v -0.492073891 0.251050626 0.07541137
v -0.498010296 0.222585941 0.0379130388
v -0.482245078 0.251050708 0.112082234
v -0.4686421 0.251050626 0.147526829
v -0.482245159 0.222585941 0.112082234
v -0.451403818 0.251050708 0.181352848
v -0.430728818 0.251050626 0.213194681
v -0.451403818 0.222585941 0.181352848
v -0.406834357 0.251050708 0.242697515
v -0.379990764 0.251050626 0.269544921
v -0.406834357 0.222585941 0.242697515
v -0.350484522 0.251050708 0.293435081
v -0.318645692 0.251050626 0.314114788
v -0.350484522 0.222585941 0.293435081
v -0.284817157 0.251050708 0.33134812
v -0.24937451 0.251050626 0.34495621
v -0.284817157 0.222585941 0.33134812
v -0.212702185 0.251050708 0.354779667
v -0.175204828 0.251050626 0.36072151
v -0.212702185 0.222585941 0.354779667
v -0.137291464 0.251050708 0.362705695
v -0.0993781009 0.251050626 0.36072151
v -0.137291464 0.222585941 0.362705695
v -0.0618807436 0.251050708 0.354779667
v -0.025208419 0.251050626 0.34495621
v -0.0618807436 0.222585941 0.354779667
v 0.0102342286 0.251050708 0.33134812
v 0.0440627629 0.251050626 0.314114788
v 0.0102342286 0.222585941 0.33134812
v 0.0759015934 0.251050708 0.293435081
v 0.105407836 0.251050626 0.269544921
v 0.0759015934 0.222585941 0.293435081
v 0.132251428 0.251050708 0.242697515
v 0.156145808 0.251050626 0.213194681
v 0.132251428 0.222585941 0.242697515
v 0.176820889 0.251050708 0.181352848
v 0.194059172 0.251050626 0.147526829
v 0.176820889 0.222585941 0.181352848
v 0.207679516 0.251228277 0.112068113
v 0.217598981 0.252926793 0.0753117915
v 0.207763837 0.222871692 0.112116238
v 0.223468189 0.257231149 0.037810701
v 0.225425511 0.259501491 0
v 0.223852057 0.241279758 0.0367008915
v 0.0759015934 -0.221085203 0.293435081
v 0.0440627629 -0.221085122 0.314114788
v 0.0759015934 -0.179852474 0.293435081
v 0.0759015934 -0.250799043 0.293435081
v 0.172552485 -0.183741068 0.0325659079
v 0.167453367 -0.183741068 0.0647754594
v 0.174261469 -0.183741068 0
v 0.15901078 -0.183741068 0.0962744082
v 0.147326333 -0.183741068 0.126720032
v 0.132519243 -0.183741068 0.15577529
v 0.114760182 -0.183741068 0.18312627
v 0.0942357268 -0.183741068 0.208468069
v 0.0711781469 -0.183741068 0.231528977
v 0.0458334263 -0.183741068 0.25204978
v 0.0184850431 -0.183741068 0.269812818
v -0.010572406 -0.183741068 0.284615687
v -0.0410163258 -0.183741068 0.296304517
v -0.0725164108 -0.183741068 0.304742559
v -0.104725313 -0.183741068 0.309846303
v -0.137291464 -0.183741068 0.31155058
v -0.169857616 -0.183741068 0.309846303
v -0.202066518 -0.183741068 0.304742478
v -0.233566603 -0.183741068 0.296304517
v -0.264010523 -0.183741068 0.284615687
v -0.293067972 -0.183741068 0.269812818
v -0.320416355 -0.183741068 0.25204978
v -0.345761076 -0.183741068 0.231528977
v -0.368818656 -0.183741068 0.208468069
v -0.38934311 -0.183741068 0.18312627
v -0.407102172 -0.183741068 0.15577529
v -0.421909262 -0.183741068 0.126720032
v -0.433593709 -0.183741068 0.0962744082
v -0.442036295 -0.183741068 0.0647755405
v -0.498010296 0.176173588 0.0379130388
v -0.5 0.176173669 -0
v -0.492073891 0.176173669 0.07541137
v -0.498010296 0.109266239 0.0379130388
v -0.482245078 0.176173588 0.112082234
v -0.4686421 0.176173669 0.147526829
v -0.482245159 0.109266239 0.112082234
v -0.451403818 0.176173588 0.181352848
v -0.430728818 0.176173669 0.213194681
v -0.451403818 0.109266239 0.181352848
v -0.406834357 0.176173588 0.242697515
v -0.379990764 0.176173669 0.269544921
v -0.406834357 0.109266239 0.242697515
v -0.350484522 0.176173588 0.293435081
v -0.318645692 0.176173669 0.314114788
v -0.350484522 0.109266239 0.293435081
v -0.284817157 0.176173588 0.33134812
v -0.24937451 0.176173669 0.34495621
v -0.284817157 0.109266239 0.33134812
v -0.212702185 0.176173588 0.354779667
v -0.175204828 0.176173669 0.36072151
v -0.212702185 0.109266239 0.354779667
v -0.137291464 0.176173588 0.362705695
v -0.0993781009 0.176173669 0.36072151
v -0.137291464 0.109266239 0.362705695
v -0.0618807436 0.176173588 0.354779667
v -0.025208419 0.176173669 0.34495621
v -0.0618807436 0.109266239 0.354779667
v 0.0102342286 0.176173588 0.33134812
v 0.0440627629 0.176173669 0.314114788
v 0.0102342286 0.109266239 0.33134812
v 0.0759015934 0.176173588 0.293435081
v 0.105407836 0.176173669 0.269544921
v 0.0759015934 0.109266239 0.293435081
v 0.132251428 0.176173588 0.242697515
v 0.156145808 0.176173669 0.213194681
v 0.132251428 0.109266239 0.242697515
v 0.176820889 0.176173588 0.181352848
v 0.194059172 0.176173669 0.147526829
v 0.176820889 0.109266239 0.181352848
v 0.207683574 0.176333628 0.112767272
v 0.217555319 0.177666535 0.0830583833
v 0.207773495 0.109712192 0.112116238
v 0.0102342286 -0.221085203 0.33134812
v -0.025208419 -0.221085122 0.34495621
v 0.0102342286 -0.179852474 0.33134812
v 0.0102342286 -0.250799043 0.33134812
v -0.447135413 -0.183741068 0.0325659079
v -0.448844398 -0.183741068 0
v -0.170496476 -0.222382726 0.0745796825
v -0.184372381 -0.222382726 0.105745486
v -0.158941148 -0.222382726 0.0666309309
v -0.154264854 -0.222382726 0.0798536918
v -0.161357814 -0.222382726 0.11322337
v -0.144614746 -0.222382726 0.0696760695
v -0.137291464 -0.222382726 0.0816376649
v -0.137291464 -0.222382726 0.115752842
v -0.129968183 -0.222382726 0.0696760695
v -0.120318075 -0.222382726 0.0798536918
v -0.113225114 -0.222382726 0.11322337
v -0.11564178 -0.222382726 0.0666309309
v -0.104086452 -0.222382726 0.0745796825
v -0.0902105473 -0.222382726 0.105745486
v -0.102261495 -0.222382726 0.0606736685
v -0.0893060627 -0.222382726 0.0660462825
v -0.0692536115 -0.222382726 0.0936460872
v -0.0904122202 -0.222382726 0.0520646311
v -0.0766228275 -0.222382726 0.0546262417
v -0.0512703159 -0.222382726 0.0774538252
v -0.0806118114 -0.222382726 0.0411801393
v -0.066591205 -0.222382726 0.0408188324
v -0.0370465759 -0.222382726 0.0578764618
v -0.0732886109 -0.222382726 0.0284959302
v -0.0596494382 -0.222382726 0.0252274501
v -0.0272039659 -0.222382726 0.0357696255
v -0.0687625361 -0.222382726 0.0145662999
v -0.0561010507 -0.222382726 0.00853348115
v -0.0221726945 -0.222382726 0.0120994795
v -0.0672316077 -0.222382726 -0
v -0.288322451 -0.222472891 0.0158739678
v -0.285684797 -0.222472891 0.0315419616
v -0.322887233 -0.223284857 0.01950692
v -0.288999942 -0.222472891 -0
v -0.281721621 -0.222472891 0.0469281813
v -0.275884064 -0.222472891 0.0617054058
v -0.314775764 -0.223284857 0.0576681341
v -0.268808552 -0.222472891 0.0759314182
v -0.260026246 -0.222472891 0.0891720335
v -0.298907396 -0.223284857 0.093309046
v -0.250147603 -0.222472891 0.101616102
v -0.238804254 -0.222472891 0.112741384
v -0.275975689 -0.223284857 0.124871865
v -0.498010296 0.0230960884 0.0379130388
v -0.5 0.0230960884 -0
v -0.492073891 0.0230960884 0.07541137
v -0.498010296 -0.0626751805 0.0379130388
v -0.482245078 0.0230960884 0.112082234
v -0.4686421 0.0230960884 0.147526829
v -0.482245159 -0.0626751805 0.112082234
v -0.451403818 0.0230960884 0.181352848
v -0.430728818 0.0230960884 0.213194681
v -0.451403818 -0.0626751805 0.181352848
v -0.406834357 0.0230960884 0.242697515
v -0.379990764 0.0230960884 0.269544921
v -0.406834357 -0.0626751805 0.242697515
v -0.350484522 0.0230960884 0.293435081
v -0.318645692 0.0230960884 0.314114788
v -0.350484522 -0.0626751805 0.293435081
v -0.284817157 0.0230960884 0.33134812
v -0.24937451 0.0230960884 0.34495621
v -0.284817157 -0.0626751805 0.33134812
v -0.212702185 0.0230960884 0.354779667
v -0.175204828 0.0230960884 0.36072151
v -0.212702185 -0.0626751805 0.354779667
v -0.137291464 0.0230960884 0.362705695
v -0.0993781009 0.0230960884 0.36072151
v -0.137291464 -0.0626751805 0.362705695
v -0.0618807436 0.0230960884 0.354779667
v -0.025208419 0.0230960884 0.34495621
v -0.0618807436 -0.0626751805 0.354779667
v 0.0102342286 0.0230960884 0.33134812
v 0.0440627629 0.0230960884 0.314114788
v 0.0102342286 -0.0626751805 0.33134812
v 0.0759015934 0.0230960884 0.293435081
v 0.105407836 0.0230960884 0.269544921
v 0.0759015934 -0.0626751805 0.293435081
v 0.132251428 0.0230960884 0.242697515
v 0.156145808 0.0230960884 0.213194681
v 0.132251428 -0.0626751805 0.242697515
v 0.176820889 0.0230960884 0.181352848
v 0.194059172 0.0230960884 0.147526829
v 0.176820889 -0.0626751805 0.181352848
v 0.20770013 0.0230214248 0.112053992
v 0.217733375 0.0222981618 0.075212213
v 0.207773495 -0.0631716123 0.112116238
v 0.223561032 0.0203936719 0.037708282
v 0.224115977 0.0905298965 0.0367008915
v 0.225490599 0.0192208854 -0
v 0.224115815 -0.0485042731 0.0367008915
v -0.0618807436 -0.221085203 0.354779667
v -0.0993781009 -0.221085122 0.36072151
v -0.0618807436 -0.179852474 0.354779667
v -0.0618807436 -0.250799043 0.354779667
v -0.22655423 -0.222472891 0.122859681
v -0.213145703 -0.222472891 0.131383423
v -0.246982759 -0.223284857 0.15097718
v -0.199059685 -0.222472891 0.138733649
v -0.184171926 -0.222472891 0.144283345
v -0.213195858 -0.223284857 0.170484019
v -0.168865564 -0.222472891 0.148544283
v -0.153149282 -0.222472891 0.150877439
v -0.176091539 -0.223284857 0.182539999
v -0.137291464 -0.222472891 0.151862836
v -0.121433647 -0.222472891 0.150877439
v -0.137291464 -0.223284857 0.186618011
v -0.105717365 -0.222472891 0.148544283
v -0.0904110028 -0.222472891 0.144283345
v -0.0984913895 -0.223284857 0.182539999
v -0.0755232437 -0.222472891 0.138733649
v -0.0614372256 -0.222472891 0.131383423
v -0.0613870711 -0.223284857 0.170484019
v -0.0480286984 -0.222472891 0.122859681
v -0.0357786744 -0.222472891 0.112741384
v -0.0276001699 -0.223284857 0.15097718
v -0.0244354073 -0.222472891 0.101616102
v -0.014556764 -0.222472891 0.0891720335
v 0.00139276015 -0.223284857 0.124871865
v -0.00577437716 -0.222472891 0.0759314182
v 0.00130113493 -0.222472891 0.0617054058
v 0.0243244669 -0.223284857 0.093309046
v 0.0071386921 -0.222472891 0.0469281813
v 0.0111018683 -0.222472891 0.0315419616
v 0.040192835 -0.223284857 0.0576681341
v 0.0137395222 -0.222472891 0.0158739678
v 0.0144170132 -0.222472891 -0
v 0.0483043045 -0.223284857 0.01950692
v -0.358015563 -0.225148363 0.0231990349
v -0.359233067 -0.225148363 -0
v -0.354383098 -0.225148363 0.0461442136
v -0.348368864 -0.225148363 0.0685832217
v -0.340045171 -0.225148363 0.0902717796
v -0.329497072 -0.225148363 0.11096999
v -0.316845974 -0.225148363 0.130453943
v -0.498010296 -0.129090885 0.0379130388
v -0.5 -0.129090885 -0
v -0.492073891 -0.129090885 0.07541137
v -0.498010296 -0.179852474 0.0379130388
v -0.482245078 -0.129090885 0.112082234
v -0.4686421 -0.129090885 0.147526829
v -0.482245159 -0.179852474 0.112082234
v -0.451403818 -0.129090885 0.181352848
v -0.430728818 -0.129090885 0.213194681
v -0.451403818 -0.179852474 0.181352848
v -0.406834357 -0.129090885 0.242697515
v -0.379990764 -0.129090885 0.269544921
v -0.406834357 -0.179852474 0.242697515
v -0.350484522 -0.129090885 0.293435081
v -0.318645692 -0.129090885 0.314114788
v -0.350484522 -0.179852474 0.293435081
v -0.284817157 -0.129090885 0.33134812
v -0.24937451 -0.129090885 0.34495621
v -0.284817157 -0.179852474 0.33134812
v -0.212702185 -0.129090885 0.354779667
v -0.175204828 -0.129090885 0.36072151
v -0.212702185 -0.179852474 0.354779667
v -0.137291464 -0.129090885 0.362705695
v -0.0993781009 -0.129090885 0.36072151
v -0.137291464 -0.179852474 0.362705695
v -0.0618807436 -0.129090885 0.354779667
v -0.025208419 -0.129090885 0.34495621
v 0.0102342286 -0.129090885 0.33134812
v 0.0440627629 -0.129090885 0.314114788
v 0.0759015934 -0.129090885 0.293435081
v 0.105407836 -0.129090885 0.269544921
v 0.132251428 -0.129090885 0.242697515
v 0.156145808 -0.129090885 0.213194681
v 0.176820889 -0.129090885 0.181352848
v 0.194059172 -0.129090885 0.147526829
v 0.207683574 -0.129135602 0.112767272
v 0.217555644 -0.129425492 0.0830583833
v -0.137291464 -0.221085203 0.362705695
v -0.175204828 -0.221085122 0.36072151
v -0.137291464 -0.250799043 0.362705695
v -0.302224975 -0.225148363 0.148506789
v -0.285799389 -0.225148363 0.164934728
v -0.267744433 -0.225148363 0.17955313
v -0.248262266 -0.225148363 0.192207068
v -0.227562595 -0.225148363 0.202752165
v -0.205875173 -0.225148363 0.211079023
v -0.183435353 -0.225148363 0.217090011
v -0.160490662 -0.225148363 0.220725803
v -0.137291464 -0.225148363 0.221939898
v -0.114092267 -0.225148363 0.220725803
v -0.0911475754 -0.225148363 0.217090011
v -0.0687077557 -0.225148363 0.211079023
v -0.0470203341 -0.225148363 0.202752165
v -0.0263206631 -0.225148363 0.192207068
v -0.00683849574 -0.225148363 0.17955313
v 0.0112164607 -0.225148363 0.164934728
v 0.0276420465 -0.225148363 0.148506789
v 0.0422630455 -0.225148363 0.130453943
v 0.0549141429 -0.225148363 0.11096999
v 0.0654622427 -0.225148363 0.0902717796
v 0.0737859354 -0.225148363 0.0685832217
v 0.0798001694 -0.225148363 0.0461442136
v 0.0834326346 -0.225148363 0.0231990349
v 0.0846501381 -0.225148363 -0
v -0.458587592 0.235152312 0.0337696149
v -0.460359797 0.235152393 0
v -0.45330003 0.235152312 0.067169645
v -0.444545398 0.235152312 0.099832859
v -0.432429119 0.235152312 0.131403712
v -0.417074794 0.235152312 0.16153299
v -0.398659261 0.235152312 0.18989485
v -0.498010296 -0.221085203 0.0379130388
v -0.5 -0.221085122 -0
v -0.492073891 -0.221085122 0.07541137
v -0.498010296 -0.250799043 0.0379130388
v -0.482245078 -0.221085203 0.112082234
v -0.4686421 -0.221085122 0.147526829
v -0.482245159 -0.250799043 0.112082234
v -0.451403818 -0.221085203 0.181352848
v -0.430728818 -0.221085122 0.213194681
v -0.451403818 -0.250799043 0.181352848
v -0.406834357 -0.221085203 0.242697515
v -0.379990764 -0.221085122 0.269544921
v -0.406834357 -0.250799043 0.242697515
v -0.350484522 -0.221085203 0.293435081
v -0.318645692 -0.221085122 0.314114788
v -0.350484522 -0.250799043 0.293435081
v -0.284817157 -0.221085203 0.33134812
v -0.24937451 -0.221085122 0.34495621
v -0.284817157 -0.250799043 0.33134812
v -0.212702185 -0.221085203 0.354779667
v -0.212702185 -0.250799043 0.354779667
v -0.37737624 0.235152312 0.216173271
v -0.35346644 0.235152312 0.240086561
v -0.327184854 0.235152312 0.261365768
v -0.298825671 0.235152312 0.27978544
v 0.225939311 0.128929385 0.0332838958
v 0.226864247 0.12282312 0
v 0.22417027 0.148174333 0.0587735611
v 0.223279014 0.180245351 0.0674187942
v 0.223598363 0.210519249 0.0587735611
v 0.225103565 0.227167365 0.0332838958
v 0.225984352 0.232102385 0
v -0.268694203 0.235152312 0.295135383
v -0.237125054 0.235152312 0.307256287
v -0.204460622 0.235152312 0.316006131
v -0.171061323 0.235152312 0.321298562
v -0.137291464 0.235152312 0.323065898
v -0.103521606 0.235152312 0.321298562
v 0.225096018 -0.173420124 0.0332838958
v 0.22597364 -0.177225452 0
v 0.223595929 -0.158639491 0.0587735611
v 0.223277229 -0.129487171 0.0674187942
v 0.224154688 -0.0993570003 0.0587735611
v 0.225890942 -0.0835193904 0.0332838958
v 0.226795751 -0.0794078609 0
v -0.0701223063 0.235152312 0.316006131
v -0.0374578749 0.235152312 0.307256287
v 0.17816175 -0.291628182 0.10249697
v 0.165722145 -0.291628182 0.134910304
v 0.186304302 -0.291852335 0.105142658
v 0.187149948 -0.291628182 0.0689621395
v 0.171443406 -0.289610479 0.100314033
v 0.192578641 -0.291628182 0.0346707721
v 0.201093294 -0.291852335 0.0355656802
v 0.194398242 -0.291628182 -0
v 0.185553284 -0.289610479 0.0339323329
v -0.00588872608 0.235152312 0.295135383
v 0.0242427427 0.235152312 0.27978544
v 0.0526019249 0.235152312 0.261365849
v 0.0788834302 0.235152312 0.240086561
v 0.102793311 0.235152312 0.216173271
v 0.124076332 0.235152312 0.189894769
v 0.142491865 0.235152312 0.16153299
v 0.157846191 0.235152312 0.131403712
v 0.169962469 0.235152312 0.099832859
v 0.178717101 0.235152312 0.0671697262
v 0.184004663 0.235152312 0.0337696149
v 0.185776869 0.235152393 -0
v -0.485642352 0.291791143 0.0366131618
v -0.487563804 0.291791224 -0
v -0.479909568 0.291791143 0.0728257372
v -0.470417714 0.291791143 0.108239331
v -0.457281222 0.291791143 0.142468614
v -0.440633999 0.291791143 0.175134831
v -0.420667817 0.291791143 0.205884952
v -0.397592626 0.291791143 0.234376257
v -0.371669425 0.291791143 0.26030311
v -0.343174794 0.291791143 0.283374162
v -0.312427675 0.291791143 0.303344807
v -0.279759023 0.291791143 0.319987323
v -0.245531607 0.291791143 0.333128847
v -0.210116633 0.291791143 0.342615506
v -0.17390487 0.291791143 0.348353566
v -0.137291464 0.291791143 0.350269743
v -0.100678059 0.291791143 0.348353566
v -0.0644662953 0.291791143 0.342615506
v -0.0290513219 0.291791143 0.333128847
v -0.46716157 -0.291628182 0.0346707721
v -0.468981171 -0.291628182 -0
v -0.475676223 -0.291852335 0.0355656802
v -0.461732877 -0.291628182 0.0689621395
v -0.460136212 -0.289610479 0.0339323329
v -0.452744678 -0.291628182 0.10249697
v -0.46088715 -0.291852335 0.105142658
v -0.440305074 -0.291628182 0.134910304
v -0.446026334 -0.289610479 0.100314033
v -0.424540991 -0.291628182 0.165843595
v -0.431955492 -0.291852335 0.170124335
v -0.405634058 -0.291628182 0.194962317
v -0.418423283 -0.289610479 0.16231152
v -0.383783107 -0.291628182 0.221942008
v -0.390145501 -0.291852335 0.227670816
v -0.359235177 -0.291628182 0.246493428
v -0.378533445 -0.289610479 0.217215234
v -0.33225224 -0.291628182 0.268340565
v -0.337284647 -0.291852335 0.275266993
v -0.303136358 -0.291628182 0.287251718
v -0.328100132 -0.289610479 0.262625554
v -0.272200795 -0.291628182 0.303011256
v -0.27568304 -0.291852335 0.310832674
v -0.239789165 -0.291628182 0.315455568
v -0.269327545 -0.289610479 0.296557968
v -0.206253117 -0.291628182 0.324438978
v -0.208033113 -0.291852335 0.332813393
v -0.17196248 -0.291628182 0.329872621
v -0.204784435 -0.289610479 0.317529268
v -0.137291464 -0.291628182 0.33168719
v -0.137291464 -0.291852335 0.34024867
v -0.102620449 -0.291628182 0.329872621
v -0.137291464 -0.289610479 0.32462304
v -0.0683298118 -0.291628182 0.324438978
v -0.0665498154 -0.291852335 0.332813393
v -0.0347937641 -0.291628182 0.315455649
v -0.0697984935 -0.289610479 0.317529268
v -0.00238213397 -0.291628182 0.303011256
v 0.00110011131 -0.291852335 0.310832674
v 0.0285534293 -0.291628182 0.287251637
v -0.005255384 -0.289610479 0.296557968
v 0.0576693109 -0.291628182 0.268340565
v 0.0627017185 -0.291852335 0.275266993
v 0.0846522482 -0.291628182 0.246493509
v 0.0535172033 -0.289610479 0.262625635
v 0.109200097 -0.291628182 0.221942008
v 0.115562572 -0.291852335 0.227670816
v 0.13105113 -0.291628182 0.194962317
v 0.103950516 -0.289610479 0.217215234
v 0.149958063 -0.291628182 0.165843595
v 0.157372564 -0.291852335 0.170124335
v 0.143840355 -0.289610479 0.16231152
v 0.167368315 -0.284393117 0.0989899719
v 0.155354374 -0.284393117 0.130294308
v 0.176049013 -0.284393117 0.0666026075
v 0.160737782 -0.27689324 0.0968356025
v 0.18129194 -0.284393117 0.0334844324
v 0.183049213 -0.284393117 -0
v 0.17435837 -0.27689324 0.032755732
v 0.0051760945 0.291791143 0.319987323
v 0.037844746 0.291791143 0.303344807
v 0.0685918648 0.291791143 0.283374162
v 0.0970864966 0.291791143 0.26030311
v 0.123009698 0.291791143 0.234376175
v 0.146084888 0.291791143 0.205884952
v 0.166051071 0.291791143 0.175134831
v 0.182698294 0.291791143 0.142468614
v 0.195834867 0.291792523 0.108239331
v 0.205326639 0.291805102 0.0728257372
v 0.211059424 0.291834318 0.0366131618
v 0.212980875 0.291852335 -0
v 0.120365876 -0.268537571 0.148758535
v 0.134505944 -0.268537571 0.121012
v 0.0956698359 -0.261486325 0.134500223
v 0.10340677 -0.268537571 0.174877485
v 0.134091886 -0.27689324 0.156683264
v 0.0838068453 -0.268537571 0.199077742
v 0.0626148815 -0.261486325 0.179996486
v 0.0617878199 -0.268537571 0.221099933
v 0.0955852713 -0.27689324 0.209683138
v 0.0375846407 -0.268537571 0.240696368
v 0.0208230688 -0.261486325 0.217625965
v 0.0114682069 -0.268537571 0.257659288
v 0.0469007912 -0.27689324 0.253518867
v -0.0162803569 -0.268537571 0.27179538
v -0.0278791034 -0.261486325 0.245744195
v -0.0453529011 -0.268537571 0.282957669
v -0.00983380451 -0.27689324 0.286274599
v -0.0754342155 -0.268537571 0.291015656
v -0.0813631544 -0.261486325 0.263122229
v -0.106192209 -0.268537571 0.295889485
v -0.0721388727 -0.27689324 0.306518741
v -0.137291464 -0.268537571 0.29751707
v -0.137291464 -0.261486325 0.269000526
v -0.168390719 -0.268537571 0.295889485
v -0.137291464 -0.27689324 0.313366529
v -0.199148713 -0.268537571 0.291015656
v -0.193219774 -0.261486325 0.263122229
v -0.229230028 -0.268537571 0.282957669
v -0.202444056 -0.27689324 0.306518741
v -0.258302572 -0.268537571 0.27179538
v -0.246703825 -0.261486325 0.245744195
v -0.286051136 -0.268537571 0.257659288
v -0.264749124 -0.27689324 0.286274599
v -0.312167651 -0.268537571 0.240696368
v -0.295405998 -0.261486325 0.217625965
v -0.336370749 -0.268537571 0.221099933
v -0.32148372 -0.27689324 0.253518867
v -0.455874869 -0.284393117 0.0334844324
v -0.457632141 -0.284393117 -0
v -0.450631942 -0.284393117 0.0666026075
v -0.448941299 -0.27689324 0.032755732
v -0.441951325 -0.284393117 0.0989899719
v -0.429937303 -0.284393117 0.130294308
v -0.435320711 -0.27689324 0.0968356025
v -0.414712584 -0.284393117 0.160169162
v -0.396452546 -0.284393117 0.188291531
v -0.408674814 -0.27689324 0.156683264
v -0.375349204 -0.284393117 0.214348152
v -0.35164124 -0.284393117 0.238059526
v -0.3701682 -0.27689324 0.209683138
v -0.325581534 -0.284393117 0.259159134
v -0.297461762 -0.284393117 0.277423148
v -0.267584799 -0.284393117 0.292643566
v -0.236282167 -0.284393117 0.304662133
v -0.203893504 -0.284393117 0.313338124
v -0.170776221 -0.284393117 0.318585839
v -0.137291464 -0.284393117 0.320338242
v -0.103806707 -0.284393117 0.318585839
v -0.070689425 -0.284393117 0.313338124
v -0.038300762 -0.284393117 0.304662133
v -0.00699812976 -0.284393117 0.292643566
v 0.0228788336 -0.284393117 0.277423148
v 0.0509986053 -0.284393117 0.259159134
v 0.0770583111 -0.284393117 0.238059526
v 0.100766276 -0.284393117 0.214348152
v 0.121869617 -0.284393117 0.188291531
v 0.140129655 -0.284393117 0.160169162
v -0.0225293755 -0.255440765 0.0372884616
v 0.0259587881 -0.255943364 0.0530432112
v -0.0360378058 -0.255393207 0.0215221067
v -0.0172845012 -0.255440765 0.0126132787
v 0.0334197105 -0.255943364 0.0179424741
v -0.033775661 -0.255393207 -0
v -0.358389774 -0.268537571 0.199077823
v -0.33719781 -0.261486325 0.179996486
v -0.377989699 -0.268537571 0.174877485
v -0.394948805 -0.268537571 0.148758535
v -0.370252765 -0.261486325 0.134500223
v -0.409088873 -0.268537571 0.121012
v -0.420247023 -0.268537571 0.0919378328
v -0.39312612 -0.261486325 0.0831257428
v -0.428309231 -0.268537571 0.0618577358
v -0.433178677 -0.268537571 0.0310990116
v -0.404818358 -0.261486325 0.0281182298
v -0.434810807 -0.268537571 0
v 0.158595829 -0.268537571 0.0310990116
v 0.160227878 -0.268537571 0
v 0.13023543 -0.261486325 0.0281182298
v 0.153726302 -0.268537571 0.0618577358
v 0.145664094 -0.268537571 0.0919378328
v 0.118543191 -0.261486325 0.0831257428
v 0.164199738 -0.291600994 0.174066086
v 0.144355452 -0.291600994 0.204628413
v 0.180745435 -0.291600994 0.141599189
v 0.121421149 -0.291600994 0.2329458
v 0.0956561206 -0.291600994 0.258714561
v 0.0673354063 -0.291600994 0.281644807
v 0.0367759203 -0.291600994 0.301493556
v 0.00430658821 -0.291600994 0.318034465
v -0.0297119324 -0.291600994 0.331095806
v -0.064910706 -0.291600994 0.34052452
v -0.100901482 -0.291600994 0.346227601
v -0.137291464 -0.291600994 0.348132091
v -0.173681447 -0.291600994 0.34622752
v -0.209672223 -0.291600994 0.340524601
v -0.244870996 -0.291600994 0.331095806
v -0.278889517 -0.291600994 0.318034465
v -0.311358849 -0.291600994 0.301493556
v -0.341918335 -0.291600994 0.281644725
v -0.370239049 -0.291600994 0.258714561
v -0.361607694 -0.257573628 0.023576573
v -0.362615328 -0.257573628 -0
v -0.357691507 -0.257573628 0.046847431
v -0.351803958 -0.257573628 0.0696993613
v -0.343135027 -0.257573628 0.0916474563
v -0.332625071 -0.257573628 0.112775875
v -0.319582314 -0.257573628 0.132442023
v -0.304909132 -0.257573628 0.150923617
v -0.288062589 -0.257573628 0.167448294
v -0.269867476 -0.257573628 0.182475236
v -0.249953396 -0.257573628 0.195136235
v -0.229031682 -0.257573628 0.206051809
v -0.206920382 -0.257573628 0.214295725
v -0.184186291 -0.257573628 0.220622978
v -0.160844259 -0.257573628 0.224089479
v -0.137291464 -0.257573628 0.225551831
v -0.11373867 -0.257573628 0.224089479
v -0.0903966382 -0.257573628 0.220622978
v -0.0676625465 -0.257573628 0.214295725
v -0.0455512466 -0.257573628 0.206051809
v -0.0246295326 -0.257573628 0.195136235
v -0.00471545256 -0.257573628 0.182475236
v 0.0134796605 -0.257573628 0.167448294
v 0.0303262028 -0.257573628 0.150923617
v 0.0449993852 -0.257573628 0.132442023
v 0.0580421419 -0.257573628 0.112775875
v 0.0685520984 -0.257573628 0.0916474563
v 0.077221029 -0.257573628 0.0696993613
v 0.0831085783 -0.257573628 0.046847431
v 0.087024684 -0.257573628 0.023576573
v 0.0880323991 -0.257573628 -0
v -0.396004077 -0.291600994 0.2329458
v -0.418938381 -0.291600994 0.204628494
v -0.438782667 -0.291600994 0.174066086
v -0.455328364 -0.291600994 0.141599189
v -0.468384755 -0.291600994 0.10757872
v -0.477818662 -0.291600994 0.0723813265
v -0.483516469 -0.291600994 0.0363897391
v -0.485426234 -0.291600994 -0
v 0.20893354 -0.291600994 0.0363897391
v 0.203235734 -0.291600994 0.0723812453
v 0.210843305 -0.291600994 -0
v 0.193801907 -0.291600994 0.10757872
v 0.176727641 -0.267004695 0.181299041
v 0.156058728 -0.267004695 0.213131379
v 0.193960811 -0.267004695 0.147483005
v 0.132171408 -0.267004695 0.242625448
v 0.105335769 -0.267004695 0.269464901
v 0.0758382916 -0.267004695 0.293348001
v 0.0440089564 -0.267004695 0.314021458
v 0.0101904043 -0.267004695 0.331249759
v -0.025241693 -0.267004695 0.344853791
v 0.207559811 -0.26700575 0.11204896
v 0.217385622 -0.26701484 0.075388971
v 0.223320242 -0.267036022 0.0379018393
v 0.225309377 -0.267049088 0
v -0.0619030615 -0.267004695 0.354674408
v -0.0993893816 -0.267004695 0.360614465
v -0.137291464 -0.267004695 0.362598001
v -0.175193547 -0.267004695 0.360614384
v -0.212679867 -0.267004695 0.354674408
v -0.249341236 -0.267004695 0.344853791
v -0.284773333 -0.267004695 0.331249759
v -0.318591885 -0.267004695 0.31402154
v -0.35042122 -0.267004695 0.293348001
v -0.379918698 -0.267004695 0.269464901
v -0.406754337 -0.267004695 0.242625448
v -0.430641575 -0.267004695 0.213131379
v -0.451310569 -0.267004695 0.18129896
v -0.468543739 -0.267004695 0.147483005
v -0.48214274 -0.267004695 0.11204896
v -0.49196855 -0.267004695 0.075388971
v -0.49790317 -0.267004695 0.0379018393
v -0.499892306 -0.267004695 0
v -0.185276866 -0.222382726 -0.0660462825
v -0.172321433 -0.222382726 -0.0606736685
v -0.184170709 -0.222382726 -0.0520646311
v -0.205329317 -0.222382726 -0.0936460872
v -0.197960101 -0.222382726 -0.0546262417
v -0.193971117 -0.222382726 -0.0411801393
v -0.223312613 -0.222382726 -0.0774538252
v -0.207991724 -0.222382726 -0.0408188324
v -0.201294318 -0.222382726 -0.0284959302
v -0.237536434 -0.222382726 -0.0578764618
v -0.214933491 -0.222382726 -0.0252274501
v -0.205820393 -0.222382726 -0.0145662999
v -0.247378963 -0.222382726 -0.0357696255
v -0.218481878 -0.222382726 -0.00853348115
v -0.252410234 -0.222382726 -0.0120994795
v 0.176488555 0.280988376 -0.181160995
v 0.176820889 0.268366494 -0.181352848
v 0.193708659 0.280988376 -0.147370685
v 0.173497466 0.289060728 -0.179434074
v 0.155835386 0.280988376 -0.212969148
v 0.131966246 0.280988376 -0.242440737
v 0.132251428 0.268366494 -0.242697515
v 0.129399522 0.289060728 -0.240129655
v 0.105151058 0.280988376 -0.269259739
v 0.0756759795 0.280988376 -0.293124659
v 0.0759015934 0.268366494 -0.293435081
v 0.0736459412 0.289060728 -0.290330455
v 0.0438709099 0.280988376 -0.313782373
v 0.0100781655 0.280988376 -0.330997607
v 0.0102342286 0.268366494 -0.33134812
v 0.00867335366 0.289060728 -0.32784234
v -0.025326988 0.280988376 -0.344591251
v -0.06196052 0.280988376 -0.35440432
v -0.0618807436 0.268366494 -0.354779667
v -0.062678589 0.289060728 -0.351025955
v -0.099418192 0.280988376 -0.360339833
v -0.137291464 0.280988376 -0.362321989
v -0.137291464 0.268366494 -0.362705695
v -0.137291464 0.289060728 -0.358868149
v -0.175164737 0.280988376 -0.360339833
v -0.212622409 0.280988376 -0.35440432
v -0.212702185 0.268366494 -0.354779667
v -0.21190434 0.289060728 -0.351025955
v -0.249255941 0.280988376 -0.344591251
v -0.284661094 0.280988376 -0.330997526
v -0.284817157 0.268366494 -0.33134812
v -0.283256282 0.289060728 -0.32784234
v -0.318453839 0.280988376 -0.313782373
v -0.350258989 0.280988376 -0.293124659
v -0.350484522 0.268366494 -0.293435081
v -0.34822887 0.289060728 -0.290330455
v -0.379733987 0.280988376 -0.269259739
v -0.406549174 0.280988376 -0.242440737
v -0.406834357 0.268366494 -0.242697515
v -0.403982451 0.289060728 -0.240129655
v -0.430418315 0.280988376 -0.212969148
v -0.451071483 0.280988376 -0.181160995
v -0.451403818 0.268366494 -0.181352848
v -0.448080395 0.289060728 -0.179434074
v -0.468291587 0.280988376 -0.147370685
v -0.481880119 0.280988376 -0.111963665
v -0.482245159 0.268366494 -0.112082234
v -0.478595407 0.289060728 -0.110896381
v -0.491698544 0.280988376 -0.0753315936
v -0.497628619 0.280988376 -0.0378729477
v -0.498010296 0.268366494 -0.0379130388
v -0.494193769 0.289060728 -0.0375119655
v 0.223045609 0.282440096 -0.0378729477
v 0.223427368 0.271413905 -0.0379130388
v 0.219610759 0.28949191 -0.0375119655
v 0.217115615 0.281456646 -0.0753315936
v 0.20729719 0.281035203 -0.111963665
v 0.20766223 0.268464693 -0.112082234
v 0.204012479 0.289074687 -0.110896381
v 0.194261737 0.280537635 -0.0348476112
v 0.188998928 0.263368416 -0.0342945325
v 0.188805289 0.280537635 -0.0693140323
v 0.201268672 0.289079231 -0.0355841027
v -0.468844666 0.280537635 -0.0348476112
v -0.463581856 0.263368416 -0.0342945325
v -0.475851601 0.289079231 -0.0355841027
v -0.463388299 0.280537635 -0.0693140323
v -0.454354166 0.280537635 -0.10301994
v -0.449321353 0.263368416 -0.101384645
v -0.46105498 0.289079231 -0.105197114
v -0.441851097 0.280537635 -0.13559867
v -0.257298428 -0.255440765 -0.0126132787
v -0.238545123 -0.255393207 -0.0215221067
v -0.308002639 -0.255943364 -0.0179424741
v -0.252053553 -0.255440765 -0.0372884616
v -0.231857862 -0.255393207 -0.0421036956
v -0.300541717 -0.255943364 -0.0530432112
v -0.241792989 -0.255440765 -0.0603340303
v -0.221037483 -0.255393207 -0.0608450702
v -0.285946039 -0.255943364 -0.0858257246
v -0.226965286 -0.255440765 -0.0807426756
v -0.206557046 -0.255393207 -0.0769272034
v -0.26485341 -0.255943364 -0.114857285
v -0.208218311 -0.255440765 -0.0976224919
v -0.189049325 -0.255393207 -0.0896472835
v -0.238185683 -0.255943364 -0.138869017
v -0.18637158 -0.255440765 -0.110235689
v -0.169279622 -0.255393207 -0.0984493101
v -0.207108421 -0.255943364 -0.156811491
v -0.162379732 -0.255440765 -0.118031137
v -0.148111843 -0.255393207 -0.102948685
v -0.172979853 -0.255943364 -0.167900496
v -0.137291464 -0.255440765 -0.12066798
v -0.126471086 -0.255393207 -0.102948685
v -0.137291464 -0.255943364 -0.17165153
v -0.112203197 -0.255440765 -0.118031137
v -0.105303307 -0.255393207 -0.0984493101
v -0.101603076 -0.255943364 -0.167900496
v -0.0882113483 -0.255440765 -0.110235689
v -0.0855336033 -0.255393207 -0.0896472835
v -0.0674745079 -0.255943364 -0.156811491
v -0.0663646172 -0.255440765 -0.0976224919
v -0.0680258823 -0.255393207 -0.0769272034
v -0.036397246 -0.255943364 -0.138869017
v -0.0476176428 -0.255440765 -0.0807426756
v -0.0535454456 -0.255393207 -0.0608450702
v -0.00972951894 -0.255943364 -0.114857285
v -0.0327899392 -0.255440765 -0.0603340303
v -0.0427250671 -0.255393207 -0.0421036956
v 0.0113631098 -0.255943364 -0.0858257246
v -0.426006508 0.280537635 -0.166689729
v -0.421423786 0.263368416 -0.164043878
v -0.432108147 0.289079231 -0.170212552
v -0.407003161 0.280537635 -0.195957047
v -0.385040702 0.280537635 -0.22307446
v -0.381108121 0.263368416 -0.219533458
v -0.390276568 0.289079231 -0.227788817
v -0.360367548 0.280537635 -0.247751104
v 0.235353741 0.182617949 -0.0591929758
v 0.236015488 0.165207616 -0.0515551332
v 0.255638704 0.183524463 -0.0589650083
v 0.235516053 0.200070241 -0.0515551332
v 0.227855893 0.181804846 -0.0612450074
v 0.236480837 0.211944837 -0.0295964879
v 0.25818238 0.210780815 -0.0294824636
v 0.22836604 0.216972781 -0.0306224631
v -0.33324697 0.280537635 -0.269709668
v -0.330136582 0.263368416 -0.265428522
v -0.337388284 0.289079231 -0.275409666
v -0.303982491 0.280537635 -0.288717235
v -0.27288908 0.280537635 -0.304557279
v -0.270736739 0.263368416 -0.299723055
v -0.275754782 0.289079231 -0.310993768
v -0.240312134 0.280537635 -0.317065136
v 0.389327934 0.168892264 -0.0589650083
v 0.382200726 0.154719977 -0.0513566254
v 0.42477886 0.146704759 -0.0589650083
v 0.396624759 0.183353954 -0.0513566254
v 0.345372744 0.181284392 -0.0589650083
v 0.401179563 0.192334848 -0.0294824636
v 0.442507325 0.166171425 -0.0294824636
v 0.352048806 0.206949355 -0.0294824636
v -0.206604929 0.280537635 -0.326094319
v -0.205504695 0.263368416 -0.320918184
v -0.208069796 0.289079231 -0.332985931
v -0.1721394 0.280537635 -0.331555718
v -0.137291464 0.280537635 -0.333379457
v -0.137291464 0.263368416 -0.328087675
v -0.137291464 0.289079231 -0.340425023
v -0.102443529 0.280537635 -0.331555636
v 0.450243123 0.114817965 -0.0589650083
v 0.43674922 0.106573156 -0.0513566254
v 0.465516698 0.074268733 -0.0589650083
v 0.464011659 0.123230605 -0.0513566254
v 0.47256129 0.128454378 -0.0294824636
v 0.490692209 0.0811118952 -0.0294824636
v -0.0679780002 0.280537635 -0.326094319
v -0.0690782332 0.263368416 -0.320918184
v -0.0665131329 0.289079231 -0.332985931
v -0.0342707943 0.280537635 -0.317065136
v -0.00169384922 0.280537635 -0.304557279
v -0.00384618974 0.263368416 -0.299723055
v 0.00117185328 0.289079231 -0.310993768
v 0.0293995626 0.280537635 -0.288717235
v 0.470607539 0.0270351613 -0.0589650083
v 0.454805556 0.0270350801 -0.0513566254
v 0.465516698 -0.0201984916 -0.0589650083
v 0.486731224 0.0270350801 -0.0513566254
v 0.496743206 0.0270350801 -0.0294824636
v 0.490692209 -0.0270416538 -0.0294824636
v 0.058664041 0.280537635 -0.269709668
v 0.0555536529 0.263368416 -0.265428522
v 0.0628053548 0.289079231 -0.275409666
v 0.0857846191 0.280537635 -0.247751104
v 0.110457773 0.280537635 -0.223074379
v 0.106525193 0.263368416 -0.219533458
v 0.115693639 0.289079231 -0.227788817
v 0.132420233 0.280537635 -0.195957047
v 0.450243123 -0.0607477235 -0.0589650083
v 0.43674922 -0.0525029957 -0.0513566254
v 0.42477886 -0.0926345172 -0.0589650083
v 0.464011659 -0.0691603632 -0.0513566254
v 0.47256129 -0.0743841369 -0.0294824636
v 0.442507325 -0.112101184 -0.0294824636
v 0.151423579 0.280537635 -0.166689729
v 0.146840857 0.263368416 -0.164043878
v 0.157525299 0.289079231 -0.170212552
v 0.167268169 0.280537635 -0.13559867
v 0.179771237 0.280537635 -0.10301994
v 0.174738424 0.263368416 -0.101384645
v 0.186472052 0.289079231 -0.105197114
v 0.389325013 -0.11482186 -0.0589650083
v 0.382185306 -0.100649086 -0.0513566254
v 0.345342554 -0.127212934 -0.0589650083
v 0.396609826 -0.129283063 -0.0513566254
v 0.401133385 -0.13826274 -0.0294824636
v 0.351586946 -0.152860285 -0.0294824636
v 0.178776913 0.15269075 -0.0332201071
v 0.178613221 0.0827446744 -0.033202902
v 0.173575376 0.15269075 -0.0660767972
v 0.180249815 0.198152847 -0.0333749529
v -0.453359842 0.15269075 -0.0332201071
v -0.45319615 0.0827446744 -0.033202902
v -0.454832743 0.198152847 -0.0333749529
v -0.448158305 0.15269075 -0.0660767972
v 0.296205628 -0.130529702 -0.0589650083
v 0.294623247 -0.114548689 -0.0513566254
v 0.255505852 -0.129468018 -0.0589650083
v 0.297822176 -0.14684175 -0.0513566254
v 0.298829486 -0.157006063 -0.0294824636
v 0.256162729 -0.156614809 -0.0294824636
v 0.223469325 -0.223192826 -0.037810701
v 0.223427368 -0.251111737 -0.0379130388
v 0.223864474 -0.193089925 -0.0367008915
v 0.217599306 -0.221498937 -0.0753117915
v 0.207679516 -0.221106222 -0.112068113
v 0.20766223 -0.250809106 -0.112082234
v 0.207763919 -0.179825936 -0.112116238
v 0.194059172 -0.221085122 -0.147526829
v 0.237214001 0.153442986 -0.0295964879
v 0.257039702 0.157265032 -0.0294824636
v 0.229566014 0.14551712 -0.0306224631
v -0.439546183 0.15269075 -0.09820852
v -0.439389633 0.0827446744 -0.0981576351
v -0.440954647 0.198152847 -0.0986661592
v -0.427626951 0.15269075 -0.129265736
v 0.378090982 0.146498947 -0.0294824636
v 0.407841341 0.128106543 -0.0294824636
v 0.339853318 0.156799439 -0.0294824636
v -0.412522424 0.15269075 -0.158904669
v -0.412379914 0.0827446744 -0.158822377
v -0.413805015 0.198152847 -0.159645137
v -0.394406601 0.15269075 -0.186805076
v 0.428920579 0.101789979 -0.0294824636
v 0.441464551 0.0677309611 -0.0294824636
v -0.373469873 0.15269075 -0.212655967
v -0.37334749 0.0827446744 -0.212545838
v -0.374570431 0.198152847 -0.213646964
v -0.349949054 0.15269075 -0.236180194
v 0.445637921 0.0270351613 -0.0294824636
v 0.441464551 -0.0136606385 -0.0294824636
v -0.32409516 0.15269075 -0.257113189
v -0.323998341 0.0827446744 -0.256980012
v -0.324965641 0.198152847 -0.258311296
v -0.29619735 0.15269075 -0.27523307
v 0.428920579 -0.0477197372 -0.0294824636
v 0.407841341 -0.0740363019 -0.0294824636
v -0.266556146 0.15269075 -0.290333296
v -0.266489192 0.0827446744 -0.290182914
v -0.267158567 0.198152847 -0.291686249
v -0.235500715 0.15269075 -0.302256991
v 0.378043343 -0.0924267576 -0.0294824636
v 0.33937677 -0.102709721 -0.0294824636
v -0.203367775 0.15269075 -0.310864487
v -0.203333527 0.0827446744 -0.310703392
v -0.203675681 0.198152847 -0.312313123
v -0.170511815 0.15269075 -0.316070812
v 0.293705372 -0.105253152 -0.0294824636
v 0.254942548 -0.103718572 -0.0294824636
v -0.137291464 0.15269075 -0.317809419
v -0.137291464 0.0827446744 -0.317644753
v -0.137291464 0.198152847 -0.319290355
v -0.104071114 0.15269075 -0.316070812
v 0.176820889 -0.221085203 -0.181352848
v 0.176820889 -0.250799043 -0.181352848
v 0.176820889 -0.179852474 -0.181352848
v 0.156145889 -0.221085122 -0.213194681
v 0.132251428 -0.221085203 -0.242697515
v 0.132251428 -0.250799043 -0.242697515
v 0.132251428 -0.179852474 -0.242697515
v 0.105407836 -0.221085122 -0.269544921
v -0.0712151541 0.15269075 -0.310864487
v -0.071249402 0.0827446744 -0.310703392
v -0.0709072479 0.198152847 -0.312313123
v -0.039082214 0.15269075 -0.302256991
v -0.00802670197 0.15269075 -0.290333296
v -0.0080937369 0.0827446744 -0.290182914
v -0.00742436151 0.198152847 -0.291686249
v 0.0216144218 0.15269075 -0.27523307
v 0.296299445 0.184601891 -0.0589650083
v 0.295099796 0.168618687 -0.0513566254
v 0.298283549 0.200931144 -0.0513566254
v 0.300259862 0.211135954 -0.0294824636
v 0.0495122316 0.15269075 -0.257113189
v 0.0494154124 0.0827446744 -0.256980012
v 0.0503827118 0.198152847 -0.258311296
v 0.0753661255 0.15269075 -0.236180194
v 0.0988869443 0.15269075 -0.212655967
v 0.0987645609 0.0827446744 -0.212545838
v 0.099987502 0.198152847 -0.213646964
v 0.119823672 0.15269075 -0.186805076
v 0.235261061 -0.128703365 -0.0591929758
v 0.235538615 -0.111872405 -0.0515551332
v 0.227827407 -0.128816578 -0.0612450074
v 0.235066692 -0.146023778 -0.0515551332
v 0.235087711 -0.157768037 -0.0295964879
v 0.227958961 -0.162745259 -0.0306224631
v 0.295182818 0.159322744 -0.0294824636
v 0.137939496 0.15269075 -0.158904669
v 0.137796986 0.0827446744 -0.158822377
v 0.139222086 0.198152847 -0.159645137
v 0.153044023 0.15269075 -0.129265736
v 0.235735905 -0.101412927 -0.0295964879
v 0.229088573 -0.0962249436 -0.0306224631
v 0.164963173 0.15269075 -0.09820852
v 0.164806623 0.0827446744 -0.0981576351
v 0.166371718 0.198152847 -0.0986661592
v -0.41761854 -0.223162393 -0.0294635542
v -0.390756281 -0.226040756 -0.0266402152
v -0.436737371 -0.211404986 -0.03147306
v -0.413005222 -0.223162393 -0.0586047565
v -0.405366892 -0.223162393 -0.0871029591
v -0.379678638 -0.226040756 -0.0787563804
v -0.423650141 -0.211404986 -0.0930435845
v -0.394795582 -0.223162393 -0.114648227
v -0.381399066 -0.223162393 -0.140935575
v -0.358007529 -0.226040756 -0.127430473
v -0.398047669 -0.211404986 -0.150547621
v -0.365331784 -0.223162393 -0.165680958
v -0.346762623 -0.223162393 -0.188608607
v -0.326690045 -0.226040756 -0.170535228
v -0.361048853 -0.211404986 -0.20147209
v -0.325901533 -0.223162393 -0.209472701
v -0.302971205 -0.223162393 -0.228038616
v -0.287094965 -0.226040756 -0.206186853
v -0.314270811 -0.211404986 -0.243591205
v -0.278228176 -0.223162393 -0.244109468
v -0.251938799 -0.223162393 -0.25750217
v -0.240952781 -0.226040756 -0.232827068
v -0.259757944 -0.211404986 -0.275064265
v -0.224395154 -0.223162393 -0.268077538
v -0.195895815 -0.223162393 -0.275711648
v -0.190280057 -0.226040756 -0.249291609
v -0.199892671 -0.211404986 -0.294515594
v -0.166755262 -0.223162393 -0.280329185
v -0.137291464 -0.223162393 -0.281871232
v -0.137291464 -0.226040756 -0.254860945
v -0.137291464 -0.211404986 -0.301095323
v -0.107827667 -0.223162393 -0.280329185
v -0.0786871137 -0.223162393 -0.275711648
v -0.0843028713 -0.226040756 -0.249291609
v -0.0746902577 -0.211404986 -0.294515594
v -0.0501877749 -0.223162393 -0.268077457
v -0.0226441302 -0.223162393 -0.25750217
v -0.0336301482 -0.226040756 -0.232827068
v -0.0148249849 -0.211404986 -0.275064265
v 0.00364524728 -0.223162393 -0.244109468
v 0.0283882767 -0.223162393 -0.228038616
v 0.0125120365 -0.226040756 -0.206186853
v 0.0396878818 -0.211404986 -0.243591205
v 0.0513186038 -0.223162393 -0.209472701
v 0.0721796942 -0.223162393 -0.188608607
v 0.0521071163 -0.226040756 -0.170535228
v 0.0864659244 -0.211404986 -0.20147209
v 0.0907488556 -0.223162393 -0.16568104
v 0.106816137 -0.223162393 -0.140935575
v 0.0834246001 -0.226040756 -0.127430473
v 0.12346474 -0.211404986 -0.150547621
v 0.120212653 -0.223162393 -0.114648227
v 0.130783964 -0.223162393 -0.0871029591
v 0.105095709 -0.226040756 -0.0787563804
v 0.149067212 -0.211404986 -0.0930435845
v 0.138422293 -0.223162393 -0.0586047565
v 0.143035611 -0.223162393 -0.0294635542
v 0.116173353 -0.226040756 -0.0266402152
v 0.162154442 -0.211404986 -0.03147306
v -0.494350319 -0.283564757 -0.0375284401
v -0.48989696 -0.289339012 -0.0370603318
v -0.488474213 -0.283564757 -0.0746462305
v -0.496939361 -0.275830501 -0.0378005565
v -0.478745221 -0.283564757 -0.110945075
v -0.474486394 -0.289339012 -0.109561282
v -0.46528021 -0.283564757 -0.146029986
v -0.48122105 -0.275830501 -0.111749494
v -0.448216818 -0.283564757 -0.179512877
v -0.444338856 -0.289339012 -0.177273862
v -0.427751526 -0.283564757 -0.211031547
v -0.450471334 -0.275830501 -0.180814458
v -0.404099559 -0.283564757 -0.240235077
v -0.400771754 -0.289339012 -0.237238713
v -0.377528327 -0.283564757 -0.266810124
v -0.406034158 -0.275830501 -0.241977011
v -0.348321469 -0.283564757 -0.29045787
v -0.345689415 -0.289339012 -0.286835144
v -0.31680564 -0.283564757 -0.310927707
v -0.349851586 -0.275830501 -0.292563952
v -0.283320396 -0.283564757 -0.327986311
v -0.28149901 -0.289339012 -0.323895476
v -0.248237351 -0.283564757 -0.341456273
v -0.284379239 -0.275830501 -0.330364427
v -0.211937127 -0.283564757 -0.35118007
v -0.211006104 -0.289339012 -0.346799995
v -0.174820148 -0.283564757 -0.357061614
v -0.212478357 -0.275830501 -0.353726505
v -0.137291464 -0.283564757 -0.359025673
v -0.137291464 -0.289339012 -0.354547723
v -0.0997627808 -0.283564757 -0.357061614
v -0.137291464 -0.275830501 -0.361628916
v -0.062645802 -0.283564757 -0.351180151
v -0.0635768246 -0.289339012 -0.346800076
v -0.026345578 -0.283564757 -0.341456273
v -0.062104572 -0.275830501 -0.353726505
v 0.00873746696 -0.283564757 -0.327986311
v 0.00691608096 -0.289339012 -0.323895476
v 0.042222711 -0.283564757 -0.310927707
v 0.00979622924 -0.275830501 -0.330364427
v 0.0737385403 -0.283564757 -0.29045787
v 0.0711064861 -0.289339012 -0.286835144
v 0.102945398 -0.283564757 -0.266810124
v 0.0752686571 -0.275830501 -0.292563952
v 0.12951663 -0.283564757 -0.240235077
v 0.126188825 -0.289339012 -0.237238713
v 0.153168597 -0.283564757 -0.211031547
v 0.131451229 -0.275830501 -0.241977011
v 0.173633889 -0.283564757 -0.179512877
v 0.169755927 -0.289339012 -0.177273862
v 0.190697281 -0.283564757 -0.146029986
v 0.175888406 -0.275830501 -0.180814458
v 0.204162293 -0.283564757 -0.110944994
v 0.199903465 -0.289339012 -0.109561282
v 0.213891284 -0.283564757 -0.0746462305
v 0.206638121 -0.275830501 -0.111749494
v 0.21976739 -0.283564757 -0.0375284401
v 0.215314031 -0.289339012 -0.0370603318
v 0.222356432 -0.275830501 -0.0378005565
v -0.453030267 -0.022266024 -0.0331854534
v -0.451536589 -0.123936744 -0.0330284976
v -0.447834167 -0.022266024 -0.0660078957
v -0.439230973 -0.022266024 -0.098106101
v -0.437802545 -0.123936744 -0.0976419694
v -0.427324239 -0.022266024 -0.129130936
v -0.412235457 -0.022266024 -0.158739029
v -0.410934768 -0.123936744 -0.157988011
v -0.394138461 -0.022266024 -0.186610301
v -0.373223564 -0.022266024 -0.212434248
v -0.372107425 -0.123936744 -0.211429293
v -0.349727255 -0.022266024 -0.235933885
v -0.323900386 -0.022266024 -0.256845049
v -0.32301757 -0.123936744 -0.255630061
v -0.29603163 -0.022266024 -0.274946102
v -0.266421427 -0.022266024 -0.290030584
v -0.265810483 -0.123936744 -0.288658478
v -0.235398296 -0.022266024 -0.301941781
v -0.203298873 -0.022266024 -0.310540349
v -0.202986584 -0.123936744 -0.309071262
v -0.170477242 -0.022266024 -0.315741237
v -0.137291464 -0.022266024 -0.317477977
v -0.137291464 -0.123936744 -0.315976103
v -0.104105686 -0.022266024 -0.315741237
v -0.0712840556 -0.022266024 -0.310540349
v -0.0715963442 -0.123936744 -0.309071262
v -0.0391846329 -0.022266024 -0.301941781
v -0.00816150223 -0.022266024 -0.290030584
v -0.00877244524 -0.123936744 -0.288658478
v 0.021448701 -0.022266024 -0.274946102
v 0.049317457 -0.022266024 -0.25684513
v 0.0484346412 -0.123936744 -0.255630061
v 0.0751444071 -0.022266024 -0.235933967
v 0.0986407167 -0.022266024 -0.212434248
v 0.0975244959 -0.123936744 -0.211429293
v 0.119555532 -0.022266024 -0.186610301
v 0.137652528 -0.022266024 -0.158739029
v 0.136351839 -0.123936744 -0.157988011
v 0.152741311 -0.022266024 -0.129130936
v 0.164648044 -0.022266024 -0.098106101
v 0.163219616 -0.123936744 -0.0976419694
v 0.173251239 -0.022266024 -0.0660078957
v 0.178447338 -0.022266024 -0.0331854534
v 0.17695366 -0.123936744 -0.0330284976
v -0.498010296 0.251050708 -0.0379130388
v -0.498010296 0.222585941 -0.0379130388
v -0.492073891 0.251050626 -0.07541137
v -0.482245078 0.251050708 -0.112082234
v -0.482245159 0.222585941 -0.112082234
v -0.4686421 0.251050626 -0.147526829
v -0.451403818 0.251050708 -0.181352848
v -0.451403818 0.222585941 -0.181352848
v -0.430728818 0.251050626 -0.213194681
v -0.406834357 0.251050708 -0.242697515
v -0.406834357 0.222585941 -0.242697515
v -0.379990764 0.251050626 -0.269544921
v -0.350484522 0.251050708 -0.293435081
v -0.350484522 0.222585941 -0.293435081
v -0.318645692 0.251050626 -0.314114788
v -0.284817157 0.251050708 -0.33134812
v -0.284817157 0.222585941 -0.33134812
v -0.24937451 0.251050626 -0.34495621
v -0.212702185 0.251050708 -0.354779667
v -0.212702185 0.222585941 -0.354779667
v -0.175204828 0.251050626 -0.36072151
v -0.137291464 0.251050708 -0.362705695
v -0.137291464 0.222585941 -0.362705695
v -0.0993781009 0.251050626 -0.36072151
v -0.0618806624 0.251050708 -0.354779667
v -0.0618807436 0.222585941 -0.354779667
v -0.025208419 0.251050626 -0.34495621
v 0.0102342286 0.251050708 -0.33134812
v 0.0102342286 0.222585941 -0.33134812
v 0.0440627629 0.251050626 -0.314114788
v 0.0759015934 0.251050708 -0.293435081
v 0.0759015934 0.222585941 -0.293435081
v 0.105407836 0.251050626 -0.269544921
v 0.132251428 0.251050708 -0.242697515
v 0.132251428 0.222585941 -0.242697515
v 0.156145808 0.251050626 -0.213194681
v 0.176820889 0.251050708 -0.181352848
v 0.176820889 0.222585941 -0.181352848
v 0.194059172 0.251050626 -0.147526829
v 0.207679516 0.251228277 -0.112068113
v 0.207763837 0.222871692 -0.112116238
v 0.217598981 0.252926793 -0.0753117915
v 0.223468108 0.257231149 -0.037810701
v 0.223852057 0.241279758 -0.0367008915
v 0.0759015934 -0.221085203 -0.293435081
v 0.0759015934 -0.250799043 -0.293435081
v 0.0759015934 -0.179852474 -0.293435081
v 0.0440627629 -0.221085122 -0.314114788
v 0.172552485 -0.183741068 -0.0325659079
v 0.167453367 -0.183741068 -0.0647754594
v 0.15901078 -0.183741068 -0.0962744082
v 0.147326333 -0.183741068 -0.126720032
v 0.132519243 -0.183741068 -0.15577529
v 0.114760182 -0.183741068 -0.18312627
v 0.0942357268 -0.183741068 -0.208468069
v 0.0711781469 -0.183741068 -0.231528977
v 0.0458334263 -0.183741068 -0.25204978
v 0.0184850431 -0.183741068 -0.269812818
v -0.010572406 -0.183741068 -0.284615687
v -0.0410163258 -0.183741068 -0.296304517
v -0.0725164108 -0.183741068 -0.304742478
v -0.104725313 -0.183741068 -0.309846303
v -0.137291464 -0.183741068 -0.311550661
v -0.169857616 -0.183741068 -0.309846303
v -0.202066518 -0.183741068 -0.304742478
v -0.233566603 -0.183741068 -0.296304517
v -0.264010523 -0.183741068 -0.284615687
v -0.293067972 -0.183741068 -0.269812736
v -0.320416355 -0.183741068 -0.25204978
v -0.345761076 -0.183741068 -0.231528977
v -0.368818656 -0.183741068 -0.208468069
v -0.38934311 -0.183741068 -0.18312627
v -0.407102172 -0.183741068 -0.15577529
v -0.421909262 -0.183741068 -0.126720032
v -0.433593709 -0.183741068 -0.0962744082
v -0.442036295 -0.183741068 -0.0647755405
v -0.498010296 0.176173588 -0.0379130388
v -0.498010296 0.109266239 -0.0379130388
v -0.492073891 0.176173669 -0.07541137
v -0.482245078 0.176173588 -0.112082234
v -0.482245159 0.109266239 -0.112082234
v -0.4686421 0.176173669 -0.147526829
v -0.451403818 0.176173588 -0.181352848
v -0.451403818 0.109266239 -0.181352848
v -0.430728818 0.176173669 -0.213194681
v -0.406834357 0.176173588 -0.242697515
v -0.406834357 0.109266239 -0.242697515
v -0.379990764 0.176173669 -0.269544921
v -0.350484522 0.176173588 -0.293435081
v -0.350484522 0.109266239 -0.293435081
v -0.318645692 0.176173669 -0.314114788
v -0.284817157 0.176173588 -0.33134812
v -0.284817157 0.109266239 -0.33134812
v -0.24937451 0.176173669 -0.34495621
v -0.212702185 0.176173588 -0.354779667
v -0.212702185 0.109266239 -0.354779667
v -0.175204828 0.176173669 -0.36072151
v -0.137291464 0.176173588 -0.362705695
v -0.137291464 0.109266239 -0.362705695
v -0.0993781009 0.176173669 -0.36072151
v -0.0618806624 0.176173588 -0.354779667
v -0.0618807436 0.109266239 -0.354779667
v -0.025208419 0.176173669 -0.34495621
v 0.0102342286 0.176173588 -0.33134812
v 0.0102342286 0.109266239 -0.33134812
v 0.0440627629 0.176173669 -0.314114788
v 0.0759015934 0.176173588 -0.293435081
v 0.0759015934 0.109266239 -0.293435081
v 0.105407836 0.176173669 -0.269544921
v 0.132251428 0.176173588 -0.242697515
v 0.132251428 0.109266239 -0.242697515
v 0.156145808 0.176173669 -0.213194681
v 0.176820889 0.176173588 -0.181352848
v 0.176820889 0.109266239 -0.181352848
v 0.194059172 0.176173669 -0.147526829
v 0.207683574 0.176333709 -0.112767272
v 0.207773495 0.109712192 -0.112116238
v 0.217555319 0.177666535 -0.0830583833
v 0.0102342286 -0.221085203 -0.33134812
v 0.0102342286 -0.250799043 -0.33134812
v 0.0102342286 -0.179852474 -0.33134812
v -0.025208419 -0.221085122 -0.34495621
v -0.447135413 -0.183741068 -0.0325659079
v -0.170496476 -0.222382726 -0.0745796825
v -0.158941148 -0.222382726 -0.0666309309
v -0.184372381 -0.222382726 -0.105745486
v -0.154264854 -0.222382726 -0.0798536918
v -0.144614746 -0.222382726 -0.0696760695
v -0.161357814 -0.222382726 -0.11322337
v -0.137291464 -0.222382726 -0.0816376649
v -0.129968183 -0.222382726 -0.0696760695
v -0.137291464 -0.222382726 -0.115752842
v -0.120318075 -0.222382726 -0.0798536918
v -0.11564178 -0.222382726 -0.0666309309
v -0.113225114 -0.222382726 -0.11322337
v -0.104086452 -0.222382726 -0.0745796825
v -0.102261495 -0.222382726 -0.0606736685
v -0.0902105473 -0.222382726 -0.105745486
v -0.0893060627 -0.222382726 -0.0660462825
v -0.0904122202 -0.222382726 -0.0520646311
v -0.0692536115 -0.222382726 -0.0936460872
v -0.0766229087 -0.222382726 -0.0546262417
v -0.0806118114 -0.222382726 -0.0411801393
v -0.0512703159 -0.222382726 -0.0774538252
v -0.066591205 -0.222382726 -0.0408188324
v -0.0732886109 -0.222382726 -0.0284959302
v -0.0370464947 -0.222382726 -0.0578764618
v -0.0596494382 -0.222382726 -0.0252274501
v -0.0687625361 -0.222382726 -0.0145662999
v -0.0272039659 -0.222382726 -0.0357696255
v -0.0561010507 -0.222382726 -0.00853348115
v -0.0221726945 -0.222382726 -0.0120994795
v -0.288322451 -0.222472891 -0.0158739678
v -0.322887233 -0.223284857 -0.01950692
v -0.285684797 -0.222472891 -0.0315419616
v -0.281721621 -0.222472891 -0.0469281813
v -0.314775764 -0.223284857 -0.0576681341
v -0.275884064 -0.222472891 -0.0617054058
v -0.268808552 -0.222472891 -0.0759314182
v -0.298907396 -0.223284857 -0.093309046
v -0.260026246 -0.222472891 -0.0891720335
v -0.250147603 -0.222472891 -0.101616102
v -0.275975689 -0.223284857 -0.124871865
v -0.238804254 -0.222472891 -0.112741384
v -0.498010296 0.0230960884 -0.0379130388
v -0.498010296 -0.0626751805 -0.0379130388
v -0.492073891 0.0230960884 -0.07541137
v -0.482245078 0.0230960884 -0.112082234
v -0.482245159 -0.0626751805 -0.112082234
v -0.4686421 0.0230960884 -0.147526829
v -0.451403818 0.0230960884 -0.181352848
v -0.451403818 -0.0626751805 -0.181352848
v -0.430728818 0.0230960884 -0.213194681
v -0.406834357 0.0230960884 -0.242697515
v -0.406834357 -0.0626751805 -0.242697515
v -0.379990764 0.0230960884 -0.269544921
v -0.350484522 0.0230960884 -0.293435081
v -0.350484522 -0.0626751805 -0.293435081
v -0.318645692 0.0230960884 -0.314114788
v -0.284817157 0.0230960884 -0.33134812
v -0.284817157 -0.0626751805 -0.33134812
v -0.24937451 0.0230960884 -0.34495621
v -0.212702185 0.0230960884 -0.354779667
v -0.212702185 -0.0626751805 -0.354779667
v -0.175204828 0.0230960884 -0.36072151
v -0.137291464 0.0230960884 -0.362705695
v -0.137291464 -0.0626751805 -0.362705695
v -0.0993781009 0.0230960884 -0.36072151
v -0.0618806624 0.0230960884 -0.354779667
v -0.0618807436 -0.0626751805 -0.354779667
v -0.025208419 0.0230960884 -0.34495621
v 0.0102342286 0.0230960884 -0.33134812
v 0.0102342286 -0.0626751805 -0.33134812
v 0.0440627629 0.0230960884 -0.314114788
v 0.0759015934 0.0230960884 -0.293435081
v 0.0759015934 -0.0626751805 -0.293435081
v 0.105407836 0.0230960884 -0.269544921
v 0.132251428 0.0230960884 -0.242697515
v 0.132251428 -0.0626751805 -0.242697515
v 0.156145808 0.0230960884 -0.213194681
v 0.176820889 0.0230960884 -0.181352848
v 0.176820889 -0.0626751805 -0.181352848
v 0.194059172 0.0230960884 -0.147526829
v 0.20770013 0.0230214248 -0.112053992
v 0.207773495 -0.0631716123 -0.112116238
v 0.217733375 0.0222981618 -0.075212213
v 0.223561032 0.0203936719 -0.037708282
v 0.224115815 -0.0485042731 -0.0367008915
v 0.224115977 0.0905298965 -0.0367008915
v -0.0618806624 -0.221085203 -0.354779667
v -0.0618807436 -0.250799043 -0.354779667
v -0.0618807436 -0.179852474 -0.354779667
v -0.0993781009 -0.221085122 -0.36072151
v -0.22655423 -0.222472891 -0.122859681
v -0.246982759 -0.223284857 -0.15097718
v -0.213145703 -0.222472891 -0.131383423
v -0.199059685 -0.222472891 -0.138733649
v -0.213195858 -0.223284857 -0.170484019
v -0.184171926 -0.222472891 -0.144283345
v -0.168865564 -0.222472891 -0.148544283
v -0.176091539 -0.223284857 -0.182539999
v -0.153149282 -0.222472891 -0.150877439
v -0.137291464 -0.222472891 -0.151862836
v -0.137291464 -0.223284857 -0.186618011
v -0.121433647 -0.222472891 -0.150877439
v -0.105717365 -0.222472891 -0.148544283
v -0.0984913895 -0.223284857 -0.182539999
v -0.0904110028 -0.222472891 -0.144283345
v -0.0755232437 -0.222472891 -0.138733649
v -0.0613870711 -0.223284857 -0.170484019
v -0.0614372256 -0.222472891 -0.131383423
v -0.0480286984 -0.222472891 -0.122859681
v -0.0276001699 -0.223284857 -0.15097718
v -0.0357786744 -0.222472891 -0.112741384
v -0.0244353261 -0.222472891 -0.101616102
v 0.00139276015 -0.223284857 -0.124871865
v -0.0145566829 -0.222472891 -0.0891720335
v -0.00577437716 -0.222472891 -0.0759314182
v 0.0243244669 -0.223284857 -0.093309046
v 0.00130113493 -0.222472891 -0.0617054058
v 0.0071386921 -0.222472891 -0.0469281813
v 0.040192835 -0.223284857 -0.0576681341
v 0.0111018683 -0.222472891 -0.0315419616
v 0.0137394411 -0.222472891 -0.0158739678
v 0.0483043045 -0.223284857 -0.01950692
v -0.358015563 -0.225148363 -0.0231990349
v -0.354383098 -0.225148363 -0.0461442136
v -0.348368864 -0.225148363 -0.0685832217
v -0.340045171 -0.225148363 -0.0902717796
v -0.329497072 -0.225148363 -0.11096999
v -0.316845974 -0.225148363 -0.130453943
v -0.498010296 -0.129090885 -0.0379130388
v -0.498010296 -0.179852474 -0.0379130388
v -0.492073891 -0.129090885 -0.07541137
v -0.482245078 -0.129090885 -0.112082234
v -0.482245159 -0.179852474 -0.112082234
v -0.4686421 -0.129090885 -0.147526829
v -0.451403818 -0.129090885 -0.181352848
v -0.451403818 -0.179852474 -0.181352848
v -0.430728818 -0.129090885 -0.213194681
v -0.406834357 -0.129090885 -0.242697515
v -0.406834357 -0.179852474 -0.242697515
v -0.379990764 -0.129090885 -0.269544921
v -0.350484522 -0.129090885 -0.293435081
v -0.350484522 -0.179852474 -0.293435081
v -0.318645692 -0.129090885 -0.314114788
v -0.284817157 -0.129090885 -0.33134812
v -0.284817157 -0.179852474 -0.33134812
v -0.24937451 -0.129090885 -0.34495621
v -0.212702185 -0.129090885 -0.354779667
v -0.212702185 -0.179852474 -0.354779667
v -0.175204828 -0.129090885 -0.36072151
v -0.137291464 -0.129090885 -0.362705695
v -0.137291464 -0.179852474 -0.362705695
v -0.0993781009 -0.129090885 -0.36072151
v -0.0618806624 -0.129090885 -0.354779667
v -0.025208419 -0.129090885 -0.34495621
v 0.0102342286 -0.129090885 -0.33134812
v 0.0440627629 -0.129090885 -0.314114788
v 0.0759015934 -0.129090885 -0.293435081
v 0.105407836 -0.129090885 -0.269544921
v 0.132251428 -0.129090885 -0.242697515
v 0.156145808 -0.129090885 -0.213194681
v 0.176820889 -0.129090885 -0.181352848
v 0.194059172 -0.129090885 -0.147526829
v 0.207683574 -0.129135602 -0.112767272
v 0.217555725 -0.129425492 -0.0830583833
v -0.137291464 -0.221085203 -0.362705695
v -0.137291464 -0.250799043 -0.362705695
v -0.175204828 -0.221085122 -0.36072151
v -0.302224975 -0.225148363 -0.148506789
v -0.285799389 -0.225148363 -0.164934728
v -0.267744433 -0.225148363 -0.17955313
v -0.248262266 -0.225148363 -0.192207068
v -0.227562595 -0.225148363 -0.202752165
v -0.205875173 -0.225148363 -0.211079023
v -0.183435353 -0.225148363 -0.217090011
v -0.160490662 -0.225148363 -0.220725803
v -0.137291464 -0.225148363 -0.221939898
v -0.114092267 -0.225148363 -0.220725803
v -0.0911475754 -0.225148363 -0.217090011
v -0.0687077557 -0.225148363 -0.211079023
v -0.0470203341 -0.225148363 -0.202752165
v -0.0263206631 -0.225148363 -0.192207068
v -0.00683849574 -0.225148363 -0.17955313
v 0.0112164607 -0.225148363 -0.164934728
v 0.0276420465 -0.225148363 -0.148506789
v 0.0422630455 -0.225148363 -0.130453943
v 0.0549141429 -0.225148363 -0.11096999
v 0.0654622427 -0.225148363 -0.0902717796
v 0.0737859354 -0.225148363 -0.0685832217
v 0.0798001694 -0.225148363 -0.0461442136
v 0.0834326346 -0.225148363 -0.0231990349
v -0.458587592 0.235152312 -0.0337696149
v -0.45330003 0.235152393 -0.0671697262
v -0.444545398 0.235152312 -0.099832859
v -0.432429119 0.235152393 -0.131403712
v -0.417074794 0.235152312 -0.161532909
v -0.398659261 0.235152393 -0.189894769
v -0.498010296 -0.221085203 -0.0379130388
v -0.498010296 -0.250799043 -0.0379130388
v -0.492073891 -0.221085122 -0.07541137
v -0.482245078 -0.221085203 -0.112082234
v -0.482245159 -0.250799043 -0.112082234
v -0.4686421 -0.221085122 -0.147526829
v -0.451403818 -0.221085203 -0.181352848
v -0.451403818 -0.250799043 -0.181352848
v -0.430728818 -0.221085122 -0.213194681
v -0.406834357 -0.221085203 -0.242697515
v -0.406834357 -0.250799043 -0.242697515
v -0.379990764 -0.221085122 -0.269544921
v -0.350484522 -0.221085203 -0.293435081
v -0.350484522 -0.250799043 -0.293435081
v -0.318645692 -0.221085122 -0.314114788
v -0.284817157 -0.221085203 -0.33134812
v -0.284817157 -0.250799043 -0.33134812
v -0.24937451 -0.221085122 -0.34495621
v -0.212702185 -0.221085203 -0.354779667
v -0.212702185 -0.250799043 -0.354779667
v -0.37737624 0.235152312 -0.216173271
v -0.353466359 0.235152393 -0.240086561
v -0.327184854 0.235152312 -0.261365768
v -0.298825671 0.235152393 -0.27978544
v 0.225939311 0.128929304 -0.0332838958
v 0.22417027 0.148174333 -0.0587735611
v 0.223279014 0.180245351 -0.0674187942
v 0.223598363 0.210519249 -0.0587735611
v 0.225103565 0.227167283 -0.0332838958
v -0.268694203 0.235152312 -0.295135383
v -0.237125054 0.235152393 -0.307256287
v -0.204460622 0.235152312 -0.316006131
v -0.171061323 0.235152393 -0.321298562
v -0.137291464 0.235152312 -0.323065898
v -0.103521606 0.235152393 -0.321298562
v 0.225096018 -0.173420124 -0.0332838958
v 0.223595929 -0.158639491 -0.0587735611
v 0.223277229 -0.129487171 -0.0674187942
v 0.224154688 -0.0993570003 -0.0587735611
v 0.225890942 -0.0835193904 -0.0332838958
v -0.0701223063 0.235152312 -0.316006131
v -0.0374578749 0.235152393 -0.307256287
v 0.17816175 -0.291628182 -0.10249697
v 0.171443406 -0.289610479 -0.100314033
v 0.18715003 -0.291628182 -0.0689621395
v 0.186304221 -0.291852335 -0.105142658
v 0.165722145 -0.291628182 -0.134910304
v 0.192578641 -0.291628182 -0.0346707721
v 0.185553284 -0.289610479 -0.0339323329
v 0.201093294 -0.291852335 -0.0355656802
v -0.00588872608 0.235152312 -0.295135383
v 0.0242427427 0.235152393 -0.27978544
v 0.0526019249 0.235152312 -0.261365768
v 0.0788835114 0.235152393 -0.240086561
v 0.102793311 0.235152312 -0.216173271
v 0.124076332 0.235152393 -0.18989485
v 0.142491865 0.235152312 -0.16153299
v 0.157846191 0.235152393 -0.131403712
v 0.169962469 0.235152312 -0.099832859
v 0.178717101 0.235152393 -0.067169645
v 0.184004663 0.235152312 -0.0337696149
v -0.485642352 0.291791143 -0.0366131618
v -0.479909568 0.291791224 -0.0728257372
v -0.470417796 0.291791143 -0.108239331
v -0.457281222 0.291791224 -0.142468614
v -0.440633999 0.291791143 -0.175134831
v -0.420667817 0.291791224 -0.205884952
v -0.397592626 0.291791143 -0.234376175
v -0.371669425 0.291791224 -0.26030311
v -0.343174794 0.291791143 -0.283374162
v -0.312427675 0.291791224 -0.303344807
v -0.279759023 0.291791143 -0.319987323
v -0.245531607 0.291791224 -0.333128847
v -0.210116633 0.291791143 -0.342615506
v -0.17390487 0.291791224 -0.348353566
v -0.137291464 0.291791143 -0.350269743
v -0.100678059 0.291791224 -0.348353566
v -0.0644662953 0.291791143 -0.342615506
v -0.0290513219 0.291791224 -0.333128847
v -0.46716157 -0.291628182 -0.0346707721
v -0.460136212 -0.289610479 -0.0339323329
v -0.461732877 -0.291628182 -0.0689621395
v -0.475676223 -0.291852335 -0.0355656802
v -0.452744678 -0.291628182 -0.10249697
v -0.446026334 -0.289610479 -0.100314033
v -0.440305074 -0.291628182 -0.134910304
v -0.46088715 -0.291852335 -0.105142658
v -0.424540991 -0.291628182 -0.165843514
v -0.418423283 -0.289610479 -0.16231152
v -0.405634058 -0.291628182 -0.194962317
v -0.431955492 -0.291852335 -0.170124335
v -0.383783107 -0.291628182 -0.221942008
v -0.378533445 -0.289610479 -0.217215234
v -0.359235177 -0.291628182 -0.246493509
v -0.390145501 -0.291852335 -0.227670816
v -0.33225224 -0.291628182 -0.268340565
v -0.328100132 -0.289610479 -0.262625635
v -0.303136358 -0.291628182 -0.287251637
v -0.337284647 -0.291852335 -0.275266993
v -0.272200795 -0.291628182 -0.303011256
v -0.269327545 -0.289610479 -0.296557968
v -0.239789165 -0.291628182 -0.315455649
v -0.27568304 -0.291852335 -0.310832674
v -0.206253117 -0.291628182 -0.324438978
v -0.204784435 -0.289610479 -0.317529268
v -0.17196248 -0.291628182 -0.329872621
v -0.208033113 -0.291852335 -0.332813393
v -0.137291464 -0.291628182 -0.33168719
v -0.137291464 -0.289610479 -0.324623121
v -0.102620449 -0.291628182 -0.329872621
v -0.137291464 -0.291852335 -0.34024867
v -0.0683298118 -0.291628182 -0.324438978
v -0.0697985747 -0.289610479 -0.317529268
v -0.0347937641 -0.291628182 -0.315455649
v -0.0665498154 -0.291852335 -0.332813393
v -0.00238213397 -0.291628182 -0.303011256
v -0.005255384 -0.289610479 -0.296557968
v 0.0285534293 -0.291628182 -0.287251637
v 0.00110011131 -0.291852335 -0.310832674
v 0.0576693109 -0.291628182 -0.268340484
v 0.0535172033 -0.289610479 -0.262625635
v 0.0846522482 -0.291628182 -0.246493428
v 0.0627017185 -0.291852335 -0.275266993
v 0.109200178 -0.291628182 -0.221942008
v 0.103950516 -0.289610479 -0.217215234
v 0.13105113 -0.291628182 -0.194962317
v 0.115562572 -0.291852335 -0.227670816
v 0.149958063 -0.291628182 -0.165843595
v 0.143840355 -0.289610479 -0.16231152
v 0.157372564 -0.291852335 -0.170124335
v 0.167368315 -0.284393117 -0.0989899719
v 0.160737782 -0.27689324 -0.0968356025
v 0.176049013 -0.284393117 -0.0666026075
v 0.155354374 -0.284393117 -0.130294308
v 0.18129194 -0.284393117 -0.0334844324
v 0.17435837 -0.27689324 -0.032755732
v 0.0051760945 0.291791143 -0.319987323
v 0.037844746 0.291791224 -0.303344726
v 0.0685918648 0.291791143 -0.283374162
v 0.0970864966 0.291791224 -0.26030311
v 0.123009698 0.291791143 -0.234376175
v 0.146084888 0.291791224 -0.205884952
v 0.166051071 0.291791143 -0.175134831
v 0.182698294 0.291791224 -0.142468614
v 0.195834867 0.291792523 -0.108239331
v 0.205326639 0.291805102 -0.0728257372
v 0.211059424 0.291834318 -0.0366131618
v 0.120365876 -0.268537571 -0.148758535
v 0.134091886 -0.27689324 -0.156683264
v 0.10340677 -0.268537571 -0.174877485
v 0.0956698359 -0.261486325 -0.134500223
v 0.134505944 -0.268537571 -0.121012
v 0.0838068453 -0.268537571 -0.199077823
v 0.0955852713 -0.27689324 -0.209683138
v 0.0617878199 -0.268537571 -0.221100014
v 0.0626148815 -0.261486325 -0.179996486
v 0.0375847219 -0.268537571 -0.240696368
v 0.0469007912 -0.27689324 -0.253518867
v 0.0114682069 -0.268537571 -0.257659288
v 0.0208230688 -0.261486325 -0.217625965
v -0.0162803569 -0.268537571 -0.27179538
v -0.00983380451 -0.27689324 -0.286274599
v -0.0453529011 -0.268537571 -0.282957669
v -0.0278791034 -0.261486325 -0.245744195
v -0.0754342155 -0.268537571 -0.291015656
v -0.0721388727 -0.27689324 -0.306518741
v -0.106192209 -0.268537571 -0.295889485
v -0.0813631544 -0.261486325 -0.263122229
v -0.137291464 -0.268537571 -0.29751707
v -0.137291464 -0.27689324 -0.313366529
v -0.168390719 -0.268537571 -0.295889485
v -0.137291464 -0.261486325 -0.269000526
v -0.199148713 -0.268537571 -0.291015656
v -0.202444056 -0.27689324 -0.306518741
v -0.229230028 -0.268537571 -0.282957669
v -0.193219774 -0.261486325 -0.263122229
v -0.258302572 -0.268537571 -0.27179538
v -0.264749124 -0.27689324 -0.286274599
v -0.286051136 -0.268537571 -0.257659288
v -0.246703825 -0.261486325 -0.245744195
v -0.312167651 -0.268537571 -0.240696368
v -0.32148372 -0.27689324 -0.253518867
v -0.336370749 -0.268537571 -0.221099933
v -0.295405998 -0.261486325 -0.217625965
v -0.455874869 -0.284393117 -0.0334844324
v -0.448941299 -0.27689324 -0.032755732
v -0.450631942 -0.284393117 -0.0666026075
v -0.441951325 -0.284393117 -0.0989899719
v -0.435320711 -0.27689324 -0.0968356025
v -0.429937303 -0.284393117 -0.130294308
v -0.414712584 -0.284393117 -0.160169162
v -0.408674814 -0.27689324 -0.156683264
v -0.396452546 -0.284393117 -0.188291531
v -0.375349204 -0.284393117 -0.214348152
v -0.3701682 -0.27689324 -0.209683138
v -0.35164124 -0.284393117 -0.238059526
v -0.325581534 -0.284393117 -0.259159134
v -0.297461762 -0.284393117 -0.277423148
v -0.267584799 -0.284393117 -0.292643566
v -0.236282167 -0.284393117 -0.304662133
v -0.203893504 -0.284393117 -0.313338124
v -0.170776221 -0.284393117 -0.318585839
v -0.137291464 -0.284393117 -0.320338242
v -0.103806707 -0.284393117 -0.318585839
v -0.070689425 -0.284393117 -0.313338124
v -0.038300762 -0.284393117 -0.304662133
v -0.00699812976 -0.284393117 -0.292643566
v 0.0228788336 -0.284393117 -0.277423148
v 0.0509986865 -0.284393117 -0.259159134
v 0.0770583111 -0.284393117 -0.238059526
v 0.100766276 -0.284393117 -0.214348152
v 0.121869617 -0.284393117 -0.188291531
v 0.140129655 -0.284393117 -0.160169162
v -0.0225293755 -0.255440765 -0.0372884616
v -0.0360378058 -0.255393207 -0.0215221067
v 0.0259587881 -0.255943364 -0.0530432112
v -0.0172845012 -0.255440765 -0.0126132787
v 0.0334197105 -0.255943364 -0.0179424741
v -0.358389774 -0.268537571 -0.199077823
v -0.377989699 -0.268537571 -0.174877485
v -0.33719781 -0.261486325 -0.179996486
v -0.394948805 -0.268537571 -0.148758535
v -0.409088873 -0.268537571 -0.121012
v -0.370252765 -0.261486325 -0.134500223
v -0.420247023 -0.268537571 -0.0919378328
v -0.428309312 -0.268537571 -0.0618577358
v -0.393126201 -0.261486325 -0.0831257428
v -0.433178758 -0.268537571 -0.0310990116
v -0.404818358 -0.261486325 -0.0281182298
v 0.158595748 -0.268537571 -0.0310990116
v 0.153726383 -0.268537571 -0.0618577358
v 0.13023543 -0.261486325 -0.0281182298
v 0.145664094 -0.268537571 -0.0919378328
v 0.118543273 -0.261486325 -0.0831257428
v 0.164199819 -0.291600994 -0.174066086
v 0.180745435 -0.291600994 -0.141599189
v 0.144355452 -0.291600994 -0.204628413
v 0.121421149 -0.291600994 -0.2329458
v 0.0956561206 -0.291600994 -0.258714561
v 0.0673354063 -0.291600994 -0.281644807
v 0.0367759203 -0.291600994 -0.301493556
v 0.00430658821 -0.291600994 -0.318034465
v -0.0297119324 -0.291600994 -0.331095806
v -0.064910706 -0.291600994 -0.340524601
v -0.100901482 -0.291600994 -0.34622752
v -0.137291464 -0.291600994 -0.348132091
v -0.173681447 -0.291600994 -0.34622752
v -0.209672223 -0.291600994 -0.340524601
v -0.244870996 -0.291600994 -0.331095806
v -0.278889517 -0.291600994 -0.318034465
v -0.311358849 -0.291600994 -0.301493556
v -0.341918416 -0.291600994 -0.281644725
v -0.370239049 -0.291600994 -0.258714561
v -0.361607613 -0.257573628 -0.023576573
v -0.357691507 -0.257573628 -0.046847431
v -0.351803958 -0.257573628 -0.0696993613
v -0.343135027 -0.257573628 -0.0916474563
v -0.332625071 -0.257573628 -0.112775875
v -0.319582314 -0.257573628 -0.132442023
v -0.304909132 -0.257573628 -0.150923617
v -0.288062589 -0.257573628 -0.167448294
v -0.269867476 -0.257573628 -0.182475236
v -0.249953396 -0.257573628 -0.195136235
v -0.229031682 -0.257573628 -0.206051809
v -0.206920382 -0.257573628 -0.214295725
v -0.184186291 -0.257573628 -0.220622978
v -0.160844259 -0.257573628 -0.224089479
v -0.137291464 -0.257573628 -0.22555175
v -0.11373867 -0.257573628 -0.224089479
v -0.0903966382 -0.257573628 -0.220622978
v -0.0676625465 -0.257573628 -0.214295725
v -0.0455512466 -0.257573628 -0.206051809
v -0.0246295326 -0.257573628 -0.195136235
v -0.00471545256 -0.257573628 -0.182475236
v 0.0134796605 -0.257573628 -0.167448294
v 0.0303262028 -0.257573628 -0.150923617
v 0.0449993852 -0.257573628 -0.132442023
v 0.0580421419 -0.257573628 -0.112775875
v 0.0685520984 -0.257573628 -0.0916474563
v 0.077221029 -0.257573628 -0.0696993613
v 0.0831084972 -0.257573628 -0.046847431
v 0.087024684 -0.257573628 -0.023576573
v -0.396004077 -0.291600994 -0.2329458
v -0.418938381 -0.291600994 -0.204628494
v -0.438782667 -0.291600994 -0.174066086
v -0.455328364 -0.291600994 -0.141599189
v -0.468384755 -0.291600994 -0.10757872
v -0.477818581 -0.291600994 -0.0723812453
v -0.483516469 -0.291600994 -0.0363897391
v 0.20893354 -0.291600994 -0.0363897391
v 0.203235734 -0.291600994 -0.0723812453
v 0.193801826 -0.291600994 -0.10757872
v 0.176727641 -0.267004695 -0.18129896
v 0.193960811 -0.267004695 -0.147483005
v 0.156058647 -0.267004695 -0.213131379
v 0.132171327 -0.267004695 -0.242625448
v 0.105335769 -0.267004695 -0.269464901
v 0.0758382916 -0.267004695 -0.29334792
v 0.0440089564 -0.267004695 -0.31402154
v 0.0101904043 -0.267004695 -0.331249759
v -0.025241693 -0.267004695 -0.344853791
v 0.207559811 -0.26700575 -0.11204896
v 0.217385622 -0.26701484 -0.075388971
v 0.223320242 -0.267036022 -0.0379018393
v -0.0619030615 -0.267004695 -0.354674408
v -0.0993893816 -0.267004695 -0.360614384
v -0.137291464 -0.267004695 -0.362598001
v -0.175193547 -0.267004695 -0.360614384
v -0.212679867 -0.267004695 -0.354674408
v -0.249341236 -0.267004695 -0.344853791
v -0.284773333 -0.267004695 -0.331249759
v -0.318591885 -0.267004695 -0.314021458
v -0.35042122 -0.267004695 -0.293348001
v -0.379918698 -0.267004695 -0.269464901
v -0.406754256 -0.267004695 -0.242625448
v -0.430641657 -0.267004695 -0.213131379
v -0.451310569 -0.267004695 -0.18129896
v -0.468543739 -0.267004695 -0.147483005
v -0.48214274 -0.267004695 -0.11204896
v -0.49196855 -0.267004695 -0.075388971
v -0.49790317 -0.267004695 -0.0379018393
v -0.209584899 -0.222382726 0.0894038152
v -0.19997967 -0.222382726 0.0963824269
v -0.166838691 -0.222382726 0.0328154628
v -0.199671034 -0.222382726 0.0692794598
v -0.183903867 -0.222382726 0.0807349657
v -0.159370221 -0.222382726 0.0382415587
v -0.226593185 -0.222382726 0.0724194698
v -0.218648816 -0.222382726 0.081242597
v -0.173015724 -0.222382726 0.0259551767
v -0.212711843 -0.222382726 0.0547961014
v -0.239698594 -0.222382726 0.0522701183
v -0.23376227 -0.222382726 0.0625521073
v -0.177631395 -0.222382726 0.0179604908
v -0.222456497 -0.222382726 0.0379179082
v -0.248328327 -0.222382726 0.029836223
v -0.244659422 -0.222382726 0.0411277936
v -0.180484112 -0.222382726 0.00918086323
v -0.228479009 -0.222382726 0.0193825077
v -0.252105169 -0.222382726 0.00609839283
v -0.25086413 -0.222382726 0.0179060351
v -0.181449058 -0.222382726 0
v -0.230516189 -0.222382726 -0
v 0.154903958 0.285649981 0.212292388
v 0.156145808 0.275189449 0.213194681
v 0.182463347 0.289060728 0.162923031
v 0.163681475 0.289060728 0.195454285
v 0.194059172 0.275189449 0.147526829
v 0.192656876 0.285649981 0.146902495
v 0.166899882 0.268366494 0.197544379
v 0.185882696 0.268366494 0.16466529
v 0.104380724 0.285649981 0.268404191
v 0.105407836 0.275189449 0.269544921
v 0.141602394 0.289060728 0.225843587
v 0.116467219 0.289060728 0.253758927
v 0.119180835 0.268366494 0.256472462
v 0.144584718 0.268366494 0.22825863
v 0.0432952698 0.285649981 0.31278537
v 0.0440627629 0.275189449 0.314114788
v 0.088552285 0.289060728 0.278893615
v 0.0581625775 0.289060728 0.300973102
v 0.0602526714 0.268366494 0.30419159
v 0.0909674089 0.268366494 0.28187602
v -0.0256826951 0.285649981 0.343496293
v -0.025208419 0.275189449 0.34495621
v 0.0256318914 0.289060728 0.319754649
v -0.00868439089 0.289060728 0.335033256
v -0.00730911987 0.268366494 0.338615972
v 0.0273740691 0.268366494 0.323173998
v -0.0995385465 0.285649981 0.359194883
v -0.0993781009 0.275189449 0.36072151
v -0.044409137 0.289060728 0.346640929
v -0.0811520674 0.289060728 0.354450904
v -0.0805517559 0.268366494 0.358241299
v -0.0434158677 0.268366494 0.350347734
v -0.175044382 0.285649981 0.359194883
v -0.175204828 0.275189449 0.36072151
v -0.118509593 0.289060728 0.358377317
v -0.156073336 0.289060728 0.358377317
v -0.156274197 0.268366494 0.362209669
v -0.118308732 0.268366494 0.362209669
v -0.248900234 0.285649981 0.343496293
v -0.24937451 0.275189449 0.34495621
v -0.193430861 0.289060728 0.354450904
v -0.230173792 0.289060728 0.346640929
v -0.231167061 0.268366494 0.350347734
v -0.194031173 0.268366494 0.358241218
v -0.317878199 0.285649981 0.31278537
v -0.318645692 0.275189449 0.314114788
v -0.265898538 0.289060728 0.335033337
v -0.30021482 0.289060728 0.31975473
v -0.301956998 0.268366494 0.323173998
v -0.267273809 0.268366494 0.338615972
v -0.378963653 0.285649981 0.268404191
v -0.379990764 0.275189449 0.269544921
v -0.332745506 0.289060728 0.300973102
v -0.363135214 0.289060728 0.278893615
v -0.365550338 0.268366494 0.28187602
v -0.3348356 0.268366494 0.30419159
v -0.429486887 0.285649981 0.212292388
v -0.430728737 0.275189449 0.213194681
v -0.391050148 0.289060728 0.253758927
v -0.416185323 0.289060728 0.225843587
v -0.419167647 0.268366494 0.22825863
v -0.393763764 0.268366494 0.256472462
v -0.467239804 0.285649981 0.146902495
v -0.4686421 0.275189449 0.147526829
v -0.438264404 0.289060728 0.195454285
v -0.457046276 0.289060728 0.162923031
v -0.460465625 0.268366494 0.16466529
v -0.441482892 0.268366494 0.197544379
v -0.490572422 0.285649981 0.0750921832
v -0.492073891 0.275189449 0.0754112889
v -0.472324639 0.289060728 0.128607317
v -0.483932475 0.289060728 0.0928820027
v -0.48763936 0.268366494 0.093875272
v -0.475907355 0.268366494 0.129982588
v -0.498464933 0.285649981 -0
v -0.499999919 0.275189449 -0
v -0.491742368 0.289060728 0.0561396404
v -0.495668862 0.289060728 0.018781628
v -0.499501134 0.268366494 0.0189824894
v -0.495532682 0.268366494 0.056739952
v 0.215989494 0.285928184 0.0750921832
v 0.217490962 0.275894208 0.07541137
v 0.221085933 0.289617134 0.018781628
v 0.21715944 0.289338931 0.0561396404
v 0.22541699 0.278290504 0
v 0.223882004 0.286874058 -0
v 0.220949753 0.270332501 0.056739952
v 0.224918205 0.272298588 0.0189824894
v 0.209349546 0.289116401 0.0928820839
v 0.19774171 0.289060728 0.128607317
v 0.201324427 0.268366494 0.129982588
v 0.213056431 0.268759614 0.093875272
v 0.199275804 0.285686826 -0
v 0.193343781 0.273231558 -0
v 0.198943307 0.28907915 0.0532544604
v 0.202668047 0.28907915 0.0178163576
v 0.186118536 0.273231558 0.0687429369
v 0.191920952 0.285686826 0.0699762659
v 0.190347579 0.263368497 0.0171706798
v 0.186757802 0.263368497 0.0513244876
v -0.466503881 0.285686826 0.0699762659
v -0.460701465 0.273231558 0.0687429369
v -0.477250976 0.28907915 0.0178163576
v -0.473526236 0.28907915 0.0532544604
v -0.46792671 0.273231558 0
v -0.473858732 0.285686826 -0
v -0.461340731 0.263368497 0.0513244876
v -0.464930508 0.263368497 0.0171706798
v -0.444760949 0.285686826 0.136894246
v -0.439341751 0.273231558 0.134481476
v -0.46611774 0.28907915 0.0881086453
v -0.455106483 0.28907915 0.121997884
v -0.443588568 0.263368497 0.117576582
v -0.454200781 0.263368497 0.084915478
v -0.305714849 -0.255943364 0.0265543521
v -0.307555307 -0.255943364 0.00904314136
v -0.201063997 -0.255332097 0.0135552574
v -0.272218893 -0.25557662 0.0286797488
v -0.275233273 -0.25557662 -0
v -0.202488692 -0.255332097 -0
v -0.296513372 -0.255943364 0.0609912323
v -0.301954482 -0.255943364 0.0442453235
v -0.196852077 -0.255332097 0.0265180753
v -0.263307549 -0.25557662 0.0561059606
v -0.280353248 -0.255943364 0.0927625409
v -0.28915706 -0.255943364 0.0775137996
v -0.190037157 -0.255332097 0.0383219843
v -0.248888709 -0.25557662 0.0810801226
v -0.257940535 -0.255943364 0.120479697
v -0.26972245 -0.255943364 0.107394577
v -0.180916918 -0.255332097 0.0484509941
v -0.229592552 -0.25557662 0.102510685
v -0.230254948 -0.255943364 0.142931285
v -0.24449987 -0.255943364 0.132581693
v -0.169890078 -0.255332097 0.0564624793
v -0.206262369 -0.25557662 0.119461107
v -0.198506363 -0.255943364 0.159136045
v -0.214591823 -0.255943364 0.151974345
v -0.157438544 -0.255332097 0.0620062515
v -0.179917805 -0.25557662 0.131190434
v -0.164082468 -0.255943364 0.168385891
v -0.181305412 -0.255943364 0.164725021
v -0.144106465 -0.255332097 0.0648400596
v -0.151710304 -0.25557662 0.137186083
v -0.128487571 -0.255943364 0.170276422
v -0.146095358 -0.255943364 0.170276422
v -0.130476463 -0.255332097 0.0648400596
v -0.122872625 -0.25557662 0.137186083
v -0.0932775169 -0.255943364 0.164725021
v -0.110500461 -0.255943364 0.168385891
v -0.117144385 -0.255332097 0.0620062515
v -0.0946651236 -0.25557662 0.131190434
v -0.0599911053 -0.255943364 0.151974345
v -0.0760765659 -0.255943364 0.159136045
v -0.104692851 -0.255332097 0.0564624793
v -0.06832056 -0.25557662 0.119461107
v -0.0300830592 -0.255943364 0.132581693
v -0.044327981 -0.255943364 0.142931285
v -0.0936660111 -0.255332097 0.0484509941
v -0.0449903769 -0.25557662 0.102510685
v -0.00486047849 -0.255943364 0.107394577
v -0.0166423942 -0.255943364 0.120479697
v -0.0845457714 -0.255332097 0.0383219843
v -0.0256942193 -0.25557662 0.0810801226
v 0.0145741314 -0.255943364 0.0775137996
v 0.00577031935 -0.255943364 0.0927625409
v -0.0777308515 -0.255332097 0.0265180753
v -0.01127538 -0.25557662 0.0561059606
v -0.409580111 0.285686826 0.197829237
v -0.404780946 0.273231558 0.194342528
v -0.440613305 0.28907915 0.154550077
v -0.422796704 0.28907915 0.185409434
v -0.412449627 0.263368497 0.178689954
v -0.429620632 0.263368497 0.148949008
v -0.362498869 0.285686826 0.250118184
v -0.358529606 0.273231558 0.245709866
v -0.401852266 0.28907915 0.214236887
v -0.378008933 0.28907915 0.240717631
v -0.36928506 0.263368497 0.231993757
v -0.392264324 0.263368497 0.206472766
v 0.227709568 0.192924772 0.0592693437
v 0.228155359 0.17060766 0.0592693437
v 0.243708273 0.199814599 0.0513565442
v 0.230638573 0.201064808 0.0521509
v 0.255585304 0.174903171 0.057062872
v 0.25596414 0.192214494 0.057062872
v 0.231392431 0.163318383 0.0521509
v 0.24373051 0.166375127 0.0513565442
v 0.228681818 0.2206231 0.0158051475
v 0.228012362 0.211056096 0.0434641962
v 0.245847304 0.214934059 -0
v 0.231835544 0.218516369 -0
v 0.257347202 0.206300025 0.0418461062
v 0.258844694 0.213500923 0.0152167659
v -0.305575098 0.285686826 0.29147573
v -0.302609087 0.273231558 0.286338469
v -0.351528595 0.28907915 0.264560639
v -0.322700655 0.28907915 0.28550532
v -0.315981256 0.263368497 0.275158325
v -0.343764393 0.263368497 0.254972697
v -0.241296477 0.285686826 0.320094449
v -0.239463323 0.273231558 0.314452803
v -0.291841785 0.28907915 0.303321759
v -0.259289105 0.28907915 0.3178151
v -0.254867803 0.263368497 0.306297185
v -0.286240716 0.263368497 0.292329005
v 0.347429158 0.189611088 0.057062872
v 0.343396187 0.173038934 0.057062872
v 0.41737921 0.172408108 0.0513565442
v 0.373822821 0.191579366 0.0513565442
v 0.419078375 0.140445433 0.057062872
v 0.430533719 0.153023977 0.057062872
v 0.36299806 0.161347021 0.0513565442
v 0.399248211 0.145912269 0.0513565442
v 0.352768822 0.20936172 0.0152167659
v 0.350895415 0.202878566 0.0418461062
v 0.424914715 0.183420177 -0
v 0.378525167 0.204152635 -0
v 0.439698026 0.163086764 0.0418461062
v 0.444171025 0.16799833 0.0152167659
v -0.172472302 0.285686826 0.334723483
v -0.17185227 0.273231558 0.328824004
v -0.225400353 0.28907915 0.328826276
v -0.190545681 0.28907915 0.336234853
v -0.188615708 0.263368497 0.324049348
v -0.222207186 0.263368497 0.316909235
v -0.102110626 0.285686826 0.334723483
v -0.102730659 0.273231558 0.328824004
v -0.155108147 0.28907915 0.33995943
v -0.119474782 0.28907915 0.33995943
v -0.120120541 0.263368497 0.327639044
v -0.154462388 0.263368497 0.327639044
v 0.473943946 0.101902217 0.0513565442
v 0.451264554 0.142244826 0.0513565442
v 0.457421866 0.0720684292 0.057062872
v 0.473689035 0.0764901373 0.057062872
v 0.426555042 0.121798768 0.0513565442
v 0.444657394 0.0893275691 0.0513565442
v 0.486115898 0.107128426 -0
v 0.461534207 0.150742517 -0
v 0.486702819 0.0800274876 0.0418461062
v 0.493054743 0.0817540833 0.0152167659
v -0.0332864522 0.285686826 0.320094449
v -0.0351196058 0.273231558 0.314452803
v -0.0840372474 0.28907915 0.336234853
v -0.0491825756 0.28907915 0.328826276
v -0.0523757429 0.263368497 0.316909235
v -0.0859672202 0.263368497 0.324049348
v 0.0309921697 0.285686826 0.29147573
v 0.0280261582 0.273231558 0.286338469
v -0.0152938236 0.28907915 0.3178151
v 0.0172588559 0.28907915 0.303321759
v 0.0116577875 0.263368497 0.292329005
v -0.0197151259 0.263368497 0.306297185
v 0.485310424 0.000844307327 0.0513565442
v 0.485310424 0.0532259341 0.0513565442
v 0.457421866 -0.0179981878 0.057062872
v 0.473689035 -0.0224198959 0.057062872
v 0.453677973 0.0490535375 0.0513565442
v 0.453677973 0.00501670395 0.0513565442
v 0.498457385 -0.00088983589 -0
v 0.498457385 0.0549600773 -0
v 0.486702819 -0.0259573273 0.0418461062
v 0.493054743 -0.0276838419 0.0152167659
v 0.0879159402 0.285686826 0.250118184
v 0.0839466772 0.273231558 0.245709866
v 0.0481177266 0.28907915 0.28550532
v 0.0769456664 0.28907915 0.264560639
v 0.0691814638 0.263368497 0.254972697
v 0.0413983275 0.263368497 0.275158325
v 0.134997182 0.285686826 0.197829237
v 0.130198017 0.273231558 0.194342528
v 0.103426004 0.28907915 0.240717631
v 0.127269337 0.28907915 0.214236887
v 0.117681314 0.263368497 0.206472766
v 0.0947021308 0.263368497 0.231993757
v 0.451264554 -0.0881745846 0.0513565442
v 0.473943946 -0.0478319761 0.0513565442
v 0.419078456 -0.0863751919 0.057062872
v 0.4305338 -0.0989536546 0.057062872
v 0.444657475 -0.0352574088 0.0513565442
v 0.426555123 -0.0677285264 0.0513565442
v 0.461534207 -0.0966722759 -0
v 0.486115898 -0.0530581844 -0
v 0.439698026 -0.109016441 0.0418461062
v 0.444171025 -0.113928088 0.0152167659
v 0.17017802 0.285686826 0.136894246
v 0.164758822 0.273231558 0.134481476
v 0.148213775 0.28907915 0.185409434
v 0.166030376 0.28907915 0.154550077
v 0.155037703 0.263368497 0.148949008
v 0.137866699 0.263368497 0.178689954
v 0.180523554 0.28907915 0.121997884
v 0.191534812 0.28907915 0.0881086453
v 0.179617852 0.263368497 0.084915478
v 0.169005558 0.263368497 0.117576582
v 0.373763252 -0.137506609 0.0513565442
v 0.41737921 -0.118337785 0.0513565442
v 0.343334752 -0.118966258 0.057062872
v 0.347369589 -0.135538412 0.057062872
v 0.399248211 -0.0918420281 0.0513565442
v 0.362936544 -0.107274344 0.0513565442
v 0.378262951 -0.150071681 -0
v 0.424914715 -0.129349936 -0
v 0.35059741 -0.148796151 0.0418461062
v 0.352172893 -0.155267212 0.0152167659
v 0.181014062 0.177310747 0
v 0.180355723 0.121949718 -0
v 0.178068826 0.198152928 0.0499483239
v 0.181562271 0.198152928 0.0167102813
v 0.173414362 0.121949718 0.0660425493
v 0.174058336 0.177310747 0.0661794596
v 0.17991886 0.0827446744 0.0166241747
v 0.176443432 0.0827446744 0.0496908156
v -0.448641265 0.177310747 0.0661794596
v -0.447997291 0.121949718 0.0660425493
v -0.4561452 0.198152928 0.0167102813
v -0.452651755 0.198152928 0.0499483239
v -0.454938652 0.121949718 -0
v -0.455596909 0.177310747 0
v -0.451026361 0.0827446744 0.0496908156
v -0.454501789 0.0827446744 0.0166241747
v 0.274744064 -0.146624414 0.0513565442
v 0.323260145 -0.145896201 0.0513565442
v 0.255314729 -0.120900532 0.057062872
v 0.255703548 -0.138131917 0.057062872
v 0.318142199 -0.113932795 0.0513565442
v 0.272971534 -0.114147859 0.0513565442
v 0.275508392 -0.160377692 -0
v 0.325387165 -0.159180802 -0
v 0.256044241 -0.152168024 0.0418461062
v 0.256238691 -0.159307081 0.0152167659
v 0.217924255 -0.202507601 0.0750131371
v 0.217490962 -0.237792644 0.07541137
v 0.225094719 -0.19506989 0.0183941077
v 0.221873391 -0.188745315 0.0548330274
v 0.22541699 -0.238478575 0
v 0.225458055 -0.208940438 -0
v 0.220949753 -0.251000797 0.056739952
v 0.224918205 -0.251202551 0.0189824894
v 0.194059172 -0.201699774 0.147526829
v 0.194059172 -0.23759089 0.147526829
v 0.21346351 -0.179746403 0.0940113708
v 0.201324427 -0.179852474 0.129982588
v 0.201324427 -0.250799043 0.129982588
v 0.213056431 -0.250839377 0.093875272
v 0.229077535 0.151858576 0.0434641962
v 0.229939332 0.141519209 0.0158051475
v 0.257601708 0.15485429 0.0152167659
v 0.256378686 0.161367634 0.0418461062
v 0.233010197 0.14534507 -0
v 0.245837484 0.152008552 -0
v -0.428078017 0.177310747 0.129466516
v -0.42747665 0.121949718 0.129198782
v -0.445703171 0.198152928 0.0826385629
v -0.435375491 0.198152928 0.11442383
v -0.433839206 0.0827446744 0.11383415
v -0.444113648 0.0827446744 0.0822126557
v 0.34056806 0.160422572 0.0418461062
v 0.339492174 0.154753251 0.0152167659
v 0.406423058 0.126549158 0.0152167659
v 0.410350525 0.130861874 0.0418461062
v 0.359170982 0.150085072 -0
v 0.392489045 0.136034762 -0
v -0.394806051 0.177310747 0.18709529
v -0.394273424 0.121949718 0.186708338
v -0.421782171 0.198152928 0.144955074
v -0.405071565 0.198152928 0.17389858
v -0.403691425 0.0827446744 0.173002292
v -0.420315843 0.0827446744 0.144208032
v 0.4394505 0.0671834821 0.0152167659
v 0.44502779 0.0686994778 0.0418461062
v 0.417343583 0.114176507 -0
v 0.433739547 0.0846398313 -0
v -0.350279441 0.177310747 0.236547101
v -0.349838925 0.121949718 0.236057811
v -0.385427492 0.198152928 0.200936379
v -0.363064364 0.198152928 0.225773144
v -0.361900749 0.0827446744 0.224609446
v -0.384148553 0.0827446744 0.199900746
v 0.4394505 -0.0131132407 0.0152167659
v 0.445027871 -0.0146292364 0.0418461062
v 0.441885507 0.0474980999 -0
v 0.441885507 0.00657214147 -0
v -0.296444227 0.177310747 0.2756606
v -0.296115058 0.121949718 0.27509056
v -0.338228087 0.198152928 0.248135865
v -0.311189882 0.198152928 0.267780263
v -0.310293594 0.0827446744 0.266400123
v -0.337192454 0.0827446744 0.246856926
v 0.406422977 -0.0724789978 0.0152167659
v 0.410350606 -0.0767916322 0.0418461062
v 0.433739547 -0.0305695899 -0
v 0.417343502 -0.0601062658 -0
v -0.235653288 0.177310747 0.302726479
v -0.23544983 0.121949718 0.302100441
v -0.282246782 0.198152928 0.284490545
v -0.251715132 0.198152928 0.298084108
v -0.251125371 0.0827446744 0.296547823
v -0.281499659 0.0827446744 0.283024298
v 0.338877173 -0.100657932 0.0152167659
v 0.34026056 -0.106339832 0.0418461062
v 0.392489045 -0.081964521 -0
v 0.358900408 -0.0960037932 -0
v -0.17056343 0.177310747 0.316561806
v -0.17049461 0.121949718 0.315907039
v -0.219930271 0.198152928 0.308411706
v -0.187239464 0.198152928 0.31536029
v -0.186982037 0.0827446744 0.313734896
v -0.219504364 0.0827446744 0.306822102
v 0.254895558 -0.101459917 0.0152167659
v 0.25502557 -0.107635327 0.0418461062
v 0.316234301 -0.102016891 -0
v 0.272314251 -0.101880955 -0
v -0.104019499 0.177310747 0.316561806
v -0.104088319 0.121949718 0.31590712
v -0.154001989 0.198152928 0.318853735
v -0.12058094 0.198152928 0.318853735
v -0.120667046 0.0827446744 0.317210325
v -0.153915883 0.0827446744 0.317210325
v 0.156145808 -0.201699774 0.213194681
v 0.156145808 -0.23759089 0.213194681
v 0.185882696 -0.179852474 0.16466529
v 0.166899882 -0.179852474 0.197544379
v 0.166899882 -0.250799043 0.197544379
v 0.185882696 -0.250799043 0.16466529
v 0.105407836 -0.201699774 0.269544921
v 0.105407836 -0.23759089 0.269544921
v 0.144584718 -0.179852474 0.22825863
v 0.119180835 -0.179852474 0.256472462
v 0.119180835 -0.250799043 0.256472462
v 0.144584718 -0.250799043 0.22825863
v -0.0389296405 0.177310747 0.302726479
v -0.0391330988 0.121949718 0.302100441
v -0.0873434651 0.198152928 0.31536029
v -0.054652658 0.198152928 0.308411706
v -0.0550785652 0.0827446744 0.306822102
v -0.0876008922 0.0827446744 0.313734896
v 0.0218612986 0.177310747 0.2756606
v 0.0215321295 0.121949718 0.27509056
v -0.0228677963 0.198152928 0.298084108
v 0.00766385312 0.198152928 0.284490545
v 0.00691673021 0.0827446744 0.283024298
v -0.0234575576 0.0827446744 0.296547823
v 0.323558069 0.199978615 0.0513565442
v 0.27533837 0.200720625 0.0513565442
v 0.273586535 0.168164537 0.0513565442
v 0.3184497 0.168015535 0.0513565442
v 0.326698161 0.213304444 -0
v 0.278123322 0.21456212 -0
v 0.075696512 0.177310747 0.236547101
v 0.0752559967 0.121949718 0.236057811
v 0.0366069534 0.198152928 0.267780263
v 0.063645158 0.198152928 0.248135865
v 0.0626095252 0.0827446744 0.246856926
v 0.0357106656 0.0827446744 0.266400123
v 0.120223122 0.177310747 0.18709529
v 0.119690495 0.121949718 0.186708338
v 0.0884814357 0.198152928 0.225773144
v 0.110844563 0.198152928 0.200936379
v 0.109565624 0.0827446744 0.199900746
v 0.0873178198 0.0827446744 0.224609446
v 0.230356636 -0.147188043 0.0521509
v 0.24312046 -0.145711733 0.0513565442
v 0.228093761 -0.118084822 0.0592693437
v 0.227656979 -0.139640527 0.0592693437
v 0.243115347 -0.112672928 0.0513565442
v 0.231084688 -0.110602474 0.0521509
v 0.230595235 -0.164143172 -0
v 0.243260616 -0.160720252 -0
v 0.227749741 -0.157175841 0.0434641962
v 0.228156576 -0.166122732 0.0158051475
v 0.275020238 0.155715681 -0
v 0.317587173 0.156142319 -0
v 0.153495088 0.177310747 0.129466516
v 0.152893722 0.121949718 0.129198782
v 0.130488637 0.198152928 0.17389858
v 0.147199243 0.198152928 0.144955074
v 0.145732915 0.0827446744 0.144208032
v 0.129108496 0.0827446744 0.173002292
v 0.229323195 -0.0932624219 0.0158051475
v 0.228769467 -0.101287136 0.0434641962
v 0.24313101 -0.0995574559 -0
v 0.231656026 -0.0956758415 -0
v 0.160792562 0.198152928 0.114423912
v 0.171120242 0.198152928 0.0826385629
v 0.169530719 0.0827446744 0.0822126557
v 0.159256278 0.0827446744 0.11383415
v -0.423457314 -0.21873687 0.0608264043
v -0.400649127 -0.225368134 0.0559783833
v -0.437975001 -0.211404986 0.015758077
v -0.434680633 -0.211404986 0.0471019365
v -0.4065327 -0.225368134 -0
v -0.429850385 -0.21873687 0
v -0.389015402 -0.226040756 0.0398692251
v -0.391803925 -0.226040756 0.0133383271
v -0.404557361 -0.21873687 0.11899446
v -0.383255511 -0.225368134 0.109510235
v -0.42812809 -0.211404986 0.0779293187
v -0.418388954 -0.211404986 0.107903345
v -0.375225279 -0.226040756 0.0913343562
v -0.383468952 -0.226040756 0.0659629352
v -0.373976612 -0.21873687 0.17196179
v -0.355112204 -0.225368134 0.158255988
v -0.405570188 -0.211404986 0.136694683
v -0.389811868 -0.211404986 0.163988773
v -0.351036383 -0.226040756 0.138807744
v -0.364374954 -0.226040756 0.115704717
v -0.333051546 -0.21873687 0.217413661
v -0.317448964 -0.225368134 0.200085214
v -0.37128718 -0.211404986 0.189485905
v -0.350198528 -0.211404986 0.212907226
v -0.317505854 -0.226040756 0.180214471
v -0.335356298 -0.226040756 0.160389582
v -0.283570925 -0.21873687 0.253363453
v -0.271912041 -0.225368134 0.233169709
v -0.326777531 -0.211404986 0.233995635
v -0.301280075 -0.211404986 0.252520566
v -0.276098965 -0.226040756 0.213745081
v -0.297681208 -0.226040756 0.198064671
v -0.227697151 -0.21873687 0.278240065
v -0.220491546 -0.225368134 0.256063597
v -0.273986391 -0.211404986 0.268278562
v -0.245194566 -0.211404986 0.28109749
v -0.228625658 -0.226040756 0.237933896
v -0.252996344 -0.226040756 0.227083409
v -0.167872213 -0.21873687 0.29095625
v -0.165434853 -0.225368134 0.267766305
v -0.215221027 -0.211404986 0.290836545
v -0.184393157 -0.211404986 0.297389168
v -0.177160527 -0.226040756 0.251723938
v -0.203254643 -0.226040756 0.246177406
v -0.106710715 -0.21873687 0.29095625
v -0.109148076 -0.225368134 0.267766305
v -0.153049704 -0.211404986 0.300683537
v -0.121533225 -0.211404986 0.300683537
v -0.123952975 -0.226040756 0.25451238
v -0.150629954 -0.226040756 0.25451238
v -0.0468857773 -0.21873687 0.278240065
v -0.0540913826 -0.225368134 0.256063597
v -0.0901897713 -0.211404986 0.297389168
v -0.0593619022 -0.211404986 0.290836545
v -0.0713282857 -0.226040756 0.246177488
v -0.0974224016 -0.226040756 0.251723938
v 0.0089879958 -0.21873687 0.253363453
v -0.00267088732 -0.225368134 0.233169709
v -0.0293883631 -0.211404986 0.28109749
v -0.0005965378 -0.211404986 0.268278562
v -0.0215865852 -0.226040756 0.227083409
v -0.0459572705 -0.226040756 0.237933896
v 0.0584686171 -0.21873687 0.217413661
v 0.0428660352 -0.225368134 0.200085214
v 0.0266971462 -0.211404986 0.252520566
v 0.0521946026 -0.211404986 0.233995635
v 0.0230982796 -0.226040756 0.198064671
v 0.00151603624 -0.226040756 0.213745081
v 0.0993936829 -0.21873687 0.17196179
v 0.0805292756 -0.225368134 0.158255988
v 0.0756155993 -0.211404986 0.212907226
v 0.0967042514 -0.211404986 0.189485905
v 0.0607733688 -0.226040756 0.160389582
v 0.0429229257 -0.226040756 0.180214471
v 0.129974432 -0.21873687 0.11899446
v 0.108672583 -0.225368134 0.109510235
v 0.115228939 -0.211404986 0.163988854
v 0.13098726 -0.211404986 0.136694683
v 0.0897920254 -0.226040756 0.115704717
v 0.0764534548 -0.226040756 0.138807663
v 0.148874385 -0.21873687 0.0608264043
v 0.126066198 -0.225368134 0.0559783833
v 0.143806026 -0.211404986 0.107903345
v 0.153545162 -0.211404986 0.0779293187
v 0.108886023 -0.226040756 0.0659629352
v 0.10064235 -0.226040756 0.0913343562
v 0.155267456 -0.21873687 0
v 0.131949771 -0.225368134 -0
v 0.160097704 -0.211404986 0.0471019365
v 0.163392073 -0.211404986 0.015758077
v 0.117220997 -0.226040756 0.0133383271
v 0.114432473 -0.226040756 0.0398692251
v -0.497846361 -0.279813804 0
v -0.494324755 -0.286825689 -0
v -0.494469132 -0.275830501 0.0565715531
v -0.498425815 -0.275830501 0.0189260859
v -0.486522734 -0.286825689 0.0742313606
v -0.489967404 -0.279813804 0.0749635508
v -0.491354361 -0.289339012 0.0185555272
v -0.4874751 -0.289339012 0.0554637725
v -0.474902075 -0.275830501 0.129596691
v -0.486599264 -0.275830501 0.093596582
v -0.463457525 -0.286825689 0.145218507
v -0.466674715 -0.279813804 0.146650912
v -0.479759267 -0.289339012 0.0917638342
v -0.468291182 -0.289339012 0.127059021
v -0.440579787 -0.275830501 0.196957945
v -0.459506198 -0.275830501 0.164176406
v -0.426137413 -0.286825689 0.209858841
v -0.428986478 -0.279813804 0.211928808
v -0.453196799 -0.289339012 0.160961651
v -0.434640947 -0.289339012 0.193101246
v -0.393002357 -0.275830501 0.255711136
v -0.418330765 -0.275830501 0.227580977
v -0.376193309 -0.286825689 0.265327402
v -0.378549757 -0.279813804 0.267944442
v -0.412827652 -0.289339012 0.223124615
v -0.387995189 -0.289339012 0.250703968
v -0.334249085 -0.275830501 0.303288485
v -0.364872684 -0.275830501 0.281039139
v -0.315808069 -0.286825689 0.309199813
v -0.317568913 -0.279813804 0.312249659
v -0.360416323 -0.289339012 0.275536026
v -0.330392467 -0.289339012 0.297349645
v -0.266887912 -0.275830501 0.337610692
v -0.301468114 -0.275830501 0.322214571
v -0.247620808 -0.286825689 0.339558762
v -0.24870903 -0.279813804 0.342907993
v -0.298253359 -0.289339012 0.315905172
v -0.264350242 -0.289339012 0.330999798
v -0.193862693 -0.275830501 0.357177667
v -0.23088829 -0.275830501 0.349307637
v -0.174611577 -0.286825689 0.355077348
v -0.174979701 -0.279813804 0.35857972
v -0.229055542 -0.289339012 0.342467721
v -0.192754993 -0.289339012 0.350183636
v -0.118365054 -0.275830501 0.361134351
v -0.156217875 -0.275830501 0.361134351
v -0.0999713519 -0.286825689 0.355077348
v -0.0996032279 -0.279813804 0.35857972
v -0.155847235 -0.289339012 0.354062816
v -0.118735694 -0.289339012 0.354062816
v -0.0436946389 -0.275830501 0.349307637
v -0.0807202359 -0.275830501 0.357177748
v -0.0269621208 -0.286825689 0.339558762
v -0.0258738989 -0.279813804 0.342907993
v -0.0818279353 -0.289339012 0.350183636
v -0.0455273867 -0.289339012 0.342467721
v 0.0268851848 -0.275830501 0.322214571
v -0.00769501706 -0.275830501 0.337610692
v 0.0412251404 -0.286825689 0.309199813
v 0.0429859839 -0.279813804 0.312249659
v -0.0102326867 -0.289339012 0.330999798
v 0.02367043 -0.289339012 0.315905172
v 0.0902897556 -0.275830501 0.281039139
v 0.0596661563 -0.275830501 0.303288485
v 0.10161038 -0.286825689 0.265327402
v 0.103966828 -0.279813804 0.267944442
v 0.055809538 -0.289339012 0.297349645
v 0.0858333939 -0.289339012 0.275536026
v 0.143747837 -0.275830501 0.227580977
v 0.118419428 -0.275830501 0.255711136
v 0.151554484 -0.286825689 0.209858841
v 0.154403549 -0.279813804 0.211928808
v 0.11341226 -0.289339012 0.250703968
v 0.138244724 -0.289339012 0.223124615
v 0.184923269 -0.275830501 0.164176406
v 0.165996858 -0.275830501 0.196957945
v 0.188874596 -0.286825689 0.145218507
v 0.192091786 -0.279813804 0.146650912
v 0.160058018 -0.289339012 0.193101165
v 0.17861387 -0.289339012 0.160961651
v 0.212016335 -0.275830501 0.093596582
v 0.200319146 -0.275830501 0.129596691
v 0.211939724 -0.286825689 0.0742313606
v 0.215384475 -0.279813804 0.0749635508
v 0.193708253 -0.289339012 0.127059021
v 0.205176338 -0.289339012 0.0917638342
v 0.223842968 -0.275830501 0.0189260859
v 0.219886203 -0.275830501 0.0565715531
v 0.219741826 -0.286825689 -0
v 0.223263432 -0.279813804 0
v 0.212892172 -0.289339012 0.0554637725
v 0.216771432 -0.289339012 0.0185555272
v -0.447997291 0.0327323996 0.0660425493
v -0.447344471 -0.0764294326 0.0659037724
v -0.454271224 -0.0764294326 -0
v -0.454938652 0.0327323996 -0
v -0.449378243 -0.123936744 0.0494298176
v -0.452835411 -0.123936744 0.0165368507
v -0.42747665 0.0327323996 0.129198782
v -0.426866925 -0.0764294326 0.128927315
v -0.432281334 -0.123936744 0.113236111
v -0.442501807 -0.123936744 0.081780743
v -0.394273424 0.0327323996 0.186708338
v -0.393733492 -0.0764294326 0.186316029
v -0.40229197 -0.123936744 0.172093506
v -0.418829064 -0.123936744 0.14345044
v -0.349838925 0.0327323996 0.236057892
v -0.349392324 -0.0764294326 0.235561866
v -0.36072082 -0.123936744 0.223429599
v -0.38285176 -0.123936744 0.198850668
v -0.296115058 0.0327323996 0.27509056
v -0.295781344 -0.0764294326 0.274512566
v -0.309384727 -0.123936744 0.265000668
v -0.336142294 -0.123936744 0.245560133
v -0.23544983 0.0327323996 0.302100441
v -0.235243612 -0.0764294326 0.301465719
v -0.250527332 -0.123936744 0.294989951
v -0.280742148 -0.123936744 0.281537518
v -0.17049461 0.0327323996 0.31590712
v -0.170424897 -0.0764294326 0.315243344
v -0.186721039 -0.123936744 0.312086779
v -0.219072451 -0.123936744 0.305210342
v -0.104088319 0.0327323996 0.31590712
v -0.104158032 -0.0764294326 0.315243344
v -0.12075437 -0.123936744 0.315543947
v -0.153828559 -0.123936744 0.315543947
v -0.0391330988 0.0327323996 0.302100441
v -0.0393393164 -0.0764294326 0.301465719
v -0.0555104779 -0.123936744 0.305210342
v -0.0878618902 -0.123936744 0.312086779
v 0.0215321295 0.0327323996 0.27509056
v 0.0211984157 -0.0764294326 0.274512566
v 0.00615921931 -0.123936744 0.281537518
v -0.0240555156 -0.123936744 0.294989951
v 0.0752559967 0.0327323996 0.236057892
v 0.0748093948 -0.0764294326 0.235561866
v 0.0615593655 -0.123936744 0.245560133
v 0.0348017986 -0.123936744 0.265000668
v 0.119690495 0.0327323996 0.186708338
v 0.119150564 -0.0764294326 0.186316029
v 0.108268831 -0.123936744 0.198850668
v 0.0861378915 -0.123936744 0.223429599
v 0.152893722 0.0327323996 0.129198782
v 0.152283996 -0.0764294326 0.128927315
v 0.144246135 -0.123936744 0.14345044
v 0.127709041 -0.123936744 0.172093506
v 0.173414362 0.0327323996 0.0660425493
v 0.172761543 -0.0764294326 0.0659037724
v 0.167918878 -0.123936744 0.081780743
v 0.157698405 -0.123936744 0.113236111
v 0.180355723 0.0327323996 -0
v 0.179688296 -0.0764294326 -0
v 0.178252482 -0.123936744 0.0165368507
v 0.174795314 -0.123936744 0.0494298176
v -0.499999919 0.260632969 -0
v -0.499999919 0.238681141 -0
v -0.492073891 0.238681141 0.0754112889
v -0.492073891 0.260632969 0.0754112889
v -0.499501134 0.222585941 0.0189824894
v -0.495532682 0.222585941 0.056739952
v -0.4686421 0.238681141 0.147526829
v -0.4686421 0.260632969 0.147526829
v -0.48763936 0.222585941 0.093875272
v -0.475907355 0.222585941 0.129982588
v -0.430728737 0.238681141 0.213194681
v -0.430728737 0.260632969 0.213194681
v -0.460465625 0.222585941 0.16466529
v -0.441482892 0.222585941 0.197544379
v -0.379990764 0.238681141 0.269544921
v -0.379990764 0.260632969 0.269544921
v -0.419167647 0.222585941 0.22825863
v -0.393763764 0.222585941 0.256472462
v -0.318645692 0.238681141 0.314114788
v -0.318645692 0.260632969 0.314114788
v -0.365550338 0.222585941 0.28187602
v -0.3348356 0.222585941 0.30419159
v -0.24937451 0.238681141 0.34495621
v -0.24937451 0.260632969 0.34495621
v -0.301956998 0.222585941 0.323173998
v -0.267273809 0.222585941 0.338615972
v -0.175204828 0.238681141 0.36072151
v -0.175204828 0.260632969 0.36072151
v -0.231167061 0.222585941 0.350347734
v -0.194031173 0.222585941 0.358241218
v -0.0993781009 0.238681141 0.36072151
v -0.0993781009 0.260632969 0.36072151
v -0.156274197 0.222585941 0.362209669
v -0.118308732 0.222585941 0.362209669
v -0.025208419 0.238681141 0.34495621
v -0.025208419 0.260632969 0.34495621
v -0.0805517559 0.222585941 0.358241299
v -0.0434158677 0.222585941 0.350347734
v 0.0440627629 0.238681141 0.314114788
v 0.0440627629 0.260632969 0.314114788
v -0.00730911987 0.222585941 0.338615972
v 0.0273740691 0.222585941 0.323173998
v 0.105407836 0.238681141 0.269544921
v 0.105407836 0.260632969 0.269544921
v 0.0602526714 0.222585941 0.30419159
v 0.0909674089 0.222585941 0.28187602
v 0.156145808 0.238681141 0.213194681
v 0.156145808 0.260632969 0.213194681
v 0.119180835 0.222585941 0.256472543
v 0.144584718 0.222585941 0.22825863
v 0.194059172 0.238681141 0.147526829
v 0.194059172 0.260632969 0.147526829
v 0.166899882 0.222585941 0.197544379
v 0.185882696 0.222585941 0.16466529
v 0.217923037 0.241622237 0.0750131371
v 0.217490962 0.261931385 0.07541137
v 0.201324427 0.222585941 0.129982588
v 0.213462942 0.223729025 0.0940113708
v 0.225450995 0.252406258 0
v 0.22541699 0.266346033 0
v 0.221865681 0.235713181 0.0548330274
v 0.22507865 0.244377324 0.0183941077
v 0.0440627629 -0.201699774 0.314114788
v 0.0440627629 -0.23759089 0.314114788
v 0.0909674089 -0.179852474 0.28187602
v 0.0602526714 -0.179852474 0.30419159
v 0.0602526714 -0.250799043 0.30419159
v 0.0909674089 -0.250799043 0.28187602
v 0.163282512 -0.200480079 0.0638889915
v 0.170149615 -0.158966956 0.0653485836
v 0.177018017 -0.158966956 -0
v 0.169997529 -0.200480079 0
v 0.143431003 -0.200480079 0.124985727
v 0.149844525 -0.158966956 0.127841204
v 0.111310561 -0.200480079 0.180619927
v 0.11699027 -0.158966956 0.18474647
v 0.0683249425 -0.200480079 0.228360237
v 0.0730226624 -0.158966956 0.233577518
v 0.0163529916 -0.200480079 0.266120053
v 0.0198633169 -0.158966956 0.272200024
v -0.042333976 -0.200480079 0.292249148
v -0.0401645115 -0.158966956 0.298926102
v -0.105171022 -0.200480079 0.305605654
v -0.104437209 -0.158966956 0.312587674
v -0.169411906 -0.200480079 0.305605654
v -0.17014572 -0.158966956 0.312587674
v -0.232248953 -0.200480079 0.292249148
v -0.234418417 -0.158966956 0.298926102
v -0.29093592 -0.200480079 0.266120053
v -0.294446246 -0.158966956 0.272200024
v -0.342907952 -0.200480079 0.228360237
v -0.347605591 -0.158966956 0.233577518
v -0.38589349 -0.200480079 0.180619927
v -0.391573199 -0.158966956 0.18474647
v -0.418013932 -0.200480079 0.124985727
v -0.424427454 -0.158966956 0.127841204
v -0.437865441 -0.200480079 0.0638889915
v -0.444732544 -0.158966956 0.0653485836
v -0.499999919 0.201826702 -0
v -0.499999919 0.145396766 -0
v -0.492073891 0.145396766 0.0754112889
v -0.492073891 0.201826702 0.0754112889
v -0.499501134 0.109266239 0.0189824894
v -0.495532682 0.109266239 0.056739952
v -0.4686421 0.145396766 0.147526829
v -0.4686421 0.201826702 0.147526829
v -0.48763936 0.109266239 0.093875272
v -0.475907355 0.109266239 0.129982588
v -0.430728737 0.145396766 0.213194681
v -0.430728737 0.201826702 0.213194681
v -0.460465625 0.109266239 0.16466529
v -0.441482892 0.109266239 0.197544379
v -0.379990764 0.145396766 0.269544921
v -0.379990764 0.201826702 0.269544921
v -0.419167647 0.109266239 0.22825863
v -0.393763764 0.109266239 0.256472462
v -0.318645692 0.145396766 0.314114788
v -0.318645692 0.201826702 0.314114788
v -0.365550338 0.109266239 0.28187602
v -0.3348356 0.109266239 0.30419159
v -0.24937451 0.145396766 0.34495621
v -0.24937451 0.201826702 0.34495621
v -0.301956998 0.109266239 0.323173998
v -0.267273809 0.109266239 0.338615972
v -0.175204828 0.145396766 0.36072151
v -0.175204828 0.201826702 0.36072151
v -0.231167061 0.109266239 0.350347734
v -0.194031173 0.109266239 0.358241218
v -0.0993781009 0.145396766 0.36072151
v -0.0993781009 0.201826702 0.36072151
v -0.156274197 0.109266239 0.362209669
v -0.118308732 0.109266239 0.362209669
v -0.025208419 0.145396766 0.34495621
v -0.025208419 0.201826702 0.34495621
v -0.0805517559 0.109266239 0.358241299
v -0.0434158677 0.109266239 0.350347734
v 0.0440627629 0.145396766 0.314114788
v 0.0440627629 0.201826702 0.314114788
v -0.00730911987 0.109266239 0.338615972
v 0.0273740691 0.109266239 0.323173998
v 0.105407836 0.145396766 0.269544921
v 0.105407836 0.201826702 0.269544921
v 0.0602526714 0.109266239 0.30419159
v 0.0909674089 0.109266239 0.28187602
v 0.156145808 0.145396766 0.213194681
v 0.156145808 0.201826702 0.213194681
v 0.119180835 0.109266239 0.256472543
v 0.144584718 0.109266239 0.22825863
v 0.194059172 0.145396766 0.147526829
v 0.194059172 0.201826702 0.147526829
v 0.166899882 0.109266239 0.197544379
v 0.185882696 0.109266239 0.16466529
v 0.217859086 0.149775786 0.0811948773
v 0.217779959 0.202301303 0.0811948773
v 0.201324427 0.109266239 0.129982588
v 0.213501654 0.111049969 0.0940113708
v -0.025208419 -0.201699774 0.34495621
v -0.025208419 -0.23759089 0.34495621
v 0.0273740691 -0.179852474 0.323173998
v -0.00730911987 -0.179852474 0.338615972
v -0.00730911987 -0.250799043 0.338615972
v 0.0273740691 -0.250799043 0.323173998
v -0.444580458 -0.200480079 0
v -0.451600946 -0.158966956 -0
v -0.189416963 -0.222382726 0.10248082
v -0.178570776 -0.222382726 0.10730985
v -0.166099521 -0.222382726 0.0886619675
v -0.150936886 -0.222382726 0.0419963261
v -0.166970975 -0.222382726 0.11107882
v -0.155357702 -0.222382726 0.113547345
v -0.147036119 -0.222382726 0.0927140096
v -0.141907217 -0.222382726 0.0439156675
v -0.143227788 -0.222382726 0.114822226
v -0.13135514 -0.222382726 0.114822226
v -0.12754681 -0.222382726 0.0927140908
v -0.132675712 -0.222382726 0.0439156675
v -0.119225227 -0.222382726 0.113547345
v -0.107611954 -0.222382726 0.11107882
v -0.108483408 -0.222382726 0.0886619675
v -0.123646043 -0.222382726 0.0419963261
v -0.0960121523 -0.222382726 0.10730985
v -0.0851659662 -0.222382726 0.10248082
v -0.0906790614 -0.222382726 0.0807349657
v -0.115212708 -0.222382726 0.0382415587
v -0.0746032583 -0.222382726 0.0963824269
v -0.0649980299 -0.222382726 0.0894038152
v -0.0749118949 -0.222382726 0.0692794598
v -0.107744238 -0.222382726 0.0328154628
v -0.0559341126 -0.222382726 0.081242597
v -0.0479897435 -0.222382726 0.0724194698
v -0.061871086 -0.222382726 0.0547961014
v -0.101567205 -0.222382726 0.0259551767
v -0.0408206584 -0.222382726 0.0625521073
v -0.0348843343 -0.222382726 0.0522701183
v -0.0521264314 -0.222382726 0.0379179082
v -0.096951534 -0.222382726 0.0179604908
v -0.0299235063 -0.222382726 0.0411277936
v -0.0262546021 -0.222382726 0.029836223
v -0.0461039196 -0.222382726 0.0193825077
v -0.0940988165 -0.222382726 0.00918086323
v -0.023718799 -0.222382726 0.0179060351
v -0.0224777602 -0.222382726 0.00609839283
v -0.0440667395 -0.222382726 0
v -0.0931338706 -0.222382726 0
v -0.30283324 -0.222743546 0.0351870059
v -0.26790074 -0.222382645 0.0277618734
v -0.323654239 -0.223284857 0.00976681016
v -0.321612433 -0.223284857 0.0291936291
v -0.270818625 -0.222382645 -0
v -0.306531523 -0.222743546 -0
v -0.291899974 -0.222743546 0.0688361041
v -0.259274578 -0.222382645 0.0543103823
v -0.317551139 -0.223284857 0.0483003684
v -0.311514912 -0.223284857 0.0668782135
v -0.27420957 -0.222743546 0.0994768273
v -0.245317192 -0.222382645 0.0784853191
v -0.303569894 -0.223284857 0.0847229757
v -0.293802921 -0.223284857 0.101639799
v -0.250535204 -0.222743546 0.125769857
v -0.226638551 -0.222382645 0.0992300316
v -0.282321364 -0.223284857 0.117442837
v -0.26925069 -0.223284857 0.131959307
v -0.499999919 0.0675521742 -0
v -0.499999919 -0.0212601755 -0
v -0.492073891 -0.0212601755 0.0754112889
v -0.492073891 0.0675521742 0.0754112889
v -0.499501134 -0.0626751805 0.0189824894
v -0.495532682 -0.0626751805 0.056739952
v -0.4686421 -0.0212601755 0.147526829
v -0.4686421 0.0675521742 0.147526829
v -0.48763936 -0.0626751805 0.093875272
v -0.475907355 -0.0626751805 0.129982588
v -0.430728737 -0.0212601755 0.213194681
v -0.430728737 0.0675521742 0.213194681
v -0.460465625 -0.0626751805 0.16466529
v -0.441482892 -0.0626751805 0.197544379
v -0.379990764 -0.0212601755 0.269544921
v -0.379990764 0.0675521742 0.269544921
v -0.419167647 -0.0626751805 0.22825863
v -0.393763764 -0.0626751805 0.256472462
v -0.318645692 -0.0212601755 0.314114788
v -0.318645692 0.0675521742 0.314114788
v -0.365550338 -0.0626751805 0.28187602
v -0.3348356 -0.0626751805 0.30419159
v -0.24937451 -0.0212601755 0.34495621
v -0.24937451 0.0675521742 0.34495621
v -0.301956998 -0.0626751805 0.323173998
v -0.267273809 -0.0626751805 0.338615972
v -0.175204828 -0.0212601755 0.36072151
v -0.175204828 0.0675521742 0.36072151
v -0.231167061 -0.0626751805 0.350347734
v -0.194031173 -0.0626751805 0.358241218
v -0.0993781009 -0.0212601755 0.36072151
v -0.0993781009 0.0675521742 0.36072151
v -0.156274197 -0.0626751805 0.362209669
v -0.118308732 -0.0626751805 0.362209669
v -0.025208419 -0.0212601755 0.34495621
v -0.025208419 0.0675521742 0.34495621
v -0.0805517559 -0.0626751805 0.358241299
v -0.0434158677 -0.0626751805 0.350347734
v 0.0440627629 -0.0212601755 0.314114788
v 0.0440627629 0.0675521742 0.314114788
v -0.00730911987 -0.0626751805 0.338615972
v 0.0273740691 -0.0626751805 0.323173998
v 0.105407836 -0.0212601755 0.269544921
v 0.105407836 0.0675521742 0.269544921
v 0.0602526714 -0.0626751805 0.30419159
v 0.0909674089 -0.0626751805 0.28187602
v 0.156145808 -0.0212601755 0.213194681
v 0.156145808 0.0675521742 0.213194681
v 0.119180835 -0.0626751805 0.256472543
v 0.144584718 -0.0626751805 0.22825863
v 0.194059172 -0.0212601755 0.147526829
v 0.194059172 0.0675521742 0.147526829
v 0.166899882 -0.0626751805 0.197544379
v 0.185882696 -0.0626751805 0.16466529
v 0.217975708 -0.0227986513 0.0750131371
v 0.217975708 0.0677117271 0.0750131371
v 0.201324427 -0.0626751805 0.129982588
v 0.213501654 -0.0646609076 0.0940113708
v 0.225360181 0.0862152332 0.0183941077
v 0.222083829 0.098796861 0.0548330274
v 0.225564207 -0.0154220502 0
v 0.225564288 0.0541894191 -0
v 0.222083666 -0.0547601087 0.0548330274
v 0.225359856 -0.0457805937 0.0183941077
v -0.0993781009 -0.201699774 0.36072151
v -0.0993781009 -0.23759089 0.36072151
v -0.0434158677 -0.179852474 0.350347734
v -0.0805517559 -0.179852474 0.358241299
v -0.0805517559 -0.250799043 0.358241299
v -0.0434158677 -0.250799043 0.350347734
v -0.221911453 -0.222743546 0.146566185
v -0.204055004 -0.222382645 0.115637925
v -0.254734382 -0.223284857 0.145029819
v -0.238931182 -0.223284857 0.156511538
v -0.1895895 -0.222743546 0.160956863
v -0.178553652 -0.222382645 0.126991824
v -0.222014602 -0.223284857 0.166278348
v -0.204169516 -0.223284857 0.174223448
v -0.154981868 -0.222743546 0.168312931
v -0.15124885 -0.222382645 0.13279562
v -0.185591995 -0.223284857 0.180259675
v -0.166484931 -0.223284857 0.184320969
v -0.119601061 -0.222743546 0.168312931
v -0.123334079 -0.222382645 0.13279562
v -0.147058437 -0.223284857 0.186362775
v -0.127524492 -0.223284857 0.186362775
v -0.0849934284 -0.222743546 0.160956863
v -0.0960292762 -0.222382645 0.126991824
v -0.108097998 -0.223284857 0.184320969
v -0.0889909336 -0.223284857 0.180259675
v -0.0526713945 -0.222743546 0.146566185
v -0.0705279244 -0.222382645 0.115637925
v -0.0704134132 -0.223284857 0.174223448
v -0.0525683263 -0.223284857 0.166278348
v -0.0240477246 -0.222743546 0.125769857
v -0.0479443772 -0.222382645 0.0992300316
v -0.0356517463 -0.223284857 0.156511538
v -0.0198485465 -0.223284857 0.145029819
v -0.000373358567 -0.222743546 0.0994768273
v -0.0292657363 -0.222382645 0.0784853191
v -0.00533223881 -0.223284857 0.131959307
v 0.00773843556 -0.223284857 0.117442837
v 0.0173170448 -0.222743546 0.0688361041
v -0.0153083505 -0.222382645 0.0543103823
v 0.0192199926 -0.223284857 0.101639799
v 0.0289869651 -0.223284857 0.0847229757
v 0.0282503113 -0.222743546 0.0351870059
v -0.00668218912 -0.222382645 0.0277618734
v 0.0369319835 -0.223284857 0.0668782135
v 0.0429682108 -0.223284857 0.0483003684
v 0.0319485941 -0.222743546 -0
v -0.00376430325 -0.222382645 0
v 0.0470295047 -0.223284857 0.0291936291
v 0.0490713106 -0.223284857 0.00976681016
v -0.341635668 -0.22418707 -0
v -0.376230235 -0.225866838 -0
v -0.371008815 -0.225866838 0.0496781553
v -0.337170217 -0.22418707 0.0424855349
v -0.355572846 -0.225866838 0.0971851418
v -0.323969206 -0.22418707 0.0831142998
v -0.33059698 -0.225866838 0.140444662
v -0.302609412 -0.22418707 0.120110518
v -0.499999919 -0.0983071652 -0
v -0.499999919 -0.155961097 -0
v -0.492073891 -0.155961097 0.0754112889
v -0.492073891 -0.0983071652 0.0754112889
v -0.499501134 -0.179852474 0.0189824894
v -0.495532682 -0.179852474 0.056739952
v -0.4686421 -0.155961097 0.147526829
v -0.4686421 -0.0983071652 0.147526829
v -0.48763936 -0.179852474 0.093875272
v -0.475907355 -0.179852474 0.129982588
v -0.430728737 -0.155961097 0.213194681
v -0.430728737 -0.0983071652 0.213194681
v -0.460465625 -0.179852474 0.16466529
v -0.441482892 -0.179852474 0.197544379
v -0.379990764 -0.155961097 0.269544921
v -0.379990764 -0.0983071652 0.269544921
v -0.419167647 -0.179852474 0.22825863
v -0.393763764 -0.179852474 0.256472462
v -0.318645692 -0.155961097 0.314114788
v -0.318645692 -0.0983071652 0.314114788
v -0.365550338 -0.179852474 0.28187602
v -0.3348356 -0.179852474 0.30419159
v -0.24937451 -0.155961097 0.34495621
v -0.24937451 -0.0983071652 0.34495621
v -0.301956998 -0.179852474 0.323173998
v -0.267273809 -0.179852474 0.338615972
v -0.175204828 -0.155961097 0.36072151
v -0.175204828 -0.0983071652 0.36072151
v -0.231167061 -0.179852474 0.350347734
v -0.194031173 -0.179852474 0.358241218
v -0.0993781009 -0.155961097 0.36072151
v -0.0993781009 -0.0983071652 0.36072151
v -0.156274197 -0.179852474 0.362209669
v -0.118308732 -0.179852474 0.362209669
v -0.025208419 -0.155961097 0.34495621
v -0.025208419 -0.0983071652 0.34495621
v 0.0440627629 -0.155961097 0.314114788
v 0.0440627629 -0.0983071652 0.314114788
v 0.105407836 -0.155961097 0.269544921
v 0.105407836 -0.0983071652 0.269544921
v 0.156145808 -0.155961097 0.213194681
v 0.156145808 -0.0983071652 0.213194681
v 0.194059172 -0.155961097 0.147526829
v 0.194059172 -0.0983071652 0.147526829
v 0.217781258 -0.154294638 0.0811948773
v 0.217859086 -0.102188617 0.0811948773
v -0.175204828 -0.201699774 0.36072151
v -0.175204828 -0.23759089 0.36072151
v -0.156274197 -0.250799043 0.362209669
v -0.118308732 -0.250799043 0.362209669
v -0.297172684 -0.225866838 0.177566105
v -0.274024453 -0.22418707 0.151857318
v -0.25676085 -0.225866838 0.206926996
v -0.239463566 -0.22418707 0.176967254
v -0.211127595 -0.225866838 0.22724426
v -0.20043731 -0.22418707 0.194342934
v -0.162267331 -0.225866838 0.237629804
v -0.158651259 -0.22418707 0.203224818
v -0.112315598 -0.225866838 0.237629804
v -0.11593167 -0.22418707 0.203224818
v -0.0634553339 -0.225866838 0.22724426
v -0.0741456192 -0.22418707 0.194342934
v -0.0178220791 -0.225866838 0.206927078
v -0.0351193623 -0.22418707 0.176967254
v 0.0225897556 -0.225866838 0.177566105
v -0.000558475597 -0.22418707 0.151857318
v 0.0560140514 -0.225866838 0.140444662
v 0.0280264829 -0.22418707 0.120110518
v 0.0809899176 -0.225866838 0.0971851418
v 0.0493862774 -0.22418707 0.0831142998
v 0.096425886 -0.225866838 0.0496781553
v 0.0625873696 -0.22418707 0.0424855349
v 0.101647306 -0.225866838 -0
v 0.0670527397 -0.22418707 -0
v -0.458229612 0.217560351 0
v -0.462801622 0.250548595 0
v -0.455688453 0.250548595 0.0676773575
v -0.451216347 0.217560351 0.0667267763
v -0.434659775 0.250548595 0.1323969
v -0.430483078 0.217560351 0.13053729
v -0.400634681 0.250548595 0.191330014
v -0.396935911 0.217560351 0.188642693
v -0.499999919 -0.201699774 -0
v -0.499999919 -0.23759089 -0
v -0.492073891 -0.23759089 0.0754112889
v -0.492073891 -0.201699774 0.0754112889
v -0.499501134 -0.250799043 0.0189824894
v -0.495532682 -0.250799043 0.056739952
v -0.4686421 -0.23759089 0.147526829
v -0.4686421 -0.201699774 0.147526829
v -0.48763936 -0.250799043 0.093875272
v -0.475907355 -0.250799043 0.129982588
v -0.430728737 -0.23759089 0.213194681
v -0.430728737 -0.201699774 0.213194681
v -0.460465625 -0.250799043 0.16466529
v -0.441482892 -0.250799043 0.197544379
v -0.379990764 -0.23759089 0.269544921
v -0.379990764 -0.201699774 0.269544921
v -0.419167647 -0.250799043 0.22825863
v -0.393763764 -0.250799043 0.256472462
v -0.318645692 -0.23759089 0.314114788
v -0.318645692 -0.201699774 0.314114788
v -0.365550338 -0.250799043 0.28187602
v -0.3348356 -0.250799043 0.30419159
v -0.24937451 -0.23759089 0.34495621
v -0.24937451 -0.201699774 0.34495621
v -0.301956998 -0.250799043 0.323173998
v -0.267273809 -0.250799043 0.338615972
v -0.231167061 -0.250799043 0.350347734
v -0.194031173 -0.250799043 0.358241218
v -0.355100274 0.250548595 0.24190113
v -0.352041015 0.217560351 0.23850353
v -0.300046502 0.250548595 0.281900042
v -0.297760579 0.217560351 0.277940599
v 0.226153319 0.107352822 -0
v 0.228113726 0.133169871 -0
v 0.226272375 0.155755123 0.0553282419
v 0.221950164 0.136058054 0.0643435467
v 0.225526064 0.206070597 0.0553282419
v 0.221599814 0.216581608 0.0643435467
v 0.226972671 0.226493769 -0
v 0.225586931 0.238457556 0
v -0.237879643 0.250548595 0.309578487
v -0.236466797 0.217560351 0.305230307
v -0.171316559 0.250548595 0.323726996
v -0.17083863 0.217560351 0.319180064
v -0.10326637 0.250548595 0.323726996
v -0.103744298 0.217560351 0.319180064
v 0.225622315 -0.185062939 -0
v 0.226781062 -0.171458257 -0
v 0.225482564 -0.153092716 0.0553282419
v 0.221607523 -0.16665122 0.0643435467
v 0.226210615 -0.105372289 0.0553282419
v 0.221950083 -0.0887625604 0.0643435467
v 0.227841934 -0.0875332081 -0
v 0.22615267 -0.0659805055 0
v -0.0367032856 0.250548595 0.309578487
v -0.0381161319 0.217560351 0.305230307
v 0.169599215 -0.291852335 0.136636575
v 0.162186986 -0.29095556 0.133336444
v 0.191364546 -0.291852335 0.0880629544
v 0.180358888 -0.291852335 0.121934664
v 0.18336491 -0.29095556 0.0681576392
v 0.191301244 -0.291852335 0.0698445496
v 0.165771082 -0.289610479 0.116334975
v 0.1762713 -0.289610479 0.0840187844
v 0.202491938 -0.291852335 0.0178071869
v 0.198769146 -0.291852335 0.0532268674
v 0.190528557 -0.29095556 -0
v 0.198642218 -0.291852335 -0
v 0.183335856 -0.289610479 0.0507825273
v 0.186887652 -0.289610479 0.0169893771
v 0.0254635737 0.250548595 0.281900042
v 0.0231776503 0.217560351 0.277940599
v 0.0805173457 0.250548595 0.24190113
v 0.0774580859 0.217560351 0.23850353
v 0.126051752 0.250548595 0.191330014
v 0.122352983 0.217560351 0.188642693
v 0.160076847 0.250548595 0.1323969
v 0.155900149 0.217560351 0.13053729
v 0.181105524 0.250548595 0.0676773575
v 0.176633418 0.217560351 0.0667267763
v 0.188218693 0.250548595 -0
v 0.183646684 0.21756027 0
v -0.482491386 0.291114545 -0
v -0.492324744 0.29110716 -0
v -0.484566385 0.29110716 0.073815598
v -0.474947928 0.291114545 0.0717711139
v -0.461630539 0.29110716 0.144405079
v -0.452647291 0.291114545 0.140405464
v -0.424519404 0.29110716 0.208683295
v -0.416564079 0.291114545 0.20290344
v -0.374855045 0.29110716 0.263841191
v -0.368275316 0.291114545 0.256533572
v -0.314808064 0.29110716 0.307467861
v -0.309891385 0.291114545 0.29895191
v -0.247002804 0.29110716 0.337656707
v -0.243964077 0.291114545 0.328304605
v -0.174402519 0.29110716 0.353088375
v -0.173374677 0.291114545 0.343308823
v -0.10018041 0.29110716 0.353088375
v -0.101208252 0.291114545 0.343308823
v -0.0275801244 0.29110716 0.337656707
v -0.0306188517 0.291114545 0.328304605
v -0.473225147 -0.291852335 -0
v -0.465111486 -0.29095556 -0
v -0.473352075 -0.291852335 0.0532268674
v -0.477074867 -0.291852335 0.0178071869
v -0.457947839 -0.29095556 0.0681576392
v -0.465884173 -0.291852335 0.0698445496
v -0.461470581 -0.289610479 0.0169893771
v -0.457918785 -0.289610479 0.0507825273
v -0.454941817 -0.291852335 0.121934664
v -0.465947394 -0.291852335 0.0880629544
v -0.436769915 -0.29095556 0.133336444
v -0.444182143 -0.291852335 0.136636575
v -0.450854229 -0.289610479 0.0840187844
v -0.440354011 -0.289610479 0.116334975
v -0.422648756 -0.291852335 0.185313346
v -0.440456186 -0.291852335 0.154469976
v -0.402503462 -0.29095556 0.192687756
v -0.409067529 -0.291852335 0.197456893
v -0.426533617 -0.289610479 0.147376041
v -0.409543996 -0.289610479 0.176802994
v -0.377884196 -0.291852335 0.240592894
v -0.401715193 -0.291852335 0.214125947
v -0.356645892 -0.29095556 0.243617743
v -0.362074991 -0.291852335 0.249647397
v -0.389571808 -0.289610479 0.204292426
v -0.366835201 -0.289610479 0.229543899
v -0.322604567 -0.291852335 0.285357454
v -0.351417655 -0.291852335 0.264423567
v -0.301201435 -0.29095556 0.283900459
v -0.305258265 -0.291852335 0.290927115
v -0.341584053 -0.289610479 0.252280182
v -0.314094296 -0.289610479 0.272252694
v -0.259225885 -0.291852335 0.317650434
v -0.291761684 -0.291852335 0.30316456
v -0.238593411 -0.29095556 0.311775383
v -0.241100647 -0.291852335 0.319491947
v -0.284667749 -0.289610479 0.289242071
v -0.253626196 -0.289610479 0.303062628
v -0.190518088 -0.291852335 0.336060611
v -0.225354662 -0.291852335 0.328655848
v -0.171557998 -0.29095556 0.326024119
v -0.172406079 -0.291852335 0.334093387
v -0.221310492 -0.289610479 0.313562683
v -0.188073748 -0.289610479 0.32062732
v -0.119484034 -0.291852335 0.339783321
v -0.155098895 -0.291852335 0.339783321
v -0.103024931 -0.29095556 0.326024119
v -0.10217685 -0.291852335 0.334093387
v -0.154281085 -0.289610479 0.324179116
v -0.120301844 -0.289610479 0.324179116
v -0.0492282665 -0.291852335 0.328655929
v -0.0840648405 -0.291852335 0.336060611
v -0.0359895179 -0.29095556 0.311775383
v -0.0334822818 -0.291852335 0.319491947
v -0.0865091806 -0.289610479 0.32062732
v -0.0532724365 -0.289610479 0.313562683
v 0.0171787548 -0.291852335 0.30316456
v -0.0153570442 -0.291852335 0.317650434
v 0.0266185059 -0.29095556 0.283900459
v 0.0306753363 -0.291852335 0.290927115
v -0.0209567329 -0.289610479 0.303062628
v 0.0100848203 -0.289610479 0.289242071
v 0.0768346449 -0.291852335 0.264423567
v 0.0480216378 -0.291852335 0.285357454
v 0.0820629633 -0.29095556 0.243617743
v 0.0874920619 -0.291852335 0.249647397
v 0.0395113673 -0.289610479 0.272252694
v 0.0670011244 -0.289610479 0.252280182
v 0.127132265 -0.291852335 0.214125947
v 0.103301267 -0.291852335 0.240592894
v 0.127920534 -0.29095556 0.192687756
v 0.1344846 -0.291852335 0.197456893
v 0.0922522721 -0.289610479 0.229543899
v 0.11498888 -0.289610479 0.204292426
v 0.165873258 -0.291852335 0.154469976
v 0.148065827 -0.291852335 0.185313346
v 0.134961067 -0.289610479 0.176802994
v 0.151950688 -0.289610479 0.147376041
v 0.157242065 -0.287368624 0.131134761
v 0.152852981 -0.280847002 0.129180604
v 0.173370781 -0.280847002 0.0660332975
v 0.178070206 -0.287368624 0.0670321666
v 0.155262181 -0.27689324 0.112300949
v 0.165398251 -0.27689324 0.0811053621
v 0.180311169 -0.280847002 -0
v 0.185115609 -0.287368624 -0
v 0.172217878 -0.27689324 0.0490216025
v 0.175646479 -0.27689324 0.0164002651
v 0.0402251351 0.29110716 0.307467861
v 0.035308456 0.291114545 0.29895191
v 0.100272116 0.29110716 0.263841109
v 0.0936923868 0.291114545 0.256533572
v 0.149936475 0.29110716 0.208683295
v 0.14198115 0.291114545 0.20290344
v 0.187047529 0.29110716 0.144405079
v 0.178064362 0.291114545 0.140405464
v 0.209983456 0.291162833 0.073815598
v 0.200364999 0.291114545 0.0717711139
v 0.217741816 0.291352008 -0
v 0.207908458 0.291114545 -0
v 0.123120313 -0.264706193 0.115942829
v 0.142998604 -0.272695035 0.124793224
v 0.0883119818 -0.261486325 0.146508645
v 0.102390452 -0.261486325 0.12212392
v 0.110927667 -0.272695035 0.180341724
v 0.093323857 -0.264706193 0.16755185
v 0.141921013 -0.27689324 0.142265724
v 0.125520505 -0.27689324 0.17067222
v 0.0529211118 -0.261486325 0.190212657
v 0.0717619027 -0.261486325 0.169287941
v 0.0680083526 -0.272695035 0.228008507
v 0.0534483829 -0.264706193 0.211837995
v 0.106240822 -0.27689324 0.197208393
v 0.0842926456 -0.27689324 0.221584353
v 0.00921701827 -0.261486325 0.225603527
v 0.0319966385 -0.261486325 0.209053205
v 0.0161163405 -0.272695035 0.265710215
v 0.00523663694 -0.264706193 0.246865853
v 0.0599170909 -0.27689324 0.243532124
v 0.0333805932 -0.27689324 0.262812131
v -0.0408901281 -0.261486325 0.251134339
v -0.0151673824 -0.261486325 0.239681836
v -0.0424802192 -0.272695035 0.291799056
v -0.0492042443 -0.264706193 0.271104498
v 0.00497450279 -0.27689324 0.279212315
v -0.0249907584 -0.27689324 0.292553726
v -0.0952104925 -0.261486325 0.265689439
v -0.0676687144 -0.261486325 0.259835245
v -0.105220527 -0.272695035 0.305134948
v -0.107495008 -0.264706193 0.283494597
v -0.0561858588 -0.27689324 0.302689634
v -0.0882701053 -0.27689324 0.309509342
v -0.151370016 -0.261486325 0.268632565
v -0.123212913 -0.261486325 0.268632565
v -0.169362401 -0.272695035 0.305134948
v -0.167087921 -0.264706193 0.283494597
v -0.120890956 -0.27689324 0.312937944
v -0.153691973 -0.27689324 0.312937944
v -0.206914214 -0.261486325 0.259835245
v -0.179372436 -0.261486325 0.265689439
v -0.23210271 -0.272695035 0.291799056
v -0.225378684 -0.264706193 0.271104498
v -0.186312823 -0.27689324 0.309509342
v -0.21839707 -0.27689324 0.302689634
v -0.259415546 -0.261486325 0.239681836
v -0.233692801 -0.261486325 0.251134339
v -0.290699269 -0.272695035 0.265710215
v -0.279819566 -0.264706193 0.246865935
v -0.24959217 -0.27689324 0.292553726
v -0.279557432 -0.27689324 0.279212315
v -0.306579567 -0.261486325 0.209053205
v -0.283799947 -0.261486325 0.225603527
v -0.342591281 -0.272695035 0.228008507
v -0.328031312 -0.264706193 0.211837995
v -0.307963522 -0.27689324 0.262812131
v -0.334500101 -0.27689324 0.243532124
v -0.459698538 -0.287368624 -0
v -0.454894016 -0.280847002 -0
v -0.44795371 -0.280847002 0.0660332975
v -0.452653134 -0.287368624 0.0670321666
v -0.450229408 -0.27689324 0.0164002651
v -0.446800807 -0.27689324 0.0490216025
v -0.42743591 -0.280847002 0.129180604
v -0.431824993 -0.287368624 0.131134761
v -0.43998118 -0.27689324 0.0811053621
v -0.42984511 -0.27689324 0.112300949
v -0.39423739 -0.280847002 0.186682124
v -0.398124199 -0.287368624 0.189506112
v -0.416503942 -0.27689324 0.142265724
v -0.400103433 -0.27689324 0.17067222
v -0.349809141 -0.280847002 0.23602478
v -0.353023896 -0.287368624 0.239595161
v -0.38082375 -0.27689324 0.197208393
v -0.358875574 -0.27689324 0.221584353
v -0.29609274 -0.280847002 0.27505193
v -0.29849496 -0.287368624 0.279212721
v -0.235436033 -0.280847002 0.302058078
v -0.236920703 -0.287368624 0.306627328
v -0.170489984 -0.280847002 0.315862728
v -0.170992178 -0.287368624 0.320640873
v -0.104092945 -0.280847002 0.315862728
v -0.103590751 -0.287368624 0.320640873
v -0.0391468954 -0.280847002 0.302058078
v -0.0376622259 -0.287368624 0.306627328
v 0.0215098116 -0.280847002 0.27505193
v 0.0239120317 -0.287368624 0.279212721
v 0.0752262124 -0.280847002 0.236024699
v 0.0784409673 -0.287368624 0.239595161
v 0.119654462 -0.280847002 0.186682124
v 0.12354127 -0.287368624 0.189506112
v 0.0273715533 -0.255943364 0.0442453235
v 0.0219304436 -0.255943364 0.0609912323
v -0.0735189319 -0.255332097 0.0135552574
v -0.00236403617 -0.25557662 0.0286797488
v 0.0329723781 -0.255943364 0.00904314136
v 0.0311319204 -0.255943364 0.0265543521
v -0.0720942368 -0.255332097 -0
v 0.000650344284 -0.25557662 -0
v -0.346344831 -0.261486325 0.169287941
v -0.327504041 -0.261486325 0.190212739
v -0.385510596 -0.272695035 0.180341724
v -0.367906786 -0.264706193 0.16755185
v -0.376973381 -0.261486325 0.12212392
v -0.362894911 -0.261486325 0.146508645
v -0.417581532 -0.272695035 0.124793224
v -0.397703242 -0.264706193 0.115942829
v -0.397126791 -0.261486325 0.0696225877
v -0.388425722 -0.261486325 0.0964014986
v -0.437402445 -0.272695035 0.0637905491
v -0.416118451 -0.264706193 0.0592665032
v -0.40592411 -0.261486325 0.0140783083
v -0.402980904 -0.261486325 0.0420811342
v -0.444107155 -0.272695035 -0
v -0.422347667 -0.264706193 -0
v 0.147764738 -0.264706193 -0
v 0.169524227 -0.272695035 -0
v 0.128397975 -0.261486325 0.0420811342
v 0.131341181 -0.261486325 0.0140783083
v 0.162819517 -0.272695035 0.0637905491
v 0.141535522 -0.264706193 0.0592665032
v 0.113842793 -0.261486325 0.0964014986
v 0.122543862 -0.261486325 0.0696225877
v 0.147127338 -0.290846973 0.206642382
v 0.141286697 -0.291852335 0.202398893
v 0.177280232 -0.291852335 0.14005633
v 0.183875463 -0.290846973 0.14299272
v 0.0979486988 -0.290846973 0.261260752
v 0.093117964 -0.291852335 0.255895604
v 0.0384890441 -0.290846973 0.304460704
v 0.0348793026 -0.291852335 0.29820852
v -0.0286531701 -0.290846973 0.334354385
v -0.0308840698 -0.291852335 0.327488256
v -0.10054334 -0.290846973 0.349635102
v -0.10129801 -0.291852335 0.342455223
v -0.174039589 -0.290846973 0.349635102
v -0.173284918 -0.291852335 0.342455223
v -0.245929759 -0.290846973 0.334354385
v -0.243698859 -0.291852335 0.327488256
v -0.313071973 -0.290846973 0.304460704
v -0.309462231 -0.291852335 0.29820852
v -0.372531628 -0.290846973 0.261260752
v -0.367700974 -0.291852335 0.255895604
v -0.38622623 -0.25916307 -0
v -0.335932262 -0.256554713 -0
v -0.331591467 -0.256554713 0.0412997634
v -0.380786419 -0.25916307 0.0517564814
v -0.318758823 -0.256554713 0.0807944531
v -0.364704691 -0.25916307 0.101250899
v -0.297995201 -0.256554713 0.116758123
v -0.33868394 -0.25916307 0.146320201
v -0.270208088 -0.256554713 0.14761886
v -0.303861407 -0.25916307 0.184994565
v -0.236611823 -0.256554713 0.172027932
v -0.261758847 -0.25916307 0.215583835
v -0.198674843 -0.256554713 0.188918542
v -0.214216558 -0.25916307 0.236751046
v -0.158055086 -0.256554713 0.197552576
v -0.163312215 -0.25916307 0.2475711
v -0.116527842 -0.256554713 0.197552576
v -0.111270714 -0.25916307 0.2475711
v -0.0759080859 -0.256554713 0.188918542
v -0.060366371 -0.25916307 0.236751046
v -0.037971106 -0.256554713 0.172027932
v -0.0128240816 -0.25916307 0.215583835
v -0.00437484048 -0.256554713 0.14761886
v 0.0292784778 -0.25916307 0.184994565
v 0.0234122725 -0.256554713 0.116758123
v 0.0641010117 -0.25916307 0.146320201
v 0.0441758945 -0.256554713 0.0807944531
v 0.0901217625 -0.25916307 0.101250899
v 0.057008538 -0.256554713 0.0412997634
v 0.10620349 -0.25916307 0.0517564814
v 0.0613493335 -0.256554713 -0
v 0.111643301 -0.25916307 -0
v -0.421710267 -0.290846973 0.206642382
v -0.415869626 -0.291852335 0.202398893
v -0.458458391 -0.290846973 0.14299272
v -0.451863161 -0.291852335 0.14005633
v -0.481170003 -0.290846973 0.0730936334
v -0.474108369 -0.291852335 0.0715926516
v -0.488852481 -0.290846973 -0
v -0.481632998 -0.291852335 -0
v 0.206587074 -0.290846973 0.0730936334
v 0.19952544 -0.291852335 0.0715926516
v 0.20705007 -0.291852335 -0
v 0.214269553 -0.290846973 -0
v 0.156145808 -0.260291951 0.213194681
v 0.155797405 -0.271872518 0.212941474
v 0.193665727 -0.271872518 0.147351613
v 0.194059172 -0.260291951 0.147526829
v 0.105407836 -0.260291951 0.269544921
v 0.10511965 -0.271872518 0.269224842
v 0.0440627629 -0.260291951 0.314114788
v 0.0438473746 -0.271872518 0.313741713
v -0.025208419 -0.260291951 0.34495621
v -0.0253415149 -0.271872518 0.344546615
v 0.217069681 -0.271872518 0.0753217737
v 0.217490962 -0.260332285 0.07541137
v 0.224986376 -0.271872518 0
v 0.22541699 -0.26046952 0
v -0.0993781009 -0.260291951 0.36072151
v -0.0994231426 -0.271872518 0.360293168
v -0.175204828 -0.260291951 0.36072151
v -0.175159786 -0.271872518 0.360293087
v -0.24937451 -0.260291951 0.34495621
v -0.249241414 -0.271872518 0.344546615
v -0.318645692 -0.260291951 0.314114788
v -0.318430303 -0.271872518 0.313741713
v -0.379990764 -0.260291951 0.269544921
v -0.379702579 -0.271872518 0.269224842
v -0.430728737 -0.260291951 0.213194681
v -0.430380334 -0.271872518 0.212941555
v -0.4686421 -0.260291951 0.147526829
v -0.468248656 -0.271872518 0.147351613
v -0.492073891 -0.260291951 0.0754112889
v -0.49165261 -0.271872518 0.0753217737
v -0.499999919 -0.260291951 -0
v -0.499569224 -0.271872518 0
v -0.159370221 -0.222382726 -0.0382415587
v -0.183903867 -0.222382726 -0.0807349657
v -0.199671034 -0.222382726 -0.0692794598
v -0.166838691 -0.222382726 -0.0328154628
v -0.19997967 -0.222382726 -0.0963824269
v -0.209584899 -0.222382726 -0.0894038152
v -0.212711843 -0.222382726 -0.0547961014
v -0.173015724 -0.222382726 -0.0259551767
v -0.218648816 -0.222382726 -0.081242597
v -0.226593185 -0.222382726 -0.0724194698
v -0.222456497 -0.222382726 -0.0379179082
v -0.177631395 -0.222382726 -0.0179604908
v -0.23376227 -0.222382726 -0.0625521073
v -0.239698594 -0.222382726 -0.0522701183
v -0.228479009 -0.222382726 -0.0193825077
v -0.180484112 -0.222382726 -0.00918086323
v -0.244659422 -0.222382726 -0.0411277936
v -0.248328327 -0.222382726 -0.029836223
v -0.25086413 -0.222382726 -0.0179060351
v -0.252105169 -0.222382726 -0.00609839283
v 0.185882696 0.268366494 -0.16466529
v 0.166899963 0.268366494 -0.197544379
v 0.192656876 0.285649981 -0.146902495
v 0.194059172 0.275189449 -0.147526829
v 0.163681475 0.289060728 -0.195454285
v 0.182463347 0.289060728 -0.162923031
v 0.156145808 0.275189449 -0.213194681
v 0.154903958 0.285649981 -0.212292388
v 0.144584718 0.268366494 -0.22825863
v 0.119180835 0.268366494 -0.256472462
v 0.116467219 0.289060728 -0.253758927
v 0.141602394 0.289060728 -0.225843587
v 0.105407836 0.275189449 -0.269544921
v 0.104380724 0.285649981 -0.268404191
v 0.0909674089 0.268366494 -0.28187602
v 0.0602526714 0.268366494 -0.30419159
v 0.0581625775 0.289060728 -0.300973102
v 0.088552285 0.289060728 -0.278893615
v 0.0440627629 0.275189449 -0.314114788
v 0.0432952698 0.285649981 -0.31278537
v 0.0273740691 0.268366494 -0.323173998
v -0.00730911987 0.268366494 -0.338615972
v -0.00868439089 0.289060728 -0.335033256
v 0.0256318914 0.289060728 -0.319754649
v -0.025208419 0.275189449 -0.34495621
v -0.0256826951 0.285649981 -0.343496293
v -0.0434158677 0.268366494 -0.350347734
v -0.0805517559 0.268366494 -0.358241218
v -0.0811520674 0.289060728 -0.354450904
v -0.044409137 0.289060728 -0.346640929
v -0.0993781009 0.275189449 -0.36072151
v -0.0995385465 0.285649981 -0.359194883
v -0.118308732 0.268366494 -0.362209669
v -0.156274197 0.268366494 -0.362209669
v -0.156073336 0.289060728 -0.358377317
v -0.118509593 0.289060728 -0.358377317
v -0.175204828 0.275189449 -0.36072151
v -0.175044382 0.285649981 -0.359194883
v -0.194031173 0.268366494 -0.358241218
v -0.231167061 0.268366494 -0.350347734
v -0.230173792 0.289060728 -0.346640929
v -0.193430861 0.289060728 -0.354450904
v -0.24937451 0.275189449 -0.34495621
v -0.248900234 0.285649981 -0.343496293
v -0.267273809 0.268366494 -0.338615972
v -0.301956998 0.268366494 -0.323173998
v -0.30021482 0.289060728 -0.319754649
v -0.265898538 0.289060728 -0.335033256
v -0.318645692 0.275189449 -0.314114788
v -0.317878199 0.285649981 -0.31278537
v -0.3348356 0.268366494 -0.30419159
v -0.365550338 0.268366494 -0.28187602
v -0.363135214 0.289060728 -0.278893615
v -0.332745506 0.289060728 -0.300973102
v -0.379990764 0.275189449 -0.269544921
v -0.378963653 0.285649981 -0.268404191
v -0.393763764 0.268366494 -0.256472543
v -0.419167647 0.268366494 -0.22825863
v -0.416185323 0.289060728 -0.225843587
v -0.391050148 0.289060728 -0.253758927
v -0.430728737 0.275189449 -0.213194681
v -0.429486887 0.285649981 -0.212292388
v -0.441482811 0.268366494 -0.197544379
v -0.460465625 0.268366494 -0.16466529
v -0.457046276 0.289060728 -0.162923031
v -0.438264404 0.289060728 -0.195454285
v -0.4686421 0.275189449 -0.147526829
v -0.467239804 0.285649981 -0.146902495
v -0.475907355 0.268366494 -0.129982588
v -0.48763936 0.268366494 -0.093875272
v -0.483932475 0.289060728 -0.0928820839
v -0.472324639 0.289060728 -0.128607317
v -0.492073891 0.275189449 -0.07541137
v -0.490572422 0.285649981 -0.0750921832
v -0.495532682 0.268366494 -0.056739952
v -0.499501134 0.268366494 -0.0189824894
v -0.495668862 0.289060728 -0.018781628
v -0.491742368 0.289060728 -0.0561396404
v 0.224918205 0.272298588 -0.0189824894
v 0.220949753 0.270332501 -0.056739952
v 0.21715944 0.289338931 -0.0561396404
v 0.221085933 0.289617134 -0.018781628
v 0.217490962 0.275894208 -0.07541137
v 0.215989494 0.285928184 -0.0750921832
v 0.213056431 0.268759614 -0.093875272
v 0.201324427 0.268366494 -0.129982588
v 0.19774171 0.289060728 -0.128607317
v 0.209349546 0.289116401 -0.0928820839
v 0.186757802 0.263368497 -0.0513244876
v 0.190347579 0.263368497 -0.0171706798
v 0.191920952 0.285686826 -0.0699762659
v 0.186118536 0.273231558 -0.0687429369
v 0.202668047 0.28907915 -0.0178163576
v 0.198943307 0.28907915 -0.0532544604
v -0.464930508 0.263368497 -0.0171706798
v -0.461340731 0.263368497 -0.0513244876
v -0.473526236 0.28907915 -0.0532544604
v -0.477250976 0.28907915 -0.0178163576
v -0.460701465 0.273231558 -0.0687429369
v -0.466503881 0.285686826 -0.0699762659
v -0.454200781 0.263368497 -0.084915478
v -0.443588487 0.263368497 -0.117576582
v -0.455106483 0.28907915 -0.121997884
v -0.46611774 0.28907915 -0.0881086453
v -0.439341751 0.273231558 -0.134481476
v -0.444760949 0.285686826 -0.136894246
v -0.272218893 -0.25557662 -0.0286797488
v -0.201063997 -0.255332097 -0.0135552574
v -0.307555307 -0.255943364 -0.00904314136
v -0.305714849 -0.255943364 -0.0265543521
v -0.263307549 -0.25557662 -0.0561059606
v -0.196852077 -0.255332097 -0.0265180753
v -0.301954482 -0.255943364 -0.0442453235
v -0.296513372 -0.255943364 -0.0609912323
v -0.248888709 -0.25557662 -0.0810801226
v -0.190037157 -0.255332097 -0.0383219843
v -0.28915706 -0.255943364 -0.0775137996
v -0.280353248 -0.255943364 -0.0927625409
v -0.229592552 -0.25557662 -0.102510685
v -0.180916918 -0.255332097 -0.0484509941
v -0.26972245 -0.255943364 -0.107394577
v -0.257940535 -0.255943364 -0.120479697
v -0.206262369 -0.25557662 -0.119461107
v -0.169890078 -0.255332097 -0.0564624793
v -0.24449987 -0.255943364 -0.132581693
v -0.230254948 -0.255943364 -0.142931285
v -0.179917805 -0.25557662 -0.131190434
v -0.157438544 -0.255332097 -0.0620062515
v -0.214591823 -0.255943364 -0.151974345
v -0.198506363 -0.255943364 -0.159136045
v -0.151710304 -0.25557662 -0.137186083
v -0.144106465 -0.255332097 -0.0648400596
v -0.181305412 -0.255943364 -0.164725021
v -0.164082468 -0.255943364 -0.168385891
v -0.122872625 -0.25557662 -0.137186083
v -0.130476463 -0.255332097 -0.0648400596
v -0.146095358 -0.255943364 -0.170276422
v -0.128487571 -0.255943364 -0.170276422
v -0.0946651236 -0.25557662 -0.131190434
v -0.117144385 -0.255332097 -0.0620062515
v -0.110500461 -0.255943364 -0.168385891
v -0.0932775169 -0.255943364 -0.164725021
v -0.06832056 -0.25557662 -0.119461107
v -0.104692851 -0.255332097 -0.0564624793
v -0.0760765659 -0.255943364 -0.159136045
v -0.0599911053 -0.255943364 -0.151974345
v -0.0449903769 -0.25557662 -0.102510685
v -0.0936660111 -0.255332097 -0.0484509941
v -0.044327981 -0.255943364 -0.142931285
v -0.0300830592 -0.255943364 -0.132581693
v -0.0256942193 -0.25557662 -0.0810801226
v -0.0845457714 -0.255332097 -0.0383219843
v -0.0166423942 -0.255943364 -0.120479697
v -0.00486047849 -0.255943364 -0.107394577
v -0.01127538 -0.25557662 -0.0561059606
v -0.0777308515 -0.255332097 -0.0265180753
v 0.00577031935 -0.255943364 -0.0927625409
v 0.0145741314 -0.255943364 -0.0775137996
v -0.429620632 0.263368497 -0.148949008
v -0.412449627 0.263368497 -0.178689954
v -0.422796704 0.28907915 -0.185409434
v -0.440613305 0.28907915 -0.154550077
v -0.404780946 0.273231558 -0.194342528
v -0.409580111 0.285686826 -0.197829237
v -0.392264243 0.263368497 -0.206472766
v -0.36928506 0.263368497 -0.231993757
v -0.378008933 0.28907915 -0.240717631
v -0.401852266 0.28907915 -0.214236887
v -0.358529606 0.273231558 -0.245709866
v -0.362498869 0.285686826 -0.250118184
v 0.24373051 0.166375208 -0.0513566254
v 0.231392431 0.163318383 -0.0521509
v 0.25596414 0.192214494 -0.057062872
v 0.255585304 0.174903252 -0.057062872
v 0.230638573 0.201064808 -0.0521509
v 0.243708273 0.199814599 -0.0513566254
v 0.228155359 0.17060766 -0.0592693437
v 0.227709568 0.192924772 -0.0592693437
v 0.258844694 0.213500923 -0.0152167659
v 0.257347202 0.206300025 -0.0418461062
v 0.228012362 0.211056096 -0.0434641962
v 0.228681818 0.2206231 -0.0158051475
v -0.343764393 0.263368497 -0.254972697
v -0.315981256 0.263368497 -0.275158325
v -0.322700655 0.28907915 -0.28550532
v -0.351528595 0.28907915 -0.264560639
v -0.302609087 0.273231558 -0.286338469
v -0.305575098 0.285686826 -0.29147573
v -0.286240716 0.263368497 -0.292329005
v -0.254867803 0.263368497 -0.306297185
v -0.259289105 0.28907915 -0.3178151
v -0.291841785 0.28907915 -0.303321759
v -0.239463404 0.273231558 -0.314452803
v -0.241296477 0.285686826 -0.320094449
v 0.399248211 0.145912269 -0.0513566254
v 0.36299806 0.161347102 -0.0513566254
v 0.4305338 0.153023977 -0.057062872
v 0.419078456 0.140445433 -0.057062872
v 0.373822821 0.191579366 -0.0513566254
v 0.41737921 0.172408108 -0.0513566254
v 0.343396187 0.173039015 -0.057062872
v 0.347429158 0.189611088 -0.057062872
v 0.444171025 0.16799833 -0.0152167659
v 0.439698026 0.163086764 -0.0418461062
v 0.350895415 0.202878566 -0.0418461062
v 0.352768822 0.209361801 -0.0152167659
v -0.222207186 0.263368497 -0.316909235
v -0.188615708 0.263368497 -0.324049348
v -0.190545681 0.28907915 -0.336234853
v -0.225400353 0.28907915 -0.328826276
v -0.17185227 0.273231558 -0.328824004
v -0.172472302 0.285686826 -0.334723483
v -0.154462388 0.263368497 -0.327639044
v -0.120120541 0.263368497 -0.327639044
v -0.119474782 0.28907915 -0.33995943
v -0.155108147 0.28907915 -0.33995943
v -0.102730659 0.273231558 -0.328824004
v -0.102110626 0.285686826 -0.334723483
v 0.444657475 0.0893275691 -0.0513566254
v 0.426555042 0.121798768 -0.0513566254
v 0.473689035 0.0764901373 -0.057062872
v 0.457421866 0.0720684292 -0.057062872
v 0.451264554 0.142244826 -0.0513566254
v 0.473943946 0.101902217 -0.0513566254
v 0.493054743 0.0817540833 -0.0152167659
v 0.486702819 0.0800274876 -0.0418461062
v -0.0859672202 0.263368497 -0.324049348
v -0.0523757429 0.263368497 -0.316909235
v -0.0491825756 0.28907915 -0.328826276
v -0.0840372474 0.28907915 -0.336234853
v -0.0351196058 0.273231558 -0.314452803
v -0.0332864522 0.285686826 -0.320094449
v -0.0197151259 0.263368497 -0.306297185
v 0.0116577875 0.263368497 -0.292329005
v 0.0172588559 0.28907915 -0.303321759
v -0.0152938236 0.28907915 -0.3178151
v 0.0280261582 0.273231558 -0.286338469
v 0.0309921697 0.285686826 -0.29147573
v 0.453677973 0.00501670395 -0.0513566254
v 0.453677973 0.0490535375 -0.0513566254
v 0.473689035 -0.0224198959 -0.057062872
v 0.457421866 -0.0179981878 -0.057062872
v 0.485310424 0.0532259341 -0.0513566254
v 0.485310424 0.000844307327 -0.0513566254
v 0.493054743 -0.0276838419 -0.0152167659
v 0.486702819 -0.0259573273 -0.0418461062
v 0.0413983275 0.263368497 -0.275158325
v 0.0691814638 0.263368497 -0.254972616
v 0.0769456664 0.28907915 -0.264560639
v 0.0481177266 0.28907915 -0.28550532
v 0.0839466772 0.273231558 -0.245709866
v 0.0879159402 0.285686826 -0.250118184
v 0.0947021308 0.263368497 -0.231993757
v 0.117681395 0.263368497 -0.206472766
v 0.127269337 0.28907915 -0.214236887
v 0.103426004 0.28907915 -0.240717631
v 0.130198017 0.273231558 -0.194342528
v 0.134997182 0.285686826 -0.197829237
v 0.426555042 -0.0677285264 -0.0513566254
v 0.444657475 -0.0352574088 -0.0513566254
v 0.4305338 -0.0989536546 -0.057062872
v 0.419078456 -0.0863751919 -0.057062872
v 0.473943946 -0.0478319761 -0.0513566254
v 0.451264554 -0.0881745846 -0.0513566254
v 0.444171025 -0.113928088 -0.0152167659
v 0.439698026 -0.109016441 -0.0418461062
v 0.137866699 0.263368497 -0.178689954
v 0.155037703 0.263368497 -0.148949008
v 0.166030376 0.28907915 -0.154550077
v 0.148213775 0.28907915 -0.185409434
v 0.164758822 0.273231558 -0.134481476
v 0.17017802 0.285686826 -0.136894246
v 0.169005558 0.263368497 -0.117576582
v 0.179617852 0.263368497 -0.084915478
v 0.191534812 0.28907915 -0.0881086453
v 0.180523554 0.28907915 -0.121997884
v 0.362936544 -0.107274344 -0.0513566254
v 0.399248211 -0.0918420281 -0.0513566254
v 0.347369589 -0.135538412 -0.057062872
v 0.343334752 -0.118966258 -0.057062872
v 0.41737921 -0.118337785 -0.0513566254
v 0.373763252 -0.137506609 -0.0513566254
v 0.352172893 -0.155267212 -0.0152167659
v 0.35059741 -0.148796151 -0.0418461062
v 0.176443432 0.0827446744 -0.0496908156
v 0.17991886 0.0827446744 -0.0166241747
v 0.174058336 0.177310747 -0.0661794596
v 0.173414362 0.121949718 -0.0660425493
v 0.181562271 0.198152928 -0.0167102813
v 0.178068826 0.198152928 -0.0499483239
v -0.454501789 0.0827446744 -0.0166241747
v -0.451026361 0.0827446744 -0.0496908156
v -0.452651755 0.198152928 -0.0499483239
v -0.4561452 0.198152928 -0.0167102813
v -0.447997291 0.121949718 -0.0660425493
v -0.448641265 0.177310747 -0.0661794596
v 0.272971534 -0.114147859 -0.0513566254
v 0.318142199 -0.113932795 -0.0513566254
v 0.255703548 -0.138131917 -0.057062872
v 0.255314729 -0.120900532 -0.057062872
v 0.323260145 -0.145896201 -0.0513566254
v 0.274744064 -0.146624414 -0.0513566254
v 0.256238691 -0.159307081 -0.0152167659
v 0.256044241 -0.152168024 -0.0418461062
v 0.224918205 -0.251202551 -0.0189824894
v 0.220949753 -0.251000797 -0.056739952
v 0.221873391 -0.188745315 -0.0548330274
v 0.225094719 -0.19506989 -0.0183941077
v 0.217490962 -0.237792644 -0.07541137
v 0.217924255 -0.202507601 -0.0750131371
v 0.213056431 -0.250839377 -0.093875272
v 0.201324427 -0.250799043 -0.129982588
v 0.201324427 -0.179852474 -0.129982588
v 0.21346351 -0.179746403 -0.0940113708
v 0.194059172 -0.23759089 -0.147526829
v 0.194059172 -0.201699774 -0.147526829
v 0.256378686 0.161367715 -0.0418461062
v 0.257601708 0.15485429 -0.0152167659
v 0.229939332 0.141519209 -0.0158051475
v 0.229077535 0.151858576 -0.0434641962
v -0.444113648 0.0827446744 -0.0822126557
v -0.433839206 0.0827446744 -0.11383415
v -0.435375491 0.198152928 -0.11442383
v -0.445703171 0.198152928 -0.0826385629
v -0.42747665 0.121949718 -0.129198782
v -0.428078017 0.177310747 -0.129466516
v 0.410350525 0.130861874 -0.0418461062
v 0.406423058 0.126549239 -0.0152167659
v 0.339492174 0.154753251 -0.0152167659
v 0.34056806 0.160422572 -0.0418461062
v -0.420315843 0.0827446744 -0.144208032
v -0.403691425 0.0827446744 -0.173002292
v -0.405071565 0.198152928 -0.17389858
v -0.421782171 0.198152928 -0.144955074
v -0.394273424 0.121949718 -0.186708338
v -0.394806051 0.177310747 -0.18709529
v 0.44502779 0.0686994778 -0.0418461062
v 0.4394505 0.0671834821 -0.0152167659
v -0.384148553 0.0827446744 -0.199900746
v -0.361900749 0.0827446744 -0.224609446
v -0.363064364 0.198152928 -0.225773144
v -0.385427492 0.198152928 -0.200936379
v -0.349838925 0.121949718 -0.236057811
v -0.350279441 0.177310747 -0.236547101
v 0.44502779 -0.0146292364 -0.0418461062
v 0.4394505 -0.0131132407 -0.0152167659
v -0.337192454 0.0827446744 -0.246856926
v -0.310293594 0.0827446744 -0.266400123
v -0.311189882 0.198152928 -0.267780263
v -0.338228087 0.198152928 -0.248135865
v -0.296115058 0.121949718 -0.275090479
v -0.296444227 0.177310747 -0.2756606
v 0.410350606 -0.0767916322 -0.0418461062
v 0.406422977 -0.0724789978 -0.0152167659
v -0.281499659 0.0827446744 -0.283024298
v -0.251125371 0.0827446744 -0.296547823
v -0.251715132 0.198152928 -0.298084108
v -0.282246782 0.198152928 -0.284490545
v -0.23544983 0.121949718 -0.302100441
v -0.235653288 0.177310747 -0.302726479
v 0.34026056 -0.106339832 -0.0418461062
v 0.338877173 -0.100657932 -0.0152167659
v -0.219504364 0.0827446744 -0.306822102
v -0.186982037 0.0827446744 -0.313734896
v -0.187239464 0.198152928 -0.31536029
v -0.219930271 0.198152928 -0.308411625
v -0.17049461 0.121949718 -0.31590712
v -0.17056343 0.177310747 -0.316561725
v 0.25502557 -0.107635327 -0.0418461062
v 0.254895558 -0.101459917 -0.0152167659
v -0.153915883 0.0827446744 -0.317210325
v -0.120667046 0.0827446744 -0.317210325
v -0.12058094 0.198152928 -0.318853654
v -0.154001989 0.198152928 -0.318853654
v -0.104088319 0.121949718 -0.315907039
v -0.104019499 0.177310747 -0.316561806
v 0.185882696 -0.250799043 -0.16466529
v 0.166899963 -0.250799043 -0.197544379
v 0.166899963 -0.179852474 -0.197544379
v 0.185882696 -0.179852474 -0.16466529
v 0.156145808 -0.23759089 -0.213194681
v 0.156145808 -0.201699774 -0.213194681
v 0.144584718 -0.250799043 -0.22825863
v 0.119180835 -0.250799043 -0.256472462
v 0.119180835 -0.179852474 -0.256472543
v 0.144584718 -0.179852474 -0.22825863
v 0.105407836 -0.23759089 -0.269544921
v 0.105407836 -0.201699774 -0.269544921
v -0.0876008922 0.0827446744 -0.313734896
v -0.0550785652 0.0827446744 -0.306822102
v -0.054652658 0.198152928 -0.308411625
v -0.0873434651 0.198152928 -0.31536029
v -0.0391330988 0.121949718 -0.302100441
v -0.0389296405 0.177310747 -0.302726479
v -0.0234575576 0.0827446744 -0.296547823
v 0.00691673021 0.0827446744 -0.283024298
v 0.00766385312 0.198152928 -0.284490545
v -0.0228677963 0.198152928 -0.298084108
v 0.0215321295 0.121949718 -0.27509056
v 0.0218612986 0.177310747 -0.2756606
v 0.3184497 0.168015535 -0.0513566254
v 0.273586535 0.168164537 -0.0513566254
v 0.275338451 0.200720625 -0.0513566254
v 0.323557988 0.199978615 -0.0513566254
v 0.0357106656 0.0827446744 -0.266400123
v 0.0626095252 0.0827446744 -0.246856926
v 0.063645158 0.198152928 -0.248135865
v 0.0366069534 0.198152928 -0.267780263
v 0.0752559967 0.121949718 -0.236057811
v 0.075696512 0.177310747 -0.236547101
v 0.0873178198 0.0827446744 -0.224609446
v 0.109565624 0.0827446744 -0.199900746
v 0.110844563 0.198152928 -0.200936379
v 0.0884814357 0.198152928 -0.225773144
v 0.119690495 0.121949718 -0.186708338
v 0.120223122 0.177310747 -0.18709529
v 0.231084688 -0.110602474 -0.0521509
v 0.243115347 -0.112672928 -0.0513566254
v 0.227656979 -0.139640527 -0.0592693437
v 0.228093761 -0.118084822 -0.0592693437
v 0.24312046 -0.145711733 -0.0513566254
v 0.230356636 -0.147188043 -0.0521509
v 0.228156495 -0.166122732 -0.0158051475
v 0.227749741 -0.157175841 -0.0434641962
v 0.129108496 0.0827446744 -0.173002292
v 0.145732915 0.0827446744 -0.144208032
v 0.147199243 0.198152928 -0.144955074
v 0.130488637 0.198152928 -0.17389858
v 0.152893722 0.121949718 -0.129198782
v 0.153495088 0.177310747 -0.129466516
v 0.228769467 -0.101287136 -0.0434641962
v 0.229323195 -0.0932624219 -0.0158051475
v 0.159256278 0.0827446744 -0.11383415
v 0.169530719 0.0827446744 -0.0822126557
v 0.171120242 0.198152928 -0.0826385629
v 0.160792562 0.198152928 -0.11442383
v -0.391803925 -0.226040756 -0.0133383271
v -0.389015402 -0.226040756 -0.0398692251
v -0.434680633 -0.211404986 -0.0471019365
v -0.437975001 -0.211404986 -0.015758077
v -0.400649127 -0.225368134 -0.0559783833
v -0.423457314 -0.21873687 -0.0608264043
v -0.383468952 -0.226040756 -0.0659629352
v -0.375225279 -0.226040756 -0.0913343562
v -0.418388954 -0.211404986 -0.107903345
v -0.42812809 -0.211404986 -0.0779293187
v -0.383255511 -0.225368134 -0.109510235
v -0.404557361 -0.21873687 -0.11899446
v -0.364374954 -0.226040756 -0.115704717
v -0.351036383 -0.226040756 -0.138807663
v -0.389811868 -0.211404986 -0.163988773
v -0.405570188 -0.211404986 -0.136694683
v -0.355112204 -0.225368134 -0.158255988
v -0.373976612 -0.21873687 -0.17196179
v -0.335356298 -0.226040756 -0.160389582
v -0.317505854 -0.226040756 -0.180214471
v -0.350198528 -0.211404986 -0.212907226
v -0.37128718 -0.211404986 -0.189485905
v -0.317448964 -0.225368134 -0.200085214
v -0.333051546 -0.21873687 -0.217413661
v -0.297681208 -0.226040756 -0.198064671
v -0.276098965 -0.226040756 -0.213745081
v -0.301280075 -0.211404986 -0.252520566
v -0.326777531 -0.211404986 -0.233995635
v -0.271912041 -0.225368134 -0.233169709
v -0.283570925 -0.21873687 -0.253363453
v -0.252996344 -0.226040756 -0.227083409
v -0.228625658 -0.226040756 -0.237933896
v -0.245194566 -0.211404986 -0.28109749
v -0.273986391 -0.211404986 -0.268278562
v -0.220491546 -0.225368134 -0.256063597
v -0.227697151 -0.21873687 -0.278240065
v -0.203254643 -0.226040756 -0.246177406
v -0.177160527 -0.226040756 -0.251723938
v -0.184393157 -0.211404986 -0.297389168
v -0.215221027 -0.211404986 -0.290836545
v -0.165434853 -0.225368134 -0.267766305
v -0.167872213 -0.21873687 -0.29095625
v -0.150629954 -0.226040756 -0.25451238
v -0.123952975 -0.226040756 -0.25451238
v -0.121533225 -0.211404986 -0.300683537
v -0.153049704 -0.211404986 -0.300683537
v -0.109148076 -0.225368134 -0.267766305
v -0.106710715 -0.21873687 -0.29095625
v -0.0974224016 -0.226040756 -0.251723938
v -0.0713282857 -0.226040756 -0.246177406
v -0.0593619022 -0.211404986 -0.290836545
v -0.0901897713 -0.211404986 -0.297389168
v -0.0540913826 -0.225368134 -0.256063597
v -0.0468857773 -0.21873687 -0.278240065
v -0.0459572705 -0.226040756 -0.237933896
v -0.0215865852 -0.226040756 -0.227083409
v -0.0005965378 -0.211404986 -0.268278562
v -0.0293883631 -0.211404986 -0.28109749
v -0.00267088732 -0.225368134 -0.233169709
v 0.0089879958 -0.21873687 -0.253363453
v 0.00151603624 -0.226040756 -0.213745081
v 0.0230982796 -0.226040756 -0.198064671
v 0.0521946026 -0.211404986 -0.233995553
v 0.0266971462 -0.211404986 -0.252520566
v 0.0428660352 -0.225368134 -0.200085214
v 0.0584686171 -0.21873687 -0.217413661
v 0.0429229257 -0.226040756 -0.180214471
v 0.0607733688 -0.226040756 -0.160389582
v 0.0967042514 -0.211404986 -0.189485905
v 0.0756155993 -0.211404986 -0.212907226
v 0.0805292756 -0.225368134 -0.158255988
v 0.0993936829 -0.21873687 -0.17196179
v 0.0764534548 -0.226040756 -0.138807744
v 0.0897920254 -0.226040756 -0.115704717
v 0.13098726 -0.211404986 -0.136694683
v 0.115228939 -0.211404986 -0.163988854
v 0.108672583 -0.225368134 -0.109510235
v 0.129974432 -0.21873687 -0.11899446
v 0.10064235 -0.226040756 -0.0913343562
v 0.108886023 -0.226040756 -0.0659629352
v 0.153545162 -0.211404986 -0.0779293187
v 0.143806026 -0.211404986 -0.107903345
v 0.126066198 -0.225368134 -0.0559783833
v 0.148874385 -0.21873687 -0.0608264043
v 0.114432473 -0.226040756 -0.0398692251
v 0.117220997 -0.226040756 -0.0133383271
v 0.163392073 -0.211404986 -0.015758077
v 0.160097704 -0.211404986 -0.0471019365
v -0.4874751 -0.289339012 -0.0554637725
v -0.491354361 -0.289339012 -0.0185555272
v -0.489967404 -0.279813804 -0.0749635508
v -0.486522652 -0.286825689 -0.0742313606
v -0.498425815 -0.275830501 -0.0189260859
v -0.494469132 -0.275830501 -0.0565715531
v -0.468291182 -0.289339012 -0.127059021
v -0.479759267 -0.289339012 -0.0917638342
v -0.466674715 -0.279813804 -0.146650912
v -0.463457525 -0.286825689 -0.145218507
v -0.486599264 -0.275830501 -0.093596582
v -0.474902075 -0.275830501 -0.129596691
v -0.434640947 -0.289339012 -0.193101165
v -0.453196799 -0.289339012 -0.160961651
v -0.428986478 -0.279813804 -0.211928808
v -0.426137413 -0.286825689 -0.209858841
v -0.459506198 -0.275830501 -0.164176406
v -0.440579787 -0.275830501 -0.196957945
v -0.387995189 -0.289339012 -0.250703968
v -0.412827652 -0.289339012 -0.223124615
v -0.378549757 -0.279813804 -0.267944442
v -0.376193309 -0.286825689 -0.265327402
v -0.418330765 -0.275830501 -0.227580977
v -0.393002357 -0.275830501 -0.255711136
v -0.330392386 -0.289339012 -0.297349645
v -0.360416323 -0.289339012 -0.275536026
v -0.317568913 -0.279813804 -0.312249659
v -0.315808069 -0.286825689 -0.309199813
v -0.364872684 -0.275830501 -0.281039139
v -0.334249085 -0.275830501 -0.303288485
v -0.264350242 -0.289339012 -0.330999798
v -0.298253359 -0.289339012 -0.315905172
v -0.24870903 -0.279813804 -0.342907993
v -0.247620808 -0.286825689 -0.339558762
v -0.301468114 -0.275830501 -0.322214571
v -0.266887912 -0.275830501 -0.337610692
v -0.192754993 -0.289339012 -0.350183636
v -0.229055542 -0.289339012 -0.342467721
v -0.174979701 -0.279813804 -0.35857972
v -0.174611577 -0.286825689 -0.355077348
v -0.23088829 -0.275830501 -0.349307637
v -0.193862693 -0.275830501 -0.357177748
v -0.118735694 -0.289339012 -0.354062816
v -0.155847235 -0.289339012 -0.354062816
v -0.0996032279 -0.279813804 -0.35857972
v -0.0999713519 -0.286825689 -0.355077348
v -0.156217875 -0.275830501 -0.361134351
v -0.118365054 -0.275830501 -0.361134351
v -0.0455273867 -0.289339012 -0.342467802
v -0.0818279353 -0.289339012 -0.350183717
v -0.0258738989 -0.279813804 -0.342908074
v -0.0269621208 -0.286825689 -0.339558844
v -0.0807202359 -0.275830501 -0.357177748
v -0.0436946389 -0.275830501 -0.349307637
v 0.02367043 -0.289339012 -0.315905172
v -0.0102326867 -0.289339012 -0.330999798
v 0.0429859839 -0.279813804 -0.312249659
v 0.0412251404 -0.286825689 -0.309199894
v -0.00769501706 -0.275830501 -0.337610692
v 0.0268851848 -0.275830501 -0.322214571
v 0.0858333939 -0.289339012 -0.275536026
v 0.055809538 -0.289339012 -0.297349645
v 0.103966828 -0.279813804 -0.267944442
v 0.10161038 -0.286825689 -0.265327402
v 0.0596661563 -0.275830501 -0.303288485
v 0.0902897556 -0.275830501 -0.281039139
v 0.138244724 -0.289339012 -0.223124615
v 0.11341226 -0.289339012 -0.250703968
v 0.154403549 -0.279813804 -0.211928808
v 0.151554484 -0.286825689 -0.209858841
v 0.118419428 -0.275830501 -0.255711136
v 0.143747837 -0.275830501 -0.227580977
v 0.17861387 -0.289339012 -0.160961651
v 0.160058018 -0.289339012 -0.193101165
v 0.192091786 -0.279813804 -0.146650912
v 0.188874596 -0.286825689 -0.145218507
v 0.165996858 -0.275830501 -0.196957945
v 0.184923269 -0.275830501 -0.164176406
v 0.205176338 -0.289339012 -0.0917638342
v 0.193708253 -0.289339012 -0.127059021
v 0.215384475 -0.279813804 -0.0749635508
v 0.211939805 -0.286825689 -0.0742313606
v 0.200319146 -0.275830501 -0.129596691
v 0.212016335 -0.275830501 -0.093596582
v 0.216771432 -0.289339012 -0.0185555272
v 0.212892172 -0.289339012 -0.0554637725
v 0.219886203 -0.275830501 -0.0565715531
v 0.223842968 -0.275830501 -0.0189260859
v -0.452835411 -0.123936744 -0.0165368507
v -0.449378243 -0.123936744 -0.0494298176
v -0.447344471 -0.0764294326 -0.0659037724
v -0.447997291 0.0327323996 -0.0660425493
v -0.442501807 -0.123936744 -0.081780743
v -0.432281334 -0.123936744 -0.113236111
v -0.426866925 -0.0764294326 -0.128927315
v -0.42747665 0.0327323996 -0.129198782
v -0.418829064 -0.123936744 -0.14345044
v -0.40229197 -0.123936744 -0.172093506
v -0.393733492 -0.0764294326 -0.186316029
v -0.394273424 0.0327323996 -0.186708338
v -0.38285176 -0.123936744 -0.198850668
v -0.36072082 -0.123936744 -0.223429599
v -0.349392324 -0.0764294326 -0.235561866
v -0.349838925 0.0327323996 -0.236057892
v -0.336142294 -0.123936744 -0.245560133
v -0.309384727 -0.123936744 -0.265000668
v -0.295781344 -0.0764294326 -0.274512566
v -0.296115058 0.0327323996 -0.27509056
v -0.280742148 -0.123936744 -0.281537518
v -0.250527413 -0.123936744 -0.294989951
v -0.235243612 -0.0764294326 -0.301465719
v -0.23544983 0.0327323996 -0.302100441
v -0.219072451 -0.123936744 -0.305210342
v -0.186721039 -0.123936744 -0.312086779
v -0.170424897 -0.0764294326 -0.315243344
v -0.17049461 0.0327323996 -0.31590712
v -0.153828559 -0.123936744 -0.315543947
v -0.12075437 -0.123936744 -0.315543947
v -0.104158032 -0.0764294326 -0.315243344
v -0.104088319 0.0327323996 -0.31590712
v -0.0878618902 -0.123936744 -0.312086779
v -0.0555104779 -0.123936744 -0.305210342
v -0.0393393164 -0.0764294326 -0.301465719
v -0.0391330988 0.0327323996 -0.302100441
v -0.0240555968 -0.123936744 -0.294989951
v 0.00615921931 -0.123936744 -0.281537518
v 0.0211984157 -0.0764294326 -0.274512566
v 0.0215321295 0.0327323996 -0.27509056
v 0.0348017986 -0.123936744 -0.265000668
v 0.0615593655 -0.123936744 -0.245560133
v 0.0748093948 -0.0764294326 -0.235561866
v 0.0752559967 0.0327323996 -0.236057892
v 0.0861378915 -0.123936744 -0.223429599
v 0.108268831 -0.123936744 -0.198850668
v 0.119150564 -0.0764294326 -0.186316029
v 0.119690495 0.0327323996 -0.186708338
v 0.127709041 -0.123936744 -0.172093506
v 0.144246135 -0.123936744 -0.14345044
v 0.152283996 -0.0764294326 -0.128927315
v 0.152893722 0.0327323996 -0.129198782
v 0.157698405 -0.123936744 -0.113236111
v 0.167918878 -0.123936744 -0.081780743
v 0.172761543 -0.0764294326 -0.0659037724
v 0.173414362 0.0327323996 -0.0660425493
v 0.174795314 -0.123936744 -0.0494298176
v 0.178252482 -0.123936744 -0.0165368507
v -0.495532682 0.22258586 -0.056739952
v -0.499501134 0.222585941 -0.0189824894
v -0.492073891 0.260632969 -0.07541137
v -0.492073891 0.238681141 -0.07541137
v -0.475907355 0.22258586 -0.129982588
v -0.48763936 0.222585941 -0.093875272
v -0.4686421 0.260632969 -0.147526829
v -0.4686421 0.238681141 -0.147526829
v -0.441482811 0.22258586 -0.197544379
v -0.460465625 0.222585941 -0.16466529
v -0.430728737 0.260632969 -0.213194681
v -0.430728737 0.238681141 -0.213194681
v -0.393763764 0.22258586 -0.256472462
v -0.419167647 0.222585941 -0.22825863
v -0.379990764 0.260632969 -0.269544921
v -0.379990764 0.238681141 -0.269544921
v -0.3348356 0.22258586 -0.30419159
v -0.365550338 0.222585941 -0.28187602
v -0.318645692 0.260632969 -0.314114788
v -0.318645692 0.238681141 -0.314114788
v -0.267273809 0.22258586 -0.338615972
v -0.301956998 0.222585941 -0.323173998
v -0.24937451 0.260632969 -0.34495621
v -0.24937451 0.238681141 -0.34495621
v -0.194031173 0.22258586 -0.358241218
v -0.231167061 0.222585941 -0.350347734
v -0.175204828 0.260632969 -0.36072151
v -0.175204828 0.238681141 -0.36072151
v -0.118308732 0.22258586 -0.362209669
v -0.156274197 0.222585941 -0.362209669
v -0.0993781009 0.260632969 -0.36072151
v -0.0993781009 0.238681141 -0.36072151
v -0.0434158677 0.22258586 -0.350347734
v -0.0805517559 0.222585941 -0.358241218
v -0.025208419 0.260632969 -0.34495621
v -0.025208419 0.238681141 -0.34495621
v 0.0273740691 0.22258586 -0.323173998
v -0.00730911987 0.222585941 -0.338615972
v 0.0440627629 0.260632969 -0.314114788
v 0.0440627629 0.238681141 -0.314114788
v 0.0909674089 0.22258586 -0.28187602
v 0.0602526714 0.222585941 -0.30419159
v 0.105407836 0.260632969 -0.269544921
v 0.105407836 0.238681141 -0.269544921
v 0.144584718 0.22258586 -0.22825863
v 0.119180835 0.222585941 -0.256472462
v 0.156145808 0.260632969 -0.213194681
v 0.156145808 0.238681141 -0.213194681
v 0.185882696 0.22258586 -0.16466529
v 0.166899963 0.222585941 -0.197544379
v 0.194059172 0.260632969 -0.147526829
v 0.194059172 0.238681141 -0.147526829
v 0.213462942 0.223729025 -0.0940113708
v 0.201324427 0.222585941 -0.129982588
v 0.217490962 0.261931385 -0.07541137
v 0.217923037 0.241622237 -0.0750131371
v 0.22507865 0.244377324 -0.0183941077
v 0.221865681 0.235713181 -0.0548330274
v 0.0909674089 -0.250799043 -0.28187602
v 0.0602526714 -0.250799043 -0.30419159
v 0.0602526714 -0.179852474 -0.30419159
v 0.0909674089 -0.179852474 -0.28187602
v 0.0440627629 -0.23759089 -0.314114788
v 0.0440627629 -0.201699774 -0.314114788
v 0.170149615 -0.158966956 -0.0653485836
v 0.163282512 -0.200480079 -0.0638889915
v 0.149844525 -0.158966956 -0.127841204
v 0.143431003 -0.200480079 -0.124985646
v 0.11699027 -0.158966956 -0.18474647
v 0.111310561 -0.200480079 -0.180619927
v 0.0730226624 -0.158966956 -0.233577518
v 0.0683250236 -0.200480079 -0.228360156
v 0.0198633169 -0.158966956 -0.272200024
v 0.0163529916 -0.200480079 -0.266120053
v -0.0401645115 -0.158966956 -0.298926102
v -0.042333976 -0.200480079 -0.292249148
v -0.104437209 -0.158966956 -0.312587674
v -0.105171022 -0.200480079 -0.305605654
v -0.17014572 -0.158966956 -0.312587674
v -0.169411906 -0.200480079 -0.305605654
v -0.234418417 -0.158966956 -0.298926102
v -0.232248953 -0.200480079 -0.292249148
v -0.294446246 -0.158966956 -0.272200024
v -0.29093592 -0.200480079 -0.266120053
v -0.347605591 -0.158966956 -0.233577518
v -0.342907952 -0.200480079 -0.228360237
v -0.391573199 -0.158966956 -0.18474647
v -0.38589349 -0.200480079 -0.180619927
v -0.424427454 -0.158966956 -0.127841204
v -0.418013932 -0.200480079 -0.124985727
v -0.444732544 -0.158966956 -0.0653485836
v -0.437865441 -0.200480079 -0.0638889915
v -0.495532682 0.109266239 -0.056739952
v -0.499501134 0.109266239 -0.0189824894
v -0.492073891 0.201826702 -0.07541137
v -0.492073891 0.145396766 -0.07541137
v -0.475907355 0.109266239 -0.129982588
v -0.48763936 0.109266239 -0.093875272
v -0.4686421 0.201826702 -0.147526829
v -0.4686421 0.145396766 -0.147526829
v -0.441482811 0.109266239 -0.197544379
v -0.460465625 0.109266239 -0.16466529
v -0.430728737 0.201826702 -0.213194681
v -0.430728737 0.145396766 -0.213194681
v -0.393763764 0.109266239 -0.256472462
v -0.419167647 0.109266239 -0.22825863
v -0.379990764 0.201826702 -0.269544921
v -0.379990764 0.145396766 -0.269544921
v -0.3348356 0.109266239 -0.30419159
v -0.365550338 0.109266239 -0.28187602
v -0.318645692 0.201826702 -0.314114788
v -0.318645692 0.145396766 -0.314114788
v -0.267273809 0.109266239 -0.338615972
v -0.301956998 0.109266239 -0.323173998
v -0.24937451 0.201826702 -0.34495621
v -0.24937451 0.145396766 -0.34495621
v -0.194031173 0.109266239 -0.358241218
v -0.231167061 0.109266239 -0.350347734
v -0.175204828 0.201826702 -0.36072151
v -0.175204828 0.145396766 -0.36072151
v -0.118308732 0.109266239 -0.362209669
v -0.156274197 0.109266239 -0.362209669
v -0.0993781009 0.201826702 -0.36072151
v -0.0993781009 0.145396766 -0.36072151
v -0.0434158677 0.109266239 -0.350347734
v -0.0805517559 0.109266239 -0.358241218
v -0.025208419 0.201826702 -0.34495621
v -0.025208419 0.145396766 -0.34495621
v 0.0273740691 0.109266239 -0.323173998
v -0.00730911987 0.109266239 -0.338615972
v 0.0440627629 0.201826702 -0.314114788
v 0.0440627629 0.145396766 -0.314114788
v 0.0909674089 0.109266239 -0.28187602
v 0.0602526714 0.109266239 -0.30419159
v 0.105407836 0.201826702 -0.269544921
v 0.105407836 0.145396766 -0.269544921
v 0.144584718 0.109266239 -0.22825863
v 0.119180835 0.109266239 -0.256472462
v 0.156145808 0.201826702 -0.213194681
v 0.156145808 0.145396766 -0.213194681
v 0.185882696 0.109266239 -0.16466529
v 0.166899963 0.109266239 -0.197544379
v 0.194059172 0.201826702 -0.147526829
v 0.194059172 0.145396766 -0.147526829
v 0.213501654 0.111049969 -0.0940113708
v 0.201324427 0.109266239 -0.129982588
v 0.217779959 0.202301221 -0.0811948773
v 0.217859086 0.149775786 -0.0811948773
v 0.0273740691 -0.250799043 -0.323173998
v -0.00730911987 -0.250799043 -0.338615972
v -0.00730911987 -0.179852474 -0.338615972
v 0.0273740691 -0.179852474 -0.323173998
v -0.025208419 -0.23759089 -0.34495621
v -0.025208419 -0.201699774 -0.34495621
v -0.150936886 -0.222382726 -0.0419963261
v -0.166099521 -0.222382726 -0.0886619675
v -0.178570776 -0.222382726 -0.10730985
v -0.189416963 -0.222382726 -0.10248082
v -0.141907217 -0.222382726 -0.0439156675
v -0.147036119 -0.222382726 -0.0927140908
v -0.155357702 -0.222382726 -0.113547345
v -0.166970975 -0.222382726 -0.11107882
v -0.132675712 -0.222382726 -0.0439156675
v -0.12754681 -0.222382726 -0.0927140096
v -0.13135514 -0.222382726 -0.114822226
v -0.143227788 -0.222382726 -0.114822226
v -0.123646043 -0.222382726 -0.0419963261
v -0.108483408 -0.222382726 -0.0886619675
v -0.107611954 -0.222382726 -0.11107882
v -0.119225227 -0.222382726 -0.113547345
v -0.115212708 -0.222382726 -0.0382415587
v -0.0906790614 -0.222382726 -0.0807349657
v -0.0851659662 -0.222382726 -0.10248082
v -0.0960121523 -0.222382726 -0.10730985
v -0.107744238 -0.222382726 -0.0328154628
v -0.0749118949 -0.222382726 -0.0692794598
v -0.0649980299 -0.222382726 -0.0894038152
v -0.0746032583 -0.222382726 -0.0963824269
v -0.101567205 -0.222382726 -0.0259551767
v -0.061871086 -0.222382726 -0.0547961014
v -0.0479897435 -0.222382726 -0.0724194698
v -0.0559341126 -0.222382726 -0.081242597
v -0.096951534 -0.222382726 -0.0179604908
v -0.0521264314 -0.222382726 -0.0379179082
v -0.0348843343 -0.222382726 -0.0522701183
v -0.0408206584 -0.222382726 -0.0625521073
v -0.0940988165 -0.222382726 -0.00918086323
v -0.0461039196 -0.222382726 -0.0193825077
v -0.0262546021 -0.222382726 -0.029836223
v -0.0299235063 -0.222382726 -0.0411277936
v -0.0224777602 -0.222382726 -0.00609839283
v -0.023718799 -0.222382726 -0.0179060351
v -0.321612433 -0.223284857 -0.0291936291
v -0.323654321 -0.223284857 -0.00976681016
v -0.26790074 -0.222382645 -0.0277618734
v -0.30283324 -0.222743546 -0.0351870059
v -0.311514912 -0.223284857 -0.0668782135
v -0.317551139 -0.223284857 -0.0483003684
v -0.259274578 -0.222382645 -0.0543103823
v -0.291899974 -0.222743546 -0.0688361041
v -0.293802921 -0.223284857 -0.101639799
v -0.303569894 -0.223284857 -0.0847229757
v -0.245317192 -0.222382645 -0.0784852379
v -0.27420957 -0.222743546 -0.0994768273
v -0.26925069 -0.223284857 -0.131959307
v -0.282321364 -0.223284857 -0.117442837
v -0.226638551 -0.222382645 -0.0992300316
v -0.250535204 -0.222743546 -0.125769857
v -0.495532682 -0.0626751805 -0.056739952
v -0.499501134 -0.0626751805 -0.0189824894
v -0.492073891 0.0675521742 -0.07541137
v -0.492073891 -0.0212601755 -0.07541137
v -0.475907355 -0.0626751805 -0.129982588
v -0.48763936 -0.0626751805 -0.093875272
v -0.4686421 0.0675521742 -0.147526829
v -0.4686421 -0.0212601755 -0.147526829
v -0.441482811 -0.0626751805 -0.197544379
v -0.460465625 -0.0626751805 -0.16466529
v -0.430728737 0.0675521742 -0.213194681
v -0.430728737 -0.0212601755 -0.213194681
v -0.393763764 -0.0626751805 -0.256472462
v -0.419167647 -0.0626751805 -0.22825863
v -0.379990764 0.0675521742 -0.269544921
v -0.379990764 -0.0212601755 -0.269544921
v -0.3348356 -0.0626751805 -0.30419159
v -0.365550338 -0.0626751805 -0.28187602
v -0.318645692 0.0675521742 -0.314114788
v -0.318645692 -0.0212601755 -0.314114788
v -0.267273809 -0.0626751805 -0.338615972
v -0.301956998 -0.0626751805 -0.323173998
v -0.24937451 0.0675521742 -0.34495621
v -0.24937451 -0.0212601755 -0.34495621
v -0.194031173 -0.0626751805 -0.358241218
v -0.231167061 -0.0626751805 -0.350347734
v -0.175204828 0.0675521742 -0.36072151
v -0.175204828 -0.0212601755 -0.36072151
v -0.118308732 -0.0626751805 -0.362209669
v -0.156274197 -0.0626751805 -0.362209669
v -0.0993781009 0.0675521742 -0.36072151
v -0.0993781009 -0.0212601755 -0.36072151
v -0.0434158677 -0.0626751805 -0.350347734
v -0.0805517559 -0.0626751805 -0.358241218
v -0.025208419 0.0675521742 -0.34495621
v -0.025208419 -0.0212601755 -0.34495621
v 0.0273740691 -0.0626751805 -0.323173998
v -0.00730911987 -0.0626751805 -0.338615972
v 0.0440627629 0.0675521742 -0.314114788
v 0.0440627629 -0.0212601755 -0.314114788
v 0.0909674089 -0.0626751805 -0.28187602
v 0.0602526714 -0.0626751805 -0.30419159
v 0.105407836 0.0675521742 -0.269544921
v 0.105407836 -0.0212601755 -0.269544921
v 0.144584718 -0.0626751805 -0.22825863
v 0.119180835 -0.0626751805 -0.256472462
v 0.156145808 0.0675521742 -0.213194681
v 0.156145808 -0.0212601755 -0.213194681
v 0.185882696 -0.0626751805 -0.16466529
v 0.166899963 -0.0626751805 -0.197544379
v 0.194059172 0.0675521742 -0.147526829
v 0.194059172 -0.0212601755 -0.147526829
v 0.213501654 -0.0646609076 -0.0940113708
v 0.201324427 -0.0626751805 -0.129982588
v 0.217975708 0.0677117271 -0.0750131371
v 0.217975708 -0.0227985702 -0.0750131371
v 0.225359856 -0.0457805937 -0.0183941077
v 0.222083666 -0.0547600275 -0.0548330274
v 0.222083829 0.098796861 -0.0548330274
v 0.225360181 0.0862152332 -0.0183941077
v -0.0434158677 -0.250799043 -0.350347734
v -0.0805517559 -0.250799043 -0.358241218
v -0.0805517559 -0.179852474 -0.358241218
v -0.0434158677 -0.179852474 -0.350347734
v -0.0993781009 -0.23759089 -0.36072151
v -0.0993781009 -0.201699774 -0.36072151
v -0.238931182 -0.223284857 -0.156511538
v -0.254734382 -0.223284857 -0.145029819
v -0.204055004 -0.222382645 -0.115637925
v -0.221911534 -0.222743546 -0.146566185
v -0.204169516 -0.223284857 -0.174223448
v -0.222014602 -0.223284857 -0.166278348
v -0.178553652 -0.222382645 -0.126991824
v -0.1895895 -0.222743546 -0.160956863
v -0.166484931 -0.223284857 -0.184320969
v -0.185591995 -0.223284857 -0.180259675
v -0.15124885 -0.222382645 -0.13279562
v -0.154981868 -0.222743546 -0.168312931
v -0.127524492 -0.223284857 -0.186362775
v -0.147058437 -0.223284857 -0.186362775
v -0.123334079 -0.222382645 -0.13279562
v -0.119601061 -0.222743546 -0.168312931
v -0.0889909336 -0.223284857 -0.180259675
v -0.108097998 -0.223284857 -0.184320969
v -0.0960292762 -0.222382645 -0.126991824
v -0.0849934284 -0.222743546 -0.160956863
v -0.0525683263 -0.223284857 -0.166278348
v -0.0704134132 -0.223284857 -0.174223448
v -0.0705279244 -0.222382645 -0.115637925
v -0.0526714757 -0.222743546 -0.146566185
v -0.0198485465 -0.223284857 -0.145029819
v -0.0356517463 -0.223284857 -0.156511538
v -0.0479443772 -0.222382645 -0.0992300316
v -0.0240477246 -0.222743546 -0.125769857
v 0.00773843556 -0.223284857 -0.117442837
v -0.00533223881 -0.223284857 -0.131959307
v -0.0292657363 -0.222382645 -0.0784852379
v -0.000373358567 -0.222743546 -0.0994768273
v 0.0289869651 -0.223284857 -0.0847229757
v 0.0192199926 -0.223284857 -0.101639799
v -0.0153083505 -0.222382645 -0.0543103823
v 0.0173170448 -0.222743546 -0.0688361041
v 0.0429682108 -0.223284857 -0.0483003684
v 0.0369319835 -0.223284857 -0.0668782135
v -0.00668218912 -0.222382645 -0.0277618734
v 0.0282503113 -0.222743546 -0.0351870059
v 0.0490713106 -0.223284857 -0.00976681016
v 0.0470295047 -0.223284857 -0.0291936291
v -0.337170298 -0.22418707 -0.0424855349
v -0.371008815 -0.225866838 -0.0496781553
v -0.323969206 -0.22418707 -0.0831142998
v -0.355572927 -0.225866838 -0.0971851418
v -0.302609412 -0.22418707 -0.120110518
v -0.33059698 -0.225866838 -0.140444662
v -0.495532682 -0.179852474 -0.056739952
v -0.499501134 -0.179852474 -0.0189824894
v -0.492073891 -0.0983071652 -0.07541137
v -0.492073891 -0.155961097 -0.07541137
v -0.475907355 -0.179852474 -0.129982588
v -0.48763936 -0.179852474 -0.093875272
v -0.4686421 -0.0983071652 -0.147526829
v -0.4686421 -0.155961097 -0.147526829
v -0.441482811 -0.179852474 -0.197544379
v -0.460465625 -0.179852474 -0.16466529
v -0.430728737 -0.0983071652 -0.213194681
v -0.430728737 -0.155961097 -0.213194681
v -0.393763764 -0.179852474 -0.256472462
v -0.419167647 -0.179852474 -0.22825863
v -0.379990764 -0.0983071652 -0.269544921
v -0.379990764 -0.155961097 -0.269544921
v -0.3348356 -0.179852474 -0.30419159
v -0.365550338 -0.179852474 -0.28187602
v -0.318645692 -0.0983071652 -0.314114788
v -0.318645692 -0.155961097 -0.314114788
v -0.267273809 -0.179852474 -0.338615972
v -0.301956998 -0.179852474 -0.323173998
v -0.24937451 -0.0983071652 -0.34495621
v -0.24937451 -0.155961097 -0.34495621
v -0.194031173 -0.179852474 -0.358241218
v -0.231167061 -0.179852474 -0.350347734
v -0.175204828 -0.0983071652 -0.36072151
v -0.175204828 -0.155961097 -0.36072151
v -0.118308732 -0.179852474 -0.362209669
v -0.156274197 -0.179852474 -0.362209669
v -0.0993781009 -0.0983071652 -0.36072151
v -0.0993781009 -0.155961097 -0.36072151
v -0.025208419 -0.0983071652 -0.34495621
v -0.025208419 -0.155961097 -0.34495621
v 0.0440627629 -0.0983071652 -0.314114788
v 0.0440627629 -0.155961097 -0.314114788
v 0.105407836 -0.0983071652 -0.269544921
v 0.105407836 -0.155961097 -0.269544921
v 0.156145808 -0.0983071652 -0.213194681
v 0.156145808 -0.155961097 -0.213194681
v 0.194059172 -0.0983071652 -0.147526829
v 0.194059172 -0.155961097 -0.147526829
v 0.217859086 -0.102188617 -0.0811948773
v 0.217781258 -0.154294638 -0.0811948773
v -0.118308732 -0.250799043 -0.362209669
v -0.156274197 -0.250799043 -0.362209669
v -0.175204828 -0.23759089 -0.36072151
v -0.175204828 -0.201699774 -0.36072151
v -0.274024453 -0.22418707 -0.151857318
v -0.297172684 -0.225866838 -0.177566105
v -0.239463566 -0.22418707 -0.176967254
v -0.25676085 -0.225866838 -0.206926996
v -0.20043731 -0.22418707 -0.194342934
v -0.211127595 -0.225866838 -0.22724426
v -0.158651259 -0.22418707 -0.203224818
v -0.162267331 -0.225866838 -0.237629804
v -0.11593167 -0.22418707 -0.203224818
v -0.112315598 -0.225866838 -0.237629804
v -0.0741456192 -0.22418707 -0.194342934
v -0.0634553339 -0.225866838 -0.22724426
v -0.0351193623 -0.22418707 -0.176967254
v -0.0178220791 -0.225866838 -0.206926996
v -0.000558475597 -0.22418707 -0.151857318
v 0.0225897556 -0.225866838 -0.177566105
v 0.0280264829 -0.22418707 -0.120110518
v 0.0560140514 -0.225866838 -0.140444662
v 0.0493862774 -0.22418707 -0.0831142998
v 0.0809899987 -0.225866838 -0.0971851418
v 0.0625873696 -0.22418707 -0.0424855349
v 0.096425886 -0.225866838 -0.0496781553
v -0.451216347 0.21756027 -0.0667267763
v -0.455688372 0.250548595 -0.0676773575
v -0.430483078 0.21756027 -0.13053729
v -0.434659775 0.250548595 -0.1323969
v -0.396935911 0.21756027 -0.188642693
v -0.400634681 0.250548595 -0.191330014
v -0.495532682 -0.250799043 -0.056739952
v -0.499501134 -0.250799043 -0.0189824894
v -0.492073891 -0.201699774 -0.07541137
v -0.492073891 -0.23759089 -0.07541137
v -0.475907355 -0.250799043 -0.129982588
v -0.48763936 -0.250799043 -0.093875272
v -0.4686421 -0.201699774 -0.147526829
v -0.4686421 -0.23759089 -0.147526829
v -0.441482811 -0.250799043 -0.197544379
v -0.460465625 -0.250799043 -0.16466529
v -0.430728737 -0.201699774 -0.213194681
v -0.430728737 -0.23759089 -0.213194681
v -0.393763764 -0.250799043 -0.256472462
v -0.419167647 -0.250799043 -0.22825863
v -0.379990764 -0.201699774 -0.269544921
v -0.379990764 -0.23759089 -0.269544921
v -0.3348356 -0.250799043 -0.30419159
v -0.365550338 -0.250799043 -0.28187602
v -0.318645692 -0.201699774 -0.314114788
v -0.318645692 -0.23759089 -0.314114788
v -0.267273809 -0.250799043 -0.338615972
v -0.301956998 -0.250799043 -0.323173998
v -0.24937451 -0.201699774 -0.34495621
v -0.24937451 -0.23759089 -0.34495621
v -0.194031173 -0.250799043 -0.358241218
v -0.231167061 -0.250799043 -0.350347734
v -0.352041015 0.21756027 -0.23850353
v -0.355100274 0.250548595 -0.24190113
v -0.297760579 0.21756027 -0.277940599
v -0.300046502 0.250548595 -0.281900042
v 0.221950164 0.136058054 -0.0643435467
v 0.226272375 0.155755123 -0.0553282419
v 0.221599814 0.216581608 -0.0643435467
v 0.225526064 0.206070597 -0.0553282419
v -0.236466797 0.21756027 -0.305230307
v -0.237879643 0.250548595 -0.309578487
v -0.17083863 0.21756027 -0.319179983
v -0.171316559 0.250548595 -0.323726996
v -0.103744298 0.21756027 -0.319180064
v -0.10326637 0.250548595 -0.323726996
v 0.221607523 -0.16665122 -0.0643435467
v 0.225482564 -0.153092716 -0.0553282419
v 0.221950083 -0.0887625604 -0.0643435467
v 0.226210615 -0.105372289 -0.0553282419
v -0.0381161319 0.21756027 -0.305230307
v -0.0367032856 0.250548595 -0.309578569
v 0.1762713 -0.289610479 -0.0840187844
v 0.165771082 -0.289610479 -0.116334975
v 0.191301244 -0.291852335 -0.0698445496
v 0.18336491 -0.29095556 -0.0681576392
v 0.180358888 -0.291852335 -0.121934664
v 0.191364465 -0.291852335 -0.0880629544
v 0.162186986 -0.29095556 -0.133336444
v 0.169599215 -0.291852335 -0.136636575
v 0.186887652 -0.289610479 -0.0169893771
v 0.183335856 -0.289610479 -0.0507825273
v 0.198769146 -0.291852335 -0.0532268674
v 0.202491938 -0.291852335 -0.0178071869
v 0.0231776503 0.21756027 -0.277940599
v 0.0254635737 0.250548595 -0.281900042
v 0.0774580859 0.21756027 -0.23850353
v 0.0805173457 0.250548595 -0.24190113
v 0.122352983 0.21756027 -0.188642693
v 0.126051752 0.250548595 -0.191330014
v 0.155900149 0.21756027 -0.13053729
v 0.160076847 0.250548595 -0.1323969
v 0.176633418 0.21756027 -0.0667267763
v 0.181105524 0.250548595 -0.0676773575
v -0.474947928 0.291114545 -0.0717711139
v -0.484566385 0.29110716 -0.073815598
v -0.452647291 0.291114545 -0.140405464
v -0.461630458 0.29110716 -0.144405079
v -0.416564079 0.291114545 -0.20290344
v -0.424519404 0.29110716 -0.208683295
v -0.368275316 0.291114545 -0.256533572
v -0.374855045 0.29110716 -0.263841109
v -0.309891385 0.291114545 -0.29895191
v -0.314808064 0.29110716 -0.307467861
v -0.243964077 0.291114545 -0.328304605
v -0.247002804 0.29110716 -0.337656707
v -0.173374677 0.291114545 -0.343308823
v -0.174402519 0.29110716 -0.353088375
v -0.101208252 0.291114545 -0.343308823
v -0.10018041 0.29110716 -0.353088375
v -0.0306188517 0.291114545 -0.328304605
v -0.0275801244 0.29110716 -0.337656707
v -0.457918785 -0.289610479 -0.0507825273
v -0.461470581 -0.289610479 -0.0169893771
v -0.465884173 -0.291852335 -0.0698445496
v -0.457947839 -0.29095556 -0.0681576392
v -0.477074867 -0.291852335 -0.0178071869
v -0.473352075 -0.291852335 -0.0532268674
v -0.440354011 -0.289610479 -0.116334975
v -0.450854229 -0.289610479 -0.0840187844
v -0.444182143 -0.291852335 -0.136636575
v -0.436769915 -0.29095556 -0.133336444
v -0.465947394 -0.291852335 -0.0880629544
v -0.454941817 -0.291852335 -0.121934664
v -0.409543996 -0.289610479 -0.176802994
v -0.426533617 -0.289610479 -0.147376041
v -0.409067529 -0.291852335 -0.197456893
v -0.402503462 -0.29095556 -0.192687756
v -0.440456186 -0.291852335 -0.154469976
v -0.422648756 -0.291852335 -0.185313346
v -0.366835201 -0.289610479 -0.229543899
v -0.389571808 -0.289610479 -0.204292426
v -0.362074991 -0.291852335 -0.249647397
v -0.356645892 -0.29095556 -0.243617743
v -0.401715193 -0.291852335 -0.214125947
v -0.377884196 -0.291852335 -0.240592894
v -0.314094296 -0.289610479 -0.272252694
v -0.341584053 -0.289610479 -0.252280182
v -0.305258265 -0.291852335 -0.290927115
v -0.301201435 -0.29095556 -0.283900459
v -0.351417574 -0.291852335 -0.264423567
v -0.322604567 -0.291852335 -0.285357454
v -0.253626196 -0.289610479 -0.303062628
v -0.284667749 -0.289610479 -0.289242071
v -0.241100647 -0.291852335 -0.319491947
v -0.238593411 -0.29095556 -0.311775383
v -0.291761684 -0.291852335 -0.30316456
v -0.259225885 -0.291852335 -0.317650434
v -0.188073748 -0.289610479 -0.32062732
v -0.221310492 -0.289610479 -0.313562683
v -0.172406079 -0.291852335 -0.334093387
v -0.171557998 -0.29095556 -0.3260242
v -0.225354662 -0.291852335 -0.328655929
v -0.190518088 -0.291852335 -0.336060611
v -0.120301844 -0.289610479 -0.324179116
v -0.154281085 -0.289610479 -0.324179116
v -0.10217685 -0.291852335 -0.334093387
v -0.103024931 -0.29095556 -0.3260242
v -0.155098895 -0.291852335 -0.339783403
v -0.119484034 -0.291852335 -0.339783403
v -0.0532724365 -0.289610479 -0.313562683
v -0.0865091806 -0.289610479 -0.32062732
v -0.0334822818 -0.291852335 -0.319491947
v -0.0359895179 -0.29095556 -0.311775383
v -0.0840648405 -0.291852335 -0.336060611
v -0.0492282665 -0.291852335 -0.328655929
v 0.0100848203 -0.289610479 -0.289242071
v -0.0209567329 -0.289610479 -0.303062628
v 0.0306753363 -0.291852335 -0.290927115
v 0.0266185059 -0.29095556 -0.283900459
v -0.0153570442 -0.291852335 -0.317650434
v 0.0171787548 -0.291852335 -0.30316456
v 0.0670011244 -0.289610479 -0.252280182
v 0.0395113673 -0.289610479 -0.272252694
v 0.0874920619 -0.291852335 -0.249647397
v 0.0820629633 -0.29095556 -0.243617743
v 0.0480216378 -0.291852335 -0.285357454
v 0.0768346449 -0.291852335 -0.264423567
v 0.11498888 -0.289610479 -0.204292426
v 0.0922522721 -0.289610479 -0.229543899
v 0.1344846 -0.291852335 -0.197456893
v 0.127920534 -0.29095556 -0.192687756
v 0.103301267 -0.291852335 -0.240592894
v 0.127132265 -0.291852335 -0.214125947
v 0.151950688 -0.289610479 -0.147376122
v 0.134961067 -0.289610479 -0.176802994
v 0.148065827 -0.291852335 -0.185313346
v 0.165873258 -0.291852335 -0.154469976
v 0.165398251 -0.27689324 -0.0811053621
v 0.155262181 -0.27689324 -0.112300949
v 0.178070206 -0.287368624 -0.0670321666
v 0.173370781 -0.280847002 -0.0660332975
v 0.152852981 -0.280847002 -0.129180604
v 0.157242065 -0.287368624 -0.131134761
v 0.175646479 -0.27689324 -0.0164002651
v 0.172217878 -0.27689324 -0.0490216025
v 0.035308456 0.291114545 -0.29895191
v 0.0402251351 0.29110716 -0.307467861
v 0.0936923868 0.291114545 -0.256533572
v 0.100272116 0.29110716 -0.263841109
v 0.14198115 0.291114545 -0.20290344
v 0.149936475 0.29110716 -0.208683376
v 0.178064362 0.291114545 -0.140405464
v 0.187047611 0.29110716 -0.144405079
v 0.200364999 0.291114545 -0.0717711139
v 0.209983456 0.291162833 -0.073815598
v 0.125520505 -0.27689324 -0.17067222
v 0.141921013 -0.27689324 -0.142265724
v 0.093323857 -0.264706193 -0.16755185
v 0.110927667 -0.272695035 -0.180341724
v 0.102390452 -0.261486325 -0.12212392
v 0.0883119818 -0.261486325 -0.146508726
v 0.142998604 -0.272695035 -0.124793224
v 0.123120313 -0.264706193 -0.115942829
v 0.0842926456 -0.27689324 -0.221584353
v 0.106240822 -0.27689324 -0.197208393
v 0.0534483829 -0.264706193 -0.211837995
v 0.0680083526 -0.272695035 -0.228008507
v 0.0717619027 -0.261486325 -0.169287941
v 0.0529211118 -0.261486325 -0.190212739
v 0.0333805932 -0.27689324 -0.262812131
v 0.0599171721 -0.27689324 -0.243532124
v 0.00523663694 -0.264706193 -0.246865853
v 0.0161163405 -0.272695035 -0.265710215
v 0.0319966385 -0.261486325 -0.209053205
v 0.00921701827 -0.261486325 -0.225603527
v -0.0249907584 -0.27689324 -0.292553726
v 0.00497450279 -0.27689324 -0.279212315
v -0.0492042443 -0.264706193 -0.271104579
v -0.0424802192 -0.272695035 -0.291799056
v -0.0151673824 -0.261486325 -0.239681836
v -0.0408901281 -0.261486325 -0.251134339
v -0.0882701053 -0.27689324 -0.309509342
v -0.0561858588 -0.27689324 -0.302689634
v -0.107495008 -0.264706193 -0.283494597
v -0.105220527 -0.272695035 -0.305134948
v -0.0676687144 -0.261486325 -0.259835245
v -0.0952104925 -0.261486325 -0.265689439
v -0.153691973 -0.27689324 -0.312937944
v -0.120890956 -0.27689324 -0.312937944
v -0.167087921 -0.264706193 -0.283494597
v -0.169362401 -0.272695035 -0.305134948
v -0.123212913 -0.261486325 -0.268632565
v -0.151370016 -0.261486325 -0.268632565
v -0.21839707 -0.27689324 -0.302689634
v -0.186312823 -0.27689324 -0.309509342
v -0.225378684 -0.264706193 -0.271104498
v -0.23210271 -0.272695035 -0.291799056
v -0.179372436 -0.261486325 -0.265689439
v -0.206914214 -0.261486325 -0.259835245
v -0.279557432 -0.27689324 -0.279212315
v -0.24959217 -0.27689324 -0.292553726
v -0.279819566 -0.264706193 -0.246865853
v -0.290699269 -0.272695035 -0.265710215
v -0.233692801 -0.261486325 -0.251134339
v -0.259415627 -0.261486325 -0.239681836
v -0.33450002 -0.27689324 -0.243532124
v -0.307963522 -0.27689324 -0.262812131
v -0.328031312 -0.264706193 -0.211837995
v -0.342591281 -0.272695035 -0.228008507
v -0.283799947 -0.261486325 -0.225603527
v -0.306579567 -0.261486325 -0.209053205
v -0.446800807 -0.27689324 -0.0490216025
v -0.450229408 -0.27689324 -0.0164002651
v -0.452653134 -0.287368624 -0.0670321666
v -0.44795371 -0.280847002 -0.0660332975
v -0.42984511 -0.27689324 -0.112300949
v -0.43998118 -0.27689324 -0.0811053621
v -0.431824993 -0.287368624 -0.131134761
v -0.42743591 -0.280847002 -0.129180604
v -0.400103433 -0.27689324 -0.17067222
v -0.416503942 -0.27689324 -0.142265724
v -0.398124199 -0.287368624 -0.189506112
v -0.39423739 -0.280847002 -0.186682124
v -0.358875574 -0.27689324 -0.221584353
v -0.38082375 -0.27689324 -0.197208393
v -0.353023896 -0.287368624 -0.239595161
v -0.349809141 -0.280847002 -0.236024699
v -0.29849496 -0.287368624 -0.279212721
v -0.29609274 -0.280847002 -0.27505193
v -0.236920703 -0.287368624 -0.306627328
v -0.235436115 -0.280847002 -0.302058078
v -0.170992178 -0.287368624 -0.320640873
v -0.170489984 -0.280847002 -0.315862728
v -0.103590751 -0.287368624 -0.320640873
v -0.104092945 -0.280847002 -0.315862728
v -0.0376622259 -0.287368624 -0.306627328
v -0.0391468954 -0.280847002 -0.302058078
v 0.0239120317 -0.287368624 -0.279212721
v 0.0215098116 -0.280847002 -0.27505193
v 0.0784409673 -0.287368624 -0.239595161
v 0.0752262124 -0.280847002 -0.23602478
v 0.12354127 -0.287368624 -0.189506112
v 0.119654462 -0.280847002 -0.186682124
v -0.00236403617 -0.25557662 -0.0286797488
v -0.0735189319 -0.255332097 -0.0135552574
v 0.0219304436 -0.255943364 -0.0609912323
v 0.0273715533 -0.255943364 -0.0442453235
v 0.0311319204 -0.255943364 -0.0265543521
v 0.0329723781 -0.255943364 -0.00904314136
v -0.367906786 -0.264706193 -0.16755185
v -0.385510596 -0.272695035 -0.180341724
v -0.327504041 -0.261486325 -0.190212739
v -0.346344831 -0.261486325 -0.169287941
v -0.397703242 -0.264706193 -0.115942829
v -0.417581532 -0.272695035 -0.124793224
v -0.362894911 -0.261486325 -0.146508645
v -0.376973381 -0.261486325 -0.12212392
v -0.416118451 -0.264706193 -0.0592665032
v -0.437402526 -0.272695035 -0.0637905491
v -0.388425722 -0.261486325 -0.0964014986
v -0.397126791 -0.261486325 -0.0696225877
v -0.402980904 -0.261486325 -0.0420811342
v -0.40592411 -0.261486325 -0.0140783083
v 0.141535522 -0.264706193 -0.0592665032
v 0.162819517 -0.272695035 -0.0637905491
v 0.131341181 -0.261486325 -0.0140783083
v 0.128397975 -0.261486325 -0.0420811342
v 0.122543862 -0.261486325 -0.0696225877
v 0.113842793 -0.261486325 -0.0964014986
v 0.183875463 -0.290846973 -0.14299272
v 0.177280232 -0.291852335 -0.14005633
v 0.141286697 -0.291852335 -0.202398893
v 0.147127338 -0.290846973 -0.206642382
v 0.093117964 -0.291852335 -0.255895604
v 0.0979486988 -0.290846973 -0.261260752
v 0.0348793026 -0.291852335 -0.29820852
v 0.0384890441 -0.290846973 -0.304460704
v -0.0308840698 -0.291852335 -0.327488256
v -0.0286531701 -0.290846973 -0.334354385
v -0.10129801 -0.291852335 -0.342455223
v -0.10054334 -0.290846973 -0.349635102
v -0.173284918 -0.291852335 -0.342455223
v -0.174039589 -0.290846973 -0.349635102
v -0.243698859 -0.291852335 -0.327488256
v -0.245929759 -0.290846973 -0.334354385
v -0.309462231 -0.291852335 -0.29820852
v -0.313071973 -0.290846973 -0.304460704
v -0.367700893 -0.291852335 -0.255895604
v -0.372531628 -0.290846973 -0.261260752
v -0.380786419 -0.25916307 -0.0517564814
v -0.331591467 -0.256554713 -0.0412997634
v -0.364704691 -0.25916307 -0.101250899
v -0.318758823 -0.256554713 -0.0807944531
v -0.33868394 -0.25916307 -0.146320201
v -0.297995201 -0.256554713 -0.116758123
v -0.303861407 -0.25916307 -0.184994565
v -0.270208088 -0.256554713 -0.14761886
v -0.261758847 -0.25916307 -0.215583835
v -0.236611823 -0.256554713 -0.172027932
v -0.214216558 -0.25916307 -0.236751046
v -0.198674843 -0.256554713 -0.188918542
v -0.163312215 -0.25916307 -0.2475711
v -0.158055086 -0.256554713 -0.197552576
v -0.111270714 -0.25916307 -0.2475711
v -0.116527842 -0.256554713 -0.197552576
v -0.060366371 -0.25916307 -0.236751046
v -0.0759080859 -0.256554713 -0.188918542
v -0.0128240816 -0.25916307 -0.215583835
v -0.037971106 -0.256554713 -0.172027932
v 0.0292783966 -0.25916307 -0.184994565
v -0.00437484048 -0.256554713 -0.14761886
v 0.0641010117 -0.25916307 -0.146320201
v 0.0234122725 -0.256554713 -0.116758123
v 0.0901217625 -0.25916307 -0.101250899
v 0.0441758945 -0.256554713 -0.0807944531
v 0.10620349 -0.25916307 -0.0517564814
v 0.057008538 -0.256554713 -0.0412997634
v -0.415869626 -0.291852335 -0.202398893
v -0.421710267 -0.290846973 -0.206642382
v -0.451863161 -0.291852335 -0.14005633
v -0.458458391 -0.290846973 -0.14299272
v -0.474108369 -0.291852335 -0.0715926516
v -0.481169922 -0.290846973 -0.0730936334
v 0.19952544 -0.291852335 -0.0715926516
v 0.206587074 -0.290846973 -0.0730936334
v 0.194059172 -0.260291951 -0.147526829
v 0.193665727 -0.271872518 -0.147351613
v 0.155797405 -0.271872518 -0.212941474
v 0.156145808 -0.260291951 -0.213194681
v 0.10511965 -0.271872518 -0.269224842
v 0.105407836 -0.260291951 -0.269544921
v 0.0438473746 -0.271872518 -0.313741713
v 0.0440627629 -0.260291951 -0.314114788
v -0.0253415149 -0.271872518 -0.344546615
v -0.025208419 -0.260291951 -0.34495621
v 0.217490962 -0.260332285 -0.07541137
v 0.217069681 -0.271872518 -0.0753217737
v -0.0994231426 -0.271872518 -0.360293087
v -0.0993781009 -0.260291951 -0.36072151
v -0.175159786 -0.271872518 -0.360293087
v -0.175204828 -0.260291951 -0.36072151
v -0.249241414 -0.271872518 -0.344546615
v -0.24937451 -0.260291951 -0.34495621
v -0.318430303 -0.271872518 -0.313741713
v -0.318645692 -0.260291951 -0.314114788
v -0.379702579 -0.271872518 -0.269224842
v -0.379990764 -0.260291951 -0.269544921
v -0.430380334 -0.271872518 -0.212941474
v -0.430728737 -0.260291951 -0.213194681
v -0.468248656 -0.271872518 -0.147351613
v -0.4686421 -0.260291951 -0.147526829
v -0.49165261 -0.271872518 -0.0753217737
v -0.492073891 -0.260291951 -0.07541137
v -0.196812067 -0.222382726 0.0737597626
v -0.183276774 -0.222382726 0.0581824202
v -0.169081114 -0.222382726 0.043754735
v -0.178416012 -0.222382726 0.0617140084
v -0.18904827 -0.222382726 0.0794005162
v -0.193915607 -0.222382726 0.0779363793
v -0.210846957 -0.222382726 0.0597729172
v -0.194368701 -0.222382726 0.0473501118
v -0.177483528 -0.222382726 0.0361891213
v -0.190348391 -0.222382726 0.0518151573
v -0.204425563 -0.222382726 0.0669045893
v -0.208882087 -0.222382726 0.0644604926
v -0.221667011 -0.222382726 0.0431736574
v -0.202966052 -0.222382726 0.0344484044
v -0.1841294 -0.222382726 0.0270419378
v -0.199961897 -0.222382726 0.0396516456
v -0.216868739 -0.222382726 0.0514845274
v -0.220719757 -0.222382726 0.0481673536
v -0.228799576 -0.222382726 0.0246875998
v -0.208693156 -0.222382726 0.0200410893
v -0.188728191 -0.222382726 0.0167127971
v -0.206836467 -0.222382726 0.0257552892
v -0.225834051 -0.222382726 0.0338144131
v -0.228911165 -0.222382726 0.0297690257
v -0.231932688 -0.222382726 0.00512249091
v -0.211299646 -0.222382726 0.00475785662
v -0.191078958 -0.222382726 0.00565333286
v -0.210671579 -0.222382726 0.0107332168
v -0.230929598 -0.222382726 0.0146664465
v -0.233098414 -0.222382726 0.0100696847
v 0.165612503 0.285649981 0.196708309
v 0.175491552 0.285649981 0.180585354
v 0.184514973 0.285649981 0.163968403
v 0.185540704 0.280988376 0.164491048
v 0.185882696 0.275189449 0.16466529
v 0.176820889 0.275189449 0.181352848
v 0.166899882 0.275189449 0.197544379
v 0.166578098 0.280988457 0.197335321
v 0.118095372 0.285649981 0.25538708
v 0.131110698 0.285649981 0.241670403
v 0.143391724 0.285649981 0.227292629
v 0.14428647 0.280988376 0.22801719
v 0.144584718 0.275189449 0.22825863
v 0.132251428 0.275189449 0.242697515
v 0.119180835 0.275189449 0.256472462
v 0.118909449 0.280988457 0.256201157
v 0.0594166014 0.285649981 0.30290413
v 0.0749993 0.285649981 0.292193231
v 0.0900013269 0.285649981 0.280683026
v 0.0907258884 0.280988376 0.281577772
v 0.0909674089 0.275189449 0.28187602
v 0.0759015934 0.275189449 0.293435081
v 0.0602526714 0.275189449 0.30419159
v 0.0600436944 0.280988457 0.303869725
v -0.00785919582 0.285649981 0.337182918
v 0.00960989487 0.285649981 0.329945824
v 0.0266771818 0.285649981 0.321806275
v 0.027199827 0.280988376 0.322832088
v 0.0273740691 0.275189449 0.323173998
v 0.0102342286 0.275189449 0.33134812
v -0.00730911987 0.275189449 0.338615972
v -0.00744667944 0.280988457 0.338257668
v -0.0807918967 0.285649981 0.356725141
v -0.0621998493 0.285649981 0.353278199
v -0.0438132079 0.285649981 0.348865012
v -0.0435152028 0.280988376 0.349977094
v -0.0434158677 0.275189449 0.350347734
v -0.0618807436 0.275189449 0.354779667
v -0.0805517559 0.275189449 0.358241299
v -0.0806118114 0.280988457 0.357862219
v -0.156193853 0.285649981 0.360676712
v -0.137291464 0.285649981 0.361170628
v -0.118389076 0.285649981 0.360676712
v -0.118328777 0.280988376 0.36182645
v -0.118308732 0.275189449 0.362209669
v -0.137291464 0.275189449 0.362705695
v -0.156274197 0.275189449 0.362209669
v -0.156254152 0.280988457 0.36182645
v -0.230769721 0.285649981 0.348865012
v -0.212383079 0.285649981 0.353278199
v -0.193791032 0.285649981 0.35672506
v -0.193971117 0.280988376 0.357862138
v -0.194031173 0.275189449 0.358241218
v -0.212702185 0.275189449 0.354779667
v -0.231167061 0.275189449 0.350347734
v -0.231067726 0.280988457 0.349977094
v -0.301260111 0.285649981 0.321806275
v -0.284192824 0.285649981 0.329945824
v -0.266723733 0.285649981 0.337182918
v -0.267136249 0.280988376 0.338257749
v -0.267273809 0.275189449 0.338615972
v -0.284817157 0.275189449 0.33134812
v -0.301956998 0.275189449 0.323173998
v -0.301782756 0.280988457 0.322832088
v -0.364584337 0.285649981 0.280683026
v -0.34958231 0.285649981 0.292193231
v -0.33399953 0.285649981 0.302904211
v -0.334626623 0.280988376 0.303869725
v -0.3348356 0.275189449 0.30419159
v -0.350484522 0.275189449 0.293435081
v -0.365550338 0.275189449 0.28187602
v -0.365308817 0.280988457 0.281577772
v -0.417974653 0.285649981 0.227292629
v -0.405693627 0.285649981 0.241670403
v -0.392678301 0.285649981 0.25538708
v -0.393492378 0.280988376 0.256201157
v -0.393763764 0.275189449 0.256472543
v -0.406834357 0.275189449 0.242697515
v -0.419167647 0.275189449 0.22825863
v -0.418869398 0.280988457 0.228017109
v -0.459097901 0.285649981 0.163968403
v -0.450074481 0.285649981 0.180585354
v -0.440195432 0.285649981 0.196708309
v -0.441161027 0.280988376 0.197335321
v -0.441482892 0.275189449 0.197544379
v -0.451403818 0.275189449 0.181352848
v -0.460465625 0.275189449 0.16466529
v -0.460123714 0.280988457 0.164491048
v -0.486156639 0.285649981 0.093478013
v -0.480785242 0.285649981 0.111607877
v -0.47447422 0.285649981 0.129432512
v -0.475549051 0.280988376 0.129845028
v -0.475907355 0.275189449 0.129982588
v -0.482245078 0.275189449 0.112082234
v -0.48763936 0.275189449 0.093875272
v -0.487268639 0.280988457 0.093775937
v -0.497968257 0.285649981 0.0189021448
v -0.496483588 0.285649981 0.0377525932
v -0.494016524 0.285649981 0.0564998111
v -0.495153602 0.280988376 0.0566799776
v -0.495532682 0.275189449 0.056739952
v -0.498010296 0.275189449 0.0379130388
v -0.499501134 0.275189449 0.0189824894
v -0.499117915 0.280988457 0.0189623626
v 0.219433595 0.286206387 0.0564998111
v 0.221900659 0.286512346 0.0377525932
v 0.223385329 0.286762712 0.0189021448
v 0.224534986 0.28286162 0.0189623626
v 0.224918205 0.278008568 0.0189824894
v 0.223427368 0.277374252 0.0379130388
v 0.220949753 0.276598968 0.056739952
v 0.220570673 0.281924998 0.0566799776
v 0.199891291 0.285649981 0.129432512
v 0.206202313 0.285677818 0.111607877
v 0.21157371 0.285761246 0.093478013
v 0.21268571 0.281175765 0.093775937
v 0.213056431 0.275471304 0.093875272
v 0.207662149 0.275259892 0.112082234
v 0.201324427 0.275189449 0.129982588
v 0.200966123 0.280988457 0.12984511
v 0.198812971 0.285686826 0.0176143601
v 0.197429503 0.285686826 0.0351805946
v 0.195130432 0.285686826 0.052650578
v 0.191984416 0.280537635 0.0521522797
v 0.189271531 0.273231558 0.0517226393
v 0.191530023 0.273231558 0.0345605621
v 0.192889063 0.273231558 0.0173038569
v 0.195632058 0.280537635 0.0174476655
v -0.469713442 0.285686826 0.052650578
v -0.472012431 0.285686826 0.0351805946
v -0.473395899 0.285686826 0.0176143601
v -0.470214987 0.280537635 0.0174476655
v -0.467471992 0.273231558 0.0173038569
v -0.466112952 0.273231558 0.0345605621
v -0.46385446 0.273231558 0.0517226393
v -0.466567426 0.280537635 0.0521522797
v -0.451502503 0.285686826 0.120614416
v -0.457383479 0.285686826 0.104004201
v -0.462388943 0.285686826 0.0871094516
v -0.459312235 0.280537635 0.0862850681
v -0.45665908 0.273231558 0.0855741407
v -0.451741833 0.273231558 0.102171128
v -0.445964493 0.273231558 0.118488614
v -0.448528863 0.280537635 0.119472956
v -0.275839915 -0.25557662 0.0217012993
v -0.245708527 -0.255393207 0.015858954
v -0.216706994 -0.255332097 0.00834690331
v -0.246636628 -0.255393207 0.00702876618
v -0.27732426 -0.25557662 0.00757876097
v -0.2790442 -0.25557662 0.0148987963
v -0.268300352 -0.25557662 0.0500328885
v -0.240042047 -0.255393207 0.0380536012
v -0.213236192 -0.255332097 0.0246759133
v -0.242785772 -0.255393207 0.0296093106
v -0.272688462 -0.25557662 0.0365276233
v -0.272848907 -0.25557662 0.0440452737
v -0.255035066 -0.25557662 0.0761778081
v -0.229884957 -0.255393207 0.0585850355
v -0.206446187 -0.255332097 0.0399265213
v -0.234324357 -0.255393207 0.05089574
v -0.262135168 -0.25557662 0.0638800643
v -0.260729139 -0.25557662 0.0712667288
v -0.236623834 -0.25557662 0.0989934617
v -0.215681019 -0.255393207 0.0765560766
v -0.196633767 -0.255332097 0.05343203
v -0.221622132 -0.255393207 0.0699578435
v -0.246125669 -0.25557662 0.0884405737
v -0.243214519 -0.25557662 0.0953735757
v -0.21387132 -0.25557662 0.117482522
v -0.198051158 -0.255393207 0.0911812958
v -0.184227842 -0.255332097 0.0646024346
v -0.205234202 -0.255393207 0.0859624726
v -0.225359532 -0.25557662 0.109135862
v -0.221070595 -0.25557662 0.115312003
v -0.187771848 -0.25557662 0.13083708
v -0.177765708 -0.255393207 0.101821427
v -0.169770616 -0.255332097 0.0729493379
v -0.185876934 -0.255393207 0.098210062
v -0.200744404 -0.25557662 0.125061364
v -0.19526507 -0.25557662 0.13021088
v -0.159466147 -0.25557662 0.138473462
v -0.15571138 -0.255393207 0.108011445
v -0.153893808 -0.255332097 0.0781080244
v -0.164396217 -0.255393207 0.106165387
v -0.173356092 -0.25557662 0.135521085
v -0.166925852 -0.25557662 0.139418768
v -0.130191362 -0.25557662 0.140057872
v -0.132852064 -0.255393207 0.109480857
v -0.137291464 -0.255332097 0.0798529614
v -0.141730865 -0.255393207 0.109480857
v -0.144391567 -0.25557662 0.140057872
v -0.137291464 -0.25557662 0.142533539
v -0.101226837 -0.25557662 0.135521085
v -0.110186712 -0.255393207 0.106165387
v -0.120689121 -0.255332097 0.0781080244
v -0.118871549 -0.255393207 0.108011445
v -0.115116782 -0.25557662 0.138473462
v -0.107657077 -0.25557662 0.139418849
v -0.0738385245 -0.25557662 0.125061364
v -0.0887059946 -0.255393207 0.098210062
v -0.104812312 -0.255332097 0.0729493379
v -0.0968172207 -0.255393207 0.101821427
v -0.0868110812 -0.25557662 0.13083708
v -0.0793178588 -0.25557662 0.13021088
v -0.0492233971 -0.25557662 0.109135862
v -0.0693487265 -0.255393207 0.0859624726
v -0.0903550863 -0.255332097 0.0646024346
v -0.0765317704 -0.255393207 0.0911812958
v -0.060711609 -0.25557662 0.117482522
v -0.0535123339 -0.25557662 0.115312003
v -0.0284572594 -0.25557662 0.0884405737
v -0.0529607971 -0.255393207 0.0699578435
v -0.0779491614 -0.255332097 0.05343203
v -0.0589019095 -0.255393207 0.0765560766
v -0.0379590949 -0.25557662 0.0989934617
v -0.0313684093 -0.25557662 0.0953735757
v -0.0124477608 -0.25557662 0.0638800643
v -0.0402585714 -0.255393207 0.05089574
v -0.0681367415 -0.255332097 0.0399265213
v -0.0446979715 -0.255393207 0.0585850355
v -0.0195478632 -0.25557662 0.0761778081
v -0.01385379 -0.25557662 0.0712667288
v -0.419559063 0.285686826 0.183306924
v -0.428765003 0.285686826 0.168282336
v -0.437173666 0.285686826 0.152797511
v -0.434335638 0.280537635 0.151351391
v -0.431888214 0.273231558 0.150104428
v -0.423627742 0.273231558 0.165316324
v -0.414584114 0.273231558 0.1800761
v -0.416887729 0.280537635 0.18157205
v -0.375279167 0.285686826 0.237987946
v -0.387407781 0.285686826 0.2252057
v -0.398852169 0.285686826 0.211807561
v -0.396376746 0.280537635 0.209803006
v -0.394242179 0.273231558 0.208074381
v -0.382999464 0.273231558 0.221236437
v -0.371084696 0.273231558 0.233793394
v -0.373026923 0.280537635 0.235735621
v 0.230563422 0.192080992 0.0579454444
v 0.235321766 0.191727882 0.0572835354
v 0.243337633 0.191795566 0.057062872
v 0.243219876 0.183006281 0.0589649272
v 0.243351836 0.174261388 0.057062872
v 0.23559161 0.173518567 0.0572835354
v 0.230970826 0.172394149 0.0579454444
v 0.230684345 0.182252909 0.0598769593
v 0.23167526 0.217306738 0.0154521185
v 0.236925572 0.215130294 0.015275604
v 0.245594665 0.213919689 0.0152167659
v 0.245027141 0.210987682 0.0294824636
v 0.244334879 0.206248978 0.0418461062
v 0.235956731 0.206867063 0.0420079314
v 0.230940067 0.208390606 0.0424933259
v 0.23133124 0.213867992 0.0299384796
v -0.320598145 0.285686826 0.282267761
v -0.335119241 0.285686826 0.272286536
v -0.349099188 0.285686826 0.261560542
v -0.347094632 0.280537635 0.259085119
v -0.345366089 0.273231558 0.256950552
v -0.331632532 0.273231558 0.267487452
v -0.317367321 0.273231558 0.277292812
v -0.318863352 0.280537635 0.279596427
v -0.257905719 0.285686826 0.31421112
v -0.274184655 0.285686826 0.307467131
v -0.290089219 0.285686826 0.299882121
v -0.288643099 0.280537635 0.297044011
v -0.287396135 0.273231558 0.294596668
v -0.271771885 0.273231558 0.302048014
v -0.255779835 0.273231558 0.308673191
v -0.256764177 0.280537635 0.31123748
v 0.371196285 0.184343409 0.057062872
v 0.393164101 0.176501621 0.057062872
v 0.413040525 0.166067789 0.057062872
v 0.408222369 0.159026687 0.0589649272
v 0.403449823 0.152052295 0.057062872
v 0.385534212 0.161355136 0.057062872
v 0.365470074 0.168351521 0.057062872
v 0.368307453 0.176308875 0.0589649272
v 0.378228622 0.203390093 0.0152167659
v 0.40230114 0.194535233 0.0152167659
v 0.42445805 0.182752831 0.0152167659
v 0.423065087 0.180717274 0.0294824636
v 0.420713102 0.17728007 0.0418461062
v 0.399292035 0.188619766 0.0418461062
v 0.375873229 0.197140831 0.0418461062
v 0.377343209 0.201065295 0.0294824636
v -0.189941799 0.285686826 0.332421978
v -0.207267162 0.285686826 0.329209901
v -0.224401159 0.285686826 0.325097397
v -0.223576776 0.280537635 0.322020689
v -0.222865849 0.273231558 0.319367534
v -0.206033833 0.273231558 0.323407647
v -0.18901386 0.273231558 0.326563076
v -0.189443501 0.280537635 0.329275962
v -0.119676861 0.285686826 0.336104354
v -0.137291464 0.285686826 0.336564671
v -0.154906068 0.285686826 0.336104354
v -0.154739373 0.280537635 0.332923522
v -0.154595646 0.273231558 0.330180528
v -0.137291464 0.273231558 0.330632729
v -0.119987283 0.273231558 0.330180528
v -0.119843555 0.280537635 0.332923522
v 0.445351684 0.137352169 0.057062872
v 0.457487927 0.119244624 0.057062872
v 0.466935875 0.0988931933 0.057062872
v 0.459153169 0.0955515104 0.0589649272
v 0.451444233 0.0922416406 0.057062872
v 0.443066897 0.110433345 0.057062872
v 0.432281172 0.126536903 0.057062872
v 0.438785345 0.131918769 0.0589649272
v 0.460911821 0.150227501 0.0152167659
v 0.474655766 0.129734129 0.0152167659
v 0.485378189 0.106811674 0.0152167659
v 0.483128299 0.105845592 0.0294824636
v 0.479329139 0.104214435 0.0418461062
v 0.46902467 0.126293516 0.0418461062
v 0.455808077 0.146004382 0.0418461062
v 0.459013499 0.148656725 0.0294824636
v -0.0501817693 0.285686826 0.325097397
v -0.0673157666 0.285686826 0.329209901
v -0.0846411298 0.285686826 0.332421978
v -0.0851394282 0.280537635 0.329275962
v -0.0855690685 0.273231558 0.326563076
v -0.0685490956 0.273231558 0.323407647
v -0.0517170802 0.273231558 0.319367534
v -0.0510061528 0.280537635 0.322020689
v 0.0155062902 0.285686826 0.299882121
v -0.000398273485 0.285686826 0.30746705
v -0.0166772914 0.285686826 0.31421112
v -0.0178187517 0.280537635 0.31123748
v -0.0188030938 0.273231558 0.30867311
v -0.00281104388 0.273231558 0.302048014
v 0.0128132067 0.273231558 0.294596668
v 0.0140601699 0.280537635 0.297044011
v 0.477740915 0.0522275519 0.057062872
v 0.479091596 0.0270350801 0.057062872
v 0.477740915 0.00184268948 0.057062872
v 0.469334849 0.00295152506 0.0589649272
v 0.461008397 0.00404981036 0.057062872
v 0.462203907 0.0270351613 0.057062872
v 0.461008397 0.050020431 0.057062872
v 0.469334849 0.0511187163 0.0589649272
v 0.497660676 0.0548549802 0.0152167659
v 0.499195906 0.0270351613 0.0152167659
v 0.497660676 -0.000784738761 0.0152167659
v 0.495230457 -0.000464172226 0.0294824636
v 0.491126962 7.70577024e-05 0.0418461062
v 0.49260173 0.0270350801 0.0418461062
v 0.491126962 0.0539931837 0.0418461062
v 0.495230457 0.0545344136 0.0294824636
v 0.074516259 0.285686826 0.261560542
v 0.0605363119 0.285686826 0.272286536
v 0.046015216 0.285686826 0.282267761
v 0.0442804235 0.280537635 0.279596346
v 0.0427843922 0.273231558 0.27729273
v 0.057049603 0.273231558 0.267487452
v 0.0707831603 0.273231558 0.256950471
v 0.0725117037 0.280537635 0.259085119
v 0.12426924 0.285686826 0.211807561
v 0.112824853 0.285686826 0.2252057
v 0.100696238 0.285686826 0.237987946
v 0.0984439944 0.280537635 0.235735621
v 0.096501767 0.273231558 0.233793394
v 0.108416535 0.273231558 0.221236437
v 0.11965925 0.273231558 0.208074381
v 0.121793898 0.280537635 0.209803006
v 0.466935875 -0.0448229519 0.057062872
v 0.457487927 -0.065174301 0.057062872
v 0.445351684 -0.0832819277 0.057062872
v 0.438785345 -0.0778485278 0.0589649272
v 0.432281253 -0.0724666621 0.057062872
v 0.443066897 -0.0563631037 0.057062872
v 0.451444233 -0.0381713992 0.057062872
v 0.459153169 -0.0414813501 0.0589649272
v 0.485378271 -0.0527414323 0.0152167659
v 0.474655766 -0.075663806 0.0152167659
v 0.460911821 -0.0961572594 0.0152167659
v 0.459013499 -0.0945864834 0.0294824636
v 0.455808077 -0.0919341402 0.0418461062
v 0.46902467 -0.072223275 0.0418461062
v 0.479329139 -0.0501441941 0.0418461062
v 0.483128299 -0.0517754314 0.0294824636
v 0.162590738 0.285686826 0.152797511
v 0.154182074 0.285686826 0.168282336
v 0.144976134 0.285686826 0.183306924
v 0.1423048 0.280537635 0.18157205
v 0.140001185 0.273231558 0.1800761
v 0.149044894 0.273231558 0.165316324
v 0.157305285 0.273231558 0.150104428
v 0.159752709 0.280537635 0.151351391
v 0.187806014 0.285686826 0.0871094516
v 0.18280055 0.285686826 0.104004201
v 0.176919575 0.285686826 0.120614416
v 0.173945935 0.280537635 0.119472956
v 0.171381565 0.273231558 0.118488614
v 0.177158904 0.273231558 0.102171128
v 0.182076151 0.273231558 0.0855741407
v 0.184729306 0.280537635 0.0862850681
v 0.413040606 -0.111997547 0.057062872
v 0.393158177 -0.122431136 0.057062872
v 0.371172507 -0.130272193 0.057062872
v 0.368295361 -0.122238147 0.0589649272
v 0.365445565 -0.114280306 0.057062872
v 0.385528044 -0.107284651 0.057062872
v 0.403449905 -0.0979821351 0.057062872
v 0.408222369 -0.104956446 0.0589649272
v 0.42445805 -0.128682508 0.0152167659
v 0.40224149 -0.140462557 0.0152167659
v 0.377990267 -0.149310194 0.0152167659
v 0.377158498 -0.146987506 0.0294824636
v 0.375754011 -0.14306572 0.0418461062
v 0.399262251 -0.134548308 0.0418461062
v 0.420713102 -0.123209829 0.0418461062
v 0.423065087 -0.126646951 0.0294824636
v 0.180576306 0.177310747 0.0166585849
v 0.179267907 0.177310747 0.0332717223
v 0.177093655 0.177310747 0.0497938027
v 0.176606069 0.15269075 0.0497166232
v 0.176443432 0.121949718 0.0496908156
v 0.178613221 0.121949718 0.033202902
v 0.179918941 0.121949718 0.0166241747
v 0.180083282 0.15269075 0.0166327772
v -0.451676583 0.177310747 0.0497938027
v -0.453850836 0.177310747 0.0332717223
v -0.455159234 0.177310747 0.0166585849
v -0.454666211 0.15269075 0.0166327772
v -0.454501789 0.121949718 0.0166241747
v -0.45319615 0.121949718 0.033202902
v -0.451026361 0.121949718 0.0496908156
v -0.451188998 0.15269075 0.0497166232
v 0.322035419 -0.138247564 0.057062872
v 0.29705582 -0.139109523 0.057062872
v 0.274316615 -0.138834323 0.057062872
v 0.273845179 -0.130211326 0.0589649272
v 0.273380155 -0.121675735 0.057062872
v 0.295363959 -0.12203266 0.057062872
v 0.319328214 -0.121339911 0.057062872
v 0.320675324 -0.129753444 0.0589649272
v 0.325258289 -0.158375653 0.0152167659
v 0.299077093 -0.159505264 0.0152167659
v 0.275460267 -0.159525797 0.0152167659
v 0.275316539 -0.156957856 0.0294824636
v 0.275077616 -0.152661534 0.0418461062
v 0.298412262 -0.152796091 0.0418461062
v 0.32420115 -0.151773605 0.0418461062
v 0.324865088 -0.155920032 0.0294824636
v 0.221292638 -0.204942933 0.0562783362
v 0.223595523 -0.207503732 0.0375034441
v 0.224988811 -0.208690559 0.0187471367
v 0.224935897 -0.223680169 0.0189236512
v 0.224918205 -0.238397825 0.0189824894
v 0.223427368 -0.238216279 0.0379130388
v 0.220949753 -0.237994317 0.056739952
v 0.221035454 -0.222319587 0.056624548
v 0.201324427 -0.201699774 0.129982588
v 0.2077317 -0.201699206 0.112025668
v 0.213334472 -0.20169742 0.0936490089
v 0.213125982 -0.221169281 0.0938187062
v 0.213056431 -0.237671559 0.093875272
v 0.207662149 -0.237611016 0.112082234
v 0.201324427 -0.23759089 0.129982588
v 0.201324427 -0.221085122 0.129982588
v 0.23191881 0.155839201 0.0424933259
v 0.236605006 0.15846322 0.0420079314
v 0.244352734 0.160162142 0.0418461062
v 0.245034201 0.155667069 0.0294824636
v 0.245590526 0.152934381 0.0152167659
v 0.237696393 0.15030468 0.015275604
v 0.232839282 0.146616136 0.0154521185
v 0.23243829 0.150192928 0.0299384796
v -0.434453801 0.177310747 0.114070071
v -0.440015671 0.177310747 0.0983610934
v -0.444749506 0.177310747 0.0823830023
v -0.444272633 0.15269075 0.0822552627
v -0.444113648 0.121949718 0.0822126557
v -0.439389633 0.121949718 0.0981576351
v -0.433839206 0.121949718 0.11383415
v -0.433992916 0.15269075 0.113893151
v 0.361205079 0.15617121 0.0418461062
v 0.37974543 0.149816039 0.0418461062
v 0.396142692 0.14137394 0.0418461062
v 0.394041804 0.138303968 0.0294824636
v 0.39285441 0.136568688 0.0152167659
v 0.377160121 0.144624241 0.0152167659
v 0.35936454 0.150693337 0.0152167659
v 0.360018252 0.152671029 0.0294824636
v -0.404243611 0.177310747 0.173360921
v -0.412949955 0.177310747 0.159151546
v -0.420902439 0.177310747 0.144506849
v -0.420462573 0.15269075 0.144282777
v -0.420315924 0.121949718 0.144208032
v -0.412379914 0.121949718 0.158822377
v -0.403691506 0.121949718 0.173002292
v -0.403829553 0.15269075 0.17309197
v 0.422322752 0.118296639 0.0418461062
v 0.432079499 0.103720114 0.0418461062
v 0.439641136 0.0871737678 0.0418461062
v 0.436247757 0.0857167726 0.0294824636
v 0.434329714 0.0848932818 0.0152167659
v 0.427135227 0.100699079 0.0152167659
v 0.417841475 0.114588537 0.0152167659
v 0.419459647 0.115927531 0.0294824636
v -0.36236626 0.177310747 0.225075039
v -0.37383678 0.177310747 0.212986353
v -0.384660161 0.177310747 0.200315129
v -0.384276536 0.15269075 0.200004382
v -0.384148634 0.121949718 0.199900827
v -0.373347571 0.121949718 0.212545838
v -0.36190083 0.121949718 0.224609528
v -0.362017208 0.15269075 0.224725905
v 0.448259831 0.048338877 0.0418461062
v 0.449337178 0.0270351613 0.0418461062
v 0.448259831 0.00573136443 0.0418461062
v 0.444594579 0.00621481123 0.0294824636
v 0.442522988 0.00648806377 0.0152167659
v 0.443547097 0.0270351613 0.0152167659
v 0.442522988 0.0475821776 0.0152167659
v 0.444594579 0.0478554302 0.0294824636
v -0.310652142 0.177310747 0.266952228
v -0.324385293 0.177310747 0.257512639
v -0.337606756 0.177310747 0.247368534
v -0.33729609 0.15269075 0.246984909
v -0.337192454 0.121949718 0.246857007
v -0.323998422 0.121949718 0.256980012
v -0.310293594 0.121949718 0.266400123
v -0.310383272 0.15269075 0.26653817
v 0.439641136 -0.0331035264 0.0418461062
v 0.432079499 -0.0496497912 0.0418461062
v 0.422322752 -0.0642263979 0.0418461062
v 0.419459647 -0.0618573706 0.0294824636
v 0.417841475 -0.0605182952 0.0152167659
v 0.427135227 -0.0466288371 0.0152167659
v 0.434329714 -0.0308229592 0.0152167659
v 0.436247757 -0.0316465312 0.0294824636
v -0.251361292 0.177310747 0.297162418
v -0.266757007 0.177310747 0.290784361
v -0.281798557 0.177310747 0.283610894
v -0.281574404 0.15269075 0.283170947
v -0.281499659 0.121949718 0.283024298
v -0.266489273 0.121949718 0.290182914
v -0.251125371 0.121949718 0.296547823
v -0.251184372 0.15269075 0.296701533
v 0.396142692 -0.0873036986 0.0418461062
v 0.379714671 -0.0957445807 0.0418461062
v 0.361082127 -0.102096018 0.0418461062
v 0.359827616 -0.098592997 0.0294824636
v 0.359118637 -0.096613032 0.0152167659
v 0.377098686 -0.090551484 0.0152167659
v 0.39285441 -0.0824984469 0.0152167659
v 0.394041804 -0.0842336451 0.0294824636
v -0.187085024 0.177310747 0.3143852
v -0.203470437 0.177310747 0.311347365
v -0.21967471 0.177310747 0.307458041
v -0.219546971 0.15269075 0.306981087
v -0.219504364 0.121949718 0.306822102
v -0.203333527 0.121949718 0.310703473
v -0.186982037 0.121949718 0.313734978
v -0.187007844 0.15269075 0.313897533
v 0.317265551 -0.108457925 0.0418461062
v 0.294075687 -0.109008082 0.0418461062
v 0.272669552 -0.108547927 0.0418461062
v 0.272465201 -0.104732455 0.0294824636
v 0.272349797 -0.102557959 0.0152167659
v 0.293495989 -0.103126376 0.0152167659
v 0.316337369 -0.102661027 0.0152167659
v 0.316672544 -0.104754367 0.0294824636
v -0.120632555 0.177310747 0.31786777
v -0.137291464 0.177310747 0.318303091
v -0.153950374 0.177310747 0.31786777
v -0.153924485 0.15269075 0.317374747
v -0.153915883 0.121949718 0.317210325
v -0.137291464 0.121949718 0.317644753
v -0.120667046 0.121949718 0.317210325
v -0.120658444 0.15269075 0.317374747
v 0.166899882 -0.201699774 0.197544379
v 0.176820889 -0.201699774 0.181352848
v 0.185882696 -0.201699774 0.16466529
v 0.185882696 -0.221085122 0.16466529
v 0.185882696 -0.23759089 0.16466529
v 0.176820889 -0.23759089 0.181352848
v 0.166899882 -0.23759089 0.197544379
v 0.166899882 -0.221085122 0.197544379
v 0.119180835 -0.201699774 0.256472543
v 0.132251428 -0.201699774 0.242697515
v 0.144584718 -0.201699774 0.22825863
v 0.144584718 -0.221085122 0.22825863
v 0.144584718 -0.23759089 0.22825863
v 0.132251428 -0.23759089 0.242697515
v 0.119180835 -0.23759089 0.256472462
v 0.119180835 -0.221085122 0.256472462
v -0.0549082186 0.177310747 0.307458041
v -0.0711124917 0.177310747 0.311347365
v -0.0874979052 0.177310747 0.3143852
v -0.0875750846 0.15269075 0.313897533
v -0.0876008922 0.121949718 0.313734978
v -0.071249402 0.121949718 0.310703473
v -0.0550785652 0.121949718 0.306822183
v -0.0550359582 0.15269075 0.306981168
v 0.00721562806 0.177310747 0.283610894
v -0.00782592182 0.177310747 0.290784361
v -0.0232216369 0.177310747 0.297162418
v -0.0233985571 0.15269075 0.296701533
v -0.0234575576 0.121949718 0.296547823
v -0.00809365574 0.121949718 0.290182914
v 0.00691673021 0.121949718 0.283024298
v 0.00699147496 0.15269075 0.283171028
v 0.322154556 0.192322594 0.057062872
v 0.320735948 0.18382612 0.0589649272
v 0.319451247 0.175415184 0.057062872
v 0.295554594 0.17610282 0.057062872
v 0.273626139 0.175724551 0.057062872
v 0.273966183 0.184278727 0.0589649272
v 0.274554321 0.192914952 0.057062872
v 0.297240368 0.193187474 0.057062872
v 0.326450066 0.212494507 0.0152167659
v 0.325788726 0.21002793 0.0294824636
v 0.324797079 0.205868112 0.0418461062
v 0.299335088 0.2069048 0.0418461062
v 0.276266228 0.206783715 0.0418461062
v 0.277158863 0.211108604 0.0294824636
v 0.277837491 0.213699918 0.0152167659
v 0.300922826 0.213652442 0.0152167659
v 0.063023827 0.177310747 0.247368615
v 0.0498023646 0.177310747 0.257512639
v 0.0360692132 0.177310747 0.266952228
v 0.035800343 0.15269075 0.26653817
v 0.0357106656 0.121949718 0.266400204
v 0.0494154936 0.121949718 0.256980012
v 0.0626095252 0.121949718 0.246857007
v 0.0627131615 0.15269075 0.246984909
v 0.110077232 0.177310747 0.200315129
v 0.099253851 0.177310747 0.212986353
v 0.0877833311 0.177310747 0.225075039
v 0.0874342788 0.15269075 0.224725905
v 0.087317901 0.121949718 0.224609446
v 0.0987646421 0.121949718 0.212545838
v 0.109565705 0.121949718 0.199900827
v 0.109693607 0.15269075 0.200004382
v 0.230450696 -0.138317521 0.0579454444
v 0.230625344 -0.128656619 0.0598769593
v 0.230847712 -0.119114936 0.0579454444
v 0.235400893 -0.1198046 0.0572835354
v 0.24310577 -0.120338283 0.057062872
v 0.243099602 -0.128969638 0.0589649272
v 0.243102524 -0.137712259 0.057062872
v 0.235142086 -0.137724513 0.0572835354
v 0.230547759 -0.16298824 0.0154521185
v 0.230457351 -0.159675773 0.0299384796
v 0.230376276 -0.154358264 0.0424933259
v 0.235057927 -0.152757136 0.0420079314
v 0.243159171 -0.152113487 0.0418461062
v 0.2432047 -0.15681632 0.0294824636
v 0.243243168 -0.159718948 0.0152167659
v 0.235128046 -0.160899769 0.015275604
v 0.317880552 0.162553243 0.0418461062
v 0.317625803 0.158863482 0.0294824636
v 0.317567371 0.156781423 0.0152167659
v 0.295402427 0.157195725 0.0152167659
v 0.274809801 0.15641411 0.0152167659
v 0.27437172 0.158636732 0.0294824636
v 0.273899554 0.162511042 0.0418461062
v 0.295028946 0.163077836 0.0418461062
v 0.146319511 0.177310747 0.144506849
v 0.138367026 0.177310747 0.159151546
v 0.129660682 0.177310747 0.17336084
v 0.129246624 0.15269075 0.17309197
v 0.129108578 0.121949718 0.173002292
v 0.137796986 0.121949718 0.158822377
v 0.145732996 0.121949718 0.144208032
v 0.145879645 0.15269075 0.144282777
v 0.231303241 -0.104028913 0.0424933259
v 0.2314843 -0.0993676318 0.0299384796
v 0.231608307 -0.0965921748 0.0154521185
v 0.235789144 -0.0988317582 0.015275604
v 0.243130117 -0.100336067 0.0152167659
v 0.243127358 -0.102737638 0.0294824636
v 0.243122488 -0.106827905 0.0418461062
v 0.23565134 -0.105750801 0.0420079314
v 0.170166577 0.177310747 0.0823830023
v 0.165432743 0.177310747 0.0983610934
v 0.159870873 0.177310747 0.114070071
v 0.159409987 0.15269075 0.113893151
v 0.159256278 0.121949718 0.11383415
v 0.164806704 0.121949718 0.0981576351
v 0.169530719 0.121949718 0.0822126557
v 0.169689704 0.15269075 0.0822552627
v -0.426247136 -0.21873687 0.0457661885
v -0.428245523 -0.21873687 0.0305805054
v -0.429448094 -0.21873687 0.0153111504
v -0.418777205 -0.223162393 0.0147519038
v -0.406162466 -0.225368134 0.0140908064
v -0.40505574 -0.225368134 0.0281431447
v -0.403216581 -0.225368134 0.0421185471
v -0.415693193 -0.223162393 0.0440946166
v -0.410417398 -0.21873687 0.104843355
v -0.41552942 -0.21873687 0.0904049567
v -0.41988036 -0.21873687 0.0757193574
v -0.409558929 -0.223162393 0.0729537203
v -0.397357355 -0.225368134 0.0696843475
v -0.393353114 -0.225368134 0.0831995137
v -0.388648577 -0.225368134 0.0964870371
v -0.400441611 -0.223162393 0.101014005
v -0.382650817 -0.21873687 0.159338367
v -0.39065297 -0.21873687 0.146278324
v -0.397962211 -0.21873687 0.132818263
v -0.388441304 -0.223162393 0.127967077
v -0.377186091 -0.225368134 0.122232263
v -0.370459388 -0.225368134 0.134619603
v -0.363095041 -0.225368134 0.146638657
v -0.373689157 -0.223162393 0.153518583
v -0.34416084 -0.21873687 0.206869538
v -0.354703502 -0.21873687 0.195758621
v -0.364651453 -0.21873687 0.184112317
v -0.356347238 -0.223162393 0.177387724
v -0.346530273 -0.225368134 0.169438079
v -0.337375136 -0.225368134 0.18015612
v -0.327672764 -0.225368134 0.190381462
v -0.336604965 -0.223162393 0.199313663
v -0.296629588 -0.21873687 0.245359434
v -0.309251956 -0.21873687 0.236683362
v -0.321403943 -0.21873687 0.227359826
v -0.31467935 -0.223162393 0.219055611
v -0.306729706 -0.225368134 0.209238646
v -0.295546316 -0.225368134 0.217819036
v -0.283929959 -0.225368134 0.225803658
v -0.290809885 -0.223162393 0.236397855
v -0.242134575 -0.21873687 0.273126015
v -0.256285032 -0.21873687 0.267263867
v -0.270109889 -0.21873687 0.260670666
v -0.265258784 -0.223162393 0.251149759
v -0.25952389 -0.225368134 0.239894465
v -0.246800888 -0.225368134 0.245962262
v -0.233778339 -0.225368134 0.251357193
v -0.238305226 -0.223162393 0.263150228
v -0.183057409 -0.21873687 0.288955671
v -0.198117463 -0.21873687 0.286163659
v -0.213011065 -0.21873687 0.282588895
v -0.210245428 -0.223162393 0.272267383
v -0.206975974 -0.225368134 0.260065809
v -0.193269442 -0.225368134 0.263355634
v -0.179409768 -0.225368134 0.265925198
v -0.181385838 -0.223162393 0.278401728
v -0.121980071 -0.21873687 0.29215663
v -0.137291464 -0.21873687 0.292556729
v -0.152602858 -0.21873687 0.29215663
v -0.152043612 -0.223162393 0.281485741
v -0.151382514 -0.225368134 0.26887092
v -0.137291464 -0.225368134 0.269239206
v -0.123200415 -0.225368134 0.26887092
v -0.122539317 -0.223162393 0.281485741
v -0.0615718635 -0.21873687 0.282588895
v -0.076465547 -0.21873687 0.286163659
v -0.0915255193 -0.21873687 0.288955671
v -0.0931970912 -0.223162393 0.278401728
v -0.0951731607 -0.225368134 0.265925198
v -0.0813134869 -0.225368134 0.263355634
v -0.0676069546 -0.225368134 0.260065809
v -0.0643375006 -0.223162393 0.272267383
v -0.00447303934 -0.21873687 0.260670666
v -0.0182978972 -0.21873687 0.267263867
v -0.0324483533 -0.21873687 0.273126015
v -0.0362777031 -0.223162393 0.263150228
v -0.0408045895 -0.225368134 0.251357193
v -0.0277820407 -0.225368134 0.245962262
v -0.015059039 -0.225368134 0.239894546
v -0.0093241443 -0.223162393 0.251149759
v 0.0468210147 -0.21873687 0.227359826
v 0.0346690272 -0.21873687 0.236683362
v 0.0220466591 -0.21873687 0.245359515
v 0.0162269562 -0.223162393 0.236397855
v 0.00934703032 -0.225368134 0.225803658
v 0.0209633876 -0.225368134 0.217819036
v 0.0321467773 -0.225368134 0.209238646
v 0.0400964215 -0.223162393 0.219055611
v 0.0900685241 -0.21873687 0.184112317
v 0.0801205736 -0.21873687 0.195758621
v 0.0695779113 -0.21873687 0.206869538
v 0.0620220363 -0.223162393 0.199313663
v 0.0530898353 -0.225368134 0.190381462
v 0.0627922076 -0.225368134 0.18015612
v 0.0719473443 -0.225368134 0.169438079
v 0.0817643089 -0.223162393 0.177387724
v 0.123379283 -0.21873687 0.132818263
v 0.116070041 -0.21873687 0.146278324
v 0.108067889 -0.21873687 0.159338367
v 0.099106228 -0.223162393 0.153518583
v 0.0885121127 -0.225368134 0.146638657
v 0.0958764593 -0.225368134 0.134619603
v 0.102603163 -0.225368134 0.122232263
v 0.113858375 -0.223162393 0.127967077
v 0.145297431 -0.21873687 0.0757193574
v 0.140946491 -0.21873687 0.0904049567
v 0.135834469 -0.21873687 0.104843355
v 0.125858682 -0.223162393 0.101014005
v 0.114065648 -0.225368134 0.0964870371
v 0.118770185 -0.225368134 0.0831995137
v 0.122774426 -0.225368134 0.0696843475
v 0.134976 -0.223162393 0.0729537203
v 0.154865165 -0.21873687 0.0153111504
v 0.153662594 -0.21873687 0.0305805054
v 0.151664207 -0.21873687 0.0457661885
v 0.141110264 -0.223162393 0.0440946166
v 0.128633652 -0.225368134 0.0421185471
v 0.130472811 -0.225368134 0.0281431447
v 0.131579456 -0.225368134 0.0140908064
v 0.144194276 -0.223162393 0.0147519038
v -0.497350578 -0.279813804 0.0188697636
v -0.495868506 -0.279813804 0.037687993
v -0.493405662 -0.279813804 0.0564030731
v -0.491897945 -0.283564757 0.0561643119
v -0.489927394 -0.286825689 0.0558521856
v -0.492366134 -0.286825689 0.037319869
v -0.493833761 -0.286825689 0.0186854581
v -0.495826143 -0.283564757 0.0187898248
v -0.485559086 -0.279813804 0.093317892
v -0.480196941 -0.279813804 0.111416754
v -0.473896795 -0.279813804 0.129210875
v -0.472471694 -0.283564757 0.128663802
v -0.47060908 -0.286825689 0.127948816
v -0.476847711 -0.286825689 0.110328532
v -0.48215751 -0.286825689 0.092406428
v -0.484084643 -0.283564757 0.0929228242
v -0.45854677 -0.279813804 0.163687603
v -0.44953877 -0.279813804 0.180276069
v -0.439676682 -0.279813804 0.19637143
v -0.438396526 -0.283564757 0.195540067
v -0.43672325 -0.286825689 0.194453469
v -0.446488924 -0.286825689 0.178515306
v -0.455408952 -0.286825689 0.162088828
v -0.457186676 -0.283564757 0.162994611
v -0.417493965 -0.279813804 0.226903323
v -0.405233878 -0.279813804 0.241256426
v -0.392240951 -0.279813804 0.25494973
v -0.391161575 -0.283564757 0.253870273
v -0.389750757 -0.286825689 0.252459537
v -0.402616837 -0.286825689 0.238900059
v -0.414757138 -0.286825689 0.224687113
v -0.416307707 -0.283564757 0.225942679
v -0.364195031 -0.279813804 0.280202338
v -0.34921865 -0.279813804 0.291692823
v -0.333662651 -0.279813804 0.30238538
v -0.332831288 -0.283564757 0.301105224
v -0.331744608 -0.286825689 0.299431867
v -0.347148764 -0.286825689 0.288843757
v -0.361978821 -0.286825689 0.277465512
v -0.363234386 -0.283564757 0.27901608
v -0.30097931 -0.279813804 0.321255144
v -0.28394124 -0.279813804 0.329380734
v -0.266502014 -0.279813804 0.336605411
v -0.265955022 -0.283564757 0.335180311
v -0.265239956 -0.286825689 0.333317697
v -0.282508835 -0.286825689 0.326163626
v -0.299380536 -0.286825689 0.318117325
v -0.300286319 -0.283564757 0.319895049
v -0.2306096 -0.279813804 0.348267541
v -0.212254447 -0.279813804 0.35267318
v -0.193694294 -0.279813804 0.356114198
v -0.193455452 -0.283564757 0.35460648
v -0.193143325 -0.286825689 0.352635929
v -0.211522257 -0.286825689 0.34922851
v -0.229698136 -0.286825689 0.344865965
v -0.230214532 -0.283564757 0.346793097
v -0.156161471 -0.279813804 0.360059033
v -0.137291464 -0.279813804 0.360552137
v -0.118421457 -0.279813804 0.360059033
v -0.118501315 -0.283564757 0.358534597
v -0.118605763 -0.286825689 0.356542296
v -0.137291464 -0.286825689 0.357030531
v -0.155977166 -0.286825689 0.356542215
v -0.156081614 -0.283564757 0.358534597
v -0.0808886348 -0.279813804 0.356114198
v -0.0623284817 -0.279813804 0.35267318
v -0.0439733289 -0.279813804 0.348267541
v -0.0443683967 -0.283564757 0.346793097
v -0.0448847929 -0.286825689 0.344865965
v -0.0630606719 -0.286825689 0.34922851
v -0.0814396034 -0.286825689 0.352635929
v -0.0811274771 -0.283564757 0.35460648
v -0.00808091424 -0.279813804 0.336605411
v 0.00935831101 -0.279813804 0.329380734
v 0.0263963817 -0.279813804 0.321255144
v 0.0257033899 -0.283564757 0.319895049
v 0.0247976069 -0.286825689 0.318117325
v 0.00792590612 -0.286825689 0.326163626
v -0.00934297251 -0.286825689 0.333317697
v -0.00862790625 -0.283564757 0.335180311
v 0.0590797225 -0.279813804 0.30238538
v 0.0746357208 -0.279813804 0.291692823
v 0.0896121023 -0.279813804 0.280202338
v 0.0886514577 -0.283564757 0.27901608
v 0.087395892 -0.286825689 0.277465512
v 0.0725658348 -0.286825689 0.288843757
v 0.0571617607 -0.286825689 0.299431948
v 0.0582483595 -0.283564757 0.301105224
v 0.117658022 -0.279813804 0.25494973
v 0.130650949 -0.279813804 0.241256426
v 0.142911036 -0.279813804 0.226903323
v 0.141724778 -0.283564757 0.225942679
v 0.14017421 -0.286825689 0.224687113
v 0.128033909 -0.286825689 0.238900059
v 0.115167829 -0.286825689 0.252459537
v 0.116578646 -0.283564757 0.253870273
v 0.165093754 -0.279813804 0.19637143
v 0.174955841 -0.279813804 0.180276069
v 0.183963842 -0.279813804 0.163687603
v 0.182603747 -0.283564757 0.162994611
v 0.180826023 -0.286825689 0.162088828
v 0.171905995 -0.286825689 0.178515306
v 0.162140321 -0.286825689 0.194453469
v 0.163813597 -0.283564757 0.195540067
v 0.199313866 -0.279813804 0.129210794
v 0.205614013 -0.279813804 0.111416754
v 0.210976158 -0.279813804 0.093317892
v 0.209501714 -0.283564757 0.0929228242
v 0.207574581 -0.286825689 0.092406428
v 0.202264782 -0.286825689 0.110328532
v 0.196026152 -0.286825689 0.127948816
v 0.197888765 -0.283564757 0.128663802
v 0.218822734 -0.279813804 0.0564030731
v 0.221285577 -0.279813804 0.037687993
v 0.22276765 -0.279813804 0.0188697636
v 0.221243214 -0.283564757 0.0187898248
v 0.219250832 -0.286825689 0.0186854581
v 0.217783205 -0.286825689 0.037319869
v 0.215344384 -0.286825689 0.0558521856
v 0.217315016 -0.283564757 0.0561643119
v -0.451026361 0.0327323996 0.0496908968
v -0.45319615 0.0327323996 0.033202902
v -0.45450187 0.0327323996 0.0166241747
v -0.454335257 -0.022266024 0.0166154098
v -0.453835335 -0.0764294326 0.0165892776
v -0.452532374 -0.0764294326 0.0331331889
v -0.450367211 -0.0764294326 0.0495864489
v -0.450861614 -0.022266024 0.0496647645
v -0.433839206 0.0327323996 0.11383415
v -0.439389633 0.0327323996 0.0981576351
v -0.444113648 0.0327323996 0.0822126557
v -0.443952553 -0.022266024 0.0821694807
v -0.443469025 -0.0764294326 0.0820398744
v -0.43875483 -0.0764294326 0.0979514175
v -0.433216171 -0.0764294326 0.113594983
v -0.433683468 -0.022266024 0.113774419
v -0.403691506 0.0327323996 0.173002373
v -0.412379914 0.0327323996 0.158822377
v -0.420315924 0.0327323996 0.144208032
v -0.420167328 -0.022266024 0.144132314
v -0.419721294 -0.0764294326 0.143904995
v -0.411801921 -0.0764294326 0.158488663
v -0.403131773 -0.0764294326 0.172638875
v -0.403551593 -0.022266024 0.172911479
v -0.36190083 0.0327323996 0.224609528
v -0.373347571 0.0327323996 0.212545838
v -0.384148634 0.0327323996 0.199900827
v -0.384018947 -0.022266024 0.199795811
v -0.383629966 -0.0764294326 0.199480845
v -0.372851545 -0.0764294326 0.212099236
v -0.361428826 -0.0764294326 0.224137605
v -0.361782829 -0.022266024 0.224491608
v -0.310293594 0.0327323996 0.266400204
v -0.323998422 0.0327323996 0.256980012
v -0.337192454 0.0327323996 0.246857007
v -0.337087519 -0.022266024 0.246727401
v -0.336772471 -0.0764294326 0.246338339
v -0.323606114 -0.0764294326 0.25644008
v -0.309930096 -0.0764294326 0.265840471
v -0.310202781 -0.022266024 0.266260291
v -0.251125371 0.0327323996 0.296547823
v -0.266489273 0.0327323996 0.290182995
v -0.28149974 0.0327323996 0.283024379
v -0.28142394 -0.022266024 0.282875701
v -0.281196703 -0.0764294326 0.282429667
v -0.266217806 -0.0764294326 0.289573269
v -0.250886204 -0.0764294326 0.295924788
v -0.251065559 -0.022266024 0.296392085
v -0.186982037 0.0327323996 0.313734978
v -0.203333527 0.0327323996 0.310703473
v -0.219504364 0.0327323996 0.306822183
v -0.219461189 -0.022266024 0.306661007
v -0.219331582 -0.0764294326 0.306177479
v -0.20319475 -0.0764294326 0.310050654
v -0.18687767 -0.0764294326 0.313075747
v -0.186955985 -0.022266024 0.313570231
v -0.120667046 0.0327323996 0.317210406
v -0.137291464 0.0327323996 0.317644834
v -0.153915883 0.0327323996 0.317210406
v -0.153907118 -0.022266024 0.317043792
v -0.153880985 -0.0764294326 0.316543871
v -0.137291464 -0.0764294326 0.316977407
v -0.120701943 -0.0764294326 0.316543871
v -0.120675811 -0.022266024 0.317043792
v -0.0550785652 0.0327323996 0.306822183
v -0.071249402 0.0327323996 0.310703473
v -0.0876008922 0.0327323996 0.313734978
v -0.0876269433 -0.022266024 0.313570231
v -0.087705259 -0.0764294326 0.313075747
v -0.0713881789 -0.0764294326 0.310050654
v -0.0552513465 -0.0764294326 0.306177479
v -0.0551217402 -0.022266024 0.306661007
v 0.00691681136 0.0327323996 0.283024298
v -0.00809365574 0.0327323996 0.290182995
v -0.0234575576 0.0327323996 0.296547823
v -0.0235173696 -0.022266024 0.296392166
v -0.0236967246 -0.0764294326 0.295924788
v -0.00836512285 -0.0764294326 0.289573269
v 0.00661377454 -0.0764294326 0.282429667
v 0.00684101158 -0.022266024 0.282875701
v 0.0626095252 0.0327323996 0.246857007
v 0.0494154936 0.0327323996 0.256980093
v 0.0357106656 0.0327323996 0.266400204
v 0.0356197708 -0.022266024 0.266260291
v 0.0353471675 -0.0764294326 0.265840471
v 0.0490231851 -0.0764294326 0.25644008
v 0.0621895425 -0.0764294326 0.246338339
v 0.0625045904 -0.022266024 0.246727401
v 0.109565705 0.0327323996 0.199900827
v 0.0987646421 0.0327323996 0.212545838
v 0.087317901 0.0327323996 0.224609528
v 0.0871999 -0.022266024 0.224491608
v 0.0868458972 -0.0764294326 0.224137605
v 0.0982686161 -0.0764294326 0.212099236
v 0.109047037 -0.0764294326 0.199480845
v 0.109436099 -0.022266024 0.199795811
v 0.145732996 0.0327323996 0.144208032
v 0.137796986 0.0327323996 0.158822377
v 0.129108578 0.0327323996 0.173002373
v 0.128968664 -0.022266024 0.172911479
v 0.128548844 -0.0764294326 0.172638875
v 0.137218992 -0.0764294326 0.158488663
v 0.145138365 -0.0764294326 0.143904995
v 0.145584399 -0.022266024 0.144132314
v 0.169530719 0.0327323996 0.0822126557
v 0.164806704 0.0327323996 0.0981576351
v 0.159256278 0.0327323996 0.11383415
v 0.159100539 -0.022266024 0.113774419
v 0.158633242 -0.0764294326 0.113594983
v 0.164171902 -0.0764294326 0.0979514175
v 0.168886096 -0.0764294326 0.0820398744
v 0.169369624 -0.022266024 0.0821694807
v 0.179918941 0.0327323996 0.0166241747
v 0.178613221 0.0327323996 0.033202902
v 0.176443432 0.0327323996 0.0496908968
v 0.176278685 -0.022266024 0.0496647645
v 0.175784282 -0.0764294326 0.0495864489
v 0.177949445 -0.0764294326 0.0331331889
v 0.179252406 -0.0764294326 0.0165892776
v 0.179752328 -0.022266024 0.0166154098
v -0.499501134 0.260632969 0.0189824894
v -0.498010296 0.260632969 0.0379130388
v -0.495532682 0.260632969 0.056739952
v -0.495532682 0.251050708 0.056739952
v -0.495532682 0.238681141 0.056739952
v -0.498010296 0.238681141 0.0379130388
v -0.499501134 0.238681141 0.0189824894
v -0.499501134 0.251050708 0.0189824894
v -0.48763936 0.260632969 0.093875272
v -0.482245078 0.260632969 0.112082234
v -0.475907355 0.260632969 0.129982588
v -0.475907355 0.251050708 0.129982588
v -0.475907355 0.238681141 0.129982588
v -0.482245078 0.238681141 0.112082234
v -0.48763936 0.238681141 0.093875272
v -0.48763936 0.251050708 0.093875272
v -0.460465625 0.260632969 0.16466529
v -0.451403818 0.260632969 0.181352848
v -0.441482892 0.260632969 0.197544379
v -0.441482892 0.251050708 0.197544379
v -0.441482892 0.238681141 0.197544379
v -0.451403818 0.238681141 0.181352848
v -0.460465625 0.238681141 0.16466529
v -0.460465625 0.251050708 0.16466529
v -0.419167647 0.260632969 0.22825863
v -0.406834357 0.260632969 0.242697515
v -0.393763764 0.260632969 0.256472462
v -0.393763764 0.251050708 0.256472462
v -0.393763764 0.238681141 0.256472543
v -0.406834357 0.238681141 0.242697515
v -0.419167647 0.238681141 0.22825863
v -0.419167647 0.251050708 0.22825863
v -0.365550338 0.260632969 0.28187602
v -0.350484522 0.260632969 0.293435081
v -0.3348356 0.260632969 0.30419159
v -0.3348356 0.251050708 0.30419159
v -0.3348356 0.238681141 0.30419159
v -0.350484522 0.238681141 0.293435081
v -0.365550338 0.238681141 0.28187602
v -0.365550338 0.251050708 0.28187602
v -0.301956998 0.260632969 0.323173998
v -0.284817157 0.260632969 0.33134812
v -0.267273809 0.260632969 0.338615972
v -0.267273809 0.251050708 0.338615972
v -0.267273809 0.238681141 0.338615972
v -0.284817157 0.238681141 0.33134812
v -0.301956998 0.238681141 0.323173998
v -0.301956998 0.251050708 0.323173998
v -0.231167061 0.260632969 0.350347734
v -0.212702185 0.260632969 0.354779667
v -0.194031173 0.260632969 0.358241218
v -0.194031173 0.251050708 0.358241218
v -0.194031173 0.238681141 0.358241218
v -0.212702185 0.238681141 0.354779667
v -0.231167061 0.238681141 0.350347734
v -0.231167061 0.251050708 0.350347734
v -0.156274197 0.260632969 0.362209669
v -0.137291464 0.260632969 0.362705695
v -0.118308732 0.260632969 0.362209669
v -0.118308732 0.251050708 0.362209669
v -0.118308732 0.238681141 0.362209669
v -0.137291464 0.238681141 0.362705695
v -0.156274197 0.238681141 0.362209669
v -0.156274197 0.251050708 0.362209669
v -0.0805517559 0.260632969 0.358241218
v -0.0618807436 0.260632969 0.354779667
v -0.0434158677 0.260632969 0.350347734
v -0.0434158677 0.251050708 0.350347734
v -0.0434158677 0.238681141 0.350347734
v -0.0618807436 0.238681141 0.354779667
v -0.0805517559 0.238681141 0.358241299
v -0.0805517559 0.251050708 0.358241299
v -0.00730911987 0.260632969 0.338615972
v 0.0102342286 0.260632969 0.33134812
v 0.0273740691 0.260632969 0.323173998
v 0.0273740691 0.251050708 0.323173998
v 0.0273740691 0.238681141 0.323173998
v 0.0102342286 0.238681141 0.33134812
v -0.00730911987 0.238681141 0.338615972
v -0.00730911987 0.251050708 0.338615972
v 0.0602526714 0.260632969 0.30419159
v 0.0759015934 0.260632969 0.293435081
v 0.0909674089 0.260632969 0.28187602
v 0.0909674089 0.251050708 0.28187602
v 0.0909674089 0.238681141 0.28187602
v 0.0759015934 0.238681141 0.293435081
v 0.0602526714 0.238681141 0.30419159
v 0.0602526714 0.251050708 0.30419159
v 0.119180835 0.260632969 0.256472543
v 0.132251428 0.260632969 0.242697515
v 0.144584718 0.260632969 0.22825863
v 0.144584718 0.251050708 0.22825863
v 0.144584718 0.238681141 0.22825863
v 0.132251428 0.238681141 0.242697515
v 0.119180835 0.238681141 0.256472543
v 0.119180835 0.251050708 0.256472543
v 0.166899882 0.260632969 0.197544379
v 0.176820889 0.260632969 0.181352848
v 0.185882696 0.260632969 0.16466529
v 0.185882696 0.251050708 0.16466529
v 0.185882696 0.238681141 0.16466529
v 0.176820889 0.238681141 0.181352848
v 0.166899882 0.238681141 0.197544379
v 0.166899882 0.251050708 0.197544379
v 0.201324427 0.260632969 0.129982588
v 0.207662149 0.2607629 0.112082234
v 0.213056431 0.261152368 0.093875272
v 0.21312582 0.251760904 0.0938187062
v 0.213334066 0.239696647 0.0936490089
v 0.207731618 0.238934997 0.112025668
v 0.201324427 0.238681141 0.129982588
v 0.201324427 0.251050708 0.129982588
v 0.220949753 0.263229882 0.056739952
v 0.223427368 0.264658148 0.0379130388
v 0.224918205 0.265826715 0.0189824894
v 0.224934274 0.258846642 0.0189236512
v 0.224982399 0.251612226 0.0187471367
v 0.223590654 0.249257077 0.0375034441
v 0.221289716 0.245368158 0.0562783362
v 0.221034805 0.255004064 0.056624548
v 0.0602526714 -0.201699774 0.30419159
v 0.0759015934 -0.201699774 0.293435081
v 0.0909674089 -0.201699774 0.28187602
v 0.0909674089 -0.221085122 0.28187602
v 0.0909674089 -0.23759089 0.28187602
v 0.0759015934 -0.23759089 0.293435081
v 0.0602526714 -0.23759089 0.30419159
v 0.0602526714 -0.221085122 0.30419159
v 0.166212815 -0.200480079 0.0480704532
v 0.168311836 -0.200480079 0.0321201987
v 0.169574949 -0.200480079 0.016082052
v 0.173833047 -0.183741068 0.0163052313
v 0.17658578 -0.158966956 0.0164494456
v 0.175293856 -0.158966956 0.032854012
v 0.173146872 -0.158966956 0.0491687385
v 0.170424329 -0.183741068 0.0487374751
v 0.149586124 -0.200480079 0.110122152
v 0.154955492 -0.200480079 0.094956758
v 0.159525553 -0.200480079 0.0795317456
v 0.163644225 -0.183741068 0.0806353061
v 0.166306794 -0.158966956 0.0813487492
v 0.161632365 -0.158966956 0.0971262225
v 0.15614029 -0.158966956 0.112638072
v 0.15356683 -0.183741068 0.111650159
v 0.120421468 -0.200480079 0.167360889
v 0.12882656 -0.200480079 0.15364332
v 0.136503763 -0.200480079 0.139505524
v 0.140303004 -0.183741068 0.14144134
v 0.142759112 -0.158966956 0.142692767
v 0.134906449 -0.158966956 0.157153564
v 0.126309342 -0.158966956 0.171184477
v 0.12399753 -0.183741068 0.169683252
v 0.0799935643 -0.200480079 0.217285191
v 0.0910669874 -0.200480079 0.205614946
v 0.101515833 -0.200480079 0.193382208
v 0.104829599 -0.183741068 0.196065634
v 0.106971795 -0.158966956 0.197800345
v 0.0962842687 -0.158966956 0.210312504
v 0.0849578009 -0.158966956 0.222249428
v 0.083008594 -0.183741068 0.220300302
v 0.0300691815 -0.200480079 0.257713095
v 0.043327083 -0.200480079 0.248600159
v 0.0560909062 -0.200480079 0.238807217
v 0.0587743321 -0.183741068 0.242120901
v 0.0605090434 -0.158966956 0.244263097
v 0.0474536264 -0.158966956 0.254279786
v 0.0338928504 -0.158966956 0.263600969
v 0.032391544 -0.183741068 0.261289156
v -0.0271695558 -0.200480079 0.28687767
v -0.0123067116 -0.200480079 0.280720358
v 0.00221430319 -0.200480079 0.273795147
v 0.00415003812 -0.183741068 0.277594388
v 0.00540146495 -0.158966956 0.280050414
v -0.00945123473 -0.158966956 0.287133798
v -0.024653636 -0.158966956 0.293431835
v -0.0256414678 -0.183741068 0.290858457
v -0.0892212546 -0.200480079 0.30350436
v -0.0734029598 -0.200480079 0.300571704
v -0.0577594753 -0.200480079 0.296816937
v -0.0566559148 -0.183741068 0.300935608
v -0.0559424717 -0.158966956 0.303598177
v -0.0719433677 -0.158966956 0.307438807
v -0.0881229693 -0.158966956 0.310438417
v -0.0885542328 -0.183741068 0.307715793
v -0.15337376 -0.200480079 0.306866413
v -0.137291464 -0.200480079 0.30728664
v -0.121209169 -0.200480079 0.306866413
v -0.12098599 -0.183741068 0.311124511
v -0.120841694 -0.158966956 0.313877244
v -0.137291464 -0.158966956 0.314307128
v -0.153741235 -0.158966956 0.313877244
v -0.153596939 -0.183741068 0.311124511
v -0.216823453 -0.200480079 0.296816937
v -0.201179969 -0.200480079 0.300571704
v -0.185361674 -0.200480079 0.30350436
v -0.186028696 -0.183741068 0.307715793
v -0.186459959 -0.158966956 0.310438417
v -0.202639561 -0.158966956 0.307438807
v -0.218640457 -0.158966956 0.303598177
v -0.217927014 -0.183741068 0.300935608
v -0.276797151 -0.200480079 0.273795147
v -0.262276217 -0.200480079 0.280720358
v -0.247413373 -0.200480079 0.28687767
v -0.248941461 -0.183741068 0.290858457
v -0.249929293 -0.158966956 0.293431835
v -0.265131694 -0.158966956 0.287133798
v -0.279984394 -0.158966956 0.280050414
v -0.278732967 -0.183741068 0.277594388
v -0.330673835 -0.200480079 0.238807135
v -0.317910012 -0.200480079 0.248600159
v -0.30465211 -0.200480079 0.257713095
v -0.306974473 -0.183741068 0.261289156
v -0.308475779 -0.158966956 0.263600969
v -0.322036555 -0.158966956 0.254279786
v -0.335091972 -0.158966956 0.244263097
v -0.333357261 -0.183741068 0.242120901
v -0.376098762 -0.200480079 0.193382208
v -0.365649916 -0.200480079 0.205614946
v -0.354576493 -0.200480079 0.217285191
v -0.357591523 -0.183741068 0.220300302
v -0.35954073 -0.158966956 0.222249428
v -0.370867197 -0.158966956 0.210312504
v -0.381554723 -0.158966956 0.197800345
v -0.379412527 -0.183741068 0.196065634
v -0.411086692 -0.200480079 0.139505524
v -0.403409489 -0.200480079 0.15364332
v -0.395004397 -0.200480079 0.167360889
v -0.398580458 -0.183741068 0.169683252
v -0.400892271 -0.158966956 0.171184477
v -0.409489378 -0.158966956 0.157153564
v -0.417342041 -0.158966956 0.142692767
v -0.414885933 -0.183741068 0.14144134
v -0.434108482 -0.200480079 0.0795317456
v -0.429538421 -0.200480079 0.0949568392
v -0.424169053 -0.200480079 0.110122152
v -0.42814984 -0.183741068 0.111650159
v -0.430723218 -0.158966956 0.112638072
v -0.436215294 -0.158966956 0.0971262225
v -0.440889722 -0.158966956 0.0813487492
v -0.438227153 -0.183741068 0.0806353872
v -0.499501134 0.201826702 0.0189824894
v -0.498010296 0.201826702 0.0379130388
v -0.495532682 0.201826702 0.056739952
v -0.495532682 0.176173669 0.056739952
v -0.495532682 0.145396766 0.056739952
v -0.498010296 0.145396766 0.0379130388
v -0.499501134 0.145396766 0.0189824894
v -0.499501134 0.176173669 0.0189824894
v -0.48763936 0.201826702 0.093875272
v -0.482245078 0.201826702 0.112082234
v -0.475907355 0.201826702 0.129982588
v -0.475907355 0.176173669 0.129982588
v -0.475907355 0.145396766 0.129982588
v -0.482245078 0.145396766 0.112082234
v -0.48763936 0.145396766 0.093875272
v -0.48763936 0.176173669 0.093875272
v -0.460465625 0.201826702 0.16466529
v -0.451403818 0.201826702 0.181352848
v -0.441482892 0.201826702 0.197544379
v -0.441482892 0.176173669 0.197544379
v -0.441482892 0.145396766 0.197544379
v -0.451403818 0.145396766 0.181352848
v -0.460465625 0.145396766 0.16466529
v -0.460465625 0.176173669 0.16466529
v -0.419167647 0.201826702 0.22825863
v -0.406834357 0.201826702 0.242697515
v -0.393763764 0.201826702 0.256472462
v -0.393763764 0.176173669 0.256472462
v -0.393763764 0.145396766 0.256472543
v -0.406834357 0.145396766 0.242697515
v -0.419167647 0.145396766 0.22825863
v -0.419167647 0.176173669 0.22825863
v -0.365550338 0.201826702 0.28187602
v -0.350484522 0.201826702 0.293435081
v -0.3348356 0.201826702 0.30419159
v -0.3348356 0.176173669 0.30419159
v -0.3348356 0.145396766 0.30419159
v -0.350484522 0.145396766 0.293435081
v -0.365550338 0.145396766 0.28187602
v -0.365550338 0.176173669 0.28187602
v -0.301956998 0.201826702 0.323173998
v -0.284817157 0.201826702 0.33134812
v -0.267273809 0.201826702 0.338615972
v -0.267273809 0.176173669 0.338615972
v -0.267273809 0.145396766 0.338615972
v -0.284817157 0.145396766 0.33134812
v -0.301956998 0.145396766 0.323173998
v -0.301956998 0.176173669 0.323173998
v -0.231167061 0.201826702 0.350347734
v -0.212702185 0.201826702 0.354779667
v -0.194031173 0.201826702 0.358241218
v -0.194031173 0.176173669 0.358241218
v -0.194031173 0.145396766 0.358241218
v -0.212702185 0.145396766 0.354779667
v -0.231167061 0.145396766 0.350347734
v -0.231167061 0.176173669 0.350347734
v -0.156274197 0.201826702 0.362209669
v -0.137291464 0.201826702 0.362705695
v -0.118308732 0.201826702 0.362209669
v -0.118308732 0.176173669 0.362209669
v -0.118308732 0.145396766 0.362209669
v -0.137291464 0.145396766 0.362705695
v -0.156274197 0.145396766 0.362209669
v -0.156274197 0.176173669 0.362209669
v -0.0805517559 0.201826702 0.358241218
v -0.0618807436 0.201826702 0.354779667
v -0.0434158677 0.201826702 0.350347734
v -0.0434158677 0.176173669 0.350347734
v -0.0434158677 0.145396766 0.350347734
v -0.0618807436 0.145396766 0.354779667
v -0.0805517559 0.145396766 0.358241299
v -0.0805517559 0.176173669 0.358241299
v -0.00730911987 0.201826702 0.338615972
v 0.0102342286 0.201826702 0.33134812
v 0.0273740691 0.201826702 0.323173998
v 0.0273740691 0.176173669 0.323173998
v 0.0273740691 0.145396766 0.323173998
v 0.0102342286 0.145396766 0.33134812
v -0.00730911987 0.145396766 0.338615972
v -0.00730911987 0.176173669 0.338615972
v 0.0602526714 0.201826702 0.30419159
v 0.0759015934 0.201826702 0.293435081
v 0.0909674089 0.201826702 0.28187602
v 0.0909674089 0.176173669 0.28187602
v 0.0909674089 0.145396766 0.28187602
v 0.0759015934 0.145396766 0.293435081
v 0.0602526714 0.145396766 0.30419159
v 0.0602526714 0.176173669 0.30419159
v 0.119180835 0.201826702 0.256472543
v 0.132251428 0.201826702 0.242697515
v 0.144584718 0.201826702 0.22825863
v 0.144584718 0.176173669 0.22825863
v 0.144584718 0.145396766 0.22825863
v 0.132251428 0.145396766 0.242697515
v 0.119180835 0.145396766 0.256472543
v 0.119180835 0.176173669 0.256472543
v 0.166899882 0.201826702 0.197544379
v 0.176820889 0.201826702 0.181352848
v 0.185882696 0.201826702 0.16466529
v 0.185882696 0.176173669 0.16466529
v 0.185882696 0.145396766 0.16466529
v 0.176820889 0.145396766 0.181352848
v 0.166899882 0.145396766 0.197544379
v 0.166899882 0.176173669 0.197544379
v 0.201324427 0.201826702 0.129982588
v 0.207721636 0.202026914 0.112501162
v 0.213294138 0.202627631 0.0955511452
v 0.213141808 0.176813747 0.0966152638
v 0.213319945 0.146709303 0.0955511452
v 0.207728048 0.145724961 0.112501162
v 0.201324427 0.145396766 0.129982588
v 0.201324427 0.176173669 0.129982588
v -0.00730911987 -0.201699774 0.338615972
v 0.0102342286 -0.201699774 0.33134812
v 0.0273740691 -0.201699774 0.323173998
v 0.0273740691 -0.221085122 0.323173998
v 0.0273740691 -0.23759089 0.323173998
v 0.0102342286 -0.23759089 0.33134812
v -0.00730911987 -0.23759089 0.338615972
v -0.00730911987 -0.221085122 0.338615972
v -0.444157878 -0.200480079 0.016082052
v -0.442894764 -0.200480079 0.0321201987
v -0.440795744 -0.200480079 0.0480704532
v -0.445007257 -0.183741068 0.0487375562
v -0.447729801 -0.158966956 0.0491687385
v -0.449876785 -0.158966956 0.032854012
v -0.451168708 -0.158966956 0.0164494456
v -0.448415975 -0.183741068 0.0163052313
v -0.180175881 -0.222382726 0.0845230071
v -0.170175098 -0.222382726 0.066471865
v -0.159289308 -0.222382726 0.0494079867
v -0.164686269 -0.222382726 0.068915637
v -0.171408995 -0.222382726 0.088426209
v -0.176474352 -0.222382726 0.0880061451
v -0.161665477 -0.222382726 0.0915921079
v -0.155636229 -0.222382726 0.0718561654
v -0.148536127 -0.222382726 0.0529019184
v -0.14975923 -0.222382726 0.0731054011
v -0.152278559 -0.222382726 0.0935873302
v -0.157320543 -0.222382726 0.0942295183
v -0.142089737 -0.222382726 0.0946582659
v -0.140295619 -0.222382726 0.07410005
v -0.137291464 -0.222382726 0.0540837945
v -0.13428731 -0.222382726 0.07410005
v -0.132493192 -0.222382726 0.0946582659
v -0.137291464 -0.222382726 0.0963347072
v -0.12230437 -0.222382726 0.0935873302
v -0.124823699 -0.222382726 0.0731054011
v -0.126046802 -0.222382726 0.0529019184
v -0.1189467 -0.222382726 0.0718561654
v -0.112917452 -0.222382726 0.0915921079
v -0.117262386 -0.222382726 0.0942295183
v -0.103173933 -0.222382726 0.088426209
v -0.10989666 -0.222382726 0.068915637
v -0.115293621 -0.222382726 0.0494079867
v -0.10440783 -0.222382726 0.066471865
v -0.0944070473 -0.222382726 0.0845230071
v -0.0981085763 -0.222382726 0.0880061451
v -0.0855346583 -0.222382726 0.0794005162
v -0.096166917 -0.222382726 0.0617140084
v -0.105501814 -0.222382726 0.043754735
v -0.0913061544 -0.222382726 0.0581824202
v -0.0777708615 -0.222382726 0.0737597626
v -0.0806673221 -0.222382726 0.0779363793
v -0.0701573657 -0.222382726 0.0669045893
v -0.0842345378 -0.222382726 0.0518151573
v -0.0970994004 -0.222382726 0.0361891213
v -0.0802142277 -0.222382726 0.0473501118
v -0.0637359717 -0.222382726 0.0597729172
v -0.0657008416 -0.222382726 0.0644604926
v -0.0577141902 -0.222382726 0.0514845274
v -0.0746210315 -0.222382726 0.0396516456
v -0.0904535286 -0.222382726 0.0270419378
v -0.0716168767 -0.222382726 0.0344484044
v -0.0529159178 -0.222382726 0.0431736574
v -0.0538631717 -0.222382726 0.0481673536
v -0.0487488775 -0.222382726 0.0338144131
v -0.0677464619 -0.222382726 0.0257552892
v -0.0858547379 -0.222382726 0.0167127971
v -0.065889773 -0.222382726 0.0200410893
v -0.045783353 -0.222382726 0.0246875998
v -0.0456717634 -0.222382726 0.0297690257
v -0.0436533304 -0.222382726 0.0146664465
v -0.06391135 -0.222382726 0.0107332168
v -0.0835039708 -0.222382726 0.00565333286
v -0.063283283 -0.222382726 0.00475785662
v -0.0426502412 -0.222382726 0.00512249091
v -0.0414845152 -0.222382726 0.0100696847
v -0.30444711 -0.222743546 0.0264749002
v -0.305603097 -0.222743546 0.017690241
v -0.306298767 -0.222743546 0.00885721277
v -0.28886855 -0.222472891 0.00795191664
v -0.27094393 -0.222382645 0.00703688179
v -0.270704845 -0.222382645 0.0140223106
v -0.269486367 -0.222382645 0.0209047524
v -0.287209558 -0.222472891 0.0237365316
v -0.295289863 -0.222743546 0.060649971
v -0.29824711 -0.222743546 0.0522976302
v -0.300764003 -0.222743546 0.0438022924
v -0.283902934 -0.222472891 0.0392927734
v -0.266560203 -0.222382645 0.0346710156
v -0.264874023 -0.222382645 0.0414541223
v -0.262251221 -0.222382645 0.0479328125
v -0.278998347 -0.222472891 0.0543875617
v -0.279227451 -0.222743546 0.0921744028
v -0.283856513 -0.222743546 0.0846194206
v -0.288084745 -0.222743546 0.0768329812
v -0.27252972 -0.222472891 0.0689163674
v -0.256526877 -0.222382645 0.0607898841
v -0.253467292 -0.222382645 0.0670741243
v -0.249554757 -0.222382645 0.0728659906
v -0.264593954 -0.222472891 0.0826616112
v -0.25696163 -0.222743546 0.119670247
v -0.263060347 -0.222743546 0.113242847
v -0.268815125 -0.222743546 0.106505675
v -0.255245909 -0.222472891 0.0955280157
v -0.241282355 -0.222382645 0.0842518647
v -0.236983031 -0.222382645 0.0897626874
v -0.23195184 -0.222382645 0.0946145228
v -0.244625743 -0.222472891 0.107322916
v -0.499501134 0.0675521742 0.0189824894
v -0.498010296 0.0675521742 0.0379130388
v -0.495532682 0.0675521742 0.056739952
v -0.495532682 0.0230960884 0.056739952
v -0.495532682 -0.0212601755 0.056739952
v -0.498010296 -0.0212601755 0.0379130388
v -0.499501134 -0.0212601755 0.0189824894
v -0.499501134 0.0230960884 0.0189824894
v -0.48763936 0.0675521742 0.093875272
v -0.482245078 0.0675521742 0.112082234
v -0.475907355 0.0675521742 0.129982588
v -0.475907355 0.0230960884 0.129982588
v -0.475907355 -0.0212601755 0.129982588
v -0.482245078 -0.0212601755 0.112082234
v -0.48763936 -0.0212601755 0.093875272
v -0.48763936 0.0230960884 0.093875272
v -0.460465625 0.0675521742 0.16466529
v -0.451403818 0.0675521742 0.181352848
v -0.441482892 0.0675521742 0.197544379
v -0.441482892 0.0230960884 0.197544379
v -0.441482892 -0.0212601755 0.197544379
v -0.451403818 -0.0212601755 0.181352848
v -0.460465625 -0.0212601755 0.16466529
v -0.460465625 0.0230960884 0.16466529
v -0.419167647 0.0675521742 0.22825863
v -0.406834357 0.0675521742 0.242697515
v -0.393763764 0.0675521742 0.256472462
v -0.393763764 0.0230960884 0.256472462
v -0.393763764 -0.0212601755 0.256472543
v -0.406834357 -0.0212601755 0.242697515
v -0.419167647 -0.0212601755 0.22825863
v -0.419167647 0.0230960884 0.22825863
v -0.365550338 0.0675521742 0.28187602
v -0.350484522 0.0675521742 0.293435081
v -0.3348356 0.0675521742 0.30419159
v -0.3348356 0.0230960884 0.30419159
v -0.3348356 -0.0212601755 0.30419159
v -0.350484522 -0.0212601755 0.293435081
v -0.365550338 -0.0212601755 0.28187602
v -0.365550338 0.0230960884 0.28187602
v -0.301956998 0.0675521742 0.323173998
v -0.284817157 0.0675521742 0.33134812
v -0.267273809 0.0675521742 0.338615972
v -0.267273809 0.0230960884 0.338615972
v -0.267273809 -0.0212601755 0.338615972
v -0.284817157 -0.0212601755 0.33134812
v -0.301956998 -0.0212601755 0.323173998
v -0.301956998 0.0230960884 0.323173998
v -0.231167061 0.0675521742 0.350347734
v -0.212702185 0.0675521742 0.354779667
v -0.194031173 0.0675521742 0.358241218
v -0.194031173 0.0230960884 0.358241218
v -0.194031173 -0.0212601755 0.358241218
v -0.212702185 -0.0212601755 0.354779667
v -0.231167061 -0.0212601755 0.350347734
v -0.231167061 0.0230960884 0.350347734
v -0.156274197 0.0675521742 0.362209669
v -0.137291464 0.0675521742 0.362705695
v -0.118308732 0.0675521742 0.362209669
v -0.118308732 0.0230960884 0.362209669
v -0.118308732 -0.0212601755 0.362209669
v -0.137291464 -0.0212601755 0.362705695
v -0.156274197 -0.0212601755 0.362209669
v -0.156274197 0.0230960884 0.362209669
v -0.0805517559 0.0675521742 0.358241218
v -0.0618807436 0.0675521742 0.354779667
v -0.0434158677 0.0675521742 0.350347734
v -0.0434158677 0.0230960884 0.350347734
v -0.0434158677 -0.0212601755 0.350347734
v -0.0618807436 -0.0212601755 0.354779667
v -0.0805517559 -0.0212601755 0.358241299
v -0.0805517559 0.0230960884 0.358241299
v -0.00730911987 0.0675521742 0.338615972
v 0.0102342286 0.0675521742 0.33134812
v 0.0273740691 0.0675521742 0.323173998
v 0.0273740691 0.0230960884 0.323173998
v 0.0273740691 -0.0212601755 0.323173998
v 0.0102342286 -0.0212601755 0.33134812
v -0.00730911987 -0.0212601755 0.338615972
v -0.00730911987 0.0230960884 0.338615972
v 0.0602526714 0.0675521742 0.30419159
v 0.0759015934 0.0675521742 0.293435081
v 0.0909674089 0.0675521742 0.28187602
v 0.0909674089 0.0230960884 0.28187602
v 0.0909674089 -0.0212601755 0.28187602
v 0.0759015934 -0.0212601755 0.293435081
v 0.0602526714 -0.0212601755 0.30419159
v 0.0602526714 0.0230960884 0.30419159
v 0.119180835 0.0675521742 0.256472543
v 0.132251428 0.0675521742 0.242697515
v 0.144584718 0.0675521742 0.22825863
v 0.144584718 0.0230960884 0.22825863
v 0.144584718 -0.0212601755 0.22825863
v 0.132251428 -0.0212601755 0.242697515
v 0.119180835 -0.0212601755 0.256472543
v 0.119180835 0.0230960884 0.256472543
v 0.166899882 0.0675521742 0.197544379
v 0.176820889 0.0675521742 0.181352848
v 0.185882696 0.0675521742 0.16466529
v 0.185882696 0.0230960884 0.16466529
v 0.185882696 -0.0212601755 0.16466529
v 0.176820889 -0.0212601755 0.181352848
v 0.166899882 -0.0212601755 0.197544379
v 0.166899882 0.0230960884 0.197544379
v 0.201324427 0.0675521742 0.129982588
v 0.20773803 0.0678070043 0.112025668
v 0.213359955 0.068571657 0.0936490089
v 0.213208112 0.0227973529 0.0937621404
v 0.213359955 -0.0227497142 0.0936490089
v 0.20773803 -0.0216326007 0.112025668
v 0.201324427 -0.0212601755 0.129982588
v 0.201324427 0.0230960884 0.129982588
v 0.221371116 0.063092972 0.0562783362
v 0.223694777 0.0578183946 0.0375034441
v 0.225094963 0.0549912412 0.0187471367
v 0.225006584 0.019580001 0.018864813
v 0.225094882 -0.0155125392 0.0187471367
v 0.223694696 -0.0167165709 0.0375034441
v 0.221371035 -0.0199663851 0.0562783362
v 0.221160435 0.0213983843 0.0565091441
v -0.0805517559 -0.201699774 0.358241218
v -0.0618807436 -0.201699774 0.354779667
v -0.0434158677 -0.201699774 0.350347734
v -0.0434158677 -0.221085122 0.350347734
v -0.0434158677 -0.23759089 0.350347734
v -0.0618807436 -0.23759089 0.354779667
v -0.0805517559 -0.23759089 0.358241299
v -0.0805517559 -0.221085122 0.358241299
v -0.229465705 -0.222743546 0.141936068
v -0.236767561 -0.222743546 0.136917051
v -0.24379722 -0.222743546 0.13152358
v -0.232806901 -0.222472891 0.117964589
v -0.221493012 -0.222382645 0.104031713
v -0.216141824 -0.222382645 0.108528247
v -0.21021183 -0.222382645 0.11222799
v -0.219966547 -0.222472891 0.127293643
v -0.197941354 -0.222743546 0.15799848
v -0.206127082 -0.222743546 0.154607292
v -0.214124527 -0.222743546 0.15079328
v -0.206193467 -0.222472891 0.13524556
v -0.198023565 -0.222382645 0.119264872
v -0.191854486 -0.222382645 0.122550557
v -0.185284819 -0.222382645 0.124936546
v -0.19169404 -0.222472891 0.141701121
v -0.163766283 -0.222743546 0.167155646
v -0.172478146 -0.222743546 0.165540477
v -0.181093838 -0.222743546 0.163472539
v -0.176568656 -0.222472891 0.14661569
v -0.171899827 -0.222382645 0.129285538
v -0.165182457 -0.222382645 0.13121681
v -0.15826033 -0.222382645 0.132184758
v -0.161043903 -0.222472891 0.149915577
v -0.128434089 -0.222743546 0.169007303
v -0.137291464 -0.222743546 0.16923876
v -0.146148839 -0.222743546 0.169007303
v -0.145227231 -0.222472891 0.151577897
v -0.144263584 -0.222382645 0.133655875
v -0.137291464 -0.222382645 0.134148249
v -0.130319345 -0.222382645 0.133655875
v -0.129355698 -0.222472891 0.151577897
v -0.0934890908 -0.222743546 0.163472539
v -0.102104783 -0.222743546 0.165540477
v -0.110816645 -0.222743546 0.167155646
v -0.113539026 -0.222472891 0.149915577
v -0.116322599 -0.222382645 0.132184758
v -0.109400472 -0.222382645 0.13121681
v -0.102683101 -0.222382645 0.129285538
v -0.0980142729 -0.222472891 0.14661569
v -0.060458402 -0.222743546 0.15079328
v -0.0684558472 -0.222743546 0.154607292
v -0.0766415746 -0.222743546 0.15799848
v -0.0828888888 -0.222472891 0.141701121
v -0.0892981094 -0.222382645 0.124936546
v -0.0827284432 -0.222382645 0.122550557
v -0.0765593634 -0.222382645 0.119264872
v -0.0683894616 -0.222472891 0.13524556
v -0.0307857086 -0.222743546 0.13152358
v -0.0378153675 -0.222743546 0.136917051
v -0.0451172239 -0.222743546 0.141936068
v -0.0546163813 -0.222472891 0.127293643
v -0.0643710992 -0.222382645 0.11222799
v -0.0584411052 -0.222382645 0.108528247
v -0.0530899165 -0.222382645 0.104031713
v -0.0417760279 -0.222472891 0.117964589
v -0.00576780351 -0.222743546 0.106505675
v -0.0115225815 -0.222743546 0.113242847
v -0.0176212989 -0.222743546 0.119670247
v -0.0299571861 -0.222472891 0.107322916
v -0.0426310884 -0.222382645 0.0946145228
v -0.0375998981 -0.222382645 0.0897626874
v -0.0333005733 -0.222382645 0.0842518647
v -0.0193370197 -0.222472891 0.0955280157
v 0.0135018161 -0.222743546 0.0768329812
v 0.00927358406 -0.222743546 0.0846194206
v 0.00464444099 -0.222743546 0.0921744028
v -0.0099890561 -0.222472891 0.0826616112
v -0.0250281713 -0.222382645 0.0728659906
v -0.0211156365 -0.222382645 0.0670741243
v -0.0180560521 -0.222382645 0.0607898841
v -0.00205320836 -0.222472891 0.0689163674
v 0.0261811558 -0.222743546 0.0438022924
v 0.023664181 -0.222743546 0.0522976302
v 0.0207069344 -0.222743546 0.060649971
v 0.00441541852 -0.222472891 0.0543875617
v -0.0123317076 -0.222382645 0.0479328125
v -0.0097089053 -0.222382645 0.0414541223
v -0.00802272533 -0.222382645 0.0346710156
v 0.00932000534 -0.222472891 0.0392927734
v 0.0317158385 -0.222743546 0.00885721277
v 0.0310201685 -0.222743546 0.017690241
v 0.0298641812 -0.222743546 0.0264749002
v 0.0126266289 -0.222472891 0.0237365316
v -0.00509656154 -0.222382645 0.0209047524
v -0.00387808408 -0.222382645 0.0140223106
v -0.00363899826 -0.222382645 0.00703688179
v 0.0142856215 -0.222472891 0.00795191664
v -0.341354706 -0.22418707 0.0106944242
v -0.340514741 -0.22418707 0.0213596322
v -0.339118937 -0.22418707 0.0319664079
v -0.356499486 -0.225148363 0.0347192223
v -0.373287353 -0.225866838 0.0373781391
v -0.374919483 -0.225866838 0.0249757039
v -0.375901634 -0.225866838 0.0125049353
v -0.358927839 -0.225148363 0.0116153835
v -0.334671908 -0.22418707 0.0528878784
v -0.331632856 -0.22418707 0.0631453583
v -0.328062313 -0.22418707 0.073230138
v -0.344490739 -0.225148363 0.0795364527
v -0.360358864 -0.225866838 0.0856277038
v -0.36453402 -0.225866838 0.0738355624
v -0.36808752 -0.225866838 0.0618415046
v -0.351669563 -0.225148363 0.0574423579
v -0.319362706 -0.22418707 0.092769845
v -0.31425742 -0.22418707 0.102171372
v -0.308668119 -0.22418707 0.111293397
v -0.323426434 -0.225148363 0.120877525
v -0.337681338 -0.225866838 0.130134837
v -0.344216919 -0.225866838 0.119468493
v -0.350186517 -0.225866838 0.108475333
v -0.33504198 -0.225148363 0.10075885
v -0.499501134 -0.0983071652 0.0189824894
v -0.498010296 -0.0983071652 0.0379130388
v -0.495532682 -0.0983071652 0.056739952
v -0.495532682 -0.129090885 0.056739952
v -0.495532682 -0.155961097 0.056739952
v -0.498010296 -0.155961097 0.0379130388
v -0.499501134 -0.155961097 0.0189824894
v -0.499501134 -0.129090885 0.0189824894
v -0.48763936 -0.0983071652 0.093875272
v -0.482245078 -0.0983071652 0.112082234
v -0.475907355 -0.0983071652 0.129982588
v -0.475907355 -0.129090885 0.129982588
v -0.475907355 -0.155961097 0.129982588
v -0.482245078 -0.155961097 0.112082234
v -0.48763936 -0.155961097 0.093875272
v -0.48763936 -0.129090885 0.093875272
v -0.460465625 -0.0983071652 0.16466529
v -0.451403818 -0.0983071652 0.181352848
v -0.441482892 -0.0983071652 0.197544379
v -0.441482892 -0.129090885 0.197544379
v -0.441482892 -0.155961097 0.197544379
v -0.451403818 -0.155961097 0.181352848
v -0.460465625 -0.155961097 0.16466529
v -0.460465625 -0.129090885 0.16466529
v -0.419167647 -0.0983071652 0.22825863
v -0.406834357 -0.0983071652 0.242697515
v -0.393763764 -0.0983071652 0.256472462
v -0.393763764 -0.129090885 0.256472462
v -0.393763764 -0.155961097 0.256472543
v -0.406834357 -0.155961097 0.242697515
v -0.419167647 -0.155961097 0.22825863
v -0.419167647 -0.129090885 0.22825863
v -0.365550338 -0.0983071652 0.28187602
v -0.350484522 -0.0983071652 0.293435081
v -0.3348356 -0.0983071652 0.30419159
v -0.3348356 -0.129090885 0.30419159
v -0.3348356 -0.155961097 0.30419159
v -0.350484522 -0.155961097 0.293435081
v -0.365550338 -0.155961097 0.28187602
v -0.365550338 -0.129090885 0.28187602
v -0.301956998 -0.0983071652 0.323173998
v -0.284817157 -0.0983071652 0.33134812
v -0.267273809 -0.0983071652 0.338615972
v -0.267273809 -0.129090885 0.338615972
v -0.267273809 -0.155961097 0.338615972
v -0.284817157 -0.155961097 0.33134812
v -0.301956998 -0.155961097 0.323173998
v -0.301956998 -0.129090885 0.323173998
v -0.231167061 -0.0983071652 0.350347734
v -0.212702185 -0.0983071652 0.354779667
v -0.194031173 -0.0983071652 0.358241218
v -0.194031173 -0.129090885 0.358241218
v -0.194031173 -0.155961097 0.358241218
v -0.212702185 -0.155961097 0.354779667
v -0.231167061 -0.155961097 0.350347734
v -0.231167061 -0.129090885 0.350347734
v -0.156274197 -0.0983071652 0.362209669
v -0.137291464 -0.0983071652 0.362705695
v -0.118308732 -0.0983071652 0.362209669
v -0.118308732 -0.129090885 0.362209669
v -0.118308732 -0.155961097 0.362209669
v -0.137291464 -0.155961097 0.362705695
v -0.156274197 -0.155961097 0.362209669
v -0.156274197 -0.129090885 0.362209669
v -0.0805517559 -0.0983071652 0.358241218
v -0.0618807436 -0.0983071652 0.354779667
v -0.0434158677 -0.0983071652 0.350347734
v -0.0434158677 -0.129090885 0.350347734
v -0.0434158677 -0.155961097 0.350347734
v -0.0618807436 -0.155961097 0.354779667
v -0.0805517559 -0.155961097 0.358241299
v -0.0805517559 -0.129090885 0.358241299
v -0.00730911987 -0.0983071652 0.338615972
v 0.0102342286 -0.0983071652 0.33134812
v 0.0273740691 -0.0983071652 0.323173998
v 0.0273740691 -0.129090885 0.323173998
v 0.0273740691 -0.155961097 0.323173998
v 0.0102342286 -0.155961097 0.33134812
v -0.00730911987 -0.155961097 0.338615972
v -0.00730911987 -0.129090885 0.338615972
v 0.0602526714 -0.0983071652 0.30419159
v 0.0759015934 -0.0983071652 0.293435081
v 0.0909674089 -0.0983071652 0.28187602
v 0.0909674089 -0.129090885 0.28187602
v 0.0909674089 -0.155961097 0.28187602
v 0.0759015934 -0.155961097 0.293435081
v 0.0602526714 -0.155961097 0.30419159
v 0.0602526714 -0.129090885 0.30419159
v 0.119180835 -0.0983071652 0.256472543
v 0.132251428 -0.0983071652 0.242697515
v 0.144584718 -0.0983071652 0.22825863
v 0.144584718 -0.129090885 0.22825863
v 0.144584718 -0.155961097 0.22825863
v 0.132251428 -0.155961097 0.242697515
v 0.119180835 -0.155961097 0.256472462
v 0.119180835 -0.129090885 0.256472462
v 0.166899882 -0.0983071652 0.197544379
v 0.176820889 -0.0983071652 0.181352848
v 0.185882696 -0.0983071652 0.16466529
v 0.185882696 -0.129090885 0.16466529
v 0.185882696 -0.155961097 0.16466529
v 0.176820889 -0.155961097 0.181352848
v 0.166899882 -0.155961097 0.197544379
v 0.166899882 -0.129090885 0.197544379
v 0.201324427 -0.0983071652 0.129982588
v 0.207728048 -0.0986123121 0.112501162
v 0.213319945 -0.0995277527 0.0955511452
v 0.213141889 -0.129269753 0.0966152638
v 0.213294543 -0.155806576 0.0955511452
v 0.207721717 -0.155922467 0.112501162
v 0.201324427 -0.155961097 0.129982588
v 0.201324427 -0.129090885 0.129982588
v -0.156274197 -0.201699774 0.362209669
v -0.137291464 -0.201699774 0.362705695
v -0.118308732 -0.201699774 0.362209669
v -0.118308732 -0.221085122 0.362209669
v -0.118308732 -0.23759089 0.362209669
v -0.137291464 -0.23759089 0.362705695
v -0.156274197 -0.23759089 0.362209669
v -0.156274197 -0.221085122 0.362209669
v -0.296096068 -0.22418707 0.128597335
v -0.289147646 -0.22418707 0.136731934
v -0.281783949 -0.22418707 0.144492565
v -0.294227043 -0.225148363 0.156935741
v -0.306245772 -0.225866838 0.16895447
v -0.314856189 -0.225866838 0.159880003
v -0.322980968 -0.225866838 0.150368266
v -0.30977168 -0.225148363 0.139671651
v -0.26588888 -0.22418707 0.158804522
v -0.25740109 -0.22418707 0.16531673
v -0.248584699 -0.22418707 0.171376736
v -0.258168908 -0.225148363 0.186135051
v -0.267426139 -0.225866838 0.200390036
v -0.277735072 -0.225866838 0.193304055
v -0.287659812 -0.225866838 0.185689342
v -0.276963277 -0.225148363 0.172480134
v -0.230061472 -0.22418707 0.18207116
v -0.220405115 -0.22418707 0.186676362
v -0.21052144 -0.22418707 0.19077093
v -0.216827755 -0.225148363 0.207199356
v -0.222918925 -0.225866838 0.223067481
v -0.234475876 -0.225866838 0.218279759
v -0.245766959 -0.225866838 0.212894971
v -0.238050477 -0.225148363 0.197750434
v -0.190179505 -0.22418707 0.197380363
v -0.179776675 -0.22418707 0.199877292
v -0.16925771 -0.22418707 0.201827473
v -0.172010524 -0.225148363 0.219208103
v -0.174669441 -0.225866838 0.235995889
v -0.186969214 -0.225866838 0.233715565
v -0.199133131 -0.225866838 0.230795975
v -0.194733985 -0.225148363 0.214378099
v -0.147986051 -0.22418707 0.204063242
v -0.137291464 -0.22418707 0.204342662
v -0.126596878 -0.22418707 0.204063161
v -0.125675919 -0.225148363 0.221636374
v -0.124786367 -0.225866838 0.23861017
v -0.137291464 -0.225866838 0.238936904
v -0.149796562 -0.225866838 0.23861017
v -0.14890701 -0.225148363 0.221636374
v -0.105325219 -0.22418707 0.201827473
v -0.0948062541 -0.22418707 0.199877292
v -0.0844034237 -0.22418707 0.197380444
v -0.0798489442 -0.225148363 0.214378099
v -0.0754497975 -0.225866838 0.230795975
v -0.0876137149 -0.225866838 0.233715565
v -0.0999134876 -0.225866838 0.23599597
v -0.102572404 -0.225148363 0.219208103
v -0.0640614887 -0.22418707 0.19077093
v -0.0541778138 -0.22418707 0.186676362
v -0.0445214571 -0.22418707 0.18207116
v -0.0365324521 -0.225148363 0.197750434
v -0.0288159692 -0.225866838 0.212894971
v -0.040107053 -0.225866838 0.218279759
v -0.0516640041 -0.225866838 0.223067481
v -0.057755174 -0.225148363 0.207199356
v -0.02599823 -0.22418707 0.171376736
v -0.0171818387 -0.22418707 0.16531673
v -0.00869404846 -0.22418707 0.158804522
v 0.00238034854 -0.225148363 0.172480134
v 0.0130768828 -0.225866838 0.185689342
v 0.00315214291 -0.225866838 0.193304055
v -0.0071567899 -0.225866838 0.200390036
v -0.016414021 -0.225148363 0.186135051
v 0.00720101997 -0.22418707 0.144492565
v 0.0145647173 -0.22418707 0.136731934
v 0.021513139 -0.22418707 0.128597335
v 0.0351887508 -0.225148363 0.139671651
v 0.0483980398 -0.225866838 0.150368266
v 0.0402732607 -0.225866838 0.159880003
v 0.0316628435 -0.225866838 0.16895447
v 0.0196441143 -0.225148363 0.156935741
v 0.0340851904 -0.22418707 0.111293397
v 0.0396744911 -0.22418707 0.102171372
v 0.0447797769 -0.22418707 0.092769845
v 0.0604590513 -0.225148363 0.10075885
v 0.0756035882 -0.225866838 0.108475333
v 0.0696339901 -0.225866838 0.119468493
v 0.0630984095 -0.225866838 0.130134837
v 0.0488435055 -0.225148363 0.120877525
v 0.0534793845 -0.22418707 0.073230138
v 0.0570499276 -0.22418707 0.0631453583
v 0.0600889795 -0.22418707 0.0528878784
v 0.0770866345 -0.225148363 0.0574423579
v 0.0935045916 -0.225866838 0.0618415046
v 0.0899510913 -0.225866838 0.0738355624
v 0.0857759354 -0.225866838 0.0856277038
v 0.0699078107 -0.225148363 0.0795364527
v 0.0645360083 -0.22418707 0.0319664079
v 0.0659318118 -0.22418707 0.0213596322
v 0.0667717773 -0.22418707 0.0106944242
v 0.0843449101 -0.225148363 0.0116153835
v 0.101318705 -0.225866838 0.0125049353
v 0.100336554 -0.225866838 0.0249757039
v 0.0987044243 -0.225866838 0.0373781391
v 0.0819166389 -0.225148363 0.0347192223
v -0.457788286 0.217560351 0.0167963879
v -0.456469094 0.217560351 0.0335469226
v -0.454276824 0.217560351 0.0502056698
v -0.456380796 0.235152393 0.0505388967
v -0.458792511 0.250548595 0.0509208984
v -0.461015944 0.250548595 0.0340248508
v -0.462353965 0.250548595 0.017035636
v -0.459915549 0.235152312 0.0169078964
v -0.447292532 0.217560351 0.0830643888
v -0.442519499 0.217560351 0.099174602
v -0.436911613 0.217560351 0.11501351
v -0.438900262 0.235152393 0.115776946
v -0.441179855 0.250548595 0.116651971
v -0.446867679 0.250548595 0.100587367
v -0.45170864 0.250548595 0.0842477257
v -0.449350082 0.235152393 0.0836157633
v -0.423248175 0.217560351 0.145702035
v -0.415229954 0.217560351 0.160467897
v -0.406451544 0.217560351 0.174794706
v -0.408238032 0.235152393 0.175954913
v -0.410285844 0.250548595 0.177284818
v -0.419189397 0.250548595 0.162753821
v -0.427321805 0.250548595 0.147777683
v -0.425146172 0.235152393 0.146669172
v -0.499501134 -0.201699774 0.0189824894
v -0.498010296 -0.201699774 0.0379130388
v -0.495532682 -0.201699774 0.056739952
v -0.495532682 -0.221085122 0.056739952
v -0.495532682 -0.23759089 0.056739952
v -0.498010296 -0.23759089 0.0379130388
v -0.499501134 -0.23759089 0.0189824894
v -0.499501134 -0.221085122 0.0189824894
v -0.48763936 -0.201699774 0.093875272
v -0.482245078 -0.201699774 0.112082234
v -0.475907355 -0.201699774 0.129982588
v -0.475907355 -0.221085122 0.129982588
v -0.475907355 -0.23759089 0.129982588
v -0.482245078 -0.23759089 0.112082234
v -0.48763936 -0.23759089 0.093875272
v -0.48763936 -0.221085122 0.093875272
v -0.460465625 -0.201699774 0.16466529
v -0.451403818 -0.201699774 0.181352848
v -0.441482892 -0.201699774 0.197544379
v -0.441482892 -0.221085122 0.197544379
v -0.441482892 -0.23759089 0.197544379
v -0.451403818 -0.23759089 0.181352848
v -0.460465625 -0.23759089 0.16466529
v -0.460465625 -0.221085122 0.16466529
v -0.419167647 -0.201699774 0.22825863
v -0.406834357 -0.201699774 0.242697515
v -0.393763764 -0.201699774 0.256472462
v -0.393763764 -0.221085122 0.256472462
v -0.393763764 -0.23759089 0.256472543
v -0.406834357 -0.23759089 0.242697515
v -0.419167647 -0.23759089 0.22825863
v -0.419167647 -0.221085122 0.22825863
v -0.365550338 -0.201699774 0.28187602
v -0.350484522 -0.201699774 0.293435081
v -0.3348356 -0.201699774 0.30419159
v -0.3348356 -0.221085122 0.30419159
v -0.3348356 -0.23759089 0.30419159
v -0.350484522 -0.23759089 0.293435081
v -0.365550338 -0.23759089 0.28187602
v -0.365550338 -0.221085122 0.28187602
v -0.301956998 -0.201699774 0.323173998
v -0.284817157 -0.201699774 0.33134812
v -0.267273809 -0.201699774 0.338615972
v -0.267273809 -0.221085122 0.338615972
v -0.267273809 -0.23759089 0.338615972
v -0.284817157 -0.23759089 0.33134812
v -0.301956998 -0.23759089 0.323173998
v -0.301956998 -0.221085122 0.323173998
v -0.231167061 -0.201699774 0.350347734
v -0.212702185 -0.201699774 0.354779667
v -0.194031173 -0.201699774 0.358241218
v -0.194031173 -0.221085122 0.358241218
v -0.194031173 -0.23759089 0.358241218
v -0.212702185 -0.23759089 0.354779667
v -0.231167061 -0.23759089 0.350347734
v -0.231167061 -0.221085122 0.350347734
v -0.386706187 0.217560351 0.201971849
v -0.375793209 0.217560351 0.214747927
v -0.364227818 0.217560351 0.226936597
v -0.365734156 0.235152393 0.228442854
v -0.367460752 0.250548595 0.23016945
v -0.379190809 0.250548595 0.217807106
v -0.390259282 0.250548595 0.204849076
v -0.388361609 0.235152393 0.203312467
v -0.339263557 0.217560351 0.24941456
v -0.325932778 0.217560351 0.259642418
v -0.312086008 0.217560351 0.26916016
v -0.313246215 0.235152393 0.27094673
v -0.314576039 0.250548595 0.272994542
v -0.328620099 0.250548595 0.263341269
v -0.342140784 0.250548595 0.252967574
v -0.340604093 0.235152393 0.251069982
v 0.225801995 0.108746272 0.017805645
v 0.224845002 0.113500639 0.03511218
v 0.22337908 0.122189778 0.0514203329
v 0.225043672 0.136783427 0.0476376478
v 0.22686449 0.146089839 0.0450822862
v 0.227456361 0.139015382 0.0317624626
v 0.227916516 0.134664442 0.0163935291
v 0.226595782 0.124318096 0.017099587
v 0.221104437 0.156349916 0.071495102
v 0.220780543 0.178944419 0.0736280462
v 0.22091721 0.199720701 0.071495102
v 0.223271142 0.19651885 0.0653045159
v 0.225407008 0.194328772 0.0614758153
v 0.225512511 0.181167284 0.0635250064
v 0.225811328 0.167878462 0.0614758153
v 0.223580428 0.163396049 0.0653045159
v 0.222913731 0.227430148 0.0514203329
v 0.224309859 0.233842777 0.03511218
v 0.225239015 0.237395872 0.017805645
v 0.225721325 0.230932845 0.017099587
v 0.226783009 0.225253623 0.0163935291
v 0.226372928 0.221474996 0.0317624626
v 0.225901005 0.215099942 0.0450822862
v 0.224302636 0.220549086 0.0476376478
v -0.282993742 0.217560351 0.285956548
v -0.26782778 0.217560351 0.293189341
v -0.252304731 0.217560351 0.29962023
v -0.253068167 0.235152393 0.301608879
v -0.253943192 0.250548595 0.303888472
v -0.269687391 0.250548595 0.297366039
v -0.28506939 0.250548595 0.290030178
v -0.28396088 0.235152393 0.287854627
v -0.220356097 0.217560351 0.310000986
v -0.204017754 0.217560351 0.313922529
v -0.187496891 0.217560351 0.316985441
v -0.187830118 0.235152393 0.319089412
v -0.188212119 0.250548595 0.321501047
v -0.204968335 0.250548595 0.318394554
v -0.221539434 0.250548595 0.314417094
v -0.220907471 0.235152393 0.312058536
v -0.154088096 0.217560351 0.320496821
v -0.137291464 0.217560351 0.320935713
v -0.120494833 0.217560351 0.320496821
v -0.120383325 0.235152393 0.322624085
v -0.120255504 0.250548595 0.3250625
v -0.137291464 0.250548595 0.325507641
v -0.154327425 0.250548595 0.3250625
v -0.154199604 0.235152393 0.322624085
v 0.225271234 -0.184459056 0.017805645
v 0.224334774 -0.181892333 0.03511218
v 0.222929637 -0.176607854 0.0514203329
v 0.224297685 -0.167769551 0.0476376478
v 0.225814006 -0.161469242 0.0450822862
v 0.226237965 -0.167182224 0.0317624626
v 0.226608848 -0.170441777 0.0163935291
v 0.225711506 -0.176401799 0.017099587
v 0.220920213 -0.150067786 0.071495102
v 0.220781273 -0.129535053 0.0736280462
v 0.221104437 -0.107730198 0.071495102
v 0.223574179 -0.113421025 0.0653045159
v 0.225786656 -0.116529709 0.0614758153
v 0.225501961 -0.129170581 0.0635250064
v 0.225389641 -0.141842373 0.0614758153
v 0.223270087 -0.145219359 0.0653045159
v 0.223378755 -0.0767413965 0.0514203329
v 0.224844596 -0.0699616984 0.03511218
v 0.225801508 -0.0667182143 0.017805645
v 0.226533454 -0.0802967635 0.017099587
v 0.227669477 -0.0884877659 0.0163935291
v 0.227264833 -0.0916079739 0.0317624626
v 0.22674097 -0.0971506099 0.0450822862
v 0.225012508 -0.0896313363 0.0476376478
v -0.087086038 0.217560351 0.316985441
v -0.070565175 0.217560351 0.313922529
v -0.0542268321 0.217560351 0.310000986
v -0.0536754576 0.235152393 0.312058536
v -0.0530434952 0.250548595 0.314417094
v -0.0696145938 0.250548595 0.318394554
v -0.0863708095 0.250548595 0.321501047
v -0.0867528111 0.235152393 0.319089331
v 0.176328109 -0.291852335 0.120387423
v 0.182198048 -0.291852335 0.103808452
v 0.187194097 -0.291852335 0.0869455163
v 0.18309466 -0.291628182 0.0858470687
v 0.179356935 -0.29095556 0.0848455214
v 0.174481565 -0.29095556 0.101301216
v 0.168753406 -0.29095556 0.117479763
v 0.172365988 -0.291628182 0.118866477
v 0.194504719 -0.291852335 0.0525514864
v 0.196799407 -0.291852335 0.0351143712
v 0.198180278 -0.291852335 0.0175811672
v 0.193942063 -0.291628182 0.017359043
v 0.190077735 -0.29095556 0.0171565586
v 0.18873022 -0.29095556 0.0342662902
v 0.186490961 -0.29095556 0.0512822053
v 0.190312926 -0.291628182 0.0518875485
v -0.0222781974 0.217560351 0.29962023
v -0.00675514844 0.217560351 0.293189341
v 0.00841081372 0.217560351 0.285956548
v 0.00937795078 0.235152393 0.287854627
v 0.0104864617 0.250548595 0.290030178
v -0.00489553792 0.250548595 0.297366039
v -0.0206397372 0.250548595 0.303888472
v -0.0215147621 0.235152393 0.301608879
v 0.0375030789 0.217560351 0.26916016
v 0.0513498489 0.217560351 0.259642418
v 0.0646806285 0.217560351 0.24941456
v 0.0660211647 0.235152393 0.251069982
v 0.0675578552 0.250548595 0.252967574
v 0.0540371703 0.250548595 0.263341269
v 0.0399931098 0.250548595 0.272994542
v 0.0386632862 0.235152393 0.27094673
v 0.0896448894 0.217560351 0.226936597
v 0.101210281 0.217560351 0.214747927
v 0.112123258 0.217560351 0.201971849
v 0.11377868 0.235152393 0.203312467
v 0.115676272 0.250548595 0.204849076
v 0.10460788 0.250548595 0.217807106
v 0.092877742 0.250548595 0.23016945
v 0.0911512275 0.235152393 0.228442854
v 0.131868615 0.217560351 0.174794706
v 0.140647025 0.217560351 0.160467897
v 0.148665246 0.217560351 0.145702035
v 0.150563244 0.235152393 0.146669172
v 0.152738876 0.250548595 0.147777683
v 0.144606468 0.250548595 0.162753821
v 0.135702915 0.250548595 0.177284737
v 0.133655104 0.235152393 0.175954913
v 0.162328685 0.217560351 0.11501351
v 0.16793657 0.217560351 0.099174602
v 0.172709603 0.217560351 0.0830643888
v 0.174767153 0.235152393 0.0836157633
v 0.177125711 0.250548595 0.0842477257
v 0.172284751 0.250548595 0.100587367
v 0.166596927 0.250548595 0.116651971
v 0.164317333 0.235152393 0.115776946
v 0.179693895 0.217560351 0.0502056698
v 0.181886165 0.217560351 0.0335469226
v 0.183205357 0.21756027 0.0167963879
v 0.18533262 0.235152312 0.0169078964
v 0.187771036 0.250548595 0.017035636
v 0.186433016 0.250548595 0.0340248508
v 0.184209501 0.250548595 0.0509208984
v 0.181797867 0.235152393 0.0505388967
v -0.482016704 0.291114545 0.018066156
v -0.48059769 0.291114545 0.0360829691
v -0.478239781 0.291114545 0.0540010153
v -0.48324979 0.291791143 0.0547945595
v -0.487952055 0.29110716 0.0555393288
v -0.490377161 0.29110716 0.0371108109
v -0.491836509 0.29110716 0.0185807667
v -0.487082224 0.291791143 0.0183316176
v -0.470727406 0.291114545 0.0893437597
v -0.465593634 0.291114545 0.106671801
v -0.45956179 0.291114545 0.123708086
v -0.464297328 0.291791143 0.125525902
v -0.468741922 0.29110716 0.127232046
v -0.474945656 0.29110716 0.109710528
v -0.480225671 0.29110716 0.0918888145
v -0.475627042 0.291791143 0.0906566217
v -0.444865478 0.291114545 0.15671662
v -0.436241102 0.291114545 0.172598703
v -0.426798997 0.291114545 0.188008539
v -0.431053118 0.291791143 0.190771255
v -0.435045916 0.29110716 0.193364192
v -0.444756972 0.29110716 0.177515301
v -0.453627007 0.29110716 0.161180853
v -0.44938506 0.291791143 0.159019423
v -0.405561018 0.291114545 0.217240231
v -0.393823089 0.291114545 0.230982066
v -0.381383403 0.291114545 0.244092182
v -0.384970177 0.291791143 0.247678956
v -0.388336613 0.29110716 0.251045311
v -0.401130626 0.29110716 0.237561876
v -0.413202918 0.29110716 0.223428544
v -0.409503012 0.291791143 0.220432424
v -0.354531857 0.291114545 0.268269391
v -0.340193362 0.291114545 0.279270504
v -0.325299841 0.291114545 0.289507776
v -0.328062476 0.291791143 0.293761816
v -0.330655412 0.29110716 0.297754614
v -0.345973218 0.29110716 0.287225748
v -0.360720171 0.29110716 0.275911292
v -0.357724051 0.291791143 0.272211386
v -0.294008327 0.291114545 0.307573851
v -0.277695873 0.291114545 0.315353473
v -0.260999307 0.291114545 0.322270406
v -0.262817122 0.291791143 0.327005945
v -0.264523267 0.29110716 0.33145062
v -0.281695407 0.29110716 0.32433664
v -0.298472561 0.29110716 0.316335462
v -0.296311131 0.291791143 0.312093433
v -0.226635468 0.291114545 0.333435942
v -0.20906201 0.291114545 0.337653948
v -0.191292236 0.291114545 0.340948317
v -0.19208578 0.291791143 0.345958326
v -0.192830469 0.29110716 0.35066059
v -0.211106494 0.29110716 0.347272324
v -0.229180522 0.29110716 0.342934125
v -0.22794833 0.291791143 0.338335497
v -0.155357864 0.291114545 0.34472524
v -0.137291464 0.291114545 0.345197325
v -0.119225065 0.291114545 0.34472524
v -0.118959603 0.291791143 0.349790678
v -0.118710373 0.29110716 0.354545045
v -0.137291464 0.29110716 0.355030602
v -0.155872556 0.29110716 0.354545045
v -0.155623325 0.291791143 0.349790678
v -0.0832906926 0.291114545 0.340948317
v -0.0655209186 0.291114545 0.337653948
v -0.0479474612 0.291114545 0.333435942
v -0.0466345992 0.291791143 0.338335497
v -0.0454024064 0.29110716 0.342934206
v -0.0634764345 0.29110716 0.347272324
v -0.0817524601 0.29110716 0.35066059
v -0.0824972295 0.291791143 0.345958407
v -0.472763206 -0.291852335 0.0175811672
v -0.471382336 -0.291852335 0.0351143712
v -0.469087647 -0.291852335 0.0525514864
v -0.464895854 -0.291628182 0.0518875485
v -0.46107389 -0.29095556 0.0512822053
v -0.463313148 -0.29095556 0.0342662902
v -0.464660664 -0.29095556 0.0171565586
v -0.468524992 -0.291628182 0.017359043
v -0.461777026 -0.291852335 0.0869455163
v -0.456780976 -0.291852335 0.103808452
v -0.450911038 -0.291852335 0.120387423
v -0.446948917 -0.291628182 0.118866477
v -0.443336335 -0.29095556 0.117479763
v -0.449064494 -0.29095556 0.101301216
v -0.453939783 -0.29095556 0.0848455214
v -0.457677589 -0.291628182 0.0858470687
v -0.436609226 -0.291852335 0.152509894
v -0.428216388 -0.291852335 0.167965583
v -0.419027734 -0.291852335 0.182961848
v -0.415468471 -0.291628182 0.180650361
v -0.412223121 -0.29095556 0.178542818
v -0.421189813 -0.29095556 0.163908753
v -0.429379923 -0.29095556 0.1488263
v -0.432827758 -0.291628182 0.150583086
v -0.398359795 -0.291852335 0.211408841
v -0.386936995 -0.291852335 0.224781822
v -0.374831266 -0.291852335 0.237539964
v -0.371830277 -0.291628182 0.234538975
v -0.369094018 -0.29095556 0.231802716
v -0.380907341 -0.29095556 0.219352723
v -0.392054373 -0.29095556 0.206302744
v -0.395061612 -0.291628182 0.208737994
v -0.348700468 -0.291852335 0.261068168
v -0.334746815 -0.291852335 0.271774035
v -0.320253069 -0.291852335 0.281736432
v -0.317941663 -0.291628182 0.278177088
v -0.31583412 -0.29095556 0.274931738
v -0.329977759 -0.29095556 0.265209969
v -0.343594371 -0.29095556 0.254762746
v -0.346029621 -0.291628182 0.257769985
v -0.289801602 -0.291852335 0.299317599
v -0.273926985 -0.291852335 0.306888326
v -0.257678644 -0.291852335 0.313619655
v -0.256157698 -0.291628182 0.309657533
v -0.254770984 -0.29095556 0.306044952
v -0.270626854 -0.29095556 0.299476178
v -0.286118008 -0.29095556 0.292088296
v -0.287874794 -0.291628182 0.295536212
v -0.224237224 -0.291852335 0.324485481
v -0.207135446 -0.291852335 0.328590193
v -0.189842707 -0.291852335 0.331796183
v -0.189178769 -0.291628182 0.327604471
v -0.188573426 -0.29095556 0.323782425
v -0.205448535 -0.29095556 0.320653939
v -0.222137229 -0.29095556 0.316648237
v -0.223138776 -0.291628182 0.320386043
v -0.154872956 -0.291852335 0.335471661
v -0.137291464 -0.291852335 0.335931085
v -0.119709973 -0.291852335 0.335471661
v -0.119932097 -0.291628182 0.331233528
v -0.120134662 -0.29095556 0.3273692
v -0.137291464 -0.29095556 0.327817506
v -0.154448266 -0.29095556 0.3273692
v -0.154650832 -0.291628182 0.331233528
v -0.0847402214 -0.291852335 0.331796264
v -0.0674474829 -0.291852335 0.328590274
v -0.0503457046 -0.291852335 0.324485481
v -0.0514441522 -0.291628182 0.320386043
v -0.0524456995 -0.29095556 0.316648319
v -0.0691343933 -0.29095556 0.320653939
v -0.0860095026 -0.29095556 0.323782507
v -0.0854041593 -0.291628182 0.327604471
v -0.0169042849 -0.291852335 0.313619655
v -0.000655944054 -0.291852335 0.306888326
v 0.015218673 -0.291852335 0.299317599
v 0.0132918653 -0.291628182 0.295536212
v 0.0115350795 -0.29095556 0.292088296
v -0.00395607508 -0.29095556 0.299476178
v -0.0198119451 -0.29095556 0.306044952
v -0.0184252311 -0.291628182 0.309657533
v 0.0456701403 -0.291852335 0.281736432
v 0.0601638866 -0.291852335 0.271774035
v 0.0741175392 -0.291852335 0.261068168
v 0.0714466924 -0.291628182 0.257769985
v 0.0690114418 -0.29095556 0.254762665
v 0.0553948304 -0.29095556 0.265209969
v 0.0412511915 -0.29095556 0.274931738
v 0.0433587338 -0.291628182 0.278177088
v 0.100248338 -0.291852335 0.237539964
v 0.112354066 -0.291852335 0.224781822
v 0.123776866 -0.291852335 0.211408841
v 0.120478683 -0.291628182 0.208737994
v 0.117471444 -0.29095556 0.206302744
v 0.106324413 -0.29095556 0.219352723
v 0.0945110894 -0.29095556 0.231802716
v 0.0972473479 -0.291628182 0.234538975
v 0.144444805 -0.291852335 0.182961848
v 0.153633459 -0.291852335 0.167965583
v 0.162026297 -0.291852335 0.152509894
v 0.158244829 -0.291628182 0.150583086
v 0.154796994 -0.29095556 0.148826382
v 0.146606884 -0.29095556 0.163908753
v 0.137640192 -0.29095556 0.178542818
v 0.140885543 -0.291628182 0.180650361
v 0.163699979 -0.287368624 0.11553997
v 0.169333591 -0.287368624 0.099628508
v 0.174128374 -0.287368624 0.0834445239
v 0.172132421 -0.284393117 0.0829097865
v 0.169487706 -0.280847002 0.0822011316
v 0.16476426 -0.280847002 0.0981438386
v 0.159214644 -0.280847002 0.113818162
v 0.161770899 -0.284393117 0.114799421
v 0.181144642 -0.287368624 0.0504354227
v 0.183346974 -0.287368624 0.0337004699
v 0.184672253 -0.287368624 0.0168732427
v 0.182608697 -0.284393117 0.0167651428
v 0.179874387 -0.280847002 0.0166218212
v 0.17856891 -0.280847002 0.0331982761
v 0.176399445 -0.280847002 0.0496839173
v 0.17910381 -0.284393117 0.050112178
v -0.0135836214 0.291114545 0.322270406
v 0.00311294452 0.291114545 0.315353392
v 0.0194253987 0.291114545 0.307573851
v 0.0217282026 0.291791143 0.312093433
v 0.0238896326 0.29110716 0.316335381
v 0.00711247868 0.29110716 0.324336559
v -0.0100596619 0.29110716 0.33145062
v -0.0117658063 0.291791143 0.327005945
v 0.0507169126 0.291114545 0.289507695
v 0.0656104338 0.291114545 0.279270504
v 0.0799489285 0.291114545 0.268269391
v 0.0831411219 0.291791143 0.272211386
v 0.0861372422 0.29110716 0.275911292
v 0.0713902889 0.29110716 0.287225748
v 0.0560724837 0.29110716 0.297754614
v 0.0534795468 0.291791143 0.293761816
v 0.106800474 0.291114545 0.244092182
v 0.11924016 0.291114545 0.230982066
v 0.130978089 0.291114545 0.217240231
v 0.134920084 0.291791143 0.220432424
v 0.138619989 0.29110716 0.223428544
v 0.126547697 0.29110716 0.237561795
v 0.113753684 0.29110716 0.251045311
v 0.110387248 0.291791143 0.247678875
v 0.152216068 0.291114545 0.188008539
v 0.161658173 0.291114545 0.172598703
v 0.170282549 0.291114545 0.15671662
v 0.174802131 0.291791143 0.159019423
v 0.179044079 0.29110716 0.161180853
v 0.170174043 0.29110716 0.177515301
v 0.160462987 0.29110716 0.193364192
v 0.156470189 0.291791143 0.190771255
v 0.184978861 0.291114545 0.123708168
v 0.191010706 0.291114545 0.106671882
v 0.196144477 0.291114545 0.0893437597
v 0.201044114 0.291796743 0.0906566217
v 0.205642742 0.291129396 0.0918888145
v 0.200362727 0.291112759 0.109710528
v 0.194158994 0.29110716 0.127232046
v 0.1897144 0.291791143 0.125525902
v 0.203656853 0.291114545 0.0540010153
v 0.206014761 0.291114545 0.0360829691
v 0.207433776 0.291114545 0.018066156
v 0.212499214 0.291846816 0.0183316176
v 0.217253581 0.291329771 0.0185807667
v 0.215794232 0.291279698 0.0371108109
v 0.213369126 0.291218425 0.0555393288
v 0.208666861 0.29181898 0.0547945595
v 0.116694294 -0.264706193 0.129412061
v 0.109572522 -0.264706193 0.142527046
v 0.101775614 -0.264706193 0.155252077
v 0.112228031 -0.268537571 0.162039972
v 0.120024533 -0.272695035 0.167103138
v 0.128416722 -0.272695035 0.153406669
v 0.136082076 -0.272695035 0.139290623
v 0.127799043 -0.268537571 0.135070182
v 0.0842377841 -0.264706193 0.179390737
v 0.0745449071 -0.264706193 0.190738386
v 0.0642726569 -0.264706193 0.201564284
v 0.0730853961 -0.268537571 0.210377023
v 0.0796588766 -0.272695035 0.216950503
v 0.090715257 -0.272695035 0.205298194
v 0.101148034 -0.272695035 0.193084365
v 0.0939234382 -0.268537571 0.187233986
v 0.0420994349 -0.264706193 0.221529167
v 0.0302590867 -0.264706193 0.230613536
v 0.0179604502 -0.264706193 0.23906716
v 0.0247483451 -0.268537571 0.249519576
v 0.0298114298 -0.272695035 0.25731616
v 0.0430488799 -0.272695035 0.248217265
v 0.0557930633 -0.272695035 0.238439417
v 0.0499426835 -0.268537571 0.231214821
v -0.00787916021 -0.264706193 0.253985677
v -0.0213495283 -0.264706193 0.26040983
v -0.0351370544 -0.264706193 0.266121677
v -0.0306707104 -0.268537571 0.277756943
v -0.027339172 -0.272695035 0.286435775
v -0.0124992138 -0.272695035 0.280287958
v 0.00199940188 -0.272695035 0.27337346
v -0.00222103915 -0.268537571 0.265090345
v -0.0635137663 -0.264706193 0.275341819
v -0.078025367 -0.264706193 0.278824876
v -0.0926991986 -0.264706193 0.281545309
v -0.0907495048 -0.268537571 0.293854983
v -0.089295269 -0.272695035 0.303036901
v -0.0735014022 -0.272695035 0.30010879
v -0.0578819398 -0.272695035 0.296359784
v -0.0602880554 -0.268537571 0.287380188
v -0.122372704 -0.264706193 0.284664138
v -0.137291464 -0.264706193 0.285054011
v -0.152210225 -0.264706193 0.284664138
v -0.152862477 -0.268537571 0.297110235
v -0.153349007 -0.272695035 0.30639376
v -0.137291464 -0.272695035 0.306813337
v -0.121233921 -0.272695035 0.30639376
v -0.121720452 -0.268537571 0.297110154
v -0.18188373 -0.264706193 0.281545309
v -0.196557562 -0.264706193 0.278824876
v -0.211069162 -0.264706193 0.275341819
v -0.214294873 -0.268537571 0.287380188
v -0.216700908 -0.272695035 0.296359784
v -0.201081527 -0.272695035 0.30010879
v -0.18528766 -0.272695035 0.303036901
v -0.183833424 -0.268537571 0.293854983
v -0.239445874 -0.264706193 0.266121677
v -0.2532334 -0.264706193 0.26040983
v -0.266703769 -0.264706193 0.253985677
v -0.27236189 -0.268537571 0.265090345
v -0.276582331 -0.272695035 0.27337346
v -0.262083715 -0.272695035 0.280287958
v -0.247243757 -0.272695035 0.286435856
v -0.243912218 -0.268537571 0.277756943
v -0.292543379 -0.264706193 0.23906716
v -0.304842015 -0.264706193 0.230613536
v -0.316682364 -0.264706193 0.221529167
v -0.324525693 -0.268537571 0.231214821
v -0.330375992 -0.272695035 0.238439417
v -0.317631809 -0.272695035 0.248217265
v -0.304394359 -0.272695035 0.25731616
v -0.299331274 -0.268537571 0.249519576
v -0.459255182 -0.287368624 0.0168732427
v -0.457929903 -0.287368624 0.0337004699
v -0.45572757 -0.287368624 0.0504354227
v -0.453686738 -0.284393117 0.050112178
v -0.450982374 -0.280847002 0.0496839173
v -0.453151757 -0.280847002 0.0331982761
v -0.454457315 -0.280847002 0.0166218212
v -0.457191626 -0.284393117 0.0167651428
v -0.448711302 -0.287368624 0.0834445239
v -0.44391652 -0.287368624 0.099628508
v -0.438282908 -0.287368624 0.115539889
v -0.436353828 -0.284393117 0.114799421
v -0.433797573 -0.280847002 0.113818162
v -0.439347189 -0.280847002 0.0981438386
v -0.444070635 -0.280847002 0.0822011316
v -0.446715349 -0.284393117 0.0829097865
v -0.424556979 -0.287368624 0.146368894
v -0.416502075 -0.287368624 0.161202279
v -0.407683412 -0.287368624 0.175594742
v -0.405950405 -0.284393117 0.174469351
v -0.403654093 -0.280847002 0.172978027
v -0.412341284 -0.280847002 0.158800059
v -0.420276158 -0.280847002 0.144187743
v -0.422715872 -0.284393117 0.145430811
v -0.387847647 -0.287368624 0.202896298
v -0.376884759 -0.287368624 0.215730809
v -0.365266535 -0.287368624 0.227975233
v -0.363805401 -0.284393117 0.226514099
v -0.36186926 -0.280847002 0.224578039
v -0.373314378 -0.280847002 0.212516054
v -0.38411398 -0.280847002 0.199872747
v -0.386241893 -0.284393117 0.201595853
v -0.340187925 -0.287368624 0.250556102
v -0.326796116 -0.287368624 0.260830787
v -0.312885963 -0.287368624 0.27039211
v -0.311760572 -0.284393117 0.268659103
v -0.310269329 -0.280847002 0.266362791
v -0.323972128 -0.280847002 0.256943978
v -0.337164374 -0.280847002 0.246822354
v -0.338887561 -0.284393117 0.248950266
v -0.283660602 -0.287368624 0.287265352
v -0.268425251 -0.287368624 0.294531257
v -0.25283111 -0.287368624 0.300991524
v -0.252090642 -0.284393117 0.299062444
v -0.251109383 -0.280847002 0.29650619
v -0.266471094 -0.280847002 0.290142254
v -0.281479451 -0.280847002 0.282984612
v -0.282722519 -0.284393117 0.285424245
v -0.220736313 -0.287368624 0.311419838
v -0.204323144 -0.287368624 0.315359317
v -0.187726644 -0.287368624 0.318436187
v -0.187403399 -0.284393117 0.316395274
v -0.186975138 -0.280847002 0.31369091
v -0.203324275 -0.280847002 0.310659892
v -0.219492758 -0.280847002 0.306779089
v -0.220201494 -0.284393117 0.309423885
v -0.154165032 -0.287368624 0.321963718
v -0.137291464 -0.287368624 0.322404639
v -0.120417897 -0.287368624 0.321963718
v -0.120526078 -0.284393117 0.319900162
v -0.1206694 -0.280847002 0.317165851
v -0.137291464 -0.280847002 0.317600198
v -0.153913529 -0.280847002 0.317165851
v -0.154056851 -0.284393117 0.319900162
v -0.0868562852 -0.287368624 0.318436187
v -0.0702597847 -0.287368624 0.315359317
v -0.0538466158 -0.287368624 0.311419838
v -0.0543814344 -0.284393117 0.309423885
v -0.0550901705 -0.280847002 0.306779089
v -0.0712586538 -0.280847002 0.310659892
v -0.0876077905 -0.280847002 0.31369091
v -0.0871795298 -0.284393117 0.316395274
v -0.021751819 -0.287368624 0.300991524
v -0.00615767735 -0.287368624 0.294531257
v 0.00907767327 -0.287368624 0.287265352
v 0.00813959009 -0.284393117 0.285424245
v 0.00689652234 -0.280847002 0.282984612
v -0.00811183471 -0.280847002 0.290142254
v -0.0234735453 -0.280847002 0.296506271
v -0.0224922871 -0.284393117 0.299062444
v 0.0383030344 -0.287368624 0.27039211
v 0.0522131873 -0.287368624 0.260830787
v 0.0656049963 -0.287368624 0.250556102
v 0.0643046323 -0.284393117 0.248950266
v 0.0625814452 -0.280847002 0.246822354
v 0.049389199 -0.280847002 0.256943978
v 0.0356863999 -0.280847002 0.266362791
v 0.037177643 -0.284393117 0.268659103
v 0.0906836061 -0.287368624 0.227975233
v 0.10230183 -0.287368624 0.215730809
v 0.1132648 -0.287368624 0.202896298
v 0.111658883 -0.284393117 0.201595853
v 0.109531052 -0.280847002 0.199872747
v 0.0987314492 -0.280847002 0.212515973
v 0.0872863312 -0.280847002 0.224577958
v 0.089222472 -0.284393117 0.226514099
v 0.133100483 -0.287368624 0.175594742
v 0.141919147 -0.287368624 0.161202279
v 0.14997405 -0.287368624 0.146368894
v 0.148132862 -0.284393117 0.145430811
v 0.145693229 -0.280847002 0.144187743
v 0.137758355 -0.280847002 0.15880014
v 0.129071165 -0.280847002 0.172978027
v 0.131367557 -0.284393117 0.174469351
v -0.00189446706 -0.25557662 0.0365276233
v -0.0317971569 -0.255393207 0.0296093106
v -0.0613467365 -0.255332097 0.0246759133
v -0.0345408818 -0.255393207 0.0380536012
v -0.00628257656 -0.25557662 0.0500328885
v -0.00173402148 -0.25557662 0.0440452737
v 0.00274133081 -0.25557662 0.00757876097
v -0.0279463006 -0.255393207 0.00702876618
v -0.0578759343 -0.255332097 0.00834690331
v -0.0288744016 -0.255393207 0.015858954
v 0.00125698602 -0.25557662 0.0217012993
v 0.00446127171 -0.25557662 0.0148987963
v -0.338855586 -0.264706193 0.201564284
v -0.349127836 -0.264706193 0.190738386
v -0.358820794 -0.264706193 0.179390737
v -0.368506367 -0.268537571 0.187233986
v -0.375730963 -0.272695035 0.193084365
v -0.365298186 -0.272695035 0.205298194
v -0.354241805 -0.272695035 0.216950503
v -0.347668325 -0.268537571 0.210377023
v -0.376358462 -0.264706193 0.155252077
v -0.384155451 -0.264706193 0.142526965
v -0.391277222 -0.264706193 0.129412061
v -0.402381972 -0.268537571 0.135070182
v -0.410665005 -0.272695035 0.139290623
v -0.402999651 -0.272695035 0.153406669
v -0.394607462 -0.272695035 0.167103056
v -0.386810959 -0.268537571 0.162039972
v -0.40341306 -0.264706193 0.102154653
v -0.408393933 -0.264706193 0.0880865708
v -0.412633284 -0.264706193 0.0737775358
v -0.424671734 -0.268537571 0.0770031655
v -0.433651249 -0.272695035 0.0794092811
v -0.429088329 -0.272695035 0.0948105147
v -0.423727158 -0.272695035 0.109952536
v -0.415048326 -0.268537571 0.106620997
v -0.418836774 -0.264706193 0.0445925092
v -0.420783952 -0.264706193 0.0297962942
v -0.421955602 -0.264706193 0.0149185173
v -0.434401618 -0.268537571 0.0155707687
v -0.443685225 -0.272695035 0.0160572994
v -0.442424059 -0.272695035 0.0320706934
v -0.440328284 -0.272695035 0.0479964389
v -0.431146447 -0.268537571 0.046542203
v 0.147372754 -0.264706193 0.0149185173
v 0.146201023 -0.264706193 0.0297962942
v 0.144253845 -0.264706193 0.0445925092
v 0.156563519 -0.268537571 0.046542203
v 0.165745356 -0.272695035 0.0479964389
v 0.16784113 -0.272695035 0.0320706934
v 0.169102296 -0.272695035 0.0160572994
v 0.15981877 -0.268537571 0.0155707687
v 0.138050355 -0.264706193 0.0737775358
v 0.133811005 -0.264706193 0.0880865708
v 0.128830131 -0.264706193 0.102154653
v 0.140465398 -0.268537571 0.106620997
v 0.149144229 -0.272695035 0.109952536
v 0.1545054 -0.272695035 0.0948105147
v 0.15906832 -0.272695035 0.0794092811
v 0.150088805 -0.268537571 0.0770031655
v 0.157550945 -0.290846973 0.191473011
v 0.167166967 -0.290846973 0.175779129
v 0.175950246 -0.290846973 0.159604478
v 0.172897479 -0.291600994 0.158048959
v 0.169517734 -0.291852335 0.156326908
v 0.160914783 -0.291852335 0.172169469
v 0.151496214 -0.291852335 0.18754108
v 0.154677451 -0.291600994 0.189606989
v 0.111298388 -0.290846973 0.248590096
v 0.123967258 -0.290846973 0.235238459
v 0.13592155 -0.290846973 0.221243336
v 0.1332589 -0.291600994 0.219087181
v 0.130310986 -0.291852335 0.216700056
v 0.118602273 -0.291852335 0.230407724
v 0.106193508 -0.291852335 0.243485216
v 0.108875716 -0.291600994 0.246167343
v 0.0541813035 -0.290846973 0.29484249
v 0.0693492946 -0.290846973 0.284416612
v 0.0839521147 -0.290846973 0.273212771
v 0.0817958787 -0.291600994 0.270550121
v 0.0794087536 -0.291852335 0.267602288
v 0.0651058864 -0.291852335 0.278576052
v 0.0502493724 -0.291852335 0.288787841
v 0.0523152817 -0.291600994 0.291969078
v -0.0113040281 -0.290846973 0.328208922
v 0.0057002005 -0.290846973 0.321164492
v 0.0223132568 -0.290846973 0.313241549
v 0.0207578193 -0.291600994 0.310188781
v 0.0190356872 -0.291852335 0.306809036
v 0.00276381104 -0.291852335 0.314569262
v -0.013891203 -0.291852335 0.321469071
v -0.0125318385 -0.291600994 0.325010317
v -0.0822956378 -0.290846973 0.347231015
v -0.064198399 -0.290846973 0.34387586
v -0.0463011288 -0.290846973 0.339580188
v -0.0471878402 -0.291600994 0.336270724
v -0.0481695854 -0.291852335 0.33260677
v -0.0656993808 -0.291852335 0.336814307
v -0.0834250059 -0.291852335 0.340100561
v -0.0828315926 -0.291600994 0.343846969
v -0.155690766 -0.290846973 0.351077489
v -0.137291464 -0.290846973 0.351558339
v -0.118892163 -0.290846973 0.351077489
v -0.119071436 -0.291600994 0.347655949
v -0.119269944 -0.291852335 0.343867988
v -0.137291464 -0.291852335 0.344338937
v -0.155312985 -0.291852335 0.343867988
v -0.155511492 -0.291600994 0.347655949
v -0.228281881 -0.290846973 0.339580188
v -0.21038453 -0.290846973 0.34387586
v -0.192287291 -0.290846973 0.347231096
v -0.191751336 -0.291600994 0.343846969
v -0.191157923 -0.291852335 0.340100561
v -0.208883548 -0.291852335 0.336814307
v -0.226413343 -0.291852335 0.33260677
v -0.227395089 -0.291600994 0.336270724
v -0.296896186 -0.290846973 0.313241549
v -0.280283129 -0.290846973 0.321164492
v -0.263278901 -0.290846973 0.328208922
v -0.26205109 -0.291600994 0.325010317
v -0.260691726 -0.291852335 0.321469071
v -0.27734674 -0.291852335 0.314569262
v -0.293618616 -0.291852335 0.306809036
v -0.295340748 -0.291600994 0.310188781
v -0.358535043 -0.290846973 0.273212771
v -0.343932223 -0.290846973 0.284416612
v -0.328764313 -0.290846973 0.29484249
v -0.32689821 -0.291600994 0.291969078
v -0.324832301 -0.291852335 0.288787841
v -0.339688815 -0.291852335 0.278576052
v -0.353991682 -0.291852335 0.267602288
v -0.356378807 -0.291600994 0.270550121
v -0.385883914 -0.25916307 0.0130280674
v -0.384860698 -0.25916307 0.0260205885
v -0.383160315 -0.25916307 0.0389418545
v -0.359955437 -0.257573628 0.0352544466
v -0.333946779 -0.256554713 0.031098687
v -0.335756072 -0.256554713 0.0208594673
v -0.336115188 -0.256554713 0.0104678364
v -0.362419498 -0.257573628 0.0118104015
v -0.377742903 -0.25916307 0.0644286794
v -0.374040725 -0.25916307 0.0769245252
v -0.369691002 -0.25916307 0.0892099333
v -0.347759869 -0.257573628 0.0807785466
v -0.323183615 -0.256554713 0.0713060084
v -0.327082191 -0.256554713 0.0616667756
v -0.329594053 -0.256554713 0.051576883
v -0.355044358 -0.257573628 0.0583590159
v -0.359092991 -0.25916307 0.113013419
v -0.352873676 -0.25916307 0.124466409
v -0.346064681 -0.25916307 0.13557903
v -0.326365826 -0.257573628 0.122772113
v -0.304296078 -0.256554713 0.108397017
v -0.31011359 -0.256554713 0.0997788902
v -0.314668313 -0.256554713 0.0904317382
v -0.338152449 -0.257573628 0.102357138
v -0.33074931 -0.25916307 0.156658918
v -0.322284649 -0.25916307 0.166568644
v -0.313314061 -0.25916307 0.176022759
v -0.296708309 -0.257573628 0.159400046
v -0.278109607 -0.256554713 0.140750458
v -0.285591792 -0.256554713 0.133530245
v -0.291990381 -0.256554713 0.125334292
v -0.312481968 -0.257573628 0.141881774
v -0.293950544 -0.25916307 0.193457683
v -0.283610529 -0.25916307 0.201390934
v -0.272870332 -0.25916307 0.208773379
v -0.260083542 -0.257573628 0.189061458
v -0.245768745 -0.256554713 0.166952512
v -0.254588626 -0.256554713 0.161445666
v -0.262551417 -0.256554713 0.154759135
v -0.279154735 -0.257573628 0.175205436
v -0.250305045 -0.25916307 0.221801446
v -0.238541633 -0.25916307 0.227411523
v -0.226501154 -0.25916307 0.232399619
v -0.218092167 -0.257573628 0.210459883
v -0.208686907 -0.256554713 0.185857822
v -0.218458911 -0.256554713 0.182305133
v -0.227637908 -0.256554713 0.177420348
v -0.239627421 -0.257573628 0.200871779
v -0.201720306 -0.25916307 0.240451358
v -0.18904754 -0.25916307 0.243493088
v -0.176233157 -0.25916307 0.245868851
v -0.172569446 -0.257573628 0.22266024
v -0.168484698 -0.256554713 0.196640382
v -0.178781863 -0.256554713 0.195197021
v -0.188775829 -0.256554713 0.192327341
v -0.195627513 -0.257573628 0.217759061
v -0.150319775 -0.25916307 0.248592449
v -0.137291464 -0.25916307 0.248932899
v -0.124263153 -0.25916307 0.248592449
v -0.125504842 -0.257573628 0.225129251
v -0.12691923 -0.256554713 0.198828755
v -0.137291464 -0.256554713 0.19955778
v -0.147663699 -0.256554713 0.198828755
v -0.149078087 -0.257573628 0.225129332
v -0.0983497722 -0.25916307 0.245868851
v -0.0855353887 -0.25916307 0.243493088
v -0.0728626226 -0.25916307 0.240451358
v -0.0789554157 -0.257573628 0.217759061
v -0.0858070993 -0.256554713 0.192327341
v -0.0958010653 -0.256554713 0.195197021
v -0.106098231 -0.256554713 0.196640382
v -0.102013482 -0.257573628 0.22266024
v -0.0480817745 -0.25916307 0.232399538
v -0.0360413766 -0.25916307 0.227411523
v -0.0242778833 -0.25916307 0.221801446
v -0.0349555082 -0.257573628 0.200871779
v -0.0469450212 -0.256554713 0.177420348
v -0.0561240179 -0.256554713 0.182305133
v -0.065896022 -0.256554713 0.185857822
v -0.0564907622 -0.257573628 0.210459883
v -0.00171259628 -0.25916307 0.208773379
v 0.00902759997 -0.25916307 0.201390934
v 0.0193676156 -0.25916307 0.193457683
v 0.0045718063 -0.257573628 0.175205436
v -0.0120315113 -0.256554713 0.154759135
v -0.0199943028 -0.256554713 0.161445666
v -0.0288141838 -0.256554713 0.166952512
v -0.0144993867 -0.257573628 0.189061377
v 0.0387311327 -0.25916307 0.176022759
v 0.0477017205 -0.25916307 0.166568644
v 0.0561663813 -0.25916307 0.156658918
v 0.0378989582 -0.257573628 0.141881774
v 0.0174074526 -0.256554713 0.125334292
v 0.0110088635 -0.256554713 0.133530245
v 0.00352667824 -0.256554713 0.140750458
v 0.0221253805 -0.257573628 0.159400046
v 0.0714817519 -0.25916307 0.13557903
v 0.0782907474 -0.25916307 0.12446649
v 0.0845100627 -0.25916307 0.113013419
v 0.0635695205 -0.257573628 0.102357138
v 0.0400853843 -0.256554713 0.0904317382
v 0.0355306614 -0.256554713 0.0997788902
v 0.0297131498 -0.256554713 0.108397017
v 0.0517828977 -0.257573628 0.122772113
v 0.0951080735 -0.25916307 0.0892099333
v 0.0994577962 -0.25916307 0.0769245252
v 0.103159974 -0.25916307 0.0644286794
v 0.0804614292 -0.257573628 0.0583590159
v 0.0550111245 -0.256554713 0.051576883
v 0.0524992625 -0.256554713 0.0616667756
v 0.0486006865 -0.256554713 0.0713060084
v 0.0731769401 -0.257573628 0.0807785466
v 0.108577387 -0.25916307 0.0389419357
v 0.110277769 -0.25916307 0.0260205885
v 0.111300985 -0.25916307 0.0130280674
v 0.0878365695 -0.257573628 0.0118104015
v 0.0615322593 -0.256554713 0.0104678364
v 0.0611731437 -0.256554713 0.0208594673
v 0.0593638499 -0.256554713 0.031098687
v 0.0853725085 -0.257573628 0.0352544466
v -0.410504478 -0.290846973 0.221243336
v -0.398550187 -0.290846973 0.235238459
v -0.385881317 -0.290846973 0.248590096
v -0.383458645 -0.291600994 0.246167343
v -0.380776436 -0.291852335 0.243485216
v -0.393185202 -0.291852335 0.230407724
v -0.404893915 -0.291852335 0.216700056
v -0.407841747 -0.291600994 0.219087181
v -0.450533175 -0.290846973 0.159604478
v -0.441749896 -0.290846973 0.17577921
v -0.432133873 -0.290846973 0.191473011
v -0.42926038 -0.291600994 0.189606989
v -0.426079143 -0.291852335 0.18754108
v -0.435497712 -0.291852335 0.172169469
v -0.444100663 -0.291852335 0.156326908
v -0.447480408 -0.291600994 0.158048959
v -0.476871733 -0.290846973 0.0909900921
v -0.471643334 -0.290846973 0.108637483
v -0.465500305 -0.290846973 0.125987761
v -0.4623017 -0.291600994 0.124759869
v -0.458760454 -0.291852335 0.123400505
v -0.464777285 -0.291852335 0.106406583
v -0.469898315 -0.291852335 0.0891216355
v -0.473562269 -0.291600994 0.0901033807
v -0.488368953 -0.290846973 0.0183990583
v -0.486923888 -0.290846973 0.0367478809
v -0.48452248 -0.290846973 0.0549961512
v -0.481138433 -0.291600994 0.0544601152
v -0.477392025 -0.291852335 0.0538667831
v -0.479744091 -0.291852335 0.0359932105
v -0.481159534 -0.291852335 0.0180211955
v -0.484947494 -0.291600994 0.0182197033
v 0.209939551 -0.290846973 0.0549961512
v 0.212340959 -0.290846973 0.0367478809
v 0.213786025 -0.290846973 0.0183990583
v 0.210364565 -0.291600994 0.0182197033
v 0.206576605 -0.291852335 0.0180211955
v 0.205161162 -0.291852335 0.0359932105
v 0.202809096 -0.291852335 0.0538667831
v 0.206555504 -0.291600994 0.0544601152
v 0.190917376 -0.290846973 0.125987761
v 0.197060405 -0.290846973 0.108637483
v 0.202288804 -0.290846973 0.0909900921
v 0.198979341 -0.291600994 0.0901032995
v 0.195315468 -0.291852335 0.0891215544
v 0.190194357 -0.291852335 0.106406583
v 0.184177526 -0.291852335 0.123400505
v 0.187718771 -0.291600994 0.124759869
v 0.166899882 -0.260291951 0.197544379
v 0.176820889 -0.260291951 0.181352848
v 0.185882696 -0.260291951 0.16466529
v 0.18578677 -0.267004695 0.164616434
v 0.185498909 -0.271872518 0.164469785
v 0.176447896 -0.271872518 0.18113754
v 0.166538656 -0.271872518 0.197309757
v 0.166809637 -0.267004695 0.197485703
v 0.119180835 -0.260291951 0.256472543
v 0.132251428 -0.260291951 0.242697515
v 0.144584718 -0.260291951 0.22825863
v 0.144501046 -0.267004695 0.228190865
v 0.144249949 -0.271872518 0.227987569
v 0.131931348 -0.271872518 0.242409248
v 0.118876256 -0.271872518 0.256167964
v 0.11910471 -0.267004695 0.256396337
v 0.0602526714 -0.260291951 0.30419159
v 0.0759015934 -0.260291951 0.293435081
v 0.0909674089 -0.260291951 0.28187602
v 0.0908996436 -0.267004695 0.281792348
v 0.0906963476 -0.271872518 0.281541251
v 0.0756484675 -0.271872518 0.293086597
v 0.0600180491 -0.271872518 0.303830364
v 0.0601939955 -0.267004695 0.304101263
v -0.00730911987 -0.260291951 0.338615972
v 0.0102342286 -0.260291951 0.33134812
v 0.0273740691 -0.260291951 0.323173998
v 0.0273252131 -0.267004695 0.323078072
v 0.0271785641 -0.271872518 0.322790211
v 0.0100590126 -0.271872518 0.330954676
v -0.00746347875 -0.271872518 0.338213844
v -0.00734775017 -0.267004695 0.33851542
v 0.201324427 -0.260291951 0.129982588
v 0.207662149 -0.260296009 0.112082234
v 0.213056431 -0.260308101 0.093875272
v 0.212952389 -0.267008753 0.0938474355
v 0.212640344 -0.271872518 0.0937637636
v 0.207252554 -0.271872518 0.111949138
v 0.200922298 -0.271872518 0.129828229
v 0.201223955 -0.267004695 0.129944039
v 0.220949753 -0.26037262 0.056739952
v 0.223427368 -0.260417012 0.0379130388
v 0.224918205 -0.26045337 0.0189824894
v 0.224810754 -0.267045111 0.0189768084
v 0.224488159 -0.271872518 0.018959928
v 0.222999026 -0.271872518 0.0378680783
v 0.220524333 -0.271872518 0.0566725924
v 0.220843358 -0.267024903 0.0567231527
v -0.0805517559 -0.260291951 0.358241218
v -0.0618807436 -0.260291951 0.354779667
v -0.0434158677 -0.260291951 0.350347734
v -0.0434437854 -0.267004695 0.350243773
v -0.0435273762 -0.271872518 0.349931727
v -0.0619702587 -0.271872518 0.354358467
v -0.0806191154 -0.271872518 0.357815879
v -0.0805686363 -0.267004695 0.358134903
v -0.156274197 -0.260291951 0.362209669
v -0.137291464 -0.260291951 0.362705695
v -0.118308732 -0.260291951 0.362209669
v -0.118314331 -0.267004695 0.362102137
v -0.118331293 -0.271872518 0.361779542
v -0.137291464 -0.271872518 0.362275
v -0.156251636 -0.271872518 0.361779542
v -0.156268597 -0.267004695 0.362102137
v -0.231167061 -0.260291951 0.350347734
v -0.212702185 -0.260291951 0.354779667
v -0.194031173 -0.260291951 0.358241218
v -0.194014292 -0.267004695 0.358134822
v -0.193963813 -0.271872518 0.357815798
v -0.21261267 -0.271872518 0.354358386
v -0.231055553 -0.271872518 0.349931727
v -0.231139143 -0.267004695 0.350243773
v -0.301956998 -0.260291951 0.323173998
v -0.284817157 -0.260291951 0.33134812
v -0.267273809 -0.260291951 0.338615972
v -0.267235179 -0.267004695 0.33851542
v -0.26711945 -0.271872518 0.338213844
v -0.284641941 -0.271872518 0.330954676
v -0.301761493 -0.271872518 0.322790211
v -0.301908142 -0.267004695 0.323078072
v -0.365550338 -0.260291951 0.28187602
v -0.350484522 -0.260291951 0.293435081
v -0.3348356 -0.260291951 0.30419159
v -0.334776924 -0.267004695 0.304101263
v -0.334600978 -0.271872518 0.303830364
v -0.350231396 -0.271872518 0.293086597
v -0.365279276 -0.271872518 0.281541251
v -0.365482572 -0.267004695 0.281792348
v -0.419167647 -0.260291951 0.22825863
v -0.406834357 -0.260291951 0.242697515
v -0.393763764 -0.260291951 0.256472462
v -0.393687639 -0.267004695 0.256396337
v -0.393459185 -0.271872518 0.256167964
v -0.406514277 -0.271872518 0.242409248
v -0.418832878 -0.271872518 0.227987569
v -0.419083975 -0.267004695 0.228190865
v -0.460465625 -0.260291951 0.16466529
v -0.451403818 -0.260291951 0.181352848
v -0.441482892 -0.260291951 0.197544379
v -0.441392565 -0.267004695 0.197485703
v -0.441121585 -0.271872518 0.197309757
v -0.451030824 -0.271872518 0.18113754
v -0.460081838 -0.271872518 0.164469785
v -0.460369698 -0.267004695 0.164616434
v -0.48763936 -0.260291951 0.093875272
v -0.482245078 -0.260291951 0.112082234
v -0.475907355 -0.260291951 0.129982588
v -0.475806884 -0.267004695 0.129944039
v -0.475505227 -0.271872518 0.129828229
v -0.481835483 -0.271872518 0.111949138
v -0.487223273 -0.271872518 0.0937637636
v -0.487535318 -0.267004695 0.0938474355
v -0.499501134 -0.260291951 0.0189824894
v -0.498010296 -0.260291951 0.0379130388
v -0.495532682 -0.260291951 0.056739952
v -0.495426287 -0.267004695 0.0567231527
v -0.495107262 -0.271872518 0.0566725924
v -0.497581954 -0.271872518 0.0378680783
v -0.499071006 -0.271872518 0.018959928
v -0.499393602 -0.267004695 0.0189768084
v -0.169081114 -0.222382726 -0.043754735
v -0.183276774 -0.222382726 -0.0581824202
v -0.196812067 -0.222382726 -0.0737597626
v -0.193915607 -0.222382726 -0.0779363793
v -0.18904827 -0.222382726 -0.0794005162
v -0.178416012 -0.222382726 -0.0617140084
v -0.177483528 -0.222382726 -0.0361891213
v -0.194368701 -0.222382726 -0.0473501118
v -0.210846957 -0.222382726 -0.0597729172
v -0.208882087 -0.222382726 -0.0644604926
v -0.204425563 -0.222382726 -0.0669045893
v -0.190348391 -0.222382726 -0.0518151573
v -0.1841294 -0.222382726 -0.0270419378
v -0.202966052 -0.222382726 -0.0344484044
v -0.221667011 -0.222382726 -0.0431736574
v -0.220719757 -0.222382726 -0.0481673536
v -0.216868739 -0.222382726 -0.0514845274
v -0.199961897 -0.222382726 -0.0396516456
v -0.188728191 -0.222382726 -0.0167127971
v -0.208693156 -0.222382726 -0.0200410893
v -0.228799576 -0.222382726 -0.0246875998
v -0.228911165 -0.222382726 -0.0297690257
v -0.225834051 -0.222382726 -0.0338144131
v -0.206836467 -0.222382726 -0.0257552892
v -0.191078958 -0.222382726 -0.00565333286
v -0.211299646 -0.222382726 -0.00475785662
v -0.231932688 -0.222382726 -0.00512249091
v -0.233098414 -0.222382726 -0.0100696847
v -0.230929598 -0.222382726 -0.0146664465
v -0.210671579 -0.222382726 -0.0107332168
v 0.185882696 0.275189449 -0.16466529
v 0.185540786 0.280988376 -0.164491048
v 0.184514973 0.285649981 -0.163968403
v 0.175491552 0.285649981 -0.180585354
v 0.165612584 0.285649981 -0.196708309
v 0.166578098 0.280988376 -0.197335321
v 0.166899963 0.275189449 -0.197544379
v 0.176820889 0.275189449 -0.181352848
v 0.144584718 0.275189449 -0.22825863
v 0.14428647 0.280988376 -0.22801719
v 0.143391724 0.285649981 -0.227292629
v 0.131110698 0.285649981 -0.241670403
v 0.118095372 0.285649981 -0.25538708
v 0.118909449 0.280988376 -0.256201157
v 0.119180835 0.275189449 -0.256472543
v 0.132251428 0.275189449 -0.242697515
v 0.0909674089 0.275189449 -0.28187602
v 0.0907258884 0.280988376 -0.281577772
v 0.0900014081 0.285649981 -0.280683026
v 0.0749993812 0.285649981 -0.292193231
v 0.0594166014 0.285649981 -0.302904211
v 0.0600436944 0.280988376 -0.303869725
v 0.0602526714 0.275189449 -0.30419159
v 0.0759015934 0.275189449 -0.293435081
v 0.0273740691 0.275189449 -0.323173998
v 0.027199827 0.280988376 -0.322832088
v 0.0266771818 0.285649981 -0.321806275
v 0.00960989487 0.285649981 -0.329945824
v -0.00785919582 0.285649981 -0.337182918
v -0.00744667944 0.280988376 -0.338257668
v -0.00730911987 0.275189449 -0.338615972
v 0.0102342286 0.275189449 -0.33134812
v -0.0434158677 0.275189449 -0.350347734
v -0.0435152028 0.280988376 -0.349977094
v -0.0438132079 0.285649981 -0.348865012
v -0.0621998493 0.285649981 -0.353278199
v -0.0807918967 0.285649981 -0.35672506
v -0.0806118114 0.280988376 -0.357862138
v -0.0805517559 0.275189449 -0.358241218
v -0.0618807436 0.275189449 -0.354779667
v -0.118308732 0.275189449 -0.362209669
v -0.118328777 0.280988376 -0.36182645
v -0.118389076 0.285649981 -0.360676712
v -0.137291464 0.285649981 -0.361170628
v -0.156193853 0.285649981 -0.360676712
v -0.156254152 0.280988376 -0.36182645
v -0.156274197 0.275189449 -0.362209669
v -0.137291464 0.275189449 -0.362705695
v -0.194031173 0.275189449 -0.358241218
v -0.193971117 0.280988376 -0.357862138
v -0.193791032 0.285649981 -0.35672506
v -0.212383079 0.285649981 -0.353278199
v -0.230769721 0.285649981 -0.348865012
v -0.231067726 0.280988376 -0.349977094
v -0.231167061 0.275189449 -0.350347734
v -0.212702185 0.275189449 -0.354779667
v -0.267273809 0.275189449 -0.338615972
v -0.267136249 0.280988376 -0.338257668
v -0.266723733 0.285649981 -0.337182918
v -0.284192824 0.285649981 -0.329945824
v -0.301260111 0.285649981 -0.321806275
v -0.301782756 0.280988376 -0.322832088
v -0.301956998 0.275189449 -0.323173998
v -0.284817157 0.275189449 -0.33134812
v -0.3348356 0.275189449 -0.30419159
v -0.334626623 0.280988376 -0.303869725
v -0.33399953 0.285649981 -0.30290413
v -0.349582229 0.285649981 -0.292193231
v -0.364584256 0.285649981 -0.280683026
v -0.365308817 0.280988376 -0.281577772
v -0.365550338 0.275189449 -0.28187602
v -0.350484522 0.275189449 -0.293435081
v -0.393763764 0.275189449 -0.256472543
v -0.393492378 0.280988376 -0.256201157
v -0.392678301 0.285649981 -0.25538708
v -0.405693627 0.285649981 -0.241670403
v -0.417974653 0.285649981 -0.227292629
v -0.418869398 0.280988376 -0.22801719
v -0.419167647 0.275189449 -0.22825863
v -0.406834357 0.275189449 -0.242697515
v -0.441482811 0.275189449 -0.197544379
v -0.441161027 0.280988376 -0.197335321
v -0.440195432 0.285649981 -0.196708309
v -0.450074481 0.285649981 -0.180585354
v -0.459097901 0.285649981 -0.163968403
v -0.460123633 0.280988376 -0.164491048
v -0.460465625 0.275189449 -0.16466529
v -0.451403818 0.275189449 -0.181352848
v -0.475907355 0.275189449 -0.129982588
v -0.475549051 0.280988376 -0.12984511
v -0.47447422 0.285649981 -0.129432512
v -0.480785242 0.285649981 -0.111607877
v -0.486156639 0.285649981 -0.093478013
v -0.487268639 0.280988376 -0.093775937
v -0.48763936 0.275189449 -0.093875272
v -0.482245078 0.275189449 -0.112082234
v -0.495532682 0.275189449 -0.056739952
v -0.495153602 0.280988376 -0.0566799776
v -0.494016524 0.285649981 -0.0564998111
v -0.496483588 0.285649981 -0.0377525932
v -0.497968257 0.285649981 -0.0189021448
v -0.499117915 0.280988376 -0.0189623626
v -0.499501134 0.275189449 -0.0189824894
v -0.498010296 0.275189449 -0.0379130388
v 0.224918205 0.278008568 -0.0189824894
v 0.224534986 0.28286162 -0.0189623626
v 0.223385329 0.286762712 -0.0189021448
v 0.221900659 0.286512346 -0.0377525932
v 0.219433595 0.286206387 -0.0564998111
v 0.220570673 0.281924998 -0.0566799776
v 0.220949753 0.276598968 -0.056739952
v 0.223427368 0.277374252 -0.0379130388
v 0.213056431 0.275471304 -0.093875272
v 0.21268571 0.281175765 -0.093775937
v 0.21157371 0.285761246 -0.093478013
v 0.206202313 0.285677818 -0.111607877
v 0.199891291 0.285649981 -0.129432512
v 0.200966123 0.280988376 -0.12984511
v 0.201324427 0.275189449 -0.129982588
v 0.207662149 0.275259892 -0.112082234
v 0.189271531 0.273231558 -0.0517226393
v 0.191984416 0.280537635 -0.0521522797
v 0.195130432 0.285686826 -0.052650578
v 0.197429503 0.285686826 -0.0351805946
v 0.198812971 0.285686826 -0.0176143601
v 0.195632058 0.280537635 -0.0174476655
v 0.192889063 0.273231558 -0.0173038569
v 0.191530023 0.273231558 -0.0345605621
v -0.467471992 0.273231558 -0.0173038569
v -0.470214987 0.280537635 -0.0174476655
v -0.473395899 0.285686826 -0.0176143601
v -0.472012431 0.285686826 -0.0351805946
v -0.469713361 0.285686826 -0.052650578
v -0.466567345 0.280537635 -0.0521522797
v -0.46385446 0.273231558 -0.0517226393
v -0.466112952 0.273231558 -0.0345605621
v -0.45665908 0.273231558 -0.0855741407
v -0.459312235 0.280537635 -0.0862850681
v -0.462388943 0.285686826 -0.0871094516
v -0.457383479 0.285686826 -0.104004201
v -0.451502503 0.285686826 -0.120614416
v -0.448528863 0.280537635 -0.119472956
v -0.445964493 0.273231558 -0.118488614
v -0.451741833 0.273231558 -0.102171128
v -0.216706994 -0.255332097 -0.00834690331
v -0.245708527 -0.255393207 -0.015858954
v -0.275839915 -0.25557662 -0.0217012993
v -0.2790442 -0.25557662 -0.0148987963
v -0.27732426 -0.25557662 -0.00757876097
v -0.246636628 -0.255393207 -0.00702876618
v -0.213236192 -0.255332097 -0.0246759133
v -0.240042047 -0.255393207 -0.0380536012
v -0.268300352 -0.25557662 -0.0500328885
v -0.272848907 -0.25557662 -0.0440452737
v -0.272688462 -0.25557662 -0.0365276233
v -0.242785772 -0.255393207 -0.0296093106
v -0.206446187 -0.255332097 -0.0399265213
v -0.229884957 -0.255393207 -0.0585850355
v -0.255035066 -0.25557662 -0.0761778081
v -0.260729139 -0.25557662 -0.0712667288
v -0.262135168 -0.25557662 -0.0638800643
v -0.234324357 -0.255393207 -0.05089574
v -0.196633767 -0.255332097 -0.05343203
v -0.215681019 -0.255393207 -0.0765560766
v -0.236623834 -0.25557662 -0.0989934617
v -0.243214519 -0.25557662 -0.0953735757
v -0.246125669 -0.25557662 -0.0884405737
v -0.221622132 -0.255393207 -0.0699578435
v -0.184227842 -0.255332097 -0.0646024346
v -0.198051158 -0.255393207 -0.0911812958
v -0.21387132 -0.25557662 -0.117482522
v -0.221070514 -0.25557662 -0.115312003
v -0.225359532 -0.25557662 -0.109135862
v -0.205234202 -0.255393207 -0.0859624726
v -0.169770616 -0.255332097 -0.0729493379
v -0.177765708 -0.255393207 -0.101821427
v -0.187771848 -0.25557662 -0.13083708
v -0.19526507 -0.25557662 -0.13021088
v -0.200744404 -0.25557662 -0.125061364
v -0.185876934 -0.255393207 -0.098210062
v -0.153893808 -0.255332097 -0.0781080244
v -0.15571138 -0.255393207 -0.108011445
v -0.159466147 -0.25557662 -0.138473462
v -0.166925852 -0.25557662 -0.139418849
v -0.173356092 -0.25557662 -0.135521085
v -0.164396217 -0.255393207 -0.106165387
v -0.137291464 -0.255332097 -0.0798529614
v -0.132852064 -0.255393207 -0.109480857
v -0.130191362 -0.25557662 -0.140057872
v -0.137291464 -0.25557662 -0.142533539
v -0.144391567 -0.25557662 -0.140057872
v -0.141730865 -0.255393207 -0.109480857
v -0.120689121 -0.255332097 -0.0781080244
v -0.110186712 -0.255393207 -0.106165387
v -0.101226837 -0.25557662 -0.135521085
v -0.107657077 -0.25557662 -0.139418849
v -0.115116782 -0.25557662 -0.138473462
v -0.118871549 -0.255393207 -0.108011445
v -0.104812312 -0.255332097 -0.0729493379
v -0.0887059946 -0.255393207 -0.098210062
v -0.0738385245 -0.25557662 -0.125061364
v -0.0793178588 -0.25557662 -0.13021088
v -0.0868110812 -0.25557662 -0.13083708
v -0.0968172207 -0.255393207 -0.101821427
v -0.0903550863 -0.255332097 -0.0646024346
v -0.0693487265 -0.255393207 -0.0859624726
v -0.0492233971 -0.25557662 -0.109135862
v -0.0535123339 -0.25557662 -0.115312003
v -0.060711609 -0.25557662 -0.117482522
v -0.0765317704 -0.255393207 -0.0911812958
v -0.0779491614 -0.255332097 -0.05343203
v -0.0529607971 -0.255393207 -0.0699578435
v -0.0284572594 -0.25557662 -0.0884405737
v -0.0313684093 -0.25557662 -0.0953735757
v -0.0379590949 -0.25557662 -0.0989934617
v -0.0589019095 -0.255393207 -0.0765560766
v -0.0681367415 -0.255332097 -0.0399265213
v -0.0402585714 -0.255393207 -0.05089574
v -0.0124477608 -0.25557662 -0.0638800643
v -0.01385379 -0.25557662 -0.0712667288
v -0.0195478632 -0.25557662 -0.0761778081
v -0.0446979715 -0.255393207 -0.0585850355
v -0.431888214 0.273231558 -0.150104428
v -0.434335638 0.280537635 -0.151351391
v -0.437173666 0.285686826 -0.152797511
v -0.428765003 0.285686826 -0.168282336
v -0.419559063 0.285686826 -0.183306924
v -0.416887729 0.280537635 -0.18157205
v -0.414584114 0.273231558 -0.1800761
v -0.423627823 0.273231558 -0.165316324
v -0.394242179 0.273231558 -0.208074381
v -0.396376746 0.280537635 -0.209803006
v -0.398852169 0.285686826 -0.211807561
v -0.387407781 0.285686826 -0.2252057
v -0.375279167 0.285686826 -0.237987946
v -0.373026923 0.280537635 -0.235735621
v -0.371084696 0.273231558 -0.233793394
v -0.382999464 0.273231558 -0.221236437
v 0.243351836 0.174261388 -0.057062872
v 0.243219876 0.183006362 -0.0589650083
v 0.243337633 0.191795566 -0.057062872
v 0.235321766 0.191727882 -0.0572835354
v 0.230563422 0.192081073 -0.0579454444
v 0.230684345 0.18225299 -0.0598769593
v 0.230970826 0.172394149 -0.0579454444
v 0.235591691 0.173518567 -0.0572835354
v 0.244334879 0.206248978 -0.0418461062
v 0.245027141 0.210987682 -0.0294824636
v 0.245594665 0.213919689 -0.0152167659
v 0.236925572 0.215130294 -0.015275604
v 0.23167526 0.217306738 -0.0154521185
v 0.23133124 0.213867992 -0.0299384796
v 0.230940067 0.208390525 -0.0424933259
v 0.235956731 0.206866982 -0.0420079314
v -0.345366089 0.273231558 -0.256950471
v -0.347094632 0.280537635 -0.259085119
v -0.349099188 0.285686826 -0.261560542
v -0.335119241 0.285686826 -0.272286536
v -0.320598145 0.285686826 -0.282267761
v -0.318863352 0.280537635 -0.279596346
v -0.317367321 0.273231558 -0.27729273
v -0.331632532 0.273231558 -0.267487452
v -0.287396135 0.273231558 -0.294596668
v -0.288643099 0.280537635 -0.297044011
v -0.290089219 0.285686826 -0.299882121
v -0.274184655 0.285686826 -0.307467131
v -0.257905637 0.285686826 -0.31421112
v -0.256764177 0.280537635 -0.31123748
v -0.255779835 0.273231558 -0.30867311
v -0.271771885 0.273231558 -0.302048014
v 0.403449823 0.152052377 -0.057062872
v 0.408222369 0.159026687 -0.0589650083
v 0.413040606 0.166067789 -0.057062872
v 0.393164101 0.176501621 -0.057062872
v 0.371196285 0.184343409 -0.057062872
v 0.368307453 0.176308875 -0.0589650083
v 0.365470074 0.168351602 -0.057062872
v 0.385534212 0.161355217 -0.057062872
v 0.420713102 0.177280151 -0.0418461062
v 0.423065087 0.180717274 -0.0294824636
v 0.42445805 0.182752831 -0.0152167659
v 0.40230114 0.194535233 -0.0152167659
v 0.378228622 0.203390174 -0.0152167659
v 0.377343291 0.201065295 -0.0294824636
v 0.375873229 0.197140831 -0.0418461062
v 0.399292035 0.188619766 -0.0418461062
v -0.222865849 0.273231558 -0.319367534
v -0.223576776 0.280537635 -0.322020689
v -0.224401159 0.285686826 -0.325097397
v -0.207267162 0.285686826 -0.329209901
v -0.189941799 0.285686826 -0.332421978
v -0.189443501 0.280537635 -0.329275962
v -0.18901386 0.273231558 -0.326563076
v -0.206033833 0.273231558 -0.323407647
v -0.154595646 0.273231558 -0.330180528
v -0.154739373 0.280537635 -0.332923522
v -0.154906068 0.285686826 -0.336104354
v -0.137291464 0.285686826 -0.336564671
v -0.119676861 0.285686826 -0.336104354
v -0.119843555 0.280537635 -0.332923522
v -0.119987283 0.273231558 -0.330180528
v -0.137291464 0.273231558 -0.330632729
v 0.451444233 0.0922416406 -0.057062872
v 0.459153169 0.0955515104 -0.0589650083
v 0.466935875 0.0988931933 -0.057062872
v 0.457487927 0.119244624 -0.057062872
v 0.445351684 0.137352169 -0.057062872
v 0.438785345 0.131918769 -0.0589650083
v 0.432281253 0.126536903 -0.057062872
v 0.443066897 0.110433345 -0.057062872
v 0.479329139 0.104214435 -0.0418461062
v 0.483128299 0.105845592 -0.0294824636
v 0.485378271 0.106811674 -0.0152167659
v 0.474655766 0.129734129 -0.0152167659
v 0.460911821 0.150227582 -0.0152167659
v 0.459013499 0.148656725 -0.0294824636
v 0.455808077 0.146004382 -0.0418461062
v 0.46902467 0.126293516 -0.0418461062
v -0.0855690685 0.273231558 -0.326563076
v -0.0851394282 0.280537635 -0.329275962
v -0.0846411298 0.285686826 -0.332421978
v -0.0673157666 0.285686826 -0.329209901
v -0.0501817693 0.285686826 -0.325097397
v -0.0510061528 0.280537635 -0.322020689
v -0.0517170802 0.273231558 -0.319367534
v -0.0685490956 0.273231558 -0.323407647
v -0.0188030938 0.273231558 -0.308673191
v -0.0178187517 0.280537635 -0.31123748
v -0.0166772914 0.285686826 -0.31421112
v -0.000398273485 0.285686826 -0.307467131
v 0.0155062902 0.285686826 -0.299882121
v 0.0140601699 0.280537635 -0.297044093
v 0.0128132067 0.273231558 -0.294596668
v -0.00281104388 0.273231558 -0.302048014
v 0.461008397 0.00404981036 -0.057062872
v 0.469334849 0.00295152506 -0.0589650083
v 0.477740915 0.00184268948 -0.057062872
v 0.479091596 0.0270351613 -0.057062872
v 0.477740915 0.0522275519 -0.057062872
v 0.469334849 0.0511187163 -0.0589650083
v 0.461008397 0.050020431 -0.057062872
v 0.462203907 0.0270351613 -0.057062872
v 0.491126962 7.70577024e-05 -0.0418461062
v 0.495230457 -0.000464172226 -0.0294824636
v 0.497660676 -0.000784738761 -0.0152167659
v 0.499195906 0.0270351613 -0.0152167659
v 0.497660676 0.0548549802 -0.0152167659
v 0.495230457 0.0545344136 -0.0294824636
v 0.491126962 0.0539931837 -0.0418461062
v 0.49260173 0.0270351613 -0.0418461062
v 0.0427843922 0.273231558 -0.277292812
v 0.0442804235 0.280537635 -0.279596427
v 0.046015216 0.285686826 -0.282267761
v 0.0605363119 0.285686826 -0.272286536
v 0.074516259 0.285686826 -0.261560542
v 0.0725117037 0.280537635 -0.259085119
v 0.0707831603 0.273231558 -0.256950471
v 0.057049603 0.273231558 -0.267487452
v 0.096501767 0.273231558 -0.233793394
v 0.0984439944 0.280537635 -0.235735621
v 0.100696238 0.285686826 -0.237987946
v 0.112824853 0.285686826 -0.2252057
v 0.12426924 0.285686826 -0.211807561
v 0.121793817 0.280537635 -0.209803006
v 0.11965925 0.273231558 -0.208074381
v 0.108416535 0.273231558 -0.221236437
v 0.432281253 -0.0724666621 -0.057062872
v 0.438785345 -0.0778485278 -0.0589650083
v 0.445351684 -0.0832819277 -0.057062872
v 0.457487927 -0.065174301 -0.057062872
v 0.466935875 -0.0448229519 -0.057062872
v 0.459153169 -0.0414813501 -0.0589650083
v 0.451444233 -0.0381713992 -0.057062872
v 0.443066897 -0.0563631037 -0.057062872
v 0.455808077 -0.0919341402 -0.0418461062
v 0.459013499 -0.0945864834 -0.0294824636
v 0.460911821 -0.0961572594 -0.0152167659
v 0.474655766 -0.075663806 -0.0152167659
v 0.485378271 -0.0527414323 -0.0152167659
v 0.483128299 -0.0517754314 -0.0294824636
v 0.479329139 -0.0501441941 -0.0418461062
v 0.46902467 -0.072223275 -0.0418461062
v 0.140001185 0.273231558 -0.1800761
v 0.1423048 0.280537635 -0.18157205
v 0.144976134 0.285686826 -0.183306924
v 0.154182074 0.285686826 -0.168282336
v 0.162590738 0.285686826 -0.152797511
v 0.159752709 0.280537635 -0.151351391
v 0.157305285 0.273231558 -0.150104428
v 0.149044894 0.273231558 -0.165316324
v 0.171381565 0.273231558 -0.118488614
v 0.173945935 0.280537635 -0.119472956
v 0.176919575 0.285686826 -0.120614416
v 0.18280055 0.285686826 -0.104004201
v 0.187806014 0.285686826 -0.0871094516
v 0.184729306 0.280537635 -0.0862850681
v 0.182076151 0.273231558 -0.0855741407
v 0.177158904 0.273231558 -0.102171128
v 0.365445565 -0.114280306 -0.057062872
v 0.368295361 -0.122238147 -0.0589650083
v 0.371172507 -0.130272193 -0.057062872
v 0.393158177 -0.122431136 -0.057062872
v 0.413040606 -0.111997547 -0.057062872
v 0.408222369 -0.104956446 -0.0589650083
v 0.403449905 -0.0979821351 -0.057062872
v 0.385528044 -0.107284651 -0.057062872
v 0.375754011 -0.14306572 -0.0418461062
v 0.377158498 -0.146987588 -0.0294824636
v 0.377990267 -0.149310194 -0.0152167659
v 0.40224149 -0.140462638 -0.0152167659
v 0.42445805 -0.128682508 -0.0152167659
v 0.423065087 -0.126646951 -0.0294824636
v 0.420713102 -0.123209829 -0.0418461062
v 0.399262251 -0.134548308 -0.0418461062
v 0.176443432 0.121949718 -0.0496908156
v 0.176606069 0.15269075 -0.0497166232
v 0.177093655 0.177310747 -0.0497938027
v 0.179267907 0.177310747 -0.0332717223
v 0.180576306 0.177310747 -0.0166585849
v 0.180083282 0.15269075 -0.0166327772
v 0.17991886 0.121949718 -0.0166241747
v 0.178613221 0.121949718 -0.033202902
v -0.454501789 0.121949718 -0.0166241747
v -0.454666211 0.15269075 -0.0166327772
v -0.455159234 0.177310747 -0.0166585849
v -0.453850836 0.177310747 -0.0332717223
v -0.451676583 0.177310747 -0.0497938027
v -0.451188998 0.15269075 -0.0497166232
v -0.451026361 0.121949718 -0.0496908156
v -0.45319615 0.121949718 -0.033202902
v 0.273380155 -0.121675735 -0.057062872
v 0.273845179 -0.130211326 -0.0589650083
v 0.274316534 -0.138834323 -0.057062872
v 0.29705582 -0.139109523 -0.057062872
v 0.322035419 -0.138247564 -0.057062872
v 0.320675324 -0.129753444 -0.0589650083
v 0.319328214 -0.121339911 -0.057062872
v 0.29536404 -0.12203266 -0.057062872
v 0.275077616 -0.152661534 -0.0418461062
v 0.275316539 -0.156957856 -0.0294824636
v 0.275460267 -0.159525797 -0.0152167659
v 0.299077093 -0.159505264 -0.0152167659
v 0.325258289 -0.158375653 -0.0152167659
v 0.324865088 -0.155920032 -0.0294824636
v 0.32420115 -0.151773605 -0.0418461062
v 0.298412262 -0.152796091 -0.0418461062
v 0.224918205 -0.238397825 -0.0189824894
v 0.224935897 -0.223680169 -0.0189236512
v 0.224988811 -0.208690559 -0.0187471367
v 0.223595523 -0.207503732 -0.0375034441
v 0.221292638 -0.204942933 -0.0562783362
v 0.221035454 -0.222319587 -0.056624548
v 0.220949753 -0.237994317 -0.056739952
v 0.223427368 -0.238216279 -0.0379130388
v 0.213056431 -0.237671559 -0.093875272
v 0.213125982 -0.221169281 -0.0938187062
v 0.213334472 -0.20169742 -0.0936490089
v 0.2077317 -0.201699206 -0.112025668
v 0.201324427 -0.201699774 -0.129982588
v 0.201324427 -0.221085122 -0.129982588
v 0.201324427 -0.23759089 -0.129982588
v 0.207662149 -0.237611016 -0.112082234
v 0.245590526 0.152934381 -0.0152167659
v 0.245034201 0.155667069 -0.0294824636
v 0.244352734 0.160162223 -0.0418461062
v 0.236605006 0.15846322 -0.0420079314
v 0.23191881 0.155839201 -0.0424933259
v 0.23243829 0.150192928 -0.0299384796
v 0.232839282 0.146616136 -0.0154521185
v 0.237696393 0.150304761 -0.015275604
v -0.444113648 0.121949718 -0.0822126557
v -0.444272633 0.15269075 -0.0822552627
v -0.444749506 0.177310747 -0.0823830023
v -0.440015671 0.177310747 -0.0983610934
v -0.434453801 0.177310747 -0.114070071
v -0.433992916 0.15269075 -0.113893151
v -0.433839206 0.121949718 -0.11383415
v -0.439389633 0.121949718 -0.0981576351
v 0.39285441 0.136568688 -0.0152167659
v 0.394041804 0.138303968 -0.0294824636
v 0.396142692 0.14137394 -0.0418461062
v 0.37974543 0.149816039 -0.0418461062
v 0.361205079 0.156171291 -0.0418461062
v 0.360018252 0.152671029 -0.0294824636
v 0.35936454 0.150693337 -0.0152167659
v 0.377160203 0.144624241 -0.0152167659
v -0.420315924 0.121949718 -0.144208032
v -0.420462573 0.15269075 -0.144282777
v -0.420902439 0.177310747 -0.144506849
v -0.412949955 0.177310747 -0.159151546
v -0.404243611 0.177310747 -0.17336084
v -0.403829553 0.15269075 -0.17309197
v -0.403691506 0.121949718 -0.173002292
v -0.412379914 0.121949718 -0.158822377
v 0.434329714 0.0848932818 -0.0152167659
v 0.436247757 0.0857167726 -0.0294824636
v 0.439641136 0.0871737678 -0.0418461062
v 0.432079499 0.103720114 -0.0418461062
v 0.422322752 0.118296639 -0.0418461062
v 0.419459647 0.115927612 -0.0294824636
v 0.417841475 0.114588537 -0.0152167659
v 0.427135227 0.100699079 -0.0152167659
v -0.384148634 0.121949718 -0.199900827
v -0.384276536 0.15269075 -0.200004382
v -0.384660161 0.177310747 -0.200315129
v -0.37383678 0.177310747 -0.212986353
v -0.36236626 0.177310747 -0.225075039
v -0.362017208 0.15269075 -0.224725905
v -0.36190083 0.121949718 -0.224609446
v -0.373347571 0.121949718 -0.212545838
v 0.442522907 0.00648806377 -0.0152167659
v 0.444594579 0.00621481123 -0.0294824636
v 0.448259831 0.00573136443 -0.0418461062
v 0.449337097 0.0270351613 -0.0418461062
v 0.448259831 0.048338877 -0.0418461062
v 0.444594579 0.0478554302 -0.0294824636
v 0.442522907 0.0475821776 -0.0152167659
v 0.443547097 0.0270351613 -0.0152167659
v -0.337192454 0.121949718 -0.246857007
v -0.33729609 0.15269075 -0.246984909
v -0.337606756 0.177310747 -0.247368534
v -0.324385293 0.177310747 -0.257512639
v -0.310652142 0.177310747 -0.266952228
v -0.310383272 0.15269075 -0.26653817
v -0.310293594 0.121949718 -0.266400123
v -0.323998422 0.121949718 -0.256980012
v 0.417841475 -0.0605182952 -0.0152167659
v 0.419459647 -0.0618573706 -0.0294824636
v 0.422322752 -0.0642263979 -0.0418461062
v 0.432079499 -0.0496497912 -0.0418461062
v 0.439641136 -0.0331035264 -0.0418461062
v 0.436247757 -0.0316465312 -0.0294824636
v 0.434329714 -0.0308229592 -0.0152167659
v 0.427135227 -0.0466288371 -0.0152167659
v -0.281499659 0.121949718 -0.283024298
v -0.281574404 0.15269075 -0.283170947
v -0.281798557 0.177310747 -0.283610894
v -0.266757007 0.177310747 -0.290784361
v -0.251361292 0.177310747 -0.297162418
v -0.251184372 0.15269075 -0.296701533
v -0.251125371 0.121949718 -0.296547823
v -0.266489273 0.121949718 -0.290182914
v 0.359118637 -0.096613032 -0.0152167659
v 0.359827616 -0.098592997 -0.0294824636
v 0.361082127 -0.102096018 -0.0418461062
v 0.379714671 -0.0957445807 -0.0418461062
v 0.396142692 -0.0873036986 -0.0418461062
v 0.394041804 -0.0842336451 -0.0294824636
v 0.39285441 -0.0824984469 -0.0152167659
v 0.377098686 -0.090551484 -0.0152167659
v -0.219504364 0.121949718 -0.306822102
v -0.219546971 0.15269075 -0.306981087
v -0.21967471 0.177310747 -0.30745796
v -0.203470437 0.177310747 -0.311347365
v -0.187085024 0.177310747 -0.314385119
v -0.187007844 0.15269075 -0.313897533
v -0.186982037 0.121949718 -0.313734978
v -0.203333527 0.121949718 -0.310703473
v 0.272349797 -0.102557959 -0.0152167659
v 0.272465201 -0.104732455 -0.0294824636
v 0.272669552 -0.108547927 -0.0418461062
v 0.294075687 -0.109008082 -0.0418461062
v 0.317265551 -0.108457925 -0.0418461062
v 0.316672625 -0.104754367 -0.0294824636
v 0.316337369 -0.102661027 -0.0152167659
v 0.293495989 -0.103126376 -0.0152167659
v -0.153915883 0.121949718 -0.317210325
v -0.153924485 0.15269075 -0.317374747
v -0.153950374 0.177310747 -0.31786777
v -0.137291464 0.177310747 -0.318303091
v -0.120632555 0.177310747 -0.31786777
v -0.120658444 0.15269075 -0.317374747
v -0.120667046 0.121949718 -0.317210325
v -0.137291464 0.121949718 -0.317644753
v 0.185882696 -0.23759089 -0.16466529
v 0.185882696 -0.221085122 -0.16466529
v 0.185882696 -0.201699774 -0.16466529
v 0.176820889 -0.201699774 -0.181352848
v 0.166899963 -0.201699774 -0.197544379
v 0.166899963 -0.221085122 -0.197544379
v 0.166899963 -0.23759089 -0.197544379
v 0.176820889 -0.23759089 -0.181352848
v 0.144584718 -0.23759089 -0.22825863
v 0.144584718 -0.221085122 -0.22825863
v 0.144584718 -0.201699774 -0.22825863
v 0.132251428 -0.201699774 -0.242697515
v 0.119180835 -0.201699774 -0.256472543
v 0.119180835 -0.221085122 -0.256472462
v 0.119180835 -0.23759089 -0.256472543
v 0.132251428 -0.23759089 -0.242697515
v -0.0876008922 0.121949718 -0.313734978
v -0.0875750846 0.15269075 -0.313897533
v -0.0874979052 0.177310747 -0.3143852
v -0.0711125728 0.177310747 -0.311347365
v -0.0549082186 0.177310747 -0.30745796
v -0.0550359582 0.15269075 -0.306981087
v -0.0550785652 0.121949718 -0.306822183
v -0.071249402 0.121949718 -0.310703473
v -0.0234575576 0.121949718 -0.296547823
v -0.0233985571 0.15269075 -0.296701533
v -0.0232216369 0.177310747 -0.297162418
v -0.00782592182 0.177310747 -0.290784361
v 0.00721562806 0.177310747 -0.283610894
v 0.00699147496 0.15269075 -0.283170947
v 0.00691673021 0.121949718 -0.283024298
v -0.0080937369 0.121949718 -0.290182914
v 0.273626139 0.175724551 -0.057062872
v 0.295554594 0.17610282 -0.057062872
v 0.319451166 0.175415184 -0.057062872
v 0.320735867 0.183826201 -0.0589650083
v 0.322154556 0.192322675 -0.057062872
v 0.297240368 0.193187474 -0.057062872
v 0.274554321 0.192914952 -0.057062872
v 0.273966183 0.184278808 -0.0589650083
v 0.276266228 0.206783715 -0.0418461062
v 0.299335088 0.2069048 -0.0418461062
v 0.324797079 0.205868112 -0.0418461062
v 0.325788726 0.21002793 -0.0294824636
v 0.326450066 0.212494507 -0.0152167659
v 0.300922826 0.213652442 -0.0152167659
v 0.277837491 0.213699918 -0.0152167659
v 0.277158863 0.211108604 -0.0294824636
v 0.0357106656 0.121949718 -0.266400123
v 0.035800343 0.15269075 -0.26653817
v 0.0360692132 0.177310747 -0.266952228
v 0.0498023646 0.177310747 -0.257512639
v 0.063023827 0.177310747 -0.247368534
v 0.0627131615 0.15269075 -0.246984909
v 0.0626095252 0.121949718 -0.246857007
v 0.0494154936 0.121949718 -0.256980012
v 0.087317901 0.121949718 -0.224609528
v 0.0874342788 0.15269075 -0.224725905
v 0.0877833311 0.177310747 -0.225075039
v 0.099253851 0.177310747 -0.212986353
v 0.110077232 0.177310747 -0.200315129
v 0.109693607 0.15269075 -0.200004382
v 0.109565705 0.121949718 -0.199900827
v 0.0987646421 0.121949718 -0.212545838
v 0.24310577 -0.120338283 -0.057062872
v 0.235400893 -0.1198046 -0.0572835354
v 0.230847712 -0.119115017 -0.0579454444
v 0.230625344 -0.128656619 -0.0598769593
v 0.230450696 -0.138317602 -0.0579454444
v 0.235142086 -0.137724513 -0.0572835354
v 0.243102524 -0.137712259 -0.057062872
v 0.243099602 -0.128969638 -0.0589650083
v 0.243159171 -0.152113487 -0.0418461062
v 0.235057927 -0.152757136 -0.0420079314
v 0.230376276 -0.154358264 -0.0424933259
v 0.230457351 -0.159675773 -0.0299384796
v 0.230547678 -0.16298824 -0.0154521185
v 0.235128046 -0.160899769 -0.015275604
v 0.243243168 -0.159718948 -0.0152167659
v 0.2432047 -0.15681632 -0.0294824636
v 0.274809801 0.15641411 -0.0152167659
v 0.295402427 0.157195725 -0.0152167659
v 0.317567371 0.156781423 -0.0152167659
v 0.317625803 0.158863482 -0.0294824636
v 0.317880552 0.162553243 -0.0418461062
v 0.295028946 0.163077836 -0.0418461062
v 0.273899554 0.162511123 -0.0418461062
v 0.27437172 0.158636732 -0.0294824636
v 0.129108578 0.121949718 -0.173002292
v 0.129246624 0.15269075 -0.17309197
v 0.129660682 0.177310747 -0.173360921
v 0.138367026 0.177310747 -0.159151546
v 0.146319511 0.177310747 -0.144506849
v 0.145879645 0.15269075 -0.144282777
v 0.145732996 0.121949718 -0.144208032
v 0.137796986 0.121949718 -0.158822377
v 0.243130198 -0.100336067 -0.0152167659
v 0.235789144 -0.0988317582 -0.015275604
v 0.231608225 -0.0965921748 -0.0154521185
v 0.231484219 -0.0993676318 -0.0299384796
v 0.231303241 -0.104028913 -0.0424933259
v 0.23565134 -0.105750801 -0.0420079314
v 0.243122488 -0.106827986 -0.0418461062
v 0.243127358 -0.102737638 -0.0294824636
v 0.159256278 0.121949718 -0.11383415
v 0.159409987 0.15269075 -0.113893151
v 0.159870873 0.177310747 -0.114070071
v 0.165432743 0.177310747 -0.0983610934
v 0.170166577 0.177310747 -0.0823830023
v 0.169689704 0.15269075 -0.0822552627
v 0.169530719 0.121949718 -0.0822126557
v 0.164806704 0.121949718 -0.0981576351
v -0.406162384 -0.225368134 -0.0140908064
v -0.418777205 -0.223162393 -0.0147519038
v -0.429448094 -0.21873687 -0.0153111504
v -0.428245523 -0.21873687 -0.0305805054
v -0.426247136 -0.21873687 -0.0457661885
v -0.415693193 -0.223162393 -0.0440946166
v -0.403216581 -0.225368134 -0.0421185471
v -0.40505574 -0.225368134 -0.0281431447
v -0.397357355 -0.225368134 -0.0696843475
v -0.409558929 -0.223162393 -0.0729537203
v -0.41988036 -0.21873687 -0.0757193574
v -0.41552942 -0.21873687 -0.0904049567
v -0.410417398 -0.21873687 -0.104843355
v -0.400441611 -0.223162393 -0.101014005
v -0.388648577 -0.225368134 -0.0964870371
v -0.393353114 -0.225368134 -0.0831995137
v -0.377186091 -0.225368134 -0.122232263
v -0.388441304 -0.223162393 -0.127967077
v -0.397962211 -0.21873687 -0.132818263
v -0.39065297 -0.21873687 -0.146278324
v -0.382650817 -0.21873687 -0.159338367
v -0.373689157 -0.223162393 -0.153518583
v -0.363095041 -0.225368134 -0.146638657
v -0.370459388 -0.225368134 -0.134619603
v -0.346530273 -0.225368134 -0.169438079
v -0.356347238 -0.223162393 -0.177387724
v -0.364651453 -0.21873687 -0.184112317
v -0.354703502 -0.21873687 -0.195758621
v -0.34416084 -0.21873687 -0.206869538
v -0.336604965 -0.223162393 -0.199313663
v -0.327672764 -0.225368134 -0.190381462
v -0.337375136 -0.225368134 -0.18015612
v -0.306729706 -0.225368134 -0.209238646
v -0.31467935 -0.223162393 -0.219055611
v -0.321403943 -0.21873687 -0.227359826
v -0.309251956 -0.21873687 -0.236683362
v -0.296629588 -0.21873687 -0.245359515
v -0.290809885 -0.223162393 -0.236397855
v -0.283929959 -0.225368134 -0.225803658
v -0.295546316 -0.225368134 -0.217819036
v -0.25952389 -0.225368134 -0.239894465
v -0.265258784 -0.223162393 -0.251149759
v -0.270109889 -0.21873687 -0.260670666
v -0.256285032 -0.21873687 -0.267263867
v -0.242134575 -0.21873687 -0.273126015
v -0.238305226 -0.223162393 -0.263150228
v -0.233778339 -0.225368134 -0.251357193
v -0.246800888 -0.225368134 -0.24596218
v -0.206975974 -0.225368134 -0.260065809
v -0.210245428 -0.223162393 -0.272267383
v -0.213011065 -0.21873687 -0.282588895
v -0.198117463 -0.21873687 -0.286163659
v -0.183057409 -0.21873687 -0.288955671
v -0.181385838 -0.223162393 -0.278401728
v -0.179409768 -0.225368134 -0.265925198
v -0.193269442 -0.225368134 -0.263355634
v -0.151382514 -0.225368134 -0.26887092
v -0.152043612 -0.223162393 -0.281485741
v -0.152602858 -0.21873687 -0.29215663
v -0.137291464 -0.21873687 -0.292556729
v -0.121980071 -0.21873687 -0.29215663
v -0.122539317 -0.223162393 -0.281485741
v -0.123200415 -0.225368134 -0.26887092
v -0.137291464 -0.225368134 -0.269239206
v -0.0951731607 -0.225368134 -0.265925198
v -0.0931970912 -0.223162393 -0.278401728
v -0.0915255193 -0.21873687 -0.288955671
v -0.0764654659 -0.21873687 -0.286163659
v -0.0615718635 -0.21873687 -0.282588895
v -0.0643375006 -0.223162393 -0.272267383
v -0.0676069546 -0.225368134 -0.260065809
v -0.0813134869 -0.225368134 -0.263355634
v -0.0408045895 -0.225368134 -0.251357193
v -0.0362777031 -0.223162393 -0.263150228
v -0.0324483533 -0.21873687 -0.273126015
v -0.0182978972 -0.21873687 -0.267263867
v -0.00447303934 -0.21873687 -0.260670666
v -0.0093241443 -0.223162393 -0.251149759
v -0.0150589579 -0.225368134 -0.239894465
v -0.0277820407 -0.225368134 -0.24596218
v 0.00934703032 -0.225368134 -0.225803658
v 0.0162269562 -0.223162393 -0.236397855
v 0.0220466591 -0.21873687 -0.245359515
v 0.0346690272 -0.21873687 -0.236683362
v 0.0468210147 -0.21873687 -0.227359826
v 0.0400964215 -0.223162393 -0.219055611
v 0.0321467773 -0.225368134 -0.209238646
v 0.0209633876 -0.225368134 -0.217819036
v 0.0530898353 -0.225368134 -0.190381462
v 0.0620220363 -0.223162393 -0.199313663
v 0.0695779113 -0.21873687 -0.206869538
v 0.0801205736 -0.21873687 -0.195758621
v 0.0900685241 -0.21873687 -0.184112317
v 0.0817643089 -0.223162393 -0.177387724
v 0.0719473443 -0.225368134 -0.169438079
v 0.0627922076 -0.225368134 -0.18015612
v 0.0885121127 -0.225368134 -0.146638657
v 0.099106228 -0.223162393 -0.153518583
v 0.108067889 -0.21873687 -0.159338367
v 0.116070041 -0.21873687 -0.146278324
v 0.123379283 -0.21873687 -0.132818263
v 0.113858375 -0.223162393 -0.127967077
v 0.102603163 -0.225368134 -0.122232263
v 0.0958764593 -0.225368134 -0.134619603
v 0.114065648 -0.225368134 -0.0964870371
v 0.125858682 -0.223162393 -0.101014005
v 0.135834469 -0.21873687 -0.104843355
v 0.140946491 -0.21873687 -0.0904050378
v 0.145297431 -0.21873687 -0.0757193574
v 0.134976 -0.223162393 -0.0729537203
v 0.122774426 -0.225368134 -0.0696843475
v 0.118770185 -0.225368134 -0.0831995137
v 0.128633652 -0.225368134 -0.0421185471
v 0.141110264 -0.223162393 -0.0440946166
v 0.151664207 -0.21873687 -0.0457661885
v 0.153662594 -0.21873687 -0.0305805054
v 0.154865165 -0.21873687 -0.0153111504
v 0.144194276 -0.223162393 -0.0147519038
v 0.131579537 -0.225368134 -0.0140908064
v 0.130472811 -0.225368134 -0.0281431447
v -0.489927313 -0.286825689 -0.0558521856
v -0.491897945 -0.283564757 -0.0561643119
v -0.493405662 -0.279813804 -0.0564030731
v -0.495868506 -0.279813804 -0.037687993
v -0.497350578 -0.279813804 -0.0188697636
v -0.495826143 -0.283564757 -0.0187898248
v -0.493833761 -0.286825689 -0.0186854581
v -0.492366134 -0.286825689 -0.037319869
v -0.47060908 -0.286825689 -0.127948816
v -0.472471694 -0.283564757 -0.128663802
v -0.473896795 -0.279813804 -0.129210875
v -0.480196941 -0.279813804 -0.111416754
v -0.485559086 -0.279813804 -0.093317892
v -0.484084643 -0.283564757 -0.0929228242
v -0.48215751 -0.286825689 -0.092406428
v -0.476847711 -0.286825689 -0.110328532
v -0.43672325 -0.286825689 -0.194453469
v -0.438396526 -0.283564757 -0.195540067
v -0.439676682 -0.279813804 -0.19637143
v -0.44953877 -0.279813804 -0.180276069
v -0.45854677 -0.279813804 -0.163687603
v -0.457186676 -0.283564757 -0.162994611
v -0.455408952 -0.286825689 -0.162088828
v -0.446488924 -0.286825689 -0.178515306
v -0.389750757 -0.286825689 -0.252459537
v -0.391161575 -0.283564757 -0.253870273
v -0.392240951 -0.279813804 -0.25494973
v -0.405233878 -0.279813804 -0.241256426
v -0.417493965 -0.279813804 -0.226903323
v -0.416307707 -0.283564757 -0.225942679
v -0.414757138 -0.286825689 -0.224687113
v -0.402616837 -0.286825689 -0.238900059
v -0.331744608 -0.286825689 -0.299431948
v -0.332831288 -0.283564757 -0.301105224
v -0.333662651 -0.279813804 -0.30238538
v -0.34921865 -0.279813804 -0.291692823
v -0.364195031 -0.279813804 -0.280202338
v -0.363234386 -0.283564757 -0.27901608
v -0.361978821 -0.286825689 -0.277465512
v -0.347148764 -0.286825689 -0.288843757
v -0.265239956 -0.286825689 -0.333317697
v -0.265955022 -0.283564757 -0.335180311
v -0.266502014 -0.279813804 -0.336605411
v -0.28394124 -0.279813804 -0.329380734
v -0.30097931 -0.279813804 -0.321255144
v -0.300286319 -0.283564757 -0.319895049
v -0.299380536 -0.286825689 -0.318117325
v -0.282508835 -0.286825689 -0.326163626
v -0.193143325 -0.286825689 -0.352635929
v -0.193455452 -0.283564757 -0.35460648
v -0.193694294 -0.279813804 -0.356114198
v -0.212254447 -0.279813804 -0.35267318
v -0.2306096 -0.279813804 -0.348267541
v -0.230214532 -0.283564757 -0.346793097
v -0.229698136 -0.286825689 -0.344865965
v -0.211522257 -0.286825689 -0.34922851
v -0.118605763 -0.286825689 -0.356542296
v -0.118501315 -0.283564757 -0.358534678
v -0.118421457 -0.279813804 -0.360059114
v -0.137291464 -0.279813804 -0.360552137
v -0.156161471 -0.279813804 -0.360059033
v -0.156081614 -0.283564757 -0.358534597
v -0.155977166 -0.286825689 -0.356542296
v -0.137291464 -0.286825689 -0.357030531
v -0.0448847929 -0.286825689 -0.344865965
v -0.0443683967 -0.283564757 -0.346793097
v -0.0439733289 -0.279813804 -0.348267541
v -0.0623284817 -0.279813804 -0.35267318
v -0.0808886348 -0.279813804 -0.356114198
v -0.0811274771 -0.283564757 -0.354606561
v -0.0814396034 -0.286825689 -0.352635929
v -0.0630606719 -0.286825689 -0.349228591
v 0.0247976069 -0.286825689 -0.318117406
v 0.0257033899 -0.283564757 -0.319895049
v 0.0263963817 -0.279813804 -0.321255144
v 0.00935831101 -0.279813804 -0.329380816
v -0.00808091424 -0.279813804 -0.336605493
v -0.00862790625 -0.283564757 -0.335180392
v -0.00934289136 -0.286825689 -0.333317778
v 0.00792590612 -0.286825689 -0.326163626
v 0.087395892 -0.286825689 -0.277465512
v 0.0886514577 -0.283564757 -0.27901608
v 0.0896121023 -0.279813804 -0.280202338
v 0.0746357208 -0.279813804 -0.291692823
v 0.0590797225 -0.279813804 -0.30238538
v 0.0582483595 -0.283564757 -0.301105224
v 0.0571616796 -0.286825689 -0.299431948
v 0.0725658348 -0.286825689 -0.288843757
v 0.14017421 -0.286825689 -0.224687113
v 0.141724778 -0.283564757 -0.225942679
v 0.142911036 -0.279813804 -0.226903323
v 0.130650949 -0.279813804 -0.241256426
v 0.117658022 -0.279813804 -0.25494973
v 0.116578646 -0.283564757 -0.253870273
v 0.115167829 -0.286825689 -0.252459537
v 0.128033909 -0.286825689 -0.238900059
v 0.180826023 -0.286825689 -0.162088828
v 0.182603747 -0.283564757 -0.162994611
v 0.183963842 -0.279813804 -0.163687603
v 0.174955841 -0.279813804 -0.180276069
v 0.165093754 -0.279813804 -0.19637143
v 0.163813597 -0.283564757 -0.195540067
v 0.162140321 -0.286825689 -0.194453469
v 0.171905995 -0.286825689 -0.178515225
v 0.207574581 -0.286825689 -0.092406428
v 0.209501714 -0.283564757 -0.0929228242
v 0.210976158 -0.279813804 -0.093317892
v 0.205614013 -0.279813804 -0.111416754
v 0.199313866 -0.279813804 -0.129210875
v 0.197888765 -0.283564757 -0.128663802
v 0.196026152 -0.286825689 -0.127948816
v 0.202264782 -0.286825689 -0.110328532
v 0.219250832 -0.286825689 -0.0186854581
v 0.221243214 -0.283564757 -0.0187898248
v 0.22276765 -0.279813804 -0.0188697636
v 0.221285577 -0.279813804 -0.037687993
v 0.218822734 -0.279813804 -0.0564030731
v 0.217315016 -0.283564757 -0.0561643119
v 0.215344465 -0.286825689 -0.0558521856
v 0.217783205 -0.286825689 -0.037319869
v -0.453835335 -0.0764294326 -0.0165892776
v -0.454335257 -0.022266024 -0.0166154098
v -0.45450187 0.0327323996 -0.0166241747
v -0.45319615 0.0327323996 -0.033202902
v -0.451026361 0.0327323996 -0.0496908968
v -0.450861614 -0.022266024 -0.0496647645
v -0.450367211 -0.0764294326 -0.0495864489
v -0.452532374 -0.0764294326 -0.0331331889
v -0.443469025 -0.0764294326 -0.0820398744
v -0.443952553 -0.022266024 -0.0821694807
v -0.444113648 0.0327323996 -0.0822126557
v -0.439389633 0.0327323996 -0.0981576351
v -0.433839206 0.0327323996 -0.11383415
v -0.433683468 -0.022266024 -0.113774419
v -0.433216171 -0.0764294326 -0.113594983
v -0.43875483 -0.0764294326 -0.0979514175
v -0.419721294 -0.0764294326 -0.143904995
v -0.420167328 -0.022266024 -0.144132314
v -0.420315924 0.0327323996 -0.144208032
v -0.412379914 0.0327323996 -0.158822377
v -0.403691506 0.0327323996 -0.173002373
v -0.403551593 -0.022266024 -0.172911479
v -0.403131773 -0.0764294326 -0.172638875
v -0.411801921 -0.0764294326 -0.158488744
v -0.383629966 -0.0764294326 -0.199480845
v -0.384018947 -0.022266024 -0.199795811
v -0.384148634 0.0327323996 -0.199900827
v -0.373347571 0.0327323996 -0.212545838
v -0.36190083 0.0327323996 -0.224609528
v -0.361782829 -0.022266024 -0.224491527
v -0.361428826 -0.0764294326 -0.224137605
v -0.372851545 -0.0764294326 -0.212099236
v -0.336772471 -0.0764294326 -0.246338339
v -0.337087519 -0.022266024 -0.246727401
v -0.337192454 0.0327323996 -0.246857007
v -0.323998422 0.0327323996 -0.256980012
v -0.310293594 0.0327323996 -0.266400204
v -0.310202781 -0.022266024 -0.266260291
v -0.309930096 -0.0764294326 -0.265840471
v -0.323606114 -0.0764294326 -0.25644008
v -0.281196703 -0.0764294326 -0.282429667
v -0.28142394 -0.022266024 -0.282875701
v -0.28149974 0.0327323996 -0.283024298
v -0.266489273 0.0327323996 -0.290182995
v -0.251125371 0.0327323996 -0.296547823
v -0.251065559 -0.022266024 -0.296392166
v -0.250886204 -0.0764294326 -0.295924788
v -0.266217806 -0.0764294326 -0.289573269
v -0.219331582 -0.0764294326 -0.306177479
v -0.219461189 -0.022266024 -0.306661007
v -0.219504364 0.0327323996 -0.306822183
v -0.203333527 0.0327323996 -0.310703473
v -0.186982037 0.0327323996 -0.313734978
v -0.186955985 -0.022266024 -0.313570231
v -0.18687767 -0.0764294326 -0.313075747
v -0.20319475 -0.0764294326 -0.310050654
v -0.153880985 -0.0764294326 -0.316543871
v -0.153907118 -0.022266024 -0.317043792
v -0.153915883 0.0327323996 -0.317210406
v -0.137291464 0.0327323996 -0.317644834
v -0.120667046 0.0327323996 -0.317210406
v -0.120675811 -0.022266024 -0.317043792
v -0.120701943 -0.0764294326 -0.316543871
v -0.137291464 -0.0764294326 -0.316977407
v -0.087705259 -0.0764294326 -0.313075747
v -0.0876269433 -0.022266024 -0.313570231
v -0.0876008922 0.0327323996 -0.313734978
v -0.071249402 0.0327323996 -0.310703473
v -0.0550785652 0.0327323996 -0.306822183
v -0.0551217402 -0.022266024 -0.306661007
v -0.0552513465 -0.0764294326 -0.306177479
v -0.0713881789 -0.0764294326 -0.310050654
v -0.0236967246 -0.0764294326 -0.295924788
v -0.0235173696 -0.022266024 -0.296392166
v -0.0234575576 0.0327323996 -0.296547823
v -0.00809365574 0.0327323996 -0.290182995
v 0.00691681136 0.0327323996 -0.283024379
v 0.00684101158 -0.022266024 -0.282875701
v 0.00661377454 -0.0764294326 -0.282429667
v -0.00836512285 -0.0764294326 -0.289573269
v 0.0353471675 -0.0764294326 -0.265840471
v 0.0356198519 -0.022266024 -0.266260291
v 0.0357106656 0.0327323996 -0.266400204
v 0.0494154936 0.0327323996 -0.256980012
v 0.0626095252 0.0327323996 -0.246857007
v 0.0625045904 -0.022266024 -0.246727401
v 0.0621895425 -0.0764294326 -0.246338339
v 0.0490231851 -0.0764294326 -0.25644008
v 0.0868459783 -0.0764294326 -0.224137605
v 0.0871999812 -0.022266024 -0.224491608
v 0.087317901 0.0327323996 -0.224609528
v 0.0987646421 0.0327323996 -0.212545838
v 0.109565705 0.0327323996 -0.199900827
v 0.109436018 -0.022266024 -0.199795811
v 0.109047037 -0.0764294326 -0.199480845
v 0.0982686161 -0.0764294326 -0.212099236
v 0.128548844 -0.0764294326 -0.172638875
v 0.128968664 -0.022266024 -0.172911479
v 0.129108578 0.0327323996 -0.173002373
v 0.137796986 0.0327323996 -0.158822377
v 0.145732996 0.0327323996 -0.144208032
v 0.145584399 -0.022266024 -0.144132314
v 0.145138365 -0.0764294326 -0.143904995
v 0.137218992 -0.0764294326 -0.158488744
v 0.158633242 -0.0764294326 -0.113594983
v 0.159100539 -0.022266024 -0.113774338
v 0.159256278 0.0327323996 -0.11383415
v 0.164806704 0.0327323996 -0.0981576351
v 0.169530719 0.0327323996 -0.0822126557
v 0.169369624 -0.022266024 -0.0821694807
v 0.168886096 -0.0764294326 -0.0820398744
v 0.164171902 -0.0764294326 -0.0979514175
v 0.175784282 -0.0764294326 -0.0495864489
v 0.176278685 -0.022266024 -0.0496647645
v 0.176443432 0.0327323996 -0.0496908968
v 0.178613221 0.0327323996 -0.033202902
v 0.179918941 0.0327323996 -0.0166241747
v 0.179752328 -0.022266024 -0.0166154098
v 0.179252406 -0.0764294326 -0.0165892776
v 0.177949445 -0.0764294326 -0.0331331889
v -0.495532682 0.238681059 -0.056739952
v -0.495532682 0.251050708 -0.056739952
v -0.495532682 0.260632969 -0.056739952
v -0.498010296 0.260632969 -0.0379130388
v -0.499501134 0.260632969 -0.0189824894
v -0.499501134 0.251050708 -0.0189824894
v -0.499501134 0.238681141 -0.0189824894
v -0.498010296 0.238681141 -0.0379130388
v -0.475907355 0.238681059 -0.129982588
v -0.475907355 0.251050708 -0.129982588
v -0.475907355 0.260632969 -0.129982588
v -0.482245078 0.260632969 -0.112082234
v -0.48763936 0.260632969 -0.093875272
v -0.48763936 0.251050708 -0.093875272
v -0.48763936 0.238681141 -0.093875272
v -0.482245078 0.238681141 -0.112082234
v -0.441482811 0.238681059 -0.197544379
v -0.441482811 0.251050708 -0.197544379
v -0.441482811 0.260632969 -0.197544379
v -0.451403818 0.260632969 -0.181352848
v -0.460465625 0.260632969 -0.16466529
v -0.460465625 0.251050708 -0.16466529
v -0.460465625 0.238681141 -0.16466529
v -0.451403818 0.238681141 -0.181352848
v -0.393763764 0.238681059 -0.256472462
v -0.393763764 0.251050708 -0.256472462
v -0.393763764 0.260632969 -0.256472543
v -0.406834357 0.260632969 -0.242697515
v -0.419167647 0.260632969 -0.22825863
v -0.419167647 0.251050708 -0.22825863
v -0.419167647 0.238681141 -0.22825863
v -0.406834357 0.238681141 -0.242697515
v -0.3348356 0.238681059 -0.30419159
v -0.3348356 0.251050708 -0.30419159
v -0.3348356 0.260632969 -0.30419159
v -0.350484522 0.260632969 -0.293435081
v -0.365550338 0.260632969 -0.28187602
v -0.365550338 0.251050708 -0.28187602
v -0.365550338 0.238681141 -0.28187602
v -0.350484522 0.238681141 -0.293435081
v -0.267273809 0.238681059 -0.338615972
v -0.267273809 0.251050708 -0.338615972
v -0.267273809 0.260632969 -0.338615972
v -0.284817157 0.260632969 -0.33134812
v -0.301956998 0.260632969 -0.323173998
v -0.301956998 0.251050708 -0.323173998
v -0.301956998 0.238681141 -0.323173998
v -0.284817157 0.238681141 -0.33134812
v -0.194031173 0.238681059 -0.358241218
v -0.194031173 0.251050708 -0.358241218
v -0.194031173 0.260632969 -0.358241218
v -0.212702185 0.260632969 -0.354779667
v -0.231167061 0.260632969 -0.350347734
v -0.231167061 0.251050708 -0.350347734
v -0.231167061 0.238681141 -0.350347734
v -0.212702185 0.238681141 -0.354779667
v -0.118308732 0.238681059 -0.362209669
v -0.118308732 0.251050708 -0.362209669
v -0.118308732 0.260632969 -0.362209669
v -0.137291464 0.260632969 -0.362705695
v -0.156274197 0.260632969 -0.362209669
v -0.156274197 0.251050708 -0.362209669
v -0.156274197 0.238681141 -0.362209669
v -0.137291464 0.238681141 -0.362705695
v -0.0434158677 0.238681059 -0.350347734
v -0.0434158677 0.251050708 -0.350347734
v -0.0434158677 0.260632969 -0.350347734
v -0.0618807436 0.260632969 -0.354779667
v -0.0805517559 0.260632969 -0.358241218
v -0.0805517559 0.251050708 -0.358241218
v -0.0805517559 0.238681141 -0.358241218
v -0.0618807436 0.238681141 -0.354779667
v 0.0273740691 0.238681059 -0.323173998
v 0.0273740691 0.251050708 -0.323173998
v 0.0273740691 0.260632969 -0.323173998
v 0.0102342286 0.260632969 -0.33134812
v -0.00730911987 0.260632969 -0.338615972
v -0.00730911987 0.251050708 -0.338615972
v -0.00730911987 0.238681141 -0.338615972
v 0.0102342286 0.238681141 -0.33134812
v 0.0909674089 0.238681059 -0.28187602
v 0.0909674089 0.251050708 -0.28187602
v 0.0909674089 0.260632969 -0.28187602
v 0.0759015934 0.260632969 -0.293435081
v 0.0602526714 0.260632969 -0.30419159
v 0.0602526714 0.251050708 -0.30419159
v 0.0602526714 0.238681141 -0.30419159
v 0.0759015934 0.238681141 -0.293435081
v 0.144584718 0.238681059 -0.22825863
v 0.144584718 0.251050708 -0.22825863
v 0.144584718 0.260632969 -0.22825863
v 0.132251428 0.260632969 -0.242697515
v 0.119180835 0.260632969 -0.256472462
v 0.119180835 0.251050708 -0.256472462
v 0.119180835 0.238681141 -0.256472543
v 0.132251428 0.238681141 -0.242697515
v 0.185882696 0.238681059 -0.16466529
v 0.185882696 0.251050708 -0.16466529
v 0.185882696 0.260632969 -0.16466529
v 0.176820889 0.260632969 -0.181352848
v 0.166899963 0.260632969 -0.197544379
v 0.166899963 0.251050708 -0.197544379
v 0.166899963 0.238681141 -0.197544379
v 0.176820889 0.238681141 -0.181352848
v 0.213334066 0.239696647 -0.0936490089
v 0.21312582 0.251760904 -0.0938187062
v 0.213056431 0.261152368 -0.093875272
v 0.207662149 0.2607629 -0.112082234
v 0.201324427 0.260632969 -0.129982588
v 0.201324427 0.251050708 -0.129982588
v 0.201324427 0.238681141 -0.129982588
v 0.207731618 0.238934997 -0.112025668
v 0.224982399 0.251612226 -0.0187471367
v 0.224934274 0.258846642 -0.0189236512
v 0.224918205 0.265826715 -0.0189824894
v 0.223427368 0.264658148 -0.0379130388
v 0.220949753 0.263229882 -0.056739952
v 0.221034724 0.255004064 -0.056624548
v 0.221289716 0.245368158 -0.0562783362
v 0.223590572 0.249257077 -0.0375034441
v 0.0909674089 -0.23759089 -0.28187602
v 0.0909674089 -0.221085122 -0.28187602
v 0.0909674089 -0.201699774 -0.28187602
v 0.0759015934 -0.201699774 -0.293435081
v 0.0602526714 -0.201699774 -0.30419159
v 0.0602526714 -0.221085122 -0.30419159
v 0.0602526714 -0.23759089 -0.30419159
v 0.0759015934 -0.23759089 -0.293435081
v 0.17658578 -0.158966956 -0.0164494456
v 0.173833047 -0.183741068 -0.0163052313
v 0.169574949 -0.200480079 -0.016082052
v 0.168311836 -0.200480079 -0.0321201987
v 0.166212815 -0.200480079 -0.0480704532
v 0.170424329 -0.183741068 -0.0487374751
v 0.173146872 -0.158966956 -0.0491687385
v 0.175293856 -0.158966956 -0.032854012
v 0.166306794 -0.158966956 -0.0813487492
v 0.163644225 -0.183741068 -0.0806353061
v 0.159525553 -0.200480079 -0.0795317456
v 0.154955492 -0.200480079 -0.094956758
v 0.149586124 -0.200480079 -0.110122071
v 0.153566911 -0.183741068 -0.111650159
v 0.15614029 -0.158966956 -0.112638072
v 0.161632365 -0.158966956 -0.0971262225
v 0.142759112 -0.158966956 -0.142692767
v 0.140303004 -0.183741068 -0.14144134
v 0.136503763 -0.200480079 -0.139505524
v 0.12882656 -0.200480079 -0.15364332
v 0.120421468 -0.200480079 -0.167360889
v 0.12399753 -0.183741068 -0.169683252
v 0.126309342 -0.158966956 -0.171184477
v 0.134906531 -0.158966956 -0.157153564
v 0.106971795 -0.158966956 -0.197800345
v 0.104829599 -0.183741068 -0.196065634
v 0.101515833 -0.200480079 -0.193382208
v 0.0910669874 -0.200480079 -0.205614946
v 0.0799935643 -0.200480079 -0.217285191
v 0.083008594 -0.183741068 -0.220300302
v 0.0849578009 -0.158966956 -0.222249428
v 0.0962842687 -0.158966956 -0.210312504
v 0.0605090434 -0.158966956 -0.244263097
v 0.0587743321 -0.183741068 -0.242120901
v 0.0560909062 -0.200480079 -0.238807135
v 0.043327083 -0.200480079 -0.248600159
v 0.0300691815 -0.200480079 -0.257713095
v 0.032391544 -0.183741068 -0.261289156
v 0.0338928504 -0.158966956 -0.263600969
v 0.0474536264 -0.158966956 -0.254279786
v 0.00540146495 -0.158966956 -0.280050414
v 0.00415003812 -0.183741068 -0.277594388
v 0.00221422204 -0.200480079 -0.273795147
v -0.0123067116 -0.200480079 -0.280720358
v -0.0271695558 -0.200480079 -0.28687767
v -0.0256414678 -0.183741068 -0.290858457
v -0.024653636 -0.158966956 -0.293431835
v -0.00945123473 -0.158966956 -0.287133798
v -0.0559424717 -0.158966956 -0.303598177
v -0.0566559148 -0.183741068 -0.300935608
v -0.0577594753 -0.200480079 -0.296816937
v -0.0734029598 -0.200480079 -0.300571704
v -0.0892212546 -0.200480079 -0.303504279
v -0.0885542328 -0.183741068 -0.307715793
v -0.0881229693 -0.158966956 -0.310438417
v -0.0719433677 -0.158966956 -0.307438726
v -0.120841694 -0.158966956 -0.313877244
v -0.12098599 -0.183741068 -0.311124511
v -0.121209169 -0.200480079 -0.306866413
v -0.137291464 -0.200480079 -0.30728664
v -0.15337376 -0.200480079 -0.306866413
v -0.153596939 -0.183741068 -0.311124511
v -0.153741235 -0.158966956 -0.313877244
v -0.137291464 -0.158966956 -0.314307128
v -0.186459959 -0.158966956 -0.310438417
v -0.186028696 -0.183741068 -0.307715793
v -0.185361674 -0.200480079 -0.30350436
v -0.201179969 -0.200480079 -0.300571704
v -0.216823453 -0.200480079 -0.296816937
v -0.217927014 -0.183741068 -0.300935608
v -0.218640457 -0.158966956 -0.303598177
v -0.202639561 -0.158966956 -0.307438726
v -0.249929293 -0.158966956 -0.293431835
v -0.248941461 -0.183741068 -0.290858457
v -0.247413373 -0.200480079 -0.28687767
v -0.262276217 -0.200480079 -0.280720358
v -0.276797232 -0.200480079 -0.273795147
v -0.278732967 -0.183741068 -0.277594388
v -0.279984394 -0.158966956 -0.280050414
v -0.265131694 -0.158966956 -0.287133798
v -0.308475779 -0.158966956 -0.263600969
v -0.306974473 -0.183741068 -0.261289156
v -0.30465211 -0.200480079 -0.257713095
v -0.317910012 -0.200480079 -0.248600159
v -0.330673835 -0.200480079 -0.238807217
v -0.333357261 -0.183741068 -0.242120901
v -0.335091972 -0.158966956 -0.244263097
v -0.322036555 -0.158966956 -0.254279786
v -0.35954073 -0.158966956 -0.222249428
v -0.357591523 -0.183741068 -0.220300302
v -0.354576493 -0.200480079 -0.217285191
v -0.365649916 -0.200480079 -0.205614946
v -0.376098762 -0.200480079 -0.193382208
v -0.379412527 -0.183741068 -0.196065634
v -0.381554723 -0.158966956 -0.197800345
v -0.370867197 -0.158966956 -0.210312504
v -0.400892271 -0.158966956 -0.171184477
v -0.398580458 -0.183741068 -0.169683252
v -0.395004397 -0.200480079 -0.167360889
v -0.403409489 -0.200480079 -0.15364332
v -0.411086692 -0.200480079 -0.139505524
v -0.414885933 -0.183741068 -0.14144134
v -0.417342041 -0.158966956 -0.142692767
v -0.409489459 -0.158966956 -0.157153564
v -0.430723218 -0.158966956 -0.112638072
v -0.428149759 -0.183741068 -0.111650159
v -0.424169053 -0.200480079 -0.110122152
v -0.429538421 -0.200480079 -0.0949568392
v -0.434108482 -0.200480079 -0.0795317456
v -0.438227153 -0.183741068 -0.0806353872
v -0.440889722 -0.158966956 -0.0813487492
v -0.436215294 -0.158966956 -0.0971262225
v -0.495532682 0.145396766 -0.056739952
v -0.495532682 0.176173669 -0.056739952
v -0.495532682 0.201826702 -0.056739952
v -0.498010296 0.201826702 -0.0379130388
v -0.499501134 0.201826702 -0.0189824894
v -0.499501134 0.176173669 -0.0189824894
v -0.499501134 0.145396766 -0.0189824894
v -0.498010296 0.145396766 -0.0379130388
v -0.475907355 0.145396766 -0.129982588
v -0.475907355 0.176173669 -0.129982588
v -0.475907355 0.201826702 -0.129982588
v -0.482245078 0.201826702 -0.112082234
v -0.48763936 0.201826702 -0.093875272
v -0.48763936 0.176173669 -0.093875272
v -0.48763936 0.145396766 -0.093875272
v -0.482245078 0.145396766 -0.112082234
v -0.441482811 0.145396766 -0.197544379
v -0.441482811 0.176173669 -0.197544379
v -0.441482811 0.201826702 -0.197544379
v -0.451403818 0.201826702 -0.181352848
v -0.460465625 0.201826702 -0.16466529
v -0.460465625 0.176173669 -0.16466529
v -0.460465625 0.145396766 -0.16466529
v -0.451403818 0.145396766 -0.181352848
v -0.393763764 0.145396766 -0.256472462
v -0.393763764 0.176173669 -0.256472462
v -0.393763764 0.201826702 -0.256472543
v -0.406834357 0.201826702 -0.242697515
v -0.419167647 0.201826702 -0.22825863
v -0.419167647 0.176173669 -0.22825863
v -0.419167647 0.145396766 -0.22825863
v -0.406834357 0.145396766 -0.242697515
v -0.3348356 0.145396766 -0.30419159
v -0.3348356 0.176173669 -0.30419159
v -0.3348356 0.201826702 -0.30419159
v -0.350484522 0.201826702 -0.293435081
v -0.365550338 0.201826702 -0.28187602
v -0.365550338 0.176173669 -0.28187602
v -0.365550338 0.145396766 -0.28187602
v -0.350484522 0.145396766 -0.293435081
v -0.267273809 0.145396766 -0.338615972
v -0.267273809 0.176173669 -0.338615972
v -0.267273809 0.201826702 -0.338615972
v -0.284817157 0.201826702 -0.33134812
v -0.301956998 0.201826702 -0.323173998
v -0.301956998 0.176173669 -0.323173998
v -0.301956998 0.145396766 -0.323173998
v -0.284817157 0.145396766 -0.33134812
v -0.194031173 0.145396766 -0.358241218
v -0.194031173 0.176173669 -0.358241218
v -0.194031173 0.201826702 -0.358241218
v -0.212702185 0.201826702 -0.354779667
v -0.231167061 0.201826702 -0.350347734
v -0.231167061 0.176173669 -0.350347734
v -0.231167061 0.145396766 -0.350347734
v -0.212702185 0.145396766 -0.354779667
v -0.118308732 0.145396766 -0.362209669
v -0.118308732 0.176173669 -0.362209669
v -0.118308732 0.201826702 -0.362209669
v -0.137291464 0.201826702 -0.362705695
v -0.156274197 0.201826702 -0.362209669
v -0.156274197 0.176173669 -0.362209669
v -0.156274197 0.145396766 -0.362209669
v -0.137291464 0.145396766 -0.362705695
v -0.0434158677 0.145396766 -0.350347734
v -0.0434158677 0.176173669 -0.350347734
v -0.0434158677 0.201826702 -0.350347734
v -0.0618807436 0.201826702 -0.354779667
v -0.0805517559 0.201826702 -0.358241218
v -0.0805517559 0.176173669 -0.358241218
v -0.0805517559 0.145396766 -0.358241218
v -0.0618807436 0.145396766 -0.354779667
v 0.0273740691 0.145396766 -0.323173998
v 0.0273740691 0.176173669 -0.323173998
v 0.0273740691 0.201826702 -0.323173998
v 0.0102342286 0.201826702 -0.33134812
v -0.00730911987 0.201826702 -0.338615972
v -0.00730911987 0.176173669 -0.338615972
v -0.00730911987 0.145396766 -0.338615972
v 0.0102342286 0.145396766 -0.33134812
v 0.0909674089 0.145396766 -0.28187602
v 0.0909674089 0.176173669 -0.28187602
v 0.0909674089 0.201826702 -0.28187602
v 0.0759015934 0.201826702 -0.293435081
v 0.0602526714 0.201826702 -0.30419159
v 0.0602526714 0.176173669 -0.30419159
v 0.0602526714 0.145396766 -0.30419159
v 0.0759015934 0.145396766 -0.293435081
v 0.144584718 0.145396766 -0.22825863
v 0.144584718 0.176173669 -0.22825863
v 0.144584718 0.201826702 -0.22825863
v 0.132251428 0.201826702 -0.242697515
v 0.119180835 0.201826702 -0.256472462
v 0.119180835 0.176173669 -0.256472462
v 0.119180835 0.145396766 -0.256472543
v 0.132251428 0.145396766 -0.242697515
v 0.185882696 0.145396766 -0.16466529
v 0.185882696 0.176173669 -0.16466529
v 0.185882696 0.201826702 -0.16466529
v 0.176820889 0.201826702 -0.181352848
v 0.166899963 0.201826702 -0.197544379
v 0.166899963 0.176173669 -0.197544379
v 0.166899963 0.145396766 -0.197544379
v 0.176820889 0.145396766 -0.181352848
v 0.213319945 0.146709303 -0.0955511452
v 0.213141808 0.176813747 -0.0966152638
v 0.213294138 0.20262755 -0.0955511452
v 0.207721636 0.202026914 -0.112501162
v 0.201324427 0.201826702 -0.129982588
v 0.201324427 0.176173669 -0.129982588
v 0.201324427 0.145396766 -0.129982588
v 0.207728048 0.145724961 -0.112501162
v 0.0273740691 -0.23759089 -0.323173998
v 0.0273740691 -0.221085122 -0.323173998
v 0.0273740691 -0.201699774 -0.323173998
v 0.0102342286 -0.201699774 -0.33134812
v -0.00730911987 -0.201699774 -0.338615972
v -0.00730911987 -0.221085122 -0.338615972
v -0.00730911987 -0.23759089 -0.338615972
v 0.0102342286 -0.23759089 -0.33134812
v -0.447729801 -0.158966956 -0.0491687385
v -0.445007257 -0.183741068 -0.0487375562
v -0.440795744 -0.200480079 -0.0480704532
v -0.442894764 -0.200480079 -0.0321201987
v -0.444157878 -0.200480079 -0.016082052
v -0.448415975 -0.183741068 -0.0163052313
v -0.451168708 -0.158966956 -0.0164494456
v -0.449876785 -0.158966956 -0.032854012
v -0.159289308 -0.222382726 -0.0494079867
v -0.170175098 -0.222382726 -0.066471865
v -0.180175881 -0.222382726 -0.0845230071
v -0.176474352 -0.222382726 -0.0880061451
v -0.171408995 -0.222382726 -0.088426209
v -0.164686269 -0.222382726 -0.068915637
v -0.148536127 -0.222382726 -0.0529019184
v -0.155636229 -0.222382726 -0.0718561654
v -0.161665477 -0.222382726 -0.0915921079
v -0.157320543 -0.222382726 -0.0942295183
v -0.152278559 -0.222382726 -0.0935873302
v -0.14975923 -0.222382726 -0.0731054011
v -0.137291464 -0.222382726 -0.0540837945
v -0.140295619 -0.222382726 -0.07410005
v -0.142089737 -0.222382726 -0.0946582659
v -0.137291464 -0.222382726 -0.0963347072
v -0.132493192 -0.222382726 -0.0946582659
v -0.13428731 -0.222382726 -0.07410005
v -0.126046802 -0.222382726 -0.0529019184
v -0.124823699 -0.222382726 -0.0731054011
v -0.12230437 -0.222382726 -0.0935873302
v -0.117262386 -0.222382726 -0.0942295183
v -0.112917452 -0.222382726 -0.0915921079
v -0.1189467 -0.222382726 -0.0718561654
v -0.115293621 -0.222382726 -0.0494079867
v -0.10989666 -0.222382726 -0.068915637
v -0.103173933 -0.222382726 -0.088426209
v -0.0981085763 -0.222382726 -0.0880061451
v -0.0944070473 -0.222382726 -0.0845230071
v -0.10440783 -0.222382726 -0.066471865
v -0.105501814 -0.222382726 -0.043754735
v -0.096166917 -0.222382726 -0.0617140084
v -0.0855346583 -0.222382726 -0.0794005162
v -0.0806673221 -0.222382726 -0.0779363793
v -0.0777708615 -0.222382726 -0.0737597626
v -0.0913061544 -0.222382726 -0.0581824202
v -0.0970994004 -0.222382726 -0.0361891213
v -0.0842345378 -0.222382726 -0.0518151573
v -0.0701573657 -0.222382726 -0.0669045893
v -0.0657008416 -0.222382726 -0.0644604926
v -0.0637359717 -0.222382726 -0.0597729172
v -0.0802142277 -0.222382726 -0.0473501118
v -0.0904535286 -0.222382726 -0.0270419378
v -0.0746210315 -0.222382726 -0.0396516456
v -0.0577141902 -0.222382726 -0.0514845274
v -0.0538631717 -0.222382726 -0.0481673536
v -0.0529159178 -0.222382726 -0.0431736574
v -0.0716168767 -0.222382726 -0.0344484044
v -0.0858547379 -0.222382726 -0.0167127971
v -0.0677464619 -0.222382726 -0.0257552892
v -0.0487488775 -0.222382726 -0.0338144131
v -0.0456717634 -0.222382726 -0.0297690257
v -0.045783353 -0.222382726 -0.0246875998
v -0.065889773 -0.222382726 -0.0200410893
v -0.0835039708 -0.222382726 -0.00565333286
v -0.06391135 -0.222382726 -0.0107332168
v -0.0436533304 -0.222382726 -0.0146664465
v -0.0414845152 -0.222382726 -0.0100696847
v -0.0426502412 -0.222382726 -0.00512249091
v -0.0632833642 -0.222382726 -0.00475785662
v -0.27094393 -0.222382645 -0.00703688179
v -0.28886855 -0.222472891 -0.00795191664
v -0.306298848 -0.222743546 -0.00885721277
v -0.305603097 -0.222743546 -0.017690241
v -0.30444711 -0.222743546 -0.0264749002
v -0.287209558 -0.222472891 -0.0237365316
v -0.269486367 -0.222382645 -0.0209047524
v -0.270704845 -0.222382645 -0.0140223106
v -0.266560203 -0.222382645 -0.0346710156
v -0.283902934 -0.222472891 -0.0392927734
v -0.300764085 -0.222743546 -0.0438022924
v -0.29824711 -0.222743546 -0.0522976302
v -0.295289863 -0.222743546 -0.060649971
v -0.278998347 -0.222472891 -0.0543875617
v -0.262251221 -0.222382645 -0.0479328125
v -0.264874023 -0.222382645 -0.0414541223
v -0.256526877 -0.222382645 -0.0607898841
v -0.27252972 -0.222472891 -0.0689163674
v -0.288084826 -0.222743546 -0.0768329812
v -0.283856594 -0.222743546 -0.0846194206
v -0.279227451 -0.222743546 -0.0921744028
v -0.264593954 -0.222472891 -0.08266153
v -0.249554757 -0.222382645 -0.0728659906
v -0.253467292 -0.222382645 -0.0670741243
v -0.241282355 -0.222382645 -0.0842518647
v -0.255245909 -0.222472891 -0.0955280157
v -0.268815125 -0.222743546 -0.106505675
v -0.263060428 -0.222743546 -0.113242847
v -0.25696163 -0.222743546 -0.119670247
v -0.244625743 -0.222472891 -0.107322916
v -0.23195184 -0.222382645 -0.0946145228
v -0.236983031 -0.222382645 -0.0897626874
v -0.495532682 -0.0212601755 -0.056739952
v -0.495532682 0.0230960884 -0.056739952
v -0.495532682 0.0675521742 -0.056739952
v -0.498010296 0.0675521742 -0.0379130388
v -0.499501134 0.0675521742 -0.0189824894
v -0.499501134 0.0230960884 -0.0189824894
v -0.499501134 -0.0212601755 -0.0189824894
v -0.498010296 -0.0212601755 -0.0379130388
v -0.475907355 -0.0212601755 -0.129982588
v -0.475907355 0.0230960884 -0.129982588
v -0.475907355 0.0675521742 -0.129982588
v -0.482245078 0.0675521742 -0.112082234
v -0.48763936 0.0675521742 -0.093875272
v -0.48763936 0.0230960884 -0.093875272
v -0.48763936 -0.0212601755 -0.093875272
v -0.482245078 -0.0212601755 -0.112082234
v -0.441482811 -0.0212601755 -0.197544379
v -0.441482811 0.0230960884 -0.197544379
v -0.441482811 0.0675521742 -0.197544379
v -0.451403818 0.0675521742 -0.181352848
v -0.460465625 0.0675521742 -0.16466529
v -0.460465625 0.0230960884 -0.16466529
v -0.460465625 -0.0212601755 -0.16466529
v -0.451403818 -0.0212601755 -0.181352848
v -0.393763764 -0.0212601755 -0.256472462
v -0.393763764 0.0230960884 -0.256472462
v -0.393763764 0.0675521742 -0.256472543
v -0.406834357 0.0675521742 -0.242697515
v -0.419167647 0.0675521742 -0.22825863
v -0.419167647 0.0230960884 -0.22825863
v -0.419167647 -0.0212601755 -0.22825863
v -0.406834357 -0.0212601755 -0.242697515
v -0.3348356 -0.0212601755 -0.30419159
v -0.3348356 0.0230960884 -0.30419159
v -0.3348356 0.0675521742 -0.30419159
v -0.350484522 0.0675521742 -0.293435081
v -0.365550338 0.0675521742 -0.28187602
v -0.365550338 0.0230960884 -0.28187602
v -0.365550338 -0.0212601755 -0.28187602
v -0.350484522 -0.0212601755 -0.293435081
v -0.267273809 -0.0212601755 -0.338615972
v -0.267273809 0.0230960884 -0.338615972
v -0.267273809 0.0675521742 -0.338615972
v -0.284817157 0.0675521742 -0.33134812
v -0.301956998 0.0675521742 -0.323173998
v -0.301956998 0.0230960884 -0.323173998
v -0.301956998 -0.0212601755 -0.323173998
v -0.284817157 -0.0212601755 -0.33134812
v -0.194031173 -0.0212601755 -0.358241218
v -0.194031173 0.0230960884 -0.358241218
v -0.194031173 0.0675521742 -0.358241218
v -0.212702185 0.0675521742 -0.354779667
v -0.231167061 0.0675521742 -0.350347734
v -0.231167061 0.0230960884 -0.350347734
v -0.231167061 -0.0212601755 -0.350347734
v -0.212702185 -0.0212601755 -0.354779667
v -0.118308732 -0.0212601755 -0.362209669
v -0.118308732 0.0230960884 -0.362209669
v -0.118308732 0.0675521742 -0.362209669
v -0.137291464 0.0675521742 -0.362705695
v -0.156274197 0.0675521742 -0.362209669
v -0.156274197 0.0230960884 -0.362209669
v -0.156274197 -0.0212601755 -0.362209669
v -0.137291464 -0.0212601755 -0.362705695
v -0.0434158677 -0.0212601755 -0.350347734
v -0.0434158677 0.0230960884 -0.350347734
v -0.0434158677 0.0675521742 -0.350347734
v -0.0618807436 0.0675521742 -0.354779667
v -0.0805517559 0.0675521742 -0.358241218
v -0.0805517559 0.0230960884 -0.358241218
v -0.0805517559 -0.0212601755 -0.358241218
v -0.0618807436 -0.0212601755 -0.354779667
v 0.0273740691 -0.0212601755 -0.323173998
v 0.0273740691 0.0230960884 -0.323173998
v 0.0273740691 0.0675521742 -0.323173998
v 0.0102342286 0.0675521742 -0.33134812
v -0.00730911987 0.0675521742 -0.338615972
v -0.00730911987 0.0230960884 -0.338615972
v -0.00730911987 -0.0212601755 -0.338615972
v 0.0102342286 -0.0212601755 -0.33134812
v 0.0909674089 -0.0212601755 -0.28187602
v 0.0909674089 0.0230960884 -0.28187602
v 0.0909674089 0.0675521742 -0.28187602
v 0.0759015934 0.0675521742 -0.293435081
v 0.0602526714 0.0675521742 -0.30419159
v 0.0602526714 0.0230960884 -0.30419159
v 0.0602526714 -0.0212601755 -0.30419159
v 0.0759015934 -0.0212601755 -0.293435081
v 0.144584718 -0.0212601755 -0.22825863
v 0.144584718 0.0230960884 -0.22825863
v 0.144584718 0.0675521742 -0.22825863
v 0.132251428 0.0675521742 -0.242697515
v 0.119180835 0.0675521742 -0.256472462
v 0.119180835 0.0230960884 -0.256472462
v 0.119180835 -0.0212601755 -0.256472543
v 0.132251428 -0.0212601755 -0.242697515
v 0.185882696 -0.0212601755 -0.16466529
v 0.185882696 0.0230960884 -0.16466529
v 0.185882696 0.0675521742 -0.16466529
v 0.176820889 0.0675521742 -0.181352848
v 0.166899963 0.0675521742 -0.197544379
v 0.166899963 0.0230960884 -0.197544379
v 0.166899963 -0.0212601755 -0.197544379
v 0.176820889 -0.0212601755 -0.181352848
v 0.213359955 -0.0227497142 -0.0936490089
v 0.213208112 0.0227973529 -0.0937621404
v 0.213359955 0.068571657 -0.0936490089
v 0.20773803 0.0678070043 -0.112025668
v 0.201324427 0.0675521742 -0.129982588
v 0.201324427 0.0230960884 -0.129982588
v 0.201324427 -0.0212601755 -0.129982588
v 0.20773803 -0.0216326007 -0.112025668
v 0.225094882 -0.0155125392 -0.0187471367
v 0.225006584 0.019580001 -0.018864813
v 0.225094963 0.0549912412 -0.0187471367
v 0.223694777 0.0578183946 -0.0375034441
v 0.221371116 0.063092972 -0.0562783362
v 0.221160435 0.0213983843 -0.0565091441
v 0.221371035 -0.0199663851 -0.0562783362
v 0.223694696 -0.0167164897 -0.0375034441
v -0.0434158677 -0.23759089 -0.350347734
v -0.0434158677 -0.221085122 -0.350347734
v -0.0434158677 -0.201699774 -0.350347734
v -0.0618807436 -0.201699774 -0.354779667
v -0.0805517559 -0.201699774 -0.358241218
v -0.0805517559 -0.221085122 -0.358241218
v -0.0805517559 -0.23759089 -0.358241218
v -0.0618807436 -0.23759089 -0.354779667
v -0.221493012 -0.222382645 -0.104031713
v -0.232806901 -0.222472891 -0.117964589
v -0.24379722 -0.222743546 -0.13152358
v -0.236767561 -0.222743546 -0.136917051
v -0.229465705 -0.222743546 -0.141936068
v -0.219966547 -0.222472891 -0.127293725
v -0.21021183 -0.222382645 -0.11222799
v -0.216141824 -0.222382645 -0.108528247
v -0.198023565 -0.222382645 -0.119264872
v -0.206193467 -0.222472891 -0.13524556
v -0.214124527 -0.222743546 -0.15079328
v -0.206127082 -0.222743546 -0.154607292
v -0.197941354 -0.222743546 -0.15799848
v -0.19169404 -0.222472891 -0.141701121
v -0.185284819 -0.222382645 -0.124936546
v -0.191854486 -0.222382645 -0.122550557
v -0.171899827 -0.222382645 -0.129285538
v -0.176568656 -0.222472891 -0.146615609
v -0.181093838 -0.222743546 -0.163472539
v -0.172478146 -0.222743546 -0.165540477
v -0.163766283 -0.222743546 -0.167155646
v -0.161043903 -0.222472891 -0.149915577
v -0.15826033 -0.222382645 -0.132184758
v -0.165182457 -0.222382645 -0.13121681
v -0.144263584 -0.222382645 -0.133655875
v -0.145227231 -0.222472891 -0.151577897
v -0.146148839 -0.222743546 -0.169007303
v -0.137291464 -0.222743546 -0.16923876
v -0.128434089 -0.222743546 -0.169007303
v -0.129355698 -0.222472891 -0.151577897
v -0.130319345 -0.222382645 -0.133655875
v -0.137291464 -0.222382645 -0.134148249
v -0.116322599 -0.222382645 -0.132184758
v -0.113539026 -0.222472891 -0.149915577
v -0.110816645 -0.222743546 -0.167155646
v -0.102104783 -0.222743546 -0.165540477
v -0.0934890908 -0.222743546 -0.163472539
v -0.0980142729 -0.222472891 -0.14661569
v -0.102683101 -0.222382645 -0.129285538
v -0.109400472 -0.222382645 -0.13121681
v -0.0892981094 -0.222382645 -0.124936546
v -0.0828888888 -0.222472891 -0.141701121
v -0.0766415746 -0.222743546 -0.15799848
v -0.0684558472 -0.222743546 -0.154607292
v -0.060458402 -0.222743546 -0.15079328
v -0.0683894616 -0.222472891 -0.13524556
v -0.0765593634 -0.222382645 -0.119264872
v -0.0827284432 -0.222382645 -0.122550557
v -0.0643710992 -0.222382645 -0.11222799
v -0.0546163813 -0.222472891 -0.127293725
v -0.0451172239 -0.222743546 -0.141936068
v -0.0378153675 -0.222743546 -0.136917051
v -0.0307857086 -0.222743546 -0.13152358
v -0.0417760279 -0.222472891 -0.117964589
v -0.0530899165 -0.222382645 -0.104031713
v -0.0584411052 -0.222382645 -0.108528247
v -0.0426310884 -0.222382645 -0.0946145228
v -0.0299571861 -0.222472891 -0.107322916
v -0.0176212989 -0.222743546 -0.119670247
v -0.0115225003 -0.222743546 -0.113242847
v -0.00576780351 -0.222743546 -0.106505675
v -0.0193370197 -0.222472891 -0.0955280157
v -0.0333005733 -0.222382645 -0.0842518647
v -0.0375998981 -0.222382645 -0.0897626874
v -0.0250281713 -0.222382645 -0.0728659906
v -0.00998897495 -0.222472891 -0.08266153
v 0.00464452215 -0.222743546 -0.0921744028
v 0.00927366522 -0.222743546 -0.0846194206
v 0.0135018972 -0.222743546 -0.0768329812
v -0.00205320836 -0.222472891 -0.0689163674
v -0.0180560521 -0.222382645 -0.0607898841
v -0.0211156365 -0.222382645 -0.0670741243
v -0.0123317076 -0.222382645 -0.0479328125
v 0.00441541852 -0.222472891 -0.0543875617
v 0.0207069344 -0.222743546 -0.060649971
v 0.023664181 -0.222743546 -0.0522976302
v 0.0261811558 -0.222743546 -0.0438022924
v 0.00932000534 -0.222472891 -0.0392927734
v -0.00802272533 -0.222382645 -0.0346710156
v -0.0097089053 -0.222382645 -0.0414541223
v -0.00509656154 -0.222382645 -0.0209047524
v 0.0126266289 -0.222472891 -0.0237365316
v 0.0298641812 -0.222743546 -0.0264749002
v 0.0310201685 -0.222743546 -0.017690241
v 0.0317158385 -0.222743546 -0.00885721277
v 0.0142856215 -0.222472891 -0.00795191664
v -0.00363899826 -0.222382645 -0.00703688179
v -0.00387808408 -0.222382645 -0.0140223106
v -0.373287353 -0.225866838 -0.0373781391
v -0.356499486 -0.225148363 -0.0347192223
v -0.339118937 -0.22418707 -0.0319664079
v -0.340514741 -0.22418707 -0.0213596322
v -0.341354706 -0.22418707 -0.0106944242
v -0.358927839 -0.225148363 -0.0116153835
v -0.375901634 -0.225866838 -0.0125049353
v -0.374919483 -0.225866838 -0.0249757039
v -0.360358945 -0.225866838 -0.0856277038
v -0.344490821 -0.225148363 -0.0795364527
v -0.328062313 -0.22418707 -0.073230138
v -0.331632856 -0.22418707 -0.0631453583
v -0.334671908 -0.22418707 -0.0528878784
v -0.351669563 -0.225148363 -0.0574423579
v -0.36808752 -0.225866838 -0.0618415046
v -0.36453402 -0.225866838 -0.0738355624
v -0.337681338 -0.225866838 -0.130134837
v -0.323426434 -0.225148363 -0.120877525
v -0.308668119 -0.22418707 -0.111293397
v -0.31425742 -0.22418707 -0.102171372
v -0.319362706 -0.22418707 -0.092769845
v -0.33504198 -0.225148363 -0.10075885
v -0.350186517 -0.225866838 -0.108475333
v -0.344216919 -0.225866838 -0.119468493
v -0.495532682 -0.155961097 -0.056739952
v -0.495532682 -0.129090885 -0.056739952
v -0.495532682 -0.0983071652 -0.056739952
v -0.498010296 -0.0983071652 -0.0379130388
v -0.499501134 -0.0983071652 -0.0189824894
v -0.499501134 -0.129090885 -0.0189824894
v -0.499501134 -0.155961097 -0.0189824894
v -0.498010296 -0.155961097 -0.0379130388
v -0.475907355 -0.155961097 -0.129982588
v -0.475907355 -0.129090885 -0.129982588
v -0.475907355 -0.0983071652 -0.129982588
v -0.482245078 -0.0983071652 -0.112082234
v -0.48763936 -0.0983071652 -0.093875272
v -0.48763936 -0.129090885 -0.093875272
v -0.48763936 -0.155961097 -0.093875272
v -0.482245078 -0.155961097 -0.112082234
v -0.441482811 -0.155961097 -0.197544379
v -0.441482811 -0.129090885 -0.197544379
v -0.441482811 -0.0983071652 -0.197544379
v -0.451403818 -0.0983071652 -0.181352848
v -0.460465625 -0.0983071652 -0.16466529
v -0.460465625 -0.129090885 -0.16466529
v -0.460465625 -0.155961097 -0.16466529
v -0.451403818 -0.155961097 -0.181352848
v -0.393763764 -0.155961097 -0.256472462
v -0.393763764 -0.129090885 -0.256472462
v -0.393763764 -0.0983071652 -0.256472543
v -0.406834357 -0.0983071652 -0.242697515
v -0.419167647 -0.0983071652 -0.22825863
v -0.419167647 -0.129090885 -0.22825863
v -0.419167647 -0.155961097 -0.22825863
v -0.406834357 -0.155961097 -0.242697515
v -0.3348356 -0.155961097 -0.30419159
v -0.3348356 -0.129090885 -0.30419159
v -0.3348356 -0.0983071652 -0.30419159
v -0.350484522 -0.0983071652 -0.293435081
v -0.365550338 -0.0983071652 -0.28187602
v -0.365550338 -0.129090885 -0.28187602
v -0.365550338 -0.155961097 -0.28187602
v -0.350484522 -0.155961097 -0.293435081
v -0.267273809 -0.155961097 -0.338615972
v -0.267273809 -0.129090885 -0.338615972
v -0.267273809 -0.0983071652 -0.338615972
v -0.284817157 -0.0983071652 -0.33134812
v -0.301956998 -0.0983071652 -0.323173998
v -0.301956998 -0.129090885 -0.323173998
v -0.301956998 -0.155961097 -0.323173998
v -0.284817157 -0.155961097 -0.33134812
v -0.194031173 -0.155961097 -0.358241218
v -0.194031173 -0.129090885 -0.358241218
v -0.194031173 -0.0983071652 -0.358241218
v -0.212702185 -0.0983071652 -0.354779667
v -0.231167061 -0.0983071652 -0.350347734
v -0.231167061 -0.129090885 -0.350347734
v -0.231167061 -0.155961097 -0.350347734
v -0.212702185 -0.155961097 -0.354779667
v -0.118308732 -0.155961097 -0.362209669
v -0.118308732 -0.129090885 -0.362209669
v -0.118308732 -0.0983071652 -0.362209669
v -0.137291464 -0.0983071652 -0.362705695
v -0.156274197 -0.0983071652 -0.362209669
v -0.156274197 -0.129090885 -0.362209669
v -0.156274197 -0.155961097 -0.362209669
v -0.137291464 -0.155961097 -0.362705695
v -0.0434158677 -0.155961097 -0.350347734
v -0.0434158677 -0.129090885 -0.350347734
v -0.0434158677 -0.0983071652 -0.350347734
v -0.0618807436 -0.0983071652 -0.354779667
v -0.0805517559 -0.0983071652 -0.358241218
v -0.0805517559 -0.129090885 -0.358241218
v -0.0805517559 -0.155961097 -0.358241218
v -0.0618807436 -0.155961097 -0.354779667
v 0.0273740691 -0.155961097 -0.323173998
v 0.0273740691 -0.129090885 -0.323173998
v 0.0273740691 -0.0983071652 -0.323173998
v 0.0102342286 -0.0983071652 -0.33134812
v -0.00730911987 -0.0983071652 -0.338615972
v -0.00730911987 -0.129090885 -0.338615972
v -0.00730911987 -0.155961097 -0.338615972
v 0.0102342286 -0.155961097 -0.33134812
v 0.0909674089 -0.155961097 -0.28187602
v 0.0909674089 -0.129090885 -0.28187602
v 0.0909674089 -0.0983071652 -0.28187602
v 0.0759015934 -0.0983071652 -0.293435081
v 0.0602526714 -0.0983071652 -0.30419159
v 0.0602526714 -0.129090885 -0.30419159
v 0.0602526714 -0.155961097 -0.30419159
v 0.0759015934 -0.155961097 -0.293435081
v 0.144584718 -0.155961097 -0.22825863
v 0.144584718 -0.129090885 -0.22825863
v 0.144584718 -0.0983071652 -0.22825863
v 0.132251428 -0.0983071652 -0.242697515
v 0.119180835 -0.0983071652 -0.256472462
v 0.119180835 -0.129090885 -0.256472462
v 0.119180835 -0.155961097 -0.256472543
v 0.132251428 -0.155961097 -0.242697515
v 0.185882696 -0.155961097 -0.16466529
v 0.185882696 -0.129090885 -0.16466529
v 0.185882696 -0.0983071652 -0.16466529
v 0.176820889 -0.0983071652 -0.181352848
v 0.166899963 -0.0983071652 -0.197544379
v 0.166899963 -0.129090885 -0.197544379
v 0.166899963 -0.155961097 -0.197544379
v 0.176820889 -0.155961097 -0.181352848
v 0.213294543 -0.155806576 -0.0955511452
v 0.213141889 -0.129269753 -0.0966152638
v 0.213319945 -0.0995277527 -0.0955511452
v 0.207728048 -0.0986123121 -0.112501162
v 0.201324427 -0.0983071652 -0.129982588
v 0.201324427 -0.129090885 -0.129982588
v 0.201324427 -0.155961097 -0.129982588
v 0.207721717 -0.155922467 -0.112501162
v -0.118308732 -0.23759089 -0.362209669
v -0.118308732 -0.221085122 -0.362209669
v -0.118308732 -0.201699774 -0.362209669
v -0.137291464 -0.201699774 -0.362705695
v -0.156274197 -0.201699774 -0.362209669
v -0.156274197 -0.221085122 -0.362209669
v -0.156274197 -0.23759089 -0.362209669
v -0.137291464 -0.23759089 -0.362705695
v -0.306245772 -0.225866838 -0.16895447
v -0.294227043 -0.225148363 -0.156935741
v -0.281783949 -0.22418707 -0.144492565
v -0.289147646 -0.22418707 -0.136731934
v -0.296096068 -0.22418707 -0.128597335
v -0.30977168 -0.225148363 -0.139671651
v -0.322980968 -0.225866838 -0.150368266
v -0.314856189 -0.225866838 -0.159880003
v -0.267426139 -0.225866838 -0.200390036
v -0.258168908 -0.225148363 -0.186135051
v -0.248584699 -0.22418707 -0.171376736
v -0.25740109 -0.22418707 -0.16531673
v -0.26588888 -0.22418707 -0.158804522
v -0.276963277 -0.225148363 -0.172480134
v -0.287659812 -0.225866838 -0.185689342
v -0.277735072 -0.225866838 -0.193304055
v -0.222918925 -0.225866838 -0.223067481
v -0.216827755 -0.225148363 -0.207199356
v -0.21052144 -0.22418707 -0.19077093
v -0.220405115 -0.22418707 -0.186676362
v -0.230061472 -0.22418707 -0.18207116
v -0.238050477 -0.225148363 -0.197750434
v -0.245766959 -0.225866838 -0.212894971
v -0.234475876 -0.225866838 -0.218279759
v -0.174669441 -0.225866838 -0.235995889
v -0.172010524 -0.225148363 -0.219208103
v -0.16925771 -0.22418707 -0.201827473
v -0.179776675 -0.22418707 -0.199877292
v -0.190179505 -0.22418707 -0.197380363
v -0.194733985 -0.225148363 -0.214378099
v -0.199133131 -0.225866838 -0.230795975
v -0.186969214 -0.225866838 -0.233715565
v -0.124786367 -0.225866838 -0.23861017
v -0.125675919 -0.225148363 -0.221636374
v -0.126596878 -0.22418707 -0.204063161
v -0.137291464 -0.22418707 -0.204342662
v -0.147986051 -0.22418707 -0.204063161
v -0.14890701 -0.225148363 -0.221636374
v -0.149796562 -0.225866838 -0.23861017
v -0.137291464 -0.225866838 -0.238936904
v -0.0754497975 -0.225866838 -0.230795975
v -0.0798489442 -0.225148363 -0.214378099
v -0.0844034237 -0.22418707 -0.197380363
v -0.0948062541 -0.22418707 -0.199877292
v -0.105325219 -0.22418707 -0.201827473
v -0.102572404 -0.225148363 -0.219208103
v -0.0999134876 -0.225866838 -0.235995889
v -0.0876137149 -0.225866838 -0.233715565
v -0.0288159692 -0.225866838 -0.212894971
v -0.0365324521 -0.225148363 -0.197750434
v -0.0445214571 -0.22418707 -0.18207116
v -0.0541778138 -0.22418707 -0.186676362
v -0.0640614887 -0.22418707 -0.19077093
v -0.057755174 -0.225148363 -0.207199356
v -0.0516640041 -0.225866838 -0.223067481
v -0.040107053 -0.225866838 -0.218279759
v 0.0130768828 -0.225866838 -0.185689342
v 0.00238026738 -0.225148363 -0.172480134
v -0.00869404846 -0.22418707 -0.158804522
v -0.0171818387 -0.22418707 -0.16531673
v -0.02599823 -0.22418707 -0.171376736
v -0.016414021 -0.225148363 -0.186135051
v -0.0071567899 -0.225866838 -0.200390036
v 0.00315214291 -0.225866838 -0.193304055
v 0.0483980398 -0.225866838 -0.150368266
v 0.0351887508 -0.225148363 -0.139671651
v 0.021513139 -0.22418707 -0.128597335
v 0.0145647173 -0.22418707 -0.136731934
v 0.00720101997 -0.22418707 -0.144492565
v 0.0196441143 -0.225148363 -0.156935741
v 0.0316628435 -0.225866838 -0.16895447
v 0.0402732607 -0.225866838 -0.159880003
v 0.0756035882 -0.225866838 -0.108475333
v 0.0604590513 -0.225148363 -0.10075885
v 0.0447797769 -0.22418707 -0.092769845
v 0.0396744911 -0.22418707 -0.102171372
v 0.0340851904 -0.22418707 -0.111293397
v 0.0488435055 -0.225148363 -0.120877525
v 0.0630984095 -0.225866838 -0.130134837
v 0.0696339901 -0.225866838 -0.119468493
v 0.0935045916 -0.225866838 -0.0618415046
v 0.0770866345 -0.225148363 -0.0574423579
v 0.0600889795 -0.22418707 -0.0528878784
v 0.0570499276 -0.22418707 -0.0631453583
v 0.0534793845 -0.22418707 -0.073230138
v 0.0699078919 -0.225148363 -0.0795364527
v 0.0857760165 -0.225866838 -0.0856277038
v 0.0899510913 -0.225866838 -0.0738355624
v 0.101318705 -0.225866838 -0.0125049353
v 0.0843449101 -0.225148363 -0.0116153835
v 0.0667717773 -0.22418707 -0.0106944242
v 0.0659318118 -0.22418707 -0.0213596322
v 0.0645360083 -0.22418707 -0.0319664079
v 0.0819165577 -0.225148363 -0.0347192223
v 0.0987044243 -0.225866838 -0.0373781391
v 0.100336554 -0.225866838 -0.0249757039
v -0.45879243 0.250548595 -0.0509208984
v -0.456380796 0.235152312 -0.0505388967
v -0.454276824 0.21756027 -0.0502056698
v -0.456469094 0.21756027 -0.0335469226
v -0.457788286 0.21756027 -0.0167963879
v -0.459915549 0.235152312 -0.0169078964
v -0.462353965 0.250548595 -0.017035636
v -0.461015944 0.250548595 -0.0340248508
v -0.441179855 0.250548595 -0.116651971
v -0.438900262 0.235152312 -0.115776946
v -0.436911613 0.21756027 -0.11501351
v -0.442519499 0.21756027 -0.099174602
v -0.44729245 0.21756027 -0.0830643888
v -0.449350082 0.235152312 -0.0836157633
v -0.45170864 0.250548595 -0.0842477257
v -0.446867679 0.250548595 -0.100587367
v -0.410285844 0.250548595 -0.177284737
v -0.408238032 0.235152312 -0.175954913
v -0.406451544 0.21756027 -0.174794706
v -0.415229954 0.21756027 -0.160467897
v -0.423248175 0.21756027 -0.145702035
v -0.425146172 0.235152312 -0.146669172
v -0.427321805 0.250548595 -0.147777683
v -0.419189316 0.250548595 -0.162753821
v -0.495532682 -0.23759089 -0.056739952
v -0.495532682 -0.221085122 -0.056739952
v -0.495532682 -0.201699774 -0.056739952
v -0.498010296 -0.201699774 -0.0379130388
v -0.499501134 -0.201699774 -0.0189824894
v -0.499501134 -0.221085122 -0.0189824894
v -0.499501134 -0.23759089 -0.0189824894
v -0.498010296 -0.23759089 -0.0379130388
v -0.475907355 -0.23759089 -0.129982588
v -0.475907355 -0.221085122 -0.129982588
v -0.475907355 -0.201699774 -0.129982588
v -0.482245078 -0.201699774 -0.112082234
v -0.48763936 -0.201699774 -0.093875272
v -0.48763936 -0.221085122 -0.093875272
v -0.48763936 -0.23759089 -0.093875272
v -0.482245078 -0.23759089 -0.112082234
v -0.441482811 -0.23759089 -0.197544379
v -0.441482811 -0.221085122 -0.197544379
v -0.441482811 -0.201699774 -0.197544379
v -0.451403818 -0.201699774 -0.181352848
v -0.460465625 -0.201699774 -0.16466529
v -0.460465625 -0.221085122 -0.16466529
v -0.460465625 -0.23759089 -0.16466529
v -0.451403818 -0.23759089 -0.181352848
v -0.393763764 -0.23759089 -0.256472462
v -0.393763764 -0.221085122 -0.256472462
v -0.393763764 -0.201699774 -0.256472543
v -0.406834357 -0.201699774 -0.242697515
v -0.419167647 -0.201699774 -0.22825863
v -0.419167647 -0.221085122 -0.22825863
v -0.419167647 -0.23759089 -0.22825863
v -0.406834357 -0.23759089 -0.242697515
v -0.3348356 -0.23759089 -0.30419159
v -0.3348356 -0.221085122 -0.30419159
v -0.3348356 -0.201699774 -0.30419159
v -0.350484522 -0.201699774 -0.293435081
v -0.365550338 -0.201699774 -0.28187602
v -0.365550338 -0.221085122 -0.28187602
v -0.365550338 -0.23759089 -0.28187602
v -0.350484522 -0.23759089 -0.293435081
v -0.267273809 -0.23759089 -0.338615972
v -0.267273809 -0.221085122 -0.338615972
v -0.267273809 -0.201699774 -0.338615972
v -0.284817157 -0.201699774 -0.33134812
v -0.301956998 -0.201699774 -0.323173998
v -0.301956998 -0.221085122 -0.323173998
v -0.301956998 -0.23759089 -0.323173998
v -0.284817157 -0.23759089 -0.33134812
v -0.194031173 -0.23759089 -0.358241218
v -0.194031173 -0.221085122 -0.358241218
v -0.194031173 -0.201699774 -0.358241218
v -0.212702185 -0.201699774 -0.354779667
v -0.231167061 -0.201699774 -0.350347734
v -0.231167061 -0.221085122 -0.350347734
v -0.231167061 -0.23759089 -0.350347734
v -0.212702185 -0.23759089 -0.354779667
v -0.367460671 0.250548595 -0.23016945
v -0.365734156 0.235152312 -0.228442854
v -0.364227818 0.21756027 -0.226936597
v -0.375793209 0.21756027 -0.214747927
v -0.386706187 0.21756027 -0.201971849
v -0.388361609 0.235152312 -0.203312467
v -0.390259282 0.250548595 -0.204849076
v -0.379190809 0.250548595 -0.217807106
v -0.314576039 0.250548595 -0.272994542
v -0.313246215 0.235152312 -0.27094673
v -0.312086008 0.21756027 -0.26916016
v -0.325932778 0.21756027 -0.259642418
v -0.339263557 0.21756027 -0.24941456
v -0.340604093 0.235152312 -0.251069982
v -0.342140784 0.250548595 -0.252967574
v -0.328620099 0.250548595 -0.263341269
v 0.22686449 0.146089839 -0.0450822862
v 0.225043672 0.136783427 -0.0476376478
v 0.22337908 0.122189778 -0.0514203329
v 0.224845002 0.113500558 -0.03511218
v 0.225801995 0.108746272 -0.017805645
v 0.226595782 0.124318096 -0.017099587
v 0.227916516 0.134664442 -0.0163935291
v 0.227456361 0.139015382 -0.0317624626
v 0.225407008 0.194328772 -0.0614758153
v 0.223271142 0.19651885 -0.0653045159
v 0.22091721 0.199720701 -0.071495102
v 0.220780543 0.178944419 -0.0736280462
v 0.221104437 0.156349916 -0.071495102
v 0.223580428 0.163396049 -0.0653045159
v 0.225811328 0.167878462 -0.0614758153
v 0.225512511 0.181167203 -0.0635250064
v 0.226783009 0.225253542 -0.0163935291
v 0.225721325 0.230932845 -0.017099587
v 0.225239015 0.237395872 -0.017805645
v 0.224309859 0.233842777 -0.03511218
v 0.222913731 0.227430148 -0.0514203329
v 0.224302636 0.220549086 -0.0476376478
v 0.225901005 0.215099942 -0.0450822862
v 0.226372928 0.221474914 -0.0317624626
v -0.253943192 0.250548595 -0.303888472
v -0.253068167 0.235152312 -0.301608879
v -0.252304731 0.21756027 -0.29962023
v -0.26782778 0.21756027 -0.293189341
v -0.282993742 0.21756027 -0.285956629
v -0.28396088 0.235152312 -0.287854627
v -0.28506939 0.250548595 -0.290030178
v -0.269687391 0.250548595 -0.297366039
v -0.188212119 0.250548595 -0.321501047
v -0.187830118 0.235152312 -0.319089331
v -0.187496891 0.21756027 -0.316985441
v -0.204017754 0.21756027 -0.313922529
v -0.220356097 0.21756027 -0.310000986
v -0.220907471 0.235152312 -0.312058536
v -0.221539434 0.250548595 -0.314417094
v -0.204968335 0.250548595 -0.318394554
v -0.120255504 0.250548595 -0.3250625
v -0.120383325 0.235152312 -0.322624085
v -0.120494833 0.21756027 -0.320496821
v -0.137291464 0.21756027 -0.320935713
v -0.154088096 0.21756027 -0.320496821
v -0.154199604 0.235152312 -0.322624085
v -0.154327425 0.250548595 -0.3250625
v -0.137291464 0.250548595 -0.325507641
v 0.225813925 -0.161469242 -0.0450822862
v 0.224297685 -0.167769551 -0.0476376478
v 0.222929556 -0.176607854 -0.0514203329
v 0.224334774 -0.181892333 -0.03511218
v 0.225271234 -0.184459056 -0.017805645
v 0.225711506 -0.176401799 -0.017099587
v 0.226608848 -0.170441777 -0.0163935291
v 0.226237884 -0.167182224 -0.0317624626
v 0.225786656 -0.116529709 -0.0614758153
v 0.223574179 -0.113421025 -0.0653045159
v 0.221104437 -0.107730198 -0.071495102
v 0.220781273 -0.129535053 -0.0736280462
v 0.220920213 -0.150067786 -0.071495102
v 0.223270087 -0.145219359 -0.0653045159
v 0.225389641 -0.141842373 -0.0614758153
v 0.225501961 -0.129170581 -0.0635250064
v 0.227669477 -0.0884877659 -0.0163935291
v 0.226533454 -0.0802967635 -0.017099587
v 0.225801508 -0.0667182143 -0.017805645
v 0.224844596 -0.0699616984 -0.03511218
v 0.223378836 -0.0767413965 -0.0514203329
v 0.225012508 -0.0896313363 -0.0476376478
v 0.22674097 -0.0971506099 -0.0450822862
v 0.227264833 -0.0916079739 -0.0317624626
v -0.0530434952 0.250548595 -0.314417094
v -0.0536754576 0.235152312 -0.312058536
v -0.0542268321 0.21756027 -0.310000986
v -0.070565175 0.21756027 -0.313922529
v -0.087086038 0.21756027 -0.316985441
v -0.0867528111 0.235152312 -0.319089331
v -0.0863708095 0.250548595 -0.321501047
v -0.0696145938 0.250548595 -0.318394554
v 0.179356935 -0.29095556 -0.0848455214
v 0.18309466 -0.291628182 -0.0858470687
v 0.187194097 -0.291852335 -0.0869455163
v 0.182198048 -0.291852335 -0.103808452
v 0.176328109 -0.291852335 -0.120387423
v 0.172365988 -0.291628182 -0.118866477
v 0.168753406 -0.29095556 -0.117479763
v 0.174481565 -0.29095556 -0.101301216
v 0.190077735 -0.29095556 -0.0171565586
v 0.193942063 -0.291628182 -0.017359043
v 0.198180278 -0.291852335 -0.0175811672
v 0.196799407 -0.291852335 -0.0351143712
v 0.194504719 -0.291852335 -0.0525514864
v 0.190313007 -0.291628182 -0.0518875485
v 0.186490961 -0.29095556 -0.0512822053
v 0.188730301 -0.29095556 -0.0342662902
v 0.0104864617 0.250548595 -0.290030259
v 0.00937795078 0.235152312 -0.287854627
v 0.00841081372 0.21756027 -0.285956629
v -0.00675514844 0.21756027 -0.293189341
v -0.0222781974 0.21756027 -0.29962023
v -0.0215147621 0.235152312 -0.301608879
v -0.0206397372 0.250548595 -0.303888472
v -0.00489553792 0.250548595 -0.297366039
v 0.0675578552 0.250548595 -0.252967574
v 0.0660211647 0.235152312 -0.251069982
v 0.0646806285 0.21756027 -0.24941456
v 0.0513498489 0.21756027 -0.259642418
v 0.0375030789 0.21756027 -0.26916016
v 0.0386632862 0.235152312 -0.27094673
v 0.0399931098 0.250548595 -0.272994542
v 0.0540371703 0.250548595 -0.263341269
v 0.115676353 0.250548595 -0.204849076
v 0.11377868 0.235152312 -0.203312467
v 0.112123258 0.21756027 -0.201971849
v 0.101210281 0.21756027 -0.214747927
v 0.0896448894 0.21756027 -0.226936597
v 0.0911512275 0.235152312 -0.228442854
v 0.0928778232 0.250548595 -0.23016945
v 0.10460788 0.250548595 -0.217807106
v 0.152738876 0.250548595 -0.147777683
v 0.150563244 0.235152312 -0.146669172
v 0.148665246 0.21756027 -0.145702035
v 0.140647025 0.21756027 -0.160467897
v 0.131868615 0.21756027 -0.174794706
v 0.133655104 0.235152312 -0.175954913
v 0.135702915 0.250548595 -0.177284818
v 0.144606468 0.250548595 -0.162753821
v 0.177125711 0.250548595 -0.0842477257
v 0.174767153 0.235152312 -0.0836157633
v 0.172709603 0.21756027 -0.0830643888
v 0.16793657 0.21756027 -0.099174602
v 0.162328685 0.21756027 -0.11501351
v 0.164317333 0.235152312 -0.115776946
v 0.166596927 0.250548595 -0.116651971
v 0.172284751 0.250548595 -0.100587367
v 0.187771036 0.250548595 -0.017035636
v 0.18533262 0.235152312 -0.0169078964
v 0.183205357 0.21756027 -0.0167963879
v 0.181886165 0.21756027 -0.0335469226
v 0.179693895 0.21756027 -0.0502056698
v 0.181797867 0.235152312 -0.0505388967
v 0.184209582 0.250548595 -0.0509208984
v 0.186433016 0.250548595 -0.0340248508
v -0.487952055 0.29110716 -0.0555393288
v -0.48324979 0.291791143 -0.0547945595
v -0.478239781 0.291114545 -0.0540010153
v -0.48059769 0.291114545 -0.0360829691
v -0.482016704 0.291114545 -0.018066156
v -0.487082143 0.291791143 -0.0183316176
v -0.491836509 0.29110716 -0.0185807667
v -0.490377161 0.29110716 -0.0371108109
v -0.468741922 0.29110716 -0.127232046
v -0.464297328 0.291791143 -0.125525902
v -0.45956179 0.291114545 -0.123708086
v -0.465593634 0.291114545 -0.106671801
v -0.470727406 0.291114545 -0.0893437597
v -0.475627042 0.291791143 -0.0906566217
v -0.480225671 0.29110716 -0.0918888145
v -0.474945656 0.29110716 -0.109710528
v -0.435045916 0.29110716 -0.193364192
v -0.431053118 0.291791143 -0.190771255
v -0.426798997 0.291114545 -0.188008539
v -0.436241102 0.291114545 -0.172598703
v -0.444865478 0.291114545 -0.15671662
v -0.44938506 0.291791143 -0.159019423
v -0.453627007 0.29110716 -0.161180853
v -0.444756972 0.29110716 -0.177515301
v -0.388336613 0.29110716 -0.251045311
v -0.384970177 0.291791143 -0.247678956
v -0.381383403 0.291114545 -0.244092182
v -0.393823089 0.291114545 -0.230982066
v -0.405561018 0.291114545 -0.217240231
v -0.409503012 0.291791143 -0.220432424
v -0.413202918 0.29110716 -0.223428544
v -0.401130626 0.29110716 -0.237561795
v -0.330655412 0.29110716 -0.297754614
v -0.328062476 0.291791143 -0.293761816
v -0.325299841 0.291114545 -0.289507695
v -0.340193362 0.291114545 -0.279270504
v -0.354531857 0.291114545 -0.268269391
v -0.357724051 0.291791143 -0.272211386
v -0.360720171 0.29110716 -0.275911292
v -0.345973218 0.29110716 -0.287225748
v -0.264523267 0.29110716 -0.33145062
v -0.262817122 0.291791143 -0.327005945
v -0.260999307 0.291114545 -0.322270406
v -0.277695873 0.291114545 -0.315353473
v -0.294008327 0.291114545 -0.307573851
v -0.296311131 0.291791143 -0.312093433
v -0.298472561 0.29110716 -0.316335381
v -0.281695407 0.29110716 -0.324336559
v -0.192830469 0.29110716 -0.35066059
v -0.192085699 0.291791143 -0.345958326
v -0.191292236 0.291114545 -0.340948317
v -0.20906201 0.291114545 -0.337653948
v -0.226635468 0.291114545 -0.333435942
v -0.22794833 0.291791143 -0.338335497
v -0.229180522 0.29110716 -0.342934125
v -0.211106494 0.29110716 -0.347272324
v -0.118710373 0.29110716 -0.354545045
v -0.118959603 0.291791143 -0.349790678
v -0.119225065 0.291114545 -0.34472524
v -0.137291464 0.291114545 -0.345197325
v -0.155357864 0.291114545 -0.34472524
v -0.155623325 0.291791143 -0.349790678
v -0.155872556 0.29110716 -0.354545045
v -0.137291464 0.29110716 -0.355030602
v -0.0454024064 0.29110716 -0.342934125
v -0.0466345992 0.291791143 -0.338335497
v -0.0479474612 0.291114545 -0.333435942
v -0.0655209186 0.291114545 -0.337653948
v -0.0832906926 0.291114545 -0.340948317
v -0.0824972295 0.291791143 -0.345958326
v -0.0817524601 0.29110716 -0.35066059
v -0.0634764345 0.29110716 -0.347272324
v -0.46107389 -0.29095556 -0.0512822053
v -0.464895854 -0.291628182 -0.0518875485
v -0.469087647 -0.291852335 -0.0525514864
v -0.471382336 -0.291852335 -0.0351143712
v -0.472763206 -0.291852335 -0.0175811672
v -0.468524992 -0.291628182 -0.017359043
v -0.464660664 -0.29095556 -0.0171565586
v -0.463313148 -0.29095556 -0.0342662902
v -0.443336335 -0.29095556 -0.117479763
v -0.446948917 -0.291628182 -0.118866477
v -0.450911038 -0.291852335 -0.120387423
v -0.456780976 -0.291852335 -0.103808452
v -0.461776945 -0.291852335 -0.0869455163
v -0.457677589 -0.291628182 -0.0858470687
v -0.453939783 -0.29095556 -0.0848455214
v -0.449064412 -0.29095556 -0.101301216
v -0.412223121 -0.29095556 -0.178542818
v -0.415468471 -0.291628182 -0.180650361
v -0.419027734 -0.291852335 -0.182961848
v -0.428216388 -0.291852335 -0.167965583
v -0.436609226 -0.291852335 -0.152509894
v -0.432827758 -0.291628182 -0.150583086
v -0.429379923 -0.29095556 -0.148826382
v -0.421189813 -0.29095556 -0.163908753
v -0.369094018 -0.29095556 -0.231802716
v -0.371830277 -0.291628182 -0.234538975
v -0.374831266 -0.291852335 -0.237539964
v -0.386936995 -0.291852335 -0.224781822
v -0.398359795 -0.291852335 -0.211408841
v -0.395061612 -0.291628182 -0.208737994
v -0.392054373 -0.29095556 -0.206302744
v -0.380907341 -0.29095556 -0.219352723
v -0.31583412 -0.29095556 -0.274931738
v -0.317941663 -0.291628182 -0.278177088
v -0.320253069 -0.291852335 -0.281736432
v -0.334746815 -0.291852335 -0.271774035
v -0.348700468 -0.291852335 -0.261068168
v -0.346029621 -0.291628182 -0.257769985
v -0.343594371 -0.29095556 -0.254762665
v -0.329977759 -0.29095556 -0.265209969
v -0.254770984 -0.29095556 -0.306044952
v -0.256157698 -0.291628182 -0.309657533
v -0.257678644 -0.291852335 -0.313619655
v -0.273926985 -0.291852335 -0.306888326
v -0.289801602 -0.291852335 -0.299317599
v -0.287874794 -0.291628182 -0.295536212
v -0.286118008 -0.29095556 -0.292088296
v -0.270626854 -0.29095556 -0.299476178
v -0.188573426 -0.29095556 -0.323782507
v -0.189178769 -0.291628182 -0.327604471
v -0.189842707 -0.291852335 -0.331796264
v -0.207135446 -0.291852335 -0.328590274
v -0.224237224 -0.291852335 -0.324485481
v -0.223138776 -0.291628182 -0.320386043
v -0.222137229 -0.29095556 -0.316648319
v -0.205448535 -0.29095556 -0.320653939
v -0.120134662 -0.29095556 -0.3273692
v -0.119932097 -0.291628182 -0.331233528
v -0.119709973 -0.291852335 -0.335471742
v -0.137291464 -0.291852335 -0.335931167
v -0.154872956 -0.291852335 -0.335471742
v -0.154650832 -0.291628182 -0.331233528
v -0.154448266 -0.29095556 -0.3273692
v -0.137291464 -0.29095556 -0.327817587
v -0.0524456995 -0.29095556 -0.316648319
v -0.0514441522 -0.291628182 -0.320386043
v -0.0503457046 -0.291852335 -0.324485481
v -0.0674474829 -0.291852335 -0.328590274
v -0.0847402214 -0.291852335 -0.331796183
v -0.0854041593 -0.291628182 -0.327604471
v -0.0860095026 -0.29095556 -0.323782507
v -0.0691343933 -0.29095556 -0.320653939
v 0.0115350795 -0.29095556 -0.292088296
v 0.0132918653 -0.291628182 -0.295536212
v 0.015218673 -0.291852335 -0.299317599
v -0.000655944054 -0.291852335 -0.306888326
v -0.0169042849 -0.291852335 -0.313619655
v -0.0184252311 -0.291628182 -0.309657533
v -0.0198119451 -0.29095556 -0.306044952
v -0.00395607508 -0.29095556 -0.299476178
v 0.0690114418 -0.29095556 -0.254762746
v 0.0714466924 -0.291628182 -0.257769985
v 0.0741175392 -0.291852335 -0.261068168
v 0.0601638866 -0.291852335 -0.271774035
v 0.0456701403 -0.291852335 -0.281736432
v 0.0433587338 -0.291628182 -0.278177088
v 0.0412511915 -0.29095556 -0.274931738
v 0.0553948304 -0.29095556 -0.265209969
v 0.117471444 -0.29095556 -0.206302744
v 0.120478683 -0.291628182 -0.208737994
v 0.123776866 -0.291852335 -0.211408841
v 0.112354066 -0.291852335 -0.224781822
v 0.100248338 -0.291852335 -0.237539964
v 0.0972473479 -0.291628182 -0.234538975
v 0.0945110894 -0.29095556 -0.231802716
v 0.106324413 -0.29095556 -0.219352723
v 0.154796994 -0.29095556 -0.148826382
v 0.158244829 -0.291628182 -0.150583167
v 0.162026297 -0.291852335 -0.152509894
v 0.153633459 -0.291852335 -0.167965583
v 0.144444805 -0.291852335 -0.182961848
v 0.140885543 -0.291628182 -0.180650361
v 0.137640192 -0.29095556 -0.178542818
v 0.146606884 -0.29095556 -0.163908753
v 0.169487706 -0.280847002 -0.0822011316
v 0.172132421 -0.284393117 -0.0829097865
v 0.174128374 -0.287368624 -0.0834445239
v 0.169333591 -0.287368624 -0.099628508
v 0.163699979 -0.287368624 -0.115539889
v 0.161770899 -0.284393117 -0.114799421
v 0.159214644 -0.280847002 -0.113818162
v 0.16476426 -0.280847002 -0.0981438386
v 0.179874387 -0.280847002 -0.0166218212
v 0.182608697 -0.284393117 -0.0167651428
v 0.184672253 -0.287368624 -0.0168732427
v 0.183346974 -0.287368624 -0.0337004699
v 0.181144723 -0.287368624 -0.0504354227
v 0.17910381 -0.284393117 -0.050112178
v 0.176399445 -0.280847002 -0.0496839173
v 0.17856891 -0.280847002 -0.0331982761
v 0.0238896326 0.29110716 -0.316335381
v 0.0217282026 0.291791143 -0.312093433
v 0.0194253987 0.291114545 -0.307573851
v 0.00311294452 0.291114545 -0.315353473
v -0.0135836214 0.291114545 -0.322270406
v -0.0117658063 0.291791143 -0.327005945
v -0.0100596619 0.29110716 -0.33145062
v 0.00711247868 0.29110716 -0.324336559
v 0.0861372422 0.29110716 -0.275911292
v 0.0831411219 0.291791143 -0.272211386
v 0.0799489285 0.291114545 -0.268269391
v 0.0656104338 0.291114545 -0.279270504
v 0.0507169126 0.291114545 -0.289507695
v 0.0534795468 0.291791143 -0.293761816
v 0.0560724837 0.29110716 -0.297754614
v 0.0713902889 0.29110716 -0.287225748
v 0.138619989 0.29110716 -0.223428544
v 0.134920084 0.291791143 -0.220432424
v 0.130978089 0.291114545 -0.217240231
v 0.11924016 0.291114545 -0.230982066
v 0.106800474 0.291114545 -0.244092182
v 0.110387248 0.291791143 -0.247678956
v 0.113753684 0.29110716 -0.251045311
v 0.126547697 0.29110716 -0.237561876
v 0.179044079 0.29110716 -0.161180853
v 0.174802131 0.291791143 -0.159019423
v 0.170282549 0.291114545 -0.15671662
v 0.161658173 0.291114545 -0.172598703
v 0.152216149 0.291114545 -0.188008539
v 0.156470189 0.291791143 -0.190771255
v 0.160462987 0.29110716 -0.193364192
v 0.170174043 0.29110716 -0.177515301
v 0.205642742 0.291129478 -0.0918888145
v 0.201044114 0.291796743 -0.0906566217
v 0.196144477 0.291114545 -0.0893437597
v 0.191010706 0.291114545 -0.106671801
v 0.184978861 0.291114545 -0.123708168
v 0.1897144 0.291791143 -0.125525902
v 0.194158994 0.29110716 -0.127232046
v 0.200362727 0.291112759 -0.109710528
v 0.217253581 0.291329771 -0.0185807667
v 0.212499295 0.291846816 -0.0183316176
v 0.207433776 0.291114545 -0.018066156
v 0.206014761 0.291114545 -0.0360829691
v 0.203656853 0.291114545 -0.0540010153
v 0.208666861 0.29181898 -0.0547945595
v 0.213369126 0.291218425 -0.0555393288
v 0.215794232 0.291279698 -0.0371108109
v 0.120024533 -0.272695035 -0.167103138
v 0.112228031 -0.268537571 -0.162039972
v 0.101775533 -0.264706193 -0.155252077
v 0.109572522 -0.264706193 -0.142527046
v 0.116694294 -0.264706193 -0.129412061
v 0.127799043 -0.268537571 -0.135070182
v 0.136082076 -0.272695035 -0.139290623
v 0.128416722 -0.272695035 -0.153406669
v 0.0796588766 -0.272695035 -0.216950503
v 0.0730853961 -0.268537571 -0.210377023
v 0.0642726569 -0.264706193 -0.201564284
v 0.0745449071 -0.264706193 -0.190738386
v 0.0842378652 -0.264706193 -0.179390737
v 0.0939234382 -0.268537571 -0.187233986
v 0.101148034 -0.272695035 -0.193084365
v 0.090715257 -0.272695035 -0.205298194
v 0.0298114298 -0.272695035 -0.25731616
v 0.0247483451 -0.268537571 -0.249519576
v 0.0179604502 -0.264706193 -0.23906716
v 0.0302590867 -0.264706193 -0.230613536
v 0.0420994349 -0.264706193 -0.221529167
v 0.0499427647 -0.268537571 -0.231214821
v 0.0557930633 -0.272695035 -0.238439417
v 0.0430488799 -0.272695035 -0.248217265
v -0.027339172 -0.272695035 -0.286435856
v -0.0306707104 -0.268537571 -0.277756943
v -0.0351370544 -0.264706193 -0.266121677
v -0.0213495283 -0.264706193 -0.26040983
v -0.00787916021 -0.264706193 -0.253985677
v -0.00222103915 -0.268537571 -0.265090345
v 0.00199940188 -0.272695035 -0.27337346
v -0.0124992138 -0.272695035 -0.280287958
v -0.089295269 -0.272695035 -0.303036901
v -0.0907495048 -0.268537571 -0.293854983
v -0.0926991986 -0.264706193 -0.281545309
v -0.078025367 -0.264706193 -0.278824876
v -0.0635137663 -0.264706193 -0.275341819
v -0.0602880554 -0.268537571 -0.287380188
v -0.0578819398 -0.272695035 -0.296359784
v -0.0735014022 -0.272695035 -0.30010879
v -0.153349007 -0.272695035 -0.30639376
v -0.152862477 -0.268537571 -0.297110235
v -0.152210225 -0.264706193 -0.284664138
v -0.137291464 -0.264706193 -0.285054011
v -0.122372704 -0.264706193 -0.284664138
v -0.121720452 -0.268537571 -0.297110235
v -0.121233921 -0.272695035 -0.30639376
v -0.137291464 -0.272695035 -0.306813337
v -0.216700989 -0.272695035 -0.296359784
v -0.214294873 -0.268537571 -0.287380188
v -0.211069162 -0.264706193 -0.275341819
v -0.196557562 -0.264706193 -0.278824876
v -0.18188373 -0.264706193 -0.281545309
v -0.183833424 -0.268537571 -0.293854983
v -0.18528766 -0.272695035 -0.303036901
v -0.201081527 -0.272695035 -0.30010879
v -0.276582331 -0.272695035 -0.27337346
v -0.27236189 -0.268537571 -0.265090345
v -0.266703769 -0.264706193 -0.253985677
v -0.2532334 -0.264706193 -0.26040983
v -0.239445874 -0.264706193 -0.266121677
v -0.243912218 -0.268537571 -0.277756943
v -0.247243757 -0.272695035 -0.286435856
v -0.262083715 -0.272695035 -0.280287958
v -0.330375992 -0.272695035 -0.238439417
v -0.324525612 -0.268537571 -0.231214821
v -0.316682364 -0.264706193 -0.221529167
v -0.304842015 -0.264706193 -0.230613536
v -0.292543379 -0.264706193 -0.23906716
v -0.299331274 -0.268537571 -0.249519576
v -0.304394359 -0.272695035 -0.25731616
v -0.317631809 -0.272695035 -0.248217265
v -0.450982374 -0.280847002 -0.0496839173
v -0.453686738 -0.284393117 -0.050112178
v -0.45572757 -0.287368624 -0.0504354227
v -0.457929903 -0.287368624 -0.0337004699
v -0.459255182 -0.287368624 -0.0168732427
v -0.457191626 -0.284393117 -0.0167651428
v -0.454457315 -0.280847002 -0.0166218212
v -0.453151839 -0.280847002 -0.0331982761
v -0.433797573 -0.280847002 -0.113818162
v -0.436353828 -0.284393117 -0.114799421
v -0.438282908 -0.287368624 -0.11553997
v -0.44391652 -0.287368624 -0.099628508
v -0.448711302 -0.287368624 -0.0834445239
v -0.446715349 -0.284393117 -0.0829097865
v -0.444070635 -0.280847002 -0.0822011316
v -0.439347189 -0.280847002 -0.0981438386
v -0.403654093 -0.280847002 -0.172978027
v -0.405950405 -0.284393117 -0.174469351
v -0.407683412 -0.287368624 -0.175594742
v -0.416502075 -0.287368624 -0.161202279
v -0.424556979 -0.287368624 -0.146368894
v -0.422715791 -0.284393117 -0.145430811
v -0.420276158 -0.280847002 -0.144187743
v -0.412341284 -0.280847002 -0.158800059
v -0.36186926 -0.280847002 -0.224577958
v -0.363805401 -0.284393117 -0.226514099
v -0.365266535 -0.287368624 -0.227975233
v -0.376884759 -0.287368624 -0.215730809
v -0.387847728 -0.287368624 -0.202896298
v -0.386241812 -0.284393117 -0.201595853
v -0.38411398 -0.280847002 -0.199872747
v -0.373314378 -0.280847002 -0.212515973
v -0.310269329 -0.280847002 -0.266362791
v -0.311760572 -0.284393117 -0.268659103
v -0.312885963 -0.287368624 -0.27039211
v -0.326796116 -0.287368624 -0.260830787
v -0.340187925 -0.287368624 -0.250556102
v -0.338887561 -0.284393117 -0.248950266
v -0.337164374 -0.280847002 -0.246822354
v -0.323972128 -0.280847002 -0.256943978
v -0.251109383 -0.280847002 -0.296506271
v -0.252090642 -0.284393117 -0.299062444
v -0.25283111 -0.287368624 -0.300991524
v -0.268425251 -0.287368624 -0.294531257
v -0.283660602 -0.287368624 -0.287265352
v -0.282722519 -0.284393117 -0.285424245
v -0.281479451 -0.280847002 -0.282984612
v -0.266471094 -0.280847002 -0.290142254
v -0.186975138 -0.280847002 -0.31369091
v -0.187403399 -0.284393117 -0.316395274
v -0.187726644 -0.287368624 -0.318436187
v -0.204323144 -0.287368624 -0.315359317
v -0.220736313 -0.287368624 -0.311419838
v -0.220201494 -0.284393117 -0.309423885
v -0.219492839 -0.280847002 -0.306779089
v -0.203324275 -0.280847002 -0.310659892
v -0.1206694 -0.280847002 -0.317165851
v -0.120526078 -0.284393117 -0.319900162
v -0.120417897 -0.287368624 -0.321963718
v -0.137291464 -0.287368624 -0.322404639
v -0.154165032 -0.287368624 -0.321963718
v -0.154056851 -0.284393117 -0.319900162
v -0.153913529 -0.280847002 -0.317165851
v -0.137291464 -0.280847002 -0.317600198
v -0.0550901705 -0.280847002 -0.306779089
v -0.0543814344 -0.284393117 -0.309423885
v -0.0538466158 -0.287368624 -0.311419838
v -0.0702597847 -0.287368624 -0.315359317
v -0.0868562852 -0.287368624 -0.318436187
v -0.0871795298 -0.284393117 -0.316395274
v -0.0876078717 -0.280847002 -0.31369091
v -0.0712586538 -0.280847002 -0.310659892
v 0.00689652234 -0.280847002 -0.282984612
v 0.00813959009 -0.284393117 -0.285424245
v 0.00907767327 -0.287368624 -0.287265352
v -0.00615767735 -0.287368624 -0.294531257
v -0.021751819 -0.287368624 -0.300991524
v -0.0224922871 -0.284393117 -0.299062444
v -0.0234735453 -0.280847002 -0.29650619
v -0.00811183471 -0.280847002 -0.290142254
v 0.0625814452 -0.280847002 -0.246822354
v 0.0643046323 -0.284393117 -0.248950266
v 0.0656049963 -0.287368624 -0.250556102
v 0.0522131873 -0.287368624 -0.260830787
v 0.0383030344 -0.287368624 -0.27039211
v 0.037177643 -0.284393117 -0.268659103
v 0.0356863999 -0.280847002 -0.266362791
v 0.049389199 -0.280847002 -0.256943978
v 0.109531052 -0.280847002 -0.199872747
v 0.111658883 -0.284393117 -0.201595853
v 0.113264719 -0.287368624 -0.202896298
v 0.10230183 -0.287368624 -0.215730809
v 0.0906836061 -0.287368624 -0.227975233
v 0.089222472 -0.284393117 -0.226514099
v 0.0872863312 -0.280847002 -0.224578039
v 0.0987314492 -0.280847002 -0.212516054
v 0.145693229 -0.280847002 -0.144187743
v 0.148132862 -0.284393117 -0.145430811
v 0.14997405 -0.287368624 -0.146368894
v 0.141919147 -0.287368624 -0.161202279
v 0.133100483 -0.287368624 -0.175594742
v 0.131367557 -0.284393117 -0.174469351
v 0.129071165 -0.280847002 -0.172978027
v 0.137758355 -0.280847002 -0.158800059
v -0.0613467365 -0.255332097 -0.0246759133
v -0.0317971569 -0.255393207 -0.0296093106
v -0.00189446706 -0.25557662 -0.0365276233
v -0.00173402148 -0.25557662 -0.0440452737
v -0.00628257656 -0.25557662 -0.0500328885
v -0.0345408818 -0.255393207 -0.0380536012
v -0.0578759343 -0.255332097 -0.00834690331
v -0.0279463006 -0.255393207 -0.00702876618
v 0.00274133081 -0.25557662 -0.00757876097
v 0.00446127171 -0.25557662 -0.0148987963
v 0.00125698602 -0.25557662 -0.0217012993
v -0.0288744016 -0.255393207 -0.015858954
v -0.375730963 -0.272695035 -0.193084365
v -0.368506367 -0.268537571 -0.187233986
v -0.358820713 -0.264706193 -0.179390737
v -0.349127836 -0.264706193 -0.190738386
v -0.338855586 -0.264706193 -0.201564284
v -0.347668325 -0.268537571 -0.210377023
v -0.354241805 -0.272695035 -0.216950503
v -0.365298186 -0.272695035 -0.205298194
v -0.410665005 -0.272695035 -0.139290623
v -0.402381972 -0.268537571 -0.135070182
v -0.391277222 -0.264706193 -0.129412061
v -0.384155451 -0.264706193 -0.142527046
v -0.376358543 -0.264706193 -0.155252077
v -0.386810959 -0.268537571 -0.162039972
v -0.394607462 -0.272695035 -0.167103138
v -0.402999651 -0.272695035 -0.153406669
v -0.43365133 -0.272695035 -0.0794092811
v -0.424671734 -0.268537571 -0.0770031655
v -0.412633365 -0.264706193 -0.0737775358
v -0.408393933 -0.264706193 -0.0880865708
v -0.40341306 -0.264706193 -0.102154653
v -0.415048326 -0.268537571 -0.106620997
v -0.423727158 -0.272695035 -0.109952536
v -0.429088329 -0.272695035 -0.0948105147
v -0.443685225 -0.272695035 -0.0160572994
v -0.434401699 -0.268537571 -0.0155707687
v -0.421955683 -0.264706193 -0.0149185173
v -0.420783952 -0.264706193 -0.0297962942
v -0.418836774 -0.264706193 -0.0445925092
v -0.431146447 -0.268537571 -0.046542203
v -0.440328284 -0.272695035 -0.0479964389
v -0.442424059 -0.272695035 -0.0320706934
v 0.165745356 -0.272695035 -0.0479964389
v 0.156563519 -0.268537571 -0.046542203
v 0.144253845 -0.264706193 -0.0445925092
v 0.146201023 -0.264706193 -0.0297962942
v 0.147372673 -0.264706193 -0.0149185173
v 0.159818689 -0.268537571 -0.0155707687
v 0.169102296 -0.272695035 -0.0160572994
v 0.16784113 -0.272695035 -0.0320706934
v 0.149144229 -0.272695035 -0.109952536
v 0.140465398 -0.268537571 -0.106620997
v 0.128830131 -0.264706193 -0.102154653
v 0.133811005 -0.264706193 -0.0880865708
v 0.138050436 -0.264706193 -0.0737775358
v 0.150088805 -0.268537571 -0.0770031655
v 0.15906832 -0.272695035 -0.0794092811
v 0.1545054 -0.272695035 -0.0948105147
v 0.169517734 -0.291852335 -0.156326908
v 0.172897479 -0.291600994 -0.158048959
v 0.175950246 -0.290846973 -0.159604478
v 0.167166967 -0.290846973 -0.175779129
v 0.157550945 -0.290846973 -0.191473011
v 0.154677451 -0.291600994 -0.189606989
v 0.151496214 -0.291852335 -0.18754108
v 0.160914783 -0.291852335 -0.172169469
v 0.130310986 -0.291852335 -0.216700056
v 0.1332589 -0.291600994 -0.219087181
v 0.13592155 -0.290846973 -0.221243336
v 0.123967258 -0.290846973 -0.235238459
v 0.111298388 -0.290846973 -0.248590096
v 0.108875716 -0.291600994 -0.246167343
v 0.106193508 -0.291852335 -0.243485216
v 0.118602192 -0.291852335 -0.230407724
v 0.0794087536 -0.291852335 -0.267602288
v 0.0817958787 -0.291600994 -0.270550121
v 0.0839521147 -0.290846973 -0.273212771
v 0.0693492946 -0.290846973 -0.284416612
v 0.0541813847 -0.290846973 -0.29484249
v 0.0523152817 -0.291600994 -0.291969078
v 0.0502493724 -0.291852335 -0.288787841
v 0.0651058864 -0.291852335 -0.278576052
v 0.0190356872 -0.291852335 -0.306809036
v 0.0207578193 -0.291600994 -0.310188781
v 0.0223132568 -0.290846973 -0.313241549
v 0.0057002005 -0.290846973 -0.321164492
v -0.0113040281 -0.290846973 -0.328208922
v -0.0125318385 -0.291600994 -0.325010317
v -0.013891203 -0.291852335 -0.321469071
v 0.00276381104 -0.291852335 -0.314569262
v -0.0481695854 -0.291852335 -0.33260677
v -0.0471878402 -0.291600994 -0.336270724
v -0.0463010477 -0.290846973 -0.339580188
v -0.064198399 -0.290846973 -0.343875942
v -0.0822956378 -0.290846973 -0.347231096
v -0.0828315926 -0.291600994 -0.343846969
v -0.0834250059 -0.291852335 -0.340100561
v -0.0656993808 -0.291852335 -0.336814307
v -0.119269944 -0.291852335 -0.343867988
v -0.119071436 -0.291600994 -0.347655949
v -0.118892163 -0.290846973 -0.351077489
v -0.137291464 -0.290846973 -0.351558339
v -0.155690766 -0.290846973 -0.351077489
v -0.155511492 -0.291600994 -0.347655949
v -0.155312985 -0.291852335 -0.343867988
v -0.137291464 -0.291852335 -0.344338937
v -0.191157923 -0.291852335 -0.340100561
v -0.191751336 -0.291600994 -0.343846969
v -0.192287291 -0.290846973 -0.347231015
v -0.21038453 -0.290846973 -0.34387586
v -0.2282818 -0.290846973 -0.339580188
v -0.227395089 -0.291600994 -0.336270724
v -0.226413343 -0.291852335 -0.33260677
v -0.208883548 -0.291852335 -0.336814307
v -0.260691726 -0.291852335 -0.321469071
v -0.26205109 -0.291600994 -0.325010317
v -0.263278901 -0.290846973 -0.328208922
v -0.280283129 -0.290846973 -0.321164492
v -0.296896186 -0.290846973 -0.313241549
v -0.295340748 -0.291600994 -0.310188781
v -0.293618616 -0.291852335 -0.306809036
v -0.27734674 -0.291852335 -0.314569262
v -0.324832301 -0.291852335 -0.288787841
v -0.32689821 -0.291600994 -0.291969078
v -0.328764232 -0.290846973 -0.29484249
v -0.343932223 -0.290846973 -0.284416612
v -0.358535043 -0.290846973 -0.273212771
v -0.356378807 -0.291600994 -0.270550121
v -0.353991682 -0.291852335 -0.267602288
v -0.339688815 -0.291852335 -0.278576052
v -0.333946779 -0.256554713 -0.031098687
v -0.359955437 -0.257573628 -0.0352544466
v -0.383160315 -0.25916307 -0.0389418545
v -0.384860698 -0.25916307 -0.0260205885
v -0.385883914 -0.25916307 -0.0130280674
v -0.362419498 -0.257573628 -0.0118104015
v -0.336115188 -0.256554713 -0.0104678364
v -0.335756072 -0.256554713 -0.0208594673
v -0.323183615 -0.256554713 -0.0713060084
v -0.347759869 -0.257573628 -0.0807785466
v -0.369691002 -0.25916307 -0.0892099333
v -0.374040725 -0.25916307 -0.0769245252
v -0.377742903 -0.25916307 -0.0644286794
v -0.355044358 -0.257573628 -0.0583590159
v -0.329594053 -0.256554713 -0.051576883
v -0.327082191 -0.256554713 -0.0616667756
v -0.304296078 -0.256554713 -0.108397017
v -0.326365826 -0.257573628 -0.122772194
v -0.346064681 -0.25916307 -0.13557903
v -0.352873676 -0.25916307 -0.12446649
v -0.359092991 -0.25916307 -0.113013419
v -0.338152449 -0.257573628 -0.102357138
v -0.314668313 -0.256554713 -0.0904317382
v -0.31011359 -0.256554713 -0.0997788902
v -0.278109607 -0.256554713 -0.140750458
v -0.296708309 -0.257573628 -0.159400046
v -0.313314061 -0.25916307 -0.176022759
v -0.322284649 -0.25916307 -0.166568644
v -0.33074931 -0.25916307 -0.156658918
v -0.312481887 -0.257573628 -0.141881774
v -0.291990381 -0.256554713 -0.125334292
v -0.285591792 -0.256554713 -0.133530245
v -0.245768745 -0.256554713 -0.166952512
v -0.260083542 -0.257573628 -0.189061377
v -0.272870332 -0.25916307 -0.208773379
v -0.283610529 -0.25916307 -0.201390934
v -0.293950544 -0.25916307 -0.193457683
v -0.279154735 -0.257573628 -0.175205436
v -0.262551417 -0.256554713 -0.154759216
v -0.254588626 -0.256554713 -0.161445666
v -0.208686907 -0.256554713 -0.185857822
v -0.218092167 -0.257573628 -0.210459883
v -0.226501154 -0.25916307 -0.232399619
v -0.238541633 -0.25916307 -0.227411523
v -0.250305045 -0.25916307 -0.221801446
v -0.239627421 -0.257573628 -0.200871779
v -0.227637908 -0.256554713 -0.177420348
v -0.218458911 -0.256554713 -0.182305133
v -0.168484698 -0.256554713 -0.196640382
v -0.172569446 -0.257573628 -0.22266024
v -0.176233157 -0.25916307 -0.245868851
v -0.18904754 -0.25916307 -0.243493088
v -0.201720306 -0.25916307 -0.240451358
v -0.195627513 -0.257573628 -0.217759061
v -0.188775829 -0.256554713 -0.192327341
v -0.178781863 -0.256554713 -0.195196939
v -0.12691923 -0.256554713 -0.198828755
v -0.125504842 -0.257573628 -0.225129251
v -0.124263153 -0.25916307 -0.248592449
v -0.137291464 -0.25916307 -0.248932899
v -0.150319775 -0.25916307 -0.248592449
v -0.149078087 -0.257573628 -0.225129251
v -0.147663699 -0.256554713 -0.198828755
v -0.137291464 -0.256554713 -0.19955778
v -0.0858070993 -0.256554713 -0.192327341
v -0.0789554157 -0.257573628 -0.217759061
v -0.0728626226 -0.25916307 -0.240451358
v -0.0855353887 -0.25916307 -0.243493088
v -0.0983497722 -0.25916307 -0.245868851
v -0.102013482 -0.257573628 -0.22266024
v -0.106098231 -0.256554713 -0.196640382
v -0.0958010653 -0.256554713 -0.195197021
v -0.0469450212 -0.256554713 -0.177420348
v -0.0349555082 -0.257573628 -0.200871779
v -0.0242778833 -0.25916307 -0.221801446
v -0.0360413766 -0.25916307 -0.227411523
v -0.0480817745 -0.25916307 -0.232399538
v -0.0564907622 -0.257573628 -0.210459883
v -0.065896022 -0.256554713 -0.185857822
v -0.0561240179 -0.256554713 -0.182305133
v -0.0120315113 -0.256554713 -0.154759216
v 0.0045718063 -0.257573628 -0.175205436
v 0.0193676156 -0.25916307 -0.193457683
v 0.00902759997 -0.25916307 -0.201390934
v -0.00171259628 -0.25916307 -0.208773379
v -0.0144993867 -0.257573628 -0.189061377
v -0.0288141838 -0.256554713 -0.166952512
v -0.0199943028 -0.256554713 -0.161445666
v 0.0174074526 -0.256554713 -0.125334292
v 0.0378989582 -0.257573628 -0.141881774
v 0.0561663813 -0.25916307 -0.156658918
v 0.0477017205 -0.25916307 -0.166568644
v 0.0387311327 -0.25916307 -0.176022759
v 0.0221253805 -0.257573628 -0.159400046
v 0.00352667824 -0.256554713 -0.140750458
v 0.0110088635 -0.256554713 -0.133530245
v 0.0400853843 -0.256554713 -0.0904317382
v 0.0635695205 -0.257573628 -0.102357138
v 0.0845100627 -0.25916307 -0.113013419
v 0.0782907474 -0.25916307 -0.12446649
v 0.0714817519 -0.25916307 -0.13557903
v 0.0517828977 -0.257573628 -0.122772194
v 0.0297131498 -0.256554713 -0.108397017
v 0.0355306614 -0.256554713 -0.0997788902
v 0.0550111245 -0.256554713 -0.051576883
v 0.0804615103 -0.257573628 -0.0583590159
v 0.103159974 -0.25916307 -0.0644286794
v 0.0994577962 -0.25916307 -0.0769245252
v 0.0951080735 -0.25916307 -0.0892099333
v 0.0731769401 -0.257573628 -0.0807785466
v 0.0486006865 -0.256554713 -0.0713060084
v 0.0524992625 -0.256554713 -0.0616667756
v 0.0615322593 -0.256554713 -0.0104678364
v 0.0878365695 -0.257573628 -0.0118104015
v 0.111300985 -0.25916307 -0.0130280674
v 0.110277769 -0.25916307 -0.0260205885
v 0.108577387 -0.25916307 -0.0389418545
v 0.0853725085 -0.257573628 -0.0352544466
v 0.0593638499 -0.256554713 -0.031098687
v 0.0611731437 -0.256554713 -0.0208594673
v -0.380776436 -0.291852335 -0.243485216
v -0.383458645 -0.291600994 -0.246167343
v -0.385881317 -0.290846973 -0.248590096
v -0.398550187 -0.290846973 -0.235238459
v -0.410504478 -0.290846973 -0.221243336
v -0.407841828 -0.291600994 -0.219087181
v -0.404893915 -0.291852335 -0.216700056
v -0.393185121 -0.291852335 -0.230407724
v -0.426079143 -0.291852335 -0.18754108
v -0.42926038 -0.291600994 -0.189606989
v -0.432133873 -0.290846973 -0.191473011
v -0.441749896 -0.290846973 -0.175779129
v -0.450533175 -0.290846973 -0.159604478
v -0.447480408 -0.291600994 -0.158048959
v -0.444100663 -0.291852335 -0.156326908
v -0.435497712 -0.291852335 -0.172169469
v -0.458760454 -0.291852335 -0.123400505
v -0.462301619 -0.291600994 -0.124759869
v -0.465500305 -0.290846973 -0.125987761
v -0.471643334 -0.290846973 -0.108637483
v -0.476871733 -0.290846973 -0.0909900921
v -0.473562269 -0.291600994 -0.0901032995
v -0.469898315 -0.291852335 -0.0891215544
v -0.464777285 -0.291852335 -0.106406583
v -0.477391944 -0.291852335 -0.0538667831
v -0.481138433 -0.291600994 -0.0544601152
v -0.48452248 -0.290846973 -0.0549961512
v -0.486923888 -0.290846973 -0.0367478809
v -0.488368953 -0.290846973 -0.0183990583
v -0.484947494 -0.291600994 -0.0182197033
v -0.481159534 -0.291852335 -0.0180211955
v -0.479744091 -0.291852335 -0.0359932105
v 0.206576605 -0.291852335 -0.0180211955
v 0.210364565 -0.291600994 -0.0182197033
v 0.213786025 -0.290846973 -0.0183990583
v 0.212340959 -0.290846973 -0.0367478809
v 0.209939551 -0.290846973 -0.0549961512
v 0.206555504 -0.291600994 -0.0544601152
v 0.202809096 -0.291852335 -0.0538667831
v 0.205161162 -0.291852335 -0.0359932105
v 0.195315387 -0.291852335 -0.0891216355
v 0.198979341 -0.291600994 -0.0901032995
v 0.202288804 -0.290846973 -0.0909900921
v 0.197060405 -0.290846973 -0.108637483
v 0.190917376 -0.290846973 -0.125987761
v 0.187718771 -0.291600994 -0.124759869
v 0.184177526 -0.291852335 -0.123400505
v 0.190194357 -0.291852335 -0.106406583
v 0.185498909 -0.271872518 -0.164469785
v 0.18578677 -0.267004695 -0.164616434
v 0.185882696 -0.260291951 -0.16466529
v 0.176820889 -0.260291951 -0.181352848
v 0.166899963 -0.260291951 -0.197544379
v 0.166809637 -0.267004695 -0.197485703
v 0.166538656 -0.271872518 -0.197309757
v 0.176447896 -0.271872518 -0.18113754
v 0.144249949 -0.271872518 -0.227987569
v 0.144501046 -0.267004695 -0.228190865
v 0.144584718 -0.260291951 -0.22825863
v 0.132251428 -0.260291951 -0.242697515
v 0.119180835 -0.260291951 -0.256472462
v 0.11910471 -0.267004695 -0.256396337
v 0.118876256 -0.271872518 -0.256167964
v 0.131931348 -0.271872518 -0.242409248
v 0.0906963476 -0.271872518 -0.281541251
v 0.0908996436 -0.267004695 -0.281792348
v 0.0909674089 -0.260291951 -0.28187602
v 0.0759015934 -0.260291951 -0.293435081
v 0.0602526714 -0.260291951 -0.30419159
v 0.0601939955 -0.267004695 -0.304101263
v 0.0600180491 -0.271872518 -0.303830364
v 0.0756484675 -0.271872518 -0.293086597
v 0.0271785641 -0.271872518 -0.322790211
v 0.0273252131 -0.267004695 -0.323078072
v 0.0273740691 -0.260291951 -0.323173998
v 0.0102342286 -0.260291951 -0.33134812
v -0.00730911987 -0.260291951 -0.338615972
v -0.00734775017 -0.267004695 -0.33851542
v -0.00746347875 -0.271872518 -0.338213844
v 0.0100590126 -0.271872518 -0.330954676
v 0.212640344 -0.271872518 -0.0937637636
v 0.212952389 -0.267008753 -0.0938474355
v 0.213056431 -0.260308101 -0.093875272
v 0.207662149 -0.260296009 -0.112082234
v 0.201324427 -0.260291951 -0.129982588
v 0.201223955 -0.267004695 -0.129944039
v 0.200922298 -0.271872518 -0.129828229
v 0.207252554 -0.271872518 -0.111949138
v 0.224488159 -0.271872518 -0.018959928
v 0.224810754 -0.267045111 -0.0189768084
v 0.224918205 -0.26045337 -0.0189824894
v 0.223427368 -0.260417012 -0.0379130388
v 0.220949753 -0.26037262 -0.056739952
v 0.220843358 -0.267024903 -0.0567231527
v 0.220524333 -0.271872518 -0.0566725924
v 0.222999026 -0.271872518 -0.0378680783
v -0.0435273762 -0.271872518 -0.349931727
v -0.0434437854 -0.267004695 -0.350243773
v -0.0434158677 -0.260291951 -0.350347734
v -0.0618807436 -0.260291951 -0.354779667
v -0.0805517559 -0.260291951 -0.358241218
v -0.0805686363 -0.267004695 -0.358134822
v -0.0806191154 -0.271872518 -0.357815798
v -0.0619702587 -0.271872518 -0.354358386
v -0.118331293 -0.271872518 -0.361779542
v -0.118314331 -0.267004695 -0.362102137
v -0.118308732 -0.260291951 -0.362209669
v -0.137291464 -0.260291951 -0.362705695
v -0.156274197 -0.260291951 -0.362209669
v -0.156268597 -0.267004695 -0.362102137
v -0.156251636 -0.271872518 -0.361779542
v -0.137291464 -0.271872518 -0.362275
v -0.193963813 -0.271872518 -0.357815798
v -0.194014292 -0.267004695 -0.358134822
v -0.194031173 -0.260291951 -0.358241218
v -0.212702185 -0.260291951 -0.354779667
v -0.231167061 -0.260291951 -0.350347734
v -0.231139143 -0.267004695 -0.350243773
v -0.231055553 -0.271872518 -0.349931727
v -0.21261267 -0.271872518 -0.354358386
v -0.26711945 -0.271872518 -0.338213844
v -0.267235179 -0.267004695 -0.33851542
v -0.267273809 -0.260291951 -0.338615972
v -0.284817157 -0.260291951 -0.33134812
v -0.301956998 -0.260291951 -0.323173998
v -0.301908142 -0.267004695 -0.323078072
v -0.301761493 -0.271872518 -0.322790211
v -0.284642023 -0.271872518 -0.330954676
v -0.334600978 -0.271872518 -0.303830364
v -0.334776924 -0.267004695 -0.304101263
v -0.3348356 -0.260291951 -0.30419159
v -0.350484522 -0.260291951 -0.293435081
v -0.365550338 -0.260291951 -0.28187602
v -0.365482572 -0.267004695 -0.281792348
v -0.365279276 -0.271872518 -0.281541251
v -0.350231396 -0.271872518 -0.293086597
v -0.393459185 -0.271872518 -0.256167964
v -0.393687639 -0.267004695 -0.256396337
v -0.393763764 -0.260291951 -0.256472543
v -0.406834357 -0.260291951 -0.242697515
v -0.419167647 -0.260291951 -0.22825863
v -0.419083975 -0.267004695 -0.228190865
v -0.418832878 -0.271872518 -0.227987569
v -0.406514277 -0.271872518 -0.242409248
v -0.441121585 -0.271872518 -0.197309757
v -0.441392565 -0.267004695 -0.197485703
v -0.441482811 -0.260291951 -0.197544379
v -0.451403818 -0.260291951 -0.181352848
v -0.460465625 -0.260291951 -0.16466529
v -0.460369698 -0.267004695 -0.164616434
v -0.460081838 -0.271872518 -0.164469785
v -0.451030824 -0.271872518 -0.18113754
v -0.475505227 -0.271872518 -0.129828229
v -0.475806884 -0.267004695 -0.129944039
v -0.475907355 -0.260291951 -0.129982588
v -0.482245078 -0.260291951 -0.112082234
v -0.48763936 -0.260291951 -0.093875272
v -0.487535318 -0.267004695 -0.0938474355
v -0.487223273 -0.271872518 -0.0937637636
v -0.481835483 -0.271872518 -0.111949138
v -0.495107262 -0.271872518 -0.0566725924
v -0.495426287 -0.267004695 -0.0567231527
v -0.495532682 -0.260291951 -0.056739952
v -0.498010296 -0.260291951 -0.0379130388
v -0.499501134 -0.260291951 -0.0189824894
v -0.499393602 -0.267004695 -0.0189768084
v -0.499071006 -0.271872518 -0.018959928
v -0.497581954 -0.271872518 -0.0378680783
usemtl AgenticSimDefault
f 3069 6137 3072
f 3069 3072 223
f 6137 6138 755
f 6137 755 3072
f 754 6142 6137
f 754 6137 3069
f 6142 753 6138
f 6142 6138 6137
f 3071 6139 3074
f 3071 3074 218
f 6139 6140 756
f 6139 756 3074
f 755 6138 6139
f 755 6139 3071
f 6138 753 6140
f 6138 6140 6139
f 3073 6141 3070
f 3073 3070 224
f 6141 6142 754
f 6141 754 3070
f 756 6140 6141
f 756 6141 3073
f 6140 753 6142
f 6140 6142 6141
f 3075 6143 3078
f 3075 3078 222
f 6143 6144 759
f 6143 759 3078
f 758 6148 6143
f 758 6143 3075
f 6148 757 6144
f 6148 6144 6143
f 3077 6145 3071
f 3077 3071 218
f 6145 6146 755
f 6145 755 3071
f 759 6144 6145
f 759 6145 3077
f 6144 757 6146
f 6144 6146 6145
f 3072 6147 3076
f 3072 3076 223
f 6147 6148 758
f 6147 758 3076
f 755 6146 6147
f 755 6147 3072
f 6146 757 6148
f 6146 6148 6147
f 3079 6149 3082
f 3079 3082 221
f 6149 6150 762
f 6149 762 3082
f 761 6154 6149
f 761 6149 3079
f 6154 760 6150
f 6154 6150 6149
f 3081 6151 3077
f 3081 3077 218
f 6151 6152 759
f 6151 759 3077
f 762 6150 6151
f 762 6151 3081
f 6150 760 6152
f 6150 6152 6151
f 3078 6153 3080
f 3078 3080 222
f 6153 6154 761
f 6153 761 3080
f 759 6152 6153
f 759 6153 3078
f 6152 760 6154
f 6152 6154 6153
f 3083 6155 3086
f 3083 3086 220
f 6155 6156 765
f 6155 765 3086
f 764 6160 6155
f 764 6155 3083
f 6160 763 6156
f 6160 6156 6155
f 3085 6157 3081
f 3085 3081 218
f 6157 6158 762
f 6157 762 3081
f 765 6156 6157
f 765 6157 3085
f 6156 763 6158
f 6156 6158 6157
f 3082 6159 3084
f 3082 3084 221
f 6159 6160 764
f 6159 764 3084
f 762 6158 6159
f 762 6159 3082
f 6158 763 6160
f 6158 6160 6159
f 3087 6161 3090
f 3087 3090 219
f 6161 6162 768
f 6161 768 3090
f 767 6166 6161
f 767 6161 3087
f 6166 766 6162
f 6166 6162 6161
f 3089 6163 3085
f 3089 3085 218
f 6163 6164 765
f 6163 765 3085
f 768 6162 6163
f 768 6163 3089
f 6162 766 6164
f 6162 6164 6163
f 3086 6165 3088
f 3086 3088 220
f 6165 6166 767
f 6165 767 3088
f 765 6164 6165
f 765 6165 3086
f 6164 766 6166
f 6164 6166 6165
f 3091 6167 3094
f 3091 3094 116
f 6167 6168 771
f 6167 771 3094
f 770 6174 6167
f 770 6167 3091
f 6174 769 6168
f 6174 6168 6167
f 3093 6169 3096
f 3093 3096 118
f 6169 6170 772
f 6169 772 3096
f 771 6168 6169
f 771 6169 3093
f 6168 769 6170
f 6168 6170 6169
f 3095 6171 3098
f 3095 3098 30
f 6171 6172 773
f 6171 773 3098
f 772 6170 6171
f 772 6171 3095
f 6170 769 6172
f 6170 6172 6171
f 3097 6173 3092
f 3097 3092 1
f 6173 6174 770
f 6173 770 3092
f 773 6172 6173
f 773 6173 3097
f 6172 769 6174
f 6172 6174 6173
f 3099 6175 3102
f 3099 3102 114
f 6175 6176 776
f 6175 776 3102
f 775 6182 6175
f 775 6175 3099
f 6182 774 6176
f 6182 6176 6175
f 3101 6177 3091
f 3101 3091 116
f 6177 6178 770
f 6177 770 3091
f 776 6176 6177
f 776 6177 3101
f 6176 774 6178
f 6176 6178 6177
f 3092 6179 3104
f 3092 3104 1
f 6179 6180 777
f 6179 777 3104
f 770 6178 6179
f 770 6179 3092
f 6178 774 6180
f 6178 6180 6179
f 3103 6181 3100
f 3103 3100 2
f 6181 6182 775
f 6181 775 3100
f 777 6180 6181
f 777 6181 3103
f 6180 774 6182
f 6180 6182 6181
f 3105 6183 3108
f 3105 3108 112
f 6183 6184 780
f 6183 780 3108
f 779 6190 6183
f 779 6183 3105
f 6190 778 6184
f 6190 6184 6183
f 3107 6185 3099
f 3107 3099 114
f 6185 6186 775
f 6185 775 3099
f 780 6184 6185
f 780 6185 3107
f 6184 778 6186
f 6184 6186 6185
f 3100 6187 3110
f 3100 3110 2
f 6187 6188 781
f 6187 781 3110
f 775 6186 6187
f 775 6187 3100
f 6186 778 6188
f 6186 6188 6187
f 3109 6189 3106
f 3109 3106 5
f 6189 6190 779
f 6189 779 3106
f 781 6188 6189
f 781 6189 3109
f 6188 778 6190
f 6188 6190 6189
f 3111 6191 3114
f 3111 3114 110
f 6191 6192 784
f 6191 784 3114
f 783 6198 6191
f 783 6191 3111
f 6198 782 6192
f 6198 6192 6191
f 3113 6193 3105
f 3113 3105 112
f 6193 6194 779
f 6193 779 3105
f 784 6192 6193
f 784 6193 3113
f 6192 782 6194
f 6192 6194 6193
f 3106 6195 3116
f 3106 3116 5
f 6195 6196 785
f 6195 785 3116
f 779 6194 6195
f 779 6195 3106
f 6194 782 6196
f 6194 6196 6195
f 3115 6197 3112
f 3115 3112 6
f 6197 6198 783
f 6197 783 3112
f 785 6196 6197
f 785 6197 3115
f 6196 782 6198
f 6196 6198 6197
f 3117 6199 3120
f 3117 3120 108
f 6199 6200 788
f 6199 788 3120
f 787 6206 6199
f 787 6199 3117
f 6206 786 6200
f 6206 6200 6199
f 3119 6201 3111
f 3119 3111 110
f 6201 6202 783
f 6201 783 3111
f 788 6200 6201
f 788 6201 3119
f 6200 786 6202
f 6200 6202 6201
f 3112 6203 3122
f 3112 3122 6
f 6203 6204 789
f 6203 789 3122
f 783 6202 6203
f 783 6203 3112
f 6202 786 6204
f 6202 6204 6203
f 3121 6205 3118
f 3121 3118 9
f 6205 6206 787
f 6205 787 3118
f 789 6204 6205
f 789 6205 3121
f 6204 786 6206
f 6204 6206 6205
f 3123 6207 3126
f 3123 3126 106
f 6207 6208 792
f 6207 792 3126
f 791 6214 6207
f 791 6207 3123
f 6214 790 6208
f 6214 6208 6207
f 3125 6209 3117
f 3125 3117 108
f 6209 6210 787
f 6209 787 3117
f 792 6208 6209
f 792 6209 3125
f 6208 790 6210
f 6208 6210 6209
f 3118 6211 3128
f 3118 3128 9
f 6211 6212 793
f 6211 793 3128
f 787 6210 6211
f 787 6211 3118
f 6210 790 6212
f 6210 6212 6211
f 3127 6213 3124
f 3127 3124 10
f 6213 6214 791
f 6213 791 3124
f 793 6212 6213
f 793 6213 3127
f 6212 790 6214
f 6212 6214 6213
f 3129 6215 3132
f 3129 3132 104
f 6215 6216 796
f 6215 796 3132
f 795 6222 6215
f 795 6215 3129
f 6222 794 6216
f 6222 6216 6215
f 3131 6217 3123
f 3131 3123 106
f 6217 6218 791
f 6217 791 3123
f 796 6216 6217
f 796 6217 3131
f 6216 794 6218
f 6216 6218 6217
f 3124 6219 3134
f 3124 3134 10
f 6219 6220 797
f 6219 797 3134
f 791 6218 6219
f 791 6219 3124
f 6218 794 6220
f 6218 6220 6219
f 3133 6221 3130
f 3133 3130 13
f 6221 6222 795
f 6221 795 3130
f 797 6220 6221
f 797 6221 3133
f 6220 794 6222
f 6220 6222 6221
f 3135 6223 3138
f 3135 3138 102
f 6223 6224 800
f 6223 800 3138
f 799 6230 6223
f 799 6223 3135
f 6230 798 6224
f 6230 6224 6223
f 3137 6225 3129
f 3137 3129 104
f 6225 6226 795
f 6225 795 3129
f 800 6224 6225
f 800 6225 3137
f 6224 798 6226
f 6224 6226 6225
f 3130 6227 3140
f 3130 3140 13
f 6227 6228 801
f 6227 801 3140
f 795 6226 6227
f 795 6227 3130
f 6226 798 6228
f 6226 6228 6227
f 3139 6229 3136
f 3139 3136 14
f 6229 6230 799
f 6229 799 3136
f 801 6228 6229
f 801 6229 3139
f 6228 798 6230
f 6228 6230 6229
f 3141 6231 3144
f 3141 3144 100
f 6231 6232 804
f 6231 804 3144
f 803 6238 6231
f 803 6231 3141
f 6238 802 6232
f 6238 6232 6231
f 3143 6233 3135
f 3143 3135 102
f 6233 6234 799
f 6233 799 3135
f 804 6232 6233
f 804 6233 3143
f 6232 802 6234
f 6232 6234 6233
f 3136 6235 3146
f 3136 3146 14
f 6235 6236 805
f 6235 805 3146
f 799 6234 6235
f 799 6235 3136
f 6234 802 6236
f 6234 6236 6235
f 3145 6237 3142
f 3145 3142 17
f 6237 6238 803
f 6237 803 3142
f 805 6236 6237
f 805 6237 3145
f 6236 802 6238
f 6236 6238 6237
f 3147 6239 3150
f 3147 3150 98
f 6239 6240 808
f 6239 808 3150
f 807 6246 6239
f 807 6239 3147
f 6246 806 6240
f 6246 6240 6239
f 3149 6241 3141
f 3149 3141 100
f 6241 6242 803
f 6241 803 3141
f 808 6240 6241
f 808 6241 3149
f 6240 806 6242
f 6240 6242 6241
f 3142 6243 3152
f 3142 3152 17
f 6243 6244 809
f 6243 809 3152
f 803 6242 6243
f 803 6243 3142
f 6242 806 6244
f 6242 6244 6243
f 3151 6245 3148
f 3151 3148 18
f 6245 6246 807
f 6245 807 3148
f 809 6244 6245
f 809 6245 3151
f 6244 806 6246
f 6244 6246 6245
f 3153 6247 3156
f 3153 3156 96
f 6247 6248 812
f 6247 812 3156
f 811 6254 6247
f 811 6247 3153
f 6254 810 6248
f 6254 6248 6247
f 3155 6249 3147
f 3155 3147 98
f 6249 6250 807
f 6249 807 3147
f 812 6248 6249
f 812 6249 3155
f 6248 810 6250
f 6248 6250 6249
f 3148 6251 3158
f 3148 3158 18
f 6251 6252 813
f 6251 813 3158
f 807 6250 6251
f 807 6251 3148
f 6250 810 6252
f 6250 6252 6251
f 3157 6253 3154
f 3157 3154 21
f 6253 6254 811
f 6253 811 3154
f 813 6252 6253
f 813 6253 3157
f 6252 810 6254
f 6252 6254 6253
f 3159 6255 3162
f 3159 3162 94
f 6255 6256 816
f 6255 816 3162
f 815 6262 6255
f 815 6255 3159
f 6262 814 6256
f 6262 6256 6255
f 3161 6257 3153
f 3161 3153 96
f 6257 6258 811
f 6257 811 3153
f 816 6256 6257
f 816 6257 3161
f 6256 814 6258
f 6256 6258 6257
f 3154 6259 3164
f 3154 3164 21
f 6259 6260 817
f 6259 817 3164
f 811 6258 6259
f 811 6259 3154
f 6258 814 6260
f 6258 6260 6259
f 3163 6261 3160
f 3163 3160 22
f 6261 6262 815
f 6261 815 3160
f 817 6260 6261
f 817 6261 3163
f 6260 814 6262
f 6260 6262 6261
f 3165 6263 3168
f 3165 3168 92
f 6263 6264 820
f 6263 820 3168
f 819 6270 6263
f 819 6263 3165
f 6270 818 6264
f 6270 6264 6263
f 3167 6265 3159
f 3167 3159 94
f 6265 6266 815
f 6265 815 3159
f 820 6264 6265
f 820 6265 3167
f 6264 818 6266
f 6264 6266 6265
f 3160 6267 3170
f 3160 3170 22
f 6267 6268 821
f 6267 821 3170
f 815 6266 6267
f 815 6267 3160
f 6266 818 6268
f 6266 6268 6267
f 3169 6269 3166
f 3169 3166 25
f 6269 6270 819
f 6269 819 3166
f 821 6268 6269
f 821 6269 3169
f 6268 818 6270
f 6268 6270 6269
f 3171 6271 3174
f 3171 3174 120
f 6271 6272 824
f 6271 824 3174
f 823 6278 6271
f 823 6271 3171
f 6278 822 6272
f 6278 6272 6271
f 3173 6273 3176
f 3173 3176 62
f 6273 6274 825
f 6273 825 3176
f 824 6272 6273
f 824 6273 3173
f 6272 822 6274
f 6272 6274 6273
f 3175 6275 3178
f 3175 3178 26
f 6275 6276 826
f 6275 826 3178
f 825 6274 6275
f 825 6275 3175
f 6274 822 6276
f 6274 6276 6275
f 3177 6277 3172
f 3177 3172 29
f 6277 6278 823
f 6277 823 3172
f 826 6276 6277
f 826 6277 3177
f 6276 822 6278
f 6276 6278 6277
f 3096 6279 3180
f 3096 3180 118
f 6279 6280 828
f 6279 828 3180
f 772 6286 6279
f 772 6279 3096
f 6286 827 6280
f 6286 6280 6279
f 3179 6281 3171
f 3179 3171 120
f 6281 6282 823
f 6281 823 3171
f 828 6280 6281
f 828 6281 3179
f 6280 827 6282
f 6280 6282 6281
f 3172 6283 3182
f 3172 3182 29
f 6283 6284 829
f 6283 829 3182
f 823 6282 6283
f 823 6283 3172
f 6282 827 6284
f 6282 6284 6283
f 3181 6285 3095
f 3181 3095 30
f 6285 6286 772
f 6285 772 3095
f 829 6284 6285
f 829 6285 3181
f 6284 827 6286
f 6284 6286 6285
f 3183 6287 3186
f 3183 3186 365
f 6287 6288 832
f 6287 832 3186
f 831 6294 6287
f 831 6287 3183
f 6294 830 6288
f 6294 6288 6287
f 3185 6289 3188
f 3185 3188 348
f 6289 6290 833
f 6289 833 3188
f 832 6288 6289
f 832 6289 3185
f 6288 830 6290
f 6288 6290 6289
f 3187 6291 3190
f 3187 3190 74
f 6291 6292 834
f 6291 834 3190
f 833 6290 6291
f 833 6291 3187
f 6290 830 6292
f 6290 6292 6291
f 3189 6293 3184
f 3189 3184 49
f 6293 6294 831
f 6293 831 3184
f 834 6292 6293
f 834 6293 3189
f 6292 830 6294
f 6292 6294 6293
f 3191 6295 3194
f 3191 3194 335
f 6295 6296 837
f 6295 837 3194
f 836 6302 6295
f 836 6295 3191
f 6302 835 6296
f 6302 6296 6295
f 3193 6297 3196
f 3193 3196 316
f 6297 6298 838
f 6297 838 3196
f 837 6296 6297
f 837 6297 3193
f 6296 835 6298
f 6296 6298 6297
f 3195 6299 3198
f 3195 3198 50
f 6299 6300 839
f 6299 839 3198
f 838 6298 6299
f 838 6299 3195
f 6298 835 6300
f 6298 6300 6299
f 3197 6301 3192
f 3197 3192 55
f 6301 6302 836
f 6301 836 3192
f 839 6300 6301
f 839 6301 3197
f 6300 835 6302
f 6300 6302 6301
f 3199 6303 3202
f 3199 3202 336
f 6303 6304 842
f 6303 842 3202
f 841 6310 6303
f 841 6303 3199
f 6310 840 6304
f 6310 6304 6303
f 3201 6305 3191
f 3201 3191 335
f 6305 6306 836
f 6305 836 3191
f 842 6304 6305
f 842 6305 3201
f 6304 840 6306
f 6304 6306 6305
f 3192 6307 3204
f 3192 3204 55
f 6307 6308 843
f 6307 843 3204
f 836 6306 6307
f 836 6307 3192
f 6306 840 6308
f 6306 6308 6307
f 3203 6309 3200
f 3203 3200 56
f 6309 6310 841
f 6309 841 3200
f 843 6308 6309
f 843 6309 3203
f 6308 840 6310
f 6308 6310 6309
f 3205 6311 3208
f 3205 3208 318
f 6311 6312 846
f 6311 846 3208
f 845 6316 6311
f 845 6311 3205
f 6316 844 6312
f 6316 6312 6311
f 3207 6313 3210
f 3207 3210 301
f 6313 6314 847
f 6313 847 3210
f 846 6312 6313
f 846 6313 3207
f 6312 844 6314
f 6312 6314 6313
f 3209 6315 3206
f 3209 3206 317
f 6315 6316 845
f 6315 845 3206
f 847 6314 6315
f 847 6315 3209
f 6314 844 6316
f 6314 6316 6315
f 3211 6317 3214
f 3211 3214 319
f 6317 6318 850
f 6317 850 3214
f 849 6322 6317
f 849 6317 3211
f 6322 848 6318
f 6322 6318 6317
f 3213 6319 3207
f 3213 3207 301
f 6319 6320 846
f 6319 846 3207
f 850 6318 6319
f 850 6319 3213
f 6318 848 6320
f 6318 6320 6319
f 3208 6321 3212
f 3208 3212 318
f 6321 6322 849
f 6321 849 3212
f 846 6320 6321
f 846 6321 3208
f 6320 848 6322
f 6320 6322 6321
f 3215 6323 3218
f 3215 3218 320
f 6323 6324 853
f 6323 853 3218
f 852 6328 6323
f 852 6323 3215
f 6328 851 6324
f 6328 6324 6323
f 3217 6325 3213
f 3217 3213 301
f 6325 6326 850
f 6325 850 3213
f 853 6324 6325
f 853 6325 3217
f 6324 851 6326
f 6324 6326 6325
f 3214 6327 3216
f 3214 3216 319
f 6327 6328 852
f 6327 852 3216
f 850 6326 6327
f 850 6327 3214
f 6326 851 6328
f 6326 6328 6327
f 3219 6329 3222
f 3219 3222 321
f 6329 6330 856
f 6329 856 3222
f 855 6334 6329
f 855 6329 3219
f 6334 854 6330
f 6334 6330 6329
f 3221 6331 3217
f 3221 3217 301
f 6331 6332 853
f 6331 853 3217
f 856 6330 6331
f 856 6331 3221
f 6330 854 6332
f 6330 6332 6331
f 3218 6333 3220
f 3218 3220 320
f 6333 6334 855
f 6333 855 3220
f 853 6332 6333
f 853 6333 3218
f 6332 854 6334
f 6332 6334 6333
f 3223 6335 3226
f 3223 3226 322
f 6335 6336 859
f 6335 859 3226
f 858 6340 6335
f 858 6335 3223
f 6340 857 6336
f 6340 6336 6335
f 3225 6337 3221
f 3225 3221 301
f 6337 6338 856
f 6337 856 3221
f 859 6336 6337
f 859 6337 3225
f 6336 857 6338
f 6336 6338 6337
f 3222 6339 3224
f 3222 3224 321
f 6339 6340 858
f 6339 858 3224
f 856 6338 6339
f 856 6339 3222
f 6338 857 6340
f 6338 6340 6339
f 3227 6341 3230
f 3227 3230 323
f 6341 6342 862
f 6341 862 3230
f 861 6346 6341
f 861 6341 3227
f 6346 860 6342
f 6346 6342 6341
f 3229 6343 3225
f 3229 3225 301
f 6343 6344 859
f 6343 859 3225
f 862 6342 6343
f 862 6343 3229
f 6342 860 6344
f 6342 6344 6343
f 3226 6345 3228
f 3226 3228 322
f 6345 6346 861
f 6345 861 3228
f 859 6344 6345
f 859 6345 3226
f 6344 860 6346
f 6344 6346 6345
f 3231 6347 3234
f 3231 3234 324
f 6347 6348 865
f 6347 865 3234
f 864 6352 6347
f 864 6347 3231
f 6352 863 6348
f 6352 6348 6347
f 3233 6349 3229
f 3233 3229 301
f 6349 6350 862
f 6349 862 3229
f 865 6348 6349
f 865 6349 3233
f 6348 863 6350
f 6348 6350 6349
f 3230 6351 3232
f 3230 3232 323
f 6351 6352 864
f 6351 864 3232
f 862 6350 6351
f 862 6351 3230
f 6350 863 6352
f 6350 6352 6351
f 3235 6353 3238
f 3235 3238 325
f 6353 6354 868
f 6353 868 3238
f 867 6358 6353
f 867 6353 3235
f 6358 866 6354
f 6358 6354 6353
f 3237 6355 3233
f 3237 3233 301
f 6355 6356 865
f 6355 865 3233
f 868 6354 6355
f 868 6355 3237
f 6354 866 6356
f 6354 6356 6355
f 3234 6357 3236
f 3234 3236 324
f 6357 6358 867
f 6357 867 3236
f 865 6356 6357
f 865 6357 3234
f 6356 866 6358
f 6356 6358 6357
f 3239 6359 3242
f 3239 3242 326
f 6359 6360 871
f 6359 871 3242
f 870 6364 6359
f 870 6359 3239
f 6364 869 6360
f 6364 6360 6359
f 3241 6361 3237
f 3241 3237 301
f 6361 6362 868
f 6361 868 3237
f 871 6360 6361
f 871 6361 3241
f 6360 869 6362
f 6360 6362 6361
f 3238 6363 3240
f 3238 3240 325
f 6363 6364 870
f 6363 870 3240
f 868 6362 6363
f 868 6363 3238
f 6362 869 6364
f 6362 6364 6363
f 3243 6365 3246
f 3243 3246 327
f 6365 6366 874
f 6365 874 3246
f 873 6370 6365
f 873 6365 3243
f 6370 872 6366
f 6370 6366 6365
f 3245 6367 3241
f 3245 3241 301
f 6367 6368 871
f 6367 871 3241
f 874 6366 6367
f 874 6367 3245
f 6366 872 6368
f 6366 6368 6367
f 3242 6369 3244
f 3242 3244 326
f 6369 6370 873
f 6369 873 3244
f 871 6368 6369
f 871 6369 3242
f 6368 872 6370
f 6368 6370 6369
f 3247 6371 3250
f 3247 3250 328
f 6371 6372 877
f 6371 877 3250
f 876 6376 6371
f 876 6371 3247
f 6376 875 6372
f 6376 6372 6371
f 3249 6373 3245
f 3249 3245 301
f 6373 6374 874
f 6373 874 3245
f 877 6372 6373
f 877 6373 3249
f 6372 875 6374
f 6372 6374 6373
f 3246 6375 3248
f 3246 3248 327
f 6375 6376 876
f 6375 876 3248
f 874 6374 6375
f 874 6375 3246
f 6374 875 6376
f 6374 6376 6375
f 3251 6377 3254
f 3251 3254 329
f 6377 6378 880
f 6377 880 3254
f 879 6382 6377
f 879 6377 3251
f 6382 878 6378
f 6382 6378 6377
f 3253 6379 3249
f 3253 3249 301
f 6379 6380 877
f 6379 877 3249
f 880 6378 6379
f 880 6379 3253
f 6378 878 6380
f 6378 6380 6379
f 3250 6381 3252
f 3250 3252 328
f 6381 6382 879
f 6381 879 3252
f 877 6380 6381
f 877 6381 3250
f 6380 878 6382
f 6380 6382 6381
f 3255 6383 3258
f 3255 3258 330
f 6383 6384 883
f 6383 883 3258
f 882 6388 6383
f 882 6383 3255
f 6388 881 6384
f 6388 6384 6383
f 3257 6385 3253
f 3257 3253 301
f 6385 6386 880
f 6385 880 3253
f 883 6384 6385
f 883 6385 3257
f 6384 881 6386
f 6384 6386 6385
f 3254 6387 3256
f 3254 3256 329
f 6387 6388 882
f 6387 882 3256
f 880 6386 6387
f 880 6387 3254
f 6386 881 6388
f 6386 6388 6387
f 3259 6389 3262
f 3259 3262 337
f 6389 6390 886
f 6389 886 3262
f 885 6396 6389
f 885 6389 3259
f 6396 884 6390
f 6396 6390 6389
f 3261 6391 3199
f 3261 3199 336
f 6391 6392 841
f 6391 841 3199
f 886 6390 6391
f 886 6391 3261
f 6390 884 6392
f 6390 6392 6391
f 3200 6393 3264
f 3200 3264 56
f 6393 6394 887
f 6393 887 3264
f 841 6392 6393
f 841 6393 3200
f 6392 884 6394
f 6392 6394 6393
f 3263 6395 3260
f 3263 3260 63
f 6395 6396 885
f 6395 885 3260
f 887 6394 6395
f 887 6395 3263
f 6394 884 6396
f 6394 6396 6395
f 3265 6397 3268
f 3265 3268 338
f 6397 6398 890
f 6397 890 3268
f 889 6404 6397
f 889 6397 3265
f 6404 888 6398
f 6404 6398 6397
f 3267 6399 3259
f 3267 3259 337
f 6399 6400 885
f 6399 885 3259
f 890 6398 6399
f 890 6399 3267
f 6398 888 6400
f 6398 6400 6399
f 3260 6401 3270
f 3260 3270 63
f 6401 6402 891
f 6401 891 3270
f 885 6400 6401
f 885 6401 3260
f 6400 888 6402
f 6400 6402 6401
f 3269 6403 3266
f 3269 3266 64
f 6403 6404 889
f 6403 889 3266
f 891 6402 6403
f 891 6403 3269
f 6402 888 6404
f 6402 6404 6403
f 3271 6405 3274
f 3271 3274 4
f 6405 6406 894
f 6405 894 3274
f 893 6412 6405
f 893 6405 3271
f 6412 892 6406
f 6412 6406 6405
f 3273 6407 3276
f 3273 3276 52
f 6407 6408 895
f 6407 895 3276
f 894 6406 6407
f 894 6407 3273
f 6406 892 6408
f 6406 6408 6407
f 3275 6409 3278
f 3275 3278 53
f 6409 6410 896
f 6409 896 3278
f 895 6408 6409
f 895 6409 3275
f 6408 892 6410
f 6408 6410 6409
f 3277 6411 3272
f 3277 3272 3
f 6411 6412 893
f 6411 893 3272
f 896 6410 6411
f 896 6411 3277
f 6410 892 6412
f 6410 6412 6411
f 3279 6413 3282
f 3279 3282 48
f 6413 6414 899
f 6413 899 3282
f 898 6420 6413
f 898 6413 3279
f 6420 897 6414
f 6420 6414 6413
f 3281 6415 3284
f 3281 3284 54
f 6415 6416 900
f 6415 900 3284
f 899 6414 6415
f 899 6415 3281
f 6414 897 6416
f 6414 6416 6415
f 3283 6417 3273
f 3283 3273 52
f 6417 6418 894
f 6417 894 3273
f 900 6416 6417
f 900 6417 3283
f 6416 897 6418
f 6416 6418 6417
f 3274 6419 3280
f 3274 3280 4
f 6419 6420 898
f 6419 898 3280
f 894 6418 6419
f 894 6419 3274
f 6418 897 6420
f 6418 6420 6419
f 3285 6421 3288
f 3285 3288 339
f 6421 6422 903
f 6421 903 3288
f 902 6428 6421
f 902 6421 3285
f 6428 901 6422
f 6428 6422 6421
f 3287 6423 3265
f 3287 3265 338
f 6423 6424 889
f 6423 889 3265
f 903 6422 6423
f 903 6423 3287
f 6422 901 6424
f 6422 6424 6423
f 3266 6425 3290
f 3266 3290 64
f 6425 6426 904
f 6425 904 3290
f 889 6424 6425
f 889 6425 3266
f 6424 901 6426
f 6424 6426 6425
f 3289 6427 3286
f 3289 3286 65
f 6427 6428 902
f 6427 902 3286
f 904 6426 6427
f 904 6427 3289
f 6426 901 6428
f 6426 6428 6427
f 3291 6429 3294
f 3291 3294 340
f 6429 6430 907
f 6429 907 3294
f 906 6436 6429
f 906 6429 3291
f 6436 905 6430
f 6436 6430 6429
f 3293 6431 3285
f 3293 3285 339
f 6431 6432 902
f 6431 902 3285
f 907 6430 6431
f 907 6431 3293
f 6430 905 6432
f 6430 6432 6431
f 3286 6433 3296
f 3286 3296 65
f 6433 6434 908
f 6433 908 3296
f 902 6432 6433
f 902 6433 3286
f 6432 905 6434
f 6432 6434 6433
f 3295 6435 3292
f 3295 3292 66
f 6435 6436 906
f 6435 906 3292
f 908 6434 6435
f 908 6435 3295
f 6434 905 6436
f 6434 6436 6435
f 3297 6437 3300
f 3297 3300 8
f 6437 6438 911
f 6437 911 3300
f 910 6444 6437
f 910 6437 3297
f 6444 909 6438
f 6444 6438 6437
f 3299 6439 3302
f 3299 3302 12
f 6439 6440 912
f 6439 912 3302
f 911 6438 6439
f 911 6439 3299
f 6438 909 6440
f 6438 6440 6439
f 3301 6441 3304
f 3301 3304 11
f 6441 6442 913
f 6441 913 3304
f 912 6440 6441
f 912 6441 3301
f 6440 909 6442
f 6440 6442 6441
f 3303 6443 3298
f 3303 3298 7
f 6443 6444 910
f 6443 910 3298
f 913 6442 6443
f 913 6443 3303
f 6442 909 6444
f 6442 6444 6443
f 3305 6445 3308
f 3305 3308 47
f 6445 6446 916
f 6445 916 3308
f 915 6452 6445
f 915 6445 3305
f 6452 914 6446
f 6452 6446 6445
f 3307 6447 3310
f 3307 3310 46
f 6447 6448 917
f 6447 917 3310
f 916 6446 6447
f 916 6447 3307
f 6446 914 6448
f 6446 6448 6447
f 3309 6449 3299
f 3309 3299 12
f 6449 6450 911
f 6449 911 3299
f 917 6448 6449
f 917 6449 3309
f 6448 914 6450
f 6448 6450 6449
f 3300 6451 3306
f 3300 3306 8
f 6451 6452 915
f 6451 915 3306
f 911 6450 6451
f 911 6451 3300
f 6450 914 6452
f 6450 6452 6451
f 3311 6453 3314
f 3311 3314 341
f 6453 6454 920
f 6453 920 3314
f 919 6460 6453
f 919 6453 3311
f 6460 918 6454
f 6460 6454 6453
f 3313 6455 3291
f 3313 3291 340
f 6455 6456 906
f 6455 906 3291
f 920 6454 6455
f 920 6455 3313
f 6454 918 6456
f 6454 6456 6455
f 3292 6457 3316
f 3292 3316 66
f 6457 6458 921
f 6457 921 3316
f 906 6456 6457
f 906 6457 3292
f 6456 918 6458
f 6456 6458 6457
f 3315 6459 3312
f 3315 3312 67
f 6459 6460 919
f 6459 919 3312
f 921 6458 6459
f 921 6459 3315
f 6458 918 6460
f 6458 6460 6459
f 3317 6461 3320
f 3317 3320 342
f 6461 6462 924
f 6461 924 3320
f 923 6468 6461
f 923 6461 3317
f 6468 922 6462
f 6468 6462 6461
f 3319 6463 3311
f 3319 3311 341
f 6463 6464 919
f 6463 919 3311
f 924 6462 6463
f 924 6463 3319
f 6462 922 6464
f 6462 6464 6463
f 3312 6465 3322
f 3312 3322 67
f 6465 6466 925
f 6465 925 3322
f 919 6464 6465
f 919 6465 3312
f 6464 922 6466
f 6464 6466 6465
f 3321 6467 3318
f 3321 3318 68
f 6467 6468 923
f 6467 923 3318
f 925 6466 6467
f 925 6467 3321
f 6466 922 6468
f 6466 6468 6467
f 3302 6469 3324
f 3302 3324 12
f 6469 6470 927
f 6469 927 3324
f 912 6476 6469
f 912 6469 3302
f 6476 926 6470
f 6476 6470 6469
f 3323 6471 3326
f 3323 3326 16
f 6471 6472 928
f 6471 928 3326
f 927 6470 6471
f 927 6471 3323
f 6470 926 6472
f 6470 6472 6471
f 3325 6473 3328
f 3325 3328 15
f 6473 6474 929
f 6473 929 3328
f 928 6472 6473
f 928 6473 3325
f 6472 926 6474
f 6472 6474 6473
f 3327 6475 3301
f 3327 3301 11
f 6475 6476 912
f 6475 912 3301
f 929 6474 6475
f 929 6475 3327
f 6474 926 6476
f 6474 6476 6475
f 3310 6477 3330
f 3310 3330 46
f 6477 6478 931
f 6477 931 3330
f 917 6484 6477
f 917 6477 3310
f 6484 930 6478
f 6484 6478 6477
f 3329 6479 3332
f 3329 3332 45
f 6479 6480 932
f 6479 932 3332
f 931 6478 6479
f 931 6479 3329
f 6478 930 6480
f 6478 6480 6479
f 3331 6481 3323
f 3331 3323 16
f 6481 6482 927
f 6481 927 3323
f 932 6480 6481
f 932 6481 3331
f 6480 930 6482
f 6480 6482 6481
f 3324 6483 3309
f 3324 3309 12
f 6483 6484 917
f 6483 917 3309
f 927 6482 6483
f 927 6483 3324
f 6482 930 6484
f 6482 6484 6483
f 3333 6485 3336
f 3333 3336 343
f 6485 6486 935
f 6485 935 3336
f 934 6492 6485
f 934 6485 3333
f 6492 933 6486
f 6492 6486 6485
f 3335 6487 3317
f 3335 3317 342
f 6487 6488 923
f 6487 923 3317
f 935 6486 6487
f 935 6487 3335
f 6486 933 6488
f 6486 6488 6487
f 3318 6489 3338
f 3318 3338 68
f 6489 6490 936
f 6489 936 3338
f 923 6488 6489
f 923 6489 3318
f 6488 933 6490
f 6488 6490 6489
f 3337 6491 3334
f 3337 3334 69
f 6491 6492 934
f 6491 934 3334
f 936 6490 6491
f 936 6491 3337
f 6490 933 6492
f 6490 6492 6491
f 3339 6493 3342
f 3339 3342 344
f 6493 6494 939
f 6493 939 3342
f 938 6500 6493
f 938 6493 3339
f 6500 937 6494
f 6500 6494 6493
f 3341 6495 3333
f 3341 3333 343
f 6495 6496 934
f 6495 934 3333
f 939 6494 6495
f 939 6495 3341
f 6494 937 6496
f 6494 6496 6495
f 3334 6497 3344
f 3334 3344 69
f 6497 6498 940
f 6497 940 3344
f 934 6496 6497
f 934 6497 3334
f 6496 937 6498
f 6496 6498 6497
f 3343 6499 3340
f 3343 3340 70
f 6499 6500 938
f 6499 938 3340
f 940 6498 6499
f 940 6499 3343
f 6498 937 6500
f 6498 6500 6499
f 3326 6501 3346
f 3326 3346 16
f 6501 6502 942
f 6501 942 3346
f 928 6508 6501
f 928 6501 3326
f 6508 941 6502
f 6508 6502 6501
f 3345 6503 3348
f 3345 3348 20
f 6503 6504 943
f 6503 943 3348
f 942 6502 6503
f 942 6503 3345
f 6502 941 6504
f 6502 6504 6503
f 3347 6505 3350
f 3347 3350 19
f 6505 6506 944
f 6505 944 3350
f 943 6504 6505
f 943 6505 3347
f 6504 941 6506
f 6504 6506 6505
f 3349 6507 3325
f 3349 3325 15
f 6507 6508 928
f 6507 928 3325
f 944 6506 6507
f 944 6507 3349
f 6506 941 6508
f 6506 6508 6507
f 3332 6509 3352
f 3332 3352 45
f 6509 6510 946
f 6509 946 3352
f 932 6516 6509
f 932 6509 3332
f 6516 945 6510
f 6516 6510 6509
f 3351 6511 3354
f 3351 3354 44
f 6511 6512 947
f 6511 947 3354
f 946 6510 6511
f 946 6511 3351
f 6510 945 6512
f 6510 6512 6511
f 3353 6513 3345
f 3353 3345 20
f 6513 6514 942
f 6513 942 3345
f 947 6512 6513
f 947 6513 3353
f 6512 945 6514
f 6512 6514 6513
f 3346 6515 3331
f 3346 3331 16
f 6515 6516 932
f 6515 932 3331
f 942 6514 6515
f 942 6515 3346
f 6514 945 6516
f 6514 6516 6515
f 3355 6517 3358
f 3355 3358 345
f 6517 6518 950
f 6517 950 3358
f 949 6524 6517
f 949 6517 3355
f 6524 948 6518
f 6524 6518 6517
f 3357 6519 3339
f 3357 3339 344
f 6519 6520 938
f 6519 938 3339
f 950 6518 6519
f 950 6519 3357
f 6518 948 6520
f 6518 6520 6519
f 3340 6521 3360
f 3340 3360 70
f 6521 6522 951
f 6521 951 3360
f 938 6520 6521
f 938 6521 3340
f 6520 948 6522
f 6520 6522 6521
f 3359 6523 3356
f 3359 3356 71
f 6523 6524 949
f 6523 949 3356
f 951 6522 6523
f 951 6523 3359
f 6522 948 6524
f 6522 6524 6523
f 3361 6525 3364
f 3361 3364 346
f 6525 6526 954
f 6525 954 3364
f 953 6532 6525
f 953 6525 3361
f 6532 952 6526
f 6532 6526 6525
f 3363 6527 3355
f 3363 3355 345
f 6527 6528 949
f 6527 949 3355
f 954 6526 6527
f 954 6527 3363
f 6526 952 6528
f 6526 6528 6527
f 3356 6529 3366
f 3356 3366 71
f 6529 6530 955
f 6529 955 3366
f 949 6528 6529
f 949 6529 3356
f 6528 952 6530
f 6528 6530 6529
f 3365 6531 3362
f 3365 3362 72
f 6531 6532 953
f 6531 953 3362
f 955 6530 6531
f 955 6531 3365
f 6530 952 6532
f 6530 6532 6531
f 3348 6533 3368
f 3348 3368 20
f 6533 6534 957
f 6533 957 3368
f 943 6540 6533
f 943 6533 3348
f 6540 956 6534
f 6540 6534 6533
f 3367 6535 3370
f 3367 3370 24
f 6535 6536 958
f 6535 958 3370
f 957 6534 6535
f 957 6535 3367
f 6534 956 6536
f 6534 6536 6535
f 3369 6537 3372
f 3369 3372 23
f 6537 6538 959
f 6537 959 3372
f 958 6536 6537
f 958 6537 3369
f 6536 956 6538
f 6536 6538 6537
f 3371 6539 3347
f 3371 3347 19
f 6539 6540 943
f 6539 943 3347
f 959 6538 6539
f 959 6539 3371
f 6538 956 6540
f 6538 6540 6539
f 3354 6541 3374
f 3354 3374 44
f 6541 6542 961
f 6541 961 3374
f 947 6548 6541
f 947 6541 3354
f 6548 960 6542
f 6548 6542 6541
f 3373 6543 3376
f 3373 3376 43
f 6543 6544 962
f 6543 962 3376
f 961 6542 6543
f 961 6543 3373
f 6542 960 6544
f 6542 6544 6543
f 3375 6545 3367
f 3375 3367 24
f 6545 6546 957
f 6545 957 3367
f 962 6544 6545
f 962 6545 3375
f 6544 960 6546
f 6544 6546 6545
f 3368 6547 3353
f 3368 3353 20
f 6547 6548 947
f 6547 947 3353
f 957 6546 6547
f 957 6547 3368
f 6546 960 6548
f 6546 6548 6547
f 3377 6549 3380
f 3377 3380 347
f 6549 6550 965
f 6549 965 3380
f 964 6556 6549
f 964 6549 3377
f 6556 963 6550
f 6556 6550 6549
f 3379 6551 3361
f 3379 3361 346
f 6551 6552 953
f 6551 953 3361
f 965 6550 6551
f 965 6551 3379
f 6550 963 6552
f 6550 6552 6551
f 3362 6553 3382
f 3362 3382 72
f 6553 6554 966
f 6553 966 3382
f 953 6552 6553
f 953 6553 3362
f 6552 963 6554
f 6552 6554 6553
f 3381 6555 3378
f 3381 3378 73
f 6555 6556 964
f 6555 964 3378
f 966 6554 6555
f 966 6555 3381
f 6554 963 6556
f 6554 6556 6555
f 3188 6557 3384
f 3188 3384 348
f 6557 6558 968
f 6557 968 3384
f 833 6564 6557
f 833 6557 3188
f 6564 967 6558
f 6564 6558 6557
f 3383 6559 3377
f 3383 3377 347
f 6559 6560 964
f 6559 964 3377
f 968 6558 6559
f 968 6559 3383
f 6558 967 6560
f 6558 6560 6559
f 3378 6561 3386
f 3378 3386 73
f 6561 6562 969
f 6561 969 3386
f 964 6560 6561
f 964 6561 3378
f 6560 967 6562
f 6560 6562 6561
f 3385 6563 3187
f 3385 3187 74
f 6563 6564 833
f 6563 833 3187
f 969 6562 6563
f 969 6563 3385
f 6562 967 6564
f 6562 6564 6563
f 3370 6565 3388
f 3370 3388 24
f 6565 6566 971
f 6565 971 3388
f 958 6572 6565
f 958 6565 3370
f 6572 970 6566
f 6572 6566 6565
f 3387 6567 3390
f 3387 3390 28
f 6567 6568 972
f 6567 972 3390
f 971 6566 6567
f 971 6567 3387
f 6566 970 6568
f 6566 6568 6567
f 3389 6569 3392
f 3389 3392 27
f 6569 6570 973
f 6569 973 3392
f 972 6568 6569
f 972 6569 3389
f 6568 970 6570
f 6568 6570 6569
f 3391 6571 3369
f 3391 3369 23
f 6571 6572 958
f 6571 958 3369
f 973 6570 6571
f 973 6571 3391
f 6570 970 6572
f 6570 6572 6571
f 3376 6573 3394
f 3376 3394 43
f 6573 6574 975
f 6573 975 3394
f 962 6580 6573
f 962 6573 3376
f 6580 974 6574
f 6580 6574 6573
f 3393 6575 3396
f 3393 3396 42
f 6575 6576 976
f 6575 976 3396
f 975 6574 6575
f 975 6575 3393
f 6574 974 6576
f 6574 6576 6575
f 3395 6577 3387
f 3395 3387 28
f 6577 6578 971
f 6577 971 3387
f 976 6576 6577
f 976 6577 3395
f 6576 974 6578
f 6576 6578 6577
f 3388 6579 3375
f 3388 3375 24
f 6579 6580 962
f 6579 962 3375
f 971 6578 6579
f 971 6579 3388
f 6578 974 6580
f 6578 6580 6579
f 3397 6581 3400
f 3397 3400 186
f 6581 6582 979
f 6581 979 3400
f 978 6588 6581
f 978 6581 3397
f 6588 977 6582
f 6588 6582 6581
f 3399 6583 3402
f 3399 3402 187
f 6583 6584 980
f 6583 980 3402
f 979 6582 6583
f 979 6583 3399
f 6582 977 6584
f 6582 6584 6583
f 3401 6585 3404
f 3401 3404 90
f 6585 6586 981
f 6585 981 3404
f 980 6584 6585
f 980 6585 3401
f 6584 977 6586
f 6584 6586 6585
f 3403 6587 3398
f 3403 3398 75
f 6587 6588 978
f 6587 978 3398
f 981 6586 6587
f 981 6587 3403
f 6586 977 6588
f 6586 6588 6587
f 3405 6589 3408
f 3405 3408 216
f 6589 6590 984
f 6589 984 3408
f 983 6596 6589
f 983 6589 3405
f 6596 982 6590
f 6596 6590 6589
f 3407 6591 3410
f 3407 3410 217
f 6591 6592 985
f 6591 985 3410
f 984 6590 6591
f 984 6591 3407
f 6590 982 6592
f 6590 6592 6591
f 3409 6593 3412
f 3409 3412 76
f 6593 6594 986
f 6593 986 3412
f 985 6592 6593
f 985 6593 3409
f 6592 982 6594
f 6592 6594 6593
f 3411 6595 3406
f 3411 3406 77
f 6595 6596 983
f 6595 983 3406
f 986 6594 6595
f 986 6595 3411
f 6594 982 6596
f 6594 6596 6595
f 3390 6597 3414
f 3390 3414 28
f 6597 6598 988
f 6597 988 3414
f 972 6604 6597
f 972 6597 3390
f 6604 987 6598
f 6604 6598 6597
f 3413 6599 3416
f 3413 3416 58
f 6599 6600 989
f 6599 989 3416
f 988 6598 6599
f 988 6599 3413
f 6598 987 6600
f 6598 6600 6599
f 3415 6601 3418
f 3415 3418 59
f 6601 6602 990
f 6601 990 3418
f 989 6600 6601
f 989 6601 3415
f 6600 987 6602
f 6600 6602 6601
f 3417 6603 3389
f 3417 3389 27
f 6603 6604 972
f 6603 972 3389
f 990 6602 6603
f 990 6603 3417
f 6602 987 6604
f 6602 6604 6603
f 3396 6605 3420
f 3396 3420 42
f 6605 6606 992
f 6605 992 3420
f 976 6612 6605
f 976 6605 3396
f 6612 991 6606
f 6612 6606 6605
f 3419 6607 3422
f 3419 3422 60
f 6607 6608 993
f 6607 993 3422
f 992 6606 6607
f 992 6607 3419
f 6606 991 6608
f 6606 6608 6607
f 3421 6609 3413
f 3421 3413 58
f 6609 6610 988
f 6609 988 3413
f 993 6608 6609
f 993 6609 3421
f 6608 991 6610
f 6608 6610 6609
f 3414 6611 3395
f 3414 3395 28
f 6611 6612 976
f 6611 976 3395
f 988 6610 6611
f 988 6611 3414
f 6610 991 6612
f 6610 6612 6611
f 3423 6613 3426
f 3423 3426 240
f 6613 6614 996
f 6613 996 3426
f 995 6620 6613
f 995 6613 3423
f 6620 994 6614
f 6620 6614 6613
f 3425 6615 3428
f 3425 3428 211
f 6615 6616 997
f 6615 997 3428
f 996 6614 6615
f 996 6615 3425
f 6614 994 6616
f 6614 6616 6615
f 3427 6617 3430
f 3427 3430 241
f 6617 6618 998
f 6617 998 3430
f 997 6616 6617
f 997 6617 3427
f 6616 994 6618
f 6616 6618 6617
f 3429 6619 3424
f 3429 3424 270
f 6619 6620 995
f 6619 995 3424
f 998 6618 6619
f 998 6619 3429
f 6618 994 6620
f 6618 6620 6619
f 3431 6621 3434
f 3431 3434 239
f 6621 6622 1001
f 6621 1001 3434
f 1000 6628 6621
f 1000 6621 3431
f 6628 999 6622
f 6628 6622 6621
f 3433 6623 3423
f 3433 3423 240
f 6623 6624 995
f 6623 995 3423
f 1001 6622 6623
f 1001 6623 3433
f 6622 999 6624
f 6622 6624 6623
f 3424 6625 3436
f 3424 3436 270
f 6625 6626 1002
f 6625 1002 3436
f 995 6624 6625
f 995 6625 3424
f 6624 999 6626
f 6624 6626 6625
f 3435 6627 3432
f 3435 3432 269
f 6627 6628 1000
f 6627 1000 3432
f 1002 6626 6627
f 1002 6627 3435
f 6626 999 6628
f 6626 6628 6627
f 3437 6629 3277
f 3437 3277 3
f 6629 6630 896
f 6629 896 3277
f 1004 6636 6629
f 1004 6629 3437
f 6636 1003 6630
f 6636 6630 6629
f 3278 6631 3440
f 3278 3440 53
f 6631 6632 1005
f 6631 1005 3440
f 896 6630 6631
f 896 6631 3278
f 6630 1003 6632
f 6630 6632 6631
f 3439 6633 3442
f 3439 3442 51
f 6633 6634 1006
f 6633 1006 3442
f 1005 6632 6633
f 1005 6633 3439
f 6632 1003 6634
f 6632 6634 6633
f 3441 6635 3438
f 3441 3438 33
f 6635 6636 1004
f 6635 1004 3438
f 1006 6634 6635
f 1006 6635 3441
f 6634 1003 6636
f 6634 6636 6635
f 3443 6637 3446
f 3443 3446 215
f 6637 6638 1009
f 6637 1009 3446
f 1008 6644 6637
f 1008 6637 3443
f 6644 1007 6638
f 6644 6638 6637
f 3445 6639 3405
f 3445 3405 216
f 6639 6640 983
f 6639 983 3405
f 1009 6638 6639
f 1009 6639 3445
f 6638 1007 6640
f 6638 6640 6639
f 3406 6641 3448
f 3406 3448 77
f 6641 6642 1010
f 6641 1010 3448
f 983 6640 6641
f 983 6641 3406
f 6640 1007 6642
f 6640 6642 6641
f 3447 6643 3444
f 3447 3444 78
f 6643 6644 1008
f 6643 1008 3444
f 1010 6642 6643
f 1010 6643 3447
f 6642 1007 6644
f 6642 6644 6643
f 3449 6645 3303
f 3449 3303 7
f 6645 6646 913
f 6645 913 3303
f 1012 6652 6645
f 1012 6645 3449
f 6652 1011 6646
f 6652 6646 6645
f 3304 6647 3452
f 3304 3452 11
f 6647 6648 1013
f 6647 1013 3452
f 913 6646 6647
f 913 6647 3304
f 6646 1011 6648
f 6646 6648 6647
f 3451 6649 3454
f 3451 3454 35
f 6649 6650 1014
f 6649 1014 3454
f 1013 6648 6649
f 1013 6649 3451
f 6648 1011 6650
f 6648 6650 6649
f 3453 6651 3450
f 3453 3450 34
f 6651 6652 1012
f 6651 1012 3450
f 1014 6650 6651
f 1014 6651 3453
f 6650 1011 6652
f 6650 6652 6651
f 3455 6653 3458
f 3455 3458 214
f 6653 6654 1017
f 6653 1017 3458
f 1016 6660 6653
f 1016 6653 3455
f 6660 1015 6654
f 6660 6654 6653
f 3457 6655 3443
f 3457 3443 215
f 6655 6656 1008
f 6655 1008 3443
f 1017 6654 6655
f 1017 6655 3457
f 6654 1015 6656
f 6654 6656 6655
f 3444 6657 3460
f 3444 3460 78
f 6657 6658 1018
f 6657 1018 3460
f 1008 6656 6657
f 1008 6657 3444
f 6656 1015 6658
f 6656 6658 6657
f 3459 6659 3456
f 3459 3456 79
f 6659 6660 1016
f 6659 1016 3456
f 1018 6658 6659
f 1018 6659 3459
f 6658 1015 6660
f 6658 6660 6659
f 3452 6661 3327
f 3452 3327 11
f 6661 6662 929
f 6661 929 3327
f 1013 6668 6661
f 1013 6661 3452
f 6668 1019 6662
f 6668 6662 6661
f 3328 6663 3462
f 3328 3462 15
f 6663 6664 1020
f 6663 1020 3462
f 929 6662 6663
f 929 6663 3328
f 6662 1019 6664
f 6662 6664 6663
f 3461 6665 3464
f 3461 3464 36
f 6665 6666 1021
f 6665 1021 3464
f 1020 6664 6665
f 1020 6665 3461
f 6664 1019 6666
f 6664 6666 6665
f 3463 6667 3451
f 3463 3451 35
f 6667 6668 1013
f 6667 1013 3451
f 1021 6666 6667
f 1021 6667 3463
f 6666 1019 6668
f 6666 6668 6667
f 3465 6669 3468
f 3465 3468 213
f 6669 6670 1024
f 6669 1024 3468
f 1023 6676 6669
f 1023 6669 3465
f 6676 1022 6670
f 6676 6670 6669
f 3467 6671 3455
f 3467 3455 214
f 6671 6672 1016
f 6671 1016 3455
f 1024 6670 6671
f 1024 6671 3467
f 6670 1022 6672
f 6670 6672 6671
f 3456 6673 3470
f 3456 3470 79
f 6673 6674 1025
f 6673 1025 3470
f 1016 6672 6673
f 1016 6673 3456
f 6672 1022 6674
f 6672 6674 6673
f 3469 6675 3466
f 3469 3466 80
f 6675 6676 1023
f 6675 1023 3466
f 1025 6674 6675
f 1025 6675 3469
f 6674 1022 6676
f 6674 6676 6675
f 3462 6677 3349
f 3462 3349 15
f 6677 6678 944
f 6677 944 3349
f 1020 6684 6677
f 1020 6677 3462
f 6684 1026 6678
f 6684 6678 6677
f 3350 6679 3472
f 3350 3472 19
f 6679 6680 1027
f 6679 1027 3472
f 944 6678 6679
f 944 6679 3350
f 6678 1026 6680
f 6678 6680 6679
f 3471 6681 3474
f 3471 3474 37
f 6681 6682 1028
f 6681 1028 3474
f 1027 6680 6681
f 1027 6681 3471
f 6680 1026 6682
f 6680 6682 6681
f 3473 6683 3461
f 3473 3461 36
f 6683 6684 1020
f 6683 1020 3461
f 1028 6682 6683
f 1028 6683 3473
f 6682 1026 6684
f 6682 6684 6683
f 3475 6685 3478
f 3475 3478 212
f 6685 6686 1031
f 6685 1031 3478
f 1030 6692 6685
f 1030 6685 3475
f 6692 1029 6686
f 6692 6686 6685
f 3477 6687 3465
f 3477 3465 213
f 6687 6688 1023
f 6687 1023 3465
f 1031 6686 6687
f 1031 6687 3477
f 6686 1029 6688
f 6686 6688 6687
f 3466 6689 3480
f 3466 3480 80
f 6689 6690 1032
f 6689 1032 3480
f 1023 6688 6689
f 1023 6689 3466
f 6688 1029 6690
f 6688 6690 6689
f 3479 6691 3476
f 3479 3476 81
f 6691 6692 1030
f 6691 1030 3476
f 1032 6690 6691
f 1032 6691 3479
f 6690 1029 6692
f 6690 6692 6691
f 3472 6693 3371
f 3472 3371 19
f 6693 6694 959
f 6693 959 3371
f 1027 6700 6693
f 1027 6693 3472
f 6700 1033 6694
f 6700 6694 6693
f 3372 6695 3482
f 3372 3482 23
f 6695 6696 1034
f 6695 1034 3482
f 959 6694 6695
f 959 6695 3372
f 6694 1033 6696
f 6694 6696 6695
f 3481 6697 3484
f 3481 3484 38
f 6697 6698 1035
f 6697 1035 3484
f 1034 6696 6697
f 1034 6697 3481
f 6696 1033 6698
f 6696 6698 6697
f 3483 6699 3471
f 3483 3471 37
f 6699 6700 1027
f 6699 1027 3471
f 1035 6698 6699
f 1035 6699 3483
f 6698 1033 6700
f 6698 6700 6699
f 3485 6701 3488
f 3485 3488 195
f 6701 6702 1038
f 6701 1038 3488
f 1037 6708 6701
f 1037 6701 3485
f 6708 1036 6702
f 6708 6702 6701
f 3487 6703 3475
f 3487 3475 212
f 6703 6704 1030
f 6703 1030 3475
f 1038 6702 6703
f 1038 6703 3487
f 6702 1036 6704
f 6702 6704 6703
f 3476 6705 3490
f 3476 3490 81
f 6705 6706 1039
f 6705 1039 3490
f 1030 6704 6705
f 1030 6705 3476
f 6704 1036 6706
f 6704 6706 6705
f 3489 6707 3486
f 3489 3486 82
f 6707 6708 1037
f 6707 1037 3486
f 1039 6706 6707
f 1039 6707 3489
f 6706 1036 6708
f 6706 6708 6707
f 3482 6709 3391
f 3482 3391 23
f 6709 6710 973
f 6709 973 3391
f 1034 6716 6709
f 1034 6709 3482
f 6716 1040 6710
f 6716 6710 6709
f 3392 6711 3492
f 3392 3492 27
f 6711 6712 1041
f 6711 1041 3492
f 973 6710 6711
f 973 6711 3392
f 6710 1040 6712
f 6710 6712 6711
f 3491 6713 3494
f 3491 3494 39
f 6713 6714 1042
f 6713 1042 3494
f 1041 6712 6713
f 1041 6713 3491
f 6712 1040 6714
f 6712 6714 6713
f 3493 6715 3481
f 3493 3481 38
f 6715 6716 1034
f 6715 1034 3481
f 1042 6714 6715
f 1042 6715 3493
f 6714 1040 6716
f 6714 6716 6715
f 3495 6717 3498
f 3495 3498 194
f 6717 6718 1045
f 6717 1045 3498
f 1044 6724 6717
f 1044 6717 3495
f 6724 1043 6718
f 6724 6718 6717
f 3497 6719 3485
f 3497 3485 195
f 6719 6720 1037
f 6719 1037 3485
f 1045 6718 6719
f 1045 6719 3497
f 6718 1043 6720
f 6718 6720 6719
f 3486 6721 3500
f 3486 3500 82
f 6721 6722 1046
f 6721 1046 3500
f 1037 6720 6721
f 1037 6721 3486
f 6720 1043 6722
f 6720 6722 6721
f 3499 6723 3496
f 3499 3496 83
f 6723 6724 1044
f 6723 1044 3496
f 1046 6722 6723
f 1046 6723 3499
f 6722 1043 6724
f 6722 6724 6723
f 3492 6725 3417
f 3492 3417 27
f 6725 6726 990
f 6725 990 3417
f 1041 6732 6725
f 1041 6725 3492
f 6732 1047 6726
f 6732 6726 6725
f 3418 6727 3502
f 3418 3502 59
f 6727 6728 1048
f 6727 1048 3502
f 990 6726 6727
f 990 6727 3418
f 6726 1047 6728
f 6726 6728 6727
f 3501 6729 3504
f 3501 3504 57
f 6729 6730 1049
f 6729 1049 3504
f 1048 6728 6729
f 1048 6729 3501
f 6728 1047 6730
f 6728 6730 6729
f 3503 6731 3491
f 3503 3491 39
f 6731 6732 1041
f 6731 1041 3491
f 1049 6730 6731
f 1049 6731 3503
f 6730 1047 6732
f 6730 6732 6731
f 3505 6733 3508
f 3505 3508 193
f 6733 6734 1052
f 6733 1052 3508
f 1051 6740 6733
f 1051 6733 3505
f 6740 1050 6734
f 6740 6734 6733
f 3507 6735 3495
f 3507 3495 194
f 6735 6736 1044
f 6735 1044 3495
f 1052 6734 6735
f 1052 6735 3507
f 6734 1050 6736
f 6734 6736 6735
f 3496 6737 3510
f 3496 3510 83
f 6737 6738 1053
f 6737 1053 3510
f 1044 6736 6737
f 1044 6737 3496
f 6736 1050 6738
f 6736 6738 6737
f 3509 6739 3506
f 3509 3506 84
f 6739 6740 1051
f 6739 1051 3506
f 1053 6738 6739
f 1053 6739 3509
f 6738 1050 6740
f 6738 6740 6739
f 3511 6741 3514
f 3511 3514 238
f 6741 6742 1056
f 6741 1056 3514
f 1055 6748 6741
f 1055 6741 3511
f 6748 1054 6742
f 6748 6742 6741
f 3513 6743 3431
f 3513 3431 239
f 6743 6744 1000
f 6743 1000 3431
f 1056 6742 6743
f 1056 6743 3513
f 6742 1054 6744
f 6742 6744 6743
f 3432 6745 3516
f 3432 3516 269
f 6745 6746 1057
f 6745 1057 3516
f 1000 6744 6745
f 1000 6745 3432
f 6744 1054 6746
f 6744 6746 6745
f 3515 6747 3512
f 3515 3512 268
f 6747 6748 1055
f 6747 1055 3512
f 1057 6746 6747
f 1057 6747 3515
f 6746 1054 6748
f 6746 6748 6747
f 3517 6749 3520
f 3517 3520 237
f 6749 6750 1060
f 6749 1060 3520
f 1059 6756 6749
f 1059 6749 3517
f 6756 1058 6750
f 6756 6750 6749
f 3519 6751 3511
f 3519 3511 238
f 6751 6752 1055
f 6751 1055 3511
f 1060 6750 6751
f 1060 6751 3519
f 6750 1058 6752
f 6750 6752 6751
f 3512 6753 3522
f 3512 3522 268
f 6753 6754 1061
f 6753 1061 3522
f 1055 6752 6753
f 1055 6753 3512
f 6752 1058 6754
f 6752 6754 6753
f 3521 6755 3518
f 3521 3518 267
f 6755 6756 1059
f 6755 1059 3518
f 1061 6754 6755
f 1061 6755 3521
f 6754 1058 6756
f 6754 6756 6755
f 3523 6757 3526
f 3523 3526 192
f 6757 6758 1064
f 6757 1064 3526
f 1063 6764 6757
f 1063 6757 3523
f 6764 1062 6758
f 6764 6758 6757
f 3525 6759 3505
f 3525 3505 193
f 6759 6760 1051
f 6759 1051 3505
f 1064 6758 6759
f 1064 6759 3525
f 6758 1062 6760
f 6758 6760 6759
f 3506 6761 3528
f 3506 3528 84
f 6761 6762 1065
f 6761 1065 3528
f 1051 6760 6761
f 1051 6761 3506
f 6760 1062 6762
f 6760 6762 6761
f 3527 6763 3524
f 3527 3524 85
f 6763 6764 1063
f 6763 1063 3524
f 1065 6762 6763
f 1065 6763 3527
f 6762 1062 6764
f 6762 6764 6763
f 3529 6765 3532
f 3529 3532 191
f 6765 6766 1068
f 6765 1068 3532
f 1067 6772 6765
f 1067 6765 3529
f 6772 1066 6766
f 6772 6766 6765
f 3531 6767 3523
f 3531 3523 192
f 6767 6768 1063
f 6767 1063 3523
f 1068 6766 6767
f 1068 6767 3531
f 6766 1066 6768
f 6766 6768 6767
f 3524 6769 3534
f 3524 3534 85
f 6769 6770 1069
f 6769 1069 3534
f 1063 6768 6769
f 1063 6769 3524
f 6768 1066 6770
f 6768 6770 6769
f 3533 6771 3530
f 3533 3530 86
f 6771 6772 1067
f 6771 1067 3530
f 1069 6770 6771
f 1069 6771 3533
f 6770 1066 6772
f 6770 6772 6771
f 3535 6773 3297
f 3535 3297 8
f 6773 6774 910
f 6773 910 3297
f 1071 6780 6773
f 1071 6773 3535
f 6780 1070 6774
f 6780 6774 6773
f 3298 6775 3538
f 3298 3538 7
f 6775 6776 1072
f 6775 1072 3538
f 910 6774 6775
f 910 6775 3298
f 6774 1070 6776
f 6774 6776 6775
f 3537 6777 3275
f 3537 3275 53
f 6777 6778 895
f 6777 895 3275
f 1072 6776 6777
f 1072 6777 3537
f 6776 1070 6778
f 6776 6778 6777
f 3276 6779 3536
f 3276 3536 52
f 6779 6780 1071
f 6779 1071 3536
f 895 6778 6779
f 895 6779 3276
f 6778 1070 6780
f 6778 6780 6779
f 3539 6781 3305
f 3539 3305 47
f 6781 6782 915
f 6781 915 3305
f 1074 6788 6781
f 1074 6781 3539
f 6788 1073 6782
f 6788 6782 6781
f 3306 6783 3535
f 3306 3535 8
f 6783 6784 1071
f 6783 1071 3535
f 915 6782 6783
f 915 6783 3306
f 6782 1073 6784
f 6782 6784 6783
f 3536 6785 3283
f 3536 3283 52
f 6785 6786 900
f 6785 900 3283
f 1071 6784 6785
f 1071 6785 3536
f 6784 1073 6786
f 6784 6786 6785
f 3284 6787 3540
f 3284 3540 54
f 6787 6788 1074
f 6787 1074 3540
f 900 6786 6787
f 900 6787 3284
f 6786 1073 6788
f 6786 6788 6787
f 3541 6789 3544
f 3541 3544 190
f 6789 6790 1077
f 6789 1077 3544
f 1076 6796 6789
f 1076 6789 3541
f 6796 1075 6790
f 6796 6790 6789
f 3543 6791 3529
f 3543 3529 191
f 6791 6792 1067
f 6791 1067 3529
f 1077 6790 6791
f 1077 6791 3543
f 6790 1075 6792
f 6790 6792 6791
f 3530 6793 3546
f 3530 3546 86
f 6793 6794 1078
f 6793 1078 3546
f 1067 6792 6793
f 1067 6793 3530
f 6792 1075 6794
f 6792 6794 6793
f 3545 6795 3542
f 3545 3542 87
f 6795 6796 1076
f 6795 1076 3542
f 1078 6794 6795
f 1078 6795 3545
f 6794 1075 6796
f 6794 6796 6795
f 3547 6797 3550
f 3547 3550 189
f 6797 6798 1081
f 6797 1081 3550
f 1080 6804 6797
f 1080 6797 3547
f 6804 1079 6798
f 6804 6798 6797
f 3549 6799 3541
f 3549 3541 190
f 6799 6800 1076
f 6799 1076 3541
f 1081 6798 6799
f 1081 6799 3549
f 6798 1079 6800
f 6798 6800 6799
f 3542 6801 3552
f 3542 3552 87
f 6801 6802 1082
f 6801 1082 3552
f 1076 6800 6801
f 1076 6801 3542
f 6800 1079 6802
f 6800 6802 6801
f 3551 6803 3548
f 3551 3548 88
f 6803 6804 1080
f 6803 1080 3548
f 1082 6802 6803
f 1082 6803 3551
f 6802 1079 6804
f 6802 6804 6803
f 3553 6805 3556
f 3553 3556 32
f 6805 6806 1085
f 6805 1085 3556
f 1084 6812 6805
f 1084 6805 3553
f 6812 1083 6806
f 6812 6806 6805
f 3555 6807 3558
f 3555 3558 31
f 6807 6808 1086
f 6807 1086 3558
f 1085 6806 6807
f 1085 6807 3555
f 6806 1083 6808
f 6806 6808 6807
f 3557 6809 3415
f 3557 3415 59
f 6809 6810 989
f 6809 989 3415
f 1086 6808 6809
f 1086 6809 3557
f 6808 1083 6810
f 6808 6810 6809
f 3416 6811 3554
f 3416 3554 58
f 6811 6812 1084
f 6811 1084 3554
f 989 6810 6811
f 989 6811 3416
f 6810 1083 6812
f 6810 6812 6811
f 3559 6813 3562
f 3559 3562 41
f 6813 6814 1089
f 6813 1089 3562
f 1088 6820 6813
f 1088 6813 3559
f 6820 1087 6814
f 6820 6814 6813
f 3561 6815 3553
f 3561 3553 32
f 6815 6816 1084
f 6815 1084 3553
f 1089 6814 6815
f 1089 6815 3561
f 6814 1087 6816
f 6814 6816 6815
f 3554 6817 3421
f 3554 3421 58
f 6817 6818 993
f 6817 993 3421
f 1084 6816 6817
f 1084 6817 3554
f 6816 1087 6818
f 6816 6818 6817
f 3422 6819 3560
f 3422 3560 60
f 6819 6820 1088
f 6819 1088 3560
f 993 6818 6819
f 993 6819 3422
f 6818 1087 6820
f 6818 6820 6819
f 3538 6821 3449
f 3538 3449 7
f 6821 6822 1012
f 6821 1012 3449
f 1072 6828 6821
f 1072 6821 3538
f 6828 1090 6822
f 6828 6822 6821
f 3450 6823 3564
f 3450 3564 34
f 6823 6824 1091
f 6823 1091 3564
f 1012 6822 6823
f 1012 6823 3450
f 6822 1090 6824
f 6822 6824 6823
f 3563 6825 3439
f 3563 3439 51
f 6825 6826 1005
f 6825 1005 3439
f 1091 6824 6825
f 1091 6825 3563
f 6824 1090 6826
f 6824 6826 6825
f 3440 6827 3537
f 3440 3537 53
f 6827 6828 1072
f 6827 1072 3537
f 1005 6826 6827
f 1005 6827 3440
f 6826 1090 6828
f 6826 6828 6827
f 3565 6829 3568
f 3565 3568 188
f 6829 6830 1094
f 6829 1094 3568
f 1093 6836 6829
f 1093 6829 3565
f 6836 1092 6830
f 6836 6830 6829
f 3567 6831 3547
f 3567 3547 189
f 6831 6832 1080
f 6831 1080 3547
f 1094 6830 6831
f 1094 6831 3567
f 6830 1092 6832
f 6830 6832 6831
f 3548 6833 3570
f 3548 3570 88
f 6833 6834 1095
f 6833 1095 3570
f 1080 6832 6833
f 1080 6833 3548
f 6832 1092 6834
f 6832 6834 6833
f 3569 6835 3566
f 3569 3566 89
f 6835 6836 1093
f 6835 1093 3566
f 1095 6834 6835
f 1095 6835 3569
f 6834 1092 6836
f 6834 6836 6835
f 3558 6837 3572
f 3558 3572 31
f 6837 6838 1097
f 6837 1097 3572
f 1086 6844 6837
f 1086 6837 3558
f 6844 1096 6838
f 6844 6838 6837
f 3571 6839 3574
f 3571 3574 40
f 6839 6840 1098
f 6839 1098 3574
f 1097 6838 6839
f 1097 6839 3571
f 6838 1096 6840
f 6838 6840 6839
f 3573 6841 3501
f 3573 3501 57
f 6841 6842 1048
f 6841 1048 3501
f 1098 6840 6841
f 1098 6841 3573
f 6840 1096 6842
f 6840 6842 6841
f 3502 6843 3557
f 3502 3557 59
f 6843 6844 1086
f 6843 1086 3557
f 1048 6842 6843
f 1048 6843 3502
f 6842 1096 6844
f 6842 6844 6843
f 3402 6845 3576
f 3402 3576 187
f 6845 6846 1100
f 6845 1100 3576
f 980 6852 6845
f 980 6845 3402
f 6852 1099 6846
f 6852 6846 6845
f 3575 6847 3565
f 3575 3565 188
f 6847 6848 1093
f 6847 1093 3565
f 1100 6846 6847
f 1100 6847 3575
f 6846 1099 6848
f 6846 6848 6847
f 3566 6849 3578
f 3566 3578 89
f 6849 6850 1101
f 6849 1101 3578
f 1093 6848 6849
f 1093 6849 3566
f 6848 1099 6850
f 6848 6850 6849
f 3577 6851 3401
f 3577 3401 90
f 6851 6852 980
f 6851 980 3401
f 1101 6850 6851
f 1101 6851 3577
f 6850 1099 6852
f 6850 6852 6851
f 3579 6853 3582
f 3579 3582 284
f 6853 6854 1104
f 6853 1104 3582
f 1103 6860 6853
f 1103 6853 3579
f 6860 1102 6854
f 6860 6854 6853
f 3581 6855 3584
f 3581 3584 283
f 6855 6856 1105
f 6855 1105 3584
f 1104 6854 6855
f 1104 6855 3581
f 6854 1102 6856
f 6854 6856 6855
f 3583 6857 3586
f 3583 3586 122
f 6857 6858 1106
f 6857 1106 3586
f 1105 6856 6857
f 1105 6857 3583
f 6856 1102 6858
f 6856 6858 6857
f 3585 6859 3580
f 3585 3580 123
f 6859 6860 1103
f 6859 1103 3580
f 1106 6858 6859
f 1106 6859 3585
f 6858 1102 6860
f 6858 6860 6859
f 3587 6861 3590
f 3587 3590 285
f 6861 6862 1109
f 6861 1109 3590
f 1108 6868 6861
f 1108 6861 3587
f 6868 1107 6862
f 6868 6862 6861
f 3589 6863 3579
f 3589 3579 284
f 6863 6864 1103
f 6863 1103 3579
f 1109 6862 6863
f 1109 6863 3589
f 6862 1107 6864
f 6862 6864 6863
f 3580 6865 3592
f 3580 3592 123
f 6865 6866 1110
f 6865 1110 3592
f 1103 6864 6865
f 1103 6865 3580
f 6864 1107 6866
f 6864 6866 6865
f 3591 6867 3588
f 3591 3588 124
f 6867 6868 1108
f 6867 1108 3588
f 1110 6866 6867
f 1110 6867 3591
f 6866 1107 6868
f 6866 6868 6867
f 3593 6869 3596
f 3593 3596 303
f 6869 6870 1113
f 6869 1113 3596
f 1112 6876 6869
f 1112 6869 3593
f 6876 1111 6870
f 6876 6870 6869
f 3595 6871 3587
f 3595 3587 285
f 6871 6872 1108
f 6871 1108 3587
f 1113 6870 6871
f 1113 6871 3595
f 6870 1111 6872
f 6870 6872 6871
f 3588 6873 3598
f 3588 3598 124
f 6873 6874 1114
f 6873 1114 3598
f 1108 6872 6873
f 1108 6873 3588
f 6872 1111 6874
f 6872 6874 6873
f 3597 6875 3594
f 3597 3594 125
f 6875 6876 1112
f 6875 1112 3594
f 1114 6874 6875
f 1114 6875 3597
f 6874 1111 6876
f 6874 6876 6875
f 3599 6877 3602
f 3599 3602 304
f 6877 6878 1117
f 6877 1117 3602
f 1116 6884 6877
f 1116 6877 3599
f 6884 1115 6878
f 6884 6878 6877
f 3601 6879 3593
f 3601 3593 303
f 6879 6880 1112
f 6879 1112 3593
f 1117 6878 6879
f 1117 6879 3601
f 6878 1115 6880
f 6878 6880 6879
f 3594 6881 3604
f 3594 3604 125
f 6881 6882 1118
f 6881 1118 3604
f 1112 6880 6881
f 1112 6881 3594
f 6880 1115 6882
f 6880 6882 6881
f 3603 6883 3600
f 3603 3600 126
f 6883 6884 1116
f 6883 1116 3600
f 1118 6882 6883
f 1118 6883 3603
f 6882 1115 6884
f 6882 6884 6883
f 3605 6885 3608
f 3605 3608 305
f 6885 6886 1121
f 6885 1121 3608
f 1120 6892 6885
f 1120 6885 3605
f 6892 1119 6886
f 6892 6886 6885
f 3607 6887 3599
f 3607 3599 304
f 6887 6888 1116
f 6887 1116 3599
f 1121 6886 6887
f 1121 6887 3607
f 6886 1119 6888
f 6886 6888 6887
f 3600 6889 3610
f 3600 3610 126
f 6889 6890 1122
f 6889 1122 3610
f 1116 6888 6889
f 1116 6889 3600
f 6888 1119 6890
f 6888 6890 6889
f 3609 6891 3606
f 3609 3606 127
f 6891 6892 1120
f 6891 1120 3606
f 1122 6890 6891
f 1122 6891 3609
f 6890 1119 6892
f 6890 6892 6891
f 3611 6893 3614
f 3611 3614 306
f 6893 6894 1125
f 6893 1125 3614
f 1124 6900 6893
f 1124 6893 3611
f 6900 1123 6894
f 6900 6894 6893
f 3613 6895 3605
f 3613 3605 305
f 6895 6896 1120
f 6895 1120 3605
f 1125 6894 6895
f 1125 6895 3613
f 6894 1123 6896
f 6894 6896 6895
f 3606 6897 3616
f 3606 3616 127
f 6897 6898 1126
f 6897 1126 3616
f 1120 6896 6897
f 1120 6897 3606
f 6896 1123 6898
f 6896 6898 6897
f 3615 6899 3612
f 3615 3612 128
f 6899 6900 1124
f 6899 1124 3612
f 1126 6898 6899
f 1126 6899 3615
f 6898 1123 6900
f 6898 6900 6899
f 3617 6901 3620
f 3617 3620 307
f 6901 6902 1129
f 6901 1129 3620
f 1128 6908 6901
f 1128 6901 3617
f 6908 1127 6902
f 6908 6902 6901
f 3619 6903 3611
f 3619 3611 306
f 6903 6904 1124
f 6903 1124 3611
f 1129 6902 6903
f 1129 6903 3619
f 6902 1127 6904
f 6902 6904 6903
f 3612 6905 3622
f 3612 3622 128
f 6905 6906 1130
f 6905 1130 3622
f 1124 6904 6905
f 1124 6905 3612
f 6904 1127 6906
f 6904 6906 6905
f 3621 6907 3618
f 3621 3618 129
f 6907 6908 1128
f 6907 1128 3618
f 1130 6906 6907
f 1130 6907 3621
f 6906 1127 6908
f 6906 6908 6907
f 3623 6909 3626
f 3623 3626 308
f 6909 6910 1133
f 6909 1133 3626
f 1132 6916 6909
f 1132 6909 3623
f 6916 1131 6910
f 6916 6910 6909
f 3625 6911 3617
f 3625 3617 307
f 6911 6912 1128
f 6911 1128 3617
f 1133 6910 6911
f 1133 6911 3625
f 6910 1131 6912
f 6910 6912 6911
f 3618 6913 3628
f 3618 3628 129
f 6913 6914 1134
f 6913 1134 3628
f 1128 6912 6913
f 1128 6913 3618
f 6912 1131 6914
f 6912 6914 6913
f 3627 6915 3624
f 3627 3624 130
f 6915 6916 1132
f 6915 1132 3624
f 1134 6914 6915
f 1134 6915 3627
f 6914 1131 6916
f 6914 6916 6915
f 3629 6917 3632
f 3629 3632 309
f 6917 6918 1137
f 6917 1137 3632
f 1136 6924 6917
f 1136 6917 3629
f 6924 1135 6918
f 6924 6918 6917
f 3631 6919 3623
f 3631 3623 308
f 6919 6920 1132
f 6919 1132 3623
f 1137 6918 6919
f 1137 6919 3631
f 6918 1135 6920
f 6918 6920 6919
f 3624 6921 3634
f 3624 3634 130
f 6921 6922 1138
f 6921 1138 3634
f 1132 6920 6921
f 1132 6921 3624
f 6920 1135 6922
f 6920 6922 6921
f 3633 6923 3630
f 3633 3630 131
f 6923 6924 1136
f 6923 1136 3630
f 1138 6922 6923
f 1138 6923 3633
f 6922 1135 6924
f 6922 6924 6923
f 3635 6925 3638
f 3635 3638 310
f 6925 6926 1141
f 6925 1141 3638
f 1140 6932 6925
f 1140 6925 3635
f 6932 1139 6926
f 6932 6926 6925
f 3637 6927 3629
f 3637 3629 309
f 6927 6928 1136
f 6927 1136 3629
f 1141 6926 6927
f 1141 6927 3637
f 6926 1139 6928
f 6926 6928 6927
f 3630 6929 3640
f 3630 3640 131
f 6929 6930 1142
f 6929 1142 3640
f 1136 6928 6929
f 1136 6929 3630
f 6928 1139 6930
f 6928 6930 6929
f 3639 6931 3636
f 3639 3636 132
f 6931 6932 1140
f 6931 1140 3636
f 1142 6930 6931
f 1142 6931 3639
f 6930 1139 6932
f 6930 6932 6931
f 3641 6933 3644
f 3641 3644 311
f 6933 6934 1145
f 6933 1145 3644
f 1144 6940 6933
f 1144 6933 3641
f 6940 1143 6934
f 6940 6934 6933
f 3643 6935 3635
f 3643 3635 310
f 6935 6936 1140
f 6935 1140 3635
f 1145 6934 6935
f 1145 6935 3643
f 6934 1143 6936
f 6934 6936 6935
f 3636 6937 3646
f 3636 3646 132
f 6937 6938 1146
f 6937 1146 3646
f 1140 6936 6937
f 1140 6937 3636
f 6936 1143 6938
f 6936 6938 6937
f 3645 6939 3642
f 3645 3642 133
f 6939 6940 1144
f 6939 1144 3642
f 1146 6938 6939
f 1146 6939 3645
f 6938 1143 6940
f 6938 6940 6939
f 3647 6941 3650
f 3647 3650 312
f 6941 6942 1149
f 6941 1149 3650
f 1148 6948 6941
f 1148 6941 3647
f 6948 1147 6942
f 6948 6942 6941
f 3649 6943 3641
f 3649 3641 311
f 6943 6944 1144
f 6943 1144 3641
f 1149 6942 6943
f 1149 6943 3649
f 6942 1147 6944
f 6942 6944 6943
f 3642 6945 3652
f 3642 3652 133
f 6945 6946 1150
f 6945 1150 3652
f 1144 6944 6945
f 1144 6945 3642
f 6944 1147 6946
f 6944 6946 6945
f 3651 6947 3648
f 3651 3648 134
f 6947 6948 1148
f 6947 1148 3648
f 1150 6946 6947
f 1150 6947 3651
f 6946 1147 6948
f 6946 6948 6947
f 3653 6949 3656
f 3653 3656 313
f 6949 6950 1153
f 6949 1153 3656
f 1152 6956 6949
f 1152 6949 3653
f 6956 1151 6950
f 6956 6950 6949
f 3655 6951 3647
f 3655 3647 312
f 6951 6952 1148
f 6951 1148 3647
f 1153 6950 6951
f 1153 6951 3655
f 6950 1151 6952
f 6950 6952 6951
f 3648 6953 3658
f 3648 3658 134
f 6953 6954 1154
f 6953 1154 3658
f 1148 6952 6953
f 1148 6953 3648
f 6952 1151 6954
f 6952 6954 6953
f 3657 6955 3654
f 3657 3654 135
f 6955 6956 1152
f 6955 1152 3654
f 1154 6954 6955
f 1154 6955 3657
f 6954 1151 6956
f 6954 6956 6955
f 3659 6957 3662
f 3659 3662 314
f 6957 6958 1157
f 6957 1157 3662
f 1156 6964 6957
f 1156 6957 3659
f 6964 1155 6958
f 6964 6958 6957
f 3661 6959 3653
f 3661 3653 313
f 6959 6960 1152
f 6959 1152 3653
f 1157 6958 6959
f 1157 6959 3661
f 6958 1155 6960
f 6958 6960 6959
f 3654 6961 3664
f 3654 3664 135
f 6961 6962 1158
f 6961 1158 3664
f 1152 6960 6961
f 1152 6961 3654
f 6960 1155 6962
f 6960 6962 6961
f 3663 6963 3660
f 3663 3660 152
f 6963 6964 1156
f 6963 1156 3660
f 1158 6962 6963
f 1158 6963 3663
f 6962 1155 6964
f 6962 6964 6963
f 3665 6965 3668
f 3665 3668 315
f 6965 6966 1161
f 6965 1161 3668
f 1160 6972 6965
f 1160 6965 3665
f 6972 1159 6966
f 6972 6966 6965
f 3667 6967 3659
f 3667 3659 314
f 6967 6968 1156
f 6967 1156 3659
f 1161 6966 6967
f 1161 6967 3667
f 6966 1159 6968
f 6966 6968 6967
f 3660 6969 3670
f 3660 3670 152
f 6969 6970 1162
f 6969 1162 3670
f 1156 6968 6969
f 1156 6969 3660
f 6968 1159 6970
f 6968 6970 6969
f 3669 6971 3666
f 3669 3666 153
f 6971 6972 1160
f 6971 1160 3666
f 1162 6970 6971
f 1162 6971 3669
f 6970 1159 6972
f 6970 6972 6971
f 3671 6973 3674
f 3671 3674 349
f 6973 6974 1165
f 6973 1165 3674
f 1164 6980 6973
f 1164 6973 3671
f 6980 1163 6974
f 6980 6974 6973
f 3673 6975 3676
f 3673 3676 350
f 6975 6976 1166
f 6975 1166 3676
f 1165 6974 6975
f 1165 6975 3673
f 6974 1163 6976
f 6974 6976 6975
f 3675 6977 3678
f 3675 3678 93
f 6977 6978 1167
f 6977 1167 3678
f 1166 6976 6977
f 1166 6977 3675
f 6976 1163 6978
f 6976 6978 6977
f 3677 6979 3672
f 3677 3672 91
f 6979 6980 1164
f 6979 1164 3672
f 1167 6978 6979
f 1167 6979 3677
f 6978 1163 6980
f 6978 6980 6979
f 3676 6981 3680
f 3676 3680 350
f 6981 6982 1169
f 6981 1169 3680
f 1166 6988 6981
f 1166 6981 3676
f 6988 1168 6982
f 6988 6982 6981
f 3679 6983 3682
f 3679 3682 351
f 6983 6984 1170
f 6983 1170 3682
f 1169 6982 6983
f 1169 6983 3679
f 6982 1168 6984
f 6982 6984 6983
f 3681 6985 3684
f 3681 3684 95
f 6985 6986 1171
f 6985 1171 3684
f 1170 6984 6985
f 1170 6985 3681
f 6984 1168 6986
f 6984 6986 6985
f 3683 6987 3675
f 3683 3675 93
f 6987 6988 1166
f 6987 1166 3675
f 1171 6986 6987
f 1171 6987 3683
f 6986 1168 6988
f 6986 6988 6987
f 3682 6989 3686
f 3682 3686 351
f 6989 6990 1173
f 6989 1173 3686
f 1170 6996 6989
f 1170 6989 3682
f 6996 1172 6990
f 6996 6990 6989
f 3685 6991 3688
f 3685 3688 352
f 6991 6992 1174
f 6991 1174 3688
f 1173 6990 6991
f 1173 6991 3685
f 6990 1172 6992
f 6990 6992 6991
f 3687 6993 3690
f 3687 3690 97
f 6993 6994 1175
f 6993 1175 3690
f 1174 6992 6993
f 1174 6993 3687
f 6992 1172 6994
f 6992 6994 6993
f 3689 6995 3681
f 3689 3681 95
f 6995 6996 1170
f 6995 1170 3681
f 1175 6994 6995
f 1175 6995 3689
f 6994 1172 6996
f 6994 6996 6995
f 3688 6997 3692
f 3688 3692 352
f 6997 6998 1177
f 6997 1177 3692
f 1174 7004 6997
f 1174 6997 3688
f 7004 1176 6998
f 7004 6998 6997
f 3691 6999 3694
f 3691 3694 353
f 6999 7000 1178
f 6999 1178 3694
f 1177 6998 6999
f 1177 6999 3691
f 6998 1176 7000
f 6998 7000 6999
f 3693 7001 3696
f 3693 3696 99
f 7001 7002 1179
f 7001 1179 3696
f 1178 7000 7001
f 1178 7001 3693
f 7000 1176 7002
f 7000 7002 7001
f 3695 7003 3687
f 3695 3687 97
f 7003 7004 1174
f 7003 1174 3687
f 1179 7002 7003
f 1179 7003 3695
f 7002 1176 7004
f 7002 7004 7003
f 3694 7005 3698
f 3694 3698 353
f 7005 7006 1181
f 7005 1181 3698
f 1178 7012 7005
f 1178 7005 3694
f 7012 1180 7006
f 7012 7006 7005
f 3697 7007 3700
f 3697 3700 354
f 7007 7008 1182
f 7007 1182 3700
f 1181 7006 7007
f 1181 7007 3697
f 7006 1180 7008
f 7006 7008 7007
f 3699 7009 3702
f 3699 3702 101
f 7009 7010 1183
f 7009 1183 3702
f 1182 7008 7009
f 1182 7009 3699
f 7008 1180 7010
f 7008 7010 7009
f 3701 7011 3693
f 3701 3693 99
f 7011 7012 1178
f 7011 1178 3693
f 1183 7010 7011
f 1183 7011 3701
f 7010 1180 7012
f 7010 7012 7011
f 3700 7013 3704
f 3700 3704 354
f 7013 7014 1185
f 7013 1185 3704
f 1182 7020 7013
f 1182 7013 3700
f 7020 1184 7014
f 7020 7014 7013
f 3703 7015 3706
f 3703 3706 355
f 7015 7016 1186
f 7015 1186 3706
f 1185 7014 7015
f 1185 7015 3703
f 7014 1184 7016
f 7014 7016 7015
f 3705 7017 3708
f 3705 3708 103
f 7017 7018 1187
f 7017 1187 3708
f 1186 7016 7017
f 1186 7017 3705
f 7016 1184 7018
f 7016 7018 7017
f 3707 7019 3699
f 3707 3699 101
f 7019 7020 1182
f 7019 1182 3699
f 1187 7018 7019
f 1187 7019 3707
f 7018 1184 7020
f 7018 7020 7019
f 3706 7021 3710
f 3706 3710 355
f 7021 7022 1189
f 7021 1189 3710
f 1186 7028 7021
f 1186 7021 3706
f 7028 1188 7022
f 7028 7022 7021
f 3709 7023 3712
f 3709 3712 356
f 7023 7024 1190
f 7023 1190 3712
f 1189 7022 7023
f 1189 7023 3709
f 7022 1188 7024
f 7022 7024 7023
f 3711 7025 3714
f 3711 3714 105
f 7025 7026 1191
f 7025 1191 3714
f 1190 7024 7025
f 1190 7025 3711
f 7024 1188 7026
f 7024 7026 7025
f 3713 7027 3705
f 3713 3705 103
f 7027 7028 1186
f 7027 1186 3705
f 1191 7026 7027
f 1191 7027 3713
f 7026 1188 7028
f 7026 7028 7027
f 3712 7029 3716
f 3712 3716 356
f 7029 7030 1193
f 7029 1193 3716
f 1190 7036 7029
f 1190 7029 3712
f 7036 1192 7030
f 7036 7030 7029
f 3715 7031 3718
f 3715 3718 357
f 7031 7032 1194
f 7031 1194 3718
f 1193 7030 7031
f 1193 7031 3715
f 7030 1192 7032
f 7030 7032 7031
f 3717 7033 3720
f 3717 3720 107
f 7033 7034 1195
f 7033 1195 3720
f 1194 7032 7033
f 1194 7033 3717
f 7032 1192 7034
f 7032 7034 7033
f 3719 7035 3711
f 3719 3711 105
f 7035 7036 1190
f 7035 1190 3711
f 1195 7034 7035
f 1195 7035 3719
f 7034 1192 7036
f 7034 7036 7035
f 3718 7037 3722
f 3718 3722 357
f 7037 7038 1197
f 7037 1197 3722
f 1194 7044 7037
f 1194 7037 3718
f 7044 1196 7038
f 7044 7038 7037
f 3721 7039 3724
f 3721 3724 358
f 7039 7040 1198
f 7039 1198 3724
f 1197 7038 7039
f 1197 7039 3721
f 7038 1196 7040
f 7038 7040 7039
f 3723 7041 3726
f 3723 3726 109
f 7041 7042 1199
f 7041 1199 3726
f 1198 7040 7041
f 1198 7041 3723
f 7040 1196 7042
f 7040 7042 7041
f 3725 7043 3717
f 3725 3717 107
f 7043 7044 1194
f 7043 1194 3717
f 1199 7042 7043
f 1199 7043 3725
f 7042 1196 7044
f 7042 7044 7043
f 3724 7045 3728
f 3724 3728 358
f 7045 7046 1201
f 7045 1201 3728
f 1198 7052 7045
f 1198 7045 3724
f 7052 1200 7046
f 7052 7046 7045
f 3727 7047 3730
f 3727 3730 359
f 7047 7048 1202
f 7047 1202 3730
f 1201 7046 7047
f 1201 7047 3727
f 7046 1200 7048
f 7046 7048 7047
f 3729 7049 3732
f 3729 3732 111
f 7049 7050 1203
f 7049 1203 3732
f 1202 7048 7049
f 1202 7049 3729
f 7048 1200 7050
f 7048 7050 7049
f 3731 7051 3723
f 3731 3723 109
f 7051 7052 1198
f 7051 1198 3723
f 1203 7050 7051
f 1203 7051 3731
f 7050 1200 7052
f 7050 7052 7051
f 3730 7053 3734
f 3730 3734 359
f 7053 7054 1205
f 7053 1205 3734
f 1202 7060 7053
f 1202 7053 3730
f 7060 1204 7054
f 7060 7054 7053
f 3733 7055 3736
f 3733 3736 360
f 7055 7056 1206
f 7055 1206 3736
f 1205 7054 7055
f 1205 7055 3733
f 7054 1204 7056
f 7054 7056 7055
f 3735 7057 3738
f 3735 3738 113
f 7057 7058 1207
f 7057 1207 3738
f 1206 7056 7057
f 1206 7057 3735
f 7056 1204 7058
f 7056 7058 7057
f 3737 7059 3729
f 3737 3729 111
f 7059 7060 1202
f 7059 1202 3729
f 1207 7058 7059
f 1207 7059 3737
f 7058 1204 7060
f 7058 7060 7059
f 3736 7061 3740
f 3736 3740 360
f 7061 7062 1209
f 7061 1209 3740
f 1206 7068 7061
f 1206 7061 3736
f 7068 1208 7062
f 7068 7062 7061
f 3739 7063 3742
f 3739 3742 361
f 7063 7064 1210
f 7063 1210 3742
f 1209 7062 7063
f 1209 7063 3739
f 7062 1208 7064
f 7062 7064 7063
f 3741 7065 3744
f 3741 3744 115
f 7065 7066 1211
f 7065 1211 3744
f 1210 7064 7065
f 1210 7065 3741
f 7064 1208 7066
f 7064 7066 7065
f 3743 7067 3735
f 3743 3735 113
f 7067 7068 1206
f 7067 1206 3735
f 1211 7066 7067
f 1211 7067 3743
f 7066 1208 7068
f 7066 7068 7067
f 3742 7069 3746
f 3742 3746 361
f 7069 7070 1213
f 7069 1213 3746
f 1210 7076 7069
f 1210 7069 3742
f 7076 1212 7070
f 7076 7070 7069
f 3745 7071 3748
f 3745 3748 332
f 7071 7072 1214
f 7071 1214 3748
f 1213 7070 7071
f 1213 7071 3745
f 7070 1212 7072
f 7070 7072 7071
f 3747 7073 3750
f 3747 3750 117
f 7073 7074 1215
f 7073 1215 3750
f 1214 7072 7073
f 1214 7073 3747
f 7072 1212 7074
f 7072 7074 7073
f 3749 7075 3741
f 3749 3741 115
f 7075 7076 1210
f 7075 1210 3741
f 1215 7074 7075
f 1215 7075 3749
f 7074 1212 7076
f 7074 7076 7075
f 3748 7077 3752
f 3748 3752 332
f 7077 7078 1217
f 7077 1217 3752
f 1214 7084 7077
f 1214 7077 3748
f 7084 1216 7078
f 7084 7078 7077
f 3751 7079 3754
f 3751 3754 333
f 7079 7080 1218
f 7079 1218 3754
f 1217 7078 7079
f 1217 7079 3751
f 7078 1216 7080
f 7078 7080 7079
f 3753 7081 3756
f 3753 3756 119
f 7081 7082 1219
f 7081 1219 3756
f 1218 7080 7081
f 1218 7081 3753
f 7080 1216 7082
f 7080 7082 7081
f 3755 7083 3747
f 3755 3747 117
f 7083 7084 1214
f 7083 1214 3747
f 1219 7082 7083
f 1219 7083 3755
f 7082 1216 7084
f 7082 7084 7083
f 3754 7085 3758
f 3754 3758 333
f 7085 7086 1221
f 7085 1221 3758
f 1218 7092 7085
f 1218 7085 3754
f 7092 1220 7086
f 7092 7086 7085
f 3757 7087 3760
f 3757 3760 334
f 7087 7088 1222
f 7087 1222 3760
f 1221 7086 7087
f 1221 7087 3757
f 7086 1220 7088
f 7086 7088 7087
f 3759 7089 3762
f 3759 3762 61
f 7089 7090 1223
f 7089 1223 3762
f 1222 7088 7089
f 1222 7089 3759
f 7088 1220 7090
f 7088 7090 7089
f 3761 7091 3753
f 3761 3753 119
f 7091 7092 1218
f 7091 1218 3753
f 1223 7090 7091
f 1223 7091 3761
f 7090 1220 7092
f 7090 7092 7091
f 3763 7093 3411
f 3763 3411 77
f 7093 7094 986
f 7093 986 3411
f 1225 7100 7093
f 1225 7093 3763
f 7100 1224 7094
f 7100 7094 7093
f 3412 7095 3766
f 3412 3766 76
f 7095 7096 1226
f 7095 1226 3766
f 986 7094 7095
f 986 7095 3412
f 7094 1224 7096
f 7094 7096 7095
f 3765 7097 3768
f 3765 3768 154
f 7097 7098 1227
f 7097 1227 3768
f 1226 7096 7097
f 1226 7097 3765
f 7096 1224 7098
f 7096 7098 7097
f 3767 7099 3764
f 3767 3764 155
f 7099 7100 1225
f 7099 1225 3764
f 1227 7098 7099
f 1227 7099 3767
f 7098 1224 7100
f 7098 7100 7099
f 3769 7101 3447
f 3769 3447 78
f 7101 7102 1010
f 7101 1010 3447
f 1229 7108 7101
f 1229 7101 3769
f 7108 1228 7102
f 7108 7102 7101
f 3448 7103 3763
f 3448 3763 77
f 7103 7104 1225
f 7103 1225 3763
f 1010 7102 7103
f 1010 7103 3448
f 7102 1228 7104
f 7102 7104 7103
f 3764 7105 3772
f 3764 3772 155
f 7105 7106 1230
f 7105 1230 3772
f 1225 7104 7105
f 1225 7105 3764
f 7104 1228 7106
f 7104 7106 7105
f 3771 7107 3770
f 3771 3770 156
f 7107 7108 1229
f 7107 1229 3770
f 1230 7106 7107
f 1230 7107 3771
f 7106 1228 7108
f 7106 7108 7107
f 3773 7109 3459
f 3773 3459 79
f 7109 7110 1018
f 7109 1018 3459
f 1232 7116 7109
f 1232 7109 3773
f 7116 1231 7110
f 7116 7110 7109
f 3460 7111 3769
f 3460 3769 78
f 7111 7112 1229
f 7111 1229 3769
f 1018 7110 7111
f 1018 7111 3460
f 7110 1231 7112
f 7110 7112 7111
f 3770 7113 3776
f 3770 3776 156
f 7113 7114 1233
f 7113 1233 3776
f 1229 7112 7113
f 1229 7113 3770
f 7112 1231 7114
f 7112 7114 7113
f 3775 7115 3774
f 3775 3774 157
f 7115 7116 1232
f 7115 1232 3774
f 1233 7114 7115
f 1233 7115 3775
f 7114 1231 7116
f 7114 7116 7115
f 3777 7117 3469
f 3777 3469 80
f 7117 7118 1025
f 7117 1025 3469
f 1235 7124 7117
f 1235 7117 3777
f 7124 1234 7118
f 7124 7118 7117
f 3470 7119 3773
f 3470 3773 79
f 7119 7120 1232
f 7119 1232 3773
f 1025 7118 7119
f 1025 7119 3470
f 7118 1234 7120
f 7118 7120 7119
f 3774 7121 3780
f 3774 3780 157
f 7121 7122 1236
f 7121 1236 3780
f 1232 7120 7121
f 1232 7121 3774
f 7120 1234 7122
f 7120 7122 7121
f 3779 7123 3778
f 3779 3778 158
f 7123 7124 1235
f 7123 1235 3778
f 1236 7122 7123
f 1236 7123 3779
f 7122 1234 7124
f 7122 7124 7123
f 3781 7125 3479
f 3781 3479 81
f 7125 7126 1032
f 7125 1032 3479
f 1238 7132 7125
f 1238 7125 3781
f 7132 1237 7126
f 7132 7126 7125
f 3480 7127 3777
f 3480 3777 80
f 7127 7128 1235
f 7127 1235 3777
f 1032 7126 7127
f 1032 7127 3480
f 7126 1237 7128
f 7126 7128 7127
f 3778 7129 3784
f 3778 3784 158
f 7129 7130 1239
f 7129 1239 3784
f 1235 7128 7129
f 1235 7129 3778
f 7128 1237 7130
f 7128 7130 7129
f 3783 7131 3782
f 3783 3782 159
f 7131 7132 1238
f 7131 1238 3782
f 1239 7130 7131
f 1239 7131 3783
f 7130 1237 7132
f 7130 7132 7131
f 3785 7133 3489
f 3785 3489 82
f 7133 7134 1039
f 7133 1039 3489
f 1241 7140 7133
f 1241 7133 3785
f 7140 1240 7134
f 7140 7134 7133
f 3490 7135 3781
f 3490 3781 81
f 7135 7136 1238
f 7135 1238 3781
f 1039 7134 7135
f 1039 7135 3490
f 7134 1240 7136
f 7134 7136 7135
f 3782 7137 3788
f 3782 3788 159
f 7137 7138 1242
f 7137 1242 3788
f 1238 7136 7137
f 1238 7137 3782
f 7136 1240 7138
f 7136 7138 7137
f 3787 7139 3786
f 3787 3786 160
f 7139 7140 1241
f 7139 1241 3786
f 1242 7138 7139
f 1242 7139 3787
f 7138 1240 7140
f 7138 7140 7139
f 3789 7141 3499
f 3789 3499 83
f 7141 7142 1046
f 7141 1046 3499
f 1244 7148 7141
f 1244 7141 3789
f 7148 1243 7142
f 7148 7142 7141
f 3500 7143 3785
f 3500 3785 82
f 7143 7144 1241
f 7143 1241 3785
f 1046 7142 7143
f 1046 7143 3500
f 7142 1243 7144
f 7142 7144 7143
f 3786 7145 3792
f 3786 3792 160
f 7145 7146 1245
f 7145 1245 3792
f 1241 7144 7145
f 1241 7145 3786
f 7144 1243 7146
f 7144 7146 7145
f 3791 7147 3790
f 3791 3790 161
f 7147 7148 1244
f 7147 1244 3790
f 1245 7146 7147
f 1245 7147 3791
f 7146 1243 7148
f 7146 7148 7147
f 3793 7149 3509
f 3793 3509 84
f 7149 7150 1053
f 7149 1053 3509
f 1247 7156 7149
f 1247 7149 3793
f 7156 1246 7150
f 7156 7150 7149
f 3510 7151 3789
f 3510 3789 83
f 7151 7152 1244
f 7151 1244 3789
f 1053 7150 7151
f 1053 7151 3510
f 7150 1246 7152
f 7150 7152 7151
f 3790 7153 3796
f 3790 3796 161
f 7153 7154 1248
f 7153 1248 3796
f 1244 7152 7153
f 1244 7153 3790
f 7152 1246 7154
f 7152 7154 7153
f 3795 7155 3794
f 3795 3794 162
f 7155 7156 1247
f 7155 1247 3794
f 1248 7154 7155
f 1248 7155 3795
f 7154 1246 7156
f 7154 7156 7155
f 3797 7157 3527
f 3797 3527 85
f 7157 7158 1065
f 7157 1065 3527
f 1250 7164 7157
f 1250 7157 3797
f 7164 1249 7158
f 7164 7158 7157
f 3528 7159 3793
f 3528 3793 84
f 7159 7160 1247
f 7159 1247 3793
f 1065 7158 7159
f 1065 7159 3528
f 7158 1249 7160
f 7158 7160 7159
f 3794 7161 3800
f 3794 3800 162
f 7161 7162 1251
f 7161 1251 3800
f 1247 7160 7161
f 1247 7161 3794
f 7160 1249 7162
f 7160 7162 7161
f 3799 7163 3798
f 3799 3798 163
f 7163 7164 1250
f 7163 1250 3798
f 1251 7162 7163
f 1251 7163 3799
f 7162 1249 7164
f 7162 7164 7163
f 3801 7165 3533
f 3801 3533 86
f 7165 7166 1069
f 7165 1069 3533
f 1253 7172 7165
f 1253 7165 3801
f 7172 1252 7166
f 7172 7166 7165
f 3534 7167 3797
f 3534 3797 85
f 7167 7168 1250
f 7167 1250 3797
f 1069 7166 7167
f 1069 7167 3534
f 7166 1252 7168
f 7166 7168 7167
f 3798 7169 3804
f 3798 3804 163
f 7169 7170 1254
f 7169 1254 3804
f 1250 7168 7169
f 1250 7169 3798
f 7168 1252 7170
f 7168 7170 7169
f 3803 7171 3802
f 3803 3802 164
f 7171 7172 1253
f 7171 1253 3802
f 1254 7170 7171
f 1254 7171 3803
f 7170 1252 7172
f 7170 7172 7171
f 3805 7173 3545
f 3805 3545 87
f 7173 7174 1078
f 7173 1078 3545
f 1256 7180 7173
f 1256 7173 3805
f 7180 1255 7174
f 7180 7174 7173
f 3546 7175 3801
f 3546 3801 86
f 7175 7176 1253
f 7175 1253 3801
f 1078 7174 7175
f 1078 7175 3546
f 7174 1255 7176
f 7174 7176 7175
f 3802 7177 3808
f 3802 3808 164
f 7177 7178 1257
f 7177 1257 3808
f 1253 7176 7177
f 1253 7177 3802
f 7176 1255 7178
f 7176 7178 7177
f 3807 7179 3806
f 3807 3806 165
f 7179 7180 1256
f 7179 1256 3806
f 1257 7178 7179
f 1257 7179 3807
f 7178 1255 7180
f 7178 7180 7179
f 3809 7181 3551
f 3809 3551 88
f 7181 7182 1082
f 7181 1082 3551
f 1259 7188 7181
f 1259 7181 3809
f 7188 1258 7182
f 7188 7182 7181
f 3552 7183 3805
f 3552 3805 87
f 7183 7184 1256
f 7183 1256 3805
f 1082 7182 7183
f 1082 7183 3552
f 7182 1258 7184
f 7182 7184 7183
f 3806 7185 3812
f 3806 3812 165
f 7185 7186 1260
f 7185 1260 3812
f 1256 7184 7185
f 1256 7185 3806
f 7184 1258 7186
f 7184 7186 7185
f 3811 7187 3810
f 3811 3810 182
f 7187 7188 1259
f 7187 1259 3810
f 1260 7186 7187
f 1260 7187 3811
f 7186 1258 7188
f 7186 7188 7187
f 3813 7189 3569
f 3813 3569 89
f 7189 7190 1095
f 7189 1095 3569
f 1262 7196 7189
f 1262 7189 3813
f 7196 1261 7190
f 7196 7190 7189
f 3570 7191 3809
f 3570 3809 88
f 7191 7192 1259
f 7191 1259 3809
f 1095 7190 7191
f 1095 7191 3570
f 7190 1261 7192
f 7190 7192 7191
f 3810 7193 3816
f 3810 3816 182
f 7193 7194 1263
f 7193 1263 3816
f 1259 7192 7193
f 1259 7193 3810
f 7192 1261 7194
f 7192 7194 7193
f 3815 7195 3814
f 3815 3814 183
f 7195 7196 1262
f 7195 1262 3814
f 1263 7194 7195
f 1263 7195 3815
f 7194 1261 7196
f 7194 7196 7195
f 3817 7197 3577
f 3817 3577 90
f 7197 7198 1101
f 7197 1101 3577
f 1265 7204 7197
f 1265 7197 3817
f 7204 1264 7198
f 7204 7198 7197
f 3578 7199 3813
f 3578 3813 89
f 7199 7200 1262
f 7199 1262 3813
f 1101 7198 7199
f 1101 7199 3578
f 7198 1264 7200
f 7198 7200 7199
f 3814 7201 3820
f 3814 3820 183
f 7201 7202 1266
f 7201 1266 3820
f 1262 7200 7201
f 1262 7201 3814
f 7200 1264 7202
f 7200 7202 7201
f 3819 7203 3818
f 3819 3818 184
f 7203 7204 1265
f 7203 1265 3818
f 1266 7202 7203
f 1266 7203 3819
f 7202 1264 7204
f 7202 7204 7203
f 3821 7205 3403
f 3821 3403 75
f 7205 7206 981
f 7205 981 3403
f 1268 7212 7205
f 1268 7205 3821
f 7212 1267 7206
f 7212 7206 7205
f 3404 7207 3817
f 3404 3817 90
f 7207 7208 1265
f 7207 1265 3817
f 981 7206 7207
f 981 7207 3404
f 7206 1267 7208
f 7206 7208 7207
f 3818 7209 3824
f 3818 3824 184
f 7209 7210 1269
f 7209 1269 3824
f 1265 7208 7209
f 1265 7209 3818
f 7208 1267 7210
f 7208 7210 7209
f 3823 7211 3822
f 3823 3822 185
f 7211 7212 1268
f 7211 1268 3822
f 1269 7210 7211
f 1269 7211 3823
f 7210 1267 7212
f 7210 7212 7211
f 3825 7213 3169
f 3825 3169 25
f 7213 7214 821
f 7213 821 3169
f 1271 7220 7213
f 1271 7213 3825
f 7220 1270 7214
f 7220 7214 7213
f 3170 7215 3828
f 3170 3828 22
f 7215 7216 1272
f 7215 1272 3828
f 821 7214 7215
f 821 7215 3170
f 7214 1270 7216
f 7214 7216 7215
f 3827 7217 3830
f 3827 3830 137
f 7217 7218 1273
f 7217 1273 3830
f 1272 7216 7217
f 1272 7217 3827
f 7216 1270 7218
f 7216 7218 7217
f 3829 7219 3826
f 3829 3826 136
f 7219 7220 1271
f 7219 1271 3826
f 1273 7218 7219
f 1273 7219 3829
f 7218 1270 7220
f 7218 7220 7219
f 3828 7221 3163
f 3828 3163 22
f 7221 7222 817
f 7221 817 3163
f 1272 7228 7221
f 1272 7221 3828
f 7228 1274 7222
f 7228 7222 7221
f 3164 7223 3832
f 3164 3832 21
f 7223 7224 1275
f 7223 1275 3832
f 817 7222 7223
f 817 7223 3164
f 7222 1274 7224
f 7222 7224 7223
f 3831 7225 3834
f 3831 3834 138
f 7225 7226 1276
f 7225 1276 3834
f 1275 7224 7225
f 1275 7225 3831
f 7224 1274 7226
f 7224 7226 7225
f 3833 7227 3827
f 3833 3827 137
f 7227 7228 1272
f 7227 1272 3827
f 1276 7226 7227
f 1276 7227 3833
f 7226 1274 7228
f 7226 7228 7227
f 3832 7229 3157
f 3832 3157 21
f 7229 7230 813
f 7229 813 3157
f 1275 7236 7229
f 1275 7229 3832
f 7236 1277 7230
f 7236 7230 7229
f 3158 7231 3836
f 3158 3836 18
f 7231 7232 1278
f 7231 1278 3836
f 813 7230 7231
f 813 7231 3158
f 7230 1277 7232
f 7230 7232 7231
f 3835 7233 3838
f 3835 3838 139
f 7233 7234 1279
f 7233 1279 3838
f 1278 7232 7233
f 1278 7233 3835
f 7232 1277 7234
f 7232 7234 7233
f 3837 7235 3831
f 3837 3831 138
f 7235 7236 1275
f 7235 1275 3831
f 1279 7234 7235
f 1279 7235 3837
f 7234 1277 7236
f 7234 7236 7235
f 3836 7237 3151
f 3836 3151 18
f 7237 7238 809
f 7237 809 3151
f 1278 7244 7237
f 1278 7237 3836
f 7244 1280 7238
f 7244 7238 7237
f 3152 7239 3840
f 3152 3840 17
f 7239 7240 1281
f 7239 1281 3840
f 809 7238 7239
f 809 7239 3152
f 7238 1280 7240
f 7238 7240 7239
f 3839 7241 3842
f 3839 3842 140
f 7241 7242 1282
f 7241 1282 3842
f 1281 7240 7241
f 1281 7241 3839
f 7240 1280 7242
f 7240 7242 7241
f 3841 7243 3835
f 3841 3835 139
f 7243 7244 1278
f 7243 1278 3835
f 1282 7242 7243
f 1282 7243 3841
f 7242 1280 7244
f 7242 7244 7243
f 3840 7245 3145
f 3840 3145 17
f 7245 7246 805
f 7245 805 3145
f 1281 7252 7245
f 1281 7245 3840
f 7252 1283 7246
f 7252 7246 7245
f 3146 7247 3844
f 3146 3844 14
f 7247 7248 1284
f 7247 1284 3844
f 805 7246 7247
f 805 7247 3146
f 7246 1283 7248
f 7246 7248 7247
f 3843 7249 3846
f 3843 3846 141
f 7249 7250 1285
f 7249 1285 3846
f 1284 7248 7249
f 1284 7249 3843
f 7248 1283 7250
f 7248 7250 7249
f 3845 7251 3839
f 3845 3839 140
f 7251 7252 1281
f 7251 1281 3839
f 1285 7250 7251
f 1285 7251 3845
f 7250 1283 7252
f 7250 7252 7251
f 3844 7253 3139
f 3844 3139 14
f 7253 7254 801
f 7253 801 3139
f 1284 7260 7253
f 1284 7253 3844
f 7260 1286 7254
f 7260 7254 7253
f 3140 7255 3848
f 3140 3848 13
f 7255 7256 1287
f 7255 1287 3848
f 801 7254 7255
f 801 7255 3140
f 7254 1286 7256
f 7254 7256 7255
f 3847 7257 3850
f 3847 3850 142
f 7257 7258 1288
f 7257 1288 3850
f 1287 7256 7257
f 1287 7257 3847
f 7256 1286 7258
f 7256 7258 7257
f 3849 7259 3843
f 3849 3843 141
f 7259 7260 1284
f 7259 1284 3843
f 1288 7258 7259
f 1288 7259 3849
f 7258 1286 7260
f 7258 7260 7259
f 3848 7261 3133
f 3848 3133 13
f 7261 7262 797
f 7261 797 3133
f 1287 7268 7261
f 1287 7261 3848
f 7268 1289 7262
f 7268 7262 7261
f 3134 7263 3852
f 3134 3852 10
f 7263 7264 1290
f 7263 1290 3852
f 797 7262 7263
f 797 7263 3134
f 7262 1289 7264
f 7262 7264 7263
f 3851 7265 3854
f 3851 3854 143
f 7265 7266 1291
f 7265 1291 3854
f 1290 7264 7265
f 1290 7265 3851
f 7264 1289 7266
f 7264 7266 7265
f 3853 7267 3847
f 3853 3847 142
f 7267 7268 1287
f 7267 1287 3847
f 1291 7266 7267
f 1291 7267 3853
f 7266 1289 7268
f 7266 7268 7267
f 3852 7269 3127
f 3852 3127 10
f 7269 7270 793
f 7269 793 3127
f 1290 7276 7269
f 1290 7269 3852
f 7276 1292 7270
f 7276 7270 7269
f 3128 7271 3856
f 3128 3856 9
f 7271 7272 1293
f 7271 1293 3856
f 793 7270 7271
f 793 7271 3128
f 7270 1292 7272
f 7270 7272 7271
f 3855 7273 3858
f 3855 3858 144
f 7273 7274 1294
f 7273 1294 3858
f 1293 7272 7273
f 1293 7273 3855
f 7272 1292 7274
f 7272 7274 7273
f 3857 7275 3851
f 3857 3851 143
f 7275 7276 1290
f 7275 1290 3851
f 1294 7274 7275
f 1294 7275 3857
f 7274 1292 7276
f 7274 7276 7275
f 3856 7277 3121
f 3856 3121 9
f 7277 7278 789
f 7277 789 3121
f 1293 7284 7277
f 1293 7277 3856
f 7284 1295 7278
f 7284 7278 7277
f 3122 7279 3860
f 3122 3860 6
f 7279 7280 1296
f 7279 1296 3860
f 789 7278 7279
f 789 7279 3122
f 7278 1295 7280
f 7278 7280 7279
f 3859 7281 3862
f 3859 3862 145
f 7281 7282 1297
f 7281 1297 3862
f 1296 7280 7281
f 1296 7281 3859
f 7280 1295 7282
f 7280 7282 7281
f 3861 7283 3855
f 3861 3855 144
f 7283 7284 1293
f 7283 1293 3855
f 1297 7282 7283
f 1297 7283 3861
f 7282 1295 7284
f 7282 7284 7283
f 3860 7285 3115
f 3860 3115 6
f 7285 7286 785
f 7285 785 3115
f 1296 7292 7285
f 1296 7285 3860
f 7292 1298 7286
f 7292 7286 7285
f 3116 7287 3864
f 3116 3864 5
f 7287 7288 1299
f 7287 1299 3864
f 785 7286 7287
f 785 7287 3116
f 7286 1298 7288
f 7286 7288 7287
f 3863 7289 3866
f 3863 3866 146
f 7289 7290 1300
f 7289 1300 3866
f 1299 7288 7289
f 1299 7289 3863
f 7288 1298 7290
f 7288 7290 7289
f 3865 7291 3859
f 3865 3859 145
f 7291 7292 1296
f 7291 1296 3859
f 1300 7290 7291
f 1300 7291 3865
f 7290 1298 7292
f 7290 7292 7291
f 3864 7293 3109
f 3864 3109 5
f 7293 7294 781
f 7293 781 3109
f 1299 7300 7293
f 1299 7293 3864
f 7300 1301 7294
f 7300 7294 7293
f 3110 7295 3868
f 3110 3868 2
f 7295 7296 1302
f 7295 1302 3868
f 781 7294 7295
f 781 7295 3110
f 7294 1301 7296
f 7294 7296 7295
f 3867 7297 3870
f 3867 3870 147
f 7297 7298 1303
f 7297 1303 3870
f 1302 7296 7297
f 1302 7297 3867
f 7296 1301 7298
f 7296 7298 7297
f 3869 7299 3863
f 3869 3863 146
f 7299 7300 1299
f 7299 1299 3863
f 1303 7298 7299
f 1303 7299 3869
f 7298 1301 7300
f 7298 7300 7299
f 3868 7301 3103
f 3868 3103 2
f 7301 7302 777
f 7301 777 3103
f 1302 7308 7301
f 1302 7301 3868
f 7308 1304 7302
f 7308 7302 7301
f 3104 7303 3872
f 3104 3872 1
f 7303 7304 1305
f 7303 1305 3872
f 777 7302 7303
f 777 7303 3104
f 7302 1304 7304
f 7302 7304 7303
f 3871 7305 3874
f 3871 3874 148
f 7305 7306 1306
f 7305 1306 3874
f 1305 7304 7305
f 1305 7305 3871
f 7304 1304 7306
f 7304 7306 7305
f 3873 7307 3867
f 3873 3867 147
f 7307 7308 1302
f 7307 1302 3867
f 1306 7306 7307
f 1306 7307 3873
f 7306 1304 7308
f 7306 7308 7307
f 3872 7309 3097
f 3872 3097 1
f 7309 7310 773
f 7309 773 3097
f 1305 7316 7309
f 1305 7309 3872
f 7316 1307 7310
f 7316 7310 7309
f 3098 7311 3876
f 3098 3876 30
f 7311 7312 1308
f 7311 1308 3876
f 773 7310 7311
f 773 7311 3098
f 7310 1307 7312
f 7310 7312 7311
f 3875 7313 3878
f 3875 3878 149
f 7313 7314 1309
f 7313 1309 3878
f 1308 7312 7313
f 1308 7313 3875
f 7312 1307 7314
f 7312 7314 7313
f 3877 7315 3871
f 3877 3871 148
f 7315 7316 1305
f 7315 1305 3871
f 1309 7314 7315
f 1309 7315 3877
f 7314 1307 7316
f 7314 7316 7315
f 3876 7317 3181
f 3876 3181 30
f 7317 7318 829
f 7317 829 3181
f 1308 7324 7317
f 1308 7317 3876
f 7324 1310 7318
f 7324 7318 7317
f 3182 7319 3880
f 3182 3880 29
f 7319 7320 1311
f 7319 1311 3880
f 829 7318 7319
f 829 7319 3182
f 7318 1310 7320
f 7318 7320 7319
f 3879 7321 3882
f 3879 3882 150
f 7321 7322 1312
f 7321 1312 3882
f 1311 7320 7321
f 1311 7321 3879
f 7320 1310 7322
f 7320 7322 7321
f 3881 7323 3875
f 3881 3875 149
f 7323 7324 1308
f 7323 1308 3875
f 1312 7322 7323
f 1312 7323 3881
f 7322 1310 7324
f 7322 7324 7323
f 3880 7325 3177
f 3880 3177 29
f 7325 7326 826
f 7325 826 3177
f 1311 7332 7325
f 1311 7325 3880
f 7332 1313 7326
f 7332 7326 7325
f 3178 7327 3884
f 3178 3884 26
f 7327 7328 1314
f 7327 1314 3884
f 826 7326 7327
f 826 7327 3178
f 7326 1313 7328
f 7326 7328 7327
f 3883 7329 3886
f 3883 3886 121
f 7329 7330 1315
f 7329 1315 3886
f 1314 7328 7329
f 1314 7329 3883
f 7328 1313 7330
f 7328 7330 7329
f 3885 7331 3879
f 3885 3879 150
f 7331 7332 1311
f 7331 1311 3879
f 1315 7330 7331
f 1315 7331 3885
f 7330 1313 7332
f 7330 7332 7331
f 3887 7333 3890
f 3887 3890 236
f 7333 7334 1318
f 7333 1318 3890
f 1317 7340 7333
f 1317 7333 3887
f 7340 1316 7334
f 7340 7334 7333
f 3889 7335 3517
f 3889 3517 237
f 7335 7336 1059
f 7335 1059 3517
f 1318 7334 7335
f 1318 7335 3889
f 7334 1316 7336
f 7334 7336 7335
f 3518 7337 3892
f 3518 3892 267
f 7337 7338 1319
f 7337 1319 3892
f 1059 7336 7337
f 1059 7337 3518
f 7336 1316 7338
f 7336 7338 7337
f 3891 7339 3888
f 3891 3888 266
f 7339 7340 1317
f 7339 1317 3888
f 1319 7338 7339
f 1319 7339 3891
f 7338 1316 7340
f 7338 7340 7339
f 3893 7341 3667
f 3893 3667 314
f 7341 7342 1161
f 7341 1161 3667
f 1321 7348 7341
f 1321 7341 3893
f 7348 1320 7342
f 7348 7342 7341
f 3668 7343 3896
f 3668 3896 315
f 7343 7344 1322
f 7343 1322 3896
f 1161 7342 7343
f 1161 7343 3668
f 7342 1320 7344
f 7342 7344 7343
f 3895 7345 3823
f 3895 3823 185
f 7345 7346 1269
f 7345 1269 3823
f 1322 7344 7345
f 1322 7345 3895
f 7344 1320 7346
f 7344 7346 7345
f 3824 7347 3894
f 3824 3894 184
f 7347 7348 1321
f 7347 1321 3894
f 1269 7346 7347
f 1269 7347 3824
f 7346 1320 7348
f 7346 7348 7347
f 3897 7349 3661
f 3897 3661 313
f 7349 7350 1157
f 7349 1157 3661
f 1324 7356 7349
f 1324 7349 3897
f 7356 1323 7350
f 7356 7350 7349
f 3662 7351 3893
f 3662 3893 314
f 7351 7352 1321
f 7351 1321 3893
f 1157 7350 7351
f 1157 7351 3662
f 7350 1323 7352
f 7350 7352 7351
f 3894 7353 3819
f 3894 3819 184
f 7353 7354 1266
f 7353 1266 3819
f 1321 7352 7353
f 1321 7353 3894
f 7352 1323 7354
f 7352 7354 7353
f 3820 7355 3898
f 3820 3898 183
f 7355 7356 1324
f 7355 1324 3898
f 1266 7354 7355
f 1266 7355 3820
f 7354 1323 7356
f 7354 7356 7355
f 3899 7357 3655
f 3899 3655 312
f 7357 7358 1153
f 7357 1153 3655
f 1326 7364 7357
f 1326 7357 3899
f 7364 1325 7358
f 7364 7358 7357
f 3656 7359 3897
f 3656 3897 313
f 7359 7360 1324
f 7359 1324 3897
f 1153 7358 7359
f 1153 7359 3656
f 7358 1325 7360
f 7358 7360 7359
f 3898 7361 3815
f 3898 3815 183
f 7361 7362 1263
f 7361 1263 3815
f 1324 7360 7361
f 1324 7361 3898
f 7360 1325 7362
f 7360 7362 7361
f 3816 7363 3900
f 3816 3900 182
f 7363 7364 1326
f 7363 1326 3900
f 1263 7362 7363
f 1263 7363 3816
f 7362 1325 7364
f 7362 7364 7363
f 3901 7365 3649
f 3901 3649 311
f 7365 7366 1149
f 7365 1149 3649
f 1328 7372 7365
f 1328 7365 3901
f 7372 1327 7366
f 7372 7366 7365
f 3650 7367 3899
f 3650 3899 312
f 7367 7368 1326
f 7367 1326 3899
f 1149 7366 7367
f 1149 7367 3650
f 7366 1327 7368
f 7366 7368 7367
f 3900 7369 3811
f 3900 3811 182
f 7369 7370 1260
f 7369 1260 3811
f 1326 7368 7369
f 1326 7369 3900
f 7368 1327 7370
f 7368 7370 7369
f 3812 7371 3902
f 3812 3902 165
f 7371 7372 1328
f 7371 1328 3902
f 1260 7370 7371
f 1260 7371 3812
f 7370 1327 7372
f 7370 7372 7371
f 3903 7373 3643
f 3903 3643 310
f 7373 7374 1145
f 7373 1145 3643
f 1330 7380 7373
f 1330 7373 3903
f 7380 1329 7374
f 7380 7374 7373
f 3644 7375 3901
f 3644 3901 311
f 7375 7376 1328
f 7375 1328 3901
f 1145 7374 7375
f 1145 7375 3644
f 7374 1329 7376
f 7374 7376 7375
f 3902 7377 3807
f 3902 3807 165
f 7377 7378 1257
f 7377 1257 3807
f 1328 7376 7377
f 1328 7377 3902
f 7376 1329 7378
f 7376 7378 7377
f 3808 7379 3904
f 3808 3904 164
f 7379 7380 1330
f 7379 1330 3904
f 1257 7378 7379
f 1257 7379 3808
f 7378 1329 7380
f 7378 7380 7379
f 3905 7381 3637
f 3905 3637 309
f 7381 7382 1141
f 7381 1141 3637
f 1332 7388 7381
f 1332 7381 3905
f 7388 1331 7382
f 7388 7382 7381
f 3638 7383 3903
f 3638 3903 310
f 7383 7384 1330
f 7383 1330 3903
f 1141 7382 7383
f 1141 7383 3638
f 7382 1331 7384
f 7382 7384 7383
f 3904 7385 3803
f 3904 3803 164
f 7385 7386 1254
f 7385 1254 3803
f 1330 7384 7385
f 1330 7385 3904
f 7384 1331 7386
f 7384 7386 7385
f 3804 7387 3906
f 3804 3906 163
f 7387 7388 1332
f 7387 1332 3906
f 1254 7386 7387
f 1254 7387 3804
f 7386 1331 7388
f 7386 7388 7387
f 3907 7389 3631
f 3907 3631 308
f 7389 7390 1137
f 7389 1137 3631
f 1334 7396 7389
f 1334 7389 3907
f 7396 1333 7390
f 7396 7390 7389
f 3632 7391 3905
f 3632 3905 309
f 7391 7392 1332
f 7391 1332 3905
f 1137 7390 7391
f 1137 7391 3632
f 7390 1333 7392
f 7390 7392 7391
f 3906 7393 3799
f 3906 3799 163
f 7393 7394 1251
f 7393 1251 3799
f 1332 7392 7393
f 1332 7393 3906
f 7392 1333 7394
f 7392 7394 7393
f 3800 7395 3908
f 3800 3908 162
f 7395 7396 1334
f 7395 1334 3908
f 1251 7394 7395
f 1251 7395 3800
f 7394 1333 7396
f 7394 7396 7395
f 3909 7397 3625
f 3909 3625 307
f 7397 7398 1133
f 7397 1133 3625
f 1336 7404 7397
f 1336 7397 3909
f 7404 1335 7398
f 7404 7398 7397
f 3626 7399 3907
f 3626 3907 308
f 7399 7400 1334
f 7399 1334 3907
f 1133 7398 7399
f 1133 7399 3626
f 7398 1335 7400
f 7398 7400 7399
f 3908 7401 3795
f 3908 3795 162
f 7401 7402 1248
f 7401 1248 3795
f 1334 7400 7401
f 1334 7401 3908
f 7400 1335 7402
f 7400 7402 7401
f 3796 7403 3910
f 3796 3910 161
f 7403 7404 1336
f 7403 1336 3910
f 1248 7402 7403
f 1248 7403 3796
f 7402 1335 7404
f 7402 7404 7403
f 3911 7405 3619
f 3911 3619 306
f 7405 7406 1129
f 7405 1129 3619
f 1338 7412 7405
f 1338 7405 3911
f 7412 1337 7406
f 7412 7406 7405
f 3620 7407 3909
f 3620 3909 307
f 7407 7408 1336
f 7407 1336 3909
f 1129 7406 7407
f 1129 7407 3620
f 7406 1337 7408
f 7406 7408 7407
f 3910 7409 3791
f 3910 3791 161
f 7409 7410 1245
f 7409 1245 3791
f 1336 7408 7409
f 1336 7409 3910
f 7408 1337 7410
f 7408 7410 7409
f 3792 7411 3912
f 3792 3912 160
f 7411 7412 1338
f 7411 1338 3912
f 1245 7410 7411
f 1245 7411 3792
f 7410 1337 7412
f 7410 7412 7411
f 3913 7413 3613
f 3913 3613 305
f 7413 7414 1125
f 7413 1125 3613
f 1340 7420 7413
f 1340 7413 3913
f 7420 1339 7414
f 7420 7414 7413
f 3614 7415 3911
f 3614 3911 306
f 7415 7416 1338
f 7415 1338 3911
f 1125 7414 7415
f 1125 7415 3614
f 7414 1339 7416
f 7414 7416 7415
f 3912 7417 3787
f 3912 3787 160
f 7417 7418 1242
f 7417 1242 3787
f 1338 7416 7417
f 1338 7417 3912
f 7416 1339 7418
f 7416 7418 7417
f 3788 7419 3914
f 3788 3914 159
f 7419 7420 1340
f 7419 1340 3914
f 1242 7418 7419
f 1242 7419 3788
f 7418 1339 7420
f 7418 7420 7419
f 3915 7421 3607
f 3915 3607 304
f 7421 7422 1121
f 7421 1121 3607
f 1342 7428 7421
f 1342 7421 3915
f 7428 1341 7422
f 7428 7422 7421
f 3608 7423 3913
f 3608 3913 305
f 7423 7424 1340
f 7423 1340 3913
f 1121 7422 7423
f 1121 7423 3608
f 7422 1341 7424
f 7422 7424 7423
f 3914 7425 3783
f 3914 3783 159
f 7425 7426 1239
f 7425 1239 3783
f 1340 7424 7425
f 1340 7425 3914
f 7424 1341 7426
f 7424 7426 7425
f 3784 7427 3916
f 3784 3916 158
f 7427 7428 1342
f 7427 1342 3916
f 1239 7426 7427
f 1239 7427 3784
f 7426 1341 7428
f 7426 7428 7427
f 3917 7429 3601
f 3917 3601 303
f 7429 7430 1117
f 7429 1117 3601
f 1344 7436 7429
f 1344 7429 3917
f 7436 1343 7430
f 7436 7430 7429
f 3602 7431 3915
f 3602 3915 304
f 7431 7432 1342
f 7431 1342 3915
f 1117 7430 7431
f 1117 7431 3602
f 7430 1343 7432
f 7430 7432 7431
f 3916 7433 3779
f 3916 3779 158
f 7433 7434 1236
f 7433 1236 3779
f 1342 7432 7433
f 1342 7433 3916
f 7432 1343 7434
f 7432 7434 7433
f 3780 7435 3918
f 3780 3918 157
f 7435 7436 1344
f 7435 1344 3918
f 1236 7434 7435
f 1236 7435 3780
f 7434 1343 7436
f 7434 7436 7435
f 3919 7437 3595
f 3919 3595 285
f 7437 7438 1113
f 7437 1113 3595
f 1346 7444 7437
f 1346 7437 3919
f 7444 1345 7438
f 7444 7438 7437
f 3596 7439 3917
f 3596 3917 303
f 7439 7440 1344
f 7439 1344 3917
f 1113 7438 7439
f 1113 7439 3596
f 7438 1345 7440
f 7438 7440 7439
f 3918 7441 3775
f 3918 3775 157
f 7441 7442 1233
f 7441 1233 3775
f 1344 7440 7441
f 1344 7441 3918
f 7440 1345 7442
f 7440 7442 7441
f 3776 7443 3920
f 3776 3920 156
f 7443 7444 1346
f 7443 1346 3920
f 1233 7442 7443
f 1233 7443 3776
f 7442 1345 7444
f 7442 7444 7443
f 3921 7445 3589
f 3921 3589 284
f 7445 7446 1109
f 7445 1109 3589
f 1348 7452 7445
f 1348 7445 3921
f 7452 1347 7446
f 7452 7446 7445
f 3590 7447 3919
f 3590 3919 285
f 7447 7448 1346
f 7447 1346 3919
f 1109 7446 7447
f 1109 7447 3590
f 7446 1347 7448
f 7446 7448 7447
f 3920 7449 3771
f 3920 3771 156
f 7449 7450 1230
f 7449 1230 3771
f 1346 7448 7449
f 1346 7449 3920
f 7448 1347 7450
f 7448 7450 7449
f 3772 7451 3922
f 3772 3922 155
f 7451 7452 1348
f 7451 1348 3922
f 1230 7450 7451
f 1230 7451 3772
f 7450 1347 7452
f 7450 7452 7451
f 3923 7453 3829
f 3923 3829 136
f 7453 7454 1273
f 7453 1273 3829
f 1350 7460 7453
f 1350 7453 3923
f 7460 1349 7454
f 7460 7454 7453
f 3830 7455 3926
f 3830 3926 137
f 7455 7456 1351
f 7455 1351 3926
f 1273 7454 7455
f 1273 7455 3830
f 7454 1349 7456
f 7454 7456 7455
f 3925 7457 3928
f 3925 3928 167
f 7457 7458 1352
f 7457 1352 3928
f 1351 7456 7457
f 1351 7457 3925
f 7456 1349 7458
f 7456 7458 7457
f 3927 7459 3924
f 3927 3924 166
f 7459 7460 1350
f 7459 1350 3924
f 1352 7458 7459
f 1352 7459 3927
f 7458 1349 7460
f 7458 7460 7459
f 3926 7461 3833
f 3926 3833 137
f 7461 7462 1276
f 7461 1276 3833
f 1351 7468 7461
f 1351 7461 3926
f 7468 1353 7462
f 7468 7462 7461
f 3834 7463 3930
f 3834 3930 138
f 7463 7464 1354
f 7463 1354 3930
f 1276 7462 7463
f 1276 7463 3834
f 7462 1353 7464
f 7462 7464 7463
f 3929 7465 3932
f 3929 3932 168
f 7465 7466 1355
f 7465 1355 3932
f 1354 7464 7465
f 1354 7465 3929
f 7464 1353 7466
f 7464 7466 7465
f 3931 7467 3925
f 3931 3925 167
f 7467 7468 1351
f 7467 1351 3925
f 1355 7466 7467
f 1355 7467 3931
f 7466 1353 7468
f 7466 7468 7467
f 3930 7469 3837
f 3930 3837 138
f 7469 7470 1279
f 7469 1279 3837
f 1354 7476 7469
f 1354 7469 3930
f 7476 1356 7470
f 7476 7470 7469
f 3838 7471 3934
f 3838 3934 139
f 7471 7472 1357
f 7471 1357 3934
f 1279 7470 7471
f 1279 7471 3838
f 7470 1356 7472
f 7470 7472 7471
f 3933 7473 3936
f 3933 3936 169
f 7473 7474 1358
f 7473 1358 3936
f 1357 7472 7473
f 1357 7473 3933
f 7472 1356 7474
f 7472 7474 7473
f 3935 7475 3929
f 3935 3929 168
f 7475 7476 1354
f 7475 1354 3929
f 1358 7474 7475
f 1358 7475 3935
f 7474 1356 7476
f 7474 7476 7475
f 3934 7477 3841
f 3934 3841 139
f 7477 7478 1282
f 7477 1282 3841
f 1357 7484 7477
f 1357 7477 3934
f 7484 1359 7478
f 7484 7478 7477
f 3842 7479 3938
f 3842 3938 140
f 7479 7480 1360
f 7479 1360 3938
f 1282 7478 7479
f 1282 7479 3842
f 7478 1359 7480
f 7478 7480 7479
f 3937 7481 3940
f 3937 3940 170
f 7481 7482 1361
f 7481 1361 3940
f 1360 7480 7481
f 1360 7481 3937
f 7480 1359 7482
f 7480 7482 7481
f 3939 7483 3933
f 3939 3933 169
f 7483 7484 1357
f 7483 1357 3933
f 1361 7482 7483
f 1361 7483 3939
f 7482 1359 7484
f 7482 7484 7483
f 3938 7485 3845
f 3938 3845 140
f 7485 7486 1285
f 7485 1285 3845
f 1360 7492 7485
f 1360 7485 3938
f 7492 1362 7486
f 7492 7486 7485
f 3846 7487 3942
f 3846 3942 141
f 7487 7488 1363
f 7487 1363 3942
f 1285 7486 7487
f 1285 7487 3846
f 7486 1362 7488
f 7486 7488 7487
f 3941 7489 3944
f 3941 3944 171
f 7489 7490 1364
f 7489 1364 3944
f 1363 7488 7489
f 1363 7489 3941
f 7488 1362 7490
f 7488 7490 7489
f 3943 7491 3937
f 3943 3937 170
f 7491 7492 1360
f 7491 1360 3937
f 1364 7490 7491
f 1364 7491 3943
f 7490 1362 7492
f 7490 7492 7491
f 3942 7493 3849
f 3942 3849 141
f 7493 7494 1288
f 7493 1288 3849
f 1363 7500 7493
f 1363 7493 3942
f 7500 1365 7494
f 7500 7494 7493
f 3850 7495 3946
f 3850 3946 142
f 7495 7496 1366
f 7495 1366 3946
f 1288 7494 7495
f 1288 7495 3850
f 7494 1365 7496
f 7494 7496 7495
f 3945 7497 3948
f 3945 3948 172
f 7497 7498 1367
f 7497 1367 3948
f 1366 7496 7497
f 1366 7497 3945
f 7496 1365 7498
f 7496 7498 7497
f 3947 7499 3941
f 3947 3941 171
f 7499 7500 1363
f 7499 1363 3941
f 1367 7498 7499
f 1367 7499 3947
f 7498 1365 7500
f 7498 7500 7499
f 3946 7501 3853
f 3946 3853 142
f 7501 7502 1291
f 7501 1291 3853
f 1366 7508 7501
f 1366 7501 3946
f 7508 1368 7502
f 7508 7502 7501
f 3854 7503 3950
f 3854 3950 143
f 7503 7504 1369
f 7503 1369 3950
f 1291 7502 7503
f 1291 7503 3854
f 7502 1368 7504
f 7502 7504 7503
f 3949 7505 3952
f 3949 3952 173
f 7505 7506 1370
f 7505 1370 3952
f 1369 7504 7505
f 1369 7505 3949
f 7504 1368 7506
f 7504 7506 7505
f 3951 7507 3945
f 3951 3945 172
f 7507 7508 1366
f 7507 1366 3945
f 1370 7506 7507
f 1370 7507 3951
f 7506 1368 7508
f 7506 7508 7507
f 3950 7509 3857
f 3950 3857 143
f 7509 7510 1294
f 7509 1294 3857
f 1369 7516 7509
f 1369 7509 3950
f 7516 1371 7510
f 7516 7510 7509
f 3858 7511 3954
f 3858 3954 144
f 7511 7512 1372
f 7511 1372 3954
f 1294 7510 7511
f 1294 7511 3858
f 7510 1371 7512
f 7510 7512 7511
f 3953 7513 3956
f 3953 3956 174
f 7513 7514 1373
f 7513 1373 3956
f 1372 7512 7513
f 1372 7513 3953
f 7512 1371 7514
f 7512 7514 7513
f 3955 7515 3949
f 3955 3949 173
f 7515 7516 1369
f 7515 1369 3949
f 1373 7514 7515
f 1373 7515 3955
f 7514 1371 7516
f 7514 7516 7515
f 3954 7517 3861
f 3954 3861 144
f 7517 7518 1297
f 7517 1297 3861
f 1372 7524 7517
f 1372 7517 3954
f 7524 1374 7518
f 7524 7518 7517
f 3862 7519 3958
f 3862 3958 145
f 7519 7520 1375
f 7519 1375 3958
f 1297 7518 7519
f 1297 7519 3862
f 7518 1374 7520
f 7518 7520 7519
f 3957 7521 3960
f 3957 3960 175
f 7521 7522 1376
f 7521 1376 3960
f 1375 7520 7521
f 1375 7521 3957
f 7520 1374 7522
f 7520 7522 7521
f 3959 7523 3953
f 3959 3953 174
f 7523 7524 1372
f 7523 1372 3953
f 1376 7522 7523
f 1376 7523 3959
f 7522 1374 7524
f 7522 7524 7523
f 3958 7525 3865
f 3958 3865 145
f 7525 7526 1300
f 7525 1300 3865
f 1375 7532 7525
f 1375 7525 3958
f 7532 1377 7526
f 7532 7526 7525
f 3866 7527 3962
f 3866 3962 146
f 7527 7528 1378
f 7527 1378 3962
f 1300 7526 7527
f 1300 7527 3866
f 7526 1377 7528
f 7526 7528 7527
f 3961 7529 3964
f 3961 3964 176
f 7529 7530 1379
f 7529 1379 3964
f 1378 7528 7529
f 1378 7529 3961
f 7528 1377 7530
f 7528 7530 7529
f 3963 7531 3957
f 3963 3957 175
f 7531 7532 1375
f 7531 1375 3957
f 1379 7530 7531
f 1379 7531 3963
f 7530 1377 7532
f 7530 7532 7531
f 3962 7533 3869
f 3962 3869 146
f 7533 7534 1303
f 7533 1303 3869
f 1378 7540 7533
f 1378 7533 3962
f 7540 1380 7534
f 7540 7534 7533
f 3870 7535 3966
f 3870 3966 147
f 7535 7536 1381
f 7535 1381 3966
f 1303 7534 7535
f 1303 7535 3870
f 7534 1380 7536
f 7534 7536 7535
f 3965 7537 3968
f 3965 3968 177
f 7537 7538 1382
f 7537 1382 3968
f 1381 7536 7537
f 1381 7537 3965
f 7536 1380 7538
f 7536 7538 7537
f 3967 7539 3961
f 3967 3961 176
f 7539 7540 1378
f 7539 1378 3961
f 1382 7538 7539
f 1382 7539 3967
f 7538 1380 7540
f 7538 7540 7539
f 3966 7541 3873
f 3966 3873 147
f 7541 7542 1306
f 7541 1306 3873
f 1381 7548 7541
f 1381 7541 3966
f 7548 1383 7542
f 7548 7542 7541
f 3874 7543 3970
f 3874 3970 148
f 7543 7544 1384
f 7543 1384 3970
f 1306 7542 7543
f 1306 7543 3874
f 7542 1383 7544
f 7542 7544 7543
f 3969 7545 3972
f 3969 3972 178
f 7545 7546 1385
f 7545 1385 3972
f 1384 7544 7545
f 1384 7545 3969
f 7544 1383 7546
f 7544 7546 7545
f 3971 7547 3965
f 3971 3965 177
f 7547 7548 1381
f 7547 1381 3965
f 1385 7546 7547
f 1385 7547 3971
f 7546 1383 7548
f 7546 7548 7547
f 3970 7549 3877
f 3970 3877 148
f 7549 7550 1309
f 7549 1309 3877
f 1384 7556 7549
f 1384 7549 3970
f 7556 1386 7550
f 7556 7550 7549
f 3878 7551 3974
f 3878 3974 149
f 7551 7552 1387
f 7551 1387 3974
f 1309 7550 7551
f 1309 7551 3878
f 7550 1386 7552
f 7550 7552 7551
f 3973 7553 3976
f 3973 3976 179
f 7553 7554 1388
f 7553 1388 3976
f 1387 7552 7553
f 1387 7553 3973
f 7552 1386 7554
f 7552 7554 7553
f 3975 7555 3969
f 3975 3969 178
f 7555 7556 1384
f 7555 1384 3969
f 1388 7554 7555
f 1388 7555 3975
f 7554 1386 7556
f 7554 7556 7555
f 3974 7557 3881
f 3974 3881 149
f 7557 7558 1312
f 7557 1312 3881
f 1387 7564 7557
f 1387 7557 3974
f 7564 1389 7558
f 7564 7558 7557
f 3882 7559 3978
f 3882 3978 150
f 7559 7560 1390
f 7559 1390 3978
f 1312 7558 7559
f 1312 7559 3882
f 7558 1389 7560
f 7558 7560 7559
f 3977 7561 3980
f 3977 3980 180
f 7561 7562 1391
f 7561 1391 3980
f 1390 7560 7561
f 1390 7561 3977
f 7560 1389 7562
f 7560 7562 7561
f 3979 7563 3973
f 3979 3973 179
f 7563 7564 1387
f 7563 1387 3973
f 1391 7562 7563
f 1391 7563 3979
f 7562 1389 7564
f 7562 7564 7563
f 3981 7565 3984
f 3981 3984 235
f 7565 7566 1394
f 7565 1394 3984
f 1393 7572 7565
f 1393 7565 3981
f 7572 1392 7566
f 7572 7566 7565
f 3983 7567 3887
f 3983 3887 236
f 7567 7568 1317
f 7567 1317 3887
f 1394 7566 7567
f 1394 7567 3983
f 7566 1392 7568
f 7566 7568 7567
f 3888 7569 3986
f 3888 3986 266
f 7569 7570 1395
f 7569 1395 3986
f 1317 7568 7569
f 1317 7569 3888
f 7568 1392 7570
f 7568 7570 7569
f 3985 7571 3982
f 3985 3982 265
f 7571 7572 1393
f 7571 1393 3982
f 1395 7570 7571
f 1395 7571 3985
f 7570 1392 7572
f 7570 7572 7571
f 3987 7573 3581
f 3987 3581 283
f 7573 7574 1104
f 7573 1104 3581
f 1397 7580 7573
f 1397 7573 3987
f 7580 1396 7574
f 7580 7574 7573
f 3582 7575 3921
f 3582 3921 284
f 7575 7576 1348
f 7575 1348 3921
f 1104 7574 7575
f 1104 7575 3582
f 7574 1396 7576
f 7574 7576 7575
f 3922 7577 3767
f 3922 3767 155
f 7577 7578 1227
f 7577 1227 3767
f 1348 7576 7577
f 1348 7577 3922
f 7576 1396 7578
f 7576 7578 7577
f 3768 7579 3988
f 3768 3988 154
f 7579 7580 1397
f 7579 1397 3988
f 1227 7578 7579
f 1227 7579 3768
f 7578 1396 7580
f 7578 7580 7579
f 3989 7581 3073
f 3989 3073 224
f 7581 7582 756
f 7581 756 3073
f 1399 7586 7581
f 1399 7581 3989
f 7586 1398 7582
f 7586 7582 7581
f 3074 7583 3992
f 3074 3992 218
f 7583 7584 1400
f 7583 1400 3992
f 756 7582 7583
f 756 7583 3074
f 7582 1398 7584
f 7582 7584 7583
f 3991 7585 3990
f 3991 3990 225
f 7585 7586 1399
f 7585 1399 3990
f 1400 7584 7585
f 1400 7585 3991
f 7584 1398 7586
f 7584 7586 7585
f 3993 7587 3991
f 3993 3991 225
f 7587 7588 1400
f 7587 1400 3991
f 1402 7592 7587
f 1402 7587 3993
f 7592 1401 7588
f 7592 7588 7587
f 3992 7589 3996
f 3992 3996 218
f 7589 7590 1403
f 7589 1403 3996
f 1400 7588 7589
f 1400 7589 3992
f 7588 1401 7590
f 7588 7590 7589
f 3995 7591 3994
f 3995 3994 242
f 7591 7592 1402
f 7591 1402 3994
f 1403 7590 7591
f 1403 7591 3995
f 7590 1401 7592
f 7590 7592 7591
f 3997 7593 3995
f 3997 3995 242
f 7593 7594 1403
f 7593 1403 3995
f 1405 7598 7593
f 1405 7593 3997
f 7598 1404 7594
f 7598 7594 7593
f 3996 7595 4000
f 3996 4000 218
f 7595 7596 1406
f 7595 1406 4000
f 1403 7594 7595
f 1403 7595 3996
f 7594 1404 7596
f 7594 7596 7595
f 3999 7597 3998
f 3999 3998 243
f 7597 7598 1405
f 7597 1405 3998
f 1406 7596 7597
f 1406 7597 3999
f 7596 1404 7598
f 7596 7598 7597
f 4001 7599 3999
f 4001 3999 243
f 7599 7600 1406
f 7599 1406 3999
f 1408 7604 7599
f 1408 7599 4001
f 7604 1407 7600
f 7604 7600 7599
f 4000 7601 4004
f 4000 4004 218
f 7601 7602 1409
f 7601 1409 4004
f 1406 7600 7601
f 1406 7601 4000
f 7600 1407 7602
f 7600 7602 7601
f 4003 7603 4002
f 4003 4002 244
f 7603 7604 1408
f 7603 1408 4002
f 1409 7602 7603
f 1409 7603 4003
f 7602 1407 7604
f 7602 7604 7603
f 4005 7605 4003
f 4005 4003 244
f 7605 7606 1409
f 7605 1409 4003
f 1411 7610 7605
f 1411 7605 4005
f 7610 1410 7606
f 7610 7606 7605
f 4004 7607 4008
f 4004 4008 218
f 7607 7608 1412
f 7607 1412 4008
f 1409 7606 7607
f 1409 7607 4004
f 7606 1410 7608
f 7606 7608 7607
f 4007 7609 4006
f 4007 4006 245
f 7609 7610 1411
f 7609 1411 4006
f 1412 7608 7609
f 1412 7609 4007
f 7608 1410 7610
f 7608 7610 7609
f 4009 7611 4007
f 4009 4007 245
f 7611 7612 1412
f 7611 1412 4007
f 1414 7616 7611
f 1414 7611 4009
f 7616 1413 7612
f 7616 7612 7611
f 4008 7613 4012
f 4008 4012 218
f 7613 7614 1415
f 7613 1415 4012
f 1412 7612 7613
f 1412 7613 4008
f 7612 1413 7614
f 7612 7614 7613
f 4011 7615 4010
f 4011 4010 246
f 7615 7616 1414
f 7615 1414 4010
f 1415 7614 7615
f 1415 7615 4011
f 7614 1413 7616
f 7614 7616 7615
f 4013 7617 4011
f 4013 4011 246
f 7617 7618 1415
f 7617 1415 4011
f 1417 7622 7617
f 1417 7617 4013
f 7622 1416 7618
f 7622 7618 7617
f 4012 7619 4016
f 4012 4016 218
f 7619 7620 1418
f 7619 1418 4016
f 1415 7618 7619
f 1415 7619 4012
f 7618 1416 7620
f 7618 7620 7619
f 4015 7621 4014
f 4015 4014 247
f 7621 7622 1417
f 7621 1417 4014
f 1418 7620 7621
f 1418 7621 4015
f 7620 1416 7622
f 7620 7622 7621
f 4017 7623 4015
f 4017 4015 247
f 7623 7624 1418
f 7623 1418 4015
f 1420 7628 7623
f 1420 7623 4017
f 7628 1419 7624
f 7628 7624 7623
f 4016 7625 4020
f 4016 4020 218
f 7625 7626 1421
f 7625 1421 4020
f 1418 7624 7625
f 1418 7625 4016
f 7624 1419 7626
f 7624 7626 7625
f 4019 7627 4018
f 4019 4018 248
f 7627 7628 1420
f 7627 1420 4018
f 1421 7626 7627
f 1421 7627 4019
f 7626 1419 7628
f 7626 7628 7627
f 4021 7629 4019
f 4021 4019 248
f 7629 7630 1421
f 7629 1421 4019
f 1423 7634 7629
f 1423 7629 4021
f 7634 1422 7630
f 7634 7630 7629
f 4020 7631 4024
f 4020 4024 218
f 7631 7632 1424
f 7631 1424 4024
f 1421 7630 7631
f 1421 7631 4020
f 7630 1422 7632
f 7630 7632 7631
f 4023 7633 4022
f 4023 4022 249
f 7633 7634 1423
f 7633 1423 4022
f 1424 7632 7633
f 1424 7633 4023
f 7632 1422 7634
f 7632 7634 7633
f 4025 7635 4023
f 4025 4023 249
f 7635 7636 1424
f 7635 1424 4023
f 1426 7640 7635
f 1426 7635 4025
f 7640 1425 7636
f 7640 7636 7635
f 4024 7637 4028
f 4024 4028 218
f 7637 7638 1427
f 7637 1427 4028
f 1424 7636 7637
f 1424 7637 4024
f 7636 1425 7638
f 7636 7638 7637
f 4027 7639 4026
f 4027 4026 250
f 7639 7640 1426
f 7639 1426 4026
f 1427 7638 7639
f 1427 7639 4027
f 7638 1425 7640
f 7638 7640 7639
f 4029 7641 4032
f 4029 4032 252
f 7641 7642 1430
f 7641 1430 4032
f 1429 7648 7641
f 1429 7641 4029
f 7648 1428 7642
f 7648 7642 7641
f 4031 7643 4034
f 4031 4034 251
f 7643 7644 1431
f 7643 1431 4034
f 1430 7642 7643
f 1430 7643 4031
f 7642 1428 7644
f 7642 7644 7643
f 4033 7645 3087
f 4033 3087 219
f 7645 7646 767
f 7645 767 3087
f 1431 7644 7645
f 1431 7645 4033
f 7644 1428 7646
f 7644 7646 7645
f 3088 7647 4030
f 3088 4030 220
f 7647 7648 1429
f 7647 1429 4030
f 767 7646 7647
f 767 7647 3088
f 7646 1428 7648
f 7646 7648 7647
f 4035 7649 4038
f 4035 4038 253
f 7649 7650 1434
f 7649 1434 4038
f 1433 7656 7649
f 1433 7649 4035
f 7656 1432 7650
f 7656 7650 7649
f 4037 7651 4029
f 4037 4029 252
f 7651 7652 1429
f 7651 1429 4029
f 1434 7650 7651
f 1434 7651 4037
f 7650 1432 7652
f 7650 7652 7651
f 4030 7653 3083
f 4030 3083 220
f 7653 7654 764
f 7653 764 3083
f 1429 7652 7653
f 1429 7653 4030
f 7652 1432 7654
f 7652 7654 7653
f 3084 7655 4036
f 3084 4036 221
f 7655 7656 1433
f 7655 1433 4036
f 764 7654 7655
f 764 7655 3084
f 7654 1432 7656
f 7654 7656 7655
f 4039 7657 4042
f 4039 4042 254
f 7657 7658 1437
f 7657 1437 4042
f 1436 7664 7657
f 1436 7657 4039
f 7664 1435 7658
f 7664 7658 7657
f 4041 7659 4035
f 4041 4035 253
f 7659 7660 1433
f 7659 1433 4035
f 1437 7658 7659
f 1437 7659 4041
f 7658 1435 7660
f 7658 7660 7659
f 4036 7661 3079
f 4036 3079 221
f 7661 7662 761
f 7661 761 3079
f 1433 7660 7661
f 1433 7661 4036
f 7660 1435 7662
f 7660 7662 7661
f 3080 7663 4040
f 3080 4040 222
f 7663 7664 1436
f 7663 1436 4040
f 761 7662 7663
f 761 7663 3080
f 7662 1435 7664
f 7662 7664 7663
f 4043 7665 4046
f 4043 4046 255
f 7665 7666 1440
f 7665 1440 4046
f 1439 7672 7665
f 1439 7665 4043
f 7672 1438 7666
f 7672 7666 7665
f 4045 7667 4039
f 4045 4039 254
f 7667 7668 1436
f 7667 1436 4039
f 1440 7666 7667
f 1440 7667 4045
f 7666 1438 7668
f 7666 7668 7667
f 4040 7669 3075
f 4040 3075 222
f 7669 7670 758
f 7669 758 3075
f 1436 7668 7669
f 1436 7669 4040
f 7668 1438 7670
f 7668 7670 7669
f 3076 7671 4044
f 3076 4044 223
f 7671 7672 1439
f 7671 1439 4044
f 758 7670 7671
f 758 7671 3076
f 7670 1438 7672
f 7670 7672 7671
f 4047 7673 3927
f 4047 3927 166
f 7673 7674 1352
f 7673 1352 3927
f 1442 7680 7673
f 1442 7673 4047
f 7680 1441 7674
f 7680 7674 7673
f 3928 7675 4050
f 3928 4050 167
f 7675 7676 1443
f 7675 1443 4050
f 1352 7674 7675
f 1352 7675 3928
f 7674 1441 7676
f 7674 7676 7675
f 4049 7677 4052
f 4049 4052 197
f 7677 7678 1444
f 7677 1444 4052
f 1443 7676 7677
f 1443 7677 4049
f 7676 1441 7678
f 7676 7678 7677
f 4051 7679 4048
f 4051 4048 196
f 7679 7680 1442
f 7679 1442 4048
f 1444 7678 7679
f 1444 7679 4051
f 7678 1441 7680
f 7678 7680 7679
f 4050 7681 3931
f 4050 3931 167
f 7681 7682 1355
f 7681 1355 3931
f 1443 7688 7681
f 1443 7681 4050
f 7688 1445 7682
f 7688 7682 7681
f 3932 7683 4054
f 3932 4054 168
f 7683 7684 1446
f 7683 1446 4054
f 1355 7682 7683
f 1355 7683 3932
f 7682 1445 7684
f 7682 7684 7683
f 4053 7685 4056
f 4053 4056 198
f 7685 7686 1447
f 7685 1447 4056
f 1446 7684 7685
f 1446 7685 4053
f 7684 1445 7686
f 7684 7686 7685
f 4055 7687 4049
f 4055 4049 197
f 7687 7688 1443
f 7687 1443 4049
f 1447 7686 7687
f 1447 7687 4055
f 7686 1445 7688
f 7686 7688 7687
f 4054 7689 3935
f 4054 3935 168
f 7689 7690 1358
f 7689 1358 3935
f 1446 7696 7689
f 1446 7689 4054
f 7696 1448 7690
f 7696 7690 7689
f 3936 7691 4058
f 3936 4058 169
f 7691 7692 1449
f 7691 1449 4058
f 1358 7690 7691
f 1358 7691 3936
f 7690 1448 7692
f 7690 7692 7691
f 4057 7693 4060
f 4057 4060 199
f 7693 7694 1450
f 7693 1450 4060
f 1449 7692 7693
f 1449 7693 4057
f 7692 1448 7694
f 7692 7694 7693
f 4059 7695 4053
f 4059 4053 198
f 7695 7696 1446
f 7695 1446 4053
f 1450 7694 7695
f 1450 7695 4059
f 7694 1448 7696
f 7694 7696 7695
f 4058 7697 3939
f 4058 3939 169
f 7697 7698 1361
f 7697 1361 3939
f 1449 7704 7697
f 1449 7697 4058
f 7704 1451 7698
f 7704 7698 7697
f 3940 7699 4062
f 3940 4062 170
f 7699 7700 1452
f 7699 1452 4062
f 1361 7698 7699
f 1361 7699 3940
f 7698 1451 7700
f 7698 7700 7699
f 4061 7701 4064
f 4061 4064 200
f 7701 7702 1453
f 7701 1453 4064
f 1452 7700 7701
f 1452 7701 4061
f 7700 1451 7702
f 7700 7702 7701
f 4063 7703 4057
f 4063 4057 199
f 7703 7704 1449
f 7703 1449 4057
f 1453 7702 7703
f 1453 7703 4063
f 7702 1451 7704
f 7702 7704 7703
f 4062 7705 3943
f 4062 3943 170
f 7705 7706 1364
f 7705 1364 3943
f 1452 7712 7705
f 1452 7705 4062
f 7712 1454 7706
f 7712 7706 7705
f 3944 7707 4066
f 3944 4066 171
f 7707 7708 1455
f 7707 1455 4066
f 1364 7706 7707
f 1364 7707 3944
f 7706 1454 7708
f 7706 7708 7707
f 4065 7709 4068
f 4065 4068 201
f 7709 7710 1456
f 7709 1456 4068
f 1455 7708 7709
f 1455 7709 4065
f 7708 1454 7710
f 7708 7710 7709
f 4067 7711 4061
f 4067 4061 200
f 7711 7712 1452
f 7711 1452 4061
f 1456 7710 7711
f 1456 7711 4067
f 7710 1454 7712
f 7710 7712 7711
f 4066 7713 3947
f 4066 3947 171
f 7713 7714 1367
f 7713 1367 3947
f 1455 7720 7713
f 1455 7713 4066
f 7720 1457 7714
f 7720 7714 7713
f 3948 7715 4070
f 3948 4070 172
f 7715 7716 1458
f 7715 1458 4070
f 1367 7714 7715
f 1367 7715 3948
f 7714 1457 7716
f 7714 7716 7715
f 4069 7717 4072
f 4069 4072 202
f 7717 7718 1459
f 7717 1459 4072
f 1458 7716 7717
f 1458 7717 4069
f 7716 1457 7718
f 7716 7718 7717
f 4071 7719 4065
f 4071 4065 201
f 7719 7720 1455
f 7719 1455 4065
f 1459 7718 7719
f 1459 7719 4071
f 7718 1457 7720
f 7718 7720 7719
f 4070 7721 3951
f 4070 3951 172
f 7721 7722 1370
f 7721 1370 3951
f 1458 7728 7721
f 1458 7721 4070
f 7728 1460 7722
f 7728 7722 7721
f 3952 7723 4074
f 3952 4074 173
f 7723 7724 1461
f 7723 1461 4074
f 1370 7722 7723
f 1370 7723 3952
f 7722 1460 7724
f 7722 7724 7723
f 4073 7725 4076
f 4073 4076 203
f 7725 7726 1462
f 7725 1462 4076
f 1461 7724 7725
f 1461 7725 4073
f 7724 1460 7726
f 7724 7726 7725
f 4075 7727 4069
f 4075 4069 202
f 7727 7728 1458
f 7727 1458 4069
f 1462 7726 7727
f 1462 7727 4075
f 7726 1460 7728
f 7726 7728 7727
f 4074 7729 3955
f 4074 3955 173
f 7729 7730 1373
f 7729 1373 3955
f 1461 7736 7729
f 1461 7729 4074
f 7736 1463 7730
f 7736 7730 7729
f 3956 7731 4078
f 3956 4078 174
f 7731 7732 1464
f 7731 1464 4078
f 1373 7730 7731
f 1373 7731 3956
f 7730 1463 7732
f 7730 7732 7731
f 4077 7733 4080
f 4077 4080 204
f 7733 7734 1465
f 7733 1465 4080
f 1464 7732 7733
f 1464 7733 4077
f 7732 1463 7734
f 7732 7734 7733
f 4079 7735 4073
f 4079 4073 203
f 7735 7736 1461
f 7735 1461 4073
f 1465 7734 7735
f 1465 7735 4079
f 7734 1463 7736
f 7734 7736 7735
f 4078 7737 3959
f 4078 3959 174
f 7737 7738 1376
f 7737 1376 3959
f 1464 7744 7737
f 1464 7737 4078
f 7744 1466 7738
f 7744 7738 7737
f 3960 7739 4082
f 3960 4082 175
f 7739 7740 1467
f 7739 1467 4082
f 1376 7738 7739
f 1376 7739 3960
f 7738 1466 7740
f 7738 7740 7739
f 4081 7741 4084
f 4081 4084 205
f 7741 7742 1468
f 7741 1468 4084
f 1467 7740 7741
f 1467 7741 4081
f 7740 1466 7742
f 7740 7742 7741
f 4083 7743 4077
f 4083 4077 204
f 7743 7744 1464
f 7743 1464 4077
f 1468 7742 7743
f 1468 7743 4083
f 7742 1466 7744
f 7742 7744 7743
f 4082 7745 3963
f 4082 3963 175
f 7745 7746 1379
f 7745 1379 3963
f 1467 7752 7745
f 1467 7745 4082
f 7752 1469 7746
f 7752 7746 7745
f 3964 7747 4086
f 3964 4086 176
f 7747 7748 1470
f 7747 1470 4086
f 1379 7746 7747
f 1379 7747 3964
f 7746 1469 7748
f 7746 7748 7747
f 4085 7749 4088
f 4085 4088 206
f 7749 7750 1471
f 7749 1471 4088
f 1470 7748 7749
f 1470 7749 4085
f 7748 1469 7750
f 7748 7750 7749
f 4087 7751 4081
f 4087 4081 205
f 7751 7752 1467
f 7751 1467 4081
f 1471 7750 7751
f 1471 7751 4087
f 7750 1469 7752
f 7750 7752 7751
f 4086 7753 3967
f 4086 3967 176
f 7753 7754 1382
f 7753 1382 3967
f 1470 7760 7753
f 1470 7753 4086
f 7760 1472 7754
f 7760 7754 7753
f 3968 7755 4090
f 3968 4090 177
f 7755 7756 1473
f 7755 1473 4090
f 1382 7754 7755
f 1382 7755 3968
f 7754 1472 7756
f 7754 7756 7755
f 4089 7757 4092
f 4089 4092 207
f 7757 7758 1474
f 7757 1474 4092
f 1473 7756 7757
f 1473 7757 4089
f 7756 1472 7758
f 7756 7758 7757
f 4091 7759 4085
f 4091 4085 206
f 7759 7760 1470
f 7759 1470 4085
f 1474 7758 7759
f 1474 7759 4091
f 7758 1472 7760
f 7758 7760 7759
f 4090 7761 3971
f 4090 3971 177
f 7761 7762 1385
f 7761 1385 3971
f 1473 7768 7761
f 1473 7761 4090
f 7768 1475 7762
f 7768 7762 7761
f 3972 7763 4094
f 3972 4094 178
f 7763 7764 1476
f 7763 1476 4094
f 1385 7762 7763
f 1385 7763 3972
f 7762 1475 7764
f 7762 7764 7763
f 4093 7765 4096
f 4093 4096 208
f 7765 7766 1477
f 7765 1477 4096
f 1476 7764 7765
f 1476 7765 4093
f 7764 1475 7766
f 7764 7766 7765
f 4095 7767 4089
f 4095 4089 207
f 7767 7768 1473
f 7767 1473 4089
f 1477 7766 7767
f 1477 7767 4095
f 7766 1475 7768
f 7766 7768 7767
f 4094 7769 3975
f 4094 3975 178
f 7769 7770 1388
f 7769 1388 3975
f 1476 7776 7769
f 1476 7769 4094
f 7776 1478 7770
f 7776 7770 7769
f 3976 7771 4098
f 3976 4098 179
f 7771 7772 1479
f 7771 1479 4098
f 1388 7770 7771
f 1388 7771 3976
f 7770 1478 7772
f 7770 7772 7771
f 4097 7773 4100
f 4097 4100 209
f 7773 7774 1480
f 7773 1480 4100
f 1479 7772 7773
f 1479 7773 4097
f 7772 1478 7774
f 7772 7774 7773
f 4099 7775 4093
f 4099 4093 208
f 7775 7776 1476
f 7775 1476 4093
f 1480 7774 7775
f 1480 7775 4099
f 7774 1478 7776
f 7774 7776 7775
f 4098 7777 3979
f 4098 3979 179
f 7777 7778 1391
f 7777 1391 3979
f 1479 7784 7777
f 1479 7777 4098
f 7784 1481 7778
f 7784 7778 7777
f 3980 7779 4102
f 3980 4102 180
f 7779 7780 1482
f 7779 1482 4102
f 1391 7778 7779
f 1391 7779 3980
f 7778 1481 7780
f 7778 7780 7779
f 4101 7781 4104
f 4101 4104 210
f 7781 7782 1483
f 7781 1483 4104
f 1482 7780 7781
f 1482 7781 4101
f 7780 1481 7782
f 7780 7782 7781
f 4103 7783 4097
f 4103 4097 209
f 7783 7784 1479
f 7783 1479 4097
f 1483 7782 7783
f 1483 7783 4103
f 7782 1481 7784
f 7782 7784 7783
f 4102 7785 4106
f 4102 4106 180
f 7785 7786 1485
f 7785 1485 4106
f 1482 7792 7785
f 1482 7785 4102
f 7792 1484 7786
f 7792 7786 7785
f 4105 7787 4108
f 4105 4108 151
f 7787 7788 1486
f 7787 1486 4108
f 1485 7786 7787
f 1485 7787 4105
f 7786 1484 7788
f 7786 7788 7787
f 4107 7789 4110
f 4107 4110 181
f 7789 7790 1487
f 7789 1487 4110
f 1486 7788 7789
f 1486 7789 4107
f 7788 1484 7790
f 7788 7790 7789
f 4109 7791 4101
f 4109 4101 210
f 7791 7792 1482
f 7791 1482 4101
f 1487 7790 7791
f 1487 7791 4109
f 7790 1484 7792
f 7790 7792 7791
f 4111 7793 4114
f 4111 4114 234
f 7793 7794 1490
f 7793 1490 4114
f 1489 7800 7793
f 1489 7793 4111
f 7800 1488 7794
f 7800 7794 7793
f 4113 7795 3981
f 4113 3981 235
f 7795 7796 1393
f 7795 1393 3981
f 1490 7794 7795
f 1490 7795 4113
f 7794 1488 7796
f 7794 7796 7795
f 3982 7797 4116
f 3982 4116 265
f 7797 7798 1491
f 7797 1491 4116
f 1393 7796 7797
f 1393 7797 3982
f 7796 1488 7798
f 7796 7798 7797
f 4115 7799 4112
f 4115 4112 264
f 7799 7800 1489
f 7799 1489 4112
f 1491 7798 7799
f 1491 7799 4115
f 7798 1488 7800
f 7798 7800 7799
f 4117 7801 4120
f 4117 4120 272
f 7801 7802 1494
f 7801 1494 4120
f 1493 7808 7801
f 1493 7801 4117
f 7808 1492 7802
f 7808 7802 7801
f 4119 7803 4043
f 4119 4043 255
f 7803 7804 1439
f 7803 1439 4043
f 1494 7802 7803
f 1494 7803 4119
f 7802 1492 7804
f 7802 7804 7803
f 4044 7805 3069
f 4044 3069 223
f 7805 7806 754
f 7805 754 3069
f 1439 7804 7805
f 1439 7805 4044
f 7804 1492 7806
f 7804 7806 7805
f 3070 7807 4118
f 3070 4118 224
f 7807 7808 1493
f 7807 1493 4118
f 754 7806 7807
f 754 7807 3070
f 7806 1492 7808
f 7806 7808 7807
f 4121 7809 4124
f 4121 4124 273
f 7809 7810 1497
f 7809 1497 4124
f 1496 7816 7809
f 1496 7809 4121
f 7816 1495 7810
f 7816 7810 7809
f 4123 7811 4117
f 4123 4117 272
f 7811 7812 1493
f 7811 1493 4117
f 1497 7810 7811
f 1497 7811 4123
f 7810 1495 7812
f 7810 7812 7811
f 4118 7813 3989
f 4118 3989 224
f 7813 7814 1399
f 7813 1399 3989
f 1493 7812 7813
f 1493 7813 4118
f 7812 1495 7814
f 7812 7814 7813
f 3990 7815 4122
f 3990 4122 225
f 7815 7816 1496
f 7815 1496 4122
f 1399 7814 7815
f 1399 7815 3990
f 7814 1495 7816
f 7814 7816 7815
f 4125 7817 4128
f 4125 4128 274
f 7817 7818 1500
f 7817 1500 4128
f 1499 7824 7817
f 1499 7817 4125
f 7824 1498 7818
f 7824 7818 7817
f 4127 7819 4121
f 4127 4121 273
f 7819 7820 1496
f 7819 1496 4121
f 1500 7818 7819
f 1500 7819 4127
f 7818 1498 7820
f 7818 7820 7819
f 4122 7821 3993
f 4122 3993 225
f 7821 7822 1402
f 7821 1402 3993
f 1496 7820 7821
f 1496 7821 4122
f 7820 1498 7822
f 7820 7822 7821
f 3994 7823 4126
f 3994 4126 242
f 7823 7824 1499
f 7823 1499 4126
f 1402 7822 7823
f 1402 7823 3994
f 7822 1498 7824
f 7822 7824 7823
f 4129 7825 4132
f 4129 4132 275
f 7825 7826 1503
f 7825 1503 4132
f 1502 7832 7825
f 1502 7825 4129
f 7832 1501 7826
f 7832 7826 7825
f 4131 7827 4125
f 4131 4125 274
f 7827 7828 1499
f 7827 1499 4125
f 1503 7826 7827
f 1503 7827 4131
f 7826 1501 7828
f 7826 7828 7827
f 4126 7829 3997
f 4126 3997 242
f 7829 7830 1405
f 7829 1405 3997
f 1499 7828 7829
f 1499 7829 4126
f 7828 1501 7830
f 7828 7830 7829
f 3998 7831 4130
f 3998 4130 243
f 7831 7832 1502
f 7831 1502 4130
f 1405 7830 7831
f 1405 7831 3998
f 7830 1501 7832
f 7830 7832 7831
f 4133 7833 4136
f 4133 4136 276
f 7833 7834 1506
f 7833 1506 4136
f 1505 7840 7833
f 1505 7833 4133
f 7840 1504 7834
f 7840 7834 7833
f 4135 7835 4129
f 4135 4129 275
f 7835 7836 1502
f 7835 1502 4129
f 1506 7834 7835
f 1506 7835 4135
f 7834 1504 7836
f 7834 7836 7835
f 4130 7837 4001
f 4130 4001 243
f 7837 7838 1408
f 7837 1408 4001
f 1502 7836 7837
f 1502 7837 4130
f 7836 1504 7838
f 7836 7838 7837
f 4002 7839 4134
f 4002 4134 244
f 7839 7840 1505
f 7839 1505 4134
f 1408 7838 7839
f 1408 7839 4002
f 7838 1504 7840
f 7838 7840 7839
f 4137 7841 4140
f 4137 4140 277
f 7841 7842 1509
f 7841 1509 4140
f 1508 7848 7841
f 1508 7841 4137
f 7848 1507 7842
f 7848 7842 7841
f 4139 7843 4133
f 4139 4133 276
f 7843 7844 1505
f 7843 1505 4133
f 1509 7842 7843
f 1509 7843 4139
f 7842 1507 7844
f 7842 7844 7843
f 4134 7845 4005
f 4134 4005 244
f 7845 7846 1411
f 7845 1411 4005
f 1505 7844 7845
f 1505 7845 4134
f 7844 1507 7846
f 7844 7846 7845
f 4006 7847 4138
f 4006 4138 245
f 7847 7848 1508
f 7847 1508 4138
f 1411 7846 7847
f 1411 7847 4006
f 7846 1507 7848
f 7846 7848 7847
f 4141 7849 4144
f 4141 4144 278
f 7849 7850 1512
f 7849 1512 4144
f 1511 7856 7849
f 1511 7849 4141
f 7856 1510 7850
f 7856 7850 7849
f 4143 7851 4137
f 4143 4137 277
f 7851 7852 1508
f 7851 1508 4137
f 1512 7850 7851
f 1512 7851 4143
f 7850 1510 7852
f 7850 7852 7851
f 4138 7853 4009
f 4138 4009 245
f 7853 7854 1414
f 7853 1414 4009
f 1508 7852 7853
f 1508 7853 4138
f 7852 1510 7854
f 7852 7854 7853
f 4010 7855 4142
f 4010 4142 246
f 7855 7856 1511
f 7855 1511 4142
f 1414 7854 7855
f 1414 7855 4010
f 7854 1510 7856
f 7854 7856 7855
f 4145 7857 4148
f 4145 4148 279
f 7857 7858 1515
f 7857 1515 4148
f 1514 7864 7857
f 1514 7857 4145
f 7864 1513 7858
f 7864 7858 7857
f 4147 7859 4141
f 4147 4141 278
f 7859 7860 1511
f 7859 1511 4141
f 1515 7858 7859
f 1515 7859 4147
f 7858 1513 7860
f 7858 7860 7859
f 4142 7861 4013
f 4142 4013 246
f 7861 7862 1417
f 7861 1417 4013
f 1511 7860 7861
f 1511 7861 4142
f 7860 1513 7862
f 7860 7862 7861
f 4014 7863 4146
f 4014 4146 247
f 7863 7864 1514
f 7863 1514 4146
f 1417 7862 7863
f 1417 7863 4014
f 7862 1513 7864
f 7862 7864 7863
f 4149 7865 4152
f 4149 4152 280
f 7865 7866 1518
f 7865 1518 4152
f 1517 7872 7865
f 1517 7865 4149
f 7872 1516 7866
f 7872 7866 7865
f 4151 7867 4145
f 4151 4145 279
f 7867 7868 1514
f 7867 1514 4145
f 1518 7866 7867
f 1518 7867 4151
f 7866 1516 7868
f 7866 7868 7867
f 4146 7869 4017
f 4146 4017 247
f 7869 7870 1420
f 7869 1420 4017
f 1514 7868 7869
f 1514 7869 4146
f 7868 1516 7870
f 7868 7870 7869
f 4018 7871 4150
f 4018 4150 248
f 7871 7872 1517
f 7871 1517 4150
f 1420 7870 7871
f 1420 7871 4018
f 7870 1516 7872
f 7870 7872 7871
f 4153 7873 4156
f 4153 4156 281
f 7873 7874 1521
f 7873 1521 4156
f 1520 7880 7873
f 1520 7873 4153
f 7880 1519 7874
f 7880 7874 7873
f 4155 7875 4149
f 4155 4149 280
f 7875 7876 1517
f 7875 1517 4149
f 1521 7874 7875
f 1521 7875 4155
f 7874 1519 7876
f 7874 7876 7875
f 4150 7877 4021
f 4150 4021 248
f 7877 7878 1423
f 7877 1423 4021
f 1517 7876 7877
f 1517 7877 4150
f 7876 1519 7878
f 7876 7878 7877
f 4022 7879 4154
f 4022 4154 249
f 7879 7880 1520
f 7879 1520 4154
f 1423 7878 7879
f 1423 7879 4022
f 7878 1519 7880
f 7878 7880 7879
f 4157 7881 4160
f 4157 4160 282
f 7881 7882 1524
f 7881 1524 4160
f 1523 7888 7881
f 1523 7881 4157
f 7888 1522 7882
f 7888 7882 7881
f 4159 7883 4153
f 4159 4153 281
f 7883 7884 1520
f 7883 1520 4153
f 1524 7882 7883
f 1524 7883 4159
f 7882 1522 7884
f 7882 7884 7883
f 4154 7885 4025
f 4154 4025 249
f 7885 7886 1426
f 7885 1426 4025
f 1520 7884 7885
f 1520 7885 4154
f 7884 1522 7886
f 7884 7886 7885
f 4026 7887 4158
f 4026 4158 250
f 7887 7888 1523
f 7887 1523 4158
f 1426 7886 7887
f 1426 7887 4026
f 7886 1522 7888
f 7886 7888 7887
f 4161 7889 4031
f 4161 4031 251
f 7889 7890 1430
f 7889 1430 4031
f 1526 7896 7889
f 1526 7889 4161
f 7896 1525 7890
f 7896 7890 7889
f 4032 7891 4164
f 4032 4164 252
f 7891 7892 1527
f 7891 1527 4164
f 1430 7890 7891
f 1430 7891 4032
f 7890 1525 7892
f 7890 7892 7891
f 4163 7893 3585
f 4163 3585 123
f 7893 7894 1106
f 7893 1106 3585
f 1527 7892 7893
f 1527 7893 4163
f 7892 1525 7894
f 7892 7894 7893
f 3586 7895 4162
f 3586 4162 122
f 7895 7896 1526
f 7895 1526 4162
f 1106 7894 7895
f 1106 7895 3586
f 7894 1525 7896
f 7894 7896 7895
f 4164 7897 4037
f 4164 4037 252
f 7897 7898 1434
f 7897 1434 4037
f 1527 7904 7897
f 1527 7897 4164
f 7904 1528 7898
f 7904 7898 7897
f 4038 7899 4166
f 4038 4166 253
f 7899 7900 1529
f 7899 1529 4166
f 1434 7898 7899
f 1434 7899 4038
f 7898 1528 7900
f 7898 7900 7899
f 4165 7901 3591
f 4165 3591 124
f 7901 7902 1110
f 7901 1110 3591
f 1529 7900 7901
f 1529 7901 4165
f 7900 1528 7902
f 7900 7902 7901
f 3592 7903 4163
f 3592 4163 123
f 7903 7904 1527
f 7903 1527 4163
f 1110 7902 7903
f 1110 7903 3592
f 7902 1528 7904
f 7902 7904 7903
f 4166 7905 4041
f 4166 4041 253
f 7905 7906 1437
f 7905 1437 4041
f 1529 7912 7905
f 1529 7905 4166
f 7912 1530 7906
f 7912 7906 7905
f 4042 7907 4168
f 4042 4168 254
f 7907 7908 1531
f 7907 1531 4168
f 1437 7906 7907
f 1437 7907 4042
f 7906 1530 7908
f 7906 7908 7907
f 4167 7909 3597
f 4167 3597 125
f 7909 7910 1114
f 7909 1114 3597
f 1531 7908 7909
f 1531 7909 4167
f 7908 1530 7910
f 7908 7910 7909
f 3598 7911 4165
f 3598 4165 124
f 7911 7912 1529
f 7911 1529 4165
f 1114 7910 7911
f 1114 7911 3598
f 7910 1530 7912
f 7910 7912 7911
f 4169 7913 4051
f 4169 4051 196
f 7913 7914 1444
f 7913 1444 4051
f 1533 7920 7913
f 1533 7913 4169
f 7920 1532 7914
f 7920 7914 7913
f 4052 7915 4172
f 4052 4172 197
f 7915 7916 1534
f 7915 1534 4172
f 1444 7914 7915
f 1444 7915 4052
f 7914 1532 7916
f 7914 7916 7915
f 4171 7917 4174
f 4171 4174 227
f 7917 7918 1535
f 7917 1535 4174
f 1534 7916 7917
f 1534 7917 4171
f 7916 1532 7918
f 7916 7918 7917
f 4173 7919 4170
f 4173 4170 226
f 7919 7920 1533
f 7919 1533 4170
f 1535 7918 7919
f 1535 7919 4173
f 7918 1532 7920
f 7918 7920 7919
f 4172 7921 4055
f 4172 4055 197
f 7921 7922 1447
f 7921 1447 4055
f 1534 7928 7921
f 1534 7921 4172
f 7928 1536 7922
f 7928 7922 7921
f 4056 7923 4176
f 4056 4176 198
f 7923 7924 1537
f 7923 1537 4176
f 1447 7922 7923
f 1447 7923 4056
f 7922 1536 7924
f 7922 7924 7923
f 4175 7925 4178
f 4175 4178 228
f 7925 7926 1538
f 7925 1538 4178
f 1537 7924 7925
f 1537 7925 4175
f 7924 1536 7926
f 7924 7926 7925
f 4177 7927 4171
f 4177 4171 227
f 7927 7928 1534
f 7927 1534 4171
f 1538 7926 7927
f 1538 7927 4177
f 7926 1536 7928
f 7926 7928 7927
f 4176 7929 4059
f 4176 4059 198
f 7929 7930 1450
f 7929 1450 4059
f 1537 7936 7929
f 1537 7929 4176
f 7936 1539 7930
f 7936 7930 7929
f 4060 7931 4180
f 4060 4180 199
f 7931 7932 1540
f 7931 1540 4180
f 1450 7930 7931
f 1450 7931 4060
f 7930 1539 7932
f 7930 7932 7931
f 4179 7933 4182
f 4179 4182 229
f 7933 7934 1541
f 7933 1541 4182
f 1540 7932 7933
f 1540 7933 4179
f 7932 1539 7934
f 7932 7934 7933
f 4181 7935 4175
f 4181 4175 228
f 7935 7936 1537
f 7935 1537 4175
f 1541 7934 7935
f 1541 7935 4181
f 7934 1539 7936
f 7934 7936 7935
f 4180 7937 4063
f 4180 4063 199
f 7937 7938 1453
f 7937 1453 4063
f 1540 7944 7937
f 1540 7937 4180
f 7944 1542 7938
f 7944 7938 7937
f 4064 7939 4184
f 4064 4184 200
f 7939 7940 1543
f 7939 1543 4184
f 1453 7938 7939
f 1453 7939 4064
f 7938 1542 7940
f 7938 7940 7939
f 4183 7941 4186
f 4183 4186 230
f 7941 7942 1544
f 7941 1544 4186
f 1543 7940 7941
f 1543 7941 4183
f 7940 1542 7942
f 7940 7942 7941
f 4185 7943 4179
f 4185 4179 229
f 7943 7944 1540
f 7943 1540 4179
f 1544 7942 7943
f 1544 7943 4185
f 7942 1542 7944
f 7942 7944 7943
f 4184 7945 4067
f 4184 4067 200
f 7945 7946 1456
f 7945 1456 4067
f 1543 7952 7945
f 1543 7945 4184
f 7952 1545 7946
f 7952 7946 7945
f 4068 7947 4188
f 4068 4188 201
f 7947 7948 1546
f 7947 1546 4188
f 1456 7946 7947
f 1456 7947 4068
f 7946 1545 7948
f 7946 7948 7947
f 4187 7949 4190
f 4187 4190 231
f 7949 7950 1547
f 7949 1547 4190
f 1546 7948 7949
f 1546 7949 4187
f 7948 1545 7950
f 7948 7950 7949
f 4189 7951 4183
f 4189 4183 230
f 7951 7952 1543
f 7951 1543 4183
f 1547 7950 7951
f 1547 7951 4189
f 7950 1545 7952
f 7950 7952 7951
f 4188 7953 4071
f 4188 4071 201
f 7953 7954 1459
f 7953 1459 4071
f 1546 7960 7953
f 1546 7953 4188
f 7960 1548 7954
f 7960 7954 7953
f 4072 7955 4192
f 4072 4192 202
f 7955 7956 1549
f 7955 1549 4192
f 1459 7954 7955
f 1459 7955 4072
f 7954 1548 7956
f 7954 7956 7955
f 4191 7957 4194
f 4191 4194 232
f 7957 7958 1550
f 7957 1550 4194
f 1549 7956 7957
f 1549 7957 4191
f 7956 1548 7958
f 7956 7958 7957
f 4193 7959 4187
f 4193 4187 231
f 7959 7960 1546
f 7959 1546 4187
f 1550 7958 7959
f 1550 7959 4193
f 7958 1548 7960
f 7958 7960 7959
f 4192 7961 4075
f 4192 4075 202
f 7961 7962 1462
f 7961 1462 4075
f 1549 7968 7961
f 1549 7961 4192
f 7968 1551 7962
f 7968 7962 7961
f 4076 7963 4196
f 4076 4196 203
f 7963 7964 1552
f 7963 1552 4196
f 1462 7962 7963
f 1462 7963 4076
f 7962 1551 7964
f 7962 7964 7963
f 4195 7965 4198
f 4195 4198 233
f 7965 7966 1553
f 7965 1553 4198
f 1552 7964 7965
f 1552 7965 4195
f 7964 1551 7966
f 7964 7966 7965
f 4197 7967 4191
f 4197 4191 232
f 7967 7968 1549
f 7967 1549 4191
f 1553 7966 7967
f 1553 7967 4197
f 7966 1551 7968
f 7966 7968 7967
f 4196 7969 4079
f 4196 4079 203
f 7969 7970 1465
f 7969 1465 4079
f 1552 7976 7969
f 1552 7969 4196
f 7976 1554 7970
f 7976 7970 7969
f 4080 7971 4200
f 4080 4200 204
f 7971 7972 1555
f 7971 1555 4200
f 1465 7970 7971
f 1465 7971 4080
f 7970 1554 7972
f 7970 7972 7971
f 4199 7973 4202
f 4199 4202 234
f 7973 7974 1556
f 7973 1556 4202
f 1555 7972 7973
f 1555 7973 4199
f 7972 1554 7974
f 7972 7974 7973
f 4201 7975 4195
f 4201 4195 233
f 7975 7976 1552
f 7975 1552 4195
f 1556 7974 7975
f 1556 7975 4201
f 7974 1554 7976
f 7974 7976 7975
f 4200 7977 4083
f 4200 4083 204
f 7977 7978 1468
f 7977 1468 4083
f 1555 7984 7977
f 1555 7977 4200
f 7984 1557 7978
f 7984 7978 7977
f 4084 7979 4204
f 4084 4204 205
f 7979 7980 1558
f 7979 1558 4204
f 1468 7978 7979
f 1468 7979 4084
f 7978 1557 7980
f 7978 7980 7979
f 4203 7981 4113
f 4203 4113 235
f 7981 7982 1490
f 7981 1490 4113
f 1558 7980 7981
f 1558 7981 4203
f 7980 1557 7982
f 7980 7982 7981
f 4114 7983 4199
f 4114 4199 234
f 7983 7984 1555
f 7983 1555 4199
f 1490 7982 7983
f 1490 7983 4114
f 7982 1557 7984
f 7982 7984 7983
f 4204 7985 4087
f 4204 4087 205
f 7985 7986 1471
f 7985 1471 4087
f 1558 7992 7985
f 1558 7985 4204
f 7992 1559 7986
f 7992 7986 7985
f 4088 7987 4206
f 4088 4206 206
f 7987 7988 1560
f 7987 1560 4206
f 1471 7986 7987
f 1471 7987 4088
f 7986 1559 7988
f 7986 7988 7987
f 4205 7989 3983
f 4205 3983 236
f 7989 7990 1394
f 7989 1394 3983
f 1560 7988 7989
f 1560 7989 4205
f 7988 1559 7990
f 7988 7990 7989
f 3984 7991 4203
f 3984 4203 235
f 7991 7992 1558
f 7991 1558 4203
f 1394 7990 7991
f 1394 7991 3984
f 7990 1559 7992
f 7990 7992 7991
f 4206 7993 4091
f 4206 4091 206
f 7993 7994 1474
f 7993 1474 4091
f 1560 8000 7993
f 1560 7993 4206
f 8000 1561 7994
f 8000 7994 7993
f 4092 7995 4208
f 4092 4208 207
f 7995 7996 1562
f 7995 1562 4208
f 1474 7994 7995
f 1474 7995 4092
f 7994 1561 7996
f 7994 7996 7995
f 4207 7997 3889
f 4207 3889 237
f 7997 7998 1318
f 7997 1318 3889
f 1562 7996 7997
f 1562 7997 4207
f 7996 1561 7998
f 7996 7998 7997
f 3890 7999 4205
f 3890 4205 236
f 7999 8000 1560
f 7999 1560 4205
f 1318 7998 7999
f 1318 7999 3890
f 7998 1561 8000
f 7998 8000 7999
f 4208 8001 4095
f 4208 4095 207
f 8001 8002 1477
f 8001 1477 4095
f 1562 8008 8001
f 1562 8001 4208
f 8008 1563 8002
f 8008 8002 8001
f 4096 8003 4210
f 4096 4210 208
f 8003 8004 1564
f 8003 1564 4210
f 1477 8002 8003
f 1477 8003 4096
f 8002 1563 8004
f 8002 8004 8003
f 4209 8005 3519
f 4209 3519 238
f 8005 8006 1060
f 8005 1060 3519
f 1564 8004 8005
f 1564 8005 4209
f 8004 1563 8006
f 8004 8006 8005
f 3520 8007 4207
f 3520 4207 237
f 8007 8008 1562
f 8007 1562 4207
f 1060 8006 8007
f 1060 8007 3520
f 8006 1563 8008
f 8006 8008 8007
f 4210 8009 4099
f 4210 4099 208
f 8009 8010 1480
f 8009 1480 4099
f 1564 8016 8009
f 1564 8009 4210
f 8016 1565 8010
f 8016 8010 8009
f 4100 8011 4212
f 4100 4212 209
f 8011 8012 1566
f 8011 1566 4212
f 1480 8010 8011
f 1480 8011 4100
f 8010 1565 8012
f 8010 8012 8011
f 4211 8013 3513
f 4211 3513 239
f 8013 8014 1056
f 8013 1056 3513
f 1566 8012 8013
f 1566 8013 4211
f 8012 1565 8014
f 8012 8014 8013
f 3514 8015 4209
f 3514 4209 238
f 8015 8016 1564
f 8015 1564 4209
f 1056 8014 8015
f 1056 8015 3514
f 8014 1565 8016
f 8014 8016 8015
f 4212 8017 4103
f 4212 4103 209
f 8017 8018 1483
f 8017 1483 4103
f 1566 8024 8017
f 1566 8017 4212
f 8024 1567 8018
f 8024 8018 8017
f 4104 8019 4214
f 4104 4214 210
f 8019 8020 1568
f 8019 1568 4214
f 1483 8018 8019
f 1483 8019 4104
f 8018 1567 8020
f 8018 8020 8019
f 4213 8021 3433
f 4213 3433 240
f 8021 8022 1001
f 8021 1001 3433
f 1568 8020 8021
f 1568 8021 4213
f 8020 1567 8022
f 8020 8022 8021
f 3434 8023 4211
f 3434 4211 239
f 8023 8024 1566
f 8023 1566 4211
f 1001 8022 8023
f 1001 8023 3434
f 8022 1567 8024
f 8022 8024 8023
f 4215 8025 4201
f 4215 4201 233
f 8025 8026 1556
f 8025 1556 4201
f 1570 8032 8025
f 1570 8025 4215
f 8032 1569 8026
f 8032 8026 8025
f 4202 8027 4111
f 4202 4111 234
f 8027 8028 1489
f 8027 1489 4111
f 1556 8026 8027
f 1556 8027 4202
f 8026 1569 8028
f 8026 8028 8027
f 4112 8029 4218
f 4112 4218 264
f 8029 8030 1571
f 8029 1571 4218
f 1489 8028 8029
f 1489 8029 4112
f 8028 1569 8030
f 8028 8030 8029
f 4217 8031 4216
f 4217 4216 263
f 8031 8032 1570
f 8031 1570 4216
f 1571 8030 8031
f 1571 8031 4217
f 8030 1569 8032
f 8030 8032 8031
f 4168 8033 4045
f 4168 4045 254
f 8033 8034 1440
f 8033 1440 4045
f 1531 8040 8033
f 1531 8033 4168
f 8040 1572 8034
f 8040 8034 8033
f 4046 8035 4220
f 4046 4220 255
f 8035 8036 1573
f 8035 1573 4220
f 1440 8034 8035
f 1440 8035 4046
f 8034 1572 8036
f 8034 8036 8035
f 4219 8037 3603
f 4219 3603 126
f 8037 8038 1118
f 8037 1118 3603
f 1573 8036 8037
f 1573 8037 4219
f 8036 1572 8038
f 8036 8038 8037
f 3604 8039 4167
f 3604 4167 125
f 8039 8040 1531
f 8039 1531 4167
f 1118 8038 8039
f 1118 8039 3604
f 8038 1572 8040
f 8038 8040 8039
f 4220 8041 4119
f 4220 4119 255
f 8041 8042 1494
f 8041 1494 4119
f 1573 8048 8041
f 1573 8041 4220
f 8048 1574 8042
f 8048 8042 8041
f 4120 8043 4222
f 4120 4222 272
f 8043 8044 1575
f 8043 1575 4222
f 1494 8042 8043
f 1494 8043 4120
f 8042 1574 8044
f 8042 8044 8043
f 4221 8045 3609
f 4221 3609 127
f 8045 8046 1122
f 8045 1122 3609
f 1575 8044 8045
f 1575 8045 4221
f 8044 1574 8046
f 8044 8046 8045
f 3610 8047 4219
f 3610 4219 126
f 8047 8048 1573
f 8047 1573 4219
f 1122 8046 8047
f 1122 8047 3610
f 8046 1574 8048
f 8046 8048 8047
f 4222 8049 4123
f 4222 4123 272
f 8049 8050 1497
f 8049 1497 4123
f 1575 8056 8049
f 1575 8049 4222
f 8056 1576 8050
f 8056 8050 8049
f 4124 8051 4224
f 4124 4224 273
f 8051 8052 1577
f 8051 1577 4224
f 1497 8050 8051
f 1497 8051 4124
f 8050 1576 8052
f 8050 8052 8051
f 4223 8053 3615
f 4223 3615 128
f 8053 8054 1126
f 8053 1126 3615
f 1577 8052 8053
f 1577 8053 4223
f 8052 1576 8054
f 8052 8054 8053
f 3616 8055 4221
f 3616 4221 127
f 8055 8056 1575
f 8055 1575 4221
f 1126 8054 8055
f 1126 8055 3616
f 8054 1576 8056
f 8054 8056 8055
f 4224 8057 4127
f 4224 4127 273
f 8057 8058 1500
f 8057 1500 4127
f 1577 8064 8057
f 1577 8057 4224
f 8064 1578 8058
f 8064 8058 8057
f 4128 8059 4226
f 4128 4226 274
f 8059 8060 1579
f 8059 1579 4226
f 1500 8058 8059
f 1500 8059 4128
f 8058 1578 8060
f 8058 8060 8059
f 4225 8061 3621
f 4225 3621 129
f 8061 8062 1130
f 8061 1130 3621
f 1579 8060 8061
f 1579 8061 4225
f 8060 1578 8062
f 8060 8062 8061
f 3622 8063 4223
f 3622 4223 128
f 8063 8064 1577
f 8063 1577 4223
f 1130 8062 8063
f 1130 8063 3622
f 8062 1578 8064
f 8062 8064 8063
f 4226 8065 4131
f 4226 4131 274
f 8065 8066 1503
f 8065 1503 4131
f 1579 8072 8065
f 1579 8065 4226
f 8072 1580 8066
f 8072 8066 8065
f 4132 8067 4228
f 4132 4228 275
f 8067 8068 1581
f 8067 1581 4228
f 1503 8066 8067
f 1503 8067 4132
f 8066 1580 8068
f 8066 8068 8067
f 4227 8069 3627
f 4227 3627 130
f 8069 8070 1134
f 8069 1134 3627
f 1581 8068 8069
f 1581 8069 4227
f 8068 1580 8070
f 8068 8070 8069
f 3628 8071 4225
f 3628 4225 129
f 8071 8072 1579
f 8071 1579 4225
f 1134 8070 8071
f 1134 8071 3628
f 8070 1580 8072
f 8070 8072 8071
f 4228 8073 4135
f 4228 4135 275
f 8073 8074 1506
f 8073 1506 4135
f 1581 8080 8073
f 1581 8073 4228
f 8080 1582 8074
f 8080 8074 8073
f 4136 8075 4230
f 4136 4230 276
f 8075 8076 1583
f 8075 1583 4230
f 1506 8074 8075
f 1506 8075 4136
f 8074 1582 8076
f 8074 8076 8075
f 4229 8077 3633
f 4229 3633 131
f 8077 8078 1138
f 8077 1138 3633
f 1583 8076 8077
f 1583 8077 4229
f 8076 1582 8078
f 8076 8078 8077
f 3634 8079 4227
f 3634 4227 130
f 8079 8080 1581
f 8079 1581 4227
f 1138 8078 8079
f 1138 8079 3634
f 8078 1582 8080
f 8078 8080 8079
f 4230 8081 4139
f 4230 4139 276
f 8081 8082 1509
f 8081 1509 4139
f 1583 8088 8081
f 1583 8081 4230
f 8088 1584 8082
f 8088 8082 8081
f 4140 8083 4232
f 4140 4232 277
f 8083 8084 1585
f 8083 1585 4232
f 1509 8082 8083
f 1509 8083 4140
f 8082 1584 8084
f 8082 8084 8083
f 4231 8085 3639
f 4231 3639 132
f 8085 8086 1142
f 8085 1142 3639
f 1585 8084 8085
f 1585 8085 4231
f 8084 1584 8086
f 8084 8086 8085
f 3640 8087 4229
f 3640 4229 131
f 8087 8088 1583
f 8087 1583 4229
f 1142 8086 8087
f 1142 8087 3640
f 8086 1584 8088
f 8086 8088 8087
f 4232 8089 4143
f 4232 4143 277
f 8089 8090 1512
f 8089 1512 4143
f 1585 8096 8089
f 1585 8089 4232
f 8096 1586 8090
f 8096 8090 8089
f 4144 8091 4234
f 4144 4234 278
f 8091 8092 1587
f 8091 1587 4234
f 1512 8090 8091
f 1512 8091 4144
f 8090 1586 8092
f 8090 8092 8091
f 4233 8093 3645
f 4233 3645 133
f 8093 8094 1146
f 8093 1146 3645
f 1587 8092 8093
f 1587 8093 4233
f 8092 1586 8094
f 8092 8094 8093
f 3646 8095 4231
f 3646 4231 132
f 8095 8096 1585
f 8095 1585 4231
f 1146 8094 8095
f 1146 8095 3646
f 8094 1586 8096
f 8094 8096 8095
f 4234 8097 4147
f 4234 4147 278
f 8097 8098 1515
f 8097 1515 4147
f 1587 8104 8097
f 1587 8097 4234
f 8104 1588 8098
f 8104 8098 8097
f 4148 8099 4236
f 4148 4236 279
f 8099 8100 1589
f 8099 1589 4236
f 1515 8098 8099
f 1515 8099 4148
f 8098 1588 8100
f 8098 8100 8099
f 4235 8101 3651
f 4235 3651 134
f 8101 8102 1150
f 8101 1150 3651
f 1589 8100 8101
f 1589 8101 4235
f 8100 1588 8102
f 8100 8102 8101
f 3652 8103 4233
f 3652 4233 133
f 8103 8104 1587
f 8103 1587 4233
f 1150 8102 8103
f 1150 8103 3652
f 8102 1588 8104
f 8102 8104 8103
f 4236 8105 4151
f 4236 4151 279
f 8105 8106 1518
f 8105 1518 4151
f 1589 8112 8105
f 1589 8105 4236
f 8112 1590 8106
f 8112 8106 8105
f 4152 8107 4238
f 4152 4238 280
f 8107 8108 1591
f 8107 1591 4238
f 1518 8106 8107
f 1518 8107 4152
f 8106 1590 8108
f 8106 8108 8107
f 4237 8109 3657
f 4237 3657 135
f 8109 8110 1154
f 8109 1154 3657
f 1591 8108 8109
f 1591 8109 4237
f 8108 1590 8110
f 8108 8110 8109
f 3658 8111 4235
f 3658 4235 134
f 8111 8112 1589
f 8111 1589 4235
f 1154 8110 8111
f 1154 8111 3658
f 8110 1590 8112
f 8110 8112 8111
f 4238 8113 4155
f 4238 4155 280
f 8113 8114 1521
f 8113 1521 4155
f 1591 8120 8113
f 1591 8113 4238
f 8120 1592 8114
f 8120 8114 8113
f 4156 8115 4240
f 4156 4240 281
f 8115 8116 1593
f 8115 1593 4240
f 1521 8114 8115
f 1521 8115 4156
f 8114 1592 8116
f 8114 8116 8115
f 4239 8117 3663
f 4239 3663 152
f 8117 8118 1158
f 8117 1158 3663
f 1593 8116 8117
f 1593 8117 4239
f 8116 1592 8118
f 8116 8118 8117
f 3664 8119 4237
f 3664 4237 135
f 8119 8120 1591
f 8119 1591 4237
f 1158 8118 8119
f 1158 8119 3664
f 8118 1592 8120
f 8118 8120 8119
f 4240 8121 4159
f 4240 4159 281
f 8121 8122 1524
f 8121 1524 4159
f 1593 8128 8121
f 1593 8121 4240
f 8128 1594 8122
f 8128 8122 8121
f 4160 8123 4242
f 4160 4242 282
f 8123 8124 1595
f 8123 1595 4242
f 1524 8122 8123
f 1524 8123 4160
f 8122 1594 8124
f 8122 8124 8123
f 4241 8125 3669
f 4241 3669 153
f 8125 8126 1162
f 8125 1162 3669
f 1595 8124 8125
f 1595 8125 4241
f 8124 1594 8126
f 8124 8126 8125
f 3670 8127 4239
f 3670 4239 152
f 8127 8128 1593
f 8127 1593 4239
f 1162 8126 8127
f 1162 8127 3670
f 8126 1594 8128
f 8126 8128 8127
f 4243 8129 3407
f 4243 3407 217
f 8129 8130 984
f 8129 984 3407
f 1597 8136 8129
f 1597 8129 4243
f 8136 1596 8130
f 8136 8130 8129
f 3408 8131 4246
f 3408 4246 216
f 8131 8132 1598
f 8131 1598 4246
f 984 8130 8131
f 984 8131 3408
f 8130 1596 8132
f 8130 8132 8131
f 4245 8133 3197
f 4245 3197 55
f 8133 8134 839
f 8133 839 3197
f 1598 8132 8133
f 1598 8133 4245
f 8132 1596 8134
f 8132 8134 8133
f 3198 8135 4244
f 3198 4244 50
f 8135 8136 1597
f 8135 1597 4244
f 839 8134 8135
f 839 8135 3198
f 8134 1596 8136
f 8134 8136 8135
f 4246 8137 3445
f 4246 3445 216
f 8137 8138 1009
f 8137 1009 3445
f 1598 8144 8137
f 1598 8137 4246
f 8144 1599 8138
f 8144 8138 8137
f 3446 8139 4248
f 3446 4248 215
f 8139 8140 1600
f 8139 1600 4248
f 1009 8138 8139
f 1009 8139 3446
f 8138 1599 8140
f 8138 8140 8139
f 4247 8141 3203
f 4247 3203 56
f 8141 8142 843
f 8141 843 3203
f 1600 8140 8141
f 1600 8141 4247
f 8140 1599 8142
f 8140 8142 8141
f 3204 8143 4245
f 3204 4245 55
f 8143 8144 1598
f 8143 1598 4245
f 843 8142 8143
f 843 8143 3204
f 8142 1599 8144
f 8142 8144 8143
f 4248 8145 3457
f 4248 3457 215
f 8145 8146 1017
f 8145 1017 3457
f 1600 8152 8145
f 1600 8145 4248
f 8152 1601 8146
f 8152 8146 8145
f 3458 8147 4250
f 3458 4250 214
f 8147 8148 1602
f 8147 1602 4250
f 1017 8146 8147
f 1017 8147 3458
f 8146 1601 8148
f 8146 8148 8147
f 4249 8149 3263
f 4249 3263 63
f 8149 8150 887
f 8149 887 3263
f 1602 8148 8149
f 1602 8149 4249
f 8148 1601 8150
f 8148 8150 8149
f 3264 8151 4247
f 3264 4247 56
f 8151 8152 1600
f 8151 1600 4247
f 887 8150 8151
f 887 8151 3264
f 8150 1601 8152
f 8150 8152 8151
f 4251 8153 4173
f 4251 4173 226
f 8153 8154 1535
f 8153 1535 4173
f 1604 8160 8153
f 1604 8153 4251
f 8160 1603 8154
f 8160 8154 8153
f 4174 8155 4254
f 4174 4254 227
f 8155 8156 1605
f 8155 1605 4254
f 1535 8154 8155
f 1535 8155 4174
f 8154 1603 8156
f 8154 8156 8155
f 4253 8157 4256
f 4253 4256 257
f 8157 8158 1606
f 8157 1606 4256
f 1605 8156 8157
f 1605 8157 4253
f 8156 1603 8158
f 8156 8158 8157
f 4255 8159 4252
f 4255 4252 256
f 8159 8160 1604
f 8159 1604 4252
f 1606 8158 8159
f 1606 8159 4255
f 8158 1603 8160
f 8158 8160 8159
f 4254 8161 4177
f 4254 4177 227
f 8161 8162 1538
f 8161 1538 4177
f 1605 8168 8161
f 1605 8161 4254
f 8168 1607 8162
f 8168 8162 8161
f 4178 8163 4258
f 4178 4258 228
f 8163 8164 1608
f 8163 1608 4258
f 1538 8162 8163
f 1538 8163 4178
f 8162 1607 8164
f 8162 8164 8163
f 4257 8165 4260
f 4257 4260 258
f 8165 8166 1609
f 8165 1609 4260
f 1608 8164 8165
f 1608 8165 4257
f 8164 1607 8166
f 8164 8166 8165
f 4259 8167 4253
f 4259 4253 257
f 8167 8168 1605
f 8167 1605 4253
f 1609 8166 8167
f 1609 8167 4259
f 8166 1607 8168
f 8166 8168 8167
f 4258 8169 4181
f 4258 4181 228
f 8169 8170 1541
f 8169 1541 4181
f 1608 8176 8169
f 1608 8169 4258
f 8176 1610 8170
f 8176 8170 8169
f 4182 8171 4262
f 4182 4262 229
f 8171 8172 1611
f 8171 1611 4262
f 1541 8170 8171
f 1541 8171 4182
f 8170 1610 8172
f 8170 8172 8171
f 4261 8173 4264
f 4261 4264 259
f 8173 8174 1612
f 8173 1612 4264
f 1611 8172 8173
f 1611 8173 4261
f 8172 1610 8174
f 8172 8174 8173
f 4263 8175 4257
f 4263 4257 258
f 8175 8176 1608
f 8175 1608 4257
f 1612 8174 8175
f 1612 8175 4263
f 8174 1610 8176
f 8174 8176 8175
f 4262 8177 4185
f 4262 4185 229
f 8177 8178 1544
f 8177 1544 4185
f 1611 8184 8177
f 1611 8177 4262
f 8184 1613 8178
f 8184 8178 8177
f 4186 8179 4266
f 4186 4266 230
f 8179 8180 1614
f 8179 1614 4266
f 1544 8178 8179
f 1544 8179 4186
f 8178 1613 8180
f 8178 8180 8179
f 4265 8181 4268
f 4265 4268 260
f 8181 8182 1615
f 8181 1615 4268
f 1614 8180 8181
f 1614 8181 4265
f 8180 1613 8182
f 8180 8182 8181
f 4267 8183 4261
f 4267 4261 259
f 8183 8184 1611
f 8183 1611 4261
f 1615 8182 8183
f 1615 8183 4267
f 8182 1613 8184
f 8182 8184 8183
f 4266 8185 4189
f 4266 4189 230
f 8185 8186 1547
f 8185 1547 4189
f 1614 8192 8185
f 1614 8185 4266
f 8192 1616 8186
f 8192 8186 8185
f 4190 8187 4270
f 4190 4270 231
f 8187 8188 1617
f 8187 1617 4270
f 1547 8186 8187
f 1547 8187 4190
f 8186 1616 8188
f 8186 8188 8187
f 4269 8189 4272
f 4269 4272 261
f 8189 8190 1618
f 8189 1618 4272
f 1617 8188 8189
f 1617 8189 4269
f 8188 1616 8190
f 8188 8190 8189
f 4271 8191 4265
f 4271 4265 260
f 8191 8192 1614
f 8191 1614 4265
f 1618 8190 8191
f 1618 8191 4271
f 8190 1616 8192
f 8190 8192 8191
f 4270 8193 4193
f 4270 4193 231
f 8193 8194 1550
f 8193 1550 4193
f 1617 8200 8193
f 1617 8193 4270
f 8200 1619 8194
f 8200 8194 8193
f 4194 8195 4274
f 4194 4274 232
f 8195 8196 1620
f 8195 1620 4274
f 1550 8194 8195
f 1550 8195 4194
f 8194 1619 8196
f 8194 8196 8195
f 4273 8197 4276
f 4273 4276 262
f 8197 8198 1621
f 8197 1621 4276
f 1620 8196 8197
f 1620 8197 4273
f 8196 1619 8198
f 8196 8198 8197
f 4275 8199 4269
f 4275 4269 261
f 8199 8200 1617
f 8199 1617 4269
f 1621 8198 8199
f 1621 8199 4275
f 8198 1619 8200
f 8198 8200 8199
f 4274 8201 4197
f 4274 4197 232
f 8201 8202 1553
f 8201 1553 4197
f 1620 8208 8201
f 1620 8201 4274
f 8208 1622 8202
f 8208 8202 8201
f 4198 8203 4215
f 4198 4215 233
f 8203 8204 1570
f 8203 1570 4215
f 1553 8202 8203
f 1553 8203 4198
f 8202 1622 8204
f 8202 8204 8203
f 4216 8205 4278
f 4216 4278 263
f 8205 8206 1623
f 8205 1623 4278
f 1570 8204 8205
f 1570 8205 4216
f 8204 1622 8206
f 8204 8206 8205
f 4277 8207 4273
f 4277 4273 262
f 8207 8208 1620
f 8207 1620 4273
f 1623 8206 8207
f 1623 8207 4277
f 8206 1622 8208
f 8206 8208 8207
f 4250 8209 3467
f 4250 3467 214
f 8209 8210 1024
f 8209 1024 3467
f 1602 8216 8209
f 1602 8209 4250
f 8216 1624 8210
f 8216 8210 8209
f 3468 8211 4280
f 3468 4280 213
f 8211 8212 1625
f 8211 1625 4280
f 1024 8210 8211
f 1024 8211 3468
f 8210 1624 8212
f 8210 8212 8211
f 4279 8213 3269
f 4279 3269 64
f 8213 8214 891
f 8213 891 3269
f 1625 8212 8213
f 1625 8213 4279
f 8212 1624 8214
f 8212 8214 8213
f 3270 8215 4249
f 3270 4249 63
f 8215 8216 1602
f 8215 1602 4249
f 891 8214 8215
f 891 8215 3270
f 8214 1624 8216
f 8214 8216 8215
f 4280 8217 3477
f 4280 3477 213
f 8217 8218 1031
f 8217 1031 3477
f 1625 8224 8217
f 1625 8217 4280
f 8224 1626 8218
f 8224 8218 8217
f 3478 8219 4282
f 3478 4282 212
f 8219 8220 1627
f 8219 1627 4282
f 1031 8218 8219
f 1031 8219 3478
f 8218 1626 8220
f 8218 8220 8219
f 4281 8221 3289
f 4281 3289 65
f 8221 8222 904
f 8221 904 3289
f 1627 8220 8221
f 1627 8221 4281
f 8220 1626 8222
f 8220 8222 8221
f 3290 8223 4279
f 3290 4279 64
f 8223 8224 1625
f 8223 1625 4279
f 904 8222 8223
f 904 8223 3290
f 8222 1626 8224
f 8222 8224 8223
f 4283 8225 4105
f 4283 4105 151
f 8225 8226 1485
f 8225 1485 4105
f 1629 8232 8225
f 1629 8225 4283
f 8232 1628 8226
f 8232 8226 8225
f 4106 8227 4286
f 4106 4286 180
f 8227 8228 1630
f 8227 1630 4286
f 1485 8226 8227
f 1485 8227 4106
f 8226 1628 8228
f 8226 8228 8227
f 4285 8229 3437
f 4285 3437 3
f 8229 8230 1004
f 8229 1004 3437
f 1630 8228 8229
f 1630 8229 4285
f 8228 1628 8230
f 8228 8230 8229
f 3438 8231 4284
f 3438 4284 33
f 8231 8232 1629
f 8231 1629 4284
f 1004 8230 8231
f 1004 8231 3438
f 8230 1628 8232
f 8230 8232 8231
f 4286 8233 3977
f 4286 3977 180
f 8233 8234 1390
f 8233 1390 3977
f 1630 8240 8233
f 1630 8233 4286
f 8240 1631 8234
f 8240 8234 8233
f 3978 8235 4288
f 3978 4288 150
f 8235 8236 1632
f 8235 1632 4288
f 1390 8234 8235
f 1390 8235 3978
f 8234 1631 8236
f 8234 8236 8235
f 4287 8237 3271
f 4287 3271 4
f 8237 8238 893
f 8237 893 3271
f 1632 8236 8237
f 1632 8237 4287
f 8236 1631 8238
f 8236 8238 8237
f 3272 8239 4285
f 3272 4285 3
f 8239 8240 1630
f 8239 1630 4285
f 893 8238 8239
f 893 8239 3272
f 8238 1631 8240
f 8238 8240 8239
f 4288 8241 3885
f 4288 3885 150
f 8241 8242 1315
f 8241 1315 3885
f 1632 8248 8241
f 1632 8241 4288
f 8248 1633 8242
f 8248 8242 8241
f 3886 8243 4290
f 3886 4290 121
f 8243 8244 1634
f 8243 1634 4290
f 1315 8242 8243
f 1315 8243 3886
f 8242 1633 8244
f 8242 8244 8243
f 4289 8245 3279
f 4289 3279 48
f 8245 8246 898
f 8245 898 3279
f 1634 8244 8245
f 1634 8245 4289
f 8244 1633 8246
f 8244 8246 8245
f 3280 8247 4287
f 3280 4287 4
f 8247 8248 1632
f 8247 1632 4287
f 898 8246 8247
f 898 8247 3280
f 8246 1633 8248
f 8246 8248 8247
f 4282 8249 3487
f 4282 3487 212
f 8249 8250 1038
f 8249 1038 3487
f 1627 8256 8249
f 1627 8249 4282
f 8256 1635 8250
f 8256 8250 8249
f 3488 8251 4292
f 3488 4292 195
f 8251 8252 1636
f 8251 1636 4292
f 1038 8250 8251
f 1038 8251 3488
f 8250 1635 8252
f 8250 8252 8251
f 4291 8253 3295
f 4291 3295 66
f 8253 8254 908
f 8253 908 3295
f 1636 8252 8253
f 1636 8253 4291
f 8252 1635 8254
f 8252 8254 8253
f 3296 8255 4281
f 3296 4281 65
f 8255 8256 1627
f 8255 1627 4281
f 908 8254 8255
f 908 8255 3296
f 8254 1635 8256
f 8254 8256 8255
f 4292 8257 3497
f 4292 3497 195
f 8257 8258 1045
f 8257 1045 3497
f 1636 8264 8257
f 1636 8257 4292
f 8264 1637 8258
f 8264 8258 8257
f 3498 8259 4294
f 3498 4294 194
f 8259 8260 1638
f 8259 1638 4294
f 1045 8258 8259
f 1045 8259 3498
f 8258 1637 8260
f 8258 8260 8259
f 4293 8261 3315
f 4293 3315 67
f 8261 8262 921
f 8261 921 3315
f 1638 8260 8261
f 1638 8261 4293
f 8260 1637 8262
f 8260 8262 8261
f 3316 8263 4291
f 3316 4291 66
f 8263 8264 1636
f 8263 1636 4291
f 921 8262 8263
f 921 8263 3316
f 8262 1637 8264
f 8262 8264 8263
f 4294 8265 3507
f 4294 3507 194
f 8265 8266 1052
f 8265 1052 3507
f 1638 8272 8265
f 1638 8265 4294
f 8272 1639 8266
f 8272 8266 8265
f 3508 8267 4296
f 3508 4296 193
f 8267 8268 1640
f 8267 1640 4296
f 1052 8266 8267
f 1052 8267 3508
f 8266 1639 8268
f 8266 8268 8267
f 4295 8269 3321
f 4295 3321 68
f 8269 8270 925
f 8269 925 3321
f 1640 8268 8269
f 1640 8269 4295
f 8268 1639 8270
f 8268 8270 8269
f 3322 8271 4293
f 3322 4293 67
f 8271 8272 1638
f 8271 1638 4293
f 925 8270 8271
f 925 8271 3322
f 8270 1639 8272
f 8270 8272 8271
f 4297 8273 3425
f 4297 3425 211
f 8273 8274 996
f 8273 996 3425
f 1642 8280 8273
f 1642 8273 4297
f 8280 1641 8274
f 8280 8274 8273
f 3426 8275 4300
f 3426 4300 240
f 8275 8276 1643
f 8275 1643 4300
f 996 8274 8275
f 996 8275 3426
f 8274 1641 8276
f 8274 8276 8275
f 4299 8277 3561
f 4299 3561 32
f 8277 8278 1089
f 8277 1089 3561
f 1643 8276 8277
f 1643 8277 4299
f 8276 1641 8278
f 8276 8278 8277
f 3562 8279 4298
f 3562 4298 41
f 8279 8280 1642
f 8279 1642 4298
f 1089 8278 8279
f 1089 8279 3562
f 8278 1641 8280
f 8278 8280 8279
f 4300 8281 4213
f 4300 4213 240
f 8281 8282 1568
f 8281 1568 4213
f 1643 8288 8281
f 1643 8281 4300
f 8288 1644 8282
f 8288 8282 8281
f 4214 8283 4302
f 4214 4302 210
f 8283 8284 1645
f 8283 1645 4302
f 1568 8282 8283
f 1568 8283 4214
f 8282 1644 8284
f 8282 8284 8283
f 4301 8285 3555
f 4301 3555 31
f 8285 8286 1085
f 8285 1085 3555
f 1645 8284 8285
f 1645 8285 4301
f 8284 1644 8286
f 8284 8286 8285
f 3556 8287 4299
f 3556 4299 32
f 8287 8288 1643
f 8287 1643 4299
f 1085 8286 8287
f 1085 8287 3556
f 8286 1644 8288
f 8286 8288 8287
f 4302 8289 4109
f 4302 4109 210
f 8289 8290 1487
f 8289 1487 4109
f 1645 8296 8289
f 1645 8289 4302
f 8296 1646 8290
f 8296 8290 8289
f 4110 8291 4304
f 4110 4304 181
f 8291 8292 1647
f 8291 1647 4304
f 1487 8290 8291
f 1487 8291 4110
f 8290 1646 8292
f 8290 8292 8291
f 4303 8293 3571
f 4303 3571 40
f 8293 8294 1097
f 8293 1097 3571
f 1647 8292 8293
f 1647 8293 4303
f 8292 1646 8294
f 8292 8294 8293
f 3572 8295 4301
f 3572 4301 31
f 8295 8296 1645
f 8295 1645 4301
f 1097 8294 8295
f 1097 8295 3572
f 8294 1646 8296
f 8294 8296 8295
f 4296 8297 3525
f 4296 3525 193
f 8297 8298 1064
f 8297 1064 3525
f 1640 8304 8297
f 1640 8297 4296
f 8304 1648 8298
f 8304 8298 8297
f 3526 8299 4306
f 3526 4306 192
f 8299 8300 1649
f 8299 1649 4306
f 1064 8298 8299
f 1064 8299 3526
f 8298 1648 8300
f 8298 8300 8299
f 4305 8301 3337
f 4305 3337 69
f 8301 8302 936
f 8301 936 3337
f 1649 8300 8301
f 1649 8301 4305
f 8300 1648 8302
f 8300 8302 8301
f 3338 8303 4295
f 3338 4295 68
f 8303 8304 1640
f 8303 1640 4295
f 936 8302 8303
f 936 8303 3338
f 8302 1648 8304
f 8302 8304 8303
f 4307 8305 4310
f 4307 4310 362
f 8305 8306 1652
f 8305 1652 4310
f 1651 8312 8305
f 1651 8305 4307
f 8312 1650 8306
f 8312 8306 8305
f 4309 8307 4312
f 4309 4312 363
f 8307 8308 1653
f 8307 1653 4312
f 1652 8306 8307
f 1652 8307 4309
f 8306 1650 8308
f 8306 8308 8307
f 4311 8309 4314
f 4311 4314 300
f 8309 8310 1654
f 8309 1654 4314
f 1653 8308 8309
f 1653 8309 4311
f 8308 1650 8310
f 8308 8310 8309
f 4313 8311 4308
f 4313 4308 299
f 8311 8312 1651
f 8311 1651 4308
f 1654 8310 8311
f 1654 8311 4313
f 8310 1650 8312
f 8310 8312 8311
f 4312 8313 4316
f 4312 4316 363
f 8313 8314 1656
f 8313 1656 4316
f 1653 8320 8313
f 1653 8313 4312
f 8320 1655 8314
f 8320 8314 8313
f 4315 8315 4318
f 4315 4318 364
f 8315 8316 1657
f 8315 1657 4318
f 1656 8314 8315
f 1656 8315 4315
f 8314 1655 8316
f 8314 8316 8315
f 4317 8317 4320
f 4317 4320 271
f 8317 8318 1658
f 8317 1658 4320
f 1657 8316 8317
f 1657 8317 4317
f 8316 1655 8318
f 8316 8318 8317
f 4319 8319 4311
f 4319 4311 300
f 8319 8320 1653
f 8319 1653 4311
f 1658 8318 8319
f 1658 8319 4319
f 8318 1655 8320
f 8318 8320 8319
f 4306 8321 3531
f 4306 3531 192
f 8321 8322 1068
f 8321 1068 3531
f 1649 8328 8321
f 1649 8321 4306
f 8328 1659 8322
f 8328 8322 8321
f 3532 8323 4322
f 3532 4322 191
f 8323 8324 1660
f 8323 1660 4322
f 1068 8322 8323
f 1068 8323 3532
f 8322 1659 8324
f 8322 8324 8323
f 4321 8325 3343
f 4321 3343 70
f 8325 8326 940
f 8325 940 3343
f 1660 8324 8325
f 1660 8325 4321
f 8324 1659 8326
f 8324 8326 8325
f 3344 8327 4305
f 3344 4305 69
f 8327 8328 1649
f 8327 1649 4305
f 940 8326 8327
f 940 8327 3344
f 8326 1659 8328
f 8326 8328 8327
f 4322 8329 3543
f 4322 3543 191
f 8329 8330 1077
f 8329 1077 3543
f 1660 8336 8329
f 1660 8329 4322
f 8336 1661 8330
f 8336 8330 8329
f 3544 8331 4324
f 3544 4324 190
f 8331 8332 1662
f 8331 1662 4324
f 1077 8330 8331
f 1077 8331 3544
f 8330 1661 8332
f 8330 8332 8331
f 4323 8333 3359
f 4323 3359 71
f 8333 8334 951
f 8333 951 3359
f 1662 8332 8333
f 1662 8333 4323
f 8332 1661 8334
f 8332 8334 8333
f 3360 8335 4321
f 3360 4321 70
f 8335 8336 1660
f 8335 1660 4321
f 951 8334 8335
f 951 8335 3360
f 8334 1661 8336
f 8334 8336 8335
f 4324 8337 3549
f 4324 3549 190
f 8337 8338 1081
f 8337 1081 3549
f 1662 8344 8337
f 1662 8337 4324
f 8344 1663 8338
f 8344 8338 8337
f 3550 8339 4326
f 3550 4326 189
f 8339 8340 1664
f 8339 1664 4326
f 1081 8338 8339
f 1081 8339 3550
f 8338 1663 8340
f 8338 8340 8339
f 4325 8341 3365
f 4325 3365 72
f 8341 8342 955
f 8341 955 3365
f 1664 8340 8341
f 1664 8341 4325
f 8340 1663 8342
f 8340 8342 8341
f 3366 8343 4323
f 3366 4323 71
f 8343 8344 1662
f 8343 1662 4323
f 955 8342 8343
f 955 8343 3366
f 8342 1663 8344
f 8342 8344 8343
f 4326 8345 3567
f 4326 3567 189
f 8345 8346 1094
f 8345 1094 3567
f 1664 8352 8345
f 1664 8345 4326
f 8352 1665 8346
f 8352 8346 8345
f 3568 8347 4328
f 3568 4328 188
f 8347 8348 1666
f 8347 1666 4328
f 1094 8346 8347
f 1094 8347 3568
f 8346 1665 8348
f 8346 8348 8347
f 4327 8349 3381
f 4327 3381 73
f 8349 8350 966
f 8349 966 3381
f 1666 8348 8349
f 1666 8349 4327
f 8348 1665 8350
f 8348 8350 8349
f 3382 8351 4325
f 3382 4325 72
f 8351 8352 1664
f 8351 1664 4325
f 966 8350 8351
f 966 8351 3382
f 8350 1665 8352
f 8350 8352 8351
f 4328 8353 3575
f 4328 3575 188
f 8353 8354 1100
f 8353 1100 3575
f 1666 8360 8353
f 1666 8353 4328
f 8360 1667 8354
f 8360 8354 8353
f 3576 8355 4330
f 3576 4330 187
f 8355 8356 1668
f 8355 1668 4330
f 1100 8354 8355
f 1100 8355 3576
f 8354 1667 8356
f 8354 8356 8355
f 4329 8357 3385
f 4329 3385 74
f 8357 8358 969
f 8357 969 3385
f 1668 8356 8357
f 1668 8357 4329
f 8356 1667 8358
f 8356 8358 8357
f 3386 8359 4327
f 3386 4327 73
f 8359 8360 1666
f 8359 1666 4327
f 969 8358 8359
f 969 8359 3386
f 8358 1667 8360
f 8358 8360 8359
f 4330 8361 3399
f 4330 3399 187
f 8361 8362 979
f 8361 979 3399
f 1668 8368 8361
f 1668 8361 4330
f 8368 1669 8362
f 8368 8362 8361
f 3400 8363 4332
f 3400 4332 186
f 8363 8364 1670
f 8363 1670 4332
f 979 8362 8363
f 979 8363 3400
f 8362 1669 8364
f 8362 8364 8363
f 4331 8365 3189
f 4331 3189 49
f 8365 8366 834
f 8365 834 3189
f 1670 8364 8365
f 1670 8365 4331
f 8364 1669 8366
f 8364 8366 8365
f 3190 8367 4329
f 3190 4329 74
f 8367 8368 1668
f 8367 1668 4329
f 834 8366 8367
f 834 8367 3190
f 8366 1669 8368
f 8366 8368 8367
f 4333 8369 3193
f 4333 3193 316
f 8369 8370 837
f 8369 837 3193
f 1672 8376 8369
f 1672 8369 4333
f 8376 1671 8370
f 8376 8370 8369
f 3194 8371 4336
f 3194 4336 335
f 8371 8372 1673
f 8371 1673 4336
f 837 8370 8371
f 837 8371 3194
f 8370 1671 8372
f 8370 8372 8371
f 4335 8373 3167
f 4335 3167 94
f 8373 8374 820
f 8373 820 3167
f 1673 8372 8373
f 1673 8373 4335
f 8372 1671 8374
f 8372 8374 8373
f 3168 8375 4334
f 3168 4334 92
f 8375 8376 1672
f 8375 1672 4334
f 820 8374 8375
f 820 8375 3168
f 8374 1671 8376
f 8374 8376 8375
f 4336 8377 3201
f 4336 3201 335
f 8377 8378 842
f 8377 842 3201
f 1673 8384 8377
f 1673 8377 4336
f 8384 1674 8378
f 8384 8378 8377
f 3202 8379 4338
f 3202 4338 336
f 8379 8380 1675
f 8379 1675 4338
f 842 8378 8379
f 842 8379 3202
f 8378 1674 8380
f 8378 8380 8379
f 4337 8381 3161
f 4337 3161 96
f 8381 8382 816
f 8381 816 3161
f 1675 8380 8381
f 1675 8381 4337
f 8380 1674 8382
f 8380 8382 8381
f 3162 8383 4335
f 3162 4335 94
f 8383 8384 1673
f 8383 1673 4335
f 816 8382 8383
f 816 8383 3162
f 8382 1674 8384
f 8382 8384 8383
f 4338 8385 3261
f 4338 3261 336
f 8385 8386 886
f 8385 886 3261
f 1675 8392 8385
f 1675 8385 4338
f 8392 1676 8386
f 8392 8386 8385
f 3262 8387 4340
f 3262 4340 337
f 8387 8388 1677
f 8387 1677 4340
f 886 8386 8387
f 886 8387 3262
f 8386 1676 8388
f 8386 8388 8387
f 4339 8389 3155
f 4339 3155 98
f 8389 8390 812
f 8389 812 3155
f 1677 8388 8389
f 1677 8389 4339
f 8388 1676 8390
f 8388 8390 8389
f 3156 8391 4337
f 3156 4337 96
f 8391 8392 1675
f 8391 1675 4337
f 812 8390 8391
f 812 8391 3156
f 8390 1676 8392
f 8390 8392 8391
f 4340 8393 3267
f 4340 3267 337
f 8393 8394 890
f 8393 890 3267
f 1677 8400 8393
f 1677 8393 4340
f 8400 1678 8394
f 8400 8394 8393
f 3268 8395 4342
f 3268 4342 338
f 8395 8396 1679
f 8395 1679 4342
f 890 8394 8395
f 890 8395 3268
f 8394 1678 8396
f 8394 8396 8395
f 4341 8397 3149
f 4341 3149 100
f 8397 8398 808
f 8397 808 3149
f 1679 8396 8397
f 1679 8397 4341
f 8396 1678 8398
f 8396 8398 8397
f 3150 8399 4339
f 3150 4339 98
f 8399 8400 1677
f 8399 1677 4339
f 808 8398 8399
f 808 8399 3150
f 8398 1678 8400
f 8398 8400 8399
f 4342 8401 3287
f 4342 3287 338
f 8401 8402 903
f 8401 903 3287
f 1679 8408 8401
f 1679 8401 4342
f 8408 1680 8402
f 8408 8402 8401
f 3288 8403 4344
f 3288 4344 339
f 8403 8404 1681
f 8403 1681 4344
f 903 8402 8403
f 903 8403 3288
f 8402 1680 8404
f 8402 8404 8403
f 4343 8405 3143
f 4343 3143 102
f 8405 8406 804
f 8405 804 3143
f 1681 8404 8405
f 1681 8405 4343
f 8404 1680 8406
f 8404 8406 8405
f 3144 8407 4341
f 3144 4341 100
f 8407 8408 1679
f 8407 1679 4341
f 804 8406 8407
f 804 8407 3144
f 8406 1680 8408
f 8406 8408 8407
f 4344 8409 3293
f 4344 3293 339
f 8409 8410 907
f 8409 907 3293
f 1681 8416 8409
f 1681 8409 4344
f 8416 1682 8410
f 8416 8410 8409
f 3294 8411 4346
f 3294 4346 340
f 8411 8412 1683
f 8411 1683 4346
f 907 8410 8411
f 907 8411 3294
f 8410 1682 8412
f 8410 8412 8411
f 4345 8413 3137
f 4345 3137 104
f 8413 8414 800
f 8413 800 3137
f 1683 8412 8413
f 1683 8413 4345
f 8412 1682 8414
f 8412 8414 8413
f 3138 8415 4343
f 3138 4343 102
f 8415 8416 1681
f 8415 1681 4343
f 800 8414 8415
f 800 8415 3138
f 8414 1682 8416
f 8414 8416 8415
f 4346 8417 3313
f 4346 3313 340
f 8417 8418 920
f 8417 920 3313
f 1683 8424 8417
f 1683 8417 4346
f 8424 1684 8418
f 8424 8418 8417
f 3314 8419 4348
f 3314 4348 341
f 8419 8420 1685
f 8419 1685 4348
f 920 8418 8419
f 920 8419 3314
f 8418 1684 8420
f 8418 8420 8419
f 4347 8421 3131
f 4347 3131 106
f 8421 8422 796
f 8421 796 3131
f 1685 8420 8421
f 1685 8421 4347
f 8420 1684 8422
f 8420 8422 8421
f 3132 8423 4345
f 3132 4345 104
f 8423 8424 1683
f 8423 1683 4345
f 796 8422 8423
f 796 8423 3132
f 8422 1684 8424
f 8422 8424 8423
f 4348 8425 3319
f 4348 3319 341
f 8425 8426 924
f 8425 924 3319
f 1685 8432 8425
f 1685 8425 4348
f 8432 1686 8426
f 8432 8426 8425
f 3320 8427 4350
f 3320 4350 342
f 8427 8428 1687
f 8427 1687 4350
f 924 8426 8427
f 924 8427 3320
f 8426 1686 8428
f 8426 8428 8427
f 4349 8429 3125
f 4349 3125 108
f 8429 8430 792
f 8429 792 3125
f 1687 8428 8429
f 1687 8429 4349
f 8428 1686 8430
f 8428 8430 8429
f 3126 8431 4347
f 3126 4347 106
f 8431 8432 1685
f 8431 1685 4347
f 792 8430 8431
f 792 8431 3126
f 8430 1686 8432
f 8430 8432 8431
f 4350 8433 3335
f 4350 3335 342
f 8433 8434 935
f 8433 935 3335
f 1687 8440 8433
f 1687 8433 4350
f 8440 1688 8434
f 8440 8434 8433
f 3336 8435 4352
f 3336 4352 343
f 8435 8436 1689
f 8435 1689 4352
f 935 8434 8435
f 935 8435 3336
f 8434 1688 8436
f 8434 8436 8435
f 4351 8437 3119
f 4351 3119 110
f 8437 8438 788
f 8437 788 3119
f 1689 8436 8437
f 1689 8437 4351
f 8436 1688 8438
f 8436 8438 8437
f 3120 8439 4349
f 3120 4349 108
f 8439 8440 1687
f 8439 1687 4349
f 788 8438 8439
f 788 8439 3120
f 8438 1688 8440
f 8438 8440 8439
f 4353 8441 4356
f 4353 4356 379
f 8441 8442 1692
f 8441 1692 4356
f 1691 8448 8441
f 1691 8441 4353
f 8448 1690 8442
f 8448 8442 8441
f 4355 8443 4358
f 4355 4358 380
f 8443 8444 1693
f 8443 1693 4358
f 1692 8442 8443
f 1692 8443 4355
f 8442 1690 8444
f 8442 8444 8443
f 4357 8445 4360
f 4357 4360 287
f 8445 8446 1694
f 8445 1694 4360
f 1693 8444 8445
f 1693 8445 4357
f 8444 1690 8446
f 8444 8446 8445
f 4359 8447 4354
f 4359 4354 286
f 8447 8448 1691
f 8447 1691 4354
f 1694 8446 8447
f 1694 8447 4359
f 8446 1690 8448
f 8446 8448 8447
f 4358 8449 4362
f 4358 4362 380
f 8449 8450 1696
f 8449 1696 4362
f 1693 8456 8449
f 1693 8449 4358
f 8456 1695 8450
f 8456 8450 8449
f 4361 8451 4364
f 4361 4364 381
f 8451 8452 1697
f 8451 1697 4364
f 1696 8450 8451
f 1696 8451 4361
f 8450 1695 8452
f 8450 8452 8451
f 4363 8453 4366
f 4363 4366 288
f 8453 8454 1698
f 8453 1698 4366
f 1697 8452 8453
f 1697 8453 4363
f 8452 1695 8454
f 8452 8454 8453
f 4365 8455 4357
f 4365 4357 287
f 8455 8456 1693
f 8455 1693 4357
f 1698 8454 8455
f 1698 8455 4365
f 8454 1695 8456
f 8454 8456 8455
f 4364 8457 4368
f 4364 4368 381
f 8457 8458 1700
f 8457 1700 4368
f 1697 8464 8457
f 1697 8457 4364
f 8464 1699 8458
f 8464 8458 8457
f 4367 8459 4370
f 4367 4370 382
f 8459 8460 1701
f 8459 1701 4370
f 1700 8458 8459
f 1700 8459 4367
f 8458 1699 8460
f 8458 8460 8459
f 4369 8461 4372
f 4369 4372 289
f 8461 8462 1702
f 8461 1702 4372
f 1701 8460 8461
f 1701 8461 4369
f 8460 1699 8462
f 8460 8462 8461
f 4371 8463 4363
f 4371 4363 288
f 8463 8464 1697
f 8463 1697 4363
f 1702 8462 8463
f 1702 8463 4371
f 8462 1699 8464
f 8462 8464 8463
f 4370 8465 4374
f 4370 4374 382
f 8465 8466 1704
f 8465 1704 4374
f 1701 8472 8465
f 1701 8465 4370
f 8472 1703 8466
f 8472 8466 8465
f 4373 8467 4376
f 4373 4376 383
f 8467 8468 1705
f 8467 1705 4376
f 1704 8466 8467
f 1704 8467 4373
f 8466 1703 8468
f 8466 8468 8467
f 4375 8469 4378
f 4375 4378 290
f 8469 8470 1706
f 8469 1706 4378
f 1705 8468 8469
f 1705 8469 4375
f 8468 1703 8470
f 8468 8470 8469
f 4377 8471 4369
f 4377 4369 289
f 8471 8472 1701
f 8471 1701 4369
f 1706 8470 8471
f 1706 8471 4377
f 8470 1703 8472
f 8470 8472 8471
f 4376 8473 4380
f 4376 4380 383
f 8473 8474 1708
f 8473 1708 4380
f 1705 8480 8473
f 1705 8473 4376
f 8480 1707 8474
f 8480 8474 8473
f 4379 8475 4382
f 4379 4382 384
f 8475 8476 1709
f 8475 1709 4382
f 1708 8474 8475
f 1708 8475 4379
f 8474 1707 8476
f 8474 8476 8475
f 4381 8477 4384
f 4381 4384 291
f 8477 8478 1710
f 8477 1710 4384
f 1709 8476 8477
f 1709 8477 4381
f 8476 1707 8478
f 8476 8478 8477
f 4383 8479 4375
f 4383 4375 290
f 8479 8480 1705
f 8479 1705 4375
f 1710 8478 8479
f 1710 8479 4383
f 8478 1707 8480
f 8478 8480 8479
f 4382 8481 4386
f 4382 4386 384
f 8481 8482 1712
f 8481 1712 4386
f 1709 8488 8481
f 1709 8481 4382
f 8488 1711 8482
f 8488 8482 8481
f 4385 8483 4388
f 4385 4388 385
f 8483 8484 1713
f 8483 1713 4388
f 1712 8482 8483
f 1712 8483 4385
f 8482 1711 8484
f 8482 8484 8483
f 4387 8485 4390
f 4387 4390 292
f 8485 8486 1714
f 8485 1714 4390
f 1713 8484 8485
f 1713 8485 4387
f 8484 1711 8486
f 8484 8486 8485
f 4389 8487 4381
f 4389 4381 291
f 8487 8488 1709
f 8487 1709 4381
f 1714 8486 8487
f 1714 8487 4389
f 8486 1711 8488
f 8486 8488 8487
f 4388 8489 4392
f 4388 4392 385
f 8489 8490 1716
f 8489 1716 4392
f 1713 8496 8489
f 1713 8489 4388
f 8496 1715 8490
f 8496 8490 8489
f 4391 8491 4394
f 4391 4394 386
f 8491 8492 1717
f 8491 1717 4394
f 1716 8490 8491
f 1716 8491 4391
f 8490 1715 8492
f 8490 8492 8491
f 4393 8493 4396
f 4393 4396 293
f 8493 8494 1718
f 8493 1718 4396
f 1717 8492 8493
f 1717 8493 4393
f 8492 1715 8494
f 8492 8494 8493
f 4395 8495 4387
f 4395 4387 292
f 8495 8496 1713
f 8495 1713 4387
f 1718 8494 8495
f 1718 8495 4395
f 8494 1715 8496
f 8494 8496 8495
f 4394 8497 4398
f 4394 4398 386
f 8497 8498 1720
f 8497 1720 4398
f 1717 8504 8497
f 1717 8497 4394
f 8504 1719 8498
f 8504 8498 8497
f 4397 8499 4400
f 4397 4400 387
f 8499 8500 1721
f 8499 1721 4400
f 1720 8498 8499
f 1720 8499 4397
f 8498 1719 8500
f 8498 8500 8499
f 4399 8501 4402
f 4399 4402 294
f 8501 8502 1722
f 8501 1722 4402
f 1721 8500 8501
f 1721 8501 4399
f 8500 1719 8502
f 8500 8502 8501
f 4401 8503 4393
f 4401 4393 293
f 8503 8504 1717
f 8503 1717 4393
f 1722 8502 8503
f 1722 8503 4401
f 8502 1719 8504
f 8502 8504 8503
f 4400 8505 4404
f 4400 4404 387
f 8505 8506 1724
f 8505 1724 4404
f 1721 8512 8505
f 1721 8505 4400
f 8512 1723 8506
f 8512 8506 8505
f 4403 8507 4406
f 4403 4406 388
f 8507 8508 1725
f 8507 1725 4406
f 1724 8506 8507
f 1724 8507 4403
f 8506 1723 8508
f 8506 8508 8507
f 4405 8509 4408
f 4405 4408 295
f 8509 8510 1726
f 8509 1726 4408
f 1725 8508 8509
f 1725 8509 4405
f 8508 1723 8510
f 8508 8510 8509
f 4407 8511 4399
f 4407 4399 294
f 8511 8512 1721
f 8511 1721 4399
f 1726 8510 8511
f 1726 8511 4407
f 8510 1723 8512
f 8510 8512 8511
f 4406 8513 4410
f 4406 4410 388
f 8513 8514 1728
f 8513 1728 4410
f 1725 8520 8513
f 1725 8513 4406
f 8520 1727 8514
f 8520 8514 8513
f 4409 8515 4412
f 4409 4412 389
f 8515 8516 1729
f 8515 1729 4412
f 1728 8514 8515
f 1728 8515 4409
f 8514 1727 8516
f 8514 8516 8515
f 4411 8517 4414
f 4411 4414 296
f 8517 8518 1730
f 8517 1730 4414
f 1729 8516 8517
f 1729 8517 4411
f 8516 1727 8518
f 8516 8518 8517
f 4413 8519 4405
f 4413 4405 295
f 8519 8520 1725
f 8519 1725 4405
f 1730 8518 8519
f 1730 8519 4413
f 8518 1727 8520
f 8518 8520 8519
f 4412 8521 4416
f 4412 4416 389
f 8521 8522 1732
f 8521 1732 4416
f 1729 8528 8521
f 1729 8521 4412
f 8528 1731 8522
f 8528 8522 8521
f 4415 8523 4418
f 4415 4418 390
f 8523 8524 1733
f 8523 1733 4418
f 1732 8522 8523
f 1732 8523 4415
f 8522 1731 8524
f 8522 8524 8523
f 4417 8525 4420
f 4417 4420 297
f 8525 8526 1734
f 8525 1734 4420
f 1733 8524 8525
f 1733 8525 4417
f 8524 1731 8526
f 8524 8526 8525
f 4419 8527 4411
f 4419 4411 296
f 8527 8528 1729
f 8527 1729 4411
f 1734 8526 8527
f 1734 8527 4419
f 8526 1731 8528
f 8526 8528 8527
f 4418 8529 4422
f 4418 4422 390
f 8529 8530 1736
f 8529 1736 4422
f 1733 8536 8529
f 1733 8529 4418
f 8536 1735 8530
f 8536 8530 8529
f 4421 8531 4424
f 4421 4424 391
f 8531 8532 1737
f 8531 1737 4424
f 1736 8530 8531
f 1736 8531 4421
f 8530 1735 8532
f 8530 8532 8531
f 4423 8533 4426
f 4423 4426 298
f 8533 8534 1738
f 8533 1738 4426
f 1737 8532 8533
f 1737 8533 4423
f 8532 1735 8534
f 8532 8534 8533
f 4425 8535 4417
f 4425 4417 297
f 8535 8536 1733
f 8535 1733 4417
f 1738 8534 8535
f 1738 8535 4425
f 8534 1735 8536
f 8534 8536 8535
f 4424 8537 4428
f 4424 4428 391
f 8537 8538 1740
f 8537 1740 4428
f 1737 8544 8537
f 1737 8537 4424
f 8544 1739 8538
f 8544 8538 8537
f 4427 8539 4307
f 4427 4307 362
f 8539 8540 1651
f 8539 1651 4307
f 1740 8538 8539
f 1740 8539 4427
f 8538 1739 8540
f 8538 8540 8539
f 4308 8541 4430
f 4308 4430 299
f 8541 8542 1741
f 8541 1741 4430
f 1651 8540 8541
f 1651 8541 4308
f 8540 1739 8542
f 8540 8542 8541
f 4429 8543 4423
f 4429 4423 298
f 8543 8544 1737
f 8543 1737 4423
f 1741 8542 8543
f 1741 8543 4429
f 8542 1739 8544
f 8542 8544 8543
f 4431 8545 4313
f 4431 4313 299
f 8545 8546 1654
f 8545 1654 4313
f 1743 8552 8545
f 1743 8545 4431
f 8552 1742 8546
f 8552 8546 8545
f 4314 8547 4434
f 4314 4434 300
f 8547 8548 1744
f 8547 1744 4434
f 1654 8546 8547
f 1654 8547 4314
f 8546 1742 8548
f 8546 8548 8547
f 4433 8549 4436
f 4433 4436 406
f 8549 8550 1745
f 8549 1745 4436
f 1744 8548 8549
f 1744 8549 4433
f 8548 1742 8550
f 8548 8550 8549
f 4435 8551 4432
f 4435 4432 366
f 8551 8552 1743
f 8551 1743 4432
f 1745 8550 8551
f 1745 8551 4435
f 8550 1742 8552
f 8550 8552 8551
f 4434 8553 4319
f 4434 4319 300
f 8553 8554 1658
f 8553 1658 4319
f 1744 8560 8553
f 1744 8553 4434
f 8560 1746 8554
f 8560 8554 8553
f 4320 8555 4438
f 4320 4438 271
f 8555 8556 1747
f 8555 1747 4438
f 1658 8554 8555
f 1658 8555 4320
f 8554 1746 8556
f 8554 8556 8555
f 4437 8557 4440
f 4437 4440 404
f 8557 8558 1748
f 8557 1748 4440
f 1747 8556 8557
f 1747 8557 4437
f 8556 1746 8558
f 8556 8558 8557
f 4439 8559 4433
f 4439 4433 406
f 8559 8560 1744
f 8559 1744 4433
f 1748 8558 8559
f 1748 8559 4439
f 8558 1746 8560
f 8558 8560 8559
f 4352 8561 3341
f 4352 3341 343
f 8561 8562 939
f 8561 939 3341
f 1689 8568 8561
f 1689 8561 4352
f 8568 1749 8562
f 8568 8562 8561
f 3342 8563 4442
f 3342 4442 344
f 8563 8564 1750
f 8563 1750 4442
f 939 8562 8563
f 939 8563 3342
f 8562 1749 8564
f 8562 8564 8563
f 4441 8565 3113
f 4441 3113 112
f 8565 8566 784
f 8565 784 3113
f 1750 8564 8565
f 1750 8565 4441
f 8564 1749 8566
f 8564 8566 8565
f 3114 8567 4351
f 3114 4351 110
f 8567 8568 1689
f 8567 1689 4351
f 784 8566 8567
f 784 8567 3114
f 8566 1749 8568
f 8566 8568 8567
f 4442 8569 3357
f 4442 3357 344
f 8569 8570 950
f 8569 950 3357
f 1750 8576 8569
f 1750 8569 4442
f 8576 1751 8570
f 8576 8570 8569
f 3358 8571 4444
f 3358 4444 345
f 8571 8572 1752
f 8571 1752 4444
f 950 8570 8571
f 950 8571 3358
f 8570 1751 8572
f 8570 8572 8571
f 4443 8573 3107
f 4443 3107 114
f 8573 8574 780
f 8573 780 3107
f 1752 8572 8573
f 1752 8573 4443
f 8572 1751 8574
f 8572 8574 8573
f 3108 8575 4441
f 3108 4441 112
f 8575 8576 1750
f 8575 1750 4441
f 780 8574 8575
f 780 8575 3108
f 8574 1751 8576
f 8574 8576 8575
f 4444 8577 3363
f 4444 3363 345
f 8577 8578 954
f 8577 954 3363
f 1752 8584 8577
f 1752 8577 4444
f 8584 1753 8578
f 8584 8578 8577
f 3364 8579 4446
f 3364 4446 346
f 8579 8580 1754
f 8579 1754 4446
f 954 8578 8579
f 954 8579 3364
f 8578 1753 8580
f 8578 8580 8579
f 4445 8581 3101
f 4445 3101 116
f 8581 8582 776
f 8581 776 3101
f 1754 8580 8581
f 1754 8581 4445
f 8580 1753 8582
f 8580 8582 8581
f 3102 8583 4443
f 3102 4443 114
f 8583 8584 1752
f 8583 1752 4443
f 776 8582 8583
f 776 8583 3102
f 8582 1753 8584
f 8582 8584 8583
f 4446 8585 3379
f 4446 3379 346
f 8585 8586 965
f 8585 965 3379
f 1754 8592 8585
f 1754 8585 4446
f 8592 1755 8586
f 8592 8586 8585
f 3380 8587 4448
f 3380 4448 347
f 8587 8588 1756
f 8587 1756 4448
f 965 8586 8587
f 965 8587 3380
f 8586 1755 8588
f 8586 8588 8587
f 4447 8589 3093
f 4447 3093 118
f 8589 8590 771
f 8589 771 3093
f 1756 8588 8589
f 1756 8589 4447
f 8588 1755 8590
f 8588 8590 8589
f 3094 8591 4445
f 3094 4445 116
f 8591 8592 1754
f 8591 1754 4445
f 771 8590 8591
f 771 8591 3094
f 8590 1755 8592
f 8590 8592 8591
f 4448 8593 3383
f 4448 3383 347
f 8593 8594 968
f 8593 968 3383
f 1756 8600 8593
f 1756 8593 4448
f 8600 1757 8594
f 8600 8594 8593
f 3384 8595 4450
f 3384 4450 348
f 8595 8596 1758
f 8595 1758 4450
f 968 8594 8595
f 968 8595 3384
f 8594 1757 8596
f 8594 8596 8595
f 4449 8597 3179
f 4449 3179 120
f 8597 8598 828
f 8597 828 3179
f 1758 8596 8597
f 1758 8597 4449
f 8596 1757 8598
f 8596 8598 8597
f 3180 8599 4447
f 3180 4447 118
f 8599 8600 1756
f 8599 1756 4447
f 828 8598 8599
f 828 8599 3180
f 8598 1757 8600
f 8598 8600 8599
f 4450 8601 3185
f 4450 3185 348
f 8601 8602 832
f 8601 832 3185
f 1758 8608 8601
f 1758 8601 4450
f 8608 1759 8602
f 8608 8602 8601
f 3186 8603 4452
f 3186 4452 365
f 8603 8604 1760
f 8603 1760 4452
f 832 8602 8603
f 832 8603 3186
f 8602 1759 8604
f 8602 8604 8603
f 4451 8605 3173
f 4451 3173 62
f 8605 8606 824
f 8605 824 3173
f 1760 8604 8605
f 1760 8605 4451
f 8604 1759 8606
f 8604 8606 8605
f 3174 8607 4449
f 3174 4449 120
f 8607 8608 1758
f 8607 1758 4449
f 824 8606 8607
f 824 8607 3174
f 8606 1759 8608
f 8606 8608 8607
f 4453 8609 4456
f 4453 4456 369
f 8609 8610 1763
f 8609 1763 4456
f 1762 8616 8609
f 1762 8609 4453
f 8616 1761 8610
f 8616 8610 8609
f 4455 8611 4458
f 4455 4458 371
f 8611 8612 1764
f 8611 1764 4458
f 1763 8610 8611
f 1763 8611 4455
f 8610 1761 8612
f 8610 8612 8611
f 4457 8613 4460
f 4457 4460 368
f 8613 8614 1765
f 8613 1765 4460
f 1764 8612 8613
f 1764 8613 4457
f 8612 1761 8614
f 8612 8614 8613
f 4459 8615 4454
f 4459 4454 366
f 8615 8616 1762
f 8615 1762 4454
f 1765 8614 8615
f 1765 8615 4459
f 8614 1761 8616
f 8614 8616 8615
f 4458 8617 4462
f 4458 4462 371
f 8617 8618 1767
f 8617 1767 4462
f 1764 8624 8617
f 1764 8617 4458
f 8624 1766 8618
f 8624 8618 8617
f 4461 8619 4464
f 4461 4464 373
f 8619 8620 1768
f 8619 1768 4464
f 1767 8618 8619
f 1767 8619 4461
f 8618 1766 8620
f 8618 8620 8619
f 4463 8621 4466
f 4463 4466 370
f 8621 8622 1769
f 8621 1769 4466
f 1768 8620 8621
f 1768 8621 4463
f 8620 1766 8622
f 8620 8622 8621
f 4465 8623 4457
f 4465 4457 368
f 8623 8624 1764
f 8623 1764 4457
f 1769 8622 8623
f 1769 8623 4465
f 8622 1766 8624
f 8622 8624 8623
f 4464 8625 4468
f 4464 4468 373
f 8625 8626 1771
f 8625 1771 4468
f 1768 8632 8625
f 1768 8625 4464
f 8632 1770 8626
f 8632 8626 8625
f 4467 8627 4470
f 4467 4470 375
f 8627 8628 1772
f 8627 1772 4470
f 1771 8626 8627
f 1771 8627 4467
f 8626 1770 8628
f 8626 8628 8627
f 4469 8629 4472
f 4469 4472 372
f 8629 8630 1773
f 8629 1773 4472
f 1772 8628 8629
f 1772 8629 4469
f 8628 1770 8630
f 8628 8630 8629
f 4471 8631 4463
f 4471 4463 370
f 8631 8632 1768
f 8631 1768 4463
f 1773 8630 8631
f 1773 8631 4471
f 8630 1770 8632
f 8630 8632 8631
f 4470 8633 4474
f 4470 4474 375
f 8633 8634 1775
f 8633 1775 4474
f 1772 8640 8633
f 1772 8633 4470
f 8640 1774 8634
f 8640 8634 8633
f 4473 8635 4476
f 4473 4476 377
f 8635 8636 1776
f 8635 1776 4476
f 1775 8634 8635
f 1775 8635 4473
f 8634 1774 8636
f 8634 8636 8635
f 4475 8637 4478
f 4475 4478 374
f 8637 8638 1777
f 8637 1777 4478
f 1776 8636 8637
f 1776 8637 4475
f 8636 1774 8638
f 8636 8638 8637
f 4477 8639 4469
f 4477 4469 372
f 8639 8640 1772
f 8639 1772 4469
f 1777 8638 8639
f 1777 8639 4477
f 8638 1774 8640
f 8638 8640 8639
f 4476 8641 4480
f 4476 4480 377
f 8641 8642 1779
f 8641 1779 4480
f 1776 8648 8641
f 1776 8641 4476
f 8648 1778 8642
f 8648 8642 8641
f 4479 8643 4482
f 4479 4482 399
f 8643 8644 1780
f 8643 1780 4482
f 1779 8642 8643
f 1779 8643 4479
f 8642 1778 8644
f 8642 8644 8643
f 4481 8645 4484
f 4481 4484 376
f 8645 8646 1781
f 8645 1781 4484
f 1780 8644 8645
f 1780 8645 4481
f 8644 1778 8646
f 8644 8646 8645
f 4483 8647 4475
f 4483 4475 374
f 8647 8648 1776
f 8647 1776 4475
f 1781 8646 8647
f 1781 8647 4483
f 8646 1778 8648
f 8646 8648 8647
f 4482 8649 4486
f 4482 4486 399
f 8649 8650 1783
f 8649 1783 4486
f 1780 8656 8649
f 1780 8649 4482
f 8656 1782 8650
f 8656 8650 8649
f 4485 8651 4488
f 4485 4488 401
f 8651 8652 1784
f 8651 1784 4488
f 1783 8650 8651
f 1783 8651 4485
f 8650 1782 8652
f 8650 8652 8651
f 4487 8653 4490
f 4487 4490 378
f 8653 8654 1785
f 8653 1785 4490
f 1784 8652 8653
f 1784 8653 4487
f 8652 1782 8654
f 8652 8654 8653
f 4489 8655 4481
f 4489 4481 376
f 8655 8656 1780
f 8655 1780 4481
f 1785 8654 8655
f 1785 8655 4489
f 8654 1782 8656
f 8654 8656 8655
f 4488 8657 4492
f 4488 4492 401
f 8657 8658 1787
f 8657 1787 4492
f 1784 8664 8657
f 1784 8657 4488
f 8664 1786 8658
f 8664 8658 8657
f 4491 8659 4494
f 4491 4494 403
f 8659 8660 1788
f 8659 1788 4494
f 1787 8658 8659
f 1787 8659 4491
f 8658 1786 8660
f 8658 8660 8659
f 4493 8661 4496
f 4493 4496 400
f 8661 8662 1789
f 8661 1789 4496
f 1788 8660 8661
f 1788 8661 4493
f 8660 1786 8662
f 8660 8662 8661
f 4495 8663 4487
f 4495 4487 378
f 8663 8664 1784
f 8663 1784 4487
f 1789 8662 8663
f 1789 8663 4495
f 8662 1786 8664
f 8662 8664 8663
f 4494 8665 4498
f 4494 4498 403
f 8665 8666 1791
f 8665 1791 4498
f 1788 8672 8665
f 1788 8665 4494
f 8672 1790 8666
f 8672 8666 8665
f 4497 8667 4500
f 4497 4500 392
f 8667 8668 1792
f 8667 1792 4500
f 1791 8666 8667
f 1791 8667 4497
f 8666 1790 8668
f 8666 8668 8667
f 4499 8669 4502
f 4499 4502 402
f 8669 8670 1793
f 8669 1793 4502
f 1792 8668 8669
f 1792 8669 4499
f 8668 1790 8670
f 8668 8670 8669
f 4501 8671 4493
f 4501 4493 400
f 8671 8672 1788
f 8671 1788 4493
f 1793 8670 8671
f 1793 8671 4501
f 8670 1790 8672
f 8670 8672 8671
f 4500 8673 4504
f 4500 4504 392
f 8673 8674 1795
f 8673 1795 4504
f 1792 8680 8673
f 1792 8673 4500
f 8680 1794 8674
f 8680 8674 8673
f 4503 8675 4506
f 4503 4506 393
f 8675 8676 1796
f 8675 1796 4506
f 1795 8674 8675
f 1795 8675 4503
f 8674 1794 8676
f 8674 8676 8675
f 4505 8677 4508
f 4505 4508 409
f 8677 8678 1797
f 8677 1797 4508
f 1796 8676 8677
f 1796 8677 4505
f 8676 1794 8678
f 8676 8678 8677
f 4507 8679 4499
f 4507 4499 402
f 8679 8680 1792
f 8679 1792 4499
f 1797 8678 8679
f 1797 8679 4507
f 8678 1794 8680
f 8678 8680 8679
f 4509 8681 4359
f 4509 4359 286
f 8681 8682 1694
f 8681 1694 4359
f 1799 8688 8681
f 1799 8681 4509
f 8688 1798 8682
f 8688 8682 8681
f 4360 8683 4512
f 4360 4512 287
f 8683 8684 1800
f 8683 1800 4512
f 1694 8682 8683
f 1694 8683 4360
f 8682 1798 8684
f 8682 8684 8683
f 4511 8685 4514
f 4511 4514 408
f 8685 8686 1801
f 8685 1801 4514
f 1800 8684 8685
f 1800 8685 4511
f 8684 1798 8686
f 8684 8686 8685
f 4513 8687 4510
f 4513 4510 405
f 8687 8688 1799
f 8687 1799 4510
f 1801 8686 8687
f 1801 8687 4513
f 8686 1798 8688
f 8686 8688 8687
f 4512 8689 4365
f 4512 4365 287
f 8689 8690 1698
f 8689 1698 4365
f 1800 8696 8689
f 1800 8689 4512
f 8696 1802 8690
f 8696 8690 8689
f 4366 8691 4516
f 4366 4516 288
f 8691 8692 1803
f 8691 1803 4516
f 1698 8690 8691
f 1698 8691 4366
f 8690 1802 8692
f 8690 8692 8691
f 4515 8693 4518
f 4515 4518 407
f 8693 8694 1804
f 8693 1804 4518
f 1803 8692 8693
f 1803 8693 4515
f 8692 1802 8694
f 8692 8694 8693
f 4517 8695 4511
f 4517 4511 408
f 8695 8696 1800
f 8695 1800 4511
f 1804 8694 8695
f 1804 8695 4517
f 8694 1802 8696
f 8694 8696 8695
f 4516 8697 4371
f 4516 4371 288
f 8697 8698 1702
f 8697 1702 4371
f 1803 8704 8697
f 1803 8697 4516
f 8704 1805 8698
f 8704 8698 8697
f 4372 8699 4520
f 4372 4520 289
f 8699 8700 1806
f 8699 1806 4520
f 1702 8698 8699
f 1702 8699 4372
f 8698 1805 8700
f 8698 8700 8699
f 4519 8701 4522
f 4519 4522 410
f 8701 8702 1807
f 8701 1807 4522
f 1806 8700 8701
f 1806 8701 4519
f 8700 1805 8702
f 8700 8702 8701
f 4521 8703 4515
f 4521 4515 407
f 8703 8704 1803
f 8703 1803 4515
f 1807 8702 8703
f 1807 8703 4521
f 8702 1805 8704
f 8702 8704 8703
f 4520 8705 4377
f 4520 4377 289
f 8705 8706 1706
f 8705 1706 4377
f 1806 8712 8705
f 1806 8705 4520
f 8712 1808 8706
f 8712 8706 8705
f 4378 8707 4524
f 4378 4524 290
f 8707 8708 1809
f 8707 1809 4524
f 1706 8706 8707
f 1706 8707 4378
f 8706 1808 8708
f 8706 8708 8707
f 4523 8709 4526
f 4523 4526 409
f 8709 8710 1810
f 8709 1810 4526
f 1809 8708 8709
f 1809 8709 4523
f 8708 1808 8710
f 8708 8710 8709
f 4525 8711 4519
f 4525 4519 410
f 8711 8712 1806
f 8711 1806 4519
f 1810 8710 8711
f 1810 8711 4525
f 8710 1808 8712
f 8710 8712 8711
f 4524 8713 4383
f 4524 4383 290
f 8713 8714 1710
f 8713 1710 4383
f 1809 8720 8713
f 1809 8713 4524
f 8720 1811 8714
f 8720 8714 8713
f 4384 8715 4528
f 4384 4528 291
f 8715 8716 1812
f 8715 1812 4528
f 1710 8714 8715
f 1710 8715 4384
f 8714 1811 8716
f 8714 8716 8715
f 4527 8717 4507
f 4527 4507 402
f 8717 8718 1797
f 8717 1797 4507
f 1812 8716 8717
f 1812 8717 4527
f 8716 1811 8718
f 8716 8718 8717
f 4508 8719 4523
f 4508 4523 409
f 8719 8720 1809
f 8719 1809 4523
f 1797 8718 8719
f 1797 8719 4508
f 8718 1811 8720
f 8718 8720 8719
f 4528 8721 4389
f 4528 4389 291
f 8721 8722 1714
f 8721 1714 4389
f 1812 8728 8721
f 1812 8721 4528
f 8728 1813 8722
f 8728 8722 8721
f 4390 8723 4530
f 4390 4530 292
f 8723 8724 1814
f 8723 1814 4530
f 1714 8722 8723
f 1714 8723 4390
f 8722 1813 8724
f 8722 8724 8723
f 4529 8725 4501
f 4529 4501 400
f 8725 8726 1793
f 8725 1793 4501
f 1814 8724 8725
f 1814 8725 4529
f 8724 1813 8726
f 8724 8726 8725
f 4502 8727 4527
f 4502 4527 402
f 8727 8728 1812
f 8727 1812 4527
f 1793 8726 8727
f 1793 8727 4502
f 8726 1813 8728
f 8726 8728 8727
f 4530 8729 4395
f 4530 4395 292
f 8729 8730 1718
f 8729 1718 4395
f 1814 8736 8729
f 1814 8729 4530
f 8736 1815 8730
f 8736 8730 8729
f 4396 8731 4532
f 4396 4532 293
f 8731 8732 1816
f 8731 1816 4532
f 1718 8730 8731
f 1718 8731 4396
f 8730 1815 8732
f 8730 8732 8731
f 4531 8733 4495
f 4531 4495 378
f 8733 8734 1789
f 8733 1789 4495
f 1816 8732 8733
f 1816 8733 4531
f 8732 1815 8734
f 8732 8734 8733
f 4496 8735 4529
f 4496 4529 400
f 8735 8736 1814
f 8735 1814 4529
f 1789 8734 8735
f 1789 8735 4496
f 8734 1815 8736
f 8734 8736 8735
f 4532 8737 4401
f 4532 4401 293
f 8737 8738 1722
f 8737 1722 4401
f 1816 8744 8737
f 1816 8737 4532
f 8744 1817 8738
f 8744 8738 8737
f 4402 8739 4534
f 4402 4534 294
f 8739 8740 1818
f 8739 1818 4534
f 1722 8738 8739
f 1722 8739 4402
f 8738 1817 8740
f 8738 8740 8739
f 4533 8741 4489
f 4533 4489 376
f 8741 8742 1785
f 8741 1785 4489
f 1818 8740 8741
f 1818 8741 4533
f 8740 1817 8742
f 8740 8742 8741
f 4490 8743 4531
f 4490 4531 378
f 8743 8744 1816
f 8743 1816 4531
f 1785 8742 8743
f 1785 8743 4490
f 8742 1817 8744
f 8742 8744 8743
f 4534 8745 4407
f 4534 4407 294
f 8745 8746 1726
f 8745 1726 4407
f 1818 8752 8745
f 1818 8745 4534
f 8752 1819 8746
f 8752 8746 8745
f 4408 8747 4536
f 4408 4536 295
f 8747 8748 1820
f 8747 1820 4536
f 1726 8746 8747
f 1726 8747 4408
f 8746 1819 8748
f 8746 8748 8747
f 4535 8749 4483
f 4535 4483 374
f 8749 8750 1781
f 8749 1781 4483
f 1820 8748 8749
f 1820 8749 4535
f 8748 1819 8750
f 8748 8750 8749
f 4484 8751 4533
f 4484 4533 376
f 8751 8752 1818
f 8751 1818 4533
f 1781 8750 8751
f 1781 8751 4484
f 8750 1819 8752
f 8750 8752 8751
f 4536 8753 4413
f 4536 4413 295
f 8753 8754 1730
f 8753 1730 4413
f 1820 8760 8753
f 1820 8753 4536
f 8760 1821 8754
f 8760 8754 8753
f 4414 8755 4538
f 4414 4538 296
f 8755 8756 1822
f 8755 1822 4538
f 1730 8754 8755
f 1730 8755 4414
f 8754 1821 8756
f 8754 8756 8755
f 4537 8757 4477
f 4537 4477 372
f 8757 8758 1777
f 8757 1777 4477
f 1822 8756 8757
f 1822 8757 4537
f 8756 1821 8758
f 8756 8758 8757
f 4478 8759 4535
f 4478 4535 374
f 8759 8760 1820
f 8759 1820 4535
f 1777 8758 8759
f 1777 8759 4478
f 8758 1821 8760
f 8758 8760 8759
f 4538 8761 4419
f 4538 4419 296
f 8761 8762 1734
f 8761 1734 4419
f 1822 8768 8761
f 1822 8761 4538
f 8768 1823 8762
f 8768 8762 8761
f 4420 8763 4540
f 4420 4540 297
f 8763 8764 1824
f 8763 1824 4540
f 1734 8762 8763
f 1734 8763 4420
f 8762 1823 8764
f 8762 8764 8763
f 4539 8765 4471
f 4539 4471 370
f 8765 8766 1773
f 8765 1773 4471
f 1824 8764 8765
f 1824 8765 4539
f 8764 1823 8766
f 8764 8766 8765
f 4472 8767 4537
f 4472 4537 372
f 8767 8768 1822
f 8767 1822 4537
f 1773 8766 8767
f 1773 8767 4472
f 8766 1823 8768
f 8766 8768 8767
f 4540 8769 4425
f 4540 4425 297
f 8769 8770 1738
f 8769 1738 4425
f 1824 8776 8769
f 1824 8769 4540
f 8776 1825 8770
f 8776 8770 8769
f 4426 8771 4542
f 4426 4542 298
f 8771 8772 1826
f 8771 1826 4542
f 1738 8770 8771
f 1738 8771 4426
f 8770 1825 8772
f 8770 8772 8771
f 4541 8773 4465
f 4541 4465 368
f 8773 8774 1769
f 8773 1769 4465
f 1826 8772 8773
f 1826 8773 4541
f 8772 1825 8774
f 8772 8774 8773
f 4466 8775 4539
f 4466 4539 370
f 8775 8776 1824
f 8775 1824 4539
f 1769 8774 8775
f 1769 8775 4466
f 8774 1825 8776
f 8774 8776 8775
f 4542 8777 4429
f 4542 4429 298
f 8777 8778 1741
f 8777 1741 4429
f 1826 8784 8777
f 1826 8777 4542
f 8784 1827 8778
f 8784 8778 8777
f 4430 8779 4431
f 4430 4431 299
f 8779 8780 1743
f 8779 1743 4431
f 1741 8778 8779
f 1741 8779 4430
f 8778 1827 8780
f 8778 8780 8779
f 4432 8781 4459
f 4432 4459 366
f 8781 8782 1765
f 8781 1765 4459
f 1743 8780 8781
f 1743 8781 4432
f 8780 1827 8782
f 8780 8782 8781
f 4460 8783 4541
f 4460 4541 368
f 8783 8784 1826
f 8783 1826 4541
f 1765 8782 8783
f 1765 8783 4460
f 8782 1827 8784
f 8782 8784 8783
f 4543 8785 4546
f 4543 4546 331
f 8785 8786 1830
f 8785 1830 4546
f 1829 8790 8785
f 1829 8785 4543
f 8790 1828 8786
f 8790 8786 8785
f 4545 8787 3257
f 4545 3257 301
f 8787 8788 883
f 8787 883 3257
f 1830 8786 8787
f 1830 8787 4545
f 8786 1828 8788
f 8786 8788 8787
f 3258 8789 4544
f 3258 4544 330
f 8789 8790 1829
f 8789 1829 4544
f 883 8788 8789
f 883 8789 3258
f 8788 1828 8790
f 8788 8790 8789
f 4547 8791 4550
f 4547 4550 302
f 8791 8792 1833
f 8791 1833 4550
f 1832 8796 8791
f 1832 8791 4547
f 8796 1831 8792
f 8796 8792 8791
f 4549 8793 4545
f 4549 4545 301
f 8793 8794 1830
f 8793 1830 4545
f 1833 8792 8793
f 1833 8793 4549
f 8792 1831 8794
f 8792 8794 8793
f 4546 8795 4548
f 4546 4548 331
f 8795 8796 1832
f 8795 1832 4548
f 1830 8794 8795
f 1830 8795 4546
f 8794 1831 8796
f 8794 8796 8795
f 4506 8797 4552
f 4506 4552 393
f 8797 8798 1835
f 8797 1835 4552
f 1796 8804 8797
f 1796 8797 4506
f 8804 1834 8798
f 8804 8798 8797
f 4551 8799 4554
f 4551 4554 394
f 8799 8800 1836
f 8799 1836 4554
f 1835 8798 8799
f 1835 8799 4551
f 8798 1834 8800
f 8798 8800 8799
f 4553 8801 4525
f 4553 4525 410
f 8801 8802 1810
f 8801 1810 4525
f 1836 8800 8801
f 1836 8801 4553
f 8800 1834 8802
f 8800 8802 8801
f 4526 8803 4505
f 4526 4505 409
f 8803 8804 1796
f 8803 1796 4505
f 1810 8802 8803
f 1810 8803 4526
f 8802 1834 8804
f 8802 8804 8803
f 4554 8805 4556
f 4554 4556 394
f 8805 8806 1838
f 8805 1838 4556
f 1836 8812 8805
f 1836 8805 4554
f 8812 1837 8806
f 8812 8806 8805
f 4555 8807 4558
f 4555 4558 395
f 8807 8808 1839
f 8807 1839 4558
f 1838 8806 8807
f 1838 8807 4555
f 8806 1837 8808
f 8806 8808 8807
f 4557 8809 4521
f 4557 4521 407
f 8809 8810 1807
f 8809 1807 4521
f 1839 8808 8809
f 1839 8809 4557
f 8808 1837 8810
f 8808 8810 8809
f 4522 8811 4553
f 4522 4553 410
f 8811 8812 1836
f 8811 1836 4553
f 1807 8810 8811
f 1807 8811 4522
f 8810 1837 8812
f 8810 8812 8811
f 4558 8813 4560
f 4558 4560 395
f 8813 8814 1841
f 8813 1841 4560
f 1839 8820 8813
f 1839 8813 4558
f 8820 1840 8814
f 8820 8814 8813
f 4559 8815 4562
f 4559 4562 396
f 8815 8816 1842
f 8815 1842 4562
f 1841 8814 8815
f 1841 8815 4559
f 8814 1840 8816
f 8814 8816 8815
f 4561 8817 4517
f 4561 4517 408
f 8817 8818 1804
f 8817 1804 4517
f 1842 8816 8817
f 1842 8817 4561
f 8816 1840 8818
f 8816 8818 8817
f 4518 8819 4557
f 4518 4557 407
f 8819 8820 1839
f 8819 1839 4557
f 1804 8818 8819
f 1804 8819 4518
f 8818 1840 8820
f 8818 8820 8819
f 4562 8821 4564
f 4562 4564 396
f 8821 8822 1844
f 8821 1844 4564
f 1842 8828 8821
f 1842 8821 4562
f 8828 1843 8822
f 8828 8822 8821
f 4563 8823 4566
f 4563 4566 397
f 8823 8824 1845
f 8823 1845 4566
f 1844 8822 8823
f 1844 8823 4563
f 8822 1843 8824
f 8822 8824 8823
f 4565 8825 4513
f 4565 4513 405
f 8825 8826 1801
f 8825 1801 4513
f 1845 8824 8825
f 1845 8825 4565
f 8824 1843 8826
f 8824 8826 8825
f 4514 8827 4561
f 4514 4561 408
f 8827 8828 1842
f 8827 1842 4561
f 1801 8826 8827
f 1801 8827 4514
f 8826 1843 8828
f 8826 8828 8827
f 4567 8829 4570
f 4567 4570 398
f 8829 8830 1848
f 8829 1848 4570
f 1847 8836 8829
f 1847 8829 4567
f 8836 1846 8830
f 8836 8830 8829
f 4569 8831 4572
f 4569 4572 367
f 8831 8832 1849
f 8831 1849 4572
f 1848 8830 8831
f 1848 8831 4569
f 8830 1846 8832
f 8830 8832 8831
f 4571 8833 4439
f 4571 4439 406
f 8833 8834 1748
f 8833 1748 4439
f 1849 8832 8833
f 1849 8833 4571
f 8832 1846 8834
f 8832 8834 8833
f 4440 8835 4568
f 4440 4568 404
f 8835 8836 1847
f 8835 1847 4568
f 1748 8834 8835
f 1748 8835 4440
f 8834 1846 8836
f 8834 8836 8835
f 4572 8837 4574
f 4572 4574 367
f 8837 8838 1851
f 8837 1851 4574
f 1849 8844 8837
f 1849 8837 4572
f 8844 1850 8838
f 8844 8838 8837
f 4573 8839 4453
f 4573 4453 369
f 8839 8840 1762
f 8839 1762 4453
f 1851 8838 8839
f 1851 8839 4573
f 8838 1850 8840
f 8838 8840 8839
f 4454 8841 4435
f 4454 4435 366
f 8841 8842 1745
f 8841 1745 4435
f 1762 8840 8841
f 1762 8841 4454
f 8840 1850 8842
f 8840 8842 8841
f 4436 8843 4571
f 4436 4571 406
f 8843 8844 1849
f 8843 1849 4571
f 1745 8842 8843
f 1745 8843 4436
f 8842 1850 8844
f 8842 8844 8843
f 4575 8845 3749
f 4575 3749 115
f 8845 8846 1215
f 8845 1215 3749
f 1853 8852 8845
f 1853 8845 4575
f 8852 1852 8846
f 8852 8846 8845
f 3750 8847 4578
f 3750 4578 117
f 8847 8848 1854
f 8847 1854 4578
f 1215 8846 8847
f 1215 8847 3750
f 8846 1852 8848
f 8846 8848 8847
f 4577 8849 4427
f 4577 4427 362
f 8849 8850 1740
f 8849 1740 4427
f 1854 8848 8849
f 1854 8849 4577
f 8848 1852 8850
f 8848 8850 8849
f 4428 8851 4576
f 4428 4576 391
f 8851 8852 1853
f 8851 1853 4576
f 1740 8850 8851
f 1740 8851 4428
f 8850 1852 8852
f 8850 8852 8851
f 4579 8853 3743
f 4579 3743 113
f 8853 8854 1211
f 8853 1211 3743
f 1856 8860 8853
f 1856 8853 4579
f 8860 1855 8854
f 8860 8854 8853
f 3744 8855 4575
f 3744 4575 115
f 8855 8856 1853
f 8855 1853 4575
f 1211 8854 8855
f 1211 8855 3744
f 8854 1855 8856
f 8854 8856 8855
f 4576 8857 4421
f 4576 4421 391
f 8857 8858 1736
f 8857 1736 4421
f 1853 8856 8857
f 1853 8857 4576
f 8856 1855 8858
f 8856 8858 8857
f 4422 8859 4580
f 4422 4580 390
f 8859 8860 1856
f 8859 1856 4580
f 1736 8858 8859
f 1736 8859 4422
f 8858 1855 8860
f 8858 8860 8859
f 4581 8861 3737
f 4581 3737 111
f 8861 8862 1207
f 8861 1207 3737
f 1858 8868 8861
f 1858 8861 4581
f 8868 1857 8862
f 8868 8862 8861
f 3738 8863 4579
f 3738 4579 113
f 8863 8864 1856
f 8863 1856 4579
f 1207 8862 8863
f 1207 8863 3738
f 8862 1857 8864
f 8862 8864 8863
f 4580 8865 4415
f 4580 4415 390
f 8865 8866 1732
f 8865 1732 4415
f 1856 8864 8865
f 1856 8865 4580
f 8864 1857 8866
f 8864 8866 8865
f 4416 8867 4582
f 4416 4582 389
f 8867 8868 1858
f 8867 1858 4582
f 1732 8866 8867
f 1732 8867 4416
f 8866 1857 8868
f 8866 8868 8867
f 4583 8869 3731
f 4583 3731 109
f 8869 8870 1203
f 8869 1203 3731
f 1860 8876 8869
f 1860 8869 4583
f 8876 1859 8870
f 8876 8870 8869
f 3732 8871 4581
f 3732 4581 111
f 8871 8872 1858
f 8871 1858 4581
f 1203 8870 8871
f 1203 8871 3732
f 8870 1859 8872
f 8870 8872 8871
f 4582 8873 4409
f 4582 4409 389
f 8873 8874 1728
f 8873 1728 4409
f 1858 8872 8873
f 1858 8873 4582
f 8872 1859 8874
f 8872 8874 8873
f 4410 8875 4584
f 4410 4584 388
f 8875 8876 1860
f 8875 1860 4584
f 1728 8874 8875
f 1728 8875 4410
f 8874 1859 8876
f 8874 8876 8875
f 4585 8877 3725
f 4585 3725 107
f 8877 8878 1199
f 8877 1199 3725
f 1862 8884 8877
f 1862 8877 4585
f 8884 1861 8878
f 8884 8878 8877
f 3726 8879 4583
f 3726 4583 109
f 8879 8880 1860
f 8879 1860 4583
f 1199 8878 8879
f 1199 8879 3726
f 8878 1861 8880
f 8878 8880 8879
f 4584 8881 4403
f 4584 4403 388
f 8881 8882 1724
f 8881 1724 4403
f 1860 8880 8881
f 1860 8881 4584
f 8880 1861 8882
f 8880 8882 8881
f 4404 8883 4586
f 4404 4586 387
f 8883 8884 1862
f 8883 1862 4586
f 1724 8882 8883
f 1724 8883 4404
f 8882 1861 8884
f 8882 8884 8883
f 4587 8885 3719
f 4587 3719 105
f 8885 8886 1195
f 8885 1195 3719
f 1864 8892 8885
f 1864 8885 4587
f 8892 1863 8886
f 8892 8886 8885
f 3720 8887 4585
f 3720 4585 107
f 8887 8888 1862
f 8887 1862 4585
f 1195 8886 8887
f 1195 8887 3720
f 8886 1863 8888
f 8886 8888 8887
f 4586 8889 4397
f 4586 4397 387
f 8889 8890 1720
f 8889 1720 4397
f 1862 8888 8889
f 1862 8889 4586
f 8888 1863 8890
f 8888 8890 8889
f 4398 8891 4588
f 4398 4588 386
f 8891 8892 1864
f 8891 1864 4588
f 1720 8890 8891
f 1720 8891 4398
f 8890 1863 8892
f 8890 8892 8891
f 4589 8893 3713
f 4589 3713 103
f 8893 8894 1191
f 8893 1191 3713
f 1866 8900 8893
f 1866 8893 4589
f 8900 1865 8894
f 8900 8894 8893
f 3714 8895 4587
f 3714 4587 105
f 8895 8896 1864
f 8895 1864 4587
f 1191 8894 8895
f 1191 8895 3714
f 8894 1865 8896
f 8894 8896 8895
f 4588 8897 4391
f 4588 4391 386
f 8897 8898 1716
f 8897 1716 4391
f 1864 8896 8897
f 1864 8897 4588
f 8896 1865 8898
f 8896 8898 8897
f 4392 8899 4590
f 4392 4590 385
f 8899 8900 1866
f 8899 1866 4590
f 1716 8898 8899
f 1716 8899 4392
f 8898 1865 8900
f 8898 8900 8899
f 4591 8901 3707
f 4591 3707 101
f 8901 8902 1187
f 8901 1187 3707
f 1868 8908 8901
f 1868 8901 4591
f 8908 1867 8902
f 8908 8902 8901
f 3708 8903 4589
f 3708 4589 103
f 8903 8904 1866
f 8903 1866 4589
f 1187 8902 8903
f 1187 8903 3708
f 8902 1867 8904
f 8902 8904 8903
f 4590 8905 4385
f 4590 4385 385
f 8905 8906 1712
f 8905 1712 4385
f 1866 8904 8905
f 1866 8905 4590
f 8904 1867 8906
f 8904 8906 8905
f 4386 8907 4592
f 4386 4592 384
f 8907 8908 1868
f 8907 1868 4592
f 1712 8906 8907
f 1712 8907 4386
f 8906 1867 8908
f 8906 8908 8907
f 4593 8909 3701
f 4593 3701 99
f 8909 8910 1183
f 8909 1183 3701
f 1870 8916 8909
f 1870 8909 4593
f 8916 1869 8910
f 8916 8910 8909
f 3702 8911 4591
f 3702 4591 101
f 8911 8912 1868
f 8911 1868 4591
f 1183 8910 8911
f 1183 8911 3702
f 8910 1869 8912
f 8910 8912 8911
f 4592 8913 4379
f 4592 4379 384
f 8913 8914 1708
f 8913 1708 4379
f 1868 8912 8913
f 1868 8913 4592
f 8912 1869 8914
f 8912 8914 8913
f 4380 8915 4594
f 4380 4594 383
f 8915 8916 1870
f 8915 1870 4594
f 1708 8914 8915
f 1708 8915 4380
f 8914 1869 8916
f 8914 8916 8915
f 4595 8917 4563
f 4595 4563 397
f 8917 8918 1844
f 8917 1844 4563
f 1872 8924 8917
f 1872 8917 4595
f 8924 1871 8918
f 8924 8918 8917
f 4564 8919 4598
f 4564 4598 396
f 8919 8920 1873
f 8919 1873 4598
f 1844 8918 8919
f 1844 8919 4564
f 8918 1871 8920
f 8918 8920 8919
f 4597 8921 3205
f 4597 3205 318
f 8921 8922 845
f 8921 845 3205
f 1873 8920 8921
f 1873 8921 4597
f 8920 1871 8922
f 8920 8922 8921
f 3206 8923 4596
f 3206 4596 317
f 8923 8924 1872
f 8923 1872 4596
f 845 8922 8923
f 845 8923 3206
f 8922 1871 8924
f 8922 8924 8923
f 4598 8925 4559
f 4598 4559 396
f 8925 8926 1841
f 8925 1841 4559
f 1873 8932 8925
f 1873 8925 4598
f 8932 1874 8926
f 8932 8926 8925
f 4560 8927 4600
f 4560 4600 395
f 8927 8928 1875
f 8927 1875 4600
f 1841 8926 8927
f 1841 8927 4560
f 8926 1874 8928
f 8926 8928 8927
f 4599 8929 3211
f 4599 3211 319
f 8929 8930 849
f 8929 849 3211
f 1875 8928 8929
f 1875 8929 4599
f 8928 1874 8930
f 8928 8930 8929
f 3212 8931 4597
f 3212 4597 318
f 8931 8932 1873
f 8931 1873 4597
f 849 8930 8931
f 849 8931 3212
f 8930 1874 8932
f 8930 8932 8931
f 4600 8933 4555
f 4600 4555 395
f 8933 8934 1838
f 8933 1838 4555
f 1875 8940 8933
f 1875 8933 4600
f 8940 1876 8934
f 8940 8934 8933
f 4556 8935 4602
f 4556 4602 394
f 8935 8936 1877
f 8935 1877 4602
f 1838 8934 8935
f 1838 8935 4556
f 8934 1876 8936
f 8934 8936 8935
f 4601 8937 3215
f 4601 3215 320
f 8937 8938 852
f 8937 852 3215
f 1877 8936 8937
f 1877 8937 4601
f 8936 1876 8938
f 8936 8938 8937
f 3216 8939 4599
f 3216 4599 319
f 8939 8940 1875
f 8939 1875 4599
f 852 8938 8939
f 852 8939 3216
f 8938 1876 8940
f 8938 8940 8939
f 4602 8941 4551
f 4602 4551 394
f 8941 8942 1835
f 8941 1835 4551
f 1877 8948 8941
f 1877 8941 4602
f 8948 1878 8942
f 8948 8942 8941
f 4552 8943 4604
f 4552 4604 393
f 8943 8944 1879
f 8943 1879 4604
f 1835 8942 8943
f 1835 8943 4552
f 8942 1878 8944
f 8942 8944 8943
f 4603 8945 3219
f 4603 3219 321
f 8945 8946 855
f 8945 855 3219
f 1879 8944 8945
f 1879 8945 4603
f 8944 1878 8946
f 8944 8946 8945
f 3220 8947 4601
f 3220 4601 320
f 8947 8948 1877
f 8947 1877 4601
f 855 8946 8947
f 855 8947 3220
f 8946 1878 8948
f 8946 8948 8947
f 4604 8949 4503
f 4604 4503 393
f 8949 8950 1795
f 8949 1795 4503
f 1879 8956 8949
f 1879 8949 4604
f 8956 1880 8950
f 8956 8950 8949
f 4504 8951 4606
f 4504 4606 392
f 8951 8952 1881
f 8951 1881 4606
f 1795 8950 8951
f 1795 8951 4504
f 8950 1880 8952
f 8950 8952 8951
f 4605 8953 3223
f 4605 3223 322
f 8953 8954 858
f 8953 858 3223
f 1881 8952 8953
f 1881 8953 4605
f 8952 1880 8954
f 8952 8954 8953
f 3224 8955 4603
f 3224 4603 321
f 8955 8956 1879
f 8955 1879 4603
f 858 8954 8955
f 858 8955 3224
f 8954 1880 8956
f 8954 8956 8955
f 4606 8957 4497
f 4606 4497 392
f 8957 8958 1791
f 8957 1791 4497
f 1881 8964 8957
f 1881 8957 4606
f 8964 1882 8958
f 8964 8958 8957
f 4498 8959 4608
f 4498 4608 403
f 8959 8960 1883
f 8959 1883 4608
f 1791 8958 8959
f 1791 8959 4498
f 8958 1882 8960
f 8958 8960 8959
f 4607 8961 3227
f 4607 3227 323
f 8961 8962 861
f 8961 861 3227
f 1883 8960 8961
f 1883 8961 4607
f 8960 1882 8962
f 8960 8962 8961
f 3228 8963 4605
f 3228 4605 322
f 8963 8964 1881
f 8963 1881 4605
f 861 8962 8963
f 861 8963 3228
f 8962 1882 8964
f 8962 8964 8963
f 4608 8965 4491
f 4608 4491 403
f 8965 8966 1787
f 8965 1787 4491
f 1883 8972 8965
f 1883 8965 4608
f 8972 1884 8966
f 8972 8966 8965
f 4492 8967 4610
f 4492 4610 401
f 8967 8968 1885
f 8967 1885 4610
f 1787 8966 8967
f 1787 8967 4492
f 8966 1884 8968
f 8966 8968 8967
f 4609 8969 3231
f 4609 3231 324
f 8969 8970 864
f 8969 864 3231
f 1885 8968 8969
f 1885 8969 4609
f 8968 1884 8970
f 8968 8970 8969
f 3232 8971 4607
f 3232 4607 323
f 8971 8972 1883
f 8971 1883 4607
f 864 8970 8971
f 864 8971 3232
f 8970 1884 8972
f 8970 8972 8971
f 4610 8973 4485
f 4610 4485 401
f 8973 8974 1783
f 8973 1783 4485
f 1885 8980 8973
f 1885 8973 4610
f 8980 1886 8974
f 8980 8974 8973
f 4486 8975 4612
f 4486 4612 399
f 8975 8976 1887
f 8975 1887 4612
f 1783 8974 8975
f 1783 8975 4486
f 8974 1886 8976
f 8974 8976 8975
f 4611 8977 3235
f 4611 3235 325
f 8977 8978 867
f 8977 867 3235
f 1887 8976 8977
f 1887 8977 4611
f 8976 1886 8978
f 8976 8978 8977
f 3236 8979 4609
f 3236 4609 324
f 8979 8980 1885
f 8979 1885 4609
f 867 8978 8979
f 867 8979 3236
f 8978 1886 8980
f 8978 8980 8979
f 4612 8981 4479
f 4612 4479 399
f 8981 8982 1779
f 8981 1779 4479
f 1887 8988 8981
f 1887 8981 4612
f 8988 1888 8982
f 8988 8982 8981
f 4480 8983 4614
f 4480 4614 377
f 8983 8984 1889
f 8983 1889 4614
f 1779 8982 8983
f 1779 8983 4480
f 8982 1888 8984
f 8982 8984 8983
f 4613 8985 3239
f 4613 3239 326
f 8985 8986 870
f 8985 870 3239
f 1889 8984 8985
f 1889 8985 4613
f 8984 1888 8986
f 8984 8986 8985
f 3240 8987 4611
f 3240 4611 325
f 8987 8988 1887
f 8987 1887 4611
f 870 8986 8987
f 870 8987 3240
f 8986 1888 8988
f 8986 8988 8987
f 4614 8989 4473
f 4614 4473 377
f 8989 8990 1775
f 8989 1775 4473
f 1889 8996 8989
f 1889 8989 4614
f 8996 1890 8990
f 8996 8990 8989
f 4474 8991 4616
f 4474 4616 375
f 8991 8992 1891
f 8991 1891 4616
f 1775 8990 8991
f 1775 8991 4474
f 8990 1890 8992
f 8990 8992 8991
f 4615 8993 3243
f 4615 3243 327
f 8993 8994 873
f 8993 873 3243
f 1891 8992 8993
f 1891 8993 4615
f 8992 1890 8994
f 8992 8994 8993
f 3244 8995 4613
f 3244 4613 326
f 8995 8996 1889
f 8995 1889 4613
f 873 8994 8995
f 873 8995 3244
f 8994 1890 8996
f 8994 8996 8995
f 4616 8997 4467
f 4616 4467 375
f 8997 8998 1771
f 8997 1771 4467
f 1891 9004 8997
f 1891 8997 4616
f 9004 1892 8998
f 9004 8998 8997
f 4468 8999 4618
f 4468 4618 373
f 8999 9000 1893
f 8999 1893 4618
f 1771 8998 8999
f 1771 8999 4468
f 8998 1892 9000
f 8998 9000 8999
f 4617 9001 3247
f 4617 3247 328
f 9001 9002 876
f 9001 876 3247
f 1893 9000 9001
f 1893 9001 4617
f 9000 1892 9002
f 9000 9002 9001
f 3248 9003 4615
f 3248 4615 327
f 9003 9004 1891
f 9003 1891 4615
f 876 9002 9003
f 876 9003 3248
f 9002 1892 9004
f 9002 9004 9003
f 4618 9005 4461
f 4618 4461 373
f 9005 9006 1767
f 9005 1767 4461
f 1893 9012 9005
f 1893 9005 4618
f 9012 1894 9006
f 9012 9006 9005
f 4462 9007 4620
f 4462 4620 371
f 9007 9008 1895
f 9007 1895 4620
f 1767 9006 9007
f 1767 9007 4462
f 9006 1894 9008
f 9006 9008 9007
f 4619 9009 3251
f 4619 3251 329
f 9009 9010 879
f 9009 879 3251
f 1895 9008 9009
f 1895 9009 4619
f 9008 1894 9010
f 9008 9010 9009
f 3252 9011 4617
f 3252 4617 328
f 9011 9012 1893
f 9011 1893 4617
f 879 9010 9011
f 879 9011 3252
f 9010 1894 9012
f 9010 9012 9011
f 4620 9013 4455
f 4620 4455 371
f 9013 9014 1763
f 9013 1763 4455
f 1895 9020 9013
f 1895 9013 4620
f 9020 1896 9014
f 9020 9014 9013
f 4456 9015 4622
f 4456 4622 369
f 9015 9016 1897
f 9015 1897 4622
f 1763 9014 9015
f 1763 9015 4456
f 9014 1896 9016
f 9014 9016 9015
f 4621 9017 3255
f 4621 3255 330
f 9017 9018 882
f 9017 882 3255
f 1897 9016 9017
f 1897 9017 4621
f 9016 1896 9018
f 9016 9018 9017
f 3256 9019 4619
f 3256 4619 329
f 9019 9020 1895
f 9019 1895 4619
f 882 9018 9019
f 882 9019 3256
f 9018 1896 9020
f 9018 9020 9019
f 4622 9021 4573
f 4622 4573 369
f 9021 9022 1851
f 9021 1851 4573
f 1897 9028 9021
f 1897 9021 4622
f 9028 1898 9022
f 9028 9022 9021
f 4574 9023 4624
f 4574 4624 367
f 9023 9024 1899
f 9023 1899 4624
f 1851 9022 9023
f 1851 9023 4574
f 9022 1898 9024
f 9022 9024 9023
f 4623 9025 4543
f 4623 4543 331
f 9025 9026 1829
f 9025 1829 4543
f 1899 9024 9025
f 1899 9025 4623
f 9024 1898 9026
f 9024 9026 9025
f 4544 9027 4621
f 4544 4621 330
f 9027 9028 1897
f 9027 1897 4621
f 1829 9026 9027
f 1829 9027 4544
f 9026 1898 9028
f 9026 9028 9027
f 4624 9029 4569
f 4624 4569 367
f 9029 9030 1848
f 9029 1848 4569
f 1899 9036 9029
f 1899 9029 4624
f 9036 1900 9030
f 9036 9030 9029
f 4570 9031 4626
f 4570 4626 398
f 9031 9032 1901
f 9031 1901 4626
f 1848 9030 9031
f 1848 9031 4570
f 9030 1900 9032
f 9030 9032 9031
f 4625 9033 4547
f 4625 4547 302
f 9033 9034 1832
f 9033 1832 4547
f 1901 9032 9033
f 1901 9033 4625
f 9032 1900 9034
f 9032 9034 9033
f 4548 9035 4623
f 4548 4623 331
f 9035 9036 1899
f 9035 1899 4623
f 1832 9034 9035
f 1832 9035 4548
f 9034 1900 9036
f 9034 9036 9035
f 4627 9037 3695
f 4627 3695 97
f 9037 9038 1179
f 9037 1179 3695
f 1903 9044 9037
f 1903 9037 4627
f 9044 1902 9038
f 9044 9038 9037
f 3696 9039 4593
f 3696 4593 99
f 9039 9040 1870
f 9039 1870 4593
f 1179 9038 9039
f 1179 9039 3696
f 9038 1902 9040
f 9038 9040 9039
f 4594 9041 4373
f 4594 4373 383
f 9041 9042 1704
f 9041 1704 4373
f 1870 9040 9041
f 1870 9041 4594
f 9040 1902 9042
f 9040 9042 9041
f 4374 9043 4628
f 4374 4628 382
f 9043 9044 1903
f 9043 1903 4628
f 1704 9042 9043
f 1704 9043 4374
f 9042 1902 9044
f 9042 9044 9043
f 4629 9045 3689
f 4629 3689 95
f 9045 9046 1175
f 9045 1175 3689
f 1905 9052 9045
f 1905 9045 4629
f 9052 1904 9046
f 9052 9046 9045
f 3690 9047 4627
f 3690 4627 97
f 9047 9048 1903
f 9047 1903 4627
f 1175 9046 9047
f 1175 9047 3690
f 9046 1904 9048
f 9046 9048 9047
f 4628 9049 4367
f 4628 4367 382
f 9049 9050 1700
f 9049 1700 4367
f 1903 9048 9049
f 1903 9049 4628
f 9048 1904 9050
f 9048 9050 9049
f 4368 9051 4630
f 4368 4630 381
f 9051 9052 1905
f 9051 1905 4630
f 1700 9050 9051
f 1700 9051 4368
f 9050 1904 9052
f 9050 9052 9051
f 4631 9053 3683
f 4631 3683 93
f 9053 9054 1171
f 9053 1171 3683
f 1907 9060 9053
f 1907 9053 4631
f 9060 1906 9054
f 9060 9054 9053
f 3684 9055 4629
f 3684 4629 95
f 9055 9056 1905
f 9055 1905 4629
f 1171 9054 9055
f 1171 9055 3684
f 9054 1906 9056
f 9054 9056 9055
f 4630 9057 4361
f 4630 4361 381
f 9057 9058 1696
f 9057 1696 4361
f 1905 9056 9057
f 1905 9057 4630
f 9056 1906 9058
f 9056 9058 9057
f 4362 9059 4632
f 4362 4632 380
f 9059 9060 1907
f 9059 1907 4632
f 1696 9058 9059
f 1696 9059 4362
f 9058 1906 9060
f 9058 9060 9059
f 4633 9061 3677
f 4633 3677 91
f 9061 9062 1167
f 9061 1167 3677
f 1909 9068 9061
f 1909 9061 4633
f 9068 1908 9062
f 9068 9062 9061
f 3678 9063 4631
f 3678 4631 93
f 9063 9064 1907
f 9063 1907 4631
f 1167 9062 9063
f 1167 9063 3678
f 9062 1908 9064
f 9062 9064 9063
f 4632 9065 4355
f 4632 4355 380
f 9065 9066 1692
f 9065 1692 4355
f 1907 9064 9065
f 1907 9065 4632
f 9064 1908 9066
f 9064 9066 9065
f 4356 9067 4634
f 4356 4634 379
f 9067 9068 1909
f 9067 1909 4634
f 1692 9066 9067
f 1692 9067 4356
f 9066 1908 9068
f 9066 9068 9067
f 4635 9069 3761
f 4635 3761 119
f 9069 9070 1223
f 9069 1223 3761
f 1911 9076 9069
f 1911 9069 4635
f 9076 1910 9070
f 9076 9070 9069
f 3762 9071 4638
f 3762 4638 61
f 9071 9072 1912
f 9071 1912 4638
f 1223 9070 9071
f 1223 9071 3762
f 9070 1910 9072
f 9070 9072 9071
f 4637 9073 4315
f 4637 4315 364
f 9073 9074 1656
f 9073 1656 4315
f 1912 9072 9073
f 1912 9073 4637
f 9072 1910 9074
f 9072 9074 9073
f 4316 9075 4636
f 4316 4636 363
f 9075 9076 1911
f 9075 1911 4636
f 1656 9074 9075
f 1656 9075 4316
f 9074 1910 9076
f 9074 9076 9075
f 4578 9077 3755
f 4578 3755 117
f 9077 9078 1219
f 9077 1219 3755
f 1854 9084 9077
f 1854 9077 4578
f 9084 1913 9078
f 9084 9078 9077
f 3756 9079 4635
f 3756 4635 119
f 9079 9080 1911
f 9079 1911 4635
f 1219 9078 9079
f 1219 9079 3756
f 9078 1913 9080
f 9078 9080 9079
f 4636 9081 4309
f 4636 4309 363
f 9081 9082 1652
f 9081 1652 4309
f 1911 9080 9081
f 1911 9081 4636
f 9080 1913 9082
f 9080 9082 9081
f 4310 9083 4577
f 4310 4577 362
f 9083 9084 1854
f 9083 1854 4577
f 1652 9082 9083
f 1652 9083 4310
f 9082 1913 9084
f 9082 9084 9083
f 4639 9085 3515
f 4639 3515 268
f 9085 9086 1057
f 9085 1057 3515
f 1915 9092 9085
f 1915 9085 4639
f 9092 1914 9086
f 9092 9086 9085
f 3516 9087 4642
f 3516 4642 269
f 9087 9088 1916
f 9087 1916 4642
f 1057 9086 9087
f 1057 9087 3516
f 9086 1914 9088
f 9086 9088 9087
f 4641 9089 3745
f 4641 3745 332
f 9089 9090 1213
f 9089 1213 3745
f 1916 9088 9089
f 1916 9089 4641
f 9088 1914 9090
f 9088 9090 9089
f 3746 9091 4640
f 3746 4640 361
f 9091 9092 1915
f 9091 1915 4640
f 1213 9090 9091
f 1213 9091 3746
f 9090 1914 9092
f 9090 9092 9091
f 4643 9093 3521
f 4643 3521 267
f 9093 9094 1061
f 9093 1061 3521
f 1918 9100 9093
f 1918 9093 4643
f 9100 1917 9094
f 9100 9094 9093
f 3522 9095 4639
f 3522 4639 268
f 9095 9096 1915
f 9095 1915 4639
f 1061 9094 9095
f 1061 9095 3522
f 9094 1917 9096
f 9094 9096 9095
f 4640 9097 3739
f 4640 3739 361
f 9097 9098 1209
f 9097 1209 3739
f 1915 9096 9097
f 1915 9097 4640
f 9096 1917 9098
f 9096 9098 9097
f 3740 9099 4644
f 3740 4644 360
f 9099 9100 1918
f 9099 1918 4644
f 1209 9098 9099
f 1209 9099 3740
f 9098 1917 9100
f 9098 9100 9099
f 4645 9101 3891
f 4645 3891 266
f 9101 9102 1319
f 9101 1319 3891
f 1920 9108 9101
f 1920 9101 4645
f 9108 1919 9102
f 9108 9102 9101
f 3892 9103 4643
f 3892 4643 267
f 9103 9104 1918
f 9103 1918 4643
f 1319 9102 9103
f 1319 9103 3892
f 9102 1919 9104
f 9102 9104 9103
f 4644 9105 3733
f 4644 3733 360
f 9105 9106 1205
f 9105 1205 3733
f 1918 9104 9105
f 1918 9105 4644
f 9104 1919 9106
f 9104 9106 9105
f 3734 9107 4646
f 3734 4646 359
f 9107 9108 1920
f 9107 1920 4646
f 1205 9106 9107
f 1205 9107 3734
f 9106 1919 9108
f 9106 9108 9107
f 4647 9109 3985
f 4647 3985 265
f 9109 9110 1395
f 9109 1395 3985
f 1922 9116 9109
f 1922 9109 4647
f 9116 1921 9110
f 9116 9110 9109
f 3986 9111 4645
f 3986 4645 266
f 9111 9112 1920
f 9111 1920 4645
f 1395 9110 9111
f 1395 9111 3986
f 9110 1921 9112
f 9110 9112 9111
f 4646 9113 3727
f 4646 3727 359
f 9113 9114 1201
f 9113 1201 3727
f 1920 9112 9113
f 1920 9113 4646
f 9112 1921 9114
f 9112 9114 9113
f 3728 9115 4648
f 3728 4648 358
f 9115 9116 1922
f 9115 1922 4648
f 1201 9114 9115
f 1201 9115 3728
f 9114 1921 9116
f 9114 9116 9115
f 4642 9117 3435
f 4642 3435 269
f 9117 9118 1002
f 9117 1002 3435
f 1916 9124 9117
f 1916 9117 4642
f 9124 1923 9118
f 9124 9118 9117
f 3436 9119 4650
f 3436 4650 270
f 9119 9120 1924
f 9119 1924 4650
f 1002 9118 9119
f 1002 9119 3436
f 9118 1923 9120
f 9118 9120 9119
f 4649 9121 3751
f 4649 3751 333
f 9121 9122 1217
f 9121 1217 3751
f 1924 9120 9121
f 1924 9121 4649
f 9120 1923 9122
f 9120 9122 9121
f 3752 9123 4641
f 3752 4641 332
f 9123 9124 1916
f 9123 1916 4641
f 1217 9122 9123
f 1217 9123 3752
f 9122 1923 9124
f 9122 9124 9123
f 4650 9125 3429
f 4650 3429 270
f 9125 9126 998
f 9125 998 3429
f 1924 9132 9125
f 1924 9125 4650
f 9132 1925 9126
f 9132 9126 9125
f 3430 9127 4652
f 3430 4652 241
f 9127 9128 1926
f 9127 1926 4652
f 998 9126 9127
f 998 9127 3430
f 9126 1925 9128
f 9126 9128 9127
f 4651 9129 3757
f 4651 3757 334
f 9129 9130 1221
f 9129 1221 3757
f 1926 9128 9129
f 1926 9129 4651
f 9128 1925 9130
f 9128 9130 9129
f 3758 9131 4649
f 3758 4649 333
f 9131 9132 1924
f 9131 1924 4649
f 1221 9130 9131
f 1221 9131 3758
f 9130 1925 9132
f 9130 9132 9131
f 4653 9133 4115
f 4653 4115 264
f 9133 9134 1491
f 9133 1491 4115
f 1928 9140 9133
f 1928 9133 4653
f 9140 1927 9134
f 9140 9134 9133
f 4116 9135 4647
f 4116 4647 265
f 9135 9136 1922
f 9135 1922 4647
f 1491 9134 9135
f 1491 9135 4116
f 9134 1927 9136
f 9134 9136 9135
f 4648 9137 3721
f 4648 3721 358
f 9137 9138 1197
f 9137 1197 3721
f 1922 9136 9137
f 1922 9137 4648
f 9136 1927 9138
f 9136 9138 9137
f 3722 9139 4654
f 3722 4654 357
f 9139 9140 1928
f 9139 1928 4654
f 1197 9138 9139
f 1197 9139 3722
f 9138 1927 9140
f 9138 9140 9139
f 4655 9141 4217
f 4655 4217 263
f 9141 9142 1571
f 9141 1571 4217
f 1930 9148 9141
f 1930 9141 4655
f 9148 1929 9142
f 9148 9142 9141
f 4218 9143 4653
f 4218 4653 264
f 9143 9144 1928
f 9143 1928 4653
f 1571 9142 9143
f 1571 9143 4218
f 9142 1929 9144
f 9142 9144 9143
f 4654 9145 3715
f 4654 3715 357
f 9145 9146 1193
f 9145 1193 3715
f 1928 9144 9145
f 1928 9145 4654
f 9144 1929 9146
f 9144 9146 9145
f 3716 9147 4656
f 3716 4656 356
f 9147 9148 1930
f 9147 1930 4656
f 1193 9146 9147
f 1193 9147 3716
f 9146 1929 9148
f 9146 9148 9147
f 4657 9149 4277
f 4657 4277 262
f 9149 9150 1623
f 9149 1623 4277
f 1932 9156 9149
f 1932 9149 4657
f 9156 1931 9150
f 9156 9150 9149
f 4278 9151 4655
f 4278 4655 263
f 9151 9152 1930
f 9151 1930 4655
f 1623 9150 9151
f 1623 9151 4278
f 9150 1931 9152
f 9150 9152 9151
f 4656 9153 3709
f 4656 3709 356
f 9153 9154 1189
f 9153 1189 3709
f 1930 9152 9153
f 1930 9153 4656
f 9152 1931 9154
f 9152 9154 9153
f 3710 9155 4658
f 3710 4658 355
f 9155 9156 1932
f 9155 1932 4658
f 1189 9154 9155
f 1189 9155 3710
f 9154 1931 9156
f 9154 9156 9155
f 4659 9157 4275
f 4659 4275 261
f 9157 9158 1621
f 9157 1621 4275
f 1934 9164 9157
f 1934 9157 4659
f 9164 1933 9158
f 9164 9158 9157
f 4276 9159 4657
f 4276 4657 262
f 9159 9160 1932
f 9159 1932 4657
f 1621 9158 9159
f 1621 9159 4276
f 9158 1933 9160
f 9158 9160 9159
f 4658 9161 3703
f 4658 3703 355
f 9161 9162 1185
f 9161 1185 3703
f 1932 9160 9161
f 1932 9161 4658
f 9160 1933 9162
f 9160 9162 9161
f 3704 9163 4660
f 3704 4660 354
f 9163 9164 1934
f 9163 1934 4660
f 1185 9162 9163
f 1185 9163 3704
f 9162 1933 9164
f 9162 9164 9163
f 4661 9165 4271
f 4661 4271 260
f 9165 9166 1618
f 9165 1618 4271
f 1936 9172 9165
f 1936 9165 4661
f 9172 1935 9166
f 9172 9166 9165
f 4272 9167 4659
f 4272 4659 261
f 9167 9168 1934
f 9167 1934 4659
f 1618 9166 9167
f 1618 9167 4272
f 9166 1935 9168
f 9166 9168 9167
f 4660 9169 3697
f 4660 3697 354
f 9169 9170 1181
f 9169 1181 3697
f 1934 9168 9169
f 1934 9169 4660
f 9168 1935 9170
f 9168 9170 9169
f 3698 9171 4662
f 3698 4662 353
f 9171 9172 1936
f 9171 1936 4662
f 1181 9170 9171
f 1181 9171 3698
f 9170 1935 9172
f 9170 9172 9171
f 4663 9173 4267
f 4663 4267 259
f 9173 9174 1615
f 9173 1615 4267
f 1938 9180 9173
f 1938 9173 4663
f 9180 1937 9174
f 9180 9174 9173
f 4268 9175 4661
f 4268 4661 260
f 9175 9176 1936
f 9175 1936 4661
f 1615 9174 9175
f 1615 9175 4268
f 9174 1937 9176
f 9174 9176 9175
f 4662 9177 3691
f 4662 3691 353
f 9177 9178 1177
f 9177 1177 3691
f 1936 9176 9177
f 1936 9177 4662
f 9176 1937 9178
f 9176 9178 9177
f 3692 9179 4664
f 3692 4664 352
f 9179 9180 1938
f 9179 1938 4664
f 1177 9178 9179
f 1177 9179 3692
f 9178 1937 9180
f 9178 9180 9179
f 4665 9181 4263
f 4665 4263 258
f 9181 9182 1612
f 9181 1612 4263
f 1940 9188 9181
f 1940 9181 4665
f 9188 1939 9182
f 9188 9182 9181
f 4264 9183 4663
f 4264 4663 259
f 9183 9184 1938
f 9183 1938 4663
f 1612 9182 9183
f 1612 9183 4264
f 9182 1939 9184
f 9182 9184 9183
f 4664 9185 3685
f 4664 3685 352
f 9185 9186 1173
f 9185 1173 3685
f 1938 9184 9185
f 1938 9185 4664
f 9184 1939 9186
f 9184 9186 9185
f 3686 9187 4666
f 3686 4666 351
f 9187 9188 1940
f 9187 1940 4666
f 1173 9186 9187
f 1173 9187 3686
f 9186 1939 9188
f 9186 9188 9187
f 4667 9189 4259
f 4667 4259 257
f 9189 9190 1609
f 9189 1609 4259
f 1942 9196 9189
f 1942 9189 4667
f 9196 1941 9190
f 9196 9190 9189
f 4260 9191 4665
f 4260 4665 258
f 9191 9192 1940
f 9191 1940 4665
f 1609 9190 9191
f 1609 9191 4260
f 9190 1941 9192
f 9190 9192 9191
f 4666 9193 3679
f 4666 3679 351
f 9193 9194 1169
f 9193 1169 3679
f 1940 9192 9193
f 1940 9193 4666
f 9192 1941 9194
f 9192 9194 9193
f 3680 9195 4668
f 3680 4668 350
f 9195 9196 1942
f 9195 1942 4668
f 1169 9194 9195
f 1169 9195 3680
f 9194 1941 9196
f 9194 9196 9195
f 4669 9197 4255
f 4669 4255 256
f 9197 9198 1606
f 9197 1606 4255
f 1944 9204 9197
f 1944 9197 4669
f 9204 1943 9198
f 9204 9198 9197
f 4256 9199 4667
f 4256 4667 257
f 9199 9200 1942
f 9199 1942 4667
f 1606 9198 9199
f 1606 9199 4256
f 9198 1943 9200
f 9198 9200 9199
f 4668 9201 3673
f 4668 3673 350
f 9201 9202 1165
f 9201 1165 3673
f 1942 9200 9201
f 1942 9201 4668
f 9200 1943 9202
f 9200 9202 9201
f 3674 9203 4670
f 3674 4670 349
f 9203 9204 1944
f 9203 1944 4670
f 1165 9202 9203
f 1165 9203 3674
f 9202 1943 9204
f 9202 9204 9203
f 4671 9205 4674
f 4671 4674 218
f 9205 9206 1947
f 9205 1947 4674
f 1946 9210 9205
f 1946 9205 4671
f 9210 1945 9206
f 9210 9206 9205
f 4673 9207 4676
f 4673 4676 588
f 9207 9208 1948
f 9207 1948 4676
f 1947 9206 9207
f 1947 9207 4673
f 9206 1945 9208
f 9206 9208 9207
f 4675 9209 4672
f 4675 4672 589
f 9209 9210 1946
f 9209 1946 4672
f 1948 9208 9209
f 1948 9209 4675
f 9208 1945 9210
f 9208 9210 9209
f 4674 9211 4678
f 4674 4678 218
f 9211 9212 1950
f 9211 1950 4678
f 1947 9216 9211
f 1947 9211 4674
f 9216 1949 9212
f 9216 9212 9211
f 4677 9213 4680
f 4677 4680 587
f 9213 9214 1951
f 9213 1951 4680
f 1950 9212 9213
f 1950 9213 4677
f 9212 1949 9214
f 9212 9214 9213
f 4679 9215 4673
f 4679 4673 588
f 9215 9216 1947
f 9215 1947 4673
f 1951 9214 9215
f 1951 9215 4679
f 9214 1949 9216
f 9214 9216 9215
f 4678 9217 4682
f 4678 4682 218
f 9217 9218 1953
f 9217 1953 4682
f 1950 9222 9217
f 1950 9217 4678
f 9222 1952 9218
f 9222 9218 9217
f 4681 9219 4684
f 4681 4684 586
f 9219 9220 1954
f 9219 1954 4684
f 1953 9218 9219
f 1953 9219 4681
f 9218 1952 9220
f 9218 9220 9219
f 4683 9221 4677
f 4683 4677 587
f 9221 9222 1950
f 9221 1950 4677
f 1954 9220 9221
f 1954 9221 4683
f 9220 1952 9222
f 9220 9222 9221
f 4682 9223 4686
f 4682 4686 218
f 9223 9224 1956
f 9223 1956 4686
f 1953 9228 9223
f 1953 9223 4682
f 9228 1955 9224
f 9228 9224 9223
f 4685 9225 4688
f 4685 4688 585
f 9225 9226 1957
f 9225 1957 4688
f 1956 9224 9225
f 1956 9225 4685
f 9224 1955 9226
f 9224 9226 9225
f 4687 9227 4681
f 4687 4681 586
f 9227 9228 1953
f 9227 1953 4681
f 1957 9226 9227
f 1957 9227 4687
f 9226 1955 9228
f 9226 9228 9227
f 4686 9229 3089
f 4686 3089 218
f 9229 9230 768
f 9229 768 3089
f 1956 9234 9229
f 1956 9229 4686
f 9234 1958 9230
f 9234 9230 9229
f 3090 9231 4690
f 3090 4690 219
f 9231 9232 1959
f 9231 1959 4690
f 768 9230 9231
f 768 9231 3090
f 9230 1958 9232
f 9230 9232 9231
f 4689 9233 4685
f 4689 4685 585
f 9233 9234 1956
f 9233 1956 4685
f 1959 9232 9233
f 1959 9233 4689
f 9232 1958 9234
f 9232 9234 9233
f 4691 9235 4694
f 4691 4694 438
f 9235 9236 1962
f 9235 1962 4694
f 1961 9242 9235
f 1961 9235 4691
f 9242 1960 9236
f 9242 9236 9235
f 4693 9237 4696
f 4693 4696 498
f 9237 9238 1963
f 9237 1963 4696
f 1962 9236 9237
f 1962 9237 4693
f 9236 1960 9238
f 9236 9238 9237
f 4695 9239 4698
f 4695 4698 496
f 9239 9240 1964
f 9239 1964 4698
f 1963 9238 9239
f 1963 9239 4695
f 9238 1960 9240
f 9238 9240 9239
f 4697 9241 4692
f 4697 4692 411
f 9241 9242 1961
f 9241 1961 4692
f 1964 9240 9241
f 1964 9241 4697
f 9240 1960 9242
f 9240 9242 9241
f 4699 9243 4697
f 4699 4697 411
f 9243 9244 1964
f 9243 1964 4697
f 1966 9250 9243
f 1966 9243 4699
f 9250 1965 9244
f 9250 9244 9243
f 4698 9245 4702
f 4698 4702 496
f 9245 9246 1967
f 9245 1967 4702
f 1964 9244 9245
f 1964 9245 4698
f 9244 1965 9246
f 9244 9246 9245
f 4701 9247 4704
f 4701 4704 494
f 9247 9248 1968
f 9247 1968 4704
f 1967 9246 9247
f 1967 9247 4701
f 9246 1965 9248
f 9246 9248 9247
f 4703 9249 4700
f 4703 4700 412
f 9249 9250 1966
f 9249 1966 4700
f 1968 9248 9249
f 1968 9249 4703
f 9248 1965 9250
f 9248 9250 9249
f 4705 9251 4703
f 4705 4703 412
f 9251 9252 1968
f 9251 1968 4703
f 1970 9258 9251
f 1970 9251 4705
f 9258 1969 9252
f 9258 9252 9251
f 4704 9253 4708
f 4704 4708 494
f 9253 9254 1971
f 9253 1971 4708
f 1968 9252 9253
f 1968 9253 4704
f 9252 1969 9254
f 9252 9254 9253
f 4707 9255 4710
f 4707 4710 492
f 9255 9256 1972
f 9255 1972 4710
f 1971 9254 9255
f 1971 9255 4707
f 9254 1969 9256
f 9254 9256 9255
f 4709 9257 4706
f 4709 4706 415
f 9257 9258 1970
f 9257 1970 4706
f 1972 9256 9257
f 1972 9257 4709
f 9256 1969 9258
f 9256 9258 9257
f 4711 9259 4709
f 4711 4709 415
f 9259 9260 1972
f 9259 1972 4709
f 1974 9266 9259
f 1974 9259 4711
f 9266 1973 9260
f 9266 9260 9259
f 4710 9261 4714
f 4710 4714 492
f 9261 9262 1975
f 9261 1975 4714
f 1972 9260 9261
f 1972 9261 4710
f 9260 1973 9262
f 9260 9262 9261
f 4713 9263 4716
f 4713 4716 490
f 9263 9264 1976
f 9263 1976 4716
f 1975 9262 9263
f 1975 9263 4713
f 9262 1973 9264
f 9262 9264 9263
f 4715 9265 4712
f 4715 4712 416
f 9265 9266 1974
f 9265 1974 4712
f 1976 9264 9265
f 1976 9265 4715
f 9264 1973 9266
f 9264 9266 9265
f 4717 9267 4715
f 4717 4715 416
f 9267 9268 1976
f 9267 1976 4715
f 1978 9274 9267
f 1978 9267 4717
f 9274 1977 9268
f 9274 9268 9267
f 4716 9269 4720
f 4716 4720 490
f 9269 9270 1979
f 9269 1979 4720
f 1976 9268 9269
f 1976 9269 4716
f 9268 1977 9270
f 9268 9270 9269
f 4719 9271 4722
f 4719 4722 488
f 9271 9272 1980
f 9271 1980 4722
f 1979 9270 9271
f 1979 9271 4719
f 9270 1977 9272
f 9270 9272 9271
f 4721 9273 4718
f 4721 4718 419
f 9273 9274 1978
f 9273 1978 4718
f 1980 9272 9273
f 1980 9273 4721
f 9272 1977 9274
f 9272 9274 9273
f 4723 9275 4721
f 4723 4721 419
f 9275 9276 1980
f 9275 1980 4721
f 1982 9282 9275
f 1982 9275 4723
f 9282 1981 9276
f 9282 9276 9275
f 4722 9277 4726
f 4722 4726 488
f 9277 9278 1983
f 9277 1983 4726
f 1980 9276 9277
f 1980 9277 4722
f 9276 1981 9278
f 9276 9278 9277
f 4725 9279 4728
f 4725 4728 486
f 9279 9280 1984
f 9279 1984 4728
f 1983 9278 9279
f 1983 9279 4725
f 9278 1981 9280
f 9278 9280 9279
f 4727 9281 4724
f 4727 4724 420
f 9281 9282 1982
f 9281 1982 4724
f 1984 9280 9281
f 1984 9281 4727
f 9280 1981 9282
f 9280 9282 9281
f 4729 9283 4727
f 4729 4727 420
f 9283 9284 1984
f 9283 1984 4727
f 1986 9290 9283
f 1986 9283 4729
f 9290 1985 9284
f 9290 9284 9283
f 4728 9285 4732
f 4728 4732 486
f 9285 9286 1987
f 9285 1987 4732
f 1984 9284 9285
f 1984 9285 4728
f 9284 1985 9286
f 9284 9286 9285
f 4731 9287 4734
f 4731 4734 484
f 9287 9288 1988
f 9287 1988 4734
f 1987 9286 9287
f 1987 9287 4731
f 9286 1985 9288
f 9286 9288 9287
f 4733 9289 4730
f 4733 4730 423
f 9289 9290 1986
f 9289 1986 4730
f 1988 9288 9289
f 1988 9289 4733
f 9288 1985 9290
f 9288 9290 9289
f 4735 9291 4733
f 4735 4733 423
f 9291 9292 1988
f 9291 1988 4733
f 1990 9298 9291
f 1990 9291 4735
f 9298 1989 9292
f 9298 9292 9291
f 4734 9293 4738
f 4734 4738 484
f 9293 9294 1991
f 9293 1991 4738
f 1988 9292 9293
f 1988 9293 4734
f 9292 1989 9294
f 9292 9294 9293
f 4737 9295 4740
f 4737 4740 482
f 9295 9296 1992
f 9295 1992 4740
f 1991 9294 9295
f 1991 9295 4737
f 9294 1989 9296
f 9294 9296 9295
f 4739 9297 4736
f 4739 4736 424
f 9297 9298 1990
f 9297 1990 4736
f 1992 9296 9297
f 1992 9297 4739
f 9296 1989 9298
f 9296 9298 9297
f 4741 9299 4739
f 4741 4739 424
f 9299 9300 1992
f 9299 1992 4739
f 1994 9306 9299
f 1994 9299 4741
f 9306 1993 9300
f 9306 9300 9299
f 4740 9301 4744
f 4740 4744 482
f 9301 9302 1995
f 9301 1995 4744
f 1992 9300 9301
f 1992 9301 4740
f 9300 1993 9302
f 9300 9302 9301
f 4743 9303 4746
f 4743 4746 480
f 9303 9304 1996
f 9303 1996 4746
f 1995 9302 9303
f 1995 9303 4743
f 9302 1993 9304
f 9302 9304 9303
f 4745 9305 4742
f 4745 4742 427
f 9305 9306 1994
f 9305 1994 4742
f 1996 9304 9305
f 1996 9305 4745
f 9304 1993 9306
f 9304 9306 9305
f 4747 9307 4745
f 4747 4745 427
f 9307 9308 1996
f 9307 1996 4745
f 1998 9314 9307
f 1998 9307 4747
f 9314 1997 9308
f 9314 9308 9307
f 4746 9309 4750
f 4746 4750 480
f 9309 9310 1999
f 9309 1999 4750
f 1996 9308 9309
f 1996 9309 4746
f 9308 1997 9310
f 9308 9310 9309
f 4749 9311 4752
f 4749 4752 478
f 9311 9312 2000
f 9311 2000 4752
f 1999 9310 9311
f 1999 9311 4749
f 9310 1997 9312
f 9310 9312 9311
f 4751 9313 4748
f 4751 4748 428
f 9313 9314 1998
f 9313 1998 4748
f 2000 9312 9313
f 2000 9313 4751
f 9312 1997 9314
f 9312 9314 9313
f 4753 9315 4751
f 4753 4751 428
f 9315 9316 2000
f 9315 2000 4751
f 2002 9322 9315
f 2002 9315 4753
f 9322 2001 9316
f 9322 9316 9315
f 4752 9317 4756
f 4752 4756 478
f 9317 9318 2003
f 9317 2003 4756
f 2000 9316 9317
f 2000 9317 4752
f 9316 2001 9318
f 9316 9318 9317
f 4755 9319 4758
f 4755 4758 476
f 9319 9320 2004
f 9319 2004 4758
f 2003 9318 9319
f 2003 9319 4755
f 9318 2001 9320
f 9318 9320 9319
f 4757 9321 4754
f 4757 4754 431
f 9321 9322 2002
f 9321 2002 4754
f 2004 9320 9321
f 2004 9321 4757
f 9320 2001 9322
f 9320 9322 9321
f 4759 9323 4757
f 4759 4757 431
f 9323 9324 2004
f 9323 2004 4757
f 2006 9330 9323
f 2006 9323 4759
f 9330 2005 9324
f 9330 9324 9323
f 4758 9325 4762
f 4758 4762 476
f 9325 9326 2007
f 9325 2007 4762
f 2004 9324 9325
f 2004 9325 4758
f 9324 2005 9326
f 9324 9326 9325
f 4761 9327 4764
f 4761 4764 474
f 9327 9328 2008
f 9327 2008 4764
f 2007 9326 9327
f 2007 9327 4761
f 9326 2005 9328
f 9326 9328 9327
f 4763 9329 4760
f 4763 4760 432
f 9329 9330 2006
f 9329 2006 4760
f 2008 9328 9329
f 2008 9329 4763
f 9328 2005 9330
f 9328 9330 9329
f 4765 9331 4763
f 4765 4763 432
f 9331 9332 2008
f 9331 2008 4763
f 2010 9338 9331
f 2010 9331 4765
f 9338 2009 9332
f 9338 9332 9331
f 4764 9333 4768
f 4764 4768 474
f 9333 9334 2011
f 9333 2011 4768
f 2008 9332 9333
f 2008 9333 4764
f 9332 2009 9334
f 9332 9334 9333
f 4767 9335 3165
f 4767 3165 92
f 9335 9336 819
f 9335 819 3165
f 2011 9334 9335
f 2011 9335 4767
f 9334 2009 9336
f 9334 9336 9335
f 3166 9337 4766
f 3166 4766 25
f 9337 9338 2010
f 9337 2010 4766
f 819 9336 9337
f 819 9337 3166
f 9336 2009 9338
f 9336 9338 9337
f 4769 9339 3175
f 4769 3175 26
f 9339 9340 825
f 9339 825 3175
f 2013 9346 9339
f 2013 9339 4769
f 9346 2012 9340
f 9346 9340 9339
f 3176 9341 4772
f 3176 4772 62
f 9341 9342 2014
f 9341 2014 4772
f 825 9340 9341
f 825 9341 3176
f 9340 2012 9342
f 9340 9342 9341
f 4771 9343 4774
f 4771 4774 500
f 9343 9344 2015
f 9343 2015 4774
f 2014 9342 9343
f 2014 9343 4771
f 9342 2012 9344
f 9342 9344 9343
f 4773 9345 4770
f 4773 4770 437
f 9345 9346 2013
f 9345 2013 4770
f 2015 9344 9345
f 2015 9345 4773
f 9344 2012 9346
f 9344 9346 9345
f 4775 9347 4773
f 4775 4773 437
f 9347 9348 2015
f 9347 2015 4773
f 2017 9354 9347
f 2017 9347 4775
f 9354 2016 9348
f 9354 9348 9347
f 4774 9349 4778
f 4774 4778 500
f 9349 9350 2018
f 9349 2018 4778
f 2015 9348 9349
f 2015 9349 4774
f 9348 2016 9350
f 9348 9350 9349
f 4777 9351 4693
f 4777 4693 498
f 9351 9352 1962
f 9351 1962 4693
f 2018 9350 9351
f 2018 9351 4777
f 9350 2016 9352
f 9350 9352 9351
f 4694 9353 4776
f 4694 4776 438
f 9353 9354 2017
f 9353 2017 4776
f 1962 9352 9353
f 1962 9353 4694
f 9352 2016 9354
f 9352 9354 9353
f 4779 9355 4782
f 4779 4782 458
f 9355 9356 2021
f 9355 2021 4782
f 2020 9362 9355
f 2020 9355 4779
f 9362 2019 9356
f 9362 9356 9355
f 4781 9357 4784
f 4781 4784 698
f 9357 9358 2022
f 9357 2022 4784
f 2021 9356 9357
f 2021 9357 4781
f 9356 2019 9358
f 9356 9358 9357
f 4783 9359 3183
f 4783 3183 365
f 9359 9360 831
f 9359 831 3183
f 2022 9358 9359
f 2022 9359 4783
f 9358 2019 9360
f 9358 9360 9359
f 3184 9361 4780
f 3184 4780 49
f 9361 9362 2020
f 9361 2020 4780
f 831 9360 9361
f 831 9361 3184
f 9360 2019 9362
f 9360 9362 9361
f 4785 9363 3195
f 4785 3195 50
f 9363 9364 838
f 9363 838 3195
f 2024 9370 9363
f 2024 9363 4785
f 9370 2023 9364
f 9370 9364 9363
f 3196 9365 4788
f 3196 4788 316
f 9365 9366 2025
f 9365 2025 4788
f 838 9364 9365
f 838 9365 3196
f 9364 2023 9366
f 9364 9366 9365
f 4787 9367 4790
f 4787 4790 685
f 9367 9368 2026
f 9367 2026 4790
f 2025 9366 9367
f 2025 9367 4787
f 9366 2023 9368
f 9366 9368 9367
f 4789 9369 4786
f 4789 4786 443
f 9369 9370 2024
f 9369 2024 4786
f 2026 9368 9369
f 2026 9369 4789
f 9368 2023 9370
f 9368 9370 9369
f 4791 9371 4789
f 4791 4789 443
f 9371 9372 2026
f 9371 2026 4789
f 2028 9378 9371
f 2028 9371 4791
f 9378 2027 9372
f 9378 9372 9371
f 4790 9373 4794
f 4790 4794 685
f 9373 9374 2029
f 9373 2029 4794
f 2026 9372 9373
f 2026 9373 4790
f 9372 2027 9374
f 9372 9374 9373
f 4793 9375 4796
f 4793 4796 686
f 9375 9376 2030
f 9375 2030 4796
f 2029 9374 9375
f 2029 9375 4793
f 9374 2027 9376
f 9374 9376 9375
f 4795 9377 4792
f 4795 4792 444
f 9377 9378 2028
f 9377 2028 4792
f 2030 9376 9377
f 2030 9377 4795
f 9376 2027 9378
f 9376 9378 9377
f 3210 9379 4798
f 3210 4798 301
f 9379 9380 2032
f 9379 2032 4798
f 847 9384 9379
f 847 9379 3210
f 9384 2031 9380
f 9384 9380 9379
f 4797 9381 4800
f 4797 4800 669
f 9381 9382 2033
f 9381 2033 4800
f 2032 9380 9381
f 2032 9381 4797
f 9380 2031 9382
f 9380 9382 9381
f 4799 9383 3209
f 4799 3209 317
f 9383 9384 847
f 9383 847 3209
f 2033 9382 9383
f 2033 9383 4799
f 9382 2031 9384
f 9382 9384 9383
f 4798 9385 4802
f 4798 4802 301
f 9385 9386 2035
f 9385 2035 4802
f 2032 9390 9385
f 2032 9385 4798
f 9390 2034 9386
f 9390 9386 9385
f 4801 9387 4804
f 4801 4804 670
f 9387 9388 2036
f 9387 2036 4804
f 2035 9386 9387
f 2035 9387 4801
f 9386 2034 9388
f 9386 9388 9387
f 4803 9389 4797
f 4803 4797 669
f 9389 9390 2032
f 9389 2032 4797
f 2036 9388 9389
f 2036 9389 4803
f 9388 2034 9390
f 9388 9390 9389
f 4802 9391 4806
f 4802 4806 301
f 9391 9392 2038
f 9391 2038 4806
f 2035 9396 9391
f 2035 9391 4802
f 9396 2037 9392
f 9396 9392 9391
f 4805 9393 4808
f 4805 4808 671
f 9393 9394 2039
f 9393 2039 4808
f 2038 9392 9393
f 2038 9393 4805
f 9392 2037 9394
f 9392 9394 9393
f 4807 9395 4801
f 4807 4801 670
f 9395 9396 2035
f 9395 2035 4801
f 2039 9394 9395
f 2039 9395 4807
f 9394 2037 9396
f 9394 9396 9395
f 4806 9397 4810
f 4806 4810 301
f 9397 9398 2041
f 9397 2041 4810
f 2038 9402 9397
f 2038 9397 4806
f 9402 2040 9398
f 9402 9398 9397
f 4809 9399 4812
f 4809 4812 672
f 9399 9400 2042
f 9399 2042 4812
f 2041 9398 9399
f 2041 9399 4809
f 9398 2040 9400
f 9398 9400 9399
f 4811 9401 4805
f 4811 4805 671
f 9401 9402 2038
f 9401 2038 4805
f 2042 9400 9401
f 2042 9401 4811
f 9400 2040 9402
f 9400 9402 9401
f 4810 9403 4814
f 4810 4814 301
f 9403 9404 2044
f 9403 2044 4814
f 2041 9408 9403
f 2041 9403 4810
f 9408 2043 9404
f 9408 9404 9403
f 4813 9405 4816
f 4813 4816 673
f 9405 9406 2045
f 9405 2045 4816
f 2044 9404 9405
f 2044 9405 4813
f 9404 2043 9406
f 9404 9406 9405
f 4815 9407 4809
f 4815 4809 672
f 9407 9408 2041
f 9407 2041 4809
f 2045 9406 9407
f 2045 9407 4815
f 9406 2043 9408
f 9406 9408 9407
f 4814 9409 4818
f 4814 4818 301
f 9409 9410 2047
f 9409 2047 4818
f 2044 9414 9409
f 2044 9409 4814
f 9414 2046 9410
f 9414 9410 9409
f 4817 9411 4820
f 4817 4820 674
f 9411 9412 2048
f 9411 2048 4820
f 2047 9410 9411
f 2047 9411 4817
f 9410 2046 9412
f 9410 9412 9411
f 4819 9413 4813
f 4819 4813 673
f 9413 9414 2044
f 9413 2044 4813
f 2048 9412 9413
f 2048 9413 4819
f 9412 2046 9414
f 9412 9414 9413
f 4818 9415 4822
f 4818 4822 301
f 9415 9416 2050
f 9415 2050 4822
f 2047 9420 9415
f 2047 9415 4818
f 9420 2049 9416
f 9420 9416 9415
f 4821 9417 4824
f 4821 4824 675
f 9417 9418 2051
f 9417 2051 4824
f 2050 9416 9417
f 2050 9417 4821
f 9416 2049 9418
f 9416 9418 9417
f 4823 9419 4817
f 4823 4817 674
f 9419 9420 2047
f 9419 2047 4817
f 2051 9418 9419
f 2051 9419 4823
f 9418 2049 9420
f 9418 9420 9419
f 4822 9421 4826
f 4822 4826 301
f 9421 9422 2053
f 9421 2053 4826
f 2050 9426 9421
f 2050 9421 4822
f 9426 2052 9422
f 9426 9422 9421
f 4825 9423 4828
f 4825 4828 676
f 9423 9424 2054
f 9423 2054 4828
f 2053 9422 9423
f 2053 9423 4825
f 9422 2052 9424
f 9422 9424 9423
f 4827 9425 4821
f 4827 4821 675
f 9425 9426 2050
f 9425 2050 4821
f 2054 9424 9425
f 2054 9425 4827
f 9424 2052 9426
f 9424 9426 9425
f 4826 9427 4830
f 4826 4830 301
f 9427 9428 2056
f 9427 2056 4830
f 2053 9432 9427
f 2053 9427 4826
f 9432 2055 9428
f 9432 9428 9427
f 4829 9429 4832
f 4829 4832 677
f 9429 9430 2057
f 9429 2057 4832
f 2056 9428 9429
f 2056 9429 4829
f 9428 2055 9430
f 9428 9430 9429
f 4831 9431 4825
f 4831 4825 676
f 9431 9432 2053
f 9431 2053 4825
f 2057 9430 9431
f 2057 9431 4831
f 9430 2055 9432
f 9430 9432 9431
f 4830 9433 4834
f 4830 4834 301
f 9433 9434 2059
f 9433 2059 4834
f 2056 9438 9433
f 2056 9433 4830
f 9438 2058 9434
f 9438 9434 9433
f 4833 9435 4836
f 4833 4836 678
f 9435 9436 2060
f 9435 2060 4836
f 2059 9434 9435
f 2059 9435 4833
f 9434 2058 9436
f 9434 9436 9435
f 4835 9437 4829
f 4835 4829 677
f 9437 9438 2056
f 9437 2056 4829
f 2060 9436 9437
f 2060 9437 4835
f 9436 2058 9438
f 9436 9438 9437
f 4834 9439 4838
f 4834 4838 301
f 9439 9440 2062
f 9439 2062 4838
f 2059 9444 9439
f 2059 9439 4834
f 9444 2061 9440
f 9444 9440 9439
f 4837 9441 4840
f 4837 4840 679
f 9441 9442 2063
f 9441 2063 4840
f 2062 9440 9441
f 2062 9441 4837
f 9440 2061 9442
f 9440 9442 9441
f 4839 9443 4833
f 4839 4833 678
f 9443 9444 2059
f 9443 2059 4833
f 2063 9442 9443
f 2063 9443 4839
f 9442 2061 9444
f 9442 9444 9443
f 4838 9445 4842
f 4838 4842 301
f 9445 9446 2065
f 9445 2065 4842
f 2062 9450 9445
f 2062 9445 4838
f 9450 2064 9446
f 9450 9446 9445
f 4841 9447 4844
f 4841 4844 680
f 9447 9448 2066
f 9447 2066 4844
f 2065 9446 9447
f 2065 9447 4841
f 9446 2064 9448
f 9446 9448 9447
f 4843 9449 4837
f 4843 4837 679
f 9449 9450 2062
f 9449 2062 4837
f 2066 9448 9449
f 2066 9449 4843
f 9448 2064 9450
f 9448 9450 9449
f 4842 9451 4846
f 4842 4846 301
f 9451 9452 2068
f 9451 2068 4846
f 2065 9456 9451
f 2065 9451 4842
f 9456 2067 9452
f 9456 9452 9451
f 4845 9453 4848
f 4845 4848 681
f 9453 9454 2069
f 9453 2069 4848
f 2068 9452 9453
f 2068 9453 4845
f 9452 2067 9454
f 9452 9454 9453
f 4847 9455 4841
f 4847 4841 680
f 9455 9456 2065
f 9455 2065 4841
f 2069 9454 9455
f 2069 9455 4847
f 9454 2067 9456
f 9454 9456 9455
f 4849 9457 4795
f 4849 4795 444
f 9457 9458 2030
f 9457 2030 4795
f 2071 9464 9457
f 2071 9457 4849
f 9464 2070 9458
f 9464 9458 9457
f 4796 9459 4852
f 4796 4852 686
f 9459 9460 2072
f 9459 2072 4852
f 2030 9458 9459
f 2030 9459 4796
f 9458 2070 9460
f 9458 9460 9459
f 4851 9461 4854
f 4851 4854 687
f 9461 9462 2073
f 9461 2073 4854
f 2072 9460 9461
f 2072 9461 4851
f 9460 2070 9462
f 9460 9462 9461
f 4853 9463 4850
f 4853 4850 447
f 9463 9464 2071
f 9463 2071 4850
f 2073 9462 9463
f 2073 9463 4853
f 9462 2070 9464
f 9462 9464 9463
f 4855 9465 4853
f 4855 4853 447
f 9465 9466 2073
f 9465 2073 4853
f 2075 9472 9465
f 2075 9465 4855
f 9472 2074 9466
f 9472 9466 9465
f 4854 9467 4858
f 4854 4858 687
f 9467 9468 2076
f 9467 2076 4858
f 2073 9466 9467
f 2073 9467 4854
f 9466 2074 9468
f 9466 9468 9467
f 4857 9469 4860
f 4857 4860 688
f 9469 9470 2077
f 9469 2077 4860
f 2076 9468 9469
f 2076 9469 4857
f 9468 2074 9470
f 9468 9470 9469
f 4859 9471 4856
f 4859 4856 448
f 9471 9472 2075
f 9471 2075 4856
f 2077 9470 9471
f 2077 9471 4859
f 9470 2074 9472
f 9470 9472 9471
f 4861 9473 4864
f 4861 4864 442
f 9473 9474 2080
f 9473 2080 4864
f 2079 9480 9473
f 2079 9473 4861
f 9480 2078 9474
f 9480 9474 9473
f 4863 9475 4866
f 4863 4866 441
f 9475 9476 2081
f 9475 2081 4866
f 2080 9474 9475
f 2080 9475 4863
f 9474 2078 9476
f 9474 9476 9475
f 4865 9477 4868
f 4865 4868 414
f 9477 9478 2082
f 9477 2082 4868
f 2081 9476 9477
f 2081 9477 4865
f 9476 2078 9478
f 9476 9478 9477
f 4867 9479 4862
f 4867 4862 413
f 9479 9480 2079
f 9479 2079 4862
f 2082 9478 9479
f 2082 9479 4867
f 9478 2078 9480
f 9478 9480 9479
f 4866 9481 4870
f 4866 4870 441
f 9481 9482 2084
f 9481 2084 4870
f 2081 9488 9481
f 2081 9481 4866
f 9488 2083 9482
f 9488 9482 9481
f 4869 9483 3281
f 4869 3281 54
f 9483 9484 899
f 9483 899 3281
f 2084 9482 9483
f 2084 9483 4869
f 9482 2083 9484
f 9482 9484 9483
f 3282 9485 4872
f 3282 4872 48
f 9485 9486 2085
f 9485 2085 4872
f 899 9484 9485
f 899 9485 3282
f 9484 2083 9486
f 9484 9486 9485
f 4871 9487 4865
f 4871 4865 414
f 9487 9488 2081
f 9487 2081 4865
f 2085 9486 9487
f 2085 9487 4871
f 9486 2083 9488
f 9486 9488 9487
f 4873 9489 4859
f 4873 4859 448
f 9489 9490 2077
f 9489 2077 4859
f 2087 9496 9489
f 2087 9489 4873
f 9496 2086 9490
f 9496 9490 9489
f 4860 9491 4876
f 4860 4876 688
f 9491 9492 2088
f 9491 2088 4876
f 2077 9490 9491
f 2077 9491 4860
f 9490 2086 9492
f 9490 9492 9491
f 4875 9493 4878
f 4875 4878 689
f 9493 9494 2089
f 9493 2089 4878
f 2088 9492 9493
f 2088 9493 4875
f 9492 2086 9494
f 9492 9494 9493
f 4877 9495 4874
f 4877 4874 449
f 9495 9496 2087
f 9495 2087 4874
f 2089 9494 9495
f 2089 9495 4877
f 9494 2086 9496
f 9494 9496 9495
f 4879 9497 4877
f 4879 4877 449
f 9497 9498 2089
f 9497 2089 4877
f 2091 9504 9497
f 2091 9497 4879
f 9504 2090 9498
f 9504 9498 9497
f 4878 9499 4882
f 4878 4882 689
f 9499 9500 2092
f 9499 2092 4882
f 2089 9498 9499
f 2089 9499 4878
f 9498 2090 9500
f 9498 9500 9499
f 4881 9501 4884
f 4881 4884 690
f 9501 9502 2093
f 9501 2093 4884
f 2092 9500 9501
f 2092 9501 4881
f 9500 2090 9502
f 9500 9502 9501
f 4883 9503 4880
f 4883 4880 450
f 9503 9504 2091
f 9503 2091 4880
f 2093 9502 9503
f 2093 9503 4883
f 9502 2090 9504
f 9502 9504 9503
f 4885 9505 4888
f 4885 4888 421
f 9505 9506 2096
f 9505 2096 4888
f 2095 9512 9505
f 2095 9505 4885
f 9512 2094 9506
f 9512 9506 9505
f 4887 9507 4890
f 4887 4890 422
f 9507 9508 2097
f 9507 2097 4890
f 2096 9506 9507
f 2096 9507 4887
f 9506 2094 9508
f 9506 9508 9507
f 4889 9509 4892
f 4889 4892 418
f 9509 9510 2098
f 9509 2098 4892
f 2097 9508 9509
f 2097 9509 4889
f 9508 2094 9510
f 9508 9510 9509
f 4891 9511 4886
f 4891 4886 417
f 9511 9512 2095
f 9511 2095 4886
f 2098 9510 9511
f 2098 9511 4891
f 9510 2094 9512
f 9510 9512 9511
f 4890 9513 4894
f 4890 4894 422
f 9513 9514 2100
f 9513 2100 4894
f 2097 9520 9513
f 2097 9513 4890
f 9520 2099 9514
f 9520 9514 9513
f 4893 9515 3307
f 4893 3307 46
f 9515 9516 916
f 9515 916 3307
f 2100 9514 9515
f 2100 9515 4893
f 9514 2099 9516
f 9514 9516 9515
f 3308 9517 4896
f 3308 4896 47
f 9517 9518 2101
f 9517 2101 4896
f 916 9516 9517
f 916 9517 3308
f 9516 2099 9518
f 9516 9518 9517
f 4895 9519 4889
f 4895 4889 418
f 9519 9520 2097
f 9519 2097 4889
f 2101 9518 9519
f 2101 9519 4895
f 9518 2099 9520
f 9518 9520 9519
f 4897 9521 4883
f 4897 4883 450
f 9521 9522 2093
f 9521 2093 4883
f 2103 9528 9521
f 2103 9521 4897
f 9528 2102 9522
f 9528 9522 9521
f 4884 9523 4900
f 4884 4900 690
f 9523 9524 2104
f 9523 2104 4900
f 2093 9522 9523
f 2093 9523 4884
f 9522 2102 9524
f 9522 9524 9523
f 4899 9525 4902
f 4899 4902 691
f 9525 9526 2105
f 9525 2105 4902
f 2104 9524 9525
f 2104 9525 4899
f 9524 2102 9526
f 9524 9526 9525
f 4901 9527 4898
f 4901 4898 451
f 9527 9528 2103
f 9527 2103 4898
f 2105 9526 9527
f 2105 9527 4901
f 9526 2102 9528
f 9526 9528 9527
f 4903 9529 4901
f 4903 4901 451
f 9529 9530 2105
f 9529 2105 4901
f 2107 9536 9529
f 2107 9529 4903
f 9536 2106 9530
f 9536 9530 9529
f 4902 9531 4906
f 4902 4906 691
f 9531 9532 2108
f 9531 2108 4906
f 2105 9530 9531
f 2105 9531 4902
f 9530 2106 9532
f 9530 9532 9531
f 4905 9533 4908
f 4905 4908 692
f 9533 9534 2109
f 9533 2109 4908
f 2108 9532 9533
f 2108 9533 4905
f 9532 2106 9534
f 9532 9534 9533
f 4907 9535 4904
f 4907 4904 452
f 9535 9536 2107
f 9535 2107 4904
f 2109 9534 9535
f 2109 9535 4907
f 9534 2106 9536
f 9534 9536 9535
f 4909 9537 4912
f 4909 4912 425
f 9537 9538 2112
f 9537 2112 4912
f 2111 9544 9537
f 2111 9537 4909
f 9544 2110 9538
f 9544 9538 9537
f 4911 9539 4914
f 4911 4914 426
f 9539 9540 2113
f 9539 2113 4914
f 2112 9538 9539
f 2112 9539 4911
f 9538 2110 9540
f 9538 9540 9539
f 4913 9541 4887
f 4913 4887 422
f 9541 9542 2096
f 9541 2096 4887
f 2113 9540 9541
f 2113 9541 4913
f 9540 2110 9542
f 9540 9542 9541
f 4888 9543 4910
f 4888 4910 421
f 9543 9544 2111
f 9543 2111 4910
f 2096 9542 9543
f 2096 9543 4888
f 9542 2110 9544
f 9542 9544 9543
f 4914 9545 4916
f 4914 4916 426
f 9545 9546 2115
f 9545 2115 4916
f 2113 9552 9545
f 2113 9545 4914
f 9552 2114 9546
f 9552 9546 9545
f 4915 9547 3329
f 4915 3329 45
f 9547 9548 931
f 9547 931 3329
f 2115 9546 9547
f 2115 9547 4915
f 9546 2114 9548
f 9546 9548 9547
f 3330 9549 4893
f 3330 4893 46
f 9549 9550 2100
f 9549 2100 4893
f 931 9548 9549
f 931 9549 3330
f 9548 2114 9550
f 9548 9550 9549
f 4894 9551 4913
f 4894 4913 422
f 9551 9552 2113
f 9551 2113 4913
f 2100 9550 9551
f 2100 9551 4894
f 9550 2114 9552
f 9550 9552 9551
f 4917 9553 4907
f 4917 4907 452
f 9553 9554 2109
f 9553 2109 4907
f 2117 9560 9553
f 2117 9553 4917
f 9560 2116 9554
f 9560 9554 9553
f 4908 9555 4920
f 4908 4920 692
f 9555 9556 2118
f 9555 2118 4920
f 2109 9554 9555
f 2109 9555 4908
f 9554 2116 9556
f 9554 9556 9555
f 4919 9557 4922
f 4919 4922 693
f 9557 9558 2119
f 9557 2119 4922
f 2118 9556 9557
f 2118 9557 4919
f 9556 2116 9558
f 9556 9558 9557
f 4921 9559 4918
f 4921 4918 453
f 9559 9560 2117
f 9559 2117 4918
f 2119 9558 9559
f 2119 9559 4921
f 9558 2116 9560
f 9558 9560 9559
f 4923 9561 4921
f 4923 4921 453
f 9561 9562 2119
f 9561 2119 4921
f 2121 9568 9561
f 2121 9561 4923
f 9568 2120 9562
f 9568 9562 9561
f 4922 9563 4926
f 4922 4926 693
f 9563 9564 2122
f 9563 2122 4926
f 2119 9562 9563
f 2119 9563 4922
f 9562 2120 9564
f 9562 9564 9563
f 4925 9565 4928
f 4925 4928 694
f 9565 9566 2123
f 9565 2123 4928
f 2122 9564 9565
f 2122 9565 4925
f 9564 2120 9566
f 9564 9566 9565
f 4927 9567 4924
f 4927 4924 454
f 9567 9568 2121
f 9567 2121 4924
f 2123 9566 9567
f 2123 9567 4927
f 9566 2120 9568
f 9566 9568 9567
f 4929 9569 4932
f 4929 4932 429
f 9569 9570 2126
f 9569 2126 4932
f 2125 9576 9569
f 2125 9569 4929
f 9576 2124 9570
f 9576 9570 9569
f 4931 9571 4934
f 4931 4934 430
f 9571 9572 2127
f 9571 2127 4934
f 2126 9570 9571
f 2126 9571 4931
f 9570 2124 9572
f 9570 9572 9571
f 4933 9573 4911
f 4933 4911 426
f 9573 9574 2112
f 9573 2112 4911
f 2127 9572 9573
f 2127 9573 4933
f 9572 2124 9574
f 9572 9574 9573
f 4912 9575 4930
f 4912 4930 425
f 9575 9576 2125
f 9575 2125 4930
f 2112 9574 9575
f 2112 9575 4912
f 9574 2124 9576
f 9574 9576 9575
f 4934 9577 4936
f 4934 4936 430
f 9577 9578 2129
f 9577 2129 4936
f 2127 9584 9577
f 2127 9577 4934
f 9584 2128 9578
f 9584 9578 9577
f 4935 9579 3351
f 4935 3351 44
f 9579 9580 946
f 9579 946 3351
f 2129 9578 9579
f 2129 9579 4935
f 9578 2128 9580
f 9578 9580 9579
f 3352 9581 4915
f 3352 4915 45
f 9581 9582 2115
f 9581 2115 4915
f 946 9580 9581
f 946 9581 3352
f 9580 2128 9582
f 9580 9582 9581
f 4916 9583 4933
f 4916 4933 426
f 9583 9584 2127
f 9583 2127 4933
f 2115 9582 9583
f 2115 9583 4916
f 9582 2128 9584
f 9582 9584 9583
f 4937 9585 4927
f 4937 4927 454
f 9585 9586 2123
f 9585 2123 4927
f 2131 9592 9585
f 2131 9585 4937
f 9592 2130 9586
f 9592 9586 9585
f 4928 9587 4940
f 4928 4940 694
f 9587 9588 2132
f 9587 2132 4940
f 2123 9586 9587
f 2123 9587 4928
f 9586 2130 9588
f 9586 9588 9587
f 4939 9589 4942
f 4939 4942 695
f 9589 9590 2133
f 9589 2133 4942
f 2132 9588 9589
f 2132 9589 4939
f 9588 2130 9590
f 9588 9590 9589
f 4941 9591 4938
f 4941 4938 455
f 9591 9592 2131
f 9591 2131 4938
f 2133 9590 9591
f 2133 9591 4941
f 9590 2130 9592
f 9590 9592 9591
f 4943 9593 4941
f 4943 4941 455
f 9593 9594 2133
f 9593 2133 4941
f 2135 9600 9593
f 2135 9593 4943
f 9600 2134 9594
f 9600 9594 9593
f 4942 9595 4946
f 4942 4946 695
f 9595 9596 2136
f 9595 2136 4946
f 2133 9594 9595
f 2133 9595 4942
f 9594 2134 9596
f 9594 9596 9595
f 4945 9597 4948
f 4945 4948 696
f 9597 9598 2137
f 9597 2137 4948
f 2136 9596 9597
f 2136 9597 4945
f 9596 2134 9598
f 9596 9598 9597
f 4947 9599 4944
f 4947 4944 456
f 9599 9600 2135
f 9599 2135 4944
f 2137 9598 9599
f 2137 9599 4947
f 9598 2134 9600
f 9598 9600 9599
f 4949 9601 4952
f 4949 4952 433
f 9601 9602 2140
f 9601 2140 4952
f 2139 9608 9601
f 2139 9601 4949
f 9608 2138 9602
f 9608 9602 9601
f 4951 9603 4954
f 4951 4954 434
f 9603 9604 2141
f 9603 2141 4954
f 2140 9602 9603
f 2140 9603 4951
f 9602 2138 9604
f 9602 9604 9603
f 4953 9605 4931
f 4953 4931 430
f 9605 9606 2126
f 9605 2126 4931
f 2141 9604 9605
f 2141 9605 4953
f 9604 2138 9606
f 9604 9606 9605
f 4932 9607 4950
f 4932 4950 429
f 9607 9608 2139
f 9607 2139 4950
f 2126 9606 9607
f 2126 9607 4932
f 9606 2138 9608
f 9606 9608 9607
f 4954 9609 4956
f 4954 4956 434
f 9609 9610 2143
f 9609 2143 4956
f 2141 9616 9609
f 2141 9609 4954
f 9616 2142 9610
f 9616 9610 9609
f 4955 9611 3373
f 4955 3373 43
f 9611 9612 961
f 9611 961 3373
f 2143 9610 9611
f 2143 9611 4955
f 9610 2142 9612
f 9610 9612 9611
f 3374 9613 4935
f 3374 4935 44
f 9613 9614 2129
f 9613 2129 4935
f 961 9612 9613
f 961 9613 3374
f 9612 2142 9614
f 9612 9614 9613
f 4936 9615 4953
f 4936 4953 430
f 9615 9616 2141
f 9615 2141 4953
f 2129 9614 9615
f 2129 9615 4936
f 9614 2142 9616
f 9614 9616 9615
f 4957 9617 4947
f 4957 4947 456
f 9617 9618 2137
f 9617 2137 4947
f 2145 9624 9617
f 2145 9617 4957
f 9624 2144 9618
f 9624 9618 9617
f 4948 9619 4960
f 4948 4960 696
f 9619 9620 2146
f 9619 2146 4960
f 2137 9618 9619
f 2137 9619 4948
f 9618 2144 9620
f 9618 9620 9619
f 4959 9621 4962
f 4959 4962 697
f 9621 9622 2147
f 9621 2147 4962
f 2146 9620 9621
f 2146 9621 4959
f 9620 2144 9622
f 9620 9622 9621
f 4961 9623 4958
f 4961 4958 457
f 9623 9624 2145
f 9623 2145 4958
f 2147 9622 9623
f 2147 9623 4961
f 9622 2144 9624
f 9622 9624 9623
f 4963 9625 4961
f 4963 4961 457
f 9625 9626 2147
f 9625 2147 4961
f 2149 9632 9625
f 2149 9625 4963
f 9632 2148 9626
f 9632 9626 9625
f 4962 9627 4966
f 4962 4966 697
f 9627 9628 2150
f 9627 2150 4966
f 2147 9626 9627
f 2147 9627 4962
f 9626 2148 9628
f 9626 9628 9627
f 4965 9629 4781
f 4965 4781 698
f 9629 9630 2021
f 9629 2021 4781
f 2150 9628 9629
f 2150 9629 4965
f 9628 2148 9630
f 9628 9630 9629
f 4782 9631 4964
f 4782 4964 458
f 9631 9632 2149
f 9631 2149 4964
f 2021 9630 9631
f 2021 9631 4782
f 9630 2148 9632
f 9630 9632 9631
f 4967 9633 4970
f 4967 4970 435
f 9633 9634 2153
f 9633 2153 4970
f 2152 9640 9633
f 2152 9633 4967
f 9640 2151 9634
f 9640 9634 9633
f 4969 9635 4972
f 4969 4972 436
f 9635 9636 2154
f 9635 2154 4972
f 2153 9634 9635
f 2153 9635 4969
f 9634 2151 9636
f 9634 9636 9635
f 4971 9637 4951
f 4971 4951 434
f 9637 9638 2140
f 9637 2140 4951
f 2154 9636 9637
f 2154 9637 4971
f 9636 2151 9638
f 9636 9638 9637
f 4952 9639 4968
f 4952 4968 433
f 9639 9640 2152
f 9639 2152 4968
f 2140 9638 9639
f 2140 9639 4952
f 9638 2151 9640
f 9638 9640 9639
f 4972 9641 4974
f 4972 4974 436
f 9641 9642 2156
f 9641 2156 4974
f 2154 9648 9641
f 2154 9641 4972
f 9648 2155 9642
f 9648 9642 9641
f 4973 9643 3393
f 4973 3393 42
f 9643 9644 975
f 9643 975 3393
f 2156 9642 9643
f 2156 9643 4973
f 9642 2155 9644
f 9642 9644 9643
f 3394 9645 4955
f 3394 4955 43
f 9645 9646 2143
f 9645 2143 4955
f 975 9644 9645
f 975 9645 3394
f 9644 2155 9646
f 9644 9646 9645
f 4956 9647 4971
f 4956 4971 434
f 9647 9648 2154
f 9647 2154 4971
f 2143 9646 9647
f 2143 9647 4956
f 9646 2155 9648
f 9646 9648 9647
f 4975 9649 4978
f 4975 4978 472
f 9649 9650 2159
f 9649 2159 4978
f 2158 9656 9649
f 2158 9649 4975
f 9656 2157 9650
f 9656 9650 9649
f 4977 9651 4980
f 4977 4980 557
f 9651 9652 2160
f 9651 2160 4980
f 2159 9650 9651
f 2159 9651 4977
f 9650 2157 9652
f 9650 9652 9651
f 4979 9653 3397
f 4979 3397 186
f 9653 9654 978
f 9653 978 3397
f 2160 9652 9653
f 2160 9653 4979
f 9652 2157 9654
f 9652 9654 9653
f 3398 9655 4976
f 3398 4976 75
f 9655 9656 2158
f 9655 2158 4976
f 978 9654 9655
f 978 9655 3398
f 9654 2157 9656
f 9654 9656 9655
f 4981 9657 3409
f 4981 3409 76
f 9657 9658 985
f 9657 985 3409
f 2162 9664 9657
f 2162 9657 4981
f 9664 2161 9658
f 9664 9658 9657
f 3410 9659 4984
f 3410 4984 217
f 9659 9660 2163
f 9659 2163 4984
f 985 9658 9659
f 985 9659 3410
f 9658 2161 9660
f 9658 9660 9659
f 4983 9661 4986
f 4983 4986 584
f 9661 9662 2164
f 9661 2164 4986
f 2163 9660 9661
f 2163 9661 4983
f 9660 2161 9662
f 9660 9662 9661
f 4985 9663 4982
f 4985 4982 459
f 9663 9664 2162
f 9663 2162 4982
f 2164 9662 9663
f 2164 9663 4985
f 9662 2161 9664
f 9662 9664 9663
f 4987 9665 4990
f 4987 4990 446
f 9665 9666 2167
f 9665 2167 4990
f 2166 9672 9665
f 2166 9665 4987
f 9672 2165 9666
f 9672 9666 9665
f 4989 9667 4992
f 4989 4992 445
f 9667 9668 2168
f 9667 2168 4992
f 2167 9666 9667
f 2167 9667 4989
f 9666 2165 9668
f 9666 9668 9667
f 4991 9669 4969
f 4991 4969 436
f 9669 9670 2153
f 9669 2153 4969
f 2168 9668 9669
f 2168 9669 4991
f 9668 2165 9670
f 9668 9670 9669
f 4970 9671 4988
f 4970 4988 435
f 9671 9672 2166
f 9671 2166 4988
f 2153 9670 9671
f 2153 9671 4970
f 9670 2165 9672
f 9670 9672 9671
f 4992 9673 4994
f 4992 4994 445
f 9673 9674 2170
f 9673 2170 4994
f 2168 9680 9673
f 2168 9673 4992
f 9680 2169 9674
f 9680 9674 9673
f 4993 9675 3419
f 4993 3419 60
f 9675 9676 992
f 9675 992 3419
f 2170 9674 9675
f 2170 9675 4993
f 9674 2169 9676
f 9674 9676 9675
f 3420 9677 4973
f 3420 4973 42
f 9677 9678 2156
f 9677 2156 4973
f 992 9676 9677
f 992 9677 3420
f 9676 2169 9678
f 9676 9678 9677
f 4974 9679 4991
f 4974 4991 436
f 9679 9680 2168
f 9679 2168 4991
f 2156 9678 9679
f 2156 9679 4974
f 9678 2169 9680
f 9678 9680 9679
f 4995 9681 3427
f 4995 3427 241
f 9681 9682 997
f 9681 997 3427
f 2172 9688 9681
f 2172 9681 4995
f 9688 2171 9682
f 9688 9682 9681
f 3428 9683 4998
f 3428 4998 211
f 9683 9684 2173
f 9683 2173 4998
f 997 9682 9683
f 997 9683 3428
f 9682 2171 9684
f 9682 9684 9683
f 4997 9685 5000
f 4997 5000 604
f 9685 9686 2174
f 9685 2174 5000
f 2173 9684 9685
f 2173 9685 4997
f 9684 2171 9686
f 9684 9686 9685
f 4999 9687 4996
f 4999 4996 630
f 9687 9688 2172
f 9687 2172 4996
f 2174 9686 9687
f 2174 9687 4999
f 9686 2171 9688
f 9686 9688 9687
f 5001 9689 4999
f 5001 4999 630
f 9689 9690 2174
f 9689 2174 4999
f 2176 9696 9689
f 2176 9689 5001
f 9696 2175 9690
f 9696 9690 9689
f 5000 9691 5004
f 5000 5004 604
f 9691 9692 2177
f 9691 2177 5004
f 2174 9690 9691
f 2174 9691 5000
f 9690 2175 9692
f 9690 9692 9691
f 5003 9693 5006
f 5003 5006 603
f 9693 9694 2178
f 9693 2178 5006
f 2177 9692 9693
f 2177 9693 5003
f 9692 2175 9694
f 9692 9694 9693
f 5005 9695 5002
f 5005 5002 629
f 9695 9696 2176
f 9695 2176 5002
f 2178 9694 9695
f 2178 9695 5005
f 9694 2175 9696
f 9694 9696 9695
f 3442 9697 5008
f 3442 5008 51
f 9697 9698 2180
f 9697 2180 5008
f 1006 9704 9697
f 1006 9697 3442
f 9704 2179 9698
f 9704 9698 9697
f 5007 9699 4861
f 5007 4861 442
f 9699 9700 2079
f 9699 2079 4861
f 2180 9698 9699
f 2180 9699 5007
f 9698 2179 9700
f 9698 9700 9699
f 4862 9701 5010
f 4862 5010 413
f 9701 9702 2181
f 9701 2181 5010
f 2079 9700 9701
f 2079 9701 4862
f 9700 2179 9702
f 9700 9702 9701
f 5009 9703 3441
f 5009 3441 33
f 9703 9704 1006
f 9703 1006 3441
f 2181 9702 9703
f 2181 9703 5009
f 9702 2179 9704
f 9702 9704 9703
f 5011 9705 4985
f 5011 4985 459
f 9705 9706 2164
f 9705 2164 4985
f 2183 9712 9705
f 2183 9705 5011
f 9712 2182 9706
f 9712 9706 9705
f 4986 9707 5014
f 4986 5014 584
f 9707 9708 2184
f 9707 2184 5014
f 2164 9706 9707
f 2164 9707 4986
f 9706 2182 9708
f 9706 9708 9707
f 5013 9709 5016
f 5013 5016 583
f 9709 9710 2185
f 9709 2185 5016
f 2184 9708 9709
f 2184 9709 5013
f 9708 2182 9710
f 9708 9710 9709
f 5015 9711 5012
f 5015 5012 460
f 9711 9712 2183
f 9711 2183 5012
f 2185 9710 9711
f 2185 9711 5015
f 9710 2182 9712
f 9710 9712 9711
f 3454 9713 5018
f 3454 5018 35
f 9713 9714 2187
f 9713 2187 5018
f 1014 9720 9713
f 1014 9713 3454
f 9720 2186 9714
f 9720 9714 9713
f 5017 9715 4885
f 5017 4885 421
f 9715 9716 2095
f 9715 2095 4885
f 2187 9714 9715
f 2187 9715 5017
f 9714 2186 9716
f 9714 9716 9715
f 4886 9717 5020
f 4886 5020 417
f 9717 9718 2188
f 9717 2188 5020
f 2095 9716 9717
f 2095 9717 4886
f 9716 2186 9718
f 9716 9718 9717
f 5019 9719 3453
f 5019 3453 34
f 9719 9720 1014
f 9719 1014 3453
f 2188 9718 9719
f 2188 9719 5019
f 9718 2186 9720
f 9718 9720 9719
f 5021 9721 5015
f 5021 5015 460
f 9721 9722 2185
f 9721 2185 5015
f 2190 9728 9721
f 2190 9721 5021
f 9728 2189 9722
f 9728 9722 9721
f 5016 9723 5024
f 5016 5024 583
f 9723 9724 2191
f 9723 2191 5024
f 2185 9722 9723
f 2185 9723 5016
f 9722 2189 9724
f 9722 9724 9723
f 5023 9725 5026
f 5023 5026 582
f 9725 9726 2192
f 9725 2192 5026
f 2191 9724 9725
f 2191 9725 5023
f 9724 2189 9726
f 9724 9726 9725
f 5025 9727 5022
f 5025 5022 461
f 9727 9728 2190
f 9727 2190 5022
f 2192 9726 9727
f 2192 9727 5025
f 9726 2189 9728
f 9726 9728 9727
f 3464 9729 5028
f 3464 5028 36
f 9729 9730 2194
f 9729 2194 5028
f 1021 9736 9729
f 1021 9729 3464
f 9736 2193 9730
f 9736 9730 9729
f 5027 9731 4909
f 5027 4909 425
f 9731 9732 2111
f 9731 2111 4909
f 2194 9730 9731
f 2194 9731 5027
f 9730 2193 9732
f 9730 9732 9731
f 4910 9733 5017
f 4910 5017 421
f 9733 9734 2187
f 9733 2187 5017
f 2111 9732 9733
f 2111 9733 4910
f 9732 2193 9734
f 9732 9734 9733
f 5018 9735 3463
f 5018 3463 35
f 9735 9736 1021
f 9735 1021 3463
f 2187 9734 9735
f 2187 9735 5018
f 9734 2193 9736
f 9734 9736 9735
f 5029 9737 5025
f 5029 5025 461
f 9737 9738 2192
f 9737 2192 5025
f 2196 9744 9737
f 2196 9737 5029
f 9744 2195 9738
f 9744 9738 9737
f 5026 9739 5032
f 5026 5032 582
f 9739 9740 2197
f 9739 2197 5032
f 2192 9738 9739
f 2192 9739 5026
f 9738 2195 9740
f 9738 9740 9739
f 5031 9741 5034
f 5031 5034 581
f 9741 9742 2198
f 9741 2198 5034
f 2197 9740 9741
f 2197 9741 5031
f 9740 2195 9742
f 9740 9742 9741
f 5033 9743 5030
f 5033 5030 462
f 9743 9744 2196
f 9743 2196 5030
f 2198 9742 9743
f 2198 9743 5033
f 9742 2195 9744
f 9742 9744 9743
f 3474 9745 5036
f 3474 5036 37
f 9745 9746 2200
f 9745 2200 5036
f 1028 9752 9745
f 1028 9745 3474
f 9752 2199 9746
f 9752 9746 9745
f 5035 9747 4929
f 5035 4929 429
f 9747 9748 2125
f 9747 2125 4929
f 2200 9746 9747
f 2200 9747 5035
f 9746 2199 9748
f 9746 9748 9747
f 4930 9749 5027
f 4930 5027 425
f 9749 9750 2194
f 9749 2194 5027
f 2125 9748 9749
f 2125 9749 4930
f 9748 2199 9750
f 9748 9750 9749
f 5028 9751 3473
f 5028 3473 36
f 9751 9752 1028
f 9751 1028 3473
f 2194 9750 9751
f 2194 9751 5028
f 9750 2199 9752
f 9750 9752 9751
f 5037 9753 5033
f 5037 5033 462
f 9753 9754 2198
f 9753 2198 5033
f 2202 9760 9753
f 2202 9753 5037
f 9760 2201 9754
f 9760 9754 9753
f 5034 9755 5040
f 5034 5040 581
f 9755 9756 2203
f 9755 2203 5040
f 2198 9754 9755
f 2198 9755 5034
f 9754 2201 9756
f 9754 9756 9755
f 5039 9757 5042
f 5039 5042 580
f 9757 9758 2204
f 9757 2204 5042
f 2203 9756 9757
f 2203 9757 5039
f 9756 2201 9758
f 9756 9758 9757
f 5041 9759 5038
f 5041 5038 463
f 9759 9760 2202
f 9759 2202 5038
f 2204 9758 9759
f 2204 9759 5041
f 9758 2201 9760
f 9758 9760 9759
f 3484 9761 5044
f 3484 5044 38
f 9761 9762 2206
f 9761 2206 5044
f 1035 9768 9761
f 1035 9761 3484
f 9768 2205 9762
f 9768 9762 9761
f 5043 9763 4949
f 5043 4949 433
f 9763 9764 2139
f 9763 2139 4949
f 2206 9762 9763
f 2206 9763 5043
f 9762 2205 9764
f 9762 9764 9763
f 4950 9765 5035
f 4950 5035 429
f 9765 9766 2200
f 9765 2200 5035
f 2139 9764 9765
f 2139 9765 4950
f 9764 2205 9766
f 9764 9766 9765
f 5036 9767 3483
f 5036 3483 37
f 9767 9768 1035
f 9767 1035 3483
f 2200 9766 9767
f 2200 9767 5036
f 9766 2205 9768
f 9766 9768 9767
f 5045 9769 5041
f 5045 5041 463
f 9769 9770 2204
f 9769 2204 5041
f 2208 9776 9769
f 2208 9769 5045
f 9776 2207 9770
f 9776 9770 9769
f 5042 9771 5048
f 5042 5048 580
f 9771 9772 2209
f 9771 2209 5048
f 2204 9770 9771
f 2204 9771 5042
f 9770 2207 9772
f 9770 9772 9771
f 5047 9773 5050
f 5047 5050 565
f 9773 9774 2210
f 9773 2210 5050
f 2209 9772 9773
f 2209 9773 5047
f 9772 2207 9774
f 9772 9774 9773
f 5049 9775 5046
f 5049 5046 464
f 9775 9776 2208
f 9775 2208 5046
f 2210 9774 9775
f 2210 9775 5049
f 9774 2207 9776
f 9774 9776 9775
f 3494 9777 5052
f 3494 5052 39
f 9777 9778 2212
f 9777 2212 5052
f 1042 9784 9777
f 1042 9777 3494
f 9784 2211 9778
f 9784 9778 9777
f 5051 9779 4967
f 5051 4967 435
f 9779 9780 2152
f 9779 2152 4967
f 2212 9778 9779
f 2212 9779 5051
f 9778 2211 9780
f 9778 9780 9779
f 4968 9781 5043
f 4968 5043 433
f 9781 9782 2206
f 9781 2206 5043
f 2152 9780 9781
f 2152 9781 4968
f 9780 2211 9782
f 9780 9782 9781
f 5044 9783 3493
f 5044 3493 38
f 9783 9784 1042
f 9783 1042 3493
f 2206 9782 9783
f 2206 9783 5044
f 9782 2211 9784
f 9782 9784 9783
f 5053 9785 5049
f 5053 5049 464
f 9785 9786 2210
f 9785 2210 5049
f 2214 9792 9785
f 2214 9785 5053
f 9792 2213 9786
f 9792 9786 9785
f 5050 9787 5056
f 5050 5056 565
f 9787 9788 2215
f 9787 2215 5056
f 2210 9786 9787
f 2210 9787 5050
f 9786 2213 9788
f 9786 9788 9787
f 5055 9789 5058
f 5055 5058 564
f 9789 9790 2216
f 9789 2216 5058
f 2215 9788 9789
f 2215 9789 5055
f 9788 2213 9790
f 9788 9790 9789
f 5057 9791 5054
f 5057 5054 465
f 9791 9792 2214
f 9791 2214 5054
f 2216 9790 9791
f 2216 9791 5057
f 9790 2213 9792
f 9790 9792 9791
f 3504 9793 5060
f 3504 5060 57
f 9793 9794 2218
f 9793 2218 5060
f 1049 9800 9793
f 1049 9793 3504
f 9800 2217 9794
f 9800 9794 9793
f 5059 9795 4987
f 5059 4987 446
f 9795 9796 2166
f 9795 2166 4987
f 2218 9794 9795
f 2218 9795 5059
f 9794 2217 9796
f 9794 9796 9795
f 4988 9797 5051
f 4988 5051 435
f 9797 9798 2212
f 9797 2212 5051
f 2166 9796 9797
f 2166 9797 4988
f 9796 2217 9798
f 9796 9798 9797
f 5052 9799 3503
f 5052 3503 39
f 9799 9800 1049
f 9799 1049 3503
f 2212 9798 9799
f 2212 9799 5052
f 9798 2217 9800
f 9798 9800 9799
f 5061 9801 5057
f 5061 5057 465
f 9801 9802 2216
f 9801 2216 5057
f 2220 9808 9801
f 2220 9801 5061
f 9808 2219 9802
f 9808 9802 9801
f 5058 9803 5064
f 5058 5064 564
f 9803 9804 2221
f 9803 2221 5064
f 2216 9802 9803
f 2216 9803 5058
f 9802 2219 9804
f 9802 9804 9803
f 5063 9805 5066
f 5063 5066 563
f 9805 9806 2222
f 9805 2222 5066
f 2221 9804 9805
f 2221 9805 5063
f 9804 2219 9806
f 9804 9806 9805
f 5065 9807 5062
f 5065 5062 466
f 9807 9808 2220
f 9807 2220 5062
f 2222 9806 9807
f 2222 9807 5065
f 9806 2219 9808
f 9806 9808 9807
f 5067 9809 5005
f 5067 5005 629
f 9809 9810 2178
f 9809 2178 5005
f 2224 9816 9809
f 2224 9809 5067
f 9816 2223 9810
f 9816 9810 9809
f 5006 9811 5070
f 5006 5070 603
f 9811 9812 2225
f 9811 2225 5070
f 2178 9810 9811
f 2178 9811 5006
f 9810 2223 9812
f 9810 9812 9811
f 5069 9813 5072
f 5069 5072 602
f 9813 9814 2226
f 9813 2226 5072
f 2225 9812 9813
f 2225 9813 5069
f 9812 2223 9814
f 9812 9814 9813
f 5071 9815 5068
f 5071 5068 628
f 9815 9816 2224
f 9815 2224 5068
f 2226 9814 9815
f 2226 9815 5071
f 9814 2223 9816
f 9814 9816 9815
f 5073 9817 5071
f 5073 5071 628
f 9817 9818 2226
f 9817 2226 5071
f 2228 9824 9817
f 2228 9817 5073
f 9824 2227 9818
f 9824 9818 9817
f 5072 9819 5076
f 5072 5076 602
f 9819 9820 2229
f 9819 2229 5076
f 2226 9818 9819
f 2226 9819 5072
f 9818 2227 9820
f 9818 9820 9819
f 5075 9821 5078
f 5075 5078 601
f 9821 9822 2230
f 9821 2230 5078
f 2229 9820 9821
f 2229 9821 5075
f 9820 2227 9822
f 9820 9822 9821
f 5077 9823 5074
f 5077 5074 627
f 9823 9824 2228
f 9823 2228 5074
f 2230 9822 9823
f 2230 9823 5077
f 9822 2227 9824
f 9822 9824 9823
f 5079 9825 5065
f 5079 5065 466
f 9825 9826 2222
f 9825 2222 5065
f 2232 9832 9825
f 2232 9825 5079
f 9832 2231 9826
f 9832 9826 9825
f 5066 9827 5082
f 5066 5082 563
f 9827 9828 2233
f 9827 2233 5082
f 2222 9826 9827
f 2222 9827 5066
f 9826 2231 9828
f 9826 9828 9827
f 5081 9829 5084
f 5081 5084 562
f 9829 9830 2234
f 9829 2234 5084
f 2233 9828 9829
f 2233 9829 5081
f 9828 2231 9830
f 9828 9830 9829
f 5083 9831 5080
f 5083 5080 467
f 9831 9832 2232
f 9831 2232 5080
f 2234 9830 9831
f 2234 9831 5083
f 9830 2231 9832
f 9830 9832 9831
f 5085 9833 5083
f 5085 5083 467
f 9833 9834 2234
f 9833 2234 5083
f 2236 9840 9833
f 2236 9833 5085
f 9840 2235 9834
f 9840 9834 9833
f 5084 9835 5088
f 5084 5088 562
f 9835 9836 2237
f 9835 2237 5088
f 2234 9834 9835
f 2234 9835 5084
f 9834 2235 9836
f 9834 9836 9835
f 5087 9837 5090
f 5087 5090 561
f 9837 9838 2238
f 9837 2238 5090
f 2237 9836 9837
f 2237 9837 5087
f 9836 2235 9838
f 9836 9838 9837
f 5089 9839 5086
f 5089 5086 468
f 9839 9840 2236
f 9839 2236 5086
f 2238 9838 9839
f 2238 9839 5089
f 9838 2235 9840
f 9838 9840 9839
f 4864 9841 5092
f 4864 5092 442
f 9841 9842 2240
f 9841 2240 5092
f 2080 9848 9841
f 2080 9841 4864
f 9848 2239 9842
f 9848 9842 9841
f 5091 9843 4891
f 5091 4891 417
f 9843 9844 2098
f 9843 2098 4891
f 2240 9842 9843
f 2240 9843 5091
f 9842 2239 9844
f 9842 9844 9843
f 4892 9845 5094
f 4892 5094 418
f 9845 9846 2241
f 9845 2241 5094
f 2098 9844 9845
f 2098 9845 4892
f 9844 2239 9846
f 9844 9846 9845
f 5093 9847 4863
f 5093 4863 441
f 9847 9848 2080
f 9847 2080 4863
f 2241 9846 9847
f 2241 9847 5093
f 9846 2239 9848
f 9846 9848 9847
f 4870 9849 5093
f 4870 5093 441
f 9849 9850 2241
f 9849 2241 5093
f 2084 9856 9849
f 2084 9849 4870
f 9856 2242 9850
f 9856 9850 9849
f 5094 9851 4895
f 5094 4895 418
f 9851 9852 2101
f 9851 2101 4895
f 2241 9850 9851
f 2241 9851 5094
f 9850 2242 9852
f 9850 9852 9851
f 4896 9853 3539
f 4896 3539 47
f 9853 9854 1074
f 9853 1074 3539
f 2101 9852 9853
f 2101 9853 4896
f 9852 2242 9854
f 9852 9854 9853
f 3540 9855 4869
f 3540 4869 54
f 9855 9856 2084
f 9855 2084 4869
f 1074 9854 9855
f 1074 9855 3540
f 9854 2242 9856
f 9854 9856 9855
f 5095 9857 5089
f 5095 5089 468
f 9857 9858 2238
f 9857 2238 5089
f 2244 9864 9857
f 2244 9857 5095
f 9864 2243 9858
f 9864 9858 9857
f 5090 9859 5098
f 5090 5098 561
f 9859 9860 2245
f 9859 2245 5098
f 2238 9858 9859
f 2238 9859 5090
f 9858 2243 9860
f 9858 9860 9859
f 5097 9861 5100
f 5097 5100 560
f 9861 9862 2246
f 9861 2246 5100
f 2245 9860 9861
f 2245 9861 5097
f 9860 2243 9862
f 9860 9862 9861
f 5099 9863 5096
f 5099 5096 469
f 9863 9864 2244
f 9863 2244 5096
f 2246 9862 9863
f 2246 9863 5099
f 9862 2243 9864
f 9862 9864 9863
f 5101 9865 5099
f 5101 5099 469
f 9865 9866 2246
f 9865 2246 5099
f 2248 9872 9865
f 2248 9865 5101
f 9872 2247 9866
f 9872 9866 9865
f 5100 9867 5104
f 5100 5104 560
f 9867 9868 2249
f 9867 2249 5104
f 2246 9866 9867
f 2246 9867 5100
f 9866 2247 9868
f 9866 9868 9867
f 5103 9869 5106
f 5103 5106 559
f 9869 9870 2250
f 9869 2250 5106
f 2249 9868 9869
f 2249 9869 5103
f 9868 2247 9870
f 9868 9870 9869
f 5105 9871 5102
f 5105 5102 470
f 9871 9872 2248
f 9871 2248 5102
f 2250 9870 9871
f 2250 9871 5105
f 9870 2247 9872
f 9870 9872 9871
f 4990 9873 5108
f 4990 5108 446
f 9873 9874 2252
f 9873 2252 5108
f 2167 9880 9873
f 2167 9873 4990
f 9880 2251 9874
f 9880 9874 9873
f 5107 9875 5110
f 5107 5110 439
f 9875 9876 2253
f 9875 2253 5110
f 2252 9874 9875
f 2252 9875 5107
f 9874 2251 9876
f 9874 9876 9875
f 5109 9877 5112
f 5109 5112 440
f 9877 9878 2254
f 9877 2254 5112
f 2253 9876 9877
f 2253 9877 5109
f 9876 2251 9878
f 9876 9878 9877
f 5111 9879 4989
f 5111 4989 445
f 9879 9880 2167
f 9879 2167 4989
f 2254 9878 9879
f 2254 9879 5111
f 9878 2251 9880
f 9878 9880 9879
f 4994 9881 5111
f 4994 5111 445
f 9881 9882 2254
f 9881 2254 5111
f 2170 9888 9881
f 2170 9881 4994
f 9888 2255 9882
f 9888 9882 9881
f 5112 9883 5114
f 5112 5114 440
f 9883 9884 2256
f 9883 2256 5114
f 2254 9882 9883
f 2254 9883 5112
f 9882 2255 9884
f 9882 9884 9883
f 5113 9885 3559
f 5113 3559 41
f 9885 9886 1088
f 9885 1088 3559
f 2256 9884 9885
f 2256 9885 5113
f 9884 2255 9886
f 9884 9886 9885
f 3560 9887 4993
f 3560 4993 60
f 9887 9888 2170
f 9887 2170 4993
f 1088 9886 9887
f 1088 9887 3560
f 9886 2255 9888
f 9886 9888 9887
f 5008 9889 3563
f 5008 3563 51
f 9889 9890 1091
f 9889 1091 3563
f 2180 9896 9889
f 2180 9889 5008
f 9896 2257 9890
f 9896 9890 9889
f 3564 9891 5019
f 3564 5019 34
f 9891 9892 2188
f 9891 2188 5019
f 1091 9890 9891
f 1091 9891 3564
f 9890 2257 9892
f 9890 9892 9891
f 5020 9893 5091
f 5020 5091 417
f 9893 9894 2240
f 9893 2240 5091
f 2188 9892 9893
f 2188 9893 5020
f 9892 2257 9894
f 9892 9894 9893
f 5092 9895 5007
f 5092 5007 442
f 9895 9896 2180
f 9895 2180 5007
f 2240 9894 9895
f 2240 9895 5092
f 9894 2257 9896
f 9894 9896 9895
f 5115 9897 5105
f 5115 5105 470
f 9897 9898 2250
f 9897 2250 5105
f 2259 9904 9897
f 2259 9897 5115
f 9904 2258 9898
f 9904 9898 9897
f 5106 9899 5118
f 5106 5118 559
f 9899 9900 2260
f 9899 2260 5118
f 2250 9898 9899
f 2250 9899 5106
f 9898 2258 9900
f 9898 9900 9899
f 5117 9901 5120
f 5117 5120 558
f 9901 9902 2261
f 9901 2261 5120
f 2260 9900 9901
f 2260 9901 5117
f 9900 2258 9902
f 9900 9902 9901
f 5119 9903 5116
f 5119 5116 471
f 9903 9904 2259
f 9903 2259 5116
f 2261 9902 9903
f 2261 9903 5119
f 9902 2258 9904
f 9902 9904 9903
f 5060 9905 3573
f 5060 3573 57
f 9905 9906 1098
f 9905 1098 3573
f 2218 9912 9905
f 2218 9905 5060
f 9912 2262 9906
f 9912 9906 9905
f 3574 9907 5122
f 3574 5122 40
f 9907 9908 2263
f 9907 2263 5122
f 1098 9906 9907
f 1098 9907 3574
f 9906 2262 9908
f 9906 9908 9907
f 5121 9909 5107
f 5121 5107 439
f 9909 9910 2252
f 9909 2252 5107
f 2263 9908 9909
f 2263 9909 5121
f 9908 2262 9910
f 9908 9910 9909
f 5108 9911 5059
f 5108 5059 446
f 9911 9912 2218
f 9911 2218 5059
f 2252 9910 9911
f 2252 9911 5108
f 9910 2262 9912
f 9910 9912 9911
f 5123 9913 5119
f 5123 5119 471
f 9913 9914 2261
f 9913 2261 5119
f 2265 9920 9913
f 2265 9913 5123
f 9920 2264 9914
f 9920 9914 9913
f 5120 9915 5126
f 5120 5126 558
f 9915 9916 2266
f 9915 2266 5126
f 2261 9914 9915
f 2261 9915 5120
f 9914 2264 9916
f 9914 9916 9915
f 5125 9917 4977
f 5125 4977 557
f 9917 9918 2159
f 9917 2159 4977
f 2266 9916 9917
f 2266 9917 5125
f 9916 2264 9918
f 9916 9918 9917
f 4978 9919 5124
f 4978 5124 472
f 9919 9920 2265
f 9919 2265 5124
f 2159 9918 9919
f 2159 9919 4978
f 9918 2264 9920
f 9918 9920 9919
f 5127 9921 3583
f 5127 3583 122
f 9921 9922 1105
f 9921 1105 3583
f 2268 9928 9921
f 2268 9921 5127
f 9928 2267 9922
f 9928 9922 9921
f 3584 9923 5130
f 3584 5130 283
f 9923 9924 2269
f 9923 2269 5130
f 1105 9922 9923
f 1105 9923 3584
f 9922 2267 9924
f 9922 9924 9923
f 5129 9925 5132
f 5129 5132 641
f 9925 9926 2270
f 9925 2270 5132
f 2269 9924 9925
f 2269 9925 5129
f 9924 2267 9926
f 9924 9926 9925
f 5131 9927 5128
f 5131 5128 501
f 9927 9928 2268
f 9927 2268 5128
f 2270 9926 9927
f 2270 9927 5131
f 9926 2267 9928
f 9926 9928 9927
f 5133 9929 5131
f 5133 5131 501
f 9929 9930 2270
f 9929 2270 5131
f 2272 9936 9929
f 2272 9929 5133
f 9936 2271 9930
f 9936 9930 9929
f 5132 9931 5136
f 5132 5136 641
f 9931 9932 2273
f 9931 2273 5136
f 2270 9930 9931
f 2270 9931 5132
f 9930 2271 9932
f 9930 9932 9931
f 5135 9933 5138
f 5135 5138 642
f 9933 9934 2274
f 9933 2274 5138
f 2273 9932 9933
f 2273 9933 5135
f 9932 2271 9934
f 9932 9934 9933
f 5137 9935 5134
f 5137 5134 502
f 9935 9936 2272
f 9935 2272 5134
f 2274 9934 9935
f 2274 9935 5137
f 9934 2271 9936
f 9934 9936 9935
f 5139 9937 5137
f 5139 5137 502
f 9937 9938 2274
f 9937 2274 5137
f 2276 9944 9937
f 2276 9937 5139
f 9944 2275 9938
f 9944 9938 9937
f 5138 9939 5142
f 5138 5142 642
f 9939 9940 2277
f 9939 2277 5142
f 2274 9938 9939
f 2274 9939 5138
f 9938 2275 9940
f 9938 9940 9939
f 5141 9941 5144
f 5141 5144 657
f 9941 9942 2278
f 9941 2278 5144
f 2277 9940 9941
f 2277 9941 5141
f 9940 2275 9942
f 9940 9942 9941
f 5143 9943 5140
f 5143 5140 503
f 9943 9944 2276
f 9943 2276 5140
f 2278 9942 9943
f 2278 9943 5143
f 9942 2275 9944
f 9942 9944 9943
f 5145 9945 5143
f 5145 5143 503
f 9945 9946 2278
f 9945 2278 5143
f 2280 9952 9945
f 2280 9945 5145
f 9952 2279 9946
f 9952 9946 9945
f 5144 9947 5148
f 5144 5148 657
f 9947 9948 2281
f 9947 2281 5148
f 2278 9946 9947
f 2278 9947 5144
f 9946 2279 9948
f 9946 9948 9947
f 5147 9949 5150
f 5147 5150 658
f 9949 9950 2282
f 9949 2282 5150
f 2281 9948 9949
f 2281 9949 5147
f 9948 2279 9950
f 9948 9950 9949
f 5149 9951 5146
f 5149 5146 504
f 9951 9952 2280
f 9951 2280 5146
f 2282 9950 9951
f 2282 9951 5149
f 9950 2279 9952
f 9950 9952 9951
f 5151 9953 5149
f 5151 5149 504
f 9953 9954 2282
f 9953 2282 5149
f 2284 9960 9953
f 2284 9953 5151
f 9960 2283 9954
f 9960 9954 9953
f 5150 9955 5154
f 5150 5154 658
f 9955 9956 2285
f 9955 2285 5154
f 2282 9954 9955
f 2282 9955 5150
f 9954 2283 9956
f 9954 9956 9955
f 5153 9957 5156
f 5153 5156 659
f 9957 9958 2286
f 9957 2286 5156
f 2285 9956 9957
f 2285 9957 5153
f 9956 2283 9958
f 9956 9958 9957
f 5155 9959 5152
f 5155 5152 505
f 9959 9960 2284
f 9959 2284 5152
f 2286 9958 9959
f 2286 9959 5155
f 9958 2283 9960
f 9958 9960 9959
f 5157 9961 5155
f 5157 5155 505
f 9961 9962 2286
f 9961 2286 5155
f 2288 9968 9961
f 2288 9961 5157
f 9968 2287 9962
f 9968 9962 9961
f 5156 9963 5160
f 5156 5160 659
f 9963 9964 2289
f 9963 2289 5160
f 2286 9962 9963
f 2286 9963 5156
f 9962 2287 9964
f 9962 9964 9963
f 5159 9965 5162
f 5159 5162 660
f 9965 9966 2290
f 9965 2290 5162
f 2289 9964 9965
f 2289 9965 5159
f 9964 2287 9966
f 9964 9966 9965
f 5161 9967 5158
f 5161 5158 506
f 9967 9968 2288
f 9967 2288 5158
f 2290 9966 9967
f 2290 9967 5161
f 9966 2287 9968
f 9966 9968 9967
f 5163 9969 5161
f 5163 5161 506
f 9969 9970 2290
f 9969 2290 5161
f 2292 9976 9969
f 2292 9969 5163
f 9976 2291 9970
f 9976 9970 9969
f 5162 9971 5166
f 5162 5166 660
f 9971 9972 2293
f 9971 2293 5166
f 2290 9970 9971
f 2290 9971 5162
f 9970 2291 9972
f 9970 9972 9971
f 5165 9973 5168
f 5165 5168 661
f 9973 9974 2294
f 9973 2294 5168
f 2293 9972 9973
f 2293 9973 5165
f 9972 2291 9974
f 9972 9974 9973
f 5167 9975 5164
f 5167 5164 507
f 9975 9976 2292
f 9975 2292 5164
f 2294 9974 9975
f 2294 9975 5167
f 9974 2291 9976
f 9974 9976 9975
f 5169 9977 5167
f 5169 5167 507
f 9977 9978 2294
f 9977 2294 5167
f 2296 9984 9977
f 2296 9977 5169
f 9984 2295 9978
f 9984 9978 9977
f 5168 9979 5172
f 5168 5172 661
f 9979 9980 2297
f 9979 2297 5172
f 2294 9978 9979
f 2294 9979 5168
f 9978 2295 9980
f 9978 9980 9979
f 5171 9981 5174
f 5171 5174 662
f 9981 9982 2298
f 9981 2298 5174
f 2297 9980 9981
f 2297 9981 5171
f 9980 2295 9982
f 9980 9982 9981
f 5173 9983 5170
f 5173 5170 508
f 9983 9984 2296
f 9983 2296 5170
f 2298 9982 9983
f 2298 9983 5173
f 9982 2295 9984
f 9982 9984 9983
f 5175 9985 5173
f 5175 5173 508
f 9985 9986 2298
f 9985 2298 5173
f 2300 9992 9985
f 2300 9985 5175
f 9992 2299 9986
f 9992 9986 9985
f 5174 9987 5178
f 5174 5178 662
f 9987 9988 2301
f 9987 2301 5178
f 2298 9986 9987
f 2298 9987 5174
f 9986 2299 9988
f 9986 9988 9987
f 5177 9989 5180
f 5177 5180 663
f 9989 9990 2302
f 9989 2302 5180
f 2301 9988 9989
f 2301 9989 5177
f 9988 2299 9990
f 9988 9990 9989
f 5179 9991 5176
f 5179 5176 509
f 9991 9992 2300
f 9991 2300 5176
f 2302 9990 9991
f 2302 9991 5179
f 9990 2299 9992
f 9990 9992 9991
f 5181 9993 5179
f 5181 5179 509
f 9993 9994 2302
f 9993 2302 5179
f 2304 10000 9993
f 2304 9993 5181
f 10000 2303 9994
f 10000 9994 9993
f 5180 9995 5184
f 5180 5184 663
f 9995 9996 2305
f 9995 2305 5184
f 2302 9994 9995
f 2302 9995 5180
f 9994 2303 9996
f 9994 9996 9995
f 5183 9997 5186
f 5183 5186 664
f 9997 9998 2306
f 9997 2306 5186
f 2305 9996 9997
f 2305 9997 5183
f 9996 2303 9998
f 9996 9998 9997
f 5185 9999 5182
f 5185 5182 510
f 9999 10000 2304
f 9999 2304 5182
f 2306 9998 9999
f 2306 9999 5185
f 9998 2303 10000
f 9998 10000 9999
f 5187 10001 5185
f 5187 5185 510
f 10001 10002 2306
f 10001 2306 5185
f 2308 10008 10001
f 2308 10001 5187
f 10008 2307 10002
f 10008 10002 10001
f 5186 10003 5190
f 5186 5190 664
f 10003 10004 2309
f 10003 2309 5190
f 2306 10002 10003
f 2306 10003 5186
f 10002 2307 10004
f 10002 10004 10003
f 5189 10005 5192
f 5189 5192 665
f 10005 10006 2310
f 10005 2310 5192
f 2309 10004 10005
f 2309 10005 5189
f 10004 2307 10006
f 10004 10006 10005
f 5191 10007 5188
f 5191 5188 511
f 10007 10008 2308
f 10007 2308 5188
f 2310 10006 10007
f 2310 10007 5191
f 10006 2307 10008
f 10006 10008 10007
f 5193 10009 5191
f 5193 5191 511
f 10009 10010 2310
f 10009 2310 5191
f 2312 10016 10009
f 2312 10009 5193
f 10016 2311 10010
f 10016 10010 10009
f 5192 10011 5196
f 5192 5196 665
f 10011 10012 2313
f 10011 2313 5196
f 2310 10010 10011
f 2310 10011 5192
f 10010 2311 10012
f 10010 10012 10011
f 5195 10013 5198
f 5195 5198 666
f 10013 10014 2314
f 10013 2314 5198
f 2313 10012 10013
f 2313 10013 5195
f 10012 2311 10014
f 10012 10014 10013
f 5197 10015 5194
f 5197 5194 512
f 10015 10016 2312
f 10015 2312 5194
f 2314 10014 10015
f 2314 10015 5197
f 10014 2311 10016
f 10014 10016 10015
f 5199 10017 5197
f 5199 5197 512
f 10017 10018 2314
f 10017 2314 5197
f 2316 10024 10017
f 2316 10017 5199
f 10024 2315 10018
f 10024 10018 10017
f 5198 10019 5202
f 5198 5202 666
f 10019 10020 2317
f 10019 2317 5202
f 2314 10018 10019
f 2314 10019 5198
f 10018 2315 10020
f 10018 10020 10019
f 5201 10021 5204
f 5201 5204 667
f 10021 10022 2318
f 10021 2318 5204
f 2317 10020 10021
f 2317 10021 5201
f 10020 2315 10022
f 10020 10022 10021
f 5203 10023 5200
f 5203 5200 513
f 10023 10024 2316
f 10023 2316 5200
f 2318 10022 10023
f 2318 10023 5203
f 10022 2315 10024
f 10022 10024 10023
f 5205 10025 5203
f 5205 5203 513
f 10025 10026 2318
f 10025 2318 5203
f 2320 10032 10025
f 2320 10025 5205
f 10032 2319 10026
f 10032 10026 10025
f 5204 10027 5208
f 5204 5208 667
f 10027 10028 2321
f 10027 2321 5208
f 2318 10026 10027
f 2318 10027 5204
f 10026 2319 10028
f 10026 10028 10027
f 5207 10029 5210
f 5207 5210 668
f 10029 10030 2322
f 10029 2322 5210
f 2321 10028 10029
f 2321 10029 5207
f 10028 2319 10030
f 10028 10030 10029
f 5209 10031 5206
f 5209 5206 528
f 10031 10032 2320
f 10031 2320 5206
f 2322 10030 10031
f 2322 10031 5209
f 10030 2319 10032
f 10030 10032 10031
f 5211 10033 5209
f 5211 5209 528
f 10033 10034 2322
f 10033 2322 5209
f 2324 10040 10033
f 2324 10033 5211
f 10040 2323 10034
f 10040 10034 10033
f 5210 10035 5214
f 5210 5214 668
f 10035 10036 2325
f 10035 2325 5214
f 2322 10034 10035
f 2322 10035 5210
f 10034 2323 10036
f 10034 10036 10035
f 5213 10037 3665
f 5213 3665 315
f 10037 10038 1160
f 10037 1160 3665
f 2325 10036 10037
f 2325 10037 5213
f 10036 2323 10038
f 10036 10038 10037
f 3666 10039 5212
f 3666 5212 153
f 10039 10040 2324
f 10039 2324 5212
f 1160 10038 10039
f 1160 10039 3666
f 10038 2323 10040
f 10038 10040 10039
f 5215 10041 5218
f 5215 5218 473
f 10041 10042 2328
f 10041 2328 5218
f 2327 10048 10041
f 2327 10041 5215
f 10048 2326 10042
f 10048 10042 10041
f 5217 10043 5220
f 5217 5220 699
f 10043 10044 2329
f 10043 2329 5220
f 2328 10042 10043
f 2328 10043 5217
f 10042 2326 10044
f 10042 10044 10043
f 5219 10045 3671
f 5219 3671 349
f 10045 10046 1164
f 10045 1164 3671
f 2329 10044 10045
f 2329 10045 5219
f 10044 2326 10046
f 10044 10046 10045
f 3672 10047 5216
f 3672 5216 91
f 10047 10048 2327
f 10047 2327 5216
f 1164 10046 10047
f 1164 10047 3672
f 10046 2326 10048
f 10046 10048 10047
f 5221 10049 5224
f 5221 5224 475
f 10049 10050 2332
f 10049 2332 5224
f 2331 10056 10049
f 2331 10049 5221
f 10056 2330 10050
f 10056 10050 10049
f 5223 10051 5226
f 5223 5226 700
f 10051 10052 2333
f 10051 2333 5226
f 2332 10050 10051
f 2332 10051 5223
f 10050 2330 10052
f 10050 10052 10051
f 5225 10053 5217
f 5225 5217 699
f 10053 10054 2328
f 10053 2328 5217
f 2333 10052 10053
f 2333 10053 5225
f 10052 2330 10054
f 10052 10054 10053
f 5218 10055 5222
f 5218 5222 473
f 10055 10056 2331
f 10055 2331 5222
f 2328 10054 10055
f 2328 10055 5218
f 10054 2330 10056
f 10054 10056 10055
f 5227 10057 5230
f 5227 5230 477
f 10057 10058 2336
f 10057 2336 5230
f 2335 10064 10057
f 2335 10057 5227
f 10064 2334 10058
f 10064 10058 10057
f 5229 10059 5232
f 5229 5232 701
f 10059 10060 2337
f 10059 2337 5232
f 2336 10058 10059
f 2336 10059 5229
f 10058 2334 10060
f 10058 10060 10059
f 5231 10061 5223
f 5231 5223 700
f 10061 10062 2332
f 10061 2332 5223
f 2337 10060 10061
f 2337 10061 5231
f 10060 2334 10062
f 10060 10062 10061
f 5224 10063 5228
f 5224 5228 475
f 10063 10064 2335
f 10063 2335 5228
f 2332 10062 10063
f 2332 10063 5224
f 10062 2334 10064
f 10062 10064 10063
f 5233 10065 5236
f 5233 5236 479
f 10065 10066 2340
f 10065 2340 5236
f 2339 10072 10065
f 2339 10065 5233
f 10072 2338 10066
f 10072 10066 10065
f 5235 10067 5238
f 5235 5238 702
f 10067 10068 2341
f 10067 2341 5238
f 2340 10066 10067
f 2340 10067 5235
f 10066 2338 10068
f 10066 10068 10067
f 5237 10069 5229
f 5237 5229 701
f 10069 10070 2336
f 10069 2336 5229
f 2341 10068 10069
f 2341 10069 5237
f 10068 2338 10070
f 10068 10070 10069
f 5230 10071 5234
f 5230 5234 477
f 10071 10072 2339
f 10071 2339 5234
f 2336 10070 10071
f 2336 10071 5230
f 10070 2338 10072
f 10070 10072 10071
f 5239 10073 5242
f 5239 5242 481
f 10073 10074 2344
f 10073 2344 5242
f 2343 10080 10073
f 2343 10073 5239
f 10080 2342 10074
f 10080 10074 10073
f 5241 10075 5244
f 5241 5244 703
f 10075 10076 2345
f 10075 2345 5244
f 2344 10074 10075
f 2344 10075 5241
f 10074 2342 10076
f 10074 10076 10075
f 5243 10077 5235
f 5243 5235 702
f 10077 10078 2340
f 10077 2340 5235
f 2345 10076 10077
f 2345 10077 5243
f 10076 2342 10078
f 10076 10078 10077
f 5236 10079 5240
f 5236 5240 479
f 10079 10080 2343
f 10079 2343 5240
f 2340 10078 10079
f 2340 10079 5236
f 10078 2342 10080
f 10078 10080 10079
f 5245 10081 5248
f 5245 5248 483
f 10081 10082 2348
f 10081 2348 5248
f 2347 10088 10081
f 2347 10081 5245
f 10088 2346 10082
f 10088 10082 10081
f 5247 10083 5250
f 5247 5250 704
f 10083 10084 2349
f 10083 2349 5250
f 2348 10082 10083
f 2348 10083 5247
f 10082 2346 10084
f 10082 10084 10083
f 5249 10085 5241
f 5249 5241 703
f 10085 10086 2344
f 10085 2344 5241
f 2349 10084 10085
f 2349 10085 5249
f 10084 2346 10086
f 10084 10086 10085
f 5242 10087 5246
f 5242 5246 481
f 10087 10088 2347
f 10087 2347 5246
f 2344 10086 10087
f 2344 10087 5242
f 10086 2346 10088
f 10086 10088 10087
f 5251 10089 5254
f 5251 5254 485
f 10089 10090 2352
f 10089 2352 5254
f 2351 10096 10089
f 2351 10089 5251
f 10096 2350 10090
f 10096 10090 10089
f 5253 10091 5256
f 5253 5256 705
f 10091 10092 2353
f 10091 2353 5256
f 2352 10090 10091
f 2352 10091 5253
f 10090 2350 10092
f 10090 10092 10091
f 5255 10093 5247
f 5255 5247 704
f 10093 10094 2348
f 10093 2348 5247
f 2353 10092 10093
f 2353 10093 5255
f 10092 2350 10094
f 10092 10094 10093
f 5248 10095 5252
f 5248 5252 483
f 10095 10096 2351
f 10095 2351 5252
f 2348 10094 10095
f 2348 10095 5248
f 10094 2350 10096
f 10094 10096 10095
f 5257 10097 5260
f 5257 5260 487
f 10097 10098 2356
f 10097 2356 5260
f 2355 10104 10097
f 2355 10097 5257
f 10104 2354 10098
f 10104 10098 10097
f 5259 10099 5262
f 5259 5262 706
f 10099 10100 2357
f 10099 2357 5262
f 2356 10098 10099
f 2356 10099 5259
f 10098 2354 10100
f 10098 10100 10099
f 5261 10101 5253
f 5261 5253 705
f 10101 10102 2352
f 10101 2352 5253
f 2357 10100 10101
f 2357 10101 5261
f 10100 2354 10102
f 10100 10102 10101
f 5254 10103 5258
f 5254 5258 485
f 10103 10104 2355
f 10103 2355 5258
f 2352 10102 10103
f 2352 10103 5254
f 10102 2354 10104
f 10102 10104 10103
f 5263 10105 5266
f 5263 5266 489
f 10105 10106 2360
f 10105 2360 5266
f 2359 10112 10105
f 2359 10105 5263
f 10112 2358 10106
f 10112 10106 10105
f 5265 10107 5268
f 5265 5268 707
f 10107 10108 2361
f 10107 2361 5268
f 2360 10106 10107
f 2360 10107 5265
f 10106 2358 10108
f 10106 10108 10107
f 5267 10109 5259
f 5267 5259 706
f 10109 10110 2356
f 10109 2356 5259
f 2361 10108 10109
f 2361 10109 5267
f 10108 2358 10110
f 10108 10110 10109
f 5260 10111 5264
f 5260 5264 487
f 10111 10112 2359
f 10111 2359 5264
f 2356 10110 10111
f 2356 10111 5260
f 10110 2358 10112
f 10110 10112 10111
f 5269 10113 5272
f 5269 5272 491
f 10113 10114 2364
f 10113 2364 5272
f 2363 10120 10113
f 2363 10113 5269
f 10120 2362 10114
f 10120 10114 10113
f 5271 10115 5274
f 5271 5274 708
f 10115 10116 2365
f 10115 2365 5274
f 2364 10114 10115
f 2364 10115 5271
f 10114 2362 10116
f 10114 10116 10115
f 5273 10117 5265
f 5273 5265 707
f 10117 10118 2360
f 10117 2360 5265
f 2365 10116 10117
f 2365 10117 5273
f 10116 2362 10118
f 10116 10118 10117
f 5266 10119 5270
f 5266 5270 489
f 10119 10120 2363
f 10119 2363 5270
f 2360 10118 10119
f 2360 10119 5266
f 10118 2362 10120
f 10118 10120 10119
f 5275 10121 5278
f 5275 5278 493
f 10121 10122 2368
f 10121 2368 5278
f 2367 10128 10121
f 2367 10121 5275
f 10128 2366 10122
f 10128 10122 10121
f 5277 10123 5280
f 5277 5280 709
f 10123 10124 2369
f 10123 2369 5280
f 2368 10122 10123
f 2368 10123 5277
f 10122 2366 10124
f 10122 10124 10123
f 5279 10125 5271
f 5279 5271 708
f 10125 10126 2364
f 10125 2364 5271
f 2369 10124 10125
f 2369 10125 5279
f 10124 2366 10126
f 10124 10126 10125
f 5272 10127 5276
f 5272 5276 491
f 10127 10128 2367
f 10127 2367 5276
f 2364 10126 10127
f 2364 10127 5272
f 10126 2366 10128
f 10126 10128 10127
f 5281 10129 5284
f 5281 5284 495
f 10129 10130 2372
f 10129 2372 5284
f 2371 10136 10129
f 2371 10129 5281
f 10136 2370 10130
f 10136 10130 10129
f 5283 10131 5286
f 5283 5286 710
f 10131 10132 2373
f 10131 2373 5286
f 2372 10130 10131
f 2372 10131 5283
f 10130 2370 10132
f 10130 10132 10131
f 5285 10133 5277
f 5285 5277 709
f 10133 10134 2368
f 10133 2368 5277
f 2373 10132 10133
f 2373 10133 5285
f 10132 2370 10134
f 10132 10134 10133
f 5278 10135 5282
f 5278 5282 493
f 10135 10136 2371
f 10135 2371 5282
f 2368 10134 10135
f 2368 10135 5278
f 10134 2370 10136
f 10134 10136 10135
f 5287 10137 5290
f 5287 5290 497
f 10137 10138 2376
f 10137 2376 5290
f 2375 10144 10137
f 2375 10137 5287
f 10144 2374 10138
f 10144 10138 10137
f 5289 10139 5292
f 5289 5292 683
f 10139 10140 2377
f 10139 2377 5292
f 2376 10138 10139
f 2376 10139 5289
f 10138 2374 10140
f 10138 10140 10139
f 5291 10141 5283
f 5291 5283 710
f 10141 10142 2372
f 10141 2372 5283
f 2377 10140 10141
f 2377 10141 5291
f 10140 2374 10142
f 10140 10142 10141
f 5284 10143 5288
f 5284 5288 495
f 10143 10144 2375
f 10143 2375 5288
f 2372 10142 10143
f 2372 10143 5284
f 10142 2374 10144
f 10142 10144 10143
f 5293 10145 5296
f 5293 5296 499
f 10145 10146 2380
f 10145 2380 5296
f 2379 10152 10145
f 2379 10145 5293
f 10152 2378 10146
f 10152 10146 10145
f 5295 10147 5298
f 5295 5298 684
f 10147 10148 2381
f 10147 2381 5298
f 2380 10146 10147
f 2380 10147 5295
f 10146 2378 10148
f 10146 10148 10147
f 5297 10149 5289
f 5297 5289 683
f 10149 10150 2376
f 10149 2376 5289
f 2381 10148 10149
f 2381 10149 5297
f 10148 2378 10150
f 10148 10150 10149
f 5290 10151 5294
f 5290 5294 497
f 10151 10152 2379
f 10151 2379 5294
f 2376 10150 10151
f 2376 10151 5290
f 10150 2378 10152
f 10150 10152 10151
f 5299 10153 3759
f 5299 3759 61
f 10153 10154 1222
f 10153 1222 3759
f 2383 10160 10153
f 2383 10153 5299
f 10160 2382 10154
f 10160 10154 10153
f 3760 10155 5302
f 3760 5302 334
f 10155 10156 2384
f 10155 2384 5302
f 1222 10154 10155
f 1222 10155 3760
f 10154 2382 10156
f 10154 10156 10155
f 5301 10157 5295
f 5301 5295 684
f 10157 10158 2380
f 10157 2380 5295
f 2384 10156 10157
f 2384 10157 5301
f 10156 2382 10158
f 10156 10158 10157
f 5296 10159 5300
f 5296 5300 499
f 10159 10160 2383
f 10159 2383 5300
f 2380 10158 10159
f 2380 10159 5296
f 10158 2382 10160
f 10158 10160 10159
f 5303 10161 3765
f 5303 3765 154
f 10161 10162 1226
f 10161 1226 3765
f 2386 10168 10161
f 2386 10161 5303
f 10168 2385 10162
f 10168 10162 10161
f 3766 10163 4981
f 3766 4981 76
f 10163 10164 2162
f 10163 2162 4981
f 1226 10162 10163
f 1226 10163 3766
f 10162 2385 10164
f 10162 10164 10163
f 4982 10165 5306
f 4982 5306 459
f 10165 10166 2387
f 10165 2387 5306
f 2162 10164 10165
f 2162 10165 4982
f 10164 2385 10166
f 10164 10166 10165
f 5305 10167 5304
f 5305 5304 529
f 10167 10168 2386
f 10167 2386 5304
f 2387 10166 10167
f 2387 10167 5305
f 10166 2385 10168
f 10166 10168 10167
f 5307 10169 5305
f 5307 5305 529
f 10169 10170 2387
f 10169 2387 5305
f 2389 10176 10169
f 2389 10169 5307
f 10176 2388 10170
f 10176 10170 10169
f 5306 10171 5011
f 5306 5011 459
f 10171 10172 2183
f 10171 2183 5011
f 2387 10170 10171
f 2387 10171 5306
f 10170 2388 10172
f 10170 10172 10171
f 5012 10173 5310
f 5012 5310 460
f 10173 10174 2390
f 10173 2390 5310
f 2183 10172 10173
f 2183 10173 5012
f 10172 2388 10174
f 10172 10174 10173
f 5309 10175 5308
f 5309 5308 530
f 10175 10176 2389
f 10175 2389 5308
f 2390 10174 10175
f 2390 10175 5309
f 10174 2388 10176
f 10174 10176 10175
f 5311 10177 5309
f 5311 5309 530
f 10177 10178 2390
f 10177 2390 5309
f 2392 10184 10177
f 2392 10177 5311
f 10184 2391 10178
f 10184 10178 10177
f 5310 10179 5021
f 5310 5021 460
f 10179 10180 2190
f 10179 2190 5021
f 2390 10178 10179
f 2390 10179 5310
f 10178 2391 10180
f 10178 10180 10179
f 5022 10181 5314
f 5022 5314 461
f 10181 10182 2393
f 10181 2393 5314
f 2190 10180 10181
f 2190 10181 5022
f 10180 2391 10182
f 10180 10182 10181
f 5313 10183 5312
f 5313 5312 531
f 10183 10184 2392
f 10183 2392 5312
f 2393 10182 10183
f 2393 10183 5313
f 10182 2391 10184
f 10182 10184 10183
f 5315 10185 5313
f 5315 5313 531
f 10185 10186 2393
f 10185 2393 5313
f 2395 10192 10185
f 2395 10185 5315
f 10192 2394 10186
f 10192 10186 10185
f 5314 10187 5029
f 5314 5029 461
f 10187 10188 2196
f 10187 2196 5029
f 2393 10186 10187
f 2393 10187 5314
f 10186 2394 10188
f 10186 10188 10187
f 5030 10189 5318
f 5030 5318 462
f 10189 10190 2396
f 10189 2396 5318
f 2196 10188 10189
f 2196 10189 5030
f 10188 2394 10190
f 10188 10190 10189
f 5317 10191 5316
f 5317 5316 532
f 10191 10192 2395
f 10191 2395 5316
f 2396 10190 10191
f 2396 10191 5317
f 10190 2394 10192
f 10190 10192 10191
f 5319 10193 5317
f 5319 5317 532
f 10193 10194 2396
f 10193 2396 5317
f 2398 10200 10193
f 2398 10193 5319
f 10200 2397 10194
f 10200 10194 10193
f 5318 10195 5037
f 5318 5037 462
f 10195 10196 2202
f 10195 2202 5037
f 2396 10194 10195
f 2396 10195 5318
f 10194 2397 10196
f 10194 10196 10195
f 5038 10197 5322
f 5038 5322 463
f 10197 10198 2399
f 10197 2399 5322
f 2202 10196 10197
f 2202 10197 5038
f 10196 2397 10198
f 10196 10198 10197
f 5321 10199 5320
f 5321 5320 533
f 10199 10200 2398
f 10199 2398 5320
f 2399 10198 10199
f 2399 10199 5321
f 10198 2397 10200
f 10198 10200 10199
f 5323 10201 5321
f 5323 5321 533
f 10201 10202 2399
f 10201 2399 5321
f 2401 10208 10201
f 2401 10201 5323
f 10208 2400 10202
f 10208 10202 10201
f 5322 10203 5045
f 5322 5045 463
f 10203 10204 2208
f 10203 2208 5045
f 2399 10202 10203
f 2399 10203 5322
f 10202 2400 10204
f 10202 10204 10203
f 5046 10205 5326
f 5046 5326 464
f 10205 10206 2402
f 10205 2402 5326
f 2208 10204 10205
f 2208 10205 5046
f 10204 2400 10206
f 10204 10206 10205
f 5325 10207 5324
f 5325 5324 534
f 10207 10208 2401
f 10207 2401 5324
f 2402 10206 10207
f 2402 10207 5325
f 10206 2400 10208
f 10206 10208 10207
f 5327 10209 5325
f 5327 5325 534
f 10209 10210 2402
f 10209 2402 5325
f 2404 10216 10209
f 2404 10209 5327
f 10216 2403 10210
f 10216 10210 10209
f 5326 10211 5053
f 5326 5053 464
f 10211 10212 2214
f 10211 2214 5053
f 2402 10210 10211
f 2402 10211 5326
f 10210 2403 10212
f 10210 10212 10211
f 5054 10213 5330
f 5054 5330 465
f 10213 10214 2405
f 10213 2405 5330
f 2214 10212 10213
f 2214 10213 5054
f 10212 2403 10214
f 10212 10214 10213
f 5329 10215 5328
f 5329 5328 535
f 10215 10216 2404
f 10215 2404 5328
f 2405 10214 10215
f 2405 10215 5329
f 10214 2403 10216
f 10214 10216 10215
f 5331 10217 5329
f 5331 5329 535
f 10217 10218 2405
f 10217 2405 5329
f 2407 10224 10217
f 2407 10217 5331
f 10224 2406 10218
f 10224 10218 10217
f 5330 10219 5061
f 5330 5061 465
f 10219 10220 2220
f 10219 2220 5061
f 2405 10218 10219
f 2405 10219 5330
f 10218 2406 10220
f 10218 10220 10219
f 5062 10221 5334
f 5062 5334 466
f 10221 10222 2408
f 10221 2408 5334
f 2220 10220 10221
f 2220 10221 5062
f 10220 2406 10222
f 10220 10222 10221
f 5333 10223 5332
f 5333 5332 536
f 10223 10224 2407
f 10223 2407 5332
f 2408 10222 10223
f 2408 10223 5333
f 10222 2406 10224
f 10222 10224 10223
f 5335 10225 5333
f 5335 5333 536
f 10225 10226 2408
f 10225 2408 5333
f 2410 10232 10225
f 2410 10225 5335
f 10232 2409 10226
f 10232 10226 10225
f 5334 10227 5079
f 5334 5079 466
f 10227 10228 2232
f 10227 2232 5079
f 2408 10226 10227
f 2408 10227 5334
f 10226 2409 10228
f 10226 10228 10227
f 5080 10229 5338
f 5080 5338 467
f 10229 10230 2411
f 10229 2411 5338
f 2232 10228 10229
f 2232 10229 5080
f 10228 2409 10230
f 10228 10230 10229
f 5337 10231 5336
f 5337 5336 537
f 10231 10232 2410
f 10231 2410 5336
f 2411 10230 10231
f 2411 10231 5337
f 10230 2409 10232
f 10230 10232 10231
f 5339 10233 5337
f 5339 5337 537
f 10233 10234 2411
f 10233 2411 5337
f 2413 10240 10233
f 2413 10233 5339
f 10240 2412 10234
f 10240 10234 10233
f 5338 10235 5085
f 5338 5085 467
f 10235 10236 2236
f 10235 2236 5085
f 2411 10234 10235
f 2411 10235 5338
f 10234 2412 10236
f 10234 10236 10235
f 5086 10237 5342
f 5086 5342 468
f 10237 10238 2414
f 10237 2414 5342
f 2236 10236 10237
f 2236 10237 5086
f 10236 2412 10238
f 10236 10238 10237
f 5341 10239 5340
f 5341 5340 538
f 10239 10240 2413
f 10239 2413 5340
f 2414 10238 10239
f 2414 10239 5341
f 10238 2412 10240
f 10238 10240 10239
f 5343 10241 5341
f 5343 5341 538
f 10241 10242 2414
f 10241 2414 5341
f 2416 10248 10241
f 2416 10241 5343
f 10248 2415 10242
f 10248 10242 10241
f 5342 10243 5095
f 5342 5095 468
f 10243 10244 2244
f 10243 2244 5095
f 2414 10242 10243
f 2414 10243 5342
f 10242 2415 10244
f 10242 10244 10243
f 5096 10245 5346
f 5096 5346 469
f 10245 10246 2417
f 10245 2417 5346
f 2244 10244 10245
f 2244 10245 5096
f 10244 2415 10246
f 10244 10246 10245
f 5345 10247 5344
f 5345 5344 539
f 10247 10248 2416
f 10247 2416 5344
f 2417 10246 10247
f 2417 10247 5345
f 10246 2415 10248
f 10246 10248 10247
f 5347 10249 5345
f 5347 5345 539
f 10249 10250 2417
f 10249 2417 5345
f 2419 10256 10249
f 2419 10249 5347
f 10256 2418 10250
f 10256 10250 10249
f 5346 10251 5101
f 5346 5101 469
f 10251 10252 2248
f 10251 2248 5101
f 2417 10250 10251
f 2417 10251 5346
f 10250 2418 10252
f 10250 10252 10251
f 5102 10253 5350
f 5102 5350 470
f 10253 10254 2420
f 10253 2420 5350
f 2248 10252 10253
f 2248 10253 5102
f 10252 2418 10254
f 10252 10254 10253
f 5349 10255 5348
f 5349 5348 554
f 10255 10256 2419
f 10255 2419 5348
f 2420 10254 10255
f 2420 10255 5349
f 10254 2418 10256
f 10254 10256 10255
f 5351 10257 5349
f 5351 5349 554
f 10257 10258 2420
f 10257 2420 5349
f 2422 10264 10257
f 2422 10257 5351
f 10264 2421 10258
f 10264 10258 10257
f 5350 10259 5115
f 5350 5115 470
f 10259 10260 2259
f 10259 2259 5115
f 2420 10258 10259
f 2420 10259 5350
f 10258 2421 10260
f 10258 10260 10259
f 5116 10261 5354
f 5116 5354 471
f 10261 10262 2423
f 10261 2423 5354
f 2259 10260 10261
f 2259 10261 5116
f 10260 2421 10262
f 10260 10262 10261
f 5353 10263 5352
f 5353 5352 555
f 10263 10264 2422
f 10263 2422 5352
f 2423 10262 10263
f 2423 10263 5353
f 10262 2421 10264
f 10262 10264 10263
f 5355 10265 5353
f 5355 5353 555
f 10265 10266 2423
f 10265 2423 5353
f 2425 10272 10265
f 2425 10265 5355
f 10272 2424 10266
f 10272 10266 10265
f 5354 10267 5123
f 5354 5123 471
f 10267 10268 2265
f 10267 2265 5123
f 2423 10266 10267
f 2423 10267 5354
f 10266 2424 10268
f 10266 10268 10267
f 5124 10269 5358
f 5124 5358 472
f 10269 10270 2426
f 10269 2426 5358
f 2265 10268 10269
f 2265 10269 5124
f 10268 2424 10270
f 10268 10270 10269
f 5357 10271 5356
f 5357 5356 556
f 10271 10272 2425
f 10271 2425 5356
f 2426 10270 10271
f 2426 10271 5357
f 10270 2424 10272
f 10270 10272 10271
f 5359 10273 5357
f 5359 5357 556
f 10273 10274 2426
f 10273 2426 5357
f 2428 10280 10273
f 2428 10273 5359
f 10280 2427 10274
f 10280 10274 10273
f 5358 10275 4975
f 5358 4975 472
f 10275 10276 2158
f 10275 2158 4975
f 2426 10274 10275
f 2426 10275 5358
f 10274 2427 10276
f 10274 10276 10275
f 4976 10277 3821
f 4976 3821 75
f 10277 10278 1268
f 10277 1268 3821
f 2158 10276 10277
f 2158 10277 4976
f 10276 2427 10278
f 10276 10278 10277
f 3822 10279 5360
f 3822 5360 185
f 10279 10280 2428
f 10279 2428 5360
f 1268 10278 10279
f 1268 10279 3822
f 10278 2427 10280
f 10278 10280 10279
f 5361 10281 5364
f 5361 5364 514
f 10281 10282 2431
f 10281 2431 5364
f 2430 10288 10281
f 2430 10281 5361
f 10288 2429 10282
f 10288 10282 10281
f 5363 10283 4765
f 5363 4765 432
f 10283 10284 2010
f 10283 2010 4765
f 2431 10282 10283
f 2431 10283 5363
f 10282 2429 10284
f 10282 10284 10283
f 4766 10285 3825
f 4766 3825 25
f 10285 10286 1271
f 10285 1271 3825
f 2010 10284 10285
f 2010 10285 4766
f 10284 2429 10286
f 10284 10286 10285
f 3826 10287 5362
f 3826 5362 136
f 10287 10288 2430
f 10287 2430 5362
f 1271 10286 10287
f 1271 10287 3826
f 10286 2429 10288
f 10286 10288 10287
f 5365 10289 5368
f 5365 5368 515
f 10289 10290 2434
f 10289 2434 5368
f 2433 10296 10289
f 2433 10289 5365
f 10296 2432 10290
f 10296 10290 10289
f 5367 10291 4759
f 5367 4759 431
f 10291 10292 2006
f 10291 2006 4759
f 2434 10290 10291
f 2434 10291 5367
f 10290 2432 10292
f 10290 10292 10291
f 4760 10293 5363
f 4760 5363 432
f 10293 10294 2431
f 10293 2431 5363
f 2006 10292 10293
f 2006 10293 4760
f 10292 2432 10294
f 10292 10294 10293
f 5364 10295 5366
f 5364 5366 514
f 10295 10296 2433
f 10295 2433 5366
f 2431 10294 10295
f 2431 10295 5364
f 10294 2432 10296
f 10294 10296 10295
f 5369 10297 5372
f 5369 5372 516
f 10297 10298 2437
f 10297 2437 5372
f 2436 10304 10297
f 2436 10297 5369
f 10304 2435 10298
f 10304 10298 10297
f 5371 10299 4753
f 5371 4753 428
f 10299 10300 2002
f 10299 2002 4753
f 2437 10298 10299
f 2437 10299 5371
f 10298 2435 10300
f 10298 10300 10299
f 4754 10301 5367
f 4754 5367 431
f 10301 10302 2434
f 10301 2434 5367
f 2002 10300 10301
f 2002 10301 4754
f 10300 2435 10302
f 10300 10302 10301
f 5368 10303 5370
f 5368 5370 515
f 10303 10304 2436
f 10303 2436 5370
f 2434 10302 10303
f 2434 10303 5368
f 10302 2435 10304
f 10302 10304 10303
f 5373 10305 5376
f 5373 5376 517
f 10305 10306 2440
f 10305 2440 5376
f 2439 10312 10305
f 2439 10305 5373
f 10312 2438 10306
f 10312 10306 10305
f 5375 10307 4747
f 5375 4747 427
f 10307 10308 1998
f 10307 1998 4747
f 2440 10306 10307
f 2440 10307 5375
f 10306 2438 10308
f 10306 10308 10307
f 4748 10309 5371
f 4748 5371 428
f 10309 10310 2437
f 10309 2437 5371
f 1998 10308 10309
f 1998 10309 4748
f 10308 2438 10310
f 10308 10310 10309
f 5372 10311 5374
f 5372 5374 516
f 10311 10312 2439
f 10311 2439 5374
f 2437 10310 10311
f 2437 10311 5372
f 10310 2438 10312
f 10310 10312 10311
f 5377 10313 5380
f 5377 5380 518
f 10313 10314 2443
f 10313 2443 5380
f 2442 10320 10313
f 2442 10313 5377
f 10320 2441 10314
f 10320 10314 10313
f 5379 10315 4741
f 5379 4741 424
f 10315 10316 1994
f 10315 1994 4741
f 2443 10314 10315
f 2443 10315 5379
f 10314 2441 10316
f 10314 10316 10315
f 4742 10317 5375
f 4742 5375 427
f 10317 10318 2440
f 10317 2440 5375
f 1994 10316 10317
f 1994 10317 4742
f 10316 2441 10318
f 10316 10318 10317
f 5376 10319 5378
f 5376 5378 517
f 10319 10320 2442
f 10319 2442 5378
f 2440 10318 10319
f 2440 10319 5376
f 10318 2441 10320
f 10318 10320 10319
f 5381 10321 5384
f 5381 5384 519
f 10321 10322 2446
f 10321 2446 5384
f 2445 10328 10321
f 2445 10321 5381
f 10328 2444 10322
f 10328 10322 10321
f 5383 10323 4735
f 5383 4735 423
f 10323 10324 1990
f 10323 1990 4735
f 2446 10322 10323
f 2446 10323 5383
f 10322 2444 10324
f 10322 10324 10323
f 4736 10325 5379
f 4736 5379 424
f 10325 10326 2443
f 10325 2443 5379
f 1990 10324 10325
f 1990 10325 4736
f 10324 2444 10326
f 10324 10326 10325
f 5380 10327 5382
f 5380 5382 518
f 10327 10328 2445
f 10327 2445 5382
f 2443 10326 10327
f 2443 10327 5380
f 10326 2444 10328
f 10326 10328 10327
f 5385 10329 5388
f 5385 5388 520
f 10329 10330 2449
f 10329 2449 5388
f 2448 10336 10329
f 2448 10329 5385
f 10336 2447 10330
f 10336 10330 10329
f 5387 10331 4729
f 5387 4729 420
f 10331 10332 1986
f 10331 1986 4729
f 2449 10330 10331
f 2449 10331 5387
f 10330 2447 10332
f 10330 10332 10331
f 4730 10333 5383
f 4730 5383 423
f 10333 10334 2446
f 10333 2446 5383
f 1986 10332 10333
f 1986 10333 4730
f 10332 2447 10334
f 10332 10334 10333
f 5384 10335 5386
f 5384 5386 519
f 10335 10336 2448
f 10335 2448 5386
f 2446 10334 10335
f 2446 10335 5384
f 10334 2447 10336
f 10334 10336 10335
f 5389 10337 5392
f 5389 5392 521
f 10337 10338 2452
f 10337 2452 5392
f 2451 10344 10337
f 2451 10337 5389
f 10344 2450 10338
f 10344 10338 10337
f 5391 10339 4723
f 5391 4723 419
f 10339 10340 1982
f 10339 1982 4723
f 2452 10338 10339
f 2452 10339 5391
f 10338 2450 10340
f 10338 10340 10339
f 4724 10341 5387
f 4724 5387 420
f 10341 10342 2449
f 10341 2449 5387
f 1982 10340 10341
f 1982 10341 4724
f 10340 2450 10342
f 10340 10342 10341
f 5388 10343 5390
f 5388 5390 520
f 10343 10344 2451
f 10343 2451 5390
f 2449 10342 10343
f 2449 10343 5388
f 10342 2450 10344
f 10342 10344 10343
f 5393 10345 5396
f 5393 5396 522
f 10345 10346 2455
f 10345 2455 5396
f 2454 10352 10345
f 2454 10345 5393
f 10352 2453 10346
f 10352 10346 10345
f 5395 10347 4717
f 5395 4717 416
f 10347 10348 1978
f 10347 1978 4717
f 2455 10346 10347
f 2455 10347 5395
f 10346 2453 10348
f 10346 10348 10347
f 4718 10349 5391
f 4718 5391 419
f 10349 10350 2452
f 10349 2452 5391
f 1978 10348 10349
f 1978 10349 4718
f 10348 2453 10350
f 10348 10350 10349
f 5392 10351 5394
f 5392 5394 521
f 10351 10352 2454
f 10351 2454 5394
f 2452 10350 10351
f 2452 10351 5392
f 10350 2453 10352
f 10350 10352 10351
f 5397 10353 5400
f 5397 5400 523
f 10353 10354 2458
f 10353 2458 5400
f 2457 10360 10353
f 2457 10353 5397
f 10360 2456 10354
f 10360 10354 10353
f 5399 10355 4711
f 5399 4711 415
f 10355 10356 1974
f 10355 1974 4711
f 2458 10354 10355
f 2458 10355 5399
f 10354 2456 10356
f 10354 10356 10355
f 4712 10357 5395
f 4712 5395 416
f 10357 10358 2455
f 10357 2455 5395
f 1974 10356 10357
f 1974 10357 4712
f 10356 2456 10358
f 10356 10358 10357
f 5396 10359 5398
f 5396 5398 522
f 10359 10360 2457
f 10359 2457 5398
f 2455 10358 10359
f 2455 10359 5396
f 10358 2456 10360
f 10358 10360 10359
f 5401 10361 5404
f 5401 5404 524
f 10361 10362 2461
f 10361 2461 5404
f 2460 10368 10361
f 2460 10361 5401
f 10368 2459 10362
f 10368 10362 10361
f 5403 10363 4705
f 5403 4705 412
f 10363 10364 1970
f 10363 1970 4705
f 2461 10362 10363
f 2461 10363 5403
f 10362 2459 10364
f 10362 10364 10363
f 4706 10365 5399
f 4706 5399 415
f 10365 10366 2458
f 10365 2458 5399
f 1970 10364 10365
f 1970 10365 4706
f 10364 2459 10366
f 10364 10366 10365
f 5400 10367 5402
f 5400 5402 523
f 10367 10368 2460
f 10367 2460 5402
f 2458 10366 10367
f 2458 10367 5400
f 10366 2459 10368
f 10366 10368 10367
f 5405 10369 5408
f 5405 5408 525
f 10369 10370 2464
f 10369 2464 5408
f 2463 10376 10369
f 2463 10369 5405
f 10376 2462 10370
f 10376 10370 10369
f 5407 10371 4699
f 5407 4699 411
f 10371 10372 1966
f 10371 1966 4699
f 2464 10370 10371
f 2464 10371 5407
f 10370 2462 10372
f 10370 10372 10371
f 4700 10373 5403
f 4700 5403 412
f 10373 10374 2461
f 10373 2461 5403
f 1966 10372 10373
f 1966 10373 4700
f 10372 2462 10374
f 10372 10374 10373
f 5404 10375 5406
f 5404 5406 524
f 10375 10376 2463
f 10375 2463 5406
f 2461 10374 10375
f 2461 10375 5404
f 10374 2462 10376
f 10374 10376 10375
f 5409 10377 5412
f 5409 5412 526
f 10377 10378 2467
f 10377 2467 5412
f 2466 10384 10377
f 2466 10377 5409
f 10384 2465 10378
f 10384 10378 10377
f 5411 10379 4691
f 5411 4691 438
f 10379 10380 1961
f 10379 1961 4691
f 2467 10378 10379
f 2467 10379 5411
f 10378 2465 10380
f 10378 10380 10379
f 4692 10381 5407
f 4692 5407 411
f 10381 10382 2464
f 10381 2464 5407
f 1961 10380 10381
f 1961 10381 4692
f 10380 2465 10382
f 10380 10382 10381
f 5408 10383 5410
f 5408 5410 525
f 10383 10384 2466
f 10383 2466 5410
f 2464 10382 10383
f 2464 10383 5408
f 10382 2465 10384
f 10382 10384 10383
f 5413 10385 5416
f 5413 5416 527
f 10385 10386 2470
f 10385 2470 5416
f 2469 10392 10385
f 2469 10385 5413
f 10392 2468 10386
f 10392 10386 10385
f 5415 10387 4775
f 5415 4775 437
f 10387 10388 2017
f 10387 2017 4775
f 2470 10386 10387
f 2470 10387 5415
f 10386 2468 10388
f 10386 10388 10387
f 4776 10389 5411
f 4776 5411 438
f 10389 10390 2467
f 10389 2467 5411
f 2017 10388 10389
f 2017 10389 4776
f 10388 2468 10390
f 10388 10390 10389
f 5412 10391 5414
f 5412 5414 526
f 10391 10392 2469
f 10391 2469 5414
f 2467 10390 10391
f 2467 10391 5412
f 10390 2468 10392
f 10390 10392 10391
f 5417 10393 3883
f 5417 3883 121
f 10393 10394 1314
f 10393 1314 3883
f 2472 10400 10393
f 2472 10393 5417
f 10400 2471 10394
f 10400 10394 10393
f 3884 10395 4769
f 3884 4769 26
f 10395 10396 2013
f 10395 2013 4769
f 1314 10394 10395
f 1314 10395 3884
f 10394 2471 10396
f 10394 10396 10395
f 4770 10397 5415
f 4770 5415 437
f 10397 10398 2470
f 10397 2470 5415
f 2013 10396 10397
f 2013 10397 4770
f 10396 2471 10398
f 10396 10398 10397
f 5416 10399 5418
f 5416 5418 527
f 10399 10400 2472
f 10399 2472 5418
f 2470 10398 10399
f 2470 10399 5416
f 10398 2471 10400
f 10398 10400 10399
f 5419 10401 5077
f 5419 5077 627
f 10401 10402 2230
f 10401 2230 5077
f 2474 10408 10401
f 2474 10401 5419
f 10408 2473 10402
f 10408 10402 10401
f 5078 10403 5422
f 5078 5422 601
f 10403 10404 2475
f 10403 2475 5422
f 2230 10402 10403
f 2230 10403 5078
f 10402 2473 10404
f 10402 10404 10403
f 5421 10405 5424
f 5421 5424 600
f 10405 10406 2476
f 10405 2476 5424
f 2475 10404 10405
f 2475 10405 5421
f 10404 2473 10406
f 10404 10406 10405
f 5423 10407 5420
f 5423 5420 626
f 10407 10408 2474
f 10407 2474 5420
f 2476 10406 10407
f 2476 10407 5423
f 10406 2473 10408
f 10406 10408 10407
f 5360 10409 3895
f 5360 3895 185
f 10409 10410 1322
f 10409 1322 3895
f 2428 10416 10409
f 2428 10409 5360
f 10416 2477 10410
f 10416 10410 10409
f 3896 10411 5213
f 3896 5213 315
f 10411 10412 2325
f 10411 2325 5213
f 1322 10410 10411
f 1322 10411 3896
f 10410 2477 10412
f 10410 10412 10411
f 5214 10413 5426
f 5214 5426 668
f 10413 10414 2478
f 10413 2478 5426
f 2325 10412 10413
f 2325 10413 5214
f 10412 2477 10414
f 10412 10414 10413
f 5425 10415 5359
f 5425 5359 556
f 10415 10416 2428
f 10415 2428 5359
f 2478 10414 10415
f 2478 10415 5425
f 10414 2477 10416
f 10414 10416 10415
f 5356 10417 5425
f 5356 5425 556
f 10417 10418 2478
f 10417 2478 5425
f 2425 10424 10417
f 2425 10417 5356
f 10424 2479 10418
f 10424 10418 10417
f 5426 10419 5207
f 5426 5207 668
f 10419 10420 2321
f 10419 2321 5207
f 2478 10418 10419
f 2478 10419 5426
f 10418 2479 10420
f 10418 10420 10419
f 5208 10421 5428
f 5208 5428 667
f 10421 10422 2480
f 10421 2480 5428
f 2321 10420 10421
f 2321 10421 5208
f 10420 2479 10422
f 10420 10422 10421
f 5427 10423 5355
f 5427 5355 555
f 10423 10424 2425
f 10423 2425 5355
f 2480 10422 10423
f 2480 10423 5427
f 10422 2479 10424
f 10422 10424 10423
f 5352 10425 5427
f 5352 5427 555
f 10425 10426 2480
f 10425 2480 5427
f 2422 10432 10425
f 2422 10425 5352
f 10432 2481 10426
f 10432 10426 10425
f 5428 10427 5201
f 5428 5201 667
f 10427 10428 2317
f 10427 2317 5201
f 2480 10426 10427
f 2480 10427 5428
f 10426 2481 10428
f 10426 10428 10427
f 5202 10429 5430
f 5202 5430 666
f 10429 10430 2482
f 10429 2482 5430
f 2317 10428 10429
f 2317 10429 5202
f 10428 2481 10430
f 10428 10430 10429
f 5429 10431 5351
f 5429 5351 554
f 10431 10432 2422
f 10431 2422 5351
f 2482 10430 10431
f 2482 10431 5429
f 10430 2481 10432
f 10430 10432 10431
f 5348 10433 5429
f 5348 5429 554
f 10433 10434 2482
f 10433 2482 5429
f 2419 10440 10433
f 2419 10433 5348
f 10440 2483 10434
f 10440 10434 10433
f 5430 10435 5195
f 5430 5195 666
f 10435 10436 2313
f 10435 2313 5195
f 2482 10434 10435
f 2482 10435 5430
f 10434 2483 10436
f 10434 10436 10435
f 5196 10437 5432
f 5196 5432 665
f 10437 10438 2484
f 10437 2484 5432
f 2313 10436 10437
f 2313 10437 5196
f 10436 2483 10438
f 10436 10438 10437
f 5431 10439 5347
f 5431 5347 539
f 10439 10440 2419
f 10439 2419 5347
f 2484 10438 10439
f 2484 10439 5431
f 10438 2483 10440
f 10438 10440 10439
f 5344 10441 5431
f 5344 5431 539
f 10441 10442 2484
f 10441 2484 5431
f 2416 10448 10441
f 2416 10441 5344
f 10448 2485 10442
f 10448 10442 10441
f 5432 10443 5189
f 5432 5189 665
f 10443 10444 2309
f 10443 2309 5189
f 2484 10442 10443
f 2484 10443 5432
f 10442 2485 10444
f 10442 10444 10443
f 5190 10445 5434
f 5190 5434 664
f 10445 10446 2486
f 10445 2486 5434
f 2309 10444 10445
f 2309 10445 5190
f 10444 2485 10446
f 10444 10446 10445
f 5433 10447 5343
f 5433 5343 538
f 10447 10448 2416
f 10447 2416 5343
f 2486 10446 10447
f 2486 10447 5433
f 10446 2485 10448
f 10446 10448 10447
f 5340 10449 5433
f 5340 5433 538
f 10449 10450 2486
f 10449 2486 5433
f 2413 10456 10449
f 2413 10449 5340
f 10456 2487 10450
f 10456 10450 10449
f 5434 10451 5183
f 5434 5183 664
f 10451 10452 2305
f 10451 2305 5183
f 2486 10450 10451
f 2486 10451 5434
f 10450 2487 10452
f 10450 10452 10451
f 5184 10453 5436
f 5184 5436 663
f 10453 10454 2488
f 10453 2488 5436
f 2305 10452 10453
f 2305 10453 5184
f 10452 2487 10454
f 10452 10454 10453
f 5435 10455 5339
f 5435 5339 537
f 10455 10456 2413
f 10455 2413 5339
f 2488 10454 10455
f 2488 10455 5435
f 10454 2487 10456
f 10454 10456 10455
f 5336 10457 5435
f 5336 5435 537
f 10457 10458 2488
f 10457 2488 5435
f 2410 10464 10457
f 2410 10457 5336
f 10464 2489 10458
f 10464 10458 10457
f 5436 10459 5177
f 5436 5177 663
f 10459 10460 2301
f 10459 2301 5177
f 2488 10458 10459
f 2488 10459 5436
f 10458 2489 10460
f 10458 10460 10459
f 5178 10461 5438
f 5178 5438 662
f 10461 10462 2490
f 10461 2490 5438
f 2301 10460 10461
f 2301 10461 5178
f 10460 2489 10462
f 10460 10462 10461
f 5437 10463 5335
f 5437 5335 536
f 10463 10464 2410
f 10463 2410 5335
f 2490 10462 10463
f 2490 10463 5437
f 10462 2489 10464
f 10462 10464 10463
f 5332 10465 5437
f 5332 5437 536
f 10465 10466 2490
f 10465 2490 5437
f 2407 10472 10465
f 2407 10465 5332
f 10472 2491 10466
f 10472 10466 10465
f 5438 10467 5171
f 5438 5171 662
f 10467 10468 2297
f 10467 2297 5171
f 2490 10466 10467
f 2490 10467 5438
f 10466 2491 10468
f 10466 10468 10467
f 5172 10469 5440
f 5172 5440 661
f 10469 10470 2492
f 10469 2492 5440
f 2297 10468 10469
f 2297 10469 5172
f 10468 2491 10470
f 10468 10470 10469
f 5439 10471 5331
f 5439 5331 535
f 10471 10472 2407
f 10471 2407 5331
f 2492 10470 10471
f 2492 10471 5439
f 10470 2491 10472
f 10470 10472 10471
f 5328 10473 5439
f 5328 5439 535
f 10473 10474 2492
f 10473 2492 5439
f 2404 10480 10473
f 2404 10473 5328
f 10480 2493 10474
f 10480 10474 10473
f 5440 10475 5165
f 5440 5165 661
f 10475 10476 2293
f 10475 2293 5165
f 2492 10474 10475
f 2492 10475 5440
f 10474 2493 10476
f 10474 10476 10475
f 5166 10477 5442
f 5166 5442 660
f 10477 10478 2494
f 10477 2494 5442
f 2293 10476 10477
f 2293 10477 5166
f 10476 2493 10478
f 10476 10478 10477
f 5441 10479 5327
f 5441 5327 534
f 10479 10480 2404
f 10479 2404 5327
f 2494 10478 10479
f 2494 10479 5441
f 10478 2493 10480
f 10478 10480 10479
f 5324 10481 5441
f 5324 5441 534
f 10481 10482 2494
f 10481 2494 5441
f 2401 10488 10481
f 2401 10481 5324
f 10488 2495 10482
f 10488 10482 10481
f 5442 10483 5159
f 5442 5159 660
f 10483 10484 2289
f 10483 2289 5159
f 2494 10482 10483
f 2494 10483 5442
f 10482 2495 10484
f 10482 10484 10483
f 5160 10485 5444
f 5160 5444 659
f 10485 10486 2496
f 10485 2496 5444
f 2289 10484 10485
f 2289 10485 5160
f 10484 2495 10486
f 10484 10486 10485
f 5443 10487 5323
f 5443 5323 533
f 10487 10488 2401
f 10487 2401 5323
f 2496 10486 10487
f 2496 10487 5443
f 10486 2495 10488
f 10486 10488 10487
f 5320 10489 5443
f 5320 5443 533
f 10489 10490 2496
f 10489 2496 5443
f 2398 10496 10489
f 2398 10489 5320
f 10496 2497 10490
f 10496 10490 10489
f 5444 10491 5153
f 5444 5153 659
f 10491 10492 2285
f 10491 2285 5153
f 2496 10490 10491
f 2496 10491 5444
f 10490 2497 10492
f 10490 10492 10491
f 5154 10493 5446
f 5154 5446 658
f 10493 10494 2498
f 10493 2498 5446
f 2285 10492 10493
f 2285 10493 5154
f 10492 2497 10494
f 10492 10494 10493
f 5445 10495 5319
f 5445 5319 532
f 10495 10496 2398
f 10495 2398 5319
f 2498 10494 10495
f 2498 10495 5445
f 10494 2497 10496
f 10494 10496 10495
f 5316 10497 5445
f 5316 5445 532
f 10497 10498 2498
f 10497 2498 5445
f 2395 10504 10497
f 2395 10497 5316
f 10504 2499 10498
f 10504 10498 10497
f 5446 10499 5147
f 5446 5147 658
f 10499 10500 2281
f 10499 2281 5147
f 2498 10498 10499
f 2498 10499 5446
f 10498 2499 10500
f 10498 10500 10499
f 5148 10501 5448
f 5148 5448 657
f 10501 10502 2500
f 10501 2500 5448
f 2281 10500 10501
f 2281 10501 5148
f 10500 2499 10502
f 10500 10502 10501
f 5447 10503 5315
f 5447 5315 531
f 10503 10504 2395
f 10503 2395 5315
f 2500 10502 10503
f 2500 10503 5447
f 10502 2499 10504
f 10502 10504 10503
f 5312 10505 5447
f 5312 5447 531
f 10505 10506 2500
f 10505 2500 5447
f 2392 10512 10505
f 2392 10505 5312
f 10512 2501 10506
f 10512 10506 10505
f 5448 10507 5141
f 5448 5141 657
f 10507 10508 2277
f 10507 2277 5141
f 2500 10506 10507
f 2500 10507 5448
f 10506 2501 10508
f 10506 10508 10507
f 5142 10509 5450
f 5142 5450 642
f 10509 10510 2502
f 10509 2502 5450
f 2277 10508 10509
f 2277 10509 5142
f 10508 2501 10510
f 10508 10510 10509
f 5449 10511 5311
f 5449 5311 530
f 10511 10512 2392
f 10511 2392 5311
f 2502 10510 10511
f 2502 10511 5449
f 10510 2501 10512
f 10510 10512 10511
f 5308 10513 5449
f 5308 5449 530
f 10513 10514 2502
f 10513 2502 5449
f 2389 10520 10513
f 2389 10513 5308
f 10520 2503 10514
f 10520 10514 10513
f 5450 10515 5135
f 5450 5135 642
f 10515 10516 2273
f 10515 2273 5135
f 2502 10514 10515
f 2502 10515 5450
f 10514 2503 10516
f 10514 10516 10515
f 5136 10517 5452
f 5136 5452 641
f 10517 10518 2504
f 10517 2504 5452
f 2273 10516 10517
f 2273 10517 5136
f 10516 2503 10518
f 10516 10518 10517
f 5451 10519 5307
f 5451 5307 529
f 10519 10520 2389
f 10519 2389 5307
f 2504 10518 10519
f 2504 10519 5451
f 10518 2503 10520
f 10518 10520 10519
f 5453 10521 5456
f 5453 5456 540
f 10521 10522 2507
f 10521 2507 5456
f 2506 10528 10521
f 2506 10521 5453
f 10528 2505 10522
f 10528 10522 10521
f 5455 10523 5361
f 5455 5361 514
f 10523 10524 2430
f 10523 2430 5361
f 2507 10522 10523
f 2507 10523 5455
f 10522 2505 10524
f 10522 10524 10523
f 5362 10525 3923
f 5362 3923 136
f 10525 10526 1350
f 10525 1350 3923
f 2430 10524 10525
f 2430 10525 5362
f 10524 2505 10526
f 10524 10526 10525
f 3924 10527 5454
f 3924 5454 166
f 10527 10528 2506
f 10527 2506 5454
f 1350 10526 10527
f 1350 10527 3924
f 10526 2505 10528
f 10526 10528 10527
f 5457 10529 5460
f 5457 5460 541
f 10529 10530 2510
f 10529 2510 5460
f 2509 10536 10529
f 2509 10529 5457
f 10536 2508 10530
f 10536 10530 10529
f 5459 10531 5365
f 5459 5365 515
f 10531 10532 2433
f 10531 2433 5365
f 2510 10530 10531
f 2510 10531 5459
f 10530 2508 10532
f 10530 10532 10531
f 5366 10533 5455
f 5366 5455 514
f 10533 10534 2507
f 10533 2507 5455
f 2433 10532 10533
f 2433 10533 5366
f 10532 2508 10534
f 10532 10534 10533
f 5456 10535 5458
f 5456 5458 540
f 10535 10536 2509
f 10535 2509 5458
f 2507 10534 10535
f 2507 10535 5456
f 10534 2508 10536
f 10534 10536 10535
f 5461 10537 5464
f 5461 5464 542
f 10537 10538 2513
f 10537 2513 5464
f 2512 10544 10537
f 2512 10537 5461
f 10544 2511 10538
f 10544 10538 10537
f 5463 10539 5369
f 5463 5369 516
f 10539 10540 2436
f 10539 2436 5369
f 2513 10538 10539
f 2513 10539 5463
f 10538 2511 10540
f 10538 10540 10539
f 5370 10541 5459
f 5370 5459 515
f 10541 10542 2510
f 10541 2510 5459
f 2436 10540 10541
f 2436 10541 5370
f 10540 2511 10542
f 10540 10542 10541
f 5460 10543 5462
f 5460 5462 541
f 10543 10544 2512
f 10543 2512 5462
f 2510 10542 10543
f 2510 10543 5460
f 10542 2511 10544
f 10542 10544 10543
f 5465 10545 5468
f 5465 5468 543
f 10545 10546 2516
f 10545 2516 5468
f 2515 10552 10545
f 2515 10545 5465
f 10552 2514 10546
f 10552 10546 10545
f 5467 10547 5373
f 5467 5373 517
f 10547 10548 2439
f 10547 2439 5373
f 2516 10546 10547
f 2516 10547 5467
f 10546 2514 10548
f 10546 10548 10547
f 5374 10549 5463
f 5374 5463 516
f 10549 10550 2513
f 10549 2513 5463
f 2439 10548 10549
f 2439 10549 5374
f 10548 2514 10550
f 10548 10550 10549
f 5464 10551 5466
f 5464 5466 542
f 10551 10552 2515
f 10551 2515 5466
f 2513 10550 10551
f 2513 10551 5464
f 10550 2514 10552
f 10550 10552 10551
f 5469 10553 5472
f 5469 5472 544
f 10553 10554 2519
f 10553 2519 5472
f 2518 10560 10553
f 2518 10553 5469
f 10560 2517 10554
f 10560 10554 10553
f 5471 10555 5377
f 5471 5377 518
f 10555 10556 2442
f 10555 2442 5377
f 2519 10554 10555
f 2519 10555 5471
f 10554 2517 10556
f 10554 10556 10555
f 5378 10557 5467
f 5378 5467 517
f 10557 10558 2516
f 10557 2516 5467
f 2442 10556 10557
f 2442 10557 5378
f 10556 2517 10558
f 10556 10558 10557
f 5468 10559 5470
f 5468 5470 543
f 10559 10560 2518
f 10559 2518 5470
f 2516 10558 10559
f 2516 10559 5468
f 10558 2517 10560
f 10558 10560 10559
f 5473 10561 5476
f 5473 5476 545
f 10561 10562 2522
f 10561 2522 5476
f 2521 10568 10561
f 2521 10561 5473
f 10568 2520 10562
f 10568 10562 10561
f 5475 10563 5381
f 5475 5381 519
f 10563 10564 2445
f 10563 2445 5381
f 2522 10562 10563
f 2522 10563 5475
f 10562 2520 10564
f 10562 10564 10563
f 5382 10565 5471
f 5382 5471 518
f 10565 10566 2519
f 10565 2519 5471
f 2445 10564 10565
f 2445 10565 5382
f 10564 2520 10566
f 10564 10566 10565
f 5472 10567 5474
f 5472 5474 544
f 10567 10568 2521
f 10567 2521 5474
f 2519 10566 10567
f 2519 10567 5472
f 10566 2520 10568
f 10566 10568 10567
f 5477 10569 5480
f 5477 5480 546
f 10569 10570 2525
f 10569 2525 5480
f 2524 10576 10569
f 2524 10569 5477
f 10576 2523 10570
f 10576 10570 10569
f 5479 10571 5385
f 5479 5385 520
f 10571 10572 2448
f 10571 2448 5385
f 2525 10570 10571
f 2525 10571 5479
f 10570 2523 10572
f 10570 10572 10571
f 5386 10573 5475
f 5386 5475 519
f 10573 10574 2522
f 10573 2522 5475
f 2448 10572 10573
f 2448 10573 5386
f 10572 2523 10574
f 10572 10574 10573
f 5476 10575 5478
f 5476 5478 545
f 10575 10576 2524
f 10575 2524 5478
f 2522 10574 10575
f 2522 10575 5476
f 10574 2523 10576
f 10574 10576 10575
f 5481 10577 5484
f 5481 5484 547
f 10577 10578 2528
f 10577 2528 5484
f 2527 10584 10577
f 2527 10577 5481
f 10584 2526 10578
f 10584 10578 10577
f 5483 10579 5389
f 5483 5389 521
f 10579 10580 2451
f 10579 2451 5389
f 2528 10578 10579
f 2528 10579 5483
f 10578 2526 10580
f 10578 10580 10579
f 5390 10581 5479
f 5390 5479 520
f 10581 10582 2525
f 10581 2525 5479
f 2451 10580 10581
f 2451 10581 5390
f 10580 2526 10582
f 10580 10582 10581
f 5480 10583 5482
f 5480 5482 546
f 10583 10584 2527
f 10583 2527 5482
f 2525 10582 10583
f 2525 10583 5480
f 10582 2526 10584
f 10582 10584 10583
f 5485 10585 5488
f 5485 5488 548
f 10585 10586 2531
f 10585 2531 5488
f 2530 10592 10585
f 2530 10585 5485
f 10592 2529 10586
f 10592 10586 10585
f 5487 10587 5393
f 5487 5393 522
f 10587 10588 2454
f 10587 2454 5393
f 2531 10586 10587
f 2531 10587 5487
f 10586 2529 10588
f 10586 10588 10587
f 5394 10589 5483
f 5394 5483 521
f 10589 10590 2528
f 10589 2528 5483
f 2454 10588 10589
f 2454 10589 5394
f 10588 2529 10590
f 10588 10590 10589
f 5484 10591 5486
f 5484 5486 547
f 10591 10592 2530
f 10591 2530 5486
f 2528 10590 10591
f 2528 10591 5484
f 10590 2529 10592
f 10590 10592 10591
f 5489 10593 5492
f 5489 5492 549
f 10593 10594 2534
f 10593 2534 5492
f 2533 10600 10593
f 2533 10593 5489
f 10600 2532 10594
f 10600 10594 10593
f 5491 10595 5397
f 5491 5397 523
f 10595 10596 2457
f 10595 2457 5397
f 2534 10594 10595
f 2534 10595 5491
f 10594 2532 10596
f 10594 10596 10595
f 5398 10597 5487
f 5398 5487 522
f 10597 10598 2531
f 10597 2531 5487
f 2457 10596 10597
f 2457 10597 5398
f 10596 2532 10598
f 10596 10598 10597
f 5488 10599 5490
f 5488 5490 548
f 10599 10600 2533
f 10599 2533 5490
f 2531 10598 10599
f 2531 10599 5488
f 10598 2532 10600
f 10598 10600 10599
f 5493 10601 5496
f 5493 5496 550
f 10601 10602 2537
f 10601 2537 5496
f 2536 10608 10601
f 2536 10601 5493
f 10608 2535 10602
f 10608 10602 10601
f 5495 10603 5401
f 5495 5401 524
f 10603 10604 2460
f 10603 2460 5401
f 2537 10602 10603
f 2537 10603 5495
f 10602 2535 10604
f 10602 10604 10603
f 5402 10605 5491
f 5402 5491 523
f 10605 10606 2534
f 10605 2534 5491
f 2460 10604 10605
f 2460 10605 5402
f 10604 2535 10606
f 10604 10606 10605
f 5492 10607 5494
f 5492 5494 549
f 10607 10608 2536
f 10607 2536 5494
f 2534 10606 10607
f 2534 10607 5492
f 10606 2535 10608
f 10606 10608 10607
f 5497 10609 5500
f 5497 5500 551
f 10609 10610 2540
f 10609 2540 5500
f 2539 10616 10609
f 2539 10609 5497
f 10616 2538 10610
f 10616 10610 10609
f 5499 10611 5405
f 5499 5405 525
f 10611 10612 2463
f 10611 2463 5405
f 2540 10610 10611
f 2540 10611 5499
f 10610 2538 10612
f 10610 10612 10611
f 5406 10613 5495
f 5406 5495 524
f 10613 10614 2537
f 10613 2537 5495
f 2463 10612 10613
f 2463 10613 5406
f 10612 2538 10614
f 10612 10614 10613
f 5496 10615 5498
f 5496 5498 550
f 10615 10616 2539
f 10615 2539 5498
f 2537 10614 10615
f 2537 10615 5496
f 10614 2538 10616
f 10614 10616 10615
f 5501 10617 5504
f 5501 5504 552
f 10617 10618 2543
f 10617 2543 5504
f 2542 10624 10617
f 2542 10617 5501
f 10624 2541 10618
f 10624 10618 10617
f 5503 10619 5409
f 5503 5409 526
f 10619 10620 2466
f 10619 2466 5409
f 2543 10618 10619
f 2543 10619 5503
f 10618 2541 10620
f 10618 10620 10619
f 5410 10621 5499
f 5410 5499 525
f 10621 10622 2540
f 10621 2540 5499
f 2466 10620 10621
f 2466 10621 5410
f 10620 2541 10622
f 10620 10622 10621
f 5500 10623 5502
f 5500 5502 551
f 10623 10624 2542
f 10623 2542 5502
f 2540 10622 10623
f 2540 10623 5500
f 10622 2541 10624
f 10622 10624 10623
f 5505 10625 5508
f 5505 5508 553
f 10625 10626 2546
f 10625 2546 5508
f 2545 10632 10625
f 2545 10625 5505
f 10632 2544 10626
f 10632 10626 10625
f 5507 10627 5413
f 5507 5413 527
f 10627 10628 2469
f 10627 2469 5413
f 2546 10626 10627
f 2546 10627 5507
f 10626 2544 10628
f 10626 10628 10627
f 5414 10629 5503
f 5414 5503 526
f 10629 10630 2543
f 10629 2543 5503
f 2469 10628 10629
f 2469 10629 5414
f 10628 2544 10630
f 10628 10630 10629
f 5504 10631 5506
f 5504 5506 552
f 10631 10632 2545
f 10631 2545 5506
f 2543 10630 10631
f 2543 10631 5504
f 10630 2544 10632
f 10630 10632 10631
f 5509 10633 5423
f 5509 5423 626
f 10633 10634 2476
f 10633 2476 5423
f 2548 10640 10633
f 2548 10633 5509
f 10640 2547 10634
f 10640 10634 10633
f 5424 10635 5512
f 5424 5512 600
f 10635 10636 2549
f 10635 2549 5512
f 2476 10634 10635
f 2476 10635 5424
f 10634 2547 10636
f 10634 10636 10635
f 5511 10637 5514
f 5511 5514 599
f 10637 10638 2550
f 10637 2550 5514
f 2549 10636 10637
f 2549 10637 5511
f 10636 2547 10638
f 10636 10638 10637
f 5513 10639 5510
f 5513 5510 625
f 10639 10640 2548
f 10639 2548 5510
f 2550 10638 10639
f 2550 10639 5513
f 10638 2547 10640
f 10638 10640 10639
f 5304 10641 5451
f 5304 5451 529
f 10641 10642 2504
f 10641 2504 5451
f 2386 10648 10641
f 2386 10641 5304
f 10648 2551 10642
f 10648 10642 10641
f 5452 10643 5129
f 5452 5129 641
f 10643 10644 2269
f 10643 2269 5129
f 2504 10642 10643
f 2504 10643 5452
f 10642 2551 10644
f 10642 10644 10643
f 5130 10645 3987
f 5130 3987 283
f 10645 10646 1397
f 10645 1397 3987
f 2269 10644 10645
f 2269 10645 5130
f 10644 2551 10646
f 10644 10646 10645
f 3988 10647 5303
f 3988 5303 154
f 10647 10648 2386
f 10647 2386 5303
f 1397 10646 10647
f 1397 10647 3988
f 10646 2551 10648
f 10646 10648 10647
f 5515 10649 4671
f 5515 4671 218
f 10649 10650 1946
f 10649 1946 4671
f 2553 10654 10649
f 2553 10649 5515
f 10654 2552 10650
f 10654 10650 10649
f 4672 10651 5518
f 4672 5518 589
f 10651 10652 2554
f 10651 2554 5518
f 1946 10650 10651
f 1946 10651 4672
f 10650 2552 10652
f 10650 10652 10651
f 5517 10653 5516
f 5517 5516 590
f 10653 10654 2553
f 10653 2553 5516
f 2554 10652 10653
f 2554 10653 5517
f 10652 2552 10654
f 10652 10654 10653
f 5519 10655 5515
f 5519 5515 218
f 10655 10656 2553
f 10655 2553 5515
f 2556 10660 10655
f 2556 10655 5519
f 10660 2555 10656
f 10660 10656 10655
f 5516 10657 5522
f 5516 5522 590
f 10657 10658 2557
f 10657 2557 5522
f 2553 10656 10657
f 2553 10657 5516
f 10656 2555 10658
f 10656 10658 10657
f 5521 10659 5520
f 5521 5520 605
f 10659 10660 2556
f 10659 2556 5520
f 2557 10658 10659
f 2557 10659 5521
f 10658 2555 10660
f 10658 10660 10659
f 5523 10661 5519
f 5523 5519 218
f 10661 10662 2556
f 10661 2556 5519
f 2559 10666 10661
f 2559 10661 5523
f 10666 2558 10662
f 10666 10662 10661
f 5520 10663 5526
f 5520 5526 605
f 10663 10664 2560
f 10663 2560 5526
f 2556 10662 10663
f 2556 10663 5520
f 10662 2558 10664
f 10662 10664 10663
f 5525 10665 5524
f 5525 5524 606
f 10665 10666 2559
f 10665 2559 5524
f 2560 10664 10665
f 2560 10665 5525
f 10664 2558 10666
f 10664 10666 10665
f 5527 10667 5523
f 5527 5523 218
f 10667 10668 2559
f 10667 2559 5523
f 2562 10672 10667
f 2562 10667 5527
f 10672 2561 10668
f 10672 10668 10667
f 5524 10669 5530
f 5524 5530 606
f 10669 10670 2563
f 10669 2563 5530
f 2559 10668 10669
f 2559 10669 5524
f 10668 2561 10670
f 10668 10670 10669
f 5529 10671 5528
f 5529 5528 607
f 10671 10672 2562
f 10671 2562 5528
f 2563 10670 10671
f 2563 10671 5529
f 10670 2561 10672
f 10670 10672 10671
f 5531 10673 5527
f 5531 5527 218
f 10673 10674 2562
f 10673 2562 5527
f 2565 10678 10673
f 2565 10673 5531
f 10678 2564 10674
f 10678 10674 10673
f 5528 10675 5534
f 5528 5534 607
f 10675 10676 2566
f 10675 2566 5534
f 2562 10674 10675
f 2562 10675 5528
f 10674 2564 10676
f 10674 10676 10675
f 5533 10677 5532
f 5533 5532 608
f 10677 10678 2565
f 10677 2565 5532
f 2566 10676 10677
f 2566 10677 5533
f 10676 2564 10678
f 10676 10678 10677
f 5535 10679 5531
f 5535 5531 218
f 10679 10680 2565
f 10679 2565 5531
f 2568 10684 10679
f 2568 10679 5535
f 10684 2567 10680
f 10684 10680 10679
f 5532 10681 5538
f 5532 5538 608
f 10681 10682 2569
f 10681 2569 5538
f 2565 10680 10681
f 2565 10681 5532
f 10680 2567 10682
f 10680 10682 10681
f 5537 10683 5536
f 5537 5536 609
f 10683 10684 2568
f 10683 2568 5536
f 2569 10682 10683
f 2569 10683 5537
f 10682 2567 10684
f 10682 10684 10683
f 5539 10685 5535
f 5539 5535 218
f 10685 10686 2568
f 10685 2568 5535
f 2571 10690 10685
f 2571 10685 5539
f 10690 2570 10686
f 10690 10686 10685
f 5536 10687 5542
f 5536 5542 609
f 10687 10688 2572
f 10687 2572 5542
f 2568 10686 10687
f 2568 10687 5536
f 10686 2570 10688
f 10686 10688 10687
f 5541 10689 5540
f 5541 5540 610
f 10689 10690 2571
f 10689 2571 5540
f 2572 10688 10689
f 2572 10689 5541
f 10688 2570 10690
f 10688 10690 10689
f 5543 10691 5539
f 5543 5539 218
f 10691 10692 2571
f 10691 2571 5539
f 2574 10696 10691
f 2574 10691 5543
f 10696 2573 10692
f 10696 10692 10691
f 5540 10693 5546
f 5540 5546 610
f 10693 10694 2575
f 10693 2575 5546
f 2571 10692 10693
f 2571 10693 5540
f 10692 2573 10694
f 10692 10694 10693
f 5545 10695 5544
f 5545 5544 611
f 10695 10696 2574
f 10695 2574 5544
f 2575 10694 10695
f 2575 10695 5545
f 10694 2573 10696
f 10694 10696 10695
f 5547 10697 5543
f 5547 5543 218
f 10697 10698 2574
f 10697 2574 5543
f 2577 10702 10697
f 2577 10697 5547
f 10702 2576 10698
f 10702 10698 10697
f 5544 10699 5550
f 5544 5550 611
f 10699 10700 2578
f 10699 2578 5550
f 2574 10698 10699
f 2574 10699 5544
f 10698 2576 10700
f 10698 10700 10699
f 5549 10701 5548
f 5549 5548 612
f 10701 10702 2577
f 10701 2577 5548
f 2578 10700 10701
f 2578 10701 5549
f 10700 2576 10702
f 10700 10702 10701
f 4028 10703 5547
f 4028 5547 218
f 10703 10704 2577
f 10703 2577 5547
f 1427 10708 10703
f 1427 10703 4028
f 10708 2579 10704
f 10708 10704 10703
f 5548 10705 5552
f 5548 5552 612
f 10705 10706 2580
f 10705 2580 5552
f 2577 10704 10705
f 2577 10705 5548
f 10704 2579 10706
f 10704 10706 10705
f 5551 10707 4027
f 5551 4027 250
f 10707 10708 1427
f 10707 1427 4027
f 2580 10706 10707
f 2580 10707 5551
f 10706 2579 10708
f 10706 10708 10707
f 4690 10709 4033
f 4690 4033 219
f 10709 10710 1431
f 10709 1431 4033
f 1959 10716 10709
f 1959 10709 4690
f 10716 2581 10710
f 10716 10710 10709
f 4034 10711 5554
f 4034 5554 251
f 10711 10712 2582
f 10711 2582 5554
f 1431 10710 10711
f 1431 10711 4034
f 10710 2581 10712
f 10710 10712 10711
f 5553 10713 5556
f 5553 5556 613
f 10713 10714 2583
f 10713 2583 5556
f 2582 10712 10713
f 2582 10713 5553
f 10712 2581 10714
f 10712 10714 10713
f 5555 10715 4689
f 5555 4689 585
f 10715 10716 1959
f 10715 1959 4689
f 2583 10714 10715
f 2583 10715 5555
f 10714 2581 10716
f 10714 10716 10715
f 4688 10717 5555
f 4688 5555 585
f 10717 10718 2583
f 10717 2583 5555
f 1957 10724 10717
f 1957 10717 4688
f 10724 2584 10718
f 10724 10718 10717
f 5556 10719 5558
f 5556 5558 613
f 10719 10720 2585
f 10719 2585 5558
f 2583 10718 10719
f 2583 10719 5556
f 10718 2584 10720
f 10718 10720 10719
f 5557 10721 5560
f 5557 5560 614
f 10721 10722 2586
f 10721 2586 5560
f 2585 10720 10721
f 2585 10721 5557
f 10720 2584 10722
f 10720 10722 10721
f 5559 10723 4687
f 5559 4687 586
f 10723 10724 1957
f 10723 1957 4687
f 2586 10722 10723
f 2586 10723 5559
f 10722 2584 10724
f 10722 10724 10723
f 4684 10725 5559
f 4684 5559 586
f 10725 10726 2586
f 10725 2586 5559
f 1954 10732 10725
f 1954 10725 4684
f 10732 2587 10726
f 10732 10726 10725
f 5560 10727 5562
f 5560 5562 614
f 10727 10728 2588
f 10727 2588 5562
f 2586 10726 10727
f 2586 10727 5560
f 10726 2587 10728
f 10726 10728 10727
f 5561 10729 5564
f 5561 5564 615
f 10729 10730 2589
f 10729 2589 5564
f 2588 10728 10729
f 2588 10729 5561
f 10728 2587 10730
f 10728 10730 10729
f 5563 10731 4683
f 5563 4683 587
f 10731 10732 1954
f 10731 1954 4683
f 2589 10730 10731
f 2589 10731 5563
f 10730 2587 10732
f 10730 10732 10731
f 4680 10733 5563
f 4680 5563 587
f 10733 10734 2589
f 10733 2589 5563
f 1951 10740 10733
f 1951 10733 4680
f 10740 2590 10734
f 10740 10734 10733
f 5564 10735 5566
f 5564 5566 615
f 10735 10736 2591
f 10735 2591 5566
f 2589 10734 10735
f 2589 10735 5564
f 10734 2590 10736
f 10734 10736 10735
f 5565 10737 5568
f 5565 5568 616
f 10737 10738 2592
f 10737 2592 5568
f 2591 10736 10737
f 2591 10737 5565
f 10736 2590 10738
f 10736 10738 10737
f 5567 10739 4679
f 5567 4679 588
f 10739 10740 1951
f 10739 1951 4679
f 2592 10738 10739
f 2592 10739 5567
f 10738 2590 10740
f 10738 10740 10739
f 5569 10741 5572
f 5569 5572 566
f 10741 10742 2595
f 10741 2595 5572
f 2594 10748 10741
f 2594 10741 5569
f 10748 2593 10742
f 10748 10742 10741
f 5571 10743 5453
f 5571 5453 540
f 10743 10744 2506
f 10743 2506 5453
f 2595 10742 10743
f 2595 10743 5571
f 10742 2593 10744
f 10742 10744 10743
f 5454 10745 4047
f 5454 4047 166
f 10745 10746 1442
f 10745 1442 4047
f 2506 10744 10745
f 2506 10745 5454
f 10744 2593 10746
f 10744 10746 10745
f 4048 10747 5570
f 4048 5570 196
f 10747 10748 2594
f 10747 2594 5570
f 1442 10746 10747
f 1442 10747 4048
f 10746 2593 10748
f 10746 10748 10747
f 5573 10749 5576
f 5573 5576 567
f 10749 10750 2598
f 10749 2598 5576
f 2597 10756 10749
f 2597 10749 5573
f 10756 2596 10750
f 10756 10750 10749
f 5575 10751 5457
f 5575 5457 541
f 10751 10752 2509
f 10751 2509 5457
f 2598 10750 10751
f 2598 10751 5575
f 10750 2596 10752
f 10750 10752 10751
f 5458 10753 5571
f 5458 5571 540
f 10753 10754 2595
f 10753 2595 5571
f 2509 10752 10753
f 2509 10753 5458
f 10752 2596 10754
f 10752 10754 10753
f 5572 10755 5574
f 5572 5574 566
f 10755 10756 2597
f 10755 2597 5574
f 2595 10754 10755
f 2595 10755 5572
f 10754 2596 10756
f 10754 10756 10755
f 5577 10757 5580
f 5577 5580 568
f 10757 10758 2601
f 10757 2601 5580
f 2600 10764 10757
f 2600 10757 5577
f 10764 2599 10758
f 10764 10758 10757
f 5579 10759 5461
f 5579 5461 542
f 10759 10760 2512
f 10759 2512 5461
f 2601 10758 10759
f 2601 10759 5579
f 10758 2599 10760
f 10758 10760 10759
f 5462 10761 5575
f 5462 5575 541
f 10761 10762 2598
f 10761 2598 5575
f 2512 10760 10761
f 2512 10761 5462
f 10760 2599 10762
f 10760 10762 10761
f 5576 10763 5578
f 5576 5578 567
f 10763 10764 2600
f 10763 2600 5578
f 2598 10762 10763
f 2598 10763 5576
f 10762 2599 10764
f 10762 10764 10763
f 5581 10765 5584
f 5581 5584 569
f 10765 10766 2604
f 10765 2604 5584
f 2603 10772 10765
f 2603 10765 5581
f 10772 2602 10766
f 10772 10766 10765
f 5583 10767 5465
f 5583 5465 543
f 10767 10768 2515
f 10767 2515 5465
f 2604 10766 10767
f 2604 10767 5583
f 10766 2602 10768
f 10766 10768 10767
f 5466 10769 5579
f 5466 5579 542
f 10769 10770 2601
f 10769 2601 5579
f 2515 10768 10769
f 2515 10769 5466
f 10768 2602 10770
f 10768 10770 10769
f 5580 10771 5582
f 5580 5582 568
f 10771 10772 2603
f 10771 2603 5582
f 2601 10770 10771
f 2601 10771 5580
f 10770 2602 10772
f 10770 10772 10771
f 5585 10773 5588
f 5585 5588 570
f 10773 10774 2607
f 10773 2607 5588
f 2606 10780 10773
f 2606 10773 5585
f 10780 2605 10774
f 10780 10774 10773
f 5587 10775 5469
f 5587 5469 544
f 10775 10776 2518
f 10775 2518 5469
f 2607 10774 10775
f 2607 10775 5587
f 10774 2605 10776
f 10774 10776 10775
f 5470 10777 5583
f 5470 5583 543
f 10777 10778 2604
f 10777 2604 5583
f 2518 10776 10777
f 2518 10777 5470
f 10776 2605 10778
f 10776 10778 10777
f 5584 10779 5586
f 5584 5586 569
f 10779 10780 2606
f 10779 2606 5586
f 2604 10778 10779
f 2604 10779 5584
f 10778 2605 10780
f 10778 10780 10779
f 5589 10781 5592
f 5589 5592 571
f 10781 10782 2610
f 10781 2610 5592
f 2609 10788 10781
f 2609 10781 5589
f 10788 2608 10782
f 10788 10782 10781
f 5591 10783 5473
f 5591 5473 545
f 10783 10784 2521
f 10783 2521 5473
f 2610 10782 10783
f 2610 10783 5591
f 10782 2608 10784
f 10782 10784 10783
f 5474 10785 5587
f 5474 5587 544
f 10785 10786 2607
f 10785 2607 5587
f 2521 10784 10785
f 2521 10785 5474
f 10784 2608 10786
f 10784 10786 10785
f 5588 10787 5590
f 5588 5590 570
f 10787 10788 2609
f 10787 2609 5590
f 2607 10786 10787
f 2607 10787 5588
f 10786 2608 10788
f 10786 10788 10787
f 5593 10789 5596
f 5593 5596 572
f 10789 10790 2613
f 10789 2613 5596
f 2612 10796 10789
f 2612 10789 5593
f 10796 2611 10790
f 10796 10790 10789
f 5595 10791 5477
f 5595 5477 546
f 10791 10792 2524
f 10791 2524 5477
f 2613 10790 10791
f 2613 10791 5595
f 10790 2611 10792
f 10790 10792 10791
f 5478 10793 5591
f 5478 5591 545
f 10793 10794 2610
f 10793 2610 5591
f 2524 10792 10793
f 2524 10793 5478
f 10792 2611 10794
f 10792 10794 10793
f 5592 10795 5594
f 5592 5594 571
f 10795 10796 2612
f 10795 2612 5594
f 2610 10794 10795
f 2610 10795 5592
f 10794 2611 10796
f 10794 10796 10795
f 5597 10797 5600
f 5597 5600 573
f 10797 10798 2616
f 10797 2616 5600
f 2615 10804 10797
f 2615 10797 5597
f 10804 2614 10798
f 10804 10798 10797
f 5599 10799 5481
f 5599 5481 547
f 10799 10800 2527
f 10799 2527 5481
f 2616 10798 10799
f 2616 10799 5599
f 10798 2614 10800
f 10798 10800 10799
f 5482 10801 5595
f 5482 5595 546
f 10801 10802 2613
f 10801 2613 5595
f 2527 10800 10801
f 2527 10801 5482
f 10800 2614 10802
f 10800 10802 10801
f 5596 10803 5598
f 5596 5598 572
f 10803 10804 2615
f 10803 2615 5598
f 2613 10802 10803
f 2613 10803 5596
f 10802 2614 10804
f 10802 10804 10803
f 5601 10805 5604
f 5601 5604 574
f 10805 10806 2619
f 10805 2619 5604
f 2618 10812 10805
f 2618 10805 5601
f 10812 2617 10806
f 10812 10806 10805
f 5603 10807 5485
f 5603 5485 548
f 10807 10808 2530
f 10807 2530 5485
f 2619 10806 10807
f 2619 10807 5603
f 10806 2617 10808
f 10806 10808 10807
f 5486 10809 5599
f 5486 5599 547
f 10809 10810 2616
f 10809 2616 5599
f 2530 10808 10809
f 2530 10809 5486
f 10808 2617 10810
f 10808 10810 10809
f 5600 10811 5602
f 5600 5602 573
f 10811 10812 2618
f 10811 2618 5602
f 2616 10810 10811
f 2616 10811 5600
f 10810 2617 10812
f 10810 10812 10811
f 5605 10813 5608
f 5605 5608 575
f 10813 10814 2622
f 10813 2622 5608
f 2621 10820 10813
f 2621 10813 5605
f 10820 2620 10814
f 10820 10814 10813
f 5607 10815 5489
f 5607 5489 549
f 10815 10816 2533
f 10815 2533 5489
f 2622 10814 10815
f 2622 10815 5607
f 10814 2620 10816
f 10814 10816 10815
f 5490 10817 5603
f 5490 5603 548
f 10817 10818 2619
f 10817 2619 5603
f 2533 10816 10817
f 2533 10817 5490
f 10816 2620 10818
f 10816 10818 10817
f 5604 10819 5606
f 5604 5606 574
f 10819 10820 2621
f 10819 2621 5606
f 2619 10818 10819
f 2619 10819 5604
f 10818 2620 10820
f 10818 10820 10819
f 5609 10821 5612
f 5609 5612 576
f 10821 10822 2625
f 10821 2625 5612
f 2624 10828 10821
f 2624 10821 5609
f 10828 2623 10822
f 10828 10822 10821
f 5611 10823 5493
f 5611 5493 550
f 10823 10824 2536
f 10823 2536 5493
f 2625 10822 10823
f 2625 10823 5611
f 10822 2623 10824
f 10822 10824 10823
f 5494 10825 5607
f 5494 5607 549
f 10825 10826 2622
f 10825 2622 5607
f 2536 10824 10825
f 2536 10825 5494
f 10824 2623 10826
f 10824 10826 10825
f 5608 10827 5610
f 5608 5610 575
f 10827 10828 2624
f 10827 2624 5610
f 2622 10826 10827
f 2622 10827 5608
f 10826 2623 10828
f 10826 10828 10827
f 5613 10829 5616
f 5613 5616 577
f 10829 10830 2628
f 10829 2628 5616
f 2627 10836 10829
f 2627 10829 5613
f 10836 2626 10830
f 10836 10830 10829
f 5615 10831 5497
f 5615 5497 551
f 10831 10832 2539
f 10831 2539 5497
f 2628 10830 10831
f 2628 10831 5615
f 10830 2626 10832
f 10830 10832 10831
f 5498 10833 5611
f 5498 5611 550
f 10833 10834 2625
f 10833 2625 5611
f 2539 10832 10833
f 2539 10833 5498
f 10832 2626 10834
f 10832 10834 10833
f 5612 10835 5614
f 5612 5614 576
f 10835 10836 2627
f 10835 2627 5614
f 2625 10834 10835
f 2625 10835 5612
f 10834 2626 10836
f 10834 10836 10835
f 5617 10837 5620
f 5617 5620 578
f 10837 10838 2631
f 10837 2631 5620
f 2630 10844 10837
f 2630 10837 5617
f 10844 2629 10838
f 10844 10838 10837
f 5619 10839 5501
f 5619 5501 552
f 10839 10840 2542
f 10839 2542 5501
f 2631 10838 10839
f 2631 10839 5619
f 10838 2629 10840
f 10838 10840 10839
f 5502 10841 5615
f 5502 5615 551
f 10841 10842 2628
f 10841 2628 5615
f 2542 10840 10841
f 2542 10841 5502
f 10840 2629 10842
f 10840 10842 10841
f 5616 10843 5618
f 5616 5618 577
f 10843 10844 2630
f 10843 2630 5618
f 2628 10842 10843
f 2628 10843 5616
f 10842 2629 10844
f 10842 10844 10843
f 5621 10845 5624
f 5621 5624 579
f 10845 10846 2634
f 10845 2634 5624
f 2633 10852 10845
f 2633 10845 5621
f 10852 2632 10846
f 10852 10846 10845
f 5623 10847 5505
f 5623 5505 553
f 10847 10848 2545
f 10847 2545 5505
f 2634 10846 10847
f 2634 10847 5623
f 10846 2632 10848
f 10846 10848 10847
f 5506 10849 5619
f 5506 5619 552
f 10849 10850 2631
f 10849 2631 5619
f 2545 10848 10849
f 2545 10849 5506
f 10848 2632 10850
f 10848 10850 10849
f 5620 10851 5622
f 5620 5622 578
f 10851 10852 2633
f 10851 2633 5622
f 2631 10850 10851
f 2631 10851 5620
f 10850 2632 10852
f 10850 10852 10851
f 5625 10853 4107
f 5625 4107 181
f 10853 10854 1486
f 10853 1486 4107
f 2636 10860 10853
f 2636 10853 5625
f 10860 2635 10854
f 10860 10854 10853
f 4108 10855 5628
f 4108 5628 151
f 10855 10856 2637
f 10855 2637 5628
f 1486 10854 10855
f 1486 10855 4108
f 10854 2635 10856
f 10854 10856 10855
f 5627 10857 5623
f 5627 5623 553
f 10857 10858 2634
f 10857 2634 5623
f 2637 10856 10857
f 2637 10857 5627
f 10856 2635 10858
f 10856 10858 10857
f 5624 10859 5626
f 5624 5626 579
f 10859 10860 2636
f 10859 2636 5626
f 2634 10858 10859
f 2634 10859 5624
f 10858 2635 10860
f 10858 10860 10859
f 5629 10861 5513
f 5629 5513 625
f 10861 10862 2550
f 10861 2550 5513
f 2639 10868 10861
f 2639 10861 5629
f 10868 2638 10862
f 10868 10862 10861
f 5514 10863 5632
f 5514 5632 599
f 10863 10864 2640
f 10863 2640 5632
f 2550 10862 10863
f 2550 10863 5514
f 10862 2638 10864
f 10862 10864 10863
f 5631 10865 5634
f 5631 5634 598
f 10865 10866 2641
f 10865 2641 5634
f 2640 10864 10865
f 2640 10865 5631
f 10864 2638 10866
f 10864 10866 10865
f 5633 10867 5630
f 5633 5630 624
f 10867 10868 2639
f 10867 2639 5630
f 2641 10866 10867
f 2641 10867 5633
f 10866 2638 10868
f 10866 10868 10867
f 4676 10869 5567
f 4676 5567 588
f 10869 10870 2592
f 10869 2592 5567
f 1948 10876 10869
f 1948 10869 4676
f 10876 2642 10870
f 10876 10870 10869
f 5568 10871 5636
f 5568 5636 616
f 10871 10872 2643
f 10871 2643 5636
f 2592 10870 10871
f 2592 10871 5568
f 10870 2642 10872
f 10870 10872 10871
f 5635 10873 5638
f 5635 5638 631
f 10873 10874 2644
f 10873 2644 5638
f 2643 10872 10873
f 2643 10873 5635
f 10872 2642 10874
f 10872 10874 10873
f 5637 10875 4675
f 5637 4675 589
f 10875 10876 1948
f 10875 1948 4675
f 2644 10874 10875
f 2644 10875 5637
f 10874 2642 10876
f 10874 10876 10875
f 5518 10877 5637
f 5518 5637 589
f 10877 10878 2644
f 10877 2644 5637
f 2554 10884 10877
f 2554 10877 5518
f 10884 2645 10878
f 10884 10878 10877
f 5638 10879 5640
f 5638 5640 631
f 10879 10880 2646
f 10879 2646 5640
f 2644 10878 10879
f 2644 10879 5638
f 10878 2645 10880
f 10878 10880 10879
f 5639 10881 5642
f 5639 5642 632
f 10881 10882 2647
f 10881 2647 5642
f 2646 10880 10881
f 2646 10881 5639
f 10880 2645 10882
f 10880 10882 10881
f 5641 10883 5517
f 5641 5517 590
f 10883 10884 2554
f 10883 2554 5517
f 2647 10882 10883
f 2647 10883 5641
f 10882 2645 10884
f 10882 10884 10883
f 5522 10885 5641
f 5522 5641 590
f 10885 10886 2647
f 10885 2647 5641
f 2557 10892 10885
f 2557 10885 5522
f 10892 2648 10886
f 10892 10886 10885
f 5642 10887 5644
f 5642 5644 632
f 10887 10888 2649
f 10887 2649 5644
f 2647 10886 10887
f 2647 10887 5642
f 10886 2648 10888
f 10886 10888 10887
f 5643 10889 5646
f 5643 5646 633
f 10889 10890 2650
f 10889 2650 5646
f 2649 10888 10889
f 2649 10889 5643
f 10888 2648 10890
f 10888 10890 10889
f 5645 10891 5521
f 5645 5521 605
f 10891 10892 2557
f 10891 2557 5521
f 2650 10890 10891
f 2650 10891 5645
f 10890 2648 10892
f 10890 10892 10891
f 5526 10893 5645
f 5526 5645 605
f 10893 10894 2650
f 10893 2650 5645
f 2560 10900 10893
f 2560 10893 5526
f 10900 2651 10894
f 10900 10894 10893
f 5646 10895 5648
f 5646 5648 633
f 10895 10896 2652
f 10895 2652 5648
f 2650 10894 10895
f 2650 10895 5646
f 10894 2651 10896
f 10894 10896 10895
f 5647 10897 5650
f 5647 5650 634
f 10897 10898 2653
f 10897 2653 5650
f 2652 10896 10897
f 2652 10897 5647
f 10896 2651 10898
f 10896 10898 10897
f 5649 10899 5525
f 5649 5525 606
f 10899 10900 2560
f 10899 2560 5525
f 2653 10898 10899
f 2653 10899 5649
f 10898 2651 10900
f 10898 10900 10899
f 5530 10901 5649
f 5530 5649 606
f 10901 10902 2653
f 10901 2653 5649
f 2563 10908 10901
f 2563 10901 5530
f 10908 2654 10902
f 10908 10902 10901
f 5650 10903 5652
f 5650 5652 634
f 10903 10904 2655
f 10903 2655 5652
f 2653 10902 10903
f 2653 10903 5650
f 10902 2654 10904
f 10902 10904 10903
f 5651 10905 5654
f 5651 5654 635
f 10905 10906 2656
f 10905 2656 5654
f 2655 10904 10905
f 2655 10905 5651
f 10904 2654 10906
f 10904 10906 10905
f 5653 10907 5529
f 5653 5529 607
f 10907 10908 2563
f 10907 2563 5529
f 2656 10906 10907
f 2656 10907 5653
f 10906 2654 10908
f 10906 10908 10907
f 5534 10909 5653
f 5534 5653 607
f 10909 10910 2656
f 10909 2656 5653
f 2566 10916 10909
f 2566 10909 5534
f 10916 2657 10910
f 10916 10910 10909
f 5654 10911 5656
f 5654 5656 635
f 10911 10912 2658
f 10911 2658 5656
f 2656 10910 10911
f 2656 10911 5654
f 10910 2657 10912
f 10910 10912 10911
f 5655 10913 5658
f 5655 5658 636
f 10913 10914 2659
f 10913 2659 5658
f 2658 10912 10913
f 2658 10913 5655
f 10912 2657 10914
f 10912 10914 10913
f 5657 10915 5533
f 5657 5533 608
f 10915 10916 2566
f 10915 2566 5533
f 2659 10914 10915
f 2659 10915 5657
f 10914 2657 10916
f 10914 10916 10915
f 5538 10917 5657
f 5538 5657 608
f 10917 10918 2659
f 10917 2659 5657
f 2569 10924 10917
f 2569 10917 5538
f 10924 2660 10918
f 10924 10918 10917
f 5658 10919 5660
f 5658 5660 636
f 10919 10920 2661
f 10919 2661 5660
f 2659 10918 10919
f 2659 10919 5658
f 10918 2660 10920
f 10918 10920 10919
f 5659 10921 5662
f 5659 5662 637
f 10921 10922 2662
f 10921 2662 5662
f 2661 10920 10921
f 2661 10921 5659
f 10920 2660 10922
f 10920 10922 10921
f 5661 10923 5537
f 5661 5537 609
f 10923 10924 2569
f 10923 2569 5537
f 2662 10922 10923
f 2662 10923 5661
f 10922 2660 10924
f 10922 10924 10923
f 5542 10925 5661
f 5542 5661 609
f 10925 10926 2662
f 10925 2662 5661
f 2572 10932 10925
f 2572 10925 5542
f 10932 2663 10926
f 10932 10926 10925
f 5662 10927 5664
f 5662 5664 637
f 10927 10928 2664
f 10927 2664 5664
f 2662 10926 10927
f 2662 10927 5662
f 10926 2663 10928
f 10926 10928 10927
f 5663 10929 5666
f 5663 5666 638
f 10929 10930 2665
f 10929 2665 5666
f 2664 10928 10929
f 2664 10929 5663
f 10928 2663 10930
f 10928 10930 10929
f 5665 10931 5541
f 5665 5541 610
f 10931 10932 2572
f 10931 2572 5541
f 2665 10930 10931
f 2665 10931 5665
f 10930 2663 10932
f 10930 10932 10931
f 5546 10933 5665
f 5546 5665 610
f 10933 10934 2665
f 10933 2665 5665
f 2575 10940 10933
f 2575 10933 5546
f 10940 2666 10934
f 10940 10934 10933
f 5666 10935 5668
f 5666 5668 638
f 10935 10936 2667
f 10935 2667 5668
f 2665 10934 10935
f 2665 10935 5666
f 10934 2666 10936
f 10934 10936 10935
f 5667 10937 5670
f 5667 5670 639
f 10937 10938 2668
f 10937 2668 5670
f 2667 10936 10937
f 2667 10937 5667
f 10936 2666 10938
f 10936 10938 10937
f 5669 10939 5545
f 5669 5545 611
f 10939 10940 2575
f 10939 2575 5545
f 2668 10938 10939
f 2668 10939 5669
f 10938 2666 10940
f 10938 10940 10939
f 5550 10941 5669
f 5550 5669 611
f 10941 10942 2668
f 10941 2668 5669
f 2578 10948 10941
f 2578 10941 5550
f 10948 2669 10942
f 10948 10942 10941
f 5670 10943 5672
f 5670 5672 639
f 10943 10944 2670
f 10943 2670 5672
f 2668 10942 10943
f 2668 10943 5670
f 10942 2669 10944
f 10942 10944 10943
f 5671 10945 5674
f 5671 5674 640
f 10945 10946 2671
f 10945 2671 5674
f 2670 10944 10945
f 2670 10945 5671
f 10944 2669 10946
f 10944 10946 10945
f 5673 10947 5549
f 5673 5549 612
f 10947 10948 2578
f 10947 2578 5549
f 2671 10946 10947
f 2671 10947 5673
f 10946 2669 10948
f 10946 10948 10947
f 5552 10949 5673
f 5552 5673 612
f 10949 10950 2671
f 10949 2671 5673
f 2580 10956 10949
f 2580 10949 5552
f 10956 2672 10950
f 10956 10950 10949
f 5674 10951 5676
f 5674 5676 640
f 10951 10952 2673
f 10951 2673 5676
f 2671 10950 10951
f 2671 10951 5674
f 10950 2672 10952
f 10950 10952 10951
f 5675 10953 4157
f 5675 4157 282
f 10953 10954 1523
f 10953 1523 4157
f 2673 10952 10953
f 2673 10953 5675
f 10952 2672 10954
f 10952 10954 10953
f 4158 10955 5551
f 4158 5551 250
f 10955 10956 2580
f 10955 2580 5551
f 1523 10954 10955
f 1523 10955 4158
f 10954 2672 10956
f 10954 10956 10955
f 5128 10957 5678
f 5128 5678 501
f 10957 10958 2675
f 10957 2675 5678
f 2268 10964 10957
f 2268 10957 5128
f 10964 2674 10958
f 10964 10958 10957
f 5677 10959 5553
f 5677 5553 613
f 10959 10960 2582
f 10959 2582 5553
f 2675 10958 10959
f 2675 10959 5677
f 10958 2674 10960
f 10958 10960 10959
f 5554 10961 4161
f 5554 4161 251
f 10961 10962 1526
f 10961 1526 4161
f 2582 10960 10961
f 2582 10961 5554
f 10960 2674 10962
f 10960 10962 10961
f 4162 10963 5127
f 4162 5127 122
f 10963 10964 2268
f 10963 2268 5127
f 1526 10962 10963
f 1526 10963 4162
f 10962 2674 10964
f 10962 10964 10963
f 5134 10965 5680
f 5134 5680 502
f 10965 10966 2677
f 10965 2677 5680
f 2272 10972 10965
f 2272 10965 5134
f 10972 2676 10966
f 10972 10966 10965
f 5679 10967 5557
f 5679 5557 614
f 10967 10968 2585
f 10967 2585 5557
f 2677 10966 10967
f 2677 10967 5679
f 10966 2676 10968
f 10966 10968 10967
f 5558 10969 5677
f 5558 5677 613
f 10969 10970 2675
f 10969 2675 5677
f 2585 10968 10969
f 2585 10969 5558
f 10968 2676 10970
f 10968 10970 10969
f 5678 10971 5133
f 5678 5133 501
f 10971 10972 2272
f 10971 2272 5133
f 2675 10970 10971
f 2675 10971 5678
f 10970 2676 10972
f 10970 10972 10971
f 5140 10973 5682
f 5140 5682 503
f 10973 10974 2679
f 10973 2679 5682
f 2276 10980 10973
f 2276 10973 5140
f 10980 2678 10974
f 10980 10974 10973
f 5681 10975 5561
f 5681 5561 615
f 10975 10976 2588
f 10975 2588 5561
f 2679 10974 10975
f 2679 10975 5681
f 10974 2678 10976
f 10974 10976 10975
f 5562 10977 5679
f 5562 5679 614
f 10977 10978 2677
f 10977 2677 5679
f 2588 10976 10977
f 2588 10977 5562
f 10976 2678 10978
f 10976 10978 10977
f 5680 10979 5139
f 5680 5139 502
f 10979 10980 2276
f 10979 2276 5139
f 2677 10978 10979
f 2677 10979 5680
f 10978 2678 10980
f 10978 10980 10979
f 5683 10981 5686
f 5683 5686 591
f 10981 10982 2682
f 10981 2682 5686
f 2681 10988 10981
f 2681 10981 5683
f 10988 2680 10982
f 10988 10982 10981
f 5685 10983 5569
f 5685 5569 566
f 10983 10984 2594
f 10983 2594 5569
f 2682 10982 10983
f 2682 10983 5685
f 10982 2680 10984
f 10982 10984 10983
f 5570 10985 4169
f 5570 4169 196
f 10985 10986 1533
f 10985 1533 4169
f 2594 10984 10985
f 2594 10985 5570
f 10984 2680 10986
f 10984 10986 10985
f 4170 10987 5684
f 4170 5684 226
f 10987 10988 2681
f 10987 2681 5684
f 1533 10986 10987
f 1533 10987 4170
f 10986 2680 10988
f 10986 10988 10987
f 5687 10989 5690
f 5687 5690 592
f 10989 10990 2685
f 10989 2685 5690
f 2684 10996 10989
f 2684 10989 5687
f 10996 2683 10990
f 10996 10990 10989
f 5689 10991 5573
f 5689 5573 567
f 10991 10992 2597
f 10991 2597 5573
f 2685 10990 10991
f 2685 10991 5689
f 10990 2683 10992
f 10990 10992 10991
f 5574 10993 5685
f 5574 5685 566
f 10993 10994 2682
f 10993 2682 5685
f 2597 10992 10993
f 2597 10993 5574
f 10992 2683 10994
f 10992 10994 10993
f 5686 10995 5688
f 5686 5688 591
f 10995 10996 2684
f 10995 2684 5688
f 2682 10994 10995
f 2682 10995 5686
f 10994 2683 10996
f 10994 10996 10995
f 5691 10997 5694
f 5691 5694 593
f 10997 10998 2688
f 10997 2688 5694
f 2687 11004 10997
f 2687 10997 5691
f 11004 2686 10998
f 11004 10998 10997
f 5693 10999 5577
f 5693 5577 568
f 10999 11000 2600
f 10999 2600 5577
f 2688 10998 10999
f 2688 10999 5693
f 10998 2686 11000
f 10998 11000 10999
f 5578 11001 5689
f 5578 5689 567
f 11001 11002 2685
f 11001 2685 5689
f 2600 11000 11001
f 2600 11001 5578
f 11000 2686 11002
f 11000 11002 11001
f 5690 11003 5692
f 5690 5692 592
f 11003 11004 2687
f 11003 2687 5692
f 2685 11002 11003
f 2685 11003 5690
f 11002 2686 11004
f 11002 11004 11003
f 5695 11005 5698
f 5695 5698 594
f 11005 11006 2691
f 11005 2691 5698
f 2690 11012 11005
f 2690 11005 5695
f 11012 2689 11006
f 11012 11006 11005
f 5697 11007 5581
f 5697 5581 569
f 11007 11008 2603
f 11007 2603 5581
f 2691 11006 11007
f 2691 11007 5697
f 11006 2689 11008
f 11006 11008 11007
f 5582 11009 5693
f 5582 5693 568
f 11009 11010 2688
f 11009 2688 5693
f 2603 11008 11009
f 2603 11009 5582
f 11008 2689 11010
f 11008 11010 11009
f 5694 11011 5696
f 5694 5696 593
f 11011 11012 2690
f 11011 2690 5696
f 2688 11010 11011
f 2688 11011 5694
f 11010 2689 11012
f 11010 11012 11011
f 5699 11013 5702
f 5699 5702 595
f 11013 11014 2694
f 11013 2694 5702
f 2693 11020 11013
f 2693 11013 5699
f 11020 2692 11014
f 11020 11014 11013
f 5701 11015 5585
f 5701 5585 570
f 11015 11016 2606
f 11015 2606 5585
f 2694 11014 11015
f 2694 11015 5701
f 11014 2692 11016
f 11014 11016 11015
f 5586 11017 5697
f 5586 5697 569
f 11017 11018 2691
f 11017 2691 5697
f 2606 11016 11017
f 2606 11017 5586
f 11016 2692 11018
f 11016 11018 11017
f 5698 11019 5700
f 5698 5700 594
f 11019 11020 2693
f 11019 2693 5700
f 2691 11018 11019
f 2691 11019 5698
f 11018 2692 11020
f 11018 11020 11019
f 5703 11021 5706
f 5703 5706 596
f 11021 11022 2697
f 11021 2697 5706
f 2696 11028 11021
f 2696 11021 5703
f 11028 2695 11022
f 11028 11022 11021
f 5705 11023 5589
f 5705 5589 571
f 11023 11024 2609
f 11023 2609 5589
f 2697 11022 11023
f 2697 11023 5705
f 11022 2695 11024
f 11022 11024 11023
f 5590 11025 5701
f 5590 5701 570
f 11025 11026 2694
f 11025 2694 5701
f 2609 11024 11025
f 2609 11025 5590
f 11024 2695 11026
f 11024 11026 11025
f 5702 11027 5704
f 5702 5704 595
f 11027 11028 2696
f 11027 2696 5704
f 2694 11026 11027
f 2694 11027 5702
f 11026 2695 11028
f 11026 11028 11027
f 5707 11029 5710
f 5707 5710 597
f 11029 11030 2700
f 11029 2700 5710
f 2699 11036 11029
f 2699 11029 5707
f 11036 2698 11030
f 11036 11030 11029
f 5709 11031 5593
f 5709 5593 572
f 11031 11032 2612
f 11031 2612 5593
f 2700 11030 11031
f 2700 11031 5709
f 11030 2698 11032
f 11030 11032 11031
f 5594 11033 5705
f 5594 5705 571
f 11033 11034 2697
f 11033 2697 5705
f 2612 11032 11033
f 2612 11033 5594
f 11032 2698 11034
f 11032 11034 11033
f 5706 11035 5708
f 5706 5708 596
f 11035 11036 2699
f 11035 2699 5708
f 2697 11034 11035
f 2697 11035 5706
f 11034 2698 11036
f 11034 11036 11035
f 5711 11037 5714
f 5711 5714 598
f 11037 11038 2703
f 11037 2703 5714
f 2702 11044 11037
f 2702 11037 5711
f 11044 2701 11038
f 11044 11038 11037
f 5713 11039 5597
f 5713 5597 573
f 11039 11040 2615
f 11039 2615 5597
f 2703 11038 11039
f 2703 11039 5713
f 11038 2701 11040
f 11038 11040 11039
f 5598 11041 5709
f 5598 5709 572
f 11041 11042 2700
f 11041 2700 5709
f 2615 11040 11041
f 2615 11041 5598
f 11040 2701 11042
f 11040 11042 11041
f 5710 11043 5712
f 5710 5712 597
f 11043 11044 2702
f 11043 2702 5712
f 2700 11042 11043
f 2700 11043 5710
f 11042 2701 11044
f 11042 11044 11043
f 5632 11045 5716
f 5632 5716 599
f 11045 11046 2705
f 11045 2705 5716
f 2640 11052 11045
f 2640 11045 5632
f 11052 2704 11046
f 11052 11046 11045
f 5715 11047 5601
f 5715 5601 574
f 11047 11048 2618
f 11047 2618 5601
f 2705 11046 11047
f 2705 11047 5715
f 11046 2704 11048
f 11046 11048 11047
f 5602 11049 5713
f 5602 5713 573
f 11049 11050 2703
f 11049 2703 5713
f 2618 11048 11049
f 2618 11049 5602
f 11048 2704 11050
f 11048 11050 11049
f 5714 11051 5631
f 5714 5631 598
f 11051 11052 2640
f 11051 2640 5631
f 2703 11050 11051
f 2703 11051 5714
f 11050 2704 11052
f 11050 11052 11051
f 5512 11053 5718
f 5512 5718 600
f 11053 11054 2707
f 11053 2707 5718
f 2549 11060 11053
f 2549 11053 5512
f 11060 2706 11054
f 11060 11054 11053
f 5717 11055 5605
f 5717 5605 575
f 11055 11056 2621
f 11055 2621 5605
f 2707 11054 11055
f 2707 11055 5717
f 11054 2706 11056
f 11054 11056 11055
f 5606 11057 5715
f 5606 5715 574
f 11057 11058 2705
f 11057 2705 5715
f 2621 11056 11057
f 2621 11057 5606
f 11056 2706 11058
f 11056 11058 11057
f 5716 11059 5511
f 5716 5511 599
f 11059 11060 2549
f 11059 2549 5511
f 2705 11058 11059
f 2705 11059 5716
f 11058 2706 11060
f 11058 11060 11059
f 5422 11061 5720
f 5422 5720 601
f 11061 11062 2709
f 11061 2709 5720
f 2475 11068 11061
f 2475 11061 5422
f 11068 2708 11062
f 11068 11062 11061
f 5719 11063 5609
f 5719 5609 576
f 11063 11064 2624
f 11063 2624 5609
f 2709 11062 11063
f 2709 11063 5719
f 11062 2708 11064
f 11062 11064 11063
f 5610 11065 5717
f 5610 5717 575
f 11065 11066 2707
f 11065 2707 5717
f 2624 11064 11065
f 2624 11065 5610
f 11064 2708 11066
f 11064 11066 11065
f 5718 11067 5421
f 5718 5421 600
f 11067 11068 2475
f 11067 2475 5421
f 2707 11066 11067
f 2707 11067 5718
f 11066 2708 11068
f 11066 11068 11067
f 5076 11069 5722
f 5076 5722 602
f 11069 11070 2711
f 11069 2711 5722
f 2229 11076 11069
f 2229 11069 5076
f 11076 2710 11070
f 11076 11070 11069
f 5721 11071 5613
f 5721 5613 577
f 11071 11072 2627
f 11071 2627 5613
f 2711 11070 11071
f 2711 11071 5721
f 11070 2710 11072
f 11070 11072 11071
f 5614 11073 5719
f 5614 5719 576
f 11073 11074 2709
f 11073 2709 5719
f 2627 11072 11073
f 2627 11073 5614
f 11072 2710 11074
f 11072 11074 11073
f 5720 11075 5075
f 5720 5075 601
f 11075 11076 2229
f 11075 2229 5075
f 2709 11074 11075
f 2709 11075 5720
f 11074 2710 11076
f 11074 11076 11075
f 5070 11077 5724
f 5070 5724 603
f 11077 11078 2713
f 11077 2713 5724
f 2225 11084 11077
f 2225 11077 5070
f 11084 2712 11078
f 11084 11078 11077
f 5723 11079 5617
f 5723 5617 578
f 11079 11080 2630
f 11079 2630 5617
f 2713 11078 11079
f 2713 11079 5723
f 11078 2712 11080
f 11078 11080 11079
f 5618 11081 5721
f 5618 5721 577
f 11081 11082 2711
f 11081 2711 5721
f 2630 11080 11081
f 2630 11081 5618
f 11080 2712 11082
f 11080 11082 11081
f 5722 11083 5069
f 5722 5069 602
f 11083 11084 2225
f 11083 2225 5069
f 2711 11082 11083
f 2711 11083 5722
f 11082 2712 11084
f 11082 11084 11083
f 5004 11085 5726
f 5004 5726 604
f 11085 11086 2715
f 11085 2715 5726
f 2177 11092 11085
f 2177 11085 5004
f 11092 2714 11086
f 11092 11086 11085
f 5725 11087 5621
f 5725 5621 579
f 11087 11088 2633
f 11087 2633 5621
f 2715 11086 11087
f 2715 11087 5725
f 11086 2714 11088
f 11086 11088 11087
f 5622 11089 5723
f 5622 5723 578
f 11089 11090 2713
f 11089 2713 5723
f 2633 11088 11089
f 2633 11089 5622
f 11088 2714 11090
f 11088 11090 11089
f 5724 11091 5003
f 5724 5003 603
f 11091 11092 2177
f 11091 2177 5003
f 2713 11090 11091
f 2713 11091 5724
f 11090 2714 11092
f 11090 11092 11091
f 5727 11093 5633
f 5727 5633 624
f 11093 11094 2641
f 11093 2641 5633
f 2717 11100 11093
f 2717 11093 5727
f 11100 2716 11094
f 11100 11094 11093
f 5634 11095 5711
f 5634 5711 598
f 11095 11096 2702
f 11095 2702 5711
f 2641 11094 11095
f 2641 11095 5634
f 11094 2716 11096
f 11094 11096 11095
f 5712 11097 5730
f 5712 5730 597
f 11097 11098 2718
f 11097 2718 5730
f 2702 11096 11097
f 2702 11097 5712
f 11096 2716 11098
f 11096 11098 11097
f 5729 11099 5728
f 5729 5728 623
f 11099 11100 2717
f 11099 2717 5728
f 2718 11098 11099
f 2718 11099 5729
f 11098 2716 11100
f 11098 11100 11099
f 5146 11101 5732
f 5146 5732 504
f 11101 11102 2720
f 11101 2720 5732
f 2280 11108 11101
f 2280 11101 5146
f 11108 2719 11102
f 11108 11102 11101
f 5731 11103 5565
f 5731 5565 616
f 11103 11104 2591
f 11103 2591 5565
f 2720 11102 11103
f 2720 11103 5731
f 11102 2719 11104
f 11102 11104 11103
f 5566 11105 5681
f 5566 5681 615
f 11105 11106 2679
f 11105 2679 5681
f 2591 11104 11105
f 2591 11105 5566
f 11104 2719 11106
f 11104 11106 11105
f 5682 11107 5145
f 5682 5145 503
f 11107 11108 2280
f 11107 2280 5145
f 2679 11106 11107
f 2679 11107 5682
f 11106 2719 11108
f 11106 11108 11107
f 5152 11109 5734
f 5152 5734 505
f 11109 11110 2722
f 11109 2722 5734
f 2284 11116 11109
f 2284 11109 5152
f 11116 2721 11110
f 11116 11110 11109
f 5733 11111 5635
f 5733 5635 631
f 11111 11112 2643
f 11111 2643 5635
f 2722 11110 11111
f 2722 11111 5733
f 11110 2721 11112
f 11110 11112 11111
f 5636 11113 5731
f 5636 5731 616
f 11113 11114 2720
f 11113 2720 5731
f 2643 11112 11113
f 2643 11113 5636
f 11112 2721 11114
f 11112 11114 11113
f 5732 11115 5151
f 5732 5151 504
f 11115 11116 2284
f 11115 2284 5151
f 2720 11114 11115
f 2720 11115 5732
f 11114 2721 11116
f 11114 11116 11115
f 5158 11117 5736
f 5158 5736 506
f 11117 11118 2724
f 11117 2724 5736
f 2288 11124 11117
f 2288 11117 5158
f 11124 2723 11118
f 11124 11118 11117
f 5735 11119 5639
f 5735 5639 632
f 11119 11120 2646
f 11119 2646 5639
f 2724 11118 11119
f 2724 11119 5735
f 11118 2723 11120
f 11118 11120 11119
f 5640 11121 5733
f 5640 5733 631
f 11121 11122 2722
f 11121 2722 5733
f 2646 11120 11121
f 2646 11121 5640
f 11120 2723 11122
f 11120 11122 11121
f 5734 11123 5157
f 5734 5157 505
f 11123 11124 2288
f 11123 2288 5157
f 2722 11122 11123
f 2722 11123 5734
f 11122 2723 11124
f 11122 11124 11123
f 5164 11125 5738
f 5164 5738 507
f 11125 11126 2726
f 11125 2726 5738
f 2292 11132 11125
f 2292 11125 5164
f 11132 2725 11126
f 11132 11126 11125
f 5737 11127 5643
f 5737 5643 633
f 11127 11128 2649
f 11127 2649 5643
f 2726 11126 11127
f 2726 11127 5737
f 11126 2725 11128
f 11126 11128 11127
f 5644 11129 5735
f 5644 5735 632
f 11129 11130 2724
f 11129 2724 5735
f 2649 11128 11129
f 2649 11129 5644
f 11128 2725 11130
f 11128 11130 11129
f 5736 11131 5163
f 5736 5163 506
f 11131 11132 2292
f 11131 2292 5163
f 2724 11130 11131
f 2724 11131 5736
f 11130 2725 11132
f 11130 11132 11131
f 5170 11133 5740
f 5170 5740 508
f 11133 11134 2728
f 11133 2728 5740
f 2296 11140 11133
f 2296 11133 5170
f 11140 2727 11134
f 11140 11134 11133
f 5739 11135 5647
f 5739 5647 634
f 11135 11136 2652
f 11135 2652 5647
f 2728 11134 11135
f 2728 11135 5739
f 11134 2727 11136
f 11134 11136 11135
f 5648 11137 5737
f 5648 5737 633
f 11137 11138 2726
f 11137 2726 5737
f 2652 11136 11137
f 2652 11137 5648
f 11136 2727 11138
f 11136 11138 11137
f 5738 11139 5169
f 5738 5169 507
f 11139 11140 2296
f 11139 2296 5169
f 2726 11138 11139
f 2726 11139 5738
f 11138 2727 11140
f 11138 11140 11139
f 5176 11141 5742
f 5176 5742 509
f 11141 11142 2730
f 11141 2730 5742
f 2300 11148 11141
f 2300 11141 5176
f 11148 2729 11142
f 11148 11142 11141
f 5741 11143 5651
f 5741 5651 635
f 11143 11144 2655
f 11143 2655 5651
f 2730 11142 11143
f 2730 11143 5741
f 11142 2729 11144
f 11142 11144 11143
f 5652 11145 5739
f 5652 5739 634
f 11145 11146 2728
f 11145 2728 5739
f 2655 11144 11145
f 2655 11145 5652
f 11144 2729 11146
f 11144 11146 11145
f 5740 11147 5175
f 5740 5175 508
f 11147 11148 2300
f 11147 2300 5175
f 2728 11146 11147
f 2728 11147 5740
f 11146 2729 11148
f 11146 11148 11147
f 5182 11149 5744
f 5182 5744 510
f 11149 11150 2732
f 11149 2732 5744
f 2304 11156 11149
f 2304 11149 5182
f 11156 2731 11150
f 11156 11150 11149
f 5743 11151 5655
f 5743 5655 636
f 11151 11152 2658
f 11151 2658 5655
f 2732 11150 11151
f 2732 11151 5743
f 11150 2731 11152
f 11150 11152 11151
f 5656 11153 5741
f 5656 5741 635
f 11153 11154 2730
f 11153 2730 5741
f 2658 11152 11153
f 2658 11153 5656
f 11152 2731 11154
f 11152 11154 11153
f 5742 11155 5181
f 5742 5181 509
f 11155 11156 2304
f 11155 2304 5181
f 2730 11154 11155
f 2730 11155 5742
f 11154 2731 11156
f 11154 11156 11155
f 5188 11157 5746
f 5188 5746 511
f 11157 11158 2734
f 11157 2734 5746
f 2308 11164 11157
f 2308 11157 5188
f 11164 2733 11158
f 11164 11158 11157
f 5745 11159 5659
f 5745 5659 637
f 11159 11160 2661
f 11159 2661 5659
f 2734 11158 11159
f 2734 11159 5745
f 11158 2733 11160
f 11158 11160 11159
f 5660 11161 5743
f 5660 5743 636
f 11161 11162 2732
f 11161 2732 5743
f 2661 11160 11161
f 2661 11161 5660
f 11160 2733 11162
f 11160 11162 11161
f 5744 11163 5187
f 5744 5187 510
f 11163 11164 2308
f 11163 2308 5187
f 2732 11162 11163
f 2732 11163 5744
f 11162 2733 11164
f 11162 11164 11163
f 5194 11165 5748
f 5194 5748 512
f 11165 11166 2736
f 11165 2736 5748
f 2312 11172 11165
f 2312 11165 5194
f 11172 2735 11166
f 11172 11166 11165
f 5747 11167 5663
f 5747 5663 638
f 11167 11168 2664
f 11167 2664 5663
f 2736 11166 11167
f 2736 11167 5747
f 11166 2735 11168
f 11166 11168 11167
f 5664 11169 5745
f 5664 5745 637
f 11169 11170 2734
f 11169 2734 5745
f 2664 11168 11169
f 2664 11169 5664
f 11168 2735 11170
f 11168 11170 11169
f 5746 11171 5193
f 5746 5193 511
f 11171 11172 2312
f 11171 2312 5193
f 2734 11170 11171
f 2734 11171 5746
f 11170 2735 11172
f 11170 11172 11171
f 5200 11173 5750
f 5200 5750 513
f 11173 11174 2738
f 11173 2738 5750
f 2316 11180 11173
f 2316 11173 5200
f 11180 2737 11174
f 11180 11174 11173
f 5749 11175 5667
f 5749 5667 639
f 11175 11176 2667
f 11175 2667 5667
f 2738 11174 11175
f 2738 11175 5749
f 11174 2737 11176
f 11174 11176 11175
f 5668 11177 5747
f 5668 5747 638
f 11177 11178 2736
f 11177 2736 5747
f 2667 11176 11177
f 2667 11177 5668
f 11176 2737 11178
f 11176 11178 11177
f 5748 11179 5199
f 5748 5199 512
f 11179 11180 2316
f 11179 2316 5199
f 2736 11178 11179
f 2736 11179 5748
f 11178 2737 11180
f 11178 11180 11179
f 5206 11181 5752
f 5206 5752 528
f 11181 11182 2740
f 11181 2740 5752
f 2320 11188 11181
f 2320 11181 5206
f 11188 2739 11182
f 11188 11182 11181
f 5751 11183 5671
f 5751 5671 640
f 11183 11184 2670
f 11183 2670 5671
f 2740 11182 11183
f 2740 11183 5751
f 11182 2739 11184
f 11182 11184 11183
f 5672 11185 5749
f 5672 5749 639
f 11185 11186 2738
f 11185 2738 5749
f 2670 11184 11185
f 2670 11185 5672
f 11184 2739 11186
f 11184 11186 11185
f 5750 11187 5205
f 5750 5205 513
f 11187 11188 2320
f 11187 2320 5205
f 2738 11186 11187
f 2738 11187 5750
f 11186 2739 11188
f 11186 11188 11187
f 5212 11189 4241
f 5212 4241 153
f 11189 11190 1595
f 11189 1595 4241
f 2324 11196 11189
f 2324 11189 5212
f 11196 2741 11190
f 11196 11190 11189
f 4242 11191 5675
f 4242 5675 282
f 11191 11192 2673
f 11191 2673 5675
f 1595 11190 11191
f 1595 11191 4242
f 11190 2741 11192
f 11190 11192 11191
f 5676 11193 5751
f 5676 5751 640
f 11193 11194 2740
f 11193 2740 5751
f 2673 11192 11193
f 2673 11193 5676
f 11192 2741 11194
f 11192 11194 11193
f 5752 11195 5211
f 5752 5211 528
f 11195 11196 2324
f 11195 2324 5211
f 2740 11194 11195
f 2740 11195 5752
f 11194 2741 11196
f 11194 11196 11195
f 4786 11197 5754
f 4786 5754 443
f 11197 11198 2743
f 11197 2743 5754
f 2024 11204 11197
f 2024 11197 4786
f 11204 2742 11198
f 11204 11198 11197
f 5753 11199 4983
f 5753 4983 584
f 11199 11200 2163
f 11199 2163 4983
f 2743 11198 11199
f 2743 11199 5753
f 11198 2742 11200
f 11198 11200 11199
f 4984 11201 4243
f 4984 4243 217
f 11201 11202 1597
f 11201 1597 4243
f 2163 11200 11201
f 2163 11201 4984
f 11200 2742 11202
f 11200 11202 11201
f 4244 11203 4785
f 4244 4785 50
f 11203 11204 2024
f 11203 2024 4785
f 1597 11202 11203
f 1597 11203 4244
f 11202 2742 11204
f 11202 11204 11203
f 4792 11205 5756
f 4792 5756 444
f 11205 11206 2745
f 11205 2745 5756
f 2028 11212 11205
f 2028 11205 4792
f 11212 2744 11206
f 11212 11206 11205
f 5755 11207 5013
f 5755 5013 583
f 11207 11208 2184
f 11207 2184 5013
f 2745 11206 11207
f 2745 11207 5755
f 11206 2744 11208
f 11206 11208 11207
f 5014 11209 5753
f 5014 5753 584
f 11209 11210 2743
f 11209 2743 5753
f 2184 11208 11209
f 2184 11209 5014
f 11208 2744 11210
f 11208 11210 11209
f 5754 11211 4791
f 5754 4791 443
f 11211 11212 2028
f 11211 2028 4791
f 2743 11210 11211
f 2743 11211 5754
f 11210 2744 11212
f 11210 11212 11211
f 4850 11213 5758
f 4850 5758 447
f 11213 11214 2747
f 11213 2747 5758
f 2071 11220 11213
f 2071 11213 4850
f 11220 2746 11214
f 11220 11214 11213
f 5757 11215 5023
f 5757 5023 582
f 11215 11216 2191
f 11215 2191 5023
f 2747 11214 11215
f 2747 11215 5757
f 11214 2746 11216
f 11214 11216 11215
f 5024 11217 5755
f 5024 5755 583
f 11217 11218 2745
f 11217 2745 5755
f 2191 11216 11217
f 2191 11217 5024
f 11216 2746 11218
f 11216 11218 11217
f 5756 11219 4849
f 5756 4849 444
f 11219 11220 2071
f 11219 2071 4849
f 2745 11218 11219
f 2745 11219 5756
f 11218 2746 11220
f 11218 11220 11219
f 5759 11221 5762
f 5759 5762 617
f 11221 11222 2750
f 11221 2750 5762
f 2749 11228 11221
f 2749 11221 5759
f 11228 2748 11222
f 11228 11222 11221
f 5761 11223 5683
f 5761 5683 591
f 11223 11224 2681
f 11223 2681 5683
f 2750 11222 11223
f 2750 11223 5761
f 11222 2748 11224
f 11222 11224 11223
f 5684 11225 4251
f 5684 4251 226
f 11225 11226 1604
f 11225 1604 4251
f 2681 11224 11225
f 2681 11225 5684
f 11224 2748 11226
f 11224 11226 11225
f 4252 11227 5760
f 4252 5760 256
f 11227 11228 2749
f 11227 2749 5760
f 1604 11226 11227
f 1604 11227 4252
f 11226 2748 11228
f 11226 11228 11227
f 5763 11229 5766
f 5763 5766 618
f 11229 11230 2753
f 11229 2753 5766
f 2752 11236 11229
f 2752 11229 5763
f 11236 2751 11230
f 11236 11230 11229
f 5765 11231 5687
f 5765 5687 592
f 11231 11232 2684
f 11231 2684 5687
f 2753 11230 11231
f 2753 11231 5765
f 11230 2751 11232
f 11230 11232 11231
f 5688 11233 5761
f 5688 5761 591
f 11233 11234 2750
f 11233 2750 5761
f 2684 11232 11233
f 2684 11233 5688
f 11232 2751 11234
f 11232 11234 11233
f 5762 11235 5764
f 5762 5764 617
f 11235 11236 2752
f 11235 2752 5764
f 2750 11234 11235
f 2750 11235 5762
f 11234 2751 11236
f 11234 11236 11235
f 5767 11237 5770
f 5767 5770 619
f 11237 11238 2756
f 11237 2756 5770
f 2755 11244 11237
f 2755 11237 5767
f 11244 2754 11238
f 11244 11238 11237
f 5769 11239 5691
f 5769 5691 593
f 11239 11240 2687
f 11239 2687 5691
f 2756 11238 11239
f 2756 11239 5769
f 11238 2754 11240
f 11238 11240 11239
f 5692 11241 5765
f 5692 5765 592
f 11241 11242 2753
f 11241 2753 5765
f 2687 11240 11241
f 2687 11241 5692
f 11240 2754 11242
f 11240 11242 11241
f 5766 11243 5768
f 5766 5768 618
f 11243 11244 2755
f 11243 2755 5768
f 2753 11242 11243
f 2753 11243 5766
f 11242 2754 11244
f 11242 11244 11243
f 5771 11245 5774
f 5771 5774 620
f 11245 11246 2759
f 11245 2759 5774
f 2758 11252 11245
f 2758 11245 5771
f 11252 2757 11246
f 11252 11246 11245
f 5773 11247 5695
f 5773 5695 594
f 11247 11248 2690
f 11247 2690 5695
f 2759 11246 11247
f 2759 11247 5773
f 11246 2757 11248
f 11246 11248 11247
f 5696 11249 5769
f 5696 5769 593
f 11249 11250 2756
f 11249 2756 5769
f 2690 11248 11249
f 2690 11249 5696
f 11248 2757 11250
f 11248 11250 11249
f 5770 11251 5772
f 5770 5772 619
f 11251 11252 2758
f 11251 2758 5772
f 2756 11250 11251
f 2756 11251 5770
f 11250 2757 11252
f 11250 11252 11251
f 5775 11253 5778
f 5775 5778 621
f 11253 11254 2762
f 11253 2762 5778
f 2761 11260 11253
f 2761 11253 5775
f 11260 2760 11254
f 11260 11254 11253
f 5777 11255 5699
f 5777 5699 595
f 11255 11256 2693
f 11255 2693 5699
f 2762 11254 11255
f 2762 11255 5777
f 11254 2760 11256
f 11254 11256 11255
f 5700 11257 5773
f 5700 5773 594
f 11257 11258 2759
f 11257 2759 5773
f 2693 11256 11257
f 2693 11257 5700
f 11256 2760 11258
f 11256 11258 11257
f 5774 11259 5776
f 5774 5776 620
f 11259 11260 2761
f 11259 2761 5776
f 2759 11258 11259
f 2759 11259 5774
f 11258 2760 11260
f 11258 11260 11259
f 5779 11261 5782
f 5779 5782 622
f 11261 11262 2765
f 11261 2765 5782
f 2764 11268 11261
f 2764 11261 5779
f 11268 2763 11262
f 11268 11262 11261
f 5781 11263 5703
f 5781 5703 596
f 11263 11264 2696
f 11263 2696 5703
f 2765 11262 11263
f 2765 11263 5781
f 11262 2763 11264
f 11262 11264 11263
f 5704 11265 5777
f 5704 5777 595
f 11265 11266 2762
f 11265 2762 5777
f 2696 11264 11265
f 2696 11265 5704
f 11264 2763 11266
f 11264 11266 11265
f 5778 11267 5780
f 5778 5780 621
f 11267 11268 2764
f 11267 2764 5780
f 2762 11266 11267
f 2762 11267 5778
f 11266 2763 11268
f 11266 11268 11267
f 5783 11269 5729
f 5783 5729 623
f 11269 11270 2718
f 11269 2718 5729
f 2767 11276 11269
f 2767 11269 5783
f 11276 2766 11270
f 11276 11270 11269
f 5730 11271 5707
f 5730 5707 597
f 11271 11272 2699
f 11271 2699 5707
f 2718 11270 11271
f 2718 11271 5730
f 11270 2766 11272
f 11270 11272 11271
f 5708 11273 5781
f 5708 5781 596
f 11273 11274 2765
f 11273 2765 5781
f 2699 11272 11273
f 2699 11273 5708
f 11272 2766 11274
f 11272 11274 11273
f 5782 11275 5784
f 5782 5784 622
f 11275 11276 2767
f 11275 2767 5784
f 2765 11274 11275
f 2765 11275 5782
f 11274 2766 11276
f 11274 11276 11275
f 4856 11277 5786
f 4856 5786 448
f 11277 11278 2769
f 11277 2769 5786
f 2075 11284 11277
f 2075 11277 4856
f 11284 2768 11278
f 11284 11278 11277
f 5785 11279 5031
f 5785 5031 581
f 11279 11280 2197
f 11279 2197 5031
f 2769 11278 11279
f 2769 11279 5785
f 11278 2768 11280
f 11278 11280 11279
f 5032 11281 5757
f 5032 5757 582
f 11281 11282 2747
f 11281 2747 5757
f 2197 11280 11281
f 2197 11281 5032
f 11280 2768 11282
f 11280 11282 11281
f 5758 11283 4855
f 5758 4855 447
f 11283 11284 2075
f 11283 2075 4855
f 2747 11282 11283
f 2747 11283 5758
f 11282 2768 11284
f 11282 11284 11283
f 4874 11285 5788
f 4874 5788 449
f 11285 11286 2771
f 11285 2771 5788
f 2087 11292 11285
f 2087 11285 4874
f 11292 2770 11286
f 11292 11286 11285
f 5787 11287 5039
f 5787 5039 580
f 11287 11288 2203
f 11287 2203 5039
f 2771 11286 11287
f 2771 11287 5787
f 11286 2770 11288
f 11286 11288 11287
f 5040 11289 5785
f 5040 5785 581
f 11289 11290 2769
f 11289 2769 5785
f 2203 11288 11289
f 2203 11289 5040
f 11288 2770 11290
f 11288 11290 11289
f 5786 11291 4873
f 5786 4873 448
f 11291 11292 2087
f 11291 2087 4873
f 2769 11290 11291
f 2769 11291 5786
f 11290 2770 11292
f 11290 11292 11291
f 5010 11293 5790
f 5010 5790 413
f 11293 11294 2773
f 11293 2773 5790
f 2181 11300 11293
f 2181 11293 5010
f 11300 2772 11294
f 11300 11294 11293
f 5789 11295 5627
f 5789 5627 553
f 11295 11296 2637
f 11295 2637 5627
f 2773 11294 11295
f 2773 11295 5789
f 11294 2772 11296
f 11294 11296 11295
f 5628 11297 4283
f 5628 4283 151
f 11297 11298 1629
f 11297 1629 4283
f 2637 11296 11297
f 2637 11297 5628
f 11296 2772 11298
f 11296 11298 11297
f 4284 11299 5009
f 4284 5009 33
f 11299 11300 2181
f 11299 2181 5009
f 1629 11298 11299
f 1629 11299 4284
f 11298 2772 11300
f 11298 11300 11299
f 4868 11301 5792
f 4868 5792 414
f 11301 11302 2775
f 11301 2775 5792
f 2082 11308 11301
f 2082 11301 4868
f 11308 2774 11302
f 11308 11302 11301
f 5791 11303 5507
f 5791 5507 527
f 11303 11304 2546
f 11303 2546 5507
f 2775 11302 11303
f 2775 11303 5791
f 11302 2774 11304
f 11302 11304 11303
f 5508 11305 5789
f 5508 5789 553
f 11305 11306 2773
f 11305 2773 5789
f 2546 11304 11305
f 2546 11305 5508
f 11304 2774 11306
f 11304 11306 11305
f 5790 11307 4867
f 5790 4867 413
f 11307 11308 2082
f 11307 2082 4867
f 2773 11306 11307
f 2773 11307 5790
f 11306 2774 11308
f 11306 11308 11307
f 4872 11309 4289
f 4872 4289 48
f 11309 11310 1634
f 11309 1634 4289
f 2085 11316 11309
f 2085 11309 4872
f 11316 2776 11310
f 11316 11310 11309
f 4290 11311 5417
f 4290 5417 121
f 11311 11312 2472
f 11311 2472 5417
f 1634 11310 11311
f 1634 11311 4290
f 11310 2776 11312
f 11310 11312 11311
f 5418 11313 5791
f 5418 5791 527
f 11313 11314 2775
f 11313 2775 5791
f 2472 11312 11313
f 2472 11313 5418
f 11312 2776 11314
f 11312 11314 11313
f 5792 11315 4871
f 5792 4871 414
f 11315 11316 2085
f 11315 2085 4871
f 2775 11314 11315
f 2775 11315 5792
f 11314 2776 11316
f 11314 11316 11315
f 4880 11317 5794
f 4880 5794 450
f 11317 11318 2778
f 11317 2778 5794
f 2091 11324 11317
f 2091 11317 4880
f 11324 2777 11318
f 11324 11318 11317
f 5793 11319 5047
f 5793 5047 565
f 11319 11320 2209
f 11319 2209 5047
f 2778 11318 11319
f 2778 11319 5793
f 11318 2777 11320
f 11318 11320 11319
f 5048 11321 5787
f 5048 5787 580
f 11321 11322 2771
f 11321 2771 5787
f 2209 11320 11321
f 2209 11321 5048
f 11320 2777 11322
f 11320 11322 11321
f 5788 11323 4879
f 5788 4879 449
f 11323 11324 2091
f 11323 2091 4879
f 2771 11322 11323
f 2771 11323 5788
f 11322 2777 11324
f 11322 11324 11323
f 4898 11325 5796
f 4898 5796 451
f 11325 11326 2780
f 11325 2780 5796
f 2103 11332 11325
f 2103 11325 4898
f 11332 2779 11326
f 11332 11326 11325
f 5795 11327 5055
f 5795 5055 564
f 11327 11328 2215
f 11327 2215 5055
f 2780 11326 11327
f 2780 11327 5795
f 11326 2779 11328
f 11326 11328 11327
f 5056 11329 5793
f 5056 5793 565
f 11329 11330 2778
f 11329 2778 5793
f 2215 11328 11329
f 2215 11329 5056
f 11328 2779 11330
f 11328 11330 11329
f 5794 11331 4897
f 5794 4897 450
f 11331 11332 2103
f 11331 2103 4897
f 2778 11330 11331
f 2778 11331 5794
f 11330 2779 11332
f 11330 11332 11331
f 4904 11333 5798
f 4904 5798 452
f 11333 11334 2782
f 11333 2782 5798
f 2107 11340 11333
f 2107 11333 4904
f 11340 2781 11334
f 11340 11334 11333
f 5797 11335 5063
f 5797 5063 563
f 11335 11336 2221
f 11335 2221 5063
f 2782 11334 11335
f 2782 11335 5797
f 11334 2781 11336
f 11334 11336 11335
f 5064 11337 5795
f 5064 5795 564
f 11337 11338 2780
f 11337 2780 5795
f 2221 11336 11337
f 2221 11337 5064
f 11336 2781 11338
f 11336 11338 11337
f 5796 11339 4903
f 5796 4903 451
f 11339 11340 2107
f 11339 2107 4903
f 2780 11338 11339
f 2780 11339 5796
f 11338 2781 11340
f 11338 11340 11339
f 5114 11341 5800
f 5114 5800 440
f 11341 11342 2784
f 11341 2784 5800
f 2256 11348 11341
f 2256 11341 5114
f 11348 2783 11342
f 11348 11342 11341
f 5799 11343 4997
f 5799 4997 604
f 11343 11344 2173
f 11343 2173 4997
f 2784 11342 11343
f 2784 11343 5799
f 11342 2783 11344
f 11342 11344 11343
f 4998 11345 4297
f 4998 4297 211
f 11345 11346 1642
f 11345 1642 4297
f 2173 11344 11345
f 2173 11345 4998
f 11344 2783 11346
f 11344 11346 11345
f 4298 11347 5113
f 4298 5113 41
f 11347 11348 2256
f 11347 2256 5113
f 1642 11346 11347
f 1642 11347 4298
f 11346 2783 11348
f 11346 11348 11347
f 5110 11349 5802
f 5110 5802 439
f 11349 11350 2786
f 11349 2786 5802
f 2253 11356 11349
f 2253 11349 5110
f 11356 2785 11350
f 11356 11350 11349
f 5801 11351 5725
f 5801 5725 579
f 11351 11352 2715
f 11351 2715 5725
f 2786 11350 11351
f 2786 11351 5801
f 11350 2785 11352
f 11350 11352 11351
f 5726 11353 5799
f 5726 5799 604
f 11353 11354 2784
f 11353 2784 5799
f 2715 11352 11353
f 2715 11353 5726
f 11352 2785 11354
f 11352 11354 11353
f 5800 11355 5109
f 5800 5109 440
f 11355 11356 2253
f 11355 2253 5109
f 2784 11354 11355
f 2784 11355 5800
f 11354 2785 11356
f 11354 11356 11355
f 5122 11357 4303
f 5122 4303 40
f 11357 11358 1647
f 11357 1647 4303
f 2263 11364 11357
f 2263 11357 5122
f 11364 2787 11358
f 11364 11358 11357
f 4304 11359 5625
f 4304 5625 181
f 11359 11360 2636
f 11359 2636 5625
f 1647 11358 11359
f 1647 11359 4304
f 11358 2787 11360
f 11358 11360 11359
f 5626 11361 5801
f 5626 5801 579
f 11361 11362 2786
f 11361 2786 5801
f 2636 11360 11361
f 2636 11361 5626
f 11360 2787 11362
f 11360 11362 11361
f 5802 11363 5121
f 5802 5121 439
f 11363 11364 2263
f 11363 2263 5121
f 2786 11362 11363
f 2786 11363 5802
f 11362 2787 11364
f 11362 11364 11363
f 4918 11365 5804
f 4918 5804 453
f 11365 11366 2789
f 11365 2789 5804
f 2117 11372 11365
f 2117 11365 4918
f 11372 2788 11366
f 11372 11366 11365
f 5803 11367 5081
f 5803 5081 562
f 11367 11368 2233
f 11367 2233 5081
f 2789 11366 11367
f 2789 11367 5803
f 11366 2788 11368
f 11366 11368 11367
f 5082 11369 5797
f 5082 5797 563
f 11369 11370 2782
f 11369 2782 5797
f 2233 11368 11369
f 2233 11369 5082
f 11368 2788 11370
f 11368 11370 11369
f 5798 11371 4917
f 5798 4917 452
f 11371 11372 2117
f 11371 2117 4917
f 2782 11370 11371
f 2782 11371 5798
f 11370 2788 11372
f 11370 11372 11371
f 5805 11373 5808
f 5805 5808 656
f 11373 11374 2792
f 11373 2792 5808
f 2791 11380 11373
f 2791 11373 5805
f 11380 2790 11374
f 11380 11374 11373
f 5807 11375 5810
f 5807 5810 712
f 11375 11376 2793
f 11375 2793 5810
f 2792 11374 11375
f 2792 11375 5807
f 11374 2790 11376
f 11374 11376 11375
f 5809 11377 5812
f 5809 5812 711
f 11377 11378 2794
f 11377 2794 5812
f 2793 11376 11377
f 2793 11377 5809
f 11376 2790 11378
f 11376 11378 11377
f 5811 11379 5806
f 5811 5806 655
f 11379 11380 2791
f 11379 2791 5806
f 2794 11378 11379
f 2794 11379 5811
f 11378 2790 11380
f 11378 11380 11379
f 5813 11381 4317
f 5813 4317 271
f 11381 11382 1657
f 11381 1657 4317
f 2796 11388 11381
f 2796 11381 5813
f 11388 2795 11382
f 11388 11382 11381
f 4318 11383 5816
f 4318 5816 364
f 11383 11384 2797
f 11383 2797 5816
f 1657 11382 11383
f 1657 11383 4318
f 11382 2795 11384
f 11382 11384 11383
f 5815 11385 5807
f 5815 5807 712
f 11385 11386 2792
f 11385 2792 5807
f 2797 11384 11385
f 2797 11385 5815
f 11384 2795 11386
f 11384 11386 11385
f 5808 11387 5814
f 5808 5814 656
f 11387 11388 2796
f 11387 2796 5814
f 2792 11386 11387
f 2792 11387 5808
f 11386 2795 11388
f 11386 11388 11387
f 4924 11389 5818
f 4924 5818 454
f 11389 11390 2799
f 11389 2799 5818
f 2121 11396 11389
f 2121 11389 4924
f 11396 2798 11390
f 11396 11390 11389
f 5817 11391 5087
f 5817 5087 561
f 11391 11392 2237
f 11391 2237 5087
f 2799 11390 11391
f 2799 11391 5817
f 11390 2798 11392
f 11390 11392 11391
f 5088 11393 5803
f 5088 5803 562
f 11393 11394 2789
f 11393 2789 5803
f 2237 11392 11393
f 2237 11393 5088
f 11392 2798 11394
f 11392 11394 11393
f 5804 11395 4923
f 5804 4923 453
f 11395 11396 2121
f 11395 2121 4923
f 2789 11394 11395
f 2789 11395 5804
f 11394 2798 11396
f 11394 11396 11395
f 4938 11397 5820
f 4938 5820 455
f 11397 11398 2801
f 11397 2801 5820
f 2131 11404 11397
f 2131 11397 4938
f 11404 2800 11398
f 11404 11398 11397
f 5819 11399 5097
f 5819 5097 560
f 11399 11400 2245
f 11399 2245 5097
f 2801 11398 11399
f 2801 11399 5819
f 11398 2800 11400
f 11398 11400 11399
f 5098 11401 5817
f 5098 5817 561
f 11401 11402 2799
f 11401 2799 5817
f 2245 11400 11401
f 2245 11401 5098
f 11400 2800 11402
f 11400 11402 11401
f 5818 11403 4937
f 5818 4937 454
f 11403 11404 2131
f 11403 2131 4937
f 2799 11402 11403
f 2799 11403 5818
f 11402 2800 11404
f 11402 11404 11403
f 4944 11405 5822
f 4944 5822 456
f 11405 11406 2803
f 11405 2803 5822
f 2135 11412 11405
f 2135 11405 4944
f 11412 2802 11406
f 11412 11406 11405
f 5821 11407 5103
f 5821 5103 559
f 11407 11408 2249
f 11407 2249 5103
f 2803 11406 11407
f 2803 11407 5821
f 11406 2802 11408
f 11406 11408 11407
f 5104 11409 5819
f 5104 5819 560
f 11409 11410 2801
f 11409 2801 5819
f 2249 11408 11409
f 2249 11409 5104
f 11408 2802 11410
f 11408 11410 11409
f 5820 11411 4943
f 5820 4943 455
f 11411 11412 2135
f 11411 2135 4943
f 2801 11410 11411
f 2801 11411 5820
f 11410 2802 11412
f 11410 11412 11411
f 4958 11413 5824
f 4958 5824 457
f 11413 11414 2805
f 11413 2805 5824
f 2145 11420 11413
f 2145 11413 4958
f 11420 2804 11414
f 11420 11414 11413
f 5823 11415 5117
f 5823 5117 558
f 11415 11416 2260
f 11415 2260 5117
f 2805 11414 11415
f 2805 11415 5823
f 11414 2804 11416
f 11414 11416 11415
f 5118 11417 5821
f 5118 5821 559
f 11417 11418 2803
f 11417 2803 5821
f 2260 11416 11417
f 2260 11417 5118
f 11416 2804 11418
f 11416 11418 11417
f 5822 11419 4957
f 5822 4957 456
f 11419 11420 2145
f 11419 2145 4957
f 2803 11418 11419
f 2803 11419 5822
f 11418 2804 11420
f 11418 11420 11419
f 4964 11421 5826
f 4964 5826 458
f 11421 11422 2807
f 11421 2807 5826
f 2149 11428 11421
f 2149 11421 4964
f 11428 2806 11422
f 11428 11422 11421
f 5825 11423 5125
f 5825 5125 557
f 11423 11424 2266
f 11423 2266 5125
f 2807 11422 11423
f 2807 11423 5825
f 11422 2806 11424
f 11422 11424 11423
f 5126 11425 5823
f 5126 5823 558
f 11425 11426 2805
f 11425 2805 5823
f 2266 11424 11425
f 2266 11425 5126
f 11424 2806 11426
f 11424 11426 11425
f 5824 11427 4963
f 5824 4963 457
f 11427 11428 2149
f 11427 2149 4963
f 2805 11426 11427
f 2805 11427 5824
f 11426 2806 11428
f 11426 11428 11427
f 4780 11429 4331
f 4780 4331 49
f 11429 11430 1670
f 11429 1670 4331
f 2020 11436 11429
f 2020 11429 4780
f 11436 2808 11430
f 11436 11430 11429
f 4332 11431 4979
f 4332 4979 186
f 11431 11432 2160
f 11431 2160 4979
f 1670 11430 11431
f 1670 11431 4332
f 11430 2808 11432
f 11430 11432 11431
f 4980 11433 5825
f 4980 5825 557
f 11433 11434 2807
f 11433 2807 5825
f 2160 11432 11433
f 2160 11433 4980
f 11432 2808 11434
f 11432 11434 11433
f 5826 11435 4779
f 5826 4779 458
f 11435 11436 2020
f 11435 2020 4779
f 2807 11434 11435
f 2807 11435 5826
f 11434 2808 11436
f 11434 11436 11435
f 4768 11437 5828
f 4768 5828 474
f 11437 11438 2810
f 11437 2810 5828
f 2011 11444 11437
f 2011 11437 4768
f 11444 2809 11438
f 11444 11438 11437
f 5827 11439 4787
f 5827 4787 685
f 11439 11440 2025
f 11439 2025 4787
f 2810 11438 11439
f 2810 11439 5827
f 11438 2809 11440
f 11438 11440 11439
f 4788 11441 4333
f 4788 4333 316
f 11441 11442 1672
f 11441 1672 4333
f 2025 11440 11441
f 2025 11441 4788
f 11440 2809 11442
f 11440 11442 11441
f 4334 11443 4767
f 4334 4767 92
f 11443 11444 2011
f 11443 2011 4767
f 1672 11442 11443
f 1672 11443 4334
f 11442 2809 11444
f 11442 11444 11443
f 4762 11445 5830
f 4762 5830 476
f 11445 11446 2812
f 11445 2812 5830
f 2007 11452 11445
f 2007 11445 4762
f 11452 2811 11446
f 11452 11446 11445
f 5829 11447 4793
f 5829 4793 686
f 11447 11448 2029
f 11447 2029 4793
f 2812 11446 11447
f 2812 11447 5829
f 11446 2811 11448
f 11446 11448 11447
f 4794 11449 5827
f 4794 5827 685
f 11449 11450 2810
f 11449 2810 5827
f 2029 11448 11449
f 2029 11449 4794
f 11448 2811 11450
f 11448 11450 11449
f 5828 11451 4761
f 5828 4761 474
f 11451 11452 2007
f 11451 2007 4761
f 2810 11450 11451
f 2810 11451 5828
f 11450 2811 11452
f 11450 11452 11451
f 4756 11453 5832
f 4756 5832 478
f 11453 11454 2814
f 11453 2814 5832
f 2003 11460 11453
f 2003 11453 4756
f 11460 2813 11454
f 11460 11454 11453
f 5831 11455 4851
f 5831 4851 687
f 11455 11456 2072
f 11455 2072 4851
f 2814 11454 11455
f 2814 11455 5831
f 11454 2813 11456
f 11454 11456 11455
f 4852 11457 5829
f 4852 5829 686
f 11457 11458 2812
f 11457 2812 5829
f 2072 11456 11457
f 2072 11457 4852
f 11456 2813 11458
f 11456 11458 11457
f 5830 11459 4755
f 5830 4755 476
f 11459 11460 2003
f 11459 2003 4755
f 2812 11458 11459
f 2812 11459 5830
f 11458 2813 11460
f 11458 11460 11459
f 4750 11461 5834
f 4750 5834 480
f 11461 11462 2816
f 11461 2816 5834
f 1999 11468 11461
f 1999 11461 4750
f 11468 2815 11462
f 11468 11462 11461
f 5833 11463 4857
f 5833 4857 688
f 11463 11464 2076
f 11463 2076 4857
f 2816 11462 11463
f 2816 11463 5833
f 11462 2815 11464
f 11462 11464 11463
f 4858 11465 5831
f 4858 5831 687
f 11465 11466 2814
f 11465 2814 5831
f 2076 11464 11465
f 2076 11465 4858
f 11464 2815 11466
f 11464 11466 11465
f 5832 11467 4749
f 5832 4749 478
f 11467 11468 1999
f 11467 1999 4749
f 2814 11466 11467
f 2814 11467 5832
f 11466 2815 11468
f 11466 11468 11467
f 4744 11469 5836
f 4744 5836 482
f 11469 11470 2818
f 11469 2818 5836
f 1995 11476 11469
f 1995 11469 4744
f 11476 2817 11470
f 11476 11470 11469
f 5835 11471 4875
f 5835 4875 689
f 11471 11472 2088
f 11471 2088 4875
f 2818 11470 11471
f 2818 11471 5835
f 11470 2817 11472
f 11470 11472 11471
f 4876 11473 5833
f 4876 5833 688
f 11473 11474 2816
f 11473 2816 5833
f 2088 11472 11473
f 2088 11473 4876
f 11472 2817 11474
f 11472 11474 11473
f 5834 11475 4743
f 5834 4743 480
f 11475 11476 1995
f 11475 1995 4743
f 2816 11474 11475
f 2816 11475 5834
f 11474 2817 11476
f 11474 11476 11475
f 4738 11477 5838
f 4738 5838 484
f 11477 11478 2820
f 11477 2820 5838
f 1991 11484 11477
f 1991 11477 4738
f 11484 2819 11478
f 11484 11478 11477
f 5837 11479 4881
f 5837 4881 690
f 11479 11480 2092
f 11479 2092 4881
f 2820 11478 11479
f 2820 11479 5837
f 11478 2819 11480
f 11478 11480 11479
f 4882 11481 5835
f 4882 5835 689
f 11481 11482 2818
f 11481 2818 5835
f 2092 11480 11481
f 2092 11481 4882
f 11480 2819 11482
f 11480 11482 11481
f 5836 11483 4737
f 5836 4737 482
f 11483 11484 1991
f 11483 1991 4737
f 2818 11482 11483
f 2818 11483 5836
f 11482 2819 11484
f 11482 11484 11483
f 4732 11485 5840
f 4732 5840 486
f 11485 11486 2822
f 11485 2822 5840
f 1987 11492 11485
f 1987 11485 4732
f 11492 2821 11486
f 11492 11486 11485
f 5839 11487 4899
f 5839 4899 691
f 11487 11488 2104
f 11487 2104 4899
f 2822 11486 11487
f 2822 11487 5839
f 11486 2821 11488
f 11486 11488 11487
f 4900 11489 5837
f 4900 5837 690
f 11489 11490 2820
f 11489 2820 5837
f 2104 11488 11489
f 2104 11489 4900
f 11488 2821 11490
f 11488 11490 11489
f 5838 11491 4731
f 5838 4731 484
f 11491 11492 1987
f 11491 1987 4731
f 2820 11490 11491
f 2820 11491 5838
f 11490 2821 11492
f 11490 11492 11491
f 4726 11493 5842
f 4726 5842 488
f 11493 11494 2824
f 11493 2824 5842
f 1983 11500 11493
f 1983 11493 4726
f 11500 2823 11494
f 11500 11494 11493
f 5841 11495 4905
f 5841 4905 692
f 11495 11496 2108
f 11495 2108 4905
f 2824 11494 11495
f 2824 11495 5841
f 11494 2823 11496
f 11494 11496 11495
f 4906 11497 5839
f 4906 5839 691
f 11497 11498 2822
f 11497 2822 5839
f 2108 11496 11497
f 2108 11497 4906
f 11496 2823 11498
f 11496 11498 11497
f 5840 11499 4725
f 5840 4725 486
f 11499 11500 1983
f 11499 1983 4725
f 2822 11498 11499
f 2822 11499 5840
f 11498 2823 11500
f 11498 11500 11499
f 4720 11501 5844
f 4720 5844 490
f 11501 11502 2826
f 11501 2826 5844
f 1979 11508 11501
f 1979 11501 4720
f 11508 2825 11502
f 11508 11502 11501
f 5843 11503 4919
f 5843 4919 693
f 11503 11504 2118
f 11503 2118 4919
f 2826 11502 11503
f 2826 11503 5843
f 11502 2825 11504
f 11502 11504 11503
f 4920 11505 5841
f 4920 5841 692
f 11505 11506 2824
f 11505 2824 5841
f 2118 11504 11505
f 2118 11505 4920
f 11504 2825 11506
f 11504 11506 11505
f 5842 11507 4719
f 5842 4719 488
f 11507 11508 1979
f 11507 1979 4719
f 2824 11506 11507
f 2824 11507 5842
f 11506 2825 11508
f 11506 11508 11507
f 5845 11509 5848
f 5845 5848 643
f 11509 11510 2829
f 11509 2829 5848
f 2828 11516 11509
f 2828 11509 5845
f 11516 2827 11510
f 11516 11510 11509
f 5847 11511 5850
f 5847 5850 726
f 11511 11512 2830
f 11511 2830 5850
f 2829 11510 11511
f 2829 11511 5847
f 11510 2827 11512
f 11510 11512 11511
f 5849 11513 4353
f 5849 4353 379
f 11513 11514 1691
f 11513 1691 4353
f 2830 11512 11513
f 2830 11513 5849
f 11512 2827 11514
f 11512 11514 11513
f 4354 11515 5846
f 4354 5846 286
f 11515 11516 2828
f 11515 2828 5846
f 1691 11514 11515
f 1691 11515 4354
f 11514 2827 11516
f 11514 11516 11515
f 5851 11517 5854
f 5851 5854 644
f 11517 11518 2833
f 11517 2833 5854
f 2832 11524 11517
f 2832 11517 5851
f 11524 2831 11518
f 11524 11518 11517
f 5853 11519 5856
f 5853 5856 727
f 11519 11520 2834
f 11519 2834 5856
f 2833 11518 11519
f 2833 11519 5853
f 11518 2831 11520
f 11518 11520 11519
f 5855 11521 5847
f 5855 5847 726
f 11521 11522 2829
f 11521 2829 5847
f 2834 11520 11521
f 2834 11521 5855
f 11520 2831 11522
f 11520 11522 11521
f 5848 11523 5852
f 5848 5852 643
f 11523 11524 2832
f 11523 2832 5852
f 2829 11522 11523
f 2829 11523 5848
f 11522 2831 11524
f 11522 11524 11523
f 5857 11525 5860
f 5857 5860 645
f 11525 11526 2837
f 11525 2837 5860
f 2836 11532 11525
f 2836 11525 5857
f 11532 2835 11526
f 11532 11526 11525
f 5859 11527 5862
f 5859 5862 728
f 11527 11528 2838
f 11527 2838 5862
f 2837 11526 11527
f 2837 11527 5859
f 11526 2835 11528
f 11526 11528 11527
f 5861 11529 5853
f 5861 5853 727
f 11529 11530 2833
f 11529 2833 5853
f 2838 11528 11529
f 2838 11529 5861
f 11528 2835 11530
f 11528 11530 11529
f 5854 11531 5858
f 5854 5858 644
f 11531 11532 2836
f 11531 2836 5858
f 2833 11530 11531
f 2833 11531 5854
f 11530 2835 11532
f 11530 11532 11531
f 5863 11533 5866
f 5863 5866 646
f 11533 11534 2841
f 11533 2841 5866
f 2840 11540 11533
f 2840 11533 5863
f 11540 2839 11534
f 11540 11534 11533
f 5865 11535 5868
f 5865 5868 729
f 11535 11536 2842
f 11535 2842 5868
f 2841 11534 11535
f 2841 11535 5865
f 11534 2839 11536
f 11534 11536 11535
f 5867 11537 5859
f 5867 5859 728
f 11537 11538 2837
f 11537 2837 5859
f 2842 11536 11537
f 2842 11537 5867
f 11536 2839 11538
f 11536 11538 11537
f 5860 11539 5864
f 5860 5864 645
f 11539 11540 2840
f 11539 2840 5864
f 2837 11538 11539
f 2837 11539 5860
f 11538 2839 11540
f 11538 11540 11539
f 5869 11541 5872
f 5869 5872 647
f 11541 11542 2845
f 11541 2845 5872
f 2844 11548 11541
f 2844 11541 5869
f 11548 2843 11542
f 11548 11542 11541
f 5871 11543 5874
f 5871 5874 730
f 11543 11544 2846
f 11543 2846 5874
f 2845 11542 11543
f 2845 11543 5871
f 11542 2843 11544
f 11542 11544 11543
f 5873 11545 5865
f 5873 5865 729
f 11545 11546 2841
f 11545 2841 5865
f 2846 11544 11545
f 2846 11545 5873
f 11544 2843 11546
f 11544 11546 11545
f 5866 11547 5870
f 5866 5870 646
f 11547 11548 2844
f 11547 2844 5870
f 2841 11546 11547
f 2841 11547 5866
f 11546 2843 11548
f 11546 11548 11547
f 5875 11549 5878
f 5875 5878 648
f 11549 11550 2849
f 11549 2849 5878
f 2848 11556 11549
f 2848 11549 5875
f 11556 2847 11550
f 11556 11550 11549
f 5877 11551 5880
f 5877 5880 731
f 11551 11552 2850
f 11551 2850 5880
f 2849 11550 11551
f 2849 11551 5877
f 11550 2847 11552
f 11550 11552 11551
f 5879 11553 5871
f 5879 5871 730
f 11553 11554 2845
f 11553 2845 5871
f 2850 11552 11553
f 2850 11553 5879
f 11552 2847 11554
f 11552 11554 11553
f 5872 11555 5876
f 5872 5876 647
f 11555 11556 2848
f 11555 2848 5876
f 2845 11554 11555
f 2845 11555 5872
f 11554 2847 11556
f 11554 11556 11555
f 5881 11557 5884
f 5881 5884 649
f 11557 11558 2853
f 11557 2853 5884
f 2852 11564 11557
f 2852 11557 5881
f 11564 2851 11558
f 11564 11558 11557
f 5883 11559 5886
f 5883 5886 732
f 11559 11560 2854
f 11559 2854 5886
f 2853 11558 11559
f 2853 11559 5883
f 11558 2851 11560
f 11558 11560 11559
f 5885 11561 5877
f 5885 5877 731
f 11561 11562 2849
f 11561 2849 5877
f 2854 11560 11561
f 2854 11561 5885
f 11560 2851 11562
f 11560 11562 11561
f 5878 11563 5882
f 5878 5882 648
f 11563 11564 2852
f 11563 2852 5882
f 2849 11562 11563
f 2849 11563 5878
f 11562 2851 11564
f 11562 11564 11563
f 5887 11565 5890
f 5887 5890 650
f 11565 11566 2857
f 11565 2857 5890
f 2856 11572 11565
f 2856 11565 5887
f 11572 2855 11566
f 11572 11566 11565
f 5889 11567 5892
f 5889 5892 733
f 11567 11568 2858
f 11567 2858 5892
f 2857 11566 11567
f 2857 11567 5889
f 11566 2855 11568
f 11566 11568 11567
f 5891 11569 5883
f 5891 5883 732
f 11569 11570 2853
f 11569 2853 5883
f 2858 11568 11569
f 2858 11569 5891
f 11568 2855 11570
f 11568 11570 11569
f 5884 11571 5888
f 5884 5888 649
f 11571 11572 2856
f 11571 2856 5888
f 2853 11570 11571
f 2853 11571 5884
f 11570 2855 11572
f 11570 11572 11571
f 5893 11573 5896
f 5893 5896 651
f 11573 11574 2861
f 11573 2861 5896
f 2860 11580 11573
f 2860 11573 5893
f 11580 2859 11574
f 11580 11574 11573
f 5895 11575 5898
f 5895 5898 734
f 11575 11576 2862
f 11575 2862 5898
f 2861 11574 11575
f 2861 11575 5895
f 11574 2859 11576
f 11574 11576 11575
f 5897 11577 5889
f 5897 5889 733
f 11577 11578 2857
f 11577 2857 5889
f 2862 11576 11577
f 2862 11577 5897
f 11576 2859 11578
f 11576 11578 11577
f 5890 11579 5894
f 5890 5894 650
f 11579 11580 2860
f 11579 2860 5894
f 2857 11578 11579
f 2857 11579 5890
f 11578 2859 11580
f 11578 11580 11579
f 5899 11581 5902
f 5899 5902 652
f 11581 11582 2865
f 11581 2865 5902
f 2864 11588 11581
f 2864 11581 5899
f 11588 2863 11582
f 11588 11582 11581
f 5901 11583 5904
f 5901 5904 735
f 11583 11584 2866
f 11583 2866 5904
f 2865 11582 11583
f 2865 11583 5901
f 11582 2863 11584
f 11582 11584 11583
f 5903 11585 5895
f 5903 5895 734
f 11585 11586 2861
f 11585 2861 5895
f 2866 11584 11585
f 2866 11585 5903
f 11584 2863 11586
f 11584 11586 11585
f 5896 11587 5900
f 5896 5900 651
f 11587 11588 2864
f 11587 2864 5900
f 2861 11586 11587
f 2861 11587 5896
f 11586 2863 11588
f 11586 11588 11587
f 5905 11589 5908
f 5905 5908 653
f 11589 11590 2869
f 11589 2869 5908
f 2868 11596 11589
f 2868 11589 5905
f 11596 2867 11590
f 11596 11590 11589
f 5907 11591 5910
f 5907 5910 736
f 11591 11592 2870
f 11591 2870 5910
f 2869 11590 11591
f 2869 11591 5907
f 11590 2867 11592
f 11590 11592 11591
f 5909 11593 5901
f 5909 5901 735
f 11593 11594 2865
f 11593 2865 5901
f 2870 11592 11593
f 2870 11593 5909
f 11592 2867 11594
f 11592 11594 11593
f 5902 11595 5906
f 5902 5906 652
f 11595 11596 2868
f 11595 2868 5906
f 2865 11594 11595
f 2865 11595 5902
f 11594 2867 11596
f 11594 11596 11595
f 5911 11597 5914
f 5911 5914 654
f 11597 11598 2873
f 11597 2873 5914
f 2872 11604 11597
f 2872 11597 5911
f 11604 2871 11598
f 11604 11598 11597
f 5913 11599 5916
f 5913 5916 737
f 11599 11600 2874
f 11599 2874 5916
f 2873 11598 11599
f 2873 11599 5913
f 11598 2871 11600
f 11598 11600 11599
f 5915 11601 5907
f 5915 5907 736
f 11601 11602 2869
f 11601 2869 5907
f 2874 11600 11601
f 2874 11601 5915
f 11600 2871 11602
f 11600 11602 11601
f 5908 11603 5912
f 5908 5912 653
f 11603 11604 2872
f 11603 2872 5912
f 2869 11602 11603
f 2869 11603 5908
f 11602 2871 11604
f 11602 11604 11603
f 5917 11605 5811
f 5917 5811 655
f 11605 11606 2794
f 11605 2794 5811
f 2876 11612 11605
f 2876 11605 5917
f 11612 2875 11606
f 11612 11606 11605
f 5812 11607 5920
f 5812 5920 711
f 11607 11608 2877
f 11607 2877 5920
f 2794 11606 11607
f 2794 11607 5812
f 11606 2875 11608
f 11606 11608 11607
f 5919 11609 5913
f 5919 5913 737
f 11609 11610 2873
f 11609 2873 5913
f 2877 11608 11609
f 2877 11609 5919
f 11608 2875 11610
f 11608 11610 11609
f 5914 11611 5918
f 5914 5918 654
f 11611 11612 2876
f 11611 2876 5918
f 2873 11610 11611
f 2873 11611 5914
f 11610 2875 11612
f 11610 11612 11611
f 5921 11613 5924
f 5921 5924 748
f 11613 11614 2880
f 11613 2880 5924
f 2879 11620 11613
f 2879 11613 5921
f 11620 2878 11614
f 11620 11614 11613
f 5923 11615 5805
f 5923 5805 656
f 11615 11616 2791
f 11615 2791 5805
f 2880 11614 11615
f 2880 11615 5923
f 11614 2878 11616
f 11614 11616 11615
f 5806 11617 5926
f 5806 5926 655
f 11617 11618 2881
f 11617 2881 5926
f 2791 11616 11617
f 2791 11617 5806
f 11616 2878 11618
f 11616 11618 11617
f 5925 11619 5922
f 5925 5922 713
f 11619 11620 2879
f 11619 2879 5922
f 2881 11618 11619
f 2881 11619 5925
f 11618 2878 11620
f 11618 11620 11619
f 5927 11621 4437
f 5927 4437 404
f 11621 11622 1747
f 11621 1747 4437
f 2883 11628 11621
f 2883 11621 5927
f 11628 2882 11622
f 11628 11622 11621
f 4438 11623 5813
f 4438 5813 271
f 11623 11624 2796
f 11623 2796 5813
f 1747 11622 11623
f 1747 11623 4438
f 11622 2882 11624
f 11622 11624 11623
f 5814 11625 5923
f 5814 5923 656
f 11625 11626 2880
f 11625 2880 5923
f 2796 11624 11625
f 2796 11625 5814
f 11624 2882 11626
f 11624 11626 11625
f 5924 11627 5928
f 5924 5928 748
f 11627 11628 2883
f 11627 2883 5928
f 2880 11626 11627
f 2880 11627 5924
f 11626 2882 11628
f 11626 11628 11627
f 4714 11629 5930
f 4714 5930 492
f 11629 11630 2885
f 11629 2885 5930
f 1975 11636 11629
f 1975 11629 4714
f 11636 2884 11630
f 11636 11630 11629
f 5929 11631 4925
f 5929 4925 694
f 11631 11632 2122
f 11631 2122 4925
f 2885 11630 11631
f 2885 11631 5929
f 11630 2884 11632
f 11630 11632 11631
f 4926 11633 5843
f 4926 5843 693
f 11633 11634 2826
f 11633 2826 5843
f 2122 11632 11633
f 2122 11633 4926
f 11632 2884 11634
f 11632 11634 11633
f 5844 11635 4713
f 5844 4713 490
f 11635 11636 1975
f 11635 1975 4713
f 2826 11634 11635
f 2826 11635 5844
f 11634 2884 11636
f 11634 11636 11635
f 4708 11637 5932
f 4708 5932 494
f 11637 11638 2887
f 11637 2887 5932
f 1971 11644 11637
f 1971 11637 4708
f 11644 2886 11638
f 11644 11638 11637
f 5931 11639 4939
f 5931 4939 695
f 11639 11640 2132
f 11639 2132 4939
f 2887 11638 11639
f 2887 11639 5931
f 11638 2886 11640
f 11638 11640 11639
f 4940 11641 5929
f 4940 5929 694
f 11641 11642 2885
f 11641 2885 5929
f 2132 11640 11641
f 2132 11641 4940
f 11640 2886 11642
f 11640 11642 11641
f 5930 11643 4707
f 5930 4707 492
f 11643 11644 1971
f 11643 1971 4707
f 2885 11642 11643
f 2885 11643 5930
f 11642 2886 11644
f 11642 11644 11643
f 4702 11645 5934
f 4702 5934 496
f 11645 11646 2889
f 11645 2889 5934
f 1967 11652 11645
f 1967 11645 4702
f 11652 2888 11646
f 11652 11646 11645
f 5933 11647 4945
f 5933 4945 696
f 11647 11648 2136
f 11647 2136 4945
f 2889 11646 11647
f 2889 11647 5933
f 11646 2888 11648
f 11646 11648 11647
f 4946 11649 5931
f 4946 5931 695
f 11649 11650 2887
f 11649 2887 5931
f 2136 11648 11649
f 2136 11649 4946
f 11648 2888 11650
f 11648 11650 11649
f 5932 11651 4701
f 5932 4701 494
f 11651 11652 1967
f 11651 1967 4701
f 2887 11650 11651
f 2887 11651 5932
f 11650 2888 11652
f 11650 11652 11651
f 4696 11653 5936
f 4696 5936 498
f 11653 11654 2891
f 11653 2891 5936
f 1963 11660 11653
f 1963 11653 4696
f 11660 2890 11654
f 11660 11654 11653
f 5935 11655 4959
f 5935 4959 697
f 11655 11656 2146
f 11655 2146 4959
f 2891 11654 11655
f 2891 11655 5935
f 11654 2890 11656
f 11654 11656 11655
f 4960 11657 5933
f 4960 5933 696
f 11657 11658 2889
f 11657 2889 5933
f 2146 11656 11657
f 2146 11657 4960
f 11656 2890 11658
f 11656 11658 11657
f 5934 11659 4695
f 5934 4695 496
f 11659 11660 1963
f 11659 1963 4695
f 2889 11658 11659
f 2889 11659 5934
f 11658 2890 11660
f 11658 11660 11659
f 4778 11661 5938
f 4778 5938 500
f 11661 11662 2893
f 11661 2893 5938
f 2018 11668 11661
f 2018 11661 4778
f 11668 2892 11662
f 11668 11662 11661
f 5937 11663 4965
f 5937 4965 698
f 11663 11664 2150
f 11663 2150 4965
f 2893 11662 11663
f 2893 11663 5937
f 11662 2892 11664
f 11662 11664 11663
f 4966 11665 5935
f 4966 5935 697
f 11665 11666 2891
f 11665 2891 5935
f 2150 11664 11665
f 2150 11665 4966
f 11664 2892 11666
f 11664 11666 11665
f 5936 11667 4777
f 5936 4777 498
f 11667 11668 2018
f 11667 2018 4777
f 2891 11666 11667
f 2891 11667 5936
f 11666 2892 11668
f 11666 11668 11667
f 4772 11669 4451
f 4772 4451 62
f 11669 11670 1760
f 11669 1760 4451
f 2014 11676 11669
f 2014 11669 4772
f 11676 2894 11670
f 11676 11670 11669
f 4452 11671 4783
f 4452 4783 365
f 11671 11672 2022
f 11671 2022 4783
f 1760 11670 11671
f 1760 11671 4452
f 11670 2894 11672
f 11670 11672 11671
f 4784 11673 5937
f 4784 5937 698
f 11673 11674 2893
f 11673 2893 5937
f 2022 11672 11673
f 2022 11673 4784
f 11672 2894 11674
f 11672 11674 11673
f 5938 11675 4771
f 5938 4771 500
f 11675 11676 2014
f 11675 2014 4771
f 2893 11674 11675
f 2893 11675 5938
f 11674 2894 11676
f 11674 11676 11675
f 5939 11677 5942
f 5939 5942 715
f 11677 11678 2897
f 11677 2897 5942
f 2896 11684 11677
f 2896 11677 5939
f 11684 2895 11678
f 11684 11678 11677
f 5941 11679 5944
f 5941 5944 718
f 11679 11680 2898
f 11679 2898 5944
f 2897 11678 11679
f 2897 11679 5941
f 11678 2895 11680
f 11678 11680 11679
f 5943 11681 5946
f 5943 5946 716
f 11681 11682 2899
f 11681 2899 5946
f 2898 11680 11681
f 2898 11681 5943
f 11680 2895 11682
f 11680 11682 11681
f 5945 11683 5940
f 5945 5940 713
f 11683 11684 2896
f 11683 2896 5940
f 2899 11682 11683
f 2899 11683 5945
f 11682 2895 11684
f 11682 11684 11683
f 5947 11685 5950
f 5947 5950 717
f 11685 11686 2902
f 11685 2902 5950
f 2901 11692 11685
f 2901 11685 5947
f 11692 2900 11686
f 11692 11686 11685
f 5949 11687 5952
f 5949 5952 720
f 11687 11688 2903
f 11687 2903 5952
f 2902 11686 11687
f 2902 11687 5949
f 11686 2900 11688
f 11686 11688 11687
f 5951 11689 5941
f 5951 5941 718
f 11689 11690 2897
f 11689 2897 5941
f 2903 11688 11689
f 2903 11689 5951
f 11688 2900 11690
f 11688 11690 11689
f 5942 11691 5948
f 5942 5948 715
f 11691 11692 2901
f 11691 2901 5948
f 2897 11690 11691
f 2897 11691 5942
f 11690 2900 11692
f 11690 11692 11691
f 5953 11693 5956
f 5953 5956 719
f 11693 11694 2906
f 11693 2906 5956
f 2905 11700 11693
f 2905 11693 5953
f 11700 2904 11694
f 11700 11694 11693
f 5955 11695 5958
f 5955 5958 722
f 11695 11696 2907
f 11695 2907 5958
f 2906 11694 11695
f 2906 11695 5955
f 11694 2904 11696
f 11694 11696 11695
f 5957 11697 5949
f 5957 5949 720
f 11697 11698 2902
f 11697 2902 5949
f 2907 11696 11697
f 2907 11697 5957
f 11696 2904 11698
f 11696 11698 11697
f 5950 11699 5954
f 5950 5954 717
f 11699 11700 2905
f 11699 2905 5954
f 2902 11698 11699
f 2902 11699 5950
f 11698 2904 11700
f 11698 11700 11699
f 5959 11701 5962
f 5959 5962 721
f 11701 11702 2910
f 11701 2910 5962
f 2909 11708 11701
f 2909 11701 5959
f 11708 2908 11702
f 11708 11702 11701
f 5961 11703 5964
f 5961 5964 724
f 11703 11704 2911
f 11703 2911 5964
f 2910 11702 11703
f 2910 11703 5961
f 11702 2908 11704
f 11702 11704 11703
f 5963 11705 5955
f 5963 5955 722
f 11705 11706 2906
f 11705 2906 5955
f 2911 11704 11705
f 2911 11705 5963
f 11704 2908 11706
f 11704 11706 11705
f 5956 11707 5960
f 5956 5960 719
f 11707 11708 2909
f 11707 2909 5960
f 2906 11706 11707
f 2906 11707 5956
f 11706 2908 11708
f 11706 11708 11707
f 5965 11709 5968
f 5965 5968 723
f 11709 11710 2914
f 11709 2914 5968
f 2913 11716 11709
f 2913 11709 5965
f 11716 2912 11710
f 11716 11710 11709
f 5967 11711 5970
f 5967 5970 743
f 11711 11712 2915
f 11711 2915 5970
f 2914 11710 11711
f 2914 11711 5967
f 11710 2912 11712
f 11710 11712 11711
f 5969 11713 5961
f 5969 5961 724
f 11713 11714 2910
f 11713 2910 5961
f 2915 11712 11713
f 2915 11713 5969
f 11712 2912 11714
f 11712 11714 11713
f 5962 11715 5966
f 5962 5966 721
f 11715 11716 2913
f 11715 2913 5966
f 2910 11714 11715
f 2910 11715 5962
f 11714 2912 11716
f 11714 11716 11715
f 5971 11717 5974
f 5971 5974 725
f 11717 11718 2918
f 11717 2918 5974
f 2917 11724 11717
f 2917 11717 5971
f 11724 2916 11718
f 11724 11718 11717
f 5973 11719 5976
f 5973 5976 745
f 11719 11720 2919
f 11719 2919 5976
f 2918 11718 11719
f 2918 11719 5973
f 11718 2916 11720
f 11718 11720 11719
f 5975 11721 5967
f 5975 5967 743
f 11721 11722 2914
f 11721 2914 5967
f 2919 11720 11721
f 2919 11721 5975
f 11720 2916 11722
f 11720 11722 11721
f 5968 11723 5972
f 5968 5972 723
f 11723 11724 2917
f 11723 2917 5972
f 2914 11722 11723
f 2914 11723 5968
f 11722 2916 11724
f 11722 11724 11723
f 5977 11725 5980
f 5977 5980 744
f 11725 11726 2922
f 11725 2922 5980
f 2921 11732 11725
f 2921 11725 5977
f 11732 2920 11726
f 11732 11726 11725
f 5979 11727 5982
f 5979 5982 747
f 11727 11728 2923
f 11727 2923 5982
f 2922 11726 11727
f 2922 11727 5979
f 11726 2920 11728
f 11726 11728 11727
f 5981 11729 5973
f 5981 5973 745
f 11729 11730 2918
f 11729 2918 5973
f 2923 11728 11729
f 2923 11729 5981
f 11728 2920 11730
f 11728 11730 11729
f 5974 11731 5978
f 5974 5978 725
f 11731 11732 2921
f 11731 2921 5978
f 2918 11730 11731
f 2918 11731 5974
f 11730 2920 11732
f 11730 11732 11731
f 5983 11733 5986
f 5983 5986 746
f 11733 11734 2926
f 11733 2926 5986
f 2925 11740 11733
f 2925 11733 5983
f 11740 2924 11734
f 11740 11734 11733
f 5985 11735 5988
f 5985 5988 738
f 11735 11736 2927
f 11735 2927 5988
f 2926 11734 11735
f 2926 11735 5985
f 11734 2924 11736
f 11734 11736 11735
f 5987 11737 5979
f 5987 5979 747
f 11737 11738 2922
f 11737 2922 5979
f 2927 11736 11737
f 2927 11737 5987
f 11736 2924 11738
f 11736 11738 11737
f 5980 11739 5984
f 5980 5984 744
f 11739 11740 2925
f 11739 2925 5984
f 2922 11738 11739
f 2922 11739 5980
f 11738 2924 11740
f 11738 11740 11739
f 5989 11741 5992
f 5989 5992 751
f 11741 11742 2930
f 11741 2930 5992
f 2929 11748 11741
f 2929 11741 5989
f 11748 2928 11742
f 11748 11742 11741
f 5991 11743 5994
f 5991 5994 739
f 11743 11744 2931
f 11743 2931 5994
f 2930 11742 11743
f 2930 11743 5991
f 11742 2928 11744
f 11742 11744 11743
f 5993 11745 5985
f 5993 5985 738
f 11745 11746 2926
f 11745 2926 5985
f 2931 11744 11745
f 2931 11745 5993
f 11744 2928 11746
f 11744 11746 11745
f 5986 11747 5990
f 5986 5990 746
f 11747 11748 2929
f 11747 2929 5990
f 2926 11746 11747
f 2926 11747 5986
f 11746 2928 11748
f 11746 11748 11747
f 5995 11749 5998
f 5995 5998 750
f 11749 11750 2934
f 11749 2934 5998
f 2933 11756 11749
f 2933 11749 5995
f 11756 2932 11750
f 11756 11750 11749
f 5997 11751 5845
f 5997 5845 643
f 11751 11752 2828
f 11751 2828 5845
f 2934 11750 11751
f 2934 11751 5997
f 11750 2932 11752
f 11750 11752 11751
f 5846 11753 4509
f 5846 4509 286
f 11753 11754 1799
f 11753 1799 4509
f 2828 11752 11753
f 2828 11753 5846
f 11752 2932 11754
f 11752 11754 11753
f 4510 11755 5996
f 4510 5996 405
f 11755 11756 2933
f 11755 2933 5996
f 1799 11754 11755
f 1799 11755 4510
f 11754 2932 11756
f 11754 11756 11755
f 5999 11757 6002
f 5999 6002 749
f 11757 11758 2937
f 11757 2937 6002
f 2936 11764 11757
f 2936 11757 5999
f 11764 2935 11758
f 11764 11758 11757
f 6001 11759 5851
f 6001 5851 644
f 11759 11760 2832
f 11759 2832 5851
f 2937 11758 11759
f 2937 11759 6001
f 11758 2935 11760
f 11758 11760 11759
f 5852 11761 5997
f 5852 5997 643
f 11761 11762 2934
f 11761 2934 5997
f 2832 11760 11761
f 2832 11761 5852
f 11760 2935 11762
f 11760 11762 11761
f 5998 11763 6000
f 5998 6000 750
f 11763 11764 2936
f 11763 2936 6000
f 2934 11762 11763
f 2934 11763 5998
f 11762 2935 11764
f 11762 11764 11763
f 6003 11765 6006
f 6003 6006 752
f 11765 11766 2940
f 11765 2940 6006
f 2939 11772 11765
f 2939 11765 6003
f 11772 2938 11766
f 11772 11766 11765
f 6005 11767 5857
f 6005 5857 645
f 11767 11768 2836
f 11767 2836 5857
f 2940 11766 11767
f 2940 11767 6005
f 11766 2938 11768
f 11766 11768 11767
f 5858 11769 6001
f 5858 6001 644
f 11769 11770 2937
f 11769 2937 6001
f 2836 11768 11769
f 2836 11769 5858
f 11768 2938 11770
f 11768 11770 11769
f 6002 11771 6004
f 6002 6004 749
f 11771 11772 2939
f 11771 2939 6004
f 2937 11770 11771
f 2937 11771 6002
f 11770 2938 11772
f 11770 11772 11771
f 6007 11773 6010
f 6007 6010 751
f 11773 11774 2943
f 11773 2943 6010
f 2942 11780 11773
f 2942 11773 6007
f 11780 2941 11774
f 11780 11774 11773
f 6009 11775 5863
f 6009 5863 646
f 11775 11776 2840
f 11775 2840 5863
f 2943 11774 11775
f 2943 11775 6009
f 11774 2941 11776
f 11774 11776 11775
f 5864 11777 6005
f 5864 6005 645
f 11777 11778 2940
f 11777 2940 6005
f 2840 11776 11777
f 2840 11777 5864
f 11776 2941 11778
f 11776 11778 11777
f 6006 11779 6008
f 6006 6008 752
f 11779 11780 2942
f 11779 2942 6008
f 2940 11778 11779
f 2940 11779 6006
f 11778 2941 11780
f 11778 11780 11779
f 5990 11781 6012
f 5990 6012 746
f 11781 11782 2945
f 11781 2945 6012
f 2929 11788 11781
f 2929 11781 5990
f 11788 2944 11782
f 11788 11782 11781
f 6011 11783 5869
f 6011 5869 647
f 11783 11784 2844
f 11783 2844 5869
f 2945 11782 11783
f 2945 11783 6011
f 11782 2944 11784
f 11782 11784 11783
f 5870 11785 6009
f 5870 6009 646
f 11785 11786 2943
f 11785 2943 6009
f 2844 11784 11785
f 2844 11785 5870
f 11784 2944 11786
f 11784 11786 11785
f 6010 11787 5989
f 6010 5989 751
f 11787 11788 2929
f 11787 2929 5989
f 2943 11786 11787
f 2943 11787 6010
f 11786 2944 11788
f 11786 11788 11787
f 5984 11789 6014
f 5984 6014 744
f 11789 11790 2947
f 11789 2947 6014
f 2925 11796 11789
f 2925 11789 5984
f 11796 2946 11790
f 11796 11790 11789
f 6013 11791 5875
f 6013 5875 648
f 11791 11792 2848
f 11791 2848 5875
f 2947 11790 11791
f 2947 11791 6013
f 11790 2946 11792
f 11790 11792 11791
f 5876 11793 6011
f 5876 6011 647
f 11793 11794 2945
f 11793 2945 6011
f 2848 11792 11793
f 2848 11793 5876
f 11792 2946 11794
f 11792 11794 11793
f 6012 11795 5983
f 6012 5983 746
f 11795 11796 2925
f 11795 2925 5983
f 2945 11794 11795
f 2945 11795 6012
f 11794 2946 11796
f 11794 11796 11795
f 5978 11797 6016
f 5978 6016 725
f 11797 11798 2949
f 11797 2949 6016
f 2921 11804 11797
f 2921 11797 5978
f 11804 2948 11798
f 11804 11798 11797
f 6015 11799 5881
f 6015 5881 649
f 11799 11800 2852
f 11799 2852 5881
f 2949 11798 11799
f 2949 11799 6015
f 11798 2948 11800
f 11798 11800 11799
f 5882 11801 6013
f 5882 6013 648
f 11801 11802 2947
f 11801 2947 6013
f 2852 11800 11801
f 2852 11801 5882
f 11800 2948 11802
f 11800 11802 11801
f 6014 11803 5977
f 6014 5977 744
f 11803 11804 2921
f 11803 2921 5977
f 2947 11802 11803
f 2947 11803 6014
f 11802 2948 11804
f 11802 11804 11803
f 5972 11805 6018
f 5972 6018 723
f 11805 11806 2951
f 11805 2951 6018
f 2917 11812 11805
f 2917 11805 5972
f 11812 2950 11806
f 11812 11806 11805
f 6017 11807 5887
f 6017 5887 650
f 11807 11808 2856
f 11807 2856 5887
f 2951 11806 11807
f 2951 11807 6017
f 11806 2950 11808
f 11806 11808 11807
f 5888 11809 6015
f 5888 6015 649
f 11809 11810 2949
f 11809 2949 6015
f 2856 11808 11809
f 2856 11809 5888
f 11808 2950 11810
f 11808 11810 11809
f 6016 11811 5971
f 6016 5971 725
f 11811 11812 2917
f 11811 2917 5971
f 2949 11810 11811
f 2949 11811 6016
f 11810 2950 11812
f 11810 11812 11811
f 5966 11813 6020
f 5966 6020 721
f 11813 11814 2953
f 11813 2953 6020
f 2913 11820 11813
f 2913 11813 5966
f 11820 2952 11814
f 11820 11814 11813
f 6019 11815 5893
f 6019 5893 651
f 11815 11816 2860
f 11815 2860 5893
f 2953 11814 11815
f 2953 11815 6019
f 11814 2952 11816
f 11814 11816 11815
f 5894 11817 6017
f 5894 6017 650
f 11817 11818 2951
f 11817 2951 6017
f 2860 11816 11817
f 2860 11817 5894
f 11816 2952 11818
f 11816 11818 11817
f 6018 11819 5965
f 6018 5965 723
f 11819 11820 2913
f 11819 2913 5965
f 2951 11818 11819
f 2951 11819 6018
f 11818 2952 11820
f 11818 11820 11819
f 5960 11821 6022
f 5960 6022 719
f 11821 11822 2955
f 11821 2955 6022
f 2909 11828 11821
f 2909 11821 5960
f 11828 2954 11822
f 11828 11822 11821
f 6021 11823 5899
f 6021 5899 652
f 11823 11824 2864
f 11823 2864 5899
f 2955 11822 11823
f 2955 11823 6021
f 11822 2954 11824
f 11822 11824 11823
f 5900 11825 6019
f 5900 6019 651
f 11825 11826 2953
f 11825 2953 6019
f 2864 11824 11825
f 2864 11825 5900
f 11824 2954 11826
f 11824 11826 11825
f 6020 11827 5959
f 6020 5959 721
f 11827 11828 2909
f 11827 2909 5959
f 2953 11826 11827
f 2953 11827 6020
f 11826 2954 11828
f 11826 11828 11827
f 5954 11829 6024
f 5954 6024 717
f 11829 11830 2957
f 11829 2957 6024
f 2905 11836 11829
f 2905 11829 5954
f 11836 2956 11830
f 11836 11830 11829
f 6023 11831 5905
f 6023 5905 653
f 11831 11832 2868
f 11831 2868 5905
f 2957 11830 11831
f 2957 11831 6023
f 11830 2956 11832
f 11830 11832 11831
f 5906 11833 6021
f 5906 6021 652
f 11833 11834 2955
f 11833 2955 6021
f 2868 11832 11833
f 2868 11833 5906
f 11832 2956 11834
f 11832 11834 11833
f 6022 11835 5953
f 6022 5953 719
f 11835 11836 2905
f 11835 2905 5953
f 2955 11834 11835
f 2955 11835 6022
f 11834 2956 11836
f 11834 11836 11835
f 5948 11837 6026
f 5948 6026 715
f 11837 11838 2959
f 11837 2959 6026
f 2901 11844 11837
f 2901 11837 5948
f 11844 2958 11838
f 11844 11838 11837
f 6025 11839 5911
f 6025 5911 654
f 11839 11840 2872
f 11839 2872 5911
f 2959 11838 11839
f 2959 11839 6025
f 11838 2958 11840
f 11838 11840 11839
f 5912 11841 6023
f 5912 6023 653
f 11841 11842 2957
f 11841 2957 6023
f 2872 11840 11841
f 2872 11841 5912
f 11840 2958 11842
f 11840 11842 11841
f 6024 11843 5947
f 6024 5947 717
f 11843 11844 2901
f 11843 2901 5947
f 2957 11842 11843
f 2957 11843 6024
f 11842 2958 11844
f 11842 11844 11843
f 5940 11845 5925
f 5940 5925 713
f 11845 11846 2881
f 11845 2881 5925
f 2896 11852 11845
f 2896 11845 5940
f 11852 2960 11846
f 11852 11846 11845
f 5926 11847 5917
f 5926 5917 655
f 11847 11848 2876
f 11847 2876 5917
f 2881 11846 11847
f 2881 11847 5926
f 11846 2960 11848
f 11846 11848 11847
f 5918 11849 6025
f 5918 6025 654
f 11849 11850 2959
f 11849 2959 6025
f 2876 11848 11849
f 2876 11849 5918
f 11848 2960 11850
f 11848 11850 11849
f 6026 11851 5939
f 6026 5939 715
f 11851 11852 2896
f 11851 2896 5939
f 2959 11850 11851
f 2959 11851 6026
f 11850 2960 11852
f 11850 11852 11851
f 4846 11853 6028
f 4846 6028 301
f 11853 11854 2962
f 11853 2962 6028
f 2068 11858 11853
f 2068 11853 4846
f 11858 2961 11854
f 11858 11854 11853
f 6027 11855 6030
f 6027 6030 682
f 11855 11856 2963
f 11855 2963 6030
f 2962 11854 11855
f 2962 11855 6027
f 11854 2961 11856
f 11854 11856 11855
f 6029 11857 4845
f 6029 4845 681
f 11857 11858 2068
f 11857 2068 4845
f 2963 11856 11857
f 2963 11857 6029
f 11856 2961 11858
f 11856 11858 11857
f 6028 11859 4549
f 6028 4549 301
f 11859 11860 1833
f 11859 1833 4549
f 2962 11864 11859
f 2962 11859 6028
f 11864 2964 11860
f 11864 11860 11859
f 4550 11861 6032
f 4550 6032 302
f 11861 11862 2965
f 11861 2965 6032
f 1833 11860 11861
f 1833 11861 4550
f 11860 2964 11862
f 11860 11862 11861
f 6031 11863 6027
f 6031 6027 682
f 11863 11864 2962
f 11863 2962 6027
f 2965 11862 11863
f 2965 11863 6031
f 11862 2964 11864
f 11862 11864 11863
f 6008 11865 6034
f 6008 6034 752
f 11865 11866 2967
f 11865 2967 6034
f 2942 11872 11865
f 2942 11865 6008
f 11872 2966 11866
f 11872 11866 11865
f 6033 11867 6036
f 6033 6036 740
f 11867 11868 2968
f 11867 2968 6036
f 2967 11866 11867
f 2967 11867 6033
f 11866 2966 11868
f 11866 11868 11867
f 6035 11869 5991
f 6035 5991 739
f 11869 11870 2930
f 11869 2930 5991
f 2968 11868 11869
f 2968 11869 6035
f 11868 2966 11870
f 11868 11870 11869
f 5992 11871 6007
f 5992 6007 751
f 11871 11872 2942
f 11871 2942 6007
f 2930 11870 11871
f 2930 11871 5992
f 11870 2966 11872
f 11870 11872 11871
f 6004 11873 6038
f 6004 6038 749
f 11873 11874 2970
f 11873 2970 6038
f 2939 11880 11873
f 2939 11873 6004
f 11880 2969 11874
f 11880 11874 11873
f 6037 11875 6040
f 6037 6040 741
f 11875 11876 2971
f 11875 2971 6040
f 2970 11874 11875
f 2970 11875 6037
f 11874 2969 11876
f 11874 11876 11875
f 6039 11877 6033
f 6039 6033 740
f 11877 11878 2967
f 11877 2967 6033
f 2971 11876 11877
f 2971 11877 6039
f 11876 2969 11878
f 11876 11878 11877
f 6034 11879 6003
f 6034 6003 752
f 11879 11880 2939
f 11879 2939 6003
f 2967 11878 11879
f 2967 11879 6034
f 11878 2969 11880
f 11878 11880 11879
f 6000 11881 6042
f 6000 6042 750
f 11881 11882 2973
f 11881 2973 6042
f 2936 11888 11881
f 2936 11881 6000
f 11888 2972 11882
f 11888 11882 11881
f 6041 11883 6044
f 6041 6044 742
f 11883 11884 2974
f 11883 2974 6044
f 2973 11882 11883
f 2973 11883 6041
f 11882 2972 11884
f 11882 11884 11883
f 6043 11885 6037
f 6043 6037 741
f 11885 11886 2970
f 11885 2970 6037
f 2974 11884 11885
f 2974 11885 6043
f 11884 2972 11886
f 11884 11886 11885
f 6038 11887 5999
f 6038 5999 749
f 11887 11888 2936
f 11887 2936 5999
f 2970 11886 11887
f 2970 11887 6038
f 11886 2972 11888
f 11886 11888 11887
f 5996 11889 4565
f 5996 4565 405
f 11889 11890 1845
f 11889 1845 4565
f 2933 11896 11889
f 2933 11889 5996
f 11896 2975 11890
f 11896 11890 11889
f 4566 11891 6046
f 4566 6046 397
f 11891 11892 2976
f 11891 2976 6046
f 1845 11890 11891
f 1845 11891 4566
f 11890 2975 11892
f 11890 11892 11891
f 6045 11893 6041
f 6045 6041 742
f 11893 11894 2973
f 11893 2973 6041
f 2976 11892 11893
f 2976 11893 6045
f 11892 2975 11894
f 11892 11894 11893
f 6042 11895 5995
f 6042 5995 750
f 11895 11896 2933
f 11895 2933 5995
f 2973 11894 11895
f 2973 11895 6042
f 11894 2975 11896
f 11894 11896 11895
f 5928 11897 6048
f 5928 6048 748
f 11897 11898 2978
f 11897 2978 6048
f 2883 11904 11897
f 2883 11897 5928
f 11904 2977 11898
f 11904 11898 11897
f 6047 11899 6050
f 6047 6050 714
f 11899 11900 2979
f 11899 2979 6050
f 2978 11898 11899
f 2978 11899 6047
f 11898 2977 11900
f 11898 11900 11899
f 6049 11901 4567
f 6049 4567 398
f 11901 11902 1847
f 11901 1847 4567
f 2979 11900 11901
f 2979 11901 6049
f 11900 2977 11902
f 11900 11902 11901
f 4568 11903 5927
f 4568 5927 404
f 11903 11904 2883
f 11903 2883 5927
f 1847 11902 11903
f 1847 11903 4568
f 11902 2977 11904
f 11902 11904 11903
f 5922 11905 5945
f 5922 5945 713
f 11905 11906 2899
f 11905 2899 5945
f 2879 11912 11905
f 2879 11905 5922
f 11912 2980 11906
f 11912 11906 11905
f 5946 11907 6052
f 5946 6052 716
f 11907 11908 2981
f 11907 2981 6052
f 2899 11906 11907
f 2899 11907 5946
f 11906 2980 11908
f 11906 11908 11907
f 6051 11909 6047
f 6051 6047 714
f 11909 11910 2978
f 11909 2978 6047
f 2981 11908 11909
f 2981 11909 6051
f 11908 2980 11910
f 11908 11910 11909
f 6048 11911 5921
f 6048 5921 748
f 11911 11912 2879
f 11911 2879 5921
f 2978 11910 11911
f 2978 11911 6048
f 11910 2980 11912
f 11910 11912 11911
f 5920 11913 6054
f 5920 6054 711
f 11913 11914 2983
f 11913 2983 6054
f 2877 11920 11913
f 2877 11913 5920
f 11920 2982 11914
f 11920 11914 11913
f 6053 11915 5287
f 6053 5287 497
f 11915 11916 2375
f 11915 2375 5287
f 2983 11914 11915
f 2983 11915 6053
f 11914 2982 11916
f 11914 11916 11915
f 5288 11917 6056
f 5288 6056 495
f 11917 11918 2984
f 11917 2984 6056
f 2375 11916 11917
f 2375 11917 5288
f 11916 2982 11918
f 11916 11918 11917
f 6055 11919 5919
f 6055 5919 737
f 11919 11920 2877
f 11919 2877 5919
f 2984 11918 11919
f 2984 11919 6055
f 11918 2982 11920
f 11918 11920 11919
f 5916 11921 6055
f 5916 6055 737
f 11921 11922 2984
f 11921 2984 6055
f 2874 11928 11921
f 2874 11921 5916
f 11928 2985 11922
f 11928 11922 11921
f 6056 11923 5281
f 6056 5281 495
f 11923 11924 2371
f 11923 2371 5281
f 2984 11922 11923
f 2984 11923 6056
f 11922 2985 11924
f 11922 11924 11923
f 5282 11925 6058
f 5282 6058 493
f 11925 11926 2986
f 11925 2986 6058
f 2371 11924 11925
f 2371 11925 5282
f 11924 2985 11926
f 11924 11926 11925
f 6057 11927 5915
f 6057 5915 736
f 11927 11928 2874
f 11927 2874 5915
f 2986 11926 11927
f 2986 11927 6057
f 11926 2985 11928
f 11926 11928 11927
f 5910 11929 6057
f 5910 6057 736
f 11929 11930 2986
f 11929 2986 6057
f 2870 11936 11929
f 2870 11929 5910
f 11936 2987 11930
f 11936 11930 11929
f 6058 11931 5275
f 6058 5275 493
f 11931 11932 2367
f 11931 2367 5275
f 2986 11930 11931
f 2986 11931 6058
f 11930 2987 11932
f 11930 11932 11931
f 5276 11933 6060
f 5276 6060 491
f 11933 11934 2988
f 11933 2988 6060
f 2367 11932 11933
f 2367 11933 5276
f 11932 2987 11934
f 11932 11934 11933
f 6059 11935 5909
f 6059 5909 735
f 11935 11936 2870
f 11935 2870 5909
f 2988 11934 11935
f 2988 11935 6059
f 11934 2987 11936
f 11934 11936 11935
f 5904 11937 6059
f 5904 6059 735
f 11937 11938 2988
f 11937 2988 6059
f 2866 11944 11937
f 2866 11937 5904
f 11944 2989 11938
f 11944 11938 11937
f 6060 11939 5269
f 6060 5269 491
f 11939 11940 2363
f 11939 2363 5269
f 2988 11938 11939
f 2988 11939 6060
f 11938 2989 11940
f 11938 11940 11939
f 5270 11941 6062
f 5270 6062 489
f 11941 11942 2990
f 11941 2990 6062
f 2363 11940 11941
f 2363 11941 5270
f 11940 2989 11942
f 11940 11942 11941
f 6061 11943 5903
f 6061 5903 734
f 11943 11944 2866
f 11943 2866 5903
f 2990 11942 11943
f 2990 11943 6061
f 11942 2989 11944
f 11942 11944 11943
f 5898 11945 6061
f 5898 6061 734
f 11945 11946 2990
f 11945 2990 6061
f 2862 11952 11945
f 2862 11945 5898
f 11952 2991 11946
f 11952 11946 11945
f 6062 11947 5263
f 6062 5263 489
f 11947 11948 2359
f 11947 2359 5263
f 2990 11946 11947
f 2990 11947 6062
f 11946 2991 11948
f 11946 11948 11947
f 5264 11949 6064
f 5264 6064 487
f 11949 11950 2992
f 11949 2992 6064
f 2359 11948 11949
f 2359 11949 5264
f 11948 2991 11950
f 11948 11950 11949
f 6063 11951 5897
f 6063 5897 733
f 11951 11952 2862
f 11951 2862 5897
f 2992 11950 11951
f 2992 11951 6063
f 11950 2991 11952
f 11950 11952 11951
f 5892 11953 6063
f 5892 6063 733
f 11953 11954 2992
f 11953 2992 6063
f 2858 11960 11953
f 2858 11953 5892
f 11960 2993 11954
f 11960 11954 11953
f 6064 11955 5257
f 6064 5257 487
f 11955 11956 2355
f 11955 2355 5257
f 2992 11954 11955
f 2992 11955 6064
f 11954 2993 11956
f 11954 11956 11955
f 5258 11957 6066
f 5258 6066 485
f 11957 11958 2994
f 11957 2994 6066
f 2355 11956 11957
f 2355 11957 5258
f 11956 2993 11958
f 11956 11958 11957
f 6065 11959 5891
f 6065 5891 732
f 11959 11960 2858
f 11959 2858 5891
f 2994 11958 11959
f 2994 11959 6065
f 11958 2993 11960
f 11958 11960 11959
f 5886 11961 6065
f 5886 6065 732
f 11961 11962 2994
f 11961 2994 6065
f 2854 11968 11961
f 2854 11961 5886
f 11968 2995 11962
f 11968 11962 11961
f 6066 11963 5251
f 6066 5251 485
f 11963 11964 2351
f 11963 2351 5251
f 2994 11962 11963
f 2994 11963 6066
f 11962 2995 11964
f 11962 11964 11963
f 5252 11965 6068
f 5252 6068 483
f 11965 11966 2996
f 11965 2996 6068
f 2351 11964 11965
f 2351 11965 5252
f 11964 2995 11966
f 11964 11966 11965
f 6067 11967 5885
f 6067 5885 731
f 11967 11968 2854
f 11967 2854 5885
f 2996 11966 11967
f 2996 11967 6067
f 11966 2995 11968
f 11966 11968 11967
f 5880 11969 6067
f 5880 6067 731
f 11969 11970 2996
f 11969 2996 6067
f 2850 11976 11969
f 2850 11969 5880
f 11976 2997 11970
f 11976 11970 11969
f 6068 11971 5245
f 6068 5245 483
f 11971 11972 2347
f 11971 2347 5245
f 2996 11970 11971
f 2996 11971 6068
f 11970 2997 11972
f 11970 11972 11971
f 5246 11973 6070
f 5246 6070 481
f 11973 11974 2998
f 11973 2998 6070
f 2347 11972 11973
f 2347 11973 5246
f 11972 2997 11974
f 11972 11974 11973
f 6069 11975 5879
f 6069 5879 730
f 11975 11976 2850
f 11975 2850 5879
f 2998 11974 11975
f 2998 11975 6069
f 11974 2997 11976
f 11974 11976 11975
f 5874 11977 6069
f 5874 6069 730
f 11977 11978 2998
f 11977 2998 6069
f 2846 11984 11977
f 2846 11977 5874
f 11984 2999 11978
f 11984 11978 11977
f 6070 11979 5239
f 6070 5239 481
f 11979 11980 2343
f 11979 2343 5239
f 2998 11978 11979
f 2998 11979 6070
f 11978 2999 11980
f 11978 11980 11979
f 5240 11981 6072
f 5240 6072 479
f 11981 11982 3000
f 11981 3000 6072
f 2343 11980 11981
f 2343 11981 5240
f 11980 2999 11982
f 11980 11982 11981
f 6071 11983 5873
f 6071 5873 729
f 11983 11984 2846
f 11983 2846 5873
f 3000 11982 11983
f 3000 11983 6071
f 11982 2999 11984
f 11982 11984 11983
f 4800 11985 6074
f 4800 6074 669
f 11985 11986 3002
f 11985 3002 6074
f 2033 11992 11985
f 2033 11985 4800
f 11992 3001 11986
f 11992 11986 11985
f 6073 11987 6045
f 6073 6045 742
f 11987 11988 2976
f 11987 2976 6045
f 3002 11986 11987
f 3002 11987 6073
f 11986 3001 11988
f 11986 11988 11987
f 6046 11989 4595
f 6046 4595 397
f 11989 11990 1872
f 11989 1872 4595
f 2976 11988 11989
f 2976 11989 6046
f 11988 3001 11990
f 11988 11990 11989
f 4596 11991 4799
f 4596 4799 317
f 11991 11992 2033
f 11991 2033 4799
f 1872 11990 11991
f 1872 11991 4596
f 11990 3001 11992
f 11990 11992 11991
f 4804 11993 6076
f 4804 6076 670
f 11993 11994 3004
f 11993 3004 6076
f 2036 12000 11993
f 2036 11993 4804
f 12000 3003 11994
f 12000 11994 11993
f 6075 11995 6043
f 6075 6043 741
f 11995 11996 2974
f 11995 2974 6043
f 3004 11994 11995
f 3004 11995 6075
f 11994 3003 11996
f 11994 11996 11995
f 6044 11997 6073
f 6044 6073 742
f 11997 11998 3002
f 11997 3002 6073
f 2974 11996 11997
f 2974 11997 6044
f 11996 3003 11998
f 11996 11998 11997
f 6074 11999 4803
f 6074 4803 669
f 11999 12000 2036
f 11999 2036 4803
f 3002 11998 11999
f 3002 11999 6074
f 11998 3003 12000
f 11998 12000 11999
f 4808 12001 6078
f 4808 6078 671
f 12001 12002 3006
f 12001 3006 6078
f 2039 12008 12001
f 2039 12001 4808
f 12008 3005 12002
f 12008 12002 12001
f 6077 12003 6039
f 6077 6039 740
f 12003 12004 2971
f 12003 2971 6039
f 3006 12002 12003
f 3006 12003 6077
f 12002 3005 12004
f 12002 12004 12003
f 6040 12005 6075
f 6040 6075 741
f 12005 12006 3004
f 12005 3004 6075
f 2971 12004 12005
f 2971 12005 6040
f 12004 3005 12006
f 12004 12006 12005
f 6076 12007 4807
f 6076 4807 670
f 12007 12008 2039
f 12007 2039 4807
f 3004 12006 12007
f 3004 12007 6076
f 12006 3005 12008
f 12006 12008 12007
f 4812 12009 6080
f 4812 6080 672
f 12009 12010 3008
f 12009 3008 6080
f 2042 12016 12009
f 2042 12009 4812
f 12016 3007 12010
f 12016 12010 12009
f 6079 12011 6035
f 6079 6035 739
f 12011 12012 2968
f 12011 2968 6035
f 3008 12010 12011
f 3008 12011 6079
f 12010 3007 12012
f 12010 12012 12011
f 6036 12013 6077
f 6036 6077 740
f 12013 12014 3006
f 12013 3006 6077
f 2968 12012 12013
f 2968 12013 6036
f 12012 3007 12014
f 12012 12014 12013
f 6078 12015 4811
f 6078 4811 671
f 12015 12016 2042
f 12015 2042 4811
f 3006 12014 12015
f 3006 12015 6078
f 12014 3007 12016
f 12014 12016 12015
f 4816 12017 6082
f 4816 6082 673
f 12017 12018 3010
f 12017 3010 6082
f 2045 12024 12017
f 2045 12017 4816
f 12024 3009 12018
f 12024 12018 12017
f 6081 12019 5993
f 6081 5993 738
f 12019 12020 2931
f 12019 2931 5993
f 3010 12018 12019
f 3010 12019 6081
f 12018 3009 12020
f 12018 12020 12019
f 5994 12021 6079
f 5994 6079 739
f 12021 12022 3008
f 12021 3008 6079
f 2931 12020 12021
f 2931 12021 5994
f 12020 3009 12022
f 12020 12022 12021
f 6080 12023 4815
f 6080 4815 672
f 12023 12024 2045
f 12023 2045 4815
f 3008 12022 12023
f 3008 12023 6080
f 12022 3009 12024
f 12022 12024 12023
f 4820 12025 6084
f 4820 6084 674
f 12025 12026 3012
f 12025 3012 6084
f 2048 12032 12025
f 2048 12025 4820
f 12032 3011 12026
f 12032 12026 12025
f 6083 12027 5987
f 6083 5987 747
f 12027 12028 2927
f 12027 2927 5987
f 3012 12026 12027
f 3012 12027 6083
f 12026 3011 12028
f 12026 12028 12027
f 5988 12029 6081
f 5988 6081 738
f 12029 12030 3010
f 12029 3010 6081
f 2927 12028 12029
f 2927 12029 5988
f 12028 3011 12030
f 12028 12030 12029
f 6082 12031 4819
f 6082 4819 673
f 12031 12032 2048
f 12031 2048 4819
f 3010 12030 12031
f 3010 12031 6082
f 12030 3011 12032
f 12030 12032 12031
f 4824 12033 6086
f 4824 6086 675
f 12033 12034 3014
f 12033 3014 6086
f 2051 12040 12033
f 2051 12033 4824
f 12040 3013 12034
f 12040 12034 12033
f 6085 12035 5981
f 6085 5981 745
f 12035 12036 2923
f 12035 2923 5981
f 3014 12034 12035
f 3014 12035 6085
f 12034 3013 12036
f 12034 12036 12035
f 5982 12037 6083
f 5982 6083 747
f 12037 12038 3012
f 12037 3012 6083
f 2923 12036 12037
f 2923 12037 5982
f 12036 3013 12038
f 12036 12038 12037
f 6084 12039 4823
f 6084 4823 674
f 12039 12040 2051
f 12039 2051 4823
f 3012 12038 12039
f 3012 12039 6084
f 12038 3013 12040
f 12038 12040 12039
f 4828 12041 6088
f 4828 6088 676
f 12041 12042 3016
f 12041 3016 6088
f 2054 12048 12041
f 2054 12041 4828
f 12048 3015 12042
f 12048 12042 12041
f 6087 12043 5975
f 6087 5975 743
f 12043 12044 2919
f 12043 2919 5975
f 3016 12042 12043
f 3016 12043 6087
f 12042 3015 12044
f 12042 12044 12043
f 5976 12045 6085
f 5976 6085 745
f 12045 12046 3014
f 12045 3014 6085
f 2919 12044 12045
f 2919 12045 5976
f 12044 3015 12046
f 12044 12046 12045
f 6086 12047 4827
f 6086 4827 675
f 12047 12048 2054
f 12047 2054 4827
f 3014 12046 12047
f 3014 12047 6086
f 12046 3015 12048
f 12046 12048 12047
f 4832 12049 6090
f 4832 6090 677
f 12049 12050 3018
f 12049 3018 6090
f 2057 12056 12049
f 2057 12049 4832
f 12056 3017 12050
f 12056 12050 12049
f 6089 12051 5969
f 6089 5969 724
f 12051 12052 2915
f 12051 2915 5969
f 3018 12050 12051
f 3018 12051 6089
f 12050 3017 12052
f 12050 12052 12051
f 5970 12053 6087
f 5970 6087 743
f 12053 12054 3016
f 12053 3016 6087
f 2915 12052 12053
f 2915 12053 5970
f 12052 3017 12054
f 12052 12054 12053
f 6088 12055 4831
f 6088 4831 676
f 12055 12056 2057
f 12055 2057 4831
f 3016 12054 12055
f 3016 12055 6088
f 12054 3017 12056
f 12054 12056 12055
f 4836 12057 6092
f 4836 6092 678
f 12057 12058 3020
f 12057 3020 6092
f 2060 12064 12057
f 2060 12057 4836
f 12064 3019 12058
f 12064 12058 12057
f 6091 12059 5963
f 6091 5963 722
f 12059 12060 2911
f 12059 2911 5963
f 3020 12058 12059
f 3020 12059 6091
f 12058 3019 12060
f 12058 12060 12059
f 5964 12061 6089
f 5964 6089 724
f 12061 12062 3018
f 12061 3018 6089
f 2911 12060 12061
f 2911 12061 5964
f 12060 3019 12062
f 12060 12062 12061
f 6090 12063 4835
f 6090 4835 677
f 12063 12064 2060
f 12063 2060 4835
f 3018 12062 12063
f 3018 12063 6090
f 12062 3019 12064
f 12062 12064 12063
f 4840 12065 6094
f 4840 6094 679
f 12065 12066 3022
f 12065 3022 6094
f 2063 12072 12065
f 2063 12065 4840
f 12072 3021 12066
f 12072 12066 12065
f 6093 12067 5957
f 6093 5957 720
f 12067 12068 2907
f 12067 2907 5957
f 3022 12066 12067
f 3022 12067 6093
f 12066 3021 12068
f 12066 12068 12067
f 5958 12069 6091
f 5958 6091 722
f 12069 12070 3020
f 12069 3020 6091
f 2907 12068 12069
f 2907 12069 5958
f 12068 3021 12070
f 12068 12070 12069
f 6092 12071 4839
f 6092 4839 678
f 12071 12072 2063
f 12071 2063 4839
f 3020 12070 12071
f 3020 12071 6092
f 12070 3021 12072
f 12070 12072 12071
f 4844 12073 6096
f 4844 6096 680
f 12073 12074 3024
f 12073 3024 6096
f 2066 12080 12073
f 2066 12073 4844
f 12080 3023 12074
f 12080 12074 12073
f 6095 12075 5951
f 6095 5951 718
f 12075 12076 2903
f 12075 2903 5951
f 3024 12074 12075
f 3024 12075 6095
f 12074 3023 12076
f 12074 12076 12075
f 5952 12077 6093
f 5952 6093 720
f 12077 12078 3022
f 12077 3022 6093
f 2903 12076 12077
f 2903 12077 5952
f 12076 3023 12078
f 12076 12078 12077
f 6094 12079 4843
f 6094 4843 679
f 12079 12080 2066
f 12079 2066 4843
f 3022 12078 12079
f 3022 12079 6094
f 12078 3023 12080
f 12078 12080 12079
f 4848 12081 6098
f 4848 6098 681
f 12081 12082 3026
f 12081 3026 6098
f 2069 12088 12081
f 2069 12081 4848
f 12088 3025 12082
f 12088 12082 12081
f 6097 12083 5943
f 6097 5943 716
f 12083 12084 2898
f 12083 2898 5943
f 3026 12082 12083
f 3026 12083 6097
f 12082 3025 12084
f 12082 12084 12083
f 5944 12085 6095
f 5944 6095 718
f 12085 12086 3024
f 12085 3024 6095
f 2898 12084 12085
f 2898 12085 5944
f 12084 3025 12086
f 12084 12086 12085
f 6096 12087 4847
f 6096 4847 680
f 12087 12088 2069
f 12087 2069 4847
f 3024 12086 12087
f 3024 12087 6096
f 12086 3025 12088
f 12086 12088 12087
f 6030 12089 6100
f 6030 6100 682
f 12089 12090 3028
f 12089 3028 6100
f 2963 12096 12089
f 2963 12089 6030
f 12096 3027 12090
f 12096 12090 12089
f 6099 12091 6051
f 6099 6051 714
f 12091 12092 2981
f 12091 2981 6051
f 3028 12090 12091
f 3028 12091 6099
f 12090 3027 12092
f 12090 12092 12091
f 6052 12093 6097
f 6052 6097 716
f 12093 12094 3026
f 12093 3026 6097
f 2981 12092 12093
f 2981 12093 6052
f 12092 3027 12094
f 12092 12094 12093
f 6098 12095 6029
f 6098 6029 681
f 12095 12096 2963
f 12095 2963 6029
f 3026 12094 12095
f 3026 12095 6098
f 12094 3027 12096
f 12094 12096 12095
f 6032 12097 4625
f 6032 4625 302
f 12097 12098 1901
f 12097 1901 4625
f 2965 12104 12097
f 2965 12097 6032
f 12104 3029 12098
f 12104 12098 12097
f 4626 12099 6049
f 4626 6049 398
f 12099 12100 2979
f 12099 2979 6049
f 1901 12098 12099
f 1901 12099 4626
f 12098 3029 12100
f 12098 12100 12099
f 6050 12101 6099
f 6050 6099 714
f 12101 12102 3028
f 12101 3028 6099
f 2979 12100 12101
f 2979 12101 6050
f 12100 3029 12102
f 12100 12102 12101
f 6100 12103 6031
f 6100 6031 682
f 12103 12104 2965
f 12103 2965 6031
f 3028 12102 12103
f 3028 12103 6100
f 12102 3029 12104
f 12102 12104 12103
f 5868 12105 6071
f 5868 6071 729
f 12105 12106 3000
f 12105 3000 6071
f 2842 12112 12105
f 2842 12105 5868
f 12112 3030 12106
f 12112 12106 12105
f 6072 12107 5233
f 6072 5233 479
f 12107 12108 2339
f 12107 2339 5233
f 3000 12106 12107
f 3000 12107 6072
f 12106 3030 12108
f 12106 12108 12107
f 5234 12109 6102
f 5234 6102 477
f 12109 12110 3031
f 12109 3031 6102
f 2339 12108 12109
f 2339 12109 5234
f 12108 3030 12110
f 12108 12110 12109
f 6101 12111 5867
f 6101 5867 728
f 12111 12112 2842
f 12111 2842 5867
f 3031 12110 12111
f 3031 12111 6101
f 12110 3030 12112
f 12110 12112 12111
f 5862 12113 6101
f 5862 6101 728
f 12113 12114 3031
f 12113 3031 6101
f 2838 12120 12113
f 2838 12113 5862
f 12120 3032 12114
f 12120 12114 12113
f 6102 12115 5227
f 6102 5227 477
f 12115 12116 2335
f 12115 2335 5227
f 3031 12114 12115
f 3031 12115 6102
f 12114 3032 12116
f 12114 12116 12115
f 5228 12117 6104
f 5228 6104 475
f 12117 12118 3033
f 12117 3033 6104
f 2335 12116 12117
f 2335 12117 5228
f 12116 3032 12118
f 12116 12118 12117
f 6103 12119 5861
f 6103 5861 727
f 12119 12120 2838
f 12119 2838 5861
f 3033 12118 12119
f 3033 12119 6103
f 12118 3032 12120
f 12118 12120 12119
f 5856 12121 6103
f 5856 6103 727
f 12121 12122 3033
f 12121 3033 6103
f 2834 12128 12121
f 2834 12121 5856
f 12128 3034 12122
f 12128 12122 12121
f 6104 12123 5221
f 6104 5221 475
f 12123 12124 2331
f 12123 2331 5221
f 3033 12122 12123
f 3033 12123 6104
f 12122 3034 12124
f 12122 12124 12123
f 5222 12125 6106
f 5222 6106 473
f 12125 12126 3035
f 12125 3035 6106
f 2331 12124 12125
f 2331 12125 5222
f 12124 3034 12126
f 12124 12126 12125
f 6105 12127 5855
f 6105 5855 726
f 12127 12128 2834
f 12127 2834 5855
f 3035 12126 12127
f 3035 12127 6105
f 12126 3034 12128
f 12126 12128 12127
f 5850 12129 6105
f 5850 6105 726
f 12129 12130 3035
f 12129 3035 6105
f 2830 12136 12129
f 2830 12129 5850
f 12136 3036 12130
f 12136 12130 12129
f 6106 12131 5215
f 6106 5215 473
f 12131 12132 2327
f 12131 2327 5215
f 3035 12130 12131
f 3035 12131 6106
f 12130 3036 12132
f 12130 12132 12131
f 5216 12133 4633
f 5216 4633 91
f 12133 12134 1909
f 12133 1909 4633
f 2327 12132 12133
f 2327 12133 5216
f 12132 3036 12134
f 12132 12134 12133
f 4634 12135 5849
f 4634 5849 379
f 12135 12136 2830
f 12135 2830 5849
f 1909 12134 12135
f 1909 12135 4634
f 12134 3036 12136
f 12134 12136 12135
f 5816 12137 4637
f 5816 4637 364
f 12137 12138 1912
f 12137 1912 4637
f 2797 12144 12137
f 2797 12137 5816
f 12144 3037 12138
f 12144 12138 12137
f 4638 12139 5299
f 4638 5299 61
f 12139 12140 2383
f 12139 2383 5299
f 1912 12138 12139
f 1912 12139 4638
f 12138 3037 12140
f 12138 12140 12139
f 5300 12141 6108
f 5300 6108 499
f 12141 12142 3038
f 12141 3038 6108
f 2383 12140 12141
f 2383 12141 5300
f 12140 3037 12142
f 12140 12142 12141
f 6107 12143 5815
f 6107 5815 712
f 12143 12144 2797
f 12143 2797 5815
f 3038 12142 12143
f 3038 12143 6107
f 12142 3037 12144
f 12142 12144 12143
f 5810 12145 6107
f 5810 6107 712
f 12145 12146 3038
f 12145 3038 6107
f 2793 12152 12145
f 2793 12145 5810
f 12152 3039 12146
f 12152 12146 12145
f 6108 12147 5293
f 6108 5293 499
f 12147 12148 2379
f 12147 2379 5293
f 3038 12146 12147
f 3038 12147 6108
f 12146 3039 12148
f 12146 12148 12147
f 5294 12149 6053
f 5294 6053 497
f 12149 12150 2983
f 12149 2983 6053
f 2379 12148 12149
f 2379 12149 5294
f 12148 3039 12150
f 12148 12150 12149
f 6054 12151 5809
f 6054 5809 711
f 12151 12152 2793
f 12151 2793 5809
f 2983 12150 12151
f 2983 12151 6054
f 12150 3039 12152
f 12150 12152 12151
f 5292 12153 6110
f 5292 6110 683
f 12153 12154 3041
f 12153 3041 6110
f 2377 12160 12153
f 2377 12153 5292
f 12160 3040 12154
f 12160 12154 12153
f 6109 12155 5067
f 6109 5067 629
f 12155 12156 2224
f 12155 2224 5067
f 3041 12154 12155
f 3041 12155 6109
f 12154 3040 12156
f 12154 12156 12155
f 5068 12157 6112
f 5068 6112 628
f 12157 12158 3042
f 12157 3042 6112
f 2224 12156 12157
f 2224 12157 5068
f 12156 3040 12158
f 12156 12158 12157
f 6111 12159 5291
f 6111 5291 710
f 12159 12160 2377
f 12159 2377 5291
f 3042 12158 12159
f 3042 12159 6111
f 12158 3040 12160
f 12158 12160 12159
f 5286 12161 6111
f 5286 6111 710
f 12161 12162 3042
f 12161 3042 6111
f 2373 12168 12161
f 2373 12161 5286
f 12168 3043 12162
f 12168 12162 12161
f 6112 12163 5073
f 6112 5073 628
f 12163 12164 2228
f 12163 2228 5073
f 3042 12162 12163
f 3042 12163 6112
f 12162 3043 12164
f 12162 12164 12163
f 5074 12165 6114
f 5074 6114 627
f 12165 12166 3044
f 12165 3044 6114
f 2228 12164 12165
f 2228 12165 5074
f 12164 3043 12166
f 12164 12166 12165
f 6113 12167 5285
f 6113 5285 709
f 12167 12168 2373
f 12167 2373 5285
f 3044 12166 12167
f 3044 12167 6113
f 12166 3043 12168
f 12166 12168 12167
f 5280 12169 6113
f 5280 6113 709
f 12169 12170 3044
f 12169 3044 6113
f 2369 12176 12169
f 2369 12169 5280
f 12176 3045 12170
f 12176 12170 12169
f 6114 12171 5419
f 6114 5419 627
f 12171 12172 2474
f 12171 2474 5419
f 3044 12170 12171
f 3044 12171 6114
f 12170 3045 12172
f 12170 12172 12171
f 5420 12173 6116
f 5420 6116 626
f 12173 12174 3046
f 12173 3046 6116
f 2474 12172 12173
f 2474 12173 5420
f 12172 3045 12174
f 12172 12174 12173
f 6115 12175 5279
f 6115 5279 708
f 12175 12176 2369
f 12175 2369 5279
f 3046 12174 12175
f 3046 12175 6115
f 12174 3045 12176
f 12174 12176 12175
f 5274 12177 6115
f 5274 6115 708
f 12177 12178 3046
f 12177 3046 6115
f 2365 12184 12177
f 2365 12177 5274
f 12184 3047 12178
f 12184 12178 12177
f 6116 12179 5509
f 6116 5509 626
f 12179 12180 2548
f 12179 2548 5509
f 3046 12178 12179
f 3046 12179 6116
f 12178 3047 12180
f 12178 12180 12179
f 5510 12181 6118
f 5510 6118 625
f 12181 12182 3048
f 12181 3048 6118
f 2548 12180 12181
f 2548 12181 5510
f 12180 3047 12182
f 12180 12182 12181
f 6117 12183 5273
f 6117 5273 707
f 12183 12184 2365
f 12183 2365 5273
f 3048 12182 12183
f 3048 12183 6117
f 12182 3047 12184
f 12182 12184 12183
f 5298 12185 6120
f 5298 6120 684
f 12185 12186 3050
f 12185 3050 6120
f 2381 12192 12185
f 2381 12185 5298
f 12192 3049 12186
f 12192 12186 12185
f 6119 12187 5001
f 6119 5001 630
f 12187 12188 2176
f 12187 2176 5001
f 3050 12186 12187
f 3050 12187 6119
f 12186 3049 12188
f 12186 12188 12187
f 5002 12189 6109
f 5002 6109 629
f 12189 12190 3041
f 12189 3041 6109
f 2176 12188 12189
f 2176 12189 5002
f 12188 3049 12190
f 12188 12190 12189
f 6110 12191 5297
f 6110 5297 683
f 12191 12192 2381
f 12191 2381 5297
f 3041 12190 12191
f 3041 12191 6110
f 12190 3049 12192
f 12190 12192 12191
f 5302 12193 4651
f 5302 4651 334
f 12193 12194 1926
f 12193 1926 4651
f 2384 12200 12193
f 2384 12193 5302
f 12200 3051 12194
f 12200 12194 12193
f 4652 12195 4995
f 4652 4995 241
f 12195 12196 2172
f 12195 2172 4995
f 1926 12194 12195
f 1926 12195 4652
f 12194 3051 12196
f 12194 12196 12195
f 4996 12197 6119
f 4996 6119 630
f 12197 12198 3050
f 12197 3050 6119
f 2172 12196 12197
f 2172 12197 4996
f 12196 3051 12198
f 12196 12198 12197
f 6120 12199 5301
f 6120 5301 684
f 12199 12200 2384
f 12199 2384 5301
f 3050 12198 12199
f 3050 12199 6120
f 12198 3051 12200
f 12198 12200 12199
f 5268 12201 6117
f 5268 6117 707
f 12201 12202 3048
f 12201 3048 6117
f 2361 12208 12201
f 2361 12201 5268
f 12208 3052 12202
f 12208 12202 12201
f 6118 12203 5629
f 6118 5629 625
f 12203 12204 2639
f 12203 2639 5629
f 3048 12202 12203
f 3048 12203 6118
f 12202 3052 12204
f 12202 12204 12203
f 5630 12205 6122
f 5630 6122 624
f 12205 12206 3053
f 12205 3053 6122
f 2639 12204 12205
f 2639 12205 5630
f 12204 3052 12206
f 12204 12206 12205
f 6121 12207 5267
f 6121 5267 706
f 12207 12208 2361
f 12207 2361 5267
f 3053 12206 12207
f 3053 12207 6121
f 12206 3052 12208
f 12206 12208 12207
f 5262 12209 6121
f 5262 6121 706
f 12209 12210 3053
f 12209 3053 6121
f 2357 12216 12209
f 2357 12209 5262
f 12216 3054 12210
f 12216 12210 12209
f 6122 12211 5727
f 6122 5727 624
f 12211 12212 2717
f 12211 2717 5727
f 3053 12210 12211
f 3053 12211 6122
f 12210 3054 12212
f 12210 12212 12211
f 5728 12213 6124
f 5728 6124 623
f 12213 12214 3055
f 12213 3055 6124
f 2717 12212 12213
f 2717 12213 5728
f 12212 3054 12214
f 12212 12214 12213
f 6123 12215 5261
f 6123 5261 705
f 12215 12216 2357
f 12215 2357 5261
f 3055 12214 12215
f 3055 12215 6123
f 12214 3054 12216
f 12214 12216 12215
f 5256 12217 6123
f 5256 6123 705
f 12217 12218 3055
f 12217 3055 6123
f 2353 12224 12217
f 2353 12217 5256
f 12224 3056 12218
f 12224 12218 12217
f 6124 12219 5783
f 6124 5783 623
f 12219 12220 2767
f 12219 2767 5783
f 3055 12218 12219
f 3055 12219 6124
f 12218 3056 12220
f 12218 12220 12219
f 5784 12221 6126
f 5784 6126 622
f 12221 12222 3057
f 12221 3057 6126
f 2767 12220 12221
f 2767 12221 5784
f 12220 3056 12222
f 12220 12222 12221
f 6125 12223 5255
f 6125 5255 704
f 12223 12224 2353
f 12223 2353 5255
f 3057 12222 12223
f 3057 12223 6125
f 12222 3056 12224
f 12222 12224 12223
f 5250 12225 6125
f 5250 6125 704
f 12225 12226 3057
f 12225 3057 6125
f 2349 12232 12225
f 2349 12225 5250
f 12232 3058 12226
f 12232 12226 12225
f 6126 12227 5779
f 6126 5779 622
f 12227 12228 2764
f 12227 2764 5779
f 3057 12226 12227
f 3057 12227 6126
f 12226 3058 12228
f 12226 12228 12227
f 5780 12229 6128
f 5780 6128 621
f 12229 12230 3059
f 12229 3059 6128
f 2764 12228 12229
f 2764 12229 5780
f 12228 3058 12230
f 12228 12230 12229
f 6127 12231 5249
f 6127 5249 703
f 12231 12232 2349
f 12231 2349 5249
f 3059 12230 12231
f 3059 12231 6127
f 12230 3058 12232
f 12230 12232 12231
f 5244 12233 6127
f 5244 6127 703
f 12233 12234 3059
f 12233 3059 6127
f 2345 12240 12233
f 2345 12233 5244
f 12240 3060 12234
f 12240 12234 12233
f 6128 12235 5775
f 6128 5775 621
f 12235 12236 2761
f 12235 2761 5775
f 3059 12234 12235
f 3059 12235 6128
f 12234 3060 12236
f 12234 12236 12235
f 5776 12237 6130
f 5776 6130 620
f 12237 12238 3061
f 12237 3061 6130
f 2761 12236 12237
f 2761 12237 5776
f 12236 3060 12238
f 12236 12238 12237
f 6129 12239 5243
f 6129 5243 702
f 12239 12240 2345
f 12239 2345 5243
f 3061 12238 12239
f 3061 12239 6129
f 12238 3060 12240
f 12238 12240 12239
f 5238 12241 6129
f 5238 6129 702
f 12241 12242 3061
f 12241 3061 6129
f 2341 12248 12241
f 2341 12241 5238
f 12248 3062 12242
f 12248 12242 12241
f 6130 12243 5771
f 6130 5771 620
f 12243 12244 2758
f 12243 2758 5771
f 3061 12242 12243
f 3061 12243 6130
f 12242 3062 12244
f 12242 12244 12243
f 5772 12245 6132
f 5772 6132 619
f 12245 12246 3063
f 12245 3063 6132
f 2758 12244 12245
f 2758 12245 5772
f 12244 3062 12246
f 12244 12246 12245
f 6131 12247 5237
f 6131 5237 701
f 12247 12248 2341
f 12247 2341 5237
f 3063 12246 12247
f 3063 12247 6131
f 12246 3062 12248
f 12246 12248 12247
f 5232 12249 6131
f 5232 6131 701
f 12249 12250 3063
f 12249 3063 6131
f 2337 12256 12249
f 2337 12249 5232
f 12256 3064 12250
f 12256 12250 12249
f 6132 12251 5767
f 6132 5767 619
f 12251 12252 2755
f 12251 2755 5767
f 3063 12250 12251
f 3063 12251 6132
f 12250 3064 12252
f 12250 12252 12251
f 5768 12253 6134
f 5768 6134 618
f 12253 12254 3065
f 12253 3065 6134
f 2755 12252 12253
f 2755 12253 5768
f 12252 3064 12254
f 12252 12254 12253
f 6133 12255 5231
f 6133 5231 700
f 12255 12256 2337
f 12255 2337 5231
f 3065 12254 12255
f 3065 12255 6133
f 12254 3064 12256
f 12254 12256 12255
f 5226 12257 6133
f 5226 6133 700
f 12257 12258 3065
f 12257 3065 6133
f 2333 12264 12257
f 2333 12257 5226
f 12264 3066 12258
f 12264 12258 12257
f 6134 12259 5763
f 6134 5763 618
f 12259 12260 2752
f 12259 2752 5763
f 3065 12258 12259
f 3065 12259 6134
f 12258 3066 12260
f 12258 12260 12259
f 5764 12261 6136
f 5764 6136 617
f 12261 12262 3067
f 12261 3067 6136
f 2752 12260 12261
f 2752 12261 5764
f 12260 3066 12262
f 12260 12262 12261
f 6135 12263 5225
f 6135 5225 699
f 12263 12264 2333
f 12263 2333 5225
f 3067 12262 12263
f 3067 12263 6135
f 12262 3066 12264
f 12262 12264 12263
f 5220 12265 6135
f 5220 6135 699
f 12265 12266 3067
f 12265 3067 6135
f 2329 12272 12265
f 2329 12265 5220
f 12272 3068 12266
f 12272 12266 12265
f 6136 12267 5759
f 6136 5759 617
f 12267 12268 2749
f 12267 2749 5759
f 3067 12266 12267
f 3067 12267 6136
f 12266 3068 12268
f 12266 12268 12267
f 5760 12269 4669
f 5760 4669 256
f 12269 12270 1944
f 12269 1944 4669
f 2749 12268 12269
f 2749 12269 5760
f 12268 3068 12270
f 12268 12270 12269
f 4670 12271 5219
f 4670 5219 349
f 12271 12272 2329
f 12271 2329 5219
f 1944 12270 12271
f 1944 12271 4670
f 12270 3068 12272
f 12270 12272 12271
