#usda 1.0
(
    defaultPrim = "Asset"
    metersPerUnit = 1
    upAxis = "Z"
)

def Xform "Asset"
{
    def Mesh "Mesh"
    {
        point3f[] points = [(0.0863025091, 0.129973649, 0.149759937), (-0.418398275, 0.272935698, 0.200686463), (-0.0885714043, 0.0942637505, 0.0166319797), (-0.0522094659, 0.0126220021, 0.25162865), (-0.010343375, 0.440048551, -0.146541823), (0.231173823, 0.0728045037, 0.215589541), (0.147216582, 0.0953254985, 0.220000816), (0.0214732969, 0.340557203, -0.0677868515), (-0.113383078, 0.400968244, 0.00322336629), (-0.43512303, -0.00374022246, 0.0334623685), (-0.163913753, 0.399349649, -0.0173867528), (-0.299741002, 0.299390458, -0.0796377102), (-0.387364283, 0.366896469, -0.164019225), (-0.357394875, 0.0337881307, 0.34256788), (0.191945667, 0.022627015, 0.25641541), (-0.13570879, 0.386364794, 0.018728278), (0.139661375, -0.465267807, 0.305169715), (-0.260247119, -0.446213444, 0.307964973), (-0.183091021, -0.459617289, 0.296379648), (-0.109311454, 0.10328616, 0.0205949411), (-0.215529957, 0.306681807, 0.070100346), (-0.0284619889, 0.314041409, -0.0206891025), (-0.255686642, 0.306982079, 0.0622645241), (-0.232027784, -0.443628809, 0.307117199), (-0.21371292, -0.432143253, 0.29611463), (-0.0834493754, -0.474435873, 0.347872173), (0.0854407492, -0.434993099, 0.315957988), (0.140058064, -0.439357068, 0.30424009), (-0.143641931, 0.377465419, -0.0673012857), (-0.258445421, -0.417093873, 0.288215067), (-0.157541846, -0.432162974, 0.281077882), (-0.0623306175, -0.419687789, 0.339662219), (-0.0326513629, -0.426207543, 0.352709075), (-0.130159458, 0.379223677, 0.018096862), (-0.324929321, 0.332306646, -0.0789604704), (0.428984304, -0.257269533, 0.162505876), (-0.20872643, -0.410814968, 0.274893783), (-0.179103569, -0.42765728, 0.284660654), (-0.173277875, -0.406024598, 0.26919815), (-0.0366793543, -0.410155065, 0.343953617), (0.0662763708, -0.419677026, 0.315708245), (0.110710791, -0.420324168, 0.309373784), (0.327565001, 0.0218216488, 0.16806958), (-0.062304322, 0.456882549, -0.0425298928), (-0.00472198816, -0.400805766, 0.324259783), (0.0631580257, -0.410780874, 0.315597133), (0.146862301, -0.40902384, 0.325832297), (0.166935165, -0.397517273, 0.327634123), (-0.120217735, 0.0147895175, 0.235485039), (-0.381430056, 0.180814521, 0.326753673), (0.332814576, -0.431811593, 0.196163496), (-0.231083528, -0.397390113, 0.259175413), (-0.197075817, -0.397632123, 0.261725052), (-0.142646631, -0.411117625, 0.269703889), (-0.0623110248, -0.401758465, 0.327436906), (-0.035866254, -0.400100684, 0.3326181), (0.0220894382, -0.401268774, 0.318164238), (0.0296941426, -0.391099285, 0.328480351), (0.104197288, -0.40577608, 0.326240136), (0.121594385, -0.387010711, 0.346563259), (-0.0383377797, -0.388433765, 0.309925411), (-0.00774217607, -0.388214829, 0.312132498), (0.0579864348, -0.386594171, 0.338174651), (0.0909802846, -0.37964576, 0.352341646), (-0.303396988, 0.330292844, -0.119760495), (0.317317978, -0.417757901, 0.204944476), (-0.459294394, 0.0954805006, 0.0132533858), (-0.159210004, 0.369505338, 0.0306707845), (-0.307143849, 0.278913171, -0.0234325424), (-0.112802707, -0.38433301, 0.256306296), (-0.0396276161, -0.381107291, 0.292658825), (0.015765096, -0.359145657, 0.336380751), (0.117157846, -0.372844424, 0.352098154), (0.131666749, -0.367070162, 0.353862149), (0.160307522, -0.377540052, 0.34323339), (-0.360050018, 0.128273782, 0.342554345), (0.353144273, -0.389018197, 0.215161464), (0.356395643, -0.40017319, 0.214100812), (0.246871053, 0.0998130823, 0.146526162), (-0.3846405, 0.245690588, -0.0480497066), (-0.45398269, 0.0613509787, 0.00840514022), (-0.173493718, 0.374289198, 0.0246505815), (-0.153722028, 0.0806403899, 0.178993971), (-0.192610984, -0.358227117, 0.251803502), (-0.175761002, -0.380864959, 0.260764878), (-0.137557407, -0.383820955, 0.262855311), (-0.019818094, -0.377323694, 0.306938028), (-0.000711784965, -0.375803707, 0.321873138), (0.00355518673, -0.360022756, 0.333781035), (0.0409532221, -0.363929324, 0.344426035), (0.080509041, -0.358892369, 0.35699145), (0.15865045, -0.355133778, 0.349528149), (0.352901362, -0.0339384279, -0.0110912842), (-0.400897736, 0.118281982, 0.352100281), (-0.405893894, 0.156845207, 0.33818522), (-0.272809376, 0.259373307, 0.231838011), (-0.315101997, 0.254353045, 0.255500414), (-0.0976471137, 0.0968745525, 0.134589778), (-0.338824725, 0.32524519, -0.0496795163), (-0.183196912, 0.12375436, 0.140886149), (-0.161629454, -0.347955926, 0.266042617), (-0.0890313189, -0.359245877, 0.246047608), (-0.0514748012, -0.370888304, 0.272765131), (-0.0308589461, -0.343621475, 0.302587916), (0.10671728, -0.358450758, 0.361715308), (-0.413122082, 0.099473109, 0.345694152), (-0.0850442533, 0.437991439, -0.0241916336), (0.337177514, -0.384787897, 0.212182653), (0.387449486, -0.373857319, 0.21896459), (-0.303802314, 0.273744802, 0.231783422), (-0.178453011, -0.316289615, 0.264422475), (-0.142944067, -0.336149473, 0.268328592), (-0.401438729, 0.388580969, -0.257096581), (0.0784747436, -0.337674487, 0.357522905), (0.09862295, -0.349495699, 0.36164828), (0.14178326, -0.34245448, 0.353867434), (0.108480373, 0.0838139042, 0.233514483), (0.324628533, 0.0327676306, 0.150043774), (0.357614005, -0.346111369, 0.210565605), (-0.113334999, -0.361286683, 0.254851468), (0.0532999586, -0.322207987, 0.366018951), (0.10544375, -0.333912158, 0.360698352), (-0.478720633, 0.0316282204, 0.268266849), (0.371078754, -0.358312384, 0.215887944), (0.40241044, -0.339975543, 0.215742803), (0.239493728, 0.0923858086, 0.176519352), (0.0169574841, 0.11295468, 0.0179835591), (0.0310211665, -0.339391691, 0.349542135), (0.129236664, -0.324339862, 0.367020181), (0.0283938653, 0.0805256691, 0.226029397), (0.197310801, 0.0842290906, 0.219032134), (-0.388011102, 0.290410393, 0.167679594), (-0.0721874601, -0.316304374, 0.251054852), (0.102771914, -0.319410216, 0.369343665), (-0.136952158, 0.0329836667, 0.223388626), (0.00367022985, 0.0881446813, 0.200176664), (-0.0552512445, 0.310952581, 1.37600589e-05), (-0.328809206, 0.286096888, 0.204409284), (0.0805143903, -0.314092775, 0.368465084), (0.0876836066, 0.0578258901, 0.25671594), (0.0668446902, 0.0764243337, 0.239902953), (0.380987801, -0.32904142, 0.20837102), (0.420927741, -0.311758463, 0.205140984), (0.433187921, -0.321220679, 0.20448237), (-0.144269738, -0.303420125, 0.2762656), (-0.11374026, -0.318205131, 0.264413903), (0.0132430416, -0.28724719, 0.355848173), (0.125453905, -0.305833904, 0.373857738), (0.0181052728, 0.0610520599, 0.243194088), (0.234984295, 0.0142384706, 0.251532168), (-0.101807356, 0.417856509, -0.00717356661), (0.0944154012, -0.0690618321, 0.330834449), (-0.252647442, -0.311436794, 0.189569237), (-0.244306784, -0.300925656, 0.2136699), (-0.222398192, -0.319873353, 0.212151073), (-0.162275307, -0.2611703, 0.279114544), (-0.0868248758, -0.307286283, 0.254348307), (0.0348864218, -0.292670329, 0.363499282), (0.153102729, -0.292943146, 0.367889288), (0.385513023, -0.0803174958, 0.0161646533), (0.370179162, -0.313085487, 0.201879817), (0.405933789, -0.310924804, 0.204342771), (0.350309637, -0.0212687973, 0.179078852), (-0.398557817, 0.346221256, -0.173405905), (-0.291284205, 0.241441533, -0.0183257882), (0.0712225158, -0.287859013, 0.371590261), (0.109916124, -0.286233651, 0.37414164), (-0.024115486, 0.062144035, 0.22226159), (0.136095038, 0.113900096, 0.194182112), (-0.191730598, -0.273917528, 0.265005554), (-0.00399441296, -0.260980108, 0.358159799), (0.0100452941, -0.252921225, 0.364058642), (0.0420079451, -0.265705125, 0.365894305), (0.107553518, -0.263373069, 0.374209506), (-0.125732264, 0.055533084, 0.207247014), (-0.344968156, -0.301530196, 0.137223202), (0.385564648, -0.298771481, 0.190265683), (0.384327274, -0.158526963, 0.189199359), (0.217727377, 0.109545988, 0.157346466), (-0.163191591, 0.116641989, 0.0164825203), (0.213522857, 0.0796987121, 0.211767338), (-0.415465803, 0.281380378, 0.176464505), (-0.0996206349, -0.141534354, -0.152415661), (0.0195016448, -0.253062693, 0.362066109), (0.142394181, -0.271636645, 0.368349074), (0.157883367, -0.2434748, 0.37087332), (0.130729389, 0.0636339239, 0.247450425), (0.151161239, 0.0424252584, 0.259079705), (0.405308689, -0.281511018, 0.182336925), (0.445530082, -0.295347515, 0.191829754), (-0.290648664, 0.0826099152, -0.0469858317), (0.0670752276, -0.0316335697, -0.137662686), (-0.118700777, -0.268067408, 0.276256448), (-0.102404936, -0.273417461, 0.268154577), (-0.0802055463, -0.261675974, 0.263286159), (0.076040341, -0.261009046, 0.376224984), (0.21510014, 0.0563844675, 0.235400545), (-0.4678052, -0.0717258053, 0.122481249), (0.402941185, -0.262076337, 0.161328505), (0.459773, -0.266540654, 0.167569513), (-0.181675572, -0.248619644, 0.279786886), (0.0809289322, 0.122429463, 0.176022379), (-0.367875528, 0.0693701605, 0.353688714), (-0.368866639, 0.218588235, 0.299545428), (0.433108777, -0.27623547, 0.182610708), (-0.240115154, 0.30009857, -0.00647286703), (0.276805465, 0.0644131235, 0.185553105), (0.0390844966, 0.127287892, 0.0804080802), (-0.18225169, -0.147537671, -0.131369924), (-0.138825717, -0.266237417, 0.27925337), (-0.0802708985, -0.225470004, 0.274999417), (-0.196639297, 0.340343358, 0.0487002642), (0.0318046198, -0.238266279, 0.372084334), (0.0672041919, -0.244707469, 0.383188605), (0.0889878152, -0.244693934, 0.384440287), (-0.0578776434, -0.105535333, -0.173408677), (0.000697670432, 0.0356573718, 0.253516452), (-0.433893648, -0.0118101908, 0.168944166), (-0.370543691, 0.344262752, -0.0905647438), (-0.499463325, 0.103277652, 0.133455911), (-0.118628335, 0.0960254247, 0.148995045), (-0.210719866, -0.236638338, 0.27813903), (-0.104817168, -0.21589513, 0.27558894), (0.0611312689, -0.233523796, 0.383180291), (0.108421917, -0.236253572, 0.38140766), (0.135307783, -0.239997275, 0.372398076), (-0.389633758, 0.228833195, 0.287480145), (0.372997944, -0.138107423, -0.0535300126), (0.349444397, -0.0106003369, 0.011742744), (-0.246911334, -0.22857243, 0.279854494), (-0.167179366, -0.21370061, 0.285425159), (-0.333401908, 0.297420224, 0.144883269), (0.0441919597, -0.217904292, 0.379422022), (0.0873482736, -0.22198017, 0.387968598), (0.194736671, -0.110075444, 0.341262446), (-0.365454467, -0.104857578, -0.0855215372), (-0.371689288, 0.160620813, 0.336242764), (-0.0583304041, 0.0752550831, 0.177636463), (-0.110996498, 0.424195223, -0.0144683313), (-0.37770904, 0.375341923, -0.163127367), (-0.127982082, -0.225997914, 0.280287597), (-0.00641064063, -0.210537086, 0.371035025), (0.0349457158, -0.195127367, 0.381422032), (0.107609847, -0.214431408, 0.384592066), (0.125928385, -0.200099485, 0.375107938), (0.144167585, -0.217556005, 0.372581694), (-0.290637256, 0.284156559, -0.113021547), (-0.359928015, 0.198740816, 0.312317276), (0.210110298, 0.121560291, 0.0948647138), (0.03285264, -0.0824781151, 0.342063752), (-0.271471782, -0.210154898, 0.286439021), (-0.234085412, -0.207789972, 0.288846419), (-0.218774817, -0.219159132, 0.287574886), (-0.197223278, -0.223013624, 0.284304117), (-0.182102037, -0.202093566, 0.28244261), (-0.146409862, -0.206402043, 0.286163368), (0.01002351, -0.175382359, 0.376496189), (0.0144562469, -0.216363552, 0.373651756), (0.0699939714, -0.200534135, 0.383168303), (0.347883613, 0.00316500689, 0.130792066), (0.123703767, 0.138400863, 0.0866037158), (-0.495255132, 0.0498895264, 0.129830151), (-0.303810499, -0.203217894, 0.280781155), (-0.184169848, -0.178973638, 0.288506123), (-0.12699632, -0.186909292, 0.287734013), (-0.105978427, -0.179727444, 0.27929017), (-0.090228863, -0.193894633, 0.278941432), (0.0950182658, -0.187901628, 0.38048725), (0.161032132, -0.189462089, 0.366441485), (0.0247967217, 0.0372703601, 0.260393775), (-0.39495339, 0.0861466048, 0.345575693), (-0.0630327995, 0.293401707, -0.0174921929), (-0.423247745, 0.0392393053, -0.00542259106), (-0.069204202, -0.194562592, 0.316961345), (0.116373684, -0.16955093, 0.379795058), (0.147923146, -0.172382408, 0.373460017), (-0.294100666, -0.168328315, 0.294441961), (-0.277562365, -0.190852016, 0.288473705), (-0.24772959, -0.181449159, 0.299479689), (-0.239751076, -0.190672201, 0.297009259), (-0.214142672, -0.185884087, 0.294835492), (-0.162383582, -0.187351354, 0.283182753), (-0.145380532, -0.170931383, 0.289925504), (-0.447028994, -0.0113884305, 0.127141558), (-0.45064805, -0.0659690736, 0.0324568208), (-0.0361750336, -0.173173338, 0.367834828), (-0.0012398232, -0.177863359, 0.380294158), (0.0283244528, -0.160676175, 0.378643596), (0.0603032163, 0.0437048472, 0.262737303), (0.0944552957, 0.00824901027, 0.283056882), (-0.379722262, 0.0971542651, 0.351700627), (-0.388348498, 0.140383085, 0.347673151), (-0.285643547, 0.293528416, 0.154675404), (-0.133654513, 0.111423027, 0.108296078), (0.0950580958, -0.0594116805, 0.303611896), (-0.310592822, -0.165005083, 0.29390664), (-0.264638737, -0.168914229, 0.294331816), (-0.186133122, -0.162187913, 0.29416083), (-0.117439557, -0.17572143, 0.286125601), (-0.0849527344, -0.159517817, 0.291489897), (-0.46462885, -0.070533095, 0.0712338268), (-0.0150457704, -0.17194054, 0.378318833), (-0.429809456, -0.0187270212, 0.0144378465), (-0.343595373, 0.0499521717, 0.349295549), (-0.12068577, 0.424097711, -0.0218185874), (-0.34822668, 0.0798617704, 0.352909386), (0.399168158, -0.106485905, 0.0497292072), (-0.237278133, -0.159875191, 0.301720613), (-0.20752895, -0.154236919, 0.301846742), (-0.12853938, -0.155126263, 0.290637933), (0.0382072686, -0.137447133, 0.374761841), (0.0834999686, -0.1634782, 0.378193735), (-0.207652887, 0.0487239495, 0.213095264), (-0.16830189, 0.0528937307, 0.207060238), (-0.263495266, 0.293015072, 0.0932292325), (-0.0554973143, 0.0939188145, 0.0103836884), (0.230814772, 0.110911939, 0.12418756), (-0.275186934, -0.137326612, 0.30028222), (-0.258639093, -0.142121493, 0.297598783), (0.131331996, 0.136871338, 0.0560125592), (0.000757028812, -0.147501837, 0.375249727), (0.0535110321, -0.16861705, 0.380818394), (0.130888967, -0.153477441, 0.377229178), (-0.0747483134, 0.454717032, -0.0410203467), (-0.385185102, 0.0424558077, 0.341401658), (0.223449435, -0.12409414, 0.323507717), (-0.151723436, 0.0421666853, 0.21875893), (0.146374672, 0.136996886, 0.117982128), (-0.444554568, -0.118920358, 0.00925046543), (-0.216367548, -0.137331832, 0.300789505), (-0.178096539, -0.145002211, 0.289766119), (-0.162772022, -0.151079904, 0.283688556), (-0.104780431, -0.154470099, 0.283854321), (-0.0801827955, -0.126963773, 0.294657804), (0.0638337831, -0.165765528, 0.378004253), (0.0656084118, -0.127209392, 0.376142745), (0.100264103, -0.135729994, 0.374031173), (0.168913004, -0.127771395, 0.358962909), (0.36733634, -0.0505093413, -0.00336812082), (-0.447452108, 0.0291020411, 0.023797909), (-0.468516663, -0.0935847061, 0.10129643), (-0.32438517, 0.302537677, -0.0304263904), (-0.232888706, -0.123998045, 0.296799217), (-0.128539574, -0.137059274, 0.288699022), (0.0204609175, -0.131252464, 0.374819137), (0.25868872, 0.0862438597, 0.169866831), (-0.130530303, 0.109551853, 0.0118394833), (-0.366693517, 0.296322642, 0.102101925), (-0.3144613, -0.123167415, 0.293726309), (-0.271956575, -0.116798022, 0.301738659), (-0.10594343, -0.139078941, 0.291180279), (-0.0968951765, -0.125226139, 0.294250802), (-0.0207616408, -0.142568711, 0.367826127), (0.0360080439, -0.114634438, 0.371151163), (0.360334694, -0.0120021227, 0.0942554042), (0.293095763, 0.0608603214, 0.167751391), (-0.336038039, 0.2988853, -0.00315376038), (-0.295272817, -0.122622942, 0.300162601), (0.304496053, 0.0561452294, 0.143749208), (0.0100523836, -0.118144703, 0.369294812), (0.0720462503, -0.10903606, 0.36978721), (0.139210548, -0.119220244, 0.362192044), (-0.331798458, -0.114566959, 0.282748231), (-0.250213426, -0.115787769, 0.299932128), (-0.226220653, -0.0947113552, 0.292731009), (-0.206292736, -0.122900012, 0.296076218), (-0.184396067, -0.123426955, 0.288316962), (-0.178614845, -0.0985603047, 0.28651056), (-0.145847021, -0.132479011, 0.287834361), (-0.121432874, -0.113016487, 0.29466992), (0.10749184, -0.109254223, 0.366595327), (0.169575936, -0.0945421742, 0.337671619), (0.24647243, -0.121152968, 0.319192279), (0.050385533, 0.380973364, -0.13664167), (-0.362326132, 0.295619429, 0.154045664), (-0.309099388, 0.276895695, -0.00357603628), (-0.338798429, -0.0960959329, 0.281074273), (-0.279173419, -0.0940972119, 0.294317573), (-0.0801813776, -0.102233821, 0.298425417), (-0.0629071221, -0.108684808, 0.299419429), (0.0155116789, -0.10031837, 0.357540886), (0.0511194243, -0.09508104, 0.360457116), (0.100425486, -0.089915443, 0.35639632), (0.134369778, -0.0923928336, 0.350730269), (0.0786216249, 0.0910837268, 0.225279716), (-0.397241298, 0.18772439, 0.321035547), (0.177723373, 0.133016008, 0.101985593), (-0.256658418, -0.089139337, 0.290992537), (-0.125664849, -0.093177447, 0.290427955), (-0.0488473711, -0.092076449, 0.295933397), (0.178631408, 0.10430144, 0.201981455), (0.0704988076, -0.082513627, 0.349485612), (0.21767485, -0.0840835627, 0.315309557), (-0.325028509, -0.0707596365, 0.277625429), (-0.246156174, -0.0677506628, 0.286399319), (-0.205061485, -0.0882980721, 0.294312674), (-0.248571693, 0.285331416, 0.113708454), (-0.499117874, 0.0768330751, 0.161451798), (0.193632064, -0.086457769, 0.323747599), (0.241301161, -0.0873327412, 0.312280927), (0.15560648, 0.0697923075, 0.241401671), (0.0213132033, 0.120337161, 0.0480237977), (-0.0213318293, 0.0959819855, 0.161579666), (-0.339249192, 0.352195248, -0.101421205), (-0.304379205, -0.079365506, 0.283886417), (-0.226834989, -0.067318655, 0.284861286), (-0.175239796, -0.0691386564, 0.282714073), (-0.147831627, -0.0515560081, 0.271054952), (-0.123297088, -0.0666606213, 0.282407098), (-0.0906603552, -0.0853206145, 0.297331122), (-0.0743833335, -0.0797263611, 0.291594306), (-0.056856241, -0.0737277488, 0.294492039), (-0.441068278, 0.00399976231, 0.167698284), (0.154643791, -0.0727864577, 0.321616563), (0.1704812, -0.0584247588, 0.314872329), (0.195205351, -0.0605104872, 0.315395727), (0.158158761, 0.137420387, 0.0848498401), (0.113495415, 0.0398315356, 0.268432807), (-0.359964171, 0.357866068, -0.107826109), (0.0721830775, 0.132855656, 0.0773291139), (-0.0612461831, 0.0969055529, 0.121650811), (-0.198438868, -0.0602037056, 0.282493138), (-0.158933642, -0.0748145035, 0.278816077), (-0.108155094, -0.0406929089, 0.272109224), (-0.0391174305, -0.0470844723, 0.290198771), (-0.0358416342, -0.0769876905, 0.298069332), (-0.0133392009, -0.0720534687, 0.29628626), (-0.352108499, -0.209974245, 0.254854497), (-0.362210766, 0.0522956999, 0.351360718), (-0.33298453, 0.160019495, -0.0441721414), (-0.373055497, -0.0147716649, -0.0487592358), (-0.310378913, 0.311726561, -0.0716235555), (-0.400433116, 0.262811388, 0.236106916), (-0.369380176, -0.0690287048, 0.256639438), (-0.345813288, -0.0590695803, 0.266025603), (-0.272352168, -0.0627765466, 0.284916327), (-0.208730877, -0.0363036112, 0.269295341), (-0.0795980413, -0.0527153333, 0.284322936), (0.0335209857, -0.0584872108, 0.294368101), (0.141440837, -0.0548720211, 0.302304143), (-0.223608304, -0.0334210239, 0.26959065), (-0.0220251172, -0.0516182667, 0.291206833), (0.135682559, -0.0316805537, 0.283874945), (0.216768362, -0.0436847388, 0.3014293), (-0.0571043732, 0.0997280729, 0.038902071), (-0.356673229, -0.0308464428, 0.251389992), (-0.310543969, -0.041489381, 0.271528015), (-0.282623682, -0.0353249391, 0.273194561), (-0.248184865, -0.0418861348, 0.27712794), (-0.176866254, -0.0376110424, 0.27598911), (0.00829773442, -0.0373271405, 0.286168524), (0.0590908487, -0.0458087505, 0.291267931), (0.0579799254, -0.032139695, 0.292007945), (0.170902702, -0.0316958283, 0.290579541), (0.303566878, 0.0346965524, 0.194427859), (-0.197836132, -0.0244673826, 0.268420433), (-0.142937945, -0.0214140674, 0.256059066), (-0.0584464139, -0.0379346455, 0.281580463), (-0.0081021289, -0.032958209, 0.285417103), (0.0104459148, -0.013376324, 0.282501388), (0.0831575462, -0.0289458145, 0.293436993), (0.108453948, -0.0366439713, 0.291688596), (0.185481469, -0.0394218919, 0.302132062), (0.204988012, -0.0185872293, 0.279031146), (0.27899644, 0.0783060781, 0.141018851), (-0.125192818, -0.0245587726, 0.258619017), (-0.0278808439, -0.00534973043, 0.271963116), (0.0256575149, -0.03597569, 0.28968923), (0.142341525, -0.00461654809, 0.278148118), (0.165901711, -0.0196347339, 0.275366588), (-0.225825188, 0.325262205, 0.0555841606), (-0.241046326, 0.0281281383, 0.234122439), (0.193524175, 0.125211637, 0.136452574), (-0.338888015, -0.00963584375, 0.251290674), (-0.327987148, -0.0181201607, 0.254581745), (-0.302795992, 0.00141622264, 0.251754649), (-0.218798341, -0.00558226575, 0.2563808), (0.0477392836, -0.0175615088, 0.289617562), (0.115860469, -0.00533419799, 0.28451461), (0.171455103, -0.000728413046, 0.267000988), (0.238027105, -0.0182082637, 0.269440031), (0.0903170949, -0.0282139212, -0.135195092), (-0.246173447, -0.0155386834, 0.263644371), (-0.187974198, -0.00709915917, 0.259323133), (-0.164500247, -0.0179182391, 0.263849644), (-0.0989978552, -0.00765613542, 0.255124929), (-0.0900324841, 0.0375109517, 0.221327904), (0.0334636898, -0.00203590866, 0.283306367), (-0.0813842065, -0.109476833, -0.151132463), (-0.40759911, -0.116479059, -0.051157482), (-0.212662966, 0.0210627509, 0.235887916), (-0.173518789, 0.333597514, 0.0467494294), (-0.265410783, -0.00464967535, 0.254447689), (-0.159129248, 0.0135003257, 0.240757301), (-0.0523914725, 0.0372184779, 0.229293464), (-0.0263012408, 0.0254082226, 0.253644321), (0.0596087039, 0.0108609079, 0.280498671), (0.132557575, 0.0145174099, 0.276986279), (-0.296655333, 0.269025843, -0.0499813998), (-0.273236357, 0.0196895164, 0.243085425), (-0.220923191, -0.104796544, -0.130700741), (-0.368296257, -0.166139531, -0.0881173868), (-0.356700878, 0.159264464, -0.0404549275), (-0.016808927, 0.38836287, -0.125758334), (-0.249612237, 0.250725352, -0.00308035191), (0.215838092, -0.471621087, 0.286691729), (-0.228645903, 0.0489676991, 0.227197101), (-0.337721278, -0.110298054, -0.0966997321), (0.279583901, 0.04428625, 0.208496827), (-0.0436551563, -0.47123239, 0.358515691), (0.0607330973, -0.458654858, 0.324903122), (0.193578377, -0.462105313, 0.296364824), (0.233876917, -0.446919429, 0.284374496), (-0.303901502, 0.237139179, 0.257583565), (-0.211258216, -0.477293067, 0.305735135), (-0.170939503, -0.476069421, 0.293405864), (-0.078927891, 0.0993200404, 0.0595777357), (0.0971034786, -0.455507317, 0.31416222), (-0.0938218174, 0.28015757, -0.020569999), (0.124923353, -0.0172541471, -0.123252521), (-0.257809301, 0.225534648, 0.21411918), (-0.255631087, -0.467067635, 0.311305413), (-0.220186335, -0.463012575, 0.307867009), (-0.220287264, 0.159276194, 0.187338303), (-0.0570162701, -0.459477883, 0.358622936), (-0.0370026351, -0.448166599, 0.357492742), (-0.00526684782, -0.459152798, 0.347292961), (-0.0187609863, 0.374702129, -0.0743668021), (0.261543465, -0.096223866, 0.308261378), (0.203307931, -0.434624575, 0.296421798), (0.248081745, -0.451094237, 0.272808248), (-0.304631784, -0.128775912, -0.111970497), (0.239237862, -0.0627313672, 0.304479392), (-0.126477756, -0.106485905, -0.142127326), (0.011727566, -0.435562514, 0.340854994), (-0.261244739, 0.0853835821, 0.268844707), (-0.240860646, 0.0852429524, 0.251733058), (0.254100401, -0.428793597, 0.273182896), (0.293964677, -0.430529813, 0.216809449), (-0.167333594, 0.303700354, 0.0430775883), (0.167724483, -0.425549123, 0.299948047), (0.205266693, -0.415038952, 0.291804348), (-0.302634159, -0.0492495386, -0.103133639), (-0.11130257, 0.330865223, -0.0793036663), (-0.421442503, -0.222627827, 0.116170248), (-0.319018167, 0.0851913924, 0.335772408), (0.00831861619, -0.418085693, 0.336011647), (0.230272039, -0.424746593, 0.286751216), (0.274702399, -0.411360343, 0.256249645), (0.284027659, -0.422824825, 0.242555905), (-0.1836857, 0.301610243, 0.0559809143), (0.262031286, -0.0256943158, 0.263344615), (0.247703488, -0.399755103, 0.27182848), (0.390477408, -0.395395517, 0.211561292), (0.418122752, -0.394323972, 0.191079557), (0.44769431, -0.402678874, 0.146195212), (-0.231514698, -0.421696564, 0.294056099), (-0.0855302057, 0.402362683, -0.0314354829), (-0.114123028, 0.285653215, 0.0201903889), (0.176789494, -0.408877732, 0.309065004), (0.216192438, -0.397746006, 0.291061627), (0.294071213, -0.116136121, 0.292617835), (-0.278013063, 0.11026686, 0.272323714), (-0.128585849, 0.308507545, 0.0365332141), (-0.135889959, 0.33413567, 0.0111441976), (-0.0338167464, 0.472629986, -0.0683989324), (-0.0487486983, 0.456404718, -0.053808823), (-0.180984862, 0.260227075, 0.0588262496), (0.282275008, -0.37919229, 0.259309792), (0.415937641, -0.36995494, 0.208041488), (0.441511629, -0.39504955, 0.165186671), (-0.326783996, 0.0263466135, 0.319145166), (0.00350149994, 0.323277856, -0.052915547), (-0.303723427, 0.372336559, -0.252954062), (-0.160251386, 0.256565159, 0.0388166749), (-0.118603458, 0.353073121, -0.00772583801), (0.374580254, -0.0686792573, 0.166010212), (0.19886688, -0.371418792, 0.322740376), (0.23345071, -0.379169604, 0.298281823), (0.26088556, -0.37818294, 0.274141202), (0.329074482, -0.375241317, 0.220677476), (0.468925727, -0.367400339, 0.159062317), (-0.149118757, 0.25184156, 0.01987626), (-0.194561367, 0.102185742, 0.18347453), (-0.0702991417, -0.129361761, -0.196115932), (0.232054789, -0.354387255, 0.317122083), (0.249336198, -0.362372278, 0.3002382), (0.309920867, -0.369227945, 0.247461189), (0.409011917, -0.357269971, 0.215643485), (0.442284642, -0.366567066, 0.189542555), (-0.0803308369, 0.330313725, -0.00400675513), (-0.33449485, 0.222238872, 0.286956167), (-0.253090019, 0.256859373, 0.202049901), (0.396487299, -0.0989325675, 0.0870523518), (-0.161145951, 0.294328948, 0.0511544528), (-0.332358786, 0.0821086236, 0.347514798), (-0.304938372, -0.0943745399, -0.107195338), (-0.0101980404, 0.485202749, -0.100890588), (0.183980108, -0.344643522, 0.344138911), (-0.274392653, 0.0633505376, 0.270886287), (0.489129102, -0.336402697, 0.140193957), (0.388945949, -0.0822610477, 0.121145975), (-0.0611692299, 0.318903704, 0.00621178039), (0.204342288, -0.346757221, 0.328727129), (0.264805469, -0.355727362, 0.287247609), (0.294880446, -0.348208183, 0.269859793), (-0.21079611, 0.124659302, 0.204573953), (0.371396556, -0.096563646, 0.194253264), (0.222839545, -0.334554273, 0.324485938), (0.324664238, -0.332804586, 0.256467228), (0.342782401, -0.342593112, 0.226114342), (-0.305519711, 0.0791830482, 0.318966575), (-0.313379314, 0.193090878, 0.275789122), (0.435695346, -0.340584852, 0.202911918), (0.473530094, -0.34275849, 0.166114427), (-0.209778832, 0.251240178, 0.0822144182), (-0.341325253, 0.156455994, 0.320622165), (0.234197297, -0.323211086, 0.322626042), (0.282385539, -0.323539716, 0.289616595), (0.480024584, -0.314257767, 0.16553354), (-0.258545577, 0.1036494, 0.26365739), (0.259540426, 0.0413102102, 0.225700638), (-0.267453201, 0.184984431, 0.221834867), (0.149914713, -0.321318514, 0.362610066), (0.175347814, -0.328633774, 0.347814555), (0.257701476, -0.331908088, 0.305191822), (0.321225964, -0.311803063, 0.265944267), (-0.306442698, 0.103944322, 0.310213373), (-0.259286106, 0.0352354826, 0.244762412), (0.459220986, -0.33391551, 0.187776627), (-0.0859348868, 0.386443422, -0.0378765438), (-0.130680536, 0.320385279, 0.0199273688), (-0.252849621, 0.175032267, 0.215603398), (-0.327893244, 0.202052382, 0.292283017), (0.172674109, -0.305606654, 0.35764233), (0.201872116, -0.314322732, 0.335031105), (0.301964331, -0.309252328, 0.277315618), (0.35009186, -0.31638629, 0.231041926), (0.45594983, -0.314266919, 0.191743649), (0.489308402, -0.303070291, 0.148519018), (-0.0487601059, 0.430394662, -0.06597974), (0.0228629017, 0.361683695, -0.0814524912), (0.361045576, -0.0223026385, 0.141354507), (-0.00752884682, 0.455192737, -0.107123283), (0.249441831, -0.317589828, 0.314287639), (0.336058405, -0.312729917, 0.251923701), (-0.292246958, 0.166569476, 0.246090661), (0.47448956, -0.299446014, 0.172521846), (-0.103114916, 0.31795745, 0.0237081947), (0.180543251, -0.280800844, 0.357467929), (0.191547753, -0.296143407, 0.347536002), (0.237999134, -0.298413655, 0.318395033), (0.340118815, -0.280249862, 0.253054024), (0.36548102, -0.29512716, 0.213773471), (-0.321615048, 0.141487177, 0.302677501), (-0.159839808, 0.319845898, 0.0323521541), (0.321253162, -0.016050867, 0.215252532), (0.267292591, -0.299424424, 0.30089675), (0.27655121, -0.271626269, 0.292505692), (0.323311435, -0.277767573, 0.265609385), (0.384873036, -0.280004372, 0.183533953), (0.460918597, -0.292962287, 0.18343702), (0.00173931011, 0.342210021, -0.0500470098), (-0.0070301333, 0.328598197, -0.0336751177), (0.373287066, -0.0816045608, -0.0160699764), (0.259008649, -0.258295769, 0.312549167), (0.353853996, -0.286637945, 0.235982013), (0.173667089, 0.0777512287, 0.233316557), (0.484619734, -0.279788207, 0.15121064), (0.355137516, -0.165016426, -0.0837627632), (0.328225741, -0.0844228271, 0.251822966), (-0.0938064138, 0.309011092, 0.0218816839), (-0.267201008, 0.198776264, 0.218632866), (-0.322355449, 0.0603398883, 0.341407265), (-0.3305587, 0.0407164975, 0.339222477), (0.215063662, -0.282826054, 0.338311542), (0.297524569, -0.281279965, 0.282107921), (0.346920989, -0.104430339, -0.0656859128), (0.471860712, -0.273867257, 0.164035273), (-0.286769487, 0.225877134, 0.24890622), (0.162337179, 0.0206837209, 0.266016257), (0.184377313, -0.252849815, 0.359132735), (0.299966318, -0.254614969, 0.278012193), (0.342198292, -0.250918121, 0.248756568), (0.365434229, -0.256885411, 0.220433468), (-0.296226805, 0.178056837, 0.245946422), (0.0063507022, 0.418256936, -0.110672733), (-0.48639185, 0.0296379422, 0.119230072), (0.102160671, -0.0563411572, 0.295002353), (-0.302348194, 0.0166895657, 0.254506468), (-0.285482294, 0.0442354634, 0.265123046), (0.243573537, -0.263068543, 0.325380632), (0.273650125, -0.255237813, 0.296612699), (0.320827663, -0.236223603, 0.270488438), (0.379977033, -0.260605718, 0.192063965), (-0.24952465, 0.125082738, 0.24542992), (-0.154689357, 0.349367766, 0.03368891), (0.0679699215, -0.0575954171, 0.295208335), (0.0374711216, 0.361300025, -0.0938731517), (-0.087333579, 0.350147545, -0.0247930803), (0.276565775, -0.0597003517, 0.278523732), (-0.314510024, 0.0202506818, 0.282296953), (0.293991359, -0.086622503, 0.281903744), (0.206652818, -0.248654382, 0.349316367), (0.295072442, -0.232435301, 0.28957032), (0.397484275, -0.223230369, 0.158788598), (-0.395879923, 0.254395775, -0.00657179767), (-0.188800446, 0.275945832, 0.0675772603), (-0.229236909, 0.236377638, 0.131586863), (-0.0308798278, 0.306017522, -0.0346746716), (0.218985246, -0.239023694, 0.343575232), (0.254501859, -0.225599097, 0.327371876), (0.336898123, -0.238956409, 0.257571126), (-0.468422244, 0.182050412, 0.171074043), (-0.234700329, 0.142220488, 0.222098597), (-0.135189968, 0.292386814, 0.0377183193), (-0.475308976, 0.160904328, 0.149284168), (-0.300116036, 0.130303568, 0.278115635), (0.198989657, -0.215915239, 0.359009378), (0.224998553, -0.221362095, 0.347839626), (0.380323838, -0.201673352, 0.19766447), (-0.227605681, 0.203958875, 0.14174198), (0.295592489, 0.00865601155, 0.227431248), (-0.244462753, 0.209586836, 0.196332161), (0.275229857, -0.223105788, 0.308708145), (0.310001365, -0.220712118, 0.284748306), (0.356066368, -0.22237499, 0.235454297), (0.407017256, -0.232493048, 0.12784664), (-0.198865076, 0.132910503, 0.174052402), (0.0345024936, 0.394160463, -0.116787871), (-0.127910091, 0.362520191, 0.0077378257), (-0.192400555, 0.315967559, 0.0598363732), (-0.185416503, 0.23513369, 0.0459765459), (0.375354362, -0.114642623, -0.0385180784), (-0.306050842, 0.157794619, 0.267002535), (-0.285694141, 0.139407249, 0.260365932), (-0.20007016, 0.0773248925, 0.195382685), (-0.210983401, 0.095131182, 0.214364992), (-0.350185893, 0.18061189, 0.317971597), (0.173464909, -0.217098604, 0.365682781), (0.223630023, -0.197451431, 0.349587959), (0.248400707, -0.192720162, 0.334544444), (0.2711563, -0.20255348, 0.319084067), (0.307334943, -0.200783943, 0.289193481), (-0.294156673, 0.197828076, 0.247797746), (-0.292372248, 0.299792304, -0.105411042), (0.241416978, -0.0385710885, 0.286718024), (-0.301638472, 0.0358442766, 0.283931274), (0.201243793, -0.193784552, 0.356007622), (0.293763722, -0.177879922, 0.296531621), (0.394761845, -0.182432343, 0.167796571), (0.401798875, -0.172819765, 0.136525016), (-0.211814677, 0.067576068, 0.216845219), (-0.07976632, 0.425670031, -0.0266941597), (-0.266837639, 0.145378341, 0.2474938), (0.359616786, -0.0842021505, -0.0405884033), (-0.244426274, 0.0680569289, 0.250927499), (0.193284872, -0.167194576, 0.35156206), (-0.0201437594, 0.352827631, -0.0548324167), (0.238167864, 0.0537784993, 0.230431134), (-0.251735798, 0.0489185883, 0.249651584), (0.224582658, -0.17098436, 0.340090038), (-0.302633127, 0.315603481, -0.313700114), (-0.0111292774, 0.427812218, -0.1002923), (0.293474084, -0.0422303618, 0.254690021), (0.375194075, -0.0471180507, 0.116404201), (0.265614509, -0.0782169439, 0.297563142), (0.24314372, -0.153658481, 0.328149271), (0.304498953, -0.162371273, 0.286759337), (0.321159774, -0.169962958, 0.277902886), (0.346585269, -0.195131685, 0.249296529), (-0.392633129, 0.0219511287, 0.319918178), (0.296797122, -0.023418589, 0.245377587), (-0.233807375, 0.176553607, 0.191730372), (-0.297692783, 0.063429231, 0.301095836), (-0.313210585, 0.0474776813, 0.323653567), (0.323375691, 0.0137016672, 0.188647475), (0.355856391, -0.146063057, 0.236325724), (-0.290959957, 0.352150391, -0.355540618), (-0.0391576472, 0.411030489, -0.077010409), (0.390354115, -0.140261984, -0.0134611079), (0.361514707, -0.0573170579, 0.18711608), (0.178765013, -0.155489761, 0.362304831), (0.263661612, -0.165380826, 0.32079676), (0.345188639, -0.0706209402, 0.221191722), (-0.226482384, 0.0999419177, 0.232471683), (-0.0952653668, 0.36263098, -0.0273895099), (0.157524638, -0.15291215, 0.371232306), (0.216370191, -0.138620638, 0.335173282), (0.330018545, -0.149653433, 0.27105405), (0.34122774, -0.165724989, 0.254056414), (0.374193941, -0.0421641073, 0.0268003732), (0.267898679, 0.00424177177, 0.246267189), (-0.0373859832, 0.337405215, -0.0295788739), (0.0251814878, 0.442367846, -0.136263156), (-0.0524515398, 0.387720369, -0.0634666441), (-0.204098861, 0.228430512, 0.0634729602), (0.189065787, -0.132502793, 0.353681173), (0.275031481, -0.139667304, 0.310245985), (0.319396295, -0.136529624, 0.281631443), (-0.042168361, 0.327931141, -0.010982106), (-0.488492788, 0.0598436883, 0.182297997), (-0.370677489, 0.177007979, -0.0334341395), (-0.487875745, 0.0719392634, 0.198109175), (-0.390421207, 0.306070758, -0.0815380807), (-0.490506011, 0.0832515786, 0.244945128), (0.291469305, -0.142704249, 0.294642271), (0.335477905, -0.124492376, 0.262093255), (0.209857784, -0.109238755, 0.331411662), (0.358253541, -0.0979552488, 0.219145759), (-0.288158254, 0.0875403344, 0.287091834), (-0.33091369, 0.11171621, 0.332762919), (-0.0245934467, 0.465476173, -0.0826044047), (0.205840169, 0.0358469835, 0.248224018), (-0.218597773, 0.274621386, 0.0857116), (0.302718072, -0.0622979414, 0.263516245), (-0.455182038, -0.0946345954, 0.035534498), (-0.278485416, 0.210697566, 0.238026171), (-0.269416797, 0.233433824, 0.227450647), (0.317173933, -0.105806216, 0.273090474), (-0.381008425, 0.256664992, -0.0989936982), (0.228135847, -0.482465818, -0.0463778756), (0.219198124, -0.482688428, -0.0850925585), (0.393965309, -0.124612898, 0.151971536), (0.355355744, -0.459670589, 0.0294927688), (0.251314295, -0.472918335, -0.00392928632), (0.234835094, -0.463517089, -0.0710586519), (0.260912178, -0.453665725, 0.248976664), (0.40921893, -0.436246328, 0.0518642398), (0.247628984, -0.467234367, -0.0207521989), (0.215516809, -0.463761483, -0.118605037), (-0.473405125, 0.0226226324, 0.252659655), (-0.475595714, 0.0230600541, 0.0757868917), (-0.294799626, 0.42950493, -0.363108006), (0.036793624, 0.44965333, -0.157993608), (-0.293004309, 0.270988666, -0.135967524), (-0.164192305, -0.0977730489, -0.13586144), (0.387306794, -0.440120929, 0.0228520419), (0.39044022, -0.422934841, 0.00141799501), (0.24811803, -0.449381545, -0.0514354545), (0.0362022315, 0.350266262, -0.0945443332), (-0.293709649, 0.27698934, -0.177333032), (0.0486718095, 0.432494698, -0.172648039), (0.375602623, -0.158827493, -0.0494668316), (-0.415495128, -0.00875603783, 0.199298018), (0.427795976, -0.42754185, 0.103540254), (0.449788095, -0.402201493, 0.0420488386), (0.249926173, -0.433732717, -0.0841327057), (0.22755019, -0.463129809, -0.100891426), (-0.117941364, 0.269925371, 0.00869735617), (0.422468868, -0.418202412, 0.0243918151), (0.313959493, -0.0662732128, -0.0846789189), (0.0166170596, 0.332054389, -0.0764814041), (-0.205355698, 0.169066782, 0.0534203188), (0.0465140905, 0.413175962, -0.173425047), (0.448588618, -0.409985433, 0.0767597633), (0.439771546, -0.397448247, 0.0162566234), (0.262388854, -0.0781860723, -0.12454964), (0.266615609, -0.425516769, -0.0601870453), (0.23948058, -0.428531157, -0.122287383), (-0.032750938, 0.00464825745, -0.117383002), (-0.238664451, 0.255633987, 0.171107299), (0.457046768, -0.402037791, 0.122237435), (0.473909188, -0.384361432, 0.078044637), (0.404375776, -0.399680664, -0.0153990527), (-0.431923736, 0.00604527401, 0.193393309), (0.29652495, -0.404118492, -0.0452819691), (0.291672838, -0.400141029, -0.073247178), (0.279958033, -0.403107595, -0.0963234734), (0.250329436, -0.419958672, -0.103417863), (0.231509865, -0.405939202, -0.132975759), (0.00656493375, -0.0607336773, -0.143348652), (-0.29462226, 0.399449224, -0.330665719), (-0.293535827, 0.240411237, -0.0398155843), (0.402161019, -0.141797825, 0.0941377187), (-0.210247254, 0.210637112, 0.0673830082), (-0.425118469, 0.00947703913, 0.294560162), (-0.2279298, 0.257694322, 0.122010249), (-0.301728315, 0.244012248, -0.120443987), (-0.223588904, 0.179241169, 0.162055758), (-0.288199245, 0.419063269, -0.381217661), (0.472583453, -0.386875495, 0.109866207), (0.464417841, -0.378557587, 0.0302175082), (0.432581061, -0.369727239, -0.0124669678), (-0.2957036, 0.369220082, -0.285072489), (0.472553033, -0.380080926, 0.138069945), (0.475052594, -0.377514337, 0.0563040662), (0.448925755, -0.375448459, 0.00555277991), (-0.14256536, -0.492304421, -0.177625893), (0.29995968, -0.385592748, -0.0806178002), (-0.335109831, -0.483601555, -0.0240042132), (0.487414348, -0.352213552, 0.12973889), (-0.0603235824, 0.0834428015, -0.0192788092), (-0.235507436, 0.218221257, 0.165917662), (0.483233932, -0.369501986, 0.107403769), (0.493679654, -0.343600464, 0.0955469807), (0.459854593, -0.348727778, 0.00528930862), (0.280848731, -0.378511248, -0.120855177), (0.0522351814, 0.404506545, -0.162584634), (-0.388238288, -0.246108095, 0.179733663), (-0.298203871, 0.31465581, -0.267271162), (0.338410441, -0.348480226, -0.0484474271), (0.318390296, -0.363790434, -0.0613813668), (0.299954911, -0.37132521, -0.0950164934), (0.490072971, -0.346677303, 0.0704782159), (0.478363838, -0.348936724, 0.0354914455), (0.295591844, -0.354103224, -0.106727754), (-0.0027300988, -0.0962809042, -0.197236329), (-0.445417101, -0.00299750153, 0.0589104856), (0.498814959, -0.312425842, 0.110040673), (0.491962063, -0.319983305, 0.0471900091), (0.477620859, -0.323592372, 0.0217254572), (0.358536154, -0.324267743, -0.031857501), (0.305902414, -0.340634414, -0.0969075831), (-0.0706452378, 0.0678813028, -0.0485502892), (-0.460132372, -0.0451576774, 0.122398688), (0.5, -0.312623381, 0.0769935232), (0.339753513, -0.323774378, -0.0675708798), (0.264584148, -0.346067027, -0.146768816), (-0.291014482, 0.377033605, -0.329589792), (-0.475364081, 0.0168019664, 0.113582003), (-0.461902361, 0.00702491286, 0.0912702771), (0.492132018, -0.303260741, 0.0478822013), (0.307691995, -0.319896426, -0.107312057), (-0.494813908, 0.0940539015, 0.178497707), (-0.492326592, 0.0647478764, 0.253906826), (0.0487963268, 0.405980837, -0.146400549), (-0.418529108, -0.214564239, 0.159809227), (-0.130136901, 0.260934284, -0.00357674523), (0.495583698, -0.286541206, 0.129000294), (0.493931653, -0.281838102, 0.0644254657), (0.370632116, -0.294392109, -0.0264874044), (0.332218414, -0.302216136, -0.0848449419), (-0.290532847, 0.321292798, -0.156767899), (-0.385004513, 0.279041039, -0.0735791595), (0.353906652, -0.292223369, -0.0622569191), (0.313936549, -0.293220796, -0.109507801), (-0.427680289, 0.235821049, 0.02937663), (-0.452793524, -0.0291658465, 0.0724892469), (-0.352202853, 0.456950286, -0.348005649), (-0.443617208, 0.0931815718, -0.00806471572), (0.499678846, -0.285811955, 0.0996208604), (0.365498486, -0.270568646, -0.0521242308), (0.333738466, -0.273346115, -0.0915249832), (-0.483511196, 0.111630492, 0.24452891), (-0.294050267, 0.344893523, -0.310552122), (-0.350402251, 0.240066945, -0.168270213), (-0.216319404, 0.174044894, 0.0221377434), (-0.217143654, 0.202669426, 0.114553328), (0.494250229, -0.268368905, 0.113779091), (-0.287486493, 0.403039278, -0.365969132), (0.269346224, -0.285227265, -0.142344135), (-0.374144314, 0.256369941, -0.169314302), (-0.292763008, -0.321526236, 0.141348706), (-0.291320941, -0.475111566, 0.292610423), (0.484504756, -0.25113912, 0.0938068972), (-0.124544516, 0.0819411183, -0.0438937821), (0.29658128, -0.272640646, -0.122044343), (-0.160357148, 0.100530023, -0.0356863421), (-0.37010846, 0.349429186, -0.236905516), (0.0452196138, 0.381104777, -0.1500033), (-0.469048117, 0.0685111719, 0.032258315), (-0.293318824, 0.345181743, -0.252268122), (0.388733457, -0.120089995, -0.00750548372), (-0.203877926, 0.176571976, 0.0949169827), (-0.467341548, 0.17000021, 0.2058596), (-0.37013192, 0.298879113, -0.152648518), (0.349185888, -0.23884852, -0.0718816774), (0.27792496, -0.257234536, -0.144344725), (-0.201230774, 0.219861443, 0.0369435023), (-0.484784404, 0.038427494, 0.240559311), (-0.351282379, -0.233656369, 0.241378147), (-0.291690561, 0.30178748, -0.208188176), (0.0457548059, 0.36888346, -0.115223478), (0.387620858, -0.247982943, -0.00482211112), (0.377504282, -0.261569632, -0.0301453887), (0.324223208, -0.240675997, -0.100235971), (0.299471794, -0.249074016, -0.127611334), (-0.0815894151, 0.29227828, 0.00187417158), (-0.448543309, -0.0345412925, 0.0481075182), (-0.245617953, 0.23504997, 0.192842133), (0.393174315, -0.160794183, -0.00409118453), (0.387119502, -0.221336637, -0.0154816775), (0.192691095, -0.12262552, -0.17909026), (-0.323979458, -0.122508672, -0.102756929), (-0.477063948, 0.0813100246, 0.0488666739), (0.402301649, -0.228594408, 0.0263577956), (-0.491359714, 0.0651666076, 0.0818455068), (0.395957134, -0.111876497, 0.124480743), (0.0358175299, 0.350750539, -0.108008502), (0.401600369, -0.149523245, 0.0346019721), (0.406379524, -0.211260987, 0.0541143801), (0.367895959, -0.241789241, -0.0503085476), (0.386822066, -0.0687437073, 0.0418769507), (-0.22111132, 0.225892022, 0.101584327), (0.396327012, -0.11255799, 0.0240329579), (0.388139036, -0.117895604, 0.167703311), (0.370923301, -0.0296835083, 0.0579383874), (-0.443494238, -0.0894297484, 0.00526636445), (0.37073066, -0.204160797, -0.0433795362), (0.33732375, -0.219709792, -0.0834786679), (-0.489405012, 0.0681750656, 0.220257584), (-0.293103497, 0.2675511, -0.0850124472), (0.398049371, -0.188260356, 0.0134923016), (0.351996807, -0.19628102, -0.0760983782), (0.326537476, -0.202993222, -0.104088078), (-0.478498603, 0.205245038, 0.149600488), (-0.368677027, 0.438467466, -0.337937088), (-0.289817389, 0.32564362, -0.209875282), (-0.212340846, 0.199615788, 0.0436713655), (0.372947544, -0.126916467, 0.202185117), (-0.361664296, -0.290640543, 0.130684371), (-0.477888971, 0.185620874, 0.121509988), (0.384636247, -0.0593918299, 0.0706215525), (-0.358693927, 0.425071742, -0.33548219), (-0.380654981, 0.261409087, -0.0485864456), (-0.441282252, -0.0481765118, 0.0185346704), (-0.388148123, 0.0245855193, -0.0202021188), (0.406561015, -0.202701071, 0.104850972), (0.37965981, -0.184454395, -0.0334290479), (0.343677224, -0.181498786, -0.0950463981), (-0.132891942, -0.417148655, -0.146588292), (-0.440502988, 0.190141714, 0.0255422462), (-0.299772646, 0.353698736, -0.202455613), (-0.288675078, 0.300741135, -0.157666202), (0.404225737, -0.148987215, 0.0638434184), (0.395928453, -0.167405972, 0.0148809397), (-0.180730865, 0.232928278, 0.0205836624), (-0.304998762, 0.44717478, -0.368963926), (-0.323986483, 0.454847994, -0.355353391), (-0.3093142, 0.442769627, -0.350613937), (-0.306589708, 0.404804368, -0.30770582), (-0.345327335, 0.45475119, -0.333143754), (-0.376828783, 0.271827417, 0.231093744), (0.00340115141, 0.117892962, 0.117078927), (-0.292057024, 0.295534548, 0.125784887), (-0.252708025, 0.281411959, 0.173058005), (-0.131974819, 0.404344131, 0.00397008312), (-0.369671167, 0.44934352, -0.317818593), (-0.401130851, 0.291452161, 0.107142038), (-0.359016499, 0.286430481, 0.200252972), (-0.328290965, 0.432689015, -0.315119495), (0.0597200734, -0.0640628382, 0.315617499), (-0.275683327, 0.28726008, 0.179528584), (-0.390449888, 0.279152215, 0.208671164), (-0.416964329, 0.287305389, 0.136502394), (-0.357197658, 0.31460831, -0.0254059346), (0.0199299146, 0.481818225, -0.15511347), (-0.171852694, 0.0925403595, 0.154687263), (-0.337091408, 0.292872251, 0.0201041549), (-0.367024725, 0.291568687, 0.0246935696), (-0.331218474, 0.414060602, -0.282829502), (-0.278759071, 0.274882408, 0.221513713), (-0.0429151423, 0.10312568, 0.116628809), (-0.360767539, 0.440783925, -0.301152165), (-0.385376841, 0.434259144, -0.294122483), (0.197907801, 0.114433548, 0.171388494), (-0.448356856, -0.00700950933, 0.086768321), (-0.0938264578, 0.0725500554, 0.176936665), (-0.208197618, 0.170894324, 0.134031964), (-0.168406557, 0.123301728, 0.0692987178), (-0.312708069, 0.281970095, 0.0154430075), (-0.13409245, 0.0907009587, 0.166253704), (0.16955905, 0.130612219, 0.143061334), (0.0966950594, 0.135472903, 0.114997517), (0.131632397, 0.132863197, 0.145984654), (-0.489006647, 0.0442544761, 0.0861810532), (-0.315410905, 0.293249863, 0.177236422), (-0.449609956, 0.208424095, 0.0639017456), (-0.347583083, 0.293547686, 0.0540611444), (0.0561793234, 0.12988213, 0.118294904), (-0.177143453, 0.102561034, 0.143578222), (-0.344300841, 0.266063789, 0.246206284), (0.0102483114, 0.480045143, -0.132605558), (-0.00302875975, 0.495252941, -0.119202101), (-0.430268598, 0.273309379, 0.0590550468), (-0.459717895, -0.0812871449, 0.0461530098), (-0.46145134, 0.185854505, 0.07813216), (-0.328564039, 0.296415321, 0.101563961), (0.0658314085, 0.104822711, 0.204362042), (-0.463687366, 0.168232478, 0.0556205748), (-0.389315698, 0.298058601, -0.11272469), (-0.492240616, 0.0519285931, 0.16012342), (-0.0432203771, 0.106774834, 0.0804281241), (-0.320611563, 0.396742069, -0.261959972), (-0.337299904, 0.401686732, -0.24188743), (0.476807501, -0.25164647, 0.0613113742), (-0.377612494, 0.447123155, -0.328177629), (-0.0968555397, 0.104655012, 0.0740895385), (0.0503478298, 0.124837763, 0.151515811), (0.329511131, 0.0114731177, -0.00488778559), (-0.416437644, -0.0841246173, -0.0347534294), (-0.0418796898, 0.471065206, -0.105960413), (-0.288998939, 0.294326241, 0.0810914427), (-0.464204705, -0.126770681, 0.146217318), (0.484495475, -0.271239892, 0.0464492216), (-0.169147667, 0.114065152, 0.118101425), (0.307017076, 0.0347345134, -0.010932544), (-0.462946772, -0.0984263778, 0.0606862099), (-0.482822291, 0.0447708489, 0.208119537), (-0.356298324, 0.417928628, -0.260687409), (-0.339907741, 0.276698413, 0.227817496), (0.495487796, -0.270842429, 0.0833773526), (-0.150041035, 0.103963206, 0.135921765), (0.319805294, 0.0412691556, 0.0382067208), (-0.361064009, 0.225272143, -0.0913411075), (-0.441284765, -0.0298742157, 0.159663119), (-0.381869089, 0.00570568736, -0.0308711593), (-0.449453922, 0.266790784, 0.176319751), (0.468481925, -0.242162277, 0.0783190003), (-0.243888504, 0.290518797, 0.0908400094), (0.345005408, 0.00653908933, 0.0344763592), (0.311310407, 0.0457514545, 0.0204162859), (-0.399272051, -0.0961120454, -0.0587680513), (-0.467953822, 0.215102847, 0.208862967), (-0.0263620815, 0.488533134, -0.0873624848), (-0.348434015, 0.330062822, -0.0531724444), (-0.348796224, 0.394523252, -0.201608934), (-0.090039638, 0.0998186895, 0.116506354), (-0.242675685, 0.27600055, 0.154598966), (0.0982658974, 0.112105552, 0.197958813), (0.296027268, 0.0652329265, 0.0489433693), (0.274084582, 0.0713724263, 0.00932020024), (-0.467378993, -0.0683554609, 0.0960328042), (-0.377861464, 0.391875455, -0.202357456), (-0.0760200393, 0.05709361, 0.202182216), (0.244075666, 0.0955444349, 0.0166414539), (-0.486209907, 0.0516593213, 0.275098025), (0.123810045, -0.0643539585, 0.312068693), (-0.256683489, 0.274254408, 0.200512061), (-0.26079011, 0.289441646, 0.134086102), (-0.126652222, 0.0763456403, 0.187890317), (-0.369345438, 0.408640428, -0.23527171), (0.440437507, -0.236249383, 0.0913962122), (-0.317707385, 0.291135325, 0.0556747127), (0.340958211, 0.0161644922, 0.0771726295), (0.216010496, 0.107924943, 0.010992418), (-0.41226754, 0.211789154, -0.000315901304), (-0.483095945, 0.213928118, 0.124214178), (-0.451304989, 0.274909799, 0.109588815), (-0.315851614, 0.370525709, -0.18739721), (-0.395829072, 0.377591419, -0.206768151), (-0.35941306, 0.240909564, 0.278400181), (0.484926194, -0.257491305, 0.124142703), (0.474663188, -0.245784943, 0.120016361), (0.462236147, -0.238408971, 0.107669109), (0.414076005, -0.234994414, 0.0896645717), (0.187679276, 0.121711878, 0.0181483575), (-0.405968978, -0.0427711611, -0.0331612585), (-0.385761156, 0.289668252, 0.0609109468), (0.248442406, 0.0710985786, 0.208566884), (-0.376772196, 0.252857484, 0.262042082), (-0.0587705971, 0.46774726, -0.077719036), (-0.329873919, 0.384088358, -0.194285747), (0.21675747, 0.0948606212, 0.192755835), (0.456416963, -0.240199132, 0.12993282), (0.433899835, -0.236886019, 0.113748671), (-0.275727282, 0.296987959, 0.0606039074), (0.271619759, 0.0876167075, 0.0738863279), (0.232429372, 0.107895232, 0.0453564732), (-0.476656882, 0.206760449, 0.177175388), (-0.191723573, 0.148587561, 0.118406724), (-0.0470880171, 0.474711783, -0.0648527042), (0.164213574, 0.121119325, 0.178134081), (0.124341499, 0.126854659, 0.169692623), (0.477870152, -0.262119389, 0.145887399), (-0.44166908, 0.278721174, 0.140891112), (0.320175172, 0.043578912, 0.0694642252), (0.264550441, 0.0878105729, 0.0409818701), (-0.19956816, 0.147375902, 0.156976073), (-0.301245521, 0.342668583, -0.157455838), (-0.320988917, 0.352030579, -0.123669705), (-0.333228087, 0.368442301, -0.144866061), (-0.360651143, 0.383516365, -0.164548101), (0.418973877, -0.241393196, 0.119083449), (-0.0682032947, 0.0843624375, 0.149144376), (-0.182243053, 0.135934365, 0.0813875901), (0.296817424, 0.0671829235, 0.0888222756), (0.196433187, 0.125804061, 0.0542346436), (0.162554955, 0.133778064, 0.0499983501), (0.114522166, 0.132058346, 0.0262237397), (0.128132959, -0.0763448025, 0.335255005), (-0.229566506, 0.276799858, 0.0928699886), (-0.34518677, 0.379719104, -0.158946371), (0.458626951, -0.249329044, 0.147355181), (0.399346233, -0.252144732, 0.154763313), (0.232801183, 0.111050571, 0.0823578193), (-0.4929156, 0.108005054, 0.0965928741), (-0.455043858, -0.0271531399, 0.097501038), (-0.0389975536, -0.125792847, 0.346500356), (-0.291948877, 0.283025462, 0.208299739), (-0.187231864, 0.0681677183, 0.18785416), (0.435568573, -0.244895469, 0.14283679), (-0.469237084, 0.190501667, 0.198446634), (-0.235385561, 0.274442215, 0.114051392), (0.010142678, 0.114049426, 0.148411838), (0.325242354, 0.0360220939, 0.120286471), (0.262962588, 0.0936757094, 0.109566128), (-0.434173554, -0.0798930286, -0.0115618331), (-0.12517967, 0.113575139, 0.073037329), (-0.144295453, 0.116841075, 0.042001339), (-0.108747904, 0.4356269, -0.0431665292), (-0.371797499, 0.298670424, -0.00717453336), (-0.193058524, 0.14623675, 0.0618947749), (-0.439352557, 0.277586662, 0.0911110858), (0.0382484521, 0.108044047, 0.187276689), (0.0882539239, 0.132612293, 0.0459213123), (-0.463779916, -0.0845294273, 0.14540744), (-0.309427374, -0.487385281, 0.109504965), (-0.306133596, -0.483803089, 0.165986365), (-0.321774046, -0.478587028, 0.227712507), (0.23614014, -0.0878714781, -0.137301638), (-0.140950051, 0.325788116, -0.0700924831), (-0.387274955, 0.130614861, -0.0352846901), (-0.359236918, -0.481786967, 0.0548607102), (-0.337770711, -0.481429012, 0.087164688), (-0.305234842, -0.478554803, 0.123549442), (-0.322271148, -0.469035743, 0.224147524), (-0.297291647, -0.458182891, 0.284803861), (-0.354161487, -0.472827912, 0.0656031591), (-0.311747958, -0.469604449, 0.176825038), (-0.319615038, -0.466879184, 0.200466431), (-0.307799369, -0.454456139, 0.2635602), (-0.279358068, -0.444388094, 0.295026586), (-0.280470732, -0.462170215, 0.301162992), (-0.128613047, -0.13850031, -0.144281049), (-0.146262272, -0.46791541, 0.285855813), (-0.355861676, -0.467779227, 0.0351974249), (-0.35378381, -0.455609148, 0.0483165938), (-0.350382916, -0.456219424, 0.0618492088), (-0.336425318, -0.462010894, 0.0789586658), (-0.32516669, -0.464109062, 0.0967794566), (-0.285673388, -0.466378408, 0.136589788), (-0.144231648, -0.436623876, 0.276866144), (-0.118234353, -0.461249032, 0.317190013), (-0.078307496, -0.456737408, 0.353129869), (-0.00917180429, -0.0815832279, 0.311487806), (-0.322993696, 0.0814396334, -0.0478571302), (-0.302617079, -0.46341326, 0.116498169), (-0.306877993, -0.443860958, 0.191582202), (-0.445062369, -0.0846070894, 0.186242397), (-0.133413406, -0.450705153, 0.295044117), (-0.113001084, -0.446182509, 0.321657166), (-0.092627947, -0.450238342, 0.340261604), (-0.342851105, -0.438774312, 0.0526687682), (-0.409763081, -0.0796104801, 0.226399791), (-0.0610492241, -0.209602755, 0.321208401), (-0.133415468, -0.434497351, 0.2866131), (-0.0604326962, -0.436029712, 0.353169377), (-0.340530456, -0.440010526, 0.0300648908), (-0.324542106, -0.439420229, 0.0755559676), (-0.455046758, -0.0522100459, 0.15147424), (-0.0460402546, -0.202068688, 0.354584117), (-0.284234156, -0.430032195, 0.28461599), (-0.0929179072, -0.427338124, 0.33039084), (-0.379794575, -0.0426188015, 0.242030316), (-0.294049622, -0.439981846, 0.103951509), (-0.285196394, -0.423827408, 0.0896124961), (0.27491676, -0.132394968, -0.13676), (-0.392140087, -0.180060328, 0.240268835), (-0.280875735, -0.41397179, 0.267924813), (-0.0527277722, -0.182878658, 0.353851515), (-0.113773709, -0.422720609, 0.302304014), (-0.0840562359, -0.408423554, 0.317281725), (0.0108355146, -0.065886771, 0.29635709), (-0.325508597, -0.425215659, 0.0585082537), (-0.26458099, -0.410600543, 0.0808516245), (-0.225667866, 0.346565676, 0.0208247051), (-0.247315757, -0.398101254, 0.257799988), (-0.399901082, 0.0549164271, 0.335817201), (-0.0672100569, -0.142830571, 0.318331034), (-0.378553527, 0.319785444, -0.0577238336), (-0.124713633, -0.410209719, 0.272127979), (-0.0556744871, -0.125516808, 0.324406084), (-0.407642936, 0.04222179, 0.323826873), (-0.230168919, -0.403295918, 0.10531572), (-0.0982394085, -0.384708882, 0.263108986), (-0.0946573462, -0.407470146, 0.301209783), (-0.0226908204, -0.104108476, 0.342040937), (-0.356693144, -0.119854366, 0.27698673), (-0.23745537, -0.391821962, 0.0881940177), (-0.422811355, 0.0754880696, 0.327710432), (-0.212385767, -0.389372027, 0.248257081), (-0.100098789, -0.396238909, 0.283619787), (-0.0407461445, -0.100780733, 0.314780746), (-0.448225571, -0.118786818, 0.182350395), (-0.263679464, -0.395949013, 0.0564502387), (-0.452242219, -0.136897247, 0.169903696), (-0.486190508, 0.094949111, 0.272422064), (0.00604546736, -0.084631387, 0.332700983), (-0.0703743548, -0.384449406, 0.288883799), (-0.44546473, 0.209340831, 0.266384911), (-0.375720824, -0.129411581, 0.264652433), (-0.468099994, 0.239447968, 0.188046995), (-0.235161919, -0.375273864, 0.0851552038), (-0.215055928, -0.365371133, 0.114319375), (-0.445898349, 0.23560353, 0.234013132), (-0.342463954, -0.155170283, 0.28137519), (-0.216542143, -0.375882464, 0.228923972), (-0.428580203, 0.25428563, 0.227012968), (-0.0797504009, -0.373090494, 0.25212543), (-0.463800475, 0.0599153566, 0.309632615), (-0.392452669, 0.409429295, -0.257776528), (-0.429348188, -0.103284355, 0.208693463), (-0.253073585, -0.365317188, 0.0570645109), (-0.400458445, 0.24503423, 0.263892375), (-0.329351746, -0.143953611, 0.290084308), (-0.176015515, -0.111298381, -0.134641983), (-0.449888121, 0.142531717, 0.311069397), (-0.488875041, 0.0688795033, 0.277855966), (-0.219687235, -0.370104078, 0.102720644), (-0.212443708, -0.347460886, 0.226261224), (-0.47029445, 0.121782321, 0.286836032), (-0.0725282713, -0.358354019, 0.246644157), (-0.0584320416, -0.344573465, 0.262082427), (-0.431178953, 0.0780543367, -0.0144875374), (-0.416698795, 0.12870115, 0.345451111), (-0.223368872, -0.34980074, 0.112030822), (-0.398280489, 0.414173131, -0.290832314), (-0.232722296, -0.34229284, 0.144823331), (-0.233164939, -0.326111397, 0.178488813), (-0.227700487, -0.347062778, 0.18145699), (-0.199238498, -0.310703031, 0.246121919), (-0.430132222, -0.186797794, 0.183658664), (-0.00992006791, -0.339412572, 0.330275474), (-0.407768227, -0.126108071, 0.232505261), (-0.431888224, -0.153489171, 0.197896941), (-0.249007697, -0.326971932, 0.157910274), (-0.421675683, 0.225476449, 0.271220395), (-0.0476076768, -0.244160869, 0.316857451), (-0.0551197667, -0.306689863, 0.271491665), (-0.479064667, 0.081645422, 0.293875059), (-0.188680247, 0.374094624, 0.0143059819), (-0.457777952, 0.215015582, 0.23968885), (-0.452372924, 0.180268372, 0.282283032), (0.00699223675, -0.317931413, 0.347048052), (-0.431832346, 0.0996269509, 0.334641763), (-0.296378585, 0.0166856987, -0.0781337712), (-0.413981393, -0.164055865, 0.222923684), (-0.462510252, 0.0392654075, 0.302109697), (-0.0223484624, -0.308625875, 0.320279936), (0.0269476735, -0.312697692, 0.360315971), (-0.346034093, -0.182617572, 0.271283621), (-0.432341114, 0.149276917, 0.326089581), (-0.256249935, -0.398283905, 0.245485347), (0.172373256, -0.00615967263, -0.115948927), (-0.252176055, -0.478448203, 0.308446801), (-0.381559343, 0.344552389, -0.106592731), (-0.431801861, -0.0467007375, 0.190260012), (-0.460503088, 0.108110494, 0.306933516), (-0.401690019, -0.025484338, 0.216119706), (-0.460207392, -0.100975372, 0.162583152), (-0.46603431, 0.182786302, 0.252263739), (-0.0162449257, -0.11619722, 0.356426869), (-0.267240451, -0.123915098, -0.125460962), (-0.0660321701, -0.278027371, 0.265239829), (-0.0297467982, 0.448723962, -0.13051274), (0.0578554726, -0.00587680191, -0.133433289), (-0.0463235765, -0.155694067, 0.355755172), (-0.281535122, 0.293419817, 0.0374882331), (-0.448496325, 0.0743222994, 0.321570997), (-0.369192047, 0.256023973, -0.200618339), (-0.024360718, -0.197090834, 0.37056222), (-0.43205096, 0.187714852, 0.298893711), (-0.0395281054, -0.480281159, 0.35027087), (-0.446978336, 0.110874236, 0.322547542), (-0.315339172, -0.019688034, -0.0827240882), (-0.0301643692, -0.231752261, 0.350220535), (-0.384270364, 0.304267384, -0.0486802847), (-0.389375507, -0.15827664, 0.250729766), (-0.43407037, 0.125014614, 0.334920252), (-0.415190473, -0.187869661, 0.210996839), (-0.418300569, -0.0546580474, 0.208959062), (-0.447617099, -0.0585495338, 0.173344742), (-0.413408626, 0.18614917, 0.314782099), (-0.400282626, -0.0987505609, 0.237934716), (-0.365040183, -0.0950015088, 0.268710522), (-0.23121391, -0.141352992, -0.131503851), (-0.384378447, -0.210376799, 0.227060725), (-0.0321626391, -0.0230254444, -0.13434416), (-0.461204497, 0.256601574, 0.177407665), (-0.0469070417, -0.272276826, 0.30072744), (-0.0207353453, -0.274451367, 0.341891413), (-0.430376874, 0.0668557756, 0.326501802), (0.0138236065, 0.415137882, -0.157840604), (-0.0682855328, -0.167857637, 0.323718726), (-0.161980513, -0.13978905, -0.133050972), (-0.0959858525, -0.048597241, -0.134507282), (-0.0714710347, -0.0370324754, -0.13759192), (-0.367297477, 0.064537963, -0.0412663521), (-0.188988769, -0.0328003067, -0.122295762), (-0.0683932286, -0.237713943, 0.284376558), (-0.185177974, -0.486058644, -0.128132476), (-0.181698645, -0.45847066, -0.126422168), (-0.191170077, -0.472757533, -0.105030465), (-0.461240073, 0.022336217, 0.0470809598), (0.441785219, -0.240112769, 0.0679753675), (-0.345351311, -0.468568094, 0.00354709826), (-0.284368277, -0.461017657, 0.154364755), (-0.39247368, 0.387511164, -0.268341417), (-0.173965814, 0.382846085, -0.0375122729), (-0.391767695, 0.43198071, -0.314121359), (-0.153011017, -0.459314954, -0.166813709), (-0.176689726, -0.477068008, -0.146752123), (-0.321180204, -0.449361952, -0.0227882365), (-0.337983847, -0.442635056, 0.0107963613), (-0.379222582, 0.316778081, -0.163871635), (-0.298314338, -0.454621968, 0.171848151), (-0.357711324, 0.268846608, -0.258199577), (-0.156295449, -0.442283353, -0.145519776), (-0.194572839, -0.459273899, -0.0807857567), (-0.468930432, 0.118353908, 0.0388505111), (-0.387901731, 0.280620062, -0.00525147652), (-0.34365254, 0.378149426, -0.320260601), (-0.309306788, -0.441020714, 0.213323868), (-0.163362835, 0.0898645275, -0.0520625523), (-0.20152776, 0.0952396512, -0.0446339895), (-0.163378432, -0.430583436, -0.129070287), (-0.325564604, -0.426136197, 0.0196987649), (-0.364695247, 0.286681127, -0.183434571), (-0.248467091, -0.433211446, 0.132881275), (-0.27885523, -0.44298663, 0.157486903), (-0.313791536, -0.446091312, 0.237161124), (-0.407746249, 0.259369311, 0.0134535672), (-0.175500302, -0.439573555, -0.106417749), (-0.182945622, -0.436323024, -0.0819245869), (-0.427358555, -0.0483278403, -0.0116723647), (-0.313690608, -0.415865651, 0.0389264976), (-0.377850056, 0.269782034, -0.0832140365), (-0.242799687, -0.41386809, 0.161736215), (-0.294299559, -0.428147035, 0.193192354), (-0.296674539, -0.418732512, 0.232697451), (-0.301221674, -0.429423015, 0.254295394), (-0.280063602, -0.421524032, -0.0170750729), (-0.299313441, -0.416367522, 0.0126743677), (-0.292916012, -0.409984724, 0.0558949381), (-0.478236743, 0.249448856, 0.148165832), (-0.259690143, -0.413487642, 0.182699713), (-0.260865452, -0.405089559, 0.202193689), (-0.146424363, 0.410582046, -0.0392693067), (-0.469455183, 0.182175703, 0.22959683), (-0.488534423, 0.129116143, 0.171861169), (-0.486468352, 0.112578357, 0.201302475), (-0.110573513, -0.445528793, -0.1816069), (-0.47305426, 0.041390386, 0.0461316769), (-0.268853375, -0.402307062, 0.0109224898), (-0.353976709, 0.23215778, -0.12945125), (-0.2293709, -0.417015695, 0.123541257), (-0.274643943, -0.405228706, 0.229794175), (-0.262438868, 0.313375125, 0.0363780187), (-0.413499952, -0.0057116812, -0.00345918857), (-0.226239794, -0.412820456, 0.134723254), (-0.225763187, -0.396909897, 0.149068131), (-0.392175148, 0.299222695, -0.0974282096), (-0.132867644, -0.402624027, -0.100960903), (-0.400074839, 0.279178769, 0.0352531097), (-0.263178753, -0.38494277, 0.0392700157), (-0.23088947, -0.38488425, 0.196759206), (-0.233295256, -0.393041032, 0.228474112), (-0.365442608, 0.377459876, -0.279129626), (-0.242460036, -0.401628985, -0.0285927256), (-0.22887412, -0.3806903, 0.167363274), (-0.401710707, 0.368735548, -0.219284197), (0.168938591, 0.0860399401, -0.0537952885), (-0.102571346, -0.00764795028, -0.112524058), (-0.0923733053, -0.390216579, -0.115524395), (0.404733538, -0.259981392, 0.0289805208), (0.32435243, -0.00316365344, -0.035493959), (-0.246497437, -0.369848469, -0.0158795913), (-0.258425377, -0.389905221, -0.0003198972), (-0.215840799, -0.393492762, 0.120180064), (-0.217804395, -0.388179897, 0.13313031), (-0.226132936, -0.366257899, 0.194560304), (-0.327944869, 0.355656016, -0.347927342), (-0.0868181085, -0.374111703, -0.104369402), (0.0495753975, 0.0081447303, -0.122847775), (-0.2595305, -0.359170277, 0.0246315688), (-0.102781968, 0.434687607, -0.0653857695), (-0.0786854304, -0.379530588, -0.133369548), (-0.0939829422, -0.376140393, -0.0799471343), (-0.250537158, -0.342674512, -0.0120442407), (-0.219872464, -0.363106685, 0.136862025), (-0.464520059, 0.26773446, 0.139011043), (-0.388969731, 0.41011936, -0.298953262), (-0.39815204, 0.348373948, -0.19556424), (-0.0692520883, -0.361766384, -0.152521552), (-0.242736784, -0.353156648, 0.0761095925), (-0.452700136, 0.131712186, 0.0154285063), (-0.471828422, 0.145836387, 0.0477208187), (-0.486157445, 0.140507538, 0.109003609), (-0.20520321, 0.351714774, -0.0230529968), (-0.240176961, -0.323497437, -0.0394237287), (-0.261881182, -0.338165273, 0.0657919974), (-0.451110285, 0.1827408, 0.0389268198), (-0.491035724, 0.133863202, 0.13793286), (-0.4800309, 0.148015761, 0.16867122), (0.248878732, 0.0486749676, -0.0549953461), (-0.0827943708, -0.335453478, -0.12779811), (-0.0933796909, -0.354116178, -0.0831763333), (-0.271987382, -0.328168316, 0.0264009126), (-0.473325981, 0.165036793, 0.100744416), (-0.288533353, 0.391183908, -0.387968598), (-0.317540717, 0.357215382, -0.368407466), (-0.0498785699, 0.450541644, -0.111141864), (0.00431208664, 0.469424376, -0.158256306), (-0.0902851922, -0.342583058, -0.105393382), (0.175723299, -0.0900527213, -0.157365479), (-0.262252027, -0.326263563, 0.00260155342), (-0.466267167, 0.169838699, 0.176818658), (0.136455056, -0.0401777606, -0.12911147), (-0.474198246, 0.144186984, 0.209880631), (-0.476894895, 0.183033661, 0.14207873), (-0.499080235, 0.103127806, 0.152641364), (-0.473939609, 0.135637057, 0.2553574), (-0.182275987, 0.077542991, -0.0650117022), (0.181418932, -0.0767547684, -0.13883793), (-0.144542554, -0.0706908039, -0.131674128), (-0.313927332, 0.312068403, -0.348790133), (-0.390622613, 0.338053968, -0.124209924), (-0.204816704, 0.365683393, -0.00672435064), (-0.38748648, 0.279461188, -0.0489580639), (-0.328370883, 0.304173287, -0.338361104), (0.449262506, -0.289525237, 0.00625902218), (-0.0789770018, -0.316248303, -0.151044617), (-0.0919449711, -0.290631134, -0.137077352), (0.264570356, -0.0482823386, -0.108479309), (-0.249246226, 0.32450002, 0.0184237521), (-0.321231571, 0.323898187, -0.356797456), (-0.395719378, 0.325982368, -0.145124634), (-0.00979555066, 0.061441982, -0.062054933), (0.248221021, -0.00379958084, -0.0876443243), (-0.332444504, 0.319990781, -0.339822119), (-0.0557157351, -0.321891345, -0.189369571), (-0.0627711328, -0.290469107, -0.194526661), (-0.0749223926, -0.309058978, -0.170510235), (-0.101862719, -0.315085111, -0.0900413459), (-0.34849028, 0.0384341968, -0.0417255578), (-0.341453895, 0.317304637, -0.308946997), (-0.0871624645, -0.273643036, -0.168682757), (-0.104257807, -0.282211911, -0.108941415), (0.195504334, -0.0489760132, -0.129525303), (0.394493734, -0.260339669, 0.0156607838), (0.0941027546, 0.0129276881, -0.117146728), (-0.355942045, -0.2778201, 0.00489629298), (-0.398937427, 0.405945196, -0.265779919), (-0.428019424, 0.261462709, 0.0367049731), (-0.455262987, 0.152074688, 0.0250048627), (0.278093883, -0.164932061, -0.139659409), (-0.374458443, -0.256082816, -0.00517639235), (-0.24346307, -0.119812474, -0.132872768), (-0.363766394, 0.271723201, -0.22055573), (-0.37219928, 0.399811368, -0.296912713), (-0.0765656723, -0.269848353, -0.187729063), (0.220249303, -0.0495786844, -0.128934877), (-0.415422429, -0.239288133, 0.0553257808), (-0.374979263, 0.283096164, -0.112737129), (-0.481799857, 0.140563094, 0.0781159831), (0.102967326, -0.0965965155, -0.197049553), (-0.391971679, -0.233011161, -0.0247750988), (-0.406408204, -0.241029312, 0.0291589826), (-0.417807334, -0.236417468, 0.0814901944), (-0.366581374, 0.24302075, -0.120869549), (-0.480210006, 0.24705538, 0.114413665), (-0.477247372, 0.232684658, 0.104997402), (-0.333483759, 0.418777047, -0.359022396), (-0.0673704727, -0.0172624611, -0.12759419), (0.246484804, 0.0811121634, -0.00934140427), (-0.401267743, -0.234782438, 0.00410581466), (-0.420617544, -0.220156366, 0.0209063632), (-0.431400532, -0.215141066, 0.067291296), (-0.47309409, 0.253447974, 0.0935642432), (0.113747607, 0.0421972346, -0.102184227), (-0.372370653, 0.267386302, -0.175082892), (-0.0791873664, -0.239936305, -0.20541612), (-0.0926996797, -0.233073033, -0.185987046), (-0.101868326, -0.246181568, -0.150711733), (-0.411030553, -0.216198303, -0.00970406399), (-0.468487854, 0.217665763, 0.0900414104), (-0.390486624, 0.234670553, -0.0185102439), (-0.361534107, 0.310627109, -0.210281767), (0.154263859, 0.0291914976, -0.108684324), (-0.114087967, -0.219277591, -0.134641596), (-0.432394092, -0.189247084, 0.0243453467), (-0.431425667, -0.212122038, 0.0396340933), (-0.447307031, -0.188336923, 0.077453889), (-0.446384623, -0.194779659, 0.102623905), (-0.417261378, -0.20754358, 0.181810304), (0.280144358, 0.0163260037, -0.0581807191), (-0.381805348, 0.299548554, -0.128501645), (-0.471846275, 0.262185386, 0.111079477), (-0.350322076, 0.342862577, -0.282795086), (-0.105763293, -0.214487866, -0.169027113), (-0.363898968, -0.194439815, -0.0790650726), (-0.402716255, -0.19402089, -0.035642645), (-0.446210673, -0.177283954, 0.135505612), (-0.435259986, -0.189631077, 0.152506084), (-0.351578527, 0.303674896, -0.262316509), (-0.365738111, 0.329050765, -0.217880413), (0.216122703, -0.00155105188, -0.100140842), (-0.091376845, -0.213536134, -0.201948843), (-0.293623737, 0.420827586, -0.386723554), (-0.00507259575, 0.0306795819, -0.101333166), (-0.422490136, -0.188687723, -0.00593986616), (-0.398159387, 0.195594757, -0.020113758), (-0.0781794985, -0.199184683, -0.216342509), (-0.0929683715, -0.191673173, -0.197861622), (-0.106070848, -0.196773933, -0.165402965), (-0.179793312, 0.0500286738, -0.0853548697), (-0.405537808, -0.167094808, -0.0469104898), (-0.439814985, -0.169729714, 0.00905279751), (-0.450992149, -0.166333009, 0.0895937412), (-0.4503365, -0.17715963, 0.107351693), (-0.440228044, -0.16097258, 0.175056983), (-0.387827098, -0.175413488, -0.0642460371), (-0.425212114, -0.172223539, -0.0186030518), (-0.447151191, -0.177758112, 0.0505684741), (-0.479249702, 0.201668067, 0.110571418), (-0.372765408, 0.218046211, -0.0365314739), (-0.429543858, 0.153262114, -0.00132157792), (-0.380279625, 0.265480775, -0.118580997), (-0.374604422, 0.274409539, -0.115463167), (-0.228885077, 0.073753271, -0.0600402284), (-0.0897996265, -0.159355016, -0.187062071), (-0.101764819, -0.18181517, -0.177997447), (-0.448919632, -0.149604194, 0.0154611179), (0.0277069581, -0.0245481384, -0.134558069), (-0.462654234, 0.231412158, 0.073216822), (-0.443473098, 0.238285356, 0.0520779558), (-0.455727993, 0.2607778, 0.0749857147), (-0.279150217, -0.480812677, 0.2989822), (-0.460709908, -0.150064237, 0.0617764449), (-0.464115184, -0.144287075, 0.101243129), (-0.458885137, -0.151628308, 0.109235822), (-0.452375953, -0.152799556, 0.15405604), (-0.372579728, 0.239271569, -0.0817876952), (-0.115411124, -0.168324383, -0.147074695), (-0.439317045, -0.130127104, -0.00982561655), (-0.459467636, -0.144441175, 0.0408048906), (-0.481374294, 0.227371728, 0.153129701), (-0.5, 0.075317664, 0.124946523), (-0.0796840819, -0.159574919, -0.207428956), (-0.0886636321, -0.13874161, -0.168010673), (-0.392949513, -0.143775665, -0.0658197753), (-0.412011932, -0.141459915, -0.0407197523), (-0.428409797, -0.133258404, -0.0268628896), (-0.467892917, -0.132856816, 0.0846086684), (-0.469824352, 0.190511463, 0.0983314108), (-0.38885269, 0.266560311, -0.0264246946), (-0.221196008, 0.345376124, -0.00761659539), (-0.44884313, 0.112925419, -2.67144937e-05), (-0.340326408, 0.28844351, -0.313912412), (-0.454142332, -0.116286547, 0.0366601804), (-0.465879114, -0.114565154, 0.0776758545), (-0.46926976, -0.11957446, 0.124353197), (-0.424928986, 0.205051301, 0.0176281822), (-0.359743752, 0.21609022, -0.0612585897), (-0.392348067, 0.360642184, -0.227476363), (0.0111031107, -0.104985833, -0.211621617), (-0.349682539, 0.287549074, -0.285489093), (-0.486797433, 0.0972285115, 0.0685825502), (-0.381839313, -0.123200606, -0.0783768119), (-0.42628469, -0.108670693, -0.0303131519), (0.0411811815, -0.100288078, -0.208189916), (-0.0807578821, 0.0297071615, -0.0925653983), (-0.131590246, 0.0373131548, -0.0882370058), (0.028170353, -0.0470026854, -0.143982517), (0.15114648, -0.141844358, -0.20278231), (0.0669558664, -0.111348523, -0.21484624), (0.210112941, 0.0632422617, -0.0640204623), (0.295848033, -0.0494840075, -0.0920739032), (0.379490822, -0.300802814, -0.00682050993), (0.293401385, -0.078691682, -0.103217102), (-0.0205390953, -0.0474984986, -0.141214006), (0.325788954, -0.170849145, -0.110519923), (-0.0121479729, 0.494609924, -0.120949532), (0.149628878, 0.0499412797, -0.0953889495), (0.471167746, -0.273158437, 0.0266485292), (0.0737305846, 0.0176659821, -0.116854319), (0.403264724, -0.293402867, 0.00171214447), (0.0432455126, -0.0768456428, -0.169175219), (-0.281373611, 0.0477154371, -0.0636269955), (0.191640239, 0.0561973694, -0.0805437473), (0.206474936, -0.097803147, -0.147943996), (-0.0908237358, -0.404384155, -0.151275155), (-0.0062218668, 0.487051172, -0.138999249), (0.0242713259, -0.00080182151, -0.120385402), (-0.350644583, -0.461103053, 0.014529881), (0.223677394, -0.0249799529, -0.104711696), (-0.108422045, 0.053179695, -0.0673193317), (-0.213368113, 0.0498221118, -0.083270688), (0.0651782086, 0.0471717375, -0.0894372568), (0.0086964861, 0.48867892, -0.150256008), (-0.0889608107, -0.464777407, -0.184594734), (0.0230765532, 0.475762381, -0.167809525), (-0.2001727, 0.00950204571, -0.103118945), (0.0238582019, -0.124884103, -0.226715531), (-0.298509686, 0.284233254, 0.028714407), (-0.247094178, 0.00233985451, -0.104347489), (0.0367624947, 0.463203411, -0.171180192), (-0.0629552662, -0.486320632, -0.178084712), (0.0654885349, -0.0511143972, -0.142028653), (-0.259060274, 0.304617218, 0.013435908), (0.231229314, -0.117829543, -0.150864157), (0.195115057, 0.0911706697, -0.0345056839), (-0.0317717503, -0.0756771012, -0.147104278), (-0.00220006262, -0.0779554061, -0.151083932), (-0.270027782, 0.265664006, 0.00531231724), (0.131251755, 0.11276075, -0.0192381413), (0.0532603219, -0.065943487, -0.147389275), (0.0298327744, 0.458226459, -0.177745834), (-0.285598046, 0.276484762, 0.0159970835), (-0.0823013289, 0.0450231059, -0.0785855008), (0.305047422, 0.0132709484, -0.0432059081), (-0.0961160413, -0.483641449, -0.188043772), (0.0200418641, 0.444666517, -0.171721313), (0.183177319, 0.0343953779, -0.096052397), (-0.291266997, 0.25862253, -0.00095028191), (0.344709325, -0.0590184715, -0.0539209014), (0.420944885, -0.247196267, 0.0482263639), (0.105278823, 0.0624111155, -0.0781668985), (0.216216477, -0.129151268, -0.165281348), (0.153288022, -0.0800653677, -0.150284624), (-0.170315499, -0.411766636, -0.0663155241), (0.0544251254, 0.0230926657, -0.108002251), (0.0286570144, 0.0348981517, -0.0967049525), (0.410128899, -0.230723382, 0.0749021876), (0.271462953, -0.00538614463, -0.0779676193), (-0.165370063, 0.0243096092, -0.0947786732), (0.480444862, -0.296434334, 0.0264890801), (-0.276552821, -0.474462169, -0.051641372), (0.0876065889, -0.00342847818, -0.129167864), (0.282429558, -0.314562422, -0.134118971), (0.154060004, -0.053115374, -0.127280383), (-0.138083125, 0.0934671494, -0.0376611522), (0.275474123, 0.0361600168, -0.0434207197), (-0.286783795, -0.491448333, -0.0505248415), (-0.274981145, 0.240311855, -0.0026184393), (0.175996115, -0.0597834921, -0.132942438), (0.32149008, -0.0478163012, -0.0728602851), (0.188958478, -0.0347976743, -0.118805025), (0.257083014, -0.104113955, -0.133594478), (0.311655601, -0.113871609, -0.10777326), (0.148706084, -0.0660134151, -0.134150101), (-0.155430209, -0.412680471, -0.106086606), (0.336481261, -0.0771085985, -0.0678445342), (0.16895161, 0.071320673, -0.0738307076), (0.454603987, -0.245719268, 0.0533855803), (0.273403991, 0.0557764469, -0.0228849758), (-0.137597044, -0.436238014, -0.163778376), (-0.0735476757, 0.00654592102, -0.106469116), (-0.280052839, 0.214218917, -0.014877395), (0.230844741, -0.0395623283, -0.115048626), (0.156906435, -0.119044231, -0.194386611), (0.0626758113, 0.0789397498, -0.0636903498), (-0.0144799001, -0.0875927966, -0.16819906), (-0.000983376947, -0.0223022518, -0.132255918), (0.103943162, -0.0577098158, -0.137764968), (0.0501606028, 0.0974956564, -0.0406610384), (-0.330856072, 0.450557627, -0.369515811), (-0.0438219527, 0.0321297052, -0.0908429741), (-0.277330667, -0.433816953, -0.033286098), (0.450665323, -0.329600652, -0.00904306557), (-0.129744336, -0.470778275, -0.181954414), (-0.254025059, 0.201336215, -0.00851038694), (0.344785763, -0.0414059828, -0.0417628098), (-0.122997911, 0.0660445444, -0.059024562), (0.0479756214, -0.1593797, -0.236081845), (-0.279239158, 0.0661317452, -0.0508951063), (-0.148505387, 0.0735255694, -0.0650173738), (0.290817458, -0.0107849859, -0.0718044664), (0.0962073669, 0.0372916286, -0.10110366), (0.357368128, -0.1288974, -0.071329406), (0.0970931022, -0.115422016, -0.211577469), (0.430536, -0.312845669, -0.0127786476), (0.468291668, -0.304479424, 0.0140026162), (0.240155435, 0.0322298604, -0.0749005763), (0.0105373693, 0.0504500474, -0.0836769803), (-0.348408106, -0.249052618, 0.22800685), (0.254415045, -0.151759657, -0.151091408), (0.33616855, -0.146392009, -0.100714511), (0.226874884, 0.0728420135, -0.0399470621), (-0.0555886399, -0.442976898, -0.178671722), (0.0553773085, -0.0862051253, -0.189015612), (-0.257863181, -0.491617707, -0.0624135968), (-0.11464243, -0.421554066, -0.165253699), (-0.15114068, 0.0523484844, -0.0785761555), (0.213895313, 0.0249453432, -0.0903242166), (0.383065151, -0.318095824, -0.0127359818), (-0.218397527, -0.478328584, -0.0702409112), (0.155617501, -0.10082153, -0.181754942), (-0.0187284391, -0.111083441, -0.213681243), (0.030405992, 0.0775933908, -0.0530411599), (0.422834943, -0.268724927, 0.020479318), (0.0883855951, -0.0757316259, -0.167060037), (-0.234584706, 0.171282119, -0.001132933), (-0.196502986, 0.131481648, 0.0204510889), (0.13705908, 0.0663024086, -0.080234581), (0.092909722, 0.0821889927, -0.0573616895), (-0.0517695307, -0.0921307158, -0.152616422), (-0.164322107, -0.476033844, -0.166096059), (-0.242250831, 0.154011215, -0.0161754809), (-0.217444829, 0.14961167, 0.00254606204), (0.125064047, -0.0851402836, -0.1735301), (0.0579050346, 0.116390956, -0.00296969139), (0.150245535, 0.128076243, 0.0155393601), (0.332198564, -0.11522886, -0.0913405275), (-0.328610121, 0.455892405, -0.365487691), (-0.109014469, 0.0087825912, -0.106962222), (0.137045353, 0.0910031644, -0.0512175493), (-0.0423394755, -0.108019362, -0.196891651), (-0.207407977, 0.126666723, 0.00102684842), (0.10324343, 0.116501101, -0.0113865937), (0.124368052, -0.130803442, -0.207181919), (0.156330639, 0.0116972746, -0.116473871), (0.293839773, -0.122426627, -0.121732663), (-0.237107018, 0.0916577178, -0.0377984305), (-0.199426241, 0.0676167359, -0.073026437), (-0.0181453606, 0.0705018368, -0.0519885637), (-0.310948714, 0.450108733, -0.375590539), (-0.224951827, -0.467472059, -0.0662621596), (-0.227659433, 0.1233917, -0.0169918036), (-0.183899094, 0.120920819, 0.0197485847), (0.0886424281, 0.122722775, 0.0026647788), (0.154768566, 0.109994172, -0.0240082736), (0.183489773, 0.109877969, -0.0109746943), (0.45022919, -0.260662112, 0.0297204704), (-0.297889742, 0.437979451, -0.379682915), (0.290060816, -0.294933746, -0.123845525), (0.329989994, -0.0330174385, -0.0563463454), (0.307915959, -0.0145041977, -0.061718311), (-0.20742293, 0.0299835227, -0.0933520096), (-0.103254579, 0.0828313006, -0.028529178), (-0.219078505, 0.109641631, -0.0215008493), (-0.119237903, 0.0987707337, -0.010776124), (0.472134753, -0.25909817, 0.0412572002), (0.00361151596, 0.0964738673, -0.0139708423), (-0.00109300627, 0.00673482375, -0.116681078), (-0.240316431, -0.453545397, -0.0584071962), (-0.112076356, -0.403707559, -0.134179812), (0.196571625, -0.104658557, -0.160773076), (0.113952687, -0.0703666208, -0.147418922), (-0.191149775, 0.110122814, -0.0219262832), (-0.160703889, 0.107779802, -0.0173495007), (-0.0270668414, 0.083678366, -0.0298837865), (0.0301004349, 0.100366063, -0.0239658655), (0.0800375898, 0.104760581, -0.0352364171), (0.117359316, -0.485765332, -0.140390851), (0.0125974467, -0.483903116, -0.158480012), (-0.0296385223, -0.485680709, -0.170641197), (0.185680426, -0.478160821, -0.130533558), (0.132932674, -0.477082445, -0.144340923), (-0.221312984, -0.0872354218, -0.132849695), (-0.24499034, -0.0776652525, -0.128533161), (-0.0695816207, 0.384413379, -0.107555033), (0.194385355, -0.456147885, -0.13543549), (0.136587049, -0.460678586, -0.14622415), (0.0641469453, -0.47505021, -0.152713161), (0.0226899181, -0.466961422, -0.160541829), (-0.198969484, -0.477163458, -0.0761730112), (-0.185546885, -0.0104067293, -0.111591274), (-0.214585121, -0.00157070911, -0.10970824), (-0.315584404, -0.47488902, -0.0368978073), (-0.042891618, 0.374417389, -0.111760133), (0.0786869772, -0.462417831, -0.154232568), (-0.0525480858, -0.468627646, -0.178335873), (0.295235952, -0.469161549, 0.0077824895), (0.0570635119, -0.442532774, -0.157444753), (-1.92705274e-05, -0.45372199, -0.168105286), (-0.311649801, 0.194589854, -0.0399756779), (-0.195149795, -0.447619355, -0.0669477779), (-0.333011599, -0.468391501, -0.0223865201), (0.34885236, -0.450785007, 0.00402016071), (0.336110738, -0.444033619, -0.00854119401), (0.141679495, -0.442233726, -0.145549875), (0.228548906, -0.063451724, -0.13305703), (-0.281710426, -0.0171982045, -0.100284308), (-0.293721056, -0.451193748, -0.0381656662), (0.272350944, -0.455461622, -0.0163888102), (0.106809831, -0.430254934, -0.15237351), (0.0560196809, -0.429970581, -0.158919367), (-0.00361976555, -0.431270149, -0.168748754), (-0.061974145, -0.422011273, -0.172258374), (0.132813635, -0.00457368889, -0.120660087), (-0.267026091, -0.0932110899, -0.123316971), (-0.317877081, -0.437045894, -0.00819554906), (-0.28460513, -0.102990464, -0.113002663), (0.310346108, -0.435060707, -0.0205739304), (-0.107889754, -0.475707083, 0.325937608), (0.21947513, -0.424192323, -0.139114678), (0.176840732, -0.425314074, -0.151095791), (0.136537938, -0.414711095, -0.163101651), (0.055105781, -0.418951835, -0.173749294), (0.00678271004, -0.419627657, -0.170118959), (0.295123551, -0.421857689, -0.03031747), (0.160927916, -0.419568557, -0.152723602), (0.102075146, -0.417472645, -0.166448471), (0.09730308, -0.401740612, -0.183338541), (-0.0949670925, -0.42158339, -0.171418398), (-0.108397297, 0.301378932, -0.0615020171), (-0.218809878, -0.432093819, -0.0550171301), (0.346042601, -0.404743978, -0.0297980681), (0.26924884, -0.435090999, -0.0356712608), (0.266585705, -0.398193546, -0.117237603), (0.198279226, -0.416177588, -0.149680083), (0.19449015, -0.396513079, -0.16157103), (0.132326651, -0.399750463, -0.177518971), (0.0515993184, -0.406653952, -0.183033693), (0.0196381498, -0.375665075, -0.198255798), (-0.0283581601, -0.409230402, -0.170592859), (0.364105659, -0.415665792, -0.0196259365), (0.325009432, -0.395949593, -0.0316332797), (-0.312912826, -0.0699822415, -0.0988525529), (0.116574574, -0.385212622, -0.186100285), (0.0555626665, -0.38867919, -0.190701687), (-0.0024719124, -0.399218686, -0.182133327), (-0.0596074149, -0.402557193, -0.158980143), (-0.437912745, 0.00406382553, 0.264055497), (-0.222455746, -0.398830762, -0.0415623706), (-0.42347274, 0.112799678, -0.0206070577), (0.357468283, -0.376750347, -0.0335703866), (-0.379238501, -0.069042046, -0.0673201696), (0.239014349, -0.378989853, -0.150897349), (0.146587551, -0.381390806, -0.178120868), (-0.0562485426, -0.378193768, -0.163718373), (-0.120920046, -0.391553077, -0.0733618988), (-0.167686909, 0.335454509, -0.0570719871), (-0.314469163, 0.428618744, -0.380399341), (-0.111822359, 0.414251954, -0.0762460974), (0.389754408, -0.386639801, -0.0290159038), (-0.216175358, 0.292016227, -0.0239141767), (0.272397541, -0.361713986, -0.130245209), (0.173696413, -0.392464077, -0.169299156), (-0.0337870995, -0.364405931, -0.184670592), (-0.103601384, -0.37687306, -0.0606240802), (-0.134139692, -0.390683776, -0.0653771977), (-0.154356409, -0.392292833, -0.063186287), (-0.190670977, -0.403856825, -0.0554508781), (0.394910338, -0.366461948, -0.031261597), (0.322291063, -0.381107291, -0.0370972798), (0.209327941, -0.380149436, -0.160580499), (0.152327267, -0.355394865, -0.187413065), (0.122089296, -0.352219868, -0.192396784), (0.112102007, -0.369201456, -0.187108217), (0.0847688587, -0.375639682, -0.193192999), (0.0475398755, -0.35288744, -0.20734646), (-0.0161211174, -0.334676792, -0.209059023), (-0.285406565, 0.152803939, -0.0370111747), (-0.170849982, -0.351227081, -0.063933326), (-0.285382525, 0.375000403, -0.371939193), (0.414899611, -0.368713699, -0.0235098179), (-0.132781152, 0.00873161131, -0.108024808), (0.237003641, -0.359264825, -0.165159151), (0.143067811, -0.333659772, -0.189621313), (0.0399410361, -0.364464645, -0.205731152), (-0.117282621, -0.372658486, -0.0571355992), (-0.191225633, -0.379278911, -0.0538009601), (-0.329626238, 0.03082685, -0.0517433962), (-0.349624083, 0.267195981, -0.278404371), (0.0703176389, -0.485709712, -0.146573339), (0.216828558, -0.351879121, -0.172740589), (0.177313665, -0.357473761, -0.182298255), (0.10065873, -0.326506797, -0.20545769), (0.0745570905, -0.351020068, -0.202101783), (-0.22496259, -0.371761343, -0.0381701777), (-0.230895399, -0.322953415, -0.0481726126), (-0.35961627, -0.0798550031, -0.0834771211), (0.393995729, -0.350188342, -0.0293505278), (0.356177416, -0.355880495, -0.0302913678), (0.358595706, -0.337361196, -0.0243376771), (0.0489772377, -0.326392657, -0.212393727), (-0.118985839, -0.353624232, -0.0584096453), (-0.138797037, -0.358660091, -0.0607315182), (-0.00597276784, -0.476049184, 0.346125193), (0.430572543, -0.335508003, -0.0202302834), (0.405614181, -0.327883512, -0.0212342844), (0.205666863, -0.324396578, -0.175068455), (0.174744305, -0.338790244, -0.183765973), (0.0687388735, -0.321580438, -0.214061175), (0.0288902587, -0.32712571, -0.217752094), (0.0150419679, -0.303023823, -0.228047067), (-0.19237948, -0.324260524, -0.0686622103), (-0.256325535, 0.0944177858, -0.0367770926), (-0.402403995, 0.0670358487, -0.027018794), (-0.403031028, 0.0995979485, -0.0298746346), (0.252262225, -0.332953014, -0.15810762), (0.157437309, -0.309711727, -0.191117067), (0.129615114, -0.320291118, -0.199787064), (-7.13460663e-05, -0.3150166, -0.222011074), (-0.101129021, -0.341304951, -0.0684617066), (-0.111546256, -0.31378348, -0.0745741375), (-0.110184686, -0.342407174, -0.0616483184), (-0.140647588, -0.334170731, -0.0646012851), (-0.181797704, -0.305679675, -0.0767481623), (-0.258413261, 0.153612721, -0.0267132369), (-0.180801889, 0.304895513, -0.0463452639), (-0.398356862, -0.260996994, 0.0856733167), (-0.0446587061, -0.0534380103, -0.144072231), (-0.0729709778, -0.0698029418, -0.142420573), (-0.214462988, 0.256662543, -0.0139192824), (-0.104715724, -0.0914826074, -0.141430171), (0.234089859, -0.309928021, -0.166346576), (-0.142201669, -0.0439103135, -0.12348048), (-0.207220235, -0.347203795, -0.0563203076), (-0.239703641, 0.224502289, 0.00240349881), (-0.185163022, -0.0750333109, -0.130493341), (-0.219839659, -0.0606297196, -0.129783876), (0.258100292, -0.305237613, -0.151880919), (0.171063569, -0.302731349, -0.191152708), (0.102698828, -0.293848667, -0.212740596), (0.0533285099, -0.297444328, -0.221502886), (-0.203988458, -0.292337381, -0.0744244847), (-0.228954167, -0.0258110991, -0.114649809), (-0.24790367, -0.0514706119, -0.118683472), (-0.272244215, -0.0716731497, -0.114338581), (-0.264540837, -0.037496966, -0.109845068), (-0.0664649513, 0.407121149, -0.109929819), (0.255433161, -0.277588338, -0.159934066), (0.201856325, -0.293617228, -0.18286651), (0.182213729, -0.274373125, -0.18960462), (-0.00604894766, -0.282884446, -0.233147892), (-0.311028503, 0.157052091, -0.0425867377), (-0.380438301, 0.208128721, -0.0278857744), (-0.15829894, -0.312682869, -0.0730314641), (-0.253591633, -0.310851073, -0.0275320087), (-0.292121216, -0.304897124, -0.0195798548), (-0.132068658, 0.350205486, -0.0782730475), (-0.0194516961, 0.354100646, -0.103936556), (0.148807915, -0.288327113, -0.20031536), (0.070094191, -0.261907285, -0.22203782), (0.0403597028, -0.271680793, -0.225798989), (-0.119779476, -0.279297163, -0.0899243693), (-0.239713051, -0.293339062, -0.0505495258), (-0.303246562, -0.287321952, -0.0351707427), (-0.303688495, 0.113363937, -0.0455480184), (-0.0653515144, -0.476729066, 0.353405457), (0.234723144, -0.278072872, -0.173201792), (0.187394536, -0.25921128, -0.193806691), (0.143254909, -0.270077408, -0.201394767), (0.0798688599, -0.280574754, -0.215185311), (-0.0329373917, -0.277187331, -0.225919446), (-0.185888663, 0.286908699, -0.0374755364), (-0.224753966, -0.279082996, -0.0685623774), (-0.266206352, -0.281562449, -0.0551825087), (-0.259033591, 0.21246343, -0.00488552984), (-0.411514701, 0.135638604, -0.0190611618), (-0.256146557, 0.118306988, -0.0304152406), (0.222731785, -0.257892634, -0.179959754), (0.150160977, -0.253681928, -0.206517183), (0.113168396, -0.255985432, -0.212557752), (0.0229754958, -0.263343293, -0.23482475), (-0.326051974, 0.0563544983, -0.0467124996), (-0.137398925, -0.296409392, -0.079575516), (0.120221989, 0.0185654452, -0.118020734), (-0.381221303, -0.270575928, 0.126323366), (0.0438183435, -0.241567855, -0.233174058), (-0.00757454182, -0.254829781, -0.238217329), (-0.040185688, -0.24087837, -0.23582469), (-0.0600627536, -0.251196674, -0.218931656), (-0.33342917, 0.187812171, -0.040747788), (-0.118988933, -0.251904527, -0.106533115), (-0.159561063, -0.260242028, -0.098555761), (-0.232219007, -0.256858987, -0.0862513681), (-0.323397088, -0.27400228, -0.0343336026), (0.0422555617, 0.443449638, -0.180824607), (-0.376850567, 0.107296363, -0.0421625283), (-0.454752802, 0.0150180569, 0.280561832), (0.164676711, -0.231062002, -0.205698024), (-0.305806577, 0.324165589, -0.358078656), (-0.177580166, -0.237051591, -0.10564738), (-0.186658389, -0.262360432, -0.09310768), (-0.200804245, -0.242395972, -0.0942562421), (-0.26438532, -0.261763046, -0.0833608535), (-0.356219824, -0.248872159, -0.0386001876), (0.272453935, -0.232396502, -0.151175515), (0.209594634, -0.234575876, -0.182170966), (0.13935498, -0.234526701, -0.213137092), (0.0937614278, -0.233512646, -0.221739482), (0.0606945562, -0.227852009, -0.230354116), (-0.02207107, -0.213057078, -0.242086967), (-0.11095293, -0.245242854, -0.124651858), (-0.139808385, -0.240482583, -0.103248553), (-0.306728405, -0.2387008, -0.0892829637), (-0.307296273, -0.257578054, -0.0694736993), (-0.0454598831, 0.331867613, -0.0839262082), (0.250744107, -0.241431737, -0.163818012), (0.208387101, -0.216332616, -0.181263318), (0.182875758, -0.227459187, -0.192715554), (0.0133363006, -0.209540948, -0.23851889), (0.00503991964, -0.23114424, -0.240927706), (-0.221081351, -0.238986829, -0.0951332122), (-0.265461053, -0.232890317, -0.103378033), (-0.340344389, -0.243814515, -0.060919132), (-0.381513261, 0.0450399274, -0.0327112691), (-0.136549088, -0.0170046614, -0.119190435), (0.177218086, -0.195049704, -0.196748314), (0.0738433075, -0.205520368, -0.231985408), (-0.0598171349, -0.218882706, -0.227494924), (-0.144111513, 0.303145955, -0.0586381202), (-0.314574087, -0.221017804, -0.0984008234), (-0.344013008, -0.222285405, -0.0796404171), (-0.37052616, -0.22779568, -0.0507319191), (-0.300517623, 0.397661899, -0.386247785), (0.306044978, -0.22187589, -0.124361446), (0.232701737, -0.20066542, -0.169256619), (0.05285925, -0.198597479, -0.234745412), (-0.0412434401, -0.216451591, -0.237847516), (-0.137387968, -0.217601249, -0.110609573), (-0.176788205, -0.209390264, -0.113072978), (-0.220577868, -0.222016391, -0.107661246), (-0.346703986, 0.127580946, -0.0469237664), (0.289692549, -0.20216388, -0.135023784), (0.157273348, -0.197971091, -0.207736898), (0.140185353, -0.207049958, -0.212217392), (0.00607414758, -0.186823638, -0.242997645), (-0.0109646723, -0.172784382, -0.241870609), (-0.405638415, 0.167025717, -0.0171819954), (-0.0913859325, 0.362167327, -0.0951209667), (-0.122126097, -0.212069963, -0.115312226), (-0.207167386, -0.200224002, -0.116612052), (-0.246617958, -0.206650755, -0.117770733), (0.261066084, -0.192786159, -0.154472644), (0.18725874, -0.172057194, -0.188769414), (0.12023649, -0.164090603, -0.214980682), (0.106936861, -0.201158204, -0.221062048), (0.105528437, -0.175339822, -0.224919892), (0.0798576456, -0.176325003, -0.231922956), (-0.105707608, -0.0281630702, -0.123520375), (-0.144407532, -0.184433642, -0.123026753), (-0.280709068, -0.195839796, -0.115322022), (-0.160938035, -0.0398680787, -0.124714954), (0.0360713337, -0.176848272, -0.238512059), (-0.0411234988, -0.183462961, -0.23747796), (-0.0672366102, -0.190655831, -0.226466755), (-0.120323949, -0.19307193, -0.134337134), (-0.180868401, -0.181459149, -0.122398495), (-0.218144175, -0.17945134, -0.128149813), (-0.249561708, -0.181912232, -0.128071828), (-0.459455777, 0.00774610751, 0.128889634), (-0.355990898, 0.0059694809, 0.301907067), (-0.106722436, 0.384836879, -0.090015437), (-0.32249595, -0.309246528, 0.148615757), (0.30633932, -0.181645474, -0.119607426), (0.212846713, -0.152569599, -0.177042299), (-0.341937914, -0.0636381132, -0.0861409654), (-0.30314254, -0.183349465, -0.112314273), (-0.329429408, -0.193457211, -0.100837933), (-0.186590716, 0.343225366, -0.0431542837), (0.183865, -0.142706183, -0.189339989), (0.155545317, -0.160370489, -0.202031919), (0.0861383552, -0.149105351, -0.225437683), (-0.0655023917, -0.165250573, -0.224797953), (-0.1273051, -0.160072795, -0.135950252), (-0.141727188, -0.160610823, -0.13170558), (-0.263446349, -0.154000645, -0.126425326), (-0.295058199, -0.153122902, -0.113992742), (-0.351861333, 0.0936811876, -0.0458377852), (0.2036771, -0.0716171427, -0.13766926), (-0.0281133793, 0.417413545, -0.132089121), (0.0127389143, -0.147359081, -0.23740004), (-0.0417953893, -0.133314217, -0.222642167), (-0.224252481, -0.165835392, -0.129664837), (-0.339523684, -0.157879757, -0.1012905), (-0.348779789, -0.0167859828, -0.0645425067), (0.302567453, -0.153835267, -0.121977121), (-0.249919405, 0.0356018804, -0.0848401081), (0.0560888357, -0.135879002, -0.226025466), (-0.415092961, 0.0122320801, 0.00386232284), (-0.0127054003, -0.130929506, -0.228858105), (-0.0277109539, -0.151878116, -0.234383654), (-0.0580635814, -0.137042259, -0.216551649), (-0.207425572, -0.125169487, -0.131058309), (-0.122932173, -0.485803937, -0.189243894), (-0.105463149, -0.493341098, -0.182004105), (-0.0590568192, -0.494111533, -0.160086233), (0.00053673897, -0.493308229, -0.149157459), (0.0738092135, -0.491907281, -0.136106414), (0.15007268, -0.488916869, -0.124856679), (0.198190994, -0.485133658, -0.11040662), (-0.165411827, -0.489586503, -0.166141496), (-0.105957545, -0.49352014, -0.162653467), (0.148764347, -0.489736672, -0.111382134), (-0.177011588, -0.49297296, -0.131685085), (-0.0442812873, -0.493183647, -0.140085101), (0.0337861327, -0.491479204, -0.12614136), (0.0951291841, -0.490457609, -0.115035413), (0.119446334, -0.487842746, -0.0974844099), (-0.0677707712, -0.49138485, -0.128071571), (0.0221045839, -0.488474871, -0.113054545), (0.170080386, -0.48946972, -0.0898546989), (0.0117251814, -0.478700396, -0.106407566), (0.0931519248, -0.478539593, -0.0931138672), (0.122810878, -0.475262894, -0.0857293882), (-0.118577033, -0.491867322, -0.122622587), (-0.0597749847, -0.478439889, -0.115512987), (0.161607348, -0.48020195, -0.0719675892), (0.175783624, -0.4860192, -0.0630359253), (0.198867911, -0.487689549, -0.0838716836), (-0.129993628, -0.479975344, -0.0871719064), (0.0923493944, -0.462390762, -0.0817016546), (-0.146179389, -0.493265821, -0.142629004), (-0.156553378, -0.490766582, -0.0677708679), (-0.0953149932, -0.480542697, -0.114217415), (-0.0211750227, -0.464609902, -0.101434675), (0.0366562812, -0.463154365, -0.0912874852), (0.136975875, -0.46692533, -0.0739587696), (0.210566217, -0.488122652, -0.0095668501), (-0.200253585, -0.489926799, -0.089817318), (-0.197995517, -0.493236818, -0.072972299), (-0.10702896, -0.467751256, -0.0945862257), (-0.0712214202, -0.462419378, -0.10136784), (0.0534565719, -0.458393707, -0.074236871), (0.149885131, -0.463960633, -0.0559592591), (0.156068843, -0.486556777, -0.00985706811), (0.185403162, -0.488643601, -0.0288404711), (0.239854454, -0.48070221, -0.0148133318), (-0.0160349478, -0.460110524, -0.0819825918), (0.100940183, -0.457441072, -0.0573546645), (0.132868224, -0.45842258, -0.042539947), (0.156752721, -0.473188509, -0.0340241785), (0.236975476, -0.485365742, -0.00268256698), (-0.182119954, -0.49338009, -0.0711865205), (-0.0899336823, -0.460901711, -0.0810039197), (-0.223634793, -0.492551136, -0.0683184989), (-0.0448316897, -0.461250127, -0.0619428546), (0.133890078, -0.463681179, -0.0149142603), (0.169821362, -0.489306017, 0.0206140827), (0.295743688, -0.47920433, 0.0325172748), (-0.252414197, -0.493834978, -0.0492549202), (-0.0175477809, -0.461769207, -0.0197293142), (0.213743534, -0.488260833, 0.0243435421), (0.245718882, -0.486783318, 0.0459313021), (-0.14739369, -0.476793838, -0.0377515754), (0.0164288013, -0.460848733, -0.0181798736), (0.123273628, -0.482116113, 0.0245352161), (0.198603151, -0.479824273, 0.0346106084), (0.207036424, -0.476370402, 0.0331602273), (0.261369837, -0.486482531, 0.0352592324), (0.316900214, -0.479101081, 0.054826874), (-0.3023674, -0.492242936, -0.042049032), (-0.305918462, -0.493624936, -0.0234794619), (-0.137057856, -0.461682909, -0.0375465602), (0.0474991431, -0.459304126, -0.0386867438), (0.133853406, -0.4895149, 0.0416199244), (0.169052603, -0.477719339, 0.0387329544), (0.300722252, -0.484488321, 0.0729392362), (-0.231563745, -0.494041282, -0.00212352833), (-0.15771019, -0.491737197, -0.00256391467), (0.0882339445, -0.458927094, -0.00835996082), (0.148365144, -0.483495986, 0.0517632468), (0.242967901, -0.478320657, 0.0661718008), (0.337761559, -0.474521076, 0.0728142034), (-0.324038301, -0.491835806, -0.030204876), (0.103051627, -0.468736502, 0.0403096574), (0.128577857, -0.48999763, 0.0853606057), (0.13997241, -0.490823942, 0.0686319189), (0.270248909, -0.487280421, 0.0805291816), (0.290343236, -0.484061405, 0.112780697), (-0.323745891, -0.290069775, 0.185455463), (-0.190638752, -0.493349541, 0.00378910773), (-0.105456769, -0.46376593, 0.00616827669), (-0.0984368831, -0.462940971, 0.00683926485), (-0.0315281296, -0.463310849, 0.0386206182), (0.262514596, -0.485541562, 0.123881939), (0.383605499, -0.452283081, 0.0671208904), (-0.269421759, -0.494271175, 0.00815675021), (-0.132209932, -0.493170564, 0.0390227213), (0.0410985567, -0.461876452, 0.0497007848), (0.0993245519, -0.460827271, 0.0249995779), (0.106293136, -0.481379579, 0.0627934647), (0.0992007436, -0.476670868, 0.0929807136), (0.251700866, -0.474155903, 0.0996522475), (-0.349067364, -0.488577024, 0.00450198834), (-0.336849915, -0.492625124, 0.00827959176), (-0.309519666, -0.49398998, 0.0277425666), (-0.19501806, -0.49401576, 0.0325272646), (0.0844643973, -0.463911716, 0.0936397141), (0.324032694, -0.475032164, 0.114393621), (0.348354548, -0.468183844, 0.105041035), (-0.186099995, -0.492715289, 0.0509946815), (-0.14074871, -0.491209288, 0.0646620613), (0.0470123529, -0.46275252, 0.109905973), (0.246847142, -0.479158506, 0.126654832), (0.397509539, -0.444201576, 0.112726237), (-0.358813353, -0.4762658, 0.0195639357), (-0.352523814, -0.487885863, 0.0366392342), (-0.070831047, -0.464619892, 0.0607110232), (0.00157515615, -0.463178985, 0.075393876), (0.160513568, -0.485372767, 0.126430547), (0.260314985, -0.478620349, 0.172854407), (0.374210182, -0.448364525, 0.143299219), (-0.222674876, -0.493088712, 0.0613254243), (-0.195305764, -0.480818736, 0.0616312392), (0.0991913984, -0.471470661, 0.119002242), (0.114192054, -0.485627474, 0.110318646), (0.126899323, -0.486704625, 0.131039812), (0.193865437, -0.488359377, 0.147628771), (0.200590787, -0.488062907, 0.148721197), (0.221004656, -0.486639853, 0.151606621), (0.300783092, -0.476311624, 0.137629365), (-0.1445044, -0.47581291, 0.0790940107), (-0.087047937, -0.490834898, 0.104335824), (0.237704469, -0.483247209, 0.190133948), (0.269335074, -0.464351264, 0.199226543), (0.324730557, -0.463066455, 0.157328292), (0.424187038, -0.422658286, 0.142703186), (-0.266984843, -0.280651385, 0.235451976), (-0.325665597, -0.491794945, 0.0657962511), (-0.115310711, -0.491909214, 0.0897197408), (-0.0838003053, -0.488955539, 0.114948793), (0.11925292, -0.475911583, 0.146055549), (0.399188846, -0.422324371, 0.174006901), (-0.335627364, 0.00044341548, 0.260937732), (-0.26346968, -0.493237012, 0.100042879), (-0.234660177, -0.49347799, 0.099699296), (-0.121879899, -0.478613904, 0.10946926), (-0.0777310559, -0.481803531, 0.121373806), (-0.0630300281, -0.466684223, 0.110773726), (0.101208101, -0.464072454, 0.141205112), (0.334163319, -0.445858261, 0.183377146), (-0.340841169, -0.487719518, 0.072703994), (-0.239870953, -0.495252941, 0.111693427), (0.137165487, -0.470710861, 0.169100908), (0.151208288, -0.483040776, 0.166269172), (0.162311399, -0.485979886, 0.164602368), (0.358882379, -0.445477749, 0.170526992), (0.0912393089, -0.460339321, 0.171523967), (0.129048341, -0.460459391, 0.176470435), (0.16629666, -0.47217323, 0.193120686), (0.19333553, -0.485418591, 0.213414614), (0.251950287, -0.471126692, 0.22288901), (0.294853248, -0.457548962, 0.185081331), (-0.457418257, 0.0107061636, 0.248947984), (-0.00689407951, -0.463711212, 0.140020587), (0.173294439, -0.471162913, 0.208203966), (0.380882038, -0.4171018, 0.196721697), (-0.435298205, 0.0240215825, 0.309332214), (-0.3673317, -0.0077125291, 0.262308067), (-0.221981845, -0.295913836, 0.230345996), (-0.289873718, -0.490690144, 0.118477297), (-0.128025199, -0.482399692, 0.157994253), (0.0120561962, -0.460877865, 0.198896301), (-0.413083476, -0.00309817232, 0.253884332), (-0.470625013, 0.0239691202, 0.221240961), (-0.340648142, -0.266981169, 0.210172138), (-0.397327275, -0.0017056028, 0.28358086), (-0.380404916, -0.0142045055, 0.2488477), (-0.250966846, -0.48997997, 0.181469235), (-0.138430639, -0.481595357, 0.166685969), (-0.119119766, -0.489646571, 0.156143637), (-0.0579872727, -0.465895356, 0.138333545), (0.152792983, -0.458552769, 0.19999311), (0.207849717, -0.485311282, 0.247920523), (0.231562391, -0.480231339, 0.245712404), (-0.302039157, -0.284257165, 0.214684922), (0.36353373, -0.420300063, 0.20285372), (-0.409215128, -0.247813375, 0.112642774), (-0.240943593, -0.276040702, 0.247602914), (-0.362913657, 0.246963861, -0.175730485), (-0.271973332, -0.234606812, 0.275068056), (-0.275329561, -0.31653098, -0.00575611942), (-0.296411583, -0.486959138, 0.161046859), (-0.161735087, -0.492943056, 0.183181283), (0.16616241, -0.467349346, 0.228043586), (0.163249016, -0.485082098, 0.243281482), (-0.470504299, 0.031117068, 0.285216148), (-0.314158643, -0.230231823, 0.261991102), (-0.308350222, -0.312129244, 0.0110066614), (0.142115306, -0.455312034, 0.223985819), (0.238794253, -0.471256494, 0.263016629), (-0.323574648, -0.302012926, -0.00172161861), (-0.307290537, -0.319036729, 0.0368433471), (-0.260498989, -0.342567396, 0.0412469526), (-0.370986655, -0.243078755, 0.212119557), (-0.291430893, -0.488593459, 0.215040685), (-0.193800987, -0.487942837, 0.206210079), (-0.0258667838, -0.462441098, 0.189165007), (0.21423258, -0.48026698, 0.275609177), (-0.336985131, 0.0122273108, 0.301640631), (-0.354543932, 0.247875827, -0.213698064), (-0.339895754, -0.303418708, 0.0325993196), (-0.438666036, -0.204698503, 0.115650717), (-0.479429904, 0.0369682833, 0.168780205), (-0.464213148, 0.0221625889, 0.163418616), (-0.351265107, 0.0199837947, 0.328222809), (-0.245400434, -0.256965909, 0.259800642), (-0.389329555, -0.0192968874, 0.233441203), (-0.286421716, -0.32963249, 0.0617038743), (-0.316351423, -0.484198619, 0.199142436), (-0.264815845, -0.488101126, 0.243285736), (-0.225877006, -0.487774365, 0.23277666), (-0.11622764, -0.486155834, 0.232409424), (-0.0914150638, -0.463788488, 0.218307136), (0.076305488, -0.456228512, 0.246098588), (0.187065777, -0.483216402, 0.284242503), (-0.374437368, 0.0285878596, 0.336807216), (-0.410341648, 0.0220848622, 0.310169805), (-0.369341571, -0.261453557, 0.185272039), (-0.400890195, -0.217928654, 0.198056906), (-0.312558094, -0.485784796, 0.227035203), (-0.10863415, -0.48858753, 0.247464282), (0.140066829, -0.485553872, 0.289666157), (0.181415258, -0.476542354, 0.297336794), (-0.282087329, -0.251344522, 0.258676378), (-0.465190918, 0.0280726469, 0.192887635), (-0.333481375, -0.316207313, 0.0775978701), (-0.424790419, 0.0408405636, 0.322254746), (-0.161849228, -0.4877908, 0.223527194), (0.0355184178, -0.455169599, 0.259903118), (0.0900663203, -0.485099242, 0.303518379), (-0.307815417, -0.326560162, 0.0937356156), (-0.269275845, -0.337405022, 0.0961064705), (-0.0420161303, -0.457487863, 0.257513314), (-0.00875932478, -0.456503068, 0.263504579), (0.00212304496, -0.485566762, 0.291100748), (0.129489372, -0.478988551, 0.30618145), (-0.441023228, 0.0119500472, 0.205590135), (-0.443698544, 0.00750345355, 0.230196085), (-0.372066513, -0.280178452, 0.0398145531), (-0.350041461, -0.305502245, 0.06626622), (-0.285826198, -0.330747667, 0.116149752), (-0.194068132, -0.486763081, 0.265675317), (-0.154419054, -0.486498514, 0.270527236), (-0.0613710871, -0.486564447, 0.289739566), (0.0877624288, -0.476433498, 0.318094954), (-0.40693476, -0.00635592265, 0.22945504), (-0.276563391, -0.302835242, 0.195099234), (-0.221551707, -0.271276692, 0.250585141), (-0.214784336, -0.252771379, 0.264007998), (-0.360850744, -0.294878255, 0.10755542), (-0.333273266, -0.315407038, 0.108510116), (-0.145285598, -0.481523302, 0.283417415), (0.0558795024, -0.484306443, 0.315705796), (-0.317608325, -0.257478866, 0.238691101), (-0.333862145, 0.256316125, -0.248577461), (-0.353967299, -0.277972008, 0.170418587), (-0.375834578, -0.280975375, 0.0755762693), (-0.311588573, -0.478265552, 0.265903277), (-0.129530105, -0.478400961, 0.298251274), (0.0471951973, -0.478059634, 0.328156296), (-0.440677325, 0.0445679606, 0.319811385), (-0.300114876, -0.305252243, 0.174851839), (-0.321170215, -0.316779499, 0.126215542), (-0.266608584, -0.323330898, 0.155249073), (-0.305566115, -0.48440821, 0.263498263), (-0.236047719, -0.487195927, 0.28528556), (-0.0079317233, -0.485262751, 0.327064193), (0.0345477375, -0.467340516, 0.333579887), (-0.376158826, 0.00895789499, 0.310580609), (-0.389068597, -0.259904052, 0.0421684577), (-0.360923121, -0.294989689, 0.0874672159), (-0.394570107, -0.252371725, 0.146974282), (-0.286560863, -0.486355564, 0.28021), (-0.242350664, -0.484313146, 0.29876958), (-0.186604895, -0.483026275, 0.290027141), (-0.109768727, -0.483272215, 0.312196433), (-0.0764171153, -0.483822876, 0.335343945), (0.00963120335, -0.482772149, 0.332665213), (-0.312471537, 0.294997036, -0.311832355), (-0.320103762, 0.24853457, -0.193975163), (-0.291927028, 0.346291248, -0.366743691), (-0.299525094, 0.272651216, -0.19811562), (-0.173724191, 0.242210034, -0.00426049448), (-0.315135188, 0.228561023, -0.112738676), (-0.321687876, 0.279940051, -0.306877252), (0.0407194622, 0.364334843, -0.130600199), (-0.296106799, 0.346884639, -0.373268279), (-0.345531642, 0.200690877, -0.0449655199), (-0.288281741, 0.194789069, -0.03087928), (0.0344700753, 0.399933501, -0.163462506), (-0.302465622, 0.358453787, -0.377814125), (-0.0735889881, 0.305676195, -0.0613384432), (-0.0107661021, 0.319183095, -0.0624342208), (-0.321604478, 0.272074002, -0.282188355), (-0.213300892, 0.235600759, -0.00244365111), (-0.0944115986, 0.286490677, -0.0399458376), (-0.326418565, 0.289533487, -0.322971365), (0.0379878166, 0.427561121, -0.178938996), (-0.356297164, 0.254593572, -0.243514984), (-0.30568612, 0.248938478, -0.157370248), (-0.298118475, 0.214383264, -0.0387247693), (-0.233582896, 0.198328788, 0.0064977447), (-0.144809957, 0.270041058, -0.0331151123), (-0.309334631, 0.270387992, -0.223662216), (-0.306778482, 0.310590889, -0.340128708), (-0.31823639, 0.206436588, -0.0508791227), (-0.328376361, 0.231369493, -0.140829755), (-0.30891345, 0.283242659, -0.251242272), (-0.0481104507, 0.30113544, -0.0410459978), (0.0069453172, 0.341394343, -0.096122583), (-0.348589339, 0.218441547, -0.0865318542), (-0.177501666, 0.264148853, -0.0270929114), (-0.297088372, 0.237142337, -0.0748673202), (-0.302621978, 0.220004909, -0.063892207), (-0.33136123, 0.217559485, -0.0870196757), (-0.215717957, 0.214055407, 0.0193192838), (-0.0756305684, 0.334700252, -0.0857426649), (-0.315868371, 0.21550914, -0.0715594922), (-0.253793426, 0.177824431, -0.0166613689), (-0.335565428, 0.238983027, -0.175675058), (-0.284640578, 0.385849903, -0.382556222), (0.0187247654, 0.371996714, -0.131574295), (-0.339085167, 0.264666902, -0.277497367), (-0.246450001, -0.340574411, 0.119059409)]
        int[] faceVertexCounts = [3, 3, 3, 3, 3, 3, 3, 3, 3, 3, 3, 3, 3, 3, 3, 3, 3, 3, 3, 3, 3, 3, 3, 3, 3, 3, 3, 3, 3, 3, 3, 3, 3, 3, 3, 3, 3, 3, 3, 3, 3, 3, 3, 3, 3, 3, 3, 3, 3, 3, 3, 3, 3, 3, 3, 3, 3, 3, 3, 3, 3, 3, 3, 3, 3, 3, 3, 3, 3, 3, 3, 3, 3, 3, 3, 3, 3, 3, 3, 3, 3, 3, 3, 3, 3, 3, 3, 3, 3, 3, 3, 3, 3, 3, 3, 3, 3, 3, 3, 3, 3, 3, 3, 3, 3, 3, 3, 3, 3, 3, 3, 3, 3, 3, 3, 3, 3, 3, 3, 3, 3, 3, 3, 3, 3, 3, 3, 3, 3, 3, 3, 3, 3, 3, 3, 3, 3, 3, 3, 3, 3, 3, 3, 3, 3, 3, 3, 3, 3, 3, 3, 3, 3, 3, 3, 3, 3, 3, 3, 3, 3, 3, 3, 3, 3, 3, 3, 3, 3, 3, 3, 3, 3, 3, 3, 3, 3, 3, 3, 3, 3, 3, 3, 3, 3, 3, 3, 3, 3, 3, 3, 3, 3, 3, 3, 3, 3, 3, 3, 3, 3, 3, 3, 3, 3, 3, 3, 3, 3, 3, 3, 3, 3, 3, 3, 3, 3, 3, 3, 3, 3, 3, 3, 3, 3, 3, 3, 3, 3, 3, 3, 3, 3, 3, 3, 3, 3, 3, 3, 3, 3, 3, 3, 3, 3, 3, 3, 3, 3, 3, 3, 3, 3, 3, 3, 3, 3, 3, 3, 3, 3, 3, 3, 3, 3, 3, 3, 3, 3, 3, 3, 3, 3, 3, 3, 3, 3, 3, 3, 3, 3, 3, 3, 3, 3, 3, 3, 3, 3, 3, 3, 3, 3, 3, 3, 3, 3, 3, 3, 3, 3, 3, 3, 3, 3, 3, 3, 3, 3, 3, 3, 3, 3, 3, 3, 3, 3, 3, 3, 3, 3, 3, 3, 3, 3, 3, 3, 3, 3, 3, 3, 3, 3, 3, 3, 3, 3, 3, 3, 3, 3, 3, 3, 3, 3, 3, 3, 3, 3, 3, 3, 3, 3, 3, 3, 3, 3, 3, 3, 3, 3, 3, 3, 3, 3, 3, 3, 3, 3, 3, 3, 3, 3, 3, 3, 3, 3, 3, 3, 3, 3, 3, 3, 3, 3, 3, 3, 3, 3, 3, 3, 3, 3, 3, 3, 3, 3, 3, 3, 3, 3, 3, 3, 3, 3, 3, 3, 3, 3, 3, 3, 3, 3, 3, 3, 3, 3, 3, 3, 3, 3, 3, 3, 3, 3, 3, 3, 3, 3, 3, 3, 3, 3, 3, 3, 3, 3, 3, 3, 3, 3, 3, 3, 3, 3, 3, 3, 3, 3, 3, 3, 3, 3, 3, 3, 3, 3, 3, 3, 3, 3, 3, 3, 3, 3, 3, 3, 3, 3, 3, 3, 3, 3, 3, 3, 3, 3, 3, 3, 3, 3, 3, 3, 3, 3, 3, 3, 3, 3, 3, 3, 3, 3, 3, 3, 3, 3, 3, 3, 3, 3, 3, 3, 3, 3, 3, 3, 3, 3, 3, 3, 3, 3, 3, 3, 3, 3, 3, 3, 3, 3, 3, 3, 3, 3, 3, 3, 3, 3, 3, 3, 3, 3, 3, 3, 3, 3, 3, 3, 3, 3, 3, 3, 3, 3, 3, 3, 3, 3, 3, 3, 3, 3, 3, 3, 3, 3, 3, 3, 3, 3, 3, 3, 3, 3, 3, 3, 3, 3, 3, 3, 3, 3, 3, 3, 3, 3, 3, 3, 3, 3, 3, 3, 3, 3, 3, 3, 3, 3, 3, 3, 3, 3, 3, 3, 3, 3, 3, 3, 3, 3, 3, 3, 3, 3, 3, 3, 3, 3, 3, 3, 3, 3, 3, 3, 3, 3, 3, 3, 3, 3, 3, 3, 3, 3, 3, 3, 3, 3, 3, 3, 3, 3, 3, 3, 3, 3, 3, 3, 3, 3, 3, 3, 3, 3, 3, 3, 3, 3, 3, 3, 3, 3, 3, 3, 3, 3, 3, 3, 3, 3, 3, 3, 3, 3, 3, 3, 3, 3, 3, 3, 3, 3, 3, 3, 3, 3, 3, 3, 3, 3, 3, 3, 3, 3, 3, 3, 3, 3, 3, 3, 3, 3, 3, 3, 3, 3, 3, 3, 3, 3, 3, 3, 3, 3, 3, 3, 3, 3, 3, 3, 3, 3, 3, 3, 3, 3, 3, 3, 3, 3, 3, 3, 3, 3, 3, 3, 3, 3, 3, 3, 3, 3, 3, 3, 3, 3, 3, 3, 3, 3, 3, 3, 3, 3, 3, 3, 3, 3, 3, 3, 3, 3, 3, 3, 3, 3, 3, 3, 3, 3, 3, 3, 3, 3, 3, 3, 3, 3, 3, 3, 3, 3, 3, 3, 3, 3, 3, 3, 3, 3, 3, 3, 3, 3, 3, 3, 3, 3, 3, 3, 3, 3, 3, 3, 3, 3, 3, 3, 3, 3, 3, 3, 3, 3, 3, 3, 3, 3, 3, 3, 3, 3, 3, 3, 3, 3, 3, 3, 3, 3, 3, 3, 3, 3, 3, 3, 3, 3, 3, 3, 3, 3, 3, 3, 3, 3, 3, 3, 3, 3, 3, 3, 3, 3, 3, 3, 3, 3, 3, 3, 3, 3, 3, 3, 3, 3, 3, 3, 3, 3, 3, 3, 3, 3, 3, 3, 3, 3, 3, 3, 3, 3, 3, 3, 3, 3, 3, 3, 3, 3, 3, 3, 3, 3, 3, 3, 3, 3, 3, 3, 3, 3, 3, 3, 3, 3, 3, 3, 3, 3, 3, 3, 3, 3, 3, 3, 3, 3, 3, 3, 3, 3, 3, 3, 3, 3, 3, 3, 3, 3, 3, 3, 3, 3, 3, 3, 3, 3, 3, 3, 3, 3, 3, 3, 3, 3, 3, 3, 3, 3, 3, 3, 3, 3, 3, 3, 3, 3, 3, 3, 3, 3, 3, 3, 3, 3, 3, 3, 3, 3, 3, 3, 3, 3, 3, 3, 3, 3, 3, 3, 3, 3, 3, 3, 3, 3, 3, 3, 3, 3, 3, 3, 3, 3, 3, 3, 3, 3, 3, 3, 3, 3, 3, 3, 3, 3, 3, 3, 3, 3, 3, 3, 3, 3, 3, 3, 3, 3, 3, 3, 3, 3, 3, 3, 3, 3, 3, 3, 3, 3, 3, 3, 3, 3, 3, 3, 3, 3, 3, 3, 3, 3, 3, 3, 3, 3, 3, 3, 3, 3, 3, 3, 3, 3, 3, 3, 3, 3, 3, 3, 3, 3, 3, 3, 3, 3, 3, 3, 3, 3, 3, 3, 3, 3, 3, 3, 3, 3, 3, 3, 3, 3, 3, 3, 3, 3, 3, 3, 3, 3, 3, 3, 3, 3, 3, 3, 3, 3, 3, 3, 3, 3, 3, 3, 3, 3, 3, 3, 3, 3, 3, 3, 3, 3, 3, 3, 3, 3, 3, 3, 3, 3, 3, 3, 3, 3, 3, 3, 3, 3, 3, 3, 3, 3, 3, 3, 3, 3, 3, 3, 3, 3, 3, 3, 3, 3, 3, 3, 3, 3, 3, 3, 3, 3, 3, 3, 3, 3, 3, 3, 3, 3, 3, 3, 3, 3, 3, 3, 3, 3, 3, 3, 3, 3, 3, 3, 3, 3, 3, 3, 3, 3, 3, 3, 3, 3, 3, 3, 3, 3, 3, 3, 3, 3, 3, 3, 3, 3, 3, 3, 3, 3, 3, 3, 3, 3, 3, 3, 3, 3, 3, 3, 3, 3, 3, 3, 3, 3, 3, 3, 3, 3, 3, 3, 3, 3, 3, 3, 3, 3, 3, 3, 3, 3, 3, 3, 3, 3, 3, 3, 3, 3, 3, 3, 3, 3, 3, 3, 3, 3, 3, 3, 3, 3, 3, 3, 3, 3, 3, 3, 3, 3, 3, 3, 3, 3, 3, 3, 3, 3, 3, 3, 3, 3, 3, 3, 3, 3, 3, 3, 3, 3, 3, 3, 3, 3, 3, 3, 3, 3, 3, 3, 3, 3, 3, 3, 3, 3, 3, 3, 3, 3, 3, 3, 3, 3, 3, 3, 3, 3, 3, 3, 3, 3, 3, 3, 3, 3, 3, 3, 3, 3, 3, 3, 3, 3, 3, 3, 3, 3, 3, 3, 3, 3, 3, 3, 3, 3, 3, 3, 3, 3, 3, 3, 3, 3, 3, 3, 3, 3, 3, 3, 3, 3, 3, 3, 3, 3, 3, 3, 3, 3, 3, 3, 3, 3, 3, 3, 3, 3, 3, 3, 3, 3, 3, 3, 3, 3, 3, 3, 3, 3, 3, 3, 3, 3, 3, 3, 3, 3, 3, 3, 3, 3, 3, 3, 3, 3, 3, 3, 3, 3, 3, 3, 3, 3, 3, 3, 3, 3, 3, 3, 3, 3, 3, 3, 3, 3, 3, 3, 3, 3, 3, 3, 3, 3, 3, 3, 3, 3, 3, 3, 3, 3, 3, 3, 3, 3, 3, 3, 3, 3, 3, 3, 3, 3, 3, 3, 3, 3, 3, 3, 3, 3, 3, 3, 3, 3, 3, 3, 3, 3, 3, 3, 3, 3, 3, 3, 3, 3, 3, 3, 3, 3, 3, 3, 3, 3, 3, 3, 3, 3, 3, 3, 3, 3, 3, 3, 3, 3, 3, 3, 3, 3, 3, 3, 3, 3, 3, 3, 3, 3, 3, 3, 3, 3, 3, 3, 3, 3, 3, 3, 3, 3, 3, 3, 3, 3, 3, 3, 3, 3, 3, 3, 3, 3, 3, 3, 3, 3, 3, 3, 3, 3, 3, 3, 3, 3, 3, 3, 3, 3, 3, 3, 3, 3, 3, 3, 3, 3, 3, 3, 3, 3, 3, 3, 3, 3, 3, 3, 3, 3, 3, 3, 3, 3, 3, 3, 3, 3, 3, 3, 3, 3, 3, 3, 3, 3, 3, 3, 3, 3, 3, 3, 3, 3, 3, 3, 3, 3, 3, 3, 3, 3, 3, 3, 3, 3, 3, 3, 3, 3, 3, 3, 3, 3, 3, 3, 3, 3, 3, 3, 3, 3, 3, 3, 3, 3, 3, 3, 3, 3, 3, 3, 3, 3, 3, 3, 3, 3, 3, 3, 3, 3, 3, 3, 3, 3, 3, 3, 3, 3, 3, 3, 3, 3, 3, 3, 3, 3, 3, 3, 3, 3, 3, 3, 3, 3, 3, 3, 3, 3, 3, 3, 3, 3, 3, 3, 3, 3, 3, 3, 3, 3, 3, 3, 3, 3, 3, 3, 3, 3, 3, 3, 3, 3, 3, 3, 3, 3, 3, 3, 3, 3, 3, 3, 3, 3, 3, 3, 3, 3, 3, 3, 3, 3, 3, 3, 3, 3, 3, 3, 3, 3, 3, 3, 3, 3, 3, 3, 3, 3, 3, 3, 3, 3, 3, 3, 3, 3, 3, 3, 3, 3, 3, 3, 3, 3, 3, 3, 3, 3, 3, 3, 3, 3, 3, 3, 3, 3, 3, 3, 3, 3, 3, 3, 3, 3, 3, 3, 3, 3, 3, 3, 3, 3, 3, 3, 3, 3, 3, 3, 3, 3, 3, 3, 3, 3, 3, 3, 3, 3, 3, 3, 3, 3, 3, 3, 3, 3, 3, 3, 3, 3, 3, 3, 3, 3, 3, 3, 3, 3, 3, 3, 3, 3, 3, 3, 3, 3, 3, 3, 3, 3, 3, 3, 3, 3, 3, 3, 3, 3, 3, 3, 3, 3, 3, 3, 3, 3, 3, 3, 3, 3, 3, 3, 3, 3, 3, 3, 3, 3, 3, 3, 3, 3, 3, 3, 3, 3, 3, 3, 3, 3, 3, 3, 3, 3, 3, 3, 3, 3, 3, 3, 3, 3, 3, 3, 3, 3, 3, 3, 3, 3, 3, 3, 3, 3, 3, 3, 3, 3, 3, 3, 3, 3, 3, 3, 3, 3, 3, 3, 3, 3, 3, 3, 3, 3, 3, 3, 3, 3, 3, 3, 3, 3, 3, 3, 3, 3, 3, 3, 3, 3, 3, 3, 3, 3, 3, 3, 3, 3, 3, 3, 3, 3, 3, 3, 3, 3, 3, 3, 3, 3, 3, 3, 3, 3, 3, 3, 3, 3, 3, 3, 3, 3, 3, 3, 3, 3, 3, 3, 3, 3, 3, 3, 3, 3, 3, 3, 3, 3, 3, 3, 3, 3, 3, 3, 3, 3, 3, 3, 3, 3, 3, 3, 3, 3, 3, 3, 3, 3, 3, 3, 3, 3, 3, 3, 3, 3, 3, 3, 3, 3, 3, 3, 3, 3, 3, 3, 3, 3, 3, 3, 3, 3, 3, 3, 3, 3, 3, 3, 3, 3, 3, 3, 3, 3, 3, 3, 3, 3, 3, 3, 3, 3, 3, 3, 3, 3, 3, 3, 3, 3, 3, 3, 3, 3, 3, 3, 3, 3, 3, 3, 3, 3, 3, 3, 3, 3, 3, 3, 3, 3, 3, 3, 3, 3, 3, 3, 3, 3, 3, 3, 3, 3, 3, 3, 3, 3, 3, 3, 3, 3, 3, 3, 3, 3, 3, 3, 3, 3, 3, 3, 3, 3, 3, 3, 3, 3, 3, 3, 3, 3, 3, 3, 3, 3, 3, 3, 3, 3, 3, 3, 3, 3, 3, 3, 3, 3, 3, 3, 3, 3, 3, 3, 3, 3, 3, 3, 3, 3, 3, 3, 3, 3, 3, 3, 3, 3, 3, 3, 3, 3, 3, 3, 3, 3, 3, 3, 3, 3, 3, 3, 3, 3, 3, 3, 3, 3, 3, 3, 3, 3, 3, 3, 3, 3, 3, 3, 3, 3, 3, 3, 3, 3, 3, 3, 3, 3, 3, 3, 3, 3, 3, 3, 3, 3, 3, 3, 3, 3, 3, 3, 3, 3, 3, 3, 3, 3, 3, 3, 3, 3, 3, 3, 3, 3, 3, 3, 3, 3, 3, 3, 3, 3, 3, 3, 3, 3, 3, 3, 3, 3, 3, 3, 3, 3, 3, 3, 3, 3, 3, 3, 3, 3, 3, 3, 3, 3, 3, 3, 3, 3, 3, 3, 3, 3, 3, 3, 3, 3, 3, 3, 3, 3, 3, 3, 3, 3, 3, 3, 3, 3, 3, 3, 3, 3, 3, 3, 3, 3, 3, 3, 3, 3, 3, 3, 3, 3, 3, 3, 3, 3, 3, 3, 3, 3, 3, 3, 3, 3, 3, 3, 3, 3, 3, 3, 3, 3, 3, 3, 3, 3, 3, 3, 3, 3, 3, 3, 3, 3, 3, 3, 3, 3, 3, 3, 3, 3, 3, 3, 3, 3, 3, 3, 3, 3, 3, 3, 3, 3, 3, 3, 3, 3, 3, 3, 3, 3, 3, 3, 3, 3, 3, 3, 3, 3, 3, 3, 3, 3, 3, 3, 3, 3, 3, 3, 3, 3, 3, 3, 3, 3, 3, 3, 3, 3, 3, 3, 3, 3, 3, 3, 3, 3, 3, 3, 3, 3, 3, 3, 3, 3, 3, 3, 3, 3, 3, 3, 3, 3, 3, 3, 3, 3, 3, 3, 3, 3, 3, 3, 3, 3, 3, 3, 3, 3, 3, 3, 3, 3, 3, 3, 3, 3, 3, 3, 3, 3, 3, 3, 3, 3, 3, 3, 3, 3, 3, 3, 3, 3, 3, 3, 3, 3, 3, 3, 3, 3, 3, 3, 3, 3, 3, 3, 3, 3, 3, 3, 3, 3, 3, 3, 3, 3, 3, 3, 3, 3, 3, 3, 3, 3, 3, 3, 3, 3, 3, 3, 3, 3, 3, 3, 3, 3, 3, 3, 3, 3, 3, 3, 3, 3, 3, 3, 3, 3, 3, 3, 3, 3, 3, 3, 3, 3, 3, 3, 3, 3, 3, 3, 3, 3, 3, 3, 3, 3, 3, 3, 3, 3, 3, 3, 3, 3, 3, 3, 3, 3, 3, 3, 3, 3, 3, 3, 3, 3, 3, 3, 3, 3, 3, 3, 3, 3, 3, 3, 3, 3, 3, 3, 3, 3, 3, 3, 3, 3, 3, 3, 3, 3, 3, 3, 3, 3, 3, 3, 3, 3, 3, 3, 3, 3, 3, 3, 3, 3, 3, 3, 3, 3, 3, 3, 3, 3, 3, 3, 3, 3, 3, 3, 3, 3, 3, 3, 3, 3, 3, 3, 3, 3, 3, 3, 3, 3, 3, 3, 3, 3, 3, 3, 3, 3, 3, 3, 3, 3, 3, 3, 3, 3, 3, 3, 3, 3, 3, 3, 3, 3, 3, 3, 3, 3, 3, 3, 3, 3, 3, 3, 3, 3, 3, 3, 3, 3, 3, 3, 3, 3, 3, 3, 3, 3, 3, 3, 3, 3, 3, 3, 3, 3, 3, 3, 3, 3, 3, 3, 3, 3, 3, 3, 3, 3, 3, 3, 3, 3, 3, 3, 3, 3, 3, 3, 3, 3, 3, 3, 3, 3, 3, 3, 3, 3, 3, 3, 3, 3, 3, 3, 3, 3, 3, 3, 3, 3, 3, 3, 3, 3, 3, 3, 3, 3, 3, 3, 3, 3, 3, 3, 3, 3, 3, 3, 3, 3, 3, 3, 3, 3, 3, 3, 3, 3, 3, 3, 3, 3, 3, 3, 3, 3, 3, 3, 3, 3, 3, 3, 3, 3, 3, 3, 3, 3, 3, 3, 3, 3, 3, 3, 3, 3, 3, 3, 3, 3, 3, 3, 3, 3, 3, 3, 3, 3, 3, 3, 3, 3, 3, 3, 3, 3, 3, 3, 3, 3, 3, 3, 3, 3, 3, 3, 3, 3, 3, 3, 3, 3, 3, 3, 3, 3, 3, 3, 3, 3, 3, 3, 3, 3, 3, 3, 3, 3, 3, 3, 3, 3, 3, 3, 3, 3, 3, 3, 3, 3, 3, 3, 3, 3, 3, 3, 3, 3, 3, 3, 3, 3, 3, 3, 3, 3, 3, 3, 3, 3, 3, 3, 3, 3, 3, 3, 3, 3, 3, 3, 3, 3, 3, 3, 3, 3, 3, 3, 3, 3, 3, 3, 3, 3, 3, 3, 3, 3, 3, 3, 3, 3, 3, 3, 3, 3, 3, 3, 3, 3, 3, 3, 3, 3, 3, 3, 3, 3, 3, 3, 3, 3, 3, 3, 3, 3, 3, 3, 3, 3, 3, 3, 3, 3, 3, 3, 3, 3, 3, 3, 3, 3, 3, 3, 3, 3, 3, 3, 3, 3, 3, 3, 3, 3, 3, 3, 3, 3, 3, 3, 3, 3, 3, 3, 3, 3, 3, 3, 3, 3, 3, 3, 3, 3, 3, 3, 3, 3, 3, 3, 3, 3, 3, 3, 3, 3, 3, 3, 3, 3, 3, 3, 3, 3, 3, 3, 3, 3, 3, 3, 3, 3, 3, 3, 3, 3, 3, 3, 3, 3, 3, 3, 3, 3, 3, 3, 3, 3, 3, 3, 3, 3, 3, 3, 3, 3, 3, 3, 3, 3, 3, 3, 3, 3, 3, 3, 3, 3, 3, 3, 3, 3, 3, 3, 3, 3, 3, 3, 3, 3, 3, 3, 3, 3, 3, 3, 3, 3, 3, 3, 3, 3, 3, 3, 3, 3, 3, 3, 3, 3, 3, 3, 3, 3, 3, 3, 3, 3, 3, 3, 3, 3, 3, 3, 3, 3, 3, 3, 3, 3, 3, 3, 3, 3, 3, 3, 3, 3, 3, 3, 3, 3, 3, 3, 3, 3, 3, 3, 3, 3, 3, 3, 3, 3, 3, 3, 3, 3, 3, 3, 3, 3, 3, 3, 3, 3, 3, 3, 3, 3, 3, 3, 3, 3, 3, 3, 3, 3, 3, 3, 3, 3, 3, 3, 3, 3, 3, 3, 3, 3, 3, 3, 3, 3, 3, 3, 3, 3, 3, 3, 3, 3, 3, 3, 3, 3, 3, 3, 3, 3, 3, 3, 3, 3, 3, 3, 3, 3, 3, 3, 3, 3, 3, 3, 3, 3, 3, 3, 3, 3, 3, 3, 3, 3, 3, 3, 3, 3, 3, 3, 3, 3, 3, 3, 3, 3, 3, 3, 3, 3, 3, 3, 3, 3, 3, 3, 3, 3, 3, 3, 3, 3, 3, 3, 3, 3, 3, 3, 3, 3, 3, 3, 3, 3, 3, 3, 3, 3, 3, 3, 3, 3, 3, 3, 3, 3, 3, 3, 3, 3, 3, 3, 3, 3, 3, 3, 3, 3, 3, 3, 3, 3, 3, 3, 3, 3, 3, 3, 3, 3, 3, 3, 3, 3, 3, 3, 3, 3, 3, 3, 3, 3, 3, 3, 3, 3, 3, 3, 3, 3, 3, 3, 3, 3, 3, 3, 3, 3, 3, 3, 3, 3, 3, 3, 3, 3, 3, 3, 3, 3, 3, 3, 3, 3, 3, 3, 3, 3, 3, 3, 3, 3, 3, 3, 3, 3, 3, 3, 3, 3, 3, 3, 3, 3, 3, 3, 3, 3, 3, 3, 3, 3, 3, 3, 3, 3, 3, 3, 3, 3, 3, 3, 3, 3, 3, 3, 3, 3, 3, 3, 3, 3, 3, 3, 3, 3, 3, 3, 3, 3, 3, 3, 3, 3, 3, 3, 3, 3, 3, 3, 3, 3, 3, 3, 3, 3, 3, 3, 3, 3, 3, 3, 3, 3, 3, 3, 3, 3, 3, 3, 3, 3, 3, 3, 3, 3, 3, 3, 3, 3, 3, 3, 3, 3, 3, 3, 3, 3, 3, 3, 3, 3, 3, 3, 3, 3, 3, 3, 3, 3, 3, 3, 3, 3, 3, 3, 3, 3, 3, 3, 3, 3, 3, 3, 3, 3, 3, 3, 3, 3, 3, 3, 3, 3, 3, 3, 3, 3, 3, 3, 3, 3, 3, 3, 3, 3, 3, 3, 3, 3, 3, 3, 3, 3, 3, 3, 3, 3, 3, 3, 3, 3, 3, 3, 3, 3, 3, 3, 3, 3, 3, 3, 3, 3, 3, 3, 3, 3, 3, 3, 3, 3, 3, 3, 3, 3, 3, 3, 3, 3, 3, 3, 3, 3, 3, 3, 3, 3, 3, 3, 3, 3, 3, 3, 3, 3, 3, 3, 3, 3, 3, 3, 3, 3, 3, 3, 3, 3, 3, 3, 3, 3, 3, 3, 3, 3, 3, 3, 3, 3, 3, 3, 3, 3, 3, 3, 3, 3, 3, 3, 3, 3, 3, 3, 3, 3, 3, 3, 3, 3, 3, 3, 3, 3, 3, 3, 3, 3, 3, 3, 3, 3, 3, 3, 3, 3, 3, 3, 3, 3, 3, 3, 3, 3, 3, 3, 3, 3, 3, 3, 3, 3, 3, 3, 3, 3, 3, 3, 3, 3, 3, 3, 3, 3, 3, 3, 3, 3, 3, 3, 3, 3, 3, 3, 3, 3, 3, 3, 3, 3, 3, 3, 3, 3, 3, 3, 3, 3, 3, 3, 3, 3, 3, 3, 3, 3, 3, 3, 3, 3, 3, 3, 3, 3, 3, 3, 3, 3, 3, 3, 3, 3, 3, 3, 3, 3, 3, 3, 3, 3, 3, 3, 3, 3, 3, 3, 3, 3, 3, 3, 3, 3, 3, 3, 3, 3, 3, 3, 3, 3, 3, 3, 3, 3, 3, 3, 3, 3, 3, 3, 3, 3, 3, 3, 3, 3, 3, 3, 3, 3, 3, 3, 3, 3, 3, 3, 3, 3, 3, 3, 3, 3, 3, 3, 3, 3, 3, 3, 3, 3, 3, 3, 3, 3, 3, 3, 3, 3, 3, 3, 3, 3, 3, 3, 3, 3, 3, 3, 3, 3, 3, 3, 3, 3, 3, 3, 3, 3, 3, 3, 3, 3, 3, 3, 3, 3, 3, 3, 3, 3, 3, 3, 3, 3, 3, 3, 3, 3, 3, 3, 3, 3, 3, 3, 3, 3, 3, 3, 3, 3, 3, 3, 3, 3, 3, 3, 3, 3, 3, 3, 3, 3, 3, 3, 3, 3, 3, 3, 3, 3, 3, 3, 3, 3, 3, 3, 3, 3, 3, 3, 3, 3, 3, 3, 3, 3, 3, 3, 3, 3, 3, 3, 3, 3, 3, 3, 3, 3, 3, 3, 3, 3, 3, 3, 3, 3, 3, 3, 3, 3, 3, 3, 3, 3, 3, 3, 3, 3, 3, 3, 3, 3, 3, 3, 3, 3, 3, 3, 3, 3, 3, 3, 3, 3, 3, 3, 3, 3, 3, 3, 3, 3, 3, 3, 3, 3, 3, 3, 3, 3, 3, 3, 3, 3, 3, 3, 3, 3, 3, 3, 3, 3, 3, 3, 3, 3, 3, 3, 3, 3, 3, 3, 3, 3, 3, 3, 3, 3, 3, 3, 3, 3, 3, 3, 3, 3, 3, 3, 3, 3, 3, 3, 3, 3, 3, 3, 3, 3, 3, 3, 3, 3, 3, 3, 3, 3, 3, 3, 3, 3, 3, 3, 3, 3, 3, 3, 3, 3, 3, 3, 3, 3, 3, 3, 3, 3, 3, 3, 3, 3, 3, 3, 3, 3, 3, 3, 3, 3, 3, 3, 3, 3, 3, 3, 3, 3, 3, 3, 3, 3, 3, 3, 3, 3, 3, 3, 3, 3, 3, 3, 3, 3, 3, 3, 3, 3, 3, 3, 3, 3, 3, 3, 3, 3, 3, 3, 3, 3, 3, 3, 3, 3, 3, 3, 3, 3, 3, 3, 3, 3, 3, 3, 3, 3, 3, 3, 3, 3, 3, 3, 3, 3, 3, 3, 3, 3, 3, 3, 3, 3, 3, 3, 3, 3, 3, 3, 3, 3, 3, 3, 3, 3, 3, 3, 3, 3, 3, 3, 3, 3, 3, 3, 3, 3, 3, 3, 3, 3, 3, 3, 3, 3, 3, 3, 3, 3, 3, 3, 3, 3, 3, 3, 3, 3, 3, 3, 3, 3, 3, 3, 3, 3, 3, 3, 3, 3, 3, 3, 3, 3, 3, 3, 3, 3, 3, 3, 3, 3, 3, 3, 3, 3, 3, 3, 3, 3, 3, 3, 3, 3, 3, 3, 3, 3, 3, 3, 3, 3, 3, 3, 3, 3, 3, 3, 3, 3, 3, 3, 3, 3, 3, 3, 3, 3, 3, 3, 3, 3, 3, 3, 3, 3, 3, 3, 3, 3, 3, 3, 3, 3, 3, 3, 3, 3, 3, 3, 3, 3, 3, 3, 3, 3, 3, 3, 3, 3, 3, 3, 3, 3, 3, 3, 3, 3, 3, 3, 3, 3, 3, 3, 3, 3, 3, 3, 3, 3, 3, 3, 3, 3, 3, 3, 3, 3, 3, 3, 3, 3, 3, 3, 3, 3, 3, 3, 3, 3, 3, 3, 3, 3, 3, 3, 3, 3, 3, 3, 3, 3, 3, 3, 3, 3, 3, 3, 3, 3, 3, 3, 3, 3, 3, 3, 3, 3, 3, 3, 3, 3, 3, 3, 3, 3, 3, 3, 3, 3, 3, 3, 3, 3, 3, 3, 3, 3, 3, 3, 3, 3, 3, 3, 3, 3, 3, 3, 3, 3, 3, 3, 3, 3, 3, 3, 3, 3, 3, 3, 3, 3, 3, 3, 3, 3, 3, 3, 3, 3, 3, 3, 3, 3, 3, 3, 3, 3, 3, 3, 3, 3, 3, 3, 3, 3, 3, 3, 3, 3, 3, 3, 3, 3, 3, 3, 3, 3, 3, 3, 3, 3, 3, 3, 3, 3, 3, 3, 3, 3, 3, 3, 3, 3, 3, 3, 3, 3, 3, 3, 3, 3, 3, 3, 3, 3, 3, 3, 3, 3, 3, 3, 3, 3, 3, 3, 3, 3, 3, 3, 3, 3, 3, 3, 3, 3, 3, 3, 3, 3, 3, 3, 3, 3, 3, 3, 3, 3, 3, 3, 3, 3, 3, 3, 3, 3, 3, 3, 3, 3, 3, 3, 3, 3, 3, 3, 3, 3, 3, 3, 3, 3, 3, 3, 3, 3, 3, 3, 3, 3, 3, 3, 3, 3, 3, 3, 3, 3, 3, 3, 3, 3, 3, 3, 3, 3, 3, 3, 3, 3, 3, 3, 3, 3, 3, 3, 3, 3, 3, 3, 3, 3, 3, 3, 3, 3, 3, 3, 3, 3, 3, 3, 3, 3, 3, 3, 3, 3, 3, 3, 3, 3, 3, 3, 3, 3, 3, 3, 3, 3, 3, 3, 3, 3, 3, 3, 3, 3, 3, 3, 3, 3, 3, 3, 3, 3, 3, 3, 3, 3, 3, 3, 3, 3, 3, 3, 3, 3, 3, 3, 3, 3, 3, 3, 3, 3, 3, 3, 3, 3, 3, 3, 3, 3, 3, 3, 3, 3, 3, 3, 3, 3, 3, 3, 3, 3, 3, 3, 3, 3, 3, 3, 3, 3, 3, 3, 3, 3, 3, 3, 3, 3, 3, 3, 3, 3, 3, 3, 3, 3, 3, 3, 3, 3, 3, 3, 3, 3, 3, 3, 3, 3, 3, 3, 3, 3, 3, 3, 3, 3, 3, 3, 3, 3, 3, 3, 3, 3, 3, 3, 3, 3, 3, 3, 3, 3, 3, 3, 3, 3, 3, 3, 3, 3, 3, 3, 3, 3, 3, 3, 3, 3, 3, 3, 3, 3, 3, 3, 3, 3, 3, 3, 3, 3, 3, 3, 3, 3, 3, 3, 3, 3, 3, 3, 3, 3, 3, 3, 3, 3, 3, 3, 3, 3, 3, 3, 3, 3, 3, 3, 3, 3, 3, 3, 3, 3, 3, 3, 3, 3, 3, 3, 3, 3, 3, 3, 3, 3, 3, 3, 3, 3, 3, 3, 3, 3, 3, 3, 3, 3, 3, 3, 3, 3, 3, 3, 3, 3, 3, 3, 3, 3, 3, 3, 3, 3, 3, 3, 3, 3, 3, 3, 3, 3, 3, 3, 3, 3, 3, 3, 3, 3, 3, 3, 3, 3, 3, 3, 3, 3, 3, 3, 3, 3, 3, 3, 3, 3, 3, 3, 3, 3, 3, 3, 3, 3, 3, 3, 3, 3, 3, 3, 3, 3, 3, 3, 3, 3, 3, 3, 3, 3, 3, 3, 3, 3, 3, 3, 3, 3, 3, 3, 3, 3, 3, 3, 3, 3, 3, 3, 3, 3, 3, 3, 3, 3, 3, 3, 3, 3, 3, 3, 3, 3, 3, 3, 3, 3, 3, 3, 3, 3, 3, 3, 3, 3, 3, 3, 3, 3, 3, 3, 3, 3, 3, 3, 3, 3, 3, 3, 3, 3, 3, 3, 3, 3, 3, 3, 3, 3, 3, 3, 3, 3, 3, 3, 3, 3, 3, 3, 3, 3, 3, 3, 3, 3, 3, 3, 3, 3, 3, 3, 3, 3, 3, 3, 3, 3, 3, 3, 3, 3, 3, 3, 3, 3, 3, 3, 3, 3, 3, 3, 3, 3, 3, 3, 3, 3, 3, 3, 3, 3, 3, 3, 3, 3, 3, 3, 3, 3, 3, 3, 3, 3, 3, 3, 3, 3, 3, 3, 3, 3, 3, 3, 3, 3, 3, 3, 3, 3, 3, 3, 3, 3, 3, 3, 3, 3, 3, 3, 3, 3, 3, 3, 3, 3, 3, 3, 3, 3, 3, 3, 3, 3, 3, 3, 3, 3, 3, 3, 3, 3, 3, 3, 3, 3, 3, 3, 3, 3, 3, 3, 3, 3, 3, 3, 3, 3, 3, 3, 3, 3, 3, 3, 3, 3, 3, 3, 3, 3, 3, 3, 3, 3, 3, 3, 3, 3, 3, 3, 3, 3, 3, 3, 3, 3, 3, 3, 3, 3, 3, 3, 3, 3, 3, 3, 3, 3, 3, 3, 3, 3, 3, 3, 3, 3, 3, 3, 3, 3, 3, 3, 3, 3, 3, 3, 3, 3, 3, 3, 3, 3, 3, 3, 3]
        int[] faceVertexIndices = [1068, 1646, 1577, 1057, 908, 938, 420, 1175, 237, 1054, 1100, 1041, 237, 1058, 1125, 1253, 29, 1260, 1064, 1070, 0, 1036, 1129, 1119, 1569, 2380, 1584, 2433, 2501, 2472, 1631, 1653, 1645, 1143, 1165, 668, 1201, 1439, 304, 1070, 1089, 0, 1554, 1569, 1583, 1183, 1173, 403, 64, 431, 11, 1031, 1084, 573, 1788, 2206, 2222, 1153, 1117, 1183, 1140, 1085, 1153, 98, 1116, 341, 403, 1173, 418, 488, 1999, 1997, 1117, 1173, 1183, 1195, 402, 135, 1494, 716, 1489, 1803, 401, 1206, 2271, 1397, 890, 1099, 1001, 803, 1595, 1594, 2380, 207, 419, 1206, 401, 207, 1206, 1454, 1934, 1924, 1175, 1058, 237, 1149, 1039, 347, 1956, 1536, 2050, 1123, 1188, 938, 1803, 1206, 1822, 1380, 1299, 1108, 382, 383, 1181, 1084, 1085, 1140, 1039, 1045, 131, 219, 1494, 1187, 419, 260, 1206, 260, 419, 1064, 1054, 1132, 1100, 1053, 420, 402, 181, 1108, 1, 1180, 1206, 319, 544, 1569, 1560, 34, 341, 431, 1023, 573, 1140, 431, 341, 11, 1488, 1080, 1546, 1180, 319, 1804, 1515, 1682, 1506, 356, 1116, 1046, 1560, 1569, 1554, 1089, 1195, 1205, 1046, 1202, 1050, 1164, 201, 1120, 1098, 340, 300, 1173, 239, 418, 921, 920, 832, 1120, 1079, 384, 814, 20, 1182, 34, 98, 341, 1082, 397, 261, 105, 93, 1316, 93, 291, 1316, 291, 94, 1316, 939, 1038, 1032, 1299, 1305, 432, 20, 211, 470, 1119, 1130, 1036, 832, 920, 687, 1116, 356, 341, 105, 270, 93, 385, 226, 1374, 1129, 1043, 1052, 418, 239, 218, 1254, 1243, 31, 1556, 1080, 1488, 2061, 2119, 2108, 2033, 2109, 429, 22, 314, 1110, 290, 93, 270, 290, 291, 93, 49, 385, 94, 963, 733, 664, 1615, 1584, 1610, 444, 1083, 401, 573, 1084, 1140, 1653, 340, 1652, 219, 1187, 1639, 341, 68, 11, 416, 260, 327, 291, 49, 94, 203, 226, 385, 49, 203, 385, 1275, 1470, 1310, 1205, 1195, 135, 1032, 1054, 1041, 1036, 1043, 1129, 1179, 319, 416, 1120, 201, 1079, 324, 202, 270, 290, 75, 291, 291, 236, 49, 2158, 1695, 1766, 582, 928, 849, 1583, 1584, 1615, 1494, 1489, 1187, 1556, 1488, 1659, 1077, 1068, 1493, 1971, 1991, 1970, 182, 1225, 1999, 324, 428, 202, 291, 75, 236, 1151, 226, 1142, 1487, 1411, 1488, 1637, 1645, 1652, 1946, 1868, 2467, 202, 305, 290, 305, 75, 290, 236, 247, 49, 203, 1142, 226, 2394, 13, 428, 1501, 880, 2499, 0, 1089, 201, 1651, 1652, 1098, 2116, 1862, 2495, 49, 247, 203, 159, 791, 993, 883, 887, 856, 543, 2116, 2495, 1089, 1205, 201, 2462, 878, 2491, 428, 305, 202, 497, 187, 417, 864, 883, 856, 993, 997, 1013, 883, 896, 887, 1794, 947, 1801, 207, 1034, 1070, 1064, 0, 1065, 376, 434, 1376, 303, 428, 13, 303, 305, 428, 72, 59, 73, 247, 591, 203, 845, 2263, 828, 896, 911, 905, 1003, 990, 991, 1421, 1420, 1232, 979, 9, 302, 1057, 921, 908, 2435, 2448, 2417, 393, 434, 376, 434, 474, 445, 474, 473, 445, 335, 336, 360, 337, 234, 371, 623, 147, 128, 811, 305, 595, 1725, 991, 1018, 944, 1513, 1510, 1068, 1626, 1627, 1811, 1822, 1180, 1164, 1120, 168, 446, 474, 434, 2486, 2457, 900, 41, 58, 45, 400, 6, 186, 1009, 969, 796, 1512, 219, 1639, 2473, 2490, 2461, 593, 306, 1013, 397, 1512, 1639, 306, 593, 1025, 544, 2380, 1569, 402, 420, 237, 444, 401, 126, 1610, 1630, 1615, 1804, 1179, 1147, 393, 446, 434, 2340, 2412, 2375, 74, 73, 59, 540, 46, 41, 46, 58, 41, 540, 41, 27, 916, 930, 1102, 896, 905, 882, 2483, 2067, 778, 887, 882, 856, 260, 1064, 327, 362, 1306, 348, 376, 362, 393, 443, 746, 463, 322, 337, 361, 91, 115, 73, 591, 633, 96, 981, 1026, 1003, 1019, 981, 1003, 1083, 1053, 1034, 207, 401, 1083, 420, 1118, 1175, 1206, 1180, 1822, 1178, 1186, 1159, 262, 295, 1342, 1297, 295, 1306, 1306, 295, 348, 404, 362, 348, 404, 393, 362, 404, 446, 393, 361, 371, 383, 337, 371, 361, 982, 1003, 986, 121, 133, 138, 414, 439, 413, 74, 91, 73, 225, 185, 245, 795, 786, 699, 1118, 1058, 1175, 121, 113, 90, 623, 128, 115, 640, 557, 630, 1310, 1317, 1486, 99, 1161, 1169, 1652, 340, 1098, 1315, 1982, 272, 262, 276, 295, 295, 357, 348, 435, 446, 404, 108, 553, 569, 503, 1384, 2500, 114, 121, 90, 2067, 2459, 778, 42, 776, 162, 377, 404, 348, 357, 377, 348, 447, 446, 435, 447, 475, 446, 77, 76, 107, 74, 59, 46, 1763, 2480, 1794, 716, 713, 1511, 1489, 716, 1500, 237, 1125, 167, 1877, 1865, 825, 2024, 2359, 2366, 250, 277, 262, 277, 276, 262, 276, 317, 295, 295, 317, 357, 317, 349, 357, 377, 435, 404, 383, 371, 1181, 453, 439, 414, 986, 1003, 991, 492, 475, 447, 322, 787, 337, 402, 237, 135, 1564, 1502, 1473, 296, 276, 277, 296, 317, 276, 357, 349, 377, 377, 387, 435, 475, 492, 499, 72, 104, 59, 322, 336, 311, 952, 1572, 2357, 141, 160, 118, 453, 442, 439, 1861, 1870, 1404, 296, 318, 317, 559, 46, 540, 169, 1322, 110, 356, 1046, 1049, 1118, 97, 1058, 1837, 1876, 1899, 2358, 229, 250, 349, 363, 377, 448, 447, 435, 448, 492, 447, 184, 185, 225, 442, 468, 478, 873, 164, 2479, 462, 443, 463, 63, 104, 90, 1181, 439, 1128, 1957, 1650, 2501, 1237, 2033, 190, 250, 278, 277, 277, 278, 296, 363, 387, 377, 482, 492, 448, 133, 147, 138, 243, 267, 258, 909, 941, 929, 104, 114, 90, 23, 29, 17, 1131, 486, 1058, 1868, 1946, 2020, 2496, 2493, 2462, 2358, 2384, 229, 229, 279, 250, 250, 279, 278, 278, 307, 296, 296, 307, 318, 318, 363, 317, 363, 349, 317, 387, 394, 435, 435, 394, 448, 492, 471, 499, 121, 128, 133, 124, 141, 123, 372, 399, 392, 23, 556, 29, 2263, 2277, 2250, 1260, 29, 1268, 1729, 1861, 1876, 251, 279, 229, 342, 363, 318, 363, 342, 387, 62, 63, 90, 398, 392, 415, 415, 443, 462, 161, 188, 141, 767, 372, 325, 188, 660, 176, 188, 198, 660, 846, 886, 863, 532, 746, 443, 1743, 1021, 1417, 1169, 523, 728, 120, 1341, 127, 1235, 1243, 25, 279, 280, 278, 280, 307, 278, 342, 318, 307, 342, 364, 387, 387, 364, 394, 364, 405, 394, 405, 448, 394, 482, 476, 492, 476, 490, 471, 492, 476, 471, 77, 108, 76, 165, 173, 195, 480, 149, 813, 62, 58, 63, 325, 372, 392, 642, 259, 42, 229, 252, 251, 448, 440, 482, 440, 476, 482, 414, 415, 462, 225, 245, 244, 463, 469, 453, 322, 361, 336, 51, 36, 1282, 252, 280, 251, 280, 279, 251, 308, 307, 280, 329, 342, 307, 365, 364, 342, 440, 448, 405, 463, 813, 14, 882, 905, 886, 336, 361, 370, 478, 497, 289, 246, 745, 1002, 24, 36, 556, 639, 929, 668, 2485, 2498, 2458, 308, 329, 307, 342, 329, 365, 440, 436, 476, 289, 497, 417, 123, 118, 107, 76, 123, 107, 588, 124, 108, 569, 588, 108, 124, 161, 141, 1044, 432, 1033, 1206, 260, 319, 2003, 2473, 2494, 1214, 1227, 2284, 364, 395, 405, 395, 421, 405, 421, 436, 440, 405, 421, 440, 58, 46, 59, 50, 77, 65, 360, 370, 382, 195, 214, 213, 462, 453, 414, 26, 40, 534, 52, 1282, 36, 83, 1298, 1282, 1804, 319, 1179, 253, 252, 221, 253, 280, 252, 308, 365, 329, 395, 364, 365, 455, 476, 436, 483, 490, 476, 2479, 2484, 2492, 417, 187, 186, 52, 84, 1282, 84, 83, 1282, 419, 1070, 1064, 263, 280, 253, 297, 308, 280, 367, 365, 366, 367, 395, 365, 1638, 1563, 1138, 559, 47, 46, 81, 470, 211, 24, 37, 36, 201, 1205, 1079, 263, 297, 280, 297, 330, 308, 308, 330, 365, 330, 366, 365, 395, 367, 421, 421, 455, 436, 490, 1191, 312, 1698, 2063, 1709, 461, 442, 478, 370, 361, 383, 2501, 2475, 2463, 370, 383, 382, 20, 731, 211, 1570, 1628, 1626, 37, 38, 52, 36, 37, 52, 38, 84, 52, 1172, 1183, 403, 1005, 2141, 1673, 200, 254, 253, 254, 263, 253, 367, 406, 421, 449, 455, 421, 449, 483, 455, 455, 483, 476, 313, 1191, 490, 2026, 2500, 2488, 2474, 2470, 2487, 550, 491, 731, 463, 480, 813, 1080, 1493, 1546, 200, 230, 254, 406, 449, 421, 483, 493, 490, 493, 326, 490, 326, 313, 490, 875, 796, 994, 846, 855, 828, 124, 142, 161, 133, 128, 147, 1563, 1570, 1626, 416, 319, 260, 327, 1064, 1065, 169, 155, 200, 155, 230, 200, 230, 281, 254, 281, 263, 254, 449, 484, 483, 483, 484, 493, 2462, 2485, 2478, 158, 184, 166, 491, 67, 211, 731, 491, 211, 67, 81, 211, 1310, 1470, 1295, 100, 155, 110, 331, 263, 281, 331, 297, 263, 331, 330, 297, 330, 331, 366, 406, 422, 449, 449, 422, 484, 803, 1001, 1442, 2483, 778, 945, 688, 442, 461, 439, 688, 1128, 165, 166, 173, 37, 30, 38, 111, 144, 100, 100, 144, 155, 155, 255, 230, 331, 422, 367, 366, 331, 367, 367, 422, 406, 945, 778, 919, 1431, 1260, 1448, 460, 477, 452, 463, 14, 469, 30, 53, 38, 38, 53, 84, 85, 100, 84, 144, 209, 155, 281, 282, 331, 282, 368, 331, 368, 422, 331, 422, 407, 484, 853, 875, 964, 77, 107, 65, 439, 442, 688, 373, 2464, 960, 928, 518, 978, 53, 85, 84, 155, 240, 255, 255, 281, 230, 255, 282, 281, 388, 422, 368, 388, 407, 422, 407, 456, 484, 456, 48, 484, 484, 48, 493, 493, 134, 326, 174, 82, 313, 1166, 1139, 1482, 195, 173, 214, 696, 15, 67, 1037, 81, 15, 139, 116, 140, 1653, 1652, 1645, 1233, 53, 30, 85, 111, 100, 209, 240, 155, 922, 916, 910, 696, 33, 15, 144, 192, 209, 255, 264, 282, 264, 309, 282, 282, 309, 368, 309, 343, 368, 343, 369, 368, 369, 388, 368, 408, 407, 388, 408, 465, 407, 465, 456, 407, 465, 48, 456, 48, 134, 493, 173, 224, 214, 1013, 765, 601, 825, 2219, 2214, 1077, 1493, 1080, 1272, 69, 85, 119, 111, 85, 145, 144, 111, 145, 192, 144, 264, 255, 240, 222, 264, 240, 485, 48, 465, 174, 326, 134, 104, 121, 114, 479, 14, 680, 224, 233, 214, 730, 33, 696, 85, 53, 1272, 69, 119, 85, 192, 240, 209, 298, 309, 264, 309, 332, 343, 343, 350, 369, 423, 465, 408, 134, 48, 174, 213, 214, 233, 47, 74, 46, 33, 8, 1037, 15, 33, 1037, 202, 290, 270, 8, 557, 753, 1194, 396, 1119, 119, 145, 111, 145, 193, 192, 265, 264, 222, 265, 298, 264, 298, 332, 309, 332, 350, 343, 381, 382, 391, 398, 415, 414, 265, 332, 298, 350, 351, 369, 423, 485, 465, 486, 174, 48, 6, 116, 186, 1181, 413, 439, 40, 41, 45, 289, 288, 496, 2501, 2463, 2472, 371, 398, 413, 1569, 1584, 1583, 1065, 0, 1164, 0, 201, 1164, 119, 69, 101, 156, 145, 119, 193, 222, 192, 222, 240, 192, 351, 378, 369, 369, 378, 388, 409, 408, 388, 2477, 1408, 1957, 805, 944, 1001, 156, 193, 145, 266, 265, 222, 266, 332, 265, 378, 409, 388, 409, 437, 408, 437, 423, 408, 189, 204, 142, 336, 370, 360, 2214, 829, 825, 1630, 1645, 1637, 101, 156, 119, 156, 194, 193, 194, 222, 193, 194, 210, 222, 222, 210, 266, 266, 299, 332, 299, 333, 350, 332, 299, 350, 350, 333, 351, 409, 410, 437, 437, 485, 423, 486, 48, 485, 874, 593, 988, 107, 580, 65, 224, 244, 243, 311, 335, 334, 150, 753, 106, 273, 1385, 299, 351, 333, 378, 922, 1728, 1095, 243, 244, 267, 462, 463, 453, 413, 398, 414, 14, 479, 469, 1646, 1068, 1077, 908, 921, 832, 386, 416, 327, 132, 156, 101, 1313, 132, 101, 132, 194, 156, 1147, 1178, 1159, 1045, 1166, 181, 378, 410, 409, 791, 338, 228, 390, 6, 667, 184, 225, 173, 460, 289, 496, 2026, 503, 2500, 1195, 1053, 402, 727, 1018, 751, 2458, 2482, 2460, 1290, 1263, 54, 132, 1355, 194, 194, 1355, 210, 411, 437, 410, 3, 485, 437, 457, 3, 437, 3, 486, 485, 1719, 1571, 1770, 244, 274, 267, 1868, 2020, 2058, 234, 398, 371, 63, 59, 104, 835, 2491, 878, 1314, 132, 1313, 1330, 1381, 1355, 1309, 925, 1127, 6, 1120, 116, 118, 160, 610, 379, 378, 333, 378, 379, 410, 466, 3, 457, 494, 486, 3, 494, 1125, 486, 415, 399, 532, 478, 468, 497, 73, 115, 72, 477, 460, 496, 392, 399, 415, 60, 1290, 54, 504, 1998, 2473, 1998, 2490, 2473, 198, 188, 35, 1163, 1164, 168, 1178, 386, 248, 389, 410, 379, 410, 389, 411, 457, 437, 411, 494, 167, 1125, 479, 468, 469, 115, 121, 104, 417, 186, 139, 184, 173, 166, 165, 147, 166, 469, 468, 442, 39, 54, 31, 60, 70, 1290, 70, 102, 1290, 1183, 1172, 1153, 633, 513, 96, 424, 457, 411, 916, 922, 930, 2471, 2488, 852, 753, 640, 566, 43, 566, 1162, 453, 469, 442, 39, 31, 1248, 32, 39, 1248, 55, 54, 39, 55, 60, 54, 450, 1264, 438, 1179, 416, 1178, 1098, 300, 1076, 1188, 1057, 938, 1058, 220, 1131, 597, 1073, 1074, 411, 425, 424, 649, 185, 184, 233, 243, 258, 225, 244, 224, 1032, 1041, 1029, 2491, 835, 246, 6, 168, 1120, 1461, 1321, 1481, 424, 466, 457, 495, 3, 466, 1750, 2467, 2479, 289, 417, 139, 325, 788, 761, 141, 176, 160, 164, 1750, 2479, 86, 102, 70, 102, 86, 103, 1179, 1178, 1147, 416, 386, 1178, 2080, 2059, 2030, 1153, 1172, 1140, 180, 130, 196, 441, 424, 425, 613, 143, 142, 875, 1009, 796, 39, 44, 55, 55, 44, 60, 86, 70, 60, 1562, 1436, 1589, 1120, 384, 116, 1147, 1159, 1136, 1448, 1458, 1438, 1027, 2461, 928, 441, 458, 424, 458, 466, 424, 167, 494, 3, 495, 167, 3, 1762, 1402, 1443, 139, 186, 116, 243, 233, 224, 245, 739, 268, 371, 413, 1181, 39, 546, 44, 44, 61, 60, 61, 86, 60, 86, 87, 103, 1083, 516, 1053, 386, 327, 1063, 2466, 2496, 2484, 285, 1362, 301, 204, 188, 161, 289, 139, 288, 213, 233, 223, 392, 398, 808, 314, 1130, 396, 301, 320, 352, 1163, 168, 390, 426, 458, 441, 216, 495, 466, 216, 167, 495, 977, 968, 2073, 360, 382, 381, 268, 275, 244, 1439, 10, 304, 61, 87, 86, 327, 1065, 1063, 1065, 1164, 1163, 241, 286, 301, 1362, 241, 301, 286, 320, 301, 1178, 248, 1186, 982, 1019, 1003, 463, 746, 480, 787, 322, 275, 268, 244, 245, 87, 88, 1324, 170, 171, 241, 359, 352, 320, 359, 1353, 352, 1056, 1063, 1163, 2183, 2187, 2182, 459, 458, 450, 459, 466, 458, 148, 167, 216, 148, 135, 167, 115, 128, 121, 108, 123, 76, 158, 166, 147, 27, 41, 40, 56, 87, 61, 44, 56, 61, 1335, 1324, 88, 88, 71, 1335, 146, 171, 170, 171, 257, 241, 257, 256, 241, 256, 286, 241, 256, 320, 286, 344, 359, 320, 359, 380, 1353, 1068, 937, 1654, 386, 472, 248, 269, 216, 466, 129, 135, 148, 850, 846, 828, 982, 986, 974, 188, 176, 141, 87, 71, 88, 183, 257, 171, 256, 287, 320, 1264, 450, 458, 269, 148, 216, 225, 224, 173, 26, 27, 40, 108, 124, 123, 546, 56, 44, 56, 57, 87, 87, 57, 71, 2475, 2483, 2457, 146, 183, 171, 183, 212, 257, 257, 242, 256, 242, 287, 256, 344, 320, 287, 390, 168, 6, 467, 459, 450, 467, 487, 459, 269, 466, 459, 487, 269, 459, 1205, 135, 129, 480, 792, 149, 142, 204, 161, 141, 118, 123, 57, 89, 71, 89, 127, 71, 146, 172, 183, 172, 212, 183, 212, 232, 257, 257, 232, 242, 353, 359, 344, 353, 380, 359, 1025, 990, 306, 267, 311, 258, 1205, 129, 1079, 115, 104, 72, 138, 147, 165, 274, 311, 267, 187, 400, 186, 2478, 2458, 2460, 57, 62, 89, 1063, 1065, 1163, 1063, 472, 386, 287, 310, 344, 310, 353, 344, 995, 993, 306, 451, 467, 438, 451, 477, 467, 477, 487, 467, 140, 129, 148, 1563, 1638, 1562, 546, 40, 56, 2080, 2106, 2059, 381, 380, 353, 496, 269, 487, 288, 148, 269, 288, 140, 148, 113, 121, 138, 58, 59, 63, 274, 322, 311, 400, 667, 6, 40, 45, 56, 56, 45, 57, 1458, 1344, 1268, 1341, 120, 157, 165, 172, 157, 212, 223, 232, 232, 258, 242, 242, 321, 287, 321, 310, 287, 452, 477, 451, 496, 288, 269, 911, 910, 905, 275, 322, 274, 275, 274, 244, 45, 62, 57, 89, 120, 127, 172, 213, 212, 212, 213, 223, 258, 321, 242, 335, 310, 321, 335, 353, 310, 360, 381, 353, 1042, 438, 1289, 496, 487, 477, 384, 129, 140, 384, 1079, 129, 143, 189, 142, 534, 40, 546, 120, 165, 157, 334, 335, 321, 353, 335, 360, 2003, 2480, 1763, 697, 438, 1042, 288, 139, 140, 922, 1095, 930, 649, 184, 158, 45, 58, 62, 62, 90, 89, 89, 113, 120, 120, 138, 165, 172, 195, 213, 258, 334, 321, 2477, 2501, 2433, 311, 336, 335, 89, 90, 113, 113, 138, 120, 165, 195, 172, 223, 233, 232, 233, 258, 232, 258, 311, 334, 1123, 915, 1188, 541, 540, 529, 461, 478, 289, 268, 782, 275, 812, 566, 640, 275, 782, 787, 81, 1037, 1332, 815, 700, 702, 671, 136, 602, 624, 634, 623, 2456, 2438, 1972, 766, 532, 528, 2467, 1868, 2479, 661, 189, 638, 710, 719, 718, 629, 638, 613, 160, 653, 637, 780, 990, 981, 1226, 30, 515, 647, 638, 629, 629, 613, 589, 2097, 543, 1898, 577, 578, 585, 696, 491, 550, 528, 532, 399, 868, 858, 869, 1731, 923, 913, 1003, 1026, 990, 800, 590, 602, 635, 675, 650, 875, 948, 964, 2206, 1788, 1858, 75, 738, 236, 187, 680, 14, 577, 603, 598, 796, 615, 994, 509, 2034, 1364, 75, 811, 616, 616, 738, 75, 1467, 92, 1764, 595, 545, 811, 1456, 1304, 1476, 759, 196, 149, 670, 772, 764, 585, 608, 603, 590, 699, 631, 475, 2311, 473, 2083, 2026, 2488, 581, 589, 570, 1554, 2448, 1995, 673, 545, 595, 811, 654, 616, 160, 176, 660, 598, 603, 635, 699, 786, 575, 775, 674, 571, 775, 673, 674, 616, 633, 738, 590, 631, 648, 611, 545, 673, 616, 654, 633, 727, 751, 705, 570, 2310, 2304, 774, 673, 775, 774, 611, 673, 611, 627, 545, 545, 627, 811, 811, 627, 654, 619, 629, 614, 619, 647, 629, 666, 652, 645, 809, 781, 784, 149, 196, 813, 533, 1516, 1999, 701, 571, 2377, 747, 775, 571, 654, 612, 633, 910, 916, 904, 647, 678, 661, 726, 770, 712, 749, 806, 798, 638, 189, 143, 661, 678, 199, 701, 747, 571, 774, 775, 747, 627, 717, 654, 625, 657, 644, 790, 777, 789, 611, 810, 627, 612, 513, 633, 1379, 1755, 1672, 569, 589, 613, 719, 740, 718, 1073, 794, 834, 613, 638, 143, 611, 774, 810, 717, 734, 654, 654, 734, 612, 797, 337, 787, 635, 651, 675, 570, 589, 554, 527, 729, 686, 689, 701, 2311, 475, 689, 2311, 810, 717, 627, 720, 777, 726, 747, 701, 689, 734, 685, 612, 1516, 2001, 2126, 653, 684, 666, 568, 587, 605, 512, 530, 537, 537, 548, 547, 548, 552, 547, 549, 587, 548, 1902, 868, 869, 690, 774, 747, 690, 599, 774, 599, 810, 774, 810, 562, 717, 562, 735, 717, 717, 735, 734, 735, 646, 734, 734, 646, 685, 685, 744, 612, 744, 513, 612, 568, 605, 604, 653, 666, 637, 850, 856, 846, 587, 568, 548, 689, 690, 747, 679, 513, 744, 2126, 2001, 2093, 746, 700, 480, 399, 372, 528, 599, 535, 810, 535, 562, 810, 1305, 226, 1151, 521, 23, 17, 522, 23, 521, 864, 856, 850, 2030, 2059, 1539, 766, 700, 746, 617, 651, 608, 651, 635, 608, 572, 21, 709, 641, 698, 729, 1521, 1517, 2475, 499, 628, 690, 689, 499, 690, 690, 628, 599, 779, 643, 640, 578, 577, 560, 130, 667, 196, 196, 667, 813, 788, 808, 797, 621, 759, 149, 620, 562, 535, 672, 744, 685, 672, 817, 744, 817, 679, 744, 679, 95, 513, 2494, 2461, 1027, 1027, 582, 574, 662, 793, 663, 628, 760, 599, 760, 756, 599, 599, 756, 535, 620, 695, 562, 754, 735, 562, 695, 754, 562, 632, 735, 754, 632, 646, 735, 622, 685, 646, 632, 622, 646, 685, 622, 672, 818, 679, 817, 679, 818, 95, 1728, 1676, 1095, 2481, 1898, 2470, 536, 535, 756, 535, 536, 620, 672, 818, 817, 2427, 221, 229, 24, 23, 522, 24, 556, 23, 37, 24, 18, 709, 21, 271, 662, 758, 793, 1119, 877, 1194, 536, 695, 620, 695, 632, 754, 821, 2214, 2219, 96, 95, 1052, 749, 783, 742, 886, 904, 863, 767, 783, 372, 511, 512, 547, 572, 663, 21, 695, 714, 632, 672, 520, 818, 2453, 2452, 2444, 882, 886, 846, 305, 811, 75, 641, 527, 758, 797, 808, 234, 993, 791, 997, 586, 625, 585, 1899, 1917, 1936, 644, 651, 617, 536, 785, 695, 520, 592, 818, 514, 18, 522, 740, 748, 718, 788, 325, 808, 538, 580, 549, 656, 776, 722, 683, 712, 659, 691, 711, 719, 651, 665, 691, 506, 760, 628, 471, 506, 628, 506, 756, 760, 622, 632, 672, 723, 520, 672, 514, 515, 18, 303, 674, 673, 177, 777, 720, 946, 1446, 2357, 625, 644, 617, 585, 625, 617, 783, 767, 741, 752, 536, 756, 536, 752, 785, 723, 980, 520, 520, 980, 592, 978, 558, 849, 636, 659, 676, 786, 630, 575, 140, 116, 384, 808, 398, 234, 640, 753, 557, 541, 552, 560, 741, 767, 761, 443, 415, 532, 527, 686, 795, 812, 597, 565, 1489, 1500, 1556, 752, 756, 506, 785, 714, 695, 632, 723, 672, 2089, 2061, 2108, 645, 652, 659, 659, 693, 682, 676, 659, 682, 1871, 838, 837, 1223, 17, 29, 325, 392, 808, 798, 528, 372, 312, 506, 471, 714, 773, 632, 973, 698, 840, 702, 819, 815, 691, 710, 675, 1013, 354, 765, 874, 751, 1018, 626, 645, 659, 710, 691, 719, 651, 691, 675, 798, 372, 783, 812, 565, 566, 2461, 2481, 2474, 763, 643, 779, 1478, 1923, 1915, 752, 737, 785, 737, 606, 785, 785, 606, 714, 714, 523, 773, 632, 773, 723, 558, 978, 671, 757, 797, 782, 682, 693, 704, 819, 702, 561, 763, 686, 643, 743, 742, 724, 312, 752, 506, 606, 523, 714, 663, 800, 21, 645, 626, 609, 799, 819, 561, 749, 768, 806, 766, 746, 532, 577, 585, 603, 861, 592, 980, 687, 2381, 1082, 305, 303, 673, 737, 583, 606, 167, 135, 237, 772, 551, 764, 2472, 2463, 2457, 772, 792, 551, 625, 618, 657, 1006, 1138, 1012, 561, 528, 798, 743, 749, 742, 658, 682, 692, 676, 682, 658, 312, 736, 752, 752, 736, 737, 606, 728, 523, 26, 517, 27, 552, 568, 579, 656, 162, 776, 579, 568, 604, 788, 797, 757, 768, 561, 806, 819, 670, 815, 637, 645, 610, 1073, 597, 643, 749, 798, 783, 1930, 906, 897, 2482, 2486, 2460, 736, 583, 737, 1438, 1437, 1430, 2097, 1212, 543, 47, 577, 74, 795, 630, 786, 814, 731, 20, 580, 587, 549, 624, 635, 650, 777, 1010, 809, 692, 704, 724, 692, 682, 704, 235, 1920, 1965, 583, 728, 606, 2236, 1865, 2226, 529, 540, 27, 236, 738, 247, 511, 529, 27, 726, 777, 770, 683, 726, 712, 2236, 2219, 825, 541, 560, 559, 527, 795, 699, 807, 784, 670, 738, 591, 247, 894, 904, 895, 739, 245, 185, 271, 136, 978, 769, 768, 743, 711, 741, 719, 1212, 2025, 543, 1887, 1234, 2437, 554, 553, 2310, 736, 312, 1191, 1584, 1611, 1610, 694, 720, 684, 517, 16, 27, 768, 769, 561, 718, 748, 739, 647, 668, 678, 772, 656, 722, 605, 636, 618, 2071, 2061, 2041, 605, 618, 625, 548, 568, 552, 160, 637, 610, 909, 916, 941, 916, 1102, 941, 990, 1025, 991, 978, 136, 671, 784, 162, 656, 709, 2487, 2471, 610, 580, 118, 807, 670, 819, 1819, 1899, 1869, 758, 699, 590, 636, 676, 618, 2493, 2489, 2462, 670, 764, 815, 686, 763, 779, 1018, 991, 1025, 1725, 1718, 986, 712, 770, 693, 50, 2354, 77, 509, 525, 524, 524, 525, 1248, 525, 32, 1248, 2310, 553, 2334, 826, 847, 839, 602, 590, 648, 757, 268, 739, 1594, 1611, 1585, 1693, 1047, 1698, 681, 739, 185, 21, 800, 602, 554, 569, 553, 1052, 109, 96, 614, 581, 600, 813, 667, 187, 724, 704, 743, 527, 699, 758, 639, 647, 619, 702, 700, 561, 885, 891, 581, 630, 730, 575, 1086, 1834, 1746, 881, 863, 894, 955, 949, 1102, 1501, 2499, 2469, 204, 189, 199, 814, 877, 615, 615, 877, 994, 1182, 877, 814, 1600, 1826, 880, 526, 534, 525, 2183, 2182, 2174, 1141, 1124, 1132, 234, 337, 797, 159, 338, 791, 598, 91, 74, 597, 1115, 565, 630, 557, 730, 770, 769, 743, 729, 527, 641, 840, 698, 641, 667, 400, 187, 509, 526, 525, 748, 757, 739, 705, 720, 694, 693, 725, 704, 693, 743, 725, 905, 910, 904, 660, 694, 160, 707, 814, 615, 534, 546, 32, 793, 758, 590, 777, 807, 789, 268, 757, 782, 770, 743, 693, 799, 807, 819, 570, 885, 581, 853, 947, 1009, 905, 904, 886, 624, 650, 634, 1999, 1225, 533, 2139, 1503, 2015, 600, 619, 614, 619, 600, 639, 647, 639, 668, 697, 451, 438, 670, 784, 656, 1560, 2355, 544, 684, 652, 666, 684, 726, 683, 567, 615, 796, 707, 731, 814, 92, 228, 338, 864, 850, 838, 941, 1102, 949, 588, 613, 124, 605, 609, 626, 950, 833, 872, 91, 598, 624, 1877, 829, 1901, 2481, 2097, 1898, 567, 707, 615, 707, 550, 731, 2433, 2486, 2482, 159, 963, 664, 2315, 2390, 2308, 761, 757, 748, 569, 613, 588, 887, 896, 882, 1999, 1516, 1387, 684, 720, 726, 587, 609, 605, 652, 684, 683, 650, 649, 634, 759, 1150, 5, 792, 621, 149, 650, 675, 649, 743, 768, 749, 540, 541, 559, 475, 499, 689, 472, 1063, 1056, 560, 577, 559, 635, 624, 598, 875, 994, 948, 828, 855, 845, 681, 703, 739, 790, 789, 769, 2465, 2499, 2459, 578, 586, 585, 1351, 1207, 1094, 1683, 1478, 1915, 603, 608, 635, 750, 720, 705, 809, 607, 781, 671, 602, 648, 474, 446, 475, 793, 590, 800, 681, 185, 649, 807, 799, 789, 643, 597, 812, 703, 718, 739, 1010, 607, 809, 1191, 583, 736, 686, 779, 795, 2336, 473, 2311, 637, 666, 645, 705, 1185, 727, 732, 574, 567, 594, 550, 707, 594, 539, 550, 1307, 500, 1851, 664, 338, 159, 526, 2446, 534, 557, 8, 730, 722, 792, 772, 659, 712, 693, 692, 724, 665, 561, 766, 528, 549, 537, 530, 2266, 2286, 2232, 995, 963, 159, 2067, 2469, 2465, 703, 710, 718, 740, 761, 748, 604, 605, 625, 547, 541, 529, 994, 877, 708, 1897, 1683, 1915, 777, 790, 770, 781, 162, 784, 788, 757, 761, 856, 882, 846, 732, 969, 1027, 837, 828, 824, 2446, 510, 534, 21, 602, 136, 704, 725, 743, 604, 586, 579, 511, 547, 529, 742, 783, 741, 789, 799, 769, 777, 809, 807, 1013, 997, 354, 707, 567, 594, 655, 696, 550, 539, 655, 550, 142, 124, 613, 999, 1019, 982, 777, 177, 1010, 675, 703, 681, 636, 626, 659, 605, 626, 636, 700, 551, 480, 807, 809, 784, 589, 569, 554, 715, 594, 567, 2354, 2334, 553, 911, 1728, 910, 1075, 1455, 1545, 696, 67, 491, 675, 710, 703, 838, 850, 837, 1027, 574, 732, 1019, 843, 981, 715, 567, 574, 843, 780, 981, 1237, 2155, 2033, 552, 579, 560, 579, 578, 560, 451, 460, 452, 559, 577, 47, 563, 539, 594, 631, 655, 539, 563, 631, 539, 74, 577, 598, 517, 26, 534, 510, 517, 534, 782, 797, 787, 641, 758, 662, 719, 741, 740, 604, 625, 586, 579, 586, 578, 724, 711, 665, 561, 700, 766, 1728, 922, 910, 711, 742, 741, 618, 676, 657, 160, 694, 653, 769, 799, 561, 2083, 2488, 2471, 574, 558, 715, 715, 563, 594, 653, 694, 684, 842, 854, 2063, 33, 730, 8, 526, 509, 1972, 722, 621, 792, 991, 1725, 986, 692, 665, 651, 2471, 852, 572, 623, 158, 147, 670, 656, 772, 680, 187, 497, 796, 969, 732, 564, 655, 631, 564, 696, 655, 564, 730, 696, 1948, 950, 919, 84, 110, 83, 661, 199, 189, 43, 323, 753, 32, 546, 39, 657, 692, 651, 657, 651, 644, 663, 793, 800, 665, 711, 691, 638, 647, 661, 610, 645, 609, 849, 558, 574, 1446, 2489, 1105, 1971, 1954, 1934, 581, 614, 589, 65, 580, 538, 779, 640, 630, 795, 779, 630, 1048, 1191, 82, 1347, 12, 1518, 798, 806, 561, 580, 610, 587, 686, 794, 643, 662, 7, 641, 1935, 1971, 1934, 649, 675, 681, 614, 629, 589, 729, 794, 686, 741, 761, 740, 547, 552, 541, 1047, 1691, 1073, 657, 658, 692, 36, 51, 29, 610, 609, 587, 648, 631, 563, 564, 575, 730, 2137, 921, 1057, 1203, 853, 964, 724, 742, 711, 643, 812, 640, 659, 652, 683, 770, 790, 769, 643, 794, 1073, 468, 479, 680, 558, 671, 563, 715, 558, 563, 671, 648, 563, 2160, 1377, 2170, 473, 474, 475, 815, 764, 700, 764, 551, 700, 512, 537, 547, 753, 323, 106, 608, 585, 617, 24, 522, 18, 676, 658, 657, 688, 451, 697, 1333, 1114, 1352, 699, 564, 631, 699, 575, 564, 480, 551, 792, 762, 900, 2457, 549, 548, 537, 780, 963, 995, 1595, 1633, 1594, 197, 915, 1123, 197, 1123, 340, 841, 972, 1024, 841, 1024, 835, 1008, 1023, 933, 572, 709, 2471, 1099, 970, 1001, 1500, 1080, 1556, 1224, 1218, 954, 412, 2137, 283, 954, 1629, 521, 340, 1123, 300, 2332, 2375, 2349, 1106, 217, 283, 397, 924, 1512, 1512, 1441, 1494, 1934, 1454, 1743, 1722, 1934, 1743, 824, 1871, 837, 1494, 1441, 1495, 962, 1023, 1008, 1510, 1513, 965, 1774, 1728, 911, 687, 261, 1066, 713, 1006, 1511, 918, 1731, 913, 2318, 2330, 2303, 2399, 2406, 2390, 1673, 2163, 1779, 842, 926, 898, 1659, 987, 1187, 1066, 261, 1639, 1380, 1108, 1482, 1436, 1380, 1482, 2494, 1009, 947, 1513, 1288, 1312, 898, 373, 960, 1437, 1429, 1421, 1633, 1094, 1631, 2486, 972, 2460, 1002, 498, 873, 848, 847, 826, 1429, 1461, 1452, 2495, 2083, 2470, 908, 9, 979, 729, 926, 834, 2030, 1539, 1535, 830, 848, 2177, 880, 833, 950, 1840, 1721, 1802, 1004, 669, 1019, 1020, 669, 1004, 1868, 2058, 2466, 902, 901, 1938, 2475, 2501, 1650, 852, 7, 572, 1849, 830, 2177, 933, 745, 246, 933, 64, 745, 300, 284, 1076, 967, 943, 976, 969, 2494, 1027, 973, 2464, 373, 898, 926, 373, 1881, 1897, 1915, 1612, 1633, 1595, 908, 832, 1395, 2491, 246, 1002, 918, 913, 1930, 1458, 1298, 1457, 1633, 1631, 1632, 843, 669, 227, 2493, 2496, 2466, 900, 972, 2486, 227, 1771, 733, 1700, 1708, 1665, 962, 573, 1023, 846, 863, 855, 1729, 1735, 2238, 869, 858, 847, 2073, 2110, 2102, 1139, 1589, 1482, 926, 729, 973, 2102, 977, 2073, 755, 1744, 1717, 847, 858, 839, 1295, 1481, 1319, 2330, 50, 65, 1066, 987, 961, 1395, 832, 1444, 1000, 1004, 999, 900, 1008, 972, 1098, 1076, 816, 932, 943, 935, 951, 957, 1827, 987, 1659, 985, 832, 1066, 1444, 1066, 1639, 987, 217, 412, 283, 1842, 179, 346, 1845, 1707, 1797, 2468, 2476, 854, 1005, 1020, 1004, 380, 381, 249, 2368, 827, 530, 967, 976, 1000, 2459, 1948, 778, 1193, 1440, 1114, 1000, 999, 967, 755, 677, 1744, 962, 1008, 900, 2470, 2083, 2471, 840, 641, 7, 981, 990, 1026, 669, 843, 1019, 1288, 1513, 944, 868, 903, 889, 1160, 1114, 1638, 822, 2177, 848, 745, 11, 498, 262, 427, 2365, 1684, 1074, 1691, 1001, 925, 805, 1798, 1754, 215, 943, 967, 992, 942, 943, 992, 30, 37, 18, 530, 827, 549, 1500, 1077, 1080, 1920, 1148, 430, 935, 942, 931, 1659, 1488, 1411, 300, 979, 284, 902, 917, 901, 868, 889, 867, 889, 902, 866, 1002, 745, 498, 950, 1948, 2499, 989, 840, 852, 1594, 1633, 1610, 373, 926, 973, 835, 1024, 246, 1652, 1651, 1637, 1302, 1544, 1141, 1615, 1630, 1637, 1628, 1545, 1627, 935, 931, 912, 512, 505, 530, 867, 889, 866, 2329, 2368, 2352, 923, 917, 913, 906, 913, 903, 1257, 1420, 1266, 300, 938, 979, 1471, 1481, 1295, 867, 866, 858, 471, 490, 312, 271, 518, 2487, 1470, 1471, 1295, 1024, 933, 246, 1633, 1632, 1610, 2175, 1846, 2176, 1309, 1288, 805, 923, 932, 917, 1968, 1967, 901, 2106, 2127, 2117, 1427, 1435, 1286, 1138, 1563, 1616, 2377, 571, 2383, 852, 840, 7, 2500, 960, 2464, 1220, 1239, 1407, 1068, 1577, 1626, 1005, 1004, 1000, 1616, 1563, 1577, 827, 538, 549, 1790, 2167, 2159, 1828, 1717, 1738, 1967, 1938, 901, 755, 1717, 664, 1997, 1999, 1387, 2450, 544, 2355, 177, 996, 1010, 1274, 324, 1269, 1708, 871, 1665, 2175, 1958, 1846, 943, 942, 935, 2423, 517, 510, 1444, 1066, 961, 2006, 951, 1827, 2051, 2060, 2080, 827, 2302, 538, 834, 1698, 1047, 1708, 1705, 871, 884, 573, 962, 1317, 1295, 1319, 858, 866, 1901, 1451, 1447, 1420, 942, 992, 975, 992, 999, 982, 853, 1009, 875, 987, 985, 961, 2030, 2051, 2080, 923, 1731, 1827, 964, 948, 1059, 780, 227, 733, 1717, 1764, 664, 942, 975, 931, 1679, 1793, 1782, 1447, 1470, 1275, 1275, 1266, 1420, 1930, 913, 906, 990, 780, 995, 1275, 1420, 1447, 9, 908, 1395, 830, 859, 848, 1522, 1761, 1773, 923, 1827, 936, 306, 993, 1013, 945, 962, 900, 977, 2102, 976, 976, 1005, 1000, 1006, 1160, 1638, 1638, 1293, 1436, 884, 1031, 573, 1293, 1380, 1436, 732, 567, 796, 791, 228, 1111, 118, 580, 107, 842, 834, 926, 1888, 859, 830, 2210, 2215, 2203, 2399, 2430, 2421, 2102, 1005, 976, 839, 1901, 829, 826, 839, 829, 826, 829, 821, 1002, 873, 2491, 1431, 1438, 1430, 780, 733, 963, 1936, 1935, 1722, 917, 912, 901, 957, 976, 943, 1849, 2177, 2176, 1004, 1019, 999, 990, 995, 306, 1395, 1444, 339, 2178, 1762, 888, 938, 908, 979, 1827, 957, 936, 977, 976, 957, 1589, 1570, 1562, 778, 1948, 919, 1550, 1361, 1572, 2102, 2141, 1005, 919, 884, 962, 945, 919, 962, 1583, 1615, 1582, 1452, 1471, 1451, 1646, 1616, 1577, 1577, 1563, 1626, 1627, 937, 1068, 868, 867, 858, 992, 982, 975, 911, 1761, 1774, 751, 750, 705, 1627, 1545, 937, 843, 227, 780, 839, 858, 1901, 897, 906, 903, 1024, 972, 1008, 662, 663, 572, 762, 945, 900, 897, 903, 868, 2171, 888, 1762, 1127, 925, 970, 859, 847, 848, 903, 902, 889, 2485, 2458, 2478, 576, 781, 607, 932, 935, 917, 2176, 1846, 1850, 664, 1764, 338, 936, 957, 943, 893, 980, 723, 967, 999, 992, 2191, 2194, 2204, 1651, 1098, 816, 996, 607, 1010, 996, 576, 607, 576, 162, 781, 1111, 997, 791, 2176, 1850, 1849, 1256, 1420, 1257, 950, 872, 919, 821, 829, 2214, 1898, 2495, 2470, 1772, 1667, 1557, 903, 913, 902, 931, 1670, 912, 872, 884, 919, 1012, 1616, 1646, 872, 1031, 884, 893, 861, 980, 2468, 854, 960, 912, 1670, 1968, 2476, 2063, 854, 917, 935, 912, 859, 869, 847, 936, 943, 932, 1500, 1012, 1646, 823, 177, 750, 823, 996, 177, 823, 576, 996, 642, 162, 576, 862, 855, 881, 2127, 2152, 2133, 721, 773, 879, 721, 893, 773, 863, 904, 894, 849, 574, 582, 913, 917, 902, 923, 936, 932, 1500, 716, 1012, 1586, 1323, 927, 716, 1511, 1012, 601, 576, 823, 765, 642, 576, 893, 708, 861, 708, 877, 861, 975, 974, 931, 1323, 1595, 927, 879, 523, 1059, 2433, 2458, 2498, 1323, 1612, 1595, 751, 823, 750, 601, 765, 576, 1013, 601, 593, 1386, 1225, 2151, 2152, 1386, 2151, 668, 929, 949, 1709, 1693, 1698, 767, 325, 761, 581, 891, 600, 973, 989, 2464, 623, 115, 624, 834, 794, 729, 2457, 2483, 762, 988, 601, 823, 2063, 2476, 1709, 975, 982, 974, 948, 721, 879, 995, 159, 993, 2304, 862, 555, 555, 862, 885, 600, 909, 639, 2263, 824, 828, 988, 823, 751, 855, 863, 881, 1594, 1585, 2380, 1626, 1628, 1627, 2173, 2179, 2172, 2127, 2133, 2117, 136, 271, 21, 948, 879, 1059, 994, 893, 721, 893, 994, 708, 893, 723, 773, 885, 894, 891, 639, 909, 929, 870, 869, 859, 845, 855, 862, 1025, 874, 1018, 837, 850, 828, 1023, 1170, 933, 35, 188, 204, 862, 881, 885, 885, 881, 894, 874, 1025, 593, 51, 1458, 1268, 895, 916, 909, 1024, 1008, 933, 948, 994, 721, 2151, 1225, 1635, 894, 895, 891, 891, 909, 600, 941, 949, 929, 874, 988, 751, 593, 601, 988, 765, 354, 642, 354, 259, 642, 904, 916, 895, 964, 1059, 1161, 891, 895, 909, 1100, 1051, 1041, 1028, 1030, 833, 1100, 1132, 1117, 341, 356, 375, 515, 514, 2453, 1655, 2493, 2466, 1055, 1302, 1132, 1119, 1129, 861, 68, 341, 375, 1054, 1055, 1132, 498, 68, 164, 84, 100, 110, 1030, 1031, 833, 199, 678, 1165, 1030, 1041, 1031, 1170, 64, 933, 1821, 1203, 1176, 1095, 955, 1102, 513, 95, 96, 955, 1144, 1143, 1184, 1165, 1143, 1144, 1184, 1143, 1184, 199, 1165, 374, 131, 1040, 1152, 1201, 304, 31, 1243, 1248, 1095, 1086, 955, 553, 77, 2354, 1190, 137, 109, 64, 34, 431, 1086, 1109, 955, 1109, 1145, 955, 955, 1145, 1144, 1145, 1155, 1144, 1144, 1155, 1184, 949, 955, 1143, 2480, 2494, 947, 1155, 1192, 1184, 1049, 1046, 1050, 238, 150, 106, 1184, 1192, 35, 1746, 1109, 1086, 1133, 1145, 1109, 1145, 1156, 1155, 1155, 1156, 1192, 1040, 1044, 1033, 1396, 1133, 1109, 1156, 1145, 1133, 1156, 1174, 1192, 1192, 198, 35, 1089, 1034, 1195, 1455, 1149, 1050, 1174, 198, 1192, 1185, 694, 198, 1185, 198, 1174, 1174, 1156, 1133, 727, 1185, 1174, 196, 759, 5, 1129, 592, 861, 1166, 1108, 181, 1193, 1114, 1160, 2139, 1927, 1503, 920, 921, 2137, 1146, 1133, 1396, 1718, 1146, 1396, 1146, 1174, 1133, 1174, 1146, 727, 340, 1653, 1207, 753, 150, 8, 283, 2137, 1057, 1187, 1556, 1659, 1190, 109, 1052, 915, 283, 1188, 283, 1057, 1188, 2093, 1464, 2126, 1725, 1018, 1146, 1146, 1018, 727, 592, 1129, 95, 238, 304, 1037, 1035, 1130, 314, 396, 1130, 1119, 1052, 95, 1129, 2466, 2484, 1868, 516, 1088, 420, 833, 1826, 1028, 418, 1046, 1116, 1033, 432, 1305, 2238, 1861, 1729, 1452, 1461, 1471, 1407, 1421, 1398, 470, 22, 1110, 1204, 1149, 1455, 1204, 1039, 1149, 1130, 1035, 292, 292, 1067, 1043, 374, 1040, 137, 1204, 1139, 1045, 1039, 1204, 1045, 1139, 1166, 1045, 1103, 1048, 82, 1051, 1084, 1031, 1043, 1067, 1190, 1166, 1482, 1108, 207, 1083, 1034, 1039, 131, 374, 1833, 19, 2, 1049, 1050, 1069, 1132, 1124, 1173, 10, 1439, 1400, 419, 207, 1070, 1134, 1078, 1093, 1085, 1100, 1117, 1028, 1029, 1030, 1199, 1060, 293, 1190, 1067, 137, 1170, 1140, 64, 1140, 1171, 64, 1171, 34, 64, 1171, 403, 34, 403, 98, 34, 220, 1103, 1062, 801, 397, 1082, 19, 1088, 2, 2063, 1698, 834, 1041, 1051, 1031, 1432, 1260, 1431, 1322, 2337, 154, 1075, 1204, 1455, 1087, 1401, 1055, 1149, 347, 1069, 1199, 1088, 19, 1096, 1161, 99, 1031, 872, 833, 20, 470, 1110, 293, 1096, 1103, 1071, 99, 583, 1150, 759, 621, 131, 1044, 1040, 1049, 1069, 1134, 1087, 1038, 939, 649, 158, 634, 99, 1169, 728, 728, 583, 99, 1102, 930, 1095, 924, 1442, 1512, 137, 1101, 109, 1033, 1305, 1151, 1070, 1034, 1089, 99, 1071, 1096, 22, 1157, 314, 1067, 374, 137, 1585, 1611, 1584, 1818, 1029, 1028, 1040, 1033, 1101, 231, 374, 1067, 347, 1078, 1069, 1060, 1096, 293, 1512, 1442, 1441, 1199, 293, 1118, 375, 1049, 1061, 1093, 1035, 314, 1199, 1118, 1088, 1110, 1182, 20, 1043, 1190, 1052, 697, 294, 688, 1078, 231, 1035, 403, 1116, 98, 1494, 1495, 716, 1118, 293, 97, 2, 1088, 516, 1131, 1062, 82, 1131, 82, 174, 131, 1045, 181, 1110, 1194, 1182, 1130, 1043, 1036, 126, 401, 1803, 218, 1271, 1046, 1696, 1134, 1093, 2139, 1853, 2116, 1110, 396, 1194, 1176, 1161, 1096, 1060, 1176, 1096, 716, 1508, 713, 1, 1299, 432, 461, 289, 460, 97, 293, 220, 293, 1103, 220, 713, 1160, 1006, 1072, 1151, 1142, 1696, 1093, 1359, 1222, 1422, 1217, 835, 2478, 841, 1096, 1071, 1048, 347, 1039, 374, 2, 516, 315, 179, 1060, 1200, 347, 374, 231, 1431, 1430, 1414, 219, 1512, 1494, 1103, 1096, 1048, 305, 673, 595, 776, 454, 722, 2169, 2150, 1640, 1046, 418, 218, 1101, 1033, 1072, 1072, 1033, 1151, 1034, 1053, 1195, 1176, 1203, 1161, 745, 64, 11, 750, 177, 720, 1053, 516, 420, 1050, 1149, 1069, 1101, 1072, 109, 997, 1135, 354, 566, 565, 1162, 1110, 314, 396, 1047, 1073, 834, 1157, 1093, 314, 1373, 1106, 1251, 1111, 1135, 997, 471, 628, 499, 354, 1135, 259, 259, 117, 42, 1103, 82, 1062, 375, 356, 1049, 1462, 1141, 1544, 1035, 231, 292, 1029, 1041, 1030, 1078, 347, 231, 220, 1062, 1131, 1093, 1078, 1035, 1075, 1628, 1204, 1135, 1196, 259, 259, 1196, 117, 1203, 964, 1161, 292, 231, 1067, 1589, 1204, 1628, 1204, 1589, 1139, 249, 381, 391, 1295, 1317, 1310, 346, 1200, 19, 1200, 1199, 19, 131, 181, 1044, 1100, 1085, 1051, 1032, 1038, 1054, 137, 1040, 1101, 969, 1009, 2494, 454, 776, 42, 1991, 1947, 2022, 19, 1833, 346, 1071, 583, 1048, 583, 1191, 1048, 181, 1, 1044, 1162, 323, 43, 1359, 1093, 1157, 1449, 1359, 1157, 1090, 1111, 228, 508, 722, 454, 206, 508, 454, 1250, 1256, 1265, 1487, 1488, 1546, 2156, 1540, 1874, 304, 106, 323, 1044, 1, 432, 1069, 1078, 1134, 1135, 1167, 1196, 1196, 358, 117, 117, 358, 42, 358, 355, 42, 355, 454, 42, 355, 206, 454, 1239, 1421, 1407, 1162, 1152, 323, 1200, 1060, 1199, 1051, 1085, 1084, 1023, 1140, 1170, 1111, 1104, 1135, 1049, 1134, 1061, 1104, 1167, 1135, 1167, 1177, 1196, 1196, 1177, 358, 1172, 403, 1171, 464, 355, 358, 1173, 1124, 239, 1239, 1430, 1421, 1097, 1112, 1104, 1111, 1097, 1104, 1104, 1177, 1167, 1177, 464, 358, 1090, 1097, 1111, 1132, 1173, 1117, 97, 220, 1058, 486, 1131, 174, 979, 1016, 284, 464, 206, 355, 179, 1200, 346, 1059, 523, 1169, 444, 126, 315, 1430, 1437, 1421, 497, 468, 680, 939, 1806, 1758, 380, 249, 1289, 1112, 1121, 1104, 1104, 1121, 1177, 1150, 508, 206, 1235, 2034, 524, 1130, 292, 1043, 345, 206, 464, 345, 1150, 206, 1821, 1795, 1203, 1142, 203, 96, 122, 1127, 970, 2152, 2151, 2133, 125, 1150, 345, 516, 444, 315, 1449, 1157, 22, 1457, 1461, 1429, 1128, 151, 1181, 1121, 1158, 1177, 1177, 1197, 464, 78, 345, 464, 125, 1154, 1150, 1150, 1154, 5, 294, 1128, 688, 1072, 1142, 96, 1097, 1122, 1112, 1112, 1122, 1121, 1122, 1168, 1121, 1177, 1158, 1197, 1197, 78, 464, 391, 382, 151, 1821, 1060, 179, 115, 91, 624, 420, 1088, 1118, 1128, 294, 151, 109, 1072, 96, 1172, 1171, 1140, 1121, 1168, 1158, 78, 125, 345, 1154, 180, 5, 970, 925, 1001, 294, 1042, 151, 1038, 1087, 1055, 1427, 1265, 1435, 403, 418, 1116, 835, 878, 2478, 2463, 2475, 2457, 1197, 316, 78, 1123, 938, 300, 43, 753, 566, 1038, 1055, 1054, 1438, 1458, 1457, 1659, 1411, 985, 1168, 1159, 1158, 178, 1154, 125, 1154, 130, 180, 1060, 1821, 1176, 1152, 304, 323, 174, 313, 326, 1159, 1186, 1158, 1158, 1186, 1197, 1197, 1186, 316, 78, 178, 125, 1042, 249, 391, 151, 1042, 391, 95, 818, 592, 1122, 1126, 1168, 316, 178, 78, 1056, 1154, 178, 1154, 390, 130, 130, 390, 667, 2380, 1585, 1584, 11, 68, 498, 261, 397, 1639, 2106, 2117, 2059, 2129, 2093, 2001, 1186, 248, 316, 1154, 1056, 390, 1289, 438, 1264, 304, 238, 106, 1126, 1159, 1168, 316, 472, 178, 472, 1056, 178, 82, 1191, 313, 1042, 1289, 249, 1806, 939, 1029, 516, 1083, 444, 1056, 1163, 390, 2491, 2479, 2492, 162, 642, 42, 1055, 1544, 1302, 1068, 1654, 1022, 248, 472, 316, 1161, 1059, 1169, 1085, 1117, 1153, 81, 67, 15, 1988, 1989, 1535, 1632, 1631, 1610, 1486, 2371, 1304, 1493, 1068, 1022, 1136, 1159, 1126, 668, 1165, 678, 389, 1284, 425, 1954, 1971, 1970, 1218, 1222, 2436, 1253, 1260, 1222, 1318, 1544, 1055, 1319, 1327, 2442, 1260, 1432, 1222, 1218, 1253, 1222, 253, 221, 2427, 1236, 1289, 1264, 1283, 1272, 1262, 1276, 1290, 1300, 1313, 101, 1300, 1279, 362, 376, 1312, 1352, 1513, 467, 450, 438, 1917, 1963, 1955, 2025, 28, 2139, 1353, 380, 1278, 1223, 29, 1253, 146, 157, 172, 1246, 1252, 273, 1270, 379, 333, 2042, 2071, 2041, 273, 299, 266, 1355, 1391, 210, 12, 239, 1141, 1381, 1329, 1391, 1311, 1322, 154, 239, 1124, 1141, 2357, 1572, 1361, 1235, 1248, 1243, 1271, 218, 1347, 1270, 1273, 379, 190, 2033, 1981, 1991, 2051, 1989, 461, 451, 688, 2261, 2285, 2260, 182, 488, 1641, 2484, 2479, 1868, 83, 110, 1322, 1189, 352, 1353, 445, 433, 434, 1335, 170, 1340, 2020, 429, 2058, 861, 877, 1119, 1262, 1272, 1247, 1965, 1920, 2143, 1311, 83, 1322, 239, 12, 1347, 1358, 1273, 1270, 1391, 1329, 1246, 1519, 1332, 10, 1367, 1252, 1246, 1278, 1284, 1189, 2464, 989, 2488, 1271, 1518, 804, 1368, 1271, 804, 1316, 94, 1343, 1241, 1247, 1233, 1367, 241, 1362, 273, 1261, 1385, 531, 596, 1885, 2116, 2025, 2139, 1391, 1246, 273, 2161, 507, 984, 1963, 1468, 1964, 1314, 103, 1330, 1391, 1355, 1381, 127, 1341, 1335, 1284, 426, 425, 1218, 1223, 1253, 1319, 1321, 1320, 1319, 1320, 1327, 152, 2442, 1327, 1320, 152, 1327, 1234, 1243, 1242, 1224, 1223, 1218, 1358, 352, 1189, 1311, 1472, 1457, 1335, 1341, 146, 304, 1332, 1037, 1335, 146, 170, 515, 30, 18, 2478, 2460, 841, 1236, 1264, 426, 1262, 1277, 1283, 880, 1826, 833, 1236, 426, 1284, 1298, 1311, 1457, 1189, 1284, 1273, 1362, 285, 1252, 2329, 2302, 827, 426, 441, 425, 2492, 2462, 2491, 1284, 379, 1273, 521, 17, 1224, 2470, 2471, 2487, 2337, 153, 1320, 1422, 1414, 1217, 1224, 17, 1223, 1252, 285, 1261, 285, 352, 1358, 170, 1367, 1382, 1272, 53, 1233, 1972, 2446, 526, 1321, 154, 1320, 1202, 1368, 1412, 1306, 362, 1297, 1363, 1374, 1328, 1328, 226, 1305, 295, 1297, 1342, 946, 2498, 1446, 1202, 1046, 1271, 1097, 1747, 1122, 1518, 1271, 1347, 1276, 69, 1272, 1281, 1336, 1360, 285, 301, 352, 102, 103, 1314, 1376, 434, 433, 1448, 1260, 1344, 925, 1309, 805, 1262, 1247, 1241, 984, 507, 596, 1414, 1221, 1217, 87, 1324, 103, 169, 110, 155, 1383, 1281, 1360, 273, 1252, 1261, 1370, 1316, 1343, 1370, 1365, 1336, 1344, 1458, 1448, 170, 1382, 1340, 2437, 1234, 1226, 2133, 1581, 2117, 427, 1259, 1378, 1335, 1340, 1324, 1234, 1241, 1226, 1227, 1686, 2283, 1853, 2139, 2015, 1865, 1886, 1872, 1342, 1297, 1369, 1383, 1360, 2439, 170, 241, 1367, 1343, 1308, 1365, 1370, 1343, 1365, 1279, 1376, 1292, 199, 1184, 204, 1329, 1382, 1367, 1254, 1263, 1262, 542, 1366, 1875, 1342, 1369, 1259, 1292, 1325, 1369, 2439, 1360, 1301, 1281, 1383, 2405, 270, 1336, 1281, 169, 2337, 1322, 1527, 1502, 2469, 514, 1346, 2452, 1996, 1704, 1997, 2284, 1227, 2283, 1228, 1249, 1227, 1329, 1367, 1246, 1918, 1618, 2044, 1343, 1363, 1334, 1221, 1239, 1220, 1211, 857, 1740, 2387, 1221, 1220, 1527, 2469, 2067, 500, 1307, 2170, 1294, 1310, 1486, 2115, 1618, 1654, 1219, 1228, 1227, 7, 662, 572, 1342, 1259, 427, 1336, 1365, 1360, 1297, 1279, 1292, 1268, 1344, 1260, 1278, 380, 1289, 1229, 1228, 1219, 1229, 1244, 1228, 1244, 1249, 1228, 1226, 1233, 30, 1301, 1360, 1349, 1244, 1265, 1427, 1991, 2022, 2051, 2481, 2470, 2474, 451, 461, 460, 270, 1281, 1274, 1990, 1988, 1933, 1365, 1308, 1349, 1343, 1334, 1308, 729, 698, 973, 1373, 1251, 1207, 596, 507, 1911, 1362, 1252, 1367, 1385, 1270, 299, 1210, 1217, 1221, 1375, 1376, 433, 2398, 2436, 1210, 1283, 1290, 1276, 1229, 1250, 1244, 1250, 1265, 1244, 1316, 1370, 1336, 1287, 1285, 1094, 1094, 1285, 1351, 1240, 1207, 1351, 1240, 1373, 1207, 1283, 1277, 1290, 210, 1391, 266, 1343, 1374, 1363, 928, 582, 1027, 1360, 1365, 1349, 1114, 1293, 1638, 1290, 102, 1300, 1219, 1230, 1229, 1230, 1250, 1229, 1233, 1247, 1272, 1254, 54, 1263, 1359, 1449, 1701, 362, 1279, 1297, 1368, 1202, 1271, 1414, 1239, 1221, 1215, 1230, 1219, 1242, 1262, 1234, 1374, 226, 1328, 1263, 1277, 1262, 854, 898, 960, 1285, 1240, 1351, 2080, 2127, 2106, 1222, 1432, 1422, 1472, 1311, 154, 153, 152, 1320, 1376, 1375, 1292, 1391, 273, 266, 333, 299, 1270, 1954, 1990, 1933, 1612, 1326, 1287, 1326, 1285, 1287, 1348, 1373, 1240, 2369, 2024, 2366, 1314, 1330, 132, 433, 445, 1255, 1231, 1250, 1230, 1242, 1243, 1254, 1285, 1303, 1240, 1348, 1106, 1373, 1358, 1270, 1385, 1226, 515, 2430, 218, 239, 1347, 1269, 270, 1274, 1254, 1262, 1242, 2025, 1925, 28, 1682, 2156, 1211, 1325, 1292, 1375, 1254, 31, 54, 103, 1324, 1340, 518, 2461, 2474, 2153, 2160, 2136, 1375, 433, 1245, 1245, 433, 1255, 1256, 1250, 1231, 1261, 1358, 1385, 2194, 2191, 2185, 1307, 533, 1225, 2025, 2116, 543, 1326, 1612, 1323, 1326, 1325, 1285, 1285, 1325, 1303, 103, 1340, 1330, 773, 523, 879, 836, 1516, 533, 1126, 1122, 1566, 1278, 1236, 1284, 1296, 1380, 1293, 1216, 1231, 1215, 1141, 1518, 12, 1435, 1266, 1286, 1323, 1371, 1326, 1303, 1245, 1240, 1245, 1348, 1240, 1245, 1372, 1348, 285, 1358, 1261, 1381, 1382, 1329, 1283, 1276, 1272, 488, 1997, 1798, 1674, 1115, 1074, 105, 1316, 1336, 1310, 1294, 1280, 1291, 1363, 1328, 1334, 1363, 1291, 1333, 1293, 1114, 1333, 1296, 1293, 1299, 1380, 1296, 972, 841, 2460, 1216, 1238, 1231, 1231, 1238, 1256, 1257, 1266, 1435, 1358, 1189, 1273, 1861, 1404, 1876, 1371, 1338, 1326, 1338, 1325, 1326, 1372, 1350, 1348, 1275, 1310, 1280, 1255, 2385, 1350, 1, 1108, 1299, 481, 1730, 519, 802, 1603, 2021, 1222, 1217, 1210, 1340, 1382, 1381, 1297, 1292, 1369, 1189, 1353, 1278, 1323, 2397, 1371, 1713, 1699, 2172, 182, 1999, 488, 1700, 1665, 191, 1226, 1241, 1233, 1331, 1288, 1309, 1516, 2004, 2129, 1330, 1340, 1381, 524, 1248, 1235, 22, 1267, 1449, 1263, 1290, 1277, 1280, 1286, 1266, 1294, 1304, 1286, 1280, 1294, 1286, 1486, 1304, 1294, 1604, 2096, 2057, 1325, 1375, 1303, 1303, 1375, 1245, 1315, 1918, 1983, 2499, 1948, 2459, 1331, 1312, 1288, 2188, 2180, 2176, 1334, 1333, 1352, 1291, 1296, 1333, 1427, 1249, 1244, 968, 957, 951, 1216, 1232, 1238, 1232, 1256, 1238, 1875, 1366, 1337, 1378, 1259, 1371, 1371, 1259, 1338, 1127, 1301, 1309, 1309, 1301, 1331, 1334, 1352, 1312, 1291, 1333, 1334, 1296, 1328, 1299, 1278, 1289, 1236, 1300, 102, 1313, 69, 1300, 101, 22, 1332, 1267, 379, 1284, 389, 771, 324, 1274, 1313, 102, 1314, 2472, 2457, 2486, 1275, 1280, 1266, 1343, 94, 1374, 2052, 1770, 1571, 1245, 1255, 1372, 1372, 1255, 1350, 1339, 1301, 1127, 1349, 1312, 1331, 1328, 1296, 1291, 2433, 2472, 2486, 105, 1336, 270, 22, 470, 1332, 621, 722, 508, 1387, 1516, 2126, 1990, 1989, 1988, 182, 1635, 1225, 2132, 1604, 2150, 1259, 1369, 1338, 1338, 1369, 1325, 866, 1893, 1901, 389, 425, 411, 1234, 1262, 1241, 1398, 1421, 1232, 304, 10, 1332, 1299, 1328, 1305, 1301, 1349, 1331, 1349, 1308, 1312, 1308, 1334, 1312, 2469, 2101, 1501, 1786, 1530, 1598, 1723, 1724, 1690, 1826, 1600, 1926, 1677, 1357, 1475, 1822, 1811, 1845, 1804, 1823, 1707, 1745, 1675, 1796, 324, 2394, 428, 1834, 1676, 1825, 1506, 1789, 1721, 1525, 1671, 857, 157, 146, 1341, 1461, 1472, 1321, 1473, 1413, 1564, 1760, 1899, 1876, 939, 1758, 1007, 1564, 1014, 1007, 1923, 1532, 1932, 1877, 825, 829, 1564, 1413, 1014, 1401, 1087, 1007, 1537, 1531, 1650, 1014, 1551, 1007, 1537, 1590, 1473, 1531, 1537, 1473, 1473, 1590, 1413, 1483, 1401, 1007, 1551, 1483, 1007, 1413, 1459, 1014, 1014, 1459, 1551, 805, 1288, 944, 1596, 1537, 1658, 1483, 1318, 1401, 1055, 1401, 1318, 1537, 1596, 1590, 1590, 959, 1413, 1413, 959, 1459, 1924, 1465, 1454, 1551, 1399, 1483, 1483, 1399, 1318, 1399, 112, 1318, 1596, 1579, 1590, 1459, 1399, 1551, 1513, 1440, 965, 1596, 1658, 1408, 1656, 112, 1399, 1459, 1656, 1399, 1287, 1094, 1633, 1550, 1596, 1408, 1579, 1597, 1590, 1590, 1597, 959, 1535, 1989, 2030, 959, 1656, 1459, 1808, 1745, 1796, 1422, 1432, 1431, 2477, 1361, 1408, 1462, 1544, 112, 1656, 1462, 112, 1456, 1286, 1304, 1681, 1715, 1745, 1433, 1760, 1884, 1012, 1138, 1616, 2378, 1361, 2477, 1419, 1596, 1550, 1419, 1579, 1596, 1663, 1807, 1711, 2255, 2249, 2230, 1361, 1550, 1408, 2195, 2213, 2212, 1690, 1724, 1776, 1625, 191, 1665, 1533, 1573, 2057, 1573, 1599, 1604, 1599, 1605, 1604, 1605, 1640, 1604, 1572, 1419, 1550, 1656, 1484, 1462, 677, 1805, 1741, 1533, 1552, 1573, 1573, 1574, 1599, 1809, 2169, 584, 1622, 1640, 1605, 1406, 1656, 959, 1597, 1406, 959, 1484, 1141, 1462, 1715, 1580, 1675, 1737, 1742, 1732, 842, 2063, 834, 1538, 1574, 1573, 1552, 1538, 1573, 1574, 1591, 1599, 1591, 1623, 1605, 1599, 1591, 1605, 1641, 584, 1640, 1622, 1641, 1640, 1484, 163, 1141, 1737, 1515, 1742, 1808, 1719, 1797, 1532, 1534, 1533, 1591, 1606, 1623, 1623, 1622, 1605, 1162, 565, 1115, 1406, 1484, 1656, 1431, 1448, 1438, 1099, 801, 2381, 1742, 1515, 1721, 1745, 1715, 1675, 1534, 1538, 1533, 1533, 1538, 1552, 1641, 1622, 1623, 1094, 1207, 1653, 966, 1406, 1597, 1579, 966, 1597, 1808, 1796, 1719, 1923, 1523, 1534, 1532, 1923, 1534, 1538, 1575, 1574, 1641, 215, 584, 1406, 1528, 1484, 1484, 1528, 163, 1471, 1461, 1481, 1414, 1430, 1239, 965, 1193, 713, 382, 1181, 151, 473, 2336, 445, 1742, 1840, 1756, 1485, 1523, 1923, 1534, 1524, 1538, 1574, 1575, 1591, 1419, 966, 1579, 1287, 1633, 1612, 458, 426, 1264, 1403, 2178, 1392, 1403, 1402, 1799, 1403, 1409, 1402, 1409, 1748, 1402, 1348, 1350, 217, 1485, 1497, 1523, 1534, 1523, 1524, 1606, 1635, 1623, 182, 1641, 1623, 1635, 182, 1623, 1106, 1348, 217, 1350, 844, 217, 163, 1518, 1141, 844, 412, 217, 1524, 1575, 1538, 1575, 1581, 1591, 1591, 2133, 1606, 2133, 1635, 1606, 2146, 1490, 1400, 1406, 1588, 1528, 1528, 1518, 163, 1692, 1762, 1443, 1923, 1478, 1485, 1591, 1581, 2133, 498, 164, 873, 2175, 1856, 1958, 2326, 2367, 2325, 2357, 820, 952, 952, 820, 1572, 1823, 1703, 1463, 1730, 1357, 1677, 1393, 1409, 1403, 1393, 1417, 1409, 1465, 1478, 1838, 1485, 1478, 1497, 1497, 1524, 1523, 1575, 2079, 1581, 1784, 1683, 1897, 803, 397, 801, 803, 924, 397, 1446, 1561, 2357, 2357, 1561, 820, 820, 1619, 1572, 1619, 1419, 1572, 1419, 1555, 966, 1392, 1393, 1403, 1524, 2079, 1575, 1620, 1419, 1619, 1620, 1555, 1419, 966, 1588, 1406, 1504, 4, 1356, 1265, 1257, 1435, 1392, 1394, 1393, 2175, 2174, 1847, 1454, 1465, 1838, 1524, 1539, 2079, 1581, 2079, 2117, 1099, 803, 801, 1555, 1588, 966, 1588, 1081, 1528, 1092, 1684, 1356, 1503, 1092, 1356, 1424, 1417, 1393, 1474, 1478, 1465, 1478, 1505, 1497, 1788, 1783, 1729, 2500, 2464, 2488, 1437, 1457, 1429, 1461, 1457, 1472, 1453, 804, 1528, 1081, 1453, 1528, 1528, 804, 1518, 1424, 1393, 1394, 1424, 1743, 1417, 1478, 1474, 1505, 1539, 2059, 2079, 1555, 1081, 1588, 1442, 944, 1510, 1505, 1535, 1497, 1497, 1535, 1524, 1524, 1535, 1539, 1669, 851, 1671, 1997, 1387, 1388, 1510, 965, 1508, 1508, 965, 713, 1441, 1442, 1495, 1561, 1634, 820, 154, 1321, 1472, 1438, 1457, 1437, 1425, 1424, 1394, 1474, 1498, 1505, 1734, 1587, 1775, 2421, 2453, 2420, 1422, 1431, 1414, 1558, 2100, 2072, 844, 865, 412, 1428, 1619, 820, 1619, 1428, 1620, 1227, 1249, 1686, 1001, 944, 1442, 2381, 801, 1082, 1858, 1410, 1394, 1410, 1425, 1394, 1425, 1743, 1424, 1589, 1436, 1482, 1479, 1474, 1465, 1479, 1498, 1474, 1509, 1732, 1742, 1662, 1695, 1657, 1429, 1452, 1451, 1451, 1471, 1470, 1451, 1470, 1447, 1429, 1451, 1420, 1429, 1420, 1421, 1428, 1081, 1555, 1620, 1428, 1555, 1350, 2385, 844, 1125, 1058, 486, 1638, 1436, 1562, 1503, 1927, 1092, 1498, 1535, 1505, 1587, 1769, 1726, 1109, 1746, 1396, 1775, 1587, 1530, 1321, 1319, 1481, 1589, 1628, 1570, 1729, 1876, 1837, 1428, 934, 1081, 1081, 934, 1453, 803, 1442, 924, 1138, 1006, 1638, 1924, 1479, 1465, 1933, 1988, 1479, 1498, 1988, 1535, 1726, 1525, 1530, 1592, 1613, 501, 2454, 2430, 2399, 1754, 1679, 907, 1562, 1570, 1563, 1646, 1077, 1500, 2489, 1634, 1105, 1495, 1510, 716, 2453, 2430, 515, 1477, 1152, 1092, 1869, 1425, 1410, 1425, 1722, 1743, 961, 985, 1411, 716, 1510, 1508, 1824, 1703, 1823, 2224, 2233, 2252, 1489, 1556, 1187, 1634, 79, 820, 804, 1453, 934, 1185, 705, 694, 1193, 1160, 713, 1511, 1006, 1012, 591, 96, 203, 1257, 1265, 1256, 81, 1332, 470, 1693, 1709, 1504, 1642, 489, 1660, 1660, 489, 1113, 1517, 2067, 2483, 1749, 1807, 1663, 1655, 1634, 2489, 934, 1520, 804, 1545, 1628, 1075, 1300, 69, 1276, 965, 1440, 1193, 1147, 1824, 1823, 1613, 1608, 1642, 1113, 1091, 1920, 1769, 1738, 1669, 1630, 1631, 1645, 820, 1015, 1428, 1428, 1015, 934, 1631, 1094, 1653, 1082, 261, 687, 1723, 1685, 1724, 1643, 489, 1642, 1091, 1148, 1920, 2, 892, 1831, 987, 1639, 1187, 915, 1106, 283, 1655, 79, 1634, 1015, 820, 79, 1015, 1520, 934, 1477, 1201, 1152, 1400, 1927, 28, 1439, 1477, 1927, 1848, 1699, 1864, 1594, 1610, 1611, 1207, 197, 340, 1463, 1703, 1745, 2142, 983, 1720, 1847, 1848, 1867, 1661, 1113, 489, 1668, 1786, 1681, 1655, 1617, 79, 197, 1207, 915, 1439, 1927, 1400, 1520, 1368, 804, 1251, 1106, 915, 1744, 677, 1671, 1702, 1778, 1720, 1749, 1464, 1807, 1608, 1643, 1642, 1091, 1113, 1661, 1825, 1522, 1792, 2261, 2260, 2223, 1695, 2165, 1766, 1015, 1647, 1520, 1207, 1251, 915, 832, 687, 1066, 1793, 1802, 1557, 27, 16, 511, 1749, 860, 1565, 1593, 1643, 1608, 1643, 1644, 489, 489, 1644, 1661, 2228, 2261, 2223, 1601, 860, 1759, 1529, 1776, 1759, 871, 1705, 1672, 1695, 1667, 2165, 1707, 1808, 1797, 1580, 1715, 1813, 1708, 1793, 1679, 1232, 1420, 1256, 1723, 1475, 1685, 1468, 1480, 1964, 1964, 1480, 1491, 2072, 1548, 1558, 1593, 1614, 1643, 1798, 1705, 1754, 1724, 1685, 1836, 1719, 1796, 1571, 1617, 2466, 2021, 1617, 1578, 79, 1647, 1015, 79, 2133, 2151, 1635, 1610, 1631, 1630, 1760, 1433, 1469, 1558, 1576, 1593, 1602, 1614, 1593, 1614, 1644, 1643, 1636, 1661, 1644, 1661, 1198, 1091, 1198, 1148, 1091, 1450, 1107, 1148, 664, 733, 755, 1864, 1699, 1713, 1708, 1840, 1793, 1617, 2021, 1578, 1647, 1412, 1368, 1520, 1647, 1368, 1519, 10, 1400, 1445, 1469, 1433, 1797, 1690, 1753, 2062, 1543, 2072, 2072, 1543, 1548, 1593, 1576, 1602, 1614, 1636, 1644, 1636, 1198, 1661, 1426, 1148, 1198, 2166, 1107, 1450, 1996, 1672, 1704, 1705, 1798, 1704, 1840, 1708, 1756, 1603, 1578, 2021, 1578, 706, 79, 79, 706, 1647, 1519, 1400, 1490, 1648, 1519, 1490, 1434, 1433, 1884, 1469, 1468, 1460, 1480, 1507, 2023, 2369, 1543, 2062, 1548, 1567, 1558, 1558, 1567, 1576, 1602, 1609, 1614, 1614, 1609, 1636, 998, 1198, 1636, 1450, 1148, 1426, 1136, 1824, 1147, 1705, 1704, 1672, 1137, 1603, 2115, 1137, 1578, 1603, 1412, 1647, 706, 2359, 2023, 1507, 597, 1074, 1115, 228, 92, 1467, 1838, 1478, 1683, 2215, 2228, 2223, 1609, 1624, 1636, 328, 998, 1636, 1198, 1016, 1426, 1016, 302, 1426, 302, 1450, 1426, 1791, 1753, 1776, 2308, 2390, 2300, 1654, 1137, 2115, 1137, 706, 1578, 1648, 1490, 205, 1405, 1884, 1397, 1405, 1418, 1884, 1418, 1434, 1884, 1433, 1434, 1445, 1469, 1480, 1468, 1576, 1582, 1602, 998, 1016, 1198, 80, 66, 940, 66, 1649, 940, 1258, 1814, 2163, 1618, 2115, 2044, 1423, 706, 1137, 1701, 1648, 205, 1686, 1405, 1397, 1476, 1480, 1469, 1567, 1568, 1576, 1576, 1568, 1582, 1602, 1582, 1609, 1624, 328, 1636, 2166, 339, 272, 80, 272, 339, 80, 961, 66, 1546, 1618, 1487, 1829, 1738, 1769, 937, 1423, 1137, 1423, 1412, 706, 1526, 1648, 1701, 1526, 1519, 1648, 1526, 1267, 1519, 1249, 1405, 1686, 1440, 1352, 1114, 1202, 1412, 1050, 1249, 1418, 1405, 1476, 2371, 1480, 1480, 2371, 1507, 2448, 1559, 1567, 1548, 2448, 1567, 1567, 1559, 1568, 1568, 1583, 1582, 1651, 328, 1624, 328, 816, 998, 284, 1016, 998, 302, 9, 1450, 9, 2166, 1450, 1411, 1649, 66, 1411, 1487, 1649, 1546, 1022, 1618, 1022, 1654, 1618, 1654, 937, 1137, 1455, 1412, 1423, 1456, 1469, 1445, 1456, 1476, 1469, 328, 1651, 816, 9, 339, 2166, 937, 1545, 1423, 1545, 1455, 1423, 1258, 1547, 1778, 2051, 2030, 1989, 1439, 1201, 1477, 1427, 1418, 1249, 1427, 1434, 1418, 1427, 1445, 1434, 1933, 1934, 1954, 1559, 1583, 1568, 1609, 1637, 1624, 1637, 1651, 1624, 816, 1076, 998, 1076, 284, 998, 979, 302, 1016, 961, 1411, 66, 1493, 1022, 1546, 324, 270, 1269, 1442, 1510, 1495, 1449, 1267, 1526, 1513, 1352, 1440, 1286, 1445, 1427, 1445, 1286, 1456, 1304, 2371, 1476, 1991, 1989, 1990, 1991, 1990, 1970, 1970, 1990, 1954, 2448, 1548, 2417, 1582, 1615, 1609, 1609, 1615, 1637, 9, 1395, 339, 339, 1444, 80, 1444, 961, 80, 1789, 983, 1752, 983, 2147, 1752, 1587, 1712, 1769, 968, 977, 957, 1740, 1778, 1702, 1757, 1845, 1753, 1826, 1818, 1028, 1817, 1529, 1711, 1749, 1565, 2126, 2458, 2433, 2482, 1797, 1719, 1770, 1793, 1840, 1802, 215, 1754, 1809, 1097, 1734, 1747, 1734, 1496, 1747, 1501, 2101, 1600, 880, 1501, 1600, 1454, 1838, 1743, 1705, 1708, 1679, 1211, 1740, 1702, 1787, 1968, 1670, 1074, 1073, 1691, 950, 2499, 880, 2489, 2485, 2462, 1747, 1496, 1780, 1720, 983, 1839, 1814, 1258, 1740, 1625, 1755, 1836, 974, 986, 1541, 2229, 2235, 2234, 1771, 677, 733, 1541, 1670, 974, 1805, 1771, 1779, 677, 1771, 1805, 2217, 2224, 2267, 1827, 1731, 2006, 1525, 1687, 1530, 1751, 1525, 1553, 1843, 1817, 1711, 1822, 1845, 1803, 1780, 1668, 1703, 1720, 1778, 2142, 1769, 1669, 1525, 1496, 1668, 1780, 1097, 1712, 1734, 1741, 1814, 1740, 1525, 857, 1874, 1598, 1530, 1687, 1802, 1789, 1557, 1702, 1720, 1682, 1831, 1765, 956, 1541, 1678, 1670, 1678, 1787, 1670, 1926, 1818, 1826, 1717, 1744, 1738, 1683, 1021, 1838, 1458, 1282, 1298, 1021, 1409, 1417, 2367, 2392, 2325, 1668, 1496, 1775, 1874, 857, 1211, 1738, 1744, 851, 1963, 1917, 1460, 1355, 132, 1330, 1764, 1828, 1467, 857, 1741, 1740, 1005, 1673, 1020, 1722, 1935, 1934, 1467, 1712, 1097, 1723, 1677, 1475, 1679, 1782, 907, 1730, 1542, 519, 1682, 1720, 1839, 1466, 1678, 1541, 1811, 1707, 1845, 1678, 1974, 1787, 1712, 1829, 1769, 1802, 1721, 1789, 2300, 2390, 2348, 1712, 1587, 1734, 1835, 1529, 1817, 1836, 1755, 860, 885, 570, 555, 1180, 1804, 1811, 1705, 1679, 1754, 1676, 1728, 1774, 1775, 1786, 1668, 1525, 1669, 1671, 1726, 1769, 1525, 986, 1466, 1541, 1566, 1703, 1136, 1692, 1864, 1713, 896, 1761, 911, 1134, 1696, 1061, 1696, 375, 1061, 1542, 1730, 1677, 1792, 1678, 1466, 1776, 1601, 1759, 1845, 1797, 1753, 1834, 1095, 1676, 1032, 1029, 939, 1449, 1526, 1701, 1716, 375, 1696, 1710, 1716, 1696, 1716, 164, 375, 1839, 983, 1789, 1668, 1745, 1703, 1668, 1681, 1745, 2300, 2348, 2307, 1881, 1443, 1897, 1819, 1788, 1729, 860, 1379, 1565, 2300, 2307, 2265, 1770, 1542, 1690, 1957, 1658, 1650, 1696, 1359, 1710, 1710, 1736, 1716, 1716, 1736, 164, 1789, 1752, 1557, 1667, 1695, 1662, 1359, 1701, 1710, 1701, 1706, 1710, 1706, 1736, 1710, 1736, 1750, 164, 1443, 1781, 1692, 1715, 1786, 1598, 1743, 1838, 1021, 1897, 1443, 1784, 205, 1706, 1701, 1763, 2467, 1750, 315, 1843, 892, 892, 1843, 914, 1844, 1803, 1757, 1379, 860, 1755, 1779, 669, 1020, 1713, 2171, 1762, 1782, 1557, 1662, 1749, 2126, 1464, 1797, 1770, 1690, 1690, 1542, 1723, 1871, 1909, 838, 1736, 2043, 1750, 1750, 2043, 1763, 1756, 1700, 481, 1724, 1601, 1776, 1835, 1844, 1529, 2101, 2469, 1502, 2495, 1898, 543, 762, 2483, 945, 986, 1718, 1466, 1844, 1757, 1791, 1724, 1836, 1601, 1871, 1865, 1872, 1711, 1529, 1759, 488, 1798, 215, 1759, 860, 1749, 2067, 2465, 2459, 1695, 2158, 2167, 376, 1376, 1279, 1796, 1675, 1571, 1580, 2052, 1571, 1675, 1580, 1571, 1763, 2497, 2467, 2467, 2497, 1993, 1860, 1694, 1859, 2480, 2003, 2494, 1825, 1676, 1522, 1669, 1738, 851, 2233, 2268, 2252, 1723, 1542, 1677, 1657, 2167, 1790, 1396, 1746, 1718, 1695, 2167, 1657, 978, 518, 271, 1773, 1974, 1678, 974, 1670, 931, 1786, 1715, 1681, 1834, 1825, 1746, 2500, 2468, 960, 1809, 907, 1790, 1981, 1767, 190, 1136, 1703, 1824, 1803, 1845, 1757, 2003, 2043, 1736, 912, 1968, 901, 2497, 1794, 1800, 914, 1843, 1711, 1688, 914, 1711, 1739, 1751, 1540, 694, 660, 198, 1864, 1692, 1781, 1823, 1463, 1808, 1828, 1764, 1717, 1815, 1767, 1981, 1815, 1621, 1767, 1621, 2164, 1680, 1767, 1621, 1680, 669, 1771, 227, 1282, 1458, 51, 1784, 1443, 1748, 1674, 1074, 1684, 1566, 1780, 1703, 1857, 1856, 1847, 1525, 1751, 1687, 1790, 2159, 1809, 907, 1657, 1790, 1812, 1772, 1557, 1844, 1791, 1529, 68, 375, 164, 2, 1831, 1833, 1721, 1515, 1506, 1800, 1820, 1993, 1832, 1981, 2045, 1820, 1832, 2045, 1832, 1815, 1981, 1021, 1784, 1748, 2159, 2169, 1809, 1146, 1718, 1725, 1682, 1839, 1506, 1466, 1718, 1792, 1794, 1801, 1800, 1801, 1810, 1800, 1800, 1810, 1820, 1689, 2164, 1621, 1933, 1479, 1924, 228, 1467, 1090, 1779, 2163, 1741, 1671, 1741, 857, 1832, 1416, 1815, 1416, 1621, 1815, 1830, 2164, 1689, 1667, 1662, 1557, 1718, 1746, 1825, 1759, 1749, 1663, 1816, 1689, 1621, 1529, 1791, 1776, 947, 1795, 1801, 1795, 1810, 1801, 1514, 1816, 1621, 1694, 1860, 1830, 1782, 1662, 1657, 1748, 1409, 1021, 853, 1795, 947, 1810, 1841, 1832, 1820, 1810, 1832, 1832, 1841, 1416, 1621, 1416, 1514, 126, 1803, 1844, 1685, 1625, 1836, 1607, 1689, 1816, 1522, 1774, 1761, 126, 1844, 1835, 1811, 1804, 1707, 1522, 1676, 1774, 1779, 1771, 669, 1757, 1753, 1791, 1203, 1795, 853, 1821, 1841, 1810, 1607, 1830, 1689, 1821, 1810, 1795, 1841, 1415, 1416, 1416, 1415, 1514, 1514, 1607, 1816, 1727, 1830, 1607, 907, 1782, 1657, 126, 1835, 315, 1804, 1147, 1823, 851, 1744, 1671, 1477, 1092, 1927, 1821, 1842, 1841, 1842, 958, 1841, 1841, 958, 1415, 1727, 1694, 1830, 1727, 1859, 1694, 2345, 445, 2336, 1601, 1836, 860, 1086, 1095, 1834, 1707, 1823, 1808, 2003, 1736, 504, 1566, 1747, 1780, 519, 1542, 1882, 1759, 1663, 1711, 127, 1335, 71, 2052, 1882, 1542, 1821, 179, 1842, 1785, 1607, 1514, 928, 2461, 518, 511, 2401, 505, 1211, 1702, 1682, 1829, 1828, 1738, 2052, 1542, 1770, 1415, 1768, 1514, 1768, 1785, 1514, 1785, 1727, 1607, 1711, 1807, 1688, 1793, 1557, 1782, 1496, 1734, 1775, 1126, 1566, 1136, 1122, 1747, 1566, 35, 204, 1184, 958, 1733, 1415, 1737, 1732, 1540, 1773, 1761, 1973, 1751, 1553, 1540, 1751, 1739, 1687, 1525, 1874, 1553, 1467, 1828, 1829, 1754, 907, 1809, 1715, 1598, 1813, 1805, 1779, 1741, 2307, 2348, 2339, 1831, 914, 1688, 1712, 1467, 1829, 1813, 1598, 1345, 1831, 1688, 1765, 1021, 1683, 1784, 1092, 1152, 1115, 1671, 677, 1741, 1674, 1684, 1092, 1840, 1742, 1721, 1813, 2052, 1580, 1463, 1745, 1808, 2484, 2496, 2492, 1415, 1733, 1768, 1664, 1727, 1785, 1664, 1950, 1727, 1950, 1859, 1727, 1950, 2093, 1859, 1843, 1835, 1817, 315, 1835, 1843, 1775, 1530, 1786, 1718, 1825, 1792, 2146, 1400, 28, 2110, 2120, 1547, 1740, 1258, 1778, 1842, 346, 1833, 1842, 1733, 958, 1765, 1768, 1733, 956, 1765, 1733, 1765, 1785, 1768, 1765, 1688, 1785, 1688, 1664, 1785, 1753, 1690, 1776, 1506, 1839, 1789, 1760, 1469, 1460, 1522, 1678, 1792, 1090, 1467, 1097, 1819, 1729, 1837, 1842, 1833, 1733, 1807, 1950, 1664, 1587, 1726, 1530, 892, 914, 1831, 1522, 1773, 1678, 271, 2487, 709, 1092, 1115, 1674, 2339, 2348, 2347, 1831, 1733, 1833, 1831, 956, 1733, 1950, 1807, 2093, 1684, 1691, 1504, 1042, 294, 697, 2142, 1778, 2120, 1688, 1807, 1664, 1692, 1713, 1762, 1737, 2156, 1515, 1113, 1920, 235, 1267, 1332, 1519, 1148, 1107, 430, 507, 2143, 1911, 1956, 1107, 1536, 430, 1107, 1956, 1017, 1107, 2166, 1337, 1956, 1680, 2162, 1956, 1337, 1982, 1389, 2092, 29, 556, 36, 1713, 2172, 2171, 1982, 1983, 1389, 1983, 2064, 1389, 883, 1761, 896, 2064, 1983, 1213, 1949, 1973, 1761, 883, 1949, 1761, 2011, 1697, 1860, 1213, 2115, 802, 1949, 1937, 1973, 1937, 1966, 1973, 1899, 1760, 1460, 864, 1928, 883, 883, 1928, 1949, 2061, 2070, 2041, 918, 1984, 1731, 1592, 501, 2145, 1994, 1212, 2097, 1521, 2475, 1650, 2173, 1848, 2174, 1479, 1988, 1498, 1928, 1937, 1949, 1604, 2057, 1573, 2096, 1604, 2132, 1911, 2013, 1885, 2091, 2081, 2082, 205, 1929, 504, 2100, 2099, 2091, 2072, 2100, 2091, 838, 1909, 864, 1909, 1900, 1928, 864, 1909, 1928, 1966, 1787, 1974, 2072, 2091, 2062, 2100, 1592, 2099, 2014, 1875, 1697, 1852, 1883, 2013, 1830, 1697, 2164, 1315, 272, 80, 1900, 1919, 1928, 1928, 1919, 1937, 1919, 1967, 1966, 1937, 1919, 1966, 1848, 2173, 1699, 2172, 1699, 2173, 2061, 2071, 2090, 802, 2466, 2058, 2238, 1735, 2239, 1504, 1356, 1684, 1357, 1685, 1475, 1966, 1967, 1787, 1967, 1968, 1787, 2064, 2109, 2155, 2064, 1213, 2109, 2109, 1213, 502, 272, 2092, 1017, 272, 1982, 2092, 531, 1885, 2154, 2033, 2020, 1946, 215, 1809, 584, 1911, 542, 2013, 1389, 2050, 1536, 1871, 1872, 1909, 1983, 2044, 1213, 596, 1911, 1885, 1592, 2145, 2099, 2070, 2061, 2089, 2033, 2045, 1981, 2033, 1946, 2045, 1213, 2044, 2115, 1872, 1886, 1909, 1886, 1900, 1909, 1561, 1446, 1105, 2162, 430, 1956, 1947, 1971, 1935, 1971, 1947, 1991, 2013, 2014, 2012, 1852, 2013, 2012, 1549, 1883, 1852, 1946, 2467, 1993, 1354, 1549, 2153, 1354, 1883, 1549, 2080, 2107, 2127, 2023, 1964, 1491, 2023, 2031, 1964, 2115, 1603, 802, 1900, 1910, 1919, 1938, 1967, 1919, 1910, 1938, 1919, 871, 1625, 1665, 2061, 2090, 2119, 1818, 1926, 1758, 1020, 1673, 1779, 871, 1672, 1755, 1549, 500, 2170, 1377, 1549, 2170, 2145, 2161, 2144, 1357, 481, 191, 2108, 2119, 2118, 1865, 1871, 2226, 1390, 2011, 1859, 2135, 2136, 2160, 2161, 1660, 235, 1886, 1893, 1900, 1900, 1893, 1910, 504, 1706, 205, 2119, 2136, 2135, 2141, 2163, 1673, 1859, 2011, 1860, 1893, 1938, 1910, 2079, 2059, 2117, 2161, 235, 507, 2163, 1814, 1741, 1017, 2092, 1536, 2153, 1377, 2160, 2040, 2097, 2490, 2042, 2041, 2031, 1107, 1017, 1536, 1464, 2093, 1807, 501, 1642, 1660, 2466, 1617, 1655, 2118, 2135, 2134, 2118, 2107, 2070, 877, 1182, 1194, 2100, 1593, 1592, 2032, 2369, 2062, 2481, 2490, 2097, 1281, 2405, 1274, 2002, 1947, 1955, 2042, 2031, 2023, 2024, 2042, 2023, 2153, 1549, 1377, 1794, 2497, 1763, 2141, 1547, 2163, 2430, 2453, 2421, 1980, 2010, 1992, 2348, 2390, 2361, 501, 2161, 2145, 2024, 2023, 2359, 2128, 2119, 2090, 1731, 1984, 2006, 2170, 1307, 208, 1929, 1994, 2040, 1389, 1237, 2050, 1865, 1877, 1886, 1877, 1893, 1886, 1964, 2031, 2010, 873, 2479, 2491, 2070, 2107, 2068, 1357, 1730, 481, 429, 2020, 2033, 1964, 2002, 1963, 1854, 1888, 830, 1667, 1772, 2149, 1389, 2155, 1237, 897, 868, 1902, 2390, 2406, 2361, 2120, 2110, 2073, 1547, 1258, 2163, 2098, 2128, 2090, 1549, 1852, 500, 1852, 1851, 500, 951, 2016, 968, 2084, 2120, 2073, 2129, 2005, 1390, 2143, 1366, 542, 2099, 2145, 2098, 1544, 1318, 112, 1902, 1921, 897, 1921, 1930, 897, 584, 2169, 1640, 2006, 2016, 951, 2016, 2073, 968, 1557, 1752, 1812, 836, 2004, 1516, 2004, 2005, 2129, 1531, 1473, 1527, 2002, 1980, 1947, 2069, 2070, 2068, 1921, 918, 1930, 2016, 2084, 2073, 2084, 2103, 2120, 2099, 2098, 2081, 2155, 2109, 2033, 504, 2473, 2003, 1902, 870, 1921, 1921, 1951, 918, 918, 1951, 1984, 1984, 2000, 2006, 2000, 2035, 2016, 2006, 2000, 2016, 2016, 2035, 2084, 2035, 2046, 2084, 2046, 2074, 2084, 2074, 2103, 2084, 1947, 1992, 2022, 2399, 2421, 2406, 2010, 2069, 1992, 2032, 2042, 2024, 2011, 2014, 1697, 1875, 1337, 2164, 870, 1939, 1921, 1984, 1975, 2000, 2120, 2103, 2142, 1050, 1412, 1455, 2357, 1361, 2378, 1858, 1788, 1869, 2089, 2108, 2070, 1404, 1397, 1884, 1885, 1883, 1354, 1921, 1959, 1951, 1951, 1959, 1984, 1959, 1975, 1984, 1955, 1947, 1935, 2134, 208, 2127, 2156, 1874, 1211, 2159, 2167, 2168, 1899, 1460, 1917, 2000, 2017, 2035, 2074, 2085, 2103, 2110, 2141, 2102, 1936, 1955, 1935, 2022, 2069, 2060, 2134, 2127, 2107, 2041, 2070, 2010, 2137, 412, 2382, 2032, 2071, 2042, 1921, 1939, 1959, 2069, 2068, 2060, 2068, 2107, 2060, 2107, 2118, 2134, 1854, 1903, 1888, 1888, 1903, 870, 870, 1903, 1939, 1975, 2017, 2000, 2035, 2017, 2046, 2121, 2142, 2103, 215, 1641, 488, 2147, 983, 2142, 1974, 1973, 1966, 2156, 1682, 1515, 1613, 1592, 1593, 2268, 2269, 2275, 1925, 2146, 28, 2081, 2090, 2071, 429, 502, 2058, 1903, 1904, 1939, 1939, 1960, 1959, 1960, 1975, 1959, 2086, 2085, 2074, 2064, 2155, 1389, 1819, 1837, 1899, 533, 1307, 836, 2166, 272, 1017, 830, 1849, 1854, 2018, 2036, 2017, 2017, 2036, 2046, 2036, 2074, 2046, 2085, 2094, 2103, 2094, 2121, 2103, 2121, 2147, 2142, 1925, 1212, 1994, 1404, 1884, 1760, 2005, 2012, 2011, 2210, 2232, 2215, 1854, 1889, 1903, 1903, 1894, 1904, 1904, 1931, 1939, 1960, 1976, 1975, 1975, 1985, 2017, 2483, 2475, 1517, 1869, 1410, 1858, 1547, 2141, 2110, 1903, 1889, 1894, 1894, 1931, 1904, 1939, 1931, 1960, 1975, 1976, 1985, 1985, 2007, 2017, 2017, 2007, 2018, 2086, 2074, 2036, 2086, 2094, 2085, 2093, 1390, 1859, 1851, 1852, 2005, 1852, 2012, 2005, 928, 978, 849, 1854, 1873, 1889, 2007, 2027, 2018, 1992, 2069, 2022, 1704, 1798, 1997, 1490, 2146, 205, 1850, 1855, 1854, 1894, 1889, 1873, 2037, 2018, 2027, 2037, 2047, 2036, 2018, 2037, 2036, 2047, 2066, 2086, 2036, 2047, 2086, 2086, 2066, 2094, 2094, 2148, 2121, 2148, 2147, 2121, 1307, 2004, 836, 208, 1307, 1386, 1600, 2101, 1926, 253, 169, 200, 1799, 1402, 1762, 1509, 1345, 1739, 869, 870, 1902, 1918, 1649, 1618, 2147, 1666, 1752, 1931, 1922, 1960, 1976, 1952, 1985, 2066, 2111, 2094, 2111, 2148, 2094, 2147, 2148, 1666, 2421, 2420, 2406, 1925, 2025, 1212, 1911, 2143, 542, 2127, 1386, 2152, 1732, 1509, 1739, 989, 852, 2488, 502, 1213, 802, 1920, 430, 2162, 2145, 2144, 2128, 2143, 1920, 2162, 1854, 1855, 1873, 1894, 1922, 1931, 1922, 1940, 1960, 1960, 1940, 1976, 2047, 2075, 2066, 2075, 2112, 2066, 2066, 2112, 2111, 1722, 1899, 1936, 1869, 1899, 1722, 1366, 2162, 1337, 519, 1345, 1509, 1697, 1830, 1860, 1983, 1918, 2044, 1894, 1890, 1922, 2007, 1985, 2027, 1947, 1980, 1992, 1882, 1345, 519, 1882, 1813, 1345, 1929, 205, 2146, 2498, 2485, 1446, 1890, 1905, 1922, 1922, 1952, 1940, 1952, 1976, 1940, 1952, 1986, 1985, 2112, 2122, 2111, 2122, 2148, 2111, 1386, 1307, 1225, 1598, 1687, 1345, 2092, 1389, 1536, 2002, 2010, 1980, 1986, 2027, 1985, 2037, 2048, 2047, 2047, 2048, 2075, 1812, 1666, 2148, 2122, 1812, 2148, 1460, 1468, 1963, 1756, 1509, 1742, 504, 1929, 1998, 2222, 1783, 1788, 1531, 1521, 1650, 1905, 1912, 1922, 1912, 1942, 1922, 1942, 1941, 1922, 1922, 1941, 1952, 1941, 1986, 1952, 1307, 1851, 2004, 2052, 1813, 1882, 1732, 1739, 1540, 2153, 1885, 1354, 1502, 1527, 1473, 1873, 1878, 1894, 1894, 1878, 1890, 2075, 2123, 2112, 2112, 2123, 2122, 1895, 1890, 1878, 1890, 1895, 1905, 1941, 1961, 1986, 1961, 2008, 2027, 1986, 1961, 2027, 2008, 2037, 2027, 2108, 2118, 2070, 1917, 1955, 1936, 1850, 1863, 1855, 1895, 1896, 1905, 1905, 1896, 1912, 1942, 1961, 1941, 2048, 2076, 2075, 2123, 2124, 2122, 1929, 2146, 1925, 1901, 1893, 1877, 481, 1509, 1756, 2128, 2136, 2119, 502, 802, 2058, 1846, 1856, 1850, 1850, 1856, 1863, 2038, 2037, 2008, 2037, 2038, 2048, 2075, 2076, 2123, 2149, 1812, 2122, 481, 519, 1509, 1993, 1820, 2045, 2043, 2003, 1763, 1863, 1866, 1855, 1866, 1873, 1855, 1896, 1943, 1912, 1942, 1943, 1961, 2123, 2125, 2124, 2149, 2122, 2124, 2098, 2145, 2128, 2040, 1994, 2097, 1604, 1640, 2150, 1846, 1958, 1856, 1873, 1866, 1878, 1912, 1943, 1942, 1943, 1962, 1961, 2076, 2095, 2123, 2095, 2125, 2123, 2125, 2149, 2124, 940, 1649, 1918, 2134, 2135, 208, 1883, 1885, 2013, 2048, 2028, 2076, 1387, 2126, 1388, 1388, 2126, 1565, 1929, 1925, 1994, 940, 1918, 1315, 2109, 502, 429, 1866, 1879, 1878, 1878, 1879, 1895, 1896, 1906, 1943, 1962, 1977, 1961, 1961, 1977, 2008, 2038, 2028, 2048, 2076, 2077, 2095, 821, 822, 826, 2165, 1667, 2149, 80, 940, 1315, 2203, 2215, 2202, 2010, 2070, 2069, 1879, 1891, 1895, 1891, 1906, 1896, 1895, 1891, 1896, 1906, 1913, 1943, 1977, 2009, 2008, 2009, 2038, 2008, 1687, 1739, 1345, 1788, 1819, 1869, 2129, 1390, 2093, 1943, 1944, 1962, 2028, 2077, 2076, 1766, 2149, 2125, 1766, 2165, 2149, 802, 2021, 2466, 1502, 1926, 2101, 1913, 1953, 1943, 1943, 1953, 1944, 1962, 1969, 1977, 2077, 2104, 2095, 2104, 2125, 2095, 1964, 2010, 2002, 191, 1625, 1357, 2100, 1558, 1593, 1929, 2040, 1998, 1697, 1875, 2164, 1397, 1870, 890, 2164, 1337, 1680, 1969, 2009, 1977, 2009, 2029, 2028, 2038, 2009, 2028, 2029, 2054, 2077, 2028, 2029, 2077, 1848, 1847, 2174, 1870, 1861, 890, 542, 2014, 2013, 1856, 1857, 1863, 1863, 1857, 1866, 1962, 1944, 1969, 2054, 2087, 2077, 2077, 2087, 2104, 2104, 2130, 2125, 2125, 2130, 1766, 2062, 2082, 2032, 2160, 2170, 208, 2031, 2041, 2010, 1812, 2149, 1772, 1913, 1907, 1953, 1969, 1978, 2009, 2087, 2130, 2104, 2014, 542, 1875, 1693, 1691, 1047, 1394, 2206, 1858, 1394, 1392, 2206, 1729, 1783, 1735, 2499, 2465, 2469, 1708, 1700, 1756, 1944, 1978, 1969, 2029, 2049, 2054, 2349, 2316, 2285, 2153, 2154, 1885, 870, 859, 1888, 2160, 208, 2135, 2496, 2462, 2492, 2189, 2203, 2202, 1799, 2178, 1403, 2476, 2468, 1384, 1384, 1714, 2476, 2127, 208, 1386, 1857, 1867, 1866, 1866, 1880, 1879, 1892, 1891, 1879, 1880, 1892, 1879, 1892, 1906, 1891, 1906, 1907, 1913, 1953, 1978, 1944, 1978, 1979, 2009, 2130, 2158, 1766, 1764, 92, 338, 1760, 1876, 1404, 522, 1346, 514, 1540, 2156, 1737, 2143, 2162, 1366, 1379, 1388, 1565, 2316, 2391, 2315, 1993, 2497, 1800, 1866, 1867, 1880, 1979, 2049, 2029, 2009, 1979, 2029, 2049, 2088, 2054, 2054, 2088, 2087, 2087, 2113, 2130, 1537, 1650, 1658, 2144, 2154, 2128, 2139, 28, 1927, 2369, 2032, 2024, 2251, 2238, 2239, 2238, 2251, 1861, 2391, 2390, 2315, 2468, 2500, 1384, 2476, 1714, 1709, 501, 1613, 1642, 2437, 1226, 2430, 1914, 1906, 1892, 1914, 1907, 1906, 1953, 1907, 1978, 1907, 1987, 1978, 1978, 1987, 1979, 2113, 2158, 2130, 2154, 2153, 2128, 507, 1965, 2143, 871, 1755, 1625, 1709, 1714, 1504, 235, 1965, 507, 2271, 2283, 1397, 2324, 2354, 2318, 1547, 2120, 1778, 1531, 1527, 1521, 1979, 2055, 2049, 2049, 2055, 2088, 2012, 2014, 2011, 1963, 2002, 1955, 2005, 2011, 1390, 1564, 1926, 1502, 2243, 2242, 2225, 4, 1714, 1384, 1857, 1847, 1867, 1914, 1945, 1907, 1945, 1987, 1907, 1979, 2019, 2055, 2114, 2158, 2113, 2091, 2082, 2062, 1397, 2283, 1686, 2161, 2154, 2144, 518, 2474, 2487, 2157, 4, 1384, 4, 1504, 1714, 1691, 1693, 1504, 1987, 2019, 1979, 2114, 2168, 2158, 2168, 2167, 2158, 2082, 2081, 2071, 1315, 1983, 1982, 1487, 1618, 1649, 2082, 2071, 2032, 2360, 1209, 1232, 1932, 1945, 1914, 2055, 2078, 2088, 2087, 2114, 2113, 2098, 2090, 2081, 2161, 531, 2154, 1851, 2005, 2004, 2022, 2060, 2051, 2175, 2183, 2174, 2161, 984, 531, 1908, 1892, 1880, 1908, 1914, 1892, 1987, 2039, 2019, 2039, 2055, 2019, 2088, 2078, 2087, 2087, 2078, 2114, 1781, 1443, 1881, 1215, 1214, 2319, 866, 1938, 1893, 866, 902, 1938, 1371, 2397, 1378, 1862, 503, 2026, 2157, 1384, 503, 1867, 1781, 1880, 1908, 1932, 1914, 2039, 1987, 1945, 1480, 2023, 1491, 2119, 2135, 2118, 1521, 1527, 1517, 1870, 1397, 1404, 1220, 1407, 1398, 1356, 4, 2157, 2178, 1799, 1762, 1867, 1864, 1781, 1881, 1880, 1781, 1881, 1908, 1880, 2039, 2056, 2055, 2105, 2078, 2055, 2056, 2105, 2055, 2105, 2131, 2078, 2131, 2114, 2078, 2114, 2131, 2168, 531, 984, 596, 2091, 2099, 2081, 1209, 1220, 1398, 1398, 1232, 1209, 2129, 2001, 1516, 1848, 1864, 1867, 1932, 2039, 1945, 51, 1268, 29, 1666, 1812, 1752, 1996, 1379, 1672, 939, 1007, 1087, 1946, 1993, 2045, 1881, 1915, 1908, 1923, 1932, 1908, 1532, 2039, 1932, 1532, 1533, 2039, 2057, 2039, 1533, 2057, 2056, 2039, 1237, 190, 1767, 1996, 1388, 1379, 1874, 1540, 1553, 1853, 503, 1862, 1853, 2157, 503, 2395, 1274, 2405, 2425, 2442, 152, 1915, 1923, 1908, 1924, 1934, 1933, 1869, 1722, 1425, 2057, 2096, 2056, 2096, 2105, 2056, 2131, 2150, 2168, 2150, 2159, 2168, 1105, 1634, 1561, 1956, 1767, 1680, 1956, 2050, 1767, 525, 534, 32, 1613, 1593, 1608, 2232, 2228, 2215, 2495, 2026, 2083, 2495, 1862, 2026, 2116, 1853, 1862, 2015, 2157, 1853, 2015, 1503, 1356, 2157, 2015, 1356, 1113, 235, 1660, 2128, 2153, 2136, 2132, 2105, 2096, 2490, 1998, 2040, 2050, 1237, 1767, 2060, 2107, 2080, 2188, 2194, 2185, 2347, 2348, 2361, 1700, 191, 481, 504, 1736, 1706, 2132, 2131, 2105, 2131, 2132, 2150, 2150, 2169, 2159, 501, 1660, 2161, 1997, 1388, 1996, 2296, 2351, 2328, 2351, 2363, 2328, 2393, 2413, 2363, 2351, 2393, 2363, 2401, 511, 2414, 2254, 2253, 2242, 2445, 1364, 2455, 2270, 2281, 2297, 845, 2282, 2263, 2292, 2309, 2317, 2253, 2294, 2293, 2282, 2289, 2277, 2269, 2293, 2292, 2422, 2454, 2399, 2280, 2286, 2266, 2189, 2190, 2203, 2270, 2262, 2281, 2333, 2328, 2363, 2423, 2431, 2408, 2281, 2262, 2297, 1408, 1658, 1957, 2262, 2301, 2297, 2296, 2328, 2295, 1255, 445, 2345, 1957, 2501, 2477, 2436, 2398, 2443, 262, 2365, 2358, 848, 826, 822, 2310, 2324, 2289, 2498, 2378, 2433, 2445, 2455, 2422, 946, 2357, 2378, 2498, 946, 2378, 2204, 2194, 2211, 2244, 2236, 2226, 2244, 2255, 2236, 2255, 2262, 2270, 555, 570, 2304, 1527, 2067, 1517, 2423, 2438, 2431, 2301, 2351, 2296, 1865, 2236, 825, 2247, 2241, 2210, 2333, 2363, 2362, 2234, 2243, 2225, 2254, 2294, 2253, 2328, 2323, 2295, 2438, 2446, 1972, 2328, 2333, 2323, 2408, 2431, 2413, 2292, 2317, 2275, 865, 2424, 2415, 1486, 1492, 2371, 2236, 2230, 2229, 2414, 511, 16, 2034, 1235, 25, 920, 2137, 687, 2490, 2481, 2461, 5, 180, 196, 2480, 947, 1794, 2137, 2382, 2381, 2376, 2393, 2351, 2376, 505, 2393, 2393, 505, 2401, 2400, 2401, 2414, 2393, 2401, 2400, 2317, 2325, 2275, 2438, 2456, 2431, 2297, 2301, 2296, 2243, 2248, 2242, 2403, 1099, 2381, 2237, 2244, 2226, 2244, 2256, 2255, 2256, 2262, 2255, 2323, 2333, 2327, 2256, 2288, 2262, 2288, 2301, 2262, 2235, 2230, 2249, 2137, 2381, 687, 2382, 2403, 2381, 1099, 2403, 2342, 2352, 2351, 2301, 2352, 2376, 2351, 2236, 2229, 2219, 2334, 2354, 2324, 2307, 2339, 2314, 2252, 2268, 2275, 2310, 2334, 2324, 2438, 2423, 510, 2267, 2266, 2247, 2382, 412, 2403, 122, 970, 831, 2233, 2242, 2268, 2224, 2212, 2233, 2218, 2212, 2224, 2194, 2195, 2211, 1543, 2417, 1548, 412, 865, 2403, 2403, 865, 2415, 2415, 2416, 2403, 2403, 2416, 2342, 2414, 2408, 2400, 2195, 2218, 2211, 2267, 2247, 2217, 2205, 2213, 2196, 2416, 2331, 2342, 2342, 2331, 831, 2329, 2301, 2288, 2329, 2352, 2301, 2452, 2453, 514, 2217, 2247, 2216, 2217, 2216, 2204, 2275, 2280, 2267, 2177, 2196, 2176, 2196, 2188, 2176, 2331, 2065, 831, 831, 2065, 122, 2230, 2235, 2229, 668, 949, 1143, 2216, 2210, 2198, 1215, 1208, 1216, 2065, 2364, 122, 2229, 2225, 2213, 2289, 2324, 2303, 2324, 2318, 2303, 2216, 2247, 2210, 2190, 2191, 2198, 509, 524, 2034, 2416, 1916, 2331, 2331, 1916, 2065, 2407, 2412, 2340, 2247, 2266, 2241, 2325, 2332, 2280, 1339, 2364, 2065, 2439, 1301, 1339, 2225, 2229, 2234, 1152, 1162, 1115, 2430, 2454, 2437, 2415, 2424, 2416, 2494, 2473, 2461, 2289, 2303, 2276, 824, 2226, 1871, 150, 238, 1037, 8, 150, 1037, 544, 927, 2380, 2439, 2405, 1383, 927, 1595, 2380, 2185, 2187, 2184, 2455, 25, 1887, 2286, 2332, 2261, 2424, 2341, 2416, 2341, 1916, 2416, 1916, 876, 2065, 2335, 1339, 2065, 2335, 2439, 1339, 2327, 2350, 2326, 824, 2237, 2226, 2350, 2367, 2326, 1221, 2387, 1210, 677, 755, 733, 427, 262, 1342, 2187, 2190, 2189, 2340, 2375, 2332, 2065, 876, 2335, 2289, 2276, 2277, 738, 633, 591, 674, 303, 13, 2383, 674, 13, 2198, 2210, 2203, 2190, 2198, 2203, 2321, 2317, 2309, 2286, 2261, 2232, 2184, 2187, 2183, 2385, 2424, 844, 2383, 571, 674, 1127, 122, 2364, 831, 970, 2342, 2187, 2185, 2190, 2184, 2183, 2175, 2344, 1916, 2341, 2344, 876, 1916, 2335, 2405, 2439, 970, 1099, 2342, 2298, 2288, 2256, 2298, 2302, 2288, 2248, 2254, 2242, 505, 512, 511, 2436, 954, 1218, 1586, 2397, 1323, 876, 2395, 2335, 2335, 2395, 2405, 2462, 2478, 878, 2375, 2411, 2349, 2280, 2266, 2267, 2302, 2329, 2288, 623, 634, 158, 1995, 2355, 1560, 2448, 2435, 1995, 2355, 2053, 2450, 927, 2397, 1586, 2332, 2349, 2261, 2034, 25, 2455, 2345, 2341, 2424, 2345, 2344, 2341, 1543, 2379, 2417, 2411, 2391, 2349, 621, 508, 1150, 2435, 2053, 1995, 544, 2450, 927, 2325, 2340, 2332, 2345, 2424, 2385, 1364, 2034, 2455, 2368, 2376, 2352, 2368, 505, 2376, 2450, 899, 927, 899, 2397, 927, 1234, 1887, 1243, 2336, 2344, 2345, 876, 771, 2395, 771, 1274, 2395, 2431, 2445, 2413, 2293, 2294, 2309, 2368, 2329, 827, 2417, 2418, 2435, 2449, 2428, 2435, 2435, 2428, 2053, 2489, 2493, 1655, 1320, 154, 2337, 1255, 2345, 2385, 2447, 876, 2344, 876, 2447, 771, 2445, 2422, 2413, 2350, 2333, 2362, 2242, 2253, 2268, 2379, 2418, 2417, 2418, 2449, 2435, 2282, 2277, 2263, 821, 2196, 822, 1007, 1758, 1564, 2447, 2344, 2336, 2269, 2292, 2275, 2322, 2323, 2327, 2428, 1011, 2053, 2225, 2242, 2212, 2394, 324, 771, 2369, 2366, 2379, 2053, 2434, 2450, 2434, 2396, 2450, 2450, 2396, 899, 1773, 1973, 1974, 2304, 2289, 2282, 845, 2304, 2282, 2319, 1214, 2284, 2138, 2447, 2336, 2447, 2394, 771, 1231, 1230, 1215, 2271, 2284, 2283, 2366, 2370, 2379, 2370, 2404, 2379, 2379, 2404, 2418, 2418, 2428, 2449, 2428, 175, 1011, 2396, 2372, 899, 2372, 2397, 899, 2372, 1378, 2397, 2371, 1499, 1507, 1132, 1302, 1141, 2251, 2272, 2271, 890, 2251, 2271, 2418, 2404, 2428, 2404, 2429, 2428, 2428, 2429, 175, 2188, 2185, 2180, 2211, 2218, 2217, 2311, 2138, 2336, 2138, 2383, 2447, 2447, 2383, 2394, 898, 854, 842, 2271, 2272, 2284, 2330, 2302, 2298, 175, 2434, 2053, 1011, 175, 2053, 2176, 2184, 2175, 2217, 2218, 2224, 1215, 1219, 1214, 2377, 2138, 2311, 2383, 13, 2394, 2323, 2294, 2254, 2239, 2272, 2251, 2370, 2386, 2404, 2409, 2429, 2404, 2429, 2441, 175, 2434, 2343, 2396, 2396, 2343, 2372, 2455, 1887, 2454, 2241, 2266, 2232, 2232, 2261, 2228, 2377, 2383, 2138, 2322, 2309, 2294, 2322, 2321, 2309, 2239, 2273, 2272, 973, 840, 989, 2489, 1446, 2485, 2386, 2409, 2404, 2441, 2140, 175, 2343, 1777, 2372, 971, 1378, 2372, 1777, 971, 2372, 1378, 971, 427, 1210, 2436, 1222, 1227, 1214, 1219, 701, 2377, 2311, 16, 517, 2414, 1887, 25, 1243, 2323, 2322, 2294, 2304, 2310, 2289, 2306, 2284, 2272, 2273, 2306, 2272, 2306, 2319, 2284, 2368, 530, 505, 2434, 2257, 2343, 2295, 2323, 2287, 1232, 1216, 2360, 2359, 2370, 2366, 2409, 2441, 2429, 175, 2140, 2257, 175, 2257, 2434, 538, 2330, 65, 2349, 2391, 2316, 2267, 2224, 2252, 1507, 1499, 2370, 2359, 1507, 2370, 2370, 1499, 2386, 971, 2365, 427, 1625, 1685, 1357, 1758, 1806, 1818, 2276, 2256, 2244, 2276, 2298, 2256, 1783, 2227, 1735, 2264, 2239, 1735, 2227, 2264, 1735, 2264, 2273, 2239, 1208, 2319, 2306, 2319, 1208, 1215, 1554, 1583, 1559, 2386, 1499, 2371, 2409, 2419, 2441, 2432, 971, 1777, 2432, 2365, 971, 954, 521, 1224, 2338, 2306, 2273, 2371, 1492, 2386, 2410, 2419, 2409, 2419, 953, 2441, 2441, 953, 2140, 2343, 2432, 1777, 2204, 2211, 2217, 2327, 2333, 2350, 2393, 2400, 2413, 2249, 2255, 2270, 2338, 1208, 2306, 2327, 2321, 2322, 865, 844, 2424, 2, 315, 892, 2386, 2410, 2409, 2440, 2140, 953, 2140, 2440, 2257, 2353, 2432, 2343, 2253, 2293, 2269, 2268, 2253, 2269, 862, 2304, 845, 2440, 2353, 2257, 2257, 2353, 2343, 2318, 2354, 50, 2222, 2227, 1783, 1492, 2410, 2386, 1559, 2448, 1554, 2287, 2323, 2254, 824, 2250, 2237, 2250, 2244, 2237, 1298, 83, 1311, 2245, 2264, 2227, 2312, 2273, 2264, 2312, 2338, 2273, 2250, 2276, 2244, 2318, 50, 2330, 890, 1861, 2251, 2442, 953, 2419, 2442, 2440, 953, 510, 2446, 2438, 2241, 2232, 2210, 187, 14, 813, 2442, 2425, 2440, 2425, 2353, 2440, 2305, 2402, 2432, 2432, 2402, 2365, 538, 2302, 2330, 2245, 2227, 2222, 1029, 1818, 1806, 2353, 2305, 2432, 2412, 2411, 2375, 2437, 2454, 1887, 1847, 1856, 2175, 2206, 2207, 2222, 2207, 2245, 2222, 1208, 2338, 1216, 2338, 2360, 1216, 1220, 1209, 2387, 553, 108, 77, 385, 1374, 94, 2326, 2325, 2317, 2178, 2181, 1392, 2181, 2207, 1392, 1392, 2207, 2206, 2360, 2398, 2387, 2387, 2398, 1210, 2305, 2353, 2425, 2402, 2358, 2365, 2213, 2225, 2212, 2267, 2252, 2275, 888, 2199, 2178, 2199, 2181, 2178, 2199, 2220, 2181, 2220, 2207, 2181, 2313, 2264, 2245, 2313, 2312, 2264, 2338, 2373, 2360, 2477, 2433, 2378, 2204, 2216, 2198, 2207, 2258, 2245, 2258, 2274, 2245, 2313, 2320, 2312, 2312, 2346, 2338, 2346, 2373, 2338, 2373, 2398, 2360, 152, 153, 2425, 153, 2305, 2425, 2384, 2358, 2402, 2220, 2258, 2207, 2305, 2356, 2402, 2356, 2384, 2402, 2236, 2255, 2230, 2171, 2179, 888, 2179, 2199, 888, 2199, 2200, 2220, 2245, 2290, 2313, 2373, 2443, 2398, 570, 554, 2310, 2191, 2204, 2198, 2172, 2179, 2171, 2278, 2245, 2274, 2278, 2290, 2245, 2291, 2313, 2290, 2320, 2361, 2312, 2361, 2346, 2312, 2346, 2388, 2373, 2443, 954, 2436, 2291, 2290, 2278, 2451, 2443, 2373, 2053, 2355, 1995, 2337, 2305, 153, 2185, 2191, 2190, 2192, 2200, 2199, 2258, 2220, 2200, 2246, 2258, 2200, 2451, 954, 2443, 2277, 2276, 2250, 2337, 2356, 2305, 2180, 2185, 2184, 2275, 2325, 2280, 2431, 2456, 2445, 2197, 2200, 2192, 2197, 2231, 2200, 2231, 2246, 2200, 2388, 2451, 2373, 2451, 1629, 954, 1402, 1748, 1443, 1554, 1995, 1560, 2356, 2426, 2384, 2384, 2427, 229, 2408, 2414, 2423, 2303, 2330, 2298, 2192, 2199, 2179, 2444, 2451, 2388, 1564, 1758, 1926, 2379, 1543, 2369, 2337, 2426, 2356, 2426, 2427, 2384, 229, 221, 252, 2201, 2197, 2192, 2201, 2208, 2197, 2208, 2240, 2197, 2240, 2231, 2197, 2265, 2274, 2258, 2364, 1339, 1127, 2414, 517, 2423, 2337, 169, 2426, 169, 2427, 2426, 2180, 2184, 2176, 2195, 2194, 2188, 2182, 2192, 2179, 2452, 1629, 2451, 2196, 2213, 2188, 2400, 2408, 2413, 821, 2219, 2196, 1209, 2360, 2387, 2186, 2192, 2182, 2186, 2201, 2192, 2265, 2278, 2274, 2278, 2299, 2291, 2374, 2346, 2361, 2374, 2389, 2346, 2389, 2388, 2346, 2452, 2451, 2444, 1346, 1629, 2452, 1629, 1346, 521, 2219, 2205, 2196, 2261, 2349, 2285, 169, 253, 2427, 2456, 1972, 2445, 1972, 1364, 2445, 2173, 2182, 2179, 2193, 2201, 2186, 2221, 2240, 2208, 2221, 2259, 2240, 2265, 2258, 2246, 2389, 2444, 2388, 2263, 2250, 824, 2362, 2367, 2350, 2325, 2392, 2340, 1854, 1849, 1850, 2209, 2208, 2201, 2209, 2221, 2208, 2260, 2259, 2221, 2279, 2278, 2265, 2279, 2299, 2278, 250, 262, 2358, 2276, 2303, 2298, 2219, 2229, 2205, 2201, 2193, 2209, 2212, 2242, 2233, 2327, 2326, 2321, 2293, 2309, 2292, 2213, 2195, 2188, 2195, 2212, 2218, 2223, 2221, 2209, 2420, 2389, 2374, 2205, 2229, 2213, 2193, 2202, 2209, 2223, 2260, 2221, 2420, 2444, 2389, 2321, 2326, 2317, 2392, 2407, 2340, 1364, 1972, 509, 2215, 2209, 2202, 2215, 2223, 2209, 2265, 2307, 2279, 2279, 2307, 2299, 2406, 2420, 2374, 2174, 2182, 2173, 2193, 2189, 2202, 2453, 2444, 2420, 521, 1346, 522, 2455, 2454, 2422, 822, 2196, 2177, 2280, 2332, 2286, 2187, 2186, 2182, 2187, 2189, 2193, 2186, 2187, 2193, 2307, 2314, 2299, 2406, 2374, 2361, 2442, 2419, 2502, 2419, 2410, 2502, 2410, 1492, 2502, 1492, 1486, 2502, 1486, 1317, 2502, 1317, 1319, 2502, 1319, 2442, 2502]
        color3f[] primvars:displayColor = [(0.65, 0.68, 0.72)]
        uniform token subdivisionScheme = "none"
    }
}
