# Generated by AgenticSim AssetCompiler
mtllib default_material.mtl
v 0.0863025091 0.129973649 0.149759937
v -0.418398275 0.272935698 0.200686463
v -0.0885714043 0.0942637505 0.0166319797
v -0.0522094659 0.0126220021 0.25162865
v -0.010343375 0.440048551 -0.146541823
v 0.231173823 0.0728045037 0.215589541
v 0.147216582 0.0953254985 0.220000816
v 0.0214732969 0.340557203 -0.0677868515
v -0.113383078 0.400968244 0.00322336629
v -0.43512303 -0.00374022246 0.0334623685
v -0.163913753 0.399349649 -0.0173867528
v -0.299741002 0.299390458 -0.0796377102
v -0.387364283 0.366896469 -0.164019225
v -0.357394875 0.0337881307 0.34256788
v 0.191945667 0.022627015 0.25641541
v -0.13570879 0.386364794 0.018728278
v 0.139661375 -0.465267807 0.305169715
v -0.260247119 -0.446213444 0.307964973
v -0.183091021 -0.459617289 0.296379648
v -0.109311454 0.10328616 0.0205949411
v -0.215529957 0.306681807 0.070100346
v -0.0284619889 0.314041409 -0.0206891025
v -0.255686642 0.306982079 0.0622645241
v -0.232027784 -0.443628809 0.307117199
v -0.21371292 -0.432143253 0.29611463
v -0.0834493754 -0.474435873 0.347872173
v 0.0854407492 -0.434993099 0.315957988
v 0.140058064 -0.439357068 0.30424009
v -0.143641931 0.377465419 -0.0673012857
v -0.258445421 -0.417093873 0.288215067
v -0.157541846 -0.432162974 0.281077882
v -0.0623306175 -0.419687789 0.339662219
v -0.0326513629 -0.426207543 0.352709075
v -0.130159458 0.379223677 0.018096862
v -0.324929321 0.332306646 -0.0789604704
v 0.428984304 -0.257269533 0.162505876
v -0.20872643 -0.410814968 0.274893783
v -0.179103569 -0.42765728 0.284660654
v -0.173277875 -0.406024598 0.26919815
v -0.0366793543 -0.410155065 0.343953617
v 0.0662763708 -0.419677026 0.315708245
v 0.110710791 -0.420324168 0.309373784
v 0.327565001 0.0218216488 0.16806958
v -0.062304322 0.456882549 -0.0425298928
v -0.00472198816 -0.400805766 0.324259783
v 0.0631580257 -0.410780874 0.315597133
v 0.146862301 -0.40902384 0.325832297
v 0.166935165 -0.397517273 0.327634123
v -0.120217735 0.0147895175 0.235485039
v -0.381430056 0.180814521 0.326753673
v 0.332814576 -0.431811593 0.196163496
v -0.231083528 -0.397390113 0.259175413
v -0.197075817 -0.397632123 0.261725052
v -0.142646631 -0.411117625 0.269703889
v -0.0623110248 -0.401758465 0.327436906
v -0.035866254 -0.400100684 0.3326181
v 0.0220894382 -0.401268774 0.318164238
v 0.0296941426 -0.391099285 0.328480351
v 0.104197288 -0.40577608 0.326240136
v 0.121594385 -0.387010711 0.346563259
v -0.0383377797 -0.388433765 0.309925411
v -0.00774217607 -0.388214829 0.312132498
v 0.0579864348 -0.386594171 0.338174651
v 0.0909802846 -0.37964576 0.352341646
v -0.303396988 0.330292844 -0.119760495
v 0.317317978 -0.417757901 0.204944476
v -0.459294394 0.0954805006 0.0132533858
v -0.159210004 0.369505338 0.0306707845
v -0.307143849 0.278913171 -0.0234325424
v -0.112802707 -0.38433301 0.256306296
v -0.0396276161 -0.381107291 0.292658825
v 0.015765096 -0.359145657 0.336380751
v 0.117157846 -0.372844424 0.352098154
v 0.131666749 -0.367070162 0.353862149
v 0.160307522 -0.377540052 0.34323339
v -0.360050018 0.128273782 0.342554345
v 0.353144273 -0.389018197 0.215161464
v 0.356395643 -0.40017319 0.214100812
v 0.246871053 0.0998130823 0.146526162
v -0.3846405 0.245690588 -0.0480497066
v -0.45398269 0.0613509787 0.00840514022
v -0.173493718 0.374289198 0.0246505815
v -0.153722028 0.0806403899 0.178993971
v -0.192610984 -0.358227117 0.251803502
v -0.175761002 -0.380864959 0.260764878
v -0.137557407 -0.383820955 0.262855311
v -0.019818094 -0.377323694 0.306938028
v -0.000711784965 -0.375803707 0.321873138
v 0.00355518673 -0.360022756 0.333781035
v 0.0409532221 -0.363929324 0.344426035
v 0.080509041 -0.358892369 0.35699145
v 0.15865045 -0.355133778 0.349528149
v 0.352901362 -0.0339384279 -0.0110912842
v -0.400897736 0.118281982 0.352100281
v -0.405893894 0.156845207 0.33818522
v -0.272809376 0.259373307 0.231838011
v -0.315101997 0.254353045 0.255500414
v -0.0976471137 0.0968745525 0.134589778
v -0.338824725 0.32524519 -0.0496795163
v -0.183196912 0.12375436 0.140886149
v -0.161629454 -0.347955926 0.266042617
v -0.0890313189 -0.359245877 0.246047608
v -0.0514748012 -0.370888304 0.272765131
v -0.0308589461 -0.343621475 0.302587916
v 0.10671728 -0.358450758 0.361715308
v -0.413122082 0.099473109 0.345694152
v -0.0850442533 0.437991439 -0.0241916336
v 0.337177514 -0.384787897 0.212182653
v 0.387449486 -0.373857319 0.21896459
v -0.303802314 0.273744802 0.231783422
v -0.178453011 -0.316289615 0.264422475
v -0.142944067 -0.336149473 0.268328592
v -0.401438729 0.388580969 -0.257096581
v 0.0784747436 -0.337674487 0.357522905
v 0.09862295 -0.349495699 0.36164828
v 0.14178326 -0.34245448 0.353867434
v 0.108480373 0.0838139042 0.233514483
v 0.324628533 0.0327676306 0.150043774
v 0.357614005 -0.346111369 0.210565605
v -0.113334999 -0.361286683 0.254851468
v 0.0532999586 -0.322207987 0.366018951
v 0.10544375 -0.333912158 0.360698352
v -0.478720633 0.0316282204 0.268266849
v 0.371078754 -0.358312384 0.215887944
v 0.40241044 -0.339975543 0.215742803
v 0.239493728 0.0923858086 0.176519352
v 0.0169574841 0.11295468 0.0179835591
v 0.0310211665 -0.339391691 0.349542135
v 0.129236664 -0.324339862 0.367020181
v 0.0283938653 0.0805256691 0.226029397
v 0.197310801 0.0842290906 0.219032134
v -0.388011102 0.290410393 0.167679594
v -0.0721874601 -0.316304374 0.251054852
v 0.102771914 -0.319410216 0.369343665
v -0.136952158 0.0329836667 0.223388626
v 0.00367022985 0.0881446813 0.200176664
v -0.0552512445 0.310952581 1.37600589e-05
v -0.328809206 0.286096888 0.204409284
v 0.0805143903 -0.314092775 0.368465084
v 0.0876836066 0.0578258901 0.25671594
v 0.0668446902 0.0764243337 0.239902953
v 0.380987801 -0.32904142 0.20837102
v 0.420927741 -0.311758463 0.205140984
v 0.433187921 -0.321220679 0.20448237
v -0.144269738 -0.303420125 0.2762656
v -0.11374026 -0.318205131 0.264413903
v 0.0132430416 -0.28724719 0.355848173
v 0.125453905 -0.305833904 0.373857738
v 0.0181052728 0.0610520599 0.243194088
v 0.234984295 0.0142384706 0.251532168
v -0.101807356 0.417856509 -0.00717356661
v 0.0944154012 -0.0690618321 0.330834449
v -0.252647442 -0.311436794 0.189569237
v -0.244306784 -0.300925656 0.2136699
v -0.222398192 -0.319873353 0.212151073
v -0.162275307 -0.2611703 0.279114544
v -0.0868248758 -0.307286283 0.254348307
v 0.0348864218 -0.292670329 0.363499282
v 0.153102729 -0.292943146 0.367889288
v 0.385513023 -0.0803174958 0.0161646533
v 0.370179162 -0.313085487 0.201879817
v 0.405933789 -0.310924804 0.204342771
v 0.350309637 -0.0212687973 0.179078852
v -0.398557817 0.346221256 -0.173405905
v -0.291284205 0.241441533 -0.0183257882
v 0.0712225158 -0.287859013 0.371590261
v 0.109916124 -0.286233651 0.37414164
v -0.024115486 0.062144035 0.22226159
v 0.136095038 0.113900096 0.194182112
v -0.191730598 -0.273917528 0.265005554
v -0.00399441296 -0.260980108 0.358159799
v 0.0100452941 -0.252921225 0.364058642
v 0.0420079451 -0.265705125 0.365894305
v 0.107553518 -0.263373069 0.374209506
v -0.125732264 0.055533084 0.207247014
v -0.344968156 -0.301530196 0.137223202
v 0.385564648 -0.298771481 0.190265683
v 0.384327274 -0.158526963 0.189199359
v 0.217727377 0.109545988 0.157346466
v -0.163191591 0.116641989 0.0164825203
v 0.213522857 0.0796987121 0.211767338
v -0.415465803 0.281380378 0.176464505
v -0.0996206349 -0.141534354 -0.152415661
v 0.0195016448 -0.253062693 0.362066109
v 0.142394181 -0.271636645 0.368349074
v 0.157883367 -0.2434748 0.37087332
v 0.130729389 0.0636339239 0.247450425
v 0.151161239 0.0424252584 0.259079705
v 0.405308689 -0.281511018 0.182336925
v 0.445530082 -0.295347515 0.191829754
v -0.290648664 0.0826099152 -0.0469858317
v 0.0670752276 -0.0316335697 -0.137662686
v -0.118700777 -0.268067408 0.276256448
v -0.102404936 -0.273417461 0.268154577
v -0.0802055463 -0.261675974 0.263286159
v 0.076040341 -0.261009046 0.376224984
v 0.21510014 0.0563844675 0.235400545
v -0.4678052 -0.0717258053 0.122481249
v 0.402941185 -0.262076337 0.161328505
v 0.459773 -0.266540654 0.167569513
v -0.181675572 -0.248619644 0.279786886
v 0.0809289322 0.122429463 0.176022379
v -0.367875528 0.0693701605 0.353688714
v -0.368866639 0.218588235 0.299545428
v 0.433108777 -0.27623547 0.182610708
v -0.240115154 0.30009857 -0.00647286703
v 0.276805465 0.0644131235 0.185553105
v 0.0390844966 0.127287892 0.0804080802
v -0.18225169 -0.147537671 -0.131369924
v -0.138825717 -0.266237417 0.27925337
v -0.0802708985 -0.225470004 0.274999417
v -0.196639297 0.340343358 0.0487002642
v 0.0318046198 -0.238266279 0.372084334
v 0.0672041919 -0.244707469 0.383188605
v 0.0889878152 -0.244693934 0.384440287
v -0.0578776434 -0.105535333 -0.173408677
v 0.000697670432 0.0356573718 0.253516452
v -0.433893648 -0.0118101908 0.168944166
v -0.370543691 0.344262752 -0.0905647438
v -0.499463325 0.103277652 0.133455911
v -0.118628335 0.0960254247 0.148995045
v -0.210719866 -0.236638338 0.27813903
v -0.104817168 -0.21589513 0.27558894
v 0.0611312689 -0.233523796 0.383180291
v 0.108421917 -0.236253572 0.38140766
v 0.135307783 -0.239997275 0.372398076
v -0.389633758 0.228833195 0.287480145
v 0.372997944 -0.138107423 -0.0535300126
v 0.349444397 -0.0106003369 0.011742744
v -0.246911334 -0.22857243 0.279854494
v -0.167179366 -0.21370061 0.285425159
v -0.333401908 0.297420224 0.144883269
v 0.0441919597 -0.217904292 0.379422022
v 0.0873482736 -0.22198017 0.387968598
v 0.194736671 -0.110075444 0.341262446
v -0.365454467 -0.104857578 -0.0855215372
v -0.371689288 0.160620813 0.336242764
v -0.0583304041 0.0752550831 0.177636463
v -0.110996498 0.424195223 -0.0144683313
v -0.37770904 0.375341923 -0.163127367
v -0.127982082 -0.225997914 0.280287597
v -0.00641064063 -0.210537086 0.371035025
v 0.0349457158 -0.195127367 0.381422032
v 0.107609847 -0.214431408 0.384592066
v 0.125928385 -0.200099485 0.375107938
v 0.144167585 -0.217556005 0.372581694
v -0.290637256 0.284156559 -0.113021547
v -0.359928015 0.198740816 0.312317276
v 0.210110298 0.121560291 0.0948647138
v 0.03285264 -0.0824781151 0.342063752
v -0.271471782 -0.210154898 0.286439021
v -0.234085412 -0.207789972 0.288846419
v -0.218774817 -0.219159132 0.287574886
v -0.197223278 -0.223013624 0.284304117
v -0.182102037 -0.202093566 0.28244261
v -0.146409862 -0.206402043 0.286163368
v 0.01002351 -0.175382359 0.376496189
v 0.0144562469 -0.216363552 0.373651756
v 0.0699939714 -0.200534135 0.383168303
v 0.347883613 0.00316500689 0.130792066
v 0.123703767 0.138400863 0.0866037158
v -0.495255132 0.0498895264 0.129830151
v -0.303810499 -0.203217894 0.280781155
v -0.184169848 -0.178973638 0.288506123
v -0.12699632 -0.186909292 0.287734013
v -0.105978427 -0.179727444 0.27929017
v -0.090228863 -0.193894633 0.278941432
v 0.0950182658 -0.187901628 0.38048725
v 0.161032132 -0.189462089 0.366441485
v 0.0247967217 0.0372703601 0.260393775
v -0.39495339 0.0861466048 0.345575693
v -0.0630327995 0.293401707 -0.0174921929
v -0.423247745 0.0392393053 -0.00542259106
v -0.069204202 -0.194562592 0.316961345
v 0.116373684 -0.16955093 0.379795058
v 0.147923146 -0.172382408 0.373460017
v -0.294100666 -0.168328315 0.294441961
v -0.277562365 -0.190852016 0.288473705
v -0.24772959 -0.181449159 0.299479689
v -0.239751076 -0.190672201 0.297009259
v -0.214142672 -0.185884087 0.294835492
v -0.162383582 -0.187351354 0.283182753
v -0.145380532 -0.170931383 0.289925504
v -0.447028994 -0.0113884305 0.127141558
v -0.45064805 -0.0659690736 0.0324568208
v -0.0361750336 -0.173173338 0.367834828
v -0.0012398232 -0.177863359 0.380294158
v 0.0283244528 -0.160676175 0.378643596
v 0.0603032163 0.0437048472 0.262737303
v 0.0944552957 0.00824901027 0.283056882
v -0.379722262 0.0971542651 0.351700627
v -0.388348498 0.140383085 0.347673151
v -0.285643547 0.293528416 0.154675404
v -0.133654513 0.111423027 0.108296078
v 0.0950580958 -0.0594116805 0.303611896
v -0.310592822 -0.165005083 0.29390664
v -0.264638737 -0.168914229 0.294331816
v -0.186133122 -0.162187913 0.29416083
v -0.117439557 -0.17572143 0.286125601
v -0.0849527344 -0.159517817 0.291489897
v -0.46462885 -0.070533095 0.0712338268
v -0.0150457704 -0.17194054 0.378318833
v -0.429809456 -0.0187270212 0.0144378465
v -0.343595373 0.0499521717 0.349295549
v -0.12068577 0.424097711 -0.0218185874
v -0.34822668 0.0798617704 0.352909386
v 0.399168158 -0.106485905 0.0497292072
v -0.237278133 -0.159875191 0.301720613
v -0.20752895 -0.154236919 0.301846742
v -0.12853938 -0.155126263 0.290637933
v 0.0382072686 -0.137447133 0.374761841
v 0.0834999686 -0.1634782 0.378193735
v -0.207652887 0.0487239495 0.213095264
v -0.16830189 0.0528937307 0.207060238
v -0.263495266 0.293015072 0.0932292325
v -0.0554973143 0.0939188145 0.0103836884
v 0.230814772 0.110911939 0.12418756
v -0.275186934 -0.137326612 0.30028222
v -0.258639093 -0.142121493 0.297598783
v 0.131331996 0.136871338 0.0560125592
v 0.000757028812 -0.147501837 0.375249727
v 0.0535110321 -0.16861705 0.380818394
v 0.130888967 -0.153477441 0.377229178
v -0.0747483134 0.454717032 -0.0410203467
v -0.385185102 0.0424558077 0.341401658
v 0.223449435 -0.12409414 0.323507717
v -0.151723436 0.0421666853 0.21875893
v 0.146374672 0.136996886 0.117982128
v -0.444554568 -0.118920358 0.00925046543
v -0.216367548 -0.137331832 0.300789505
v -0.178096539 -0.145002211 0.289766119
v -0.162772022 -0.151079904 0.283688556
v -0.104780431 -0.154470099 0.283854321
v -0.0801827955 -0.126963773 0.294657804
v 0.0638337831 -0.165765528 0.378004253
v 0.0656084118 -0.127209392 0.376142745
v 0.100264103 -0.135729994 0.374031173
v 0.168913004 -0.127771395 0.358962909
v 0.36733634 -0.0505093413 -0.00336812082
v -0.447452108 0.0291020411 0.023797909
v -0.468516663 -0.0935847061 0.10129643
v -0.32438517 0.302537677 -0.0304263904
v -0.232888706 -0.123998045 0.296799217
v -0.128539574 -0.137059274 0.288699022
v 0.0204609175 -0.131252464 0.374819137
v 0.25868872 0.0862438597 0.169866831
v -0.130530303 0.109551853 0.0118394833
v -0.366693517 0.296322642 0.102101925
v -0.3144613 -0.123167415 0.293726309
v -0.271956575 -0.116798022 0.301738659
v -0.10594343 -0.139078941 0.291180279
v -0.0968951765 -0.125226139 0.294250802
v -0.0207616408 -0.142568711 0.367826127
v 0.0360080439 -0.114634438 0.371151163
v 0.360334694 -0.0120021227 0.0942554042
v 0.293095763 0.0608603214 0.167751391
v -0.336038039 0.2988853 -0.00315376038
v -0.295272817 -0.122622942 0.300162601
v 0.304496053 0.0561452294 0.143749208
v 0.0100523836 -0.118144703 0.369294812
v 0.0720462503 -0.10903606 0.36978721
v 0.139210548 -0.119220244 0.362192044
v -0.331798458 -0.114566959 0.282748231
v -0.250213426 -0.115787769 0.299932128
v -0.226220653 -0.0947113552 0.292731009
v -0.206292736 -0.122900012 0.296076218
v -0.184396067 -0.123426955 0.288316962
v -0.178614845 -0.0985603047 0.28651056
v -0.145847021 -0.132479011 0.287834361
v -0.121432874 -0.113016487 0.29466992
v 0.10749184 -0.109254223 0.366595327
v 0.169575936 -0.0945421742 0.337671619
v 0.24647243 -0.121152968 0.319192279
v 0.050385533 0.380973364 -0.13664167
v -0.362326132 0.295619429 0.154045664
v -0.309099388 0.276895695 -0.00357603628
v -0.338798429 -0.0960959329 0.281074273
v -0.279173419 -0.0940972119 0.294317573
v -0.0801813776 -0.102233821 0.298425417
v -0.0629071221 -0.108684808 0.299419429
v 0.0155116789 -0.10031837 0.357540886
v 0.0511194243 -0.09508104 0.360457116
v 0.100425486 -0.089915443 0.35639632
v 0.134369778 -0.0923928336 0.350730269
v 0.0786216249 0.0910837268 0.225279716
v -0.397241298 0.18772439 0.321035547
v 0.177723373 0.133016008 0.101985593
v -0.256658418 -0.089139337 0.290992537
v -0.125664849 -0.093177447 0.290427955
v -0.0488473711 -0.092076449 0.295933397
v 0.178631408 0.10430144 0.201981455
v 0.0704988076 -0.082513627 0.349485612
v 0.21767485 -0.0840835627 0.315309557
v -0.325028509 -0.0707596365 0.277625429
v -0.246156174 -0.0677506628 0.286399319
v -0.205061485 -0.0882980721 0.294312674
v -0.248571693 0.285331416 0.113708454
v -0.499117874 0.0768330751 0.161451798
v 0.193632064 -0.086457769 0.323747599
v 0.241301161 -0.0873327412 0.312280927
v 0.15560648 0.0697923075 0.241401671
v 0.0213132033 0.120337161 0.0480237977
v -0.0213318293 0.0959819855 0.161579666
v -0.339249192 0.352195248 -0.101421205
v -0.304379205 -0.079365506 0.283886417
v -0.226834989 -0.067318655 0.284861286
v -0.175239796 -0.0691386564 0.282714073
v -0.147831627 -0.0515560081 0.271054952
v -0.123297088 -0.0666606213 0.282407098
v -0.0906603552 -0.0853206145 0.297331122
v -0.0743833335 -0.0797263611 0.291594306
v -0.056856241 -0.0737277488 0.294492039
v -0.441068278 0.00399976231 0.167698284
v 0.154643791 -0.0727864577 0.321616563
v 0.1704812 -0.0584247588 0.314872329
v 0.195205351 -0.0605104872 0.315395727
v 0.158158761 0.137420387 0.0848498401
v 0.113495415 0.0398315356 0.268432807
v -0.359964171 0.357866068 -0.107826109
v 0.0721830775 0.132855656 0.0773291139
v -0.0612461831 0.0969055529 0.121650811
v -0.198438868 -0.0602037056 0.282493138
v -0.158933642 -0.0748145035 0.278816077
v -0.108155094 -0.0406929089 0.272109224
v -0.0391174305 -0.0470844723 0.290198771
v -0.0358416342 -0.0769876905 0.298069332
v -0.0133392009 -0.0720534687 0.29628626
v -0.352108499 -0.209974245 0.254854497
v -0.362210766 0.0522956999 0.351360718
v -0.33298453 0.160019495 -0.0441721414
v -0.373055497 -0.0147716649 -0.0487592358
v -0.310378913 0.311726561 -0.0716235555
v -0.400433116 0.262811388 0.236106916
v -0.369380176 -0.0690287048 0.256639438
v -0.345813288 -0.0590695803 0.266025603
v -0.272352168 -0.0627765466 0.284916327
v -0.208730877 -0.0363036112 0.269295341
v -0.0795980413 -0.0527153333 0.284322936
v 0.0335209857 -0.0584872108 0.294368101
v 0.141440837 -0.0548720211 0.302304143
v -0.223608304 -0.0334210239 0.26959065
v -0.0220251172 -0.0516182667 0.291206833
v 0.135682559 -0.0316805537 0.283874945
v 0.216768362 -0.0436847388 0.3014293
v -0.0571043732 0.0997280729 0.038902071
v -0.356673229 -0.0308464428 0.251389992
v -0.310543969 -0.041489381 0.271528015
v -0.282623682 -0.0353249391 0.273194561
v -0.248184865 -0.0418861348 0.27712794
v -0.176866254 -0.0376110424 0.27598911
v 0.00829773442 -0.0373271405 0.286168524
v 0.0590908487 -0.0458087505 0.291267931
v 0.0579799254 -0.032139695 0.292007945
v 0.170902702 -0.0316958283 0.290579541
v 0.303566878 0.0346965524 0.194427859
v -0.197836132 -0.0244673826 0.268420433
v -0.142937945 -0.0214140674 0.256059066
v -0.0584464139 -0.0379346455 0.281580463
v -0.0081021289 -0.032958209 0.285417103
v 0.0104459148 -0.013376324 0.282501388
v 0.0831575462 -0.0289458145 0.293436993
v 0.108453948 -0.0366439713 0.291688596
v 0.185481469 -0.0394218919 0.302132062
v 0.204988012 -0.0185872293 0.279031146
v 0.27899644 0.0783060781 0.141018851
v -0.125192818 -0.0245587726 0.258619017
v -0.0278808439 -0.00534973043 0.271963116
v 0.0256575149 -0.03597569 0.28968923
v 0.142341525 -0.00461654809 0.278148118
v 0.165901711 -0.0196347339 0.275366588
v -0.225825188 0.325262205 0.0555841606
v -0.241046326 0.0281281383 0.234122439
v 0.193524175 0.125211637 0.136452574
v -0.338888015 -0.00963584375 0.251290674
v -0.327987148 -0.0181201607 0.254581745
v -0.302795992 0.00141622264 0.251754649
v -0.218798341 -0.00558226575 0.2563808
v 0.0477392836 -0.0175615088 0.289617562
v 0.115860469 -0.00533419799 0.28451461
v 0.171455103 -0.000728413046 0.267000988
v 0.238027105 -0.0182082637 0.269440031
v 0.0903170949 -0.0282139212 -0.135195092
v -0.246173447 -0.0155386834 0.263644371
v -0.187974198 -0.00709915917 0.259323133
v -0.164500247 -0.0179182391 0.263849644
v -0.0989978552 -0.00765613542 0.255124929
v -0.0900324841 0.0375109517 0.221327904
v 0.0334636898 -0.00203590866 0.283306367
v -0.0813842065 -0.109476833 -0.151132463
v -0.40759911 -0.116479059 -0.051157482
v -0.212662966 0.0210627509 0.235887916
v -0.173518789 0.333597514 0.0467494294
v -0.265410783 -0.00464967535 0.254447689
v -0.159129248 0.0135003257 0.240757301
v -0.0523914725 0.0372184779 0.229293464
v -0.0263012408 0.0254082226 0.253644321
v 0.0596087039 0.0108609079 0.280498671
v 0.132557575 0.0145174099 0.276986279
v -0.296655333 0.269025843 -0.0499813998
v -0.273236357 0.0196895164 0.243085425
v -0.220923191 -0.104796544 -0.130700741
v -0.368296257 -0.166139531 -0.0881173868
v -0.356700878 0.159264464 -0.0404549275
v -0.016808927 0.38836287 -0.125758334
v -0.249612237 0.250725352 -0.00308035191
v 0.215838092 -0.471621087 0.286691729
v -0.228645903 0.0489676991 0.227197101
v -0.337721278 -0.110298054 -0.0966997321
v 0.279583901 0.04428625 0.208496827
v -0.0436551563 -0.47123239 0.358515691
v 0.0607330973 -0.458654858 0.324903122
v 0.193578377 -0.462105313 0.296364824
v 0.233876917 -0.446919429 0.284374496
v -0.303901502 0.237139179 0.257583565
v -0.211258216 -0.477293067 0.305735135
v -0.170939503 -0.476069421 0.293405864
v -0.078927891 0.0993200404 0.0595777357
v 0.0971034786 -0.455507317 0.31416222
v -0.0938218174 0.28015757 -0.020569999
v 0.124923353 -0.0172541471 -0.123252521
v -0.257809301 0.225534648 0.21411918
v -0.255631087 -0.467067635 0.311305413
v -0.220186335 -0.463012575 0.307867009
v -0.220287264 0.159276194 0.187338303
v -0.0570162701 -0.459477883 0.358622936
v -0.0370026351 -0.448166599 0.357492742
v -0.00526684782 -0.459152798 0.347292961
v -0.0187609863 0.374702129 -0.0743668021
v 0.261543465 -0.096223866 0.308261378
v 0.203307931 -0.434624575 0.296421798
v 0.248081745 -0.451094237 0.272808248
v -0.304631784 -0.128775912 -0.111970497
v 0.239237862 -0.0627313672 0.304479392
v -0.126477756 -0.106485905 -0.142127326
v 0.011727566 -0.435562514 0.340854994
v -0.261244739 0.0853835821 0.268844707
v -0.240860646 0.0852429524 0.251733058
v 0.254100401 -0.428793597 0.273182896
v 0.293964677 -0.430529813 0.216809449
v -0.167333594 0.303700354 0.0430775883
v 0.167724483 -0.425549123 0.299948047
v 0.205266693 -0.415038952 0.291804348
v -0.302634159 -0.0492495386 -0.103133639
v -0.11130257 0.330865223 -0.0793036663
v -0.421442503 -0.222627827 0.116170248
v -0.319018167 0.0851913924 0.335772408
v 0.00831861619 -0.418085693 0.336011647
v 0.230272039 -0.424746593 0.286751216
v 0.274702399 -0.411360343 0.256249645
v 0.284027659 -0.422824825 0.242555905
v -0.1836857 0.301610243 0.0559809143
v 0.262031286 -0.0256943158 0.263344615
v 0.247703488 -0.399755103 0.27182848
v 0.390477408 -0.395395517 0.211561292
v 0.418122752 -0.394323972 0.191079557
v 0.44769431 -0.402678874 0.146195212
v -0.231514698 -0.421696564 0.294056099
v -0.0855302057 0.402362683 -0.0314354829
v -0.114123028 0.285653215 0.0201903889
v 0.176789494 -0.408877732 0.309065004
v 0.216192438 -0.397746006 0.291061627
v 0.294071213 -0.116136121 0.292617835
v -0.278013063 0.11026686 0.272323714
v -0.128585849 0.308507545 0.0365332141
v -0.135889959 0.33413567 0.0111441976
v -0.0338167464 0.472629986 -0.0683989324
v -0.0487486983 0.456404718 -0.053808823
v -0.180984862 0.260227075 0.0588262496
v 0.282275008 -0.37919229 0.259309792
v 0.415937641 -0.36995494 0.208041488
v 0.441511629 -0.39504955 0.165186671
v -0.326783996 0.0263466135 0.319145166
v 0.00350149994 0.323277856 -0.052915547
v -0.303723427 0.372336559 -0.252954062
v -0.160251386 0.256565159 0.0388166749
v -0.118603458 0.353073121 -0.00772583801
v 0.374580254 -0.0686792573 0.166010212
v 0.19886688 -0.371418792 0.322740376
v 0.23345071 -0.379169604 0.298281823
v 0.26088556 -0.37818294 0.274141202
v 0.329074482 -0.375241317 0.220677476
v 0.468925727 -0.367400339 0.159062317
v -0.149118757 0.25184156 0.01987626
v -0.194561367 0.102185742 0.18347453
v -0.0702991417 -0.129361761 -0.196115932
v 0.232054789 -0.354387255 0.317122083
v 0.249336198 -0.362372278 0.3002382
v 0.309920867 -0.369227945 0.247461189
v 0.409011917 -0.357269971 0.215643485
v 0.442284642 -0.366567066 0.189542555
v -0.0803308369 0.330313725 -0.00400675513
v -0.33449485 0.222238872 0.286956167
v -0.253090019 0.256859373 0.202049901
v 0.396487299 -0.0989325675 0.0870523518
v -0.161145951 0.294328948 0.0511544528
v -0.332358786 0.0821086236 0.347514798
v -0.304938372 -0.0943745399 -0.107195338
v -0.0101980404 0.485202749 -0.100890588
v 0.183980108 -0.344643522 0.344138911
v -0.274392653 0.0633505376 0.270886287
v 0.489129102 -0.336402697 0.140193957
v 0.388945949 -0.0822610477 0.121145975
v -0.0611692299 0.318903704 0.00621178039
v 0.204342288 -0.346757221 0.328727129
v 0.264805469 -0.355727362 0.287247609
v 0.294880446 -0.348208183 0.269859793
v -0.21079611 0.124659302 0.204573953
v 0.371396556 -0.096563646 0.194253264
v 0.222839545 -0.334554273 0.324485938
v 0.324664238 -0.332804586 0.256467228
v 0.342782401 -0.342593112 0.226114342
v -0.305519711 0.0791830482 0.318966575
v -0.313379314 0.193090878 0.275789122
v 0.435695346 -0.340584852 0.202911918
v 0.473530094 -0.34275849 0.166114427
v -0.209778832 0.251240178 0.0822144182
v -0.341325253 0.156455994 0.320622165
v 0.234197297 -0.323211086 0.322626042
v 0.282385539 -0.323539716 0.289616595
v 0.480024584 -0.314257767 0.16553354
v -0.258545577 0.1036494 0.26365739
v 0.259540426 0.0413102102 0.225700638
v -0.267453201 0.184984431 0.221834867
v 0.149914713 -0.321318514 0.362610066
v 0.175347814 -0.328633774 0.347814555
v 0.257701476 -0.331908088 0.305191822
v 0.321225964 -0.311803063 0.265944267
v -0.306442698 0.103944322 0.310213373
v -0.259286106 0.0352354826 0.244762412
v 0.459220986 -0.33391551 0.187776627
v -0.0859348868 0.386443422 -0.0378765438
v -0.130680536 0.320385279 0.0199273688
v -0.252849621 0.175032267 0.215603398
v -0.327893244 0.202052382 0.292283017
v 0.172674109 -0.305606654 0.35764233
v 0.201872116 -0.314322732 0.335031105
v 0.301964331 -0.309252328 0.277315618
v 0.35009186 -0.31638629 0.231041926
v 0.45594983 -0.314266919 0.191743649
v 0.489308402 -0.303070291 0.148519018
v -0.0487601059 0.430394662 -0.06597974
v 0.0228629017 0.361683695 -0.0814524912
v 0.361045576 -0.0223026385 0.141354507
v -0.00752884682 0.455192737 -0.107123283
v 0.249441831 -0.317589828 0.314287639
v 0.336058405 -0.312729917 0.251923701
v -0.292246958 0.166569476 0.246090661
v 0.47448956 -0.299446014 0.172521846
v -0.103114916 0.31795745 0.0237081947
v 0.180543251 -0.280800844 0.357467929
v 0.191547753 -0.296143407 0.347536002
v 0.237999134 -0.298413655 0.318395033
v 0.340118815 -0.280249862 0.253054024
v 0.36548102 -0.29512716 0.213773471
v -0.321615048 0.141487177 0.302677501
v -0.159839808 0.319845898 0.0323521541
v 0.321253162 -0.016050867 0.215252532
v 0.267292591 -0.299424424 0.30089675
v 0.27655121 -0.271626269 0.292505692
v 0.323311435 -0.277767573 0.265609385
v 0.384873036 -0.280004372 0.183533953
v 0.460918597 -0.292962287 0.18343702
v 0.00173931011 0.342210021 -0.0500470098
v -0.0070301333 0.328598197 -0.0336751177
v 0.373287066 -0.0816045608 -0.0160699764
v 0.259008649 -0.258295769 0.312549167
v 0.353853996 -0.286637945 0.235982013
v 0.173667089 0.0777512287 0.233316557
v 0.484619734 -0.279788207 0.15121064
v 0.355137516 -0.165016426 -0.0837627632
v 0.328225741 -0.0844228271 0.251822966
v -0.0938064138 0.309011092 0.0218816839
v -0.267201008 0.198776264 0.218632866
v -0.322355449 0.0603398883 0.341407265
v -0.3305587 0.0407164975 0.339222477
v 0.215063662 -0.282826054 0.338311542
v 0.297524569 -0.281279965 0.282107921
v 0.346920989 -0.104430339 -0.0656859128
v 0.471860712 -0.273867257 0.164035273
v -0.286769487 0.225877134 0.24890622
v 0.162337179 0.0206837209 0.266016257
v 0.184377313 -0.252849815 0.359132735
v 0.299966318 -0.254614969 0.278012193
v 0.342198292 -0.250918121 0.248756568
v 0.365434229 -0.256885411 0.220433468
v -0.296226805 0.178056837 0.245946422
v 0.0063507022 0.418256936 -0.110672733
v -0.48639185 0.0296379422 0.119230072
v 0.102160671 -0.0563411572 0.295002353
v -0.302348194 0.0166895657 0.254506468
v -0.285482294 0.0442354634 0.265123046
v 0.243573537 -0.263068543 0.325380632
v 0.273650125 -0.255237813 0.296612699
v 0.320827663 -0.236223603 0.270488438
v 0.379977033 -0.260605718 0.192063965
v -0.24952465 0.125082738 0.24542992
v -0.154689357 0.349367766 0.03368891
v 0.0679699215 -0.0575954171 0.295208335
v 0.0374711216 0.361300025 -0.0938731517
v -0.087333579 0.350147545 -0.0247930803
v 0.276565775 -0.0597003517 0.278523732
v -0.314510024 0.0202506818 0.282296953
v 0.293991359 -0.086622503 0.281903744
v 0.206652818 -0.248654382 0.349316367
v 0.295072442 -0.232435301 0.28957032
v 0.397484275 -0.223230369 0.158788598
v -0.395879923 0.254395775 -0.00657179767
v -0.188800446 0.275945832 0.0675772603
v -0.229236909 0.236377638 0.131586863
v -0.0308798278 0.306017522 -0.0346746716
v 0.218985246 -0.239023694 0.343575232
v 0.254501859 -0.225599097 0.327371876
v 0.336898123 -0.238956409 0.257571126
v -0.468422244 0.182050412 0.171074043
v -0.234700329 0.142220488 0.222098597
v -0.135189968 0.292386814 0.0377183193
v -0.475308976 0.160904328 0.149284168
v -0.300116036 0.130303568 0.278115635
v 0.198989657 -0.215915239 0.359009378
v 0.224998553 -0.221362095 0.347839626
v 0.380323838 -0.201673352 0.19766447
v -0.227605681 0.203958875 0.14174198
v 0.295592489 0.00865601155 0.227431248
v -0.244462753 0.209586836 0.196332161
v 0.275229857 -0.223105788 0.308708145
v 0.310001365 -0.220712118 0.284748306
v 0.356066368 -0.22237499 0.235454297
v 0.407017256 -0.232493048 0.12784664
v -0.198865076 0.132910503 0.174052402
v 0.0345024936 0.394160463 -0.116787871
v -0.127910091 0.362520191 0.0077378257
v -0.192400555 0.315967559 0.0598363732
v -0.185416503 0.23513369 0.0459765459
v 0.375354362 -0.114642623 -0.0385180784
v -0.306050842 0.157794619 0.267002535
v -0.285694141 0.139407249 0.260365932
v -0.20007016 0.0773248925 0.195382685
v -0.210983401 0.095131182 0.214364992
v -0.350185893 0.18061189 0.317971597
v 0.173464909 -0.217098604 0.365682781
v 0.223630023 -0.197451431 0.349587959
v 0.248400707 -0.192720162 0.334544444
v 0.2711563 -0.20255348 0.319084067
v 0.307334943 -0.200783943 0.289193481
v -0.294156673 0.197828076 0.247797746
v -0.292372248 0.299792304 -0.105411042
v 0.241416978 -0.0385710885 0.286718024
v -0.301638472 0.0358442766 0.283931274
v 0.201243793 -0.193784552 0.356007622
v 0.293763722 -0.177879922 0.296531621
v 0.394761845 -0.182432343 0.167796571
v 0.401798875 -0.172819765 0.136525016
v -0.211814677 0.067576068 0.216845219
v -0.07976632 0.425670031 -0.0266941597
v -0.266837639 0.145378341 0.2474938
v 0.359616786 -0.0842021505 -0.0405884033
v -0.244426274 0.0680569289 0.250927499
v 0.193284872 -0.167194576 0.35156206
v -0.0201437594 0.352827631 -0.0548324167
v 0.238167864 0.0537784993 0.230431134
v -0.251735798 0.0489185883 0.249651584
v 0.224582658 -0.17098436 0.340090038
v -0.302633127 0.315603481 -0.313700114
v -0.0111292774 0.427812218 -0.1002923
v 0.293474084 -0.0422303618 0.254690021
v 0.375194075 -0.0471180507 0.116404201
v 0.265614509 -0.0782169439 0.297563142
v 0.24314372 -0.153658481 0.328149271
v 0.304498953 -0.162371273 0.286759337
v 0.321159774 -0.169962958 0.277902886
v 0.346585269 -0.195131685 0.249296529
v -0.392633129 0.0219511287 0.319918178
v 0.296797122 -0.023418589 0.245377587
v -0.233807375 0.176553607 0.191730372
v -0.297692783 0.063429231 0.301095836
v -0.313210585 0.0474776813 0.323653567
v 0.323375691 0.0137016672 0.188647475
v 0.355856391 -0.146063057 0.236325724
v -0.290959957 0.352150391 -0.355540618
v -0.0391576472 0.411030489 -0.077010409
v 0.390354115 -0.140261984 -0.0134611079
v 0.361514707 -0.0573170579 0.18711608
v 0.178765013 -0.155489761 0.362304831
v 0.263661612 -0.165380826 0.32079676
v 0.345188639 -0.0706209402 0.221191722
v -0.226482384 0.0999419177 0.232471683
v -0.0952653668 0.36263098 -0.0273895099
v 0.157524638 -0.15291215 0.371232306
v 0.216370191 -0.138620638 0.335173282
v 0.330018545 -0.149653433 0.27105405
v 0.34122774 -0.165724989 0.254056414
v 0.374193941 -0.0421641073 0.0268003732
v 0.267898679 0.00424177177 0.246267189
v -0.0373859832 0.337405215 -0.0295788739
v 0.0251814878 0.442367846 -0.136263156
v -0.0524515398 0.387720369 -0.0634666441
v -0.204098861 0.228430512 0.0634729602
v 0.189065787 -0.132502793 0.353681173
v 0.275031481 -0.139667304 0.310245985
v 0.319396295 -0.136529624 0.281631443
v -0.042168361 0.327931141 -0.010982106
v -0.488492788 0.0598436883 0.182297997
v -0.370677489 0.177007979 -0.0334341395
v -0.487875745 0.0719392634 0.198109175
v -0.390421207 0.306070758 -0.0815380807
v -0.490506011 0.0832515786 0.244945128
v 0.291469305 -0.142704249 0.294642271
v 0.335477905 -0.124492376 0.262093255
v 0.209857784 -0.109238755 0.331411662
v 0.358253541 -0.0979552488 0.219145759
v -0.288158254 0.0875403344 0.287091834
v -0.33091369 0.11171621 0.332762919
v -0.0245934467 0.465476173 -0.0826044047
v 0.205840169 0.0358469835 0.248224018
v -0.218597773 0.274621386 0.0857116
v 0.302718072 -0.0622979414 0.263516245
v -0.455182038 -0.0946345954 0.035534498
v -0.278485416 0.210697566 0.238026171
v -0.269416797 0.233433824 0.227450647
v 0.317173933 -0.105806216 0.273090474
v -0.381008425 0.256664992 -0.0989936982
v 0.228135847 -0.482465818 -0.0463778756
v 0.219198124 -0.482688428 -0.0850925585
v 0.393965309 -0.124612898 0.151971536
v 0.355355744 -0.459670589 0.0294927688
v 0.251314295 -0.472918335 -0.00392928632
v 0.234835094 -0.463517089 -0.0710586519
v 0.260912178 -0.453665725 0.248976664
v 0.40921893 -0.436246328 0.0518642398
v 0.247628984 -0.467234367 -0.0207521989
v 0.215516809 -0.463761483 -0.118605037
v -0.473405125 0.0226226324 0.252659655
v -0.475595714 0.0230600541 0.0757868917
v -0.294799626 0.42950493 -0.363108006
v 0.036793624 0.44965333 -0.157993608
v -0.293004309 0.270988666 -0.135967524
v -0.164192305 -0.0977730489 -0.13586144
v 0.387306794 -0.440120929 0.0228520419
v 0.39044022 -0.422934841 0.00141799501
v 0.24811803 -0.449381545 -0.0514354545
v 0.0362022315 0.350266262 -0.0945443332
v -0.293709649 0.27698934 -0.177333032
v 0.0486718095 0.432494698 -0.172648039
v 0.375602623 -0.158827493 -0.0494668316
v -0.415495128 -0.00875603783 0.199298018
v 0.427795976 -0.42754185 0.103540254
v 0.449788095 -0.402201493 0.0420488386
v 0.249926173 -0.433732717 -0.0841327057
v 0.22755019 -0.463129809 -0.100891426
v -0.117941364 0.269925371 0.00869735617
v 0.422468868 -0.418202412 0.0243918151
v 0.313959493 -0.0662732128 -0.0846789189
v 0.0166170596 0.332054389 -0.0764814041
v -0.205355698 0.169066782 0.0534203188
v 0.0465140905 0.413175962 -0.173425047
v 0.448588618 -0.409985433 0.0767597633
v 0.439771546 -0.397448247 0.0162566234
v 0.262388854 -0.0781860723 -0.12454964
v 0.266615609 -0.425516769 -0.0601870453
v 0.23948058 -0.428531157 -0.122287383
v -0.032750938 0.00464825745 -0.117383002
v -0.238664451 0.255633987 0.171107299
v 0.457046768 -0.402037791 0.122237435
v 0.473909188 -0.384361432 0.078044637
v 0.404375776 -0.399680664 -0.0153990527
v -0.431923736 0.00604527401 0.193393309
v 0.29652495 -0.404118492 -0.0452819691
v 0.291672838 -0.400141029 -0.073247178
v 0.279958033 -0.403107595 -0.0963234734
v 0.250329436 -0.419958672 -0.103417863
v 0.231509865 -0.405939202 -0.132975759
v 0.00656493375 -0.0607336773 -0.143348652
v -0.29462226 0.399449224 -0.330665719
v -0.293535827 0.240411237 -0.0398155843
v 0.402161019 -0.141797825 0.0941377187
v -0.210247254 0.210637112 0.0673830082
v -0.425118469 0.00947703913 0.294560162
v -0.2279298 0.257694322 0.122010249
v -0.301728315 0.244012248 -0.120443987
v -0.223588904 0.179241169 0.162055758
v -0.288199245 0.419063269 -0.381217661
v 0.472583453 -0.386875495 0.109866207
v 0.464417841 -0.378557587 0.0302175082
v 0.432581061 -0.369727239 -0.0124669678
v -0.2957036 0.369220082 -0.285072489
v 0.472553033 -0.380080926 0.138069945
v 0.475052594 -0.377514337 0.0563040662
v 0.448925755 -0.375448459 0.00555277991
v -0.14256536 -0.492304421 -0.177625893
v 0.29995968 -0.385592748 -0.0806178002
v -0.335109831 -0.483601555 -0.0240042132
v 0.487414348 -0.352213552 0.12973889
v -0.0603235824 0.0834428015 -0.0192788092
v -0.235507436 0.218221257 0.165917662
v 0.483233932 -0.369501986 0.107403769
v 0.493679654 -0.343600464 0.0955469807
v 0.459854593 -0.348727778 0.00528930862
v 0.280848731 -0.378511248 -0.120855177
v 0.0522351814 0.404506545 -0.162584634
v -0.388238288 -0.246108095 0.179733663
v -0.298203871 0.31465581 -0.267271162
v 0.338410441 -0.348480226 -0.0484474271
v 0.318390296 -0.363790434 -0.0613813668
v 0.299954911 -0.37132521 -0.0950164934
v 0.490072971 -0.346677303 0.0704782159
v 0.478363838 -0.348936724 0.0354914455
v 0.295591844 -0.354103224 -0.106727754
v -0.0027300988 -0.0962809042 -0.197236329
v -0.445417101 -0.00299750153 0.0589104856
v 0.498814959 -0.312425842 0.110040673
v 0.491962063 -0.319983305 0.0471900091
v 0.477620859 -0.323592372 0.0217254572
v 0.358536154 -0.324267743 -0.031857501
v 0.305902414 -0.340634414 -0.0969075831
v -0.0706452378 0.0678813028 -0.0485502892
v -0.460132372 -0.0451576774 0.122398688
v 0.5 -0.312623381 0.0769935232
v 0.339753513 -0.323774378 -0.0675708798
v 0.264584148 -0.346067027 -0.146768816
v -0.291014482 0.377033605 -0.329589792
v -0.475364081 0.0168019664 0.113582003
v -0.461902361 0.00702491286 0.0912702771
v 0.492132018 -0.303260741 0.0478822013
v 0.307691995 -0.319896426 -0.107312057
v -0.494813908 0.0940539015 0.178497707
v -0.492326592 0.0647478764 0.253906826
v 0.0487963268 0.405980837 -0.146400549
v -0.418529108 -0.214564239 0.159809227
v -0.130136901 0.260934284 -0.00357674523
v 0.495583698 -0.286541206 0.129000294
v 0.493931653 -0.281838102 0.0644254657
v 0.370632116 -0.294392109 -0.0264874044
v 0.332218414 -0.302216136 -0.0848449419
v -0.290532847 0.321292798 -0.156767899
v -0.385004513 0.279041039 -0.0735791595
v 0.353906652 -0.292223369 -0.0622569191
v 0.313936549 -0.293220796 -0.109507801
v -0.427680289 0.235821049 0.02937663
v -0.452793524 -0.0291658465 0.0724892469
v -0.352202853 0.456950286 -0.348005649
v -0.443617208 0.0931815718 -0.00806471572
v 0.499678846 -0.285811955 0.0996208604
v 0.365498486 -0.270568646 -0.0521242308
v 0.333738466 -0.273346115 -0.0915249832
v -0.483511196 0.111630492 0.24452891
v -0.294050267 0.344893523 -0.310552122
v -0.350402251 0.240066945 -0.168270213
v -0.216319404 0.174044894 0.0221377434
v -0.217143654 0.202669426 0.114553328
v 0.494250229 -0.268368905 0.113779091
v -0.287486493 0.403039278 -0.365969132
v 0.269346224 -0.285227265 -0.142344135
v -0.374144314 0.256369941 -0.169314302
v -0.292763008 -0.321526236 0.141348706
v -0.291320941 -0.475111566 0.292610423
v 0.484504756 -0.25113912 0.0938068972
v -0.124544516 0.0819411183 -0.0438937821
v 0.29658128 -0.272640646 -0.122044343
v -0.160357148 0.100530023 -0.0356863421
v -0.37010846 0.349429186 -0.236905516
v 0.0452196138 0.381104777 -0.1500033
v -0.469048117 0.0685111719 0.032258315
v -0.293318824 0.345181743 -0.252268122
v 0.388733457 -0.120089995 -0.00750548372
v -0.203877926 0.176571976 0.0949169827
v -0.467341548 0.17000021 0.2058596
v -0.37013192 0.298879113 -0.152648518
v 0.349185888 -0.23884852 -0.0718816774
v 0.27792496 -0.257234536 -0.144344725
v -0.201230774 0.219861443 0.0369435023
v -0.484784404 0.038427494 0.240559311
v -0.351282379 -0.233656369 0.241378147
v -0.291690561 0.30178748 -0.208188176
v 0.0457548059 0.36888346 -0.115223478
v 0.387620858 -0.247982943 -0.00482211112
v 0.377504282 -0.261569632 -0.0301453887
v 0.324223208 -0.240675997 -0.100235971
v 0.299471794 -0.249074016 -0.127611334
v -0.0815894151 0.29227828 0.00187417158
v -0.448543309 -0.0345412925 0.0481075182
v -0.245617953 0.23504997 0.192842133
v 0.393174315 -0.160794183 -0.00409118453
v 0.387119502 -0.221336637 -0.0154816775
v 0.192691095 -0.12262552 -0.17909026
v -0.323979458 -0.122508672 -0.102756929
v -0.477063948 0.0813100246 0.0488666739
v 0.402301649 -0.228594408 0.0263577956
v -0.491359714 0.0651666076 0.0818455068
v 0.395957134 -0.111876497 0.124480743
v 0.0358175299 0.350750539 -0.108008502
v 0.401600369 -0.149523245 0.0346019721
v 0.406379524 -0.211260987 0.0541143801
v 0.367895959 -0.241789241 -0.0503085476
v 0.386822066 -0.0687437073 0.0418769507
v -0.22111132 0.225892022 0.101584327
v 0.396327012 -0.11255799 0.0240329579
v 0.388139036 -0.117895604 0.167703311
v 0.370923301 -0.0296835083 0.0579383874
v -0.443494238 -0.0894297484 0.00526636445
v 0.37073066 -0.204160797 -0.0433795362
v 0.33732375 -0.219709792 -0.0834786679
v -0.489405012 0.0681750656 0.220257584
v -0.293103497 0.2675511 -0.0850124472
v 0.398049371 -0.188260356 0.0134923016
v 0.351996807 -0.19628102 -0.0760983782
v 0.326537476 -0.202993222 -0.104088078
v -0.478498603 0.205245038 0.149600488
v -0.368677027 0.438467466 -0.337937088
v -0.289817389 0.32564362 -0.209875282
v -0.212340846 0.199615788 0.0436713655
v 0.372947544 -0.126916467 0.202185117
v -0.361664296 -0.290640543 0.130684371
v -0.477888971 0.185620874 0.121509988
v 0.384636247 -0.0593918299 0.0706215525
v -0.358693927 0.425071742 -0.33548219
v -0.380654981 0.261409087 -0.0485864456
v -0.441282252 -0.0481765118 0.0185346704
v -0.388148123 0.0245855193 -0.0202021188
v 0.406561015 -0.202701071 0.104850972
v 0.37965981 -0.184454395 -0.0334290479
v 0.343677224 -0.181498786 -0.0950463981
v -0.132891942 -0.417148655 -0.146588292
v -0.440502988 0.190141714 0.0255422462
v -0.299772646 0.353698736 -0.202455613
v -0.288675078 0.300741135 -0.157666202
v 0.404225737 -0.148987215 0.0638434184
v 0.395928453 -0.167405972 0.0148809397
v -0.180730865 0.232928278 0.0205836624
v -0.304998762 0.44717478 -0.368963926
v -0.323986483 0.454847994 -0.355353391
v -0.3093142 0.442769627 -0.350613937
v -0.306589708 0.404804368 -0.30770582
v -0.345327335 0.45475119 -0.333143754
v -0.376828783 0.271827417 0.231093744
v 0.00340115141 0.117892962 0.117078927
v -0.292057024 0.295534548 0.125784887
v -0.252708025 0.281411959 0.173058005
v -0.131974819 0.404344131 0.00397008312
v -0.369671167 0.44934352 -0.317818593
v -0.401130851 0.291452161 0.107142038
v -0.359016499 0.286430481 0.200252972
v -0.328290965 0.432689015 -0.315119495
v 0.0597200734 -0.0640628382 0.315617499
v -0.275683327 0.28726008 0.179528584
v -0.390449888 0.279152215 0.208671164
v -0.416964329 0.287305389 0.136502394
v -0.357197658 0.31460831 -0.0254059346
v 0.0199299146 0.481818225 -0.15511347
v -0.171852694 0.0925403595 0.154687263
v -0.337091408 0.292872251 0.0201041549
v -0.367024725 0.291568687 0.0246935696
v -0.331218474 0.414060602 -0.282829502
v -0.278759071 0.274882408 0.221513713
v -0.0429151423 0.10312568 0.116628809
v -0.360767539 0.440783925 -0.301152165
v -0.385376841 0.434259144 -0.294122483
v 0.197907801 0.114433548 0.171388494
v -0.448356856 -0.00700950933 0.086768321
v -0.0938264578 0.0725500554 0.176936665
v -0.208197618 0.170894324 0.134031964
v -0.168406557 0.123301728 0.0692987178
v -0.312708069 0.281970095 0.0154430075
v -0.13409245 0.0907009587 0.166253704
v 0.16955905 0.130612219 0.143061334
v 0.0966950594 0.135472903 0.114997517
v 0.131632397 0.132863197 0.145984654
v -0.489006647 0.0442544761 0.0861810532
v -0.315410905 0.293249863 0.177236422
v -0.449609956 0.208424095 0.0639017456
v -0.347583083 0.293547686 0.0540611444
v 0.0561793234 0.12988213 0.118294904
v -0.177143453 0.102561034 0.143578222
v -0.344300841 0.266063789 0.246206284
v 0.0102483114 0.480045143 -0.132605558
v -0.00302875975 0.495252941 -0.119202101
v -0.430268598 0.273309379 0.0590550468
v -0.459717895 -0.0812871449 0.0461530098
v -0.46145134 0.185854505 0.07813216
v -0.328564039 0.296415321 0.101563961
v 0.0658314085 0.104822711 0.204362042
v -0.463687366 0.168232478 0.0556205748
v -0.389315698 0.298058601 -0.11272469
v -0.492240616 0.0519285931 0.16012342
v -0.0432203771 0.106774834 0.0804281241
v -0.320611563 0.396742069 -0.261959972
v -0.337299904 0.401686732 -0.24188743
v 0.476807501 -0.25164647 0.0613113742
v -0.377612494 0.447123155 -0.328177629
v -0.0968555397 0.104655012 0.0740895385
v 0.0503478298 0.124837763 0.151515811
v 0.329511131 0.0114731177 -0.00488778559
v -0.416437644 -0.0841246173 -0.0347534294
v -0.0418796898 0.471065206 -0.105960413
v -0.288998939 0.294326241 0.0810914427
v -0.464204705 -0.126770681 0.146217318
v 0.484495475 -0.271239892 0.0464492216
v -0.169147667 0.114065152 0.118101425
v 0.307017076 0.0347345134 -0.010932544
v -0.462946772 -0.0984263778 0.0606862099
v -0.482822291 0.0447708489 0.208119537
v -0.356298324 0.417928628 -0.260687409
v -0.339907741 0.276698413 0.227817496
v 0.495487796 -0.270842429 0.0833773526
v -0.150041035 0.103963206 0.135921765
v 0.319805294 0.0412691556 0.0382067208
v -0.361064009 0.225272143 -0.0913411075
v -0.441284765 -0.0298742157 0.159663119
v -0.381869089 0.00570568736 -0.0308711593
v -0.449453922 0.266790784 0.176319751
v 0.468481925 -0.242162277 0.0783190003
v -0.243888504 0.290518797 0.0908400094
v 0.345005408 0.00653908933 0.0344763592
v 0.311310407 0.0457514545 0.0204162859
v -0.399272051 -0.0961120454 -0.0587680513
v -0.467953822 0.215102847 0.208862967
v -0.0263620815 0.488533134 -0.0873624848
v -0.348434015 0.330062822 -0.0531724444
v -0.348796224 0.394523252 -0.201608934
v -0.090039638 0.0998186895 0.116506354
v -0.242675685 0.27600055 0.154598966
v 0.0982658974 0.112105552 0.197958813
v 0.296027268 0.0652329265 0.0489433693
v 0.274084582 0.0713724263 0.00932020024
v -0.467378993 -0.0683554609 0.0960328042
v -0.377861464 0.391875455 -0.202357456
v -0.0760200393 0.05709361 0.202182216
v 0.244075666 0.0955444349 0.0166414539
v -0.486209907 0.0516593213 0.275098025
v 0.123810045 -0.0643539585 0.312068693
v -0.256683489 0.274254408 0.200512061
v -0.26079011 0.289441646 0.134086102
v -0.126652222 0.0763456403 0.187890317
v -0.369345438 0.408640428 -0.23527171
v 0.440437507 -0.236249383 0.0913962122
v -0.317707385 0.291135325 0.0556747127
v 0.340958211 0.0161644922 0.0771726295
v 0.216010496 0.107924943 0.010992418
v -0.41226754 0.211789154 -0.000315901304
v -0.483095945 0.213928118 0.124214178
v -0.451304989 0.274909799 0.109588815
v -0.315851614 0.370525709 -0.18739721
v -0.395829072 0.377591419 -0.206768151
v -0.35941306 0.240909564 0.278400181
v 0.484926194 -0.257491305 0.124142703
v 0.474663188 -0.245784943 0.120016361
v 0.462236147 -0.238408971 0.107669109
v 0.414076005 -0.234994414 0.0896645717
v 0.187679276 0.121711878 0.0181483575
v -0.405968978 -0.0427711611 -0.0331612585
v -0.385761156 0.289668252 0.0609109468
v 0.248442406 0.0710985786 0.208566884
v -0.376772196 0.252857484 0.262042082
v -0.0587705971 0.46774726 -0.077719036
v -0.329873919 0.384088358 -0.194285747
v 0.21675747 0.0948606212 0.192755835
v 0.456416963 -0.240199132 0.12993282
v 0.433899835 -0.236886019 0.113748671
v -0.275727282 0.296987959 0.0606039074
v 0.271619759 0.0876167075 0.0738863279
v 0.232429372 0.107895232 0.0453564732
v -0.476656882 0.206760449 0.177175388
v -0.191723573 0.148587561 0.118406724
v -0.0470880171 0.474711783 -0.0648527042
v 0.164213574 0.121119325 0.178134081
v 0.124341499 0.126854659 0.169692623
v 0.477870152 -0.262119389 0.145887399
v -0.44166908 0.278721174 0.140891112
v 0.320175172 0.043578912 0.0694642252
v 0.264550441 0.0878105729 0.0409818701
v -0.19956816 0.147375902 0.156976073
v -0.301245521 0.342668583 -0.157455838
v -0.320988917 0.352030579 -0.123669705
v -0.333228087 0.368442301 -0.144866061
v -0.360651143 0.383516365 -0.164548101
v 0.418973877 -0.241393196 0.119083449
v -0.0682032947 0.0843624375 0.149144376
v -0.182243053 0.135934365 0.0813875901
v 0.296817424 0.0671829235 0.0888222756
v 0.196433187 0.125804061 0.0542346436
v 0.162554955 0.133778064 0.0499983501
v 0.114522166 0.132058346 0.0262237397
v 0.128132959 -0.0763448025 0.335255005
v -0.229566506 0.276799858 0.0928699886
v -0.34518677 0.379719104 -0.158946371
v 0.458626951 -0.249329044 0.147355181
v 0.399346233 -0.252144732 0.154763313
v 0.232801183 0.111050571 0.0823578193
v -0.4929156 0.108005054 0.0965928741
v -0.455043858 -0.0271531399 0.097501038
v -0.0389975536 -0.125792847 0.346500356
v -0.291948877 0.283025462 0.208299739
v -0.187231864 0.0681677183 0.18785416
v 0.435568573 -0.244895469 0.14283679
v -0.469237084 0.190501667 0.198446634
v -0.235385561 0.274442215 0.114051392
v 0.010142678 0.114049426 0.148411838
v 0.325242354 0.0360220939 0.120286471
v 0.262962588 0.0936757094 0.109566128
v -0.434173554 -0.0798930286 -0.0115618331
v -0.12517967 0.113575139 0.073037329
v -0.144295453 0.116841075 0.042001339
v -0.108747904 0.4356269 -0.0431665292
v -0.371797499 0.298670424 -0.00717453336
v -0.193058524 0.14623675 0.0618947749
v -0.439352557 0.277586662 0.0911110858
v 0.0382484521 0.108044047 0.187276689
v 0.0882539239 0.132612293 0.0459213123
v -0.463779916 -0.0845294273 0.14540744
v -0.309427374 -0.487385281 0.109504965
v -0.306133596 -0.483803089 0.165986365
v -0.321774046 -0.478587028 0.227712507
v 0.23614014 -0.0878714781 -0.137301638
v -0.140950051 0.325788116 -0.0700924831
v -0.387274955 0.130614861 -0.0352846901
v -0.359236918 -0.481786967 0.0548607102
v -0.337770711 -0.481429012 0.087164688
v -0.305234842 -0.478554803 0.123549442
v -0.322271148 -0.469035743 0.224147524
v -0.297291647 -0.458182891 0.284803861
v -0.354161487 -0.472827912 0.0656031591
v -0.311747958 -0.469604449 0.176825038
v -0.319615038 -0.466879184 0.200466431
v -0.307799369 -0.454456139 0.2635602
v -0.279358068 -0.444388094 0.295026586
v -0.280470732 -0.462170215 0.301162992
v -0.128613047 -0.13850031 -0.144281049
v -0.146262272 -0.46791541 0.285855813
v -0.355861676 -0.467779227 0.0351974249
v -0.35378381 -0.455609148 0.0483165938
v -0.350382916 -0.456219424 0.0618492088
v -0.336425318 -0.462010894 0.0789586658
v -0.32516669 -0.464109062 0.0967794566
v -0.285673388 -0.466378408 0.136589788
v -0.144231648 -0.436623876 0.276866144
v -0.118234353 -0.461249032 0.317190013
v -0.078307496 -0.456737408 0.353129869
v -0.00917180429 -0.0815832279 0.311487806
v -0.322993696 0.0814396334 -0.0478571302
v -0.302617079 -0.46341326 0.116498169
v -0.306877993 -0.443860958 0.191582202
v -0.445062369 -0.0846070894 0.186242397
v -0.133413406 -0.450705153 0.295044117
v -0.113001084 -0.446182509 0.321657166
v -0.092627947 -0.450238342 0.340261604
v -0.342851105 -0.438774312 0.0526687682
v -0.409763081 -0.0796104801 0.226399791
v -0.0610492241 -0.209602755 0.321208401
v -0.133415468 -0.434497351 0.2866131
v -0.0604326962 -0.436029712 0.353169377
v -0.340530456 -0.440010526 0.0300648908
v -0.324542106 -0.439420229 0.0755559676
v -0.455046758 -0.0522100459 0.15147424
v -0.0460402546 -0.202068688 0.354584117
v -0.284234156 -0.430032195 0.28461599
v -0.0929179072 -0.427338124 0.33039084
v -0.379794575 -0.0426188015 0.242030316
v -0.294049622 -0.439981846 0.103951509
v -0.285196394 -0.423827408 0.0896124961
v 0.27491676 -0.132394968 -0.13676
v -0.392140087 -0.180060328 0.240268835
v -0.280875735 -0.41397179 0.267924813
v -0.0527277722 -0.182878658 0.353851515
v -0.113773709 -0.422720609 0.302304014
v -0.0840562359 -0.408423554 0.317281725
v 0.0108355146 -0.065886771 0.29635709
v -0.325508597 -0.425215659 0.0585082537
v -0.26458099 -0.410600543 0.0808516245
v -0.225667866 0.346565676 0.0208247051
v -0.247315757 -0.398101254 0.257799988
v -0.399901082 0.0549164271 0.335817201
v -0.0672100569 -0.142830571 0.318331034
v -0.378553527 0.319785444 -0.0577238336
v -0.124713633 -0.410209719 0.272127979
v -0.0556744871 -0.125516808 0.324406084
v -0.407642936 0.04222179 0.323826873
v -0.230168919 -0.403295918 0.10531572
v -0.0982394085 -0.384708882 0.263108986
v -0.0946573462 -0.407470146 0.301209783
v -0.0226908204 -0.104108476 0.342040937
v -0.356693144 -0.119854366 0.27698673
v -0.23745537 -0.391821962 0.0881940177
v -0.422811355 0.0754880696 0.327710432
v -0.212385767 -0.389372027 0.248257081
v -0.100098789 -0.396238909 0.283619787
v -0.0407461445 -0.100780733 0.314780746
v -0.448225571 -0.118786818 0.182350395
v -0.263679464 -0.395949013 0.0564502387
v -0.452242219 -0.136897247 0.169903696
v -0.486190508 0.094949111 0.272422064
v 0.00604546736 -0.084631387 0.332700983
v -0.0703743548 -0.384449406 0.288883799
v -0.44546473 0.209340831 0.266384911
v -0.375720824 -0.129411581 0.264652433
v -0.468099994 0.239447968 0.188046995
v -0.235161919 -0.375273864 0.0851552038
v -0.215055928 -0.365371133 0.114319375
v -0.445898349 0.23560353 0.234013132
v -0.342463954 -0.155170283 0.28137519
v -0.216542143 -0.375882464 0.228923972
v -0.428580203 0.25428563 0.227012968
v -0.0797504009 -0.373090494 0.25212543
v -0.463800475 0.0599153566 0.309632615
v -0.392452669 0.409429295 -0.257776528
v -0.429348188 -0.103284355 0.208693463
v -0.253073585 -0.365317188 0.0570645109
v -0.400458445 0.24503423 0.263892375
v -0.329351746 -0.143953611 0.290084308
v -0.176015515 -0.111298381 -0.134641983
v -0.449888121 0.142531717 0.311069397
v -0.488875041 0.0688795033 0.277855966
v -0.219687235 -0.370104078 0.102720644
v -0.212443708 -0.347460886 0.226261224
v -0.47029445 0.121782321 0.286836032
v -0.0725282713 -0.358354019 0.246644157
v -0.0584320416 -0.344573465 0.262082427
v -0.431178953 0.0780543367 -0.0144875374
v -0.416698795 0.12870115 0.345451111
v -0.223368872 -0.34980074 0.112030822
v -0.398280489 0.414173131 -0.290832314
v -0.232722296 -0.34229284 0.144823331
v -0.233164939 -0.326111397 0.178488813
v -0.227700487 -0.347062778 0.18145699
v -0.199238498 -0.310703031 0.246121919
v -0.430132222 -0.186797794 0.183658664
v -0.00992006791 -0.339412572 0.330275474
v -0.407768227 -0.126108071 0.232505261
v -0.431888224 -0.153489171 0.197896941
v -0.249007697 -0.326971932 0.157910274
v -0.421675683 0.225476449 0.271220395
v -0.0476076768 -0.244160869 0.316857451
v -0.0551197667 -0.306689863 0.271491665
v -0.479064667 0.081645422 0.293875059
v -0.188680247 0.374094624 0.0143059819
v -0.457777952 0.215015582 0.23968885
v -0.452372924 0.180268372 0.282283032
v 0.00699223675 -0.317931413 0.347048052
v -0.431832346 0.0996269509 0.334641763
v -0.296378585 0.0166856987 -0.0781337712
v -0.413981393 -0.164055865 0.222923684
v -0.462510252 0.0392654075 0.302109697
v -0.0223484624 -0.308625875 0.320279936
v 0.0269476735 -0.312697692 0.360315971
v -0.346034093 -0.182617572 0.271283621
v -0.432341114 0.149276917 0.326089581
v -0.256249935 -0.398283905 0.245485347
v 0.172373256 -0.00615967263 -0.115948927
v -0.252176055 -0.478448203 0.308446801
v -0.381559343 0.344552389 -0.106592731
v -0.431801861 -0.0467007375 0.190260012
v -0.460503088 0.108110494 0.306933516
v -0.401690019 -0.025484338 0.216119706
v -0.460207392 -0.100975372 0.162583152
v -0.46603431 0.182786302 0.252263739
v -0.0162449257 -0.11619722 0.356426869
v -0.267240451 -0.123915098 -0.125460962
v -0.0660321701 -0.278027371 0.265239829
v -0.0297467982 0.448723962 -0.13051274
v 0.0578554726 -0.00587680191 -0.133433289
v -0.0463235765 -0.155694067 0.355755172
v -0.281535122 0.293419817 0.0374882331
v -0.448496325 0.0743222994 0.321570997
v -0.369192047 0.256023973 -0.200618339
v -0.024360718 -0.197090834 0.37056222
v -0.43205096 0.187714852 0.298893711
v -0.0395281054 -0.480281159 0.35027087
v -0.446978336 0.110874236 0.322547542
v -0.315339172 -0.019688034 -0.0827240882
v -0.0301643692 -0.231752261 0.350220535
v -0.384270364 0.304267384 -0.0486802847
v -0.389375507 -0.15827664 0.250729766
v -0.43407037 0.125014614 0.334920252
v -0.415190473 -0.187869661 0.210996839
v -0.418300569 -0.0546580474 0.208959062
v -0.447617099 -0.0585495338 0.173344742
v -0.413408626 0.18614917 0.314782099
v -0.400282626 -0.0987505609 0.237934716
v -0.365040183 -0.0950015088 0.268710522
v -0.23121391 -0.141352992 -0.131503851
v -0.384378447 -0.210376799 0.227060725
v -0.0321626391 -0.0230254444 -0.13434416
v -0.461204497 0.256601574 0.177407665
v -0.0469070417 -0.272276826 0.30072744
v -0.0207353453 -0.274451367 0.341891413
v -0.430376874 0.0668557756 0.326501802
v 0.0138236065 0.415137882 -0.157840604
v -0.0682855328 -0.167857637 0.323718726
v -0.161980513 -0.13978905 -0.133050972
v -0.0959858525 -0.048597241 -0.134507282
v -0.0714710347 -0.0370324754 -0.13759192
v -0.367297477 0.064537963 -0.0412663521
v -0.188988769 -0.0328003067 -0.122295762
v -0.0683932286 -0.237713943 0.284376558
v -0.185177974 -0.486058644 -0.128132476
v -0.181698645 -0.45847066 -0.126422168
v -0.191170077 -0.472757533 -0.105030465
v -0.461240073 0.022336217 0.0470809598
v 0.441785219 -0.240112769 0.0679753675
v -0.345351311 -0.468568094 0.00354709826
v -0.284368277 -0.461017657 0.154364755
v -0.39247368 0.387511164 -0.268341417
v -0.173965814 0.382846085 -0.0375122729
v -0.391767695 0.43198071 -0.314121359
v -0.153011017 -0.459314954 -0.166813709
v -0.176689726 -0.477068008 -0.146752123
v -0.321180204 -0.449361952 -0.0227882365
v -0.337983847 -0.442635056 0.0107963613
v -0.379222582 0.316778081 -0.163871635
v -0.298314338 -0.454621968 0.171848151
v -0.357711324 0.268846608 -0.258199577
v -0.156295449 -0.442283353 -0.145519776
v -0.194572839 -0.459273899 -0.0807857567
v -0.468930432 0.118353908 0.0388505111
v -0.387901731 0.280620062 -0.00525147652
v -0.34365254 0.378149426 -0.320260601
v -0.309306788 -0.441020714 0.213323868
v -0.163362835 0.0898645275 -0.0520625523
v -0.20152776 0.0952396512 -0.0446339895
v -0.163378432 -0.430583436 -0.129070287
v -0.325564604 -0.426136197 0.0196987649
v -0.364695247 0.286681127 -0.183434571
v -0.248467091 -0.433211446 0.132881275
v -0.27885523 -0.44298663 0.157486903
v -0.313791536 -0.446091312 0.237161124
v -0.407746249 0.259369311 0.0134535672
v -0.175500302 -0.439573555 -0.106417749
v -0.182945622 -0.436323024 -0.0819245869
v -0.427358555 -0.0483278403 -0.0116723647
v -0.313690608 -0.415865651 0.0389264976
v -0.377850056 0.269782034 -0.0832140365
v -0.242799687 -0.41386809 0.161736215
v -0.294299559 -0.428147035 0.193192354
v -0.296674539 -0.418732512 0.232697451
v -0.301221674 -0.429423015 0.254295394
v -0.280063602 -0.421524032 -0.0170750729
v -0.299313441 -0.416367522 0.0126743677
v -0.292916012 -0.409984724 0.0558949381
v -0.478236743 0.249448856 0.148165832
v -0.259690143 -0.413487642 0.182699713
v -0.260865452 -0.405089559 0.202193689
v -0.146424363 0.410582046 -0.0392693067
v -0.469455183 0.182175703 0.22959683
v -0.488534423 0.129116143 0.171861169
v -0.486468352 0.112578357 0.201302475
v -0.110573513 -0.445528793 -0.1816069
v -0.47305426 0.041390386 0.0461316769
v -0.268853375 -0.402307062 0.0109224898
v -0.353976709 0.23215778 -0.12945125
v -0.2293709 -0.417015695 0.123541257
v -0.274643943 -0.405228706 0.229794175
v -0.262438868 0.313375125 0.0363780187
v -0.413499952 -0.0057116812 -0.00345918857
v -0.226239794 -0.412820456 0.134723254
v -0.225763187 -0.396909897 0.149068131
v -0.392175148 0.299222695 -0.0974282096
v -0.132867644 -0.402624027 -0.100960903
v -0.400074839 0.279178769 0.0352531097
v -0.263178753 -0.38494277 0.0392700157
v -0.23088947 -0.38488425 0.196759206
v -0.233295256 -0.393041032 0.228474112
v -0.365442608 0.377459876 -0.279129626
v -0.242460036 -0.401628985 -0.0285927256
v -0.22887412 -0.3806903 0.167363274
v -0.401710707 0.368735548 -0.219284197
v 0.168938591 0.0860399401 -0.0537952885
v -0.102571346 -0.00764795028 -0.112524058
v -0.0923733053 -0.390216579 -0.115524395
v 0.404733538 -0.259981392 0.0289805208
v 0.32435243 -0.00316365344 -0.035493959
v -0.246497437 -0.369848469 -0.0158795913
v -0.258425377 -0.389905221 -0.0003198972
v -0.215840799 -0.393492762 0.120180064
v -0.217804395 -0.388179897 0.13313031
v -0.226132936 -0.366257899 0.194560304
v -0.327944869 0.355656016 -0.347927342
v -0.0868181085 -0.374111703 -0.104369402
v 0.0495753975 0.0081447303 -0.122847775
v -0.2595305 -0.359170277 0.0246315688
v -0.102781968 0.434687607 -0.0653857695
v -0.0786854304 -0.379530588 -0.133369548
v -0.0939829422 -0.376140393 -0.0799471343
v -0.250537158 -0.342674512 -0.0120442407
v -0.219872464 -0.363106685 0.136862025
v -0.464520059 0.26773446 0.139011043
v -0.388969731 0.41011936 -0.298953262
v -0.39815204 0.348373948 -0.19556424
v -0.0692520883 -0.361766384 -0.152521552
v -0.242736784 -0.353156648 0.0761095925
v -0.452700136 0.131712186 0.0154285063
v -0.471828422 0.145836387 0.0477208187
v -0.486157445 0.140507538 0.109003609
v -0.20520321 0.351714774 -0.0230529968
v -0.240176961 -0.323497437 -0.0394237287
v -0.261881182 -0.338165273 0.0657919974
v -0.451110285 0.1827408 0.0389268198
v -0.491035724 0.133863202 0.13793286
v -0.4800309 0.148015761 0.16867122
v 0.248878732 0.0486749676 -0.0549953461
v -0.0827943708 -0.335453478 -0.12779811
v -0.0933796909 -0.354116178 -0.0831763333
v -0.271987382 -0.328168316 0.0264009126
v -0.473325981 0.165036793 0.100744416
v -0.288533353 0.391183908 -0.387968598
v -0.317540717 0.357215382 -0.368407466
v -0.0498785699 0.450541644 -0.111141864
v 0.00431208664 0.469424376 -0.158256306
v -0.0902851922 -0.342583058 -0.105393382
v 0.175723299 -0.0900527213 -0.157365479
v -0.262252027 -0.326263563 0.00260155342
v -0.466267167 0.169838699 0.176818658
v 0.136455056 -0.0401777606 -0.12911147
v -0.474198246 0.144186984 0.209880631
v -0.476894895 0.183033661 0.14207873
v -0.499080235 0.103127806 0.152641364
v -0.473939609 0.135637057 0.2553574
v -0.182275987 0.077542991 -0.0650117022
v 0.181418932 -0.0767547684 -0.13883793
v -0.144542554 -0.0706908039 -0.131674128
v -0.313927332 0.312068403 -0.348790133
v -0.390622613 0.338053968 -0.124209924
v -0.204816704 0.365683393 -0.00672435064
v -0.38748648 0.279461188 -0.0489580639
v -0.328370883 0.304173287 -0.338361104
v 0.449262506 -0.289525237 0.00625902218
v -0.0789770018 -0.316248303 -0.151044617
v -0.0919449711 -0.290631134 -0.137077352
v 0.264570356 -0.0482823386 -0.108479309
v -0.249246226 0.32450002 0.0184237521
v -0.321231571 0.323898187 -0.356797456
v -0.395719378 0.325982368 -0.145124634
v -0.00979555066 0.061441982 -0.062054933
v 0.248221021 -0.00379958084 -0.0876443243
v -0.332444504 0.319990781 -0.339822119
v -0.0557157351 -0.321891345 -0.189369571
v -0.0627711328 -0.290469107 -0.194526661
v -0.0749223926 -0.309058978 -0.170510235
v -0.101862719 -0.315085111 -0.0900413459
v -0.34849028 0.0384341968 -0.0417255578
v -0.341453895 0.317304637 -0.308946997
v -0.0871624645 -0.273643036 -0.168682757
v -0.104257807 -0.282211911 -0.108941415
v 0.195504334 -0.0489760132 -0.129525303
v 0.394493734 -0.260339669 0.0156607838
v 0.0941027546 0.0129276881 -0.117146728
v -0.355942045 -0.2778201 0.00489629298
v -0.398937427 0.405945196 -0.265779919
v -0.428019424 0.261462709 0.0367049731
v -0.455262987 0.152074688 0.0250048627
v 0.278093883 -0.164932061 -0.139659409
v -0.374458443 -0.256082816 -0.00517639235
v -0.24346307 -0.119812474 -0.132872768
v -0.363766394 0.271723201 -0.22055573
v -0.37219928 0.399811368 -0.296912713
v -0.0765656723 -0.269848353 -0.187729063
v 0.220249303 -0.0495786844 -0.128934877
v -0.415422429 -0.239288133 0.0553257808
v -0.374979263 0.283096164 -0.112737129
v -0.481799857 0.140563094 0.0781159831
v 0.102967326 -0.0965965155 -0.197049553
v -0.391971679 -0.233011161 -0.0247750988
v -0.406408204 -0.241029312 0.0291589826
v -0.417807334 -0.236417468 0.0814901944
v -0.366581374 0.24302075 -0.120869549
v -0.480210006 0.24705538 0.114413665
v -0.477247372 0.232684658 0.104997402
v -0.333483759 0.418777047 -0.359022396
v -0.0673704727 -0.0172624611 -0.12759419
v 0.246484804 0.0811121634 -0.00934140427
v -0.401267743 -0.234782438 0.00410581466
v -0.420617544 -0.220156366 0.0209063632
v -0.431400532 -0.215141066 0.067291296
v -0.47309409 0.253447974 0.0935642432
v 0.113747607 0.0421972346 -0.102184227
v -0.372370653 0.267386302 -0.175082892
v -0.0791873664 -0.239936305 -0.20541612
v -0.0926996797 -0.233073033 -0.185987046
v -0.101868326 -0.246181568 -0.150711733
v -0.411030553 -0.216198303 -0.00970406399
v -0.468487854 0.217665763 0.0900414104
v -0.390486624 0.234670553 -0.0185102439
v -0.361534107 0.310627109 -0.210281767
v 0.154263859 0.0291914976 -0.108684324
v -0.114087967 -0.219277591 -0.134641596
v -0.432394092 -0.189247084 0.0243453467
v -0.431425667 -0.212122038 0.0396340933
v -0.447307031 -0.188336923 0.077453889
v -0.446384623 -0.194779659 0.102623905
v -0.417261378 -0.20754358 0.181810304
v 0.280144358 0.0163260037 -0.0581807191
v -0.381805348 0.299548554 -0.128501645
v -0.471846275 0.262185386 0.111079477
v -0.350322076 0.342862577 -0.282795086
v -0.105763293 -0.214487866 -0.169027113
v -0.363898968 -0.194439815 -0.0790650726
v -0.402716255 -0.19402089 -0.035642645
v -0.446210673 -0.177283954 0.135505612
v -0.435259986 -0.189631077 0.152506084
v -0.351578527 0.303674896 -0.262316509
v -0.365738111 0.329050765 -0.217880413
v 0.216122703 -0.00155105188 -0.100140842
v -0.091376845 -0.213536134 -0.201948843
v -0.293623737 0.420827586 -0.386723554
v -0.00507259575 0.0306795819 -0.101333166
v -0.422490136 -0.188687723 -0.00593986616
v -0.398159387 0.195594757 -0.020113758
v -0.0781794985 -0.199184683 -0.216342509
v -0.0929683715 -0.191673173 -0.197861622
v -0.106070848 -0.196773933 -0.165402965
v -0.179793312 0.0500286738 -0.0853548697
v -0.405537808 -0.167094808 -0.0469104898
v -0.439814985 -0.169729714 0.00905279751
v -0.450992149 -0.166333009 0.0895937412
v -0.4503365 -0.17715963 0.107351693
v -0.440228044 -0.16097258 0.175056983
v -0.387827098 -0.175413488 -0.0642460371
v -0.425212114 -0.172223539 -0.0186030518
v -0.447151191 -0.177758112 0.0505684741
v -0.479249702 0.201668067 0.110571418
v -0.372765408 0.218046211 -0.0365314739
v -0.429543858 0.153262114 -0.00132157792
v -0.380279625 0.265480775 -0.118580997
v -0.374604422 0.274409539 -0.115463167
v -0.228885077 0.073753271 -0.0600402284
v -0.0897996265 -0.159355016 -0.187062071
v -0.101764819 -0.18181517 -0.177997447
v -0.448919632 -0.149604194 0.0154611179
v 0.0277069581 -0.0245481384 -0.134558069
v -0.462654234 0.231412158 0.073216822
v -0.443473098 0.238285356 0.0520779558
v -0.455727993 0.2607778 0.0749857147
v -0.279150217 -0.480812677 0.2989822
v -0.460709908 -0.150064237 0.0617764449
v -0.464115184 -0.144287075 0.101243129
v -0.458885137 -0.151628308 0.109235822
v -0.452375953 -0.152799556 0.15405604
v -0.372579728 0.239271569 -0.0817876952
v -0.115411124 -0.168324383 -0.147074695
v -0.439317045 -0.130127104 -0.00982561655
v -0.459467636 -0.144441175 0.0408048906
v -0.481374294 0.227371728 0.153129701
v -0.5 0.075317664 0.124946523
v -0.0796840819 -0.159574919 -0.207428956
v -0.0886636321 -0.13874161 -0.168010673
v -0.392949513 -0.143775665 -0.0658197753
v -0.412011932 -0.141459915 -0.0407197523
v -0.428409797 -0.133258404 -0.0268628896
v -0.467892917 -0.132856816 0.0846086684
v -0.469824352 0.190511463 0.0983314108
v -0.38885269 0.266560311 -0.0264246946
v -0.221196008 0.345376124 -0.00761659539
v -0.44884313 0.112925419 -2.67144937e-05
v -0.340326408 0.28844351 -0.313912412
v -0.454142332 -0.116286547 0.0366601804
v -0.465879114 -0.114565154 0.0776758545
v -0.46926976 -0.11957446 0.124353197
v -0.424928986 0.205051301 0.0176281822
v -0.359743752 0.21609022 -0.0612585897
v -0.392348067 0.360642184 -0.227476363
v 0.0111031107 -0.104985833 -0.211621617
v -0.349682539 0.287549074 -0.285489093
v -0.486797433 0.0972285115 0.0685825502
v -0.381839313 -0.123200606 -0.0783768119
v -0.42628469 -0.108670693 -0.0303131519
v 0.0411811815 -0.100288078 -0.208189916
v -0.0807578821 0.0297071615 -0.0925653983
v -0.131590246 0.0373131548 -0.0882370058
v 0.028170353 -0.0470026854 -0.143982517
v 0.15114648 -0.141844358 -0.20278231
v 0.0669558664 -0.111348523 -0.21484624
v 0.210112941 0.0632422617 -0.0640204623
v 0.295848033 -0.0494840075 -0.0920739032
v 0.379490822 -0.300802814 -0.00682050993
v 0.293401385 -0.078691682 -0.103217102
v -0.0205390953 -0.0474984986 -0.141214006
v 0.325788954 -0.170849145 -0.110519923
v -0.0121479729 0.494609924 -0.120949532
v 0.149628878 0.0499412797 -0.0953889495
v 0.471167746 -0.273158437 0.0266485292
v 0.0737305846 0.0176659821 -0.116854319
v 0.403264724 -0.293402867 0.00171214447
v 0.0432455126 -0.0768456428 -0.169175219
v -0.281373611 0.0477154371 -0.0636269955
v 0.191640239 0.0561973694 -0.0805437473
v 0.206474936 -0.097803147 -0.147943996
v -0.0908237358 -0.404384155 -0.151275155
v -0.0062218668 0.487051172 -0.138999249
v 0.0242713259 -0.00080182151 -0.120385402
v -0.350644583 -0.461103053 0.014529881
v 0.223677394 -0.0249799529 -0.104711696
v -0.108422045 0.053179695 -0.0673193317
v -0.213368113 0.0498221118 -0.083270688
v 0.0651782086 0.0471717375 -0.0894372568
v 0.0086964861 0.48867892 -0.150256008
v -0.0889608107 -0.464777407 -0.184594734
v 0.0230765532 0.475762381 -0.167809525
v -0.2001727 0.00950204571 -0.103118945
v 0.0238582019 -0.124884103 -0.226715531
v -0.298509686 0.284233254 0.028714407
v -0.247094178 0.00233985451 -0.104347489
v 0.0367624947 0.463203411 -0.171180192
v -0.0629552662 -0.486320632 -0.178084712
v 0.0654885349 -0.0511143972 -0.142028653
v -0.259060274 0.304617218 0.013435908
v 0.231229314 -0.117829543 -0.150864157
v 0.195115057 0.0911706697 -0.0345056839
v -0.0317717503 -0.0756771012 -0.147104278
v -0.00220006262 -0.0779554061 -0.151083932
v -0.270027782 0.265664006 0.00531231724
v 0.131251755 0.11276075 -0.0192381413
v 0.0532603219 -0.065943487 -0.147389275
v 0.0298327744 0.458226459 -0.177745834
v -0.285598046 0.276484762 0.0159970835
v -0.0823013289 0.0450231059 -0.0785855008
v 0.305047422 0.0132709484 -0.0432059081
v -0.0961160413 -0.483641449 -0.188043772
v 0.0200418641 0.444666517 -0.171721313
v 0.183177319 0.0343953779 -0.096052397
v -0.291266997 0.25862253 -0.00095028191
v 0.344709325 -0.0590184715 -0.0539209014
v 0.420944885 -0.247196267 0.0482263639
v 0.105278823 0.0624111155 -0.0781668985
v 0.216216477 -0.129151268 -0.165281348
v 0.153288022 -0.0800653677 -0.150284624
v -0.170315499 -0.411766636 -0.0663155241
v 0.0544251254 0.0230926657 -0.108002251
v 0.0286570144 0.0348981517 -0.0967049525
v 0.410128899 -0.230723382 0.0749021876
v 0.271462953 -0.00538614463 -0.0779676193
v -0.165370063 0.0243096092 -0.0947786732
v 0.480444862 -0.296434334 0.0264890801
v -0.276552821 -0.474462169 -0.051641372
v 0.0876065889 -0.00342847818 -0.129167864
v 0.282429558 -0.314562422 -0.134118971
v 0.154060004 -0.053115374 -0.127280383
v -0.138083125 0.0934671494 -0.0376611522
v 0.275474123 0.0361600168 -0.0434207197
v -0.286783795 -0.491448333 -0.0505248415
v -0.274981145 0.240311855 -0.0026184393
v 0.175996115 -0.0597834921 -0.132942438
v 0.32149008 -0.0478163012 -0.0728602851
v 0.188958478 -0.0347976743 -0.118805025
v 0.257083014 -0.104113955 -0.133594478
v 0.311655601 -0.113871609 -0.10777326
v 0.148706084 -0.0660134151 -0.134150101
v -0.155430209 -0.412680471 -0.106086606
v 0.336481261 -0.0771085985 -0.0678445342
v 0.16895161 0.071320673 -0.0738307076
v 0.454603987 -0.245719268 0.0533855803
v 0.273403991 0.0557764469 -0.0228849758
v -0.137597044 -0.436238014 -0.163778376
v -0.0735476757 0.00654592102 -0.106469116
v -0.280052839 0.214218917 -0.014877395
v 0.230844741 -0.0395623283 -0.115048626
v 0.156906435 -0.119044231 -0.194386611
v 0.0626758113 0.0789397498 -0.0636903498
v -0.0144799001 -0.0875927966 -0.16819906
v -0.000983376947 -0.0223022518 -0.132255918
v 0.103943162 -0.0577098158 -0.137764968
v 0.0501606028 0.0974956564 -0.0406610384
v -0.330856072 0.450557627 -0.369515811
v -0.0438219527 0.0321297052 -0.0908429741
v -0.277330667 -0.433816953 -0.033286098
v 0.450665323 -0.329600652 -0.00904306557
v -0.129744336 -0.470778275 -0.181954414
v -0.254025059 0.201336215 -0.00851038694
v 0.344785763 -0.0414059828 -0.0417628098
v -0.122997911 0.0660445444 -0.059024562
v 0.0479756214 -0.1593797 -0.236081845
v -0.279239158 0.0661317452 -0.0508951063
v -0.148505387 0.0735255694 -0.0650173738
v 0.290817458 -0.0107849859 -0.0718044664
v 0.0962073669 0.0372916286 -0.10110366
v 0.357368128 -0.1288974 -0.071329406
v 0.0970931022 -0.115422016 -0.211577469
v 0.430536 -0.312845669 -0.0127786476
v 0.468291668 -0.304479424 0.0140026162
v 0.240155435 0.0322298604 -0.0749005763
v 0.0105373693 0.0504500474 -0.0836769803
v -0.348408106 -0.249052618 0.22800685
v 0.254415045 -0.151759657 -0.151091408
v 0.33616855 -0.146392009 -0.100714511
v 0.226874884 0.0728420135 -0.0399470621
v -0.0555886399 -0.442976898 -0.178671722
v 0.0553773085 -0.0862051253 -0.189015612
v -0.257863181 -0.491617707 -0.0624135968
v -0.11464243 -0.421554066 -0.165253699
v -0.15114068 0.0523484844 -0.0785761555
v 0.213895313 0.0249453432 -0.0903242166
v 0.383065151 -0.318095824 -0.0127359818
v -0.218397527 -0.478328584 -0.0702409112
v 0.155617501 -0.10082153 -0.181754942
v -0.0187284391 -0.111083441 -0.213681243
v 0.030405992 0.0775933908 -0.0530411599
v 0.422834943 -0.268724927 0.020479318
v 0.0883855951 -0.0757316259 -0.167060037
v -0.234584706 0.171282119 -0.001132933
v -0.196502986 0.131481648 0.0204510889
v 0.13705908 0.0663024086 -0.080234581
v 0.092909722 0.0821889927 -0.0573616895
v -0.0517695307 -0.0921307158 -0.152616422
v -0.164322107 -0.476033844 -0.166096059
v -0.242250831 0.154011215 -0.0161754809
v -0.217444829 0.14961167 0.00254606204
v 0.125064047 -0.0851402836 -0.1735301
v 0.0579050346 0.116390956 -0.00296969139
v 0.150245535 0.128076243 0.0155393601
v 0.332198564 -0.11522886 -0.0913405275
v -0.328610121 0.455892405 -0.365487691
v -0.109014469 0.0087825912 -0.106962222
v 0.137045353 0.0910031644 -0.0512175493
v -0.0423394755 -0.108019362 -0.196891651
v -0.207407977 0.126666723 0.00102684842
v 0.10324343 0.116501101 -0.0113865937
v 0.124368052 -0.130803442 -0.207181919
v 0.156330639 0.0116972746 -0.116473871
v 0.293839773 -0.122426627 -0.121732663
v -0.237107018 0.0916577178 -0.0377984305
v -0.199426241 0.0676167359 -0.073026437
v -0.0181453606 0.0705018368 -0.0519885637
v -0.310948714 0.450108733 -0.375590539
v -0.224951827 -0.467472059 -0.0662621596
v -0.227659433 0.1233917 -0.0169918036
v -0.183899094 0.120920819 0.0197485847
v 0.0886424281 0.122722775 0.0026647788
v 0.154768566 0.109994172 -0.0240082736
v 0.183489773 0.109877969 -0.0109746943
v 0.45022919 -0.260662112 0.0297204704
v -0.297889742 0.437979451 -0.379682915
v 0.290060816 -0.294933746 -0.123845525
v 0.329989994 -0.0330174385 -0.0563463454
v 0.307915959 -0.0145041977 -0.061718311
v -0.20742293 0.0299835227 -0.0933520096
v -0.103254579 0.0828313006 -0.028529178
v -0.219078505 0.109641631 -0.0215008493
v -0.119237903 0.0987707337 -0.010776124
v 0.472134753 -0.25909817 0.0412572002
v 0.00361151596 0.0964738673 -0.0139708423
v -0.00109300627 0.00673482375 -0.116681078
v -0.240316431 -0.453545397 -0.0584071962
v -0.112076356 -0.403707559 -0.134179812
v 0.196571625 -0.104658557 -0.160773076
v 0.113952687 -0.0703666208 -0.147418922
v -0.191149775 0.110122814 -0.0219262832
v -0.160703889 0.107779802 -0.0173495007
v -0.0270668414 0.083678366 -0.0298837865
v 0.0301004349 0.100366063 -0.0239658655
v 0.0800375898 0.104760581 -0.0352364171
v 0.117359316 -0.485765332 -0.140390851
v 0.0125974467 -0.483903116 -0.158480012
v -0.0296385223 -0.485680709 -0.170641197
v 0.185680426 -0.478160821 -0.130533558
v 0.132932674 -0.477082445 -0.144340923
v -0.221312984 -0.0872354218 -0.132849695
v -0.24499034 -0.0776652525 -0.128533161
v -0.0695816207 0.384413379 -0.107555033
v 0.194385355 -0.456147885 -0.13543549
v 0.136587049 -0.460678586 -0.14622415
v 0.0641469453 -0.47505021 -0.152713161
v 0.0226899181 -0.466961422 -0.160541829
v -0.198969484 -0.477163458 -0.0761730112
v -0.185546885 -0.0104067293 -0.111591274
v -0.214585121 -0.00157070911 -0.10970824
v -0.315584404 -0.47488902 -0.0368978073
v -0.042891618 0.374417389 -0.111760133
v 0.0786869772 -0.462417831 -0.154232568
v -0.0525480858 -0.468627646 -0.178335873
v 0.295235952 -0.469161549 0.0077824895
v 0.0570635119 -0.442532774 -0.157444753
v -1.92705274e-05 -0.45372199 -0.168105286
v -0.311649801 0.194589854 -0.0399756779
v -0.195149795 -0.447619355 -0.0669477779
v -0.333011599 -0.468391501 -0.0223865201
v 0.34885236 -0.450785007 0.00402016071
v 0.336110738 -0.444033619 -0.00854119401
v 0.141679495 -0.442233726 -0.145549875
v 0.228548906 -0.063451724 -0.13305703
v -0.281710426 -0.0171982045 -0.100284308
v -0.293721056 -0.451193748 -0.0381656662
v 0.272350944 -0.455461622 -0.0163888102
v 0.106809831 -0.430254934 -0.15237351
v 0.0560196809 -0.429970581 -0.158919367
v -0.00361976555 -0.431270149 -0.168748754
v -0.061974145 -0.422011273 -0.172258374
v 0.132813635 -0.00457368889 -0.120660087
v -0.267026091 -0.0932110899 -0.123316971
v -0.317877081 -0.437045894 -0.00819554906
v -0.28460513 -0.102990464 -0.113002663
v 0.310346108 -0.435060707 -0.0205739304
v -0.107889754 -0.475707083 0.325937608
v 0.21947513 -0.424192323 -0.139114678
v 0.176840732 -0.425314074 -0.151095791
v 0.136537938 -0.414711095 -0.163101651
v 0.055105781 -0.418951835 -0.173749294
v 0.00678271004 -0.419627657 -0.170118959
v 0.295123551 -0.421857689 -0.03031747
v 0.160927916 -0.419568557 -0.152723602
v 0.102075146 -0.417472645 -0.166448471
v 0.09730308 -0.401740612 -0.183338541
v -0.0949670925 -0.42158339 -0.171418398
v -0.108397297 0.301378932 -0.0615020171
v -0.218809878 -0.432093819 -0.0550171301
v 0.346042601 -0.404743978 -0.0297980681
v 0.26924884 -0.435090999 -0.0356712608
v 0.266585705 -0.398193546 -0.117237603
v 0.198279226 -0.416177588 -0.149680083
v 0.19449015 -0.396513079 -0.16157103
v 0.132326651 -0.399750463 -0.177518971
v 0.0515993184 -0.406653952 -0.183033693
v 0.0196381498 -0.375665075 -0.198255798
v -0.0283581601 -0.409230402 -0.170592859
v 0.364105659 -0.415665792 -0.0196259365
v 0.325009432 -0.395949593 -0.0316332797
v -0.312912826 -0.0699822415 -0.0988525529
v 0.116574574 -0.385212622 -0.186100285
v 0.0555626665 -0.38867919 -0.190701687
v -0.0024719124 -0.399218686 -0.182133327
v -0.0596074149 -0.402557193 -0.158980143
v -0.437912745 0.00406382553 0.264055497
v -0.222455746 -0.398830762 -0.0415623706
v -0.42347274 0.112799678 -0.0206070577
v 0.357468283 -0.376750347 -0.0335703866
v -0.379238501 -0.069042046 -0.0673201696
v 0.239014349 -0.378989853 -0.150897349
v 0.146587551 -0.381390806 -0.178120868
v -0.0562485426 -0.378193768 -0.163718373
v -0.120920046 -0.391553077 -0.0733618988
v -0.167686909 0.335454509 -0.0570719871
v -0.314469163 0.428618744 -0.380399341
v -0.111822359 0.414251954 -0.0762460974
v 0.389754408 -0.386639801 -0.0290159038
v -0.216175358 0.292016227 -0.0239141767
v 0.272397541 -0.361713986 -0.130245209
v 0.173696413 -0.392464077 -0.169299156
v -0.0337870995 -0.364405931 -0.184670592
v -0.103601384 -0.37687306 -0.0606240802
v -0.134139692 -0.390683776 -0.0653771977
v -0.154356409 -0.392292833 -0.063186287
v -0.190670977 -0.403856825 -0.0554508781
v 0.394910338 -0.366461948 -0.031261597
v 0.322291063 -0.381107291 -0.0370972798
v 0.209327941 -0.380149436 -0.160580499
v 0.152327267 -0.355394865 -0.187413065
v 0.122089296 -0.352219868 -0.192396784
v 0.112102007 -0.369201456 -0.187108217
v 0.0847688587 -0.375639682 -0.193192999
v 0.0475398755 -0.35288744 -0.20734646
v -0.0161211174 -0.334676792 -0.209059023
v -0.285406565 0.152803939 -0.0370111747
v -0.170849982 -0.351227081 -0.063933326
v -0.285382525 0.375000403 -0.371939193
v 0.414899611 -0.368713699 -0.0235098179
v -0.132781152 0.00873161131 -0.108024808
v 0.237003641 -0.359264825 -0.165159151
v 0.143067811 -0.333659772 -0.189621313
v 0.0399410361 -0.364464645 -0.205731152
v -0.117282621 -0.372658486 -0.0571355992
v -0.191225633 -0.379278911 -0.0538009601
v -0.329626238 0.03082685 -0.0517433962
v -0.349624083 0.267195981 -0.278404371
v 0.0703176389 -0.485709712 -0.146573339
v 0.216828558 -0.351879121 -0.172740589
v 0.177313665 -0.357473761 -0.182298255
v 0.10065873 -0.326506797 -0.20545769
v 0.0745570905 -0.351020068 -0.202101783
v -0.22496259 -0.371761343 -0.0381701777
v -0.230895399 -0.322953415 -0.0481726126
v -0.35961627 -0.0798550031 -0.0834771211
v 0.393995729 -0.350188342 -0.0293505278
v 0.356177416 -0.355880495 -0.0302913678
v 0.358595706 -0.337361196 -0.0243376771
v 0.0489772377 -0.326392657 -0.212393727
v -0.118985839 -0.353624232 -0.0584096453
v -0.138797037 -0.358660091 -0.0607315182
v -0.00597276784 -0.476049184 0.346125193
v 0.430572543 -0.335508003 -0.0202302834
v 0.405614181 -0.327883512 -0.0212342844
v 0.205666863 -0.324396578 -0.175068455
v 0.174744305 -0.338790244 -0.183765973
v 0.0687388735 -0.321580438 -0.214061175
v 0.0288902587 -0.32712571 -0.217752094
v 0.0150419679 -0.303023823 -0.228047067
v -0.19237948 -0.324260524 -0.0686622103
v -0.256325535 0.0944177858 -0.0367770926
v -0.402403995 0.0670358487 -0.027018794
v -0.403031028 0.0995979485 -0.0298746346
v 0.252262225 -0.332953014 -0.15810762
v 0.157437309 -0.309711727 -0.191117067
v 0.129615114 -0.320291118 -0.199787064
v -7.13460663e-05 -0.3150166 -0.222011074
v -0.101129021 -0.341304951 -0.0684617066
v -0.111546256 -0.31378348 -0.0745741375
v -0.110184686 -0.342407174 -0.0616483184
v -0.140647588 -0.334170731 -0.0646012851
v -0.181797704 -0.305679675 -0.0767481623
v -0.258413261 0.153612721 -0.0267132369
v -0.180801889 0.304895513 -0.0463452639
v -0.398356862 -0.260996994 0.0856733167
v -0.0446587061 -0.0534380103 -0.144072231
v -0.0729709778 -0.0698029418 -0.142420573
v -0.214462988 0.256662543 -0.0139192824
v -0.104715724 -0.0914826074 -0.141430171
v 0.234089859 -0.309928021 -0.166346576
v -0.142201669 -0.0439103135 -0.12348048
v -0.207220235 -0.347203795 -0.0563203076
v -0.239703641 0.224502289 0.00240349881
v -0.185163022 -0.0750333109 -0.130493341
v -0.219839659 -0.0606297196 -0.129783876
v 0.258100292 -0.305237613 -0.151880919
v 0.171063569 -0.302731349 -0.191152708
v 0.102698828 -0.293848667 -0.212740596
v 0.0533285099 -0.297444328 -0.221502886
v -0.203988458 -0.292337381 -0.0744244847
v -0.228954167 -0.0258110991 -0.114649809
v -0.24790367 -0.0514706119 -0.118683472
v -0.272244215 -0.0716731497 -0.114338581
v -0.264540837 -0.037496966 -0.109845068
v -0.0664649513 0.407121149 -0.109929819
v 0.255433161 -0.277588338 -0.159934066
v 0.201856325 -0.293617228 -0.18286651
v 0.182213729 -0.274373125 -0.18960462
v -0.00604894766 -0.282884446 -0.233147892
v -0.311028503 0.157052091 -0.0425867377
v -0.380438301 0.208128721 -0.0278857744
v -0.15829894 -0.312682869 -0.0730314641
v -0.253591633 -0.310851073 -0.0275320087
v -0.292121216 -0.304897124 -0.0195798548
v -0.132068658 0.350205486 -0.0782730475
v -0.0194516961 0.354100646 -0.103936556
v 0.148807915 -0.288327113 -0.20031536
v 0.070094191 -0.261907285 -0.22203782
v 0.0403597028 -0.271680793 -0.225798989
v -0.119779476 -0.279297163 -0.0899243693
v -0.239713051 -0.293339062 -0.0505495258
v -0.303246562 -0.287321952 -0.0351707427
v -0.303688495 0.113363937 -0.0455480184
v -0.0653515144 -0.476729066 0.353405457
v 0.234723144 -0.278072872 -0.173201792
v 0.187394536 -0.25921128 -0.193806691
v 0.143254909 -0.270077408 -0.201394767
v 0.0798688599 -0.280574754 -0.215185311
v -0.0329373917 -0.277187331 -0.225919446
v -0.185888663 0.286908699 -0.0374755364
v -0.224753966 -0.279082996 -0.0685623774
v -0.266206352 -0.281562449 -0.0551825087
v -0.259033591 0.21246343 -0.00488552984
v -0.411514701 0.135638604 -0.0190611618
v -0.256146557 0.118306988 -0.0304152406
v 0.222731785 -0.257892634 -0.179959754
v 0.150160977 -0.253681928 -0.206517183
v 0.113168396 -0.255985432 -0.212557752
v 0.0229754958 -0.263343293 -0.23482475
v -0.326051974 0.0563544983 -0.0467124996
v -0.137398925 -0.296409392 -0.079575516
v 0.120221989 0.0185654452 -0.118020734
v -0.381221303 -0.270575928 0.126323366
v 0.0438183435 -0.241567855 -0.233174058
v -0.00757454182 -0.254829781 -0.238217329
v -0.040185688 -0.24087837 -0.23582469
v -0.0600627536 -0.251196674 -0.218931656
v -0.33342917 0.187812171 -0.040747788
v -0.118988933 -0.251904527 -0.106533115
v -0.159561063 -0.260242028 -0.098555761
v -0.232219007 -0.256858987 -0.0862513681
v -0.323397088 -0.27400228 -0.0343336026
v 0.0422555617 0.443449638 -0.180824607
v -0.376850567 0.107296363 -0.0421625283
v -0.454752802 0.0150180569 0.280561832
v 0.164676711 -0.231062002 -0.205698024
v -0.305806577 0.324165589 -0.358078656
v -0.177580166 -0.237051591 -0.10564738
v -0.186658389 -0.262360432 -0.09310768
v -0.200804245 -0.242395972 -0.0942562421
v -0.26438532 -0.261763046 -0.0833608535
v -0.356219824 -0.248872159 -0.0386001876
v 0.272453935 -0.232396502 -0.151175515
v 0.209594634 -0.234575876 -0.182170966
v 0.13935498 -0.234526701 -0.213137092
v 0.0937614278 -0.233512646 -0.221739482
v 0.0606945562 -0.227852009 -0.230354116
v -0.02207107 -0.213057078 -0.242086967
v -0.11095293 -0.245242854 -0.124651858
v -0.139808385 -0.240482583 -0.103248553
v -0.306728405 -0.2387008 -0.0892829637
v -0.307296273 -0.257578054 -0.0694736993
v -0.0454598831 0.331867613 -0.0839262082
v 0.250744107 -0.241431737 -0.163818012
v 0.208387101 -0.216332616 -0.181263318
v 0.182875758 -0.227459187 -0.192715554
v 0.0133363006 -0.209540948 -0.23851889
v 0.00503991964 -0.23114424 -0.240927706
v -0.221081351 -0.238986829 -0.0951332122
v -0.265461053 -0.232890317 -0.103378033
v -0.340344389 -0.243814515 -0.060919132
v -0.381513261 0.0450399274 -0.0327112691
v -0.136549088 -0.0170046614 -0.119190435
v 0.177218086 -0.195049704 -0.196748314
v 0.0738433075 -0.205520368 -0.231985408
v -0.0598171349 -0.218882706 -0.227494924
v -0.144111513 0.303145955 -0.0586381202
v -0.314574087 -0.221017804 -0.0984008234
v -0.344013008 -0.222285405 -0.0796404171
v -0.37052616 -0.22779568 -0.0507319191
v -0.300517623 0.397661899 -0.386247785
v 0.306044978 -0.22187589 -0.124361446
v 0.232701737 -0.20066542 -0.169256619
v 0.05285925 -0.198597479 -0.234745412
v -0.0412434401 -0.216451591 -0.237847516
v -0.137387968 -0.217601249 -0.110609573
v -0.176788205 -0.209390264 -0.113072978
v -0.220577868 -0.222016391 -0.107661246
v -0.346703986 0.127580946 -0.0469237664
v 0.289692549 -0.20216388 -0.135023784
v 0.157273348 -0.197971091 -0.207736898
v 0.140185353 -0.207049958 -0.212217392
v 0.00607414758 -0.186823638 -0.242997645
v -0.0109646723 -0.172784382 -0.241870609
v -0.405638415 0.167025717 -0.0171819954
v -0.0913859325 0.362167327 -0.0951209667
v -0.122126097 -0.212069963 -0.115312226
v -0.207167386 -0.200224002 -0.116612052
v -0.246617958 -0.206650755 -0.117770733
v 0.261066084 -0.192786159 -0.154472644
v 0.18725874 -0.172057194 -0.188769414
v 0.12023649 -0.164090603 -0.214980682
v 0.106936861 -0.201158204 -0.221062048
v 0.105528437 -0.175339822 -0.224919892
v 0.0798576456 -0.176325003 -0.231922956
v -0.105707608 -0.0281630702 -0.123520375
v -0.144407532 -0.184433642 -0.123026753
v -0.280709068 -0.195839796 -0.115322022
v -0.160938035 -0.0398680787 -0.124714954
v 0.0360713337 -0.176848272 -0.238512059
v -0.0411234988 -0.183462961 -0.23747796
v -0.0672366102 -0.190655831 -0.226466755
v -0.120323949 -0.19307193 -0.134337134
v -0.180868401 -0.181459149 -0.122398495
v -0.218144175 -0.17945134 -0.128149813
v -0.249561708 -0.181912232 -0.128071828
v -0.459455777 0.00774610751 0.128889634
v -0.355990898 0.0059694809 0.301907067
v -0.106722436 0.384836879 -0.090015437
v -0.32249595 -0.309246528 0.148615757
v 0.30633932 -0.181645474 -0.119607426
v 0.212846713 -0.152569599 -0.177042299
v -0.341937914 -0.0636381132 -0.0861409654
v -0.30314254 -0.183349465 -0.112314273
v -0.329429408 -0.193457211 -0.100837933
v -0.186590716 0.343225366 -0.0431542837
v 0.183865 -0.142706183 -0.189339989
v 0.155545317 -0.160370489 -0.202031919
v 0.0861383552 -0.149105351 -0.225437683
v -0.0655023917 -0.165250573 -0.224797953
v -0.1273051 -0.160072795 -0.135950252
v -0.141727188 -0.160610823 -0.13170558
v -0.263446349 -0.154000645 -0.126425326
v -0.295058199 -0.153122902 -0.113992742
v -0.351861333 0.0936811876 -0.0458377852
v 0.2036771 -0.0716171427 -0.13766926
v -0.0281133793 0.417413545 -0.132089121
v 0.0127389143 -0.147359081 -0.23740004
v -0.0417953893 -0.133314217 -0.222642167
v -0.224252481 -0.165835392 -0.129664837
v -0.339523684 -0.157879757 -0.1012905
v -0.348779789 -0.0167859828 -0.0645425067
v 0.302567453 -0.153835267 -0.121977121
v -0.249919405 0.0356018804 -0.0848401081
v 0.0560888357 -0.135879002 -0.226025466
v -0.415092961 0.0122320801 0.00386232284
v -0.0127054003 -0.130929506 -0.228858105
v -0.0277109539 -0.151878116 -0.234383654
v -0.0580635814 -0.137042259 -0.216551649
v -0.207425572 -0.125169487 -0.131058309
v -0.122932173 -0.485803937 -0.189243894
v -0.105463149 -0.493341098 -0.182004105
v -0.0590568192 -0.494111533 -0.160086233
v 0.00053673897 -0.493308229 -0.149157459
v 0.0738092135 -0.491907281 -0.136106414
v 0.15007268 -0.488916869 -0.124856679
v 0.198190994 -0.485133658 -0.11040662
v -0.165411827 -0.489586503 -0.166141496
v -0.105957545 -0.49352014 -0.162653467
v 0.148764347 -0.489736672 -0.111382134
v -0.177011588 -0.49297296 -0.131685085
v -0.0442812873 -0.493183647 -0.140085101
v 0.0337861327 -0.491479204 -0.12614136
v 0.0951291841 -0.490457609 -0.115035413
v 0.119446334 -0.487842746 -0.0974844099
v -0.0677707712 -0.49138485 -0.128071571
v 0.0221045839 -0.488474871 -0.113054545
v 0.170080386 -0.48946972 -0.0898546989
v 0.0117251814 -0.478700396 -0.106407566
v 0.0931519248 -0.478539593 -0.0931138672
v 0.122810878 -0.475262894 -0.0857293882
v -0.118577033 -0.491867322 -0.122622587
v -0.0597749847 -0.478439889 -0.115512987
v 0.161607348 -0.48020195 -0.0719675892
v 0.175783624 -0.4860192 -0.0630359253
v 0.198867911 -0.487689549 -0.0838716836
v -0.129993628 -0.479975344 -0.0871719064
v 0.0923493944 -0.462390762 -0.0817016546
v -0.146179389 -0.493265821 -0.142629004
v -0.156553378 -0.490766582 -0.0677708679
v -0.0953149932 -0.480542697 -0.114217415
v -0.0211750227 -0.464609902 -0.101434675
v 0.0366562812 -0.463154365 -0.0912874852
v 0.136975875 -0.46692533 -0.0739587696
v 0.210566217 -0.488122652 -0.0095668501
v -0.200253585 -0.489926799 -0.089817318
v -0.197995517 -0.493236818 -0.072972299
v -0.10702896 -0.467751256 -0.0945862257
v -0.0712214202 -0.462419378 -0.10136784
v 0.0534565719 -0.458393707 -0.074236871
v 0.149885131 -0.463960633 -0.0559592591
v 0.156068843 -0.486556777 -0.00985706811
v 0.185403162 -0.488643601 -0.0288404711
v 0.239854454 -0.48070221 -0.0148133318
v -0.0160349478 -0.460110524 -0.0819825918
v 0.100940183 -0.457441072 -0.0573546645
v 0.132868224 -0.45842258 -0.042539947
v 0.156752721 -0.473188509 -0.0340241785
v 0.236975476 -0.485365742 -0.00268256698
v -0.182119954 -0.49338009 -0.0711865205
v -0.0899336823 -0.460901711 -0.0810039197
v -0.223634793 -0.492551136 -0.0683184989
v -0.0448316897 -0.461250127 -0.0619428546
v 0.133890078 -0.463681179 -0.0149142603
v 0.169821362 -0.489306017 0.0206140827
v 0.295743688 -0.47920433 0.0325172748
v -0.252414197 -0.493834978 -0.0492549202
v -0.0175477809 -0.461769207 -0.0197293142
v 0.213743534 -0.488260833 0.0243435421
v 0.245718882 -0.486783318 0.0459313021
v -0.14739369 -0.476793838 -0.0377515754
v 0.0164288013 -0.460848733 -0.0181798736
v 0.123273628 -0.482116113 0.0245352161
v 0.198603151 -0.479824273 0.0346106084
v 0.207036424 -0.476370402 0.0331602273
v 0.261369837 -0.486482531 0.0352592324
v 0.316900214 -0.479101081 0.054826874
v -0.3023674 -0.492242936 -0.042049032
v -0.305918462 -0.493624936 -0.0234794619
v -0.137057856 -0.461682909 -0.0375465602
v 0.0474991431 -0.459304126 -0.0386867438
v 0.133853406 -0.4895149 0.0416199244
v 0.169052603 -0.477719339 0.0387329544
v 0.300722252 -0.484488321 0.0729392362
v -0.231563745 -0.494041282 -0.00212352833
v -0.15771019 -0.491737197 -0.00256391467
v 0.0882339445 -0.458927094 -0.00835996082
v 0.148365144 -0.483495986 0.0517632468
v 0.242967901 -0.478320657 0.0661718008
v 0.337761559 -0.474521076 0.0728142034
v -0.324038301 -0.491835806 -0.030204876
v 0.103051627 -0.468736502 0.0403096574
v 0.128577857 -0.48999763 0.0853606057
v 0.13997241 -0.490823942 0.0686319189
v 0.270248909 -0.487280421 0.0805291816
v 0.290343236 -0.484061405 0.112780697
v -0.323745891 -0.290069775 0.185455463
v -0.190638752 -0.493349541 0.00378910773
v -0.105456769 -0.46376593 0.00616827669
v -0.0984368831 -0.462940971 0.00683926485
v -0.0315281296 -0.463310849 0.0386206182
v 0.262514596 -0.485541562 0.123881939
v 0.383605499 -0.452283081 0.0671208904
v -0.269421759 -0.494271175 0.00815675021
v -0.132209932 -0.493170564 0.0390227213
v 0.0410985567 -0.461876452 0.0497007848
v 0.0993245519 -0.460827271 0.0249995779
v 0.106293136 -0.481379579 0.0627934647
v 0.0992007436 -0.476670868 0.0929807136
v 0.251700866 -0.474155903 0.0996522475
v -0.349067364 -0.488577024 0.00450198834
v -0.336849915 -0.492625124 0.00827959176
v -0.309519666 -0.49398998 0.0277425666
v -0.19501806 -0.49401576 0.0325272646
v 0.0844643973 -0.463911716 0.0936397141
v 0.324032694 -0.475032164 0.114393621
v 0.348354548 -0.468183844 0.105041035
v -0.186099995 -0.492715289 0.0509946815
v -0.14074871 -0.491209288 0.0646620613
v 0.0470123529 -0.46275252 0.109905973
v 0.246847142 -0.479158506 0.126654832
v 0.397509539 -0.444201576 0.112726237
v -0.358813353 -0.4762658 0.0195639357
v -0.352523814 -0.487885863 0.0366392342
v -0.070831047 -0.464619892 0.0607110232
v 0.00157515615 -0.463178985 0.075393876
v 0.160513568 -0.485372767 0.126430547
v 0.260314985 -0.478620349 0.172854407
v 0.374210182 -0.448364525 0.143299219
v -0.222674876 -0.493088712 0.0613254243
v -0.195305764 -0.480818736 0.0616312392
v 0.0991913984 -0.471470661 0.119002242
v 0.114192054 -0.485627474 0.110318646
v 0.126899323 -0.486704625 0.131039812
v 0.193865437 -0.488359377 0.147628771
v 0.200590787 -0.488062907 0.148721197
v 0.221004656 -0.486639853 0.151606621
v 0.300783092 -0.476311624 0.137629365
v -0.1445044 -0.47581291 0.0790940107
v -0.087047937 -0.490834898 0.104335824
v 0.237704469 -0.483247209 0.190133948
v 0.269335074 -0.464351264 0.199226543
v 0.324730557 -0.463066455 0.157328292
v 0.424187038 -0.422658286 0.142703186
v -0.266984843 -0.280651385 0.235451976
v -0.325665597 -0.491794945 0.0657962511
v -0.115310711 -0.491909214 0.0897197408
v -0.0838003053 -0.488955539 0.114948793
v 0.11925292 -0.475911583 0.146055549
v 0.399188846 -0.422324371 0.174006901
v -0.335627364 0.00044341548 0.260937732
v -0.26346968 -0.493237012 0.100042879
v -0.234660177 -0.49347799 0.099699296
v -0.121879899 -0.478613904 0.10946926
v -0.0777310559 -0.481803531 0.121373806
v -0.0630300281 -0.466684223 0.110773726
v 0.101208101 -0.464072454 0.141205112
v 0.334163319 -0.445858261 0.183377146
v -0.340841169 -0.487719518 0.072703994
v -0.239870953 -0.495252941 0.111693427
v 0.137165487 -0.470710861 0.169100908
v 0.151208288 -0.483040776 0.166269172
v 0.162311399 -0.485979886 0.164602368
v 0.358882379 -0.445477749 0.170526992
v 0.0912393089 -0.460339321 0.171523967
v 0.129048341 -0.460459391 0.176470435
v 0.16629666 -0.47217323 0.193120686
v 0.19333553 -0.485418591 0.213414614
v 0.251950287 -0.471126692 0.22288901
v 0.294853248 -0.457548962 0.185081331
v -0.457418257 0.0107061636 0.248947984
v -0.00689407951 -0.463711212 0.140020587
v 0.173294439 -0.471162913 0.208203966
v 0.380882038 -0.4171018 0.196721697
v -0.435298205 0.0240215825 0.309332214
v -0.3673317 -0.0077125291 0.262308067
v -0.221981845 -0.295913836 0.230345996
v -0.289873718 -0.490690144 0.118477297
v -0.128025199 -0.482399692 0.157994253
v 0.0120561962 -0.460877865 0.198896301
v -0.413083476 -0.00309817232 0.253884332
v -0.470625013 0.0239691202 0.221240961
v -0.340648142 -0.266981169 0.210172138
v -0.397327275 -0.0017056028 0.28358086
v -0.380404916 -0.0142045055 0.2488477
v -0.250966846 -0.48997997 0.181469235
v -0.138430639 -0.481595357 0.166685969
v -0.119119766 -0.489646571 0.156143637
v -0.0579872727 -0.465895356 0.138333545
v 0.152792983 -0.458552769 0.19999311
v 0.207849717 -0.485311282 0.247920523
v 0.231562391 -0.480231339 0.245712404
v -0.302039157 -0.284257165 0.214684922
v 0.36353373 -0.420300063 0.20285372
v -0.409215128 -0.247813375 0.112642774
v -0.240943593 -0.276040702 0.247602914
v -0.362913657 0.246963861 -0.175730485
v -0.271973332 -0.234606812 0.275068056
v -0.275329561 -0.31653098 -0.00575611942
v -0.296411583 -0.486959138 0.161046859
v -0.161735087 -0.492943056 0.183181283
v 0.16616241 -0.467349346 0.228043586
v 0.163249016 -0.485082098 0.243281482
v -0.470504299 0.031117068 0.285216148
v -0.314158643 -0.230231823 0.261991102
v -0.308350222 -0.312129244 0.0110066614
v 0.142115306 -0.455312034 0.223985819
v 0.238794253 -0.471256494 0.263016629
v -0.323574648 -0.302012926 -0.00172161861
v -0.307290537 -0.319036729 0.0368433471
v -0.260498989 -0.342567396 0.0412469526
v -0.370986655 -0.243078755 0.212119557
v -0.291430893 -0.488593459 0.215040685
v -0.193800987 -0.487942837 0.206210079
v -0.0258667838 -0.462441098 0.189165007
v 0.21423258 -0.48026698 0.275609177
v -0.336985131 0.0122273108 0.301640631
v -0.354543932 0.247875827 -0.213698064
v -0.339895754 -0.303418708 0.0325993196
v -0.438666036 -0.204698503 0.115650717
v -0.479429904 0.0369682833 0.168780205
v -0.464213148 0.0221625889 0.163418616
v -0.351265107 0.0199837947 0.328222809
v -0.245400434 -0.256965909 0.259800642
v -0.389329555 -0.0192968874 0.233441203
v -0.286421716 -0.32963249 0.0617038743
v -0.316351423 -0.484198619 0.199142436
v -0.264815845 -0.488101126 0.243285736
v -0.225877006 -0.487774365 0.23277666
v -0.11622764 -0.486155834 0.232409424
v -0.0914150638 -0.463788488 0.218307136
v 0.076305488 -0.456228512 0.246098588
v 0.187065777 -0.483216402 0.284242503
v -0.374437368 0.0285878596 0.336807216
v -0.410341648 0.0220848622 0.310169805
v -0.369341571 -0.261453557 0.185272039
v -0.400890195 -0.217928654 0.198056906
v -0.312558094 -0.485784796 0.227035203
v -0.10863415 -0.48858753 0.247464282
v 0.140066829 -0.485553872 0.289666157
v 0.181415258 -0.476542354 0.297336794
v -0.282087329 -0.251344522 0.258676378
v -0.465190918 0.0280726469 0.192887635
v -0.333481375 -0.316207313 0.0775978701
v -0.424790419 0.0408405636 0.322254746
v -0.161849228 -0.4877908 0.223527194
v 0.0355184178 -0.455169599 0.259903118
v 0.0900663203 -0.485099242 0.303518379
v -0.307815417 -0.326560162 0.0937356156
v -0.269275845 -0.337405022 0.0961064705
v -0.0420161303 -0.457487863 0.257513314
v -0.00875932478 -0.456503068 0.263504579
v 0.00212304496 -0.485566762 0.291100748
v 0.129489372 -0.478988551 0.30618145
v -0.441023228 0.0119500472 0.205590135
v -0.443698544 0.00750345355 0.230196085
v -0.372066513 -0.280178452 0.0398145531
v -0.350041461 -0.305502245 0.06626622
v -0.285826198 -0.330747667 0.116149752
v -0.194068132 -0.486763081 0.265675317
v -0.154419054 -0.486498514 0.270527236
v -0.0613710871 -0.486564447 0.289739566
v 0.0877624288 -0.476433498 0.318094954
v -0.40693476 -0.00635592265 0.22945504
v -0.276563391 -0.302835242 0.195099234
v -0.221551707 -0.271276692 0.250585141
v -0.214784336 -0.252771379 0.264007998
v -0.360850744 -0.294878255 0.10755542
v -0.333273266 -0.315407038 0.108510116
v -0.145285598 -0.481523302 0.283417415
v 0.0558795024 -0.484306443 0.315705796
v -0.317608325 -0.257478866 0.238691101
v -0.333862145 0.256316125 -0.248577461
v -0.353967299 -0.277972008 0.170418587
v -0.375834578 -0.280975375 0.0755762693
v -0.311588573 -0.478265552 0.265903277
v -0.129530105 -0.478400961 0.298251274
v 0.0471951973 -0.478059634 0.328156296
v -0.440677325 0.0445679606 0.319811385
v -0.300114876 -0.305252243 0.174851839
v -0.321170215 -0.316779499 0.126215542
v -0.266608584 -0.323330898 0.155249073
v -0.305566115 -0.48440821 0.263498263
v -0.236047719 -0.487195927 0.28528556
v -0.0079317233 -0.485262751 0.327064193
v 0.0345477375 -0.467340516 0.333579887
v -0.376158826 0.00895789499 0.310580609
v -0.389068597 -0.259904052 0.0421684577
v -0.360923121 -0.294989689 0.0874672159
v -0.394570107 -0.252371725 0.146974282
v -0.286560863 -0.486355564 0.28021
v -0.242350664 -0.484313146 0.29876958
v -0.186604895 -0.483026275 0.290027141
v -0.109768727 -0.483272215 0.312196433
v -0.0764171153 -0.483822876 0.335343945
v 0.00963120335 -0.482772149 0.332665213
v -0.312471537 0.294997036 -0.311832355
v -0.320103762 0.24853457 -0.193975163
v -0.291927028 0.346291248 -0.366743691
v -0.299525094 0.272651216 -0.19811562
v -0.173724191 0.242210034 -0.00426049448
v -0.315135188 0.228561023 -0.112738676
v -0.321687876 0.279940051 -0.306877252
v 0.0407194622 0.364334843 -0.130600199
v -0.296106799 0.346884639 -0.373268279
v -0.345531642 0.200690877 -0.0449655199
v -0.288281741 0.194789069 -0.03087928
v 0.0344700753 0.399933501 -0.163462506
v -0.302465622 0.358453787 -0.377814125
v -0.0735889881 0.305676195 -0.0613384432
v -0.0107661021 0.319183095 -0.0624342208
v -0.321604478 0.272074002 -0.282188355
v -0.213300892 0.235600759 -0.00244365111
v -0.0944115986 0.286490677 -0.0399458376
v -0.326418565 0.289533487 -0.322971365
v 0.0379878166 0.427561121 -0.178938996
v -0.356297164 0.254593572 -0.243514984
v -0.30568612 0.248938478 -0.157370248
v -0.298118475 0.214383264 -0.0387247693
v -0.233582896 0.198328788 0.0064977447
v -0.144809957 0.270041058 -0.0331151123
v -0.309334631 0.270387992 -0.223662216
v -0.306778482 0.310590889 -0.340128708
v -0.31823639 0.206436588 -0.0508791227
v -0.328376361 0.231369493 -0.140829755
v -0.30891345 0.283242659 -0.251242272
v -0.0481104507 0.30113544 -0.0410459978
v 0.0069453172 0.341394343 -0.096122583
v -0.348589339 0.218441547 -0.0865318542
v -0.177501666 0.264148853 -0.0270929114
v -0.297088372 0.237142337 -0.0748673202
v -0.302621978 0.220004909 -0.063892207
v -0.33136123 0.217559485 -0.0870196757
v -0.215717957 0.214055407 0.0193192838
v -0.0756305684 0.334700252 -0.0857426649
v -0.315868371 0.21550914 -0.0715594922
v -0.253793426 0.177824431 -0.0166613689
v -0.335565428 0.238983027 -0.175675058
v -0.284640578 0.385849903 -0.382556222
v 0.0187247654 0.371996714 -0.131574295
v -0.339085167 0.264666902 -0.277497367
v -0.246450001 -0.340574411 0.119059409
usemtl AgenticSimDefault
f 1069 1647 1578
f 1058 909 939
f 421 1176 238
f 1055 1101 1042
f 238 1059 1126
f 1254 30 1261
f 1065 1071 1
f 1037 1130 1120
f 1570 2381 1585
f 2434 2502 2473
f 1632 1654 1646
f 1144 1166 669
f 1202 1440 305
f 1071 1090 1
f 1555 1570 1584
f 1184 1174 404
f 65 432 12
f 1032 1085 574
f 1789 2207 2223
f 1154 1118 1184
f 1141 1086 1154
f 99 1117 342
f 404 1174 419
f 489 2000 1998
f 1118 1174 1184
f 1196 403 136
f 1495 717 1490
f 1804 402 1207
f 2272 1398 891
f 1100 1002 804
f 1596 1595 2381
f 208 420 1207
f 402 208 1207
f 1455 1935 1925
f 1176 1059 238
f 1150 1040 348
f 1957 1537 2051
f 1124 1189 939
f 1804 1207 1823
f 1381 1300 1109
f 383 384 1182
f 1085 1086 1141
f 1040 1046 132
f 220 1495 1188
f 420 261 1207
f 261 420 1065
f 1055 1133 1101
f 1054 421 403
f 182 1109 2
f 1181 1207 320
f 545 1570 1561
f 35 342 432
f 1024 574 1141
f 432 342 12
f 1489 1081 1547
f 1181 320 1805
f 1516 1683 1507
f 357 1117 1047
f 1561 1570 1555
f 1090 1196 1206
f 1047 1203 1051
f 1165 202 1121
f 1099 341 301
f 1174 240 419
f 922 921 833
f 1121 1080 385
f 815 21 1183
f 35 99 342
f 1083 398 262
f 106 94 1317
f 94 292 1317
f 292 95 1317
f 940 1039 1033
f 1300 1306 433
f 21 212 471
f 1120 1131 1037
f 833 921 688
f 1117 357 342
f 106 271 94
f 386 227 1375
f 1130 1044 1053
f 419 240 219
f 1255 1244 32
f 1557 1081 1489
f 2062 2120 2109
f 2034 2110 430
f 23 315 1111
f 291 94 271
f 291 292 94
f 50 386 95
f 964 734 665
f 1616 1585 1611
f 445 1084 402
f 574 1085 1141
f 1654 341 1653
f 220 1188 1640
f 342 69 12
f 417 261 328
f 292 50 95
f 204 227 386
f 50 204 386
f 1276 1471 1311
f 1206 1196 136
f 1033 1055 1042
f 1037 1044 1130
f 1180 320 417
f 1121 202 1080
f 325 203 271
f 291 76 292
f 292 237 50
f 2159 1696 1767
f 583 929 850
f 1584 1585 1616
f 1495 1490 1188
f 1557 1489 1660
f 1078 1069 1494
f 1972 1992 1971
f 183 1226 2000
f 325 429 203
f 292 76 237
f 1152 227 1143
f 1488 1412 1489
f 1638 1646 1653
f 1947 1869 2468
f 203 306 291
f 306 76 291
f 237 248 50
f 204 1143 227
f 2395 14 429
f 1502 881 2500
f 1 1090 202
f 1652 1653 1099
f 2117 1863 2496
f 50 248 204
f 160 792 994
f 884 888 857
f 544 2117 2496
f 1090 1206 202
f 2463 879 2492
f 429 306 203
f 498 188 418
f 865 884 857
f 994 998 1014
f 884 897 888
f 1795 948 1802
f 208 1035 1071
f 1065 1 1066
f 377 435 1377
f 304 429 14
f 304 306 429
f 73 60 74
f 248 592 204
f 846 2264 829
f 897 912 906
f 1004 991 992
f 1422 1421 1233
f 980 10 303
f 1058 922 909
f 2436 2449 2418
f 394 435 377
f 435 475 446
f 475 474 446
f 336 337 361
f 338 235 372
f 624 148 129
f 812 306 596
f 1726 992 1019
f 945 1514 1511
f 1069 1627 1628
f 1812 1823 1181
f 1165 1121 169
f 447 475 435
f 2487 2458 901
f 42 59 46
f 401 7 187
f 1010 970 797
f 1513 220 1640
f 2474 2491 2462
f 594 307 1014
f 398 1513 1640
f 307 594 1026
f 545 2381 1570
f 403 421 238
f 445 402 127
f 1611 1631 1616
f 1805 1180 1148
f 394 447 435
f 2341 2413 2376
f 75 74 60
f 541 47 42
f 47 59 42
f 541 42 28
f 917 931 1103
f 897 906 883
f 2484 2068 779
f 888 883 857
f 261 1065 328
f 363 1307 349
f 377 363 394
f 444 747 464
f 323 338 362
f 92 116 74
f 592 634 97
f 982 1027 1004
f 1020 982 1004
f 1084 1054 1035
f 208 402 1084
f 421 1119 1176
f 1207 1181 1823
f 1179 1187 1160
f 263 296 1343
f 1298 296 1307
f 1307 296 349
f 405 363 349
f 405 394 363
f 405 447 394
f 362 372 384
f 338 372 362
f 983 1004 987
f 122 134 139
f 415 440 414
f 75 92 74
f 226 186 246
f 796 787 700
f 1119 1059 1176
f 122 114 91
f 624 129 116
f 641 558 631
f 1311 1318 1487
f 100 1162 1170
f 1653 341 1099
f 1316 1983 273
f 263 277 296
f 296 358 349
f 436 447 405
f 109 554 570
f 504 1385 2501
f 115 122 91
f 2068 2460 779
f 43 777 163
f 378 405 349
f 358 378 349
f 448 447 436
f 448 476 447
f 78 77 108
f 75 60 47
f 1764 2481 1795
f 717 714 1512
f 1490 717 1501
f 238 1126 168
f 1878 1866 826
f 2025 2360 2367
f 251 278 263
f 278 277 263
f 277 318 296
f 296 318 358
f 318 350 358
f 378 436 405
f 384 372 1182
f 454 440 415
f 987 1004 992
f 493 476 448
f 323 788 338
f 403 238 136
f 1565 1503 1474
f 297 277 278
f 297 318 277
f 358 350 378
f 378 388 436
f 476 493 500
f 73 105 60
f 323 337 312
f 953 1573 2358
f 142 161 119
f 454 443 440
f 1862 1871 1405
f 297 319 318
f 560 47 541
f 170 1323 111
f 357 1047 1050
f 1119 98 1059
f 1838 1877 1900
f 2359 230 251
f 350 364 378
f 449 448 436
f 449 493 448
f 185 186 226
f 443 469 479
f 874 165 2480
f 463 444 464
f 64 105 91
f 1182 440 1129
f 1958 1651 2502
f 1238 2034 191
f 251 279 278
f 278 279 297
f 364 388 378
f 483 493 449
f 134 148 139
f 244 268 259
f 910 942 930
f 105 115 91
f 24 30 18
f 1132 487 1059
f 1869 1947 2021
f 2497 2494 2463
f 2359 2385 230
f 230 280 251
f 251 280 279
f 279 308 297
f 297 308 319
f 319 364 318
f 364 350 318
f 388 395 436
f 436 395 449
f 493 472 500
f 122 129 134
f 125 142 124
f 373 400 393
f 24 557 30
f 2264 2278 2251
f 1261 30 1269
f 1730 1862 1877
f 252 280 230
f 343 364 319
f 364 343 388
f 63 64 91
f 399 393 416
f 416 444 463
f 162 189 142
f 768 373 326
f 189 661 177
f 189 199 661
f 847 887 864
f 533 747 444
f 1744 1022 1418
f 1170 524 729
f 121 1342 128
f 1236 1244 26
f 280 281 279
f 281 308 279
f 343 319 308
f 343 365 388
f 388 365 395
f 365 406 395
f 406 449 395
f 483 477 493
f 477 491 472
f 493 477 472
f 78 109 77
f 166 174 196
f 481 150 814
f 63 59 64
f 326 373 393
f 643 260 43
f 230 253 252
f 449 441 483
f 441 477 483
f 415 416 463
f 226 246 245
f 464 470 454
f 323 362 337
f 52 37 1283
f 253 281 252
f 281 280 252
f 309 308 281
f 330 343 308
f 366 365 343
f 441 449 406
f 464 814 15
f 883 906 887
f 337 362 371
f 479 498 290
f 247 746 1003
f 25 37 557
f 640 930 669
f 2486 2499 2459
f 309 330 308
f 343 330 366
f 441 437 477
f 290 498 418
f 124 119 108
f 77 124 108
f 589 125 109
f 570 589 109
f 125 162 142
f 1045 433 1034
f 1207 261 320
f 2004 2474 2495
f 1215 1228 2285
f 365 396 406
f 396 422 406
f 422 437 441
f 406 422 441
f 59 47 60
f 51 78 66
f 361 371 383
f 196 215 214
f 463 454 415
f 27 41 535
f 53 1283 37
f 84 1299 1283
f 1805 320 1180
f 254 253 222
f 254 281 253
f 309 366 330
f 396 365 366
f 456 477 437
f 484 491 477
f 2480 2485 2493
f 418 188 187
f 53 85 1283
f 85 84 1283
f 420 1071 1065
f 264 281 254
f 298 309 281
f 368 366 367
f 368 396 366
f 1639 1564 1139
f 560 48 47
f 82 471 212
f 25 38 37
f 202 1206 1080
f 264 298 281
f 298 331 309
f 309 331 366
f 331 367 366
f 396 368 422
f 422 456 437
f 491 1192 313
f 1699 2064 1710
f 462 443 479
f 371 362 384
f 2502 2476 2464
f 371 384 383
f 21 732 212
f 1571 1629 1627
f 38 39 53
f 37 38 53
f 39 85 53
f 1173 1184 404
f 1006 2142 1674
f 201 255 254
f 255 264 254
f 368 407 422
f 450 456 422
f 450 484 456
f 456 484 477
f 314 1192 491
f 2027 2501 2489
f 2475 2471 2488
f 551 492 732
f 464 481 814
f 1081 1494 1547
f 201 231 255
f 407 450 422
f 484 494 491
f 494 327 491
f 327 314 491
f 876 797 995
f 847 856 829
f 125 143 162
f 134 129 148
f 1564 1571 1627
f 417 320 261
f 328 1065 1066
f 170 156 201
f 156 231 201
f 231 282 255
f 282 264 255
f 450 485 484
f 484 485 494
f 2463 2486 2479
f 159 185 167
f 492 68 212
f 732 492 212
f 68 82 212
f 1311 1471 1296
f 101 156 111
f 332 264 282
f 332 298 264
f 332 331 298
f 331 332 367
f 407 423 450
f 450 423 485
f 804 1002 1443
f 2484 779 946
f 689 443 462
f 440 689 1129
f 166 167 174
f 38 31 39
f 112 145 101
f 101 145 156
f 156 256 231
f 332 423 368
f 367 332 368
f 368 423 407
f 946 779 920
f 1432 1261 1449
f 461 478 453
f 464 15 470
f 31 54 39
f 39 54 85
f 86 101 85
f 145 210 156
f 282 283 332
f 283 369 332
f 369 423 332
f 423 408 485
f 854 876 965
f 78 108 66
f 440 443 689
f 374 2465 961
f 929 519 979
f 54 86 85
f 156 241 256
f 256 282 231
f 256 283 282
f 389 423 369
f 389 408 423
f 408 457 485
f 457 49 485
f 485 49 494
f 494 135 327
f 175 83 314
f 1167 1140 1483
f 196 174 215
f 697 16 68
f 1038 82 16
f 140 117 141
f 1654 1653 1646
f 1234 54 31
f 86 112 101
f 210 241 156
f 923 917 911
f 697 34 16
f 145 193 210
f 256 265 283
f 265 310 283
f 283 310 369
f 310 344 369
f 344 370 369
f 370 389 369
f 409 408 389
f 409 466 408
f 466 457 408
f 466 49 457
f 49 135 494
f 174 225 215
f 1014 766 602
f 826 2220 2215
f 1078 1494 1081
f 1273 70 86
f 120 112 86
f 146 145 112
f 146 193 145
f 265 256 241
f 223 265 241
f 486 49 466
f 175 327 135
f 105 122 115
f 480 15 681
f 225 234 215
f 731 34 697
f 86 54 1273
f 70 120 86
f 193 241 210
f 299 310 265
f 310 333 344
f 344 351 370
f 424 466 409
f 135 49 175
f 214 215 234
f 48 75 47
f 34 9 1038
f 16 34 1038
f 203 291 271
f 9 558 754
f 1195 397 1120
f 120 146 112
f 146 194 193
f 266 265 223
f 266 299 265
f 299 333 310
f 333 351 344
f 382 383 392
f 399 416 415
f 266 333 299
f 351 352 370
f 424 486 466
f 487 175 49
f 7 117 187
f 1182 414 440
f 41 42 46
f 290 289 497
f 2502 2464 2473
f 372 399 414
f 1570 1585 1584
f 1066 1 1165
f 1 202 1165
f 120 70 102
f 157 146 120
f 194 223 193
f 223 241 193
f 352 379 370
f 370 379 389
f 410 409 389
f 2478 1409 1958
f 806 945 1002
f 157 194 146
f 267 266 223
f 267 333 266
f 379 410 389
f 410 438 409
f 438 424 409
f 190 205 143
f 337 371 361
f 2215 830 826
f 1631 1646 1638
f 102 157 120
f 157 195 194
f 195 223 194
f 195 211 223
f 223 211 267
f 267 300 333
f 300 334 351
f 333 300 351
f 351 334 352
f 410 411 438
f 438 486 424
f 487 49 486
f 875 594 989
f 108 581 66
f 225 245 244
f 312 336 335
f 151 754 107
f 274 1386 300
f 352 334 379
f 923 1729 1096
f 244 245 268
f 463 464 454
f 414 399 415
f 15 480 470
f 1647 1069 1078
f 909 922 833
f 387 417 328
f 133 157 102
f 1314 133 102
f 133 195 157
f 1148 1179 1160
f 1046 1167 182
f 379 411 410
f 792 339 229
f 391 7 668
f 185 226 174
f 461 290 497
f 2027 504 2501
f 1196 1054 403
f 728 1019 752
f 2459 2483 2461
f 1291 1264 55
f 133 1356 195
f 195 1356 211
f 412 438 411
f 4 486 438
f 458 4 438
f 4 487 486
f 1720 1572 1771
f 245 275 268
f 1869 2021 2059
f 235 399 372
f 64 60 105
f 836 2492 879
f 1315 133 1314
f 1331 1382 1356
f 1310 926 1128
f 7 1121 117
f 119 161 611
f 380 379 334
f 379 380 411
f 467 4 458
f 495 487 4
f 495 1126 487
f 416 400 533
f 479 469 498
f 74 116 73
f 478 461 497
f 393 400 416
f 61 1291 55
f 505 1999 2474
f 1999 2491 2474
f 199 189 36
f 1164 1165 169
f 1179 387 249
f 390 411 380
f 411 390 412
f 458 438 412
f 495 168 1126
f 480 469 470
f 116 122 105
f 418 187 140
f 185 174 167
f 166 148 167
f 470 469 443
f 40 55 32
f 61 71 1291
f 71 103 1291
f 1184 1173 1154
f 634 514 97
f 425 458 412
f 917 923 931
f 2472 2489 853
f 754 641 567
f 44 567 1163
f 454 470 443
f 40 32 1249
f 33 40 1249
f 56 55 40
f 56 61 55
f 451 1265 439
f 1180 417 1179
f 1099 301 1077
f 1189 1058 939
f 1059 221 1132
f 598 1074 1075
f 412 426 425
f 650 186 185
f 234 244 259
f 226 245 225
f 1033 1042 1030
f 2492 836 247
f 7 169 1121
f 1462 1322 1482
f 425 467 458
f 496 4 467
f 1751 2468 2480
f 290 418 140
f 326 789 762
f 142 177 161
f 165 1751 2480
f 87 103 71
f 103 87 104
f 1180 1179 1148
f 417 387 1179
f 2081 2060 2031
f 1154 1173 1141
f 181 131 197
f 442 425 426
f 614 144 143
f 876 1010 797
f 40 45 56
f 56 45 61
f 87 71 61
f 1563 1437 1590
f 1121 385 117
f 1148 1160 1137
f 1449 1459 1439
f 1028 2462 929
f 442 459 425
f 459 467 425
f 168 495 4
f 496 168 4
f 1763 1403 1444
f 140 187 117
f 244 234 225
f 246 740 269
f 372 414 1182
f 40 547 45
f 45 62 61
f 62 87 61
f 87 88 104
f 1084 517 1054
f 387 328 1064
f 2467 2497 2485
f 286 1363 302
f 205 189 162
f 290 140 289
f 214 234 224
f 393 399 809
f 315 1131 397
f 302 321 353
f 1164 169 391
f 427 459 442
f 217 496 467
f 217 168 496
f 978 969 2074
f 361 383 382
f 269 276 245
f 1440 11 305
f 62 88 87
f 328 1066 1064
f 1066 1165 1164
f 242 287 302
f 1363 242 302
f 287 321 302
f 1179 249 1187
f 983 1020 1004
f 464 747 481
f 788 323 276
f 269 245 246
f 88 89 1325
f 171 172 242
f 360 353 321
f 360 1354 353
f 1057 1064 1164
f 2184 2188 2183
f 460 459 451
f 460 467 459
f 149 168 217
f 149 136 168
f 116 129 122
f 109 124 77
f 159 167 148
f 28 42 41
f 57 88 62
f 45 57 62
f 1336 1325 89
f 89 72 1336
f 147 172 171
f 172 258 242
f 258 257 242
f 257 287 242
f 257 321 287
f 345 360 321
f 360 381 1354
f 1069 938 1655
f 387 473 249
f 270 217 467
f 130 136 149
f 851 847 829
f 983 987 975
f 189 177 142
f 88 72 89
f 184 258 172
f 257 288 321
f 1265 451 459
f 270 149 217
f 226 225 174
f 27 28 41
f 109 125 124
f 547 57 45
f 57 58 88
f 88 58 72
f 2476 2484 2458
f 147 184 172
f 184 213 258
f 258 243 257
f 243 288 257
f 345 321 288
f 391 169 7
f 468 460 451
f 468 488 460
f 270 467 460
f 488 270 460
f 1206 136 130
f 481 793 150
f 143 205 162
f 142 119 124
f 58 90 72
f 90 128 72
f 147 173 184
f 173 213 184
f 213 233 258
f 258 233 243
f 354 360 345
f 354 381 360
f 1026 991 307
f 268 312 259
f 1206 130 1080
f 116 105 73
f 139 148 166
f 275 312 268
f 188 401 187
f 2479 2459 2461
f 58 63 90
f 1064 1066 1164
f 1064 473 387
f 288 311 345
f 311 354 345
f 996 994 307
f 452 468 439
f 452 478 468
f 478 488 468
f 141 130 149
f 1564 1639 1563
f 547 41 57
f 2081 2107 2060
f 382 381 354
f 497 270 488
f 289 149 270
f 289 141 149
f 114 122 139
f 59 60 64
f 275 323 312
f 401 668 7
f 41 46 57
f 57 46 58
f 1459 1345 1269
f 1342 121 158
f 166 173 158
f 213 224 233
f 233 259 243
f 243 322 288
f 322 311 288
f 453 478 452
f 497 289 270
f 912 911 906
f 276 323 275
f 276 275 245
f 46 63 58
f 90 121 128
f 173 214 213
f 213 214 224
f 259 322 243
f 336 311 322
f 336 354 311
f 361 382 354
f 1043 439 1290
f 497 488 478
f 385 130 141
f 385 1080 130
f 144 190 143
f 535 41 547
f 121 166 158
f 335 336 322
f 354 336 361
f 2004 2481 1764
f 698 439 1043
f 289 140 141
f 923 1096 931
f 650 185 159
f 46 59 63
f 63 91 90
f 90 114 121
f 121 139 166
f 173 196 214
f 259 335 322
f 2478 2502 2434
f 312 337 336
f 90 91 114
f 114 139 121
f 166 196 173
f 224 234 233
f 234 259 233
f 259 312 335
f 1124 916 1189
f 542 541 530
f 462 479 290
f 269 783 276
f 813 567 641
f 276 783 788
f 82 1038 1333
f 816 701 703
f 672 137 603
f 625 635 624
f 2457 2439 1973
f 767 533 529
f 2468 1869 2480
f 662 190 639
f 711 720 719
f 630 639 614
f 161 654 638
f 781 991 982
f 1227 31 516
f 648 639 630
f 630 614 590
f 2098 544 1899
f 578 579 586
f 697 492 551
f 529 533 400
f 869 859 870
f 1732 924 914
f 1004 1027 991
f 801 591 603
f 636 676 651
f 876 949 965
f 2207 1789 1859
f 76 739 237
f 188 681 15
f 578 604 599
f 797 616 995
f 510 2035 1365
f 76 812 617
f 617 739 76
f 1468 93 1765
f 596 546 812
f 1457 1305 1477
f 760 197 150
f 671 773 765
f 586 609 604
f 591 700 632
f 476 2312 474
f 2084 2027 2489
f 582 590 571
f 1555 2449 1996
f 674 546 596
f 812 655 617
f 161 177 661
f 599 604 636
f 700 787 576
f 776 675 572
f 776 674 675
f 617 634 739
f 591 632 649
f 612 546 674
f 617 655 634
f 728 752 706
f 571 2311 2305
f 775 674 776
f 775 612 674
f 612 628 546
f 546 628 812
f 812 628 655
f 620 630 615
f 620 648 630
f 667 653 646
f 810 782 785
f 150 197 814
f 534 1517 2000
f 702 572 2378
f 748 776 572
f 655 613 634
f 911 917 905
f 648 679 662
f 727 771 713
f 750 807 799
f 639 190 144
f 662 679 200
f 702 748 572
f 775 776 748
f 628 718 655
f 626 658 645
f 791 778 790
f 612 811 628
f 613 514 634
f 1380 1756 1673
f 570 590 614
f 720 741 719
f 1074 795 835
f 614 639 144
f 612 775 811
f 718 735 655
f 655 735 613
f 798 338 788
f 636 652 676
f 571 590 555
f 528 730 687
f 690 702 2312
f 476 690 2312
f 811 718 628
f 721 778 727
f 748 702 690
f 735 686 613
f 1517 2002 2127
f 654 685 667
f 569 588 606
f 513 531 538
f 538 549 548
f 549 553 548
f 550 588 549
f 1903 869 870
f 691 775 748
f 691 600 775
f 600 811 775
f 811 563 718
f 563 736 718
f 718 736 735
f 736 647 735
f 735 647 686
f 686 745 613
f 745 514 613
f 569 606 605
f 654 667 638
f 851 857 847
f 588 569 549
f 690 691 748
f 680 514 745
f 2127 2002 2094
f 747 701 481
f 400 373 529
f 600 536 811
f 536 563 811
f 1306 227 1152
f 522 24 18
f 523 24 522
f 865 857 851
f 2031 2060 1540
f 767 701 747
f 618 652 609
f 652 636 609
f 573 22 710
f 642 699 730
f 1522 1518 2476
f 500 629 691
f 690 500 691
f 691 629 600
f 780 644 641
f 579 578 561
f 131 668 197
f 197 668 814
f 789 809 798
f 622 760 150
f 621 563 536
f 673 745 686
f 673 818 745
f 818 680 745
f 680 96 514
f 2495 2462 1028
f 1028 583 575
f 663 794 664
f 629 761 600
f 761 757 600
f 600 757 536
f 621 696 563
f 755 736 563
f 696 755 563
f 633 736 755
f 633 647 736
f 623 686 647
f 633 623 647
f 686 623 673
f 819 680 818
f 680 819 96
f 1729 1677 1096
f 2482 1899 2471
f 537 536 757
f 536 537 621
f 673 819 818
f 2428 222 230
f 25 24 523
f 25 557 24
f 38 25 19
f 710 22 272
f 663 759 794
f 1120 878 1195
f 537 696 621
f 696 633 755
f 822 2215 2220
f 97 96 1053
f 750 784 743
f 887 905 864
f 768 784 373
f 512 513 548
f 573 664 22
f 696 715 633
f 673 521 819
f 2454 2453 2445
f 883 887 847
f 306 812 76
f 642 528 759
f 798 809 235
f 994 792 998
f 587 626 586
f 1900 1918 1937
f 645 652 618
f 537 786 696
f 521 593 819
f 515 19 523
f 741 749 719
f 789 326 809
f 539 581 550
f 657 777 723
f 684 713 660
f 692 712 720
f 652 666 692
f 507 761 629
f 472 507 629
f 507 757 761
f 623 633 673
f 724 521 673
f 515 516 19
f 304 675 674
f 178 778 721
f 947 1447 2358
f 626 645 618
f 586 626 618
f 784 768 742
f 753 537 757
f 537 753 786
f 724 981 521
f 521 981 593
f 979 559 850
f 637 660 677
f 787 631 576
f 141 117 385
f 809 399 235
f 641 754 558
f 542 553 561
f 742 768 762
f 444 416 533
f 528 687 796
f 813 598 566
f 1490 1501 1557
f 753 757 507
f 786 715 696
f 633 724 673
f 2090 2062 2109
f 646 653 660
f 660 694 683
f 677 660 683
f 1872 839 838
f 1224 18 30
f 326 393 809
f 799 529 373
f 313 507 472
f 715 774 633
f 974 699 841
f 703 820 816
f 692 711 676
f 1014 355 766
f 875 752 1019
f 627 646 660
f 711 692 720
f 652 692 676
f 799 373 784
f 813 566 567
f 2462 2482 2475
f 764 644 780
f 1479 1924 1916
f 753 738 786
f 738 607 786
f 786 607 715
f 715 524 774
f 633 774 724
f 559 979 672
f 758 798 783
f 683 694 705
f 820 703 562
f 764 687 644
f 744 743 725
f 313 753 507
f 607 524 715
f 664 801 22
f 646 627 610
f 800 820 562
f 750 769 807
f 767 747 533
f 578 586 604
f 862 593 981
f 688 2382 1083
f 306 304 674
f 738 584 607
f 168 136 238
f 773 552 765
f 2473 2464 2458
f 773 793 552
f 626 619 658
f 1007 1139 1013
f 562 529 799
f 744 750 743
f 659 683 693
f 677 683 659
f 313 737 753
f 753 737 738
f 607 729 524
f 27 518 28
f 553 569 580
f 657 163 777
f 580 569 605
f 789 798 758
f 769 562 807
f 820 671 816
f 638 646 611
f 1074 598 644
f 750 799 784
f 1931 907 898
f 2483 2487 2461
f 737 584 738
f 1439 1438 1431
f 2098 1213 544
f 48 578 75
f 796 631 787
f 815 732 21
f 581 588 550
f 625 636 651
f 778 1011 810
f 693 705 725
f 693 683 705
f 236 1921 1966
f 584 729 607
f 2237 1866 2227
f 530 541 28
f 237 739 248
f 512 530 28
f 727 778 771
f 684 727 713
f 2237 2220 826
f 542 561 560
f 528 796 700
f 808 785 671
f 739 592 248
f 895 905 896
f 740 246 186
f 272 137 979
f 770 769 744
f 712 742 720
f 1213 2026 544
f 1888 1235 2438
f 555 554 2311
f 737 313 1192
f 1585 1612 1611
f 695 721 685
f 518 17 28
f 769 770 562
f 719 749 740
f 648 669 679
f 773 657 723
f 606 637 619
f 2072 2062 2042
f 606 619 626
f 549 569 553
f 161 638 611
f 910 917 942
f 917 1103 942
f 991 1026 992
f 979 137 672
f 785 163 657
f 710 2488 2472
f 611 581 119
f 808 671 820
f 1820 1900 1870
f 759 700 591
f 637 677 619
f 2494 2490 2463
f 671 765 816
f 687 764 780
f 1019 992 1026
f 1726 1719 987
f 713 771 694
f 51 2355 78
f 510 526 525
f 525 526 1249
f 526 33 1249
f 2311 554 2335
f 827 848 840
f 603 591 649
f 758 269 740
f 1595 1612 1586
f 1694 1048 1699
f 682 740 186
f 22 801 603
f 555 570 554
f 1053 110 97
f 615 582 601
f 814 668 188
f 725 705 744
f 528 700 759
f 640 648 620
f 703 701 562
f 886 892 582
f 631 731 576
f 1087 1835 1747
f 882 864 895
f 956 950 1103
f 1502 2500 2470
f 205 190 200
f 815 878 616
f 616 878 995
f 1183 878 815
f 1601 1827 881
f 527 535 526
f 2184 2183 2175
f 1142 1125 1133
f 235 338 798
f 160 339 792
f 599 92 75
f 598 1116 566
f 631 558 731
f 771 770 744
f 730 528 642
f 841 699 642
f 668 401 188
f 510 527 526
f 749 758 740
f 706 721 695
f 694 726 705
f 694 744 726
f 906 911 905
f 661 695 161
f 708 815 616
f 535 547 33
f 794 759 591
f 778 808 790
f 269 758 783
f 771 744 694
f 800 808 820
f 571 886 582
f 854 948 1010
f 906 905 887
f 625 651 635
f 2000 1226 534
f 2140 1504 2016
f 601 620 615
f 620 601 640
f 648 640 669
f 698 452 439
f 671 785 657
f 1561 2356 545
f 685 653 667
f 685 727 684
f 568 616 797
f 708 732 815
f 93 229 339
f 865 851 839
f 942 1103 950
f 589 614 125
f 606 610 627
f 951 834 873
f 92 599 625
f 1878 830 1902
f 2482 2098 1899
f 568 708 616
f 708 551 732
f 2434 2487 2483
f 160 964 665
f 2316 2391 2309
f 762 758 749
f 570 614 589
f 888 897 883
f 2000 1517 1388
f 685 721 727
f 588 610 606
f 653 685 684
f 651 650 635
f 760 1151 6
f 793 622 150
f 651 676 650
f 744 769 750
f 541 542 560
f 476 500 690
f 473 1064 1057
f 561 578 560
f 636 625 599
f 876 995 949
f 829 856 846
f 682 704 740
f 791 790 770
f 2466 2500 2460
f 579 587 586
f 1352 1208 1095
f 1684 1479 1916
f 604 609 636
f 751 721 706
f 810 608 782
f 672 603 649
f 475 447 476
f 794 591 801
f 682 186 650
f 808 800 790
f 644 598 813
f 704 719 740
f 1011 608 810
f 1192 584 737
f 687 780 796
f 2337 474 2312
f 638 667 646
f 706 1186 728
f 733 575 568
f 595 551 708
f 595 540 551
f 1308 501 1852
f 665 339 160
f 527 2447 535
f 558 9 731
f 723 793 773
f 660 713 694
f 693 725 666
f 562 767 529
f 550 538 531
f 2267 2287 2233
f 996 964 160
f 2068 2470 2466
f 704 711 719
f 741 762 749
f 605 606 626
f 548 542 530
f 995 878 709
f 1898 1684 1916
f 778 791 771
f 782 163 785
f 789 758 762
f 857 883 847
f 733 970 1028
f 838 829 825
f 2447 511 535
f 22 603 137
f 705 726 744
f 605 587 580
f 512 548 530
f 743 784 742
f 790 800 770
f 778 810 808
f 1014 998 355
f 708 568 595
f 656 697 551
f 540 656 551
f 143 125 614
f 1000 1020 983
f 778 178 1011
f 676 704 682
f 637 627 660
f 606 627 637
f 701 552 481
f 808 810 785
f 590 570 555
f 716 595 568
f 2355 2335 554
f 912 1729 911
f 1076 1456 1546
f 697 68 492
f 676 711 704
f 839 851 838
f 1028 575 733
f 1020 844 982
f 716 568 575
f 844 781 982
f 1238 2156 2034
f 553 580 561
f 580 579 561
f 452 461 453
f 560 578 48
f 564 540 595
f 632 656 540
f 564 632 540
f 75 578 599
f 518 27 535
f 511 518 535
f 783 798 788
f 642 759 663
f 720 742 741
f 605 626 587
f 580 587 579
f 725 712 666
f 562 701 767
f 1729 923 911
f 712 743 742
f 619 677 658
f 161 695 654
f 770 800 562
f 2084 2489 2472
f 575 559 716
f 716 564 595
f 654 695 685
f 843 855 2064
f 34 731 9
f 527 510 1973
f 723 622 793
f 992 1726 987
f 693 666 652
f 2472 853 573
f 624 159 148
f 671 657 773
f 681 188 498
f 797 970 733
f 565 656 632
f 565 697 656
f 565 731 697
f 1949 951 920
f 85 111 84
f 662 200 190
f 44 324 754
f 33 547 40
f 658 693 652
f 658 652 645
f 664 794 801
f 666 712 692
f 639 648 662
f 611 646 610
f 850 559 575
f 1447 2490 1106
f 1972 1955 1935
f 582 615 590
f 66 581 539
f 780 641 631
f 796 780 631
f 1049 1192 83
f 1348 13 1519
f 799 807 562
f 581 611 588
f 687 795 644
f 663 8 642
f 1936 1972 1935
f 650 676 682
f 615 630 590
f 730 795 687
f 742 762 741
f 548 553 542
f 1048 1692 1074
f 658 659 693
f 37 52 30
f 611 610 588
f 649 632 564
f 565 576 731
f 2138 922 1058
f 1204 854 965
f 725 743 712
f 644 813 641
f 660 653 684
f 771 791 770
f 644 795 1074
f 469 480 681
f 559 672 564
f 716 559 564
f 672 649 564
f 2161 1378 2171
f 474 475 476
f 816 765 701
f 765 552 701
f 513 538 548
f 754 324 107
f 609 586 618
f 25 523 19
f 677 659 658
f 689 452 698
f 1334 1115 1353
f 700 565 632
f 700 576 565
f 481 552 793
f 763 901 2458
f 550 549 538
f 781 964 996
f 1596 1634 1595
f 198 916 1124
f 198 1124 341
f 842 973 1025
f 842 1025 836
f 1009 1024 934
f 573 710 2472
f 1100 971 1002
f 1501 1081 1557
f 1225 1219 955
f 413 2138 284
f 955 1630 522
f 341 1124 301
f 2333 2376 2350
f 1107 218 284
f 398 925 1513
f 1513 1442 1495
f 1935 1455 1744
f 1723 1935 1744
f 825 1872 838
f 1495 1442 1496
f 963 1024 1009
f 1511 1514 966
f 1775 1729 912
f 688 262 1067
f 714 1007 1512
f 919 1732 914
f 2319 2331 2304
f 2400 2407 2391
f 1674 2164 1780
f 843 927 899
f 1660 988 1188
f 1067 262 1640
f 1381 1109 1483
f 1437 1381 1483
f 2495 1010 948
f 1514 1289 1313
f 899 374 961
f 1438 1430 1422
f 1634 1095 1632
f 2487 973 2461
f 1003 499 874
f 849 848 827
f 1430 1462 1453
f 2496 2084 2471
f 909 10 980
f 730 927 835
f 2031 1540 1536
f 831 849 2178
f 881 834 951
f 1841 1722 1803
f 1005 670 1020
f 1021 670 1005
f 1869 2059 2467
f 903 902 1939
f 2476 2502 1651
f 853 8 573
f 1850 831 2178
f 934 746 247
f 934 65 746
f 301 285 1077
f 968 944 977
f 970 2495 1028
f 974 2465 374
f 899 927 374
f 1882 1898 1916
f 1613 1634 1596
f 909 833 1396
f 2492 247 1003
f 919 914 1931
f 1459 1299 1458
f 1634 1632 1633
f 844 670 228
f 2494 2497 2467
f 901 973 2487
f 228 1772 734
f 1701 1709 1666
f 963 574 1024
f 847 864 856
f 1730 1736 2239
f 870 859 848
f 2074 2111 2103
f 1140 1590 1483
f 927 730 974
f 2103 978 2074
f 756 1745 1718
f 848 859 840
f 1296 1482 1320
f 2331 51 66
f 1067 988 962
f 1396 833 1445
f 1001 1005 1000
f 901 1009 973
f 1099 1077 817
f 933 944 936
f 952 958 1828
f 988 1660 986
f 833 1067 1445
f 1067 1640 988
f 218 413 284
f 1843 180 347
f 1846 1708 1798
f 2469 2477 855
f 1006 1021 1005
f 381 382 250
f 2369 828 531
f 968 977 1001
f 2460 1949 779
f 1194 1441 1115
f 1001 1000 968
f 756 678 1745
f 963 1009 901
f 2471 2084 2472
f 841 642 8
f 982 991 1027
f 670 844 1020
f 1289 1514 945
f 869 904 890
f 1161 1115 1639
f 823 2178 849
f 746 12 499
f 263 428 2366
f 1685 1075 1692
f 1002 926 806
f 1799 1755 216
f 944 968 993
f 943 944 993
f 31 38 19
f 531 828 550
f 1501 1078 1081
f 1921 1149 431
f 936 943 932
f 1660 1489 1412
f 301 980 285
f 903 918 902
f 869 890 868
f 890 903 867
f 1003 746 499
f 951 1949 2500
f 990 841 853
f 1595 1634 1611
f 374 927 974
f 836 1025 247
f 1653 1652 1638
f 1303 1545 1142
f 1616 1631 1638
f 1629 1546 1628
f 936 932 913
f 513 506 531
f 868 890 867
f 2330 2369 2353
f 924 918 914
f 907 914 904
f 1258 1421 1267
f 301 939 980
f 1472 1482 1296
f 868 867 859
f 472 491 313
f 272 519 2488
f 1471 1472 1296
f 1025 934 247
f 1634 1633 1611
f 2176 1847 2177
f 1310 1289 806
f 924 933 918
f 1969 1968 902
f 2107 2128 2118
f 1428 1436 1287
f 1139 1564 1617
f 2378 572 2384
f 853 841 8
f 2501 961 2465
f 1221 1240 1408
f 1069 1578 1627
f 1006 1005 1001
f 1617 1564 1578
f 828 539 550
f 1791 2168 2160
f 1829 1718 1739
f 1968 1939 902
f 756 1718 665
f 1998 2000 1388
f 2451 545 2356
f 178 997 1011
f 1275 325 1270
f 1709 872 1666
f 2176 1959 1847
f 944 943 936
f 2424 518 511
f 1445 1067 962
f 2007 952 1828
f 2052 2061 2081
f 828 2303 539
f 835 1699 1048
f 1709 1706 872
f 885 574 963
f 1318 1296 1320
f 859 867 1902
f 1452 1448 1421
f 943 993 976
f 993 1000 983
f 854 1010 876
f 988 986 962
f 2031 2052 2081
f 924 1732 1828
f 965 949 1060
f 781 228 734
f 1718 1765 665
f 943 976 932
f 1680 1794 1783
f 1448 1471 1276
f 1276 1267 1421
f 1931 914 907
f 991 781 996
f 1276 1421 1448
f 10 909 1396
f 831 860 849
f 1523 1762 1774
f 924 1828 937
f 307 994 1014
f 946 963 901
f 978 2103 977
f 977 1006 1001
f 1007 1161 1639
f 1639 1294 1437
f 885 1032 574
f 1294 1381 1437
f 733 568 797
f 792 229 1112
f 119 581 108
f 843 835 927
f 1889 860 831
f 2211 2216 2204
f 2400 2431 2422
f 2103 1006 977
f 840 1902 830
f 827 840 830
f 827 830 822
f 1003 874 2492
f 1432 1439 1431
f 781 734 964
f 1937 1936 1723
f 918 913 902
f 958 977 944
f 1850 2178 2177
f 1005 1020 1000
f 991 996 307
f 1396 1445 340
f 2179 1763 889
f 939 909 980
f 1828 958 937
f 978 977 958
f 1590 1571 1563
f 779 1949 920
f 1551 1362 1573
f 2103 2142 1006
f 920 885 963
f 946 920 963
f 1584 1616 1583
f 1453 1472 1452
f 1647 1617 1578
f 1578 1564 1627
f 1628 938 1069
f 869 868 859
f 993 983 976
f 912 1762 1775
f 752 751 706
f 1628 1546 938
f 844 228 781
f 840 859 1902
f 898 907 904
f 1025 973 1009
f 663 664 573
f 763 946 901
f 898 904 869
f 2172 889 1763
f 1128 926 971
f 860 848 849
f 904 903 890
f 2486 2459 2479
f 577 782 608
f 933 936 918
f 2177 1847 1851
f 665 1765 339
f 937 958 944
f 894 981 724
f 968 1000 993
f 2192 2195 2205
f 1652 1099 817
f 997 608 1011
f 997 577 608
f 577 163 782
f 1112 998 792
f 2177 1851 1850
f 1257 1421 1258
f 951 873 920
f 822 830 2215
f 1899 2496 2471
f 1773 1668 1558
f 904 914 903
f 932 1671 913
f 873 885 920
f 1013 1617 1647
f 873 1032 885
f 894 862 981
f 2469 855 961
f 913 1671 1969
f 2477 2064 855
f 918 936 913
f 860 870 848
f 937 944 933
f 1501 1013 1647
f 824 178 751
f 824 997 178
f 824 577 997
f 643 163 577
f 863 856 882
f 2128 2153 2134
f 722 774 880
f 722 894 774
f 864 905 895
f 850 575 583
f 914 918 903
f 924 937 933
f 1501 717 1013
f 1587 1324 928
f 717 1512 1013
f 602 577 824
f 766 643 577
f 894 709 862
f 709 878 862
f 976 975 932
f 1324 1596 928
f 880 524 1060
f 2434 2459 2499
f 1324 1613 1596
f 752 824 751
f 602 766 577
f 1014 602 594
f 1387 1226 2152
f 2153 1387 2152
f 669 930 950
f 1710 1694 1699
f 768 326 762
f 582 892 601
f 974 990 2465
f 624 116 625
f 835 795 730
f 2458 2484 763
f 989 602 824
f 2064 2477 1710
f 976 983 975
f 949 722 880
f 996 160 994
f 2305 863 556
f 556 863 886
f 601 910 640
f 2264 825 829
f 989 824 752
f 856 864 882
f 1595 1586 2381
f 1627 1629 1628
f 2174 2180 2173
f 2128 2134 2118
f 137 272 22
f 949 880 1060
f 995 894 722
f 894 995 709
f 894 724 774
f 886 895 892
f 640 910 930
f 871 870 860
f 846 856 863
f 1026 875 1019
f 838 851 829
f 1024 1171 934
f 36 189 205
f 863 882 886
f 886 882 895
f 875 1026 594
f 52 1459 1269
f 896 917 910
f 1025 1009 934
f 949 995 722
f 2152 1226 1636
f 895 896 892
f 892 910 601
f 942 950 930
f 875 989 752
f 594 602 989
f 766 355 643
f 355 260 643
f 905 917 896
f 965 1060 1162
f 892 896 910
f 1101 1052 1042
f 1029 1031 834
f 1101 1133 1118
f 342 357 376
f 516 515 2454
f 1656 2494 2467
f 1056 1303 1133
f 1120 1130 862
f 69 342 376
f 1055 1056 1133
f 499 69 165
f 85 101 111
f 1031 1032 834
f 200 679 1166
f 1031 1042 1032
f 1171 65 934
f 1822 1204 1177
f 1096 956 1103
f 514 96 97
f 956 1145 1144
f 1185 1166 1144
f 1145 1185 1144
f 1185 200 1166
f 375 132 1041
f 1153 1202 305
f 32 1244 1249
f 1096 1087 956
f 554 78 2355
f 1191 138 110
f 65 35 432
f 1087 1110 956
f 1110 1146 956
f 956 1146 1145
f 1146 1156 1145
f 1145 1156 1185
f 950 956 1144
f 2481 2495 948
f 1156 1193 1185
f 1050 1047 1051
f 239 151 107
f 1185 1193 36
f 1747 1110 1087
f 1134 1146 1110
f 1146 1157 1156
f 1156 1157 1193
f 1041 1045 1034
f 1397 1134 1110
f 1157 1146 1134
f 1157 1175 1193
f 1193 199 36
f 1090 1035 1196
f 1456 1150 1051
f 1175 199 1193
f 1186 695 199
f 1186 199 1175
f 1175 1157 1134
f 728 1186 1175
f 197 760 6
f 1130 593 862
f 1167 1109 182
f 1194 1115 1161
f 2140 1928 1504
f 921 922 2138
f 1147 1134 1397
f 1719 1147 1397
f 1147 1175 1134
f 1175 1147 728
f 341 1654 1208
f 754 151 9
f 284 2138 1058
f 1188 1557 1660
f 1191 110 1053
f 916 284 1189
f 284 1058 1189
f 2094 1465 2127
f 1726 1019 1147
f 1147 1019 728
f 593 1130 96
f 239 305 1038
f 1036 1131 315
f 397 1131 1120
f 1053 96 1130
f 2467 2485 1869
f 517 1089 421
f 834 1827 1029
f 419 1047 1117
f 1034 433 1306
f 2239 1862 1730
f 1453 1462 1472
f 1408 1422 1399
f 471 23 1111
f 1205 1150 1456
f 1205 1040 1150
f 1131 1036 293
f 293 1068 1044
f 375 1041 138
f 1205 1140 1046
f 1040 1205 1046
f 1140 1167 1046
f 1104 1049 83
f 1052 1085 1032
f 1044 1068 1191
f 1167 1483 1109
f 208 1084 1035
f 1040 132 375
f 1834 20 3
f 1050 1051 1070
f 1133 1125 1174
f 11 1440 1401
f 420 208 1071
f 1135 1079 1094
f 1086 1101 1118
f 1029 1030 1031
f 1200 1061 294
f 1191 1068 138
f 1171 1141 65
f 1141 1172 65
f 1172 35 65
f 1172 404 35
f 404 99 35
f 221 1104 1063
f 802 398 1083
f 20 1089 3
f 2064 1699 835
f 1042 1052 1032
f 1433 1261 1432
f 1323 2338 155
f 1076 1205 1456
f 1088 1402 1056
f 1150 348 1070
f 1200 1089 20
f 1097 1162 100
f 1032 873 834
f 21 471 1111
f 294 1097 1104
f 1072 100 584
f 1151 760 622
f 132 1045 1041
f 1050 1070 1135
f 1088 1039 940
f 650 159 635
f 100 1170 729
f 729 584 100
f 1103 931 1096
f 925 1443 1513
f 138 1102 110
f 1034 1306 1152
f 1071 1035 1090
f 100 1072 1097
f 23 1158 315
f 1068 375 138
f 1586 1612 1585
f 1819 1030 1029
f 1041 1034 1102
f 232 375 1068
f 348 1079 1070
f 1061 1097 294
f 1513 1443 1442
f 1200 294 1119
f 376 1050 1062
f 1094 1036 315
f 1200 1119 1089
f 1111 1183 21
f 1044 1191 1053
f 698 295 689
f 1079 232 1036
f 404 1117 99
f 1495 1496 717
f 1119 294 98
f 3 1089 517
f 1132 1063 83
f 1132 83 175
f 132 1046 182
f 1111 1195 1183
f 1131 1044 1037
f 127 402 1804
f 219 1272 1047
f 1697 1135 1094
f 2140 1854 2117
f 1111 397 1195
f 1177 1162 1097
f 1061 1177 1097
f 717 1509 714
f 2 1300 433
f 462 290 461
f 98 294 221
f 294 1104 221
f 714 1161 1007
f 1073 1152 1143
f 1697 1094 1360
f 1223 1423 1218
f 836 2479 842
f 1097 1072 1049
f 348 1040 375
f 3 517 316
f 180 1061 1201
f 348 375 232
f 1432 1431 1415
f 220 1513 1495
f 1104 1097 1049
f 306 674 596
f 777 455 723
f 2170 2151 1641
f 1047 419 219
f 1102 1034 1073
f 1073 1034 1152
f 1035 1054 1196
f 1177 1204 1162
f 746 65 12
f 751 178 721
f 1054 517 421
f 1051 1150 1070
f 1102 1073 110
f 998 1136 355
f 567 566 1163
f 1111 315 397
f 1048 1074 835
f 1158 1094 315
f 1374 1107 1252
f 1112 1136 998
f 472 629 500
f 355 1136 260
f 260 118 43
f 1104 83 1063
f 376 357 1050
f 1463 1142 1545
f 1036 232 293
f 1030 1042 1031
f 1079 348 232
f 221 1063 1132
f 1094 1079 1036
f 1076 1629 1205
f 1136 1197 260
f 260 1197 118
f 1204 965 1162
f 293 232 1068
f 1590 1205 1629
f 1205 1590 1140
f 250 382 392
f 1296 1318 1311
f 347 1201 20
f 1201 1200 20
f 132 182 1045
f 1101 1086 1052
f 1033 1039 1055
f 138 1041 1102
f 970 1010 2495
f 455 777 43
f 1992 1948 2023
f 20 1834 347
f 1072 584 1049
f 584 1192 1049
f 182 2 1045
f 1163 324 44
f 1360 1094 1158
f 1450 1360 1158
f 1091 1112 229
f 509 723 455
f 207 509 455
f 1251 1257 1266
f 1488 1489 1547
f 2157 1541 1875
f 305 107 324
f 1045 2 433
f 1070 1079 1135
f 1136 1168 1197
f 1197 359 118
f 118 359 43
f 359 356 43
f 356 455 43
f 356 207 455
f 1240 1422 1408
f 1163 1153 324
f 1201 1061 1200
f 1052 1086 1085
f 1024 1141 1171
f 1112 1105 1136
f 1050 1135 1062
f 1105 1168 1136
f 1168 1178 1197
f 1197 1178 359
f 1173 404 1172
f 465 356 359
f 1174 1125 240
f 1240 1431 1422
f 1098 1113 1105
f 1112 1098 1105
f 1105 1178 1168
f 1178 465 359
f 1091 1098 1112
f 1133 1174 1118
f 98 221 1059
f 487 1132 175
f 980 1017 285
f 465 207 356
f 180 1201 347
f 1060 524 1170
f 445 127 316
f 1431 1438 1422
f 498 469 681
f 940 1807 1759
f 381 250 1290
f 1113 1122 1105
f 1105 1122 1178
f 1151 509 207
f 1236 2035 525
f 1131 293 1044
f 346 207 465
f 346 1151 207
f 1822 1796 1204
f 1143 204 97
f 123 1128 971
f 2153 2152 2134
f 126 1151 346
f 517 445 316
f 1450 1158 23
f 1458 1462 1430
f 1129 152 1182
f 1122 1159 1178
f 1178 1198 465
f 79 346 465
f 126 1155 1151
f 1151 1155 6
f 295 1129 689
f 1073 1143 97
f 1098 1123 1113
f 1113 1123 1122
f 1123 1169 1122
f 1178 1159 1198
f 1198 79 465
f 392 383 152
f 1822 1061 180
f 116 92 625
f 421 1089 1119
f 1129 295 152
f 110 1073 97
f 1173 1172 1141
f 1122 1169 1159
f 79 126 346
f 1155 181 6
f 971 926 1002
f 295 1043 152
f 1039 1088 1056
f 1428 1266 1436
f 404 419 1117
f 836 879 2479
f 2464 2476 2458
f 1198 317 79
f 1124 939 301
f 44 754 567
f 1039 1056 1055
f 1439 1459 1458
f 1660 1412 986
f 1169 1160 1159
f 179 1155 126
f 1155 131 181
f 1061 1822 1177
f 1153 305 324
f 175 314 327
f 1160 1187 1159
f 1159 1187 1198
f 1198 1187 317
f 79 179 126
f 1043 250 392
f 152 1043 392
f 96 819 593
f 1123 1127 1169
f 317 179 79
f 1057 1155 179
f 1155 391 131
f 131 391 668
f 2381 1586 1585
f 12 69 499
f 262 398 1640
f 2107 2118 2060
f 2130 2094 2002
f 1187 249 317
f 1155 1057 391
f 1290 439 1265
f 305 239 107
f 1127 1160 1169
f 317 473 179
f 473 1057 179
f 83 1192 314
f 1043 1290 250
f 1807 940 1030
f 517 1084 445
f 1057 1164 391
f 2492 2480 2493
f 163 643 43
f 1056 1545 1303
f 1069 1655 1023
f 249 473 317
f 1162 1060 1170
f 1086 1118 1154
f 82 68 16
f 1989 1990 1536
f 1633 1632 1611
f 1487 2372 1305
f 1494 1069 1023
f 1137 1160 1127
f 669 1166 679
f 390 1285 426
f 1955 1972 1971
f 1219 1223 2437
f 1254 1261 1223
f 1319 1545 1056
f 1320 1328 2443
f 1261 1433 1223
f 1219 1254 1223
f 254 222 2428
f 1237 1290 1265
f 1284 1273 1263
f 1277 1291 1301
f 1314 102 1301
f 1280 363 377
f 1313 1353 1514
f 468 451 439
f 1918 1964 1956
f 2026 29 2140
f 1354 381 1279
f 1224 30 1254
f 147 158 173
f 1247 1253 274
f 1271 380 334
f 2043 2072 2042
f 274 300 267
f 1356 1392 211
f 13 240 1142
f 1382 1330 1392
f 1312 1323 155
f 240 1125 1142
f 2358 1573 1362
f 1236 1249 1244
f 1272 219 1348
f 1271 1274 380
f 191 2034 1982
f 1992 2052 1990
f 462 452 689
f 2262 2286 2261
f 183 489 1642
f 2485 2480 1869
f 84 111 1323
f 1190 353 1354
f 446 434 435
f 1336 171 1341
f 2021 430 2059
f 862 878 1120
f 1263 1273 1248
f 1966 1921 2144
f 1312 84 1323
f 240 13 1348
f 1359 1274 1271
f 1392 1330 1247
f 1520 1333 11
f 1368 1253 1247
f 1279 1285 1190
f 2465 990 2489
f 1272 1519 805
f 1369 1272 805
f 1317 95 1344
f 1242 1248 1234
f 1368 242 1363
f 274 1262 1386
f 532 597 1886
f 2117 2026 2140
f 1392 1247 274
f 2162 508 985
f 1964 1469 1965
f 1315 104 1331
f 1392 1356 1382
f 128 1342 1336
f 1285 427 426
f 1219 1224 1254
f 1320 1322 1321
f 1320 1321 1328
f 153 2443 1328
f 1321 153 1328
f 1235 1244 1243
f 1225 1224 1219
f 1359 353 1190
f 1312 1473 1458
f 1336 1342 147
f 305 1333 1038
f 1336 147 171
f 516 31 19
f 2479 2461 842
f 1237 1265 427
f 1263 1278 1284
f 881 1827 834
f 1237 427 1285
f 1299 1312 1458
f 1190 1285 1274
f 1363 286 1253
f 2330 2303 828
f 427 442 426
f 2493 2463 2492
f 1285 380 1274
f 522 18 1225
f 2471 2472 2488
f 2338 154 1321
f 1423 1415 1218
f 1225 18 1224
f 1253 286 1262
f 286 353 1359
f 171 1368 1383
f 1273 54 1234
f 1973 2447 527
f 1322 155 1321
f 1203 1369 1413
f 1307 363 1298
f 1364 1375 1329
f 1329 227 1306
f 296 1298 1343
f 947 2499 1447
f 1203 1047 1272
f 1098 1748 1123
f 1519 1272 1348
f 1277 70 1273
f 1282 1337 1361
f 286 302 353
f 103 104 1315
f 1377 435 434
f 1449 1261 1345
f 926 1310 806
f 1263 1248 1242
f 985 508 597
f 1415 1222 1218
f 88 1325 104
f 170 111 156
f 1384 1282 1361
f 274 1253 1262
f 1371 1317 1344
f 1371 1366 1337
f 1345 1459 1449
f 171 1383 1341
f 2438 1235 1227
f 2134 1582 2118
f 428 1260 1379
f 1336 1341 1325
f 1235 1242 1227
f 1228 1687 2284
f 1854 2140 2016
f 1866 1887 1873
f 1343 1298 1370
f 1384 1361 2440
f 171 242 1368
f 1344 1309 1366
f 1371 1344 1366
f 1280 1377 1293
f 200 1185 205
f 1330 1383 1368
f 1255 1264 1263
f 543 1367 1876
f 1343 1370 1260
f 1293 1326 1370
f 2440 1361 1302
f 1282 1384 2406
f 271 1337 1282
f 170 2338 1323
f 1528 1503 2470
f 515 1347 2453
f 1997 1705 1998
f 2285 1228 2284
f 1229 1250 1228
f 1330 1368 1247
f 1919 1619 2045
f 1344 1364 1335
f 1222 1240 1221
f 1212 858 1741
f 2388 1222 1221
f 1528 2470 2068
f 501 1308 2171
f 1295 1311 1487
f 2116 1619 1655
f 1220 1229 1228
f 8 663 573
f 1343 1260 428
f 1337 1366 1361
f 1298 1280 1293
f 1269 1345 1261
f 1279 381 1290
f 1230 1229 1220
f 1230 1245 1229
f 1245 1250 1229
f 1227 1234 31
f 1302 1361 1350
f 1245 1266 1428
f 1992 2023 2052
f 2482 2471 2475
f 452 462 461
f 271 1282 1275
f 1991 1989 1934
f 1366 1309 1350
f 1344 1335 1309
f 730 699 974
f 1374 1252 1208
f 597 508 1912
f 1363 1253 1368
f 1386 1271 300
f 1211 1218 1222
f 1376 1377 434
f 2399 2437 1211
f 1284 1291 1277
f 1230 1251 1245
f 1251 1266 1245
f 1317 1371 1337
f 1288 1286 1095
f 1095 1286 1352
f 1241 1208 1352
f 1241 1374 1208
f 1284 1278 1291
f 211 1392 267
f 1344 1375 1364
f 929 583 1028
f 1361 1366 1350
f 1115 1294 1639
f 1291 103 1301
f 1220 1231 1230
f 1231 1251 1230
f 1234 1248 1273
f 1255 55 1264
f 1360 1450 1702
f 363 1280 1298
f 1369 1203 1272
f 1415 1240 1222
f 1216 1231 1220
f 1243 1263 1235
f 1375 227 1329
f 1264 1278 1263
f 855 899 961
f 1286 1241 1352
f 2081 2128 2107
f 1223 1433 1423
f 1473 1312 155
f 154 153 1321
f 1377 1376 1293
f 1392 274 267
f 334 300 1271
f 1955 1991 1934
f 1613 1327 1288
f 1327 1286 1288
f 1349 1374 1241
f 2370 2025 2367
f 1315 1331 133
f 434 446 1256
f 1232 1251 1231
f 1243 1244 1255
f 1286 1304 1241
f 1349 1107 1374
f 1359 1271 1386
f 1227 516 2431
f 219 240 1348
f 1270 271 1275
f 1255 1263 1243
f 2026 1926 29
f 1683 2157 1212
f 1326 1293 1376
f 1255 32 55
f 104 1325 1341
f 519 2462 2475
f 2154 2161 2137
f 1376 434 1246
f 1246 434 1256
f 1257 1251 1232
f 1262 1359 1386
f 2195 2192 2186
f 1308 534 1226
f 2026 2117 544
f 1327 1613 1324
f 1327 1326 1286
f 1286 1326 1304
f 104 1341 1331
f 774 524 880
f 837 1517 534
f 1127 1123 1567
f 1279 1237 1285
f 1297 1381 1294
f 1217 1232 1216
f 1142 1519 13
f 1436 1267 1287
f 1324 1372 1327
f 1304 1246 1241
f 1246 1349 1241
f 1246 1373 1349
f 286 1359 1262
f 1382 1383 1330
f 1284 1277 1273
f 489 1998 1799
f 1675 1116 1075
f 106 1317 1337
f 1311 1295 1281
f 1292 1364 1329
f 1335 1364 1292
f 1334 1294 1115
f 1334 1297 1294
f 1300 1381 1297
f 973 842 2461
f 1217 1239 1232
f 1232 1239 1257
f 1258 1267 1436
f 1359 1190 1274
f 1862 1405 1877
f 1372 1339 1327
f 1339 1326 1327
f 1373 1351 1349
f 1276 1311 1281
f 1256 2386 1351
f 2 1109 1300
f 482 1731 520
f 803 1604 2022
f 1223 1218 1211
f 1341 1383 1382
f 1298 1293 1370
f 1190 1354 1279
f 1324 2398 1372
f 1714 1700 2173
f 183 2000 489
f 1701 1666 192
f 1227 1242 1234
f 1332 1289 1310
f 1517 2005 2130
f 1331 1341 1382
f 525 1249 1236
f 23 1268 1450
f 1264 1291 1278
f 1281 1287 1267
f 1295 1305 1287
f 1281 1295 1287
f 1487 1305 1295
f 1605 2097 2058
f 1326 1376 1304
f 1304 1376 1246
f 1316 1919 1984
f 2500 1949 2460
f 1332 1313 1289
f 2189 2181 2177
f 1335 1334 1353
f 1292 1297 1334
f 1428 1250 1245
f 969 958 952
f 1217 1233 1239
f 1233 1257 1239
f 1876 1367 1338
f 1379 1260 1372
f 1372 1260 1339
f 1128 1302 1310
f 1310 1302 1332
f 1335 1353 1313
f 1292 1334 1335
f 1297 1329 1300
f 1279 1290 1237
f 1301 103 1314
f 70 1301 102
f 23 1333 1268
f 380 1285 390
f 772 325 1275
f 1314 103 1315
f 2473 2458 2487
f 1276 1281 1267
f 1344 95 1375
f 2053 1771 1572
f 1246 1256 1373
f 1373 1256 1351
f 1340 1302 1128
f 1350 1313 1332
f 1329 1297 1292
f 2434 2473 2487
f 106 1337 271
f 23 471 1333
f 622 723 509
f 1388 1517 2127
f 1991 1990 1989
f 183 1636 1226
f 2133 1605 2151
f 1260 1370 1339
f 1339 1370 1326
f 867 1894 1902
f 390 426 412
f 1235 1263 1242
f 1399 1422 1233
f 305 11 1333
f 1300 1329 1306
f 1302 1350 1332
f 1350 1309 1313
f 1309 1335 1313
f 2470 2102 1502
f 1787 1531 1599
f 1724 1725 1691
f 1827 1601 1927
f 1678 1358 1476
f 1823 1812 1846
f 1805 1824 1708
f 1746 1676 1797
f 325 2395 429
f 1835 1677 1826
f 1507 1790 1722
f 1526 1672 858
f 158 147 1342
f 1462 1473 1322
f 1474 1414 1565
f 1761 1900 1877
f 940 1759 1008
f 1565 1015 1008
f 1924 1533 1933
f 1878 826 830
f 1565 1414 1015
f 1402 1088 1008
f 1538 1532 1651
f 1015 1552 1008
f 1538 1591 1474
f 1532 1538 1474
f 1474 1591 1414
f 1484 1402 1008
f 1552 1484 1008
f 1414 1460 1015
f 1015 1460 1552
f 806 1289 945
f 1597 1538 1659
f 1484 1319 1402
f 1056 1402 1319
f 1538 1597 1591
f 1591 960 1414
f 1414 960 1460
f 1925 1466 1455
f 1552 1400 1484
f 1484 1400 1319
f 1400 113 1319
f 1597 1580 1591
f 1460 1400 1552
f 1514 1441 966
f 1597 1659 1409
f 1657 113 1400
f 1460 1657 1400
f 1288 1095 1634
f 1551 1597 1409
f 1580 1598 1591
f 1591 1598 960
f 1536 1990 2031
f 960 1657 1460
f 1809 1746 1797
f 1423 1433 1432
f 2478 1362 1409
f 1463 1545 113
f 1657 1463 113
f 1457 1287 1305
f 1682 1716 1746
f 1434 1761 1885
f 1013 1139 1617
f 2379 1362 2478
f 1420 1597 1551
f 1420 1580 1597
f 1664 1808 1712
f 2256 2250 2231
f 1362 1551 1409
f 2196 2214 2213
f 1691 1725 1777
f 1626 192 1666
f 1534 1574 2058
f 1574 1600 1605
f 1600 1606 1605
f 1606 1641 1605
f 1573 1420 1551
f 1657 1485 1463
f 678 1806 1742
f 1534 1553 1574
f 1574 1575 1600
f 1810 2170 585
f 1623 1641 1606
f 1407 1657 960
f 1598 1407 960
f 1485 1142 1463
f 1716 1581 1676
f 1738 1743 1733
f 843 2064 835
f 1539 1575 1574
f 1553 1539 1574
f 1575 1592 1600
f 1592 1624 1606
f 1600 1592 1606
f 1642 585 1641
f 1623 1642 1641
f 1485 164 1142
f 1738 1516 1743
f 1809 1720 1798
f 1533 1535 1534
f 1592 1607 1624
f 1624 1623 1606
f 1163 566 1116
f 1407 1485 1657
f 1432 1449 1439
f 1100 802 2382
f 1743 1516 1722
f 1746 1716 1676
f 1535 1539 1534
f 1534 1539 1553
f 1642 1623 1624
f 1095 1208 1654
f 967 1407 1598
f 1580 967 1598
f 1809 1797 1720
f 1924 1524 1535
f 1533 1924 1535
f 1539 1576 1575
f 1642 216 585
f 1407 1529 1485
f 1485 1529 164
f 1472 1462 1482
f 1415 1431 1240
f 966 1194 714
f 383 1182 152
f 474 2337 446
f 1743 1841 1757
f 1486 1524 1924
f 1535 1525 1539
f 1575 1576 1592
f 1420 967 1580
f 1288 1634 1613
f 459 427 1265
f 1404 2179 1393
f 1404 1403 1800
f 1404 1410 1403
f 1410 1749 1403
f 1349 1351 218
f 1486 1498 1524
f 1535 1524 1525
f 1607 1636 1624
f 183 1642 1624
f 1636 183 1624
f 1107 1349 218
f 1351 845 218
f 164 1519 1142
f 845 413 218
f 1525 1576 1539
f 1576 1582 1592
f 1592 2134 1607
f 2134 1636 1607
f 2147 1491 1401
f 1407 1589 1529
f 1529 1519 164
f 1693 1763 1444
f 1924 1479 1486
f 1592 1582 2134
f 499 165 874
f 2176 1857 1959
f 2327 2368 2326
f 2358 821 953
f 953 821 1573
f 1824 1704 1464
f 1731 1358 1678
f 1394 1410 1404
f 1394 1418 1410
f 1466 1479 1839
f 1486 1479 1498
f 1498 1525 1524
f 1576 2080 1582
f 1785 1684 1898
f 804 398 802
f 804 925 398
f 1447 1562 2358
f 2358 1562 821
f 821 1620 1573
f 1620 1420 1573
f 1420 1556 967
f 1393 1394 1404
f 1525 2080 1576
f 1621 1420 1620
f 1621 1556 1420
f 967 1589 1407
f 1505 5 1357
f 1266 1258 1436
f 1393 1395 1394
f 2176 2175 1848
f 1455 1466 1839
f 1525 1540 2080
f 1582 2080 2118
f 1100 804 802
f 1556 1589 967
f 1589 1082 1529
f 1093 1685 1357
f 1504 1093 1357
f 1425 1418 1394
f 1475 1479 1466
f 1479 1506 1498
f 1789 1784 1730
f 2501 2465 2489
f 1438 1458 1430
f 1462 1458 1473
f 1454 805 1529
f 1082 1454 1529
f 1529 805 1519
f 1425 1394 1395
f 1425 1744 1418
f 1479 1475 1506
f 1540 2060 2080
f 1556 1082 1589
f 1443 945 1511
f 1506 1536 1498
f 1498 1536 1525
f 1525 1536 1540
f 1670 852 1672
f 1998 1388 1389
f 1511 966 1509
f 1509 966 714
f 1442 1443 1496
f 1562 1635 821
f 155 1322 1473
f 1439 1458 1438
f 1426 1425 1395
f 1475 1499 1506
f 1735 1588 1776
f 2422 2454 2421
f 1423 1432 1415
f 1559 2101 2073
f 845 866 413
f 1429 1620 821
f 1620 1429 1621
f 1228 1250 1687
f 1002 945 1443
f 2382 802 1083
f 1859 1411 1395
f 1411 1426 1395
f 1426 1744 1425
f 1590 1437 1483
f 1480 1475 1466
f 1480 1499 1475
f 1510 1733 1743
f 1663 1696 1658
f 1430 1453 1452
f 1452 1472 1471
f 1452 1471 1448
f 1430 1452 1421
f 1430 1421 1422
f 1429 1082 1556
f 1621 1429 1556
f 1351 2386 845
f 1126 1059 487
f 1639 1437 1563
f 1504 1928 1093
f 1499 1536 1506
f 1588 1770 1727
f 1110 1747 1397
f 1776 1588 1531
f 1322 1320 1482
f 1590 1629 1571
f 1730 1877 1838
f 1429 935 1082
f 1082 935 1454
f 804 1443 925
f 1139 1007 1639
f 1925 1480 1466
f 1934 1989 1480
f 1499 1989 1536
f 1727 1526 1531
f 1593 1614 502
f 2455 2431 2400
f 1755 1680 908
f 1563 1571 1564
f 1647 1078 1501
f 2490 1635 1106
f 1496 1511 717
f 2454 2431 516
f 1478 1153 1093
f 1870 1426 1411
f 1426 1723 1744
f 962 986 1412
f 717 1511 1509
f 1825 1704 1824
f 2225 2234 2253
f 1490 1557 1188
f 1635 80 821
f 805 1454 935
f 1186 706 695
f 1194 1161 714
f 1512 1007 1013
f 592 97 204
f 1258 1266 1257
f 82 1333 471
f 1694 1710 1505
f 1643 490 1661
f 1661 490 1114
f 1518 2068 2484
f 1750 1808 1664
f 1656 1635 2490
f 935 1521 805
f 1546 1629 1076
f 1301 70 1277
f 966 1441 1194
f 1148 1825 1824
f 1614 1609 1643
f 1114 1092 1921
f 1770 1739 1670
f 1631 1632 1646
f 821 1016 1429
f 1429 1016 935
f 1632 1095 1654
f 1083 262 688
f 1724 1686 1725
f 1644 490 1643
f 1092 1149 1921
f 3 893 1832
f 988 1640 1188
f 916 1107 284
f 1656 80 1635
f 1016 821 80
f 1016 1521 935
f 1478 1202 1153
f 1401 1928 29
f 1440 1478 1928
f 1849 1700 1865
f 1595 1611 1612
f 1208 198 341
f 1464 1704 1746
f 2143 984 1721
f 1848 1849 1868
f 1662 1114 490
f 1669 1787 1682
f 1656 1618 80
f 198 1208 916
f 1440 1928 1401
f 1521 1369 805
f 1252 1107 916
f 1745 678 1672
f 1703 1779 1721
f 1750 1465 1808
f 1609 1644 1643
f 1092 1114 1662
f 1826 1523 1793
f 2262 2261 2224
f 1696 2166 1767
f 1016 1648 1521
f 1208 1252 916
f 833 688 1067
f 1794 1803 1558
f 28 17 512
f 1750 861 1566
f 1594 1644 1609
f 1644 1645 490
f 490 1645 1662
f 2229 2262 2224
f 1602 861 1760
f 1530 1777 1760
f 872 1706 1673
f 1696 1668 2166
f 1708 1809 1798
f 1581 1716 1814
f 1709 1794 1680
f 1233 1421 1257
f 1724 1476 1686
f 1469 1481 1965
f 1965 1481 1492
f 2073 1549 1559
f 1594 1615 1644
f 1799 1706 1755
f 1725 1686 1837
f 1720 1797 1572
f 1618 2467 2022
f 1618 1579 80
f 1648 1016 80
f 2134 2152 1636
f 1611 1632 1631
f 1761 1434 1470
f 1559 1577 1594
f 1603 1615 1594
f 1615 1645 1644
f 1637 1662 1645
f 1662 1199 1092
f 1199 1149 1092
f 1451 1108 1149
f 665 734 756
f 1865 1700 1714
f 1709 1841 1794
f 1618 2022 1579
f 1648 1413 1369
f 1521 1648 1369
f 1520 11 1401
f 1446 1470 1434
f 1798 1691 1754
f 2063 1544 2073
f 2073 1544 1549
f 1594 1577 1603
f 1615 1637 1645
f 1637 1199 1662
f 1427 1149 1199
f 2167 1108 1451
f 1997 1673 1705
f 1706 1799 1705
f 1841 1709 1757
f 1604 1579 2022
f 1579 707 80
f 80 707 1648
f 1520 1401 1491
f 1649 1520 1491
f 1435 1434 1885
f 1470 1469 1461
f 1481 1508 2024
f 2370 1544 2063
f 1549 1568 1559
f 1559 1568 1577
f 1603 1610 1615
f 1615 1610 1637
f 999 1199 1637
f 1451 1149 1427
f 1137 1825 1148
f 1706 1705 1673
f 1138 1604 2116
f 1138 1579 1604
f 1413 1648 707
f 2360 2024 1508
f 598 1075 1116
f 229 93 1468
f 1839 1479 1684
f 2216 2229 2224
f 1610 1625 1637
f 329 999 1637
f 1199 1017 1427
f 1017 303 1427
f 303 1451 1427
f 1792 1754 1777
f 2309 2391 2301
f 1655 1138 2116
f 1138 707 1579
f 1649 1491 206
f 1406 1885 1398
f 1406 1419 1885
f 1419 1435 1885
f 1434 1435 1446
f 1470 1481 1469
f 1577 1583 1603
f 999 1017 1199
f 81 67 941
f 67 1650 941
f 1259 1815 2164
f 1619 2116 2045
f 1424 707 1138
f 1702 1649 206
f 1687 1406 1398
f 1477 1481 1470
f 1568 1569 1577
f 1577 1569 1583
f 1603 1583 1610
f 1625 329 1637
f 2167 340 273
f 81 273 340
f 81 962 67
f 1547 1619 1488
f 1830 1739 1770
f 938 1424 1138
f 1424 1413 707
f 1527 1649 1702
f 1527 1520 1649
f 1527 1268 1520
f 1250 1406 1687
f 1441 1353 1115
f 1203 1413 1051
f 1250 1419 1406
f 1477 2372 1481
f 1481 2372 1508
f 2449 1560 1568
f 1549 2449 1568
f 1568 1560 1569
f 1569 1584 1583
f 1652 329 1625
f 329 817 999
f 285 1017 999
f 303 10 1451
f 10 2167 1451
f 1412 1650 67
f 1412 1488 1650
f 1547 1023 1619
f 1023 1655 1619
f 1655 938 1138
f 1456 1413 1424
f 1457 1470 1446
f 1457 1477 1470
f 329 1652 817
f 10 340 2167
f 938 1546 1424
f 1546 1456 1424
f 1259 1548 1779
f 2052 2031 1990
f 1440 1202 1478
f 1428 1419 1250
f 1428 1435 1419
f 1428 1446 1435
f 1934 1935 1955
f 1560 1584 1569
f 1610 1638 1625
f 1638 1652 1625
f 817 1077 999
f 1077 285 999
f 980 303 1017
f 962 1412 67
f 1494 1023 1547
f 325 271 1270
f 1443 1511 1496
f 1450 1268 1527
f 1514 1353 1441
f 1287 1446 1428
f 1446 1287 1457
f 1305 2372 1477
f 1992 1990 1991
f 1992 1991 1971
f 1971 1991 1955
f 2449 1549 2418
f 1583 1616 1610
f 1610 1616 1638
f 10 1396 340
f 340 1445 81
f 1445 962 81
f 1790 984 1753
f 984 2148 1753
f 1588 1713 1770
f 969 978 958
f 1741 1779 1703
f 1758 1846 1754
f 1827 1819 1029
f 1818 1530 1712
f 1750 1566 2127
f 2459 2434 2483
f 1798 1720 1771
f 1794 1841 1803
f 216 1755 1810
f 1098 1735 1748
f 1735 1497 1748
f 1502 2102 1601
f 881 1502 1601
f 1455 1839 1744
f 1706 1709 1680
f 1212 1741 1703
f 1788 1969 1671
f 1075 1074 1692
f 951 2500 881
f 2490 2486 2463
f 1748 1497 1781
f 1721 984 1840
f 1815 1259 1741
f 1626 1756 1837
f 975 987 1542
f 2230 2236 2235
f 1772 678 734
f 1542 1671 975
f 1806 1772 1780
f 678 1772 1806
f 2218 2225 2268
f 1828 1732 2007
f 1526 1688 1531
f 1752 1526 1554
f 1844 1818 1712
f 1823 1846 1804
f 1781 1669 1704
f 1721 1779 2143
f 1770 1670 1526
f 1497 1669 1781
f 1098 1713 1735
f 1742 1815 1741
f 1526 858 1875
f 1599 1531 1688
f 1803 1790 1558
f 1703 1721 1683
f 1832 1766 957
f 1542 1679 1671
f 1679 1788 1671
f 1927 1819 1827
f 1718 1745 1739
f 1684 1022 1839
f 1459 1283 1299
f 1022 1410 1418
f 2368 2393 2326
f 1669 1497 1776
f 1875 858 1212
f 1739 1745 852
f 1964 1918 1461
f 1356 133 1331
f 1765 1829 1468
f 858 1742 1741
f 1006 1674 1021
f 1723 1936 1935
f 1468 1713 1098
f 1724 1678 1476
f 1680 1783 908
f 1731 1543 520
f 1683 1721 1840
f 1467 1679 1542
f 1812 1708 1846
f 1679 1975 1788
f 1713 1830 1770
f 1803 1722 1790
f 2301 2391 2349
f 1713 1588 1735
f 1836 1530 1818
f 1837 1756 861
f 886 571 556
f 1181 1805 1812
f 1706 1680 1755
f 1677 1729 1775
f 1776 1787 1669
f 1526 1670 1672
f 1727 1770 1526
f 987 1467 1542
f 1567 1704 1137
f 1693 1865 1714
f 897 1762 912
f 1135 1697 1062
f 1697 376 1062
f 1543 1731 1678
f 1793 1679 1467
f 1777 1602 1760
f 1846 1798 1754
f 1835 1096 1677
f 1033 1030 940
f 1450 1527 1702
f 1717 376 1697
f 1711 1717 1697
f 1717 165 376
f 1840 984 1790
f 1669 1746 1704
f 1669 1682 1746
f 2301 2349 2308
f 1882 1444 1898
f 1820 1789 1730
f 861 1380 1566
f 2301 2308 2266
f 1771 1543 1691
f 1958 1659 1651
f 1697 1360 1711
f 1711 1737 1717
f 1717 1737 165
f 1790 1753 1558
f 1668 1696 1663
f 1360 1702 1711
f 1702 1707 1711
f 1707 1737 1711
f 1737 1751 165
f 1444 1782 1693
f 1716 1787 1599
f 1744 1839 1022
f 1898 1444 1785
f 206 1707 1702
f 1764 2468 1751
f 316 1844 893
f 893 1844 915
f 1845 1804 1758
f 1380 861 1756
f 1780 670 1021
f 1714 2172 1763
f 1783 1558 1663
f 1750 2127 1465
f 1798 1771 1691
f 1691 1543 1724
f 1872 1910 839
f 1737 2044 1751
f 1751 2044 1764
f 1757 1701 482
f 1725 1602 1777
f 1836 1845 1530
f 2102 2470 1503
f 2496 1899 544
f 763 2484 946
f 987 1719 1467
f 1845 1758 1792
f 1725 1837 1602
f 1872 1866 1873
f 1712 1530 1760
f 489 1799 216
f 1760 861 1750
f 2068 2466 2460
f 1696 2159 2168
f 377 1377 1280
f 1797 1676 1572
f 1581 2053 1572
f 1676 1581 1572
f 1764 2498 2468
f 2468 2498 1994
f 1861 1695 1860
f 2481 2004 2495
f 1826 1677 1523
f 1670 1739 852
f 2234 2269 2253
f 1724 1543 1678
f 1658 2168 1791
f 1397 1747 1719
f 1696 2168 1658
f 979 519 272
f 1774 1975 1679
f 975 1671 932
f 1787 1716 1682
f 1835 1826 1747
f 2501 2469 961
f 1810 908 1791
f 1982 1768 191
f 1137 1704 1825
f 1804 1846 1758
f 2004 2044 1737
f 913 1969 902
f 2498 1795 1801
f 915 1844 1712
f 1689 915 1712
f 1740 1752 1541
f 695 661 199
f 1865 1693 1782
f 1824 1464 1809
f 1829 1765 1718
f 1816 1768 1982
f 1816 1622 1768
f 1622 2165 1681
f 1768 1622 1681
f 670 1772 228
f 1283 1459 52
f 1785 1444 1749
f 1675 1075 1685
f 1567 1781 1704
f 1858 1857 1848
f 1526 1752 1688
f 1791 2160 1810
f 908 1658 1791
f 1813 1773 1558
f 1845 1792 1530
f 69 376 165
f 3 1832 1834
f 1722 1516 1507
f 1801 1821 1994
f 1833 1982 2046
f 1821 1833 2046
f 1833 1816 1982
f 1022 1785 1749
f 2160 2170 1810
f 1147 1719 1726
f 1683 1840 1507
f 1467 1719 1793
f 1795 1802 1801
f 1802 1811 1801
f 1801 1811 1821
f 1690 2165 1622
f 1934 1480 1925
f 229 1468 1091
f 1780 2164 1742
f 1672 1742 858
f 1833 1417 1816
f 1417 1622 1816
f 1831 2165 1690
f 1668 1663 1558
f 1719 1747 1826
f 1760 1750 1664
f 1817 1690 1622
f 1530 1792 1777
f 948 1796 1802
f 1796 1811 1802
f 1515 1817 1622
f 1695 1861 1831
f 1783 1663 1658
f 1749 1410 1022
f 854 1796 948
f 1811 1842 1833
f 1821 1811 1833
f 1833 1842 1417
f 1622 1417 1515
f 127 1804 1845
f 1686 1626 1837
f 1608 1690 1817
f 1523 1775 1762
f 127 1845 1836
f 1812 1805 1708
f 1523 1677 1775
f 1780 1772 670
f 1758 1754 1792
f 1204 1796 854
f 1822 1842 1811
f 1608 1831 1690
f 1822 1811 1796
f 1842 1416 1417
f 1417 1416 1515
f 1515 1608 1817
f 1728 1831 1608
f 908 1783 1658
f 127 1836 316
f 1805 1148 1824
f 852 1745 1672
f 1478 1093 1928
f 1822 1843 1842
f 1843 959 1842
f 1842 959 1416
f 1728 1695 1831
f 1728 1860 1695
f 2346 446 2337
f 1602 1837 861
f 1087 1096 1835
f 1708 1824 1809
f 2004 1737 505
f 1567 1748 1781
f 520 1543 1883
f 1760 1664 1712
f 128 1336 72
f 2053 1883 1543
f 1822 180 1843
f 1786 1608 1515
f 929 2462 519
f 512 2402 506
f 1212 1703 1683
f 1830 1829 1739
f 2053 1543 1771
f 1416 1769 1515
f 1769 1786 1515
f 1786 1728 1608
f 1712 1808 1689
f 1794 1558 1783
f 1497 1735 1776
f 1127 1567 1137
f 1123 1748 1567
f 36 205 1185
f 959 1734 1416
f 1738 1733 1541
f 1774 1762 1974
f 1752 1554 1541
f 1752 1740 1688
f 1526 1875 1554
f 1468 1829 1830
f 1755 908 1810
f 1716 1599 1814
f 1806 1780 1742
f 2308 2349 2340
f 1832 915 1689
f 1713 1468 1830
f 1814 1599 1346
f 1832 1689 1766
f 1022 1684 1785
f 1093 1153 1116
f 1672 678 1742
f 1675 1685 1093
f 1841 1743 1722
f 1814 2053 1581
f 1464 1746 1809
f 2485 2497 2493
f 1416 1734 1769
f 1665 1728 1786
f 1665 1951 1728
f 1951 1860 1728
f 1951 2094 1860
f 1844 1836 1818
f 316 1836 1844
f 1776 1531 1787
f 1719 1826 1793
f 2147 1401 29
f 2111 2121 1548
f 1741 1259 1779
f 1843 347 1834
f 1843 1734 959
f 1766 1769 1734
f 957 1766 1734
f 1766 1786 1769
f 1766 1689 1786
f 1689 1665 1786
f 1754 1691 1777
f 1507 1840 1790
f 1761 1470 1461
f 1523 1679 1793
f 1091 1468 1098
f 1820 1730 1838
f 1843 1834 1734
f 1808 1951 1665
f 1588 1727 1531
f 893 915 1832
f 1523 1774 1679
f 272 2488 710
f 1093 1116 1675
f 2340 2349 2348
f 1832 1734 1834
f 1832 957 1734
f 1951 1808 2094
f 1685 1692 1505
f 1043 295 698
f 2143 1779 2121
f 1689 1808 1665
f 1693 1714 1763
f 1738 2157 1516
f 1114 1921 236
f 1268 1333 1520
f 1149 1108 431
f 508 2144 1912
f 1957 1108 1537
f 431 1108 1957
f 1018 1108 2167
f 1338 1957 1681
f 2163 1957 1338
f 1983 1390 2093
f 30 557 37
f 1714 2173 2172
f 1983 1984 1390
f 1984 2065 1390
f 884 1762 897
f 2065 1984 1214
f 1950 1974 1762
f 884 1950 1762
f 2012 1698 1861
f 1214 2116 803
f 1950 1938 1974
f 1938 1967 1974
f 1900 1761 1461
f 865 1929 884
f 884 1929 1950
f 2062 2071 2042
f 919 1985 1732
f 1593 502 2146
f 1995 1213 2098
f 1522 2476 1651
f 2174 1849 2175
f 1480 1989 1499
f 1929 1938 1950
f 1605 2058 1574
f 2097 1605 2133
f 1912 2014 1886
f 2092 2082 2083
f 206 1930 505
f 2101 2100 2092
f 2073 2101 2092
f 839 1910 865
f 1910 1901 1929
f 865 1910 1929
f 1967 1788 1975
f 2073 2092 2063
f 2101 1593 2100
f 2015 1876 1698
f 1853 1884 2014
f 1831 1698 2165
f 1316 273 81
f 1901 1920 1929
f 1929 1920 1938
f 1920 1968 1967
f 1938 1920 1967
f 1849 2174 1700
f 2173 1700 2174
f 2062 2072 2091
f 803 2467 2059
f 2239 1736 2240
f 1505 1357 1685
f 1358 1686 1476
f 1967 1968 1788
f 1968 1969 1788
f 2065 2110 2156
f 2065 1214 2110
f 2110 1214 503
f 273 2093 1018
f 273 1983 2093
f 532 1886 2155
f 2034 2021 1947
f 216 1810 585
f 1912 543 2014
f 1390 2051 1537
f 1872 1873 1910
f 1984 2045 1214
f 597 1912 1886
f 1593 2146 2100
f 2071 2062 2090
f 2034 2046 1982
f 2034 1947 2046
f 1214 2045 2116
f 1873 1887 1910
f 1887 1901 1910
f 1562 1447 1106
f 2163 431 1957
f 1948 1972 1936
f 1972 1948 1992
f 2014 2015 2013
f 1853 2014 2013
f 1550 1884 1853
f 1947 2468 1994
f 1355 1550 2154
f 1355 1884 1550
f 2081 2108 2128
f 2024 1965 1492
f 2024 2032 1965
f 2116 1604 803
f 1901 1911 1920
f 1939 1968 1920
f 1911 1939 1920
f 872 1626 1666
f 2062 2091 2120
f 1819 1927 1759
f 1021 1674 1780
f 872 1673 1756
f 1550 501 2171
f 1378 1550 2171
f 2146 2162 2145
f 1358 482 192
f 2109 2120 2119
f 1866 1872 2227
f 1391 2012 1860
f 2136 2137 2161
f 2162 1661 236
f 1887 1894 1901
f 1901 1894 1911
f 505 1707 206
f 2120 2137 2136
f 2142 2164 1674
f 1860 2012 1861
f 1894 1939 1911
f 2080 2060 2118
f 2162 236 508
f 2164 1815 1742
f 1018 2093 1537
f 2154 1378 2161
f 2041 2098 2491
f 2043 2042 2032
f 1108 1018 1537
f 1465 2094 1808
f 502 1643 1661
f 2467 1618 1656
f 2119 2136 2135
f 2119 2108 2071
f 878 1183 1195
f 2101 1594 1593
f 2033 2370 2063
f 2482 2491 2098
f 1282 2406 1275
f 2003 1948 1956
f 2043 2032 2024
f 2025 2043 2024
f 2154 1550 1378
f 1795 2498 1764
f 2142 1548 2164
f 2431 2454 2422
f 1981 2011 1993
f 2349 2391 2362
f 502 2162 2146
f 2025 2024 2360
f 2129 2120 2091
f 1732 1985 2007
f 2171 1308 209
f 1930 1995 2041
f 1390 1238 2051
f 1866 1878 1887
f 1878 1894 1887
f 1965 2032 2011
f 874 2480 2492
f 2071 2108 2069
f 1358 1731 482
f 430 2021 2034
f 1965 2003 1964
f 1855 1889 831
f 1668 1773 2150
f 1390 2156 1238
f 898 869 1903
f 2391 2407 2362
f 2121 2111 2074
f 1548 1259 2164
f 2099 2129 2091
f 1550 1853 501
f 1853 1852 501
f 952 2017 969
f 2085 2121 2074
f 2130 2006 1391
f 2144 1367 543
f 2100 2146 2099
f 1545 1319 113
f 1903 1922 898
f 1922 1931 898
f 585 2170 1641
f 2007 2017 952
f 2017 2074 969
f 1558 1753 1813
f 837 2005 1517
f 2005 2006 2130
f 1532 1474 1528
f 2003 1981 1948
f 2070 2071 2069
f 1922 919 1931
f 2017 2085 2074
f 2085 2104 2121
f 2100 2099 2082
f 2156 2110 2034
f 505 2474 2004
f 1903 871 1922
f 1922 1952 919
f 919 1952 1985
f 1985 2001 2007
f 2001 2036 2017
f 2007 2001 2017
f 2017 2036 2085
f 2036 2047 2085
f 2047 2075 2085
f 2075 2104 2085
f 1948 1993 2023
f 2400 2422 2407
f 2011 2070 1993
f 2033 2043 2025
f 2012 2015 1698
f 1876 1338 2165
f 871 1940 1922
f 1985 1976 2001
f 2121 2104 2143
f 1051 1413 1456
f 2358 1362 2379
f 1859 1789 1870
f 2090 2109 2071
f 1405 1398 1885
f 1886 1884 1355
f 1922 1960 1952
f 1952 1960 1985
f 1960 1976 1985
f 1956 1948 1936
f 2135 209 2128
f 2157 1875 1212
f 2160 2168 2169
f 1900 1461 1918
f 2001 2018 2036
f 2075 2086 2104
f 2111 2142 2103
f 1937 1956 1936
f 2023 2070 2061
f 2135 2128 2108
f 2042 2071 2011
f 2138 413 2383
f 2033 2072 2043
f 1922 1940 1960
f 2070 2069 2061
f 2069 2108 2061
f 2108 2119 2135
f 1855 1904 1889
f 1889 1904 871
f 871 1904 1940
f 1976 2018 2001
f 2036 2018 2047
f 2122 2143 2104
f 216 1642 489
f 2148 984 2143
f 1975 1974 1967
f 2157 1683 1516
f 1614 1593 1594
f 2269 2270 2276
f 1926 2147 29
f 2082 2091 2072
f 430 503 2059
f 1904 1905 1940
f 1940 1961 1960
f 1961 1976 1960
f 2087 2086 2075
f 2065 2156 1390
f 1820 1838 1900
f 534 1308 837
f 2167 273 1018
f 831 1850 1855
f 2019 2037 2018
f 2018 2037 2047
f 2037 2075 2047
f 2086 2095 2104
f 2095 2122 2104
f 2122 2148 2143
f 1926 1213 1995
f 1405 1885 1761
f 2006 2013 2012
f 2211 2233 2216
f 1855 1890 1904
f 1904 1895 1905
f 1905 1932 1940
f 1961 1977 1976
f 1976 1986 2018
f 2484 2476 1518
f 1870 1411 1859
f 1548 2142 2111
f 1904 1890 1895
f 1895 1932 1905
f 1940 1932 1961
f 1976 1977 1986
f 1986 2008 2018
f 2018 2008 2019
f 2087 2075 2037
f 2087 2095 2086
f 2094 1391 1860
f 1852 1853 2006
f 1853 2013 2006
f 929 979 850
f 1855 1874 1890
f 2008 2028 2019
f 1993 2070 2023
f 1705 1799 1998
f 1491 2147 206
f 1851 1856 1855
f 1895 1890 1874
f 2038 2019 2028
f 2038 2048 2037
f 2019 2038 2037
f 2048 2067 2087
f 2037 2048 2087
f 2087 2067 2095
f 2095 2149 2122
f 2149 2148 2122
f 1308 2005 837
f 209 1308 1387
f 1601 2102 1927
f 254 170 201
f 1800 1403 1763
f 1510 1346 1740
f 870 871 1903
f 1919 1650 1619
f 2148 1667 1753
f 1932 1923 1961
f 1977 1953 1986
f 2067 2112 2095
f 2112 2149 2095
f 2148 2149 1667
f 2422 2421 2407
f 1926 2026 1213
f 1912 2144 543
f 2128 1387 2153
f 1733 1510 1740
f 990 853 2489
f 503 1214 803
f 1921 431 2163
f 2146 2145 2129
f 2144 1921 2163
f 1855 1856 1874
f 1895 1923 1932
f 1923 1941 1961
f 1961 1941 1977
f 2048 2076 2067
f 2076 2113 2067
f 2067 2113 2112
f 1723 1900 1937
f 1870 1900 1723
f 1367 2163 1338
f 520 1346 1510
f 1698 1831 1861
f 1984 1919 2045
f 1895 1891 1923
f 2008 1986 2028
f 1948 1981 1993
f 1883 1346 520
f 1883 1814 1346
f 1930 206 2147
f 2499 2486 1447
f 1891 1906 1923
f 1923 1953 1941
f 1953 1977 1941
f 1953 1987 1986
f 2113 2123 2112
f 2123 2149 2112
f 1387 1308 1226
f 1599 1688 1346
f 2093 1390 1537
f 2003 2011 1981
f 1987 2028 1986
f 2038 2049 2048
f 2048 2049 2076
f 1813 1667 2149
f 2123 1813 2149
f 1461 1469 1964
f 1757 1510 1743
f 505 1930 1999
f 2223 1784 1789
f 1532 1522 1651
f 1906 1913 1923
f 1913 1943 1923
f 1943 1942 1923
f 1923 1942 1953
f 1942 1987 1953
f 1308 1852 2005
f 2053 1814 1883
f 1733 1740 1541
f 2154 1886 1355
f 1503 1528 1474
f 1874 1879 1895
f 1895 1879 1891
f 2076 2124 2113
f 2113 2124 2123
f 1896 1891 1879
f 1891 1896 1906
f 1942 1962 1987
f 1962 2009 2028
f 1987 1962 2028
f 2009 2038 2028
f 2109 2119 2071
f 1918 1956 1937
f 1851 1864 1856
f 1896 1897 1906
f 1906 1897 1913
f 1943 1962 1942
f 2049 2077 2076
f 2124 2125 2123
f 1930 2147 1926
f 1902 1894 1878
f 482 1510 1757
f 2129 2137 2120
f 503 803 2059
f 1847 1857 1851
f 1851 1857 1864
f 2039 2038 2009
f 2038 2039 2049
f 2076 2077 2124
f 2150 1813 2123
f 482 520 1510
f 1994 1821 2046
f 2044 2004 1764
f 1864 1867 1856
f 1867 1874 1856
f 1897 1944 1913
f 1943 1944 1962
f 2124 2126 2125
f 2150 2123 2125
f 2099 2146 2129
f 2041 1995 2098
f 1605 1641 2151
f 1847 1959 1857
f 1874 1867 1879
f 1913 1944 1943
f 1944 1963 1962
f 2077 2096 2124
f 2096 2126 2124
f 2126 2150 2125
f 941 1650 1919
f 2135 2136 209
f 1884 1886 2014
f 2049 2029 2077
f 1388 2127 1389
f 1389 2127 1566
f 1930 1926 1995
f 941 1919 1316
f 2110 503 430
f 1867 1880 1879
f 1879 1880 1896
f 1897 1907 1944
f 1963 1978 1962
f 1962 1978 2009
f 2039 2029 2049
f 2077 2078 2096
f 822 823 827
f 2166 1668 2150
f 81 941 1316
f 2204 2216 2203
f 2011 2071 2070
f 1880 1892 1896
f 1892 1907 1897
f 1896 1892 1897
f 1907 1914 1944
f 1978 2010 2009
f 2010 2039 2009
f 1688 1740 1346
f 1789 1820 1870
f 2130 1391 2094
f 1944 1945 1963
f 2029 2078 2077
f 1767 2150 2126
f 1767 2166 2150
f 803 2022 2467
f 1503 1927 2102
f 1914 1954 1944
f 1944 1954 1945
f 1963 1970 1978
f 2078 2105 2096
f 2105 2126 2096
f 1965 2011 2003
f 192 1626 1358
f 2101 1559 1594
f 1930 2041 1999
f 1698 1876 2165
f 1398 1871 891
f 2165 1338 1681
f 1970 2010 1978
f 2010 2030 2029
f 2039 2010 2029
f 2030 2055 2078
f 2029 2030 2078
f 1849 1848 2175
f 1871 1862 891
f 543 2015 2014
f 1857 1858 1864
f 1864 1858 1867
f 1963 1945 1970
f 2055 2088 2078
f 2078 2088 2105
f 2105 2131 2126
f 2126 2131 1767
f 2063 2083 2033
f 2161 2171 209
f 2032 2042 2011
f 1813 2150 1773
f 1914 1908 1954
f 1970 1979 2010
f 2088 2131 2105
f 2015 543 1876
f 1694 1692 1048
f 1395 2207 1859
f 1395 1393 2207
f 1730 1784 1736
f 2500 2466 2470
f 1709 1701 1757
f 1945 1979 1970
f 2030 2050 2055
f 2350 2317 2286
f 2154 2155 1886
f 871 860 1889
f 2161 209 2136
f 2497 2463 2493
f 2190 2204 2203
f 1800 2179 1404
f 2477 2469 1385
f 1385 1715 2477
f 2128 209 1387
f 1858 1868 1867
f 1867 1881 1880
f 1893 1892 1880
f 1881 1893 1880
f 1893 1907 1892
f 1907 1908 1914
f 1954 1979 1945
f 1979 1980 2010
f 2131 2159 1767
f 1765 93 339
f 1761 1877 1405
f 523 1347 515
f 1541 2157 1738
f 2144 2163 1367
f 1380 1389 1566
f 2317 2392 2316
f 1994 2498 1801
f 1867 1868 1881
f 1980 2050 2030
f 2010 1980 2030
f 2050 2089 2055
f 2055 2089 2088
f 2088 2114 2131
f 1538 1651 1659
f 2145 2155 2129
f 2140 29 1928
f 2370 2033 2025
f 2252 2239 2240
f 2239 2252 1862
f 2392 2391 2316
f 2469 2501 1385
f 2477 1715 1710
f 502 1614 1643
f 2438 1227 2431
f 1915 1907 1893
f 1915 1908 1907
f 1954 1908 1979
f 1908 1988 1979
f 1979 1988 1980
f 2114 2159 2131
f 2155 2154 2129
f 508 1966 2144
f 872 1756 1626
f 1710 1715 1505
f 236 1966 508
f 2272 2284 1398
f 2325 2355 2319
f 1548 2121 1779
f 1532 1528 1522
f 1980 2056 2050
f 2050 2056 2089
f 2013 2015 2012
f 1964 2003 1956
f 2006 2012 1391
f 1565 1927 1503
f 2244 2243 2226
f 5 1715 1385
f 1858 1848 1868
f 1915 1946 1908
f 1946 1988 1908
f 1980 2020 2056
f 2115 2159 2114
f 2092 2083 2063
f 1398 2284 1687
f 2162 2155 2145
f 519 2475 2488
f 2158 5 1385
f 5 1505 1715
f 1692 1694 1505
f 1988 2020 1980
f 2115 2169 2159
f 2169 2168 2159
f 2083 2082 2072
f 1316 1984 1983
f 1488 1619 1650
f 2083 2072 2033
f 2361 1210 1233
f 1933 1946 1915
f 2056 2079 2089
f 2088 2115 2114
f 2099 2091 2082
f 2162 532 2155
f 1852 2006 2005
f 2023 2061 2052
f 2176 2184 2175
f 2162 985 532
f 1909 1893 1881
f 1909 1915 1893
f 1988 2040 2020
f 2040 2056 2020
f 2089 2079 2088
f 2088 2079 2115
f 1782 1444 1882
f 1216 1215 2320
f 867 1939 1894
f 867 903 1939
f 1372 2398 1379
f 1863 504 2027
f 2158 1385 504
f 1868 1782 1881
f 1909 1933 1915
f 2040 1988 1946
f 1481 2024 1492
f 2120 2136 2119
f 1522 1528 1518
f 1871 1398 1405
f 1221 1408 1399
f 1357 5 2158
f 2179 1800 1763
f 1868 1865 1782
f 1882 1881 1782
f 1882 1909 1881
f 2040 2057 2056
f 2106 2079 2056
f 2057 2106 2056
f 2106 2132 2079
f 2132 2115 2079
f 2115 2132 2169
f 532 985 597
f 2092 2100 2082
f 1210 1221 1399
f 1399 1233 1210
f 2130 2002 1517
f 1849 1865 1868
f 1933 2040 1946
f 52 1269 30
f 1667 1813 1753
f 1997 1380 1673
f 940 1008 1088
f 1947 1994 2046
f 1882 1916 1909
f 1924 1933 1909
f 1533 2040 1933
f 1533 1534 2040
f 2058 2040 1534
f 2058 2057 2040
f 1238 191 1768
f 1997 1389 1380
f 1875 1541 1554
f 1854 504 1863
f 1854 2158 504
f 2396 1275 2406
f 2426 2443 153
f 1916 1924 1909
f 1925 1935 1934
f 1870 1723 1426
f 2058 2097 2057
f 2097 2106 2057
f 2132 2151 2169
f 2151 2160 2169
f 1106 1635 1562
f 1957 1768 1681
f 1957 2051 1768
f 526 535 33
f 1614 1594 1609
f 2233 2229 2216
f 2496 2027 2084
f 2496 1863 2027
f 2117 1854 1863
f 2016 2158 1854
f 2016 1504 1357
f 2158 2016 1357
f 1114 236 1661
f 2129 2154 2137
f 2133 2106 2097
f 2491 1999 2041
f 2051 1238 1768
f 2061 2108 2081
f 2189 2195 2186
f 2348 2349 2362
f 1701 192 482
f 505 1737 1707
f 2133 2132 2106
f 2132 2133 2151
f 2151 2170 2160
f 502 1661 2162
f 1998 1389 1997
f 2297 2352 2329
f 2352 2364 2329
f 2394 2414 2364
f 2352 2394 2364
f 2402 512 2415
f 2255 2254 2243
f 2446 1365 2456
f 2271 2282 2298
f 846 2283 2264
f 2293 2310 2318
f 2254 2295 2294
f 2283 2290 2278
f 2270 2294 2293
f 2423 2455 2400
f 2281 2287 2267
f 2190 2191 2204
f 2271 2263 2282
f 2334 2329 2364
f 2424 2432 2409
f 2282 2263 2298
f 1409 1659 1958
f 2263 2302 2298
f 2297 2329 2296
f 1256 446 2346
f 1958 2502 2478
f 2437 2399 2444
f 263 2366 2359
f 849 827 823
f 2311 2325 2290
f 2499 2379 2434
f 2446 2456 2423
f 947 2358 2379
f 2499 947 2379
f 2205 2195 2212
f 2245 2237 2227
f 2245 2256 2237
f 2256 2263 2271
f 556 571 2305
f 1528 2068 1518
f 2424 2439 2432
f 2302 2352 2297
f 1866 2237 826
f 2248 2242 2211
f 2334 2364 2363
f 2235 2244 2226
f 2255 2295 2254
f 2329 2324 2296
f 2439 2447 1973
f 2329 2334 2324
f 2409 2432 2414
f 2293 2318 2276
f 866 2425 2416
f 1487 1493 2372
f 2237 2231 2230
f 2415 512 17
f 2035 1236 26
f 921 2138 688
f 2491 2482 2462
f 6 181 197
f 2481 948 1795
f 2138 2383 2382
f 2377 2394 2352
f 2377 506 2394
f 2394 506 2402
f 2401 2402 2415
f 2394 2402 2401
f 2318 2326 2276
f 2439 2457 2432
f 2298 2302 2297
f 2244 2249 2243
f 2404 1100 2382
f 2238 2245 2227
f 2245 2257 2256
f 2257 2263 2256
f 2324 2334 2328
f 2257 2289 2263
f 2289 2302 2263
f 2236 2231 2250
f 2138 2382 688
f 2383 2404 2382
f 1100 2404 2343
f 2353 2352 2302
f 2353 2377 2352
f 2237 2230 2220
f 2335 2355 2325
f 2308 2340 2315
f 2253 2269 2276
f 2311 2335 2325
f 2439 2424 511
f 2268 2267 2248
f 2383 413 2404
f 123 971 832
f 2234 2243 2269
f 2225 2213 2234
f 2219 2213 2225
f 2195 2196 2212
f 1544 2418 1549
f 413 866 2404
f 2404 866 2416
f 2416 2417 2404
f 2404 2417 2343
f 2415 2409 2401
f 2196 2219 2212
f 2268 2248 2218
f 2206 2214 2197
f 2417 2332 2343
f 2343 2332 832
f 2330 2302 2289
f 2330 2353 2302
f 2453 2454 515
f 2218 2248 2217
f 2218 2217 2205
f 2276 2281 2268
f 2178 2197 2177
f 2197 2189 2177
f 2332 2066 832
f 832 2066 123
f 2231 2236 2230
f 669 950 1144
f 2217 2211 2199
f 1216 1209 1217
f 2066 2365 123
f 2230 2226 2214
f 2290 2325 2304
f 2325 2319 2304
f 2217 2248 2211
f 2191 2192 2199
f 510 525 2035
f 2417 1917 2332
f 2332 1917 2066
f 2408 2413 2341
f 2248 2267 2242
f 2326 2333 2281
f 1340 2365 2066
f 2440 1302 1340
f 2226 2230 2235
f 1153 1163 1116
f 2431 2455 2438
f 2416 2425 2417
f 2495 2474 2462
f 2290 2304 2277
f 825 2227 1872
f 151 239 1038
f 9 151 1038
f 545 928 2381
f 2440 2406 1384
f 928 1596 2381
f 2186 2188 2185
f 2456 26 1888
f 2287 2333 2262
f 2425 2342 2417
f 2342 1917 2417
f 1917 877 2066
f 2336 1340 2066
f 2336 2440 1340
f 2328 2351 2327
f 825 2238 2227
f 2351 2368 2327
f 1222 2388 1211
f 678 756 734
f 428 263 1343
f 2188 2191 2190
f 2341 2376 2333
f 2066 877 2336
f 2290 2277 2278
f 739 634 592
f 675 304 14
f 2384 675 14
f 2199 2211 2204
f 2191 2199 2204
f 2322 2318 2310
f 2287 2262 2233
f 2185 2188 2184
f 2386 2425 845
f 2384 572 675
f 1128 123 2365
f 832 971 2343
f 2188 2186 2191
f 2185 2184 2176
f 2345 1917 2342
f 2345 877 1917
f 2336 2406 2440
f 971 1100 2343
f 2299 2289 2257
f 2299 2303 2289
f 2249 2255 2243
f 506 513 512
f 2437 955 1219
f 1587 2398 1324
f 877 2396 2336
f 2336 2396 2406
f 2463 2479 879
f 2376 2412 2350
f 2281 2267 2268
f 2303 2330 2289
f 624 635 159
f 1996 2356 1561
f 2449 2436 1996
f 2356 2054 2451
f 928 2398 1587
f 2333 2350 2262
f 2035 26 2456
f 2346 2342 2425
f 2346 2345 2342
f 1544 2380 2418
f 2412 2392 2350
f 622 509 1151
f 2436 2054 1996
f 545 2451 928
f 2326 2341 2333
f 2346 2425 2386
f 1365 2035 2456
f 2369 2377 2353
f 2369 506 2377
f 2451 900 928
f 900 2398 928
f 1235 1888 1244
f 2337 2345 2346
f 877 772 2396
f 772 1275 2396
f 2432 2446 2414
f 2294 2295 2310
f 2369 2330 828
f 2418 2419 2436
f 2450 2429 2436
f 2436 2429 2054
f 2490 2494 1656
f 1321 155 2338
f 1256 2346 2386
f 2448 877 2345
f 877 2448 772
f 2446 2423 2414
f 2351 2334 2363
f 2243 2254 2269
f 2380 2419 2418
f 2419 2450 2436
f 2283 2278 2264
f 822 2197 823
f 1008 1759 1565
f 2448 2345 2337
f 2270 2293 2276
f 2323 2324 2328
f 2429 1012 2054
f 2226 2243 2213
f 2395 325 772
f 2370 2367 2380
f 2054 2435 2451
f 2435 2397 2451
f 2451 2397 900
f 1774 1974 1975
f 2305 2290 2283
f 846 2305 2283
f 2320 1215 2285
f 2139 2448 2337
f 2448 2395 772
f 1232 1231 1216
f 2272 2285 2284
f 2367 2371 2380
f 2371 2405 2380
f 2380 2405 2419
f 2419 2429 2450
f 2429 176 1012
f 2397 2373 900
f 2373 2398 900
f 2373 1379 2398
f 2372 1500 1508
f 1133 1303 1142
f 2252 2273 2272
f 891 2252 2272
f 2419 2405 2429
f 2405 2430 2429
f 2429 2430 176
f 2189 2186 2181
f 2212 2219 2218
f 2312 2139 2337
f 2139 2384 2448
f 2448 2384 2395
f 899 855 843
f 2272 2273 2285
f 2331 2303 2299
f 176 2435 2054
f 1012 176 2054
f 2177 2185 2176
f 2218 2219 2225
f 1216 1220 1215
f 2378 2139 2312
f 2384 14 2395
f 2324 2295 2255
f 2240 2273 2252
f 2371 2387 2405
f 2410 2430 2405
f 2430 2442 176
f 2435 2344 2397
f 2397 2344 2373
f 2456 1888 2455
f 2242 2267 2233
f 2233 2262 2229
f 2378 2384 2139
f 2323 2310 2295
f 2323 2322 2310
f 2240 2274 2273
f 974 841 990
f 2490 1447 2486
f 2387 2410 2405
f 2442 2141 176
f 2344 1778 2373
f 972 1379 2373
f 1778 972 2373
f 1379 972 428
f 1211 2437 1223
f 1228 1215 1220
f 702 2378 2312
f 17 518 2415
f 1888 26 1244
f 2324 2323 2295
f 2305 2311 2290
f 2307 2285 2273
f 2274 2307 2273
f 2307 2320 2285
f 2369 531 506
f 2435 2258 2344
f 2296 2324 2288
f 1233 1217 2361
f 2360 2371 2367
f 2410 2442 2430
f 176 2141 2258
f 176 2258 2435
f 539 2331 66
f 2350 2392 2317
f 2268 2225 2253
f 1508 1500 2371
f 2360 1508 2371
f 2371 1500 2387
f 972 2366 428
f 1626 1686 1358
f 1759 1807 1819
f 2277 2257 2245
f 2277 2299 2257
f 1784 2228 1736
f 2265 2240 1736
f 2228 2265 1736
f 2265 2274 2240
f 1209 2320 2307
f 2320 1209 1216
f 1555 1584 1560
f 2387 1500 2372
f 2410 2420 2442
f 2433 972 1778
f 2433 2366 972
f 955 522 1225
f 2339 2307 2274
f 2372 1493 2387
f 2411 2420 2410
f 2420 954 2442
f 2442 954 2141
f 2344 2433 1778
f 2205 2212 2218
f 2328 2334 2351
f 2394 2401 2414
f 2250 2256 2271
f 2339 1209 2307
f 2328 2322 2323
f 866 845 2425
f 3 316 893
f 2387 2411 2410
f 2441 2141 954
f 2141 2441 2258
f 2354 2433 2344
f 2254 2294 2270
f 2269 2254 2270
f 863 2305 846
f 2441 2354 2258
f 2258 2354 2344
f 2319 2355 51
f 2223 2228 1784
f 1493 2411 2387
f 1560 2449 1555
f 2288 2324 2255
f 825 2251 2238
f 2251 2245 2238
f 1299 84 1312
f 2246 2265 2228
f 2313 2274 2265
f 2313 2339 2274
f 2251 2277 2245
f 2319 51 2331
f 891 1862 2252
f 2443 954 2420
f 2443 2441 954
f 511 2447 2439
f 2242 2233 2211
f 188 15 814
f 2443 2426 2441
f 2426 2354 2441
f 2306 2403 2433
f 2433 2403 2366
f 539 2303 2331
f 2246 2228 2223
f 1030 1819 1807
f 2354 2306 2433
f 2413 2412 2376
f 2438 2455 1888
f 1848 1857 2176
f 2207 2208 2223
f 2208 2246 2223
f 1209 2339 1217
f 2339 2361 1217
f 1221 1210 2388
f 554 109 78
f 386 1375 95
f 2327 2326 2318
f 2179 2182 1393
f 2182 2208 1393
f 1393 2208 2207
f 2361 2399 2388
f 2388 2399 1211
f 2306 2354 2426
f 2403 2359 2366
f 2214 2226 2213
f 2268 2253 2276
f 889 2200 2179
f 2200 2182 2179
f 2200 2221 2182
f 2221 2208 2182
f 2314 2265 2246
f 2314 2313 2265
f 2339 2374 2361
f 2478 2434 2379
f 2205 2217 2199
f 2208 2259 2246
f 2259 2275 2246
f 2314 2321 2313
f 2313 2347 2339
f 2347 2374 2339
f 2374 2399 2361
f 153 154 2426
f 154 2306 2426
f 2385 2359 2403
f 2221 2259 2208
f 2306 2357 2403
f 2357 2385 2403
f 2237 2256 2231
f 2172 2180 889
f 2180 2200 889
f 2200 2201 2221
f 2246 2291 2314
f 2374 2444 2399
f 571 555 2311
f 2192 2205 2199
f 2173 2180 2172
f 2279 2246 2275
f 2279 2291 2246
f 2292 2314 2291
f 2321 2362 2313
f 2362 2347 2313
f 2347 2389 2374
f 2444 955 2437
f 2292 2291 2279
f 2452 2444 2374
f 2054 2356 1996
f 2338 2306 154
f 2186 2192 2191
f 2193 2201 2200
f 2259 2221 2201
f 2247 2259 2201
f 2452 955 2444
f 2278 2277 2251
f 2338 2357 2306
f 2181 2186 2185
f 2276 2326 2281
f 2432 2457 2446
f 2198 2201 2193
f 2198 2232 2201
f 2232 2247 2201
f 2389 2452 2374
f 2452 1630 955
f 1403 1749 1444
f 1555 1996 1561
f 2357 2427 2385
f 2385 2428 230
f 2409 2415 2424
f 2304 2331 2299
f 2193 2200 2180
f 2445 2452 2389
f 1565 1759 1927
f 2380 1544 2370
f 2338 2427 2357
f 2427 2428 2385
f 230 222 253
f 2202 2198 2193
f 2202 2209 2198
f 2209 2241 2198
f 2241 2232 2198
f 2266 2275 2259
f 2365 1340 1128
f 2415 518 2424
f 2338 170 2427
f 170 2428 2427
f 2181 2185 2177
f 2196 2195 2189
f 2183 2193 2180
f 2453 1630 2452
f 2197 2214 2189
f 2401 2409 2414
f 822 2220 2197
f 1210 2361 2388
f 2187 2193 2183
f 2187 2202 2193
f 2266 2279 2275
f 2279 2300 2292
f 2375 2347 2362
f 2375 2390 2347
f 2390 2389 2347
f 2453 2452 2445
f 1347 1630 2453
f 1630 1347 522
f 2220 2206 2197
f 2262 2350 2286
f 170 254 2428
f 2457 1973 2446
f 1973 1365 2446
f 2174 2183 2180
f 2194 2202 2187
f 2222 2241 2209
f 2222 2260 2241
f 2266 2259 2247
f 2390 2445 2389
f 2264 2251 825
f 2363 2368 2351
f 2326 2393 2341
f 1855 1850 1851
f 2210 2209 2202
f 2210 2222 2209
f 2261 2260 2222
f 2280 2279 2266
f 2280 2300 2279
f 251 263 2359
f 2277 2304 2299
f 2220 2230 2206
f 2202 2194 2210
f 2213 2243 2234
f 2328 2327 2322
f 2294 2310 2293
f 2214 2196 2189
f 2196 2213 2219
f 2224 2222 2210
f 2421 2390 2375
f 2206 2230 2214
f 2194 2203 2210
f 2224 2261 2222
f 2421 2445 2390
f 2322 2327 2318
f 2393 2408 2341
f 1365 1973 510
f 2216 2210 2203
f 2216 2224 2210
f 2266 2308 2280
f 2280 2308 2300
f 2407 2421 2375
f 2175 2183 2174
f 2194 2190 2203
f 2454 2445 2421
f 522 1347 523
f 2456 2455 2423
f 823 2197 2178
f 2281 2333 2287
f 2188 2187 2183
f 2188 2190 2194
f 2187 2188 2194
f 2308 2315 2300
f 2407 2375 2362
f 2443 2420 2503
f 2420 2411 2503
f 2411 1493 2503
f 1493 1487 2503
f 1487 1318 2503
f 1318 1320 2503
f 1320 2443 2503
