Loading user config located at: '/home/jingxiang/workspace/agenticsim-runtime/.venv/lib/python3.11/site-packages/isaacsim/kit/data/Kit/Isaac-Sim/5.1/user.config.json'
[Info] [carb] Logging to file: /home/jingxiang/workspace/agenticsim-runtime/.venv/lib/python3.11/site-packages/isaacsim/kit/logs/Kit/Isaac-Sim/5.1/kit_20260713_183203.log
2026-07-13T10:32:03Z [97ms] [Warning] [carb.windowing-glfw.plugin] GLFW initialization failed.
2026-07-13T10:32:03Z [97ms] [Warning] [carb] Failed to startup plugin carb.windowing-glfw.plugin (interfaces: [carb::windowing::IGLContext v1.0],[carb::windowing::IWindowing v1.5]) (impl: carb.windowing-glfw.plugin)
2026-07-13T10:32:03Z [107ms] [Warning] [omni.platforminfo.plugin] failed to open the default display.  Can't verify X Server version.
2026-07-13T10:32:03Z [283ms] [Warning] [carb.windowing-glfw.plugin] GLFW initialization failed.
2026-07-13T10:32:03Z [283ms] [Warning] [carb] Failed to startup plugin carb.windowing-glfw.plugin (interfaces: [carb::windowing::IGLContext v1.0],[carb::windowing::IWindowing v1.5]) (impl: carb.windowing-glfw.plugin)
2026-07-13T10:32:03Z [418ms] [Warning] [gpu.foundation.plugin] Skipping unsupported non-NVIDIA GPU: AMD Ryzen 7 7800X3D 8-Core Processor (RADV RAPHAEL_MENDOCINO)
2026-07-13T10:32:03Z [418ms] [Warning] [gpu.foundation.plugin] Skipping unsupported non-NVIDIA GPU: AMD Ryzen 7 7800X3D 8-Core Processor (RADV RAPHAEL_MENDOCINO)

|---------------------------------------------------------------------------------------------|
| Driver Version: 580.159.03    | Graphics API: Vulkan
|=============================================================================================|
| GPU | Name                             | Active | LDA | GPU Memory | Vendor-ID | LUID       |
|     |                                  |        |     |            | Device-ID | UUID       |
|     |                                  |        |     |            | Bus-ID    |            |
|---------------------------------------------------------------------------------------------|
| 0   | NVIDIA GeForce RTX 5090          | Yes: 0 |     | 32607   MB | 10de      | 0          |
|     |                                  |        |     |            | 2b85      | f854badd.. |
|     |                                  |        |     |            | 1         |            |
|---------------------------------------------------------------------------------------------|
| 1   | AMD Ryzen 7 7800X3D 8-Core Pro.. |        |     | 21476   MB | 1002      | 0          |
|     |                                  |        |     |            | 164e      | 00000000.. |
|     |                                  |        |     |            | 12        |            |
|=============================================================================================|
| OS: 24.04.4 LTS (Noble Numbat) ubuntu, Version: 24.04.4, Kernel: 6.17.0-35-generic
| Processor: AMD Ryzen 7 7800X3D 8-Core Processor
| Cores: 8 | Logical Cores: 16
|---------------------------------------------------------------------------------------------|
| Total Memory (MB): 63405 | Free Memory: 59530
| Total Page/Swap (MB): 62499 | Free Page/Swap: 62499
|---------------------------------------------------------------------------------------------|
2026-07-13T10:32:03Z [685ms] [Warning] [gpu.foundation.plugin] IOMMU is enabled.
2026-07-13T10:32:03Z [685ms] [Warning] [gpu.foundation.plugin] Detected IOMMU is enabled. Running CUDA peer-to-peer bandwidth and latency validation.
Unidirectional P2P=Enabled Bandwidth (P2P Writes) Matrix (GB/s)
   D\D     0 
     0 1511.17 
P2P=Enabled Latency (P2P Writes) Matrix (us)
   GPU     0 
     0   2.07 

   CPU     0 
     0   1.62 
2026-07-13T10:32:04Z [1,083ms] [Warning] [carb.windowing-glfw.plugin] GLFW initialization failed.
2026-07-13T10:32:04Z [1,083ms] [Warning] [carb] Failed to startup plugin carb.windowing-glfw.plugin (interfaces: [carb::windowing::IGLContext v1.0],[carb::windowing::IWindowing v1.5]) (impl: carb.windowing-glfw.plugin)
2026-07-13T10:32:04Z [1,096ms] [Warning] [carb.windowing-glfw.plugin] GLFW initialization failed.
/home/jingxiang/workspace/agenticsim-runtime/.venv/lib/python3.11/site-packages/gymnasium/envs/registration.py:636: UserWarning: [33mWARN: Overriding environment Isaac-Velocity-Flat-Anymal-D-v0 already in registry.[0m
  logger.warn(f"Overriding environment {new_spec.id} already in registry.")
/home/jingxiang/workspace/agenticsim-runtime/.venv/lib/python3.11/site-packages/gymnasium/envs/registration.py:636: UserWarning: [33mWARN: Overriding environment Isaac-Velocity-Flat-Anymal-D-Play-v0 already in registry.[0m
  logger.warn(f"Overriding environment {new_spec.id} already in registry.")
2026-07-13T10:32:04Z [1,096ms] [Warning] [carb] Failed to startup plugin carb.windowing-glfw.plugin (interfaces: [carb::windowing::IGLContext v1.0],[carb::windowing::IWindowing v1.5]) (impl: carb.windowing-glfw.plugin)
2026-07-13T10:32:04Z [1,102ms] [Warning] [carb.windowing-glfw.plugin] GLFW initialization failed.
2026-07-13T10:32:04Z [1,103ms] [Warning] [carb] Failed to startup plugin carb.windowing-glfw.plugin (interfaces: [carb::windowing::IGLContext v1.0],[carb::windowing::IWindowing v1.5]) (impl: carb.windowing-glfw.plugin)
2026-07-13T10:32:04Z [1,115ms] [Warning] [carb.windowing-glfw.plugin] GLFW initialization failed.
2026-07-13T10:32:04Z [1,115ms] [Warning] [carb] Failed to startup plugin carb.windowing-glfw.plugin (interfaces: [carb::windowing::IGLContext v1.0],[carb::windowing::IWindowing v1.5]) (impl: carb.windowing-glfw.plugin)
2026-07-13T10:32:04Z [1,116ms] [Warning] [carb.windowing-glfw.plugin] GLFW initialization failed.
2026-07-13T10:32:04Z [1,116ms] [Warning] [carb] Failed to startup plugin carb.windowing-glfw.plugin (interfaces: [carb::windowing::IGLContext v1.0],[carb::windowing::IWindowing v1.5]) (impl: carb.windowing-glfw.plugin)
2026-07-13T10:32:04Z [1,117ms] [Warning] [carb.windowing-glfw.plugin] GLFW initialization failed.
2026-07-13T10:32:04Z [1,117ms] [Warning] [carb] Failed to startup plugin carb.windowing-glfw.plugin (interfaces: [carb::windowing::IGLContext v1.0],[carb::windowing::IWindowing v1.5]) (impl: carb.windowing-glfw.plugin)
2026-07-13T10:32:04Z [1,206ms] [Warning] [omni.log] Source: omni.hydra was already registered.
2026-07-13T10:32:04Z [1,383ms] [Warning] [carb] Acquiring non optional plugin interface which is not listed as dependency: [omni::physx::IPhysxBenchmarks v1.0] (plugin: <default plugin>), by client: omni.physics.physx.plugin. Add it to CARB_PLUGIN_IMPL_DEPS() macro of a client.
2026-07-13T10:32:04Z [1,394ms] [Warning] [omni.isaac.dynamic_control] omni.isaac.dynamic_control is deprecated as of Isaac Sim 4.5. No action is needed from end-users.
2026-07-13T10:32:06Z [2,782ms] [Warning] [pxr.Semantics] pxr.Semantics is deprecated - please use Semantics instead
2026-07-13T10:32:06Z [2,862ms] [Warning] [omni.graph.core.plugin] Found duplicate of category 'Replicator' - was 'Annotators', adding 'Fabric Reader'
2026-07-13T10:32:06Z [2,862ms] [Warning] [omni.graph.core.plugin] Category 'Replicator' not accepted on node type 'omni.replicator.core.FabricReader' in extension 'omni.replicator.core'
2026-07-13T10:32:06Z [2,863ms] [Warning] [omni.replicator.core.scripts.extension] No material configuration file, adding configuration to material settings directly.
2026-07-13T10:32:09Z [6,244ms] [Warning] [omni.fabric.plugin] Warning: attribute viewPickingId not found for bucket id 7

2026-07-13T10:32:09Z [6,277ms] [Warning] [rtx.postprocessing.plugin] DLSS increasing input dimensions: Render resolution of (480, 270) is below minimal input resolution of 300.
2026-07-13T10:32:10Z [7,129ms] [Warning] [isaaclab.envs.manager_based_env] Seed not set for the environment. The environment creation may not be deterministic.
2026-07-13T10:32:10Z [7,332ms] [Warning] [isaacsim.asset.importer.urdf] The path 深色橡胶_001-effect is not a valid usd path, modifying to a_____________001_effect
2026-07-13T10:32:10Z [7,332ms] [Warning] [isaacsim.asset.importer.urdf] The path 深色橡胶_001-effect is not a valid usd path, modifying to a_____________001_effect
2026-07-13T10:32:10Z [7,332ms] [Warning] [isaacsim.asset.importer.urdf] The path 深色橡胶_003-effect is not a valid usd path, modifying to a_____________003_effect
2026-07-13T10:32:10Z [7,332ms] [Warning] [isaacsim.asset.importer.urdf] The path 黑色足端_005-effect is not a valid usd path, modifying to a_____________005_effect
2026-07-13T10:32:10Z [7,332ms] [Warning] [isaacsim.asset.importer.urdf] The path 黑色足端_007-effect is not a valid usd path, modifying to a_____________007_effect
2026-07-13T10:32:10Z [7,332ms] [Warning] [isaacsim.asset.importer.urdf] The path 深色橡胶_001-effect is not a valid usd path, modifying to a_____________001_effect
2026-07-13T10:32:10Z [7,332ms] [Warning] [isaacsim.asset.importer.urdf] The path 深色橡胶_012-effect is not a valid usd path, modifying to a_____________012_effect
2026-07-13T10:32:10Z [7,332ms] [Warning] [isaacsim.asset.importer.urdf] The path 黑色足端_006-effect is not a valid usd path, modifying to a_____________006_effect
2026-07-13T10:32:10Z [7,332ms] [Warning] [isaacsim.asset.importer.urdf] The path 黑色足端_007-effect is not a valid usd path, modifying to a_____________007_effect
2026-07-13T10:32:10Z [7,332ms] [Warning] [isaacsim.asset.importer.urdf] The path 深色橡胶_001-effect is not a valid usd path, modifying to a_____________001_effect
2026-07-13T10:32:10Z [7,332ms] [Warning] [isaacsim.asset.importer.urdf] The path 深色橡胶_003-effect is not a valid usd path, modifying to a_____________003_effect
2026-07-13T10:32:10Z [7,332ms] [Warning] [isaacsim.asset.importer.urdf] The path 黑色足端_005-effect is not a valid usd path, modifying to a_____________005_effect
2026-07-13T10:32:10Z [7,332ms] [Warning] [isaacsim.asset.importer.urdf] The path 黑色足端_007-effect is not a valid usd path, modifying to a_____________007_effect
2026-07-13T10:32:10Z [7,332ms] [Warning] [isaacsim.asset.importer.urdf] The path 深色橡胶_001-effect is not a valid usd path, modifying to a_____________001_effect
2026-07-13T10:32:10Z [7,332ms] [Warning] [isaacsim.asset.importer.urdf] The path 深色橡胶_012-effect is not a valid usd path, modifying to a_____________012_effect
2026-07-13T10:32:10Z [7,332ms] [Warning] [isaacsim.asset.importer.urdf] The path 黑色足端_006-effect is not a valid usd path, modifying to a_____________006_effect
2026-07-13T10:32:10Z [7,332ms] [Warning] [isaacsim.asset.importer.urdf] The path 黑色足端_007-effect is not a valid usd path, modifying to a_____________007_effect
2026-07-13T10:32:10Z [7,333ms] [Warning] [isaacsim.asset.importer.urdf] link FL_calflower1 has no body properties (mass, inertia, or collisions) and is being merged into FL_calflower
2026-07-13T10:32:10Z [7,333ms] [Warning] [isaacsim.asset.importer.urdf] link FL_calflower has no body properties (mass, inertia, or collisions) and is being merged into FL_calf
2026-07-13T10:32:10Z [7,333ms] [Warning] [isaacsim.asset.importer.urdf] link FR_calflower1 has no body properties (mass, inertia, or collisions) and is being merged into FR_calflower
2026-07-13T10:32:10Z [7,333ms] [Warning] [isaacsim.asset.importer.urdf] link FR_calflower has no body properties (mass, inertia, or collisions) and is being merged into FR_calf
2026-07-13T10:32:10Z [7,333ms] [Warning] [isaacsim.asset.importer.urdf] link RL_calflower1 has no body properties (mass, inertia, or collisions) and is being merged into RL_calflower
2026-07-13T10:32:10Z [7,333ms] [Warning] [isaacsim.asset.importer.urdf] link RL_calflower has no body properties (mass, inertia, or collisions) and is being merged into RL_calf
2026-07-13T10:32:10Z [7,333ms] [Warning] [isaacsim.asset.importer.urdf] link RR_calflower1 has no body properties (mass, inertia, or collisions) and is being merged into RR_calflower
2026-07-13T10:32:10Z [7,333ms] [Warning] [isaacsim.asset.importer.urdf] link RR_calflower has no body properties (mass, inertia, or collisions) and is being merged into RR_calf
2026-07-13T10:32:10Z [7,333ms] [Warning] [isaacsim.asset.importer.urdf] link front_camera has no body properties (mass, inertia, or collisions) and is being merged into base
2026-07-13T10:32:10Z [7,333ms] [Warning] [isaacsim.asset.importer.urdf] link imu has no body properties (mass, inertia, or collisions) and is being merged into base
2026-07-13T10:32:10Z [7,333ms] [Warning] [isaacsim.asset.importer.urdf] link radar has no body properties (mass, inertia, or collisions) and is being merged into base
2026-07-13T10:32:10Z [7,568ms] [Warning] [isaacsim.asset.importer.urdf] FL_foot_joint: Joint Axis is not body aligned with X, Y or Z primary axis. Adjusting PhysX joint alignment to Axis X and reorienting bodies.
2026-07-13T10:32:10Z [7,569ms] [Warning] [omni.usd] Warning: in _ReportErrors at line 3172 of /builds/omniverse/usd-ci/USD/pxr/usd/usd/stage.cpp -- In </go2_description/FL_calf_rotor/visuals>: Unresolved reference prim path @/tmp/IsaacLab/usd_20260713_183210_4253/configuration/go2_description_physics.usd@</visuals/FL_calf_rotor> introduced by @/tmp/IsaacLab/usd_20260713_183210_4253/configuration/go2_description_base.usd@</go2_description/FL_calf_rotor/visuals> (recomposing stage on stage @/tmp/IsaacLab/usd_20260713_183210_4253/configuration/go2_description_physics.usd@ <0x555fe0f624f0>)

2026-07-13T10:32:10Z [7,569ms] [Warning] [omni.usd] Warning: in _ReportErrors at line 3172 of /builds/omniverse/usd-ci/USD/pxr/usd/usd/stage.cpp -- In </go2_description/FL_calf_rotor/visuals>: Unresolved reference prim path @/tmp/IsaacLab/usd_20260713_183210_4253/go2_description.usd@</visuals/FL_calf_rotor> introduced by @/tmp/IsaacLab/usd_20260713_183210_4253/configuration/go2_description_base.usd@</go2_description/FL_calf_rotor/visuals> (recomposing stage on stage @/tmp/IsaacLab/usd_20260713_183210_4253/go2_description.usd@ <0x555fe0f51580>)

2026-07-13T10:32:10Z [7,569ms] [Warning] [omni.usd] Warning: in _ReportErrors at line 3172 of /builds/omniverse/usd-ci/USD/pxr/usd/usd/stage.cpp -- In </go2_description/FL_calf_rotor/visuals>: Unresolved reference prim path @/tmp/IsaacLab/usd_20260713_183210_4253/go2_description.usd@</visuals/FL_calf_rotor> introduced by @/tmp/IsaacLab/usd_20260713_183210_4253/configuration/go2_description_base.usd@</go2_description/FL_calf_rotor/visuals> (recomposing stage on stage @/tmp/IsaacLab/usd_20260713_183210_4253/go2_description.usd@ <0x555fe0f4d990>)

2026-07-13T10:32:10Z [7,569ms] [Warning] [omni.usd] Warning: in _ReportErrors at line 3172 of /builds/omniverse/usd-ci/USD/pxr/usd/usd/stage.cpp -- In </go2_description/FL_calf_rotor/visuals>: Unresolved reference prim path @/tmp/IsaacLab/usd_20260713_183210_4253/configuration/go2_description_base.usd@</visuals/FL_calf_rotor> introduced by @/tmp/IsaacLab/usd_20260713_183210_4253/configuration/go2_description_base.usd@</go2_description/FL_calf_rotor/visuals> (recomposing stage on stage @/tmp/IsaacLab/usd_20260713_183210_4253/configuration/go2_description_base.usd@ <0x555fe0f6ab60>)

2026-07-13T10:32:10Z [7,569ms] [Warning] [omni.usd] Warning: in _ReportErrors at line 3172 of /builds/omniverse/usd-ci/USD/pxr/usd/usd/stage.cpp -- In </go2_description/FL_calf_rotor/visuals>: Unresolved reference prim path @/tmp/IsaacLab/usd_20260713_183210_4253/configuration/go2_description_physics.usd@</visuals/FL_calf_rotor> introduced by @/tmp/IsaacLab/usd_20260713_183210_4253/configuration/go2_description_base.usd@</go2_description/FL_calf_rotor/visuals> (recomposing stage on stage @/tmp/IsaacLab/usd_20260713_183210_4253/configuration/go2_description_physics.usd@ <0x555fe0f624f0>)

2026-07-13T10:32:10Z [7,569ms] [Warning] [omni.usd] Warning: in _ReportErrors at line 3172 of /builds/omniverse/usd-ci/USD/pxr/usd/usd/stage.cpp -- In </go2_description/FL_calf_rotor/visuals>: Unresolved reference prim path @/tmp/IsaacLab/usd_20260713_183210_4253/go2_description.usd@</visuals/FL_calf_rotor> introduced by @/tmp/IsaacLab/usd_20260713_183210_4253/configuration/go2_description_base.usd@</go2_description/FL_calf_rotor/visuals> (recomposing stage on stage @/tmp/IsaacLab/usd_20260713_183210_4253/go2_description.usd@ <0x555fe0f51580>)

2026-07-13T10:32:10Z [7,569ms] [Warning] [omni.usd] Warning: in _ReportErrors at line 3172 of /builds/omniverse/usd-ci/USD/pxr/usd/usd/stage.cpp -- In </go2_description/FL_calf_rotor/visuals>: Unresolved reference prim path @/tmp/IsaacLab/usd_20260713_183210_4253/go2_description.usd@</visuals/FL_calf_rotor> introduced by @/tmp/IsaacLab/usd_20260713_183210_4253/configuration/go2_description_base.usd@</go2_description/FL_calf_rotor/visuals> (recomposing stage on stage @/tmp/IsaacLab/usd_20260713_183210_4253/go2_description.usd@ <0x555fe0f4d990>)

2026-07-13T10:32:10Z [7,569ms] [Warning] [omni.usd] Warning: in _ReportErrors at line 3172 of /builds/omniverse/usd-ci/USD/pxr/usd/usd/stage.cpp -- In </go2_description/FL_calf_rotor/visuals>: Unresolved reference prim path @/tmp/IsaacLab/usd_20260713_183210_4253/configuration/go2_description_base.usd@</visuals/FL_calf_rotor> introduced by @/tmp/IsaacLab/usd_20260713_183210_4253/configuration/go2_description_base.usd@</go2_description/FL_calf_rotor/visuals> (recomposing stage on stage @/tmp/IsaacLab/usd_20260713_183210_4253/configuration/go2_description_base.usd@ <0x555fe0f6ab60>)

2026-07-13T10:32:10Z [7,571ms] [Warning] [omni.usd] Warning: in _ReportErrors at line 3172 of /builds/omniverse/usd-ci/USD/pxr/usd/usd/stage.cpp -- In </go2_description/FL_thigh_rotor/visuals>: Unresolved reference prim path @/tmp/IsaacLab/usd_20260713_183210_4253/configuration/go2_description_physics.usd@</visuals/FL_thigh_rotor> introduced by @/tmp/IsaacLab/usd_20260713_183210_4253/configuration/go2_description_base.usd@</go2_description/FL_thigh_rotor/visuals> (recomposing stage on stage @/tmp/IsaacLab/usd_20260713_183210_4253/configuration/go2_description_physics.usd@ <0x555fe0f624f0>)

2026-07-13T10:32:10Z [7,571ms] [Warning] [omni.usd] Warning: in _ReportErrors at line 3172 of /builds/omniverse/usd-ci/USD/pxr/usd/usd/stage.cpp -- In </go2_description/FL_thigh_rotor/visuals>: Unresolved reference prim path @/tmp/IsaacLab/usd_20260713_183210_4253/go2_description.usd@</visuals/FL_thigh_rotor> introduced by @/tmp/IsaacLab/usd_20260713_183210_4253/configuration/go2_description_base.usd@</go2_description/FL_thigh_rotor/visuals> (recomposing stage on stage @/tmp/IsaacLab/usd_20260713_183210_4253/go2_description.usd@ <0x555fe0f51580>)

2026-07-13T10:32:10Z [7,571ms] [Warning] [omni.usd] Warning: in _ReportErrors at line 3172 of /builds/omniverse/usd-ci/USD/pxr/usd/usd/stage.cpp -- In </go2_description/FL_thigh_rotor/visuals>: Unresolved reference prim path @/tmp/IsaacLab/usd_20260713_183210_4253/go2_description.usd@</visuals/FL_thigh_rotor> introduced by @/tmp/IsaacLab/usd_20260713_183210_4253/configuration/go2_description_base.usd@</go2_description/FL_thigh_rotor/visuals> (recomposing stage on stage @/tmp/IsaacLab/usd_20260713_183210_4253/go2_description.usd@ <0x555fe0f4d990>)

2026-07-13T10:32:10Z [7,571ms] [Warning] [omni.usd] Warning: in _ReportErrors at line 3172 of /builds/omniverse/usd-ci/USD/pxr/usd/usd/stage.cpp -- In </go2_description/FL_thigh_rotor/visuals>: Unresolved reference prim path @/tmp/IsaacLab/usd_20260713_183210_4253/configuration/go2_description_base.usd@</visuals/FL_thigh_rotor> introduced by @/tmp/IsaacLab/usd_20260713_183210_4253/configuration/go2_description_base.usd@</go2_description/FL_thigh_rotor/visuals> (recomposing stage on stage @/tmp/IsaacLab/usd_20260713_183210_4253/configuration/go2_description_base.usd@ <0x555fe0f6ab60>)

2026-07-13T10:32:10Z [7,572ms] [Warning] [omni.usd] Warning: in _ReportErrors at line 3172 of /builds/omniverse/usd-ci/USD/pxr/usd/usd/stage.cpp -- In </go2_description/FL_thigh_rotor/visuals>: Unresolved reference prim path @/tmp/IsaacLab/usd_20260713_183210_4253/configuration/go2_description_physics.usd@</visuals/FL_thigh_rotor> introduced by @/tmp/IsaacLab/usd_20260713_183210_4253/configuration/go2_description_base.usd@</go2_description/FL_thigh_rotor/visuals> (recomposing stage on stage @/tmp/IsaacLab/usd_20260713_183210_4253/configuration/go2_description_physics.usd@ <0x555fe0f624f0>)

2026-07-13T10:32:10Z [7,572ms] [Warning] [omni.usd] Warning: in _ReportErrors at line 3172 of /builds/omniverse/usd-ci/USD/pxr/usd/usd/stage.cpp -- In </go2_description/FL_thigh_rotor/visuals>: Unresolved reference prim path @/tmp/IsaacLab/usd_20260713_183210_4253/go2_description.usd@</visuals/FL_thigh_rotor> introduced by @/tmp/IsaacLab/usd_20260713_183210_4253/configuration/go2_description_base.usd@</go2_description/FL_thigh_rotor/visuals> (recomposing stage on stage @/tmp/IsaacLab/usd_20260713_183210_4253/go2_description.usd@ <0x555fe0f51580>)

2026-07-13T10:32:10Z [7,572ms] [Warning] [omni.usd] Warning: in _ReportErrors at line 3172 of /builds/omniverse/usd-ci/USD/pxr/usd/usd/stage.cpp -- In </go2_description/FL_thigh_rotor/visuals>: Unresolved reference prim path @/tmp/IsaacLab/usd_20260713_183210_4253/go2_description.usd@</visuals/FL_thigh_rotor> introduced by @/tmp/IsaacLab/usd_20260713_183210_4253/configuration/go2_description_base.usd@</go2_description/FL_thigh_rotor/visuals> (recomposing stage on stage @/tmp/IsaacLab/usd_20260713_183210_4253/go2_description.usd@ <0x555fe0f4d990>)

2026-07-13T10:32:10Z [7,572ms] [Warning] [omni.usd] Warning: in _ReportErrors at line 3172 of /builds/omniverse/usd-ci/USD/pxr/usd/usd/stage.cpp -- In </go2_description/FL_thigh_rotor/visuals>: Unresolved reference prim path @/tmp/IsaacLab/usd_20260713_183210_4253/configuration/go2_description_base.usd@</visuals/FL_thigh_rotor> introduced by @/tmp/IsaacLab/usd_20260713_183210_4253/configuration/go2_description_base.usd@</go2_description/FL_thigh_rotor/visuals> (recomposing stage on stage @/tmp/IsaacLab/usd_20260713_183210_4253/configuration/go2_description_base.usd@ <0x555fe0f6ab60>)

2026-07-13T10:32:10Z [7,574ms] [Warning] [omni.usd] Warning: in _ReportErrors at line 3172 of /builds/omniverse/usd-ci/USD/pxr/usd/usd/stage.cpp -- In </go2_description/FL_hip_rotor/visuals>: Unresolved reference prim path @/tmp/IsaacLab/usd_20260713_183210_4253/configuration/go2_description_physics.usd@</visuals/FL_hip_rotor> introduced by @/tmp/IsaacLab/usd_20260713_183210_4253/configuration/go2_description_base.usd@</go2_description/FL_hip_rotor/visuals> (recomposing stage on stage @/tmp/IsaacLab/usd_20260713_183210_4253/configuration/go2_description_physics.usd@ <0x555fe0f624f0>)

2026-07-13T10:32:10Z [7,574ms] [Warning] [omni.usd] Warning: in _ReportErrors at line 3172 of /builds/omniverse/usd-ci/USD/pxr/usd/usd/stage.cpp -- In </go2_description/FL_hip_rotor/visuals>: Unresolved reference prim path @/tmp/IsaacLab/usd_20260713_183210_4253/go2_description.usd@</visuals/FL_hip_rotor> introduced by @/tmp/IsaacLab/usd_20260713_183210_4253/configuration/go2_description_base.usd@</go2_description/FL_hip_rotor/visuals> (recomposing stage on stage @/tmp/IsaacLab/usd_20260713_183210_4253/go2_description.usd@ <0x555fe0f51580>)

2026-07-13T10:32:10Z [7,574ms] [Warning] [omni.usd] Warning: in _ReportErrors at line 3172 of /builds/omniverse/usd-ci/USD/pxr/usd/usd/stage.cpp -- In </go2_description/FL_hip_rotor/visuals>: Unresolved reference prim path @/tmp/IsaacLab/usd_20260713_183210_4253/go2_description.usd@</visuals/FL_hip_rotor> introduced by @/tmp/IsaacLab/usd_20260713_183210_4253/configuration/go2_description_base.usd@</go2_description/FL_hip_rotor/visuals> (recomposing stage on stage @/tmp/IsaacLab/usd_20260713_183210_4253/go2_description.usd@ <0x555fe0f4d990>)

2026-07-13T10:32:10Z [7,574ms] [Warning] [omni.usd] Warning: in _ReportErrors at line 3172 of /builds/omniverse/usd-ci/USD/pxr/usd/usd/stage.cpp -- In </go2_description/FL_hip_rotor/visuals>: Unresolved reference prim path @/tmp/IsaacLab/usd_20260713_183210_4253/configuration/go2_description_base.usd@</visuals/FL_hip_rotor> introduced by @/tmp/IsaacLab/usd_20260713_183210_4253/configuration/go2_description_base.usd@</go2_description/FL_hip_rotor/visuals> (recomposing stage on stage @/tmp/IsaacLab/usd_20260713_183210_4253/configuration/go2_description_base.usd@ <0x555fe0f6ab60>)

2026-07-13T10:32:10Z [7,574ms] [Warning] [omni.usd] Warning: in _ReportErrors at line 3172 of /builds/omniverse/usd-ci/USD/pxr/usd/usd/stage.cpp -- In </go2_description/FL_hip_rotor/visuals>: Unresolved reference prim path @/tmp/IsaacLab/usd_20260713_183210_4253/configuration/go2_description_physics.usd@</visuals/FL_hip_rotor> introduced by @/tmp/IsaacLab/usd_20260713_183210_4253/configuration/go2_description_base.usd@</go2_description/FL_hip_rotor/visuals> (recomposing stage on stage @/tmp/IsaacLab/usd_20260713_183210_4253/configuration/go2_description_physics.usd@ <0x555fe0f624f0>)

2026-07-13T10:32:10Z [7,574ms] [Warning] [omni.usd] Warning: in _ReportErrors at line 3172 of /builds/omniverse/usd-ci/USD/pxr/usd/usd/stage.cpp -- In </go2_description/FL_hip_rotor/visuals>: Unresolved reference prim path @/tmp/IsaacLab/usd_20260713_183210_4253/go2_description.usd@</visuals/FL_hip_rotor> introduced by @/tmp/IsaacLab/usd_20260713_183210_4253/configuration/go2_description_base.usd@</go2_description/FL_hip_rotor/visuals> (recomposing stage on stage @/tmp/IsaacLab/usd_20260713_183210_4253/go2_description.usd@ <0x555fe0f51580>)

2026-07-13T10:32:10Z [7,574ms] [Warning] [omni.usd] Warning: in _ReportErrors at line 3172 of /builds/omniverse/usd-ci/USD/pxr/usd/usd/stage.cpp -- In </go2_description/FL_hip_rotor/visuals>: Unresolved reference prim path @/tmp/IsaacLab/usd_20260713_183210_4253/go2_description.usd@</visuals/FL_hip_rotor> introduced by @/tmp/IsaacLab/usd_20260713_183210_4253/configuration/go2_description_base.usd@</go2_description/FL_hip_rotor/visuals> (recomposing stage on stage @/tmp/IsaacLab/usd_20260713_183210_4253/go2_description.usd@ <0x555fe0f4d990>)

2026-07-13T10:32:10Z [7,574ms] [Warning] [omni.usd] Warning: in _ReportErrors at line 3172 of /builds/omniverse/usd-ci/USD/pxr/usd/usd/stage.cpp -- In </go2_description/FL_hip_rotor/visuals>: Unresolved reference prim path @/tmp/IsaacLab/usd_20260713_183210_4253/configuration/go2_description_base.usd@</visuals/FL_hip_rotor> introduced by @/tmp/IsaacLab/usd_20260713_183210_4253/configuration/go2_description_base.usd@</go2_description/FL_hip_rotor/visuals> (recomposing stage on stage @/tmp/IsaacLab/usd_20260713_183210_4253/configuration/go2_description_base.usd@ <0x555fe0f6ab60>)

2026-07-13T10:32:10Z [7,640ms] [Warning] [isaacsim.asset.importer.urdf] FR_foot_joint: Joint Axis is not body aligned with X, Y or Z primary axis. Adjusting PhysX joint alignment to Axis X and reorienting bodies.
2026-07-13T10:32:10Z [7,641ms] [Warning] [omni.usd] Warning: in _ReportErrors at line 3172 of /builds/omniverse/usd-ci/USD/pxr/usd/usd/stage.cpp -- In </go2_description/FR_calf_rotor/visuals>: Unresolved reference prim path @/tmp/IsaacLab/usd_20260713_183210_4253/configuration/go2_description_physics.usd@</visuals/FR_calf_rotor> introduced by @/tmp/IsaacLab/usd_20260713_183210_4253/configuration/go2_description_base.usd@</go2_description/FR_calf_rotor/visuals> (recomposing stage on stage @/tmp/IsaacLab/usd_20260713_183210_4253/configuration/go2_description_physics.usd@ <0x555fe0f624f0>)

2026-07-13T10:32:10Z [7,642ms] [Warning] [omni.usd] Warning: in _ReportErrors at line 3172 of /builds/omniverse/usd-ci/USD/pxr/usd/usd/stage.cpp -- In </go2_description/FR_calf_rotor/visuals>: Unresolved reference prim path @/tmp/IsaacLab/usd_20260713_183210_4253/go2_description.usd@</visuals/FR_calf_rotor> introduced by @/tmp/IsaacLab/usd_20260713_183210_4253/configuration/go2_description_base.usd@</go2_description/FR_calf_rotor/visuals> (recomposing stage on stage @/tmp/IsaacLab/usd_20260713_183210_4253/go2_description.usd@ <0x555fe0f51580>)

2026-07-13T10:32:10Z [7,642ms] [Warning] [omni.usd] Warning: in _ReportErrors at line 3172 of /builds/omniverse/usd-ci/USD/pxr/usd/usd/stage.cpp -- In </go2_description/FR_calf_rotor/visuals>: Unresolved reference prim path @/tmp/IsaacLab/usd_20260713_183210_4253/go2_description.usd@</visuals/FR_calf_rotor> introduced by @/tmp/IsaacLab/usd_20260713_183210_4253/configuration/go2_description_base.usd@</go2_description/FR_calf_rotor/visuals> (recomposing stage on stage @/tmp/IsaacLab/usd_20260713_183210_4253/go2_description.usd@ <0x555fe0f4d990>)

2026-07-13T10:32:10Z [7,642ms] [Warning] [omni.usd] Warning: in _ReportErrors at line 3172 of /builds/omniverse/usd-ci/USD/pxr/usd/usd/stage.cpp -- In </go2_description/FR_calf_rotor/visuals>: Unresolved reference prim path @/tmp/IsaacLab/usd_20260713_183210_4253/configuration/go2_description_base.usd@</visuals/FR_calf_rotor> introduced by @/tmp/IsaacLab/usd_20260713_183210_4253/configuration/go2_description_base.usd@</go2_description/FR_calf_rotor/visuals> (recomposing stage on stage @/tmp/IsaacLab/usd_20260713_183210_4253/configuration/go2_description_base.usd@ <0x555fe0f6ab60>)

2026-07-13T10:32:10Z [7,642ms] [Warning] [omni.usd] Warning: in _ReportErrors at line 3172 of /builds/omniverse/usd-ci/USD/pxr/usd/usd/stage.cpp -- In </go2_description/FR_calf_rotor/visuals>: Unresolved reference prim path @/tmp/IsaacLab/usd_20260713_183210_4253/configuration/go2_description_physics.usd@</visuals/FR_calf_rotor> introduced by @/tmp/IsaacLab/usd_20260713_183210_4253/configuration/go2_description_base.usd@</go2_description/FR_calf_rotor/visuals> (recomposing stage on stage @/tmp/IsaacLab/usd_20260713_183210_4253/configuration/go2_description_physics.usd@ <0x555fe0f624f0>)

2026-07-13T10:32:10Z [7,642ms] [Warning] [omni.usd] Warning: in _ReportErrors at line 3172 of /builds/omniverse/usd-ci/USD/pxr/usd/usd/stage.cpp -- In </go2_description/FR_calf_rotor/visuals>: Unresolved reference prim path @/tmp/IsaacLab/usd_20260713_183210_4253/go2_description.usd@</visuals/FR_calf_rotor> introduced by @/tmp/IsaacLab/usd_20260713_183210_4253/configuration/go2_description_base.usd@</go2_description/FR_calf_rotor/visuals> (recomposing stage on stage @/tmp/IsaacLab/usd_20260713_183210_4253/go2_description.usd@ <0x555fe0f51580>)

2026-07-13T10:32:10Z [7,642ms] [Warning] [omni.usd] Warning: in _ReportErrors at line 3172 of /builds/omniverse/usd-ci/USD/pxr/usd/usd/stage.cpp -- In </go2_description/FR_calf_rotor/visuals>: Unresolved reference prim path @/tmp/IsaacLab/usd_20260713_183210_4253/go2_description.usd@</visuals/FR_calf_rotor> introduced by @/tmp/IsaacLab/usd_20260713_183210_4253/configuration/go2_description_base.usd@</go2_description/FR_calf_rotor/visuals> (recomposing stage on stage @/tmp/IsaacLab/usd_20260713_183210_4253/go2_description.usd@ <0x555fe0f4d990>)

2026-07-13T10:32:10Z [7,642ms] [Warning] [omni.usd] Warning: in _ReportErrors at line 3172 of /builds/omniverse/usd-ci/USD/pxr/usd/usd/stage.cpp -- In </go2_description/FR_calf_rotor/visuals>: Unresolved reference prim path @/tmp/IsaacLab/usd_20260713_183210_4253/configuration/go2_description_base.usd@</visuals/FR_calf_rotor> introduced by @/tmp/IsaacLab/usd_20260713_183210_4253/configuration/go2_description_base.usd@</go2_description/FR_calf_rotor/visuals> (recomposing stage on stage @/tmp/IsaacLab/usd_20260713_183210_4253/configuration/go2_description_base.usd@ <0x555fe0f6ab60>)

2026-07-13T10:32:10Z [7,644ms] [Warning] [omni.usd] Warning: in _ReportErrors at line 3172 of /builds/omniverse/usd-ci/USD/pxr/usd/usd/stage.cpp -- In </go2_description/FR_thigh_rotor/visuals>: Unresolved reference prim path @/tmp/IsaacLab/usd_20260713_183210_4253/configuration/go2_description_physics.usd@</visuals/FR_thigh_rotor> introduced by @/tmp/IsaacLab/usd_20260713_183210_4253/configuration/go2_description_base.usd@</go2_description/FR_thigh_rotor/visuals> (recomposing stage on stage @/tmp/IsaacLab/usd_20260713_183210_4253/configuration/go2_description_physics.usd@ <0x555fe0f624f0>)

2026-07-13T10:32:10Z [7,644ms] [Warning] [omni.usd] Warning: in _ReportErrors at line 3172 of /builds/omniverse/usd-ci/USD/pxr/usd/usd/stage.cpp -- In </go2_description/FR_thigh_rotor/visuals>: Unresolved reference prim path @/tmp/IsaacLab/usd_20260713_183210_4253/go2_description.usd@</visuals/FR_thigh_rotor> introduced by @/tmp/IsaacLab/usd_20260713_183210_4253/configuration/go2_description_base.usd@</go2_description/FR_thigh_rotor/visuals> (recomposing stage on stage @/tmp/IsaacLab/usd_20260713_183210_4253/go2_description.usd@ <0x555fe0f51580>)

2026-07-13T10:32:10Z [7,644ms] [Warning] [omni.usd] Warning: in _ReportErrors at line 3172 of /builds/omniverse/usd-ci/USD/pxr/usd/usd/stage.cpp -- In </go2_description/FR_thigh_rotor/visuals>: Unresolved reference prim path @/tmp/IsaacLab/usd_20260713_183210_4253/go2_description.usd@</visuals/FR_thigh_rotor> introduced by @/tmp/IsaacLab/usd_20260713_183210_4253/configuration/go2_description_base.usd@</go2_description/FR_thigh_rotor/visuals> (recomposing stage on stage @/tmp/IsaacLab/usd_20260713_183210_4253/go2_description.usd@ <0x555fe0f4d990>)

2026-07-13T10:32:10Z [7,644ms] [Warning] [omni.usd] Warning: in _ReportErrors at line 3172 of /builds/omniverse/usd-ci/USD/pxr/usd/usd/stage.cpp -- In </go2_description/FR_thigh_rotor/visuals>: Unresolved reference prim path @/tmp/IsaacLab/usd_20260713_183210_4253/configuration/go2_description_base.usd@</visuals/FR_thigh_rotor> introduced by @/tmp/IsaacLab/usd_20260713_183210_4253/configuration/go2_description_base.usd@</go2_description/FR_thigh_rotor/visuals> (recomposing stage on stage @/tmp/IsaacLab/usd_20260713_183210_4253/configuration/go2_description_base.usd@ <0x555fe0f6ab60>)

2026-07-13T10:32:10Z [7,644ms] [Warning] [omni.usd] Warning: in _ReportErrors at line 3172 of /builds/omniverse/usd-ci/USD/pxr/usd/usd/stage.cpp -- In </go2_description/FR_thigh_rotor/visuals>: Unresolved reference prim path @/tmp/IsaacLab/usd_20260713_183210_4253/configuration/go2_description_physics.usd@</visuals/FR_thigh_rotor> introduced by @/tmp/IsaacLab/usd_20260713_183210_4253/configuration/go2_description_base.usd@</go2_description/FR_thigh_rotor/visuals> (recomposing stage on stage @/tmp/IsaacLab/usd_20260713_183210_4253/configuration/go2_description_physics.usd@ <0x555fe0f624f0>)

2026-07-13T10:32:10Z [7,644ms] [Warning] [omni.usd] Warning: in _ReportErrors at line 3172 of /builds/omniverse/usd-ci/USD/pxr/usd/usd/stage.cpp -- In </go2_description/FR_thigh_rotor/visuals>: Unresolved reference prim path @/tmp/IsaacLab/usd_20260713_183210_4253/go2_description.usd@</visuals/FR_thigh_rotor> introduced by @/tmp/IsaacLab/usd_20260713_183210_4253/configuration/go2_description_base.usd@</go2_description/FR_thigh_rotor/visuals> (recomposing stage on stage @/tmp/IsaacLab/usd_20260713_183210_4253/go2_description.usd@ <0x555fe0f51580>)

2026-07-13T10:32:10Z [7,644ms] [Warning] [omni.usd] Warning: in _ReportErrors at line 3172 of /builds/omniverse/usd-ci/USD/pxr/usd/usd/stage.cpp -- In </go2_description/FR_thigh_rotor/visuals>: Unresolved reference prim path @/tmp/IsaacLab/usd_20260713_183210_4253/go2_description.usd@</visuals/FR_thigh_rotor> introduced by @/tmp/IsaacLab/usd_20260713_183210_4253/configuration/go2_description_base.usd@</go2_description/FR_thigh_rotor/visuals> (recomposing stage on stage @/tmp/IsaacLab/usd_20260713_183210_4253/go2_description.usd@ <0x555fe0f4d990>)

2026-07-13T10:32:10Z [7,644ms] [Warning] [omni.usd] Warning: in _ReportErrors at line 3172 of /builds/omniverse/usd-ci/USD/pxr/usd/usd/stage.cpp -- In </go2_description/FR_thigh_rotor/visuals>: Unresolved reference prim path @/tmp/IsaacLab/usd_20260713_183210_4253/configuration/go2_description_base.usd@</visuals/FR_thigh_rotor> introduced by @/tmp/IsaacLab/usd_20260713_183210_4253/configuration/go2_description_base.usd@</go2_description/FR_thigh_rotor/visuals> (recomposing stage on stage @/tmp/IsaacLab/usd_20260713_183210_4253/configuration/go2_description_base.usd@ <0x555fe0f6ab60>)

2026-07-13T10:32:10Z [7,646ms] [Warning] [omni.usd] Warning: in _ReportErrors at line 3172 of /builds/omniverse/usd-ci/USD/pxr/usd/usd/stage.cpp -- In </go2_description/FR_hip_rotor/visuals>: Unresolved reference prim path @/tmp/IsaacLab/usd_20260713_183210_4253/configuration/go2_description_physics.usd@</visuals/FR_hip_rotor> introduced by @/tmp/IsaacLab/usd_20260713_183210_4253/configuration/go2_description_base.usd@</go2_description/FR_hip_rotor/visuals> (recomposing stage on stage @/tmp/IsaacLab/usd_20260713_183210_4253/configuration/go2_description_physics.usd@ <0x555fe0f624f0>)

2026-07-13T10:32:10Z [7,646ms] [Warning] [omni.usd] Warning: in _ReportErrors at line 3172 of /builds/omniverse/usd-ci/USD/pxr/usd/usd/stage.cpp -- In </go2_description/FR_hip_rotor/visuals>: Unresolved reference prim path @/tmp/IsaacLab/usd_20260713_183210_4253/go2_description.usd@</visuals/FR_hip_rotor> introduced by @/tmp/IsaacLab/usd_20260713_183210_4253/configuration/go2_description_base.usd@</go2_description/FR_hip_rotor/visuals> (recomposing stage on stage @/tmp/IsaacLab/usd_20260713_183210_4253/go2_description.usd@ <0x555fe0f51580>)

2026-07-13T10:32:10Z [7,646ms] [Warning] [omni.usd] Warning: in _ReportErrors at line 3172 of /builds/omniverse/usd-ci/USD/pxr/usd/usd/stage.cpp -- In </go2_description/FR_hip_rotor/visuals>: Unresolved reference prim path @/tmp/IsaacLab/usd_20260713_183210_4253/go2_description.usd@</visuals/FR_hip_rotor> introduced by @/tmp/IsaacLab/usd_20260713_183210_4253/configuration/go2_description_base.usd@</go2_description/FR_hip_rotor/visuals> (recomposing stage on stage @/tmp/IsaacLab/usd_20260713_183210_4253/go2_description.usd@ <0x555fe0f4d990>)

2026-07-13T10:32:10Z [7,646ms] [Warning] [omni.usd] Warning: in _ReportErrors at line 3172 of /builds/omniverse/usd-ci/USD/pxr/usd/usd/stage.cpp -- In </go2_description/FR_hip_rotor/visuals>: Unresolved reference prim path @/tmp/IsaacLab/usd_20260713_183210_4253/configuration/go2_description_base.usd@</visuals/FR_hip_rotor> introduced by @/tmp/IsaacLab/usd_20260713_183210_4253/configuration/go2_description_base.usd@</go2_description/FR_hip_rotor/visuals> (recomposing stage on stage @/tmp/IsaacLab/usd_20260713_183210_4253/configuration/go2_description_base.usd@ <0x555fe0f6ab60>)

2026-07-13T10:32:10Z [7,646ms] [Warning] [omni.usd] Warning: in _ReportErrors at line 3172 of /builds/omniverse/usd-ci/USD/pxr/usd/usd/stage.cpp -- In </go2_description/FR_hip_rotor/visuals>: Unresolved reference prim path @/tmp/IsaacLab/usd_20260713_183210_4253/configuration/go2_description_physics.usd@</visuals/FR_hip_rotor> introduced by @/tmp/IsaacLab/usd_20260713_183210_4253/configuration/go2_description_base.usd@</go2_description/FR_hip_rotor/visuals> (recomposing stage on stage @/tmp/IsaacLab/usd_20260713_183210_4253/configuration/go2_description_physics.usd@ <0x555fe0f624f0>)

2026-07-13T10:32:10Z [7,646ms] [Warning] [omni.usd] Warning: in _ReportErrors at line 3172 of /builds/omniverse/usd-ci/USD/pxr/usd/usd/stage.cpp -- In </go2_description/FR_hip_rotor/visuals>: Unresolved reference prim path @/tmp/IsaacLab/usd_20260713_183210_4253/go2_description.usd@</visuals/FR_hip_rotor> introduced by @/tmp/IsaacLab/usd_20260713_183210_4253/configuration/go2_description_base.usd@</go2_description/FR_hip_rotor/visuals> (recomposing stage on stage @/tmp/IsaacLab/usd_20260713_183210_4253/go2_description.usd@ <0x555fe0f51580>)

2026-07-13T10:32:10Z [7,646ms] [Warning] [omni.usd] Warning: in _ReportErrors at line 3172 of /builds/omniverse/usd-ci/USD/pxr/usd/usd/stage.cpp -- In </go2_description/FR_hip_rotor/visuals>: Unresolved reference prim path @/tmp/IsaacLab/usd_20260713_183210_4253/go2_description.usd@</visuals/FR_hip_rotor> introduced by @/tmp/IsaacLab/usd_20260713_183210_4253/configuration/go2_description_base.usd@</go2_description/FR_hip_rotor/visuals> (recomposing stage on stage @/tmp/IsaacLab/usd_20260713_183210_4253/go2_description.usd@ <0x555fe0f4d990>)

2026-07-13T10:32:10Z [7,646ms] [Warning] [omni.usd] Warning: in _ReportErrors at line 3172 of /builds/omniverse/usd-ci/USD/pxr/usd/usd/stage.cpp -- In </go2_description/FR_hip_rotor/visuals>: Unresolved reference prim path @/tmp/IsaacLab/usd_20260713_183210_4253/configuration/go2_description_base.usd@</visuals/FR_hip_rotor> introduced by @/tmp/IsaacLab/usd_20260713_183210_4253/configuration/go2_description_base.usd@</go2_description/FR_hip_rotor/visuals> (recomposing stage on stage @/tmp/IsaacLab/usd_20260713_183210_4253/configuration/go2_description_base.usd@ <0x555fe0f6ab60>)

2026-07-13T10:32:10Z [7,648ms] [Warning] [omni.usd] Warning: in _ReportErrors at line 3172 of /builds/omniverse/usd-ci/USD/pxr/usd/usd/stage.cpp -- In </go2_description/Head_upper/visuals>: Unresolved reference prim path @/tmp/IsaacLab/usd_20260713_183210_4253/configuration/go2_description_physics.usd@</visuals/Head_upper> introduced by @/tmp/IsaacLab/usd_20260713_183210_4253/configuration/go2_description_base.usd@</go2_description/Head_upper/visuals> (recomposing stage on stage @/tmp/IsaacLab/usd_20260713_183210_4253/configuration/go2_description_physics.usd@ <0x555fe0f624f0>)

2026-07-13T10:32:10Z [7,648ms] [Warning] [omni.usd] Warning: in _ReportErrors at line 3172 of /builds/omniverse/usd-ci/USD/pxr/usd/usd/stage.cpp -- In </go2_description/Head_upper/visuals>: Unresolved reference prim path @/tmp/IsaacLab/usd_20260713_183210_4253/go2_description.usd@</visuals/Head_upper> introduced by @/tmp/IsaacLab/usd_20260713_183210_4253/configuration/go2_description_base.usd@</go2_description/Head_upper/visuals> (recomposing stage on stage @/tmp/IsaacLab/usd_20260713_183210_4253/go2_description.usd@ <0x555fe0f51580>)

2026-07-13T10:32:10Z [7,648ms] [Warning] [omni.usd] Warning: in _ReportErrors at line 3172 of /builds/omniverse/usd-ci/USD/pxr/usd/usd/stage.cpp -- In </go2_description/Head_upper/visuals>: Unresolved reference prim path @/tmp/IsaacLab/usd_20260713_183210_4253/go2_description.usd@</visuals/Head_upper> introduced by @/tmp/IsaacLab/usd_20260713_183210_4253/configuration/go2_description_base.usd@</go2_description/Head_upper/visuals> (recomposing stage on stage @/tmp/IsaacLab/usd_20260713_183210_4253/go2_description.usd@ <0x555fe0f4d990>)

2026-07-13T10:32:10Z [7,648ms] [Warning] [omni.usd] Warning: in _ReportErrors at line 3172 of /builds/omniverse/usd-ci/USD/pxr/usd/usd/stage.cpp -- In </go2_description/Head_upper/visuals>: Unresolved reference prim path @/tmp/IsaacLab/usd_20260713_183210_4253/configuration/go2_description_base.usd@</visuals/Head_upper> introduced by @/tmp/IsaacLab/usd_20260713_183210_4253/configuration/go2_description_base.usd@</go2_description/Head_upper/visuals> (recomposing stage on stage @/tmp/IsaacLab/usd_20260713_183210_4253/configuration/go2_description_base.usd@ <0x555fe0f6ab60>)

2026-07-13T10:32:10Z [7,649ms] [Warning] [omni.usd] Warning: in _ReportErrors at line 3172 of /builds/omniverse/usd-ci/USD/pxr/usd/usd/stage.cpp -- In </go2_description/Head_upper/visuals>: Unresolved reference prim path @/tmp/IsaacLab/usd_20260713_183210_4253/configuration/go2_description_physics.usd@</visuals/Head_upper> introduced by @/tmp/IsaacLab/usd_20260713_183210_4253/configuration/go2_description_base.usd@</go2_description/Head_upper/visuals> (recomposing stage on stage @/tmp/IsaacLab/usd_20260713_183210_4253/configuration/go2_description_physics.usd@ <0x555fe0f624f0>)

2026-07-13T10:32:10Z [7,649ms] [Warning] [omni.usd] Warning: in _ReportErrors at line 3172 of /builds/omniverse/usd-ci/USD/pxr/usd/usd/stage.cpp -- In </go2_description/Head_upper/visuals>: Unresolved reference prim path @/tmp/IsaacLab/usd_20260713_183210_4253/go2_description.usd@</visuals/Head_upper> introduced by @/tmp/IsaacLab/usd_20260713_183210_4253/configuration/go2_description_base.usd@</go2_description/Head_upper/visuals> (recomposing stage on stage @/tmp/IsaacLab/usd_20260713_183210_4253/go2_description.usd@ <0x555fe0f51580>)

2026-07-13T10:32:10Z [7,649ms] [Warning] [omni.usd] Warning: in _ReportErrors at line 3172 of /builds/omniverse/usd-ci/USD/pxr/usd/usd/stage.cpp -- In </go2_description/Head_upper/visuals>: Unresolved reference prim path @/tmp/IsaacLab/usd_20260713_183210_4253/go2_description.usd@</visuals/Head_upper> introduced by @/tmp/IsaacLab/usd_20260713_183210_4253/configuration/go2_description_base.usd@</go2_description/Head_upper/visuals> (recomposing stage on stage @/tmp/IsaacLab/usd_20260713_183210_4253/go2_description.usd@ <0x555fe0f4d990>)

2026-07-13T10:32:10Z [7,649ms] [Warning] [omni.usd] Warning: in _ReportErrors at line 3172 of /builds/omniverse/usd-ci/USD/pxr/usd/usd/stage.cpp -- In </go2_description/Head_upper/visuals>: Unresolved reference prim path @/tmp/IsaacLab/usd_20260713_183210_4253/configuration/go2_description_base.usd@</visuals/Head_upper> introduced by @/tmp/IsaacLab/usd_20260713_183210_4253/configuration/go2_description_base.usd@</go2_description/Head_upper/visuals> (recomposing stage on stage @/tmp/IsaacLab/usd_20260713_183210_4253/configuration/go2_description_base.usd@ <0x555fe0f6ab60>)

2026-07-13T10:32:10Z [7,650ms] [Warning] [isaacsim.asset.importer.urdf] Head_upper_joint: Joint Axis is not body aligned with X, Y or Z primary axis. Adjusting PhysX joint alignment to Axis X and reorienting bodies.
2026-07-13T10:32:10Z [7,651ms] [Warning] [omni.usd] Warning: in _ReportErrors at line 3172 of /builds/omniverse/usd-ci/USD/pxr/usd/usd/stage.cpp -- In </go2_description/Head_lower/visuals>: Unresolved reference prim path @/tmp/IsaacLab/usd_20260713_183210_4253/configuration/go2_description_physics.usd@</visuals/Head_lower> introduced by @/tmp/IsaacLab/usd_20260713_183210_4253/configuration/go2_description_base.usd@</go2_description/Head_lower/visuals> (recomposing stage on stage @/tmp/IsaacLab/usd_20260713_183210_4253/configuration/go2_description_physics.usd@ <0x555fe0f624f0>)

2026-07-13T10:32:10Z [7,652ms] [Warning] [omni.usd] Warning: in _ReportErrors at line 3172 of /builds/omniverse/usd-ci/USD/pxr/usd/usd/stage.cpp -- In </go2_description/Head_lower/visuals>: Unresolved reference prim path @/tmp/IsaacLab/usd_20260713_183210_4253/go2_description.usd@</visuals/Head_lower> introduced by @/tmp/IsaacLab/usd_20260713_183210_4253/configuration/go2_description_base.usd@</go2_description/Head_lower/visuals> (recomposing stage on stage @/tmp/IsaacLab/usd_20260713_183210_4253/go2_description.usd@ <0x555fe0f51580>)

2026-07-13T10:32:10Z [7,652ms] [Warning] [omni.usd] Warning: in _ReportErrors at line 3172 of /builds/omniverse/usd-ci/USD/pxr/usd/usd/stage.cpp -- In </go2_description/Head_lower/visuals>: Unresolved reference prim path @/tmp/IsaacLab/usd_20260713_183210_4253/go2_description.usd@</visuals/Head_lower> introduced by @/tmp/IsaacLab/usd_20260713_183210_4253/configuration/go2_description_base.usd@</go2_description/Head_lower/visuals> (recomposing stage on stage @/tmp/IsaacLab/usd_20260713_183210_4253/go2_description.usd@ <0x555fe0f4d990>)

2026-07-13T10:32:10Z [7,652ms] [Warning] [omni.usd] Warning: in _ReportErrors at line 3172 of /builds/omniverse/usd-ci/USD/pxr/usd/usd/stage.cpp -- In </go2_description/Head_lower/visuals>: Unresolved reference prim path @/tmp/IsaacLab/usd_20260713_183210_4253/configuration/go2_description_base.usd@</visuals/Head_lower> introduced by @/tmp/IsaacLab/usd_20260713_183210_4253/configuration/go2_description_base.usd@</go2_description/Head_lower/visuals> (recomposing stage on stage @/tmp/IsaacLab/usd_20260713_183210_4253/configuration/go2_description_base.usd@ <0x555fe0f6ab60>)

2026-07-13T10:32:10Z [7,652ms] [Warning] [omni.usd] Warning: in _ReportErrors at line 3172 of /builds/omniverse/usd-ci/USD/pxr/usd/usd/stage.cpp -- In </go2_description/Head_lower/visuals>: Unresolved reference prim path @/tmp/IsaacLab/usd_20260713_183210_4253/configuration/go2_description_physics.usd@</visuals/Head_lower> introduced by @/tmp/IsaacLab/usd_20260713_183210_4253/configuration/go2_description_base.usd@</go2_description/Head_lower/visuals> (recomposing stage on stage @/tmp/IsaacLab/usd_20260713_183210_4253/configuration/go2_description_physics.usd@ <0x555fe0f624f0>)

2026-07-13T10:32:10Z [7,652ms] [Warning] [omni.usd] Warning: in _ReportErrors at line 3172 of /builds/omniverse/usd-ci/USD/pxr/usd/usd/stage.cpp -- In </go2_description/Head_lower/visuals>: Unresolved reference prim path @/tmp/IsaacLab/usd_20260713_183210_4253/go2_description.usd@</visuals/Head_lower> introduced by @/tmp/IsaacLab/usd_20260713_183210_4253/configuration/go2_description_base.usd@</go2_description/Head_lower/visuals> (recomposing stage on stage @/tmp/IsaacLab/usd_20260713_183210_4253/go2_description.usd@ <0x555fe0f51580>)

2026-07-13T10:32:10Z [7,652ms] [Warning] [omni.usd] Warning: in _ReportErrors at line 3172 of /builds/omniverse/usd-ci/USD/pxr/usd/usd/stage.cpp -- In </go2_description/Head_lower/visuals>: Unresolved reference prim path @/tmp/IsaacLab/usd_20260713_183210_4253/go2_description.usd@</visuals/Head_lower> introduced by @/tmp/IsaacLab/usd_20260713_183210_4253/configuration/go2_description_base.usd@</go2_description/Head_lower/visuals> (recomposing stage on stage @/tmp/IsaacLab/usd_20260713_183210_4253/go2_description.usd@ <0x555fe0f4d990>)

2026-07-13T10:32:10Z [7,652ms] [Warning] [omni.usd] Warning: in _ReportErrors at line 3172 of /builds/omniverse/usd-ci/USD/pxr/usd/usd/stage.cpp -- In </go2_description/Head_lower/visuals>: Unresolved reference prim path @/tmp/IsaacLab/usd_20260713_183210_4253/configuration/go2_description_base.usd@</visuals/Head_lower> introduced by @/tmp/IsaacLab/usd_20260713_183210_4253/configuration/go2_description_base.usd@</go2_description/Head_lower/visuals> (recomposing stage on stage @/tmp/IsaacLab/usd_20260713_183210_4253/configuration/go2_description_base.usd@ <0x555fe0f6ab60>)

2026-07-13T10:32:10Z [7,653ms] [Warning] [isaacsim.asset.importer.urdf] Head_lower_joint: Joint Axis is not body aligned with X, Y or Z primary axis. Adjusting PhysX joint alignment to Axis X and reorienting bodies.
2026-07-13T10:32:10Z [7,672ms] [Warning] [isaacsim.asset.importer.urdf] RL_foot_joint: Joint Axis is not body aligned with X, Y or Z primary axis. Adjusting PhysX joint alignment to Axis X and reorienting bodies.
2026-07-13T10:32:10Z [7,673ms] [Warning] [omni.usd] Warning: in _ReportErrors at line 3172 of /builds/omniverse/usd-ci/USD/pxr/usd/usd/stage.cpp -- In </go2_description/RL_calf_rotor/visuals>: Unresolved reference prim path @/tmp/IsaacLab/usd_20260713_183210_4253/configuration/go2_description_physics.usd@</visuals/RL_calf_rotor> introduced by @/tmp/IsaacLab/usd_20260713_183210_4253/configuration/go2_description_base.usd@</go2_description/RL_calf_rotor/visuals> (recomposing stage on stage @/tmp/IsaacLab/usd_20260713_183210_4253/configuration/go2_description_physics.usd@ <0x555fe0f624f0>)

2026-07-13T10:32:10Z [7,673ms] [Warning] [omni.usd] Warning: in _ReportErrors at line 3172 of /builds/omniverse/usd-ci/USD/pxr/usd/usd/stage.cpp -- In </go2_description/RL_calf_rotor/visuals>: Unresolved reference prim path @/tmp/IsaacLab/usd_20260713_183210_4253/go2_description.usd@</visuals/RL_calf_rotor> introduced by @/tmp/IsaacLab/usd_20260713_183210_4253/configuration/go2_description_base.usd@</go2_description/RL_calf_rotor/visuals> (recomposing stage on stage @/tmp/IsaacLab/usd_20260713_183210_4253/go2_description.usd@ <0x555fe0f51580>)

2026-07-13T10:32:10Z [7,673ms] [Warning] [omni.usd] Warning: in _ReportErrors at line 3172 of /builds/omniverse/usd-ci/USD/pxr/usd/usd/stage.cpp -- In </go2_description/RL_calf_rotor/visuals>: Unresolved reference prim path @/tmp/IsaacLab/usd_20260713_183210_4253/go2_description.usd@</visuals/RL_calf_rotor> introduced by @/tmp/IsaacLab/usd_20260713_183210_4253/configuration/go2_description_base.usd@</go2_description/RL_calf_rotor/visuals> (recomposing stage on stage @/tmp/IsaacLab/usd_20260713_183210_4253/go2_description.usd@ <0x555fe0f4d990>)

2026-07-13T10:32:10Z [7,673ms] [Warning] [omni.usd] Warning: in _ReportErrors at line 3172 of /builds/omniverse/usd-ci/USD/pxr/usd/usd/stage.cpp -- In </go2_description/RL_calf_rotor/visuals>: Unresolved reference prim path @/tmp/IsaacLab/usd_20260713_183210_4253/configuration/go2_description_base.usd@</visuals/RL_calf_rotor> introduced by @/tmp/IsaacLab/usd_20260713_183210_4253/configuration/go2_description_base.usd@</go2_description/RL_calf_rotor/visuals> (recomposing stage on stage @/tmp/IsaacLab/usd_20260713_183210_4253/configuration/go2_description_base.usd@ <0x555fe0f6ab60>)

2026-07-13T10:32:10Z [7,673ms] [Warning] [omni.usd] Warning: in _ReportErrors at line 3172 of /builds/omniverse/usd-ci/USD/pxr/usd/usd/stage.cpp -- In </go2_description/RL_calf_rotor/visuals>: Unresolved reference prim path @/tmp/IsaacLab/usd_20260713_183210_4253/configuration/go2_description_physics.usd@</visuals/RL_calf_rotor> introduced by @/tmp/IsaacLab/usd_20260713_183210_4253/configuration/go2_description_base.usd@</go2_description/RL_calf_rotor/visuals> (recomposing stage on stage @/tmp/IsaacLab/usd_20260713_183210_4253/configuration/go2_description_physics.usd@ <0x555fe0f624f0>)

2026-07-13T10:32:10Z [7,673ms] [Warning] [omni.usd] Warning: in _ReportErrors at line 3172 of /builds/omniverse/usd-ci/USD/pxr/usd/usd/stage.cpp -- In </go2_description/RL_calf_rotor/visuals>: Unresolved reference prim path @/tmp/IsaacLab/usd_20260713_183210_4253/go2_description.usd@</visuals/RL_calf_rotor> introduced by @/tmp/IsaacLab/usd_20260713_183210_4253/configuration/go2_description_base.usd@</go2_description/RL_calf_rotor/visuals> (recomposing stage on stage @/tmp/IsaacLab/usd_20260713_183210_4253/go2_description.usd@ <0x555fe0f51580>)

2026-07-13T10:32:10Z [7,673ms] [Warning] [omni.usd] Warning: in _ReportErrors at line 3172 of /builds/omniverse/usd-ci/USD/pxr/usd/usd/stage.cpp -- In </go2_description/RL_calf_rotor/visuals>: Unresolved reference prim path @/tmp/IsaacLab/usd_20260713_183210_4253/go2_description.usd@</visuals/RL_calf_rotor> introduced by @/tmp/IsaacLab/usd_20260713_183210_4253/configuration/go2_description_base.usd@</go2_description/RL_calf_rotor/visuals> (recomposing stage on stage @/tmp/IsaacLab/usd_20260713_183210_4253/go2_description.usd@ <0x555fe0f4d990>)

2026-07-13T10:32:10Z [7,674ms] [Warning] [omni.usd] Warning: in _ReportErrors at line 3172 of /builds/omniverse/usd-ci/USD/pxr/usd/usd/stage.cpp -- In </go2_description/RL_calf_rotor/visuals>: Unresolved reference prim path @/tmp/IsaacLab/usd_20260713_183210_4253/configuration/go2_description_base.usd@</visuals/RL_calf_rotor> introduced by @/tmp/IsaacLab/usd_20260713_183210_4253/configuration/go2_description_base.usd@</go2_description/RL_calf_rotor/visuals> (recomposing stage on stage @/tmp/IsaacLab/usd_20260713_183210_4253/configuration/go2_description_base.usd@ <0x555fe0f6ab60>)

2026-07-13T10:32:10Z [7,675ms] [Warning] [omni.usd] Warning: in _ReportErrors at line 3172 of /builds/omniverse/usd-ci/USD/pxr/usd/usd/stage.cpp -- In </go2_description/RL_thigh_rotor/visuals>: Unresolved reference prim path @/tmp/IsaacLab/usd_20260713_183210_4253/configuration/go2_description_physics.usd@</visuals/RL_thigh_rotor> introduced by @/tmp/IsaacLab/usd_20260713_183210_4253/configuration/go2_description_base.usd@</go2_description/RL_thigh_rotor/visuals> (recomposing stage on stage @/tmp/IsaacLab/usd_20260713_183210_4253/configuration/go2_description_physics.usd@ <0x555fe0f624f0>)

2026-07-13T10:32:10Z [7,675ms] [Warning] [omni.usd] Warning: in _ReportErrors at line 3172 of /builds/omniverse/usd-ci/USD/pxr/usd/usd/stage.cpp -- In </go2_description/RL_thigh_rotor/visuals>: Unresolved reference prim path @/tmp/IsaacLab/usd_20260713_183210_4253/go2_description.usd@</visuals/RL_thigh_rotor> introduced by @/tmp/IsaacLab/usd_20260713_183210_4253/configuration/go2_description_base.usd@</go2_description/RL_thigh_rotor/visuals> (recomposing stage on stage @/tmp/IsaacLab/usd_20260713_183210_4253/go2_description.usd@ <0x555fe0f51580>)

2026-07-13T10:32:10Z [7,676ms] [Warning] [omni.usd] Warning: in _ReportErrors at line 3172 of /builds/omniverse/usd-ci/USD/pxr/usd/usd/stage.cpp -- In </go2_description/RL_thigh_rotor/visuals>: Unresolved reference prim path @/tmp/IsaacLab/usd_20260713_183210_4253/go2_description.usd@</visuals/RL_thigh_rotor> introduced by @/tmp/IsaacLab/usd_20260713_183210_4253/configuration/go2_description_base.usd@</go2_description/RL_thigh_rotor/visuals> (recomposing stage on stage @/tmp/IsaacLab/usd_20260713_183210_4253/go2_description.usd@ <0x555fe0f4d990>)

2026-07-13T10:32:10Z [7,676ms] [Warning] [omni.usd] Warning: in _ReportErrors at line 3172 of /builds/omniverse/usd-ci/USD/pxr/usd/usd/stage.cpp -- In </go2_description/RL_thigh_rotor/visuals>: Unresolved reference prim path @/tmp/IsaacLab/usd_20260713_183210_4253/configuration/go2_description_base.usd@</visuals/RL_thigh_rotor> introduced by @/tmp/IsaacLab/usd_20260713_183210_4253/configuration/go2_description_base.usd@</go2_description/RL_thigh_rotor/visuals> (recomposing stage on stage @/tmp/IsaacLab/usd_20260713_183210_4253/configuration/go2_description_base.usd@ <0x555fe0f6ab60>)

2026-07-13T10:32:10Z [7,676ms] [Warning] [omni.usd] Warning: in _ReportErrors at line 3172 of /builds/omniverse/usd-ci/USD/pxr/usd/usd/stage.cpp -- In </go2_description/RL_thigh_rotor/visuals>: Unresolved reference prim path @/tmp/IsaacLab/usd_20260713_183210_4253/configuration/go2_description_physics.usd@</visuals/RL_thigh_rotor> introduced by @/tmp/IsaacLab/usd_20260713_183210_4253/configuration/go2_description_base.usd@</go2_description/RL_thigh_rotor/visuals> (recomposing stage on stage @/tmp/IsaacLab/usd_20260713_183210_4253/configuration/go2_description_physics.usd@ <0x555fe0f624f0>)

2026-07-13T10:32:10Z [7,676ms] [Warning] [omni.usd] Warning: in _ReportErrors at line 3172 of /builds/omniverse/usd-ci/USD/pxr/usd/usd/stage.cpp -- In </go2_description/RL_thigh_rotor/visuals>: Unresolved reference prim path @/tmp/IsaacLab/usd_20260713_183210_4253/go2_description.usd@</visuals/RL_thigh_rotor> introduced by @/tmp/IsaacLab/usd_20260713_183210_4253/configuration/go2_description_base.usd@</go2_description/RL_thigh_rotor/visuals> (recomposing stage on stage @/tmp/IsaacLab/usd_20260713_183210_4253/go2_description.usd@ <0x555fe0f51580>)

2026-07-13T10:32:10Z [7,676ms] [Warning] [omni.usd] Warning: in _ReportErrors at line 3172 of /builds/omniverse/usd-ci/USD/pxr/usd/usd/stage.cpp -- In </go2_description/RL_thigh_rotor/visuals>: Unresolved reference prim path @/tmp/IsaacLab/usd_20260713_183210_4253/go2_description.usd@</visuals/RL_thigh_rotor> introduced by @/tmp/IsaacLab/usd_20260713_183210_4253/configuration/go2_description_base.usd@</go2_description/RL_thigh_rotor/visuals> (recomposing stage on stage @/tmp/IsaacLab/usd_20260713_183210_4253/go2_description.usd@ <0x555fe0f4d990>)

2026-07-13T10:32:10Z [7,676ms] [Warning] [omni.usd] Warning: in _ReportErrors at line 3172 of /builds/omniverse/usd-ci/USD/pxr/usd/usd/stage.cpp -- In </go2_description/RL_thigh_rotor/visuals>: Unresolved reference prim path @/tmp/IsaacLab/usd_20260713_183210_4253/configuration/go2_description_base.usd@</visuals/RL_thigh_rotor> introduced by @/tmp/IsaacLab/usd_20260713_183210_4253/configuration/go2_description_base.usd@</go2_description/RL_thigh_rotor/visuals> (recomposing stage on stage @/tmp/IsaacLab/usd_20260713_183210_4253/configuration/go2_description_base.usd@ <0x555fe0f6ab60>)

2026-07-13T10:32:10Z [7,678ms] [Warning] [omni.usd] Warning: in _ReportErrors at line 3172 of /builds/omniverse/usd-ci/USD/pxr/usd/usd/stage.cpp -- In </go2_description/RL_hip_rotor/visuals>: Unresolved reference prim path @/tmp/IsaacLab/usd_20260713_183210_4253/configuration/go2_description_physics.usd@</visuals/RL_hip_rotor> introduced by @/tmp/IsaacLab/usd_20260713_183210_4253/configuration/go2_description_base.usd@</go2_description/RL_hip_rotor/visuals> (recomposing stage on stage @/tmp/IsaacLab/usd_20260713_183210_4253/configuration/go2_description_physics.usd@ <0x555fe0f624f0>)

2026-07-13T10:32:10Z [7,678ms] [Warning] [omni.usd] Warning: in _ReportErrors at line 3172 of /builds/omniverse/usd-ci/USD/pxr/usd/usd/stage.cpp -- In </go2_description/RL_hip_rotor/visuals>: Unresolved reference prim path @/tmp/IsaacLab/usd_20260713_183210_4253/go2_description.usd@</visuals/RL_hip_rotor> introduced by @/tmp/IsaacLab/usd_20260713_183210_4253/configuration/go2_description_base.usd@</go2_description/RL_hip_rotor/visuals> (recomposing stage on stage @/tmp/IsaacLab/usd_20260713_183210_4253/go2_description.usd@ <0x555fe0f51580>)

2026-07-13T10:32:10Z [7,678ms] [Warning] [omni.usd] Warning: in _ReportErrors at line 3172 of /builds/omniverse/usd-ci/USD/pxr/usd/usd/stage.cpp -- In </go2_description/RL_hip_rotor/visuals>: Unresolved reference prim path @/tmp/IsaacLab/usd_20260713_183210_4253/go2_description.usd@</visuals/RL_hip_rotor> introduced by @/tmp/IsaacLab/usd_20260713_183210_4253/configuration/go2_description_base.usd@</go2_description/RL_hip_rotor/visuals> (recomposing stage on stage @/tmp/IsaacLab/usd_20260713_183210_4253/go2_description.usd@ <0x555fe0f4d990>)

2026-07-13T10:32:10Z [7,678ms] [Warning] [omni.usd] Warning: in _ReportErrors at line 3172 of /builds/omniverse/usd-ci/USD/pxr/usd/usd/stage.cpp -- In </go2_description/RL_hip_rotor/visuals>: Unresolved reference prim path @/tmp/IsaacLab/usd_20260713_183210_4253/configuration/go2_description_base.usd@</visuals/RL_hip_rotor> introduced by @/tmp/IsaacLab/usd_20260713_183210_4253/configuration/go2_description_base.usd@</go2_description/RL_hip_rotor/visuals> (recomposing stage on stage @/tmp/IsaacLab/usd_20260713_183210_4253/configuration/go2_description_base.usd@ <0x555fe0f6ab60>)

2026-07-13T10:32:10Z [7,678ms] [Warning] [omni.usd] Warning: in _ReportErrors at line 3172 of /builds/omniverse/usd-ci/USD/pxr/usd/usd/stage.cpp -- In </go2_description/RL_hip_rotor/visuals>: Unresolved reference prim path @/tmp/IsaacLab/usd_20260713_183210_4253/configuration/go2_description_physics.usd@</visuals/RL_hip_rotor> introduced by @/tmp/IsaacLab/usd_20260713_183210_4253/configuration/go2_description_base.usd@</go2_description/RL_hip_rotor/visuals> (recomposing stage on stage @/tmp/IsaacLab/usd_20260713_183210_4253/configuration/go2_description_physics.usd@ <0x555fe0f624f0>)

2026-07-13T10:32:10Z [7,678ms] [Warning] [omni.usd] Warning: in _ReportErrors at line 3172 of /builds/omniverse/usd-ci/USD/pxr/usd/usd/stage.cpp -- In </go2_description/RL_hip_rotor/visuals>: Unresolved reference prim path @/tmp/IsaacLab/usd_20260713_183210_4253/go2_description.usd@</visuals/RL_hip_rotor> introduced by @/tmp/IsaacLab/usd_20260713_183210_4253/configuration/go2_description_base.usd@</go2_description/RL_hip_rotor/visuals> (recomposing stage on stage @/tmp/IsaacLab/usd_20260713_183210_4253/go2_description.usd@ <0x555fe0f51580>)

2026-07-13T10:32:10Z [7,678ms] [Warning] [omni.usd] Warning: in _ReportErrors at line 3172 of /builds/omniverse/usd-ci/USD/pxr/usd/usd/stage.cpp -- In </go2_description/RL_hip_rotor/visuals>: Unresolved reference prim path @/tmp/IsaacLab/usd_20260713_183210_4253/go2_description.usd@</visuals/RL_hip_rotor> introduced by @/tmp/IsaacLab/usd_20260713_183210_4253/configuration/go2_description_base.usd@</go2_description/RL_hip_rotor/visuals> (recomposing stage on stage @/tmp/IsaacLab/usd_20260713_183210_4253/go2_description.usd@ <0x555fe0f4d990>)

2026-07-13T10:32:10Z [7,678ms] [Warning] [omni.usd] Warning: in _ReportErrors at line 3172 of /builds/omniverse/usd-ci/USD/pxr/usd/usd/stage.cpp -- In </go2_description/RL_hip_rotor/visuals>: Unresolved reference prim path @/tmp/IsaacLab/usd_20260713_183210_4253/configuration/go2_description_base.usd@</visuals/RL_hip_rotor> introduced by @/tmp/IsaacLab/usd_20260713_183210_4253/configuration/go2_description_base.usd@</go2_description/RL_hip_rotor/visuals> (recomposing stage on stage @/tmp/IsaacLab/usd_20260713_183210_4253/configuration/go2_description_base.usd@ <0x555fe0f6ab60>)

2026-07-13T10:32:10Z [7,697ms] [Warning] [isaacsim.asset.importer.urdf] RR_foot_joint: Joint Axis is not body aligned with X, Y or Z primary axis. Adjusting PhysX joint alignment to Axis X and reorienting bodies.
2026-07-13T10:32:10Z [7,698ms] [Warning] [omni.usd] Warning: in _ReportErrors at line 3172 of /builds/omniverse/usd-ci/USD/pxr/usd/usd/stage.cpp -- In </go2_description/RR_calf_rotor/visuals>: Unresolved reference prim path @/tmp/IsaacLab/usd_20260713_183210_4253/configuration/go2_description_physics.usd@</visuals/RR_calf_rotor> introduced by @/tmp/IsaacLab/usd_20260713_183210_4253/configuration/go2_description_base.usd@</go2_description/RR_calf_rotor/visuals> (recomposing stage on stage @/tmp/IsaacLab/usd_20260713_183210_4253/configuration/go2_description_physics.usd@ <0x555fe0f624f0>)

2026-07-13T10:32:10Z [7,698ms] [Warning] [omni.usd] Warning: in _ReportErrors at line 3172 of /builds/omniverse/usd-ci/USD/pxr/usd/usd/stage.cpp -- In </go2_description/RR_calf_rotor/visuals>: Unresolved reference prim path @/tmp/IsaacLab/usd_20260713_183210_4253/go2_description.usd@</visuals/RR_calf_rotor> introduced by @/tmp/IsaacLab/usd_20260713_183210_4253/configuration/go2_description_base.usd@</go2_description/RR_calf_rotor/visuals> (recomposing stage on stage @/tmp/IsaacLab/usd_20260713_183210_4253/go2_description.usd@ <0x555fe0f51580>)

2026-07-13T10:32:10Z [7,698ms] [Warning] [omni.usd] Warning: in _ReportErrors at line 3172 of /builds/omniverse/usd-ci/USD/pxr/usd/usd/stage.cpp -- In </go2_description/RR_calf_rotor/visuals>: Unresolved reference prim path @/tmp/IsaacLab/usd_20260713_183210_4253/go2_description.usd@</visuals/RR_calf_rotor> introduced by @/tmp/IsaacLab/usd_20260713_183210_4253/configuration/go2_description_base.usd@</go2_description/RR_calf_rotor/visuals> (recomposing stage on stage @/tmp/IsaacLab/usd_20260713_183210_4253/go2_description.usd@ <0x555fe0f4d990>)

2026-07-13T10:32:10Z [7,699ms] [Warning] [omni.usd] Warning: in _ReportErrors at line 3172 of /builds/omniverse/usd-ci/USD/pxr/usd/usd/stage.cpp -- In </go2_description/RR_calf_rotor/visuals>: Unresolved reference prim path @/tmp/IsaacLab/usd_20260713_183210_4253/configuration/go2_description_base.usd@</visuals/RR_calf_rotor> introduced by @/tmp/IsaacLab/usd_20260713_183210_4253/configuration/go2_description_base.usd@</go2_description/RR_calf_rotor/visuals> (recomposing stage on stage @/tmp/IsaacLab/usd_20260713_183210_4253/configuration/go2_description_base.usd@ <0x555fe0f6ab60>)

2026-07-13T10:32:10Z [7,699ms] [Warning] [omni.usd] Warning: in _ReportErrors at line 3172 of /builds/omniverse/usd-ci/USD/pxr/usd/usd/stage.cpp -- In </go2_description/RR_calf_rotor/visuals>: Unresolved reference prim path @/tmp/IsaacLab/usd_20260713_183210_4253/configuration/go2_description_physics.usd@</visuals/RR_calf_rotor> introduced by @/tmp/IsaacLab/usd_20260713_183210_4253/configuration/go2_description_base.usd@</go2_description/RR_calf_rotor/visuals> (recomposing stage on stage @/tmp/IsaacLab/usd_20260713_183210_4253/configuration/go2_description_physics.usd@ <0x555fe0f624f0>)

2026-07-13T10:32:10Z [7,699ms] [Warning] [omni.usd] Warning: in _ReportErrors at line 3172 of /builds/omniverse/usd-ci/USD/pxr/usd/usd/stage.cpp -- In </go2_description/RR_calf_rotor/visuals>: Unresolved reference prim path @/tmp/IsaacLab/usd_20260713_183210_4253/go2_description.usd@</visuals/RR_calf_rotor> introduced by @/tmp/IsaacLab/usd_20260713_183210_4253/configuration/go2_description_base.usd@</go2_description/RR_calf_rotor/visuals> (recomposing stage on stage @/tmp/IsaacLab/usd_20260713_183210_4253/go2_description.usd@ <0x555fe0f51580>)

2026-07-13T10:32:10Z [7,699ms] [Warning] [omni.usd] Warning: in _ReportErrors at line 3172 of /builds/omniverse/usd-ci/USD/pxr/usd/usd/stage.cpp -- In </go2_description/RR_calf_rotor/visuals>: Unresolved reference prim path @/tmp/IsaacLab/usd_20260713_183210_4253/go2_description.usd@</visuals/RR_calf_rotor> introduced by @/tmp/IsaacLab/usd_20260713_183210_4253/configuration/go2_description_base.usd@</go2_description/RR_calf_rotor/visuals> (recomposing stage on stage @/tmp/IsaacLab/usd_20260713_183210_4253/go2_description.usd@ <0x555fe0f4d990>)

2026-07-13T10:32:10Z [7,699ms] [Warning] [omni.usd] Warning: in _ReportErrors at line 3172 of /builds/omniverse/usd-ci/USD/pxr/usd/usd/stage.cpp -- In </go2_description/RR_calf_rotor/visuals>: Unresolved reference prim path @/tmp/IsaacLab/usd_20260713_183210_4253/configuration/go2_description_base.usd@</visuals/RR_calf_rotor> introduced by @/tmp/IsaacLab/usd_20260713_183210_4253/configuration/go2_description_base.usd@</go2_description/RR_calf_rotor/visuals> (recomposing stage on stage @/tmp/IsaacLab/usd_20260713_183210_4253/configuration/go2_description_base.usd@ <0x555fe0f6ab60>)

2026-07-13T10:32:11Z [7,701ms] [Warning] [omni.usd] Warning: in _ReportErrors at line 3172 of /builds/omniverse/usd-ci/USD/pxr/usd/usd/stage.cpp -- In </go2_description/RR_thigh_rotor/visuals>: Unresolved reference prim path @/tmp/IsaacLab/usd_20260713_183210_4253/configuration/go2_description_physics.usd@</visuals/RR_thigh_rotor> introduced by @/tmp/IsaacLab/usd_20260713_183210_4253/configuration/go2_description_base.usd@</go2_description/RR_thigh_rotor/visuals> (recomposing stage on stage @/tmp/IsaacLab/usd_20260713_183210_4253/configuration/go2_description_physics.usd@ <0x555fe0f624f0>)

2026-07-13T10:32:11Z [7,701ms] [Warning] [omni.usd] Warning: in _ReportErrors at line 3172 of /builds/omniverse/usd-ci/USD/pxr/usd/usd/stage.cpp -- In </go2_description/RR_thigh_rotor/visuals>: Unresolved reference prim path @/tmp/IsaacLab/usd_20260713_183210_4253/go2_description.usd@</visuals/RR_thigh_rotor> introduced by @/tmp/IsaacLab/usd_20260713_183210_4253/configuration/go2_description_base.usd@</go2_description/RR_thigh_rotor/visuals> (recomposing stage on stage @/tmp/IsaacLab/usd_20260713_183210_4253/go2_description.usd@ <0x555fe0f51580>)

2026-07-13T10:32:11Z [7,701ms] [Warning] [omni.usd] Warning: in _ReportErrors at line 3172 of /builds/omniverse/usd-ci/USD/pxr/usd/usd/stage.cpp -- In </go2_description/RR_thigh_rotor/visuals>: Unresolved reference prim path @/tmp/IsaacLab/usd_20260713_183210_4253/go2_description.usd@</visuals/RR_thigh_rotor> introduced by @/tmp/IsaacLab/usd_20260713_183210_4253/configuration/go2_description_base.usd@</go2_description/RR_thigh_rotor/visuals> (recomposing stage on stage @/tmp/IsaacLab/usd_20260713_183210_4253/go2_description.usd@ <0x555fe0f4d990>)

2026-07-13T10:32:11Z [7,701ms] [Warning] [omni.usd] Warning: in _ReportErrors at line 3172 of /builds/omniverse/usd-ci/USD/pxr/usd/usd/stage.cpp -- In </go2_description/RR_thigh_rotor/visuals>: Unresolved reference prim path @/tmp/IsaacLab/usd_20260713_183210_4253/configuration/go2_description_base.usd@</visuals/RR_thigh_rotor> introduced by @/tmp/IsaacLab/usd_20260713_183210_4253/configuration/go2_description_base.usd@</go2_description/RR_thigh_rotor/visuals> (recomposing stage on stage @/tmp/IsaacLab/usd_20260713_183210_4253/configuration/go2_description_base.usd@ <0x555fe0f6ab60>)

2026-07-13T10:32:11Z [7,701ms] [Warning] [omni.usd] Warning: in _ReportErrors at line 3172 of /builds/omniverse/usd-ci/USD/pxr/usd/usd/stage.cpp -- In </go2_description/RR_thigh_rotor/visuals>: Unresolved reference prim path @/tmp/IsaacLab/usd_20260713_183210_4253/configuration/go2_description_physics.usd@</visuals/RR_thigh_rotor> introduced by @/tmp/IsaacLab/usd_20260713_183210_4253/configuration/go2_description_base.usd@</go2_description/RR_thigh_rotor/visuals> (recomposing stage on stage @/tmp/IsaacLab/usd_20260713_183210_4253/configuration/go2_description_physics.usd@ <0x555fe0f624f0>)

2026-07-13T10:32:11Z [7,701ms] [Warning] [omni.usd] Warning: in _ReportErrors at line 3172 of /builds/omniverse/usd-ci/USD/pxr/usd/usd/stage.cpp -- In </go2_description/RR_thigh_rotor/visuals>: Unresolved reference prim path @/tmp/IsaacLab/usd_20260713_183210_4253/go2_description.usd@</visuals/RR_thigh_rotor> introduced by @/tmp/IsaacLab/usd_20260713_183210_4253/configuration/go2_description_base.usd@</go2_description/RR_thigh_rotor/visuals> (recomposing stage on stage @/tmp/IsaacLab/usd_20260713_183210_4253/go2_description.usd@ <0x555fe0f51580>)

2026-07-13T10:32:11Z [7,701ms] [Warning] [omni.usd] Warning: in _ReportErrors at line 3172 of /builds/omniverse/usd-ci/USD/pxr/usd/usd/stage.cpp -- In </go2_description/RR_thigh_rotor/visuals>: Unresolved reference prim path @/tmp/IsaacLab/usd_20260713_183210_4253/go2_description.usd@</visuals/RR_thigh_rotor> introduced by @/tmp/IsaacLab/usd_20260713_183210_4253/configuration/go2_description_base.usd@</go2_description/RR_thigh_rotor/visuals> (recomposing stage on stage @/tmp/IsaacLab/usd_20260713_183210_4253/go2_description.usd@ <0x555fe0f4d990>)

2026-07-13T10:32:11Z [7,701ms] [Warning] [omni.usd] Warning: in _ReportErrors at line 3172 of /builds/omniverse/usd-ci/USD/pxr/usd/usd/stage.cpp -- In </go2_description/RR_thigh_rotor/visuals>: Unresolved reference prim path @/tmp/IsaacLab/usd_20260713_183210_4253/configuration/go2_description_base.usd@</visuals/RR_thigh_rotor> introduced by @/tmp/IsaacLab/usd_20260713_183210_4253/configuration/go2_description_base.usd@</go2_description/RR_thigh_rotor/visuals> (recomposing stage on stage @/tmp/IsaacLab/usd_20260713_183210_4253/configuration/go2_description_base.usd@ <0x555fe0f6ab60>)

2026-07-13T10:32:11Z [7,703ms] [Warning] [omni.usd] Warning: in _ReportErrors at line 3172 of /builds/omniverse/usd-ci/USD/pxr/usd/usd/stage.cpp -- In </go2_description/RR_hip_rotor/visuals>: Unresolved reference prim path @/tmp/IsaacLab/usd_20260713_183210_4253/configuration/go2_description_physics.usd@</visuals/RR_hip_rotor> introduced by @/tmp/IsaacLab/usd_20260713_183210_4253/configuration/go2_description_base.usd@</go2_description/RR_hip_rotor/visuals> (recomposing stage on stage @/tmp/IsaacLab/usd_20260713_183210_4253/configuration/go2_description_physics.usd@ <0x555fe0f624f0>)

2026-07-13T10:32:11Z [7,703ms] [Warning] [omni.usd] Warning: in _ReportErrors at line 3172 of /builds/omniverse/usd-ci/USD/pxr/usd/usd/stage.cpp -- In </go2_description/RR_hip_rotor/visuals>: Unresolved reference prim path @/tmp/IsaacLab/usd_20260713_183210_4253/go2_description.usd@</visuals/RR_hip_rotor> introduced by @/tmp/IsaacLab/usd_20260713_183210_4253/configuration/go2_description_base.usd@</go2_description/RR_hip_rotor/visuals> (recomposing stage on stage @/tmp/IsaacLab/usd_20260713_183210_4253/go2_description.usd@ <0x555fe0f51580>)

2026-07-13T10:32:11Z [7,703ms] [Warning] [omni.usd] Warning: in _ReportErrors at line 3172 of /builds/omniverse/usd-ci/USD/pxr/usd/usd/stage.cpp -- In </go2_description/RR_hip_rotor/visuals>: Unresolved reference prim path @/tmp/IsaacLab/usd_20260713_183210_4253/go2_description.usd@</visuals/RR_hip_rotor> introduced by @/tmp/IsaacLab/usd_20260713_183210_4253/configuration/go2_description_base.usd@</go2_description/RR_hip_rotor/visuals> (recomposing stage on stage @/tmp/IsaacLab/usd_20260713_183210_4253/go2_description.usd@ <0x555fe0f4d990>)

2026-07-13T10:32:11Z [7,703ms] [Warning] [omni.usd] Warning: in _ReportErrors at line 3172 of /builds/omniverse/usd-ci/USD/pxr/usd/usd/stage.cpp -- In </go2_description/RR_hip_rotor/visuals>: Unresolved reference prim path @/tmp/IsaacLab/usd_20260713_183210_4253/configuration/go2_description_base.usd@</visuals/RR_hip_rotor> introduced by @/tmp/IsaacLab/usd_20260713_183210_4253/configuration/go2_description_base.usd@</go2_description/RR_hip_rotor/visuals> (recomposing stage on stage @/tmp/IsaacLab/usd_20260713_183210_4253/configuration/go2_description_base.usd@ <0x555fe0f6ab60>)

2026-07-13T10:32:11Z [7,703ms] [Warning] [omni.usd] Warning: in _ReportErrors at line 3172 of /builds/omniverse/usd-ci/USD/pxr/usd/usd/stage.cpp -- In </go2_description/RR_hip_rotor/visuals>: Unresolved reference prim path @/tmp/IsaacLab/usd_20260713_183210_4253/configuration/go2_description_physics.usd@</visuals/RR_hip_rotor> introduced by @/tmp/IsaacLab/usd_20260713_183210_4253/configuration/go2_description_base.usd@</go2_description/RR_hip_rotor/visuals> (recomposing stage on stage @/tmp/IsaacLab/usd_20260713_183210_4253/configuration/go2_description_physics.usd@ <0x555fe0f624f0>)

2026-07-13T10:32:11Z [7,703ms] [Warning] [omni.usd] Warning: in _ReportErrors at line 3172 of /builds/omniverse/usd-ci/USD/pxr/usd/usd/stage.cpp -- In </go2_description/RR_hip_rotor/visuals>: Unresolved reference prim path @/tmp/IsaacLab/usd_20260713_183210_4253/go2_description.usd@</visuals/RR_hip_rotor> introduced by @/tmp/IsaacLab/usd_20260713_183210_4253/configuration/go2_description_base.usd@</go2_description/RR_hip_rotor/visuals> (recomposing stage on stage @/tmp/IsaacLab/usd_20260713_183210_4253/go2_description.usd@ <0x555fe0f51580>)

2026-07-13T10:32:11Z [7,703ms] [Warning] [omni.usd] Warning: in _ReportErrors at line 3172 of /builds/omniverse/usd-ci/USD/pxr/usd/usd/stage.cpp -- In </go2_description/RR_hip_rotor/visuals>: Unresolved reference prim path @/tmp/IsaacLab/usd_20260713_183210_4253/go2_description.usd@</visuals/RR_hip_rotor> introduced by @/tmp/IsaacLab/usd_20260713_183210_4253/configuration/go2_description_base.usd@</go2_description/RR_hip_rotor/visuals> (recomposing stage on stage @/tmp/IsaacLab/usd_20260713_183210_4253/go2_description.usd@ <0x555fe0f4d990>)

2026-07-13T10:32:11Z [7,703ms] [Warning] [omni.usd] Warning: in _ReportErrors at line 3172 of /builds/omniverse/usd-ci/USD/pxr/usd/usd/stage.cpp -- In </go2_description/RR_hip_rotor/visuals>: Unresolved reference prim path @/tmp/IsaacLab/usd_20260713_183210_4253/configuration/go2_description_base.usd@</visuals/RR_hip_rotor> introduced by @/tmp/IsaacLab/usd_20260713_183210_4253/configuration/go2_description_base.usd@</go2_description/RR_hip_rotor/visuals> (recomposing stage on stage @/tmp/IsaacLab/usd_20260713_183210_4253/configuration/go2_description_base.usd@ <0x555fe0f6ab60>)

2026-07-13T10:32:11Z [7,722ms] [Warning] [omni.usd] Warning: in _ReportErrors at line 3172 of /builds/omniverse/usd-ci/USD/pxr/usd/usd/stage.cpp -- In </go2_description/RR_hip_rotor/visuals>: Unresolved reference prim path @/tmp/IsaacLab/usd_20260713_183210_4253/configuration/go2_description_base.usd@</visuals/RR_hip_rotor> introduced by @/tmp/IsaacLab/usd_20260713_183210_4253/configuration/go2_description_base.usd@</go2_description/RR_hip_rotor/visuals> (recomposing stage on stage @/tmp/IsaacLab/usd_20260713_183210_4253/go2_description.usd@ <0x555fe0f51580>)

2026-07-13T10:32:11Z [7,722ms] [Warning] [omni.usd] Warning: in _ReportErrors at line 3172 of /builds/omniverse/usd-ci/USD/pxr/usd/usd/stage.cpp -- In </go2_description/RR_thigh_rotor/visuals>: Unresolved reference prim path @/tmp/IsaacLab/usd_20260713_183210_4253/configuration/go2_description_base.usd@</visuals/RR_thigh_rotor> introduced by @/tmp/IsaacLab/usd_20260713_183210_4253/configuration/go2_description_base.usd@</go2_description/RR_thigh_rotor/visuals> (recomposing stage on stage @/tmp/IsaacLab/usd_20260713_183210_4253/go2_description.usd@ <0x555fe0f51580>)

2026-07-13T10:32:11Z [7,722ms] [Warning] [omni.usd] Warning: in _ReportErrors at line 3172 of /builds/omniverse/usd-ci/USD/pxr/usd/usd/stage.cpp -- In </go2_description/FL_thigh_rotor/visuals>: Unresolved reference prim path @/tmp/IsaacLab/usd_20260713_183210_4253/configuration/go2_description_base.usd@</visuals/FL_thigh_rotor> introduced by @/tmp/IsaacLab/usd_20260713_183210_4253/configuration/go2_description_base.usd@</go2_description/FL_thigh_rotor/visuals> (recomposing stage on stage @/tmp/IsaacLab/usd_20260713_183210_4253/go2_description.usd@ <0x555fe0f51580>)

2026-07-13T10:32:11Z [7,722ms] [Warning] [omni.usd] Warning: in _ReportErrors at line 3172 of /builds/omniverse/usd-ci/USD/pxr/usd/usd/stage.cpp -- In </go2_description/FL_calf_rotor/visuals>: Unresolved reference prim path @/tmp/IsaacLab/usd_20260713_183210_4253/configuration/go2_description_base.usd@</visuals/FL_calf_rotor> introduced by @/tmp/IsaacLab/usd_20260713_183210_4253/configuration/go2_description_base.usd@</go2_description/FL_calf_rotor/visuals> (recomposing stage on stage @/tmp/IsaacLab/usd_20260713_183210_4253/go2_description.usd@ <0x555fe0f51580>)

2026-07-13T10:32:11Z [7,722ms] [Warning] [omni.usd] Warning: in _ReportErrors at line 3172 of /builds/omniverse/usd-ci/USD/pxr/usd/usd/stage.cpp -- In </go2_description/FR_calf_rotor/visuals>: Unresolved reference prim path @/tmp/IsaacLab/usd_20260713_183210_4253/configuration/go2_description_base.usd@</visuals/FR_calf_rotor> introduced by @/tmp/IsaacLab/usd_20260713_183210_4253/configuration/go2_description_base.usd@</go2_description/FR_calf_rotor/visuals> (recomposing stage on stage @/tmp/IsaacLab/usd_20260713_183210_4253/go2_description.usd@ <0x555fe0f51580>)

2026-07-13T10:32:11Z [7,722ms] [Warning] [omni.usd] Warning: in _ReportErrors at line 3172 of /builds/omniverse/usd-ci/USD/pxr/usd/usd/stage.cpp -- In </go2_description/FL_hip_rotor/visuals>: Unresolved reference prim path @/tmp/IsaacLab/usd_20260713_183210_4253/configuration/go2_description_base.usd@</visuals/FL_hip_rotor> introduced by @/tmp/IsaacLab/usd_20260713_183210_4253/configuration/go2_description_base.usd@</go2_description/FL_hip_rotor/visuals> (recomposing stage on stage @/tmp/IsaacLab/usd_20260713_183210_4253/go2_description.usd@ <0x555fe0f51580>)

2026-07-13T10:32:11Z [7,722ms] [Warning] [omni.usd] Warning: in _ReportErrors at line 3172 of /builds/omniverse/usd-ci/USD/pxr/usd/usd/stage.cpp -- In </go2_description/RR_calf_rotor/visuals>: Unresolved reference prim path @/tmp/IsaacLab/usd_20260713_183210_4253/configuration/go2_description_base.usd@</visuals/RR_calf_rotor> introduced by @/tmp/IsaacLab/usd_20260713_183210_4253/configuration/go2_description_base.usd@</go2_description/RR_calf_rotor/visuals> (recomposing stage on stage @/tmp/IsaacLab/usd_20260713_183210_4253/go2_description.usd@ <0x555fe0f51580>)

2026-07-13T10:32:11Z [7,722ms] [Warning] [omni.usd] Warning: in _ReportErrors at line 3172 of /builds/omniverse/usd-ci/USD/pxr/usd/usd/stage.cpp -- In </go2_description/FR_thigh_rotor/visuals>: Unresolved reference prim path @/tmp/IsaacLab/usd_20260713_183210_4253/configuration/go2_description_base.usd@</visuals/FR_thigh_rotor> introduced by @/tmp/IsaacLab/usd_20260713_183210_4253/configuration/go2_description_base.usd@</go2_description/FR_thigh_rotor/visuals> (recomposing stage on stage @/tmp/IsaacLab/usd_20260713_183210_4253/go2_description.usd@ <0x555fe0f51580>)

2026-07-13T10:32:11Z [7,722ms] [Warning] [omni.usd] Warning: in _ReportErrors at line 3172 of /builds/omniverse/usd-ci/USD/pxr/usd/usd/stage.cpp -- In </go2_description/FR_hip_rotor/visuals>: Unresolved reference prim path @/tmp/IsaacLab/usd_20260713_183210_4253/configuration/go2_description_base.usd@</visuals/FR_hip_rotor> introduced by @/tmp/IsaacLab/usd_20260713_183210_4253/configuration/go2_description_base.usd@</go2_description/FR_hip_rotor/visuals> (recomposing stage on stage @/tmp/IsaacLab/usd_20260713_183210_4253/go2_description.usd@ <0x555fe0f51580>)

2026-07-13T10:32:11Z [7,722ms] [Warning] [omni.usd] Warning: in _ReportErrors at line 3172 of /builds/omniverse/usd-ci/USD/pxr/usd/usd/stage.cpp -- In </go2_description/Head_upper/visuals>: Unresolved reference prim path @/tmp/IsaacLab/usd_20260713_183210_4253/configuration/go2_description_base.usd@</visuals/Head_upper> introduced by @/tmp/IsaacLab/usd_20260713_183210_4253/configuration/go2_description_base.usd@</go2_description/Head_upper/visuals> (recomposing stage on stage @/tmp/IsaacLab/usd_20260713_183210_4253/go2_description.usd@ <0x555fe0f51580>)

2026-07-13T10:32:11Z [7,722ms] [Warning] [omni.usd] Warning: in _ReportErrors at line 3172 of /builds/omniverse/usd-ci/USD/pxr/usd/usd/stage.cpp -- In </go2_description/Head_lower/visuals>: Unresolved reference prim path @/tmp/IsaacLab/usd_20260713_183210_4253/configuration/go2_description_base.usd@</visuals/Head_lower> introduced by @/tmp/IsaacLab/usd_20260713_183210_4253/configuration/go2_description_base.usd@</go2_description/Head_lower/visuals> (recomposing stage on stage @/tmp/IsaacLab/usd_20260713_183210_4253/go2_description.usd@ <0x555fe0f51580>)

2026-07-13T10:32:11Z [7,722ms] [Warning] [omni.usd] Warning: in _ReportErrors at line 3172 of /builds/omniverse/usd-ci/USD/pxr/usd/usd/stage.cpp -- In </go2_description/RL_thigh_rotor/visuals>: Unresolved reference prim path @/tmp/IsaacLab/usd_20260713_183210_4253/configuration/go2_description_base.usd@</visuals/RL_thigh_rotor> introduced by @/tmp/IsaacLab/usd_20260713_183210_4253/configuration/go2_description_base.usd@</go2_description/RL_thigh_rotor/visuals> (recomposing stage on stage @/tmp/IsaacLab/usd_20260713_183210_4253/go2_description.usd@ <0x555fe0f51580>)

2026-07-13T10:32:11Z [7,722ms] [Warning] [omni.usd] Warning: in _ReportErrors at line 3172 of /builds/omniverse/usd-ci/USD/pxr/usd/usd/stage.cpp -- In </go2_description/RL_hip_rotor/visuals>: Unresolved reference prim path @/tmp/IsaacLab/usd_20260713_183210_4253/configuration/go2_description_base.usd@</visuals/RL_hip_rotor> introduced by @/tmp/IsaacLab/usd_20260713_183210_4253/configuration/go2_description_base.usd@</go2_description/RL_hip_rotor/visuals> (recomposing stage on stage @/tmp/IsaacLab/usd_20260713_183210_4253/go2_description.usd@ <0x555fe0f51580>)

2026-07-13T10:32:11Z [7,722ms] [Warning] [omni.usd] Warning: in _ReportErrors at line 3172 of /builds/omniverse/usd-ci/USD/pxr/usd/usd/stage.cpp -- In </go2_description/RL_calf_rotor/visuals>: Unresolved reference prim path @/tmp/IsaacLab/usd_20260713_183210_4253/configuration/go2_description_base.usd@</visuals/RL_calf_rotor> introduced by @/tmp/IsaacLab/usd_20260713_183210_4253/configuration/go2_description_base.usd@</go2_description/RL_calf_rotor/visuals> (recomposing stage on stage @/tmp/IsaacLab/usd_20260713_183210_4253/go2_description.usd@ <0x555fe0f51580>)

2026-07-13T10:32:11Z [7,723ms] [Warning] [omni.usd] Warning: in _ReportErrors at line 3172 of /builds/omniverse/usd-ci/USD/pxr/usd/usd/stage.cpp -- In </go2_description/RR_hip_rotor/visuals>: Unresolved reference prim path @/tmp/IsaacLab/usd_20260713_183210_4253/configuration/go2_description_base.usd@</visuals/RR_hip_rotor> introduced by @/tmp/IsaacLab/usd_20260713_183210_4253/configuration/go2_description_base.usd@</go2_description/RR_hip_rotor/visuals> (recomposing stage on stage @/tmp/IsaacLab/usd_20260713_183210_4253/go2_description.usd@ <0x555fe0f4d990>)

2026-07-13T10:32:11Z [7,723ms] [Warning] [omni.usd] Warning: in _ReportErrors at line 3172 of /builds/omniverse/usd-ci/USD/pxr/usd/usd/stage.cpp -- In </go2_description/FL_calf_rotor/visuals>: Unresolved reference prim path @/tmp/IsaacLab/usd_20260713_183210_4253/configuration/go2_description_base.usd@</visuals/FL_calf_rotor> introduced by @/tmp/IsaacLab/usd_20260713_183210_4253/configuration/go2_description_base.usd@</go2_description/FL_calf_rotor/visuals> (recomposing stage on stage @/tmp/IsaacLab/usd_20260713_183210_4253/go2_description.usd@ <0x555fe0f4d990>)

2026-07-13T10:32:11Z [7,723ms] [Warning] [omni.usd] Warning: in _ReportErrors at line 3172 of /builds/omniverse/usd-ci/USD/pxr/usd/usd/stage.cpp -- In </go2_description/FR_calf_rotor/visuals>: Unresolved reference prim path @/tmp/IsaacLab/usd_20260713_183210_4253/configuration/go2_description_base.usd@</visuals/FR_calf_rotor> introduced by @/tmp/IsaacLab/usd_20260713_183210_4253/configuration/go2_description_base.usd@</go2_description/FR_calf_rotor/visuals> (recomposing stage on stage @/tmp/IsaacLab/usd_20260713_183210_4253/go2_description.usd@ <0x555fe0f4d990>)

2026-07-13T10:32:11Z [7,723ms] [Warning] [omni.usd] Warning: in _ReportErrors at line 3172 of /builds/omniverse/usd-ci/USD/pxr/usd/usd/stage.cpp -- In </go2_description/FL_hip_rotor/visuals>: Unresolved reference prim path @/tmp/IsaacLab/usd_20260713_183210_4253/configuration/go2_description_base.usd@</visuals/FL_hip_rotor> introduced by @/tmp/IsaacLab/usd_20260713_183210_4253/configuration/go2_description_base.usd@</go2_description/FL_hip_rotor/visuals> (recomposing stage on stage @/tmp/IsaacLab/usd_20260713_183210_4253/go2_description.usd@ <0x555fe0f4d990>)

2026-07-13T10:32:11Z [7,723ms] [Warning] [omni.usd] Warning: in _ReportErrors at line 3172 of /builds/omniverse/usd-ci/USD/pxr/usd/usd/stage.cpp -- In </go2_description/FL_thigh_rotor/visuals>: Unresolved reference prim path @/tmp/IsaacLab/usd_20260713_183210_4253/configuration/go2_description_base.usd@</visuals/FL_thigh_rotor> introduced by @/tmp/IsaacLab/usd_20260713_183210_4253/configuration/go2_description_base.usd@</go2_description/FL_thigh_rotor/visuals> (recomposing stage on stage @/tmp/IsaacLab/usd_20260713_183210_4253/go2_description.usd@ <0x555fe0f4d990>)

2026-07-13T10:32:11Z [7,723ms] [Warning] [omni.usd] Warning: in _ReportErrors at line 3172 of /builds/omniverse/usd-ci/USD/pxr/usd/usd/stage.cpp -- In </go2_description/RR_thigh_rotor/visuals>: Unresolved reference prim path @/tmp/IsaacLab/usd_20260713_183210_4253/configuration/go2_description_base.usd@</visuals/RR_thigh_rotor> introduced by @/tmp/IsaacLab/usd_20260713_183210_4253/configuration/go2_description_base.usd@</go2_description/RR_thigh_rotor/visuals> (recomposing stage on stage @/tmp/IsaacLab/usd_20260713_183210_4253/go2_description.usd@ <0x555fe0f4d990>)

2026-07-13T10:32:11Z [7,723ms] [Warning] [omni.usd] Warning: in _ReportErrors at line 3172 of /builds/omniverse/usd-ci/USD/pxr/usd/usd/stage.cpp -- In </go2_description/FR_thigh_rotor/visuals>: Unresolved reference prim path @/tmp/IsaacLab/usd_20260713_183210_4253/configuration/go2_description_base.usd@</visuals/FR_thigh_rotor> introduced by @/tmp/IsaacLab/usd_20260713_183210_4253/configuration/go2_description_base.usd@</go2_description/FR_thigh_rotor/visuals> (recomposing stage on stage @/tmp/IsaacLab/usd_20260713_183210_4253/go2_description.usd@ <0x555fe0f4d990>)

2026-07-13T10:32:11Z [7,723ms] [Warning] [omni.usd] Warning: in _ReportErrors at line 3172 of /builds/omniverse/usd-ci/USD/pxr/usd/usd/stage.cpp -- In </go2_description/RR_calf_rotor/visuals>: Unresolved reference prim path @/tmp/IsaacLab/usd_20260713_183210_4253/configuration/go2_description_base.usd@</visuals/RR_calf_rotor> introduced by @/tmp/IsaacLab/usd_20260713_183210_4253/configuration/go2_description_base.usd@</go2_description/RR_calf_rotor/visuals> (recomposing stage on stage @/tmp/IsaacLab/usd_20260713_183210_4253/go2_description.usd@ <0x555fe0f4d990>)

2026-07-13T10:32:11Z [7,723ms] [Warning] [omni.usd] Warning: in _ReportErrors at line 3172 of /builds/omniverse/usd-ci/USD/pxr/usd/usd/stage.cpp -- In </go2_description/FR_hip_rotor/visuals>: Unresolved reference prim path @/tmp/IsaacLab/usd_20260713_183210_4253/configuration/go2_description_base.usd@</visuals/FR_hip_rotor> introduced by @/tmp/IsaacLab/usd_20260713_183210_4253/configuration/go2_description_base.usd@</go2_description/FR_hip_rotor/visuals> (recomposing stage on stage @/tmp/IsaacLab/usd_20260713_183210_4253/go2_description.usd@ <0x555fe0f4d990>)

2026-07-13T10:32:11Z [7,723ms] [Warning] [omni.usd] Warning: in _ReportErrors at line 3172 of /builds/omniverse/usd-ci/USD/pxr/usd/usd/stage.cpp -- In </go2_description/Head_upper/visuals>: Unresolved reference prim path @/tmp/IsaacLab/usd_20260713_183210_4253/configuration/go2_description_base.usd@</visuals/Head_upper> introduced by @/tmp/IsaacLab/usd_20260713_183210_4253/configuration/go2_description_base.usd@</go2_description/Head_upper/visuals> (recomposing stage on stage @/tmp/IsaacLab/usd_20260713_183210_4253/go2_description.usd@ <0x555fe0f4d990>)

2026-07-13T10:32:11Z [7,723ms] [Warning] [omni.usd] Warning: in _ReportErrors at line 3172 of /builds/omniverse/usd-ci/USD/pxr/usd/usd/stage.cpp -- In </go2_description/Head_lower/visuals>: Unresolved reference prim path @/tmp/IsaacLab/usd_20260713_183210_4253/configuration/go2_description_base.usd@</visuals/Head_lower> introduced by @/tmp/IsaacLab/usd_20260713_183210_4253/configuration/go2_description_base.usd@</go2_description/Head_lower/visuals> (recomposing stage on stage @/tmp/IsaacLab/usd_20260713_183210_4253/go2_description.usd@ <0x555fe0f4d990>)

2026-07-13T10:32:11Z [7,723ms] [Warning] [omni.usd] Warning: in _ReportErrors at line 3172 of /builds/omniverse/usd-ci/USD/pxr/usd/usd/stage.cpp -- In </go2_description/RL_calf_rotor/visuals>: Unresolved reference prim path @/tmp/IsaacLab/usd_20260713_183210_4253/configuration/go2_description_base.usd@</visuals/RL_calf_rotor> introduced by @/tmp/IsaacLab/usd_20260713_183210_4253/configuration/go2_description_base.usd@</go2_description/RL_calf_rotor/visuals> (recomposing stage on stage @/tmp/IsaacLab/usd_20260713_183210_4253/go2_description.usd@ <0x555fe0f4d990>)

2026-07-13T10:32:11Z [7,723ms] [Warning] [omni.usd] Warning: in _ReportErrors at line 3172 of /builds/omniverse/usd-ci/USD/pxr/usd/usd/stage.cpp -- In </go2_description/RL_thigh_rotor/visuals>: Unresolved reference prim path @/tmp/IsaacLab/usd_20260713_183210_4253/configuration/go2_description_base.usd@</visuals/RL_thigh_rotor> introduced by @/tmp/IsaacLab/usd_20260713_183210_4253/configuration/go2_description_base.usd@</go2_description/RL_thigh_rotor/visuals> (recomposing stage on stage @/tmp/IsaacLab/usd_20260713_183210_4253/go2_description.usd@ <0x555fe0f4d990>)

2026-07-13T10:32:11Z [7,723ms] [Warning] [omni.usd] Warning: in _ReportErrors at line 3172 of /builds/omniverse/usd-ci/USD/pxr/usd/usd/stage.cpp -- In </go2_description/RL_hip_rotor/visuals>: Unresolved reference prim path @/tmp/IsaacLab/usd_20260713_183210_4253/configuration/go2_description_base.usd@</visuals/RL_hip_rotor> introduced by @/tmp/IsaacLab/usd_20260713_183210_4253/configuration/go2_description_base.usd@</go2_description/RL_hip_rotor/visuals> (recomposing stage on stage @/tmp/IsaacLab/usd_20260713_183210_4253/go2_description.usd@ <0x555fe0f4d990>)

2026-07-13T10:32:11Z [7,724ms] [Warning] [omni.usd] Warning: in _ReportErrors at line 3172 of /builds/omniverse/usd-ci/USD/pxr/usd/usd/stage.cpp -- In </go2_description/RR_hip_rotor/visuals>: Unresolved reference prim path @/tmp/IsaacLab/usd_20260713_183210_4253/configuration/go2_description_physics.usd@</visuals/RR_hip_rotor> introduced by @/tmp/IsaacLab/usd_20260713_183210_4253/configuration/go2_description_base.usd@</go2_description/RR_hip_rotor/visuals> (recomposing stage on stage @/tmp/IsaacLab/usd_20260713_183210_4253/go2_description.usd@ <0x555fe0f51580>)

2026-07-13T10:32:11Z [7,724ms] [Warning] [omni.usd] Warning: in _ReportErrors at line 3172 of /builds/omniverse/usd-ci/USD/pxr/usd/usd/stage.cpp -- In </go2_description/FL_calf_rotor/visuals>: Unresolved reference prim path @/tmp/IsaacLab/usd_20260713_183210_4253/configuration/go2_description_physics.usd@</visuals/FL_calf_rotor> introduced by @/tmp/IsaacLab/usd_20260713_183210_4253/configuration/go2_description_base.usd@</go2_description/FL_calf_rotor/visuals> (recomposing stage on stage @/tmp/IsaacLab/usd_20260713_183210_4253/go2_description.usd@ <0x555fe0f51580>)

2026-07-13T10:32:11Z [7,724ms] [Warning] [omni.usd] Warning: in _ReportErrors at line 3172 of /builds/omniverse/usd-ci/USD/pxr/usd/usd/stage.cpp -- In </go2_description/FL_thigh_rotor/visuals>: Unresolved reference prim path @/tmp/IsaacLab/usd_20260713_183210_4253/configuration/go2_description_physics.usd@</visuals/FL_thigh_rotor> introduced by @/tmp/IsaacLab/usd_20260713_183210_4253/configuration/go2_description_base.usd@</go2_description/FL_thigh_rotor/visuals> (recomposing stage on stage @/tmp/IsaacLab/usd_20260713_183210_4253/go2_description.usd@ <0x555fe0f51580>)

2026-07-13T10:32:11Z [7,724ms] [Warning] [omni.usd] Warning: in _ReportErrors at line 3172 of /builds/omniverse/usd-ci/USD/pxr/usd/usd/stage.cpp -- In </go2_description/FL_hip_rotor/visuals>: Unresolved reference prim path @/tmp/IsaacLab/usd_20260713_183210_4253/configuration/go2_description_physics.usd@</visuals/FL_hip_rotor> introduced by @/tmp/IsaacLab/usd_20260713_183210_4253/configuration/go2_description_base.usd@</go2_description/FL_hip_rotor/visuals> (recomposing stage on stage @/tmp/IsaacLab/usd_20260713_183210_4253/go2_description.usd@ <0x555fe0f51580>)

2026-07-13T10:32:11Z [7,724ms] [Warning] [omni.usd] Warning: in _ReportErrors at line 3172 of /builds/omniverse/usd-ci/USD/pxr/usd/usd/stage.cpp -- In </go2_description/RR_thigh_rotor/visuals>: Unresolved reference prim path @/tmp/IsaacLab/usd_20260713_183210_4253/configuration/go2_description_physics.usd@</visuals/RR_thigh_rotor> introduced by @/tmp/IsaacLab/usd_20260713_183210_4253/configuration/go2_description_base.usd@</go2_description/RR_thigh_rotor/visuals> (recomposing stage on stage @/tmp/IsaacLab/usd_20260713_183210_4253/go2_description.usd@ <0x555fe0f51580>)

2026-07-13T10:32:11Z [7,724ms] [Warning] [omni.usd] Warning: in _ReportErrors at line 3172 of /builds/omniverse/usd-ci/USD/pxr/usd/usd/stage.cpp -- In </go2_description/RR_calf_rotor/visuals>: Unresolved reference prim path @/tmp/IsaacLab/usd_20260713_183210_4253/configuration/go2_description_physics.usd@</visuals/RR_calf_rotor> introduced by @/tmp/IsaacLab/usd_20260713_183210_4253/configuration/go2_description_base.usd@</go2_description/RR_calf_rotor/visuals> (recomposing stage on stage @/tmp/IsaacLab/usd_20260713_183210_4253/go2_description.usd@ <0x555fe0f51580>)

2026-07-13T10:32:11Z [7,724ms] [Warning] [omni.usd] Warning: in _ReportErrors at line 3172 of /builds/omniverse/usd-ci/USD/pxr/usd/usd/stage.cpp -- In </go2_description/FR_calf_rotor/visuals>: Unresolved reference prim path @/tmp/IsaacLab/usd_20260713_183210_4253/configuration/go2_description_physics.usd@</visuals/FR_calf_rotor> introduced by @/tmp/IsaacLab/usd_20260713_183210_4253/configuration/go2_description_base.usd@</go2_description/FR_calf_rotor/visuals> (recomposing stage on stage @/tmp/IsaacLab/usd_20260713_183210_4253/go2_description.usd@ <0x555fe0f51580>)

2026-07-13T10:32:11Z [7,724ms] [Warning] [omni.usd] Warning: in _ReportErrors at line 3172 of /builds/omniverse/usd-ci/USD/pxr/usd/usd/stage.cpp -- In </go2_description/FR_thigh_rotor/visuals>: Unresolved reference prim path @/tmp/IsaacLab/usd_20260713_183210_4253/configuration/go2_description_physics.usd@</visuals/FR_thigh_rotor> introduced by @/tmp/IsaacLab/usd_20260713_183210_4253/configuration/go2_description_base.usd@</go2_description/FR_thigh_rotor/visuals> (recomposing stage on stage @/tmp/IsaacLab/usd_20260713_183210_4253/go2_description.usd@ <0x555fe0f51580>)

2026-07-13T10:32:11Z [7,724ms] [Warning] [omni.usd] Warning: in _ReportErrors at line 3172 of /builds/omniverse/usd-ci/USD/pxr/usd/usd/stage.cpp -- In </go2_description/FR_hip_rotor/visuals>: Unresolved reference prim path @/tmp/IsaacLab/usd_20260713_183210_4253/configuration/go2_description_physics.usd@</visuals/FR_hip_rotor> introduced by @/tmp/IsaacLab/usd_20260713_183210_4253/configuration/go2_description_base.usd@</go2_description/FR_hip_rotor/visuals> (recomposing stage on stage @/tmp/IsaacLab/usd_20260713_183210_4253/go2_description.usd@ <0x555fe0f51580>)

2026-07-13T10:32:11Z [7,724ms] [Warning] [omni.usd] Warning: in _ReportErrors at line 3172 of /builds/omniverse/usd-ci/USD/pxr/usd/usd/stage.cpp -- In </go2_description/Head_upper/visuals>: Unresolved reference prim path @/tmp/IsaacLab/usd_20260713_183210_4253/configuration/go2_description_physics.usd@</visuals/Head_upper> introduced by @/tmp/IsaacLab/usd_20260713_183210_4253/configuration/go2_description_base.usd@</go2_description/Head_upper/visuals> (recomposing stage on stage @/tmp/IsaacLab/usd_20260713_183210_4253/go2_description.usd@ <0x555fe0f51580>)

2026-07-13T10:32:11Z [7,724ms] [Warning] [omni.usd] Warning: in _ReportErrors at line 3172 of /builds/omniverse/usd-ci/USD/pxr/usd/usd/stage.cpp -- In </go2_description/Head_lower/visuals>: Unresolved reference prim path @/tmp/IsaacLab/usd_20260713_183210_4253/configuration/go2_description_physics.usd@</visuals/Head_lower> introduced by @/tmp/IsaacLab/usd_20260713_183210_4253/configuration/go2_description_base.usd@</go2_description/Head_lower/visuals> (recomposing stage on stage @/tmp/IsaacLab/usd_20260713_183210_4253/go2_description.usd@ <0x555fe0f51580>)

2026-07-13T10:32:11Z [7,724ms] [Warning] [omni.usd] Warning: in _ReportErrors at line 3172 of /builds/omniverse/usd-ci/USD/pxr/usd/usd/stage.cpp -- In </go2_description/RL_calf_rotor/visuals>: Unresolved reference prim path @/tmp/IsaacLab/usd_20260713_183210_4253/configuration/go2_description_physics.usd@</visuals/RL_calf_rotor> introduced by @/tmp/IsaacLab/usd_20260713_183210_4253/configuration/go2_description_base.usd@</go2_description/RL_calf_rotor/visuals> (recomposing stage on stage @/tmp/IsaacLab/usd_20260713_183210_4253/go2_description.usd@ <0x555fe0f51580>)

2026-07-13T10:32:11Z [7,724ms] [Warning] [omni.usd] Warning: in _ReportErrors at line 3172 of /builds/omniverse/usd-ci/USD/pxr/usd/usd/stage.cpp -- In </go2_description/RL_hip_rotor/visuals>: Unresolved reference prim path @/tmp/IsaacLab/usd_20260713_183210_4253/configuration/go2_description_physics.usd@</visuals/RL_hip_rotor> introduced by @/tmp/IsaacLab/usd_20260713_183210_4253/configuration/go2_description_base.usd@</go2_description/RL_hip_rotor/visuals> (recomposing stage on stage @/tmp/IsaacLab/usd_20260713_183210_4253/go2_description.usd@ <0x555fe0f51580>)

2026-07-13T10:32:11Z [7,724ms] [Warning] [omni.usd] Warning: in _ReportErrors at line 3172 of /builds/omniverse/usd-ci/USD/pxr/usd/usd/stage.cpp -- In </go2_description/RL_thigh_rotor/visuals>: Unresolved reference prim path @/tmp/IsaacLab/usd_20260713_183210_4253/configuration/go2_description_physics.usd@</visuals/RL_thigh_rotor> introduced by @/tmp/IsaacLab/usd_20260713_183210_4253/configuration/go2_description_base.usd@</go2_description/RL_thigh_rotor/visuals> (recomposing stage on stage @/tmp/IsaacLab/usd_20260713_183210_4253/go2_description.usd@ <0x555fe0f51580>)

2026-07-13T10:32:11Z [7,725ms] [Warning] [omni.usd] Warning: in _ReportErrors at line 3172 of /builds/omniverse/usd-ci/USD/pxr/usd/usd/stage.cpp -- In </go2_description/RR_hip_rotor/visuals>: Unresolved reference prim path @/tmp/IsaacLab/usd_20260713_183210_4253/configuration/go2_description_physics.usd@</visuals/RR_hip_rotor> introduced by @/tmp/IsaacLab/usd_20260713_183210_4253/configuration/go2_description_base.usd@</go2_description/RR_hip_rotor/visuals> (recomposing stage on stage @/tmp/IsaacLab/usd_20260713_183210_4253/go2_description.usd@ <0x555fe0f4d990>)

2026-07-13T10:32:11Z [7,725ms] [Warning] [omni.usd] Warning: in _ReportErrors at line 3172 of /builds/omniverse/usd-ci/USD/pxr/usd/usd/stage.cpp -- In </go2_description/FL_calf_rotor/visuals>: Unresolved reference prim path @/tmp/IsaacLab/usd_20260713_183210_4253/configuration/go2_description_physics.usd@</visuals/FL_calf_rotor> introduced by @/tmp/IsaacLab/usd_20260713_183210_4253/configuration/go2_description_base.usd@</go2_description/FL_calf_rotor/visuals> (recomposing stage on stage @/tmp/IsaacLab/usd_20260713_183210_4253/go2_description.usd@ <0x555fe0f4d990>)

2026-07-13T10:32:11Z [7,725ms] [Warning] [omni.usd] Warning: in _ReportErrors at line 3172 of /builds/omniverse/usd-ci/USD/pxr/usd/usd/stage.cpp -- In </go2_description/FL_hip_rotor/visuals>: Unresolved reference prim path @/tmp/IsaacLab/usd_20260713_183210_4253/configuration/go2_description_physics.usd@</visuals/FL_hip_rotor> introduced by @/tmp/IsaacLab/usd_20260713_183210_4253/configuration/go2_description_base.usd@</go2_description/FL_hip_rotor/visuals> (recomposing stage on stage @/tmp/IsaacLab/usd_20260713_183210_4253/go2_description.usd@ <0x555fe0f4d990>)

2026-07-13T10:32:11Z [7,725ms] [Warning] [omni.usd] Warning: in _ReportErrors at line 3172 of /builds/omniverse/usd-ci/USD/pxr/usd/usd/stage.cpp -- In </go2_description/FL_thigh_rotor/visuals>: Unresolved reference prim path @/tmp/IsaacLab/usd_20260713_183210_4253/configuration/go2_description_physics.usd@</visuals/FL_thigh_rotor> introduced by @/tmp/IsaacLab/usd_20260713_183210_4253/configuration/go2_description_base.usd@</go2_description/FL_thigh_rotor/visuals> (recomposing stage on stage @/tmp/IsaacLab/usd_20260713_183210_4253/go2_description.usd@ <0x555fe0f4d990>)

2026-07-13T10:32:11Z [7,725ms] [Warning] [omni.usd] Warning: in _ReportErrors at line 3172 of /builds/omniverse/usd-ci/USD/pxr/usd/usd/stage.cpp -- In </go2_description/RR_thigh_rotor/visuals>: Unresolved reference prim path @/tmp/IsaacLab/usd_20260713_183210_4253/configuration/go2_description_physics.usd@</visuals/RR_thigh_rotor> introduced by @/tmp/IsaacLab/usd_20260713_183210_4253/configuration/go2_description_base.usd@</go2_description/RR_thigh_rotor/visuals> (recomposing stage on stage @/tmp/IsaacLab/usd_20260713_183210_4253/go2_description.usd@ <0x555fe0f4d990>)

2026-07-13T10:32:11Z [7,725ms] [Warning] [omni.usd] Warning: in _ReportErrors at line 3172 of /builds/omniverse/usd-ci/USD/pxr/usd/usd/stage.cpp -- In </go2_description/RR_calf_rotor/visuals>: Unresolved reference prim path @/tmp/IsaacLab/usd_20260713_183210_4253/configuration/go2_description_physics.usd@</visuals/RR_calf_rotor> introduced by @/tmp/IsaacLab/usd_20260713_183210_4253/configuration/go2_description_base.usd@</go2_description/RR_calf_rotor/visuals> (recomposing stage on stage @/tmp/IsaacLab/usd_20260713_183210_4253/go2_description.usd@ <0x555fe0f4d990>)

2026-07-13T10:32:11Z [7,725ms] [Warning] [omni.usd] Warning: in _ReportErrors at line 3172 of /builds/omniverse/usd-ci/USD/pxr/usd/usd/stage.cpp -- In </go2_description/FR_calf_rotor/visuals>: Unresolved reference prim path @/tmp/IsaacLab/usd_20260713_183210_4253/configuration/go2_description_physics.usd@</visuals/FR_calf_rotor> introduced by @/tmp/IsaacLab/usd_20260713_183210_4253/configuration/go2_description_base.usd@</go2_description/FR_calf_rotor/visuals> (recomposing stage on stage @/tmp/IsaacLab/usd_20260713_183210_4253/go2_description.usd@ <0x555fe0f4d990>)

2026-07-13T10:32:11Z [7,725ms] [Warning] [omni.usd] Warning: in _ReportErrors at line 3172 of /builds/omniverse/usd-ci/USD/pxr/usd/usd/stage.cpp -- In </go2_description/FR_thigh_rotor/visuals>: Unresolved reference prim path @/tmp/IsaacLab/usd_20260713_183210_4253/configuration/go2_description_physics.usd@</visuals/FR_thigh_rotor> introduced by @/tmp/IsaacLab/usd_20260713_183210_4253/configuration/go2_description_base.usd@</go2_description/FR_thigh_rotor/visuals> (recomposing stage on stage @/tmp/IsaacLab/usd_20260713_183210_4253/go2_description.usd@ <0x555fe0f4d990>)

2026-07-13T10:32:11Z [7,725ms] [Warning] [omni.usd] Warning: in _ReportErrors at line 3172 of /builds/omniverse/usd-ci/USD/pxr/usd/usd/stage.cpp -- In </go2_description/FR_hip_rotor/visuals>: Unresolved reference prim path @/tmp/IsaacLab/usd_20260713_183210_4253/configuration/go2_description_physics.usd@</visuals/FR_hip_rotor> introduced by @/tmp/IsaacLab/usd_20260713_183210_4253/configuration/go2_description_base.usd@</go2_description/FR_hip_rotor/visuals> (recomposing stage on stage @/tmp/IsaacLab/usd_20260713_183210_4253/go2_description.usd@ <0x555fe0f4d990>)

2026-07-13T10:32:11Z [7,725ms] [Warning] [omni.usd] Warning: in _ReportErrors at line 3172 of /builds/omniverse/usd-ci/USD/pxr/usd/usd/stage.cpp -- In </go2_description/Head_lower/visuals>: Unresolved reference prim path @/tmp/IsaacLab/usd_20260713_183210_4253/configuration/go2_description_physics.usd@</visuals/Head_lower> introduced by @/tmp/IsaacLab/usd_20260713_183210_4253/configuration/go2_description_base.usd@</go2_description/Head_lower/visuals> (recomposing stage on stage @/tmp/IsaacLab/usd_20260713_183210_4253/go2_description.usd@ <0x555fe0f4d990>)

2026-07-13T10:32:11Z [7,725ms] [Warning] [omni.usd] Warning: in _ReportErrors at line 3172 of /builds/omniverse/usd-ci/USD/pxr/usd/usd/stage.cpp -- In </go2_description/Head_upper/visuals>: Unresolved reference prim path @/tmp/IsaacLab/usd_20260713_183210_4253/configuration/go2_description_physics.usd@</visuals/Head_upper> introduced by @/tmp/IsaacLab/usd_20260713_183210_4253/configuration/go2_description_base.usd@</go2_description/Head_upper/visuals> (recomposing stage on stage @/tmp/IsaacLab/usd_20260713_183210_4253/go2_description.usd@ <0x555fe0f4d990>)

2026-07-13T10:32:11Z [7,725ms] [Warning] [omni.usd] Warning: in _ReportErrors at line 3172 of /builds/omniverse/usd-ci/USD/pxr/usd/usd/stage.cpp -- In </go2_description/RL_calf_rotor/visuals>: Unresolved reference prim path @/tmp/IsaacLab/usd_20260713_183210_4253/configuration/go2_description_physics.usd@</visuals/RL_calf_rotor> introduced by @/tmp/IsaacLab/usd_20260713_183210_4253/configuration/go2_description_base.usd@</go2_description/RL_calf_rotor/visuals> (recomposing stage on stage @/tmp/IsaacLab/usd_20260713_183210_4253/go2_description.usd@ <0x555fe0f4d990>)

2026-07-13T10:32:11Z [7,725ms] [Warning] [omni.usd] Warning: in _ReportErrors at line 3172 of /builds/omniverse/usd-ci/USD/pxr/usd/usd/stage.cpp -- In </go2_description/RL_thigh_rotor/visuals>: Unresolved reference prim path @/tmp/IsaacLab/usd_20260713_183210_4253/configuration/go2_description_physics.usd@</visuals/RL_thigh_rotor> introduced by @/tmp/IsaacLab/usd_20260713_183210_4253/configuration/go2_description_base.usd@</go2_description/RL_thigh_rotor/visuals> (recomposing stage on stage @/tmp/IsaacLab/usd_20260713_183210_4253/go2_description.usd@ <0x555fe0f4d990>)

2026-07-13T10:32:11Z [7,725ms] [Warning] [omni.usd] Warning: in _ReportErrors at line 3172 of /builds/omniverse/usd-ci/USD/pxr/usd/usd/stage.cpp -- In </go2_description/RL_hip_rotor/visuals>: Unresolved reference prim path @/tmp/IsaacLab/usd_20260713_183210_4253/configuration/go2_description_physics.usd@</visuals/RL_hip_rotor> introduced by @/tmp/IsaacLab/usd_20260713_183210_4253/configuration/go2_description_base.usd@</go2_description/RL_hip_rotor/visuals> (recomposing stage on stage @/tmp/IsaacLab/usd_20260713_183210_4253/go2_description.usd@ <0x555fe0f4d990>)

2026-07-13T10:32:11Z [7,726ms] [Warning] [omni.usd] Warning: in _ReportErrors at line 3172 of /builds/omniverse/usd-ci/USD/pxr/usd/usd/stage.cpp -- In </go2_description/RR_hip_rotor/visuals>: Unresolved reference prim path @/tmp/IsaacLab/usd_20260713_183210_4253/configuration/go2_description_physics.usd@</visuals/RR_hip_rotor> introduced by @/tmp/IsaacLab/usd_20260713_183210_4253/configuration/go2_description_base.usd@</go2_description/RR_hip_rotor/visuals> (recomposing stage on stage @/tmp/IsaacLab/usd_20260713_183210_4253/go2_description.usd@ <0x555fe0f51580>)

2026-07-13T10:32:11Z [7,726ms] [Warning] [omni.usd] Warning: in _ReportErrors at line 3172 of /builds/omniverse/usd-ci/USD/pxr/usd/usd/stage.cpp -- In </go2_description/FL_thigh_rotor/visuals>: Unresolved reference prim path @/tmp/IsaacLab/usd_20260713_183210_4253/configuration/go2_description_physics.usd@</visuals/FL_thigh_rotor> introduced by @/tmp/IsaacLab/usd_20260713_183210_4253/configuration/go2_description_base.usd@</go2_description/FL_thigh_rotor/visuals> (recomposing stage on stage @/tmp/IsaacLab/usd_20260713_183210_4253/go2_description.usd@ <0x555fe0f51580>)

2026-07-13T10:32:11Z [7,726ms] [Warning] [omni.usd] Warning: in _ReportErrors at line 3172 of /builds/omniverse/usd-ci/USD/pxr/usd/usd/stage.cpp -- In </go2_description/FL_hip_rotor/visuals>: Unresolved reference prim path @/tmp/IsaacLab/usd_20260713_183210_4253/configuration/go2_description_physics.usd@</visuals/FL_hip_rotor> introduced by @/tmp/IsaacLab/usd_20260713_183210_4253/configuration/go2_description_base.usd@</go2_description/FL_hip_rotor/visuals> (recomposing stage on stage @/tmp/IsaacLab/usd_20260713_183210_4253/go2_description.usd@ <0x555fe0f51580>)

2026-07-13T10:32:11Z [7,726ms] [Warning] [omni.usd] Warning: in _ReportErrors at line 3172 of /builds/omniverse/usd-ci/USD/pxr/usd/usd/stage.cpp -- In </go2_description/FL_calf_rotor/visuals>: Unresolved reference prim path @/tmp/IsaacLab/usd_20260713_183210_4253/configuration/go2_description_physics.usd@</visuals/FL_calf_rotor> introduced by @/tmp/IsaacLab/usd_20260713_183210_4253/configuration/go2_description_base.usd@</go2_description/FL_calf_rotor/visuals> (recomposing stage on stage @/tmp/IsaacLab/usd_20260713_183210_4253/go2_description.usd@ <0x555fe0f51580>)

2026-07-13T10:32:11Z [7,726ms] [Warning] [omni.usd] Warning: in _ReportErrors at line 3172 of /builds/omniverse/usd-ci/USD/pxr/usd/usd/stage.cpp -- In </go2_description/RR_thigh_rotor/visuals>: Unresolved reference prim path @/tmp/IsaacLab/usd_20260713_183210_4253/configuration/go2_description_physics.usd@</visuals/RR_thigh_rotor> introduced by @/tmp/IsaacLab/usd_20260713_183210_4253/configuration/go2_description_base.usd@</go2_description/RR_thigh_rotor/visuals> (recomposing stage on stage @/tmp/IsaacLab/usd_20260713_183210_4253/go2_description.usd@ <0x555fe0f51580>)

2026-07-13T10:32:11Z [7,726ms] [Warning] [omni.usd] Warning: in _ReportErrors at line 3172 of /builds/omniverse/usd-ci/USD/pxr/usd/usd/stage.cpp -- In </go2_description/RR_calf_rotor/visuals>: Unresolved reference prim path @/tmp/IsaacLab/usd_20260713_183210_4253/configuration/go2_description_physics.usd@</visuals/RR_calf_rotor> introduced by @/tmp/IsaacLab/usd_20260713_183210_4253/configuration/go2_description_base.usd@</go2_description/RR_calf_rotor/visuals> (recomposing stage on stage @/tmp/IsaacLab/usd_20260713_183210_4253/go2_description.usd@ <0x555fe0f51580>)

2026-07-13T10:32:11Z [7,726ms] [Warning] [omni.usd] Warning: in _ReportErrors at line 3172 of /builds/omniverse/usd-ci/USD/pxr/usd/usd/stage.cpp -- In </go2_description/FR_calf_rotor/visuals>: Unresolved reference prim path @/tmp/IsaacLab/usd_20260713_183210_4253/configuration/go2_description_physics.usd@</visuals/FR_calf_rotor> introduced by @/tmp/IsaacLab/usd_20260713_183210_4253/configuration/go2_description_base.usd@</go2_description/FR_calf_rotor/visuals> (recomposing stage on stage @/tmp/IsaacLab/usd_20260713_183210_4253/go2_description.usd@ <0x555fe0f51580>)

2026-07-13T10:32:11Z [7,726ms] [Warning] [omni.usd] Warning: in _ReportErrors at line 3172 of /builds/omniverse/usd-ci/USD/pxr/usd/usd/stage.cpp -- In </go2_description/FR_thigh_rotor/visuals>: Unresolved reference prim path @/tmp/IsaacLab/usd_20260713_183210_4253/configuration/go2_description_physics.usd@</visuals/FR_thigh_rotor> introduced by @/tmp/IsaacLab/usd_20260713_183210_4253/configuration/go2_description_base.usd@</go2_description/FR_thigh_rotor/visuals> (recomposing stage on stage @/tmp/IsaacLab/usd_20260713_183210_4253/go2_description.usd@ <0x555fe0f51580>)

2026-07-13T10:32:11Z [7,726ms] [Warning] [omni.usd] Warning: in _ReportErrors at line 3172 of /builds/omniverse/usd-ci/USD/pxr/usd/usd/stage.cpp -- In </go2_description/FR_hip_rotor/visuals>: Unresolved reference prim path @/tmp/IsaacLab/usd_20260713_183210_4253/configuration/go2_description_physics.usd@</visuals/FR_hip_rotor> introduced by @/tmp/IsaacLab/usd_20260713_183210_4253/configuration/go2_description_base.usd@</go2_description/FR_hip_rotor/visuals> (recomposing stage on stage @/tmp/IsaacLab/usd_20260713_183210_4253/go2_description.usd@ <0x555fe0f51580>)

2026-07-13T10:32:11Z [7,726ms] [Warning] [omni.usd] Warning: in _ReportErrors at line 3172 of /builds/omniverse/usd-ci/USD/pxr/usd/usd/stage.cpp -- In </go2_description/Head_upper/visuals>: Unresolved reference prim path @/tmp/IsaacLab/usd_20260713_183210_4253/configuration/go2_description_physics.usd@</visuals/Head_upper> introduced by @/tmp/IsaacLab/usd_20260713_183210_4253/configuration/go2_description_base.usd@</go2_description/Head_upper/visuals> (recomposing stage on stage @/tmp/IsaacLab/usd_20260713_183210_4253/go2_description.usd@ <0x555fe0f51580>)

2026-07-13T10:32:11Z [7,726ms] [Warning] [omni.usd] Warning: in _ReportErrors at line 3172 of /builds/omniverse/usd-ci/USD/pxr/usd/usd/stage.cpp -- In </go2_description/Head_lower/visuals>: Unresolved reference prim path @/tmp/IsaacLab/usd_20260713_183210_4253/configuration/go2_description_physics.usd@</visuals/Head_lower> introduced by @/tmp/IsaacLab/usd_20260713_183210_4253/configuration/go2_description_base.usd@</go2_description/Head_lower/visuals> (recomposing stage on stage @/tmp/IsaacLab/usd_20260713_183210_4253/go2_description.usd@ <0x555fe0f51580>)

2026-07-13T10:32:11Z [7,726ms] [Warning] [omni.usd] Warning: in _ReportErrors at line 3172 of /builds/omniverse/usd-ci/USD/pxr/usd/usd/stage.cpp -- In </go2_description/RL_calf_rotor/visuals>: Unresolved reference prim path @/tmp/IsaacLab/usd_20260713_183210_4253/configuration/go2_description_physics.usd@</visuals/RL_calf_rotor> introduced by @/tmp/IsaacLab/usd_20260713_183210_4253/configuration/go2_description_base.usd@</go2_description/RL_calf_rotor/visuals> (recomposing stage on stage @/tmp/IsaacLab/usd_20260713_183210_4253/go2_description.usd@ <0x555fe0f51580>)

2026-07-13T10:32:11Z [7,726ms] [Warning] [omni.usd] Warning: in _ReportErrors at line 3172 of /builds/omniverse/usd-ci/USD/pxr/usd/usd/stage.cpp -- In </go2_description/RL_thigh_rotor/visuals>: Unresolved reference prim path @/tmp/IsaacLab/usd_20260713_183210_4253/configuration/go2_description_physics.usd@</visuals/RL_thigh_rotor> introduced by @/tmp/IsaacLab/usd_20260713_183210_4253/configuration/go2_description_base.usd@</go2_description/RL_thigh_rotor/visuals> (recomposing stage on stage @/tmp/IsaacLab/usd_20260713_183210_4253/go2_description.usd@ <0x555fe0f51580>)

2026-07-13T10:32:11Z [7,726ms] [Warning] [omni.usd] Warning: in _ReportErrors at line 3172 of /builds/omniverse/usd-ci/USD/pxr/usd/usd/stage.cpp -- In </go2_description/RL_hip_rotor/visuals>: Unresolved reference prim path @/tmp/IsaacLab/usd_20260713_183210_4253/configuration/go2_description_physics.usd@</visuals/RL_hip_rotor> introduced by @/tmp/IsaacLab/usd_20260713_183210_4253/configuration/go2_description_base.usd@</go2_description/RL_hip_rotor/visuals> (recomposing stage on stage @/tmp/IsaacLab/usd_20260713_183210_4253/go2_description.usd@ <0x555fe0f51580>)

2026-07-13T10:32:11Z [7,727ms] [Warning] [omni.usd] Warning: in _ReportErrors at line 3172 of /builds/omniverse/usd-ci/USD/pxr/usd/usd/stage.cpp -- In </go2_description/RR_hip_rotor/visuals>: Unresolved reference prim path @/tmp/IsaacLab/usd_20260713_183210_4253/configuration/go2_description_physics.usd@</visuals/RR_hip_rotor> introduced by @/tmp/IsaacLab/usd_20260713_183210_4253/configuration/go2_description_base.usd@</go2_description/RR_hip_rotor/visuals> (recomposing stage on stage @/tmp/IsaacLab/usd_20260713_183210_4253/go2_description.usd@ <0x555fe0f4d990>)

2026-07-13T10:32:11Z [7,727ms] [Warning] [omni.usd] Warning: in _ReportErrors at line 3172 of /builds/omniverse/usd-ci/USD/pxr/usd/usd/stage.cpp -- In </go2_description/FL_hip_rotor/visuals>: Unresolved reference prim path @/tmp/IsaacLab/usd_20260713_183210_4253/configuration/go2_description_physics.usd@</visuals/FL_hip_rotor> introduced by @/tmp/IsaacLab/usd_20260713_183210_4253/configuration/go2_description_base.usd@</go2_description/FL_hip_rotor/visuals> (recomposing stage on stage @/tmp/IsaacLab/usd_20260713_183210_4253/go2_description.usd@ <0x555fe0f4d990>)

2026-07-13T10:32:11Z [7,727ms] [Warning] [omni.usd] Warning: in _ReportErrors at line 3172 of /builds/omniverse/usd-ci/USD/pxr/usd/usd/stage.cpp -- In </go2_description/FL_calf_rotor/visuals>: Unresolved reference prim path @/tmp/IsaacLab/usd_20260713_183210_4253/configuration/go2_description_physics.usd@</visuals/FL_calf_rotor> introduced by @/tmp/IsaacLab/usd_20260713_183210_4253/configuration/go2_description_base.usd@</go2_description/FL_calf_rotor/visuals> (recomposing stage on stage @/tmp/IsaacLab/usd_20260713_183210_4253/go2_description.usd@ <0x555fe0f4d990>)

2026-07-13T10:32:11Z [7,727ms] [Warning] [omni.usd] Warning: in _ReportErrors at line 3172 of /builds/omniverse/usd-ci/USD/pxr/usd/usd/stage.cpp -- In </go2_description/FL_thigh_rotor/visuals>: Unresolved reference prim path @/tmp/IsaacLab/usd_20260713_183210_4253/configuration/go2_description_physics.usd@</visuals/FL_thigh_rotor> introduced by @/tmp/IsaacLab/usd_20260713_183210_4253/configuration/go2_description_base.usd@</go2_description/FL_thigh_rotor/visuals> (recomposing stage on stage @/tmp/IsaacLab/usd_20260713_183210_4253/go2_description.usd@ <0x555fe0f4d990>)

2026-07-13T10:32:11Z [7,727ms] [Warning] [omni.usd] Warning: in _ReportErrors at line 3172 of /builds/omniverse/usd-ci/USD/pxr/usd/usd/stage.cpp -- In </go2_description/RR_thigh_rotor/visuals>: Unresolved reference prim path @/tmp/IsaacLab/usd_20260713_183210_4253/configuration/go2_description_physics.usd@</visuals/RR_thigh_rotor> introduced by @/tmp/IsaacLab/usd_20260713_183210_4253/configuration/go2_description_base.usd@</go2_description/RR_thigh_rotor/visuals> (recomposing stage on stage @/tmp/IsaacLab/usd_20260713_183210_4253/go2_description.usd@ <0x555fe0f4d990>)

2026-07-13T10:32:11Z [7,727ms] [Warning] [omni.usd] Warning: in _ReportErrors at line 3172 of /builds/omniverse/usd-ci/USD/pxr/usd/usd/stage.cpp -- In </go2_description/RR_calf_rotor/visuals>: Unresolved reference prim path @/tmp/IsaacLab/usd_20260713_183210_4253/configuration/go2_description_physics.usd@</visuals/RR_calf_rotor> introduced by @/tmp/IsaacLab/usd_20260713_183210_4253/configuration/go2_description_base.usd@</go2_description/RR_calf_rotor/visuals> (recomposing stage on stage @/tmp/IsaacLab/usd_20260713_183210_4253/go2_description.usd@ <0x555fe0f4d990>)

2026-07-13T10:32:11Z [7,727ms] [Warning] [omni.usd] Warning: in _ReportErrors at line 3172 of /builds/omniverse/usd-ci/USD/pxr/usd/usd/stage.cpp -- In </go2_description/FR_calf_rotor/visuals>: Unresolved reference prim path @/tmp/IsaacLab/usd_20260713_183210_4253/configuration/go2_description_physics.usd@</visuals/FR_calf_rotor> introduced by @/tmp/IsaacLab/usd_20260713_183210_4253/configuration/go2_description_base.usd@</go2_description/FR_calf_rotor/visuals> (recomposing stage on stage @/tmp/IsaacLab/usd_20260713_183210_4253/go2_description.usd@ <0x555fe0f4d990>)

2026-07-13T10:32:11Z [7,727ms] [Warning] [omni.usd] Warning: in _ReportErrors at line 3172 of /builds/omniverse/usd-ci/USD/pxr/usd/usd/stage.cpp -- In </go2_description/FR_hip_rotor/visuals>: Unresolved reference prim path @/tmp/IsaacLab/usd_20260713_183210_4253/configuration/go2_description_physics.usd@</visuals/FR_hip_rotor> introduced by @/tmp/IsaacLab/usd_20260713_183210_4253/configuration/go2_description_base.usd@</go2_description/FR_hip_rotor/visuals> (recomposing stage on stage @/tmp/IsaacLab/usd_20260713_183210_4253/go2_description.usd@ <0x555fe0f4d990>)

2026-07-13T10:32:11Z [7,727ms] [Warning] [omni.usd] Warning: in _ReportErrors at line 3172 of /builds/omniverse/usd-ci/USD/pxr/usd/usd/stage.cpp -- In </go2_description/FR_thigh_rotor/visuals>: Unresolved reference prim path @/tmp/IsaacLab/usd_20260713_183210_4253/configuration/go2_description_physics.usd@</visuals/FR_thigh_rotor> introduced by @/tmp/IsaacLab/usd_20260713_183210_4253/configuration/go2_description_base.usd@</go2_description/FR_thigh_rotor/visuals> (recomposing stage on stage @/tmp/IsaacLab/usd_20260713_183210_4253/go2_description.usd@ <0x555fe0f4d990>)

2026-07-13T10:32:11Z [7,727ms] [Warning] [omni.usd] Warning: in _ReportErrors at line 3172 of /builds/omniverse/usd-ci/USD/pxr/usd/usd/stage.cpp -- In </go2_description/Head_upper/visuals>: Unresolved reference prim path @/tmp/IsaacLab/usd_20260713_183210_4253/configuration/go2_description_physics.usd@</visuals/Head_upper> introduced by @/tmp/IsaacLab/usd_20260713_183210_4253/configuration/go2_description_base.usd@</go2_description/Head_upper/visuals> (recomposing stage on stage @/tmp/IsaacLab/usd_20260713_183210_4253/go2_description.usd@ <0x555fe0f4d990>)

2026-07-13T10:32:11Z [7,727ms] [Warning] [omni.usd] Warning: in _ReportErrors at line 3172 of /builds/omniverse/usd-ci/USD/pxr/usd/usd/stage.cpp -- In </go2_description/Head_lower/visuals>: Unresolved reference prim path @/tmp/IsaacLab/usd_20260713_183210_4253/configuration/go2_description_physics.usd@</visuals/Head_lower> introduced by @/tmp/IsaacLab/usd_20260713_183210_4253/configuration/go2_description_base.usd@</go2_description/Head_lower/visuals> (recomposing stage on stage @/tmp/IsaacLab/usd_20260713_183210_4253/go2_description.usd@ <0x555fe0f4d990>)

2026-07-13T10:32:11Z [7,727ms] [Warning] [omni.usd] Warning: in _ReportErrors at line 3172 of /builds/omniverse/usd-ci/USD/pxr/usd/usd/stage.cpp -- In </go2_description/RL_calf_rotor/visuals>: Unresolved reference prim path @/tmp/IsaacLab/usd_20260713_183210_4253/configuration/go2_description_physics.usd@</visuals/RL_calf_rotor> introduced by @/tmp/IsaacLab/usd_20260713_183210_4253/configuration/go2_description_base.usd@</go2_description/RL_calf_rotor/visuals> (recomposing stage on stage @/tmp/IsaacLab/usd_20260713_183210_4253/go2_description.usd@ <0x555fe0f4d990>)

2026-07-13T10:32:11Z [7,727ms] [Warning] [omni.usd] Warning: in _ReportErrors at line 3172 of /builds/omniverse/usd-ci/USD/pxr/usd/usd/stage.cpp -- In </go2_description/RL_hip_rotor/visuals>: Unresolved reference prim path @/tmp/IsaacLab/usd_20260713_183210_4253/configuration/go2_description_physics.usd@</visuals/RL_hip_rotor> introduced by @/tmp/IsaacLab/usd_20260713_183210_4253/configuration/go2_description_base.usd@</go2_description/RL_hip_rotor/visuals> (recomposing stage on stage @/tmp/IsaacLab/usd_20260713_183210_4253/go2_description.usd@ <0x555fe0f4d990>)

2026-07-13T10:32:11Z [7,727ms] [Warning] [omni.usd] Warning: in _ReportErrors at line 3172 of /builds/omniverse/usd-ci/USD/pxr/usd/usd/stage.cpp -- In </go2_description/RL_thigh_rotor/visuals>: Unresolved reference prim path @/tmp/IsaacLab/usd_20260713_183210_4253/configuration/go2_description_physics.usd@</visuals/RL_thigh_rotor> introduced by @/tmp/IsaacLab/usd_20260713_183210_4253/configuration/go2_description_base.usd@</go2_description/RL_thigh_rotor/visuals> (recomposing stage on stage @/tmp/IsaacLab/usd_20260713_183210_4253/go2_description.usd@ <0x555fe0f4d990>)

2026-07-13T10:32:11Z [7,727ms] [Warning] [omni.usd] Warning: in _ReportErrors at line 3172 of /builds/omniverse/usd-ci/USD/pxr/usd/usd/stage.cpp -- In </go2_description/RR_hip_rotor/visuals>: Unresolved reference prim path @/tmp/IsaacLab/usd_20260713_183210_4253/configuration/go2_description_physics.usd@</visuals/RR_hip_rotor> introduced by @/tmp/IsaacLab/usd_20260713_183210_4253/configuration/go2_description_base.usd@</go2_description/RR_hip_rotor/visuals> (recomposing stage on stage @/tmp/IsaacLab/usd_20260713_183210_4253/go2_description.usd@ <0x555fe0f51580>)

2026-07-13T10:32:11Z [7,727ms] [Warning] [omni.usd] Warning: in _ReportErrors at line 3172 of /builds/omniverse/usd-ci/USD/pxr/usd/usd/stage.cpp -- In </go2_description/FL_thigh_rotor/visuals>: Unresolved reference prim path @/tmp/IsaacLab/usd_20260713_183210_4253/configuration/go2_description_physics.usd@</visuals/FL_thigh_rotor> introduced by @/tmp/IsaacLab/usd_20260713_183210_4253/configuration/go2_description_base.usd@</go2_description/FL_thigh_rotor/visuals> (recomposing stage on stage @/tmp/IsaacLab/usd_20260713_183210_4253/go2_description.usd@ <0x555fe0f51580>)

2026-07-13T10:32:11Z [7,727ms] [Warning] [omni.usd] Warning: in _ReportErrors at line 3172 of /builds/omniverse/usd-ci/USD/pxr/usd/usd/stage.cpp -- In </go2_description/FL_hip_rotor/visuals>: Unresolved reference prim path @/tmp/IsaacLab/usd_20260713_183210_4253/configuration/go2_description_physics.usd@</visuals/FL_hip_rotor> introduced by @/tmp/IsaacLab/usd_20260713_183210_4253/configuration/go2_description_base.usd@</go2_description/FL_hip_rotor/visuals> (recomposing stage on stage @/tmp/IsaacLab/usd_20260713_183210_4253/go2_description.usd@ <0x555fe0f51580>)

2026-07-13T10:32:11Z [7,727ms] [Warning] [omni.usd] Warning: in _ReportErrors at line 3172 of /builds/omniverse/usd-ci/USD/pxr/usd/usd/stage.cpp -- In </go2_description/FL_calf_rotor/visuals>: Unresolved reference prim path @/tmp/IsaacLab/usd_20260713_183210_4253/configuration/go2_description_physics.usd@</visuals/FL_calf_rotor> introduced by @/tmp/IsaacLab/usd_20260713_183210_4253/configuration/go2_description_base.usd@</go2_description/FL_calf_rotor/visuals> (recomposing stage on stage @/tmp/IsaacLab/usd_20260713_183210_4253/go2_description.usd@ <0x555fe0f51580>)

2026-07-13T10:32:11Z [7,727ms] [Warning] [omni.usd] Warning: in _ReportErrors at line 3172 of /builds/omniverse/usd-ci/USD/pxr/usd/usd/stage.cpp -- In </go2_description/RR_thigh_rotor/visuals>: Unresolved reference prim path @/tmp/IsaacLab/usd_20260713_183210_4253/configuration/go2_description_physics.usd@</visuals/RR_thigh_rotor> introduced by @/tmp/IsaacLab/usd_20260713_183210_4253/configuration/go2_description_base.usd@</go2_description/RR_thigh_rotor/visuals> (recomposing stage on stage @/tmp/IsaacLab/usd_20260713_183210_4253/go2_description.usd@ <0x555fe0f51580>)

2026-07-13T10:32:11Z [7,727ms] [Warning] [omni.usd] Warning: in _ReportErrors at line 3172 of /builds/omniverse/usd-ci/USD/pxr/usd/usd/stage.cpp -- In </go2_description/FR_calf_rotor/visuals>: Unresolved reference prim path @/tmp/IsaacLab/usd_20260713_183210_4253/configuration/go2_description_physics.usd@</visuals/FR_calf_rotor> introduced by @/tmp/IsaacLab/usd_20260713_183210_4253/configuration/go2_description_base.usd@</go2_description/FR_calf_rotor/visuals> (recomposing stage on stage @/tmp/IsaacLab/usd_20260713_183210_4253/go2_description.usd@ <0x555fe0f51580>)

2026-07-13T10:32:11Z [7,727ms] [Warning] [omni.usd] Warning: in _ReportErrors at line 3172 of /builds/omniverse/usd-ci/USD/pxr/usd/usd/stage.cpp -- In </go2_description/RR_calf_rotor/visuals>: Unresolved reference prim path @/tmp/IsaacLab/usd_20260713_183210_4253/configuration/go2_description_physics.usd@</visuals/RR_calf_rotor> introduced by @/tmp/IsaacLab/usd_20260713_183210_4253/configuration/go2_description_base.usd@</go2_description/RR_calf_rotor/visuals> (recomposing stage on stage @/tmp/IsaacLab/usd_20260713_183210_4253/go2_description.usd@ <0x555fe0f51580>)

2026-07-13T10:32:11Z [7,727ms] [Warning] [omni.usd] Warning: in _ReportErrors at line 3172 of /builds/omniverse/usd-ci/USD/pxr/usd/usd/stage.cpp -- In </go2_description/FR_thigh_rotor/visuals>: Unresolved reference prim path @/tmp/IsaacLab/usd_20260713_183210_4253/configuration/go2_description_physics.usd@</visuals/FR_thigh_rotor> introduced by @/tmp/IsaacLab/usd_20260713_183210_4253/configuration/go2_description_base.usd@</go2_description/FR_thigh_rotor/visuals> (recomposing stage on stage @/tmp/IsaacLab/usd_20260713_183210_4253/go2_description.usd@ <0x555fe0f51580>)

2026-07-13T10:32:11Z [7,727ms] [Warning] [omni.usd] Warning: in _ReportErrors at line 3172 of /builds/omniverse/usd-ci/USD/pxr/usd/usd/stage.cpp -- In </go2_description/FR_hip_rotor/visuals>: Unresolved reference prim path @/tmp/IsaacLab/usd_20260713_183210_4253/configuration/go2_description_physics.usd@</visuals/FR_hip_rotor> introduced by @/tmp/IsaacLab/usd_20260713_183210_4253/configuration/go2_description_base.usd@</go2_description/FR_hip_rotor/visuals> (recomposing stage on stage @/tmp/IsaacLab/usd_20260713_183210_4253/go2_description.usd@ <0x555fe0f51580>)

2026-07-13T10:32:11Z [7,727ms] [Warning] [omni.usd] Warning: in _ReportErrors at line 3172 of /builds/omniverse/usd-ci/USD/pxr/usd/usd/stage.cpp -- In </go2_description/Head_lower/visuals>: Unresolved reference prim path @/tmp/IsaacLab/usd_20260713_183210_4253/configuration/go2_description_physics.usd@</visuals/Head_lower> introduced by @/tmp/IsaacLab/usd_20260713_183210_4253/configuration/go2_description_base.usd@</go2_description/Head_lower/visuals> (recomposing stage on stage @/tmp/IsaacLab/usd_20260713_183210_4253/go2_description.usd@ <0x555fe0f51580>)

2026-07-13T10:32:11Z [7,727ms] [Warning] [omni.usd] Warning: in _ReportErrors at line 3172 of /builds/omniverse/usd-ci/USD/pxr/usd/usd/stage.cpp -- In </go2_description/RL_calf_rotor/visuals>: Unresolved reference prim path @/tmp/IsaacLab/usd_20260713_183210_4253/configuration/go2_description_physics.usd@</visuals/RL_calf_rotor> introduced by @/tmp/IsaacLab/usd_20260713_183210_4253/configuration/go2_description_base.usd@</go2_description/RL_calf_rotor/visuals> (recomposing stage on stage @/tmp/IsaacLab/usd_20260713_183210_4253/go2_description.usd@ <0x555fe0f51580>)

2026-07-13T10:32:11Z [7,727ms] [Warning] [omni.usd] Warning: in _ReportErrors at line 3172 of /builds/omniverse/usd-ci/USD/pxr/usd/usd/stage.cpp -- In </go2_description/Head_upper/visuals>: Unresolved reference prim path @/tmp/IsaacLab/usd_20260713_183210_4253/configuration/go2_description_physics.usd@</visuals/Head_upper> introduced by @/tmp/IsaacLab/usd_20260713_183210_4253/configuration/go2_description_base.usd@</go2_description/Head_upper/visuals> (recomposing stage on stage @/tmp/IsaacLab/usd_20260713_183210_4253/go2_description.usd@ <0x555fe0f51580>)

2026-07-13T10:32:11Z [7,727ms] [Warning] [omni.usd] Warning: in _ReportErrors at line 3172 of /builds/omniverse/usd-ci/USD/pxr/usd/usd/stage.cpp -- In </go2_description/RL_thigh_rotor/visuals>: Unresolved reference prim path @/tmp/IsaacLab/usd_20260713_183210_4253/configuration/go2_description_physics.usd@</visuals/RL_thigh_rotor> introduced by @/tmp/IsaacLab/usd_20260713_183210_4253/configuration/go2_description_base.usd@</go2_description/RL_thigh_rotor/visuals> (recomposing stage on stage @/tmp/IsaacLab/usd_20260713_183210_4253/go2_description.usd@ <0x555fe0f51580>)

2026-07-13T10:32:11Z [7,727ms] [Warning] [omni.usd] Warning: in _ReportErrors at line 3172 of /builds/omniverse/usd-ci/USD/pxr/usd/usd/stage.cpp -- In </go2_description/RL_hip_rotor/visuals>: Unresolved reference prim path @/tmp/IsaacLab/usd_20260713_183210_4253/configuration/go2_description_physics.usd@</visuals/RL_hip_rotor> introduced by @/tmp/IsaacLab/usd_20260713_183210_4253/configuration/go2_description_base.usd@</go2_description/RL_hip_rotor/visuals> (recomposing stage on stage @/tmp/IsaacLab/usd_20260713_183210_4253/go2_description.usd@ <0x555fe0f51580>)

2026-07-13T10:32:11Z [7,728ms] [Warning] [omni.usd] Warning: in _ReportErrors at line 3172 of /builds/omniverse/usd-ci/USD/pxr/usd/usd/stage.cpp -- In </go2_description/RR_hip_rotor/visuals>: Unresolved reference prim path @/tmp/IsaacLab/usd_20260713_183210_4253/configuration/go2_description_physics.usd@</visuals/RR_hip_rotor> introduced by @/tmp/IsaacLab/usd_20260713_183210_4253/configuration/go2_description_base.usd@</go2_description/RR_hip_rotor/visuals> (recomposing stage on stage @/tmp/IsaacLab/usd_20260713_183210_4253/go2_description.usd@ <0x555fe0f4d990>)

2026-07-13T10:32:11Z [7,728ms] [Warning] [omni.usd] Warning: in _ReportErrors at line 3172 of /builds/omniverse/usd-ci/USD/pxr/usd/usd/stage.cpp -- In </go2_description/FL_thigh_rotor/visuals>: Unresolved reference prim path @/tmp/IsaacLab/usd_20260713_183210_4253/configuration/go2_description_physics.usd@</visuals/FL_thigh_rotor> introduced by @/tmp/IsaacLab/usd_20260713_183210_4253/configuration/go2_description_base.usd@</go2_description/FL_thigh_rotor/visuals> (recomposing stage on stage @/tmp/IsaacLab/usd_20260713_183210_4253/go2_description.usd@ <0x555fe0f4d990>)

2026-07-13T10:32:11Z [7,728ms] [Warning] [omni.usd] Warning: in _ReportErrors at line 3172 of /builds/omniverse/usd-ci/USD/pxr/usd/usd/stage.cpp -- In </go2_description/FL_hip_rotor/visuals>: Unresolved reference prim path @/tmp/IsaacLab/usd_20260713_183210_4253/configuration/go2_description_physics.usd@</visuals/FL_hip_rotor> introduced by @/tmp/IsaacLab/usd_20260713_183210_4253/configuration/go2_description_base.usd@</go2_description/FL_hip_rotor/visuals> (recomposing stage on stage @/tmp/IsaacLab/usd_20260713_183210_4253/go2_description.usd@ <0x555fe0f4d990>)

2026-07-13T10:32:11Z [7,728ms] [Warning] [omni.usd] Warning: in _ReportErrors at line 3172 of /builds/omniverse/usd-ci/USD/pxr/usd/usd/stage.cpp -- In </go2_description/FL_calf_rotor/visuals>: Unresolved reference prim path @/tmp/IsaacLab/usd_20260713_183210_4253/configuration/go2_description_physics.usd@</visuals/FL_calf_rotor> introduced by @/tmp/IsaacLab/usd_20260713_183210_4253/configuration/go2_description_base.usd@</go2_description/FL_calf_rotor/visuals> (recomposing stage on stage @/tmp/IsaacLab/usd_20260713_183210_4253/go2_description.usd@ <0x555fe0f4d990>)

2026-07-13T10:32:11Z [7,728ms] [Warning] [omni.usd] Warning: in _ReportErrors at line 3172 of /builds/omniverse/usd-ci/USD/pxr/usd/usd/stage.cpp -- In </go2_description/RR_thigh_rotor/visuals>: Unresolved reference prim path @/tmp/IsaacLab/usd_20260713_183210_4253/configuration/go2_description_physics.usd@</visuals/RR_thigh_rotor> introduced by @/tmp/IsaacLab/usd_20260713_183210_4253/configuration/go2_description_base.usd@</go2_description/RR_thigh_rotor/visuals> (recomposing stage on stage @/tmp/IsaacLab/usd_20260713_183210_4253/go2_description.usd@ <0x555fe0f4d990>)

2026-07-13T10:32:11Z [7,728ms] [Warning] [omni.usd] Warning: in _ReportErrors at line 3172 of /builds/omniverse/usd-ci/USD/pxr/usd/usd/stage.cpp -- In </go2_description/RR_calf_rotor/visuals>: Unresolved reference prim path @/tmp/IsaacLab/usd_20260713_183210_4253/configuration/go2_description_physics.usd@</visuals/RR_calf_rotor> introduced by @/tmp/IsaacLab/usd_20260713_183210_4253/configuration/go2_description_base.usd@</go2_description/RR_calf_rotor/visuals> (recomposing stage on stage @/tmp/IsaacLab/usd_20260713_183210_4253/go2_description.usd@ <0x555fe0f4d990>)

2026-07-13T10:32:11Z [7,728ms] [Warning] [omni.usd] Warning: in _ReportErrors at line 3172 of /builds/omniverse/usd-ci/USD/pxr/usd/usd/stage.cpp -- In </go2_description/FR_calf_rotor/visuals>: Unresolved reference prim path @/tmp/IsaacLab/usd_20260713_183210_4253/configuration/go2_description_physics.usd@</visuals/FR_calf_rotor> introduced by @/tmp/IsaacLab/usd_20260713_183210_4253/configuration/go2_description_base.usd@</go2_description/FR_calf_rotor/visuals> (recomposing stage on stage @/tmp/IsaacLab/usd_20260713_183210_4253/go2_description.usd@ <0x555fe0f4d990>)

2026-07-13T10:32:11Z [7,728ms] [Warning] [omni.usd] Warning: in _ReportErrors at line 3172 of /builds/omniverse/usd-ci/USD/pxr/usd/usd/stage.cpp -- In </go2_description/FR_thigh_rotor/visuals>: Unresolved reference prim path @/tmp/IsaacLab/usd_20260713_183210_4253/configuration/go2_description_physics.usd@</visuals/FR_thigh_rotor> introduced by @/tmp/IsaacLab/usd_20260713_183210_4253/configuration/go2_description_base.usd@</go2_description/FR_thigh_rotor/visuals> (recomposing stage on stage @/tmp/IsaacLab/usd_20260713_183210_4253/go2_description.usd@ <0x555fe0f4d990>)

2026-07-13T10:32:11Z [7,728ms] [Warning] [omni.usd] Warning: in _ReportErrors at line 3172 of /builds/omniverse/usd-ci/USD/pxr/usd/usd/stage.cpp -- In </go2_description/FR_hip_rotor/visuals>: Unresolved reference prim path @/tmp/IsaacLab/usd_20260713_183210_4253/configuration/go2_description_physics.usd@</visuals/FR_hip_rotor> introduced by @/tmp/IsaacLab/usd_20260713_183210_4253/configuration/go2_description_base.usd@</go2_description/FR_hip_rotor/visuals> (recomposing stage on stage @/tmp/IsaacLab/usd_20260713_183210_4253/go2_description.usd@ <0x555fe0f4d990>)

2026-07-13T10:32:11Z [7,728ms] [Warning] [omni.usd] Warning: in _ReportErrors at line 3172 of /builds/omniverse/usd-ci/USD/pxr/usd/usd/stage.cpp -- In </go2_description/Head_upper/visuals>: Unresolved reference prim path @/tmp/IsaacLab/usd_20260713_183210_4253/configuration/go2_description_physics.usd@</visuals/Head_upper> introduced by @/tmp/IsaacLab/usd_20260713_183210_4253/configuration/go2_description_base.usd@</go2_description/Head_upper/visuals> (recomposing stage on stage @/tmp/IsaacLab/usd_20260713_183210_4253/go2_description.usd@ <0x555fe0f4d990>)

2026-07-13T10:32:11Z [7,728ms] [Warning] [omni.usd] Warning: in _ReportErrors at line 3172 of /builds/omniverse/usd-ci/USD/pxr/usd/usd/stage.cpp -- In </go2_description/Head_lower/visuals>: Unresolved reference prim path @/tmp/IsaacLab/usd_20260713_183210_4253/configuration/go2_description_physics.usd@</visuals/Head_lower> introduced by @/tmp/IsaacLab/usd_20260713_183210_4253/configuration/go2_description_base.usd@</go2_description/Head_lower/visuals> (recomposing stage on stage @/tmp/IsaacLab/usd_20260713_183210_4253/go2_description.usd@ <0x555fe0f4d990>)

2026-07-13T10:32:11Z [7,728ms] [Warning] [omni.usd] Warning: in _ReportErrors at line 3172 of /builds/omniverse/usd-ci/USD/pxr/usd/usd/stage.cpp -- In </go2_description/RL_thigh_rotor/visuals>: Unresolved reference prim path @/tmp/IsaacLab/usd_20260713_183210_4253/configuration/go2_description_physics.usd@</visuals/RL_thigh_rotor> introduced by @/tmp/IsaacLab/usd_20260713_183210_4253/configuration/go2_description_base.usd@</go2_description/RL_thigh_rotor/visuals> (recomposing stage on stage @/tmp/IsaacLab/usd_20260713_183210_4253/go2_description.usd@ <0x555fe0f4d990>)

2026-07-13T10:32:11Z [7,728ms] [Warning] [omni.usd] Warning: in _ReportErrors at line 3172 of /builds/omniverse/usd-ci/USD/pxr/usd/usd/stage.cpp -- In </go2_description/RL_calf_rotor/visuals>: Unresolved reference prim path @/tmp/IsaacLab/usd_20260713_183210_4253/configuration/go2_description_physics.usd@</visuals/RL_calf_rotor> introduced by @/tmp/IsaacLab/usd_20260713_183210_4253/configuration/go2_description_base.usd@</go2_description/RL_calf_rotor/visuals> (recomposing stage on stage @/tmp/IsaacLab/usd_20260713_183210_4253/go2_description.usd@ <0x555fe0f4d990>)

2026-07-13T10:32:11Z [7,728ms] [Warning] [omni.usd] Warning: in _ReportErrors at line 3172 of /builds/omniverse/usd-ci/USD/pxr/usd/usd/stage.cpp -- In </go2_description/RL_hip_rotor/visuals>: Unresolved reference prim path @/tmp/IsaacLab/usd_20260713_183210_4253/configuration/go2_description_physics.usd@</visuals/RL_hip_rotor> introduced by @/tmp/IsaacLab/usd_20260713_183210_4253/configuration/go2_description_base.usd@</go2_description/RL_hip_rotor/visuals> (recomposing stage on stage @/tmp/IsaacLab/usd_20260713_183210_4253/go2_description.usd@ <0x555fe0f4d990>)

2026-07-13T10:32:11Z [7,729ms] [Warning] [omni.usd] Warning: in _ReportErrors at line 3172 of /builds/omniverse/usd-ci/USD/pxr/usd/usd/stage.cpp -- In </go2_description/RR_hip_rotor/visuals>: Unresolved reference prim path @/tmp/IsaacLab/usd_20260713_183210_4253/configuration/go2_description_physics.usd@</visuals/RR_hip_rotor> introduced by @/tmp/IsaacLab/usd_20260713_183210_4253/configuration/go2_description_base.usd@</go2_description/RR_hip_rotor/visuals> (recomposing stage on stage @/tmp/IsaacLab/usd_20260713_183210_4253/go2_description.usd@ <0x555fe0f51580>)

2026-07-13T10:32:11Z [7,729ms] [Warning] [omni.usd] Warning: in _ReportErrors at line 3172 of /builds/omniverse/usd-ci/USD/pxr/usd/usd/stage.cpp -- In </go2_description/FL_calf_rotor/visuals>: Unresolved reference prim path @/tmp/IsaacLab/usd_20260713_183210_4253/configuration/go2_description_physics.usd@</visuals/FL_calf_rotor> introduced by @/tmp/IsaacLab/usd_20260713_183210_4253/configuration/go2_description_base.usd@</go2_description/FL_calf_rotor/visuals> (recomposing stage on stage @/tmp/IsaacLab/usd_20260713_183210_4253/go2_description.usd@ <0x555fe0f51580>)

2026-07-13T10:32:11Z [7,729ms] [Warning] [omni.usd] Warning: in _ReportErrors at line 3172 of /builds/omniverse/usd-ci/USD/pxr/usd/usd/stage.cpp -- In </go2_description/FL_thigh_rotor/visuals>: Unresolved reference prim path @/tmp/IsaacLab/usd_20260713_183210_4253/configuration/go2_description_physics.usd@</visuals/FL_thigh_rotor> introduced by @/tmp/IsaacLab/usd_20260713_183210_4253/configuration/go2_description_base.usd@</go2_description/FL_thigh_rotor/visuals> (recomposing stage on stage @/tmp/IsaacLab/usd_20260713_183210_4253/go2_description.usd@ <0x555fe0f51580>)

2026-07-13T10:32:11Z [7,729ms] [Warning] [omni.usd] Warning: in _ReportErrors at line 3172 of /builds/omniverse/usd-ci/USD/pxr/usd/usd/stage.cpp -- In </go2_description/FL_hip_rotor/visuals>: Unresolved reference prim path @/tmp/IsaacLab/usd_20260713_183210_4253/configuration/go2_description_physics.usd@</visuals/FL_hip_rotor> introduced by @/tmp/IsaacLab/usd_20260713_183210_4253/configuration/go2_description_base.usd@</go2_description/FL_hip_rotor/visuals> (recomposing stage on stage @/tmp/IsaacLab/usd_20260713_183210_4253/go2_description.usd@ <0x555fe0f51580>)

2026-07-13T10:32:11Z [7,729ms] [Warning] [omni.usd] Warning: in _ReportErrors at line 3172 of /builds/omniverse/usd-ci/USD/pxr/usd/usd/stage.cpp -- In </go2_description/RR_thigh_rotor/visuals>: Unresolved reference prim path @/tmp/IsaacLab/usd_20260713_183210_4253/configuration/go2_description_physics.usd@</visuals/RR_thigh_rotor> introduced by @/tmp/IsaacLab/usd_20260713_183210_4253/configuration/go2_description_base.usd@</go2_description/RR_thigh_rotor/visuals> (recomposing stage on stage @/tmp/IsaacLab/usd_20260713_183210_4253/go2_description.usd@ <0x555fe0f51580>)

2026-07-13T10:32:11Z [7,729ms] [Warning] [omni.usd] Warning: in _ReportErrors at line 3172 of /builds/omniverse/usd-ci/USD/pxr/usd/usd/stage.cpp -- In </go2_description/RR_calf_rotor/visuals>: Unresolved reference prim path @/tmp/IsaacLab/usd_20260713_183210_4253/configuration/go2_description_physics.usd@</visuals/RR_calf_rotor> introduced by @/tmp/IsaacLab/usd_20260713_183210_4253/configuration/go2_description_base.usd@</go2_description/RR_calf_rotor/visuals> (recomposing stage on stage @/tmp/IsaacLab/usd_20260713_183210_4253/go2_description.usd@ <0x555fe0f51580>)

2026-07-13T10:32:11Z [7,729ms] [Warning] [omni.usd] Warning: in _ReportErrors at line 3172 of /builds/omniverse/usd-ci/USD/pxr/usd/usd/stage.cpp -- In </go2_description/FR_calf_rotor/visuals>: Unresolved reference prim path @/tmp/IsaacLab/usd_20260713_183210_4253/configuration/go2_description_physics.usd@</visuals/FR_calf_rotor> introduced by @/tmp/IsaacLab/usd_20260713_183210_4253/configuration/go2_description_base.usd@</go2_description/FR_calf_rotor/visuals> (recomposing stage on stage @/tmp/IsaacLab/usd_20260713_183210_4253/go2_description.usd@ <0x555fe0f51580>)

2026-07-13T10:32:11Z [7,729ms] [Warning] [omni.usd] Warning: in _ReportErrors at line 3172 of /builds/omniverse/usd-ci/USD/pxr/usd/usd/stage.cpp -- In </go2_description/FR_thigh_rotor/visuals>: Unresolved reference prim path @/tmp/IsaacLab/usd_20260713_183210_4253/configuration/go2_description_physics.usd@</visuals/FR_thigh_rotor> introduced by @/tmp/IsaacLab/usd_20260713_183210_4253/configuration/go2_description_base.usd@</go2_description/FR_thigh_rotor/visuals> (recomposing stage on stage @/tmp/IsaacLab/usd_20260713_183210_4253/go2_description.usd@ <0x555fe0f51580>)

2026-07-13T10:32:11Z [7,729ms] [Warning] [omni.usd] Warning: in _ReportErrors at line 3172 of /builds/omniverse/usd-ci/USD/pxr/usd/usd/stage.cpp -- In </go2_description/FR_hip_rotor/visuals>: Unresolved reference prim path @/tmp/IsaacLab/usd_20260713_183210_4253/configuration/go2_description_physics.usd@</visuals/FR_hip_rotor> introduced by @/tmp/IsaacLab/usd_20260713_183210_4253/configuration/go2_description_base.usd@</go2_description/FR_hip_rotor/visuals> (recomposing stage on stage @/tmp/IsaacLab/usd_20260713_183210_4253/go2_description.usd@ <0x555fe0f51580>)

2026-07-13T10:32:11Z [7,729ms] [Warning] [omni.usd] Warning: in _ReportErrors at line 3172 of /builds/omniverse/usd-ci/USD/pxr/usd/usd/stage.cpp -- In </go2_description/Head_lower/visuals>: Unresolved reference prim path @/tmp/IsaacLab/usd_20260713_183210_4253/configuration/go2_description_physics.usd@</visuals/Head_lower> introduced by @/tmp/IsaacLab/usd_20260713_183210_4253/configuration/go2_description_base.usd@</go2_description/Head_lower/visuals> (recomposing stage on stage @/tmp/IsaacLab/usd_20260713_183210_4253/go2_description.usd@ <0x555fe0f51580>)

2026-07-13T10:32:11Z [7,729ms] [Warning] [omni.usd] Warning: in _ReportErrors at line 3172 of /builds/omniverse/usd-ci/USD/pxr/usd/usd/stage.cpp -- In </go2_description/Head_upper/visuals>: Unresolved reference prim path @/tmp/IsaacLab/usd_20260713_183210_4253/configuration/go2_description_physics.usd@</visuals/Head_upper> introduced by @/tmp/IsaacLab/usd_20260713_183210_4253/configuration/go2_description_base.usd@</go2_description/Head_upper/visuals> (recomposing stage on stage @/tmp/IsaacLab/usd_20260713_183210_4253/go2_description.usd@ <0x555fe0f51580>)

2026-07-13T10:32:11Z [7,729ms] [Warning] [omni.usd] Warning: in _ReportErrors at line 3172 of /builds/omniverse/usd-ci/USD/pxr/usd/usd/stage.cpp -- In </go2_description/RL_hip_rotor/visuals>: Unresolved reference prim path @/tmp/IsaacLab/usd_20260713_183210_4253/configuration/go2_description_physics.usd@</visuals/RL_hip_rotor> introduced by @/tmp/IsaacLab/usd_20260713_183210_4253/configuration/go2_description_base.usd@</go2_description/RL_hip_rotor/visuals> (recomposing stage on stage @/tmp/IsaacLab/usd_20260713_183210_4253/go2_description.usd@ <0x555fe0f51580>)

2026-07-13T10:32:11Z [7,729ms] [Warning] [omni.usd] Warning: in _ReportErrors at line 3172 of /builds/omniverse/usd-ci/USD/pxr/usd/usd/stage.cpp -- In </go2_description/RL_thigh_rotor/visuals>: Unresolved reference prim path @/tmp/IsaacLab/usd_20260713_183210_4253/configuration/go2_description_physics.usd@</visuals/RL_thigh_rotor> introduced by @/tmp/IsaacLab/usd_20260713_183210_4253/configuration/go2_description_base.usd@</go2_description/RL_thigh_rotor/visuals> (recomposing stage on stage @/tmp/IsaacLab/usd_20260713_183210_4253/go2_description.usd@ <0x555fe0f51580>)

2026-07-13T10:32:11Z [7,729ms] [Warning] [omni.usd] Warning: in _ReportErrors at line 3172 of /builds/omniverse/usd-ci/USD/pxr/usd/usd/stage.cpp -- In </go2_description/RL_calf_rotor/visuals>: Unresolved reference prim path @/tmp/IsaacLab/usd_20260713_183210_4253/configuration/go2_description_physics.usd@</visuals/RL_calf_rotor> introduced by @/tmp/IsaacLab/usd_20260713_183210_4253/configuration/go2_description_base.usd@</go2_description/RL_calf_rotor/visuals> (recomposing stage on stage @/tmp/IsaacLab/usd_20260713_183210_4253/go2_description.usd@ <0x555fe0f51580>)

2026-07-13T10:32:11Z [7,730ms] [Warning] [omni.usd] Warning: in _ReportErrors at line 3172 of /builds/omniverse/usd-ci/USD/pxr/usd/usd/stage.cpp -- In </go2_description/RR_hip_rotor/visuals>: Unresolved reference prim path @/tmp/IsaacLab/usd_20260713_183210_4253/configuration/go2_description_physics.usd@</visuals/RR_hip_rotor> introduced by @/tmp/IsaacLab/usd_20260713_183210_4253/configuration/go2_description_base.usd@</go2_description/RR_hip_rotor/visuals> (recomposing stage on stage @/tmp/IsaacLab/usd_20260713_183210_4253/go2_description.usd@ <0x555fe0f4d990>)

2026-07-13T10:32:11Z [7,730ms] [Warning] [omni.usd] Warning: in _ReportErrors at line 3172 of /builds/omniverse/usd-ci/USD/pxr/usd/usd/stage.cpp -- In </go2_description/FL_hip_rotor/visuals>: Unresolved reference prim path @/tmp/IsaacLab/usd_20260713_183210_4253/configuration/go2_description_physics.usd@</visuals/FL_hip_rotor> introduced by @/tmp/IsaacLab/usd_20260713_183210_4253/configuration/go2_description_base.usd@</go2_description/FL_hip_rotor/visuals> (recomposing stage on stage @/tmp/IsaacLab/usd_20260713_183210_4253/go2_description.usd@ <0x555fe0f4d990>)

2026-07-13T10:32:11Z [7,730ms] [Warning] [omni.usd] Warning: in _ReportErrors at line 3172 of /builds/omniverse/usd-ci/USD/pxr/usd/usd/stage.cpp -- In </go2_description/FL_calf_rotor/visuals>: Unresolved reference prim path @/tmp/IsaacLab/usd_20260713_183210_4253/configuration/go2_description_physics.usd@</visuals/FL_calf_rotor> introduced by @/tmp/IsaacLab/usd_20260713_183210_4253/configuration/go2_description_base.usd@</go2_description/FL_calf_rotor/visuals> (recomposing stage on stage @/tmp/IsaacLab/usd_20260713_183210_4253/go2_description.usd@ <0x555fe0f4d990>)

2026-07-13T10:32:11Z [7,730ms] [Warning] [omni.usd] Warning: in _ReportErrors at line 3172 of /builds/omniverse/usd-ci/USD/pxr/usd/usd/stage.cpp -- In </go2_description/FL_thigh_rotor/visuals>: Unresolved reference prim path @/tmp/IsaacLab/usd_20260713_183210_4253/configuration/go2_description_physics.usd@</visuals/FL_thigh_rotor> introduced by @/tmp/IsaacLab/usd_20260713_183210_4253/configuration/go2_description_base.usd@</go2_description/FL_thigh_rotor/visuals> (recomposing stage on stage @/tmp/IsaacLab/usd_20260713_183210_4253/go2_description.usd@ <0x555fe0f4d990>)

2026-07-13T10:32:11Z [7,730ms] [Warning] [omni.usd] Warning: in _ReportErrors at line 3172 of /builds/omniverse/usd-ci/USD/pxr/usd/usd/stage.cpp -- In </go2_description/FR_calf_rotor/visuals>: Unresolved reference prim path @/tmp/IsaacLab/usd_20260713_183210_4253/configuration/go2_description_physics.usd@</visuals/FR_calf_rotor> introduced by @/tmp/IsaacLab/usd_20260713_183210_4253/configuration/go2_description_base.usd@</go2_description/FR_calf_rotor/visuals> (recomposing stage on stage @/tmp/IsaacLab/usd_20260713_183210_4253/go2_description.usd@ <0x555fe0f4d990>)

2026-07-13T10:32:11Z [7,730ms] [Warning] [omni.usd] Warning: in _ReportErrors at line 3172 of /builds/omniverse/usd-ci/USD/pxr/usd/usd/stage.cpp -- In </go2_description/RR_thigh_rotor/visuals>: Unresolved reference prim path @/tmp/IsaacLab/usd_20260713_183210_4253/configuration/go2_description_physics.usd@</visuals/RR_thigh_rotor> introduced by @/tmp/IsaacLab/usd_20260713_183210_4253/configuration/go2_description_base.usd@</go2_description/RR_thigh_rotor/visuals> (recomposing stage on stage @/tmp/IsaacLab/usd_20260713_183210_4253/go2_description.usd@ <0x555fe0f4d990>)

2026-07-13T10:32:11Z [7,730ms] [Warning] [omni.usd] Warning: in _ReportErrors at line 3172 of /builds/omniverse/usd-ci/USD/pxr/usd/usd/stage.cpp -- In </go2_description/FR_thigh_rotor/visuals>: Unresolved reference prim path @/tmp/IsaacLab/usd_20260713_183210_4253/configuration/go2_description_physics.usd@</visuals/FR_thigh_rotor> introduced by @/tmp/IsaacLab/usd_20260713_183210_4253/configuration/go2_description_base.usd@</go2_description/FR_thigh_rotor/visuals> (recomposing stage on stage @/tmp/IsaacLab/usd_20260713_183210_4253/go2_description.usd@ <0x555fe0f4d990>)

2026-07-13T10:32:11Z [7,730ms] [Warning] [omni.usd] Warning: in _ReportErrors at line 3172 of /builds/omniverse/usd-ci/USD/pxr/usd/usd/stage.cpp -- In </go2_description/RR_calf_rotor/visuals>: Unresolved reference prim path @/tmp/IsaacLab/usd_20260713_183210_4253/configuration/go2_description_physics.usd@</visuals/RR_calf_rotor> introduced by @/tmp/IsaacLab/usd_20260713_183210_4253/configuration/go2_description_base.usd@</go2_description/RR_calf_rotor/visuals> (recomposing stage on stage @/tmp/IsaacLab/usd_20260713_183210_4253/go2_description.usd@ <0x555fe0f4d990>)

2026-07-13T10:32:11Z [7,730ms] [Warning] [omni.usd] Warning: in _ReportErrors at line 3172 of /builds/omniverse/usd-ci/USD/pxr/usd/usd/stage.cpp -- In </go2_description/FR_hip_rotor/visuals>: Unresolved reference prim path @/tmp/IsaacLab/usd_20260713_183210_4253/configuration/go2_description_physics.usd@</visuals/FR_hip_rotor> introduced by @/tmp/IsaacLab/usd_20260713_183210_4253/configuration/go2_description_base.usd@</go2_description/FR_hip_rotor/visuals> (recomposing stage on stage @/tmp/IsaacLab/usd_20260713_183210_4253/go2_description.usd@ <0x555fe0f4d990>)

2026-07-13T10:32:11Z [7,730ms] [Warning] [omni.usd] Warning: in _ReportErrors at line 3172 of /builds/omniverse/usd-ci/USD/pxr/usd/usd/stage.cpp -- In </go2_description/Head_upper/visuals>: Unresolved reference prim path @/tmp/IsaacLab/usd_20260713_183210_4253/configuration/go2_description_physics.usd@</visuals/Head_upper> introduced by @/tmp/IsaacLab/usd_20260713_183210_4253/configuration/go2_description_base.usd@</go2_description/Head_upper/visuals> (recomposing stage on stage @/tmp/IsaacLab/usd_20260713_183210_4253/go2_description.usd@ <0x555fe0f4d990>)

2026-07-13T10:32:11Z [7,730ms] [Warning] [omni.usd] Warning: in _ReportErrors at line 3172 of /builds/omniverse/usd-ci/USD/pxr/usd/usd/stage.cpp -- In </go2_description/Head_lower/visuals>: Unresolved reference prim path @/tmp/IsaacLab/usd_20260713_183210_4253/configuration/go2_description_physics.usd@</visuals/Head_lower> introduced by @/tmp/IsaacLab/usd_20260713_183210_4253/configuration/go2_description_base.usd@</go2_description/Head_lower/visuals> (recomposing stage on stage @/tmp/IsaacLab/usd_20260713_183210_4253/go2_description.usd@ <0x555fe0f4d990>)

2026-07-13T10:32:11Z [7,730ms] [Warning] [omni.usd] Warning: in _ReportErrors at line 3172 of /builds/omniverse/usd-ci/USD/pxr/usd/usd/stage.cpp -- In </go2_description/RL_thigh_rotor/visuals>: Unresolved reference prim path @/tmp/IsaacLab/usd_20260713_183210_4253/configuration/go2_description_physics.usd@</visuals/RL_thigh_rotor> introduced by @/tmp/IsaacLab/usd_20260713_183210_4253/configuration/go2_description_base.usd@</go2_description/RL_thigh_rotor/visuals> (recomposing stage on stage @/tmp/IsaacLab/usd_20260713_183210_4253/go2_description.usd@ <0x555fe0f4d990>)

2026-07-13T10:32:11Z [7,730ms] [Warning] [omni.usd] Warning: in _ReportErrors at line 3172 of /builds/omniverse/usd-ci/USD/pxr/usd/usd/stage.cpp -- In </go2_description/RL_calf_rotor/visuals>: Unresolved reference prim path @/tmp/IsaacLab/usd_20260713_183210_4253/configuration/go2_description_physics.usd@</visuals/RL_calf_rotor> introduced by @/tmp/IsaacLab/usd_20260713_183210_4253/configuration/go2_description_base.usd@</go2_description/RL_calf_rotor/visuals> (recomposing stage on stage @/tmp/IsaacLab/usd_20260713_183210_4253/go2_description.usd@ <0x555fe0f4d990>)

2026-07-13T10:32:11Z [7,730ms] [Warning] [omni.usd] Warning: in _ReportErrors at line 3172 of /builds/omniverse/usd-ci/USD/pxr/usd/usd/stage.cpp -- In </go2_description/RL_hip_rotor/visuals>: Unresolved reference prim path @/tmp/IsaacLab/usd_20260713_183210_4253/configuration/go2_description_physics.usd@</visuals/RL_hip_rotor> introduced by @/tmp/IsaacLab/usd_20260713_183210_4253/configuration/go2_description_base.usd@</go2_description/RL_hip_rotor/visuals> (recomposing stage on stage @/tmp/IsaacLab/usd_20260713_183210_4253/go2_description.usd@ <0x555fe0f4d990>)

2026-07-13T10:32:11Z [7,731ms] [Warning] [omni.usd] Warning: in _ReportErrors at line 3172 of /builds/omniverse/usd-ci/USD/pxr/usd/usd/stage.cpp -- In </go2_description/RR_hip_rotor/visuals>: Unresolved reference prim path @/tmp/IsaacLab/usd_20260713_183210_4253/configuration/go2_description_physics.usd@</visuals/RR_hip_rotor> introduced by @/tmp/IsaacLab/usd_20260713_183210_4253/configuration/go2_description_base.usd@</go2_description/RR_hip_rotor/visuals> (recomposing stage on stage @/tmp/IsaacLab/usd_20260713_183210_4253/go2_description.usd@ <0x555fe0f51580>)

2026-07-13T10:32:11Z [7,731ms] [Warning] [omni.usd] Warning: in _ReportErrors at line 3172 of /builds/omniverse/usd-ci/USD/pxr/usd/usd/stage.cpp -- In </go2_description/FL_hip_rotor/visuals>: Unresolved reference prim path @/tmp/IsaacLab/usd_20260713_183210_4253/configuration/go2_description_physics.usd@</visuals/FL_hip_rotor> introduced by @/tmp/IsaacLab/usd_20260713_183210_4253/configuration/go2_description_base.usd@</go2_description/FL_hip_rotor/visuals> (recomposing stage on stage @/tmp/IsaacLab/usd_20260713_183210_4253/go2_description.usd@ <0x555fe0f51580>)

2026-07-13T10:32:11Z [7,731ms] [Warning] [omni.usd] Warning: in _ReportErrors at line 3172 of /builds/omniverse/usd-ci/USD/pxr/usd/usd/stage.cpp -- In </go2_description/FL_calf_rotor/visuals>: Unresolved reference prim path @/tmp/IsaacLab/usd_20260713_183210_4253/configuration/go2_description_physics.usd@</visuals/FL_calf_rotor> introduced by @/tmp/IsaacLab/usd_20260713_183210_4253/configuration/go2_description_base.usd@</go2_description/FL_calf_rotor/visuals> (recomposing stage on stage @/tmp/IsaacLab/usd_20260713_183210_4253/go2_description.usd@ <0x555fe0f51580>)

2026-07-13T10:32:11Z [7,731ms] [Warning] [omni.usd] Warning: in _ReportErrors at line 3172 of /builds/omniverse/usd-ci/USD/pxr/usd/usd/stage.cpp -- In </go2_description/RR_thigh_rotor/visuals>: Unresolved reference prim path @/tmp/IsaacLab/usd_20260713_183210_4253/configuration/go2_description_physics.usd@</visuals/RR_thigh_rotor> introduced by @/tmp/IsaacLab/usd_20260713_183210_4253/configuration/go2_description_base.usd@</go2_description/RR_thigh_rotor/visuals> (recomposing stage on stage @/tmp/IsaacLab/usd_20260713_183210_4253/go2_description.usd@ <0x555fe0f51580>)

2026-07-13T10:32:11Z [7,731ms] [Warning] [omni.usd] Warning: in _ReportErrors at line 3172 of /builds/omniverse/usd-ci/USD/pxr/usd/usd/stage.cpp -- In </go2_description/FL_thigh_rotor/visuals>: Unresolved reference prim path @/tmp/IsaacLab/usd_20260713_183210_4253/configuration/go2_description_physics.usd@</visuals/FL_thigh_rotor> introduced by @/tmp/IsaacLab/usd_20260713_183210_4253/configuration/go2_description_base.usd@</go2_description/FL_thigh_rotor/visuals> (recomposing stage on stage @/tmp/IsaacLab/usd_20260713_183210_4253/go2_description.usd@ <0x555fe0f51580>)

2026-07-13T10:32:11Z [7,731ms] [Warning] [omni.usd] Warning: in _ReportErrors at line 3172 of /builds/omniverse/usd-ci/USD/pxr/usd/usd/stage.cpp -- In </go2_description/RR_calf_rotor/visuals>: Unresolved reference prim path @/tmp/IsaacLab/usd_20260713_183210_4253/configuration/go2_description_physics.usd@</visuals/RR_calf_rotor> introduced by @/tmp/IsaacLab/usd_20260713_183210_4253/configuration/go2_description_base.usd@</go2_description/RR_calf_rotor/visuals> (recomposing stage on stage @/tmp/IsaacLab/usd_20260713_183210_4253/go2_description.usd@ <0x555fe0f51580>)

2026-07-13T10:32:11Z [7,731ms] [Warning] [omni.usd] Warning: in _ReportErrors at line 3172 of /builds/omniverse/usd-ci/USD/pxr/usd/usd/stage.cpp -- In </go2_description/FR_calf_rotor/visuals>: Unresolved reference prim path @/tmp/IsaacLab/usd_20260713_183210_4253/configuration/go2_description_physics.usd@</visuals/FR_calf_rotor> introduced by @/tmp/IsaacLab/usd_20260713_183210_4253/configuration/go2_description_base.usd@</go2_description/FR_calf_rotor/visuals> (recomposing stage on stage @/tmp/IsaacLab/usd_20260713_183210_4253/go2_description.usd@ <0x555fe0f51580>)

2026-07-13T10:32:11Z [7,731ms] [Warning] [omni.usd] Warning: in _ReportErrors at line 3172 of /builds/omniverse/usd-ci/USD/pxr/usd/usd/stage.cpp -- In </go2_description/FR_thigh_rotor/visuals>: Unresolved reference prim path @/tmp/IsaacLab/usd_20260713_183210_4253/configuration/go2_description_physics.usd@</visuals/FR_thigh_rotor> introduced by @/tmp/IsaacLab/usd_20260713_183210_4253/configuration/go2_description_base.usd@</go2_description/FR_thigh_rotor/visuals> (recomposing stage on stage @/tmp/IsaacLab/usd_20260713_183210_4253/go2_description.usd@ <0x555fe0f51580>)

2026-07-13T10:32:11Z [7,731ms] [Warning] [omni.usd] Warning: in _ReportErrors at line 3172 of /builds/omniverse/usd-ci/USD/pxr/usd/usd/stage.cpp -- In </go2_description/FR_hip_rotor/visuals>: Unresolved reference prim path @/tmp/IsaacLab/usd_20260713_183210_4253/configuration/go2_description_physics.usd@</visuals/FR_hip_rotor> introduced by @/tmp/IsaacLab/usd_20260713_183210_4253/configuration/go2_description_base.usd@</go2_description/FR_hip_rotor/visuals> (recomposing stage on stage @/tmp/IsaacLab/usd_20260713_183210_4253/go2_description.usd@ <0x555fe0f51580>)

2026-07-13T10:32:11Z [7,731ms] [Warning] [omni.usd] Warning: in _ReportErrors at line 3172 of /builds/omniverse/usd-ci/USD/pxr/usd/usd/stage.cpp -- In </go2_description/Head_upper/visuals>: Unresolved reference prim path @/tmp/IsaacLab/usd_20260713_183210_4253/configuration/go2_description_physics.usd@</visuals/Head_upper> introduced by @/tmp/IsaacLab/usd_20260713_183210_4253/configuration/go2_description_base.usd@</go2_description/Head_upper/visuals> (recomposing stage on stage @/tmp/IsaacLab/usd_20260713_183210_4253/go2_description.usd@ <0x555fe0f51580>)

2026-07-13T10:32:11Z [7,731ms] [Warning] [omni.usd] Warning: in _ReportErrors at line 3172 of /builds/omniverse/usd-ci/USD/pxr/usd/usd/stage.cpp -- In </go2_description/RL_calf_rotor/visuals>: Unresolved reference prim path @/tmp/IsaacLab/usd_20260713_183210_4253/configuration/go2_description_physics.usd@</visuals/RL_calf_rotor> introduced by @/tmp/IsaacLab/usd_20260713_183210_4253/configuration/go2_description_base.usd@</go2_description/RL_calf_rotor/visuals> (recomposing stage on stage @/tmp/IsaacLab/usd_20260713_183210_4253/go2_description.usd@ <0x555fe0f51580>)

2026-07-13T10:32:11Z [7,731ms] [Warning] [omni.usd] Warning: in _ReportErrors at line 3172 of /builds/omniverse/usd-ci/USD/pxr/usd/usd/stage.cpp -- In </go2_description/RL_thigh_rotor/visuals>: Unresolved reference prim path @/tmp/IsaacLab/usd_20260713_183210_4253/configuration/go2_description_physics.usd@</visuals/RL_thigh_rotor> introduced by @/tmp/IsaacLab/usd_20260713_183210_4253/configuration/go2_description_base.usd@</go2_description/RL_thigh_rotor/visuals> (recomposing stage on stage @/tmp/IsaacLab/usd_20260713_183210_4253/go2_description.usd@ <0x555fe0f51580>)

2026-07-13T10:32:11Z [7,731ms] [Warning] [omni.usd] Warning: in _ReportErrors at line 3172 of /builds/omniverse/usd-ci/USD/pxr/usd/usd/stage.cpp -- In </go2_description/Head_lower/visuals>: Unresolved reference prim path @/tmp/IsaacLab/usd_20260713_183210_4253/configuration/go2_description_physics.usd@</visuals/Head_lower> introduced by @/tmp/IsaacLab/usd_20260713_183210_4253/configuration/go2_description_base.usd@</go2_description/Head_lower/visuals> (recomposing stage on stage @/tmp/IsaacLab/usd_20260713_183210_4253/go2_description.usd@ <0x555fe0f51580>)

2026-07-13T10:32:11Z [7,731ms] [Warning] [omni.usd] Warning: in _ReportErrors at line 3172 of /builds/omniverse/usd-ci/USD/pxr/usd/usd/stage.cpp -- In </go2_description/RL_hip_rotor/visuals>: Unresolved reference prim path @/tmp/IsaacLab/usd_20260713_183210_4253/configuration/go2_description_physics.usd@</visuals/RL_hip_rotor> introduced by @/tmp/IsaacLab/usd_20260713_183210_4253/configuration/go2_description_base.usd@</go2_description/RL_hip_rotor/visuals> (recomposing stage on stage @/tmp/IsaacLab/usd_20260713_183210_4253/go2_description.usd@ <0x555fe0f51580>)

2026-07-13T10:32:11Z [7,731ms] [Warning] [omni.usd] Warning: in _ReportErrors at line 3172 of /builds/omniverse/usd-ci/USD/pxr/usd/usd/stage.cpp -- In </go2_description/RR_hip_rotor/visuals>: Unresolved reference prim path @/tmp/IsaacLab/usd_20260713_183210_4253/configuration/go2_description_physics.usd@</visuals/RR_hip_rotor> introduced by @/tmp/IsaacLab/usd_20260713_183210_4253/configuration/go2_description_base.usd@</go2_description/RR_hip_rotor/visuals> (recomposing stage on stage @/tmp/IsaacLab/usd_20260713_183210_4253/go2_description.usd@ <0x555fe0f4d990>)

2026-07-13T10:32:11Z [7,732ms] [Warning] [omni.usd] Warning: in _ReportErrors at line 3172 of /builds/omniverse/usd-ci/USD/pxr/usd/usd/stage.cpp -- In </go2_description/FL_thigh_rotor/visuals>: Unresolved reference prim path @/tmp/IsaacLab/usd_20260713_183210_4253/configuration/go2_description_physics.usd@</visuals/FL_thigh_rotor> introduced by @/tmp/IsaacLab/usd_20260713_183210_4253/configuration/go2_description_base.usd@</go2_description/FL_thigh_rotor/visuals> (recomposing stage on stage @/tmp/IsaacLab/usd_20260713_183210_4253/go2_description.usd@ <0x555fe0f4d990>)

2026-07-13T10:32:11Z [7,732ms] [Warning] [omni.usd] Warning: in _ReportErrors at line 3172 of /builds/omniverse/usd-ci/USD/pxr/usd/usd/stage.cpp -- In </go2_description/FL_hip_rotor/visuals>: Unresolved reference prim path @/tmp/IsaacLab/usd_20260713_183210_4253/configuration/go2_description_physics.usd@</visuals/FL_hip_rotor> introduced by @/tmp/IsaacLab/usd_20260713_183210_4253/configuration/go2_description_base.usd@</go2_description/FL_hip_rotor/visuals> (recomposing stage on stage @/tmp/IsaacLab/usd_20260713_183210_4253/go2_description.usd@ <0x555fe0f4d990>)

2026-07-13T10:32:11Z [7,732ms] [Warning] [omni.usd] Warning: in _ReportErrors at line 3172 of /builds/omniverse/usd-ci/USD/pxr/usd/usd/stage.cpp -- In </go2_description/FL_calf_rotor/visuals>: Unresolved reference prim path @/tmp/IsaacLab/usd_20260713_183210_4253/configuration/go2_description_physics.usd@</visuals/FL_calf_rotor> introduced by @/tmp/IsaacLab/usd_20260713_183210_4253/configuration/go2_description_base.usd@</go2_description/FL_calf_rotor/visuals> (recomposing stage on stage @/tmp/IsaacLab/usd_20260713_183210_4253/go2_description.usd@ <0x555fe0f4d990>)

2026-07-13T10:32:11Z [7,732ms] [Warning] [omni.usd] Warning: in _ReportErrors at line 3172 of /builds/omniverse/usd-ci/USD/pxr/usd/usd/stage.cpp -- In </go2_description/RR_thigh_rotor/visuals>: Unresolved reference prim path @/tmp/IsaacLab/usd_20260713_183210_4253/configuration/go2_description_physics.usd@</visuals/RR_thigh_rotor> introduced by @/tmp/IsaacLab/usd_20260713_183210_4253/configuration/go2_description_base.usd@</go2_description/RR_thigh_rotor/visuals> (recomposing stage on stage @/tmp/IsaacLab/usd_20260713_183210_4253/go2_description.usd@ <0x555fe0f4d990>)

2026-07-13T10:32:11Z [7,732ms] [Warning] [omni.usd] Warning: in _ReportErrors at line 3172 of /builds/omniverse/usd-ci/USD/pxr/usd/usd/stage.cpp -- In </go2_description/RR_calf_rotor/visuals>: Unresolved reference prim path @/tmp/IsaacLab/usd_20260713_183210_4253/configuration/go2_description_physics.usd@</visuals/RR_calf_rotor> introduced by @/tmp/IsaacLab/usd_20260713_183210_4253/configuration/go2_description_base.usd@</go2_description/RR_calf_rotor/visuals> (recomposing stage on stage @/tmp/IsaacLab/usd_20260713_183210_4253/go2_description.usd@ <0x555fe0f4d990>)

2026-07-13T10:32:11Z [7,732ms] [Warning] [omni.usd] Warning: in _ReportErrors at line 3172 of /builds/omniverse/usd-ci/USD/pxr/usd/usd/stage.cpp -- In </go2_description/FR_thigh_rotor/visuals>: Unresolved reference prim path @/tmp/IsaacLab/usd_20260713_183210_4253/configuration/go2_description_physics.usd@</visuals/FR_thigh_rotor> introduced by @/tmp/IsaacLab/usd_20260713_183210_4253/configuration/go2_description_base.usd@</go2_description/FR_thigh_rotor/visuals> (recomposing stage on stage @/tmp/IsaacLab/usd_20260713_183210_4253/go2_description.usd@ <0x555fe0f4d990>)

2026-07-13T10:32:11Z [7,732ms] [Warning] [omni.usd] Warning: in _ReportErrors at line 3172 of /builds/omniverse/usd-ci/USD/pxr/usd/usd/stage.cpp -- In </go2_description/FR_calf_rotor/visuals>: Unresolved reference prim path @/tmp/IsaacLab/usd_20260713_183210_4253/configuration/go2_description_physics.usd@</visuals/FR_calf_rotor> introduced by @/tmp/IsaacLab/usd_20260713_183210_4253/configuration/go2_description_base.usd@</go2_description/FR_calf_rotor/visuals> (recomposing stage on stage @/tmp/IsaacLab/usd_20260713_183210_4253/go2_description.usd@ <0x555fe0f4d990>)

2026-07-13T10:32:11Z [7,732ms] [Warning] [omni.usd] Warning: in _ReportErrors at line 3172 of /builds/omniverse/usd-ci/USD/pxr/usd/usd/stage.cpp -- In </go2_description/FR_hip_rotor/visuals>: Unresolved reference prim path @/tmp/IsaacLab/usd_20260713_183210_4253/configuration/go2_description_physics.usd@</visuals/FR_hip_rotor> introduced by @/tmp/IsaacLab/usd_20260713_183210_4253/configuration/go2_description_base.usd@</go2_description/FR_hip_rotor/visuals> (recomposing stage on stage @/tmp/IsaacLab/usd_20260713_183210_4253/go2_description.usd@ <0x555fe0f4d990>)

2026-07-13T10:32:11Z [7,732ms] [Warning] [omni.usd] Warning: in _ReportErrors at line 3172 of /builds/omniverse/usd-ci/USD/pxr/usd/usd/stage.cpp -- In </go2_description/Head_upper/visuals>: Unresolved reference prim path @/tmp/IsaacLab/usd_20260713_183210_4253/configuration/go2_description_physics.usd@</visuals/Head_upper> introduced by @/tmp/IsaacLab/usd_20260713_183210_4253/configuration/go2_description_base.usd@</go2_description/Head_upper/visuals> (recomposing stage on stage @/tmp/IsaacLab/usd_20260713_183210_4253/go2_description.usd@ <0x555fe0f4d990>)

2026-07-13T10:32:11Z [7,732ms] [Warning] [omni.usd] Warning: in _ReportErrors at line 3172 of /builds/omniverse/usd-ci/USD/pxr/usd/usd/stage.cpp -- In </go2_description/Head_lower/visuals>: Unresolved reference prim path @/tmp/IsaacLab/usd_20260713_183210_4253/configuration/go2_description_physics.usd@</visuals/Head_lower> introduced by @/tmp/IsaacLab/usd_20260713_183210_4253/configuration/go2_description_base.usd@</go2_description/Head_lower/visuals> (recomposing stage on stage @/tmp/IsaacLab/usd_20260713_183210_4253/go2_description.usd@ <0x555fe0f4d990>)

2026-07-13T10:32:11Z [7,732ms] [Warning] [omni.usd] Warning: in _ReportErrors at line 3172 of /builds/omniverse/usd-ci/USD/pxr/usd/usd/stage.cpp -- In </go2_description/RL_hip_rotor/visuals>: Unresolved reference prim path @/tmp/IsaacLab/usd_20260713_183210_4253/configuration/go2_description_physics.usd@</visuals/RL_hip_rotor> introduced by @/tmp/IsaacLab/usd_20260713_183210_4253/configuration/go2_description_base.usd@</go2_description/RL_hip_rotor/visuals> (recomposing stage on stage @/tmp/IsaacLab/usd_20260713_183210_4253/go2_description.usd@ <0x555fe0f4d990>)

2026-07-13T10:32:11Z [7,732ms] [Warning] [omni.usd] Warning: in _ReportErrors at line 3172 of /builds/omniverse/usd-ci/USD/pxr/usd/usd/stage.cpp -- In </go2_description/RL_calf_rotor/visuals>: Unresolved reference prim path @/tmp/IsaacLab/usd_20260713_183210_4253/configuration/go2_description_physics.usd@</visuals/RL_calf_rotor> introduced by @/tmp/IsaacLab/usd_20260713_183210_4253/configuration/go2_description_base.usd@</go2_description/RL_calf_rotor/visuals> (recomposing stage on stage @/tmp/IsaacLab/usd_20260713_183210_4253/go2_description.usd@ <0x555fe0f4d990>)

2026-07-13T10:32:11Z [7,732ms] [Warning] [omni.usd] Warning: in _ReportErrors at line 3172 of /builds/omniverse/usd-ci/USD/pxr/usd/usd/stage.cpp -- In </go2_description/RL_thigh_rotor/visuals>: Unresolved reference prim path @/tmp/IsaacLab/usd_20260713_183210_4253/configuration/go2_description_physics.usd@</visuals/RL_thigh_rotor> introduced by @/tmp/IsaacLab/usd_20260713_183210_4253/configuration/go2_description_base.usd@</go2_description/RL_thigh_rotor/visuals> (recomposing stage on stage @/tmp/IsaacLab/usd_20260713_183210_4253/go2_description.usd@ <0x555fe0f4d990>)

2026-07-13T10:32:11Z [7,732ms] [Warning] [omni.usd] Warning: in _ReportErrors at line 3172 of /builds/omniverse/usd-ci/USD/pxr/usd/usd/stage.cpp -- In </go2_description/RR_hip_rotor/visuals>: Unresolved reference prim path @/tmp/IsaacLab/usd_20260713_183210_4253/configuration/go2_description_physics.usd@</visuals/RR_hip_rotor> introduced by @/tmp/IsaacLab/usd_20260713_183210_4253/configuration/go2_description_base.usd@</go2_description/RR_hip_rotor/visuals> (recomposing stage on stage @/tmp/IsaacLab/usd_20260713_183210_4253/go2_description.usd@ <0x555fe0f51580>)

2026-07-13T10:32:11Z [7,732ms] [Warning] [omni.usd] Warning: in _ReportErrors at line 3172 of /builds/omniverse/usd-ci/USD/pxr/usd/usd/stage.cpp -- In </go2_description/FL_hip_rotor/visuals>: Unresolved reference prim path @/tmp/IsaacLab/usd_20260713_183210_4253/configuration/go2_description_physics.usd@</visuals/FL_hip_rotor> introduced by @/tmp/IsaacLab/usd_20260713_183210_4253/configuration/go2_description_base.usd@</go2_description/FL_hip_rotor/visuals> (recomposing stage on stage @/tmp/IsaacLab/usd_20260713_183210_4253/go2_description.usd@ <0x555fe0f51580>)

2026-07-13T10:32:11Z [7,732ms] [Warning] [omni.usd] Warning: in _ReportErrors at line 3172 of /builds/omniverse/usd-ci/USD/pxr/usd/usd/stage.cpp -- In </go2_description/FL_calf_rotor/visuals>: Unresolved reference prim path @/tmp/IsaacLab/usd_20260713_183210_4253/configuration/go2_description_physics.usd@</visuals/FL_calf_rotor> introduced by @/tmp/IsaacLab/usd_20260713_183210_4253/configuration/go2_description_base.usd@</go2_description/FL_calf_rotor/visuals> (recomposing stage on stage @/tmp/IsaacLab/usd_20260713_183210_4253/go2_description.usd@ <0x555fe0f51580>)

2026-07-13T10:32:11Z [7,732ms] [Warning] [omni.usd] Warning: in _ReportErrors at line 3172 of /builds/omniverse/usd-ci/USD/pxr/usd/usd/stage.cpp -- In </go2_description/FL_thigh_rotor/visuals>: Unresolved reference prim path @/tmp/IsaacLab/usd_20260713_183210_4253/configuration/go2_description_physics.usd@</visuals/FL_thigh_rotor> introduced by @/tmp/IsaacLab/usd_20260713_183210_4253/configuration/go2_description_base.usd@</go2_description/FL_thigh_rotor/visuals> (recomposing stage on stage @/tmp/IsaacLab/usd_20260713_183210_4253/go2_description.usd@ <0x555fe0f51580>)

2026-07-13T10:32:11Z [7,732ms] [Warning] [omni.usd] Warning: in _ReportErrors at line 3172 of /builds/omniverse/usd-ci/USD/pxr/usd/usd/stage.cpp -- In </go2_description/RR_thigh_rotor/visuals>: Unresolved reference prim path @/tmp/IsaacLab/usd_20260713_183210_4253/configuration/go2_description_physics.usd@</visuals/RR_thigh_rotor> introduced by @/tmp/IsaacLab/usd_20260713_183210_4253/configuration/go2_description_base.usd@</go2_description/RR_thigh_rotor/visuals> (recomposing stage on stage @/tmp/IsaacLab/usd_20260713_183210_4253/go2_description.usd@ <0x555fe0f51580>)

2026-07-13T10:32:11Z [7,732ms] [Warning] [omni.usd] Warning: in _ReportErrors at line 3172 of /builds/omniverse/usd-ci/USD/pxr/usd/usd/stage.cpp -- In </go2_description/RR_calf_rotor/visuals>: Unresolved reference prim path @/tmp/IsaacLab/usd_20260713_183210_4253/configuration/go2_description_physics.usd@</visuals/RR_calf_rotor> introduced by @/tmp/IsaacLab/usd_20260713_183210_4253/configuration/go2_description_base.usd@</go2_description/RR_calf_rotor/visuals> (recomposing stage on stage @/tmp/IsaacLab/usd_20260713_183210_4253/go2_description.usd@ <0x555fe0f51580>)

2026-07-13T10:32:11Z [7,732ms] [Warning] [omni.usd] Warning: in _ReportErrors at line 3172 of /builds/omniverse/usd-ci/USD/pxr/usd/usd/stage.cpp -- In </go2_description/FR_calf_rotor/visuals>: Unresolved reference prim path @/tmp/IsaacLab/usd_20260713_183210_4253/configuration/go2_description_physics.usd@</visuals/FR_calf_rotor> introduced by @/tmp/IsaacLab/usd_20260713_183210_4253/configuration/go2_description_base.usd@</go2_description/FR_calf_rotor/visuals> (recomposing stage on stage @/tmp/IsaacLab/usd_20260713_183210_4253/go2_description.usd@ <0x555fe0f51580>)

2026-07-13T10:32:11Z [7,732ms] [Warning] [omni.usd] Warning: in _ReportErrors at line 3172 of /builds/omniverse/usd-ci/USD/pxr/usd/usd/stage.cpp -- In </go2_description/FR_thigh_rotor/visuals>: Unresolved reference prim path @/tmp/IsaacLab/usd_20260713_183210_4253/configuration/go2_description_physics.usd@</visuals/FR_thigh_rotor> introduced by @/tmp/IsaacLab/usd_20260713_183210_4253/configuration/go2_description_base.usd@</go2_description/FR_thigh_rotor/visuals> (recomposing stage on stage @/tmp/IsaacLab/usd_20260713_183210_4253/go2_description.usd@ <0x555fe0f51580>)

2026-07-13T10:32:11Z [7,732ms] [Warning] [omni.usd] Warning: in _ReportErrors at line 3172 of /builds/omniverse/usd-ci/USD/pxr/usd/usd/stage.cpp -- In </go2_description/FR_hip_rotor/visuals>: Unresolved reference prim path @/tmp/IsaacLab/usd_20260713_183210_4253/configuration/go2_description_physics.usd@</visuals/FR_hip_rotor> introduced by @/tmp/IsaacLab/usd_20260713_183210_4253/configuration/go2_description_base.usd@</go2_description/FR_hip_rotor/visuals> (recomposing stage on stage @/tmp/IsaacLab/usd_20260713_183210_4253/go2_description.usd@ <0x555fe0f51580>)

2026-07-13T10:32:11Z [7,732ms] [Warning] [omni.usd] Warning: in _ReportErrors at line 3172 of /builds/omniverse/usd-ci/USD/pxr/usd/usd/stage.cpp -- In </go2_description/Head_lower/visuals>: Unresolved reference prim path @/tmp/IsaacLab/usd_20260713_183210_4253/configuration/go2_description_physics.usd@</visuals/Head_lower> introduced by @/tmp/IsaacLab/usd_20260713_183210_4253/configuration/go2_description_base.usd@</go2_description/Head_lower/visuals> (recomposing stage on stage @/tmp/IsaacLab/usd_20260713_183210_4253/go2_description.usd@ <0x555fe0f51580>)

2026-07-13T10:32:11Z [7,732ms] [Warning] [omni.usd] Warning: in _ReportErrors at line 3172 of /builds/omniverse/usd-ci/USD/pxr/usd/usd/stage.cpp -- In </go2_description/Head_upper/visuals>: Unresolved reference prim path @/tmp/IsaacLab/usd_20260713_183210_4253/configuration/go2_description_physics.usd@</visuals/Head_upper> introduced by @/tmp/IsaacLab/usd_20260713_183210_4253/configuration/go2_description_base.usd@</go2_description/Head_upper/visuals> (recomposing stage on stage @/tmp/IsaacLab/usd_20260713_183210_4253/go2_description.usd@ <0x555fe0f51580>)

2026-07-13T10:32:11Z [7,732ms] [Warning] [omni.usd] Warning: in _ReportErrors at line 3172 of /builds/omniverse/usd-ci/USD/pxr/usd/usd/stage.cpp -- In </go2_description/RL_calf_rotor/visuals>: Unresolved reference prim path @/tmp/IsaacLab/usd_20260713_183210_4253/configuration/go2_description_physics.usd@</visuals/RL_calf_rotor> introduced by @/tmp/IsaacLab/usd_20260713_183210_4253/configuration/go2_description_base.usd@</go2_description/RL_calf_rotor/visuals> (recomposing stage on stage @/tmp/IsaacLab/usd_20260713_183210_4253/go2_description.usd@ <0x555fe0f51580>)

2026-07-13T10:32:11Z [7,732ms] [Warning] [omni.usd] Warning: in _ReportErrors at line 3172 of /builds/omniverse/usd-ci/USD/pxr/usd/usd/stage.cpp -- In </go2_description/RL_hip_rotor/visuals>: Unresolved reference prim path @/tmp/IsaacLab/usd_20260713_183210_4253/configuration/go2_description_physics.usd@</visuals/RL_hip_rotor> introduced by @/tmp/IsaacLab/usd_20260713_183210_4253/configuration/go2_description_base.usd@</go2_description/RL_hip_rotor/visuals> (recomposing stage on stage @/tmp/IsaacLab/usd_20260713_183210_4253/go2_description.usd@ <0x555fe0f51580>)

2026-07-13T10:32:11Z [7,732ms] [Warning] [omni.usd] Warning: in _ReportErrors at line 3172 of /builds/omniverse/usd-ci/USD/pxr/usd/usd/stage.cpp -- In </go2_description/RL_thigh_rotor/visuals>: Unresolved reference prim path @/tmp/IsaacLab/usd_20260713_183210_4253/configuration/go2_description_physics.usd@</visuals/RL_thigh_rotor> introduced by @/tmp/IsaacLab/usd_20260713_183210_4253/configuration/go2_description_base.usd@</go2_description/RL_thigh_rotor/visuals> (recomposing stage on stage @/tmp/IsaacLab/usd_20260713_183210_4253/go2_description.usd@ <0x555fe0f51580>)

2026-07-13T10:32:11Z [7,733ms] [Warning] [omni.usd] Warning: in _ReportErrors at line 3172 of /builds/omniverse/usd-ci/USD/pxr/usd/usd/stage.cpp -- In </go2_description/RR_hip_rotor/visuals>: Unresolved reference prim path @/tmp/IsaacLab/usd_20260713_183210_4253/configuration/go2_description_physics.usd@</visuals/RR_hip_rotor> introduced by @/tmp/IsaacLab/usd_20260713_183210_4253/configuration/go2_description_base.usd@</go2_description/RR_hip_rotor/visuals> (recomposing stage on stage @/tmp/IsaacLab/usd_20260713_183210_4253/go2_description.usd@ <0x555fe0f4d990>)

2026-07-13T10:32:11Z [7,733ms] [Warning] [omni.usd] Warning: in _ReportErrors at line 3172 of /builds/omniverse/usd-ci/USD/pxr/usd/usd/stage.cpp -- In </go2_description/FL_hip_rotor/visuals>: Unresolved reference prim path @/tmp/IsaacLab/usd_20260713_183210_4253/configuration/go2_description_physics.usd@</visuals/FL_hip_rotor> introduced by @/tmp/IsaacLab/usd_20260713_183210_4253/configuration/go2_description_base.usd@</go2_description/FL_hip_rotor/visuals> (recomposing stage on stage @/tmp/IsaacLab/usd_20260713_183210_4253/go2_description.usd@ <0x555fe0f4d990>)

2026-07-13T10:32:11Z [7,733ms] [Warning] [omni.usd] Warning: in _ReportErrors at line 3172 of /builds/omniverse/usd-ci/USD/pxr/usd/usd/stage.cpp -- In </go2_description/FL_thigh_rotor/visuals>: Unresolved reference prim path @/tmp/IsaacLab/usd_20260713_183210_4253/configuration/go2_description_physics.usd@</visuals/FL_thigh_rotor> introduced by @/tmp/IsaacLab/usd_20260713_183210_4253/configuration/go2_description_base.usd@</go2_description/FL_thigh_rotor/visuals> (recomposing stage on stage @/tmp/IsaacLab/usd_20260713_183210_4253/go2_description.usd@ <0x555fe0f4d990>)

2026-07-13T10:32:11Z [7,733ms] [Warning] [omni.usd] Warning: in _ReportErrors at line 3172 of /builds/omniverse/usd-ci/USD/pxr/usd/usd/stage.cpp -- In </go2_description/FL_calf_rotor/visuals>: Unresolved reference prim path @/tmp/IsaacLab/usd_20260713_183210_4253/configuration/go2_description_physics.usd@</visuals/FL_calf_rotor> introduced by @/tmp/IsaacLab/usd_20260713_183210_4253/configuration/go2_description_base.usd@</go2_description/FL_calf_rotor/visuals> (recomposing stage on stage @/tmp/IsaacLab/usd_20260713_183210_4253/go2_description.usd@ <0x555fe0f4d990>)

2026-07-13T10:32:11Z [7,733ms] [Warning] [omni.usd] Warning: in _ReportErrors at line 3172 of /builds/omniverse/usd-ci/USD/pxr/usd/usd/stage.cpp -- In </go2_description/RR_thigh_rotor/visuals>: Unresolved reference prim path @/tmp/IsaacLab/usd_20260713_183210_4253/configuration/go2_description_physics.usd@</visuals/RR_thigh_rotor> introduced by @/tmp/IsaacLab/usd_20260713_183210_4253/configuration/go2_description_base.usd@</go2_description/RR_thigh_rotor/visuals> (recomposing stage on stage @/tmp/IsaacLab/usd_20260713_183210_4253/go2_description.usd@ <0x555fe0f4d990>)

2026-07-13T10:32:11Z [7,733ms] [Warning] [omni.usd] Warning: in _ReportErrors at line 3172 of /builds/omniverse/usd-ci/USD/pxr/usd/usd/stage.cpp -- In </go2_description/FR_calf_rotor/visuals>: Unresolved reference prim path @/tmp/IsaacLab/usd_20260713_183210_4253/configuration/go2_description_physics.usd@</visuals/FR_calf_rotor> introduced by @/tmp/IsaacLab/usd_20260713_183210_4253/configuration/go2_description_base.usd@</go2_description/FR_calf_rotor/visuals> (recomposing stage on stage @/tmp/IsaacLab/usd_20260713_183210_4253/go2_description.usd@ <0x555fe0f4d990>)

2026-07-13T10:32:11Z [7,733ms] [Warning] [omni.usd] Warning: in _ReportErrors at line 3172 of /builds/omniverse/usd-ci/USD/pxr/usd/usd/stage.cpp -- In </go2_description/FR_thigh_rotor/visuals>: Unresolved reference prim path @/tmp/IsaacLab/usd_20260713_183210_4253/configuration/go2_description_physics.usd@</visuals/FR_thigh_rotor> introduced by @/tmp/IsaacLab/usd_20260713_183210_4253/configuration/go2_description_base.usd@</go2_description/FR_thigh_rotor/visuals> (recomposing stage on stage @/tmp/IsaacLab/usd_20260713_183210_4253/go2_description.usd@ <0x555fe0f4d990>)

2026-07-13T10:32:11Z [7,733ms] [Warning] [omni.usd] Warning: in _ReportErrors at line 3172 of /builds/omniverse/usd-ci/USD/pxr/usd/usd/stage.cpp -- In </go2_description/RR_calf_rotor/visuals>: Unresolved reference prim path @/tmp/IsaacLab/usd_20260713_183210_4253/configuration/go2_description_physics.usd@</visuals/RR_calf_rotor> introduced by @/tmp/IsaacLab/usd_20260713_183210_4253/configuration/go2_description_base.usd@</go2_description/RR_calf_rotor/visuals> (recomposing stage on stage @/tmp/IsaacLab/usd_20260713_183210_4253/go2_description.usd@ <0x555fe0f4d990>)

2026-07-13T10:32:11Z [7,733ms] [Warning] [omni.usd] Warning: in _ReportErrors at line 3172 of /builds/omniverse/usd-ci/USD/pxr/usd/usd/stage.cpp -- In </go2_description/FR_hip_rotor/visuals>: Unresolved reference prim path @/tmp/IsaacLab/usd_20260713_183210_4253/configuration/go2_description_physics.usd@</visuals/FR_hip_rotor> introduced by @/tmp/IsaacLab/usd_20260713_183210_4253/configuration/go2_description_base.usd@</go2_description/FR_hip_rotor/visuals> (recomposing stage on stage @/tmp/IsaacLab/usd_20260713_183210_4253/go2_description.usd@ <0x555fe0f4d990>)

2026-07-13T10:32:11Z [7,733ms] [Warning] [omni.usd] Warning: in _ReportErrors at line 3172 of /builds/omniverse/usd-ci/USD/pxr/usd/usd/stage.cpp -- In </go2_description/Head_upper/visuals>: Unresolved reference prim path @/tmp/IsaacLab/usd_20260713_183210_4253/configuration/go2_description_physics.usd@</visuals/Head_upper> introduced by @/tmp/IsaacLab/usd_20260713_183210_4253/configuration/go2_description_base.usd@</go2_description/Head_upper/visuals> (recomposing stage on stage @/tmp/IsaacLab/usd_20260713_183210_4253/go2_description.usd@ <0x555fe0f4d990>)

2026-07-13T10:32:11Z [7,733ms] [Warning] [omni.usd] Warning: in _ReportErrors at line 3172 of /builds/omniverse/usd-ci/USD/pxr/usd/usd/stage.cpp -- In </go2_description/Head_lower/visuals>: Unresolved reference prim path @/tmp/IsaacLab/usd_20260713_183210_4253/configuration/go2_description_physics.usd@</visuals/Head_lower> introduced by @/tmp/IsaacLab/usd_20260713_183210_4253/configuration/go2_description_base.usd@</go2_description/Head_lower/visuals> (recomposing stage on stage @/tmp/IsaacLab/usd_20260713_183210_4253/go2_description.usd@ <0x555fe0f4d990>)

2026-07-13T10:32:11Z [7,733ms] [Warning] [omni.usd] Warning: in _ReportErrors at line 3172 of /builds/omniverse/usd-ci/USD/pxr/usd/usd/stage.cpp -- In </go2_description/RL_calf_rotor/visuals>: Unresolved reference prim path @/tmp/IsaacLab/usd_20260713_183210_4253/configuration/go2_description_physics.usd@</visuals/RL_calf_rotor> introduced by @/tmp/IsaacLab/usd_20260713_183210_4253/configuration/go2_description_base.usd@</go2_description/RL_calf_rotor/visuals> (recomposing stage on stage @/tmp/IsaacLab/usd_20260713_183210_4253/go2_description.usd@ <0x555fe0f4d990>)

2026-07-13T10:32:11Z [7,733ms] [Warning] [omni.usd] Warning: in _ReportErrors at line 3172 of /builds/omniverse/usd-ci/USD/pxr/usd/usd/stage.cpp -- In </go2_description/RL_thigh_rotor/visuals>: Unresolved reference prim path @/tmp/IsaacLab/usd_20260713_183210_4253/configuration/go2_description_physics.usd@</visuals/RL_thigh_rotor> introduced by @/tmp/IsaacLab/usd_20260713_183210_4253/configuration/go2_description_base.usd@</go2_description/RL_thigh_rotor/visuals> (recomposing stage on stage @/tmp/IsaacLab/usd_20260713_183210_4253/go2_description.usd@ <0x555fe0f4d990>)

2026-07-13T10:32:11Z [7,733ms] [Warning] [omni.usd] Warning: in _ReportErrors at line 3172 of /builds/omniverse/usd-ci/USD/pxr/usd/usd/stage.cpp -- In </go2_description/RL_hip_rotor/visuals>: Unresolved reference prim path @/tmp/IsaacLab/usd_20260713_183210_4253/configuration/go2_description_physics.usd@</visuals/RL_hip_rotor> introduced by @/tmp/IsaacLab/usd_20260713_183210_4253/configuration/go2_description_base.usd@</go2_description/RL_hip_rotor/visuals> (recomposing stage on stage @/tmp/IsaacLab/usd_20260713_183210_4253/go2_description.usd@ <0x555fe0f4d990>)

2026-07-13T10:32:11Z [7,734ms] [Warning] [omni.usd] Warning: in _ReportErrors at line 3172 of /builds/omniverse/usd-ci/USD/pxr/usd/usd/stage.cpp -- In </go2_description/RR_hip_rotor/visuals>: Unresolved reference prim path @/tmp/IsaacLab/usd_20260713_183210_4253/configuration/go2_description_physics.usd@</visuals/RR_hip_rotor> introduced by @/tmp/IsaacLab/usd_20260713_183210_4253/configuration/go2_description_base.usd@</go2_description/RR_hip_rotor/visuals> (recomposing stage on stage @/tmp/IsaacLab/usd_20260713_183210_4253/go2_description.usd@ <0x555fe0f51580>)

2026-07-13T10:32:11Z [7,734ms] [Warning] [omni.usd] Warning: in _ReportErrors at line 3172 of /builds/omniverse/usd-ci/USD/pxr/usd/usd/stage.cpp -- In </go2_description/FL_hip_rotor/visuals>: Unresolved reference prim path @/tmp/IsaacLab/usd_20260713_183210_4253/configuration/go2_description_physics.usd@</visuals/FL_hip_rotor> introduced by @/tmp/IsaacLab/usd_20260713_183210_4253/configuration/go2_description_base.usd@</go2_description/FL_hip_rotor/visuals> (recomposing stage on stage @/tmp/IsaacLab/usd_20260713_183210_4253/go2_description.usd@ <0x555fe0f51580>)

2026-07-13T10:32:11Z [7,734ms] [Warning] [omni.usd] Warning: in _ReportErrors at line 3172 of /builds/omniverse/usd-ci/USD/pxr/usd/usd/stage.cpp -- In </go2_description/FL_calf_rotor/visuals>: Unresolved reference prim path @/tmp/IsaacLab/usd_20260713_183210_4253/configuration/go2_description_physics.usd@</visuals/FL_calf_rotor> introduced by @/tmp/IsaacLab/usd_20260713_183210_4253/configuration/go2_description_base.usd@</go2_description/FL_calf_rotor/visuals> (recomposing stage on stage @/tmp/IsaacLab/usd_20260713_183210_4253/go2_description.usd@ <0x555fe0f51580>)

2026-07-13T10:32:11Z [7,734ms] [Warning] [omni.usd] Warning: in _ReportErrors at line 3172 of /builds/omniverse/usd-ci/USD/pxr/usd/usd/stage.cpp -- In </go2_description/FL_thigh_rotor/visuals>: Unresolved reference prim path @/tmp/IsaacLab/usd_20260713_183210_4253/configuration/go2_description_physics.usd@</visuals/FL_thigh_rotor> introduced by @/tmp/IsaacLab/usd_20260713_183210_4253/configuration/go2_description_base.usd@</go2_description/FL_thigh_rotor/visuals> (recomposing stage on stage @/tmp/IsaacLab/usd_20260713_183210_4253/go2_description.usd@ <0x555fe0f51580>)

2026-07-13T10:32:11Z [7,734ms] [Warning] [omni.usd] Warning: in _ReportErrors at line 3172 of /builds/omniverse/usd-ci/USD/pxr/usd/usd/stage.cpp -- In </go2_description/RR_thigh_rotor/visuals>: Unresolved reference prim path @/tmp/IsaacLab/usd_20260713_183210_4253/configuration/go2_description_physics.usd@</visuals/RR_thigh_rotor> introduced by @/tmp/IsaacLab/usd_20260713_183210_4253/configuration/go2_description_base.usd@</go2_description/RR_thigh_rotor/visuals> (recomposing stage on stage @/tmp/IsaacLab/usd_20260713_183210_4253/go2_description.usd@ <0x555fe0f51580>)

2026-07-13T10:32:11Z [7,734ms] [Warning] [omni.usd] Warning: in _ReportErrors at line 3172 of /builds/omniverse/usd-ci/USD/pxr/usd/usd/stage.cpp -- In </go2_description/FR_calf_rotor/visuals>: Unresolved reference prim path @/tmp/IsaacLab/usd_20260713_183210_4253/configuration/go2_description_physics.usd@</visuals/FR_calf_rotor> introduced by @/tmp/IsaacLab/usd_20260713_183210_4253/configuration/go2_description_base.usd@</go2_description/FR_calf_rotor/visuals> (recomposing stage on stage @/tmp/IsaacLab/usd_20260713_183210_4253/go2_description.usd@ <0x555fe0f51580>)

2026-07-13T10:32:11Z [7,734ms] [Warning] [omni.usd] Warning: in _ReportErrors at line 3172 of /builds/omniverse/usd-ci/USD/pxr/usd/usd/stage.cpp -- In </go2_description/FR_hip_rotor/visuals>: Unresolved reference prim path @/tmp/IsaacLab/usd_20260713_183210_4253/configuration/go2_description_physics.usd@</visuals/FR_hip_rotor> introduced by @/tmp/IsaacLab/usd_20260713_183210_4253/configuration/go2_description_base.usd@</go2_description/FR_hip_rotor/visuals> (recomposing stage on stage @/tmp/IsaacLab/usd_20260713_183210_4253/go2_description.usd@ <0x555fe0f51580>)

2026-07-13T10:32:11Z [7,734ms] [Warning] [omni.usd] Warning: in _ReportErrors at line 3172 of /builds/omniverse/usd-ci/USD/pxr/usd/usd/stage.cpp -- In </go2_description/FR_thigh_rotor/visuals>: Unresolved reference prim path @/tmp/IsaacLab/usd_20260713_183210_4253/configuration/go2_description_physics.usd@</visuals/FR_thigh_rotor> introduced by @/tmp/IsaacLab/usd_20260713_183210_4253/configuration/go2_description_base.usd@</go2_description/FR_thigh_rotor/visuals> (recomposing stage on stage @/tmp/IsaacLab/usd_20260713_183210_4253/go2_description.usd@ <0x555fe0f51580>)

2026-07-13T10:32:11Z [7,734ms] [Warning] [omni.usd] Warning: in _ReportErrors at line 3172 of /builds/omniverse/usd-ci/USD/pxr/usd/usd/stage.cpp -- In </go2_description/RR_calf_rotor/visuals>: Unresolved reference prim path @/tmp/IsaacLab/usd_20260713_183210_4253/configuration/go2_description_physics.usd@</visuals/RR_calf_rotor> introduced by @/tmp/IsaacLab/usd_20260713_183210_4253/configuration/go2_description_base.usd@</go2_description/RR_calf_rotor/visuals> (recomposing stage on stage @/tmp/IsaacLab/usd_20260713_183210_4253/go2_description.usd@ <0x555fe0f51580>)

2026-07-13T10:32:11Z [7,734ms] [Warning] [omni.usd] Warning: in _ReportErrors at line 3172 of /builds/omniverse/usd-ci/USD/pxr/usd/usd/stage.cpp -- In </go2_description/Head_upper/visuals>: Unresolved reference prim path @/tmp/IsaacLab/usd_20260713_183210_4253/configuration/go2_description_physics.usd@</visuals/Head_upper> introduced by @/tmp/IsaacLab/usd_20260713_183210_4253/configuration/go2_description_base.usd@</go2_description/Head_upper/visuals> (recomposing stage on stage @/tmp/IsaacLab/usd_20260713_183210_4253/go2_description.usd@ <0x555fe0f51580>)

2026-07-13T10:32:11Z [7,734ms] [Warning] [omni.usd] Warning: in _ReportErrors at line 3172 of /builds/omniverse/usd-ci/USD/pxr/usd/usd/stage.cpp -- In </go2_description/Head_lower/visuals>: Unresolved reference prim path @/tmp/IsaacLab/usd_20260713_183210_4253/configuration/go2_description_physics.usd@</visuals/Head_lower> introduced by @/tmp/IsaacLab/usd_20260713_183210_4253/configuration/go2_description_base.usd@</go2_description/Head_lower/visuals> (recomposing stage on stage @/tmp/IsaacLab/usd_20260713_183210_4253/go2_description.usd@ <0x555fe0f51580>)

2026-07-13T10:32:11Z [7,734ms] [Warning] [omni.usd] Warning: in _ReportErrors at line 3172 of /builds/omniverse/usd-ci/USD/pxr/usd/usd/stage.cpp -- In </go2_description/RL_calf_rotor/visuals>: Unresolved reference prim path @/tmp/IsaacLab/usd_20260713_183210_4253/configuration/go2_description_physics.usd@</visuals/RL_calf_rotor> introduced by @/tmp/IsaacLab/usd_20260713_183210_4253/configuration/go2_description_base.usd@</go2_description/RL_calf_rotor/visuals> (recomposing stage on stage @/tmp/IsaacLab/usd_20260713_183210_4253/go2_description.usd@ <0x555fe0f51580>)

2026-07-13T10:32:11Z [7,734ms] [Warning] [omni.usd] Warning: in _ReportErrors at line 3172 of /builds/omniverse/usd-ci/USD/pxr/usd/usd/stage.cpp -- In </go2_description/RL_thigh_rotor/visuals>: Unresolved reference prim path @/tmp/IsaacLab/usd_20260713_183210_4253/configuration/go2_description_physics.usd@</visuals/RL_thigh_rotor> introduced by @/tmp/IsaacLab/usd_20260713_183210_4253/configuration/go2_description_base.usd@</go2_description/RL_thigh_rotor/visuals> (recomposing stage on stage @/tmp/IsaacLab/usd_20260713_183210_4253/go2_description.usd@ <0x555fe0f51580>)

2026-07-13T10:32:11Z [7,734ms] [Warning] [omni.usd] Warning: in _ReportErrors at line 3172 of /builds/omniverse/usd-ci/USD/pxr/usd/usd/stage.cpp -- In </go2_description/RL_hip_rotor/visuals>: Unresolved reference prim path @/tmp/IsaacLab/usd_20260713_183210_4253/configuration/go2_description_physics.usd@</visuals/RL_hip_rotor> introduced by @/tmp/IsaacLab/usd_20260713_183210_4253/configuration/go2_description_base.usd@</go2_description/RL_hip_rotor/visuals> (recomposing stage on stage @/tmp/IsaacLab/usd_20260713_183210_4253/go2_description.usd@ <0x555fe0f51580>)

2026-07-13T10:32:11Z [7,735ms] [Warning] [omni.usd] Warning: in _ReportErrors at line 3172 of /builds/omniverse/usd-ci/USD/pxr/usd/usd/stage.cpp -- In </go2_description/RR_hip_rotor/visuals>: Unresolved reference prim path @/tmp/IsaacLab/usd_20260713_183210_4253/configuration/go2_description_physics.usd@</visuals/RR_hip_rotor> introduced by @/tmp/IsaacLab/usd_20260713_183210_4253/configuration/go2_description_base.usd@</go2_description/RR_hip_rotor/visuals> (recomposing stage on stage @/tmp/IsaacLab/usd_20260713_183210_4253/go2_description.usd@ <0x555fe0f4d990>)

2026-07-13T10:32:11Z [7,735ms] [Warning] [omni.usd] Warning: in _ReportErrors at line 3172 of /builds/omniverse/usd-ci/USD/pxr/usd/usd/stage.cpp -- In </go2_description/FL_calf_rotor/visuals>: Unresolved reference prim path @/tmp/IsaacLab/usd_20260713_183210_4253/configuration/go2_description_physics.usd@</visuals/FL_calf_rotor> introduced by @/tmp/IsaacLab/usd_20260713_183210_4253/configuration/go2_description_base.usd@</go2_description/FL_calf_rotor/visuals> (recomposing stage on stage @/tmp/IsaacLab/usd_20260713_183210_4253/go2_description.usd@ <0x555fe0f4d990>)

2026-07-13T10:32:11Z [7,735ms] [Warning] [omni.usd] Warning: in _ReportErrors at line 3172 of /builds/omniverse/usd-ci/USD/pxr/usd/usd/stage.cpp -- In </go2_description/FL_hip_rotor/visuals>: Unresolved reference prim path @/tmp/IsaacLab/usd_20260713_183210_4253/configuration/go2_description_physics.usd@</visuals/FL_hip_rotor> introduced by @/tmp/IsaacLab/usd_20260713_183210_4253/configuration/go2_description_base.usd@</go2_description/FL_hip_rotor/visuals> (recomposing stage on stage @/tmp/IsaacLab/usd_20260713_183210_4253/go2_description.usd@ <0x555fe0f4d990>)

2026-07-13T10:32:11Z [7,735ms] [Warning] [omni.usd] Warning: in _ReportErrors at line 3172 of /builds/omniverse/usd-ci/USD/pxr/usd/usd/stage.cpp -- In </go2_description/FL_thigh_rotor/visuals>: Unresolved reference prim path @/tmp/IsaacLab/usd_20260713_183210_4253/configuration/go2_description_physics.usd@</visuals/FL_thigh_rotor> introduced by @/tmp/IsaacLab/usd_20260713_183210_4253/configuration/go2_description_base.usd@</go2_description/FL_thigh_rotor/visuals> (recomposing stage on stage @/tmp/IsaacLab/usd_20260713_183210_4253/go2_description.usd@ <0x555fe0f4d990>)

2026-07-13T10:32:11Z [7,735ms] [Warning] [omni.usd] Warning: in _ReportErrors at line 3172 of /builds/omniverse/usd-ci/USD/pxr/usd/usd/stage.cpp -- In </go2_description/RR_thigh_rotor/visuals>: Unresolved reference prim path @/tmp/IsaacLab/usd_20260713_183210_4253/configuration/go2_description_physics.usd@</visuals/RR_thigh_rotor> introduced by @/tmp/IsaacLab/usd_20260713_183210_4253/configuration/go2_description_base.usd@</go2_description/RR_thigh_rotor/visuals> (recomposing stage on stage @/tmp/IsaacLab/usd_20260713_183210_4253/go2_description.usd@ <0x555fe0f4d990>)

2026-07-13T10:32:11Z [7,735ms] [Warning] [omni.usd] Warning: in _ReportErrors at line 3172 of /builds/omniverse/usd-ci/USD/pxr/usd/usd/stage.cpp -- In </go2_description/FR_thigh_rotor/visuals>: Unresolved reference prim path @/tmp/IsaacLab/usd_20260713_183210_4253/configuration/go2_description_physics.usd@</visuals/FR_thigh_rotor> introduced by @/tmp/IsaacLab/usd_20260713_183210_4253/configuration/go2_description_base.usd@</go2_description/FR_thigh_rotor/visuals> (recomposing stage on stage @/tmp/IsaacLab/usd_20260713_183210_4253/go2_description.usd@ <0x555fe0f4d990>)

2026-07-13T10:32:11Z [7,735ms] [Warning] [omni.usd] Warning: in _ReportErrors at line 3172 of /builds/omniverse/usd-ci/USD/pxr/usd/usd/stage.cpp -- In </go2_description/FR_calf_rotor/visuals>: Unresolved reference prim path @/tmp/IsaacLab/usd_20260713_183210_4253/configuration/go2_description_physics.usd@</visuals/FR_calf_rotor> introduced by @/tmp/IsaacLab/usd_20260713_183210_4253/configuration/go2_description_base.usd@</go2_description/FR_calf_rotor/visuals> (recomposing stage on stage @/tmp/IsaacLab/usd_20260713_183210_4253/go2_description.usd@ <0x555fe0f4d990>)

2026-07-13T10:32:11Z [7,735ms] [Warning] [omni.usd] Warning: in _ReportErrors at line 3172 of /builds/omniverse/usd-ci/USD/pxr/usd/usd/stage.cpp -- In </go2_description/RR_calf_rotor/visuals>: Unresolved reference prim path @/tmp/IsaacLab/usd_20260713_183210_4253/configuration/go2_description_physics.usd@</visuals/RR_calf_rotor> introduced by @/tmp/IsaacLab/usd_20260713_183210_4253/configuration/go2_description_base.usd@</go2_description/RR_calf_rotor/visuals> (recomposing stage on stage @/tmp/IsaacLab/usd_20260713_183210_4253/go2_description.usd@ <0x555fe0f4d990>)

2026-07-13T10:32:11Z [7,735ms] [Warning] [omni.usd] Warning: in _ReportErrors at line 3172 of /builds/omniverse/usd-ci/USD/pxr/usd/usd/stage.cpp -- In </go2_description/FR_hip_rotor/visuals>: Unresolved reference prim path @/tmp/IsaacLab/usd_20260713_183210_4253/configuration/go2_description_physics.usd@</visuals/FR_hip_rotor> introduced by @/tmp/IsaacLab/usd_20260713_183210_4253/configuration/go2_description_base.usd@</go2_description/FR_hip_rotor/visuals> (recomposing stage on stage @/tmp/IsaacLab/usd_20260713_183210_4253/go2_description.usd@ <0x555fe0f4d990>)

2026-07-13T10:32:11Z [7,735ms] [Warning] [omni.usd] Warning: in _ReportErrors at line 3172 of /builds/omniverse/usd-ci/USD/pxr/usd/usd/stage.cpp -- In </go2_description/Head_upper/visuals>: Unresolved reference prim path @/tmp/IsaacLab/usd_20260713_183210_4253/configuration/go2_description_physics.usd@</visuals/Head_upper> introduced by @/tmp/IsaacLab/usd_20260713_183210_4253/configuration/go2_description_base.usd@</go2_description/Head_upper/visuals> (recomposing stage on stage @/tmp/IsaacLab/usd_20260713_183210_4253/go2_description.usd@ <0x555fe0f4d990>)

2026-07-13T10:32:11Z [7,735ms] [Warning] [omni.usd] Warning: in _ReportErrors at line 3172 of /builds/omniverse/usd-ci/USD/pxr/usd/usd/stage.cpp -- In </go2_description/Head_lower/visuals>: Unresolved reference prim path @/tmp/IsaacLab/usd_20260713_183210_4253/configuration/go2_description_physics.usd@</visuals/Head_lower> introduced by @/tmp/IsaacLab/usd_20260713_183210_4253/configuration/go2_description_base.usd@</go2_description/Head_lower/visuals> (recomposing stage on stage @/tmp/IsaacLab/usd_20260713_183210_4253/go2_description.usd@ <0x555fe0f4d990>)

2026-07-13T10:32:11Z [7,735ms] [Warning] [omni.usd] Warning: in _ReportErrors at line 3172 of /builds/omniverse/usd-ci/USD/pxr/usd/usd/stage.cpp -- In </go2_description/RL_calf_rotor/visuals>: Unresolved reference prim path @/tmp/IsaacLab/usd_20260713_183210_4253/configuration/go2_description_physics.usd@</visuals/RL_calf_rotor> introduced by @/tmp/IsaacLab/usd_20260713_183210_4253/configuration/go2_description_base.usd@</go2_description/RL_calf_rotor/visuals> (recomposing stage on stage @/tmp/IsaacLab/usd_20260713_183210_4253/go2_description.usd@ <0x555fe0f4d990>)

2026-07-13T10:32:11Z [7,735ms] [Warning] [omni.usd] Warning: in _ReportErrors at line 3172 of /builds/omniverse/usd-ci/USD/pxr/usd/usd/stage.cpp -- In </go2_description/RL_thigh_rotor/visuals>: Unresolved reference prim path @/tmp/IsaacLab/usd_20260713_183210_4253/configuration/go2_description_physics.usd@</visuals/RL_thigh_rotor> introduced by @/tmp/IsaacLab/usd_20260713_183210_4253/configuration/go2_description_base.usd@</go2_description/RL_thigh_rotor/visuals> (recomposing stage on stage @/tmp/IsaacLab/usd_20260713_183210_4253/go2_description.usd@ <0x555fe0f4d990>)

2026-07-13T10:32:11Z [7,735ms] [Warning] [omni.usd] Warning: in _ReportErrors at line 3172 of /builds/omniverse/usd-ci/USD/pxr/usd/usd/stage.cpp -- In </go2_description/RL_hip_rotor/visuals>: Unresolved reference prim path @/tmp/IsaacLab/usd_20260713_183210_4253/configuration/go2_description_physics.usd@</visuals/RL_hip_rotor> introduced by @/tmp/IsaacLab/usd_20260713_183210_4253/configuration/go2_description_base.usd@</go2_description/RL_hip_rotor/visuals> (recomposing stage on stage @/tmp/IsaacLab/usd_20260713_183210_4253/go2_description.usd@ <0x555fe0f4d990>)

2026-07-13T10:32:11Z [7,843ms] [Warning] [omni.usd] Warning: in _ReportErrors at line 3172 of /builds/omniverse/usd-ci/USD/pxr/usd/usd/stage.cpp -- In </World/envs/env_0/Robot/RR_hip_rotor/visuals>: Unresolved reference prim path @/tmp/IsaacLab/usd_20260713_183210_4253/configuration/go2_description_physics.usd@</visuals/RR_hip_rotor> introduced by @/tmp/IsaacLab/usd_20260713_183210_4253/configuration/go2_description_base.usd@</go2_description/RR_hip_rotor/visuals> (recomposing stage on stage @anon:0x555fd0d82040:World0.usd@ <0x555fdcbc47c0>)

2026-07-13T10:32:11Z [7,843ms] [Warning] [omni.usd] Warning: in _ReportErrors at line 3172 of /builds/omniverse/usd-ci/USD/pxr/usd/usd/stage.cpp -- In </World/envs/env_0/Robot/FL_hip_rotor/visuals>: Unresolved reference prim path @/tmp/IsaacLab/usd_20260713_183210_4253/configuration/go2_description_physics.usd@</visuals/FL_hip_rotor> introduced by @/tmp/IsaacLab/usd_20260713_183210_4253/configuration/go2_description_base.usd@</go2_description/FL_hip_rotor/visuals> (recomposing stage on stage @anon:0x555fd0d82040:World0.usd@ <0x555fdcbc47c0>)

2026-07-13T10:32:11Z [7,843ms] [Warning] [omni.usd] Warning: in _ReportErrors at line 3172 of /builds/omniverse/usd-ci/USD/pxr/usd/usd/stage.cpp -- In </World/envs/env_0/Robot/FL_thigh_rotor/visuals>: Unresolved reference prim path @/tmp/IsaacLab/usd_20260713_183210_4253/configuration/go2_description_physics.usd@</visuals/FL_thigh_rotor> introduced by @/tmp/IsaacLab/usd_20260713_183210_4253/configuration/go2_description_base.usd@</go2_description/FL_thigh_rotor/visuals> (recomposing stage on stage @anon:0x555fd0d82040:World0.usd@ <0x555fdcbc47c0>)

2026-07-13T10:32:11Z [7,843ms] [Warning] [omni.usd] Warning: in _ReportErrors at line 3172 of /builds/omniverse/usd-ci/USD/pxr/usd/usd/stage.cpp -- In </World/envs/env_0/Robot/FL_calf_rotor/visuals>: Unresolved reference prim path @/tmp/IsaacLab/usd_20260713_183210_4253/configuration/go2_description_physics.usd@</visuals/FL_calf_rotor> introduced by @/tmp/IsaacLab/usd_20260713_183210_4253/configuration/go2_description_base.usd@</go2_description/FL_calf_rotor/visuals> (recomposing stage on stage @anon:0x555fd0d82040:World0.usd@ <0x555fdcbc47c0>)

2026-07-13T10:32:11Z [7,843ms] [Warning] [omni.usd] Warning: in _ReportErrors at line 3172 of /builds/omniverse/usd-ci/USD/pxr/usd/usd/stage.cpp -- In </World/envs/env_0/Robot/RR_thigh_rotor/visuals>: Unresolved reference prim path @/tmp/IsaacLab/usd_20260713_183210_4253/configuration/go2_description_physics.usd@</visuals/RR_thigh_rotor> introduced by @/tmp/IsaacLab/usd_20260713_183210_4253/configuration/go2_description_base.usd@</go2_description/RR_thigh_rotor/visuals> (recomposing stage on stage @anon:0x555fd0d82040:World0.usd@ <0x555fdcbc47c0>)

2026-07-13T10:32:11Z [7,843ms] [Warning] [omni.usd] Warning: in _ReportErrors at line 3172 of /builds/omniverse/usd-ci/USD/pxr/usd/usd/stage.cpp -- In </World/envs/env_0/Robot/FR_calf_rotor/visuals>: Unresolved reference prim path @/tmp/IsaacLab/usd_20260713_183210_4253/configuration/go2_description_physics.usd@</visuals/FR_calf_rotor> introduced by @/tmp/IsaacLab/usd_20260713_183210_4253/configuration/go2_description_base.usd@</go2_description/FR_calf_rotor/visuals> (recomposing stage on stage @anon:0x555fd0d82040:World0.usd@ <0x555fdcbc47c0>)

2026-07-13T10:32:11Z [7,843ms] [Warning] [omni.usd] Warning: in _ReportErrors at line 3172 of /builds/omniverse/usd-ci/USD/pxr/usd/usd/stage.cpp -- In </World/envs/env_0/Robot/RR_calf_rotor/visuals>: Unresolved reference prim path @/tmp/IsaacLab/usd_20260713_183210_4253/configuration/go2_description_physics.usd@</visuals/RR_calf_rotor> introduced by @/tmp/IsaacLab/usd_20260713_183210_4253/configuration/go2_description_base.usd@</go2_description/RR_calf_rotor/visuals> (recomposing stage on stage @anon:0x555fd0d82040:World0.usd@ <0x555fdcbc47c0>)

2026-07-13T10:32:11Z [7,843ms] [Warning] [omni.usd] Warning: in _ReportErrors at line 3172 of /builds/omniverse/usd-ci/USD/pxr/usd/usd/stage.cpp -- In </World/envs/env_0/Robot/FR_thigh_rotor/visuals>: Unresolved reference prim path @/tmp/IsaacLab/usd_20260713_183210_4253/configuration/go2_description_physics.usd@</visuals/FR_thigh_rotor> introduced by @/tmp/IsaacLab/usd_20260713_183210_4253/configuration/go2_description_base.usd@</go2_description/FR_thigh_rotor/visuals> (recomposing stage on stage @anon:0x555fd0d82040:World0.usd@ <0x555fdcbc47c0>)

2026-07-13T10:32:11Z [7,843ms] [Warning] [omni.usd] Warning: in _ReportErrors at line 3172 of /builds/omniverse/usd-ci/USD/pxr/usd/usd/stage.cpp -- In </World/envs/env_0/Robot/FR_hip_rotor/visuals>: Unresolved reference prim path @/tmp/IsaacLab/usd_20260713_183210_4253/configuration/go2_description_physics.usd@</visuals/FR_hip_rotor> introduced by @/tmp/IsaacLab/usd_20260713_183210_4253/configuration/go2_description_base.usd@</go2_description/FR_hip_rotor/visuals> (recomposing stage on stage @anon:0x555fd0d82040:World0.usd@ <0x555fdcbc47c0>)

2026-07-13T10:32:11Z [7,843ms] [Warning] [omni.usd] Warning: in _ReportErrors at line 3172 of /builds/omniverse/usd-ci/USD/pxr/usd/usd/stage.cpp -- In </World/envs/env_0/Robot/Head_upper/visuals>: Unresolved reference prim path @/tmp/IsaacLab/usd_20260713_183210_4253/configuration/go2_description_physics.usd@</visuals/Head_upper> introduced by @/tmp/IsaacLab/usd_20260713_183210_4253/configuration/go2_description_base.usd@</go2_description/Head_upper/visuals> (recomposing stage on stage @anon:0x555fd0d82040:World0.usd@ <0x555fdcbc47c0>)

2026-07-13T10:32:11Z [7,843ms] [Warning] [omni.usd] Warning: in _ReportErrors at line 3172 of /builds/omniverse/usd-ci/USD/pxr/usd/usd/stage.cpp -- In </World/envs/env_0/Robot/Head_lower/visuals>: Unresolved reference prim path @/tmp/IsaacLab/usd_20260713_183210_4253/configuration/go2_description_physics.usd@</visuals/Head_lower> introduced by @/tmp/IsaacLab/usd_20260713_183210_4253/configuration/go2_description_base.usd@</go2_description/Head_lower/visuals> (recomposing stage on stage @anon:0x555fd0d82040:World0.usd@ <0x555fdcbc47c0>)

2026-07-13T10:32:11Z [7,843ms] [Warning] [omni.usd] Warning: in _ReportErrors at line 3172 of /builds/omniverse/usd-ci/USD/pxr/usd/usd/stage.cpp -- In </World/envs/env_0/Robot/RL_calf_rotor/visuals>: Unresolved reference prim path @/tmp/IsaacLab/usd_20260713_183210_4253/configuration/go2_description_physics.usd@</visuals/RL_calf_rotor> introduced by @/tmp/IsaacLab/usd_20260713_183210_4253/configuration/go2_description_base.usd@</go2_description/RL_calf_rotor/visuals> (recomposing stage on stage @anon:0x555fd0d82040:World0.usd@ <0x555fdcbc47c0>)

2026-07-13T10:32:11Z [7,843ms] [Warning] [omni.usd] Warning: in _ReportErrors at line 3172 of /builds/omniverse/usd-ci/USD/pxr/usd/usd/stage.cpp -- In </World/envs/env_0/Robot/RL_hip_rotor/visuals>: Unresolved reference prim path @/tmp/IsaacLab/usd_20260713_183210_4253/configuration/go2_description_physics.usd@</visuals/RL_hip_rotor> introduced by @/tmp/IsaacLab/usd_20260713_183210_4253/configuration/go2_description_base.usd@</go2_description/RL_hip_rotor/visuals> (recomposing stage on stage @anon:0x555fd0d82040:World0.usd@ <0x555fdcbc47c0>)

2026-07-13T10:32:11Z [7,843ms] [Warning] [omni.usd] Warning: in _ReportErrors at line 3172 of /builds/omniverse/usd-ci/USD/pxr/usd/usd/stage.cpp -- In </World/envs/env_0/Robot/RL_thigh_rotor/visuals>: Unresolved reference prim path @/tmp/IsaacLab/usd_20260713_183210_4253/configuration/go2_description_physics.usd@</visuals/RL_thigh_rotor> introduced by @/tmp/IsaacLab/usd_20260713_183210_4253/configuration/go2_description_base.usd@</go2_description/RL_thigh_rotor/visuals> (recomposing stage on stage @anon:0x555fd0d82040:World0.usd@ <0x555fdcbc47c0>)

2026-07-13T10:32:11Z [7,909ms] [Warning] [isaaclab.terrains.terrain_importer] Visual material specified for ground plane but no diffuse color found. Using default color: (0.0, 0.0, 0.0)
2026-07-13T10:32:18Z [14,852ms] [Warning] [omni.physx.fabric.plugin] FabricManager::initializePointInstancer mismatched prototypes on point instancer: /Visuals/Command/velocity_goal.
2026-07-13T10:32:18Z [14,852ms] [Warning] [omni.physx.fabric.plugin] FabricManager::initializePointInstancer mismatched prototypes on point instancer: /Visuals/Command/velocity_current.
2026-07-13T10:32:18Z [15,402ms] [Warning] [omni.physx.fabric.plugin] FabricManager::initializePointInstancer mismatched prototypes on point instancer: /Visuals/Command/velocity_current.
2026-07-13T10:32:18Z [15,402ms] [Warning] [omni.physx.fabric.plugin] FabricManager::initializePointInstancer mismatched prototypes on point instancer: /Visuals/Command/velocity_goal.
2026-07-13T10:32:19Z [15,785ms] [Warning] [omni.fabric.plugin] getAttributeCount called on non-existent path /World/envs/env_0/Robot/base/collisions/mesh_0
2026-07-13T10:32:19Z [15,785ms] [Warning] [omni.fabric.plugin] getTypes called on non-existent path /World/envs/env_0/Robot/base/collisions/mesh_0
