# Generated by AgenticSim AssetCompiler
mtllib default_material.mtl
v 0.140682091 -0.465311851 -0.138035179
v 0.167664696 -0.465237803 -0.11862732
v 0.0202855097 -0.465171039 0.00291214994
v 0.188565654 -0.46516679 -0.0910826788
v 0.205949332 -0.46512309 -0.0526347734
v -0.197407106 -0.465310637 -0.0245978951
v -0.176844827 -0.465468445 -0.0707389019
v 0.222746088 -0.465186819 -0.00873948458
v 0.201040314 -0.46514494 0.0272775829
v 0.205088676 -0.465158293 0.0574594253
v 0.22421066 -0.455420981 -0.206423967
v 0.190954612 -0.464087025 -0.180848274
v 0.170844511 -0.456041892 -0.228336712
v 0.144493742 -0.464409922 -0.199374234
v 0.22571954 -0.4638928 -0.153644133
v 0.264067906 -0.454923888 -0.173527234
v 0.292411294 -0.454512983 -0.127368019
v 0.251162918 -0.463619672 -0.114594132
v 0.268016121 -0.463579614 -0.0623817963
v 0.309360395 -0.454209507 -0.0672495418
v -0.202931572 -0.44016588 -0.222596171
v -0.283044829 -0.439410226 -0.173261996
v -0.227138591 -0.417403404 -0.239437842
v -0.309666905 -0.415231127 -0.1843783
v -0.250041273 -0.456107442 -0.158524624
v -0.177817162 -0.456206982 -0.201912502
v 0.252951602 -0.438251557 -0.226232414
v 0.194170845 -0.439175336 -0.250538972
v 0.297204992 -0.437527465 -0.188555336
v 0.279464427 -0.413418165 -0.242070795
v 0.326713119 -0.412754768 -0.200180871
v 0.217961495 -0.41503144 -0.26869105
v 0.327842047 -0.436927797 -0.136288981
v 0.347212882 -0.43699881 -0.0698685345
v 0.359772515 -0.412817284 -0.143191833
v 0.383008412 -0.414085204 -0.0713956227
v -0.327550711 -0.439012066 -0.108503988
v -0.290990422 -0.45596056 -0.101419658
v -0.356396048 -0.414397176 -0.113715874
v -0.254129693 -0.387835796 -0.25055536
v -0.331047961 -0.385029862 -0.192133311
v -0.282423312 -0.353490271 -0.25633778
v -0.347674165 -0.350748674 -0.197062965
v 0.305559669 -0.382285837 -0.252425982
v 0.246642955 -0.383069411 -0.280436155
v 0.353148861 -0.38280478 -0.207734374
v 0.33238386 -0.347597992 -0.256661892
v 0.376548635 -0.350863388 -0.210465046
v 0.283439954 -0.345646645 -0.283909127
v -0.378615302 -0.383909431 -0.117523277
v -0.394282523 -0.349462545 -0.120238167
v -0.358723097 -0.313378106 -0.199630974
v -0.301636946 -0.31546541 -0.258426298
v -0.313340172 -0.274437964 -0.258278202
v -0.365079693 -0.273156083 -0.199902281
v -0.404087814 -0.311889256 -0.121952197
v -0.412152369 -0.26860638 -0.117411598
v -0.30823086 -0.190711528 -0.250329574
v -0.324918365 -0.232265808 -0.248110562
v -0.357447286 -0.193115661 -0.19691062
v -0.373315408 -0.232145632 -0.187846417
v -0.412594836 -0.226951954 -0.116289953
v -0.400943808 -0.192647095 -0.123992765
v -0.255109919 -0.117917491 -0.23570206
v -0.28799512 -0.151787167 -0.244227291
v -0.319941369 -0.123325423 -0.188969276
v -0.342244383 -0.156427912 -0.193320506
v -0.387065271 -0.157175069 -0.122807997
v -0.369211814 -0.12467164 -0.12158924
v -0.180390634 -0.069732881 -0.213274621
v -0.213851831 -0.0910556695 -0.225459158
v -0.260658056 -0.070867272 -0.176251836
v -0.290758567 -0.0948187645 -0.183114022
v -0.347873244 -0.0952545552 -0.120720086
v -0.32161716 -0.0698221027 -0.119176611
v 0.15679967 -0.0793706527 -0.196909407
v 0.075128977 -0.0854316634 -0.227792277
v 0.121602593 -0.0653288459 -0.180297163
v 0.0577264837 -0.0659904223 -0.204941793
v 0.092474417 -0.0515868729 -0.157569283
v 0.0438352007 -0.05004279 -0.180471965
v -0.00834253875 -0.0608446934 -0.21199699
v -0.00987205477 -0.0456193326 -0.190585586
v -0.008795931 -0.0760688404 -0.231069811
v 0.168212773 -0.0620179293 -0.137113221
v 0.194507702 -0.0558385632 -0.0708165916
v 0.205843722 -0.0704648636 -0.147080567
v 0.231247041 -0.0539685478 -0.06914687
v 0.149618835 -0.0499499266 -0.0720687311
v 0.132345015 -0.052917916 -0.128671749
v 0.077103388 -0.0360732104 -0.0938097088
v 0.0859927894 -0.0354692944 -0.0477117955
v 0.0538201483 -0.0354583692 -0.127956154
v 0.415107612 -0.0334360092 -0.139747387
v 0.380698965 -0.0116137001 -0.133554668
v 0.415275131 0.00982380218 -0.0755198534
v 0.377926413 0.028812258 -0.0643604559
v 0.341798881 0.0184412896 -0.0768927761
v 0.347836827 -0.0241284187 -0.144060379
v 0.377034803 -0.05783968 -0.182404496
v 0.347609221 -0.0581832142 -0.181466757
v 0.410202843 -0.0727130094 -0.180564828
v 0.466589179 -0.104617378 -0.12746331
v 0.445127399 -0.0649634616 -0.134224135
v 0.47352602 -0.0808934923 -0.0684069969
v 0.448185217 -0.0259516989 -0.0729063232
v 0.432841501 -0.0998892315 -0.180961167
v 0.452940677 -0.130162724 -0.17408927
v 0.427301254 -0.170819323 -0.215899076
v 0.408117967 -0.136573945 -0.221506695
v 0.38736814 -0.105621882 -0.21633426
v 0.348786705 -0.146202612 -0.252810182
v 0.363538645 -0.183596244 -0.261240122
v 0.36823523 -0.233988941 -0.263312252
v 0.408186552 -0.245700664 -0.228788283
v 0.449515046 -0.194398755 -0.19194637
v 0.436068658 -0.259287865 -0.188274317
v 0.462886779 -0.214085811 -0.165330363
v 0.473842241 -0.179819189 -0.152015077
v 0.463943481 -0.15850854 -0.168376042
v 0.38781789 -0.384101834 -0.147357943
v 0.414991078 -0.386210381 -0.0731849136
v 0.411727503 -0.353563105 -0.149176368
v 0.441071754 -0.355386385 -0.0740789522
v 0.102477573 -0.309852329 -0.339132546
v 0.112222168 -0.287273759 -0.342818558
v 0.138541983 -0.306638524 -0.336846769
v 0.154210418 -0.288816021 -0.33729652
v 0.117422523 -0.263385389 -0.344286772
v 0.166354896 -0.263526202 -0.336676823
v 0.362646427 -0.306291349 -0.252032071
v 0.401260637 -0.313949854 -0.205829762
v 0.321320361 -0.300360225 -0.279852875
v 0.434645359 -0.318345998 -0.146338873
v 0.462250695 -0.319775974 -0.0726483691
v 0.460887483 -0.266735151 -0.135624977
v 0.481154178 -0.268657364 -0.0697022299
v 0.120454849 -0.238288581 -0.343449787
v 0.127547676 -0.214270324 -0.339196883
v 0.171599558 -0.235754561 -0.334472378
v 0.177099139 -0.208724614 -0.329378847
v 0.22950752 -0.121598041 -0.258623557
v 0.20830855 -0.135256255 -0.274623994
v 0.159167992 -0.109739436 -0.250189369
v 0.145202054 -0.126920392 -0.271666323
v 0.26085228 -0.0494394809 -0.0837543549
v 0.247360371 -0.0759571614 -0.155268333
v 0.210882628 -0.0918222484 -0.211744498
v 0.272236856 -0.0997374938 -0.221516406
v 0.287134464 -0.0717940859 -0.155591838
v 0.284552495 -0.0325383289 -0.0783148618
v -0.118414887 -0.0384397116 -0.184139769
v -0.154712366 -0.0546537953 -0.198806128
v -0.203269037 -0.0344411197 -0.156127775
v -0.232778985 -0.0515595601 -0.167202807
v -0.09174729 -0.0732471261 -0.23146433
v -0.0777133736 -0.0591798274 -0.213928914
v -0.0620582916 -0.0467130579 -0.199264983
v -0.2944027 -0.0489672732 -0.11558771
v -0.269181466 -0.0320976827 -0.108890008
v 0.0243866762 -0.0332763811 -0.148513577
v -0.0122725452 -0.0321686959 -0.166485391
v 0.321072725 -0.0827173794 -0.198848007
v 0.319193605 -0.0485175227 -0.14911021
v 0.310433484 -0.00275828791 -0.0778086648
v 0.478818631 -0.216041406 -0.123413734
v 0.492241955 -0.216033516 -0.066358538
v 0.48461926 -0.180024946 -0.113306182
v 0.493176659 -0.172442309 -0.0653006227
v 0.351483995 -0.0953486325 -0.217136649
v 0.312344165 -0.123427997 -0.246906979
v 0.478296653 -0.145184149 -0.123855594
v 0.486977264 -0.129716008 -0.0663664283
v -0.250687068 -0.0190276041 -0.100117142
v -0.201798395 -0.0199944767 -0.138011508
v -0.240203814 -0.00764545576 -0.0946891805
v -0.189344372 -0.00954339091 -0.134423822
v -0.0739035434 -0.0225728037 -0.165901504
v -0.0270481555 -0.0218450697 -0.154103594
v -0.0586951772 -0.0341710266 -0.180703213
v -0.0348529358 -0.0105406111 -0.147033831
v -0.0818782699 -0.0101697641 -0.157142597
v -0.137546583 -0.0219822406 -0.16134209
v -0.137655228 -0.0096089416 -0.153026864
v 0.0074709574 -0.0216951529 -0.13312434
v 0.0327789849 -0.0229242283 -0.105115988
v 0.0203261754 -0.0108823244 -0.102696682
v -0.00241809199 -0.0102990447 -0.128073295
v -0.148770318 -0.464550128 -0.175390573
v -0.210001942 -0.464564088 -0.138530451
v -0.00786729628 -0.465179536 -0.203480256
v -0.0740947329 -0.464493682 -0.199047694
v -0.00699935663 -0.457224839 -0.24001748
v -0.0900016995 -0.45627921 -0.228953374
v 0.0877687275 -0.464575013 -0.210378859
v 0.102276066 -0.456594824 -0.24138494
v -0.245442406 -0.464403246 -0.0904648029
v -0.104828901 -0.440537334 -0.251244249
v -0.0174261644 -0.441117579 -0.264535865
v -0.0323346969 -0.422830758 -0.280756018
v -0.120421467 -0.418517158 -0.269875211
v 0.116845313 -0.440488171 -0.264385341
v 0.134478447 -0.417513262 -0.282851212
v -0.0286395805 -0.309592554 -0.340599546
v -0.0294419694 -0.287771459 -0.344819068
v 0.0143337501 -0.310200719 -0.341137304
v 0.0175651562 -0.285818898 -0.346094272
v -0.0327012952 -0.259323675 -0.347291786
v 0.0203128224 -0.260370058 -0.348943906
v -0.0721118246 -0.284205623 -0.342083541
v -0.0840566164 -0.259728511 -0.341899028
v -0.0609457507 -0.303164945 -0.340428386
v -0.0223127253 -0.227760412 -0.347516964
v 0.0308355285 -0.2355658 -0.348868037
v 0.0248552422 -0.210299045 -0.346374076
v -0.0204603115 -0.197809211 -0.343766615
v -0.0703134294 -0.193692264 -0.337373602
v -0.0829434686 -0.226783221 -0.340408356
v -0.0154523604 -0.174788174 -0.337796647
v 0.0264053946 -0.187614258 -0.341110599
v 0.0264011459 -0.166573095 -0.331403634
v -0.0117463188 -0.156892837 -0.328930917
v -0.0421460566 -0.154758191 -0.327933697
v -0.0566582503 -0.1691757 -0.332514961
v -0.121425363 -0.094307105 -0.251447578
v -0.0158317047 -0.0946069387 -0.253117906
v -0.187656442 -0.117035592 -0.262240984
v -0.231810291 -0.148153959 -0.271640224
v -0.258410517 -0.187072251 -0.279378847
v -0.275241263 -0.230369087 -0.282091917
v -0.262157831 -0.272887811 -0.288886731
v -0.242713556 -0.31341513 -0.289706114
v -0.208253317 -0.350304993 -0.288018184
v -0.147474478 -0.385299348 -0.28534578
v -0.0334836548 -0.398399167 -0.295488535
v 0.169436992 -0.382777468 -0.297067821
v 0.233192925 -0.345278226 -0.300813921
v 0.276355018 -0.303903604 -0.297679627
v 0.307594775 -0.255762087 -0.290123697
v 0.315051773 -0.211526299 -0.28448391
v 0.306578133 -0.171701222 -0.27663118
v 0.273759089 -0.142440124 -0.26908314
v 0.1157789 -0.195051227 -0.336378203
v 0.158130713 -0.190124 -0.328774324
v 0.108386239 -0.176978053 -0.328935772
v 0.143690746 -0.178120334 -0.326395076
v 0.0734289079 -0.107714041 -0.258124643
v 0.249958727 -0.304958485 -0.304981852
v 0.275852462 -0.26362817 -0.299791816
v 0.220071256 -0.302148302 -0.318440986
v 0.242930237 -0.266367339 -0.314415082
v 0.23570206 -0.304216791 -0.309971595
v 0.260063851 -0.265868425 -0.305590017
v 0.177705483 -0.329263222 -0.321593489
v 0.191786135 -0.336312349 -0.313104068
v 0.205072288 -0.341056276 -0.307358065
v 0.284608335 -0.22220924 -0.294118647
v 0.279167021 -0.183276988 -0.286906857
v 0.25155865 -0.228996771 -0.309852025
v 0.249853725 -0.19346405 -0.303067529
v 0.268947183 -0.226167166 -0.300384807
v 0.264691244 -0.188612086 -0.293216718
v -0.096780126 -0.368623375 -0.304738465
v -0.0162735649 -0.380389116 -0.307651829
v 0.000929848626 -0.353790711 -0.325698904
v -0.00736777577 -0.368387271 -0.316357931
v -0.0600389662 -0.345270943 -0.325278894
v -0.077065757 -0.357860316 -0.315006859
v -0.11027507 -0.326534979 -0.324888018
v -0.134369803 -0.335775805 -0.314357421
v -0.160574297 -0.343133262 -0.303846854
v 0.139468797 -0.367480487 -0.308104007
v 0.122800714 -0.346229925 -0.323892011
v 0.13076755 -0.35808246 -0.315332184
v -0.20170189 -0.308943724 -0.304118768
v -0.145131041 -0.298178844 -0.324290171
v -0.173580039 -0.30421497 -0.314013887
v -0.164912174 -0.263057029 -0.322514233
v -0.196571335 -0.266732723 -0.312345986
v -0.225093167 -0.269893723 -0.30281868
v -0.237185448 -0.227927931 -0.297520606
v -0.176296143 -0.224289868 -0.317162748
v -0.208248461 -0.225915282 -0.30710618
v -0.158832348 -0.185771556 -0.314012066
v -0.19124959 -0.184974629 -0.303215018
v -0.220841477 -0.185333944 -0.293282269
v -0.0764642688 -0.108255441 -0.273051384
v -0.142482307 -0.121669054 -0.278487236
v -0.0401158062 -0.127072737 -0.301256388
v -0.0905467413 -0.134291203 -0.304185533
v -0.0566794936 -0.117343923 -0.287201835
v -0.114915816 -0.127261499 -0.291352165
v 0.0162559633 -0.130426747 -0.299975115
v 0.00825271004 -0.120025431 -0.285322109
v -0.000196045109 -0.110078115 -0.271771932
v -0.190717901 -0.148582466 -0.286076549
v -0.131242792 -0.154360638 -0.308731594
v -0.160963959 -0.1506898 -0.297076318
v 0.251676398 -0.1538945 -0.280816106
v 0.188497675 -0.151079462 -0.298732687
v 0.199633402 -0.142209483 -0.283523714
v 0.226048508 -0.167390051 -0.300811493
v 0.240234769 -0.160163088 -0.288505566
v 0.13325969 -0.144242161 -0.298835261
v 0.139668483 -0.1349546 -0.282639386
v 0.0739065781 -0.140298802 -0.302220833
v 0.0734222314 -0.130078964 -0.286463176
v 0.212235521 -0.264779555 -0.32537115
v 0.192046517 -0.295046371 -0.328364632
v 0.158513699 -0.317212214 -0.33039124
v 0.22205113 -0.200329878 -0.315612595
v 0.219921946 -0.231981148 -0.321697884
v -0.0435596451 -0.327669977 -0.334372231
v 0.00870488838 -0.333469998 -0.334339455
v -0.0847291179 -0.314050001 -0.334429284
v 0.114137098 -0.329367618 -0.332168999
v -0.110833465 -0.290282414 -0.334382549
v -0.125751102 -0.259119132 -0.33326758
v -0.136088081 -0.223437102 -0.328425934
v -0.11843431 -0.18845792 -0.326001772
v -0.0652211122 -0.144094065 -0.317399459
v -0.0248133626 -0.140733379 -0.316002258
v 0.0229063232 -0.146208682 -0.316080555
v -0.0961422207 -0.160714806 -0.321291834
v 0.198876534 -0.178328518 -0.315031744
v 0.167557266 -0.165150402 -0.314010852
v 0.122658687 -0.15924902 -0.314651792
v 0.0724954175 -0.156940786 -0.318435524
v 0.0668847643 -0.175417582 -0.332226053
v 0.0714502482 -0.193740213 -0.339976814
v 0.0751623593 -0.216444422 -0.345020576
v 0.0759259034 -0.240707887 -0.34785018
v 0.0689301885 -0.262711674 -0.348073538
v 0.0659330655 -0.287157225 -0.345369572
v 0.0589003265 -0.308744037 -0.34117797
v 0.0628030202 -0.33011963 -0.334855364
v 0.0629007393 -0.350599971 -0.326734362
v 0.0628861724 -0.365847789 -0.317985773
v 0.0627878464 -0.377656017 -0.310140327
v 0.068269826 -0.394874604 -0.300357494
v 0.0498949975 -0.422055682 -0.28556064
v 0.0521431433 -0.444360517 -0.265247211
v 0.0550352638 -0.457998701 -0.24294359
v 0.0450569927 -0.464605968 -0.213692203
v -0.343420046 -0.438482198 -0.038341689
v -0.376843613 -0.412289236 -0.033308853
v -0.305405504 -0.45516849 -0.0368170286
v -0.400361743 -0.380801236 -0.0476347127
v -0.415930031 -0.349483181 -0.0399009456
v -0.42685818 -0.311679858 -0.0400211219
v -0.434988893 -0.275248243 -0.031519562
v -0.434652642 -0.23726769 -0.0405455274
v -0.429188871 -0.198365785 -0.0403719395
v -0.417369111 -0.162516236 -0.0399343279
v -0.400642761 -0.130035264 -0.0394985372
v -0.379282341 -0.0966790687 -0.0325471297
v -0.355542675 -0.071002622 -0.048162153
v -0.333266366 -0.0505325993 -0.0385104213
v -0.308619915 -0.0323301448 -0.0376394469
v -0.287430049 -0.0187338399 -0.0355460736
v -0.272210758 -0.00705125093 -0.0284641717
v -0.264560143 -0.463662159 -0.040426565
v 0.0465233858 -0.0239093094 -0.0726362301
v 0.0505201568 -0.0232471261 -0.0424549946
v 0.0355145122 -0.0130685612 -0.0703352796
v 0.0424938394 -0.0134867503 -0.037317763
v 0.0195341046 0.0040019301 -0.107435754
v 0.0359527307 0.000337768121 -0.0755969361
v 0.0449999393 -0.00203844426 -0.0451802037
v 0.0560318771 0.0125623642 -0.0524435839
v 0.0463224851 0.019572039 -0.0869469161
v 0.0232765632 0.0271564962 -0.126724044
v -0.0378694813 0.00269577198 -0.14874604
v -0.00548926304 0.00432543488 -0.132324986
v -0.00722999794 0.0243020066 -0.149634009
v -0.039439663 0.0195447262 -0.161121766
v -0.0790128552 0.00376946795 -0.157601452
v -0.0772593744 0.0189329198 -0.168575122
v -0.127276369 0.0149446461 -0.163274014
v -0.131572974 0.00147519392 -0.15383775
v -0.19231661 0.0165779507 -0.141296932
v -0.182166572 0.00116018646 -0.136590029
v -0.234277546 0.00544647301 -0.0981257359
v -0.249968439 0.0242388837 -0.101645444
v -0.266693575 0.00512357518 -0.0340214132
v -0.272546401 0.0198961507 -0.0404380971
v 0.0728377378 -0.121307311 -0.273856808
v 0.278510907 -0.463480681 -0.0159646269
v 0.315925175 -0.454445611 -0.0114185654
v 0.355287148 -0.437589374 -0.0110088736
v 0.395086126 -0.413297382 -0.00641850472
v -0.349339031 -0.435548198 0.0393692567
v -0.376822977 -0.412030068 0.0485949089
v -0.312222168 -0.453424113 0.03703371
v -0.400369633 -0.381801491 0.035628012
v -0.417568798 -0.343455553 0.0423190376
v -0.428605591 -0.307745603 0.0356984183
v -0.432853033 -0.271107625 0.045571687
v -0.433592299 -0.230388509 0.0476638464
v -0.427539179 -0.191659586 0.049482271
v -0.415088797 -0.156165103 0.0507295549
v -0.397198922 -0.124050729 0.0517164569
v -0.352554656 -0.0704241979 0.0444063414
v -0.37636655 -0.0969795093 0.0616152175
v 0.201264885 -0.0530022821 -0.0111678947
v 0.208118574 -0.053509693 0.0442072616
v 0.230266209 -0.049105658 -0.00564585635
v 0.236557861 -0.0470529504 0.039736462
v 0.152007186 -0.0482528921 -0.0158754051
v 0.161868923 -0.0497083601 0.0402080627
v 0.0779142743 -0.0330997584 -0.015827456
v 0.0884060258 -0.0353448694 0.0171858119
v 0.414791998 0.0282417242 0.00226392649
v 0.375836075 0.0402896976 0.0049272266
v 0.38174292 0.0323604924 0.0654250476
v 0.347869603 0.0302610495 0.0587522305
v 0.341981573 0.0320345598 -0.00353548841
v 0.47751308 -0.0632846356 -0.0155792131
v 0.452631739 -0.00952093373 -0.00646159822
v 0.429623448 -0.382132279 -0.0106447031
v 0.450025492 -0.355956919 0.0457252455
v 0.455355127 -0.349832785 -0.0108905182
v 0.471404727 -0.317448925 0.0447425922
v 0.475610289 -0.310233494 -0.0111836755
v 0.256930771 -0.0389993202 -0.0163688561
v 0.258778329 -0.0371651149 0.0466022894
v 0.281995411 -0.0176734969 -0.0108632054
v 0.284837762 -0.0162938977 0.0568949611
v -0.324607606 -0.0473813108 0.048716906
v -0.300064337 -0.030095352 0.0455310213
v 0.308521589 0.0111542383 -0.00611988492
v 0.315616237 0.0129423154 0.061251047
v 0.492116316 -0.258612328 -0.0112516539
v 0.5 -0.205987873 -0.0109257214
v 0.498352129 -0.16164951 -0.0109117615
v 0.490832008 -0.11484632 -0.0106149626
v -0.279333325 -0.0174568155 0.0415700603
v -0.264657255 -0.0082827541 0.0458290341
v 0.0487490744 -0.0217291421 -0.0179560325
v 0.0521558892 -0.0233454521 0.00715959164
v 0.044040957 -0.0130843419 -0.0163063402
v 0.0448834048 -0.0138782335 0.00316706928
v -0.262947474 -0.463669442 0.0293782396
v 0.048494762 -0.00293551755 -0.0215613202
v 0.0488006652 -0.00432786268 -0.00219352019
v 0.0608091868 0.0114995933 -0.0293940203
v 0.0632473082 0.0123723886 -0.00178807706
v -0.261094454 0.0178191651 0.0456117457
v -0.259188021 0.00234677527 0.0372953058
v 0.226713726 -0.455962988 0.208612632
v 0.173761517 -0.456118368 0.229631945
v 0.19520691 -0.464678195 0.18451972
v 0.14825623 -0.464636922 0.201721312
v 0.267133007 -0.455652229 0.176379296
v 0.230958133 -0.46471097 0.158226611
v 0.294259459 -0.454974265 0.133603831
v 0.257639083 -0.46394864 0.127032982
v 0.30940713 -0.4545494 0.0871016885
v 0.265717598 -0.463698576 0.0860322412
v -0.307138348 -0.415042365 0.185151556
v -0.2798638 -0.439174729 0.173755447
v -0.223246216 -0.416774603 0.238975953
v -0.198906882 -0.439701562 0.222134889
v -0.247142476 -0.455887726 0.159276636
v -0.174160284 -0.455858593 0.202381068
v 0.195478217 -0.438782032 0.250980832
v 0.254624358 -0.438353525 0.227625973
v 0.299650396 -0.437884352 0.190557059
v 0.328723947 -0.41300908 0.201529516
v 0.280558152 -0.413178419 0.242539968
v 0.217278675 -0.413860632 0.267732068
v 0.330032533 -0.437890421 0.142482307
v 0.347350053 -0.438014846 0.0920198109
v 0.381940786 -0.415416854 0.096323699
v 0.361885311 -0.414139222 0.149467704
v -0.289204773 -0.455963595 0.102302164
v -0.325836075 -0.439100074 0.109601962
v -0.354958181 -0.414535561 0.114984401
v -0.345094017 -0.350485864 0.197378579
v -0.328535792 -0.384788903 0.192791245
v -0.278050838 -0.352199893 0.254563056
v -0.249675888 -0.386836148 0.249830661
v 0.246874203 -0.381671603 0.278716663
v 0.306773571 -0.382044878 0.252209908
v 0.355212493 -0.383124036 0.208902754
v 0.379564573 -0.351143192 0.211727503
v 0.334420787 -0.347285413 0.256427609
v 0.285120601 -0.344365979 0.282482186
v -0.377097925 -0.383994404 0.118820937
v -0.392643149 -0.349488644 0.12158317
v -0.356396048 -0.313131077 0.199856153
v -0.297921194 -0.314225409 0.255898955
v -0.362765389 -0.273002525 0.200032168
v -0.309798614 -0.27366835 0.255238592
v -0.40524102 -0.308977713 0.118052538
v -0.408830527 -0.264665449 0.125639423
v -0.305386688 -0.192068063 0.250096505
v -0.358307943 -0.192691402 0.198922662
v -0.321186225 -0.232297976 0.246227801
v -0.37250088 -0.231894961 0.189040896
v -0.412714405 -0.22653073 0.119625754
v -0.402901832 -0.191771871 0.128180119
v -0.257146846 -0.122912089 0.240560094
v -0.323278991 -0.123879569 0.193551755
v -0.286934777 -0.154886257 0.246357081
v -0.344793576 -0.156250683 0.197076318
v -0.390399859 -0.15595267 0.128170408
v -0.371771325 -0.123740577 0.127428107
v -0.183757997 -0.0746242975 0.216830746
v -0.264569247 -0.0711495041 0.181805436
v -0.217848602 -0.0969479479 0.230724456
v -0.295544981 -0.0957334393 0.188423627
v -0.347561879 -0.0950311973 0.125876133
v -0.320184149 -0.0696400175 0.124052246
v 0.156366914 -0.0769015769 0.19120589
v 0.118388788 -0.0651765013 0.177721264
v 0.0821168016 -0.0867305381 0.226769565
v 0.0541521504 -0.0664316755 0.201937994
v 0.0874597895 -0.0505423105 0.153522742
v 0.0395768339 -0.0501405091 0.177350417
v -0.00899197611 -0.0472659901 0.187864626
v -0.012052829 -0.0619535925 0.208803821
v -0.012780563 -0.0794805108 0.230331152
v 0.231497105 -0.0596380752 0.0949750543
v 0.192819165 -0.05853039 0.0933484262
v 0.204969106 -0.0719379332 0.151984122
v 0.166271137 -0.0622698139 0.140217774
v 0.146933078 -0.0500361136 0.0876619041
v 0.12788332 -0.0519194819 0.127609585
v 0.0774972991 -0.0359002294 0.0962581483
v 0.0864352566 -0.0350935918 0.0554625572
v 0.0542237706 -0.0363942874 0.130547227
v 0.419046116 -0.0368464657 0.149456172
v 0.41998082 -0.00265753408 0.110529989
v 0.384173758 -0.017129062 0.145943141
v 0.38687651 0.0133756783 0.108809284
v 0.350082545 0.00768369366 0.109224438
v 0.350912854 -0.0284365554 0.152248753
v 0.349490768 -0.0583470909 0.182710399
v 0.37904381 -0.0582378397 0.184354022
v 0.413126525 -0.0727761323 0.182933757
v 0.469509827 -0.106210624 0.134976754
v 0.476730113 -0.0871669357 0.091265978
v 0.449703201 -0.0677700021 0.142628583
v 0.453720608 -0.0367080809 0.102858738
v 0.435932094 -0.0997514536 0.183261511
v 0.455332063 -0.130070467 0.176683985
v 0.429458964 -0.171077884 0.217304774
v 0.410868668 -0.136554522 0.223222545
v 0.384590733 -0.108144369 0.221014458
v 0.352144357 -0.154929351 0.258659974
v 0.365682395 -0.185635599 0.263457313
v 0.370325568 -0.234445975 0.26410493
v 0.411731145 -0.246220821 0.228960657
v 0.440110951 -0.26016855 0.189979242
v 0.452422948 -0.195306146 0.193835808
v 0.466791901 -0.21525237 0.168854927
v 0.475216378 -0.184873876 0.158202333
v 0.467920829 -0.160433181 0.167086879
v 0.389899125 -0.385665946 0.154256546
v 0.412330812 -0.387555384 0.0992589131
v 0.438591146 -0.356608784 0.10052744
v 0.414523119 -0.354866228 0.156425788
v 0.0985336069 -0.308085495 0.338610568
v 0.132629675 -0.304517231 0.335924811
v 0.107378094 -0.285933005 0.340489081
v 0.146835965 -0.287537176 0.335572173
v 0.158974375 -0.263925576 0.334273298
v 0.112862501 -0.262852487 0.34045752
v 0.366252929 -0.305484104 0.251769262
v 0.406022773 -0.313592967 0.206887071
v 0.323814929 -0.299432198 0.279435293
v 0.438509207 -0.31831383 0.153810437
v 0.462135981 -0.319762622 0.0991423785
v 0.481626385 -0.269644873 0.0944014858
v 0.46431979 -0.267731764 0.144272205
v 0.174584542 -0.211181551 0.327406863
v 0.126134695 -0.214950716 0.334641717
v 0.166479928 -0.237684665 0.331904369
v 0.117194916 -0.238520436 0.338627563
v 0.147835613 -0.128465689 0.272183445
v 0.212437636 -0.138691596 0.275678268
v 0.162678595 -0.114355904 0.254455019
v 0.234855971 -0.12685909 0.260469294
v 0.265583462 -0.0544025176 0.103968851
v 0.248048653 -0.0783097027 0.161096275
v 0.203869311 -0.0942543002 0.214836912
v 0.283120698 -0.105201265 0.224481967
v 0.289648454 -0.0739499751 0.16241093
v 0.292989111 -0.0420510688 0.113395404
v -0.125289819 -0.0375056143 0.182745603
v -0.20983321 -0.0349916241 0.161117518
v -0.156660678 -0.0558343146 0.20077629
v -0.235045339 -0.0512833975 0.173131502
v -0.096347977 -0.0793585137 0.231649449
v -0.0809223224 -0.0610389177 0.212252516
v -0.0623162456 -0.046194722 0.193914104
v -0.292720232 -0.0486085653 0.121207468
v -0.266746986 -0.0318931402 0.114742228
v 0.0211989706 -0.0350268272 0.151839061
v -0.021662681 -0.0345285206 0.169523786
v 0.323929035 -0.0794580536 0.19514318
v 0.322008643 -0.0510096627 0.156030663
v 0.316649874 -0.0155698054 0.110446837
v 0.481581471 -0.217674104 0.132798407
v 0.492538147 -0.217814916 0.088687651
v 0.4935208 -0.174326285 0.0858222362
v 0.485240777 -0.179081744 0.127239345
v 0.348642251 -0.0923090229 0.215730951
v 0.322736377 -0.13369457 0.252464827
v 0.48007684 -0.143680732 0.129587638
v 0.487990871 -0.132643938 0.0866604353
v -0.246525814 -0.0194816033 0.105840688
v -0.193875866 -0.021829289 0.148040763
v -0.184588305 -0.00993123247 0.138259144
v -0.233182607 -0.00862386045 0.0992097501
v -0.0293418226 -0.0221831413 0.153383751
v -0.0673642555 -0.0335792496 0.177072434
v -0.0798692628 -0.0217728426 0.164135277
v -0.0376097064 -0.00979041989 0.144971413
v -0.0821805314 -0.00926904915 0.15507775
v -0.128781607 -0.0104313599 0.15482708
v -0.136702315 -0.0215871156 0.163511939
v 0.00665157382 -0.0222159167 0.133712475
v 0.0343297442 -0.0242152126 0.108992583
v 0.0207923136 -0.0119778706 0.10190097
v -0.00392575778 -0.0120294614 0.127788635
v -0.208412945 -0.464389893 0.140305175
v -0.146639313 -0.464383824 0.177736438
v -0.00107855157 -0.464962248 0.212401219
v -0.00935432574 -0.456541412 0.242926595
v -0.0719515896 -0.464763775 0.203353403
v -0.0870622367 -0.456281637 0.230294735
v 0.105171828 -0.456370859 0.242221319
v 0.0901540441 -0.464714005 0.213324391
v -0.244578715 -0.46443238 0.0916956991
v -0.0147513323 -0.441015004 0.265661758
v -0.101884582 -0.440365566 0.251965914
v -0.0298504473 -0.422405285 0.281600893
v -0.117866204 -0.418074691 0.270236347
v 0.120413576 -0.439756188 0.264339213
v 0.137618204 -0.416066291 0.282008157
v -0.0282365651 -0.309116098 0.343884364
v 0.0134136127 -0.30944992 0.342972117
v -0.0292908387 -0.28723977 0.347818012
v 0.0160065065 -0.285038966 0.346656915
v 0.0184051761 -0.259976147 0.347605579
v -0.0294128358 -0.262186055 0.348943906
v -0.0767817041 -0.256444907 0.346392284
v -0.070084002 -0.283307943 0.346220517
v -0.0593294408 -0.302412326 0.344427585
v -0.0310279319 -0.232268236 0.346948251
v 0.0214071547 -0.234898761 0.34572828
v 0.0247702691 -0.210968511 0.341154906
v -0.0219267046 -0.204930565 0.341503296
v -0.069788417 -0.196963122 0.337731703
v -0.0855205817 -0.225200294 0.342706879
v -0.0129153061 -0.181830624 0.333605652
v 0.034517292 -0.189982581 0.334148873
v 0.0274809114 -0.168746586 0.324799403
v -0.0114216002 -0.161688962 0.323964238
v -0.042141201 -0.160600092 0.324572403
v -0.0565235072 -0.174460421 0.330461647
v -0.0182589009 -0.0997981889 0.253900266
v -0.12475813 -0.101965003 0.253133687
v -0.188999017 -0.124385766 0.264061229
v -0.230451936 -0.153759757 0.271966156
v -0.255253159 -0.190304264 0.277835978
v -0.271509122 -0.230978465 0.278905425
v -0.258908217 -0.271880273 0.28593695
v -0.239710363 -0.311773935 0.287619418
v -0.205048617 -0.348864699 0.287138713
v -0.0305557242 -0.397882045 0.296895447
v -0.144420908 -0.384481178 0.285796744
v 0.171509729 -0.380502009 0.295046675
v 0.235474453 -0.342332694 0.297013195
v 0.279170662 -0.301974714 0.29542784
v 0.31011787 -0.256256145 0.290047221
v 0.309831389 -0.178793443 0.279565787
v 0.317165783 -0.215468445 0.286227072
v 0.278950946 -0.150074351 0.271972833
v 0.157994149 -0.191470824 0.325811797
v 0.115862659 -0.195045157 0.330896831
v 0.109145535 -0.176885189 0.323548477
v 0.144250355 -0.178705435 0.322459
v 0.073797327 -0.109970684 0.258328579
v 0.277429928 -0.264680622 0.299638257
v 0.24960184 -0.302914881 0.303840785
v 0.209076949 -0.298342114 0.319231236
v 0.230010075 -0.301576555 0.310708433
v 0.236054698 -0.267282014 0.315249639
v 0.258426298 -0.267110853 0.306215176
v 0.170023307 -0.323765462 0.322225324
v 0.186551184 -0.33135963 0.313888248
v 0.20401498 -0.337529892 0.306268588
v 0.283133444 -0.189628121 0.288480681
v 0.287255854 -0.226588997 0.294962308
v 0.249683172 -0.23281874 0.310454728
v 0.270610228 -0.230386688 0.301027568
v 0.25292611 -0.197318188 0.303208949
v 0.269038226 -0.193731716 0.29382549
v -0.0940008983 -0.367748759 0.305852827
v -0.0133778026 -0.380224632 0.309134003
v 0.00232280071 -0.354597349 0.327651465
v -0.0582751672 -0.345386263 0.327591983
v -0.00494604207 -0.36871199 0.317735709
v -0.0746379538 -0.357477937 0.316367642
v -0.106825769 -0.324566637 0.327572561
v -0.130505347 -0.333551937 0.315766154
v -0.157488559 -0.341326977 0.304040471
v 0.140174073 -0.364621748 0.30804574
v 0.120254555 -0.342577295 0.324618531
v 0.129591279 -0.354268382 0.316116365
v -0.197754282 -0.306713179 0.303546414
v -0.13897656 -0.295084002 0.327627793
v -0.167716894 -0.301262761 0.315513056
v -0.156447638 -0.260322109 0.326439384
v -0.188597215 -0.264280642 0.314172908
v -0.220091892 -0.268344784 0.301985336
v -0.232062783 -0.228441411 0.296233263
v -0.166921181 -0.223184003 0.321190473
v -0.199783319 -0.22551348 0.308858447
v -0.150626373 -0.187102599 0.317736923
v -0.183484869 -0.187015805 0.305631896
v -0.215855983 -0.188490088 0.293230071
v -0.142359703 -0.128357652 0.279347892
v -0.0776168684 -0.114990774 0.273766979
v -0.0393583316 -0.130474696 0.300305903
v -0.056476772 -0.12214369 0.28708348
v -0.0881244006 -0.138490695 0.304652885
v -0.113183578 -0.132327717 0.29225288
v 0.0172252637 -0.133140424 0.298492334
v 0.00873705677 -0.123634968 0.284346739
v -0.000240959468 -0.115047828 0.272264169
v -0.187871302 -0.153984935 0.286739339
v -0.125905874 -0.157602362 0.310931184
v -0.1559378 -0.154786111 0.29898275
v 0.256994501 -0.159051761 0.282102235
v 0.189788053 -0.1533968 0.298482016
v 0.228934559 -0.170239078 0.30072652
v 0.202263926 -0.1452497 0.284647786
v 0.245011471 -0.164003265 0.289074886
v 0.134415324 -0.145597482 0.297989172
v 0.141432282 -0.136487758 0.283089744
v 0.0751757123 -0.142067457 0.300735624
v 0.0742349385 -0.132429685 0.285772466
v 0.20157261 -0.265662062 0.325351728
v 0.180510203 -0.292650736 0.328173442
v 0.15133954 -0.313804186 0.330363928
v 0.219823013 -0.204105112 0.315570109
v 0.213197538 -0.235486289 0.321740371
v -0.0424574224 -0.327521274 0.337514415
v 0.00881899513 -0.333110077 0.336498986
v -0.0822387987 -0.312869481 0.338147465
v 0.110710254 -0.326856662 0.332558662
v -0.106881001 -0.288374161 0.338808434
v -0.120110101 -0.257329234 0.338070382
v -0.129522694 -0.222819226 0.333053327
v -0.113292829 -0.190380133 0.329089331
v -0.063768072 -0.148949065 0.316266888
v -0.0239721288 -0.144850326 0.31347188
v 0.0242652861 -0.149329016 0.312702266
v -0.0929332718 -0.164728572 0.322104541
v 0.197637141 -0.18124431 0.314370774
v 0.167460761 -0.167072616 0.312571772
v 0.123481713 -0.160350635 0.312139016
v 0.0739296423 -0.158347091 0.314594132
v 0.0680288666 -0.175470994 0.325454303
v 0.076412071 -0.191788259 0.332260042
v 0.0744716493 -0.213053994 0.338416344
v 0.0689678195 -0.237609403 0.34285012
v 0.0658256352 -0.261787895 0.3445162
v 0.0628060549 -0.285920866 0.343967516
v 0.0564737372 -0.307494932 0.341496012
v 0.0612619721 -0.328894803 0.335920562
v 0.0640958254 -0.365098812 0.319042474
v 0.0627860256 -0.349702898 0.328003496
v 0.071181369 -0.393749924 0.300758082
v 0.0649212785 -0.376668508 0.311092633
v 0.052837495 -0.421110659 0.285619515
v 0.0541375836 -0.443873742 0.265569502
v 0.0510985809 -0.458492152 0.242037412
v 0.0522517875 -0.465243266 0.213766251
v 0.322645334 -0.452113099 0.0401716457
v 0.272438971 -0.463397528 0.0361566661
v 0.361546025 -0.434629274 0.0427244808
v 0.394621809 -0.413002404 0.0499763289
v 0.414730696 0.0214402336 0.0706150839
v 0.476706442 -0.0679235606 0.042339067
v 0.446553126 -0.00696385001 0.0590605616
v 0.422865051 -0.387567523 0.0454436203
v 0.488563833 -0.268350247 0.0428064191
v 0.498399471 -0.215711832 0.0409066631
v 0.498461987 -0.170593537 0.040032047
v 0.491687202 -0.125282839 0.0407664575
v 0.0527154979 -0.0231281637 0.0417879557
v 0.0439335267 -0.0126910378 0.0360625888
v 0.0466399204 -0.0226620255 0.0759155853
v 0.0368218842 -0.0117672586 0.0696919118
v 0.0495277923 0.000972638658 0.031827893
v 0.0678655968 0.0232149577 0.0381529273
v 0.0235672926 0.00248819481 0.0972838952
v 0.0394451256 -0.000407567463 0.0657309508
v 0.0506640042 0.0186743588 0.074784229
v 0.031001833 0.0208217507 0.107704027
v -0.0382840287 0.00300349604 0.144119254
v -0.00485499945 0.000453088773 0.125105306
v 0.00283446024 0.0166064774 0.129020746
v -0.029915998 0.0166799184 0.147709368
v -0.0758907003 0.00224298668 0.153189526
v -0.0702733706 0.0176382937 0.159899975
v -0.11688173 0.019250962 0.163080397
v -0.124446764 0.00273461683 0.15340985
v -0.168360262 0.021891198 0.15418007
v -0.177581058 0.00366689326 0.138287063
v -0.226162007 0.0039958606 0.0998288399
v -0.222208937 0.022828937 0.121780429
v 0.149230386 0.220391423 -0.0827941587
v 0.144687967 0.24785716 -0.086528727
v 0.15150888 0.223266549 -0.0747508467
v 0.147836827 0.254208293 -0.0729275665
v 0.147125481 0.217966654 -0.0892484735
v 0.140898773 0.24375478 -0.0982944683
v 0.145094624 0.214107054 -0.0950393911
v 0.137229148 0.237029765 -0.108920963
v 0.143231285 0.208989245 -0.0998701125
v 0.133858143 0.227991054 -0.117871059
v 0.141622865 0.202856614 -0.103516066
v 0.130935068 0.217064118 -0.124708967
v 0.140336736 0.196005353 -0.105791525
v 0.128597701 0.204770937 -0.129116644
v 0.139440877 0.188757754 -0.106601197
v 0.126917661 0.191694789 -0.130821569
v 0.140327025 0.183130106 -0.103513031
v 0.128696634 0.180108098 -0.125769917
v 0.138902512 0.176930104 -0.104715401
v 0.125892521 0.167757863 -0.12696561
v 0.138463079 0.168102611 -0.102289418
v 0.124048605 0.152390476 -0.123859236
v 0.140557666 0.162323833 -0.0945265177
v 0.128654147 0.143650384 -0.11010391
v 0.142380947 0.158014482 -0.0872091188
v 0.131936537 0.135381893 -0.0970738902
v 0.146024472 0.155580609 -0.0745013899
v 0.137254033 0.127684543 -0.0750166911
v 0.144277668 0.156162068 -0.0803894196
v 0.136112359 0.134271173 -0.0858058486
v 0.135977616 0.277736741 -0.0896982241
v 0.140271186 0.284463577 -0.0700087401
v 0.1303615 0.271774663 -0.107180835
v 0.124920793 0.261916569 -0.122991296
v 0.119921339 0.248620097 -0.136345428
v 0.115597422 0.232506768 -0.146613821
v 0.11214812 0.214333447 -0.153314558
v 0.1097276 0.194953508 -0.15611685
v 0.111659525 0.176823887 -0.151080979
v 0.106927736 0.155805181 -0.151048811
v 0.107762294 0.136170323 -0.141157334
v 0.11228347 0.123628291 -0.12563396
v 0.117144539 0.11117184 -0.106562959
v 0.124505639 0.108886063 -0.0885838624
v 0.123297806 0.308943117 -0.0893971765
v 0.131288921 0.309169509 -0.0668076816
v 0.116303912 0.298856808 -0.114477597
v 0.109168599 0.28600766 -0.13524017
v 0.10260564 0.268645832 -0.152794401
v 0.0969257942 0.247579784 -0.166319693
v 0.0923936926 0.22379763 -0.175183603
v 0.0892199468 0.198410699 -0.178972796
v 0.0912957186 0.174001566 -0.174140861
v 0.0836942667 0.147267811 -0.174232511
v 0.0889741318 0.124981185 -0.158110077
v 0.0926880637 0.105045885 -0.139232693
v 0.0990695444 0.0884876607 -0.114462424
v 0.108596244 0.0832721325 -0.0909728207
v 0.119640928 0.332331966 -0.0628643222
v 0.105322959 0.338548356 -0.0911524782
v 0.0989578655 0.324618835 -0.120090071
v 0.0902286991 0.308965574 -0.145501281
v 0.082198133 0.28778906 -0.166998871
v 0.0752442977 0.262078624 -0.183581374
v 0.0696900909 0.23303178 -0.194471285
v 0.0657946807 0.202008704 -0.19915998
v 0.0679426796 0.171698188 -0.194536229
v 0.0594235181 0.139611734 -0.192337246
v 0.0655695019 0.112206084 -0.173880479
v 0.0701489457 0.0883225701 -0.150290122
v 0.0778444749 0.0686421904 -0.120351667
v 0.089612644 0.0601187803 -0.0916720281
v 0.102743418 0.358674237 -0.0573143641
v 0.0859150997 0.363789619 -0.0901376564
v 0.0785734228 0.348683827 -0.123937533
v 0.068380898 0.330455274 -0.153622889
v 0.0589986526 0.305773013 -0.178752473
v 0.0508709744 0.27579025 -0.198150014
v 0.0443759939 0.241905401 -0.210906299
v 0.0398147586 0.205701392 -0.216428337
v 0.0419967467 0.169933175 -0.212057685
v 0.0343874046 0.137227631 -0.208292769
v 0.0373311159 0.10264236 -0.189674553
v 0.0467965137 0.0772627126 -0.162089853
v 0.0515155561 0.0507529225 -0.127070006
v 0.0686333896 0.039815669 -0.0899537503
v 0.082753493 0.382821775 -0.0509140679
v 0.0636606417 0.386759672 -0.0877930055
v 0.0554479904 0.370700361 -0.1259605
v 0.0439402032 0.35016418 -0.159490283
v 0.0333464839 0.322336093 -0.187884048
v 0.0241639253 0.288518615 -0.209812574
v 0.0168204275 0.25028557 -0.224250719
v 0.0116625596 0.209428677 -0.230523556
v 0.01384212 0.168729591 -0.226461841
v 0.00871277874 0.128970065 -0.218217021
v 0.00634688452 0.0899309897 -0.200268272
v 0.0194369924 0.0587367533 -0.165271489
v 0.0599637043 0.404423761 -0.0437538693
v 0.0388830891 0.407126513 -0.0841506937
v 0.0299196397 0.390347965 -0.126129839
v 0.0172647155 0.367805205 -0.163015453
v 0.00561247405 0.337234914 -0.194258245
v -0.00449143592 0.300073138 -0.218399107
v -0.0125748067 0.258051506 -0.234308501
v -0.0182564731 0.213139574 -0.2412417
v -0.0161090812 0.168098362 -0.237549011
v -0.0215109433 0.124300793 -0.227712767
v -0.0239423882 0.0821644472 -0.208056058
v -0.0132946503 0.0499189721 -0.178573423
v 0.0347054468 0.423168222 -0.0359430195
v 0.0119429709 0.424595771 -0.0792671676
v 0.00236164557 0.407339553 -0.124444943
v -0.0112571165 0.383115539 -0.164146202
v -0.0237985409 0.350253402 -0.197785237
v -0.0346763131 0.310290547 -0.223786402
v -0.0433787737 0.265093349 -0.240933976
v -0.0495035142 0.216777031 -0.24842557
v -0.047421066 0.168055269 -0.245154712
v -0.053010476 0.120897013 -0.233811408
v -0.0554661989 0.0762557812 -0.212407895
v -0.044856092 0.0426616613 -0.184474805
v 0.00734531859 0.438776569 -0.0275901625
v -0.016765195 0.438907064 -0.0732110125
v -0.0268254045 0.421427488 -0.120928878
v -0.0412095316 0.395876073 -0.162869178
v -0.0544574467 0.361200367 -0.198411003
v -0.0659482392 0.319019714 -0.225893735
v -0.0751453647 0.271307311 -0.244028818
v -0.0779124534 0.225302261 -0.251772296
v -0.0825732286 0.17254367 -0.249726872
v -0.0854040471 0.118718666 -0.236531155
v -0.0862543852 0.0763340779 -0.216679008
v -0.0785649255 0.0415205938 -0.19034402
v -0.0230216439 0.451207529 -0.0184343097
v -0.0507538329 0.45040514 -0.0649601233
v -0.0598514184 0.432756831 -0.114937666
v -0.0748000097 0.40623126 -0.158530087
v -0.0885692956 0.370222083 -0.195480644
v -0.10051348 0.326408126 -0.224057102
v -0.110066279 0.276842096 -0.242891392
v -0.110034718 0.223488693 -0.25182328
v -0.120570777 0.170362289 -0.248538462
v -0.12413115 0.11424726 -0.23330157
v -0.113436677 0.0655358162 -0.209606817
v -0.116035033 0.0326160186 -0.182928902
v -0.065137353 0.461263489 -0.00590381044
v -0.091438959 0.459846259 -0.0484632006
v -0.101500989 0.445330424 -0.0962071644
v -0.11693939 0.41997202 -0.14179099
v -0.137569041 0.381525935 -0.182143507
v -0.147440488 0.334550371 -0.214052732
v -0.1564094 0.2833741 -0.23386482
v -0.154440452 0.227503065 -0.245064883
v -0.170789279 0.169508309 -0.239150147
v -0.173082946 0.114331019 -0.225111375
v -0.160130009 0.0666568543 -0.201442115
v -0.159133396 0.0279291446 -0.170881535
v -0.110864419 0.465508503 0.0075437915
v -0.132837252 0.460974581 -0.0417606429
v -0.148562134 0.444875211 -0.0908896685
v -0.165865087 0.417656502 -0.135326357
v -0.194766263 0.387364195 -0.16371466
v -0.20032654 0.345936161 -0.192771216
v -0.206892533 0.296419901 -0.212078928
v -0.206984183 0.232236674 -0.227909419
v -0.222689642 0.175956554 -0.224966314
v -0.218676483 0.124844621 -0.215320652
v -0.212471018 0.0749308076 -0.189077313
v -0.19986465 0.0368452518 -0.163135629
v -0.146256934 0.463598429 0.0178303937
v -0.166574612 0.458334952 -0.0309478144
v -0.183882421 0.44176823 -0.0806643683
v -0.208221756 0.415806516 -0.123387635
v -0.243641583 0.260300866 -0.204186747
v -0.260684155 0.205971485 -0.204952719
v -0.268444021 0.139912781 -0.194646694
v -0.258659367 0.0845097051 -0.170621153
v -0.241236237 0.0434069969 -0.140991636
v -0.177193217 0.457411173 0.0267179742
v -0.201352893 0.449872237 -0.0243454036
v -0.224410954 0.431198182 -0.0811244371
v -0.207140776 0.44759253 0.0352298523
v -0.231428519 0.439876971 -0.00774529917
v -0.246069994 0.429796732 -0.0542025273
v -0.303321842 0.14243709 -0.169873997
v -0.301778366 0.193649777 -0.174518385
v -0.299275908 0.099278639 -0.147478119
v -0.280586072 0.0561966642 -0.116624989
v -0.235662001 0.434282706 0.0432422098
v -0.25492055 0.427752522 0.00699085932
v -0.26761614 0.420391423 -0.030927785
v -0.323786402 0.201889134 -0.149445854
v -0.325572051 0.152162262 -0.144428192
v -0.327574989 0.107501608 -0.119537139
v -0.308156812 0.0680625523 -0.0942072616
v -0.262340524 0.417676532 0.050641547
v -0.279170662 0.411349676 0.0126439991
v -0.294090727 0.401688841 -0.0207073405
v -0.345882446 0.155051348 -0.114273662
v -0.340262081 0.200698297 -0.123226793
v -0.345637238 0.122467194 -0.0969925588
v -0.332294638 0.0866564901 -0.0700700421
v -0.287363891 0.397023817 0.057463067
v -0.303141577 0.389083079 0.0233141942
v -0.317724177 0.377084269 -0.00934036587
v -0.359268746 0.199500176 -0.0889006907
v -0.359544301 0.161782432 -0.0854526032
v -0.356416684 0.132976547 -0.0670413576
v -0.350518943 0.107909479 -0.0313520436
v -0.320795955 0.0591737579 -0.0139064567
v -0.345881232 0.0923557581 0.0129984583
v -0.308539798 0.0542641328 0.0550097719
v -0.285252309 0.031661892 0.0314175943
v -0.298418893 0.0410933005 -0.0419785382
v -0.313069472 0.366947584 0.064260916
v -0.326483691 0.358764673 0.0314910353
v -0.335672926 0.350005159 0.00616419233
v -0.328828949 0.343172714 0.0683450879
v -0.341157941 0.334853239 0.0350501948
v -0.340804088 0.324108996 0.0714520691
v -0.352722174 0.314890021 0.0366179487
v 0.150383593 0.187342345 -0.0752958885
v -0.293577854 0.315846575 -0.12424465
v -0.301706746 0.324630974 -0.114555894
v -0.287793612 0.326223006 -0.12231576
v -0.295361682 0.332799318 -0.113679457
v -0.281160854 0.322042329 -0.127910633
v -0.28664951 0.309317605 -0.130527197
v -0.284126416 0.33578066 -0.118108377
v -0.278523046 0.333989548 -0.121833234
v -0.290072713 0.339583207 -0.112122628
v -0.307185084 0.296510943 -0.121328251
v -0.315754015 0.30662942 -0.112111096
v -0.300395125 0.305706248 -0.1238823
v -0.308453004 0.315826546 -0.114249384
v -0.293671931 0.297458394 -0.129639228
v -0.301290984 0.287686486 -0.125857318
v -0.318052538 0.282851516 -0.111808228
v -0.323320871 0.289499448 -0.107601452
v -0.313178116 0.288757147 -0.11700312
v -0.320085216 0.297081477 -0.110693866
v -0.308771653 0.280534177 -0.120020879
v -0.315255708 0.275765365 -0.113025771
v -0.326912198 0.284985555 -0.102276672
v -0.323932677 0.284052671 -0.106041588
v -0.326165042 0.280054686 -0.100595419
v -0.321641438 0.279241979 -0.106768715
v -0.320904599 0.273826764 -0.105708372
v -0.326051542 0.274475595 -0.097841076
v -0.330493208 0.280523252 -0.0912077107
v -0.333561951 0.288939232 -0.0854082958
v -0.330081089 0.285180386 -0.0953671445
v -0.332036684 0.292726605 -0.0919730757
v -0.328968548 0.288728013 -0.0997626822
v -0.32841865 0.294954721 -0.100392697
v -0.323515702 0.312554474 -0.0996807439
v -0.326456985 0.303458102 -0.100721665
v -0.328583134 0.312664332 -0.0882791731
v -0.331611819 0.302252698 -0.0896769808
v -0.334245985 0.299603965 -0.0808209617
v -0.331731388 0.311352711 -0.0778535792
v -0.310712682 0.329106022 -0.102249967
v -0.317620389 0.320433302 -0.10139538
v -0.315692713 0.332642724 -0.0893856444
v -0.323084767 0.323048653 -0.0881413953
v -0.326104954 0.323159118 -0.077041479
v -0.318061035 0.334032035 -0.078743976
v -0.296238119 0.342881378 -0.103578582
v -0.303392855 0.336643137 -0.102957064
v -0.299024023 0.346184404 -0.0947049612
v -0.307326503 0.340574964 -0.0916459292
v -0.308639338 0.342767878 -0.0825368116
v -0.299076828 0.348608565 -0.0878931524
v -0.289780162 0.345467595 -0.106691026
v -0.292022239 0.34709483 -0.102609888
v -0.286787288 0.347511198 -0.105403683
v -0.291766712 0.348760303 -0.0990203814
v -0.290461161 0.350922262 -0.0949088967
v -0.283949186 0.348977591 -0.103882057
v -0.283524321 0.343210952 -0.112058292
v -0.287025213 0.34370501 -0.110466867
v -0.279344857 0.343437951 -0.113269158
v -0.280458005 0.308526748 -0.152223868
v -0.290520035 0.289839947 -0.149413079
v -0.285480523 0.307494932 -0.143163306
v -0.29396873 0.291812537 -0.140844147
v -0.304603115 0.281260698 -0.129772151
v -0.296074242 0.291193447 -0.13458345
v -0.302601391 0.281275871 -0.136021316
v -0.284780102 0.378645347 -0.108608383
v -0.276952864 0.369506488 -0.126838757
v -0.286832809 0.36629147 -0.108564076
v -0.281048568 0.356804829 -0.122438971
v -0.279183408 0.337064968 -0.127957368
v -0.281450977 0.348590357 -0.117804902
v -0.277927627 0.343369366 -0.133770136
v -0.27316185 0.351640285 -0.141493585
v -0.273991551 0.3303964 -0.149802134
v -0.279395841 0.325693138 -0.140944294
v -0.2882379 0.304374598 -0.13701975
v -0.281543233 0.320969847 -0.134675099
v -0.315584676 0.26493979 -0.135941806
v -0.312741718 0.271936112 -0.130210976
v -0.303234441 0.27544793 -0.142722053
v -0.320142876 0.270284599 -0.114958909
v -0.312838223 0.274424004 -0.123204336
v -0.322011678 0.266594338 -0.120053654
v -0.324605179 0.260583705 -0.125030044
v -0.332924046 0.259032338 -0.110997342
v -0.328492698 0.265623824 -0.109278457
v -0.325638209 0.269387526 -0.106311681
v -0.331049782 0.27069247 -0.0981767198
v -0.335382197 0.26646263 -0.098790954
v -0.336034669 0.276136819 -0.0890427172
v -0.341396472 0.273146372 -0.0877426286
v -0.339836609 0.285605251 -0.080730526
v -0.345837531 0.284374962 -0.0775616359
v -0.347171002 0.270683366 -0.0840638998
v -0.341248376 0.261813994 -0.0962563275
v -0.351054274 0.298892618 -0.0629146991
v -0.346302456 0.298468967 -0.0695723425
v -0.351593246 0.282504947 -0.0725670377
v -0.341060829 0.298047136 -0.07384649
v -0.338606927 0.311961483 -0.0693841877
v -0.342622513 0.313805399 -0.0645971668
v -0.337368747 0.333398378 -0.0564075796
v -0.335234101 0.329187354 -0.0632667306
v -0.345992304 0.316097853 -0.0575359011
v -0.332301315 0.325871581 -0.0681108049
v -0.324405492 0.337776314 -0.0699000959
v -0.325028223 0.343409425 -0.0661837361
v -0.314107964 0.363847279 -0.0679790966
v -0.313539858 0.3550908 -0.07283531
v -0.326291895 0.349709574 -0.0600602095
v -0.313958655 0.346975261 -0.0750403622
v -0.303737603 0.354070516 -0.0825022154
v -0.303210163 0.363168708 -0.0821841732
v -0.29318637 0.37866052 -0.093313223
v -0.294493135 0.366581592 -0.0939159252
v -0.303015332 0.374079256 -0.0791433496
v -0.295048495 0.357255793 -0.0919129875
v -0.287328688 0.356248255 -0.104854999
v -0.308307943 0.276107078 -0.121686959
v -0.315454181 0.271664805 -0.113965938
v -0.300245815 0.283168344 -0.128067226
v -0.279256242 0.31894688 -0.131483145
v -0.284658105 0.30628103 -0.133788951
v -0.276858787 0.331769929 -0.125751102
v -0.292018597 0.293355406 -0.132387502
v -0.321665109 0.270024217 -0.10561733
v -0.326820549 0.271003836 -0.0978568567
v -0.277681205 0.342991236 -0.116366428
v -0.282698867 0.35029164 -0.104175215
v -0.334854757 0.284150997 -0.0828457495
v -0.331089841 0.275778718 -0.0901880334
v -0.290521249 0.352789849 -0.0929903252
v -0.299459814 0.35047069 -0.0844135034
v -0.334921521 0.308041188 -0.0723442868
v -0.336567572 0.295301897 -0.0766536375
v -0.309459935 0.344367193 -0.0775877347
v -0.320561672 0.334433836 -0.0723206157
v -0.329564573 0.321059675 -0.0706618192
v -0.352622027 0.26424726 -0.0788932859
v -0.356513796 0.281834873 -0.0631168138
v -0.345061848 0.251555311 -0.0983497008
v -0.354781558 0.299249505 -0.0516199517
v -0.347858678 0.320084305 -0.0455383047
v -0.296314595 0.268359958 -0.158778329
v -0.279082655 0.286338448 -0.166580075
v -0.266019859 0.310202539 -0.170225422
v -0.312435815 0.37798984 -0.0578940021
v -0.297888418 0.391188592 -0.0710539094
v -0.326285218 0.360113318 -0.0488534699
v -0.254892023 0.367675318 -0.152567402
v -0.261115697 0.387863715 -0.131364183
v -0.272328506 0.395135593 -0.110406171
v -0.258019641 0.338441532 -0.166122434
v -0.326233021 0.250863388 -0.133628716
v -0.31283094 0.257198133 -0.14775064
v -0.336488668 0.248446509 -0.116919967
v -0.338092839 0.340393486 -0.0445896406
v -0.284439602 0.397404982 -0.088995375
v -0.357935882 0.249296241 -0.0719364158
v -0.359607424 0.27363254 -0.0518335984
v -0.35022882 0.231845191 -0.0987927749
v -0.357106787 0.29750695 -0.0333877566
v -0.348482623 0.323140303 -0.0262718654
v -0.261675913 0.280815803 -0.186687748
v -0.281971133 0.250494968 -0.178654147
v -0.240363442 0.3092648 -0.191247163
v -0.304912053 0.3917045 -0.0415815924
v -0.282229694 0.409237488 -0.0574005511
v -0.321799245 0.372552167 -0.0344499205
v -0.233320992 0.396549788 -0.140208063
v -0.223907185 0.374382731 -0.166510883
v -0.246683014 0.411738732 -0.110274463
v -0.232747423 0.348139392 -0.180059238
v -0.30738295 0.23827887 -0.15908666
v -0.324514743 0.233014785 -0.140791949
v -0.337020964 0.233649656 -0.123087802
v -0.335800993 0.349866774 -0.0244194516
v -0.262860681 0.416008631 -0.082729215
v -0.365943991 0.26135696 -0.0320099783
v -0.364080652 0.228868704 -0.0670753469
v -0.359313053 0.298027713 -0.00122664757
v -0.348086891 0.326271562 0.00224389711
v -0.379428617 0.186390646 0.0365724274
v -0.382573836 0.181257663 0.0325841537
v -0.374876486 0.180998495 0.036577283
v -0.379541509 0.177931572 0.0391234417
v -0.375613324 0.179505396 0.0338629991
v -0.373010719 0.185806759 0.0582636351
v -0.376785346 0.177073344 0.0621469064
v -0.369035191 0.183239964 0.0761450127
v -0.37470836 0.175504983 0.0777886355
v -0.377574382 0.177731886 0.0498003132
v -0.373984875 0.183151956 0.0446102769
v -0.381143253 0.198031355 0.055871642
v -0.379994902 0.19272357 0.0446606538
v -0.392191578 0.210655932 0.0854222557
v -0.396086988 0.208987424 0.0615199262
v -0.375161145 0.196088506 0.0762615472
v -0.392437393 0.241759732 -0.00160235011
v -0.382828755 0.245449993 -0.00273188555
v -0.38741184 0.218208221 -0.0355521431
v -0.378425934 0.218721094 -0.03874956
v -0.37433812 0.206480717 -0.0574327195
v -0.374530524 0.248723279 -0.010745457
v -0.36263793 0.129374901 -0.00792556355
v -0.362594836 0.120821144 0.036812173
v -0.37841683 0.130551172 0.00334369196
v -0.377276369 0.12444464 0.0434164047
v -0.374739315 0.12133341 0.0764260309
v -0.359336724 0.117776072 0.0714496413
v -0.377221743 0.270421163 0.0232680659
v -0.368661309 0.277083662 0.0235017419
v -0.367612498 0.28993099 0.0517965744
v -0.361958145 0.29090636 0.0473421624
v -0.379431651 0.285871703 0.052972845
v -0.389455444 0.265826546 0.025499824
v -0.413559281 0.246379235 0.0103114872
v -0.402583183 0.245178686 0.00529564573
v -0.413805096 0.221202916 -0.0226107382
v -0.40168793 0.219991442 -0.0296489397
v -0.380670438 0.185556088 -0.0659312446
v -0.397547919 0.185982168 -0.0611472584
v -0.384823802 0.202245414 -0.0569841829
v -0.401016036 0.202536751 -0.0502239648
v -0.415004431 0.184109725 -0.0493080761
v -0.416018039 0.20202934 -0.0407646366
v -0.403132473 0.169126537 -0.0562528071
v -0.38447784 0.164629032 -0.0608152563
v -0.393983297 0.132532866 0.0120170189
v -0.39557715 0.140174984 -0.0250670681
v -0.382752886 0.142640418 -0.0384303038
v -0.411272897 0.146597737 -0.0181162675
v -0.408087619 0.13468997 0.0205695626
v -0.3912854 0.126612668 0.0498610083
v -0.404495078 0.12890937 0.0574333265
v -0.38863606 0.123779422 0.0806206679
v -0.402836888 0.12556932 0.0848098423
v -0.391426213 0.28219783 0.056266767
v -0.401482174 0.265980104 0.0309453866
v -0.405657995 0.277666942 0.0583121912
v -0.412531106 0.263952282 0.0321550395
v -0.423790044 0.188068258 -0.0355424319
v -0.422967018 0.17777073 -0.0377590163
v -0.418165431 0.167402797 -0.0438042462
v -0.463443353 0.14457477 0.0329319365
v -0.472071766 0.134886622 0.0635167943
v -0.469209993 0.153694206 0.0394214545
v -0.476449095 0.148051991 0.0659791937
v -0.458239357 0.129701441 0.0546917297
v -0.456092572 0.135627709 0.0356128382
v -0.475505893 0.140067554 0.0861961179
v -0.46980177 0.12639538 0.0872916641
v -0.470871824 0.135274463 0.105035264
v -0.466109688 0.12432325 0.103233834
v -0.455453453 0.119613919 0.0999860401
v -0.45711407 0.122553988 0.0786280484
v -0.487596353 0.311361816 0.0838927397
v -0.489267896 0.295401437 0.049975115
v -0.499025237 0.301503721 0.0830223722
v -0.499044052 0.284697253 0.0498773959
v -0.486046808 0.272978247 0.0257061873
v -0.494232147 0.25982016 0.0253037789
v -0.400064337 0.180500188 0.0261826436
v -0.396100341 0.19177612 0.0337221865
v -0.414847837 0.186697156 0.0168847643
v -0.416176453 0.199164532 0.0333470909
v -0.418615181 0.178014725 -0.00247150366
v -0.415100329 0.177309448 0.00979557897
v -0.393436434 0.175748977 0.0380266816
v -0.409309411 0.174150269 0.0331807864
v -0.402608675 0.168520193 0.0682740747
v -0.38820816 0.171956749 0.065124
v -0.404617682 0.170893371 0.0519780527
v -0.388385996 0.173706588 0.0507562607
v -0.386725986 0.170487321 0.0811948433
v -0.401289164 0.166855934 0.0852474538
v -0.424320519 0.224403974 -0.0149431287
v -0.42417303 0.249080773 0.015716991
v -0.433266366 0.255392454 0.0205307178
v -0.436401874 0.231027628 -0.00765061484
v -0.425660059 0.183747982 -0.00366719674
v -0.428577065 0.193000947 0.0163761396
v -0.4390063 0.190004431 0.000389662414
v -0.44153425 0.198252892 0.0182188422
v -0.43177084 0.205044672 0.0340062395
v -0.444428799 0.211048629 0.0352626276
v -0.425777201 0.184466005 -0.0209822892
v -0.436452858 0.188746829 -0.0152053315
v -0.421461173 0.174970259 -0.0154444701
v -0.421792568 0.178496037 -0.0214441787
v -0.429345464 0.191539409 -0.0281006082
v -0.43973282 0.196697884 -0.0229615557
v -0.433290038 0.219059773 0.0501250319
v -0.41716821 0.211902002 0.048223455
v -0.445401134 0.225643368 0.051541655
v -0.43099637 0.225210005 0.0699571493
v -0.442149091 0.230914129 0.0726520108
v -0.416286311 0.218426723 0.0662274366
v -0.457586885 0.25307633 0.00861748747
v -0.465683002 0.267592165 0.019911021
v -0.448472912 0.271993773 0.0316021073
v -0.454211632 0.281449459 0.0386949344
v -0.458643586 0.290055415 0.0457337428
v -0.471359813 0.283870586 0.034715158
v -0.478366453 0.226650299 0.0229069302
v -0.475538669 0.229211632 0.0338223334
v -0.487868267 0.242848602 0.0364601415
v -0.484543998 0.244079498 0.0454150937
v -0.47366926 0.235732711 0.0455407325
v -0.480820962 0.245439675 0.0518730502
v -0.464207504 0.225691317 0.0404799767
v -0.464469707 0.216466272 0.0264800495
v -0.465408053 0.211137244 0.0135368237
v -0.464844803 0.208918839 0.00107126816
v -0.479449253 0.225094684 0.0112376941
v -0.469084961 0.218715631 -0.00398038335
v -0.48351643 0.236485937 0.00737445223
v -0.492285655 0.247841379 0.0292932665
v -0.443695602 0.28292435 0.0494148994
v -0.449188507 0.289968621 0.0538960172
v -0.439441484 0.286702618 0.0717652557
v -0.445078843 0.293096845 0.0746737639
v -0.455532357 0.296447213 0.0580603066
v -0.453758239 0.300609075 0.0771750082
v -0.472218648 0.246876935 0.0597876886
v -0.463033661 0.238746222 0.0559948531
v -0.480441617 0.254114216 0.0643865548
v -0.469728329 0.252036016 0.0808701247
v -0.480273492 0.260806456 0.0841767926
v -0.45983321 0.243446449 0.0775901625
v -0.471817453 0.300609682 0.0559596499
v -0.469128661 0.310928453 0.0822636837
v -0.487491351 0.25757687 0.0628018063
v -0.489306741 0.268696209 0.0859836852
v -0.493627624 0.261963911 0.0574126901
v -0.495889729 0.277867843 0.0856359024
v -0.421238422 0.13562346 0.0283276078
v -0.425006373 0.147440792 -0.0052689399
v -0.437609706 0.145372911 0.00570655143
v -0.433007805 0.13434947 0.0362252516
v -0.425023368 0.162195159 -0.0220608407
v -0.436598526 0.159994355 -0.00880442831
v -0.428531543 0.170161995 -0.0171154056
v -0.440559487 0.167988504 -0.00354277182
v -0.425764455 0.1741181 0.0165776472
v -0.422889936 0.171621105 0.0390663883
v -0.435464135 0.166111206 0.059672368
v -0.420175652 0.168653115 0.0563177509
v -0.436928708 0.16902639 0.0426128018
v -0.417304167 0.12923591 0.0616862307
v -0.428846551 0.127958278 0.0660040787
v -0.415094866 0.124686206 0.0883611114
v -0.426101919 0.123783671 0.0915184695
v -0.417316306 0.165954005 0.0715704245
v -0.416103012 0.163814504 0.0892533291
v -0.433012661 0.163944391 0.0756521686
v -0.432094344 0.161845555 0.0939681229
v -0.444087692 0.130854647 0.0455880746
v -0.449063475 0.140916071 0.0212129305
v -0.450610593 0.154653188 0.00840991029
v -0.45544617 0.162697714 0.0143118999
v -0.454337877 0.163372644 0.0635095109
v -0.451457289 0.165661455 0.0469100135
v -0.438995982 0.120588682 0.0952038748
v -0.440828366 0.125074048 0.0713434249
v -0.453145219 0.160614659 0.0812682844
v -0.452586217 0.157683694 0.100153559
v -0.421320361 0.266324245 0.0384224135
v -0.430257711 0.270365931 0.0417685332
v -0.417561514 0.276070661 0.0612024909
v -0.426399325 0.277872698 0.0665400163
v -0.451169594 0.236516891 0.0749717768
v -0.454581872 0.231655216 0.0532896733
v -0.454822831 0.217715376 0.0371957659
v -0.46714636 0.233757086 -0.00430752983
v -0.454069605 0.219819675 -0.0139204166
v -0.454411318 0.204929351 -0.01443329
v -0.439540417 0.210741512 -0.0229202831
v -0.447877493 0.240788611 -0.000222143993
v -0.44148448 0.263201483 0.0255866179
v -0.452038748 0.197802535 0.00591716335
v -0.453238083 0.206054031 0.0215789218
v -0.477901528 0.251568057 0.00792556355
v -0.426481263 0.204429223 -0.0313192683
v -0.370525255 0.184311839 -0.0690916374
v -0.402900618 0.156424271 -0.0478495733
v -0.354337877 0.298159422 0.072798286
v -0.359049636 0.297245354 0.0795148035
v -0.368644922 0.294620292 0.0789679409
v -0.381171779 0.290576178 0.0823310552
v -0.394675828 0.285825574 0.0861026475
v -0.409337938 0.281318965 0.0902766482
v -0.421750082 0.280691985 0.0939644812
v -0.434007453 0.281347491 0.0691140946
v -0.428718484 0.283488207 0.096064531
v -0.434010488 0.288519829 0.0977275762
v -0.43986028 0.294943796 0.0995854526
v -0.450109858 0.304768509 0.102807754
v -0.46911895 0.315930941 0.108618701
v -0.484540963 0.316670814 0.113136236
v -0.5 0.289404156 0.0841852899
v -0.495906117 0.297883866 0.11601379
v -0.493285303 0.30947784 0.115521553
v -0.493004892 0.285735139 0.114881827
v -0.486704136 0.275032775 0.112792095
v -0.477483339 0.265321563 0.109873876
v -0.466317872 0.254907501 0.106369949
v -0.455683487 0.244896454 0.103032326
v -0.446912441 0.237484978 0.100296799
v -0.438301023 0.232196009 0.0976595977
v -0.427480304 0.227048459 0.0943796356
v -0.413677636 0.220597786 0.0902056349
v -0.470869396 0.151282184 0.0856061618
v -0.471107928 0.156347188 0.0684033552
v -0.468565411 0.147133675 0.104689909
v -0.42896005 0.173802486 -0.00461828864
v -0.422346108 0.171567086 -0.0307493415
v -0.441326066 0.171406851 0.00715230823
v -0.438680368 0.171361937 0.0236941454
v -0.455126913 0.16661983 0.0224474684
v -0.450404836 0.167887144 0.0318285
v -0.450428507 0.195853009 -0.00853312131
v -0.466407701 0.160410117 0.0454733609
v -0.498758179 0.272612256 0.0539457872
v -0.396273322 0.20286147 0.0462150548
v -0.43791743 0.276205404 0.0451504631
v -0.349393656 0.308670596 0.0736024958
v -0.360261717 0.297591923 0.0397212882
v -0.367941466 0.276962272 0.00573993372
v -0.372667185 0.253677818 -0.0174947499
v -0.371421722 0.221159822 -0.0541005596
v -0.368169679 0.191156423 -0.0742027701
v -0.366031998 0.165094563 -0.0699510798
v -0.36258816 0.142012831 -0.0502239648
v -0.369197854 0.165977069 -0.0633917625
v -0.365432938 0.145258197 -0.0430437369
v -0.350279804 0.108160757 0.068973282
v -0.356715304 0.111423724 0.0243575426
v -0.335632868 0.0865375278 0.0691608298
v -0.358995011 0.122623788 -0.0163646075
v -0.416536982 0.159859612 -0.0353336409
v -0.402005972 0.149290171 -0.0390281504
v 0.152416878 0.24723807 -0.0600589956
v 0.153886306 0.220021183 -0.0668896199
v 0.155499581 0.242583365 -0.0482926474
v 0.155559062 0.217297794 -0.0604310565
v 0.158037243 0.235360043 -0.0376612972
v 0.156918632 0.21316628 -0.0546298207
v 0.159907258 0.225906178 -0.0287014895
v 0.157931026 0.207827541 -0.0497796769
v 0.161016764 0.214664235 -0.0218308064
v 0.158480924 0.201521929 -0.0461082315
v 0.161302031 0.202159227 -0.0173727528
v 0.158553151 0.194551099 -0.0437908933
v 0.160736353 0.188982933 -0.0155482587
v 0.158153777 0.187251302 -0.0429399483
v 0.159409558 0.177612923 -0.0212566309
v 0.15714988 0.181766894 -0.0462963862
v 0.156534432 0.175491023 -0.0447723328
v 0.157544398 0.165147368 -0.0192670462
v 0.154780345 0.166742434 -0.0469227594
v 0.154231054 0.149826109 -0.0213986574
v 0.150666432 0.141525449 -0.0358580463
v 0.152302771 0.161237391 -0.0548968791
v 0.146336445 0.133553151 -0.0492146057
v 0.149888928 0.157233336 -0.0621705775
v 0.144133214 0.133473033 -0.0597919373
v 0.148135447 0.155922929 -0.0677757681
v 0.147154008 0.276841489 -0.0514129815
v 0.151746197 0.270056993 -0.0339309776
v 0.155535391 0.259454776 -0.0181162675
v 0.158334648 0.245533753 -0.00475728037
v 0.160009833 0.228942145 0.00552021753
v 0.160484468 0.210455031 0.012237949
v 0.15973367 0.190938528 0.0150778718
v 0.158517948 0.173037121 0.00907573532
v 0.155047403 0.154454108 0.00946539773
v 0.150842448 0.136830078 0.00428143095
v 0.145199626 0.120451511 -0.0111861033
v 0.138736207 0.108270008 -0.0341871108
v 0.135770645 0.107757742 -0.0514694279
v 0.136698066 0.307870635 -0.0435007708
v 0.144160526 0.296623836 -0.0190570412
v 0.149144806 0.282799318 0.00170978041
v 0.152833246 0.26461143 0.019269474
v 0.155052865 0.242913546 0.032802656
v 0.155697447 0.218715631 0.0416762767
v 0.154739679 0.193150864 0.0454770026
v 0.153613785 0.168989366 0.0392624334
v 0.147432598 0.141779762 0.0390688161
v 0.143575426 0.120961349 0.0224759951
v 0.134172544 0.0985648648 0.0116176453
v 0.127408684 0.0850972335 -0.0181089841
v 0.121452676 0.0794714065 -0.0412004273
v 0.122860195 0.337141444 -0.0310789157
v 0.132878525 0.321897874 -0.00388873378
v 0.13898445 0.305055597 0.0215249032
v 0.143508661 0.282867296 0.043030384
v 0.146238726 0.256377536 0.059622598
v 0.14704597 0.226820852 0.0705234344
v 0.145892764 0.19557806 0.0752273031
v 0.144831814 0.165528533 0.0688634239
v 0.135955158 0.133561648 0.0700524405
v 0.131478289 0.106532915 0.0475606647
v 0.119911021 0.0798392187 0.0280247393
v 0.112325957 0.0645167458 -0.00145971668
v 0.106891319 0.057444555 -0.0268466478
v 0.106271016 0.362153886 -0.0204081137
v 0.118064677 0.34551433 0.011349373
v 0.125204846 0.325896466 0.0410395853
v 0.130498064 0.3000349 0.0661770597
v 0.133698515 0.269140497 0.0855855254
v 0.134654463 0.234656587 0.0983575911
v 0.13332342 0.198194018 0.10389541
v 0.132335911 0.1626965 0.0974623387
v 0.121483631 0.125962017 0.096928222
v 0.115961592 0.0946706685 0.0751332257
v 0.108813533 0.0714681533 0.0510227121
v 0.0927760716 0.0451695821 0.0201355928
v 0.0860771556 0.0338778694 -0.0193046772
v 0.0865372243 0.384922432 -0.00942412508
v 0.0999338424 0.367129669 0.026436956
v 0.108002039 0.345023914 0.0599715947
v 0.113989002 0.315862963 0.0883744644
v 0.117613712 0.281014275 0.110315736
v 0.11870501 0.242105694 0.124771483
v 0.117214946 0.200955037 0.131063742
v 0.116333046 0.160516333 0.12467862
v 0.105912915 0.124008849 0.122686
v 0.0972626519 0.086090205 0.102809575
v 0.086441933 0.0524796975 0.0698017699
v 0.0769504364 0.0274763593 -0.0401546511
v 0.0639477294 0.405115685 0.00171220821
v 0.0787518664 0.386425849 0.041154299
v 0.0876315566 0.3621551 0.0780453756
v 0.0942236492 0.330120844 0.1092997
v 0.0982185994 0.291825283 0.133455128
v 0.0994300732 0.249060744 0.149382731
v 0.0978022312 0.203822273 0.15633778
v 0.0970526469 0.159020806 0.150116535
v 0.0843412763 0.112120504 0.14305102
v 0.073735418 0.0714032096 0.122740019
v 0.0649722623 0.0444697678 0.098803093
v 0.0388308914 0.422438061 0.0128376164
v 0.0548282936 0.403129135 0.0552859345
v 0.0643895896 0.377041782 0.0949950837
v 0.071490307 0.342602787 0.128645043
v 0.0757972299 0.301419961 0.154662596
v 0.0771112784 0.255420374 0.171829592
v 0.0753711504 0.206754452 0.179345464
v 0.0747532745 0.158249979 0.173367606
v 0.0590769492 0.110757899 0.168050717
v 0.0528696634 0.0699659501 0.143850374
v 0.0447419852 0.0420443924 0.121239636
v 0.0115520946 0.436636461 0.0237924714
v 0.0285090861 0.416985822 0.0686273201
v 0.0386123891 0.3894691 0.110574904
v 0.0461203705 0.353126707 0.146130082
v 0.0506773571 0.309657498 0.173627988
v 0.0520733439 0.261095364 0.191786135
v 0.0502446012 0.209707875 0.199752364
v 0.0497614683 0.158214169 0.194092548
v 0.0357299797 0.113410274 0.188129256
v 0.0282444555 0.0725236407 0.166708749
v 0.0163372947 0.0387504704 0.142147271
v -0.0213907671 0.448049564 0.0356195147
v -0.00241020163 0.428146433 0.0818321417
v 0.00809429588 0.399577259 0.125431845
v 0.015901504 0.361835237 0.162391508
v 0.0206454315 0.316681739 0.190987388
v 0.0221033273 0.266233203 0.20987691
v 0.0245408417 0.21798547 0.216167955
v 0.0179402518 0.163120759 0.214722806
v 0.00668981172 0.108208706 0.202208694
v -0.00582490683 0.0648954831 0.180657085
v -0.0197343983 0.0360689617 0.160547591
v -0.0644430013 0.457681266 0.0440124304
v -0.0474362398 0.440991333 0.0889984098
v -0.0362586339 0.413493427 0.134589519
v -0.0324378786 0.373087498 0.178000461
v -0.0241894172 0.324655252 0.208156205
v -0.0216390099 0.272524248 0.227643574
v -0.0145291883 0.216278724 0.233802304
v -0.0274821253 0.16195602 0.233880601
v -0.036097185 0.109508795 0.220112529
v -0.0478750652 0.0658137996 0.197424101
v -0.0605305964 0.0374740529 0.175208488
v -0.102932179 0.458574697 0.0606774785
v -0.0899762075 0.440170128 0.109806504
v -0.0810133651 0.410842266 0.155353913
v -0.0904957574 0.37899495 0.193488632
v -0.0800725913 0.336279574 0.219182073
v -0.0757292514 0.285940288 0.237247357
v -0.0669673096 0.220683366 0.248421928
v -0.0761917479 0.158788951 0.246486969
v -0.0848838903 0.105890761 0.230231005
v -0.0906996929 0.0657324682 0.205844936
v -0.106237026 0.040865087 0.183381687
v -0.137223686 0.455977555 0.06960269
v -0.125290426 0.437064968 0.120054868
v -0.123163063 0.408975285 0.167995484
v -0.110837107 0.250166608 0.250325933
v -0.122519696 0.193982993 0.256765074
v -0.135121815 0.128841392 0.246073028
v -0.134040836 0.0771558892 0.215611988
v -0.154460481 0.0466050207 0.184488765
v -0.17019993 0.4473716 0.0823790044
v -0.159342187 0.425974156 0.141777638
v -0.204605543 0.437722296 0.0841415895
v -0.19209568 0.42546371 0.130697751
v -0.178235958 0.133029352 0.248685345
v -0.174606392 0.182358672 0.256526542
v -0.183319171 0.090124607 0.222607096
v -0.207342891 0.050944112 0.175728037
v -0.232488256 0.425952306 0.0838405419
v -0.222894184 0.416801916 0.122279343
v -0.211109021 0.14364917 0.24274451
v -0.208226004 0.191101191 0.252042996
v -0.224021899 0.097094223 0.21560167
v -0.243251921 0.0671120674 0.178640794
v -0.256176938 0.409502725 0.0914116462
v -0.250944415 0.398225579 0.127102174
v -0.244674614 0.148303269 0.224770269
v -0.236738125 0.191567936 0.237016108
v -0.255031015 0.109957331 0.203115478
v -0.273870161 0.0799891356 0.166019252
v -0.282406317 0.387416393 0.0943577854
v -0.27729215 0.373886852 0.129233178
v -0.272283592 0.155919895 0.204626179
v -0.268606077 0.190306692 0.212630039
v -0.281819396 0.127089125 0.186048022
v -0.300748977 0.100433059 0.155522038
v -0.298011022 0.0663212105 0.116719674
v -0.32008036 0.0906520472 0.119741075
v -0.26249651 0.0426477015 0.116405273
v -0.306884643 0.357203596 0.0987332937
v -0.301195086 0.3471883 0.124561478
v -0.321394409 0.333205975 0.102802899
v -0.332284927 0.31224068 0.106953228
v -0.195917649 0.308002343 0.210306632
v -0.191949405 0.318529298 0.206013062
v -0.207871545 0.317099928 0.206891319
v -0.202890907 0.325374489 0.203094235
v -0.183400503 0.314192634 0.206981148
v -0.186765438 0.301294323 0.211646779
v -0.190998313 0.328306061 0.200910426
v -0.184295148 0.326424514 0.200957768
v -0.199183044 0.332284624 0.199232207
v -0.209152211 0.288623011 0.214529188
v -0.201971983 0.297796465 0.21329465
v -0.221249348 0.299041928 0.21162857
v -0.213833016 0.308229949 0.209885408
v -0.193259811 0.289373809 0.214382306
v -0.20176562 0.279657133 0.215075444
v -0.223556974 0.275235497 0.21189745
v -0.216593428 0.280975431 0.213875502
v -0.230243751 0.28201453 0.211270469
v -0.225771738 0.289501875 0.212402433
v -0.21124255 0.272675985 0.213854866
v -0.220541036 0.26815056 0.211156363
v -0.229345464 0.271803797 0.209398026
v -0.231648236 0.2766242 0.210122725
v -0.236509912 0.272836827 0.206538681
v -0.236193083 0.277690613 0.208510057
v -0.229307226 0.26644078 0.207867296
v -0.237938674 0.267379733 0.203934862
v -0.24598502 0.285818291 0.202813217
v -0.250846089 0.282301011 0.197944258
v -0.2425952 0.278153109 0.204338484
v -0.245232401 0.273673206 0.200870974
v -0.23924908 0.281521079 0.207590527
v -0.238376285 0.287722296 0.208065162
v -0.246744316 0.295437854 0.201057308
v -0.236441326 0.296230532 0.207640297
v -0.244809964 0.30593871 0.198702339
v -0.23440622 0.305400345 0.205573022
v -0.253090593 0.305036174 0.191556707
v -0.253763095 0.293139939 0.194901006
v -0.240115806 0.316387368 0.196077277
v -0.228416223 0.313272497 0.20418614
v -0.233095813 0.326011787 0.193563287
v -0.222026245 0.321987096 0.201565933
v -0.240796198 0.327827177 0.185937557
v -0.248630719 0.316936052 0.188361111
v -0.22472839 0.333939778 0.191310892
v -0.215379526 0.329576409 0.198549388
v -0.216012576 0.339517656 0.189662414
v -0.20893553 0.335869275 0.195497032
v -0.219690698 0.342233761 0.184060258
v -0.230704427 0.336508394 0.184441423
v -0.207541971 0.341997657 0.189507035
v -0.205849185 0.340176805 0.192597021
v -0.199927773 0.340536727 0.192152126
v -0.201785042 0.33840026 0.194757159
v -0.198336348 0.342104481 0.189406888
v -0.208625378 0.344353233 0.185435002
v -0.193651902 0.335997949 0.19581386
v -0.197452021 0.336511429 0.196377111
v -0.189475473 0.336226769 0.19459571
v -0.169819978 0.299623387 0.226803554
v -0.178963692 0.298921752 0.221763435
v -0.179865621 0.280911094 0.229665934
v -0.187442188 0.283208403 0.224113548
v -0.202449653 0.273051688 0.220069435
v -0.197329416 0.272787057 0.224397601
v -0.192641935 0.282849088 0.219829083
v -0.196119764 0.371526421 0.195114653
v -0.198029838 0.359161012 0.195646949
v -0.17983406 0.361708384 0.205861324
v -0.185810704 0.349156642 0.20380983
v -0.181520776 0.32922195 0.206603018
v -0.17725634 0.335284174 0.211092633
v -0.188744704 0.341146105 0.199771786
v -0.168981779 0.343275289 0.215389844
v -0.165473604 0.321683014 0.221947948
v -0.174854028 0.317297187 0.217190061
v -0.18464111 0.296036915 0.217915367
v -0.180095655 0.312822139 0.212860074
v -0.208368638 0.256454618 0.231001833
v -0.19423154 0.266726654 0.230460433
v -0.209045995 0.263655483 0.224566334
v -0.22362556 0.262574503 0.215284842
v -0.222408017 0.258652994 0.220579274
v -0.212977215 0.266459595 0.218601828
v -0.221883611 0.252474235 0.226113451
v -0.236551184 0.251347127 0.218351157
v -0.233782275 0.258033297 0.214755581
v -0.232999308 0.261966945 0.210814042
v -0.241991891 0.263524381 0.206800277
v -0.245327086 0.259207747 0.209507884
v -0.251097367 0.269323796 0.201898542
v -0.258627199 0.279124231 0.197292392
v -0.256310467 0.266366125 0.203549448
v -0.265034171 0.278162214 0.197680234
v -0.26328676 0.264042717 0.20351121
v -0.251716457 0.254560325 0.210375824
v -0.277175615 0.292920829 0.188626956
v -0.272656259 0.276238787 0.196414135
v -0.269623326 0.292509317 0.191812234
v -0.263235169 0.291870198 0.192749973
v -0.263504048 0.30598848 0.188274924
v -0.269283434 0.307992632 0.186327826
v -0.269275544 0.327787725 0.1776284
v -0.275867636 0.310513298 0.182232729
v -0.263751684 0.32345531 0.181889195
v -0.25865087 0.319967771 0.184299397
v -0.250872188 0.33187736 0.182053072
v -0.253343085 0.337631253 0.179523301
v -0.242887144 0.358129196 0.176044866
v -0.257665182 0.3441408 0.175374792
v -0.239897304 0.349176064 0.179440756
v -0.239167749 0.340969483 0.181170565
v -0.226449702 0.347862016 0.182265505
v -0.226060647 0.356973561 0.18210527
v -0.211430097 0.37209574 0.186756334
v -0.227394117 0.368007927 0.179909929
v -0.21236116 0.359987679 0.187443402
v -0.214023598 0.350750495 0.185652897
v -0.200567499 0.349285315 0.192357882
v -0.220187791 0.264014191 0.211851928
v -0.209949138 0.268234319 0.214819311
v -0.199681958 0.275083152 0.21624261
v -0.183353767 0.298138178 0.213266124
v -0.179911142 0.310967904 0.208842666
v -0.180814285 0.324058012 0.203264788
v -0.190395004 0.285163391 0.215781328
v -0.238593574 0.263869736 0.204199493
v -0.230007648 0.262671008 0.208037243
v -0.186410979 0.33566716 0.196290924
v -0.197106059 0.343422778 0.189037862
v -0.25336797 0.277616565 0.196298207
v -0.246326734 0.268951735 0.200151738
v -0.209684507 0.346302152 0.183932191
v -0.221860547 0.34423852 0.181417594
v -0.258823244 0.30192191 0.188514063
v -0.258019034 0.288996285 0.192481093
v -0.234037801 0.338309217 0.180783331
v -0.246355867 0.328474793 0.181891016
v -0.25502798 0.315074534 0.184774032
v -0.28166523 0.274956906 0.19102077
v -0.270947086 0.257149577 0.202198983
v -0.253565229 0.24401941 0.214092791
v -0.283997135 0.314701259 0.173587322
v -0.286397019 0.292937824 0.181188167
v -0.179636801 0.259122774 0.241293291
v -0.160933612 0.276981087 0.238263999
v -0.147893274 0.300706187 0.234380728
v -0.227205963 0.385514209 0.171084257
v -0.246730356 0.372722721 0.167268357
v -0.263551391 0.355129645 0.166481142
v -0.147423494 0.359049333 0.215584069
v -0.163816021 0.380052865 0.201948312
v -0.184447493 0.388080397 0.190645674
v -0.143132352 0.32921588 0.227453599
v -0.218637031 0.242211304 0.235360954
v -0.199549643 0.248033783 0.241060829
v -0.23624346 0.240523374 0.225543524
v -0.276233628 0.335327875 0.1685557
v -0.206140521 0.391117579 0.179225895
v -0.291170687 0.265659027 0.183365906
v -0.279280521 0.240164666 0.199136916
v -0.257708275 0.223650748 0.218289248
v -0.298617973 0.290443256 0.167083237
v -0.294735309 0.318099576 0.157855764
v -0.156836694 0.241133359 0.250329574
v -0.135366416 0.270968633 0.246090023
v -0.115003824 0.299265286 0.238297382
v -0.248976074 0.387220954 0.150072227
v -0.221118853 0.404331504 0.151947098
v -0.267294456 0.368280448 0.152444191
v -0.135519368 0.388697666 0.194823924
v -0.11372073 0.365536423 0.210953034
v -0.16268952 0.404993081 0.177459668
v -0.114211753 0.33862119 0.226006021
v -0.213813593 0.22293576 0.244677041
v -0.1888928 0.227900618 0.2503842
v -0.233792593 0.22482095 0.233361051
v -0.284585877 0.346002319 0.15085398
v -0.191085107 0.410246847 0.163150196
v -0.308249068 0.251370191 0.169155974
v -0.287486495 0.213433339 0.197876279
v -0.30959043 0.322347018 0.133444203
v -0.318136297 0.291526663 0.141222278
v -0.36079462 0.179900521 0.121226283
v -0.357572925 0.180156654 0.114078224
v -0.356900424 0.178650202 0.116501171
v -0.361615217 0.177067881 0.114126173
v -0.365227789 0.184791937 0.0928228068
v -0.368454339 0.176967734 0.0907276126
v -0.361008267 0.183531907 0.106354775
v -0.366044137 0.176588997 0.103358866
v -0.370985324 0.197676896 0.100047342
v -0.36493888 0.192725998 0.11236116
v -0.385263842 0.210009529 0.107593561
v -0.315446291 0.210669892 0.178816203
v -0.338991733 0.236713544 0.151446971
v -0.324781801 0.210663215 0.180834922
v -0.347651707 0.234039925 0.155275616
v -0.32918705 0.241991588 0.152178953
v -0.302463006 0.202107637 0.190562522
v -0.359087874 0.122984923 0.105721725
v -0.343352068 0.119096797 0.103279355
v -0.338440622 0.127289418 0.140503648
v -0.319633038 0.125273128 0.141714515
v -0.347347018 0.263639095 0.128676604
v -0.339936756 0.270398706 0.124673157
v -0.347660205 0.289444215 0.0992910815
v -0.353564622 0.286176999 0.103518494
v -0.36424817 0.28351552 0.105931123
v -0.359023538 0.259859612 0.132550164
v -0.339883344 0.21310073 0.183690018
v -0.35955462 0.238785674 0.155272582
v -0.353620462 0.215600153 0.18479042
v -0.371124316 0.241249894 0.157366562
v -0.302603212 0.181212141 0.202675439
v -0.310451086 0.195734653 0.197650493
v -0.318974496 0.179609791 0.207254883
v -0.327890603 0.196174693 0.200616662
v -0.34565666 0.196030238 0.200719844
v -0.34032399 0.177870877 0.206623047
v -0.32646002 0.162986016 0.205344809
v -0.306241275 0.160282657 0.198622829
v -0.35614477 0.129495078 0.14163986
v -0.337427621 0.135520885 0.17402554
v -0.319241554 0.137636109 0.178245062
v -0.372607703 0.131844584 0.142116316
v -0.354340912 0.142026791 0.176916447
v -0.374293813 0.125250064 0.108066983
v -0.389473652 0.127703359 0.108896685
v -0.3762312 0.28011174 0.109124898
v -0.389401425 0.275325933 0.114603843
v -0.371868437 0.261245281 0.13434856
v -0.381670086 0.259708482 0.139218126
v -0.35508382 0.18245457 0.20001396
v -0.353286639 0.172142476 0.201043348
v -0.346076063 0.161573034 0.203101519
v -0.454262009 0.145483376 0.141102708
v -0.449613979 0.132970478 0.140338557
v -0.434006239 0.150215164 0.159504243
v -0.425782056 0.141444725 0.161839182
v -0.433297321 0.127699717 0.140135836
v -0.421154663 0.132822989 0.155301108
v -0.46459656 0.139235424 0.123592785
v -0.460611321 0.125679178 0.118799694
v -0.445314947 0.121608359 0.11904733
v -0.471458746 0.310063548 0.139175639
v -0.480751769 0.3000349 0.145626919
v -0.454832542 0.292631921 0.1679445
v -0.463156873 0.281814237 0.172821957
v -0.446198667 0.255962988 0.189851176
v -0.439348013 0.269227291 0.18568021
v -0.386426759 0.196300938 0.139158038
v -0.369277971 0.189844196 0.128262057
v -0.375255223 0.183497311 0.151456682
v -0.369477658 0.177895155 0.135480523
v -0.360255648 0.185056568 0.116709962
v -0.372429867 0.172815584 0.156727443
v -0.36836269 0.173490513 0.169171148
v -0.370947693 0.174356632 0.122046881
v -0.379988832 0.171605324 0.134350381
v -0.386545722 0.169751089 0.117495357
v -0.375159932 0.172299069 0.109174061
v -0.391798881 0.168264667 0.101036672
v -0.377579237 0.171956142 0.0948670171
v -0.366375533 0.219623023 0.184400757
v -0.382573836 0.244903738 0.159096979
v -0.380155137 0.226462144 0.185193435
v -0.392371842 0.251940118 0.160761238
v -0.373556974 0.179529067 0.174168174
v -0.387048884 0.185763665 0.178169194
v -0.386813994 0.189532223 0.159374355
v -0.399001566 0.194124413 0.164820525
v -0.410738781 0.20766063 0.152678474
v -0.400325933 0.201128018 0.146607752
v -0.376588694 0.183930674 0.189830539
v -0.364548004 0.179534529 0.188753202
v -0.363995072 0.169980517 0.181352651
v -0.360999162 0.173551208 0.186758154
v -0.363687954 0.186290499 0.196959783
v -0.375110769 0.191507848 0.198455917
v -0.395279744 0.211448609 0.128334284
v -0.409209264 0.217699596 0.134996783
v -0.419677952 0.223671992 0.140172253
v -0.428115782 0.229801588 0.120738295
v -0.417369111 0.224249809 0.116843492
v -0.403213198 0.217760898 0.112000631
v -0.419387829 0.278653844 0.157991114
v -0.41913291 0.263855169 0.179374598
v -0.410855315 0.268976013 0.160467474
v -0.406416077 0.248968487 0.183905486
v -0.431672514 0.280684701 0.170666675
v -0.426798092 0.287498938 0.154818582
v -0.431954139 0.222923014 0.181908617
v -0.447047184 0.239574103 0.176305248
v -0.435404047 0.225992972 0.171307008
v -0.449044052 0.241231078 0.167029219
v -0.449360274 0.242911118 0.159649911
v -0.440049042 0.233032994 0.160715716
v -0.429483849 0.222879921 0.159457507
v -0.422288447 0.213033358 0.170995035
v -0.416179487 0.207161109 0.182164751
v -0.409033249 0.204437721 0.192258343
v -0.409768266 0.213953495 0.199213392
v -0.426609937 0.220851491 0.192248024
v -0.427817162 0.232013317 0.198179148
v -0.446852353 0.244193605 0.184929412
v -0.416266281 0.280723546 0.143373311
v -0.424652521 0.285516637 0.122430474
v -0.423218903 0.287885565 0.142859224
v -0.43088894 0.291958812 0.123289916
v -0.439455444 0.299460724 0.126172932
v -0.43072567 0.294455201 0.143041916
v -0.436664077 0.236630998 0.146322485
v -0.446344942 0.244799949 0.148421928
v -0.45566103 0.252124024 0.149283798
v -0.466075699 0.25966903 0.132816616
v -0.455515969 0.250894949 0.129551828
v -0.445519489 0.242299919 0.126622076
v -0.443270736 0.298316015 0.153747314
v -0.455017662 0.309795275 0.130598818
v -0.479810389 0.276575644 0.140722757
v -0.474564513 0.267511441 0.136492917
v -0.462927445 0.259499084 0.162583304
v -0.46070904 0.255428264 0.154557594
v -0.387852487 0.132944986 0.142696561
v -0.372817101 0.143252831 0.173519344
v -0.402037534 0.1318634 0.142319645
v -0.389368043 0.141499351 0.170965902
v -0.386191262 0.162426407 0.181121402
v -0.380475607 0.155338436 0.183246944
v -0.369027908 0.16500959 0.186320543
v -0.363612693 0.157250331 0.18830163
v -0.384834727 0.170062455 0.156341422
v -0.39412593 0.169585392 0.136347856
v -0.401443936 0.167464099 0.119777492
v -0.408480317 0.168095328 0.139982884
v -0.416202552 0.164913085 0.12449532
v -0.402552835 0.128048714 0.112216099
v -0.4146263 0.126817211 0.114720378
v -0.407455784 0.165439311 0.104938759
v -0.422459607 0.162364498 0.109653552
v -0.416456864 0.128636849 0.140240838
v -0.407418153 0.137571165 0.163874895
v -0.401590211 0.150522281 0.176039403
v -0.408610811 0.158256048 0.173800362
v -0.422065089 0.16357233 0.146049357
v -0.433683949 0.1604174 0.131438231
v -0.427638719 0.124012491 0.116532126
v -0.442522973 0.159025055 0.116183129
v -0.410978526 0.276564112 0.119390257
v -0.401043348 0.267855582 0.141928768
v -0.400849124 0.274101713 0.118689836
v -0.392084755 0.263004831 0.139193848
v -0.436893504 0.235371575 0.123869554
v -0.428184367 0.229523604 0.143764794
v -0.419992959 0.214687299 0.156876146
v -0.40776897 0.228988881 0.19909625
v -0.391751539 0.2148184 0.199556319
v -0.391950012 0.19991533 0.199531434
v -0.37481397 0.205561187 0.198922662
v -0.393633693 0.236433132 0.185598271
v -0.401839061 0.260018026 0.161395501
v -0.400986295 0.193600007 0.180819141
v -0.41035276 0.202311572 0.168667986
v -0.423189162 0.247173734 0.195347115
v -0.359473895 0.198988516 0.198622222
v -0.291616189 0.176807499 0.198970611
v -0.331077095 0.150663701 0.197695408
v -0.418712293 0.280118416 0.121508516
v -0.482350478 0.287986319 0.144650336
v -0.460137292 0.150235193 0.122044453
v -0.450842448 0.153537613 0.136507484
v -0.356567208 0.16627751 0.194582964
v -0.375921048 0.168061338 0.176036975
v -0.399752364 0.169137462 0.156918632
v -0.392692919 0.166381299 0.172475388
v -0.413633936 0.163252467 0.165334005
v -0.411582442 0.167244383 0.155739327
v -0.391875357 0.191144284 0.192033164
v -0.436461355 0.156149322 0.152303378
v -0.465253888 0.269919822 0.168722004
v -0.376566843 0.20347449 0.119092851
v -0.409188021 0.273898991 0.143565715
v -0.340720329 0.294310747 0.107657898
v -0.330143605 0.268636728 0.139201738
v -0.320844511 0.239506124 0.162779349
v -0.300987509 0.212010039 0.189840251
v -0.286446182 0.186818546 0.202026609
v -0.301768655 0.140349786 0.172457787
v -0.295367145 0.136544811 0.177084573
v -0.29198218 0.158773777 0.190648102
v -0.286390342 0.159743078 0.195616601
v -0.332386895 0.107954394 0.110755775
v -0.31275932 0.116502082 0.147746999
v -0.349362702 0.154451074 0.194809357
v -0.335235922 0.143927761 0.189623569
v 0.0735357312 -0.124306255 0.274144503
v 0.147761565 0.158528569 -0.0712657352
v 0.14159009 0.131792386 -0.0660696294
v 0.130298984 0.101707049 -0.0603290887
v 0.117172459 0.0777598053 -0.0561908982
v 0.0986580318 0.0515164666 -0.0469294359
v 0.073563044 0.0304686267 -0.0604104201
v 0.12408927 0.0970729798 -0.0727303075
v 0.108329793 0.0712278008 -0.0698424356
v 0.0904811906 0.0496919725 -0.0682236978
v -0.280558152 0.0352344044 -0.0772903288
v 0.103757025 -0.465398038 -0.149845228
v -0.148702339 -0.465508503 -0.105145729
v -0.102827177 -0.465473907 -0.131801794
v -0.0479746052 -0.465453271 -0.148718727
v -0.00430631593 -0.465384685 -0.147978854
v 0.0627423251 -0.465448415 -0.156812416
v 0.0314861797 -0.465454485 -0.158818995
v -0.190396217 -0.46535191 0.0315535513
v 0.14674553 -0.465421102 0.143232499
v 0.108527659 -0.465456306 0.154822224
v 0.178174656 -0.465413212 0.126552884
v 0.204807657 -0.465322776 0.0979958485
v -0.149763896 -0.465410784 0.109414414
v -0.103323663 -0.465416854 0.138447905
v -0.0478319717 -0.465444774 0.160496607
v -0.00234465094 -0.465334915 0.16144163
v 0.0660083274 -0.465452057 0.164720985
v -0.177829908 -0.465435062 0.0735059906
v 0.03491181 -0.465455092 0.167077775
usemtl AgenticSimDefault
f 1 2 3
f 2 4 3
f 4 5 3
f 6 7 3
f 5 8 3
f 8 9 3
f 9 10 3
f 11 12 13
f 13 12 14
f 12 11 15
f 15 11 16
f 17 18 16
f 16 18 15
f 18 17 19
f 19 17 20
f 21 22 23
f 23 22 24
f 22 21 25
f 25 21 26
f 27 11 28
f 28 11 13
f 11 27 16
f 16 27 29
f 27 30 29
f 29 30 31
f 30 27 32
f 32 27 28
f 33 17 29
f 29 17 16
f 17 33 20
f 20 33 34
f 33 35 34
f 34 35 36
f 35 33 31
f 31 33 29
f 37 22 38
f 38 22 25
f 22 37 24
f 24 37 39
f 40 41 42
f 42 41 43
f 41 40 24
f 24 40 23
f 44 30 45
f 45 30 32
f 30 44 31
f 31 44 46
f 44 47 46
f 46 47 48
f 47 44 49
f 49 44 45
f 50 41 39
f 39 41 24
f 41 50 43
f 43 50 51
f 52 53 43
f 43 53 42
f 53 52 54
f 54 52 55
f 56 52 51
f 51 52 43
f 52 56 55
f 55 56 57
f 58 59 60
f 60 59 61
f 61 59 55
f 55 59 54
f 62 61 57
f 57 61 55
f 62 63 61
f 61 63 60
f 64 65 66
f 66 65 67
f 65 58 67
f 67 58 60
f 63 68 60
f 60 68 67
f 68 69 67
f 67 69 66
f 70 71 72
f 72 71 73
f 71 64 73
f 73 64 66
f 69 74 66
f 66 74 73
f 74 75 73
f 73 75 72
f 76 77 78
f 78 77 79
f 78 79 80
f 80 79 81
f 79 82 81
f 81 82 83
f 82 79 84
f 84 79 77
f 85 86 87
f 87 86 88
f 86 85 89
f 89 85 90
f 85 78 90
f 90 78 80
f 78 85 76
f 76 85 87
f 90 91 89
f 89 91 92
f 90 80 91
f 91 80 93
f 94 95 96
f 96 95 97
f 97 95 98
f 98 95 99
f 95 100 99
f 99 100 101
f 95 94 100
f 100 94 102
f 103 104 105
f 105 104 106
f 104 94 106
f 106 94 96
f 94 104 102
f 102 104 107
f 104 103 107
f 107 103 108
f 109 110 108
f 108 110 107
f 110 111 107
f 107 111 102
f 111 110 112
f 112 110 113
f 110 109 113
f 113 109 114
f 115 116 117
f 117 116 118
f 118 116 119
f 119 116 120
f 116 109 120
f 120 109 108
f 116 115 109
f 109 115 114
f 121 35 46
f 46 35 31
f 35 121 36
f 36 121 122
f 121 123 122
f 122 123 124
f 123 121 48
f 48 121 46
f 125 126 127
f 127 126 128
f 126 129 128
f 128 129 130
f 47 131 48
f 48 131 132
f 131 115 132
f 132 115 117
f 115 131 114
f 114 131 133
f 131 47 133
f 133 47 49
f 123 134 124
f 124 134 135
f 134 136 135
f 135 136 137
f 136 134 117
f 117 134 132
f 134 123 132
f 132 123 48
f 138 139 140
f 140 139 141
f 129 138 130
f 130 138 140
f 142 143 144
f 144 143 145
f 146 147 88
f 88 147 87
f 147 148 87
f 87 148 76
f 148 147 149
f 149 147 150
f 147 146 150
f 150 146 151
f 152 153 154
f 154 153 155
f 153 70 155
f 155 70 72
f 156 157 84
f 84 157 82
f 157 158 82
f 82 158 83
f 158 157 152
f 152 157 153
f 157 156 153
f 153 156 70
f 75 159 72
f 72 159 155
f 159 160 155
f 155 160 154
f 161 93 81
f 81 93 80
f 81 83 161
f 161 83 162
f 163 164 101
f 101 164 99
f 164 165 99
f 99 165 98
f 165 164 151
f 151 164 150
f 164 163 150
f 150 163 149
f 136 166 137
f 137 166 167
f 166 168 167
f 167 168 169
f 168 166 119
f 119 166 118
f 166 136 118
f 118 136 117
f 170 171 163
f 163 171 149
f 171 170 112
f 112 170 111
f 170 100 111
f 111 100 102
f 100 170 101
f 101 170 163
f 120 172 119
f 119 172 168
f 168 172 169
f 169 172 173
f 172 103 173
f 173 103 105
f 103 172 108
f 108 172 120
f 160 174 154
f 154 174 175
f 174 176 175
f 175 176 177
f 178 179 180
f 180 179 162
f 179 178 181
f 181 178 182
f 178 183 182
f 182 183 184
f 183 178 152
f 152 178 180
f 184 183 177
f 177 183 175
f 175 183 154
f 154 183 152
f 179 185 162
f 162 185 161
f 185 186 161
f 161 186 93
f 186 185 187
f 187 185 188
f 185 179 188
f 188 179 181
f 189 190 26
f 26 190 25
f 191 192 193
f 193 192 194
f 192 189 194
f 194 189 26
f 195 196 14
f 14 196 13
f 190 197 25
f 25 197 38
f 198 199 194
f 194 199 193
f 199 198 200
f 200 198 201
f 198 21 201
f 201 21 23
f 21 198 26
f 26 198 194
f 196 202 13
f 13 202 28
f 202 203 28
f 28 203 32
f 204 205 206
f 206 205 207
f 205 208 207
f 207 208 209
f 205 210 208
f 208 210 211
f 210 205 212
f 212 205 204
f 208 213 209
f 209 213 214
f 214 213 215
f 215 213 216
f 216 213 217
f 217 213 218
f 213 208 218
f 218 208 211
f 219 220 216
f 216 220 215
f 220 219 221
f 221 219 222
f 222 219 223
f 223 219 224
f 219 216 224
f 224 216 217
f 225 156 226
f 226 156 84
f 156 225 70
f 70 225 71
f 225 227 71
f 71 227 64
f 158 180 83
f 83 180 162
f 180 158 152
f 227 228 64
f 64 228 65
f 228 229 65
f 65 229 58
f 229 230 58
f 58 230 59
f 59 230 54
f 54 230 231
f 232 53 231
f 231 53 54
f 53 232 42
f 42 232 233
f 234 235 201
f 201 235 200
f 234 40 233
f 233 40 42
f 40 234 23
f 23 234 201
f 203 236 32
f 32 236 45
f 236 237 45
f 45 237 49
f 237 238 49
f 49 238 133
f 238 239 133
f 133 239 114
f 240 241 113
f 113 241 112
f 239 240 114
f 114 240 113
f 242 171 241
f 241 171 112
f 171 242 149
f 149 242 142
f 243 244 139
f 139 244 141
f 245 246 243
f 243 246 244
f 144 148 142
f 142 148 149
f 247 77 144
f 77 76 144
f 144 76 148
f 248 249 238
f 238 249 239
f 250 251 252
f 252 251 253
f 254 250 255
f 255 250 252
f 256 248 237
f 237 248 238
f 257 258 240
f 240 258 241
f 259 260 261
f 261 260 262
f 251 259 253
f 253 259 261
f 249 257 239
f 239 257 240
f 234 263 235
f 235 263 264
f 265 266 267
f 267 266 268
f 267 268 269
f 269 268 270
f 263 234 271
f 271 234 233
f 272 256 236
f 236 256 237
f 273 254 274
f 274 254 255
f 232 275 233
f 233 275 271
f 269 270 276
f 276 270 277
f 276 277 278
f 278 277 279
f 275 232 280
f 280 232 231
f 230 281 231
f 231 281 280
f 278 279 282
f 282 279 283
f 284 282 285
f 285 282 283
f 286 281 229
f 229 281 230
f 287 288 225
f 225 288 227
f 289 290 291
f 291 290 292
f 293 289 294
f 294 289 291
f 295 287 226
f 226 287 225
f 296 286 228
f 228 286 229
f 297 284 298
f 298 284 285
f 290 297 292
f 292 297 298
f 288 296 227
f 227 296 228
f 242 299 142
f 142 299 143
f 300 301 302
f 302 301 303
f 302 303 260
f 260 303 262
f 299 242 258
f 258 242 241
f 304 305 300
f 300 305 301
f 306 307 304
f 304 307 305
f 308 309 130
f 130 309 128
f 127 128 310
f 310 128 309
f 311 312 141
f 141 312 140
f 130 140 308
f 308 140 312
f 313 204 314
f 314 204 206
f 204 313 212
f 212 313 315
f 310 316 127
f 127 316 125
f 212 315 210
f 210 315 317
f 210 317 211
f 211 317 318
f 211 318 218
f 218 318 319
f 217 218 320
f 320 218 319
f 321 322 223
f 223 322 222
f 221 222 323
f 323 222 322
f 320 324 217
f 217 324 224
f 223 224 321
f 321 224 324
f 325 244 326
f 326 244 246
f 311 141 325
f 325 141 244
f 326 246 327
f 327 246 245
f 327 245 328
f 328 245 329
f 329 221 328
f 328 221 323
f 243 330 245
f 245 330 329
f 220 330 215
f 215 330 331
f 332 331 138
f 138 331 139
f 332 333 214
f 214 333 209
f 334 333 126
f 126 333 129
f 334 335 207
f 207 335 206
f 335 125 336
f 336 125 316
f 335 336 206
f 206 336 314
f 337 273 338
f 338 273 274
f 339 340 264
f 264 340 235
f 340 341 235
f 235 341 200
f 342 341 202
f 202 341 203
f 199 342 193
f 193 342 343
f 344 343 195
f 195 343 196
f 259 251 312
f 312 251 308
f 260 259 311
f 311 259 312
f 254 273 310
f 310 273 316
f 251 250 308
f 308 250 309
f 250 254 309
f 309 254 310
f 325 302 311
f 311 302 260
f 302 325 300
f 300 325 326
f 273 337 316
f 316 337 336
f 266 265 338
f 338 265 337
f 317 276 318
f 318 276 278
f 276 317 269
f 269 317 315
f 267 313 265
f 265 313 314
f 313 267 315
f 315 267 269
f 282 319 278
f 278 319 318
f 282 284 319
f 319 284 320
f 284 297 320
f 320 297 324
f 297 290 324
f 324 290 321
f 306 293 307
f 307 293 294
f 293 306 323
f 323 306 328
f 290 289 321
f 321 289 322
f 289 293 322
f 322 293 323
f 327 304 326
f 326 304 300
f 37 345 39
f 39 345 346
f 345 37 347
f 347 37 38
f 50 348 51
f 51 348 349
f 348 50 346
f 346 50 39
f 56 350 57
f 57 350 351
f 350 56 349
f 349 56 51
f 352 353 62
f 62 353 63
f 351 352 57
f 57 352 62
f 354 355 68
f 68 355 69
f 353 354 63
f 63 354 68
f 356 357 74
f 74 357 75
f 355 356 69
f 69 356 74
f 358 359 159
f 159 359 160
f 159 75 358
f 358 75 357
f 360 361 174
f 174 361 176
f 174 160 360
f 360 160 359
f 197 362 38
f 38 362 347
f 363 91 186
f 186 91 93
f 91 363 92
f 92 363 364
f 363 365 364
f 364 365 366
f 363 186 365
f 365 186 187
f 367 368 187
f 187 368 365
f 368 369 365
f 365 369 366
f 369 368 370
f 370 368 371
f 368 367 371
f 371 367 372
f 373 374 181
f 181 374 188
f 374 367 188
f 188 367 187
f 367 374 372
f 372 374 375
f 374 373 375
f 375 373 376
f 377 373 182
f 182 373 181
f 373 377 376
f 376 377 378
f 378 377 379
f 379 377 380
f 377 182 380
f 380 182 184
f 379 380 381
f 381 380 382
f 380 184 382
f 382 184 177
f 176 383 177
f 177 383 382
f 382 383 381
f 381 383 384
f 361 385 176
f 176 385 383
f 385 386 383
f 383 386 384
f 144 145 247
f 247 145 387
f 247 226 77
f 77 226 84
f 387 295 247
f 247 295 226
f 343 344 193
f 193 344 191
f 343 342 196
f 196 342 202
f 200 341 199
f 199 341 342
f 341 340 203
f 203 340 236
f 236 340 272
f 272 340 339
f 336 337 314
f 314 337 265
f 335 334 125
f 125 334 126
f 333 334 209
f 209 334 207
f 333 332 129
f 129 332 138
f 215 331 214
f 214 331 332
f 139 331 243
f 243 331 330
f 221 329 220
f 220 329 330
f 328 306 327
f 327 306 304
f 19 20 388
f 388 20 389
f 20 34 389
f 389 34 390
f 34 36 390
f 390 36 391
f 345 392 346
f 346 392 393
f 347 394 345
f 345 394 392
f 348 395 349
f 349 395 396
f 348 346 395
f 395 346 393
f 350 397 351
f 351 397 398
f 349 396 350
f 350 396 397
f 352 399 353
f 353 399 400
f 351 398 352
f 352 398 399
f 354 401 355
f 355 401 402
f 353 400 354
f 354 400 401
f 357 356 403
f 403 356 404
f 355 402 356
f 356 402 404
f 405 406 407
f 407 406 408
f 409 410 405
f 405 410 406
f 411 412 409
f 409 412 410
f 96 97 413
f 413 97 414
f 415 414 416
f 416 414 417
f 105 106 418
f 418 106 419
f 106 96 419
f 419 96 413
f 36 122 391
f 391 122 420
f 421 422 423
f 423 422 424
f 425 426 427
f 427 426 428
f 407 408 425
f 425 408 426
f 358 429 359
f 359 429 430
f 357 403 358
f 358 403 429
f 431 432 417
f 417 432 416
f 427 428 431
f 431 428 432
f 137 167 433
f 433 167 434
f 167 169 434
f 434 169 435
f 169 173 435
f 435 173 436
f 173 105 436
f 436 105 418
f 360 437 361
f 361 437 438
f 359 430 360
f 360 430 437
f 439 440 411
f 411 440 412
f 441 442 439
f 439 442 440
f 362 443 347
f 347 443 394
f 444 445 441
f 441 445 442
f 446 447 444
f 444 447 445
f 386 385 448
f 448 385 449
f 385 361 449
f 449 361 438
f 450 451 452
f 452 451 453
f 454 450 455
f 455 450 452
f 456 454 457
f 457 454 455
f 458 456 459
f 459 456 457
f 460 461 462
f 462 461 463
f 461 464 463
f 463 464 465
f 451 450 466
f 466 450 467
f 450 454 467
f 467 454 468
f 469 470 468
f 468 470 467
f 470 471 467
f 467 471 466
f 454 456 468
f 468 456 472
f 456 458 472
f 472 458 473
f 474 475 473
f 473 475 472
f 475 469 472
f 472 469 468
f 464 461 476
f 476 461 477
f 461 460 477
f 477 460 478
f 479 480 481
f 481 480 482
f 480 460 482
f 482 460 462
f 471 470 483
f 483 470 484
f 470 469 484
f 484 469 485
f 486 487 485
f 485 487 484
f 487 488 484
f 484 488 483
f 460 480 478
f 478 480 489
f 480 479 489
f 489 479 490
f 491 479 492
f 492 479 481
f 493 491 494
f 494 491 492
f 479 491 490
f 490 491 495
f 491 493 495
f 495 493 496
f 497 498 499
f 499 498 500
f 500 493 499
f 499 493 494
f 493 500 496
f 496 500 501
f 498 502 500
f 500 502 501
f 503 504 505
f 505 504 506
f 498 497 506
f 506 497 505
f 502 498 507
f 507 498 506
f 504 508 506
f 506 508 507
f 509 510 511
f 511 510 512
f 504 503 512
f 512 503 511
f 508 504 513
f 513 504 512
f 510 514 512
f 512 514 513
f 515 516 517
f 517 516 518
f 516 519 518
f 518 519 520
f 521 522 520
f 520 522 518
f 522 523 518
f 518 523 517
f 524 525 526
f 526 525 527
f 525 528 527
f 527 528 529
f 519 516 529
f 529 516 527
f 516 515 527
f 527 515 526
f 529 528 530
f 530 528 531
f 529 530 519
f 519 530 532
f 533 534 535
f 535 534 536
f 536 537 535
f 535 537 538
f 539 540 538
f 538 540 535
f 541 533 540
f 540 533 535
f 542 543 544
f 544 543 545
f 534 533 545
f 545 533 544
f 533 541 544
f 544 541 546
f 547 542 546
f 546 542 544
f 548 547 549
f 549 547 546
f 541 550 546
f 546 550 549
f 550 551 549
f 549 551 552
f 553 548 552
f 552 548 549
f 554 555 556
f 556 555 557
f 557 558 556
f 556 558 559
f 547 548 559
f 559 548 556
f 553 554 548
f 548 554 556
f 469 475 485
f 485 475 560
f 475 474 560
f 560 474 561
f 562 563 561
f 561 563 560
f 563 486 560
f 560 486 485
f 564 565 566
f 566 565 567
f 568 569 567
f 567 569 566
f 487 486 570
f 570 486 571
f 555 554 571
f 571 554 570
f 554 553 570
f 570 553 572
f 488 487 572
f 572 487 570
f 563 562 573
f 573 562 574
f 575 576 574
f 574 576 573
f 576 555 573
f 573 555 571
f 486 563 571
f 571 563 573
f 577 578 579
f 579 578 580
f 569 568 580
f 580 568 579
f 581 582 583
f 583 582 584
f 585 524 586
f 586 524 526
f 515 587 526
f 526 587 586
f 587 588 586
f 586 588 589
f 590 585 589
f 589 585 586
f 591 592 593
f 593 592 594
f 510 509 594
f 594 509 593
f 595 523 596
f 596 523 522
f 521 597 522
f 522 597 596
f 597 591 596
f 596 591 593
f 509 595 593
f 593 595 596
f 514 510 598
f 598 510 594
f 592 599 594
f 594 599 598
f 600 520 532
f 532 520 519
f 601 521 600
f 600 521 520
f 602 539 603
f 603 539 538
f 537 604 538
f 538 604 603
f 604 590 603
f 603 590 589
f 588 602 589
f 589 602 603
f 576 575 605
f 605 575 606
f 607 608 606
f 606 608 605
f 608 558 605
f 605 558 557
f 555 576 557
f 557 576 605
f 602 588 609
f 609 588 610
f 551 550 610
f 610 550 609
f 541 540 550
f 550 540 609
f 540 539 609
f 609 539 602
f 558 608 559
f 559 608 611
f 608 607 611
f 611 607 612
f 543 542 612
f 612 542 611
f 542 547 611
f 611 547 559
f 599 592 613
f 613 592 614
f 615 616 614
f 614 616 613
f 601 617 618
f 618 617 619
f 617 620 619
f 619 620 621
f 621 622 619
f 619 622 623
f 623 591 619
f 619 591 618
f 622 615 623
f 623 615 614
f 592 591 614
f 614 591 623
f 617 601 624
f 624 601 600
f 532 625 600
f 600 625 624
f 625 626 624
f 624 626 627
f 620 617 627
f 627 617 624
f 464 628 465
f 465 628 629
f 630 631 632
f 632 631 633
f 465 629 633
f 633 629 632
f 451 634 453
f 453 634 635
f 628 464 636
f 636 464 476
f 631 637 633
f 633 637 638
f 637 639 638
f 638 639 640
f 462 463 640
f 640 463 638
f 463 465 638
f 638 465 633
f 634 451 641
f 641 451 466
f 471 642 466
f 466 642 641
f 643 644 645
f 645 644 646
f 647 648 646
f 646 648 645
f 649 650 648
f 648 650 645
f 650 651 645
f 645 651 643
f 648 647 652
f 652 647 653
f 654 655 653
f 653 655 652
f 655 656 652
f 652 656 657
f 657 649 652
f 652 649 648
f 655 654 658
f 658 654 659
f 659 660 658
f 658 660 661
f 661 662 658
f 658 662 663
f 656 655 663
f 663 655 658
f 523 595 664
f 664 595 665
f 595 509 665
f 665 509 511
f 503 666 511
f 511 666 665
f 521 601 597
f 597 601 618
f 618 591 597
f 666 503 667
f 667 503 505
f 497 668 505
f 505 668 667
f 668 497 669
f 669 497 499
f 499 494 669
f 669 494 670
f 494 492 670
f 670 492 671
f 492 481 671
f 671 481 672
f 639 673 640
f 640 673 674
f 481 482 672
f 672 482 674
f 482 462 674
f 674 462 640
f 642 471 675
f 675 471 483
f 488 676 483
f 483 676 675
f 676 488 677
f 677 488 572
f 553 678 572
f 572 678 677
f 551 679 552
f 552 679 680
f 678 553 680
f 680 553 552
f 551 610 679
f 679 610 681
f 610 588 681
f 681 588 584
f 577 682 578
f 578 682 683
f 684 683 685
f 685 683 682
f 588 587 584
f 584 587 583
f 686 583 517
f 583 587 517
f 587 515 517
f 678 687 677
f 677 687 688
f 689 690 691
f 691 690 692
f 693 694 689
f 689 694 690
f 695 676 688
f 688 676 677
f 679 696 680
f 680 696 697
f 698 699 700
f 700 699 701
f 691 692 698
f 698 692 699
f 687 678 697
f 697 678 680
f 674 673 702
f 702 673 703
f 704 705 706
f 706 705 707
f 705 708 707
f 707 708 709
f 672 674 710
f 710 674 702
f 676 695 675
f 675 695 711
f 712 713 693
f 693 713 694
f 671 672 714
f 714 672 710
f 708 715 709
f 709 715 716
f 715 717 716
f 716 717 718
f 670 671 719
f 719 671 714
f 669 670 720
f 720 670 719
f 717 721 718
f 718 721 722
f 723 724 721
f 721 724 722
f 725 668 720
f 720 668 669
f 666 726 665
f 665 726 727
f 728 729 730
f 730 729 731
f 732 733 728
f 728 733 729
f 734 664 727
f 727 664 665
f 668 725 667
f 667 725 735
f 736 737 723
f 723 737 724
f 730 731 736
f 736 731 737
f 726 666 735
f 735 666 667
f 681 584 738
f 738 584 582
f 739 740 741
f 741 740 742
f 740 700 742
f 742 700 701
f 679 681 696
f 696 681 738
f 743 739 744
f 744 739 741
f 745 743 746
f 746 743 744
f 747 568 748
f 748 568 567
f 748 567 749
f 749 567 565
f 750 577 751
f 751 577 579
f 751 579 747
f 747 579 568
f 752 753 643
f 643 753 644
f 643 651 752
f 752 651 754
f 749 565 755
f 755 565 564
f 756 754 650
f 650 754 651
f 650 649 756
f 756 649 757
f 758 757 657
f 657 757 649
f 758 657 759
f 759 657 656
f 760 662 761
f 761 662 661
f 761 661 762
f 762 661 660
f 759 656 763
f 763 656 663
f 763 663 760
f 760 663 662
f 764 765 682
f 682 765 685
f 682 577 764
f 764 577 750
f 765 766 685
f 685 766 684
f 766 767 684
f 684 767 768
f 762 660 767
f 767 660 768
f 683 684 769
f 769 684 768
f 654 770 659
f 659 770 769
f 578 770 580
f 580 770 771
f 647 772 653
f 653 772 771
f 569 772 566
f 566 772 773
f 644 774 646
f 646 774 773
f 755 564 775
f 775 564 774
f 753 775 644
f 644 775 774
f 713 712 776
f 776 712 777
f 673 778 703
f 703 778 779
f 639 780 673
f 673 780 778
f 642 780 641
f 641 780 781
f 637 631 781
f 781 631 782
f 634 782 635
f 635 782 783
f 747 691 751
f 751 691 698
f 700 750 698
f 698 750 751
f 693 749 712
f 712 749 755
f 691 747 689
f 689 747 748
f 749 693 748
f 748 693 689
f 764 750 740
f 740 750 700
f 765 764 739
f 739 764 740
f 712 755 777
f 777 755 775
f 777 704 776
f 776 704 706
f 756 757 715
f 715 757 717
f 754 756 708
f 708 756 715
f 753 752 704
f 704 752 705
f 752 754 705
f 705 754 708
f 757 758 717
f 717 758 721
f 759 723 758
f 758 723 721
f 723 759 736
f 736 759 763
f 760 730 763
f 763 730 736
f 745 746 732
f 732 746 733
f 732 762 745
f 745 762 767
f 730 760 728
f 728 760 761
f 762 732 761
f 761 732 728
f 766 765 743
f 743 765 739
f 784 458 785
f 785 458 459
f 458 784 473
f 473 784 786
f 787 474 786
f 786 474 473
f 477 478 392
f 392 478 393
f 476 477 394
f 394 477 392
f 489 490 395
f 395 490 396
f 478 489 393
f 393 489 395
f 496 398 495
f 495 398 397
f 490 495 396
f 396 495 397
f 502 400 501
f 501 400 399
f 398 496 399
f 399 496 501
f 508 402 507
f 507 402 401
f 400 502 401
f 401 502 507
f 514 403 513
f 513 403 404
f 402 508 404
f 404 508 513
f 525 524 406
f 406 524 408
f 528 525 410
f 410 525 406
f 528 410 531
f 531 410 412
f 534 788 536
f 536 788 415
f 416 537 415
f 415 537 536
f 543 789 545
f 545 789 790
f 788 534 790
f 790 534 545
f 474 787 561
f 561 787 791
f 421 562 791
f 791 562 561
f 562 421 574
f 574 421 423
f 792 575 423
f 423 575 574
f 590 428 585
f 585 428 426
f 408 524 426
f 426 524 585
f 599 430 598
f 598 430 429
f 598 429 514
f 514 429 403
f 604 537 432
f 432 537 416
f 590 604 428
f 428 604 432
f 575 792 606
f 606 792 793
f 794 607 793
f 793 607 606
f 607 794 612
f 612 794 795
f 789 543 795
f 795 543 612
f 616 438 613
f 613 438 437
f 613 437 599
f 599 437 430
f 531 412 796
f 796 412 440
f 442 797 440
f 440 797 796
f 636 476 443
f 443 476 394
f 532 530 625
f 625 530 798
f 530 531 798
f 798 531 796
f 797 799 796
f 796 799 798
f 799 626 798
f 798 626 625
f 797 442 800
f 800 442 445
f 801 800 447
f 447 800 445
f 626 799 802
f 802 799 803
f 799 797 803
f 803 797 800
f 801 804 800
f 800 804 803
f 805 802 804
f 804 802 803
f 806 620 807
f 807 620 627
f 627 626 807
f 807 626 802
f 805 808 802
f 802 808 807
f 808 809 807
f 807 809 806
f 621 620 810
f 810 620 806
f 809 811 806
f 806 811 810
f 811 812 810
f 810 812 813
f 622 621 813
f 813 621 810
f 812 814 813
f 813 814 815
f 615 622 815
f 815 622 813
f 616 615 816
f 816 615 815
f 814 817 815
f 815 817 816
f 438 616 449
f 449 616 816
f 817 448 816
f 816 448 449
f 818 819 820
f 820 819 821
f 822 823 818
f 818 823 819
f 824 825 822
f 822 825 823
f 826 827 824
f 824 827 825
f 828 829 826
f 826 829 827
f 830 831 828
f 828 831 829
f 832 833 830
f 830 833 831
f 834 835 832
f 832 835 833
f 834 836 835
f 835 836 837
f 836 838 837
f 837 838 839
f 840 841 838
f 838 841 839
f 842 843 840
f 840 843 841
f 844 845 846
f 846 845 847
f 819 848 821
f 821 848 849
f 823 850 819
f 819 850 848
f 825 851 823
f 823 851 850
f 827 852 825
f 825 852 851
f 829 853 827
f 827 853 852
f 831 854 829
f 829 854 853
f 833 855 831
f 831 855 854
f 835 856 833
f 833 856 855
f 835 837 856
f 856 837 857
f 837 839 857
f 857 839 858
f 841 859 839
f 839 859 858
f 860 843 861
f 861 843 847
f 848 862 849
f 849 862 863
f 850 864 848
f 848 864 862
f 851 865 850
f 850 865 864
f 852 866 851
f 851 866 865
f 853 867 852
f 852 867 866
f 854 868 853
f 853 868 867
f 855 869 854
f 854 869 868
f 856 870 855
f 855 870 869
f 856 857 870
f 870 857 871
f 858 872 857
f 857 872 871
f 859 873 858
f 858 873 872
f 874 860 875
f 875 860 861
f 863 862 876
f 876 862 877
f 864 878 862
f 862 878 877
f 865 879 864
f 864 879 878
f 866 880 865
f 865 880 879
f 867 881 866
f 866 881 880
f 868 882 867
f 867 882 881
f 869 883 868
f 868 883 882
f 870 884 869
f 869 884 883
f 870 871 884
f 884 871 885
f 872 886 871
f 871 886 885
f 873 887 872
f 872 887 886
f 888 874 889
f 889 874 875
f 876 877 890
f 890 877 891
f 878 892 877
f 877 892 891
f 879 893 878
f 878 893 892
f 880 894 879
f 879 894 893
f 881 895 880
f 880 895 894
f 882 896 881
f 881 896 895
f 883 897 882
f 882 897 896
f 884 898 883
f 883 898 897
f 884 885 898
f 898 885 899
f 886 900 885
f 885 900 899
f 887 901 886
f 886 901 900
f 902 888 903
f 903 888 889
f 890 891 904
f 904 891 905
f 892 906 891
f 891 906 905
f 893 907 892
f 892 907 906
f 894 908 893
f 893 908 907
f 895 909 894
f 894 909 908
f 896 910 895
f 895 910 909
f 897 911 896
f 896 911 910
f 898 912 897
f 897 912 911
f 898 899 912
f 912 899 913
f 899 900 913
f 913 900 914
f 901 915 900
f 900 915 914
f 372 902 371
f 371 902 903
f 904 905 916
f 916 905 917
f 906 918 905
f 905 918 917
f 907 919 906
f 906 919 918
f 908 920 907
f 907 920 919
f 909 921 908
f 908 921 920
f 910 922 909
f 909 922 921
f 911 923 910
f 910 923 922
f 912 924 911
f 911 924 923
f 912 913 924
f 924 913 925
f 913 914 925
f 925 914 926
f 915 927 914
f 914 927 926
f 916 917 928
f 928 917 929
f 918 930 917
f 917 930 929
f 919 931 918
f 918 931 930
f 920 932 919
f 919 932 931
f 921 933 920
f 920 933 932
f 922 934 921
f 921 934 933
f 923 935 922
f 922 935 934
f 924 936 923
f 923 936 935
f 924 925 936
f 936 925 937
f 925 926 937
f 937 926 938
f 927 939 926
f 926 939 938
f 928 929 940
f 940 929 941
f 930 942 929
f 929 942 941
f 931 943 930
f 930 943 942
f 932 944 931
f 931 944 943
f 933 945 932
f 932 945 944
f 934 946 933
f 933 946 945
f 935 947 934
f 934 947 946
f 936 948 935
f 935 948 947
f 936 937 948
f 948 937 949
f 937 938 949
f 949 938 950
f 939 951 938
f 938 951 950
f 940 941 952
f 952 941 953
f 942 954 941
f 941 954 953
f 943 955 942
f 942 955 954
f 944 956 943
f 943 956 955
f 945 957 944
f 944 957 956
f 946 958 945
f 945 958 957
f 947 959 946
f 946 959 958
f 947 948 959
f 959 948 960
f 948 949 960
f 960 949 961
f 949 950 961
f 961 950 962
f 950 951 962
f 962 951 963
f 952 953 964
f 964 953 965
f 954 966 953
f 953 966 965
f 955 967 954
f 954 967 966
f 956 968 955
f 955 968 967
f 957 969 956
f 956 969 968
f 958 970 957
f 957 970 969
f 959 971 958
f 958 971 970
f 959 960 971
f 971 960 972
f 960 961 972
f 972 961 973
f 962 974 961
f 961 974 973
f 962 963 974
f 974 963 975
f 964 965 976
f 976 965 977
f 965 966 977
f 977 966 978
f 966 967 978
f 978 967 979
f 967 968 979
f 979 968 980
f 969 981 968
f 968 981 980
f 970 982 969
f 969 982 981
f 971 983 970
f 970 983 982
f 971 972 983
f 983 972 984
f 973 985 972
f 972 985 984
f 974 986 973
f 973 986 985
f 975 987 974
f 974 987 986
f 976 977 988
f 988 977 989
f 977 978 989
f 989 978 990
f 978 979 990
f 990 979 991
f 982 983 992
f 984 993 983
f 983 993 992
f 985 994 984
f 984 994 993
f 986 995 985
f 985 995 994
f 987 996 986
f 986 996 995
f 988 989 997
f 997 989 998
f 989 990 998
f 998 990 999
f 997 998 1000
f 1000 998 1001
f 999 1002 998
f 998 1002 1001
f 1003 1004 994
f 994 1004 993
f 995 1005 994
f 994 1005 1003
f 996 1006 995
f 995 1006 1005
f 1000 1001 1007
f 1007 1001 1008
f 1002 1009 1001
f 1001 1009 1008
f 1010 1004 1011
f 1011 1004 1003
f 1003 1005 1011
f 1011 1005 1012
f 1006 1013 1005
f 1005 1013 1012
f 1007 1008 1014
f 1014 1008 1015
f 1008 1009 1015
f 1015 1009 1016
f 1017 1018 1011
f 1011 1018 1010
f 1011 1012 1017
f 1017 1012 1019
f 1013 1020 1012
f 1012 1020 1019
f 1014 1015 1021
f 1021 1015 1022
f 1015 1016 1022
f 1022 1016 1023
f 1018 1017 1024
f 1024 1017 1025
f 1017 1019 1025
f 1025 1019 1026
f 1019 1020 1026
f 1026 1020 1027
f 1020 1028 1027
f 1027 1028 1029
f 1030 1028 1031
f 1031 1028 1032
f 1021 1022 1033
f 1033 1022 1034
f 1022 1023 1034
f 1034 1023 1035
f 1036 1037 1038
f 1038 1037 1039
f 818 820 1040
f 822 818 1040
f 824 822 1040
f 826 824 1040
f 828 826 1040
f 830 828 1040
f 832 830 1040
f 834 832 1040
f 836 834 1040
f 838 836 1040
f 840 838 1040
f 840 1040 842
f 844 846 1040
f 1041 1042 1043
f 1043 1042 1044
f 1043 1045 1041
f 1041 1045 1046
f 1047 1048 1043
f 1043 1048 1045
f 1043 1044 1047
f 1047 1044 1049
f 1050 1051 1052
f 1052 1051 1053
f 1052 1054 1050
f 1050 1054 1055
f 1041 1046 1052
f 1052 1046 1054
f 1052 1053 1041
f 1041 1053 1042
f 1056 1057 1058
f 1058 1057 1059
f 1058 1060 1056
f 1056 1060 1061
f 1050 1055 1058
f 1058 1055 1060
f 1058 1059 1050
f 1050 1059 1051
f 1062 1063 1064
f 1064 1063 1065
f 1065 1066 1064
f 1064 1066 1067
f 1056 1061 1065
f 1065 1061 1066
f 1065 1063 1056
f 1056 1063 1057
f 1068 1069 1070
f 1070 1069 1071
f 1067 1068 1064
f 1064 1068 1070
f 1070 1071 1072
f 1072 1071 1073
f 1074 1075 1076
f 1076 1075 1077
f 1078 1079 1077
f 1077 1079 1076
f 1069 1078 1071
f 1071 1078 1077
f 1075 1073 1077
f 1077 1073 1071
f 1080 1081 1082
f 1082 1081 1083
f 1084 1085 1083
f 1083 1085 1082
f 1079 1084 1076
f 1076 1084 1083
f 1081 1074 1083
f 1083 1074 1076
f 1086 1087 1088
f 1088 1087 1089
f 1090 1091 1089
f 1089 1091 1088
f 1085 1090 1082
f 1082 1090 1089
f 1087 1080 1089
f 1089 1080 1082
f 1092 1093 1094
f 1094 1093 1095
f 1096 1097 1095
f 1095 1097 1094
f 1091 1096 1088
f 1088 1096 1095
f 1093 1086 1095
f 1095 1086 1088
f 1047 1049 1098
f 1098 1049 1099
f 1098 1100 1047
f 1047 1100 1048
f 1094 1097 1098
f 1098 1097 1100
f 1098 1099 1094
f 1094 1099 1092
f 1087 1086 1044
f 1044 1086 1049
f 1101 1102 1103
f 1103 1102 1104
f 1105 1106 1107
f 1107 1106 1104
f 1108 1109 1110
f 1110 1109 1111
f 1112 1113 1114
f 1114 1113 1111
f 1115 1116 1114
f 1114 1116 1117
f 1118 1119 1103
f 1103 1119 1117
f 1120 1121 1122
f 1122 1121 1107
f 1123 1124 1125
f 1125 1124 1121
f 1126 1127 1125
f 1125 1127 1128
f 1129 1128 1130
f 1130 1128 1131
f 1132 1133 1134
f 1134 1133 1135
f 1136 1133 1137
f 1137 1133 1131
f 1138 1139 1140
f 1140 1139 1135
f 1141 1139 1142
f 1142 1139 1143
f 1144 1145 1146
f 1146 1145 1143
f 1147 1145 1148
f 1148 1145 1149
f 1150 1151 1152
f 1152 1151 1149
f 1153 1151 1154
f 1154 1151 1155
f 1156 1157 1158
f 1158 1157 1155
f 1159 1157 1160
f 1160 1157 1110
f 1060 1161 1061
f 1061 1161 1162
f 1161 1060 1163
f 1163 1060 1055
f 1045 1164 1046
f 1046 1164 1165
f 1164 1045 1166
f 1166 1045 1048
f 1054 1167 1055
f 1055 1167 1163
f 1167 1054 1165
f 1165 1054 1046
f 1066 1168 1067
f 1067 1168 1169
f 1168 1066 1162
f 1162 1066 1061
f 1100 1170 1048
f 1048 1170 1166
f 1170 1100 1171
f 1171 1100 1097
f 1069 1068 1172
f 1172 1068 1173
f 1068 1067 1173
f 1173 1067 1169
f 1097 1096 1171
f 1171 1096 1174
f 1096 1091 1174
f 1174 1091 1175
f 1079 1078 1176
f 1176 1078 1177
f 1078 1069 1177
f 1177 1069 1172
f 1091 1090 1175
f 1175 1090 1178
f 1090 1085 1178
f 1178 1085 1179
f 1085 1084 1179
f 1179 1084 1180
f 1084 1079 1180
f 1180 1079 1176
f 1161 1124 1162
f 1162 1124 1123
f 1124 1161 1105
f 1105 1161 1163
f 1164 1119 1165
f 1165 1119 1118
f 1112 1119 1166
f 1166 1119 1164
f 1105 1163 1106
f 1106 1163 1167
f 1165 1118 1167
f 1167 1118 1106
f 1168 1129 1169
f 1169 1129 1130
f 1162 1123 1168
f 1168 1123 1129
f 1166 1170 1112
f 1112 1170 1113
f 1160 1113 1171
f 1171 1113 1170
f 1173 1132 1172
f 1172 1132 1134
f 1169 1130 1173
f 1173 1130 1132
f 1171 1174 1160
f 1160 1174 1159
f 1154 1159 1175
f 1175 1159 1174
f 1177 1141 1176
f 1176 1141 1142
f 1172 1134 1177
f 1177 1134 1141
f 1175 1178 1154
f 1154 1178 1153
f 1148 1153 1179
f 1179 1153 1178
f 1148 1179 1147
f 1147 1179 1180
f 1176 1142 1180
f 1180 1142 1147
f 1136 1181 1140
f 1140 1181 1182
f 1136 1137 1181
f 1181 1137 1183
f 1138 1184 1146
f 1146 1184 1185
f 1184 1138 1182
f 1182 1138 1140
f 1122 1102 1186
f 1186 1102 1187
f 1102 1101 1187
f 1187 1101 1188
f 1150 1189 1158
f 1158 1189 1190
f 1189 1150 1191
f 1191 1150 1152
f 1115 1109 1192
f 1192 1109 1193
f 1193 1109 1194
f 1194 1109 1108
f 1101 1116 1188
f 1188 1116 1195
f 1116 1115 1195
f 1195 1115 1192
f 1126 1120 1196
f 1196 1120 1197
f 1120 1122 1197
f 1197 1122 1186
f 1137 1127 1183
f 1183 1127 1198
f 1127 1126 1198
f 1198 1126 1196
f 1144 1199 1152
f 1152 1199 1191
f 1199 1144 1185
f 1185 1144 1146
f 1156 1200 1108
f 1108 1200 1194
f 1200 1156 1190
f 1190 1156 1158
f 1201 1202 1181
f 1181 1202 1182
f 1203 1201 1183
f 1183 1201 1181
f 1184 1204 1185
f 1185 1204 1205
f 1204 1184 1202
f 1202 1184 1182
f 1206 1207 1187
f 1187 1207 1186
f 1208 1206 1188
f 1188 1206 1187
f 1189 1209 1190
f 1190 1209 1210
f 1209 1189 1211
f 1211 1189 1191
f 1193 1212 1192
f 1192 1212 1213
f 1212 1193 1214
f 1214 1193 1194
f 1215 1208 1195
f 1195 1208 1188
f 1213 1215 1192
f 1192 1215 1195
f 1216 1217 1197
f 1197 1217 1196
f 1207 1216 1186
f 1186 1216 1197
f 1218 1203 1198
f 1198 1203 1183
f 1217 1218 1196
f 1196 1218 1198
f 1199 1219 1191
f 1191 1219 1211
f 1219 1199 1205
f 1205 1199 1185
f 1200 1220 1194
f 1194 1220 1214
f 1220 1200 1210
f 1210 1200 1190
f 1093 1092 1086
f 1086 1092 1049
f 1092 1099 1049
f 1042 1053 1080
f 1080 1053 1081
f 1044 1042 1087
f 1087 1042 1080
f 1053 1051 1081
f 1081 1051 1074
f 1063 1062 1057
f 1073 1057 1072
f 1057 1062 1072
f 1059 1075 1051
f 1051 1075 1074
f 1072 1062 1070
f 1070 1062 1064
f 1057 1073 1059
f 1059 1073 1075
f 1202 1201 1221
f 1221 1201 1222
f 1201 1203 1222
f 1222 1203 1024
f 1204 1223 1205
f 1205 1223 1224
f 1206 992 1207
f 1207 992 993
f 1206 1208 992
f 992 1208 982
f 1209 1016 1210
f 1210 1016 1009
f 1211 1023 1209
f 1209 1023 1016
f 1213 1212 980
f 980 1212 991
f 1212 1214 991
f 991 1214 999
f 1215 981 1208
f 1208 981 982
f 1215 1213 981
f 981 1213 980
f 1217 1216 1010
f 1010 1216 1004
f 1216 1207 1004
f 1004 1207 993
f 1218 1217 1018
f 1018 1217 1010
f 1211 1219 1023
f 1023 1219 1035
f 1205 1224 1219
f 1219 1224 1035
f 1214 1220 999
f 999 1220 1002
f 1220 1210 1002
f 1002 1210 1009
f 1202 1221 1204
f 1204 1221 1223
f 999 990 991
f 991 979 980
f 1218 1018 1203
f 1203 1018 1024
f 1225 1226 1227
f 1226 1228 1229
f 1229 1228 1227
f 1230 1231 1232
f 1232 1231 1233
f 1231 1230 1234
f 1234 1230 1235
f 1236 1237 1230
f 1230 1237 1235
f 1238 1239 1240
f 1240 1239 1236
f 1236 1230 1240
f 1240 1230 1232
f 1241 1242 1243
f 1243 1242 1244
f 1245 1244 1246
f 1246 1244 1242
f 1247 1248 1249
f 1249 1248 1250
f 1251 1250 1252
f 1252 1250 1248
f 1242 1253 1246
f 1246 1253 1254
f 1253 1255 1254
f 1254 1255 1256
f 1255 1253 1257
f 1257 1253 1258
f 1253 1242 1258
f 1258 1242 1241
f 1259 1260 1261
f 1261 1260 1262
f 1243 1262 1241
f 1241 1262 1260
f 1263 1264 1265
f 1265 1264 1266
f 1264 1267 1266
f 1266 1267 1268
f 1267 1264 1269
f 1269 1264 1270
f 1270 1264 1263
f 1271 1272 1249
f 1249 1272 1273
f 1272 1271 1274
f 1274 1271 1275
f 1271 1276 1275
f 1275 1276 1277
f 1276 1278 1277
f 1277 1278 1279
f 1278 1276 1251
f 1251 1276 1250
f 1276 1271 1250
f 1250 1271 1249
f 1280 1281 1282
f 1282 1281 1283
f 1283 1281 1259
f 1259 1281 1260
f 1281 1258 1260
f 1260 1258 1241
f 1281 1280 1258
f 1258 1280 1257
f 1268 1267 1284
f 1284 1267 1285
f 1285 1267 1286
f 1287 1288 1289
f 1289 1288 1290
f 1288 1287 1291
f 1291 1287 1292
f 1293 1294 1295
f 1295 1294 1296
f 1296 1294 1297
f 1297 1294 1298
f 1294 1288 1298
f 1298 1288 1291
f 1294 1293 1288
f 1288 1293 1290
f 1299 1300 1301
f 1301 1300 1302
f 1300 1303 1302
f 1302 1303 1304
f 1305 1306 1307
f 1307 1306 1308
f 1305 1226 1306
f 1306 1226 1225
f 1309 1310 1307
f 1307 1310 1305
f 1305 1311 1226
f 1226 1311 1228
f 1311 1305 1312
f 1312 1305 1310
f 1313 1314 1315
f 1315 1314 1316
f 1314 1231 1316
f 1316 1231 1234
f 1231 1314 1233
f 1233 1314 1317
f 1314 1313 1317
f 1317 1313 1318
f 1261 1319 1259
f 1259 1319 1320
f 1321 1320 1322
f 1322 1320 1319
f 1323 1324 1325
f 1325 1324 1326
f 1324 1327 1326
f 1326 1327 1328
f 1327 1324 1308
f 1308 1324 1307
f 1329 1323 1330
f 1330 1323 1325
f 1310 1309 1331
f 1332 1331 1309
f 1332 1329 1284
f 1284 1329 1333
f 1329 1330 1333
f 1333 1330 1334
f 1335 1327 1336
f 1336 1327 1308
f 1327 1335 1328
f 1328 1335 1337
f 1335 1338 1337
f 1337 1338 1339
f 1338 1335 1340
f 1340 1335 1336
f 1341 1342 1343
f 1343 1342 1344
f 1345 1344 1346
f 1346 1344 1342
f 1347 1348 1349
f 1349 1348 1350
f 1348 1351 1350
f 1350 1351 1352
f 1351 1348 1353
f 1353 1348 1354
f 1348 1347 1354
f 1354 1347 1355
f 1356 1357 1358
f 1358 1357 1359
f 1357 1360 1359
f 1359 1360 1304
f 1357 1347 1360
f 1360 1347 1349
f 1347 1357 1355
f 1355 1357 1356
f 1361 1362 1363
f 1363 1362 1364
f 1362 1365 1364
f 1364 1365 1366
f 1365 1362 1345
f 1345 1362 1344
f 1362 1361 1344
f 1344 1361 1343
f 1367 1351 1368
f 1368 1351 1353
f 1351 1367 1352
f 1352 1367 1369
f 1367 1370 1369
f 1369 1370 1371
f 1370 1367 1372
f 1372 1367 1368
f 1346 1373 1345
f 1345 1373 1365
f 1374 1366 1373
f 1373 1366 1365
f 1375 1376 1377
f 1377 1376 1378
f 1376 1375 1371
f 1371 1375 1369
f 1369 1375 1352
f 1352 1375 1350
f 1375 1377 1350
f 1350 1377 1349
f 1379 1380 1275
f 1275 1380 1274
f 1380 1379 1381
f 1381 1379 1382
f 1383 1384 1385
f 1385 1384 1386
f 1310 1387 1312
f 1312 1387 1388
f 1389 1390 1391
f 1391 1390 1388
f 1379 1392 1382
f 1382 1392 1393
f 1392 1394 1393
f 1393 1394 1395
f 1394 1392 1279
f 1279 1392 1277
f 1392 1379 1277
f 1277 1379 1275
f 1396 1313 1390
f 1390 1313 1315
f 1313 1396 1318
f 1318 1396 1397
f 1396 1398 1397
f 1397 1398 1399
f 1398 1396 1389
f 1389 1396 1390
f 1400 1401 1382
f 1382 1401 1381
f 1384 1402 1386
f 1386 1402 1403
f 1404 1389 1405
f 1405 1389 1391
f 1406 1407 1395
f 1395 1407 1393
f 1407 1400 1393
f 1393 1400 1382
f 1398 1408 1399
f 1399 1408 1409
f 1408 1398 1404
f 1404 1398 1389
f 1402 1287 1403
f 1403 1287 1289
f 1297 1298 1406
f 1406 1298 1407
f 1298 1291 1407
f 1407 1291 1400
f 1410 1411 1412
f 1412 1411 1413
f 1411 1410 1321
f 1321 1410 1320
f 1410 1283 1320
f 1320 1283 1259
f 1283 1410 1282
f 1282 1410 1412
f 1414 1415 1339
f 1339 1415 1337
f 1415 1416 1337
f 1337 1416 1328
f 1416 1415 1353
f 1353 1415 1368
f 1415 1414 1368
f 1368 1414 1372
f 1417 1418 1358
f 1358 1418 1419
f 1418 1420 1419
f 1419 1420 1334
f 1322 1421 1321
f 1321 1421 1422
f 1343 1422 1341
f 1341 1422 1421
f 1423 1424 1355
f 1355 1424 1354
f 1424 1416 1354
f 1354 1416 1353
f 1416 1424 1328
f 1328 1424 1326
f 1424 1423 1326
f 1326 1423 1325
f 1374 1373 1299
f 1299 1373 1300
f 1373 1346 1300
f 1300 1346 1303
f 1346 1342 1303
f 1303 1342 1425
f 1342 1341 1425
f 1425 1341 1417
f 1322 1319 1420
f 1420 1319 1426
f 1319 1261 1426
f 1426 1261 1268
f 1261 1262 1268
f 1268 1262 1266
f 1262 1243 1266
f 1266 1243 1265
f 1427 1263 1245
f 1245 1263 1265
f 1428 1269 1270
f 1383 1380 1384
f 1384 1380 1381
f 1401 1402 1381
f 1381 1402 1384
f 1292 1287 1401
f 1401 1287 1402
f 1256 1255 1429
f 1429 1255 1430
f 1430 1255 1431
f 1431 1255 1257
f 1280 1432 1257
f 1257 1432 1431
f 1432 1280 1433
f 1433 1280 1282
f 1412 1434 1282
f 1282 1434 1433
f 1412 1413 1434
f 1434 1413 1435
f 1413 1436 1435
f 1435 1436 1437
f 1436 1363 1437
f 1437 1363 1438
f 1363 1364 1438
f 1438 1364 1439
f 1364 1366 1439
f 1439 1366 1440
f 1366 1374 1440
f 1440 1374 1441
f 1374 1299 1441
f 1441 1299 1442
f 1443 1444 1301
f 1301 1444 1445
f 1444 1443 1446
f 1446 1443 1378
f 1447 1376 1448
f 1448 1376 1371
f 1376 1447 1378
f 1378 1447 1446
f 1370 1449 1371
f 1371 1449 1448
f 1449 1370 1450
f 1450 1370 1372
f 1451 1414 1452
f 1452 1414 1339
f 1414 1451 1372
f 1372 1451 1450
f 1338 1453 1339
f 1339 1453 1452
f 1453 1338 1454
f 1454 1338 1340
f 1239 1238 1340
f 1340 1238 1454
f 1293 1455 1290
f 1290 1455 1456
f 1455 1408 1456
f 1456 1408 1404
f 1408 1455 1409
f 1409 1455 1457
f 1455 1293 1457
f 1457 1293 1295
f 1442 1299 1445
f 1445 1299 1301
f 1458 1331 1385
f 1385 1331 1459
f 1331 1458 1310
f 1310 1458 1387
f 1458 1460 1387
f 1387 1460 1461
f 1460 1458 1386
f 1386 1458 1385
f 1420 1426 1334
f 1334 1426 1333
f 1333 1426 1284
f 1284 1426 1268
f 1462 1460 1403
f 1403 1460 1386
f 1460 1462 1461
f 1461 1462 1463
f 1423 1464 1325
f 1325 1464 1330
f 1330 1464 1334
f 1334 1464 1419
f 1464 1356 1419
f 1419 1356 1358
f 1464 1423 1356
f 1356 1423 1355
f 1465 1462 1289
f 1289 1462 1403
f 1462 1465 1463
f 1463 1465 1405
f 1303 1425 1304
f 1304 1425 1359
f 1425 1417 1359
f 1359 1417 1358
f 1456 1465 1290
f 1290 1465 1289
f 1443 1466 1378
f 1378 1466 1377
f 1466 1360 1377
f 1377 1360 1349
f 1360 1466 1304
f 1304 1466 1302
f 1466 1443 1302
f 1302 1443 1301
f 1291 1292 1400
f 1400 1292 1401
f 1243 1244 1265
f 1265 1244 1245
f 1284 1285 1332
f 1285 1459 1332
f 1331 1332 1459
f 1467 1239 1336
f 1336 1239 1340
f 1239 1467 1236
f 1236 1467 1237
f 1306 1467 1308
f 1308 1467 1336
f 1411 1468 1413
f 1413 1468 1436
f 1468 1361 1436
f 1436 1361 1363
f 1361 1468 1343
f 1343 1468 1422
f 1468 1411 1422
f 1422 1411 1321
f 1341 1421 1417
f 1417 1421 1418
f 1421 1322 1418
f 1418 1322 1420
f 1309 1323 1332
f 1332 1323 1329
f 1324 1323 1307
f 1307 1323 1309
f 1461 1463 1391
f 1391 1463 1405
f 1387 1461 1388
f 1388 1461 1391
f 1405 1465 1404
f 1404 1465 1456
f 1390 1315 1388
f 1388 1315 1312
f 1316 1311 1315
f 1315 1311 1312
f 1311 1316 1228
f 1228 1316 1234
f 1234 1235 1228
f 1228 1235 1227
f 1237 1225 1235
f 1235 1225 1227
f 1467 1306 1237
f 1237 1306 1225
f 1469 1470 1429
f 1429 1470 1256
f 1471 1470 1223
f 1223 1470 1039
f 1223 1039 1224
f 1224 1039 1037
f 1034 1035 1037
f 1037 1035 1224
f 1033 1034 1036
f 1036 1034 1037
f 1472 1473 1246
f 1246 1473 1245
f 1474 1473 1024
f 1024 1473 1222
f 1475 1476 1477
f 1477 1476 1478
f 1479 1480 1481
f 1481 1480 1029
f 1472 1471 1221
f 1221 1471 1223
f 1475 1474 1025
f 1025 1474 1024
f 1427 1477 1263
f 1263 1477 1270
f 1249 1273 1247
f 1247 1273 1478
f 1482 1476 1027
f 1027 1476 1026
f 1273 1270 1478
f 1478 1270 1477
f 1470 1469 1039
f 1039 1469 1038
f 1480 1479 1248
f 1248 1479 1252
f 1256 1470 1254
f 1254 1470 1471
f 1254 1471 1246
f 1246 1471 1472
f 1222 1473 1221
f 1221 1473 1472
f 1473 1474 1245
f 1245 1474 1427
f 1474 1475 1427
f 1427 1475 1477
f 1476 1475 1026
f 1026 1475 1025
f 1476 1482 1478
f 1478 1482 1247
f 1482 1480 1247
f 1247 1480 1248
f 1483 1383 1459
f 1459 1383 1385
f 1380 1383 1274
f 1274 1383 1483
f 1272 1274 1484
f 1484 1274 1483
f 1483 1459 1286
f 1286 1459 1285
f 1484 1483 1428
f 1428 1483 1286
f 1484 1428 1273
f 1273 1428 1270
f 1273 1272 1484
f 1428 1286 1269
f 1269 1286 1267
f 1027 1029 1482
f 1482 1029 1480
f 843 860 841
f 841 860 859
f 860 874 859
f 859 874 873
f 874 888 873
f 873 888 887
f 888 902 887
f 887 902 901
f 901 902 915
f 915 902 372
f 372 375 915
f 915 375 927
f 1013 1032 1020
f 1020 1032 1028
f 821 1485 820
f 820 1485 1486
f 1485 1487 1486
f 1486 1487 1488
f 1487 1489 1488
f 1488 1489 1490
f 1489 1491 1490
f 1490 1491 1492
f 1491 1493 1492
f 1492 1493 1494
f 1493 1495 1494
f 1494 1495 1496
f 1495 1497 1496
f 1496 1497 1498
f 1497 1499 1498
f 1498 1499 1500
f 1500 1499 1501
f 1501 1499 1502
f 1501 1502 1503
f 1503 1502 1504
f 1504 1505 1503
f 1503 1505 1506
f 1505 1507 1506
f 1506 1507 1508
f 1507 1509 1508
f 1508 1509 1510
f 849 1511 821
f 821 1511 1485
f 1511 1512 1485
f 1485 1512 1487
f 1512 1513 1487
f 1487 1513 1489
f 1513 1514 1489
f 1489 1514 1491
f 1514 1515 1491
f 1491 1515 1493
f 1515 1516 1493
f 1493 1516 1495
f 1516 1517 1495
f 1495 1517 1497
f 1517 1518 1497
f 1497 1518 1499
f 1499 1518 1502
f 1502 1518 1519
f 1502 1519 1504
f 1504 1519 1520
f 1520 1521 1504
f 1504 1521 1505
f 1522 1523 1507
f 1507 1523 1509
f 863 1524 849
f 849 1524 1511
f 1524 1525 1511
f 1511 1525 1512
f 1525 1526 1512
f 1512 1526 1513
f 1526 1527 1513
f 1513 1527 1514
f 1527 1528 1514
f 1514 1528 1515
f 1528 1529 1515
f 1515 1529 1516
f 1529 1530 1516
f 1516 1530 1517
f 1530 1531 1517
f 1517 1531 1518
f 1518 1531 1519
f 1519 1531 1532
f 1519 1532 1520
f 1520 1532 1533
f 1520 1533 1521
f 1521 1533 1534
f 1535 1536 1522
f 1522 1536 1523
f 863 876 1524
f 1524 876 1537
f 1537 1538 1524
f 1524 1538 1525
f 1538 1539 1525
f 1525 1539 1526
f 1539 1540 1526
f 1526 1540 1527
f 1540 1541 1527
f 1527 1541 1528
f 1541 1542 1528
f 1528 1542 1529
f 1542 1543 1529
f 1529 1543 1530
f 1543 1544 1530
f 1530 1544 1531
f 1531 1544 1532
f 1532 1544 1545
f 1545 1546 1532
f 1532 1546 1533
f 1533 1546 1534
f 1534 1546 1547
f 1548 1549 1535
f 1535 1549 1536
f 876 890 1537
f 1537 890 1550
f 1550 1551 1537
f 1537 1551 1538
f 1551 1552 1538
f 1538 1552 1539
f 1552 1553 1539
f 1539 1553 1540
f 1553 1554 1540
f 1540 1554 1541
f 1554 1555 1541
f 1541 1555 1542
f 1555 1556 1542
f 1542 1556 1543
f 1556 1557 1543
f 1543 1557 1544
f 1544 1557 1545
f 1545 1557 1558
f 1558 1559 1545
f 1545 1559 1546
f 1559 1560 1546
f 1546 1560 1547
f 1561 1562 1548
f 1548 1562 1549
f 890 904 1550
f 1550 904 1563
f 1563 1564 1550
f 1550 1564 1551
f 1564 1565 1551
f 1551 1565 1552
f 1565 1566 1552
f 1552 1566 1553
f 1566 1567 1553
f 1553 1567 1554
f 1567 1568 1554
f 1554 1568 1555
f 1568 1569 1555
f 1555 1569 1556
f 1569 1570 1556
f 1556 1570 1557
f 1557 1570 1558
f 1558 1570 1571
f 1571 1572 1558
f 1558 1572 1559
f 1572 1573 1559
f 1559 1573 1560
f 1574 1562 446
f 446 1562 447
f 904 916 1563
f 1563 916 1575
f 1575 1576 1563
f 1563 1576 1564
f 1576 1577 1564
f 1564 1577 1565
f 1577 1578 1565
f 1565 1578 1566
f 1578 1579 1566
f 1566 1579 1567
f 1579 1580 1567
f 1567 1580 1568
f 1580 1581 1568
f 1568 1581 1569
f 1581 1582 1569
f 1569 1582 1570
f 1570 1582 1571
f 1571 1582 1583
f 1571 1583 1572
f 1572 1583 1584
f 1584 1585 1572
f 1572 1585 1573
f 916 928 1575
f 1575 928 1586
f 1586 1587 1575
f 1575 1587 1576
f 1587 1588 1576
f 1576 1588 1577
f 1588 1589 1577
f 1577 1589 1578
f 1589 1590 1578
f 1578 1590 1579
f 1590 1591 1579
f 1579 1591 1580
f 1591 1592 1580
f 1580 1592 1581
f 1592 1593 1581
f 1581 1593 1582
f 1582 1593 1583
f 1583 1593 1594
f 1594 1595 1583
f 1583 1595 1584
f 1595 1596 1584
f 1584 1596 1585
f 928 940 1586
f 1586 940 1597
f 1597 1598 1586
f 1586 1598 1587
f 1598 1599 1587
f 1587 1599 1588
f 1599 1600 1588
f 1588 1600 1589
f 1600 1601 1589
f 1589 1601 1590
f 1601 1602 1590
f 1590 1602 1591
f 1602 1603 1591
f 1591 1603 1592
f 1603 1604 1592
f 1592 1604 1593
f 1593 1604 1594
f 1594 1604 1605
f 1605 1606 1594
f 1594 1606 1595
f 1606 1607 1595
f 1595 1607 1596
f 940 952 1597
f 1597 952 1608
f 1608 1609 1597
f 1597 1609 1598
f 1609 1610 1598
f 1598 1610 1599
f 1610 1611 1599
f 1599 1611 1600
f 1611 1612 1600
f 1600 1612 1601
f 1612 1613 1601
f 1601 1613 1602
f 1613 1614 1602
f 1602 1614 1603
f 1614 1615 1603
f 1603 1615 1604
f 1604 1615 1605
f 1605 1615 1616
f 1605 1616 1606
f 1606 1616 1617
f 1606 1617 1607
f 1607 1617 1618
f 952 964 1608
f 1608 964 1619
f 1619 1620 1608
f 1608 1620 1609
f 1620 1621 1609
f 1609 1621 1610
f 1621 1622 1610
f 1610 1622 1611
f 1622 1623 1611
f 1611 1623 1612
f 1623 1624 1612
f 1612 1624 1613
f 1624 1625 1613
f 1613 1625 1614
f 1614 1625 1615
f 1615 1625 1626
f 1615 1626 1616
f 1616 1626 1627
f 1616 1627 1617
f 1617 1627 1628
f 1617 1628 1618
f 1618 1628 1629
f 964 976 1619
f 1619 976 1630
f 1619 1630 1620
f 1620 1630 1631
f 1620 1631 1621
f 1621 1631 1632
f 1621 1632 1622
f 1622 1632 1633
f 1633 1634 1622
f 1622 1634 1623
f 1634 1635 1623
f 1623 1635 1624
f 1635 1636 1624
f 1624 1636 1625
f 1625 1636 1626
f 1626 1636 1637
f 1626 1637 1627
f 1627 1637 1638
f 1627 1638 1628
f 1628 1638 1639
f 1628 1639 1629
f 1629 1639 1640
f 976 988 1630
f 1630 988 1641
f 1630 1641 1631
f 1631 1641 1642
f 1631 1642 1632
f 1632 1642 1643
f 1635 1644 1636
f 1644 1645 1636
f 1636 1645 1637
f 1645 1646 1637
f 1637 1646 1638
f 1646 1647 1638
f 1638 1647 1639
f 1639 1647 1640
f 1640 1647 1648
f 988 997 1641
f 1641 997 1649
f 1641 1649 1642
f 1642 1649 1650
f 997 1000 1649
f 1649 1000 1651
f 1651 1652 1649
f 1649 1652 1650
f 1653 1646 1654
f 1654 1646 1645
f 1653 1655 1646
f 1646 1655 1647
f 1647 1655 1648
f 1648 1655 1656
f 1000 1007 1651
f 1651 1007 1657
f 1657 1658 1651
f 1651 1658 1652
f 1653 1654 1659
f 1659 1654 1660
f 1653 1659 1655
f 1655 1659 1661
f 1655 1661 1656
f 1656 1661 1662
f 1007 1014 1657
f 1657 1014 1663
f 1657 1663 1658
f 1658 1663 1664
f 1665 1659 1666
f 1666 1659 1660
f 1659 1665 1661
f 1661 1665 1667
f 1661 1667 1662
f 1662 1667 1668
f 1014 1021 1663
f 1663 1021 1669
f 1663 1669 1664
f 1664 1669 1670
f 1671 1665 1672
f 1672 1665 1666
f 1665 1671 1667
f 1667 1671 1673
f 1667 1673 1668
f 1668 1673 1674
f 1668 1674 1675
f 1675 1674 1676
f 1675 1030 1677
f 1677 1030 1031
f 1021 1033 1669
f 1669 1033 1678
f 1669 1678 1670
f 1670 1678 1679
f 1036 1038 1680
f 1680 1038 1681
f 1486 1040 820
f 1488 1040 1486
f 1490 1040 1488
f 1492 1040 1490
f 1494 1040 1492
f 1496 1040 1494
f 1498 1040 1496
f 1500 1040 1498
f 1501 1040 1500
f 1503 1040 1501
f 1506 1040 1503
f 1506 1508 1040
f 1510 1040 1508
f 1682 1683 1684
f 1684 1683 1685
f 1683 1682 1686
f 1686 1682 1687
f 1688 1683 1689
f 1689 1683 1686
f 1683 1688 1685
f 1685 1688 1690
f 1691 1692 1693
f 1693 1692 1694
f 1692 1691 1695
f 1695 1691 1696
f 1682 1692 1687
f 1687 1692 1695
f 1692 1682 1694
f 1694 1682 1684
f 1697 1698 1699
f 1699 1698 1700
f 1698 1697 1701
f 1701 1697 1702
f 1691 1698 1696
f 1696 1698 1701
f 1698 1691 1700
f 1700 1691 1693
f 1703 1704 1705
f 1705 1704 1706
f 1703 1705 1707
f 1707 1705 1708
f 1697 1703 1702
f 1702 1703 1707
f 1703 1697 1704
f 1704 1697 1699
f 1709 1710 1711
f 1711 1710 1712
f 1711 1712 1705
f 1705 1712 1708
f 1711 1713 1709
f 1709 1713 1714
f 1715 1716 1717
f 1717 1716 1718
f 1717 1719 1715
f 1715 1719 1720
f 1715 1720 1709
f 1709 1720 1710
f 1709 1714 1715
f 1715 1714 1716
f 1721 1722 1723
f 1723 1722 1724
f 1723 1725 1721
f 1721 1725 1726
f 1721 1726 1717
f 1717 1726 1719
f 1717 1718 1721
f 1721 1718 1722
f 1727 1728 1729
f 1729 1728 1730
f 1729 1731 1727
f 1727 1731 1732
f 1727 1732 1723
f 1723 1732 1725
f 1723 1724 1727
f 1727 1724 1728
f 1733 1734 1735
f 1735 1734 1736
f 1735 1737 1733
f 1733 1737 1738
f 1733 1738 1729
f 1729 1738 1731
f 1729 1730 1733
f 1733 1730 1734
f 1688 1739 1690
f 1690 1739 1740
f 1739 1688 1741
f 1741 1688 1689
f 1735 1739 1737
f 1737 1739 1741
f 1739 1735 1740
f 1740 1735 1736
f 1690 1730 1685
f 1685 1730 1728
f 1742 1743 1744
f 1744 1743 1745
f 1746 1747 1748
f 1748 1747 1745
f 1749 1750 1751
f 1751 1750 1752
f 1753 1754 1755
f 1755 1754 1752
f 1756 1754 1757
f 1757 1754 1758
f 1759 1743 1760
f 1760 1743 1758
f 1761 1762 1763
f 1763 1762 1747
f 1764 1765 1766
f 1766 1765 1763
f 1767 1765 1768
f 1768 1765 1769
f 1770 1771 1769
f 1769 1771 1772
f 1773 1774 1775
f 1775 1774 1776
f 1777 1778 1775
f 1775 1778 1772
f 1779 1780 1781
f 1781 1780 1776
f 1782 1783 1781
f 1781 1783 1784
f 1785 1786 1787
f 1787 1786 1784
f 1788 1789 1787
f 1787 1789 1790
f 1791 1792 1793
f 1793 1792 1790
f 1794 1795 1793
f 1793 1795 1796
f 1797 1798 1799
f 1799 1798 1796
f 1800 1801 1799
f 1799 1801 1750
f 1802 1803 1702
f 1702 1803 1701
f 1803 1804 1701
f 1701 1804 1696
f 1805 1806 1687
f 1687 1806 1686
f 1806 1807 1686
f 1686 1807 1689
f 1804 1808 1696
f 1696 1808 1695
f 1808 1805 1695
f 1695 1805 1687
f 1809 1810 1708
f 1708 1810 1707
f 1810 1802 1707
f 1707 1802 1702
f 1807 1811 1689
f 1689 1811 1741
f 1811 1812 1741
f 1741 1812 1737
f 1710 1813 1712
f 1712 1813 1814
f 1809 1708 1814
f 1814 1708 1712
f 1737 1812 1738
f 1738 1812 1815
f 1816 1731 1815
f 1815 1731 1738
f 1719 1817 1720
f 1720 1817 1818
f 1813 1710 1818
f 1818 1710 1720
f 1731 1816 1732
f 1732 1816 1819
f 1820 1725 1819
f 1819 1725 1732
f 1725 1820 1726
f 1726 1820 1821
f 1817 1719 1821
f 1821 1719 1726
f 1803 1802 1766
f 1766 1802 1764
f 1766 1746 1803
f 1803 1746 1804
f 1806 1805 1760
f 1760 1805 1759
f 1806 1760 1807
f 1807 1760 1753
f 1808 1804 1748
f 1748 1804 1746
f 1748 1759 1808
f 1808 1759 1805
f 1810 1809 1770
f 1770 1809 1771
f 1770 1764 1810
f 1810 1764 1802
f 1807 1753 1811
f 1811 1753 1755
f 1811 1755 1812
f 1812 1755 1801
f 1814 1813 1773
f 1773 1813 1774
f 1773 1771 1814
f 1814 1771 1809
f 1812 1801 1815
f 1815 1801 1800
f 1815 1800 1816
f 1816 1800 1795
f 1818 1817 1782
f 1782 1817 1783
f 1782 1774 1818
f 1818 1774 1813
f 1816 1795 1819
f 1819 1795 1794
f 1819 1794 1820
f 1820 1794 1789
f 1821 1820 1788
f 1788 1820 1789
f 1788 1783 1821
f 1821 1783 1817
f 1822 1823 1780
f 1780 1823 1777
f 1824 1778 1823
f 1823 1778 1777
f 1825 1826 1786
f 1786 1826 1779
f 1826 1822 1779
f 1779 1822 1780
f 1762 1827 1744
f 1744 1827 1828
f 1829 1742 1828
f 1828 1742 1744
f 1830 1831 1798
f 1798 1831 1791
f 1831 1832 1791
f 1791 1832 1792
f 1756 1833 1751
f 1751 1833 1834
f 1834 1835 1751
f 1751 1835 1749
f 1742 1829 1757
f 1757 1829 1836
f 1833 1756 1836
f 1836 1756 1757
f 1767 1837 1761
f 1761 1837 1838
f 1827 1762 1838
f 1838 1762 1761
f 1778 1824 1768
f 1768 1824 1839
f 1837 1767 1839
f 1839 1767 1768
f 1832 1840 1792
f 1792 1840 1785
f 1840 1825 1785
f 1785 1825 1786
f 1835 1841 1749
f 1749 1841 1797
f 1841 1830 1797
f 1797 1830 1798
f 1822 1842 1823
f 1823 1842 1843
f 1844 1824 1843
f 1843 1824 1823
f 1826 1825 1845
f 1845 1825 1846
f 1822 1826 1842
f 1842 1826 1845
f 1827 1847 1828
f 1828 1847 1848
f 1849 1829 1848
f 1848 1829 1828
f 1831 1830 1850
f 1850 1830 1851
f 1832 1831 1852
f 1852 1831 1850
f 1834 1833 1853
f 1853 1833 1854
f 1835 1834 1855
f 1855 1834 1853
f 1829 1849 1836
f 1836 1849 1856
f 1854 1833 1856
f 1856 1833 1836
f 1837 1857 1838
f 1838 1857 1858
f 1847 1827 1858
f 1858 1827 1838
f 1824 1844 1839
f 1839 1844 1859
f 1857 1837 1859
f 1859 1837 1839
f 1840 1832 1860
f 1860 1832 1852
f 1825 1840 1846
f 1846 1840 1860
f 1841 1835 1861
f 1861 1835 1855
f 1830 1841 1851
f 1851 1841 1861
f 1734 1730 1736
f 1730 1690 1736
f 1690 1740 1736
f 1684 1724 1694
f 1694 1724 1722
f 1685 1728 1684
f 1684 1728 1724
f 1694 1722 1693
f 1693 1722 1718
f 1704 1699 1706
f 1714 1713 1699
f 1699 1713 1706
f 1718 1716 1693
f 1693 1716 1700
f 1705 1706 1711
f 1711 1706 1713
f 1699 1700 1714
f 1714 1700 1716
f 1842 1862 1843
f 1843 1862 1863
f 1843 1863 1844
f 1844 1863 1672
f 1864 1865 1846
f 1846 1865 1845
f 1645 1644 1847
f 1847 1644 1848
f 1848 1644 1849
f 1849 1644 1635
f 1658 1664 1851
f 1851 1664 1850
f 1664 1670 1850
f 1850 1670 1852
f 1854 1633 1853
f 1853 1633 1643
f 1853 1643 1855
f 1855 1643 1650
f 1635 1634 1849
f 1849 1634 1856
f 1856 1634 1854
f 1854 1634 1633
f 1857 1660 1858
f 1858 1660 1654
f 1858 1654 1847
f 1847 1654 1645
f 1859 1666 1857
f 1857 1666 1660
f 1852 1670 1860
f 1860 1670 1679
f 1679 1864 1860
f 1860 1864 1846
f 1855 1650 1861
f 1861 1650 1652
f 1861 1652 1851
f 1851 1652 1658
f 1865 1862 1845
f 1845 1862 1842
f 1650 1643 1642
f 1643 1633 1632
f 1859 1844 1666
f 1666 1844 1672
f 1866 1867 1868
f 1867 1869 1868
f 1868 1869 1866
f 1870 1232 1871
f 1871 1232 1233
f 1872 1870 1873
f 1873 1870 1871
f 1870 1872 1874
f 1874 1872 1875
f 1240 1874 1238
f 1238 1874 1876
f 1232 1870 1240
f 1240 1870 1874
f 1877 1878 1879
f 1879 1878 1880
f 1878 1877 1881
f 1881 1877 1882
f 1883 1884 1885
f 1885 1884 1886
f 1251 1252 1883
f 1883 1252 1884
f 1878 1881 1887
f 1887 1881 1888
f 1889 1890 1888
f 1888 1890 1887
f 1890 1891 1887
f 1887 1891 1892
f 1880 1878 1892
f 1892 1878 1887
f 1893 1894 1895
f 1895 1894 1896
f 1879 1880 1893
f 1893 1880 1894
f 1897 1898 1899
f 1899 1898 1900
f 1901 1902 1900
f 1900 1902 1899
f 1902 1903 1899
f 1903 1904 1899
f 1899 1904 1897
f 1905 1885 1906
f 1906 1885 1907
f 1908 1905 1909
f 1909 1905 1906
f 1905 1908 1910
f 1910 1908 1911
f 1279 1278 1911
f 1911 1278 1910
f 1278 1251 1910
f 1910 1251 1883
f 1885 1905 1883
f 1883 1905 1910
f 1912 1913 1914
f 1914 1913 1915
f 1915 1896 1914
f 1914 1896 1894
f 1880 1892 1894
f 1894 1892 1914
f 1891 1912 1892
f 1892 1912 1914
f 1901 1916 1902
f 1902 1916 1917
f 1917 1918 1902
f 1919 1920 1921
f 1921 1920 1922
f 1920 1923 1922
f 1922 1923 1924
f 1925 1295 1926
f 1926 1295 1296
f 1296 1297 1926
f 1926 1297 1927
f 1923 1920 1927
f 1927 1920 1926
f 1919 1925 1920
f 1920 1925 1926
f 1928 1929 1930
f 1930 1929 1931
f 1932 1933 1931
f 1931 1933 1930
f 1934 1935 1936
f 1936 1935 1937
f 1938 1866 1935
f 1935 1866 1937
f 1937 1939 1936
f 1936 1939 1940
f 1869 1941 1866
f 1866 1941 1937
f 1941 1942 1937
f 1937 1942 1939
f 1943 1944 1945
f 1945 1944 1946
f 1944 1873 1946
f 1946 1873 1871
f 1871 1233 1946
f 1946 1233 1317
f 1318 1945 1317
f 1317 1945 1946
f 1895 1896 1947
f 1947 1896 1948
f 1947 1948 1949
f 1949 1948 1950
f 1951 1952 1953
f 1953 1952 1954
f 1955 1956 1954
f 1954 1956 1953
f 1956 1934 1953
f 1953 1934 1936
f 1952 1951 1957
f 1957 1951 1958
f 1939 1959 1940
f 1960 1940 1959
f 1960 1916 1958
f 1958 1916 1961
f 1962 1957 1961
f 1961 1957 1958
f 1934 1956 1963
f 1963 1956 1964
f 1956 1955 1964
f 1964 1955 1965
f 1966 1967 1965
f 1965 1967 1964
f 1967 1968 1964
f 1964 1968 1963
f 1969 1970 1971
f 1971 1970 1972
f 1970 1969 1973
f 1973 1969 1974
f 1975 1976 1977
f 1977 1976 1978
f 1979 1980 1978
f 1978 1980 1977
f 1980 1981 1977
f 1977 1981 1982
f 1983 1975 1982
f 1982 1975 1977
f 1984 1985 1986
f 1986 1985 1987
f 1932 1988 1987
f 1987 1988 1986
f 1976 1975 1988
f 1988 1975 1986
f 1975 1983 1986
f 1986 1983 1984
f 1989 1990 1991
f 1991 1990 1992
f 1993 1994 1992
f 1992 1994 1991
f 1994 1974 1991
f 1991 1974 1969
f 1971 1989 1969
f 1969 1989 1991
f 1981 1980 1995
f 1995 1980 1996
f 1980 1979 1996
f 1996 1979 1997
f 1998 1999 1997
f 1997 1999 1996
f 1999 2000 1996
f 1996 2000 1995
f 1973 1974 2001
f 2001 1974 1994
f 2002 2001 1993
f 1993 2001 1994
f 2003 2004 2005
f 2005 2004 2006
f 2004 1998 2006
f 2006 1998 1997
f 1997 1979 2006
f 2006 1979 1978
f 1976 2005 1978
f 1978 2005 2006
f 2007 1908 2008
f 2008 1908 1909
f 2009 2007 2010
f 2010 2007 2008
f 2011 2012 2013
f 2013 2012 2014
f 1939 1942 2015
f 2015 1942 2016
f 2016 2017 2018
f 2018 2017 2019
f 2007 2009 2020
f 2020 2009 2021
f 1395 1394 2021
f 2021 1394 2020
f 1394 1279 2020
f 2020 1279 1911
f 1908 2007 1911
f 1911 2007 2020
f 1943 1945 2017
f 2017 1945 2022
f 1945 1318 2022
f 2022 1318 1397
f 1399 2023 1397
f 1397 2023 2022
f 2023 2019 2022
f 2022 2019 2017
f 2024 2009 2025
f 2025 2009 2010
f 2012 2011 2026
f 2026 2011 2027
f 2018 2019 2028
f 2028 2019 2029
f 1406 1395 2030
f 2030 1395 2021
f 2009 2024 2021
f 2021 2024 2030
f 2023 1399 2031
f 2031 1399 1409
f 2019 2023 2029
f 2029 2023 2031
f 2026 2027 1922
f 1922 2027 1921
f 1297 1406 1927
f 1927 1406 2030
f 2024 1923 2030
f 2030 1923 1927
f 2032 2033 2034
f 2034 2033 2035
f 2033 1950 2035
f 2035 1950 1948
f 1896 1915 1948
f 1948 1915 2035
f 1915 1913 2035
f 2035 1913 2034
f 2036 1966 2037
f 2037 1966 1965
f 1955 2038 1965
f 1965 2038 2037
f 2038 1981 2037
f 2037 1981 1995
f 2000 2036 1995
f 1995 2036 2037
f 2039 1985 2040
f 2040 1985 2041
f 1962 2042 2041
f 2041 2042 2040
f 1949 1950 2043
f 2043 1950 2044
f 1971 1972 2044
f 2044 1972 2043
f 2045 1983 2046
f 2046 1983 1982
f 1981 2038 1982
f 1982 2038 2046
f 2038 1955 2046
f 2046 1955 1954
f 1952 2045 1954
f 1954 2045 2046
f 2002 1928 2001
f 2001 1928 1930
f 1933 1973 1930
f 1930 1973 2001
f 1973 1933 1970
f 1970 1933 2047
f 2039 1972 2047
f 2047 1972 1970
f 1949 2042 1947
f 1947 2042 2048
f 1901 1895 2048
f 2048 1895 1947
f 1895 1901 1893
f 1893 1901 1900
f 1898 1879 1900
f 1900 1879 1893
f 1898 1897 1882
f 1882 1897 2049
f 2050 1904 1903
f 2014 2012 2008
f 2008 2012 2010
f 2012 2026 2010
f 2010 2026 2025
f 2026 1922 2025
f 2025 1922 1924
f 1429 1430 1889
f 1889 1430 1890
f 1430 1431 1890
f 1890 1431 1891
f 1431 1432 1891
f 1891 1432 1912
f 1432 1433 1912
f 1912 1433 1913
f 1433 1434 1913
f 1913 1434 2034
f 1435 2032 1434
f 1434 2032 2034
f 2032 1435 2051
f 2051 1435 1437
f 1438 1990 1437
f 1437 1990 2051
f 1990 1438 1992
f 1992 1438 1439
f 1440 1993 1439
f 1439 1993 1992
f 1441 2002 1440
f 1440 2002 1993
f 1442 1928 1441
f 1441 1928 2002
f 1445 1444 1929
f 1929 1444 2052
f 1444 1446 2052
f 2052 1446 2003
f 1447 1448 2004
f 2004 1448 1998
f 1446 1447 2003
f 2003 1447 2004
f 1448 1449 1998
f 1998 1449 1999
f 1449 1450 1999
f 1999 1450 2000
f 1451 1452 2036
f 2036 1452 1966
f 1450 1451 2000
f 2000 1451 2036
f 1452 1453 1966
f 1966 1453 1967
f 1453 1454 1967
f 1967 1454 1968
f 1454 1238 1968
f 1968 1238 1876
f 1925 1919 2053
f 2053 1919 2054
f 2029 2031 2054
f 2054 2031 2053
f 2031 1409 2053
f 2053 1409 1457
f 1295 1925 1457
f 1457 1925 2053
f 1442 1445 1928
f 1928 1445 1929
f 2055 1959 2013
f 2013 1959 2056
f 1959 1939 2056
f 2056 1939 2015
f 2057 2058 2015
f 2015 2058 2056
f 2058 2011 2056
f 2056 2011 2013
f 2042 1962 2048
f 2048 1962 1961
f 1901 2048 1916
f 1916 2048 1961
f 2011 2058 2027
f 2027 2058 2059
f 2058 2057 2059
f 2059 2057 2060
f 2045 1952 2061
f 2061 1952 1957
f 1957 1962 2061
f 2061 1962 2041
f 1985 1984 2041
f 2041 1984 2061
f 1983 2045 1984
f 1984 2045 2061
f 2027 2059 1921
f 1921 2059 2062
f 2060 2028 2059
f 2059 2028 2062
f 1933 1932 2047
f 2047 1932 1987
f 1985 2039 1987
f 1987 2039 2047
f 2054 1919 2062
f 2062 1919 1921
f 2052 2003 2063
f 2063 2003 2005
f 1976 1988 2005
f 2005 1988 2063
f 1988 1932 2063
f 2063 1932 1931
f 1929 2052 1931
f 1931 2052 2063
f 1923 2024 1924
f 1924 2024 2025
f 1879 1898 1877
f 1877 1898 1882
f 1916 1960 1917
f 1917 1960 2055
f 1959 2055 1960
f 1968 1876 1963
f 1963 1876 2064
f 1876 1874 2064
f 1874 1875 2064
f 1935 1934 2064
f 2064 1934 1963
f 2033 2032 2065
f 2065 2032 2051
f 1990 1989 2051
f 2051 1989 2065
f 1989 1971 2065
f 2065 1971 2044
f 1950 2033 2044
f 2044 2033 2065
f 1972 2039 2043
f 2043 2039 2040
f 2042 1949 2040
f 2040 1949 2043
f 1940 1960 1951
f 1951 1960 1958
f 1940 1951 1936
f 1936 1951 1953
f 2057 2018 2060
f 2060 2018 2028
f 2018 2057 2016
f 2016 2057 2015
f 2028 2029 2062
f 2062 2029 2054
f 1942 1943 2016
f 2016 1943 2017
f 1944 1943 1941
f 1941 1943 1942
f 1941 1869 1944
f 1944 1869 1873
f 1867 1872 1869
f 1869 1872 1873
f 1875 1872 1938
f 1938 1872 1867
f 2064 1875 1935
f 1935 1875 1938
f 1889 2066 1429
f 1429 2066 1469
f 1681 2066 1865
f 1865 2066 2067
f 1865 1864 1681
f 1681 1864 1680
f 1864 1679 1680
f 1680 1679 1678
f 1033 1036 1678
f 1678 1036 1680
f 1881 1882 2068
f 2068 1882 2069
f 1672 1863 2070
f 2070 1863 2069
f 2071 2072 2073
f 2073 2072 2074
f 1676 2075 1481
f 1481 2075 1479
f 1865 2067 1862
f 1862 2067 2068
f 1672 2070 1671
f 1671 2070 2074
f 1897 1904 2049
f 2049 1904 2073
f 1885 1886 1907
f 1907 1886 2071
f 1673 2072 1674
f 1674 2072 2076
f 2073 1904 2071
f 2071 1904 1907
f 1038 1469 1681
f 1681 1469 2066
f 1252 1479 1884
f 1884 1479 2075
f 1889 1888 2066
f 2066 1888 2067
f 1888 1881 2067
f 2067 1881 2068
f 1863 1862 2069
f 2069 1862 2068
f 2049 2070 1882
f 1882 2070 2069
f 2073 2074 2049
f 2049 2074 2070
f 1671 2074 1673
f 1673 2074 2072
f 1886 2076 2071
f 2071 2076 2072
f 1884 2075 1886
f 1886 2075 2076
f 2077 2055 2014
f 2014 2055 2013
f 2077 2014 1909
f 1909 2014 2008
f 2077 1909 2078
f 2078 1909 1906
f 1917 2055 1918
f 1918 2055 2077
f 1918 2077 2050
f 2050 2077 2078
f 1904 2050 1907
f 1907 2050 2078
f 1907 2078 1906
f 1902 1918 1903
f 1903 1918 2050
f 1674 2076 1676
f 1676 2076 2075
f 1521 1522 1505
f 1505 1522 1507
f 1534 1535 1521
f 1521 1535 1522
f 1547 1548 1534
f 1534 1548 1535
f 1560 1561 1547
f 1547 1561 1548
f 1560 1573 1561
f 1561 1573 801
f 1585 804 1573
f 1573 804 801
f 1656 1677 817
f 1662 1668 1677
f 1677 1668 1675
f 1116 1101 1117
f 1117 1101 1103
f 1102 1122 1104
f 1104 1122 1107
f 1106 1118 1104
f 1104 1118 1103
f 1119 1112 1117
f 1117 1112 1114
f 1124 1105 1121
f 1121 1105 1107
f 1109 1115 1111
f 1111 1115 1114
f 1120 1126 1121
f 1121 1126 1125
f 1113 1160 1111
f 1111 1160 1110
f 1129 1123 1128
f 1128 1123 1125
f 1108 1110 1156
f 1156 1110 1157
f 1137 1131 1127
f 1127 1131 1128
f 1154 1155 1159
f 1159 1155 1157
f 1130 1131 1132
f 1132 1131 1133
f 1158 1155 1150
f 1150 1155 1151
f 1140 1135 1136
f 1136 1135 1133
f 1148 1149 1153
f 1153 1149 1151
f 1134 1135 1141
f 1141 1135 1139
f 1152 1149 1144
f 1144 1149 1145
f 1146 1143 1138
f 1138 1143 1139
f 1142 1143 1147
f 1147 1143 1145
f 1744 1745 1762
f 1762 1745 1747
f 1757 1758 1742
f 1742 1758 1743
f 1748 1745 1759
f 1759 1745 1743
f 1766 1763 1746
f 1746 1763 1747
f 1760 1758 1753
f 1753 1758 1754
f 1761 1763 1767
f 1767 1763 1765
f 1751 1752 1756
f 1756 1752 1754
f 1770 1769 1764
f 1764 1769 1765
f 1755 1752 1801
f 1801 1752 1750
f 1778 1768 1772
f 1772 1768 1769
f 1749 1797 1750
f 1750 1797 1799
f 1771 1773 1772
f 1772 1773 1775
f 1795 1800 1796
f 1796 1800 1799
f 1780 1777 1776
f 1776 1777 1775
f 1798 1791 1796
f 1796 1791 1793
f 1774 1782 1776
f 1776 1782 1781
f 1789 1794 1790
f 1790 1794 1793
f 1786 1779 1784
f 1784 1779 1781
f 1792 1785 1790
f 1790 1785 1787
f 1783 1788 1784
f 1784 1788 1787
f 583 686 581
f 581 686 2079
f 523 664 517
f 517 664 686
f 2079 686 734
f 734 686 664
f 631 630 782
f 782 630 783
f 641 781 634
f 634 781 782
f 639 637 780
f 780 637 781
f 675 778 642
f 642 778 780
f 675 711 778
f 778 711 779
f 704 777 753
f 753 777 775
f 566 773 564
f 564 773 774
f 646 773 647
f 647 773 772
f 580 771 569
f 569 771 772
f 653 771 654
f 654 771 770
f 578 683 770
f 770 683 769
f 660 659 768
f 768 659 769
f 743 745 766
f 766 745 767
f 1629 1640 811
f 811 1640 812
f 1618 1629 809
f 809 1629 811
f 1607 1618 808
f 808 1618 809
f 1596 1607 805
f 805 1607 808
f 814 812 1648
f 1648 812 1640
f 817 814 1656
f 1656 814 1648
f 817 1677 448
f 448 1677 1031
f 448 1031 386
f 386 1031 1032
f 804 1585 805
f 805 1585 1596
f 2080 1510 2081
f 2081 1510 1509
f 801 447 1561
f 1561 447 1562
f 2082 2081 1523
f 1523 2081 1509
f 2083 2082 1536
f 1536 2082 1523
f 2083 1536 2084
f 2084 1536 1549
f 1574 2084 1562
f 1562 2084 1549
f 423 424 792
f 792 424 433
f 122 124 420
f 420 124 422
f 987 381 996
f 996 381 384
f 987 975 381
f 381 975 379
f 843 842 847
f 847 842 846
f 370 371 2085
f 2085 371 903
f 2086 861 845
f 845 861 847
f 2087 875 2086
f 2086 875 861
f 2088 889 2087
f 2087 889 875
f 2085 903 2088
f 2088 903 889
f 939 927 376
f 376 927 375
f 376 378 939
f 939 378 951
f 951 378 963
f 963 378 379
f 975 963 379
f 386 1032 2089
f 2089 384 386
f 1676 1481 1675
f 1675 1481 1030
f 1028 1030 1029
f 1029 1030 1481
f 12 1 14
f 14 1 2090
f 15 2 12
f 2 1 12
f 18 4 15
f 15 4 2
f 19 5 18
f 18 5 4
f 190 189 2091
f 2091 189 2092
f 192 191 2093
f 2093 191 2094
f 189 192 2092
f 2092 192 2093
f 14 2090 195
f 195 2090 2095
f 197 190 7
f 7 190 2091
f 195 2095 344
f 344 2095 2096
f 362 197 6
f 6 197 7
f 344 2096 191
f 191 2096 2094
f 5 19 8
f 8 19 388
f 362 6 443
f 443 6 2097
f 452 453 2098
f 2098 453 2099
f 455 452 2100
f 2100 452 2098
f 457 455 2101
f 2101 455 2100
f 457 2101 459
f 459 2101 10
f 628 2102 629
f 629 2102 2103
f 632 2104 630
f 630 2104 2105
f 629 2103 632
f 632 2103 2104
f 453 635 2099
f 2099 635 2106
f 636 2107 628
f 628 2107 2102
f 635 783 2106
f 2106 783 2108
f 459 10 785
f 785 10 9
f 443 2097 636
f 636 2097 2107
f 783 630 2108
f 2108 630 2105
f 2090 1 3
f 2091 2092 3
f 2093 2094 3
f 2092 2093 3
f 2095 2090 3
f 7 2091 3
f 2096 2095 3
f 2094 2096 3
f 2097 6 3
f 2098 2099 3
f 2100 2098 3
f 2101 2100 3
f 10 2101 3
f 2103 2102 3
f 2105 2104 3
f 2104 2103 3
f 2099 2106 3
f 2102 2107 3
f 2106 2108 3
f 2107 2097 3
f 2108 2105 3
f 1032 1013 2089
f 2089 1013 1006
f 996 384 1006
f 1006 384 2089
f 1656 1662 1677
f 9 8 785
f 785 8 388
f 98 417 97
f 97 417 414
f 786 784 390
f 390 784 389
f 784 785 389
f 389 785 388
f 787 786 391
f 391 786 390
f 787 391 791
f 791 391 420
f 791 420 421
f 421 420 422
f 124 135 422
f 422 135 424
f 135 137 424
f 424 137 433
f 792 433 793
f 793 433 434
f 793 434 794
f 794 434 435
f 794 435 795
f 795 435 436
f 795 436 789
f 789 436 418
f 790 789 419
f 419 789 418
f 788 790 413
f 413 790 419
f 788 413 415
f 415 413 414
f 417 98 431
f 431 98 165
f 151 427 165
f 165 427 431
f 146 425 151
f 151 425 427
f 146 88 425
f 425 88 407
f 86 405 88
f 88 405 407
f 89 409 86
f 86 409 405
f 89 92 409
f 409 92 411
f 92 364 411
f 411 364 439
f 364 366 439
f 439 366 441
f 369 444 366
f 366 444 441
f 370 446 369
f 369 446 444
f 2085 1574 370
f 370 1574 446
f 2088 2084 2085
f 2085 2084 1574
f 2088 2087 2084
f 2084 2087 2083
f 2087 2086 2083
f 2083 2086 2082
f 2086 845 2082
f 2082 845 2081
f 845 844 2081
f 2081 844 2080
f 1040 2080 844
f 1510 2080 1040
f 1040 846 842
f 301 143 303
f 303 143 299
f 307 387 305
f 305 387 145
f 305 145 301
f 301 145 143
f 255 252 256
f 256 252 248
f 253 261 249
f 249 261 257
f 252 253 248
f 248 253 249
f 274 255 272
f 272 255 256
f 303 299 262
f 262 299 258
f 261 262 257
f 257 262 258
f 268 263 270
f 270 263 271
f 338 339 266
f 266 339 264
f 266 264 268
f 268 264 263
f 270 271 277
f 277 271 275
f 338 274 339
f 339 274 272
f 277 275 279
f 279 275 280
f 279 280 283
f 283 280 281
f 285 283 286
f 286 283 281
f 298 285 296
f 296 285 286
f 294 291 295
f 295 291 287
f 292 298 288
f 288 298 296
f 291 292 287
f 287 292 288
f 307 294 387
f 387 294 295
f 746 744 2079
f 2079 744 581
f 741 742 582
f 582 742 738
f 744 741 581
f 581 741 582
f 692 687 699
f 699 687 697
f 694 695 690
f 690 695 688
f 690 688 692
f 692 688 687
f 713 711 694
f 694 711 695
f 742 701 738
f 738 701 696
f 699 697 701
f 701 697 696
f 776 706 779
f 779 706 703
f 707 709 702
f 702 709 710
f 706 707 703
f 703 707 702
f 709 716 710
f 710 716 714
f 776 779 713
f 713 779 711
f 716 718 714
f 714 718 719
f 718 722 719
f 719 722 720
f 724 725 722
f 722 725 720
f 737 735 724
f 724 735 725
f 731 726 737
f 737 726 735
f 733 734 729
f 729 734 727
f 729 727 731
f 731 727 726
f 746 2079 733
f 733 2079 734
f 1938 1867 1866
f 1227 1226 1229
