#usda 1.0
(
    defaultPrim = "Asset"
    metersPerUnit = 1
    upAxis = "Z"
)

def Xform "Asset"
{
    def Mesh "Mesh"
    {
        point3f[] points = [(0.140682091, -0.465311851, -0.138035179), (0.167664696, -0.465237803, -0.11862732), (0.0202855097, -0.465171039, 0.00291214994), (0.188565654, -0.46516679, -0.0910826788), (0.205949332, -0.46512309, -0.0526347734), (-0.197407106, -0.465310637, -0.0245978951), (-0.176844827, -0.465468445, -0.0707389019), (0.222746088, -0.465186819, -0.00873948458), (0.201040314, -0.46514494, 0.0272775829), (0.205088676, -0.465158293, 0.0574594253), (0.22421066, -0.455420981, -0.206423967), (0.190954612, -0.464087025, -0.180848274), (0.170844511, -0.456041892, -0.228336712), (0.144493742, -0.464409922, -0.199374234), (0.22571954, -0.4638928, -0.153644133), (0.264067906, -0.454923888, -0.173527234), (0.292411294, -0.454512983, -0.127368019), (0.251162918, -0.463619672, -0.114594132), (0.268016121, -0.463579614, -0.0623817963), (0.309360395, -0.454209507, -0.0672495418), (-0.202931572, -0.44016588, -0.222596171), (-0.283044829, -0.439410226, -0.173261996), (-0.227138591, -0.417403404, -0.239437842), (-0.309666905, -0.415231127, -0.1843783), (-0.250041273, -0.456107442, -0.158524624), (-0.177817162, -0.456206982, -0.201912502), (0.252951602, -0.438251557, -0.226232414), (0.194170845, -0.439175336, -0.250538972), (0.297204992, -0.437527465, -0.188555336), (0.279464427, -0.413418165, -0.242070795), (0.326713119, -0.412754768, -0.200180871), (0.217961495, -0.41503144, -0.26869105), (0.327842047, -0.436927797, -0.136288981), (0.347212882, -0.43699881, -0.0698685345), (0.359772515, -0.412817284, -0.143191833), (0.383008412, -0.414085204, -0.0713956227), (-0.327550711, -0.439012066, -0.108503988), (-0.290990422, -0.45596056, -0.101419658), (-0.356396048, -0.414397176, -0.113715874), (-0.254129693, -0.387835796, -0.25055536), (-0.331047961, -0.385029862, -0.192133311), (-0.282423312, -0.353490271, -0.25633778), (-0.347674165, -0.350748674, -0.197062965), (0.305559669, -0.382285837, -0.252425982), (0.246642955, -0.383069411, -0.280436155), (0.353148861, -0.38280478, -0.207734374), (0.33238386, -0.347597992, -0.256661892), (0.376548635, -0.350863388, -0.210465046), (0.283439954, -0.345646645, -0.283909127), (-0.378615302, -0.383909431, -0.117523277), (-0.394282523, -0.349462545, -0.120238167), (-0.358723097, -0.313378106, -0.199630974), (-0.301636946, -0.31546541, -0.258426298), (-0.313340172, -0.274437964, -0.258278202), (-0.365079693, -0.273156083, -0.199902281), (-0.404087814, -0.311889256, -0.121952197), (-0.412152369, -0.26860638, -0.117411598), (-0.30823086, -0.190711528, -0.250329574), (-0.324918365, -0.232265808, -0.248110562), (-0.357447286, -0.193115661, -0.19691062), (-0.373315408, -0.232145632, -0.187846417), (-0.412594836, -0.226951954, -0.116289953), (-0.400943808, -0.192647095, -0.123992765), (-0.255109919, -0.117917491, -0.23570206), (-0.28799512, -0.151787167, -0.244227291), (-0.319941369, -0.123325423, -0.188969276), (-0.342244383, -0.156427912, -0.193320506), (-0.387065271, -0.157175069, -0.122807997), (-0.369211814, -0.12467164, -0.12158924), (-0.180390634, -0.069732881, -0.213274621), (-0.213851831, -0.0910556695, -0.225459158), (-0.260658056, -0.070867272, -0.176251836), (-0.290758567, -0.0948187645, -0.183114022), (-0.347873244, -0.0952545552, -0.120720086), (-0.32161716, -0.0698221027, -0.119176611), (0.15679967, -0.0793706527, -0.196909407), (0.075128977, -0.0854316634, -0.227792277), (0.121602593, -0.0653288459, -0.180297163), (0.0577264837, -0.0659904223, -0.204941793), (0.092474417, -0.0515868729, -0.157569283), (0.0438352007, -0.05004279, -0.180471965), (-0.00834253875, -0.0608446934, -0.21199699), (-0.00987205477, -0.0456193326, -0.190585586), (-0.008795931, -0.0760688404, -0.231069811), (0.168212773, -0.0620179293, -0.137113221), (0.194507702, -0.0558385632, -0.0708165916), (0.205843722, -0.0704648636, -0.147080567), (0.231247041, -0.0539685478, -0.06914687), (0.149618835, -0.0499499266, -0.0720687311), (0.132345015, -0.052917916, -0.128671749), (0.077103388, -0.0360732104, -0.0938097088), (0.0859927894, -0.0354692944, -0.0477117955), (0.0538201483, -0.0354583692, -0.127956154), (0.415107612, -0.0334360092, -0.139747387), (0.380698965, -0.0116137001, -0.133554668), (0.415275131, 0.00982380218, -0.0755198534), (0.377926413, 0.028812258, -0.0643604559), (0.341798881, 0.0184412896, -0.0768927761), (0.347836827, -0.0241284187, -0.144060379), (0.377034803, -0.05783968, -0.182404496), (0.347609221, -0.0581832142, -0.181466757), (0.410202843, -0.0727130094, -0.180564828), (0.466589179, -0.104617378, -0.12746331), (0.445127399, -0.0649634616, -0.134224135), (0.47352602, -0.0808934923, -0.0684069969), (0.448185217, -0.0259516989, -0.0729063232), (0.432841501, -0.0998892315, -0.180961167), (0.452940677, -0.130162724, -0.17408927), (0.427301254, -0.170819323, -0.215899076), (0.408117967, -0.136573945, -0.221506695), (0.38736814, -0.105621882, -0.21633426), (0.348786705, -0.146202612, -0.252810182), (0.363538645, -0.183596244, -0.261240122), (0.36823523, -0.233988941, -0.263312252), (0.408186552, -0.245700664, -0.228788283), (0.449515046, -0.194398755, -0.19194637), (0.436068658, -0.259287865, -0.188274317), (0.462886779, -0.214085811, -0.165330363), (0.473842241, -0.179819189, -0.152015077), (0.463943481, -0.15850854, -0.168376042), (0.38781789, -0.384101834, -0.147357943), (0.414991078, -0.386210381, -0.0731849136), (0.411727503, -0.353563105, -0.149176368), (0.441071754, -0.355386385, -0.0740789522), (0.102477573, -0.309852329, -0.339132546), (0.112222168, -0.287273759, -0.342818558), (0.138541983, -0.306638524, -0.336846769), (0.154210418, -0.288816021, -0.33729652), (0.117422523, -0.263385389, -0.344286772), (0.166354896, -0.263526202, -0.336676823), (0.362646427, -0.306291349, -0.252032071), (0.401260637, -0.313949854, -0.205829762), (0.321320361, -0.300360225, -0.279852875), (0.434645359, -0.318345998, -0.146338873), (0.462250695, -0.319775974, -0.0726483691), (0.460887483, -0.266735151, -0.135624977), (0.481154178, -0.268657364, -0.0697022299), (0.120454849, -0.238288581, -0.343449787), (0.127547676, -0.214270324, -0.339196883), (0.171599558, -0.235754561, -0.334472378), (0.177099139, -0.208724614, -0.329378847), (0.22950752, -0.121598041, -0.258623557), (0.20830855, -0.135256255, -0.274623994), (0.159167992, -0.109739436, -0.250189369), (0.145202054, -0.126920392, -0.271666323), (0.26085228, -0.0494394809, -0.0837543549), (0.247360371, -0.0759571614, -0.155268333), (0.210882628, -0.0918222484, -0.211744498), (0.272236856, -0.0997374938, -0.221516406), (0.287134464, -0.0717940859, -0.155591838), (0.284552495, -0.0325383289, -0.0783148618), (-0.118414887, -0.0384397116, -0.184139769), (-0.154712366, -0.0546537953, -0.198806128), (-0.203269037, -0.0344411197, -0.156127775), (-0.232778985, -0.0515595601, -0.167202807), (-0.09174729, -0.0732471261, -0.23146433), (-0.0777133736, -0.0591798274, -0.213928914), (-0.0620582916, -0.0467130579, -0.199264983), (-0.2944027, -0.0489672732, -0.11558771), (-0.269181466, -0.0320976827, -0.108890008), (0.0243866762, -0.0332763811, -0.148513577), (-0.0122725452, -0.0321686959, -0.166485391), (0.321072725, -0.0827173794, -0.198848007), (0.319193605, -0.0485175227, -0.14911021), (0.310433484, -0.00275828791, -0.0778086648), (0.478818631, -0.216041406, -0.123413734), (0.492241955, -0.216033516, -0.066358538), (0.48461926, -0.180024946, -0.113306182), (0.493176659, -0.172442309, -0.0653006227), (0.351483995, -0.0953486325, -0.217136649), (0.312344165, -0.123427997, -0.246906979), (0.478296653, -0.145184149, -0.123855594), (0.486977264, -0.129716008, -0.0663664283), (-0.250687068, -0.0190276041, -0.100117142), (-0.201798395, -0.0199944767, -0.138011508), (-0.240203814, -0.00764545576, -0.0946891805), (-0.189344372, -0.00954339091, -0.134423822), (-0.0739035434, -0.0225728037, -0.165901504), (-0.0270481555, -0.0218450697, -0.154103594), (-0.0586951772, -0.0341710266, -0.180703213), (-0.0348529358, -0.0105406111, -0.147033831), (-0.0818782699, -0.0101697641, -0.157142597), (-0.137546583, -0.0219822406, -0.16134209), (-0.137655228, -0.0096089416, -0.153026864), (0.0074709574, -0.0216951529, -0.13312434), (0.0327789849, -0.0229242283, -0.105115988), (0.0203261754, -0.0108823244, -0.102696682), (-0.00241809199, -0.0102990447, -0.128073295), (-0.148770318, -0.464550128, -0.175390573), (-0.210001942, -0.464564088, -0.138530451), (-0.00786729628, -0.465179536, -0.203480256), (-0.0740947329, -0.464493682, -0.199047694), (-0.00699935663, -0.457224839, -0.24001748), (-0.0900016995, -0.45627921, -0.228953374), (0.0877687275, -0.464575013, -0.210378859), (0.102276066, -0.456594824, -0.24138494), (-0.245442406, -0.464403246, -0.0904648029), (-0.104828901, -0.440537334, -0.251244249), (-0.0174261644, -0.441117579, -0.264535865), (-0.0323346969, -0.422830758, -0.280756018), (-0.120421467, -0.418517158, -0.269875211), (0.116845313, -0.440488171, -0.264385341), (0.134478447, -0.417513262, -0.282851212), (-0.0286395805, -0.309592554, -0.340599546), (-0.0294419694, -0.287771459, -0.344819068), (0.0143337501, -0.310200719, -0.341137304), (0.0175651562, -0.285818898, -0.346094272), (-0.0327012952, -0.259323675, -0.347291786), (0.0203128224, -0.260370058, -0.348943906), (-0.0721118246, -0.284205623, -0.342083541), (-0.0840566164, -0.259728511, -0.341899028), (-0.0609457507, -0.303164945, -0.340428386), (-0.0223127253, -0.227760412, -0.347516964), (0.0308355285, -0.2355658, -0.348868037), (0.0248552422, -0.210299045, -0.346374076), (-0.0204603115, -0.197809211, -0.343766615), (-0.0703134294, -0.193692264, -0.337373602), (-0.0829434686, -0.226783221, -0.340408356), (-0.0154523604, -0.174788174, -0.337796647), (0.0264053946, -0.187614258, -0.341110599), (0.0264011459, -0.166573095, -0.331403634), (-0.0117463188, -0.156892837, -0.328930917), (-0.0421460566, -0.154758191, -0.327933697), (-0.0566582503, -0.1691757, -0.332514961), (-0.121425363, -0.094307105, -0.251447578), (-0.0158317047, -0.0946069387, -0.253117906), (-0.187656442, -0.117035592, -0.262240984), (-0.231810291, -0.148153959, -0.271640224), (-0.258410517, -0.187072251, -0.279378847), (-0.275241263, -0.230369087, -0.282091917), (-0.262157831, -0.272887811, -0.288886731), (-0.242713556, -0.31341513, -0.289706114), (-0.208253317, -0.350304993, -0.288018184), (-0.147474478, -0.385299348, -0.28534578), (-0.0334836548, -0.398399167, -0.295488535), (0.169436992, -0.382777468, -0.297067821), (0.233192925, -0.345278226, -0.300813921), (0.276355018, -0.303903604, -0.297679627), (0.307594775, -0.255762087, -0.290123697), (0.315051773, -0.211526299, -0.28448391), (0.306578133, -0.171701222, -0.27663118), (0.273759089, -0.142440124, -0.26908314), (0.1157789, -0.195051227, -0.336378203), (0.158130713, -0.190124, -0.328774324), (0.108386239, -0.176978053, -0.328935772), (0.143690746, -0.178120334, -0.326395076), (0.0734289079, -0.107714041, -0.258124643), (0.249958727, -0.304958485, -0.304981852), (0.275852462, -0.26362817, -0.299791816), (0.220071256, -0.302148302, -0.318440986), (0.242930237, -0.266367339, -0.314415082), (0.23570206, -0.304216791, -0.309971595), (0.260063851, -0.265868425, -0.305590017), (0.177705483, -0.329263222, -0.321593489), (0.191786135, -0.336312349, -0.313104068), (0.205072288, -0.341056276, -0.307358065), (0.284608335, -0.22220924, -0.294118647), (0.279167021, -0.183276988, -0.286906857), (0.25155865, -0.228996771, -0.309852025), (0.249853725, -0.19346405, -0.303067529), (0.268947183, -0.226167166, -0.300384807), (0.264691244, -0.188612086, -0.293216718), (-0.096780126, -0.368623375, -0.304738465), (-0.0162735649, -0.380389116, -0.307651829), (0.000929848626, -0.353790711, -0.325698904), (-0.00736777577, -0.368387271, -0.316357931), (-0.0600389662, -0.345270943, -0.325278894), (-0.077065757, -0.357860316, -0.315006859), (-0.11027507, -0.326534979, -0.324888018), (-0.134369803, -0.335775805, -0.314357421), (-0.160574297, -0.343133262, -0.303846854), (0.139468797, -0.367480487, -0.308104007), (0.122800714, -0.346229925, -0.323892011), (0.13076755, -0.35808246, -0.315332184), (-0.20170189, -0.308943724, -0.304118768), (-0.145131041, -0.298178844, -0.324290171), (-0.173580039, -0.30421497, -0.314013887), (-0.164912174, -0.263057029, -0.322514233), (-0.196571335, -0.266732723, -0.312345986), (-0.225093167, -0.269893723, -0.30281868), (-0.237185448, -0.227927931, -0.297520606), (-0.176296143, -0.224289868, -0.317162748), (-0.208248461, -0.225915282, -0.30710618), (-0.158832348, -0.185771556, -0.314012066), (-0.19124959, -0.184974629, -0.303215018), (-0.220841477, -0.185333944, -0.293282269), (-0.0764642688, -0.108255441, -0.273051384), (-0.142482307, -0.121669054, -0.278487236), (-0.0401158062, -0.127072737, -0.301256388), (-0.0905467413, -0.134291203, -0.304185533), (-0.0566794936, -0.117343923, -0.287201835), (-0.114915816, -0.127261499, -0.291352165), (0.0162559633, -0.130426747, -0.299975115), (0.00825271004, -0.120025431, -0.285322109), (-0.000196045109, -0.110078115, -0.271771932), (-0.190717901, -0.148582466, -0.286076549), (-0.131242792, -0.154360638, -0.308731594), (-0.160963959, -0.1506898, -0.297076318), (0.251676398, -0.1538945, -0.280816106), (0.188497675, -0.151079462, -0.298732687), (0.199633402, -0.142209483, -0.283523714), (0.226048508, -0.167390051, -0.300811493), (0.240234769, -0.160163088, -0.288505566), (0.13325969, -0.144242161, -0.298835261), (0.139668483, -0.1349546, -0.282639386), (0.0739065781, -0.140298802, -0.302220833), (0.0734222314, -0.130078964, -0.286463176), (0.212235521, -0.264779555, -0.32537115), (0.192046517, -0.295046371, -0.328364632), (0.158513699, -0.317212214, -0.33039124), (0.22205113, -0.200329878, -0.315612595), (0.219921946, -0.231981148, -0.321697884), (-0.0435596451, -0.327669977, -0.334372231), (0.00870488838, -0.333469998, -0.334339455), (-0.0847291179, -0.314050001, -0.334429284), (0.114137098, -0.329367618, -0.332168999), (-0.110833465, -0.290282414, -0.334382549), (-0.125751102, -0.259119132, -0.33326758), (-0.136088081, -0.223437102, -0.328425934), (-0.11843431, -0.18845792, -0.326001772), (-0.0652211122, -0.144094065, -0.317399459), (-0.0248133626, -0.140733379, -0.316002258), (0.0229063232, -0.146208682, -0.316080555), (-0.0961422207, -0.160714806, -0.321291834), (0.198876534, -0.178328518, -0.315031744), (0.167557266, -0.165150402, -0.314010852), (0.122658687, -0.15924902, -0.314651792), (0.0724954175, -0.156940786, -0.318435524), (0.0668847643, -0.175417582, -0.332226053), (0.0714502482, -0.193740213, -0.339976814), (0.0751623593, -0.216444422, -0.345020576), (0.0759259034, -0.240707887, -0.34785018), (0.0689301885, -0.262711674, -0.348073538), (0.0659330655, -0.287157225, -0.345369572), (0.0589003265, -0.308744037, -0.34117797), (0.0628030202, -0.33011963, -0.334855364), (0.0629007393, -0.350599971, -0.326734362), (0.0628861724, -0.365847789, -0.317985773), (0.0627878464, -0.377656017, -0.310140327), (0.068269826, -0.394874604, -0.300357494), (0.0498949975, -0.422055682, -0.28556064), (0.0521431433, -0.444360517, -0.265247211), (0.0550352638, -0.457998701, -0.24294359), (0.0450569927, -0.464605968, -0.213692203), (-0.343420046, -0.438482198, -0.038341689), (-0.376843613, -0.412289236, -0.033308853), (-0.305405504, -0.45516849, -0.0368170286), (-0.400361743, -0.380801236, -0.0476347127), (-0.415930031, -0.349483181, -0.0399009456), (-0.42685818, -0.311679858, -0.0400211219), (-0.434988893, -0.275248243, -0.031519562), (-0.434652642, -0.23726769, -0.0405455274), (-0.429188871, -0.198365785, -0.0403719395), (-0.417369111, -0.162516236, -0.0399343279), (-0.400642761, -0.130035264, -0.0394985372), (-0.379282341, -0.0966790687, -0.0325471297), (-0.355542675, -0.071002622, -0.048162153), (-0.333266366, -0.0505325993, -0.0385104213), (-0.308619915, -0.0323301448, -0.0376394469), (-0.287430049, -0.0187338399, -0.0355460736), (-0.272210758, -0.00705125093, -0.0284641717), (-0.264560143, -0.463662159, -0.040426565), (0.0465233858, -0.0239093094, -0.0726362301), (0.0505201568, -0.0232471261, -0.0424549946), (0.0355145122, -0.0130685612, -0.0703352796), (0.0424938394, -0.0134867503, -0.037317763), (0.0195341046, 0.0040019301, -0.107435754), (0.0359527307, 0.000337768121, -0.0755969361), (0.0449999393, -0.00203844426, -0.0451802037), (0.0560318771, 0.0125623642, -0.0524435839), (0.0463224851, 0.019572039, -0.0869469161), (0.0232765632, 0.0271564962, -0.126724044), (-0.0378694813, 0.00269577198, -0.14874604), (-0.00548926304, 0.00432543488, -0.132324986), (-0.00722999794, 0.0243020066, -0.149634009), (-0.039439663, 0.0195447262, -0.161121766), (-0.0790128552, 0.00376946795, -0.157601452), (-0.0772593744, 0.0189329198, -0.168575122), (-0.127276369, 0.0149446461, -0.163274014), (-0.131572974, 0.00147519392, -0.15383775), (-0.19231661, 0.0165779507, -0.141296932), (-0.182166572, 0.00116018646, -0.136590029), (-0.234277546, 0.00544647301, -0.0981257359), (-0.249968439, 0.0242388837, -0.101645444), (-0.266693575, 0.00512357518, -0.0340214132), (-0.272546401, 0.0198961507, -0.0404380971), (0.0728377378, -0.121307311, -0.273856808), (0.278510907, -0.463480681, -0.0159646269), (0.315925175, -0.454445611, -0.0114185654), (0.355287148, -0.437589374, -0.0110088736), (0.395086126, -0.413297382, -0.00641850472), (-0.349339031, -0.435548198, 0.0393692567), (-0.376822977, -0.412030068, 0.0485949089), (-0.312222168, -0.453424113, 0.03703371), (-0.400369633, -0.381801491, 0.035628012), (-0.417568798, -0.343455553, 0.0423190376), (-0.428605591, -0.307745603, 0.0356984183), (-0.432853033, -0.271107625, 0.045571687), (-0.433592299, -0.230388509, 0.0476638464), (-0.427539179, -0.191659586, 0.049482271), (-0.415088797, -0.156165103, 0.0507295549), (-0.397198922, -0.124050729, 0.0517164569), (-0.352554656, -0.0704241979, 0.0444063414), (-0.37636655, -0.0969795093, 0.0616152175), (0.201264885, -0.0530022821, -0.0111678947), (0.208118574, -0.053509693, 0.0442072616), (0.230266209, -0.049105658, -0.00564585635), (0.236557861, -0.0470529504, 0.039736462), (0.152007186, -0.0482528921, -0.0158754051), (0.161868923, -0.0497083601, 0.0402080627), (0.0779142743, -0.0330997584, -0.015827456), (0.0884060258, -0.0353448694, 0.0171858119), (0.414791998, 0.0282417242, 0.00226392649), (0.375836075, 0.0402896976, 0.0049272266), (0.38174292, 0.0323604924, 0.0654250476), (0.347869603, 0.0302610495, 0.0587522305), (0.341981573, 0.0320345598, -0.00353548841), (0.47751308, -0.0632846356, -0.0155792131), (0.452631739, -0.00952093373, -0.00646159822), (0.429623448, -0.382132279, -0.0106447031), (0.450025492, -0.355956919, 0.0457252455), (0.455355127, -0.349832785, -0.0108905182), (0.471404727, -0.317448925, 0.0447425922), (0.475610289, -0.310233494, -0.0111836755), (0.256930771, -0.0389993202, -0.0163688561), (0.258778329, -0.0371651149, 0.0466022894), (0.281995411, -0.0176734969, -0.0108632054), (0.284837762, -0.0162938977, 0.0568949611), (-0.324607606, -0.0473813108, 0.048716906), (-0.300064337, -0.030095352, 0.0455310213), (0.308521589, 0.0111542383, -0.00611988492), (0.315616237, 0.0129423154, 0.061251047), (0.492116316, -0.258612328, -0.0112516539), (0.5, -0.205987873, -0.0109257214), (0.498352129, -0.16164951, -0.0109117615), (0.490832008, -0.11484632, -0.0106149626), (-0.279333325, -0.0174568155, 0.0415700603), (-0.264657255, -0.0082827541, 0.0458290341), (0.0487490744, -0.0217291421, -0.0179560325), (0.0521558892, -0.0233454521, 0.00715959164), (0.044040957, -0.0130843419, -0.0163063402), (0.0448834048, -0.0138782335, 0.00316706928), (-0.262947474, -0.463669442, 0.0293782396), (0.048494762, -0.00293551755, -0.0215613202), (0.0488006652, -0.00432786268, -0.00219352019), (0.0608091868, 0.0114995933, -0.0293940203), (0.0632473082, 0.0123723886, -0.00178807706), (-0.261094454, 0.0178191651, 0.0456117457), (-0.259188021, 0.00234677527, 0.0372953058), (0.226713726, -0.455962988, 0.208612632), (0.173761517, -0.456118368, 0.229631945), (0.19520691, -0.464678195, 0.18451972), (0.14825623, -0.464636922, 0.201721312), (0.267133007, -0.455652229, 0.176379296), (0.230958133, -0.46471097, 0.158226611), (0.294259459, -0.454974265, 0.133603831), (0.257639083, -0.46394864, 0.127032982), (0.30940713, -0.4545494, 0.0871016885), (0.265717598, -0.463698576, 0.0860322412), (-0.307138348, -0.415042365, 0.185151556), (-0.2798638, -0.439174729, 0.173755447), (-0.223246216, -0.416774603, 0.238975953), (-0.198906882, -0.439701562, 0.222134889), (-0.247142476, -0.455887726, 0.159276636), (-0.174160284, -0.455858593, 0.202381068), (0.195478217, -0.438782032, 0.250980832), (0.254624358, -0.438353525, 0.227625973), (0.299650396, -0.437884352, 0.190557059), (0.328723947, -0.41300908, 0.201529516), (0.280558152, -0.413178419, 0.242539968), (0.217278675, -0.413860632, 0.267732068), (0.330032533, -0.437890421, 0.142482307), (0.347350053, -0.438014846, 0.0920198109), (0.381940786, -0.415416854, 0.096323699), (0.361885311, -0.414139222, 0.149467704), (-0.289204773, -0.455963595, 0.102302164), (-0.325836075, -0.439100074, 0.109601962), (-0.354958181, -0.414535561, 0.114984401), (-0.345094017, -0.350485864, 0.197378579), (-0.328535792, -0.384788903, 0.192791245), (-0.278050838, -0.352199893, 0.254563056), (-0.249675888, -0.386836148, 0.249830661), (0.246874203, -0.381671603, 0.278716663), (0.306773571, -0.382044878, 0.252209908), (0.355212493, -0.383124036, 0.208902754), (0.379564573, -0.351143192, 0.211727503), (0.334420787, -0.347285413, 0.256427609), (0.285120601, -0.344365979, 0.282482186), (-0.377097925, -0.383994404, 0.118820937), (-0.392643149, -0.349488644, 0.12158317), (-0.356396048, -0.313131077, 0.199856153), (-0.297921194, -0.314225409, 0.255898955), (-0.362765389, -0.273002525, 0.200032168), (-0.309798614, -0.27366835, 0.255238592), (-0.40524102, -0.308977713, 0.118052538), (-0.408830527, -0.264665449, 0.125639423), (-0.305386688, -0.192068063, 0.250096505), (-0.358307943, -0.192691402, 0.198922662), (-0.321186225, -0.232297976, 0.246227801), (-0.37250088, -0.231894961, 0.189040896), (-0.412714405, -0.22653073, 0.119625754), (-0.402901832, -0.191771871, 0.128180119), (-0.257146846, -0.122912089, 0.240560094), (-0.323278991, -0.123879569, 0.193551755), (-0.286934777, -0.154886257, 0.246357081), (-0.344793576, -0.156250683, 0.197076318), (-0.390399859, -0.15595267, 0.128170408), (-0.371771325, -0.123740577, 0.127428107), (-0.183757997, -0.0746242975, 0.216830746), (-0.264569247, -0.0711495041, 0.181805436), (-0.217848602, -0.0969479479, 0.230724456), (-0.295544981, -0.0957334393, 0.188423627), (-0.347561879, -0.0950311973, 0.125876133), (-0.320184149, -0.0696400175, 0.124052246), (0.156366914, -0.0769015769, 0.19120589), (0.118388788, -0.0651765013, 0.177721264), (0.0821168016, -0.0867305381, 0.226769565), (0.0541521504, -0.0664316755, 0.201937994), (0.0874597895, -0.0505423105, 0.153522742), (0.0395768339, -0.0501405091, 0.177350417), (-0.00899197611, -0.0472659901, 0.187864626), (-0.012052829, -0.0619535925, 0.208803821), (-0.012780563, -0.0794805108, 0.230331152), (0.231497105, -0.0596380752, 0.0949750543), (0.192819165, -0.05853039, 0.0933484262), (0.204969106, -0.0719379332, 0.151984122), (0.166271137, -0.0622698139, 0.140217774), (0.146933078, -0.0500361136, 0.0876619041), (0.12788332, -0.0519194819, 0.127609585), (0.0774972991, -0.0359002294, 0.0962581483), (0.0864352566, -0.0350935918, 0.0554625572), (0.0542237706, -0.0363942874, 0.130547227), (0.419046116, -0.0368464657, 0.149456172), (0.41998082, -0.00265753408, 0.110529989), (0.384173758, -0.017129062, 0.145943141), (0.38687651, 0.0133756783, 0.108809284), (0.350082545, 0.00768369366, 0.109224438), (0.350912854, -0.0284365554, 0.152248753), (0.349490768, -0.0583470909, 0.182710399), (0.37904381, -0.0582378397, 0.184354022), (0.413126525, -0.0727761323, 0.182933757), (0.469509827, -0.106210624, 0.134976754), (0.476730113, -0.0871669357, 0.091265978), (0.449703201, -0.0677700021, 0.142628583), (0.453720608, -0.0367080809, 0.102858738), (0.435932094, -0.0997514536, 0.183261511), (0.455332063, -0.130070467, 0.176683985), (0.429458964, -0.171077884, 0.217304774), (0.410868668, -0.136554522, 0.223222545), (0.384590733, -0.108144369, 0.221014458), (0.352144357, -0.154929351, 0.258659974), (0.365682395, -0.185635599, 0.263457313), (0.370325568, -0.234445975, 0.26410493), (0.411731145, -0.246220821, 0.228960657), (0.440110951, -0.26016855, 0.189979242), (0.452422948, -0.195306146, 0.193835808), (0.466791901, -0.21525237, 0.168854927), (0.475216378, -0.184873876, 0.158202333), (0.467920829, -0.160433181, 0.167086879), (0.389899125, -0.385665946, 0.154256546), (0.412330812, -0.387555384, 0.0992589131), (0.438591146, -0.356608784, 0.10052744), (0.414523119, -0.354866228, 0.156425788), (0.0985336069, -0.308085495, 0.338610568), (0.132629675, -0.304517231, 0.335924811), (0.107378094, -0.285933005, 0.340489081), (0.146835965, -0.287537176, 0.335572173), (0.158974375, -0.263925576, 0.334273298), (0.112862501, -0.262852487, 0.34045752), (0.366252929, -0.305484104, 0.251769262), (0.406022773, -0.313592967, 0.206887071), (0.323814929, -0.299432198, 0.279435293), (0.438509207, -0.31831383, 0.153810437), (0.462135981, -0.319762622, 0.0991423785), (0.481626385, -0.269644873, 0.0944014858), (0.46431979, -0.267731764, 0.144272205), (0.174584542, -0.211181551, 0.327406863), (0.126134695, -0.214950716, 0.334641717), (0.166479928, -0.237684665, 0.331904369), (0.117194916, -0.238520436, 0.338627563), (0.147835613, -0.128465689, 0.272183445), (0.212437636, -0.138691596, 0.275678268), (0.162678595, -0.114355904, 0.254455019), (0.234855971, -0.12685909, 0.260469294), (0.265583462, -0.0544025176, 0.103968851), (0.248048653, -0.0783097027, 0.161096275), (0.203869311, -0.0942543002, 0.214836912), (0.283120698, -0.105201265, 0.224481967), (0.289648454, -0.0739499751, 0.16241093), (0.292989111, -0.0420510688, 0.113395404), (-0.125289819, -0.0375056143, 0.182745603), (-0.20983321, -0.0349916241, 0.161117518), (-0.156660678, -0.0558343146, 0.20077629), (-0.235045339, -0.0512833975, 0.173131502), (-0.096347977, -0.0793585137, 0.231649449), (-0.0809223224, -0.0610389177, 0.212252516), (-0.0623162456, -0.046194722, 0.193914104), (-0.292720232, -0.0486085653, 0.121207468), (-0.266746986, -0.0318931402, 0.114742228), (0.0211989706, -0.0350268272, 0.151839061), (-0.021662681, -0.0345285206, 0.169523786), (0.323929035, -0.0794580536, 0.19514318), (0.322008643, -0.0510096627, 0.156030663), (0.316649874, -0.0155698054, 0.110446837), (0.481581471, -0.217674104, 0.132798407), (0.492538147, -0.217814916, 0.088687651), (0.4935208, -0.174326285, 0.0858222362), (0.485240777, -0.179081744, 0.127239345), (0.348642251, -0.0923090229, 0.215730951), (0.322736377, -0.13369457, 0.252464827), (0.48007684, -0.143680732, 0.129587638), (0.487990871, -0.132643938, 0.0866604353), (-0.246525814, -0.0194816033, 0.105840688), (-0.193875866, -0.021829289, 0.148040763), (-0.184588305, -0.00993123247, 0.138259144), (-0.233182607, -0.00862386045, 0.0992097501), (-0.0293418226, -0.0221831413, 0.153383751), (-0.0673642555, -0.0335792496, 0.177072434), (-0.0798692628, -0.0217728426, 0.164135277), (-0.0376097064, -0.00979041989, 0.144971413), (-0.0821805314, -0.00926904915, 0.15507775), (-0.128781607, -0.0104313599, 0.15482708), (-0.136702315, -0.0215871156, 0.163511939), (0.00665157382, -0.0222159167, 0.133712475), (0.0343297442, -0.0242152126, 0.108992583), (0.0207923136, -0.0119778706, 0.10190097), (-0.00392575778, -0.0120294614, 0.127788635), (-0.208412945, -0.464389893, 0.140305175), (-0.146639313, -0.464383824, 0.177736438), (-0.00107855157, -0.464962248, 0.212401219), (-0.00935432574, -0.456541412, 0.242926595), (-0.0719515896, -0.464763775, 0.203353403), (-0.0870622367, -0.456281637, 0.230294735), (0.105171828, -0.456370859, 0.242221319), (0.0901540441, -0.464714005, 0.213324391), (-0.244578715, -0.46443238, 0.0916956991), (-0.0147513323, -0.441015004, 0.265661758), (-0.101884582, -0.440365566, 0.251965914), (-0.0298504473, -0.422405285, 0.281600893), (-0.117866204, -0.418074691, 0.270236347), (0.120413576, -0.439756188, 0.264339213), (0.137618204, -0.416066291, 0.282008157), (-0.0282365651, -0.309116098, 0.343884364), (0.0134136127, -0.30944992, 0.342972117), (-0.0292908387, -0.28723977, 0.347818012), (0.0160065065, -0.285038966, 0.346656915), (0.0184051761, -0.259976147, 0.347605579), (-0.0294128358, -0.262186055, 0.348943906), (-0.0767817041, -0.256444907, 0.346392284), (-0.070084002, -0.283307943, 0.346220517), (-0.0593294408, -0.302412326, 0.344427585), (-0.0310279319, -0.232268236, 0.346948251), (0.0214071547, -0.234898761, 0.34572828), (0.0247702691, -0.210968511, 0.341154906), (-0.0219267046, -0.204930565, 0.341503296), (-0.069788417, -0.196963122, 0.337731703), (-0.0855205817, -0.225200294, 0.342706879), (-0.0129153061, -0.181830624, 0.333605652), (0.034517292, -0.189982581, 0.334148873), (0.0274809114, -0.168746586, 0.324799403), (-0.0114216002, -0.161688962, 0.323964238), (-0.042141201, -0.160600092, 0.324572403), (-0.0565235072, -0.174460421, 0.330461647), (-0.0182589009, -0.0997981889, 0.253900266), (-0.12475813, -0.101965003, 0.253133687), (-0.188999017, -0.124385766, 0.264061229), (-0.230451936, -0.153759757, 0.271966156), (-0.255253159, -0.190304264, 0.277835978), (-0.271509122, -0.230978465, 0.278905425), (-0.258908217, -0.271880273, 0.28593695), (-0.239710363, -0.311773935, 0.287619418), (-0.205048617, -0.348864699, 0.287138713), (-0.0305557242, -0.397882045, 0.296895447), (-0.144420908, -0.384481178, 0.285796744), (0.171509729, -0.380502009, 0.295046675), (0.235474453, -0.342332694, 0.297013195), (0.279170662, -0.301974714, 0.29542784), (0.31011787, -0.256256145, 0.290047221), (0.309831389, -0.178793443, 0.279565787), (0.317165783, -0.215468445, 0.286227072), (0.278950946, -0.150074351, 0.271972833), (0.157994149, -0.191470824, 0.325811797), (0.115862659, -0.195045157, 0.330896831), (0.109145535, -0.176885189, 0.323548477), (0.144250355, -0.178705435, 0.322459), (0.073797327, -0.109970684, 0.258328579), (0.277429928, -0.264680622, 0.299638257), (0.24960184, -0.302914881, 0.303840785), (0.209076949, -0.298342114, 0.319231236), (0.230010075, -0.301576555, 0.310708433), (0.236054698, -0.267282014, 0.315249639), (0.258426298, -0.267110853, 0.306215176), (0.170023307, -0.323765462, 0.322225324), (0.186551184, -0.33135963, 0.313888248), (0.20401498, -0.337529892, 0.306268588), (0.283133444, -0.189628121, 0.288480681), (0.287255854, -0.226588997, 0.294962308), (0.249683172, -0.23281874, 0.310454728), (0.270610228, -0.230386688, 0.301027568), (0.25292611, -0.197318188, 0.303208949), (0.269038226, -0.193731716, 0.29382549), (-0.0940008983, -0.367748759, 0.305852827), (-0.0133778026, -0.380224632, 0.309134003), (0.00232280071, -0.354597349, 0.327651465), (-0.0582751672, -0.345386263, 0.327591983), (-0.00494604207, -0.36871199, 0.317735709), (-0.0746379538, -0.357477937, 0.316367642), (-0.106825769, -0.324566637, 0.327572561), (-0.130505347, -0.333551937, 0.315766154), (-0.157488559, -0.341326977, 0.304040471), (0.140174073, -0.364621748, 0.30804574), (0.120254555, -0.342577295, 0.324618531), (0.129591279, -0.354268382, 0.316116365), (-0.197754282, -0.306713179, 0.303546414), (-0.13897656, -0.295084002, 0.327627793), (-0.167716894, -0.301262761, 0.315513056), (-0.156447638, -0.260322109, 0.326439384), (-0.188597215, -0.264280642, 0.314172908), (-0.220091892, -0.268344784, 0.301985336), (-0.232062783, -0.228441411, 0.296233263), (-0.166921181, -0.223184003, 0.321190473), (-0.199783319, -0.22551348, 0.308858447), (-0.150626373, -0.187102599, 0.317736923), (-0.183484869, -0.187015805, 0.305631896), (-0.215855983, -0.188490088, 0.293230071), (-0.142359703, -0.128357652, 0.279347892), (-0.0776168684, -0.114990774, 0.273766979), (-0.0393583316, -0.130474696, 0.300305903), (-0.056476772, -0.12214369, 0.28708348), (-0.0881244006, -0.138490695, 0.304652885), (-0.113183578, -0.132327717, 0.29225288), (0.0172252637, -0.133140424, 0.298492334), (0.00873705677, -0.123634968, 0.284346739), (-0.000240959468, -0.115047828, 0.272264169), (-0.187871302, -0.153984935, 0.286739339), (-0.125905874, -0.157602362, 0.310931184), (-0.1559378, -0.154786111, 0.29898275), (0.256994501, -0.159051761, 0.282102235), (0.189788053, -0.1533968, 0.298482016), (0.228934559, -0.170239078, 0.30072652), (0.202263926, -0.1452497, 0.284647786), (0.245011471, -0.164003265, 0.289074886), (0.134415324, -0.145597482, 0.297989172), (0.141432282, -0.136487758, 0.283089744), (0.0751757123, -0.142067457, 0.300735624), (0.0742349385, -0.132429685, 0.285772466), (0.20157261, -0.265662062, 0.325351728), (0.180510203, -0.292650736, 0.328173442), (0.15133954, -0.313804186, 0.330363928), (0.219823013, -0.204105112, 0.315570109), (0.213197538, -0.235486289, 0.321740371), (-0.0424574224, -0.327521274, 0.337514415), (0.00881899513, -0.333110077, 0.336498986), (-0.0822387987, -0.312869481, 0.338147465), (0.110710254, -0.326856662, 0.332558662), (-0.106881001, -0.288374161, 0.338808434), (-0.120110101, -0.257329234, 0.338070382), (-0.129522694, -0.222819226, 0.333053327), (-0.113292829, -0.190380133, 0.329089331), (-0.063768072, -0.148949065, 0.316266888), (-0.0239721288, -0.144850326, 0.31347188), (0.0242652861, -0.149329016, 0.312702266), (-0.0929332718, -0.164728572, 0.322104541), (0.197637141, -0.18124431, 0.314370774), (0.167460761, -0.167072616, 0.312571772), (0.123481713, -0.160350635, 0.312139016), (0.0739296423, -0.158347091, 0.314594132), (0.0680288666, -0.175470994, 0.325454303), (0.076412071, -0.191788259, 0.332260042), (0.0744716493, -0.213053994, 0.338416344), (0.0689678195, -0.237609403, 0.34285012), (0.0658256352, -0.261787895, 0.3445162), (0.0628060549, -0.285920866, 0.343967516), (0.0564737372, -0.307494932, 0.341496012), (0.0612619721, -0.328894803, 0.335920562), (0.0640958254, -0.365098812, 0.319042474), (0.0627860256, -0.349702898, 0.328003496), (0.071181369, -0.393749924, 0.300758082), (0.0649212785, -0.376668508, 0.311092633), (0.052837495, -0.421110659, 0.285619515), (0.0541375836, -0.443873742, 0.265569502), (0.0510985809, -0.458492152, 0.242037412), (0.0522517875, -0.465243266, 0.213766251), (0.322645334, -0.452113099, 0.0401716457), (0.272438971, -0.463397528, 0.0361566661), (0.361546025, -0.434629274, 0.0427244808), (0.394621809, -0.413002404, 0.0499763289), (0.414730696, 0.0214402336, 0.0706150839), (0.476706442, -0.0679235606, 0.042339067), (0.446553126, -0.00696385001, 0.0590605616), (0.422865051, -0.387567523, 0.0454436203), (0.488563833, -0.268350247, 0.0428064191), (0.498399471, -0.215711832, 0.0409066631), (0.498461987, -0.170593537, 0.040032047), (0.491687202, -0.125282839, 0.0407664575), (0.0527154979, -0.0231281637, 0.0417879557), (0.0439335267, -0.0126910378, 0.0360625888), (0.0466399204, -0.0226620255, 0.0759155853), (0.0368218842, -0.0117672586, 0.0696919118), (0.0495277923, 0.000972638658, 0.031827893), (0.0678655968, 0.0232149577, 0.0381529273), (0.0235672926, 0.00248819481, 0.0972838952), (0.0394451256, -0.000407567463, 0.0657309508), (0.0506640042, 0.0186743588, 0.074784229), (0.031001833, 0.0208217507, 0.107704027), (-0.0382840287, 0.00300349604, 0.144119254), (-0.00485499945, 0.000453088773, 0.125105306), (0.00283446024, 0.0166064774, 0.129020746), (-0.029915998, 0.0166799184, 0.147709368), (-0.0758907003, 0.00224298668, 0.153189526), (-0.0702733706, 0.0176382937, 0.159899975), (-0.11688173, 0.019250962, 0.163080397), (-0.124446764, 0.00273461683, 0.15340985), (-0.168360262, 0.021891198, 0.15418007), (-0.177581058, 0.00366689326, 0.138287063), (-0.226162007, 0.0039958606, 0.0998288399), (-0.222208937, 0.022828937, 0.121780429), (0.149230386, 0.220391423, -0.0827941587), (0.144687967, 0.24785716, -0.086528727), (0.15150888, 0.223266549, -0.0747508467), (0.147836827, 0.254208293, -0.0729275665), (0.147125481, 0.217966654, -0.0892484735), (0.140898773, 0.24375478, -0.0982944683), (0.145094624, 0.214107054, -0.0950393911), (0.137229148, 0.237029765, -0.108920963), (0.143231285, 0.208989245, -0.0998701125), (0.133858143, 0.227991054, -0.117871059), (0.141622865, 0.202856614, -0.103516066), (0.130935068, 0.217064118, -0.124708967), (0.140336736, 0.196005353, -0.105791525), (0.128597701, 0.204770937, -0.129116644), (0.139440877, 0.188757754, -0.106601197), (0.126917661, 0.191694789, -0.130821569), (0.140327025, 0.183130106, -0.103513031), (0.128696634, 0.180108098, -0.125769917), (0.138902512, 0.176930104, -0.104715401), (0.125892521, 0.167757863, -0.12696561), (0.138463079, 0.168102611, -0.102289418), (0.124048605, 0.152390476, -0.123859236), (0.140557666, 0.162323833, -0.0945265177), (0.128654147, 0.143650384, -0.11010391), (0.142380947, 0.158014482, -0.0872091188), (0.131936537, 0.135381893, -0.0970738902), (0.146024472, 0.155580609, -0.0745013899), (0.137254033, 0.127684543, -0.0750166911), (0.144277668, 0.156162068, -0.0803894196), (0.136112359, 0.134271173, -0.0858058486), (0.135977616, 0.277736741, -0.0896982241), (0.140271186, 0.284463577, -0.0700087401), (0.1303615, 0.271774663, -0.107180835), (0.124920793, 0.261916569, -0.122991296), (0.119921339, 0.248620097, -0.136345428), (0.115597422, 0.232506768, -0.146613821), (0.11214812, 0.214333447, -0.153314558), (0.1097276, 0.194953508, -0.15611685), (0.111659525, 0.176823887, -0.151080979), (0.106927736, 0.155805181, -0.151048811), (0.107762294, 0.136170323, -0.141157334), (0.11228347, 0.123628291, -0.12563396), (0.117144539, 0.11117184, -0.106562959), (0.124505639, 0.108886063, -0.0885838624), (0.123297806, 0.308943117, -0.0893971765), (0.131288921, 0.309169509, -0.0668076816), (0.116303912, 0.298856808, -0.114477597), (0.109168599, 0.28600766, -0.13524017), (0.10260564, 0.268645832, -0.152794401), (0.0969257942, 0.247579784, -0.166319693), (0.0923936926, 0.22379763, -0.175183603), (0.0892199468, 0.198410699, -0.178972796), (0.0912957186, 0.174001566, -0.174140861), (0.0836942667, 0.147267811, -0.174232511), (0.0889741318, 0.124981185, -0.158110077), (0.0926880637, 0.105045885, -0.139232693), (0.0990695444, 0.0884876607, -0.114462424), (0.108596244, 0.0832721325, -0.0909728207), (0.119640928, 0.332331966, -0.0628643222), (0.105322959, 0.338548356, -0.0911524782), (0.0989578655, 0.324618835, -0.120090071), (0.0902286991, 0.308965574, -0.145501281), (0.082198133, 0.28778906, -0.166998871), (0.0752442977, 0.262078624, -0.183581374), (0.0696900909, 0.23303178, -0.194471285), (0.0657946807, 0.202008704, -0.19915998), (0.0679426796, 0.171698188, -0.194536229), (0.0594235181, 0.139611734, -0.192337246), (0.0655695019, 0.112206084, -0.173880479), (0.0701489457, 0.0883225701, -0.150290122), (0.0778444749, 0.0686421904, -0.120351667), (0.089612644, 0.0601187803, -0.0916720281), (0.102743418, 0.358674237, -0.0573143641), (0.0859150997, 0.363789619, -0.0901376564), (0.0785734228, 0.348683827, -0.123937533), (0.068380898, 0.330455274, -0.153622889), (0.0589986526, 0.305773013, -0.178752473), (0.0508709744, 0.27579025, -0.198150014), (0.0443759939, 0.241905401, -0.210906299), (0.0398147586, 0.205701392, -0.216428337), (0.0419967467, 0.169933175, -0.212057685), (0.0343874046, 0.137227631, -0.208292769), (0.0373311159, 0.10264236, -0.189674553), (0.0467965137, 0.0772627126, -0.162089853), (0.0515155561, 0.0507529225, -0.127070006), (0.0686333896, 0.039815669, -0.0899537503), (0.082753493, 0.382821775, -0.0509140679), (0.0636606417, 0.386759672, -0.0877930055), (0.0554479904, 0.370700361, -0.1259605), (0.0439402032, 0.35016418, -0.159490283), (0.0333464839, 0.322336093, -0.187884048), (0.0241639253, 0.288518615, -0.209812574), (0.0168204275, 0.25028557, -0.224250719), (0.0116625596, 0.209428677, -0.230523556), (0.01384212, 0.168729591, -0.226461841), (0.00871277874, 0.128970065, -0.218217021), (0.00634688452, 0.0899309897, -0.200268272), (0.0194369924, 0.0587367533, -0.165271489), (0.0599637043, 0.404423761, -0.0437538693), (0.0388830891, 0.407126513, -0.0841506937), (0.0299196397, 0.390347965, -0.126129839), (0.0172647155, 0.367805205, -0.163015453), (0.00561247405, 0.337234914, -0.194258245), (-0.00449143592, 0.300073138, -0.218399107), (-0.0125748067, 0.258051506, -0.234308501), (-0.0182564731, 0.213139574, -0.2412417), (-0.0161090812, 0.168098362, -0.237549011), (-0.0215109433, 0.124300793, -0.227712767), (-0.0239423882, 0.0821644472, -0.208056058), (-0.0132946503, 0.0499189721, -0.178573423), (0.0347054468, 0.423168222, -0.0359430195), (0.0119429709, 0.424595771, -0.0792671676), (0.00236164557, 0.407339553, -0.124444943), (-0.0112571165, 0.383115539, -0.164146202), (-0.0237985409, 0.350253402, -0.197785237), (-0.0346763131, 0.310290547, -0.223786402), (-0.0433787737, 0.265093349, -0.240933976), (-0.0495035142, 0.216777031, -0.24842557), (-0.047421066, 0.168055269, -0.245154712), (-0.053010476, 0.120897013, -0.233811408), (-0.0554661989, 0.0762557812, -0.212407895), (-0.044856092, 0.0426616613, -0.184474805), (0.00734531859, 0.438776569, -0.0275901625), (-0.016765195, 0.438907064, -0.0732110125), (-0.0268254045, 0.421427488, -0.120928878), (-0.0412095316, 0.395876073, -0.162869178), (-0.0544574467, 0.361200367, -0.198411003), (-0.0659482392, 0.319019714, -0.225893735), (-0.0751453647, 0.271307311, -0.244028818), (-0.0779124534, 0.225302261, -0.251772296), (-0.0825732286, 0.17254367, -0.249726872), (-0.0854040471, 0.118718666, -0.236531155), (-0.0862543852, 0.0763340779, -0.216679008), (-0.0785649255, 0.0415205938, -0.19034402), (-0.0230216439, 0.451207529, -0.0184343097), (-0.0507538329, 0.45040514, -0.0649601233), (-0.0598514184, 0.432756831, -0.114937666), (-0.0748000097, 0.40623126, -0.158530087), (-0.0885692956, 0.370222083, -0.195480644), (-0.10051348, 0.326408126, -0.224057102), (-0.110066279, 0.276842096, -0.242891392), (-0.110034718, 0.223488693, -0.25182328), (-0.120570777, 0.170362289, -0.248538462), (-0.12413115, 0.11424726, -0.23330157), (-0.113436677, 0.0655358162, -0.209606817), (-0.116035033, 0.0326160186, -0.182928902), (-0.065137353, 0.461263489, -0.00590381044), (-0.091438959, 0.459846259, -0.0484632006), (-0.101500989, 0.445330424, -0.0962071644), (-0.11693939, 0.41997202, -0.14179099), (-0.137569041, 0.381525935, -0.182143507), (-0.147440488, 0.334550371, -0.214052732), (-0.1564094, 0.2833741, -0.23386482), (-0.154440452, 0.227503065, -0.245064883), (-0.170789279, 0.169508309, -0.239150147), (-0.173082946, 0.114331019, -0.225111375), (-0.160130009, 0.0666568543, -0.201442115), (-0.159133396, 0.0279291446, -0.170881535), (-0.110864419, 0.465508503, 0.0075437915), (-0.132837252, 0.460974581, -0.0417606429), (-0.148562134, 0.444875211, -0.0908896685), (-0.165865087, 0.417656502, -0.135326357), (-0.194766263, 0.387364195, -0.16371466), (-0.20032654, 0.345936161, -0.192771216), (-0.206892533, 0.296419901, -0.212078928), (-0.206984183, 0.232236674, -0.227909419), (-0.222689642, 0.175956554, -0.224966314), (-0.218676483, 0.124844621, -0.215320652), (-0.212471018, 0.0749308076, -0.189077313), (-0.19986465, 0.0368452518, -0.163135629), (-0.146256934, 0.463598429, 0.0178303937), (-0.166574612, 0.458334952, -0.0309478144), (-0.183882421, 0.44176823, -0.0806643683), (-0.208221756, 0.415806516, -0.123387635), (-0.243641583, 0.260300866, -0.204186747), (-0.260684155, 0.205971485, -0.204952719), (-0.268444021, 0.139912781, -0.194646694), (-0.258659367, 0.0845097051, -0.170621153), (-0.241236237, 0.0434069969, -0.140991636), (-0.177193217, 0.457411173, 0.0267179742), (-0.201352893, 0.449872237, -0.0243454036), (-0.224410954, 0.431198182, -0.0811244371), (-0.207140776, 0.44759253, 0.0352298523), (-0.231428519, 0.439876971, -0.00774529917), (-0.246069994, 0.429796732, -0.0542025273), (-0.303321842, 0.14243709, -0.169873997), (-0.301778366, 0.193649777, -0.174518385), (-0.299275908, 0.099278639, -0.147478119), (-0.280586072, 0.0561966642, -0.116624989), (-0.235662001, 0.434282706, 0.0432422098), (-0.25492055, 0.427752522, 0.00699085932), (-0.26761614, 0.420391423, -0.030927785), (-0.323786402, 0.201889134, -0.149445854), (-0.325572051, 0.152162262, -0.144428192), (-0.327574989, 0.107501608, -0.119537139), (-0.308156812, 0.0680625523, -0.0942072616), (-0.262340524, 0.417676532, 0.050641547), (-0.279170662, 0.411349676, 0.0126439991), (-0.294090727, 0.401688841, -0.0207073405), (-0.345882446, 0.155051348, -0.114273662), (-0.340262081, 0.200698297, -0.123226793), (-0.345637238, 0.122467194, -0.0969925588), (-0.332294638, 0.0866564901, -0.0700700421), (-0.287363891, 0.397023817, 0.057463067), (-0.303141577, 0.389083079, 0.0233141942), (-0.317724177, 0.377084269, -0.00934036587), (-0.359268746, 0.199500176, -0.0889006907), (-0.359544301, 0.161782432, -0.0854526032), (-0.356416684, 0.132976547, -0.0670413576), (-0.350518943, 0.107909479, -0.0313520436), (-0.320795955, 0.0591737579, -0.0139064567), (-0.345881232, 0.0923557581, 0.0129984583), (-0.308539798, 0.0542641328, 0.0550097719), (-0.285252309, 0.031661892, 0.0314175943), (-0.298418893, 0.0410933005, -0.0419785382), (-0.313069472, 0.366947584, 0.064260916), (-0.326483691, 0.358764673, 0.0314910353), (-0.335672926, 0.350005159, 0.00616419233), (-0.328828949, 0.343172714, 0.0683450879), (-0.341157941, 0.334853239, 0.0350501948), (-0.340804088, 0.324108996, 0.0714520691), (-0.352722174, 0.314890021, 0.0366179487), (0.150383593, 0.187342345, -0.0752958885), (-0.293577854, 0.315846575, -0.12424465), (-0.301706746, 0.324630974, -0.114555894), (-0.287793612, 0.326223006, -0.12231576), (-0.295361682, 0.332799318, -0.113679457), (-0.281160854, 0.322042329, -0.127910633), (-0.28664951, 0.309317605, -0.130527197), (-0.284126416, 0.33578066, -0.118108377), (-0.278523046, 0.333989548, -0.121833234), (-0.290072713, 0.339583207, -0.112122628), (-0.307185084, 0.296510943, -0.121328251), (-0.315754015, 0.30662942, -0.112111096), (-0.300395125, 0.305706248, -0.1238823), (-0.308453004, 0.315826546, -0.114249384), (-0.293671931, 0.297458394, -0.129639228), (-0.301290984, 0.287686486, -0.125857318), (-0.318052538, 0.282851516, -0.111808228), (-0.323320871, 0.289499448, -0.107601452), (-0.313178116, 0.288757147, -0.11700312), (-0.320085216, 0.297081477, -0.110693866), (-0.308771653, 0.280534177, -0.120020879), (-0.315255708, 0.275765365, -0.113025771), (-0.326912198, 0.284985555, -0.102276672), (-0.323932677, 0.284052671, -0.106041588), (-0.326165042, 0.280054686, -0.100595419), (-0.321641438, 0.279241979, -0.106768715), (-0.320904599, 0.273826764, -0.105708372), (-0.326051542, 0.274475595, -0.097841076), (-0.330493208, 0.280523252, -0.0912077107), (-0.333561951, 0.288939232, -0.0854082958), (-0.330081089, 0.285180386, -0.0953671445), (-0.332036684, 0.292726605, -0.0919730757), (-0.328968548, 0.288728013, -0.0997626822), (-0.32841865, 0.294954721, -0.100392697), (-0.323515702, 0.312554474, -0.0996807439), (-0.326456985, 0.303458102, -0.100721665), (-0.328583134, 0.312664332, -0.0882791731), (-0.331611819, 0.302252698, -0.0896769808), (-0.334245985, 0.299603965, -0.0808209617), (-0.331731388, 0.311352711, -0.0778535792), (-0.310712682, 0.329106022, -0.102249967), (-0.317620389, 0.320433302, -0.10139538), (-0.315692713, 0.332642724, -0.0893856444), (-0.323084767, 0.323048653, -0.0881413953), (-0.326104954, 0.323159118, -0.077041479), (-0.318061035, 0.334032035, -0.078743976), (-0.296238119, 0.342881378, -0.103578582), (-0.303392855, 0.336643137, -0.102957064), (-0.299024023, 0.346184404, -0.0947049612), (-0.307326503, 0.340574964, -0.0916459292), (-0.308639338, 0.342767878, -0.0825368116), (-0.299076828, 0.348608565, -0.0878931524), (-0.289780162, 0.345467595, -0.106691026), (-0.292022239, 0.34709483, -0.102609888), (-0.286787288, 0.347511198, -0.105403683), (-0.291766712, 0.348760303, -0.0990203814), (-0.290461161, 0.350922262, -0.0949088967), (-0.283949186, 0.348977591, -0.103882057), (-0.283524321, 0.343210952, -0.112058292), (-0.287025213, 0.34370501, -0.110466867), (-0.279344857, 0.343437951, -0.113269158), (-0.280458005, 0.308526748, -0.152223868), (-0.290520035, 0.289839947, -0.149413079), (-0.285480523, 0.307494932, -0.143163306), (-0.29396873, 0.291812537, -0.140844147), (-0.304603115, 0.281260698, -0.129772151), (-0.296074242, 0.291193447, -0.13458345), (-0.302601391, 0.281275871, -0.136021316), (-0.284780102, 0.378645347, -0.108608383), (-0.276952864, 0.369506488, -0.126838757), (-0.286832809, 0.36629147, -0.108564076), (-0.281048568, 0.356804829, -0.122438971), (-0.279183408, 0.337064968, -0.127957368), (-0.281450977, 0.348590357, -0.117804902), (-0.277927627, 0.343369366, -0.133770136), (-0.27316185, 0.351640285, -0.141493585), (-0.273991551, 0.3303964, -0.149802134), (-0.279395841, 0.325693138, -0.140944294), (-0.2882379, 0.304374598, -0.13701975), (-0.281543233, 0.320969847, -0.134675099), (-0.315584676, 0.26493979, -0.135941806), (-0.312741718, 0.271936112, -0.130210976), (-0.303234441, 0.27544793, -0.142722053), (-0.320142876, 0.270284599, -0.114958909), (-0.312838223, 0.274424004, -0.123204336), (-0.322011678, 0.266594338, -0.120053654), (-0.324605179, 0.260583705, -0.125030044), (-0.332924046, 0.259032338, -0.110997342), (-0.328492698, 0.265623824, -0.109278457), (-0.325638209, 0.269387526, -0.106311681), (-0.331049782, 0.27069247, -0.0981767198), (-0.335382197, 0.26646263, -0.098790954), (-0.336034669, 0.276136819, -0.0890427172), (-0.341396472, 0.273146372, -0.0877426286), (-0.339836609, 0.285605251, -0.080730526), (-0.345837531, 0.284374962, -0.0775616359), (-0.347171002, 0.270683366, -0.0840638998), (-0.341248376, 0.261813994, -0.0962563275), (-0.351054274, 0.298892618, -0.0629146991), (-0.346302456, 0.298468967, -0.0695723425), (-0.351593246, 0.282504947, -0.0725670377), (-0.341060829, 0.298047136, -0.07384649), (-0.338606927, 0.311961483, -0.0693841877), (-0.342622513, 0.313805399, -0.0645971668), (-0.337368747, 0.333398378, -0.0564075796), (-0.335234101, 0.329187354, -0.0632667306), (-0.345992304, 0.316097853, -0.0575359011), (-0.332301315, 0.325871581, -0.0681108049), (-0.324405492, 0.337776314, -0.0699000959), (-0.325028223, 0.343409425, -0.0661837361), (-0.314107964, 0.363847279, -0.0679790966), (-0.313539858, 0.3550908, -0.07283531), (-0.326291895, 0.349709574, -0.0600602095), (-0.313958655, 0.346975261, -0.0750403622), (-0.303737603, 0.354070516, -0.0825022154), (-0.303210163, 0.363168708, -0.0821841732), (-0.29318637, 0.37866052, -0.093313223), (-0.294493135, 0.366581592, -0.0939159252), (-0.303015332, 0.374079256, -0.0791433496), (-0.295048495, 0.357255793, -0.0919129875), (-0.287328688, 0.356248255, -0.104854999), (-0.308307943, 0.276107078, -0.121686959), (-0.315454181, 0.271664805, -0.113965938), (-0.300245815, 0.283168344, -0.128067226), (-0.279256242, 0.31894688, -0.131483145), (-0.284658105, 0.30628103, -0.133788951), (-0.276858787, 0.331769929, -0.125751102), (-0.292018597, 0.293355406, -0.132387502), (-0.321665109, 0.270024217, -0.10561733), (-0.326820549, 0.271003836, -0.0978568567), (-0.277681205, 0.342991236, -0.116366428), (-0.282698867, 0.35029164, -0.104175215), (-0.334854757, 0.284150997, -0.0828457495), (-0.331089841, 0.275778718, -0.0901880334), (-0.290521249, 0.352789849, -0.0929903252), (-0.299459814, 0.35047069, -0.0844135034), (-0.334921521, 0.308041188, -0.0723442868), (-0.336567572, 0.295301897, -0.0766536375), (-0.309459935, 0.344367193, -0.0775877347), (-0.320561672, 0.334433836, -0.0723206157), (-0.329564573, 0.321059675, -0.0706618192), (-0.352622027, 0.26424726, -0.0788932859), (-0.356513796, 0.281834873, -0.0631168138), (-0.345061848, 0.251555311, -0.0983497008), (-0.354781558, 0.299249505, -0.0516199517), (-0.347858678, 0.320084305, -0.0455383047), (-0.296314595, 0.268359958, -0.158778329), (-0.279082655, 0.286338448, -0.166580075), (-0.266019859, 0.310202539, -0.170225422), (-0.312435815, 0.37798984, -0.0578940021), (-0.297888418, 0.391188592, -0.0710539094), (-0.326285218, 0.360113318, -0.0488534699), (-0.254892023, 0.367675318, -0.152567402), (-0.261115697, 0.387863715, -0.131364183), (-0.272328506, 0.395135593, -0.110406171), (-0.258019641, 0.338441532, -0.166122434), (-0.326233021, 0.250863388, -0.133628716), (-0.31283094, 0.257198133, -0.14775064), (-0.336488668, 0.248446509, -0.116919967), (-0.338092839, 0.340393486, -0.0445896406), (-0.284439602, 0.397404982, -0.088995375), (-0.357935882, 0.249296241, -0.0719364158), (-0.359607424, 0.27363254, -0.0518335984), (-0.35022882, 0.231845191, -0.0987927749), (-0.357106787, 0.29750695, -0.0333877566), (-0.348482623, 0.323140303, -0.0262718654), (-0.261675913, 0.280815803, -0.186687748), (-0.281971133, 0.250494968, -0.178654147), (-0.240363442, 0.3092648, -0.191247163), (-0.304912053, 0.3917045, -0.0415815924), (-0.282229694, 0.409237488, -0.0574005511), (-0.321799245, 0.372552167, -0.0344499205), (-0.233320992, 0.396549788, -0.140208063), (-0.223907185, 0.374382731, -0.166510883), (-0.246683014, 0.411738732, -0.110274463), (-0.232747423, 0.348139392, -0.180059238), (-0.30738295, 0.23827887, -0.15908666), (-0.324514743, 0.233014785, -0.140791949), (-0.337020964, 0.233649656, -0.123087802), (-0.335800993, 0.349866774, -0.0244194516), (-0.262860681, 0.416008631, -0.082729215), (-0.365943991, 0.26135696, -0.0320099783), (-0.364080652, 0.228868704, -0.0670753469), (-0.359313053, 0.298027713, -0.00122664757), (-0.348086891, 0.326271562, 0.00224389711), (-0.379428617, 0.186390646, 0.0365724274), (-0.382573836, 0.181257663, 0.0325841537), (-0.374876486, 0.180998495, 0.036577283), (-0.379541509, 0.177931572, 0.0391234417), (-0.375613324, 0.179505396, 0.0338629991), (-0.373010719, 0.185806759, 0.0582636351), (-0.376785346, 0.177073344, 0.0621469064), (-0.369035191, 0.183239964, 0.0761450127), (-0.37470836, 0.175504983, 0.0777886355), (-0.377574382, 0.177731886, 0.0498003132), (-0.373984875, 0.183151956, 0.0446102769), (-0.381143253, 0.198031355, 0.055871642), (-0.379994902, 0.19272357, 0.0446606538), (-0.392191578, 0.210655932, 0.0854222557), (-0.396086988, 0.208987424, 0.0615199262), (-0.375161145, 0.196088506, 0.0762615472), (-0.392437393, 0.241759732, -0.00160235011), (-0.382828755, 0.245449993, -0.00273188555), (-0.38741184, 0.218208221, -0.0355521431), (-0.378425934, 0.218721094, -0.03874956), (-0.37433812, 0.206480717, -0.0574327195), (-0.374530524, 0.248723279, -0.010745457), (-0.36263793, 0.129374901, -0.00792556355), (-0.362594836, 0.120821144, 0.036812173), (-0.37841683, 0.130551172, 0.00334369196), (-0.377276369, 0.12444464, 0.0434164047), (-0.374739315, 0.12133341, 0.0764260309), (-0.359336724, 0.117776072, 0.0714496413), (-0.377221743, 0.270421163, 0.0232680659), (-0.368661309, 0.277083662, 0.0235017419), (-0.367612498, 0.28993099, 0.0517965744), (-0.361958145, 0.29090636, 0.0473421624), (-0.379431651, 0.285871703, 0.052972845), (-0.389455444, 0.265826546, 0.025499824), (-0.413559281, 0.246379235, 0.0103114872), (-0.402583183, 0.245178686, 0.00529564573), (-0.413805096, 0.221202916, -0.0226107382), (-0.40168793, 0.219991442, -0.0296489397), (-0.380670438, 0.185556088, -0.0659312446), (-0.397547919, 0.185982168, -0.0611472584), (-0.384823802, 0.202245414, -0.0569841829), (-0.401016036, 0.202536751, -0.0502239648), (-0.415004431, 0.184109725, -0.0493080761), (-0.416018039, 0.20202934, -0.0407646366), (-0.403132473, 0.169126537, -0.0562528071), (-0.38447784, 0.164629032, -0.0608152563), (-0.393983297, 0.132532866, 0.0120170189), (-0.39557715, 0.140174984, -0.0250670681), (-0.382752886, 0.142640418, -0.0384303038), (-0.411272897, 0.146597737, -0.0181162675), (-0.408087619, 0.13468997, 0.0205695626), (-0.3912854, 0.126612668, 0.0498610083), (-0.404495078, 0.12890937, 0.0574333265), (-0.38863606, 0.123779422, 0.0806206679), (-0.402836888, 0.12556932, 0.0848098423), (-0.391426213, 0.28219783, 0.056266767), (-0.401482174, 0.265980104, 0.0309453866), (-0.405657995, 0.277666942, 0.0583121912), (-0.412531106, 0.263952282, 0.0321550395), (-0.423790044, 0.188068258, -0.0355424319), (-0.422967018, 0.17777073, -0.0377590163), (-0.418165431, 0.167402797, -0.0438042462), (-0.463443353, 0.14457477, 0.0329319365), (-0.472071766, 0.134886622, 0.0635167943), (-0.469209993, 0.153694206, 0.0394214545), (-0.476449095, 0.148051991, 0.0659791937), (-0.458239357, 0.129701441, 0.0546917297), (-0.456092572, 0.135627709, 0.0356128382), (-0.475505893, 0.140067554, 0.0861961179), (-0.46980177, 0.12639538, 0.0872916641), (-0.470871824, 0.135274463, 0.105035264), (-0.466109688, 0.12432325, 0.103233834), (-0.455453453, 0.119613919, 0.0999860401), (-0.45711407, 0.122553988, 0.0786280484), (-0.487596353, 0.311361816, 0.0838927397), (-0.489267896, 0.295401437, 0.049975115), (-0.499025237, 0.301503721, 0.0830223722), (-0.499044052, 0.284697253, 0.0498773959), (-0.486046808, 0.272978247, 0.0257061873), (-0.494232147, 0.25982016, 0.0253037789), (-0.400064337, 0.180500188, 0.0261826436), (-0.396100341, 0.19177612, 0.0337221865), (-0.414847837, 0.186697156, 0.0168847643), (-0.416176453, 0.199164532, 0.0333470909), (-0.418615181, 0.178014725, -0.00247150366), (-0.415100329, 0.177309448, 0.00979557897), (-0.393436434, 0.175748977, 0.0380266816), (-0.409309411, 0.174150269, 0.0331807864), (-0.402608675, 0.168520193, 0.0682740747), (-0.38820816, 0.171956749, 0.065124), (-0.404617682, 0.170893371, 0.0519780527), (-0.388385996, 0.173706588, 0.0507562607), (-0.386725986, 0.170487321, 0.0811948433), (-0.401289164, 0.166855934, 0.0852474538), (-0.424320519, 0.224403974, -0.0149431287), (-0.42417303, 0.249080773, 0.015716991), (-0.433266366, 0.255392454, 0.0205307178), (-0.436401874, 0.231027628, -0.00765061484), (-0.425660059, 0.183747982, -0.00366719674), (-0.428577065, 0.193000947, 0.0163761396), (-0.4390063, 0.190004431, 0.000389662414), (-0.44153425, 0.198252892, 0.0182188422), (-0.43177084, 0.205044672, 0.0340062395), (-0.444428799, 0.211048629, 0.0352626276), (-0.425777201, 0.184466005, -0.0209822892), (-0.436452858, 0.188746829, -0.0152053315), (-0.421461173, 0.174970259, -0.0154444701), (-0.421792568, 0.178496037, -0.0214441787), (-0.429345464, 0.191539409, -0.0281006082), (-0.43973282, 0.196697884, -0.0229615557), (-0.433290038, 0.219059773, 0.0501250319), (-0.41716821, 0.211902002, 0.048223455), (-0.445401134, 0.225643368, 0.051541655), (-0.43099637, 0.225210005, 0.0699571493), (-0.442149091, 0.230914129, 0.0726520108), (-0.416286311, 0.218426723, 0.0662274366), (-0.457586885, 0.25307633, 0.00861748747), (-0.465683002, 0.267592165, 0.019911021), (-0.448472912, 0.271993773, 0.0316021073), (-0.454211632, 0.281449459, 0.0386949344), (-0.458643586, 0.290055415, 0.0457337428), (-0.471359813, 0.283870586, 0.034715158), (-0.478366453, 0.226650299, 0.0229069302), (-0.475538669, 0.229211632, 0.0338223334), (-0.487868267, 0.242848602, 0.0364601415), (-0.484543998, 0.244079498, 0.0454150937), (-0.47366926, 0.235732711, 0.0455407325), (-0.480820962, 0.245439675, 0.0518730502), (-0.464207504, 0.225691317, 0.0404799767), (-0.464469707, 0.216466272, 0.0264800495), (-0.465408053, 0.211137244, 0.0135368237), (-0.464844803, 0.208918839, 0.00107126816), (-0.479449253, 0.225094684, 0.0112376941), (-0.469084961, 0.218715631, -0.00398038335), (-0.48351643, 0.236485937, 0.00737445223), (-0.492285655, 0.247841379, 0.0292932665), (-0.443695602, 0.28292435, 0.0494148994), (-0.449188507, 0.289968621, 0.0538960172), (-0.439441484, 0.286702618, 0.0717652557), (-0.445078843, 0.293096845, 0.0746737639), (-0.455532357, 0.296447213, 0.0580603066), (-0.453758239, 0.300609075, 0.0771750082), (-0.472218648, 0.246876935, 0.0597876886), (-0.463033661, 0.238746222, 0.0559948531), (-0.480441617, 0.254114216, 0.0643865548), (-0.469728329, 0.252036016, 0.0808701247), (-0.480273492, 0.260806456, 0.0841767926), (-0.45983321, 0.243446449, 0.0775901625), (-0.471817453, 0.300609682, 0.0559596499), (-0.469128661, 0.310928453, 0.0822636837), (-0.487491351, 0.25757687, 0.0628018063), (-0.489306741, 0.268696209, 0.0859836852), (-0.493627624, 0.261963911, 0.0574126901), (-0.495889729, 0.277867843, 0.0856359024), (-0.421238422, 0.13562346, 0.0283276078), (-0.425006373, 0.147440792, -0.0052689399), (-0.437609706, 0.145372911, 0.00570655143), (-0.433007805, 0.13434947, 0.0362252516), (-0.425023368, 0.162195159, -0.0220608407), (-0.436598526, 0.159994355, -0.00880442831), (-0.428531543, 0.170161995, -0.0171154056), (-0.440559487, 0.167988504, -0.00354277182), (-0.425764455, 0.1741181, 0.0165776472), (-0.422889936, 0.171621105, 0.0390663883), (-0.435464135, 0.166111206, 0.059672368), (-0.420175652, 0.168653115, 0.0563177509), (-0.436928708, 0.16902639, 0.0426128018), (-0.417304167, 0.12923591, 0.0616862307), (-0.428846551, 0.127958278, 0.0660040787), (-0.415094866, 0.124686206, 0.0883611114), (-0.426101919, 0.123783671, 0.0915184695), (-0.417316306, 0.165954005, 0.0715704245), (-0.416103012, 0.163814504, 0.0892533291), (-0.433012661, 0.163944391, 0.0756521686), (-0.432094344, 0.161845555, 0.0939681229), (-0.444087692, 0.130854647, 0.0455880746), (-0.449063475, 0.140916071, 0.0212129305), (-0.450610593, 0.154653188, 0.00840991029), (-0.45544617, 0.162697714, 0.0143118999), (-0.454337877, 0.163372644, 0.0635095109), (-0.451457289, 0.165661455, 0.0469100135), (-0.438995982, 0.120588682, 0.0952038748), (-0.440828366, 0.125074048, 0.0713434249), (-0.453145219, 0.160614659, 0.0812682844), (-0.452586217, 0.157683694, 0.100153559), (-0.421320361, 0.266324245, 0.0384224135), (-0.430257711, 0.270365931, 0.0417685332), (-0.417561514, 0.276070661, 0.0612024909), (-0.426399325, 0.277872698, 0.0665400163), (-0.451169594, 0.236516891, 0.0749717768), (-0.454581872, 0.231655216, 0.0532896733), (-0.454822831, 0.217715376, 0.0371957659), (-0.46714636, 0.233757086, -0.00430752983), (-0.454069605, 0.219819675, -0.0139204166), (-0.454411318, 0.204929351, -0.01443329), (-0.439540417, 0.210741512, -0.0229202831), (-0.447877493, 0.240788611, -0.000222143993), (-0.44148448, 0.263201483, 0.0255866179), (-0.452038748, 0.197802535, 0.00591716335), (-0.453238083, 0.206054031, 0.0215789218), (-0.477901528, 0.251568057, 0.00792556355), (-0.426481263, 0.204429223, -0.0313192683), (-0.370525255, 0.184311839, -0.0690916374), (-0.402900618, 0.156424271, -0.0478495733), (-0.354337877, 0.298159422, 0.072798286), (-0.359049636, 0.297245354, 0.0795148035), (-0.368644922, 0.294620292, 0.0789679409), (-0.381171779, 0.290576178, 0.0823310552), (-0.394675828, 0.285825574, 0.0861026475), (-0.409337938, 0.281318965, 0.0902766482), (-0.421750082, 0.280691985, 0.0939644812), (-0.434007453, 0.281347491, 0.0691140946), (-0.428718484, 0.283488207, 0.096064531), (-0.434010488, 0.288519829, 0.0977275762), (-0.43986028, 0.294943796, 0.0995854526), (-0.450109858, 0.304768509, 0.102807754), (-0.46911895, 0.315930941, 0.108618701), (-0.484540963, 0.316670814, 0.113136236), (-0.5, 0.289404156, 0.0841852899), (-0.495906117, 0.297883866, 0.11601379), (-0.493285303, 0.30947784, 0.115521553), (-0.493004892, 0.285735139, 0.114881827), (-0.486704136, 0.275032775, 0.112792095), (-0.477483339, 0.265321563, 0.109873876), (-0.466317872, 0.254907501, 0.106369949), (-0.455683487, 0.244896454, 0.103032326), (-0.446912441, 0.237484978, 0.100296799), (-0.438301023, 0.232196009, 0.0976595977), (-0.427480304, 0.227048459, 0.0943796356), (-0.413677636, 0.220597786, 0.0902056349), (-0.470869396, 0.151282184, 0.0856061618), (-0.471107928, 0.156347188, 0.0684033552), (-0.468565411, 0.147133675, 0.104689909), (-0.42896005, 0.173802486, -0.00461828864), (-0.422346108, 0.171567086, -0.0307493415), (-0.441326066, 0.171406851, 0.00715230823), (-0.438680368, 0.171361937, 0.0236941454), (-0.455126913, 0.16661983, 0.0224474684), (-0.450404836, 0.167887144, 0.0318285), (-0.450428507, 0.195853009, -0.00853312131), (-0.466407701, 0.160410117, 0.0454733609), (-0.498758179, 0.272612256, 0.0539457872), (-0.396273322, 0.20286147, 0.0462150548), (-0.43791743, 0.276205404, 0.0451504631), (-0.349393656, 0.308670596, 0.0736024958), (-0.360261717, 0.297591923, 0.0397212882), (-0.367941466, 0.276962272, 0.00573993372), (-0.372667185, 0.253677818, -0.0174947499), (-0.371421722, 0.221159822, -0.0541005596), (-0.368169679, 0.191156423, -0.0742027701), (-0.366031998, 0.165094563, -0.0699510798), (-0.36258816, 0.142012831, -0.0502239648), (-0.369197854, 0.165977069, -0.0633917625), (-0.365432938, 0.145258197, -0.0430437369), (-0.350279804, 0.108160757, 0.068973282), (-0.356715304, 0.111423724, 0.0243575426), (-0.335632868, 0.0865375278, 0.0691608298), (-0.358995011, 0.122623788, -0.0163646075), (-0.416536982, 0.159859612, -0.0353336409), (-0.402005972, 0.149290171, -0.0390281504), (0.152416878, 0.24723807, -0.0600589956), (0.153886306, 0.220021183, -0.0668896199), (0.155499581, 0.242583365, -0.0482926474), (0.155559062, 0.217297794, -0.0604310565), (0.158037243, 0.235360043, -0.0376612972), (0.156918632, 0.21316628, -0.0546298207), (0.159907258, 0.225906178, -0.0287014895), (0.157931026, 0.207827541, -0.0497796769), (0.161016764, 0.214664235, -0.0218308064), (0.158480924, 0.201521929, -0.0461082315), (0.161302031, 0.202159227, -0.0173727528), (0.158553151, 0.194551099, -0.0437908933), (0.160736353, 0.188982933, -0.0155482587), (0.158153777, 0.187251302, -0.0429399483), (0.159409558, 0.177612923, -0.0212566309), (0.15714988, 0.181766894, -0.0462963862), (0.156534432, 0.175491023, -0.0447723328), (0.157544398, 0.165147368, -0.0192670462), (0.154780345, 0.166742434, -0.0469227594), (0.154231054, 0.149826109, -0.0213986574), (0.150666432, 0.141525449, -0.0358580463), (0.152302771, 0.161237391, -0.0548968791), (0.146336445, 0.133553151, -0.0492146057), (0.149888928, 0.157233336, -0.0621705775), (0.144133214, 0.133473033, -0.0597919373), (0.148135447, 0.155922929, -0.0677757681), (0.147154008, 0.276841489, -0.0514129815), (0.151746197, 0.270056993, -0.0339309776), (0.155535391, 0.259454776, -0.0181162675), (0.158334648, 0.245533753, -0.00475728037), (0.160009833, 0.228942145, 0.00552021753), (0.160484468, 0.210455031, 0.012237949), (0.15973367, 0.190938528, 0.0150778718), (0.158517948, 0.173037121, 0.00907573532), (0.155047403, 0.154454108, 0.00946539773), (0.150842448, 0.136830078, 0.00428143095), (0.145199626, 0.120451511, -0.0111861033), (0.138736207, 0.108270008, -0.0341871108), (0.135770645, 0.107757742, -0.0514694279), (0.136698066, 0.307870635, -0.0435007708), (0.144160526, 0.296623836, -0.0190570412), (0.149144806, 0.282799318, 0.00170978041), (0.152833246, 0.26461143, 0.019269474), (0.155052865, 0.242913546, 0.032802656), (0.155697447, 0.218715631, 0.0416762767), (0.154739679, 0.193150864, 0.0454770026), (0.153613785, 0.168989366, 0.0392624334), (0.147432598, 0.141779762, 0.0390688161), (0.143575426, 0.120961349, 0.0224759951), (0.134172544, 0.0985648648, 0.0116176453), (0.127408684, 0.0850972335, -0.0181089841), (0.121452676, 0.0794714065, -0.0412004273), (0.122860195, 0.337141444, -0.0310789157), (0.132878525, 0.321897874, -0.00388873378), (0.13898445, 0.305055597, 0.0215249032), (0.143508661, 0.282867296, 0.043030384), (0.146238726, 0.256377536, 0.059622598), (0.14704597, 0.226820852, 0.0705234344), (0.145892764, 0.19557806, 0.0752273031), (0.144831814, 0.165528533, 0.0688634239), (0.135955158, 0.133561648, 0.0700524405), (0.131478289, 0.106532915, 0.0475606647), (0.119911021, 0.0798392187, 0.0280247393), (0.112325957, 0.0645167458, -0.00145971668), (0.106891319, 0.057444555, -0.0268466478), (0.106271016, 0.362153886, -0.0204081137), (0.118064677, 0.34551433, 0.011349373), (0.125204846, 0.325896466, 0.0410395853), (0.130498064, 0.3000349, 0.0661770597), (0.133698515, 0.269140497, 0.0855855254), (0.134654463, 0.234656587, 0.0983575911), (0.13332342, 0.198194018, 0.10389541), (0.132335911, 0.1626965, 0.0974623387), (0.121483631, 0.125962017, 0.096928222), (0.115961592, 0.0946706685, 0.0751332257), (0.108813533, 0.0714681533, 0.0510227121), (0.0927760716, 0.0451695821, 0.0201355928), (0.0860771556, 0.0338778694, -0.0193046772), (0.0865372243, 0.384922432, -0.00942412508), (0.0999338424, 0.367129669, 0.026436956), (0.108002039, 0.345023914, 0.0599715947), (0.113989002, 0.315862963, 0.0883744644), (0.117613712, 0.281014275, 0.110315736), (0.11870501, 0.242105694, 0.124771483), (0.117214946, 0.200955037, 0.131063742), (0.116333046, 0.160516333, 0.12467862), (0.105912915, 0.124008849, 0.122686), (0.0972626519, 0.086090205, 0.102809575), (0.086441933, 0.0524796975, 0.0698017699), (0.0769504364, 0.0274763593, -0.0401546511), (0.0639477294, 0.405115685, 0.00171220821), (0.0787518664, 0.386425849, 0.041154299), (0.0876315566, 0.3621551, 0.0780453756), (0.0942236492, 0.330120844, 0.1092997), (0.0982185994, 0.291825283, 0.133455128), (0.0994300732, 0.249060744, 0.149382731), (0.0978022312, 0.203822273, 0.15633778), (0.0970526469, 0.159020806, 0.150116535), (0.0843412763, 0.112120504, 0.14305102), (0.073735418, 0.0714032096, 0.122740019), (0.0649722623, 0.0444697678, 0.098803093), (0.0388308914, 0.422438061, 0.0128376164), (0.0548282936, 0.403129135, 0.0552859345), (0.0643895896, 0.377041782, 0.0949950837), (0.071490307, 0.342602787, 0.128645043), (0.0757972299, 0.301419961, 0.154662596), (0.0771112784, 0.255420374, 0.171829592), (0.0753711504, 0.206754452, 0.179345464), (0.0747532745, 0.158249979, 0.173367606), (0.0590769492, 0.110757899, 0.168050717), (0.0528696634, 0.0699659501, 0.143850374), (0.0447419852, 0.0420443924, 0.121239636), (0.0115520946, 0.436636461, 0.0237924714), (0.0285090861, 0.416985822, 0.0686273201), (0.0386123891, 0.3894691, 0.110574904), (0.0461203705, 0.353126707, 0.146130082), (0.0506773571, 0.309657498, 0.173627988), (0.0520733439, 0.261095364, 0.191786135), (0.0502446012, 0.209707875, 0.199752364), (0.0497614683, 0.158214169, 0.194092548), (0.0357299797, 0.113410274, 0.188129256), (0.0282444555, 0.0725236407, 0.166708749), (0.0163372947, 0.0387504704, 0.142147271), (-0.0213907671, 0.448049564, 0.0356195147), (-0.00241020163, 0.428146433, 0.0818321417), (0.00809429588, 0.399577259, 0.125431845), (0.015901504, 0.361835237, 0.162391508), (0.0206454315, 0.316681739, 0.190987388), (0.0221033273, 0.266233203, 0.20987691), (0.0245408417, 0.21798547, 0.216167955), (0.0179402518, 0.163120759, 0.214722806), (0.00668981172, 0.108208706, 0.202208694), (-0.00582490683, 0.0648954831, 0.180657085), (-0.0197343983, 0.0360689617, 0.160547591), (-0.0644430013, 0.457681266, 0.0440124304), (-0.0474362398, 0.440991333, 0.0889984098), (-0.0362586339, 0.413493427, 0.134589519), (-0.0324378786, 0.373087498, 0.178000461), (-0.0241894172, 0.324655252, 0.208156205), (-0.0216390099, 0.272524248, 0.227643574), (-0.0145291883, 0.216278724, 0.233802304), (-0.0274821253, 0.16195602, 0.233880601), (-0.036097185, 0.109508795, 0.220112529), (-0.0478750652, 0.0658137996, 0.197424101), (-0.0605305964, 0.0374740529, 0.175208488), (-0.102932179, 0.458574697, 0.0606774785), (-0.0899762075, 0.440170128, 0.109806504), (-0.0810133651, 0.410842266, 0.155353913), (-0.0904957574, 0.37899495, 0.193488632), (-0.0800725913, 0.336279574, 0.219182073), (-0.0757292514, 0.285940288, 0.237247357), (-0.0669673096, 0.220683366, 0.248421928), (-0.0761917479, 0.158788951, 0.246486969), (-0.0848838903, 0.105890761, 0.230231005), (-0.0906996929, 0.0657324682, 0.205844936), (-0.106237026, 0.040865087, 0.183381687), (-0.137223686, 0.455977555, 0.06960269), (-0.125290426, 0.437064968, 0.120054868), (-0.123163063, 0.408975285, 0.167995484), (-0.110837107, 0.250166608, 0.250325933), (-0.122519696, 0.193982993, 0.256765074), (-0.135121815, 0.128841392, 0.246073028), (-0.134040836, 0.0771558892, 0.215611988), (-0.154460481, 0.0466050207, 0.184488765), (-0.17019993, 0.4473716, 0.0823790044), (-0.159342187, 0.425974156, 0.141777638), (-0.204605543, 0.437722296, 0.0841415895), (-0.19209568, 0.42546371, 0.130697751), (-0.178235958, 0.133029352, 0.248685345), (-0.174606392, 0.182358672, 0.256526542), (-0.183319171, 0.090124607, 0.222607096), (-0.207342891, 0.050944112, 0.175728037), (-0.232488256, 0.425952306, 0.0838405419), (-0.222894184, 0.416801916, 0.122279343), (-0.211109021, 0.14364917, 0.24274451), (-0.208226004, 0.191101191, 0.252042996), (-0.224021899, 0.097094223, 0.21560167), (-0.243251921, 0.0671120674, 0.178640794), (-0.256176938, 0.409502725, 0.0914116462), (-0.250944415, 0.398225579, 0.127102174), (-0.244674614, 0.148303269, 0.224770269), (-0.236738125, 0.191567936, 0.237016108), (-0.255031015, 0.109957331, 0.203115478), (-0.273870161, 0.0799891356, 0.166019252), (-0.282406317, 0.387416393, 0.0943577854), (-0.27729215, 0.373886852, 0.129233178), (-0.272283592, 0.155919895, 0.204626179), (-0.268606077, 0.190306692, 0.212630039), (-0.281819396, 0.127089125, 0.186048022), (-0.300748977, 0.100433059, 0.155522038), (-0.298011022, 0.0663212105, 0.116719674), (-0.32008036, 0.0906520472, 0.119741075), (-0.26249651, 0.0426477015, 0.116405273), (-0.306884643, 0.357203596, 0.0987332937), (-0.301195086, 0.3471883, 0.124561478), (-0.321394409, 0.333205975, 0.102802899), (-0.332284927, 0.31224068, 0.106953228), (-0.195917649, 0.308002343, 0.210306632), (-0.191949405, 0.318529298, 0.206013062), (-0.207871545, 0.317099928, 0.206891319), (-0.202890907, 0.325374489, 0.203094235), (-0.183400503, 0.314192634, 0.206981148), (-0.186765438, 0.301294323, 0.211646779), (-0.190998313, 0.328306061, 0.200910426), (-0.184295148, 0.326424514, 0.200957768), (-0.199183044, 0.332284624, 0.199232207), (-0.209152211, 0.288623011, 0.214529188), (-0.201971983, 0.297796465, 0.21329465), (-0.221249348, 0.299041928, 0.21162857), (-0.213833016, 0.308229949, 0.209885408), (-0.193259811, 0.289373809, 0.214382306), (-0.20176562, 0.279657133, 0.215075444), (-0.223556974, 0.275235497, 0.21189745), (-0.216593428, 0.280975431, 0.213875502), (-0.230243751, 0.28201453, 0.211270469), (-0.225771738, 0.289501875, 0.212402433), (-0.21124255, 0.272675985, 0.213854866), (-0.220541036, 0.26815056, 0.211156363), (-0.229345464, 0.271803797, 0.209398026), (-0.231648236, 0.2766242, 0.210122725), (-0.236509912, 0.272836827, 0.206538681), (-0.236193083, 0.277690613, 0.208510057), (-0.229307226, 0.26644078, 0.207867296), (-0.237938674, 0.267379733, 0.203934862), (-0.24598502, 0.285818291, 0.202813217), (-0.250846089, 0.282301011, 0.197944258), (-0.2425952, 0.278153109, 0.204338484), (-0.245232401, 0.273673206, 0.200870974), (-0.23924908, 0.281521079, 0.207590527), (-0.238376285, 0.287722296, 0.208065162), (-0.246744316, 0.295437854, 0.201057308), (-0.236441326, 0.296230532, 0.207640297), (-0.244809964, 0.30593871, 0.198702339), (-0.23440622, 0.305400345, 0.205573022), (-0.253090593, 0.305036174, 0.191556707), (-0.253763095, 0.293139939, 0.194901006), (-0.240115806, 0.316387368, 0.196077277), (-0.228416223, 0.313272497, 0.20418614), (-0.233095813, 0.326011787, 0.193563287), (-0.222026245, 0.321987096, 0.201565933), (-0.240796198, 0.327827177, 0.185937557), (-0.248630719, 0.316936052, 0.188361111), (-0.22472839, 0.333939778, 0.191310892), (-0.215379526, 0.329576409, 0.198549388), (-0.216012576, 0.339517656, 0.189662414), (-0.20893553, 0.335869275, 0.195497032), (-0.219690698, 0.342233761, 0.184060258), (-0.230704427, 0.336508394, 0.184441423), (-0.207541971, 0.341997657, 0.189507035), (-0.205849185, 0.340176805, 0.192597021), (-0.199927773, 0.340536727, 0.192152126), (-0.201785042, 0.33840026, 0.194757159), (-0.198336348, 0.342104481, 0.189406888), (-0.208625378, 0.344353233, 0.185435002), (-0.193651902, 0.335997949, 0.19581386), (-0.197452021, 0.336511429, 0.196377111), (-0.189475473, 0.336226769, 0.19459571), (-0.169819978, 0.299623387, 0.226803554), (-0.178963692, 0.298921752, 0.221763435), (-0.179865621, 0.280911094, 0.229665934), (-0.187442188, 0.283208403, 0.224113548), (-0.202449653, 0.273051688, 0.220069435), (-0.197329416, 0.272787057, 0.224397601), (-0.192641935, 0.282849088, 0.219829083), (-0.196119764, 0.371526421, 0.195114653), (-0.198029838, 0.359161012, 0.195646949), (-0.17983406, 0.361708384, 0.205861324), (-0.185810704, 0.349156642, 0.20380983), (-0.181520776, 0.32922195, 0.206603018), (-0.17725634, 0.335284174, 0.211092633), (-0.188744704, 0.341146105, 0.199771786), (-0.168981779, 0.343275289, 0.215389844), (-0.165473604, 0.321683014, 0.221947948), (-0.174854028, 0.317297187, 0.217190061), (-0.18464111, 0.296036915, 0.217915367), (-0.180095655, 0.312822139, 0.212860074), (-0.208368638, 0.256454618, 0.231001833), (-0.19423154, 0.266726654, 0.230460433), (-0.209045995, 0.263655483, 0.224566334), (-0.22362556, 0.262574503, 0.215284842), (-0.222408017, 0.258652994, 0.220579274), (-0.212977215, 0.266459595, 0.218601828), (-0.221883611, 0.252474235, 0.226113451), (-0.236551184, 0.251347127, 0.218351157), (-0.233782275, 0.258033297, 0.214755581), (-0.232999308, 0.261966945, 0.210814042), (-0.241991891, 0.263524381, 0.206800277), (-0.245327086, 0.259207747, 0.209507884), (-0.251097367, 0.269323796, 0.201898542), (-0.258627199, 0.279124231, 0.197292392), (-0.256310467, 0.266366125, 0.203549448), (-0.265034171, 0.278162214, 0.197680234), (-0.26328676, 0.264042717, 0.20351121), (-0.251716457, 0.254560325, 0.210375824), (-0.277175615, 0.292920829, 0.188626956), (-0.272656259, 0.276238787, 0.196414135), (-0.269623326, 0.292509317, 0.191812234), (-0.263235169, 0.291870198, 0.192749973), (-0.263504048, 0.30598848, 0.188274924), (-0.269283434, 0.307992632, 0.186327826), (-0.269275544, 0.327787725, 0.1776284), (-0.275867636, 0.310513298, 0.182232729), (-0.263751684, 0.32345531, 0.181889195), (-0.25865087, 0.319967771, 0.184299397), (-0.250872188, 0.33187736, 0.182053072), (-0.253343085, 0.337631253, 0.179523301), (-0.242887144, 0.358129196, 0.176044866), (-0.257665182, 0.3441408, 0.175374792), (-0.239897304, 0.349176064, 0.179440756), (-0.239167749, 0.340969483, 0.181170565), (-0.226449702, 0.347862016, 0.182265505), (-0.226060647, 0.356973561, 0.18210527), (-0.211430097, 0.37209574, 0.186756334), (-0.227394117, 0.368007927, 0.179909929), (-0.21236116, 0.359987679, 0.187443402), (-0.214023598, 0.350750495, 0.185652897), (-0.200567499, 0.349285315, 0.192357882), (-0.220187791, 0.264014191, 0.211851928), (-0.209949138, 0.268234319, 0.214819311), (-0.199681958, 0.275083152, 0.21624261), (-0.183353767, 0.298138178, 0.213266124), (-0.179911142, 0.310967904, 0.208842666), (-0.180814285, 0.324058012, 0.203264788), (-0.190395004, 0.285163391, 0.215781328), (-0.238593574, 0.263869736, 0.204199493), (-0.230007648, 0.262671008, 0.208037243), (-0.186410979, 0.33566716, 0.196290924), (-0.197106059, 0.343422778, 0.189037862), (-0.25336797, 0.277616565, 0.196298207), (-0.246326734, 0.268951735, 0.200151738), (-0.209684507, 0.346302152, 0.183932191), (-0.221860547, 0.34423852, 0.181417594), (-0.258823244, 0.30192191, 0.188514063), (-0.258019034, 0.288996285, 0.192481093), (-0.234037801, 0.338309217, 0.180783331), (-0.246355867, 0.328474793, 0.181891016), (-0.25502798, 0.315074534, 0.184774032), (-0.28166523, 0.274956906, 0.19102077), (-0.270947086, 0.257149577, 0.202198983), (-0.253565229, 0.24401941, 0.214092791), (-0.283997135, 0.314701259, 0.173587322), (-0.286397019, 0.292937824, 0.181188167), (-0.179636801, 0.259122774, 0.241293291), (-0.160933612, 0.276981087, 0.238263999), (-0.147893274, 0.300706187, 0.234380728), (-0.227205963, 0.385514209, 0.171084257), (-0.246730356, 0.372722721, 0.167268357), (-0.263551391, 0.355129645, 0.166481142), (-0.147423494, 0.359049333, 0.215584069), (-0.163816021, 0.380052865, 0.201948312), (-0.184447493, 0.388080397, 0.190645674), (-0.143132352, 0.32921588, 0.227453599), (-0.218637031, 0.242211304, 0.235360954), (-0.199549643, 0.248033783, 0.241060829), (-0.23624346, 0.240523374, 0.225543524), (-0.276233628, 0.335327875, 0.1685557), (-0.206140521, 0.391117579, 0.179225895), (-0.291170687, 0.265659027, 0.183365906), (-0.279280521, 0.240164666, 0.199136916), (-0.257708275, 0.223650748, 0.218289248), (-0.298617973, 0.290443256, 0.167083237), (-0.294735309, 0.318099576, 0.157855764), (-0.156836694, 0.241133359, 0.250329574), (-0.135366416, 0.270968633, 0.246090023), (-0.115003824, 0.299265286, 0.238297382), (-0.248976074, 0.387220954, 0.150072227), (-0.221118853, 0.404331504, 0.151947098), (-0.267294456, 0.368280448, 0.152444191), (-0.135519368, 0.388697666, 0.194823924), (-0.11372073, 0.365536423, 0.210953034), (-0.16268952, 0.404993081, 0.177459668), (-0.114211753, 0.33862119, 0.226006021), (-0.213813593, 0.22293576, 0.244677041), (-0.1888928, 0.227900618, 0.2503842), (-0.233792593, 0.22482095, 0.233361051), (-0.284585877, 0.346002319, 0.15085398), (-0.191085107, 0.410246847, 0.163150196), (-0.308249068, 0.251370191, 0.169155974), (-0.287486495, 0.213433339, 0.197876279), (-0.30959043, 0.322347018, 0.133444203), (-0.318136297, 0.291526663, 0.141222278), (-0.36079462, 0.179900521, 0.121226283), (-0.357572925, 0.180156654, 0.114078224), (-0.356900424, 0.178650202, 0.116501171), (-0.361615217, 0.177067881, 0.114126173), (-0.365227789, 0.184791937, 0.0928228068), (-0.368454339, 0.176967734, 0.0907276126), (-0.361008267, 0.183531907, 0.106354775), (-0.366044137, 0.176588997, 0.103358866), (-0.370985324, 0.197676896, 0.100047342), (-0.36493888, 0.192725998, 0.11236116), (-0.385263842, 0.210009529, 0.107593561), (-0.315446291, 0.210669892, 0.178816203), (-0.338991733, 0.236713544, 0.151446971), (-0.324781801, 0.210663215, 0.180834922), (-0.347651707, 0.234039925, 0.155275616), (-0.32918705, 0.241991588, 0.152178953), (-0.302463006, 0.202107637, 0.190562522), (-0.359087874, 0.122984923, 0.105721725), (-0.343352068, 0.119096797, 0.103279355), (-0.338440622, 0.127289418, 0.140503648), (-0.319633038, 0.125273128, 0.141714515), (-0.347347018, 0.263639095, 0.128676604), (-0.339936756, 0.270398706, 0.124673157), (-0.347660205, 0.289444215, 0.0992910815), (-0.353564622, 0.286176999, 0.103518494), (-0.36424817, 0.28351552, 0.105931123), (-0.359023538, 0.259859612, 0.132550164), (-0.339883344, 0.21310073, 0.183690018), (-0.35955462, 0.238785674, 0.155272582), (-0.353620462, 0.215600153, 0.18479042), (-0.371124316, 0.241249894, 0.157366562), (-0.302603212, 0.181212141, 0.202675439), (-0.310451086, 0.195734653, 0.197650493), (-0.318974496, 0.179609791, 0.207254883), (-0.327890603, 0.196174693, 0.200616662), (-0.34565666, 0.196030238, 0.200719844), (-0.34032399, 0.177870877, 0.206623047), (-0.32646002, 0.162986016, 0.205344809), (-0.306241275, 0.160282657, 0.198622829), (-0.35614477, 0.129495078, 0.14163986), (-0.337427621, 0.135520885, 0.17402554), (-0.319241554, 0.137636109, 0.178245062), (-0.372607703, 0.131844584, 0.142116316), (-0.354340912, 0.142026791, 0.176916447), (-0.374293813, 0.125250064, 0.108066983), (-0.389473652, 0.127703359, 0.108896685), (-0.3762312, 0.28011174, 0.109124898), (-0.389401425, 0.275325933, 0.114603843), (-0.371868437, 0.261245281, 0.13434856), (-0.381670086, 0.259708482, 0.139218126), (-0.35508382, 0.18245457, 0.20001396), (-0.353286639, 0.172142476, 0.201043348), (-0.346076063, 0.161573034, 0.203101519), (-0.454262009, 0.145483376, 0.141102708), (-0.449613979, 0.132970478, 0.140338557), (-0.434006239, 0.150215164, 0.159504243), (-0.425782056, 0.141444725, 0.161839182), (-0.433297321, 0.127699717, 0.140135836), (-0.421154663, 0.132822989, 0.155301108), (-0.46459656, 0.139235424, 0.123592785), (-0.460611321, 0.125679178, 0.118799694), (-0.445314947, 0.121608359, 0.11904733), (-0.471458746, 0.310063548, 0.139175639), (-0.480751769, 0.3000349, 0.145626919), (-0.454832542, 0.292631921, 0.1679445), (-0.463156873, 0.281814237, 0.172821957), (-0.446198667, 0.255962988, 0.189851176), (-0.439348013, 0.269227291, 0.18568021), (-0.386426759, 0.196300938, 0.139158038), (-0.369277971, 0.189844196, 0.128262057), (-0.375255223, 0.183497311, 0.151456682), (-0.369477658, 0.177895155, 0.135480523), (-0.360255648, 0.185056568, 0.116709962), (-0.372429867, 0.172815584, 0.156727443), (-0.36836269, 0.173490513, 0.169171148), (-0.370947693, 0.174356632, 0.122046881), (-0.379988832, 0.171605324, 0.134350381), (-0.386545722, 0.169751089, 0.117495357), (-0.375159932, 0.172299069, 0.109174061), (-0.391798881, 0.168264667, 0.101036672), (-0.377579237, 0.171956142, 0.0948670171), (-0.366375533, 0.219623023, 0.184400757), (-0.382573836, 0.244903738, 0.159096979), (-0.380155137, 0.226462144, 0.185193435), (-0.392371842, 0.251940118, 0.160761238), (-0.373556974, 0.179529067, 0.174168174), (-0.387048884, 0.185763665, 0.178169194), (-0.386813994, 0.189532223, 0.159374355), (-0.399001566, 0.194124413, 0.164820525), (-0.410738781, 0.20766063, 0.152678474), (-0.400325933, 0.201128018, 0.146607752), (-0.376588694, 0.183930674, 0.189830539), (-0.364548004, 0.179534529, 0.188753202), (-0.363995072, 0.169980517, 0.181352651), (-0.360999162, 0.173551208, 0.186758154), (-0.363687954, 0.186290499, 0.196959783), (-0.375110769, 0.191507848, 0.198455917), (-0.395279744, 0.211448609, 0.128334284), (-0.409209264, 0.217699596, 0.134996783), (-0.419677952, 0.223671992, 0.140172253), (-0.428115782, 0.229801588, 0.120738295), (-0.417369111, 0.224249809, 0.116843492), (-0.403213198, 0.217760898, 0.112000631), (-0.419387829, 0.278653844, 0.157991114), (-0.41913291, 0.263855169, 0.179374598), (-0.410855315, 0.268976013, 0.160467474), (-0.406416077, 0.248968487, 0.183905486), (-0.431672514, 0.280684701, 0.170666675), (-0.426798092, 0.287498938, 0.154818582), (-0.431954139, 0.222923014, 0.181908617), (-0.447047184, 0.239574103, 0.176305248), (-0.435404047, 0.225992972, 0.171307008), (-0.449044052, 0.241231078, 0.167029219), (-0.449360274, 0.242911118, 0.159649911), (-0.440049042, 0.233032994, 0.160715716), (-0.429483849, 0.222879921, 0.159457507), (-0.422288447, 0.213033358, 0.170995035), (-0.416179487, 0.207161109, 0.182164751), (-0.409033249, 0.204437721, 0.192258343), (-0.409768266, 0.213953495, 0.199213392), (-0.426609937, 0.220851491, 0.192248024), (-0.427817162, 0.232013317, 0.198179148), (-0.446852353, 0.244193605, 0.184929412), (-0.416266281, 0.280723546, 0.143373311), (-0.424652521, 0.285516637, 0.122430474), (-0.423218903, 0.287885565, 0.142859224), (-0.43088894, 0.291958812, 0.123289916), (-0.439455444, 0.299460724, 0.126172932), (-0.43072567, 0.294455201, 0.143041916), (-0.436664077, 0.236630998, 0.146322485), (-0.446344942, 0.244799949, 0.148421928), (-0.45566103, 0.252124024, 0.149283798), (-0.466075699, 0.25966903, 0.132816616), (-0.455515969, 0.250894949, 0.129551828), (-0.445519489, 0.242299919, 0.126622076), (-0.443270736, 0.298316015, 0.153747314), (-0.455017662, 0.309795275, 0.130598818), (-0.479810389, 0.276575644, 0.140722757), (-0.474564513, 0.267511441, 0.136492917), (-0.462927445, 0.259499084, 0.162583304), (-0.46070904, 0.255428264, 0.154557594), (-0.387852487, 0.132944986, 0.142696561), (-0.372817101, 0.143252831, 0.173519344), (-0.402037534, 0.1318634, 0.142319645), (-0.389368043, 0.141499351, 0.170965902), (-0.386191262, 0.162426407, 0.181121402), (-0.380475607, 0.155338436, 0.183246944), (-0.369027908, 0.16500959, 0.186320543), (-0.363612693, 0.157250331, 0.18830163), (-0.384834727, 0.170062455, 0.156341422), (-0.39412593, 0.169585392, 0.136347856), (-0.401443936, 0.167464099, 0.119777492), (-0.408480317, 0.168095328, 0.139982884), (-0.416202552, 0.164913085, 0.12449532), (-0.402552835, 0.128048714, 0.112216099), (-0.4146263, 0.126817211, 0.114720378), (-0.407455784, 0.165439311, 0.104938759), (-0.422459607, 0.162364498, 0.109653552), (-0.416456864, 0.128636849, 0.140240838), (-0.407418153, 0.137571165, 0.163874895), (-0.401590211, 0.150522281, 0.176039403), (-0.408610811, 0.158256048, 0.173800362), (-0.422065089, 0.16357233, 0.146049357), (-0.433683949, 0.1604174, 0.131438231), (-0.427638719, 0.124012491, 0.116532126), (-0.442522973, 0.159025055, 0.116183129), (-0.410978526, 0.276564112, 0.119390257), (-0.401043348, 0.267855582, 0.141928768), (-0.400849124, 0.274101713, 0.118689836), (-0.392084755, 0.263004831, 0.139193848), (-0.436893504, 0.235371575, 0.123869554), (-0.428184367, 0.229523604, 0.143764794), (-0.419992959, 0.214687299, 0.156876146), (-0.40776897, 0.228988881, 0.19909625), (-0.391751539, 0.2148184, 0.199556319), (-0.391950012, 0.19991533, 0.199531434), (-0.37481397, 0.205561187, 0.198922662), (-0.393633693, 0.236433132, 0.185598271), (-0.401839061, 0.260018026, 0.161395501), (-0.400986295, 0.193600007, 0.180819141), (-0.41035276, 0.202311572, 0.168667986), (-0.423189162, 0.247173734, 0.195347115), (-0.359473895, 0.198988516, 0.198622222), (-0.291616189, 0.176807499, 0.198970611), (-0.331077095, 0.150663701, 0.197695408), (-0.418712293, 0.280118416, 0.121508516), (-0.482350478, 0.287986319, 0.144650336), (-0.460137292, 0.150235193, 0.122044453), (-0.450842448, 0.153537613, 0.136507484), (-0.356567208, 0.16627751, 0.194582964), (-0.375921048, 0.168061338, 0.176036975), (-0.399752364, 0.169137462, 0.156918632), (-0.392692919, 0.166381299, 0.172475388), (-0.413633936, 0.163252467, 0.165334005), (-0.411582442, 0.167244383, 0.155739327), (-0.391875357, 0.191144284, 0.192033164), (-0.436461355, 0.156149322, 0.152303378), (-0.465253888, 0.269919822, 0.168722004), (-0.376566843, 0.20347449, 0.119092851), (-0.409188021, 0.273898991, 0.143565715), (-0.340720329, 0.294310747, 0.107657898), (-0.330143605, 0.268636728, 0.139201738), (-0.320844511, 0.239506124, 0.162779349), (-0.300987509, 0.212010039, 0.189840251), (-0.286446182, 0.186818546, 0.202026609), (-0.301768655, 0.140349786, 0.172457787), (-0.295367145, 0.136544811, 0.177084573), (-0.29198218, 0.158773777, 0.190648102), (-0.286390342, 0.159743078, 0.195616601), (-0.332386895, 0.107954394, 0.110755775), (-0.31275932, 0.116502082, 0.147746999), (-0.349362702, 0.154451074, 0.194809357), (-0.335235922, 0.143927761, 0.189623569), (0.0735357312, -0.124306255, 0.274144503), (0.147761565, 0.158528569, -0.0712657352), (0.14159009, 0.131792386, -0.0660696294), (0.130298984, 0.101707049, -0.0603290887), (0.117172459, 0.0777598053, -0.0561908982), (0.0986580318, 0.0515164666, -0.0469294359), (0.073563044, 0.0304686267, -0.0604104201), (0.12408927, 0.0970729798, -0.0727303075), (0.108329793, 0.0712278008, -0.0698424356), (0.0904811906, 0.0496919725, -0.0682236978), (-0.280558152, 0.0352344044, -0.0772903288), (0.103757025, -0.465398038, -0.149845228), (-0.148702339, -0.465508503, -0.105145729), (-0.102827177, -0.465473907, -0.131801794), (-0.0479746052, -0.465453271, -0.148718727), (-0.00430631593, -0.465384685, -0.147978854), (0.0627423251, -0.465448415, -0.156812416), (0.0314861797, -0.465454485, -0.158818995), (-0.190396217, -0.46535191, 0.0315535513), (0.14674553, -0.465421102, 0.143232499), (0.108527659, -0.465456306, 0.154822224), (0.178174656, -0.465413212, 0.126552884), (0.204807657, -0.465322776, 0.0979958485), (-0.149763896, -0.465410784, 0.109414414), (-0.103323663, -0.465416854, 0.138447905), (-0.0478319717, -0.465444774, 0.160496607), (-0.00234465094, -0.465334915, 0.16144163), (0.0660083274, -0.465452057, 0.164720985), (-0.177829908, -0.465435062, 0.0735059906), (0.03491181, -0.465455092, 0.167077775)]
        int[] faceVertexCounts = [3, 3, 3, 3, 3, 3, 3, 3, 3, 3, 3, 3, 3, 3, 3, 3, 3, 3, 3, 3, 3, 3, 3, 3, 3, 3, 3, 3, 3, 3, 3, 3, 3, 3, 3, 3, 3, 3, 3, 3, 3, 3, 3, 3, 3, 3, 3, 3, 3, 3, 3, 3, 3, 3, 3, 3, 3, 3, 3, 3, 3, 3, 3, 3, 3, 3, 3, 3, 3, 3, 3, 3, 3, 3, 3, 3, 3, 3, 3, 3, 3, 3, 3, 3, 3, 3, 3, 3, 3, 3, 3, 3, 3, 3, 3, 3, 3, 3, 3, 3, 3, 3, 3, 3, 3, 3, 3, 3, 3, 3, 3, 3, 3, 3, 3, 3, 3, 3, 3, 3, 3, 3, 3, 3, 3, 3, 3, 3, 3, 3, 3, 3, 3, 3, 3, 3, 3, 3, 3, 3, 3, 3, 3, 3, 3, 3, 3, 3, 3, 3, 3, 3, 3, 3, 3, 3, 3, 3, 3, 3, 3, 3, 3, 3, 3, 3, 3, 3, 3, 3, 3, 3, 3, 3, 3, 3, 3, 3, 3, 3, 3, 3, 3, 3, 3, 3, 3, 3, 3, 3, 3, 3, 3, 3, 3, 3, 3, 3, 3, 3, 3, 3, 3, 3, 3, 3, 3, 3, 3, 3, 3, 3, 3, 3, 3, 3, 3, 3, 3, 3, 3, 3, 3, 3, 3, 3, 3, 3, 3, 3, 3, 3, 3, 3, 3, 3, 3, 3, 3, 3, 3, 3, 3, 3, 3, 3, 3, 3, 3, 3, 3, 3, 3, 3, 3, 3, 3, 3, 3, 3, 3, 3, 3, 3, 3, 3, 3, 3, 3, 3, 3, 3, 3, 3, 3, 3, 3, 3, 3, 3, 3, 3, 3, 3, 3, 3, 3, 3, 3, 3, 3, 3, 3, 3, 3, 3, 3, 3, 3, 3, 3, 3, 3, 3, 3, 3, 3, 3, 3, 3, 3, 3, 3, 3, 3, 3, 3, 3, 3, 3, 3, 3, 3, 3, 3, 3, 3, 3, 3, 3, 3, 3, 3, 3, 3, 3, 3, 3, 3, 3, 3, 3, 3, 3, 3, 3, 3, 3, 3, 3, 3, 3, 3, 3, 3, 3, 3, 3, 3, 3, 3, 3, 3, 3, 3, 3, 3, 3, 3, 3, 3, 3, 3, 3, 3, 3, 3, 3, 3, 3, 3, 3, 3, 3, 3, 3, 3, 3, 3, 3, 3, 3, 3, 3, 3, 3, 3, 3, 3, 3, 3, 3, 3, 3, 3, 3, 3, 3, 3, 3, 3, 3, 3, 3, 3, 3, 3, 3, 3, 3, 3, 3, 3, 3, 3, 3, 3, 3, 3, 3, 3, 3, 3, 3, 3, 3, 3, 3, 3, 3, 3, 3, 3, 3, 3, 3, 3, 3, 3, 3, 3, 3, 3, 3, 3, 3, 3, 3, 3, 3, 3, 3, 3, 3, 3, 3, 3, 3, 3, 3, 3, 3, 3, 3, 3, 3, 3, 3, 3, 3, 3, 3, 3, 3, 3, 3, 3, 3, 3, 3, 3, 3, 3, 3, 3, 3, 3, 3, 3, 3, 3, 3, 3, 3, 3, 3, 3, 3, 3, 3, 3, 3, 3, 3, 3, 3, 3, 3, 3, 3, 3, 3, 3, 3, 3, 3, 3, 3, 3, 3, 3, 3, 3, 3, 3, 3, 3, 3, 3, 3, 3, 3, 3, 3, 3, 3, 3, 3, 3, 3, 3, 3, 3, 3, 3, 3, 3, 3, 3, 3, 3, 3, 3, 3, 3, 3, 3, 3, 3, 3, 3, 3, 3, 3, 3, 3, 3, 3, 3, 3, 3, 3, 3, 3, 3, 3, 3, 3, 3, 3, 3, 3, 3, 3, 3, 3, 3, 3, 3, 3, 3, 3, 3, 3, 3, 3, 3, 3, 3, 3, 3, 3, 3, 3, 3, 3, 3, 3, 3, 3, 3, 3, 3, 3, 3, 3, 3, 3, 3, 3, 3, 3, 3, 3, 3, 3, 3, 3, 3, 3, 3, 3, 3, 3, 3, 3, 3, 3, 3, 3, 3, 3, 3, 3, 3, 3, 3, 3, 3, 3, 3, 3, 3, 3, 3, 3, 3, 3, 3, 3, 3, 3, 3, 3, 3, 3, 3, 3, 3, 3, 3, 3, 3, 3, 3, 3, 3, 3, 3, 3, 3, 3, 3, 3, 3, 3, 3, 3, 3, 3, 3, 3, 3, 3, 3, 3, 3, 3, 3, 3, 3, 3, 3, 3, 3, 3, 3, 3, 3, 3, 3, 3, 3, 3, 3, 3, 3, 3, 3, 3, 3, 3, 3, 3, 3, 3, 3, 3, 3, 3, 3, 3, 3, 3, 3, 3, 3, 3, 3, 3, 3, 3, 3, 3, 3, 3, 3, 3, 3, 3, 3, 3, 3, 3, 3, 3, 3, 3, 3, 3, 3, 3, 3, 3, 3, 3, 3, 3, 3, 3, 3, 3, 3, 3, 3, 3, 3, 3, 3, 3, 3, 3, 3, 3, 3, 3, 3, 3, 3, 3, 3, 3, 3, 3, 3, 3, 3, 3, 3, 3, 3, 3, 3, 3, 3, 3, 3, 3, 3, 3, 3, 3, 3, 3, 3, 3, 3, 3, 3, 3, 3, 3, 3, 3, 3, 3, 3, 3, 3, 3, 3, 3, 3, 3, 3, 3, 3, 3, 3, 3, 3, 3, 3, 3, 3, 3, 3, 3, 3, 3, 3, 3, 3, 3, 3, 3, 3, 3, 3, 3, 3, 3, 3, 3, 3, 3, 3, 3, 3, 3, 3, 3, 3, 3, 3, 3, 3, 3, 3, 3, 3, 3, 3, 3, 3, 3, 3, 3, 3, 3, 3, 3, 3, 3, 3, 3, 3, 3, 3, 3, 3, 3, 3, 3, 3, 3, 3, 3, 3, 3, 3, 3, 3, 3, 3, 3, 3, 3, 3, 3, 3, 3, 3, 3, 3, 3, 3, 3, 3, 3, 3, 3, 3, 3, 3, 3, 3, 3, 3, 3, 3, 3, 3, 3, 3, 3, 3, 3, 3, 3, 3, 3, 3, 3, 3, 3, 3, 3, 3, 3, 3, 3, 3, 3, 3, 3, 3, 3, 3, 3, 3, 3, 3, 3, 3, 3, 3, 3, 3, 3, 3, 3, 3, 3, 3, 3, 3, 3, 3, 3, 3, 3, 3, 3, 3, 3, 3, 3, 3, 3, 3, 3, 3, 3, 3, 3, 3, 3, 3, 3, 3, 3, 3, 3, 3, 3, 3, 3, 3, 3, 3, 3, 3, 3, 3, 3, 3, 3, 3, 3, 3, 3, 3, 3, 3, 3, 3, 3, 3, 3, 3, 3, 3, 3, 3, 3, 3, 3, 3, 3, 3, 3, 3, 3, 3, 3, 3, 3, 3, 3, 3, 3, 3, 3, 3, 3, 3, 3, 3, 3, 3, 3, 3, 3, 3, 3, 3, 3, 3, 3, 3, 3, 3, 3, 3, 3, 3, 3, 3, 3, 3, 3, 3, 3, 3, 3, 3, 3, 3, 3, 3, 3, 3, 3, 3, 3, 3, 3, 3, 3, 3, 3, 3, 3, 3, 3, 3, 3, 3, 3, 3, 3, 3, 3, 3, 3, 3, 3, 3, 3, 3, 3, 3, 3, 3, 3, 3, 3, 3, 3, 3, 3, 3, 3, 3, 3, 3, 3, 3, 3, 3, 3, 3, 3, 3, 3, 3, 3, 3, 3, 3, 3, 3, 3, 3, 3, 3, 3, 3, 3, 3, 3, 3, 3, 3, 3, 3, 3, 3, 3, 3, 3, 3, 3, 3, 3, 3, 3, 3, 3, 3, 3, 3, 3, 3, 3, 3, 3, 3, 3, 3, 3, 3, 3, 3, 3, 3, 3, 3, 3, 3, 3, 3, 3, 3, 3, 3, 3, 3, 3, 3, 3, 3, 3, 3, 3, 3, 3, 3, 3, 3, 3, 3, 3, 3, 3, 3, 3, 3, 3, 3, 3, 3, 3, 3, 3, 3, 3, 3, 3, 3, 3, 3, 3, 3, 3, 3, 3, 3, 3, 3, 3, 3, 3, 3, 3, 3, 3, 3, 3, 3, 3, 3, 3, 3, 3, 3, 3, 3, 3, 3, 3, 3, 3, 3, 3, 3, 3, 3, 3, 3, 3, 3, 3, 3, 3, 3, 3, 3, 3, 3, 3, 3, 3, 3, 3, 3, 3, 3, 3, 3, 3, 3, 3, 3, 3, 3, 3, 3, 3, 3, 3, 3, 3, 3, 3, 3, 3, 3, 3, 3, 3, 3, 3, 3, 3, 3, 3, 3, 3, 3, 3, 3, 3, 3, 3, 3, 3, 3, 3, 3, 3, 3, 3, 3, 3, 3, 3, 3, 3, 3, 3, 3, 3, 3, 3, 3, 3, 3, 3, 3, 3, 3, 3, 3, 3, 3, 3, 3, 3, 3, 3, 3, 3, 3, 3, 3, 3, 3, 3, 3, 3, 3, 3, 3, 3, 3, 3, 3, 3, 3, 3, 3, 3, 3, 3, 3, 3, 3, 3, 3, 3, 3, 3, 3, 3, 3, 3, 3, 3, 3, 3, 3, 3, 3, 3, 3, 3, 3, 3, 3, 3, 3, 3, 3, 3, 3, 3, 3, 3, 3, 3, 3, 3, 3, 3, 3, 3, 3, 3, 3, 3, 3, 3, 3, 3, 3, 3, 3, 3, 3, 3, 3, 3, 3, 3, 3, 3, 3, 3, 3, 3, 3, 3, 3, 3, 3, 3, 3, 3, 3, 3, 3, 3, 3, 3, 3, 3, 3, 3, 3, 3, 3, 3, 3, 3, 3, 3, 3, 3, 3, 3, 3, 3, 3, 3, 3, 3, 3, 3, 3, 3, 3, 3, 3, 3, 3, 3, 3, 3, 3, 3, 3, 3, 3, 3, 3, 3, 3, 3, 3, 3, 3, 3, 3, 3, 3, 3, 3, 3, 3, 3, 3, 3, 3, 3, 3, 3, 3, 3, 3, 3, 3, 3, 3, 3, 3, 3, 3, 3, 3, 3, 3, 3, 3, 3, 3, 3, 3, 3, 3, 3, 3, 3, 3, 3, 3, 3, 3, 3, 3, 3, 3, 3, 3, 3, 3, 3, 3, 3, 3, 3, 3, 3, 3, 3, 3, 3, 3, 3, 3, 3, 3, 3, 3, 3, 3, 3, 3, 3, 3, 3, 3, 3, 3, 3, 3, 3, 3, 3, 3, 3, 3, 3, 3, 3, 3, 3, 3, 3, 3, 3, 3, 3, 3, 3, 3, 3, 3, 3, 3, 3, 3, 3, 3, 3, 3, 3, 3, 3, 3, 3, 3, 3, 3, 3, 3, 3, 3, 3, 3, 3, 3, 3, 3, 3, 3, 3, 3, 3, 3, 3, 3, 3, 3, 3, 3, 3, 3, 3, 3, 3, 3, 3, 3, 3, 3, 3, 3, 3, 3, 3, 3, 3, 3, 3, 3, 3, 3, 3, 3, 3, 3, 3, 3, 3, 3, 3, 3, 3, 3, 3, 3, 3, 3, 3, 3, 3, 3, 3, 3, 3, 3, 3, 3, 3, 3, 3, 3, 3, 3, 3, 3, 3, 3, 3, 3, 3, 3, 3, 3, 3, 3, 3, 3, 3, 3, 3, 3, 3, 3, 3, 3, 3, 3, 3, 3, 3, 3, 3, 3, 3, 3, 3, 3, 3, 3, 3, 3, 3, 3, 3, 3, 3, 3, 3, 3, 3, 3, 3, 3, 3, 3, 3, 3, 3, 3, 3, 3, 3, 3, 3, 3, 3, 3, 3, 3, 3, 3, 3, 3, 3, 3, 3, 3, 3, 3, 3, 3, 3, 3, 3, 3, 3, 3, 3, 3, 3, 3, 3, 3, 3, 3, 3, 3, 3, 3, 3, 3, 3, 3, 3, 3, 3, 3, 3, 3, 3, 3, 3, 3, 3, 3, 3, 3, 3, 3, 3, 3, 3, 3, 3, 3, 3, 3, 3, 3, 3, 3, 3, 3, 3, 3, 3, 3, 3, 3, 3, 3, 3, 3, 3, 3, 3, 3, 3, 3, 3, 3, 3, 3, 3, 3, 3, 3, 3, 3, 3, 3, 3, 3, 3, 3, 3, 3, 3, 3, 3, 3, 3, 3, 3, 3, 3, 3, 3, 3, 3, 3, 3, 3, 3, 3, 3, 3, 3, 3, 3, 3, 3, 3, 3, 3, 3, 3, 3, 3, 3, 3, 3, 3, 3, 3, 3, 3, 3, 3, 3, 3, 3, 3, 3, 3, 3, 3, 3, 3, 3, 3, 3, 3, 3, 3, 3, 3, 3, 3, 3, 3, 3, 3, 3, 3, 3, 3, 3, 3, 3, 3, 3, 3, 3, 3, 3, 3, 3, 3, 3, 3, 3, 3, 3, 3, 3, 3, 3, 3, 3, 3, 3, 3, 3, 3, 3, 3, 3, 3, 3, 3, 3, 3, 3, 3, 3, 3, 3, 3, 3, 3, 3, 3, 3, 3, 3, 3, 3, 3, 3, 3, 3, 3, 3, 3, 3, 3, 3, 3, 3, 3, 3, 3, 3, 3, 3, 3, 3, 3, 3, 3, 3, 3, 3, 3, 3, 3, 3, 3, 3, 3, 3, 3, 3, 3, 3, 3, 3, 3, 3, 3, 3, 3, 3, 3, 3, 3, 3, 3, 3, 3, 3, 3, 3, 3, 3, 3, 3, 3, 3, 3, 3, 3, 3, 3, 3, 3, 3, 3, 3, 3, 3, 3, 3, 3, 3, 3, 3, 3, 3, 3, 3, 3, 3, 3, 3, 3, 3, 3, 3, 3, 3, 3, 3, 3, 3, 3, 3, 3, 3, 3, 3, 3, 3, 3, 3, 3, 3, 3, 3, 3, 3, 3, 3, 3, 3, 3, 3, 3, 3, 3, 3, 3, 3, 3, 3, 3, 3, 3, 3, 3, 3, 3, 3, 3, 3, 3, 3, 3, 3, 3, 3, 3, 3, 3, 3, 3, 3, 3, 3, 3, 3, 3, 3, 3, 3, 3, 3, 3, 3, 3, 3, 3, 3, 3, 3, 3, 3, 3, 3, 3, 3, 3, 3, 3, 3, 3, 3, 3, 3, 3, 3, 3, 3, 3, 3, 3, 3, 3, 3, 3, 3, 3, 3, 3, 3, 3, 3, 3, 3, 3, 3, 3, 3, 3, 3, 3, 3, 3, 3, 3, 3, 3, 3, 3, 3, 3, 3, 3, 3, 3, 3, 3, 3, 3, 3, 3, 3, 3, 3, 3, 3, 3, 3, 3, 3, 3, 3, 3, 3, 3, 3, 3, 3, 3, 3, 3, 3, 3, 3, 3, 3, 3, 3, 3, 3, 3, 3, 3, 3, 3, 3, 3, 3, 3, 3, 3, 3, 3, 3, 3, 3, 3, 3, 3, 3, 3, 3, 3, 3, 3, 3, 3, 3, 3, 3, 3, 3, 3, 3, 3, 3, 3, 3, 3, 3, 3, 3, 3, 3, 3, 3, 3, 3, 3, 3, 3, 3, 3, 3, 3, 3, 3, 3, 3, 3, 3, 3, 3, 3, 3, 3, 3, 3, 3, 3, 3, 3, 3, 3, 3, 3, 3, 3, 3, 3, 3, 3, 3, 3, 3, 3, 3, 3, 3, 3, 3, 3, 3, 3, 3, 3, 3, 3, 3, 3, 3, 3, 3, 3, 3, 3, 3, 3, 3, 3, 3, 3, 3, 3, 3, 3, 3, 3, 3, 3, 3, 3, 3, 3, 3, 3, 3, 3, 3, 3, 3, 3, 3, 3, 3, 3, 3, 3, 3, 3, 3, 3, 3, 3, 3, 3, 3, 3, 3, 3, 3, 3, 3, 3, 3, 3, 3, 3, 3, 3, 3, 3, 3, 3, 3, 3, 3, 3, 3, 3, 3, 3, 3, 3, 3, 3, 3, 3, 3, 3, 3, 3, 3, 3, 3, 3, 3, 3, 3, 3, 3, 3, 3, 3, 3, 3, 3, 3, 3, 3, 3, 3, 3, 3, 3, 3, 3, 3, 3, 3, 3, 3, 3, 3, 3, 3, 3, 3, 3, 3, 3, 3, 3, 3, 3, 3, 3, 3, 3, 3, 3, 3, 3, 3, 3, 3, 3, 3, 3, 3, 3, 3, 3, 3, 3, 3, 3, 3, 3, 3, 3, 3, 3, 3, 3, 3, 3, 3, 3, 3, 3, 3, 3, 3, 3, 3, 3, 3, 3, 3, 3, 3, 3, 3, 3, 3, 3, 3, 3, 3, 3, 3, 3, 3, 3, 3, 3, 3, 3, 3, 3, 3, 3, 3, 3, 3, 3, 3, 3, 3, 3, 3, 3, 3, 3, 3, 3, 3, 3, 3, 3, 3, 3, 3, 3, 3, 3, 3, 3, 3, 3, 3, 3, 3, 3, 3, 3, 3, 3, 3, 3, 3, 3, 3, 3, 3, 3, 3, 3, 3, 3, 3, 3, 3, 3, 3, 3, 3, 3, 3, 3, 3, 3, 3, 3, 3, 3, 3, 3, 3, 3, 3, 3, 3, 3, 3, 3, 3, 3, 3, 3, 3, 3, 3, 3, 3, 3, 3, 3, 3, 3, 3, 3, 3, 3, 3, 3, 3, 3, 3, 3, 3, 3, 3, 3, 3, 3, 3, 3, 3, 3, 3, 3, 3, 3, 3, 3, 3, 3, 3, 3, 3, 3, 3, 3, 3, 3, 3, 3, 3, 3, 3, 3, 3, 3, 3, 3, 3, 3, 3, 3, 3, 3, 3, 3, 3, 3, 3, 3, 3, 3, 3, 3, 3, 3, 3, 3, 3, 3, 3, 3, 3, 3, 3, 3, 3, 3, 3, 3, 3, 3, 3, 3, 3, 3, 3, 3, 3, 3, 3, 3, 3, 3, 3, 3, 3, 3, 3, 3, 3, 3, 3, 3, 3, 3, 3, 3, 3, 3, 3, 3, 3, 3, 3, 3, 3, 3, 3, 3, 3, 3, 3, 3, 3, 3, 3, 3, 3, 3, 3, 3, 3, 3, 3, 3, 3, 3, 3, 3, 3, 3, 3, 3, 3, 3, 3, 3, 3, 3, 3, 3, 3, 3, 3, 3, 3, 3, 3, 3, 3, 3, 3, 3, 3, 3, 3, 3, 3, 3, 3, 3, 3, 3, 3, 3, 3, 3, 3, 3, 3, 3, 3, 3, 3, 3, 3, 3, 3, 3, 3, 3, 3, 3, 3, 3, 3, 3, 3, 3, 3, 3, 3, 3, 3, 3, 3, 3, 3, 3, 3, 3, 3, 3, 3, 3, 3, 3, 3, 3, 3, 3, 3, 3, 3, 3, 3, 3, 3, 3, 3, 3, 3, 3, 3, 3, 3, 3, 3, 3, 3, 3, 3, 3, 3, 3, 3, 3, 3, 3, 3, 3, 3, 3, 3, 3, 3, 3, 3, 3, 3, 3, 3, 3, 3, 3, 3, 3, 3, 3, 3, 3, 3, 3, 3, 3, 3, 3, 3, 3, 3, 3, 3, 3, 3, 3, 3, 3, 3, 3, 3, 3, 3, 3, 3, 3, 3, 3, 3, 3, 3, 3, 3, 3, 3, 3, 3, 3, 3, 3, 3, 3, 3, 3, 3, 3, 3, 3, 3, 3, 3, 3, 3, 3, 3, 3, 3, 3, 3, 3, 3, 3, 3, 3, 3, 3, 3, 3, 3, 3, 3, 3, 3, 3, 3, 3, 3, 3, 3, 3, 3, 3, 3, 3, 3, 3, 3, 3, 3, 3, 3, 3, 3, 3, 3, 3, 3, 3, 3, 3, 3, 3, 3, 3, 3, 3, 3, 3, 3, 3, 3, 3, 3, 3, 3, 3, 3, 3, 3, 3, 3, 3, 3, 3, 3, 3, 3, 3, 3, 3, 3, 3, 3, 3, 3, 3, 3, 3, 3, 3, 3, 3, 3, 3, 3, 3, 3, 3, 3, 3, 3, 3, 3, 3, 3, 3, 3, 3, 3, 3, 3, 3, 3, 3, 3, 3, 3, 3, 3, 3, 3, 3, 3, 3, 3, 3, 3, 3, 3, 3, 3, 3, 3, 3, 3, 3, 3, 3, 3, 3, 3, 3, 3, 3, 3, 3, 3, 3, 3, 3, 3, 3, 3, 3, 3, 3, 3, 3, 3, 3, 3, 3, 3, 3, 3, 3, 3, 3, 3, 3, 3, 3, 3, 3, 3, 3, 3, 3, 3, 3, 3, 3, 3, 3, 3, 3, 3, 3, 3, 3, 3, 3, 3, 3, 3, 3, 3, 3, 3, 3, 3, 3, 3, 3, 3, 3, 3, 3, 3, 3, 3, 3, 3, 3, 3, 3, 3, 3, 3, 3, 3, 3, 3, 3, 3, 3, 3, 3, 3, 3, 3, 3, 3, 3, 3, 3, 3, 3, 3, 3, 3, 3, 3, 3, 3, 3, 3, 3, 3, 3, 3, 3, 3, 3, 3, 3, 3, 3, 3, 3, 3, 3, 3, 3, 3, 3, 3, 3, 3, 3, 3, 3, 3, 3, 3, 3, 3, 3, 3, 3, 3, 3, 3, 3, 3, 3, 3, 3, 3, 3, 3, 3, 3, 3, 3, 3, 3, 3, 3, 3, 3, 3, 3, 3, 3, 3, 3, 3, 3, 3, 3, 3, 3, 3, 3, 3, 3, 3, 3, 3, 3, 3, 3, 3, 3, 3, 3, 3, 3, 3, 3, 3, 3, 3, 3, 3, 3, 3, 3, 3, 3, 3, 3, 3, 3, 3, 3, 3, 3, 3, 3, 3, 3, 3, 3, 3, 3, 3, 3, 3, 3, 3, 3, 3, 3, 3, 3, 3, 3, 3, 3, 3, 3, 3, 3, 3, 3, 3, 3, 3, 3, 3, 3, 3, 3, 3, 3, 3, 3, 3, 3, 3, 3, 3, 3, 3, 3, 3, 3, 3, 3, 3, 3, 3, 3, 3, 3, 3, 3, 3, 3, 3, 3, 3, 3, 3, 3, 3, 3, 3, 3, 3, 3, 3, 3, 3, 3, 3, 3, 3, 3, 3, 3, 3, 3, 3, 3, 3, 3, 3, 3, 3, 3, 3, 3, 3, 3, 3, 3, 3, 3, 3, 3, 3, 3, 3, 3, 3, 3, 3, 3, 3, 3, 3, 3, 3, 3, 3, 3, 3, 3, 3, 3, 3, 3, 3, 3, 3, 3, 3, 3, 3, 3, 3, 3, 3, 3, 3, 3, 3, 3, 3, 3, 3, 3, 3, 3, 3, 3, 3, 3, 3, 3, 3, 3, 3, 3, 3, 3, 3, 3, 3, 3, 3, 3, 3, 3, 3, 3, 3, 3, 3, 3, 3, 3, 3, 3, 3, 3, 3, 3, 3, 3, 3, 3, 3, 3, 3, 3, 3, 3, 3, 3, 3, 3, 3, 3, 3, 3, 3, 3, 3, 3, 3, 3, 3, 3, 3, 3, 3, 3, 3, 3, 3, 3, 3, 3, 3, 3, 3, 3, 3, 3, 3, 3, 3, 3, 3, 3, 3, 3, 3, 3, 3, 3, 3, 3, 3, 3, 3, 3, 3, 3, 3, 3, 3, 3, 3, 3, 3, 3, 3, 3, 3, 3, 3, 3, 3, 3, 3, 3, 3, 3, 3, 3, 3, 3, 3, 3, 3, 3, 3, 3, 3, 3, 3, 3, 3, 3, 3, 3, 3, 3, 3, 3, 3, 3, 3, 3, 3, 3, 3, 3, 3, 3, 3, 3, 3, 3, 3, 3, 3, 3, 3, 3, 3, 3, 3, 3, 3, 3, 3, 3, 3, 3, 3, 3, 3, 3, 3, 3, 3, 3, 3, 3, 3, 3, 3, 3, 3, 3, 3, 3, 3, 3, 3, 3, 3, 3, 3, 3, 3, 3, 3, 3, 3, 3, 3, 3, 3, 3, 3, 3, 3, 3, 3, 3, 3, 3, 3, 3, 3, 3, 3, 3, 3, 3, 3, 3, 3, 3, 3, 3, 3, 3, 3, 3, 3, 3, 3, 3, 3, 3, 3, 3, 3, 3, 3, 3, 3, 3, 3, 3, 3, 3, 3, 3, 3, 3, 3, 3, 3, 3, 3, 3, 3, 3, 3, 3, 3, 3, 3, 3, 3, 3, 3, 3, 3, 3, 3, 3, 3, 3, 3, 3, 3, 3, 3, 3, 3, 3, 3, 3, 3, 3, 3, 3, 3, 3, 3, 3, 3, 3, 3, 3, 3, 3, 3, 3, 3, 3, 3, 3, 3, 3, 3, 3, 3, 3, 3, 3, 3, 3, 3, 3, 3, 3, 3, 3, 3, 3, 3, 3, 3, 3, 3, 3, 3, 3, 3, 3, 3, 3, 3, 3, 3, 3, 3, 3, 3, 3, 3, 3, 3, 3, 3, 3, 3, 3, 3, 3, 3, 3, 3, 3, 3, 3, 3, 3, 3, 3, 3, 3, 3, 3, 3, 3, 3, 3, 3, 3, 3, 3, 3, 3, 3, 3, 3, 3, 3, 3, 3, 3, 3, 3, 3, 3, 3, 3, 3, 3, 3, 3, 3, 3, 3, 3, 3, 3, 3, 3, 3, 3, 3, 3, 3, 3, 3, 3, 3, 3, 3, 3, 3, 3, 3, 3, 3, 3, 3, 3, 3, 3, 3, 3, 3, 3, 3, 3, 3, 3, 3, 3, 3, 3, 3, 3, 3, 3, 3, 3, 3, 3, 3, 3, 3, 3, 3, 3, 3, 3, 3, 3, 3, 3, 3, 3, 3, 3, 3, 3, 3, 3, 3, 3, 3, 3, 3, 3, 3, 3, 3, 3, 3, 3, 3, 3, 3, 3, 3, 3, 3, 3, 3, 3, 3, 3, 3, 3, 3, 3, 3, 3, 3, 3, 3, 3, 3, 3, 3, 3, 3, 3, 3, 3, 3, 3, 3, 3, 3, 3, 3, 3, 3, 3, 3, 3, 3, 3, 3, 3, 3, 3, 3, 3, 3, 3, 3, 3, 3, 3, 3, 3, 3, 3, 3, 3, 3, 3, 3, 3, 3, 3, 3, 3, 3, 3, 3, 3, 3, 3, 3, 3, 3, 3, 3, 3, 3, 3, 3, 3, 3, 3, 3, 3, 3, 3, 3, 3, 3, 3, 3, 3, 3, 3, 3, 3, 3, 3, 3, 3, 3, 3, 3, 3, 3, 3, 3, 3, 3, 3, 3, 3, 3, 3, 3, 3, 3, 3, 3, 3, 3, 3, 3, 3, 3, 3, 3, 3, 3, 3, 3, 3, 3, 3, 3, 3, 3, 3, 3, 3, 3, 3, 3, 3, 3, 3, 3, 3, 3, 3, 3, 3, 3, 3, 3, 3, 3, 3, 3, 3, 3, 3, 3, 3, 3, 3, 3, 3, 3, 3, 3, 3, 3, 3, 3, 3, 3, 3, 3, 3, 3, 3, 3, 3, 3, 3, 3, 3, 3, 3, 3, 3, 3, 3, 3, 3, 3, 3, 3, 3, 3, 3, 3, 3, 3, 3, 3, 3, 3, 3, 3, 3, 3, 3, 3, 3, 3, 3, 3, 3, 3, 3, 3, 3, 3, 3, 3, 3, 3, 3, 3, 3, 3, 3, 3, 3, 3, 3, 3, 3, 3, 3, 3, 3, 3, 3, 3, 3]
        int[] faceVertexIndices = [0, 1, 2, 1, 3, 2, 3, 4, 2, 5, 6, 2, 4, 7, 2, 7, 8, 2, 8, 9, 2, 10, 11, 12, 12, 11, 13, 11, 10, 14, 14, 10, 15, 16, 17, 15, 15, 17, 14, 17, 16, 18, 18, 16, 19, 20, 21, 22, 22, 21, 23, 21, 20, 24, 24, 20, 25, 26, 10, 27, 27, 10, 12, 10, 26, 15, 15, 26, 28, 26, 29, 28, 28, 29, 30, 29, 26, 31, 31, 26, 27, 32, 16, 28, 28, 16, 15, 16, 32, 19, 19, 32, 33, 32, 34, 33, 33, 34, 35, 34, 32, 30, 30, 32, 28, 36, 21, 37, 37, 21, 24, 21, 36, 23, 23, 36, 38, 39, 40, 41, 41, 40, 42, 40, 39, 23, 23, 39, 22, 43, 29, 44, 44, 29, 31, 29, 43, 30, 30, 43, 45, 43, 46, 45, 45, 46, 47, 46, 43, 48, 48, 43, 44, 49, 40, 38, 38, 40, 23, 40, 49, 42, 42, 49, 50, 51, 52, 42, 42, 52, 41, 52, 51, 53, 53, 51, 54, 55, 51, 50, 50, 51, 42, 51, 55, 54, 54, 55, 56, 57, 58, 59, 59, 58, 60, 60, 58, 54, 54, 58, 53, 61, 60, 56, 56, 60, 54, 61, 62, 60, 60, 62, 59, 63, 64, 65, 65, 64, 66, 64, 57, 66, 66, 57, 59, 62, 67, 59, 59, 67, 66, 67, 68, 66, 66, 68, 65, 69, 70, 71, 71, 70, 72, 70, 63, 72, 72, 63, 65, 68, 73, 65, 65, 73, 72, 73, 74, 72, 72, 74, 71, 75, 76, 77, 77, 76, 78, 77, 78, 79, 79, 78, 80, 78, 81, 80, 80, 81, 82, 81, 78, 83, 83, 78, 76, 84, 85, 86, 86, 85, 87, 85, 84, 88, 88, 84, 89, 84, 77, 89, 89, 77, 79, 77, 84, 75, 75, 84, 86, 89, 90, 88, 88, 90, 91, 89, 79, 90, 90, 79, 92, 93, 94, 95, 95, 94, 96, 96, 94, 97, 97, 94, 98, 94, 99, 98, 98, 99, 100, 94, 93, 99, 99, 93, 101, 102, 103, 104, 104, 103, 105, 103, 93, 105, 105, 93, 95, 93, 103, 101, 101, 103, 106, 103, 102, 106, 106, 102, 107, 108, 109, 107, 107, 109, 106, 109, 110, 106, 106, 110, 101, 110, 109, 111, 111, 109, 112, 109, 108, 112, 112, 108, 113, 114, 115, 116, 116, 115, 117, 117, 115, 118, 118, 115, 119, 115, 108, 119, 119, 108, 107, 115, 114, 108, 108, 114, 113, 120, 34, 45, 45, 34, 30, 34, 120, 35, 35, 120, 121, 120, 122, 121, 121, 122, 123, 122, 120, 47, 47, 120, 45, 124, 125, 126, 126, 125, 127, 125, 128, 127, 127, 128, 129, 46, 130, 47, 47, 130, 131, 130, 114, 131, 131, 114, 116, 114, 130, 113, 113, 130, 132, 130, 46, 132, 132, 46, 48, 122, 133, 123, 123, 133, 134, 133, 135, 134, 134, 135, 136, 135, 133, 116, 116, 133, 131, 133, 122, 131, 131, 122, 47, 137, 138, 139, 139, 138, 140, 128, 137, 129, 129, 137, 139, 141, 142, 143, 143, 142, 144, 145, 146, 87, 87, 146, 86, 146, 147, 86, 86, 147, 75, 147, 146, 148, 148, 146, 149, 146, 145, 149, 149, 145, 150, 151, 152, 153, 153, 152, 154, 152, 69, 154, 154, 69, 71, 155, 156, 83, 83, 156, 81, 156, 157, 81, 81, 157, 82, 157, 156, 151, 151, 156, 152, 156, 155, 152, 152, 155, 69, 74, 158, 71, 71, 158, 154, 158, 159, 154, 154, 159, 153, 160, 92, 80, 80, 92, 79, 80, 82, 160, 160, 82, 161, 162, 163, 100, 100, 163, 98, 163, 164, 98, 98, 164, 97, 164, 163, 150, 150, 163, 149, 163, 162, 149, 149, 162, 148, 135, 165, 136, 136, 165, 166, 165, 167, 166, 166, 167, 168, 167, 165, 118, 118, 165, 117, 165, 135, 117, 117, 135, 116, 169, 170, 162, 162, 170, 148, 170, 169, 111, 111, 169, 110, 169, 99, 110, 110, 99, 101, 99, 169, 100, 100, 169, 162, 119, 171, 118, 118, 171, 167, 167, 171, 168, 168, 171, 172, 171, 102, 172, 172, 102, 104, 102, 171, 107, 107, 171, 119, 159, 173, 153, 153, 173, 174, 173, 175, 174, 174, 175, 176, 177, 178, 179, 179, 178, 161, 178, 177, 180, 180, 177, 181, 177, 182, 181, 181, 182, 183, 182, 177, 151, 151, 177, 179, 183, 182, 176, 176, 182, 174, 174, 182, 153, 153, 182, 151, 178, 184, 161, 161, 184, 160, 184, 185, 160, 160, 185, 92, 185, 184, 186, 186, 184, 187, 184, 178, 187, 187, 178, 180, 188, 189, 25, 25, 189, 24, 190, 191, 192, 192, 191, 193, 191, 188, 193, 193, 188, 25, 194, 195, 13, 13, 195, 12, 189, 196, 24, 24, 196, 37, 197, 198, 193, 193, 198, 192, 198, 197, 199, 199, 197, 200, 197, 20, 200, 200, 20, 22, 20, 197, 25, 25, 197, 193, 195, 201, 12, 12, 201, 27, 201, 202, 27, 27, 202, 31, 203, 204, 205, 205, 204, 206, 204, 207, 206, 206, 207, 208, 204, 209, 207, 207, 209, 210, 209, 204, 211, 211, 204, 203, 207, 212, 208, 208, 212, 213, 213, 212, 214, 214, 212, 215, 215, 212, 216, 216, 212, 217, 212, 207, 217, 217, 207, 210, 218, 219, 215, 215, 219, 214, 219, 218, 220, 220, 218, 221, 221, 218, 222, 222, 218, 223, 218, 215, 223, 223, 215, 216, 224, 155, 225, 225, 155, 83, 155, 224, 69, 69, 224, 70, 224, 226, 70, 70, 226, 63, 157, 179, 82, 82, 179, 161, 179, 157, 151, 226, 227, 63, 63, 227, 64, 227, 228, 64, 64, 228, 57, 228, 229, 57, 57, 229, 58, 58, 229, 53, 53, 229, 230, 231, 52, 230, 230, 52, 53, 52, 231, 41, 41, 231, 232, 233, 234, 200, 200, 234, 199, 233, 39, 232, 232, 39, 41, 39, 233, 22, 22, 233, 200, 202, 235, 31, 31, 235, 44, 235, 236, 44, 44, 236, 48, 236, 237, 48, 48, 237, 132, 237, 238, 132, 132, 238, 113, 239, 240, 112, 112, 240, 111, 238, 239, 113, 113, 239, 112, 241, 170, 240, 240, 170, 111, 170, 241, 148, 148, 241, 141, 242, 243, 138, 138, 243, 140, 244, 245, 242, 242, 245, 243, 143, 147, 141, 141, 147, 148, 246, 76, 143, 76, 75, 143, 143, 75, 147, 247, 248, 237, 237, 248, 238, 249, 250, 251, 251, 250, 252, 253, 249, 254, 254, 249, 251, 255, 247, 236, 236, 247, 237, 256, 257, 239, 239, 257, 240, 258, 259, 260, 260, 259, 261, 250, 258, 252, 252, 258, 260, 248, 256, 238, 238, 256, 239, 233, 262, 234, 234, 262, 263, 264, 265, 266, 266, 265, 267, 266, 267, 268, 268, 267, 269, 262, 233, 270, 270, 233, 232, 271, 255, 235, 235, 255, 236, 272, 253, 273, 273, 253, 254, 231, 274, 232, 232, 274, 270, 268, 269, 275, 275, 269, 276, 275, 276, 277, 277, 276, 278, 274, 231, 279, 279, 231, 230, 229, 280, 230, 230, 280, 279, 277, 278, 281, 281, 278, 282, 283, 281, 284, 284, 281, 282, 285, 280, 228, 228, 280, 229, 286, 287, 224, 224, 287, 226, 288, 289, 290, 290, 289, 291, 292, 288, 293, 293, 288, 290, 294, 286, 225, 225, 286, 224, 295, 285, 227, 227, 285, 228, 296, 283, 297, 297, 283, 284, 289, 296, 291, 291, 296, 297, 287, 295, 226, 226, 295, 227, 241, 298, 141, 141, 298, 142, 299, 300, 301, 301, 300, 302, 301, 302, 259, 259, 302, 261, 298, 241, 257, 257, 241, 240, 303, 304, 299, 299, 304, 300, 305, 306, 303, 303, 306, 304, 307, 308, 129, 129, 308, 127, 126, 127, 309, 309, 127, 308, 310, 311, 140, 140, 311, 139, 129, 139, 307, 307, 139, 311, 312, 203, 313, 313, 203, 205, 203, 312, 211, 211, 312, 314, 309, 315, 126, 126, 315, 124, 211, 314, 209, 209, 314, 316, 209, 316, 210, 210, 316, 317, 210, 317, 217, 217, 317, 318, 216, 217, 319, 319, 217, 318, 320, 321, 222, 222, 321, 221, 220, 221, 322, 322, 221, 321, 319, 323, 216, 216, 323, 223, 222, 223, 320, 320, 223, 323, 324, 243, 325, 325, 243, 245, 310, 140, 324, 324, 140, 243, 325, 245, 326, 326, 245, 244, 326, 244, 327, 327, 244, 328, 328, 220, 327, 327, 220, 322, 242, 329, 244, 244, 329, 328, 219, 329, 214, 214, 329, 330, 331, 330, 137, 137, 330, 138, 331, 332, 213, 213, 332, 208, 333, 332, 125, 125, 332, 128, 333, 334, 206, 206, 334, 205, 334, 124, 335, 335, 124, 315, 334, 335, 205, 205, 335, 313, 336, 272, 337, 337, 272, 273, 338, 339, 263, 263, 339, 234, 339, 340, 234, 234, 340, 199, 341, 340, 201, 201, 340, 202, 198, 341, 192, 192, 341, 342, 343, 342, 194, 194, 342, 195, 258, 250, 311, 311, 250, 307, 259, 258, 310, 310, 258, 311, 253, 272, 309, 309, 272, 315, 250, 249, 307, 307, 249, 308, 249, 253, 308, 308, 253, 309, 324, 301, 310, 310, 301, 259, 301, 324, 299, 299, 324, 325, 272, 336, 315, 315, 336, 335, 265, 264, 337, 337, 264, 336, 316, 275, 317, 317, 275, 277, 275, 316, 268, 268, 316, 314, 266, 312, 264, 264, 312, 313, 312, 266, 314, 314, 266, 268, 281, 318, 277, 277, 318, 317, 281, 283, 318, 318, 283, 319, 283, 296, 319, 319, 296, 323, 296, 289, 323, 323, 289, 320, 305, 292, 306, 306, 292, 293, 292, 305, 322, 322, 305, 327, 289, 288, 320, 320, 288, 321, 288, 292, 321, 321, 292, 322, 326, 303, 325, 325, 303, 299, 36, 344, 38, 38, 344, 345, 344, 36, 346, 346, 36, 37, 49, 347, 50, 50, 347, 348, 347, 49, 345, 345, 49, 38, 55, 349, 56, 56, 349, 350, 349, 55, 348, 348, 55, 50, 351, 352, 61, 61, 352, 62, 350, 351, 56, 56, 351, 61, 353, 354, 67, 67, 354, 68, 352, 353, 62, 62, 353, 67, 355, 356, 73, 73, 356, 74, 354, 355, 68, 68, 355, 73, 357, 358, 158, 158, 358, 159, 158, 74, 357, 357, 74, 356, 359, 360, 173, 173, 360, 175, 173, 159, 359, 359, 159, 358, 196, 361, 37, 37, 361, 346, 362, 90, 185, 185, 90, 92, 90, 362, 91, 91, 362, 363, 362, 364, 363, 363, 364, 365, 362, 185, 364, 364, 185, 186, 366, 367, 186, 186, 367, 364, 367, 368, 364, 364, 368, 365, 368, 367, 369, 369, 367, 370, 367, 366, 370, 370, 366, 371, 372, 373, 180, 180, 373, 187, 373, 366, 187, 187, 366, 186, 366, 373, 371, 371, 373, 374, 373, 372, 374, 374, 372, 375, 376, 372, 181, 181, 372, 180, 372, 376, 375, 375, 376, 377, 377, 376, 378, 378, 376, 379, 376, 181, 379, 379, 181, 183, 378, 379, 380, 380, 379, 381, 379, 183, 381, 381, 183, 176, 175, 382, 176, 176, 382, 381, 381, 382, 380, 380, 382, 383, 360, 384, 175, 175, 384, 382, 384, 385, 382, 382, 385, 383, 143, 144, 246, 246, 144, 386, 246, 225, 76, 76, 225, 83, 386, 294, 246, 246, 294, 225, 342, 343, 192, 192, 343, 190, 342, 341, 195, 195, 341, 201, 199, 340, 198, 198, 340, 341, 340, 339, 202, 202, 339, 235, 235, 339, 271, 271, 339, 338, 335, 336, 313, 313, 336, 264, 334, 333, 124, 124, 333, 125, 332, 333, 208, 208, 333, 206, 332, 331, 128, 128, 331, 137, 214, 330, 213, 213, 330, 331, 138, 330, 242, 242, 330, 329, 220, 328, 219, 219, 328, 329, 327, 305, 326, 326, 305, 303, 18, 19, 387, 387, 19, 388, 19, 33, 388, 388, 33, 389, 33, 35, 389, 389, 35, 390, 344, 391, 345, 345, 391, 392, 346, 393, 344, 344, 393, 391, 347, 394, 348, 348, 394, 395, 347, 345, 394, 394, 345, 392, 349, 396, 350, 350, 396, 397, 348, 395, 349, 349, 395, 396, 351, 398, 352, 352, 398, 399, 350, 397, 351, 351, 397, 398, 353, 400, 354, 354, 400, 401, 352, 399, 353, 353, 399, 400, 356, 355, 402, 402, 355, 403, 354, 401, 355, 355, 401, 403, 404, 405, 406, 406, 405, 407, 408, 409, 404, 404, 409, 405, 410, 411, 408, 408, 411, 409, 95, 96, 412, 412, 96, 413, 414, 413, 415, 415, 413, 416, 104, 105, 417, 417, 105, 418, 105, 95, 418, 418, 95, 412, 35, 121, 390, 390, 121, 419, 420, 421, 422, 422, 421, 423, 424, 425, 426, 426, 425, 427, 406, 407, 424, 424, 407, 425, 357, 428, 358, 358, 428, 429, 356, 402, 357, 357, 402, 428, 430, 431, 416, 416, 431, 415, 426, 427, 430, 430, 427, 431, 136, 166, 432, 432, 166, 433, 166, 168, 433, 433, 168, 434, 168, 172, 434, 434, 172, 435, 172, 104, 435, 435, 104, 417, 359, 436, 360, 360, 436, 437, 358, 429, 359, 359, 429, 436, 438, 439, 410, 410, 439, 411, 440, 441, 438, 438, 441, 439, 361, 442, 346, 346, 442, 393, 443, 444, 440, 440, 444, 441, 445, 446, 443, 443, 446, 444, 385, 384, 447, 447, 384, 448, 384, 360, 448, 448, 360, 437, 449, 450, 451, 451, 450, 452, 453, 449, 454, 454, 449, 451, 455, 453, 456, 456, 453, 454, 457, 455, 458, 458, 455, 456, 459, 460, 461, 461, 460, 462, 460, 463, 462, 462, 463, 464, 450, 449, 465, 465, 449, 466, 449, 453, 466, 466, 453, 467, 468, 469, 467, 467, 469, 466, 469, 470, 466, 466, 470, 465, 453, 455, 467, 467, 455, 471, 455, 457, 471, 471, 457, 472, 473, 474, 472, 472, 474, 471, 474, 468, 471, 471, 468, 467, 463, 460, 475, 475, 460, 476, 460, 459, 476, 476, 459, 477, 478, 479, 480, 480, 479, 481, 479, 459, 481, 481, 459, 461, 470, 469, 482, 482, 469, 483, 469, 468, 483, 483, 468, 484, 485, 486, 484, 484, 486, 483, 486, 487, 483, 483, 487, 482, 459, 479, 477, 477, 479, 488, 479, 478, 488, 488, 478, 489, 490, 478, 491, 491, 478, 480, 492, 490, 493, 493, 490, 491, 478, 490, 489, 489, 490, 494, 490, 492, 494, 494, 492, 495, 496, 497, 498, 498, 497, 499, 499, 492, 498, 498, 492, 493, 492, 499, 495, 495, 499, 500, 497, 501, 499, 499, 501, 500, 502, 503, 504, 504, 503, 505, 497, 496, 505, 505, 496, 504, 501, 497, 506, 506, 497, 505, 503, 507, 505, 505, 507, 506, 508, 509, 510, 510, 509, 511, 503, 502, 511, 511, 502, 510, 507, 503, 512, 512, 503, 511, 509, 513, 511, 511, 513, 512, 514, 515, 516, 516, 515, 517, 515, 518, 517, 517, 518, 519, 520, 521, 519, 519, 521, 517, 521, 522, 517, 517, 522, 516, 523, 524, 525, 525, 524, 526, 524, 527, 526, 526, 527, 528, 518, 515, 528, 528, 515, 526, 515, 514, 526, 526, 514, 525, 528, 527, 529, 529, 527, 530, 528, 529, 518, 518, 529, 531, 532, 533, 534, 534, 533, 535, 535, 536, 534, 534, 536, 537, 538, 539, 537, 537, 539, 534, 540, 532, 539, 539, 532, 534, 541, 542, 543, 543, 542, 544, 533, 532, 544, 544, 532, 543, 532, 540, 543, 543, 540, 545, 546, 541, 545, 545, 541, 543, 547, 546, 548, 548, 546, 545, 540, 549, 545, 545, 549, 548, 549, 550, 548, 548, 550, 551, 552, 547, 551, 551, 547, 548, 553, 554, 555, 555, 554, 556, 556, 557, 555, 555, 557, 558, 546, 547, 558, 558, 547, 555, 552, 553, 547, 547, 553, 555, 468, 474, 484, 484, 474, 559, 474, 473, 559, 559, 473, 560, 561, 562, 560, 560, 562, 559, 562, 485, 559, 559, 485, 484, 563, 564, 565, 565, 564, 566, 567, 568, 566, 566, 568, 565, 486, 485, 569, 569, 485, 570, 554, 553, 570, 570, 553, 569, 553, 552, 569, 569, 552, 571, 487, 486, 571, 571, 486, 569, 562, 561, 572, 572, 561, 573, 574, 575, 573, 573, 575, 572, 575, 554, 572, 572, 554, 570, 485, 562, 570, 570, 562, 572, 576, 577, 578, 578, 577, 579, 568, 567, 579, 579, 567, 578, 580, 581, 582, 582, 581, 583, 584, 523, 585, 585, 523, 525, 514, 586, 525, 525, 586, 585, 586, 587, 585, 585, 587, 588, 589, 584, 588, 588, 584, 585, 590, 591, 592, 592, 591, 593, 509, 508, 593, 593, 508, 592, 594, 522, 595, 595, 522, 521, 520, 596, 521, 521, 596, 595, 596, 590, 595, 595, 590, 592, 508, 594, 592, 592, 594, 595, 513, 509, 597, 597, 509, 593, 591, 598, 593, 593, 598, 597, 599, 519, 531, 531, 519, 518, 600, 520, 599, 599, 520, 519, 601, 538, 602, 602, 538, 537, 536, 603, 537, 537, 603, 602, 603, 589, 602, 602, 589, 588, 587, 601, 588, 588, 601, 602, 575, 574, 604, 604, 574, 605, 606, 607, 605, 605, 607, 604, 607, 557, 604, 604, 557, 556, 554, 575, 556, 556, 575, 604, 601, 587, 608, 608, 587, 609, 550, 549, 609, 609, 549, 608, 540, 539, 549, 549, 539, 608, 539, 538, 608, 608, 538, 601, 557, 607, 558, 558, 607, 610, 607, 606, 610, 610, 606, 611, 542, 541, 611, 611, 541, 610, 541, 546, 610, 610, 546, 558, 598, 591, 612, 612, 591, 613, 614, 615, 613, 613, 615, 612, 600, 616, 617, 617, 616, 618, 616, 619, 618, 618, 619, 620, 620, 621, 618, 618, 621, 622, 622, 590, 618, 618, 590, 617, 621, 614, 622, 622, 614, 613, 591, 590, 613, 613, 590, 622, 616, 600, 623, 623, 600, 599, 531, 624, 599, 599, 624, 623, 624, 625, 623, 623, 625, 626, 619, 616, 626, 626, 616, 623, 463, 627, 464, 464, 627, 628, 629, 630, 631, 631, 630, 632, 464, 628, 632, 632, 628, 631, 450, 633, 452, 452, 633, 634, 627, 463, 635, 635, 463, 475, 630, 636, 632, 632, 636, 637, 636, 638, 637, 637, 638, 639, 461, 462, 639, 639, 462, 637, 462, 464, 637, 637, 464, 632, 633, 450, 640, 640, 450, 465, 470, 641, 465, 465, 641, 640, 642, 643, 644, 644, 643, 645, 646, 647, 645, 645, 647, 644, 648, 649, 647, 647, 649, 644, 649, 650, 644, 644, 650, 642, 647, 646, 651, 651, 646, 652, 653, 654, 652, 652, 654, 651, 654, 655, 651, 651, 655, 656, 656, 648, 651, 651, 648, 647, 654, 653, 657, 657, 653, 658, 658, 659, 657, 657, 659, 660, 660, 661, 657, 657, 661, 662, 655, 654, 662, 662, 654, 657, 522, 594, 663, 663, 594, 664, 594, 508, 664, 664, 508, 510, 502, 665, 510, 510, 665, 664, 520, 600, 596, 596, 600, 617, 617, 590, 596, 665, 502, 666, 666, 502, 504, 496, 667, 504, 504, 667, 666, 667, 496, 668, 668, 496, 498, 498, 493, 668, 668, 493, 669, 493, 491, 669, 669, 491, 670, 491, 480, 670, 670, 480, 671, 638, 672, 639, 639, 672, 673, 480, 481, 671, 671, 481, 673, 481, 461, 673, 673, 461, 639, 641, 470, 674, 674, 470, 482, 487, 675, 482, 482, 675, 674, 675, 487, 676, 676, 487, 571, 552, 677, 571, 571, 677, 676, 550, 678, 551, 551, 678, 679, 677, 552, 679, 679, 552, 551, 550, 609, 678, 678, 609, 680, 609, 587, 680, 680, 587, 583, 576, 681, 577, 577, 681, 682, 683, 682, 684, 684, 682, 681, 587, 586, 583, 583, 586, 582, 685, 582, 516, 582, 586, 516, 586, 514, 516, 677, 686, 676, 676, 686, 687, 688, 689, 690, 690, 689, 691, 692, 693, 688, 688, 693, 689, 694, 675, 687, 687, 675, 676, 678, 695, 679, 679, 695, 696, 697, 698, 699, 699, 698, 700, 690, 691, 697, 697, 691, 698, 686, 677, 696, 696, 677, 679, 673, 672, 701, 701, 672, 702, 703, 704, 705, 705, 704, 706, 704, 707, 706, 706, 707, 708, 671, 673, 709, 709, 673, 701, 675, 694, 674, 674, 694, 710, 711, 712, 692, 692, 712, 693, 670, 671, 713, 713, 671, 709, 707, 714, 708, 708, 714, 715, 714, 716, 715, 715, 716, 717, 669, 670, 718, 718, 670, 713, 668, 669, 719, 719, 669, 718, 716, 720, 717, 717, 720, 721, 722, 723, 720, 720, 723, 721, 724, 667, 719, 719, 667, 668, 665, 725, 664, 664, 725, 726, 727, 728, 729, 729, 728, 730, 731, 732, 727, 727, 732, 728, 733, 663, 726, 726, 663, 664, 667, 724, 666, 666, 724, 734, 735, 736, 722, 722, 736, 723, 729, 730, 735, 735, 730, 736, 725, 665, 734, 734, 665, 666, 680, 583, 737, 737, 583, 581, 738, 739, 740, 740, 739, 741, 739, 699, 741, 741, 699, 700, 678, 680, 695, 695, 680, 737, 742, 738, 743, 743, 738, 740, 744, 742, 745, 745, 742, 743, 746, 567, 747, 747, 567, 566, 747, 566, 748, 748, 566, 564, 749, 576, 750, 750, 576, 578, 750, 578, 746, 746, 578, 567, 751, 752, 642, 642, 752, 643, 642, 650, 751, 751, 650, 753, 748, 564, 754, 754, 564, 563, 755, 753, 649, 649, 753, 650, 649, 648, 755, 755, 648, 756, 757, 756, 656, 656, 756, 648, 757, 656, 758, 758, 656, 655, 759, 661, 760, 760, 661, 660, 760, 660, 761, 761, 660, 659, 758, 655, 762, 762, 655, 662, 762, 662, 759, 759, 662, 661, 763, 764, 681, 681, 764, 684, 681, 576, 763, 763, 576, 749, 764, 765, 684, 684, 765, 683, 765, 766, 683, 683, 766, 767, 761, 659, 766, 766, 659, 767, 682, 683, 768, 768, 683, 767, 653, 769, 658, 658, 769, 768, 577, 769, 579, 579, 769, 770, 646, 771, 652, 652, 771, 770, 568, 771, 565, 565, 771, 772, 643, 773, 645, 645, 773, 772, 754, 563, 774, 774, 563, 773, 752, 774, 643, 643, 774, 773, 712, 711, 775, 775, 711, 776, 672, 777, 702, 702, 777, 778, 638, 779, 672, 672, 779, 777, 641, 779, 640, 640, 779, 780, 636, 630, 780, 780, 630, 781, 633, 781, 634, 634, 781, 782, 746, 690, 750, 750, 690, 697, 699, 749, 697, 697, 749, 750, 692, 748, 711, 711, 748, 754, 690, 746, 688, 688, 746, 747, 748, 692, 747, 747, 692, 688, 763, 749, 739, 739, 749, 699, 764, 763, 738, 738, 763, 739, 711, 754, 776, 776, 754, 774, 776, 703, 775, 775, 703, 705, 755, 756, 714, 714, 756, 716, 753, 755, 707, 707, 755, 714, 752, 751, 703, 703, 751, 704, 751, 753, 704, 704, 753, 707, 756, 757, 716, 716, 757, 720, 758, 722, 757, 757, 722, 720, 722, 758, 735, 735, 758, 762, 759, 729, 762, 762, 729, 735, 744, 745, 731, 731, 745, 732, 731, 761, 744, 744, 761, 766, 729, 759, 727, 727, 759, 760, 761, 731, 760, 760, 731, 727, 765, 764, 742, 742, 764, 738, 783, 457, 784, 784, 457, 458, 457, 783, 472, 472, 783, 785, 786, 473, 785, 785, 473, 472, 476, 477, 391, 391, 477, 392, 475, 476, 393, 393, 476, 391, 488, 489, 394, 394, 489, 395, 477, 488, 392, 392, 488, 394, 495, 397, 494, 494, 397, 396, 489, 494, 395, 395, 494, 396, 501, 399, 500, 500, 399, 398, 397, 495, 398, 398, 495, 500, 507, 401, 506, 506, 401, 400, 399, 501, 400, 400, 501, 506, 513, 402, 512, 512, 402, 403, 401, 507, 403, 403, 507, 512, 524, 523, 405, 405, 523, 407, 527, 524, 409, 409, 524, 405, 527, 409, 530, 530, 409, 411, 533, 787, 535, 535, 787, 414, 415, 536, 414, 414, 536, 535, 542, 788, 544, 544, 788, 789, 787, 533, 789, 789, 533, 544, 473, 786, 560, 560, 786, 790, 420, 561, 790, 790, 561, 560, 561, 420, 573, 573, 420, 422, 791, 574, 422, 422, 574, 573, 589, 427, 584, 584, 427, 425, 407, 523, 425, 425, 523, 584, 598, 429, 597, 597, 429, 428, 597, 428, 513, 513, 428, 402, 603, 536, 431, 431, 536, 415, 589, 603, 427, 427, 603, 431, 574, 791, 605, 605, 791, 792, 793, 606, 792, 792, 606, 605, 606, 793, 611, 611, 793, 794, 788, 542, 794, 794, 542, 611, 615, 437, 612, 612, 437, 436, 612, 436, 598, 598, 436, 429, 530, 411, 795, 795, 411, 439, 441, 796, 439, 439, 796, 795, 635, 475, 442, 442, 475, 393, 531, 529, 624, 624, 529, 797, 529, 530, 797, 797, 530, 795, 796, 798, 795, 795, 798, 797, 798, 625, 797, 797, 625, 624, 796, 441, 799, 799, 441, 444, 800, 799, 446, 446, 799, 444, 625, 798, 801, 801, 798, 802, 798, 796, 802, 802, 796, 799, 800, 803, 799, 799, 803, 802, 804, 801, 803, 803, 801, 802, 805, 619, 806, 806, 619, 626, 626, 625, 806, 806, 625, 801, 804, 807, 801, 801, 807, 806, 807, 808, 806, 806, 808, 805, 620, 619, 809, 809, 619, 805, 808, 810, 805, 805, 810, 809, 810, 811, 809, 809, 811, 812, 621, 620, 812, 812, 620, 809, 811, 813, 812, 812, 813, 814, 614, 621, 814, 814, 621, 812, 615, 614, 815, 815, 614, 814, 813, 816, 814, 814, 816, 815, 437, 615, 448, 448, 615, 815, 816, 447, 815, 815, 447, 448, 817, 818, 819, 819, 818, 820, 821, 822, 817, 817, 822, 818, 823, 824, 821, 821, 824, 822, 825, 826, 823, 823, 826, 824, 827, 828, 825, 825, 828, 826, 829, 830, 827, 827, 830, 828, 831, 832, 829, 829, 832, 830, 833, 834, 831, 831, 834, 832, 833, 835, 834, 834, 835, 836, 835, 837, 836, 836, 837, 838, 839, 840, 837, 837, 840, 838, 841, 842, 839, 839, 842, 840, 843, 844, 845, 845, 844, 846, 818, 847, 820, 820, 847, 848, 822, 849, 818, 818, 849, 847, 824, 850, 822, 822, 850, 849, 826, 851, 824, 824, 851, 850, 828, 852, 826, 826, 852, 851, 830, 853, 828, 828, 853, 852, 832, 854, 830, 830, 854, 853, 834, 855, 832, 832, 855, 854, 834, 836, 855, 855, 836, 856, 836, 838, 856, 856, 838, 857, 840, 858, 838, 838, 858, 857, 859, 842, 860, 860, 842, 846, 847, 861, 848, 848, 861, 862, 849, 863, 847, 847, 863, 861, 850, 864, 849, 849, 864, 863, 851, 865, 850, 850, 865, 864, 852, 866, 851, 851, 866, 865, 853, 867, 852, 852, 867, 866, 854, 868, 853, 853, 868, 867, 855, 869, 854, 854, 869, 868, 855, 856, 869, 869, 856, 870, 857, 871, 856, 856, 871, 870, 858, 872, 857, 857, 872, 871, 873, 859, 874, 874, 859, 860, 862, 861, 875, 875, 861, 876, 863, 877, 861, 861, 877, 876, 864, 878, 863, 863, 878, 877, 865, 879, 864, 864, 879, 878, 866, 880, 865, 865, 880, 879, 867, 881, 866, 866, 881, 880, 868, 882, 867, 867, 882, 881, 869, 883, 868, 868, 883, 882, 869, 870, 883, 883, 870, 884, 871, 885, 870, 870, 885, 884, 872, 886, 871, 871, 886, 885, 887, 873, 888, 888, 873, 874, 875, 876, 889, 889, 876, 890, 877, 891, 876, 876, 891, 890, 878, 892, 877, 877, 892, 891, 879, 893, 878, 878, 893, 892, 880, 894, 879, 879, 894, 893, 881, 895, 880, 880, 895, 894, 882, 896, 881, 881, 896, 895, 883, 897, 882, 882, 897, 896, 883, 884, 897, 897, 884, 898, 885, 899, 884, 884, 899, 898, 886, 900, 885, 885, 900, 899, 901, 887, 902, 902, 887, 888, 889, 890, 903, 903, 890, 904, 891, 905, 890, 890, 905, 904, 892, 906, 891, 891, 906, 905, 893, 907, 892, 892, 907, 906, 894, 908, 893, 893, 908, 907, 895, 909, 894, 894, 909, 908, 896, 910, 895, 895, 910, 909, 897, 911, 896, 896, 911, 910, 897, 898, 911, 911, 898, 912, 898, 899, 912, 912, 899, 913, 900, 914, 899, 899, 914, 913, 371, 901, 370, 370, 901, 902, 903, 904, 915, 915, 904, 916, 905, 917, 904, 904, 917, 916, 906, 918, 905, 905, 918, 917, 907, 919, 906, 906, 919, 918, 908, 920, 907, 907, 920, 919, 909, 921, 908, 908, 921, 920, 910, 922, 909, 909, 922, 921, 911, 923, 910, 910, 923, 922, 911, 912, 923, 923, 912, 924, 912, 913, 924, 924, 913, 925, 914, 926, 913, 913, 926, 925, 915, 916, 927, 927, 916, 928, 917, 929, 916, 916, 929, 928, 918, 930, 917, 917, 930, 929, 919, 931, 918, 918, 931, 930, 920, 932, 919, 919, 932, 931, 921, 933, 920, 920, 933, 932, 922, 934, 921, 921, 934, 933, 923, 935, 922, 922, 935, 934, 923, 924, 935, 935, 924, 936, 924, 925, 936, 936, 925, 937, 926, 938, 925, 925, 938, 937, 927, 928, 939, 939, 928, 940, 929, 941, 928, 928, 941, 940, 930, 942, 929, 929, 942, 941, 931, 943, 930, 930, 943, 942, 932, 944, 931, 931, 944, 943, 933, 945, 932, 932, 945, 944, 934, 946, 933, 933, 946, 945, 935, 947, 934, 934, 947, 946, 935, 936, 947, 947, 936, 948, 936, 937, 948, 948, 937, 949, 938, 950, 937, 937, 950, 949, 939, 940, 951, 951, 940, 952, 941, 953, 940, 940, 953, 952, 942, 954, 941, 941, 954, 953, 943, 955, 942, 942, 955, 954, 944, 956, 943, 943, 956, 955, 945, 957, 944, 944, 957, 956, 946, 958, 945, 945, 958, 957, 946, 947, 958, 958, 947, 959, 947, 948, 959, 959, 948, 960, 948, 949, 960, 960, 949, 961, 949, 950, 961, 961, 950, 962, 951, 952, 963, 963, 952, 964, 953, 965, 952, 952, 965, 964, 954, 966, 953, 953, 966, 965, 955, 967, 954, 954, 967, 966, 956, 968, 955, 955, 968, 967, 957, 969, 956, 956, 969, 968, 958, 970, 957, 957, 970, 969, 958, 959, 970, 970, 959, 971, 959, 960, 971, 971, 960, 972, 961, 973, 960, 960, 973, 972, 961, 962, 973, 973, 962, 974, 963, 964, 975, 975, 964, 976, 964, 965, 976, 976, 965, 977, 965, 966, 977, 977, 966, 978, 966, 967, 978, 978, 967, 979, 968, 980, 967, 967, 980, 979, 969, 981, 968, 968, 981, 980, 970, 982, 969, 969, 982, 981, 970, 971, 982, 982, 971, 983, 972, 984, 971, 971, 984, 983, 973, 985, 972, 972, 985, 984, 974, 986, 973, 973, 986, 985, 975, 976, 987, 987, 976, 988, 976, 977, 988, 988, 977, 989, 977, 978, 989, 989, 978, 990, 981, 982, 991, 983, 992, 982, 982, 992, 991, 984, 993, 983, 983, 993, 992, 985, 994, 984, 984, 994, 993, 986, 995, 985, 985, 995, 994, 987, 988, 996, 996, 988, 997, 988, 989, 997, 997, 989, 998, 996, 997, 999, 999, 997, 1000, 998, 1001, 997, 997, 1001, 1000, 1002, 1003, 993, 993, 1003, 992, 994, 1004, 993, 993, 1004, 1002, 995, 1005, 994, 994, 1005, 1004, 999, 1000, 1006, 1006, 1000, 1007, 1001, 1008, 1000, 1000, 1008, 1007, 1009, 1003, 1010, 1010, 1003, 1002, 1002, 1004, 1010, 1010, 1004, 1011, 1005, 1012, 1004, 1004, 1012, 1011, 1006, 1007, 1013, 1013, 1007, 1014, 1007, 1008, 1014, 1014, 1008, 1015, 1016, 1017, 1010, 1010, 1017, 1009, 1010, 1011, 1016, 1016, 1011, 1018, 1012, 1019, 1011, 1011, 1019, 1018, 1013, 1014, 1020, 1020, 1014, 1021, 1014, 1015, 1021, 1021, 1015, 1022, 1017, 1016, 1023, 1023, 1016, 1024, 1016, 1018, 1024, 1024, 1018, 1025, 1018, 1019, 1025, 1025, 1019, 1026, 1019, 1027, 1026, 1026, 1027, 1028, 1029, 1027, 1030, 1030, 1027, 1031, 1020, 1021, 1032, 1032, 1021, 1033, 1021, 1022, 1033, 1033, 1022, 1034, 1035, 1036, 1037, 1037, 1036, 1038, 817, 819, 1039, 821, 817, 1039, 823, 821, 1039, 825, 823, 1039, 827, 825, 1039, 829, 827, 1039, 831, 829, 1039, 833, 831, 1039, 835, 833, 1039, 837, 835, 1039, 839, 837, 1039, 839, 1039, 841, 843, 845, 1039, 1040, 1041, 1042, 1042, 1041, 1043, 1042, 1044, 1040, 1040, 1044, 1045, 1046, 1047, 1042, 1042, 1047, 1044, 1042, 1043, 1046, 1046, 1043, 1048, 1049, 1050, 1051, 1051, 1050, 1052, 1051, 1053, 1049, 1049, 1053, 1054, 1040, 1045, 1051, 1051, 1045, 1053, 1051, 1052, 1040, 1040, 1052, 1041, 1055, 1056, 1057, 1057, 1056, 1058, 1057, 1059, 1055, 1055, 1059, 1060, 1049, 1054, 1057, 1057, 1054, 1059, 1057, 1058, 1049, 1049, 1058, 1050, 1061, 1062, 1063, 1063, 1062, 1064, 1064, 1065, 1063, 1063, 1065, 1066, 1055, 1060, 1064, 1064, 1060, 1065, 1064, 1062, 1055, 1055, 1062, 1056, 1067, 1068, 1069, 1069, 1068, 1070, 1066, 1067, 1063, 1063, 1067, 1069, 1069, 1070, 1071, 1071, 1070, 1072, 1073, 1074, 1075, 1075, 1074, 1076, 1077, 1078, 1076, 1076, 1078, 1075, 1068, 1077, 1070, 1070, 1077, 1076, 1074, 1072, 1076, 1076, 1072, 1070, 1079, 1080, 1081, 1081, 1080, 1082, 1083, 1084, 1082, 1082, 1084, 1081, 1078, 1083, 1075, 1075, 1083, 1082, 1080, 1073, 1082, 1082, 1073, 1075, 1085, 1086, 1087, 1087, 1086, 1088, 1089, 1090, 1088, 1088, 1090, 1087, 1084, 1089, 1081, 1081, 1089, 1088, 1086, 1079, 1088, 1088, 1079, 1081, 1091, 1092, 1093, 1093, 1092, 1094, 1095, 1096, 1094, 1094, 1096, 1093, 1090, 1095, 1087, 1087, 1095, 1094, 1092, 1085, 1094, 1094, 1085, 1087, 1046, 1048, 1097, 1097, 1048, 1098, 1097, 1099, 1046, 1046, 1099, 1047, 1093, 1096, 1097, 1097, 1096, 1099, 1097, 1098, 1093, 1093, 1098, 1091, 1086, 1085, 1043, 1043, 1085, 1048, 1100, 1101, 1102, 1102, 1101, 1103, 1104, 1105, 1106, 1106, 1105, 1103, 1107, 1108, 1109, 1109, 1108, 1110, 1111, 1112, 1113, 1113, 1112, 1110, 1114, 1115, 1113, 1113, 1115, 1116, 1117, 1118, 1102, 1102, 1118, 1116, 1119, 1120, 1121, 1121, 1120, 1106, 1122, 1123, 1124, 1124, 1123, 1120, 1125, 1126, 1124, 1124, 1126, 1127, 1128, 1127, 1129, 1129, 1127, 1130, 1131, 1132, 1133, 1133, 1132, 1134, 1135, 1132, 1136, 1136, 1132, 1130, 1137, 1138, 1139, 1139, 1138, 1134, 1140, 1138, 1141, 1141, 1138, 1142, 1143, 1144, 1145, 1145, 1144, 1142, 1146, 1144, 1147, 1147, 1144, 1148, 1149, 1150, 1151, 1151, 1150, 1148, 1152, 1150, 1153, 1153, 1150, 1154, 1155, 1156, 1157, 1157, 1156, 1154, 1158, 1156, 1159, 1159, 1156, 1109, 1059, 1160, 1060, 1060, 1160, 1161, 1160, 1059, 1162, 1162, 1059, 1054, 1044, 1163, 1045, 1045, 1163, 1164, 1163, 1044, 1165, 1165, 1044, 1047, 1053, 1166, 1054, 1054, 1166, 1162, 1166, 1053, 1164, 1164, 1053, 1045, 1065, 1167, 1066, 1066, 1167, 1168, 1167, 1065, 1161, 1161, 1065, 1060, 1099, 1169, 1047, 1047, 1169, 1165, 1169, 1099, 1170, 1170, 1099, 1096, 1068, 1067, 1171, 1171, 1067, 1172, 1067, 1066, 1172, 1172, 1066, 1168, 1096, 1095, 1170, 1170, 1095, 1173, 1095, 1090, 1173, 1173, 1090, 1174, 1078, 1077, 1175, 1175, 1077, 1176, 1077, 1068, 1176, 1176, 1068, 1171, 1090, 1089, 1174, 1174, 1089, 1177, 1089, 1084, 1177, 1177, 1084, 1178, 1084, 1083, 1178, 1178, 1083, 1179, 1083, 1078, 1179, 1179, 1078, 1175, 1160, 1123, 1161, 1161, 1123, 1122, 1123, 1160, 1104, 1104, 1160, 1162, 1163, 1118, 1164, 1164, 1118, 1117, 1111, 1118, 1165, 1165, 1118, 1163, 1104, 1162, 1105, 1105, 1162, 1166, 1164, 1117, 1166, 1166, 1117, 1105, 1167, 1128, 1168, 1168, 1128, 1129, 1161, 1122, 1167, 1167, 1122, 1128, 1165, 1169, 1111, 1111, 1169, 1112, 1159, 1112, 1170, 1170, 1112, 1169, 1172, 1131, 1171, 1171, 1131, 1133, 1168, 1129, 1172, 1172, 1129, 1131, 1170, 1173, 1159, 1159, 1173, 1158, 1153, 1158, 1174, 1174, 1158, 1173, 1176, 1140, 1175, 1175, 1140, 1141, 1171, 1133, 1176, 1176, 1133, 1140, 1174, 1177, 1153, 1153, 1177, 1152, 1147, 1152, 1178, 1178, 1152, 1177, 1147, 1178, 1146, 1146, 1178, 1179, 1175, 1141, 1179, 1179, 1141, 1146, 1135, 1180, 1139, 1139, 1180, 1181, 1135, 1136, 1180, 1180, 1136, 1182, 1137, 1183, 1145, 1145, 1183, 1184, 1183, 1137, 1181, 1181, 1137, 1139, 1121, 1101, 1185, 1185, 1101, 1186, 1101, 1100, 1186, 1186, 1100, 1187, 1149, 1188, 1157, 1157, 1188, 1189, 1188, 1149, 1190, 1190, 1149, 1151, 1114, 1108, 1191, 1191, 1108, 1192, 1192, 1108, 1193, 1193, 1108, 1107, 1100, 1115, 1187, 1187, 1115, 1194, 1115, 1114, 1194, 1194, 1114, 1191, 1125, 1119, 1195, 1195, 1119, 1196, 1119, 1121, 1196, 1196, 1121, 1185, 1136, 1126, 1182, 1182, 1126, 1197, 1126, 1125, 1197, 1197, 1125, 1195, 1143, 1198, 1151, 1151, 1198, 1190, 1198, 1143, 1184, 1184, 1143, 1145, 1155, 1199, 1107, 1107, 1199, 1193, 1199, 1155, 1189, 1189, 1155, 1157, 1200, 1201, 1180, 1180, 1201, 1181, 1202, 1200, 1182, 1182, 1200, 1180, 1183, 1203, 1184, 1184, 1203, 1204, 1203, 1183, 1201, 1201, 1183, 1181, 1205, 1206, 1186, 1186, 1206, 1185, 1207, 1205, 1187, 1187, 1205, 1186, 1188, 1208, 1189, 1189, 1208, 1209, 1208, 1188, 1210, 1210, 1188, 1190, 1192, 1211, 1191, 1191, 1211, 1212, 1211, 1192, 1213, 1213, 1192, 1193, 1214, 1207, 1194, 1194, 1207, 1187, 1212, 1214, 1191, 1191, 1214, 1194, 1215, 1216, 1196, 1196, 1216, 1195, 1206, 1215, 1185, 1185, 1215, 1196, 1217, 1202, 1197, 1197, 1202, 1182, 1216, 1217, 1195, 1195, 1217, 1197, 1198, 1218, 1190, 1190, 1218, 1210, 1218, 1198, 1204, 1204, 1198, 1184, 1199, 1219, 1193, 1193, 1219, 1213, 1219, 1199, 1209, 1209, 1199, 1189, 1092, 1091, 1085, 1085, 1091, 1048, 1091, 1098, 1048, 1041, 1052, 1079, 1079, 1052, 1080, 1043, 1041, 1086, 1086, 1041, 1079, 1052, 1050, 1080, 1080, 1050, 1073, 1062, 1061, 1056, 1072, 1056, 1071, 1056, 1061, 1071, 1058, 1074, 1050, 1050, 1074, 1073, 1071, 1061, 1069, 1069, 1061, 1063, 1056, 1072, 1058, 1058, 1072, 1074, 1201, 1200, 1220, 1220, 1200, 1221, 1200, 1202, 1221, 1221, 1202, 1023, 1203, 1222, 1204, 1204, 1222, 1223, 1205, 991, 1206, 1206, 991, 992, 1205, 1207, 991, 991, 1207, 981, 1208, 1015, 1209, 1209, 1015, 1008, 1210, 1022, 1208, 1208, 1022, 1015, 1212, 1211, 979, 979, 1211, 990, 1211, 1213, 990, 990, 1213, 998, 1214, 980, 1207, 1207, 980, 981, 1214, 1212, 980, 980, 1212, 979, 1216, 1215, 1009, 1009, 1215, 1003, 1215, 1206, 1003, 1003, 1206, 992, 1217, 1216, 1017, 1017, 1216, 1009, 1210, 1218, 1022, 1022, 1218, 1034, 1204, 1223, 1218, 1218, 1223, 1034, 1213, 1219, 998, 998, 1219, 1001, 1219, 1209, 1001, 1001, 1209, 1008, 1201, 1220, 1203, 1203, 1220, 1222, 998, 989, 990, 990, 978, 979, 1217, 1017, 1202, 1202, 1017, 1023, 1224, 1225, 1226, 1225, 1227, 1228, 1228, 1227, 1226, 1229, 1230, 1231, 1231, 1230, 1232, 1230, 1229, 1233, 1233, 1229, 1234, 1235, 1236, 1229, 1229, 1236, 1234, 1237, 1238, 1239, 1239, 1238, 1235, 1235, 1229, 1239, 1239, 1229, 1231, 1240, 1241, 1242, 1242, 1241, 1243, 1244, 1243, 1245, 1245, 1243, 1241, 1246, 1247, 1248, 1248, 1247, 1249, 1250, 1249, 1251, 1251, 1249, 1247, 1241, 1252, 1245, 1245, 1252, 1253, 1252, 1254, 1253, 1253, 1254, 1255, 1254, 1252, 1256, 1256, 1252, 1257, 1252, 1241, 1257, 1257, 1241, 1240, 1258, 1259, 1260, 1260, 1259, 1261, 1242, 1261, 1240, 1240, 1261, 1259, 1262, 1263, 1264, 1264, 1263, 1265, 1263, 1266, 1265, 1265, 1266, 1267, 1266, 1263, 1268, 1268, 1263, 1269, 1269, 1263, 1262, 1270, 1271, 1248, 1248, 1271, 1272, 1271, 1270, 1273, 1273, 1270, 1274, 1270, 1275, 1274, 1274, 1275, 1276, 1275, 1277, 1276, 1276, 1277, 1278, 1277, 1275, 1250, 1250, 1275, 1249, 1275, 1270, 1249, 1249, 1270, 1248, 1279, 1280, 1281, 1281, 1280, 1282, 1282, 1280, 1258, 1258, 1280, 1259, 1280, 1257, 1259, 1259, 1257, 1240, 1280, 1279, 1257, 1257, 1279, 1256, 1267, 1266, 1283, 1283, 1266, 1284, 1284, 1266, 1285, 1286, 1287, 1288, 1288, 1287, 1289, 1287, 1286, 1290, 1290, 1286, 1291, 1292, 1293, 1294, 1294, 1293, 1295, 1295, 1293, 1296, 1296, 1293, 1297, 1293, 1287, 1297, 1297, 1287, 1290, 1293, 1292, 1287, 1287, 1292, 1289, 1298, 1299, 1300, 1300, 1299, 1301, 1299, 1302, 1301, 1301, 1302, 1303, 1304, 1305, 1306, 1306, 1305, 1307, 1304, 1225, 1305, 1305, 1225, 1224, 1308, 1309, 1306, 1306, 1309, 1304, 1304, 1310, 1225, 1225, 1310, 1227, 1310, 1304, 1311, 1311, 1304, 1309, 1312, 1313, 1314, 1314, 1313, 1315, 1313, 1230, 1315, 1315, 1230, 1233, 1230, 1313, 1232, 1232, 1313, 1316, 1313, 1312, 1316, 1316, 1312, 1317, 1260, 1318, 1258, 1258, 1318, 1319, 1320, 1319, 1321, 1321, 1319, 1318, 1322, 1323, 1324, 1324, 1323, 1325, 1323, 1326, 1325, 1325, 1326, 1327, 1326, 1323, 1307, 1307, 1323, 1306, 1328, 1322, 1329, 1329, 1322, 1324, 1309, 1308, 1330, 1331, 1330, 1308, 1331, 1328, 1283, 1283, 1328, 1332, 1328, 1329, 1332, 1332, 1329, 1333, 1334, 1326, 1335, 1335, 1326, 1307, 1326, 1334, 1327, 1327, 1334, 1336, 1334, 1337, 1336, 1336, 1337, 1338, 1337, 1334, 1339, 1339, 1334, 1335, 1340, 1341, 1342, 1342, 1341, 1343, 1344, 1343, 1345, 1345, 1343, 1341, 1346, 1347, 1348, 1348, 1347, 1349, 1347, 1350, 1349, 1349, 1350, 1351, 1350, 1347, 1352, 1352, 1347, 1353, 1347, 1346, 1353, 1353, 1346, 1354, 1355, 1356, 1357, 1357, 1356, 1358, 1356, 1359, 1358, 1358, 1359, 1303, 1356, 1346, 1359, 1359, 1346, 1348, 1346, 1356, 1354, 1354, 1356, 1355, 1360, 1361, 1362, 1362, 1361, 1363, 1361, 1364, 1363, 1363, 1364, 1365, 1364, 1361, 1344, 1344, 1361, 1343, 1361, 1360, 1343, 1343, 1360, 1342, 1366, 1350, 1367, 1367, 1350, 1352, 1350, 1366, 1351, 1351, 1366, 1368, 1366, 1369, 1368, 1368, 1369, 1370, 1369, 1366, 1371, 1371, 1366, 1367, 1345, 1372, 1344, 1344, 1372, 1364, 1373, 1365, 1372, 1372, 1365, 1364, 1374, 1375, 1376, 1376, 1375, 1377, 1375, 1374, 1370, 1370, 1374, 1368, 1368, 1374, 1351, 1351, 1374, 1349, 1374, 1376, 1349, 1349, 1376, 1348, 1378, 1379, 1274, 1274, 1379, 1273, 1379, 1378, 1380, 1380, 1378, 1381, 1382, 1383, 1384, 1384, 1383, 1385, 1309, 1386, 1311, 1311, 1386, 1387, 1388, 1389, 1390, 1390, 1389, 1387, 1378, 1391, 1381, 1381, 1391, 1392, 1391, 1393, 1392, 1392, 1393, 1394, 1393, 1391, 1278, 1278, 1391, 1276, 1391, 1378, 1276, 1276, 1378, 1274, 1395, 1312, 1389, 1389, 1312, 1314, 1312, 1395, 1317, 1317, 1395, 1396, 1395, 1397, 1396, 1396, 1397, 1398, 1397, 1395, 1388, 1388, 1395, 1389, 1399, 1400, 1381, 1381, 1400, 1380, 1383, 1401, 1385, 1385, 1401, 1402, 1403, 1388, 1404, 1404, 1388, 1390, 1405, 1406, 1394, 1394, 1406, 1392, 1406, 1399, 1392, 1392, 1399, 1381, 1397, 1407, 1398, 1398, 1407, 1408, 1407, 1397, 1403, 1403, 1397, 1388, 1401, 1286, 1402, 1402, 1286, 1288, 1296, 1297, 1405, 1405, 1297, 1406, 1297, 1290, 1406, 1406, 1290, 1399, 1409, 1410, 1411, 1411, 1410, 1412, 1410, 1409, 1320, 1320, 1409, 1319, 1409, 1282, 1319, 1319, 1282, 1258, 1282, 1409, 1281, 1281, 1409, 1411, 1413, 1414, 1338, 1338, 1414, 1336, 1414, 1415, 1336, 1336, 1415, 1327, 1415, 1414, 1352, 1352, 1414, 1367, 1414, 1413, 1367, 1367, 1413, 1371, 1416, 1417, 1357, 1357, 1417, 1418, 1417, 1419, 1418, 1418, 1419, 1333, 1321, 1420, 1320, 1320, 1420, 1421, 1342, 1421, 1340, 1340, 1421, 1420, 1422, 1423, 1354, 1354, 1423, 1353, 1423, 1415, 1353, 1353, 1415, 1352, 1415, 1423, 1327, 1327, 1423, 1325, 1423, 1422, 1325, 1325, 1422, 1324, 1373, 1372, 1298, 1298, 1372, 1299, 1372, 1345, 1299, 1299, 1345, 1302, 1345, 1341, 1302, 1302, 1341, 1424, 1341, 1340, 1424, 1424, 1340, 1416, 1321, 1318, 1419, 1419, 1318, 1425, 1318, 1260, 1425, 1425, 1260, 1267, 1260, 1261, 1267, 1267, 1261, 1265, 1261, 1242, 1265, 1265, 1242, 1264, 1426, 1262, 1244, 1244, 1262, 1264, 1427, 1268, 1269, 1382, 1379, 1383, 1383, 1379, 1380, 1400, 1401, 1380, 1380, 1401, 1383, 1291, 1286, 1400, 1400, 1286, 1401, 1255, 1254, 1428, 1428, 1254, 1429, 1429, 1254, 1430, 1430, 1254, 1256, 1279, 1431, 1256, 1256, 1431, 1430, 1431, 1279, 1432, 1432, 1279, 1281, 1411, 1433, 1281, 1281, 1433, 1432, 1411, 1412, 1433, 1433, 1412, 1434, 1412, 1435, 1434, 1434, 1435, 1436, 1435, 1362, 1436, 1436, 1362, 1437, 1362, 1363, 1437, 1437, 1363, 1438, 1363, 1365, 1438, 1438, 1365, 1439, 1365, 1373, 1439, 1439, 1373, 1440, 1373, 1298, 1440, 1440, 1298, 1441, 1442, 1443, 1300, 1300, 1443, 1444, 1443, 1442, 1445, 1445, 1442, 1377, 1446, 1375, 1447, 1447, 1375, 1370, 1375, 1446, 1377, 1377, 1446, 1445, 1369, 1448, 1370, 1370, 1448, 1447, 1448, 1369, 1449, 1449, 1369, 1371, 1450, 1413, 1451, 1451, 1413, 1338, 1413, 1450, 1371, 1371, 1450, 1449, 1337, 1452, 1338, 1338, 1452, 1451, 1452, 1337, 1453, 1453, 1337, 1339, 1238, 1237, 1339, 1339, 1237, 1453, 1292, 1454, 1289, 1289, 1454, 1455, 1454, 1407, 1455, 1455, 1407, 1403, 1407, 1454, 1408, 1408, 1454, 1456, 1454, 1292, 1456, 1456, 1292, 1294, 1441, 1298, 1444, 1444, 1298, 1300, 1457, 1330, 1384, 1384, 1330, 1458, 1330, 1457, 1309, 1309, 1457, 1386, 1457, 1459, 1386, 1386, 1459, 1460, 1459, 1457, 1385, 1385, 1457, 1384, 1419, 1425, 1333, 1333, 1425, 1332, 1332, 1425, 1283, 1283, 1425, 1267, 1461, 1459, 1402, 1402, 1459, 1385, 1459, 1461, 1460, 1460, 1461, 1462, 1422, 1463, 1324, 1324, 1463, 1329, 1329, 1463, 1333, 1333, 1463, 1418, 1463, 1355, 1418, 1418, 1355, 1357, 1463, 1422, 1355, 1355, 1422, 1354, 1464, 1461, 1288, 1288, 1461, 1402, 1461, 1464, 1462, 1462, 1464, 1404, 1302, 1424, 1303, 1303, 1424, 1358, 1424, 1416, 1358, 1358, 1416, 1357, 1455, 1464, 1289, 1289, 1464, 1288, 1442, 1465, 1377, 1377, 1465, 1376, 1465, 1359, 1376, 1376, 1359, 1348, 1359, 1465, 1303, 1303, 1465, 1301, 1465, 1442, 1301, 1301, 1442, 1300, 1290, 1291, 1399, 1399, 1291, 1400, 1242, 1243, 1264, 1264, 1243, 1244, 1283, 1284, 1331, 1284, 1458, 1331, 1330, 1331, 1458, 1466, 1238, 1335, 1335, 1238, 1339, 1238, 1466, 1235, 1235, 1466, 1236, 1305, 1466, 1307, 1307, 1466, 1335, 1410, 1467, 1412, 1412, 1467, 1435, 1467, 1360, 1435, 1435, 1360, 1362, 1360, 1467, 1342, 1342, 1467, 1421, 1467, 1410, 1421, 1421, 1410, 1320, 1340, 1420, 1416, 1416, 1420, 1417, 1420, 1321, 1417, 1417, 1321, 1419, 1308, 1322, 1331, 1331, 1322, 1328, 1323, 1322, 1306, 1306, 1322, 1308, 1460, 1462, 1390, 1390, 1462, 1404, 1386, 1460, 1387, 1387, 1460, 1390, 1404, 1464, 1403, 1403, 1464, 1455, 1389, 1314, 1387, 1387, 1314, 1311, 1315, 1310, 1314, 1314, 1310, 1311, 1310, 1315, 1227, 1227, 1315, 1233, 1233, 1234, 1227, 1227, 1234, 1226, 1236, 1224, 1234, 1234, 1224, 1226, 1466, 1305, 1236, 1236, 1305, 1224, 1468, 1469, 1428, 1428, 1469, 1255, 1470, 1469, 1222, 1222, 1469, 1038, 1222, 1038, 1223, 1223, 1038, 1036, 1033, 1034, 1036, 1036, 1034, 1223, 1032, 1033, 1035, 1035, 1033, 1036, 1471, 1472, 1245, 1245, 1472, 1244, 1473, 1472, 1023, 1023, 1472, 1221, 1474, 1475, 1476, 1476, 1475, 1477, 1478, 1479, 1480, 1480, 1479, 1028, 1471, 1470, 1220, 1220, 1470, 1222, 1474, 1473, 1024, 1024, 1473, 1023, 1426, 1476, 1262, 1262, 1476, 1269, 1248, 1272, 1246, 1246, 1272, 1477, 1481, 1475, 1026, 1026, 1475, 1025, 1272, 1269, 1477, 1477, 1269, 1476, 1469, 1468, 1038, 1038, 1468, 1037, 1479, 1478, 1247, 1247, 1478, 1251, 1255, 1469, 1253, 1253, 1469, 1470, 1253, 1470, 1245, 1245, 1470, 1471, 1221, 1472, 1220, 1220, 1472, 1471, 1472, 1473, 1244, 1244, 1473, 1426, 1473, 1474, 1426, 1426, 1474, 1476, 1475, 1474, 1025, 1025, 1474, 1024, 1475, 1481, 1477, 1477, 1481, 1246, 1481, 1479, 1246, 1246, 1479, 1247, 1482, 1382, 1458, 1458, 1382, 1384, 1379, 1382, 1273, 1273, 1382, 1482, 1271, 1273, 1483, 1483, 1273, 1482, 1482, 1458, 1285, 1285, 1458, 1284, 1483, 1482, 1427, 1427, 1482, 1285, 1483, 1427, 1272, 1272, 1427, 1269, 1272, 1271, 1483, 1427, 1285, 1268, 1268, 1285, 1266, 1026, 1028, 1481, 1481, 1028, 1479, 842, 859, 840, 840, 859, 858, 859, 873, 858, 858, 873, 872, 873, 887, 872, 872, 887, 886, 887, 901, 886, 886, 901, 900, 900, 901, 914, 914, 901, 371, 371, 374, 914, 914, 374, 926, 1012, 1031, 1019, 1019, 1031, 1027, 820, 1484, 819, 819, 1484, 1485, 1484, 1486, 1485, 1485, 1486, 1487, 1486, 1488, 1487, 1487, 1488, 1489, 1488, 1490, 1489, 1489, 1490, 1491, 1490, 1492, 1491, 1491, 1492, 1493, 1492, 1494, 1493, 1493, 1494, 1495, 1494, 1496, 1495, 1495, 1496, 1497, 1496, 1498, 1497, 1497, 1498, 1499, 1499, 1498, 1500, 1500, 1498, 1501, 1500, 1501, 1502, 1502, 1501, 1503, 1503, 1504, 1502, 1502, 1504, 1505, 1504, 1506, 1505, 1505, 1506, 1507, 1506, 1508, 1507, 1507, 1508, 1509, 848, 1510, 820, 820, 1510, 1484, 1510, 1511, 1484, 1484, 1511, 1486, 1511, 1512, 1486, 1486, 1512, 1488, 1512, 1513, 1488, 1488, 1513, 1490, 1513, 1514, 1490, 1490, 1514, 1492, 1514, 1515, 1492, 1492, 1515, 1494, 1515, 1516, 1494, 1494, 1516, 1496, 1516, 1517, 1496, 1496, 1517, 1498, 1498, 1517, 1501, 1501, 1517, 1518, 1501, 1518, 1503, 1503, 1518, 1519, 1519, 1520, 1503, 1503, 1520, 1504, 1521, 1522, 1506, 1506, 1522, 1508, 862, 1523, 848, 848, 1523, 1510, 1523, 1524, 1510, 1510, 1524, 1511, 1524, 1525, 1511, 1511, 1525, 1512, 1525, 1526, 1512, 1512, 1526, 1513, 1526, 1527, 1513, 1513, 1527, 1514, 1527, 1528, 1514, 1514, 1528, 1515, 1528, 1529, 1515, 1515, 1529, 1516, 1529, 1530, 1516, 1516, 1530, 1517, 1517, 1530, 1518, 1518, 1530, 1531, 1518, 1531, 1519, 1519, 1531, 1532, 1519, 1532, 1520, 1520, 1532, 1533, 1534, 1535, 1521, 1521, 1535, 1522, 862, 875, 1523, 1523, 875, 1536, 1536, 1537, 1523, 1523, 1537, 1524, 1537, 1538, 1524, 1524, 1538, 1525, 1538, 1539, 1525, 1525, 1539, 1526, 1539, 1540, 1526, 1526, 1540, 1527, 1540, 1541, 1527, 1527, 1541, 1528, 1541, 1542, 1528, 1528, 1542, 1529, 1542, 1543, 1529, 1529, 1543, 1530, 1530, 1543, 1531, 1531, 1543, 1544, 1544, 1545, 1531, 1531, 1545, 1532, 1532, 1545, 1533, 1533, 1545, 1546, 1547, 1548, 1534, 1534, 1548, 1535, 875, 889, 1536, 1536, 889, 1549, 1549, 1550, 1536, 1536, 1550, 1537, 1550, 1551, 1537, 1537, 1551, 1538, 1551, 1552, 1538, 1538, 1552, 1539, 1552, 1553, 1539, 1539, 1553, 1540, 1553, 1554, 1540, 1540, 1554, 1541, 1554, 1555, 1541, 1541, 1555, 1542, 1555, 1556, 1542, 1542, 1556, 1543, 1543, 1556, 1544, 1544, 1556, 1557, 1557, 1558, 1544, 1544, 1558, 1545, 1558, 1559, 1545, 1545, 1559, 1546, 1560, 1561, 1547, 1547, 1561, 1548, 889, 903, 1549, 1549, 903, 1562, 1562, 1563, 1549, 1549, 1563, 1550, 1563, 1564, 1550, 1550, 1564, 1551, 1564, 1565, 1551, 1551, 1565, 1552, 1565, 1566, 1552, 1552, 1566, 1553, 1566, 1567, 1553, 1553, 1567, 1554, 1567, 1568, 1554, 1554, 1568, 1555, 1568, 1569, 1555, 1555, 1569, 1556, 1556, 1569, 1557, 1557, 1569, 1570, 1570, 1571, 1557, 1557, 1571, 1558, 1571, 1572, 1558, 1558, 1572, 1559, 1573, 1561, 445, 445, 1561, 446, 903, 915, 1562, 1562, 915, 1574, 1574, 1575, 1562, 1562, 1575, 1563, 1575, 1576, 1563, 1563, 1576, 1564, 1576, 1577, 1564, 1564, 1577, 1565, 1577, 1578, 1565, 1565, 1578, 1566, 1578, 1579, 1566, 1566, 1579, 1567, 1579, 1580, 1567, 1567, 1580, 1568, 1580, 1581, 1568, 1568, 1581, 1569, 1569, 1581, 1570, 1570, 1581, 1582, 1570, 1582, 1571, 1571, 1582, 1583, 1583, 1584, 1571, 1571, 1584, 1572, 915, 927, 1574, 1574, 927, 1585, 1585, 1586, 1574, 1574, 1586, 1575, 1586, 1587, 1575, 1575, 1587, 1576, 1587, 1588, 1576, 1576, 1588, 1577, 1588, 1589, 1577, 1577, 1589, 1578, 1589, 1590, 1578, 1578, 1590, 1579, 1590, 1591, 1579, 1579, 1591, 1580, 1591, 1592, 1580, 1580, 1592, 1581, 1581, 1592, 1582, 1582, 1592, 1593, 1593, 1594, 1582, 1582, 1594, 1583, 1594, 1595, 1583, 1583, 1595, 1584, 927, 939, 1585, 1585, 939, 1596, 1596, 1597, 1585, 1585, 1597, 1586, 1597, 1598, 1586, 1586, 1598, 1587, 1598, 1599, 1587, 1587, 1599, 1588, 1599, 1600, 1588, 1588, 1600, 1589, 1600, 1601, 1589, 1589, 1601, 1590, 1601, 1602, 1590, 1590, 1602, 1591, 1602, 1603, 1591, 1591, 1603, 1592, 1592, 1603, 1593, 1593, 1603, 1604, 1604, 1605, 1593, 1593, 1605, 1594, 1605, 1606, 1594, 1594, 1606, 1595, 939, 951, 1596, 1596, 951, 1607, 1607, 1608, 1596, 1596, 1608, 1597, 1608, 1609, 1597, 1597, 1609, 1598, 1609, 1610, 1598, 1598, 1610, 1599, 1610, 1611, 1599, 1599, 1611, 1600, 1611, 1612, 1600, 1600, 1612, 1601, 1612, 1613, 1601, 1601, 1613, 1602, 1613, 1614, 1602, 1602, 1614, 1603, 1603, 1614, 1604, 1604, 1614, 1615, 1604, 1615, 1605, 1605, 1615, 1616, 1605, 1616, 1606, 1606, 1616, 1617, 951, 963, 1607, 1607, 963, 1618, 1618, 1619, 1607, 1607, 1619, 1608, 1619, 1620, 1608, 1608, 1620, 1609, 1620, 1621, 1609, 1609, 1621, 1610, 1621, 1622, 1610, 1610, 1622, 1611, 1622, 1623, 1611, 1611, 1623, 1612, 1623, 1624, 1612, 1612, 1624, 1613, 1613, 1624, 1614, 1614, 1624, 1625, 1614, 1625, 1615, 1615, 1625, 1626, 1615, 1626, 1616, 1616, 1626, 1627, 1616, 1627, 1617, 1617, 1627, 1628, 963, 975, 1618, 1618, 975, 1629, 1618, 1629, 1619, 1619, 1629, 1630, 1619, 1630, 1620, 1620, 1630, 1631, 1620, 1631, 1621, 1621, 1631, 1632, 1632, 1633, 1621, 1621, 1633, 1622, 1633, 1634, 1622, 1622, 1634, 1623, 1634, 1635, 1623, 1623, 1635, 1624, 1624, 1635, 1625, 1625, 1635, 1636, 1625, 1636, 1626, 1626, 1636, 1637, 1626, 1637, 1627, 1627, 1637, 1638, 1627, 1638, 1628, 1628, 1638, 1639, 975, 987, 1629, 1629, 987, 1640, 1629, 1640, 1630, 1630, 1640, 1641, 1630, 1641, 1631, 1631, 1641, 1642, 1634, 1643, 1635, 1643, 1644, 1635, 1635, 1644, 1636, 1644, 1645, 1636, 1636, 1645, 1637, 1645, 1646, 1637, 1637, 1646, 1638, 1638, 1646, 1639, 1639, 1646, 1647, 987, 996, 1640, 1640, 996, 1648, 1640, 1648, 1641, 1641, 1648, 1649, 996, 999, 1648, 1648, 999, 1650, 1650, 1651, 1648, 1648, 1651, 1649, 1652, 1645, 1653, 1653, 1645, 1644, 1652, 1654, 1645, 1645, 1654, 1646, 1646, 1654, 1647, 1647, 1654, 1655, 999, 1006, 1650, 1650, 1006, 1656, 1656, 1657, 1650, 1650, 1657, 1651, 1652, 1653, 1658, 1658, 1653, 1659, 1652, 1658, 1654, 1654, 1658, 1660, 1654, 1660, 1655, 1655, 1660, 1661, 1006, 1013, 1656, 1656, 1013, 1662, 1656, 1662, 1657, 1657, 1662, 1663, 1664, 1658, 1665, 1665, 1658, 1659, 1658, 1664, 1660, 1660, 1664, 1666, 1660, 1666, 1661, 1661, 1666, 1667, 1013, 1020, 1662, 1662, 1020, 1668, 1662, 1668, 1663, 1663, 1668, 1669, 1670, 1664, 1671, 1671, 1664, 1665, 1664, 1670, 1666, 1666, 1670, 1672, 1666, 1672, 1667, 1667, 1672, 1673, 1667, 1673, 1674, 1674, 1673, 1675, 1674, 1029, 1676, 1676, 1029, 1030, 1020, 1032, 1668, 1668, 1032, 1677, 1668, 1677, 1669, 1669, 1677, 1678, 1035, 1037, 1679, 1679, 1037, 1680, 1485, 1039, 819, 1487, 1039, 1485, 1489, 1039, 1487, 1491, 1039, 1489, 1493, 1039, 1491, 1495, 1039, 1493, 1497, 1039, 1495, 1499, 1039, 1497, 1500, 1039, 1499, 1502, 1039, 1500, 1505, 1039, 1502, 1505, 1507, 1039, 1509, 1039, 1507, 1681, 1682, 1683, 1683, 1682, 1684, 1682, 1681, 1685, 1685, 1681, 1686, 1687, 1682, 1688, 1688, 1682, 1685, 1682, 1687, 1684, 1684, 1687, 1689, 1690, 1691, 1692, 1692, 1691, 1693, 1691, 1690, 1694, 1694, 1690, 1695, 1681, 1691, 1686, 1686, 1691, 1694, 1691, 1681, 1693, 1693, 1681, 1683, 1696, 1697, 1698, 1698, 1697, 1699, 1697, 1696, 1700, 1700, 1696, 1701, 1690, 1697, 1695, 1695, 1697, 1700, 1697, 1690, 1699, 1699, 1690, 1692, 1702, 1703, 1704, 1704, 1703, 1705, 1702, 1704, 1706, 1706, 1704, 1707, 1696, 1702, 1701, 1701, 1702, 1706, 1702, 1696, 1703, 1703, 1696, 1698, 1708, 1709, 1710, 1710, 1709, 1711, 1710, 1711, 1704, 1704, 1711, 1707, 1710, 1712, 1708, 1708, 1712, 1713, 1714, 1715, 1716, 1716, 1715, 1717, 1716, 1718, 1714, 1714, 1718, 1719, 1714, 1719, 1708, 1708, 1719, 1709, 1708, 1713, 1714, 1714, 1713, 1715, 1720, 1721, 1722, 1722, 1721, 1723, 1722, 1724, 1720, 1720, 1724, 1725, 1720, 1725, 1716, 1716, 1725, 1718, 1716, 1717, 1720, 1720, 1717, 1721, 1726, 1727, 1728, 1728, 1727, 1729, 1728, 1730, 1726, 1726, 1730, 1731, 1726, 1731, 1722, 1722, 1731, 1724, 1722, 1723, 1726, 1726, 1723, 1727, 1732, 1733, 1734, 1734, 1733, 1735, 1734, 1736, 1732, 1732, 1736, 1737, 1732, 1737, 1728, 1728, 1737, 1730, 1728, 1729, 1732, 1732, 1729, 1733, 1687, 1738, 1689, 1689, 1738, 1739, 1738, 1687, 1740, 1740, 1687, 1688, 1734, 1738, 1736, 1736, 1738, 1740, 1738, 1734, 1739, 1739, 1734, 1735, 1689, 1729, 1684, 1684, 1729, 1727, 1741, 1742, 1743, 1743, 1742, 1744, 1745, 1746, 1747, 1747, 1746, 1744, 1748, 1749, 1750, 1750, 1749, 1751, 1752, 1753, 1754, 1754, 1753, 1751, 1755, 1753, 1756, 1756, 1753, 1757, 1758, 1742, 1759, 1759, 1742, 1757, 1760, 1761, 1762, 1762, 1761, 1746, 1763, 1764, 1765, 1765, 1764, 1762, 1766, 1764, 1767, 1767, 1764, 1768, 1769, 1770, 1768, 1768, 1770, 1771, 1772, 1773, 1774, 1774, 1773, 1775, 1776, 1777, 1774, 1774, 1777, 1771, 1778, 1779, 1780, 1780, 1779, 1775, 1781, 1782, 1780, 1780, 1782, 1783, 1784, 1785, 1786, 1786, 1785, 1783, 1787, 1788, 1786, 1786, 1788, 1789, 1790, 1791, 1792, 1792, 1791, 1789, 1793, 1794, 1792, 1792, 1794, 1795, 1796, 1797, 1798, 1798, 1797, 1795, 1799, 1800, 1798, 1798, 1800, 1749, 1801, 1802, 1701, 1701, 1802, 1700, 1802, 1803, 1700, 1700, 1803, 1695, 1804, 1805, 1686, 1686, 1805, 1685, 1805, 1806, 1685, 1685, 1806, 1688, 1803, 1807, 1695, 1695, 1807, 1694, 1807, 1804, 1694, 1694, 1804, 1686, 1808, 1809, 1707, 1707, 1809, 1706, 1809, 1801, 1706, 1706, 1801, 1701, 1806, 1810, 1688, 1688, 1810, 1740, 1810, 1811, 1740, 1740, 1811, 1736, 1709, 1812, 1711, 1711, 1812, 1813, 1808, 1707, 1813, 1813, 1707, 1711, 1736, 1811, 1737, 1737, 1811, 1814, 1815, 1730, 1814, 1814, 1730, 1737, 1718, 1816, 1719, 1719, 1816, 1817, 1812, 1709, 1817, 1817, 1709, 1719, 1730, 1815, 1731, 1731, 1815, 1818, 1819, 1724, 1818, 1818, 1724, 1731, 1724, 1819, 1725, 1725, 1819, 1820, 1816, 1718, 1820, 1820, 1718, 1725, 1802, 1801, 1765, 1765, 1801, 1763, 1765, 1745, 1802, 1802, 1745, 1803, 1805, 1804, 1759, 1759, 1804, 1758, 1805, 1759, 1806, 1806, 1759, 1752, 1807, 1803, 1747, 1747, 1803, 1745, 1747, 1758, 1807, 1807, 1758, 1804, 1809, 1808, 1769, 1769, 1808, 1770, 1769, 1763, 1809, 1809, 1763, 1801, 1806, 1752, 1810, 1810, 1752, 1754, 1810, 1754, 1811, 1811, 1754, 1800, 1813, 1812, 1772, 1772, 1812, 1773, 1772, 1770, 1813, 1813, 1770, 1808, 1811, 1800, 1814, 1814, 1800, 1799, 1814, 1799, 1815, 1815, 1799, 1794, 1817, 1816, 1781, 1781, 1816, 1782, 1781, 1773, 1817, 1817, 1773, 1812, 1815, 1794, 1818, 1818, 1794, 1793, 1818, 1793, 1819, 1819, 1793, 1788, 1820, 1819, 1787, 1787, 1819, 1788, 1787, 1782, 1820, 1820, 1782, 1816, 1821, 1822, 1779, 1779, 1822, 1776, 1823, 1777, 1822, 1822, 1777, 1776, 1824, 1825, 1785, 1785, 1825, 1778, 1825, 1821, 1778, 1778, 1821, 1779, 1761, 1826, 1743, 1743, 1826, 1827, 1828, 1741, 1827, 1827, 1741, 1743, 1829, 1830, 1797, 1797, 1830, 1790, 1830, 1831, 1790, 1790, 1831, 1791, 1755, 1832, 1750, 1750, 1832, 1833, 1833, 1834, 1750, 1750, 1834, 1748, 1741, 1828, 1756, 1756, 1828, 1835, 1832, 1755, 1835, 1835, 1755, 1756, 1766, 1836, 1760, 1760, 1836, 1837, 1826, 1761, 1837, 1837, 1761, 1760, 1777, 1823, 1767, 1767, 1823, 1838, 1836, 1766, 1838, 1838, 1766, 1767, 1831, 1839, 1791, 1791, 1839, 1784, 1839, 1824, 1784, 1784, 1824, 1785, 1834, 1840, 1748, 1748, 1840, 1796, 1840, 1829, 1796, 1796, 1829, 1797, 1821, 1841, 1822, 1822, 1841, 1842, 1843, 1823, 1842, 1842, 1823, 1822, 1825, 1824, 1844, 1844, 1824, 1845, 1821, 1825, 1841, 1841, 1825, 1844, 1826, 1846, 1827, 1827, 1846, 1847, 1848, 1828, 1847, 1847, 1828, 1827, 1830, 1829, 1849, 1849, 1829, 1850, 1831, 1830, 1851, 1851, 1830, 1849, 1833, 1832, 1852, 1852, 1832, 1853, 1834, 1833, 1854, 1854, 1833, 1852, 1828, 1848, 1835, 1835, 1848, 1855, 1853, 1832, 1855, 1855, 1832, 1835, 1836, 1856, 1837, 1837, 1856, 1857, 1846, 1826, 1857, 1857, 1826, 1837, 1823, 1843, 1838, 1838, 1843, 1858, 1856, 1836, 1858, 1858, 1836, 1838, 1839, 1831, 1859, 1859, 1831, 1851, 1824, 1839, 1845, 1845, 1839, 1859, 1840, 1834, 1860, 1860, 1834, 1854, 1829, 1840, 1850, 1850, 1840, 1860, 1733, 1729, 1735, 1729, 1689, 1735, 1689, 1739, 1735, 1683, 1723, 1693, 1693, 1723, 1721, 1684, 1727, 1683, 1683, 1727, 1723, 1693, 1721, 1692, 1692, 1721, 1717, 1703, 1698, 1705, 1713, 1712, 1698, 1698, 1712, 1705, 1717, 1715, 1692, 1692, 1715, 1699, 1704, 1705, 1710, 1710, 1705, 1712, 1698, 1699, 1713, 1713, 1699, 1715, 1841, 1861, 1842, 1842, 1861, 1862, 1842, 1862, 1843, 1843, 1862, 1671, 1863, 1864, 1845, 1845, 1864, 1844, 1644, 1643, 1846, 1846, 1643, 1847, 1847, 1643, 1848, 1848, 1643, 1634, 1657, 1663, 1850, 1850, 1663, 1849, 1663, 1669, 1849, 1849, 1669, 1851, 1853, 1632, 1852, 1852, 1632, 1642, 1852, 1642, 1854, 1854, 1642, 1649, 1634, 1633, 1848, 1848, 1633, 1855, 1855, 1633, 1853, 1853, 1633, 1632, 1856, 1659, 1857, 1857, 1659, 1653, 1857, 1653, 1846, 1846, 1653, 1644, 1858, 1665, 1856, 1856, 1665, 1659, 1851, 1669, 1859, 1859, 1669, 1678, 1678, 1863, 1859, 1859, 1863, 1845, 1854, 1649, 1860, 1860, 1649, 1651, 1860, 1651, 1850, 1850, 1651, 1657, 1864, 1861, 1844, 1844, 1861, 1841, 1649, 1642, 1641, 1642, 1632, 1631, 1858, 1843, 1665, 1665, 1843, 1671, 1865, 1866, 1867, 1866, 1868, 1867, 1867, 1868, 1865, 1869, 1231, 1870, 1870, 1231, 1232, 1871, 1869, 1872, 1872, 1869, 1870, 1869, 1871, 1873, 1873, 1871, 1874, 1239, 1873, 1237, 1237, 1873, 1875, 1231, 1869, 1239, 1239, 1869, 1873, 1876, 1877, 1878, 1878, 1877, 1879, 1877, 1876, 1880, 1880, 1876, 1881, 1882, 1883, 1884, 1884, 1883, 1885, 1250, 1251, 1882, 1882, 1251, 1883, 1877, 1880, 1886, 1886, 1880, 1887, 1888, 1889, 1887, 1887, 1889, 1886, 1889, 1890, 1886, 1886, 1890, 1891, 1879, 1877, 1891, 1891, 1877, 1886, 1892, 1893, 1894, 1894, 1893, 1895, 1878, 1879, 1892, 1892, 1879, 1893, 1896, 1897, 1898, 1898, 1897, 1899, 1900, 1901, 1899, 1899, 1901, 1898, 1901, 1902, 1898, 1902, 1903, 1898, 1898, 1903, 1896, 1904, 1884, 1905, 1905, 1884, 1906, 1907, 1904, 1908, 1908, 1904, 1905, 1904, 1907, 1909, 1909, 1907, 1910, 1278, 1277, 1910, 1910, 1277, 1909, 1277, 1250, 1909, 1909, 1250, 1882, 1884, 1904, 1882, 1882, 1904, 1909, 1911, 1912, 1913, 1913, 1912, 1914, 1914, 1895, 1913, 1913, 1895, 1893, 1879, 1891, 1893, 1893, 1891, 1913, 1890, 1911, 1891, 1891, 1911, 1913, 1900, 1915, 1901, 1901, 1915, 1916, 1916, 1917, 1901, 1918, 1919, 1920, 1920, 1919, 1921, 1919, 1922, 1921, 1921, 1922, 1923, 1924, 1294, 1925, 1925, 1294, 1295, 1295, 1296, 1925, 1925, 1296, 1926, 1922, 1919, 1926, 1926, 1919, 1925, 1918, 1924, 1919, 1919, 1924, 1925, 1927, 1928, 1929, 1929, 1928, 1930, 1931, 1932, 1930, 1930, 1932, 1929, 1933, 1934, 1935, 1935, 1934, 1936, 1937, 1865, 1934, 1934, 1865, 1936, 1936, 1938, 1935, 1935, 1938, 1939, 1868, 1940, 1865, 1865, 1940, 1936, 1940, 1941, 1936, 1936, 1941, 1938, 1942, 1943, 1944, 1944, 1943, 1945, 1943, 1872, 1945, 1945, 1872, 1870, 1870, 1232, 1945, 1945, 1232, 1316, 1317, 1944, 1316, 1316, 1944, 1945, 1894, 1895, 1946, 1946, 1895, 1947, 1946, 1947, 1948, 1948, 1947, 1949, 1950, 1951, 1952, 1952, 1951, 1953, 1954, 1955, 1953, 1953, 1955, 1952, 1955, 1933, 1952, 1952, 1933, 1935, 1951, 1950, 1956, 1956, 1950, 1957, 1938, 1958, 1939, 1959, 1939, 1958, 1959, 1915, 1957, 1957, 1915, 1960, 1961, 1956, 1960, 1960, 1956, 1957, 1933, 1955, 1962, 1962, 1955, 1963, 1955, 1954, 1963, 1963, 1954, 1964, 1965, 1966, 1964, 1964, 1966, 1963, 1966, 1967, 1963, 1963, 1967, 1962, 1968, 1969, 1970, 1970, 1969, 1971, 1969, 1968, 1972, 1972, 1968, 1973, 1974, 1975, 1976, 1976, 1975, 1977, 1978, 1979, 1977, 1977, 1979, 1976, 1979, 1980, 1976, 1976, 1980, 1981, 1982, 1974, 1981, 1981, 1974, 1976, 1983, 1984, 1985, 1985, 1984, 1986, 1931, 1987, 1986, 1986, 1987, 1985, 1975, 1974, 1987, 1987, 1974, 1985, 1974, 1982, 1985, 1985, 1982, 1983, 1988, 1989, 1990, 1990, 1989, 1991, 1992, 1993, 1991, 1991, 1993, 1990, 1993, 1973, 1990, 1990, 1973, 1968, 1970, 1988, 1968, 1968, 1988, 1990, 1980, 1979, 1994, 1994, 1979, 1995, 1979, 1978, 1995, 1995, 1978, 1996, 1997, 1998, 1996, 1996, 1998, 1995, 1998, 1999, 1995, 1995, 1999, 1994, 1972, 1973, 2000, 2000, 1973, 1993, 2001, 2000, 1992, 1992, 2000, 1993, 2002, 2003, 2004, 2004, 2003, 2005, 2003, 1997, 2005, 2005, 1997, 1996, 1996, 1978, 2005, 2005, 1978, 1977, 1975, 2004, 1977, 1977, 2004, 2005, 2006, 1907, 2007, 2007, 1907, 1908, 2008, 2006, 2009, 2009, 2006, 2007, 2010, 2011, 2012, 2012, 2011, 2013, 1938, 1941, 2014, 2014, 1941, 2015, 2015, 2016, 2017, 2017, 2016, 2018, 2006, 2008, 2019, 2019, 2008, 2020, 1394, 1393, 2020, 2020, 1393, 2019, 1393, 1278, 2019, 2019, 1278, 1910, 1907, 2006, 1910, 1910, 2006, 2019, 1942, 1944, 2016, 2016, 1944, 2021, 1944, 1317, 2021, 2021, 1317, 1396, 1398, 2022, 1396, 1396, 2022, 2021, 2022, 2018, 2021, 2021, 2018, 2016, 2023, 2008, 2024, 2024, 2008, 2009, 2011, 2010, 2025, 2025, 2010, 2026, 2017, 2018, 2027, 2027, 2018, 2028, 1405, 1394, 2029, 2029, 1394, 2020, 2008, 2023, 2020, 2020, 2023, 2029, 2022, 1398, 2030, 2030, 1398, 1408, 2018, 2022, 2028, 2028, 2022, 2030, 2025, 2026, 1921, 1921, 2026, 1920, 1296, 1405, 1926, 1926, 1405, 2029, 2023, 1922, 2029, 2029, 1922, 1926, 2031, 2032, 2033, 2033, 2032, 2034, 2032, 1949, 2034, 2034, 1949, 1947, 1895, 1914, 1947, 1947, 1914, 2034, 1914, 1912, 2034, 2034, 1912, 2033, 2035, 1965, 2036, 2036, 1965, 1964, 1954, 2037, 1964, 1964, 2037, 2036, 2037, 1980, 2036, 2036, 1980, 1994, 1999, 2035, 1994, 1994, 2035, 2036, 2038, 1984, 2039, 2039, 1984, 2040, 1961, 2041, 2040, 2040, 2041, 2039, 1948, 1949, 2042, 2042, 1949, 2043, 1970, 1971, 2043, 2043, 1971, 2042, 2044, 1982, 2045, 2045, 1982, 1981, 1980, 2037, 1981, 1981, 2037, 2045, 2037, 1954, 2045, 2045, 1954, 1953, 1951, 2044, 1953, 1953, 2044, 2045, 2001, 1927, 2000, 2000, 1927, 1929, 1932, 1972, 1929, 1929, 1972, 2000, 1972, 1932, 1969, 1969, 1932, 2046, 2038, 1971, 2046, 2046, 1971, 1969, 1948, 2041, 1946, 1946, 2041, 2047, 1900, 1894, 2047, 2047, 1894, 1946, 1894, 1900, 1892, 1892, 1900, 1899, 1897, 1878, 1899, 1899, 1878, 1892, 1897, 1896, 1881, 1881, 1896, 2048, 2049, 1903, 1902, 2013, 2011, 2007, 2007, 2011, 2009, 2011, 2025, 2009, 2009, 2025, 2024, 2025, 1921, 2024, 2024, 1921, 1923, 1428, 1429, 1888, 1888, 1429, 1889, 1429, 1430, 1889, 1889, 1430, 1890, 1430, 1431, 1890, 1890, 1431, 1911, 1431, 1432, 1911, 1911, 1432, 1912, 1432, 1433, 1912, 1912, 1433, 2033, 1434, 2031, 1433, 1433, 2031, 2033, 2031, 1434, 2050, 2050, 1434, 1436, 1437, 1989, 1436, 1436, 1989, 2050, 1989, 1437, 1991, 1991, 1437, 1438, 1439, 1992, 1438, 1438, 1992, 1991, 1440, 2001, 1439, 1439, 2001, 1992, 1441, 1927, 1440, 1440, 1927, 2001, 1444, 1443, 1928, 1928, 1443, 2051, 1443, 1445, 2051, 2051, 1445, 2002, 1446, 1447, 2003, 2003, 1447, 1997, 1445, 1446, 2002, 2002, 1446, 2003, 1447, 1448, 1997, 1997, 1448, 1998, 1448, 1449, 1998, 1998, 1449, 1999, 1450, 1451, 2035, 2035, 1451, 1965, 1449, 1450, 1999, 1999, 1450, 2035, 1451, 1452, 1965, 1965, 1452, 1966, 1452, 1453, 1966, 1966, 1453, 1967, 1453, 1237, 1967, 1967, 1237, 1875, 1924, 1918, 2052, 2052, 1918, 2053, 2028, 2030, 2053, 2053, 2030, 2052, 2030, 1408, 2052, 2052, 1408, 1456, 1294, 1924, 1456, 1456, 1924, 2052, 1441, 1444, 1927, 1927, 1444, 1928, 2054, 1958, 2012, 2012, 1958, 2055, 1958, 1938, 2055, 2055, 1938, 2014, 2056, 2057, 2014, 2014, 2057, 2055, 2057, 2010, 2055, 2055, 2010, 2012, 2041, 1961, 2047, 2047, 1961, 1960, 1900, 2047, 1915, 1915, 2047, 1960, 2010, 2057, 2026, 2026, 2057, 2058, 2057, 2056, 2058, 2058, 2056, 2059, 2044, 1951, 2060, 2060, 1951, 1956, 1956, 1961, 2060, 2060, 1961, 2040, 1984, 1983, 2040, 2040, 1983, 2060, 1982, 2044, 1983, 1983, 2044, 2060, 2026, 2058, 1920, 1920, 2058, 2061, 2059, 2027, 2058, 2058, 2027, 2061, 1932, 1931, 2046, 2046, 1931, 1986, 1984, 2038, 1986, 1986, 2038, 2046, 2053, 1918, 2061, 2061, 1918, 1920, 2051, 2002, 2062, 2062, 2002, 2004, 1975, 1987, 2004, 2004, 1987, 2062, 1987, 1931, 2062, 2062, 1931, 1930, 1928, 2051, 1930, 1930, 2051, 2062, 1922, 2023, 1923, 1923, 2023, 2024, 1878, 1897, 1876, 1876, 1897, 1881, 1915, 1959, 1916, 1916, 1959, 2054, 1958, 2054, 1959, 1967, 1875, 1962, 1962, 1875, 2063, 1875, 1873, 2063, 1873, 1874, 2063, 1934, 1933, 2063, 2063, 1933, 1962, 2032, 2031, 2064, 2064, 2031, 2050, 1989, 1988, 2050, 2050, 1988, 2064, 1988, 1970, 2064, 2064, 1970, 2043, 1949, 2032, 2043, 2043, 2032, 2064, 1971, 2038, 2042, 2042, 2038, 2039, 2041, 1948, 2039, 2039, 1948, 2042, 1939, 1959, 1950, 1950, 1959, 1957, 1939, 1950, 1935, 1935, 1950, 1952, 2056, 2017, 2059, 2059, 2017, 2027, 2017, 2056, 2015, 2015, 2056, 2014, 2027, 2028, 2061, 2061, 2028, 2053, 1941, 1942, 2015, 2015, 1942, 2016, 1943, 1942, 1940, 1940, 1942, 1941, 1940, 1868, 1943, 1943, 1868, 1872, 1866, 1871, 1868, 1868, 1871, 1872, 1874, 1871, 1937, 1937, 1871, 1866, 2063, 1874, 1934, 1934, 1874, 1937, 1888, 2065, 1428, 1428, 2065, 1468, 1680, 2065, 1864, 1864, 2065, 2066, 1864, 1863, 1680, 1680, 1863, 1679, 1863, 1678, 1679, 1679, 1678, 1677, 1032, 1035, 1677, 1677, 1035, 1679, 1880, 1881, 2067, 2067, 1881, 2068, 1671, 1862, 2069, 2069, 1862, 2068, 2070, 2071, 2072, 2072, 2071, 2073, 1675, 2074, 1480, 1480, 2074, 1478, 1864, 2066, 1861, 1861, 2066, 2067, 1671, 2069, 1670, 1670, 2069, 2073, 1896, 1903, 2048, 2048, 1903, 2072, 1884, 1885, 1906, 1906, 1885, 2070, 1672, 2071, 1673, 1673, 2071, 2075, 2072, 1903, 2070, 2070, 1903, 1906, 1037, 1468, 1680, 1680, 1468, 2065, 1251, 1478, 1883, 1883, 1478, 2074, 1888, 1887, 2065, 2065, 1887, 2066, 1887, 1880, 2066, 2066, 1880, 2067, 1862, 1861, 2068, 2068, 1861, 2067, 2048, 2069, 1881, 1881, 2069, 2068, 2072, 2073, 2048, 2048, 2073, 2069, 1670, 2073, 1672, 1672, 2073, 2071, 1885, 2075, 2070, 2070, 2075, 2071, 1883, 2074, 1885, 1885, 2074, 2075, 2076, 2054, 2013, 2013, 2054, 2012, 2076, 2013, 1908, 1908, 2013, 2007, 2076, 1908, 2077, 2077, 1908, 1905, 1916, 2054, 1917, 1917, 2054, 2076, 1917, 2076, 2049, 2049, 2076, 2077, 1903, 2049, 1906, 1906, 2049, 2077, 1906, 2077, 1905, 1901, 1917, 1902, 1902, 1917, 2049, 1673, 2075, 1675, 1675, 2075, 2074, 1520, 1521, 1504, 1504, 1521, 1506, 1533, 1534, 1520, 1520, 1534, 1521, 1546, 1547, 1533, 1533, 1547, 1534, 1559, 1560, 1546, 1546, 1560, 1547, 1559, 1572, 1560, 1560, 1572, 800, 1584, 803, 1572, 1572, 803, 800, 1655, 1676, 816, 1661, 1667, 1676, 1676, 1667, 1674, 1115, 1100, 1116, 1116, 1100, 1102, 1101, 1121, 1103, 1103, 1121, 1106, 1105, 1117, 1103, 1103, 1117, 1102, 1118, 1111, 1116, 1116, 1111, 1113, 1123, 1104, 1120, 1120, 1104, 1106, 1108, 1114, 1110, 1110, 1114, 1113, 1119, 1125, 1120, 1120, 1125, 1124, 1112, 1159, 1110, 1110, 1159, 1109, 1128, 1122, 1127, 1127, 1122, 1124, 1107, 1109, 1155, 1155, 1109, 1156, 1136, 1130, 1126, 1126, 1130, 1127, 1153, 1154, 1158, 1158, 1154, 1156, 1129, 1130, 1131, 1131, 1130, 1132, 1157, 1154, 1149, 1149, 1154, 1150, 1139, 1134, 1135, 1135, 1134, 1132, 1147, 1148, 1152, 1152, 1148, 1150, 1133, 1134, 1140, 1140, 1134, 1138, 1151, 1148, 1143, 1143, 1148, 1144, 1145, 1142, 1137, 1137, 1142, 1138, 1141, 1142, 1146, 1146, 1142, 1144, 1743, 1744, 1761, 1761, 1744, 1746, 1756, 1757, 1741, 1741, 1757, 1742, 1747, 1744, 1758, 1758, 1744, 1742, 1765, 1762, 1745, 1745, 1762, 1746, 1759, 1757, 1752, 1752, 1757, 1753, 1760, 1762, 1766, 1766, 1762, 1764, 1750, 1751, 1755, 1755, 1751, 1753, 1769, 1768, 1763, 1763, 1768, 1764, 1754, 1751, 1800, 1800, 1751, 1749, 1777, 1767, 1771, 1771, 1767, 1768, 1748, 1796, 1749, 1749, 1796, 1798, 1770, 1772, 1771, 1771, 1772, 1774, 1794, 1799, 1795, 1795, 1799, 1798, 1779, 1776, 1775, 1775, 1776, 1774, 1797, 1790, 1795, 1795, 1790, 1792, 1773, 1781, 1775, 1775, 1781, 1780, 1788, 1793, 1789, 1789, 1793, 1792, 1785, 1778, 1783, 1783, 1778, 1780, 1791, 1784, 1789, 1789, 1784, 1786, 1782, 1787, 1783, 1783, 1787, 1786, 582, 685, 580, 580, 685, 2078, 522, 663, 516, 516, 663, 685, 2078, 685, 733, 733, 685, 663, 630, 629, 781, 781, 629, 782, 640, 780, 633, 633, 780, 781, 638, 636, 779, 779, 636, 780, 674, 777, 641, 641, 777, 779, 674, 710, 777, 777, 710, 778, 703, 776, 752, 752, 776, 774, 565, 772, 563, 563, 772, 773, 645, 772, 646, 646, 772, 771, 579, 770, 568, 568, 770, 771, 652, 770, 653, 653, 770, 769, 577, 682, 769, 769, 682, 768, 659, 658, 767, 767, 658, 768, 742, 744, 765, 765, 744, 766, 1628, 1639, 810, 810, 1639, 811, 1617, 1628, 808, 808, 1628, 810, 1606, 1617, 807, 807, 1617, 808, 1595, 1606, 804, 804, 1606, 807, 813, 811, 1647, 1647, 811, 1639, 816, 813, 1655, 1655, 813, 1647, 816, 1676, 447, 447, 1676, 1030, 447, 1030, 385, 385, 1030, 1031, 803, 1584, 804, 804, 1584, 1595, 2079, 1509, 2080, 2080, 1509, 1508, 800, 446, 1560, 1560, 446, 1561, 2081, 2080, 1522, 1522, 2080, 1508, 2082, 2081, 1535, 1535, 2081, 1522, 2082, 1535, 2083, 2083, 1535, 1548, 1573, 2083, 1561, 1561, 2083, 1548, 422, 423, 791, 791, 423, 432, 121, 123, 419, 419, 123, 421, 986, 380, 995, 995, 380, 383, 986, 974, 380, 380, 974, 378, 842, 841, 846, 846, 841, 845, 369, 370, 2084, 2084, 370, 902, 2085, 860, 844, 844, 860, 846, 2086, 874, 2085, 2085, 874, 860, 2087, 888, 2086, 2086, 888, 874, 2084, 902, 2087, 2087, 902, 888, 938, 926, 375, 375, 926, 374, 375, 377, 938, 938, 377, 950, 950, 377, 962, 962, 377, 378, 974, 962, 378, 385, 1031, 2088, 2088, 383, 385, 1675, 1480, 1674, 1674, 1480, 1029, 1027, 1029, 1028, 1028, 1029, 1480, 11, 0, 13, 13, 0, 2089, 14, 1, 11, 1, 0, 11, 17, 3, 14, 14, 3, 1, 18, 4, 17, 17, 4, 3, 189, 188, 2090, 2090, 188, 2091, 191, 190, 2092, 2092, 190, 2093, 188, 191, 2091, 2091, 191, 2092, 13, 2089, 194, 194, 2089, 2094, 196, 189, 6, 6, 189, 2090, 194, 2094, 343, 343, 2094, 2095, 361, 196, 5, 5, 196, 6, 343, 2095, 190, 190, 2095, 2093, 4, 18, 7, 7, 18, 387, 361, 5, 442, 442, 5, 2096, 451, 452, 2097, 2097, 452, 2098, 454, 451, 2099, 2099, 451, 2097, 456, 454, 2100, 2100, 454, 2099, 456, 2100, 458, 458, 2100, 9, 627, 2101, 628, 628, 2101, 2102, 631, 2103, 629, 629, 2103, 2104, 628, 2102, 631, 631, 2102, 2103, 452, 634, 2098, 2098, 634, 2105, 635, 2106, 627, 627, 2106, 2101, 634, 782, 2105, 2105, 782, 2107, 458, 9, 784, 784, 9, 8, 442, 2096, 635, 635, 2096, 2106, 782, 629, 2107, 2107, 629, 2104, 2089, 0, 2, 2090, 2091, 2, 2092, 2093, 2, 2091, 2092, 2, 2094, 2089, 2, 6, 2090, 2, 2095, 2094, 2, 2093, 2095, 2, 2096, 5, 2, 2097, 2098, 2, 2099, 2097, 2, 2100, 2099, 2, 9, 2100, 2, 2102, 2101, 2, 2104, 2103, 2, 2103, 2102, 2, 2098, 2105, 2, 2101, 2106, 2, 2105, 2107, 2, 2106, 2096, 2, 2107, 2104, 2, 1031, 1012, 2088, 2088, 1012, 1005, 995, 383, 1005, 1005, 383, 2088, 1655, 1661, 1676, 8, 7, 784, 784, 7, 387, 97, 416, 96, 96, 416, 413, 785, 783, 389, 389, 783, 388, 783, 784, 388, 388, 784, 387, 786, 785, 390, 390, 785, 389, 786, 390, 790, 790, 390, 419, 790, 419, 420, 420, 419, 421, 123, 134, 421, 421, 134, 423, 134, 136, 423, 423, 136, 432, 791, 432, 792, 792, 432, 433, 792, 433, 793, 793, 433, 434, 793, 434, 794, 794, 434, 435, 794, 435, 788, 788, 435, 417, 789, 788, 418, 418, 788, 417, 787, 789, 412, 412, 789, 418, 787, 412, 414, 414, 412, 413, 416, 97, 430, 430, 97, 164, 150, 426, 164, 164, 426, 430, 145, 424, 150, 150, 424, 426, 145, 87, 424, 424, 87, 406, 85, 404, 87, 87, 404, 406, 88, 408, 85, 85, 408, 404, 88, 91, 408, 408, 91, 410, 91, 363, 410, 410, 363, 438, 363, 365, 438, 438, 365, 440, 368, 443, 365, 365, 443, 440, 369, 445, 368, 368, 445, 443, 2084, 1573, 369, 369, 1573, 445, 2087, 2083, 2084, 2084, 2083, 1573, 2087, 2086, 2083, 2083, 2086, 2082, 2086, 2085, 2082, 2082, 2085, 2081, 2085, 844, 2081, 2081, 844, 2080, 844, 843, 2080, 2080, 843, 2079, 1039, 2079, 843, 1509, 2079, 1039, 1039, 845, 841, 300, 142, 302, 302, 142, 298, 306, 386, 304, 304, 386, 144, 304, 144, 300, 300, 144, 142, 254, 251, 255, 255, 251, 247, 252, 260, 248, 248, 260, 256, 251, 252, 247, 247, 252, 248, 273, 254, 271, 271, 254, 255, 302, 298, 261, 261, 298, 257, 260, 261, 256, 256, 261, 257, 267, 262, 269, 269, 262, 270, 337, 338, 265, 265, 338, 263, 265, 263, 267, 267, 263, 262, 269, 270, 276, 276, 270, 274, 337, 273, 338, 338, 273, 271, 276, 274, 278, 278, 274, 279, 278, 279, 282, 282, 279, 280, 284, 282, 285, 285, 282, 280, 297, 284, 295, 295, 284, 285, 293, 290, 294, 294, 290, 286, 291, 297, 287, 287, 297, 295, 290, 291, 286, 286, 291, 287, 306, 293, 386, 386, 293, 294, 745, 743, 2078, 2078, 743, 580, 740, 741, 581, 581, 741, 737, 743, 740, 580, 580, 740, 581, 691, 686, 698, 698, 686, 696, 693, 694, 689, 689, 694, 687, 689, 687, 691, 691, 687, 686, 712, 710, 693, 693, 710, 694, 741, 700, 737, 737, 700, 695, 698, 696, 700, 700, 696, 695, 775, 705, 778, 778, 705, 702, 706, 708, 701, 701, 708, 709, 705, 706, 702, 702, 706, 701, 708, 715, 709, 709, 715, 713, 775, 778, 712, 712, 778, 710, 715, 717, 713, 713, 717, 718, 717, 721, 718, 718, 721, 719, 723, 724, 721, 721, 724, 719, 736, 734, 723, 723, 734, 724, 730, 725, 736, 736, 725, 734, 732, 733, 728, 728, 733, 726, 728, 726, 730, 730, 726, 725, 745, 2078, 732, 732, 2078, 733, 1937, 1866, 1865, 1226, 1225, 1228]
        color3f[] primvars:displayColor = [(0.65, 0.68, 0.72)]
        uniform token subdivisionScheme = "none"
    }
}
