/home/jingxiang/workspace/alchedata-self-improving-agents/external/RoboTwin/envs/curobo/src/curobo/opt/opt_base.py:298: UserWarning: Sparse invariant checks are implicitly disabled. Memory errors (e.g. SEGFAULT) will occur when operating on a sparse tensor which violates the invariants, but checks incur performance overhead. To silence this warning, explicitly opt in or out. See `torch.sparse.check_sparse_tensor_invariants.__doc__` for guidance.  (Triggered internally at /pytorch/aten/src/ATen/Context.cpp:760.)
  self.problem_kernel_ = torch.sparse_coo_tensor(
[2026-07-15 15:11:44.246] [svulkan2] [error] OIDN Error: unsupported device type: CUDA
[2026-07-15 15:11:44.260] [svulkan2] [error] OIDN Error: invalid handle
[2026-07-15 15:11:44.275] [svulkan2] [error] OIDN Error: invalid handle
[2026-07-15 15:11:48.656] [svulkan2] [error] OIDN Error: invalid handle
[2026-07-15 15:11:48.656] [svulkan2] [error] OIDN Error: invalid handle
[2026-07-15 15:11:48.656] [svulkan2] [error] OIDN Error: invalid handle
[2026-07-15 15:11:48.685] [svulkan2] [error] OIDN Error: invalid handle
[2026-07-15 15:11:48.685] [svulkan2] [error] OIDN Error: invalid handle
[2026-07-15 15:11:48.685] [svulkan2] [error] OIDN Error: invalid handle
[2026-07-15 15:11:48.713] [svulkan2] [error] OIDN Error: invalid handle
[2026-07-15 15:11:48.713] [svulkan2] [error] OIDN Error: invalid handle
[2026-07-15 15:11:48.713] [svulkan2] [error] OIDN Error: invalid handle
[2026-07-15 15:11:48.742] [svulkan2] [error] OIDN Error: invalid handle
[2026-07-15 15:11:48.742] [svulkan2] [error] OIDN Error: invalid handle
[2026-07-15 15:11:48.742] [svulkan2] [error] OIDN Error: invalid handle
[2026-07-15 15:11:48.770] [svulkan2] [error] OIDN Error: invalid handle
[2026-07-15 15:11:48.770] [svulkan2] [error] OIDN Error: invalid handle
[2026-07-15 15:11:48.770] [svulkan2] [error] OIDN Error: invalid handle
[2026-07-15 15:11:48.799] [svulkan2] [error] OIDN Error: invalid handle
[2026-07-15 15:11:48.799] [svulkan2] [error] OIDN Error: invalid handle
[2026-07-15 15:11:48.799] [svulkan2] [error] OIDN Error: invalid handle
[2026-07-15 15:11:48.827] [svulkan2] [error] OIDN Error: invalid handle
[2026-07-15 15:11:48.827] [svulkan2] [error] OIDN Error: invalid handle
[2026-07-15 15:11:48.827] [svulkan2] [error] OIDN Error: invalid handle
[2026-07-15 15:11:48.856] [svulkan2] [error] OIDN Error: invalid handle
[2026-07-15 15:11:48.856] [svulkan2] [error] OIDN Error: invalid handle
[2026-07-15 15:11:48.856] [svulkan2] [error] OIDN Error: invalid handle
[2026-07-15 15:11:48.885] [svulkan2] [error] OIDN Error: invalid handle
[2026-07-15 15:11:48.886] [svulkan2] [error] OIDN Error: invalid handle
[2026-07-15 15:11:48.886] [svulkan2] [error] OIDN Error: invalid handle
[2026-07-15 15:11:48.913] [svulkan2] [error] OIDN Error: invalid handle
[2026-07-15 15:11:48.913] [svulkan2] [error] OIDN Error: invalid handle
[2026-07-15 15:11:48.913] [svulkan2] [error] OIDN Error: invalid handle
[2026-07-15 15:11:48.942] [svulkan2] [error] OIDN Error: invalid handle
[2026-07-15 15:11:48.942] [svulkan2] [error] OIDN Error: invalid handle
[2026-07-15 15:11:48.942] [svulkan2] [error] OIDN Error: invalid handle
[2026-07-15 15:11:48.970] [svulkan2] [error] OIDN Error: invalid handle
[2026-07-15 15:11:48.971] [svulkan2] [error] OIDN Error: invalid handle
[2026-07-15 15:11:48.971] [svulkan2] [error] OIDN Error: invalid handle
[2026-07-15 15:11:48.999] [svulkan2] [error] OIDN Error: invalid handle
[2026-07-15 15:11:48.999] [svulkan2] [error] OIDN Error: invalid handle
[2026-07-15 15:11:48.999] [svulkan2] [error] OIDN Error: invalid handle
[2026-07-15 15:11:49.028] [svulkan2] [error] OIDN Error: invalid handle
[2026-07-15 15:11:49.028] [svulkan2] [error] OIDN Error: invalid handle
[2026-07-15 15:11:49.028] [svulkan2] [error] OIDN Error: invalid handle
[2026-07-15 15:11:49.057] [svulkan2] [error] OIDN Error: invalid handle
[2026-07-15 15:11:49.057] [svulkan2] [error] OIDN Error: invalid handle
[2026-07-15 15:11:49.057] [svulkan2] [error] OIDN Error: invalid handle
[2026-07-15 15:11:49.085] [svulkan2] [error] OIDN Error: invalid handle
[2026-07-15 15:11:49.085] [svulkan2] [error] OIDN Error: invalid handle
[2026-07-15 15:11:49.085] [svulkan2] [error] OIDN Error: invalid handle
[2026-07-15 15:11:49.114] [svulkan2] [error] OIDN Error: invalid handle
[2026-07-15 15:11:49.114] [svulkan2] [error] OIDN Error: invalid handle
[2026-07-15 15:11:49.114] [svulkan2] [error] OIDN Error: invalid handle
[2026-07-15 15:11:49.143] [svulkan2] [error] OIDN Error: invalid handle
[2026-07-15 15:11:49.143] [svulkan2] [error] OIDN Error: invalid handle
[2026-07-15 15:11:49.143] [svulkan2] [error] OIDN Error: invalid handle
[2026-07-15 15:11:49.172] [svulkan2] [error] OIDN Error: invalid handle
[2026-07-15 15:11:49.172] [svulkan2] [error] OIDN Error: invalid handle
[2026-07-15 15:11:49.172] [svulkan2] [error] OIDN Error: invalid handle
[2026-07-15 15:11:49.201] [svulkan2] [error] OIDN Error: invalid handle
[2026-07-15 15:11:49.201] [svulkan2] [error] OIDN Error: invalid handle
[2026-07-15 15:11:49.202] [svulkan2] [error] OIDN Error: invalid handle
[2026-07-15 15:11:49.230] [svulkan2] [error] OIDN Error: invalid handle
[2026-07-15 15:11:49.230] [svulkan2] [error] OIDN Error: invalid handle
[2026-07-15 15:11:49.231] [svulkan2] [error] OIDN Error: invalid handle
[2026-07-15 15:11:49.259] [svulkan2] [error] OIDN Error: invalid handle
[2026-07-15 15:11:49.259] [svulkan2] [error] OIDN Error: invalid handle
[2026-07-15 15:11:49.259] [svulkan2] [error] OIDN Error: invalid handle
[2026-07-15 15:11:49.288] [svulkan2] [error] OIDN Error: invalid handle
[2026-07-15 15:11:49.288] [svulkan2] [error] OIDN Error: invalid handle
[2026-07-15 15:11:49.288] [svulkan2] [error] OIDN Error: invalid handle
[2026-07-15 15:11:49.317] [svulkan2] [error] OIDN Error: invalid handle
[2026-07-15 15:11:49.317] [svulkan2] [error] OIDN Error: invalid handle
[2026-07-15 15:11:49.317] [svulkan2] [error] OIDN Error: invalid handle
[2026-07-15 15:11:49.345] [svulkan2] [error] OIDN Error: invalid handle
[2026-07-15 15:11:49.345] [svulkan2] [error] OIDN Error: invalid handle
[2026-07-15 15:11:49.345] [svulkan2] [error] OIDN Error: invalid handle
[2026-07-15 15:11:49.374] [svulkan2] [error] OIDN Error: invalid handle
[2026-07-15 15:11:49.374] [svulkan2] [error] OIDN Error: invalid handle
[2026-07-15 15:11:49.374] [svulkan2] [error] OIDN Error: invalid handle
[2026-07-15 15:11:49.403] [svulkan2] [error] OIDN Error: invalid handle
[2026-07-15 15:11:49.403] [svulkan2] [error] OIDN Error: invalid handle
[2026-07-15 15:11:49.403] [svulkan2] [error] OIDN Error: invalid handle
[2026-07-15 15:11:49.431] [svulkan2] [error] OIDN Error: invalid handle
[2026-07-15 15:11:49.431] [svulkan2] [error] OIDN Error: invalid handle
[2026-07-15 15:11:49.431] [svulkan2] [error] OIDN Error: invalid handle
[2026-07-15 15:11:49.460] [svulkan2] [error] OIDN Error: invalid handle
[2026-07-15 15:11:49.460] [svulkan2] [error] OIDN Error: invalid handle
[2026-07-15 15:11:49.460] [svulkan2] [error] OIDN Error: invalid handle
[2026-07-15 15:11:49.489] [svulkan2] [error] OIDN Error: invalid handle
[2026-07-15 15:11:49.489] [svulkan2] [error] OIDN Error: invalid handle
[2026-07-15 15:11:49.489] [svulkan2] [error] OIDN Error: invalid handle
[2026-07-15 15:11:49.518] [svulkan2] [error] OIDN Error: invalid handle
[2026-07-15 15:11:49.518] [svulkan2] [error] OIDN Error: invalid handle
[2026-07-15 15:11:49.518] [svulkan2] [error] OIDN Error: invalid handle
[2026-07-15 15:11:49.547] [svulkan2] [error] OIDN Error: invalid handle
[2026-07-15 15:11:49.547] [svulkan2] [error] OIDN Error: invalid handle
[2026-07-15 15:11:49.547] [svulkan2] [error] OIDN Error: invalid handle
[2026-07-15 15:11:49.575] [svulkan2] [error] OIDN Error: invalid handle
[2026-07-15 15:11:49.575] [svulkan2] [error] OIDN Error: invalid handle
[2026-07-15 15:11:49.576] [svulkan2] [error] OIDN Error: invalid handle
[2026-07-15 15:11:49.604] [svulkan2] [error] OIDN Error: invalid handle
[2026-07-15 15:11:49.604] [svulkan2] [error] OIDN Error: invalid handle
[2026-07-15 15:11:49.604] [svulkan2] [error] OIDN Error: invalid handle
[2026-07-15 15:11:49.633] [svulkan2] [error] OIDN Error: invalid handle
[2026-07-15 15:11:49.633] [svulkan2] [error] OIDN Error: invalid handle
[2026-07-15 15:11:49.633] [svulkan2] [error] OIDN Error: invalid handle
[2026-07-15 15:11:49.661] [svulkan2] [error] OIDN Error: invalid handle
[2026-07-15 15:11:49.661] [svulkan2] [error] OIDN Error: invalid handle
[2026-07-15 15:11:49.661] [svulkan2] [error] OIDN Error: invalid handle
[2026-07-15 15:11:49.691] [svulkan2] [error] OIDN Error: invalid handle
[2026-07-15 15:11:49.691] [svulkan2] [error] OIDN Error: invalid handle
[2026-07-15 15:11:49.691] [svulkan2] [error] OIDN Error: invalid handle
[2026-07-15 15:11:49.719] [svulkan2] [error] OIDN Error: invalid handle
[2026-07-15 15:11:49.720] [svulkan2] [error] OIDN Error: invalid handle
[2026-07-15 15:11:49.720] [svulkan2] [error] OIDN Error: invalid handle
[2026-07-15 15:11:49.749] [svulkan2] [error] OIDN Error: invalid handle
[2026-07-15 15:11:49.749] [svulkan2] [error] OIDN Error: invalid handle
[2026-07-15 15:11:49.749] [svulkan2] [error] OIDN Error: invalid handle
[2026-07-15 15:11:49.778] [svulkan2] [error] OIDN Error: invalid handle
[2026-07-15 15:11:49.778] [svulkan2] [error] OIDN Error: invalid handle
[2026-07-15 15:11:49.778] [svulkan2] [error] OIDN Error: invalid handle
[2026-07-15 15:11:49.807] [svulkan2] [error] OIDN Error: invalid handle
[2026-07-15 15:11:49.807] [svulkan2] [error] OIDN Error: invalid handle
[2026-07-15 15:11:49.807] [svulkan2] [error] OIDN Error: invalid handle
[2026-07-15 15:11:49.836] [svulkan2] [error] OIDN Error: invalid handle
[2026-07-15 15:11:49.836] [svulkan2] [error] OIDN Error: invalid handle
[2026-07-15 15:11:49.836] [svulkan2] [error] OIDN Error: invalid handle
[2026-07-15 15:11:49.864] [svulkan2] [error] OIDN Error: invalid handle
[2026-07-15 15:11:49.864] [svulkan2] [error] OIDN Error: invalid handle
[2026-07-15 15:11:49.865] [svulkan2] [error] OIDN Error: invalid handle
[2026-07-15 15:11:49.893] [svulkan2] [error] OIDN Error: invalid handle
[2026-07-15 15:11:49.893] [svulkan2] [error] OIDN Error: invalid handle
[2026-07-15 15:11:49.893] [svulkan2] [error] OIDN Error: invalid handle
[2026-07-15 15:11:49.922] [svulkan2] [error] OIDN Error: invalid handle
[2026-07-15 15:11:49.922] [svulkan2] [error] OIDN Error: invalid handle
[2026-07-15 15:11:49.922] [svulkan2] [error] OIDN Error: invalid handle
[2026-07-15 15:11:49.951] [svulkan2] [error] OIDN Error: invalid handle
[2026-07-15 15:11:49.951] [svulkan2] [error] OIDN Error: invalid handle
[2026-07-15 15:11:49.951] [svulkan2] [error] OIDN Error: invalid handle
[2026-07-15 15:11:49.980] [svulkan2] [error] OIDN Error: invalid handle
[2026-07-15 15:11:49.980] [svulkan2] [error] OIDN Error: invalid handle
[2026-07-15 15:11:49.980] [svulkan2] [error] OIDN Error: invalid handle
[2026-07-15 15:11:50.008] [svulkan2] [error] OIDN Error: invalid handle
[2026-07-15 15:11:50.008] [svulkan2] [error] OIDN Error: invalid handle
[2026-07-15 15:11:50.008] [svulkan2] [error] OIDN Error: invalid handle
[2026-07-15 15:11:50.037] [svulkan2] [error] OIDN Error: invalid handle
[2026-07-15 15:11:50.037] [svulkan2] [error] OIDN Error: invalid handle
[2026-07-15 15:11:50.037] [svulkan2] [error] OIDN Error: invalid handle
[2026-07-15 15:11:50.065] [svulkan2] [error] OIDN Error: invalid handle
[2026-07-15 15:11:50.065] [svulkan2] [error] OIDN Error: invalid handle
[2026-07-15 15:11:50.065] [svulkan2] [error] OIDN Error: invalid handle
[2026-07-15 15:11:50.094] [svulkan2] [error] OIDN Error: invalid handle
[2026-07-15 15:11:50.094] [svulkan2] [error] OIDN Error: invalid handle
[2026-07-15 15:11:50.094] [svulkan2] [error] OIDN Error: invalid handle
[2026-07-15 15:11:50.123] [svulkan2] [error] OIDN Error: invalid handle
[2026-07-15 15:11:50.123] [svulkan2] [error] OIDN Error: invalid handle
[2026-07-15 15:11:50.123] [svulkan2] [error] OIDN Error: invalid handle
[2026-07-15 15:11:50.151] [svulkan2] [error] OIDN Error: invalid handle
[2026-07-15 15:11:50.151] [svulkan2] [error] OIDN Error: invalid handle
[2026-07-15 15:11:50.151] [svulkan2] [error] OIDN Error: invalid handle
[2026-07-15 15:11:50.181] [svulkan2] [error] OIDN Error: invalid handle
[2026-07-15 15:11:50.181] [svulkan2] [error] OIDN Error: invalid handle
[2026-07-15 15:11:50.181] [svulkan2] [error] OIDN Error: invalid handle
[2026-07-15 15:11:50.210] [svulkan2] [error] OIDN Error: invalid handle
[2026-07-15 15:11:50.210] [svulkan2] [error] OIDN Error: invalid handle
[2026-07-15 15:11:50.210] [svulkan2] [error] OIDN Error: invalid handle
[2026-07-15 15:11:50.238] [svulkan2] [error] OIDN Error: invalid handle
[2026-07-15 15:11:50.239] [svulkan2] [error] OIDN Error: invalid handle
[2026-07-15 15:11:50.239] [svulkan2] [error] OIDN Error: invalid handle
[2026-07-15 15:11:50.267] [svulkan2] [error] OIDN Error: invalid handle
[2026-07-15 15:11:50.267] [svulkan2] [error] OIDN Error: invalid handle
[2026-07-15 15:11:50.267] [svulkan2] [error] OIDN Error: invalid handle
[2026-07-15 15:11:50.296] [svulkan2] [error] OIDN Error: invalid handle
[2026-07-15 15:11:50.296] [svulkan2] [error] OIDN Error: invalid handle
[2026-07-15 15:11:50.296] [svulkan2] [error] OIDN Error: invalid handle
[2026-07-15 15:11:50.325] [svulkan2] [error] OIDN Error: invalid handle
[2026-07-15 15:11:50.325] [svulkan2] [error] OIDN Error: invalid handle
[2026-07-15 15:11:50.325] [svulkan2] [error] OIDN Error: invalid handle
[2026-07-15 15:11:50.353] [svulkan2] [error] OIDN Error: invalid handle
[2026-07-15 15:11:50.353] [svulkan2] [error] OIDN Error: invalid handle
[2026-07-15 15:11:50.353] [svulkan2] [error] OIDN Error: invalid handle
[2026-07-15 15:11:50.382] [svulkan2] [error] OIDN Error: invalid handle
[2026-07-15 15:11:50.382] [svulkan2] [error] OIDN Error: invalid handle
[2026-07-15 15:11:50.382] [svulkan2] [error] OIDN Error: invalid handle
[2026-07-15 15:11:50.410] [svulkan2] [error] OIDN Error: invalid handle
[2026-07-15 15:11:50.410] [svulkan2] [error] OIDN Error: invalid handle
[2026-07-15 15:11:50.410] [svulkan2] [error] OIDN Error: invalid handle
[2026-07-15 15:11:50.438] [svulkan2] [error] OIDN Error: invalid handle
[2026-07-15 15:11:50.438] [svulkan2] [error] OIDN Error: invalid handle
[2026-07-15 15:11:50.438] [svulkan2] [error] OIDN Error: invalid handle
[2026-07-15 15:11:50.467] [svulkan2] [error] OIDN Error: invalid handle
[2026-07-15 15:11:50.467] [svulkan2] [error] OIDN Error: invalid handle
[2026-07-15 15:11:50.467] [svulkan2] [error] OIDN Error: invalid handle
[2026-07-15 15:11:50.495] [svulkan2] [error] OIDN Error: invalid handle
[2026-07-15 15:11:50.495] [svulkan2] [error] OIDN Error: invalid handle
[2026-07-15 15:11:50.495] [svulkan2] [error] OIDN Error: invalid handle
[2026-07-15 15:11:50.524] [svulkan2] [error] OIDN Error: invalid handle
[2026-07-15 15:11:50.524] [svulkan2] [error] OIDN Error: invalid handle
[2026-07-15 15:11:50.524] [svulkan2] [error] OIDN Error: invalid handle
[2026-07-15 15:11:50.552] [svulkan2] [error] OIDN Error: invalid handle
[2026-07-15 15:11:50.552] [svulkan2] [error] OIDN Error: invalid handle
[2026-07-15 15:11:50.553] [svulkan2] [error] OIDN Error: invalid handle
[2026-07-15 15:11:50.581] [svulkan2] [error] OIDN Error: invalid handle
[2026-07-15 15:11:50.581] [svulkan2] [error] OIDN Error: invalid handle
[2026-07-15 15:11:50.581] [svulkan2] [error] OIDN Error: invalid handle
[2026-07-15 15:11:50.610] [svulkan2] [error] OIDN Error: invalid handle
[2026-07-15 15:11:50.610] [svulkan2] [error] OIDN Error: invalid handle
[2026-07-15 15:11:50.610] [svulkan2] [error] OIDN Error: invalid handle
[2026-07-15 15:11:50.638] [svulkan2] [error] OIDN Error: invalid handle
[2026-07-15 15:11:50.638] [svulkan2] [error] OIDN Error: invalid handle
[2026-07-15 15:11:50.638] [svulkan2] [error] OIDN Error: invalid handle
[2026-07-15 15:11:50.667] [svulkan2] [error] OIDN Error: invalid handle
[2026-07-15 15:11:50.667] [svulkan2] [error] OIDN Error: invalid handle
[2026-07-15 15:11:50.667] [svulkan2] [error] OIDN Error: invalid handle
[2026-07-15 15:11:50.696] [svulkan2] [error] OIDN Error: invalid handle
[2026-07-15 15:11:50.696] [svulkan2] [error] OIDN Error: invalid handle
[2026-07-15 15:11:50.696] [svulkan2] [error] OIDN Error: invalid handle
[2026-07-15 15:11:50.725] [svulkan2] [error] OIDN Error: invalid handle
[2026-07-15 15:11:50.725] [svulkan2] [error] OIDN Error: invalid handle
[2026-07-15 15:11:50.725] [svulkan2] [error] OIDN Error: invalid handle
[2026-07-15 15:11:50.754] [svulkan2] [error] OIDN Error: invalid handle
[2026-07-15 15:11:50.754] [svulkan2] [error] OIDN Error: invalid handle
[2026-07-15 15:11:50.754] [svulkan2] [error] OIDN Error: invalid handle
[2026-07-15 15:11:50.784] [svulkan2] [error] OIDN Error: invalid handle
[2026-07-15 15:11:50.784] [svulkan2] [error] OIDN Error: invalid handle
[2026-07-15 15:11:50.784] [svulkan2] [error] OIDN Error: invalid handle
[2026-07-15 15:11:50.813] [svulkan2] [error] OIDN Error: invalid handle
[2026-07-15 15:11:50.813] [svulkan2] [error] OIDN Error: invalid handle
[2026-07-15 15:11:50.813] [svulkan2] [error] OIDN Error: invalid handle
[2026-07-15 15:11:50.842] [svulkan2] [error] OIDN Error: invalid handle
[2026-07-15 15:11:50.842] [svulkan2] [error] OIDN Error: invalid handle
[2026-07-15 15:11:50.842] [svulkan2] [error] OIDN Error: invalid handle
[2026-07-15 15:11:50.872] [svulkan2] [error] OIDN Error: invalid handle
[2026-07-15 15:11:50.872] [svulkan2] [error] OIDN Error: invalid handle
[2026-07-15 15:11:50.872] [svulkan2] [error] OIDN Error: invalid handle
[2026-07-15 15:11:50.901] [svulkan2] [error] OIDN Error: invalid handle
[2026-07-15 15:11:50.901] [svulkan2] [error] OIDN Error: invalid handle
[2026-07-15 15:11:50.901] [svulkan2] [error] OIDN Error: invalid handle
[2026-07-15 15:11:50.930] [svulkan2] [error] OIDN Error: invalid handle
[2026-07-15 15:11:50.930] [svulkan2] [error] OIDN Error: invalid handle
[2026-07-15 15:11:50.930] [svulkan2] [error] OIDN Error: invalid handle
[2026-07-15 15:11:50.959] [svulkan2] [error] OIDN Error: invalid handle
[2026-07-15 15:11:50.959] [svulkan2] [error] OIDN Error: invalid handle
[2026-07-15 15:11:50.959] [svulkan2] [error] OIDN Error: invalid handle
[2026-07-15 15:11:50.988] [svulkan2] [error] OIDN Error: invalid handle
[2026-07-15 15:11:50.988] [svulkan2] [error] OIDN Error: invalid handle
[2026-07-15 15:11:50.988] [svulkan2] [error] OIDN Error: invalid handle
[2026-07-15 15:11:51.017] [svulkan2] [error] OIDN Error: invalid handle
[2026-07-15 15:11:51.017] [svulkan2] [error] OIDN Error: invalid handle
[2026-07-15 15:11:51.018] [svulkan2] [error] OIDN Error: invalid handle
[2026-07-15 15:11:51.047] [svulkan2] [error] OIDN Error: invalid handle
[2026-07-15 15:11:51.047] [svulkan2] [error] OIDN Error: invalid handle
[2026-07-15 15:11:51.047] [svulkan2] [error] OIDN Error: invalid handle
[2026-07-15 15:11:51.076] [svulkan2] [error] OIDN Error: invalid handle
[2026-07-15 15:11:51.076] [svulkan2] [error] OIDN Error: invalid handle
[2026-07-15 15:11:51.076] [svulkan2] [error] OIDN Error: invalid handle
[2026-07-15 15:11:51.105] [svulkan2] [error] OIDN Error: invalid handle
[2026-07-15 15:11:51.105] [svulkan2] [error] OIDN Error: invalid handle
[2026-07-15 15:11:51.105] [svulkan2] [error] OIDN Error: invalid handle
[2026-07-15 15:11:51.134] [svulkan2] [error] OIDN Error: invalid handle
[2026-07-15 15:11:51.134] [svulkan2] [error] OIDN Error: invalid handle
[2026-07-15 15:11:51.134] [svulkan2] [error] OIDN Error: invalid handle
[2026-07-15 15:11:51.163] [svulkan2] [error] OIDN Error: invalid handle
[2026-07-15 15:11:51.163] [svulkan2] [error] OIDN Error: invalid handle
[2026-07-15 15:11:51.163] [svulkan2] [error] OIDN Error: invalid handle
[2026-07-15 15:11:51.193] [svulkan2] [error] OIDN Error: invalid handle
[2026-07-15 15:11:51.193] [svulkan2] [error] OIDN Error: invalid handle
[2026-07-15 15:11:51.193] [svulkan2] [error] OIDN Error: invalid handle
[2026-07-15 15:11:51.222] [svulkan2] [error] OIDN Error: invalid handle
[2026-07-15 15:11:51.222] [svulkan2] [error] OIDN Error: invalid handle
[2026-07-15 15:11:51.222] [svulkan2] [error] OIDN Error: invalid handle
[2026-07-15 15:11:51.251] [svulkan2] [error] OIDN Error: invalid handle
[2026-07-15 15:11:51.251] [svulkan2] [error] OIDN Error: invalid handle
[2026-07-15 15:11:51.251] [svulkan2] [error] OIDN Error: invalid handle
[2026-07-15 15:11:51.280] [svulkan2] [error] OIDN Error: invalid handle
[2026-07-15 15:11:51.280] [svulkan2] [error] OIDN Error: invalid handle
[2026-07-15 15:11:51.280] [svulkan2] [error] OIDN Error: invalid handle
[2026-07-15 15:11:51.309] [svulkan2] [error] OIDN Error: invalid handle
[2026-07-15 15:11:51.309] [svulkan2] [error] OIDN Error: invalid handle
[2026-07-15 15:11:51.309] [svulkan2] [error] OIDN Error: invalid handle
[2026-07-15 15:11:51.339] [svulkan2] [error] OIDN Error: invalid handle
[2026-07-15 15:11:51.339] [svulkan2] [error] OIDN Error: invalid handle
[2026-07-15 15:11:51.339] [svulkan2] [error] OIDN Error: invalid handle
[2026-07-15 15:11:51.368] [svulkan2] [error] OIDN Error: invalid handle
[2026-07-15 15:11:51.368] [svulkan2] [error] OIDN Error: invalid handle
[2026-07-15 15:11:51.368] [svulkan2] [error] OIDN Error: invalid handle
[2026-07-15 15:11:51.397] [svulkan2] [error] OIDN Error: invalid handle
[2026-07-15 15:11:51.397] [svulkan2] [error] OIDN Error: invalid handle
[2026-07-15 15:11:51.397] [svulkan2] [error] OIDN Error: invalid handle
[2026-07-15 15:11:51.425] [svulkan2] [error] OIDN Error: invalid handle
[2026-07-15 15:11:51.425] [svulkan2] [error] OIDN Error: invalid handle
[2026-07-15 15:11:51.426] [svulkan2] [error] OIDN Error: invalid handle
[2026-07-15 15:11:51.454] [svulkan2] [error] OIDN Error: invalid handle
[2026-07-15 15:11:51.455] [svulkan2] [error] OIDN Error: invalid handle
[2026-07-15 15:11:51.455] [svulkan2] [error] OIDN Error: invalid handle
[2026-07-15 15:11:51.484] [svulkan2] [error] OIDN Error: invalid handle
[2026-07-15 15:11:51.484] [svulkan2] [error] OIDN Error: invalid handle
[2026-07-15 15:11:51.484] [svulkan2] [error] OIDN Error: invalid handle
[2026-07-15 15:11:51.513] [svulkan2] [error] OIDN Error: invalid handle
[2026-07-15 15:11:51.513] [svulkan2] [error] OIDN Error: invalid handle
[2026-07-15 15:11:51.513] [svulkan2] [error] OIDN Error: invalid handle
[2026-07-15 15:11:51.542] [svulkan2] [error] OIDN Error: invalid handle
[2026-07-15 15:11:51.542] [svulkan2] [error] OIDN Error: invalid handle
[2026-07-15 15:11:51.542] [svulkan2] [error] OIDN Error: invalid handle
[2026-07-15 15:11:51.570] [svulkan2] [error] OIDN Error: invalid handle
[2026-07-15 15:11:51.571] [svulkan2] [error] OIDN Error: invalid handle
[2026-07-15 15:11:51.571] [svulkan2] [error] OIDN Error: invalid handle
[2026-07-15 15:11:51.599] [svulkan2] [error] OIDN Error: invalid handle
[2026-07-15 15:11:51.599] [svulkan2] [error] OIDN Error: invalid handle
[2026-07-15 15:11:51.599] [svulkan2] [error] OIDN Error: invalid handle
[2026-07-15 15:11:51.628] [svulkan2] [error] OIDN Error: invalid handle
[2026-07-15 15:11:51.628] [svulkan2] [error] OIDN Error: invalid handle
[2026-07-15 15:11:51.628] [svulkan2] [error] OIDN Error: invalid handle
[2026-07-15 15:11:51.657] [svulkan2] [error] OIDN Error: invalid handle
[2026-07-15 15:11:51.657] [svulkan2] [error] OIDN Error: invalid handle
[2026-07-15 15:11:51.657] [svulkan2] [error] OIDN Error: invalid handle
[2026-07-15 15:11:51.685] [svulkan2] [error] OIDN Error: invalid handle
[2026-07-15 15:11:51.685] [svulkan2] [error] OIDN Error: invalid handle
[2026-07-15 15:11:51.685] [svulkan2] [error] OIDN Error: invalid handle
[2026-07-15 15:11:51.714] [svulkan2] [error] OIDN Error: invalid handle
[2026-07-15 15:11:51.714] [svulkan2] [error] OIDN Error: invalid handle
[2026-07-15 15:11:51.714] [svulkan2] [error] OIDN Error: invalid handle
[2026-07-15 15:11:51.743] [svulkan2] [error] OIDN Error: invalid handle
[2026-07-15 15:11:51.743] [svulkan2] [error] OIDN Error: invalid handle
[2026-07-15 15:11:51.743] [svulkan2] [error] OIDN Error: invalid handle
[2026-07-15 15:11:51.772] [svulkan2] [error] OIDN Error: invalid handle
[2026-07-15 15:11:51.772] [svulkan2] [error] OIDN Error: invalid handle
[2026-07-15 15:11:51.772] [svulkan2] [error] OIDN Error: invalid handle
[2026-07-15 15:11:51.801] [svulkan2] [error] OIDN Error: invalid handle
[2026-07-15 15:11:51.801] [svulkan2] [error] OIDN Error: invalid handle
[2026-07-15 15:11:51.801] [svulkan2] [error] OIDN Error: invalid handle
[2026-07-15 15:11:51.830] [svulkan2] [error] OIDN Error: invalid handle
[2026-07-15 15:11:51.830] [svulkan2] [error] OIDN Error: invalid handle
[2026-07-15 15:11:51.830] [svulkan2] [error] OIDN Error: invalid handle
[2026-07-15 15:11:51.859] [svulkan2] [error] OIDN Error: invalid handle
[2026-07-15 15:11:51.859] [svulkan2] [error] OIDN Error: invalid handle
[2026-07-15 15:11:51.859] [svulkan2] [error] OIDN Error: invalid handle
[2026-07-15 15:11:51.887] [svulkan2] [error] OIDN Error: invalid handle
[2026-07-15 15:11:51.888] [svulkan2] [error] OIDN Error: invalid handle
[2026-07-15 15:11:51.888] [svulkan2] [error] OIDN Error: invalid handle
[2026-07-15 15:11:51.917] [svulkan2] [error] OIDN Error: invalid handle
[2026-07-15 15:11:51.917] [svulkan2] [error] OIDN Error: invalid handle
[2026-07-15 15:11:51.917] [svulkan2] [error] OIDN Error: invalid handle
[2026-07-15 15:11:51.945] [svulkan2] [error] OIDN Error: invalid handle
[2026-07-15 15:11:51.945] [svulkan2] [error] OIDN Error: invalid handle
[2026-07-15 15:11:51.946] [svulkan2] [error] OIDN Error: invalid handle
[2026-07-15 15:11:51.975] [svulkan2] [error] OIDN Error: invalid handle
[2026-07-15 15:11:51.975] [svulkan2] [error] OIDN Error: invalid handle
[2026-07-15 15:11:51.975] [svulkan2] [error] OIDN Error: invalid handle
[2026-07-15 15:11:52.004] [svulkan2] [error] OIDN Error: invalid handle
[2026-07-15 15:11:52.005] [svulkan2] [error] OIDN Error: invalid handle
[2026-07-15 15:11:52.005] [svulkan2] [error] OIDN Error: invalid handle
[2026-07-15 15:11:52.034] [svulkan2] [error] OIDN Error: invalid handle
[2026-07-15 15:11:52.034] [svulkan2] [error] OIDN Error: invalid handle
[2026-07-15 15:11:52.034] [svulkan2] [error] OIDN Error: invalid handle
[2026-07-15 15:11:52.065] [svulkan2] [error] OIDN Error: invalid handle
[2026-07-15 15:11:52.066] [svulkan2] [error] OIDN Error: invalid handle
[2026-07-15 15:11:52.066] [svulkan2] [error] OIDN Error: invalid handle
[2026-07-15 15:11:52.097] [svulkan2] [error] OIDN Error: invalid handle
[2026-07-15 15:11:52.097] [svulkan2] [error] OIDN Error: invalid handle
[2026-07-15 15:11:52.097] [svulkan2] [error] OIDN Error: invalid handle
[2026-07-15 15:11:52.129] [svulkan2] [error] OIDN Error: invalid handle
[2026-07-15 15:11:52.129] [svulkan2] [error] OIDN Error: invalid handle
[2026-07-15 15:11:52.129] [svulkan2] [error] OIDN Error: invalid handle
[2026-07-15 15:11:52.160] [svulkan2] [error] OIDN Error: invalid handle
[2026-07-15 15:11:52.160] [svulkan2] [error] OIDN Error: invalid handle
[2026-07-15 15:11:52.160] [svulkan2] [error] OIDN Error: invalid handle
[2026-07-15 15:11:52.192] [svulkan2] [error] OIDN Error: invalid handle
[2026-07-15 15:11:52.192] [svulkan2] [error] OIDN Error: invalid handle
[2026-07-15 15:11:52.192] [svulkan2] [error] OIDN Error: invalid handle
[2026-07-15 15:11:52.224] [svulkan2] [error] OIDN Error: invalid handle
[2026-07-15 15:11:52.224] [svulkan2] [error] OIDN Error: invalid handle
[2026-07-15 15:11:52.224] [svulkan2] [error] OIDN Error: invalid handle
[2026-07-15 15:11:52.256] [svulkan2] [error] OIDN Error: invalid handle
[2026-07-15 15:11:52.256] [svulkan2] [error] OIDN Error: invalid handle
[2026-07-15 15:11:52.256] [svulkan2] [error] OIDN Error: invalid handle
[2026-07-15 15:11:52.288] [svulkan2] [error] OIDN Error: invalid handle
[2026-07-15 15:11:52.288] [svulkan2] [error] OIDN Error: invalid handle
[2026-07-15 15:11:52.289] [svulkan2] [error] OIDN Error: invalid handle
[2026-07-15 15:11:52.320] [svulkan2] [error] OIDN Error: invalid handle
[2026-07-15 15:11:52.320] [svulkan2] [error] OIDN Error: invalid handle
[2026-07-15 15:11:52.320] [svulkan2] [error] OIDN Error: invalid handle
[2026-07-15 15:11:52.352] [svulkan2] [error] OIDN Error: invalid handle
[2026-07-15 15:11:52.352] [svulkan2] [error] OIDN Error: invalid handle
[2026-07-15 15:11:52.352] [svulkan2] [error] OIDN Error: invalid handle
[2026-07-15 15:11:52.384] [svulkan2] [error] OIDN Error: invalid handle
[2026-07-15 15:11:52.384] [svulkan2] [error] OIDN Error: invalid handle
[2026-07-15 15:11:52.384] [svulkan2] [error] OIDN Error: invalid handle
[2026-07-15 15:11:52.417] [svulkan2] [error] OIDN Error: invalid handle
[2026-07-15 15:11:52.417] [svulkan2] [error] OIDN Error: invalid handle
[2026-07-15 15:11:52.417] [svulkan2] [error] OIDN Error: invalid handle
[2026-07-15 15:11:52.448] [svulkan2] [error] OIDN Error: invalid handle
[2026-07-15 15:11:52.448] [svulkan2] [error] OIDN Error: invalid handle
[2026-07-15 15:11:52.448] [svulkan2] [error] OIDN Error: invalid handle
[2026-07-15 15:11:52.481] [svulkan2] [error] OIDN Error: invalid handle
[2026-07-15 15:11:52.481] [svulkan2] [error] OIDN Error: invalid handle
[2026-07-15 15:11:52.481] [svulkan2] [error] OIDN Error: invalid handle
[2026-07-15 15:11:52.513] [svulkan2] [error] OIDN Error: invalid handle
[2026-07-15 15:11:52.513] [svulkan2] [error] OIDN Error: invalid handle
[2026-07-15 15:11:52.513] [svulkan2] [error] OIDN Error: invalid handle
[2026-07-15 15:11:52.545] [svulkan2] [error] OIDN Error: invalid handle
[2026-07-15 15:11:52.545] [svulkan2] [error] OIDN Error: invalid handle
[2026-07-15 15:11:52.545] [svulkan2] [error] OIDN Error: invalid handle
[2026-07-15 15:11:52.577] [svulkan2] [error] OIDN Error: invalid handle
[2026-07-15 15:11:52.577] [svulkan2] [error] OIDN Error: invalid handle
[2026-07-15 15:11:52.577] [svulkan2] [error] OIDN Error: invalid handle
[2026-07-15 15:11:52.609] [svulkan2] [error] OIDN Error: invalid handle
[2026-07-15 15:11:52.609] [svulkan2] [error] OIDN Error: invalid handle
[2026-07-15 15:11:52.610] [svulkan2] [error] OIDN Error: invalid handle
[2026-07-15 15:11:52.641] [svulkan2] [error] OIDN Error: invalid handle
[2026-07-15 15:11:52.642] [svulkan2] [error] OIDN Error: invalid handle
[2026-07-15 15:11:52.642] [svulkan2] [error] OIDN Error: invalid handle
[2026-07-15 15:11:52.673] [svulkan2] [error] OIDN Error: invalid handle
[2026-07-15 15:11:52.673] [svulkan2] [error] OIDN Error: invalid handle
[2026-07-15 15:11:52.673] [svulkan2] [error] OIDN Error: invalid handle
[2026-07-15 15:11:52.705] [svulkan2] [error] OIDN Error: invalid handle
[2026-07-15 15:11:52.705] [svulkan2] [error] OIDN Error: invalid handle
[2026-07-15 15:11:52.705] [svulkan2] [error] OIDN Error: invalid handle
[2026-07-15 15:11:52.737] [svulkan2] [error] OIDN Error: invalid handle
[2026-07-15 15:11:52.737] [svulkan2] [error] OIDN Error: invalid handle
[2026-07-15 15:11:52.737] [svulkan2] [error] OIDN Error: invalid handle
[2026-07-15 15:11:52.769] [svulkan2] [error] OIDN Error: invalid handle
[2026-07-15 15:11:52.769] [svulkan2] [error] OIDN Error: invalid handle
[2026-07-15 15:11:52.769] [svulkan2] [error] OIDN Error: invalid handle
[2026-07-15 15:11:52.801] [svulkan2] [error] OIDN Error: invalid handle
[2026-07-15 15:11:52.801] [svulkan2] [error] OIDN Error: invalid handle
[2026-07-15 15:11:52.801] [svulkan2] [error] OIDN Error: invalid handle
[2026-07-15 15:11:52.832] [svulkan2] [error] OIDN Error: invalid handle
[2026-07-15 15:11:52.832] [svulkan2] [error] OIDN Error: invalid handle
[2026-07-15 15:11:52.832] [svulkan2] [error] OIDN Error: invalid handle
[2026-07-15 15:11:52.864] [svulkan2] [error] OIDN Error: invalid handle
[2026-07-15 15:11:52.864] [svulkan2] [error] OIDN Error: invalid handle
[2026-07-15 15:11:52.864] [svulkan2] [error] OIDN Error: invalid handle
[2026-07-15 15:11:52.945] [svulkan2] [error] OIDN Error: invalid handle
[2026-07-15 15:11:52.945] [svulkan2] [error] OIDN Error: invalid handle
[2026-07-15 15:11:52.945] [svulkan2] [error] OIDN Error: invalid handle
[2026-07-15 15:11:52.977] [svulkan2] [error] OIDN Error: invalid handle
[2026-07-15 15:11:52.977] [svulkan2] [error] OIDN Error: invalid handle
[2026-07-15 15:11:52.977] [svulkan2] [error] OIDN Error: invalid handle
[2026-07-15 15:11:53.009] [svulkan2] [error] OIDN Error: invalid handle
[2026-07-15 15:11:53.009] [svulkan2] [error] OIDN Error: invalid handle
[2026-07-15 15:11:53.009] [svulkan2] [error] OIDN Error: invalid handle
[2026-07-15 15:11:53.041] [svulkan2] [error] OIDN Error: invalid handle
[2026-07-15 15:11:53.042] [svulkan2] [error] OIDN Error: invalid handle
[2026-07-15 15:11:53.042] [svulkan2] [error] OIDN Error: invalid handle
[2026-07-15 15:11:53.074] [svulkan2] [error] OIDN Error: invalid handle
[2026-07-15 15:11:53.074] [svulkan2] [error] OIDN Error: invalid handle
[2026-07-15 15:11:53.074] [svulkan2] [error] OIDN Error: invalid handle
[2026-07-15 15:11:53.106] [svulkan2] [error] OIDN Error: invalid handle
[2026-07-15 15:11:53.106] [svulkan2] [error] OIDN Error: invalid handle
[2026-07-15 15:11:53.106] [svulkan2] [error] OIDN Error: invalid handle
[2026-07-15 15:11:53.138] [svulkan2] [error] OIDN Error: invalid handle
[2026-07-15 15:11:53.138] [svulkan2] [error] OIDN Error: invalid handle
[2026-07-15 15:11:53.138] [svulkan2] [error] OIDN Error: invalid handle
[2026-07-15 15:11:53.170] [svulkan2] [error] OIDN Error: invalid handle
[2026-07-15 15:11:53.170] [svulkan2] [error] OIDN Error: invalid handle
[2026-07-15 15:11:53.170] [svulkan2] [error] OIDN Error: invalid handle
[2026-07-15 15:11:53.201] [svulkan2] [error] OIDN Error: invalid handle
[2026-07-15 15:11:53.202] [svulkan2] [error] OIDN Error: invalid handle
[2026-07-15 15:11:53.202] [svulkan2] [error] OIDN Error: invalid handle
[2026-07-15 15:11:53.233] [svulkan2] [error] OIDN Error: invalid handle
[2026-07-15 15:11:53.233] [svulkan2] [error] OIDN Error: invalid handle
[2026-07-15 15:11:53.233] [svulkan2] [error] OIDN Error: invalid handle
[2026-07-15 15:11:53.265] [svulkan2] [error] OIDN Error: invalid handle
[2026-07-15 15:11:53.265] [svulkan2] [error] OIDN Error: invalid handle
[2026-07-15 15:11:53.265] [svulkan2] [error] OIDN Error: invalid handle
[2026-07-15 15:11:53.296] [svulkan2] [error] OIDN Error: invalid handle
[2026-07-15 15:11:53.297] [svulkan2] [error] OIDN Error: invalid handle
[2026-07-15 15:11:53.297] [svulkan2] [error] OIDN Error: invalid handle
[2026-07-15 15:11:53.328] [svulkan2] [error] OIDN Error: invalid handle
[2026-07-15 15:11:53.328] [svulkan2] [error] OIDN Error: invalid handle
[2026-07-15 15:11:53.328] [svulkan2] [error] OIDN Error: invalid handle
[2026-07-15 15:11:53.361] [svulkan2] [error] OIDN Error: invalid handle
[2026-07-15 15:11:53.361] [svulkan2] [error] OIDN Error: invalid handle
[2026-07-15 15:11:53.361] [svulkan2] [error] OIDN Error: invalid handle
[2026-07-15 15:11:53.393] [svulkan2] [error] OIDN Error: invalid handle
[2026-07-15 15:11:53.393] [svulkan2] [error] OIDN Error: invalid handle
[2026-07-15 15:11:53.393] [svulkan2] [error] OIDN Error: invalid handle
[2026-07-15 15:11:53.425] [svulkan2] [error] OIDN Error: invalid handle
[2026-07-15 15:11:53.425] [svulkan2] [error] OIDN Error: invalid handle
[2026-07-15 15:11:53.425] [svulkan2] [error] OIDN Error: invalid handle
[2026-07-15 15:11:53.458] [svulkan2] [error] OIDN Error: invalid handle
[2026-07-15 15:11:53.458] [svulkan2] [error] OIDN Error: invalid handle
[2026-07-15 15:11:53.458] [svulkan2] [error] OIDN Error: invalid handle
[2026-07-15 15:11:53.490] [svulkan2] [error] OIDN Error: invalid handle
[2026-07-15 15:11:53.490] [svulkan2] [error] OIDN Error: invalid handle
[2026-07-15 15:11:53.490] [svulkan2] [error] OIDN Error: invalid handle
[2026-07-15 15:11:53.522] [svulkan2] [error] OIDN Error: invalid handle
[2026-07-15 15:11:53.522] [svulkan2] [error] OIDN Error: invalid handle
[2026-07-15 15:11:53.522] [svulkan2] [error] OIDN Error: invalid handle
[2026-07-15 15:11:53.554] [svulkan2] [error] OIDN Error: invalid handle
[2026-07-15 15:11:53.554] [svulkan2] [error] OIDN Error: invalid handle
[2026-07-15 15:11:53.554] [svulkan2] [error] OIDN Error: invalid handle
[2026-07-15 15:11:53.585] [svulkan2] [error] OIDN Error: invalid handle
[2026-07-15 15:11:53.585] [svulkan2] [error] OIDN Error: invalid handle
[2026-07-15 15:11:53.585] [svulkan2] [error] OIDN Error: invalid handle
[2026-07-15 15:11:53.617] [svulkan2] [error] OIDN Error: invalid handle
[2026-07-15 15:11:53.617] [svulkan2] [error] OIDN Error: invalid handle
[2026-07-15 15:11:53.617] [svulkan2] [error] OIDN Error: invalid handle
[2026-07-15 15:11:53.649] [svulkan2] [error] OIDN Error: invalid handle
[2026-07-15 15:11:53.649] [svulkan2] [error] OIDN Error: invalid handle
[2026-07-15 15:11:53.649] [svulkan2] [error] OIDN Error: invalid handle
[2026-07-15 15:11:53.681] [svulkan2] [error] OIDN Error: invalid handle
[2026-07-15 15:11:53.681] [svulkan2] [error] OIDN Error: invalid handle
[2026-07-15 15:11:53.681] [svulkan2] [error] OIDN Error: invalid handle
[2026-07-15 15:11:53.713] [svulkan2] [error] OIDN Error: invalid handle
[2026-07-15 15:11:53.713] [svulkan2] [error] OIDN Error: invalid handle
[2026-07-15 15:11:53.713] [svulkan2] [error] OIDN Error: invalid handle
[2026-07-15 15:11:53.745] [svulkan2] [error] OIDN Error: invalid handle
[2026-07-15 15:11:53.745] [svulkan2] [error] OIDN Error: invalid handle
[2026-07-15 15:11:53.745] [svulkan2] [error] OIDN Error: invalid handle
[2026-07-15 15:11:53.776] [svulkan2] [error] OIDN Error: invalid handle
[2026-07-15 15:11:53.776] [svulkan2] [error] OIDN Error: invalid handle
[2026-07-15 15:11:53.776] [svulkan2] [error] OIDN Error: invalid handle
[2026-07-15 15:11:53.807] [svulkan2] [error] OIDN Error: invalid handle
[2026-07-15 15:11:53.807] [svulkan2] [error] OIDN Error: invalid handle
[2026-07-15 15:11:53.807] [svulkan2] [error] OIDN Error: invalid handle
[2026-07-15 15:11:53.839] [svulkan2] [error] OIDN Error: invalid handle
[2026-07-15 15:11:53.839] [svulkan2] [error] OIDN Error: invalid handle
[2026-07-15 15:11:53.839] [svulkan2] [error] OIDN Error: invalid handle
[2026-07-15 15:11:53.870] [svulkan2] [error] OIDN Error: invalid handle
[2026-07-15 15:11:53.870] [svulkan2] [error] OIDN Error: invalid handle
[2026-07-15 15:11:53.870] [svulkan2] [error] OIDN Error: invalid handle
[2026-07-15 15:11:53.902] [svulkan2] [error] OIDN Error: invalid handle
[2026-07-15 15:11:53.902] [svulkan2] [error] OIDN Error: invalid handle
[2026-07-15 15:11:53.902] [svulkan2] [error] OIDN Error: invalid handle
[2026-07-15 15:11:53.934] [svulkan2] [error] OIDN Error: invalid handle
[2026-07-15 15:11:53.934] [svulkan2] [error] OIDN Error: invalid handle
[2026-07-15 15:11:53.934] [svulkan2] [error] OIDN Error: invalid handle
[2026-07-15 15:11:53.966] [svulkan2] [error] OIDN Error: invalid handle
[2026-07-15 15:11:53.966] [svulkan2] [error] OIDN Error: invalid handle
[2026-07-15 15:11:53.966] [svulkan2] [error] OIDN Error: invalid handle
[2026-07-15 15:11:53.998] [svulkan2] [error] OIDN Error: invalid handle
[2026-07-15 15:11:53.998] [svulkan2] [error] OIDN Error: invalid handle
[2026-07-15 15:11:53.998] [svulkan2] [error] OIDN Error: invalid handle
[2026-07-15 15:11:54.030] [svulkan2] [error] OIDN Error: invalid handle
[2026-07-15 15:11:54.030] [svulkan2] [error] OIDN Error: invalid handle
[2026-07-15 15:11:54.030] [svulkan2] [error] OIDN Error: invalid handle
[2026-07-15 15:11:54.062] [svulkan2] [error] OIDN Error: invalid handle
[2026-07-15 15:11:54.062] [svulkan2] [error] OIDN Error: invalid handle
[2026-07-15 15:11:54.062] [svulkan2] [error] OIDN Error: invalid handle
[2026-07-15 15:11:54.094] [svulkan2] [error] OIDN Error: invalid handle
[2026-07-15 15:11:54.094] [svulkan2] [error] OIDN Error: invalid handle
[2026-07-15 15:11:54.095] [svulkan2] [error] OIDN Error: invalid handle
[2026-07-15 15:11:54.128] [svulkan2] [error] OIDN Error: invalid handle
[2026-07-15 15:11:54.128] [svulkan2] [error] OIDN Error: invalid handle
[2026-07-15 15:11:54.128] [svulkan2] [error] OIDN Error: invalid handle
[2026-07-15 15:11:54.161] [svulkan2] [error] OIDN Error: invalid handle
[2026-07-15 15:11:54.161] [svulkan2] [error] OIDN Error: invalid handle
[2026-07-15 15:11:54.161] [svulkan2] [error] OIDN Error: invalid handle
[2026-07-15 15:11:54.193] [svulkan2] [error] OIDN Error: invalid handle
[2026-07-15 15:11:54.193] [svulkan2] [error] OIDN Error: invalid handle
[2026-07-15 15:11:54.193] [svulkan2] [error] OIDN Error: invalid handle
[2026-07-15 15:11:54.226] [svulkan2] [error] OIDN Error: invalid handle
[2026-07-15 15:11:54.226] [svulkan2] [error] OIDN Error: invalid handle
[2026-07-15 15:11:54.226] [svulkan2] [error] OIDN Error: invalid handle
[2026-07-15 15:11:54.258] [svulkan2] [error] OIDN Error: invalid handle
[2026-07-15 15:11:54.258] [svulkan2] [error] OIDN Error: invalid handle
[2026-07-15 15:11:54.258] [svulkan2] [error] OIDN Error: invalid handle
[2026-07-15 15:11:54.290] [svulkan2] [error] OIDN Error: invalid handle
[2026-07-15 15:11:54.290] [svulkan2] [error] OIDN Error: invalid handle
[2026-07-15 15:11:54.290] [svulkan2] [error] OIDN Error: invalid handle
[2026-07-15 15:11:54.322] [svulkan2] [error] OIDN Error: invalid handle
[2026-07-15 15:11:54.322] [svulkan2] [error] OIDN Error: invalid handle
[2026-07-15 15:11:54.322] [svulkan2] [error] OIDN Error: invalid handle
[2026-07-15 15:11:54.353] [svulkan2] [error] OIDN Error: invalid handle
[2026-07-15 15:11:54.353] [svulkan2] [error] OIDN Error: invalid handle
[2026-07-15 15:11:54.354] [svulkan2] [error] OIDN Error: invalid handle
[2026-07-15 15:11:54.385] [svulkan2] [error] OIDN Error: invalid handle
[2026-07-15 15:11:54.385] [svulkan2] [error] OIDN Error: invalid handle
[2026-07-15 15:11:54.385] [svulkan2] [error] OIDN Error: invalid handle
[2026-07-15 15:11:54.417] [svulkan2] [error] OIDN Error: invalid handle
[2026-07-15 15:11:54.417] [svulkan2] [error] OIDN Error: invalid handle
[2026-07-15 15:11:54.417] [svulkan2] [error] OIDN Error: invalid handle
[2026-07-15 15:11:54.450] [svulkan2] [error] OIDN Error: invalid handle
[2026-07-15 15:11:54.450] [svulkan2] [error] OIDN Error: invalid handle
[2026-07-15 15:11:54.450] [svulkan2] [error] OIDN Error: invalid handle
[2026-07-15 15:11:54.482] [svulkan2] [error] OIDN Error: invalid handle
[2026-07-15 15:11:54.482] [svulkan2] [error] OIDN Error: invalid handle
[2026-07-15 15:11:54.482] [svulkan2] [error] OIDN Error: invalid handle
[2026-07-15 15:11:54.513] [svulkan2] [error] OIDN Error: invalid handle
[2026-07-15 15:11:54.513] [svulkan2] [error] OIDN Error: invalid handle
[2026-07-15 15:11:54.513] [svulkan2] [error] OIDN Error: invalid handle
[2026-07-15 15:11:54.543] [svulkan2] [error] OIDN Error: invalid handle
[2026-07-15 15:11:54.543] [svulkan2] [error] OIDN Error: invalid handle
[2026-07-15 15:11:54.544] [svulkan2] [error] OIDN Error: invalid handle
[2026-07-15 15:11:54.574] [svulkan2] [error] OIDN Error: invalid handle
[2026-07-15 15:11:54.574] [svulkan2] [error] OIDN Error: invalid handle
[2026-07-15 15:11:54.574] [svulkan2] [error] OIDN Error: invalid handle
[2026-07-15 15:11:54.607] [svulkan2] [error] OIDN Error: invalid handle
[2026-07-15 15:11:54.607] [svulkan2] [error] OIDN Error: invalid handle
[2026-07-15 15:11:54.607] [svulkan2] [error] OIDN Error: invalid handle
[2026-07-15 15:11:54.639] [svulkan2] [error] OIDN Error: invalid handle
[2026-07-15 15:11:54.639] [svulkan2] [error] OIDN Error: invalid handle
[2026-07-15 15:11:54.639] [svulkan2] [error] OIDN Error: invalid handle
[2026-07-15 15:11:54.671] [svulkan2] [error] OIDN Error: invalid handle
[2026-07-15 15:11:54.671] [svulkan2] [error] OIDN Error: invalid handle
[2026-07-15 15:11:54.671] [svulkan2] [error] OIDN Error: invalid handle
[2026-07-15 15:11:54.703] [svulkan2] [error] OIDN Error: invalid handle
[2026-07-15 15:11:54.703] [svulkan2] [error] OIDN Error: invalid handle
[2026-07-15 15:11:54.703] [svulkan2] [error] OIDN Error: invalid handle
[2026-07-15 15:11:54.735] [svulkan2] [error] OIDN Error: invalid handle
[2026-07-15 15:11:54.735] [svulkan2] [error] OIDN Error: invalid handle
[2026-07-15 15:11:54.735] [svulkan2] [error] OIDN Error: invalid handle
[2026-07-15 15:11:54.768] [svulkan2] [error] OIDN Error: invalid handle
[2026-07-15 15:11:54.768] [svulkan2] [error] OIDN Error: invalid handle
[2026-07-15 15:11:54.768] [svulkan2] [error] OIDN Error: invalid handle
[2026-07-15 15:11:54.800] [svulkan2] [error] OIDN Error: invalid handle
[2026-07-15 15:11:54.800] [svulkan2] [error] OIDN Error: invalid handle
[2026-07-15 15:11:54.800] [svulkan2] [error] OIDN Error: invalid handle
[2026-07-15 15:11:54.833] [svulkan2] [error] OIDN Error: invalid handle
[2026-07-15 15:11:54.833] [svulkan2] [error] OIDN Error: invalid handle
[2026-07-15 15:11:54.833] [svulkan2] [error] OIDN Error: invalid handle
[2026-07-15 15:11:54.865] [svulkan2] [error] OIDN Error: invalid handle
[2026-07-15 15:11:54.865] [svulkan2] [error] OIDN Error: invalid handle
[2026-07-15 15:11:54.865] [svulkan2] [error] OIDN Error: invalid handle
[2026-07-15 15:11:54.897] [svulkan2] [error] OIDN Error: invalid handle
[2026-07-15 15:11:54.897] [svulkan2] [error] OIDN Error: invalid handle
[2026-07-15 15:11:54.897] [svulkan2] [error] OIDN Error: invalid handle
[2026-07-15 15:11:54.929] [svulkan2] [error] OIDN Error: invalid handle
[2026-07-15 15:11:54.929] [svulkan2] [error] OIDN Error: invalid handle
[2026-07-15 15:11:54.929] [svulkan2] [error] OIDN Error: invalid handle
[2026-07-15 15:11:54.962] [svulkan2] [error] OIDN Error: invalid handle
[2026-07-15 15:11:54.962] [svulkan2] [error] OIDN Error: invalid handle
[2026-07-15 15:11:54.962] [svulkan2] [error] OIDN Error: invalid handle
[2026-07-15 15:11:54.995] [svulkan2] [error] OIDN Error: invalid handle
[2026-07-15 15:11:54.995] [svulkan2] [error] OIDN Error: invalid handle
[2026-07-15 15:11:54.995] [svulkan2] [error] OIDN Error: invalid handle
[2026-07-15 15:11:55.028] [svulkan2] [error] OIDN Error: invalid handle
[2026-07-15 15:11:55.028] [svulkan2] [error] OIDN Error: invalid handle
[2026-07-15 15:11:55.028] [svulkan2] [error] OIDN Error: invalid handle
[2026-07-15 15:11:55.061] [svulkan2] [error] OIDN Error: invalid handle
[2026-07-15 15:11:55.061] [svulkan2] [error] OIDN Error: invalid handle
[2026-07-15 15:11:55.061] [svulkan2] [error] OIDN Error: invalid handle
[2026-07-15 15:11:55.094] [svulkan2] [error] OIDN Error: invalid handle
[2026-07-15 15:11:55.094] [svulkan2] [error] OIDN Error: invalid handle
[2026-07-15 15:11:55.094] [svulkan2] [error] OIDN Error: invalid handle
[2026-07-15 15:11:55.127] [svulkan2] [error] OIDN Error: invalid handle
[2026-07-15 15:11:55.127] [svulkan2] [error] OIDN Error: invalid handle
[2026-07-15 15:11:55.127] [svulkan2] [error] OIDN Error: invalid handle
[2026-07-15 15:11:55.160] [svulkan2] [error] OIDN Error: invalid handle
[2026-07-15 15:11:55.160] [svulkan2] [error] OIDN Error: invalid handle
[2026-07-15 15:11:55.160] [svulkan2] [error] OIDN Error: invalid handle
[2026-07-15 15:11:55.193] [svulkan2] [error] OIDN Error: invalid handle
[2026-07-15 15:11:55.193] [svulkan2] [error] OIDN Error: invalid handle
[2026-07-15 15:11:55.193] [svulkan2] [error] OIDN Error: invalid handle
[2026-07-15 15:11:55.226] [svulkan2] [error] OIDN Error: invalid handle
[2026-07-15 15:11:55.226] [svulkan2] [error] OIDN Error: invalid handle
[2026-07-15 15:11:55.226] [svulkan2] [error] OIDN Error: invalid handle
[2026-07-15 15:11:55.259] [svulkan2] [error] OIDN Error: invalid handle
[2026-07-15 15:11:55.259] [svulkan2] [error] OIDN Error: invalid handle
[2026-07-15 15:11:55.259] [svulkan2] [error] OIDN Error: invalid handle
[2026-07-15 15:11:55.292] [svulkan2] [error] OIDN Error: invalid handle
[2026-07-15 15:11:55.292] [svulkan2] [error] OIDN Error: invalid handle
[2026-07-15 15:11:55.292] [svulkan2] [error] OIDN Error: invalid handle
[2026-07-15 15:11:55.324] [svulkan2] [error] OIDN Error: invalid handle
[2026-07-15 15:11:55.324] [svulkan2] [error] OIDN Error: invalid handle
[2026-07-15 15:11:55.324] [svulkan2] [error] OIDN Error: invalid handle
[2026-07-15 15:11:55.357] [svulkan2] [error] OIDN Error: invalid handle
[2026-07-15 15:11:55.357] [svulkan2] [error] OIDN Error: invalid handle
[2026-07-15 15:11:55.357] [svulkan2] [error] OIDN Error: invalid handle
[2026-07-15 15:11:55.390] [svulkan2] [error] OIDN Error: invalid handle
[2026-07-15 15:11:55.390] [svulkan2] [error] OIDN Error: invalid handle
[2026-07-15 15:11:55.390] [svulkan2] [error] OIDN Error: invalid handle
[2026-07-15 15:11:55.423] [svulkan2] [error] OIDN Error: invalid handle
[2026-07-15 15:11:55.423] [svulkan2] [error] OIDN Error: invalid handle
[2026-07-15 15:11:55.423] [svulkan2] [error] OIDN Error: invalid handle
[2026-07-15 15:11:55.456] [svulkan2] [error] OIDN Error: invalid handle
[2026-07-15 15:11:55.456] [svulkan2] [error] OIDN Error: invalid handle
[2026-07-15 15:11:55.456] [svulkan2] [error] OIDN Error: invalid handle
[2026-07-15 15:11:55.490] [svulkan2] [error] OIDN Error: invalid handle
[2026-07-15 15:11:55.490] [svulkan2] [error] OIDN Error: invalid handle
[2026-07-15 15:11:55.490] [svulkan2] [error] OIDN Error: invalid handle
[2026-07-15 15:11:55.523] [svulkan2] [error] OIDN Error: invalid handle
[2026-07-15 15:11:55.523] [svulkan2] [error] OIDN Error: invalid handle
[2026-07-15 15:11:55.523] [svulkan2] [error] OIDN Error: invalid handle
[2026-07-15 15:11:55.556] [svulkan2] [error] OIDN Error: invalid handle
[2026-07-15 15:11:55.556] [svulkan2] [error] OIDN Error: invalid handle
[2026-07-15 15:11:55.556] [svulkan2] [error] OIDN Error: invalid handle
[2026-07-15 15:11:55.589] [svulkan2] [error] OIDN Error: invalid handle
[2026-07-15 15:11:55.590] [svulkan2] [error] OIDN Error: invalid handle
[2026-07-15 15:11:55.590] [svulkan2] [error] OIDN Error: invalid handle
[2026-07-15 15:11:55.622] [svulkan2] [error] OIDN Error: invalid handle
[2026-07-15 15:11:55.622] [svulkan2] [error] OIDN Error: invalid handle
[2026-07-15 15:11:55.622] [svulkan2] [error] OIDN Error: invalid handle
[2026-07-15 15:11:55.655] [svulkan2] [error] OIDN Error: invalid handle
[2026-07-15 15:11:55.655] [svulkan2] [error] OIDN Error: invalid handle
[2026-07-15 15:11:55.655] [svulkan2] [error] OIDN Error: invalid handle
[2026-07-15 15:11:55.687] [svulkan2] [error] OIDN Error: invalid handle
[2026-07-15 15:11:55.687] [svulkan2] [error] OIDN Error: invalid handle
[2026-07-15 15:11:55.687] [svulkan2] [error] OIDN Error: invalid handle
[2026-07-15 15:11:55.720] [svulkan2] [error] OIDN Error: invalid handle
[2026-07-15 15:11:55.720] [svulkan2] [error] OIDN Error: invalid handle
[2026-07-15 15:11:55.720] [svulkan2] [error] OIDN Error: invalid handle
[2026-07-15 15:11:55.753] [svulkan2] [error] OIDN Error: invalid handle
[2026-07-15 15:11:55.753] [svulkan2] [error] OIDN Error: invalid handle
[2026-07-15 15:11:55.753] [svulkan2] [error] OIDN Error: invalid handle
[2026-07-15 15:11:55.785] [svulkan2] [error] OIDN Error: invalid handle
[2026-07-15 15:11:55.785] [svulkan2] [error] OIDN Error: invalid handle
[2026-07-15 15:11:55.785] [svulkan2] [error] OIDN Error: invalid handle
[2026-07-15 15:11:55.818] [svulkan2] [error] OIDN Error: invalid handle
[2026-07-15 15:11:55.818] [svulkan2] [error] OIDN Error: invalid handle
[2026-07-15 15:11:55.818] [svulkan2] [error] OIDN Error: invalid handle
[2026-07-15 15:11:55.850] [svulkan2] [error] OIDN Error: invalid handle
[2026-07-15 15:11:55.850] [svulkan2] [error] OIDN Error: invalid handle
[2026-07-15 15:11:55.850] [svulkan2] [error] OIDN Error: invalid handle
[2026-07-15 15:11:55.882] [svulkan2] [error] OIDN Error: invalid handle
[2026-07-15 15:11:55.883] [svulkan2] [error] OIDN Error: invalid handle
[2026-07-15 15:11:55.883] [svulkan2] [error] OIDN Error: invalid handle
[2026-07-15 15:11:55.915] [svulkan2] [error] OIDN Error: invalid handle
[2026-07-15 15:11:55.915] [svulkan2] [error] OIDN Error: invalid handle
[2026-07-15 15:11:55.915] [svulkan2] [error] OIDN Error: invalid handle
[2026-07-15 15:11:55.947] [svulkan2] [error] OIDN Error: invalid handle
[2026-07-15 15:11:55.947] [svulkan2] [error] OIDN Error: invalid handle
[2026-07-15 15:11:55.947] [svulkan2] [error] OIDN Error: invalid handle
[2026-07-15 15:11:55.980] [svulkan2] [error] OIDN Error: invalid handle
[2026-07-15 15:11:55.980] [svulkan2] [error] OIDN Error: invalid handle
[2026-07-15 15:11:55.980] [svulkan2] [error] OIDN Error: invalid handle
[2026-07-15 15:11:56.013] [svulkan2] [error] OIDN Error: invalid handle
[2026-07-15 15:11:56.013] [svulkan2] [error] OIDN Error: invalid handle
[2026-07-15 15:11:56.013] [svulkan2] [error] OIDN Error: invalid handle
[2026-07-15 15:11:56.046] [svulkan2] [error] OIDN Error: invalid handle
[2026-07-15 15:11:56.046] [svulkan2] [error] OIDN Error: invalid handle
[2026-07-15 15:11:56.046] [svulkan2] [error] OIDN Error: invalid handle
[2026-07-15 15:11:56.079] [svulkan2] [error] OIDN Error: invalid handle
[2026-07-15 15:11:56.079] [svulkan2] [error] OIDN Error: invalid handle
[2026-07-15 15:11:56.079] [svulkan2] [error] OIDN Error: invalid handle
[2026-07-15 15:11:56.112] [svulkan2] [error] OIDN Error: invalid handle
[2026-07-15 15:11:56.112] [svulkan2] [error] OIDN Error: invalid handle
[2026-07-15 15:11:56.112] [svulkan2] [error] OIDN Error: invalid handle
[2026-07-15 15:11:56.144] [svulkan2] [error] OIDN Error: invalid handle
[2026-07-15 15:11:56.144] [svulkan2] [error] OIDN Error: invalid handle
[2026-07-15 15:11:56.144] [svulkan2] [error] OIDN Error: invalid handle
[2026-07-15 15:11:56.177] [svulkan2] [error] OIDN Error: invalid handle
[2026-07-15 15:11:56.178] [svulkan2] [error] OIDN Error: invalid handle
[2026-07-15 15:11:56.178] [svulkan2] [error] OIDN Error: invalid handle
[2026-07-15 15:11:56.211] [svulkan2] [error] OIDN Error: invalid handle
[2026-07-15 15:11:56.211] [svulkan2] [error] OIDN Error: invalid handle
[2026-07-15 15:11:56.211] [svulkan2] [error] OIDN Error: invalid handle
[2026-07-15 15:11:56.243] [svulkan2] [error] OIDN Error: invalid handle
[2026-07-15 15:11:56.243] [svulkan2] [error] OIDN Error: invalid handle
[2026-07-15 15:11:56.243] [svulkan2] [error] OIDN Error: invalid handle
[2026-07-15 15:11:56.276] [svulkan2] [error] OIDN Error: invalid handle
[2026-07-15 15:11:56.276] [svulkan2] [error] OIDN Error: invalid handle
[2026-07-15 15:11:56.276] [svulkan2] [error] OIDN Error: invalid handle
[2026-07-15 15:11:56.309] [svulkan2] [error] OIDN Error: invalid handle
[2026-07-15 15:11:56.309] [svulkan2] [error] OIDN Error: invalid handle
[2026-07-15 15:11:56.309] [svulkan2] [error] OIDN Error: invalid handle
[2026-07-15 15:11:56.342] [svulkan2] [error] OIDN Error: invalid handle
[2026-07-15 15:11:56.342] [svulkan2] [error] OIDN Error: invalid handle
[2026-07-15 15:11:56.342] [svulkan2] [error] OIDN Error: invalid handle
[2026-07-15 15:11:56.375] [svulkan2] [error] OIDN Error: invalid handle
[2026-07-15 15:11:56.375] [svulkan2] [error] OIDN Error: invalid handle
[2026-07-15 15:11:56.375] [svulkan2] [error] OIDN Error: invalid handle
[2026-07-15 15:11:56.408] [svulkan2] [error] OIDN Error: invalid handle
[2026-07-15 15:11:56.408] [svulkan2] [error] OIDN Error: invalid handle
[2026-07-15 15:11:56.408] [svulkan2] [error] OIDN Error: invalid handle
[2026-07-15 15:11:56.441] [svulkan2] [error] OIDN Error: invalid handle
[2026-07-15 15:11:56.441] [svulkan2] [error] OIDN Error: invalid handle
[2026-07-15 15:11:56.441] [svulkan2] [error] OIDN Error: invalid handle
[2026-07-15 15:11:56.474] [svulkan2] [error] OIDN Error: invalid handle
[2026-07-15 15:11:56.474] [svulkan2] [error] OIDN Error: invalid handle
[2026-07-15 15:11:56.474] [svulkan2] [error] OIDN Error: invalid handle
[2026-07-15 15:11:56.506] [svulkan2] [error] OIDN Error: invalid handle
[2026-07-15 15:11:56.506] [svulkan2] [error] OIDN Error: invalid handle
[2026-07-15 15:11:56.506] [svulkan2] [error] OIDN Error: invalid handle
[2026-07-15 15:11:56.539] [svulkan2] [error] OIDN Error: invalid handle
[2026-07-15 15:11:56.539] [svulkan2] [error] OIDN Error: invalid handle
[2026-07-15 15:11:56.539] [svulkan2] [error] OIDN Error: invalid handle
[2026-07-15 15:11:56.571] [svulkan2] [error] OIDN Error: invalid handle
[2026-07-15 15:11:56.572] [svulkan2] [error] OIDN Error: invalid handle
[2026-07-15 15:11:56.572] [svulkan2] [error] OIDN Error: invalid handle
[2026-07-15 15:11:56.604] [svulkan2] [error] OIDN Error: invalid handle
[2026-07-15 15:11:56.604] [svulkan2] [error] OIDN Error: invalid handle
[2026-07-15 15:11:56.604] [svulkan2] [error] OIDN Error: invalid handle
[2026-07-15 15:11:56.637] [svulkan2] [error] OIDN Error: invalid handle
[2026-07-15 15:11:56.637] [svulkan2] [error] OIDN Error: invalid handle
[2026-07-15 15:11:56.637] [svulkan2] [error] OIDN Error: invalid handle
[2026-07-15 15:11:56.669] [svulkan2] [error] OIDN Error: invalid handle
[2026-07-15 15:11:56.669] [svulkan2] [error] OIDN Error: invalid handle
[2026-07-15 15:11:56.669] [svulkan2] [error] OIDN Error: invalid handle
[2026-07-15 15:11:56.702] [svulkan2] [error] OIDN Error: invalid handle
[2026-07-15 15:11:56.702] [svulkan2] [error] OIDN Error: invalid handle
[2026-07-15 15:11:56.702] [svulkan2] [error] OIDN Error: invalid handle
[2026-07-15 15:11:56.735] [svulkan2] [error] OIDN Error: invalid handle
[2026-07-15 15:11:56.735] [svulkan2] [error] OIDN Error: invalid handle
[2026-07-15 15:11:56.735] [svulkan2] [error] OIDN Error: invalid handle
[2026-07-15 15:11:56.768] [svulkan2] [error] OIDN Error: invalid handle
[2026-07-15 15:11:56.768] [svulkan2] [error] OIDN Error: invalid handle
[2026-07-15 15:11:56.768] [svulkan2] [error] OIDN Error: invalid handle
[2026-07-15 15:11:56.801] [svulkan2] [error] OIDN Error: invalid handle
[2026-07-15 15:11:56.801] [svulkan2] [error] OIDN Error: invalid handle
[2026-07-15 15:11:56.801] [svulkan2] [error] OIDN Error: invalid handle
[2026-07-15 15:11:56.834] [svulkan2] [error] OIDN Error: invalid handle
[2026-07-15 15:11:56.834] [svulkan2] [error] OIDN Error: invalid handle
[2026-07-15 15:11:56.834] [svulkan2] [error] OIDN Error: invalid handle
[2026-07-15 15:11:56.866] [svulkan2] [error] OIDN Error: invalid handle
[2026-07-15 15:11:56.866] [svulkan2] [error] OIDN Error: invalid handle
[2026-07-15 15:11:56.866] [svulkan2] [error] OIDN Error: invalid handle
[2026-07-15 15:11:56.898] [svulkan2] [error] OIDN Error: invalid handle
[2026-07-15 15:11:56.898] [svulkan2] [error] OIDN Error: invalid handle
[2026-07-15 15:11:56.898] [svulkan2] [error] OIDN Error: invalid handle
[2026-07-15 15:11:56.930] [svulkan2] [error] OIDN Error: invalid handle
[2026-07-15 15:11:56.931] [svulkan2] [error] OIDN Error: invalid handle
[2026-07-15 15:11:56.931] [svulkan2] [error] OIDN Error: invalid handle
[2026-07-15 15:11:56.963] [svulkan2] [error] OIDN Error: invalid handle
[2026-07-15 15:11:56.963] [svulkan2] [error] OIDN Error: invalid handle
[2026-07-15 15:11:56.963] [svulkan2] [error] OIDN Error: invalid handle
[2026-07-15 15:11:56.995] [svulkan2] [error] OIDN Error: invalid handle
[2026-07-15 15:11:56.995] [svulkan2] [error] OIDN Error: invalid handle
[2026-07-15 15:11:56.995] [svulkan2] [error] OIDN Error: invalid handle
[2026-07-15 15:11:57.028] [svulkan2] [error] OIDN Error: invalid handle
[2026-07-15 15:11:57.028] [svulkan2] [error] OIDN Error: invalid handle
[2026-07-15 15:11:57.028] [svulkan2] [error] OIDN Error: invalid handle
[2026-07-15 15:11:57.104] [svulkan2] [error] OIDN Error: invalid handle
[2026-07-15 15:11:57.104] [svulkan2] [error] OIDN Error: invalid handle
[2026-07-15 15:11:57.104] [svulkan2] [error] OIDN Error: invalid handle
[2026-07-15 15:11:57.135] [svulkan2] [error] OIDN Error: invalid handle
[2026-07-15 15:11:57.135] [svulkan2] [error] OIDN Error: invalid handle
[2026-07-15 15:11:57.135] [svulkan2] [error] OIDN Error: invalid handle
[2026-07-15 15:11:57.168] [svulkan2] [error] OIDN Error: invalid handle
[2026-07-15 15:11:57.168] [svulkan2] [error] OIDN Error: invalid handle
[2026-07-15 15:11:57.168] [svulkan2] [error] OIDN Error: invalid handle
[2026-07-15 15:11:57.200] [svulkan2] [error] OIDN Error: invalid handle
[2026-07-15 15:11:57.200] [svulkan2] [error] OIDN Error: invalid handle
[2026-07-15 15:11:57.200] [svulkan2] [error] OIDN Error: invalid handle
[2026-07-15 15:11:57.232] [svulkan2] [error] OIDN Error: invalid handle
[2026-07-15 15:11:57.233] [svulkan2] [error] OIDN Error: invalid handle
[2026-07-15 15:11:57.233] [svulkan2] [error] OIDN Error: invalid handle
[2026-07-15 15:11:57.265] [svulkan2] [error] OIDN Error: invalid handle
[2026-07-15 15:11:57.265] [svulkan2] [error] OIDN Error: invalid handle
[2026-07-15 15:11:57.265] [svulkan2] [error] OIDN Error: invalid handle
[2026-07-15 15:11:57.297] [svulkan2] [error] OIDN Error: invalid handle
[2026-07-15 15:11:57.297] [svulkan2] [error] OIDN Error: invalid handle
[2026-07-15 15:11:57.297] [svulkan2] [error] OIDN Error: invalid handle
[2026-07-15 15:11:57.329] [svulkan2] [error] OIDN Error: invalid handle
[2026-07-15 15:11:57.330] [svulkan2] [error] OIDN Error: invalid handle
[2026-07-15 15:11:57.330] [svulkan2] [error] OIDN Error: invalid handle
[2026-07-15 15:11:57.362] [svulkan2] [error] OIDN Error: invalid handle
[2026-07-15 15:11:57.362] [svulkan2] [error] OIDN Error: invalid handle
[2026-07-15 15:11:57.363] [svulkan2] [error] OIDN Error: invalid handle
[2026-07-15 15:11:57.395] [svulkan2] [error] OIDN Error: invalid handle
[2026-07-15 15:11:57.395] [svulkan2] [error] OIDN Error: invalid handle
[2026-07-15 15:11:57.395] [svulkan2] [error] OIDN Error: invalid handle
[2026-07-15 15:11:57.428] [svulkan2] [error] OIDN Error: invalid handle
[2026-07-15 15:11:57.428] [svulkan2] [error] OIDN Error: invalid handle
[2026-07-15 15:11:57.428] [svulkan2] [error] OIDN Error: invalid handle
[2026-07-15 15:11:57.460] [svulkan2] [error] OIDN Error: invalid handle
[2026-07-15 15:11:57.460] [svulkan2] [error] OIDN Error: invalid handle
[2026-07-15 15:11:57.460] [svulkan2] [error] OIDN Error: invalid handle
[2026-07-15 15:11:57.493] [svulkan2] [error] OIDN Error: invalid handle
[2026-07-15 15:11:57.493] [svulkan2] [error] OIDN Error: invalid handle
[2026-07-15 15:11:57.493] [svulkan2] [error] OIDN Error: invalid handle
[2026-07-15 15:11:57.526] [svulkan2] [error] OIDN Error: invalid handle
[2026-07-15 15:11:57.526] [svulkan2] [error] OIDN Error: invalid handle
[2026-07-15 15:11:57.526] [svulkan2] [error] OIDN Error: invalid handle
[2026-07-15 15:11:57.558] [svulkan2] [error] OIDN Error: invalid handle
[2026-07-15 15:11:57.558] [svulkan2] [error] OIDN Error: invalid handle
[2026-07-15 15:11:57.558] [svulkan2] [error] OIDN Error: invalid handle
[2026-07-15 15:11:57.590] [svulkan2] [error] OIDN Error: invalid handle
[2026-07-15 15:11:57.590] [svulkan2] [error] OIDN Error: invalid handle
[2026-07-15 15:11:57.590] [svulkan2] [error] OIDN Error: invalid handle
[2026-07-15 15:11:57.622] [svulkan2] [error] OIDN Error: invalid handle
[2026-07-15 15:11:57.623] [svulkan2] [error] OIDN Error: invalid handle
[2026-07-15 15:11:57.623] [svulkan2] [error] OIDN Error: invalid handle
[2026-07-15 15:11:57.654] [svulkan2] [error] OIDN Error: invalid handle
[2026-07-15 15:11:57.654] [svulkan2] [error] OIDN Error: invalid handle
[2026-07-15 15:11:57.654] [svulkan2] [error] OIDN Error: invalid handle
[2026-07-15 15:11:57.686] [svulkan2] [error] OIDN Error: invalid handle
[2026-07-15 15:11:57.686] [svulkan2] [error] OIDN Error: invalid handle
[2026-07-15 15:11:57.687] [svulkan2] [error] OIDN Error: invalid handle
[2026-07-15 15:11:57.718] [svulkan2] [error] OIDN Error: invalid handle
[2026-07-15 15:11:57.719] [svulkan2] [error] OIDN Error: invalid handle
[2026-07-15 15:11:57.719] [svulkan2] [error] OIDN Error: invalid handle
[2026-07-15 15:11:57.751] [svulkan2] [error] OIDN Error: invalid handle
[2026-07-15 15:11:57.751] [svulkan2] [error] OIDN Error: invalid handle
[2026-07-15 15:11:57.751] [svulkan2] [error] OIDN Error: invalid handle
[2026-07-15 15:11:57.783] [svulkan2] [error] OIDN Error: invalid handle
[2026-07-15 15:11:57.783] [svulkan2] [error] OIDN Error: invalid handle
[2026-07-15 15:11:57.783] [svulkan2] [error] OIDN Error: invalid handle
[2026-07-15 15:11:57.815] [svulkan2] [error] OIDN Error: invalid handle
[2026-07-15 15:11:57.815] [svulkan2] [error] OIDN Error: invalid handle
[2026-07-15 15:11:57.816] [svulkan2] [error] OIDN Error: invalid handle
[2026-07-15 15:11:57.848] [svulkan2] [error] OIDN Error: invalid handle
[2026-07-15 15:11:57.848] [svulkan2] [error] OIDN Error: invalid handle
[2026-07-15 15:11:57.848] [svulkan2] [error] OIDN Error: invalid handle
[2026-07-15 15:11:57.880] [svulkan2] [error] OIDN Error: invalid handle
[2026-07-15 15:11:57.880] [svulkan2] [error] OIDN Error: invalid handle
[2026-07-15 15:11:57.880] [svulkan2] [error] OIDN Error: invalid handle
[2026-07-15 15:11:57.912] [svulkan2] [error] OIDN Error: invalid handle
[2026-07-15 15:11:57.912] [svulkan2] [error] OIDN Error: invalid handle
[2026-07-15 15:11:57.912] [svulkan2] [error] OIDN Error: invalid handle
[2026-07-15 15:11:57.945] [svulkan2] [error] OIDN Error: invalid handle
[2026-07-15 15:11:57.945] [svulkan2] [error] OIDN Error: invalid handle
[2026-07-15 15:11:57.945] [svulkan2] [error] OIDN Error: invalid handle
[2026-07-15 15:11:57.977] [svulkan2] [error] OIDN Error: invalid handle
[2026-07-15 15:11:57.977] [svulkan2] [error] OIDN Error: invalid handle
[2026-07-15 15:11:57.977] [svulkan2] [error] OIDN Error: invalid handle
[2026-07-15 15:11:58.010] [svulkan2] [error] OIDN Error: invalid handle
[2026-07-15 15:11:58.010] [svulkan2] [error] OIDN Error: invalid handle
[2026-07-15 15:11:58.010] [svulkan2] [error] OIDN Error: invalid handle
[2026-07-15 15:11:58.042] [svulkan2] [error] OIDN Error: invalid handle
[2026-07-15 15:11:58.042] [svulkan2] [error] OIDN Error: invalid handle
[2026-07-15 15:11:58.042] [svulkan2] [error] OIDN Error: invalid handle
[2026-07-15 15:11:58.075] [svulkan2] [error] OIDN Error: invalid handle
[2026-07-15 15:11:58.075] [svulkan2] [error] OIDN Error: invalid handle
[2026-07-15 15:11:58.075] [svulkan2] [error] OIDN Error: invalid handle
[2026-07-15 15:11:58.108] [svulkan2] [error] OIDN Error: invalid handle
[2026-07-15 15:11:58.108] [svulkan2] [error] OIDN Error: invalid handle
[2026-07-15 15:11:58.108] [svulkan2] [error] OIDN Error: invalid handle
[2026-07-15 15:11:58.140] [svulkan2] [error] OIDN Error: invalid handle
[2026-07-15 15:11:58.140] [svulkan2] [error] OIDN Error: invalid handle
[2026-07-15 15:11:58.140] [svulkan2] [error] OIDN Error: invalid handle
[2026-07-15 15:11:58.173] [svulkan2] [error] OIDN Error: invalid handle
[2026-07-15 15:11:58.173] [svulkan2] [error] OIDN Error: invalid handle
[2026-07-15 15:11:58.173] [svulkan2] [error] OIDN Error: invalid handle
[2026-07-15 15:11:58.206] [svulkan2] [error] OIDN Error: invalid handle
[2026-07-15 15:11:58.206] [svulkan2] [error] OIDN Error: invalid handle
[2026-07-15 15:11:58.206] [svulkan2] [error] OIDN Error: invalid handle
[2026-07-15 15:11:58.238] [svulkan2] [error] OIDN Error: invalid handle
[2026-07-15 15:11:58.238] [svulkan2] [error] OIDN Error: invalid handle
[2026-07-15 15:11:58.238] [svulkan2] [error] OIDN Error: invalid handle
[2026-07-15 15:11:58.271] [svulkan2] [error] OIDN Error: invalid handle
[2026-07-15 15:11:58.271] [svulkan2] [error] OIDN Error: invalid handle
[2026-07-15 15:11:58.271] [svulkan2] [error] OIDN Error: invalid handle
[2026-07-15 15:11:58.304] [svulkan2] [error] OIDN Error: invalid handle
[2026-07-15 15:11:58.304] [svulkan2] [error] OIDN Error: invalid handle
[2026-07-15 15:11:58.304] [svulkan2] [error] OIDN Error: invalid handle
[2026-07-15 15:11:58.337] [svulkan2] [error] OIDN Error: invalid handle
[2026-07-15 15:11:58.337] [svulkan2] [error] OIDN Error: invalid handle
[2026-07-15 15:11:58.337] [svulkan2] [error] OIDN Error: invalid handle
[2026-07-15 15:11:58.370] [svulkan2] [error] OIDN Error: invalid handle
[2026-07-15 15:11:58.370] [svulkan2] [error] OIDN Error: invalid handle
[2026-07-15 15:11:58.370] [svulkan2] [error] OIDN Error: invalid handle
[2026-07-15 15:11:58.403] [svulkan2] [error] OIDN Error: invalid handle
[2026-07-15 15:11:58.403] [svulkan2] [error] OIDN Error: invalid handle
[2026-07-15 15:11:58.403] [svulkan2] [error] OIDN Error: invalid handle
[2026-07-15 15:11:58.435] [svulkan2] [error] OIDN Error: invalid handle
[2026-07-15 15:11:58.436] [svulkan2] [error] OIDN Error: invalid handle
[2026-07-15 15:11:58.436] [svulkan2] [error] OIDN Error: invalid handle
[2026-07-15 15:11:58.469] [svulkan2] [error] OIDN Error: invalid handle
[2026-07-15 15:11:58.469] [svulkan2] [error] OIDN Error: invalid handle
[2026-07-15 15:11:58.469] [svulkan2] [error] OIDN Error: invalid handle
[2026-07-15 15:11:58.502] [svulkan2] [error] OIDN Error: invalid handle
[2026-07-15 15:11:58.502] [svulkan2] [error] OIDN Error: invalid handle
[2026-07-15 15:11:58.502] [svulkan2] [error] OIDN Error: invalid handle
[2026-07-15 15:11:58.534] [svulkan2] [error] OIDN Error: invalid handle
[2026-07-15 15:11:58.534] [svulkan2] [error] OIDN Error: invalid handle
[2026-07-15 15:11:58.534] [svulkan2] [error] OIDN Error: invalid handle
[2026-07-15 15:11:58.567] [svulkan2] [error] OIDN Error: invalid handle
[2026-07-15 15:11:58.567] [svulkan2] [error] OIDN Error: invalid handle
[2026-07-15 15:11:58.567] [svulkan2] [error] OIDN Error: invalid handle
[2026-07-15 15:11:58.599] [svulkan2] [error] OIDN Error: invalid handle
[2026-07-15 15:11:58.599] [svulkan2] [error] OIDN Error: invalid handle
[2026-07-15 15:11:58.599] [svulkan2] [error] OIDN Error: invalid handle
[2026-07-15 15:11:58.631] [svulkan2] [error] OIDN Error: invalid handle
[2026-07-15 15:11:58.632] [svulkan2] [error] OIDN Error: invalid handle
[2026-07-15 15:11:58.632] [svulkan2] [error] OIDN Error: invalid handle
[2026-07-15 15:11:58.664] [svulkan2] [error] OIDN Error: invalid handle
[2026-07-15 15:11:58.664] [svulkan2] [error] OIDN Error: invalid handle
[2026-07-15 15:11:58.664] [svulkan2] [error] OIDN Error: invalid handle
[2026-07-15 15:11:58.695] [svulkan2] [error] OIDN Error: invalid handle
[2026-07-15 15:11:58.696] [svulkan2] [error] OIDN Error: invalid handle
[2026-07-15 15:11:58.696] [svulkan2] [error] OIDN Error: invalid handle
[2026-07-15 15:11:58.727] [svulkan2] [error] OIDN Error: invalid handle
[2026-07-15 15:11:58.727] [svulkan2] [error] OIDN Error: invalid handle
[2026-07-15 15:11:58.727] [svulkan2] [error] OIDN Error: invalid handle
[2026-07-15 15:11:58.759] [svulkan2] [error] OIDN Error: invalid handle
[2026-07-15 15:11:58.759] [svulkan2] [error] OIDN Error: invalid handle
[2026-07-15 15:11:58.759] [svulkan2] [error] OIDN Error: invalid handle
[2026-07-15 15:11:58.790] [svulkan2] [error] OIDN Error: invalid handle
[2026-07-15 15:11:58.790] [svulkan2] [error] OIDN Error: invalid handle
[2026-07-15 15:11:58.790] [svulkan2] [error] OIDN Error: invalid handle
[2026-07-15 15:11:58.822] [svulkan2] [error] OIDN Error: invalid handle
[2026-07-15 15:11:58.822] [svulkan2] [error] OIDN Error: invalid handle
[2026-07-15 15:11:58.822] [svulkan2] [error] OIDN Error: invalid handle
[2026-07-15 15:11:58.853] [svulkan2] [error] OIDN Error: invalid handle
[2026-07-15 15:11:58.853] [svulkan2] [error] OIDN Error: invalid handle
[2026-07-15 15:11:58.853] [svulkan2] [error] OIDN Error: invalid handle
[2026-07-15 15:11:58.885] [svulkan2] [error] OIDN Error: invalid handle
[2026-07-15 15:11:58.885] [svulkan2] [error] OIDN Error: invalid handle
[2026-07-15 15:11:58.885] [svulkan2] [error] OIDN Error: invalid handle
[2026-07-15 15:11:58.917] [svulkan2] [error] OIDN Error: invalid handle
[2026-07-15 15:11:58.917] [svulkan2] [error] OIDN Error: invalid handle
[2026-07-15 15:11:58.917] [svulkan2] [error] OIDN Error: invalid handle
[2026-07-15 15:11:58.950] [svulkan2] [error] OIDN Error: invalid handle
[2026-07-15 15:11:58.950] [svulkan2] [error] OIDN Error: invalid handle
[2026-07-15 15:11:58.950] [svulkan2] [error] OIDN Error: invalid handle
[2026-07-15 15:11:58.982] [svulkan2] [error] OIDN Error: invalid handle
[2026-07-15 15:11:58.982] [svulkan2] [error] OIDN Error: invalid handle
[2026-07-15 15:11:58.982] [svulkan2] [error] OIDN Error: invalid handle
[2026-07-15 15:11:59.014] [svulkan2] [error] OIDN Error: invalid handle
[2026-07-15 15:11:59.014] [svulkan2] [error] OIDN Error: invalid handle
[2026-07-15 15:11:59.014] [svulkan2] [error] OIDN Error: invalid handle
[2026-07-15 15:11:59.045] [svulkan2] [error] OIDN Error: invalid handle
[2026-07-15 15:11:59.045] [svulkan2] [error] OIDN Error: invalid handle
[2026-07-15 15:11:59.045] [svulkan2] [error] OIDN Error: invalid handle
[2026-07-15 15:11:59.235] [svulkan2] [error] OIDN Error: invalid handle
[2026-07-15 15:11:59.235] [svulkan2] [error] OIDN Error: invalid handle
[2026-07-15 15:11:59.235] [svulkan2] [error] OIDN Error: invalid handle
[2026-07-15 15:11:59.266] [svulkan2] [error] OIDN Error: invalid handle
[2026-07-15 15:11:59.266] [svulkan2] [error] OIDN Error: invalid handle
[2026-07-15 15:11:59.266] [svulkan2] [error] OIDN Error: invalid handle
[2026-07-15 15:11:59.298] [svulkan2] [error] OIDN Error: invalid handle
[2026-07-15 15:11:59.298] [svulkan2] [error] OIDN Error: invalid handle
[2026-07-15 15:11:59.298] [svulkan2] [error] OIDN Error: invalid handle
[2026-07-15 15:11:59.330] [svulkan2] [error] OIDN Error: invalid handle
[2026-07-15 15:11:59.330] [svulkan2] [error] OIDN Error: invalid handle
[2026-07-15 15:11:59.330] [svulkan2] [error] OIDN Error: invalid handle
[2026-07-15 15:11:59.361] [svulkan2] [error] OIDN Error: invalid handle
[2026-07-15 15:11:59.361] [svulkan2] [error] OIDN Error: invalid handle
[2026-07-15 15:11:59.361] [svulkan2] [error] OIDN Error: invalid handle
[2026-07-15 15:11:59.393] [svulkan2] [error] OIDN Error: invalid handle
[2026-07-15 15:11:59.394] [svulkan2] [error] OIDN Error: invalid handle
[2026-07-15 15:11:59.394] [svulkan2] [error] OIDN Error: invalid handle
[2026-07-15 15:11:59.425] [svulkan2] [error] OIDN Error: invalid handle
[2026-07-15 15:11:59.426] [svulkan2] [error] OIDN Error: invalid handle
[2026-07-15 15:11:59.426] [svulkan2] [error] OIDN Error: invalid handle
[2026-07-15 15:11:59.457] [svulkan2] [error] OIDN Error: invalid handle
[2026-07-15 15:11:59.457] [svulkan2] [error] OIDN Error: invalid handle
[2026-07-15 15:11:59.457] [svulkan2] [error] OIDN Error: invalid handle
[2026-07-15 15:11:59.488] [svulkan2] [error] OIDN Error: invalid handle
[2026-07-15 15:11:59.488] [svulkan2] [error] OIDN Error: invalid handle
[2026-07-15 15:11:59.488] [svulkan2] [error] OIDN Error: invalid handle
[2026-07-15 15:11:59.520] [svulkan2] [error] OIDN Error: invalid handle
[2026-07-15 15:11:59.520] [svulkan2] [error] OIDN Error: invalid handle
[2026-07-15 15:11:59.520] [svulkan2] [error] OIDN Error: invalid handle
[2026-07-15 15:11:59.553] [svulkan2] [error] OIDN Error: invalid handle
[2026-07-15 15:11:59.553] [svulkan2] [error] OIDN Error: invalid handle
[2026-07-15 15:11:59.553] [svulkan2] [error] OIDN Error: invalid handle
[2026-07-15 15:11:59.584] [svulkan2] [error] OIDN Error: invalid handle
[2026-07-15 15:11:59.584] [svulkan2] [error] OIDN Error: invalid handle
[2026-07-15 15:11:59.584] [svulkan2] [error] OIDN Error: invalid handle
[2026-07-15 15:11:59.616] [svulkan2] [error] OIDN Error: invalid handle
[2026-07-15 15:11:59.616] [svulkan2] [error] OIDN Error: invalid handle
[2026-07-15 15:11:59.616] [svulkan2] [error] OIDN Error: invalid handle
[2026-07-15 15:11:59.647] [svulkan2] [error] OIDN Error: invalid handle
[2026-07-15 15:11:59.647] [svulkan2] [error] OIDN Error: invalid handle
[2026-07-15 15:11:59.647] [svulkan2] [error] OIDN Error: invalid handle
[2026-07-15 15:11:59.679] [svulkan2] [error] OIDN Error: invalid handle
[2026-07-15 15:11:59.679] [svulkan2] [error] OIDN Error: invalid handle
[2026-07-15 15:11:59.679] [svulkan2] [error] OIDN Error: invalid handle
[2026-07-15 15:11:59.710] [svulkan2] [error] OIDN Error: invalid handle
[2026-07-15 15:11:59.710] [svulkan2] [error] OIDN Error: invalid handle
[2026-07-15 15:11:59.710] [svulkan2] [error] OIDN Error: invalid handle
[2026-07-15 15:11:59.741] [svulkan2] [error] OIDN Error: invalid handle
[2026-07-15 15:11:59.742] [svulkan2] [error] OIDN Error: invalid handle
[2026-07-15 15:11:59.742] [svulkan2] [error] OIDN Error: invalid handle
[2026-07-15 15:11:59.773] [svulkan2] [error] OIDN Error: invalid handle
[2026-07-15 15:11:59.773] [svulkan2] [error] OIDN Error: invalid handle
[2026-07-15 15:11:59.773] [svulkan2] [error] OIDN Error: invalid handle
[2026-07-15 15:11:59.806] [svulkan2] [error] OIDN Error: invalid handle
[2026-07-15 15:11:59.806] [svulkan2] [error] OIDN Error: invalid handle
[2026-07-15 15:11:59.806] [svulkan2] [error] OIDN Error: invalid handle
[2026-07-15 15:11:59.838] [svulkan2] [error] OIDN Error: invalid handle
[2026-07-15 15:11:59.838] [svulkan2] [error] OIDN Error: invalid handle
[2026-07-15 15:11:59.838] [svulkan2] [error] OIDN Error: invalid handle
[2026-07-15 15:11:59.871] [svulkan2] [error] OIDN Error: invalid handle
[2026-07-15 15:11:59.871] [svulkan2] [error] OIDN Error: invalid handle
[2026-07-15 15:11:59.871] [svulkan2] [error] OIDN Error: invalid handle
[2026-07-15 15:11:59.905] [svulkan2] [error] OIDN Error: invalid handle
[2026-07-15 15:11:59.905] [svulkan2] [error] OIDN Error: invalid handle
[2026-07-15 15:11:59.905] [svulkan2] [error] OIDN Error: invalid handle
[2026-07-15 15:11:59.938] [svulkan2] [error] OIDN Error: invalid handle
[2026-07-15 15:11:59.938] [svulkan2] [error] OIDN Error: invalid handle
[2026-07-15 15:11:59.938] [svulkan2] [error] OIDN Error: invalid handle
[2026-07-15 15:11:59.970] [svulkan2] [error] OIDN Error: invalid handle
[2026-07-15 15:11:59.970] [svulkan2] [error] OIDN Error: invalid handle
[2026-07-15 15:11:59.970] [svulkan2] [error] OIDN Error: invalid handle
[2026-07-15 15:12:00.003] [svulkan2] [error] OIDN Error: invalid handle
[2026-07-15 15:12:00.003] [svulkan2] [error] OIDN Error: invalid handle
[2026-07-15 15:12:00.003] [svulkan2] [error] OIDN Error: invalid handle
[2026-07-15 15:12:00.036] [svulkan2] [error] OIDN Error: invalid handle
[2026-07-15 15:12:00.036] [svulkan2] [error] OIDN Error: invalid handle
[2026-07-15 15:12:00.036] [svulkan2] [error] OIDN Error: invalid handle
[2026-07-15 15:12:00.069] [svulkan2] [error] OIDN Error: invalid handle
[2026-07-15 15:12:00.069] [svulkan2] [error] OIDN Error: invalid handle
[2026-07-15 15:12:00.069] [svulkan2] [error] OIDN Error: invalid handle
[2026-07-15 15:12:00.102] [svulkan2] [error] OIDN Error: invalid handle
[2026-07-15 15:12:00.103] [svulkan2] [error] OIDN Error: invalid handle
[2026-07-15 15:12:00.103] [svulkan2] [error] OIDN Error: invalid handle
[2026-07-15 15:12:00.136] [svulkan2] [error] OIDN Error: invalid handle
[2026-07-15 15:12:00.136] [svulkan2] [error] OIDN Error: invalid handle
[2026-07-15 15:12:00.136] [svulkan2] [error] OIDN Error: invalid handle
[2026-07-15 15:12:00.170] [svulkan2] [error] OIDN Error: invalid handle
[2026-07-15 15:12:00.170] [svulkan2] [error] OIDN Error: invalid handle
[2026-07-15 15:12:00.170] [svulkan2] [error] OIDN Error: invalid handle
[2026-07-15 15:12:00.202] [svulkan2] [error] OIDN Error: invalid handle
[2026-07-15 15:12:00.202] [svulkan2] [error] OIDN Error: invalid handle
[2026-07-15 15:12:00.202] [svulkan2] [error] OIDN Error: invalid handle
[2026-07-15 15:12:00.235] [svulkan2] [error] OIDN Error: invalid handle
[2026-07-15 15:12:00.235] [svulkan2] [error] OIDN Error: invalid handle
[2026-07-15 15:12:00.235] [svulkan2] [error] OIDN Error: invalid handle
[2026-07-15 15:12:00.268] [svulkan2] [error] OIDN Error: invalid handle
[2026-07-15 15:12:00.268] [svulkan2] [error] OIDN Error: invalid handle
[2026-07-15 15:12:00.268] [svulkan2] [error] OIDN Error: invalid handle
[2026-07-15 15:12:00.300] [svulkan2] [error] OIDN Error: invalid handle
[2026-07-15 15:12:00.300] [svulkan2] [error] OIDN Error: invalid handle
[2026-07-15 15:12:00.300] [svulkan2] [error] OIDN Error: invalid handle
[2026-07-15 15:12:00.332] [svulkan2] [error] OIDN Error: invalid handle
[2026-07-15 15:12:00.332] [svulkan2] [error] OIDN Error: invalid handle
[2026-07-15 15:12:00.332] [svulkan2] [error] OIDN Error: invalid handle
[2026-07-15 15:12:00.364] [svulkan2] [error] OIDN Error: invalid handle
[2026-07-15 15:12:00.364] [svulkan2] [error] OIDN Error: invalid handle
[2026-07-15 15:12:00.364] [svulkan2] [error] OIDN Error: invalid handle
[2026-07-15 15:12:00.397] [svulkan2] [error] OIDN Error: invalid handle
[2026-07-15 15:12:00.397] [svulkan2] [error] OIDN Error: invalid handle
[2026-07-15 15:12:00.397] [svulkan2] [error] OIDN Error: invalid handle
[2026-07-15 15:12:00.428] [svulkan2] [error] OIDN Error: invalid handle
[2026-07-15 15:12:00.428] [svulkan2] [error] OIDN Error: invalid handle
[2026-07-15 15:12:00.428] [svulkan2] [error] OIDN Error: invalid handle
[2026-07-15 15:12:00.460] [svulkan2] [error] OIDN Error: invalid handle
[2026-07-15 15:12:00.460] [svulkan2] [error] OIDN Error: invalid handle
[2026-07-15 15:12:00.461] [svulkan2] [error] OIDN Error: invalid handle
[2026-07-15 15:12:00.493] [svulkan2] [error] OIDN Error: invalid handle
[2026-07-15 15:12:00.493] [svulkan2] [error] OIDN Error: invalid handle
[2026-07-15 15:12:00.493] [svulkan2] [error] OIDN Error: invalid handle
[2026-07-15 15:12:00.527] [svulkan2] [error] OIDN Error: invalid handle
[2026-07-15 15:12:00.527] [svulkan2] [error] OIDN Error: invalid handle
[2026-07-15 15:12:00.527] [svulkan2] [error] OIDN Error: invalid handle
[2026-07-15 15:12:00.562] [svulkan2] [error] OIDN Error: invalid handle
[2026-07-15 15:12:00.562] [svulkan2] [error] OIDN Error: invalid handle
[2026-07-15 15:12:00.562] [svulkan2] [error] OIDN Error: invalid handle
[2026-07-15 15:12:00.599] [svulkan2] [error] OIDN Error: invalid handle
[2026-07-15 15:12:00.599] [svulkan2] [error] OIDN Error: invalid handle
[2026-07-15 15:12:00.599] [svulkan2] [error] OIDN Error: invalid handle
[2026-07-15 15:12:00.635] [svulkan2] [error] OIDN Error: invalid handle
[2026-07-15 15:12:00.635] [svulkan2] [error] OIDN Error: invalid handle
[2026-07-15 15:12:00.635] [svulkan2] [error] OIDN Error: invalid handle
[2026-07-15 15:12:00.670] [svulkan2] [error] OIDN Error: invalid handle
[2026-07-15 15:12:00.670] [svulkan2] [error] OIDN Error: invalid handle
[2026-07-15 15:12:00.670] [svulkan2] [error] OIDN Error: invalid handle
[2026-07-15 15:12:00.706] [svulkan2] [error] OIDN Error: invalid handle
[2026-07-15 15:12:00.706] [svulkan2] [error] OIDN Error: invalid handle
[2026-07-15 15:12:00.706] [svulkan2] [error] OIDN Error: invalid handle
[2026-07-15 15:12:00.740] [svulkan2] [error] OIDN Error: invalid handle
[2026-07-15 15:12:00.740] [svulkan2] [error] OIDN Error: invalid handle
[2026-07-15 15:12:00.740] [svulkan2] [error] OIDN Error: invalid handle
[2026-07-15 15:12:00.774] [svulkan2] [error] OIDN Error: invalid handle
[2026-07-15 15:12:00.774] [svulkan2] [error] OIDN Error: invalid handle
[2026-07-15 15:12:00.774] [svulkan2] [error] OIDN Error: invalid handle
[2026-07-15 15:12:00.808] [svulkan2] [error] OIDN Error: invalid handle
[2026-07-15 15:12:00.808] [svulkan2] [error] OIDN Error: invalid handle
[2026-07-15 15:12:00.809] [svulkan2] [error] OIDN Error: invalid handle
[2026-07-15 15:12:00.842] [svulkan2] [error] OIDN Error: invalid handle
[2026-07-15 15:12:00.842] [svulkan2] [error] OIDN Error: invalid handle
[2026-07-15 15:12:00.842] [svulkan2] [error] OIDN Error: invalid handle
[2026-07-15 15:12:00.878] [svulkan2] [error] OIDN Error: invalid handle
[2026-07-15 15:12:00.878] [svulkan2] [error] OIDN Error: invalid handle
[2026-07-15 15:12:00.878] [svulkan2] [error] OIDN Error: invalid handle
[2026-07-15 15:12:00.912] [svulkan2] [error] OIDN Error: invalid handle
[2026-07-15 15:12:00.912] [svulkan2] [error] OIDN Error: invalid handle
[2026-07-15 15:12:00.912] [svulkan2] [error] OIDN Error: invalid handle
[2026-07-15 15:12:00.947] [svulkan2] [error] OIDN Error: invalid handle
[2026-07-15 15:12:00.947] [svulkan2] [error] OIDN Error: invalid handle
[2026-07-15 15:12:00.947] [svulkan2] [error] OIDN Error: invalid handle
[2026-07-15 15:12:00.982] [svulkan2] [error] OIDN Error: invalid handle
[2026-07-15 15:12:00.982] [svulkan2] [error] OIDN Error: invalid handle
[2026-07-15 15:12:00.982] [svulkan2] [error] OIDN Error: invalid handle
[2026-07-15 15:12:01.017] [svulkan2] [error] OIDN Error: invalid handle
[2026-07-15 15:12:01.017] [svulkan2] [error] OIDN Error: invalid handle
[2026-07-15 15:12:01.017] [svulkan2] [error] OIDN Error: invalid handle
[2026-07-15 15:12:01.051] [svulkan2] [error] OIDN Error: invalid handle
[2026-07-15 15:12:01.051] [svulkan2] [error] OIDN Error: invalid handle
[2026-07-15 15:12:01.051] [svulkan2] [error] OIDN Error: invalid handle
[2026-07-15 15:12:01.087] [svulkan2] [error] OIDN Error: invalid handle
[2026-07-15 15:12:01.087] [svulkan2] [error] OIDN Error: invalid handle
[2026-07-15 15:12:01.087] [svulkan2] [error] OIDN Error: invalid handle
[2026-07-15 15:12:01.122] [svulkan2] [error] OIDN Error: invalid handle
[2026-07-15 15:12:01.122] [svulkan2] [error] OIDN Error: invalid handle
[2026-07-15 15:12:01.122] [svulkan2] [error] OIDN Error: invalid handle
[2026-07-15 15:12:01.159] [svulkan2] [error] OIDN Error: invalid handle
[2026-07-15 15:12:01.159] [svulkan2] [error] OIDN Error: invalid handle
[2026-07-15 15:12:01.159] [svulkan2] [error] OIDN Error: invalid handle
[2026-07-15 15:12:01.195] [svulkan2] [error] OIDN Error: invalid handle
[2026-07-15 15:12:01.195] [svulkan2] [error] OIDN Error: invalid handle
[2026-07-15 15:12:01.195] [svulkan2] [error] OIDN Error: invalid handle
[2026-07-15 15:12:01.231] [svulkan2] [error] OIDN Error: invalid handle
[2026-07-15 15:12:01.231] [svulkan2] [error] OIDN Error: invalid handle
[2026-07-15 15:12:01.231] [svulkan2] [error] OIDN Error: invalid handle
[2026-07-15 15:12:01.269] [svulkan2] [error] OIDN Error: invalid handle
[2026-07-15 15:12:01.269] [svulkan2] [error] OIDN Error: invalid handle
[2026-07-15 15:12:01.269] [svulkan2] [error] OIDN Error: invalid handle
[2026-07-15 15:12:01.306] [svulkan2] [error] OIDN Error: invalid handle
[2026-07-15 15:12:01.306] [svulkan2] [error] OIDN Error: invalid handle
[2026-07-15 15:12:01.306] [svulkan2] [error] OIDN Error: invalid handle
[2026-07-15 15:12:01.343] [svulkan2] [error] OIDN Error: invalid handle
[2026-07-15 15:12:01.343] [svulkan2] [error] OIDN Error: invalid handle
[2026-07-15 15:12:01.343] [svulkan2] [error] OIDN Error: invalid handle
[2026-07-15 15:12:01.379] [svulkan2] [error] OIDN Error: invalid handle
[2026-07-15 15:12:01.379] [svulkan2] [error] OIDN Error: invalid handle
[2026-07-15 15:12:01.379] [svulkan2] [error] OIDN Error: invalid handle
[2026-07-15 15:12:01.417] [svulkan2] [error] OIDN Error: invalid handle
[2026-07-15 15:12:01.418] [svulkan2] [error] OIDN Error: invalid handle
[2026-07-15 15:12:01.418] [svulkan2] [error] OIDN Error: invalid handle
[2026-07-15 15:12:01.456] [svulkan2] [error] OIDN Error: invalid handle
[2026-07-15 15:12:01.456] [svulkan2] [error] OIDN Error: invalid handle
[2026-07-15 15:12:01.456] [svulkan2] [error] OIDN Error: invalid handle
[2026-07-15 15:12:01.493] [svulkan2] [error] OIDN Error: invalid handle
[2026-07-15 15:12:01.494] [svulkan2] [error] OIDN Error: invalid handle
[2026-07-15 15:12:01.494] [svulkan2] [error] OIDN Error: invalid handle
[2026-07-15 15:12:01.535] [svulkan2] [error] OIDN Error: invalid handle
[2026-07-15 15:12:01.535] [svulkan2] [error] OIDN Error: invalid handle
[2026-07-15 15:12:01.535] [svulkan2] [error] OIDN Error: invalid handle
[2026-07-15 15:12:01.570] [svulkan2] [error] OIDN Error: invalid handle
[2026-07-15 15:12:01.570] [svulkan2] [error] OIDN Error: invalid handle
[2026-07-15 15:12:01.570] [svulkan2] [error] OIDN Error: invalid handle
[2026-07-15 15:12:01.605] [svulkan2] [error] OIDN Error: invalid handle
[2026-07-15 15:12:01.605] [svulkan2] [error] OIDN Error: invalid handle
[2026-07-15 15:12:01.605] [svulkan2] [error] OIDN Error: invalid handle
[2026-07-15 15:12:01.642] [svulkan2] [error] OIDN Error: invalid handle
[2026-07-15 15:12:01.642] [svulkan2] [error] OIDN Error: invalid handle
[2026-07-15 15:12:01.642] [svulkan2] [error] OIDN Error: invalid handle
[2026-07-15 15:12:01.682] [svulkan2] [error] OIDN Error: invalid handle
[2026-07-15 15:12:01.682] [svulkan2] [error] OIDN Error: invalid handle
[2026-07-15 15:12:01.682] [svulkan2] [error] OIDN Error: invalid handle
[2026-07-15 15:12:01.722] [svulkan2] [error] OIDN Error: invalid handle
[2026-07-15 15:12:01.722] [svulkan2] [error] OIDN Error: invalid handle
[2026-07-15 15:12:01.722] [svulkan2] [error] OIDN Error: invalid handle
[2026-07-15 15:12:01.757] [svulkan2] [error] OIDN Error: invalid handle
[2026-07-15 15:12:01.757] [svulkan2] [error] OIDN Error: invalid handle
[2026-07-15 15:12:01.757] [svulkan2] [error] OIDN Error: invalid handle
[2026-07-15 15:12:01.793] [svulkan2] [error] OIDN Error: invalid handle
[2026-07-15 15:12:01.793] [svulkan2] [error] OIDN Error: invalid handle
[2026-07-15 15:12:01.793] [svulkan2] [error] OIDN Error: invalid handle
[2026-07-15 15:12:01.827] [svulkan2] [error] OIDN Error: invalid handle
[2026-07-15 15:12:01.827] [svulkan2] [error] OIDN Error: invalid handle
[2026-07-15 15:12:01.827] [svulkan2] [error] OIDN Error: invalid handle
[2026-07-15 15:12:01.903] [svulkan2] [error] OIDN Error: invalid handle
[2026-07-15 15:12:01.903] [svulkan2] [error] OIDN Error: invalid handle
[2026-07-15 15:12:01.903] [svulkan2] [error] OIDN Error: invalid handle
[2026-07-15 15:12:01.937] [svulkan2] [error] OIDN Error: invalid handle
[2026-07-15 15:12:01.937] [svulkan2] [error] OIDN Error: invalid handle
[2026-07-15 15:12:01.937] [svulkan2] [error] OIDN Error: invalid handle
[2026-07-15 15:12:01.972] [svulkan2] [error] OIDN Error: invalid handle
[2026-07-15 15:12:01.972] [svulkan2] [error] OIDN Error: invalid handle
[2026-07-15 15:12:01.972] [svulkan2] [error] OIDN Error: invalid handle
[2026-07-15 15:12:02.006] [svulkan2] [error] OIDN Error: invalid handle
[2026-07-15 15:12:02.006] [svulkan2] [error] OIDN Error: invalid handle
[2026-07-15 15:12:02.006] [svulkan2] [error] OIDN Error: invalid handle
[2026-07-15 15:12:02.039] [svulkan2] [error] OIDN Error: invalid handle
[2026-07-15 15:12:02.039] [svulkan2] [error] OIDN Error: invalid handle
[2026-07-15 15:12:02.039] [svulkan2] [error] OIDN Error: invalid handle
[2026-07-15 15:12:02.071] [svulkan2] [error] OIDN Error: invalid handle
[2026-07-15 15:12:02.071] [svulkan2] [error] OIDN Error: invalid handle
[2026-07-15 15:12:02.071] [svulkan2] [error] OIDN Error: invalid handle
[2026-07-15 15:12:02.105] [svulkan2] [error] OIDN Error: invalid handle
[2026-07-15 15:12:02.105] [svulkan2] [error] OIDN Error: invalid handle
[2026-07-15 15:12:02.105] [svulkan2] [error] OIDN Error: invalid handle
[2026-07-15 15:12:02.138] [svulkan2] [error] OIDN Error: invalid handle
[2026-07-15 15:12:02.138] [svulkan2] [error] OIDN Error: invalid handle
[2026-07-15 15:12:02.138] [svulkan2] [error] OIDN Error: invalid handle
[2026-07-15 15:12:02.170] [svulkan2] [error] OIDN Error: invalid handle
[2026-07-15 15:12:02.170] [svulkan2] [error] OIDN Error: invalid handle
[2026-07-15 15:12:02.170] [svulkan2] [error] OIDN Error: invalid handle
[2026-07-15 15:12:02.205] [svulkan2] [error] OIDN Error: invalid handle
[2026-07-15 15:12:02.205] [svulkan2] [error] OIDN Error: invalid handle
[2026-07-15 15:12:02.205] [svulkan2] [error] OIDN Error: invalid handle
[2026-07-15 15:12:02.239] [svulkan2] [error] OIDN Error: invalid handle
[2026-07-15 15:12:02.239] [svulkan2] [error] OIDN Error: invalid handle
[2026-07-15 15:12:02.239] [svulkan2] [error] OIDN Error: invalid handle
[2026-07-15 15:12:02.275] [svulkan2] [error] OIDN Error: invalid handle
[2026-07-15 15:12:02.275] [svulkan2] [error] OIDN Error: invalid handle
[2026-07-15 15:12:02.275] [svulkan2] [error] OIDN Error: invalid handle
[2026-07-15 15:12:02.311] [svulkan2] [error] OIDN Error: invalid handle
[2026-07-15 15:12:02.311] [svulkan2] [error] OIDN Error: invalid handle
[2026-07-15 15:12:02.311] [svulkan2] [error] OIDN Error: invalid handle
[2026-07-15 15:12:02.346] [svulkan2] [error] OIDN Error: invalid handle
[2026-07-15 15:12:02.346] [svulkan2] [error] OIDN Error: invalid handle
[2026-07-15 15:12:02.346] [svulkan2] [error] OIDN Error: invalid handle
[2026-07-15 15:12:02.382] [svulkan2] [error] OIDN Error: invalid handle
[2026-07-15 15:12:02.382] [svulkan2] [error] OIDN Error: invalid handle
[2026-07-15 15:12:02.382] [svulkan2] [error] OIDN Error: invalid handle
[2026-07-15 15:12:02.414] [svulkan2] [error] OIDN Error: invalid handle
[2026-07-15 15:12:02.415] [svulkan2] [error] OIDN Error: invalid handle
[2026-07-15 15:12:02.415] [svulkan2] [error] OIDN Error: invalid handle
[2026-07-15 15:12:02.449] [svulkan2] [error] OIDN Error: invalid handle
[2026-07-15 15:12:02.449] [svulkan2] [error] OIDN Error: invalid handle
[2026-07-15 15:12:02.449] [svulkan2] [error] OIDN Error: invalid handle
[2026-07-15 15:12:02.482] [svulkan2] [error] OIDN Error: invalid handle
[2026-07-15 15:12:02.482] [svulkan2] [error] OIDN Error: invalid handle
[2026-07-15 15:12:02.482] [svulkan2] [error] OIDN Error: invalid handle
[2026-07-15 15:12:02.516] [svulkan2] [error] OIDN Error: invalid handle
[2026-07-15 15:12:02.517] [svulkan2] [error] OIDN Error: invalid handle
[2026-07-15 15:12:02.517] [svulkan2] [error] OIDN Error: invalid handle
[2026-07-15 15:12:02.550] [svulkan2] [error] OIDN Error: invalid handle
[2026-07-15 15:12:02.550] [svulkan2] [error] OIDN Error: invalid handle
[2026-07-15 15:12:02.550] [svulkan2] [error] OIDN Error: invalid handle
[2026-07-15 15:12:02.584] [svulkan2] [error] OIDN Error: invalid handle
[2026-07-15 15:12:02.585] [svulkan2] [error] OIDN Error: invalid handle
[2026-07-15 15:12:02.585] [svulkan2] [error] OIDN Error: invalid handle
[2026-07-15 15:12:02.618] [svulkan2] [error] OIDN Error: invalid handle
[2026-07-15 15:12:02.618] [svulkan2] [error] OIDN Error: invalid handle
[2026-07-15 15:12:02.618] [svulkan2] [error] OIDN Error: invalid handle
[2026-07-15 15:12:02.652] [svulkan2] [error] OIDN Error: invalid handle
[2026-07-15 15:12:02.653] [svulkan2] [error] OIDN Error: invalid handle
[2026-07-15 15:12:02.653] [svulkan2] [error] OIDN Error: invalid handle
[2026-07-15 15:12:02.685] [svulkan2] [error] OIDN Error: invalid handle
[2026-07-15 15:12:02.685] [svulkan2] [error] OIDN Error: invalid handle
[2026-07-15 15:12:02.685] [svulkan2] [error] OIDN Error: invalid handle
[2026-07-15 15:12:02.723] [svulkan2] [error] OIDN Error: invalid handle
[2026-07-15 15:12:02.723] [svulkan2] [error] OIDN Error: invalid handle
[2026-07-15 15:12:02.723] [svulkan2] [error] OIDN Error: invalid handle
[2026-07-15 15:12:02.756] [svulkan2] [error] OIDN Error: invalid handle
[2026-07-15 15:12:02.756] [svulkan2] [error] OIDN Error: invalid handle
[2026-07-15 15:12:02.756] [svulkan2] [error] OIDN Error: invalid handle
[2026-07-15 15:12:02.795] [svulkan2] [error] OIDN Error: invalid handle
[2026-07-15 15:12:02.795] [svulkan2] [error] OIDN Error: invalid handle
[2026-07-15 15:12:02.795] [svulkan2] [error] OIDN Error: invalid handle
[2026-07-15 15:12:02.833] [svulkan2] [error] OIDN Error: invalid handle
[2026-07-15 15:12:02.833] [svulkan2] [error] OIDN Error: invalid handle
[2026-07-15 15:12:02.833] [svulkan2] [error] OIDN Error: invalid handle
[2026-07-15 15:12:02.872] [svulkan2] [error] OIDN Error: invalid handle
[2026-07-15 15:12:02.872] [svulkan2] [error] OIDN Error: invalid handle
[2026-07-15 15:12:02.872] [svulkan2] [error] OIDN Error: invalid handle
[2026-07-15 15:12:02.907] [svulkan2] [error] OIDN Error: invalid handle
[2026-07-15 15:12:02.907] [svulkan2] [error] OIDN Error: invalid handle
[2026-07-15 15:12:02.907] [svulkan2] [error] OIDN Error: invalid handle
[2026-07-15 15:12:02.946] [svulkan2] [error] OIDN Error: invalid handle
[2026-07-15 15:12:02.946] [svulkan2] [error] OIDN Error: invalid handle
[2026-07-15 15:12:02.946] [svulkan2] [error] OIDN Error: invalid handle
[2026-07-15 15:12:02.985] [svulkan2] [error] OIDN Error: invalid handle
[2026-07-15 15:12:02.985] [svulkan2] [error] OIDN Error: invalid handle
[2026-07-15 15:12:02.985] [svulkan2] [error] OIDN Error: invalid handle
[2026-07-15 15:12:03.023] [svulkan2] [error] OIDN Error: invalid handle
[2026-07-15 15:12:03.024] [svulkan2] [error] OIDN Error: invalid handle
[2026-07-15 15:12:03.024] [svulkan2] [error] OIDN Error: invalid handle
[2026-07-15 15:12:03.060] [svulkan2] [error] OIDN Error: invalid handle
[2026-07-15 15:12:03.060] [svulkan2] [error] OIDN Error: invalid handle
[2026-07-15 15:12:03.060] [svulkan2] [error] OIDN Error: invalid handle
[2026-07-15 15:12:03.096] [svulkan2] [error] OIDN Error: invalid handle
[2026-07-15 15:12:03.096] [svulkan2] [error] OIDN Error: invalid handle
[2026-07-15 15:12:03.096] [svulkan2] [error] OIDN Error: invalid handle
[2026-07-15 15:12:03.133] [svulkan2] [error] OIDN Error: invalid handle
[2026-07-15 15:12:03.133] [svulkan2] [error] OIDN Error: invalid handle
[2026-07-15 15:12:03.133] [svulkan2] [error] OIDN Error: invalid handle
[2026-07-15 15:12:03.169] [svulkan2] [error] OIDN Error: invalid handle
[2026-07-15 15:12:03.169] [svulkan2] [error] OIDN Error: invalid handle
[2026-07-15 15:12:03.169] [svulkan2] [error] OIDN Error: invalid handle
[2026-07-15 15:12:03.204] [svulkan2] [error] OIDN Error: invalid handle
[2026-07-15 15:12:03.204] [svulkan2] [error] OIDN Error: invalid handle
[2026-07-15 15:12:03.204] [svulkan2] [error] OIDN Error: invalid handle
[2026-07-15 15:12:03.238] [svulkan2] [error] OIDN Error: invalid handle
[2026-07-15 15:12:03.238] [svulkan2] [error] OIDN Error: invalid handle
[2026-07-15 15:12:03.238] [svulkan2] [error] OIDN Error: invalid handle
[2026-07-15 15:12:03.272] [svulkan2] [error] OIDN Error: invalid handle
[2026-07-15 15:12:03.272] [svulkan2] [error] OIDN Error: invalid handle
[2026-07-15 15:12:03.272] [svulkan2] [error] OIDN Error: invalid handle
[2026-07-15 15:12:03.305] [svulkan2] [error] OIDN Error: invalid handle
[2026-07-15 15:12:03.305] [svulkan2] [error] OIDN Error: invalid handle
[2026-07-15 15:12:03.305] [svulkan2] [error] OIDN Error: invalid handle
[2026-07-15 15:12:03.338] [svulkan2] [error] OIDN Error: invalid handle
[2026-07-15 15:12:03.338] [svulkan2] [error] OIDN Error: invalid handle
[2026-07-15 15:12:03.338] [svulkan2] [error] OIDN Error: invalid handle
[2026-07-15 15:12:03.373] [svulkan2] [error] OIDN Error: invalid handle
[2026-07-15 15:12:03.373] [svulkan2] [error] OIDN Error: invalid handle
[2026-07-15 15:12:03.373] [svulkan2] [error] OIDN Error: invalid handle
[2026-07-15 15:12:03.407] [svulkan2] [error] OIDN Error: invalid handle
[2026-07-15 15:12:03.407] [svulkan2] [error] OIDN Error: invalid handle
[2026-07-15 15:12:03.407] [svulkan2] [error] OIDN Error: invalid handle
[2026-07-15 15:12:03.441] [svulkan2] [error] OIDN Error: invalid handle
[2026-07-15 15:12:03.441] [svulkan2] [error] OIDN Error: invalid handle
[2026-07-15 15:12:03.441] [svulkan2] [error] OIDN Error: invalid handle
[2026-07-15 15:12:03.477] [svulkan2] [error] OIDN Error: invalid handle
[2026-07-15 15:12:03.477] [svulkan2] [error] OIDN Error: invalid handle
[2026-07-15 15:12:03.477] [svulkan2] [error] OIDN Error: invalid handle
[2026-07-15 15:12:03.511] [svulkan2] [error] OIDN Error: invalid handle
[2026-07-15 15:12:03.511] [svulkan2] [error] OIDN Error: invalid handle
[2026-07-15 15:12:03.511] [svulkan2] [error] OIDN Error: invalid handle
[2026-07-15 15:12:03.545] [svulkan2] [error] OIDN Error: invalid handle
[2026-07-15 15:12:03.545] [svulkan2] [error] OIDN Error: invalid handle
[2026-07-15 15:12:03.545] [svulkan2] [error] OIDN Error: invalid handle
[2026-07-15 15:12:03.579] [svulkan2] [error] OIDN Error: invalid handle
[2026-07-15 15:12:03.579] [svulkan2] [error] OIDN Error: invalid handle
[2026-07-15 15:12:03.579] [svulkan2] [error] OIDN Error: invalid handle
[2026-07-15 15:12:03.614] [svulkan2] [error] OIDN Error: invalid handle
[2026-07-15 15:12:03.614] [svulkan2] [error] OIDN Error: invalid handle
[2026-07-15 15:12:03.614] [svulkan2] [error] OIDN Error: invalid handle
[2026-07-15 15:12:03.653] [svulkan2] [error] OIDN Error: invalid handle
[2026-07-15 15:12:03.653] [svulkan2] [error] OIDN Error: invalid handle
[2026-07-15 15:12:03.653] [svulkan2] [error] OIDN Error: invalid handle
[2026-07-15 15:12:03.691] [svulkan2] [error] OIDN Error: invalid handle
[2026-07-15 15:12:03.691] [svulkan2] [error] OIDN Error: invalid handle
[2026-07-15 15:12:03.691] [svulkan2] [error] OIDN Error: invalid handle
[2026-07-15 15:12:03.727] [svulkan2] [error] OIDN Error: invalid handle
[2026-07-15 15:12:03.727] [svulkan2] [error] OIDN Error: invalid handle
[2026-07-15 15:12:03.727] [svulkan2] [error] OIDN Error: invalid handle
[2026-07-15 15:12:03.763] [svulkan2] [error] OIDN Error: invalid handle
[2026-07-15 15:12:03.763] [svulkan2] [error] OIDN Error: invalid handle
[2026-07-15 15:12:03.763] [svulkan2] [error] OIDN Error: invalid handle
[2026-07-15 15:12:03.799] [svulkan2] [error] OIDN Error: invalid handle
[2026-07-15 15:12:03.799] [svulkan2] [error] OIDN Error: invalid handle
[2026-07-15 15:12:03.799] [svulkan2] [error] OIDN Error: invalid handle
[2026-07-15 15:12:03.833] [svulkan2] [error] OIDN Error: invalid handle
[2026-07-15 15:12:03.833] [svulkan2] [error] OIDN Error: invalid handle
[2026-07-15 15:12:03.834] [svulkan2] [error] OIDN Error: invalid handle
[2026-07-15 15:12:03.869] [svulkan2] [error] OIDN Error: invalid handle
[2026-07-15 15:12:03.869] [svulkan2] [error] OIDN Error: invalid handle
[2026-07-15 15:12:03.869] [svulkan2] [error] OIDN Error: invalid handle
[2026-07-15 15:12:03.905] [svulkan2] [error] OIDN Error: invalid handle
[2026-07-15 15:12:03.906] [svulkan2] [error] OIDN Error: invalid handle
[2026-07-15 15:12:03.906] [svulkan2] [error] OIDN Error: invalid handle
[2026-07-15 15:12:03.939] [svulkan2] [error] OIDN Error: invalid handle
[2026-07-15 15:12:03.939] [svulkan2] [error] OIDN Error: invalid handle
[2026-07-15 15:12:03.939] [svulkan2] [error] OIDN Error: invalid handle
[2026-07-15 15:12:03.973] [svulkan2] [error] OIDN Error: invalid handle
[2026-07-15 15:12:03.973] [svulkan2] [error] OIDN Error: invalid handle
[2026-07-15 15:12:03.973] [svulkan2] [error] OIDN Error: invalid handle
[2026-07-15 15:12:04.007] [svulkan2] [error] OIDN Error: invalid handle
[2026-07-15 15:12:04.007] [svulkan2] [error] OIDN Error: invalid handle
[2026-07-15 15:12:04.008] [svulkan2] [error] OIDN Error: invalid handle
[2026-07-15 15:12:04.042] [svulkan2] [error] OIDN Error: invalid handle
[2026-07-15 15:12:04.042] [svulkan2] [error] OIDN Error: invalid handle
[2026-07-15 15:12:04.042] [svulkan2] [error] OIDN Error: invalid handle
[2026-07-15 15:12:04.077] [svulkan2] [error] OIDN Error: invalid handle
[2026-07-15 15:12:04.077] [svulkan2] [error] OIDN Error: invalid handle
[2026-07-15 15:12:04.077] [svulkan2] [error] OIDN Error: invalid handle
[2026-07-15 15:12:04.110] [svulkan2] [error] OIDN Error: invalid handle
[2026-07-15 15:12:04.110] [svulkan2] [error] OIDN Error: invalid handle
[2026-07-15 15:12:04.110] [svulkan2] [error] OIDN Error: invalid handle
[2026-07-15 15:12:04.144] [svulkan2] [error] OIDN Error: invalid handle
[2026-07-15 15:12:04.144] [svulkan2] [error] OIDN Error: invalid handle
[2026-07-15 15:12:04.144] [svulkan2] [error] OIDN Error: invalid handle
[2026-07-15 15:12:04.177] [svulkan2] [error] OIDN Error: invalid handle
[2026-07-15 15:12:04.177] [svulkan2] [error] OIDN Error: invalid handle
[2026-07-15 15:12:04.177] [svulkan2] [error] OIDN Error: invalid handle
[2026-07-15 15:12:04.209] [svulkan2] [error] OIDN Error: invalid handle
[2026-07-15 15:12:04.209] [svulkan2] [error] OIDN Error: invalid handle
[2026-07-15 15:12:04.209] [svulkan2] [error] OIDN Error: invalid handle
[2026-07-15 15:12:04.241] [svulkan2] [error] OIDN Error: invalid handle
[2026-07-15 15:12:04.241] [svulkan2] [error] OIDN Error: invalid handle
[2026-07-15 15:12:04.242] [svulkan2] [error] OIDN Error: invalid handle
[2026-07-15 15:12:04.275] [svulkan2] [error] OIDN Error: invalid handle
[2026-07-15 15:12:04.276] [svulkan2] [error] OIDN Error: invalid handle
[2026-07-15 15:12:04.276] [svulkan2] [error] OIDN Error: invalid handle
[2026-07-15 15:12:04.310] [svulkan2] [error] OIDN Error: invalid handle
[2026-07-15 15:12:04.310] [svulkan2] [error] OIDN Error: invalid handle
[2026-07-15 15:12:04.310] [svulkan2] [error] OIDN Error: invalid handle
[2026-07-15 15:12:04.344] [svulkan2] [error] OIDN Error: invalid handle
[2026-07-15 15:12:04.344] [svulkan2] [error] OIDN Error: invalid handle
[2026-07-15 15:12:04.344] [svulkan2] [error] OIDN Error: invalid handle
[2026-07-15 15:12:04.378] [svulkan2] [error] OIDN Error: invalid handle
[2026-07-15 15:12:04.378] [svulkan2] [error] OIDN Error: invalid handle
[2026-07-15 15:12:04.378] [svulkan2] [error] OIDN Error: invalid handle
[2026-07-15 15:12:04.412] [svulkan2] [error] OIDN Error: invalid handle
[2026-07-15 15:12:04.412] [svulkan2] [error] OIDN Error: invalid handle
[2026-07-15 15:12:04.412] [svulkan2] [error] OIDN Error: invalid handle
[2026-07-15 15:12:04.446] [svulkan2] [error] OIDN Error: invalid handle
[2026-07-15 15:12:04.446] [svulkan2] [error] OIDN Error: invalid handle
[2026-07-15 15:12:04.446] [svulkan2] [error] OIDN Error: invalid handle
[2026-07-15 15:12:04.480] [svulkan2] [error] OIDN Error: invalid handle
[2026-07-15 15:12:04.480] [svulkan2] [error] OIDN Error: invalid handle
[2026-07-15 15:12:04.480] [svulkan2] [error] OIDN Error: invalid handle
[2026-07-15 15:12:04.514] [svulkan2] [error] OIDN Error: invalid handle
[2026-07-15 15:12:04.514] [svulkan2] [error] OIDN Error: invalid handle
[2026-07-15 15:12:04.514] [svulkan2] [error] OIDN Error: invalid handle
[2026-07-15 15:12:04.548] [svulkan2] [error] OIDN Error: invalid handle
[2026-07-15 15:12:04.548] [svulkan2] [error] OIDN Error: invalid handle
[2026-07-15 15:12:04.548] [svulkan2] [error] OIDN Error: invalid handle
[2026-07-15 15:12:04.581] [svulkan2] [error] OIDN Error: invalid handle
[2026-07-15 15:12:04.581] [svulkan2] [error] OIDN Error: invalid handle
[2026-07-15 15:12:04.581] [svulkan2] [error] OIDN Error: invalid handle
[2026-07-15 15:12:04.615] [svulkan2] [error] OIDN Error: invalid handle
[2026-07-15 15:12:04.615] [svulkan2] [error] OIDN Error: invalid handle
[2026-07-15 15:12:04.615] [svulkan2] [error] OIDN Error: invalid handle
[2026-07-15 15:12:04.649] [svulkan2] [error] OIDN Error: invalid handle
[2026-07-15 15:12:04.649] [svulkan2] [error] OIDN Error: invalid handle
[2026-07-15 15:12:04.649] [svulkan2] [error] OIDN Error: invalid handle
[2026-07-15 15:12:04.683] [svulkan2] [error] OIDN Error: invalid handle
[2026-07-15 15:12:04.683] [svulkan2] [error] OIDN Error: invalid handle
[2026-07-15 15:12:04.683] [svulkan2] [error] OIDN Error: invalid handle
[2026-07-15 15:12:04.717] [svulkan2] [error] OIDN Error: invalid handle
[2026-07-15 15:12:04.717] [svulkan2] [error] OIDN Error: invalid handle
[2026-07-15 15:12:04.718] [svulkan2] [error] OIDN Error: invalid handle
[2026-07-15 15:12:04.751] [svulkan2] [error] OIDN Error: invalid handle
[2026-07-15 15:12:04.752] [svulkan2] [error] OIDN Error: invalid handle
[2026-07-15 15:12:04.752] [svulkan2] [error] OIDN Error: invalid handle
[2026-07-15 15:12:04.785] [svulkan2] [error] OIDN Error: invalid handle
[2026-07-15 15:12:04.786] [svulkan2] [error] OIDN Error: invalid handle
[2026-07-15 15:12:04.786] [svulkan2] [error] OIDN Error: invalid handle
[2026-07-15 15:12:04.819] [svulkan2] [error] OIDN Error: invalid handle
[2026-07-15 15:12:04.819] [svulkan2] [error] OIDN Error: invalid handle
[2026-07-15 15:12:04.819] [svulkan2] [error] OIDN Error: invalid handle
[2026-07-15 15:12:04.852] [svulkan2] [error] OIDN Error: invalid handle
[2026-07-15 15:12:04.852] [svulkan2] [error] OIDN Error: invalid handle
[2026-07-15 15:12:04.852] [svulkan2] [error] OIDN Error: invalid handle
[2026-07-15 15:12:04.886] [svulkan2] [error] OIDN Error: invalid handle
[2026-07-15 15:12:04.886] [svulkan2] [error] OIDN Error: invalid handle
[2026-07-15 15:12:04.886] [svulkan2] [error] OIDN Error: invalid handle
[2026-07-15 15:12:04.920] [svulkan2] [error] OIDN Error: invalid handle
[2026-07-15 15:12:04.921] [svulkan2] [error] OIDN Error: invalid handle
[2026-07-15 15:12:04.921] [svulkan2] [error] OIDN Error: invalid handle
[2026-07-15 15:12:04.955] [svulkan2] [error] OIDN Error: invalid handle
[2026-07-15 15:12:04.955] [svulkan2] [error] OIDN Error: invalid handle
[2026-07-15 15:12:04.955] [svulkan2] [error] OIDN Error: invalid handle
[2026-07-15 15:12:04.988] [svulkan2] [error] OIDN Error: invalid handle
[2026-07-15 15:12:04.988] [svulkan2] [error] OIDN Error: invalid handle
[2026-07-15 15:12:04.988] [svulkan2] [error] OIDN Error: invalid handle
[2026-07-15 15:12:05.022] [svulkan2] [error] OIDN Error: invalid handle
[2026-07-15 15:12:05.022] [svulkan2] [error] OIDN Error: invalid handle
[2026-07-15 15:12:05.022] [svulkan2] [error] OIDN Error: invalid handle
[2026-07-15 15:12:05.055] [svulkan2] [error] OIDN Error: invalid handle
[2026-07-15 15:12:05.055] [svulkan2] [error] OIDN Error: invalid handle
[2026-07-15 15:12:05.055] [svulkan2] [error] OIDN Error: invalid handle
[2026-07-15 15:12:05.089] [svulkan2] [error] OIDN Error: invalid handle
[2026-07-15 15:12:05.089] [svulkan2] [error] OIDN Error: invalid handle
[2026-07-15 15:12:05.089] [svulkan2] [error] OIDN Error: invalid handle
[2026-07-15 15:12:05.123] [svulkan2] [error] OIDN Error: invalid handle
[2026-07-15 15:12:05.123] [svulkan2] [error] OIDN Error: invalid handle
[2026-07-15 15:12:05.123] [svulkan2] [error] OIDN Error: invalid handle
[2026-07-15 15:12:05.157] [svulkan2] [error] OIDN Error: invalid handle
[2026-07-15 15:12:05.157] [svulkan2] [error] OIDN Error: invalid handle
[2026-07-15 15:12:05.157] [svulkan2] [error] OIDN Error: invalid handle
[2026-07-15 15:12:05.191] [svulkan2] [error] OIDN Error: invalid handle
[2026-07-15 15:12:05.191] [svulkan2] [error] OIDN Error: invalid handle
[2026-07-15 15:12:05.191] [svulkan2] [error] OIDN Error: invalid handle
[2026-07-15 15:12:05.225] [svulkan2] [error] OIDN Error: invalid handle
[2026-07-15 15:12:05.225] [svulkan2] [error] OIDN Error: invalid handle
[2026-07-15 15:12:05.225] [svulkan2] [error] OIDN Error: invalid handle
[2026-07-15 15:12:05.258] [svulkan2] [error] OIDN Error: invalid handle
[2026-07-15 15:12:05.258] [svulkan2] [error] OIDN Error: invalid handle
[2026-07-15 15:12:05.258] [svulkan2] [error] OIDN Error: invalid handle
[2026-07-15 15:12:05.292] [svulkan2] [error] OIDN Error: invalid handle
[2026-07-15 15:12:05.292] [svulkan2] [error] OIDN Error: invalid handle
[2026-07-15 15:12:05.292] [svulkan2] [error] OIDN Error: invalid handle
[2026-07-15 15:12:05.325] [svulkan2] [error] OIDN Error: invalid handle
[2026-07-15 15:12:05.325] [svulkan2] [error] OIDN Error: invalid handle
[2026-07-15 15:12:05.325] [svulkan2] [error] OIDN Error: invalid handle
[2026-07-15 15:12:05.359] [svulkan2] [error] OIDN Error: invalid handle
[2026-07-15 15:12:05.359] [svulkan2] [error] OIDN Error: invalid handle
[2026-07-15 15:12:05.359] [svulkan2] [error] OIDN Error: invalid handle
[2026-07-15 15:12:05.393] [svulkan2] [error] OIDN Error: invalid handle
[2026-07-15 15:12:05.393] [svulkan2] [error] OIDN Error: invalid handle
[2026-07-15 15:12:05.393] [svulkan2] [error] OIDN Error: invalid handle
[2026-07-15 15:12:05.427] [svulkan2] [error] OIDN Error: invalid handle
[2026-07-15 15:12:05.427] [svulkan2] [error] OIDN Error: invalid handle
[2026-07-15 15:12:05.427] [svulkan2] [error] OIDN Error: invalid handle
[2026-07-15 15:12:05.460] [svulkan2] [error] OIDN Error: invalid handle
[2026-07-15 15:12:05.460] [svulkan2] [error] OIDN Error: invalid handle
[2026-07-15 15:12:05.460] [svulkan2] [error] OIDN Error: invalid handle
[2026-07-15 15:12:05.494] [svulkan2] [error] OIDN Error: invalid handle
[2026-07-15 15:12:05.494] [svulkan2] [error] OIDN Error: invalid handle
[2026-07-15 15:12:05.494] [svulkan2] [error] OIDN Error: invalid handle
[2026-07-15 15:12:05.529] [svulkan2] [error] OIDN Error: invalid handle
[2026-07-15 15:12:05.529] [svulkan2] [error] OIDN Error: invalid handle
[2026-07-15 15:12:05.529] [svulkan2] [error] OIDN Error: invalid handle
[2026-07-15 15:12:05.561] [svulkan2] [error] OIDN Error: invalid handle
[2026-07-15 15:12:05.561] [svulkan2] [error] OIDN Error: invalid handle
[2026-07-15 15:12:05.561] [svulkan2] [error] OIDN Error: invalid handle
[2026-07-15 15:12:05.594] [svulkan2] [error] OIDN Error: invalid handle
[2026-07-15 15:12:05.594] [svulkan2] [error] OIDN Error: invalid handle
[2026-07-15 15:12:05.594] [svulkan2] [error] OIDN Error: invalid handle
[2026-07-15 15:12:05.627] [svulkan2] [error] OIDN Error: invalid handle
[2026-07-15 15:12:05.628] [svulkan2] [error] OIDN Error: invalid handle
[2026-07-15 15:12:05.628] [svulkan2] [error] OIDN Error: invalid handle
[2026-07-15 15:12:05.662] [svulkan2] [error] OIDN Error: invalid handle
[2026-07-15 15:12:05.662] [svulkan2] [error] OIDN Error: invalid handle
[2026-07-15 15:12:05.662] [svulkan2] [error] OIDN Error: invalid handle
[2026-07-15 15:12:05.695] [svulkan2] [error] OIDN Error: invalid handle
[2026-07-15 15:12:05.695] [svulkan2] [error] OIDN Error: invalid handle
[2026-07-15 15:12:05.695] [svulkan2] [error] OIDN Error: invalid handle
[2026-07-15 15:12:05.729] [svulkan2] [error] OIDN Error: invalid handle
[2026-07-15 15:12:05.729] [svulkan2] [error] OIDN Error: invalid handle
[2026-07-15 15:12:05.729] [svulkan2] [error] OIDN Error: invalid handle
[2026-07-15 15:12:05.762] [svulkan2] [error] OIDN Error: invalid handle
[2026-07-15 15:12:05.762] [svulkan2] [error] OIDN Error: invalid handle
[2026-07-15 15:12:05.762] [svulkan2] [error] OIDN Error: invalid handle
[2026-07-15 15:12:05.795] [svulkan2] [error] OIDN Error: invalid handle
[2026-07-15 15:12:05.795] [svulkan2] [error] OIDN Error: invalid handle
[2026-07-15 15:12:05.795] [svulkan2] [error] OIDN Error: invalid handle
[2026-07-15 15:12:05.828] [svulkan2] [error] OIDN Error: invalid handle
[2026-07-15 15:12:05.828] [svulkan2] [error] OIDN Error: invalid handle
[2026-07-15 15:12:05.828] [svulkan2] [error] OIDN Error: invalid handle
[2026-07-15 15:12:05.861] [svulkan2] [error] OIDN Error: invalid handle
[2026-07-15 15:12:05.861] [svulkan2] [error] OIDN Error: invalid handle
[2026-07-15 15:12:05.861] [svulkan2] [error] OIDN Error: invalid handle
[2026-07-15 15:12:05.894] [svulkan2] [error] OIDN Error: invalid handle
[2026-07-15 15:12:05.894] [svulkan2] [error] OIDN Error: invalid handle
[2026-07-15 15:12:05.894] [svulkan2] [error] OIDN Error: invalid handle
[2026-07-15 15:12:05.928] [svulkan2] [error] OIDN Error: invalid handle
[2026-07-15 15:12:05.928] [svulkan2] [error] OIDN Error: invalid handle
[2026-07-15 15:12:05.928] [svulkan2] [error] OIDN Error: invalid handle
[2026-07-15 15:12:05.960] [svulkan2] [error] OIDN Error: invalid handle
[2026-07-15 15:12:05.960] [svulkan2] [error] OIDN Error: invalid handle
[2026-07-15 15:12:05.960] [svulkan2] [error] OIDN Error: invalid handle
[2026-07-15 15:12:05.993] [svulkan2] [error] OIDN Error: invalid handle
[2026-07-15 15:12:05.993] [svulkan2] [error] OIDN Error: invalid handle
[2026-07-15 15:12:05.993] [svulkan2] [error] OIDN Error: invalid handle
[2026-07-15 15:12:06.025] [svulkan2] [error] OIDN Error: invalid handle
[2026-07-15 15:12:06.025] [svulkan2] [error] OIDN Error: invalid handle
[2026-07-15 15:12:06.026] [svulkan2] [error] OIDN Error: invalid handle
[2026-07-15 15:12:06.059] [svulkan2] [error] OIDN Error: invalid handle
[2026-07-15 15:12:06.059] [svulkan2] [error] OIDN Error: invalid handle
[2026-07-15 15:12:06.059] [svulkan2] [error] OIDN Error: invalid handle
[2026-07-15 15:12:06.092] [svulkan2] [error] OIDN Error: invalid handle
[2026-07-15 15:12:06.092] [svulkan2] [error] OIDN Error: invalid handle
[2026-07-15 15:12:06.092] [svulkan2] [error] OIDN Error: invalid handle
[2026-07-15 15:12:06.126] [svulkan2] [error] OIDN Error: invalid handle
[2026-07-15 15:12:06.126] [svulkan2] [error] OIDN Error: invalid handle
[2026-07-15 15:12:06.126] [svulkan2] [error] OIDN Error: invalid handle
[2026-07-15 15:12:06.159] [svulkan2] [error] OIDN Error: invalid handle
[2026-07-15 15:12:06.159] [svulkan2] [error] OIDN Error: invalid handle
[2026-07-15 15:12:06.159] [svulkan2] [error] OIDN Error: invalid handle
[2026-07-15 15:12:06.191] [svulkan2] [error] OIDN Error: invalid handle
[2026-07-15 15:12:06.191] [svulkan2] [error] OIDN Error: invalid handle
[2026-07-15 15:12:06.191] [svulkan2] [error] OIDN Error: invalid handle
[2026-07-15 15:12:06.224] [svulkan2] [error] OIDN Error: invalid handle
[2026-07-15 15:12:06.224] [svulkan2] [error] OIDN Error: invalid handle
[2026-07-15 15:12:06.224] [svulkan2] [error] OIDN Error: invalid handle
[2026-07-15 15:12:06.258] [svulkan2] [error] OIDN Error: invalid handle
[2026-07-15 15:12:06.258] [svulkan2] [error] OIDN Error: invalid handle
[2026-07-15 15:12:06.258] [svulkan2] [error] OIDN Error: invalid handle
[2026-07-15 15:12:06.291] [svulkan2] [error] OIDN Error: invalid handle
[2026-07-15 15:12:06.291] [svulkan2] [error] OIDN Error: invalid handle
[2026-07-15 15:12:06.291] [svulkan2] [error] OIDN Error: invalid handle
[2026-07-15 15:12:06.324] [svulkan2] [error] OIDN Error: invalid handle
[2026-07-15 15:12:06.324] [svulkan2] [error] OIDN Error: invalid handle
[2026-07-15 15:12:06.324] [svulkan2] [error] OIDN Error: invalid handle
[2026-07-15 15:12:06.356] [svulkan2] [error] OIDN Error: invalid handle
[2026-07-15 15:12:06.356] [svulkan2] [error] OIDN Error: invalid handle
[2026-07-15 15:12:06.356] [svulkan2] [error] OIDN Error: invalid handle
[2026-07-15 15:12:06.389] [svulkan2] [error] OIDN Error: invalid handle
[2026-07-15 15:12:06.389] [svulkan2] [error] OIDN Error: invalid handle
[2026-07-15 15:12:06.389] [svulkan2] [error] OIDN Error: invalid handle
[2026-07-15 15:12:06.422] [svulkan2] [error] OIDN Error: invalid handle
[2026-07-15 15:12:06.422] [svulkan2] [error] OIDN Error: invalid handle
[2026-07-15 15:12:06.422] [svulkan2] [error] OIDN Error: invalid handle
[2026-07-15 15:12:06.455] [svulkan2] [error] OIDN Error: invalid handle
[2026-07-15 15:12:06.455] [svulkan2] [error] OIDN Error: invalid handle
[2026-07-15 15:12:06.455] [svulkan2] [error] OIDN Error: invalid handle
[2026-07-15 15:12:06.487] [svulkan2] [error] OIDN Error: invalid handle
[2026-07-15 15:12:06.488] [svulkan2] [error] OIDN Error: invalid handle
[2026-07-15 15:12:06.488] [svulkan2] [error] OIDN Error: invalid handle
[2026-07-15 15:12:06.521] [svulkan2] [error] OIDN Error: invalid handle
[2026-07-15 15:12:06.521] [svulkan2] [error] OIDN Error: invalid handle
[2026-07-15 15:12:06.521] [svulkan2] [error] OIDN Error: invalid handle
[2026-07-15 15:12:06.554] [svulkan2] [error] OIDN Error: invalid handle
[2026-07-15 15:12:06.554] [svulkan2] [error] OIDN Error: invalid handle
[2026-07-15 15:12:06.555] [svulkan2] [error] OIDN Error: invalid handle
[2026-07-15 15:12:06.588] [svulkan2] [error] OIDN Error: invalid handle
[2026-07-15 15:12:06.588] [svulkan2] [error] OIDN Error: invalid handle
[2026-07-15 15:12:06.588] [svulkan2] [error] OIDN Error: invalid handle
[2026-07-15 15:12:06.621] [svulkan2] [error] OIDN Error: invalid handle
[2026-07-15 15:12:06.621] [svulkan2] [error] OIDN Error: invalid handle
[2026-07-15 15:12:06.621] [svulkan2] [error] OIDN Error: invalid handle
[2026-07-15 15:12:06.654] [svulkan2] [error] OIDN Error: invalid handle
[2026-07-15 15:12:06.654] [svulkan2] [error] OIDN Error: invalid handle
[2026-07-15 15:12:06.654] [svulkan2] [error] OIDN Error: invalid handle
[2026-07-15 15:12:06.686] [svulkan2] [error] OIDN Error: invalid handle
[2026-07-15 15:12:06.686] [svulkan2] [error] OIDN Error: invalid handle
[2026-07-15 15:12:06.686] [svulkan2] [error] OIDN Error: invalid handle
[2026-07-15 15:12:06.719] [svulkan2] [error] OIDN Error: invalid handle
[2026-07-15 15:12:06.719] [svulkan2] [error] OIDN Error: invalid handle
[2026-07-15 15:12:06.719] [svulkan2] [error] OIDN Error: invalid handle
[2026-07-15 15:12:06.751] [svulkan2] [error] OIDN Error: invalid handle
[2026-07-15 15:12:06.751] [svulkan2] [error] OIDN Error: invalid handle
[2026-07-15 15:12:06.751] [svulkan2] [error] OIDN Error: invalid handle
[2026-07-15 15:12:06.828] [svulkan2] [error] OIDN Error: invalid handle
[2026-07-15 15:12:06.828] [svulkan2] [error] OIDN Error: invalid handle
[2026-07-15 15:12:06.828] [svulkan2] [error] OIDN Error: invalid handle
[2026-07-15 15:12:06.860] [svulkan2] [error] OIDN Error: invalid handle
[2026-07-15 15:12:06.860] [svulkan2] [error] OIDN Error: invalid handle
[2026-07-15 15:12:06.860] [svulkan2] [error] OIDN Error: invalid handle
[2026-07-15 15:12:06.893] [svulkan2] [error] OIDN Error: invalid handle
[2026-07-15 15:12:06.893] [svulkan2] [error] OIDN Error: invalid handle
[2026-07-15 15:12:06.893] [svulkan2] [error] OIDN Error: invalid handle
[2026-07-15 15:12:06.928] [svulkan2] [error] OIDN Error: invalid handle
[2026-07-15 15:12:06.928] [svulkan2] [error] OIDN Error: invalid handle
[2026-07-15 15:12:06.928] [svulkan2] [error] OIDN Error: invalid handle
[2026-07-15 15:12:06.962] [svulkan2] [error] OIDN Error: invalid handle
[2026-07-15 15:12:06.962] [svulkan2] [error] OIDN Error: invalid handle
[2026-07-15 15:12:06.962] [svulkan2] [error] OIDN Error: invalid handle
[2026-07-15 15:12:06.996] [svulkan2] [error] OIDN Error: invalid handle
[2026-07-15 15:12:06.996] [svulkan2] [error] OIDN Error: invalid handle
[2026-07-15 15:12:06.996] [svulkan2] [error] OIDN Error: invalid handle
[2026-07-15 15:12:07.029] [svulkan2] [error] OIDN Error: invalid handle
[2026-07-15 15:12:07.029] [svulkan2] [error] OIDN Error: invalid handle
[2026-07-15 15:12:07.029] [svulkan2] [error] OIDN Error: invalid handle
[2026-07-15 15:12:07.063] [svulkan2] [error] OIDN Error: invalid handle
[2026-07-15 15:12:07.063] [svulkan2] [error] OIDN Error: invalid handle
[2026-07-15 15:12:07.063] [svulkan2] [error] OIDN Error: invalid handle
[2026-07-15 15:12:07.096] [svulkan2] [error] OIDN Error: invalid handle
[2026-07-15 15:12:07.096] [svulkan2] [error] OIDN Error: invalid handle
[2026-07-15 15:12:07.096] [svulkan2] [error] OIDN Error: invalid handle
[2026-07-15 15:12:07.131] [svulkan2] [error] OIDN Error: invalid handle
[2026-07-15 15:12:07.131] [svulkan2] [error] OIDN Error: invalid handle
[2026-07-15 15:12:07.131] [svulkan2] [error] OIDN Error: invalid handle
[2026-07-15 15:12:07.168] [svulkan2] [error] OIDN Error: invalid handle
[2026-07-15 15:12:07.168] [svulkan2] [error] OIDN Error: invalid handle
[2026-07-15 15:12:07.168] [svulkan2] [error] OIDN Error: invalid handle
[2026-07-15 15:12:07.206] [svulkan2] [error] OIDN Error: invalid handle
[2026-07-15 15:12:07.206] [svulkan2] [error] OIDN Error: invalid handle
[2026-07-15 15:12:07.206] [svulkan2] [error] OIDN Error: invalid handle
[2026-07-15 15:12:07.242] [svulkan2] [error] OIDN Error: invalid handle
[2026-07-15 15:12:07.242] [svulkan2] [error] OIDN Error: invalid handle
[2026-07-15 15:12:07.242] [svulkan2] [error] OIDN Error: invalid handle
[2026-07-15 15:12:07.277] [svulkan2] [error] OIDN Error: invalid handle
[2026-07-15 15:12:07.277] [svulkan2] [error] OIDN Error: invalid handle
[2026-07-15 15:12:07.277] [svulkan2] [error] OIDN Error: invalid handle
[2026-07-15 15:12:07.311] [svulkan2] [error] OIDN Error: invalid handle
[2026-07-15 15:12:07.311] [svulkan2] [error] OIDN Error: invalid handle
[2026-07-15 15:12:07.311] [svulkan2] [error] OIDN Error: invalid handle
[2026-07-15 15:12:07.345] [svulkan2] [error] OIDN Error: invalid handle
[2026-07-15 15:12:07.345] [svulkan2] [error] OIDN Error: invalid handle
[2026-07-15 15:12:07.345] [svulkan2] [error] OIDN Error: invalid handle
[2026-07-15 15:12:07.378] [svulkan2] [error] OIDN Error: invalid handle
[2026-07-15 15:12:07.378] [svulkan2] [error] OIDN Error: invalid handle
[2026-07-15 15:12:07.378] [svulkan2] [error] OIDN Error: invalid handle
[2026-07-15 15:12:07.412] [svulkan2] [error] OIDN Error: invalid handle
[2026-07-15 15:12:07.412] [svulkan2] [error] OIDN Error: invalid handle
[2026-07-15 15:12:07.412] [svulkan2] [error] OIDN Error: invalid handle
[2026-07-15 15:12:07.447] [svulkan2] [error] OIDN Error: invalid handle
[2026-07-15 15:12:07.447] [svulkan2] [error] OIDN Error: invalid handle
[2026-07-15 15:12:07.447] [svulkan2] [error] OIDN Error: invalid handle
[2026-07-15 15:12:07.483] [svulkan2] [error] OIDN Error: invalid handle
[2026-07-15 15:12:07.483] [svulkan2] [error] OIDN Error: invalid handle
[2026-07-15 15:12:07.483] [svulkan2] [error] OIDN Error: invalid handle
[2026-07-15 15:12:07.517] [svulkan2] [error] OIDN Error: invalid handle
[2026-07-15 15:12:07.517] [svulkan2] [error] OIDN Error: invalid handle
[2026-07-15 15:12:07.517] [svulkan2] [error] OIDN Error: invalid handle
[2026-07-15 15:12:07.551] [svulkan2] [error] OIDN Error: invalid handle
[2026-07-15 15:12:07.551] [svulkan2] [error] OIDN Error: invalid handle
[2026-07-15 15:12:07.551] [svulkan2] [error] OIDN Error: invalid handle
[2026-07-15 15:12:07.584] [svulkan2] [error] OIDN Error: invalid handle
[2026-07-15 15:12:07.584] [svulkan2] [error] OIDN Error: invalid handle
[2026-07-15 15:12:07.584] [svulkan2] [error] OIDN Error: invalid handle
[2026-07-15 15:12:07.618] [svulkan2] [error] OIDN Error: invalid handle
[2026-07-15 15:12:07.618] [svulkan2] [error] OIDN Error: invalid handle
[2026-07-15 15:12:07.618] [svulkan2] [error] OIDN Error: invalid handle
[2026-07-15 15:12:07.651] [svulkan2] [error] OIDN Error: invalid handle
[2026-07-15 15:12:07.652] [svulkan2] [error] OIDN Error: invalid handle
[2026-07-15 15:12:07.652] [svulkan2] [error] OIDN Error: invalid handle
[2026-07-15 15:12:07.685] [svulkan2] [error] OIDN Error: invalid handle
[2026-07-15 15:12:07.685] [svulkan2] [error] OIDN Error: invalid handle
[2026-07-15 15:12:07.685] [svulkan2] [error] OIDN Error: invalid handle
[2026-07-15 15:12:07.717] [svulkan2] [error] OIDN Error: invalid handle
[2026-07-15 15:12:07.717] [svulkan2] [error] OIDN Error: invalid handle
[2026-07-15 15:12:07.717] [svulkan2] [error] OIDN Error: invalid handle
[2026-07-15 15:12:07.750] [svulkan2] [error] OIDN Error: invalid handle
[2026-07-15 15:12:07.750] [svulkan2] [error] OIDN Error: invalid handle
[2026-07-15 15:12:07.750] [svulkan2] [error] OIDN Error: invalid handle
[2026-07-15 15:12:07.782] [svulkan2] [error] OIDN Error: invalid handle
[2026-07-15 15:12:07.782] [svulkan2] [error] OIDN Error: invalid handle
[2026-07-15 15:12:07.782] [svulkan2] [error] OIDN Error: invalid handle
[2026-07-15 15:12:07.816] [svulkan2] [error] OIDN Error: invalid handle
[2026-07-15 15:12:07.816] [svulkan2] [error] OIDN Error: invalid handle
[2026-07-15 15:12:07.816] [svulkan2] [error] OIDN Error: invalid handle
[2026-07-15 15:12:07.849] [svulkan2] [error] OIDN Error: invalid handle
[2026-07-15 15:12:07.849] [svulkan2] [error] OIDN Error: invalid handle
[2026-07-15 15:12:07.849] [svulkan2] [error] OIDN Error: invalid handle
[2026-07-15 15:12:07.881] [svulkan2] [error] OIDN Error: invalid handle
[2026-07-15 15:12:07.881] [svulkan2] [error] OIDN Error: invalid handle
[2026-07-15 15:12:07.881] [svulkan2] [error] OIDN Error: invalid handle
[2026-07-15 15:12:07.914] [svulkan2] [error] OIDN Error: invalid handle
[2026-07-15 15:12:07.914] [svulkan2] [error] OIDN Error: invalid handle
[2026-07-15 15:12:07.914] [svulkan2] [error] OIDN Error: invalid handle
[2026-07-15 15:12:07.945] [svulkan2] [error] OIDN Error: invalid handle
[2026-07-15 15:12:07.945] [svulkan2] [error] OIDN Error: invalid handle
[2026-07-15 15:12:07.945] [svulkan2] [error] OIDN Error: invalid handle
[2026-07-15 15:12:07.977] [svulkan2] [error] OIDN Error: invalid handle
[2026-07-15 15:12:07.977] [svulkan2] [error] OIDN Error: invalid handle
[2026-07-15 15:12:07.977] [svulkan2] [error] OIDN Error: invalid handle
[2026-07-15 15:12:08.009] [svulkan2] [error] OIDN Error: invalid handle
[2026-07-15 15:12:08.009] [svulkan2] [error] OIDN Error: invalid handle
[2026-07-15 15:12:08.009] [svulkan2] [error] OIDN Error: invalid handle
[2026-07-15 15:12:08.040] [svulkan2] [error] OIDN Error: invalid handle
[2026-07-15 15:12:08.040] [svulkan2] [error] OIDN Error: invalid handle
[2026-07-15 15:12:08.040] [svulkan2] [error] OIDN Error: invalid handle
[2026-07-15 15:12:08.072] [svulkan2] [error] OIDN Error: invalid handle
[2026-07-15 15:12:08.072] [svulkan2] [error] OIDN Error: invalid handle
[2026-07-15 15:12:08.072] [svulkan2] [error] OIDN Error: invalid handle
[2026-07-15 15:12:08.102] [svulkan2] [error] OIDN Error: invalid handle
[2026-07-15 15:12:08.103] [svulkan2] [error] OIDN Error: invalid handle
[2026-07-15 15:12:08.103] [svulkan2] [error] OIDN Error: invalid handle
[2026-07-15 15:12:08.134] [svulkan2] [error] OIDN Error: invalid handle
[2026-07-15 15:12:08.134] [svulkan2] [error] OIDN Error: invalid handle
[2026-07-15 15:12:08.134] [svulkan2] [error] OIDN Error: invalid handle
[2026-07-15 15:12:08.165] [svulkan2] [error] OIDN Error: invalid handle
[2026-07-15 15:12:08.165] [svulkan2] [error] OIDN Error: invalid handle
[2026-07-15 15:12:08.165] [svulkan2] [error] OIDN Error: invalid handle
[2026-07-15 15:12:08.196] [svulkan2] [error] OIDN Error: invalid handle
[2026-07-15 15:12:08.197] [svulkan2] [error] OIDN Error: invalid handle
[2026-07-15 15:12:08.197] [svulkan2] [error] OIDN Error: invalid handle
[2026-07-15 15:12:08.228] [svulkan2] [error] OIDN Error: invalid handle
[2026-07-15 15:12:08.228] [svulkan2] [error] OIDN Error: invalid handle
[2026-07-15 15:12:08.228] [svulkan2] [error] OIDN Error: invalid handle
[2026-07-15 15:12:08.260] [svulkan2] [error] OIDN Error: invalid handle
[2026-07-15 15:12:08.260] [svulkan2] [error] OIDN Error: invalid handle
[2026-07-15 15:12:08.260] [svulkan2] [error] OIDN Error: invalid handle
[2026-07-15 15:12:08.292] [svulkan2] [error] OIDN Error: invalid handle
[2026-07-15 15:12:08.292] [svulkan2] [error] OIDN Error: invalid handle
[2026-07-15 15:12:08.292] [svulkan2] [error] OIDN Error: invalid handle
[2026-07-15 15:12:08.323] [svulkan2] [error] OIDN Error: invalid handle
[2026-07-15 15:12:08.323] [svulkan2] [error] OIDN Error: invalid handle
[2026-07-15 15:12:08.323] [svulkan2] [error] OIDN Error: invalid handle
[2026-07-15 15:12:08.356] [svulkan2] [error] OIDN Error: invalid handle
[2026-07-15 15:12:08.356] [svulkan2] [error] OIDN Error: invalid handle
[2026-07-15 15:12:08.356] [svulkan2] [error] OIDN Error: invalid handle
[2026-07-15 15:12:08.388] [svulkan2] [error] OIDN Error: invalid handle
[2026-07-15 15:12:08.388] [svulkan2] [error] OIDN Error: invalid handle
[2026-07-15 15:12:08.388] [svulkan2] [error] OIDN Error: invalid handle
[2026-07-15 15:12:08.420] [svulkan2] [error] OIDN Error: invalid handle
[2026-07-15 15:12:08.420] [svulkan2] [error] OIDN Error: invalid handle
[2026-07-15 15:12:08.420] [svulkan2] [error] OIDN Error: invalid handle
[2026-07-15 15:12:08.451] [svulkan2] [error] OIDN Error: invalid handle
[2026-07-15 15:12:08.451] [svulkan2] [error] OIDN Error: invalid handle
[2026-07-15 15:12:08.451] [svulkan2] [error] OIDN Error: invalid handle
[2026-07-15 15:12:08.483] [svulkan2] [error] OIDN Error: invalid handle
[2026-07-15 15:12:08.483] [svulkan2] [error] OIDN Error: invalid handle
[2026-07-15 15:12:08.483] [svulkan2] [error] OIDN Error: invalid handle
[2026-07-15 15:12:08.515] [svulkan2] [error] OIDN Error: invalid handle
[2026-07-15 15:12:08.515] [svulkan2] [error] OIDN Error: invalid handle
[2026-07-15 15:12:08.515] [svulkan2] [error] OIDN Error: invalid handle
[2026-07-15 15:12:08.546] [svulkan2] [error] OIDN Error: invalid handle
[2026-07-15 15:12:08.546] [svulkan2] [error] OIDN Error: invalid handle
[2026-07-15 15:12:08.546] [svulkan2] [error] OIDN Error: invalid handle
[2026-07-15 15:12:08.577] [svulkan2] [error] OIDN Error: invalid handle
[2026-07-15 15:12:08.577] [svulkan2] [error] OIDN Error: invalid handle
[2026-07-15 15:12:08.577] [svulkan2] [error] OIDN Error: invalid handle
[2026-07-15 15:12:08.609] [svulkan2] [error] OIDN Error: invalid handle
[2026-07-15 15:12:08.609] [svulkan2] [error] OIDN Error: invalid handle
[2026-07-15 15:12:08.609] [svulkan2] [error] OIDN Error: invalid handle
[2026-07-15 15:12:08.639] [svulkan2] [error] OIDN Error: invalid handle
[2026-07-15 15:12:08.639] [svulkan2] [error] OIDN Error: invalid handle
[2026-07-15 15:12:08.659] [svulkan2] [error] OIDN Error: invalid handle
