#usda 1.0
(
    defaultPrim = "Asset"
    metersPerUnit = 1
    upAxis = "Z"
)

def Xform "Asset"
{
    def Mesh "Mesh"
    {
        point3f[] points = [(0.0503355849, -0.0667987575, -0.0828137849), (0, -0.0798784953, -0.0857763515), (0.0446212711, -0.0725435847, -0.113920426), (0, -0.0945720491, -0.112577532), (0.0334506196, 0.215230064, -0.109518494), (0.0353128571, 0.222185253, -0.161598886), (0, 0.226193595, -0.111364396), (0, 0.233599087, -0.164287757), (0.133302861, 0.0418366988, -0.0363496938), (0.134758871, 0.046260823, 0.00664882305), (0.125789186, -0.0151742157, -0.0400208477), (0.123751265, -0.0116124783, 0.00607184378), (0.0170649632, 0.0934553846, 0.278578967), (0, 0.0969077055, 0.270344067), (0.00618711635, 0.031551242, 0.247493592), (0, 0.0350716786, 0.24436798), (0.00255017439, 0.00162414116, 0.212541964), (0, 0.00283789348, 0.212865898), (0, -0.0862030757, -0.253040853), (0.0247475407, -0.0782061184, -0.250990604), (0, -0.101530012, -0.229033646), (0.0233140308, -0.0908981212, -0.226666243), (0.0349371425, 0.19477843, -0.255679177), (0.0240306317, 0.167831464, -0.291249703), (0, 0.198386708, -0.262231221), (0, 0.171625288, -0.29161802), (0.0772255311, 0.106757037, -0.275337773), (0.0505137335, 0.145961114, -0.285129161), (0.0971436444, 0.128912795, -0.235783564), (0.0612565819, 0.173103489, -0.244230207), (0, -0.067247211, 0.0670867848), (0, -0.0757807713, -0.000775469998), (0.0485396137, -0.0601847628, 0.066443231), (0.0558030183, -0.072280677, 0.00122145771), (0.126184934, 0.053689431, 0.0581664141), (0.110976352, 0.0555676958, 0.0945540185), (0.114744902, 0.000858225838, 0.0673182546), (0.104124107, 0.0142286108, 0.0972015889), (0, 0.178927836, 0.116011668), (0.0334500031, 0.168770288, 0.110984983), (0, 0.188738024, 0.0379126542), (0.0375387889, 0.178871124, 0.0391008247), (0, -0.108059248, -0.210471372), (0.0222633245, -0.0996723978, -0.206168993), (0, -0.107396893, -0.1605602), (0.0278833244, -0.0950957071, -0.162435691), (0, 0.223137331, -0.214154238), (0.0363179476, 0.214309425, -0.208700367), (0.0664586418, 0.191816172, -0.196894483), (0.0676902706, 0.193698751, -0.156885348), (0.108638847, 0.136364211, -0.187027275), (0.103257097, 0.142425575, -0.147063139), (0.0829087152, 0.160707065, -0.0513946131), (0.0851938243, 0.156758209, -0.00747175822), (0.10277135, 0.1269396, -0.0458898857), (0.103210249, 0.128247666, -0.00251257211), (0, 0.152197545, 0.246161485), (0, 0.13735913, 0.259711868), (0.0262448513, 0.162092185, 0.247132056), (0.0355135054, 0.136509072, 0.26844207), (0.0622518095, 0.167489037, 0.208458109), (0.0577968638, 0.158444763, 0.242879607), (0.0875513641, 0.146085942, 0.206372415), (0.0723138101, 0.146048339, 0.242765259), (0.0812394205, 0.155517025, 0.0432709793), (0.0707832124, 0.153769136, 0.103131345), (0.0975702146, 0.12736956, 0.0479385936), (0.0875880417, 0.123366766, 0.096955633), (0.130515669, 0.041464991, -0.0860398757), (0.127872414, 0.0481088826, -0.111042927), (0.122385254, 0.0871301877, -0.090647388), (0.127060574, 0.0893348526, -0.142409086), (0.114657677, 0.0939990766, 0.0534109584), (0.120861129, 0.0944524615, 0.00261305033), (0, -0.0742973305, -0.27185648), (0.0205551946, -0.0666514306, -0.270259616), (0.0708186571, -0.056443644, -0.113462418), (0.107338794, -0.0229298403, -0.110074822), (0.0941108047, -0.0498490669, -0.0796092691), (0.120408053, -0.0131754387, -0.0813081525), (0.0979813739, -0.0289569929, 0.0679901642), (0.104050752, -0.0459011356, 0.00387580891), (0.0287463276, 0.179836455, 0.165549591), (0, 0.175940304, 0.163842386), (0.0243437785, 0.176308313, 0.207355006), (0.0117180421, 0.180314189, 0.207791439), (0, 0.180724115, 0.208222941), (0.085337761, 0.143761381, 0.159743121), (0.0641935667, 0.17021212, 0.158597792), (0, -0.0128370182, 0.179727192), (0, -0.0270562284, 0.145808085), (0.0030300658, -0.0106582433, 0.179491408), (0.013088676, -0.0250072122, 0.142452852), (0.0727681197, 0.172126138, -0.103695996), (0.0389131215, 0.189229628, -0.0212770351), (0.0256444476, 0.167096679, 0.239326192), (0.0675682173, -0.0216686228, 0.105136595), (0.0340568793, -0.0397201835, 0.110033213), (0.10295258, -0.0500950228, -0.0465630282), (0.0533425346, -0.0689944842, -0.0530096619), (0.0581081614, -0.064374335, -0.247657255), (0.0403549532, -0.0481039512, -0.269293052), (0, -0.0778168424, -0.0558745243), (0.0374404682, 0.203615274, -0.0615361333), (0, 0.215721976, -0.0655586528), (0.0980118873, 0.127498702, -0.0976873364), (0.120240075, 0.0904789483, -0.0382744991), (0, -0.0466331472, 0.111687405), (0, 0.199067248, -0.0264485817), (0.101147979, 0.0934168577, 0.0974817567), (0.0920608639, 0.0692016049, -0.268908091), (0.116583716, 0.0919001296, -0.232648396), (0.128645726, 0.0977405036, -0.186053006), (0.0376959788, -0.0808826612, -0.135287768), (0, -0.102693525, -0.133546043), (0.0761538661, 0.0586205696, -0.335720565), (0.0805801477, 0.0553220481, -0.293005914), (0.0743840931, 0.0453010402, -0.339513772), (0.0806997353, 0.0325187303, -0.29866814), (0.0215978874, -0.028828467, -0.383667172), (0.0113124306, -0.0258122709, -0.380899705), (0.0218808291, -0.0217968404, -0.384461751), (0.0113398617, -0.0185047915, -0.381606752), (0.0454072204, 0.138340488, -0.395635177), (0.0263138915, 0.141896369, -0.398021689), (0.0459355016, 0.141938595, -0.364312168), (0.0254555116, 0.145713617, -0.36294215), (0.0210887155, 0.0954144018, -0.447321053), (0.0255270175, 0.120392796, -0.433297868), (0.0378510111, 0.0937984283, -0.441510576), (0.0444495951, 0.118603605, -0.428180259), (0.00591650321, -0.035820642, -0.491571233), (0.0148590654, -0.0323310271, -0.489985156), (0.00569027309, -0.0392026899, -0.484780323), (0.0131188812, -0.0370991196, -0.483769684), (0.0434441964, 0.134982789, -0.333194431), (0.0196262333, 0.144519591, -0.334308321), (0.0479928395, 0.13918993, -0.311436272), (0.0196752396, 0.153808587, -0.310205259), (0.0155688855, -0.0697755021, -0.420772302), (0.00573866291, -0.0719441057, -0.422348515), (0.013019944, -0.0679573393, -0.429374902), (0.00422624984, -0.0691439687, -0.432169491), (0.0849041019, 0.0253222084, -0.283531372), (0.0717941589, 0.128106195, -0.365123083), (0.0808997671, 0.111915639, -0.363807311), (0.0704001006, 0.125902763, -0.391671834), (0.0766858459, 0.110208742, -0.379646193), (0.0312468793, -0.0235755516, -0.480149386), (0.0282645869, -0.0277549527, -0.479846718), (0.0239486464, -0.0267255132, -0.485579833), (0.021743365, -0.0325039359, -0.481714196), (0.0653595456, 0.121419153, -0.335664778), (0.0599136874, 0.116639657, -0.314156273), (0.0749755585, 0.10618838, -0.341901517), (0.0719756978, 0.0964466152, -0.320948724), (0.0246116177, -0.0626991842, -0.408382966), (0.0240401864, -0.0660889374, -0.416749166), (0.0297320005, -0.0595399762, -0.413966597), (0.0224112679, -0.0643672461, -0.424486606), (0.0191639102, 0.0100843462, -0.477406885), (0.00995967309, 0.00929192439, -0.484988984), (0.0252847602, 0.0382046883, -0.460078089), (0.0136801414, 0.0372486041, -0.471563737), (0.0281003081, 0.0101990024, -0.464826764), (0.0367439013, 0.0375093543, -0.447824369), (0.0344353678, 0.00886535424, -0.449358049), (0.047622981, 0.0339621031, -0.432290312), (0.0497918929, -0.0380055812, -0.393393834), (0.0620970854, -0.0311496374, -0.372616724), (0.047917635, -0.0389964937, -0.381202065), (0.0413270646, -0.0294932877, -0.34645016), (0.0259101293, -0.0355518782, -0.33446582), (0.0286923899, -0.0349046258, -0.307827069), (0.0138323999, -0.0416699543, -0.328619898), (0.0140851365, -0.046365308, -0.303447636), (0.0668248017, 0.0761312122, -0.387199012), (0.0738219082, 0.089710259, -0.381055354), (0.0713450891, 0.0745260263, -0.370251171), (0.0754767168, 0.0888392422, -0.367784215), (0.0586003814, 0.0254966583, -0.399040957), (0.0627656046, 0.0118932625, -0.380066291), (0.0482819456, 0.00129342601, -0.418005452), (0.0557953129, -0.0223186491, -0.409081382), (0.0395887297, -0.0401301101, -0.444747763), (0.0366659228, -0.0496496515, -0.443024838), (0.0388178829, -0.0352680118, -0.459590493), (0.0355803881, -0.0424768623, -0.460993797), (0.0167866447, -0.0412819111, -0.399033252), (0.00783884279, -0.0401547673, -0.402291089), (0.0367374288, -0.0297081138, -0.408181702), (0.0428675253, -0.0411872889, -0.40891772), (0.0364064055, -0.0246231758, -0.394142489), (0.0427303695, -0.0370676816, -0.403418849), (0.0214736766, -0.0204511719, -0.393960334), (0.0115136952, -0.0171936431, -0.392295971), (0.0209709772, -0.0275912903, -0.409159669), (0.0109379488, -0.0268179778, -0.40991418), (0.0309414378, -0.03186593, -0.38704059), (0.031815845, -0.025546281, -0.389506621), (0.0399092737, -0.0366155296, -0.398291993), (0.0415042885, -0.0356428018, -0.400037726), (0.0251707205, -0.0412920822, -0.397506661), (0.0610593241, -0.0225294685, -0.395381207), (0.0669564097, -0.022116768, -0.380733577), (0.0443503497, -0.0373638767, -0.399618553), (0.0435058394, -0.0385449582, -0.397496489), (0.0276367521, -0.0502047475, -0.461593893), (0.0282226696, -0.0543773679, -0.446197608), (0.00740980692, -0.054819657, -0.463372912), (0.0187700109, -0.0539877836, -0.462667407), (0.0100863496, -0.0560546762, -0.453122592), (0.019323874, -0.0558577265, -0.450645465), (0.00428265327, -0.0642658432, -0.431037724), (0.0122161182, -0.0625564805, -0.428990558), (0.0220771623, -0.0592742945, -0.425247281), (0.0273988098, -0.0565006639, -0.422516493), (0.0313069813, -0.0552970827, -0.417090977), (0.0258823899, -0.0587475543, -0.398584182), (0.0332475056, -0.055263179, -0.408015265), (0.00716570031, -0.0666326294, -0.405377558), (0.0169906833, -0.0654657258, -0.406918943), (0.00809373694, -0.0619647069, -0.394532382), (0.0191056575, -0.0605993126, -0.395879283), (0.00586009979, -0.0545367152, -0.420506928), (0.0138364067, -0.0532304983, -0.415643289), (0.0228252012, -0.0515094234, -0.412780584), (0.0344017724, -0.0459600047, -0.409010801), (0.0391464405, -0.043631129, -0.40183832), (0.042965846, -0.0425027524, -0.392764766), (0.0327608335, -0.0456696658, -0.374324546), (0.0224020214, -0.0477143669, -0.368925536), (0.0087625644, -0.050774946, -0.367392165), (0.0457077304, 0.127849143, -0.414084952), (0.0263185147, 0.130631404, -0.416612626), (0.0550201511, 0.0317312399, -0.417406589), (0.0405331017, 0.00636295325, -0.434305116), (0.0329926115, -0.0333117685, -0.475082633), (0.0353880617, -0.0273397865, -0.471096174), (0.0263508774, -0.0416070784, -0.476059367), (0.0177451946, -0.0451601857, -0.4762782), (0.00530746954, -0.0454360385, -0.47658395), (0.0147854019, 0.0686979809, -0.459274572), (0.0162543566, 0.0762942582, -0.456807924), (0.0354681977, 0.0635162633, -0.449236304), (0.0345148874, 0.0710943558, -0.448753947), (0.0744146065, 0.0827701724, -0.300743354), (0.0579124446, 0.0602229815, -0.422457007), (0.0564786265, 0.0566575455, -0.424022433), (0.0500819237, 0.0596364476, -0.429596509), (0.0455835196, 0.0557766659, -0.433099685), (0.0587082568, 0.0532169368, -0.399958206), (0.0629382053, 0.0569306244, -0.393555031), (0.0679818424, 0.048283949, -0.374996147), (0.0690920344, 0.0561382026, -0.373999379), (0.0611758295, 0.0554323892, -0.411068755), (0.064339969, 0.0592915545, -0.409048712), (0.0068417659, -0.00802238507, -0.497187534), (0.0164183272, -0.00585193208, -0.492357799), (0.0266227234, -0.00421006853, -0.481045676), (0.0330083304, -0.00336001041, -0.469098938), (0.0416996971, -0.0121940808, -0.441017123), (0.0371923548, -0.00750889818, -0.455115513), (0.0476183578, -0.0241990714, -0.425420498), (0.0495225127, -0.0386682443, -0.409154429), (0.0448283918, -0.0425967581, -0.408893063), (0.048801905, -0.0415710171, -0.4204496), (0.0429578324, -0.0450717279, -0.419792177), (0.0134153844, 0.050278411, -0.463166408), (0.0138820225, 0.0596201122, -0.459286592), (0.0294647778, 0.0489222631, -0.454747812), (0.0335794536, 0.0560263204, -0.45086214), (0.0401080727, 0.046815919, -0.44130777), (0.0427272873, 0.0517307221, -0.436345194), (0.0498473717, 0.042818365, -0.427361639), (0.0447125028, 0.0497895813, -0.430694989), (0.0589520552, 0.042902816, -0.404350892), (0.0666938102, 0.0379556503, -0.377267079), (0.078647637, 0.016902996, -0.303322501), (0.0754576074, 0.0322277749, -0.346515501), (0.0787490399, 0.000772541951, -0.280458156), (0.0552513127, 0.039025466, -0.416431087), (0.0772375515, 0.0168919002, -0.354833927), (0.0741008432, 0.00627942687, -0.318273722), (0.061033434, -0.0182631506, -0.300215689), (0.00649502355, -0.0266435279, -0.497739856), (0.006343998, -0.0169381325, -0.498980423), (0.0152868684, -0.0235817159, -0.495417145), (0.0151651233, -0.0138877245, -0.495092286), (0.0240904255, -0.0122276763, -0.487692342), (0.0335224338, -0.00988616372, -0.475093112), (0.0254986617, -0.0216701639, -0.48992752), (0.0331769243, -0.020876201, -0.480211337), (0.0407698112, -0.0181725353, -0.445609533), (0.0412056278, -0.0259216874, -0.451771684), (0.0367839693, -0.0138920395, -0.460924449), (0.0371596839, -0.0223180327, -0.466337945), (0.040974158, -0.0345726778, -0.444829132), (0.0441873037, -0.0270198589, -0.435939274), (0.0445599362, -0.0419427249, -0.433598994), (0.0399373213, -0.0473383441, -0.433153931), (0.0378134089, -0.0471672845, -0.433256875), (0.0318719402, -0.0462595901, -0.435674209), (0.0106201787, -0.0404746949, -0.437087068), (0.0212551518, -0.040852567, -0.436958543), (-5.23966215e-06, 0.09473941, -0.449548834), (-5.23966215e-06, 0.118845246, -0.432331613), (-5.23966215e-06, 0.144727636, -0.360980359), (-5.23966215e-06, 0.140512174, -0.396954955), (-5.23966215e-06, -0.0674235102, -0.404611334), (0, -0.0623105246, -0.393339588), (-5.23966215e-06, -0.0406741103, -0.485143092), (-5.23966215e-06, -0.036494401, -0.491932461), (0, 0.157503782, -0.312643551), (0, 0.146271795, -0.334766638), (-5.23966215e-06, -0.0691942078, -0.432637362), (-5.23966215e-06, -0.0723404708, -0.422543307), (-5.23966215e-06, 0.0349258927, -0.473759156), (-5.23966215e-06, 0.00670353129, -0.488132165), (-5.23966215e-06, -0.0152672967, -0.391465947), (-5.23966215e-06, -0.0171067264, -0.38028759), (-5.23966215e-06, -0.0538364498, -0.464481871), (-5.23966215e-06, -0.0459809634, -0.476855488), (-5.23966215e-06, -0.0240693127, -0.379534003), (-5.23966215e-06, -0.0398268261, -0.403236693), (-5.23966215e-06, -0.0547774315, -0.454936748), (-5.23966215e-06, -0.0400373372, -0.437465249), (-5.23966215e-06, -0.0646184416, -0.432011685), (0, -0.0511432635, -0.366205535), (-5.23966215e-06, -0.0540293927, -0.421109181), (0, -0.0450812826, -0.327897132), (-5.23966215e-06, 0.130431989, -0.41651184), (-5.23966215e-06, 0.0769976058, -0.458092874), (-5.23966215e-06, 0.0705324791, -0.460307402), (-5.23966215e-06, -0.00899572937, -0.498362143), (-5.23966215e-06, -0.0280872089, -0.412779659), (-5.23966215e-06, 0.0597538777, -0.460205999), (-5.23966215e-06, 0.0494132503, -0.464661561), (-5.23966215e-06, -0.0180212015, -0.5), (-5.23966215e-06, -0.0280471409, -0.498923404), (0, -0.0518962337, -0.304457042), (0.0503710297, 0.0870851883, -0.429252849), (0.0568620465, 0.0786484076, -0.417246934), (0.0616825357, 0.075115026, -0.403948979), (0.0752843904, -0.00119942031, -0.359741642), (0.0716865918, -0.0132826976, -0.345176922), (0.0528176437, -0.0227273428, -0.319473913), (0.0326751496, -0.0394440225, -0.285437068), (0.0166467149, -0.0558429322, -0.2849618), (0, -0.0625712748, -0.287047185), (0.0450398276, -0.0400166868, -0.403228372), (0.0506736973, -0.0374890121, -0.397309711), (0.0504718162, -0.0377118519, -0.401885169), (0.0570247842, 0.112075603, -0.421822391), (0.0637944277, 0.120154545, -0.407891979), (0.0483685541, 0.0439442759, -0.425369951), (0.0444536019, 0.0492381839, -0.42836488), (0.0536522911, 0.042316282, -0.416084653), (0.0541522165, 0.0447293006, -0.406639392), (0.0539663626, 0.0512206255, -0.405287867), (0.0563365392, 0.0539338459, -0.411491627), (0.0522311098, 0.0537338141, -0.423350832), (0.0386576109, 0.0485810687, -0.415894793), (0.0408832344, -0.0449684757, -0.419597384), (0.0796585836, 0.127223774, -0.441241812), (0.0797901916, 0.12852506, -0.440988151), (0.0769419729, 0.129267242, -0.446648835), (0.0800839209, 0.126222691, -0.442044405), (0.0808917535, 0.125920948, -0.443095728), (0.0818774264, 0.126374024, -0.443845924), (0.0826858755, 0.127433053, -0.444022532), (0.0829262835, 0.128736496, -0.443623085), (0.0825471785, 0.12975638, -0.442726178), (0.0816459566, 0.130087404, -0.441742354), (0.0805434701, 0.129608745, -0.441157669), (0.0874259204, 0.120166258, -0.418865373), (0.0875442751, 0.123212042, -0.426020594), (0.0856385792, 0.11659065, -0.419983578), (0.0864753841, 0.120292009, -0.426568601), (0.0862963109, 0.112954941, -0.421876021), (0.0869324675, 0.117971456, -0.428619466), (0.0891482282, 0.110647949, -0.423819319), (0.08867296, 0.117209547, -0.431260564), (0.0931044813, 0.110551169, -0.425071598), (0.0909099875, 0.118204775, -0.433392798), (0.0966545065, 0.112700972, -0.4251542), (0.092797807, 0.120496973, -0.43426289), (0.0984418478, 0.116276579, -0.424035995), (0.0936956385, 0.123231768, -0.433633206), (0.0977841161, 0.119912288, -0.422143552), (0.0933205403, 0.125427803, -0.431758024), (0.094932507, 0.12221928, -0.420200254), (0.0917936411, 0.126299744, -0.429296615), (0.0909759456, 0.12231606, -0.418947974), (0.0896090102, 0.125491912, -0.427110135), (0.0862010723, 0.116079938, -0.410610439), (0.0829990223, 0.113623769, -0.413770264), (0.0824217349, 0.109641009, -0.41696954), (0.0846562967, 0.105602463, -0.419091603), (0.0888862451, 0.102909893, -0.419289169), (0.0935806742, 0.10255452, -0.417398267), (0.096967037, 0.104788466, -0.414104677), (0.0976654531, 0.108869546, -0.410723862), (0.0953334952, 0.113191651, -0.408627381), (0.090910604, 0.115960042, -0.408616902), (0.079514647, 0.108899443, -0.397374128), (0.0827798812, 0.111855537, -0.403327309), (0.0747385409, 0.110134462, -0.402443655), (0.0785816789, 0.110346206, -0.40743243), (0.0710809485, 0.10714169, -0.407474655), (0.077016561, 0.106249715, -0.411700905), (0.0699390103, 0.10106399, -0.410545714), (0.0784537695, 0.101117312, -0.414467755), (0.0717485431, 0.094222841, -0.410483454), (0.0827142313, 0.0969181848, -0.414903264), (0.0747856978, 0.0904240859, -0.40786424), (0.0883191287, 0.0958745674, -0.413208079), (0.0784130851, 0.0892408469, -0.402128043), (0.0934404361, 0.0980354657, -0.409683944), (0.0820706775, 0.0922336187, -0.397097042), (0.0950881558, 0.102288222, -0.405641082), (0.0832129238, 0.0983113185, -0.394025984), (0.0928338682, 0.10699313, -0.402466155), (0.0825518018, 0.105100996, -0.394754605), (0.087886086, 0.110608497, -0.401452743), (0.0760814354, 0.106154168, -0.388484271), (0.0730227056, 0.110751818, -0.395367029), (0.0686876557, 0.110104257, -0.40302834), (0.064732019, 0.104458675, -0.408542005), (0.0626666675, 0.0959713471, -0.409801682), (0.0632806326, 0.0878843909, -0.406326553), (0.0663393624, 0.0832867414, -0.399443794), (0.0706744123, 0.0839346102, -0.391782484), (0.0737402311, 0.0895801921, -0.387696472), (0.0758055826, 0.0980672119, -0.386436795), (0.114934455, 0.100588414, -0.347137172), (0.111351451, 0.0943171549, -0.357688002), (0.10969695, 0.101920213, -0.348159214), (0.105800799, 0.097170305, -0.358699565), (0.0941178936, 0.0777311585, -0.364875894), (0.0879243048, 0.0729078954, -0.364571685), (0.0862448389, 0.082582161, -0.366235432), (0.0819433845, 0.0797838732, -0.365123083), (0.0946529556, 0.0938477428, -0.350897092), (0.0880543717, 0.0843331328, -0.35153294), (0.0961641358, 0.092415774, -0.358455459), (0.0902473244, 0.0833909182, -0.359782326), (0.0770470744, 0.081702206, -0.340647388), (0.0830070359, 0.0750133149, -0.337484481), (0.0806923381, 0.0842425175, -0.339441649), (0.0861181624, 0.0775671879, -0.336461514), (0.079909471, 0.0882154142, -0.360891901), (0.0767006402, 0.0851261711, -0.360726698), (0.0773528241, 0.0895364255, -0.355386558), (0.0745434405, 0.0867575553, -0.355820217), (0.0955637322, 0.0971847912, -0.358130291), (0.0958765708, 0.10073944, -0.352268034), (0.0743770042, 0.085955887, -0.348358013), (0.0764981427, 0.0881417507, -0.34772648), (0.0830921034, 0.0735579217, -0.358580902), (0.0797103638, 0.073971855, -0.353235214), (0.111968498, 0.0984361458, -0.347721548), (0.110257902, 0.0938005859, -0.35607357), (0.0849595806, 0.0719681466, -0.361166213), (0.094224228, 0.0784631701, -0.362542395), (0.0889426485, 0.0796636692, -0.338603612), (0.0823724204, 0.0737351456, -0.341504227), (0.0809879167, 0.0743746926, -0.346235334), (0.0880765632, 0.0835912583, -0.342709657), (0.0940103264, 0.0924626227, -0.341960694), (0.108233852, 0.0961482627, -0.338470154), (0.107321534, 0.0952402601, -0.340774373), (0.102480703, 0.0986734717, -0.340896426), (0.0932410208, 0.0974107131, -0.345228086), (0.0960516372, 0.0867979315, -0.337440715), (0.0956759226, 0.0856165418, -0.334821192), (0.107394273, 0.0982925174, -0.348667153), (0.10361586, 0.0965742164, -0.3442982), (0.104355577, 0.0960776814, -0.35345343), (0.102315499, 0.084593883, -0.363899468), (0.10156407, 0.0858646552, -0.361412786), (0.0938047468, 0.0888124275, -0.365092878), (0.0831457329, 0.0913314721, -0.361058954), (0.0811321615, 0.093291414, -0.355036117), (0.0801347764, 0.0918890338, -0.346643103), (0.0886368988, 0.0904259352, -0.338202931), (0.0757513367, 0.0683888409, -0.361660899), (0.0815476359, 0.0700051225, -0.359479658), (0.075976334, 0.0702122433, -0.3449735), (0.0791349256, 0.0711196295, -0.344961171), (0.0734705426, 0.0762520327, -0.346866559), (0.076804817, 0.0673708053, -0.353374219), (0.0796718369, 0.069007121, -0.353055524), (0.0737149574, 0.0739727796, -0.362066819), (0.0730122263, 0.0787590569, -0.359544075), (0.0721563121, 0.079725004, -0.351286984), (0.072410898, 0.080095479, -0.35615463), (0.0782737717, 0.0985301515, -0.366114304), (0.0744133736, 0.0999380795, -0.379107125), (0.0773059753, 0.0707075455, -0.33004262), (0.0769734109, 0.0804551664, -0.333720246), (0.077879256, 0.0968022958, -0.344865624), (0.0766235864, 0.090726137, -0.355606007), (0.0802244671, -0.111862009, 0.197973545), (0.0834450101, -0.112890833, 0.187430729), (0.0894607586, -0.082646578, 0.196821436), (0.0921237399, -0.081757993, 0.180594511), (0.0540908816, -0.108332326, 0.224901402), (0.0619519159, -0.107201484, 0.231895118), (0.0531307906, -0.0871819679, 0.220480976), (0.0638329546, -0.089637212, 0.223178169), (0.0499275077, -0.109613886, 0.212298473), (0.0411914499, -0.0845285414, 0.213043122), (0.0517533759, -0.112885901, 0.177484309), (0.0439552175, -0.110569662, 0.190350145), (0.0453258515, -0.0832192423, 0.172322933), (0.0372989973, -0.0825630516, 0.188921258), (0.0795063252, -0.0824678131, 0.16616294), (0.0754156901, -0.114211844, 0.178108137), (0.0630889226, -0.0873178909, 0.161873814), (0.0647847239, -0.113856471, 0.173836579), (0.119760184, 0.0461175028, 0.176795447), (0.11712186, 0.028751105, 0.147754466), (0.105297483, 0.102992494, 0.165725274), (0.106798492, 0.0656182925, 0.136932406), (0.0590050683, 0.0177496637, 0.259106225), (0.0793602311, 0.0322542814, 0.254731415), (0.0530142852, 0.0520380128, 0.271117688), (0.0776484026, 0.0855690766, 0.259353722), (0.027390488, -0.00750982283, 0.237206286), (0.026851111, 0.00304100745, 0.239011504), (0.0283092781, -0.0178855867, 0.14778652), (0.0318247832, -0.0200088828, 0.152440265), (0.00929331136, -0.0133674569, 0.179352711), (0.0146941702, -0.0209782203, 0.179670789), (0.0976099743, 0.0213486952, 0.121782385), (0.0959129402, -0.0041894181, 0.132484857), (0.0600970755, -0.0143728556, 0.120176275), (0.0596144102, -0.024035409, 0.12761228), (0.10575395, -0.026985647, 0.164283751), (0.106673665, -0.0224591954, 0.189054407), (0.0704460247, -0.0276211872, 0.239595572), (0.0538532475, -0.0313943604, 0.238091789), (0.030412232, -0.0331111203, 0.228659164), (0.0218031588, -0.0347369566, 0.182252401), (0.035962267, -0.0329015338, 0.157878726), (0.0897285978, -0.0339396033, 0.145163915), (0.0604388864, -0.0444947486, 0.13957073), (0.0807484333, -0.132718639, 0.199985267), (0.0834450101, -0.133225961, 0.19085007), (0.0550472741, -0.130574076, 0.219989373), (0.0619386627, -0.129200976, 0.225834062), (0.0499959316, -0.131763171, 0.20993816), (0.0543325225, -0.133228735, 0.179085488), (0.0456852307, -0.132314877, 0.187832333), (0.077176833, -0.133504588, 0.180792077), (0.0659602575, -0.13286689, 0.177231572), (0.085573854, -0.18302032, 0.173860004), (0.0854086505, -0.18438294, 0.183193383), (0.0590090751, -0.187485745, 0.20123354), (0.0645211997, -0.186763288, 0.205547015), (0.051191191, -0.185509776, 0.19135616), (0.0647853403, -0.18113774, 0.164604911), (0.0563038684, -0.182846178, 0.170248644), (0.0770103967, -0.181244691, 0.167384706), (0.0707856781, -0.180633808, 0.165345244), (0.071747002, -0.131040406, 0.21824025), (0.0712184125, -0.186193398, 0.203446835), (0.0760654082, -0.13214166, 0.21012987), (0.0826738551, -0.185295258, 0.193381752), (0.0733845505, -0.109008859, 0.220615975), (0.0763899591, -0.110657195, 0.209657684), (0.0770285814, -0.0863128004, 0.216788556), (0.0817402706, -0.084792682, 0.208289824), (0.0956158206, 0.0432924003, 0.242329443), (0.0849820804, -0.0249988904, 0.232775073), (0.111837506, 0.0546892819, 0.211400025), (0.0958075306, -0.0222070751, 0.212318816), (0.0973381283, 0.10157532, 0.235100558), (0.105731142, 0.1072471, 0.208117531), (0.0987414332, -0.233544841, 0.149622868), (0.0942609056, -0.218007702, 0.155278929), (0.0997631673, -0.233599087, 0.163439548), (0.0963126956, -0.219813536, 0.16786244), (0.057559538, -0.222665453, 0.188842355), (0.0577170361, -0.233599087, 0.187078747), (0.0671009627, -0.223440615, 0.192227793), (0.0684959457, -0.233599087, 0.188766226), (0.0473856552, -0.233599087, 0.171925952), (0.0479077721, -0.219638161, 0.172308755), (0.0680505745, -0.233599087, 0.136370529), (0.0515437894, -0.233599087, 0.141523275), (0.0689801522, -0.217252266, 0.142012412), (0.0528333627, -0.218545538, 0.148849247), (0.0831065895, -0.233599087, 0.137557159), (0.0746433023, -0.233599087, 0.143914102), (0.0802950485, -0.217212506, 0.143387978), (0.0736801291, -0.217234389, 0.145935378), (0.0946942565, -0.233544841, 0.176844145), (0.0945555595, -0.220640786, 0.180132496), (0.0785573299, -0.233599087, 0.190341515), (0.0775485408, -0.222119295, 0.192052419), (0.0892770622, -0.206551951, 0.160665301), (0.0899452733, -0.208244054, 0.174559344), (0.0581013807, -0.209965129, 0.199032573), (0.0645147271, -0.210180879, 0.201752266), (0.0490284434, -0.207889606, 0.181314194), (0.0673734252, -0.205229707, 0.15071056), (0.0551921353, -0.206806537, 0.155989057), (0.0783126069, -0.205159125, 0.151774211), (0.0727496268, -0.207097184, 0.152805192), (0.0882744375, -0.208862642, 0.188251198), (0.0725252459, -0.208865108, 0.201675829), (0.0870240075, -0.196599675, 0.16808867), (0.087657082, -0.198669958, 0.177656601), (0.0585846625, -0.203949996, 0.202115344), (0.0644068518, -0.203890203, 0.208374891), (0.0502474353, -0.199104542, 0.185065175), (0.0660052569, -0.194206999, 0.15878827), (0.0563858537, -0.19640704, 0.164200532), (0.0774964524, -0.193948406, 0.16154125), (0.0715771753, -0.193892927, 0.159951783), (0.0854231366, -0.198999132, 0.189613818), (0.0717648785, -0.203532056, 0.204580451), (0.0159023746, -0.0166175885, 0.209270257), (0.0115537632, -0.0080029675, 0.211481702), (0.021182413, -0.0338739535, 0.205662287), (0.0437246724, -0.110656271, 0.200210881), (0.0359252812, -0.0825424012, 0.201523262), (0.0439786419, -0.132238747, 0.200146464), (0.0523657999, -0.18339172, 0.180373828), (0.05199964, -0.197569013, 0.174465339), (0.050588938, -0.207317866, 0.170743946), (0.0475597969, -0.219260906, 0.160445544), (0.0450463001, -0.233599087, 0.154529041), (0.0811161343, -0.0636309194, 0.219886429), (0.0895858941, -0.0611806068, 0.210366271), (0.0530164427, -0.0661872581, 0.22292081), (0.0678157143, -0.0661271561, 0.225488552), (0.0347814938, -0.0620075488, 0.217370158), (0.0408761455, -0.0622855591, 0.166379924), (0.0321009442, -0.0606853047, 0.185640922), (0.0821560532, -0.0620580961, 0.156691788), (0.0617343158, -0.0689642791, 0.150774669), (0.0981015779, -0.0588344711, 0.173809456), (0.0959653369, -0.060160722, 0.194934849), (0.0293679981, -0.0603894179, 0.202880951), (0.0970206665, 0.125119588, 0.161875355), (0.097570831, 0.129373269, 0.207820103), (0.102473614, 0.0789110071, 0.124617967), (0.0861773398, 0.123649708, 0.240340221), (0.062728927, 0.115030156, 0.262200091), (0.0935856056, 0.0204798359, 0.110722383), (0.034690262, 0.076222444, 0.277249325), (0.0182167642, 0.0220353992, 0.248830014), (0.00794856748, -0.00270721014, 0.211995806), (0.00694409342, -0.0113936453, 0.179658769), (0.0227065382, -0.0187279395, 0.143273014), (0.0597734493, -0.0121127119, 0.115302772), (0.100352475, -0.159034688, -0.167757647), (0.0990046491, -0.188389741, -0.178466283), (0.0988708836, -0.157678232, -0.175605736), (0.0981524335, -0.187288179, -0.187182307), (0.0867182578, -0.160180941, -0.156209123), (0.0860007323, -0.190626768, -0.166552524), (0.0970182007, -0.16003084, -0.161688577), (0.0936413926, -0.189659897, -0.170499531), (0.0702179453, -0.158528598, -0.170253883), (0.070652529, -0.187484512, -0.184315904), (0.0775719652, -0.159869952, -0.162264323), (0.0768042006, -0.189509487, -0.169419852), (0.0851818039, -0.152748326, -0.193387608), (0.0844023271, -0.185632446, -0.201284395), (0.0798046777, -0.152552301, -0.193066448), (0.0791065698, -0.185700561, -0.200341256), (0.0908840974, -0.186110488, -0.19911086), (0.0932437947, -0.15502573, -0.188531366), (0.0954182545, -0.186687467, -0.193771644), (0.097606584, -0.156267222, -0.182857428), (0.137187916, 0.0527333468, -0.146218628), (0.138405984, 0.00943370348, -0.15211633), (0.135956288, 0.0681493575, -0.186543068), (0.141771696, 0.0176630552, -0.184604701), (0.0996602233, -0.0498379712, -0.118036643), (0.125053167, -0.0132195135, -0.129978141), (0.104178353, -0.0327150635, -0.115773417), (0.122291557, 0.014166043, -0.125923259), (0.0458063593, -0.0910201745, -0.162979999), (0.0649298933, -0.078736249, -0.135619716), (0.0406582372, -0.0800292127, -0.162983081), (0.0576273454, -0.0678269642, -0.137346647), (0.0835353172, -0.033240879, -0.255309627), (0.0906618741, -0.0434317136, -0.242762794), (0.0706546865, -0.075175128, -0.231737312), (0.132540644, 0.0149874371, -0.217933576), (0.113665224, -0.00996290936, -0.23985848), (0.129994169, 0.0547647946, -0.225343999), (0.100838531, 0.00767440986, -0.261312431), (0.125097242, -0.0807359506, -0.152794713), (0.118200306, -0.114708379, -0.155955153), (0.124129137, -0.0817126853, -0.172717757), (0.116052969, -0.114558894, -0.169465776), (0.0945154915, -0.0947988956, -0.119897956), (0.0886603232, -0.123113413, -0.129452942), (0.110131534, -0.0900271045, -0.128542474), (0.103625723, -0.117653685, -0.138028728), (0.0675901006, -0.106062628, -0.134074941), (0.0510743773, -0.110795892, -0.160374654), (0.0690904933, -0.119065312, -0.136205018), (0.0551166226, -0.116842154, -0.160588556), (0.0884445724, -0.0984182693, -0.210392777), (0.0852289609, -0.116515446, -0.204029978), (0.0729952744, -0.100951184, -0.214554918), (0.0756271259, -0.11669082, -0.207247747), (0.106962463, -0.092471561, -0.201079124), (0.102588578, -0.115796379, -0.193185727), (0.119300018, -0.0856538359, -0.185675134), (0.11336194, -0.115317413, -0.181089813), (0.134638667, -0.0297475654, -0.1772664), (0.131840687, -0.0328568426, -0.153441348), (0.120651851, -0.0461840773, -0.128848532), (0.100421207, -0.0628323333, -0.118374447), (0.065028214, -0.0844826173, -0.136770901), (0.0473606897, -0.0953965253, -0.162174324), (0.0908159818, -0.0617967295, -0.230350651), (0.0718918632, -0.0821087421, -0.225762556), (0.108759667, -0.050345602, -0.222763312), (0.122869461, -0.0351678418, -0.202740405), (0.0468619972, -0.0912658222, -0.193254767), (0.0402513928, -0.0859549623, -0.197428929), (0.0481370844, -0.0901861436, -0.218803052), (0.0430484478, -0.0833721171, -0.224712774), (0.047933354, -0.0957987464, -0.190202202), (0.0512895117, -0.0951434804, -0.212653846), (0.0552525456, -0.117084103, -0.18534072), (0.0511831774, -0.110430657, -0.185462157), (0.0618070547, -0.117281053, -0.200769676), (0.0570389621, -0.10731799, -0.201439119), (0.0708319104, -0.15548343, -0.184023407), (0.0737873881, -0.153745403, -0.18854277), (0.0716002914, -0.186577126, -0.195460973), (0.0744327912, -0.186014941, -0.198562853), (0.109502775, -0.138568567, -0.158323481), (0.107495368, -0.137463307, -0.169488584), (0.0876278015, -0.140668747, -0.142156041), (0.10396476, -0.13939366, -0.150292312), (0.0606749794, -0.139749341, -0.16456022), (0.0730701708, -0.139446057, -0.150111389), (0.0852289609, -0.132707851, -0.19589494), (0.0769142335, -0.132514908, -0.198349568), (0.0983512324, -0.133593046, -0.188466024), (0.105747786, -0.136069557, -0.179354868), (0.066537545, -0.132387924, -0.195954734), (0.0610698034, -0.136548215, -0.1840419), (0.102389779, -0.233442205, -0.226431075), (0.100706615, -0.219607032, -0.219702116), (0.107504306, -0.23342063, -0.217222215), (0.106693391, -0.220793661, -0.207865411), (0.107601085, -0.233389809, -0.201926408), (0.105545289, -0.221899846, -0.194282974), (0.10332737, -0.233420014, -0.189814467), (0.0980217501, -0.223437225, -0.183357662), (0.0857452217, -0.233420014, -0.182037267), (0.0857754268, -0.222901854, -0.17826995), (0.0686161497, -0.233420014, -0.187604562), (0.0729151384, -0.223280343, -0.183479715), (0.061764521, -0.233420014, -0.196090041), (0.0648660927, -0.22191464, -0.19379137), (0.0583146658, -0.233420014, -0.215929559), (0.0609616198, -0.221730019, -0.210752465), (0.0839785309, -0.233413541, -0.226708161), (0.0842312676, -0.219995691, -0.22231455), (0.0909784114, -0.233430185, -0.231851351), (0.0902091057, -0.219099709, -0.224247061), (0.0643026749, -0.233420014, -0.228392866), (0.0672609265, -0.219300974, -0.223521213), (0.07673177, -0.233420322, -0.232826237), (0.0781187394, -0.219204194, -0.226003272), (0.102799397, -0.149612234, -0.165363737), (0.101291916, -0.148491563, -0.172883885), (0.086794387, -0.149847711, -0.152693001), (0.0989408485, -0.150246542, -0.158231941), (0.0673111657, -0.150141132, -0.169517865), (0.0761113323, -0.150905506, -0.15878303), (0.0853029326, -0.145089173, -0.192359401), (0.0790313652, -0.145205062, -0.192495016), (0.0948462067, -0.146005189, -0.187682232), (0.100017445, -0.147001341, -0.181508677), (0.0718067958, -0.145724405, -0.188771466), (0.068012664, -0.147515445, -0.183118178), (0.0989876973, -0.208896546, -0.21144071), (0.103675654, -0.209005654, -0.199643456), (0.10330333, -0.210245913, -0.185597155), (0.096779642, -0.212174108, -0.174188253), (0.0859048773, -0.21383354, -0.171461163), (0.0746337476, -0.212276744, -0.174343285), (0.0661593646, -0.209739207, -0.190360316), (0.0645455487, -0.208324806, -0.205295511), (0.084475066, -0.209556127, -0.217781317), (0.0897840766, -0.20947445, -0.217101394), (0.070207466, -0.209362567, -0.216438423), (0.0788291759, -0.209414964, -0.219018494), (0.0970329951, -0.198710026, -0.202782014), (0.100961817, -0.198902661, -0.192708609), (0.101875059, -0.200025489, -0.181553369), (0.0949590135, -0.204882964, -0.169960154), (0.0860327867, -0.206490924, -0.163208079), (0.0761341403, -0.204775705, -0.170361759), (0.0676215386, -0.199280533, -0.187202341), (0.0685532738, -0.198205477, -0.200998988), (0.0843237322, -0.199149541, -0.20939755), (0.089847569, -0.198538658, -0.207823494), (0.0718712128, -0.199140911, -0.205882353), (0.0794107784, -0.199832855, -0.208773722), (0.0672720223, -0.021831977, -0.274345628), (0.00966779309, 0.16019327, 0.239503416), (0.015178993, 0.165333995, 0.229788157), (0.0250076746, 0.170370235, 0.230166029), (0.00221976746, 0.170087909, 0.488441614), (0, 0.166490419, 0.5), (0.00469011405, 0.166490419, 0.488387059), (0, 0.171563028, 0.488496784), (0.00221976746, 0.162893237, 0.488441305), (0, 0.161418118, 0.488496784), (0.0120959142, 0.166490419, 0.250555096), (0.0187561412, 0.174657819, 0.223522754), (0.00836065149, 0.176192732, 0.250555096), (0.0087785916, 0.179887618, 0.223522754), (0, 0.179626868, 0.250555404), (0, 0.180058678, 0.223522754), (0.00897276732, 0.159082769, 0.250555096), (0, 0.153494207, 0.250555404), (0, 0.154835869, 0.239672934), (0.00639978499, 0.173784953, 0.359395207), (0.00592297573, 0.173423108, 0.38645498), (0.00952293184, 0.166490419, 0.359395207), (0.0090464308, 0.166490419, 0.38645498), (0, 0.176617145, 0.359395207), (0, 0.175784655, 0.386455288), (0.00639978499, 0.159195884, 0.359395207), (0.00592297573, 0.159557729, 0.38645498), (0, 0.155244563, 0.359395207), (0, 0.156224071, 0.386455288), (0.00471384664, 0.172429114, 0.444712318), (0.00376331028, 0.171556556, 0.46827662), (0.00783730171, 0.166490419, 0.444712318), (0.00688645714, 0.166490419, 0.46827477), (0, 0.174888981, 0.444712626), (0, 0.173655194, 0.468280935), (0.00471384664, 0.160551724, 0.444712318), (0.00376331028, 0.161424282, 0.46827662), (0, 0.157944838, 0.444712626), (0, 0.158868868, 0.468280935), (0.00734878027, 0.174286728, 0.305532405), (0.00711515298, 0.174194571, 0.331526061), (0.0104719271, 0.166490419, 0.305532405), (0.010238608, 0.166490419, 0.331526061), (0, 0.177944628, 0.305532713), (0, 0.177512202, 0.331526369), (0.00734878027, 0.15869411, 0.305532405), (0.00711515298, 0.158785958, 0.331526061), (0, 0.154220671, 0.305532713), (0, 0.154511318, 0.331526369), (0.005684417, 0.172925957, 0.415889861), (0.00880756385, 0.166490419, 0.415889861), (0, 0.175591712, 0.415890169), (0.005684417, 0.160054881, 0.415889861), (0, 0.156925261, 0.415890477), (0.00772449487, 0.174484294, 0.28090476), (0.0108476417, 0.166490419, 0.28090476), (0, 0.178497259, 0.28090476), (0.00692899087, 0.158496544, 0.28090476), (0, 0.154853129, 0.28090476), (0.0535169845, 0.0570865814, -0.418713114), (0.055377681, 0.049186712, -0.41972252), (0.0516331719, 0.0560281697, -0.422184853), (0.0502539079, 0.0531364926, -0.424726089), (0.049749051, 0.049186712, -0.425656283), (0.0502539079, 0.0452366231, -0.424726089), (0.0516331719, 0.0423452543, -0.422184853), (0.0535169845, 0.0412868425, -0.418713114), (0.0554011054, 0.0423452543, -0.415241376), (0.0567803694, 0.0452366231, -0.412699831), (0.0572852262, 0.049186712, -0.411769637), (0.0567803694, 0.0531364926, -0.412699831), (0.0554011054, 0.0560281697, -0.415241376), (0.0460868354, 0.0607734543, -0.422291804), (0.0492774814, 0.0625657269, -0.416412286), (0.0437511789, 0.0558762195, -0.426596032), (0.0428961893, 0.049186712, -0.428171629), (0.0437511789, 0.0424972045, -0.426596032), (0.0460868354, 0.0375999697, -0.422291804), (0.0492774814, 0.0358073888, -0.416412286), (0.0524684357, 0.0375999697, -0.410532769), (0.0548040921, 0.0424972045, -0.406228541), (0.0556590817, 0.049186712, -0.404653251), (0.0548040921, 0.0558762195, -0.406228541), (0.0524684357, 0.0607734543, -0.410532769), (0.0381499801, 0.0621132667, -0.418865065), (0.0417098682, 0.0641129683, -0.412305316), (0.0355443269, 0.0566498402, -0.423667061), (0.0345904002, 0.049186712, -0.425424505), (0.0355443269, 0.0417235838, -0.423667061), (0.0381499801, 0.0362601572, -0.418865065), (0.0417098682, 0.0342601474, -0.412305316), (0.0452694481, 0.0362601572, -0.405745875), (0.0478754095, 0.0417235838, -0.400943879), (0.048829028, 0.049186712, -0.399186435), (0.0478754095, 0.0566498402, -0.400943879), (0.0452694481, 0.0621132667, -0.405745875), (-0.080704975, 0.0325187303, -0.29866814), (-0.0805853874, 0.0553220481, -0.293005914), (-0.0743942642, 0.0453010402, -0.339513772), (-0.0761643454, 0.0586208778, -0.335720565), (-0.0113503411, -0.0185047915, -0.381606752), (-0.0113226017, -0.0258122709, -0.380899705), (-0.0218910002, -0.0217968404, -0.384461751), (-0.0216083667, -0.028828467, -0.383667172), (-0.0254659909, 0.145713617, -0.36294215), (-0.0263243708, 0.141896369, -0.398021689), (-0.0459459809, 0.141938595, -0.364312168), (-0.0454176997, 0.138340488, -0.395635177), (-0.0444600744, 0.118603605, -0.428180259), (-0.0255371887, 0.120392796, -0.433297868), (-0.0378611822, 0.0937984283, -0.441510576), (-0.0210991948, 0.0954144018, -0.447321053), (-0.0131290523, -0.0370991196, -0.483769684), (-0.0148695447, -0.0323310271, -0.489985156), (-0.0057004442, -0.0392026899, -0.484780323), (-0.00592667432, -0.035820642, -0.491571233), (-0.00423642095, -0.0691439687, -0.432169491), (-0.00574914224, -0.0719441057, -0.422348515), (-0.0130304233, -0.0679573393, -0.429374902), (-0.0155790566, -0.0697755021, -0.420772302), (-0.076696017, 0.110208742, -0.379646193), (-0.0809099382, 0.111915639, -0.363807311), (-0.0704102717, 0.125902763, -0.391671834), (-0.0718043301, 0.128106195, -0.365123083), (-0.0217535362, -0.0325039359, -0.481714196), (-0.028274758, -0.0277549527, -0.479846718), (-0.0239591257, -0.0267255132, -0.485579833), (-0.0312573586, -0.0235755516, -0.480149386), (-0.022421439, -0.0643672461, -0.424486606), (-0.0240503575, -0.0660889374, -0.416749166), (-0.0297424799, -0.0595399762, -0.413966597), (-0.0246217889, -0.0626991842, -0.408382966), (-0.0136903125, 0.0372486041, -0.471563737), (-0.00997015242, 0.00929192439, -0.484988984), (-0.0252952396, 0.0382046883, -0.460078089), (-0.0191740813, 0.0100843462, -0.477406885), (-0.0476331521, 0.0339621031, -0.432290312), (-0.0367540725, 0.0375093543, -0.447824369), (-0.034445539, 0.00886535424, -0.449358049), (-0.0281107874, 0.0101990024, -0.464826764), (-0.0413372358, -0.0294932877, -0.34645016), (-0.0621072565, -0.0311496374, -0.372616724), (-0.0479281143, -0.0389964937, -0.381202065), (-0.0498023723, -0.0380055812, -0.393393834), (-0.0134831918, -0.0464774984, -0.302663228), (-0.0287028692, -0.0349046258, -0.307827069), (-0.0138539749, -0.0416314274, -0.328656575), (-0.0259203004, -0.0355518782, -0.33446582), (-0.0754868879, 0.0888392422, -0.367784215), (-0.0738320793, 0.089710259, -0.381055354), (-0.0713555684, 0.0745260263, -0.370251171), (-0.0668349728, 0.0761312122, -0.387199012), (-0.055805484, -0.0223186491, -0.409081382), (-0.0627757757, 0.0118932625, -0.380066291), (-0.0482921167, 0.00129342601, -0.418005452), (-0.0586105526, 0.0254966583, -0.399040957), (-0.0355905592, -0.0424768623, -0.460993797), (-0.0366760939, -0.0496496515, -0.443024838), (-0.0388283622, -0.0352680118, -0.459590493), (-0.0395989008, -0.0401301101, -0.444747763), (-0.0078490139, -0.0401547673, -0.402291089), (-0.016797124, -0.0412819111, -0.399033252), (-0.0427405406, -0.0370676816, -0.403418849), (-0.0428776964, -0.0411872889, -0.40891772), (-0.0364165766, -0.0246231758, -0.394142489), (-0.0367479081, -0.0297081138, -0.408181702), (-0.0109481199, -0.0268179778, -0.40991418), (-0.0115238664, -0.0171936431, -0.392295971), (-0.0209811483, -0.0275912903, -0.409159669), (-0.0214841559, -0.0204511719, -0.393960334), (-0.0415144596, -0.0356428018, -0.400037726), (-0.0318260161, -0.025546281, -0.389506621), (-0.0399194448, -0.0366155296, -0.398291993), (-0.0309516089, -0.03186593, -0.38704059), (-0.0251808916, -0.0412920822, -0.397506661), (-0.0669665808, -0.022116768, -0.380733577), (-0.0610698034, -0.0225294685, -0.395381207), (-0.0435163188, -0.0385449582, -0.397496489), (-0.044360829, -0.0373638767, -0.399618553), (-0.0282331489, -0.0543773679, -0.446197608), (-0.0276469232, -0.0502047475, -0.461593893), (-0.0193343533, -0.0558577265, -0.450645465), (-0.0187804902, -0.0539877836, -0.462667407), (-0.0100965207, -0.0560546762, -0.453122592), (-0.00741997803, -0.054819657, -0.463372912), (-0.0122262893, -0.0625564805, -0.428990558), (-0.00429313259, -0.0642658432, -0.431037724), (-0.0274089809, -0.0565006639, -0.422516493), (-0.0220876417, -0.0592742945, -0.425247281), (-0.0313174607, -0.0552970827, -0.417090977), (-0.0332579849, -0.055263179, -0.408015265), (-0.0258928693, -0.0587475543, -0.398584182), (-0.0191161368, -0.0605993126, -0.395879283), (-0.0170011626, -0.0654657258, -0.406918943), (-0.00810421626, -0.0619647069, -0.394532382), (-0.00717587142, -0.0666326294, -0.405377558), (-0.013846886, -0.0532304983, -0.415643289), (-0.0058702709, -0.0545367152, -0.420506928), (-0.0344122517, -0.0459600047, -0.409010801), (-0.0228353723, -0.0515094234, -0.412780584), (-0.0391569199, -0.043631129, -0.40183832), (-0.0327710046, -0.0456696658, -0.374324546), (-0.0429763254, -0.0425027524, -0.392764766), (-0.00884362506, -0.0505678253, -0.367526238), (-0.0224125007, -0.0477143669, -0.368925536), (-0.0263289941, 0.130631404, -0.416612626), (-0.0457182097, 0.127849143, -0.414084952), (-0.040543581, 0.00636295325, -0.434305116), (-0.0550306304, 0.0317312399, -0.417406589), (-0.035398541, -0.0273397865, -0.471096174), (-0.0330027826, -0.0333117685, -0.475082633), (-0.0263610485, -0.0416070784, -0.476059367), (-0.00531764065, -0.0454360385, -0.47658395), (-0.0177553657, -0.0451601857, -0.4762782), (-0.0345250585, 0.0710943558, -0.448753947), (-0.0162648359, 0.0762942582, -0.456807924), (-0.035478677, 0.0635162633, -0.449236304), (-0.0147958813, 0.0686979809, -0.459274572), (-0.0455936907, 0.0557766659, -0.433099685), (-0.0564887976, 0.0566575455, -0.424022433), (-0.0500920948, 0.0596364476, -0.429596509), (-0.0579226157, 0.0602229815, -0.422457007), (-0.0691022055, 0.0561382026, -0.373999379), (-0.0629486846, 0.0569306244, -0.393555031), (-0.0679920135, 0.048283949, -0.374996147), (-0.0587187362, 0.0532169368, -0.399958206), (-0.0643504483, 0.0592915545, -0.409048712), (-0.0611863088, 0.0554323892, -0.411068755), (-0.0164284983, -0.00585193208, -0.492357799), (-0.00685193701, -0.00802238507, -0.497187534), (-0.0330185016, -0.00336001041, -0.469098938), (-0.0266328945, -0.00421006853, -0.481045676), (-0.0372025259, -0.00750889818, -0.455115513), (-0.0417101764, -0.0121940808, -0.441017123), (-0.0476288371, -0.0241990714, -0.425420498), (-0.0429683118, -0.0450717279, -0.419792177), (-0.0448388711, -0.0425967581, -0.408893063), (-0.0488120761, -0.0415710171, -0.4204496), (-0.049532992, -0.0386682443, -0.409154429), (-0.0335899329, 0.0560263204, -0.45086214), (-0.0138925019, 0.0596201122, -0.459286592), (-0.0294752571, 0.0489222631, -0.454747812), (-0.0134255555, 0.050278411, -0.463166408), (-0.0447229821, 0.0497895813, -0.430694989), (-0.0427377666, 0.0517307221, -0.436345194), (-0.0498575428, 0.042818365, -0.427361639), (-0.040118552, 0.046815919, -0.44130777), (-0.0667039813, 0.0379556503, -0.377267079), (-0.0589622264, 0.042902816, -0.404350892), (-0.0754677785, 0.0322277749, -0.346515501), (-0.0786528767, 0.016902996, -0.303322501), (-0.055261792, 0.039025466, -0.416431087), (-0.0741057746, 0.00627942687, -0.318273722), (-0.0772480308, 0.0168919002, -0.354833927), (-0.0434491278, 0.134982789, -0.333194431), (-0.0196311648, 0.144519591, -0.334308321), (-0.0749807982, 0.10618838, -0.341901517), (-0.0653647853, 0.121419153, -0.335664778), (-0.0151752944, -0.0138877245, -0.495092286), (-0.00635447732, -0.0169381325, -0.498980423), (-0.0152970395, -0.0235817159, -0.495417145), (-0.00650519466, -0.0266435279, -0.497739856), (-0.0331874036, -0.020876201, -0.480211337), (-0.0335329131, -0.00988616372, -0.475093112), (-0.0255088328, -0.0216701639, -0.48992752), (-0.0241005966, -0.0122276763, -0.487692342), (-0.0371701633, -0.0223180327, -0.466337945), (-0.0412157989, -0.0259216874, -0.451771684), (-0.0367944487, -0.0138920395, -0.460924449), (-0.0407802905, -0.0181725353, -0.445609533), (-0.0441977831, -0.0270198589, -0.435939274), (-0.0409843291, -0.0345726778, -0.444829132), (-0.0399474924, -0.0473383441, -0.433153931), (-0.0445704155, -0.0419427249, -0.433598994), (-0.0318824195, -0.0462595901, -0.435674209), (-0.0378238882, -0.0471672845, -0.433256875), (-0.0212656311, -0.040852567, -0.436958543), (-0.0106306581, -0.0404746949, -0.437087068), (-0.0568725258, 0.0786484076, -0.417246934), (-0.0503812008, 0.0870851883, -0.429252849), (-0.0616927068, 0.075115026, -0.403948979), (-0.0752945615, -0.00119942031, -0.359741642), (-0.0716970711, -0.0132826976, -0.345176922), (-0.0528278148, -0.0227273428, -0.319473913), (-0.0450499987, -0.0400166868, -0.403228372), (-0.0506841766, -0.0374890121, -0.397309711), (-0.0504822955, -0.0377118519, -0.401885169), (-0.0570349553, 0.112075603, -0.421822391), (-0.0610386736, -0.0182631506, -0.300215689), (-0.0326803892, -0.0394440225, -0.285437068), (-0.063804907, 0.120154545, -0.407891979), (-0.0444640812, 0.0492381839, -0.42836488), (-0.0483790335, 0.0439442759, -0.425369951), (-0.0536624622, 0.042316282, -0.416084653), (-0.0541623876, 0.0447293006, -0.406639392), (-0.0539765337, 0.0512206255, -0.405287867), (-0.0563470185, 0.0539338459, -0.411491627), (-0.0522415891, 0.0537338141, -0.423350832), (-0.038667782, 0.0485810687, -0.415894793), (-0.0408934055, -0.0449684757, -0.419597384), (-0.0626771468, 0.0959713471, -0.409801682), (-0.0632911119, 0.0878843909, -0.406326553), (-0.0663498418, 0.0832867414, -0.399443794), (-0.0706848916, 0.0839346102, -0.391782484), (-0.0647424983, 0.104458675, -0.408542005), (-0.0686981351, 0.110104257, -0.40302834), (-0.0730331849, 0.110751818, -0.395367029), (-0.0757618161, 0.0683888409, -0.361660899), (-0.0737254368, 0.0739727796, -0.362066819), (-0.0768149881, 0.0673708053, -0.353374219), (-0.0744235447, 0.0999380795, -0.379107125), (-0.0782842511, 0.0985301515, -0.366114304), (-0.0737507104, 0.0895801921, -0.387696472), (-0.0730227056, 0.0787590569, -0.359544075), (-0.0758157538, 0.0980675201, -0.386436795), (-0.0760919148, 0.106154168, -0.388484271), (-0.0773164546, 0.0707075455, -0.33004262), (-0.0744198461, 0.0827701724, -0.300743354), (-0.076983582, 0.0804551664, -0.333720246), (-0.0719809375, 0.0964466152, -0.320948724), (-0.0759865051, 0.0702122433, -0.3449735), (-0.0778897353, 0.0968022958, -0.344865624), (-0.0734807137, 0.0762520327, -0.346866559), (-0.0766337575, 0.090726137, -0.355606007), (-0.0721664832, 0.079725004, -0.351286984), (-0.0724210691, 0.080095479, -0.35615463), (-0.0167302412, -0.0557772823, -0.284986765), (0.0054745223, -0.0865174555, -0.359506165), (2.18832948e-05, -0.0941131163, -0.386430323), (0.00876102332, -0.0507786446, -0.367389699), (0, -0.0623092917, -0.393339896), (0.00877705053, -0.0832414338, -0.323487803), (0.0138314752, -0.0416733447, -0.328616507), (0.0125338883, -0.0897213548, -0.304259784), (0.0140882187, -0.0463646916, -0.303451643), (0.0133469606, -0.0938517496, -0.284157049), (0.0166464066, -0.0558432404, -0.2849618), (0.0138256191, -0.0998551696, -0.269460413), (0.0205548864, -0.0666517388, -0.270259616), (0.0124586837, -0.105966157, -0.250439823), (0.0123070417, -0.1176167, -0.227586883), (0.0233137226, -0.0908981212, -0.226666243), (0.0124038214, -0.125948379, -0.205915024), (0.0120043742, -0.133798626, -0.161358478), (0.0278836327, -0.0950966317, -0.162436615), (0.0134973697, -0.127516271, -0.130071839), (0.0376953623, -0.0808832776, -0.135287768), (0.0446209628, -0.0725442012, -0.113920118), (0.0135642524, -0.117458893, -0.105634671), (0.0152276911, -0.110416479, -0.0842414387), (0.0503355849, -0.0667996822, -0.0828144013), (0.013804044, -0.107392578, -0.0546638541), (0.0533428428, -0.0689963335, -0.0530115112), (0.0022425754, -0.0942425668, -0.00322516616), (-4.31501589e-06, -0.0978832073, -0.357295644), (-4.31501589e-06, -0.0995219887, -0.385344788), (0, -0.0511176816, -0.36620985), (0, -0.0623022028, -0.393342978), (-4.31501589e-06, -0.0972809544, -0.323817593), (0, -0.0450680293, -0.327891585), (-4.31501589e-06, -0.0995562006, -0.304084717), (0, -0.0518854462, -0.304439165), (-4.31501589e-06, -0.104694768, -0.287461119), (0, -0.062571583, -0.287040405), (-4.31501589e-06, -0.110154496, -0.271417581), (0, -0.0742967141, -0.27185648), (-4.31501589e-06, -0.118067927, -0.253596258), (0, -0.0862030757, -0.253038696), (-4.31501589e-06, -0.128767934, -0.229419224), (0, -0.101530012, -0.22903118), (-4.31501589e-06, -0.134228278, -0.210019529), (0, -0.108059248, -0.210472297), (-4.31501589e-06, -0.143560116, -0.159708909), (0, -0.107396893, -0.160559275), (-4.31501589e-06, -0.135847025, -0.130207454), (0, -0.0945711244, -0.112576607), (-4.31501589e-06, -0.127602571, -0.105002829), (-4.31501589e-06, -0.119935096, -0.0859877873), (0, -0.0798769542, -0.0857760433), (-4.62323131e-06, -0.104549907, -0.00100324119), (-4.31501589e-06, -0.116332058, -0.0562992451), (0, -0.0778165342, -0.0558745243), (0.00659211141, 0.173861391, 0.366512518), (0.00010633432, 0.176780191, 0.366447484), (0.00873821538, 0.177055119, 0.407623215), (0.00010633432, 0.179934467, 0.408467109), (0.0132742217, 0.169025799, 0.408467109), (0.00987275635, 0.166389941, 0.366347006), (0.00988138638, 0.166394256, 0.366370739), (0.00652954368, 0.173865706, 0.366539641), (0.0115454414, 0.166614013, 0.407623215), (0.00869537344, 0.175955714, 0.408467109), (0.00869537344, 0.157843435, 0.408467109), (0.00590263352, 0.159059653, 0.366927992), (0.00596119445, 0.173436362, 0.394126154), (0.00010633432, 0.176453174, 0.394370569), (0.00989433143, 0.178522841, 0.435128668), (0.00010633432, 0.182410978, 0.435972561), (0.0144303378, 0.169380555, 0.435972561), (0.0090482801, 0.16648672, 0.394152044), (0.00918728525, 0.166555452, 0.3945293), (0.00518911482, 0.173489066, 0.394459026), (0.0127015575, 0.166634355, 0.435128668), (0.00985148948, 0.177271178, 0.435972561), (0.00985148948, 0.156648176, 0.435972561), (0.0058582505, 0.159279103, 0.39440663), (0.0057263343, 0.172993148, 0.415921299), (0.000108183613, 0.175696505, 0.415897875), (0.00961416361, 0.178480615, 0.448392718), (0.000124210814, 0.18252286, 0.449144764), (0.0134536031, 0.168827925, 0.449144764), (0.00878598877, 0.166487337, 0.416003284), (0.00860321703, 0.166573021, 0.416072941), (0.00577349125, 0.172946299, 0.415888936), (0.0134021311, 0.166668259, 0.44839241), (0.0114387989, 0.177706686, 0.449144764), (0.0114387989, 0.15630544, 0.449144764), (0.006208075, 0.160069367, 0.416003284), (0.0057263343, 0.172993148, 0.429103364), (0.000108183613, 0.175696505, 0.42907994), (0.00834246678, 0.178604826, 0.461574784), (0.000124210814, 0.18240204, 0.462326829), (0.0121819063, 0.168852274, 0.462326829), (0.00878598877, 0.166487337, 0.42918535), (0.00860321703, 0.166573021, 0.429255006), (0.00577349125, 0.172946299, 0.429071002), (0.0121304343, 0.166670417, 0.461574784), (0.0101671021, 0.177822883, 0.462326829), (0.0101671021, 0.156200339, 0.462326829), (0.006208075, 0.160069367, 0.42918535), (0.00827712511, 0.166581959, 0.444655606), (0.00469196334, 0.172761986, 0.444814337), (0.0109774004, 0.166681512, 0.473048719), (0.00905136225, 0.177625009, 0.473736039), (0.00905136225, 0.156407151, 0.473736039), (0.00490463198, 0.160260461, 0.444789988), (0.00476963363, 0.172474421, 0.444655914), (0.000107567182, 0.174945076, 0.444617696), (0.00795750572, 0.177240048, 0.473049027), (0.000114656136, 0.181079796, 0.473736348), (0.0113272249, 0.166910208, 0.473736348), (0.0066318712, 0.165369131, 0.444789988), (0.00827712511, 0.166581959, 0.454863701), (0.00469196334, 0.172761986, 0.455022124), (0.0102685049, 0.166654698, 0.483256814), (0.008342775, 0.176216156, 0.483944134), (0.008342775, 0.157677924, 0.483944134), (0.00490463198, 0.160260461, 0.454997775), (0.00476963363, 0.172474421, 0.454863701), (0.000107567182, 0.174945076, 0.45482579), (0.00724891847, 0.175879893, 0.483256814), (0.000114656136, 0.179314954, 0.483944134), (0.0106183294, 0.166854421, 0.483944134), (0.0066318712, 0.165369131, 0.454998083), (0.00716230994, 0.166607849, 0.468430111), (0.0036218394, 0.171513714, 0.468493603), (0.00857917623, 0.166685519, 0.491775272), (0.0068057047, 0.174938912, 0.492393243), (0.0068057047, 0.158145795, 0.492393243), (0.00391680156, 0.16148161, 0.468486206), (0.00371707797, 0.171524193, 0.468430111), (0.000108183613, 0.173679543, 0.468206038), (0.00573681362, 0.174417719, 0.491775272), (0.000114964352, 0.177359636, 0.492393243), (0.00843123282, 0.168362827, 0.492393243), (0.00680293076, 0.166469152, 0.468486206), (0.00239699132, 0.170080512, 0.488145727), (0.00010633432, 0.17155933, 0.48816761), (0.00412669626, 0.170682765, 0.496567713), (0.0001319162, 0.173030442, 0.4968636), (0.0063979357, 0.167541742, 0.4968636), (0.00468857297, 0.166480864, 0.488117679), (0.00470552482, 0.166516925, 0.488117063), (0.000809373694, 0.168889568, 0.488326957), (0.00543383786, 0.166777059, 0.496567713), (0.00444908959, 0.170287941, 0.496676205), (0.00444908959, 0.162567453, 0.4968636), (0.00232332784, 0.162900326, 0.488167918), (0.00010633432, 0.152996131, 0.408467109), (0.00010633432, 0.1561501, 0.366447484), (0.00873821538, 0.15587548, 0.407623215), (0.00659211141, 0.159069208, 0.366512518), (0.00987275635, 0.16654035, 0.366347006), (0.0132742217, 0.1639048, 0.408467109), (0.00010633432, 0.15051962, 0.435972561), (0.00010633432, 0.156477116, 0.394370569), (0.00989433143, 0.15440745, 0.435128668), (0.00596119445, 0.159494237, 0.394126154), (0.0090482801, 0.166443878, 0.394152044), (0.0144303378, 0.163550044, 0.435972561), (0.000124210814, 0.150407738, 0.449144764), (0.000108183613, 0.157233785, 0.415897875), (0.00961416361, 0.154449675, 0.44839241), (0.0057263343, 0.159937143, 0.415921299), (0.00878598877, 0.166442954, 0.416003284), (0.0134539113, 0.164102674, 0.449144764), (0.000124210814, 0.15052825, 0.462326829), (0.000108183613, 0.157233785, 0.42907994), (0.00834246678, 0.154325464, 0.461574784), (0.0057263343, 0.159937451, 0.429103056), (0.00878598877, 0.166442954, 0.42918535), (0.0121822145, 0.164078325, 0.462326829), (0.000114656136, 0.151850803, 0.473736348), (0.000107567182, 0.157985523, 0.444617696), (0.00795750572, 0.15569055, 0.473049027), (0.00476963363, 0.160455869, 0.444655914), (0.0066318712, 0.167561467, 0.444789988), (0.0113272249, 0.16602039, 0.473736348), (0.000114656136, 0.153615336, 0.483944134), (0.000107567182, 0.157985523, 0.45482579), (0.00724891847, 0.157050705, 0.483256814), (0.00476963363, 0.160455869, 0.454863701), (0.0066318712, 0.167561467, 0.454997775), (0.0106183294, 0.166076177, 0.483944134), (0.000114964352, 0.155570963, 0.492393243), (0.000108183613, 0.159251055, 0.468206038), (0.00573681362, 0.158512571, 0.491775272), (0.00371707797, 0.161406405, 0.468430111), (0.00680293076, 0.166461447, 0.468486206), (0.00843123282, 0.164567771, 0.492393243), (0.0001319162, 0.159900157, 0.4968636), (0.00010633432, 0.161370961, 0.48816761), (0.00412669626, 0.162247525, 0.496567713), (0.00239699132, 0.162850086, 0.488145727), (0.00468857297, 0.166449426, 0.488117679), (0.0063979357, 0.165388549, 0.4968636), (-0.0446212711, -0.0725435847, -0.113920426), (-0.0503355849, -0.0667987575, -0.0828137849), (-0.0353128571, 0.222185253, -0.161598886), (-0.0334506196, 0.215230064, -0.109518494), (-0.123751265, -0.0116124783, 0.00607184378), (-0.134758871, 0.046260823, 0.00664882305), (-0.125789186, -0.0151742157, -0.0400208477), (-0.133302861, 0.0418366988, -0.0363496938), (-0.00618711635, 0.031551242, 0.247493284), (-0.0170649632, 0.0934553846, 0.278578967), (-0.0025504826, 0.00162414116, 0.212541964), (-0.0233140308, -0.0908981212, -0.226666552), (-0.0247475407, -0.0782061184, -0.250990604), (-0.0240306317, 0.167831464, -0.291249703), (-0.0349371425, 0.19477843, -0.255679177), (-0.0612565819, 0.173103489, -0.244230207), (-0.0505137335, 0.145961114, -0.285129161), (-0.0971436444, 0.128912795, -0.235783564), (-0.0772255311, 0.106757037, -0.275337773), (-0.0558030183, -0.072280677, 0.00122145771), (-0.0485396137, -0.0601847628, 0.066443231), (-0.104124107, 0.0142286108, 0.0972015889), (-0.110976352, 0.0555676958, 0.0945540185), (-0.114744902, 0.000858225838, 0.0673182546), (-0.126185242, 0.053689431, 0.0581664141), (-0.0375387889, 0.178871124, 0.0391008247), (-0.0334500031, 0.168770288, 0.110984983), (-0.0278836327, -0.0950957071, -0.162435691), (-0.0222633245, -0.0996723978, -0.206168993), (-0.0363179476, 0.214309425, -0.208700367), (-0.103257097, 0.142425575, -0.147063139), (-0.0676902706, 0.193698751, -0.156885348), (-0.108638847, 0.136364211, -0.187027275), (-0.0664586418, 0.191816172, -0.196894483), (-0.103210249, 0.128247666, -0.00251257211), (-0.0851938243, 0.156758209, -0.00747175822), (-0.10277135, 0.1269396, -0.0458898857), (-0.0829087152, 0.160707065, -0.0513946131), (-0.0355135054, 0.136509072, 0.26844207), (-0.0262448513, 0.162092185, 0.247132056), (-0.0723138101, 0.146048339, 0.242765259), (-0.0577968638, 0.158444763, 0.242879607), (-0.0875513641, 0.146085942, 0.206372415), (-0.0622518095, 0.167489037, 0.208458109), (-0.0875880417, 0.123366766, 0.096955633), (-0.0707832124, 0.153769136, 0.103131345), (-0.0975702146, 0.12736956, 0.0479382854), (-0.0812394205, 0.155517025, 0.0432709793), (-0.127060574, 0.0893348526, -0.142409086), (-0.127872414, 0.0481088826, -0.111042927), (-0.122385254, 0.0871301877, -0.090647388), (-0.130515669, 0.041464991, -0.0860398757), (-0.120861437, 0.0944524615, 0.00261305033), (-0.114657677, 0.0939990766, 0.0534109584), (-0.0205551946, -0.0666514306, -0.270259924), (-0.120408053, -0.0131754387, -0.0813081525), (-0.107338794, -0.0229298403, -0.110074822), (-0.0941108047, -0.0498487587, -0.0796092691), (-0.0708186571, -0.056443644, -0.113462418), (-0.104050752, -0.0459011356, 0.00387580891), (-0.0979813739, -0.0289566846, 0.0679901642), (-0.0287463276, 0.179836455, 0.165549591), (-0.0243437785, 0.176308313, 0.207355006), (-0.0117180421, 0.180314497, 0.207791439), (-0.0641935667, 0.17021212, 0.158597792), (-0.085337761, 0.143761689, 0.159742813), (-0.013088676, -0.0250072122, 0.142452852), (-0.0030300658, -0.0106582433, 0.179491408), (-0.0727681197, 0.172126138, -0.103695996), (-0.0389131215, 0.189229628, -0.0212770351), (-0.0256444476, 0.167096987, 0.239325884), (-0.0340568793, -0.0397201835, 0.110033213), (-0.0675682173, -0.0216686228, 0.105136595), (-0.0533425346, -0.0689944842, -0.0530096619), (-0.10295258, -0.0500950228, -0.0465630282), (-0.0403552614, -0.0481039512, -0.269293052), (-0.0581081614, -0.064374335, -0.247657255), (-0.0374404682, 0.203615274, -0.0615361333), (-0.0980118873, 0.127498702, -0.0976873364), (-0.120240075, 0.0904789483, -0.0382744991), (-0.101147979, 0.0934168577, 0.0974817567), (-0.116583716, 0.0919001296, -0.232648396), (-0.0920608639, 0.0692016049, -0.268908091), (-0.128645726, 0.0977405036, -0.186053006), (-0.0376959788, -0.0808826612, -0.135287768), (-0.0196755478, 0.153808587, -0.310205567), (-0.0479928395, 0.13918993, -0.311436272), (-0.0849041019, 0.0253222084, -0.283531372), (-0.0599136874, 0.116639657, -0.314156273), (-0.0787490399, 0.000772541951, -0.280458156), (-0.0921237399, -0.081757993, 0.180594511), (-0.0834450101, -0.112890833, 0.187430729), (-0.0894607586, -0.082646578, 0.196821744), (-0.0802244671, -0.111862009, 0.197973545), (-0.0638329546, -0.089637212, 0.223178169), (-0.0619519159, -0.107201176, 0.231895118), (-0.0531307906, -0.0871819679, 0.220480976), (-0.0540908816, -0.108332326, 0.224901402), (-0.0411914499, -0.0845285414, 0.213043122), (-0.0499278159, -0.109613886, 0.212298473), (-0.0372989973, -0.0825630516, 0.188921258), (-0.0439552175, -0.110569662, 0.190350145), (-0.0453258515, -0.0832192423, 0.172322933), (-0.0517533759, -0.112885901, 0.177484309), (-0.0647847239, -0.113856471, 0.173836579), (-0.0754156901, -0.114211844, 0.178108137), (-0.0630889226, -0.0873178909, 0.161873814), (-0.0795063252, -0.0824678131, 0.16616294), (-0.106798492, 0.0656182925, 0.136932406), (-0.11712186, 0.028751105, 0.147754466), (-0.105297483, 0.102992494, 0.165725274), (-0.119760184, 0.0461175028, 0.176795447), (-0.0776484026, 0.0855690766, 0.259353722), (-0.0793602311, 0.0322542814, 0.254731415), (-0.0530142852, 0.0520380128, 0.271117688), (-0.0590050683, 0.0177496637, 0.259106225), (-0.026851111, 0.00304100745, 0.239011504), (-0.027390488, -0.00750982283, 0.237206286), (-0.0146941702, -0.0209782203, 0.179670789), (-0.0318247832, -0.0200088828, 0.152440265), (-0.00929331136, -0.0133674569, 0.179352711), (-0.0283095864, -0.0178855867, 0.14778652), (-0.0596144102, -0.024035409, 0.12761228), (-0.0959129402, -0.0041894181, 0.132484857), (-0.0600970755, -0.0143728556, 0.120176275), (-0.0976099743, 0.0213486952, 0.121782385), (-0.106673665, -0.0224591954, 0.189054407), (-0.10575395, -0.026985647, 0.164283751), (-0.0538532475, -0.0313943604, 0.238091789), (-0.0704460247, -0.0276211872, 0.239595572), (-0.030412232, -0.0331111203, 0.228659164), (-0.035962267, -0.0329015338, 0.157878726), (-0.0218031588, -0.0347369566, 0.182252401), (-0.0604388864, -0.0444947486, 0.13957073), (-0.0897285978, -0.0339396033, 0.145163915), (-0.0834450101, -0.133225961, 0.19085007), (-0.0807484333, -0.132718639, 0.199985267), (-0.0619386627, -0.129200976, 0.225834062), (-0.0550472741, -0.130574076, 0.219989373), (-0.0499959316, -0.131763171, 0.209937851), (-0.0456852307, -0.132314877, 0.187832333), (-0.0543325225, -0.133228735, 0.179085488), (-0.0659602575, -0.13286689, 0.177231572), (-0.077176833, -0.133504588, 0.180792077), (-0.0854086505, -0.18438294, 0.183193383), (-0.085573854, -0.18302032, 0.173860004), (-0.0645211997, -0.186763288, 0.205547015), (-0.0590090751, -0.187485745, 0.20123354), (-0.051191191, -0.185509776, 0.19135616), (-0.0563038684, -0.182846178, 0.170248644), (-0.0647853403, -0.18113774, 0.164604911), (-0.0707856781, -0.180633808, 0.165345244), (-0.0770103967, -0.181244691, 0.167384706), (-0.0826738551, -0.185295258, 0.193381752), (-0.0712184125, -0.186193398, 0.203446526), (-0.0760654082, -0.13214166, 0.21012987), (-0.071747002, -0.131040406, 0.21824025), (-0.0763899591, -0.110657195, 0.209657684), (-0.0733845505, -0.109008859, 0.220615975), (-0.0817402706, -0.084792682, 0.208289824), (-0.0770285814, -0.0863128004, 0.216788556), (-0.0958075306, -0.0222070751, 0.212318816), (-0.0849820804, -0.0249988904, 0.232775073), (-0.111837506, 0.0546892819, 0.211400025), (-0.0956158206, 0.0432927085, 0.242329443), (-0.105731142, 0.1072471, 0.208117531), (-0.0973381283, 0.10157532, 0.235100558), (-0.0963126956, -0.219813536, 0.16786244), (-0.0942609056, -0.218007702, 0.155278929), (-0.0997631673, -0.233599087, 0.163439548), (-0.0987414332, -0.233544841, 0.149622868), (-0.0684959457, -0.233599087, 0.188766226), (-0.0577170361, -0.233599087, 0.187078747), (-0.0671009627, -0.223440615, 0.192227793), (-0.057559538, -0.222665453, 0.188842355), (-0.0479077721, -0.219638161, 0.172308755), (-0.0473856552, -0.233599087, 0.171925952), (-0.0528333627, -0.218545538, 0.148849247), (-0.0515437894, -0.233599087, 0.141523275), (-0.0689801522, -0.217252266, 0.142012412), (-0.0680505745, -0.233599087, 0.136370529), (-0.0736801291, -0.217234389, 0.145935378), (-0.0746433023, -0.233599087, 0.143914102), (-0.0802953567, -0.217212506, 0.143387978), (-0.0831065895, -0.233599087, 0.137557159), (-0.0775485408, -0.222119295, 0.192052419), (-0.0945555595, -0.220640786, 0.180132496), (-0.0785573299, -0.233599087, 0.190341515), (-0.0946942565, -0.233544841, 0.176844145), (-0.0899452733, -0.208244054, 0.174559344), (-0.0892770622, -0.206551951, 0.160665301), (-0.0645147271, -0.210180879, 0.201752266), (-0.0581013807, -0.209965129, 0.199032573), (-0.0490284434, -0.207889606, 0.181314194), (-0.0551921353, -0.206806537, 0.155989057), (-0.0673734252, -0.205229707, 0.15071056), (-0.0727496268, -0.207097184, 0.152805192), (-0.0783126069, -0.205159125, 0.151774211), (-0.0725252459, -0.208865108, 0.201675829), (-0.0882747457, -0.208862642, 0.188251198), (-0.087657082, -0.198669958, 0.177656601), (-0.0870240075, -0.196599675, 0.16808867), (-0.0644068518, -0.203890203, 0.208374891), (-0.0585846625, -0.203949996, 0.202115344), (-0.0502474353, -0.199104542, 0.185065175), (-0.0563858537, -0.19640704, 0.164200532), (-0.0660052569, -0.194206999, 0.15878827), (-0.0715771753, -0.193892927, 0.159951783), (-0.0774964524, -0.193948406, 0.16154125), (-0.0717648785, -0.203532056, 0.204580451), (-0.0854231366, -0.198999132, 0.189613818), (-0.0115537632, -0.0080029675, 0.211481394), (-0.0159023746, -0.0166175885, 0.209270257), (-0.021182413, -0.0338739535, 0.205662287), (-0.0359252812, -0.0825424012, 0.201523262), (-0.0437246724, -0.110656271, 0.200210881), (-0.0439786419, -0.132238747, 0.200146464), (-0.0523657999, -0.18339172, 0.180373828), (-0.050588938, -0.207317866, 0.170743946), (-0.05199964, -0.197569013, 0.174465339), (-0.0475597969, -0.219260906, 0.160445852), (-0.0450463001, -0.233599087, 0.154529041), (-0.0895858941, -0.0611806068, 0.210366271), (-0.0811161343, -0.0636309194, 0.219886429), (-0.0678157143, -0.0661271561, 0.225488552), (-0.0530164427, -0.0661872581, 0.22292081), (-0.0347814938, -0.0620075488, 0.217370158), (-0.0321009442, -0.0606853047, 0.185640922), (-0.0408761455, -0.0622855591, 0.166379924), (-0.0617343158, -0.0689642791, 0.150774669), (-0.0821560532, -0.0620580961, 0.156691788), (-0.0981015779, -0.0588344711, 0.173809456), (-0.0959653369, -0.060160722, 0.194934849), (-0.0293679981, -0.0603894179, 0.202880951), (-0.097570831, 0.129373269, 0.207820103), (-0.0970206665, 0.125119588, 0.161875355), (-0.102473614, 0.0789110071, 0.124617967), (-0.0861773398, 0.123649708, 0.240340221), (-0.062728927, 0.115030156, 0.262200091), (-0.0935856056, 0.0204798359, 0.110722383), (-0.034690262, 0.076222444, 0.277249325), (-0.0182167642, 0.0220353992, 0.248830014), (-0.00794856748, -0.00270721014, 0.211995806), (-0.00694409342, -0.0113936453, 0.179658769), (-0.0227065382, -0.0187279395, 0.143273014), (-0.0597734493, -0.0121127119, 0.115302772), (-0.0981524335, -0.187288179, -0.187182307), (-0.0990046491, -0.188389741, -0.178466591), (-0.0988708836, -0.157678232, -0.175605736), (-0.100352475, -0.15903438, -0.167757647), (-0.0936413926, -0.189659897, -0.170499531), (-0.0860007323, -0.190626768, -0.166552524), (-0.0970182007, -0.160030532, -0.161688577), (-0.0867182578, -0.160180941, -0.156209431), (-0.0768042006, -0.189509179, -0.169419852), (-0.070652529, -0.187484512, -0.184315904), (-0.0775719652, -0.159869952, -0.162264323), (-0.0702179453, -0.158528598, -0.170253883), (-0.0791065698, -0.185700561, -0.200341256), (-0.0844023271, -0.185632137, -0.201284395), (-0.0798046777, -0.152552301, -0.193066448), (-0.0851818039, -0.152748326, -0.193387608), (-0.0932437947, -0.15502573, -0.188531366), (-0.0908840974, -0.186110488, -0.19911086), (-0.097606584, -0.156267222, -0.182857428), (-0.0954182545, -0.186687467, -0.193771953), (-0.141771696, 0.0176630552, -0.184604701), (-0.138406292, 0.00943370348, -0.15211633), (-0.135956288, 0.0681493575, -0.186543068), (-0.137187916, 0.0527333468, -0.146218628), (-0.122291557, 0.014166043, -0.125923259), (-0.125053167, -0.0132195135, -0.129978141), (-0.104178353, -0.0327150635, -0.115773417), (-0.0996602233, -0.0498376629, -0.118036643), (-0.0576273454, -0.0678269642, -0.137346647), (-0.0649298933, -0.078736249, -0.135619716), (-0.0406582372, -0.0800292127, -0.162983081), (-0.0458063593, -0.0910201745, -0.162979999), (-0.0706546865, -0.075175128, -0.231737312), (-0.0906618741, -0.0434317136, -0.242762794), (-0.0835353172, -0.033240879, -0.255309627), (-0.100838531, 0.00767440986, -0.261312431), (-0.113665224, -0.00996290936, -0.23985848), (-0.129994169, 0.0547647946, -0.225343999), (-0.132540644, 0.0149874371, -0.217933576), (-0.116052969, -0.114558894, -0.169465776), (-0.118200306, -0.114708379, -0.155955153), (-0.124129137, -0.0817126853, -0.172717757), (-0.125097242, -0.0807359506, -0.152794713), (-0.103625723, -0.117653685, -0.138028728), (-0.0886603232, -0.123113413, -0.129452942), (-0.110131534, -0.0900271045, -0.128542474), (-0.0945154915, -0.0947988956, -0.119897956), (-0.0551166226, -0.116842154, -0.160588556), (-0.0510743773, -0.110795892, -0.160374654), (-0.0690904933, -0.119065004, -0.136205018), (-0.0675901006, -0.106062628, -0.134074941), (-0.0756271259, -0.11669082, -0.207247747), (-0.0852289609, -0.116515446, -0.204029978), (-0.0729952744, -0.100951184, -0.214554918), (-0.0884445724, -0.0984182693, -0.210392777), (-0.102588578, -0.115796379, -0.193185727), (-0.106962463, -0.092471561, -0.201079124), (-0.11336194, -0.115317413, -0.181089813), (-0.119300018, -0.0856538359, -0.185675134), (-0.131840687, -0.0328568426, -0.153441348), (-0.134638667, -0.0297475654, -0.1772664), (-0.100421207, -0.0628323333, -0.118374447), (-0.120651851, -0.0461840773, -0.128848532), (-0.0473606897, -0.0953965253, -0.162174324), (-0.065028214, -0.0844826173, -0.136770901), (-0.0718918632, -0.0821087421, -0.225762556), (-0.0908159818, -0.0617964212, -0.230350651), (-0.108759667, -0.050345602, -0.222763312), (-0.122869461, -0.0351678418, -0.202740405), (-0.0430484478, -0.0833721171, -0.224712774), (-0.0402513928, -0.0859549623, -0.197429237), (-0.0481370844, -0.0901861436, -0.218803052), (-0.0468619972, -0.0912658222, -0.193255075), (-0.0512895117, -0.0951434804, -0.212654154), (-0.047933354, -0.0957987464, -0.190202202), (-0.0570389621, -0.10731799, -0.201439119), (-0.0511831774, -0.110430657, -0.185462157), (-0.0618070547, -0.117281053, -0.200769984), (-0.0552525456, -0.117084103, -0.18534072), (-0.0744327912, -0.186014941, -0.198562853), (-0.0737873881, -0.153745403, -0.188543078), (-0.0716002914, -0.186577126, -0.195460973), (-0.0708319104, -0.15548343, -0.184023407), (-0.107495368, -0.137463307, -0.169488584), (-0.109502775, -0.138568567, -0.158323481), (-0.10396476, -0.13939366, -0.150292312), (-0.0876278015, -0.140668747, -0.142156349), (-0.0730701708, -0.139446057, -0.150111389), (-0.0606749794, -0.139749341, -0.16456022), (-0.0769142335, -0.132514908, -0.198349568), (-0.0852289609, -0.132707851, -0.19589494), (-0.0983512324, -0.133593046, -0.188466024), (-0.105747786, -0.136069557, -0.179355176), (-0.0610698034, -0.136548215, -0.1840419), (-0.066537545, -0.132387924, -0.195954734), (-0.106693699, -0.220793353, -0.207865411), (-0.100706615, -0.219607032, -0.219702116), (-0.107504306, -0.23342063, -0.217222215), (-0.102389779, -0.233442205, -0.226431075), (-0.0980217501, -0.223437225, -0.183357662), (-0.105545289, -0.221899846, -0.194282974), (-0.10332737, -0.233420014, -0.189814467), (-0.107601085, -0.233389809, -0.201926408), (-0.0729151384, -0.223280035, -0.183480023), (-0.0857754268, -0.222901854, -0.17826995), (-0.0686161497, -0.233420014, -0.187604562), (-0.0857452217, -0.233420014, -0.182037267), (-0.0609616198, -0.221729711, -0.210752465), (-0.0648660927, -0.22191464, -0.19379137), (-0.0583146658, -0.233420014, -0.215929559), (-0.061764521, -0.233420014, -0.196090041), (-0.0902091057, -0.219099401, -0.224247061), (-0.0842312676, -0.219995691, -0.22231455), (-0.0909784114, -0.233430185, -0.23185166), (-0.0839785309, -0.233413233, -0.226708161), (-0.0781187394, -0.219204194, -0.226003272), (-0.0672609265, -0.219300665, -0.223521521), (-0.07673177, -0.233420322, -0.232826545), (-0.0643026749, -0.233420014, -0.228392866), (-0.101291916, -0.148491563, -0.172884194), (-0.102799397, -0.149612234, -0.165364046), (-0.0989408485, -0.150246542, -0.158231941), (-0.086794387, -0.149847711, -0.152693001), (-0.0761113323, -0.150905506, -0.15878303), (-0.0673111657, -0.150141132, -0.169517865), (-0.0790313652, -0.145205062, -0.192495016), (-0.0853029326, -0.145089173, -0.192359401), (-0.0948462067, -0.146005189, -0.187682232), (-0.100017753, -0.147001341, -0.181508677), (-0.068012664, -0.147515445, -0.183118178), (-0.071807104, -0.145724405, -0.188771466), (-0.103675654, -0.209005654, -0.199643456), (-0.0989876973, -0.208896546, -0.21144071), (-0.096779642, -0.212174108, -0.174188253), (-0.10330333, -0.210245913, -0.185597155), (-0.0746337476, -0.212276744, -0.174343285), (-0.0859048773, -0.21383354, -0.171461163), (-0.0645455487, -0.208324806, -0.205295511), (-0.0661593646, -0.209738898, -0.190360316), (-0.0897840766, -0.20947445, -0.217101394), (-0.084475066, -0.209556127, -0.217781317), (-0.0788291759, -0.209414964, -0.219018494), (-0.070207466, -0.209362567, -0.216438423), (-0.100961817, -0.198902661, -0.192708609), (-0.0970329951, -0.198710026, -0.202782014), (-0.0949590135, -0.204882656, -0.169960154), (-0.101875059, -0.200025489, -0.181553369), (-0.0761341403, -0.204775705, -0.170361759), (-0.0860327867, -0.206490924, -0.163208079), (-0.0685532738, -0.198205477, -0.200998988), (-0.0676215386, -0.199280533, -0.187202341), (-0.089847569, -0.198538658, -0.207823494), (-0.0843240404, -0.199149541, -0.20939755), (-0.0794107784, -0.199832855, -0.208773722), (-0.0718712128, -0.199140911, -0.205882353), (-0.0672720223, -0.021831977, -0.274345628), (-0.0250076746, 0.170370235, 0.230166029), (-0.015178993, 0.165333995, 0.229788157), (-0.00966779309, 0.16019327, 0.239503416), (-0.00469011405, 0.166490419, 0.488387059), (-0.00221976746, 0.170087909, 0.488441614), (-0.00221976746, 0.162893237, 0.488441305), (-0.0087785916, 0.179887618, 0.223522754), (-0.0187561412, 0.174657819, 0.223522754), (-0.00836065149, 0.176192732, 0.250555096), (-0.0120959142, 0.166490419, 0.250555096), (-0.00897276732, 0.159082769, 0.250555096), (-0.0090464308, 0.166490419, 0.38645498), (-0.00592297573, 0.173423108, 0.38645498), (-0.00952293184, 0.166490419, 0.359395207), (-0.00639978499, 0.173784953, 0.359395207), (-0.00592297573, 0.159557729, 0.38645498), (-0.00639978499, 0.159195884, 0.359395207), (-0.00688645714, 0.166490419, 0.46827477), (-0.00376331028, 0.171556556, 0.46827662), (-0.00783730171, 0.166490419, 0.444712318), (-0.00471415485, 0.172429114, 0.444712318), (-0.00376331028, 0.161424282, 0.46827662), (-0.00471415485, 0.160551724, 0.444712318), (-0.010238608, 0.166490419, 0.331526061), (-0.0071154612, 0.174194571, 0.331526061), (-0.0104719271, 0.166490419, 0.305532405), (-0.00734878027, 0.174286728, 0.305532405), (-0.0071154612, 0.158785958, 0.331526061), (-0.00734878027, 0.15869411, 0.305532405), (-0.00880756385, 0.166490419, 0.415889861), (-0.005684417, 0.172925957, 0.415889861), (-0.005684417, 0.160054881, 0.415889861), (-0.0108476417, 0.166490419, 0.28090476), (-0.00772449487, 0.174484294, 0.28090476), (-0.00692899087, 0.158496544, 0.28090476), (-2.18832948e-05, -0.0941131163, -0.386430323), (-0.00876133154, -0.0507786446, -0.367389699), (-0.0054745223, -0.0865174555, -0.359506165), (-0.0138314752, -0.0416733447, -0.328616507), (-0.00877705053, -0.0832414338, -0.323487803), (-0.0140882187, -0.0463646916, -0.303451643), (-0.0125338883, -0.0897213548, -0.304259784), (-0.0166464066, -0.0558432404, -0.2849618), (-0.0133469606, -0.0938514414, -0.284157049), (-0.0205548864, -0.0666517388, -0.270259924), (-0.0138256191, -0.0998551696, -0.269460413), (-0.0247475407, -0.0782061184, -0.250990913), (-0.0124586837, -0.105966157, -0.250439823), (-0.0233137226, -0.0908981212, -0.226666243), (-0.0123070417, -0.1176167, -0.227586883), (-0.0124038214, -0.125948379, -0.205915024), (-0.0278836327, -0.0950966317, -0.162436615), (-0.0120043742, -0.133798626, -0.161358478), (-0.0376953623, -0.0808832776, -0.135287768), (-0.0134973697, -0.127516271, -0.130071839), (-0.0135642524, -0.117458893, -0.105634671), (-0.0446209628, -0.0725442012, -0.113920118), (-0.0503355849, -0.0667996822, -0.0828144013), (-0.0152276911, -0.110416479, -0.0842414387), (-0.0533428428, -0.0689963335, -0.0530115112), (-0.0022425754, -0.0942425668, -0.00322516616), (-0.013804044, -0.107392578, -0.0546638541), (4.31501589e-06, -0.0995219887, -0.385344788), (4.31501589e-06, -0.0978832073, -0.357295644), (0, -0.0450680293, -0.327891893), (4.31501589e-06, -0.0972809544, -0.323817593), (4.31501589e-06, -0.0995562006, -0.304084717), (4.31501589e-06, -0.104694768, -0.287461119), (4.31501589e-06, -0.110154496, -0.271417581), (4.31501589e-06, -0.118067927, -0.253596258), (4.31501589e-06, -0.128767934, -0.229419532), (4.31501589e-06, -0.13422797, -0.210019529), (4.31501589e-06, -0.143560116, -0.159708909), (4.31501589e-06, -0.135847025, -0.130207454), (4.31501589e-06, -0.127602263, -0.105002829), (4.31501589e-06, -0.119935096, -0.0859877873), (0, -0.0778165342, -0.0558748325), (4.31501589e-06, -0.116332058, -0.0562992451), (4.31501589e-06, -0.104549907, -0.00100324119), (-0.00010633432, 0.179934467, 0.408467109), (-0.00010633432, 0.176780191, 0.366447484), (-0.00873821538, 0.177055119, 0.407623215), (-0.00659211141, 0.173861391, 0.366512518), (-0.00987275635, 0.166389941, 0.366347006), (-0.0132742217, 0.169025799, 0.408467109), (-0.00869537344, 0.175955714, 0.408467109), (-0.00652954368, 0.173865706, 0.366539641), (-0.0115454414, 0.166614013, 0.407623215), (-0.00988138638, 0.166394256, 0.366370739), (-0.00590263352, 0.159059653, 0.366927992), (-0.00869537344, 0.157843435, 0.408467109), (-0.00010633432, 0.182410978, 0.435972561), (-0.00010633432, 0.176453174, 0.394370569), (-0.00989433143, 0.178522841, 0.435128668), (-0.00596119445, 0.173436362, 0.394126154), (-0.0090482801, 0.16648672, 0.394152044), (-0.0144303378, 0.169380555, 0.435972561), (-0.00985148948, 0.177271178, 0.435972561), (-0.00518942303, 0.173489066, 0.394459026), (-0.0127015575, 0.166634664, 0.435128668), (-0.00918728525, 0.166555452, 0.3945293), (-0.0058582505, 0.159279103, 0.39440663), (-0.00985148948, 0.156648176, 0.435972561), (-0.000124210814, 0.18252286, 0.449144764), (-0.000108183613, 0.175696505, 0.415897875), (-0.00961416361, 0.178480615, 0.448392718), (-0.0057263343, 0.172993148, 0.415921299), (-0.00878598877, 0.166487337, 0.416003284), (-0.0134539113, 0.168827925, 0.449144764), (-0.0114387989, 0.177706686, 0.449144764), (-0.00577349125, 0.172946299, 0.415888936), (-0.0134021311, 0.166668567, 0.44839241), (-0.00860321703, 0.166573021, 0.416072941), (-0.006208075, 0.160069367, 0.416003284), (-0.0114387989, 0.15630544, 0.449144764), (-0.000124210814, 0.18240204, 0.462326829), (-0.000108183613, 0.175696813, 0.42907994), (-0.00834246678, 0.178604826, 0.461574784), (-0.0057263343, 0.172993148, 0.429103364), (-0.00878598877, 0.166487337, 0.42918535), (-0.0121822145, 0.168852274, 0.462326829), (-0.0101671021, 0.177822883, 0.462326829), (-0.00577349125, 0.172946299, 0.429071002), (-0.0121304343, 0.166670417, 0.461574784), (-0.00860321703, 0.166573021, 0.429255006), (-0.006208075, 0.160069367, 0.42918535), (-0.0101671021, 0.156200339, 0.462326829), (-0.00905136225, 0.177625317, 0.473736039), (-0.00469196334, 0.172761986, 0.444814337), (-0.0109774004, 0.166681512, 0.473048719), (-0.00827712511, 0.166582267, 0.444655606), (-0.00490463198, 0.160260461, 0.444789988), (-0.00905136225, 0.156407151, 0.473736039), (-0.000114656136, 0.181079796, 0.473736348), (-0.000107567182, 0.174945076, 0.444617696), (-0.00795750572, 0.177240048, 0.473049027), (-0.00476963363, 0.172474421, 0.444655914), (-0.0066318712, 0.165369131, 0.444789988), (-0.0113272249, 0.166910208, 0.473736348), (-0.008342775, 0.176216465, 0.483944134), (-0.00469196334, 0.172761986, 0.455022124), (-0.0102685049, 0.166654698, 0.483256814), (-0.00827712511, 0.166582267, 0.454863701), (-0.00490463198, 0.160260461, 0.454997775), (-0.008342775, 0.157677924, 0.483944134), (-0.000114656136, 0.179314954, 0.483944134), (-0.000107567182, 0.174945076, 0.45482579), (-0.00724891847, 0.175879893, 0.483256814), (-0.00476963363, 0.172474421, 0.454863701), (-0.0066318712, 0.165369131, 0.454998083), (-0.0106183294, 0.166854421, 0.483944134), (-0.0068057047, 0.174938912, 0.492393243), (-0.0036218394, 0.171513714, 0.468493603), (-0.00857917623, 0.166685519, 0.491775272), (-0.00716230994, 0.166608157, 0.468430111), (-0.00391680156, 0.16148161, 0.468486206), (-0.0068057047, 0.158145795, 0.492393243), (-0.000114964352, 0.177359636, 0.492393243), (-0.000108183613, 0.173679543, 0.468206038), (-0.00573681362, 0.174417719, 0.491775272), (-0.00371707797, 0.171524193, 0.468430111), (-0.00680293076, 0.166469152, 0.468486206), (-0.00843123282, 0.168362827, 0.492393243), (-0.0001319162, 0.173030442, 0.4968636), (-0.00010633432, 0.17155933, 0.48816761), (-0.00412669626, 0.170682765, 0.496567713), (-0.00239699132, 0.170080512, 0.488145727), (-0.00468857297, 0.166481172, 0.488117679), (-0.0063979357, 0.167541742, 0.4968636), (-0.00444908959, 0.170287941, 0.496676205), (-0.000809373694, 0.168889568, 0.488326957), (-0.00543383786, 0.166777367, 0.496567713), (-0.00470552482, 0.166516925, 0.488117063), (-0.00232332784, 0.162900326, 0.488167918), (-0.00444908959, 0.162567761, 0.4968636), (-0.00659211141, 0.159069208, 0.366512518), (-0.00010633432, 0.156150408, 0.366447484), (-0.00873821538, 0.15587548, 0.407623215), (-0.00010633432, 0.152996131, 0.408467109), (-0.0132742217, 0.1639048, 0.408467109), (-0.00987275635, 0.16654035, 0.366347006), (-0.00596119445, 0.159494237, 0.394125846), (-0.00010633432, 0.156477116, 0.394370569), (-0.00989463964, 0.154407758, 0.435128668), (-0.00010633432, 0.15051962, 0.435972561), (-0.0144303378, 0.163550044, 0.435972561), (-0.0090482801, 0.166443878, 0.394152044), (-0.0057263343, 0.159937451, 0.415921299), (-0.000108183613, 0.157233785, 0.415897875), (-0.00961416361, 0.154449675, 0.44839241), (-0.000124210814, 0.150407738, 0.449144764), (-0.0134539113, 0.164102674, 0.449144764), (-0.00878598877, 0.166443262, 0.416003284), (-0.0057263343, 0.159937451, 0.429103056), (-0.000108183613, 0.157233785, 0.42907994), (-0.00834246678, 0.154325464, 0.461574784), (-0.000124210814, 0.15052825, 0.462326829), (-0.0121822145, 0.164078325, 0.462326829), (-0.00878598877, 0.166443262, 0.42918535), (-0.00476963363, 0.160455869, 0.444655914), (-0.000107567182, 0.157985523, 0.444617696), (-0.00795750572, 0.15569055, 0.473049027), (-0.000114656136, 0.151850803, 0.473736348), (-0.0113272249, 0.16602039, 0.473736348), (-0.0066318712, 0.167561467, 0.444789988), (-0.00476963363, 0.160455869, 0.454863701), (-0.000107567182, 0.157985523, 0.45482579), (-0.00724891847, 0.157050705, 0.483256814), (-0.000114656136, 0.153615336, 0.483944134), (-0.0106186377, 0.166076177, 0.483944134), (-0.0066318712, 0.167561467, 0.454997775), (-0.00371707797, 0.161406405, 0.468430111), (-0.000108183613, 0.159251055, 0.468206038), (-0.00573712184, 0.158512571, 0.491775272), (-0.000114964352, 0.155570963, 0.492393243), (-0.00843123282, 0.164567771, 0.492393243), (-0.00680293076, 0.166461447, 0.468486206), (-0.00239699132, 0.162850086, 0.488145727), (-0.00010633432, 0.161370961, 0.48816761), (-0.00412669626, 0.162247525, 0.496567713), (-0.0001319162, 0.159900157, 0.4968636), (-0.0063979357, 0.165388857, 0.4968636), (-0.00468857297, 0.166449426, 0.488117679), (-0.051587556, 0.0560281697, -0.422184853), (-0.0553320651, 0.049186712, -0.41972252), (-0.0534716769, 0.0570865814, -0.418713114), (-0.0502086002, 0.0531368008, -0.424726089), (-0.0497037433, 0.049186712, -0.425656283), (-0.0502086002, 0.0452366231, -0.424726089), (-0.051587556, 0.0423452543, -0.422184853), (-0.0534716769, 0.0412868425, -0.418713114), (-0.0553557977, 0.0423452543, -0.415241068), (-0.0567347535, 0.0452366231, -0.412699831), (-0.0572396104, 0.049186712, -0.411769637), (-0.0567347535, 0.0531368008, -0.412699831), (-0.0553557977, 0.0560281697, -0.415241068), (-0.0492321737, 0.0625660352, -0.416412286), (-0.0460415277, 0.0607734543, -0.422291804), (-0.043705563, 0.0558762195, -0.426596032), (-0.0428505735, 0.049186712, -0.428171629), (-0.043705563, 0.0424972045, -0.426596032), (-0.0460415277, 0.0375999697, -0.422291804), (-0.0492321737, 0.035807697, -0.416412286), (-0.0524228198, 0.0375999697, -0.410532769), (-0.0547584762, 0.0424972045, -0.406228541), (-0.0556134658, 0.049186712, -0.404652943), (-0.0547584762, 0.0558762195, -0.406228541), (-0.0524228198, 0.0607734543, -0.410532769), (-0.0416642523, 0.0641129683, -0.412305316), (-0.0381046724, 0.0621132667, -0.418865065), (-0.035498711, 0.0566498402, -0.423667061), (-0.0345447843, 0.049186712, -0.425424505), (-0.035498711, 0.0417235838, -0.423667061), (-0.0381046724, 0.0362601572, -0.418865065), (-0.0416642523, 0.0342604556, -0.412305316), (-0.0452241404, 0.0362601572, -0.405745875), (-0.0478297936, 0.0417235838, -0.400943879), (-0.0487837203, 0.049186712, -0.399186435), (-0.0478297936, 0.0566498402, -0.400943879), (-0.0452241404, 0.0621132667, -0.405745875), (-0.0769524522, 0.129267242, -0.446648835), (-0.0798006709, 0.128525368, -0.440988151), (-0.0796690629, 0.127223774, -0.441241812), (-0.0800944002, 0.126222999, -0.442044405), (-0.0809022328, 0.125920948, -0.443095728), (-0.0818879058, 0.126374024, -0.443845924), (-0.0826960466, 0.127433053, -0.444022532), (-0.0829367628, 0.128736496, -0.443623085), (-0.0825576579, 0.12975638, -0.442726178), (-0.0816561278, 0.130087404, -0.441742354), (-0.0805536412, 0.129608745, -0.441157669), (-0.0864855552, 0.120292318, -0.426568601), (-0.0875547545, 0.123212042, -0.426020594), (-0.0856487503, 0.11659065, -0.419983578), (-0.0874363997, 0.120166258, -0.418865373), (-0.0869426386, 0.117971764, -0.428619466), (-0.086306482, 0.112954941, -0.421876021), (-0.0886831311, 0.117209547, -0.431260564), (-0.0891583993, 0.110648257, -0.423819319), (-0.0909204669, 0.118205083, -0.433392798), (-0.0931149607, 0.110551169, -0.425071598), (-0.0928079781, 0.120496973, -0.43426289), (-0.0966649859, 0.112700972, -0.4251542), (-0.0937058096, 0.123231768, -0.433633206), (-0.0984523271, 0.116276887, -0.424035995), (-0.0933307114, 0.125427803, -0.431758024), (-0.0977945954, 0.119912288, -0.422143552), (-0.0918041205, 0.126299744, -0.429296615), (-0.0949426781, 0.12221928, -0.420200254), (-0.0896194896, 0.125491912, -0.427110135), (-0.090986425, 0.122316368, -0.418947974), (-0.0830095017, 0.113623769, -0.413770264), (-0.0862112435, 0.116079938, -0.410610439), (-0.0824322142, 0.109641317, -0.41696954), (-0.0846664678, 0.105602463, -0.419091603), (-0.0888967244, 0.102910201, -0.419289169), (-0.0935911535, 0.10255452, -0.417398267), (-0.0969772081, 0.104788466, -0.414104677), (-0.0976759324, 0.108869546, -0.410723862), (-0.0953436664, 0.113191651, -0.408627381), (-0.0909210833, 0.115960042, -0.408616902), (-0.0785921583, 0.110346206, -0.40743243), (-0.0827900523, 0.111855845, -0.403327309), (-0.074748712, 0.110134462, -0.402443655), (-0.0795248181, 0.108899443, -0.397374128), (-0.0770270404, 0.106249715, -0.411700905), (-0.0710911196, 0.10714169, -0.407474655), (-0.0784639406, 0.101117312, -0.414467755), (-0.0699491814, 0.10106399, -0.410545714), (-0.0827244024, 0.0969181848, -0.414903264), (-0.0717590224, 0.094222841, -0.410483454), (-0.088329608, 0.0958748756, -0.413208079), (-0.0747961771, 0.0904243941, -0.40786424), (-0.0934506072, 0.0980357739, -0.409683944), (-0.0784235644, 0.0892408469, -0.402128043), (-0.0950983269, 0.102288222, -0.405641082), (-0.0820811568, 0.0922339269, -0.397097042), (-0.0928440393, 0.10699313, -0.402466155), (-0.083223095, 0.0983116267, -0.394025984), (-0.0878965654, 0.110608497, -0.401452743), (-0.0825622811, 0.105100996, -0.394754605), (-0.105811278, 0.097170305, -0.358699565), (-0.11136193, 0.0943171549, -0.357688002), (-0.109707121, 0.101920213, -0.348159214), (-0.114944626, 0.100588414, -0.347137172), (-0.0819538639, 0.0797838732, -0.365123083), (-0.0879344759, 0.0729078954, -0.364571685), (-0.08625501, 0.082582161, -0.366235432), (-0.094128373, 0.0777314667, -0.364875894), (-0.0902574955, 0.0833909182, -0.359782326), (-0.088064851, 0.0843331328, -0.35153294), (-0.0961746151, 0.092415774, -0.358455459), (-0.0946631267, 0.0938477428, -0.350897092), (-0.0861283335, 0.0775671879, -0.336461514), (-0.0830172071, 0.0750136231, -0.337484173), (-0.0807025092, 0.0842428257, -0.339441649), (-0.0770575537, 0.081702206, -0.34064708), (-0.0745536116, 0.0867575553, -0.355820217), (-0.0767108113, 0.0851261711, -0.360726698), (-0.0773629952, 0.0895364255, -0.355386558), (-0.0799199503, 0.0882154142, -0.360891901), (-0.0958870501, 0.10073944, -0.352267726), (-0.0955742115, 0.0971850994, -0.358130291), (-0.076508622, 0.0881417507, -0.34772648), (-0.0743871753, 0.085955887, -0.348358013), (-0.0797208431, 0.073971855, -0.353234906), (-0.0831025827, 0.0735582299, -0.358580902), (-0.110268382, 0.0938005859, -0.35607357), (-0.111978669, 0.0984361458, -0.347721548), (-0.0942347073, 0.0784631701, -0.362542395), (-0.0849697517, 0.0719681466, -0.361166213), (-0.0823825915, 0.0737351456, -0.341504227), (-0.0889531278, 0.0796636692, -0.338603612), (-0.0880870425, 0.0835912583, -0.342709657), (-0.0809980878, 0.0743750008, -0.346235334), (-0.0940204976, 0.0924629309, -0.341960386), (-0.107331705, 0.0952402601, -0.340774065), (-0.108244331, 0.0961482627, -0.338469846), (-0.102490874, 0.0986734717, -0.340896426), (-0.0932515001, 0.0974107131, -0.345228086), (-0.0956860937, 0.0856165418, -0.334821192), (-0.0960618083, 0.0867979315, -0.337440715), (-0.103626339, 0.0965745246, -0.3442982), (-0.107404444, 0.0982925174, -0.348667153), (-0.104365748, 0.0960776814, -0.35345343), (-0.101574241, 0.0858646552, -0.361412786), (-0.102325978, 0.084593883, -0.363899159), (-0.0938149179, 0.0888127357, -0.365092878), (-0.0831562122, 0.0913314721, -0.361058954), (-0.0811423326, 0.093291414, -0.355036117), (-0.0801452558, 0.0918890338, -0.346643103), (-0.0886473781, 0.0904259352, -0.338202931), (-0.0815581153, 0.0700051225, -0.359479658), (-0.0791450967, 0.0711196295, -0.344961171), (-0.0796823162, 0.069007121, -0.353055524)]
        int[] faceVertexCounts = [3, 3, 3, 3, 3, 3, 3, 3, 3, 3, 3, 3, 3, 3, 3, 3, 3, 3, 3, 3, 3, 3, 3, 3, 3, 3, 3, 3, 3, 3, 3, 3, 3, 3, 3, 3, 3, 3, 3, 3, 3, 3, 3, 3, 3, 3, 3, 3, 3, 3, 3, 3, 3, 3, 3, 3, 3, 3, 3, 3, 3, 3, 3, 3, 3, 3, 3, 3, 3, 3, 3, 3, 3, 3, 3, 3, 3, 3, 3, 3, 3, 3, 3, 3, 3, 3, 3, 3, 3, 3, 3, 3, 3, 3, 3, 3, 3, 3, 3, 3, 3, 3, 3, 3, 3, 3, 3, 3, 3, 3, 3, 3, 3, 3, 3, 3, 3, 3, 3, 3, 3, 3, 3, 3, 3, 3, 3, 3, 3, 3, 3, 3, 3, 3, 3, 3, 3, 3, 3, 3, 3, 3, 3, 3, 3, 3, 3, 3, 3, 3, 3, 3, 3, 3, 3, 3, 3, 3, 3, 3, 3, 3, 3, 3, 3, 3, 3, 3, 3, 3, 3, 3, 3, 3, 3, 3, 3, 3, 3, 3, 3, 3, 3, 3, 3, 3, 3, 3, 3, 3, 3, 3, 3, 3, 3, 3, 3, 3, 3, 3, 3, 3, 3, 3, 3, 3, 3, 3, 3, 3, 3, 3, 3, 3, 3, 3, 3, 3, 3, 3, 3, 3, 3, 3, 3, 3, 3, 3, 3, 3, 3, 3, 3, 3, 3, 3, 3, 3, 3, 3, 3, 3, 3, 3, 3, 3, 3, 3, 3, 3, 3, 3, 3, 3, 3, 3, 3, 3, 3, 3, 3, 3, 3, 3, 3, 3, 3, 3, 3, 3, 3, 3, 3, 3, 3, 3, 3, 3, 3, 3, 3, 3, 3, 3, 3, 3, 3, 3, 3, 3, 3, 3, 3, 3, 3, 3, 3, 3, 3, 3, 3, 3, 3, 3, 3, 3, 3, 3, 3, 3, 3, 3, 3, 3, 3, 3, 3, 3, 3, 3, 3, 3, 3, 3, 3, 3, 3, 3, 3, 3, 3, 3, 3, 3, 3, 3, 3, 3, 3, 3, 3, 3, 3, 3, 3, 3, 3, 3, 3, 3, 3, 3, 3, 3, 3, 3, 3, 3, 3, 3, 3, 3, 3, 3, 3, 3, 3, 3, 3, 3, 3, 3, 3, 3, 3, 3, 3, 3, 3, 3, 3, 3, 3, 3, 3, 3, 3, 3, 3, 3, 3, 3, 3, 3, 3, 3, 3, 3, 3, 3, 3, 3, 3, 3, 3, 3, 3, 3, 3, 3, 3, 3, 3, 3, 3, 3, 3, 3, 3, 3, 3, 3, 3, 3, 3, 3, 3, 3, 3, 3, 3, 3, 3, 3, 3, 3, 3, 3, 3, 3, 3, 3, 3, 3, 3, 3, 3, 3, 3, 3, 3, 3, 3, 3, 3, 3, 3, 3, 3, 3, 3, 3, 3, 3, 3, 3, 3, 3, 3, 3, 3, 3, 3, 3, 3, 3, 3, 3, 3, 3, 3, 3, 3, 3, 3, 3, 3, 3, 3, 3, 3, 3, 3, 3, 3, 3, 3, 3, 3, 3, 3, 3, 3, 3, 3, 3, 3, 3, 3, 3, 3, 3, 3, 3, 3, 3, 3, 3, 3, 3, 3, 3, 3, 3, 3, 3, 3, 3, 3, 3, 3, 3, 3, 3, 3, 3, 3, 3, 3, 3, 3, 3, 3, 3, 3, 3, 3, 3, 3, 3, 3, 3, 3, 3, 3, 3, 3, 3, 3, 3, 3, 3, 3, 3, 3, 3, 3, 3, 3, 3, 3, 3, 3, 3, 3, 3, 3, 3, 3, 3, 3, 3, 3, 3, 3, 3, 3, 3, 3, 3, 3, 3, 3, 3, 3, 3, 3, 3, 3, 3, 3, 3, 3, 3, 3, 3, 3, 3, 3, 3, 3, 3, 3, 3, 3, 3, 3, 3, 3, 3, 3, 3, 3, 3, 3, 3, 3, 3, 3, 3, 3, 3, 3, 3, 3, 3, 3, 3, 3, 3, 3, 3, 3, 3, 3, 3, 3, 3, 3, 3, 3, 3, 3, 3, 3, 3, 3, 3, 3, 3, 3, 3, 3, 3, 3, 3, 3, 3, 3, 3, 3, 3, 3, 3, 3, 3, 3, 3, 3, 3, 3, 3, 3, 3, 3, 3, 3, 3, 3, 3, 3, 3, 3, 3, 3, 3, 3, 3, 3, 3, 3, 3, 3, 3, 3, 3, 3, 3, 3, 3, 3, 3, 3, 3, 3, 3, 3, 3, 3, 3, 3, 3, 3, 3, 3, 3, 3, 3, 3, 3, 3, 3, 3, 3, 3, 3, 3, 3, 3, 3, 3, 3, 3, 3, 3, 3, 3, 3, 3, 3, 3, 3, 3, 3, 3, 3, 3, 3, 3, 3, 3, 3, 3, 3, 3, 3, 3, 3, 3, 3, 3, 3, 3, 3, 3, 3, 3, 3, 3, 3, 3, 3, 3, 3, 3, 3, 3, 3, 3, 3, 3, 3, 3, 3, 3, 3, 3, 3, 3, 3, 3, 3, 3, 3, 3, 3, 3, 3, 3, 3, 3, 3, 3, 3, 3, 3, 3, 3, 3, 3, 3, 3, 3, 3, 3, 3, 3, 3, 3, 3, 3, 3, 3, 3, 3, 3, 3, 3, 3, 3, 3, 3, 3, 3, 3, 3, 3, 3, 3, 3, 3, 3, 3, 3, 3, 3, 3, 3, 3, 3, 3, 3, 3, 3, 3, 3, 3, 3, 3, 3, 3, 3, 3, 3, 3, 3, 3, 3, 3, 3, 3, 3, 3, 3, 3, 3, 3, 3, 3, 3, 3, 3, 3, 3, 3, 3, 3, 3, 3, 3, 3, 3, 3, 3, 3, 3, 3, 3, 3, 3, 3, 3, 3, 3, 3, 3, 3, 3, 3, 3, 3, 3, 3, 3, 3, 3, 3, 3, 3, 3, 3, 3, 3, 3, 3, 3, 3, 3, 3, 3, 3, 3, 3, 3, 3, 3, 3, 3, 3, 3, 3, 3, 3, 3, 3, 3, 3, 3, 3, 3, 3, 3, 3, 3, 3, 3, 3, 3, 3, 3, 3, 3, 3, 3, 3, 3, 3, 3, 3, 3, 3, 3, 3, 3, 3, 3, 3, 3, 3, 3, 3, 3, 3, 3, 3, 3, 3, 3, 3, 3, 3, 3, 3, 3, 3, 3, 3, 3, 3, 3, 3, 3, 3, 3, 3, 3, 3, 3, 3, 3, 3, 3, 3, 3, 3, 3, 3, 3, 3, 3, 3, 3, 3, 3, 3, 3, 3, 3, 3, 3, 3, 3, 3, 3, 3, 3, 3, 3, 3, 3, 3, 3, 3, 3, 3, 3, 3, 3, 3, 3, 3, 3, 3, 3, 3, 3, 3, 3, 3, 3, 3, 3, 3, 3, 3, 3, 3, 3, 3, 3, 3, 3, 3, 3, 3, 3, 3, 3, 3, 3, 3, 3, 3, 3, 3, 3, 3, 3, 3, 3, 3, 3, 3, 3, 3, 3, 3, 3, 3, 3, 3, 3, 3, 3, 3, 3, 3, 3, 3, 3, 3, 3, 3, 3, 3, 3, 3, 3, 3, 3, 3, 3, 3, 3, 3, 3, 3, 3, 3, 3, 3, 3, 3, 3, 3, 3, 3, 3, 3, 3, 3, 3, 3, 3, 3, 3, 3, 3, 3, 3, 3, 3, 3, 3, 3, 3, 3, 3, 3, 3, 3, 3, 3, 3, 3, 3, 3, 3, 3, 3, 3, 3, 3, 3, 3, 3, 3, 3, 3, 3, 3, 3, 3, 3, 3, 3, 3, 3, 3, 3, 3, 3, 3, 3, 3, 3, 3, 3, 3, 3, 3, 3, 3, 3, 3, 3, 3, 3, 3, 3, 3, 3, 3, 3, 3, 3, 3, 3, 3, 3, 3, 3, 3, 3, 3, 3, 3, 3, 3, 3, 3, 3, 3, 3, 3, 3, 3, 3, 3, 3, 3, 3, 3, 3, 3, 3, 3, 3, 3, 3, 3, 3, 3, 3, 3, 3, 3, 3, 3, 3, 3, 3, 3, 3, 3, 3, 3, 3, 3, 3, 3, 3, 3, 3, 3, 3, 3, 3, 3, 3, 3, 3, 3, 3, 3, 3, 3, 3, 3, 3, 3, 3, 3, 3, 3, 3, 3, 3, 3, 3, 3, 3, 3, 3, 3, 3, 3, 3, 3, 3, 3, 3, 3, 3, 3, 3, 3, 3, 3, 3, 3, 3, 3, 3, 3, 3, 3, 3, 3, 3, 3, 3, 3, 3, 3, 3, 3, 3, 3, 3, 3, 3, 3, 3, 3, 3, 3, 3, 3, 3, 3, 3, 3, 3, 3, 3, 3, 3, 3, 3, 3, 3, 3, 3, 3, 3, 3, 3, 3, 3, 3, 3, 3, 3, 3, 3, 3, 3, 3, 3, 3, 3, 3, 3, 3, 3, 3, 3, 3, 3, 3, 3, 3, 3, 3, 3, 3, 3, 3, 3, 3, 3, 3, 3, 3, 3, 3, 3, 3, 3, 3, 3, 3, 3, 3, 3, 3, 3, 3, 3, 3, 3, 3, 3, 3, 3, 3, 3, 3, 3, 3, 3, 3, 3, 3, 3, 3, 3, 3, 3, 3, 3, 3, 3, 3, 3, 3, 3, 3, 3, 3, 3, 3, 3, 3, 3, 3, 3, 3, 3, 3, 3, 3, 3, 3, 3, 3, 3, 3, 3, 3, 3, 3, 3, 3, 3, 3, 3, 3, 3, 3, 3, 3, 3, 3, 3, 3, 3, 3, 3, 3, 3, 3, 3, 3, 3, 3, 3, 3, 3, 3, 3, 3, 3, 3, 3, 3, 3, 3, 3, 3, 3, 3, 3, 3, 3, 3, 3, 3, 3, 3, 3, 3, 3, 3, 3, 3, 3, 3, 3, 3, 3, 3, 3, 3, 3, 3, 3, 3, 3, 3, 3, 3, 3, 3, 3, 3, 3, 3, 3, 3, 3, 3, 3, 3, 3, 3, 3, 3, 3, 3, 3, 3, 3, 3, 3, 3, 3, 3, 3, 3, 3, 3, 3, 3, 3, 3, 3, 3, 3, 3, 3, 3, 3, 3, 3, 3, 3, 3, 3, 3, 3, 3, 3, 3, 3, 3, 3, 3, 3, 3, 3, 3, 3, 3, 3, 3, 3, 3, 3, 3, 3, 3, 3, 3, 3, 3, 3, 3, 3, 3, 3, 3, 3, 3, 3, 3, 3, 3, 3, 3, 3, 3, 3, 3, 3, 3, 3, 3, 3, 3, 3, 3, 3, 3, 3, 3, 3, 3, 3, 3, 3, 3, 3, 3, 3, 3, 3, 3, 3, 3, 3, 3, 3, 3, 3, 3, 3, 3, 3, 3, 3, 3, 3, 3, 3, 3, 3, 3, 3, 3, 3, 3, 3, 3, 3, 3, 3, 3, 3, 3, 3, 3, 3, 3, 3, 3, 3, 3, 3, 3, 3, 3, 3, 3, 3, 3, 3, 3, 3, 3, 3, 3, 3, 3, 3, 3, 3, 3, 3, 3, 3, 3, 3, 3, 3, 3, 3, 3, 3, 3, 3, 3, 3, 3, 3, 3, 3, 3, 3, 3, 3, 3, 3, 3, 3, 3, 3, 3, 3, 3, 3, 3, 3, 3, 3, 3, 3, 3, 3, 3, 3, 3, 3, 3, 3, 3, 3, 3, 3, 3, 3, 3, 3, 3, 3, 3, 3, 3, 3, 3, 3, 3, 3, 3, 3, 3, 3, 3, 3, 3, 3, 3, 3, 3, 3, 3, 3, 3, 3, 3, 3, 3, 3, 3, 3, 3, 3, 3, 3, 3, 3, 3, 3, 3, 3, 3, 3, 3, 3, 3, 3, 3, 3, 3, 3, 3, 3, 3, 3, 3, 3, 3, 3, 3, 3, 3, 3, 3, 3, 3, 3, 3, 3, 3, 3, 3, 3, 3, 3, 3, 3, 3, 3, 3, 3, 3, 3, 3, 3, 3, 3, 3, 3, 3, 3, 3, 3, 3, 3, 3, 3, 3, 3, 3, 3, 3, 3, 3, 3, 3, 3, 3, 3, 3, 3, 3, 3, 3, 3, 3, 3, 3, 3, 3, 3, 3, 3, 3, 3, 3, 3, 3, 3, 3, 3, 3, 3, 3, 3, 3, 3, 3, 3, 3, 3, 3, 3, 3, 3, 3, 3, 3, 3, 3, 3, 3, 3, 3, 3, 3, 3, 3, 3, 3, 3, 3, 3, 3, 3, 3, 3, 3, 3, 3, 3, 3, 3, 3, 3, 3, 3, 3, 3, 3, 3, 3, 3, 3, 3, 3, 3, 3, 3, 3, 3, 3, 3, 3, 3, 3, 3, 3, 3, 3, 3, 3, 3, 3, 3, 3, 3, 3, 3, 3, 3, 3, 3, 3, 3, 3, 3, 3, 3, 3, 3, 3, 3, 3, 3, 3, 3, 3, 3, 3, 3, 3, 3, 3, 3, 3, 3, 3, 3, 3, 3, 3, 3, 3, 3, 3, 3, 3, 3, 3, 3, 3, 3, 3, 3, 3, 3, 3, 3, 3, 3, 3, 3, 3, 3, 3, 3, 3, 3, 3, 3, 3, 3, 3, 3, 3, 3, 3, 3, 3, 3, 3, 3, 3, 3, 3, 3, 3, 3, 3, 3, 3, 3, 3, 3, 3, 3, 3, 3, 3, 3, 3, 3, 3, 3, 3, 3, 3, 3, 3, 3, 3, 3, 3, 3, 3, 3, 3, 3, 3, 3, 3, 3, 3, 3, 3, 3, 3, 3, 3, 3, 3, 3, 3, 3, 3, 3, 3, 3, 3, 3, 3, 3, 3, 3, 3, 3, 3, 3, 3, 3, 3, 3, 3, 3, 3, 3, 3, 3, 3, 3, 3, 3, 3, 3, 3, 3, 3, 3, 3, 3, 3, 3, 3, 3, 3, 3, 3, 3, 3, 3, 3, 3, 3, 3, 3, 3, 3, 3, 3, 3, 3, 3, 3, 3, 3, 3, 3, 3, 3, 3, 3, 3, 3, 3, 3, 3, 3, 3, 3, 3, 3, 3, 3, 3, 3, 3, 3, 3, 3, 3, 3, 3, 3, 3, 3, 3, 3, 3, 3, 3, 3, 3, 3, 3, 3, 3, 3, 3, 3, 3, 3, 3, 3, 3, 3, 3, 3, 3, 3, 3, 3, 3, 3, 3, 3, 3, 3, 3, 3, 3, 3, 3, 3, 3, 3, 3, 3, 3, 3, 3, 3, 3, 3, 3, 3, 3, 3, 3, 3, 3, 3, 3, 3, 3, 3, 3, 3, 3, 3, 3, 3, 3, 3, 3, 3, 3, 3, 3, 3, 3, 3, 3, 3, 3, 3, 3, 3, 3, 3, 3, 3, 3, 3, 3, 3, 3, 3, 3, 3, 3, 3, 3, 3, 3, 3, 3, 3, 3, 3, 3, 3, 3, 3, 3, 3, 3, 3, 3, 3, 3, 3, 3, 3, 3, 3, 3, 3, 3, 3, 3, 3, 3, 3, 3, 3, 3, 3, 3, 3, 3, 3, 3, 3, 3, 3, 3, 3, 3, 3, 3, 3, 3, 3, 3, 3, 3, 3, 3, 3, 3, 3, 3, 3, 3, 3, 3, 3, 3, 3, 3, 3, 3, 3, 3, 3, 3, 3, 3, 3, 3, 3, 3, 3, 3, 3, 3, 3, 3, 3, 3, 3, 3, 3, 3, 3, 3, 3, 3, 3, 3, 3, 3, 3, 3, 3, 3, 3, 3, 3, 3, 3, 3, 3, 3, 3, 3, 3, 3, 3, 3, 3, 3, 3, 3, 3, 3, 3, 3, 3, 3, 3, 3, 3, 3, 3, 3, 3, 3, 3, 3, 3, 3, 3, 3, 3, 3, 3, 3, 3, 3, 3, 3, 3, 3, 3, 3, 3, 3, 3, 3, 3, 3, 3, 3, 3, 3, 3, 3, 3, 3, 3, 3, 3, 3, 3, 3, 3, 3, 3, 3, 3, 3, 3, 3, 3, 3, 3, 3, 3, 3, 3, 3, 3, 3, 3, 3, 3, 3, 3, 3, 3, 3, 3, 3, 3, 3, 3, 3, 3, 3, 3, 3, 3, 3, 3, 3, 3, 3, 3, 3, 3, 3, 3, 3, 3, 3, 3, 3, 3, 3, 3, 3, 3, 3, 3, 3, 3, 3, 3, 3, 3, 3, 3, 3, 3, 3, 3, 3, 3, 3, 3, 3, 3, 3, 3, 3, 3, 3, 3, 3, 3, 3, 3, 3, 3, 3, 3, 3, 3, 3, 3, 3, 3, 3, 3, 3, 3, 3, 3, 3, 3, 3, 3, 3, 3, 3, 3, 3, 3, 3, 3, 3, 3, 3, 3, 3, 3, 3, 3, 3, 3, 3, 3, 3, 3, 3, 3, 3, 3, 3, 3, 3, 3, 3, 3, 3, 3, 3, 3, 3, 3, 3, 3, 3, 3, 3, 3, 3, 3, 3, 3, 3, 3, 3, 3, 3, 3, 3, 3, 3, 3, 3, 3, 3, 3, 3, 3, 3, 3, 3, 3, 3, 3, 3, 3, 3, 3, 3, 3, 3, 3, 3, 3, 3, 3, 3, 3, 3, 3, 3, 3, 3, 3, 3, 3, 3, 3, 3, 3, 3, 3, 3, 3, 3, 3, 3, 3, 3, 3, 3, 3, 3, 3, 3, 3, 3, 3, 3, 3, 3, 3, 3, 3, 3, 3, 3, 3, 3, 3, 3, 3, 3, 3, 3, 3, 3, 3, 3, 3, 3, 3, 3, 3, 3, 3, 3, 3, 3, 3, 3, 3, 3, 3, 3, 3, 3, 3, 3, 3, 3, 3, 3, 3, 3, 3, 3, 3, 3, 3, 3, 3, 3, 3, 3, 3, 3, 3, 3, 3, 3, 3, 3, 3, 3, 3, 3, 3, 3, 3, 3, 3, 3, 3, 3, 3, 3, 3, 3, 3, 3, 3, 3, 3, 3, 3, 3, 3, 3, 3, 3, 3, 3, 3, 3, 3, 3, 3, 3, 3, 3, 3, 3, 3, 3, 3, 3, 3, 3, 3, 3, 3, 3, 3, 3, 3, 3, 3, 3, 3, 3, 3, 3, 3, 3, 3, 3, 3, 3, 3, 3, 3, 3, 3, 3, 3, 3, 3, 3, 3, 3, 3, 3, 3, 3, 3, 3, 3, 3, 3, 3, 3, 3, 3, 3, 3, 3, 3, 3, 3, 3, 3, 3, 3, 3, 3, 3, 3, 3, 3, 3, 3, 3, 3, 3, 3, 3, 3, 3, 3, 3, 3, 3, 3, 3, 3, 3, 3, 3, 3, 3, 3, 3, 3, 3, 3, 3, 3, 3, 3, 3, 3, 3, 3, 3, 3, 3, 3, 3, 3, 3, 3, 3, 3, 3, 3, 3, 3, 3, 3, 3, 3, 3, 3, 3, 3, 3, 3, 3, 3, 3, 3, 3, 3, 3, 3, 3, 3, 3, 3, 3, 3, 3, 3, 3, 3, 3, 3, 3, 3, 3, 3, 3, 3, 3, 3, 3, 3, 3, 3, 3, 3, 3, 3, 3, 3, 3, 3, 3, 3, 3, 3, 3, 3, 3, 3, 3, 3, 3, 3, 3, 3, 3, 3, 3, 3, 3, 3, 3, 3, 3, 3, 3, 3, 3, 3, 3, 3, 3, 3, 3, 3, 3, 3, 3, 3, 3, 3, 3, 3, 3, 3, 3, 3, 3, 3, 3, 3, 3, 3, 3, 3, 3, 3, 3, 3, 3, 3, 3, 3, 3, 3, 3, 3, 3, 3, 3, 3, 3, 3, 3, 3, 3, 3, 3, 3, 3, 3, 3, 3, 3, 3, 3, 3, 3, 3, 3, 3, 3, 3, 3, 3, 3, 3, 3, 3, 3, 3, 3, 3, 3, 3, 3, 3, 3, 3, 3, 3, 3, 3, 3, 3, 3, 3, 3, 3, 3, 3, 3, 3, 3, 3, 3, 3, 3, 3, 3, 3, 3, 3, 3, 3, 3, 3, 3, 3, 3, 3, 3, 3, 3, 3, 3, 3, 3, 3, 3, 3, 3, 3, 3, 3, 3, 3, 3, 3, 3, 3, 3, 3, 3, 3, 3, 3, 3, 3, 3, 3, 3, 3, 3, 3, 3, 3, 3, 3, 3, 3, 3, 3, 3, 3, 3, 3, 3, 3, 3, 3, 3, 3, 3, 3, 3, 3, 3, 3, 3, 3, 3, 3, 3, 3, 3, 3, 3, 3, 3, 3, 3, 3, 3, 3, 3, 3, 3, 3, 3, 3, 3, 3, 3, 3, 3, 3, 3, 3, 3, 3, 3, 3, 3, 3, 3, 3, 3, 3, 3, 3, 3, 3, 3, 3, 3, 3, 3, 3, 3, 3, 3, 3, 3, 3, 3, 3, 3, 3, 3, 3, 3, 3, 3, 3, 3, 3, 3, 3, 3, 3, 3, 3, 3, 3, 3, 3, 3, 3, 3, 3, 3, 3, 3, 3, 3, 3, 3, 3, 3, 3, 3, 3, 3, 3, 3, 3, 3, 3, 3, 3, 3, 3, 3, 3, 3, 3, 3, 3, 3, 3, 3, 3, 3, 3, 3, 3, 3, 3, 3, 3, 3, 3, 3, 3, 3, 3, 3, 3, 3, 3, 3, 3, 3, 3, 3, 3, 3, 3, 3, 3, 3, 3, 3, 3, 3, 3, 3, 3, 3, 3, 3, 3, 3, 3, 3, 3, 3, 3, 3, 3, 3, 3, 3, 3, 3, 3, 3, 3, 3, 3, 3, 3, 3, 3, 3, 3, 3, 3, 3, 3, 3, 3, 3, 3, 3, 3, 3, 3, 3, 3, 3, 3, 3, 3, 3, 3, 3, 3, 3, 3, 3, 3, 3, 3, 3, 3, 3, 3, 3, 3, 3, 3, 3, 3, 3, 3, 3, 3, 3, 3, 3, 3, 3, 3, 3, 3, 3, 3, 3, 3, 3, 3, 3, 3, 3, 3, 3, 3, 3, 3, 3, 3, 3, 3, 3, 3, 3, 3, 3, 3, 3, 3, 3, 3, 3, 3, 3, 3, 3, 3, 3, 3, 3, 3, 3, 3, 3, 3, 3, 3, 3, 3, 3, 3, 3, 3, 3, 3, 3, 3, 3, 3, 3, 3, 3, 3, 3, 3, 3, 3, 3, 3, 3, 3, 3, 3, 3, 3, 3, 3, 3, 3, 3, 3, 3, 3, 3, 3, 3, 3, 3, 3, 3, 3, 3, 3, 3, 3, 3, 3, 3, 3, 3, 3, 3, 3, 3, 3, 3, 3, 3, 3, 3, 3, 3, 3, 3, 3, 3, 3, 3, 3, 3, 3, 3, 3, 3, 3, 3, 3, 3, 3, 3, 3, 3, 3, 3, 3, 3, 3, 3, 3, 3, 3, 3, 3, 3, 3, 3, 3, 3, 3, 3, 3, 3, 3, 3, 3, 3, 3, 3, 3, 3, 3, 3, 3, 3, 3, 3, 3, 3, 3, 3, 3, 3, 3, 3, 3, 3, 3, 3, 3, 3, 3, 3, 3, 3, 3, 3, 3, 3, 3, 3, 3, 3, 3, 3, 3, 3, 3, 3, 3, 3, 3, 3, 3, 3, 3, 3, 3, 3, 3, 3, 3, 3, 3, 3, 3, 3, 3, 3, 3, 3, 3, 3, 3, 3, 3, 3, 3, 3, 3, 3, 3, 3, 3, 3, 3, 3, 3, 3, 3, 3, 3, 3, 3, 3, 3, 3, 3, 3, 3, 3, 3, 3, 3, 3, 3, 3, 3, 3, 3, 3, 3, 3, 3, 3, 3, 3, 3, 3, 3, 3, 3, 3, 3, 3, 3, 3, 3, 3, 3, 3, 3, 3, 3, 3, 3, 3, 3, 3, 3, 3, 3, 3, 3, 3, 3, 3, 3, 3, 3, 3, 3, 3, 3, 3, 3, 3, 3, 3, 3, 3, 3, 3, 3, 3, 3, 3, 3, 3, 3, 3, 3, 3, 3, 3, 3, 3, 3, 3, 3, 3, 3, 3, 3, 3, 3, 3]
        int[] faceVertexIndices = [0, 1, 2, 2, 1, 3, 4, 5, 6, 7, 6, 5, 8, 9, 10, 11, 10, 9, 12, 13, 14, 15, 14, 13, 14, 15, 16, 17, 16, 15, 18, 19, 20, 21, 20, 19, 22, 23, 24, 25, 24, 23, 26, 27, 28, 29, 28, 27, 30, 31, 32, 33, 32, 31, 34, 35, 36, 37, 36, 35, 38, 39, 40, 41, 40, 39, 42, 43, 44, 45, 44, 43, 46, 7, 47, 5, 47, 7, 48, 49, 50, 51, 50, 49, 52, 53, 54, 55, 54, 53, 56, 57, 58, 59, 58, 57, 60, 61, 62, 63, 62, 61, 64, 65, 66, 67, 66, 65, 68, 69, 70, 71, 70, 69, 34, 9, 72, 73, 72, 9, 18, 74, 19, 75, 19, 74, 76, 77, 78, 79, 78, 77, 80, 81, 36, 11, 36, 81, 82, 83, 84, 84, 83, 85, 83, 86, 85, 87, 88, 62, 60, 62, 88, 89, 90, 91, 92, 91, 90, 27, 23, 29, 22, 29, 23, 48, 29, 47, 22, 47, 29, 93, 49, 4, 5, 4, 49, 64, 53, 41, 94, 41, 53, 65, 39, 88, 82, 88, 39, 58, 61, 95, 63, 61, 59, 58, 59, 61, 96, 92, 97, 81, 33, 98, 99, 98, 33, 100, 19, 101, 75, 101, 19, 99, 102, 0, 1, 0, 102, 103, 4, 104, 6, 104, 4, 69, 68, 77, 79, 77, 68, 49, 93, 51, 105, 51, 93, 8, 68, 106, 70, 106, 68, 10, 98, 79, 78, 79, 98, 52, 93, 103, 4, 103, 93, 2, 76, 0, 78, 0, 76, 90, 107, 92, 97, 92, 107, 11, 9, 36, 34, 36, 9, 108, 40, 94, 41, 94, 40, 53, 64, 55, 66, 55, 64, 35, 34, 109, 72, 109, 34, 96, 80, 37, 36, 37, 80, 39, 65, 41, 64, 41, 65, 81, 80, 33, 32, 33, 80, 68, 8, 79, 10, 79, 8, 93, 52, 105, 54, 105, 52, 0, 78, 99, 98, 99, 78, 33, 31, 99, 102, 99, 31, 94, 103, 108, 104, 108, 103, 9, 8, 73, 106, 73, 8, 11, 81, 10, 98, 10, 81, 53, 52, 94, 103, 94, 52, 110, 26, 111, 28, 111, 26, 112, 111, 50, 28, 50, 111, 70, 71, 105, 51, 105, 71, 106, 70, 54, 105, 54, 70, 73, 106, 55, 54, 55, 106, 72, 73, 66, 55, 66, 73, 72, 66, 109, 67, 109, 66, 59, 57, 12, 13, 12, 57, 39, 38, 82, 83, 82, 38, 67, 65, 87, 88, 87, 65, 17, 89, 16, 91, 16, 89, 84, 60, 82, 88, 82, 60, 113, 114, 45, 44, 45, 114, 24, 46, 22, 47, 22, 46, 29, 48, 28, 50, 28, 48, 49, 48, 5, 47, 5, 48, 71, 112, 51, 50, 51, 112, 115, 116, 117, 118, 117, 116, 119, 120, 121, 122, 121, 120, 123, 124, 125, 126, 125, 124, 127, 128, 129, 130, 129, 128, 131, 132, 133, 134, 133, 132, 135, 136, 137, 138, 137, 136, 139, 140, 141, 142, 141, 140, 118, 116, 143, 144, 145, 146, 147, 146, 145, 148, 149, 150, 151, 150, 149, 152, 153, 154, 155, 154, 153, 156, 157, 158, 159, 158, 157, 160, 161, 162, 163, 162, 161, 164, 165, 166, 167, 166, 165, 168, 169, 170, 171, 170, 169, 172, 173, 174, 175, 174, 173, 176, 177, 178, 179, 178, 177, 180, 181, 182, 183, 182, 181, 184, 185, 186, 187, 186, 185, 119, 188, 120, 189, 120, 188, 190, 191, 192, 193, 192, 191, 194, 195, 196, 197, 196, 195, 198, 199, 200, 201, 200, 199, 202, 198, 200, 183, 181, 203, 204, 203, 181, 205, 206, 201, 200, 201, 206, 187, 185, 207, 208, 207, 185, 209, 210, 211, 212, 211, 210, 142, 213, 141, 214, 141, 213, 159, 215, 216, 158, 159, 217, 216, 217, 159, 156, 158, 218, 219, 218, 158, 220, 221, 222, 223, 222, 221, 213, 224, 214, 225, 214, 224, 215, 226, 216, 227, 216, 226, 216, 227, 217, 228, 217, 227, 219, 229, 218, 230, 218, 229, 223, 231, 222, 232, 222, 231, 233, 234, 123, 124, 123, 234, 235, 180, 236, 182, 236, 180, 187, 237, 186, 238, 186, 237, 237, 187, 239, 207, 239, 187, 240, 210, 241, 209, 241, 210, 138, 23, 137, 27, 137, 23, 242, 243, 244, 245, 244, 243, 26, 246, 153, 155, 153, 246, 247, 248, 249, 250, 249, 248, 251, 252, 253, 254, 253, 252, 255, 256, 251, 252, 251, 256, 257, 161, 258, 160, 258, 161, 259, 164, 260, 166, 260, 164, 182, 261, 236, 262, 236, 261, 261, 182, 263, 183, 263, 182, 264, 265, 266, 267, 266, 265, 268, 269, 270, 271, 270, 269, 272, 273, 274, 275, 274, 273, 276, 251, 277, 253, 277, 251, 118, 278, 117, 279, 117, 278, 280, 278, 143, 118, 143, 278, 163, 268, 162, 270, 162, 268, 165, 272, 167, 274, 167, 272, 180, 235, 276, 281, 276, 235, 276, 277, 180, 181, 180, 277, 282, 279, 283, 278, 283, 279, 278, 280, 283, 284, 283, 280, 269, 242, 271, 244, 271, 242, 248, 275, 250, 273, 250, 275, 126, 136, 125, 135, 125, 136, 144, 152, 145, 154, 145, 152, 254, 115, 253, 117, 253, 115, 277, 253, 279, 117, 279, 253, 181, 277, 282, 279, 282, 277, 193, 201, 192, 199, 192, 201, 194, 121, 195, 122, 195, 121, 285, 286, 287, 288, 287, 286, 289, 290, 291, 292, 291, 290, 293, 294, 295, 296, 295, 294, 294, 293, 297, 298, 297, 293, 184, 299, 185, 300, 185, 299, 185, 301, 208, 302, 208, 301, 211, 212, 303, 304, 303, 212, 224, 189, 225, 188, 225, 189, 226, 202, 227, 200, 227, 202, 227, 200, 228, 206, 228, 200, 229, 170, 230, 171, 230, 170, 174, 232, 172, 231, 172, 232, 305, 306, 127, 128, 127, 306, 307, 126, 308, 124, 308, 126, 309, 220, 310, 222, 310, 220, 133, 311, 131, 312, 131, 311, 313, 138, 314, 136, 314, 138, 315, 142, 316, 140, 316, 142, 317, 163, 318, 161, 318, 163, 319, 195, 320, 122, 320, 195, 209, 321, 241, 322, 241, 321, 323, 120, 324, 189, 324, 120, 325, 211, 326, 303, 326, 211, 327, 213, 315, 142, 315, 213, 310, 222, 328, 232, 328, 222, 329, 224, 327, 213, 327, 224, 328, 232, 330, 174, 330, 232, 331, 308, 234, 124, 234, 308, 321, 209, 325, 211, 325, 209, 332, 243, 333, 242, 333, 243, 138, 313, 23, 25, 23, 313, 334, 318, 257, 161, 257, 318, 335, 197, 319, 195, 319, 197, 336, 269, 337, 268, 337, 269, 337, 268, 317, 163, 317, 268, 333, 242, 336, 269, 336, 242, 314, 136, 307, 126, 307, 136, 320, 122, 323, 120, 323, 122, 338, 286, 339, 285, 339, 286, 324, 189, 329, 224, 329, 189, 330, 174, 340, 175, 340, 174, 332, 305, 243, 127, 243, 305, 243, 127, 245, 129, 245, 127, 249, 341, 247, 342, 247, 341, 176, 252, 343, 256, 343, 252, 252, 176, 254, 178, 254, 176, 116, 246, 110, 26, 110, 246, 167, 274, 235, 281, 235, 274, 166, 167, 236, 235, 236, 167, 260, 166, 262, 236, 262, 166, 292, 290, 296, 295, 296, 290, 237, 149, 238, 148, 238, 149, 151, 149, 239, 237, 239, 149, 133, 134, 241, 240, 241, 134, 311, 133, 322, 241, 322, 133, 282, 344, 181, 204, 181, 344, 344, 345, 204, 169, 204, 345, 171, 169, 346, 345, 346, 169, 101, 75, 347, 348, 347, 75, 348, 75, 349, 74, 349, 75, 265, 350, 191, 193, 191, 350, 193, 350, 201, 205, 201, 350, 309, 316, 220, 140, 220, 316, 221, 220, 139, 140, 139, 220, 219, 158, 217, 229, 219, 228, 217, 228, 219, 229, 228, 206, 204, 169, 351, 168, 351, 169, 351, 352, 204, 203, 204, 352, 352, 264, 203, 183, 203, 264, 264, 266, 183, 263, 183, 266, 298, 299, 297, 184, 297, 299, 184, 186, 297, 294, 297, 186, 294, 186, 296, 238, 296, 186, 292, 296, 148, 238, 148, 296, 291, 292, 150, 148, 150, 292, 285, 287, 131, 132, 131, 287, 339, 285, 312, 131, 312, 285, 151, 134, 150, 132, 150, 134, 144, 125, 152, 135, 152, 125, 156, 221, 157, 139, 157, 221, 156, 218, 221, 223, 221, 218, 125, 144, 123, 146, 123, 144, 130, 353, 129, 341, 129, 353, 162, 165, 160, 164, 160, 165, 173, 346, 347, 284, 347, 346, 198, 119, 199, 121, 199, 119, 159, 141, 215, 214, 215, 141, 134, 151, 240, 239, 240, 151, 212, 208, 304, 302, 304, 208, 215, 214, 226, 225, 226, 214, 223, 218, 231, 230, 231, 218, 226, 225, 202, 188, 202, 225, 171, 172, 230, 231, 230, 172, 123, 146, 233, 354, 233, 146, 210, 207, 212, 208, 212, 207, 245, 249, 244, 250, 244, 249, 258, 160, 259, 164, 259, 160, 196, 190, 194, 192, 194, 190, 271, 273, 270, 272, 270, 273, 270, 272, 162, 165, 162, 272, 244, 250, 271, 273, 271, 250, 152, 135, 153, 137, 153, 135, 199, 121, 192, 194, 192, 121, 289, 291, 288, 287, 288, 291, 202, 188, 198, 119, 198, 188, 172, 171, 173, 346, 173, 171, 129, 341, 245, 249, 245, 341, 27, 26, 137, 153, 137, 26, 240, 239, 210, 207, 210, 239, 157, 139, 159, 141, 159, 139, 150, 132, 291, 287, 291, 132, 274, 275, 355, 356, 355, 275, 281, 274, 357, 355, 357, 274, 276, 281, 358, 357, 358, 281, 251, 276, 359, 358, 359, 276, 360, 255, 359, 251, 359, 255, 275, 248, 356, 361, 356, 248, 355, 356, 362, 357, 355, 362, 358, 357, 362, 359, 358, 362, 360, 359, 362, 356, 361, 362, 306, 331, 128, 234, 128, 331, 128, 234, 130, 233, 130, 234, 130, 233, 353, 354, 353, 233, 247, 342, 256, 343, 256, 342, 255, 248, 256, 247, 256, 248, 248, 255, 361, 360, 361, 255, 361, 360, 362, 338, 334, 286, 257, 286, 334, 286, 257, 288, 258, 288, 257, 288, 258, 289, 259, 289, 258, 289, 259, 290, 260, 290, 259, 290, 260, 295, 262, 295, 260, 295, 262, 293, 261, 293, 262, 293, 261, 298, 263, 298, 261, 299, 298, 266, 263, 266, 298, 300, 299, 267, 266, 267, 299, 197, 335, 303, 326, 303, 335, 304, 196, 303, 197, 303, 196, 196, 304, 190, 302, 190, 304, 302, 301, 190, 191, 190, 363, 190, 301, 363, 364, 365, 366, 367, 364, 366, 368, 367, 366, 369, 368, 366, 370, 369, 366, 371, 370, 366, 372, 371, 366, 373, 372, 366, 374, 373, 366, 365, 374, 366, 375, 376, 377, 378, 377, 376, 377, 378, 379, 380, 379, 378, 379, 380, 381, 382, 381, 380, 381, 382, 383, 384, 383, 382, 383, 384, 385, 386, 385, 384, 385, 386, 387, 388, 387, 386, 387, 388, 389, 390, 389, 388, 389, 390, 391, 392, 391, 390, 391, 392, 393, 394, 393, 392, 393, 394, 375, 376, 375, 394, 395, 375, 396, 377, 396, 375, 396, 377, 397, 379, 397, 377, 397, 379, 398, 381, 398, 379, 398, 381, 399, 383, 399, 381, 399, 383, 400, 385, 400, 383, 400, 385, 401, 387, 401, 385, 401, 387, 402, 389, 402, 387, 402, 389, 403, 391, 403, 389, 403, 391, 404, 393, 404, 391, 404, 393, 395, 375, 395, 393, 405, 406, 407, 408, 407, 406, 407, 408, 409, 410, 409, 408, 409, 410, 411, 412, 411, 410, 411, 412, 413, 414, 413, 412, 413, 414, 415, 416, 415, 414, 415, 416, 417, 418, 417, 416, 417, 418, 419, 420, 419, 418, 419, 420, 421, 422, 421, 420, 421, 422, 423, 424, 423, 422, 423, 424, 405, 406, 405, 424, 425, 405, 426, 407, 426, 405, 426, 407, 427, 409, 427, 407, 427, 409, 428, 411, 428, 409, 428, 411, 429, 413, 429, 411, 429, 413, 430, 415, 430, 413, 430, 415, 431, 417, 431, 415, 431, 417, 432, 419, 432, 417, 432, 419, 433, 421, 433, 419, 433, 421, 434, 423, 434, 421, 434, 423, 425, 405, 425, 423, 406, 395, 408, 396, 408, 395, 408, 396, 410, 397, 410, 396, 410, 397, 412, 398, 412, 397, 412, 398, 414, 399, 414, 398, 414, 399, 416, 400, 416, 399, 416, 400, 418, 401, 418, 400, 418, 401, 420, 402, 420, 401, 420, 402, 422, 403, 422, 402, 422, 403, 424, 404, 424, 403, 424, 404, 406, 395, 406, 404, 376, 365, 378, 364, 378, 365, 378, 364, 380, 367, 380, 364, 380, 367, 382, 368, 382, 367, 382, 368, 384, 369, 384, 368, 384, 369, 386, 370, 386, 369, 386, 370, 388, 371, 388, 370, 388, 371, 390, 372, 390, 371, 390, 372, 392, 373, 392, 372, 392, 373, 394, 374, 394, 373, 394, 374, 376, 365, 376, 374, 430, 342, 429, 341, 429, 342, 342, 430, 343, 431, 343, 430, 432, 176, 431, 343, 431, 176, 428, 429, 353, 341, 353, 429, 427, 428, 354, 353, 354, 428, 426, 427, 146, 354, 146, 427, 435, 436, 437, 438, 437, 436, 439, 440, 441, 442, 441, 440, 443, 444, 445, 446, 445, 444, 447, 448, 449, 450, 449, 448, 451, 452, 453, 454, 453, 452, 438, 455, 437, 456, 437, 455, 452, 451, 442, 441, 442, 451, 457, 447, 458, 449, 458, 447, 459, 446, 460, 444, 460, 446, 461, 462, 435, 436, 435, 462, 463, 440, 464, 439, 464, 440, 450, 448, 465, 466, 465, 448, 467, 460, 468, 444, 468, 460, 468, 444, 469, 443, 469, 444, 470, 471, 435, 461, 435, 471, 470, 435, 472, 437, 472, 435, 472, 437, 473, 456, 473, 437, 457, 458, 454, 453, 454, 458, 471, 470, 474, 475, 474, 470, 476, 477, 443, 469, 443, 477, 476, 443, 478, 445, 478, 443, 479, 436, 480, 462, 480, 436, 436, 479, 438, 481, 438, 479, 438, 481, 455, 482, 455, 481, 456, 455, 483, 482, 483, 455, 456, 483, 473, 484, 473, 483, 472, 473, 485, 484, 485, 473, 470, 472, 475, 485, 475, 472, 486, 440, 487, 463, 487, 440, 448, 488, 466, 489, 466, 488, 488, 448, 490, 447, 490, 448, 486, 487, 491, 492, 491, 487, 493, 442, 486, 440, 486, 442, 494, 452, 493, 442, 493, 452, 490, 447, 495, 457, 495, 447, 495, 457, 496, 454, 496, 457, 488, 491, 489, 492, 489, 491, 496, 454, 494, 452, 494, 454, 439, 479, 464, 480, 464, 479, 479, 439, 481, 441, 481, 439, 481, 441, 482, 451, 482, 441, 482, 451, 483, 453, 483, 451, 483, 453, 484, 458, 484, 453, 485, 484, 449, 458, 449, 484, 475, 485, 450, 449, 450, 485, 474, 475, 465, 450, 465, 475, 476, 461, 477, 471, 477, 461, 477, 471, 469, 474, 469, 471, 469, 474, 468, 465, 468, 474, 467, 468, 466, 465, 466, 468, 467, 466, 489, 460, 467, 492, 489, 492, 467, 460, 492, 459, 487, 459, 492, 459, 487, 463, 459, 463, 446, 464, 446, 463, 445, 446, 480, 464, 480, 446, 478, 445, 462, 480, 462, 445, 476, 478, 461, 462, 461, 478, 493, 486, 178, 254, 178, 486, 491, 115, 486, 254, 486, 115, 145, 497, 147, 498, 147, 497, 176, 432, 177, 433, 177, 432, 493, 178, 494, 179, 494, 178, 177, 498, 179, 497, 179, 498, 498, 177, 434, 433, 434, 177, 147, 498, 425, 434, 425, 498, 425, 426, 147, 146, 147, 426, 246, 116, 499, 115, 499, 116, 155, 246, 500, 499, 500, 246, 499, 115, 488, 491, 488, 115, 154, 155, 501, 500, 501, 155, 499, 488, 500, 490, 500, 488, 154, 501, 145, 497, 145, 501, 179, 497, 502, 501, 502, 497, 490, 495, 500, 501, 500, 495, 501, 495, 502, 496, 502, 495, 496, 494, 502, 179, 502, 494, 503, 504, 505, 506, 505, 504, 507, 508, 509, 510, 509, 508, 511, 507, 512, 509, 512, 507, 513, 514, 515, 516, 515, 514, 517, 518, 519, 520, 519, 518, 504, 518, 506, 517, 506, 518, 521, 522, 523, 524, 523, 522, 525, 526, 527, 528, 527, 526, 529, 525, 530, 527, 530, 525, 531, 532, 533, 534, 533, 532, 535, 536, 537, 538, 537, 536, 522, 536, 524, 535, 524, 536, 522, 521, 539, 540, 539, 521, 526, 525, 541, 542, 541, 525, 529, 543, 525, 542, 525, 543, 534, 532, 544, 545, 544, 532, 536, 546, 538, 547, 538, 546, 522, 539, 536, 546, 536, 539, 548, 549, 503, 504, 503, 549, 507, 550, 508, 551, 508, 550, 550, 507, 552, 511, 552, 507, 513, 553, 514, 554, 514, 553, 555, 556, 518, 520, 518, 556, 555, 518, 549, 504, 549, 518, 557, 549, 558, 548, 558, 549, 550, 559, 551, 560, 551, 559, 559, 550, 561, 552, 561, 550, 562, 563, 553, 554, 553, 563, 564, 565, 555, 556, 555, 565, 564, 555, 557, 549, 557, 555, 566, 567, 568, 569, 568, 567, 566, 568, 570, 571, 570, 568, 572, 570, 573, 571, 573, 570, 574, 575, 576, 577, 576, 575, 574, 576, 578, 579, 578, 576, 580, 581, 582, 583, 582, 581, 584, 585, 586, 587, 586, 585, 585, 584, 588, 589, 588, 584, 590, 591, 592, 593, 592, 591, 594, 595, 596, 597, 596, 595, 594, 596, 580, 581, 580, 596, 598, 599, 600, 601, 600, 599, 581, 602, 583, 603, 583, 602, 584, 586, 604, 605, 604, 586, 584, 604, 589, 606, 589, 604, 592, 593, 607, 608, 607, 593, 596, 597, 609, 610, 609, 597, 596, 609, 581, 602, 581, 609, 599, 611, 601, 612, 601, 611, 602, 613, 603, 614, 603, 613, 604, 605, 615, 616, 615, 605, 604, 615, 606, 617, 606, 615, 607, 608, 618, 619, 618, 608, 609, 610, 620, 621, 620, 610, 609, 620, 602, 613, 602, 620, 611, 622, 612, 623, 612, 622, 578, 528, 574, 526, 574, 528, 574, 526, 575, 541, 575, 526, 572, 510, 570, 508, 570, 510, 566, 570, 551, 508, 551, 570, 567, 566, 560, 551, 560, 566, 612, 623, 605, 616, 605, 623, 601, 612, 586, 605, 586, 612, 600, 601, 587, 586, 587, 601, 624, 625, 534, 533, 534, 625, 626, 624, 544, 534, 544, 624, 627, 628, 514, 516, 514, 628, 629, 627, 554, 514, 554, 627, 629, 554, 630, 563, 630, 554, 631, 619, 632, 608, 632, 619, 632, 608, 633, 593, 633, 608, 633, 593, 634, 591, 634, 593, 532, 531, 538, 537, 538, 531, 545, 532, 547, 538, 547, 532, 515, 519, 513, 520, 513, 519, 513, 520, 553, 556, 553, 520, 553, 556, 562, 565, 562, 556, 618, 621, 607, 610, 607, 621, 592, 607, 597, 610, 597, 607, 592, 597, 590, 595, 590, 597, 530, 625, 529, 624, 529, 625, 529, 624, 543, 626, 543, 624, 512, 628, 511, 627, 511, 628, 552, 511, 629, 627, 629, 511, 552, 629, 561, 630, 561, 629, 617, 631, 606, 632, 606, 631, 606, 632, 589, 633, 589, 632, 589, 633, 588, 634, 588, 633, 599, 598, 583, 582, 583, 598, 611, 599, 603, 583, 603, 599, 622, 611, 614, 603, 614, 611, 568, 569, 548, 558, 548, 569, 568, 548, 571, 503, 571, 548, 571, 503, 573, 505, 573, 503, 577, 540, 576, 521, 576, 540, 576, 521, 579, 523, 579, 521, 635, 572, 636, 573, 636, 572, 637, 509, 638, 510, 638, 509, 639, 512, 637, 509, 637, 512, 640, 515, 641, 516, 641, 515, 642, 517, 643, 519, 643, 517, 644, 506, 642, 517, 642, 506, 636, 573, 645, 505, 645, 573, 638, 510, 635, 572, 635, 510, 641, 516, 646, 628, 646, 516, 643, 519, 640, 515, 640, 519, 646, 628, 639, 512, 639, 628, 645, 505, 644, 506, 644, 505, 594, 580, 595, 590, 595, 591, 634, 591, 588, 591, 595, 588, 585, 588, 587, 600, 587, 598, 587, 588, 598, 588, 595, 598, 595, 580, 598, 598, 580, 582, 613, 557, 614, 558, 614, 557, 623, 567, 616, 560, 616, 567, 615, 559, 617, 561, 617, 559, 617, 561, 631, 630, 631, 561, 618, 562, 621, 565, 621, 562, 620, 564, 613, 557, 613, 564, 622, 569, 623, 567, 623, 569, 616, 560, 615, 559, 615, 560, 619, 563, 618, 562, 618, 563, 621, 565, 620, 564, 620, 565, 631, 630, 619, 563, 619, 630, 614, 558, 622, 569, 622, 558, 575, 635, 577, 636, 577, 635, 542, 637, 541, 638, 541, 637, 543, 639, 542, 637, 542, 639, 545, 640, 544, 641, 544, 640, 546, 642, 547, 643, 547, 642, 539, 644, 546, 642, 546, 644, 577, 636, 540, 645, 540, 636, 541, 638, 575, 635, 575, 638, 544, 641, 626, 646, 626, 641, 547, 643, 545, 640, 545, 643, 626, 646, 543, 639, 543, 646, 540, 645, 539, 644, 539, 645, 87, 62, 647, 648, 647, 62, 87, 647, 67, 109, 67, 647, 649, 35, 109, 63, 650, 62, 648, 62, 650, 650, 63, 651, 59, 651, 63, 649, 652, 35, 37, 35, 652, 59, 12, 651, 653, 651, 12, 12, 14, 653, 654, 653, 14, 14, 16, 654, 655, 654, 16, 16, 91, 655, 656, 655, 91, 91, 92, 656, 657, 656, 92, 657, 92, 658, 96, 658, 92, 652, 658, 37, 96, 37, 658, 527, 528, 653, 651, 653, 528, 530, 527, 654, 653, 654, 527, 625, 530, 655, 654, 655, 530, 533, 625, 656, 655, 656, 625, 531, 533, 657, 656, 657, 533, 531, 657, 537, 658, 537, 657, 535, 537, 652, 658, 652, 537, 524, 535, 649, 652, 649, 535, 524, 649, 523, 579, 523, 648, 647, 648, 523, 579, 648, 578, 650, 578, 648, 578, 650, 528, 651, 528, 650, 523, 649, 647, 109, 647, 649, 659, 660, 661, 662, 661, 660, 663, 664, 665, 666, 665, 664, 667, 668, 669, 670, 669, 668, 671, 672, 673, 674, 673, 672, 675, 672, 676, 671, 676, 672, 677, 675, 678, 676, 678, 675, 679, 680, 681, 682, 681, 680, 683, 684, 685, 686, 685, 684, 687, 688, 689, 690, 689, 688, 691, 692, 100, 693, 100, 692, 694, 695, 696, 697, 696, 695, 698, 699, 700, 701, 700, 699, 702, 703, 704, 705, 704, 703, 706, 707, 708, 709, 708, 707, 710, 711, 712, 713, 712, 711, 714, 715, 710, 711, 710, 715, 716, 717, 714, 715, 714, 717, 718, 719, 700, 698, 700, 719, 720, 721, 704, 702, 704, 721, 688, 687, 722, 723, 722, 687, 724, 710, 725, 712, 725, 710, 726, 714, 724, 710, 724, 714, 727, 716, 726, 714, 726, 716, 679, 686, 680, 684, 680, 686, 704, 698, 720, 719, 720, 698, 698, 704, 699, 705, 699, 704, 659, 665, 660, 666, 660, 665, 685, 690, 683, 688, 683, 690, 683, 688, 721, 722, 721, 688, 702, 706, 703, 708, 703, 706, 663, 669, 664, 670, 664, 669, 728, 729, 730, 731, 730, 729, 732, 728, 733, 730, 733, 728, 734, 735, 736, 737, 736, 735, 738, 739, 740, 741, 740, 739, 699, 742, 701, 743, 701, 742, 703, 744, 705, 745, 705, 744, 709, 746, 708, 747, 708, 746, 711, 748, 713, 749, 713, 748, 715, 750, 711, 748, 711, 750, 717, 751, 715, 750, 715, 751, 705, 745, 699, 742, 699, 745, 708, 747, 703, 744, 703, 747, 736, 752, 734, 753, 734, 752, 694, 696, 682, 681, 682, 696, 700, 716, 718, 727, 718, 716, 717, 716, 701, 700, 701, 716, 751, 717, 743, 701, 743, 717, 677, 678, 662, 661, 662, 678, 687, 689, 728, 729, 728, 689, 723, 687, 732, 728, 732, 687, 707, 735, 709, 734, 709, 735, 709, 734, 746, 753, 746, 734, 667, 738, 668, 740, 668, 738, 730, 731, 693, 100, 693, 731, 730, 693, 733, 725, 733, 693, 736, 737, 713, 712, 713, 737, 752, 736, 749, 713, 749, 736, 739, 673, 741, 674, 741, 673, 684, 683, 720, 721, 720, 683, 680, 684, 719, 720, 719, 684, 682, 680, 718, 719, 718, 680, 694, 682, 727, 718, 727, 682, 694, 727, 695, 726, 695, 727, 695, 726, 692, 724, 692, 726, 692, 724, 693, 725, 693, 724, 706, 702, 722, 721, 722, 702, 707, 706, 723, 722, 723, 706, 707, 723, 735, 732, 735, 723, 735, 732, 737, 733, 737, 732, 737, 733, 712, 725, 712, 733, 754, 755, 756, 757, 756, 755, 758, 759, 760, 761, 760, 759, 762, 763, 764, 765, 764, 763, 766, 767, 768, 769, 768, 767, 770, 771, 772, 773, 772, 771, 772, 773, 754, 755, 754, 773, 760, 761, 762, 763, 762, 761, 764, 765, 766, 767, 766, 765, 774, 775, 776, 777, 776, 775, 756, 757, 758, 759, 758, 757, 768, 769, 774, 775, 774, 769, 776, 777, 770, 771, 770, 777, 742, 778, 743, 779, 743, 778, 744, 780, 745, 781, 745, 780, 746, 782, 747, 783, 747, 782, 748, 784, 749, 785, 749, 784, 750, 786, 748, 784, 748, 786, 751, 787, 750, 786, 750, 787, 745, 781, 742, 778, 742, 781, 747, 783, 744, 780, 744, 783, 752, 788, 753, 789, 753, 788, 743, 779, 751, 787, 751, 779, 753, 789, 746, 782, 746, 789, 749, 785, 752, 788, 752, 785, 755, 790, 757, 791, 757, 790, 759, 792, 761, 793, 761, 792, 763, 794, 765, 795, 765, 794, 767, 796, 769, 797, 769, 796, 771, 798, 773, 799, 773, 798, 773, 799, 755, 790, 755, 799, 761, 793, 763, 794, 763, 793, 765, 795, 767, 796, 767, 795, 775, 800, 777, 801, 777, 800, 757, 791, 759, 792, 759, 791, 769, 797, 775, 800, 775, 797, 777, 801, 771, 798, 771, 801, 790, 802, 791, 803, 791, 802, 792, 804, 793, 805, 793, 804, 794, 806, 795, 807, 795, 806, 796, 808, 797, 809, 797, 808, 798, 810, 799, 811, 799, 810, 799, 811, 790, 802, 790, 811, 793, 805, 794, 806, 794, 805, 795, 807, 796, 808, 796, 807, 800, 812, 801, 813, 801, 812, 791, 803, 792, 804, 792, 803, 797, 809, 800, 812, 800, 809, 801, 813, 798, 810, 798, 813, 772, 754, 770, 776, 770, 774, 768, 774, 766, 774, 770, 766, 764, 766, 762, 760, 762, 758, 762, 766, 758, 766, 770, 758, 770, 754, 758, 758, 754, 756, 802, 677, 803, 662, 803, 677, 804, 660, 805, 666, 805, 660, 806, 664, 807, 670, 807, 664, 808, 668, 809, 740, 809, 668, 810, 672, 811, 675, 811, 672, 811, 675, 802, 677, 802, 675, 805, 666, 806, 664, 806, 666, 807, 670, 808, 668, 808, 670, 812, 741, 813, 674, 813, 741, 803, 662, 804, 660, 804, 662, 809, 740, 812, 741, 812, 740, 813, 674, 810, 672, 810, 674, 778, 659, 779, 661, 779, 659, 780, 663, 781, 665, 781, 663, 782, 667, 783, 669, 783, 667, 784, 671, 785, 673, 785, 671, 786, 676, 784, 671, 784, 676, 787, 678, 786, 676, 786, 678, 781, 665, 778, 659, 778, 665, 783, 669, 780, 663, 780, 669, 788, 739, 789, 738, 789, 739, 779, 661, 787, 678, 787, 661, 789, 738, 782, 667, 782, 738, 785, 673, 788, 739, 788, 673, 697, 110, 696, 111, 696, 110, 112, 681, 111, 696, 111, 681, 71, 679, 112, 681, 112, 679, 43, 729, 45, 689, 45, 729, 42, 20, 43, 21, 43, 20, 2, 3, 113, 114, 113, 3, 21, 731, 43, 729, 43, 731, 100, 731, 19, 21, 19, 731, 686, 679, 69, 71, 69, 679, 284, 280, 814, 45, 689, 113, 690, 113, 689, 69, 77, 686, 685, 686, 77, 113, 690, 2, 76, 2, 690, 690, 685, 76, 77, 76, 685, 80, 96, 32, 97, 32, 96, 32, 97, 30, 107, 30, 97, 284, 346, 283, 345, 283, 346, 282, 283, 344, 345, 344, 283, 697, 280, 143, 697, 143, 110, 116, 110, 143, 814, 280, 691, 697, 691, 280, 692, 691, 695, 697, 695, 691, 814, 691, 101, 100, 101, 691, 284, 814, 347, 101, 347, 814, 173, 347, 175, 348, 175, 347, 175, 348, 340, 349, 340, 348, 815, 95, 816, 817, 816, 95, 818, 819, 820, 821, 819, 818, 822, 819, 823, 820, 819, 822, 824, 825, 826, 827, 826, 825, 828, 826, 829, 827, 829, 826, 830, 831, 816, 832, 816, 831, 824, 830, 825, 816, 825, 830, 833, 834, 835, 836, 835, 834, 837, 838, 833, 834, 833, 838, 839, 840, 841, 842, 841, 840, 835, 836, 839, 840, 839, 836, 843, 844, 845, 846, 845, 844, 847, 848, 843, 844, 843, 848, 849, 850, 851, 852, 851, 850, 845, 846, 849, 850, 849, 846, 853, 854, 855, 856, 855, 854, 857, 858, 853, 854, 853, 858, 859, 860, 861, 862, 861, 860, 855, 856, 859, 860, 859, 856, 863, 843, 864, 845, 864, 843, 865, 847, 863, 843, 863, 847, 866, 849, 867, 851, 867, 849, 864, 845, 866, 849, 866, 845, 834, 863, 836, 864, 836, 863, 838, 865, 834, 863, 834, 865, 840, 866, 842, 867, 842, 866, 836, 864, 840, 866, 840, 864, 854, 833, 856, 835, 856, 833, 858, 837, 854, 833, 854, 837, 860, 839, 862, 841, 862, 839, 856, 835, 860, 839, 860, 835, 868, 853, 869, 855, 869, 853, 870, 857, 868, 853, 868, 857, 871, 859, 872, 861, 872, 859, 869, 855, 871, 859, 871, 855, 826, 868, 824, 869, 824, 868, 828, 870, 826, 868, 826, 870, 830, 871, 831, 872, 831, 871, 824, 869, 830, 871, 830, 869, 829, 827, 86, 85, 86, 827, 827, 825, 85, 84, 85, 825, 825, 816, 84, 817, 84, 816, 56, 58, 815, 95, 815, 58, 56, 815, 832, 816, 832, 815, 844, 818, 846, 820, 846, 818, 848, 821, 844, 818, 844, 821, 850, 822, 852, 823, 852, 822, 846, 820, 850, 822, 850, 820, 84, 817, 60, 95, 61, 817, 60, 817, 61, 873, 874, 875, 875, 874, 876, 876, 874, 877, 877, 874, 878, 878, 874, 879, 879, 874, 880, 880, 874, 881, 881, 874, 882, 882, 874, 883, 883, 874, 884, 884, 874, 885, 885, 874, 873, 875, 886, 873, 887, 873, 886, 876, 888, 875, 886, 875, 888, 877, 889, 876, 888, 876, 889, 878, 890, 877, 889, 877, 890, 879, 891, 878, 890, 878, 891, 880, 892, 879, 891, 879, 892, 881, 893, 880, 892, 880, 893, 882, 894, 881, 893, 881, 894, 883, 895, 882, 894, 882, 895, 884, 896, 883, 895, 883, 896, 885, 897, 884, 896, 884, 897, 873, 887, 885, 897, 885, 887, 886, 898, 887, 899, 887, 898, 888, 900, 886, 898, 886, 900, 889, 901, 888, 900, 888, 901, 890, 902, 889, 901, 889, 902, 891, 903, 890, 902, 890, 903, 892, 904, 891, 903, 891, 904, 893, 905, 892, 904, 892, 905, 894, 906, 893, 905, 893, 906, 895, 907, 894, 906, 894, 907, 896, 908, 895, 907, 895, 908, 897, 909, 896, 908, 896, 909, 887, 899, 897, 909, 897, 899, 351, 168, 205, 206, 205, 168, 205, 350, 351, 352, 351, 350, 264, 352, 265, 350, 265, 352, 206, 168, 229, 170, 229, 168, 363, 267, 191, 265, 191, 267, 300, 301, 185, 300, 267, 301, 363, 301, 267, 910, 911, 912, 913, 912, 911, 914, 915, 916, 917, 916, 915, 918, 919, 920, 921, 920, 919, 922, 923, 924, 925, 924, 923, 926, 927, 928, 929, 928, 927, 930, 931, 932, 933, 932, 931, 934, 935, 936, 937, 936, 935, 938, 939, 940, 941, 940, 939, 942, 943, 944, 945, 944, 943, 946, 947, 948, 949, 948, 947, 950, 951, 952, 953, 952, 951, 954, 955, 956, 957, 956, 955, 958, 959, 960, 961, 960, 959, 962, 963, 964, 965, 964, 963, 966, 967, 968, 969, 968, 967, 970, 971, 972, 973, 972, 971, 974, 975, 915, 917, 915, 975, 976, 977, 978, 979, 978, 977, 980, 981, 982, 983, 982, 981, 984, 985, 986, 987, 986, 985, 986, 987, 988, 989, 967, 990, 966, 990, 967, 986, 991, 984, 992, 984, 991, 993, 971, 994, 970, 994, 971, 995, 996, 997, 998, 997, 996, 999, 1000, 932, 930, 932, 1000, 1001, 1002, 942, 1001, 942, 1003, 944, 1003, 942, 1004, 944, 1005, 945, 1005, 944, 1006, 1007, 1008, 1009, 1008, 1007, 1010, 1011, 999, 1000, 999, 1011, 1012, 1013, 1001, 1002, 1001, 1013, 1014, 1012, 1003, 1001, 1003, 1012, 1015, 1016, 1005, 1004, 1005, 1016, 1017, 1018, 1008, 1006, 1008, 1018, 919, 1019, 921, 1020, 921, 1019, 968, 969, 1021, 1022, 1021, 969, 1023, 1024, 972, 970, 972, 1024, 994, 970, 1025, 1024, 1025, 970, 998, 996, 1026, 1027, 1026, 996, 1028, 1029, 1030, 1031, 1030, 1029, 1032, 1033, 1034, 1035, 1034, 1033, 1036, 1037, 1038, 1039, 1038, 1037, 1037, 1040, 1039, 1041, 1039, 1040, 949, 947, 1042, 1043, 1042, 947, 952, 953, 1044, 1045, 1044, 953, 1046, 1047, 1021, 968, 1021, 1047, 966, 968, 1048, 1047, 1048, 968, 1049, 1050, 1051, 1052, 1051, 1050, 1053, 1054, 1055, 1056, 1055, 1054, 1057, 1058, 1059, 1060, 1059, 1058, 1038, 1039, 1061, 1062, 1061, 1039, 1063, 1064, 912, 910, 912, 1064, 1055, 1056, 948, 946, 948, 1056, 1059, 1060, 950, 951, 950, 1060, 1065, 1022, 1062, 969, 1062, 1022, 967, 1061, 969, 1062, 969, 1061, 1064, 1063, 1066, 1067, 1066, 1063, 1030, 1031, 1053, 1054, 1053, 1031, 1058, 1057, 1032, 1033, 1032, 1057, 1068, 1069, 920, 918, 920, 1069, 1070, 1071, 935, 937, 935, 1071, 912, 913, 1038, 1036, 1038, 913, 912, 1038, 1063, 1061, 1063, 1038, 1063, 1061, 1067, 967, 1067, 1061, 985, 984, 978, 976, 978, 984, 914, 916, 981, 983, 981, 916, 1072, 1073, 1074, 1075, 1074, 1073, 1076, 1077, 1078, 1079, 1078, 1077, 1080, 1081, 1082, 1083, 1082, 1081, 1084, 1083, 1085, 1081, 1085, 1083, 1086, 1087, 971, 973, 971, 1087, 1088, 1089, 993, 971, 993, 1089, 1090, 995, 1091, 997, 1091, 995, 975, 974, 1010, 1011, 1010, 974, 986, 988, 1012, 1013, 1012, 988, 991, 986, 1014, 1012, 1014, 986, 954, 956, 1015, 1016, 1015, 956, 1018, 1017, 961, 960, 961, 1017, 923, 306, 925, 305, 925, 306, 919, 918, 308, 307, 308, 918, 1008, 1009, 310, 309, 310, 1009, 312, 311, 929, 928, 929, 311, 931, 930, 316, 315, 316, 930, 947, 946, 318, 317, 318, 946, 914, 981, 320, 319, 320, 981, 322, 321, 1026, 998, 1026, 321, 974, 915, 324, 323, 324, 915, 1091, 997, 326, 325, 326, 997, 930, 1000, 315, 327, 315, 1000, 1017, 1008, 328, 310, 328, 1008, 1000, 1011, 327, 329, 327, 1011, 960, 1017, 330, 328, 330, 1017, 919, 308, 1019, 331, 1019, 308, 997, 998, 325, 321, 325, 998, 1031, 1029, 333, 332, 333, 1029, 947, 318, 1043, 334, 1043, 318, 981, 980, 319, 335, 319, 980, 1056, 1054, 337, 336, 337, 1054, 946, 1056, 317, 337, 317, 1056, 1054, 1031, 336, 333, 336, 1031, 918, 1069, 307, 314, 307, 1069, 915, 914, 323, 320, 323, 914, 1075, 1073, 339, 338, 339, 1073, 1011, 974, 329, 324, 329, 974, 958, 960, 340, 330, 340, 960, 925, 305, 1029, 332, 1029, 305, 924, 925, 1028, 1029, 1028, 925, 1092, 1093, 1035, 1034, 1035, 1093, 1040, 1037, 1094, 965, 1094, 1037, 964, 965, 1036, 1037, 1036, 965, 1065, 1059, 1022, 950, 1022, 1059, 1022, 950, 1021, 952, 1021, 950, 1021, 952, 1046, 1044, 1046, 952, 1082, 1077, 1080, 1076, 1080, 1077, 941, 939, 1023, 1024, 1023, 939, 1024, 939, 1025, 938, 1025, 939, 1027, 926, 1026, 928, 1026, 926, 1026, 928, 322, 311, 322, 928, 989, 1095, 967, 1067, 967, 1095, 955, 1096, 989, 1095, 989, 1096, 1096, 955, 1097, 954, 1097, 955, 976, 1098, 977, 1050, 977, 1098, 992, 1098, 984, 976, 984, 1098, 931, 316, 1009, 309, 1009, 316, 931, 1009, 933, 1007, 933, 1009, 1003, 944, 1004, 1003, 1004, 1014, 1016, 1014, 1004, 991, 1014, 1016, 957, 955, 1099, 989, 1099, 955, 990, 1100, 989, 1099, 989, 1100, 966, 1052, 990, 1100, 990, 1052, 1048, 1051, 966, 1052, 966, 1051, 973, 1087, 1085, 1084, 1085, 1087, 1081, 972, 1085, 973, 1085, 972, 1023, 972, 1080, 1081, 1080, 972, 1023, 1080, 941, 1076, 941, 1080, 941, 1076, 940, 1078, 940, 1076, 927, 1074, 929, 1075, 929, 1074, 929, 1075, 312, 339, 312, 1075, 927, 926, 940, 938, 940, 926, 1068, 920, 1071, 937, 1071, 920, 933, 1007, 943, 945, 943, 1007, 1006, 1005, 1007, 945, 1007, 1005, 936, 937, 921, 920, 921, 937, 1093, 1101, 924, 922, 924, 1101, 953, 951, 949, 948, 949, 951, 1102, 1097, 1103, 959, 1103, 1097, 916, 917, 985, 987, 985, 917, 999, 932, 1002, 942, 1002, 932, 1025, 938, 1027, 926, 1027, 938, 1088, 993, 1090, 995, 1090, 993, 1010, 999, 1013, 1002, 1013, 999, 1015, 1005, 1018, 1006, 1018, 1005, 975, 1010, 988, 1013, 988, 1010, 1018, 961, 1015, 954, 1015, 961, 1104, 936, 1020, 921, 1020, 936, 993, 994, 995, 996, 995, 994, 1032, 1034, 1030, 1028, 1030, 1034, 953, 949, 1045, 1042, 1045, 949, 978, 979, 983, 982, 983, 979, 1060, 1058, 1055, 1053, 1055, 1058, 951, 1060, 948, 1055, 948, 1060, 1058, 1032, 1053, 1030, 1053, 1032, 983, 916, 978, 985, 978, 916, 1074, 1078, 1072, 1079, 1072, 1078, 917, 975, 987, 988, 987, 975, 1097, 954, 959, 961, 959, 954, 1034, 1093, 1028, 924, 1028, 1093, 994, 1025, 996, 1027, 996, 1025, 932, 933, 942, 943, 942, 933, 1074, 927, 1078, 940, 1078, 927, 1105, 1057, 1106, 1059, 1106, 1057, 1106, 1059, 1107, 1065, 1107, 1059, 1107, 1065, 1108, 1062, 1108, 1065, 1108, 1062, 1109, 1039, 1109, 1062, 1039, 1041, 1109, 1110, 1109, 1041, 1111, 1033, 1105, 1057, 1105, 1033, 1112, 1105, 1106, 1112, 1106, 1107, 1112, 1107, 1108, 1112, 1108, 1109, 1112, 1109, 1110, 1112, 1111, 1105, 1019, 331, 923, 306, 923, 331, 1020, 1019, 922, 923, 922, 1019, 1104, 1020, 1101, 922, 1101, 1020, 1094, 1092, 1040, 1035, 1040, 1092, 1035, 1033, 1040, 1041, 1040, 1033, 1110, 1041, 1111, 1033, 1111, 1041, 1112, 1110, 1111, 1043, 334, 1073, 338, 1073, 334, 1042, 1043, 1072, 1073, 1072, 1043, 1045, 1042, 1079, 1072, 1079, 1042, 1044, 1045, 1077, 1079, 1077, 1045, 1046, 1044, 1082, 1077, 1082, 1044, 1047, 1046, 1083, 1082, 1083, 1046, 1048, 1047, 1084, 1083, 1084, 1047, 1048, 1084, 1051, 1087, 1051, 1084, 1051, 1087, 1049, 1086, 1049, 1087, 326, 335, 1091, 980, 1091, 335, 980, 982, 1091, 1090, 1091, 982, 1088, 1090, 979, 982, 979, 1090, 977, 1113, 979, 1113, 1089, 979, 979, 1089, 1088, 1093, 1092, 1114, 1115, 1114, 1092, 1116, 1115, 1094, 1092, 1094, 1115, 1094, 965, 1116, 1117, 1116, 965, 1093, 1114, 1101, 1118, 1101, 1114, 1101, 1118, 1104, 1119, 1104, 1118, 1104, 1119, 936, 1120, 936, 1119, 1036, 1121, 964, 1122, 964, 1121, 1036, 913, 1121, 1123, 1121, 913, 1124, 1125, 934, 935, 934, 1125, 1126, 1117, 963, 965, 963, 1117, 962, 964, 1127, 1122, 1127, 964, 1125, 1124, 962, 963, 962, 1124, 1126, 963, 1128, 1124, 1128, 963, 1128, 1124, 1129, 934, 1129, 1124, 936, 1120, 934, 1129, 934, 1120, 913, 911, 1130, 1131, 1130, 911, 1130, 1131, 1132, 1133, 1132, 1131, 1123, 913, 1134, 1130, 1134, 913, 1132, 1133, 1135, 1070, 1135, 1133, 1136, 1134, 1132, 1130, 1132, 1134, 1125, 1135, 935, 1070, 935, 1135, 1135, 1125, 1137, 962, 1137, 1125, 1135, 1138, 1132, 1136, 1132, 1138, 1139, 1138, 1137, 1135, 1137, 1138, 962, 1127, 1137, 1139, 1137, 1127, 1096, 1097, 1066, 1102, 1066, 1097, 1096, 1066, 1095, 1067, 1095, 1066, 1140, 1103, 958, 959, 958, 1103, 349, 1140, 340, 958, 340, 1140, 991, 957, 992, 1099, 992, 957, 1100, 1098, 1099, 992, 1099, 1098, 1098, 1100, 1050, 1052, 1050, 1100, 956, 957, 1016, 991, 1016, 957, 1050, 1049, 977, 1113, 977, 1049, 971, 1089, 1086, 1113, 1049, 1089, 1086, 1089, 1049, 1141, 1142, 1143, 1144, 1143, 1142, 1145, 1141, 1146, 1143, 1146, 1141, 1147, 1145, 1148, 1146, 1148, 1145, 1149, 1147, 1150, 1148, 1150, 1147, 1151, 1149, 1152, 1150, 1152, 1149, 1153, 1151, 19, 1152, 19, 1151, 1154, 1153, 1155, 19, 1155, 1153, 1156, 1154, 43, 1155, 43, 1154, 1157, 1156, 1158, 43, 1158, 1156, 1159, 1157, 1160, 1158, 1160, 1157, 1160, 1161, 1159, 1162, 1159, 1161, 1163, 1162, 1164, 1161, 1164, 1162, 1165, 1166, 1167, 31, 1167, 1166, 1164, 1166, 1163, 1165, 1163, 1166, 1168, 1169, 1170, 1171, 1170, 1169, 1172, 1168, 1173, 1170, 1173, 1168, 1174, 1172, 1175, 1173, 1175, 1172, 1176, 1174, 1177, 1175, 1177, 1174, 1178, 1176, 1179, 1177, 1179, 1176, 1180, 1178, 1181, 1179, 1181, 1178, 1182, 1180, 1183, 1181, 1183, 1180, 1184, 1182, 1185, 1183, 1185, 1182, 1184, 1185, 1186, 1187, 1186, 1185, 1188, 1186, 114, 1187, 114, 1186, 114, 1189, 1188, 1190, 1188, 1189, 1191, 1190, 1192, 1189, 1192, 1190, 1193, 1194, 31, 1195, 31, 1194, 1192, 1195, 1191, 1194, 1191, 1195, 1196, 1197, 1198, 1199, 1198, 1197, 1200, 1201, 1198, 1196, 1198, 1201, 1202, 1203, 1204, 1205, 1204, 1203, 1206, 1207, 1204, 1202, 1204, 1207, 1208, 1209, 1210, 1211, 1210, 1209, 1212, 1213, 1210, 1208, 1210, 1213, 1214, 1215, 1216, 1217, 1216, 1215, 1218, 1219, 1216, 1214, 1216, 1219, 1220, 1221, 1222, 1223, 1222, 1221, 1224, 1225, 1222, 1220, 1222, 1225, 1226, 1227, 1228, 1229, 1228, 1227, 1230, 1231, 1228, 1226, 1228, 1231, 1232, 1233, 1234, 1235, 1234, 1233, 1236, 1237, 1234, 1232, 1234, 1237, 1238, 1239, 1240, 1241, 1240, 1239, 1242, 1243, 1240, 1238, 1240, 1243, 1244, 1245, 1246, 1247, 1246, 1245, 1248, 1249, 1246, 1244, 1246, 1249, 1250, 1251, 1252, 1253, 1252, 1251, 1254, 1255, 1252, 1250, 1252, 1255, 1256, 1257, 1258, 1259, 1258, 1257, 1260, 1261, 1258, 1256, 1258, 1261, 1262, 1263, 1264, 1265, 1264, 1263, 1266, 1267, 1264, 1262, 1264, 1267, 1268, 1269, 1270, 1271, 1270, 1269, 1272, 1273, 1270, 1268, 1270, 1273, 1274, 1275, 1276, 1277, 1276, 1275, 1278, 1279, 1276, 1274, 1276, 1279, 1280, 1281, 1282, 1283, 1282, 1281, 1284, 1285, 1282, 1280, 1282, 1285, 1286, 1287, 1288, 1289, 1288, 1287, 1290, 1291, 1288, 1286, 1288, 1291, 1292, 1293, 1294, 1295, 1294, 1293, 1295, 1296, 1294, 1297, 1294, 1296, 1298, 1299, 1300, 1301, 1300, 1299, 1301, 1302, 1300, 1303, 1300, 1302, 1304, 1305, 1306, 1307, 1306, 1305, 1307, 1308, 1306, 1309, 1306, 1308, 1310, 1311, 1312, 1313, 1312, 1311, 1313, 1314, 1312, 1315, 1312, 1314, 1316, 1317, 1318, 1319, 1318, 1317, 1319, 1320, 1318, 1321, 1318, 1320, 1322, 1323, 1324, 1325, 1324, 1323, 1325, 1326, 1324, 1327, 1324, 1326, 1328, 1329, 1330, 1331, 1330, 1329, 1331, 1332, 1330, 1333, 1330, 1332, 1334, 1335, 1336, 1337, 1336, 1335, 1337, 1338, 1336, 1339, 1336, 1338, 3, 1, 1340, 1341, 1340, 1, 7, 1342, 6, 1343, 6, 1342, 1344, 1345, 1346, 1347, 1346, 1345, 15, 13, 1348, 1349, 1348, 13, 17, 15, 1350, 1348, 1350, 15, 1351, 1352, 20, 18, 20, 1352, 25, 1353, 24, 1354, 24, 1353, 1355, 1356, 1357, 1358, 1357, 1356, 1359, 31, 1360, 30, 1360, 31, 1361, 1362, 1363, 1364, 1363, 1362, 1365, 1366, 40, 38, 40, 1366, 1367, 1368, 44, 42, 44, 1368, 1342, 7, 1369, 46, 1369, 7, 1370, 1371, 1372, 1373, 1372, 1371, 1374, 1375, 1376, 1377, 1376, 1375, 1378, 57, 1379, 56, 1379, 57, 1380, 1381, 1382, 1383, 1382, 1381, 1384, 1385, 1386, 1387, 1386, 1385, 1388, 1389, 1390, 1391, 1390, 1389, 1392, 1345, 1393, 1364, 1393, 1345, 1394, 74, 1352, 18, 1352, 74, 1395, 1396, 1397, 1398, 1397, 1396, 1344, 1399, 1363, 1400, 1363, 1399, 1401, 1402, 83, 1402, 1403, 83, 1403, 86, 83, 1383, 1404, 1382, 1405, 1382, 1404, 1406, 90, 1407, 89, 1407, 90, 1354, 1353, 1355, 1356, 1355, 1353, 1354, 1355, 1369, 1373, 1369, 1355, 1342, 1371, 1343, 1408, 1343, 1371, 1409, 1375, 1365, 1387, 1365, 1375, 1401, 1366, 1404, 1385, 1404, 1366, 1410, 1381, 1379, 1379, 1381, 1378, 1380, 1378, 1381, 1411, 1406, 1412, 1413, 1359, 1414, 1399, 1414, 1359, 1394, 1352, 1415, 1416, 1415, 1352, 1, 102, 1341, 1413, 1341, 102, 6, 1343, 104, 1417, 104, 1343, 1395, 1391, 1396, 1389, 1396, 1391, 1418, 1408, 1370, 1371, 1370, 1408, 1390, 1391, 1419, 1347, 1419, 1391, 1397, 1414, 1395, 1346, 1395, 1414, 1343, 1408, 1417, 1377, 1417, 1408, 1397, 1398, 1341, 1340, 1341, 1398, 1411, 107, 1406, 90, 1406, 107, 1364, 1345, 1363, 1344, 1363, 1345, 1365, 40, 1409, 108, 1409, 40, 1386, 1387, 1374, 1375, 1374, 1387, 1393, 1364, 1420, 1362, 1420, 1364, 1363, 1400, 1361, 1412, 1361, 1400, 1387, 1385, 1365, 1366, 1365, 1385, 1360, 1400, 1359, 1399, 1359, 1400, 1346, 1347, 1395, 1391, 1395, 1347, 1376, 1377, 1418, 1408, 1418, 1377, 1414, 1397, 1413, 1341, 1413, 1397, 102, 31, 1413, 1359, 1413, 31, 104, 1417, 108, 1409, 108, 1417, 1419, 1347, 1392, 1345, 1392, 1347, 1414, 1399, 1346, 1344, 1346, 1399, 1417, 1377, 1409, 1375, 1409, 1377, 1357, 1358, 1421, 1422, 1421, 1358, 1357, 1421, 1372, 1423, 1372, 1421, 1370, 1388, 1418, 1390, 1418, 1388, 1418, 1390, 1376, 1419, 1376, 1390, 1376, 1419, 1374, 1392, 1374, 1419, 1374, 1392, 1386, 1393, 1386, 1392, 1384, 1386, 1420, 1393, 1420, 1386, 13, 57, 1349, 1378, 1349, 57, 83, 38, 1401, 1366, 1401, 38, 1404, 1385, 1405, 1384, 1405, 1385, 1407, 89, 1350, 17, 1350, 89, 1404, 1383, 1401, 1402, 1401, 1383, 44, 114, 1367, 1424, 1367, 114, 1369, 46, 1354, 24, 1354, 46, 1372, 1373, 1357, 1355, 1357, 1373, 1369, 1373, 1342, 1371, 1342, 1373, 1372, 1423, 1370, 1388, 1370, 1423, 1425, 1069, 1426, 1068, 1426, 1069, 1427, 911, 910, 1133, 1428, 1070, 1071, 1070, 1428, 1356, 1353, 1426, 1425, 1426, 1353, 1133, 1131, 1428, 1358, 1428, 1131, 910, 1064, 1427, 1429, 1427, 1064, 1102, 1429, 1066, 1064, 1066, 1429, 1069, 1425, 314, 313, 314, 1425, 25, 313, 1353, 1425, 1353, 313, 1358, 1131, 1422, 911, 1422, 1131, 1140, 1394, 1103, 1415, 1103, 1394, 74, 1394, 349, 1140, 349, 1394, 1426, 1068, 1428, 1071, 1428, 1068, 1428, 1358, 1426, 1356, 1426, 1358, 1430, 1431, 1432, 1433, 1432, 1431, 1434, 1435, 1436, 1437, 1436, 1435, 1436, 1437, 1438, 1439, 1438, 1437, 1440, 1441, 1442, 1443, 1442, 1441, 1444, 1445, 1446, 1447, 1446, 1445, 1447, 1445, 1430, 1431, 1430, 1445, 1448, 1449, 1450, 1451, 1450, 1449, 1452, 1453, 1454, 1455, 1454, 1453, 1454, 1455, 1456, 1457, 1456, 1455, 1458, 1459, 1460, 1461, 1460, 1459, 1462, 1463, 1464, 1465, 1464, 1463, 1465, 1463, 1448, 1449, 1448, 1463, 1466, 1451, 1467, 1449, 1467, 1451, 1468, 1455, 1469, 1453, 1469, 1455, 1468, 1470, 1455, 1457, 1455, 1470, 1471, 1459, 1472, 1458, 1472, 1459, 1473, 1474, 1462, 1463, 1462, 1474, 1474, 1467, 1463, 1449, 1463, 1467, 1431, 1475, 1433, 1476, 1433, 1475, 1477, 1478, 1435, 1437, 1435, 1478, 1439, 1437, 1479, 1478, 1479, 1437, 1480, 1481, 1441, 1443, 1441, 1481, 1444, 1482, 1445, 1483, 1445, 1482, 1431, 1445, 1475, 1483, 1475, 1445, 1476, 1475, 1484, 1485, 1484, 1475, 1486, 1487, 1477, 1478, 1477, 1487, 1479, 1478, 1488, 1487, 1488, 1478, 1480, 1489, 1481, 1490, 1481, 1489, 1482, 1491, 1483, 1492, 1483, 1491, 1475, 1483, 1485, 1492, 1485, 1483, 1493, 1494, 1495, 1496, 1495, 1494, 1497, 1495, 1498, 1496, 1498, 1495, 1497, 1498, 1499, 1500, 1499, 1498, 1501, 1502, 1503, 1504, 1503, 1502, 1505, 1503, 1506, 1504, 1506, 1503, 1507, 1508, 1509, 1510, 1509, 1508, 1511, 1512, 1513, 1514, 1513, 1512, 1515, 1514, 1516, 1512, 1516, 1514, 1517, 1518, 1519, 1520, 1519, 1518, 1521, 1522, 1523, 1524, 1523, 1522, 1508, 1523, 1510, 1524, 1510, 1523, 1525, 1526, 1527, 1528, 1527, 1526, 1529, 1530, 1507, 1508, 1507, 1530, 1531, 1513, 1532, 1514, 1532, 1513, 1533, 1532, 1515, 1514, 1515, 1532, 1534, 1517, 1535, 1519, 1535, 1517, 1536, 1521, 1537, 1523, 1537, 1521, 1530, 1537, 1508, 1523, 1508, 1537, 1538, 1539, 1525, 1526, 1525, 1539, 1540, 1541, 1529, 1530, 1529, 1541, 1542, 1531, 1543, 1532, 1543, 1531, 1544, 1543, 1533, 1532, 1533, 1543, 1545, 1534, 1546, 1535, 1546, 1534, 1547, 1536, 1548, 1537, 1548, 1536, 1541, 1548, 1530, 1537, 1530, 1548, 1549, 1550, 1538, 1539, 1538, 1550, 1453, 1452, 1504, 1506, 1504, 1452, 1469, 1453, 1502, 1504, 1502, 1453, 1435, 1434, 1498, 1500, 1498, 1434, 1435, 1498, 1477, 1496, 1477, 1498, 1477, 1496, 1486, 1494, 1486, 1496, 1542, 1549, 1531, 1538, 1531, 1549, 1531, 1538, 1513, 1525, 1513, 1538, 1513, 1525, 1511, 1527, 1511, 1525, 1460, 1551, 1458, 1552, 1458, 1551, 1458, 1552, 1472, 1553, 1472, 1552, 1440, 1554, 1441, 1555, 1441, 1554, 1441, 1555, 1480, 1556, 1480, 1555, 1489, 1480, 1557, 1556, 1557, 1480, 1534, 1545, 1558, 1559, 1558, 1545, 1517, 1534, 1560, 1558, 1560, 1534, 1518, 1517, 1561, 1560, 1561, 1517, 1464, 1461, 1462, 1459, 1462, 1461, 1462, 1459, 1473, 1471, 1473, 1459, 1444, 1446, 1443, 1442, 1443, 1446, 1482, 1444, 1481, 1443, 1481, 1444, 1491, 1482, 1490, 1481, 1490, 1482, 1536, 1547, 1535, 1546, 1535, 1547, 1536, 1535, 1521, 1519, 1521, 1535, 1522, 1521, 1520, 1519, 1520, 1521, 1552, 1551, 1457, 1456, 1457, 1551, 1553, 1552, 1470, 1457, 1470, 1552, 1555, 1554, 1439, 1438, 1439, 1554, 1555, 1439, 1556, 1479, 1556, 1439, 1557, 1556, 1488, 1479, 1488, 1556, 1558, 1559, 1533, 1544, 1533, 1559, 1560, 1558, 1515, 1533, 1515, 1558, 1561, 1560, 1516, 1515, 1516, 1560, 1509, 1528, 1507, 1526, 1507, 1528, 1507, 1526, 1529, 1539, 1529, 1526, 1529, 1539, 1540, 1550, 1540, 1539, 1484, 1493, 1476, 1495, 1476, 1493, 1433, 1476, 1497, 1495, 1497, 1476, 1432, 1433, 1499, 1497, 1499, 1433, 1451, 1466, 1503, 1501, 1503, 1466, 1450, 1451, 1505, 1503, 1505, 1451, 1499, 1500, 1562, 1563, 1562, 1500, 1434, 1436, 1564, 1565, 1564, 1436, 1436, 1438, 1565, 1566, 1565, 1438, 1440, 1442, 1567, 1568, 1567, 1442, 1446, 1447, 1569, 1570, 1569, 1447, 1447, 1430, 1570, 1571, 1570, 1430, 1432, 1499, 1572, 1562, 1572, 1499, 1500, 1434, 1563, 1564, 1563, 1434, 1554, 1440, 1573, 1567, 1573, 1440, 1442, 1446, 1568, 1569, 1568, 1446, 1438, 1554, 1566, 1573, 1566, 1554, 1430, 1432, 1571, 1572, 1571, 1432, 1509, 1510, 1528, 1527, 1528, 1511, 1512, 1511, 1516, 1511, 1528, 1516, 1561, 1516, 1518, 1520, 1518, 1522, 1518, 1516, 1522, 1516, 1528, 1522, 1528, 1510, 1522, 1522, 1510, 1524, 1484, 1485, 1540, 1541, 1540, 1485, 1486, 1494, 1542, 1549, 1542, 1494, 1488, 1487, 1544, 1543, 1544, 1487, 1557, 1488, 1559, 1544, 1559, 1488, 1491, 1490, 1547, 1546, 1547, 1490, 1485, 1492, 1541, 1548, 1541, 1492, 1494, 1493, 1549, 1550, 1549, 1493, 1487, 1486, 1543, 1542, 1543, 1486, 1490, 1489, 1546, 1545, 1546, 1489, 1492, 1491, 1548, 1547, 1548, 1491, 1489, 1557, 1545, 1559, 1545, 1557, 1493, 1484, 1550, 1540, 1550, 1484, 1562, 1563, 1501, 1502, 1501, 1563, 1564, 1565, 1469, 1468, 1469, 1565, 1565, 1566, 1468, 1470, 1468, 1566, 1567, 1568, 1472, 1471, 1472, 1568, 1569, 1570, 1473, 1474, 1473, 1570, 1570, 1571, 1474, 1467, 1474, 1571, 1572, 1562, 1466, 1501, 1466, 1562, 1563, 1564, 1502, 1469, 1502, 1564, 1573, 1567, 1553, 1472, 1553, 1567, 1568, 1569, 1471, 1473, 1471, 1569, 1566, 1573, 1470, 1553, 1470, 1573, 1571, 1572, 1467, 1466, 1467, 1572, 1574, 1382, 1575, 1405, 1575, 1382, 1420, 1575, 1384, 1405, 1384, 1575, 1420, 1362, 1576, 1574, 1577, 1382, 1380, 1382, 1577, 1378, 1380, 1578, 1577, 1578, 1380, 1361, 1579, 1362, 1576, 1362, 1579, 1580, 1349, 1578, 1378, 1578, 1349, 1581, 1348, 1580, 1349, 1580, 1348, 1582, 1350, 1581, 1348, 1581, 1350, 1583, 1407, 1582, 1350, 1582, 1407, 1584, 1406, 1583, 1407, 1583, 1406, 1412, 1406, 1585, 1584, 1585, 1406, 1412, 1585, 1361, 1579, 1361, 1585, 1578, 1452, 1580, 1454, 1580, 1452, 1580, 1454, 1581, 1456, 1581, 1454, 1581, 1456, 1582, 1551, 1582, 1456, 1582, 1551, 1583, 1460, 1583, 1551, 1583, 1460, 1584, 1461, 1584, 1460, 1585, 1584, 1464, 1461, 1464, 1584, 1585, 1464, 1579, 1465, 1579, 1464, 1579, 1465, 1576, 1448, 1576, 1465, 1450, 1576, 1448, 1575, 1450, 1574, 1505, 1574, 1450, 1577, 1574, 1506, 1505, 1506, 1574, 1578, 1577, 1452, 1506, 1452, 1577, 1420, 1576, 1575, 1450, 1575, 1576, 1586, 1587, 1588, 1589, 1588, 1587, 1590, 1591, 1592, 1593, 1592, 1591, 1594, 1595, 1596, 1597, 1596, 1595, 1598, 1599, 1600, 1601, 1600, 1599, 1601, 1599, 1602, 1603, 1602, 1599, 1602, 1603, 1604, 1605, 1604, 1603, 1606, 1607, 1608, 1609, 1608, 1607, 1610, 1611, 1612, 1613, 1612, 1611, 1614, 1615, 1616, 1617, 1616, 1615, 1618, 1619, 1416, 1620, 1416, 1619, 1621, 1622, 1623, 1624, 1623, 1622, 1625, 1626, 1627, 1628, 1627, 1626, 1629, 1630, 1631, 1632, 1631, 1630, 1633, 1634, 1635, 1636, 1635, 1634, 1637, 1638, 1639, 1640, 1639, 1638, 1638, 1641, 1640, 1642, 1640, 1641, 1641, 1643, 1642, 1644, 1642, 1643, 1628, 1645, 1627, 1646, 1627, 1645, 1632, 1647, 1631, 1648, 1631, 1647, 1649, 1617, 1650, 1615, 1650, 1617, 1639, 1640, 1651, 1652, 1651, 1640, 1640, 1642, 1652, 1653, 1652, 1642, 1642, 1644, 1653, 1654, 1653, 1644, 1611, 1610, 1607, 1609, 1607, 1610, 1645, 1628, 1648, 1631, 1648, 1628, 1629, 1631, 1626, 1628, 1626, 1631, 1590, 1592, 1587, 1589, 1587, 1592, 1615, 1614, 1613, 1612, 1613, 1614, 1650, 1615, 1647, 1613, 1647, 1615, 1635, 1636, 1630, 1632, 1630, 1636, 1594, 1596, 1591, 1593, 1591, 1596, 1655, 1656, 1657, 1658, 1657, 1656, 1657, 1658, 1659, 1660, 1659, 1658, 1661, 1662, 1663, 1664, 1663, 1662, 1665, 1666, 1667, 1668, 1667, 1666, 1669, 1670, 1625, 1626, 1625, 1670, 1671, 1672, 1629, 1630, 1629, 1672, 1673, 1674, 1635, 1633, 1635, 1674, 1675, 1676, 1637, 1638, 1637, 1676, 1676, 1677, 1638, 1641, 1638, 1677, 1677, 1678, 1641, 1643, 1641, 1678, 1670, 1671, 1626, 1629, 1626, 1671, 1672, 1673, 1630, 1635, 1630, 1673, 1679, 1680, 1664, 1663, 1664, 1680, 1608, 1623, 1606, 1624, 1606, 1623, 1654, 1644, 1646, 1627, 1646, 1644, 1627, 1644, 1625, 1643, 1625, 1644, 1625, 1643, 1669, 1678, 1669, 1643, 1588, 1604, 1586, 1605, 1586, 1604, 1656, 1616, 1658, 1617, 1658, 1616, 1658, 1617, 1660, 1649, 1660, 1617, 1664, 1662, 1633, 1634, 1633, 1662, 1679, 1664, 1674, 1633, 1674, 1664, 1667, 1668, 1595, 1597, 1595, 1668, 1416, 1655, 1618, 1657, 1618, 1655, 1651, 1618, 1659, 1657, 1659, 1618, 1639, 1661, 1637, 1663, 1637, 1661, 1637, 1663, 1675, 1680, 1675, 1663, 1598, 1600, 1665, 1666, 1665, 1600, 1647, 1613, 1648, 1611, 1648, 1613, 1648, 1611, 1645, 1607, 1645, 1611, 1645, 1607, 1646, 1606, 1646, 1607, 1646, 1606, 1654, 1624, 1654, 1606, 1653, 1654, 1622, 1624, 1622, 1654, 1652, 1653, 1619, 1622, 1619, 1653, 1651, 1652, 1618, 1619, 1618, 1652, 1647, 1632, 1650, 1636, 1650, 1632, 1650, 1636, 1649, 1634, 1649, 1636, 1660, 1649, 1662, 1634, 1662, 1649, 1659, 1660, 1661, 1662, 1661, 1660, 1651, 1659, 1639, 1661, 1639, 1659, 1681, 1682, 1683, 1684, 1683, 1682, 1685, 1686, 1687, 1688, 1687, 1686, 1689, 1690, 1691, 1692, 1691, 1690, 1693, 1694, 1695, 1696, 1695, 1694, 1697, 1698, 1699, 1700, 1699, 1698, 1682, 1697, 1684, 1699, 1684, 1697, 1690, 1685, 1692, 1687, 1692, 1685, 1694, 1689, 1696, 1691, 1696, 1689, 1701, 1702, 1703, 1704, 1703, 1702, 1686, 1681, 1688, 1683, 1688, 1681, 1702, 1693, 1704, 1695, 1704, 1693, 1698, 1701, 1700, 1703, 1700, 1701, 1705, 1706, 1669, 1670, 1669, 1706, 1707, 1708, 1671, 1672, 1671, 1708, 1709, 1710, 1673, 1674, 1673, 1710, 1711, 1712, 1675, 1676, 1675, 1712, 1712, 1713, 1676, 1677, 1676, 1713, 1713, 1714, 1677, 1678, 1677, 1714, 1706, 1707, 1670, 1671, 1670, 1707, 1708, 1709, 1672, 1673, 1672, 1709, 1715, 1716, 1679, 1680, 1679, 1716, 1714, 1705, 1678, 1669, 1678, 1705, 1710, 1715, 1674, 1679, 1674, 1715, 1716, 1711, 1680, 1675, 1680, 1711, 1717, 1718, 1681, 1682, 1681, 1718, 1719, 1720, 1685, 1686, 1685, 1720, 1721, 1722, 1689, 1690, 1689, 1722, 1723, 1724, 1693, 1694, 1693, 1724, 1725, 1726, 1697, 1698, 1697, 1726, 1718, 1725, 1682, 1697, 1682, 1725, 1722, 1719, 1690, 1685, 1690, 1719, 1724, 1721, 1694, 1689, 1694, 1721, 1727, 1728, 1701, 1702, 1701, 1728, 1720, 1717, 1686, 1681, 1686, 1717, 1728, 1723, 1702, 1693, 1702, 1723, 1726, 1727, 1698, 1701, 1698, 1727, 1729, 1730, 1717, 1718, 1717, 1730, 1731, 1732, 1719, 1720, 1719, 1732, 1733, 1734, 1721, 1722, 1721, 1734, 1735, 1736, 1723, 1724, 1723, 1736, 1737, 1738, 1725, 1726, 1725, 1738, 1730, 1737, 1718, 1725, 1718, 1737, 1734, 1731, 1722, 1719, 1722, 1731, 1736, 1733, 1724, 1721, 1724, 1733, 1739, 1740, 1727, 1728, 1727, 1740, 1732, 1729, 1720, 1717, 1720, 1729, 1740, 1735, 1728, 1723, 1728, 1735, 1738, 1739, 1726, 1727, 1726, 1739, 1683, 1684, 1688, 1687, 1688, 1692, 1691, 1692, 1696, 1692, 1688, 1696, 1695, 1696, 1704, 1703, 1704, 1700, 1704, 1696, 1700, 1696, 1688, 1700, 1688, 1684, 1700, 1700, 1684, 1699, 1586, 1605, 1729, 1730, 1729, 1605, 1590, 1587, 1731, 1732, 1731, 1587, 1594, 1591, 1733, 1734, 1733, 1591, 1667, 1595, 1735, 1736, 1735, 1595, 1603, 1599, 1737, 1738, 1737, 1599, 1605, 1603, 1730, 1737, 1730, 1603, 1591, 1590, 1734, 1731, 1734, 1590, 1595, 1594, 1736, 1733, 1736, 1594, 1598, 1665, 1739, 1740, 1739, 1665, 1587, 1586, 1732, 1729, 1732, 1586, 1665, 1667, 1740, 1735, 1740, 1667, 1599, 1598, 1738, 1739, 1738, 1598, 1588, 1589, 1705, 1706, 1705, 1589, 1592, 1593, 1707, 1708, 1707, 1593, 1596, 1597, 1709, 1710, 1709, 1597, 1600, 1601, 1711, 1712, 1711, 1601, 1601, 1602, 1712, 1713, 1712, 1602, 1602, 1604, 1713, 1714, 1713, 1604, 1589, 1592, 1706, 1707, 1706, 1592, 1593, 1596, 1708, 1709, 1708, 1596, 1668, 1666, 1715, 1716, 1715, 1666, 1604, 1588, 1714, 1705, 1714, 1588, 1597, 1668, 1710, 1715, 1710, 1668, 1666, 1600, 1716, 1711, 1716, 1600, 1421, 1422, 1623, 1621, 1623, 1422, 1623, 1608, 1421, 1423, 1421, 1608, 1608, 1609, 1423, 1388, 1423, 1609, 1616, 1656, 1367, 1368, 1367, 1656, 1351, 20, 1368, 42, 1368, 20, 114, 3, 1424, 1340, 1424, 3, 1656, 1655, 1368, 1351, 1368, 1655, 1351, 1655, 1352, 1416, 1352, 1655, 1388, 1609, 1389, 1610, 1389, 1609, 1741, 1429, 1102, 1614, 1616, 1424, 1367, 1424, 1616, 1612, 1396, 1610, 1389, 1610, 1396, 1398, 1614, 1340, 1424, 1340, 1614, 1396, 1612, 1398, 1614, 1398, 1612, 1411, 1412, 1360, 1400, 1360, 1412, 107, 1411, 30, 1360, 30, 1411, 1427, 1429, 1621, 911, 1427, 1422, 1621, 1422, 1427, 1621, 1429, 1620, 1741, 1620, 1429, 1621, 1620, 1622, 1619, 1622, 1620, 1416, 1620, 1415, 1741, 1415, 1620, 1415, 1741, 1103, 1102, 1103, 1741, 1742, 1410, 1743, 1744, 1743, 1410, 1745, 819, 1746, 1746, 819, 821, 823, 819, 1747, 1747, 819, 1745, 1748, 1749, 1750, 1751, 1750, 1749, 1748, 1750, 829, 828, 829, 1750, 832, 831, 1743, 1752, 1743, 831, 1743, 1752, 1749, 1751, 1749, 1752, 1753, 1754, 1755, 1756, 1755, 1754, 1754, 838, 1756, 837, 1756, 838, 842, 1757, 841, 1758, 841, 1757, 1757, 1753, 1758, 1755, 1758, 1753, 1759, 1760, 1761, 1762, 1761, 1760, 1760, 848, 1762, 847, 1762, 848, 852, 1763, 851, 1764, 851, 1763, 1763, 1759, 1764, 1761, 1764, 1759, 1765, 1766, 1767, 1768, 1767, 1766, 1766, 858, 1768, 857, 1768, 858, 862, 1769, 861, 1770, 861, 1769, 1769, 1765, 1770, 1767, 1770, 1765, 1761, 1762, 1771, 1772, 1771, 1762, 1762, 847, 1772, 865, 1772, 847, 851, 1764, 867, 1773, 867, 1764, 1764, 1761, 1773, 1771, 1773, 1761, 1771, 1772, 1753, 1754, 1753, 1772, 1772, 865, 1754, 838, 1754, 865, 867, 1773, 842, 1757, 842, 1773, 1773, 1771, 1757, 1753, 1757, 1771, 1755, 1756, 1765, 1766, 1765, 1756, 1756, 837, 1766, 858, 1766, 837, 841, 1758, 862, 1769, 862, 1758, 1758, 1755, 1769, 1765, 1769, 1755, 1767, 1768, 1774, 1775, 1774, 1768, 1768, 857, 1775, 870, 1775, 857, 861, 1770, 872, 1776, 872, 1770, 1770, 1767, 1776, 1774, 1776, 1767, 1774, 1775, 1751, 1750, 1751, 1775, 1775, 870, 1750, 828, 1750, 870, 872, 1776, 831, 1752, 831, 1776, 1776, 1774, 1752, 1751, 1752, 1774, 1403, 1748, 86, 829, 86, 1748, 1402, 1749, 1403, 1748, 1403, 1749, 1742, 1743, 1402, 1749, 1402, 1743, 1410, 1379, 1744, 56, 1744, 1379, 1743, 1744, 832, 56, 832, 1744, 1745, 1746, 1759, 1760, 1759, 1746, 1746, 821, 1760, 848, 1760, 821, 823, 1747, 852, 1763, 852, 1747, 1747, 1745, 1763, 1759, 1763, 1745, 1383, 1742, 1402, 1383, 1381, 1742, 1410, 1742, 1381, 1144, 1777, 1778, 1779, 1778, 1777, 1778, 1779, 1780, 1781, 1780, 1779, 1780, 1781, 1782, 1783, 1782, 1781, 1782, 1783, 1784, 1785, 1784, 1783, 1784, 1785, 1786, 1787, 1786, 1785, 1786, 1787, 1788, 1789, 1788, 1787, 1788, 1789, 1790, 1791, 1790, 1789, 1790, 1791, 1368, 1792, 1368, 1791, 1368, 1792, 1793, 1794, 1793, 1792, 1793, 1794, 1795, 1796, 1795, 1794, 1797, 1798, 1796, 1795, 1796, 1798, 1798, 1797, 1799, 1800, 1799, 1797, 31, 1801, 1802, 1803, 1802, 1801, 1803, 1801, 1800, 1799, 1800, 1801, 1171, 1804, 1170, 1805, 1170, 1804, 1170, 1805, 1806, 1807, 1806, 1805, 1806, 1807, 1175, 1808, 1175, 1807, 1175, 1808, 1177, 1809, 1177, 1808, 1177, 1809, 1179, 1810, 1179, 1809, 1179, 1810, 1181, 1811, 1181, 1810, 1181, 1811, 1183, 1812, 1183, 1811, 1183, 1812, 1185, 1813, 1185, 1812, 1187, 1185, 1814, 1813, 1814, 1185, 1187, 1814, 114, 1815, 114, 1814, 1816, 1189, 1815, 114, 1815, 1189, 1189, 1816, 1192, 1817, 1192, 1816, 1818, 1819, 31, 1820, 31, 1819, 1819, 1818, 1817, 1192, 1817, 1818, 1821, 1822, 1823, 1824, 1823, 1822, 1824, 1825, 1823, 1826, 1823, 1825, 1827, 1828, 1829, 1830, 1829, 1828, 1830, 1831, 1829, 1832, 1829, 1831, 1833, 1834, 1835, 1836, 1835, 1834, 1836, 1837, 1835, 1838, 1835, 1837, 1839, 1840, 1841, 1842, 1841, 1840, 1842, 1843, 1841, 1844, 1841, 1843, 1845, 1846, 1847, 1848, 1847, 1846, 1848, 1849, 1847, 1850, 1847, 1849, 1851, 1852, 1853, 1854, 1853, 1852, 1854, 1855, 1853, 1856, 1853, 1855, 1857, 1858, 1859, 1860, 1859, 1858, 1860, 1861, 1859, 1862, 1859, 1861, 1863, 1864, 1865, 1866, 1865, 1864, 1866, 1867, 1865, 1868, 1865, 1867, 1869, 1870, 1871, 1872, 1871, 1870, 1872, 1873, 1871, 1874, 1871, 1873, 1875, 1876, 1877, 1878, 1877, 1876, 1878, 1879, 1877, 1880, 1877, 1879, 1881, 1882, 1883, 1884, 1883, 1882, 1884, 1885, 1883, 1886, 1883, 1885, 1887, 1888, 1889, 1890, 1889, 1888, 1890, 1891, 1889, 1892, 1889, 1891, 1893, 1894, 1895, 1896, 1895, 1894, 1896, 1897, 1895, 1898, 1895, 1897, 1899, 1900, 1901, 1902, 1901, 1900, 1902, 1903, 1901, 1904, 1901, 1903, 1905, 1906, 1907, 1908, 1907, 1906, 1908, 1909, 1907, 1910, 1907, 1909, 1911, 1912, 1913, 1914, 1913, 1912, 1914, 1915, 1913, 1916, 1913, 1915, 1917, 1918, 1919, 1920, 1919, 1918, 1921, 1922, 1919, 1917, 1919, 1922, 1923, 1924, 1925, 1926, 1925, 1924, 1927, 1928, 1925, 1923, 1925, 1928, 1929, 1930, 1931, 1932, 1931, 1930, 1933, 1934, 1931, 1929, 1931, 1934, 1935, 1936, 1937, 1938, 1937, 1936, 1939, 1940, 1937, 1935, 1937, 1940, 1941, 1942, 1943, 1944, 1943, 1942, 1945, 1946, 1943, 1941, 1943, 1946, 1947, 1948, 1949, 1950, 1949, 1948, 1951, 1952, 1949, 1947, 1949, 1952, 1953, 1954, 1955, 1956, 1955, 1954, 1957, 1958, 1955, 1953, 1955, 1958, 1959, 1960, 1961, 1962, 1961, 1960, 1963, 1964, 1961, 1959, 1961, 1964, 1965, 1966, 1967, 1968, 1966, 1965, 1969, 1966, 1968, 1970, 1966, 1969, 1971, 1966, 1970, 1972, 1966, 1971, 1973, 1966, 1972, 1974, 1966, 1973, 1975, 1966, 1974, 1976, 1966, 1975, 1977, 1966, 1976, 1967, 1966, 1977, 1978, 1979, 1967, 1965, 1967, 1979, 1979, 1980, 1965, 1968, 1965, 1980, 1980, 1981, 1968, 1969, 1968, 1981, 1981, 1982, 1969, 1970, 1969, 1982, 1982, 1983, 1970, 1971, 1970, 1983, 1983, 1984, 1971, 1972, 1971, 1984, 1984, 1985, 1972, 1973, 1972, 1985, 1985, 1986, 1973, 1974, 1973, 1986, 1986, 1987, 1974, 1975, 1974, 1987, 1987, 1988, 1975, 1976, 1975, 1988, 1988, 1989, 1976, 1977, 1976, 1989, 1989, 1978, 1977, 1967, 1977, 1978, 1990, 1991, 1978, 1979, 1978, 1991, 1991, 1992, 1979, 1980, 1979, 1992, 1992, 1993, 1980, 1981, 1980, 1993, 1993, 1994, 1981, 1982, 1981, 1994, 1994, 1995, 1982, 1983, 1982, 1995, 1995, 1996, 1983, 1984, 1983, 1996, 1996, 1997, 1984, 1985, 1984, 1997, 1997, 1998, 1985, 1986, 1985, 1998, 1998, 1999, 1986, 1987, 1986, 1999, 1999, 2000, 1987, 1988, 1987, 2000, 2000, 2001, 1988, 1989, 1988, 2001, 2001, 1990, 1989, 1978, 1989, 1990, 2002, 2003, 2004, 2002, 2004, 2005, 2002, 2005, 2006, 2002, 2006, 2007, 2002, 2007, 2008, 2002, 2008, 2009, 2002, 2009, 2010, 2002, 2010, 2011, 2002, 2011, 2012, 2002, 2012, 2003, 2013, 2014, 2015, 2016, 2015, 2014, 2017, 2013, 2018, 2015, 2018, 2013, 2019, 2017, 2020, 2018, 2020, 2017, 2021, 2019, 2022, 2020, 2022, 2019, 2023, 2021, 2024, 2022, 2024, 2021, 2025, 2023, 2026, 2024, 2026, 2023, 2027, 2025, 2028, 2026, 2028, 2025, 2029, 2027, 2030, 2028, 2030, 2027, 2031, 2029, 2032, 2030, 2032, 2029, 2014, 2031, 2016, 2032, 2016, 2031, 2015, 2016, 2033, 2034, 2033, 2016, 2018, 2015, 2035, 2033, 2035, 2015, 2020, 2018, 2036, 2035, 2036, 2018, 2022, 2020, 2037, 2036, 2037, 2020, 2024, 2022, 2038, 2037, 2038, 2022, 2026, 2024, 2039, 2038, 2039, 2024, 2028, 2026, 2040, 2039, 2040, 2026, 2030, 2028, 2041, 2040, 2041, 2028, 2032, 2030, 2042, 2041, 2042, 2030, 2016, 2032, 2034, 2042, 2034, 2032, 2043, 2044, 2045, 2046, 2045, 2044, 2047, 2043, 2048, 2045, 2048, 2043, 2049, 2047, 2050, 2048, 2050, 2047, 2051, 2049, 2052, 2050, 2052, 2049, 2053, 2051, 2054, 2052, 2054, 2051, 2055, 2053, 2056, 2054, 2056, 2053, 2057, 2055, 2058, 2056, 2058, 2055, 2059, 2057, 2060, 2058, 2060, 2057, 2061, 2059, 2062, 2060, 2062, 2059, 2044, 2061, 2046, 2062, 2046, 2061, 2045, 2046, 1120, 1129, 1120, 2046, 2048, 2045, 1119, 1120, 1119, 2045, 2050, 2048, 1118, 1119, 1118, 2048, 2052, 2050, 1114, 1118, 1114, 2050, 2054, 2052, 1115, 1114, 1115, 2052, 2056, 2054, 1116, 1115, 1116, 2054, 2058, 2056, 1117, 1116, 1117, 2056, 2060, 2058, 1126, 1117, 1126, 2058, 2062, 2060, 1128, 1126, 1128, 2060, 2046, 2062, 1129, 1128, 1129, 2062, 2033, 2034, 2043, 2044, 2043, 2034, 2035, 2033, 2047, 2043, 2047, 2033, 2036, 2035, 2049, 2047, 2049, 2035, 2037, 2036, 2051, 2049, 2051, 2036, 2038, 2037, 2053, 2051, 2053, 2037, 2039, 2038, 2055, 2053, 2055, 2038, 2040, 2039, 2057, 2055, 2057, 2039, 2041, 2040, 2059, 2057, 2059, 2040, 2042, 2041, 2061, 2059, 2061, 2041, 2034, 2042, 2044, 2061, 2044, 2042, 2004, 2003, 2013, 2014, 2013, 2003, 2005, 2004, 2017, 2013, 2017, 2004, 2006, 2005, 2019, 2017, 2019, 2005, 2007, 2006, 2021, 2019, 2021, 2006, 2008, 2007, 2023, 2021, 2023, 2007, 2009, 2008, 2025, 2023, 2025, 2008, 2010, 2009, 2027, 2025, 2027, 2009, 2011, 2010, 2029, 2027, 2029, 2010, 2012, 2011, 2031, 2029, 2031, 2011, 2003, 2012, 2014, 2031, 2014, 2012, 2063, 2064, 2065, 2066, 2065, 2064, 2067, 2068, 2069, 2070, 2069, 2068, 2071, 2072, 2073, 2074, 2073, 2072, 2075, 2076, 2077, 2078, 2077, 2076, 2079, 2080, 2081, 2082, 2081, 2080, 2083, 2084, 2065, 2063, 2065, 2084, 2069, 2082, 2067, 2080, 2067, 2082, 2077, 2078, 2085, 2086, 2085, 2078, 2072, 2071, 2087, 2088, 2087, 2071, 2064, 2089, 2066, 2090, 2066, 2089, 2070, 2068, 2091, 2092, 2091, 2068, 2093, 2076, 2094, 2075, 2094, 2076, 2072, 2087, 2095, 2096, 2095, 2087, 2074, 2072, 2097, 2095, 2097, 2072, 2090, 2098, 2066, 2099, 2066, 2098, 2065, 2066, 2100, 2099, 2100, 2066, 2083, 2065, 2101, 2100, 2101, 2065, 2081, 2085, 2079, 2086, 2079, 2085, 2102, 2099, 2103, 2098, 2103, 2099, 2097, 2104, 2074, 2105, 2074, 2104, 2073, 2074, 2106, 2105, 2106, 2074, 2089, 2064, 2107, 2108, 2107, 2064, 2109, 2108, 2063, 2064, 2063, 2108, 2110, 2109, 2084, 2063, 2084, 2109, 2110, 2084, 2111, 2083, 2111, 2084, 2112, 2111, 2101, 2083, 2101, 2111, 2112, 2101, 2113, 2100, 2113, 2101, 2113, 2100, 2102, 2099, 2102, 2100, 2092, 2068, 2114, 1121, 2114, 2068, 2115, 1134, 2093, 2076, 2093, 1134, 2078, 2076, 1136, 1134, 1136, 2076, 2116, 2114, 1123, 1121, 1123, 2114, 2068, 2067, 1121, 1122, 1121, 2067, 2067, 2080, 1122, 1127, 1122, 2080, 2086, 2078, 1138, 1136, 1138, 2078, 2079, 2086, 1139, 1138, 1139, 2086, 2116, 1123, 2115, 1134, 2115, 1123, 2080, 2079, 1127, 1139, 1127, 2079, 2107, 2108, 2091, 2070, 2091, 2108, 2069, 2070, 2109, 2108, 2109, 2070, 2082, 2069, 2110, 2109, 2110, 2069, 2081, 2082, 2111, 2110, 2111, 2082, 2085, 2081, 2112, 2111, 2112, 2081, 2085, 2112, 2077, 2113, 2077, 2112, 2077, 2113, 2075, 2102, 2075, 2113, 2075, 2102, 2094, 2103, 2094, 2102, 2098, 2090, 2104, 2105, 2104, 2090, 2103, 2098, 2097, 2104, 2097, 2098, 2094, 2103, 2095, 2097, 2095, 2103, 2094, 2095, 2093, 2096, 2093, 2095, 2115, 2093, 2096, 2115, 2096, 2116, 2087, 2116, 2096, 2114, 2116, 2088, 2087, 2088, 2116, 2092, 2114, 2088, 2091, 2092, 2071, 2088, 2071, 2092, 2091, 2071, 2107, 2073, 2107, 2071, 2107, 2073, 2089, 2106, 2089, 2073, 2089, 2106, 2090, 2105, 2090, 2106]
        color3f[] primvars:displayColor = [(0.65, 0.68, 0.72)]
        uniform token subdivisionScheme = "none"
    }
}
