# Generated by AgenticSim AssetCompiler
mtllib default_material.mtl
v 0.0503355849 -0.0667987575 -0.0828137849
v 0 -0.0798784953 -0.0857763515
v 0.0446212711 -0.0725435847 -0.113920426
v 0 -0.0945720491 -0.112577532
v 0.0334506196 0.215230064 -0.109518494
v 0.0353128571 0.222185253 -0.161598886
v 0 0.226193595 -0.111364396
v 0 0.233599087 -0.164287757
v 0.133302861 0.0418366988 -0.0363496938
v 0.134758871 0.046260823 0.00664882305
v 0.125789186 -0.0151742157 -0.0400208477
v 0.123751265 -0.0116124783 0.00607184378
v 0.0170649632 0.0934553846 0.278578967
v 0 0.0969077055 0.270344067
v 0.00618711635 0.031551242 0.247493592
v 0 0.0350716786 0.24436798
v 0.00255017439 0.00162414116 0.212541964
v 0 0.00283789348 0.212865898
v 0 -0.0862030757 -0.253040853
v 0.0247475407 -0.0782061184 -0.250990604
v 0 -0.101530012 -0.229033646
v 0.0233140308 -0.0908981212 -0.226666243
v 0.0349371425 0.19477843 -0.255679177
v 0.0240306317 0.167831464 -0.291249703
v 0 0.198386708 -0.262231221
v 0 0.171625288 -0.29161802
v 0.0772255311 0.106757037 -0.275337773
v 0.0505137335 0.145961114 -0.285129161
v 0.0971436444 0.128912795 -0.235783564
v 0.0612565819 0.173103489 -0.244230207
v 0 -0.067247211 0.0670867848
v 0 -0.0757807713 -0.000775469998
v 0.0485396137 -0.0601847628 0.066443231
v 0.0558030183 -0.072280677 0.00122145771
v 0.126184934 0.053689431 0.0581664141
v 0.110976352 0.0555676958 0.0945540185
v 0.114744902 0.000858225838 0.0673182546
v 0.104124107 0.0142286108 0.0972015889
v 0 0.178927836 0.116011668
v 0.0334500031 0.168770288 0.110984983
v 0 0.188738024 0.0379126542
v 0.0375387889 0.178871124 0.0391008247
v 0 -0.108059248 -0.210471372
v 0.0222633245 -0.0996723978 -0.206168993
v 0 -0.107396893 -0.1605602
v 0.0278833244 -0.0950957071 -0.162435691
v 0 0.223137331 -0.214154238
v 0.0363179476 0.214309425 -0.208700367
v 0.0664586418 0.191816172 -0.196894483
v 0.0676902706 0.193698751 -0.156885348
v 0.108638847 0.136364211 -0.187027275
v 0.103257097 0.142425575 -0.147063139
v 0.0829087152 0.160707065 -0.0513946131
v 0.0851938243 0.156758209 -0.00747175822
v 0.10277135 0.1269396 -0.0458898857
v 0.103210249 0.128247666 -0.00251257211
v 0 0.152197545 0.246161485
v 0 0.13735913 0.259711868
v 0.0262448513 0.162092185 0.247132056
v 0.0355135054 0.136509072 0.26844207
v 0.0622518095 0.167489037 0.208458109
v 0.0577968638 0.158444763 0.242879607
v 0.0875513641 0.146085942 0.206372415
v 0.0723138101 0.146048339 0.242765259
v 0.0812394205 0.155517025 0.0432709793
v 0.0707832124 0.153769136 0.103131345
v 0.0975702146 0.12736956 0.0479385936
v 0.0875880417 0.123366766 0.096955633
v 0.130515669 0.041464991 -0.0860398757
v 0.127872414 0.0481088826 -0.111042927
v 0.122385254 0.0871301877 -0.090647388
v 0.127060574 0.0893348526 -0.142409086
v 0.114657677 0.0939990766 0.0534109584
v 0.120861129 0.0944524615 0.00261305033
v 0 -0.0742973305 -0.27185648
v 0.0205551946 -0.0666514306 -0.270259616
v 0.0708186571 -0.056443644 -0.113462418
v 0.107338794 -0.0229298403 -0.110074822
v 0.0941108047 -0.0498490669 -0.0796092691
v 0.120408053 -0.0131754387 -0.0813081525
v 0.0979813739 -0.0289569929 0.0679901642
v 0.104050752 -0.0459011356 0.00387580891
v 0.0287463276 0.179836455 0.165549591
v 0 0.175940304 0.163842386
v 0.0243437785 0.176308313 0.207355006
v 0.0117180421 0.180314189 0.207791439
v 0 0.180724115 0.208222941
v 0.085337761 0.143761381 0.159743121
v 0.0641935667 0.17021212 0.158597792
v 0 -0.0128370182 0.179727192
v 0 -0.0270562284 0.145808085
v 0.0030300658 -0.0106582433 0.179491408
v 0.013088676 -0.0250072122 0.142452852
v 0.0727681197 0.172126138 -0.103695996
v 0.0389131215 0.189229628 -0.0212770351
v 0.0256444476 0.167096679 0.239326192
v 0.0675682173 -0.0216686228 0.105136595
v 0.0340568793 -0.0397201835 0.110033213
v 0.10295258 -0.0500950228 -0.0465630282
v 0.0533425346 -0.0689944842 -0.0530096619
v 0.0581081614 -0.064374335 -0.247657255
v 0.0403549532 -0.0481039512 -0.269293052
v 0 -0.0778168424 -0.0558745243
v 0.0374404682 0.203615274 -0.0615361333
v 0 0.215721976 -0.0655586528
v 0.0980118873 0.127498702 -0.0976873364
v 0.120240075 0.0904789483 -0.0382744991
v 0 -0.0466331472 0.111687405
v 0 0.199067248 -0.0264485817
v 0.101147979 0.0934168577 0.0974817567
v 0.0920608639 0.0692016049 -0.268908091
v 0.116583716 0.0919001296 -0.232648396
v 0.128645726 0.0977405036 -0.186053006
v 0.0376959788 -0.0808826612 -0.135287768
v 0 -0.102693525 -0.133546043
v 0.0761538661 0.0586205696 -0.335720565
v 0.0805801477 0.0553220481 -0.293005914
v 0.0743840931 0.0453010402 -0.339513772
v 0.0806997353 0.0325187303 -0.29866814
v 0.0215978874 -0.028828467 -0.383667172
v 0.0113124306 -0.0258122709 -0.380899705
v 0.0218808291 -0.0217968404 -0.384461751
v 0.0113398617 -0.0185047915 -0.381606752
v 0.0454072204 0.138340488 -0.395635177
v 0.0263138915 0.141896369 -0.398021689
v 0.0459355016 0.141938595 -0.364312168
v 0.0254555116 0.145713617 -0.36294215
v 0.0210887155 0.0954144018 -0.447321053
v 0.0255270175 0.120392796 -0.433297868
v 0.0378510111 0.0937984283 -0.441510576
v 0.0444495951 0.118603605 -0.428180259
v 0.00591650321 -0.035820642 -0.491571233
v 0.0148590654 -0.0323310271 -0.489985156
v 0.00569027309 -0.0392026899 -0.484780323
v 0.0131188812 -0.0370991196 -0.483769684
v 0.0434441964 0.134982789 -0.333194431
v 0.0196262333 0.144519591 -0.334308321
v 0.0479928395 0.13918993 -0.311436272
v 0.0196752396 0.153808587 -0.310205259
v 0.0155688855 -0.0697755021 -0.420772302
v 0.00573866291 -0.0719441057 -0.422348515
v 0.013019944 -0.0679573393 -0.429374902
v 0.00422624984 -0.0691439687 -0.432169491
v 0.0849041019 0.0253222084 -0.283531372
v 0.0717941589 0.128106195 -0.365123083
v 0.0808997671 0.111915639 -0.363807311
v 0.0704001006 0.125902763 -0.391671834
v 0.0766858459 0.110208742 -0.379646193
v 0.0312468793 -0.0235755516 -0.480149386
v 0.0282645869 -0.0277549527 -0.479846718
v 0.0239486464 -0.0267255132 -0.485579833
v 0.021743365 -0.0325039359 -0.481714196
v 0.0653595456 0.121419153 -0.335664778
v 0.0599136874 0.116639657 -0.314156273
v 0.0749755585 0.10618838 -0.341901517
v 0.0719756978 0.0964466152 -0.320948724
v 0.0246116177 -0.0626991842 -0.408382966
v 0.0240401864 -0.0660889374 -0.416749166
v 0.0297320005 -0.0595399762 -0.413966597
v 0.0224112679 -0.0643672461 -0.424486606
v 0.0191639102 0.0100843462 -0.477406885
v 0.00995967309 0.00929192439 -0.484988984
v 0.0252847602 0.0382046883 -0.460078089
v 0.0136801414 0.0372486041 -0.471563737
v 0.0281003081 0.0101990024 -0.464826764
v 0.0367439013 0.0375093543 -0.447824369
v 0.0344353678 0.00886535424 -0.449358049
v 0.047622981 0.0339621031 -0.432290312
v 0.0497918929 -0.0380055812 -0.393393834
v 0.0620970854 -0.0311496374 -0.372616724
v 0.047917635 -0.0389964937 -0.381202065
v 0.0413270646 -0.0294932877 -0.34645016
v 0.0259101293 -0.0355518782 -0.33446582
v 0.0286923899 -0.0349046258 -0.307827069
v 0.0138323999 -0.0416699543 -0.328619898
v 0.0140851365 -0.046365308 -0.303447636
v 0.0668248017 0.0761312122 -0.387199012
v 0.0738219082 0.089710259 -0.381055354
v 0.0713450891 0.0745260263 -0.370251171
v 0.0754767168 0.0888392422 -0.367784215
v 0.0586003814 0.0254966583 -0.399040957
v 0.0627656046 0.0118932625 -0.380066291
v 0.0482819456 0.00129342601 -0.418005452
v 0.0557953129 -0.0223186491 -0.409081382
v 0.0395887297 -0.0401301101 -0.444747763
v 0.0366659228 -0.0496496515 -0.443024838
v 0.0388178829 -0.0352680118 -0.459590493
v 0.0355803881 -0.0424768623 -0.460993797
v 0.0167866447 -0.0412819111 -0.399033252
v 0.00783884279 -0.0401547673 -0.402291089
v 0.0367374288 -0.0297081138 -0.408181702
v 0.0428675253 -0.0411872889 -0.40891772
v 0.0364064055 -0.0246231758 -0.394142489
v 0.0427303695 -0.0370676816 -0.403418849
v 0.0214736766 -0.0204511719 -0.393960334
v 0.0115136952 -0.0171936431 -0.392295971
v 0.0209709772 -0.0275912903 -0.409159669
v 0.0109379488 -0.0268179778 -0.40991418
v 0.0309414378 -0.03186593 -0.38704059
v 0.031815845 -0.025546281 -0.389506621
v 0.0399092737 -0.0366155296 -0.398291993
v 0.0415042885 -0.0356428018 -0.400037726
v 0.0251707205 -0.0412920822 -0.397506661
v 0.0610593241 -0.0225294685 -0.395381207
v 0.0669564097 -0.022116768 -0.380733577
v 0.0443503497 -0.0373638767 -0.399618553
v 0.0435058394 -0.0385449582 -0.397496489
v 0.0276367521 -0.0502047475 -0.461593893
v 0.0282226696 -0.0543773679 -0.446197608
v 0.00740980692 -0.054819657 -0.463372912
v 0.0187700109 -0.0539877836 -0.462667407
v 0.0100863496 -0.0560546762 -0.453122592
v 0.019323874 -0.0558577265 -0.450645465
v 0.00428265327 -0.0642658432 -0.431037724
v 0.0122161182 -0.0625564805 -0.428990558
v 0.0220771623 -0.0592742945 -0.425247281
v 0.0273988098 -0.0565006639 -0.422516493
v 0.0313069813 -0.0552970827 -0.417090977
v 0.0258823899 -0.0587475543 -0.398584182
v 0.0332475056 -0.055263179 -0.408015265
v 0.00716570031 -0.0666326294 -0.405377558
v 0.0169906833 -0.0654657258 -0.406918943
v 0.00809373694 -0.0619647069 -0.394532382
v 0.0191056575 -0.0605993126 -0.395879283
v 0.00586009979 -0.0545367152 -0.420506928
v 0.0138364067 -0.0532304983 -0.415643289
v 0.0228252012 -0.0515094234 -0.412780584
v 0.0344017724 -0.0459600047 -0.409010801
v 0.0391464405 -0.043631129 -0.40183832
v 0.042965846 -0.0425027524 -0.392764766
v 0.0327608335 -0.0456696658 -0.374324546
v 0.0224020214 -0.0477143669 -0.368925536
v 0.0087625644 -0.050774946 -0.367392165
v 0.0457077304 0.127849143 -0.414084952
v 0.0263185147 0.130631404 -0.416612626
v 0.0550201511 0.0317312399 -0.417406589
v 0.0405331017 0.00636295325 -0.434305116
v 0.0329926115 -0.0333117685 -0.475082633
v 0.0353880617 -0.0273397865 -0.471096174
v 0.0263508774 -0.0416070784 -0.476059367
v 0.0177451946 -0.0451601857 -0.4762782
v 0.00530746954 -0.0454360385 -0.47658395
v 0.0147854019 0.0686979809 -0.459274572
v 0.0162543566 0.0762942582 -0.456807924
v 0.0354681977 0.0635162633 -0.449236304
v 0.0345148874 0.0710943558 -0.448753947
v 0.0744146065 0.0827701724 -0.300743354
v 0.0579124446 0.0602229815 -0.422457007
v 0.0564786265 0.0566575455 -0.424022433
v 0.0500819237 0.0596364476 -0.429596509
v 0.0455835196 0.0557766659 -0.433099685
v 0.0587082568 0.0532169368 -0.399958206
v 0.0629382053 0.0569306244 -0.393555031
v 0.0679818424 0.048283949 -0.374996147
v 0.0690920344 0.0561382026 -0.373999379
v 0.0611758295 0.0554323892 -0.411068755
v 0.064339969 0.0592915545 -0.409048712
v 0.0068417659 -0.00802238507 -0.497187534
v 0.0164183272 -0.00585193208 -0.492357799
v 0.0266227234 -0.00421006853 -0.481045676
v 0.0330083304 -0.00336001041 -0.469098938
v 0.0416996971 -0.0121940808 -0.441017123
v 0.0371923548 -0.00750889818 -0.455115513
v 0.0476183578 -0.0241990714 -0.425420498
v 0.0495225127 -0.0386682443 -0.409154429
v 0.0448283918 -0.0425967581 -0.408893063
v 0.048801905 -0.0415710171 -0.4204496
v 0.0429578324 -0.0450717279 -0.419792177
v 0.0134153844 0.050278411 -0.463166408
v 0.0138820225 0.0596201122 -0.459286592
v 0.0294647778 0.0489222631 -0.454747812
v 0.0335794536 0.0560263204 -0.45086214
v 0.0401080727 0.046815919 -0.44130777
v 0.0427272873 0.0517307221 -0.436345194
v 0.0498473717 0.042818365 -0.427361639
v 0.0447125028 0.0497895813 -0.430694989
v 0.0589520552 0.042902816 -0.404350892
v 0.0666938102 0.0379556503 -0.377267079
v 0.078647637 0.016902996 -0.303322501
v 0.0754576074 0.0322277749 -0.346515501
v 0.0787490399 0.000772541951 -0.280458156
v 0.0552513127 0.039025466 -0.416431087
v 0.0772375515 0.0168919002 -0.354833927
v 0.0741008432 0.00627942687 -0.318273722
v 0.061033434 -0.0182631506 -0.300215689
v 0.00649502355 -0.0266435279 -0.497739856
v 0.006343998 -0.0169381325 -0.498980423
v 0.0152868684 -0.0235817159 -0.495417145
v 0.0151651233 -0.0138877245 -0.495092286
v 0.0240904255 -0.0122276763 -0.487692342
v 0.0335224338 -0.00988616372 -0.475093112
v 0.0254986617 -0.0216701639 -0.48992752
v 0.0331769243 -0.020876201 -0.480211337
v 0.0407698112 -0.0181725353 -0.445609533
v 0.0412056278 -0.0259216874 -0.451771684
v 0.0367839693 -0.0138920395 -0.460924449
v 0.0371596839 -0.0223180327 -0.466337945
v 0.040974158 -0.0345726778 -0.444829132
v 0.0441873037 -0.0270198589 -0.435939274
v 0.0445599362 -0.0419427249 -0.433598994
v 0.0399373213 -0.0473383441 -0.433153931
v 0.0378134089 -0.0471672845 -0.433256875
v 0.0318719402 -0.0462595901 -0.435674209
v 0.0106201787 -0.0404746949 -0.437087068
v 0.0212551518 -0.040852567 -0.436958543
v -5.23966215e-06 0.09473941 -0.449548834
v -5.23966215e-06 0.118845246 -0.432331613
v -5.23966215e-06 0.144727636 -0.360980359
v -5.23966215e-06 0.140512174 -0.396954955
v -5.23966215e-06 -0.0674235102 -0.404611334
v 0 -0.0623105246 -0.393339588
v -5.23966215e-06 -0.0406741103 -0.485143092
v -5.23966215e-06 -0.036494401 -0.491932461
v 0 0.157503782 -0.312643551
v 0 0.146271795 -0.334766638
v -5.23966215e-06 -0.0691942078 -0.432637362
v -5.23966215e-06 -0.0723404708 -0.422543307
v -5.23966215e-06 0.0349258927 -0.473759156
v -5.23966215e-06 0.00670353129 -0.488132165
v -5.23966215e-06 -0.0152672967 -0.391465947
v -5.23966215e-06 -0.0171067264 -0.38028759
v -5.23966215e-06 -0.0538364498 -0.464481871
v -5.23966215e-06 -0.0459809634 -0.476855488
v -5.23966215e-06 -0.0240693127 -0.379534003
v -5.23966215e-06 -0.0398268261 -0.403236693
v -5.23966215e-06 -0.0547774315 -0.454936748
v -5.23966215e-06 -0.0400373372 -0.437465249
v -5.23966215e-06 -0.0646184416 -0.432011685
v 0 -0.0511432635 -0.366205535
v -5.23966215e-06 -0.0540293927 -0.421109181
v 0 -0.0450812826 -0.327897132
v -5.23966215e-06 0.130431989 -0.41651184
v -5.23966215e-06 0.0769976058 -0.458092874
v -5.23966215e-06 0.0705324791 -0.460307402
v -5.23966215e-06 -0.00899572937 -0.498362143
v -5.23966215e-06 -0.0280872089 -0.412779659
v -5.23966215e-06 0.0597538777 -0.460205999
v -5.23966215e-06 0.0494132503 -0.464661561
v -5.23966215e-06 -0.0180212015 -0.5
v -5.23966215e-06 -0.0280471409 -0.498923404
v 0 -0.0518962337 -0.304457042
v 0.0503710297 0.0870851883 -0.429252849
v 0.0568620465 0.0786484076 -0.417246934
v 0.0616825357 0.075115026 -0.403948979
v 0.0752843904 -0.00119942031 -0.359741642
v 0.0716865918 -0.0132826976 -0.345176922
v 0.0528176437 -0.0227273428 -0.319473913
v 0.0326751496 -0.0394440225 -0.285437068
v 0.0166467149 -0.0558429322 -0.2849618
v 0 -0.0625712748 -0.287047185
v 0.0450398276 -0.0400166868 -0.403228372
v 0.0506736973 -0.0374890121 -0.397309711
v 0.0504718162 -0.0377118519 -0.401885169
v 0.0570247842 0.112075603 -0.421822391
v 0.0637944277 0.120154545 -0.407891979
v 0.0483685541 0.0439442759 -0.425369951
v 0.0444536019 0.0492381839 -0.42836488
v 0.0536522911 0.042316282 -0.416084653
v 0.0541522165 0.0447293006 -0.406639392
v 0.0539663626 0.0512206255 -0.405287867
v 0.0563365392 0.0539338459 -0.411491627
v 0.0522311098 0.0537338141 -0.423350832
v 0.0386576109 0.0485810687 -0.415894793
v 0.0408832344 -0.0449684757 -0.419597384
v 0.0796585836 0.127223774 -0.441241812
v 0.0797901916 0.12852506 -0.440988151
v 0.0769419729 0.129267242 -0.446648835
v 0.0800839209 0.126222691 -0.442044405
v 0.0808917535 0.125920948 -0.443095728
v 0.0818774264 0.126374024 -0.443845924
v 0.0826858755 0.127433053 -0.444022532
v 0.0829262835 0.128736496 -0.443623085
v 0.0825471785 0.12975638 -0.442726178
v 0.0816459566 0.130087404 -0.441742354
v 0.0805434701 0.129608745 -0.441157669
v 0.0874259204 0.120166258 -0.418865373
v 0.0875442751 0.123212042 -0.426020594
v 0.0856385792 0.11659065 -0.419983578
v 0.0864753841 0.120292009 -0.426568601
v 0.0862963109 0.112954941 -0.421876021
v 0.0869324675 0.117971456 -0.428619466
v 0.0891482282 0.110647949 -0.423819319
v 0.08867296 0.117209547 -0.431260564
v 0.0931044813 0.110551169 -0.425071598
v 0.0909099875 0.118204775 -0.433392798
v 0.0966545065 0.112700972 -0.4251542
v 0.092797807 0.120496973 -0.43426289
v 0.0984418478 0.116276579 -0.424035995
v 0.0936956385 0.123231768 -0.433633206
v 0.0977841161 0.119912288 -0.422143552
v 0.0933205403 0.125427803 -0.431758024
v 0.094932507 0.12221928 -0.420200254
v 0.0917936411 0.126299744 -0.429296615
v 0.0909759456 0.12231606 -0.418947974
v 0.0896090102 0.125491912 -0.427110135
v 0.0862010723 0.116079938 -0.410610439
v 0.0829990223 0.113623769 -0.413770264
v 0.0824217349 0.109641009 -0.41696954
v 0.0846562967 0.105602463 -0.419091603
v 0.0888862451 0.102909893 -0.419289169
v 0.0935806742 0.10255452 -0.417398267
v 0.096967037 0.104788466 -0.414104677
v 0.0976654531 0.108869546 -0.410723862
v 0.0953334952 0.113191651 -0.408627381
v 0.090910604 0.115960042 -0.408616902
v 0.079514647 0.108899443 -0.397374128
v 0.0827798812 0.111855537 -0.403327309
v 0.0747385409 0.110134462 -0.402443655
v 0.0785816789 0.110346206 -0.40743243
v 0.0710809485 0.10714169 -0.407474655
v 0.077016561 0.106249715 -0.411700905
v 0.0699390103 0.10106399 -0.410545714
v 0.0784537695 0.101117312 -0.414467755
v 0.0717485431 0.094222841 -0.410483454
v 0.0827142313 0.0969181848 -0.414903264
v 0.0747856978 0.0904240859 -0.40786424
v 0.0883191287 0.0958745674 -0.413208079
v 0.0784130851 0.0892408469 -0.402128043
v 0.0934404361 0.0980354657 -0.409683944
v 0.0820706775 0.0922336187 -0.397097042
v 0.0950881558 0.102288222 -0.405641082
v 0.0832129238 0.0983113185 -0.394025984
v 0.0928338682 0.10699313 -0.402466155
v 0.0825518018 0.105100996 -0.394754605
v 0.087886086 0.110608497 -0.401452743
v 0.0760814354 0.106154168 -0.388484271
v 0.0730227056 0.110751818 -0.395367029
v 0.0686876557 0.110104257 -0.40302834
v 0.064732019 0.104458675 -0.408542005
v 0.0626666675 0.0959713471 -0.409801682
v 0.0632806326 0.0878843909 -0.406326553
v 0.0663393624 0.0832867414 -0.399443794
v 0.0706744123 0.0839346102 -0.391782484
v 0.0737402311 0.0895801921 -0.387696472
v 0.0758055826 0.0980672119 -0.386436795
v 0.114934455 0.100588414 -0.347137172
v 0.111351451 0.0943171549 -0.357688002
v 0.10969695 0.101920213 -0.348159214
v 0.105800799 0.097170305 -0.358699565
v 0.0941178936 0.0777311585 -0.364875894
v 0.0879243048 0.0729078954 -0.364571685
v 0.0862448389 0.082582161 -0.366235432
v 0.0819433845 0.0797838732 -0.365123083
v 0.0946529556 0.0938477428 -0.350897092
v 0.0880543717 0.0843331328 -0.35153294
v 0.0961641358 0.092415774 -0.358455459
v 0.0902473244 0.0833909182 -0.359782326
v 0.0770470744 0.081702206 -0.340647388
v 0.0830070359 0.0750133149 -0.337484481
v 0.0806923381 0.0842425175 -0.339441649
v 0.0861181624 0.0775671879 -0.336461514
v 0.079909471 0.0882154142 -0.360891901
v 0.0767006402 0.0851261711 -0.360726698
v 0.0773528241 0.0895364255 -0.355386558
v 0.0745434405 0.0867575553 -0.355820217
v 0.0955637322 0.0971847912 -0.358130291
v 0.0958765708 0.10073944 -0.352268034
v 0.0743770042 0.085955887 -0.348358013
v 0.0764981427 0.0881417507 -0.34772648
v 0.0830921034 0.0735579217 -0.358580902
v 0.0797103638 0.073971855 -0.353235214
v 0.111968498 0.0984361458 -0.347721548
v 0.110257902 0.0938005859 -0.35607357
v 0.0849595806 0.0719681466 -0.361166213
v 0.094224228 0.0784631701 -0.362542395
v 0.0889426485 0.0796636692 -0.338603612
v 0.0823724204 0.0737351456 -0.341504227
v 0.0809879167 0.0743746926 -0.346235334
v 0.0880765632 0.0835912583 -0.342709657
v 0.0940103264 0.0924626227 -0.341960694
v 0.108233852 0.0961482627 -0.338470154
v 0.107321534 0.0952402601 -0.340774373
v 0.102480703 0.0986734717 -0.340896426
v 0.0932410208 0.0974107131 -0.345228086
v 0.0960516372 0.0867979315 -0.337440715
v 0.0956759226 0.0856165418 -0.334821192
v 0.107394273 0.0982925174 -0.348667153
v 0.10361586 0.0965742164 -0.3442982
v 0.104355577 0.0960776814 -0.35345343
v 0.102315499 0.084593883 -0.363899468
v 0.10156407 0.0858646552 -0.361412786
v 0.0938047468 0.0888124275 -0.365092878
v 0.0831457329 0.0913314721 -0.361058954
v 0.0811321615 0.093291414 -0.355036117
v 0.0801347764 0.0918890338 -0.346643103
v 0.0886368988 0.0904259352 -0.338202931
v 0.0757513367 0.0683888409 -0.361660899
v 0.0815476359 0.0700051225 -0.359479658
v 0.075976334 0.0702122433 -0.3449735
v 0.0791349256 0.0711196295 -0.344961171
v 0.0734705426 0.0762520327 -0.346866559
v 0.076804817 0.0673708053 -0.353374219
v 0.0796718369 0.069007121 -0.353055524
v 0.0737149574 0.0739727796 -0.362066819
v 0.0730122263 0.0787590569 -0.359544075
v 0.0721563121 0.079725004 -0.351286984
v 0.072410898 0.080095479 -0.35615463
v 0.0782737717 0.0985301515 -0.366114304
v 0.0744133736 0.0999380795 -0.379107125
v 0.0773059753 0.0707075455 -0.33004262
v 0.0769734109 0.0804551664 -0.333720246
v 0.077879256 0.0968022958 -0.344865624
v 0.0766235864 0.090726137 -0.355606007
v 0.0802244671 -0.111862009 0.197973545
v 0.0834450101 -0.112890833 0.187430729
v 0.0894607586 -0.082646578 0.196821436
v 0.0921237399 -0.081757993 0.180594511
v 0.0540908816 -0.108332326 0.224901402
v 0.0619519159 -0.107201484 0.231895118
v 0.0531307906 -0.0871819679 0.220480976
v 0.0638329546 -0.089637212 0.223178169
v 0.0499275077 -0.109613886 0.212298473
v 0.0411914499 -0.0845285414 0.213043122
v 0.0517533759 -0.112885901 0.177484309
v 0.0439552175 -0.110569662 0.190350145
v 0.0453258515 -0.0832192423 0.172322933
v 0.0372989973 -0.0825630516 0.188921258
v 0.0795063252 -0.0824678131 0.16616294
v 0.0754156901 -0.114211844 0.178108137
v 0.0630889226 -0.0873178909 0.161873814
v 0.0647847239 -0.113856471 0.173836579
v 0.119760184 0.0461175028 0.176795447
v 0.11712186 0.028751105 0.147754466
v 0.105297483 0.102992494 0.165725274
v 0.106798492 0.0656182925 0.136932406
v 0.0590050683 0.0177496637 0.259106225
v 0.0793602311 0.0322542814 0.254731415
v 0.0530142852 0.0520380128 0.271117688
v 0.0776484026 0.0855690766 0.259353722
v 0.027390488 -0.00750982283 0.237206286
v 0.026851111 0.00304100745 0.239011504
v 0.0283092781 -0.0178855867 0.14778652
v 0.0318247832 -0.0200088828 0.152440265
v 0.00929331136 -0.0133674569 0.179352711
v 0.0146941702 -0.0209782203 0.179670789
v 0.0976099743 0.0213486952 0.121782385
v 0.0959129402 -0.0041894181 0.132484857
v 0.0600970755 -0.0143728556 0.120176275
v 0.0596144102 -0.024035409 0.12761228
v 0.10575395 -0.026985647 0.164283751
v 0.106673665 -0.0224591954 0.189054407
v 0.0704460247 -0.0276211872 0.239595572
v 0.0538532475 -0.0313943604 0.238091789
v 0.030412232 -0.0331111203 0.228659164
v 0.0218031588 -0.0347369566 0.182252401
v 0.035962267 -0.0329015338 0.157878726
v 0.0897285978 -0.0339396033 0.145163915
v 0.0604388864 -0.0444947486 0.13957073
v 0.0807484333 -0.132718639 0.199985267
v 0.0834450101 -0.133225961 0.19085007
v 0.0550472741 -0.130574076 0.219989373
v 0.0619386627 -0.129200976 0.225834062
v 0.0499959316 -0.131763171 0.20993816
v 0.0543325225 -0.133228735 0.179085488
v 0.0456852307 -0.132314877 0.187832333
v 0.077176833 -0.133504588 0.180792077
v 0.0659602575 -0.13286689 0.177231572
v 0.085573854 -0.18302032 0.173860004
v 0.0854086505 -0.18438294 0.183193383
v 0.0590090751 -0.187485745 0.20123354
v 0.0645211997 -0.186763288 0.205547015
v 0.051191191 -0.185509776 0.19135616
v 0.0647853403 -0.18113774 0.164604911
v 0.0563038684 -0.182846178 0.170248644
v 0.0770103967 -0.181244691 0.167384706
v 0.0707856781 -0.180633808 0.165345244
v 0.071747002 -0.131040406 0.21824025
v 0.0712184125 -0.186193398 0.203446835
v 0.0760654082 -0.13214166 0.21012987
v 0.0826738551 -0.185295258 0.193381752
v 0.0733845505 -0.109008859 0.220615975
v 0.0763899591 -0.110657195 0.209657684
v 0.0770285814 -0.0863128004 0.216788556
v 0.0817402706 -0.084792682 0.208289824
v 0.0956158206 0.0432924003 0.242329443
v 0.0849820804 -0.0249988904 0.232775073
v 0.111837506 0.0546892819 0.211400025
v 0.0958075306 -0.0222070751 0.212318816
v 0.0973381283 0.10157532 0.235100558
v 0.105731142 0.1072471 0.208117531
v 0.0987414332 -0.233544841 0.149622868
v 0.0942609056 -0.218007702 0.155278929
v 0.0997631673 -0.233599087 0.163439548
v 0.0963126956 -0.219813536 0.16786244
v 0.057559538 -0.222665453 0.188842355
v 0.0577170361 -0.233599087 0.187078747
v 0.0671009627 -0.223440615 0.192227793
v 0.0684959457 -0.233599087 0.188766226
v 0.0473856552 -0.233599087 0.171925952
v 0.0479077721 -0.219638161 0.172308755
v 0.0680505745 -0.233599087 0.136370529
v 0.0515437894 -0.233599087 0.141523275
v 0.0689801522 -0.217252266 0.142012412
v 0.0528333627 -0.218545538 0.148849247
v 0.0831065895 -0.233599087 0.137557159
v 0.0746433023 -0.233599087 0.143914102
v 0.0802950485 -0.217212506 0.143387978
v 0.0736801291 -0.217234389 0.145935378
v 0.0946942565 -0.233544841 0.176844145
v 0.0945555595 -0.220640786 0.180132496
v 0.0785573299 -0.233599087 0.190341515
v 0.0775485408 -0.222119295 0.192052419
v 0.0892770622 -0.206551951 0.160665301
v 0.0899452733 -0.208244054 0.174559344
v 0.0581013807 -0.209965129 0.199032573
v 0.0645147271 -0.210180879 0.201752266
v 0.0490284434 -0.207889606 0.181314194
v 0.0673734252 -0.205229707 0.15071056
v 0.0551921353 -0.206806537 0.155989057
v 0.0783126069 -0.205159125 0.151774211
v 0.0727496268 -0.207097184 0.152805192
v 0.0882744375 -0.208862642 0.188251198
v 0.0725252459 -0.208865108 0.201675829
v 0.0870240075 -0.196599675 0.16808867
v 0.087657082 -0.198669958 0.177656601
v 0.0585846625 -0.203949996 0.202115344
v 0.0644068518 -0.203890203 0.208374891
v 0.0502474353 -0.199104542 0.185065175
v 0.0660052569 -0.194206999 0.15878827
v 0.0563858537 -0.19640704 0.164200532
v 0.0774964524 -0.193948406 0.16154125
v 0.0715771753 -0.193892927 0.159951783
v 0.0854231366 -0.198999132 0.189613818
v 0.0717648785 -0.203532056 0.204580451
v 0.0159023746 -0.0166175885 0.209270257
v 0.0115537632 -0.0080029675 0.211481702
v 0.021182413 -0.0338739535 0.205662287
v 0.0437246724 -0.110656271 0.200210881
v 0.0359252812 -0.0825424012 0.201523262
v 0.0439786419 -0.132238747 0.200146464
v 0.0523657999 -0.18339172 0.180373828
v 0.05199964 -0.197569013 0.174465339
v 0.050588938 -0.207317866 0.170743946
v 0.0475597969 -0.219260906 0.160445544
v 0.0450463001 -0.233599087 0.154529041
v 0.0811161343 -0.0636309194 0.219886429
v 0.0895858941 -0.0611806068 0.210366271
v 0.0530164427 -0.0661872581 0.22292081
v 0.0678157143 -0.0661271561 0.225488552
v 0.0347814938 -0.0620075488 0.217370158
v 0.0408761455 -0.0622855591 0.166379924
v 0.0321009442 -0.0606853047 0.185640922
v 0.0821560532 -0.0620580961 0.156691788
v 0.0617343158 -0.0689642791 0.150774669
v 0.0981015779 -0.0588344711 0.173809456
v 0.0959653369 -0.060160722 0.194934849
v 0.0293679981 -0.0603894179 0.202880951
v 0.0970206665 0.125119588 0.161875355
v 0.097570831 0.129373269 0.207820103
v 0.102473614 0.0789110071 0.124617967
v 0.0861773398 0.123649708 0.240340221
v 0.062728927 0.115030156 0.262200091
v 0.0935856056 0.0204798359 0.110722383
v 0.034690262 0.076222444 0.277249325
v 0.0182167642 0.0220353992 0.248830014
v 0.00794856748 -0.00270721014 0.211995806
v 0.00694409342 -0.0113936453 0.179658769
v 0.0227065382 -0.0187279395 0.143273014
v 0.0597734493 -0.0121127119 0.115302772
v 0.100352475 -0.159034688 -0.167757647
v 0.0990046491 -0.188389741 -0.178466283
v 0.0988708836 -0.157678232 -0.175605736
v 0.0981524335 -0.187288179 -0.187182307
v 0.0867182578 -0.160180941 -0.156209123
v 0.0860007323 -0.190626768 -0.166552524
v 0.0970182007 -0.16003084 -0.161688577
v 0.0936413926 -0.189659897 -0.170499531
v 0.0702179453 -0.158528598 -0.170253883
v 0.070652529 -0.187484512 -0.184315904
v 0.0775719652 -0.159869952 -0.162264323
v 0.0768042006 -0.189509487 -0.169419852
v 0.0851818039 -0.152748326 -0.193387608
v 0.0844023271 -0.185632446 -0.201284395
v 0.0798046777 -0.152552301 -0.193066448
v 0.0791065698 -0.185700561 -0.200341256
v 0.0908840974 -0.186110488 -0.19911086
v 0.0932437947 -0.15502573 -0.188531366
v 0.0954182545 -0.186687467 -0.193771644
v 0.097606584 -0.156267222 -0.182857428
v 0.137187916 0.0527333468 -0.146218628
v 0.138405984 0.00943370348 -0.15211633
v 0.135956288 0.0681493575 -0.186543068
v 0.141771696 0.0176630552 -0.184604701
v 0.0996602233 -0.0498379712 -0.118036643
v 0.125053167 -0.0132195135 -0.129978141
v 0.104178353 -0.0327150635 -0.115773417
v 0.122291557 0.014166043 -0.125923259
v 0.0458063593 -0.0910201745 -0.162979999
v 0.0649298933 -0.078736249 -0.135619716
v 0.0406582372 -0.0800292127 -0.162983081
v 0.0576273454 -0.0678269642 -0.137346647
v 0.0835353172 -0.033240879 -0.255309627
v 0.0906618741 -0.0434317136 -0.242762794
v 0.0706546865 -0.075175128 -0.231737312
v 0.132540644 0.0149874371 -0.217933576
v 0.113665224 -0.00996290936 -0.23985848
v 0.129994169 0.0547647946 -0.225343999
v 0.100838531 0.00767440986 -0.261312431
v 0.125097242 -0.0807359506 -0.152794713
v 0.118200306 -0.114708379 -0.155955153
v 0.124129137 -0.0817126853 -0.172717757
v 0.116052969 -0.114558894 -0.169465776
v 0.0945154915 -0.0947988956 -0.119897956
v 0.0886603232 -0.123113413 -0.129452942
v 0.110131534 -0.0900271045 -0.128542474
v 0.103625723 -0.117653685 -0.138028728
v 0.0675901006 -0.106062628 -0.134074941
v 0.0510743773 -0.110795892 -0.160374654
v 0.0690904933 -0.119065312 -0.136205018
v 0.0551166226 -0.116842154 -0.160588556
v 0.0884445724 -0.0984182693 -0.210392777
v 0.0852289609 -0.116515446 -0.204029978
v 0.0729952744 -0.100951184 -0.214554918
v 0.0756271259 -0.11669082 -0.207247747
v 0.106962463 -0.092471561 -0.201079124
v 0.102588578 -0.115796379 -0.193185727
v 0.119300018 -0.0856538359 -0.185675134
v 0.11336194 -0.115317413 -0.181089813
v 0.134638667 -0.0297475654 -0.1772664
v 0.131840687 -0.0328568426 -0.153441348
v 0.120651851 -0.0461840773 -0.128848532
v 0.100421207 -0.0628323333 -0.118374447
v 0.065028214 -0.0844826173 -0.136770901
v 0.0473606897 -0.0953965253 -0.162174324
v 0.0908159818 -0.0617967295 -0.230350651
v 0.0718918632 -0.0821087421 -0.225762556
v 0.108759667 -0.050345602 -0.222763312
v 0.122869461 -0.0351678418 -0.202740405
v 0.0468619972 -0.0912658222 -0.193254767
v 0.0402513928 -0.0859549623 -0.197428929
v 0.0481370844 -0.0901861436 -0.218803052
v 0.0430484478 -0.0833721171 -0.224712774
v 0.047933354 -0.0957987464 -0.190202202
v 0.0512895117 -0.0951434804 -0.212653846
v 0.0552525456 -0.117084103 -0.18534072
v 0.0511831774 -0.110430657 -0.185462157
v 0.0618070547 -0.117281053 -0.200769676
v 0.0570389621 -0.10731799 -0.201439119
v 0.0708319104 -0.15548343 -0.184023407
v 0.0737873881 -0.153745403 -0.18854277
v 0.0716002914 -0.186577126 -0.195460973
v 0.0744327912 -0.186014941 -0.198562853
v 0.109502775 -0.138568567 -0.158323481
v 0.107495368 -0.137463307 -0.169488584
v 0.0876278015 -0.140668747 -0.142156041
v 0.10396476 -0.13939366 -0.150292312
v 0.0606749794 -0.139749341 -0.16456022
v 0.0730701708 -0.139446057 -0.150111389
v 0.0852289609 -0.132707851 -0.19589494
v 0.0769142335 -0.132514908 -0.198349568
v 0.0983512324 -0.133593046 -0.188466024
v 0.105747786 -0.136069557 -0.179354868
v 0.066537545 -0.132387924 -0.195954734
v 0.0610698034 -0.136548215 -0.1840419
v 0.102389779 -0.233442205 -0.226431075
v 0.100706615 -0.219607032 -0.219702116
v 0.107504306 -0.23342063 -0.217222215
v 0.106693391 -0.220793661 -0.207865411
v 0.107601085 -0.233389809 -0.201926408
v 0.105545289 -0.221899846 -0.194282974
v 0.10332737 -0.233420014 -0.189814467
v 0.0980217501 -0.223437225 -0.183357662
v 0.0857452217 -0.233420014 -0.182037267
v 0.0857754268 -0.222901854 -0.17826995
v 0.0686161497 -0.233420014 -0.187604562
v 0.0729151384 -0.223280343 -0.183479715
v 0.061764521 -0.233420014 -0.196090041
v 0.0648660927 -0.22191464 -0.19379137
v 0.0583146658 -0.233420014 -0.215929559
v 0.0609616198 -0.221730019 -0.210752465
v 0.0839785309 -0.233413541 -0.226708161
v 0.0842312676 -0.219995691 -0.22231455
v 0.0909784114 -0.233430185 -0.231851351
v 0.0902091057 -0.219099709 -0.224247061
v 0.0643026749 -0.233420014 -0.228392866
v 0.0672609265 -0.219300974 -0.223521213
v 0.07673177 -0.233420322 -0.232826237
v 0.0781187394 -0.219204194 -0.226003272
v 0.102799397 -0.149612234 -0.165363737
v 0.101291916 -0.148491563 -0.172883885
v 0.086794387 -0.149847711 -0.152693001
v 0.0989408485 -0.150246542 -0.158231941
v 0.0673111657 -0.150141132 -0.169517865
v 0.0761113323 -0.150905506 -0.15878303
v 0.0853029326 -0.145089173 -0.192359401
v 0.0790313652 -0.145205062 -0.192495016
v 0.0948462067 -0.146005189 -0.187682232
v 0.100017445 -0.147001341 -0.181508677
v 0.0718067958 -0.145724405 -0.188771466
v 0.068012664 -0.147515445 -0.183118178
v 0.0989876973 -0.208896546 -0.21144071
v 0.103675654 -0.209005654 -0.199643456
v 0.10330333 -0.210245913 -0.185597155
v 0.096779642 -0.212174108 -0.174188253
v 0.0859048773 -0.21383354 -0.171461163
v 0.0746337476 -0.212276744 -0.174343285
v 0.0661593646 -0.209739207 -0.190360316
v 0.0645455487 -0.208324806 -0.205295511
v 0.084475066 -0.209556127 -0.217781317
v 0.0897840766 -0.20947445 -0.217101394
v 0.070207466 -0.209362567 -0.216438423
v 0.0788291759 -0.209414964 -0.219018494
v 0.0970329951 -0.198710026 -0.202782014
v 0.100961817 -0.198902661 -0.192708609
v 0.101875059 -0.200025489 -0.181553369
v 0.0949590135 -0.204882964 -0.169960154
v 0.0860327867 -0.206490924 -0.163208079
v 0.0761341403 -0.204775705 -0.170361759
v 0.0676215386 -0.199280533 -0.187202341
v 0.0685532738 -0.198205477 -0.200998988
v 0.0843237322 -0.199149541 -0.20939755
v 0.089847569 -0.198538658 -0.207823494
v 0.0718712128 -0.199140911 -0.205882353
v 0.0794107784 -0.199832855 -0.208773722
v 0.0672720223 -0.021831977 -0.274345628
v 0.00966779309 0.16019327 0.239503416
v 0.015178993 0.165333995 0.229788157
v 0.0250076746 0.170370235 0.230166029
v 0.00221976746 0.170087909 0.488441614
v 0 0.166490419 0.5
v 0.00469011405 0.166490419 0.488387059
v 0 0.171563028 0.488496784
v 0.00221976746 0.162893237 0.488441305
v 0 0.161418118 0.488496784
v 0.0120959142 0.166490419 0.250555096
v 0.0187561412 0.174657819 0.223522754
v 0.00836065149 0.176192732 0.250555096
v 0.0087785916 0.179887618 0.223522754
v 0 0.179626868 0.250555404
v 0 0.180058678 0.223522754
v 0.00897276732 0.159082769 0.250555096
v 0 0.153494207 0.250555404
v 0 0.154835869 0.239672934
v 0.00639978499 0.173784953 0.359395207
v 0.00592297573 0.173423108 0.38645498
v 0.00952293184 0.166490419 0.359395207
v 0.0090464308 0.166490419 0.38645498
v 0 0.176617145 0.359395207
v 0 0.175784655 0.386455288
v 0.00639978499 0.159195884 0.359395207
v 0.00592297573 0.159557729 0.38645498
v 0 0.155244563 0.359395207
v 0 0.156224071 0.386455288
v 0.00471384664 0.172429114 0.444712318
v 0.00376331028 0.171556556 0.46827662
v 0.00783730171 0.166490419 0.444712318
v 0.00688645714 0.166490419 0.46827477
v 0 0.174888981 0.444712626
v 0 0.173655194 0.468280935
v 0.00471384664 0.160551724 0.444712318
v 0.00376331028 0.161424282 0.46827662
v 0 0.157944838 0.444712626
v 0 0.158868868 0.468280935
v 0.00734878027 0.174286728 0.305532405
v 0.00711515298 0.174194571 0.331526061
v 0.0104719271 0.166490419 0.305532405
v 0.010238608 0.166490419 0.331526061
v 0 0.177944628 0.305532713
v 0 0.177512202 0.331526369
v 0.00734878027 0.15869411 0.305532405
v 0.00711515298 0.158785958 0.331526061
v 0 0.154220671 0.305532713
v 0 0.154511318 0.331526369
v 0.005684417 0.172925957 0.415889861
v 0.00880756385 0.166490419 0.415889861
v 0 0.175591712 0.415890169
v 0.005684417 0.160054881 0.415889861
v 0 0.156925261 0.415890477
v 0.00772449487 0.174484294 0.28090476
v 0.0108476417 0.166490419 0.28090476
v 0 0.178497259 0.28090476
v 0.00692899087 0.158496544 0.28090476
v 0 0.154853129 0.28090476
v 0.0535169845 0.0570865814 -0.418713114
v 0.055377681 0.049186712 -0.41972252
v 0.0516331719 0.0560281697 -0.422184853
v 0.0502539079 0.0531364926 -0.424726089
v 0.049749051 0.049186712 -0.425656283
v 0.0502539079 0.0452366231 -0.424726089
v 0.0516331719 0.0423452543 -0.422184853
v 0.0535169845 0.0412868425 -0.418713114
v 0.0554011054 0.0423452543 -0.415241376
v 0.0567803694 0.0452366231 -0.412699831
v 0.0572852262 0.049186712 -0.411769637
v 0.0567803694 0.0531364926 -0.412699831
v 0.0554011054 0.0560281697 -0.415241376
v 0.0460868354 0.0607734543 -0.422291804
v 0.0492774814 0.0625657269 -0.416412286
v 0.0437511789 0.0558762195 -0.426596032
v 0.0428961893 0.049186712 -0.428171629
v 0.0437511789 0.0424972045 -0.426596032
v 0.0460868354 0.0375999697 -0.422291804
v 0.0492774814 0.0358073888 -0.416412286
v 0.0524684357 0.0375999697 -0.410532769
v 0.0548040921 0.0424972045 -0.406228541
v 0.0556590817 0.049186712 -0.404653251
v 0.0548040921 0.0558762195 -0.406228541
v 0.0524684357 0.0607734543 -0.410532769
v 0.0381499801 0.0621132667 -0.418865065
v 0.0417098682 0.0641129683 -0.412305316
v 0.0355443269 0.0566498402 -0.423667061
v 0.0345904002 0.049186712 -0.425424505
v 0.0355443269 0.0417235838 -0.423667061
v 0.0381499801 0.0362601572 -0.418865065
v 0.0417098682 0.0342601474 -0.412305316
v 0.0452694481 0.0362601572 -0.405745875
v 0.0478754095 0.0417235838 -0.400943879
v 0.048829028 0.049186712 -0.399186435
v 0.0478754095 0.0566498402 -0.400943879
v 0.0452694481 0.0621132667 -0.405745875
v -0.080704975 0.0325187303 -0.29866814
v -0.0805853874 0.0553220481 -0.293005914
v -0.0743942642 0.0453010402 -0.339513772
v -0.0761643454 0.0586208778 -0.335720565
v -0.0113503411 -0.0185047915 -0.381606752
v -0.0113226017 -0.0258122709 -0.380899705
v -0.0218910002 -0.0217968404 -0.384461751
v -0.0216083667 -0.028828467 -0.383667172
v -0.0254659909 0.145713617 -0.36294215
v -0.0263243708 0.141896369 -0.398021689
v -0.0459459809 0.141938595 -0.364312168
v -0.0454176997 0.138340488 -0.395635177
v -0.0444600744 0.118603605 -0.428180259
v -0.0255371887 0.120392796 -0.433297868
v -0.0378611822 0.0937984283 -0.441510576
v -0.0210991948 0.0954144018 -0.447321053
v -0.0131290523 -0.0370991196 -0.483769684
v -0.0148695447 -0.0323310271 -0.489985156
v -0.0057004442 -0.0392026899 -0.484780323
v -0.00592667432 -0.035820642 -0.491571233
v -0.00423642095 -0.0691439687 -0.432169491
v -0.00574914224 -0.0719441057 -0.422348515
v -0.0130304233 -0.0679573393 -0.429374902
v -0.0155790566 -0.0697755021 -0.420772302
v -0.076696017 0.110208742 -0.379646193
v -0.0809099382 0.111915639 -0.363807311
v -0.0704102717 0.125902763 -0.391671834
v -0.0718043301 0.128106195 -0.365123083
v -0.0217535362 -0.0325039359 -0.481714196
v -0.028274758 -0.0277549527 -0.479846718
v -0.0239591257 -0.0267255132 -0.485579833
v -0.0312573586 -0.0235755516 -0.480149386
v -0.022421439 -0.0643672461 -0.424486606
v -0.0240503575 -0.0660889374 -0.416749166
v -0.0297424799 -0.0595399762 -0.413966597
v -0.0246217889 -0.0626991842 -0.408382966
v -0.0136903125 0.0372486041 -0.471563737
v -0.00997015242 0.00929192439 -0.484988984
v -0.0252952396 0.0382046883 -0.460078089
v -0.0191740813 0.0100843462 -0.477406885
v -0.0476331521 0.0339621031 -0.432290312
v -0.0367540725 0.0375093543 -0.447824369
v -0.034445539 0.00886535424 -0.449358049
v -0.0281107874 0.0101990024 -0.464826764
v -0.0413372358 -0.0294932877 -0.34645016
v -0.0621072565 -0.0311496374 -0.372616724
v -0.0479281143 -0.0389964937 -0.381202065
v -0.0498023723 -0.0380055812 -0.393393834
v -0.0134831918 -0.0464774984 -0.302663228
v -0.0287028692 -0.0349046258 -0.307827069
v -0.0138539749 -0.0416314274 -0.328656575
v -0.0259203004 -0.0355518782 -0.33446582
v -0.0754868879 0.0888392422 -0.367784215
v -0.0738320793 0.089710259 -0.381055354
v -0.0713555684 0.0745260263 -0.370251171
v -0.0668349728 0.0761312122 -0.387199012
v -0.055805484 -0.0223186491 -0.409081382
v -0.0627757757 0.0118932625 -0.380066291
v -0.0482921167 0.00129342601 -0.418005452
v -0.0586105526 0.0254966583 -0.399040957
v -0.0355905592 -0.0424768623 -0.460993797
v -0.0366760939 -0.0496496515 -0.443024838
v -0.0388283622 -0.0352680118 -0.459590493
v -0.0395989008 -0.0401301101 -0.444747763
v -0.0078490139 -0.0401547673 -0.402291089
v -0.016797124 -0.0412819111 -0.399033252
v -0.0427405406 -0.0370676816 -0.403418849
v -0.0428776964 -0.0411872889 -0.40891772
v -0.0364165766 -0.0246231758 -0.394142489
v -0.0367479081 -0.0297081138 -0.408181702
v -0.0109481199 -0.0268179778 -0.40991418
v -0.0115238664 -0.0171936431 -0.392295971
v -0.0209811483 -0.0275912903 -0.409159669
v -0.0214841559 -0.0204511719 -0.393960334
v -0.0415144596 -0.0356428018 -0.400037726
v -0.0318260161 -0.025546281 -0.389506621
v -0.0399194448 -0.0366155296 -0.398291993
v -0.0309516089 -0.03186593 -0.38704059
v -0.0251808916 -0.0412920822 -0.397506661
v -0.0669665808 -0.022116768 -0.380733577
v -0.0610698034 -0.0225294685 -0.395381207
v -0.0435163188 -0.0385449582 -0.397496489
v -0.044360829 -0.0373638767 -0.399618553
v -0.0282331489 -0.0543773679 -0.446197608
v -0.0276469232 -0.0502047475 -0.461593893
v -0.0193343533 -0.0558577265 -0.450645465
v -0.0187804902 -0.0539877836 -0.462667407
v -0.0100965207 -0.0560546762 -0.453122592
v -0.00741997803 -0.054819657 -0.463372912
v -0.0122262893 -0.0625564805 -0.428990558
v -0.00429313259 -0.0642658432 -0.431037724
v -0.0274089809 -0.0565006639 -0.422516493
v -0.0220876417 -0.0592742945 -0.425247281
v -0.0313174607 -0.0552970827 -0.417090977
v -0.0332579849 -0.055263179 -0.408015265
v -0.0258928693 -0.0587475543 -0.398584182
v -0.0191161368 -0.0605993126 -0.395879283
v -0.0170011626 -0.0654657258 -0.406918943
v -0.00810421626 -0.0619647069 -0.394532382
v -0.00717587142 -0.0666326294 -0.405377558
v -0.013846886 -0.0532304983 -0.415643289
v -0.0058702709 -0.0545367152 -0.420506928
v -0.0344122517 -0.0459600047 -0.409010801
v -0.0228353723 -0.0515094234 -0.412780584
v -0.0391569199 -0.043631129 -0.40183832
v -0.0327710046 -0.0456696658 -0.374324546
v -0.0429763254 -0.0425027524 -0.392764766
v -0.00884362506 -0.0505678253 -0.367526238
v -0.0224125007 -0.0477143669 -0.368925536
v -0.0263289941 0.130631404 -0.416612626
v -0.0457182097 0.127849143 -0.414084952
v -0.040543581 0.00636295325 -0.434305116
v -0.0550306304 0.0317312399 -0.417406589
v -0.035398541 -0.0273397865 -0.471096174
v -0.0330027826 -0.0333117685 -0.475082633
v -0.0263610485 -0.0416070784 -0.476059367
v -0.00531764065 -0.0454360385 -0.47658395
v -0.0177553657 -0.0451601857 -0.4762782
v -0.0345250585 0.0710943558 -0.448753947
v -0.0162648359 0.0762942582 -0.456807924
v -0.035478677 0.0635162633 -0.449236304
v -0.0147958813 0.0686979809 -0.459274572
v -0.0455936907 0.0557766659 -0.433099685
v -0.0564887976 0.0566575455 -0.424022433
v -0.0500920948 0.0596364476 -0.429596509
v -0.0579226157 0.0602229815 -0.422457007
v -0.0691022055 0.0561382026 -0.373999379
v -0.0629486846 0.0569306244 -0.393555031
v -0.0679920135 0.048283949 -0.374996147
v -0.0587187362 0.0532169368 -0.399958206
v -0.0643504483 0.0592915545 -0.409048712
v -0.0611863088 0.0554323892 -0.411068755
v -0.0164284983 -0.00585193208 -0.492357799
v -0.00685193701 -0.00802238507 -0.497187534
v -0.0330185016 -0.00336001041 -0.469098938
v -0.0266328945 -0.00421006853 -0.481045676
v -0.0372025259 -0.00750889818 -0.455115513
v -0.0417101764 -0.0121940808 -0.441017123
v -0.0476288371 -0.0241990714 -0.425420498
v -0.0429683118 -0.0450717279 -0.419792177
v -0.0448388711 -0.0425967581 -0.408893063
v -0.0488120761 -0.0415710171 -0.4204496
v -0.049532992 -0.0386682443 -0.409154429
v -0.0335899329 0.0560263204 -0.45086214
v -0.0138925019 0.0596201122 -0.459286592
v -0.0294752571 0.0489222631 -0.454747812
v -0.0134255555 0.050278411 -0.463166408
v -0.0447229821 0.0497895813 -0.430694989
v -0.0427377666 0.0517307221 -0.436345194
v -0.0498575428 0.042818365 -0.427361639
v -0.040118552 0.046815919 -0.44130777
v -0.0667039813 0.0379556503 -0.377267079
v -0.0589622264 0.042902816 -0.404350892
v -0.0754677785 0.0322277749 -0.346515501
v -0.0786528767 0.016902996 -0.303322501
v -0.055261792 0.039025466 -0.416431087
v -0.0741057746 0.00627942687 -0.318273722
v -0.0772480308 0.0168919002 -0.354833927
v -0.0434491278 0.134982789 -0.333194431
v -0.0196311648 0.144519591 -0.334308321
v -0.0749807982 0.10618838 -0.341901517
v -0.0653647853 0.121419153 -0.335664778
v -0.0151752944 -0.0138877245 -0.495092286
v -0.00635447732 -0.0169381325 -0.498980423
v -0.0152970395 -0.0235817159 -0.495417145
v -0.00650519466 -0.0266435279 -0.497739856
v -0.0331874036 -0.020876201 -0.480211337
v -0.0335329131 -0.00988616372 -0.475093112
v -0.0255088328 -0.0216701639 -0.48992752
v -0.0241005966 -0.0122276763 -0.487692342
v -0.0371701633 -0.0223180327 -0.466337945
v -0.0412157989 -0.0259216874 -0.451771684
v -0.0367944487 -0.0138920395 -0.460924449
v -0.0407802905 -0.0181725353 -0.445609533
v -0.0441977831 -0.0270198589 -0.435939274
v -0.0409843291 -0.0345726778 -0.444829132
v -0.0399474924 -0.0473383441 -0.433153931
v -0.0445704155 -0.0419427249 -0.433598994
v -0.0318824195 -0.0462595901 -0.435674209
v -0.0378238882 -0.0471672845 -0.433256875
v -0.0212656311 -0.040852567 -0.436958543
v -0.0106306581 -0.0404746949 -0.437087068
v -0.0568725258 0.0786484076 -0.417246934
v -0.0503812008 0.0870851883 -0.429252849
v -0.0616927068 0.075115026 -0.403948979
v -0.0752945615 -0.00119942031 -0.359741642
v -0.0716970711 -0.0132826976 -0.345176922
v -0.0528278148 -0.0227273428 -0.319473913
v -0.0450499987 -0.0400166868 -0.403228372
v -0.0506841766 -0.0374890121 -0.397309711
v -0.0504822955 -0.0377118519 -0.401885169
v -0.0570349553 0.112075603 -0.421822391
v -0.0610386736 -0.0182631506 -0.300215689
v -0.0326803892 -0.0394440225 -0.285437068
v -0.063804907 0.120154545 -0.407891979
v -0.0444640812 0.0492381839 -0.42836488
v -0.0483790335 0.0439442759 -0.425369951
v -0.0536624622 0.042316282 -0.416084653
v -0.0541623876 0.0447293006 -0.406639392
v -0.0539765337 0.0512206255 -0.405287867
v -0.0563470185 0.0539338459 -0.411491627
v -0.0522415891 0.0537338141 -0.423350832
v -0.038667782 0.0485810687 -0.415894793
v -0.0408934055 -0.0449684757 -0.419597384
v -0.0626771468 0.0959713471 -0.409801682
v -0.0632911119 0.0878843909 -0.406326553
v -0.0663498418 0.0832867414 -0.399443794
v -0.0706848916 0.0839346102 -0.391782484
v -0.0647424983 0.104458675 -0.408542005
v -0.0686981351 0.110104257 -0.40302834
v -0.0730331849 0.110751818 -0.395367029
v -0.0757618161 0.0683888409 -0.361660899
v -0.0737254368 0.0739727796 -0.362066819
v -0.0768149881 0.0673708053 -0.353374219
v -0.0744235447 0.0999380795 -0.379107125
v -0.0782842511 0.0985301515 -0.366114304
v -0.0737507104 0.0895801921 -0.387696472
v -0.0730227056 0.0787590569 -0.359544075
v -0.0758157538 0.0980675201 -0.386436795
v -0.0760919148 0.106154168 -0.388484271
v -0.0773164546 0.0707075455 -0.33004262
v -0.0744198461 0.0827701724 -0.300743354
v -0.076983582 0.0804551664 -0.333720246
v -0.0719809375 0.0964466152 -0.320948724
v -0.0759865051 0.0702122433 -0.3449735
v -0.0778897353 0.0968022958 -0.344865624
v -0.0734807137 0.0762520327 -0.346866559
v -0.0766337575 0.090726137 -0.355606007
v -0.0721664832 0.079725004 -0.351286984
v -0.0724210691 0.080095479 -0.35615463
v -0.0167302412 -0.0557772823 -0.284986765
v 0.0054745223 -0.0865174555 -0.359506165
v 2.18832948e-05 -0.0941131163 -0.386430323
v 0.00876102332 -0.0507786446 -0.367389699
v 0 -0.0623092917 -0.393339896
v 0.00877705053 -0.0832414338 -0.323487803
v 0.0138314752 -0.0416733447 -0.328616507
v 0.0125338883 -0.0897213548 -0.304259784
v 0.0140882187 -0.0463646916 -0.303451643
v 0.0133469606 -0.0938517496 -0.284157049
v 0.0166464066 -0.0558432404 -0.2849618
v 0.0138256191 -0.0998551696 -0.269460413
v 0.0205548864 -0.0666517388 -0.270259616
v 0.0124586837 -0.105966157 -0.250439823
v 0.0123070417 -0.1176167 -0.227586883
v 0.0233137226 -0.0908981212 -0.226666243
v 0.0124038214 -0.125948379 -0.205915024
v 0.0120043742 -0.133798626 -0.161358478
v 0.0278836327 -0.0950966317 -0.162436615
v 0.0134973697 -0.127516271 -0.130071839
v 0.0376953623 -0.0808832776 -0.135287768
v 0.0446209628 -0.0725442012 -0.113920118
v 0.0135642524 -0.117458893 -0.105634671
v 0.0152276911 -0.110416479 -0.0842414387
v 0.0503355849 -0.0667996822 -0.0828144013
v 0.013804044 -0.107392578 -0.0546638541
v 0.0533428428 -0.0689963335 -0.0530115112
v 0.0022425754 -0.0942425668 -0.00322516616
v -4.31501589e-06 -0.0978832073 -0.357295644
v -4.31501589e-06 -0.0995219887 -0.385344788
v 0 -0.0511176816 -0.36620985
v 0 -0.0623022028 -0.393342978
v -4.31501589e-06 -0.0972809544 -0.323817593
v 0 -0.0450680293 -0.327891585
v -4.31501589e-06 -0.0995562006 -0.304084717
v 0 -0.0518854462 -0.304439165
v -4.31501589e-06 -0.104694768 -0.287461119
v 0 -0.062571583 -0.287040405
v -4.31501589e-06 -0.110154496 -0.271417581
v 0 -0.0742967141 -0.27185648
v -4.31501589e-06 -0.118067927 -0.253596258
v 0 -0.0862030757 -0.253038696
v -4.31501589e-06 -0.128767934 -0.229419224
v 0 -0.101530012 -0.22903118
v -4.31501589e-06 -0.134228278 -0.210019529
v 0 -0.108059248 -0.210472297
v -4.31501589e-06 -0.143560116 -0.159708909
v 0 -0.107396893 -0.160559275
v -4.31501589e-06 -0.135847025 -0.130207454
v 0 -0.0945711244 -0.112576607
v -4.31501589e-06 -0.127602571 -0.105002829
v -4.31501589e-06 -0.119935096 -0.0859877873
v 0 -0.0798769542 -0.0857760433
v -4.62323131e-06 -0.104549907 -0.00100324119
v -4.31501589e-06 -0.116332058 -0.0562992451
v 0 -0.0778165342 -0.0558745243
v 0.00659211141 0.173861391 0.366512518
v 0.00010633432 0.176780191 0.366447484
v 0.00873821538 0.177055119 0.407623215
v 0.00010633432 0.179934467 0.408467109
v 0.0132742217 0.169025799 0.408467109
v 0.00987275635 0.166389941 0.366347006
v 0.00988138638 0.166394256 0.366370739
v 0.00652954368 0.173865706 0.366539641
v 0.0115454414 0.166614013 0.407623215
v 0.00869537344 0.175955714 0.408467109
v 0.00869537344 0.157843435 0.408467109
v 0.00590263352 0.159059653 0.366927992
v 0.00596119445 0.173436362 0.394126154
v 0.00010633432 0.176453174 0.394370569
v 0.00989433143 0.178522841 0.435128668
v 0.00010633432 0.182410978 0.435972561
v 0.0144303378 0.169380555 0.435972561
v 0.0090482801 0.16648672 0.394152044
v 0.00918728525 0.166555452 0.3945293
v 0.00518911482 0.173489066 0.394459026
v 0.0127015575 0.166634355 0.435128668
v 0.00985148948 0.177271178 0.435972561
v 0.00985148948 0.156648176 0.435972561
v 0.0058582505 0.159279103 0.39440663
v 0.0057263343 0.172993148 0.415921299
v 0.000108183613 0.175696505 0.415897875
v 0.00961416361 0.178480615 0.448392718
v 0.000124210814 0.18252286 0.449144764
v 0.0134536031 0.168827925 0.449144764
v 0.00878598877 0.166487337 0.416003284
v 0.00860321703 0.166573021 0.416072941
v 0.00577349125 0.172946299 0.415888936
v 0.0134021311 0.166668259 0.44839241
v 0.0114387989 0.177706686 0.449144764
v 0.0114387989 0.15630544 0.449144764
v 0.006208075 0.160069367 0.416003284
v 0.0057263343 0.172993148 0.429103364
v 0.000108183613 0.175696505 0.42907994
v 0.00834246678 0.178604826 0.461574784
v 0.000124210814 0.18240204 0.462326829
v 0.0121819063 0.168852274 0.462326829
v 0.00878598877 0.166487337 0.42918535
v 0.00860321703 0.166573021 0.429255006
v 0.00577349125 0.172946299 0.429071002
v 0.0121304343 0.166670417 0.461574784
v 0.0101671021 0.177822883 0.462326829
v 0.0101671021 0.156200339 0.462326829
v 0.006208075 0.160069367 0.42918535
v 0.00827712511 0.166581959 0.444655606
v 0.00469196334 0.172761986 0.444814337
v 0.0109774004 0.166681512 0.473048719
v 0.00905136225 0.177625009 0.473736039
v 0.00905136225 0.156407151 0.473736039
v 0.00490463198 0.160260461 0.444789988
v 0.00476963363 0.172474421 0.444655914
v 0.000107567182 0.174945076 0.444617696
v 0.00795750572 0.177240048 0.473049027
v 0.000114656136 0.181079796 0.473736348
v 0.0113272249 0.166910208 0.473736348
v 0.0066318712 0.165369131 0.444789988
v 0.00827712511 0.166581959 0.454863701
v 0.00469196334 0.172761986 0.455022124
v 0.0102685049 0.166654698 0.483256814
v 0.008342775 0.176216156 0.483944134
v 0.008342775 0.157677924 0.483944134
v 0.00490463198 0.160260461 0.454997775
v 0.00476963363 0.172474421 0.454863701
v 0.000107567182 0.174945076 0.45482579
v 0.00724891847 0.175879893 0.483256814
v 0.000114656136 0.179314954 0.483944134
v 0.0106183294 0.166854421 0.483944134
v 0.0066318712 0.165369131 0.454998083
v 0.00716230994 0.166607849 0.468430111
v 0.0036218394 0.171513714 0.468493603
v 0.00857917623 0.166685519 0.491775272
v 0.0068057047 0.174938912 0.492393243
v 0.0068057047 0.158145795 0.492393243
v 0.00391680156 0.16148161 0.468486206
v 0.00371707797 0.171524193 0.468430111
v 0.000108183613 0.173679543 0.468206038
v 0.00573681362 0.174417719 0.491775272
v 0.000114964352 0.177359636 0.492393243
v 0.00843123282 0.168362827 0.492393243
v 0.00680293076 0.166469152 0.468486206
v 0.00239699132 0.170080512 0.488145727
v 0.00010633432 0.17155933 0.48816761
v 0.00412669626 0.170682765 0.496567713
v 0.0001319162 0.173030442 0.4968636
v 0.0063979357 0.167541742 0.4968636
v 0.00468857297 0.166480864 0.488117679
v 0.00470552482 0.166516925 0.488117063
v 0.000809373694 0.168889568 0.488326957
v 0.00543383786 0.166777059 0.496567713
v 0.00444908959 0.170287941 0.496676205
v 0.00444908959 0.162567453 0.4968636
v 0.00232332784 0.162900326 0.488167918
v 0.00010633432 0.152996131 0.408467109
v 0.00010633432 0.1561501 0.366447484
v 0.00873821538 0.15587548 0.407623215
v 0.00659211141 0.159069208 0.366512518
v 0.00987275635 0.16654035 0.366347006
v 0.0132742217 0.1639048 0.408467109
v 0.00010633432 0.15051962 0.435972561
v 0.00010633432 0.156477116 0.394370569
v 0.00989433143 0.15440745 0.435128668
v 0.00596119445 0.159494237 0.394126154
v 0.0090482801 0.166443878 0.394152044
v 0.0144303378 0.163550044 0.435972561
v 0.000124210814 0.150407738 0.449144764
v 0.000108183613 0.157233785 0.415897875
v 0.00961416361 0.154449675 0.44839241
v 0.0057263343 0.159937143 0.415921299
v 0.00878598877 0.166442954 0.416003284
v 0.0134539113 0.164102674 0.449144764
v 0.000124210814 0.15052825 0.462326829
v 0.000108183613 0.157233785 0.42907994
v 0.00834246678 0.154325464 0.461574784
v 0.0057263343 0.159937451 0.429103056
v 0.00878598877 0.166442954 0.42918535
v 0.0121822145 0.164078325 0.462326829
v 0.000114656136 0.151850803 0.473736348
v 0.000107567182 0.157985523 0.444617696
v 0.00795750572 0.15569055 0.473049027
v 0.00476963363 0.160455869 0.444655914
v 0.0066318712 0.167561467 0.444789988
v 0.0113272249 0.16602039 0.473736348
v 0.000114656136 0.153615336 0.483944134
v 0.000107567182 0.157985523 0.45482579
v 0.00724891847 0.157050705 0.483256814
v 0.00476963363 0.160455869 0.454863701
v 0.0066318712 0.167561467 0.454997775
v 0.0106183294 0.166076177 0.483944134
v 0.000114964352 0.155570963 0.492393243
v 0.000108183613 0.159251055 0.468206038
v 0.00573681362 0.158512571 0.491775272
v 0.00371707797 0.161406405 0.468430111
v 0.00680293076 0.166461447 0.468486206
v 0.00843123282 0.164567771 0.492393243
v 0.0001319162 0.159900157 0.4968636
v 0.00010633432 0.161370961 0.48816761
v 0.00412669626 0.162247525 0.496567713
v 0.00239699132 0.162850086 0.488145727
v 0.00468857297 0.166449426 0.488117679
v 0.0063979357 0.165388549 0.4968636
v -0.0446212711 -0.0725435847 -0.113920426
v -0.0503355849 -0.0667987575 -0.0828137849
v -0.0353128571 0.222185253 -0.161598886
v -0.0334506196 0.215230064 -0.109518494
v -0.123751265 -0.0116124783 0.00607184378
v -0.134758871 0.046260823 0.00664882305
v -0.125789186 -0.0151742157 -0.0400208477
v -0.133302861 0.0418366988 -0.0363496938
v -0.00618711635 0.031551242 0.247493284
v -0.0170649632 0.0934553846 0.278578967
v -0.0025504826 0.00162414116 0.212541964
v -0.0233140308 -0.0908981212 -0.226666552
v -0.0247475407 -0.0782061184 -0.250990604
v -0.0240306317 0.167831464 -0.291249703
v -0.0349371425 0.19477843 -0.255679177
v -0.0612565819 0.173103489 -0.244230207
v -0.0505137335 0.145961114 -0.285129161
v -0.0971436444 0.128912795 -0.235783564
v -0.0772255311 0.106757037 -0.275337773
v -0.0558030183 -0.072280677 0.00122145771
v -0.0485396137 -0.0601847628 0.066443231
v -0.104124107 0.0142286108 0.0972015889
v -0.110976352 0.0555676958 0.0945540185
v -0.114744902 0.000858225838 0.0673182546
v -0.126185242 0.053689431 0.0581664141
v -0.0375387889 0.178871124 0.0391008247
v -0.0334500031 0.168770288 0.110984983
v -0.0278836327 -0.0950957071 -0.162435691
v -0.0222633245 -0.0996723978 -0.206168993
v -0.0363179476 0.214309425 -0.208700367
v -0.103257097 0.142425575 -0.147063139
v -0.0676902706 0.193698751 -0.156885348
v -0.108638847 0.136364211 -0.187027275
v -0.0664586418 0.191816172 -0.196894483
v -0.103210249 0.128247666 -0.00251257211
v -0.0851938243 0.156758209 -0.00747175822
v -0.10277135 0.1269396 -0.0458898857
v -0.0829087152 0.160707065 -0.0513946131
v -0.0355135054 0.136509072 0.26844207
v -0.0262448513 0.162092185 0.247132056
v -0.0723138101 0.146048339 0.242765259
v -0.0577968638 0.158444763 0.242879607
v -0.0875513641 0.146085942 0.206372415
v -0.0622518095 0.167489037 0.208458109
v -0.0875880417 0.123366766 0.096955633
v -0.0707832124 0.153769136 0.103131345
v -0.0975702146 0.12736956 0.0479382854
v -0.0812394205 0.155517025 0.0432709793
v -0.127060574 0.0893348526 -0.142409086
v -0.127872414 0.0481088826 -0.111042927
v -0.122385254 0.0871301877 -0.090647388
v -0.130515669 0.041464991 -0.0860398757
v -0.120861437 0.0944524615 0.00261305033
v -0.114657677 0.0939990766 0.0534109584
v -0.0205551946 -0.0666514306 -0.270259924
v -0.120408053 -0.0131754387 -0.0813081525
v -0.107338794 -0.0229298403 -0.110074822
v -0.0941108047 -0.0498487587 -0.0796092691
v -0.0708186571 -0.056443644 -0.113462418
v -0.104050752 -0.0459011356 0.00387580891
v -0.0979813739 -0.0289566846 0.0679901642
v -0.0287463276 0.179836455 0.165549591
v -0.0243437785 0.176308313 0.207355006
v -0.0117180421 0.180314497 0.207791439
v -0.0641935667 0.17021212 0.158597792
v -0.085337761 0.143761689 0.159742813
v -0.013088676 -0.0250072122 0.142452852
v -0.0030300658 -0.0106582433 0.179491408
v -0.0727681197 0.172126138 -0.103695996
v -0.0389131215 0.189229628 -0.0212770351
v -0.0256444476 0.167096987 0.239325884
v -0.0340568793 -0.0397201835 0.110033213
v -0.0675682173 -0.0216686228 0.105136595
v -0.0533425346 -0.0689944842 -0.0530096619
v -0.10295258 -0.0500950228 -0.0465630282
v -0.0403552614 -0.0481039512 -0.269293052
v -0.0581081614 -0.064374335 -0.247657255
v -0.0374404682 0.203615274 -0.0615361333
v -0.0980118873 0.127498702 -0.0976873364
v -0.120240075 0.0904789483 -0.0382744991
v -0.101147979 0.0934168577 0.0974817567
v -0.116583716 0.0919001296 -0.232648396
v -0.0920608639 0.0692016049 -0.268908091
v -0.128645726 0.0977405036 -0.186053006
v -0.0376959788 -0.0808826612 -0.135287768
v -0.0196755478 0.153808587 -0.310205567
v -0.0479928395 0.13918993 -0.311436272
v -0.0849041019 0.0253222084 -0.283531372
v -0.0599136874 0.116639657 -0.314156273
v -0.0787490399 0.000772541951 -0.280458156
v -0.0921237399 -0.081757993 0.180594511
v -0.0834450101 -0.112890833 0.187430729
v -0.0894607586 -0.082646578 0.196821744
v -0.0802244671 -0.111862009 0.197973545
v -0.0638329546 -0.089637212 0.223178169
v -0.0619519159 -0.107201176 0.231895118
v -0.0531307906 -0.0871819679 0.220480976
v -0.0540908816 -0.108332326 0.224901402
v -0.0411914499 -0.0845285414 0.213043122
v -0.0499278159 -0.109613886 0.212298473
v -0.0372989973 -0.0825630516 0.188921258
v -0.0439552175 -0.110569662 0.190350145
v -0.0453258515 -0.0832192423 0.172322933
v -0.0517533759 -0.112885901 0.177484309
v -0.0647847239 -0.113856471 0.173836579
v -0.0754156901 -0.114211844 0.178108137
v -0.0630889226 -0.0873178909 0.161873814
v -0.0795063252 -0.0824678131 0.16616294
v -0.106798492 0.0656182925 0.136932406
v -0.11712186 0.028751105 0.147754466
v -0.105297483 0.102992494 0.165725274
v -0.119760184 0.0461175028 0.176795447
v -0.0776484026 0.0855690766 0.259353722
v -0.0793602311 0.0322542814 0.254731415
v -0.0530142852 0.0520380128 0.271117688
v -0.0590050683 0.0177496637 0.259106225
v -0.026851111 0.00304100745 0.239011504
v -0.027390488 -0.00750982283 0.237206286
v -0.0146941702 -0.0209782203 0.179670789
v -0.0318247832 -0.0200088828 0.152440265
v -0.00929331136 -0.0133674569 0.179352711
v -0.0283095864 -0.0178855867 0.14778652
v -0.0596144102 -0.024035409 0.12761228
v -0.0959129402 -0.0041894181 0.132484857
v -0.0600970755 -0.0143728556 0.120176275
v -0.0976099743 0.0213486952 0.121782385
v -0.106673665 -0.0224591954 0.189054407
v -0.10575395 -0.026985647 0.164283751
v -0.0538532475 -0.0313943604 0.238091789
v -0.0704460247 -0.0276211872 0.239595572
v -0.030412232 -0.0331111203 0.228659164
v -0.035962267 -0.0329015338 0.157878726
v -0.0218031588 -0.0347369566 0.182252401
v -0.0604388864 -0.0444947486 0.13957073
v -0.0897285978 -0.0339396033 0.145163915
v -0.0834450101 -0.133225961 0.19085007
v -0.0807484333 -0.132718639 0.199985267
v -0.0619386627 -0.129200976 0.225834062
v -0.0550472741 -0.130574076 0.219989373
v -0.0499959316 -0.131763171 0.209937851
v -0.0456852307 -0.132314877 0.187832333
v -0.0543325225 -0.133228735 0.179085488
v -0.0659602575 -0.13286689 0.177231572
v -0.077176833 -0.133504588 0.180792077
v -0.0854086505 -0.18438294 0.183193383
v -0.085573854 -0.18302032 0.173860004
v -0.0645211997 -0.186763288 0.205547015
v -0.0590090751 -0.187485745 0.20123354
v -0.051191191 -0.185509776 0.19135616
v -0.0563038684 -0.182846178 0.170248644
v -0.0647853403 -0.18113774 0.164604911
v -0.0707856781 -0.180633808 0.165345244
v -0.0770103967 -0.181244691 0.167384706
v -0.0826738551 -0.185295258 0.193381752
v -0.0712184125 -0.186193398 0.203446526
v -0.0760654082 -0.13214166 0.21012987
v -0.071747002 -0.131040406 0.21824025
v -0.0763899591 -0.110657195 0.209657684
v -0.0733845505 -0.109008859 0.220615975
v -0.0817402706 -0.084792682 0.208289824
v -0.0770285814 -0.0863128004 0.216788556
v -0.0958075306 -0.0222070751 0.212318816
v -0.0849820804 -0.0249988904 0.232775073
v -0.111837506 0.0546892819 0.211400025
v -0.0956158206 0.0432927085 0.242329443
v -0.105731142 0.1072471 0.208117531
v -0.0973381283 0.10157532 0.235100558
v -0.0963126956 -0.219813536 0.16786244
v -0.0942609056 -0.218007702 0.155278929
v -0.0997631673 -0.233599087 0.163439548
v -0.0987414332 -0.233544841 0.149622868
v -0.0684959457 -0.233599087 0.188766226
v -0.0577170361 -0.233599087 0.187078747
v -0.0671009627 -0.223440615 0.192227793
v -0.057559538 -0.222665453 0.188842355
v -0.0479077721 -0.219638161 0.172308755
v -0.0473856552 -0.233599087 0.171925952
v -0.0528333627 -0.218545538 0.148849247
v -0.0515437894 -0.233599087 0.141523275
v -0.0689801522 -0.217252266 0.142012412
v -0.0680505745 -0.233599087 0.136370529
v -0.0736801291 -0.217234389 0.145935378
v -0.0746433023 -0.233599087 0.143914102
v -0.0802953567 -0.217212506 0.143387978
v -0.0831065895 -0.233599087 0.137557159
v -0.0775485408 -0.222119295 0.192052419
v -0.0945555595 -0.220640786 0.180132496
v -0.0785573299 -0.233599087 0.190341515
v -0.0946942565 -0.233544841 0.176844145
v -0.0899452733 -0.208244054 0.174559344
v -0.0892770622 -0.206551951 0.160665301
v -0.0645147271 -0.210180879 0.201752266
v -0.0581013807 -0.209965129 0.199032573
v -0.0490284434 -0.207889606 0.181314194
v -0.0551921353 -0.206806537 0.155989057
v -0.0673734252 -0.205229707 0.15071056
v -0.0727496268 -0.207097184 0.152805192
v -0.0783126069 -0.205159125 0.151774211
v -0.0725252459 -0.208865108 0.201675829
v -0.0882747457 -0.208862642 0.188251198
v -0.087657082 -0.198669958 0.177656601
v -0.0870240075 -0.196599675 0.16808867
v -0.0644068518 -0.203890203 0.208374891
v -0.0585846625 -0.203949996 0.202115344
v -0.0502474353 -0.199104542 0.185065175
v -0.0563858537 -0.19640704 0.164200532
v -0.0660052569 -0.194206999 0.15878827
v -0.0715771753 -0.193892927 0.159951783
v -0.0774964524 -0.193948406 0.16154125
v -0.0717648785 -0.203532056 0.204580451
v -0.0854231366 -0.198999132 0.189613818
v -0.0115537632 -0.0080029675 0.211481394
v -0.0159023746 -0.0166175885 0.209270257
v -0.021182413 -0.0338739535 0.205662287
v -0.0359252812 -0.0825424012 0.201523262
v -0.0437246724 -0.110656271 0.200210881
v -0.0439786419 -0.132238747 0.200146464
v -0.0523657999 -0.18339172 0.180373828
v -0.050588938 -0.207317866 0.170743946
v -0.05199964 -0.197569013 0.174465339
v -0.0475597969 -0.219260906 0.160445852
v -0.0450463001 -0.233599087 0.154529041
v -0.0895858941 -0.0611806068 0.210366271
v -0.0811161343 -0.0636309194 0.219886429
v -0.0678157143 -0.0661271561 0.225488552
v -0.0530164427 -0.0661872581 0.22292081
v -0.0347814938 -0.0620075488 0.217370158
v -0.0321009442 -0.0606853047 0.185640922
v -0.0408761455 -0.0622855591 0.166379924
v -0.0617343158 -0.0689642791 0.150774669
v -0.0821560532 -0.0620580961 0.156691788
v -0.0981015779 -0.0588344711 0.173809456
v -0.0959653369 -0.060160722 0.194934849
v -0.0293679981 -0.0603894179 0.202880951
v -0.097570831 0.129373269 0.207820103
v -0.0970206665 0.125119588 0.161875355
v -0.102473614 0.0789110071 0.124617967
v -0.0861773398 0.123649708 0.240340221
v -0.062728927 0.115030156 0.262200091
v -0.0935856056 0.0204798359 0.110722383
v -0.034690262 0.076222444 0.277249325
v -0.0182167642 0.0220353992 0.248830014
v -0.00794856748 -0.00270721014 0.211995806
v -0.00694409342 -0.0113936453 0.179658769
v -0.0227065382 -0.0187279395 0.143273014
v -0.0597734493 -0.0121127119 0.115302772
v -0.0981524335 -0.187288179 -0.187182307
v -0.0990046491 -0.188389741 -0.178466591
v -0.0988708836 -0.157678232 -0.175605736
v -0.100352475 -0.15903438 -0.167757647
v -0.0936413926 -0.189659897 -0.170499531
v -0.0860007323 -0.190626768 -0.166552524
v -0.0970182007 -0.160030532 -0.161688577
v -0.0867182578 -0.160180941 -0.156209431
v -0.0768042006 -0.189509179 -0.169419852
v -0.070652529 -0.187484512 -0.184315904
v -0.0775719652 -0.159869952 -0.162264323
v -0.0702179453 -0.158528598 -0.170253883
v -0.0791065698 -0.185700561 -0.200341256
v -0.0844023271 -0.185632137 -0.201284395
v -0.0798046777 -0.152552301 -0.193066448
v -0.0851818039 -0.152748326 -0.193387608
v -0.0932437947 -0.15502573 -0.188531366
v -0.0908840974 -0.186110488 -0.19911086
v -0.097606584 -0.156267222 -0.182857428
v -0.0954182545 -0.186687467 -0.193771953
v -0.141771696 0.0176630552 -0.184604701
v -0.138406292 0.00943370348 -0.15211633
v -0.135956288 0.0681493575 -0.186543068
v -0.137187916 0.0527333468 -0.146218628
v -0.122291557 0.014166043 -0.125923259
v -0.125053167 -0.0132195135 -0.129978141
v -0.104178353 -0.0327150635 -0.115773417
v -0.0996602233 -0.0498376629 -0.118036643
v -0.0576273454 -0.0678269642 -0.137346647
v -0.0649298933 -0.078736249 -0.135619716
v -0.0406582372 -0.0800292127 -0.162983081
v -0.0458063593 -0.0910201745 -0.162979999
v -0.0706546865 -0.075175128 -0.231737312
v -0.0906618741 -0.0434317136 -0.242762794
v -0.0835353172 -0.033240879 -0.255309627
v -0.100838531 0.00767440986 -0.261312431
v -0.113665224 -0.00996290936 -0.23985848
v -0.129994169 0.0547647946 -0.225343999
v -0.132540644 0.0149874371 -0.217933576
v -0.116052969 -0.114558894 -0.169465776
v -0.118200306 -0.114708379 -0.155955153
v -0.124129137 -0.0817126853 -0.172717757
v -0.125097242 -0.0807359506 -0.152794713
v -0.103625723 -0.117653685 -0.138028728
v -0.0886603232 -0.123113413 -0.129452942
v -0.110131534 -0.0900271045 -0.128542474
v -0.0945154915 -0.0947988956 -0.119897956
v -0.0551166226 -0.116842154 -0.160588556
v -0.0510743773 -0.110795892 -0.160374654
v -0.0690904933 -0.119065004 -0.136205018
v -0.0675901006 -0.106062628 -0.134074941
v -0.0756271259 -0.11669082 -0.207247747
v -0.0852289609 -0.116515446 -0.204029978
v -0.0729952744 -0.100951184 -0.214554918
v -0.0884445724 -0.0984182693 -0.210392777
v -0.102588578 -0.115796379 -0.193185727
v -0.106962463 -0.092471561 -0.201079124
v -0.11336194 -0.115317413 -0.181089813
v -0.119300018 -0.0856538359 -0.185675134
v -0.131840687 -0.0328568426 -0.153441348
v -0.134638667 -0.0297475654 -0.1772664
v -0.100421207 -0.0628323333 -0.118374447
v -0.120651851 -0.0461840773 -0.128848532
v -0.0473606897 -0.0953965253 -0.162174324
v -0.065028214 -0.0844826173 -0.136770901
v -0.0718918632 -0.0821087421 -0.225762556
v -0.0908159818 -0.0617964212 -0.230350651
v -0.108759667 -0.050345602 -0.222763312
v -0.122869461 -0.0351678418 -0.202740405
v -0.0430484478 -0.0833721171 -0.224712774
v -0.0402513928 -0.0859549623 -0.197429237
v -0.0481370844 -0.0901861436 -0.218803052
v -0.0468619972 -0.0912658222 -0.193255075
v -0.0512895117 -0.0951434804 -0.212654154
v -0.047933354 -0.0957987464 -0.190202202
v -0.0570389621 -0.10731799 -0.201439119
v -0.0511831774 -0.110430657 -0.185462157
v -0.0618070547 -0.117281053 -0.200769984
v -0.0552525456 -0.117084103 -0.18534072
v -0.0744327912 -0.186014941 -0.198562853
v -0.0737873881 -0.153745403 -0.188543078
v -0.0716002914 -0.186577126 -0.195460973
v -0.0708319104 -0.15548343 -0.184023407
v -0.107495368 -0.137463307 -0.169488584
v -0.109502775 -0.138568567 -0.158323481
v -0.10396476 -0.13939366 -0.150292312
v -0.0876278015 -0.140668747 -0.142156349
v -0.0730701708 -0.139446057 -0.150111389
v -0.0606749794 -0.139749341 -0.16456022
v -0.0769142335 -0.132514908 -0.198349568
v -0.0852289609 -0.132707851 -0.19589494
v -0.0983512324 -0.133593046 -0.188466024
v -0.105747786 -0.136069557 -0.179355176
v -0.0610698034 -0.136548215 -0.1840419
v -0.066537545 -0.132387924 -0.195954734
v -0.106693699 -0.220793353 -0.207865411
v -0.100706615 -0.219607032 -0.219702116
v -0.107504306 -0.23342063 -0.217222215
v -0.102389779 -0.233442205 -0.226431075
v -0.0980217501 -0.223437225 -0.183357662
v -0.105545289 -0.221899846 -0.194282974
v -0.10332737 -0.233420014 -0.189814467
v -0.107601085 -0.233389809 -0.201926408
v -0.0729151384 -0.223280035 -0.183480023
v -0.0857754268 -0.222901854 -0.17826995
v -0.0686161497 -0.233420014 -0.187604562
v -0.0857452217 -0.233420014 -0.182037267
v -0.0609616198 -0.221729711 -0.210752465
v -0.0648660927 -0.22191464 -0.19379137
v -0.0583146658 -0.233420014 -0.215929559
v -0.061764521 -0.233420014 -0.196090041
v -0.0902091057 -0.219099401 -0.224247061
v -0.0842312676 -0.219995691 -0.22231455
v -0.0909784114 -0.233430185 -0.23185166
v -0.0839785309 -0.233413233 -0.226708161
v -0.0781187394 -0.219204194 -0.226003272
v -0.0672609265 -0.219300665 -0.223521521
v -0.07673177 -0.233420322 -0.232826545
v -0.0643026749 -0.233420014 -0.228392866
v -0.101291916 -0.148491563 -0.172884194
v -0.102799397 -0.149612234 -0.165364046
v -0.0989408485 -0.150246542 -0.158231941
v -0.086794387 -0.149847711 -0.152693001
v -0.0761113323 -0.150905506 -0.15878303
v -0.0673111657 -0.150141132 -0.169517865
v -0.0790313652 -0.145205062 -0.192495016
v -0.0853029326 -0.145089173 -0.192359401
v -0.0948462067 -0.146005189 -0.187682232
v -0.100017753 -0.147001341 -0.181508677
v -0.068012664 -0.147515445 -0.183118178
v -0.071807104 -0.145724405 -0.188771466
v -0.103675654 -0.209005654 -0.199643456
v -0.0989876973 -0.208896546 -0.21144071
v -0.096779642 -0.212174108 -0.174188253
v -0.10330333 -0.210245913 -0.185597155
v -0.0746337476 -0.212276744 -0.174343285
v -0.0859048773 -0.21383354 -0.171461163
v -0.0645455487 -0.208324806 -0.205295511
v -0.0661593646 -0.209738898 -0.190360316
v -0.0897840766 -0.20947445 -0.217101394
v -0.084475066 -0.209556127 -0.217781317
v -0.0788291759 -0.209414964 -0.219018494
v -0.070207466 -0.209362567 -0.216438423
v -0.100961817 -0.198902661 -0.192708609
v -0.0970329951 -0.198710026 -0.202782014
v -0.0949590135 -0.204882656 -0.169960154
v -0.101875059 -0.200025489 -0.181553369
v -0.0761341403 -0.204775705 -0.170361759
v -0.0860327867 -0.206490924 -0.163208079
v -0.0685532738 -0.198205477 -0.200998988
v -0.0676215386 -0.199280533 -0.187202341
v -0.089847569 -0.198538658 -0.207823494
v -0.0843240404 -0.199149541 -0.20939755
v -0.0794107784 -0.199832855 -0.208773722
v -0.0718712128 -0.199140911 -0.205882353
v -0.0672720223 -0.021831977 -0.274345628
v -0.0250076746 0.170370235 0.230166029
v -0.015178993 0.165333995 0.229788157
v -0.00966779309 0.16019327 0.239503416
v -0.00469011405 0.166490419 0.488387059
v -0.00221976746 0.170087909 0.488441614
v -0.00221976746 0.162893237 0.488441305
v -0.0087785916 0.179887618 0.223522754
v -0.0187561412 0.174657819 0.223522754
v -0.00836065149 0.176192732 0.250555096
v -0.0120959142 0.166490419 0.250555096
v -0.00897276732 0.159082769 0.250555096
v -0.0090464308 0.166490419 0.38645498
v -0.00592297573 0.173423108 0.38645498
v -0.00952293184 0.166490419 0.359395207
v -0.00639978499 0.173784953 0.359395207
v -0.00592297573 0.159557729 0.38645498
v -0.00639978499 0.159195884 0.359395207
v -0.00688645714 0.166490419 0.46827477
v -0.00376331028 0.171556556 0.46827662
v -0.00783730171 0.166490419 0.444712318
v -0.00471415485 0.172429114 0.444712318
v -0.00376331028 0.161424282 0.46827662
v -0.00471415485 0.160551724 0.444712318
v -0.010238608 0.166490419 0.331526061
v -0.0071154612 0.174194571 0.331526061
v -0.0104719271 0.166490419 0.305532405
v -0.00734878027 0.174286728 0.305532405
v -0.0071154612 0.158785958 0.331526061
v -0.00734878027 0.15869411 0.305532405
v -0.00880756385 0.166490419 0.415889861
v -0.005684417 0.172925957 0.415889861
v -0.005684417 0.160054881 0.415889861
v -0.0108476417 0.166490419 0.28090476
v -0.00772449487 0.174484294 0.28090476
v -0.00692899087 0.158496544 0.28090476
v -2.18832948e-05 -0.0941131163 -0.386430323
v -0.00876133154 -0.0507786446 -0.367389699
v -0.0054745223 -0.0865174555 -0.359506165
v -0.0138314752 -0.0416733447 -0.328616507
v -0.00877705053 -0.0832414338 -0.323487803
v -0.0140882187 -0.0463646916 -0.303451643
v -0.0125338883 -0.0897213548 -0.304259784
v -0.0166464066 -0.0558432404 -0.2849618
v -0.0133469606 -0.0938514414 -0.284157049
v -0.0205548864 -0.0666517388 -0.270259924
v -0.0138256191 -0.0998551696 -0.269460413
v -0.0247475407 -0.0782061184 -0.250990913
v -0.0124586837 -0.105966157 -0.250439823
v -0.0233137226 -0.0908981212 -0.226666243
v -0.0123070417 -0.1176167 -0.227586883
v -0.0124038214 -0.125948379 -0.205915024
v -0.0278836327 -0.0950966317 -0.162436615
v -0.0120043742 -0.133798626 -0.161358478
v -0.0376953623 -0.0808832776 -0.135287768
v -0.0134973697 -0.127516271 -0.130071839
v -0.0135642524 -0.117458893 -0.105634671
v -0.0446209628 -0.0725442012 -0.113920118
v -0.0503355849 -0.0667996822 -0.0828144013
v -0.0152276911 -0.110416479 -0.0842414387
v -0.0533428428 -0.0689963335 -0.0530115112
v -0.0022425754 -0.0942425668 -0.00322516616
v -0.013804044 -0.107392578 -0.0546638541
v 4.31501589e-06 -0.0995219887 -0.385344788
v 4.31501589e-06 -0.0978832073 -0.357295644
v 0 -0.0450680293 -0.327891893
v 4.31501589e-06 -0.0972809544 -0.323817593
v 4.31501589e-06 -0.0995562006 -0.304084717
v 4.31501589e-06 -0.104694768 -0.287461119
v 4.31501589e-06 -0.110154496 -0.271417581
v 4.31501589e-06 -0.118067927 -0.253596258
v 4.31501589e-06 -0.128767934 -0.229419532
v 4.31501589e-06 -0.13422797 -0.210019529
v 4.31501589e-06 -0.143560116 -0.159708909
v 4.31501589e-06 -0.135847025 -0.130207454
v 4.31501589e-06 -0.127602263 -0.105002829
v 4.31501589e-06 -0.119935096 -0.0859877873
v 0 -0.0778165342 -0.0558748325
v 4.31501589e-06 -0.116332058 -0.0562992451
v 4.31501589e-06 -0.104549907 -0.00100324119
v -0.00010633432 0.179934467 0.408467109
v -0.00010633432 0.176780191 0.366447484
v -0.00873821538 0.177055119 0.407623215
v -0.00659211141 0.173861391 0.366512518
v -0.00987275635 0.166389941 0.366347006
v -0.0132742217 0.169025799 0.408467109
v -0.00869537344 0.175955714 0.408467109
v -0.00652954368 0.173865706 0.366539641
v -0.0115454414 0.166614013 0.407623215
v -0.00988138638 0.166394256 0.366370739
v -0.00590263352 0.159059653 0.366927992
v -0.00869537344 0.157843435 0.408467109
v -0.00010633432 0.182410978 0.435972561
v -0.00010633432 0.176453174 0.394370569
v -0.00989433143 0.178522841 0.435128668
v -0.00596119445 0.173436362 0.394126154
v -0.0090482801 0.16648672 0.394152044
v -0.0144303378 0.169380555 0.435972561
v -0.00985148948 0.177271178 0.435972561
v -0.00518942303 0.173489066 0.394459026
v -0.0127015575 0.166634664 0.435128668
v -0.00918728525 0.166555452 0.3945293
v -0.0058582505 0.159279103 0.39440663
v -0.00985148948 0.156648176 0.435972561
v -0.000124210814 0.18252286 0.449144764
v -0.000108183613 0.175696505 0.415897875
v -0.00961416361 0.178480615 0.448392718
v -0.0057263343 0.172993148 0.415921299
v -0.00878598877 0.166487337 0.416003284
v -0.0134539113 0.168827925 0.449144764
v -0.0114387989 0.177706686 0.449144764
v -0.00577349125 0.172946299 0.415888936
v -0.0134021311 0.166668567 0.44839241
v -0.00860321703 0.166573021 0.416072941
v -0.006208075 0.160069367 0.416003284
v -0.0114387989 0.15630544 0.449144764
v -0.000124210814 0.18240204 0.462326829
v -0.000108183613 0.175696813 0.42907994
v -0.00834246678 0.178604826 0.461574784
v -0.0057263343 0.172993148 0.429103364
v -0.00878598877 0.166487337 0.42918535
v -0.0121822145 0.168852274 0.462326829
v -0.0101671021 0.177822883 0.462326829
v -0.00577349125 0.172946299 0.429071002
v -0.0121304343 0.166670417 0.461574784
v -0.00860321703 0.166573021 0.429255006
v -0.006208075 0.160069367 0.42918535
v -0.0101671021 0.156200339 0.462326829
v -0.00905136225 0.177625317 0.473736039
v -0.00469196334 0.172761986 0.444814337
v -0.0109774004 0.166681512 0.473048719
v -0.00827712511 0.166582267 0.444655606
v -0.00490463198 0.160260461 0.444789988
v -0.00905136225 0.156407151 0.473736039
v -0.000114656136 0.181079796 0.473736348
v -0.000107567182 0.174945076 0.444617696
v -0.00795750572 0.177240048 0.473049027
v -0.00476963363 0.172474421 0.444655914
v -0.0066318712 0.165369131 0.444789988
v -0.0113272249 0.166910208 0.473736348
v -0.008342775 0.176216465 0.483944134
v -0.00469196334 0.172761986 0.455022124
v -0.0102685049 0.166654698 0.483256814
v -0.00827712511 0.166582267 0.454863701
v -0.00490463198 0.160260461 0.454997775
v -0.008342775 0.157677924 0.483944134
v -0.000114656136 0.179314954 0.483944134
v -0.000107567182 0.174945076 0.45482579
v -0.00724891847 0.175879893 0.483256814
v -0.00476963363 0.172474421 0.454863701
v -0.0066318712 0.165369131 0.454998083
v -0.0106183294 0.166854421 0.483944134
v -0.0068057047 0.174938912 0.492393243
v -0.0036218394 0.171513714 0.468493603
v -0.00857917623 0.166685519 0.491775272
v -0.00716230994 0.166608157 0.468430111
v -0.00391680156 0.16148161 0.468486206
v -0.0068057047 0.158145795 0.492393243
v -0.000114964352 0.177359636 0.492393243
v -0.000108183613 0.173679543 0.468206038
v -0.00573681362 0.174417719 0.491775272
v -0.00371707797 0.171524193 0.468430111
v -0.00680293076 0.166469152 0.468486206
v -0.00843123282 0.168362827 0.492393243
v -0.0001319162 0.173030442 0.4968636
v -0.00010633432 0.17155933 0.48816761
v -0.00412669626 0.170682765 0.496567713
v -0.00239699132 0.170080512 0.488145727
v -0.00468857297 0.166481172 0.488117679
v -0.0063979357 0.167541742 0.4968636
v -0.00444908959 0.170287941 0.496676205
v -0.000809373694 0.168889568 0.488326957
v -0.00543383786 0.166777367 0.496567713
v -0.00470552482 0.166516925 0.488117063
v -0.00232332784 0.162900326 0.488167918
v -0.00444908959 0.162567761 0.4968636
v -0.00659211141 0.159069208 0.366512518
v -0.00010633432 0.156150408 0.366447484
v -0.00873821538 0.15587548 0.407623215
v -0.00010633432 0.152996131 0.408467109
v -0.0132742217 0.1639048 0.408467109
v -0.00987275635 0.16654035 0.366347006
v -0.00596119445 0.159494237 0.394125846
v -0.00010633432 0.156477116 0.394370569
v -0.00989463964 0.154407758 0.435128668
v -0.00010633432 0.15051962 0.435972561
v -0.0144303378 0.163550044 0.435972561
v -0.0090482801 0.166443878 0.394152044
v -0.0057263343 0.159937451 0.415921299
v -0.000108183613 0.157233785 0.415897875
v -0.00961416361 0.154449675 0.44839241
v -0.000124210814 0.150407738 0.449144764
v -0.0134539113 0.164102674 0.449144764
v -0.00878598877 0.166443262 0.416003284
v -0.0057263343 0.159937451 0.429103056
v -0.000108183613 0.157233785 0.42907994
v -0.00834246678 0.154325464 0.461574784
v -0.000124210814 0.15052825 0.462326829
v -0.0121822145 0.164078325 0.462326829
v -0.00878598877 0.166443262 0.42918535
v -0.00476963363 0.160455869 0.444655914
v -0.000107567182 0.157985523 0.444617696
v -0.00795750572 0.15569055 0.473049027
v -0.000114656136 0.151850803 0.473736348
v -0.0113272249 0.16602039 0.473736348
v -0.0066318712 0.167561467 0.444789988
v -0.00476963363 0.160455869 0.454863701
v -0.000107567182 0.157985523 0.45482579
v -0.00724891847 0.157050705 0.483256814
v -0.000114656136 0.153615336 0.483944134
v -0.0106186377 0.166076177 0.483944134
v -0.0066318712 0.167561467 0.454997775
v -0.00371707797 0.161406405 0.468430111
v -0.000108183613 0.159251055 0.468206038
v -0.00573712184 0.158512571 0.491775272
v -0.000114964352 0.155570963 0.492393243
v -0.00843123282 0.164567771 0.492393243
v -0.00680293076 0.166461447 0.468486206
v -0.00239699132 0.162850086 0.488145727
v -0.00010633432 0.161370961 0.48816761
v -0.00412669626 0.162247525 0.496567713
v -0.0001319162 0.159900157 0.4968636
v -0.0063979357 0.165388857 0.4968636
v -0.00468857297 0.166449426 0.488117679
v -0.051587556 0.0560281697 -0.422184853
v -0.0553320651 0.049186712 -0.41972252
v -0.0534716769 0.0570865814 -0.418713114
v -0.0502086002 0.0531368008 -0.424726089
v -0.0497037433 0.049186712 -0.425656283
v -0.0502086002 0.0452366231 -0.424726089
v -0.051587556 0.0423452543 -0.422184853
v -0.0534716769 0.0412868425 -0.418713114
v -0.0553557977 0.0423452543 -0.415241068
v -0.0567347535 0.0452366231 -0.412699831
v -0.0572396104 0.049186712 -0.411769637
v -0.0567347535 0.0531368008 -0.412699831
v -0.0553557977 0.0560281697 -0.415241068
v -0.0492321737 0.0625660352 -0.416412286
v -0.0460415277 0.0607734543 -0.422291804
v -0.043705563 0.0558762195 -0.426596032
v -0.0428505735 0.049186712 -0.428171629
v -0.043705563 0.0424972045 -0.426596032
v -0.0460415277 0.0375999697 -0.422291804
v -0.0492321737 0.035807697 -0.416412286
v -0.0524228198 0.0375999697 -0.410532769
v -0.0547584762 0.0424972045 -0.406228541
v -0.0556134658 0.049186712 -0.404652943
v -0.0547584762 0.0558762195 -0.406228541
v -0.0524228198 0.0607734543 -0.410532769
v -0.0416642523 0.0641129683 -0.412305316
v -0.0381046724 0.0621132667 -0.418865065
v -0.035498711 0.0566498402 -0.423667061
v -0.0345447843 0.049186712 -0.425424505
v -0.035498711 0.0417235838 -0.423667061
v -0.0381046724 0.0362601572 -0.418865065
v -0.0416642523 0.0342604556 -0.412305316
v -0.0452241404 0.0362601572 -0.405745875
v -0.0478297936 0.0417235838 -0.400943879
v -0.0487837203 0.049186712 -0.399186435
v -0.0478297936 0.0566498402 -0.400943879
v -0.0452241404 0.0621132667 -0.405745875
v -0.0769524522 0.129267242 -0.446648835
v -0.0798006709 0.128525368 -0.440988151
v -0.0796690629 0.127223774 -0.441241812
v -0.0800944002 0.126222999 -0.442044405
v -0.0809022328 0.125920948 -0.443095728
v -0.0818879058 0.126374024 -0.443845924
v -0.0826960466 0.127433053 -0.444022532
v -0.0829367628 0.128736496 -0.443623085
v -0.0825576579 0.12975638 -0.442726178
v -0.0816561278 0.130087404 -0.441742354
v -0.0805536412 0.129608745 -0.441157669
v -0.0864855552 0.120292318 -0.426568601
v -0.0875547545 0.123212042 -0.426020594
v -0.0856487503 0.11659065 -0.419983578
v -0.0874363997 0.120166258 -0.418865373
v -0.0869426386 0.117971764 -0.428619466
v -0.086306482 0.112954941 -0.421876021
v -0.0886831311 0.117209547 -0.431260564
v -0.0891583993 0.110648257 -0.423819319
v -0.0909204669 0.118205083 -0.433392798
v -0.0931149607 0.110551169 -0.425071598
v -0.0928079781 0.120496973 -0.43426289
v -0.0966649859 0.112700972 -0.4251542
v -0.0937058096 0.123231768 -0.433633206
v -0.0984523271 0.116276887 -0.424035995
v -0.0933307114 0.125427803 -0.431758024
v -0.0977945954 0.119912288 -0.422143552
v -0.0918041205 0.126299744 -0.429296615
v -0.0949426781 0.12221928 -0.420200254
v -0.0896194896 0.125491912 -0.427110135
v -0.090986425 0.122316368 -0.418947974
v -0.0830095017 0.113623769 -0.413770264
v -0.0862112435 0.116079938 -0.410610439
v -0.0824322142 0.109641317 -0.41696954
v -0.0846664678 0.105602463 -0.419091603
v -0.0888967244 0.102910201 -0.419289169
v -0.0935911535 0.10255452 -0.417398267
v -0.0969772081 0.104788466 -0.414104677
v -0.0976759324 0.108869546 -0.410723862
v -0.0953436664 0.113191651 -0.408627381
v -0.0909210833 0.115960042 -0.408616902
v -0.0785921583 0.110346206 -0.40743243
v -0.0827900523 0.111855845 -0.403327309
v -0.074748712 0.110134462 -0.402443655
v -0.0795248181 0.108899443 -0.397374128
v -0.0770270404 0.106249715 -0.411700905
v -0.0710911196 0.10714169 -0.407474655
v -0.0784639406 0.101117312 -0.414467755
v -0.0699491814 0.10106399 -0.410545714
v -0.0827244024 0.0969181848 -0.414903264
v -0.0717590224 0.094222841 -0.410483454
v -0.088329608 0.0958748756 -0.413208079
v -0.0747961771 0.0904243941 -0.40786424
v -0.0934506072 0.0980357739 -0.409683944
v -0.0784235644 0.0892408469 -0.402128043
v -0.0950983269 0.102288222 -0.405641082
v -0.0820811568 0.0922339269 -0.397097042
v -0.0928440393 0.10699313 -0.402466155
v -0.083223095 0.0983116267 -0.394025984
v -0.0878965654 0.110608497 -0.401452743
v -0.0825622811 0.105100996 -0.394754605
v -0.105811278 0.097170305 -0.358699565
v -0.11136193 0.0943171549 -0.357688002
v -0.109707121 0.101920213 -0.348159214
v -0.114944626 0.100588414 -0.347137172
v -0.0819538639 0.0797838732 -0.365123083
v -0.0879344759 0.0729078954 -0.364571685
v -0.08625501 0.082582161 -0.366235432
v -0.094128373 0.0777314667 -0.364875894
v -0.0902574955 0.0833909182 -0.359782326
v -0.088064851 0.0843331328 -0.35153294
v -0.0961746151 0.092415774 -0.358455459
v -0.0946631267 0.0938477428 -0.350897092
v -0.0861283335 0.0775671879 -0.336461514
v -0.0830172071 0.0750136231 -0.337484173
v -0.0807025092 0.0842428257 -0.339441649
v -0.0770575537 0.081702206 -0.34064708
v -0.0745536116 0.0867575553 -0.355820217
v -0.0767108113 0.0851261711 -0.360726698
v -0.0773629952 0.0895364255 -0.355386558
v -0.0799199503 0.0882154142 -0.360891901
v -0.0958870501 0.10073944 -0.352267726
v -0.0955742115 0.0971850994 -0.358130291
v -0.076508622 0.0881417507 -0.34772648
v -0.0743871753 0.085955887 -0.348358013
v -0.0797208431 0.073971855 -0.353234906
v -0.0831025827 0.0735582299 -0.358580902
v -0.110268382 0.0938005859 -0.35607357
v -0.111978669 0.0984361458 -0.347721548
v -0.0942347073 0.0784631701 -0.362542395
v -0.0849697517 0.0719681466 -0.361166213
v -0.0823825915 0.0737351456 -0.341504227
v -0.0889531278 0.0796636692 -0.338603612
v -0.0880870425 0.0835912583 -0.342709657
v -0.0809980878 0.0743750008 -0.346235334
v -0.0940204976 0.0924629309 -0.341960386
v -0.107331705 0.0952402601 -0.340774065
v -0.108244331 0.0961482627 -0.338469846
v -0.102490874 0.0986734717 -0.340896426
v -0.0932515001 0.0974107131 -0.345228086
v -0.0956860937 0.0856165418 -0.334821192
v -0.0960618083 0.0867979315 -0.337440715
v -0.103626339 0.0965745246 -0.3442982
v -0.107404444 0.0982925174 -0.348667153
v -0.104365748 0.0960776814 -0.35345343
v -0.101574241 0.0858646552 -0.361412786
v -0.102325978 0.084593883 -0.363899159
v -0.0938149179 0.0888127357 -0.365092878
v -0.0831562122 0.0913314721 -0.361058954
v -0.0811423326 0.093291414 -0.355036117
v -0.0801452558 0.0918890338 -0.346643103
v -0.0886473781 0.0904259352 -0.338202931
v -0.0815581153 0.0700051225 -0.359479658
v -0.0791450967 0.0711196295 -0.344961171
v -0.0796823162 0.069007121 -0.353055524
usemtl AgenticSimDefault
f 1 2 3
f 3 2 4
f 5 6 7
f 8 7 6
f 9 10 11
f 12 11 10
f 13 14 15
f 16 15 14
f 15 16 17
f 18 17 16
f 19 20 21
f 22 21 20
f 23 24 25
f 26 25 24
f 27 28 29
f 30 29 28
f 31 32 33
f 34 33 32
f 35 36 37
f 38 37 36
f 39 40 41
f 42 41 40
f 43 44 45
f 46 45 44
f 47 8 48
f 6 48 8
f 49 50 51
f 52 51 50
f 53 54 55
f 56 55 54
f 57 58 59
f 60 59 58
f 61 62 63
f 64 63 62
f 65 66 67
f 68 67 66
f 69 70 71
f 72 71 70
f 35 10 73
f 74 73 10
f 19 75 20
f 76 20 75
f 77 78 79
f 80 79 78
f 81 82 37
f 12 37 82
f 83 84 85
f 85 84 86
f 84 87 86
f 88 89 63
f 61 63 89
f 90 91 92
f 93 92 91
f 28 24 30
f 23 30 24
f 49 30 48
f 23 48 30
f 94 50 5
f 6 5 50
f 65 54 42
f 95 42 54
f 66 40 89
f 83 89 40
f 59 62 96
f 64 62 60
f 59 60 62
f 97 93 98
f 82 34 99
f 100 99 34
f 101 20 102
f 76 102 20
f 100 103 1
f 2 1 103
f 104 5 105
f 7 105 5
f 70 69 78
f 80 78 69
f 50 94 52
f 106 52 94
f 9 69 107
f 71 107 69
f 11 99 80
f 79 80 99
f 53 94 104
f 5 104 94
f 3 77 1
f 79 1 77
f 91 108 93
f 98 93 108
f 12 10 37
f 35 37 10
f 109 41 95
f 42 95 41
f 54 65 56
f 67 56 65
f 36 35 110
f 73 110 35
f 97 81 38
f 37 38 81
f 40 66 42
f 65 42 66
f 82 81 34
f 33 34 81
f 69 9 80
f 11 80 9
f 94 53 106
f 55 106 53
f 1 79 100
f 99 100 79
f 34 32 100
f 103 100 32
f 95 104 109
f 105 109 104
f 10 9 74
f 107 74 9
f 12 82 11
f 99 11 82
f 54 53 95
f 104 95 53
f 111 27 112
f 29 112 27
f 113 112 51
f 29 51 112
f 71 72 106
f 52 106 72
f 107 71 55
f 106 55 71
f 74 107 56
f 55 56 107
f 73 74 67
f 56 67 74
f 73 67 110
f 68 110 67
f 60 58 13
f 14 13 58
f 40 39 83
f 84 83 39
f 68 66 88
f 89 88 66
f 18 90 17
f 92 17 90
f 85 61 83
f 89 83 61
f 114 115 46
f 45 46 115
f 25 47 23
f 48 23 47
f 30 49 29
f 51 29 49
f 50 49 6
f 48 6 49
f 72 113 52
f 51 52 113
f 116 117 118
f 119 118 117
f 120 121 122
f 123 122 121
f 124 125 126
f 127 126 125
f 128 129 130
f 131 130 129
f 132 133 134
f 135 134 133
f 136 137 138
f 139 138 137
f 140 141 142
f 143 142 141
f 119 117 144
f 145 146 147
f 148 147 146
f 149 150 151
f 152 151 150
f 153 154 155
f 156 155 154
f 157 158 159
f 160 159 158
f 161 162 163
f 164 163 162
f 165 166 167
f 168 167 166
f 169 170 171
f 172 171 170
f 173 174 175
f 176 175 174
f 177 178 179
f 180 179 178
f 181 182 183
f 184 183 182
f 185 186 187
f 188 187 186
f 120 189 121
f 190 121 189
f 191 192 193
f 194 193 192
f 195 196 197
f 198 197 196
f 199 200 201
f 202 201 200
f 203 199 201
f 184 182 204
f 205 204 182
f 206 207 202
f 201 202 207
f 188 186 208
f 209 208 186
f 210 211 212
f 213 212 211
f 143 214 142
f 215 142 214
f 160 216 217
f 159 160 218
f 217 218 160
f 157 159 219
f 220 219 159
f 221 222 223
f 224 223 222
f 214 225 215
f 226 215 225
f 216 227 217
f 228 217 227
f 217 228 218
f 229 218 228
f 220 230 219
f 231 219 230
f 224 232 223
f 233 223 232
f 234 235 124
f 125 124 235
f 236 181 237
f 183 237 181
f 188 238 187
f 239 187 238
f 238 188 240
f 208 240 188
f 241 211 242
f 210 242 211
f 139 24 138
f 28 138 24
f 243 244 245
f 246 245 244
f 27 247 154
f 156 154 247
f 248 249 250
f 251 250 249
f 252 253 254
f 255 254 253
f 256 257 252
f 253 252 257
f 258 162 259
f 161 259 162
f 260 165 261
f 167 261 165
f 183 262 237
f 263 237 262
f 262 183 264
f 184 264 183
f 265 266 267
f 268 267 266
f 269 270 271
f 272 271 270
f 273 274 275
f 276 275 274
f 277 252 278
f 254 278 252
f 119 279 118
f 280 118 279
f 281 279 144
f 119 144 279
f 164 269 163
f 271 163 269
f 166 273 168
f 275 168 273
f 181 236 277
f 282 277 236
f 277 278 181
f 182 181 278
f 283 280 284
f 279 284 280
f 279 281 284
f 285 284 281
f 270 243 272
f 245 272 243
f 249 276 251
f 274 251 276
f 127 137 126
f 136 126 137
f 145 153 146
f 155 146 153
f 255 116 254
f 118 254 116
f 278 254 280
f 118 280 254
f 182 278 283
f 280 283 278
f 194 202 193
f 200 193 202
f 195 122 196
f 123 196 122
f 286 287 288
f 289 288 287
f 290 291 292
f 293 292 291
f 294 295 296
f 297 296 295
f 295 294 298
f 299 298 294
f 185 300 186
f 301 186 300
f 186 302 209
f 303 209 302
f 212 213 304
f 305 304 213
f 225 190 226
f 189 226 190
f 227 203 228
f 201 228 203
f 228 201 229
f 207 229 201
f 230 171 231
f 172 231 171
f 175 233 173
f 232 173 233
f 306 307 128
f 129 128 307
f 308 127 309
f 125 309 127
f 310 221 311
f 223 311 221
f 134 312 132
f 313 132 312
f 314 139 315
f 137 315 139
f 316 143 317
f 141 317 143
f 318 164 319
f 162 319 164
f 320 196 321
f 123 321 196
f 210 322 242
f 323 242 322
f 324 121 325
f 190 325 121
f 326 212 327
f 304 327 212
f 328 214 316
f 143 316 214
f 311 223 329
f 233 329 223
f 330 225 328
f 214 328 225
f 329 233 331
f 175 331 233
f 332 309 235
f 125 235 309
f 322 210 326
f 212 326 210
f 333 244 334
f 243 334 244
f 139 314 24
f 26 24 314
f 335 319 258
f 162 258 319
f 336 198 320
f 196 320 198
f 337 270 338
f 269 338 270
f 338 269 318
f 164 318 269
f 334 243 337
f 270 337 243
f 315 137 308
f 127 308 137
f 321 123 324
f 121 324 123
f 339 287 340
f 286 340 287
f 325 190 330
f 225 330 190
f 331 175 341
f 176 341 175
f 333 306 244
f 128 244 306
f 244 128 246
f 130 246 128
f 250 342 248
f 343 248 342
f 177 253 344
f 257 344 253
f 253 177 255
f 179 255 177
f 117 247 111
f 27 111 247
f 168 275 236
f 282 236 275
f 167 168 237
f 236 237 168
f 261 167 263
f 237 263 167
f 293 291 297
f 296 297 291
f 238 150 239
f 149 239 150
f 152 150 240
f 238 240 150
f 134 135 242
f 241 242 135
f 312 134 323
f 242 323 134
f 283 345 182
f 205 182 345
f 345 346 205
f 170 205 346
f 172 170 347
f 346 347 170
f 102 76 348
f 349 348 76
f 349 76 350
f 75 350 76
f 266 351 192
f 194 192 351
f 194 351 202
f 206 202 351
f 310 317 221
f 141 221 317
f 222 221 140
f 141 140 221
f 220 159 218
f 230 220 229
f 218 229 220
f 230 229 207
f 205 170 352
f 169 352 170
f 352 353 205
f 204 205 353
f 353 265 204
f 184 204 265
f 265 267 184
f 264 184 267
f 299 300 298
f 185 298 300
f 185 187 298
f 295 298 187
f 295 187 297
f 239 297 187
f 293 297 149
f 239 149 297
f 292 293 151
f 149 151 293
f 286 288 132
f 133 132 288
f 340 286 313
f 132 313 286
f 152 135 151
f 133 151 135
f 145 126 153
f 136 153 126
f 157 222 158
f 140 158 222
f 157 219 222
f 224 222 219
f 126 145 124
f 147 124 145
f 131 354 130
f 342 130 354
f 163 166 161
f 165 161 166
f 174 347 348
f 285 348 347
f 199 120 200
f 122 200 120
f 160 142 216
f 215 216 142
f 135 152 241
f 240 241 152
f 213 209 305
f 303 305 209
f 216 215 227
f 226 227 215
f 224 219 232
f 231 232 219
f 227 226 203
f 189 203 226
f 172 173 231
f 232 231 173
f 124 147 234
f 355 234 147
f 211 208 213
f 209 213 208
f 246 250 245
f 251 245 250
f 259 161 260
f 165 260 161
f 197 191 195
f 193 195 191
f 272 274 271
f 273 271 274
f 271 273 163
f 166 163 273
f 245 251 272
f 274 272 251
f 153 136 154
f 138 154 136
f 200 122 193
f 195 193 122
f 290 292 289
f 288 289 292
f 203 189 199
f 120 199 189
f 173 172 174
f 347 174 172
f 130 342 246
f 250 246 342
f 28 27 138
f 154 138 27
f 241 240 211
f 208 211 240
f 158 140 160
f 142 160 140
f 151 133 292
f 288 292 133
f 275 276 356
f 357 356 276
f 282 275 358
f 356 358 275
f 277 282 359
f 358 359 282
f 252 277 360
f 359 360 277
f 361 256 360
f 252 360 256
f 276 249 357
f 362 357 249
f 356 357 363
f 358 356 363
f 359 358 363
f 360 359 363
f 361 360 363
f 357 362 363
f 307 332 129
f 235 129 332
f 129 235 131
f 234 131 235
f 131 234 354
f 355 354 234
f 248 343 257
f 344 257 343
f 256 249 257
f 248 257 249
f 249 256 362
f 361 362 256
f 362 361 363
f 339 335 287
f 258 287 335
f 287 258 289
f 259 289 258
f 289 259 290
f 260 290 259
f 290 260 291
f 261 291 260
f 291 261 296
f 263 296 261
f 296 263 294
f 262 294 263
f 294 262 299
f 264 299 262
f 300 299 267
f 264 267 299
f 301 300 268
f 267 268 300
f 198 336 304
f 327 304 336
f 305 197 304
f 198 304 197
f 197 305 191
f 303 191 305
f 303 302 191
f 192 191 364
f 191 302 364
f 365 366 367
f 368 365 367
f 369 368 367
f 370 369 367
f 371 370 367
f 372 371 367
f 373 372 367
f 374 373 367
f 375 374 367
f 366 375 367
f 376 377 378
f 379 378 377
f 378 379 380
f 381 380 379
f 380 381 382
f 383 382 381
f 382 383 384
f 385 384 383
f 384 385 386
f 387 386 385
f 386 387 388
f 389 388 387
f 388 389 390
f 391 390 389
f 390 391 392
f 393 392 391
f 392 393 394
f 395 394 393
f 394 395 376
f 377 376 395
f 396 376 397
f 378 397 376
f 397 378 398
f 380 398 378
f 398 380 399
f 382 399 380
f 399 382 400
f 384 400 382
f 400 384 401
f 386 401 384
f 401 386 402
f 388 402 386
f 402 388 403
f 390 403 388
f 403 390 404
f 392 404 390
f 404 392 405
f 394 405 392
f 405 394 396
f 376 396 394
f 406 407 408
f 409 408 407
f 408 409 410
f 411 410 409
f 410 411 412
f 413 412 411
f 412 413 414
f 415 414 413
f 414 415 416
f 417 416 415
f 416 417 418
f 419 418 417
f 418 419 420
f 421 420 419
f 420 421 422
f 423 422 421
f 422 423 424
f 425 424 423
f 424 425 406
f 407 406 425
f 426 406 427
f 408 427 406
f 427 408 428
f 410 428 408
f 428 410 429
f 412 429 410
f 429 412 430
f 414 430 412
f 430 414 431
f 416 431 414
f 431 416 432
f 418 432 416
f 432 418 433
f 420 433 418
f 433 420 434
f 422 434 420
f 434 422 435
f 424 435 422
f 435 424 426
f 406 426 424
f 407 396 409
f 397 409 396
f 409 397 411
f 398 411 397
f 411 398 413
f 399 413 398
f 413 399 415
f 400 415 399
f 415 400 417
f 401 417 400
f 417 401 419
f 402 419 401
f 419 402 421
f 403 421 402
f 421 403 423
f 404 423 403
f 423 404 425
f 405 425 404
f 425 405 407
f 396 407 405
f 377 366 379
f 365 379 366
f 379 365 381
f 368 381 365
f 381 368 383
f 369 383 368
f 383 369 385
f 370 385 369
f 385 370 387
f 371 387 370
f 387 371 389
f 372 389 371
f 389 372 391
f 373 391 372
f 391 373 393
f 374 393 373
f 393 374 395
f 375 395 374
f 395 375 377
f 366 377 375
f 431 343 430
f 342 430 343
f 343 431 344
f 432 344 431
f 433 177 432
f 344 432 177
f 429 430 354
f 342 354 430
f 428 429 355
f 354 355 429
f 427 428 147
f 355 147 428
f 436 437 438
f 439 438 437
f 440 441 442
f 443 442 441
f 444 445 446
f 447 446 445
f 448 449 450
f 451 450 449
f 452 453 454
f 455 454 453
f 439 456 438
f 457 438 456
f 453 452 443
f 442 443 452
f 458 448 459
f 450 459 448
f 460 447 461
f 445 461 447
f 462 463 436
f 437 436 463
f 464 441 465
f 440 465 441
f 451 449 466
f 467 466 449
f 468 461 469
f 445 469 461
f 469 445 470
f 444 470 445
f 471 472 436
f 462 436 472
f 471 436 473
f 438 473 436
f 473 438 474
f 457 474 438
f 458 459 455
f 454 455 459
f 472 471 475
f 476 475 471
f 477 478 444
f 470 444 478
f 477 444 479
f 446 479 444
f 480 437 481
f 463 481 437
f 437 480 439
f 482 439 480
f 439 482 456
f 483 456 482
f 457 456 484
f 483 484 456
f 457 484 474
f 485 474 484
f 473 474 486
f 485 486 474
f 471 473 476
f 486 476 473
f 487 441 488
f 464 488 441
f 449 489 467
f 490 467 489
f 489 449 491
f 448 491 449
f 487 488 492
f 493 492 488
f 494 443 487
f 441 487 443
f 495 453 494
f 443 494 453
f 491 448 496
f 458 496 448
f 496 458 497
f 455 497 458
f 489 492 490
f 493 490 492
f 497 455 495
f 453 495 455
f 440 480 465
f 481 465 480
f 480 440 482
f 442 482 440
f 482 442 483
f 452 483 442
f 483 452 484
f 454 484 452
f 484 454 485
f 459 485 454
f 486 485 450
f 459 450 485
f 476 486 451
f 450 451 486
f 475 476 466
f 451 466 476
f 477 462 478
f 472 478 462
f 478 472 470
f 475 470 472
f 470 475 469
f 466 469 475
f 468 469 467
f 466 467 469
f 468 467 490
f 461 468 493
f 490 493 468
f 461 493 460
f 488 460 493
f 460 488 464
f 460 464 447
f 465 447 464
f 446 447 481
f 465 481 447
f 479 446 463
f 481 463 446
f 477 479 462
f 463 462 479
f 494 487 179
f 255 179 487
f 492 116 487
f 255 487 116
f 146 498 148
f 499 148 498
f 177 433 178
f 434 178 433
f 494 179 495
f 180 495 179
f 178 499 180
f 498 180 499
f 499 178 435
f 434 435 178
f 148 499 426
f 435 426 499
f 426 427 148
f 147 148 427
f 247 117 500
f 116 500 117
f 156 247 501
f 500 501 247
f 500 116 489
f 492 489 116
f 155 156 502
f 501 502 156
f 500 489 501
f 491 501 489
f 155 502 146
f 498 146 502
f 180 498 503
f 502 503 498
f 491 496 501
f 502 501 496
f 502 496 503
f 497 503 496
f 497 495 503
f 180 503 495
f 504 505 506
f 507 506 505
f 508 509 510
f 511 510 509
f 512 508 513
f 510 513 508
f 514 515 516
f 517 516 515
f 518 519 520
f 521 520 519
f 505 519 507
f 518 507 519
f 522 523 524
f 525 524 523
f 526 527 528
f 529 528 527
f 530 526 531
f 528 531 526
f 532 533 534
f 535 534 533
f 536 537 538
f 539 538 537
f 523 537 525
f 536 525 537
f 523 522 540
f 541 540 522
f 527 526 542
f 543 542 526
f 530 544 526
f 543 526 544
f 535 533 545
f 546 545 533
f 537 547 539
f 548 539 547
f 523 540 537
f 547 537 540
f 549 550 504
f 505 504 550
f 508 551 509
f 552 509 551
f 551 508 553
f 512 553 508
f 514 554 515
f 555 515 554
f 556 557 519
f 521 519 557
f 556 519 550
f 505 550 519
f 558 550 559
f 549 559 550
f 551 560 552
f 561 552 560
f 560 551 562
f 553 562 551
f 563 564 554
f 555 554 564
f 565 566 556
f 557 556 566
f 565 556 558
f 550 558 556
f 567 568 569
f 570 569 568
f 567 569 571
f 572 571 569
f 573 571 574
f 572 574 571
f 575 576 577
f 578 577 576
f 575 577 579
f 580 579 577
f 581 582 583
f 584 583 582
f 585 586 587
f 588 587 586
f 586 585 589
f 590 589 585
f 591 592 593
f 594 593 592
f 595 596 597
f 598 597 596
f 595 597 581
f 582 581 597
f 599 600 601
f 602 601 600
f 582 603 584
f 604 584 603
f 585 587 605
f 606 605 587
f 585 605 590
f 607 590 605
f 593 594 608
f 609 608 594
f 597 598 610
f 611 610 598
f 597 610 582
f 603 582 610
f 600 612 602
f 613 602 612
f 603 614 604
f 615 604 614
f 605 606 616
f 617 616 606
f 605 616 607
f 618 607 616
f 608 609 619
f 620 619 609
f 610 611 621
f 622 621 611
f 610 621 603
f 614 603 621
f 612 623 613
f 624 613 623
f 579 529 575
f 527 575 529
f 575 527 576
f 542 576 527
f 573 511 571
f 509 571 511
f 567 571 552
f 509 552 571
f 568 567 561
f 552 561 567
f 613 624 606
f 617 606 624
f 602 613 587
f 606 587 613
f 601 602 588
f 587 588 602
f 625 626 535
f 534 535 626
f 627 625 545
f 535 545 625
f 628 629 515
f 517 515 629
f 630 628 555
f 515 555 628
f 630 555 631
f 564 631 555
f 632 620 633
f 609 633 620
f 633 609 634
f 594 634 609
f 634 594 635
f 592 635 594
f 533 532 539
f 538 539 532
f 546 533 548
f 539 548 533
f 516 520 514
f 521 514 520
f 514 521 554
f 557 554 521
f 554 557 563
f 566 563 557
f 619 622 608
f 611 608 622
f 593 608 598
f 611 598 608
f 593 598 591
f 596 591 598
f 531 626 530
f 625 530 626
f 530 625 544
f 627 544 625
f 513 629 512
f 628 512 629
f 553 512 630
f 628 630 512
f 553 630 562
f 631 562 630
f 618 632 607
f 633 607 632
f 607 633 590
f 634 590 633
f 590 634 589
f 635 589 634
f 600 599 584
f 583 584 599
f 612 600 604
f 584 604 600
f 623 612 615
f 604 615 612
f 569 570 549
f 559 549 570
f 569 549 572
f 504 572 549
f 572 504 574
f 506 574 504
f 578 541 577
f 522 577 541
f 577 522 580
f 524 580 522
f 636 573 637
f 574 637 573
f 638 510 639
f 511 639 510
f 640 513 638
f 510 638 513
f 641 516 642
f 517 642 516
f 643 518 644
f 520 644 518
f 645 507 643
f 518 643 507
f 637 574 646
f 506 646 574
f 639 511 636
f 573 636 511
f 642 517 647
f 629 647 517
f 644 520 641
f 516 641 520
f 647 629 640
f 513 640 629
f 646 506 645
f 507 645 506
f 595 581 596
f 591 596 592
f 635 592 589
f 592 596 589
f 586 589 588
f 601 588 599
f 588 589 599
f 589 596 599
f 596 581 599
f 599 581 583
f 614 558 615
f 559 615 558
f 624 568 617
f 561 617 568
f 616 560 618
f 562 618 560
f 618 562 632
f 631 632 562
f 619 563 622
f 566 622 563
f 621 565 614
f 558 614 565
f 623 570 624
f 568 624 570
f 617 561 616
f 560 616 561
f 620 564 619
f 563 619 564
f 622 566 621
f 565 621 566
f 632 631 620
f 564 620 631
f 615 559 623
f 570 623 559
f 576 636 578
f 637 578 636
f 543 638 542
f 639 542 638
f 544 640 543
f 638 543 640
f 546 641 545
f 642 545 641
f 547 643 548
f 644 548 643
f 540 645 547
f 643 547 645
f 578 637 541
f 646 541 637
f 542 639 576
f 636 576 639
f 545 642 627
f 647 627 642
f 548 644 546
f 641 546 644
f 627 647 544
f 640 544 647
f 541 646 540
f 645 540 646
f 88 63 648
f 649 648 63
f 88 648 68
f 110 68 648
f 650 36 110
f 64 651 63
f 649 63 651
f 651 64 652
f 60 652 64
f 650 653 36
f 38 36 653
f 60 13 652
f 654 652 13
f 13 15 654
f 655 654 15
f 15 17 655
f 656 655 17
f 17 92 656
f 657 656 92
f 92 93 657
f 658 657 93
f 658 93 659
f 97 659 93
f 653 659 38
f 97 38 659
f 528 529 654
f 652 654 529
f 531 528 655
f 654 655 528
f 626 531 656
f 655 656 531
f 534 626 657
f 656 657 626
f 532 534 658
f 657 658 534
f 532 658 538
f 659 538 658
f 536 538 653
f 659 653 538
f 525 536 650
f 653 650 536
f 525 650 524
f 580 524 649
f 648 649 524
f 580 649 579
f 651 579 649
f 579 651 529
f 652 529 651
f 524 650 648
f 110 648 650
f 660 661 662
f 663 662 661
f 664 665 666
f 667 666 665
f 668 669 670
f 671 670 669
f 672 673 674
f 675 674 673
f 676 673 677
f 672 677 673
f 678 676 679
f 677 679 676
f 680 681 682
f 683 682 681
f 684 685 686
f 687 686 685
f 688 689 690
f 691 690 689
f 692 693 101
f 694 101 693
f 695 696 697
f 698 697 696
f 699 700 701
f 702 701 700
f 703 704 705
f 706 705 704
f 707 708 709
f 710 709 708
f 711 712 713
f 714 713 712
f 715 716 711
f 712 711 716
f 717 718 715
f 716 715 718
f 719 720 701
f 699 701 720
f 721 722 705
f 703 705 722
f 689 688 723
f 724 723 688
f 725 711 726
f 713 726 711
f 727 715 725
f 711 725 715
f 728 717 727
f 715 727 717
f 680 687 681
f 685 681 687
f 705 699 721
f 720 721 699
f 699 705 700
f 706 700 705
f 660 666 661
f 667 661 666
f 686 691 684
f 689 684 691
f 684 689 722
f 723 722 689
f 703 707 704
f 709 704 707
f 664 670 665
f 671 665 670
f 729 730 731
f 732 731 730
f 733 729 734
f 731 734 729
f 735 736 737
f 738 737 736
f 739 740 741
f 742 741 740
f 700 743 702
f 744 702 743
f 704 745 706
f 746 706 745
f 710 747 709
f 748 709 747
f 712 749 714
f 750 714 749
f 716 751 712
f 749 712 751
f 718 752 716
f 751 716 752
f 706 746 700
f 743 700 746
f 709 748 704
f 745 704 748
f 737 753 735
f 754 735 753
f 695 697 683
f 682 683 697
f 701 717 719
f 728 719 717
f 718 717 702
f 701 702 717
f 752 718 744
f 702 744 718
f 678 679 663
f 662 663 679
f 688 690 729
f 730 729 690
f 724 688 733
f 729 733 688
f 708 736 710
f 735 710 736
f 710 735 747
f 754 747 735
f 668 739 669
f 741 669 739
f 731 732 694
f 101 694 732
f 731 694 734
f 726 734 694
f 737 738 714
f 713 714 738
f 753 737 750
f 714 750 737
f 740 674 742
f 675 742 674
f 685 684 721
f 722 721 684
f 681 685 720
f 721 720 685
f 683 681 719
f 720 719 681
f 695 683 728
f 719 728 683
f 695 728 696
f 727 696 728
f 696 727 693
f 725 693 727
f 693 725 694
f 726 694 725
f 707 703 723
f 722 723 703
f 708 707 724
f 723 724 707
f 708 724 736
f 733 736 724
f 736 733 738
f 734 738 733
f 738 734 713
f 726 713 734
f 755 756 757
f 758 757 756
f 759 760 761
f 762 761 760
f 763 764 765
f 766 765 764
f 767 768 769
f 770 769 768
f 771 772 773
f 774 773 772
f 773 774 755
f 756 755 774
f 761 762 763
f 764 763 762
f 765 766 767
f 768 767 766
f 775 776 777
f 778 777 776
f 757 758 759
f 760 759 758
f 769 770 775
f 776 775 770
f 777 778 771
f 772 771 778
f 743 779 744
f 780 744 779
f 745 781 746
f 782 746 781
f 747 783 748
f 784 748 783
f 749 785 750
f 786 750 785
f 751 787 749
f 785 749 787
f 752 788 751
f 787 751 788
f 746 782 743
f 779 743 782
f 748 784 745
f 781 745 784
f 753 789 754
f 790 754 789
f 744 780 752
f 788 752 780
f 754 790 747
f 783 747 790
f 750 786 753
f 789 753 786
f 756 791 758
f 792 758 791
f 760 793 762
f 794 762 793
f 764 795 766
f 796 766 795
f 768 797 770
f 798 770 797
f 772 799 774
f 800 774 799
f 774 800 756
f 791 756 800
f 762 794 764
f 795 764 794
f 766 796 768
f 797 768 796
f 776 801 778
f 802 778 801
f 758 792 760
f 793 760 792
f 770 798 776
f 801 776 798
f 778 802 772
f 799 772 802
f 791 803 792
f 804 792 803
f 793 805 794
f 806 794 805
f 795 807 796
f 808 796 807
f 797 809 798
f 810 798 809
f 799 811 800
f 812 800 811
f 800 812 791
f 803 791 812
f 794 806 795
f 807 795 806
f 796 808 797
f 809 797 808
f 801 813 802
f 814 802 813
f 792 804 793
f 805 793 804
f 798 810 801
f 813 801 810
f 802 814 799
f 811 799 814
f 773 755 771
f 777 771 775
f 769 775 767
f 775 771 767
f 765 767 763
f 761 763 759
f 763 767 759
f 767 771 759
f 771 755 759
f 759 755 757
f 803 678 804
f 663 804 678
f 805 661 806
f 667 806 661
f 807 665 808
f 671 808 665
f 809 669 810
f 741 810 669
f 811 673 812
f 676 812 673
f 812 676 803
f 678 803 676
f 806 667 807
f 665 807 667
f 808 671 809
f 669 809 671
f 813 742 814
f 675 814 742
f 804 663 805
f 661 805 663
f 810 741 813
f 742 813 741
f 814 675 811
f 673 811 675
f 779 660 780
f 662 780 660
f 781 664 782
f 666 782 664
f 783 668 784
f 670 784 668
f 785 672 786
f 674 786 672
f 787 677 785
f 672 785 677
f 788 679 787
f 677 787 679
f 782 666 779
f 660 779 666
f 784 670 781
f 664 781 670
f 789 740 790
f 739 790 740
f 780 662 788
f 679 788 662
f 790 739 783
f 668 783 739
f 786 674 789
f 740 789 674
f 698 111 697
f 112 697 111
f 113 682 112
f 697 112 682
f 72 680 113
f 682 113 680
f 44 730 46
f 690 46 730
f 43 21 44
f 22 44 21
f 3 4 114
f 115 114 4
f 22 732 44
f 730 44 732
f 101 732 20
f 22 20 732
f 687 680 70
f 72 70 680
f 285 281 815
f 46 690 114
f 691 114 690
f 70 78 687
f 686 687 78
f 114 691 3
f 77 3 691
f 691 686 77
f 78 77 686
f 81 97 33
f 98 33 97
f 33 98 31
f 108 31 98
f 285 347 284
f 346 284 347
f 283 284 345
f 346 345 284
f 698 281 144
f 698 144 111
f 117 111 144
f 815 281 692
f 698 692 281
f 693 692 696
f 698 696 692
f 815 692 102
f 101 102 692
f 285 815 348
f 102 348 815
f 174 348 176
f 349 176 348
f 176 349 341
f 350 341 349
f 816 96 817
f 818 817 96
f 819 820 821
f 822 820 819
f 823 820 824
f 821 820 823
f 825 826 827
f 828 827 826
f 829 827 830
f 828 830 827
f 831 832 817
f 833 817 832
f 825 831 826
f 817 826 831
f 834 835 836
f 837 836 835
f 838 839 834
f 835 834 839
f 840 841 842
f 843 842 841
f 836 837 840
f 841 840 837
f 844 845 846
f 847 846 845
f 848 849 844
f 845 844 849
f 850 851 852
f 853 852 851
f 846 847 850
f 851 850 847
f 854 855 856
f 857 856 855
f 858 859 854
f 855 854 859
f 860 861 862
f 863 862 861
f 856 857 860
f 861 860 857
f 864 844 865
f 846 865 844
f 866 848 864
f 844 864 848
f 867 850 868
f 852 868 850
f 865 846 867
f 850 867 846
f 835 864 837
f 865 837 864
f 839 866 835
f 864 835 866
f 841 867 843
f 868 843 867
f 837 865 841
f 867 841 865
f 855 834 857
f 836 857 834
f 859 838 855
f 834 855 838
f 861 840 863
f 842 863 840
f 857 836 861
f 840 861 836
f 869 854 870
f 856 870 854
f 871 858 869
f 854 869 858
f 872 860 873
f 862 873 860
f 870 856 872
f 860 872 856
f 827 869 825
f 870 825 869
f 829 871 827
f 869 827 871
f 831 872 832
f 873 832 872
f 825 870 831
f 872 831 870
f 830 828 87
f 86 87 828
f 828 826 86
f 85 86 826
f 826 817 85
f 818 85 817
f 57 59 816
f 96 816 59
f 57 816 833
f 817 833 816
f 845 819 847
f 821 847 819
f 849 822 845
f 819 845 822
f 851 823 853
f 824 853 823
f 847 821 851
f 823 851 821
f 85 818 61
f 96 62 818
f 61 818 62
f 874 875 876
f 876 875 877
f 877 875 878
f 878 875 879
f 879 875 880
f 880 875 881
f 881 875 882
f 882 875 883
f 883 875 884
f 884 875 885
f 885 875 886
f 886 875 874
f 876 887 874
f 888 874 887
f 877 889 876
f 887 876 889
f 878 890 877
f 889 877 890
f 879 891 878
f 890 878 891
f 880 892 879
f 891 879 892
f 881 893 880
f 892 880 893
f 882 894 881
f 893 881 894
f 883 895 882
f 894 882 895
f 884 896 883
f 895 883 896
f 885 897 884
f 896 884 897
f 886 898 885
f 897 885 898
f 874 888 886
f 898 886 888
f 887 899 888
f 900 888 899
f 889 901 887
f 899 887 901
f 890 902 889
f 901 889 902
f 891 903 890
f 902 890 903
f 892 904 891
f 903 891 904
f 893 905 892
f 904 892 905
f 894 906 893
f 905 893 906
f 895 907 894
f 906 894 907
f 896 908 895
f 907 895 908
f 897 909 896
f 908 896 909
f 898 910 897
f 909 897 910
f 888 900 898
f 910 898 900
f 352 169 206
f 207 206 169
f 206 351 352
f 353 352 351
f 265 353 266
f 351 266 353
f 207 169 230
f 171 230 169
f 364 268 192
f 266 192 268
f 301 302 186
f 301 268 302
f 364 302 268
f 911 912 913
f 914 913 912
f 915 916 917
f 918 917 916
f 919 920 921
f 922 921 920
f 923 924 925
f 926 925 924
f 927 928 929
f 930 929 928
f 931 932 933
f 934 933 932
f 935 936 937
f 938 937 936
f 939 940 941
f 942 941 940
f 943 944 945
f 946 945 944
f 947 948 949
f 950 949 948
f 951 952 953
f 954 953 952
f 955 956 957
f 958 957 956
f 959 960 961
f 962 961 960
f 963 964 965
f 966 965 964
f 967 968 969
f 970 969 968
f 971 972 973
f 974 973 972
f 975 976 916
f 918 916 976
f 977 978 979
f 980 979 978
f 981 982 983
f 984 983 982
f 985 986 987
f 988 987 986
f 987 988 989
f 990 968 991
f 967 991 968
f 987 992 985
f 993 985 992
f 994 972 995
f 971 995 972
f 996 997 998
f 999 998 997
f 1000 1001 933
f 931 933 1001
f 1002 1003 943
f 1002 943 1004
f 945 1004 943
f 1005 945 1006
f 946 1006 945
f 1007 1008 1009
f 1010 1009 1008
f 1011 1012 1000
f 1001 1000 1012
f 1013 1014 1002
f 1003 1002 1014
f 1015 1013 1004
f 1002 1004 1013
f 1016 1017 1006
f 1005 1006 1017
f 1018 1019 1009
f 1007 1009 1019
f 920 1020 922
f 1021 922 1020
f 969 970 1022
f 1023 1022 970
f 1024 1025 973
f 971 973 1025
f 995 971 1026
f 1025 1026 971
f 999 997 1027
f 1028 1027 997
f 1029 1030 1031
f 1032 1031 1030
f 1033 1034 1035
f 1036 1035 1034
f 1037 1038 1039
f 1040 1039 1038
f 1038 1041 1040
f 1042 1040 1041
f 950 948 1043
f 1044 1043 948
f 953 954 1045
f 1046 1045 954
f 1047 1048 1022
f 969 1022 1048
f 967 969 1049
f 1048 1049 969
f 1050 1051 1052
f 1053 1052 1051
f 1054 1055 1056
f 1057 1056 1055
f 1058 1059 1060
f 1061 1060 1059
f 1039 1040 1062
f 1063 1062 1040
f 1064 1065 913
f 911 913 1065
f 1056 1057 949
f 947 949 1057
f 1060 1061 951
f 952 951 1061
f 1066 1023 1063
f 970 1063 1023
f 968 1062 970
f 1063 970 1062
f 1065 1064 1067
f 1068 1067 1064
f 1031 1032 1054
f 1055 1054 1032
f 1059 1058 1033
f 1034 1033 1058
f 1069 1070 921
f 919 921 1070
f 1071 1072 936
f 938 936 1072
f 913 914 1039
f 1037 1039 914
f 913 1039 1064
f 1062 1064 1039
f 1064 1062 1068
f 968 1068 1062
f 986 985 979
f 977 979 985
f 915 917 982
f 984 982 917
f 1073 1074 1075
f 1076 1075 1074
f 1077 1078 1079
f 1080 1079 1078
f 1081 1082 1083
f 1084 1083 1082
f 1085 1084 1086
f 1082 1086 1084
f 1087 1088 972
f 974 972 1088
f 1089 1090 994
f 972 994 1090
f 1091 996 1092
f 998 1092 996
f 976 975 1011
f 1012 1011 975
f 987 989 1013
f 1014 1013 989
f 992 987 1015
f 1013 1015 987
f 955 957 1016
f 1017 1016 957
f 1019 1018 962
f 961 962 1018
f 924 307 926
f 306 926 307
f 920 919 309
f 308 309 919
f 1009 1010 311
f 310 311 1010
f 313 312 930
f 929 930 312
f 932 931 317
f 316 317 931
f 948 947 319
f 318 319 947
f 915 982 321
f 320 321 982
f 323 322 1027
f 999 1027 322
f 975 916 325
f 324 325 916
f 1092 998 327
f 326 327 998
f 931 1001 316
f 328 316 1001
f 1018 1009 329
f 311 329 1009
f 1001 1012 328
f 330 328 1012
f 961 1018 331
f 329 331 1018
f 920 309 1020
f 332 1020 309
f 998 999 326
f 322 326 999
f 1032 1030 334
f 333 334 1030
f 948 319 1044
f 335 1044 319
f 982 981 320
f 336 320 981
f 1057 1055 338
f 337 338 1055
f 947 1057 318
f 338 318 1057
f 1055 1032 337
f 334 337 1032
f 919 1070 308
f 315 308 1070
f 916 915 324
f 321 324 915
f 1076 1074 340
f 339 340 1074
f 1012 975 330
f 325 330 975
f 959 961 341
f 331 341 961
f 926 306 1030
f 333 1030 306
f 925 926 1029
f 1030 1029 926
f 1093 1094 1036
f 1035 1036 1094
f 1041 1038 1095
f 966 1095 1038
f 965 966 1037
f 1038 1037 966
f 1066 1060 1023
f 951 1023 1060
f 1023 951 1022
f 953 1022 951
f 1022 953 1047
f 1045 1047 953
f 1083 1078 1081
f 1077 1081 1078
f 942 940 1024
f 1025 1024 940
f 1025 940 1026
f 939 1026 940
f 1028 927 1027
f 929 1027 927
f 1027 929 323
f 312 323 929
f 990 1096 968
f 1068 968 1096
f 956 1097 990
f 1096 990 1097
f 1097 956 1098
f 955 1098 956
f 977 1099 978
f 1051 978 1099
f 993 1099 985
f 977 985 1099
f 932 317 1010
f 310 1010 317
f 932 1010 934
f 1008 934 1010
f 1004 945 1005
f 1004 1005 1015
f 1017 1015 1005
f 992 1015 1017
f 958 956 1100
f 990 1100 956
f 991 1101 990
f 1100 990 1101
f 967 1053 991
f 1101 991 1053
f 1049 1052 967
f 1053 967 1052
f 974 1088 1086
f 1085 1086 1088
f 1082 973 1086
f 974 1086 973
f 1024 973 1081
f 1082 1081 973
f 1024 1081 942
f 1077 942 1081
f 942 1077 941
f 1079 941 1077
f 928 1075 930
f 1076 930 1075
f 930 1076 313
f 340 313 1076
f 928 927 941
f 939 941 927
f 1069 921 1072
f 938 1072 921
f 934 1008 944
f 946 944 1008
f 1007 1006 1008
f 946 1008 1006
f 937 938 922
f 921 922 938
f 1094 1102 925
f 923 925 1102
f 954 952 950
f 949 950 952
f 1103 1098 1104
f 960 1104 1098
f 917 918 986
f 988 986 918
f 1000 933 1003
f 943 1003 933
f 1026 939 1028
f 927 1028 939
f 1089 994 1091
f 996 1091 994
f 1011 1000 1014
f 1003 1014 1000
f 1016 1006 1019
f 1007 1019 1006
f 976 1011 989
f 1014 989 1011
f 1019 962 1016
f 955 1016 962
f 1105 937 1021
f 922 1021 937
f 994 995 996
f 997 996 995
f 1033 1035 1031
f 1029 1031 1035
f 954 950 1046
f 1043 1046 950
f 979 980 984
f 983 984 980
f 1061 1059 1056
f 1054 1056 1059
f 952 1061 949
f 1056 949 1061
f 1059 1033 1054
f 1031 1054 1033
f 984 917 979
f 986 979 917
f 1075 1079 1073
f 1080 1073 1079
f 918 976 988
f 989 988 976
f 1098 955 960
f 962 960 955
f 1035 1094 1029
f 925 1029 1094
f 995 1026 997
f 1028 997 1026
f 933 934 943
f 944 943 934
f 1075 928 1079
f 941 1079 928
f 1106 1058 1107
f 1060 1107 1058
f 1107 1060 1108
f 1066 1108 1060
f 1108 1066 1109
f 1063 1109 1066
f 1109 1063 1110
f 1040 1110 1063
f 1040 1042 1110
f 1111 1110 1042
f 1112 1034 1106
f 1058 1106 1034
f 1113 1106 1107
f 1113 1107 1108
f 1113 1108 1109
f 1113 1109 1110
f 1113 1110 1111
f 1113 1112 1106
f 1020 332 924
f 307 924 332
f 1021 1020 923
f 924 923 1020
f 1105 1021 1102
f 923 1102 1021
f 1095 1093 1041
f 1036 1041 1093
f 1036 1034 1041
f 1042 1041 1034
f 1111 1042 1112
f 1034 1112 1042
f 1113 1111 1112
f 1044 335 1074
f 339 1074 335
f 1043 1044 1073
f 1074 1073 1044
f 1046 1043 1080
f 1073 1080 1043
f 1045 1046 1078
f 1080 1078 1046
f 1047 1045 1083
f 1078 1083 1045
f 1048 1047 1084
f 1083 1084 1047
f 1049 1048 1085
f 1084 1085 1048
f 1049 1085 1052
f 1088 1052 1085
f 1052 1088 1050
f 1087 1050 1088
f 327 336 1092
f 981 1092 336
f 981 983 1092
f 1091 1092 983
f 1089 1091 980
f 983 980 1091
f 978 1114 980
f 1114 1090 980
f 980 1090 1089
f 1094 1093 1115
f 1116 1115 1093
f 1117 1116 1095
f 1093 1095 1116
f 1095 966 1117
f 1118 1117 966
f 1094 1115 1102
f 1119 1102 1115
f 1102 1119 1105
f 1120 1105 1119
f 1105 1120 937
f 1121 937 1120
f 1037 1122 965
f 1123 965 1122
f 1037 914 1122
f 1124 1122 914
f 1125 1126 935
f 936 935 1126
f 1127 1118 964
f 966 964 1118
f 963 965 1128
f 1123 1128 965
f 1126 1125 963
f 964 963 1125
f 1127 964 1129
f 1125 1129 964
f 1129 1125 1130
f 935 1130 1125
f 937 1121 935
f 1130 935 1121
f 914 912 1131
f 1132 1131 912
f 1131 1132 1133
f 1134 1133 1132
f 1124 914 1135
f 1131 1135 914
f 1133 1134 1136
f 1071 1136 1134
f 1137 1135 1133
f 1131 1133 1135
f 1126 1136 936
f 1071 936 1136
f 1136 1126 1138
f 963 1138 1126
f 1136 1139 1133
f 1137 1133 1139
f 1140 1139 1138
f 1136 1138 1139
f 963 1128 1138
f 1140 1138 1128
f 1097 1098 1067
f 1103 1067 1098
f 1097 1067 1096
f 1068 1096 1067
f 1141 1104 959
f 960 959 1104
f 350 1141 341
f 959 341 1141
f 992 958 993
f 1100 993 958
f 1101 1099 1100
f 993 1100 1099
f 1099 1101 1051
f 1053 1051 1101
f 957 958 1017
f 992 1017 958
f 1051 1050 978
f 1114 978 1050
f 972 1090 1087
f 1114 1050 1090
f 1087 1090 1050
f 1142 1143 1144
f 1145 1144 1143
f 1146 1142 1147
f 1144 1147 1142
f 1148 1146 1149
f 1147 1149 1146
f 1150 1148 1151
f 1149 1151 1148
f 1152 1150 1153
f 1151 1153 1150
f 1154 1152 20
f 1153 20 1152
f 1155 1154 1156
f 20 1156 1154
f 1157 1155 44
f 1156 44 1155
f 1158 1157 1159
f 44 1159 1157
f 1160 1158 1161
f 1159 1161 1158
f 1161 1162 1160
f 1163 1160 1162
f 1164 1163 1165
f 1162 1165 1163
f 1166 1167 1168
f 32 1168 1167
f 1165 1167 1164
f 1166 1164 1167
f 1169 1170 1171
f 1172 1171 1170
f 1173 1169 1174
f 1171 1174 1169
f 1175 1173 1176
f 1174 1176 1173
f 1177 1175 1178
f 1176 1178 1175
f 1179 1177 1180
f 1178 1180 1177
f 1181 1179 1182
f 1180 1182 1179
f 1183 1181 1184
f 1182 1184 1181
f 1185 1183 1186
f 1184 1186 1183
f 1185 1186 1187
f 1188 1187 1186
f 1189 1187 115
f 1188 115 1187
f 115 1190 1189
f 1191 1189 1190
f 1192 1191 1193
f 1190 1193 1191
f 1194 1195 32
f 1196 32 1195
f 1193 1196 1192
f 1195 1192 1196
f 1197 1198 1199
f 1200 1199 1198
f 1201 1202 1199
f 1197 1199 1202
f 1203 1204 1205
f 1206 1205 1204
f 1207 1208 1205
f 1203 1205 1208
f 1209 1210 1211
f 1212 1211 1210
f 1213 1214 1211
f 1209 1211 1214
f 1215 1216 1217
f 1218 1217 1216
f 1219 1220 1217
f 1215 1217 1220
f 1221 1222 1223
f 1224 1223 1222
f 1225 1226 1223
f 1221 1223 1226
f 1227 1228 1229
f 1230 1229 1228
f 1231 1232 1229
f 1227 1229 1232
f 1233 1234 1235
f 1236 1235 1234
f 1237 1238 1235
f 1233 1235 1238
f 1239 1240 1241
f 1242 1241 1240
f 1243 1244 1241
f 1239 1241 1244
f 1245 1246 1247
f 1248 1247 1246
f 1249 1250 1247
f 1245 1247 1250
f 1251 1252 1253
f 1254 1253 1252
f 1255 1256 1253
f 1251 1253 1256
f 1257 1258 1259
f 1260 1259 1258
f 1261 1262 1259
f 1257 1259 1262
f 1263 1264 1265
f 1266 1265 1264
f 1267 1268 1265
f 1263 1265 1268
f 1269 1270 1271
f 1272 1271 1270
f 1273 1274 1271
f 1269 1271 1274
f 1275 1276 1277
f 1278 1277 1276
f 1279 1280 1277
f 1275 1277 1280
f 1281 1282 1283
f 1284 1283 1282
f 1285 1286 1283
f 1281 1283 1286
f 1287 1288 1289
f 1290 1289 1288
f 1291 1292 1289
f 1287 1289 1292
f 1293 1294 1295
f 1296 1295 1294
f 1296 1297 1295
f 1298 1295 1297
f 1299 1300 1301
f 1302 1301 1300
f 1302 1303 1301
f 1304 1301 1303
f 1305 1306 1307
f 1308 1307 1306
f 1308 1309 1307
f 1310 1307 1309
f 1311 1312 1313
f 1314 1313 1312
f 1314 1315 1313
f 1316 1313 1315
f 1317 1318 1319
f 1320 1319 1318
f 1320 1321 1319
f 1322 1319 1321
f 1323 1324 1325
f 1326 1325 1324
f 1326 1327 1325
f 1328 1325 1327
f 1329 1330 1331
f 1332 1331 1330
f 1332 1333 1331
f 1334 1331 1333
f 1335 1336 1337
f 1338 1337 1336
f 1338 1339 1337
f 1340 1337 1339
f 4 2 1341
f 1342 1341 2
f 8 1343 7
f 1344 7 1343
f 1345 1346 1347
f 1348 1347 1346
f 16 14 1349
f 1350 1349 14
f 18 16 1351
f 1349 1351 16
f 1352 1353 21
f 19 21 1353
f 26 1354 25
f 1355 25 1354
f 1356 1357 1358
f 1359 1358 1357
f 1360 32 1361
f 31 1361 32
f 1362 1363 1364
f 1365 1364 1363
f 1366 1367 41
f 39 41 1367
f 1368 1369 45
f 43 45 1369
f 1343 8 1370
f 47 1370 8
f 1371 1372 1373
f 1374 1373 1372
f 1375 1376 1377
f 1378 1377 1376
f 1379 58 1380
f 57 1380 58
f 1381 1382 1383
f 1384 1383 1382
f 1385 1386 1387
f 1388 1387 1386
f 1389 1390 1391
f 1392 1391 1390
f 1393 1346 1394
f 1365 1394 1346
f 1395 75 1353
f 19 1353 75
f 1396 1397 1398
f 1399 1398 1397
f 1345 1400 1364
f 1401 1364 1400
f 1402 1403 84
f 1403 1404 84
f 1404 87 84
f 1384 1405 1383
f 1406 1383 1405
f 1407 91 1408
f 90 1408 91
f 1355 1354 1356
f 1357 1356 1354
f 1355 1356 1370
f 1374 1370 1356
f 1343 1372 1344
f 1409 1344 1372
f 1410 1376 1366
f 1388 1366 1376
f 1402 1367 1405
f 1386 1405 1367
f 1411 1382 1380
f 1380 1382 1379
f 1381 1379 1382
f 1412 1407 1413
f 1414 1360 1415
f 1400 1415 1360
f 1395 1353 1416
f 1417 1416 1353
f 2 103 1342
f 1414 1342 103
f 7 1344 105
f 1418 105 1344
f 1396 1392 1397
f 1390 1397 1392
f 1419 1409 1371
f 1372 1371 1409
f 1391 1392 1420
f 1348 1420 1392
f 1398 1415 1396
f 1347 1396 1415
f 1344 1409 1418
f 1378 1418 1409
f 1398 1399 1342
f 1341 1342 1399
f 1412 108 1407
f 91 1407 108
f 1365 1346 1364
f 1345 1364 1346
f 1366 41 1410
f 109 1410 41
f 1387 1388 1375
f 1376 1375 1388
f 1394 1365 1421
f 1363 1421 1365
f 1364 1401 1362
f 1413 1362 1401
f 1388 1386 1366
f 1367 1366 1386
f 1361 1401 1360
f 1400 1360 1401
f 1347 1348 1396
f 1392 1396 1348
f 1377 1378 1419
f 1409 1419 1378
f 1415 1398 1414
f 1342 1414 1398
f 103 32 1414
f 1360 1414 32
f 105 1418 109
f 1410 109 1418
f 1420 1348 1393
f 1346 1393 1348
f 1415 1400 1347
f 1345 1347 1400
f 1418 1378 1410
f 1376 1410 1378
f 1358 1359 1422
f 1423 1422 1359
f 1358 1422 1373
f 1424 1373 1422
f 1371 1389 1419
f 1391 1419 1389
f 1419 1391 1377
f 1420 1377 1391
f 1377 1420 1375
f 1393 1375 1420
f 1375 1393 1387
f 1394 1387 1393
f 1385 1387 1421
f 1394 1421 1387
f 14 58 1350
f 1379 1350 58
f 84 39 1402
f 1367 1402 39
f 1405 1386 1406
f 1385 1406 1386
f 1408 90 1351
f 18 1351 90
f 1405 1384 1402
f 1403 1402 1384
f 45 115 1368
f 1425 1368 115
f 1370 47 1355
f 25 1355 47
f 1373 1374 1358
f 1356 1358 1374
f 1370 1374 1343
f 1372 1343 1374
f 1373 1424 1371
f 1389 1371 1424
f 1426 1070 1427
f 1069 1427 1070
f 1428 912 911
f 1134 1429 1071
f 1072 1071 1429
f 1357 1354 1427
f 1426 1427 1354
f 1134 1132 1429
f 1359 1429 1132
f 911 1065 1428
f 1430 1428 1065
f 1103 1430 1067
f 1065 1067 1430
f 1070 1426 315
f 314 315 1426
f 26 314 1354
f 1426 1354 314
f 1359 1132 1423
f 912 1423 1132
f 1141 1395 1104
f 1416 1104 1395
f 75 1395 350
f 1141 350 1395
f 1427 1069 1429
f 1072 1429 1069
f 1429 1359 1427
f 1357 1427 1359
f 1431 1432 1433
f 1434 1433 1432
f 1435 1436 1437
f 1438 1437 1436
f 1437 1438 1439
f 1440 1439 1438
f 1441 1442 1443
f 1444 1443 1442
f 1445 1446 1447
f 1448 1447 1446
f 1448 1446 1431
f 1432 1431 1446
f 1449 1450 1451
f 1452 1451 1450
f 1453 1454 1455
f 1456 1455 1454
f 1455 1456 1457
f 1458 1457 1456
f 1459 1460 1461
f 1462 1461 1460
f 1463 1464 1465
f 1466 1465 1464
f 1466 1464 1449
f 1450 1449 1464
f 1467 1452 1468
f 1450 1468 1452
f 1469 1456 1470
f 1454 1470 1456
f 1469 1471 1456
f 1458 1456 1471
f 1472 1460 1473
f 1459 1473 1460
f 1474 1475 1463
f 1464 1463 1475
f 1475 1468 1464
f 1450 1464 1468
f 1432 1476 1434
f 1477 1434 1476
f 1478 1479 1436
f 1438 1436 1479
f 1440 1438 1480
f 1479 1480 1438
f 1481 1482 1442
f 1444 1442 1482
f 1445 1483 1446
f 1484 1446 1483
f 1432 1446 1476
f 1484 1476 1446
f 1477 1476 1485
f 1486 1485 1476
f 1487 1488 1478
f 1479 1478 1488
f 1480 1479 1489
f 1488 1489 1479
f 1481 1490 1482
f 1491 1482 1490
f 1483 1492 1484
f 1493 1484 1492
f 1476 1484 1486
f 1493 1486 1484
f 1494 1495 1496
f 1497 1496 1495
f 1498 1496 1499
f 1497 1499 1496
f 1498 1499 1500
f 1501 1500 1499
f 1502 1503 1504
f 1505 1504 1503
f 1506 1504 1507
f 1505 1507 1504
f 1508 1509 1510
f 1511 1510 1509
f 1512 1513 1514
f 1515 1514 1513
f 1516 1515 1517
f 1513 1517 1515
f 1518 1519 1520
f 1521 1520 1519
f 1522 1523 1524
f 1525 1524 1523
f 1509 1524 1511
f 1525 1511 1524
f 1526 1527 1528
f 1529 1528 1527
f 1530 1531 1508
f 1509 1508 1531
f 1532 1514 1533
f 1515 1533 1514
f 1534 1533 1516
f 1515 1516 1533
f 1535 1518 1536
f 1520 1536 1518
f 1537 1522 1538
f 1524 1538 1522
f 1531 1538 1509
f 1524 1509 1538
f 1539 1540 1526
f 1527 1526 1540
f 1541 1542 1530
f 1531 1530 1542
f 1543 1532 1544
f 1533 1544 1532
f 1545 1544 1534
f 1533 1534 1544
f 1546 1535 1547
f 1536 1547 1535
f 1548 1537 1549
f 1538 1549 1537
f 1542 1549 1531
f 1538 1531 1549
f 1550 1551 1539
f 1540 1539 1551
f 1454 1453 1505
f 1507 1505 1453
f 1470 1454 1503
f 1505 1503 1454
f 1436 1435 1499
f 1501 1499 1435
f 1436 1499 1478
f 1497 1478 1499
f 1478 1497 1487
f 1495 1487 1497
f 1543 1550 1532
f 1539 1532 1550
f 1532 1539 1514
f 1526 1514 1539
f 1514 1526 1512
f 1528 1512 1526
f 1461 1552 1459
f 1553 1459 1552
f 1459 1553 1473
f 1554 1473 1553
f 1441 1555 1442
f 1556 1442 1555
f 1442 1556 1481
f 1557 1481 1556
f 1490 1481 1558
f 1557 1558 1481
f 1535 1546 1559
f 1560 1559 1546
f 1518 1535 1561
f 1559 1561 1535
f 1519 1518 1562
f 1561 1562 1518
f 1465 1462 1463
f 1460 1463 1462
f 1463 1460 1474
f 1472 1474 1460
f 1445 1447 1444
f 1443 1444 1447
f 1483 1445 1482
f 1444 1482 1445
f 1492 1483 1491
f 1482 1491 1483
f 1537 1548 1536
f 1547 1536 1548
f 1537 1536 1522
f 1520 1522 1536
f 1523 1522 1521
f 1520 1521 1522
f 1553 1552 1458
f 1457 1458 1552
f 1554 1553 1471
f 1458 1471 1553
f 1556 1555 1440
f 1439 1440 1555
f 1556 1440 1557
f 1480 1557 1440
f 1558 1557 1489
f 1480 1489 1557
f 1559 1560 1534
f 1545 1534 1560
f 1561 1559 1516
f 1534 1516 1559
f 1562 1561 1517
f 1516 1517 1561
f 1510 1529 1508
f 1527 1508 1529
f 1508 1527 1530
f 1540 1530 1527
f 1530 1540 1541
f 1551 1541 1540
f 1485 1494 1477
f 1496 1477 1494
f 1434 1477 1498
f 1496 1498 1477
f 1433 1434 1500
f 1498 1500 1434
f 1452 1467 1504
f 1502 1504 1467
f 1451 1452 1506
f 1504 1506 1452
f 1500 1501 1563
f 1564 1563 1501
f 1435 1437 1565
f 1566 1565 1437
f 1437 1439 1566
f 1567 1566 1439
f 1441 1443 1568
f 1569 1568 1443
f 1447 1448 1570
f 1571 1570 1448
f 1448 1431 1571
f 1572 1571 1431
f 1433 1500 1573
f 1563 1573 1500
f 1501 1435 1564
f 1565 1564 1435
f 1555 1441 1574
f 1568 1574 1441
f 1443 1447 1569
f 1570 1569 1447
f 1439 1555 1567
f 1574 1567 1555
f 1431 1433 1572
f 1573 1572 1433
f 1510 1511 1529
f 1528 1529 1512
f 1513 1512 1517
f 1512 1529 1517
f 1562 1517 1519
f 1521 1519 1523
f 1519 1517 1523
f 1517 1529 1523
f 1529 1511 1523
f 1523 1511 1525
f 1485 1486 1541
f 1542 1541 1486
f 1487 1495 1543
f 1550 1543 1495
f 1489 1488 1545
f 1544 1545 1488
f 1558 1489 1560
f 1545 1560 1489
f 1492 1491 1548
f 1547 1548 1491
f 1486 1493 1542
f 1549 1542 1493
f 1495 1494 1550
f 1551 1550 1494
f 1488 1487 1544
f 1543 1544 1487
f 1491 1490 1547
f 1546 1547 1490
f 1493 1492 1549
f 1548 1549 1492
f 1490 1558 1546
f 1560 1546 1558
f 1494 1485 1551
f 1541 1551 1485
f 1563 1564 1502
f 1503 1502 1564
f 1565 1566 1470
f 1469 1470 1566
f 1566 1567 1469
f 1471 1469 1567
f 1568 1569 1473
f 1472 1473 1569
f 1570 1571 1474
f 1475 1474 1571
f 1571 1572 1475
f 1468 1475 1572
f 1573 1563 1467
f 1502 1467 1563
f 1564 1565 1503
f 1470 1503 1565
f 1574 1568 1554
f 1473 1554 1568
f 1569 1570 1472
f 1474 1472 1570
f 1567 1574 1471
f 1554 1471 1574
f 1572 1573 1468
f 1467 1468 1573
f 1575 1383 1576
f 1406 1576 1383
f 1421 1576 1385
f 1406 1385 1576
f 1421 1363 1577
f 1575 1578 1383
f 1381 1383 1578
f 1379 1381 1579
f 1578 1579 1381
f 1362 1580 1363
f 1577 1363 1580
f 1581 1350 1579
f 1379 1579 1350
f 1582 1349 1581
f 1350 1581 1349
f 1583 1351 1582
f 1349 1582 1351
f 1584 1408 1583
f 1351 1583 1408
f 1585 1407 1584
f 1408 1584 1407
f 1413 1407 1586
f 1585 1586 1407
f 1413 1586 1362
f 1580 1362 1586
f 1579 1453 1581
f 1455 1581 1453
f 1581 1455 1582
f 1457 1582 1455
f 1582 1457 1583
f 1552 1583 1457
f 1583 1552 1584
f 1461 1584 1552
f 1584 1461 1585
f 1462 1585 1461
f 1586 1585 1465
f 1462 1465 1585
f 1586 1465 1580
f 1466 1580 1465
f 1580 1466 1577
f 1449 1577 1466
f 1451 1577 1449
f 1576 1451 1575
f 1506 1575 1451
f 1578 1575 1507
f 1506 1507 1575
f 1579 1578 1453
f 1507 1453 1578
f 1421 1577 1576
f 1451 1576 1577
f 1587 1588 1589
f 1590 1589 1588
f 1591 1592 1593
f 1594 1593 1592
f 1595 1596 1597
f 1598 1597 1596
f 1599 1600 1601
f 1602 1601 1600
f 1602 1600 1603
f 1604 1603 1600
f 1603 1604 1605
f 1606 1605 1604
f 1607 1608 1609
f 1610 1609 1608
f 1611 1612 1613
f 1614 1613 1612
f 1615 1616 1617
f 1618 1617 1616
f 1619 1620 1417
f 1621 1417 1620
f 1622 1623 1624
f 1625 1624 1623
f 1626 1627 1628
f 1629 1628 1627
f 1630 1631 1632
f 1633 1632 1631
f 1634 1635 1636
f 1637 1636 1635
f 1638 1639 1640
f 1641 1640 1639
f 1639 1642 1641
f 1643 1641 1642
f 1642 1644 1643
f 1645 1643 1644
f 1629 1646 1628
f 1647 1628 1646
f 1633 1648 1632
f 1649 1632 1648
f 1650 1618 1651
f 1616 1651 1618
f 1640 1641 1652
f 1653 1652 1641
f 1641 1643 1653
f 1654 1653 1643
f 1643 1645 1654
f 1655 1654 1645
f 1612 1611 1608
f 1610 1608 1611
f 1646 1629 1649
f 1632 1649 1629
f 1630 1632 1627
f 1629 1627 1632
f 1591 1593 1588
f 1590 1588 1593
f 1616 1615 1614
f 1613 1614 1615
f 1651 1616 1648
f 1614 1648 1616
f 1636 1637 1631
f 1633 1631 1637
f 1595 1597 1592
f 1594 1592 1597
f 1656 1657 1658
f 1659 1658 1657
f 1658 1659 1660
f 1661 1660 1659
f 1662 1663 1664
f 1665 1664 1663
f 1666 1667 1668
f 1669 1668 1667
f 1670 1671 1626
f 1627 1626 1671
f 1672 1673 1630
f 1631 1630 1673
f 1674 1675 1636
f 1634 1636 1675
f 1676 1677 1638
f 1639 1638 1677
f 1677 1678 1639
f 1642 1639 1678
f 1678 1679 1642
f 1644 1642 1679
f 1671 1672 1627
f 1630 1627 1672
f 1673 1674 1631
f 1636 1631 1674
f 1680 1681 1665
f 1664 1665 1681
f 1609 1624 1607
f 1625 1607 1624
f 1655 1645 1647
f 1628 1647 1645
f 1628 1645 1626
f 1644 1626 1645
f 1626 1644 1670
f 1679 1670 1644
f 1589 1605 1587
f 1606 1587 1605
f 1657 1617 1659
f 1618 1659 1617
f 1659 1618 1661
f 1650 1661 1618
f 1665 1663 1634
f 1635 1634 1663
f 1680 1665 1675
f 1634 1675 1665
f 1668 1669 1596
f 1598 1596 1669
f 1417 1656 1619
f 1658 1619 1656
f 1652 1619 1660
f 1658 1660 1619
f 1640 1662 1638
f 1664 1638 1662
f 1638 1664 1676
f 1681 1676 1664
f 1599 1601 1666
f 1667 1666 1601
f 1648 1614 1649
f 1612 1649 1614
f 1649 1612 1646
f 1608 1646 1612
f 1646 1608 1647
f 1607 1647 1608
f 1647 1607 1655
f 1625 1655 1607
f 1654 1655 1623
f 1625 1623 1655
f 1653 1654 1620
f 1623 1620 1654
f 1652 1653 1619
f 1620 1619 1653
f 1648 1633 1651
f 1637 1651 1633
f 1651 1637 1650
f 1635 1650 1637
f 1661 1650 1663
f 1635 1663 1650
f 1660 1661 1662
f 1663 1662 1661
f 1652 1660 1640
f 1662 1640 1660
f 1682 1683 1684
f 1685 1684 1683
f 1686 1687 1688
f 1689 1688 1687
f 1690 1691 1692
f 1693 1692 1691
f 1694 1695 1696
f 1697 1696 1695
f 1698 1699 1700
f 1701 1700 1699
f 1683 1698 1685
f 1700 1685 1698
f 1691 1686 1693
f 1688 1693 1686
f 1695 1690 1697
f 1692 1697 1690
f 1702 1703 1704
f 1705 1704 1703
f 1687 1682 1689
f 1684 1689 1682
f 1703 1694 1705
f 1696 1705 1694
f 1699 1702 1701
f 1704 1701 1702
f 1706 1707 1670
f 1671 1670 1707
f 1708 1709 1672
f 1673 1672 1709
f 1710 1711 1674
f 1675 1674 1711
f 1712 1713 1676
f 1677 1676 1713
f 1713 1714 1677
f 1678 1677 1714
f 1714 1715 1678
f 1679 1678 1715
f 1707 1708 1671
f 1672 1671 1708
f 1709 1710 1673
f 1674 1673 1710
f 1716 1717 1680
f 1681 1680 1717
f 1715 1706 1679
f 1670 1679 1706
f 1711 1716 1675
f 1680 1675 1716
f 1717 1712 1681
f 1676 1681 1712
f 1718 1719 1682
f 1683 1682 1719
f 1720 1721 1686
f 1687 1686 1721
f 1722 1723 1690
f 1691 1690 1723
f 1724 1725 1694
f 1695 1694 1725
f 1726 1727 1698
f 1699 1698 1727
f 1719 1726 1683
f 1698 1683 1726
f 1723 1720 1691
f 1686 1691 1720
f 1725 1722 1695
f 1690 1695 1722
f 1728 1729 1702
f 1703 1702 1729
f 1721 1718 1687
f 1682 1687 1718
f 1729 1724 1703
f 1694 1703 1724
f 1727 1728 1699
f 1702 1699 1728
f 1730 1731 1718
f 1719 1718 1731
f 1732 1733 1720
f 1721 1720 1733
f 1734 1735 1722
f 1723 1722 1735
f 1736 1737 1724
f 1725 1724 1737
f 1738 1739 1726
f 1727 1726 1739
f 1731 1738 1719
f 1726 1719 1738
f 1735 1732 1723
f 1720 1723 1732
f 1737 1734 1725
f 1722 1725 1734
f 1740 1741 1728
f 1729 1728 1741
f 1733 1730 1721
f 1718 1721 1730
f 1741 1736 1729
f 1724 1729 1736
f 1739 1740 1727
f 1728 1727 1740
f 1684 1685 1689
f 1688 1689 1693
f 1692 1693 1697
f 1693 1689 1697
f 1696 1697 1705
f 1704 1705 1701
f 1705 1697 1701
f 1697 1689 1701
f 1689 1685 1701
f 1701 1685 1700
f 1587 1606 1730
f 1731 1730 1606
f 1591 1588 1732
f 1733 1732 1588
f 1595 1592 1734
f 1735 1734 1592
f 1668 1596 1736
f 1737 1736 1596
f 1604 1600 1738
f 1739 1738 1600
f 1606 1604 1731
f 1738 1731 1604
f 1592 1591 1735
f 1732 1735 1591
f 1596 1595 1737
f 1734 1737 1595
f 1599 1666 1740
f 1741 1740 1666
f 1588 1587 1733
f 1730 1733 1587
f 1666 1668 1741
f 1736 1741 1668
f 1600 1599 1739
f 1740 1739 1599
f 1589 1590 1706
f 1707 1706 1590
f 1593 1594 1708
f 1709 1708 1594
f 1597 1598 1710
f 1711 1710 1598
f 1601 1602 1712
f 1713 1712 1602
f 1602 1603 1713
f 1714 1713 1603
f 1603 1605 1714
f 1715 1714 1605
f 1590 1593 1707
f 1708 1707 1593
f 1594 1597 1709
f 1710 1709 1597
f 1669 1667 1716
f 1717 1716 1667
f 1605 1589 1715
f 1706 1715 1589
f 1598 1669 1711
f 1716 1711 1669
f 1667 1601 1717
f 1712 1717 1601
f 1422 1423 1624
f 1622 1624 1423
f 1624 1609 1422
f 1424 1422 1609
f 1609 1610 1424
f 1389 1424 1610
f 1617 1657 1368
f 1369 1368 1657
f 1352 21 1369
f 43 1369 21
f 115 4 1425
f 1341 1425 4
f 1657 1656 1369
f 1352 1369 1656
f 1352 1656 1353
f 1417 1353 1656
f 1389 1610 1390
f 1611 1390 1610
f 1742 1430 1103
f 1615 1617 1425
f 1368 1425 1617
f 1613 1397 1611
f 1390 1611 1397
f 1399 1615 1341
f 1425 1341 1615
f 1397 1613 1399
f 1615 1399 1613
f 1412 1413 1361
f 1401 1361 1413
f 108 1412 31
f 1361 31 1412
f 1428 1430 1622
f 912 1428 1423
f 1622 1423 1428
f 1622 1430 1621
f 1742 1621 1430
f 1622 1621 1623
f 1620 1623 1621
f 1417 1621 1416
f 1742 1416 1621
f 1416 1742 1104
f 1103 1104 1742
f 1743 1411 1744
f 1745 1744 1411
f 1746 820 1747
f 1747 820 822
f 824 820 1748
f 1748 820 1746
f 1749 1750 1751
f 1752 1751 1750
f 1749 1751 830
f 829 830 1751
f 833 832 1744
f 1753 1744 832
f 1744 1753 1750
f 1752 1750 1753
f 1754 1755 1756
f 1757 1756 1755
f 1755 839 1757
f 838 1757 839
f 843 1758 842
f 1759 842 1758
f 1758 1754 1759
f 1756 1759 1754
f 1760 1761 1762
f 1763 1762 1761
f 1761 849 1763
f 848 1763 849
f 853 1764 852
f 1765 852 1764
f 1764 1760 1765
f 1762 1765 1760
f 1766 1767 1768
f 1769 1768 1767
f 1767 859 1769
f 858 1769 859
f 863 1770 862
f 1771 862 1770
f 1770 1766 1771
f 1768 1771 1766
f 1762 1763 1772
f 1773 1772 1763
f 1763 848 1773
f 866 1773 848
f 852 1765 868
f 1774 868 1765
f 1765 1762 1774
f 1772 1774 1762
f 1772 1773 1754
f 1755 1754 1773
f 1773 866 1755
f 839 1755 866
f 868 1774 843
f 1758 843 1774
f 1774 1772 1758
f 1754 1758 1772
f 1756 1757 1766
f 1767 1766 1757
f 1757 838 1767
f 859 1767 838
f 842 1759 863
f 1770 863 1759
f 1759 1756 1770
f 1766 1770 1756
f 1768 1769 1775
f 1776 1775 1769
f 1769 858 1776
f 871 1776 858
f 862 1771 873
f 1777 873 1771
f 1771 1768 1777
f 1775 1777 1768
f 1775 1776 1752
f 1751 1752 1776
f 1776 871 1751
f 829 1751 871
f 873 1777 832
f 1753 832 1777
f 1777 1775 1753
f 1752 1753 1775
f 1404 1749 87
f 830 87 1749
f 1403 1750 1404
f 1749 1404 1750
f 1743 1744 1403
f 1750 1403 1744
f 1411 1380 1745
f 57 1745 1380
f 1744 1745 833
f 57 833 1745
f 1746 1747 1760
f 1761 1760 1747
f 1747 822 1761
f 849 1761 822
f 824 1748 853
f 1764 853 1748
f 1748 1746 1764
f 1760 1764 1746
f 1384 1743 1403
f 1384 1382 1743
f 1411 1743 1382
f 1145 1778 1779
f 1780 1779 1778
f 1779 1780 1781
f 1782 1781 1780
f 1781 1782 1783
f 1784 1783 1782
f 1783 1784 1785
f 1786 1785 1784
f 1785 1786 1787
f 1788 1787 1786
f 1787 1788 1789
f 1790 1789 1788
f 1789 1790 1791
f 1792 1791 1790
f 1791 1792 1369
f 1793 1369 1792
f 1369 1793 1794
f 1795 1794 1793
f 1794 1795 1796
f 1797 1796 1795
f 1798 1799 1797
f 1796 1797 1799
f 1799 1798 1800
f 1801 1800 1798
f 32 1802 1803
f 1804 1803 1802
f 1804 1802 1801
f 1800 1801 1802
f 1172 1805 1171
f 1806 1171 1805
f 1171 1806 1807
f 1808 1807 1806
f 1807 1808 1176
f 1809 1176 1808
f 1176 1809 1178
f 1810 1178 1809
f 1178 1810 1180
f 1811 1180 1810
f 1180 1811 1182
f 1812 1182 1811
f 1182 1812 1184
f 1813 1184 1812
f 1184 1813 1186
f 1814 1186 1813
f 1188 1186 1815
f 1814 1815 1186
f 1188 1815 115
f 1816 115 1815
f 1817 1190 1816
f 115 1816 1190
f 1190 1817 1193
f 1818 1193 1817
f 1819 1820 32
f 1821 32 1820
f 1820 1819 1818
f 1193 1818 1819
f 1822 1823 1824
f 1825 1824 1823
f 1825 1826 1824
f 1827 1824 1826
f 1828 1829 1830
f 1831 1830 1829
f 1831 1832 1830
f 1833 1830 1832
f 1834 1835 1836
f 1837 1836 1835
f 1837 1838 1836
f 1839 1836 1838
f 1840 1841 1842
f 1843 1842 1841
f 1843 1844 1842
f 1845 1842 1844
f 1846 1847 1848
f 1849 1848 1847
f 1849 1850 1848
f 1851 1848 1850
f 1852 1853 1854
f 1855 1854 1853
f 1855 1856 1854
f 1857 1854 1856
f 1858 1859 1860
f 1861 1860 1859
f 1861 1862 1860
f 1863 1860 1862
f 1864 1865 1866
f 1867 1866 1865
f 1867 1868 1866
f 1869 1866 1868
f 1870 1871 1872
f 1873 1872 1871
f 1873 1874 1872
f 1875 1872 1874
f 1876 1877 1878
f 1879 1878 1877
f 1879 1880 1878
f 1881 1878 1880
f 1882 1883 1884
f 1885 1884 1883
f 1885 1886 1884
f 1887 1884 1886
f 1888 1889 1890
f 1891 1890 1889
f 1891 1892 1890
f 1893 1890 1892
f 1894 1895 1896
f 1897 1896 1895
f 1897 1898 1896
f 1899 1896 1898
f 1900 1901 1902
f 1903 1902 1901
f 1903 1904 1902
f 1905 1902 1904
f 1906 1907 1908
f 1909 1908 1907
f 1909 1910 1908
f 1911 1908 1910
f 1912 1913 1914
f 1915 1914 1913
f 1915 1916 1914
f 1917 1914 1916
f 1918 1919 1920
f 1921 1920 1919
f 1922 1923 1920
f 1918 1920 1923
f 1924 1925 1926
f 1927 1926 1925
f 1928 1929 1926
f 1924 1926 1929
f 1930 1931 1932
f 1933 1932 1931
f 1934 1935 1932
f 1930 1932 1935
f 1936 1937 1938
f 1939 1938 1937
f 1940 1941 1938
f 1936 1938 1941
f 1942 1943 1944
f 1945 1944 1943
f 1946 1947 1944
f 1942 1944 1947
f 1948 1949 1950
f 1951 1950 1949
f 1952 1953 1950
f 1948 1950 1953
f 1954 1955 1956
f 1957 1956 1955
f 1958 1959 1956
f 1954 1956 1959
f 1960 1961 1962
f 1963 1962 1961
f 1964 1965 1962
f 1960 1962 1965
f 1966 1967 1968
f 1969 1967 1966
f 1970 1967 1969
f 1971 1967 1970
f 1972 1967 1971
f 1973 1967 1972
f 1974 1967 1973
f 1975 1967 1974
f 1976 1967 1975
f 1977 1967 1976
f 1978 1967 1977
f 1968 1967 1978
f 1979 1980 1968
f 1966 1968 1980
f 1980 1981 1966
f 1969 1966 1981
f 1981 1982 1969
f 1970 1969 1982
f 1982 1983 1970
f 1971 1970 1983
f 1983 1984 1971
f 1972 1971 1984
f 1984 1985 1972
f 1973 1972 1985
f 1985 1986 1973
f 1974 1973 1986
f 1986 1987 1974
f 1975 1974 1987
f 1987 1988 1975
f 1976 1975 1988
f 1988 1989 1976
f 1977 1976 1989
f 1989 1990 1977
f 1978 1977 1990
f 1990 1979 1978
f 1968 1978 1979
f 1991 1992 1979
f 1980 1979 1992
f 1992 1993 1980
f 1981 1980 1993
f 1993 1994 1981
f 1982 1981 1994
f 1994 1995 1982
f 1983 1982 1995
f 1995 1996 1983
f 1984 1983 1996
f 1996 1997 1984
f 1985 1984 1997
f 1997 1998 1985
f 1986 1985 1998
f 1998 1999 1986
f 1987 1986 1999
f 1999 2000 1987
f 1988 1987 2000
f 2000 2001 1988
f 1989 1988 2001
f 2001 2002 1989
f 1990 1989 2002
f 2002 1991 1990
f 1979 1990 1991
f 2003 2004 2005
f 2003 2005 2006
f 2003 2006 2007
f 2003 2007 2008
f 2003 2008 2009
f 2003 2009 2010
f 2003 2010 2011
f 2003 2011 2012
f 2003 2012 2013
f 2003 2013 2004
f 2014 2015 2016
f 2017 2016 2015
f 2018 2014 2019
f 2016 2019 2014
f 2020 2018 2021
f 2019 2021 2018
f 2022 2020 2023
f 2021 2023 2020
f 2024 2022 2025
f 2023 2025 2022
f 2026 2024 2027
f 2025 2027 2024
f 2028 2026 2029
f 2027 2029 2026
f 2030 2028 2031
f 2029 2031 2028
f 2032 2030 2033
f 2031 2033 2030
f 2015 2032 2017
f 2033 2017 2032
f 2016 2017 2034
f 2035 2034 2017
f 2019 2016 2036
f 2034 2036 2016
f 2021 2019 2037
f 2036 2037 2019
f 2023 2021 2038
f 2037 2038 2021
f 2025 2023 2039
f 2038 2039 2023
f 2027 2025 2040
f 2039 2040 2025
f 2029 2027 2041
f 2040 2041 2027
f 2031 2029 2042
f 2041 2042 2029
f 2033 2031 2043
f 2042 2043 2031
f 2017 2033 2035
f 2043 2035 2033
f 2044 2045 2046
f 2047 2046 2045
f 2048 2044 2049
f 2046 2049 2044
f 2050 2048 2051
f 2049 2051 2048
f 2052 2050 2053
f 2051 2053 2050
f 2054 2052 2055
f 2053 2055 2052
f 2056 2054 2057
f 2055 2057 2054
f 2058 2056 2059
f 2057 2059 2056
f 2060 2058 2061
f 2059 2061 2058
f 2062 2060 2063
f 2061 2063 2060
f 2045 2062 2047
f 2063 2047 2062
f 2046 2047 1121
f 1130 1121 2047
f 2049 2046 1120
f 1121 1120 2046
f 2051 2049 1119
f 1120 1119 2049
f 2053 2051 1115
f 1119 1115 2051
f 2055 2053 1116
f 1115 1116 2053
f 2057 2055 1117
f 1116 1117 2055
f 2059 2057 1118
f 1117 1118 2057
f 2061 2059 1127
f 1118 1127 2059
f 2063 2061 1129
f 1127 1129 2061
f 2047 2063 1130
f 1129 1130 2063
f 2034 2035 2044
f 2045 2044 2035
f 2036 2034 2048
f 2044 2048 2034
f 2037 2036 2050
f 2048 2050 2036
f 2038 2037 2052
f 2050 2052 2037
f 2039 2038 2054
f 2052 2054 2038
f 2040 2039 2056
f 2054 2056 2039
f 2041 2040 2058
f 2056 2058 2040
f 2042 2041 2060
f 2058 2060 2041
f 2043 2042 2062
f 2060 2062 2042
f 2035 2043 2045
f 2062 2045 2043
f 2005 2004 2014
f 2015 2014 2004
f 2006 2005 2018
f 2014 2018 2005
f 2007 2006 2020
f 2018 2020 2006
f 2008 2007 2022
f 2020 2022 2007
f 2009 2008 2024
f 2022 2024 2008
f 2010 2009 2026
f 2024 2026 2009
f 2011 2010 2028
f 2026 2028 2010
f 2012 2011 2030
f 2028 2030 2011
f 2013 2012 2032
f 2030 2032 2012
f 2004 2013 2015
f 2032 2015 2013
f 2064 2065 2066
f 2067 2066 2065
f 2068 2069 2070
f 2071 2070 2069
f 2072 2073 2074
f 2075 2074 2073
f 2076 2077 2078
f 2079 2078 2077
f 2080 2081 2082
f 2083 2082 2081
f 2084 2085 2066
f 2064 2066 2085
f 2070 2083 2068
f 2081 2068 2083
f 2078 2079 2086
f 2087 2086 2079
f 2073 2072 2088
f 2089 2088 2072
f 2065 2090 2067
f 2091 2067 2090
f 2071 2069 2092
f 2093 2092 2069
f 2094 2077 2095
f 2076 2095 2077
f 2073 2088 2096
f 2097 2096 2088
f 2075 2073 2098
f 2096 2098 2073
f 2091 2099 2067
f 2100 2067 2099
f 2066 2067 2101
f 2100 2101 2067
f 2084 2066 2102
f 2101 2102 2066
f 2082 2086 2080
f 2087 2080 2086
f 2103 2100 2104
f 2099 2104 2100
f 2098 2105 2075
f 2106 2075 2105
f 2074 2075 2107
f 2106 2107 2075
f 2090 2065 2108
f 2109 2108 2065
f 2110 2109 2064
f 2065 2064 2109
f 2111 2110 2085
f 2064 2085 2110
f 2111 2085 2112
f 2084 2112 2085
f 2113 2112 2102
f 2084 2102 2112
f 2113 2102 2114
f 2101 2114 2102
f 2114 2101 2103
f 2100 2103 2101
f 2093 2069 2115
f 1122 2115 2069
f 2116 1135 2094
f 2077 2094 1135
f 2079 2077 1137
f 1135 1137 2077
f 2117 2115 1124
f 1122 1124 2115
f 2069 2068 1122
f 1123 1122 2068
f 2068 2081 1123
f 1128 1123 2081
f 2087 2079 1139
f 1137 1139 2079
f 2080 2087 1140
f 1139 1140 2087
f 2117 1124 2116
f 1135 2116 1124
f 2081 2080 1128
f 1140 1128 2080
f 2108 2109 2092
f 2071 2092 2109
f 2070 2071 2110
f 2109 2110 2071
f 2083 2070 2111
f 2110 2111 2070
f 2082 2083 2112
f 2111 2112 2083
f 2086 2082 2113
f 2112 2113 2082
f 2086 2113 2078
f 2114 2078 2113
f 2078 2114 2076
f 2103 2076 2114
f 2076 2103 2095
f 2104 2095 2103
f 2099 2091 2105
f 2106 2105 2091
f 2104 2099 2098
f 2105 2098 2099
f 2095 2104 2096
f 2098 2096 2104
f 2095 2096 2094
f 2097 2094 2096
f 2116 2094 2097
f 2116 2097 2117
f 2088 2117 2097
f 2115 2117 2089
f 2088 2089 2117
f 2093 2115 2089
f 2092 2093 2072
f 2089 2072 2093
f 2092 2072 2108
f 2074 2108 2072
f 2108 2074 2090
f 2107 2090 2074
f 2090 2107 2091
f 2106 2091 2107
