/home/jingxiang/workspace/alchedata-self-improving-agents/external/RoboTwin/envs/curobo/src/curobo/opt/opt_base.py:298: UserWarning: Sparse invariant checks are implicitly disabled. Memory errors (e.g. SEGFAULT) will occur when operating on a sparse tensor which violates the invariants, but checks incur performance overhead. To silence this warning, explicitly opt in or out. See `torch.sparse.check_sparse_tensor_invariants.__doc__` for guidance.  (Triggered internally at /pytorch/aten/src/ATen/Context.cpp:760.)
  self.problem_kernel_ = torch.sparse_coo_tensor(
[2026-07-15 15:08:01.966] [svulkan2] [error] OIDN Error: unsupported device type: CUDA
[2026-07-15 15:08:01.980] [svulkan2] [error] OIDN Error: invalid handle
[2026-07-15 15:08:01.995] [svulkan2] [error] OIDN Error: invalid handle
[2026-07-15 15:08:06.812] [svulkan2] [error] OIDN Error: invalid handle
[2026-07-15 15:08:06.812] [svulkan2] [error] OIDN Error: invalid handle
[2026-07-15 15:08:06.812] [svulkan2] [error] OIDN Error: invalid handle
[2026-07-15 15:08:06.841] [svulkan2] [error] OIDN Error: invalid handle
[2026-07-15 15:08:06.841] [svulkan2] [error] OIDN Error: invalid handle
[2026-07-15 15:08:06.841] [svulkan2] [error] OIDN Error: invalid handle
[2026-07-15 15:08:06.869] [svulkan2] [error] OIDN Error: invalid handle
[2026-07-15 15:08:06.869] [svulkan2] [error] OIDN Error: invalid handle
[2026-07-15 15:08:06.869] [svulkan2] [error] OIDN Error: invalid handle
[2026-07-15 15:08:06.898] [svulkan2] [error] OIDN Error: invalid handle
[2026-07-15 15:08:06.898] [svulkan2] [error] OIDN Error: invalid handle
[2026-07-15 15:08:06.898] [svulkan2] [error] OIDN Error: invalid handle
[2026-07-15 15:08:06.927] [svulkan2] [error] OIDN Error: invalid handle
[2026-07-15 15:08:06.927] [svulkan2] [error] OIDN Error: invalid handle
[2026-07-15 15:08:06.927] [svulkan2] [error] OIDN Error: invalid handle
[2026-07-15 15:08:06.955] [svulkan2] [error] OIDN Error: invalid handle
[2026-07-15 15:08:06.955] [svulkan2] [error] OIDN Error: invalid handle
[2026-07-15 15:08:06.955] [svulkan2] [error] OIDN Error: invalid handle
[2026-07-15 15:08:06.984] [svulkan2] [error] OIDN Error: invalid handle
[2026-07-15 15:08:06.984] [svulkan2] [error] OIDN Error: invalid handle
[2026-07-15 15:08:06.984] [svulkan2] [error] OIDN Error: invalid handle
[2026-07-15 15:08:07.012] [svulkan2] [error] OIDN Error: invalid handle
[2026-07-15 15:08:07.012] [svulkan2] [error] OIDN Error: invalid handle
[2026-07-15 15:08:07.012] [svulkan2] [error] OIDN Error: invalid handle
[2026-07-15 15:08:07.041] [svulkan2] [error] OIDN Error: invalid handle
[2026-07-15 15:08:07.043] [svulkan2] [error] OIDN Error: invalid handle
[2026-07-15 15:08:07.043] [svulkan2] [error] OIDN Error: invalid handle
[2026-07-15 15:08:07.069] [svulkan2] [error] OIDN Error: invalid handle
[2026-07-15 15:08:07.069] [svulkan2] [error] OIDN Error: invalid handle
[2026-07-15 15:08:07.069] [svulkan2] [error] OIDN Error: invalid handle
[2026-07-15 15:08:07.098] [svulkan2] [error] OIDN Error: invalid handle
[2026-07-15 15:08:07.098] [svulkan2] [error] OIDN Error: invalid handle
[2026-07-15 15:08:07.098] [svulkan2] [error] OIDN Error: invalid handle
[2026-07-15 15:08:07.127] [svulkan2] [error] OIDN Error: invalid handle
[2026-07-15 15:08:07.127] [svulkan2] [error] OIDN Error: invalid handle
[2026-07-15 15:08:07.127] [svulkan2] [error] OIDN Error: invalid handle
[2026-07-15 15:08:07.156] [svulkan2] [error] OIDN Error: invalid handle
[2026-07-15 15:08:07.156] [svulkan2] [error] OIDN Error: invalid handle
[2026-07-15 15:08:07.156] [svulkan2] [error] OIDN Error: invalid handle
[2026-07-15 15:08:07.184] [svulkan2] [error] OIDN Error: invalid handle
[2026-07-15 15:08:07.184] [svulkan2] [error] OIDN Error: invalid handle
[2026-07-15 15:08:07.184] [svulkan2] [error] OIDN Error: invalid handle
[2026-07-15 15:08:07.213] [svulkan2] [error] OIDN Error: invalid handle
[2026-07-15 15:08:07.213] [svulkan2] [error] OIDN Error: invalid handle
[2026-07-15 15:08:07.213] [svulkan2] [error] OIDN Error: invalid handle
[2026-07-15 15:08:07.242] [svulkan2] [error] OIDN Error: invalid handle
[2026-07-15 15:08:07.242] [svulkan2] [error] OIDN Error: invalid handle
[2026-07-15 15:08:07.242] [svulkan2] [error] OIDN Error: invalid handle
[2026-07-15 15:08:07.271] [svulkan2] [error] OIDN Error: invalid handle
[2026-07-15 15:08:07.271] [svulkan2] [error] OIDN Error: invalid handle
[2026-07-15 15:08:07.271] [svulkan2] [error] OIDN Error: invalid handle
[2026-07-15 15:08:07.300] [svulkan2] [error] OIDN Error: invalid handle
[2026-07-15 15:08:07.300] [svulkan2] [error] OIDN Error: invalid handle
[2026-07-15 15:08:07.300] [svulkan2] [error] OIDN Error: invalid handle
[2026-07-15 15:08:07.329] [svulkan2] [error] OIDN Error: invalid handle
[2026-07-15 15:08:07.329] [svulkan2] [error] OIDN Error: invalid handle
[2026-07-15 15:08:07.329] [svulkan2] [error] OIDN Error: invalid handle
[2026-07-15 15:08:07.358] [svulkan2] [error] OIDN Error: invalid handle
[2026-07-15 15:08:07.358] [svulkan2] [error] OIDN Error: invalid handle
[2026-07-15 15:08:07.358] [svulkan2] [error] OIDN Error: invalid handle
[2026-07-15 15:08:07.387] [svulkan2] [error] OIDN Error: invalid handle
[2026-07-15 15:08:07.387] [svulkan2] [error] OIDN Error: invalid handle
[2026-07-15 15:08:07.387] [svulkan2] [error] OIDN Error: invalid handle
[2026-07-15 15:08:07.415] [svulkan2] [error] OIDN Error: invalid handle
[2026-07-15 15:08:07.415] [svulkan2] [error] OIDN Error: invalid handle
[2026-07-15 15:08:07.415] [svulkan2] [error] OIDN Error: invalid handle
[2026-07-15 15:08:07.444] [svulkan2] [error] OIDN Error: invalid handle
[2026-07-15 15:08:07.444] [svulkan2] [error] OIDN Error: invalid handle
[2026-07-15 15:08:07.444] [svulkan2] [error] OIDN Error: invalid handle
[2026-07-15 15:08:07.473] [svulkan2] [error] OIDN Error: invalid handle
[2026-07-15 15:08:07.473] [svulkan2] [error] OIDN Error: invalid handle
[2026-07-15 15:08:07.473] [svulkan2] [error] OIDN Error: invalid handle
[2026-07-15 15:08:07.501] [svulkan2] [error] OIDN Error: invalid handle
[2026-07-15 15:08:07.501] [svulkan2] [error] OIDN Error: invalid handle
[2026-07-15 15:08:07.501] [svulkan2] [error] OIDN Error: invalid handle
[2026-07-15 15:08:07.530] [svulkan2] [error] OIDN Error: invalid handle
[2026-07-15 15:08:07.530] [svulkan2] [error] OIDN Error: invalid handle
[2026-07-15 15:08:07.530] [svulkan2] [error] OIDN Error: invalid handle
[2026-07-15 15:08:07.558] [svulkan2] [error] OIDN Error: invalid handle
[2026-07-15 15:08:07.558] [svulkan2] [error] OIDN Error: invalid handle
[2026-07-15 15:08:07.559] [svulkan2] [error] OIDN Error: invalid handle
[2026-07-15 15:08:07.587] [svulkan2] [error] OIDN Error: invalid handle
[2026-07-15 15:08:07.587] [svulkan2] [error] OIDN Error: invalid handle
[2026-07-15 15:08:07.587] [svulkan2] [error] OIDN Error: invalid handle
[2026-07-15 15:08:07.616] [svulkan2] [error] OIDN Error: invalid handle
[2026-07-15 15:08:07.616] [svulkan2] [error] OIDN Error: invalid handle
[2026-07-15 15:08:07.616] [svulkan2] [error] OIDN Error: invalid handle
[2026-07-15 15:08:07.645] [svulkan2] [error] OIDN Error: invalid handle
[2026-07-15 15:08:07.645] [svulkan2] [error] OIDN Error: invalid handle
[2026-07-15 15:08:07.645] [svulkan2] [error] OIDN Error: invalid handle
[2026-07-15 15:08:07.673] [svulkan2] [error] OIDN Error: invalid handle
[2026-07-15 15:08:07.673] [svulkan2] [error] OIDN Error: invalid handle
[2026-07-15 15:08:07.673] [svulkan2] [error] OIDN Error: invalid handle
[2026-07-15 15:08:07.702] [svulkan2] [error] OIDN Error: invalid handle
[2026-07-15 15:08:07.702] [svulkan2] [error] OIDN Error: invalid handle
[2026-07-15 15:08:07.702] [svulkan2] [error] OIDN Error: invalid handle
[2026-07-15 15:08:07.730] [svulkan2] [error] OIDN Error: invalid handle
[2026-07-15 15:08:07.730] [svulkan2] [error] OIDN Error: invalid handle
[2026-07-15 15:08:07.730] [svulkan2] [error] OIDN Error: invalid handle
[2026-07-15 15:08:07.759] [svulkan2] [error] OIDN Error: invalid handle
[2026-07-15 15:08:07.759] [svulkan2] [error] OIDN Error: invalid handle
[2026-07-15 15:08:07.759] [svulkan2] [error] OIDN Error: invalid handle
[2026-07-15 15:08:07.788] [svulkan2] [error] OIDN Error: invalid handle
[2026-07-15 15:08:07.789] [svulkan2] [error] OIDN Error: invalid handle
[2026-07-15 15:08:07.789] [svulkan2] [error] OIDN Error: invalid handle
[2026-07-15 15:08:07.818] [svulkan2] [error] OIDN Error: invalid handle
[2026-07-15 15:08:07.818] [svulkan2] [error] OIDN Error: invalid handle
[2026-07-15 15:08:07.818] [svulkan2] [error] OIDN Error: invalid handle
[2026-07-15 15:08:07.846] [svulkan2] [error] OIDN Error: invalid handle
[2026-07-15 15:08:07.847] [svulkan2] [error] OIDN Error: invalid handle
[2026-07-15 15:08:07.847] [svulkan2] [error] OIDN Error: invalid handle
[2026-07-15 15:08:07.875] [svulkan2] [error] OIDN Error: invalid handle
[2026-07-15 15:08:07.875] [svulkan2] [error] OIDN Error: invalid handle
[2026-07-15 15:08:07.875] [svulkan2] [error] OIDN Error: invalid handle
[2026-07-15 15:08:07.904] [svulkan2] [error] OIDN Error: invalid handle
[2026-07-15 15:08:07.904] [svulkan2] [error] OIDN Error: invalid handle
[2026-07-15 15:08:07.904] [svulkan2] [error] OIDN Error: invalid handle
[2026-07-15 15:08:07.932] [svulkan2] [error] OIDN Error: invalid handle
[2026-07-15 15:08:07.932] [svulkan2] [error] OIDN Error: invalid handle
[2026-07-15 15:08:07.932] [svulkan2] [error] OIDN Error: invalid handle
[2026-07-15 15:08:07.961] [svulkan2] [error] OIDN Error: invalid handle
[2026-07-15 15:08:07.961] [svulkan2] [error] OIDN Error: invalid handle
[2026-07-15 15:08:07.961] [svulkan2] [error] OIDN Error: invalid handle
[2026-07-15 15:08:07.989] [svulkan2] [error] OIDN Error: invalid handle
[2026-07-15 15:08:07.989] [svulkan2] [error] OIDN Error: invalid handle
[2026-07-15 15:08:07.989] [svulkan2] [error] OIDN Error: invalid handle
[2026-07-15 15:08:08.017] [svulkan2] [error] OIDN Error: invalid handle
[2026-07-15 15:08:08.017] [svulkan2] [error] OIDN Error: invalid handle
[2026-07-15 15:08:08.017] [svulkan2] [error] OIDN Error: invalid handle
[2026-07-15 15:08:08.046] [svulkan2] [error] OIDN Error: invalid handle
[2026-07-15 15:08:08.046] [svulkan2] [error] OIDN Error: invalid handle
[2026-07-15 15:08:08.046] [svulkan2] [error] OIDN Error: invalid handle
[2026-07-15 15:08:08.074] [svulkan2] [error] OIDN Error: invalid handle
[2026-07-15 15:08:08.074] [svulkan2] [error] OIDN Error: invalid handle
[2026-07-15 15:08:08.074] [svulkan2] [error] OIDN Error: invalid handle
[2026-07-15 15:08:08.102] [svulkan2] [error] OIDN Error: invalid handle
[2026-07-15 15:08:08.102] [svulkan2] [error] OIDN Error: invalid handle
[2026-07-15 15:08:08.102] [svulkan2] [error] OIDN Error: invalid handle
[2026-07-15 15:08:08.131] [svulkan2] [error] OIDN Error: invalid handle
[2026-07-15 15:08:08.131] [svulkan2] [error] OIDN Error: invalid handle
[2026-07-15 15:08:08.131] [svulkan2] [error] OIDN Error: invalid handle
[2026-07-15 15:08:08.160] [svulkan2] [error] OIDN Error: invalid handle
[2026-07-15 15:08:08.160] [svulkan2] [error] OIDN Error: invalid handle
[2026-07-15 15:08:08.160] [svulkan2] [error] OIDN Error: invalid handle
[2026-07-15 15:08:08.189] [svulkan2] [error] OIDN Error: invalid handle
[2026-07-15 15:08:08.189] [svulkan2] [error] OIDN Error: invalid handle
[2026-07-15 15:08:08.189] [svulkan2] [error] OIDN Error: invalid handle
[2026-07-15 15:08:08.218] [svulkan2] [error] OIDN Error: invalid handle
[2026-07-15 15:08:08.218] [svulkan2] [error] OIDN Error: invalid handle
[2026-07-15 15:08:08.218] [svulkan2] [error] OIDN Error: invalid handle
[2026-07-15 15:08:08.247] [svulkan2] [error] OIDN Error: invalid handle
[2026-07-15 15:08:08.248] [svulkan2] [error] OIDN Error: invalid handle
[2026-07-15 15:08:08.248] [svulkan2] [error] OIDN Error: invalid handle
[2026-07-15 15:08:08.277] [svulkan2] [error] OIDN Error: invalid handle
[2026-07-15 15:08:08.277] [svulkan2] [error] OIDN Error: invalid handle
[2026-07-15 15:08:08.277] [svulkan2] [error] OIDN Error: invalid handle
[2026-07-15 15:08:08.307] [svulkan2] [error] OIDN Error: invalid handle
[2026-07-15 15:08:08.307] [svulkan2] [error] OIDN Error: invalid handle
[2026-07-15 15:08:08.307] [svulkan2] [error] OIDN Error: invalid handle
[2026-07-15 15:08:08.336] [svulkan2] [error] OIDN Error: invalid handle
[2026-07-15 15:08:08.336] [svulkan2] [error] OIDN Error: invalid handle
[2026-07-15 15:08:08.336] [svulkan2] [error] OIDN Error: invalid handle
[2026-07-15 15:08:08.364] [svulkan2] [error] OIDN Error: invalid handle
[2026-07-15 15:08:08.364] [svulkan2] [error] OIDN Error: invalid handle
[2026-07-15 15:08:08.365] [svulkan2] [error] OIDN Error: invalid handle
[2026-07-15 15:08:08.393] [svulkan2] [error] OIDN Error: invalid handle
[2026-07-15 15:08:08.393] [svulkan2] [error] OIDN Error: invalid handle
[2026-07-15 15:08:08.393] [svulkan2] [error] OIDN Error: invalid handle
[2026-07-15 15:08:08.421] [svulkan2] [error] OIDN Error: invalid handle
[2026-07-15 15:08:08.421] [svulkan2] [error] OIDN Error: invalid handle
[2026-07-15 15:08:08.421] [svulkan2] [error] OIDN Error: invalid handle
[2026-07-15 15:08:08.450] [svulkan2] [error] OIDN Error: invalid handle
[2026-07-15 15:08:08.450] [svulkan2] [error] OIDN Error: invalid handle
[2026-07-15 15:08:08.450] [svulkan2] [error] OIDN Error: invalid handle
[2026-07-15 15:08:08.479] [svulkan2] [error] OIDN Error: invalid handle
[2026-07-15 15:08:08.479] [svulkan2] [error] OIDN Error: invalid handle
[2026-07-15 15:08:08.479] [svulkan2] [error] OIDN Error: invalid handle
[2026-07-15 15:08:08.508] [svulkan2] [error] OIDN Error: invalid handle
[2026-07-15 15:08:08.508] [svulkan2] [error] OIDN Error: invalid handle
[2026-07-15 15:08:08.508] [svulkan2] [error] OIDN Error: invalid handle
[2026-07-15 15:08:08.536] [svulkan2] [error] OIDN Error: invalid handle
[2026-07-15 15:08:08.537] [svulkan2] [error] OIDN Error: invalid handle
[2026-07-15 15:08:08.537] [svulkan2] [error] OIDN Error: invalid handle
[2026-07-15 15:08:08.565] [svulkan2] [error] OIDN Error: invalid handle
[2026-07-15 15:08:08.565] [svulkan2] [error] OIDN Error: invalid handle
[2026-07-15 15:08:08.565] [svulkan2] [error] OIDN Error: invalid handle
[2026-07-15 15:08:08.593] [svulkan2] [error] OIDN Error: invalid handle
[2026-07-15 15:08:08.593] [svulkan2] [error] OIDN Error: invalid handle
[2026-07-15 15:08:08.593] [svulkan2] [error] OIDN Error: invalid handle
[2026-07-15 15:08:08.622] [svulkan2] [error] OIDN Error: invalid handle
[2026-07-15 15:08:08.622] [svulkan2] [error] OIDN Error: invalid handle
[2026-07-15 15:08:08.623] [svulkan2] [error] OIDN Error: invalid handle
[2026-07-15 15:08:08.651] [svulkan2] [error] OIDN Error: invalid handle
[2026-07-15 15:08:08.652] [svulkan2] [error] OIDN Error: invalid handle
[2026-07-15 15:08:08.652] [svulkan2] [error] OIDN Error: invalid handle
[2026-07-15 15:08:08.680] [svulkan2] [error] OIDN Error: invalid handle
[2026-07-15 15:08:08.680] [svulkan2] [error] OIDN Error: invalid handle
[2026-07-15 15:08:08.680] [svulkan2] [error] OIDN Error: invalid handle
[2026-07-15 15:08:08.709] [svulkan2] [error] OIDN Error: invalid handle
[2026-07-15 15:08:08.709] [svulkan2] [error] OIDN Error: invalid handle
[2026-07-15 15:08:08.709] [svulkan2] [error] OIDN Error: invalid handle
[2026-07-15 15:08:08.738] [svulkan2] [error] OIDN Error: invalid handle
[2026-07-15 15:08:08.738] [svulkan2] [error] OIDN Error: invalid handle
[2026-07-15 15:08:08.739] [svulkan2] [error] OIDN Error: invalid handle
[2026-07-15 15:08:08.767] [svulkan2] [error] OIDN Error: invalid handle
[2026-07-15 15:08:08.768] [svulkan2] [error] OIDN Error: invalid handle
[2026-07-15 15:08:08.768] [svulkan2] [error] OIDN Error: invalid handle
[2026-07-15 15:08:08.796] [svulkan2] [error] OIDN Error: invalid handle
[2026-07-15 15:08:08.796] [svulkan2] [error] OIDN Error: invalid handle
[2026-07-15 15:08:08.796] [svulkan2] [error] OIDN Error: invalid handle
[2026-07-15 15:08:08.826] [svulkan2] [error] OIDN Error: invalid handle
[2026-07-15 15:08:08.827] [svulkan2] [error] OIDN Error: invalid handle
[2026-07-15 15:08:08.827] [svulkan2] [error] OIDN Error: invalid handle
[2026-07-15 15:08:08.856] [svulkan2] [error] OIDN Error: invalid handle
[2026-07-15 15:08:08.856] [svulkan2] [error] OIDN Error: invalid handle
[2026-07-15 15:08:08.856] [svulkan2] [error] OIDN Error: invalid handle
[2026-07-15 15:08:08.886] [svulkan2] [error] OIDN Error: invalid handle
[2026-07-15 15:08:08.887] [svulkan2] [error] OIDN Error: invalid handle
[2026-07-15 15:08:08.887] [svulkan2] [error] OIDN Error: invalid handle
[2026-07-15 15:08:08.916] [svulkan2] [error] OIDN Error: invalid handle
[2026-07-15 15:08:08.916] [svulkan2] [error] OIDN Error: invalid handle
[2026-07-15 15:08:08.916] [svulkan2] [error] OIDN Error: invalid handle
[2026-07-15 15:08:08.945] [svulkan2] [error] OIDN Error: invalid handle
[2026-07-15 15:08:08.945] [svulkan2] [error] OIDN Error: invalid handle
[2026-07-15 15:08:08.945] [svulkan2] [error] OIDN Error: invalid handle
[2026-07-15 15:08:08.975] [svulkan2] [error] OIDN Error: invalid handle
[2026-07-15 15:08:08.975] [svulkan2] [error] OIDN Error: invalid handle
[2026-07-15 15:08:08.975] [svulkan2] [error] OIDN Error: invalid handle
[2026-07-15 15:08:09.005] [svulkan2] [error] OIDN Error: invalid handle
[2026-07-15 15:08:09.005] [svulkan2] [error] OIDN Error: invalid handle
[2026-07-15 15:08:09.005] [svulkan2] [error] OIDN Error: invalid handle
[2026-07-15 15:08:09.034] [svulkan2] [error] OIDN Error: invalid handle
[2026-07-15 15:08:09.034] [svulkan2] [error] OIDN Error: invalid handle
[2026-07-15 15:08:09.034] [svulkan2] [error] OIDN Error: invalid handle
[2026-07-15 15:08:09.063] [svulkan2] [error] OIDN Error: invalid handle
[2026-07-15 15:08:09.063] [svulkan2] [error] OIDN Error: invalid handle
[2026-07-15 15:08:09.063] [svulkan2] [error] OIDN Error: invalid handle
[2026-07-15 15:08:09.093] [svulkan2] [error] OIDN Error: invalid handle
[2026-07-15 15:08:09.093] [svulkan2] [error] OIDN Error: invalid handle
[2026-07-15 15:08:09.093] [svulkan2] [error] OIDN Error: invalid handle
[2026-07-15 15:08:09.122] [svulkan2] [error] OIDN Error: invalid handle
[2026-07-15 15:08:09.122] [svulkan2] [error] OIDN Error: invalid handle
[2026-07-15 15:08:09.122] [svulkan2] [error] OIDN Error: invalid handle
[2026-07-15 15:08:09.151] [svulkan2] [error] OIDN Error: invalid handle
[2026-07-15 15:08:09.151] [svulkan2] [error] OIDN Error: invalid handle
[2026-07-15 15:08:09.151] [svulkan2] [error] OIDN Error: invalid handle
[2026-07-15 15:08:09.180] [svulkan2] [error] OIDN Error: invalid handle
[2026-07-15 15:08:09.180] [svulkan2] [error] OIDN Error: invalid handle
[2026-07-15 15:08:09.180] [svulkan2] [error] OIDN Error: invalid handle
[2026-07-15 15:08:09.210] [svulkan2] [error] OIDN Error: invalid handle
[2026-07-15 15:08:09.210] [svulkan2] [error] OIDN Error: invalid handle
[2026-07-15 15:08:09.210] [svulkan2] [error] OIDN Error: invalid handle
[2026-07-15 15:08:09.240] [svulkan2] [error] OIDN Error: invalid handle
[2026-07-15 15:08:09.240] [svulkan2] [error] OIDN Error: invalid handle
[2026-07-15 15:08:09.240] [svulkan2] [error] OIDN Error: invalid handle
[2026-07-15 15:08:09.268] [svulkan2] [error] OIDN Error: invalid handle
[2026-07-15 15:08:09.269] [svulkan2] [error] OIDN Error: invalid handle
[2026-07-15 15:08:09.269] [svulkan2] [error] OIDN Error: invalid handle
[2026-07-15 15:08:09.298] [svulkan2] [error] OIDN Error: invalid handle
[2026-07-15 15:08:09.298] [svulkan2] [error] OIDN Error: invalid handle
[2026-07-15 15:08:09.298] [svulkan2] [error] OIDN Error: invalid handle
[2026-07-15 15:08:09.327] [svulkan2] [error] OIDN Error: invalid handle
[2026-07-15 15:08:09.327] [svulkan2] [error] OIDN Error: invalid handle
[2026-07-15 15:08:09.327] [svulkan2] [error] OIDN Error: invalid handle
[2026-07-15 15:08:09.355] [svulkan2] [error] OIDN Error: invalid handle
[2026-07-15 15:08:09.355] [svulkan2] [error] OIDN Error: invalid handle
[2026-07-15 15:08:09.356] [svulkan2] [error] OIDN Error: invalid handle
[2026-07-15 15:08:09.385] [svulkan2] [error] OIDN Error: invalid handle
[2026-07-15 15:08:09.385] [svulkan2] [error] OIDN Error: invalid handle
[2026-07-15 15:08:09.385] [svulkan2] [error] OIDN Error: invalid handle
[2026-07-15 15:08:09.414] [svulkan2] [error] OIDN Error: invalid handle
[2026-07-15 15:08:09.414] [svulkan2] [error] OIDN Error: invalid handle
[2026-07-15 15:08:09.414] [svulkan2] [error] OIDN Error: invalid handle
[2026-07-15 15:08:09.443] [svulkan2] [error] OIDN Error: invalid handle
[2026-07-15 15:08:09.443] [svulkan2] [error] OIDN Error: invalid handle
[2026-07-15 15:08:09.443] [svulkan2] [error] OIDN Error: invalid handle
[2026-07-15 15:08:09.472] [svulkan2] [error] OIDN Error: invalid handle
[2026-07-15 15:08:09.472] [svulkan2] [error] OIDN Error: invalid handle
[2026-07-15 15:08:09.472] [svulkan2] [error] OIDN Error: invalid handle
[2026-07-15 15:08:09.501] [svulkan2] [error] OIDN Error: invalid handle
[2026-07-15 15:08:09.501] [svulkan2] [error] OIDN Error: invalid handle
[2026-07-15 15:08:09.501] [svulkan2] [error] OIDN Error: invalid handle
[2026-07-15 15:08:09.531] [svulkan2] [error] OIDN Error: invalid handle
[2026-07-15 15:08:09.531] [svulkan2] [error] OIDN Error: invalid handle
[2026-07-15 15:08:09.531] [svulkan2] [error] OIDN Error: invalid handle
[2026-07-15 15:08:09.560] [svulkan2] [error] OIDN Error: invalid handle
[2026-07-15 15:08:09.560] [svulkan2] [error] OIDN Error: invalid handle
[2026-07-15 15:08:09.560] [svulkan2] [error] OIDN Error: invalid handle
[2026-07-15 15:08:09.589] [svulkan2] [error] OIDN Error: invalid handle
[2026-07-15 15:08:09.589] [svulkan2] [error] OIDN Error: invalid handle
[2026-07-15 15:08:09.589] [svulkan2] [error] OIDN Error: invalid handle
[2026-07-15 15:08:09.618] [svulkan2] [error] OIDN Error: invalid handle
[2026-07-15 15:08:09.618] [svulkan2] [error] OIDN Error: invalid handle
[2026-07-15 15:08:09.618] [svulkan2] [error] OIDN Error: invalid handle
[2026-07-15 15:08:09.647] [svulkan2] [error] OIDN Error: invalid handle
[2026-07-15 15:08:09.648] [svulkan2] [error] OIDN Error: invalid handle
[2026-07-15 15:08:09.648] [svulkan2] [error] OIDN Error: invalid handle
[2026-07-15 15:08:09.677] [svulkan2] [error] OIDN Error: invalid handle
[2026-07-15 15:08:09.677] [svulkan2] [error] OIDN Error: invalid handle
[2026-07-15 15:08:09.677] [svulkan2] [error] OIDN Error: invalid handle
[2026-07-15 15:08:09.706] [svulkan2] [error] OIDN Error: invalid handle
[2026-07-15 15:08:09.706] [svulkan2] [error] OIDN Error: invalid handle
[2026-07-15 15:08:09.706] [svulkan2] [error] OIDN Error: invalid handle
[2026-07-15 15:08:09.735] [svulkan2] [error] OIDN Error: invalid handle
[2026-07-15 15:08:09.735] [svulkan2] [error] OIDN Error: invalid handle
[2026-07-15 15:08:09.735] [svulkan2] [error] OIDN Error: invalid handle
[2026-07-15 15:08:09.764] [svulkan2] [error] OIDN Error: invalid handle
[2026-07-15 15:08:09.764] [svulkan2] [error] OIDN Error: invalid handle
[2026-07-15 15:08:09.764] [svulkan2] [error] OIDN Error: invalid handle
[2026-07-15 15:08:09.794] [svulkan2] [error] OIDN Error: invalid handle
[2026-07-15 15:08:09.794] [svulkan2] [error] OIDN Error: invalid handle
[2026-07-15 15:08:09.794] [svulkan2] [error] OIDN Error: invalid handle
[2026-07-15 15:08:09.823] [svulkan2] [error] OIDN Error: invalid handle
[2026-07-15 15:08:09.823] [svulkan2] [error] OIDN Error: invalid handle
[2026-07-15 15:08:09.823] [svulkan2] [error] OIDN Error: invalid handle
[2026-07-15 15:08:09.852] [svulkan2] [error] OIDN Error: invalid handle
[2026-07-15 15:08:09.852] [svulkan2] [error] OIDN Error: invalid handle
[2026-07-15 15:08:09.852] [svulkan2] [error] OIDN Error: invalid handle
[2026-07-15 15:08:09.881] [svulkan2] [error] OIDN Error: invalid handle
[2026-07-15 15:08:09.881] [svulkan2] [error] OIDN Error: invalid handle
[2026-07-15 15:08:09.881] [svulkan2] [error] OIDN Error: invalid handle
[2026-07-15 15:08:09.911] [svulkan2] [error] OIDN Error: invalid handle
[2026-07-15 15:08:09.911] [svulkan2] [error] OIDN Error: invalid handle
[2026-07-15 15:08:09.911] [svulkan2] [error] OIDN Error: invalid handle
[2026-07-15 15:08:09.939] [svulkan2] [error] OIDN Error: invalid handle
[2026-07-15 15:08:09.939] [svulkan2] [error] OIDN Error: invalid handle
[2026-07-15 15:08:09.939] [svulkan2] [error] OIDN Error: invalid handle
[2026-07-15 15:08:09.969] [svulkan2] [error] OIDN Error: invalid handle
[2026-07-15 15:08:09.969] [svulkan2] [error] OIDN Error: invalid handle
[2026-07-15 15:08:09.969] [svulkan2] [error] OIDN Error: invalid handle
[2026-07-15 15:08:09.999] [svulkan2] [error] OIDN Error: invalid handle
[2026-07-15 15:08:09.999] [svulkan2] [error] OIDN Error: invalid handle
[2026-07-15 15:08:09.999] [svulkan2] [error] OIDN Error: invalid handle
[2026-07-15 15:08:10.028] [svulkan2] [error] OIDN Error: invalid handle
[2026-07-15 15:08:10.028] [svulkan2] [error] OIDN Error: invalid handle
[2026-07-15 15:08:10.028] [svulkan2] [error] OIDN Error: invalid handle
[2026-07-15 15:08:10.057] [svulkan2] [error] OIDN Error: invalid handle
[2026-07-15 15:08:10.057] [svulkan2] [error] OIDN Error: invalid handle
[2026-07-15 15:08:10.057] [svulkan2] [error] OIDN Error: invalid handle
[2026-07-15 15:08:10.087] [svulkan2] [error] OIDN Error: invalid handle
[2026-07-15 15:08:10.087] [svulkan2] [error] OIDN Error: invalid handle
[2026-07-15 15:08:10.087] [svulkan2] [error] OIDN Error: invalid handle
[2026-07-15 15:08:10.117] [svulkan2] [error] OIDN Error: invalid handle
[2026-07-15 15:08:10.117] [svulkan2] [error] OIDN Error: invalid handle
[2026-07-15 15:08:10.117] [svulkan2] [error] OIDN Error: invalid handle
[2026-07-15 15:08:10.146] [svulkan2] [error] OIDN Error: invalid handle
[2026-07-15 15:08:10.146] [svulkan2] [error] OIDN Error: invalid handle
[2026-07-15 15:08:10.146] [svulkan2] [error] OIDN Error: invalid handle
[2026-07-15 15:08:10.174] [svulkan2] [error] OIDN Error: invalid handle
[2026-07-15 15:08:10.174] [svulkan2] [error] OIDN Error: invalid handle
[2026-07-15 15:08:10.174] [svulkan2] [error] OIDN Error: invalid handle
[2026-07-15 15:08:10.203] [svulkan2] [error] OIDN Error: invalid handle
[2026-07-15 15:08:10.203] [svulkan2] [error] OIDN Error: invalid handle
[2026-07-15 15:08:10.204] [svulkan2] [error] OIDN Error: invalid handle
[2026-07-15 15:08:10.233] [svulkan2] [error] OIDN Error: invalid handle
[2026-07-15 15:08:10.233] [svulkan2] [error] OIDN Error: invalid handle
[2026-07-15 15:08:10.233] [svulkan2] [error] OIDN Error: invalid handle
[2026-07-15 15:08:10.264] [svulkan2] [error] OIDN Error: invalid handle
[2026-07-15 15:08:10.264] [svulkan2] [error] OIDN Error: invalid handle
[2026-07-15 15:08:10.264] [svulkan2] [error] OIDN Error: invalid handle
[2026-07-15 15:08:10.295] [svulkan2] [error] OIDN Error: invalid handle
[2026-07-15 15:08:10.295] [svulkan2] [error] OIDN Error: invalid handle
[2026-07-15 15:08:10.295] [svulkan2] [error] OIDN Error: invalid handle
[2026-07-15 15:08:10.327] [svulkan2] [error] OIDN Error: invalid handle
[2026-07-15 15:08:10.327] [svulkan2] [error] OIDN Error: invalid handle
[2026-07-15 15:08:10.327] [svulkan2] [error] OIDN Error: invalid handle
[2026-07-15 15:08:10.359] [svulkan2] [error] OIDN Error: invalid handle
[2026-07-15 15:08:10.359] [svulkan2] [error] OIDN Error: invalid handle
[2026-07-15 15:08:10.359] [svulkan2] [error] OIDN Error: invalid handle
[2026-07-15 15:08:10.390] [svulkan2] [error] OIDN Error: invalid handle
[2026-07-15 15:08:10.390] [svulkan2] [error] OIDN Error: invalid handle
[2026-07-15 15:08:10.390] [svulkan2] [error] OIDN Error: invalid handle
[2026-07-15 15:08:10.422] [svulkan2] [error] OIDN Error: invalid handle
[2026-07-15 15:08:10.422] [svulkan2] [error] OIDN Error: invalid handle
[2026-07-15 15:08:10.422] [svulkan2] [error] OIDN Error: invalid handle
[2026-07-15 15:08:10.454] [svulkan2] [error] OIDN Error: invalid handle
[2026-07-15 15:08:10.454] [svulkan2] [error] OIDN Error: invalid handle
[2026-07-15 15:08:10.454] [svulkan2] [error] OIDN Error: invalid handle
[2026-07-15 15:08:10.485] [svulkan2] [error] OIDN Error: invalid handle
[2026-07-15 15:08:10.485] [svulkan2] [error] OIDN Error: invalid handle
[2026-07-15 15:08:10.485] [svulkan2] [error] OIDN Error: invalid handle
[2026-07-15 15:08:10.517] [svulkan2] [error] OIDN Error: invalid handle
[2026-07-15 15:08:10.517] [svulkan2] [error] OIDN Error: invalid handle
[2026-07-15 15:08:10.517] [svulkan2] [error] OIDN Error: invalid handle
[2026-07-15 15:08:10.549] [svulkan2] [error] OIDN Error: invalid handle
[2026-07-15 15:08:10.549] [svulkan2] [error] OIDN Error: invalid handle
[2026-07-15 15:08:10.549] [svulkan2] [error] OIDN Error: invalid handle
[2026-07-15 15:08:10.580] [svulkan2] [error] OIDN Error: invalid handle
[2026-07-15 15:08:10.580] [svulkan2] [error] OIDN Error: invalid handle
[2026-07-15 15:08:10.580] [svulkan2] [error] OIDN Error: invalid handle
[2026-07-15 15:08:10.612] [svulkan2] [error] OIDN Error: invalid handle
[2026-07-15 15:08:10.613] [svulkan2] [error] OIDN Error: invalid handle
[2026-07-15 15:08:10.613] [svulkan2] [error] OIDN Error: invalid handle
[2026-07-15 15:08:10.644] [svulkan2] [error] OIDN Error: invalid handle
[2026-07-15 15:08:10.644] [svulkan2] [error] OIDN Error: invalid handle
[2026-07-15 15:08:10.644] [svulkan2] [error] OIDN Error: invalid handle
[2026-07-15 15:08:10.676] [svulkan2] [error] OIDN Error: invalid handle
[2026-07-15 15:08:10.676] [svulkan2] [error] OIDN Error: invalid handle
[2026-07-15 15:08:10.676] [svulkan2] [error] OIDN Error: invalid handle
[2026-07-15 15:08:10.708] [svulkan2] [error] OIDN Error: invalid handle
[2026-07-15 15:08:10.708] [svulkan2] [error] OIDN Error: invalid handle
[2026-07-15 15:08:10.708] [svulkan2] [error] OIDN Error: invalid handle
[2026-07-15 15:08:10.740] [svulkan2] [error] OIDN Error: invalid handle
[2026-07-15 15:08:10.741] [svulkan2] [error] OIDN Error: invalid handle
[2026-07-15 15:08:10.741] [svulkan2] [error] OIDN Error: invalid handle
[2026-07-15 15:08:10.772] [svulkan2] [error] OIDN Error: invalid handle
[2026-07-15 15:08:10.772] [svulkan2] [error] OIDN Error: invalid handle
[2026-07-15 15:08:10.772] [svulkan2] [error] OIDN Error: invalid handle
[2026-07-15 15:08:10.804] [svulkan2] [error] OIDN Error: invalid handle
[2026-07-15 15:08:10.804] [svulkan2] [error] OIDN Error: invalid handle
[2026-07-15 15:08:10.804] [svulkan2] [error] OIDN Error: invalid handle
[2026-07-15 15:08:10.836] [svulkan2] [error] OIDN Error: invalid handle
[2026-07-15 15:08:10.836] [svulkan2] [error] OIDN Error: invalid handle
[2026-07-15 15:08:10.836] [svulkan2] [error] OIDN Error: invalid handle
[2026-07-15 15:08:10.868] [svulkan2] [error] OIDN Error: invalid handle
[2026-07-15 15:08:10.868] [svulkan2] [error] OIDN Error: invalid handle
[2026-07-15 15:08:10.868] [svulkan2] [error] OIDN Error: invalid handle
[2026-07-15 15:08:10.900] [svulkan2] [error] OIDN Error: invalid handle
[2026-07-15 15:08:10.900] [svulkan2] [error] OIDN Error: invalid handle
[2026-07-15 15:08:10.900] [svulkan2] [error] OIDN Error: invalid handle
[2026-07-15 15:08:10.932] [svulkan2] [error] OIDN Error: invalid handle
[2026-07-15 15:08:10.932] [svulkan2] [error] OIDN Error: invalid handle
[2026-07-15 15:08:10.932] [svulkan2] [error] OIDN Error: invalid handle
[2026-07-15 15:08:10.964] [svulkan2] [error] OIDN Error: invalid handle
[2026-07-15 15:08:10.964] [svulkan2] [error] OIDN Error: invalid handle
[2026-07-15 15:08:10.964] [svulkan2] [error] OIDN Error: invalid handle
[2026-07-15 15:08:10.995] [svulkan2] [error] OIDN Error: invalid handle
[2026-07-15 15:08:10.996] [svulkan2] [error] OIDN Error: invalid handle
[2026-07-15 15:08:10.996] [svulkan2] [error] OIDN Error: invalid handle
[2026-07-15 15:08:11.028] [svulkan2] [error] OIDN Error: invalid handle
[2026-07-15 15:08:11.028] [svulkan2] [error] OIDN Error: invalid handle
[2026-07-15 15:08:11.028] [svulkan2] [error] OIDN Error: invalid handle
[2026-07-15 15:08:11.059] [svulkan2] [error] OIDN Error: invalid handle
[2026-07-15 15:08:11.059] [svulkan2] [error] OIDN Error: invalid handle
[2026-07-15 15:08:11.059] [svulkan2] [error] OIDN Error: invalid handle
[2026-07-15 15:08:11.140] [svulkan2] [error] OIDN Error: invalid handle
[2026-07-15 15:08:11.141] [svulkan2] [error] OIDN Error: invalid handle
[2026-07-15 15:08:11.141] [svulkan2] [error] OIDN Error: invalid handle
[2026-07-15 15:08:11.172] [svulkan2] [error] OIDN Error: invalid handle
[2026-07-15 15:08:11.172] [svulkan2] [error] OIDN Error: invalid handle
[2026-07-15 15:08:11.172] [svulkan2] [error] OIDN Error: invalid handle
[2026-07-15 15:08:11.205] [svulkan2] [error] OIDN Error: invalid handle
[2026-07-15 15:08:11.205] [svulkan2] [error] OIDN Error: invalid handle
[2026-07-15 15:08:11.205] [svulkan2] [error] OIDN Error: invalid handle
[2026-07-15 15:08:11.236] [svulkan2] [error] OIDN Error: invalid handle
[2026-07-15 15:08:11.236] [svulkan2] [error] OIDN Error: invalid handle
[2026-07-15 15:08:11.236] [svulkan2] [error] OIDN Error: invalid handle
[2026-07-15 15:08:11.269] [svulkan2] [error] OIDN Error: invalid handle
[2026-07-15 15:08:11.269] [svulkan2] [error] OIDN Error: invalid handle
[2026-07-15 15:08:11.269] [svulkan2] [error] OIDN Error: invalid handle
[2026-07-15 15:08:11.301] [svulkan2] [error] OIDN Error: invalid handle
[2026-07-15 15:08:11.301] [svulkan2] [error] OIDN Error: invalid handle
[2026-07-15 15:08:11.301] [svulkan2] [error] OIDN Error: invalid handle
[2026-07-15 15:08:11.333] [svulkan2] [error] OIDN Error: invalid handle
[2026-07-15 15:08:11.333] [svulkan2] [error] OIDN Error: invalid handle
[2026-07-15 15:08:11.333] [svulkan2] [error] OIDN Error: invalid handle
[2026-07-15 15:08:11.365] [svulkan2] [error] OIDN Error: invalid handle
[2026-07-15 15:08:11.365] [svulkan2] [error] OIDN Error: invalid handle
[2026-07-15 15:08:11.365] [svulkan2] [error] OIDN Error: invalid handle
[2026-07-15 15:08:11.397] [svulkan2] [error] OIDN Error: invalid handle
[2026-07-15 15:08:11.397] [svulkan2] [error] OIDN Error: invalid handle
[2026-07-15 15:08:11.397] [svulkan2] [error] OIDN Error: invalid handle
[2026-07-15 15:08:11.428] [svulkan2] [error] OIDN Error: invalid handle
[2026-07-15 15:08:11.428] [svulkan2] [error] OIDN Error: invalid handle
[2026-07-15 15:08:11.428] [svulkan2] [error] OIDN Error: invalid handle
[2026-07-15 15:08:11.461] [svulkan2] [error] OIDN Error: invalid handle
[2026-07-15 15:08:11.461] [svulkan2] [error] OIDN Error: invalid handle
[2026-07-15 15:08:11.461] [svulkan2] [error] OIDN Error: invalid handle
[2026-07-15 15:08:11.492] [svulkan2] [error] OIDN Error: invalid handle
[2026-07-15 15:08:11.493] [svulkan2] [error] OIDN Error: invalid handle
[2026-07-15 15:08:11.493] [svulkan2] [error] OIDN Error: invalid handle
[2026-07-15 15:08:11.524] [svulkan2] [error] OIDN Error: invalid handle
[2026-07-15 15:08:11.524] [svulkan2] [error] OIDN Error: invalid handle
[2026-07-15 15:08:11.524] [svulkan2] [error] OIDN Error: invalid handle
[2026-07-15 15:08:11.556] [svulkan2] [error] OIDN Error: invalid handle
[2026-07-15 15:08:11.556] [svulkan2] [error] OIDN Error: invalid handle
[2026-07-15 15:08:11.556] [svulkan2] [error] OIDN Error: invalid handle
[2026-07-15 15:08:11.588] [svulkan2] [error] OIDN Error: invalid handle
[2026-07-15 15:08:11.588] [svulkan2] [error] OIDN Error: invalid handle
[2026-07-15 15:08:11.588] [svulkan2] [error] OIDN Error: invalid handle
[2026-07-15 15:08:11.621] [svulkan2] [error] OIDN Error: invalid handle
[2026-07-15 15:08:11.621] [svulkan2] [error] OIDN Error: invalid handle
[2026-07-15 15:08:11.621] [svulkan2] [error] OIDN Error: invalid handle
[2026-07-15 15:08:11.654] [svulkan2] [error] OIDN Error: invalid handle
[2026-07-15 15:08:11.654] [svulkan2] [error] OIDN Error: invalid handle
[2026-07-15 15:08:11.654] [svulkan2] [error] OIDN Error: invalid handle
[2026-07-15 15:08:11.686] [svulkan2] [error] OIDN Error: invalid handle
[2026-07-15 15:08:11.686] [svulkan2] [error] OIDN Error: invalid handle
[2026-07-15 15:08:11.686] [svulkan2] [error] OIDN Error: invalid handle
[2026-07-15 15:08:11.717] [svulkan2] [error] OIDN Error: invalid handle
[2026-07-15 15:08:11.718] [svulkan2] [error] OIDN Error: invalid handle
[2026-07-15 15:08:11.718] [svulkan2] [error] OIDN Error: invalid handle
[2026-07-15 15:08:11.750] [svulkan2] [error] OIDN Error: invalid handle
[2026-07-15 15:08:11.750] [svulkan2] [error] OIDN Error: invalid handle
[2026-07-15 15:08:11.750] [svulkan2] [error] OIDN Error: invalid handle
[2026-07-15 15:08:11.781] [svulkan2] [error] OIDN Error: invalid handle
[2026-07-15 15:08:11.781] [svulkan2] [error] OIDN Error: invalid handle
[2026-07-15 15:08:11.781] [svulkan2] [error] OIDN Error: invalid handle
[2026-07-15 15:08:11.812] [svulkan2] [error] OIDN Error: invalid handle
[2026-07-15 15:08:11.812] [svulkan2] [error] OIDN Error: invalid handle
[2026-07-15 15:08:11.812] [svulkan2] [error] OIDN Error: invalid handle
[2026-07-15 15:08:11.844] [svulkan2] [error] OIDN Error: invalid handle
[2026-07-15 15:08:11.844] [svulkan2] [error] OIDN Error: invalid handle
[2026-07-15 15:08:11.845] [svulkan2] [error] OIDN Error: invalid handle
[2026-07-15 15:08:11.876] [svulkan2] [error] OIDN Error: invalid handle
[2026-07-15 15:08:11.876] [svulkan2] [error] OIDN Error: invalid handle
[2026-07-15 15:08:11.876] [svulkan2] [error] OIDN Error: invalid handle
[2026-07-15 15:08:11.908] [svulkan2] [error] OIDN Error: invalid handle
[2026-07-15 15:08:11.908] [svulkan2] [error] OIDN Error: invalid handle
[2026-07-15 15:08:11.908] [svulkan2] [error] OIDN Error: invalid handle
[2026-07-15 15:08:11.939] [svulkan2] [error] OIDN Error: invalid handle
[2026-07-15 15:08:11.939] [svulkan2] [error] OIDN Error: invalid handle
[2026-07-15 15:08:11.939] [svulkan2] [error] OIDN Error: invalid handle
[2026-07-15 15:08:11.971] [svulkan2] [error] OIDN Error: invalid handle
[2026-07-15 15:08:11.971] [svulkan2] [error] OIDN Error: invalid handle
[2026-07-15 15:08:11.971] [svulkan2] [error] OIDN Error: invalid handle
[2026-07-15 15:08:12.002] [svulkan2] [error] OIDN Error: invalid handle
[2026-07-15 15:08:12.002] [svulkan2] [error] OIDN Error: invalid handle
[2026-07-15 15:08:12.002] [svulkan2] [error] OIDN Error: invalid handle
[2026-07-15 15:08:12.034] [svulkan2] [error] OIDN Error: invalid handle
[2026-07-15 15:08:12.034] [svulkan2] [error] OIDN Error: invalid handle
[2026-07-15 15:08:12.034] [svulkan2] [error] OIDN Error: invalid handle
[2026-07-15 15:08:12.065] [svulkan2] [error] OIDN Error: invalid handle
[2026-07-15 15:08:12.065] [svulkan2] [error] OIDN Error: invalid handle
[2026-07-15 15:08:12.065] [svulkan2] [error] OIDN Error: invalid handle
[2026-07-15 15:08:12.097] [svulkan2] [error] OIDN Error: invalid handle
[2026-07-15 15:08:12.097] [svulkan2] [error] OIDN Error: invalid handle
[2026-07-15 15:08:12.097] [svulkan2] [error] OIDN Error: invalid handle
[2026-07-15 15:08:12.129] [svulkan2] [error] OIDN Error: invalid handle
[2026-07-15 15:08:12.129] [svulkan2] [error] OIDN Error: invalid handle
[2026-07-15 15:08:12.129] [svulkan2] [error] OIDN Error: invalid handle
[2026-07-15 15:08:12.160] [svulkan2] [error] OIDN Error: invalid handle
[2026-07-15 15:08:12.160] [svulkan2] [error] OIDN Error: invalid handle
[2026-07-15 15:08:12.161] [svulkan2] [error] OIDN Error: invalid handle
[2026-07-15 15:08:12.193] [svulkan2] [error] OIDN Error: invalid handle
[2026-07-15 15:08:12.193] [svulkan2] [error] OIDN Error: invalid handle
[2026-07-15 15:08:12.193] [svulkan2] [error] OIDN Error: invalid handle
[2026-07-15 15:08:12.225] [svulkan2] [error] OIDN Error: invalid handle
[2026-07-15 15:08:12.225] [svulkan2] [error] OIDN Error: invalid handle
[2026-07-15 15:08:12.225] [svulkan2] [error] OIDN Error: invalid handle
[2026-07-15 15:08:12.256] [svulkan2] [error] OIDN Error: invalid handle
[2026-07-15 15:08:12.256] [svulkan2] [error] OIDN Error: invalid handle
[2026-07-15 15:08:12.256] [svulkan2] [error] OIDN Error: invalid handle
[2026-07-15 15:08:12.288] [svulkan2] [error] OIDN Error: invalid handle
[2026-07-15 15:08:12.288] [svulkan2] [error] OIDN Error: invalid handle
[2026-07-15 15:08:12.289] [svulkan2] [error] OIDN Error: invalid handle
[2026-07-15 15:08:12.321] [svulkan2] [error] OIDN Error: invalid handle
[2026-07-15 15:08:12.321] [svulkan2] [error] OIDN Error: invalid handle
[2026-07-15 15:08:12.321] [svulkan2] [error] OIDN Error: invalid handle
[2026-07-15 15:08:12.353] [svulkan2] [error] OIDN Error: invalid handle
[2026-07-15 15:08:12.353] [svulkan2] [error] OIDN Error: invalid handle
[2026-07-15 15:08:12.353] [svulkan2] [error] OIDN Error: invalid handle
[2026-07-15 15:08:12.385] [svulkan2] [error] OIDN Error: invalid handle
[2026-07-15 15:08:12.386] [svulkan2] [error] OIDN Error: invalid handle
[2026-07-15 15:08:12.386] [svulkan2] [error] OIDN Error: invalid handle
[2026-07-15 15:08:12.417] [svulkan2] [error] OIDN Error: invalid handle
[2026-07-15 15:08:12.417] [svulkan2] [error] OIDN Error: invalid handle
[2026-07-15 15:08:12.417] [svulkan2] [error] OIDN Error: invalid handle
[2026-07-15 15:08:12.449] [svulkan2] [error] OIDN Error: invalid handle
[2026-07-15 15:08:12.449] [svulkan2] [error] OIDN Error: invalid handle
[2026-07-15 15:08:12.449] [svulkan2] [error] OIDN Error: invalid handle
[2026-07-15 15:08:12.481] [svulkan2] [error] OIDN Error: invalid handle
[2026-07-15 15:08:12.481] [svulkan2] [error] OIDN Error: invalid handle
[2026-07-15 15:08:12.481] [svulkan2] [error] OIDN Error: invalid handle
[2026-07-15 15:08:12.513] [svulkan2] [error] OIDN Error: invalid handle
[2026-07-15 15:08:12.513] [svulkan2] [error] OIDN Error: invalid handle
[2026-07-15 15:08:12.513] [svulkan2] [error] OIDN Error: invalid handle
[2026-07-15 15:08:12.545] [svulkan2] [error] OIDN Error: invalid handle
[2026-07-15 15:08:12.545] [svulkan2] [error] OIDN Error: invalid handle
[2026-07-15 15:08:12.545] [svulkan2] [error] OIDN Error: invalid handle
[2026-07-15 15:08:12.577] [svulkan2] [error] OIDN Error: invalid handle
[2026-07-15 15:08:12.577] [svulkan2] [error] OIDN Error: invalid handle
[2026-07-15 15:08:12.577] [svulkan2] [error] OIDN Error: invalid handle
[2026-07-15 15:08:12.609] [svulkan2] [error] OIDN Error: invalid handle
[2026-07-15 15:08:12.609] [svulkan2] [error] OIDN Error: invalid handle
[2026-07-15 15:08:12.609] [svulkan2] [error] OIDN Error: invalid handle
[2026-07-15 15:08:12.641] [svulkan2] [error] OIDN Error: invalid handle
[2026-07-15 15:08:12.641] [svulkan2] [error] OIDN Error: invalid handle
[2026-07-15 15:08:12.641] [svulkan2] [error] OIDN Error: invalid handle
[2026-07-15 15:08:12.674] [svulkan2] [error] OIDN Error: invalid handle
[2026-07-15 15:08:12.674] [svulkan2] [error] OIDN Error: invalid handle
[2026-07-15 15:08:12.674] [svulkan2] [error] OIDN Error: invalid handle
[2026-07-15 15:08:12.705] [svulkan2] [error] OIDN Error: invalid handle
[2026-07-15 15:08:12.705] [svulkan2] [error] OIDN Error: invalid handle
[2026-07-15 15:08:12.705] [svulkan2] [error] OIDN Error: invalid handle
[2026-07-15 15:08:12.735] [svulkan2] [error] OIDN Error: invalid handle
[2026-07-15 15:08:12.735] [svulkan2] [error] OIDN Error: invalid handle
[2026-07-15 15:08:12.735] [svulkan2] [error] OIDN Error: invalid handle
[2026-07-15 15:08:12.766] [svulkan2] [error] OIDN Error: invalid handle
[2026-07-15 15:08:12.766] [svulkan2] [error] OIDN Error: invalid handle
[2026-07-15 15:08:12.766] [svulkan2] [error] OIDN Error: invalid handle
[2026-07-15 15:08:12.798] [svulkan2] [error] OIDN Error: invalid handle
[2026-07-15 15:08:12.798] [svulkan2] [error] OIDN Error: invalid handle
[2026-07-15 15:08:12.798] [svulkan2] [error] OIDN Error: invalid handle
[2026-07-15 15:08:12.830] [svulkan2] [error] OIDN Error: invalid handle
[2026-07-15 15:08:12.830] [svulkan2] [error] OIDN Error: invalid handle
[2026-07-15 15:08:12.830] [svulkan2] [error] OIDN Error: invalid handle
[2026-07-15 15:08:12.862] [svulkan2] [error] OIDN Error: invalid handle
[2026-07-15 15:08:12.862] [svulkan2] [error] OIDN Error: invalid handle
[2026-07-15 15:08:12.863] [svulkan2] [error] OIDN Error: invalid handle
[2026-07-15 15:08:12.894] [svulkan2] [error] OIDN Error: invalid handle
[2026-07-15 15:08:12.894] [svulkan2] [error] OIDN Error: invalid handle
[2026-07-15 15:08:12.895] [svulkan2] [error] OIDN Error: invalid handle
[2026-07-15 15:08:12.927] [svulkan2] [error] OIDN Error: invalid handle
[2026-07-15 15:08:12.927] [svulkan2] [error] OIDN Error: invalid handle
[2026-07-15 15:08:12.927] [svulkan2] [error] OIDN Error: invalid handle
[2026-07-15 15:08:12.960] [svulkan2] [error] OIDN Error: invalid handle
[2026-07-15 15:08:12.960] [svulkan2] [error] OIDN Error: invalid handle
[2026-07-15 15:08:12.960] [svulkan2] [error] OIDN Error: invalid handle
[2026-07-15 15:08:12.992] [svulkan2] [error] OIDN Error: invalid handle
[2026-07-15 15:08:12.992] [svulkan2] [error] OIDN Error: invalid handle
[2026-07-15 15:08:12.992] [svulkan2] [error] OIDN Error: invalid handle
[2026-07-15 15:08:13.024] [svulkan2] [error] OIDN Error: invalid handle
[2026-07-15 15:08:13.024] [svulkan2] [error] OIDN Error: invalid handle
[2026-07-15 15:08:13.024] [svulkan2] [error] OIDN Error: invalid handle
[2026-07-15 15:08:13.056] [svulkan2] [error] OIDN Error: invalid handle
[2026-07-15 15:08:13.056] [svulkan2] [error] OIDN Error: invalid handle
[2026-07-15 15:08:13.056] [svulkan2] [error] OIDN Error: invalid handle
[2026-07-15 15:08:13.088] [svulkan2] [error] OIDN Error: invalid handle
[2026-07-15 15:08:13.089] [svulkan2] [error] OIDN Error: invalid handle
[2026-07-15 15:08:13.089] [svulkan2] [error] OIDN Error: invalid handle
[2026-07-15 15:08:13.121] [svulkan2] [error] OIDN Error: invalid handle
[2026-07-15 15:08:13.121] [svulkan2] [error] OIDN Error: invalid handle
[2026-07-15 15:08:13.121] [svulkan2] [error] OIDN Error: invalid handle
[2026-07-15 15:08:13.154] [svulkan2] [error] OIDN Error: invalid handle
[2026-07-15 15:08:13.154] [svulkan2] [error] OIDN Error: invalid handle
[2026-07-15 15:08:13.154] [svulkan2] [error] OIDN Error: invalid handle
[2026-07-15 15:08:13.186] [svulkan2] [error] OIDN Error: invalid handle
[2026-07-15 15:08:13.186] [svulkan2] [error] OIDN Error: invalid handle
[2026-07-15 15:08:13.186] [svulkan2] [error] OIDN Error: invalid handle
[2026-07-15 15:08:13.219] [svulkan2] [error] OIDN Error: invalid handle
[2026-07-15 15:08:13.219] [svulkan2] [error] OIDN Error: invalid handle
[2026-07-15 15:08:13.219] [svulkan2] [error] OIDN Error: invalid handle
[2026-07-15 15:08:13.251] [svulkan2] [error] OIDN Error: invalid handle
[2026-07-15 15:08:13.252] [svulkan2] [error] OIDN Error: invalid handle
[2026-07-15 15:08:13.252] [svulkan2] [error] OIDN Error: invalid handle
[2026-07-15 15:08:13.284] [svulkan2] [error] OIDN Error: invalid handle
[2026-07-15 15:08:13.284] [svulkan2] [error] OIDN Error: invalid handle
[2026-07-15 15:08:13.284] [svulkan2] [error] OIDN Error: invalid handle
[2026-07-15 15:08:13.317] [svulkan2] [error] OIDN Error: invalid handle
[2026-07-15 15:08:13.317] [svulkan2] [error] OIDN Error: invalid handle
[2026-07-15 15:08:13.317] [svulkan2] [error] OIDN Error: invalid handle
[2026-07-15 15:08:13.350] [svulkan2] [error] OIDN Error: invalid handle
[2026-07-15 15:08:13.350] [svulkan2] [error] OIDN Error: invalid handle
[2026-07-15 15:08:13.350] [svulkan2] [error] OIDN Error: invalid handle
[2026-07-15 15:08:13.382] [svulkan2] [error] OIDN Error: invalid handle
[2026-07-15 15:08:13.382] [svulkan2] [error] OIDN Error: invalid handle
[2026-07-15 15:08:13.382] [svulkan2] [error] OIDN Error: invalid handle
[2026-07-15 15:08:13.415] [svulkan2] [error] OIDN Error: invalid handle
[2026-07-15 15:08:13.415] [svulkan2] [error] OIDN Error: invalid handle
[2026-07-15 15:08:13.415] [svulkan2] [error] OIDN Error: invalid handle
[2026-07-15 15:08:13.448] [svulkan2] [error] OIDN Error: invalid handle
[2026-07-15 15:08:13.448] [svulkan2] [error] OIDN Error: invalid handle
[2026-07-15 15:08:13.448] [svulkan2] [error] OIDN Error: invalid handle
[2026-07-15 15:08:13.481] [svulkan2] [error] OIDN Error: invalid handle
[2026-07-15 15:08:13.481] [svulkan2] [error] OIDN Error: invalid handle
[2026-07-15 15:08:13.481] [svulkan2] [error] OIDN Error: invalid handle
[2026-07-15 15:08:13.513] [svulkan2] [error] OIDN Error: invalid handle
[2026-07-15 15:08:13.513] [svulkan2] [error] OIDN Error: invalid handle
[2026-07-15 15:08:13.513] [svulkan2] [error] OIDN Error: invalid handle
[2026-07-15 15:08:13.546] [svulkan2] [error] OIDN Error: invalid handle
[2026-07-15 15:08:13.546] [svulkan2] [error] OIDN Error: invalid handle
[2026-07-15 15:08:13.546] [svulkan2] [error] OIDN Error: invalid handle
[2026-07-15 15:08:13.579] [svulkan2] [error] OIDN Error: invalid handle
[2026-07-15 15:08:13.579] [svulkan2] [error] OIDN Error: invalid handle
[2026-07-15 15:08:13.579] [svulkan2] [error] OIDN Error: invalid handle
[2026-07-15 15:08:13.612] [svulkan2] [error] OIDN Error: invalid handle
[2026-07-15 15:08:13.612] [svulkan2] [error] OIDN Error: invalid handle
[2026-07-15 15:08:13.612] [svulkan2] [error] OIDN Error: invalid handle
[2026-07-15 15:08:13.645] [svulkan2] [error] OIDN Error: invalid handle
[2026-07-15 15:08:13.646] [svulkan2] [error] OIDN Error: invalid handle
[2026-07-15 15:08:13.646] [svulkan2] [error] OIDN Error: invalid handle
[2026-07-15 15:08:13.679] [svulkan2] [error] OIDN Error: invalid handle
[2026-07-15 15:08:13.679] [svulkan2] [error] OIDN Error: invalid handle
[2026-07-15 15:08:13.679] [svulkan2] [error] OIDN Error: invalid handle
[2026-07-15 15:08:13.712] [svulkan2] [error] OIDN Error: invalid handle
[2026-07-15 15:08:13.712] [svulkan2] [error] OIDN Error: invalid handle
[2026-07-15 15:08:13.712] [svulkan2] [error] OIDN Error: invalid handle
[2026-07-15 15:08:13.745] [svulkan2] [error] OIDN Error: invalid handle
[2026-07-15 15:08:13.745] [svulkan2] [error] OIDN Error: invalid handle
[2026-07-15 15:08:13.745] [svulkan2] [error] OIDN Error: invalid handle
[2026-07-15 15:08:13.778] [svulkan2] [error] OIDN Error: invalid handle
[2026-07-15 15:08:13.778] [svulkan2] [error] OIDN Error: invalid handle
[2026-07-15 15:08:13.778] [svulkan2] [error] OIDN Error: invalid handle
[2026-07-15 15:08:13.811] [svulkan2] [error] OIDN Error: invalid handle
[2026-07-15 15:08:13.811] [svulkan2] [error] OIDN Error: invalid handle
[2026-07-15 15:08:13.811] [svulkan2] [error] OIDN Error: invalid handle
[2026-07-15 15:08:13.843] [svulkan2] [error] OIDN Error: invalid handle
[2026-07-15 15:08:13.843] [svulkan2] [error] OIDN Error: invalid handle
[2026-07-15 15:08:13.843] [svulkan2] [error] OIDN Error: invalid handle
[2026-07-15 15:08:13.875] [svulkan2] [error] OIDN Error: invalid handle
[2026-07-15 15:08:13.875] [svulkan2] [error] OIDN Error: invalid handle
[2026-07-15 15:08:13.875] [svulkan2] [error] OIDN Error: invalid handle
[2026-07-15 15:08:13.907] [svulkan2] [error] OIDN Error: invalid handle
[2026-07-15 15:08:13.907] [svulkan2] [error] OIDN Error: invalid handle
[2026-07-15 15:08:13.907] [svulkan2] [error] OIDN Error: invalid handle
[2026-07-15 15:08:13.939] [svulkan2] [error] OIDN Error: invalid handle
[2026-07-15 15:08:13.939] [svulkan2] [error] OIDN Error: invalid handle
[2026-07-15 15:08:13.939] [svulkan2] [error] OIDN Error: invalid handle
[2026-07-15 15:08:13.972] [svulkan2] [error] OIDN Error: invalid handle
[2026-07-15 15:08:13.972] [svulkan2] [error] OIDN Error: invalid handle
[2026-07-15 15:08:13.972] [svulkan2] [error] OIDN Error: invalid handle
[2026-07-15 15:08:14.006] [svulkan2] [error] OIDN Error: invalid handle
[2026-07-15 15:08:14.006] [svulkan2] [error] OIDN Error: invalid handle
[2026-07-15 15:08:14.006] [svulkan2] [error] OIDN Error: invalid handle
[2026-07-15 15:08:14.038] [svulkan2] [error] OIDN Error: invalid handle
[2026-07-15 15:08:14.038] [svulkan2] [error] OIDN Error: invalid handle
[2026-07-15 15:08:14.038] [svulkan2] [error] OIDN Error: invalid handle
[2026-07-15 15:08:14.071] [svulkan2] [error] OIDN Error: invalid handle
[2026-07-15 15:08:14.071] [svulkan2] [error] OIDN Error: invalid handle
[2026-07-15 15:08:14.071] [svulkan2] [error] OIDN Error: invalid handle
[2026-07-15 15:08:14.104] [svulkan2] [error] OIDN Error: invalid handle
[2026-07-15 15:08:14.104] [svulkan2] [error] OIDN Error: invalid handle
[2026-07-15 15:08:14.104] [svulkan2] [error] OIDN Error: invalid handle
[2026-07-15 15:08:14.137] [svulkan2] [error] OIDN Error: invalid handle
[2026-07-15 15:08:14.137] [svulkan2] [error] OIDN Error: invalid handle
[2026-07-15 15:08:14.137] [svulkan2] [error] OIDN Error: invalid handle
[2026-07-15 15:08:14.169] [svulkan2] [error] OIDN Error: invalid handle
[2026-07-15 15:08:14.169] [svulkan2] [error] OIDN Error: invalid handle
[2026-07-15 15:08:14.169] [svulkan2] [error] OIDN Error: invalid handle
[2026-07-15 15:08:14.202] [svulkan2] [error] OIDN Error: invalid handle
[2026-07-15 15:08:14.202] [svulkan2] [error] OIDN Error: invalid handle
[2026-07-15 15:08:14.202] [svulkan2] [error] OIDN Error: invalid handle
[2026-07-15 15:08:14.234] [svulkan2] [error] OIDN Error: invalid handle
[2026-07-15 15:08:14.234] [svulkan2] [error] OIDN Error: invalid handle
[2026-07-15 15:08:14.234] [svulkan2] [error] OIDN Error: invalid handle
[2026-07-15 15:08:14.267] [svulkan2] [error] OIDN Error: invalid handle
[2026-07-15 15:08:14.267] [svulkan2] [error] OIDN Error: invalid handle
[2026-07-15 15:08:14.267] [svulkan2] [error] OIDN Error: invalid handle
[2026-07-15 15:08:14.300] [svulkan2] [error] OIDN Error: invalid handle
[2026-07-15 15:08:14.300] [svulkan2] [error] OIDN Error: invalid handle
[2026-07-15 15:08:14.300] [svulkan2] [error] OIDN Error: invalid handle
[2026-07-15 15:08:14.332] [svulkan2] [error] OIDN Error: invalid handle
[2026-07-15 15:08:14.332] [svulkan2] [error] OIDN Error: invalid handle
[2026-07-15 15:08:14.332] [svulkan2] [error] OIDN Error: invalid handle
[2026-07-15 15:08:14.365] [svulkan2] [error] OIDN Error: invalid handle
[2026-07-15 15:08:14.365] [svulkan2] [error] OIDN Error: invalid handle
[2026-07-15 15:08:14.365] [svulkan2] [error] OIDN Error: invalid handle
[2026-07-15 15:08:14.397] [svulkan2] [error] OIDN Error: invalid handle
[2026-07-15 15:08:14.397] [svulkan2] [error] OIDN Error: invalid handle
[2026-07-15 15:08:14.397] [svulkan2] [error] OIDN Error: invalid handle
[2026-07-15 15:08:14.430] [svulkan2] [error] OIDN Error: invalid handle
[2026-07-15 15:08:14.430] [svulkan2] [error] OIDN Error: invalid handle
[2026-07-15 15:08:14.430] [svulkan2] [error] OIDN Error: invalid handle
[2026-07-15 15:08:14.463] [svulkan2] [error] OIDN Error: invalid handle
[2026-07-15 15:08:14.463] [svulkan2] [error] OIDN Error: invalid handle
[2026-07-15 15:08:14.463] [svulkan2] [error] OIDN Error: invalid handle
[2026-07-15 15:08:14.495] [svulkan2] [error] OIDN Error: invalid handle
[2026-07-15 15:08:14.495] [svulkan2] [error] OIDN Error: invalid handle
[2026-07-15 15:08:14.495] [svulkan2] [error] OIDN Error: invalid handle
[2026-07-15 15:08:14.527] [svulkan2] [error] OIDN Error: invalid handle
[2026-07-15 15:08:14.527] [svulkan2] [error] OIDN Error: invalid handle
[2026-07-15 15:08:14.527] [svulkan2] [error] OIDN Error: invalid handle
[2026-07-15 15:08:14.560] [svulkan2] [error] OIDN Error: invalid handle
[2026-07-15 15:08:14.560] [svulkan2] [error] OIDN Error: invalid handle
[2026-07-15 15:08:14.560] [svulkan2] [error] OIDN Error: invalid handle
[2026-07-15 15:08:14.592] [svulkan2] [error] OIDN Error: invalid handle
[2026-07-15 15:08:14.592] [svulkan2] [error] OIDN Error: invalid handle
[2026-07-15 15:08:14.592] [svulkan2] [error] OIDN Error: invalid handle
[2026-07-15 15:08:14.625] [svulkan2] [error] OIDN Error: invalid handle
[2026-07-15 15:08:14.625] [svulkan2] [error] OIDN Error: invalid handle
[2026-07-15 15:08:14.625] [svulkan2] [error] OIDN Error: invalid handle
[2026-07-15 15:08:14.657] [svulkan2] [error] OIDN Error: invalid handle
[2026-07-15 15:08:14.657] [svulkan2] [error] OIDN Error: invalid handle
[2026-07-15 15:08:14.658] [svulkan2] [error] OIDN Error: invalid handle
[2026-07-15 15:08:14.689] [svulkan2] [error] OIDN Error: invalid handle
[2026-07-15 15:08:14.689] [svulkan2] [error] OIDN Error: invalid handle
[2026-07-15 15:08:14.689] [svulkan2] [error] OIDN Error: invalid handle
[2026-07-15 15:08:14.721] [svulkan2] [error] OIDN Error: invalid handle
[2026-07-15 15:08:14.721] [svulkan2] [error] OIDN Error: invalid handle
[2026-07-15 15:08:14.721] [svulkan2] [error] OIDN Error: invalid handle
[2026-07-15 15:08:14.754] [svulkan2] [error] OIDN Error: invalid handle
[2026-07-15 15:08:14.754] [svulkan2] [error] OIDN Error: invalid handle
[2026-07-15 15:08:14.754] [svulkan2] [error] OIDN Error: invalid handle
[2026-07-15 15:08:14.787] [svulkan2] [error] OIDN Error: invalid handle
[2026-07-15 15:08:14.787] [svulkan2] [error] OIDN Error: invalid handle
[2026-07-15 15:08:14.787] [svulkan2] [error] OIDN Error: invalid handle
[2026-07-15 15:08:14.819] [svulkan2] [error] OIDN Error: invalid handle
[2026-07-15 15:08:14.819] [svulkan2] [error] OIDN Error: invalid handle
[2026-07-15 15:08:14.819] [svulkan2] [error] OIDN Error: invalid handle
[2026-07-15 15:08:14.852] [svulkan2] [error] OIDN Error: invalid handle
[2026-07-15 15:08:14.852] [svulkan2] [error] OIDN Error: invalid handle
[2026-07-15 15:08:14.852] [svulkan2] [error] OIDN Error: invalid handle
[2026-07-15 15:08:14.884] [svulkan2] [error] OIDN Error: invalid handle
[2026-07-15 15:08:14.885] [svulkan2] [error] OIDN Error: invalid handle
[2026-07-15 15:08:14.885] [svulkan2] [error] OIDN Error: invalid handle
[2026-07-15 15:08:14.917] [svulkan2] [error] OIDN Error: invalid handle
[2026-07-15 15:08:14.917] [svulkan2] [error] OIDN Error: invalid handle
[2026-07-15 15:08:14.917] [svulkan2] [error] OIDN Error: invalid handle
[2026-07-15 15:08:14.949] [svulkan2] [error] OIDN Error: invalid handle
[2026-07-15 15:08:14.949] [svulkan2] [error] OIDN Error: invalid handle
[2026-07-15 15:08:14.949] [svulkan2] [error] OIDN Error: invalid handle
[2026-07-15 15:08:14.981] [svulkan2] [error] OIDN Error: invalid handle
[2026-07-15 15:08:14.981] [svulkan2] [error] OIDN Error: invalid handle
[2026-07-15 15:08:14.981] [svulkan2] [error] OIDN Error: invalid handle
[2026-07-15 15:08:15.014] [svulkan2] [error] OIDN Error: invalid handle
[2026-07-15 15:08:15.014] [svulkan2] [error] OIDN Error: invalid handle
[2026-07-15 15:08:15.014] [svulkan2] [error] OIDN Error: invalid handle
[2026-07-15 15:08:15.046] [svulkan2] [error] OIDN Error: invalid handle
[2026-07-15 15:08:15.046] [svulkan2] [error] OIDN Error: invalid handle
[2026-07-15 15:08:15.046] [svulkan2] [error] OIDN Error: invalid handle
[2026-07-15 15:08:15.077] [svulkan2] [error] OIDN Error: invalid handle
[2026-07-15 15:08:15.077] [svulkan2] [error] OIDN Error: invalid handle
[2026-07-15 15:08:15.078] [svulkan2] [error] OIDN Error: invalid handle
[2026-07-15 15:08:15.110] [svulkan2] [error] OIDN Error: invalid handle
[2026-07-15 15:08:15.110] [svulkan2] [error] OIDN Error: invalid handle
[2026-07-15 15:08:15.110] [svulkan2] [error] OIDN Error: invalid handle
[2026-07-15 15:08:15.142] [svulkan2] [error] OIDN Error: invalid handle
[2026-07-15 15:08:15.142] [svulkan2] [error] OIDN Error: invalid handle
[2026-07-15 15:08:15.142] [svulkan2] [error] OIDN Error: invalid handle
[2026-07-15 15:08:15.175] [svulkan2] [error] OIDN Error: invalid handle
[2026-07-15 15:08:15.175] [svulkan2] [error] OIDN Error: invalid handle
[2026-07-15 15:08:15.175] [svulkan2] [error] OIDN Error: invalid handle
[2026-07-15 15:08:15.207] [svulkan2] [error] OIDN Error: invalid handle
[2026-07-15 15:08:15.207] [svulkan2] [error] OIDN Error: invalid handle
[2026-07-15 15:08:15.207] [svulkan2] [error] OIDN Error: invalid handle
[2026-07-15 15:08:15.283] [svulkan2] [error] OIDN Error: invalid handle
[2026-07-15 15:08:15.283] [svulkan2] [error] OIDN Error: invalid handle
[2026-07-15 15:08:15.283] [svulkan2] [error] OIDN Error: invalid handle
[2026-07-15 15:08:15.315] [svulkan2] [error] OIDN Error: invalid handle
[2026-07-15 15:08:15.315] [svulkan2] [error] OIDN Error: invalid handle
[2026-07-15 15:08:15.315] [svulkan2] [error] OIDN Error: invalid handle
[2026-07-15 15:08:15.346] [svulkan2] [error] OIDN Error: invalid handle
[2026-07-15 15:08:15.346] [svulkan2] [error] OIDN Error: invalid handle
[2026-07-15 15:08:15.347] [svulkan2] [error] OIDN Error: invalid handle
[2026-07-15 15:08:15.378] [svulkan2] [error] OIDN Error: invalid handle
[2026-07-15 15:08:15.378] [svulkan2] [error] OIDN Error: invalid handle
[2026-07-15 15:08:15.378] [svulkan2] [error] OIDN Error: invalid handle
[2026-07-15 15:08:15.411] [svulkan2] [error] OIDN Error: invalid handle
[2026-07-15 15:08:15.411] [svulkan2] [error] OIDN Error: invalid handle
[2026-07-15 15:08:15.411] [svulkan2] [error] OIDN Error: invalid handle
[2026-07-15 15:08:15.443] [svulkan2] [error] OIDN Error: invalid handle
[2026-07-15 15:08:15.444] [svulkan2] [error] OIDN Error: invalid handle
[2026-07-15 15:08:15.444] [svulkan2] [error] OIDN Error: invalid handle
[2026-07-15 15:08:15.476] [svulkan2] [error] OIDN Error: invalid handle
[2026-07-15 15:08:15.476] [svulkan2] [error] OIDN Error: invalid handle
[2026-07-15 15:08:15.476] [svulkan2] [error] OIDN Error: invalid handle
[2026-07-15 15:08:15.508] [svulkan2] [error] OIDN Error: invalid handle
[2026-07-15 15:08:15.508] [svulkan2] [error] OIDN Error: invalid handle
[2026-07-15 15:08:15.508] [svulkan2] [error] OIDN Error: invalid handle
[2026-07-15 15:08:15.540] [svulkan2] [error] OIDN Error: invalid handle
[2026-07-15 15:08:15.540] [svulkan2] [error] OIDN Error: invalid handle
[2026-07-15 15:08:15.540] [svulkan2] [error] OIDN Error: invalid handle
[2026-07-15 15:08:15.572] [svulkan2] [error] OIDN Error: invalid handle
[2026-07-15 15:08:15.572] [svulkan2] [error] OIDN Error: invalid handle
[2026-07-15 15:08:15.572] [svulkan2] [error] OIDN Error: invalid handle
[2026-07-15 15:08:15.605] [svulkan2] [error] OIDN Error: invalid handle
[2026-07-15 15:08:15.605] [svulkan2] [error] OIDN Error: invalid handle
[2026-07-15 15:08:15.605] [svulkan2] [error] OIDN Error: invalid handle
[2026-07-15 15:08:15.637] [svulkan2] [error] OIDN Error: invalid handle
[2026-07-15 15:08:15.637] [svulkan2] [error] OIDN Error: invalid handle
[2026-07-15 15:08:15.637] [svulkan2] [error] OIDN Error: invalid handle
[2026-07-15 15:08:15.669] [svulkan2] [error] OIDN Error: invalid handle
[2026-07-15 15:08:15.669] [svulkan2] [error] OIDN Error: invalid handle
[2026-07-15 15:08:15.669] [svulkan2] [error] OIDN Error: invalid handle
[2026-07-15 15:08:15.702] [svulkan2] [error] OIDN Error: invalid handle
[2026-07-15 15:08:15.702] [svulkan2] [error] OIDN Error: invalid handle
[2026-07-15 15:08:15.702] [svulkan2] [error] OIDN Error: invalid handle
[2026-07-15 15:08:15.734] [svulkan2] [error] OIDN Error: invalid handle
[2026-07-15 15:08:15.735] [svulkan2] [error] OIDN Error: invalid handle
[2026-07-15 15:08:15.735] [svulkan2] [error] OIDN Error: invalid handle
[2026-07-15 15:08:15.767] [svulkan2] [error] OIDN Error: invalid handle
[2026-07-15 15:08:15.767] [svulkan2] [error] OIDN Error: invalid handle
[2026-07-15 15:08:15.767] [svulkan2] [error] OIDN Error: invalid handle
[2026-07-15 15:08:15.799] [svulkan2] [error] OIDN Error: invalid handle
[2026-07-15 15:08:15.800] [svulkan2] [error] OIDN Error: invalid handle
[2026-07-15 15:08:15.800] [svulkan2] [error] OIDN Error: invalid handle
[2026-07-15 15:08:15.831] [svulkan2] [error] OIDN Error: invalid handle
[2026-07-15 15:08:15.831] [svulkan2] [error] OIDN Error: invalid handle
[2026-07-15 15:08:15.831] [svulkan2] [error] OIDN Error: invalid handle
[2026-07-15 15:08:15.863] [svulkan2] [error] OIDN Error: invalid handle
[2026-07-15 15:08:15.863] [svulkan2] [error] OIDN Error: invalid handle
[2026-07-15 15:08:15.863] [svulkan2] [error] OIDN Error: invalid handle
[2026-07-15 15:08:15.895] [svulkan2] [error] OIDN Error: invalid handle
[2026-07-15 15:08:15.895] [svulkan2] [error] OIDN Error: invalid handle
[2026-07-15 15:08:15.895] [svulkan2] [error] OIDN Error: invalid handle
[2026-07-15 15:08:15.928] [svulkan2] [error] OIDN Error: invalid handle
[2026-07-15 15:08:15.928] [svulkan2] [error] OIDN Error: invalid handle
[2026-07-15 15:08:15.928] [svulkan2] [error] OIDN Error: invalid handle
[2026-07-15 15:08:15.960] [svulkan2] [error] OIDN Error: invalid handle
[2026-07-15 15:08:15.960] [svulkan2] [error] OIDN Error: invalid handle
[2026-07-15 15:08:15.960] [svulkan2] [error] OIDN Error: invalid handle
[2026-07-15 15:08:15.992] [svulkan2] [error] OIDN Error: invalid handle
[2026-07-15 15:08:15.992] [svulkan2] [error] OIDN Error: invalid handle
[2026-07-15 15:08:15.992] [svulkan2] [error] OIDN Error: invalid handle
[2026-07-15 15:08:16.023] [svulkan2] [error] OIDN Error: invalid handle
[2026-07-15 15:08:16.023] [svulkan2] [error] OIDN Error: invalid handle
[2026-07-15 15:08:16.023] [svulkan2] [error] OIDN Error: invalid handle
[2026-07-15 15:08:16.055] [svulkan2] [error] OIDN Error: invalid handle
[2026-07-15 15:08:16.055] [svulkan2] [error] OIDN Error: invalid handle
[2026-07-15 15:08:16.055] [svulkan2] [error] OIDN Error: invalid handle
[2026-07-15 15:08:16.087] [svulkan2] [error] OIDN Error: invalid handle
[2026-07-15 15:08:16.087] [svulkan2] [error] OIDN Error: invalid handle
[2026-07-15 15:08:16.087] [svulkan2] [error] OIDN Error: invalid handle
[2026-07-15 15:08:16.120] [svulkan2] [error] OIDN Error: invalid handle
[2026-07-15 15:08:16.120] [svulkan2] [error] OIDN Error: invalid handle
[2026-07-15 15:08:16.120] [svulkan2] [error] OIDN Error: invalid handle
[2026-07-15 15:08:16.152] [svulkan2] [error] OIDN Error: invalid handle
[2026-07-15 15:08:16.152] [svulkan2] [error] OIDN Error: invalid handle
[2026-07-15 15:08:16.153] [svulkan2] [error] OIDN Error: invalid handle
[2026-07-15 15:08:16.185] [svulkan2] [error] OIDN Error: invalid handle
[2026-07-15 15:08:16.185] [svulkan2] [error] OIDN Error: invalid handle
[2026-07-15 15:08:16.185] [svulkan2] [error] OIDN Error: invalid handle
[2026-07-15 15:08:16.216] [svulkan2] [error] OIDN Error: invalid handle
[2026-07-15 15:08:16.216] [svulkan2] [error] OIDN Error: invalid handle
[2026-07-15 15:08:16.216] [svulkan2] [error] OIDN Error: invalid handle
[2026-07-15 15:08:16.249] [svulkan2] [error] OIDN Error: invalid handle
[2026-07-15 15:08:16.249] [svulkan2] [error] OIDN Error: invalid handle
[2026-07-15 15:08:16.249] [svulkan2] [error] OIDN Error: invalid handle
[2026-07-15 15:08:16.282] [svulkan2] [error] OIDN Error: invalid handle
[2026-07-15 15:08:16.282] [svulkan2] [error] OIDN Error: invalid handle
[2026-07-15 15:08:16.282] [svulkan2] [error] OIDN Error: invalid handle
[2026-07-15 15:08:16.315] [svulkan2] [error] OIDN Error: invalid handle
[2026-07-15 15:08:16.315] [svulkan2] [error] OIDN Error: invalid handle
[2026-07-15 15:08:16.315] [svulkan2] [error] OIDN Error: invalid handle
[2026-07-15 15:08:16.348] [svulkan2] [error] OIDN Error: invalid handle
[2026-07-15 15:08:16.348] [svulkan2] [error] OIDN Error: invalid handle
[2026-07-15 15:08:16.348] [svulkan2] [error] OIDN Error: invalid handle
[2026-07-15 15:08:16.381] [svulkan2] [error] OIDN Error: invalid handle
[2026-07-15 15:08:16.381] [svulkan2] [error] OIDN Error: invalid handle
[2026-07-15 15:08:16.381] [svulkan2] [error] OIDN Error: invalid handle
[2026-07-15 15:08:16.414] [svulkan2] [error] OIDN Error: invalid handle
[2026-07-15 15:08:16.414] [svulkan2] [error] OIDN Error: invalid handle
[2026-07-15 15:08:16.414] [svulkan2] [error] OIDN Error: invalid handle
[2026-07-15 15:08:16.447] [svulkan2] [error] OIDN Error: invalid handle
[2026-07-15 15:08:16.447] [svulkan2] [error] OIDN Error: invalid handle
[2026-07-15 15:08:16.447] [svulkan2] [error] OIDN Error: invalid handle
[2026-07-15 15:08:16.481] [svulkan2] [error] OIDN Error: invalid handle
[2026-07-15 15:08:16.481] [svulkan2] [error] OIDN Error: invalid handle
[2026-07-15 15:08:16.481] [svulkan2] [error] OIDN Error: invalid handle
[2026-07-15 15:08:16.514] [svulkan2] [error] OIDN Error: invalid handle
[2026-07-15 15:08:16.514] [svulkan2] [error] OIDN Error: invalid handle
[2026-07-15 15:08:16.514] [svulkan2] [error] OIDN Error: invalid handle
[2026-07-15 15:08:16.548] [svulkan2] [error] OIDN Error: invalid handle
[2026-07-15 15:08:16.548] [svulkan2] [error] OIDN Error: invalid handle
[2026-07-15 15:08:16.548] [svulkan2] [error] OIDN Error: invalid handle
[2026-07-15 15:08:16.581] [svulkan2] [error] OIDN Error: invalid handle
[2026-07-15 15:08:16.581] [svulkan2] [error] OIDN Error: invalid handle
[2026-07-15 15:08:16.581] [svulkan2] [error] OIDN Error: invalid handle
[2026-07-15 15:08:16.614] [svulkan2] [error] OIDN Error: invalid handle
[2026-07-15 15:08:16.614] [svulkan2] [error] OIDN Error: invalid handle
[2026-07-15 15:08:16.614] [svulkan2] [error] OIDN Error: invalid handle
[2026-07-15 15:08:16.648] [svulkan2] [error] OIDN Error: invalid handle
[2026-07-15 15:08:16.648] [svulkan2] [error] OIDN Error: invalid handle
[2026-07-15 15:08:16.648] [svulkan2] [error] OIDN Error: invalid handle
[2026-07-15 15:08:16.681] [svulkan2] [error] OIDN Error: invalid handle
[2026-07-15 15:08:16.681] [svulkan2] [error] OIDN Error: invalid handle
[2026-07-15 15:08:16.681] [svulkan2] [error] OIDN Error: invalid handle
[2026-07-15 15:08:16.714] [svulkan2] [error] OIDN Error: invalid handle
[2026-07-15 15:08:16.714] [svulkan2] [error] OIDN Error: invalid handle
[2026-07-15 15:08:16.714] [svulkan2] [error] OIDN Error: invalid handle
[2026-07-15 15:08:16.747] [svulkan2] [error] OIDN Error: invalid handle
[2026-07-15 15:08:16.747] [svulkan2] [error] OIDN Error: invalid handle
[2026-07-15 15:08:16.747] [svulkan2] [error] OIDN Error: invalid handle
[2026-07-15 15:08:16.780] [svulkan2] [error] OIDN Error: invalid handle
[2026-07-15 15:08:16.780] [svulkan2] [error] OIDN Error: invalid handle
[2026-07-15 15:08:16.780] [svulkan2] [error] OIDN Error: invalid handle
[2026-07-15 15:08:16.813] [svulkan2] [error] OIDN Error: invalid handle
[2026-07-15 15:08:16.813] [svulkan2] [error] OIDN Error: invalid handle
[2026-07-15 15:08:16.813] [svulkan2] [error] OIDN Error: invalid handle
[2026-07-15 15:08:16.845] [svulkan2] [error] OIDN Error: invalid handle
[2026-07-15 15:08:16.845] [svulkan2] [error] OIDN Error: invalid handle
[2026-07-15 15:08:16.845] [svulkan2] [error] OIDN Error: invalid handle
[2026-07-15 15:08:16.877] [svulkan2] [error] OIDN Error: invalid handle
[2026-07-15 15:08:16.878] [svulkan2] [error] OIDN Error: invalid handle
[2026-07-15 15:08:16.878] [svulkan2] [error] OIDN Error: invalid handle
[2026-07-15 15:08:16.909] [svulkan2] [error] OIDN Error: invalid handle
[2026-07-15 15:08:16.909] [svulkan2] [error] OIDN Error: invalid handle
[2026-07-15 15:08:16.909] [svulkan2] [error] OIDN Error: invalid handle
[2026-07-15 15:08:16.940] [svulkan2] [error] OIDN Error: invalid handle
[2026-07-15 15:08:16.941] [svulkan2] [error] OIDN Error: invalid handle
[2026-07-15 15:08:16.941] [svulkan2] [error] OIDN Error: invalid handle
[2026-07-15 15:08:16.972] [svulkan2] [error] OIDN Error: invalid handle
[2026-07-15 15:08:16.972] [svulkan2] [error] OIDN Error: invalid handle
[2026-07-15 15:08:16.972] [svulkan2] [error] OIDN Error: invalid handle
[2026-07-15 15:08:17.004] [svulkan2] [error] OIDN Error: invalid handle
[2026-07-15 15:08:17.004] [svulkan2] [error] OIDN Error: invalid handle
[2026-07-15 15:08:17.005] [svulkan2] [error] OIDN Error: invalid handle
[2026-07-15 15:08:17.036] [svulkan2] [error] OIDN Error: invalid handle
[2026-07-15 15:08:17.036] [svulkan2] [error] OIDN Error: invalid handle
[2026-07-15 15:08:17.036] [svulkan2] [error] OIDN Error: invalid handle
[2026-07-15 15:08:17.067] [svulkan2] [error] OIDN Error: invalid handle
[2026-07-15 15:08:17.067] [svulkan2] [error] OIDN Error: invalid handle
[2026-07-15 15:08:17.067] [svulkan2] [error] OIDN Error: invalid handle
[2026-07-15 15:08:17.098] [svulkan2] [error] OIDN Error: invalid handle
[2026-07-15 15:08:17.098] [svulkan2] [error] OIDN Error: invalid handle
[2026-07-15 15:08:17.099] [svulkan2] [error] OIDN Error: invalid handle
[2026-07-15 15:08:17.130] [svulkan2] [error] OIDN Error: invalid handle
[2026-07-15 15:08:17.130] [svulkan2] [error] OIDN Error: invalid handle
[2026-07-15 15:08:17.130] [svulkan2] [error] OIDN Error: invalid handle
[2026-07-15 15:08:17.161] [svulkan2] [error] OIDN Error: invalid handle
[2026-07-15 15:08:17.161] [svulkan2] [error] OIDN Error: invalid handle
[2026-07-15 15:08:17.161] [svulkan2] [error] OIDN Error: invalid handle
[2026-07-15 15:08:17.193] [svulkan2] [error] OIDN Error: invalid handle
[2026-07-15 15:08:17.193] [svulkan2] [error] OIDN Error: invalid handle
[2026-07-15 15:08:17.193] [svulkan2] [error] OIDN Error: invalid handle
[2026-07-15 15:08:17.225] [svulkan2] [error] OIDN Error: invalid handle
[2026-07-15 15:08:17.225] [svulkan2] [error] OIDN Error: invalid handle
[2026-07-15 15:08:17.225] [svulkan2] [error] OIDN Error: invalid handle
[2026-07-15 15:08:17.255] [svulkan2] [error] OIDN Error: invalid handle
[2026-07-15 15:08:17.255] [svulkan2] [error] OIDN Error: invalid handle
[2026-07-15 15:08:17.255] [svulkan2] [error] OIDN Error: invalid handle
[2026-07-15 15:08:17.444] [svulkan2] [error] OIDN Error: invalid handle
[2026-07-15 15:08:17.445] [svulkan2] [error] OIDN Error: invalid handle
[2026-07-15 15:08:17.445] [svulkan2] [error] OIDN Error: invalid handle
[2026-07-15 15:08:17.475] [svulkan2] [error] OIDN Error: invalid handle
[2026-07-15 15:08:17.475] [svulkan2] [error] OIDN Error: invalid handle
[2026-07-15 15:08:17.475] [svulkan2] [error] OIDN Error: invalid handle
[2026-07-15 15:08:17.507] [svulkan2] [error] OIDN Error: invalid handle
[2026-07-15 15:08:17.507] [svulkan2] [error] OIDN Error: invalid handle
[2026-07-15 15:08:17.507] [svulkan2] [error] OIDN Error: invalid handle
[2026-07-15 15:08:17.539] [svulkan2] [error] OIDN Error: invalid handle
[2026-07-15 15:08:17.539] [svulkan2] [error] OIDN Error: invalid handle
[2026-07-15 15:08:17.539] [svulkan2] [error] OIDN Error: invalid handle
[2026-07-15 15:08:17.571] [svulkan2] [error] OIDN Error: invalid handle
[2026-07-15 15:08:17.571] [svulkan2] [error] OIDN Error: invalid handle
[2026-07-15 15:08:17.571] [svulkan2] [error] OIDN Error: invalid handle
[2026-07-15 15:08:17.603] [svulkan2] [error] OIDN Error: invalid handle
[2026-07-15 15:08:17.603] [svulkan2] [error] OIDN Error: invalid handle
[2026-07-15 15:08:17.603] [svulkan2] [error] OIDN Error: invalid handle
[2026-07-15 15:08:17.636] [svulkan2] [error] OIDN Error: invalid handle
[2026-07-15 15:08:17.636] [svulkan2] [error] OIDN Error: invalid handle
[2026-07-15 15:08:17.636] [svulkan2] [error] OIDN Error: invalid handle
[2026-07-15 15:08:17.667] [svulkan2] [error] OIDN Error: invalid handle
[2026-07-15 15:08:17.667] [svulkan2] [error] OIDN Error: invalid handle
[2026-07-15 15:08:17.667] [svulkan2] [error] OIDN Error: invalid handle
[2026-07-15 15:08:17.698] [svulkan2] [error] OIDN Error: invalid handle
[2026-07-15 15:08:17.698] [svulkan2] [error] OIDN Error: invalid handle
[2026-07-15 15:08:17.699] [svulkan2] [error] OIDN Error: invalid handle
[2026-07-15 15:08:17.730] [svulkan2] [error] OIDN Error: invalid handle
[2026-07-15 15:08:17.730] [svulkan2] [error] OIDN Error: invalid handle
[2026-07-15 15:08:17.730] [svulkan2] [error] OIDN Error: invalid handle
[2026-07-15 15:08:17.762] [svulkan2] [error] OIDN Error: invalid handle
[2026-07-15 15:08:17.762] [svulkan2] [error] OIDN Error: invalid handle
[2026-07-15 15:08:17.762] [svulkan2] [error] OIDN Error: invalid handle
[2026-07-15 15:08:17.793] [svulkan2] [error] OIDN Error: invalid handle
[2026-07-15 15:08:17.793] [svulkan2] [error] OIDN Error: invalid handle
[2026-07-15 15:08:17.793] [svulkan2] [error] OIDN Error: invalid handle
[2026-07-15 15:08:17.824] [svulkan2] [error] OIDN Error: invalid handle
[2026-07-15 15:08:17.824] [svulkan2] [error] OIDN Error: invalid handle
[2026-07-15 15:08:17.824] [svulkan2] [error] OIDN Error: invalid handle
[2026-07-15 15:08:17.855] [svulkan2] [error] OIDN Error: invalid handle
[2026-07-15 15:08:17.855] [svulkan2] [error] OIDN Error: invalid handle
[2026-07-15 15:08:17.855] [svulkan2] [error] OIDN Error: invalid handle
[2026-07-15 15:08:17.886] [svulkan2] [error] OIDN Error: invalid handle
[2026-07-15 15:08:17.886] [svulkan2] [error] OIDN Error: invalid handle
[2026-07-15 15:08:17.886] [svulkan2] [error] OIDN Error: invalid handle
[2026-07-15 15:08:17.918] [svulkan2] [error] OIDN Error: invalid handle
[2026-07-15 15:08:17.918] [svulkan2] [error] OIDN Error: invalid handle
[2026-07-15 15:08:17.918] [svulkan2] [error] OIDN Error: invalid handle
[2026-07-15 15:08:17.949] [svulkan2] [error] OIDN Error: invalid handle
[2026-07-15 15:08:17.949] [svulkan2] [error] OIDN Error: invalid handle
[2026-07-15 15:08:17.949] [svulkan2] [error] OIDN Error: invalid handle
[2026-07-15 15:08:17.981] [svulkan2] [error] OIDN Error: invalid handle
[2026-07-15 15:08:17.981] [svulkan2] [error] OIDN Error: invalid handle
[2026-07-15 15:08:17.981] [svulkan2] [error] OIDN Error: invalid handle
[2026-07-15 15:08:18.012] [svulkan2] [error] OIDN Error: invalid handle
[2026-07-15 15:08:18.012] [svulkan2] [error] OIDN Error: invalid handle
[2026-07-15 15:08:18.012] [svulkan2] [error] OIDN Error: invalid handle
[2026-07-15 15:08:18.044] [svulkan2] [error] OIDN Error: invalid handle
[2026-07-15 15:08:18.044] [svulkan2] [error] OIDN Error: invalid handle
[2026-07-15 15:08:18.044] [svulkan2] [error] OIDN Error: invalid handle
[2026-07-15 15:08:18.076] [svulkan2] [error] OIDN Error: invalid handle
[2026-07-15 15:08:18.076] [svulkan2] [error] OIDN Error: invalid handle
[2026-07-15 15:08:18.076] [svulkan2] [error] OIDN Error: invalid handle
[2026-07-15 15:08:18.109] [svulkan2] [error] OIDN Error: invalid handle
[2026-07-15 15:08:18.109] [svulkan2] [error] OIDN Error: invalid handle
[2026-07-15 15:08:18.109] [svulkan2] [error] OIDN Error: invalid handle
[2026-07-15 15:08:18.141] [svulkan2] [error] OIDN Error: invalid handle
[2026-07-15 15:08:18.141] [svulkan2] [error] OIDN Error: invalid handle
[2026-07-15 15:08:18.141] [svulkan2] [error] OIDN Error: invalid handle
[2026-07-15 15:08:18.173] [svulkan2] [error] OIDN Error: invalid handle
[2026-07-15 15:08:18.174] [svulkan2] [error] OIDN Error: invalid handle
[2026-07-15 15:08:18.174] [svulkan2] [error] OIDN Error: invalid handle
[2026-07-15 15:08:18.206] [svulkan2] [error] OIDN Error: invalid handle
[2026-07-15 15:08:18.206] [svulkan2] [error] OIDN Error: invalid handle
[2026-07-15 15:08:18.206] [svulkan2] [error] OIDN Error: invalid handle
[2026-07-15 15:08:18.240] [svulkan2] [error] OIDN Error: invalid handle
[2026-07-15 15:08:18.240] [svulkan2] [error] OIDN Error: invalid handle
[2026-07-15 15:08:18.240] [svulkan2] [error] OIDN Error: invalid handle
[2026-07-15 15:08:18.272] [svulkan2] [error] OIDN Error: invalid handle
[2026-07-15 15:08:18.272] [svulkan2] [error] OIDN Error: invalid handle
[2026-07-15 15:08:18.273] [svulkan2] [error] OIDN Error: invalid handle
[2026-07-15 15:08:18.305] [svulkan2] [error] OIDN Error: invalid handle
[2026-07-15 15:08:18.305] [svulkan2] [error] OIDN Error: invalid handle
[2026-07-15 15:08:18.305] [svulkan2] [error] OIDN Error: invalid handle
[2026-07-15 15:08:18.337] [svulkan2] [error] OIDN Error: invalid handle
[2026-07-15 15:08:18.337] [svulkan2] [error] OIDN Error: invalid handle
[2026-07-15 15:08:18.337] [svulkan2] [error] OIDN Error: invalid handle
[2026-07-15 15:08:18.370] [svulkan2] [error] OIDN Error: invalid handle
[2026-07-15 15:08:18.370] [svulkan2] [error] OIDN Error: invalid handle
[2026-07-15 15:08:18.370] [svulkan2] [error] OIDN Error: invalid handle
[2026-07-15 15:08:18.402] [svulkan2] [error] OIDN Error: invalid handle
[2026-07-15 15:08:18.402] [svulkan2] [error] OIDN Error: invalid handle
[2026-07-15 15:08:18.402] [svulkan2] [error] OIDN Error: invalid handle
[2026-07-15 15:08:18.434] [svulkan2] [error] OIDN Error: invalid handle
[2026-07-15 15:08:18.434] [svulkan2] [error] OIDN Error: invalid handle
[2026-07-15 15:08:18.434] [svulkan2] [error] OIDN Error: invalid handle
[2026-07-15 15:08:18.466] [svulkan2] [error] OIDN Error: invalid handle
[2026-07-15 15:08:18.466] [svulkan2] [error] OIDN Error: invalid handle
[2026-07-15 15:08:18.466] [svulkan2] [error] OIDN Error: invalid handle
[2026-07-15 15:08:18.498] [svulkan2] [error] OIDN Error: invalid handle
[2026-07-15 15:08:18.498] [svulkan2] [error] OIDN Error: invalid handle
[2026-07-15 15:08:18.498] [svulkan2] [error] OIDN Error: invalid handle
[2026-07-15 15:08:18.530] [svulkan2] [error] OIDN Error: invalid handle
[2026-07-15 15:08:18.530] [svulkan2] [error] OIDN Error: invalid handle
[2026-07-15 15:08:18.530] [svulkan2] [error] OIDN Error: invalid handle
[2026-07-15 15:08:18.562] [svulkan2] [error] OIDN Error: invalid handle
[2026-07-15 15:08:18.562] [svulkan2] [error] OIDN Error: invalid handle
[2026-07-15 15:08:18.562] [svulkan2] [error] OIDN Error: invalid handle
[2026-07-15 15:08:18.594] [svulkan2] [error] OIDN Error: invalid handle
[2026-07-15 15:08:18.594] [svulkan2] [error] OIDN Error: invalid handle
[2026-07-15 15:08:18.594] [svulkan2] [error] OIDN Error: invalid handle
[2026-07-15 15:08:18.627] [svulkan2] [error] OIDN Error: invalid handle
[2026-07-15 15:08:18.627] [svulkan2] [error] OIDN Error: invalid handle
[2026-07-15 15:08:18.627] [svulkan2] [error] OIDN Error: invalid handle
[2026-07-15 15:08:18.658] [svulkan2] [error] OIDN Error: invalid handle
[2026-07-15 15:08:18.658] [svulkan2] [error] OIDN Error: invalid handle
[2026-07-15 15:08:18.658] [svulkan2] [error] OIDN Error: invalid handle
[2026-07-15 15:08:18.691] [svulkan2] [error] OIDN Error: invalid handle
[2026-07-15 15:08:18.691] [svulkan2] [error] OIDN Error: invalid handle
[2026-07-15 15:08:18.691] [svulkan2] [error] OIDN Error: invalid handle
[2026-07-15 15:08:18.722] [svulkan2] [error] OIDN Error: invalid handle
[2026-07-15 15:08:18.722] [svulkan2] [error] OIDN Error: invalid handle
[2026-07-15 15:08:18.722] [svulkan2] [error] OIDN Error: invalid handle
[2026-07-15 15:08:18.756] [svulkan2] [error] OIDN Error: invalid handle
[2026-07-15 15:08:18.756] [svulkan2] [error] OIDN Error: invalid handle
[2026-07-15 15:08:18.756] [svulkan2] [error] OIDN Error: invalid handle
[2026-07-15 15:08:18.790] [svulkan2] [error] OIDN Error: invalid handle
[2026-07-15 15:08:18.790] [svulkan2] [error] OIDN Error: invalid handle
[2026-07-15 15:08:18.790] [svulkan2] [error] OIDN Error: invalid handle
[2026-07-15 15:08:18.826] [svulkan2] [error] OIDN Error: invalid handle
[2026-07-15 15:08:18.826] [svulkan2] [error] OIDN Error: invalid handle
[2026-07-15 15:08:18.826] [svulkan2] [error] OIDN Error: invalid handle
[2026-07-15 15:08:18.859] [svulkan2] [error] OIDN Error: invalid handle
[2026-07-15 15:08:18.860] [svulkan2] [error] OIDN Error: invalid handle
[2026-07-15 15:08:18.860] [svulkan2] [error] OIDN Error: invalid handle
[2026-07-15 15:08:18.894] [svulkan2] [error] OIDN Error: invalid handle
[2026-07-15 15:08:18.894] [svulkan2] [error] OIDN Error: invalid handle
[2026-07-15 15:08:18.894] [svulkan2] [error] OIDN Error: invalid handle
[2026-07-15 15:08:18.929] [svulkan2] [error] OIDN Error: invalid handle
[2026-07-15 15:08:18.929] [svulkan2] [error] OIDN Error: invalid handle
[2026-07-15 15:08:18.929] [svulkan2] [error] OIDN Error: invalid handle
[2026-07-15 15:08:18.963] [svulkan2] [error] OIDN Error: invalid handle
[2026-07-15 15:08:18.963] [svulkan2] [error] OIDN Error: invalid handle
[2026-07-15 15:08:18.964] [svulkan2] [error] OIDN Error: invalid handle
[2026-07-15 15:08:18.996] [svulkan2] [error] OIDN Error: invalid handle
[2026-07-15 15:08:18.996] [svulkan2] [error] OIDN Error: invalid handle
[2026-07-15 15:08:18.997] [svulkan2] [error] OIDN Error: invalid handle
[2026-07-15 15:08:19.030] [svulkan2] [error] OIDN Error: invalid handle
[2026-07-15 15:08:19.030] [svulkan2] [error] OIDN Error: invalid handle
[2026-07-15 15:08:19.030] [svulkan2] [error] OIDN Error: invalid handle
[2026-07-15 15:08:19.064] [svulkan2] [error] OIDN Error: invalid handle
[2026-07-15 15:08:19.064] [svulkan2] [error] OIDN Error: invalid handle
[2026-07-15 15:08:19.064] [svulkan2] [error] OIDN Error: invalid handle
[2026-07-15 15:08:19.098] [svulkan2] [error] OIDN Error: invalid handle
[2026-07-15 15:08:19.098] [svulkan2] [error] OIDN Error: invalid handle
[2026-07-15 15:08:19.098] [svulkan2] [error] OIDN Error: invalid handle
[2026-07-15 15:08:19.133] [svulkan2] [error] OIDN Error: invalid handle
[2026-07-15 15:08:19.133] [svulkan2] [error] OIDN Error: invalid handle
[2026-07-15 15:08:19.133] [svulkan2] [error] OIDN Error: invalid handle
[2026-07-15 15:08:19.170] [svulkan2] [error] OIDN Error: invalid handle
[2026-07-15 15:08:19.170] [svulkan2] [error] OIDN Error: invalid handle
[2026-07-15 15:08:19.170] [svulkan2] [error] OIDN Error: invalid handle
[2026-07-15 15:08:19.206] [svulkan2] [error] OIDN Error: invalid handle
[2026-07-15 15:08:19.206] [svulkan2] [error] OIDN Error: invalid handle
[2026-07-15 15:08:19.206] [svulkan2] [error] OIDN Error: invalid handle
[2026-07-15 15:08:19.241] [svulkan2] [error] OIDN Error: invalid handle
[2026-07-15 15:08:19.241] [svulkan2] [error] OIDN Error: invalid handle
[2026-07-15 15:08:19.241] [svulkan2] [error] OIDN Error: invalid handle
[2026-07-15 15:08:19.275] [svulkan2] [error] OIDN Error: invalid handle
[2026-07-15 15:08:19.275] [svulkan2] [error] OIDN Error: invalid handle
[2026-07-15 15:08:19.275] [svulkan2] [error] OIDN Error: invalid handle
[2026-07-15 15:08:19.310] [svulkan2] [error] OIDN Error: invalid handle
[2026-07-15 15:08:19.310] [svulkan2] [error] OIDN Error: invalid handle
[2026-07-15 15:08:19.310] [svulkan2] [error] OIDN Error: invalid handle
[2026-07-15 15:08:19.345] [svulkan2] [error] OIDN Error: invalid handle
[2026-07-15 15:08:19.345] [svulkan2] [error] OIDN Error: invalid handle
[2026-07-15 15:08:19.345] [svulkan2] [error] OIDN Error: invalid handle
[2026-07-15 15:08:19.380] [svulkan2] [error] OIDN Error: invalid handle
[2026-07-15 15:08:19.380] [svulkan2] [error] OIDN Error: invalid handle
[2026-07-15 15:08:19.380] [svulkan2] [error] OIDN Error: invalid handle
[2026-07-15 15:08:19.414] [svulkan2] [error] OIDN Error: invalid handle
[2026-07-15 15:08:19.414] [svulkan2] [error] OIDN Error: invalid handle
[2026-07-15 15:08:19.415] [svulkan2] [error] OIDN Error: invalid handle
[2026-07-15 15:08:19.449] [svulkan2] [error] OIDN Error: invalid handle
[2026-07-15 15:08:19.449] [svulkan2] [error] OIDN Error: invalid handle
[2026-07-15 15:08:19.449] [svulkan2] [error] OIDN Error: invalid handle
[2026-07-15 15:08:19.487] [svulkan2] [error] OIDN Error: invalid handle
[2026-07-15 15:08:19.487] [svulkan2] [error] OIDN Error: invalid handle
[2026-07-15 15:08:19.487] [svulkan2] [error] OIDN Error: invalid handle
[2026-07-15 15:08:19.525] [svulkan2] [error] OIDN Error: invalid handle
[2026-07-15 15:08:19.525] [svulkan2] [error] OIDN Error: invalid handle
[2026-07-15 15:08:19.525] [svulkan2] [error] OIDN Error: invalid handle
[2026-07-15 15:08:19.561] [svulkan2] [error] OIDN Error: invalid handle
[2026-07-15 15:08:19.561] [svulkan2] [error] OIDN Error: invalid handle
[2026-07-15 15:08:19.561] [svulkan2] [error] OIDN Error: invalid handle
[2026-07-15 15:08:19.599] [svulkan2] [error] OIDN Error: invalid handle
[2026-07-15 15:08:19.599] [svulkan2] [error] OIDN Error: invalid handle
[2026-07-15 15:08:19.599] [svulkan2] [error] OIDN Error: invalid handle
[2026-07-15 15:08:19.636] [svulkan2] [error] OIDN Error: invalid handle
[2026-07-15 15:08:19.637] [svulkan2] [error] OIDN Error: invalid handle
[2026-07-15 15:08:19.637] [svulkan2] [error] OIDN Error: invalid handle
[2026-07-15 15:08:19.673] [svulkan2] [error] OIDN Error: invalid handle
[2026-07-15 15:08:19.673] [svulkan2] [error] OIDN Error: invalid handle
[2026-07-15 15:08:19.673] [svulkan2] [error] OIDN Error: invalid handle
[2026-07-15 15:08:19.712] [svulkan2] [error] OIDN Error: invalid handle
[2026-07-15 15:08:19.712] [svulkan2] [error] OIDN Error: invalid handle
[2026-07-15 15:08:19.712] [svulkan2] [error] OIDN Error: invalid handle
[2026-07-15 15:08:19.750] [svulkan2] [error] OIDN Error: invalid handle
[2026-07-15 15:08:19.751] [svulkan2] [error] OIDN Error: invalid handle
[2026-07-15 15:08:19.751] [svulkan2] [error] OIDN Error: invalid handle
[2026-07-15 15:08:19.791] [svulkan2] [error] OIDN Error: invalid handle
[2026-07-15 15:08:19.791] [svulkan2] [error] OIDN Error: invalid handle
[2026-07-15 15:08:19.791] [svulkan2] [error] OIDN Error: invalid handle
[2026-07-15 15:08:19.833] [svulkan2] [error] OIDN Error: invalid handle
[2026-07-15 15:08:19.833] [svulkan2] [error] OIDN Error: invalid handle
[2026-07-15 15:08:19.833] [svulkan2] [error] OIDN Error: invalid handle
[2026-07-15 15:08:19.871] [svulkan2] [error] OIDN Error: invalid handle
[2026-07-15 15:08:19.871] [svulkan2] [error] OIDN Error: invalid handle
[2026-07-15 15:08:19.871] [svulkan2] [error] OIDN Error: invalid handle
[2026-07-15 15:08:19.910] [svulkan2] [error] OIDN Error: invalid handle
[2026-07-15 15:08:19.910] [svulkan2] [error] OIDN Error: invalid handle
[2026-07-15 15:08:19.910] [svulkan2] [error] OIDN Error: invalid handle
[2026-07-15 15:08:19.948] [svulkan2] [error] OIDN Error: invalid handle
[2026-07-15 15:08:19.948] [svulkan2] [error] OIDN Error: invalid handle
[2026-07-15 15:08:19.948] [svulkan2] [error] OIDN Error: invalid handle
[2026-07-15 15:08:19.986] [svulkan2] [error] OIDN Error: invalid handle
[2026-07-15 15:08:19.986] [svulkan2] [error] OIDN Error: invalid handle
[2026-07-15 15:08:19.986] [svulkan2] [error] OIDN Error: invalid handle
[2026-07-15 15:08:20.021] [svulkan2] [error] OIDN Error: invalid handle
[2026-07-15 15:08:20.021] [svulkan2] [error] OIDN Error: invalid handle
[2026-07-15 15:08:20.021] [svulkan2] [error] OIDN Error: invalid handle
[2026-07-15 15:08:20.058] [svulkan2] [error] OIDN Error: invalid handle
[2026-07-15 15:08:20.058] [svulkan2] [error] OIDN Error: invalid handle
[2026-07-15 15:08:20.058] [svulkan2] [error] OIDN Error: invalid handle
[2026-07-15 15:08:20.096] [svulkan2] [error] OIDN Error: invalid handle
[2026-07-15 15:08:20.096] [svulkan2] [error] OIDN Error: invalid handle
[2026-07-15 15:08:20.096] [svulkan2] [error] OIDN Error: invalid handle
[2026-07-15 15:08:20.132] [svulkan2] [error] OIDN Error: invalid handle
[2026-07-15 15:08:20.132] [svulkan2] [error] OIDN Error: invalid handle
[2026-07-15 15:08:20.132] [svulkan2] [error] OIDN Error: invalid handle
[2026-07-15 15:08:20.208] [svulkan2] [error] OIDN Error: invalid handle
[2026-07-15 15:08:20.208] [svulkan2] [error] OIDN Error: invalid handle
[2026-07-15 15:08:20.208] [svulkan2] [error] OIDN Error: invalid handle
[2026-07-15 15:08:20.242] [svulkan2] [error] OIDN Error: invalid handle
[2026-07-15 15:08:20.242] [svulkan2] [error] OIDN Error: invalid handle
[2026-07-15 15:08:20.242] [svulkan2] [error] OIDN Error: invalid handle
[2026-07-15 15:08:20.282] [svulkan2] [error] OIDN Error: invalid handle
[2026-07-15 15:08:20.282] [svulkan2] [error] OIDN Error: invalid handle
[2026-07-15 15:08:20.283] [svulkan2] [error] OIDN Error: invalid handle
[2026-07-15 15:08:20.319] [svulkan2] [error] OIDN Error: invalid handle
[2026-07-15 15:08:20.320] [svulkan2] [error] OIDN Error: invalid handle
[2026-07-15 15:08:20.320] [svulkan2] [error] OIDN Error: invalid handle
[2026-07-15 15:08:20.353] [svulkan2] [error] OIDN Error: invalid handle
[2026-07-15 15:08:20.353] [svulkan2] [error] OIDN Error: invalid handle
[2026-07-15 15:08:20.353] [svulkan2] [error] OIDN Error: invalid handle
[2026-07-15 15:08:20.388] [svulkan2] [error] OIDN Error: invalid handle
[2026-07-15 15:08:20.388] [svulkan2] [error] OIDN Error: invalid handle
[2026-07-15 15:08:20.388] [svulkan2] [error] OIDN Error: invalid handle
[2026-07-15 15:08:20.421] [svulkan2] [error] OIDN Error: invalid handle
[2026-07-15 15:08:20.421] [svulkan2] [error] OIDN Error: invalid handle
[2026-07-15 15:08:20.421] [svulkan2] [error] OIDN Error: invalid handle
[2026-07-15 15:08:20.454] [svulkan2] [error] OIDN Error: invalid handle
[2026-07-15 15:08:20.454] [svulkan2] [error] OIDN Error: invalid handle
[2026-07-15 15:08:20.454] [svulkan2] [error] OIDN Error: invalid handle
[2026-07-15 15:08:20.486] [svulkan2] [error] OIDN Error: invalid handle
[2026-07-15 15:08:20.487] [svulkan2] [error] OIDN Error: invalid handle
[2026-07-15 15:08:20.487] [svulkan2] [error] OIDN Error: invalid handle
[2026-07-15 15:08:20.521] [svulkan2] [error] OIDN Error: invalid handle
[2026-07-15 15:08:20.521] [svulkan2] [error] OIDN Error: invalid handle
[2026-07-15 15:08:20.521] [svulkan2] [error] OIDN Error: invalid handle
[2026-07-15 15:08:20.556] [svulkan2] [error] OIDN Error: invalid handle
[2026-07-15 15:08:20.556] [svulkan2] [error] OIDN Error: invalid handle
[2026-07-15 15:08:20.556] [svulkan2] [error] OIDN Error: invalid handle
[2026-07-15 15:08:20.592] [svulkan2] [error] OIDN Error: invalid handle
[2026-07-15 15:08:20.592] [svulkan2] [error] OIDN Error: invalid handle
[2026-07-15 15:08:20.592] [svulkan2] [error] OIDN Error: invalid handle
[2026-07-15 15:08:20.626] [svulkan2] [error] OIDN Error: invalid handle
[2026-07-15 15:08:20.626] [svulkan2] [error] OIDN Error: invalid handle
[2026-07-15 15:08:20.627] [svulkan2] [error] OIDN Error: invalid handle
[2026-07-15 15:08:20.662] [svulkan2] [error] OIDN Error: invalid handle
[2026-07-15 15:08:20.662] [svulkan2] [error] OIDN Error: invalid handle
[2026-07-15 15:08:20.662] [svulkan2] [error] OIDN Error: invalid handle
[2026-07-15 15:08:20.697] [svulkan2] [error] OIDN Error: invalid handle
[2026-07-15 15:08:20.697] [svulkan2] [error] OIDN Error: invalid handle
[2026-07-15 15:08:20.697] [svulkan2] [error] OIDN Error: invalid handle
[2026-07-15 15:08:20.730] [svulkan2] [error] OIDN Error: invalid handle
[2026-07-15 15:08:20.730] [svulkan2] [error] OIDN Error: invalid handle
[2026-07-15 15:08:20.730] [svulkan2] [error] OIDN Error: invalid handle
[2026-07-15 15:08:20.764] [svulkan2] [error] OIDN Error: invalid handle
[2026-07-15 15:08:20.764] [svulkan2] [error] OIDN Error: invalid handle
[2026-07-15 15:08:20.764] [svulkan2] [error] OIDN Error: invalid handle
[2026-07-15 15:08:20.797] [svulkan2] [error] OIDN Error: invalid handle
[2026-07-15 15:08:20.797] [svulkan2] [error] OIDN Error: invalid handle
[2026-07-15 15:08:20.798] [svulkan2] [error] OIDN Error: invalid handle
[2026-07-15 15:08:20.831] [svulkan2] [error] OIDN Error: invalid handle
[2026-07-15 15:08:20.831] [svulkan2] [error] OIDN Error: invalid handle
[2026-07-15 15:08:20.831] [svulkan2] [error] OIDN Error: invalid handle
[2026-07-15 15:08:20.864] [svulkan2] [error] OIDN Error: invalid handle
[2026-07-15 15:08:20.864] [svulkan2] [error] OIDN Error: invalid handle
[2026-07-15 15:08:20.864] [svulkan2] [error] OIDN Error: invalid handle
[2026-07-15 15:08:20.897] [svulkan2] [error] OIDN Error: invalid handle
[2026-07-15 15:08:20.897] [svulkan2] [error] OIDN Error: invalid handle
[2026-07-15 15:08:20.897] [svulkan2] [error] OIDN Error: invalid handle
[2026-07-15 15:08:20.929] [svulkan2] [error] OIDN Error: invalid handle
[2026-07-15 15:08:20.929] [svulkan2] [error] OIDN Error: invalid handle
[2026-07-15 15:08:20.929] [svulkan2] [error] OIDN Error: invalid handle
[2026-07-15 15:08:20.961] [svulkan2] [error] OIDN Error: invalid handle
[2026-07-15 15:08:20.961] [svulkan2] [error] OIDN Error: invalid handle
[2026-07-15 15:08:20.961] [svulkan2] [error] OIDN Error: invalid handle
[2026-07-15 15:08:20.994] [svulkan2] [error] OIDN Error: invalid handle
[2026-07-15 15:08:20.994] [svulkan2] [error] OIDN Error: invalid handle
[2026-07-15 15:08:20.994] [svulkan2] [error] OIDN Error: invalid handle
[2026-07-15 15:08:21.026] [svulkan2] [error] OIDN Error: invalid handle
[2026-07-15 15:08:21.027] [svulkan2] [error] OIDN Error: invalid handle
[2026-07-15 15:08:21.027] [svulkan2] [error] OIDN Error: invalid handle
[2026-07-15 15:08:21.059] [svulkan2] [error] OIDN Error: invalid handle
[2026-07-15 15:08:21.059] [svulkan2] [error] OIDN Error: invalid handle
[2026-07-15 15:08:21.060] [svulkan2] [error] OIDN Error: invalid handle
[2026-07-15 15:08:21.092] [svulkan2] [error] OIDN Error: invalid handle
[2026-07-15 15:08:21.092] [svulkan2] [error] OIDN Error: invalid handle
[2026-07-15 15:08:21.092] [svulkan2] [error] OIDN Error: invalid handle
[2026-07-15 15:08:21.126] [svulkan2] [error] OIDN Error: invalid handle
[2026-07-15 15:08:21.126] [svulkan2] [error] OIDN Error: invalid handle
[2026-07-15 15:08:21.126] [svulkan2] [error] OIDN Error: invalid handle
[2026-07-15 15:08:21.160] [svulkan2] [error] OIDN Error: invalid handle
[2026-07-15 15:08:21.160] [svulkan2] [error] OIDN Error: invalid handle
[2026-07-15 15:08:21.160] [svulkan2] [error] OIDN Error: invalid handle
[2026-07-15 15:08:21.194] [svulkan2] [error] OIDN Error: invalid handle
[2026-07-15 15:08:21.194] [svulkan2] [error] OIDN Error: invalid handle
[2026-07-15 15:08:21.195] [svulkan2] [error] OIDN Error: invalid handle
[2026-07-15 15:08:21.229] [svulkan2] [error] OIDN Error: invalid handle
[2026-07-15 15:08:21.229] [svulkan2] [error] OIDN Error: invalid handle
[2026-07-15 15:08:21.229] [svulkan2] [error] OIDN Error: invalid handle
[2026-07-15 15:08:21.264] [svulkan2] [error] OIDN Error: invalid handle
[2026-07-15 15:08:21.264] [svulkan2] [error] OIDN Error: invalid handle
[2026-07-15 15:08:21.264] [svulkan2] [error] OIDN Error: invalid handle
[2026-07-15 15:08:21.298] [svulkan2] [error] OIDN Error: invalid handle
[2026-07-15 15:08:21.298] [svulkan2] [error] OIDN Error: invalid handle
[2026-07-15 15:08:21.298] [svulkan2] [error] OIDN Error: invalid handle
[2026-07-15 15:08:21.331] [svulkan2] [error] OIDN Error: invalid handle
[2026-07-15 15:08:21.331] [svulkan2] [error] OIDN Error: invalid handle
[2026-07-15 15:08:21.331] [svulkan2] [error] OIDN Error: invalid handle
[2026-07-15 15:08:21.366] [svulkan2] [error] OIDN Error: invalid handle
[2026-07-15 15:08:21.366] [svulkan2] [error] OIDN Error: invalid handle
[2026-07-15 15:08:21.366] [svulkan2] [error] OIDN Error: invalid handle
[2026-07-15 15:08:21.402] [svulkan2] [error] OIDN Error: invalid handle
[2026-07-15 15:08:21.402] [svulkan2] [error] OIDN Error: invalid handle
[2026-07-15 15:08:21.402] [svulkan2] [error] OIDN Error: invalid handle
[2026-07-15 15:08:21.439] [svulkan2] [error] OIDN Error: invalid handle
[2026-07-15 15:08:21.439] [svulkan2] [error] OIDN Error: invalid handle
[2026-07-15 15:08:21.439] [svulkan2] [error] OIDN Error: invalid handle
[2026-07-15 15:08:21.473] [svulkan2] [error] OIDN Error: invalid handle
[2026-07-15 15:08:21.473] [svulkan2] [error] OIDN Error: invalid handle
[2026-07-15 15:08:21.473] [svulkan2] [error] OIDN Error: invalid handle
[2026-07-15 15:08:21.507] [svulkan2] [error] OIDN Error: invalid handle
[2026-07-15 15:08:21.507] [svulkan2] [error] OIDN Error: invalid handle
[2026-07-15 15:08:21.507] [svulkan2] [error] OIDN Error: invalid handle
[2026-07-15 15:08:21.543] [svulkan2] [error] OIDN Error: invalid handle
[2026-07-15 15:08:21.543] [svulkan2] [error] OIDN Error: invalid handle
[2026-07-15 15:08:21.543] [svulkan2] [error] OIDN Error: invalid handle
[2026-07-15 15:08:21.576] [svulkan2] [error] OIDN Error: invalid handle
[2026-07-15 15:08:21.576] [svulkan2] [error] OIDN Error: invalid handle
[2026-07-15 15:08:21.576] [svulkan2] [error] OIDN Error: invalid handle
[2026-07-15 15:08:21.610] [svulkan2] [error] OIDN Error: invalid handle
[2026-07-15 15:08:21.610] [svulkan2] [error] OIDN Error: invalid handle
[2026-07-15 15:08:21.610] [svulkan2] [error] OIDN Error: invalid handle
[2026-07-15 15:08:21.643] [svulkan2] [error] OIDN Error: invalid handle
[2026-07-15 15:08:21.643] [svulkan2] [error] OIDN Error: invalid handle
[2026-07-15 15:08:21.643] [svulkan2] [error] OIDN Error: invalid handle
[2026-07-15 15:08:21.677] [svulkan2] [error] OIDN Error: invalid handle
[2026-07-15 15:08:21.677] [svulkan2] [error] OIDN Error: invalid handle
[2026-07-15 15:08:21.677] [svulkan2] [error] OIDN Error: invalid handle
[2026-07-15 15:08:21.713] [svulkan2] [error] OIDN Error: invalid handle
[2026-07-15 15:08:21.713] [svulkan2] [error] OIDN Error: invalid handle
[2026-07-15 15:08:21.713] [svulkan2] [error] OIDN Error: invalid handle
[2026-07-15 15:08:21.747] [svulkan2] [error] OIDN Error: invalid handle
[2026-07-15 15:08:21.748] [svulkan2] [error] OIDN Error: invalid handle
[2026-07-15 15:08:21.748] [svulkan2] [error] OIDN Error: invalid handle
[2026-07-15 15:08:21.781] [svulkan2] [error] OIDN Error: invalid handle
[2026-07-15 15:08:21.781] [svulkan2] [error] OIDN Error: invalid handle
[2026-07-15 15:08:21.781] [svulkan2] [error] OIDN Error: invalid handle
[2026-07-15 15:08:21.818] [svulkan2] [error] OIDN Error: invalid handle
[2026-07-15 15:08:21.818] [svulkan2] [error] OIDN Error: invalid handle
[2026-07-15 15:08:21.818] [svulkan2] [error] OIDN Error: invalid handle
[2026-07-15 15:08:21.854] [svulkan2] [error] OIDN Error: invalid handle
[2026-07-15 15:08:21.854] [svulkan2] [error] OIDN Error: invalid handle
[2026-07-15 15:08:21.854] [svulkan2] [error] OIDN Error: invalid handle
[2026-07-15 15:08:21.896] [svulkan2] [error] OIDN Error: invalid handle
[2026-07-15 15:08:21.896] [svulkan2] [error] OIDN Error: invalid handle
[2026-07-15 15:08:21.896] [svulkan2] [error] OIDN Error: invalid handle
[2026-07-15 15:08:21.934] [svulkan2] [error] OIDN Error: invalid handle
[2026-07-15 15:08:21.935] [svulkan2] [error] OIDN Error: invalid handle
[2026-07-15 15:08:21.935] [svulkan2] [error] OIDN Error: invalid handle
[2026-07-15 15:08:21.972] [svulkan2] [error] OIDN Error: invalid handle
[2026-07-15 15:08:21.972] [svulkan2] [error] OIDN Error: invalid handle
[2026-07-15 15:08:21.972] [svulkan2] [error] OIDN Error: invalid handle
[2026-07-15 15:08:22.006] [svulkan2] [error] OIDN Error: invalid handle
[2026-07-15 15:08:22.006] [svulkan2] [error] OIDN Error: invalid handle
[2026-07-15 15:08:22.007] [svulkan2] [error] OIDN Error: invalid handle
[2026-07-15 15:08:22.042] [svulkan2] [error] OIDN Error: invalid handle
[2026-07-15 15:08:22.043] [svulkan2] [error] OIDN Error: invalid handle
[2026-07-15 15:08:22.043] [svulkan2] [error] OIDN Error: invalid handle
[2026-07-15 15:08:22.078] [svulkan2] [error] OIDN Error: invalid handle
[2026-07-15 15:08:22.079] [svulkan2] [error] OIDN Error: invalid handle
[2026-07-15 15:08:22.079] [svulkan2] [error] OIDN Error: invalid handle
[2026-07-15 15:08:22.118] [svulkan2] [error] OIDN Error: invalid handle
[2026-07-15 15:08:22.118] [svulkan2] [error] OIDN Error: invalid handle
[2026-07-15 15:08:22.118] [svulkan2] [error] OIDN Error: invalid handle
[2026-07-15 15:08:22.153] [svulkan2] [error] OIDN Error: invalid handle
[2026-07-15 15:08:22.153] [svulkan2] [error] OIDN Error: invalid handle
[2026-07-15 15:08:22.153] [svulkan2] [error] OIDN Error: invalid handle
[2026-07-15 15:08:22.188] [svulkan2] [error] OIDN Error: invalid handle
[2026-07-15 15:08:22.188] [svulkan2] [error] OIDN Error: invalid handle
[2026-07-15 15:08:22.188] [svulkan2] [error] OIDN Error: invalid handle
[2026-07-15 15:08:22.221] [svulkan2] [error] OIDN Error: invalid handle
[2026-07-15 15:08:22.221] [svulkan2] [error] OIDN Error: invalid handle
[2026-07-15 15:08:22.221] [svulkan2] [error] OIDN Error: invalid handle
[2026-07-15 15:08:22.255] [svulkan2] [error] OIDN Error: invalid handle
[2026-07-15 15:08:22.255] [svulkan2] [error] OIDN Error: invalid handle
[2026-07-15 15:08:22.255] [svulkan2] [error] OIDN Error: invalid handle
[2026-07-15 15:08:22.289] [svulkan2] [error] OIDN Error: invalid handle
[2026-07-15 15:08:22.289] [svulkan2] [error] OIDN Error: invalid handle
[2026-07-15 15:08:22.289] [svulkan2] [error] OIDN Error: invalid handle
[2026-07-15 15:08:22.323] [svulkan2] [error] OIDN Error: invalid handle
[2026-07-15 15:08:22.323] [svulkan2] [error] OIDN Error: invalid handle
[2026-07-15 15:08:22.323] [svulkan2] [error] OIDN Error: invalid handle
[2026-07-15 15:08:22.357] [svulkan2] [error] OIDN Error: invalid handle
[2026-07-15 15:08:22.357] [svulkan2] [error] OIDN Error: invalid handle
[2026-07-15 15:08:22.357] [svulkan2] [error] OIDN Error: invalid handle
[2026-07-15 15:08:22.390] [svulkan2] [error] OIDN Error: invalid handle
[2026-07-15 15:08:22.390] [svulkan2] [error] OIDN Error: invalid handle
[2026-07-15 15:08:22.390] [svulkan2] [error] OIDN Error: invalid handle
[2026-07-15 15:08:22.422] [svulkan2] [error] OIDN Error: invalid handle
[2026-07-15 15:08:22.422] [svulkan2] [error] OIDN Error: invalid handle
[2026-07-15 15:08:22.422] [svulkan2] [error] OIDN Error: invalid handle
[2026-07-15 15:08:22.454] [svulkan2] [error] OIDN Error: invalid handle
[2026-07-15 15:08:22.454] [svulkan2] [error] OIDN Error: invalid handle
[2026-07-15 15:08:22.454] [svulkan2] [error] OIDN Error: invalid handle
[2026-07-15 15:08:22.486] [svulkan2] [error] OIDN Error: invalid handle
[2026-07-15 15:08:22.486] [svulkan2] [error] OIDN Error: invalid handle
[2026-07-15 15:08:22.486] [svulkan2] [error] OIDN Error: invalid handle
[2026-07-15 15:08:22.520] [svulkan2] [error] OIDN Error: invalid handle
[2026-07-15 15:08:22.520] [svulkan2] [error] OIDN Error: invalid handle
[2026-07-15 15:08:22.520] [svulkan2] [error] OIDN Error: invalid handle
[2026-07-15 15:08:22.554] [svulkan2] [error] OIDN Error: invalid handle
[2026-07-15 15:08:22.554] [svulkan2] [error] OIDN Error: invalid handle
[2026-07-15 15:08:22.554] [svulkan2] [error] OIDN Error: invalid handle
[2026-07-15 15:08:22.588] [svulkan2] [error] OIDN Error: invalid handle
[2026-07-15 15:08:22.588] [svulkan2] [error] OIDN Error: invalid handle
[2026-07-15 15:08:22.588] [svulkan2] [error] OIDN Error: invalid handle
[2026-07-15 15:08:22.621] [svulkan2] [error] OIDN Error: invalid handle
[2026-07-15 15:08:22.621] [svulkan2] [error] OIDN Error: invalid handle
[2026-07-15 15:08:22.621] [svulkan2] [error] OIDN Error: invalid handle
[2026-07-15 15:08:22.655] [svulkan2] [error] OIDN Error: invalid handle
[2026-07-15 15:08:22.655] [svulkan2] [error] OIDN Error: invalid handle
[2026-07-15 15:08:22.655] [svulkan2] [error] OIDN Error: invalid handle
[2026-07-15 15:08:22.688] [svulkan2] [error] OIDN Error: invalid handle
[2026-07-15 15:08:22.688] [svulkan2] [error] OIDN Error: invalid handle
[2026-07-15 15:08:22.689] [svulkan2] [error] OIDN Error: invalid handle
[2026-07-15 15:08:22.722] [svulkan2] [error] OIDN Error: invalid handle
[2026-07-15 15:08:22.722] [svulkan2] [error] OIDN Error: invalid handle
[2026-07-15 15:08:22.722] [svulkan2] [error] OIDN Error: invalid handle
[2026-07-15 15:08:22.756] [svulkan2] [error] OIDN Error: invalid handle
[2026-07-15 15:08:22.756] [svulkan2] [error] OIDN Error: invalid handle
[2026-07-15 15:08:22.756] [svulkan2] [error] OIDN Error: invalid handle
[2026-07-15 15:08:22.790] [svulkan2] [error] OIDN Error: invalid handle
[2026-07-15 15:08:22.790] [svulkan2] [error] OIDN Error: invalid handle
[2026-07-15 15:08:22.790] [svulkan2] [error] OIDN Error: invalid handle
[2026-07-15 15:08:22.823] [svulkan2] [error] OIDN Error: invalid handle
[2026-07-15 15:08:22.823] [svulkan2] [error] OIDN Error: invalid handle
[2026-07-15 15:08:22.823] [svulkan2] [error] OIDN Error: invalid handle
[2026-07-15 15:08:22.857] [svulkan2] [error] OIDN Error: invalid handle
[2026-07-15 15:08:22.857] [svulkan2] [error] OIDN Error: invalid handle
[2026-07-15 15:08:22.857] [svulkan2] [error] OIDN Error: invalid handle
[2026-07-15 15:08:22.890] [svulkan2] [error] OIDN Error: invalid handle
[2026-07-15 15:08:22.891] [svulkan2] [error] OIDN Error: invalid handle
[2026-07-15 15:08:22.891] [svulkan2] [error] OIDN Error: invalid handle
[2026-07-15 15:08:22.925] [svulkan2] [error] OIDN Error: invalid handle
[2026-07-15 15:08:22.925] [svulkan2] [error] OIDN Error: invalid handle
[2026-07-15 15:08:22.925] [svulkan2] [error] OIDN Error: invalid handle
[2026-07-15 15:08:22.958] [svulkan2] [error] OIDN Error: invalid handle
[2026-07-15 15:08:22.958] [svulkan2] [error] OIDN Error: invalid handle
[2026-07-15 15:08:22.958] [svulkan2] [error] OIDN Error: invalid handle
[2026-07-15 15:08:22.993] [svulkan2] [error] OIDN Error: invalid handle
[2026-07-15 15:08:22.993] [svulkan2] [error] OIDN Error: invalid handle
[2026-07-15 15:08:22.993] [svulkan2] [error] OIDN Error: invalid handle
[2026-07-15 15:08:23.027] [svulkan2] [error] OIDN Error: invalid handle
[2026-07-15 15:08:23.027] [svulkan2] [error] OIDN Error: invalid handle
[2026-07-15 15:08:23.027] [svulkan2] [error] OIDN Error: invalid handle
[2026-07-15 15:08:23.062] [svulkan2] [error] OIDN Error: invalid handle
[2026-07-15 15:08:23.062] [svulkan2] [error] OIDN Error: invalid handle
[2026-07-15 15:08:23.062] [svulkan2] [error] OIDN Error: invalid handle
[2026-07-15 15:08:23.096] [svulkan2] [error] OIDN Error: invalid handle
[2026-07-15 15:08:23.096] [svulkan2] [error] OIDN Error: invalid handle
[2026-07-15 15:08:23.096] [svulkan2] [error] OIDN Error: invalid handle
[2026-07-15 15:08:23.129] [svulkan2] [error] OIDN Error: invalid handle
[2026-07-15 15:08:23.129] [svulkan2] [error] OIDN Error: invalid handle
[2026-07-15 15:08:23.129] [svulkan2] [error] OIDN Error: invalid handle
[2026-07-15 15:08:23.162] [svulkan2] [error] OIDN Error: invalid handle
[2026-07-15 15:08:23.162] [svulkan2] [error] OIDN Error: invalid handle
[2026-07-15 15:08:23.162] [svulkan2] [error] OIDN Error: invalid handle
[2026-07-15 15:08:23.196] [svulkan2] [error] OIDN Error: invalid handle
[2026-07-15 15:08:23.196] [svulkan2] [error] OIDN Error: invalid handle
[2026-07-15 15:08:23.196] [svulkan2] [error] OIDN Error: invalid handle
[2026-07-15 15:08:23.230] [svulkan2] [error] OIDN Error: invalid handle
[2026-07-15 15:08:23.230] [svulkan2] [error] OIDN Error: invalid handle
[2026-07-15 15:08:23.230] [svulkan2] [error] OIDN Error: invalid handle
[2026-07-15 15:08:23.265] [svulkan2] [error] OIDN Error: invalid handle
[2026-07-15 15:08:23.265] [svulkan2] [error] OIDN Error: invalid handle
[2026-07-15 15:08:23.265] [svulkan2] [error] OIDN Error: invalid handle
[2026-07-15 15:08:23.298] [svulkan2] [error] OIDN Error: invalid handle
[2026-07-15 15:08:23.299] [svulkan2] [error] OIDN Error: invalid handle
[2026-07-15 15:08:23.299] [svulkan2] [error] OIDN Error: invalid handle
[2026-07-15 15:08:23.332] [svulkan2] [error] OIDN Error: invalid handle
[2026-07-15 15:08:23.333] [svulkan2] [error] OIDN Error: invalid handle
[2026-07-15 15:08:23.333] [svulkan2] [error] OIDN Error: invalid handle
[2026-07-15 15:08:23.366] [svulkan2] [error] OIDN Error: invalid handle
[2026-07-15 15:08:23.366] [svulkan2] [error] OIDN Error: invalid handle
[2026-07-15 15:08:23.366] [svulkan2] [error] OIDN Error: invalid handle
[2026-07-15 15:08:23.399] [svulkan2] [error] OIDN Error: invalid handle
[2026-07-15 15:08:23.399] [svulkan2] [error] OIDN Error: invalid handle
[2026-07-15 15:08:23.399] [svulkan2] [error] OIDN Error: invalid handle
[2026-07-15 15:08:23.432] [svulkan2] [error] OIDN Error: invalid handle
[2026-07-15 15:08:23.432] [svulkan2] [error] OIDN Error: invalid handle
[2026-07-15 15:08:23.432] [svulkan2] [error] OIDN Error: invalid handle
[2026-07-15 15:08:23.466] [svulkan2] [error] OIDN Error: invalid handle
[2026-07-15 15:08:23.466] [svulkan2] [error] OIDN Error: invalid handle
[2026-07-15 15:08:23.466] [svulkan2] [error] OIDN Error: invalid handle
[2026-07-15 15:08:23.499] [svulkan2] [error] OIDN Error: invalid handle
[2026-07-15 15:08:23.499] [svulkan2] [error] OIDN Error: invalid handle
[2026-07-15 15:08:23.499] [svulkan2] [error] OIDN Error: invalid handle
[2026-07-15 15:08:23.532] [svulkan2] [error] OIDN Error: invalid handle
[2026-07-15 15:08:23.532] [svulkan2] [error] OIDN Error: invalid handle
[2026-07-15 15:08:23.532] [svulkan2] [error] OIDN Error: invalid handle
[2026-07-15 15:08:23.565] [svulkan2] [error] OIDN Error: invalid handle
[2026-07-15 15:08:23.565] [svulkan2] [error] OIDN Error: invalid handle
[2026-07-15 15:08:23.565] [svulkan2] [error] OIDN Error: invalid handle
[2026-07-15 15:08:23.598] [svulkan2] [error] OIDN Error: invalid handle
[2026-07-15 15:08:23.598] [svulkan2] [error] OIDN Error: invalid handle
[2026-07-15 15:08:23.598] [svulkan2] [error] OIDN Error: invalid handle
[2026-07-15 15:08:23.631] [svulkan2] [error] OIDN Error: invalid handle
[2026-07-15 15:08:23.631] [svulkan2] [error] OIDN Error: invalid handle
[2026-07-15 15:08:23.632] [svulkan2] [error] OIDN Error: invalid handle
[2026-07-15 15:08:23.665] [svulkan2] [error] OIDN Error: invalid handle
[2026-07-15 15:08:23.665] [svulkan2] [error] OIDN Error: invalid handle
[2026-07-15 15:08:23.665] [svulkan2] [error] OIDN Error: invalid handle
[2026-07-15 15:08:23.698] [svulkan2] [error] OIDN Error: invalid handle
[2026-07-15 15:08:23.698] [svulkan2] [error] OIDN Error: invalid handle
[2026-07-15 15:08:23.698] [svulkan2] [error] OIDN Error: invalid handle
[2026-07-15 15:08:23.732] [svulkan2] [error] OIDN Error: invalid handle
[2026-07-15 15:08:23.732] [svulkan2] [error] OIDN Error: invalid handle
[2026-07-15 15:08:23.732] [svulkan2] [error] OIDN Error: invalid handle
[2026-07-15 15:08:23.765] [svulkan2] [error] OIDN Error: invalid handle
[2026-07-15 15:08:23.765] [svulkan2] [error] OIDN Error: invalid handle
[2026-07-15 15:08:23.765] [svulkan2] [error] OIDN Error: invalid handle
[2026-07-15 15:08:23.798] [svulkan2] [error] OIDN Error: invalid handle
[2026-07-15 15:08:23.798] [svulkan2] [error] OIDN Error: invalid handle
[2026-07-15 15:08:23.798] [svulkan2] [error] OIDN Error: invalid handle
[2026-07-15 15:08:23.831] [svulkan2] [error] OIDN Error: invalid handle
[2026-07-15 15:08:23.831] [svulkan2] [error] OIDN Error: invalid handle
[2026-07-15 15:08:23.831] [svulkan2] [error] OIDN Error: invalid handle
[2026-07-15 15:08:23.865] [svulkan2] [error] OIDN Error: invalid handle
[2026-07-15 15:08:23.865] [svulkan2] [error] OIDN Error: invalid handle
[2026-07-15 15:08:23.865] [svulkan2] [error] OIDN Error: invalid handle
[2026-07-15 15:08:23.898] [svulkan2] [error] OIDN Error: invalid handle
[2026-07-15 15:08:23.898] [svulkan2] [error] OIDN Error: invalid handle
[2026-07-15 15:08:23.898] [svulkan2] [error] OIDN Error: invalid handle
[2026-07-15 15:08:23.931] [svulkan2] [error] OIDN Error: invalid handle
[2026-07-15 15:08:23.931] [svulkan2] [error] OIDN Error: invalid handle
[2026-07-15 15:08:23.931] [svulkan2] [error] OIDN Error: invalid handle
[2026-07-15 15:08:23.964] [svulkan2] [error] OIDN Error: invalid handle
[2026-07-15 15:08:23.964] [svulkan2] [error] OIDN Error: invalid handle
[2026-07-15 15:08:23.964] [svulkan2] [error] OIDN Error: invalid handle
[2026-07-15 15:08:23.997] [svulkan2] [error] OIDN Error: invalid handle
[2026-07-15 15:08:23.997] [svulkan2] [error] OIDN Error: invalid handle
[2026-07-15 15:08:23.997] [svulkan2] [error] OIDN Error: invalid handle
[2026-07-15 15:08:24.030] [svulkan2] [error] OIDN Error: invalid handle
[2026-07-15 15:08:24.030] [svulkan2] [error] OIDN Error: invalid handle
[2026-07-15 15:08:24.030] [svulkan2] [error] OIDN Error: invalid handle
[2026-07-15 15:08:24.063] [svulkan2] [error] OIDN Error: invalid handle
[2026-07-15 15:08:24.063] [svulkan2] [error] OIDN Error: invalid handle
[2026-07-15 15:08:24.063] [svulkan2] [error] OIDN Error: invalid handle
[2026-07-15 15:08:24.096] [svulkan2] [error] OIDN Error: invalid handle
[2026-07-15 15:08:24.096] [svulkan2] [error] OIDN Error: invalid handle
[2026-07-15 15:08:24.096] [svulkan2] [error] OIDN Error: invalid handle
[2026-07-15 15:08:24.129] [svulkan2] [error] OIDN Error: invalid handle
[2026-07-15 15:08:24.129] [svulkan2] [error] OIDN Error: invalid handle
[2026-07-15 15:08:24.129] [svulkan2] [error] OIDN Error: invalid handle
[2026-07-15 15:08:24.162] [svulkan2] [error] OIDN Error: invalid handle
[2026-07-15 15:08:24.162] [svulkan2] [error] OIDN Error: invalid handle
[2026-07-15 15:08:24.162] [svulkan2] [error] OIDN Error: invalid handle
[2026-07-15 15:08:24.195] [svulkan2] [error] OIDN Error: invalid handle
[2026-07-15 15:08:24.195] [svulkan2] [error] OIDN Error: invalid handle
[2026-07-15 15:08:24.195] [svulkan2] [error] OIDN Error: invalid handle
[2026-07-15 15:08:24.227] [svulkan2] [error] OIDN Error: invalid handle
[2026-07-15 15:08:24.228] [svulkan2] [error] OIDN Error: invalid handle
[2026-07-15 15:08:24.228] [svulkan2] [error] OIDN Error: invalid handle
[2026-07-15 15:08:24.260] [svulkan2] [error] OIDN Error: invalid handle
[2026-07-15 15:08:24.260] [svulkan2] [error] OIDN Error: invalid handle
[2026-07-15 15:08:24.260] [svulkan2] [error] OIDN Error: invalid handle
[2026-07-15 15:08:24.293] [svulkan2] [error] OIDN Error: invalid handle
[2026-07-15 15:08:24.293] [svulkan2] [error] OIDN Error: invalid handle
[2026-07-15 15:08:24.293] [svulkan2] [error] OIDN Error: invalid handle
[2026-07-15 15:08:24.326] [svulkan2] [error] OIDN Error: invalid handle
[2026-07-15 15:08:24.326] [svulkan2] [error] OIDN Error: invalid handle
[2026-07-15 15:08:24.326] [svulkan2] [error] OIDN Error: invalid handle
[2026-07-15 15:08:24.359] [svulkan2] [error] OIDN Error: invalid handle
[2026-07-15 15:08:24.359] [svulkan2] [error] OIDN Error: invalid handle
[2026-07-15 15:08:24.359] [svulkan2] [error] OIDN Error: invalid handle
[2026-07-15 15:08:24.391] [svulkan2] [error] OIDN Error: invalid handle
[2026-07-15 15:08:24.391] [svulkan2] [error] OIDN Error: invalid handle
[2026-07-15 15:08:24.391] [svulkan2] [error] OIDN Error: invalid handle
[2026-07-15 15:08:24.424] [svulkan2] [error] OIDN Error: invalid handle
[2026-07-15 15:08:24.424] [svulkan2] [error] OIDN Error: invalid handle
[2026-07-15 15:08:24.424] [svulkan2] [error] OIDN Error: invalid handle
[2026-07-15 15:08:24.457] [svulkan2] [error] OIDN Error: invalid handle
[2026-07-15 15:08:24.457] [svulkan2] [error] OIDN Error: invalid handle
[2026-07-15 15:08:24.457] [svulkan2] [error] OIDN Error: invalid handle
[2026-07-15 15:08:24.489] [svulkan2] [error] OIDN Error: invalid handle
[2026-07-15 15:08:24.489] [svulkan2] [error] OIDN Error: invalid handle
[2026-07-15 15:08:24.489] [svulkan2] [error] OIDN Error: invalid handle
[2026-07-15 15:08:24.522] [svulkan2] [error] OIDN Error: invalid handle
[2026-07-15 15:08:24.522] [svulkan2] [error] OIDN Error: invalid handle
[2026-07-15 15:08:24.522] [svulkan2] [error] OIDN Error: invalid handle
[2026-07-15 15:08:24.555] [svulkan2] [error] OIDN Error: invalid handle
[2026-07-15 15:08:24.555] [svulkan2] [error] OIDN Error: invalid handle
[2026-07-15 15:08:24.555] [svulkan2] [error] OIDN Error: invalid handle
[2026-07-15 15:08:24.587] [svulkan2] [error] OIDN Error: invalid handle
[2026-07-15 15:08:24.587] [svulkan2] [error] OIDN Error: invalid handle
[2026-07-15 15:08:24.588] [svulkan2] [error] OIDN Error: invalid handle
[2026-07-15 15:08:24.620] [svulkan2] [error] OIDN Error: invalid handle
[2026-07-15 15:08:24.620] [svulkan2] [error] OIDN Error: invalid handle
[2026-07-15 15:08:24.620] [svulkan2] [error] OIDN Error: invalid handle
[2026-07-15 15:08:24.653] [svulkan2] [error] OIDN Error: invalid handle
[2026-07-15 15:08:24.653] [svulkan2] [error] OIDN Error: invalid handle
[2026-07-15 15:08:24.653] [svulkan2] [error] OIDN Error: invalid handle
[2026-07-15 15:08:24.685] [svulkan2] [error] OIDN Error: invalid handle
[2026-07-15 15:08:24.685] [svulkan2] [error] OIDN Error: invalid handle
[2026-07-15 15:08:24.685] [svulkan2] [error] OIDN Error: invalid handle
[2026-07-15 15:08:24.718] [svulkan2] [error] OIDN Error: invalid handle
[2026-07-15 15:08:24.718] [svulkan2] [error] OIDN Error: invalid handle
[2026-07-15 15:08:24.718] [svulkan2] [error] OIDN Error: invalid handle
[2026-07-15 15:08:24.750] [svulkan2] [error] OIDN Error: invalid handle
[2026-07-15 15:08:24.750] [svulkan2] [error] OIDN Error: invalid handle
[2026-07-15 15:08:24.750] [svulkan2] [error] OIDN Error: invalid handle
[2026-07-15 15:08:24.782] [svulkan2] [error] OIDN Error: invalid handle
[2026-07-15 15:08:24.782] [svulkan2] [error] OIDN Error: invalid handle
[2026-07-15 15:08:24.782] [svulkan2] [error] OIDN Error: invalid handle
[2026-07-15 15:08:24.815] [svulkan2] [error] OIDN Error: invalid handle
[2026-07-15 15:08:24.815] [svulkan2] [error] OIDN Error: invalid handle
[2026-07-15 15:08:24.815] [svulkan2] [error] OIDN Error: invalid handle
[2026-07-15 15:08:24.847] [svulkan2] [error] OIDN Error: invalid handle
[2026-07-15 15:08:24.847] [svulkan2] [error] OIDN Error: invalid handle
[2026-07-15 15:08:24.847] [svulkan2] [error] OIDN Error: invalid handle
[2026-07-15 15:08:24.880] [svulkan2] [error] OIDN Error: invalid handle
[2026-07-15 15:08:24.880] [svulkan2] [error] OIDN Error: invalid handle
[2026-07-15 15:08:24.880] [svulkan2] [error] OIDN Error: invalid handle
[2026-07-15 15:08:24.912] [svulkan2] [error] OIDN Error: invalid handle
[2026-07-15 15:08:24.912] [svulkan2] [error] OIDN Error: invalid handle
[2026-07-15 15:08:24.912] [svulkan2] [error] OIDN Error: invalid handle
[2026-07-15 15:08:24.945] [svulkan2] [error] OIDN Error: invalid handle
[2026-07-15 15:08:24.945] [svulkan2] [error] OIDN Error: invalid handle
[2026-07-15 15:08:24.945] [svulkan2] [error] OIDN Error: invalid handle
[2026-07-15 15:08:24.977] [svulkan2] [error] OIDN Error: invalid handle
[2026-07-15 15:08:24.977] [svulkan2] [error] OIDN Error: invalid handle
[2026-07-15 15:08:24.977] [svulkan2] [error] OIDN Error: invalid handle
[2026-07-15 15:08:25.054] [svulkan2] [error] OIDN Error: invalid handle
[2026-07-15 15:08:25.054] [svulkan2] [error] OIDN Error: invalid handle
[2026-07-15 15:08:25.054] [svulkan2] [error] OIDN Error: invalid handle
[2026-07-15 15:08:25.086] [svulkan2] [error] OIDN Error: invalid handle
[2026-07-15 15:08:25.086] [svulkan2] [error] OIDN Error: invalid handle
[2026-07-15 15:08:25.086] [svulkan2] [error] OIDN Error: invalid handle
[2026-07-15 15:08:25.120] [svulkan2] [error] OIDN Error: invalid handle
[2026-07-15 15:08:25.120] [svulkan2] [error] OIDN Error: invalid handle
[2026-07-15 15:08:25.120] [svulkan2] [error] OIDN Error: invalid handle
[2026-07-15 15:08:25.156] [svulkan2] [error] OIDN Error: invalid handle
[2026-07-15 15:08:25.157] [svulkan2] [error] OIDN Error: invalid handle
[2026-07-15 15:08:25.157] [svulkan2] [error] OIDN Error: invalid handle
[2026-07-15 15:08:25.195] [svulkan2] [error] OIDN Error: invalid handle
[2026-07-15 15:08:25.195] [svulkan2] [error] OIDN Error: invalid handle
[2026-07-15 15:08:25.195] [svulkan2] [error] OIDN Error: invalid handle
[2026-07-15 15:08:25.230] [svulkan2] [error] OIDN Error: invalid handle
[2026-07-15 15:08:25.230] [svulkan2] [error] OIDN Error: invalid handle
[2026-07-15 15:08:25.230] [svulkan2] [error] OIDN Error: invalid handle
[2026-07-15 15:08:25.266] [svulkan2] [error] OIDN Error: invalid handle
[2026-07-15 15:08:25.266] [svulkan2] [error] OIDN Error: invalid handle
[2026-07-15 15:08:25.266] [svulkan2] [error] OIDN Error: invalid handle
[2026-07-15 15:08:25.303] [svulkan2] [error] OIDN Error: invalid handle
[2026-07-15 15:08:25.303] [svulkan2] [error] OIDN Error: invalid handle
[2026-07-15 15:08:25.303] [svulkan2] [error] OIDN Error: invalid handle
[2026-07-15 15:08:25.339] [svulkan2] [error] OIDN Error: invalid handle
[2026-07-15 15:08:25.339] [svulkan2] [error] OIDN Error: invalid handle
[2026-07-15 15:08:25.340] [svulkan2] [error] OIDN Error: invalid handle
[2026-07-15 15:08:25.378] [svulkan2] [error] OIDN Error: invalid handle
[2026-07-15 15:08:25.378] [svulkan2] [error] OIDN Error: invalid handle
[2026-07-15 15:08:25.378] [svulkan2] [error] OIDN Error: invalid handle
[2026-07-15 15:08:25.415] [svulkan2] [error] OIDN Error: invalid handle
[2026-07-15 15:08:25.415] [svulkan2] [error] OIDN Error: invalid handle
[2026-07-15 15:08:25.415] [svulkan2] [error] OIDN Error: invalid handle
[2026-07-15 15:08:25.453] [svulkan2] [error] OIDN Error: invalid handle
[2026-07-15 15:08:25.453] [svulkan2] [error] OIDN Error: invalid handle
[2026-07-15 15:08:25.453] [svulkan2] [error] OIDN Error: invalid handle
[2026-07-15 15:08:25.491] [svulkan2] [error] OIDN Error: invalid handle
[2026-07-15 15:08:25.491] [svulkan2] [error] OIDN Error: invalid handle
[2026-07-15 15:08:25.491] [svulkan2] [error] OIDN Error: invalid handle
[2026-07-15 15:08:25.528] [svulkan2] [error] OIDN Error: invalid handle
[2026-07-15 15:08:25.528] [svulkan2] [error] OIDN Error: invalid handle
[2026-07-15 15:08:25.528] [svulkan2] [error] OIDN Error: invalid handle
[2026-07-15 15:08:25.563] [svulkan2] [error] OIDN Error: invalid handle
[2026-07-15 15:08:25.563] [svulkan2] [error] OIDN Error: invalid handle
[2026-07-15 15:08:25.563] [svulkan2] [error] OIDN Error: invalid handle
[2026-07-15 15:08:25.600] [svulkan2] [error] OIDN Error: invalid handle
[2026-07-15 15:08:25.600] [svulkan2] [error] OIDN Error: invalid handle
[2026-07-15 15:08:25.600] [svulkan2] [error] OIDN Error: invalid handle
[2026-07-15 15:08:25.637] [svulkan2] [error] OIDN Error: invalid handle
[2026-07-15 15:08:25.637] [svulkan2] [error] OIDN Error: invalid handle
[2026-07-15 15:08:25.637] [svulkan2] [error] OIDN Error: invalid handle
[2026-07-15 15:08:25.674] [svulkan2] [error] OIDN Error: invalid handle
[2026-07-15 15:08:25.675] [svulkan2] [error] OIDN Error: invalid handle
[2026-07-15 15:08:25.675] [svulkan2] [error] OIDN Error: invalid handle
[2026-07-15 15:08:25.711] [svulkan2] [error] OIDN Error: invalid handle
[2026-07-15 15:08:25.711] [svulkan2] [error] OIDN Error: invalid handle
[2026-07-15 15:08:25.711] [svulkan2] [error] OIDN Error: invalid handle
[2026-07-15 15:08:25.745] [svulkan2] [error] OIDN Error: invalid handle
[2026-07-15 15:08:25.745] [svulkan2] [error] OIDN Error: invalid handle
[2026-07-15 15:08:25.745] [svulkan2] [error] OIDN Error: invalid handle
[2026-07-15 15:08:25.778] [svulkan2] [error] OIDN Error: invalid handle
[2026-07-15 15:08:25.778] [svulkan2] [error] OIDN Error: invalid handle
[2026-07-15 15:08:25.778] [svulkan2] [error] OIDN Error: invalid handle
[2026-07-15 15:08:25.813] [svulkan2] [error] OIDN Error: invalid handle
[2026-07-15 15:08:25.813] [svulkan2] [error] OIDN Error: invalid handle
[2026-07-15 15:08:25.813] [svulkan2] [error] OIDN Error: invalid handle
[2026-07-15 15:08:25.847] [svulkan2] [error] OIDN Error: invalid handle
[2026-07-15 15:08:25.847] [svulkan2] [error] OIDN Error: invalid handle
[2026-07-15 15:08:25.847] [svulkan2] [error] OIDN Error: invalid handle
[2026-07-15 15:08:25.882] [svulkan2] [error] OIDN Error: invalid handle
[2026-07-15 15:08:25.882] [svulkan2] [error] OIDN Error: invalid handle
[2026-07-15 15:08:25.882] [svulkan2] [error] OIDN Error: invalid handle
[2026-07-15 15:08:25.918] [svulkan2] [error] OIDN Error: invalid handle
[2026-07-15 15:08:25.918] [svulkan2] [error] OIDN Error: invalid handle
[2026-07-15 15:08:25.918] [svulkan2] [error] OIDN Error: invalid handle
[2026-07-15 15:08:25.956] [svulkan2] [error] OIDN Error: invalid handle
[2026-07-15 15:08:25.956] [svulkan2] [error] OIDN Error: invalid handle
[2026-07-15 15:08:25.956] [svulkan2] [error] OIDN Error: invalid handle
[2026-07-15 15:08:25.993] [svulkan2] [error] OIDN Error: invalid handle
[2026-07-15 15:08:25.993] [svulkan2] [error] OIDN Error: invalid handle
[2026-07-15 15:08:25.993] [svulkan2] [error] OIDN Error: invalid handle
[2026-07-15 15:08:26.027] [svulkan2] [error] OIDN Error: invalid handle
[2026-07-15 15:08:26.027] [svulkan2] [error] OIDN Error: invalid handle
[2026-07-15 15:08:26.027] [svulkan2] [error] OIDN Error: invalid handle
[2026-07-15 15:08:26.063] [svulkan2] [error] OIDN Error: invalid handle
[2026-07-15 15:08:26.063] [svulkan2] [error] OIDN Error: invalid handle
[2026-07-15 15:08:26.063] [svulkan2] [error] OIDN Error: invalid handle
[2026-07-15 15:08:26.098] [svulkan2] [error] OIDN Error: invalid handle
[2026-07-15 15:08:26.098] [svulkan2] [error] OIDN Error: invalid handle
[2026-07-15 15:08:26.098] [svulkan2] [error] OIDN Error: invalid handle
[2026-07-15 15:08:26.131] [svulkan2] [error] OIDN Error: invalid handle
[2026-07-15 15:08:26.131] [svulkan2] [error] OIDN Error: invalid handle
[2026-07-15 15:08:26.131] [svulkan2] [error] OIDN Error: invalid handle
[2026-07-15 15:08:26.166] [svulkan2] [error] OIDN Error: invalid handle
[2026-07-15 15:08:26.166] [svulkan2] [error] OIDN Error: invalid handle
[2026-07-15 15:08:26.166] [svulkan2] [error] OIDN Error: invalid handle
[2026-07-15 15:08:26.201] [svulkan2] [error] OIDN Error: invalid handle
[2026-07-15 15:08:26.201] [svulkan2] [error] OIDN Error: invalid handle
[2026-07-15 15:08:26.201] [svulkan2] [error] OIDN Error: invalid handle
[2026-07-15 15:08:26.236] [svulkan2] [error] OIDN Error: invalid handle
[2026-07-15 15:08:26.237] [svulkan2] [error] OIDN Error: invalid handle
[2026-07-15 15:08:26.237] [svulkan2] [error] OIDN Error: invalid handle
[2026-07-15 15:08:26.273] [svulkan2] [error] OIDN Error: invalid handle
[2026-07-15 15:08:26.273] [svulkan2] [error] OIDN Error: invalid handle
[2026-07-15 15:08:26.273] [svulkan2] [error] OIDN Error: invalid handle
[2026-07-15 15:08:26.309] [svulkan2] [error] OIDN Error: invalid handle
[2026-07-15 15:08:26.309] [svulkan2] [error] OIDN Error: invalid handle
[2026-07-15 15:08:26.309] [svulkan2] [error] OIDN Error: invalid handle
[2026-07-15 15:08:26.341] [svulkan2] [error] OIDN Error: invalid handle
[2026-07-15 15:08:26.341] [svulkan2] [error] OIDN Error: invalid handle
[2026-07-15 15:08:26.341] [svulkan2] [error] OIDN Error: invalid handle
[2026-07-15 15:08:26.373] [svulkan2] [error] OIDN Error: invalid handle
[2026-07-15 15:08:26.373] [svulkan2] [error] OIDN Error: invalid handle
[2026-07-15 15:08:26.373] [svulkan2] [error] OIDN Error: invalid handle
[2026-07-15 15:08:26.409] [svulkan2] [error] OIDN Error: invalid handle
[2026-07-15 15:08:26.409] [svulkan2] [error] OIDN Error: invalid handle
[2026-07-15 15:08:26.409] [svulkan2] [error] OIDN Error: invalid handle
[2026-07-15 15:08:26.441] [svulkan2] [error] OIDN Error: invalid handle
[2026-07-15 15:08:26.441] [svulkan2] [error] OIDN Error: invalid handle
[2026-07-15 15:08:26.442] [svulkan2] [error] OIDN Error: invalid handle
[2026-07-15 15:08:26.480] [svulkan2] [error] OIDN Error: invalid handle
[2026-07-15 15:08:26.480] [svulkan2] [error] OIDN Error: invalid handle
[2026-07-15 15:08:26.480] [svulkan2] [error] OIDN Error: invalid handle
[2026-07-15 15:08:26.518] [svulkan2] [error] OIDN Error: invalid handle
[2026-07-15 15:08:26.518] [svulkan2] [error] OIDN Error: invalid handle
[2026-07-15 15:08:26.518] [svulkan2] [error] OIDN Error: invalid handle
[2026-07-15 15:08:26.556] [svulkan2] [error] OIDN Error: invalid handle
[2026-07-15 15:08:26.556] [svulkan2] [error] OIDN Error: invalid handle
[2026-07-15 15:08:26.556] [svulkan2] [error] OIDN Error: invalid handle
[2026-07-15 15:08:26.592] [svulkan2] [error] OIDN Error: invalid handle
[2026-07-15 15:08:26.592] [svulkan2] [error] OIDN Error: invalid handle
[2026-07-15 15:08:26.592] [svulkan2] [error] OIDN Error: invalid handle
[2026-07-15 15:08:26.629] [svulkan2] [error] OIDN Error: invalid handle
[2026-07-15 15:08:26.630] [svulkan2] [error] OIDN Error: invalid handle
[2026-07-15 15:08:26.630] [svulkan2] [error] OIDN Error: invalid handle
[2026-07-15 15:08:26.668] [svulkan2] [error] OIDN Error: invalid handle
[2026-07-15 15:08:26.668] [svulkan2] [error] OIDN Error: invalid handle
[2026-07-15 15:08:26.668] [svulkan2] [error] OIDN Error: invalid handle
[2026-07-15 15:08:26.703] [svulkan2] [error] OIDN Error: invalid handle
[2026-07-15 15:08:26.703] [svulkan2] [error] OIDN Error: invalid handle
[2026-07-15 15:08:26.703] [svulkan2] [error] OIDN Error: invalid handle
[2026-07-15 15:08:26.738] [svulkan2] [error] OIDN Error: invalid handle
[2026-07-15 15:08:26.738] [svulkan2] [error] OIDN Error: invalid handle
[2026-07-15 15:08:26.738] [svulkan2] [error] OIDN Error: invalid handle
[2026-07-15 15:08:26.772] [svulkan2] [error] OIDN Error: invalid handle
[2026-07-15 15:08:26.772] [svulkan2] [error] OIDN Error: invalid handle
[2026-07-15 15:08:26.772] [svulkan2] [error] OIDN Error: invalid handle
[2026-07-15 15:08:26.806] [svulkan2] [error] OIDN Error: invalid handle
[2026-07-15 15:08:26.806] [svulkan2] [error] OIDN Error: invalid handle
[2026-07-15 15:08:26.806] [svulkan2] [error] OIDN Error: invalid handle
[2026-07-15 15:08:26.840] [svulkan2] [error] OIDN Error: invalid handle
[2026-07-15 15:08:26.840] [svulkan2] [error] OIDN Error: invalid handle
[2026-07-15 15:08:26.840] [svulkan2] [error] OIDN Error: invalid handle
[2026-07-15 15:08:26.873] [svulkan2] [error] OIDN Error: invalid handle
[2026-07-15 15:08:26.873] [svulkan2] [error] OIDN Error: invalid handle
[2026-07-15 15:08:26.873] [svulkan2] [error] OIDN Error: invalid handle
[2026-07-15 15:08:26.907] [svulkan2] [error] OIDN Error: invalid handle
[2026-07-15 15:08:26.907] [svulkan2] [error] OIDN Error: invalid handle
[2026-07-15 15:08:26.907] [svulkan2] [error] OIDN Error: invalid handle
[2026-07-15 15:08:26.940] [svulkan2] [error] OIDN Error: invalid handle
[2026-07-15 15:08:26.940] [svulkan2] [error] OIDN Error: invalid handle
[2026-07-15 15:08:26.940] [svulkan2] [error] OIDN Error: invalid handle
[2026-07-15 15:08:26.973] [svulkan2] [error] OIDN Error: invalid handle
[2026-07-15 15:08:26.973] [svulkan2] [error] OIDN Error: invalid handle
[2026-07-15 15:08:26.973] [svulkan2] [error] OIDN Error: invalid handle
[2026-07-15 15:08:27.005] [svulkan2] [error] OIDN Error: invalid handle
[2026-07-15 15:08:27.005] [svulkan2] [error] OIDN Error: invalid handle
[2026-07-15 15:08:27.027] [svulkan2] [error] OIDN Error: invalid handle
