/home/jingxiang/workspace/alchedata-self-improving-agents/external/RoboTwin/envs/curobo/src/curobo/opt/opt_base.py:298: UserWarning: Sparse invariant checks are implicitly disabled. Memory errors (e.g. SEGFAULT) will occur when operating on a sparse tensor which violates the invariants, but checks incur performance overhead. To silence this warning, explicitly opt in or out. See `torch.sparse.check_sparse_tensor_invariants.__doc__` for guidance.  (Triggered internally at /pytorch/aten/src/ATen/Context.cpp:760.)
  self.problem_kernel_ = torch.sparse_coo_tensor(
[2026-07-15 14:58:34.205] [svulkan2] [error] OIDN Error: unsupported device type: CUDA
[2026-07-15 14:58:34.218] [svulkan2] [error] OIDN Error: invalid handle
[2026-07-15 14:58:34.233] [svulkan2] [error] OIDN Error: invalid handle
[2026-07-15 14:58:39.034] [svulkan2] [error] OIDN Error: invalid handle
[2026-07-15 14:58:39.034] [svulkan2] [error] OIDN Error: invalid handle
[2026-07-15 14:58:39.035] [svulkan2] [error] OIDN Error: invalid handle
[2026-07-15 14:58:39.063] [svulkan2] [error] OIDN Error: invalid handle
[2026-07-15 14:58:39.063] [svulkan2] [error] OIDN Error: invalid handle
[2026-07-15 14:58:39.063] [svulkan2] [error] OIDN Error: invalid handle
[2026-07-15 14:58:39.092] [svulkan2] [error] OIDN Error: invalid handle
[2026-07-15 14:58:39.092] [svulkan2] [error] OIDN Error: invalid handle
[2026-07-15 14:58:39.092] [svulkan2] [error] OIDN Error: invalid handle
[2026-07-15 14:58:39.121] [svulkan2] [error] OIDN Error: invalid handle
[2026-07-15 14:58:39.121] [svulkan2] [error] OIDN Error: invalid handle
[2026-07-15 14:58:39.121] [svulkan2] [error] OIDN Error: invalid handle
[2026-07-15 14:58:39.149] [svulkan2] [error] OIDN Error: invalid handle
[2026-07-15 14:58:39.149] [svulkan2] [error] OIDN Error: invalid handle
[2026-07-15 14:58:39.150] [svulkan2] [error] OIDN Error: invalid handle
[2026-07-15 14:58:39.178] [svulkan2] [error] OIDN Error: invalid handle
[2026-07-15 14:58:39.179] [svulkan2] [error] OIDN Error: invalid handle
[2026-07-15 14:58:39.179] [svulkan2] [error] OIDN Error: invalid handle
[2026-07-15 14:58:39.208] [svulkan2] [error] OIDN Error: invalid handle
[2026-07-15 14:58:39.208] [svulkan2] [error] OIDN Error: invalid handle
[2026-07-15 14:58:39.208] [svulkan2] [error] OIDN Error: invalid handle
[2026-07-15 14:58:39.237] [svulkan2] [error] OIDN Error: invalid handle
[2026-07-15 14:58:39.237] [svulkan2] [error] OIDN Error: invalid handle
[2026-07-15 14:58:39.237] [svulkan2] [error] OIDN Error: invalid handle
[2026-07-15 14:58:39.266] [svulkan2] [error] OIDN Error: invalid handle
[2026-07-15 14:58:39.268] [svulkan2] [error] OIDN Error: invalid handle
[2026-07-15 14:58:39.268] [svulkan2] [error] OIDN Error: invalid handle
[2026-07-15 14:58:39.295] [svulkan2] [error] OIDN Error: invalid handle
[2026-07-15 14:58:39.295] [svulkan2] [error] OIDN Error: invalid handle
[2026-07-15 14:58:39.295] [svulkan2] [error] OIDN Error: invalid handle
[2026-07-15 14:58:39.323] [svulkan2] [error] OIDN Error: invalid handle
[2026-07-15 14:58:39.323] [svulkan2] [error] OIDN Error: invalid handle
[2026-07-15 14:58:39.323] [svulkan2] [error] OIDN Error: invalid handle
[2026-07-15 14:58:39.352] [svulkan2] [error] OIDN Error: invalid handle
[2026-07-15 14:58:39.352] [svulkan2] [error] OIDN Error: invalid handle
[2026-07-15 14:58:39.352] [svulkan2] [error] OIDN Error: invalid handle
[2026-07-15 14:58:39.380] [svulkan2] [error] OIDN Error: invalid handle
[2026-07-15 14:58:39.380] [svulkan2] [error] OIDN Error: invalid handle
[2026-07-15 14:58:39.380] [svulkan2] [error] OIDN Error: invalid handle
[2026-07-15 14:58:39.408] [svulkan2] [error] OIDN Error: invalid handle
[2026-07-15 14:58:39.408] [svulkan2] [error] OIDN Error: invalid handle
[2026-07-15 14:58:39.408] [svulkan2] [error] OIDN Error: invalid handle
[2026-07-15 14:58:39.436] [svulkan2] [error] OIDN Error: invalid handle
[2026-07-15 14:58:39.437] [svulkan2] [error] OIDN Error: invalid handle
[2026-07-15 14:58:39.437] [svulkan2] [error] OIDN Error: invalid handle
[2026-07-15 14:58:39.465] [svulkan2] [error] OIDN Error: invalid handle
[2026-07-15 14:58:39.465] [svulkan2] [error] OIDN Error: invalid handle
[2026-07-15 14:58:39.465] [svulkan2] [error] OIDN Error: invalid handle
[2026-07-15 14:58:39.493] [svulkan2] [error] OIDN Error: invalid handle
[2026-07-15 14:58:39.493] [svulkan2] [error] OIDN Error: invalid handle
[2026-07-15 14:58:39.493] [svulkan2] [error] OIDN Error: invalid handle
[2026-07-15 14:58:39.522] [svulkan2] [error] OIDN Error: invalid handle
[2026-07-15 14:58:39.522] [svulkan2] [error] OIDN Error: invalid handle
[2026-07-15 14:58:39.522] [svulkan2] [error] OIDN Error: invalid handle
[2026-07-15 14:58:39.551] [svulkan2] [error] OIDN Error: invalid handle
[2026-07-15 14:58:39.551] [svulkan2] [error] OIDN Error: invalid handle
[2026-07-15 14:58:39.551] [svulkan2] [error] OIDN Error: invalid handle
[2026-07-15 14:58:39.579] [svulkan2] [error] OIDN Error: invalid handle
[2026-07-15 14:58:39.579] [svulkan2] [error] OIDN Error: invalid handle
[2026-07-15 14:58:39.579] [svulkan2] [error] OIDN Error: invalid handle
[2026-07-15 14:58:39.608] [svulkan2] [error] OIDN Error: invalid handle
[2026-07-15 14:58:39.609] [svulkan2] [error] OIDN Error: invalid handle
[2026-07-15 14:58:39.609] [svulkan2] [error] OIDN Error: invalid handle
[2026-07-15 14:58:39.637] [svulkan2] [error] OIDN Error: invalid handle
[2026-07-15 14:58:39.638] [svulkan2] [error] OIDN Error: invalid handle
[2026-07-15 14:58:39.638] [svulkan2] [error] OIDN Error: invalid handle
[2026-07-15 14:58:39.666] [svulkan2] [error] OIDN Error: invalid handle
[2026-07-15 14:58:39.666] [svulkan2] [error] OIDN Error: invalid handle
[2026-07-15 14:58:39.666] [svulkan2] [error] OIDN Error: invalid handle
[2026-07-15 14:58:39.695] [svulkan2] [error] OIDN Error: invalid handle
[2026-07-15 14:58:39.695] [svulkan2] [error] OIDN Error: invalid handle
[2026-07-15 14:58:39.695] [svulkan2] [error] OIDN Error: invalid handle
[2026-07-15 14:58:39.724] [svulkan2] [error] OIDN Error: invalid handle
[2026-07-15 14:58:39.724] [svulkan2] [error] OIDN Error: invalid handle
[2026-07-15 14:58:39.724] [svulkan2] [error] OIDN Error: invalid handle
[2026-07-15 14:58:39.752] [svulkan2] [error] OIDN Error: invalid handle
[2026-07-15 14:58:39.753] [svulkan2] [error] OIDN Error: invalid handle
[2026-07-15 14:58:39.753] [svulkan2] [error] OIDN Error: invalid handle
[2026-07-15 14:58:39.781] [svulkan2] [error] OIDN Error: invalid handle
[2026-07-15 14:58:39.781] [svulkan2] [error] OIDN Error: invalid handle
[2026-07-15 14:58:39.781] [svulkan2] [error] OIDN Error: invalid handle
[2026-07-15 14:58:39.810] [svulkan2] [error] OIDN Error: invalid handle
[2026-07-15 14:58:39.810] [svulkan2] [error] OIDN Error: invalid handle
[2026-07-15 14:58:39.810] [svulkan2] [error] OIDN Error: invalid handle
[2026-07-15 14:58:39.839] [svulkan2] [error] OIDN Error: invalid handle
[2026-07-15 14:58:39.839] [svulkan2] [error] OIDN Error: invalid handle
[2026-07-15 14:58:39.839] [svulkan2] [error] OIDN Error: invalid handle
[2026-07-15 14:58:39.868] [svulkan2] [error] OIDN Error: invalid handle
[2026-07-15 14:58:39.868] [svulkan2] [error] OIDN Error: invalid handle
[2026-07-15 14:58:39.868] [svulkan2] [error] OIDN Error: invalid handle
[2026-07-15 14:58:39.896] [svulkan2] [error] OIDN Error: invalid handle
[2026-07-15 14:58:39.896] [svulkan2] [error] OIDN Error: invalid handle
[2026-07-15 14:58:39.896] [svulkan2] [error] OIDN Error: invalid handle
[2026-07-15 14:58:39.925] [svulkan2] [error] OIDN Error: invalid handle
[2026-07-15 14:58:39.925] [svulkan2] [error] OIDN Error: invalid handle
[2026-07-15 14:58:39.925] [svulkan2] [error] OIDN Error: invalid handle
[2026-07-15 14:58:39.953] [svulkan2] [error] OIDN Error: invalid handle
[2026-07-15 14:58:39.953] [svulkan2] [error] OIDN Error: invalid handle
[2026-07-15 14:58:39.953] [svulkan2] [error] OIDN Error: invalid handle
[2026-07-15 14:58:39.982] [svulkan2] [error] OIDN Error: invalid handle
[2026-07-15 14:58:39.982] [svulkan2] [error] OIDN Error: invalid handle
[2026-07-15 14:58:39.982] [svulkan2] [error] OIDN Error: invalid handle
[2026-07-15 14:58:40.010] [svulkan2] [error] OIDN Error: invalid handle
[2026-07-15 14:58:40.010] [svulkan2] [error] OIDN Error: invalid handle
[2026-07-15 14:58:40.010] [svulkan2] [error] OIDN Error: invalid handle
[2026-07-15 14:58:40.039] [svulkan2] [error] OIDN Error: invalid handle
[2026-07-15 14:58:40.039] [svulkan2] [error] OIDN Error: invalid handle
[2026-07-15 14:58:40.039] [svulkan2] [error] OIDN Error: invalid handle
[2026-07-15 14:58:40.067] [svulkan2] [error] OIDN Error: invalid handle
[2026-07-15 14:58:40.067] [svulkan2] [error] OIDN Error: invalid handle
[2026-07-15 14:58:40.067] [svulkan2] [error] OIDN Error: invalid handle
[2026-07-15 14:58:40.096] [svulkan2] [error] OIDN Error: invalid handle
[2026-07-15 14:58:40.096] [svulkan2] [error] OIDN Error: invalid handle
[2026-07-15 14:58:40.096] [svulkan2] [error] OIDN Error: invalid handle
[2026-07-15 14:58:40.125] [svulkan2] [error] OIDN Error: invalid handle
[2026-07-15 14:58:40.125] [svulkan2] [error] OIDN Error: invalid handle
[2026-07-15 14:58:40.125] [svulkan2] [error] OIDN Error: invalid handle
[2026-07-15 14:58:40.153] [svulkan2] [error] OIDN Error: invalid handle
[2026-07-15 14:58:40.153] [svulkan2] [error] OIDN Error: invalid handle
[2026-07-15 14:58:40.153] [svulkan2] [error] OIDN Error: invalid handle
[2026-07-15 14:58:40.181] [svulkan2] [error] OIDN Error: invalid handle
[2026-07-15 14:58:40.181] [svulkan2] [error] OIDN Error: invalid handle
[2026-07-15 14:58:40.181] [svulkan2] [error] OIDN Error: invalid handle
[2026-07-15 14:58:40.210] [svulkan2] [error] OIDN Error: invalid handle
[2026-07-15 14:58:40.210] [svulkan2] [error] OIDN Error: invalid handle
[2026-07-15 14:58:40.210] [svulkan2] [error] OIDN Error: invalid handle
[2026-07-15 14:58:40.238] [svulkan2] [error] OIDN Error: invalid handle
[2026-07-15 14:58:40.238] [svulkan2] [error] OIDN Error: invalid handle
[2026-07-15 14:58:40.238] [svulkan2] [error] OIDN Error: invalid handle
[2026-07-15 14:58:40.267] [svulkan2] [error] OIDN Error: invalid handle
[2026-07-15 14:58:40.267] [svulkan2] [error] OIDN Error: invalid handle
[2026-07-15 14:58:40.267] [svulkan2] [error] OIDN Error: invalid handle
[2026-07-15 14:58:40.296] [svulkan2] [error] OIDN Error: invalid handle
[2026-07-15 14:58:40.296] [svulkan2] [error] OIDN Error: invalid handle
[2026-07-15 14:58:40.296] [svulkan2] [error] OIDN Error: invalid handle
[2026-07-15 14:58:40.325] [svulkan2] [error] OIDN Error: invalid handle
[2026-07-15 14:58:40.325] [svulkan2] [error] OIDN Error: invalid handle
[2026-07-15 14:58:40.325] [svulkan2] [error] OIDN Error: invalid handle
[2026-07-15 14:58:40.353] [svulkan2] [error] OIDN Error: invalid handle
[2026-07-15 14:58:40.353] [svulkan2] [error] OIDN Error: invalid handle
[2026-07-15 14:58:40.353] [svulkan2] [error] OIDN Error: invalid handle
[2026-07-15 14:58:40.381] [svulkan2] [error] OIDN Error: invalid handle
[2026-07-15 14:58:40.382] [svulkan2] [error] OIDN Error: invalid handle
[2026-07-15 14:58:40.382] [svulkan2] [error] OIDN Error: invalid handle
[2026-07-15 14:58:40.410] [svulkan2] [error] OIDN Error: invalid handle
[2026-07-15 14:58:40.411] [svulkan2] [error] OIDN Error: invalid handle
[2026-07-15 14:58:40.411] [svulkan2] [error] OIDN Error: invalid handle
[2026-07-15 14:58:40.439] [svulkan2] [error] OIDN Error: invalid handle
[2026-07-15 14:58:40.439] [svulkan2] [error] OIDN Error: invalid handle
[2026-07-15 14:58:40.439] [svulkan2] [error] OIDN Error: invalid handle
[2026-07-15 14:58:40.468] [svulkan2] [error] OIDN Error: invalid handle
[2026-07-15 14:58:40.468] [svulkan2] [error] OIDN Error: invalid handle
[2026-07-15 14:58:40.468] [svulkan2] [error] OIDN Error: invalid handle
[2026-07-15 14:58:40.497] [svulkan2] [error] OIDN Error: invalid handle
[2026-07-15 14:58:40.497] [svulkan2] [error] OIDN Error: invalid handle
[2026-07-15 14:58:40.497] [svulkan2] [error] OIDN Error: invalid handle
[2026-07-15 14:58:40.526] [svulkan2] [error] OIDN Error: invalid handle
[2026-07-15 14:58:40.526] [svulkan2] [error] OIDN Error: invalid handle
[2026-07-15 14:58:40.526] [svulkan2] [error] OIDN Error: invalid handle
[2026-07-15 14:58:40.556] [svulkan2] [error] OIDN Error: invalid handle
[2026-07-15 14:58:40.556] [svulkan2] [error] OIDN Error: invalid handle
[2026-07-15 14:58:40.556] [svulkan2] [error] OIDN Error: invalid handle
[2026-07-15 14:58:40.585] [svulkan2] [error] OIDN Error: invalid handle
[2026-07-15 14:58:40.585] [svulkan2] [error] OIDN Error: invalid handle
[2026-07-15 14:58:40.585] [svulkan2] [error] OIDN Error: invalid handle
[2026-07-15 14:58:40.613] [svulkan2] [error] OIDN Error: invalid handle
[2026-07-15 14:58:40.613] [svulkan2] [error] OIDN Error: invalid handle
[2026-07-15 14:58:40.613] [svulkan2] [error] OIDN Error: invalid handle
[2026-07-15 14:58:40.641] [svulkan2] [error] OIDN Error: invalid handle
[2026-07-15 14:58:40.641] [svulkan2] [error] OIDN Error: invalid handle
[2026-07-15 14:58:40.641] [svulkan2] [error] OIDN Error: invalid handle
[2026-07-15 14:58:40.670] [svulkan2] [error] OIDN Error: invalid handle
[2026-07-15 14:58:40.670] [svulkan2] [error] OIDN Error: invalid handle
[2026-07-15 14:58:40.670] [svulkan2] [error] OIDN Error: invalid handle
[2026-07-15 14:58:40.699] [svulkan2] [error] OIDN Error: invalid handle
[2026-07-15 14:58:40.699] [svulkan2] [error] OIDN Error: invalid handle
[2026-07-15 14:58:40.699] [svulkan2] [error] OIDN Error: invalid handle
[2026-07-15 14:58:40.728] [svulkan2] [error] OIDN Error: invalid handle
[2026-07-15 14:58:40.728] [svulkan2] [error] OIDN Error: invalid handle
[2026-07-15 14:58:40.728] [svulkan2] [error] OIDN Error: invalid handle
[2026-07-15 14:58:40.757] [svulkan2] [error] OIDN Error: invalid handle
[2026-07-15 14:58:40.757] [svulkan2] [error] OIDN Error: invalid handle
[2026-07-15 14:58:40.757] [svulkan2] [error] OIDN Error: invalid handle
[2026-07-15 14:58:40.786] [svulkan2] [error] OIDN Error: invalid handle
[2026-07-15 14:58:40.786] [svulkan2] [error] OIDN Error: invalid handle
[2026-07-15 14:58:40.786] [svulkan2] [error] OIDN Error: invalid handle
[2026-07-15 14:58:40.814] [svulkan2] [error] OIDN Error: invalid handle
[2026-07-15 14:58:40.814] [svulkan2] [error] OIDN Error: invalid handle
[2026-07-15 14:58:40.814] [svulkan2] [error] OIDN Error: invalid handle
[2026-07-15 14:58:40.843] [svulkan2] [error] OIDN Error: invalid handle
[2026-07-15 14:58:40.843] [svulkan2] [error] OIDN Error: invalid handle
[2026-07-15 14:58:40.843] [svulkan2] [error] OIDN Error: invalid handle
[2026-07-15 14:58:40.872] [svulkan2] [error] OIDN Error: invalid handle
[2026-07-15 14:58:40.872] [svulkan2] [error] OIDN Error: invalid handle
[2026-07-15 14:58:40.872] [svulkan2] [error] OIDN Error: invalid handle
[2026-07-15 14:58:40.901] [svulkan2] [error] OIDN Error: invalid handle
[2026-07-15 14:58:40.901] [svulkan2] [error] OIDN Error: invalid handle
[2026-07-15 14:58:40.901] [svulkan2] [error] OIDN Error: invalid handle
[2026-07-15 14:58:40.930] [svulkan2] [error] OIDN Error: invalid handle
[2026-07-15 14:58:40.930] [svulkan2] [error] OIDN Error: invalid handle
[2026-07-15 14:58:40.930] [svulkan2] [error] OIDN Error: invalid handle
[2026-07-15 14:58:40.959] [svulkan2] [error] OIDN Error: invalid handle
[2026-07-15 14:58:40.959] [svulkan2] [error] OIDN Error: invalid handle
[2026-07-15 14:58:40.959] [svulkan2] [error] OIDN Error: invalid handle
[2026-07-15 14:58:40.987] [svulkan2] [error] OIDN Error: invalid handle
[2026-07-15 14:58:40.987] [svulkan2] [error] OIDN Error: invalid handle
[2026-07-15 14:58:40.987] [svulkan2] [error] OIDN Error: invalid handle
[2026-07-15 14:58:41.017] [svulkan2] [error] OIDN Error: invalid handle
[2026-07-15 14:58:41.017] [svulkan2] [error] OIDN Error: invalid handle
[2026-07-15 14:58:41.017] [svulkan2] [error] OIDN Error: invalid handle
[2026-07-15 14:58:41.046] [svulkan2] [error] OIDN Error: invalid handle
[2026-07-15 14:58:41.046] [svulkan2] [error] OIDN Error: invalid handle
[2026-07-15 14:58:41.046] [svulkan2] [error] OIDN Error: invalid handle
[2026-07-15 14:58:41.076] [svulkan2] [error] OIDN Error: invalid handle
[2026-07-15 14:58:41.076] [svulkan2] [error] OIDN Error: invalid handle
[2026-07-15 14:58:41.076] [svulkan2] [error] OIDN Error: invalid handle
[2026-07-15 14:58:41.105] [svulkan2] [error] OIDN Error: invalid handle
[2026-07-15 14:58:41.105] [svulkan2] [error] OIDN Error: invalid handle
[2026-07-15 14:58:41.105] [svulkan2] [error] OIDN Error: invalid handle
[2026-07-15 14:58:41.134] [svulkan2] [error] OIDN Error: invalid handle
[2026-07-15 14:58:41.134] [svulkan2] [error] OIDN Error: invalid handle
[2026-07-15 14:58:41.134] [svulkan2] [error] OIDN Error: invalid handle
[2026-07-15 14:58:41.164] [svulkan2] [error] OIDN Error: invalid handle
[2026-07-15 14:58:41.164] [svulkan2] [error] OIDN Error: invalid handle
[2026-07-15 14:58:41.164] [svulkan2] [error] OIDN Error: invalid handle
[2026-07-15 14:58:41.193] [svulkan2] [error] OIDN Error: invalid handle
[2026-07-15 14:58:41.193] [svulkan2] [error] OIDN Error: invalid handle
[2026-07-15 14:58:41.193] [svulkan2] [error] OIDN Error: invalid handle
[2026-07-15 14:58:41.223] [svulkan2] [error] OIDN Error: invalid handle
[2026-07-15 14:58:41.223] [svulkan2] [error] OIDN Error: invalid handle
[2026-07-15 14:58:41.223] [svulkan2] [error] OIDN Error: invalid handle
[2026-07-15 14:58:41.253] [svulkan2] [error] OIDN Error: invalid handle
[2026-07-15 14:58:41.253] [svulkan2] [error] OIDN Error: invalid handle
[2026-07-15 14:58:41.253] [svulkan2] [error] OIDN Error: invalid handle
[2026-07-15 14:58:41.282] [svulkan2] [error] OIDN Error: invalid handle
[2026-07-15 14:58:41.282] [svulkan2] [error] OIDN Error: invalid handle
[2026-07-15 14:58:41.282] [svulkan2] [error] OIDN Error: invalid handle
[2026-07-15 14:58:41.312] [svulkan2] [error] OIDN Error: invalid handle
[2026-07-15 14:58:41.312] [svulkan2] [error] OIDN Error: invalid handle
[2026-07-15 14:58:41.312] [svulkan2] [error] OIDN Error: invalid handle
[2026-07-15 14:58:41.341] [svulkan2] [error] OIDN Error: invalid handle
[2026-07-15 14:58:41.341] [svulkan2] [error] OIDN Error: invalid handle
[2026-07-15 14:58:41.341] [svulkan2] [error] OIDN Error: invalid handle
[2026-07-15 14:58:41.370] [svulkan2] [error] OIDN Error: invalid handle
[2026-07-15 14:58:41.370] [svulkan2] [error] OIDN Error: invalid handle
[2026-07-15 14:58:41.370] [svulkan2] [error] OIDN Error: invalid handle
[2026-07-15 14:58:41.399] [svulkan2] [error] OIDN Error: invalid handle
[2026-07-15 14:58:41.400] [svulkan2] [error] OIDN Error: invalid handle
[2026-07-15 14:58:41.400] [svulkan2] [error] OIDN Error: invalid handle
[2026-07-15 14:58:41.429] [svulkan2] [error] OIDN Error: invalid handle
[2026-07-15 14:58:41.429] [svulkan2] [error] OIDN Error: invalid handle
[2026-07-15 14:58:41.429] [svulkan2] [error] OIDN Error: invalid handle
[2026-07-15 14:58:41.458] [svulkan2] [error] OIDN Error: invalid handle
[2026-07-15 14:58:41.458] [svulkan2] [error] OIDN Error: invalid handle
[2026-07-15 14:58:41.458] [svulkan2] [error] OIDN Error: invalid handle
[2026-07-15 14:58:41.487] [svulkan2] [error] OIDN Error: invalid handle
[2026-07-15 14:58:41.487] [svulkan2] [error] OIDN Error: invalid handle
[2026-07-15 14:58:41.487] [svulkan2] [error] OIDN Error: invalid handle
[2026-07-15 14:58:41.517] [svulkan2] [error] OIDN Error: invalid handle
[2026-07-15 14:58:41.517] [svulkan2] [error] OIDN Error: invalid handle
[2026-07-15 14:58:41.517] [svulkan2] [error] OIDN Error: invalid handle
[2026-07-15 14:58:41.546] [svulkan2] [error] OIDN Error: invalid handle
[2026-07-15 14:58:41.546] [svulkan2] [error] OIDN Error: invalid handle
[2026-07-15 14:58:41.546] [svulkan2] [error] OIDN Error: invalid handle
[2026-07-15 14:58:41.576] [svulkan2] [error] OIDN Error: invalid handle
[2026-07-15 14:58:41.576] [svulkan2] [error] OIDN Error: invalid handle
[2026-07-15 14:58:41.576] [svulkan2] [error] OIDN Error: invalid handle
[2026-07-15 14:58:41.605] [svulkan2] [error] OIDN Error: invalid handle
[2026-07-15 14:58:41.605] [svulkan2] [error] OIDN Error: invalid handle
[2026-07-15 14:58:41.605] [svulkan2] [error] OIDN Error: invalid handle
[2026-07-15 14:58:41.635] [svulkan2] [error] OIDN Error: invalid handle
[2026-07-15 14:58:41.635] [svulkan2] [error] OIDN Error: invalid handle
[2026-07-15 14:58:41.635] [svulkan2] [error] OIDN Error: invalid handle
[2026-07-15 14:58:41.664] [svulkan2] [error] OIDN Error: invalid handle
[2026-07-15 14:58:41.665] [svulkan2] [error] OIDN Error: invalid handle
[2026-07-15 14:58:41.665] [svulkan2] [error] OIDN Error: invalid handle
[2026-07-15 14:58:41.694] [svulkan2] [error] OIDN Error: invalid handle
[2026-07-15 14:58:41.695] [svulkan2] [error] OIDN Error: invalid handle
[2026-07-15 14:58:41.695] [svulkan2] [error] OIDN Error: invalid handle
[2026-07-15 14:58:41.724] [svulkan2] [error] OIDN Error: invalid handle
[2026-07-15 14:58:41.725] [svulkan2] [error] OIDN Error: invalid handle
[2026-07-15 14:58:41.725] [svulkan2] [error] OIDN Error: invalid handle
[2026-07-15 14:58:41.754] [svulkan2] [error] OIDN Error: invalid handle
[2026-07-15 14:58:41.754] [svulkan2] [error] OIDN Error: invalid handle
[2026-07-15 14:58:41.754] [svulkan2] [error] OIDN Error: invalid handle
[2026-07-15 14:58:41.784] [svulkan2] [error] OIDN Error: invalid handle
[2026-07-15 14:58:41.784] [svulkan2] [error] OIDN Error: invalid handle
[2026-07-15 14:58:41.784] [svulkan2] [error] OIDN Error: invalid handle
[2026-07-15 14:58:41.813] [svulkan2] [error] OIDN Error: invalid handle
[2026-07-15 14:58:41.813] [svulkan2] [error] OIDN Error: invalid handle
[2026-07-15 14:58:41.813] [svulkan2] [error] OIDN Error: invalid handle
[2026-07-15 14:58:41.842] [svulkan2] [error] OIDN Error: invalid handle
[2026-07-15 14:58:41.842] [svulkan2] [error] OIDN Error: invalid handle
[2026-07-15 14:58:41.842] [svulkan2] [error] OIDN Error: invalid handle
[2026-07-15 14:58:41.872] [svulkan2] [error] OIDN Error: invalid handle
[2026-07-15 14:58:41.872] [svulkan2] [error] OIDN Error: invalid handle
[2026-07-15 14:58:41.872] [svulkan2] [error] OIDN Error: invalid handle
[2026-07-15 14:58:41.901] [svulkan2] [error] OIDN Error: invalid handle
[2026-07-15 14:58:41.901] [svulkan2] [error] OIDN Error: invalid handle
[2026-07-15 14:58:41.901] [svulkan2] [error] OIDN Error: invalid handle
[2026-07-15 14:58:41.930] [svulkan2] [error] OIDN Error: invalid handle
[2026-07-15 14:58:41.930] [svulkan2] [error] OIDN Error: invalid handle
[2026-07-15 14:58:41.930] [svulkan2] [error] OIDN Error: invalid handle
[2026-07-15 14:58:41.960] [svulkan2] [error] OIDN Error: invalid handle
[2026-07-15 14:58:41.960] [svulkan2] [error] OIDN Error: invalid handle
[2026-07-15 14:58:41.960] [svulkan2] [error] OIDN Error: invalid handle
[2026-07-15 14:58:41.989] [svulkan2] [error] OIDN Error: invalid handle
[2026-07-15 14:58:41.989] [svulkan2] [error] OIDN Error: invalid handle
[2026-07-15 14:58:41.989] [svulkan2] [error] OIDN Error: invalid handle
[2026-07-15 14:58:42.017] [svulkan2] [error] OIDN Error: invalid handle
[2026-07-15 14:58:42.017] [svulkan2] [error] OIDN Error: invalid handle
[2026-07-15 14:58:42.017] [svulkan2] [error] OIDN Error: invalid handle
[2026-07-15 14:58:42.046] [svulkan2] [error] OIDN Error: invalid handle
[2026-07-15 14:58:42.046] [svulkan2] [error] OIDN Error: invalid handle
[2026-07-15 14:58:42.046] [svulkan2] [error] OIDN Error: invalid handle
[2026-07-15 14:58:42.076] [svulkan2] [error] OIDN Error: invalid handle
[2026-07-15 14:58:42.076] [svulkan2] [error] OIDN Error: invalid handle
[2026-07-15 14:58:42.076] [svulkan2] [error] OIDN Error: invalid handle
[2026-07-15 14:58:42.105] [svulkan2] [error] OIDN Error: invalid handle
[2026-07-15 14:58:42.105] [svulkan2] [error] OIDN Error: invalid handle
[2026-07-15 14:58:42.105] [svulkan2] [error] OIDN Error: invalid handle
[2026-07-15 14:58:42.134] [svulkan2] [error] OIDN Error: invalid handle
[2026-07-15 14:58:42.134] [svulkan2] [error] OIDN Error: invalid handle
[2026-07-15 14:58:42.134] [svulkan2] [error] OIDN Error: invalid handle
[2026-07-15 14:58:42.163] [svulkan2] [error] OIDN Error: invalid handle
[2026-07-15 14:58:42.163] [svulkan2] [error] OIDN Error: invalid handle
[2026-07-15 14:58:42.163] [svulkan2] [error] OIDN Error: invalid handle
[2026-07-15 14:58:42.192] [svulkan2] [error] OIDN Error: invalid handle
[2026-07-15 14:58:42.192] [svulkan2] [error] OIDN Error: invalid handle
[2026-07-15 14:58:42.192] [svulkan2] [error] OIDN Error: invalid handle
[2026-07-15 14:58:42.221] [svulkan2] [error] OIDN Error: invalid handle
[2026-07-15 14:58:42.221] [svulkan2] [error] OIDN Error: invalid handle
[2026-07-15 14:58:42.221] [svulkan2] [error] OIDN Error: invalid handle
[2026-07-15 14:58:42.251] [svulkan2] [error] OIDN Error: invalid handle
[2026-07-15 14:58:42.251] [svulkan2] [error] OIDN Error: invalid handle
[2026-07-15 14:58:42.251] [svulkan2] [error] OIDN Error: invalid handle
[2026-07-15 14:58:42.280] [svulkan2] [error] OIDN Error: invalid handle
[2026-07-15 14:58:42.280] [svulkan2] [error] OIDN Error: invalid handle
[2026-07-15 14:58:42.280] [svulkan2] [error] OIDN Error: invalid handle
[2026-07-15 14:58:42.309] [svulkan2] [error] OIDN Error: invalid handle
[2026-07-15 14:58:42.309] [svulkan2] [error] OIDN Error: invalid handle
[2026-07-15 14:58:42.309] [svulkan2] [error] OIDN Error: invalid handle
[2026-07-15 14:58:42.338] [svulkan2] [error] OIDN Error: invalid handle
[2026-07-15 14:58:42.338] [svulkan2] [error] OIDN Error: invalid handle
[2026-07-15 14:58:42.338] [svulkan2] [error] OIDN Error: invalid handle
[2026-07-15 14:58:42.368] [svulkan2] [error] OIDN Error: invalid handle
[2026-07-15 14:58:42.368] [svulkan2] [error] OIDN Error: invalid handle
[2026-07-15 14:58:42.368] [svulkan2] [error] OIDN Error: invalid handle
[2026-07-15 14:58:42.397] [svulkan2] [error] OIDN Error: invalid handle
[2026-07-15 14:58:42.397] [svulkan2] [error] OIDN Error: invalid handle
[2026-07-15 14:58:42.397] [svulkan2] [error] OIDN Error: invalid handle
[2026-07-15 14:58:42.426] [svulkan2] [error] OIDN Error: invalid handle
[2026-07-15 14:58:42.426] [svulkan2] [error] OIDN Error: invalid handle
[2026-07-15 14:58:42.426] [svulkan2] [error] OIDN Error: invalid handle
[2026-07-15 14:58:42.455] [svulkan2] [error] OIDN Error: invalid handle
[2026-07-15 14:58:42.455] [svulkan2] [error] OIDN Error: invalid handle
[2026-07-15 14:58:42.455] [svulkan2] [error] OIDN Error: invalid handle
[2026-07-15 14:58:42.484] [svulkan2] [error] OIDN Error: invalid handle
[2026-07-15 14:58:42.484] [svulkan2] [error] OIDN Error: invalid handle
[2026-07-15 14:58:42.484] [svulkan2] [error] OIDN Error: invalid handle
[2026-07-15 14:58:42.514] [svulkan2] [error] OIDN Error: invalid handle
[2026-07-15 14:58:42.515] [svulkan2] [error] OIDN Error: invalid handle
[2026-07-15 14:58:42.515] [svulkan2] [error] OIDN Error: invalid handle
[2026-07-15 14:58:42.546] [svulkan2] [error] OIDN Error: invalid handle
[2026-07-15 14:58:42.546] [svulkan2] [error] OIDN Error: invalid handle
[2026-07-15 14:58:42.546] [svulkan2] [error] OIDN Error: invalid handle
[2026-07-15 14:58:42.577] [svulkan2] [error] OIDN Error: invalid handle
[2026-07-15 14:58:42.577] [svulkan2] [error] OIDN Error: invalid handle
[2026-07-15 14:58:42.577] [svulkan2] [error] OIDN Error: invalid handle
[2026-07-15 14:58:42.609] [svulkan2] [error] OIDN Error: invalid handle
[2026-07-15 14:58:42.609] [svulkan2] [error] OIDN Error: invalid handle
[2026-07-15 14:58:42.609] [svulkan2] [error] OIDN Error: invalid handle
[2026-07-15 14:58:42.640] [svulkan2] [error] OIDN Error: invalid handle
[2026-07-15 14:58:42.640] [svulkan2] [error] OIDN Error: invalid handle
[2026-07-15 14:58:42.640] [svulkan2] [error] OIDN Error: invalid handle
[2026-07-15 14:58:42.672] [svulkan2] [error] OIDN Error: invalid handle
[2026-07-15 14:58:42.672] [svulkan2] [error] OIDN Error: invalid handle
[2026-07-15 14:58:42.672] [svulkan2] [error] OIDN Error: invalid handle
[2026-07-15 14:58:42.704] [svulkan2] [error] OIDN Error: invalid handle
[2026-07-15 14:58:42.704] [svulkan2] [error] OIDN Error: invalid handle
[2026-07-15 14:58:42.704] [svulkan2] [error] OIDN Error: invalid handle
[2026-07-15 14:58:42.735] [svulkan2] [error] OIDN Error: invalid handle
[2026-07-15 14:58:42.735] [svulkan2] [error] OIDN Error: invalid handle
[2026-07-15 14:58:42.735] [svulkan2] [error] OIDN Error: invalid handle
[2026-07-15 14:58:42.766] [svulkan2] [error] OIDN Error: invalid handle
[2026-07-15 14:58:42.766] [svulkan2] [error] OIDN Error: invalid handle
[2026-07-15 14:58:42.766] [svulkan2] [error] OIDN Error: invalid handle
[2026-07-15 14:58:42.798] [svulkan2] [error] OIDN Error: invalid handle
[2026-07-15 14:58:42.798] [svulkan2] [error] OIDN Error: invalid handle
[2026-07-15 14:58:42.798] [svulkan2] [error] OIDN Error: invalid handle
[2026-07-15 14:58:42.829] [svulkan2] [error] OIDN Error: invalid handle
[2026-07-15 14:58:42.829] [svulkan2] [error] OIDN Error: invalid handle
[2026-07-15 14:58:42.829] [svulkan2] [error] OIDN Error: invalid handle
[2026-07-15 14:58:42.862] [svulkan2] [error] OIDN Error: invalid handle
[2026-07-15 14:58:42.862] [svulkan2] [error] OIDN Error: invalid handle
[2026-07-15 14:58:42.862] [svulkan2] [error] OIDN Error: invalid handle
[2026-07-15 14:58:42.894] [svulkan2] [error] OIDN Error: invalid handle
[2026-07-15 14:58:42.894] [svulkan2] [error] OIDN Error: invalid handle
[2026-07-15 14:58:42.894] [svulkan2] [error] OIDN Error: invalid handle
[2026-07-15 14:58:42.927] [svulkan2] [error] OIDN Error: invalid handle
[2026-07-15 14:58:42.927] [svulkan2] [error] OIDN Error: invalid handle
[2026-07-15 14:58:42.927] [svulkan2] [error] OIDN Error: invalid handle
[2026-07-15 14:58:42.959] [svulkan2] [error] OIDN Error: invalid handle
[2026-07-15 14:58:42.959] [svulkan2] [error] OIDN Error: invalid handle
[2026-07-15 14:58:42.959] [svulkan2] [error] OIDN Error: invalid handle
[2026-07-15 14:58:42.991] [svulkan2] [error] OIDN Error: invalid handle
[2026-07-15 14:58:42.992] [svulkan2] [error] OIDN Error: invalid handle
[2026-07-15 14:58:42.992] [svulkan2] [error] OIDN Error: invalid handle
[2026-07-15 14:58:43.023] [svulkan2] [error] OIDN Error: invalid handle
[2026-07-15 14:58:43.023] [svulkan2] [error] OIDN Error: invalid handle
[2026-07-15 14:58:43.023] [svulkan2] [error] OIDN Error: invalid handle
[2026-07-15 14:58:43.055] [svulkan2] [error] OIDN Error: invalid handle
[2026-07-15 14:58:43.055] [svulkan2] [error] OIDN Error: invalid handle
[2026-07-15 14:58:43.055] [svulkan2] [error] OIDN Error: invalid handle
[2026-07-15 14:58:43.087] [svulkan2] [error] OIDN Error: invalid handle
[2026-07-15 14:58:43.087] [svulkan2] [error] OIDN Error: invalid handle
[2026-07-15 14:58:43.087] [svulkan2] [error] OIDN Error: invalid handle
[2026-07-15 14:58:43.118] [svulkan2] [error] OIDN Error: invalid handle
[2026-07-15 14:58:43.118] [svulkan2] [error] OIDN Error: invalid handle
[2026-07-15 14:58:43.118] [svulkan2] [error] OIDN Error: invalid handle
[2026-07-15 14:58:43.150] [svulkan2] [error] OIDN Error: invalid handle
[2026-07-15 14:58:43.150] [svulkan2] [error] OIDN Error: invalid handle
[2026-07-15 14:58:43.150] [svulkan2] [error] OIDN Error: invalid handle
[2026-07-15 14:58:43.181] [svulkan2] [error] OIDN Error: invalid handle
[2026-07-15 14:58:43.181] [svulkan2] [error] OIDN Error: invalid handle
[2026-07-15 14:58:43.181] [svulkan2] [error] OIDN Error: invalid handle
[2026-07-15 14:58:43.214] [svulkan2] [error] OIDN Error: invalid handle
[2026-07-15 14:58:43.214] [svulkan2] [error] OIDN Error: invalid handle
[2026-07-15 14:58:43.214] [svulkan2] [error] OIDN Error: invalid handle
[2026-07-15 14:58:43.245] [svulkan2] [error] OIDN Error: invalid handle
[2026-07-15 14:58:43.245] [svulkan2] [error] OIDN Error: invalid handle
[2026-07-15 14:58:43.245] [svulkan2] [error] OIDN Error: invalid handle
[2026-07-15 14:58:43.278] [svulkan2] [error] OIDN Error: invalid handle
[2026-07-15 14:58:43.278] [svulkan2] [error] OIDN Error: invalid handle
[2026-07-15 14:58:43.278] [svulkan2] [error] OIDN Error: invalid handle
[2026-07-15 14:58:43.309] [svulkan2] [error] OIDN Error: invalid handle
[2026-07-15 14:58:43.310] [svulkan2] [error] OIDN Error: invalid handle
[2026-07-15 14:58:43.310] [svulkan2] [error] OIDN Error: invalid handle
[2026-07-15 14:58:43.390] [svulkan2] [error] OIDN Error: invalid handle
[2026-07-15 14:58:43.390] [svulkan2] [error] OIDN Error: invalid handle
[2026-07-15 14:58:43.390] [svulkan2] [error] OIDN Error: invalid handle
[2026-07-15 14:58:43.422] [svulkan2] [error] OIDN Error: invalid handle
[2026-07-15 14:58:43.422] [svulkan2] [error] OIDN Error: invalid handle
[2026-07-15 14:58:43.422] [svulkan2] [error] OIDN Error: invalid handle
[2026-07-15 14:58:43.454] [svulkan2] [error] OIDN Error: invalid handle
[2026-07-15 14:58:43.454] [svulkan2] [error] OIDN Error: invalid handle
[2026-07-15 14:58:43.454] [svulkan2] [error] OIDN Error: invalid handle
[2026-07-15 14:58:43.486] [svulkan2] [error] OIDN Error: invalid handle
[2026-07-15 14:58:43.486] [svulkan2] [error] OIDN Error: invalid handle
[2026-07-15 14:58:43.486] [svulkan2] [error] OIDN Error: invalid handle
[2026-07-15 14:58:43.519] [svulkan2] [error] OIDN Error: invalid handle
[2026-07-15 14:58:43.519] [svulkan2] [error] OIDN Error: invalid handle
[2026-07-15 14:58:43.519] [svulkan2] [error] OIDN Error: invalid handle
[2026-07-15 14:58:43.551] [svulkan2] [error] OIDN Error: invalid handle
[2026-07-15 14:58:43.551] [svulkan2] [error] OIDN Error: invalid handle
[2026-07-15 14:58:43.551] [svulkan2] [error] OIDN Error: invalid handle
[2026-07-15 14:58:43.583] [svulkan2] [error] OIDN Error: invalid handle
[2026-07-15 14:58:43.583] [svulkan2] [error] OIDN Error: invalid handle
[2026-07-15 14:58:43.583] [svulkan2] [error] OIDN Error: invalid handle
[2026-07-15 14:58:43.615] [svulkan2] [error] OIDN Error: invalid handle
[2026-07-15 14:58:43.615] [svulkan2] [error] OIDN Error: invalid handle
[2026-07-15 14:58:43.615] [svulkan2] [error] OIDN Error: invalid handle
[2026-07-15 14:58:43.647] [svulkan2] [error] OIDN Error: invalid handle
[2026-07-15 14:58:43.647] [svulkan2] [error] OIDN Error: invalid handle
[2026-07-15 14:58:43.647] [svulkan2] [error] OIDN Error: invalid handle
[2026-07-15 14:58:43.678] [svulkan2] [error] OIDN Error: invalid handle
[2026-07-15 14:58:43.678] [svulkan2] [error] OIDN Error: invalid handle
[2026-07-15 14:58:43.678] [svulkan2] [error] OIDN Error: invalid handle
[2026-07-15 14:58:43.710] [svulkan2] [error] OIDN Error: invalid handle
[2026-07-15 14:58:43.710] [svulkan2] [error] OIDN Error: invalid handle
[2026-07-15 14:58:43.710] [svulkan2] [error] OIDN Error: invalid handle
[2026-07-15 14:58:43.741] [svulkan2] [error] OIDN Error: invalid handle
[2026-07-15 14:58:43.741] [svulkan2] [error] OIDN Error: invalid handle
[2026-07-15 14:58:43.741] [svulkan2] [error] OIDN Error: invalid handle
[2026-07-15 14:58:43.773] [svulkan2] [error] OIDN Error: invalid handle
[2026-07-15 14:58:43.774] [svulkan2] [error] OIDN Error: invalid handle
[2026-07-15 14:58:43.774] [svulkan2] [error] OIDN Error: invalid handle
[2026-07-15 14:58:43.806] [svulkan2] [error] OIDN Error: invalid handle
[2026-07-15 14:58:43.806] [svulkan2] [error] OIDN Error: invalid handle
[2026-07-15 14:58:43.806] [svulkan2] [error] OIDN Error: invalid handle
[2026-07-15 14:58:43.838] [svulkan2] [error] OIDN Error: invalid handle
[2026-07-15 14:58:43.838] [svulkan2] [error] OIDN Error: invalid handle
[2026-07-15 14:58:43.838] [svulkan2] [error] OIDN Error: invalid handle
[2026-07-15 14:58:43.870] [svulkan2] [error] OIDN Error: invalid handle
[2026-07-15 14:58:43.870] [svulkan2] [error] OIDN Error: invalid handle
[2026-07-15 14:58:43.870] [svulkan2] [error] OIDN Error: invalid handle
[2026-07-15 14:58:43.902] [svulkan2] [error] OIDN Error: invalid handle
[2026-07-15 14:58:43.902] [svulkan2] [error] OIDN Error: invalid handle
[2026-07-15 14:58:43.903] [svulkan2] [error] OIDN Error: invalid handle
[2026-07-15 14:58:43.935] [svulkan2] [error] OIDN Error: invalid handle
[2026-07-15 14:58:43.935] [svulkan2] [error] OIDN Error: invalid handle
[2026-07-15 14:58:43.935] [svulkan2] [error] OIDN Error: invalid handle
[2026-07-15 14:58:43.966] [svulkan2] [error] OIDN Error: invalid handle
[2026-07-15 14:58:43.966] [svulkan2] [error] OIDN Error: invalid handle
[2026-07-15 14:58:43.966] [svulkan2] [error] OIDN Error: invalid handle
[2026-07-15 14:58:43.997] [svulkan2] [error] OIDN Error: invalid handle
[2026-07-15 14:58:43.997] [svulkan2] [error] OIDN Error: invalid handle
[2026-07-15 14:58:43.997] [svulkan2] [error] OIDN Error: invalid handle
[2026-07-15 14:58:44.029] [svulkan2] [error] OIDN Error: invalid handle
[2026-07-15 14:58:44.029] [svulkan2] [error] OIDN Error: invalid handle
[2026-07-15 14:58:44.029] [svulkan2] [error] OIDN Error: invalid handle
[2026-07-15 14:58:44.061] [svulkan2] [error] OIDN Error: invalid handle
[2026-07-15 14:58:44.061] [svulkan2] [error] OIDN Error: invalid handle
[2026-07-15 14:58:44.061] [svulkan2] [error] OIDN Error: invalid handle
[2026-07-15 14:58:44.093] [svulkan2] [error] OIDN Error: invalid handle
[2026-07-15 14:58:44.093] [svulkan2] [error] OIDN Error: invalid handle
[2026-07-15 14:58:44.093] [svulkan2] [error] OIDN Error: invalid handle
[2026-07-15 14:58:44.125] [svulkan2] [error] OIDN Error: invalid handle
[2026-07-15 14:58:44.125] [svulkan2] [error] OIDN Error: invalid handle
[2026-07-15 14:58:44.125] [svulkan2] [error] OIDN Error: invalid handle
[2026-07-15 14:58:44.156] [svulkan2] [error] OIDN Error: invalid handle
[2026-07-15 14:58:44.157] [svulkan2] [error] OIDN Error: invalid handle
[2026-07-15 14:58:44.157] [svulkan2] [error] OIDN Error: invalid handle
[2026-07-15 14:58:44.188] [svulkan2] [error] OIDN Error: invalid handle
[2026-07-15 14:58:44.188] [svulkan2] [error] OIDN Error: invalid handle
[2026-07-15 14:58:44.188] [svulkan2] [error] OIDN Error: invalid handle
[2026-07-15 14:58:44.219] [svulkan2] [error] OIDN Error: invalid handle
[2026-07-15 14:58:44.219] [svulkan2] [error] OIDN Error: invalid handle
[2026-07-15 14:58:44.219] [svulkan2] [error] OIDN Error: invalid handle
[2026-07-15 14:58:44.250] [svulkan2] [error] OIDN Error: invalid handle
[2026-07-15 14:58:44.250] [svulkan2] [error] OIDN Error: invalid handle
[2026-07-15 14:58:44.250] [svulkan2] [error] OIDN Error: invalid handle
[2026-07-15 14:58:44.282] [svulkan2] [error] OIDN Error: invalid handle
[2026-07-15 14:58:44.282] [svulkan2] [error] OIDN Error: invalid handle
[2026-07-15 14:58:44.282] [svulkan2] [error] OIDN Error: invalid handle
[2026-07-15 14:58:44.313] [svulkan2] [error] OIDN Error: invalid handle
[2026-07-15 14:58:44.313] [svulkan2] [error] OIDN Error: invalid handle
[2026-07-15 14:58:44.313] [svulkan2] [error] OIDN Error: invalid handle
[2026-07-15 14:58:44.345] [svulkan2] [error] OIDN Error: invalid handle
[2026-07-15 14:58:44.345] [svulkan2] [error] OIDN Error: invalid handle
[2026-07-15 14:58:44.345] [svulkan2] [error] OIDN Error: invalid handle
[2026-07-15 14:58:44.377] [svulkan2] [error] OIDN Error: invalid handle
[2026-07-15 14:58:44.377] [svulkan2] [error] OIDN Error: invalid handle
[2026-07-15 14:58:44.377] [svulkan2] [error] OIDN Error: invalid handle
[2026-07-15 14:58:44.409] [svulkan2] [error] OIDN Error: invalid handle
[2026-07-15 14:58:44.409] [svulkan2] [error] OIDN Error: invalid handle
[2026-07-15 14:58:44.409] [svulkan2] [error] OIDN Error: invalid handle
[2026-07-15 14:58:44.442] [svulkan2] [error] OIDN Error: invalid handle
[2026-07-15 14:58:44.442] [svulkan2] [error] OIDN Error: invalid handle
[2026-07-15 14:58:44.442] [svulkan2] [error] OIDN Error: invalid handle
[2026-07-15 14:58:44.474] [svulkan2] [error] OIDN Error: invalid handle
[2026-07-15 14:58:44.474] [svulkan2] [error] OIDN Error: invalid handle
[2026-07-15 14:58:44.474] [svulkan2] [error] OIDN Error: invalid handle
[2026-07-15 14:58:44.505] [svulkan2] [error] OIDN Error: invalid handle
[2026-07-15 14:58:44.505] [svulkan2] [error] OIDN Error: invalid handle
[2026-07-15 14:58:44.505] [svulkan2] [error] OIDN Error: invalid handle
[2026-07-15 14:58:44.537] [svulkan2] [error] OIDN Error: invalid handle
[2026-07-15 14:58:44.537] [svulkan2] [error] OIDN Error: invalid handle
[2026-07-15 14:58:44.537] [svulkan2] [error] OIDN Error: invalid handle
[2026-07-15 14:58:44.569] [svulkan2] [error] OIDN Error: invalid handle
[2026-07-15 14:58:44.569] [svulkan2] [error] OIDN Error: invalid handle
[2026-07-15 14:58:44.569] [svulkan2] [error] OIDN Error: invalid handle
[2026-07-15 14:58:44.601] [svulkan2] [error] OIDN Error: invalid handle
[2026-07-15 14:58:44.601] [svulkan2] [error] OIDN Error: invalid handle
[2026-07-15 14:58:44.601] [svulkan2] [error] OIDN Error: invalid handle
[2026-07-15 14:58:44.633] [svulkan2] [error] OIDN Error: invalid handle
[2026-07-15 14:58:44.633] [svulkan2] [error] OIDN Error: invalid handle
[2026-07-15 14:58:44.633] [svulkan2] [error] OIDN Error: invalid handle
[2026-07-15 14:58:44.664] [svulkan2] [error] OIDN Error: invalid handle
[2026-07-15 14:58:44.664] [svulkan2] [error] OIDN Error: invalid handle
[2026-07-15 14:58:44.664] [svulkan2] [error] OIDN Error: invalid handle
[2026-07-15 14:58:44.697] [svulkan2] [error] OIDN Error: invalid handle
[2026-07-15 14:58:44.697] [svulkan2] [error] OIDN Error: invalid handle
[2026-07-15 14:58:44.697] [svulkan2] [error] OIDN Error: invalid handle
[2026-07-15 14:58:44.728] [svulkan2] [error] OIDN Error: invalid handle
[2026-07-15 14:58:44.728] [svulkan2] [error] OIDN Error: invalid handle
[2026-07-15 14:58:44.728] [svulkan2] [error] OIDN Error: invalid handle
[2026-07-15 14:58:44.760] [svulkan2] [error] OIDN Error: invalid handle
[2026-07-15 14:58:44.760] [svulkan2] [error] OIDN Error: invalid handle
[2026-07-15 14:58:44.760] [svulkan2] [error] OIDN Error: invalid handle
[2026-07-15 14:58:44.791] [svulkan2] [error] OIDN Error: invalid handle
[2026-07-15 14:58:44.791] [svulkan2] [error] OIDN Error: invalid handle
[2026-07-15 14:58:44.791] [svulkan2] [error] OIDN Error: invalid handle
[2026-07-15 14:58:44.823] [svulkan2] [error] OIDN Error: invalid handle
[2026-07-15 14:58:44.823] [svulkan2] [error] OIDN Error: invalid handle
[2026-07-15 14:58:44.823] [svulkan2] [error] OIDN Error: invalid handle
[2026-07-15 14:58:44.854] [svulkan2] [error] OIDN Error: invalid handle
[2026-07-15 14:58:44.854] [svulkan2] [error] OIDN Error: invalid handle
[2026-07-15 14:58:44.854] [svulkan2] [error] OIDN Error: invalid handle
[2026-07-15 14:58:44.886] [svulkan2] [error] OIDN Error: invalid handle
[2026-07-15 14:58:44.886] [svulkan2] [error] OIDN Error: invalid handle
[2026-07-15 14:58:44.886] [svulkan2] [error] OIDN Error: invalid handle
[2026-07-15 14:58:44.918] [svulkan2] [error] OIDN Error: invalid handle
[2026-07-15 14:58:44.918] [svulkan2] [error] OIDN Error: invalid handle
[2026-07-15 14:58:44.918] [svulkan2] [error] OIDN Error: invalid handle
[2026-07-15 14:58:44.949] [svulkan2] [error] OIDN Error: invalid handle
[2026-07-15 14:58:44.949] [svulkan2] [error] OIDN Error: invalid handle
[2026-07-15 14:58:44.949] [svulkan2] [error] OIDN Error: invalid handle
[2026-07-15 14:58:44.980] [svulkan2] [error] OIDN Error: invalid handle
[2026-07-15 14:58:44.980] [svulkan2] [error] OIDN Error: invalid handle
[2026-07-15 14:58:44.980] [svulkan2] [error] OIDN Error: invalid handle
[2026-07-15 14:58:45.011] [svulkan2] [error] OIDN Error: invalid handle
[2026-07-15 14:58:45.011] [svulkan2] [error] OIDN Error: invalid handle
[2026-07-15 14:58:45.011] [svulkan2] [error] OIDN Error: invalid handle
[2026-07-15 14:58:45.043] [svulkan2] [error] OIDN Error: invalid handle
[2026-07-15 14:58:45.044] [svulkan2] [error] OIDN Error: invalid handle
[2026-07-15 14:58:45.044] [svulkan2] [error] OIDN Error: invalid handle
[2026-07-15 14:58:45.076] [svulkan2] [error] OIDN Error: invalid handle
[2026-07-15 14:58:45.077] [svulkan2] [error] OIDN Error: invalid handle
[2026-07-15 14:58:45.077] [svulkan2] [error] OIDN Error: invalid handle
[2026-07-15 14:58:45.109] [svulkan2] [error] OIDN Error: invalid handle
[2026-07-15 14:58:45.109] [svulkan2] [error] OIDN Error: invalid handle
[2026-07-15 14:58:45.109] [svulkan2] [error] OIDN Error: invalid handle
[2026-07-15 14:58:45.141] [svulkan2] [error] OIDN Error: invalid handle
[2026-07-15 14:58:45.141] [svulkan2] [error] OIDN Error: invalid handle
[2026-07-15 14:58:45.141] [svulkan2] [error] OIDN Error: invalid handle
[2026-07-15 14:58:45.174] [svulkan2] [error] OIDN Error: invalid handle
[2026-07-15 14:58:45.174] [svulkan2] [error] OIDN Error: invalid handle
[2026-07-15 14:58:45.174] [svulkan2] [error] OIDN Error: invalid handle
[2026-07-15 14:58:45.207] [svulkan2] [error] OIDN Error: invalid handle
[2026-07-15 14:58:45.207] [svulkan2] [error] OIDN Error: invalid handle
[2026-07-15 14:58:45.207] [svulkan2] [error] OIDN Error: invalid handle
[2026-07-15 14:58:45.239] [svulkan2] [error] OIDN Error: invalid handle
[2026-07-15 14:58:45.239] [svulkan2] [error] OIDN Error: invalid handle
[2026-07-15 14:58:45.239] [svulkan2] [error] OIDN Error: invalid handle
[2026-07-15 14:58:45.272] [svulkan2] [error] OIDN Error: invalid handle
[2026-07-15 14:58:45.272] [svulkan2] [error] OIDN Error: invalid handle
[2026-07-15 14:58:45.272] [svulkan2] [error] OIDN Error: invalid handle
[2026-07-15 14:58:45.304] [svulkan2] [error] OIDN Error: invalid handle
[2026-07-15 14:58:45.304] [svulkan2] [error] OIDN Error: invalid handle
[2026-07-15 14:58:45.304] [svulkan2] [error] OIDN Error: invalid handle
[2026-07-15 14:58:45.336] [svulkan2] [error] OIDN Error: invalid handle
[2026-07-15 14:58:45.336] [svulkan2] [error] OIDN Error: invalid handle
[2026-07-15 14:58:45.336] [svulkan2] [error] OIDN Error: invalid handle
[2026-07-15 14:58:45.368] [svulkan2] [error] OIDN Error: invalid handle
[2026-07-15 14:58:45.368] [svulkan2] [error] OIDN Error: invalid handle
[2026-07-15 14:58:45.368] [svulkan2] [error] OIDN Error: invalid handle
[2026-07-15 14:58:45.400] [svulkan2] [error] OIDN Error: invalid handle
[2026-07-15 14:58:45.400] [svulkan2] [error] OIDN Error: invalid handle
[2026-07-15 14:58:45.400] [svulkan2] [error] OIDN Error: invalid handle
[2026-07-15 14:58:45.432] [svulkan2] [error] OIDN Error: invalid handle
[2026-07-15 14:58:45.432] [svulkan2] [error] OIDN Error: invalid handle
[2026-07-15 14:58:45.432] [svulkan2] [error] OIDN Error: invalid handle
[2026-07-15 14:58:45.464] [svulkan2] [error] OIDN Error: invalid handle
[2026-07-15 14:58:45.464] [svulkan2] [error] OIDN Error: invalid handle
[2026-07-15 14:58:45.464] [svulkan2] [error] OIDN Error: invalid handle
[2026-07-15 14:58:45.496] [svulkan2] [error] OIDN Error: invalid handle
[2026-07-15 14:58:45.496] [svulkan2] [error] OIDN Error: invalid handle
[2026-07-15 14:58:45.496] [svulkan2] [error] OIDN Error: invalid handle
[2026-07-15 14:58:45.529] [svulkan2] [error] OIDN Error: invalid handle
[2026-07-15 14:58:45.529] [svulkan2] [error] OIDN Error: invalid handle
[2026-07-15 14:58:45.529] [svulkan2] [error] OIDN Error: invalid handle
[2026-07-15 14:58:45.561] [svulkan2] [error] OIDN Error: invalid handle
[2026-07-15 14:58:45.561] [svulkan2] [error] OIDN Error: invalid handle
[2026-07-15 14:58:45.561] [svulkan2] [error] OIDN Error: invalid handle
[2026-07-15 14:58:45.594] [svulkan2] [error] OIDN Error: invalid handle
[2026-07-15 14:58:45.594] [svulkan2] [error] OIDN Error: invalid handle
[2026-07-15 14:58:45.594] [svulkan2] [error] OIDN Error: invalid handle
[2026-07-15 14:58:45.626] [svulkan2] [error] OIDN Error: invalid handle
[2026-07-15 14:58:45.626] [svulkan2] [error] OIDN Error: invalid handle
[2026-07-15 14:58:45.626] [svulkan2] [error] OIDN Error: invalid handle
[2026-07-15 14:58:45.658] [svulkan2] [error] OIDN Error: invalid handle
[2026-07-15 14:58:45.658] [svulkan2] [error] OIDN Error: invalid handle
[2026-07-15 14:58:45.659] [svulkan2] [error] OIDN Error: invalid handle
[2026-07-15 14:58:45.692] [svulkan2] [error] OIDN Error: invalid handle
[2026-07-15 14:58:45.692] [svulkan2] [error] OIDN Error: invalid handle
[2026-07-15 14:58:45.692] [svulkan2] [error] OIDN Error: invalid handle
[2026-07-15 14:58:45.724] [svulkan2] [error] OIDN Error: invalid handle
[2026-07-15 14:58:45.724] [svulkan2] [error] OIDN Error: invalid handle
[2026-07-15 14:58:45.724] [svulkan2] [error] OIDN Error: invalid handle
[2026-07-15 14:58:45.757] [svulkan2] [error] OIDN Error: invalid handle
[2026-07-15 14:58:45.757] [svulkan2] [error] OIDN Error: invalid handle
[2026-07-15 14:58:45.757] [svulkan2] [error] OIDN Error: invalid handle
[2026-07-15 14:58:45.790] [svulkan2] [error] OIDN Error: invalid handle
[2026-07-15 14:58:45.790] [svulkan2] [error] OIDN Error: invalid handle
[2026-07-15 14:58:45.790] [svulkan2] [error] OIDN Error: invalid handle
[2026-07-15 14:58:45.823] [svulkan2] [error] OIDN Error: invalid handle
[2026-07-15 14:58:45.823] [svulkan2] [error] OIDN Error: invalid handle
[2026-07-15 14:58:45.823] [svulkan2] [error] OIDN Error: invalid handle
[2026-07-15 14:58:45.856] [svulkan2] [error] OIDN Error: invalid handle
[2026-07-15 14:58:45.856] [svulkan2] [error] OIDN Error: invalid handle
[2026-07-15 14:58:45.856] [svulkan2] [error] OIDN Error: invalid handle
[2026-07-15 14:58:45.889] [svulkan2] [error] OIDN Error: invalid handle
[2026-07-15 14:58:45.890] [svulkan2] [error] OIDN Error: invalid handle
[2026-07-15 14:58:45.890] [svulkan2] [error] OIDN Error: invalid handle
[2026-07-15 14:58:45.923] [svulkan2] [error] OIDN Error: invalid handle
[2026-07-15 14:58:45.923] [svulkan2] [error] OIDN Error: invalid handle
[2026-07-15 14:58:45.923] [svulkan2] [error] OIDN Error: invalid handle
[2026-07-15 14:58:45.956] [svulkan2] [error] OIDN Error: invalid handle
[2026-07-15 14:58:45.956] [svulkan2] [error] OIDN Error: invalid handle
[2026-07-15 14:58:45.956] [svulkan2] [error] OIDN Error: invalid handle
[2026-07-15 14:58:45.989] [svulkan2] [error] OIDN Error: invalid handle
[2026-07-15 14:58:45.989] [svulkan2] [error] OIDN Error: invalid handle
[2026-07-15 14:58:45.989] [svulkan2] [error] OIDN Error: invalid handle
[2026-07-15 14:58:46.022] [svulkan2] [error] OIDN Error: invalid handle
[2026-07-15 14:58:46.022] [svulkan2] [error] OIDN Error: invalid handle
[2026-07-15 14:58:46.022] [svulkan2] [error] OIDN Error: invalid handle
[2026-07-15 14:58:46.055] [svulkan2] [error] OIDN Error: invalid handle
[2026-07-15 14:58:46.055] [svulkan2] [error] OIDN Error: invalid handle
[2026-07-15 14:58:46.055] [svulkan2] [error] OIDN Error: invalid handle
[2026-07-15 14:58:46.087] [svulkan2] [error] OIDN Error: invalid handle
[2026-07-15 14:58:46.087] [svulkan2] [error] OIDN Error: invalid handle
[2026-07-15 14:58:46.087] [svulkan2] [error] OIDN Error: invalid handle
[2026-07-15 14:58:46.120] [svulkan2] [error] OIDN Error: invalid handle
[2026-07-15 14:58:46.120] [svulkan2] [error] OIDN Error: invalid handle
[2026-07-15 14:58:46.120] [svulkan2] [error] OIDN Error: invalid handle
[2026-07-15 14:58:46.152] [svulkan2] [error] OIDN Error: invalid handle
[2026-07-15 14:58:46.152] [svulkan2] [error] OIDN Error: invalid handle
[2026-07-15 14:58:46.152] [svulkan2] [error] OIDN Error: invalid handle
[2026-07-15 14:58:46.185] [svulkan2] [error] OIDN Error: invalid handle
[2026-07-15 14:58:46.185] [svulkan2] [error] OIDN Error: invalid handle
[2026-07-15 14:58:46.185] [svulkan2] [error] OIDN Error: invalid handle
[2026-07-15 14:58:46.217] [svulkan2] [error] OIDN Error: invalid handle
[2026-07-15 14:58:46.217] [svulkan2] [error] OIDN Error: invalid handle
[2026-07-15 14:58:46.217] [svulkan2] [error] OIDN Error: invalid handle
[2026-07-15 14:58:46.249] [svulkan2] [error] OIDN Error: invalid handle
[2026-07-15 14:58:46.250] [svulkan2] [error] OIDN Error: invalid handle
[2026-07-15 14:58:46.250] [svulkan2] [error] OIDN Error: invalid handle
[2026-07-15 14:58:46.282] [svulkan2] [error] OIDN Error: invalid handle
[2026-07-15 14:58:46.282] [svulkan2] [error] OIDN Error: invalid handle
[2026-07-15 14:58:46.282] [svulkan2] [error] OIDN Error: invalid handle
[2026-07-15 14:58:46.314] [svulkan2] [error] OIDN Error: invalid handle
[2026-07-15 14:58:46.315] [svulkan2] [error] OIDN Error: invalid handle
[2026-07-15 14:58:46.315] [svulkan2] [error] OIDN Error: invalid handle
[2026-07-15 14:58:46.347] [svulkan2] [error] OIDN Error: invalid handle
[2026-07-15 14:58:46.347] [svulkan2] [error] OIDN Error: invalid handle
[2026-07-15 14:58:46.347] [svulkan2] [error] OIDN Error: invalid handle
[2026-07-15 14:58:46.380] [svulkan2] [error] OIDN Error: invalid handle
[2026-07-15 14:58:46.380] [svulkan2] [error] OIDN Error: invalid handle
[2026-07-15 14:58:46.380] [svulkan2] [error] OIDN Error: invalid handle
[2026-07-15 14:58:46.411] [svulkan2] [error] OIDN Error: invalid handle
[2026-07-15 14:58:46.412] [svulkan2] [error] OIDN Error: invalid handle
[2026-07-15 14:58:46.412] [svulkan2] [error] OIDN Error: invalid handle
[2026-07-15 14:58:46.444] [svulkan2] [error] OIDN Error: invalid handle
[2026-07-15 14:58:46.444] [svulkan2] [error] OIDN Error: invalid handle
[2026-07-15 14:58:46.444] [svulkan2] [error] OIDN Error: invalid handle
[2026-07-15 14:58:46.477] [svulkan2] [error] OIDN Error: invalid handle
[2026-07-15 14:58:46.477] [svulkan2] [error] OIDN Error: invalid handle
[2026-07-15 14:58:46.477] [svulkan2] [error] OIDN Error: invalid handle
[2026-07-15 14:58:46.509] [svulkan2] [error] OIDN Error: invalid handle
[2026-07-15 14:58:46.510] [svulkan2] [error] OIDN Error: invalid handle
[2026-07-15 14:58:46.510] [svulkan2] [error] OIDN Error: invalid handle
[2026-07-15 14:58:46.542] [svulkan2] [error] OIDN Error: invalid handle
[2026-07-15 14:58:46.542] [svulkan2] [error] OIDN Error: invalid handle
[2026-07-15 14:58:46.542] [svulkan2] [error] OIDN Error: invalid handle
[2026-07-15 14:58:46.574] [svulkan2] [error] OIDN Error: invalid handle
[2026-07-15 14:58:46.574] [svulkan2] [error] OIDN Error: invalid handle
[2026-07-15 14:58:46.574] [svulkan2] [error] OIDN Error: invalid handle
[2026-07-15 14:58:46.606] [svulkan2] [error] OIDN Error: invalid handle
[2026-07-15 14:58:46.606] [svulkan2] [error] OIDN Error: invalid handle
[2026-07-15 14:58:46.606] [svulkan2] [error] OIDN Error: invalid handle
[2026-07-15 14:58:46.638] [svulkan2] [error] OIDN Error: invalid handle
[2026-07-15 14:58:46.638] [svulkan2] [error] OIDN Error: invalid handle
[2026-07-15 14:58:46.638] [svulkan2] [error] OIDN Error: invalid handle
[2026-07-15 14:58:46.671] [svulkan2] [error] OIDN Error: invalid handle
[2026-07-15 14:58:46.671] [svulkan2] [error] OIDN Error: invalid handle
[2026-07-15 14:58:46.671] [svulkan2] [error] OIDN Error: invalid handle
[2026-07-15 14:58:46.703] [svulkan2] [error] OIDN Error: invalid handle
[2026-07-15 14:58:46.703] [svulkan2] [error] OIDN Error: invalid handle
[2026-07-15 14:58:46.704] [svulkan2] [error] OIDN Error: invalid handle
[2026-07-15 14:58:46.736] [svulkan2] [error] OIDN Error: invalid handle
[2026-07-15 14:58:46.736] [svulkan2] [error] OIDN Error: invalid handle
[2026-07-15 14:58:46.736] [svulkan2] [error] OIDN Error: invalid handle
[2026-07-15 14:58:46.768] [svulkan2] [error] OIDN Error: invalid handle
[2026-07-15 14:58:46.768] [svulkan2] [error] OIDN Error: invalid handle
[2026-07-15 14:58:46.768] [svulkan2] [error] OIDN Error: invalid handle
[2026-07-15 14:58:46.801] [svulkan2] [error] OIDN Error: invalid handle
[2026-07-15 14:58:46.801] [svulkan2] [error] OIDN Error: invalid handle
[2026-07-15 14:58:46.801] [svulkan2] [error] OIDN Error: invalid handle
[2026-07-15 14:58:46.833] [svulkan2] [error] OIDN Error: invalid handle
[2026-07-15 14:58:46.833] [svulkan2] [error] OIDN Error: invalid handle
[2026-07-15 14:58:46.833] [svulkan2] [error] OIDN Error: invalid handle
[2026-07-15 14:58:46.865] [svulkan2] [error] OIDN Error: invalid handle
[2026-07-15 14:58:46.865] [svulkan2] [error] OIDN Error: invalid handle
[2026-07-15 14:58:46.865] [svulkan2] [error] OIDN Error: invalid handle
[2026-07-15 14:58:46.898] [svulkan2] [error] OIDN Error: invalid handle
[2026-07-15 14:58:46.898] [svulkan2] [error] OIDN Error: invalid handle
[2026-07-15 14:58:46.898] [svulkan2] [error] OIDN Error: invalid handle
[2026-07-15 14:58:46.930] [svulkan2] [error] OIDN Error: invalid handle
[2026-07-15 14:58:46.930] [svulkan2] [error] OIDN Error: invalid handle
[2026-07-15 14:58:46.930] [svulkan2] [error] OIDN Error: invalid handle
[2026-07-15 14:58:46.963] [svulkan2] [error] OIDN Error: invalid handle
[2026-07-15 14:58:46.963] [svulkan2] [error] OIDN Error: invalid handle
[2026-07-15 14:58:46.963] [svulkan2] [error] OIDN Error: invalid handle
[2026-07-15 14:58:46.996] [svulkan2] [error] OIDN Error: invalid handle
[2026-07-15 14:58:46.996] [svulkan2] [error] OIDN Error: invalid handle
[2026-07-15 14:58:46.996] [svulkan2] [error] OIDN Error: invalid handle
[2026-07-15 14:58:47.028] [svulkan2] [error] OIDN Error: invalid handle
[2026-07-15 14:58:47.028] [svulkan2] [error] OIDN Error: invalid handle
[2026-07-15 14:58:47.028] [svulkan2] [error] OIDN Error: invalid handle
[2026-07-15 14:58:47.061] [svulkan2] [error] OIDN Error: invalid handle
[2026-07-15 14:58:47.061] [svulkan2] [error] OIDN Error: invalid handle
[2026-07-15 14:58:47.061] [svulkan2] [error] OIDN Error: invalid handle
[2026-07-15 14:58:47.094] [svulkan2] [error] OIDN Error: invalid handle
[2026-07-15 14:58:47.094] [svulkan2] [error] OIDN Error: invalid handle
[2026-07-15 14:58:47.094] [svulkan2] [error] OIDN Error: invalid handle
[2026-07-15 14:58:47.126] [svulkan2] [error] OIDN Error: invalid handle
[2026-07-15 14:58:47.126] [svulkan2] [error] OIDN Error: invalid handle
[2026-07-15 14:58:47.126] [svulkan2] [error] OIDN Error: invalid handle
[2026-07-15 14:58:47.159] [svulkan2] [error] OIDN Error: invalid handle
[2026-07-15 14:58:47.159] [svulkan2] [error] OIDN Error: invalid handle
[2026-07-15 14:58:47.159] [svulkan2] [error] OIDN Error: invalid handle
[2026-07-15 14:58:47.191] [svulkan2] [error] OIDN Error: invalid handle
[2026-07-15 14:58:47.191] [svulkan2] [error] OIDN Error: invalid handle
[2026-07-15 14:58:47.191] [svulkan2] [error] OIDN Error: invalid handle
[2026-07-15 14:58:47.223] [svulkan2] [error] OIDN Error: invalid handle
[2026-07-15 14:58:47.223] [svulkan2] [error] OIDN Error: invalid handle
[2026-07-15 14:58:47.223] [svulkan2] [error] OIDN Error: invalid handle
[2026-07-15 14:58:47.255] [svulkan2] [error] OIDN Error: invalid handle
[2026-07-15 14:58:47.255] [svulkan2] [error] OIDN Error: invalid handle
[2026-07-15 14:58:47.255] [svulkan2] [error] OIDN Error: invalid handle
[2026-07-15 14:58:47.287] [svulkan2] [error] OIDN Error: invalid handle
[2026-07-15 14:58:47.287] [svulkan2] [error] OIDN Error: invalid handle
[2026-07-15 14:58:47.287] [svulkan2] [error] OIDN Error: invalid handle
[2026-07-15 14:58:47.319] [svulkan2] [error] OIDN Error: invalid handle
[2026-07-15 14:58:47.319] [svulkan2] [error] OIDN Error: invalid handle
[2026-07-15 14:58:47.319] [svulkan2] [error] OIDN Error: invalid handle
[2026-07-15 14:58:47.351] [svulkan2] [error] OIDN Error: invalid handle
[2026-07-15 14:58:47.351] [svulkan2] [error] OIDN Error: invalid handle
[2026-07-15 14:58:47.351] [svulkan2] [error] OIDN Error: invalid handle
[2026-07-15 14:58:47.384] [svulkan2] [error] OIDN Error: invalid handle
[2026-07-15 14:58:47.384] [svulkan2] [error] OIDN Error: invalid handle
[2026-07-15 14:58:47.384] [svulkan2] [error] OIDN Error: invalid handle
[2026-07-15 14:58:47.417] [svulkan2] [error] OIDN Error: invalid handle
[2026-07-15 14:58:47.417] [svulkan2] [error] OIDN Error: invalid handle
[2026-07-15 14:58:47.417] [svulkan2] [error] OIDN Error: invalid handle
[2026-07-15 14:58:47.448] [svulkan2] [error] OIDN Error: invalid handle
[2026-07-15 14:58:47.448] [svulkan2] [error] OIDN Error: invalid handle
[2026-07-15 14:58:47.448] [svulkan2] [error] OIDN Error: invalid handle
[2026-07-15 14:58:47.525] [svulkan2] [error] OIDN Error: invalid handle
[2026-07-15 14:58:47.525] [svulkan2] [error] OIDN Error: invalid handle
[2026-07-15 14:58:47.525] [svulkan2] [error] OIDN Error: invalid handle
[2026-07-15 14:58:47.556] [svulkan2] [error] OIDN Error: invalid handle
[2026-07-15 14:58:47.556] [svulkan2] [error] OIDN Error: invalid handle
[2026-07-15 14:58:47.556] [svulkan2] [error] OIDN Error: invalid handle
[2026-07-15 14:58:47.587] [svulkan2] [error] OIDN Error: invalid handle
[2026-07-15 14:58:47.587] [svulkan2] [error] OIDN Error: invalid handle
[2026-07-15 14:58:47.588] [svulkan2] [error] OIDN Error: invalid handle
[2026-07-15 14:58:47.619] [svulkan2] [error] OIDN Error: invalid handle
[2026-07-15 14:58:47.619] [svulkan2] [error] OIDN Error: invalid handle
[2026-07-15 14:58:47.619] [svulkan2] [error] OIDN Error: invalid handle
[2026-07-15 14:58:47.652] [svulkan2] [error] OIDN Error: invalid handle
[2026-07-15 14:58:47.652] [svulkan2] [error] OIDN Error: invalid handle
[2026-07-15 14:58:47.652] [svulkan2] [error] OIDN Error: invalid handle
[2026-07-15 14:58:47.684] [svulkan2] [error] OIDN Error: invalid handle
[2026-07-15 14:58:47.684] [svulkan2] [error] OIDN Error: invalid handle
[2026-07-15 14:58:47.684] [svulkan2] [error] OIDN Error: invalid handle
[2026-07-15 14:58:47.717] [svulkan2] [error] OIDN Error: invalid handle
[2026-07-15 14:58:47.717] [svulkan2] [error] OIDN Error: invalid handle
[2026-07-15 14:58:47.717] [svulkan2] [error] OIDN Error: invalid handle
[2026-07-15 14:58:47.750] [svulkan2] [error] OIDN Error: invalid handle
[2026-07-15 14:58:47.750] [svulkan2] [error] OIDN Error: invalid handle
[2026-07-15 14:58:47.750] [svulkan2] [error] OIDN Error: invalid handle
[2026-07-15 14:58:47.783] [svulkan2] [error] OIDN Error: invalid handle
[2026-07-15 14:58:47.783] [svulkan2] [error] OIDN Error: invalid handle
[2026-07-15 14:58:47.783] [svulkan2] [error] OIDN Error: invalid handle
[2026-07-15 14:58:47.816] [svulkan2] [error] OIDN Error: invalid handle
[2026-07-15 14:58:47.816] [svulkan2] [error] OIDN Error: invalid handle
[2026-07-15 14:58:47.816] [svulkan2] [error] OIDN Error: invalid handle
[2026-07-15 14:58:47.848] [svulkan2] [error] OIDN Error: invalid handle
[2026-07-15 14:58:47.848] [svulkan2] [error] OIDN Error: invalid handle
[2026-07-15 14:58:47.848] [svulkan2] [error] OIDN Error: invalid handle
[2026-07-15 14:58:47.879] [svulkan2] [error] OIDN Error: invalid handle
[2026-07-15 14:58:47.880] [svulkan2] [error] OIDN Error: invalid handle
[2026-07-15 14:58:47.880] [svulkan2] [error] OIDN Error: invalid handle
[2026-07-15 14:58:47.912] [svulkan2] [error] OIDN Error: invalid handle
[2026-07-15 14:58:47.912] [svulkan2] [error] OIDN Error: invalid handle
[2026-07-15 14:58:47.912] [svulkan2] [error] OIDN Error: invalid handle
[2026-07-15 14:58:47.944] [svulkan2] [error] OIDN Error: invalid handle
[2026-07-15 14:58:47.944] [svulkan2] [error] OIDN Error: invalid handle
[2026-07-15 14:58:47.944] [svulkan2] [error] OIDN Error: invalid handle
[2026-07-15 14:58:47.976] [svulkan2] [error] OIDN Error: invalid handle
[2026-07-15 14:58:47.976] [svulkan2] [error] OIDN Error: invalid handle
[2026-07-15 14:58:47.977] [svulkan2] [error] OIDN Error: invalid handle
[2026-07-15 14:58:48.009] [svulkan2] [error] OIDN Error: invalid handle
[2026-07-15 14:58:48.010] [svulkan2] [error] OIDN Error: invalid handle
[2026-07-15 14:58:48.010] [svulkan2] [error] OIDN Error: invalid handle
[2026-07-15 14:58:48.042] [svulkan2] [error] OIDN Error: invalid handle
[2026-07-15 14:58:48.042] [svulkan2] [error] OIDN Error: invalid handle
[2026-07-15 14:58:48.042] [svulkan2] [error] OIDN Error: invalid handle
[2026-07-15 14:58:48.073] [svulkan2] [error] OIDN Error: invalid handle
[2026-07-15 14:58:48.073] [svulkan2] [error] OIDN Error: invalid handle
[2026-07-15 14:58:48.073] [svulkan2] [error] OIDN Error: invalid handle
[2026-07-15 14:58:48.105] [svulkan2] [error] OIDN Error: invalid handle
[2026-07-15 14:58:48.105] [svulkan2] [error] OIDN Error: invalid handle
[2026-07-15 14:58:48.105] [svulkan2] [error] OIDN Error: invalid handle
[2026-07-15 14:58:48.137] [svulkan2] [error] OIDN Error: invalid handle
[2026-07-15 14:58:48.137] [svulkan2] [error] OIDN Error: invalid handle
[2026-07-15 14:58:48.137] [svulkan2] [error] OIDN Error: invalid handle
[2026-07-15 14:58:48.169] [svulkan2] [error] OIDN Error: invalid handle
[2026-07-15 14:58:48.169] [svulkan2] [error] OIDN Error: invalid handle
[2026-07-15 14:58:48.169] [svulkan2] [error] OIDN Error: invalid handle
[2026-07-15 14:58:48.201] [svulkan2] [error] OIDN Error: invalid handle
[2026-07-15 14:58:48.201] [svulkan2] [error] OIDN Error: invalid handle
[2026-07-15 14:58:48.201] [svulkan2] [error] OIDN Error: invalid handle
[2026-07-15 14:58:48.234] [svulkan2] [error] OIDN Error: invalid handle
[2026-07-15 14:58:48.234] [svulkan2] [error] OIDN Error: invalid handle
[2026-07-15 14:58:48.234] [svulkan2] [error] OIDN Error: invalid handle
[2026-07-15 14:58:48.266] [svulkan2] [error] OIDN Error: invalid handle
[2026-07-15 14:58:48.267] [svulkan2] [error] OIDN Error: invalid handle
[2026-07-15 14:58:48.267] [svulkan2] [error] OIDN Error: invalid handle
[2026-07-15 14:58:48.299] [svulkan2] [error] OIDN Error: invalid handle
[2026-07-15 14:58:48.299] [svulkan2] [error] OIDN Error: invalid handle
[2026-07-15 14:58:48.299] [svulkan2] [error] OIDN Error: invalid handle
[2026-07-15 14:58:48.330] [svulkan2] [error] OIDN Error: invalid handle
[2026-07-15 14:58:48.330] [svulkan2] [error] OIDN Error: invalid handle
[2026-07-15 14:58:48.330] [svulkan2] [error] OIDN Error: invalid handle
[2026-07-15 14:58:48.362] [svulkan2] [error] OIDN Error: invalid handle
[2026-07-15 14:58:48.362] [svulkan2] [error] OIDN Error: invalid handle
[2026-07-15 14:58:48.362] [svulkan2] [error] OIDN Error: invalid handle
[2026-07-15 14:58:48.394] [svulkan2] [error] OIDN Error: invalid handle
[2026-07-15 14:58:48.394] [svulkan2] [error] OIDN Error: invalid handle
[2026-07-15 14:58:48.394] [svulkan2] [error] OIDN Error: invalid handle
[2026-07-15 14:58:48.427] [svulkan2] [error] OIDN Error: invalid handle
[2026-07-15 14:58:48.427] [svulkan2] [error] OIDN Error: invalid handle
[2026-07-15 14:58:48.427] [svulkan2] [error] OIDN Error: invalid handle
[2026-07-15 14:58:48.459] [svulkan2] [error] OIDN Error: invalid handle
[2026-07-15 14:58:48.459] [svulkan2] [error] OIDN Error: invalid handle
[2026-07-15 14:58:48.459] [svulkan2] [error] OIDN Error: invalid handle
[2026-07-15 14:58:48.491] [svulkan2] [error] OIDN Error: invalid handle
[2026-07-15 14:58:48.491] [svulkan2] [error] OIDN Error: invalid handle
[2026-07-15 14:58:48.491] [svulkan2] [error] OIDN Error: invalid handle
[2026-07-15 14:58:48.523] [svulkan2] [error] OIDN Error: invalid handle
[2026-07-15 14:58:48.523] [svulkan2] [error] OIDN Error: invalid handle
[2026-07-15 14:58:48.523] [svulkan2] [error] OIDN Error: invalid handle
[2026-07-15 14:58:48.556] [svulkan2] [error] OIDN Error: invalid handle
[2026-07-15 14:58:48.556] [svulkan2] [error] OIDN Error: invalid handle
[2026-07-15 14:58:48.556] [svulkan2] [error] OIDN Error: invalid handle
[2026-07-15 14:58:48.588] [svulkan2] [error] OIDN Error: invalid handle
[2026-07-15 14:58:48.588] [svulkan2] [error] OIDN Error: invalid handle
[2026-07-15 14:58:48.588] [svulkan2] [error] OIDN Error: invalid handle
[2026-07-15 14:58:48.621] [svulkan2] [error] OIDN Error: invalid handle
[2026-07-15 14:58:48.621] [svulkan2] [error] OIDN Error: invalid handle
[2026-07-15 14:58:48.621] [svulkan2] [error] OIDN Error: invalid handle
[2026-07-15 14:58:48.654] [svulkan2] [error] OIDN Error: invalid handle
[2026-07-15 14:58:48.654] [svulkan2] [error] OIDN Error: invalid handle
[2026-07-15 14:58:48.654] [svulkan2] [error] OIDN Error: invalid handle
[2026-07-15 14:58:48.687] [svulkan2] [error] OIDN Error: invalid handle
[2026-07-15 14:58:48.687] [svulkan2] [error] OIDN Error: invalid handle
[2026-07-15 14:58:48.687] [svulkan2] [error] OIDN Error: invalid handle
[2026-07-15 14:58:48.720] [svulkan2] [error] OIDN Error: invalid handle
[2026-07-15 14:58:48.720] [svulkan2] [error] OIDN Error: invalid handle
[2026-07-15 14:58:48.720] [svulkan2] [error] OIDN Error: invalid handle
[2026-07-15 14:58:48.752] [svulkan2] [error] OIDN Error: invalid handle
[2026-07-15 14:58:48.753] [svulkan2] [error] OIDN Error: invalid handle
[2026-07-15 14:58:48.753] [svulkan2] [error] OIDN Error: invalid handle
[2026-07-15 14:58:48.786] [svulkan2] [error] OIDN Error: invalid handle
[2026-07-15 14:58:48.786] [svulkan2] [error] OIDN Error: invalid handle
[2026-07-15 14:58:48.786] [svulkan2] [error] OIDN Error: invalid handle
[2026-07-15 14:58:48.818] [svulkan2] [error] OIDN Error: invalid handle
[2026-07-15 14:58:48.819] [svulkan2] [error] OIDN Error: invalid handle
[2026-07-15 14:58:48.819] [svulkan2] [error] OIDN Error: invalid handle
[2026-07-15 14:58:48.852] [svulkan2] [error] OIDN Error: invalid handle
[2026-07-15 14:58:48.852] [svulkan2] [error] OIDN Error: invalid handle
[2026-07-15 14:58:48.852] [svulkan2] [error] OIDN Error: invalid handle
[2026-07-15 14:58:48.885] [svulkan2] [error] OIDN Error: invalid handle
[2026-07-15 14:58:48.885] [svulkan2] [error] OIDN Error: invalid handle
[2026-07-15 14:58:48.885] [svulkan2] [error] OIDN Error: invalid handle
[2026-07-15 14:58:48.918] [svulkan2] [error] OIDN Error: invalid handle
[2026-07-15 14:58:48.918] [svulkan2] [error] OIDN Error: invalid handle
[2026-07-15 14:58:48.918] [svulkan2] [error] OIDN Error: invalid handle
[2026-07-15 14:58:48.951] [svulkan2] [error] OIDN Error: invalid handle
[2026-07-15 14:58:48.951] [svulkan2] [error] OIDN Error: invalid handle
[2026-07-15 14:58:48.951] [svulkan2] [error] OIDN Error: invalid handle
[2026-07-15 14:58:48.982] [svulkan2] [error] OIDN Error: invalid handle
[2026-07-15 14:58:48.982] [svulkan2] [error] OIDN Error: invalid handle
[2026-07-15 14:58:48.982] [svulkan2] [error] OIDN Error: invalid handle
[2026-07-15 14:58:49.015] [svulkan2] [error] OIDN Error: invalid handle
[2026-07-15 14:58:49.015] [svulkan2] [error] OIDN Error: invalid handle
[2026-07-15 14:58:49.015] [svulkan2] [error] OIDN Error: invalid handle
[2026-07-15 14:58:49.047] [svulkan2] [error] OIDN Error: invalid handle
[2026-07-15 14:58:49.047] [svulkan2] [error] OIDN Error: invalid handle
[2026-07-15 14:58:49.047] [svulkan2] [error] OIDN Error: invalid handle
[2026-07-15 14:58:49.079] [svulkan2] [error] OIDN Error: invalid handle
[2026-07-15 14:58:49.079] [svulkan2] [error] OIDN Error: invalid handle
[2026-07-15 14:58:49.079] [svulkan2] [error] OIDN Error: invalid handle
[2026-07-15 14:58:49.111] [svulkan2] [error] OIDN Error: invalid handle
[2026-07-15 14:58:49.111] [svulkan2] [error] OIDN Error: invalid handle
[2026-07-15 14:58:49.111] [svulkan2] [error] OIDN Error: invalid handle
[2026-07-15 14:58:49.143] [svulkan2] [error] OIDN Error: invalid handle
[2026-07-15 14:58:49.143] [svulkan2] [error] OIDN Error: invalid handle
[2026-07-15 14:58:49.143] [svulkan2] [error] OIDN Error: invalid handle
[2026-07-15 14:58:49.174] [svulkan2] [error] OIDN Error: invalid handle
[2026-07-15 14:58:49.174] [svulkan2] [error] OIDN Error: invalid handle
[2026-07-15 14:58:49.174] [svulkan2] [error] OIDN Error: invalid handle
[2026-07-15 14:58:49.206] [svulkan2] [error] OIDN Error: invalid handle
[2026-07-15 14:58:49.206] [svulkan2] [error] OIDN Error: invalid handle
[2026-07-15 14:58:49.206] [svulkan2] [error] OIDN Error: invalid handle
[2026-07-15 14:58:49.238] [svulkan2] [error] OIDN Error: invalid handle
[2026-07-15 14:58:49.238] [svulkan2] [error] OIDN Error: invalid handle
[2026-07-15 14:58:49.238] [svulkan2] [error] OIDN Error: invalid handle
[2026-07-15 14:58:49.269] [svulkan2] [error] OIDN Error: invalid handle
[2026-07-15 14:58:49.269] [svulkan2] [error] OIDN Error: invalid handle
[2026-07-15 14:58:49.269] [svulkan2] [error] OIDN Error: invalid handle
[2026-07-15 14:58:49.300] [svulkan2] [error] OIDN Error: invalid handle
[2026-07-15 14:58:49.300] [svulkan2] [error] OIDN Error: invalid handle
[2026-07-15 14:58:49.300] [svulkan2] [error] OIDN Error: invalid handle
[2026-07-15 14:58:49.332] [svulkan2] [error] OIDN Error: invalid handle
[2026-07-15 14:58:49.332] [svulkan2] [error] OIDN Error: invalid handle
[2026-07-15 14:58:49.332] [svulkan2] [error] OIDN Error: invalid handle
[2026-07-15 14:58:49.363] [svulkan2] [error] OIDN Error: invalid handle
[2026-07-15 14:58:49.363] [svulkan2] [error] OIDN Error: invalid handle
[2026-07-15 14:58:49.363] [svulkan2] [error] OIDN Error: invalid handle
[2026-07-15 14:58:49.395] [svulkan2] [error] OIDN Error: invalid handle
[2026-07-15 14:58:49.395] [svulkan2] [error] OIDN Error: invalid handle
[2026-07-15 14:58:49.395] [svulkan2] [error] OIDN Error: invalid handle
[2026-07-15 14:58:49.428] [svulkan2] [error] OIDN Error: invalid handle
[2026-07-15 14:58:49.428] [svulkan2] [error] OIDN Error: invalid handle
[2026-07-15 14:58:49.428] [svulkan2] [error] OIDN Error: invalid handle
[2026-07-15 14:58:49.460] [svulkan2] [error] OIDN Error: invalid handle
[2026-07-15 14:58:49.460] [svulkan2] [error] OIDN Error: invalid handle
[2026-07-15 14:58:49.460] [svulkan2] [error] OIDN Error: invalid handle
[2026-07-15 14:58:49.491] [svulkan2] [error] OIDN Error: invalid handle
[2026-07-15 14:58:49.491] [svulkan2] [error] OIDN Error: invalid handle
[2026-07-15 14:58:49.491] [svulkan2] [error] OIDN Error: invalid handle
[2026-07-15 14:58:49.680] [svulkan2] [error] OIDN Error: invalid handle
[2026-07-15 14:58:49.680] [svulkan2] [error] OIDN Error: invalid handle
[2026-07-15 14:58:49.680] [svulkan2] [error] OIDN Error: invalid handle
[2026-07-15 14:58:49.711] [svulkan2] [error] OIDN Error: invalid handle
[2026-07-15 14:58:49.711] [svulkan2] [error] OIDN Error: invalid handle
[2026-07-15 14:58:49.711] [svulkan2] [error] OIDN Error: invalid handle
[2026-07-15 14:58:49.743] [svulkan2] [error] OIDN Error: invalid handle
[2026-07-15 14:58:49.743] [svulkan2] [error] OIDN Error: invalid handle
[2026-07-15 14:58:49.743] [svulkan2] [error] OIDN Error: invalid handle
[2026-07-15 14:58:49.774] [svulkan2] [error] OIDN Error: invalid handle
[2026-07-15 14:58:49.774] [svulkan2] [error] OIDN Error: invalid handle
[2026-07-15 14:58:49.774] [svulkan2] [error] OIDN Error: invalid handle
[2026-07-15 14:58:49.806] [svulkan2] [error] OIDN Error: invalid handle
[2026-07-15 14:58:49.806] [svulkan2] [error] OIDN Error: invalid handle
[2026-07-15 14:58:49.806] [svulkan2] [error] OIDN Error: invalid handle
[2026-07-15 14:58:49.837] [svulkan2] [error] OIDN Error: invalid handle
[2026-07-15 14:58:49.837] [svulkan2] [error] OIDN Error: invalid handle
[2026-07-15 14:58:49.837] [svulkan2] [error] OIDN Error: invalid handle
[2026-07-15 14:58:49.869] [svulkan2] [error] OIDN Error: invalid handle
[2026-07-15 14:58:49.869] [svulkan2] [error] OIDN Error: invalid handle
[2026-07-15 14:58:49.869] [svulkan2] [error] OIDN Error: invalid handle
[2026-07-15 14:58:49.900] [svulkan2] [error] OIDN Error: invalid handle
[2026-07-15 14:58:49.900] [svulkan2] [error] OIDN Error: invalid handle
[2026-07-15 14:58:49.900] [svulkan2] [error] OIDN Error: invalid handle
[2026-07-15 14:58:49.932] [svulkan2] [error] OIDN Error: invalid handle
[2026-07-15 14:58:49.932] [svulkan2] [error] OIDN Error: invalid handle
[2026-07-15 14:58:49.932] [svulkan2] [error] OIDN Error: invalid handle
[2026-07-15 14:58:49.964] [svulkan2] [error] OIDN Error: invalid handle
[2026-07-15 14:58:49.964] [svulkan2] [error] OIDN Error: invalid handle
[2026-07-15 14:58:49.964] [svulkan2] [error] OIDN Error: invalid handle
[2026-07-15 14:58:49.995] [svulkan2] [error] OIDN Error: invalid handle
[2026-07-15 14:58:49.995] [svulkan2] [error] OIDN Error: invalid handle
[2026-07-15 14:58:49.995] [svulkan2] [error] OIDN Error: invalid handle
[2026-07-15 14:58:50.027] [svulkan2] [error] OIDN Error: invalid handle
[2026-07-15 14:58:50.027] [svulkan2] [error] OIDN Error: invalid handle
[2026-07-15 14:58:50.027] [svulkan2] [error] OIDN Error: invalid handle
[2026-07-15 14:58:50.058] [svulkan2] [error] OIDN Error: invalid handle
[2026-07-15 14:58:50.058] [svulkan2] [error] OIDN Error: invalid handle
[2026-07-15 14:58:50.058] [svulkan2] [error] OIDN Error: invalid handle
[2026-07-15 14:58:50.090] [svulkan2] [error] OIDN Error: invalid handle
[2026-07-15 14:58:50.090] [svulkan2] [error] OIDN Error: invalid handle
[2026-07-15 14:58:50.090] [svulkan2] [error] OIDN Error: invalid handle
[2026-07-15 14:58:50.121] [svulkan2] [error] OIDN Error: invalid handle
[2026-07-15 14:58:50.121] [svulkan2] [error] OIDN Error: invalid handle
[2026-07-15 14:58:50.122] [svulkan2] [error] OIDN Error: invalid handle
[2026-07-15 14:58:50.152] [svulkan2] [error] OIDN Error: invalid handle
[2026-07-15 14:58:50.152] [svulkan2] [error] OIDN Error: invalid handle
[2026-07-15 14:58:50.152] [svulkan2] [error] OIDN Error: invalid handle
[2026-07-15 14:58:50.184] [svulkan2] [error] OIDN Error: invalid handle
[2026-07-15 14:58:50.184] [svulkan2] [error] OIDN Error: invalid handle
[2026-07-15 14:58:50.184] [svulkan2] [error] OIDN Error: invalid handle
[2026-07-15 14:58:50.216] [svulkan2] [error] OIDN Error: invalid handle
[2026-07-15 14:58:50.216] [svulkan2] [error] OIDN Error: invalid handle
[2026-07-15 14:58:50.216] [svulkan2] [error] OIDN Error: invalid handle
[2026-07-15 14:58:50.247] [svulkan2] [error] OIDN Error: invalid handle
[2026-07-15 14:58:50.247] [svulkan2] [error] OIDN Error: invalid handle
[2026-07-15 14:58:50.247] [svulkan2] [error] OIDN Error: invalid handle
[2026-07-15 14:58:50.279] [svulkan2] [error] OIDN Error: invalid handle
[2026-07-15 14:58:50.279] [svulkan2] [error] OIDN Error: invalid handle
[2026-07-15 14:58:50.279] [svulkan2] [error] OIDN Error: invalid handle
[2026-07-15 14:58:50.311] [svulkan2] [error] OIDN Error: invalid handle
[2026-07-15 14:58:50.311] [svulkan2] [error] OIDN Error: invalid handle
[2026-07-15 14:58:50.311] [svulkan2] [error] OIDN Error: invalid handle
[2026-07-15 14:58:50.342] [svulkan2] [error] OIDN Error: invalid handle
[2026-07-15 14:58:50.342] [svulkan2] [error] OIDN Error: invalid handle
[2026-07-15 14:58:50.342] [svulkan2] [error] OIDN Error: invalid handle
[2026-07-15 14:58:50.374] [svulkan2] [error] OIDN Error: invalid handle
[2026-07-15 14:58:50.374] [svulkan2] [error] OIDN Error: invalid handle
[2026-07-15 14:58:50.374] [svulkan2] [error] OIDN Error: invalid handle
[2026-07-15 14:58:50.406] [svulkan2] [error] OIDN Error: invalid handle
[2026-07-15 14:58:50.406] [svulkan2] [error] OIDN Error: invalid handle
[2026-07-15 14:58:50.406] [svulkan2] [error] OIDN Error: invalid handle
[2026-07-15 14:58:50.438] [svulkan2] [error] OIDN Error: invalid handle
[2026-07-15 14:58:50.438] [svulkan2] [error] OIDN Error: invalid handle
[2026-07-15 14:58:50.438] [svulkan2] [error] OIDN Error: invalid handle
[2026-07-15 14:58:50.470] [svulkan2] [error] OIDN Error: invalid handle
[2026-07-15 14:58:50.470] [svulkan2] [error] OIDN Error: invalid handle
[2026-07-15 14:58:50.470] [svulkan2] [error] OIDN Error: invalid handle
[2026-07-15 14:58:50.502] [svulkan2] [error] OIDN Error: invalid handle
[2026-07-15 14:58:50.502] [svulkan2] [error] OIDN Error: invalid handle
[2026-07-15 14:58:50.502] [svulkan2] [error] OIDN Error: invalid handle
[2026-07-15 14:58:50.534] [svulkan2] [error] OIDN Error: invalid handle
[2026-07-15 14:58:50.535] [svulkan2] [error] OIDN Error: invalid handle
[2026-07-15 14:58:50.535] [svulkan2] [error] OIDN Error: invalid handle
[2026-07-15 14:58:50.567] [svulkan2] [error] OIDN Error: invalid handle
[2026-07-15 14:58:50.567] [svulkan2] [error] OIDN Error: invalid handle
[2026-07-15 14:58:50.567] [svulkan2] [error] OIDN Error: invalid handle
[2026-07-15 14:58:50.599] [svulkan2] [error] OIDN Error: invalid handle
[2026-07-15 14:58:50.599] [svulkan2] [error] OIDN Error: invalid handle
[2026-07-15 14:58:50.599] [svulkan2] [error] OIDN Error: invalid handle
[2026-07-15 14:58:50.631] [svulkan2] [error] OIDN Error: invalid handle
[2026-07-15 14:58:50.631] [svulkan2] [error] OIDN Error: invalid handle
[2026-07-15 14:58:50.631] [svulkan2] [error] OIDN Error: invalid handle
[2026-07-15 14:58:50.663] [svulkan2] [error] OIDN Error: invalid handle
[2026-07-15 14:58:50.663] [svulkan2] [error] OIDN Error: invalid handle
[2026-07-15 14:58:50.663] [svulkan2] [error] OIDN Error: invalid handle
[2026-07-15 14:58:50.694] [svulkan2] [error] OIDN Error: invalid handle
[2026-07-15 14:58:50.694] [svulkan2] [error] OIDN Error: invalid handle
[2026-07-15 14:58:50.694] [svulkan2] [error] OIDN Error: invalid handle
[2026-07-15 14:58:50.726] [svulkan2] [error] OIDN Error: invalid handle
[2026-07-15 14:58:50.726] [svulkan2] [error] OIDN Error: invalid handle
[2026-07-15 14:58:50.726] [svulkan2] [error] OIDN Error: invalid handle
[2026-07-15 14:58:50.757] [svulkan2] [error] OIDN Error: invalid handle
[2026-07-15 14:58:50.757] [svulkan2] [error] OIDN Error: invalid handle
[2026-07-15 14:58:50.757] [svulkan2] [error] OIDN Error: invalid handle
[2026-07-15 14:58:50.789] [svulkan2] [error] OIDN Error: invalid handle
[2026-07-15 14:58:50.789] [svulkan2] [error] OIDN Error: invalid handle
[2026-07-15 14:58:50.789] [svulkan2] [error] OIDN Error: invalid handle
[2026-07-15 14:58:50.820] [svulkan2] [error] OIDN Error: invalid handle
[2026-07-15 14:58:50.820] [svulkan2] [error] OIDN Error: invalid handle
[2026-07-15 14:58:50.820] [svulkan2] [error] OIDN Error: invalid handle
[2026-07-15 14:58:50.852] [svulkan2] [error] OIDN Error: invalid handle
[2026-07-15 14:58:50.852] [svulkan2] [error] OIDN Error: invalid handle
[2026-07-15 14:58:50.852] [svulkan2] [error] OIDN Error: invalid handle
[2026-07-15 14:58:50.884] [svulkan2] [error] OIDN Error: invalid handle
[2026-07-15 14:58:50.884] [svulkan2] [error] OIDN Error: invalid handle
[2026-07-15 14:58:50.884] [svulkan2] [error] OIDN Error: invalid handle
[2026-07-15 14:58:50.916] [svulkan2] [error] OIDN Error: invalid handle
[2026-07-15 14:58:50.916] [svulkan2] [error] OIDN Error: invalid handle
[2026-07-15 14:58:50.916] [svulkan2] [error] OIDN Error: invalid handle
[2026-07-15 14:58:50.949] [svulkan2] [error] OIDN Error: invalid handle
[2026-07-15 14:58:50.949] [svulkan2] [error] OIDN Error: invalid handle
[2026-07-15 14:58:50.949] [svulkan2] [error] OIDN Error: invalid handle
[2026-07-15 14:58:50.982] [svulkan2] [error] OIDN Error: invalid handle
[2026-07-15 14:58:50.982] [svulkan2] [error] OIDN Error: invalid handle
[2026-07-15 14:58:50.982] [svulkan2] [error] OIDN Error: invalid handle
[2026-07-15 14:58:51.015] [svulkan2] [error] OIDN Error: invalid handle
[2026-07-15 14:58:51.015] [svulkan2] [error] OIDN Error: invalid handle
[2026-07-15 14:58:51.015] [svulkan2] [error] OIDN Error: invalid handle
[2026-07-15 14:58:51.048] [svulkan2] [error] OIDN Error: invalid handle
[2026-07-15 14:58:51.048] [svulkan2] [error] OIDN Error: invalid handle
[2026-07-15 14:58:51.048] [svulkan2] [error] OIDN Error: invalid handle
[2026-07-15 14:58:51.084] [svulkan2] [error] OIDN Error: invalid handle
[2026-07-15 14:58:51.084] [svulkan2] [error] OIDN Error: invalid handle
[2026-07-15 14:58:51.084] [svulkan2] [error] OIDN Error: invalid handle
[2026-07-15 14:58:51.119] [svulkan2] [error] OIDN Error: invalid handle
[2026-07-15 14:58:51.119] [svulkan2] [error] OIDN Error: invalid handle
[2026-07-15 14:58:51.119] [svulkan2] [error] OIDN Error: invalid handle
[2026-07-15 14:58:51.153] [svulkan2] [error] OIDN Error: invalid handle
[2026-07-15 14:58:51.153] [svulkan2] [error] OIDN Error: invalid handle
[2026-07-15 14:58:51.153] [svulkan2] [error] OIDN Error: invalid handle
[2026-07-15 14:58:51.187] [svulkan2] [error] OIDN Error: invalid handle
[2026-07-15 14:58:51.187] [svulkan2] [error] OIDN Error: invalid handle
[2026-07-15 14:58:51.187] [svulkan2] [error] OIDN Error: invalid handle
[2026-07-15 14:58:51.226] [svulkan2] [error] OIDN Error: invalid handle
[2026-07-15 14:58:51.226] [svulkan2] [error] OIDN Error: invalid handle
[2026-07-15 14:58:51.226] [svulkan2] [error] OIDN Error: invalid handle
[2026-07-15 14:58:51.263] [svulkan2] [error] OIDN Error: invalid handle
[2026-07-15 14:58:51.263] [svulkan2] [error] OIDN Error: invalid handle
[2026-07-15 14:58:51.263] [svulkan2] [error] OIDN Error: invalid handle
[2026-07-15 14:58:51.300] [svulkan2] [error] OIDN Error: invalid handle
[2026-07-15 14:58:51.300] [svulkan2] [error] OIDN Error: invalid handle
[2026-07-15 14:58:51.300] [svulkan2] [error] OIDN Error: invalid handle
[2026-07-15 14:58:51.341] [svulkan2] [error] OIDN Error: invalid handle
[2026-07-15 14:58:51.342] [svulkan2] [error] OIDN Error: invalid handle
[2026-07-15 14:58:51.342] [svulkan2] [error] OIDN Error: invalid handle
[2026-07-15 14:58:51.379] [svulkan2] [error] OIDN Error: invalid handle
[2026-07-15 14:58:51.379] [svulkan2] [error] OIDN Error: invalid handle
[2026-07-15 14:58:51.379] [svulkan2] [error] OIDN Error: invalid handle
[2026-07-15 14:58:51.417] [svulkan2] [error] OIDN Error: invalid handle
[2026-07-15 14:58:51.417] [svulkan2] [error] OIDN Error: invalid handle
[2026-07-15 14:58:51.418] [svulkan2] [error] OIDN Error: invalid handle
[2026-07-15 14:58:51.457] [svulkan2] [error] OIDN Error: invalid handle
[2026-07-15 14:58:51.457] [svulkan2] [error] OIDN Error: invalid handle
[2026-07-15 14:58:51.457] [svulkan2] [error] OIDN Error: invalid handle
[2026-07-15 14:58:51.493] [svulkan2] [error] OIDN Error: invalid handle
[2026-07-15 14:58:51.493] [svulkan2] [error] OIDN Error: invalid handle
[2026-07-15 14:58:51.493] [svulkan2] [error] OIDN Error: invalid handle
[2026-07-15 14:58:51.531] [svulkan2] [error] OIDN Error: invalid handle
[2026-07-15 14:58:51.531] [svulkan2] [error] OIDN Error: invalid handle
[2026-07-15 14:58:51.531] [svulkan2] [error] OIDN Error: invalid handle
[2026-07-15 14:58:51.568] [svulkan2] [error] OIDN Error: invalid handle
[2026-07-15 14:58:51.568] [svulkan2] [error] OIDN Error: invalid handle
[2026-07-15 14:58:51.568] [svulkan2] [error] OIDN Error: invalid handle
[2026-07-15 14:58:51.606] [svulkan2] [error] OIDN Error: invalid handle
[2026-07-15 14:58:51.606] [svulkan2] [error] OIDN Error: invalid handle
[2026-07-15 14:58:51.606] [svulkan2] [error] OIDN Error: invalid handle
[2026-07-15 14:58:51.642] [svulkan2] [error] OIDN Error: invalid handle
[2026-07-15 14:58:51.642] [svulkan2] [error] OIDN Error: invalid handle
[2026-07-15 14:58:51.642] [svulkan2] [error] OIDN Error: invalid handle
[2026-07-15 14:58:51.679] [svulkan2] [error] OIDN Error: invalid handle
[2026-07-15 14:58:51.679] [svulkan2] [error] OIDN Error: invalid handle
[2026-07-15 14:58:51.679] [svulkan2] [error] OIDN Error: invalid handle
[2026-07-15 14:58:51.716] [svulkan2] [error] OIDN Error: invalid handle
[2026-07-15 14:58:51.716] [svulkan2] [error] OIDN Error: invalid handle
[2026-07-15 14:58:51.716] [svulkan2] [error] OIDN Error: invalid handle
[2026-07-15 14:58:51.755] [svulkan2] [error] OIDN Error: invalid handle
[2026-07-15 14:58:51.755] [svulkan2] [error] OIDN Error: invalid handle
[2026-07-15 14:58:51.755] [svulkan2] [error] OIDN Error: invalid handle
[2026-07-15 14:58:51.794] [svulkan2] [error] OIDN Error: invalid handle
[2026-07-15 14:58:51.794] [svulkan2] [error] OIDN Error: invalid handle
[2026-07-15 14:58:51.794] [svulkan2] [error] OIDN Error: invalid handle
[2026-07-15 14:58:51.835] [svulkan2] [error] OIDN Error: invalid handle
[2026-07-15 14:58:51.835] [svulkan2] [error] OIDN Error: invalid handle
[2026-07-15 14:58:51.835] [svulkan2] [error] OIDN Error: invalid handle
[2026-07-15 14:58:51.875] [svulkan2] [error] OIDN Error: invalid handle
[2026-07-15 14:58:51.875] [svulkan2] [error] OIDN Error: invalid handle
[2026-07-15 14:58:51.875] [svulkan2] [error] OIDN Error: invalid handle
[2026-07-15 14:58:51.915] [svulkan2] [error] OIDN Error: invalid handle
[2026-07-15 14:58:51.915] [svulkan2] [error] OIDN Error: invalid handle
[2026-07-15 14:58:51.915] [svulkan2] [error] OIDN Error: invalid handle
[2026-07-15 14:58:51.955] [svulkan2] [error] OIDN Error: invalid handle
[2026-07-15 14:58:51.955] [svulkan2] [error] OIDN Error: invalid handle
[2026-07-15 14:58:51.955] [svulkan2] [error] OIDN Error: invalid handle
[2026-07-15 14:58:51.995] [svulkan2] [error] OIDN Error: invalid handle
[2026-07-15 14:58:51.995] [svulkan2] [error] OIDN Error: invalid handle
[2026-07-15 14:58:51.995] [svulkan2] [error] OIDN Error: invalid handle
[2026-07-15 14:58:52.033] [svulkan2] [error] OIDN Error: invalid handle
[2026-07-15 14:58:52.033] [svulkan2] [error] OIDN Error: invalid handle
[2026-07-15 14:58:52.033] [svulkan2] [error] OIDN Error: invalid handle
[2026-07-15 14:58:52.072] [svulkan2] [error] OIDN Error: invalid handle
[2026-07-15 14:58:52.072] [svulkan2] [error] OIDN Error: invalid handle
[2026-07-15 14:58:52.072] [svulkan2] [error] OIDN Error: invalid handle
[2026-07-15 14:58:52.111] [svulkan2] [error] OIDN Error: invalid handle
[2026-07-15 14:58:52.111] [svulkan2] [error] OIDN Error: invalid handle
[2026-07-15 14:58:52.111] [svulkan2] [error] OIDN Error: invalid handle
[2026-07-15 14:58:52.150] [svulkan2] [error] OIDN Error: invalid handle
[2026-07-15 14:58:52.150] [svulkan2] [error] OIDN Error: invalid handle
[2026-07-15 14:58:52.150] [svulkan2] [error] OIDN Error: invalid handle
[2026-07-15 14:58:52.188] [svulkan2] [error] OIDN Error: invalid handle
[2026-07-15 14:58:52.188] [svulkan2] [error] OIDN Error: invalid handle
[2026-07-15 14:58:52.188] [svulkan2] [error] OIDN Error: invalid handle
[2026-07-15 14:58:52.224] [svulkan2] [error] OIDN Error: invalid handle
[2026-07-15 14:58:52.224] [svulkan2] [error] OIDN Error: invalid handle
[2026-07-15 14:58:52.224] [svulkan2] [error] OIDN Error: invalid handle
[2026-07-15 14:58:52.259] [svulkan2] [error] OIDN Error: invalid handle
[2026-07-15 14:58:52.259] [svulkan2] [error] OIDN Error: invalid handle
[2026-07-15 14:58:52.259] [svulkan2] [error] OIDN Error: invalid handle
[2026-07-15 14:58:52.292] [svulkan2] [error] OIDN Error: invalid handle
[2026-07-15 14:58:52.292] [svulkan2] [error] OIDN Error: invalid handle
[2026-07-15 14:58:52.292] [svulkan2] [error] OIDN Error: invalid handle
[2026-07-15 14:58:52.331] [svulkan2] [error] OIDN Error: invalid handle
[2026-07-15 14:58:52.331] [svulkan2] [error] OIDN Error: invalid handle
[2026-07-15 14:58:52.331] [svulkan2] [error] OIDN Error: invalid handle
[2026-07-15 14:58:52.368] [svulkan2] [error] OIDN Error: invalid handle
[2026-07-15 14:58:52.368] [svulkan2] [error] OIDN Error: invalid handle
[2026-07-15 14:58:52.368] [svulkan2] [error] OIDN Error: invalid handle
[2026-07-15 14:58:52.408] [svulkan2] [error] OIDN Error: invalid handle
[2026-07-15 14:58:52.408] [svulkan2] [error] OIDN Error: invalid handle
[2026-07-15 14:58:52.408] [svulkan2] [error] OIDN Error: invalid handle
[2026-07-15 14:58:52.446] [svulkan2] [error] OIDN Error: invalid handle
[2026-07-15 14:58:52.446] [svulkan2] [error] OIDN Error: invalid handle
[2026-07-15 14:58:52.446] [svulkan2] [error] OIDN Error: invalid handle
[2026-07-15 14:58:52.480] [svulkan2] [error] OIDN Error: invalid handle
[2026-07-15 14:58:52.480] [svulkan2] [error] OIDN Error: invalid handle
[2026-07-15 14:58:52.480] [svulkan2] [error] OIDN Error: invalid handle
[2026-07-15 14:58:52.556] [svulkan2] [error] OIDN Error: invalid handle
[2026-07-15 14:58:52.556] [svulkan2] [error] OIDN Error: invalid handle
[2026-07-15 14:58:52.557] [svulkan2] [error] OIDN Error: invalid handle
[2026-07-15 14:58:52.589] [svulkan2] [error] OIDN Error: invalid handle
[2026-07-15 14:58:52.589] [svulkan2] [error] OIDN Error: invalid handle
[2026-07-15 14:58:52.589] [svulkan2] [error] OIDN Error: invalid handle
[2026-07-15 14:58:52.631] [svulkan2] [error] OIDN Error: invalid handle
[2026-07-15 14:58:52.631] [svulkan2] [error] OIDN Error: invalid handle
[2026-07-15 14:58:52.631] [svulkan2] [error] OIDN Error: invalid handle
[2026-07-15 14:58:52.666] [svulkan2] [error] OIDN Error: invalid handle
[2026-07-15 14:58:52.666] [svulkan2] [error] OIDN Error: invalid handle
[2026-07-15 14:58:52.666] [svulkan2] [error] OIDN Error: invalid handle
[2026-07-15 14:58:52.698] [svulkan2] [error] OIDN Error: invalid handle
[2026-07-15 14:58:52.698] [svulkan2] [error] OIDN Error: invalid handle
[2026-07-15 14:58:52.698] [svulkan2] [error] OIDN Error: invalid handle
[2026-07-15 14:58:52.730] [svulkan2] [error] OIDN Error: invalid handle
[2026-07-15 14:58:52.730] [svulkan2] [error] OIDN Error: invalid handle
[2026-07-15 14:58:52.730] [svulkan2] [error] OIDN Error: invalid handle
[2026-07-15 14:58:52.763] [svulkan2] [error] OIDN Error: invalid handle
[2026-07-15 14:58:52.763] [svulkan2] [error] OIDN Error: invalid handle
[2026-07-15 14:58:52.763] [svulkan2] [error] OIDN Error: invalid handle
[2026-07-15 14:58:52.795] [svulkan2] [error] OIDN Error: invalid handle
[2026-07-15 14:58:52.795] [svulkan2] [error] OIDN Error: invalid handle
[2026-07-15 14:58:52.795] [svulkan2] [error] OIDN Error: invalid handle
[2026-07-15 14:58:52.827] [svulkan2] [error] OIDN Error: invalid handle
[2026-07-15 14:58:52.827] [svulkan2] [error] OIDN Error: invalid handle
[2026-07-15 14:58:52.827] [svulkan2] [error] OIDN Error: invalid handle
[2026-07-15 14:58:52.860] [svulkan2] [error] OIDN Error: invalid handle
[2026-07-15 14:58:52.860] [svulkan2] [error] OIDN Error: invalid handle
[2026-07-15 14:58:52.860] [svulkan2] [error] OIDN Error: invalid handle
[2026-07-15 14:58:52.894] [svulkan2] [error] OIDN Error: invalid handle
[2026-07-15 14:58:52.894] [svulkan2] [error] OIDN Error: invalid handle
[2026-07-15 14:58:52.894] [svulkan2] [error] OIDN Error: invalid handle
[2026-07-15 14:58:52.929] [svulkan2] [error] OIDN Error: invalid handle
[2026-07-15 14:58:52.929] [svulkan2] [error] OIDN Error: invalid handle
[2026-07-15 14:58:52.929] [svulkan2] [error] OIDN Error: invalid handle
[2026-07-15 14:58:52.964] [svulkan2] [error] OIDN Error: invalid handle
[2026-07-15 14:58:52.964] [svulkan2] [error] OIDN Error: invalid handle
[2026-07-15 14:58:52.964] [svulkan2] [error] OIDN Error: invalid handle
[2026-07-15 14:58:53.001] [svulkan2] [error] OIDN Error: invalid handle
[2026-07-15 14:58:53.002] [svulkan2] [error] OIDN Error: invalid handle
[2026-07-15 14:58:53.002] [svulkan2] [error] OIDN Error: invalid handle
[2026-07-15 14:58:53.040] [svulkan2] [error] OIDN Error: invalid handle
[2026-07-15 14:58:53.040] [svulkan2] [error] OIDN Error: invalid handle
[2026-07-15 14:58:53.040] [svulkan2] [error] OIDN Error: invalid handle
[2026-07-15 14:58:53.081] [svulkan2] [error] OIDN Error: invalid handle
[2026-07-15 14:58:53.081] [svulkan2] [error] OIDN Error: invalid handle
[2026-07-15 14:58:53.081] [svulkan2] [error] OIDN Error: invalid handle
[2026-07-15 14:58:53.119] [svulkan2] [error] OIDN Error: invalid handle
[2026-07-15 14:58:53.119] [svulkan2] [error] OIDN Error: invalid handle
[2026-07-15 14:58:53.119] [svulkan2] [error] OIDN Error: invalid handle
[2026-07-15 14:58:53.157] [svulkan2] [error] OIDN Error: invalid handle
[2026-07-15 14:58:53.157] [svulkan2] [error] OIDN Error: invalid handle
[2026-07-15 14:58:53.157] [svulkan2] [error] OIDN Error: invalid handle
[2026-07-15 14:58:53.194] [svulkan2] [error] OIDN Error: invalid handle
[2026-07-15 14:58:53.194] [svulkan2] [error] OIDN Error: invalid handle
[2026-07-15 14:58:53.194] [svulkan2] [error] OIDN Error: invalid handle
[2026-07-15 14:58:53.232] [svulkan2] [error] OIDN Error: invalid handle
[2026-07-15 14:58:53.232] [svulkan2] [error] OIDN Error: invalid handle
[2026-07-15 14:58:53.232] [svulkan2] [error] OIDN Error: invalid handle
[2026-07-15 14:58:53.268] [svulkan2] [error] OIDN Error: invalid handle
[2026-07-15 14:58:53.268] [svulkan2] [error] OIDN Error: invalid handle
[2026-07-15 14:58:53.268] [svulkan2] [error] OIDN Error: invalid handle
[2026-07-15 14:58:53.303] [svulkan2] [error] OIDN Error: invalid handle
[2026-07-15 14:58:53.303] [svulkan2] [error] OIDN Error: invalid handle
[2026-07-15 14:58:53.303] [svulkan2] [error] OIDN Error: invalid handle
[2026-07-15 14:58:53.336] [svulkan2] [error] OIDN Error: invalid handle
[2026-07-15 14:58:53.336] [svulkan2] [error] OIDN Error: invalid handle
[2026-07-15 14:58:53.336] [svulkan2] [error] OIDN Error: invalid handle
[2026-07-15 14:58:53.370] [svulkan2] [error] OIDN Error: invalid handle
[2026-07-15 14:58:53.371] [svulkan2] [error] OIDN Error: invalid handle
[2026-07-15 14:58:53.371] [svulkan2] [error] OIDN Error: invalid handle
[2026-07-15 14:58:53.407] [svulkan2] [error] OIDN Error: invalid handle
[2026-07-15 14:58:53.407] [svulkan2] [error] OIDN Error: invalid handle
[2026-07-15 14:58:53.407] [svulkan2] [error] OIDN Error: invalid handle
[2026-07-15 14:58:53.444] [svulkan2] [error] OIDN Error: invalid handle
[2026-07-15 14:58:53.444] [svulkan2] [error] OIDN Error: invalid handle
[2026-07-15 14:58:53.444] [svulkan2] [error] OIDN Error: invalid handle
[2026-07-15 14:58:53.483] [svulkan2] [error] OIDN Error: invalid handle
[2026-07-15 14:58:53.483] [svulkan2] [error] OIDN Error: invalid handle
[2026-07-15 14:58:53.483] [svulkan2] [error] OIDN Error: invalid handle
[2026-07-15 14:58:53.518] [svulkan2] [error] OIDN Error: invalid handle
[2026-07-15 14:58:53.518] [svulkan2] [error] OIDN Error: invalid handle
[2026-07-15 14:58:53.518] [svulkan2] [error] OIDN Error: invalid handle
[2026-07-15 14:58:53.553] [svulkan2] [error] OIDN Error: invalid handle
[2026-07-15 14:58:53.553] [svulkan2] [error] OIDN Error: invalid handle
[2026-07-15 14:58:53.553] [svulkan2] [error] OIDN Error: invalid handle
[2026-07-15 14:58:53.589] [svulkan2] [error] OIDN Error: invalid handle
[2026-07-15 14:58:53.589] [svulkan2] [error] OIDN Error: invalid handle
[2026-07-15 14:58:53.589] [svulkan2] [error] OIDN Error: invalid handle
[2026-07-15 14:58:53.624] [svulkan2] [error] OIDN Error: invalid handle
[2026-07-15 14:58:53.624] [svulkan2] [error] OIDN Error: invalid handle
[2026-07-15 14:58:53.624] [svulkan2] [error] OIDN Error: invalid handle
[2026-07-15 14:58:53.661] [svulkan2] [error] OIDN Error: invalid handle
[2026-07-15 14:58:53.661] [svulkan2] [error] OIDN Error: invalid handle
[2026-07-15 14:58:53.661] [svulkan2] [error] OIDN Error: invalid handle
[2026-07-15 14:58:53.696] [svulkan2] [error] OIDN Error: invalid handle
[2026-07-15 14:58:53.697] [svulkan2] [error] OIDN Error: invalid handle
[2026-07-15 14:58:53.697] [svulkan2] [error] OIDN Error: invalid handle
[2026-07-15 14:58:53.730] [svulkan2] [error] OIDN Error: invalid handle
[2026-07-15 14:58:53.730] [svulkan2] [error] OIDN Error: invalid handle
[2026-07-15 14:58:53.730] [svulkan2] [error] OIDN Error: invalid handle
[2026-07-15 14:58:53.764] [svulkan2] [error] OIDN Error: invalid handle
[2026-07-15 14:58:53.764] [svulkan2] [error] OIDN Error: invalid handle
[2026-07-15 14:58:53.764] [svulkan2] [error] OIDN Error: invalid handle
[2026-07-15 14:58:53.798] [svulkan2] [error] OIDN Error: invalid handle
[2026-07-15 14:58:53.798] [svulkan2] [error] OIDN Error: invalid handle
[2026-07-15 14:58:53.798] [svulkan2] [error] OIDN Error: invalid handle
[2026-07-15 14:58:53.831] [svulkan2] [error] OIDN Error: invalid handle
[2026-07-15 14:58:53.832] [svulkan2] [error] OIDN Error: invalid handle
[2026-07-15 14:58:53.832] [svulkan2] [error] OIDN Error: invalid handle
[2026-07-15 14:58:53.865] [svulkan2] [error] OIDN Error: invalid handle
[2026-07-15 14:58:53.865] [svulkan2] [error] OIDN Error: invalid handle
[2026-07-15 14:58:53.865] [svulkan2] [error] OIDN Error: invalid handle
[2026-07-15 14:58:53.898] [svulkan2] [error] OIDN Error: invalid handle
[2026-07-15 14:58:53.898] [svulkan2] [error] OIDN Error: invalid handle
[2026-07-15 14:58:53.898] [svulkan2] [error] OIDN Error: invalid handle
[2026-07-15 14:58:53.933] [svulkan2] [error] OIDN Error: invalid handle
[2026-07-15 14:58:53.933] [svulkan2] [error] OIDN Error: invalid handle
[2026-07-15 14:58:53.933] [svulkan2] [error] OIDN Error: invalid handle
[2026-07-15 14:58:53.968] [svulkan2] [error] OIDN Error: invalid handle
[2026-07-15 14:58:53.968] [svulkan2] [error] OIDN Error: invalid handle
[2026-07-15 14:58:53.968] [svulkan2] [error] OIDN Error: invalid handle
[2026-07-15 14:58:54.002] [svulkan2] [error] OIDN Error: invalid handle
[2026-07-15 14:58:54.002] [svulkan2] [error] OIDN Error: invalid handle
[2026-07-15 14:58:54.002] [svulkan2] [error] OIDN Error: invalid handle
[2026-07-15 14:58:54.037] [svulkan2] [error] OIDN Error: invalid handle
[2026-07-15 14:58:54.037] [svulkan2] [error] OIDN Error: invalid handle
[2026-07-15 14:58:54.037] [svulkan2] [error] OIDN Error: invalid handle
[2026-07-15 14:58:54.072] [svulkan2] [error] OIDN Error: invalid handle
[2026-07-15 14:58:54.072] [svulkan2] [error] OIDN Error: invalid handle
[2026-07-15 14:58:54.072] [svulkan2] [error] OIDN Error: invalid handle
[2026-07-15 14:58:54.105] [svulkan2] [error] OIDN Error: invalid handle
[2026-07-15 14:58:54.105] [svulkan2] [error] OIDN Error: invalid handle
[2026-07-15 14:58:54.105] [svulkan2] [error] OIDN Error: invalid handle
[2026-07-15 14:58:54.144] [svulkan2] [error] OIDN Error: invalid handle
[2026-07-15 14:58:54.144] [svulkan2] [error] OIDN Error: invalid handle
[2026-07-15 14:58:54.144] [svulkan2] [error] OIDN Error: invalid handle
[2026-07-15 14:58:54.184] [svulkan2] [error] OIDN Error: invalid handle
[2026-07-15 14:58:54.184] [svulkan2] [error] OIDN Error: invalid handle
[2026-07-15 14:58:54.184] [svulkan2] [error] OIDN Error: invalid handle
[2026-07-15 14:58:54.223] [svulkan2] [error] OIDN Error: invalid handle
[2026-07-15 14:58:54.223] [svulkan2] [error] OIDN Error: invalid handle
[2026-07-15 14:58:54.223] [svulkan2] [error] OIDN Error: invalid handle
[2026-07-15 14:58:54.262] [svulkan2] [error] OIDN Error: invalid handle
[2026-07-15 14:58:54.262] [svulkan2] [error] OIDN Error: invalid handle
[2026-07-15 14:58:54.262] [svulkan2] [error] OIDN Error: invalid handle
[2026-07-15 14:58:54.297] [svulkan2] [error] OIDN Error: invalid handle
[2026-07-15 14:58:54.297] [svulkan2] [error] OIDN Error: invalid handle
[2026-07-15 14:58:54.297] [svulkan2] [error] OIDN Error: invalid handle
[2026-07-15 14:58:54.333] [svulkan2] [error] OIDN Error: invalid handle
[2026-07-15 14:58:54.333] [svulkan2] [error] OIDN Error: invalid handle
[2026-07-15 14:58:54.333] [svulkan2] [error] OIDN Error: invalid handle
[2026-07-15 14:58:54.368] [svulkan2] [error] OIDN Error: invalid handle
[2026-07-15 14:58:54.368] [svulkan2] [error] OIDN Error: invalid handle
[2026-07-15 14:58:54.368] [svulkan2] [error] OIDN Error: invalid handle
[2026-07-15 14:58:54.403] [svulkan2] [error] OIDN Error: invalid handle
[2026-07-15 14:58:54.403] [svulkan2] [error] OIDN Error: invalid handle
[2026-07-15 14:58:54.403] [svulkan2] [error] OIDN Error: invalid handle
[2026-07-15 14:58:54.437] [svulkan2] [error] OIDN Error: invalid handle
[2026-07-15 14:58:54.437] [svulkan2] [error] OIDN Error: invalid handle
[2026-07-15 14:58:54.437] [svulkan2] [error] OIDN Error: invalid handle
[2026-07-15 14:58:54.471] [svulkan2] [error] OIDN Error: invalid handle
[2026-07-15 14:58:54.471] [svulkan2] [error] OIDN Error: invalid handle
[2026-07-15 14:58:54.471] [svulkan2] [error] OIDN Error: invalid handle
[2026-07-15 14:58:54.505] [svulkan2] [error] OIDN Error: invalid handle
[2026-07-15 14:58:54.505] [svulkan2] [error] OIDN Error: invalid handle
[2026-07-15 14:58:54.505] [svulkan2] [error] OIDN Error: invalid handle
[2026-07-15 14:58:54.539] [svulkan2] [error] OIDN Error: invalid handle
[2026-07-15 14:58:54.539] [svulkan2] [error] OIDN Error: invalid handle
[2026-07-15 14:58:54.539] [svulkan2] [error] OIDN Error: invalid handle
[2026-07-15 14:58:54.573] [svulkan2] [error] OIDN Error: invalid handle
[2026-07-15 14:58:54.573] [svulkan2] [error] OIDN Error: invalid handle
[2026-07-15 14:58:54.574] [svulkan2] [error] OIDN Error: invalid handle
[2026-07-15 14:58:54.607] [svulkan2] [error] OIDN Error: invalid handle
[2026-07-15 14:58:54.607] [svulkan2] [error] OIDN Error: invalid handle
[2026-07-15 14:58:54.607] [svulkan2] [error] OIDN Error: invalid handle
[2026-07-15 14:58:54.641] [svulkan2] [error] OIDN Error: invalid handle
[2026-07-15 14:58:54.642] [svulkan2] [error] OIDN Error: invalid handle
[2026-07-15 14:58:54.642] [svulkan2] [error] OIDN Error: invalid handle
[2026-07-15 14:58:54.676] [svulkan2] [error] OIDN Error: invalid handle
[2026-07-15 14:58:54.676] [svulkan2] [error] OIDN Error: invalid handle
[2026-07-15 14:58:54.676] [svulkan2] [error] OIDN Error: invalid handle
[2026-07-15 14:58:54.710] [svulkan2] [error] OIDN Error: invalid handle
[2026-07-15 14:58:54.710] [svulkan2] [error] OIDN Error: invalid handle
[2026-07-15 14:58:54.710] [svulkan2] [error] OIDN Error: invalid handle
[2026-07-15 14:58:54.744] [svulkan2] [error] OIDN Error: invalid handle
[2026-07-15 14:58:54.744] [svulkan2] [error] OIDN Error: invalid handle
[2026-07-15 14:58:54.744] [svulkan2] [error] OIDN Error: invalid handle
[2026-07-15 14:58:54.777] [svulkan2] [error] OIDN Error: invalid handle
[2026-07-15 14:58:54.777] [svulkan2] [error] OIDN Error: invalid handle
[2026-07-15 14:58:54.777] [svulkan2] [error] OIDN Error: invalid handle
[2026-07-15 14:58:54.809] [svulkan2] [error] OIDN Error: invalid handle
[2026-07-15 14:58:54.809] [svulkan2] [error] OIDN Error: invalid handle
[2026-07-15 14:58:54.809] [svulkan2] [error] OIDN Error: invalid handle
[2026-07-15 14:58:54.842] [svulkan2] [error] OIDN Error: invalid handle
[2026-07-15 14:58:54.842] [svulkan2] [error] OIDN Error: invalid handle
[2026-07-15 14:58:54.842] [svulkan2] [error] OIDN Error: invalid handle
[2026-07-15 14:58:54.876] [svulkan2] [error] OIDN Error: invalid handle
[2026-07-15 14:58:54.876] [svulkan2] [error] OIDN Error: invalid handle
[2026-07-15 14:58:54.877] [svulkan2] [error] OIDN Error: invalid handle
[2026-07-15 14:58:54.910] [svulkan2] [error] OIDN Error: invalid handle
[2026-07-15 14:58:54.910] [svulkan2] [error] OIDN Error: invalid handle
[2026-07-15 14:58:54.910] [svulkan2] [error] OIDN Error: invalid handle
[2026-07-15 14:58:54.944] [svulkan2] [error] OIDN Error: invalid handle
[2026-07-15 14:58:54.944] [svulkan2] [error] OIDN Error: invalid handle
[2026-07-15 14:58:54.944] [svulkan2] [error] OIDN Error: invalid handle
[2026-07-15 14:58:54.979] [svulkan2] [error] OIDN Error: invalid handle
[2026-07-15 14:58:54.979] [svulkan2] [error] OIDN Error: invalid handle
[2026-07-15 14:58:54.979] [svulkan2] [error] OIDN Error: invalid handle
[2026-07-15 14:58:55.013] [svulkan2] [error] OIDN Error: invalid handle
[2026-07-15 14:58:55.013] [svulkan2] [error] OIDN Error: invalid handle
[2026-07-15 14:58:55.013] [svulkan2] [error] OIDN Error: invalid handle
[2026-07-15 14:58:55.047] [svulkan2] [error] OIDN Error: invalid handle
[2026-07-15 14:58:55.047] [svulkan2] [error] OIDN Error: invalid handle
[2026-07-15 14:58:55.047] [svulkan2] [error] OIDN Error: invalid handle
[2026-07-15 14:58:55.081] [svulkan2] [error] OIDN Error: invalid handle
[2026-07-15 14:58:55.081] [svulkan2] [error] OIDN Error: invalid handle
[2026-07-15 14:58:55.081] [svulkan2] [error] OIDN Error: invalid handle
[2026-07-15 14:58:55.115] [svulkan2] [error] OIDN Error: invalid handle
[2026-07-15 14:58:55.115] [svulkan2] [error] OIDN Error: invalid handle
[2026-07-15 14:58:55.115] [svulkan2] [error] OIDN Error: invalid handle
[2026-07-15 14:58:55.148] [svulkan2] [error] OIDN Error: invalid handle
[2026-07-15 14:58:55.148] [svulkan2] [error] OIDN Error: invalid handle
[2026-07-15 14:58:55.148] [svulkan2] [error] OIDN Error: invalid handle
[2026-07-15 14:58:55.182] [svulkan2] [error] OIDN Error: invalid handle
[2026-07-15 14:58:55.182] [svulkan2] [error] OIDN Error: invalid handle
[2026-07-15 14:58:55.182] [svulkan2] [error] OIDN Error: invalid handle
[2026-07-15 14:58:55.215] [svulkan2] [error] OIDN Error: invalid handle
[2026-07-15 14:58:55.215] [svulkan2] [error] OIDN Error: invalid handle
[2026-07-15 14:58:55.215] [svulkan2] [error] OIDN Error: invalid handle
[2026-07-15 14:58:55.249] [svulkan2] [error] OIDN Error: invalid handle
[2026-07-15 14:58:55.249] [svulkan2] [error] OIDN Error: invalid handle
[2026-07-15 14:58:55.249] [svulkan2] [error] OIDN Error: invalid handle
[2026-07-15 14:58:55.283] [svulkan2] [error] OIDN Error: invalid handle
[2026-07-15 14:58:55.283] [svulkan2] [error] OIDN Error: invalid handle
[2026-07-15 14:58:55.283] [svulkan2] [error] OIDN Error: invalid handle
[2026-07-15 14:58:55.316] [svulkan2] [error] OIDN Error: invalid handle
[2026-07-15 14:58:55.316] [svulkan2] [error] OIDN Error: invalid handle
[2026-07-15 14:58:55.316] [svulkan2] [error] OIDN Error: invalid handle
[2026-07-15 14:58:55.350] [svulkan2] [error] OIDN Error: invalid handle
[2026-07-15 14:58:55.350] [svulkan2] [error] OIDN Error: invalid handle
[2026-07-15 14:58:55.350] [svulkan2] [error] OIDN Error: invalid handle
[2026-07-15 14:58:55.383] [svulkan2] [error] OIDN Error: invalid handle
[2026-07-15 14:58:55.383] [svulkan2] [error] OIDN Error: invalid handle
[2026-07-15 14:58:55.384] [svulkan2] [error] OIDN Error: invalid handle
[2026-07-15 14:58:55.417] [svulkan2] [error] OIDN Error: invalid handle
[2026-07-15 14:58:55.417] [svulkan2] [error] OIDN Error: invalid handle
[2026-07-15 14:58:55.417] [svulkan2] [error] OIDN Error: invalid handle
[2026-07-15 14:58:55.451] [svulkan2] [error] OIDN Error: invalid handle
[2026-07-15 14:58:55.451] [svulkan2] [error] OIDN Error: invalid handle
[2026-07-15 14:58:55.451] [svulkan2] [error] OIDN Error: invalid handle
[2026-07-15 14:58:55.484] [svulkan2] [error] OIDN Error: invalid handle
[2026-07-15 14:58:55.484] [svulkan2] [error] OIDN Error: invalid handle
[2026-07-15 14:58:55.484] [svulkan2] [error] OIDN Error: invalid handle
[2026-07-15 14:58:55.518] [svulkan2] [error] OIDN Error: invalid handle
[2026-07-15 14:58:55.518] [svulkan2] [error] OIDN Error: invalid handle
[2026-07-15 14:58:55.518] [svulkan2] [error] OIDN Error: invalid handle
[2026-07-15 14:58:55.552] [svulkan2] [error] OIDN Error: invalid handle
[2026-07-15 14:58:55.552] [svulkan2] [error] OIDN Error: invalid handle
[2026-07-15 14:58:55.552] [svulkan2] [error] OIDN Error: invalid handle
[2026-07-15 14:58:55.585] [svulkan2] [error] OIDN Error: invalid handle
[2026-07-15 14:58:55.585] [svulkan2] [error] OIDN Error: invalid handle
[2026-07-15 14:58:55.585] [svulkan2] [error] OIDN Error: invalid handle
[2026-07-15 14:58:55.619] [svulkan2] [error] OIDN Error: invalid handle
[2026-07-15 14:58:55.619] [svulkan2] [error] OIDN Error: invalid handle
[2026-07-15 14:58:55.619] [svulkan2] [error] OIDN Error: invalid handle
[2026-07-15 14:58:55.652] [svulkan2] [error] OIDN Error: invalid handle
[2026-07-15 14:58:55.652] [svulkan2] [error] OIDN Error: invalid handle
[2026-07-15 14:58:55.652] [svulkan2] [error] OIDN Error: invalid handle
[2026-07-15 14:58:55.686] [svulkan2] [error] OIDN Error: invalid handle
[2026-07-15 14:58:55.686] [svulkan2] [error] OIDN Error: invalid handle
[2026-07-15 14:58:55.686] [svulkan2] [error] OIDN Error: invalid handle
[2026-07-15 14:58:55.719] [svulkan2] [error] OIDN Error: invalid handle
[2026-07-15 14:58:55.719] [svulkan2] [error] OIDN Error: invalid handle
[2026-07-15 14:58:55.719] [svulkan2] [error] OIDN Error: invalid handle
[2026-07-15 14:58:55.753] [svulkan2] [error] OIDN Error: invalid handle
[2026-07-15 14:58:55.753] [svulkan2] [error] OIDN Error: invalid handle
[2026-07-15 14:58:55.753] [svulkan2] [error] OIDN Error: invalid handle
[2026-07-15 14:58:55.786] [svulkan2] [error] OIDN Error: invalid handle
[2026-07-15 14:58:55.786] [svulkan2] [error] OIDN Error: invalid handle
[2026-07-15 14:58:55.787] [svulkan2] [error] OIDN Error: invalid handle
[2026-07-15 14:58:55.820] [svulkan2] [error] OIDN Error: invalid handle
[2026-07-15 14:58:55.820] [svulkan2] [error] OIDN Error: invalid handle
[2026-07-15 14:58:55.820] [svulkan2] [error] OIDN Error: invalid handle
[2026-07-15 14:58:55.853] [svulkan2] [error] OIDN Error: invalid handle
[2026-07-15 14:58:55.853] [svulkan2] [error] OIDN Error: invalid handle
[2026-07-15 14:58:55.853] [svulkan2] [error] OIDN Error: invalid handle
[2026-07-15 14:58:55.887] [svulkan2] [error] OIDN Error: invalid handle
[2026-07-15 14:58:55.887] [svulkan2] [error] OIDN Error: invalid handle
[2026-07-15 14:58:55.887] [svulkan2] [error] OIDN Error: invalid handle
[2026-07-15 14:58:55.921] [svulkan2] [error] OIDN Error: invalid handle
[2026-07-15 14:58:55.921] [svulkan2] [error] OIDN Error: invalid handle
[2026-07-15 14:58:55.921] [svulkan2] [error] OIDN Error: invalid handle
[2026-07-15 14:58:55.955] [svulkan2] [error] OIDN Error: invalid handle
[2026-07-15 14:58:55.955] [svulkan2] [error] OIDN Error: invalid handle
[2026-07-15 14:58:55.955] [svulkan2] [error] OIDN Error: invalid handle
[2026-07-15 14:58:55.988] [svulkan2] [error] OIDN Error: invalid handle
[2026-07-15 14:58:55.989] [svulkan2] [error] OIDN Error: invalid handle
[2026-07-15 14:58:55.989] [svulkan2] [error] OIDN Error: invalid handle
[2026-07-15 14:58:56.022] [svulkan2] [error] OIDN Error: invalid handle
[2026-07-15 14:58:56.022] [svulkan2] [error] OIDN Error: invalid handle
[2026-07-15 14:58:56.022] [svulkan2] [error] OIDN Error: invalid handle
[2026-07-15 14:58:56.056] [svulkan2] [error] OIDN Error: invalid handle
[2026-07-15 14:58:56.056] [svulkan2] [error] OIDN Error: invalid handle
[2026-07-15 14:58:56.056] [svulkan2] [error] OIDN Error: invalid handle
[2026-07-15 14:58:56.089] [svulkan2] [error] OIDN Error: invalid handle
[2026-07-15 14:58:56.089] [svulkan2] [error] OIDN Error: invalid handle
[2026-07-15 14:58:56.089] [svulkan2] [error] OIDN Error: invalid handle
[2026-07-15 14:58:56.123] [svulkan2] [error] OIDN Error: invalid handle
[2026-07-15 14:58:56.123] [svulkan2] [error] OIDN Error: invalid handle
[2026-07-15 14:58:56.123] [svulkan2] [error] OIDN Error: invalid handle
[2026-07-15 14:58:56.156] [svulkan2] [error] OIDN Error: invalid handle
[2026-07-15 14:58:56.156] [svulkan2] [error] OIDN Error: invalid handle
[2026-07-15 14:58:56.156] [svulkan2] [error] OIDN Error: invalid handle
[2026-07-15 14:58:56.190] [svulkan2] [error] OIDN Error: invalid handle
[2026-07-15 14:58:56.190] [svulkan2] [error] OIDN Error: invalid handle
[2026-07-15 14:58:56.190] [svulkan2] [error] OIDN Error: invalid handle
[2026-07-15 14:58:56.224] [svulkan2] [error] OIDN Error: invalid handle
[2026-07-15 14:58:56.224] [svulkan2] [error] OIDN Error: invalid handle
[2026-07-15 14:58:56.224] [svulkan2] [error] OIDN Error: invalid handle
[2026-07-15 14:58:56.257] [svulkan2] [error] OIDN Error: invalid handle
[2026-07-15 14:58:56.258] [svulkan2] [error] OIDN Error: invalid handle
[2026-07-15 14:58:56.258] [svulkan2] [error] OIDN Error: invalid handle
[2026-07-15 14:58:56.291] [svulkan2] [error] OIDN Error: invalid handle
[2026-07-15 14:58:56.291] [svulkan2] [error] OIDN Error: invalid handle
[2026-07-15 14:58:56.291] [svulkan2] [error] OIDN Error: invalid handle
[2026-07-15 14:58:56.325] [svulkan2] [error] OIDN Error: invalid handle
[2026-07-15 14:58:56.325] [svulkan2] [error] OIDN Error: invalid handle
[2026-07-15 14:58:56.325] [svulkan2] [error] OIDN Error: invalid handle
[2026-07-15 14:58:56.358] [svulkan2] [error] OIDN Error: invalid handle
[2026-07-15 14:58:56.358] [svulkan2] [error] OIDN Error: invalid handle
[2026-07-15 14:58:56.358] [svulkan2] [error] OIDN Error: invalid handle
[2026-07-15 14:58:56.393] [svulkan2] [error] OIDN Error: invalid handle
[2026-07-15 14:58:56.393] [svulkan2] [error] OIDN Error: invalid handle
[2026-07-15 14:58:56.393] [svulkan2] [error] OIDN Error: invalid handle
[2026-07-15 14:58:56.427] [svulkan2] [error] OIDN Error: invalid handle
[2026-07-15 14:58:56.427] [svulkan2] [error] OIDN Error: invalid handle
[2026-07-15 14:58:56.427] [svulkan2] [error] OIDN Error: invalid handle
[2026-07-15 14:58:56.460] [svulkan2] [error] OIDN Error: invalid handle
[2026-07-15 14:58:56.460] [svulkan2] [error] OIDN Error: invalid handle
[2026-07-15 14:58:56.460] [svulkan2] [error] OIDN Error: invalid handle
[2026-07-15 14:58:56.493] [svulkan2] [error] OIDN Error: invalid handle
[2026-07-15 14:58:56.494] [svulkan2] [error] OIDN Error: invalid handle
[2026-07-15 14:58:56.494] [svulkan2] [error] OIDN Error: invalid handle
[2026-07-15 14:58:56.527] [svulkan2] [error] OIDN Error: invalid handle
[2026-07-15 14:58:56.527] [svulkan2] [error] OIDN Error: invalid handle
[2026-07-15 14:58:56.527] [svulkan2] [error] OIDN Error: invalid handle
[2026-07-15 14:58:56.561] [svulkan2] [error] OIDN Error: invalid handle
[2026-07-15 14:58:56.561] [svulkan2] [error] OIDN Error: invalid handle
[2026-07-15 14:58:56.561] [svulkan2] [error] OIDN Error: invalid handle
[2026-07-15 14:58:56.594] [svulkan2] [error] OIDN Error: invalid handle
[2026-07-15 14:58:56.594] [svulkan2] [error] OIDN Error: invalid handle
[2026-07-15 14:58:56.594] [svulkan2] [error] OIDN Error: invalid handle
[2026-07-15 14:58:56.627] [svulkan2] [error] OIDN Error: invalid handle
[2026-07-15 14:58:56.627] [svulkan2] [error] OIDN Error: invalid handle
[2026-07-15 14:58:56.627] [svulkan2] [error] OIDN Error: invalid handle
[2026-07-15 14:58:56.660] [svulkan2] [error] OIDN Error: invalid handle
[2026-07-15 14:58:56.660] [svulkan2] [error] OIDN Error: invalid handle
[2026-07-15 14:58:56.660] [svulkan2] [error] OIDN Error: invalid handle
[2026-07-15 14:58:56.693] [svulkan2] [error] OIDN Error: invalid handle
[2026-07-15 14:58:56.693] [svulkan2] [error] OIDN Error: invalid handle
[2026-07-15 14:58:56.693] [svulkan2] [error] OIDN Error: invalid handle
[2026-07-15 14:58:56.726] [svulkan2] [error] OIDN Error: invalid handle
[2026-07-15 14:58:56.726] [svulkan2] [error] OIDN Error: invalid handle
[2026-07-15 14:58:56.726] [svulkan2] [error] OIDN Error: invalid handle
[2026-07-15 14:58:56.758] [svulkan2] [error] OIDN Error: invalid handle
[2026-07-15 14:58:56.758] [svulkan2] [error] OIDN Error: invalid handle
[2026-07-15 14:58:56.758] [svulkan2] [error] OIDN Error: invalid handle
[2026-07-15 14:58:56.792] [svulkan2] [error] OIDN Error: invalid handle
[2026-07-15 14:58:56.792] [svulkan2] [error] OIDN Error: invalid handle
[2026-07-15 14:58:56.792] [svulkan2] [error] OIDN Error: invalid handle
[2026-07-15 14:58:56.825] [svulkan2] [error] OIDN Error: invalid handle
[2026-07-15 14:58:56.825] [svulkan2] [error] OIDN Error: invalid handle
[2026-07-15 14:58:56.825] [svulkan2] [error] OIDN Error: invalid handle
[2026-07-15 14:58:56.858] [svulkan2] [error] OIDN Error: invalid handle
[2026-07-15 14:58:56.858] [svulkan2] [error] OIDN Error: invalid handle
[2026-07-15 14:58:56.858] [svulkan2] [error] OIDN Error: invalid handle
[2026-07-15 14:58:56.891] [svulkan2] [error] OIDN Error: invalid handle
[2026-07-15 14:58:56.891] [svulkan2] [error] OIDN Error: invalid handle
[2026-07-15 14:58:56.891] [svulkan2] [error] OIDN Error: invalid handle
[2026-07-15 14:58:56.924] [svulkan2] [error] OIDN Error: invalid handle
[2026-07-15 14:58:56.924] [svulkan2] [error] OIDN Error: invalid handle
[2026-07-15 14:58:56.924] [svulkan2] [error] OIDN Error: invalid handle
[2026-07-15 14:58:56.957] [svulkan2] [error] OIDN Error: invalid handle
[2026-07-15 14:58:56.957] [svulkan2] [error] OIDN Error: invalid handle
[2026-07-15 14:58:56.957] [svulkan2] [error] OIDN Error: invalid handle
[2026-07-15 14:58:56.991] [svulkan2] [error] OIDN Error: invalid handle
[2026-07-15 14:58:56.991] [svulkan2] [error] OIDN Error: invalid handle
[2026-07-15 14:58:56.991] [svulkan2] [error] OIDN Error: invalid handle
[2026-07-15 14:58:57.023] [svulkan2] [error] OIDN Error: invalid handle
[2026-07-15 14:58:57.023] [svulkan2] [error] OIDN Error: invalid handle
[2026-07-15 14:58:57.023] [svulkan2] [error] OIDN Error: invalid handle
[2026-07-15 14:58:57.056] [svulkan2] [error] OIDN Error: invalid handle
[2026-07-15 14:58:57.057] [svulkan2] [error] OIDN Error: invalid handle
[2026-07-15 14:58:57.057] [svulkan2] [error] OIDN Error: invalid handle
[2026-07-15 14:58:57.089] [svulkan2] [error] OIDN Error: invalid handle
[2026-07-15 14:58:57.089] [svulkan2] [error] OIDN Error: invalid handle
[2026-07-15 14:58:57.089] [svulkan2] [error] OIDN Error: invalid handle
[2026-07-15 14:58:57.122] [svulkan2] [error] OIDN Error: invalid handle
[2026-07-15 14:58:57.122] [svulkan2] [error] OIDN Error: invalid handle
[2026-07-15 14:58:57.122] [svulkan2] [error] OIDN Error: invalid handle
[2026-07-15 14:58:57.154] [svulkan2] [error] OIDN Error: invalid handle
[2026-07-15 14:58:57.154] [svulkan2] [error] OIDN Error: invalid handle
[2026-07-15 14:58:57.154] [svulkan2] [error] OIDN Error: invalid handle
[2026-07-15 14:58:57.187] [svulkan2] [error] OIDN Error: invalid handle
[2026-07-15 14:58:57.187] [svulkan2] [error] OIDN Error: invalid handle
[2026-07-15 14:58:57.187] [svulkan2] [error] OIDN Error: invalid handle
[2026-07-15 14:58:57.220] [svulkan2] [error] OIDN Error: invalid handle
[2026-07-15 14:58:57.220] [svulkan2] [error] OIDN Error: invalid handle
[2026-07-15 14:58:57.220] [svulkan2] [error] OIDN Error: invalid handle
[2026-07-15 14:58:57.252] [svulkan2] [error] OIDN Error: invalid handle
[2026-07-15 14:58:57.252] [svulkan2] [error] OIDN Error: invalid handle
[2026-07-15 14:58:57.252] [svulkan2] [error] OIDN Error: invalid handle
[2026-07-15 14:58:57.284] [svulkan2] [error] OIDN Error: invalid handle
[2026-07-15 14:58:57.284] [svulkan2] [error] OIDN Error: invalid handle
[2026-07-15 14:58:57.284] [svulkan2] [error] OIDN Error: invalid handle
[2026-07-15 14:58:57.318] [svulkan2] [error] OIDN Error: invalid handle
[2026-07-15 14:58:57.318] [svulkan2] [error] OIDN Error: invalid handle
[2026-07-15 14:58:57.318] [svulkan2] [error] OIDN Error: invalid handle
[2026-07-15 14:58:57.350] [svulkan2] [error] OIDN Error: invalid handle
[2026-07-15 14:58:57.350] [svulkan2] [error] OIDN Error: invalid handle
[2026-07-15 14:58:57.350] [svulkan2] [error] OIDN Error: invalid handle
[2026-07-15 14:58:57.426] [svulkan2] [error] OIDN Error: invalid handle
[2026-07-15 14:58:57.426] [svulkan2] [error] OIDN Error: invalid handle
[2026-07-15 14:58:57.426] [svulkan2] [error] OIDN Error: invalid handle
[2026-07-15 14:58:57.457] [svulkan2] [error] OIDN Error: invalid handle
[2026-07-15 14:58:57.457] [svulkan2] [error] OIDN Error: invalid handle
[2026-07-15 14:58:57.457] [svulkan2] [error] OIDN Error: invalid handle
[2026-07-15 14:58:57.491] [svulkan2] [error] OIDN Error: invalid handle
[2026-07-15 14:58:57.491] [svulkan2] [error] OIDN Error: invalid handle
[2026-07-15 14:58:57.491] [svulkan2] [error] OIDN Error: invalid handle
[2026-07-15 14:58:57.526] [svulkan2] [error] OIDN Error: invalid handle
[2026-07-15 14:58:57.526] [svulkan2] [error] OIDN Error: invalid handle
[2026-07-15 14:58:57.526] [svulkan2] [error] OIDN Error: invalid handle
[2026-07-15 14:58:57.565] [svulkan2] [error] OIDN Error: invalid handle
[2026-07-15 14:58:57.565] [svulkan2] [error] OIDN Error: invalid handle
[2026-07-15 14:58:57.565] [svulkan2] [error] OIDN Error: invalid handle
[2026-07-15 14:58:57.602] [svulkan2] [error] OIDN Error: invalid handle
[2026-07-15 14:58:57.603] [svulkan2] [error] OIDN Error: invalid handle
[2026-07-15 14:58:57.603] [svulkan2] [error] OIDN Error: invalid handle
[2026-07-15 14:58:57.638] [svulkan2] [error] OIDN Error: invalid handle
[2026-07-15 14:58:57.638] [svulkan2] [error] OIDN Error: invalid handle
[2026-07-15 14:58:57.638] [svulkan2] [error] OIDN Error: invalid handle
[2026-07-15 14:58:57.675] [svulkan2] [error] OIDN Error: invalid handle
[2026-07-15 14:58:57.675] [svulkan2] [error] OIDN Error: invalid handle
[2026-07-15 14:58:57.675] [svulkan2] [error] OIDN Error: invalid handle
[2026-07-15 14:58:57.713] [svulkan2] [error] OIDN Error: invalid handle
[2026-07-15 14:58:57.713] [svulkan2] [error] OIDN Error: invalid handle
[2026-07-15 14:58:57.713] [svulkan2] [error] OIDN Error: invalid handle
[2026-07-15 14:58:57.749] [svulkan2] [error] OIDN Error: invalid handle
[2026-07-15 14:58:57.749] [svulkan2] [error] OIDN Error: invalid handle
[2026-07-15 14:58:57.749] [svulkan2] [error] OIDN Error: invalid handle
[2026-07-15 14:58:57.785] [svulkan2] [error] OIDN Error: invalid handle
[2026-07-15 14:58:57.785] [svulkan2] [error] OIDN Error: invalid handle
[2026-07-15 14:58:57.785] [svulkan2] [error] OIDN Error: invalid handle
[2026-07-15 14:58:57.818] [svulkan2] [error] OIDN Error: invalid handle
[2026-07-15 14:58:57.818] [svulkan2] [error] OIDN Error: invalid handle
[2026-07-15 14:58:57.819] [svulkan2] [error] OIDN Error: invalid handle
[2026-07-15 14:58:57.853] [svulkan2] [error] OIDN Error: invalid handle
[2026-07-15 14:58:57.853] [svulkan2] [error] OIDN Error: invalid handle
[2026-07-15 14:58:57.853] [svulkan2] [error] OIDN Error: invalid handle
[2026-07-15 14:58:57.888] [svulkan2] [error] OIDN Error: invalid handle
[2026-07-15 14:58:57.889] [svulkan2] [error] OIDN Error: invalid handle
[2026-07-15 14:58:57.889] [svulkan2] [error] OIDN Error: invalid handle
[2026-07-15 14:58:57.924] [svulkan2] [error] OIDN Error: invalid handle
[2026-07-15 14:58:57.924] [svulkan2] [error] OIDN Error: invalid handle
[2026-07-15 14:58:57.924] [svulkan2] [error] OIDN Error: invalid handle
[2026-07-15 14:58:57.958] [svulkan2] [error] OIDN Error: invalid handle
[2026-07-15 14:58:57.958] [svulkan2] [error] OIDN Error: invalid handle
[2026-07-15 14:58:57.958] [svulkan2] [error] OIDN Error: invalid handle
[2026-07-15 14:58:57.992] [svulkan2] [error] OIDN Error: invalid handle
[2026-07-15 14:58:57.992] [svulkan2] [error] OIDN Error: invalid handle
[2026-07-15 14:58:57.992] [svulkan2] [error] OIDN Error: invalid handle
[2026-07-15 14:58:58.026] [svulkan2] [error] OIDN Error: invalid handle
[2026-07-15 14:58:58.026] [svulkan2] [error] OIDN Error: invalid handle
[2026-07-15 14:58:58.026] [svulkan2] [error] OIDN Error: invalid handle
[2026-07-15 14:58:58.059] [svulkan2] [error] OIDN Error: invalid handle
[2026-07-15 14:58:58.059] [svulkan2] [error] OIDN Error: invalid handle
[2026-07-15 14:58:58.059] [svulkan2] [error] OIDN Error: invalid handle
[2026-07-15 14:58:58.093] [svulkan2] [error] OIDN Error: invalid handle
[2026-07-15 14:58:58.093] [svulkan2] [error] OIDN Error: invalid handle
[2026-07-15 14:58:58.093] [svulkan2] [error] OIDN Error: invalid handle
[2026-07-15 14:58:58.125] [svulkan2] [error] OIDN Error: invalid handle
[2026-07-15 14:58:58.125] [svulkan2] [error] OIDN Error: invalid handle
[2026-07-15 14:58:58.125] [svulkan2] [error] OIDN Error: invalid handle
[2026-07-15 14:58:58.160] [svulkan2] [error] OIDN Error: invalid handle
[2026-07-15 14:58:58.160] [svulkan2] [error] OIDN Error: invalid handle
[2026-07-15 14:58:58.160] [svulkan2] [error] OIDN Error: invalid handle
[2026-07-15 14:58:58.194] [svulkan2] [error] OIDN Error: invalid handle
[2026-07-15 14:58:58.195] [svulkan2] [error] OIDN Error: invalid handle
[2026-07-15 14:58:58.195] [svulkan2] [error] OIDN Error: invalid handle
[2026-07-15 14:58:58.228] [svulkan2] [error] OIDN Error: invalid handle
[2026-07-15 14:58:58.228] [svulkan2] [error] OIDN Error: invalid handle
[2026-07-15 14:58:58.228] [svulkan2] [error] OIDN Error: invalid handle
[2026-07-15 14:58:58.262] [svulkan2] [error] OIDN Error: invalid handle
[2026-07-15 14:58:58.262] [svulkan2] [error] OIDN Error: invalid handle
[2026-07-15 14:58:58.262] [svulkan2] [error] OIDN Error: invalid handle
[2026-07-15 14:58:58.295] [svulkan2] [error] OIDN Error: invalid handle
[2026-07-15 14:58:58.296] [svulkan2] [error] OIDN Error: invalid handle
[2026-07-15 14:58:58.296] [svulkan2] [error] OIDN Error: invalid handle
[2026-07-15 14:58:58.329] [svulkan2] [error] OIDN Error: invalid handle
[2026-07-15 14:58:58.330] [svulkan2] [error] OIDN Error: invalid handle
[2026-07-15 14:58:58.330] [svulkan2] [error] OIDN Error: invalid handle
[2026-07-15 14:58:58.363] [svulkan2] [error] OIDN Error: invalid handle
[2026-07-15 14:58:58.363] [svulkan2] [error] OIDN Error: invalid handle
[2026-07-15 14:58:58.363] [svulkan2] [error] OIDN Error: invalid handle
[2026-07-15 14:58:58.396] [svulkan2] [error] OIDN Error: invalid handle
[2026-07-15 14:58:58.396] [svulkan2] [error] OIDN Error: invalid handle
[2026-07-15 14:58:58.396] [svulkan2] [error] OIDN Error: invalid handle
[2026-07-15 14:58:58.430] [svulkan2] [error] OIDN Error: invalid handle
[2026-07-15 14:58:58.430] [svulkan2] [error] OIDN Error: invalid handle
[2026-07-15 14:58:58.430] [svulkan2] [error] OIDN Error: invalid handle
[2026-07-15 14:58:58.464] [svulkan2] [error] OIDN Error: invalid handle
[2026-07-15 14:58:58.464] [svulkan2] [error] OIDN Error: invalid handle
[2026-07-15 14:58:58.464] [svulkan2] [error] OIDN Error: invalid handle
[2026-07-15 14:58:58.498] [svulkan2] [error] OIDN Error: invalid handle
[2026-07-15 14:58:58.498] [svulkan2] [error] OIDN Error: invalid handle
[2026-07-15 14:58:58.498] [svulkan2] [error] OIDN Error: invalid handle
[2026-07-15 14:58:58.532] [svulkan2] [error] OIDN Error: invalid handle
[2026-07-15 14:58:58.532] [svulkan2] [error] OIDN Error: invalid handle
[2026-07-15 14:58:58.532] [svulkan2] [error] OIDN Error: invalid handle
[2026-07-15 14:58:58.566] [svulkan2] [error] OIDN Error: invalid handle
[2026-07-15 14:58:58.566] [svulkan2] [error] OIDN Error: invalid handle
[2026-07-15 14:58:58.566] [svulkan2] [error] OIDN Error: invalid handle
[2026-07-15 14:58:58.600] [svulkan2] [error] OIDN Error: invalid handle
[2026-07-15 14:58:58.600] [svulkan2] [error] OIDN Error: invalid handle
[2026-07-15 14:58:58.600] [svulkan2] [error] OIDN Error: invalid handle
[2026-07-15 14:58:58.635] [svulkan2] [error] OIDN Error: invalid handle
[2026-07-15 14:58:58.635] [svulkan2] [error] OIDN Error: invalid handle
[2026-07-15 14:58:58.635] [svulkan2] [error] OIDN Error: invalid handle
[2026-07-15 14:58:58.670] [svulkan2] [error] OIDN Error: invalid handle
[2026-07-15 14:58:58.670] [svulkan2] [error] OIDN Error: invalid handle
[2026-07-15 14:58:58.670] [svulkan2] [error] OIDN Error: invalid handle
[2026-07-15 14:58:58.703] [svulkan2] [error] OIDN Error: invalid handle
[2026-07-15 14:58:58.704] [svulkan2] [error] OIDN Error: invalid handle
[2026-07-15 14:58:58.704] [svulkan2] [error] OIDN Error: invalid handle
[2026-07-15 14:58:58.737] [svulkan2] [error] OIDN Error: invalid handle
[2026-07-15 14:58:58.737] [svulkan2] [error] OIDN Error: invalid handle
[2026-07-15 14:58:58.737] [svulkan2] [error] OIDN Error: invalid handle
[2026-07-15 14:58:58.769] [svulkan2] [error] OIDN Error: invalid handle
[2026-07-15 14:58:58.769] [svulkan2] [error] OIDN Error: invalid handle
[2026-07-15 14:58:58.769] [svulkan2] [error] OIDN Error: invalid handle
[2026-07-15 14:58:58.806] [svulkan2] [error] OIDN Error: invalid handle
[2026-07-15 14:58:58.807] [svulkan2] [error] OIDN Error: invalid handle
[2026-07-15 14:58:58.807] [svulkan2] [error] OIDN Error: invalid handle
[2026-07-15 14:58:58.841] [svulkan2] [error] OIDN Error: invalid handle
[2026-07-15 14:58:58.841] [svulkan2] [error] OIDN Error: invalid handle
[2026-07-15 14:58:58.841] [svulkan2] [error] OIDN Error: invalid handle
[2026-07-15 14:58:58.876] [svulkan2] [error] OIDN Error: invalid handle
[2026-07-15 14:58:58.876] [svulkan2] [error] OIDN Error: invalid handle
[2026-07-15 14:58:58.876] [svulkan2] [error] OIDN Error: invalid handle
[2026-07-15 14:58:58.912] [svulkan2] [error] OIDN Error: invalid handle
[2026-07-15 14:58:58.913] [svulkan2] [error] OIDN Error: invalid handle
[2026-07-15 14:58:58.913] [svulkan2] [error] OIDN Error: invalid handle
[2026-07-15 14:58:58.945] [svulkan2] [error] OIDN Error: invalid handle
[2026-07-15 14:58:58.945] [svulkan2] [error] OIDN Error: invalid handle
[2026-07-15 14:58:58.945] [svulkan2] [error] OIDN Error: invalid handle
[2026-07-15 14:58:58.977] [svulkan2] [error] OIDN Error: invalid handle
[2026-07-15 14:58:58.977] [svulkan2] [error] OIDN Error: invalid handle
[2026-07-15 14:58:58.977] [svulkan2] [error] OIDN Error: invalid handle
[2026-07-15 14:58:59.014] [svulkan2] [error] OIDN Error: invalid handle
[2026-07-15 14:58:59.014] [svulkan2] [error] OIDN Error: invalid handle
[2026-07-15 14:58:59.014] [svulkan2] [error] OIDN Error: invalid handle
[2026-07-15 14:58:59.048] [svulkan2] [error] OIDN Error: invalid handle
[2026-07-15 14:58:59.048] [svulkan2] [error] OIDN Error: invalid handle
[2026-07-15 14:58:59.048] [svulkan2] [error] OIDN Error: invalid handle
[2026-07-15 14:58:59.083] [svulkan2] [error] OIDN Error: invalid handle
[2026-07-15 14:58:59.083] [svulkan2] [error] OIDN Error: invalid handle
[2026-07-15 14:58:59.083] [svulkan2] [error] OIDN Error: invalid handle
[2026-07-15 14:58:59.121] [svulkan2] [error] OIDN Error: invalid handle
[2026-07-15 14:58:59.121] [svulkan2] [error] OIDN Error: invalid handle
[2026-07-15 14:58:59.122] [svulkan2] [error] OIDN Error: invalid handle
[2026-07-15 14:58:59.159] [svulkan2] [error] OIDN Error: invalid handle
[2026-07-15 14:58:59.159] [svulkan2] [error] OIDN Error: invalid handle
[2026-07-15 14:58:59.159] [svulkan2] [error] OIDN Error: invalid handle
[2026-07-15 14:58:59.196] [svulkan2] [error] OIDN Error: invalid handle
[2026-07-15 14:58:59.196] [svulkan2] [error] OIDN Error: invalid handle
[2026-07-15 14:58:59.196] [svulkan2] [error] OIDN Error: invalid handle
[2026-07-15 14:58:59.234] [svulkan2] [error] OIDN Error: invalid handle
[2026-07-15 14:58:59.234] [svulkan2] [error] OIDN Error: invalid handle
[2026-07-15 14:58:59.234] [svulkan2] [error] OIDN Error: invalid handle
[2026-07-15 14:58:59.270] [svulkan2] [error] OIDN Error: invalid handle
[2026-07-15 14:58:59.271] [svulkan2] [error] OIDN Error: invalid handle
[2026-07-15 14:58:59.271] [svulkan2] [error] OIDN Error: invalid handle
[2026-07-15 14:58:59.303] [svulkan2] [error] OIDN Error: invalid handle
[2026-07-15 14:58:59.303] [svulkan2] [error] OIDN Error: invalid handle
[2026-07-15 14:58:59.303] [svulkan2] [error] OIDN Error: invalid handle
[2026-07-15 14:58:59.333] [svulkan2] [error] OIDN Error: invalid handle
[2026-07-15 14:58:59.333] [svulkan2] [error] OIDN Error: invalid handle
[2026-07-15 14:58:59.354] [svulkan2] [error] OIDN Error: invalid handle
