qpos_m,basket_offset_x_m,basket_offset_y_m,proxy_pass,proxy_predicts_collision,physical_aabb_overlap,oracle_contact,oracle_penetration,false_pass,false_reject,dynamic_contact_records,dynamic_point_count,dynamic_active_point_count,dynamic_penetration_point_count,dynamic_min_separation_m,dynamic_max_impulse_norm,dynamic_one_step_displacement_m,dynamic_cabinet_qpos_max_abs_error_m,production_static_contact_records,production_static_active_point_count,production_static_detects_contact,production_static_cabinet_qpos_max_abs_error_m
0.0,-0.42,-0.34,True,False,False,False,False,False,False,0,0,0,0,,0.0,1.4901161193847656e-08,0.0,0,0,False,0.0
0.0,-0.39999999999999997,-0.34,True,False,False,False,False,False,False,0,0,0,0,,0.0,1.4901161193847656e-08,0.0,0,0,False,0.0
0.0,-0.38,-0.34,True,False,False,False,False,False,False,0,0,0,0,,0.0,1.4901161193847656e-08,0.0,0,0,False,0.0
0.0,-0.36,-0.34,True,False,False,False,False,False,False,0,0,0,0,,0.0,1.4901161193847656e-08,0.0,0,0,False,0.0
0.0,-0.33999999999999997,-0.34,True,False,False,False,False,False,False,0,0,0,0,,0.0,1.4901161193847656e-08,0.0,0,0,False,0.0
0.0,-0.31999999999999995,-0.34,True,False,False,False,False,False,False,0,0,0,0,,0.0,1.4901161193847656e-08,0.0,0,0,False,0.0
0.0,-0.3,-0.34,True,False,False,False,False,False,False,0,0,0,0,,0.0,1.4901161193847656e-08,0.0,0,0,False,0.0
0.0,-0.27999999999999997,-0.34,True,False,False,False,False,False,False,0,0,0,0,,0.0,1.4901161193847656e-08,0.0,0,0,False,0.0
0.0,-0.26,-0.34,True,False,False,False,False,False,False,0,0,0,0,,0.0,1.4901161193847656e-08,0.0,0,0,False,0.0
0.0,-0.24,-0.34,True,False,False,False,False,False,False,0,0,0,0,,0.0,1.4901161193847656e-08,0.0,0,0,False,0.0
0.0,-0.21999999999999997,-0.34,True,False,False,False,False,False,False,0,0,0,0,,0.0,1.4901161193847656e-08,0.0,0,0,False,0.0
0.0,-0.19999999999999998,-0.34,True,False,False,False,False,False,False,0,0,0,0,,0.0,1.4901161193847656e-08,0.0,0,0,False,0.0
0.0,-0.18,-0.34,True,False,False,False,False,False,False,0,0,0,0,,0.0,1.4901161193847656e-08,0.0,0,0,False,0.0
0.0,-0.15999999999999998,-0.34,True,False,False,False,False,False,False,0,0,0,0,,0.0,1.4901161193847656e-08,0.0,0,0,False,0.0
0.0,-0.13999999999999996,-0.34,True,False,False,False,False,False,False,0,0,0,0,,0.0,1.4901161193847656e-08,0.0,0,0,False,0.0
0.0,-0.12,-0.34,True,False,False,False,False,False,False,0,0,0,0,,0.0,1.4901161193847656e-08,0.0,0,0,False,0.0
0.0,-0.09999999999999998,-0.34,True,False,False,False,False,False,False,0,0,0,0,,0.0,1.490127488014328e-08,0.0,0,0,False,0.0
0.0,-0.07999999999999996,-0.34,True,False,False,False,False,False,False,0,0,0,0,,0.0,1.4901161193847656e-08,0.0,0,0,False,0.0
0.0,-0.06,-0.34,True,False,False,False,False,False,False,0,0,0,0,,0.0,1.4901161193847656e-08,0.0,0,0,False,0.0
0.0,-0.03999999999999998,-0.34,True,False,False,False,False,False,False,0,0,0,0,,0.0,1.4901161193847656e-08,0.0,0,0,False,0.0
0.0,-0.019999999999999962,-0.34,True,False,False,False,False,False,False,0,0,0,0,,0.0,1.4901161193847656e-08,0.0,0,0,False,0.0
0.0,0.0,-0.34,True,False,False,False,False,False,False,0,0,0,0,,0.0,1.4901161193847656e-08,0.0,0,0,False,0.0
0.0,0.020000000000000018,-0.34,True,False,False,False,False,False,False,0,0,0,0,,0.0,1.4901161193847656e-08,0.0,0,0,False,0.0
0.0,0.040000000000000036,-0.34,True,False,False,False,False,False,False,0,0,0,0,,0.0,1.4901161193847656e-08,0.0,0,0,False,0.0
0.0,0.06,-0.34,True,False,False,False,False,False,False,0,0,0,0,,0.0,1.4901161193847656e-08,0.0,0,0,False,0.0
0.0,0.08000000000000002,-0.34,True,False,False,False,False,False,False,0,0,0,0,,0.0,1.4901161193847656e-08,0.0,0,0,False,0.0
0.0,0.10000000000000003,-0.34,True,False,False,False,False,False,False,0,0,0,0,,0.0,1.4901161193847656e-08,0.0,0,0,False,0.0
0.0,0.12000000000000005,-0.34,True,False,False,False,False,False,False,0,0,0,0,,0.0,1.4901161193847656e-08,0.0,0,0,False,0.0
0.0,0.14000000000000007,-0.34,True,False,False,False,False,False,False,0,0,0,0,,0.0,1.4901161193847656e-08,0.0,0,0,False,0.0
0.0,0.15999999999999998,-0.34,True,False,False,False,False,False,False,0,0,0,0,,0.0,1.4901161193847656e-08,0.0,0,0,False,0.0
0.0,0.18,-0.34,True,False,False,False,False,False,False,0,0,0,0,,0.0,1.4901161193847656e-08,0.0,0,0,False,0.0
0.0,0.2,-0.34,True,False,False,False,False,False,False,0,0,0,0,,0.0,1.4901161193847656e-08,0.0,0,0,False,0.0
0.0,0.22000000000000003,-0.34,True,False,False,False,False,False,False,0,0,0,0,,0.0,1.4901161193847656e-08,0.0,0,0,False,0.0
0.0,0.24000000000000005,-0.34,True,False,False,False,False,False,False,0,0,0,0,,0.0,1.4901161193847656e-08,0.0,0,0,False,0.0
0.0,0.26000000000000006,-0.34,True,False,False,False,False,False,False,0,0,0,0,,0.0,1.4901161193847656e-08,0.0,0,0,False,0.0
0.0,0.2800000000000001,-0.34,True,False,False,False,False,False,False,0,0,0,0,,0.0,1.4901161193847656e-08,0.0,0,0,False,0.0
0.0,0.3,-0.34,True,False,False,False,False,False,False,0,0,0,0,,0.0,1.4901161193847656e-08,0.0,0,0,False,0.0
0.0,0.32,-0.34,True,False,False,False,False,False,False,0,0,0,0,,0.0,1.4901161193847656e-08,0.0,0,0,False,0.0
0.0,0.34,-0.34,True,False,False,False,False,False,False,0,0,0,0,,0.0,1.4901161193847656e-08,0.0,0,0,False,0.0
0.0,0.36000000000000004,-0.34,True,False,False,False,False,False,False,0,0,0,0,,0.0,1.4901161193847656e-08,0.0,0,0,False,0.0
0.0,0.38000000000000006,-0.34,True,False,False,False,False,False,False,0,0,0,0,,0.0,1.4901161193847656e-08,0.0,0,0,False,0.0
0.0,0.4000000000000001,-0.34,True,False,False,False,False,False,False,0,0,0,0,,0.0,1.4901161193847656e-08,0.0,0,0,False,0.0
0.0,0.42,-0.34,True,False,False,False,False,False,False,0,0,0,0,,0.0,1.4901161193847656e-08,0.0,0,0,False,0.0
0.0,-0.42,-0.32,True,False,False,False,False,False,False,0,0,0,0,,0.0,1.4901161193847656e-08,0.0,0,0,False,0.0
0.0,-0.39999999999999997,-0.32,True,False,False,False,False,False,False,0,0,0,0,,0.0,1.4901161193847656e-08,0.0,0,0,False,0.0
0.0,-0.38,-0.32,True,False,False,False,False,False,False,0,0,0,0,,0.0,1.4901161193847656e-08,0.0,0,0,False,0.0
0.0,-0.36,-0.32,True,False,False,False,False,False,False,0,0,0,0,,0.0,1.4901161193847656e-08,0.0,0,0,False,0.0
0.0,-0.33999999999999997,-0.32,True,False,False,False,False,False,False,0,0,0,0,,0.0,1.4901161193847656e-08,0.0,0,0,False,0.0
0.0,-0.31999999999999995,-0.32,True,False,False,False,False,False,False,0,0,0,0,,0.0,1.4901161193847656e-08,0.0,0,0,False,0.0
0.0,-0.3,-0.32,True,False,False,False,False,False,False,0,0,0,0,,0.0,1.4901161193847656e-08,0.0,0,0,False,0.0
0.0,-0.27999999999999997,-0.32,True,False,False,False,False,False,False,0,0,0,0,,0.0,1.4901161193847656e-08,0.0,0,0,False,0.0
0.0,-0.26,-0.32,True,False,False,False,False,False,False,0,0,0,0,,0.0,1.4901161193847656e-08,0.0,0,0,False,0.0
0.0,-0.24,-0.32,True,False,False,False,False,False,False,0,0,0,0,,0.0,1.4901161193847656e-08,0.0,0,0,False,0.0
0.0,-0.21999999999999997,-0.32,True,False,False,False,False,False,False,0,0,0,0,,0.0,1.4901161193847656e-08,0.0,0,0,False,0.0
0.0,-0.19999999999999998,-0.32,True,False,False,False,False,False,False,0,0,0,0,,0.0,1.4901161193847656e-08,0.0,0,0,False,0.0
0.0,-0.18,-0.32,True,False,False,False,False,False,False,0,0,0,0,,0.0,1.4901161193847656e-08,0.0,0,0,False,0.0
0.0,-0.15999999999999998,-0.32,True,False,False,False,False,False,False,0,0,0,0,,0.0,1.4901161193847656e-08,0.0,0,0,False,0.0
0.0,-0.13999999999999996,-0.32,True,False,False,False,False,False,False,0,0,0,0,,0.0,1.4901161193847656e-08,0.0,0,0,False,0.0
0.0,-0.12,-0.32,True,False,False,False,False,False,False,0,0,0,0,,0.0,1.4901161193847656e-08,0.0,0,0,False,0.0
0.0,-0.09999999999999998,-0.32,True,False,False,False,False,False,False,0,0,0,0,,0.0,1.490127488014328e-08,0.0,0,0,False,0.0
0.0,-0.07999999999999996,-0.32,True,False,False,False,False,False,False,0,0,0,0,,0.0,1.4901161193847656e-08,0.0,0,0,False,0.0
0.0,-0.06,-0.32,True,False,False,False,False,False,False,0,0,0,0,,0.0,1.4901161193847656e-08,0.0,0,0,False,0.0
0.0,-0.03999999999999998,-0.32,True,False,False,False,False,False,False,0,0,0,0,,0.0,1.4901161193847656e-08,0.0,0,0,False,0.0
0.0,-0.019999999999999962,-0.32,True,False,False,False,False,False,False,0,0,0,0,,0.0,1.4901161193847656e-08,0.0,0,0,False,0.0
0.0,0.0,-0.32,True,False,False,False,False,False,False,0,0,0,0,,0.0,1.4901161193847656e-08,0.0,0,0,False,0.0
0.0,0.020000000000000018,-0.32,True,False,False,False,False,False,False,0,0,0,0,,0.0,1.4901161193847656e-08,0.0,0,0,False,0.0
0.0,0.040000000000000036,-0.32,True,False,False,False,False,False,False,0,0,0,0,,0.0,1.4901161193847656e-08,0.0,0,0,False,0.0
0.0,0.06,-0.32,True,False,False,False,False,False,False,0,0,0,0,,0.0,1.4901161193847656e-08,0.0,0,0,False,0.0
0.0,0.08000000000000002,-0.32,True,False,False,False,False,False,False,0,0,0,0,,0.0,1.4901161193847656e-08,0.0,0,0,False,0.0
0.0,0.10000000000000003,-0.32,True,False,False,False,False,False,False,0,0,0,0,,0.0,1.4901161193847656e-08,0.0,0,0,False,0.0
0.0,0.12000000000000005,-0.32,True,False,False,False,False,False,False,0,0,0,0,,0.0,1.4901161193847656e-08,0.0,0,0,False,0.0
0.0,0.14000000000000007,-0.32,True,False,False,False,False,False,False,0,0,0,0,,0.0,1.4901161193847656e-08,0.0,0,0,False,0.0
0.0,0.15999999999999998,-0.32,True,False,False,False,False,False,False,0,0,0,0,,0.0,1.4901161193847656e-08,0.0,0,0,False,0.0
0.0,0.18,-0.32,True,False,False,False,False,False,False,0,0,0,0,,0.0,1.4901161193847656e-08,0.0,0,0,False,0.0
0.0,0.2,-0.32,True,False,False,False,False,False,False,0,0,0,0,,0.0,1.4901161193847656e-08,0.0,0,0,False,0.0
0.0,0.22000000000000003,-0.32,True,False,False,False,False,False,False,0,0,0,0,,0.0,1.4901161193847656e-08,0.0,0,0,False,0.0
0.0,0.24000000000000005,-0.32,True,False,False,False,False,False,False,0,0,0,0,,0.0,1.4901161193847656e-08,0.0,0,0,False,0.0
0.0,0.26000000000000006,-0.32,True,False,False,False,False,False,False,0,0,0,0,,0.0,1.4901161193847656e-08,0.0,0,0,False,0.0
0.0,0.2800000000000001,-0.32,True,False,False,False,False,False,False,0,0,0,0,,0.0,1.4901161193847656e-08,0.0,0,0,False,0.0
0.0,0.3,-0.32,True,False,False,False,False,False,False,0,0,0,0,,0.0,1.4901161193847656e-08,0.0,0,0,False,0.0
0.0,0.32,-0.32,True,False,False,False,False,False,False,0,0,0,0,,0.0,1.4901161193847656e-08,0.0,0,0,False,0.0
0.0,0.34,-0.32,True,False,False,False,False,False,False,0,0,0,0,,0.0,1.4901161193847656e-08,0.0,0,0,False,0.0
0.0,0.36000000000000004,-0.32,True,False,False,False,False,False,False,0,0,0,0,,0.0,1.4901161193847656e-08,0.0,0,0,False,0.0
0.0,0.38000000000000006,-0.32,True,False,False,False,False,False,False,0,0,0,0,,0.0,1.4901161193847656e-08,0.0,0,0,False,0.0
0.0,0.4000000000000001,-0.32,True,False,False,False,False,False,False,0,0,0,0,,0.0,1.4901161193847656e-08,0.0,0,0,False,0.0
0.0,0.42,-0.32,True,False,False,False,False,False,False,0,0,0,0,,0.0,1.4901161193847656e-08,0.0,0,0,False,0.0
0.0,-0.42,-0.30000000000000004,True,False,False,False,False,False,False,0,0,0,0,,0.0,1.4901161193847656e-08,0.0,0,0,False,0.0
0.0,-0.39999999999999997,-0.30000000000000004,True,False,False,False,False,False,False,0,0,0,0,,0.0,1.4901161193847656e-08,0.0,0,0,False,0.0
0.0,-0.38,-0.30000000000000004,True,False,False,False,False,False,False,0,0,0,0,,0.0,1.4901161193847656e-08,0.0,0,0,False,0.0
0.0,-0.36,-0.30000000000000004,True,False,False,False,False,False,False,0,0,0,0,,0.0,1.4901161193847656e-08,0.0,0,0,False,0.0
0.0,-0.33999999999999997,-0.30000000000000004,True,False,False,False,False,False,False,0,0,0,0,,0.0,1.4901161193847656e-08,0.0,0,0,False,0.0
0.0,-0.31999999999999995,-0.30000000000000004,True,False,False,False,False,False,False,0,0,0,0,,0.0,1.4901161193847656e-08,0.0,0,0,False,0.0
0.0,-0.3,-0.30000000000000004,True,False,False,False,False,False,False,0,0,0,0,,0.0,1.4901161193847656e-08,0.0,0,0,False,0.0
0.0,-0.27999999999999997,-0.30000000000000004,True,False,False,False,False,False,False,0,0,0,0,,0.0,1.4901161193847656e-08,0.0,0,0,False,0.0
0.0,-0.26,-0.30000000000000004,True,False,False,False,False,False,False,0,0,0,0,,0.0,1.4901161193847656e-08,0.0,0,0,False,0.0
0.0,-0.24,-0.30000000000000004,True,False,False,False,False,False,False,0,0,0,0,,0.0,1.4901161193847656e-08,0.0,0,0,False,0.0
0.0,-0.21999999999999997,-0.30000000000000004,True,False,False,False,False,False,False,0,0,0,0,,0.0,1.4901161193847656e-08,0.0,0,0,False,0.0
0.0,-0.19999999999999998,-0.30000000000000004,True,False,False,False,False,False,False,0,0,0,0,,0.0,1.4901161193847656e-08,0.0,0,0,False,0.0
0.0,-0.18,-0.30000000000000004,True,False,False,False,False,False,False,0,0,0,0,,0.0,1.4901161193847656e-08,0.0,0,0,False,0.0
0.0,-0.15999999999999998,-0.30000000000000004,True,False,False,False,False,False,False,0,0,0,0,,0.0,1.4901161193847656e-08,0.0,0,0,False,0.0
0.0,-0.13999999999999996,-0.30000000000000004,True,False,False,False,False,False,False,0,0,0,0,,0.0,1.4901161193847656e-08,0.0,0,0,False,0.0
0.0,-0.12,-0.30000000000000004,True,False,False,False,False,False,False,0,0,0,0,,0.0,1.4901161193847656e-08,0.0,0,0,False,0.0
0.0,-0.09999999999999998,-0.30000000000000004,True,False,False,False,False,False,False,0,0,0,0,,0.0,1.490127488014328e-08,0.0,0,0,False,0.0
0.0,-0.07999999999999996,-0.30000000000000004,True,False,False,False,False,False,False,0,0,0,0,,0.0,1.4901161193847656e-08,0.0,0,0,False,0.0
0.0,-0.06,-0.30000000000000004,True,False,False,False,False,False,False,0,0,0,0,,0.0,1.4901161193847656e-08,0.0,0,0,False,0.0
0.0,-0.03999999999999998,-0.30000000000000004,True,False,False,False,False,False,False,0,0,0,0,,0.0,1.4901161193847656e-08,0.0,0,0,False,0.0
0.0,-0.019999999999999962,-0.30000000000000004,True,False,False,False,False,False,False,0,0,0,0,,0.0,1.4901161193847656e-08,0.0,0,0,False,0.0
0.0,0.0,-0.30000000000000004,True,False,False,False,False,False,False,0,0,0,0,,0.0,1.4901161193847656e-08,0.0,0,0,False,0.0
0.0,0.020000000000000018,-0.30000000000000004,True,False,False,False,False,False,False,0,0,0,0,,0.0,1.4901161193847656e-08,0.0,0,0,False,0.0
0.0,0.040000000000000036,-0.30000000000000004,True,False,False,False,False,False,False,0,0,0,0,,0.0,1.4901161193847656e-08,0.0,0,0,False,0.0
0.0,0.06,-0.30000000000000004,True,False,False,False,False,False,False,0,0,0,0,,0.0,1.4901161193847656e-08,0.0,0,0,False,0.0
0.0,0.08000000000000002,-0.30000000000000004,True,False,False,False,False,False,False,0,0,0,0,,0.0,1.4901161193847656e-08,0.0,0,0,False,0.0
0.0,0.10000000000000003,-0.30000000000000004,True,False,False,False,False,False,False,0,0,0,0,,0.0,1.4901161193847656e-08,0.0,0,0,False,0.0
0.0,0.12000000000000005,-0.30000000000000004,True,False,False,False,False,False,False,0,0,0,0,,0.0,1.4901161193847656e-08,0.0,0,0,False,0.0
0.0,0.14000000000000007,-0.30000000000000004,True,False,False,False,False,False,False,0,0,0,0,,0.0,1.4901161193847656e-08,0.0,0,0,False,0.0
0.0,0.15999999999999998,-0.30000000000000004,True,False,False,False,False,False,False,0,0,0,0,,0.0,1.4901161193847656e-08,0.0,0,0,False,0.0
0.0,0.18,-0.30000000000000004,True,False,False,False,False,False,False,0,0,0,0,,0.0,1.4901161193847656e-08,0.0,0,0,False,0.0
0.0,0.2,-0.30000000000000004,True,False,False,False,False,False,False,0,0,0,0,,0.0,1.4901161193847656e-08,0.0,0,0,False,0.0
0.0,0.22000000000000003,-0.30000000000000004,True,False,False,False,False,False,False,0,0,0,0,,0.0,1.4901161193847656e-08,0.0,0,0,False,0.0
0.0,0.24000000000000005,-0.30000000000000004,True,False,False,False,False,False,False,0,0,0,0,,0.0,1.4901161193847656e-08,0.0,0,0,False,0.0
0.0,0.26000000000000006,-0.30000000000000004,True,False,False,False,False,False,False,0,0,0,0,,0.0,1.4901161193847656e-08,0.0,0,0,False,0.0
0.0,0.2800000000000001,-0.30000000000000004,True,False,False,False,False,False,False,0,0,0,0,,0.0,1.4901161193847656e-08,0.0,0,0,False,0.0
0.0,0.3,-0.30000000000000004,True,False,False,False,False,False,False,0,0,0,0,,0.0,1.4901161193847656e-08,0.0,0,0,False,0.0
0.0,0.32,-0.30000000000000004,True,False,False,False,False,False,False,0,0,0,0,,0.0,1.4901161193847656e-08,0.0,0,0,False,0.0
0.0,0.34,-0.30000000000000004,True,False,False,False,False,False,False,0,0,0,0,,0.0,1.4901161193847656e-08,0.0,0,0,False,0.0
0.0,0.36000000000000004,-0.30000000000000004,True,False,False,False,False,False,False,0,0,0,0,,0.0,1.4901161193847656e-08,0.0,0,0,False,0.0
0.0,0.38000000000000006,-0.30000000000000004,True,False,False,False,False,False,False,0,0,0,0,,0.0,1.4901161193847656e-08,0.0,0,0,False,0.0
0.0,0.4000000000000001,-0.30000000000000004,True,False,False,False,False,False,False,0,0,0,0,,0.0,1.4901161193847656e-08,0.0,0,0,False,0.0
0.0,0.42,-0.30000000000000004,True,False,False,False,False,False,False,0,0,0,0,,0.0,1.4901161193847656e-08,0.0,0,0,False,0.0
0.0,-0.42,-0.28,True,False,False,False,False,False,False,0,0,0,0,,0.0,1.4901161193847656e-08,0.0,0,0,False,0.0
0.0,-0.39999999999999997,-0.28,True,False,False,False,False,False,False,0,0,0,0,,0.0,1.4901161193847656e-08,0.0,0,0,False,0.0
0.0,-0.38,-0.28,True,False,False,False,False,False,False,0,0,0,0,,0.0,1.4901161193847656e-08,0.0,0,0,False,0.0
0.0,-0.36,-0.28,True,False,False,False,False,False,False,0,0,0,0,,0.0,1.4901161193847656e-08,0.0,0,0,False,0.0
0.0,-0.33999999999999997,-0.28,True,False,False,False,False,False,False,0,0,0,0,,0.0,1.4901161193847656e-08,0.0,0,0,False,0.0
0.0,-0.31999999999999995,-0.28,True,False,False,False,False,False,False,0,0,0,0,,0.0,1.4901161193847656e-08,0.0,0,0,False,0.0
0.0,-0.3,-0.28,True,False,False,False,False,False,False,0,0,0,0,,0.0,1.4901161193847656e-08,0.0,0,0,False,0.0
0.0,-0.27999999999999997,-0.28,True,False,False,False,False,False,False,0,0,0,0,,0.0,1.4901161193847656e-08,0.0,0,0,False,0.0
0.0,-0.26,-0.28,True,False,False,False,False,False,False,0,0,0,0,,0.0,1.4901161193847656e-08,0.0,0,0,False,0.0
0.0,-0.24,-0.28,True,False,False,False,False,False,False,0,0,0,0,,0.0,1.4901161193847656e-08,0.0,0,0,False,0.0
0.0,-0.21999999999999997,-0.28,True,False,False,False,False,False,False,0,0,0,0,,0.0,1.4901161193847656e-08,0.0,0,0,False,0.0
0.0,-0.19999999999999998,-0.28,True,False,False,False,False,False,False,0,0,0,0,,0.0,1.4901161193847656e-08,0.0,0,0,False,0.0
0.0,-0.18,-0.28,True,False,False,False,False,False,False,0,0,0,0,,0.0,1.4901161193847656e-08,0.0,0,0,False,0.0
0.0,-0.15999999999999998,-0.28,True,False,False,False,False,False,False,0,0,0,0,,0.0,1.4901161193847656e-08,0.0,0,0,False,0.0
0.0,-0.13999999999999996,-0.28,True,False,False,False,False,False,False,0,0,0,0,,0.0,1.4901161193847656e-08,0.0,0,0,False,0.0
0.0,-0.12,-0.28,True,False,False,False,False,False,False,0,0,0,0,,0.0,1.4901161193847656e-08,0.0,0,0,False,0.0
0.0,-0.09999999999999998,-0.28,True,False,False,False,False,False,False,0,0,0,0,,0.0,1.490127488014328e-08,0.0,0,0,False,0.0
0.0,-0.07999999999999996,-0.28,True,False,False,False,False,False,False,0,0,0,0,,0.0,1.4901161193847656e-08,0.0,0,0,False,0.0
0.0,-0.06,-0.28,True,False,False,False,False,False,False,0,0,0,0,,0.0,1.4901161193847656e-08,0.0,0,0,False,0.0
0.0,-0.03999999999999998,-0.28,True,False,False,False,False,False,False,0,0,0,0,,0.0,1.4901161193847656e-08,0.0,0,0,False,0.0
0.0,-0.019999999999999962,-0.28,True,False,False,False,False,False,False,0,0,0,0,,0.0,1.4901161193847656e-08,0.0,0,0,False,0.0
0.0,0.0,-0.28,True,False,False,False,False,False,False,0,0,0,0,,0.0,1.4901161193847656e-08,0.0,0,0,False,0.0
0.0,0.020000000000000018,-0.28,True,False,False,False,False,False,False,0,0,0,0,,0.0,1.4901161193847656e-08,0.0,0,0,False,0.0
0.0,0.040000000000000036,-0.28,True,False,False,False,False,False,False,0,0,0,0,,0.0,1.4901161193847656e-08,0.0,0,0,False,0.0
0.0,0.06,-0.28,True,False,False,False,False,False,False,0,0,0,0,,0.0,1.4901161193847656e-08,0.0,0,0,False,0.0
0.0,0.08000000000000002,-0.28,True,False,False,False,False,False,False,0,0,0,0,,0.0,1.4901161193847656e-08,0.0,0,0,False,0.0
0.0,0.10000000000000003,-0.28,True,False,False,False,False,False,False,0,0,0,0,,0.0,1.4901161193847656e-08,0.0,0,0,False,0.0
0.0,0.12000000000000005,-0.28,True,False,False,False,False,False,False,0,0,0,0,,0.0,1.4901161193847656e-08,0.0,0,0,False,0.0
0.0,0.14000000000000007,-0.28,True,False,False,False,False,False,False,0,0,0,0,,0.0,1.4901161193847656e-08,0.0,0,0,False,0.0
0.0,0.15999999999999998,-0.28,True,False,False,False,False,False,False,0,0,0,0,,0.0,1.4901161193847656e-08,0.0,0,0,False,0.0
0.0,0.18,-0.28,True,False,False,False,False,False,False,0,0,0,0,,0.0,1.4901161193847656e-08,0.0,0,0,False,0.0
0.0,0.2,-0.28,True,False,False,False,False,False,False,0,0,0,0,,0.0,1.4901161193847656e-08,0.0,0,0,False,0.0
0.0,0.22000000000000003,-0.28,True,False,False,False,False,False,False,0,0,0,0,,0.0,1.4901161193847656e-08,0.0,0,0,False,0.0
0.0,0.24000000000000005,-0.28,True,False,False,False,False,False,False,0,0,0,0,,0.0,1.4901161193847656e-08,0.0,0,0,False,0.0
0.0,0.26000000000000006,-0.28,True,False,False,False,False,False,False,0,0,0,0,,0.0,1.4901161193847656e-08,0.0,0,0,False,0.0
0.0,0.2800000000000001,-0.28,True,False,False,False,False,False,False,0,0,0,0,,0.0,1.4901161193847656e-08,0.0,0,0,False,0.0
0.0,0.3,-0.28,True,False,False,False,False,False,False,0,0,0,0,,0.0,1.4901161193847656e-08,0.0,0,0,False,0.0
0.0,0.32,-0.28,True,False,False,False,False,False,False,0,0,0,0,,0.0,1.4901161193847656e-08,0.0,0,0,False,0.0
0.0,0.34,-0.28,True,False,False,False,False,False,False,0,0,0,0,,0.0,1.4901161193847656e-08,0.0,0,0,False,0.0
0.0,0.36000000000000004,-0.28,True,False,False,False,False,False,False,0,0,0,0,,0.0,1.4901161193847656e-08,0.0,0,0,False,0.0
0.0,0.38000000000000006,-0.28,True,False,False,False,False,False,False,0,0,0,0,,0.0,1.4901161193847656e-08,0.0,0,0,False,0.0
0.0,0.4000000000000001,-0.28,True,False,False,False,False,False,False,0,0,0,0,,0.0,1.4901161193847656e-08,0.0,0,0,False,0.0
0.0,0.42,-0.28,True,False,False,False,False,False,False,0,0,0,0,,0.0,1.4901161193847656e-08,0.0,0,0,False,0.0
0.0,-0.42,-0.26,True,False,False,False,False,False,False,0,0,0,0,,0.0,1.4901161193847656e-08,0.0,0,0,False,0.0
0.0,-0.39999999999999997,-0.26,True,False,False,False,False,False,False,0,0,0,0,,0.0,1.4901161193847656e-08,0.0,0,0,False,0.0
0.0,-0.38,-0.26,True,False,False,False,False,False,False,0,0,0,0,,0.0,1.4901161193847656e-08,0.0,0,0,False,0.0
0.0,-0.36,-0.26,True,False,False,False,False,False,False,0,0,0,0,,0.0,1.4901161193847656e-08,0.0,0,0,False,0.0
0.0,-0.33999999999999997,-0.26,True,False,False,False,False,False,False,0,0,0,0,,0.0,1.4901161193847656e-08,0.0,0,0,False,0.0
0.0,-0.31999999999999995,-0.26,True,False,False,False,False,False,False,0,0,0,0,,0.0,1.4901161193847656e-08,0.0,0,0,False,0.0
0.0,-0.3,-0.26,True,False,False,False,False,False,False,0,0,0,0,,0.0,1.4901161193847656e-08,0.0,0,0,False,0.0
0.0,-0.27999999999999997,-0.26,True,False,False,False,False,False,False,0,0,0,0,,0.0,1.4901161193847656e-08,0.0,0,0,False,0.0
0.0,-0.26,-0.26,True,False,False,False,False,False,False,0,0,0,0,,0.0,1.4901161193847656e-08,0.0,0,0,False,0.0
0.0,-0.24,-0.26,True,False,False,False,False,False,False,0,0,0,0,,0.0,1.4901161193847656e-08,0.0,0,0,False,0.0
0.0,-0.21999999999999997,-0.26,True,False,False,False,False,False,False,0,0,0,0,,0.0,1.4901161193847656e-08,0.0,0,0,False,0.0
0.0,-0.19999999999999998,-0.26,True,False,False,False,False,False,False,0,0,0,0,,0.0,1.4901161193847656e-08,0.0,0,0,False,0.0
0.0,-0.18,-0.26,True,False,False,False,False,False,False,0,0,0,0,,0.0,1.4901161193847656e-08,0.0,0,0,False,0.0
0.0,-0.15999999999999998,-0.26,True,False,False,False,False,False,False,0,0,0,0,,0.0,1.4901161193847656e-08,0.0,0,0,False,0.0
0.0,-0.13999999999999996,-0.26,True,False,False,False,False,False,False,0,0,0,0,,0.0,1.4901161193847656e-08,0.0,0,0,False,0.0
0.0,-0.12,-0.26,True,False,False,False,False,False,False,0,0,0,0,,0.0,1.4901161193847656e-08,0.0,0,0,False,0.0
0.0,-0.09999999999999998,-0.26,True,False,False,False,False,False,False,0,0,0,0,,0.0,1.490127488014328e-08,0.0,0,0,False,0.0
0.0,-0.07999999999999996,-0.26,True,False,False,False,False,False,False,0,0,0,0,,0.0,1.4901161193847656e-08,0.0,0,0,False,0.0
0.0,-0.06,-0.26,True,False,False,False,False,False,False,0,0,0,0,,0.0,1.4901161193847656e-08,0.0,0,0,False,0.0
0.0,-0.03999999999999998,-0.26,True,False,False,False,False,False,False,0,0,0,0,,0.0,1.4901161193847656e-08,0.0,0,0,False,0.0
0.0,-0.019999999999999962,-0.26,True,False,False,False,False,False,False,0,0,0,0,,0.0,1.4901161193847656e-08,0.0,0,0,False,0.0
0.0,0.0,-0.26,True,False,False,False,False,False,False,0,0,0,0,,0.0,1.4901161193847656e-08,0.0,0,0,False,0.0
0.0,0.020000000000000018,-0.26,True,False,False,False,False,False,False,0,0,0,0,,0.0,1.4901161193847656e-08,0.0,0,0,False,0.0
0.0,0.040000000000000036,-0.26,True,False,False,False,False,False,False,0,0,0,0,,0.0,1.4901161193847656e-08,0.0,0,0,False,0.0
0.0,0.06,-0.26,True,False,False,False,False,False,False,0,0,0,0,,0.0,1.4901161193847656e-08,0.0,0,0,False,0.0
0.0,0.08000000000000002,-0.26,True,False,False,False,False,False,False,0,0,0,0,,0.0,1.4901161193847656e-08,0.0,0,0,False,0.0
0.0,0.10000000000000003,-0.26,True,False,False,False,False,False,False,0,0,0,0,,0.0,1.4901161193847656e-08,0.0,0,0,False,0.0
0.0,0.12000000000000005,-0.26,True,False,False,False,False,False,False,0,0,0,0,,0.0,1.4901161193847656e-08,0.0,0,0,False,0.0
0.0,0.14000000000000007,-0.26,True,False,False,False,False,False,False,0,0,0,0,,0.0,1.4901161193847656e-08,0.0,0,0,False,0.0
0.0,0.15999999999999998,-0.26,True,False,False,False,False,False,False,0,0,0,0,,0.0,1.4901161193847656e-08,0.0,0,0,False,0.0
0.0,0.18,-0.26,True,False,False,False,False,False,False,0,0,0,0,,0.0,1.4901161193847656e-08,0.0,0,0,False,0.0
0.0,0.2,-0.26,True,False,False,False,False,False,False,0,0,0,0,,0.0,1.4901161193847656e-08,0.0,0,0,False,0.0
0.0,0.22000000000000003,-0.26,True,False,False,False,False,False,False,0,0,0,0,,0.0,1.4901161193847656e-08,0.0,0,0,False,0.0
0.0,0.24000000000000005,-0.26,True,False,False,False,False,False,False,0,0,0,0,,0.0,1.4901161193847656e-08,0.0,0,0,False,0.0
0.0,0.26000000000000006,-0.26,True,False,False,False,False,False,False,0,0,0,0,,0.0,1.4901161193847656e-08,0.0,0,0,False,0.0
0.0,0.2800000000000001,-0.26,True,False,False,False,False,False,False,0,0,0,0,,0.0,1.4901161193847656e-08,0.0,0,0,False,0.0
0.0,0.3,-0.26,True,False,False,False,False,False,False,0,0,0,0,,0.0,1.4901161193847656e-08,0.0,0,0,False,0.0
0.0,0.32,-0.26,True,False,False,False,False,False,False,0,0,0,0,,0.0,1.4901161193847656e-08,0.0,0,0,False,0.0
0.0,0.34,-0.26,True,False,False,False,False,False,False,0,0,0,0,,0.0,1.4901161193847656e-08,0.0,0,0,False,0.0
0.0,0.36000000000000004,-0.26,True,False,False,False,False,False,False,0,0,0,0,,0.0,1.4901161193847656e-08,0.0,0,0,False,0.0
0.0,0.38000000000000006,-0.26,True,False,False,False,False,False,False,0,0,0,0,,0.0,1.4901161193847656e-08,0.0,0,0,False,0.0
0.0,0.4000000000000001,-0.26,True,False,False,False,False,False,False,0,0,0,0,,0.0,1.4901161193847656e-08,0.0,0,0,False,0.0
0.0,0.42,-0.26,True,False,False,False,False,False,False,0,0,0,0,,0.0,1.4901161193847656e-08,0.0,0,0,False,0.0
0.0,-0.42,-0.24000000000000002,True,False,False,False,False,False,False,0,0,0,0,,0.0,1.4901161193847656e-08,0.0,0,0,False,0.0
0.0,-0.39999999999999997,-0.24000000000000002,True,False,False,False,False,False,False,0,0,0,0,,0.0,1.4901161193847656e-08,0.0,0,0,False,0.0
0.0,-0.38,-0.24000000000000002,True,False,False,False,False,False,False,0,0,0,0,,0.0,1.4901161193847656e-08,0.0,0,0,False,0.0
0.0,-0.36,-0.24000000000000002,True,False,False,False,False,False,False,0,0,0,0,,0.0,1.4901161193847656e-08,0.0,0,0,False,0.0
0.0,-0.33999999999999997,-0.24000000000000002,True,False,False,False,False,False,False,0,0,0,0,,0.0,1.4901161193847656e-08,0.0,0,0,False,0.0
0.0,-0.31999999999999995,-0.24000000000000002,True,False,False,False,False,False,False,0,0,0,0,,0.0,1.4901161193847656e-08,0.0,0,0,False,0.0
0.0,-0.3,-0.24000000000000002,True,False,False,False,False,False,False,0,0,0,0,,0.0,1.4901161193847656e-08,0.0,0,0,False,0.0
0.0,-0.27999999999999997,-0.24000000000000002,True,False,False,False,False,False,False,0,0,0,0,,0.0,1.4901161193847656e-08,0.0,0,0,False,0.0
0.0,-0.26,-0.24000000000000002,True,False,False,False,False,False,False,0,0,0,0,,0.0,1.4901161193847656e-08,0.0,0,0,False,0.0
0.0,-0.24,-0.24000000000000002,True,False,False,False,False,False,False,0,0,0,0,,0.0,1.4901161193847656e-08,0.0,0,0,False,0.0
0.0,-0.21999999999999997,-0.24000000000000002,True,False,False,False,False,False,False,0,0,0,0,,0.0,1.4901161193847656e-08,0.0,0,0,False,0.0
0.0,-0.19999999999999998,-0.24000000000000002,True,False,False,False,False,False,False,0,0,0,0,,0.0,1.4901161193847656e-08,0.0,0,0,False,0.0
0.0,-0.18,-0.24000000000000002,True,False,False,False,False,False,False,0,0,0,0,,0.0,1.4901161193847656e-08,0.0,0,0,False,0.0
0.0,-0.15999999999999998,-0.24000000000000002,True,False,False,False,False,False,False,0,0,0,0,,0.0,1.4901161193847656e-08,0.0,0,0,False,0.0
0.0,-0.13999999999999996,-0.24000000000000002,True,False,False,False,False,False,False,0,0,0,0,,0.0,1.4901161193847656e-08,0.0,0,0,False,0.0
0.0,-0.12,-0.24000000000000002,True,False,False,False,False,False,False,0,0,0,0,,0.0,1.4901161193847656e-08,0.0,0,0,False,0.0
0.0,-0.09999999999999998,-0.24000000000000002,True,False,False,False,False,False,False,0,0,0,0,,0.0,1.490127488014328e-08,0.0,0,0,False,0.0
0.0,-0.07999999999999996,-0.24000000000000002,True,False,False,False,False,False,False,0,0,0,0,,0.0,1.4901161193847656e-08,0.0,0,0,False,0.0
0.0,-0.06,-0.24000000000000002,True,False,False,False,False,False,False,0,0,0,0,,0.0,1.4901161193847656e-08,0.0,0,0,False,0.0
0.0,-0.03999999999999998,-0.24000000000000002,True,False,False,False,False,False,False,0,0,0,0,,0.0,1.4901161193847656e-08,0.0,0,0,False,0.0
0.0,-0.019999999999999962,-0.24000000000000002,True,False,False,False,False,False,False,0,0,0,0,,0.0,1.4901161193847656e-08,0.0,0,0,False,0.0
0.0,0.0,-0.24000000000000002,True,False,False,False,False,False,False,0,0,0,0,,0.0,1.4901161193847656e-08,0.0,0,0,False,0.0
0.0,0.020000000000000018,-0.24000000000000002,True,False,False,False,False,False,False,0,0,0,0,,0.0,1.4901161193847656e-08,0.0,0,0,False,0.0
0.0,0.040000000000000036,-0.24000000000000002,True,False,False,False,False,False,False,0,0,0,0,,0.0,1.4901161193847656e-08,0.0,0,0,False,0.0
0.0,0.06,-0.24000000000000002,True,False,False,False,False,False,False,0,0,0,0,,0.0,1.4901161193847656e-08,0.0,0,0,False,0.0
0.0,0.08000000000000002,-0.24000000000000002,True,False,False,False,False,False,False,0,0,0,0,,0.0,1.4901161193847656e-08,0.0,0,0,False,0.0
0.0,0.10000000000000003,-0.24000000000000002,True,False,False,False,False,False,False,0,0,0,0,,0.0,1.4901161193847656e-08,0.0,0,0,False,0.0
0.0,0.12000000000000005,-0.24000000000000002,True,False,False,False,False,False,False,0,0,0,0,,0.0,1.4901161193847656e-08,0.0,0,0,False,0.0
0.0,0.14000000000000007,-0.24000000000000002,True,False,False,False,False,False,False,0,0,0,0,,0.0,1.4901161193847656e-08,0.0,0,0,False,0.0
0.0,0.15999999999999998,-0.24000000000000002,True,False,False,False,False,False,False,0,0,0,0,,0.0,1.4901161193847656e-08,0.0,0,0,False,0.0
0.0,0.18,-0.24000000000000002,True,False,False,False,False,False,False,0,0,0,0,,0.0,1.4901161193847656e-08,0.0,0,0,False,0.0
0.0,0.2,-0.24000000000000002,True,False,False,False,False,False,False,0,0,0,0,,0.0,1.4901161193847656e-08,0.0,0,0,False,0.0
0.0,0.22000000000000003,-0.24000000000000002,True,False,False,False,False,False,False,0,0,0,0,,0.0,1.4901161193847656e-08,0.0,0,0,False,0.0
0.0,0.24000000000000005,-0.24000000000000002,True,False,False,False,False,False,False,0,0,0,0,,0.0,1.4901161193847656e-08,0.0,0,0,False,0.0
0.0,0.26000000000000006,-0.24000000000000002,True,False,False,False,False,False,False,0,0,0,0,,0.0,1.4901161193847656e-08,0.0,0,0,False,0.0
0.0,0.2800000000000001,-0.24000000000000002,True,False,False,False,False,False,False,0,0,0,0,,0.0,1.4901161193847656e-08,0.0,0,0,False,0.0
0.0,0.3,-0.24000000000000002,True,False,False,False,False,False,False,0,0,0,0,,0.0,1.4901161193847656e-08,0.0,0,0,False,0.0
0.0,0.32,-0.24000000000000002,True,False,False,False,False,False,False,0,0,0,0,,0.0,1.4901161193847656e-08,0.0,0,0,False,0.0
0.0,0.34,-0.24000000000000002,True,False,False,False,False,False,False,0,0,0,0,,0.0,1.4901161193847656e-08,0.0,0,0,False,0.0
0.0,0.36000000000000004,-0.24000000000000002,True,False,False,False,False,False,False,0,0,0,0,,0.0,1.4901161193847656e-08,0.0,0,0,False,0.0
0.0,0.38000000000000006,-0.24000000000000002,True,False,False,False,False,False,False,0,0,0,0,,0.0,1.4901161193847656e-08,0.0,0,0,False,0.0
0.0,0.4000000000000001,-0.24000000000000002,True,False,False,False,False,False,False,0,0,0,0,,0.0,1.4901161193847656e-08,0.0,0,0,False,0.0
0.0,0.42,-0.24000000000000002,True,False,False,False,False,False,False,0,0,0,0,,0.0,1.4901161193847656e-08,0.0,0,0,False,0.0
0.0,-0.42,-0.22000000000000003,True,False,False,False,False,False,False,0,0,0,0,,0.0,1.4901161193847656e-08,0.0,0,0,False,0.0
0.0,-0.39999999999999997,-0.22000000000000003,True,False,False,False,False,False,False,0,0,0,0,,0.0,1.4901161193847656e-08,0.0,0,0,False,0.0
0.0,-0.38,-0.22000000000000003,True,False,False,False,False,False,False,0,0,0,0,,0.0,1.4901161193847656e-08,0.0,0,0,False,0.0
0.0,-0.36,-0.22000000000000003,True,False,False,False,False,False,False,0,0,0,0,,0.0,1.4901161193847656e-08,0.0,0,0,False,0.0
0.0,-0.33999999999999997,-0.22000000000000003,True,False,False,False,False,False,False,0,0,0,0,,0.0,1.4901161193847656e-08,0.0,0,0,False,0.0
0.0,-0.31999999999999995,-0.22000000000000003,True,False,False,False,False,False,False,0,0,0,0,,0.0,1.4901161193847656e-08,0.0,0,0,False,0.0
0.0,-0.3,-0.22000000000000003,True,False,False,False,False,False,False,0,0,0,0,,0.0,1.4901161193847656e-08,0.0,0,0,False,0.0
0.0,-0.27999999999999997,-0.22000000000000003,True,False,False,False,False,False,False,0,0,0,0,,0.0,1.4901161193847656e-08,0.0,0,0,False,0.0
0.0,-0.26,-0.22000000000000003,True,False,False,False,False,False,False,0,0,0,0,,0.0,1.4901161193847656e-08,0.0,0,0,False,0.0
0.0,-0.24,-0.22000000000000003,True,False,False,False,False,False,False,0,0,0,0,,0.0,1.4901161193847656e-08,0.0,0,0,False,0.0
0.0,-0.21999999999999997,-0.22000000000000003,True,False,False,False,False,False,False,0,0,0,0,,0.0,1.4901161193847656e-08,0.0,0,0,False,0.0
0.0,-0.19999999999999998,-0.22000000000000003,True,False,False,False,False,False,False,0,0,0,0,,0.0,1.4901161193847656e-08,0.0,0,0,False,0.0
0.0,-0.18,-0.22000000000000003,True,False,False,False,False,False,False,1,2,0,0,0.019082121551036835,0.0,1.4901161193847656e-08,0.0,1,0,False,0.0
0.0,-0.15999999999999998,-0.22000000000000003,True,False,False,False,False,False,False,1,2,0,0,0.01896291971206665,0.0,1.4901161193847656e-08,0.0,1,0,False,0.0
0.0,-0.13999999999999996,-0.22000000000000003,True,False,False,False,False,False,False,1,1,0,0,0.018799085170030594,0.0,1.4901161193847656e-08,0.0,1,0,False,0.0
0.0,-0.12,-0.22000000000000003,True,False,False,False,False,False,False,1,3,0,0,0.018655404448509216,0.0,1.4901161193847656e-08,0.0,1,0,False,0.0
0.0,-0.09999999999999998,-0.22000000000000003,True,False,False,False,False,False,False,1,3,0,0,0.018649697303771973,0.0,1.490127488014328e-08,0.0,1,0,False,0.0
0.0,-0.07999999999999996,-0.22000000000000003,True,False,False,False,False,False,False,1,2,0,0,0.018778696656227112,0.0,1.4901161193847656e-08,0.0,1,0,False,0.0
0.0,-0.06,-0.22000000000000003,True,False,False,False,False,False,False,1,2,0,0,0.018717102706432343,0.0,1.4901161193847656e-08,0.0,1,0,False,0.0
0.0,-0.03999999999999998,-0.22000000000000003,True,False,False,False,False,False,False,2,3,0,0,0.018771622329950333,0.0,1.4901161193847656e-08,0.0,2,0,False,0.0
0.0,-0.019999999999999962,-0.22000000000000003,True,False,False,False,False,False,False,2,4,0,0,0.01890939474105835,0.0,1.4901161193847656e-08,0.0,2,0,False,0.0
0.0,0.0,-0.22000000000000003,True,False,False,False,False,False,False,2,5,0,0,0.018839828670024872,0.0,1.4901161193847656e-08,0.0,2,0,False,0.0
0.0,0.020000000000000018,-0.22000000000000003,True,False,False,False,False,False,False,1,3,0,0,0.018656983971595764,0.0,1.4901161193847656e-08,0.0,1,0,False,0.0
0.0,0.040000000000000036,-0.22000000000000003,True,False,False,False,False,False,False,1,3,0,0,0.018651284277439117,0.0,1.4901161193847656e-08,0.0,1,0,False,0.0
0.0,0.06,-0.22000000000000003,True,False,False,False,False,False,False,1,2,0,0,0.01879584789276123,0.0,1.4901161193847656e-08,0.0,1,0,False,0.0
0.0,0.08000000000000002,-0.22000000000000003,True,False,False,False,False,False,False,1,2,0,0,0.018731504678726196,0.0,1.4901161193847656e-08,0.0,1,0,False,0.0
0.0,0.10000000000000003,-0.22000000000000003,True,False,False,False,False,False,False,2,4,0,0,0.018759064376354218,0.0,1.4901161193847656e-08,0.0,2,0,False,0.0
0.0,0.12000000000000005,-0.22000000000000003,True,False,False,False,False,False,False,2,4,0,0,0.018871061503887177,0.0,1.4901161193847656e-08,0.0,2,0,False,0.0
0.0,0.14000000000000007,-0.22000000000000003,True,False,False,False,False,False,False,2,4,0,0,0.018884316086769104,0.0,1.4901161193847656e-08,0.0,2,0,False,0.0
0.0,0.15999999999999998,-0.22000000000000003,True,False,False,False,False,False,False,2,4,0,0,0.018682993948459625,0.0,1.4901161193847656e-08,0.0,2,0,False,0.0
0.0,0.18,-0.22000000000000003,True,False,False,False,False,False,False,1,3,0,0,0.01865282654762268,0.0,1.4901161193847656e-08,0.0,1,0,False,0.0
0.0,0.2,-0.22000000000000003,True,False,False,False,False,False,False,1,2,0,0,0.01881294697523117,0.0,1.4901161193847656e-08,0.0,1,0,False,0.0
0.0,0.22000000000000003,-0.22000000000000003,True,False,False,False,False,False,False,1,2,0,0,0.01874859631061554,0.0,1.4901161193847656e-08,0.0,1,0,False,0.0
0.0,0.24000000000000005,-0.22000000000000003,True,False,False,False,False,False,False,1,2,0,0,0.01872793585062027,0.0,1.4901161193847656e-08,0.0,1,0,False,0.0
0.0,0.26000000000000006,-0.22000000000000003,True,False,False,False,False,False,False,1,3,0,0,0.018832631409168243,0.0,1.4901161193847656e-08,0.0,1,0,False,0.0
0.0,0.2800000000000001,-0.22000000000000003,True,False,False,False,False,False,False,1,2,0,0,0.018977537751197815,0.0,1.4901161193847656e-08,0.0,1,0,False,0.0
0.0,0.3,-0.22000000000000003,True,False,False,False,False,False,False,1,1,0,0,0.01915455423295498,0.0,1.4901161193847656e-08,0.0,1,0,False,0.0
0.0,0.32,-0.22000000000000003,True,False,False,False,False,False,False,0,0,0,0,,0.0,1.4901161193847656e-08,0.0,0,0,False,0.0
0.0,0.34,-0.22000000000000003,True,False,False,False,False,False,False,0,0,0,0,,0.0,1.4901161193847656e-08,0.0,0,0,False,0.0
0.0,0.36000000000000004,-0.22000000000000003,True,False,False,False,False,False,False,0,0,0,0,,0.0,1.4901161193847656e-08,0.0,0,0,False,0.0
0.0,0.38000000000000006,-0.22000000000000003,True,False,False,False,False,False,False,0,0,0,0,,0.0,1.4901161193847656e-08,0.0,0,0,False,0.0
0.0,0.4000000000000001,-0.22000000000000003,True,False,False,False,False,False,False,0,0,0,0,,0.0,1.4901161193847656e-08,0.0,0,0,False,0.0
0.0,0.42,-0.22000000000000003,True,False,False,False,False,False,False,0,0,0,0,,0.0,1.4901161193847656e-08,0.0,0,0,False,0.0
0.0,-0.42,-0.2,True,False,False,False,False,False,False,0,0,0,0,,0.0,1.4901161193847656e-08,0.0,0,0,False,0.0
0.0,-0.39999999999999997,-0.2,True,False,False,False,False,False,False,0,0,0,0,,0.0,1.4901161193847656e-08,0.0,0,0,False,0.0
0.0,-0.38,-0.2,True,False,False,False,False,False,False,0,0,0,0,,0.0,1.4901161193847656e-08,0.0,0,0,False,0.0
0.0,-0.36,-0.2,True,False,False,False,False,False,False,0,0,0,0,,0.0,1.4901161193847656e-08,0.0,0,0,False,0.0
0.0,-0.33999999999999997,-0.2,True,False,False,False,False,False,False,0,0,0,0,,0.0,1.4901161193847656e-08,0.0,0,0,False,0.0
0.0,-0.31999999999999995,-0.2,True,False,True,False,False,False,False,1,4,0,0,0.013022668659687042,0.0,1.4901161193847656e-08,0.0,1,0,False,0.0
0.0,-0.3,-0.2,True,False,True,False,False,False,False,4,13,0,0,0.012891672551631927,0.0,1.4901161193847656e-08,0.0,4,0,False,0.0
0.0,-0.27999999999999997,-0.2,True,False,True,False,False,False,False,4,16,0,0,0.012724488973617554,0.0,1.4901161193847656e-08,0.0,4,0,False,0.0
0.0,-0.26,-0.2,True,False,True,False,False,False,False,5,17,0,0,0.01255684345960617,0.0,1.4901161193847656e-08,0.0,5,0,False,0.0
0.0,-0.24,-0.2,True,False,True,False,False,False,False,5,17,0,0,0.012499570846557617,0.0,1.4901161193847656e-08,0.0,5,0,False,0.0
0.0,-0.21999999999999997,-0.2,True,False,True,False,False,False,False,7,19,0,0,0.01260528713464737,0.0,1.4901161193847656e-08,0.0,7,0,False,0.0
0.0,-0.19999999999999998,-0.2,True,False,True,True,False,True,False,10,28,4,0,0.0005192086100578308,0.0,1.4901161193847656e-08,0.0,10,4,True,0.0
0.0,-0.18,-0.2,True,False,True,True,False,True,False,14,42,4,0,-0.0009178593754768372,0.0,0.00023658049800384757,0.0,14,4,True,0.0
0.0,-0.15999999999999998,-0.2,True,False,True,True,False,True,False,15,37,4,0,-0.0010363683104515076,0.0,0.00034918299504661126,0.0,15,4,True,0.0
0.0,-0.13999999999999996,-0.2,True,False,True,True,False,True,False,14,36,1,0,-0.0012040456058457494,0.0,0.0005063240585480711,0.0,14,1,True,0.0
0.0,-0.12,-0.2,True,False,True,True,False,True,False,16,53,4,0,-0.001284763216972351,0.0,0.0008135736093373248,0.0,16,4,True,0.0
0.0,-0.09999999999999998,-0.2,True,False,True,True,False,True,False,16,49,4,0,-0.0012904703617095947,0.0,0.0008990370785085704,0.0,16,4,True,0.0
0.0,-0.07999999999999996,-0.2,True,False,True,False,False,False,False,15,43,0,0,0.010729052126407623,0.0,1.4901161193847656e-08,0.0,15,0,False,0.0
0.0,-0.06,-0.2,True,False,True,False,False,False,False,19,53,0,0,0.00319807231426239,0.0,1.4901161193847656e-08,0.0,19,0,False,0.0
0.0,-0.03999999999999998,-0.2,True,False,True,True,False,True,False,24,57,5,0,-0.001235062605701387,0.0,0.0005858513137216289,0.0,24,5,True,0.0
0.0,-0.019999999999999962,-0.2,True,False,True,True,False,True,False,21,59,8,0,-0.0010901018977165222,0.0,0.0004997482386553909,0.0,21,8,True,0.0
0.0,0.0,-0.2,True,False,True,True,False,True,False,24,71,9,0,-0.0011594444513320923,0.0,0.0005408368017330581,0.0,24,9,True,0.0
0.0,0.020000000000000018,-0.2,True,False,True,True,False,True,False,26,73,4,0,-0.0012831836938858032,0.0,0.0007786545508050253,0.0,26,4,True,0.0
0.0,0.040000000000000036,-0.2,True,False,True,True,False,True,False,20,56,4,0,-0.00128888338804245,0.0,0.0008851832306624383,0.0,20,4,True,0.0
0.0,0.06,-0.2,True,False,True,True,False,True,False,15,44,4,0,-0.0012945681810379028,0.0,0.0008940879206794222,0.0,15,4,True,0.0
0.0,0.08000000000000002,-0.2,True,False,True,False,False,False,False,19,53,0,0,0.005113907158374786,0.0,1.4901161193847656e-08,0.0,19,0,False,0.0
0.0,0.10000000000000003,-0.2,True,False,True,True,False,True,False,25,67,5,0,-0.0012734223855659366,0.0,0.000612817408831913,0.0,25,5,True,0.0
0.0,0.12000000000000005,-0.2,True,False,True,True,False,True,False,18,54,10,0,-0.0011284202337265015,0.0,0.0005060913778170251,0.0,18,10,True,0.0
0.0,0.14000000000000007,-0.2,True,False,True,True,False,True,False,19,48,8,0,-0.0011149868369102478,0.0,0.0005178270313455953,0.0,19,8,True,0.0
0.0,0.15999999999999998,-0.2,True,False,True,True,False,True,False,23,55,5,0,-0.0012826863676309586,0.0,0.0006112720871995494,0.0,23,5,True,0.0
0.0,0.18,-0.2,True,False,True,True,False,True,False,18,47,4,0,-0.0011577755212783813,0.0,0.0006852131363231312,0.0,18,4,True,0.0
0.0,0.2,-0.2,True,False,True,True,False,True,False,8,22,4,0,-0.0012930259108543396,0.0,0.0009031353381791546,0.0,8,4,True,0.0
0.0,0.22000000000000003,-0.2,True,False,True,False,False,False,False,11,30,0,0,0.00725700706243515,0.0,1.4901161193847656e-08,0.0,11,0,False,0.0
0.0,0.24000000000000005,-0.2,True,False,True,False,False,False,False,11,31,0,0,0.0055819302797317505,0.0,1.4901161193847656e-08,0.0,11,0,False,0.0
0.0,0.26000000000000006,-0.2,True,False,True,True,False,True,False,8,21,3,0,-0.0011668801307678223,0.0,0.0004412628954266551,0.0,8,3,True,0.0
0.0,0.2800000000000001,-0.2,True,False,True,True,False,True,False,9,23,4,0,-0.0010219737887382507,0.0,0.00030111650814240324,0.0,9,4,True,0.0
0.0,0.3,-0.2,True,False,True,True,False,True,False,11,33,4,0,-0.0009034350514411926,0.0,0.00020577536413212896,0.0,11,4,True,0.0
0.0,0.32,-0.2,True,False,True,False,False,False,False,7,16,0,0,0.006657660007476807,0.0,1.4901161193847656e-08,0.0,7,0,False,0.0
0.0,0.34,-0.2,True,False,False,False,False,False,False,0,0,0,0,,0.0,1.4901161193847656e-08,0.0,0,0,False,0.0
0.0,0.36000000000000004,-0.2,True,False,False,False,False,False,False,0,0,0,0,,0.0,1.4901161193847656e-08,0.0,0,0,False,0.0
0.0,0.38000000000000006,-0.2,True,False,False,False,False,False,False,0,0,0,0,,0.0,1.4901161193847656e-08,0.0,0,0,False,0.0
0.0,0.4000000000000001,-0.2,True,False,False,False,False,False,False,0,0,0,0,,0.0,1.4901161193847656e-08,0.0,0,0,False,0.0
0.0,0.42,-0.2,True,False,False,False,False,False,False,0,0,0,0,,0.0,1.4901161193847656e-08,0.0,0,0,False,0.0
0.0,-0.42,-0.18000000000000002,True,False,False,False,False,False,False,0,0,0,0,,0.0,1.4901161193847656e-08,0.0,0,0,False,0.0
0.0,-0.39999999999999997,-0.18000000000000002,True,False,False,False,False,False,False,0,0,0,0,,0.0,1.4901161193847656e-08,0.0,0,0,False,0.0
0.0,-0.38,-0.18000000000000002,True,False,False,False,False,False,False,0,0,0,0,,0.0,1.4901161193847656e-08,0.0,0,0,False,0.0
0.0,-0.36,-0.18000000000000002,True,False,False,False,False,False,False,0,0,0,0,,0.0,1.4901161193847656e-08,0.0,0,0,False,0.0
0.0,-0.33999999999999997,-0.18000000000000002,True,False,False,False,False,False,False,7,13,0,0,0.008010420016944408,0.0,1.4901161193847656e-08,0.0,7,0,False,0.0
0.0,-0.31999999999999995,-0.18000000000000002,True,False,True,True,True,True,False,26,78,11,4,-0.0069253817200660706,0.0,0.0016998666880183445,0.0,26,11,True,0.0
0.0,-0.3,-0.18000000000000002,True,False,True,True,True,True,False,47,122,31,4,-0.007108345627784729,0.0,0.005358678120584648,0.0,46,30,True,0.0
0.0,-0.27999999999999997,-0.18000000000000002,True,False,True,True,True,True,False,45,132,36,12,-0.007274813950061798,1.8523888587952175,0.005367498363948357,0.0,45,36,True,0.0
0.0,-0.26,-0.18000000000000002,True,False,True,True,True,True,False,46,136,35,12,-0.007442459464073181,0.0,0.006754666911836147,0.0,46,35,True,0.0
0.0,-0.24,-0.18000000000000002,False,True,True,True,True,False,False,56,165,29,12,-0.007500447332859039,2.1591893486817217,0.006675930756270883,0.0,56,29,True,0.0
0.0,-0.21999999999999997,-0.18000000000000002,False,True,True,True,True,False,False,63,169,34,12,-0.007500447332859039,2.1073218434644287,0.0067233761213186,0.0,63,34,True,0.0
0.0,-0.19999999999999998,-0.18000000000000002,False,True,True,True,True,False,False,64,187,41,18,-0.00824032723903656,1.1315633058548054,0.0156755506760295,0.0,64,41,True,0.0
0.0,-0.18,-0.18000000000000002,False,True,True,True,True,False,False,85,223,35,17,-0.007521107792854309,173.83354958785142,0.014016863149257203,0.0,85,35,True,0.0
0.0,-0.15999999999999998,-0.18000000000000002,False,True,True,True,True,False,False,82,242,47,19,-0.007521107792854309,43.03588485717804,0.011204511272717195,0.0,82,47,True,0.0
0.0,-0.13999999999999996,-0.18000000000000002,False,True,True,True,True,False,False,97,260,54,26,-0.007521107792854309,4.211977958679244,0.0174394832893861,0.0,97,54,True,0.0
0.0,-0.12,-0.18000000000000002,False,True,True,True,True,False,False,99,286,81,37,-0.010185926221311092,3962.515380859485,0.031768389678163714,0.0,99,81,True,0.0
0.0,-0.09999999999999998,-0.18000000000000002,False,True,True,True,True,False,False,113,316,64,27,-0.007521107792854309,3.8292999267578534,0.021260378803770567,0.0,113,64,True,0.0
0.0,-0.07999999999999996,-0.18000000000000002,False,True,True,True,True,False,False,108,315,55,26,-0.007521107792854309,52.28945177362318,0.021066045452931163,0.0,108,55,True,0.0
0.0,-0.06,-0.18000000000000002,False,True,True,True,True,False,False,98,290,69,44,-0.010185926221311092,3652.1401367188514,0.024872196045905133,0.0,98,69,True,0.0
0.0,-0.03999999999999998,-0.18000000000000002,False,True,True,True,True,False,False,99,290,62,32,-0.007521107792854309,24.129425048828626,0.019867319920741932,0.0,99,62,True,0.0
0.0,-0.019999999999999962,-0.18000000000000002,False,True,True,True,True,False,False,110,335,61,32,-0.007521048188209534,3.314524700541588,0.014278108700245625,0.0,110,61,True,0.0
0.0,0.0,-0.18000000000000002,False,True,True,True,True,False,False,125,328,64,37,-0.007521040737628937,46.06798250595575,0.017169156624901497,0.0,125,64,True,0.0
0.0,0.020000000000000018,-0.18000000000000002,False,True,True,True,True,False,False,108,313,74,38,-0.007702544331550598,1685.9371337890975,0.02443123373055951,0.0,108,74,True,0.0
0.0,0.040000000000000036,-0.18000000000000002,False,True,True,True,True,False,False,112,305,69,35,-0.007521040737628937,247.1413571011018,0.01803090160186011,0.0,112,69,True,0.0
0.0,0.06,-0.18000000000000002,False,True,True,True,True,False,False,100,304,49,25,-0.007521040737628937,85.92252776140266,0.021988133765379926,0.0,99,48,True,0.0
0.0,0.08000000000000002,-0.18000000000000002,False,True,True,True,True,False,False,102,294,60,37,-0.010480470955371857,403.92608113440946,0.018964192153415098,0.0,102,60,True,0.0
0.0,0.10000000000000003,-0.18000000000000002,False,True,True,True,True,False,False,100,290,63,31,-0.00752103328704834,24.363597869873804,0.020967951361843696,0.0,100,63,True,0.0
0.0,0.12000000000000005,-0.18000000000000002,False,True,True,True,True,False,False,98,276,58,28,-0.007521055638790131,83.42631530761979,0.016759573699088717,0.0,98,58,True,0.0
0.0,0.14000000000000007,-0.18000000000000002,False,True,True,True,True,False,False,88,237,52,24,-0.007521048188209534,60.15057373047062,0.016733118665012897,0.0,88,52,True,0.0
0.0,0.15999999999999998,-0.18000000000000002,False,True,True,True,True,False,False,78,226,57,36,-0.007521048188209534,2170.28031134692,0.01963043956950468,0.0,78,57,True,0.0
0.0,0.18,-0.18000000000000002,False,True,True,True,True,False,False,78,218,48,25,-0.007521048188209534,469.1801874094089,0.013797777505608308,0.0,78,48,True,0.0
0.0,0.2,-0.18000000000000002,False,True,True,True,True,False,False,66,187,35,13,-0.007521048188209534,655.535308538814,0.01145674901538111,0.0,66,35,True,0.0
0.0,0.22000000000000003,-0.18000000000000002,False,True,True,True,True,False,False,57,166,40,18,-0.007521048188209534,133.1459234641962,0.014800074023910792,0.0,57,40,True,0.0
0.0,0.24000000000000005,-0.18000000000000002,False,True,True,True,True,False,False,47,141,30,16,-0.007521048188209534,350.49719238282336,0.019412476296157038,0.0,47,30,True,0.0
0.0,0.26000000000000006,-0.18000000000000002,True,False,True,True,True,True,False,40,130,34,15,-0.007477812469005585,69.506821184435,0.016441651951985856,0.0,40,34,True,0.0
0.0,0.2800000000000001,-0.18000000000000002,True,False,True,True,True,True,False,35,114,34,11,-0.007332898676395416,26.27833617383632,0.01263143589804573,0.0,35,34,True,0.0
0.0,0.3,-0.18000000000000002,True,False,True,True,True,True,False,42,118,31,15,-0.00718795508146286,3.6675969367110692,0.010609179413926672,0.0,43,31,True,0.0
0.0,0.32,-0.18000000000000002,True,False,True,True,True,True,False,34,83,11,4,-0.006979666650295258,0.74255382727756,0.004226115077285095,0.0,34,11,True,0.0
0.0,0.34,-0.18000000000000002,True,False,False,False,False,False,False,8,23,0,0,0.006811167579144239,0.0,1.4901161193847656e-08,0.0,8,0,False,0.0
0.0,0.36000000000000004,-0.18000000000000002,True,False,False,False,False,False,False,0,0,0,0,,0.0,1.4901161193847656e-08,0.0,0,0,False,0.0
0.0,0.38000000000000006,-0.18000000000000002,True,False,False,False,False,False,False,0,0,0,0,,0.0,1.4901161193847656e-08,0.0,0,0,False,0.0
0.0,0.4000000000000001,-0.18000000000000002,True,False,False,False,False,False,False,0,0,0,0,,0.0,1.4901161193847656e-08,0.0,0,0,False,0.0
0.0,0.42,-0.18000000000000002,True,False,False,False,False,False,False,0,0,0,0,,0.0,1.4901161193847656e-08,0.0,0,0,False,0.0
0.0,-0.42,-0.16000000000000003,True,False,False,False,False,False,False,0,0,0,0,,0.0,1.4901161193847656e-08,0.0,0,0,False,0.0
0.0,-0.39999999999999997,-0.16000000000000003,True,False,False,False,False,False,False,0,0,0,0,,0.0,1.4901161193847656e-08,0.0,0,0,False,0.0
0.0,-0.38,-0.16000000000000003,True,False,False,False,False,False,False,0,0,0,0,,0.0,1.4901161193847656e-08,0.0,0,0,False,0.0
0.0,-0.36,-0.16000000000000003,True,False,False,False,False,False,False,0,0,0,0,,0.0,1.4901161193847656e-08,0.0,0,0,False,0.0
0.0,-0.33999999999999997,-0.16000000000000003,True,False,False,False,False,False,False,15,43,0,0,0.00658339262008667,0.0,1.4901161193847656e-08,0.0,15,0,False,0.0
0.0,-0.31999999999999995,-0.16000000000000003,True,False,True,True,True,True,False,45,148,54,29,-0.013071060180664062,2299.8349609375186,0.025580405981539423,0.0,45,54,True,0.0
0.0,-0.3,-0.16000000000000003,True,False,True,True,True,True,False,66,216,80,48,-0.010897196829319,2773.054361136749,0.006013489319797489,0.0,66,80,True,0.0
0.0,-0.27999999999999997,-0.16000000000000003,True,False,True,True,True,True,False,66,216,75,53,-0.015801722183823586,2880.0270996094823,0.027368236719114317,0.0,66,75,True,0.0
0.0,-0.26,-0.16000000000000003,True,False,True,True,True,True,False,68,211,65,44,-0.015898453071713448,5986.951370879985,0.04859040438058665,0.0,68,65,True,0.0
0.0,-0.24,-0.16000000000000003,False,True,True,True,True,False,False,74,244,120,81,-0.015914782881736755,5536.78163044257,0.01250947716089339,0.0,74,120,True,0.0
0.0,-0.21999999999999997,-0.16000000000000003,False,True,True,True,True,False,False,86,290,113,76,-0.01864854246377945,6135.538085937729,0.00821425909635279,0.0,86,113,True,0.0
0.0,-0.19999999999999998,-0.16000000000000003,False,True,True,True,True,False,False,91,307,106,81,-0.01864854246377945,6286.007324218984,0.018229823663997575,0.0,91,106,True,0.0
0.0,-0.18,-0.16000000000000003,False,True,True,True,True,False,False,110,345,131,99,-0.01866341382265091,5867.642578125219,0.009172600258657083,0.0,110,131,True,0.0
0.0,-0.15999999999999998,-0.16000000000000003,False,True,True,True,True,False,False,108,361,144,94,-0.01866341382265091,3990.737060546986,0.013535157267613068,0.0,108,144,True,0.0
0.0,-0.13999999999999996,-0.16000000000000003,False,True,True,True,True,False,False,119,371,126,83,-0.01866341382265091,3495.1394759556674,0.005952566446954706,0.0,119,126,True,0.0
0.0,-0.12,-0.16000000000000003,False,True,True,True,True,False,False,136,436,144,97,-0.01866341382265091,5595.8110351564055,0.01543242983241739,0.0,136,144,True,0.0
0.0,-0.09999999999999998,-0.16000000000000003,False,True,True,True,True,False,False,147,480,200,128,-0.01866341382265091,4230.59570312506,0.026374769972057642,0.0,147,200,True,0.0
0.0,-0.07999999999999996,-0.16000000000000003,False,True,True,True,True,False,False,142,481,207,136,-0.01866341382265091,5255.439941406325,0.03069106264378969,0.0,142,207,True,0.0
0.0,-0.06,-0.16000000000000003,False,True,True,True,True,False,False,135,459,173,115,-0.018648602068424225,5058.477050781322,0.007517527072134591,0.0,135,173,True,0.0
0.0,-0.03999999999999998,-0.16000000000000003,False,True,True,True,True,False,False,145,478,160,111,-0.018663473427295685,4406.269404607333,0.020914985019150706,0.0,145,160,True,0.0
0.0,-0.019999999999999962,-0.16000000000000003,False,True,True,True,True,False,False,139,464,199,128,-0.018663480877876282,4176.931152343809,0.018558332620624198,0.0,139,199,True,0.0
0.0,0.0,-0.16000000000000003,False,True,True,True,True,False,False,144,469,168,112,-0.018663480877876282,3647.725341797011,0.021314800865070885,0.0,144,168,True,0.0
0.0,0.020000000000000018,-0.16000000000000003,False,True,True,True,True,False,False,145,470,166,113,-0.018663480877876282,4635.861328125173,0.013472368675156618,0.0,145,166,True,0.0
0.0,0.040000000000000036,-0.16000000000000003,False,True,True,True,True,False,False,146,471,177,112,-0.018663480877876282,4165.584365006686,0.002762286845370469,0.0,146,177,True,0.0
0.0,0.06,-0.16000000000000003,False,True,True,True,True,False,False,142,480,219,139,-0.01866348832845688,4899.115722656433,0.0056100247990423175,0.0,142,219,True,0.0
0.0,0.08000000000000002,-0.16000000000000003,False,True,True,True,True,False,False,144,481,171,111,-0.01866348832845688,5753.766601562715,0.016423427943260228,0.0,144,171,True,0.0
0.0,0.10000000000000003,-0.16000000000000003,False,True,True,True,True,False,False,135,441,161,108,-0.018648624420166016,5037.976562500188,0.035478258509188794,0.0,135,161,True,0.0
0.0,0.12000000000000005,-0.16000000000000003,False,True,True,True,True,False,False,126,402,163,100,-0.018663495779037476,4586.844726562671,0.0064718204511526305,0.0,126,163,True,0.0
0.0,0.14000000000000007,-0.16000000000000003,False,True,True,True,True,False,False,103,350,117,74,-0.018663495779037476,3598.5766601562786,0.013390172115526339,0.0,103,117,True,0.0
0.0,0.15999999999999998,-0.16000000000000003,False,True,True,True,True,False,False,97,312,105,66,-0.018663495779037476,5770.208601465661,0.011251159603539928,0.0,97,105,True,0.0
0.0,0.18,-0.16000000000000003,False,True,True,True,True,False,False,106,336,127,84,-0.018663495779037476,4627.143066406422,0.02332071876889158,0.0,106,127,True,0.0
0.0,0.2,-0.16000000000000003,False,True,True,True,True,False,False,93,323,123,82,-0.019642002880573273,4017.4382324219996,0.007044239794494219,0.0,93,123,True,0.0
0.0,0.22000000000000003,-0.16000000000000003,False,True,True,True,True,False,False,78,267,102,61,-0.018663495779037476,5497.461914062705,0.020983797722893768,0.0,78,102,True,0.0
0.0,0.24000000000000005,-0.16000000000000003,False,True,True,True,True,False,False,64,223,85,57,-0.015914730727672577,5030.864035485181,0.005270934226328082,0.0,64,85,True,0.0
0.0,0.26000000000000006,-0.16000000000000003,True,False,True,True,True,True,False,50,173,72,36,-0.015911400318145752,5197.666503906444,0.016121323701796315,0.0,50,72,True,0.0
0.0,0.2800000000000001,-0.16000000000000003,True,False,True,True,True,True,False,47,163,61,37,-0.01583505980670452,4300.8916836235185,0.03814533574486053,0.0,47,61,True,0.0
0.0,0.3,-0.16000000000000003,True,False,True,True,True,True,False,53,166,60,36,-0.011897653341293335,2538.106689453145,0.0031005604359518,0.0,53,60,True,0.0
0.0,0.32,-0.16000000000000003,True,False,True,True,True,True,False,47,142,47,28,-0.015396416187286377,1765.1368408203266,0.016824094475689486,0.0,47,47,True,0.0
0.0,0.34,-0.16000000000000003,True,False,False,False,False,False,False,13,33,0,0,0.00460362434387207,0.0,1.4901161193847656e-08,0.0,13,0,False,0.0
0.0,0.36000000000000004,-0.16000000000000003,True,False,False,False,False,False,False,0,0,0,0,,0.0,1.4901161193847656e-08,0.0,0,0,False,0.0
0.0,0.38000000000000006,-0.16000000000000003,True,False,False,False,False,False,False,0,0,0,0,,0.0,1.4901161193847656e-08,0.0,0,0,False,0.0
0.0,0.4000000000000001,-0.16000000000000003,True,False,False,False,False,False,False,0,0,0,0,,0.0,1.4901161193847656e-08,0.0,0,0,False,0.0
0.0,0.42,-0.16000000000000003,True,False,False,False,False,False,False,0,0,0,0,,0.0,1.4901161193847656e-08,0.0,0,0,False,0.0
0.0,-0.42,-0.14,True,False,False,False,False,False,False,0,0,0,0,,0.0,1.4901161193847656e-08,0.0,0,0,False,0.0
0.0,-0.39999999999999997,-0.14,True,False,False,False,False,False,False,0,0,0,0,,0.0,1.4901161193847656e-08,0.0,0,0,False,0.0
0.0,-0.38,-0.14,True,False,False,False,False,False,False,0,0,0,0,,0.0,1.4901161193847656e-08,0.0,0,0,False,0.0
0.0,-0.36,-0.14,True,False,False,False,False,False,False,0,0,0,0,,0.0,1.4901161193847656e-08,0.0,0,0,False,0.0
0.0,-0.33999999999999997,-0.14,True,False,False,False,False,False,False,15,51,0,0,0.006583452224731445,0.0,1.4901161193847656e-08,0.0,15,0,False,0.0
0.0,-0.31999999999999995,-0.14,True,False,True,True,True,True,False,39,142,54,33,-0.013416588306427002,7135.944369161651,0.015918293793852456,0.0,39,54,True,0.0
0.0,-0.3,-0.14,True,False,True,True,True,True,False,52,186,80,60,-0.022267930209636688,4483.583007812639,0.005046928594876241,0.0,52,80,True,0.0
0.0,-0.27999999999999997,-0.14,True,False,True,True,True,True,False,51,175,71,61,-0.022267930209636688,5449.089355468953,0.06829671933035862,0.0,51,71,True,0.0
0.0,-0.26,-0.14,True,False,True,True,True,True,False,52,173,59,52,-0.02226792275905609,4356.5981445313855,0.0770651580153916,0.0,52,59,True,0.0
0.0,-0.24,-0.14,False,True,True,True,True,False,False,60,219,90,75,-0.02226792275905609,5408.7788085939,0.050861216226327284,0.0,60,90,True,0.0
0.0,-0.21999999999999997,-0.14,False,True,True,True,True,False,False,67,230,106,96,-0.02226792275905609,4999.965332031436,0.04001547750723104,0.0,67,106,True,0.0
0.0,-0.19999999999999998,-0.14,False,True,True,True,True,False,False,72,242,97,85,-0.025112323462963104,5278.670410156396,0.025608733231775784,0.0,72,97,True,0.0
0.0,-0.18,-0.14,False,True,True,True,True,False,False,90,300,88,77,-0.025112323462963104,4569.981933593799,0.012396952943681776,0.0,90,88,True,0.0
0.0,-0.15999999999999998,-0.14,False,True,True,True,True,False,False,85,291,124,103,-0.025112323462963104,6730.947472562671,0.016979125826832534,0.0,85,124,True,0.0
0.0,-0.13999999999999996,-0.14,False,True,True,True,True,False,False,88,287,98,80,-0.025112323462963104,6066.425292968919,0.022327270227243824,0.0,88,98,True,0.0
0.0,-0.12,-0.14,False,True,True,True,True,False,False,103,333,105,95,-0.025112323462963104,4892.9487304688855,0.026502405140675176,0.0,103,105,True,0.0
0.0,-0.09999999999999998,-0.14,False,True,True,True,True,False,False,118,400,153,128,-0.025112323462963104,7535.33203125006,0.007170265498311965,0.0,118,153,True,0.0
0.0,-0.07999999999999996,-0.14,False,True,True,True,True,False,False,117,408,165,144,-0.025110408663749695,5591.4765625001555,0.010754498618673057,0.0,117,165,True,0.0
0.0,-0.06,-0.14,False,True,True,True,True,False,False,104,363,139,126,-0.02511226385831833,5598.007324218829,0.02003628707287339,0.0,104,139,True,0.0
0.0,-0.03999999999999998,-0.14,False,True,True,True,True,False,False,118,400,121,111,-0.025112256407737732,4750.040463681836,0.017982451979887588,0.0,118,121,True,0.0
0.0,-0.019999999999999962,-0.14,False,True,True,True,True,False,False,109,373,173,164,-0.025112256407737732,4103.145019531377,0.007380352645514301,0.0,109,173,True,0.0
0.0,0.0,-0.14,False,True,True,True,True,False,False,110,369,136,123,-0.025112256407737732,5652.59082031258,0.014559199379706933,0.0,110,136,True,0.0
0.0,0.020000000000000018,-0.14,False,True,True,True,True,False,False,111,375,127,112,-0.025112256407737732,4472.684082031297,0.013612084070262199,0.0,111,127,True,0.0
0.0,0.040000000000000036,-0.14,False,True,True,True,True,False,False,119,407,132,108,-0.025112248957157135,6118.529785156337,0.007790353166347515,0.0,119,132,True,0.0
0.0,0.06,-0.14,False,True,True,True,True,False,False,112,389,185,165,-0.025111988186836243,5054.452636718907,0.009688179496236632,0.0,112,185,True,0.0
0.0,0.08000000000000002,-0.14,False,True,True,True,True,False,False,115,396,139,131,-0.025112241506576538,5347.4453125000755,0.005802142570767391,0.0,115,139,True,0.0
0.0,0.10000000000000003,-0.14,False,True,True,True,True,False,False,107,351,130,122,-0.025112241506576538,6800.605866440033,0.006289601025778181,0.0,107,130,True,0.0
0.0,0.12000000000000005,-0.14,False,True,True,True,True,False,False,91,302,116,103,-0.025112241506576538,5632.18847656271,0.006746187308296688,0.0,91,116,True,0.0
0.0,0.14000000000000007,-0.14,False,True,True,True,True,False,False,75,254,85,75,-0.025112241506576538,4484.315917968917,0.016096101492793054,0.0,75,85,True,0.0
0.0,0.15999999999999998,-0.14,False,True,True,True,True,False,False,72,238,78,71,-0.025112241506576538,5242.946086977208,0.01664300970001088,0.0,72,78,True,0.0
0.0,0.18,-0.14,False,True,True,True,True,False,False,89,291,84,72,-0.025112241506576538,7320.965820312558,0.022701631515521715,0.0,89,84,True,0.0
0.0,0.2,-0.14,False,True,True,True,True,False,False,76,254,119,114,-0.025112241506576538,5417.333007812702,0.010143923031880435,0.0,76,119,True,0.0
0.0,0.22000000000000003,-0.14,False,True,True,True,True,False,False,61,211,89,69,-0.01996637135744095,7818.940429687792,0.030639395676891817,0.0,61,89,True,0.0
0.0,0.24000000000000005,-0.14,False,True,True,True,True,False,False,51,170,67,56,-0.01996637135744095,4893.335449218932,0.00991710589046381,0.0,51,67,True,0.0
0.0,0.26000000000000006,-0.14,True,False,True,True,True,True,False,40,135,55,48,-0.01996637135744095,5492.247558593955,0.03684630196225627,0.0,40,55,True,0.0
0.0,0.2800000000000001,-0.14,True,False,True,True,True,True,False,34,120,53,49,-0.01996637135744095,5037.702715377816,0.031302080314721085,0.0,34,53,True,0.0
0.0,0.3,-0.14,True,False,True,True,True,True,False,42,138,52,48,-0.01996637135744095,3201.4008789063496,0.004751281159982215,0.0,42,52,True,0.0
0.0,0.32,-0.14,True,False,True,True,True,True,False,35,121,43,36,-0.015396416187286377,6541.304687500053,0.03389883507805536,0.0,35,43,True,0.0
0.0,0.34,-0.14,True,False,False,False,False,False,False,15,43,0,0,0.004430562257766724,0.0,1.4901161193847656e-08,0.0,15,0,False,0.0
0.0,0.36000000000000004,-0.14,True,False,False,False,False,False,False,0,0,0,0,,0.0,1.4901161193847656e-08,0.0,0,0,False,0.0
0.0,0.38000000000000006,-0.14,True,False,False,False,False,False,False,0,0,0,0,,0.0,1.4901161193847656e-08,0.0,0,0,False,0.0
0.0,0.4000000000000001,-0.14,True,False,False,False,False,False,False,0,0,0,0,,0.0,1.4901161193847656e-08,0.0,0,0,False,0.0
0.0,0.42,-0.14,True,False,False,False,False,False,False,0,0,0,0,,0.0,1.4901161193847656e-08,0.0,0,0,False,0.0
0.0,-0.42,-0.12000000000000002,True,False,False,False,False,False,False,0,0,0,0,,0.0,1.4901161193847656e-08,0.0,0,0,False,0.0
0.0,-0.39999999999999997,-0.12000000000000002,True,False,False,False,False,False,False,0,0,0,0,,0.0,1.4901161193847656e-08,0.0,0,0,False,0.0
0.0,-0.38,-0.12000000000000002,True,False,False,False,False,False,False,0,0,0,0,,0.0,1.4901161193847656e-08,0.0,0,0,False,0.0
0.0,-0.36,-0.12000000000000002,True,False,False,False,False,False,False,0,0,0,0,,0.0,1.4901161193847656e-08,0.0,0,0,False,0.0
0.0,-0.33999999999999997,-0.12000000000000002,True,False,False,False,False,False,False,16,52,0,0,0.006583452224731445,0.0,1.4901161193847656e-08,0.0,16,0,False,0.0
0.0,-0.31999999999999995,-0.12000000000000002,True,False,True,True,True,True,False,38,141,54,33,-0.013416588306427002,7826.103119797654,0.023252964676405304,0.0,38,54,True,0.0
0.0,-0.3,-0.12000000000000002,True,False,True,True,True,True,False,52,186,80,60,-0.020959846675395966,5073.48046875004,0.028872251724459393,0.0,52,80,True,0.0
0.0,-0.27999999999999997,-0.12000000000000002,True,False,True,True,True,True,False,49,170,71,61,-0.02095986157655716,5237.617899657098,0.023876175966596636,0.0,49,71,True,0.0
0.0,-0.26,-0.12000000000000002,True,False,True,True,True,True,False,46,152,59,52,-0.02095986157655716,6049.77632442263,0.043207741101495376,0.0,46,59,True,0.0
0.0,-0.24,-0.12000000000000002,False,True,True,True,True,False,False,50,190,90,75,-0.02095986157655716,7535.15625000006,0.01803907727501813,0.0,50,90,True,0.0
0.0,-0.21999999999999997,-0.12000000000000002,False,True,True,True,True,False,False,58,207,103,92,-0.02095986157655716,7306.659179687704,0.015494317111716845,0.0,58,103,True,0.0
0.0,-0.19999999999999998,-0.12000000000000002,False,True,True,True,True,False,False,61,210,99,89,-0.036150962114334106,10376.115234375075,0.01123086476761126,0.0,61,99,True,0.0
0.0,-0.18,-0.12000000000000002,False,True,True,True,True,False,False,81,264,82,71,-0.04511232674121857,7043.871093750262,0.03859373654234403,0.0,81,82,True,0.0
0.0,-0.15999999999999998,-0.12000000000000002,False,True,True,True,True,False,False,74,263,121,100,-0.04511232674121857,8911.824218750331,0.018441571008661884,0.0,74,121,True,0.0
0.0,-0.13999999999999996,-0.12000000000000002,False,True,True,True,True,False,False,78,260,95,77,-0.04511232674121857,8668.581054687824,0.023387127692769436,0.0,78,95,True,0.0
0.0,-0.12,-0.12000000000000002,False,True,True,True,True,False,False,92,303,102,92,-0.04511232674121857,6115.68310546892,0.0257312194041713,0.0,92,102,True,0.0
0.0,-0.09999999999999998,-0.12000000000000002,False,True,True,True,True,False,False,101,362,151,126,-0.04511232674121857,13411.136333396938,0.02748027259869749,0.0,101,151,True,0.0
0.0,-0.07999999999999996,-0.12000000000000002,False,True,True,True,True,False,False,103,369,159,140,-0.026480041444301605,7589.680175781358,0.019662374196184874,0.0,103,159,True,0.0
0.0,-0.06,-0.12000000000000002,False,True,True,True,True,False,False,88,317,141,130,-0.03084643930196762,5971.963867187723,0.009806820221269498,0.0,88,141,True,0.0
0.0,-0.03999999999999998,-0.12000000000000002,False,True,True,True,True,False,False,100,356,116,108,-0.045112259685993195,8045.1064453128,0.022317536853145418,0.0,100,116,True,0.0
0.0,-0.019999999999999962,-0.12000000000000002,False,True,True,True,True,False,False,95,337,170,161,-0.045112259685993195,8465.302734375317,0.018073255767804903,0.0,95,170,True,0.0
0.0,0.0,-0.12000000000000002,False,True,True,True,True,False,False,96,336,133,120,-0.045112259685993195,6292.080078125235,0.01629947572827228,0.0,96,133,True,0.0
0.0,0.020000000000000018,-0.12000000000000002,False,True,True,True,True,False,False,97,339,128,113,-0.045112259685993195,6526.171386718993,0.020914423346054145,0.0,97,128,True,0.0
0.0,0.040000000000000036,-0.12000000000000002,False,True,True,True,True,False,False,101,355,127,105,-0.0451122522354126,6207.370605468816,0.020695637394412405,0.0,101,127,True,0.0
0.0,0.06,-0.12000000000000002,False,True,True,True,True,False,False,95,353,183,163,-0.03178427368402481,6205.181152343981,0.028260280105973437,0.0,95,183,True,0.0
0.0,0.08000000000000002,-0.12000000000000002,False,True,True,True,True,False,False,97,352,139,131,-0.02554195374250412,6814.196777343846,0.008199517320343538,0.0,97,139,True,0.0
0.0,0.10000000000000003,-0.12000000000000002,False,True,True,True,True,False,False,89,310,128,120,-0.045112244784832,8539.58691406257,0.014085913776814613,0.0,89,128,True,0.0
0.0,0.12000000000000005,-0.12000000000000002,False,True,True,True,True,False,False,77,267,110,100,-0.045112244784832,7470.601074219028,0.03817238393959225,0.0,77,110,True,0.0
0.0,0.14000000000000007,-0.12000000000000002,False,True,True,True,True,False,False,64,223,82,72,-0.045112244784832,7795.703613281361,0.03458404357185593,0.0,64,82,True,0.0
0.0,0.15999999999999998,-0.12000000000000002,False,True,True,True,True,False,False,59,198,79,69,-0.045112244784832,5782.143799668318,0.03095864014817457,0.0,59,79,True,0.0
0.0,0.18,-0.12000000000000002,False,True,True,True,True,False,False,72,252,80,68,-0.045112244784832,6359.353013752121,0.044661908364368265,0.0,72,80,True,0.0
0.0,0.2,-0.12000000000000002,False,True,True,True,True,False,False,61,224,117,113,-0.037088751792907715,7510.95166015631,0.009508657109784885,0.0,61,117,True,0.0
0.0,0.22000000000000003,-0.12000000000000002,False,True,True,True,True,False,False,53,191,88,68,-0.020959891378879547,8535.766601562818,0.01712672675033239,0.0,53,88,True,0.0
0.0,0.24000000000000005,-0.12000000000000002,False,True,True,True,True,False,False,41,142,61,56,-0.020959891378879547,7024.825683593806,0.008875243799076095,0.0,41,61,True,0.0
0.0,0.26000000000000006,-0.12000000000000002,True,False,True,True,True,True,False,32,114,55,48,-0.020959891378879547,7171.717285156517,0.023698732754649045,0.0,32,55,True,0.0
0.0,0.2800000000000001,-0.12000000000000002,True,False,True,True,True,True,False,30,110,53,49,-0.020959891378879547,4007.5500488282746,0.034030029084873854,0.0,30,53,True,0.0
0.0,0.3,-0.12000000000000002,True,False,True,True,True,True,False,39,130,52,48,-0.02095990628004074,4975.52880859379,0.027221465524637597,0.0,39,52,True,0.0
0.0,0.32,-0.12000000000000002,True,False,True,True,True,True,False,35,124,43,36,-0.015396416187286377,5872.640625000047,0.028414804095218266,0.0,35,43,True,0.0
0.0,0.34,-0.12000000000000002,True,False,False,False,False,False,False,14,42,0,0,0.004430562257766724,0.0,1.4901161193847656e-08,0.0,14,0,False,0.0
0.0,0.36000000000000004,-0.12000000000000002,True,False,False,False,False,False,False,0,0,0,0,,0.0,1.4901161193847656e-08,0.0,0,0,False,0.0
0.0,0.38000000000000006,-0.12000000000000002,True,False,False,False,False,False,False,0,0,0,0,,0.0,1.4901161193847656e-08,0.0,0,0,False,0.0
0.0,0.4000000000000001,-0.12000000000000002,True,False,False,False,False,False,False,0,0,0,0,,0.0,1.4901161193847656e-08,0.0,0,0,False,0.0
0.0,0.42,-0.12000000000000002,True,False,False,False,False,False,False,0,0,0,0,,0.0,1.4901161193847656e-08,0.0,0,0,False,0.0
0.0,-0.42,-0.10000000000000003,True,False,False,False,False,False,False,0,0,0,0,,0.0,1.5017576543430167e-08,0.0,0,0,False,0.0
0.0,-0.39999999999999997,-0.10000000000000003,True,False,False,False,False,False,False,0,0,0,0,,0.0,1.5017576543430167e-08,0.0,0,0,False,0.0
0.0,-0.38,-0.10000000000000003,True,False,False,False,False,False,False,0,0,0,0,,0.0,1.5017576543430167e-08,0.0,0,0,False,0.0
0.0,-0.36,-0.10000000000000003,True,False,False,False,False,False,False,0,0,0,0,,0.0,1.5017576543430167e-08,0.0,0,0,False,0.0
0.0,-0.33999999999999997,-0.10000000000000003,True,False,False,False,False,False,False,17,61,0,0,0.006583452224731445,0.0,1.5017576543430167e-08,0.0,17,0,False,0.0
0.0,-0.31999999999999995,-0.10000000000000003,True,False,True,True,True,True,False,42,154,70,41,-0.013416588306427002,4415.235542660076,0.048805179405948265,0.0,42,70,True,0.0
0.0,-0.3,-0.10000000000000003,True,False,True,True,True,True,False,54,197,96,68,-0.020959846675395966,3805.6115722657305,0.030588517588769217,0.0,54,96,True,0.0
0.0,-0.27999999999999997,-0.10000000000000003,True,False,True,True,True,True,False,52,182,83,65,-0.020959846675395966,4339.885253906412,0.013686385950963675,0.0,52,83,True,0.0
0.0,-0.26,-0.10000000000000003,True,False,True,True,True,True,False,49,161,71,56,-0.02095986157655716,5181.883789062693,0.022428627526421024,0.0,49,71,True,0.0
0.0,-0.24,-0.10000000000000003,False,True,True,True,True,False,False,53,199,102,79,-0.02095986157655716,8137.107421875304,0.029733956836911827,0.0,53,102,True,0.0
0.0,-0.21999999999999997,-0.10000000000000003,False,True,True,True,True,False,False,60,213,113,92,-0.02095986157655716,6072.891113281293,0.009066551355251959,0.0,60,113,True,0.0
0.0,-0.19999999999999998,-0.10000000000000003,False,True,True,True,True,False,False,60,216,98,90,-0.02746012806892395,7784.5390625000555,0.011213252620026723,0.0,60,98,True,0.0
0.0,-0.18,-0.10000000000000003,False,True,True,True,True,False,False,78,269,89,78,-0.03287120163440704,6326.241699218926,0.015434848551902546,0.0,78,89,True,0.0
0.0,-0.15999999999999998,-0.10000000000000003,False,True,True,True,True,False,False,76,273,143,110,-0.03287120163440704,7718.7764462578825,0.011098553895636243,0.0,76,143,True,0.0
0.0,-0.13999999999999996,-0.10000000000000003,False,True,True,True,True,False,False,79,270,109,83,-0.03287120163440704,5037.080078125072,0.00782271842298506,0.0,79,109,True,0.0
0.0,-0.12,-0.10000000000000003,False,True,True,True,True,False,False,98,329,116,98,-0.03287120163440704,6124.727050781337,0.02395428506960855,0.0,98,116,True,0.0
0.0,-0.09999999999999998,-0.10000000000000003,False,True,True,True,True,False,False,108,387,174,139,-0.02746012806892395,6992.566911416517,0.010087104967135696,0.0,108,174,True,0.0
0.0,-0.07999999999999996,-0.10000000000000003,False,True,True,True,True,False,False,108,396,187,152,-0.025266356766223907,7075.726074219014,0.010049216777872717,0.0,108,187,True,0.0
0.0,-0.06,-0.10000000000000003,False,True,True,True,True,False,False,94,347,164,135,-0.027460187673568726,6039.234375000226,0.020387112509665115,0.0,94,164,True,0.0
0.0,-0.03999999999999998,-0.10000000000000003,False,True,True,True,True,False,False,105,373,133,117,-0.03287126123905182,7873.249023437794,0.033885277519573966,0.0,105,133,True,0.0
0.0,-0.019999999999999962,-0.10000000000000003,False,True,True,True,True,False,False,101,363,208,175,-0.03287126123905182,7649.570312500108,0.024528367944474685,0.0,101,208,True,0.0
0.0,0.0,-0.10000000000000003,False,True,True,True,True,False,False,98,348,163,130,-0.03287126123905182,4949.332519531435,0.01697114594902653,0.0,98,163,True,0.0
0.0,0.020000000000000018,-0.10000000000000003,False,True,True,True,True,False,False,102,362,142,119,-0.03287126123905182,6511.355468750093,0.01938182388107404,0.0,102,142,True,0.0
0.0,0.040000000000000036,-0.10000000000000003,False,True,True,True,True,False,False,111,382,143,113,-0.027460187673568726,7233.820800781353,0.01669506370391574,0.0,111,143,True,0.0
0.0,0.06,-0.10000000000000003,False,True,True,True,True,False,False,105,387,219,175,-0.027460187673568726,7462.739576780901,0.015922450613387613,0.0,105,219,True,0.0
0.0,0.08000000000000002,-0.10000000000000003,False,True,True,True,True,False,False,105,378,163,139,-0.024310410022735596,5533.5190429689565,0.009359610377878445,0.0,105,163,True,0.0
0.0,0.10000000000000003,-0.10000000000000003,False,True,True,True,True,False,False,93,324,149,133,-0.031248368322849274,7755.184028266244,0.017251425152588824,0.0,93,149,True,0.0
0.0,0.12000000000000005,-0.10000000000000003,False,True,True,True,True,False,False,81,284,124,106,-0.03287127614021301,5916.98876953147,0.024661214639064274,0.0,81,124,True,0.0
0.0,0.14000000000000007,-0.10000000000000003,False,True,True,True,True,False,False,64,228,96,78,-0.03287127614021301,6108.922363281477,0.00414198896483155,0.0,64,96,True,0.0
0.0,0.15999999999999998,-0.10000000000000003,False,True,True,True,True,False,False,59,203,89,74,-0.03287127614021301,6578.660928212383,0.013211468777779203,0.0,59,89,True,0.0
0.0,0.18,-0.10000000000000003,False,True,True,True,True,False,False,79,275,81,73,-0.03121982514858246,7159.720214843807,0.011422764980074305,0.0,79,81,True,0.0
0.0,0.2,-0.10000000000000003,False,True,True,True,True,False,False,68,251,141,121,-0.027460217475891113,6224.479003906482,0.008694781479415787,0.0,68,141,True,0.0
0.0,0.22000000000000003,-0.10000000000000003,False,True,True,True,True,False,False,58,203,102,73,-0.020959891378879547,9215.262695312844,0.008372894385236949,0.0,58,102,True,0.0
0.0,0.24000000000000005,-0.10000000000000003,False,True,True,True,True,False,False,44,153,73,60,-0.020959891378879547,6429.67138671899,0.03320306654480354,0.0,44,73,True,0.0
0.0,0.26000000000000006,-0.10000000000000003,True,False,True,True,True,True,False,35,123,67,52,-0.020959891378879547,4584.298828125171,0.014514004443570268,0.0,35,67,True,0.0
0.0,0.2800000000000001,-0.10000000000000003,True,False,True,True,True,True,False,33,119,65,53,-0.020959891378879547,7011.138183594011,0.02378388254090932,0.0,33,65,True,0.0
0.0,0.3,-0.10000000000000003,True,False,True,True,True,True,False,40,138,64,52,-0.020959891378879547,3747.7055664063896,0.031761436444729334,0.0,40,64,True,0.0
0.0,0.32,-0.10000000000000003,True,False,True,True,True,True,False,36,128,51,44,-0.015396416187286377,6027.466308593798,0.02550500631199745,0.0,36,51,True,0.0
0.0,0.34,-0.10000000000000003,True,False,False,False,False,False,False,13,46,0,0,0.004430562257766724,0.0,1.5017576543430167e-08,0.0,13,0,False,0.0
0.0,0.36000000000000004,-0.10000000000000003,True,False,False,False,False,False,False,0,0,0,0,,0.0,1.5017576543430167e-08,0.0,0,0,False,0.0
0.0,0.38000000000000006,-0.10000000000000003,True,False,False,False,False,False,False,0,0,0,0,,0.0,1.5017576543430167e-08,0.0,0,0,False,0.0
0.0,0.4000000000000001,-0.10000000000000003,True,False,False,False,False,False,False,0,0,0,0,,0.0,1.5017576543430167e-08,0.0,0,0,False,0.0
0.0,0.42,-0.10000000000000003,True,False,False,False,False,False,False,0,0,0,0,,0.0,1.5017576543430167e-08,0.0,0,0,False,0.0
0.0,-0.42,-0.08000000000000002,True,False,False,False,False,False,False,0,0,0,0,,0.0,1.4901161193847656e-08,0.0,0,0,False,0.0
0.0,-0.39999999999999997,-0.08000000000000002,True,False,False,False,False,False,False,0,0,0,0,,0.0,1.4901161193847656e-08,0.0,0,0,False,0.0
0.0,-0.38,-0.08000000000000002,True,False,False,False,False,False,False,0,0,0,0,,0.0,1.4901161193847656e-08,0.0,0,0,False,0.0
0.0,-0.36,-0.08000000000000002,True,False,False,False,False,False,False,0,0,0,0,,0.0,1.4901161193847656e-08,0.0,0,0,False,0.0
0.0,-0.33999999999999997,-0.08000000000000002,True,False,False,False,False,False,False,17,62,0,0,0.006580755114555359,0.0,1.4901161193847656e-08,0.0,17,0,False,0.0
0.0,-0.31999999999999995,-0.08000000000000002,True,False,True,True,True,True,False,43,157,65,40,-0.013419225811958313,6790.510613166197,0.02482043633443983,0.0,43,65,True,0.0
0.0,-0.3,-0.08000000000000002,True,False,True,True,True,True,False,54,201,92,72,-0.02226327359676361,7808.451660156541,0.02803925784847798,0.0,54,92,True,0.0
0.0,-0.27999999999999997,-0.08000000000000002,True,False,True,True,True,True,False,50,179,79,69,-0.022263266146183014,7120.587402343948,0.04809891342612097,0.0,50,79,True,0.0
0.0,-0.26,-0.08000000000000002,True,False,True,True,True,True,False,48,161,67,60,-0.022263266146183014,9871.756835937775,0.022793571029404262,0.0,48,67,True,0.0
0.0,-0.24,-0.08000000000000002,False,True,True,True,True,False,False,58,216,98,83,-0.022263266146183014,11622.968750000433,0.02099792469743109,0.0,58,98,True,0.0
0.0,-0.21999999999999997,-0.08000000000000002,False,True,True,True,True,False,False,77,245,115,97,-0.022263258695602417,9374.92968750035,0.004702663270551472,0.0,77,115,True,0.0
0.0,-0.19999999999999998,-0.08000000000000002,False,True,True,True,True,False,False,82,275,107,91,-0.022263258695602417,9629.899414062858,0.021280525399835454,0.0,82,107,True,0.0
0.0,-0.18,-0.08000000000000002,False,True,True,True,True,False,False,99,340,96,78,-0.02095986157655716,5395.168457031451,0.005923221891024977,0.0,99,96,True,0.0
0.0,-0.15999999999999998,-0.08000000000000002,False,True,True,True,True,False,False,85,306,149,114,-0.022263340651988983,9760.894531250364,0.002783300809022285,0.0,85,149,True,0.0
0.0,-0.13999999999999996,-0.08000000000000002,False,True,True,True,True,False,False,95,323,113,87,-0.022263333201408386,9342.30078125035,0.012051826682912882,0.0,95,113,True,0.0
0.0,-0.12,-0.08000000000000002,False,True,True,True,True,False,False,111,373,124,102,-0.022263333201408386,6584.646972656344,0.005911862859078453,0.0,111,124,True,0.0
0.0,-0.09999999999999998,-0.08000000000000002,False,True,True,True,True,False,False,126,444,181,144,-0.022263333201408386,10261.484157661946,0.014568842692695452,0.0,126,181,True,0.0
0.0,-0.07999999999999996,-0.08000000000000002,False,True,True,True,True,False,False,129,449,194,162,-0.022265031933784485,9963.580078125371,0.006111592310026792,0.0,129,194,True,0.0
0.0,-0.06,-0.08000000000000002,False,True,True,True,True,False,False,118,400,168,144,-0.022265024483203888,8748.811523437744,0.012687877402484626,0.0,118,168,True,0.0
0.0,-0.03999999999999998,-0.08000000000000002,False,True,True,True,True,False,False,128,458,140,122,-0.022265024483203888,10600.901367187895,0.014875799704429574,0.0,128,140,True,0.0
0.0,-0.019999999999999962,-0.08000000000000002,False,True,True,True,True,False,False,109,398,208,191,-0.022265024483203888,8944.57421875025,0.007700385298223668,0.0,109,208,True,0.0
0.0,0.0,-0.08000000000000002,False,True,True,True,True,False,False,116,401,163,138,-0.02226501703262329,8995.926757812835,0.011009395612529168,0.0,116,163,True,0.0
0.0,0.020000000000000018,-0.08000000000000002,False,True,True,True,True,False,False,119,407,145,122,-0.02226501703262329,9330.01367187526,0.017121628309139207,0.0,119,145,True,0.0
0.0,0.040000000000000036,-0.08000000000000002,False,True,True,True,True,False,False,130,447,151,121,-0.02226322889328003,9737.494140625362,0.01617627405824395,0.0,130,151,True,0.0
0.0,0.06,-0.08000000000000002,False,True,True,True,True,False,False,120,428,223,187,-0.022265098989009857,10706.6777343754,0.006339943790718772,0.0,120,223,True,0.0
0.0,0.08000000000000002,-0.08000000000000002,False,True,True,True,True,False,False,134,446,172,148,-0.02226509153842926,11195.668945312917,0.006392560658775577,0.0,134,172,True,0.0
0.0,0.10000000000000003,-0.08000000000000002,False,True,True,True,True,False,False,117,402,155,139,-0.02226509153842926,8346.740456441952,0.021650643544066747,0.0,117,155,True,0.0
0.0,0.12000000000000005,-0.08000000000000002,False,True,True,True,True,False,False,92,322,128,110,-0.02226509153842926,7647.542968750108,0.018293216449276707,0.0,92,128,True,0.0
0.0,0.14000000000000007,-0.08000000000000002,False,True,True,True,True,False,False,76,270,100,82,-0.02226509153842926,8933.464843750333,0.005866309964348844,0.0,76,100,True,0.0
0.0,0.15999999999999998,-0.08000000000000002,False,True,True,True,True,False,False,77,259,92,78,-0.022265084087848663,8455.080078125315,0.00991314147310513,0.0,77,92,True,0.0
0.0,0.18,-0.08000000000000002,False,True,True,True,True,False,False,103,344,98,80,-0.020959876477718353,6652.467773437553,0.0128308749378739,0.0,103,98,True,0.0
0.0,0.2,-0.08000000000000002,False,True,True,True,True,False,False,86,299,149,133,-0.022264987230300903,6763.901855469002,0.007272055682187174,0.0,86,149,True,0.0
0.0,0.22000000000000003,-0.08000000000000002,False,True,True,True,True,False,False,79,257,107,83,-0.022264987230300903,6095.679687500227,0.022874222746453628,0.0,79,107,True,0.0
0.0,0.24000000000000005,-0.08000000000000002,False,True,True,True,True,False,False,56,187,69,64,-0.022264987230300903,7772.310546875289,0.004307671313616352,0.0,56,69,True,0.0
0.0,0.26000000000000006,-0.08000000000000002,True,False,True,True,True,True,False,36,127,63,56,-0.022264987230300903,11487.687500000427,0.0201325000983765,0.0,36,63,True,0.0
0.0,0.2800000000000001,-0.08000000000000002,True,False,True,True,True,True,False,33,121,61,57,-0.022264979779720306,10489.988281250391,0.024047489668714207,0.0,33,61,True,0.0
0.0,0.3,-0.08000000000000002,True,False,True,True,True,True,False,44,145,60,56,-0.022264979779720306,10748.8300781254,0.02034800938898029,0.0,44,60,True,0.0
0.0,0.32,-0.08000000000000002,True,False,True,True,True,True,False,38,129,50,43,-0.015396416187286377,7097.628437212047,0.03787448509780637,0.0,38,50,True,0.0
0.0,0.34,-0.08000000000000002,True,False,False,False,False,False,False,14,49,0,0,0.004430562257766724,0.0,1.4901161193847656e-08,0.0,14,0,False,0.0
0.0,0.36000000000000004,-0.08000000000000002,True,False,False,False,False,False,False,0,0,0,0,,0.0,1.4901161193847656e-08,0.0,0,0,False,0.0
0.0,0.38000000000000006,-0.08000000000000002,True,False,False,False,False,False,False,0,0,0,0,,0.0,1.4901161193847656e-08,0.0,0,0,False,0.0
0.0,0.4000000000000001,-0.08000000000000002,True,False,False,False,False,False,False,0,0,0,0,,0.0,1.4901161193847656e-08,0.0,0,0,False,0.0
0.0,0.42,-0.08000000000000002,True,False,False,False,False,False,False,0,0,0,0,,0.0,1.4901161193847656e-08,0.0,0,0,False,0.0
0.0,-0.42,-0.06,True,False,False,False,False,False,False,0,0,0,0,,0.0,1.4901161193847656e-08,0.0,0,0,False,0.0
0.0,-0.39999999999999997,-0.06,True,False,False,False,False,False,False,0,0,0,0,,0.0,1.4901161193847656e-08,0.0,0,0,False,0.0
0.0,-0.38,-0.06,True,False,False,False,False,False,False,0,0,0,0,,0.0,1.4901161193847656e-08,0.0,0,0,False,0.0
0.0,-0.36,-0.06,True,False,False,False,False,False,False,0,0,0,0,,0.0,1.4901161193847656e-08,0.0,0,0,False,0.0
0.0,-0.33999999999999997,-0.06,True,False,False,False,False,False,False,28,79,0,0,0.006578177213668823,0.0,1.4901161193847656e-08,0.0,28,0,False,0.0
0.0,-0.31999999999999995,-0.06,True,False,True,True,True,True,False,68,222,74,41,-0.013416588306427002,4928.86848253987,0.01553701562473819,0.0,68,74,True,0.0
0.0,-0.3,-0.06,True,False,True,True,True,True,False,89,295,100,72,-0.02095983177423477,5308.326660156448,0.009533255167412876,0.0,89,100,True,0.0
0.0,-0.27999999999999997,-0.06,True,False,True,True,True,True,False,80,270,87,69,-0.02095983177423477,7553.897949219032,0.052185107150775276,0.0,80,87,True,0.0
0.0,-0.26,-0.06,True,False,True,True,True,True,False,85,276,75,60,-0.02095983177423477,7328.954101562704,0.01899390271733192,0.0,85,75,True,0.0
0.0,-0.24,-0.06,False,True,True,True,True,False,False,102,340,116,87,-0.02095983177423477,7657.380859375213,0.02889772264658173,0.0,102,116,True,0.0
0.0,-0.21999999999999997,-0.06,False,True,True,True,True,False,False,120,400,147,119,-0.020959846675395966,7788.54833984404,0.009609364930687644,0.0,120,147,True,0.0
0.0,-0.19999999999999998,-0.06,False,True,True,True,True,False,False,136,431,154,118,-0.020959846675395966,8024.373046875057,0.013265487176018815,0.0,136,154,True,0.0
0.0,-0.18,-0.06,False,True,True,True,True,False,False,157,502,147,96,-0.020959846675395966,5670.272949218961,0.013485350458284086,0.0,157,147,True,0.0
0.0,-0.15999999999999998,-0.06,False,True,True,True,True,False,False,160,531,177,133,-0.020959846675395966,6653.383300781435,0.015822826243914286,0.0,160,177,True,0.0
0.0,-0.13999999999999996,-0.06,False,True,True,True,True,False,False,160,495,141,108,-0.020959846675395966,6607.9033203127465,0.004353967887170303,0.0,160,141,True,0.0
0.0,-0.12,-0.06,False,True,True,True,True,False,False,190,595,160,132,-0.020959846675395966,5656.248773308499,0.0019502325854608682,0.0,190,160,True,0.0
0.0,-0.09999999999999998,-0.06,False,True,True,True,True,False,False,217,695,216,171,-0.02095986157655716,6694.203305512319,0.011989315624615055,0.0,217,216,True,0.0
0.0,-0.07999999999999996,-0.06,False,True,True,True,True,False,False,215,700,219,185,-0.02095986157655716,6441.18945312524,0.00454761109537157,0.0,215,219,True,0.0
0.0,-0.06,-0.06,False,True,True,True,True,False,False,198,650,223,189,-0.02095986157655716,7130.767578125266,0.0076472050072338565,0.0,198,223,True,0.0
0.0,-0.03999999999999998,-0.06,False,True,True,True,True,False,False,211,676,201,163,-0.02095986157655716,6185.966308593838,0.009964943017964873,0.0,211,201,True,0.0
0.0,-0.019999999999999962,-0.06,False,True,True,True,True,False,False,210,691,248,220,-0.02095986157655716,5920.751464843971,0.009641830606047997,0.0,210,248,True,0.0
0.0,0.0,-0.06,False,True,True,True,True,False,False,207,656,203,167,-0.02095986157655716,6414.012207031489,0.007555558717853762,0.0,207,203,True,0.0
0.0,0.020000000000000018,-0.06,False,True,True,True,True,False,False,202,649,195,160,-0.020959876477718353,6661.716796875248,0.018115364225839807,0.0,202,195,True,0.0
0.0,0.040000000000000036,-0.06,False,True,True,True,True,False,False,216,685,193,148,-0.020959876477718353,8108.769531250302,0.012706129593417357,0.0,216,193,True,0.0
0.0,0.06,-0.06,False,True,True,True,True,False,False,211,705,252,211,-0.020959876477718353,9668.49707031286,0.016259791097309476,0.0,211,256,True,0.0
0.0,0.08000000000000002,-0.06,False,True,True,True,True,False,False,212,702,217,187,-0.020959876477718353,7269.307128906521,0.007835728679010358,0.0,212,217,True,0.0
0.0,0.10000000000000003,-0.06,False,True,True,True,True,False,False,200,630,210,181,-0.02095986157655716,7515.838271676919,0.011346066345193775,0.0,200,210,True,0.0
0.0,0.12000000000000005,-0.06,False,True,True,True,True,False,False,178,571,161,139,-0.02095986157655716,7534.813964844031,0.003236332813442549,0.0,178,161,True,0.0
0.0,0.14000000000000007,-0.06,False,True,True,True,True,False,False,152,482,132,112,-0.02095986157655716,6158.162109375087,0.009057916889817429,0.0,152,132,True,0.0
0.0,0.15999999999999998,-0.06,False,True,True,True,True,False,False,144,455,129,113,-0.02095986157655716,6411.468543043476,0.009546637008520402,0.0,144,128,True,0.0
0.0,0.18,-0.06,False,True,True,True,True,False,False,167,517,137,118,-0.020959876477718353,7081.102050781514,0.003463950761571538,0.0,167,137,True,0.0
0.0,0.2,-0.06,False,True,True,True,True,False,False,153,498,171,164,-0.020959876477718353,6039.823730468799,0.011308650819636501,0.0,153,171,True,0.0
0.0,0.22000000000000003,-0.06,False,True,True,True,True,False,False,128,423,133,101,-0.020959876477718353,6510.844238281302,0.0073840015611750095,0.0,128,133,True,0.0
0.0,0.24000000000000005,-0.06,False,True,True,True,True,False,False,102,328,112,95,-0.020959876477718353,8348.242187500311,0.007371579983100427,0.0,102,112,True,0.0
0.0,0.26000000000000006,-0.06,True,False,True,True,True,True,False,84,281,75,68,-0.020959876477718353,8515.244140625318,0.020092622823216465,0.0,84,75,True,0.0
0.0,0.2800000000000001,-0.06,True,False,True,True,True,True,False,75,242,73,66,-0.020959876477718353,7226.131347656519,0.010324442657121593,0.0,75,73,True,0.0
0.0,0.3,-0.06,True,False,True,True,True,True,False,84,268,72,67,-0.020959891378879547,5841.742675781467,0.02769483920247874,0.0,84,72,True,0.0
0.0,0.32,-0.06,True,False,True,True,True,True,False,68,197,56,52,-0.015396416187286377,6103.784667968799,0.00697256699136212,0.0,68,56,True,0.0
0.0,0.34,-0.06,True,False,False,False,False,False,False,21,61,0,0,0.004427388310432434,0.0,1.4901161193847656e-08,0.0,21,0,False,0.0
0.0,0.36000000000000004,-0.06,True,False,False,False,False,False,False,0,0,0,0,,0.0,1.4901161193847656e-08,0.0,0,0,False,0.0
0.0,0.38000000000000006,-0.06,True,False,False,False,False,False,False,0,0,0,0,,0.0,1.4901161193847656e-08,0.0,0,0,False,0.0
0.0,0.4000000000000001,-0.06,True,False,False,False,False,False,False,0,0,0,0,,0.0,1.4901161193847656e-08,0.0,0,0,False,0.0
0.0,0.42,-0.06,True,False,False,False,False,False,False,0,0,0,0,,0.0,1.4901161193847656e-08,0.0,0,0,False,0.0
0.0,-0.42,-0.040000000000000036,True,False,False,False,False,False,False,0,0,0,0,,0.0,1.4901161193847656e-08,0.0,0,0,False,0.0
0.0,-0.39999999999999997,-0.040000000000000036,True,False,False,False,False,False,False,0,0,0,0,,0.0,1.4901161193847656e-08,0.0,0,0,False,0.0
0.0,-0.38,-0.040000000000000036,True,False,False,False,False,False,False,0,0,0,0,,0.0,1.4901161193847656e-08,0.0,0,0,False,0.0
0.0,-0.36,-0.040000000000000036,True,False,False,False,False,False,False,0,0,0,0,,0.0,1.4901161193847656e-08,0.0,0,0,False,0.0
0.0,-0.33999999999999997,-0.040000000000000036,True,False,False,False,False,False,False,29,84,0,0,0.006578236818313599,0.0,1.4901161193847656e-08,0.0,29,0,False,0.0
0.0,-0.31999999999999995,-0.040000000000000036,True,False,True,True,True,True,False,79,274,99,57,-0.013416588306427002,5139.646691979269,0.07641602625886398,0.0,79,99,True,0.0
0.0,-0.3,-0.040000000000000036,True,False,True,True,True,True,False,104,361,171,110,-0.02095983177423477,4103.519042968903,0.03724125603421994,0.0,104,171,True,0.0
0.0,-0.27999999999999997,-0.040000000000000036,True,False,True,True,True,True,False,97,342,154,108,-0.02095983177423477,8232.475585937807,0.02956536557419292,0.0,97,154,True,0.0
0.0,-0.26,-0.040000000000000036,True,False,True,True,True,True,False,100,343,139,101,-0.02095983177423477,6698.6489257815,0.009347159978887982,0.0,100,139,True,0.0
0.0,-0.24,-0.040000000000000036,False,True,True,True,True,False,False,110,395,206,154,-0.02095983177423477,5527.283691406404,0.016348753561292846,0.0,110,206,True,0.0
0.0,-0.21999999999999997,-0.040000000000000036,False,True,True,True,True,False,False,132,459,201,162,-0.02095983177423477,6923.998046875258,0.009274068220229555,0.0,132,201,True,0.0
0.0,-0.19999999999999998,-0.040000000000000036,False,True,True,True,True,False,False,145,487,195,137,-0.020959846675395966,7722.021484375288,0.0036589624597509855,0.0,145,195,True,0.0
0.0,-0.18,-0.040000000000000036,False,True,True,True,True,False,False,181,611,196,155,-0.020959846675395966,7142.698730468807,0.012089480703282687,0.0,181,196,True,0.0
0.0,-0.15999999999999998,-0.040000000000000036,False,True,True,True,True,False,False,176,614,280,200,-0.020959846675395966,7410.5581054690265,0.006014662423671681,0.0,176,280,True,0.0
0.0,-0.13999999999999996,-0.040000000000000036,False,True,True,True,True,False,False,206,653,225,162,-0.020959846675395966,4201.463378906406,0.002407714897702182,0.0,205,225,True,0.0
0.0,-0.12,-0.040000000000000036,False,True,True,True,True,False,False,224,736,269,212,-0.020959846675395966,5171.909667968943,0.003405949078716386,0.0,224,269,True,0.0
0.0,-0.09999999999999998,-0.040000000000000036,False,True,True,True,True,False,False,234,818,337,247,-0.020959846675395966,7040.095297603466,0.014671991722349247,0.0,234,337,True,0.0
0.0,-0.07999999999999996,-0.040000000000000036,False,True,True,True,True,False,False,223,785,346,276,-0.02095986157655716,6012.033691406475,0.008117893590640284,0.0,223,346,True,0.0
0.0,-0.06,-0.040000000000000036,False,True,True,True,True,False,False,205,734,308,244,-0.02095986157655716,5378.875488281326,0.006071738546168401,0.0,203,308,True,0.0
0.0,-0.03999999999999998,-0.040000000000000036,False,True,True,True,True,False,False,227,789,279,222,-0.02095986157655716,6143.846679687729,0.006343686371462326,0.0,227,279,True,0.0
0.0,-0.019999999999999962,-0.040000000000000036,False,True,True,True,True,False,False,221,785,401,322,-0.02095986157655716,5978.029296875085,0.005539084215156551,0.0,221,401,True,0.0
0.0,0.0,-0.040000000000000036,False,True,True,True,True,False,False,230,785,324,251,-0.02095986157655716,4977.0576171876855,0.013017331926125827,0.0,231,324,True,0.0
0.0,0.020000000000000018,-0.040000000000000036,False,True,True,True,True,False,False,217,737,288,217,-0.02095986157655716,7787.56103515654,0.01141435427298035,0.0,217,288,True,0.0
0.0,0.040000000000000036,-0.040000000000000036,False,True,True,True,True,False,False,232,801,272,206,-0.020959876477718353,5987.486816406474,0.009620541672925469,0.0,232,272,True,0.0
0.0,0.06,-0.040000000000000036,False,True,True,True,True,False,False,213,769,396,312,-0.020959876477718353,6015.995117187724,0.007916040729954252,0.0,213,396,True,0.0
0.0,0.08000000000000002,-0.040000000000000036,False,True,True,True,True,False,False,221,785,311,256,-0.020959876477718353,10159.532226562878,0.01649789009664355,0.0,221,311,True,0.0
0.0,0.10000000000000003,-0.040000000000000036,False,True,True,True,True,False,False,216,743,304,247,-0.02095986157655716,7078.398004340464,0.003605737541479679,0.0,217,304,True,0.0
0.0,0.12000000000000005,-0.040000000000000036,False,True,True,True,True,False,False,192,680,292,230,-0.02095986157655716,5198.542480468944,0.005884868490535544,0.0,191,292,True,0.0
0.0,0.14000000000000007,-0.040000000000000036,False,True,True,True,True,False,False,181,610,223,176,-0.02095986157655716,5554.849121093795,0.005315401308729289,0.0,180,223,True,0.0
0.0,0.15999999999999998,-0.040000000000000036,False,True,True,True,True,False,False,153,505,200,168,-0.02095986157655716,6595.8393517803215,0.010050638915671558,0.0,153,200,True,0.0
0.0,0.18,-0.040000000000000036,False,True,True,True,True,False,False,182,605,187,155,-0.02095986157655716,7508.29785156278,0.00567262372618606,0.0,181,185,True,0.0
0.0,0.2,-0.040000000000000036,False,True,True,True,True,False,False,156,533,264,216,-0.020959876477718353,9088.935546875338,0.013547400190465355,0.0,156,264,True,0.0
0.0,0.22000000000000003,-0.040000000000000036,False,True,True,True,True,False,False,137,478,213,153,-0.020959876477718353,6674.181152343999,0.014035275835957962,0.0,137,213,True,0.0
0.0,0.24000000000000005,-0.040000000000000036,False,True,True,True,True,False,False,108,369,168,140,-0.020959876477718353,7078.141601562556,0.004397958202181821,0.0,108,168,True,0.0
0.0,0.26000000000000006,-0.040000000000000036,True,False,True,True,True,True,False,85,303,152,120,-0.020959876477718353,6325.651062938897,0.011355976870869037,0.0,85,152,True,0.0
0.0,0.2800000000000001,-0.040000000000000036,True,False,True,True,True,True,False,85,288,145,116,-0.020959876477718353,6102.089843750227,0.024545018750589193,0.0,85,145,True,0.0
0.0,0.3,-0.040000000000000036,True,False,True,True,True,True,False,89,282,138,108,-0.020959876477718353,5136.915527343942,0.043372956519611656,0.0,89,138,True,0.0
0.0,0.32,-0.040000000000000036,True,False,True,True,True,True,False,70,231,74,65,-0.015396416187286377,7202.617675781307,0.05142353926061237,0.0,70,74,True,0.0
0.0,0.34,-0.040000000000000036,True,False,False,False,False,False,False,26,73,0,0,0.004426747560501099,0.0,1.4901161193847656e-08,0.0,26,0,False,0.0
0.0,0.36000000000000004,-0.040000000000000036,True,False,False,False,False,False,False,0,0,0,0,,0.0,1.4901161193847656e-08,0.0,0,0,False,0.0
0.0,0.38000000000000006,-0.040000000000000036,True,False,False,False,False,False,False,0,0,0,0,,0.0,1.4901161193847656e-08,0.0,0,0,False,0.0
0.0,0.4000000000000001,-0.040000000000000036,True,False,False,False,False,False,False,0,0,0,0,,0.0,1.4901161193847656e-08,0.0,0,0,False,0.0
0.0,0.42,-0.040000000000000036,True,False,False,False,False,False,False,0,0,0,0,,0.0,1.4901161193847656e-08,0.0,0,0,False,0.0
0.0,-0.42,-0.020000000000000018,True,False,False,False,False,False,False,0,0,0,0,,0.0,1.4901161193847656e-08,0.0,0,0,False,0.0
0.0,-0.39999999999999997,-0.020000000000000018,True,False,False,False,False,False,False,0,0,0,0,,0.0,1.4901161193847656e-08,0.0,0,0,False,0.0
0.0,-0.38,-0.020000000000000018,True,False,False,False,False,False,False,0,0,0,0,,0.0,1.4901161193847656e-08,0.0,0,0,False,0.0
0.0,-0.36,-0.020000000000000018,True,False,False,False,False,False,False,0,0,0,0,,0.0,1.4901161193847656e-08,0.0,0,0,False,0.0
0.0,-0.33999999999999997,-0.020000000000000018,True,False,False,False,False,False,False,23,73,0,0,0.006578236818313599,0.0,1.4901161193847656e-08,0.0,23,0,False,0.0
0.0,-0.31999999999999995,-0.020000000000000018,True,False,True,True,True,True,False,66,217,78,45,-0.013416588306427002,7860.368164062563,0.018767648521235684,0.0,66,78,True,0.0
0.0,-0.3,-0.020000000000000018,True,False,True,True,True,True,False,91,314,127,99,-0.02095983177423477,4446.199218750124,0.005721799972653866,0.0,91,127,True,0.0
0.0,-0.27999999999999997,-0.020000000000000018,True,False,True,True,True,True,False,84,290,112,98,-0.02095983177423477,5117.927246093892,0.011021696054996989,0.0,84,112,True,0.0
0.0,-0.26,-0.020000000000000018,True,False,True,True,True,True,False,83,267,94,79,-0.02095983177423477,5420.925292968901,0.008694145418408836,0.0,83,94,True,0.0
0.0,-0.24,-0.020000000000000018,False,True,True,True,True,False,False,89,318,151,124,-0.02095983177423477,6782.237304687555,0.01812384119738338,0.0,89,151,True,0.0
0.0,-0.21999999999999997,-0.020000000000000018,False,True,True,True,True,False,False,102,354,152,135,-0.02095983177423477,5868.212890625163,0.010107120836387682,0.0,102,152,True,0.0
0.0,-0.19999999999999998,-0.020000000000000018,False,True,True,True,True,False,False,114,361,145,115,-0.02095983177423477,7991.383300781472,0.015542175091991989,0.0,114,145,True,0.0
0.0,-0.18,-0.020000000000000018,False,True,True,True,True,False,False,146,480,131,117,-0.020959846675395966,6110.333007812728,0.008191594109491048,0.0,146,131,True,0.0
0.0,-0.15999999999999998,-0.020000000000000018,False,True,True,True,True,False,False,150,506,208,164,-0.020959846675395966,6329.932044432187,0.005888143444317557,0.0,150,208,True,0.0
0.0,-0.13999999999999996,-0.020000000000000018,False,True,True,True,True,False,False,163,514,155,131,-0.020959846675395966,4678.237792968925,0.00594699149237684,0.0,163,155,True,0.0
0.0,-0.12,-0.020000000000000018,False,True,True,True,True,False,False,180,575,171,155,-0.020959846675395966,4290.129882812619,0.009774509318894245,0.0,180,171,True,0.0
0.0,-0.09999999999999998,-0.020000000000000018,False,True,True,True,True,False,False,193,653,235,196,-0.020959846675395966,10158.43066406258,0.012343928874726955,0.0,193,235,True,0.0
0.0,-0.07999999999999996,-0.020000000000000018,False,True,True,True,True,False,False,182,632,244,220,-0.020959846675395966,6068.358886718919,0.007316780188408624,0.0,182,244,True,0.0
0.0,-0.06,-0.020000000000000018,False,True,True,True,True,False,False,158,541,210,193,-0.02095986157655716,5366.88427734395,0.010354354216746606,0.0,158,210,True,0.0
0.0,-0.03999999999999998,-0.020000000000000018,False,True,True,True,True,False,False,180,622,179,166,-0.02095986157655716,8838.64648437533,0.009746423978790915,0.0,180,179,True,0.0
0.0,-0.019999999999999962,-0.020000000000000018,False,True,True,True,True,False,False,183,628,291,276,-0.02095986157655716,6346.0170898439865,0.010775800638685131,0.0,183,291,True,0.0
0.0,0.0,-0.020000000000000018,False,True,True,True,True,False,False,184,619,224,188,-0.02095986157655716,6037.571289062726,0.013336040085254647,0.0,184,224,True,0.0
0.0,0.020000000000000018,-0.020000000000000018,False,True,True,True,True,False,False,167,553,178,157,-0.02095986157655716,6669.102050781498,0.0096315392717805,0.0,167,178,True,0.0
0.0,0.040000000000000036,-0.020000000000000018,False,True,True,True,True,False,False,184,624,192,154,-0.02095986157655716,9070.135742187838,0.00736200514013722,0.0,184,192,True,0.0
0.0,0.06,-0.020000000000000018,False,True,True,True,True,False,False,172,604,295,258,-0.02095986157655716,8687.792968750324,0.01502674404415324,0.0,173,295,True,0.0
0.0,0.08000000000000002,-0.020000000000000018,False,True,True,True,True,False,False,171,601,216,204,-0.020959876477718353,9892.80371093787,0.0076675358449502995,0.0,172,216,True,0.0
0.0,0.10000000000000003,-0.020000000000000018,False,True,True,True,True,False,False,167,558,208,192,-0.02095986157655716,8291.833593426452,0.011612547793218825,0.0,168,208,True,0.0
0.0,0.12000000000000005,-0.020000000000000018,False,True,True,True,True,False,False,154,537,194,174,-0.02095986157655716,6230.277832031482,0.013825377295613388,0.0,155,194,True,0.0
0.0,0.14000000000000007,-0.020000000000000018,False,True,True,True,True,False,False,136,446,136,120,-0.02095986157655716,10982.58203125041,0.014716795754189937,0.0,136,136,True,0.0
0.0,0.15999999999999998,-0.020000000000000018,False,True,True,True,True,False,False,109,353,116,112,-0.02095986157655716,6588.459472656496,0.009404078254482997,0.0,109,116,True,0.0
0.0,0.18,-0.020000000000000018,False,True,True,True,True,False,False,136,450,126,114,-0.02095986157655716,8145.2255859375655,0.012277046702356336,0.0,136,126,True,0.0
0.0,0.2,-0.020000000000000018,False,True,True,True,True,False,False,119,408,188,184,-0.02095986157655716,7511.58447265653,0.015149177031358978,0.0,119,188,True,0.0
0.0,0.22000000000000003,-0.020000000000000018,False,True,True,True,True,False,False,99,351,140,110,-0.020959876477718353,8011.918945312798,0.01080545181577031,0.0,99,140,True,0.0
0.0,0.24000000000000005,-0.020000000000000018,False,True,True,True,True,False,False,82,262,106,101,-0.020959876477718353,7793.397460937791,0.002272393397810522,0.0,82,106,True,0.0
0.0,0.26000000000000006,-0.020000000000000018,True,False,True,True,True,True,False,66,219,93,83,-0.020959876477718353,8797.765625000327,0.019839913273868786,0.0,66,93,True,0.0
0.0,0.2800000000000001,-0.020000000000000018,True,False,True,True,True,True,False,64,215,89,85,-0.020959876477718353,7802.203613281541,0.020306415628288298,0.0,64,89,True,0.0
0.0,0.3,-0.020000000000000018,True,False,True,True,True,True,False,66,214,86,78,-0.020959876477718353,7405.3144531252765,0.021375421471314854,0.0,66,86,True,0.0
0.0,0.32,-0.020000000000000018,True,False,True,True,True,True,False,49,167,56,52,-0.015421509742736816,6553.166992187553,0.08430726081163012,0.0,49,56,True,0.0
0.0,0.34,-0.020000000000000018,True,False,False,False,False,False,False,19,63,0,0,0.004426747560501099,0.0,1.4901161193847656e-08,0.0,19,0,False,0.0
0.0,0.36000000000000004,-0.020000000000000018,True,False,False,False,False,False,False,0,0,0,0,,0.0,1.4901161193847656e-08,0.0,0,0,False,0.0
0.0,0.38000000000000006,-0.020000000000000018,True,False,False,False,False,False,False,0,0,0,0,,0.0,1.4901161193847656e-08,0.0,0,0,False,0.0
0.0,0.4000000000000001,-0.020000000000000018,True,False,False,False,False,False,False,0,0,0,0,,0.0,1.4901161193847656e-08,0.0,0,0,False,0.0
0.0,0.42,-0.020000000000000018,True,False,False,False,False,False,False,0,0,0,0,,0.0,1.4901161193847656e-08,0.0,0,0,False,0.0
0.0,-0.42,0.0,True,False,False,False,False,False,False,0,0,0,0,,0.0,1.4901161193847656e-08,0.0,0,0,False,0.0
0.0,-0.39999999999999997,0.0,True,False,False,False,False,False,False,0,0,0,0,,0.0,1.4901161193847656e-08,0.0,0,0,False,0.0
0.0,-0.38,0.0,True,False,False,False,False,False,False,0,0,0,0,,0.0,1.4901161193847656e-08,0.0,0,0,False,0.0
0.0,-0.36,0.0,True,False,False,False,False,False,False,0,0,0,0,,0.0,1.4901161193847656e-08,0.0,0,0,False,0.0
0.0,-0.33999999999999997,0.0,True,False,False,False,False,False,False,20,69,0,0,0.006578236818313599,0.0,1.4901161193847656e-08,0.0,20,0,False,0.0
0.0,-0.31999999999999995,0.0,True,False,True,True,True,True,False,57,199,78,45,-0.013416588306427002,5548.140150146869,0.04954693734402242,0.0,57,78,True,0.0
0.0,-0.3,0.0,True,False,True,True,True,True,False,77,276,130,102,-0.020959816873073578,6046.149414062726,0.011770603161024117,0.0,77,130,True,0.0
0.0,-0.27999999999999997,0.0,True,False,True,True,True,True,False,73,252,112,98,-0.02095983177423477,5650.8050266355,0.057036140173061314,0.0,73,112,True,0.0
0.0,-0.26,0.0,True,False,True,True,True,True,False,70,227,94,79,-0.02095983177423477,7048.426269531513,0.024070267390396898,0.0,70,94,True,0.0
0.0,-0.24,0.0,False,True,True,True,True,False,False,74,273,152,124,-0.02095983177423477,8681.187500000324,0.007785365080800242,0.0,74,152,True,0.0
0.0,-0.21999999999999997,0.0,False,True,True,True,True,False,False,84,305,152,135,-0.02095983177423477,7947.1777343752965,0.003744883024731021,0.0,84,152,True,0.0
0.0,-0.19999999999999998,0.0,False,True,True,True,True,False,False,92,311,145,115,-0.02095983177423477,6419.363769531302,0.004579265104313942,0.0,92,145,True,0.0
0.0,-0.18,0.0,False,True,True,True,True,False,False,121,414,131,117,-0.02095983177423477,6584.145019531297,0.013697810216304054,0.0,121,131,True,0.0
0.0,-0.15999999999999998,0.0,False,True,True,True,True,False,False,121,433,208,164,-0.020959846675395966,7494.683593750279,0.0065869760478589725,0.0,121,208,True,0.0
0.0,-0.13999999999999996,0.0,False,True,True,True,True,False,False,133,437,155,131,-0.020959846675395966,4942.509277343887,0.007536322899055189,0.0,133,155,True,0.0
0.0,-0.12,0.0,False,True,True,True,True,False,False,145,479,171,155,-0.020959846675395966,6897.778808594007,0.0019580702084721607,0.0,145,171,True,0.0
0.0,-0.09999999999999998,0.0,False,True,True,True,True,False,False,153,547,235,196,-0.020959846675395966,6730.734766505162,0.012551982383249501,0.0,153,235,True,0.0
0.0,-0.07999999999999996,0.0,False,True,True,True,True,False,False,144,527,244,220,-0.020959846675395966,8971.432617187835,0.009948341897026227,0.0,144,244,True,0.0
0.0,-0.06,0.0,False,True,True,True,True,False,False,121,440,210,193,-0.020959846675395966,10116.483398437877,0.0088320178821309,0.0,121,210,True,0.0
0.0,-0.03999999999999998,0.0,False,True,True,True,True,False,False,143,518,179,166,-0.02095986157655716,5606.46728515633,0.015499571021239143,0.0,143,179,True,0.0
0.0,-0.019999999999999962,0.0,False,True,True,True,True,False,False,139,507,291,276,-0.02095986157655716,6626.3618164064965,0.013399137909920176,0.0,139,291,True,0.0
0.0,0.0,0.0,False,True,True,True,True,False,False,140,500,224,188,-0.02095986157655716,9628.779296875358,0.007740809042665735,0.0,140,224,True,0.0
0.0,0.020000000000000018,0.0,False,True,True,True,True,False,False,133,458,178,157,-0.02095986157655716,8997.000976562835,0.003552385175157927,0.0,133,178,True,0.0
0.0,0.040000000000000036,0.0,False,True,True,True,True,False,False,150,533,192,154,-0.02095986157655716,8088.844726562802,0.018082052933216367,0.0,150,192,True,0.0
0.0,0.06,0.0,False,True,True,True,True,False,False,138,511,295,258,-0.02095986157655716,6744.584472656501,0.008025537447617853,0.0,138,295,True,0.0
0.0,0.08000000000000002,0.0,False,True,True,True,True,False,False,139,515,215,203,-0.02095986157655716,6227.903320312732,0.011007068085299936,0.0,137,215,True,0.0
0.0,0.10000000000000003,0.0,False,True,True,True,True,False,False,131,450,208,192,-0.020959846675395966,10718.191672474257,0.016960694320430864,0.0,131,208,True,0.0
0.0,0.12000000000000005,0.0,False,True,True,True,True,False,False,118,430,194,174,-0.02095986157655716,6303.621582031486,0.011453758063720756,0.0,118,194,True,0.0
0.0,0.14000000000000007,0.0,False,True,True,True,True,False,False,102,357,136,120,-0.02095986157655716,6577.023919581815,0.004746154814589039,0.0,102,136,True,0.0
0.0,0.15999999999999998,0.0,False,True,True,True,True,False,False,82,279,116,112,-0.02095986157655716,6201.334960937731,0.01283313241751655,0.0,82,116,True,0.0
0.0,0.18,0.0,False,True,True,True,True,False,False,113,396,126,114,-0.02095986157655716,6430.26367187524,0.012214416758068848,0.0,113,126,True,0.0
0.0,0.2,0.0,False,True,True,True,True,False,False,99,351,188,184,-0.02095986157655716,5619.520019531459,0.010159053678895344,0.0,99,188,True,0.0
0.0,0.22000000000000003,0.0,False,True,True,True,True,False,False,81,295,140,110,-0.02095986157655716,9589.184570312857,0.007254123030134903,0.0,81,140,True,0.0
0.0,0.24000000000000005,0.0,False,True,True,True,True,False,False,62,209,106,101,-0.020959876477718353,9326.560546875075,0.013170319533774297,0.0,62,106,True,0.0
0.0,0.26000000000000006,0.0,True,False,True,True,True,True,False,48,171,93,83,-0.020959876477718353,5321.740124976691,0.013192284511972772,0.0,48,93,True,0.0
0.0,0.2800000000000001,0.0,True,False,True,True,True,True,False,45,160,89,85,-0.020959876477718353,8332.795898437811,0.030749246262122637,0.0,45,89,True,0.0
0.0,0.3,0.0,True,False,True,True,True,True,False,47,165,86,78,-0.020959876477718353,6746.515625000251,0.04151210661280058,0.0,47,86,True,0.0
0.0,0.32,0.0,True,False,True,True,True,True,False,40,146,56,52,-0.015421509742736816,6361.160284593221,0.055967019529703524,0.0,40,56,True,0.0
0.0,0.34,0.0,True,False,False,False,False,False,False,16,55,0,0,0.004426747560501099,0.0,1.4901161193847656e-08,0.0,15,0,False,0.0
0.0,0.36000000000000004,0.0,True,False,False,False,False,False,False,0,0,0,0,,0.0,1.4901161193847656e-08,0.0,0,0,False,0.0
0.0,0.38000000000000006,0.0,True,False,False,False,False,False,False,0,0,0,0,,0.0,1.4901161193847656e-08,0.0,0,0,False,0.0
0.0,0.4000000000000001,0.0,True,False,False,False,False,False,False,0,0,0,0,,0.0,1.4901161193847656e-08,0.0,0,0,False,0.0
0.0,0.42,0.0,True,False,False,False,False,False,False,0,0,0,0,,0.0,1.4901161193847656e-08,0.0,0,0,False,0.0
0.0,-0.42,0.019999999999999962,True,False,False,False,False,False,False,0,0,0,0,,0.0,1.4901161193847656e-08,0.0,0,0,False,0.0
0.0,-0.39999999999999997,0.019999999999999962,True,False,False,False,False,False,False,0,0,0,0,,0.0,1.4901161193847656e-08,0.0,0,0,False,0.0
0.0,-0.38,0.019999999999999962,True,False,False,False,False,False,False,0,0,0,0,,0.0,1.4901161193847656e-08,0.0,0,0,False,0.0
0.0,-0.36,0.019999999999999962,True,False,False,False,False,False,False,0,0,0,0,,0.0,1.4901161193847656e-08,0.0,0,0,False,0.0
0.0,-0.33999999999999997,0.019999999999999962,True,False,False,False,False,False,False,20,69,0,0,0.006578236818313599,0.0,1.4901161193847656e-08,0.0,20,0,False,0.0
0.0,-0.31999999999999995,0.019999999999999962,True,False,True,True,True,True,False,60,204,78,45,-0.013416588306427002,5697.790425844171,0.04795772528062153,0.0,60,78,True,0.0
0.0,-0.3,0.019999999999999962,True,False,True,True,True,True,False,87,298,130,102,-0.020959816873073578,4288.48144531266,0.010344696534750234,0.0,87,130,True,0.0
0.0,-0.27999999999999997,0.019999999999999962,True,False,True,True,True,True,False,81,281,112,98,-0.020959816873073578,5635.76513671896,0.046242940924497405,0.0,81,112,True,0.0
0.0,-0.26,0.019999999999999962,True,False,True,True,True,True,False,79,257,94,79,-0.02095983177423477,5817.165527343912,0.007827063965316945,0.0,79,94,True,0.0
0.0,-0.24,0.019999999999999962,False,True,True,True,True,False,False,86,304,152,124,-0.02095983177423477,6744.541992187555,0.016137285763457316,0.0,86,152,True,0.0
0.0,-0.21999999999999997,0.019999999999999962,False,True,True,True,True,False,False,95,336,152,135,-0.02095983177423477,8636.368164062822,0.009461138461246488,0.0,95,152,True,0.0
0.0,-0.19999999999999998,0.019999999999999962,False,True,True,True,True,False,False,103,340,145,115,-0.02095983177423477,8175.299316406308,0.011486197090745614,0.0,103,145,True,0.0
0.0,-0.18,0.019999999999999962,False,True,True,True,True,False,False,132,439,131,117,-0.02095983177423477,8065.109863281315,0.014517159521630239,0.0,132,131,True,0.0
0.0,-0.15999999999999998,0.019999999999999962,False,True,True,True,True,False,False,137,475,208,164,-0.02095983177423477,6054.4884393272805,0.015293222891479117,0.0,137,208,True,0.0
0.0,-0.13999999999999996,0.019999999999999962,False,True,True,True,True,False,False,149,482,155,131,-0.020959846675395966,6658.402343750248,0.011774374509301784,0.0,149,155,True,0.0
0.0,-0.12,0.019999999999999962,False,True,True,True,True,False,False,164,524,171,155,-0.020959846675395966,6698.065645989594,0.014810513090469787,0.0,164,171,True,0.0
0.0,-0.09999999999999998,0.019999999999999962,False,True,True,True,True,False,False,175,605,235,196,-0.020959846675395966,7797.14062500029,0.009486968827496953,0.0,175,235,True,0.0
0.0,-0.07999999999999996,0.019999999999999962,False,True,True,True,True,False,False,166,590,244,220,-0.020959846675395966,6690.0034179688455,0.007037688110932439,0.0,166,244,True,0.0
0.0,-0.06,0.019999999999999962,False,True,True,True,True,False,False,140,488,210,193,-0.020959846675395966,7496.737792969029,0.009041952283082376,0.0,140,210,True,0.0
0.0,-0.03999999999999998,0.019999999999999962,False,True,True,True,True,False,False,162,568,179,166,-0.020959846675395966,7450.070800781527,0.01608417248594705,0.0,162,179,True,0.0
0.0,-0.019999999999999962,0.019999999999999962,False,True,True,True,True,False,False,159,560,291,276,-0.02095986157655716,5947.193847656472,0.01011186704182879,0.0,159,291,True,0.0
0.0,0.0,0.019999999999999962,False,True,True,True,True,False,False,160,548,224,188,-0.02095986157655716,6456.828613281342,0.010693017694627107,0.0,160,224,True,0.0
0.0,0.020000000000000018,0.019999999999999962,False,True,True,True,True,False,False,153,508,178,157,-0.02095986157655716,10997.10644531291,0.016270353312094837,0.0,153,178,True,0.0
0.0,0.040000000000000036,0.019999999999999962,False,True,True,True,True,False,False,170,579,192,154,-0.02095986157655716,7330.864746094024,0.004945879958658657,0.0,170,192,True,0.0
0.0,0.06,0.019999999999999962,False,True,True,True,True,False,False,159,567,296,259,-0.02095986157655716,6642.733886718998,0.010871246380863809,0.0,159,296,True,0.0
0.0,0.08000000000000002,0.019999999999999962,False,True,True,True,True,False,False,161,574,215,203,-0.02095986157655716,6762.918457031502,0.008856106957827995,0.0,161,215,True,0.0
0.0,0.10000000000000003,0.019999999999999962,False,True,True,True,True,False,False,152,504,208,192,-0.020959846675395966,7758.111091666912,0.008860141180414508,0.0,152,208,True,0.0
0.0,0.12000000000000005,0.019999999999999962,False,True,True,True,True,False,False,138,482,194,174,-0.020959846675395966,4722.0429687501755,0.004881633443652924,0.0,138,194,True,0.0
0.0,0.14000000000000007,0.019999999999999962,False,True,True,True,True,False,False,121,402,136,120,-0.02095986157655716,6186.885289566617,0.009935255867845652,0.0,121,136,True,0.0
0.0,0.15999999999999998,0.019999999999999962,False,True,True,True,True,False,False,99,321,116,112,-0.02095986157655716,5567.673339843957,0.0089171914409517,0.0,99,116,True,0.0
0.0,0.18,0.019999999999999962,False,True,True,True,True,False,False,128,432,126,114,-0.02095986157655716,6168.55957031273,0.008011851034395608,0.0,127,126,True,0.0
0.0,0.2,0.019999999999999962,False,True,True,True,True,False,False,112,383,188,184,-0.02095986157655716,9233.194335937844,0.01264582542062318,0.0,112,188,True,0.0
0.0,0.22000000000000003,0.019999999999999962,False,True,True,True,True,False,False,93,327,140,110,-0.02095986157655716,7343.215820312774,0.007515509306153604,0.0,93,140,True,0.0
0.0,0.24000000000000005,0.019999999999999962,False,True,True,True,True,False,False,71,235,106,101,-0.02095986157655716,6858.527343750055,0.02138302862745245,0.0,71,106,True,0.0
0.0,0.26000000000000006,0.019999999999999962,True,False,True,True,True,True,False,57,198,93,83,-0.020959876477718353,7656.072265625286,0.00814467326481362,0.0,57,93,True,0.0
0.0,0.2800000000000001,0.019999999999999962,True,False,True,True,True,True,False,54,186,89,85,-0.020959876477718353,8329.507812500311,0.03679210215816801,0.0,54,89,True,0.0
0.0,0.3,0.019999999999999962,True,False,True,True,True,True,False,58,192,86,78,-0.020959876477718353,5261.447265625196,0.02467525472473103,0.0,58,86,True,0.0
0.0,0.32,0.019999999999999962,True,False,True,True,True,True,False,43,158,56,52,-0.015421509742736816,4672.336775988446,0.05652747456144152,0.0,43,56,True,0.0
0.0,0.34,0.019999999999999962,True,False,False,False,False,False,False,16,55,0,0,0.004426747560501099,0.0,1.4901161193847656e-08,0.0,16,0,False,0.0
0.0,0.36000000000000004,0.019999999999999962,True,False,False,False,False,False,False,0,0,0,0,,0.0,1.4901161193847656e-08,0.0,0,0,False,0.0
0.0,0.38000000000000006,0.019999999999999962,True,False,False,False,False,False,False,0,0,0,0,,0.0,1.4901161193847656e-08,0.0,0,0,False,0.0
0.0,0.4000000000000001,0.019999999999999962,True,False,False,False,False,False,False,0,0,0,0,,0.0,1.4901161193847656e-08,0.0,0,0,False,0.0
0.0,0.42,0.019999999999999962,True,False,False,False,False,False,False,0,0,0,0,,0.0,1.4901161193847656e-08,0.0,0,0,False,0.0
0.0,-0.42,0.03999999999999998,True,False,False,False,False,False,False,0,0,0,0,,0.0,1.4901161193847656e-08,0.0,0,0,False,0.0
0.0,-0.39999999999999997,0.03999999999999998,True,False,False,False,False,False,False,0,0,0,0,,0.0,1.4901161193847656e-08,0.0,0,0,False,0.0
0.0,-0.38,0.03999999999999998,True,False,False,False,False,False,False,0,0,0,0,,0.0,1.4901161193847656e-08,0.0,0,0,False,0.0
0.0,-0.36,0.03999999999999998,True,False,False,False,False,False,False,0,0,0,0,,0.0,1.4901161193847656e-08,0.0,0,0,False,0.0
0.0,-0.33999999999999997,0.03999999999999998,True,False,False,False,False,False,False,22,77,0,0,0.006578236818313599,0.0,1.4901161193847656e-08,0.0,22,0,False,0.0
0.0,-0.31999999999999995,0.03999999999999998,True,False,True,True,True,True,False,65,223,90,49,-0.013416588306427002,4659.838847647611,0.06824259190412535,0.0,65,90,True,0.0
0.0,-0.3,0.03999999999999998,True,False,True,True,True,True,False,95,323,134,98,-0.020959816873073578,4795.430664062633,0.005553820073448078,0.0,95,134,True,0.0
0.0,-0.27999999999999997,0.03999999999999998,True,False,True,True,True,True,False,88,300,122,101,-0.020959816873073578,7792.589843750291,0.03501603865627278,0.0,88,122,True,0.0
0.0,-0.26,0.03999999999999998,True,False,True,True,True,True,False,88,291,116,90,-0.020959816873073578,6204.125000000231,0.010299224869914548,0.0,88,116,True,0.0
0.0,-0.24,0.03999999999999998,False,True,True,True,True,False,False,97,336,169,127,-0.02095983177423477,7205.508300781307,0.010140568478632537,0.0,97,169,True,0.0
0.0,-0.21999999999999997,0.03999999999999998,False,True,True,True,True,False,False,105,377,175,142,-0.02095983177423477,7649.672363281536,0.007019665113030714,0.0,105,175,True,0.0
0.0,-0.19999999999999998,0.03999999999999998,False,True,True,True,True,False,False,116,398,161,117,-0.02095983177423477,8098.138671875252,0.02246698657953877,0.0,116,161,True,0.0
0.0,-0.18,0.03999999999999998,False,True,True,True,True,False,False,144,488,146,125,-0.02095983177423477,6399.171646837709,0.01703704845327658,0.0,144,146,True,0.0
0.0,-0.15999999999999998,0.03999999999999998,False,True,True,True,True,False,False,148,526,231,168,-0.02095983177423477,8296.461914062758,0.004080003880987905,0.0,148,231,True,0.0
0.0,-0.13999999999999996,0.03999999999999998,False,True,True,True,True,False,False,160,518,175,145,-0.02095983177423477,5757.7322705421075,0.018166980286953984,0.0,160,175,True,0.0
0.0,-0.12,0.03999999999999998,False,True,True,True,True,False,False,174,554,189,154,-0.020959846675395966,6198.366699218981,0.0055315055119528845,0.0,174,189,True,0.0
0.0,-0.09999999999999998,0.03999999999999998,False,True,True,True,True,False,False,189,671,262,204,-0.020959846675395966,9234.02462073279,0.009788899442614551,0.0,189,262,True,0.0
0.0,-0.07999999999999996,0.03999999999999998,False,True,True,True,True,False,False,175,639,284,242,-0.020959846675395966,8014.592773437799,0.008463493526160435,0.0,175,284,True,0.0
0.0,-0.06,0.03999999999999998,False,True,True,True,True,False,False,158,565,243,209,-0.020959846675395966,5537.5766601564565,0.00805177205238501,0.0,158,243,True,0.0
0.0,-0.03999999999999998,0.03999999999999998,False,True,True,True,True,False,False,174,622,199,173,-0.020959846675395966,5573.974609375155,0.00553473718970983,0.0,174,199,True,0.0
0.0,-0.019999999999999962,0.03999999999999998,False,True,True,True,True,False,False,170,612,311,283,-0.020959846675395966,7335.314941406523,0.01218306662342913,0.0,170,311,True,0.0
0.0,0.0,0.03999999999999998,False,True,True,True,True,False,False,175,597,251,199,-0.02095986157655716,6393.122070312738,0.010061323794271115,0.0,175,251,True,0.0
0.0,0.020000000000000018,0.03999999999999998,False,True,True,True,True,False,False,157,518,188,153,-0.02095986157655716,9263.898437500346,0.004979924056857927,0.0,157,188,True,0.0
0.0,0.040000000000000036,0.03999999999999998,False,True,True,True,True,False,False,179,633,202,154,-0.02095986157655716,8132.455566406553,0.010826229712463728,0.0,179,202,True,0.0
0.0,0.06,0.03999999999999998,False,True,True,True,True,False,False,173,631,323,274,-0.02095986157655716,7696.845214844037,0.006734861805496723,0.0,173,323,True,0.0
0.0,0.08000000000000002,0.03999999999999998,False,True,True,True,True,False,False,174,640,253,220,-0.02095986157655716,8611.97265625032,0.012563612359116284,0.0,174,253,True,0.0
0.0,0.10000000000000003,0.03999999999999998,False,True,True,True,True,False,False,167,582,236,205,-0.020959846675395966,9825.597463932381,0.011469665693980615,0.0,167,236,True,0.0
0.0,0.12000000000000005,0.03999999999999998,False,True,True,True,True,False,False,151,534,223,194,-0.020959846675395966,7322.561035156523,0.009119043806549165,0.0,151,223,True,0.0
0.0,0.14000000000000007,0.03999999999999998,False,True,True,True,True,False,False,133,469,164,142,-0.020959846675395966,6525.937243526545,0.002059447882287093,0.0,133,164,True,0.0
0.0,0.15999999999999998,0.03999999999999998,False,True,True,True,True,False,False,109,369,148,134,-0.02095986157655716,5949.719075864817,0.010668502216589484,0.0,109,148,True,0.0
0.0,0.18,0.03999999999999998,False,True,True,True,True,False,False,141,474,138,120,-0.02095986157655716,7499.82031250006,0.00509529630128266,0.0,141,138,True,0.0
0.0,0.2,0.03999999999999998,False,True,True,True,True,False,False,126,436,205,195,-0.02095986157655716,8916.148437500333,0.010900372815979394,0.0,126,205,True,0.0
0.0,0.22000000000000003,0.03999999999999998,False,True,True,True,True,False,False,101,370,166,130,-0.02095986157655716,8181.373535156504,0.011258592621429258,0.0,101,166,True,0.0
0.0,0.24000000000000005,0.03999999999999998,False,True,True,True,True,False,False,83,287,127,116,-0.02095986157655716,6289.905761718985,0.02442596043801701,0.0,83,127,True,0.0
0.0,0.26000000000000006,0.03999999999999998,True,False,True,True,True,True,False,66,235,116,103,-0.02095986157655716,5958.284179687722,0.014415787618190037,0.0,67,116,True,0.0
0.0,0.2800000000000001,0.03999999999999998,True,False,True,True,True,True,False,61,224,107,102,-0.020959876477718353,7891.748046875294,0.02254406017558655,0.0,61,107,True,0.0
0.0,0.3,0.03999999999999998,True,False,True,True,True,True,False,66,220,104,96,-0.020959876477718353,4303.133300781285,0.02777766880608725,0.0,66,104,True,0.0
0.0,0.32,0.03999999999999998,True,False,True,True,True,True,False,52,179,64,58,-0.015421509742736816,6173.816271471246,0.02045648196840801,0.0,52,64,True,0.0
0.0,0.34,0.03999999999999998,True,False,False,False,False,False,False,17,59,0,0,0.004426747560501099,0.0,1.4901161193847656e-08,0.0,17,0,False,0.0
0.0,0.36000000000000004,0.03999999999999998,True,False,False,False,False,False,False,0,0,0,0,,0.0,1.4901161193847656e-08,0.0,0,0,False,0.0
0.0,0.38000000000000006,0.03999999999999998,True,False,False,False,False,False,False,0,0,0,0,,0.0,1.4901161193847656e-08,0.0,0,0,False,0.0
0.0,0.4000000000000001,0.03999999999999998,True,False,False,False,False,False,False,0,0,0,0,,0.0,1.4901161193847656e-08,0.0,0,0,False,0.0
0.0,0.42,0.03999999999999998,True,False,False,False,False,False,False,0,0,0,0,,0.0,1.4901161193847656e-08,0.0,0,0,False,0.0
0.0,-0.42,0.06,True,False,False,False,False,False,False,0,0,0,0,,0.0,1.4901161193847656e-08,0.0,0,0,False,0.0
0.0,-0.39999999999999997,0.06,True,False,False,False,False,False,False,0,0,0,0,,0.0,1.4901161193847656e-08,0.0,0,0,False,0.0
0.0,-0.38,0.06,True,False,False,False,False,False,False,0,0,0,0,,0.0,1.4901161193847656e-08,0.0,0,0,False,0.0
0.0,-0.36,0.06,True,False,False,False,False,False,False,0,0,0,0,,0.0,1.4901161193847656e-08,0.0,0,0,False,0.0
0.0,-0.33999999999999997,0.06,True,False,False,False,False,False,False,21,76,0,0,0.006578236818313599,0.0,1.4901161193847656e-08,0.0,21,0,False,0.0
0.0,-0.31999999999999995,0.06,True,False,True,True,True,True,False,62,209,80,52,-0.01332758367061615,7187.718798323671,0.0353431153473174,0.0,62,80,True,0.0
0.0,-0.3,0.06,True,False,True,True,True,True,False,81,264,95,83,-0.020959816873073578,6901.755371093942,0.006398627898351457,0.0,81,95,True,0.0
0.0,-0.27999999999999997,0.06,True,False,True,True,True,True,False,72,232,85,77,-0.020959816873073578,5645.898437500157,0.027068412092702554,0.0,72,85,True,0.0
0.0,-0.26,0.06,True,False,True,True,True,True,False,73,242,78,60,-0.020959816873073578,7745.154785156538,0.03699420099736095,0.0,73,78,True,0.0
0.0,-0.24,0.06,False,True,True,True,True,False,False,90,304,119,96,-0.020959816873073578,8451.330078125315,0.01577700848597477,0.0,90,119,True,0.0
0.0,-0.21999999999999997,0.06,False,True,True,True,True,False,False,98,336,137,117,-0.02095983177423477,7010.381347656511,0.006768208266916114,0.0,98,137,True,0.0
0.0,-0.19999999999999998,0.06,False,True,True,True,True,False,False,106,334,138,97,-0.02095983177423477,7588.860839843804,0.011844119086709081,0.0,106,138,True,0.0
0.0,-0.18,0.06,False,True,True,True,True,False,False,130,424,130,109,-0.02095983177423477,6906.879882812757,0.012255625564546202,0.0,130,130,True,0.0
0.0,-0.15999999999999998,0.06,False,True,True,True,True,False,False,132,444,166,128,-0.02095983177423477,6166.241699218942,0.002237357481557132,0.0,132,166,True,0.0
0.0,-0.13999999999999996,0.06,False,True,True,True,True,False,False,132,406,129,110,-0.02095983177423477,7398.686035156526,0.0009733934316928132,0.0,132,129,True,0.0
0.0,-0.12,0.06,False,True,True,True,True,False,False,150,471,141,115,-0.02095983177423477,5162.833496093942,0.004166979326348775,0.0,150,141,True,0.0
0.0,-0.09999999999999998,0.06,False,True,True,True,True,False,False,174,568,198,157,-0.020959846675395966,11315.578125000091,0.010226865525546518,0.0,174,198,True,0.0
0.0,-0.07999999999999996,0.06,False,True,True,True,True,False,False,161,558,209,172,-0.020959846675395966,8348.029296875311,0.01830486302110683,0.0,161,209,True,0.0
0.0,-0.06,0.06,False,True,True,True,True,False,False,146,494,191,161,-0.020959846675395966,9552.403320312857,0.010295142321891495,0.0,146,191,True,0.0
0.0,-0.03999999999999998,0.06,False,True,True,True,True,False,False,151,516,171,138,-0.020959846675395966,6279.364746093925,0.009820653719458183,0.0,151,171,True,0.0
0.0,-0.019999999999999962,0.06,False,True,True,True,True,False,False,152,527,232,205,-0.020959846675395966,7814.517089843861,0.009639919691859332,0.0,152,232,True,0.0
0.0,0.0,0.06,False,True,True,True,True,False,False,144,491,194,148,-0.020959846675395966,8964.394531250335,0.009899662009356524,0.0,144,194,True,0.0
0.0,0.020000000000000018,0.06,False,True,True,True,True,False,False,135,432,145,118,-0.020959846675395966,7836.924316406542,0.012634654693567228,0.0,135,145,True,0.0
0.0,0.040000000000000036,0.06,False,True,True,True,True,False,False,159,518,163,125,-0.02095986157655716,6000.479003906474,0.007120626362013671,0.0,159,163,True,0.0
0.0,0.06,0.06,False,True,True,True,True,False,False,161,556,242,200,-0.02095986157655716,8274.79003906281,0.014862265691188689,0.0,161,242,True,0.0
0.0,0.08000000000000002,0.06,False,True,True,True,True,False,False,157,549,202,173,-0.02095986157655716,6203.765625000231,0.010653072973209629,0.0,157,202,True,0.0
0.0,0.10000000000000003,0.06,False,True,True,True,True,False,False,149,492,203,166,-0.020959846675395966,8775.32186253581,0.012491827845522186,0.0,149,203,True,0.0
0.0,0.12000000000000005,0.06,False,True,True,True,True,False,False,135,453,156,122,-0.020959846675395966,6681.334472656499,0.010233048665389639,0.0,135,156,True,0.0
0.0,0.14000000000000007,0.06,False,True,True,True,True,False,False,119,384,125,101,-0.020959846675395966,6802.785156250097,0.003459138492167005,0.0,119,125,True,0.0
0.0,0.15999999999999998,0.06,False,True,True,True,True,False,False,96,319,117,100,-0.020959846675395966,7731.666503906538,0.01246106960713642,0.0,96,117,True,0.0
0.0,0.18,0.06,False,True,True,True,True,False,False,118,387,125,103,-0.02095986157655716,6551.115722656303,0.0156630013017149,0.0,118,125,True,0.0
0.0,0.2,0.06,False,True,True,True,True,False,False,116,384,179,161,-0.02095986157655716,6217.76855468755,0.010544251987310066,0.0,116,179,True,0.0
0.0,0.22000000000000003,0.06,False,True,True,True,True,False,False,97,338,132,100,-0.02095986157655716,7516.76123046903,0.009912290511679344,0.0,97,132,True,0.0
0.0,0.24000000000000005,0.06,False,True,True,True,True,False,False,75,253,103,88,-0.02095986157655716,5921.873535156297,0.006315354407459705,0.0,75,103,True,0.0
0.0,0.26000000000000006,0.06,True,False,True,True,True,True,False,63,210,81,64,-0.02095986157655716,7500.507812500279,0.0190872259198674,0.0,63,81,True,0.0
0.0,0.2800000000000001,0.06,True,False,True,True,True,True,False,57,194,80,68,-0.02095986157655716,8677.558593750324,0.027357057562057165,0.0,57,80,True,0.0
0.0,0.3,0.06,True,False,True,True,True,True,False,61,199,78,62,-0.02095986157655716,3610.4616699220096,0.009708446867613178,0.0,61,78,True,0.0
0.0,0.32,0.06,True,False,True,True,True,True,False,50,161,59,47,-0.015421509742736816,4329.342773437535,0.007804804074852946,0.0,50,59,True,0.0
0.0,0.34,0.06,True,False,False,False,False,False,False,19,60,0,0,0.004426747560501099,0.0,1.4901161193847656e-08,0.0,19,0,False,0.0
0.0,0.36000000000000004,0.06,True,False,False,False,False,False,False,0,0,0,0,,0.0,1.4901161193847656e-08,0.0,0,0,False,0.0
0.0,0.38000000000000006,0.06,True,False,False,False,False,False,False,0,0,0,0,,0.0,1.4901161193847656e-08,0.0,0,0,False,0.0
0.0,0.4000000000000001,0.06,True,False,False,False,False,False,False,0,0,0,0,,0.0,1.4901161193847656e-08,0.0,0,0,False,0.0
0.0,0.42,0.06,True,False,False,False,False,False,False,0,0,0,0,,0.0,1.4901161193847656e-08,0.0,0,0,False,0.0
0.0,-0.42,0.07999999999999996,True,False,False,False,False,False,False,0,0,0,0,,0.0,1.4901161193847656e-08,0.0,0,0,False,0.0
0.0,-0.39999999999999997,0.07999999999999996,True,False,False,False,False,False,False,0,0,0,0,,0.0,1.4901161193847656e-08,0.0,0,0,False,0.0
0.0,-0.38,0.07999999999999996,True,False,False,False,False,False,False,0,0,0,0,,0.0,1.4901161193847656e-08,0.0,0,0,False,0.0
0.0,-0.36,0.07999999999999996,True,False,False,False,False,False,False,0,0,0,0,,0.0,1.4901161193847656e-08,0.0,0,0,False,0.0
0.0,-0.33999999999999997,0.07999999999999996,True,False,False,False,False,False,False,16,59,0,0,0.006578236818313599,0.0,1.4901161193847656e-08,0.0,16,0,False,0.0
0.0,-0.31999999999999995,0.07999999999999996,True,False,True,True,True,True,False,48,168,64,40,-0.01332758367061615,6160.3289034350355,0.007695676142062245,0.0,48,64,True,0.0
0.0,-0.3,0.07999999999999996,True,False,True,True,True,True,False,56,193,83,75,-0.020959801971912384,8016.345214844049,0.010510059765551276,0.0,56,83,True,0.0
0.0,-0.27999999999999997,0.07999999999999996,True,False,True,True,True,True,False,48,166,73,69,-0.020959801971912384,9346.45996093785,0.012535709121652205,0.0,48,73,True,0.0
0.0,-0.26,0.07999999999999996,True,False,True,True,True,True,False,47,158,65,55,-0.020959816873073578,6174.207519531422,0.01777448024015537,0.0,47,65,True,0.0
0.0,-0.24,0.07999999999999996,False,True,True,True,True,False,False,58,206,90,77,-0.020959816873073578,9256.951171875346,0.013735879004921554,0.0,58,90,True,0.0
0.0,-0.21999999999999997,0.07999999999999996,False,True,True,True,True,False,False,67,231,114,100,-0.020959816873073578,7759.411132812789,0.01575857415436338,0.0,67,114,True,0.0
0.0,-0.19999999999999998,0.07999999999999996,False,True,True,True,True,False,False,76,244,116,85,-0.025854818522930145,8921.284179687564,0.015643464381167812,0.0,76,116,True,0.0
0.0,-0.18,0.07999999999999996,False,True,True,True,True,False,False,97,314,90,80,-0.03546145558357239,7949.3212890627965,0.00956471527268456,0.0,97,90,True,0.0
0.0,-0.15999999999999998,0.07999999999999996,False,True,True,True,True,False,False,91,309,143,112,-0.03546145558357239,10635.545898437897,0.009951115420442821,0.0,91,143,True,0.0
0.0,-0.13999999999999996,0.07999999999999996,False,True,True,True,True,False,False,93,298,104,94,-0.03546145558357239,8543.232421875318,0.01143756247748437,0.0,93,104,True,0.0
0.0,-0.12,0.07999999999999996,False,True,True,True,True,False,False,112,335,109,103,-0.03546145558357239,5544.350213826575,0.017702540648451053,0.0,112,109,True,0.0
0.0,-0.09999999999999998,0.07999999999999996,False,True,True,True,True,False,False,118,405,164,140,-0.02585480362176895,7870.780761719044,0.008642683643662117,0.0,118,164,True,0.0
0.0,-0.07999999999999996,0.07999999999999996,False,True,True,True,True,False,False,113,401,172,159,-0.02585480362176895,9071.616210937838,0.00860359530682356,0.0,113,172,True,0.0
0.0,-0.06,0.07999999999999996,False,True,True,True,True,False,False,103,353,162,156,-0.02585480362176895,8444.210937500315,0.016784682682208604,0.0,103,162,True,0.0
0.0,-0.03999999999999998,0.07999999999999996,False,True,True,True,True,False,False,115,403,131,126,-0.03546139597892761,7540.736816406531,0.009329029122119593,0.0,115,131,True,0.0
0.0,-0.019999999999999962,0.07999999999999996,False,True,True,True,True,False,False,106,374,201,195,-0.03546139597892761,9720.058593750362,0.015590217801560788,0.0,106,201,True,0.0
0.0,0.0,0.07999999999999996,False,True,True,True,True,False,False,104,363,163,136,-0.03546139597892761,10879.540039062906,0.008089703461706411,0.0,104,163,True,0.0
0.0,0.020000000000000018,0.07999999999999996,False,True,True,True,True,False,False,98,315,114,108,-0.03546139597892761,7667.286096702704,0.0023581719458888946,0.0,98,114,True,0.0
0.0,0.040000000000000036,0.07999999999999996,False,True,True,True,True,False,False,112,384,131,115,-0.02724047563970089,6639.544921875247,0.009352385002055276,0.0,112,131,True,0.0
0.0,0.06,0.07999999999999996,False,True,True,True,True,False,False,109,392,208,187,-0.02585480362176895,9770.773437500364,0.008253158613605056,0.0,109,208,True,0.0
0.0,0.08000000000000002,0.07999999999999996,False,True,True,True,True,False,False,112,404,165,161,-0.02585480362176895,11104.676757812915,0.013989700472716205,0.0,112,165,True,0.0
0.0,0.10000000000000003,0.07999999999999996,False,True,True,True,True,False,False,108,364,158,150,-0.03259304165840149,10178.755859375378,0.011385875409199877,0.0,108,158,True,0.0
0.0,0.12000000000000005,0.07999999999999996,False,True,True,True,True,False,False,91,316,125,114,-0.03546139597892761,10209.88085937538,0.014187841250910712,0.0,91,125,True,0.0
0.0,0.14000000000000007,0.07999999999999996,False,True,True,True,True,False,False,76,255,96,88,-0.03546139597892761,8075.238281250301,0.004283352369648809,0.0,76,96,True,0.0
0.0,0.15999999999999998,0.07999999999999996,False,True,True,True,True,False,False,70,218,90,89,-0.03546139597892761,7711.520507812787,0.013921236698931026,0.0,70,90,True,0.0
0.0,0.18,0.07999999999999996,False,True,True,True,True,False,False,92,306,89,82,-0.032545000314712524,7918.452636718814,0.0071024951468423945,0.0,92,89,True,0.0
0.0,0.2,0.07999999999999996,False,True,True,True,True,False,False,84,284,148,144,-0.025853551924228668,8535.906250000318,0.007942025328887709,0.0,84,148,True,0.0
0.0,0.22000000000000003,0.07999999999999996,False,True,True,True,True,False,False,71,248,113,90,-0.020959846675395966,6120.466308593799,0.019586940320136633,0.0,71,113,True,0.0
0.0,0.24000000000000005,0.07999999999999996,False,True,True,True,True,False,False,55,183,75,73,-0.020959846675395966,9735.924804687862,0.01156046051613811,0.0,55,75,True,0.0
0.0,0.26000000000000006,0.07999999999999996,True,False,True,True,True,True,False,42,146,66,63,-0.020959846675395966,8621.558593750322,0.021911803435141857,0.0,42,66,True,0.0
0.0,0.2800000000000001,0.07999999999999996,True,False,True,True,True,True,False,39,134,68,68,-0.020959846675395966,9550.427734375357,0.011853421377079773,0.0,39,68,True,0.0
0.0,0.3,0.07999999999999996,True,False,True,True,True,True,False,43,142,66,62,-0.020959846675395966,9225.391601562844,0.007902557222479163,0.0,43,66,True,0.0
0.0,0.32,0.07999999999999996,True,False,True,True,True,True,False,38,129,44,44,-0.015421509742736816,6659.384277343804,0.013071917782838503,0.0,38,44,True,0.0
0.0,0.34,0.07999999999999996,True,False,False,False,False,False,False,15,47,0,0,0.004426747560501099,0.0,1.4901161193847656e-08,0.0,15,0,False,0.0
0.0,0.36000000000000004,0.07999999999999996,True,False,False,False,False,False,False,0,0,0,0,,0.0,1.4901161193847656e-08,0.0,0,0,False,0.0
0.0,0.38000000000000006,0.07999999999999996,True,False,False,False,False,False,False,0,0,0,0,,0.0,1.4901161193847656e-08,0.0,0,0,False,0.0
0.0,0.4000000000000001,0.07999999999999996,True,False,False,False,False,False,False,0,0,0,0,,0.0,1.4901161193847656e-08,0.0,0,0,False,0.0
0.0,0.42,0.07999999999999996,True,False,False,False,False,False,False,0,0,0,0,,0.0,1.4901161193847656e-08,0.0,0,0,False,0.0
0.0,-0.42,0.09999999999999998,True,False,False,False,False,False,False,0,0,0,0,,0.0,1.4901161193847656e-08,0.0,0,0,False,0.0
0.0,-0.39999999999999997,0.09999999999999998,True,False,False,False,False,False,False,0,0,0,0,,0.0,1.4901161193847656e-08,0.0,0,0,False,0.0
0.0,-0.38,0.09999999999999998,True,False,False,False,False,False,False,0,0,0,0,,0.0,1.4901161193847656e-08,0.0,0,0,False,0.0
0.0,-0.36,0.09999999999999998,True,False,False,False,False,False,False,0,0,0,0,,0.0,1.4901161193847656e-08,0.0,0,0,False,0.0
0.0,-0.33999999999999997,0.09999999999999998,True,False,False,False,False,False,False,17,60,0,0,0.006578236818313599,0.0,1.4901161193847656e-08,0.0,17,0,False,0.0
0.0,-0.31999999999999995,0.09999999999999998,True,False,True,True,True,True,False,40,144,63,39,-0.01332758367061615,6810.105113548687,0.018144003734420516,0.0,40,63,True,0.0
0.0,-0.3,0.09999999999999998,True,False,True,True,True,True,False,50,178,83,75,-0.020959801971912384,7241.65722656277,0.007861708443365445,0.0,50,83,True,0.0
0.0,-0.27999999999999997,0.09999999999999998,True,False,True,True,True,True,False,45,160,73,69,-0.020959801971912384,9448.509765625353,0.03991431477191074,0.0,45,73,True,0.0
0.0,-0.26,0.09999999999999998,True,False,True,True,True,True,False,42,144,65,55,-0.020959801971912384,7129.909667969016,0.026780537714943296,0.0,42,65,True,0.0
0.0,-0.24,0.09999999999999998,False,True,True,True,True,False,False,48,179,89,77,-0.020959816873073578,8632.32910156257,0.022319132086169858,0.0,48,89,True,0.0
0.0,-0.21999999999999997,0.09999999999999998,False,True,True,True,True,False,False,59,210,111,96,-0.020959816873073578,6257.21972656255,0.012020018182683782,0.0,59,111,True,0.0
0.0,-0.19999999999999998,0.09999999999999998,False,True,True,True,True,False,False,67,218,107,85,-0.02664169669151306,7696.457031250055,0.012616110858930907,0.0,67,107,True,0.0
0.0,-0.18,0.09999999999999998,False,True,True,True,True,False,False,78,270,89,83,-0.04191191494464874,7986.791015625297,0.021020938149209672,0.0,78,89,True,0.0
0.0,-0.15999999999999998,0.09999999999999998,False,True,True,True,True,False,False,78,278,137,114,-0.04191191494464874,9965.223632812871,0.010793265581899783,0.0,78,137,True,0.0
0.0,-0.13999999999999996,0.09999999999999998,False,True,True,True,True,False,False,80,268,106,96,-0.04191191494464874,8818.37207031283,0.01897070471035607,0.0,80,106,True,0.0
0.0,-0.12,0.09999999999999998,False,True,True,True,True,False,False,96,302,111,105,-0.04191191494464874,7000.016713928171,0.02822544178647001,0.0,96,111,True,0.0
0.0,-0.09999999999999998,0.09999999999999998,False,True,True,True,True,False,False,101,363,165,141,-0.04191192239522934,7858.273925781306,0.006227001236989455,0.0,101,165,True,0.0
0.0,-0.07999999999999996,0.09999999999999998,False,True,True,True,True,False,False,97,361,173,160,-0.04191192239522934,8377.618164062813,0.01593118818920106,0.0,97,173,True,0.0
0.0,-0.06,0.09999999999999998,False,True,True,True,True,False,False,86,316,161,155,-0.04191192239522934,6902.633300781507,0.011538693284661438,0.0,86,161,True,0.0
0.0,-0.03999999999999998,0.09999999999999998,False,True,True,True,True,False,False,98,357,131,126,-0.04191192239522934,7141.4916992190165,0.014223570470972374,0.0,98,131,True,0.0
0.0,-0.019999999999999962,0.09999999999999998,False,True,True,True,True,False,False,94,347,195,189,-0.04191192239522934,8187.744628906556,0.013470884623292321,0.0,94,195,True,0.0
0.0,0.0,0.09999999999999998,False,True,True,True,True,False,False,90,328,165,138,-0.04191192239522934,7015.593261719012,0.013579429393681362,0.0,90,165,True,0.0
0.0,0.020000000000000018,0.09999999999999998,False,True,True,True,True,False,False,86,288,116,110,-0.04191192239522934,9717.647460937862,0.008669014602543275,0.0,86,116,True,0.0
0.0,0.040000000000000036,0.09999999999999998,False,True,True,True,True,False,False,97,348,132,116,-0.04191192239522934,5928.091308593971,0.013779754504742251,0.0,97,132,True,0.0
0.0,0.06,0.09999999999999998,False,True,True,True,True,False,False,96,360,201,184,-0.04191192239522934,9392.190429687575,0.00132582248359954,0.0,96,201,True,0.0
0.0,0.08000000000000002,0.09999999999999998,False,True,True,True,True,False,False,96,363,164,160,-0.041911929845809937,7726.79638671899,0.005062956009224088,0.0,96,164,True,0.0
0.0,0.10000000000000003,0.09999999999999998,False,True,True,True,True,False,False,92,325,157,149,-0.041911929845809937,9770.945220166728,0.009389959800068673,0.0,92,157,True,0.0
0.0,0.12000000000000005,0.09999999999999998,False,True,True,True,True,False,False,77,284,126,116,-0.041911929845809937,8537.185546875318,0.024343219039007456,0.0,77,126,True,0.0
0.0,0.14000000000000007,0.09999999999999998,False,True,True,True,True,False,False,64,226,96,90,-0.041911929845809937,7563.673339844032,0.019987985270557687,0.0,64,96,True,0.0
0.0,0.15999999999999998,0.09999999999999998,False,True,True,True,True,False,False,55,186,91,91,-0.041911929845809937,7055.854003906513,0.009049893164120193,0.0,55,91,True,0.0
0.0,0.18,0.09999999999999998,False,True,True,True,True,False,False,77,263,88,84,-0.041911929845809937,16940.847656250135,0.0042503919983706276,0.0,77,88,True,0.0
0.0,0.2,0.09999999999999998,False,True,True,True,True,False,False,72,251,136,136,-0.0287797749042511,9168.635742187573,0.014301098357728864,0.0,72,136,True,0.0
0.0,0.22000000000000003,0.09999999999999998,False,True,True,True,True,False,False,58,214,108,90,-0.020959846675395966,6192.836425781481,0.009351903795887207,0.0,58,108,True,0.0
0.0,0.24000000000000005,0.09999999999999998,False,True,True,True,True,False,False,45,156,73,73,-0.020959846675395966,8430.964843750067,0.013519432377637822,0.0,45,73,True,0.0
0.0,0.26000000000000006,0.09999999999999998,True,False,True,True,True,True,False,34,126,66,63,-0.020959846675395966,5309.770019531448,0.02098143165569963,0.0,34,66,True,0.0
0.0,0.2800000000000001,0.09999999999999998,True,False,True,True,True,True,False,34,123,68,68,-0.020959846675395966,5034.014648437687,0.014707268810799479,0.0,34,68,True,0.0
0.0,0.3,0.09999999999999998,True,False,True,True,True,True,False,37,130,66,62,-0.020959846675395966,6830.173828125255,0.020759734499739113,0.0,37,66,True,0.0
0.0,0.32,0.09999999999999998,True,False,True,True,True,True,False,31,112,43,43,-0.015421509742736816,5795.044921875046,0.034410624863543016,0.0,31,43,True,0.0
0.0,0.34,0.09999999999999998,True,False,False,False,False,False,False,14,46,0,0,0.004426747560501099,0.0,1.4901161193847656e-08,0.0,14,0,False,0.0
0.0,0.36000000000000004,0.09999999999999998,True,False,False,False,False,False,False,0,0,0,0,,0.0,1.4901161193847656e-08,0.0,0,0,False,0.0
0.0,0.38000000000000006,0.09999999999999998,True,False,False,False,False,False,False,0,0,0,0,,0.0,1.4901161193847656e-08,0.0,0,0,False,0.0
0.0,0.4000000000000001,0.09999999999999998,True,False,False,False,False,False,False,0,0,0,0,,0.0,1.4901161193847656e-08,0.0,0,0,False,0.0
0.0,0.42,0.09999999999999998,True,False,False,False,False,False,False,0,0,0,0,,0.0,1.4901161193847656e-08,0.0,0,0,False,0.0
0.0,-0.42,0.12,True,False,False,False,False,False,False,0,0,0,0,,0.0,1.4901161193847656e-08,0.0,0,0,False,0.0
0.0,-0.39999999999999997,0.12,True,False,False,False,False,False,False,0,0,0,0,,0.0,1.4901161193847656e-08,0.0,0,0,False,0.0
0.0,-0.38,0.12,True,False,False,False,False,False,False,0,0,0,0,,0.0,1.4901161193847656e-08,0.0,0,0,False,0.0
0.0,-0.36,0.12,True,False,False,False,False,False,False,0,0,0,0,,0.0,1.4901161193847656e-08,0.0,0,0,False,0.0
0.0,-0.33999999999999997,0.12,True,False,False,False,False,False,False,15,49,0,0,0.006578236818313599,0.0,1.4901161193847656e-08,0.0,15,0,False,0.0
0.0,-0.31999999999999995,0.12,True,False,True,True,True,True,False,39,138,52,32,-0.01332758367061615,5185.618339430983,0.04187786015797167,0.0,39,52,True,0.0
0.0,-0.3,0.12,True,False,True,True,True,True,False,48,167,70,62,-0.020959801971912384,6012.666503906475,0.010632941320498428,0.0,48,70,True,0.0
0.0,-0.27999999999999997,0.12,True,False,True,True,True,True,False,43,149,65,61,-0.020959801971912384,7076.835937500264,0.03148411431602166,0.0,43,65,True,0.0
0.0,-0.26,0.12,True,False,True,True,True,True,False,41,137,55,47,-0.020959801971912384,6400.742675781488,0.010969627308868786,0.0,41,55,True,0.0
0.0,-0.24,0.12,False,True,True,True,True,False,False,47,171,82,69,-0.020959801971912384,7549.351074219031,0.02424320673215999,0.0,47,82,True,0.0
0.0,-0.21999999999999997,0.12,False,True,True,True,True,False,False,58,206,100,87,-0.020959801971912384,6672.8095703126855,0.011821985919659307,0.0,58,100,True,0.0
0.0,-0.19999999999999998,0.12,False,True,True,True,True,False,False,67,224,104,82,-0.025410160422325134,6057.520507812688,0.013450233344070132,0.0,67,104,True,0.0
0.0,-0.18,0.12,False,True,True,True,True,False,False,82,277,83,79,-0.029120370745658875,6387.569824218988,0.016982094439319695,0.0,82,83,True,0.0
0.0,-0.15999999999999998,0.12,False,True,True,True,True,False,False,81,284,125,102,-0.02191191166639328,9355.91308593785,0.0076795399395515355,0.0,81,125,True,0.0
0.0,-0.13999999999999996,0.12,False,True,True,True,True,False,False,85,278,94,88,-0.02191191166639328,5504.121582031455,0.008955331031072681,0.0,85,94,True,0.0
0.0,-0.12,0.12,False,True,True,True,True,False,False,97,303,103,97,-0.02191191166639328,7934.214843750296,0.010314432544019252,0.0,97,103,True,0.0
0.0,-0.09999999999999998,0.12,False,True,True,True,True,False,False,104,364,149,129,-0.021911919116973877,10168.043945312878,0.013440056926573091,0.0,104,149,True,0.0
0.0,-0.07999999999999996,0.12,False,True,True,True,True,False,False,98,356,153,140,-0.021911919116973877,7237.574218750077,0.0187501796888073,0.0,98,153,True,0.0
0.0,-0.06,0.12,False,True,True,True,True,False,False,88,314,147,141,-0.021911919116973877,6700.991699218999,0.012658831372254568,0.0,88,147,True,0.0
0.0,-0.03999999999999998,0.12,False,True,True,True,True,False,False,100,356,119,112,-0.021911919116973877,6628.704589843997,0.011989098686472278,0.0,100,119,True,0.0
0.0,-0.019999999999999962,0.12,False,True,True,True,True,False,False,96,344,175,169,-0.021911919116973877,6311.46826171884,0.003559785591757678,0.0,96,175,True,0.0
0.0,0.0,0.12,False,True,True,True,True,False,False,94,333,145,122,-0.021911919116973877,8499.793945312817,0.00877209669393056,0.0,95,145,True,0.0
0.0,0.020000000000000018,0.12,False,True,True,True,True,False,False,88,288,104,98,-0.021911919116973877,8069.702148437801,0.016832927505382775,0.0,88,104,True,0.0
0.0,0.040000000000000036,0.12,False,True,True,True,True,False,False,100,349,120,104,-0.021911919116973877,9978.633789062871,0.010522925259265023,0.0,100,120,True,0.0
0.0,0.06,0.12,False,True,True,True,True,False,False,99,356,181,164,-0.021911919116973877,7221.740234375269,0.005990591181008772,0.0,99,181,True,0.0
0.0,0.08000000000000002,0.12,False,True,True,True,True,False,False,98,357,148,144,-0.021911926567554474,7843.458984375293,0.003835632309726427,0.0,98,148,True,0.0
0.0,0.10000000000000003,0.12,False,True,True,True,True,False,False,96,329,141,133,-0.021911926567554474,10052.618164062875,0.015384686690759078,0.0,96,141,True,0.0
0.0,0.12000000000000005,0.12,False,True,True,True,True,False,False,82,290,118,108,-0.021911926567554474,7472.776367187778,0.015866294755739987,0.0,82,118,True,0.0
0.0,0.14000000000000007,0.12,False,True,True,True,True,False,False,69,238,88,82,-0.021911926567554474,7244.878438000568,0.01800478240803262,0.0,69,88,True,0.0
0.0,0.15999999999999998,0.12,False,True,True,True,True,False,False,60,198,83,83,-0.021911926567554474,5848.150878906296,0.009436224778759439,0.0,60,83,True,0.0
0.0,0.18,0.12,False,True,True,True,True,False,False,78,264,84,80,-0.02912038564682007,5844.859375000182,0.01593934332858692,0.0,78,84,True,0.0
0.0,0.2,0.12,False,True,True,True,True,False,False,72,247,123,123,-0.0275660902261734,8209.070312500065,0.01572167964007908,0.0,72,123,True,0.0
0.0,0.22000000000000003,0.12,False,True,True,True,True,False,False,57,207,95,81,-0.02095983177423477,7904.440429687795,0.009329744377428065,0.0,57,95,True,0.0
0.0,0.24000000000000005,0.12,False,True,True,True,True,False,False,43,147,65,65,-0.020959846675395966,8718.643554687826,0.00872937542321081,0.0,43,65,True,0.0
0.0,0.26000000000000006,0.12,True,False,True,True,True,True,False,33,119,58,55,-0.020959846675395966,6966.37255859401,0.0196021530713943,0.0,33,58,True,0.0
0.0,0.2800000000000001,0.12,True,False,True,True,True,True,False,33,116,60,60,-0.020959846675395966,8014.287597656549,0.014040366014807818,0.0,33,60,True,0.0
0.0,0.3,0.12,True,False,True,True,True,True,False,35,119,58,54,-0.020959846675395966,3542.133056640757,0.020744378642361276,0.0,35,58,True,0.0
0.0,0.32,0.12,True,False,True,True,True,True,False,29,105,36,36,-0.015421509742736816,4628.821070563736,0.01256432931324273,0.0,29,36,True,0.0
0.0,0.34,0.12,True,False,False,False,False,False,False,12,38,0,0,0.004426747560501099,0.0,1.4901161193847656e-08,0.0,12,0,False,0.0
0.0,0.36000000000000004,0.12,True,False,False,False,False,False,False,0,0,0,0,,0.0,1.4901161193847656e-08,0.0,0,0,False,0.0
0.0,0.38000000000000006,0.12,True,False,False,False,False,False,False,0,0,0,0,,0.0,1.4901161193847656e-08,0.0,0,0,False,0.0
0.0,0.4000000000000001,0.12,True,False,False,False,False,False,False,0,0,0,0,,0.0,1.4901161193847656e-08,0.0,0,0,False,0.0
0.0,0.42,0.12,True,False,False,False,False,False,False,0,0,0,0,,0.0,1.4901161193847656e-08,0.0,0,0,False,0.0
0.0,-0.42,0.13999999999999996,True,False,False,False,False,False,False,0,0,0,0,,0.0,1.4901161193847656e-08,0.0,0,0,False,0.0
0.0,-0.39999999999999997,0.13999999999999996,True,False,False,False,False,False,False,0,0,0,0,,0.0,1.4901161193847656e-08,0.0,0,0,False,0.0
0.0,-0.38,0.13999999999999996,True,False,False,False,False,False,False,0,0,0,0,,0.0,1.4901161193847656e-08,0.0,0,0,False,0.0
0.0,-0.36,0.13999999999999996,True,False,False,False,False,False,False,0,0,0,0,,0.0,1.4901161193847656e-08,0.0,0,0,False,0.0
0.0,-0.33999999999999997,0.13999999999999996,True,False,False,False,False,False,False,13,47,0,0,0.006578236818313599,0.0,1.4901161193847656e-08,0.0,13,0,False,0.0
0.0,-0.31999999999999995,0.13999999999999996,True,False,True,True,True,True,False,39,132,52,32,-0.01332758367061615,6709.7806437827085,0.022598599417453513,0.0,39,52,True,0.0
0.0,-0.3,0.13999999999999996,True,False,True,True,True,True,False,47,163,70,62,-0.020959801971912384,7720.263183594037,0.041997854271773154,0.0,47,70,True,0.0
0.0,-0.27999999999999997,0.13999999999999996,True,False,True,True,True,True,False,44,150,65,61,-0.020959801971912384,6660.900878906498,0.04826027632328099,0.0,44,65,True,0.0
0.0,-0.26,0.13999999999999996,True,False,True,True,True,True,False,43,141,57,47,-0.020959801971912384,5791.885307425624,0.056114652926668146,0.0,43,57,True,0.0
0.0,-0.24,0.13999999999999996,False,True,True,True,True,False,False,56,196,82,69,-0.020959801971912384,7210.9462890627,0.04751685348336286,0.0,56,82,True,0.0
0.0,-0.21999999999999997,0.13999999999999996,False,True,True,True,True,False,False,67,235,109,90,-0.020959801971912384,9808.229492187866,0.018067129253858248,0.0,67,109,True,0.0
0.0,-0.19999999999999998,0.13999999999999996,False,True,True,True,True,False,False,78,256,110,76,-0.020959801971912384,6362.304687500237,0.03385928281857698,0.0,78,110,True,0.0
0.0,-0.18,0.13999999999999996,False,True,True,True,True,False,False,93,311,98,81,-0.020959816873073578,6188.86767578148,0.026532574715764323,0.0,93,98,True,0.0
0.0,-0.15999999999999998,0.13999999999999996,False,True,True,True,True,False,False,91,322,140,104,-0.020959816873073578,5330.319824218898,0.011650708748629661,0.0,91,140,True,0.0
0.0,-0.13999999999999996,0.13999999999999996,False,True,True,True,True,False,False,95,314,109,90,-0.020959816873073578,4289.3608398437955,0.00854167394458914,0.0,95,109,True,0.0
0.0,-0.12,0.13999999999999996,False,True,True,True,True,False,False,106,337,119,99,-0.020959816873073578,7198.226562500268,0.007924427368474454,0.0,106,119,True,0.0
0.0,-0.09999999999999998,0.13999999999999996,False,True,True,True,True,False,False,114,392,161,130,-0.020959816873073578,6519.9450261863,0.004156252335551575,0.0,114,161,True,0.0
0.0,-0.07999999999999996,0.13999999999999996,False,True,True,True,True,False,False,110,386,167,139,-0.020959816873073578,7522.90771484403,0.011658156780910596,0.0,110,167,True,0.0
0.0,-0.06,0.13999999999999996,False,True,True,True,True,False,False,102,355,148,128,-0.02095983177423477,7882.415527344044,0.008158830750712335,0.0,102,148,True,0.0
0.0,-0.03999999999999998,0.13999999999999996,False,True,True,True,True,False,False,110,385,130,111,-0.02095983177423477,6649.706542968997,0.011384401104693024,0.0,110,130,True,0.0
0.0,-0.019999999999999962,0.13999999999999996,False,True,True,True,True,False,False,103,366,190,171,-0.02095983177423477,6506.475585937743,0.010383415858148152,0.0,103,190,True,0.0
0.0,0.0,0.13999999999999996,False,True,True,True,True,False,False,102,360,160,124,-0.02095983177423477,7222.663574219019,0.0060642484665944345,0.0,103,160,True,0.0
0.0,0.020000000000000018,0.13999999999999996,False,True,True,True,True,False,False,96,315,119,100,-0.02095983177423477,7731.52685546886,0.006438746365716569,0.0,96,119,True,0.0
0.0,0.040000000000000036,0.13999999999999996,False,True,True,True,True,False,False,109,376,135,105,-0.02095983177423477,8387.759765625313,0.00739168134792985,0.0,109,135,True,0.0
0.0,0.06,0.13999999999999996,False,True,True,True,True,False,False,109,385,191,161,-0.020959846675395966,7865.573730469043,0.014011704629889245,0.0,109,191,True,0.0
0.0,0.08000000000000002,0.13999999999999996,False,True,True,True,True,False,False,110,399,151,135,-0.020959846675395966,7186.722167968852,0.01609370707796312,0.0,110,151,True,0.0
0.0,0.10000000000000003,0.13999999999999996,False,True,True,True,True,False,False,106,358,151,128,-0.020959816873073578,9510.91824746626,0.0049793047009415335,0.0,106,151,True,0.0
0.0,0.12000000000000005,0.13999999999999996,False,True,True,True,True,False,False,89,313,133,110,-0.020959816873073578,4652.597167968787,0.009598902141649221,0.0,89,133,True,0.0
0.0,0.14000000000000007,0.13999999999999996,False,True,True,True,True,False,False,79,276,103,84,-0.02095983177423477,6989.298339844011,0.004944594783715396,0.0,79,103,True,0.0
0.0,0.15999999999999998,0.13999999999999996,False,True,True,True,True,False,False,70,235,98,85,-0.02095983177423477,8142.535644531554,0.01319555243858278,0.0,71,98,True,0.0
0.0,0.18,0.13999999999999996,False,True,True,True,True,False,False,89,300,102,84,-0.02095983177423477,7797.84423828154,0.008316713888687237,0.0,89,102,True,0.0
0.0,0.2,0.13999999999999996,False,True,True,True,True,False,False,83,279,133,120,-0.02095983177423477,6062.7192382814765,0.010523936821598837,0.0,83,133,True,0.0
0.0,0.22000000000000003,0.13999999999999996,False,True,True,True,True,False,False,66,235,99,77,-0.02095983177423477,8578.76269531282,0.022505901389443965,0.0,66,99,True,0.0
0.0,0.24000000000000005,0.13999999999999996,False,True,True,True,True,False,False,50,169,65,65,-0.02095983177423477,7549.421875000061,0.03124993477025071,0.0,50,65,True,0.0
0.0,0.26000000000000006,0.13999999999999996,True,False,True,True,True,True,False,36,123,58,55,-0.020959846675395966,4111.729492187653,0.030279067125694035,0.0,36,58,True,0.0
0.0,0.2800000000000001,0.13999999999999996,True,False,True,True,True,True,False,35,118,60,60,-0.020959846675395966,6069.6123046877265,0.03028329631066807,0.0,35,60,True,0.0
0.0,0.3,0.13999999999999996,True,False,True,True,True,True,False,35,119,58,54,-0.020959846675395966,6853.279296875256,0.03235116670795583,0.0,35,58,True,0.0
0.0,0.32,0.13999999999999996,True,False,True,True,True,True,False,29,99,36,36,-0.015421509742736816,6673.989228875006,0.029731107305315734,0.0,29,36,True,0.0
0.0,0.34,0.13999999999999996,True,False,False,False,False,False,False,10,36,0,0,0.004426747560501099,0.0,1.4901161193847656e-08,0.0,10,0,False,0.0
0.0,0.36000000000000004,0.13999999999999996,True,False,False,False,False,False,False,0,0,0,0,,0.0,1.4901161193847656e-08,0.0,0,0,False,0.0
0.0,0.38000000000000006,0.13999999999999996,True,False,False,False,False,False,False,0,0,0,0,,0.0,1.4901161193847656e-08,0.0,0,0,False,0.0
0.0,0.4000000000000001,0.13999999999999996,True,False,False,False,False,False,False,0,0,0,0,,0.0,1.4901161193847656e-08,0.0,0,0,False,0.0
0.0,0.42,0.13999999999999996,True,False,False,False,False,False,False,0,0,0,0,,0.0,1.4901161193847656e-08,0.0,0,0,False,0.0
0.0,-0.42,0.15999999999999998,True,False,False,False,False,False,False,0,0,0,0,,0.0,2.9802322387695312e-08,0.0,0,0,False,0.0
0.0,-0.39999999999999997,0.15999999999999998,True,False,False,False,False,False,False,0,0,0,0,,0.0,2.9802322387695312e-08,0.0,0,0,False,0.0
0.0,-0.38,0.15999999999999998,True,False,False,False,False,False,False,0,0,0,0,,0.0,2.9802322387695312e-08,0.0,0,0,False,0.0
0.0,-0.36,0.15999999999999998,True,False,False,False,False,False,False,0,0,0,0,,0.0,2.9802322387695312e-08,0.0,0,0,False,0.0
0.0,-0.33999999999999997,0.15999999999999998,True,False,False,False,False,False,False,13,43,0,0,0.006578236818313599,0.0,2.9802322387695312e-08,0.0,13,0,False,0.0
0.0,-0.31999999999999995,0.15999999999999998,True,False,True,True,True,True,False,37,121,56,32,-0.01332758367061615,3083.6352539062746,0.017871781943851712,0.0,37,56,True,0.0
0.0,-0.3,0.15999999999999998,True,False,True,True,True,True,False,55,173,71,47,-0.01097157597541809,2995.502685546958,0.029644755926020692,0.0,55,71,True,0.0
0.0,-0.27999999999999997,0.15999999999999998,True,False,True,True,True,True,False,50,175,71,54,-0.015837721526622772,3414.006835937595,0.020933441542800045,0.0,50,71,True,0.0
0.0,-0.26,0.15999999999999998,True,False,True,True,True,True,False,55,180,63,40,-0.015896011143922806,5482.645849438216,0.039570857293439676,0.0,55,63,True,0.0
0.0,-0.24,0.15999999999999998,False,True,True,True,True,False,False,61,208,104,62,-0.01705165207386017,5629.08691406271,0.030881794104123776,0.0,61,104,True,0.0
0.0,-0.21999999999999997,0.15999999999999998,False,True,True,True,True,False,False,70,246,113,85,-0.015914835035800934,7345.729492187774,0.014835098081930492,0.0,70,113,True,0.0
0.0,-0.19999999999999998,0.15999999999999998,False,True,True,True,True,False,False,86,278,112,83,-0.015914835035800934,5291.33781806473,0.017912176599941675,0.0,86,112,True,0.0
0.0,-0.18,0.15999999999999998,False,True,True,True,True,False,False,93,299,120,94,-0.015914835035800934,5020.8779296876555,0.01529998175971303,0.0,93,120,True,0.0
0.0,-0.15999999999999998,0.15999999999999998,False,True,True,True,True,False,False,100,337,151,97,-0.015892641618847847,7016.2768499315225,0.012925619641700803,0.0,100,151,True,0.0
0.0,-0.13999999999999996,0.15999999999999998,False,True,True,True,True,False,False,103,331,135,100,-0.015833422541618347,4689.97558593763,0.018203582883665206,0.0,103,135,True,0.0
0.0,-0.12,0.15999999999999998,False,True,True,True,True,False,False,121,372,135,104,-0.014960132539272308,3838.871582031357,0.018015173724819238,0.0,121,135,True,0.0
0.0,-0.09999999999999998,0.15999999999999998,False,True,True,True,True,False,False,125,406,179,140,-0.014960125088691711,4357.286621093785,0.020905829208276907,0.0,125,179,True,0.0
0.0,-0.07999999999999996,0.15999999999999998,False,True,True,True,True,False,False,115,405,189,148,-0.014960125088691711,3363.1088867188437,0.016682086917986394,0.0,115,189,True,0.0
0.0,-0.06,0.15999999999999998,False,True,True,True,True,False,False,111,379,164,129,-0.014960125088691711,4801.379882812568,0.005598917785159591,0.0,111,164,True,0.0
0.0,-0.03999999999999998,0.15999999999999998,False,True,True,True,True,False,False,111,369,134,107,-0.014960125088691711,3687.3864746095123,0.008049315904931817,0.0,111,134,True,0.0
0.0,-0.019999999999999962,0.15999999999999998,False,True,True,True,True,False,False,112,386,183,137,-0.014960125088691711,3895.6538085938055,0.017431268941878724,0.0,112,183,True,0.0
0.0,0.0,0.15999999999999998,False,True,True,True,True,False,False,110,372,169,120,-0.014960125088691711,3391.2443576398955,0.006353426885951172,0.0,110,169,True,0.0
0.0,0.020000000000000018,0.15999999999999998,False,True,True,True,True,False,False,108,337,139,105,-0.014960125088691711,3380.884521484501,0.0050494617125886754,0.0,108,139,True,0.0
0.0,0.040000000000000036,0.15999999999999998,False,True,True,True,True,False,False,116,380,149,108,-0.014960125088691711,3766.3215332032655,0.012696314414756122,0.0,116,149,True,0.0
0.0,0.06,0.15999999999999998,False,True,True,True,True,False,False,119,419,201,149,-0.014960125088691711,3545.62353515636,0.02070723795195368,0.0,119,201,True,0.0
0.0,0.08000000000000002,0.15999999999999998,False,True,True,True,True,False,False,113,401,165,127,-0.014960117638111115,4953.166992187685,0.016559575126521894,0.0,113,165,True,0.0
0.0,0.10000000000000003,0.15999999999999998,False,True,True,True,True,False,False,114,371,155,125,-0.014960117638111115,4183.4965820314055,0.018822014974693,0.0,114,156,True,0.0
0.0,0.12000000000000005,0.15999999999999998,False,True,True,True,True,False,False,102,342,151,114,-0.014960117638111115,3512.445068359506,0.016765676025322505,0.0,102,151,True,0.0
0.0,0.14000000000000007,0.15999999999999998,False,True,True,True,True,False,False,88,295,123,93,-0.015819311141967773,4405.495117187664,0.014337445129925555,0.0,88,123,True,0.0
0.0,0.15999999999999998,0.15999999999999998,False,True,True,True,True,False,False,81,263,117,95,-0.015877600759267807,6042.506626219612,0.01459101733575364,0.0,81,117,True,0.0
0.0,0.18,0.15999999999999998,False,True,True,True,True,False,False,91,290,118,101,-0.015914782881736755,5392.848144531451,0.022558281763670522,0.0,91,118,True,0.0
0.0,0.2,0.15999999999999998,False,True,True,True,True,False,False,93,305,128,109,-0.015914782881736755,5444.381835937703,0.02467328039787988,0.0,93,128,True,0.0
0.0,0.22000000000000003,0.15999999999999998,False,True,True,True,True,False,False,74,251,107,85,-0.015914790332317352,5095.359375000158,0.03027235401435944,0.0,74,107,True,0.0
0.0,0.24000000000000005,0.15999999999999998,False,True,True,True,True,False,False,60,186,74,67,-0.019176244735717773,7400.345214843809,0.03597928935746458,0.0,60,74,True,0.0
0.0,0.26000000000000006,0.15999999999999998,True,False,True,True,True,True,False,48,159,57,51,-0.015911251306533813,4209.571777343907,0.021751144725180787,0.0,48,57,True,0.0
0.0,0.2800000000000001,0.15999999999999998,True,False,True,True,True,True,False,44,150,61,60,-0.015852032229304314,2808.780867113048,0.03426495074939765,0.0,44,61,True,0.0
0.0,0.3,0.15999999999999998,True,False,True,True,True,True,False,47,145,59,55,-0.012567207217216492,2952.142089843773,0.006085427156633759,0.0,47,59,True,0.0
0.0,0.32,0.15999999999999998,True,False,True,True,True,True,False,31,99,40,40,-0.015421509742736816,5247.627929687542,0.017033008426116956,0.0,31,40,True,0.0
0.0,0.34,0.15999999999999998,True,False,False,False,False,False,False,13,42,0,0,0.004426747560501099,0.0,2.9802322387695312e-08,0.0,13,0,False,0.0
0.0,0.36000000000000004,0.15999999999999998,True,False,False,False,False,False,False,0,0,0,0,,0.0,2.9802322387695312e-08,0.0,0,0,False,0.0
0.0,0.38000000000000006,0.15999999999999998,True,False,False,False,False,False,False,0,0,0,0,,0.0,2.9802322387695312e-08,0.0,0,0,False,0.0
0.0,0.4000000000000001,0.15999999999999998,True,False,False,False,False,False,False,0,0,0,0,,0.0,2.9802322387695312e-08,0.0,0,0,False,0.0
0.0,0.42,0.15999999999999998,True,False,False,False,False,False,False,0,0,0,0,,0.0,2.9802322387695312e-08,0.0,0,0,False,0.0
0.0,-0.42,0.18,True,False,False,False,False,False,False,0,0,0,0,,0.0,2.9802322387695312e-08,0.0,0,0,False,0.0
0.0,-0.39999999999999997,0.18,True,False,False,False,False,False,False,0,0,0,0,,0.0,2.9802322387695312e-08,0.0,0,0,False,0.0
0.0,-0.38,0.18,True,False,False,False,False,False,False,0,0,0,0,,0.0,2.9802322387695312e-08,0.0,0,0,False,0.0
0.0,-0.36,0.18,True,False,False,False,False,False,False,0,0,0,0,,0.0,2.9802322387695312e-08,0.0,0,0,False,0.0
0.0,-0.33999999999999997,0.18,True,False,False,False,False,False,False,9,18,0,0,0.00694110244512558,0.0,2.9802322387695312e-08,0.0,9,0,False,0.0
0.0,-0.31999999999999995,0.18,True,False,True,True,True,True,False,23,75,17,11,-0.012077100574970245,8.79415702819857,0.0026642773879469272,0.0,23,17,True,0.0
0.0,-0.3,0.18,True,False,True,True,True,True,False,45,122,32,24,-0.011174134910106659,2852.3754882812727,0.006279894688804364,0.0,45,32,True,0.0
0.0,-0.27999999999999997,0.18,True,False,True,True,True,True,False,41,132,35,31,-0.01237235963344574,3653.6640625001132,0.03511004399866711,0.0,41,35,True,0.0
0.0,-0.26,0.18,True,False,True,True,True,True,False,43,132,36,32,-0.012457489967346191,5335.600952791396,0.029611504729586458,0.0,43,36,True,0.0
0.0,-0.24,0.18,False,True,True,True,True,False,False,52,146,33,28,-0.012492596171796322,6416.711914062699,0.023670459058283844,0.0,53,33,True,0.0
0.0,-0.21999999999999997,0.18,False,True,True,True,True,False,False,55,169,31,26,-0.0124996742233634,6418.69970703145,0.011435276198790648,0.0,55,34,True,0.0
0.0,-0.19999999999999998,0.18,False,True,True,True,True,False,False,68,194,39,34,-0.012510105967521667,6823.067871093962,0.03307787320626605,0.0,67,36,True,0.0
0.0,-0.18,0.18,False,True,True,True,True,False,False,75,199,45,36,-0.01251859962940216,4928.718261718903,0.049619715798583826,0.0,75,45,True,0.0
0.0,-0.15999999999999998,0.18,False,True,True,True,True,False,False,77,218,42,34,-0.012467987835407257,4524.913085937641,0.017749426186213405,0.0,75,42,True,0.0
0.0,-0.13999999999999996,0.18,False,True,True,True,True,False,False,83,231,42,34,-0.012376241385936737,6156.511718750191,0.012280091878101923,0.0,83,42,True,0.0
0.0,-0.12,0.18,False,True,True,True,True,False,False,100,268,56,48,-0.008822910487651825,3907.4916992188714,0.0030359759662106603,0.0,100,56,True,0.0
0.0,-0.09999999999999998,0.18,False,True,True,True,True,False,False,109,308,58,51,-0.010254308581352234,4371.679877530271,0.01356005581971049,0.0,108,58,True,0.0
0.0,-0.07999999999999996,0.18,False,True,True,True,True,False,False,94,274,53,47,-0.010254308581352234,3418.2324218751064,0.013721917856725444,0.0,95,53,True,0.0
0.0,-0.06,0.18,False,True,True,True,True,False,False,84,242,50,44,-0.010254308581352234,2978.0148925782173,0.01470255934547976,0.0,84,50,True,0.0
0.0,-0.03999999999999998,0.18,False,True,True,True,True,False,False,82,225,47,40,-0.005423977971076965,2131.0073242188296,0.01514895172455479,0.0,82,47,True,0.0
0.0,-0.019999999999999962,0.18,False,True,True,True,True,False,False,86,247,47,40,-0.005423977971076965,2723.8562011719764,0.023556506579576905,0.0,86,47,True,0.0
0.0,0.0,0.18,False,True,True,True,True,False,False,91,245,47,40,-0.005423985421657562,2110.6015625000787,0.02667890052311908,0.0,92,47,True,0.0
0.0,0.020000000000000018,0.18,False,True,True,True,True,False,False,86,233,47,40,-0.005423985421657562,1972.0076904297612,0.01268353127801027,0.0,86,47,True,0.0
0.0,0.040000000000000036,0.18,False,True,True,True,True,False,False,92,250,47,40,-0.005423985421657562,2018.3214111328878,0.01614630082825351,0.0,93,47,True,0.0
0.0,0.06,0.18,False,True,True,True,True,False,False,89,267,51,44,-0.011174120008945465,2945.0368652344846,0.006657831048473327,0.0,91,51,True,0.0
0.0,0.08000000000000002,0.18,False,True,True,True,True,False,False,87,260,54,47,-0.011174120008945465,2731.2285156250846,0.013636737279808285,0.0,86,54,True,0.0
0.0,0.10000000000000003,0.18,False,True,True,True,True,False,False,90,259,58,52,-0.011174120008945465,2713.662353515709,0.01934188426326078,0.0,90,58,True,0.0
0.0,0.12000000000000005,0.18,False,True,True,True,True,False,False,86,243,53,43,-0.008822895586490631,4389.224609375136,0.01568289743691222,0.0,86,53,True,0.0
0.0,0.14000000000000007,0.18,False,True,True,True,True,False,False,77,225,45,42,-0.012345530092716217,7028.198242187718,0.016946490932267185,0.0,77,45,True,0.0
0.0,0.15999999999999998,0.18,False,True,True,True,True,False,False,69,204,45,42,-0.01243070513010025,6948.6430664064665,0.005500374136956477,0.0,68,45,True,0.0
0.0,0.18,0.18,False,True,True,True,True,False,False,77,215,50,45,-0.01248680055141449,7372.613769531479,0.02727496369278327,0.0,77,50,True,0.0
0.0,0.2,0.18,False,True,True,True,True,False,False,70,206,43,39,-0.012498623691499233,6526.510742187703,0.012826214105738538,0.0,71,43,True,0.0
0.0,0.22000000000000003,0.18,False,True,True,True,True,False,False,57,177,44,42,-0.012507349252700806,3952.079833984498,0.01221715951844586,0.0,57,44,True,0.0
0.0,0.24000000000000005,0.18,False,True,True,True,True,False,False,53,152,41,39,-0.012512748129665852,6247.950195312694,0.024582742129433535,0.0,54,41,True,0.0
0.0,0.26000000000000006,0.18,True,False,True,True,True,True,False,44,137,40,39,-0.012496910989284515,5899.226562500183,0.021635354274228247,0.0,44,40,True,0.0
0.0,0.2800000000000001,0.18,True,False,True,True,True,True,False,41,130,39,39,-0.012405164539813995,4560.063476562642,0.027815436856807776,0.0,41,39,True,0.0
0.0,0.3,0.18,True,False,True,True,True,True,False,41,122,40,36,-0.012313418090343475,2553.656494140704,0.014635636506315894,0.0,41,40,True,0.0
0.0,0.32,0.18,True,False,True,True,True,True,False,32,92,20,16,-0.012192711234092712,22.904989242554564,0.005550870880429692,0.0,32,20,True,0.0
0.0,0.34,0.18,True,False,False,False,False,False,False,10,18,0,0,0.004771367181092501,0.0,2.9802322387695312e-08,0.0,10,0,False,0.0
0.0,0.36000000000000004,0.18,True,False,False,False,False,False,False,0,0,0,0,,0.0,2.9802322387695312e-08,0.0,0,0,False,0.0
0.0,0.38000000000000006,0.18,True,False,False,False,False,False,False,0,0,0,0,,0.0,2.9802322387695312e-08,0.0,0,0,False,0.0
0.0,0.4000000000000001,0.18,True,False,False,False,False,False,False,0,0,0,0,,0.0,2.9802322387695312e-08,0.0,0,0,False,0.0
0.0,0.42,0.18,True,False,False,False,False,False,False,0,0,0,0,,0.0,2.9802322387695312e-08,0.0,0,0,False,0.0
0.0,-0.42,0.2,True,False,False,False,False,False,False,0,0,0,0,,0.0,2.9802322387695312e-08,0.0,0,0,False,0.0
0.0,-0.39999999999999997,0.2,True,False,False,False,False,False,False,0,0,0,0,,0.0,2.9802322387695312e-08,0.0,0,0,False,0.0
0.0,-0.38,0.2,True,False,False,False,False,False,False,0,0,0,0,,0.0,2.9802322387695312e-08,0.0,0,0,False,0.0
0.0,-0.36,0.2,True,False,False,False,False,False,False,0,0,0,0,,0.0,2.9802322387695312e-08,0.0,0,0,False,0.0
0.0,-0.33999999999999997,0.2,True,False,False,False,False,False,False,2,5,0,0,0.015444576740264893,0.0,2.9802322387695312e-08,0.0,2,0,False,0.0
0.0,-0.31999999999999995,0.2,True,False,False,False,False,False,False,9,18,0,0,0.007879853248596191,0.0,2.9802322387695312e-08,0.0,9,0,False,0.0
0.0,-0.3,0.2,True,False,False,False,False,False,False,15,33,0,0,0.007712617516517639,0.0,2.9802322387695312e-08,0.0,14,0,False,0.0
0.0,-0.27999999999999997,0.2,True,False,False,False,False,False,False,11,32,0,0,0.0076274871826171875,0.0,2.9802322387695312e-08,0.0,11,0,False,0.0
0.0,-0.26,0.2,True,False,False,False,False,False,False,11,32,0,0,0.007542327046394348,0.0,2.9802322387695312e-08,0.0,10,0,False,0.0
0.0,-0.24,0.2,True,False,False,False,False,False,False,12,27,0,0,0.007508085574954748,0.0,2.9802322387695312e-08,0.0,12,0,False,0.0
0.0,-0.21999999999999997,0.2,True,False,False,False,False,False,False,12,25,0,0,0.007500334642827511,0.0,2.9802322387695312e-08,0.0,12,0,False,0.0
0.0,-0.19999999999999998,0.2,True,False,False,False,False,False,False,15,34,0,0,0.007489912211894989,0.0,2.9802322387695312e-08,0.0,15,0,False,0.0
0.0,-0.18,0.2,True,False,False,False,False,False,False,15,38,0,0,0.007481418550014496,0.0,2.9802322387695312e-08,0.0,15,0,False,0.0
0.0,-0.15999999999999998,0.2,True,False,False,False,False,False,False,14,34,0,0,0.007481418550014496,0.0,2.9802322387695312e-08,0.0,14,0,False,0.0
0.0,-0.13999999999999996,0.2,True,False,False,False,False,False,False,20,40,0,0,0.007481418550014496,0.0,2.9802322387695312e-08,0.0,20,0,False,0.0
0.0,-0.12,0.2,True,False,False,False,False,False,False,20,48,0,0,0.0077155232429504395,0.0,2.9802322387695312e-08,0.0,19,0,False,0.0
0.0,-0.09999999999999998,0.2,True,False,False,False,False,False,False,22,54,0,0,0.007623679935932159,0.0,2.980237923100575e-08,0.0,22,0,False,0.0
0.0,-0.07999999999999996,0.2,True,False,False,False,False,False,False,21,51,0,0,0.007715433835983276,0.0,2.9802322387695312e-08,0.0,21,0,False,0.0
0.0,-0.06,0.2,True,False,False,False,False,False,False,19,45,0,0,0.0077666789293289185,0.0,2.9802322387695312e-08,0.0,19,0,False,0.0
0.0,-0.03999999999999998,0.2,True,False,False,False,False,False,False,17,43,0,0,0.00848634634166956,0.0,2.9802322387695312e-08,0.0,17,0,False,0.0
0.0,-0.019999999999999962,0.2,True,False,False,False,False,False,False,17,40,0,0,0.008560587652027607,0.0,2.9802322387695312e-08,0.0,17,0,False,0.0
0.0,0.0,0.2,True,False,False,False,False,False,False,17,40,0,0,0.008555077947676182,0.0,2.9802322387695312e-08,0.0,17,0,False,0.0
0.0,0.020000000000000018,0.2,True,False,False,False,False,False,False,17,40,0,0,0.00857070367783308,0.0,2.9802322387695312e-08,0.0,17,0,False,0.0
0.0,0.040000000000000036,0.2,True,False,False,False,False,False,False,17,43,0,0,0.008576800115406513,0.0,2.9802322387695312e-08,0.0,17,0,False,0.0
0.0,0.06,0.2,True,False,False,False,False,False,False,19,46,0,0,0.007790934760123491,0.0,2.9802322387695312e-08,0.0,19,0,False,0.0
0.0,0.08000000000000002,0.2,True,False,False,False,False,False,False,17,47,0,0,0.007705137133598328,0.0,2.9802322387695312e-08,0.0,17,0,False,0.0
0.0,0.10000000000000003,0.2,True,False,False,False,False,False,False,19,52,0,0,0.007619984447956085,0.0,2.9802322387695312e-08,0.0,19,0,False,0.0
0.0,0.12000000000000005,0.2,True,False,False,False,False,False,False,23,53,0,0,0.007534869015216827,0.0,2.9802322387695312e-08,0.0,23,0,False,0.0
0.0,0.14000000000000007,0.2,True,False,False,False,False,False,False,19,43,0,0,0.007513217628002167,0.0,2.9802322387695312e-08,0.0,19,0,False,0.0
0.0,0.15999999999999998,0.2,True,False,False,False,False,False,False,17,39,0,0,0.007513217628002167,0.0,2.9802322387695312e-08,0.0,17,0,False,0.0
0.0,0.18,0.2,True,False,False,False,False,False,False,15,34,0,0,0.007513217628002167,0.0,2.9802322387695312e-08,0.0,16,0,False,0.0
0.0,0.2,0.2,True,False,False,False,False,False,False,16,36,0,0,0.007501383777707815,0.0,2.9802322387695312e-08,0.0,16,0,False,0.0
0.0,0.22000000000000003,0.2,True,False,False,False,False,False,False,16,37,0,0,0.007492668926715851,0.0,2.9802322387695312e-08,0.0,16,0,False,0.0
0.0,0.24000000000000005,0.2,True,False,False,False,False,False,False,16,30,0,0,0.007483825087547302,0.0,2.9802322387695312e-08,0.0,16,0,False,0.0
0.0,0.26000000000000006,0.2,True,False,False,False,False,False,False,16,40,0,0,0.007503107190132141,0.0,2.9802322387695312e-08,0.0,16,0,False,0.0
0.0,0.2800000000000001,0.2,True,False,False,False,False,False,False,16,40,0,0,0.007594853639602661,0.0,2.9802322387695312e-08,0.0,16,0,False,0.0
0.0,0.3,0.2,True,False,False,False,False,False,False,18,42,0,0,0.007723450660705566,0.0,2.9802322387695312e-08,0.0,18,0,False,0.0
0.0,0.32,0.2,True,False,False,False,False,False,False,10,18,0,0,0.007773958146572113,0.0,2.9802322387695312e-08,0.0,10,0,False,0.0
0.0,0.34,0.2,True,False,False,False,False,False,False,2,6,0,0,0.015034646727144718,0.0,2.9802322387695312e-08,0.0,2,0,False,0.0
0.0,0.36000000000000004,0.2,True,False,False,False,False,False,False,0,0,0,0,,0.0,2.9802322387695312e-08,0.0,0,0,False,0.0
0.0,0.38000000000000006,0.2,True,False,False,False,False,False,False,0,0,0,0,,0.0,2.9802322387695312e-08,0.0,0,0,False,0.0
0.0,0.4000000000000001,0.2,True,False,False,False,False,False,False,0,0,0,0,,0.0,2.9802322387695312e-08,0.0,0,0,False,0.0
0.0,0.42,0.2,True,False,False,False,False,False,False,0,0,0,0,,0.0,2.9802322387695312e-08,0.0,0,0,False,0.0
0.0,-0.42,0.22000000000000003,True,False,False,False,False,False,False,0,0,0,0,,0.0,2.9802322387695312e-08,0.0,0,0,False,0.0
0.0,-0.39999999999999997,0.22000000000000003,True,False,False,False,False,False,False,0,0,0,0,,0.0,2.9802322387695312e-08,0.0,0,0,False,0.0
0.0,-0.38,0.22000000000000003,True,False,False,False,False,False,False,0,0,0,0,,0.0,2.9802322387695312e-08,0.0,0,0,False,0.0
0.0,-0.36,0.22000000000000003,True,False,False,False,False,False,False,0,0,0,0,,0.0,2.9802322387695312e-08,0.0,0,0,False,0.0
0.0,-0.33999999999999997,0.22000000000000003,True,False,False,False,False,False,False,0,0,0,0,,0.0,2.9802322387695312e-08,0.0,0,0,False,0.0
0.0,-0.31999999999999995,0.22000000000000003,True,False,False,False,False,False,False,0,0,0,0,,0.0,2.9802322387695312e-08,0.0,0,0,False,0.0
0.0,-0.3,0.22000000000000003,True,False,False,False,False,False,False,0,0,0,0,,0.0,2.9802322387695312e-08,0.0,0,0,False,0.0
0.0,-0.27999999999999997,0.22000000000000003,True,False,False,False,False,False,False,0,0,0,0,,0.0,2.9802322387695312e-08,0.0,0,0,False,0.0
0.0,-0.26,0.22000000000000003,True,False,False,False,False,False,False,0,0,0,0,,0.0,2.9802322387695312e-08,0.0,0,0,False,0.0
0.0,-0.24,0.22000000000000003,True,False,False,False,False,False,False,0,0,0,0,,0.0,2.9802322387695312e-08,0.0,0,0,False,0.0
0.0,-0.21999999999999997,0.22000000000000003,True,False,False,False,False,False,False,0,0,0,0,,0.0,2.9802322387695312e-08,0.0,0,0,False,0.0
0.0,-0.19999999999999998,0.22000000000000003,True,False,False,False,False,False,False,0,0,0,0,,0.0,2.9802322387695312e-08,0.0,0,0,False,0.0
0.0,-0.18,0.22000000000000003,True,False,False,False,False,False,False,0,0,0,0,,0.0,2.9802322387695312e-08,0.0,0,0,False,0.0
0.0,-0.15999999999999998,0.22000000000000003,True,False,False,False,False,False,False,0,0,0,0,,0.0,2.9802322387695312e-08,0.0,0,0,False,0.0
0.0,-0.13999999999999996,0.22000000000000003,True,False,False,False,False,False,False,0,0,0,0,,0.0,2.9802322387695312e-08,0.0,0,0,False,0.0
0.0,-0.12,0.22000000000000003,True,False,False,False,False,False,False,0,0,0,0,,0.0,2.9802322387695312e-08,0.0,0,0,False,0.0
0.0,-0.09999999999999998,0.22000000000000003,True,False,False,False,False,False,False,0,0,0,0,,0.0,2.980237923100575e-08,0.0,0,0,False,0.0
0.0,-0.07999999999999996,0.22000000000000003,True,False,False,False,False,False,False,0,0,0,0,,0.0,2.9802322387695312e-08,0.0,0,0,False,0.0
0.0,-0.06,0.22000000000000003,True,False,False,False,False,False,False,0,0,0,0,,0.0,2.9802322387695312e-08,0.0,0,0,False,0.0
0.0,-0.03999999999999998,0.22000000000000003,True,False,False,False,False,False,False,0,0,0,0,,0.0,2.9802322387695312e-08,0.0,0,0,False,0.0
0.0,-0.019999999999999962,0.22000000000000003,True,False,False,False,False,False,False,0,0,0,0,,0.0,2.9802322387695312e-08,0.0,0,0,False,0.0
0.0,0.0,0.22000000000000003,True,False,False,False,False,False,False,0,0,0,0,,0.0,2.9802322387695312e-08,0.0,0,0,False,0.0
0.0,0.020000000000000018,0.22000000000000003,True,False,False,False,False,False,False,0,0,0,0,,0.0,2.9802322387695312e-08,0.0,0,0,False,0.0
0.0,0.040000000000000036,0.22000000000000003,True,False,False,False,False,False,False,0,0,0,0,,0.0,2.9802322387695312e-08,0.0,0,0,False,0.0
0.0,0.06,0.22000000000000003,True,False,False,False,False,False,False,0,0,0,0,,0.0,2.9802322387695312e-08,0.0,0,0,False,0.0
0.0,0.08000000000000002,0.22000000000000003,True,False,False,False,False,False,False,0,0,0,0,,0.0,2.9802322387695312e-08,0.0,0,0,False,0.0
0.0,0.10000000000000003,0.22000000000000003,True,False,False,False,False,False,False,0,0,0,0,,0.0,2.9802322387695312e-08,0.0,0,0,False,0.0
0.0,0.12000000000000005,0.22000000000000003,True,False,False,False,False,False,False,0,0,0,0,,0.0,2.9802322387695312e-08,0.0,0,0,False,0.0
0.0,0.14000000000000007,0.22000000000000003,True,False,False,False,False,False,False,0,0,0,0,,0.0,2.9802322387695312e-08,0.0,0,0,False,0.0
0.0,0.15999999999999998,0.22000000000000003,True,False,False,False,False,False,False,0,0,0,0,,0.0,2.9802322387695312e-08,0.0,0,0,False,0.0
0.0,0.18,0.22000000000000003,True,False,False,False,False,False,False,0,0,0,0,,0.0,2.9802322387695312e-08,0.0,0,0,False,0.0
0.0,0.2,0.22000000000000003,True,False,False,False,False,False,False,0,0,0,0,,0.0,2.9802322387695312e-08,0.0,0,0,False,0.0
0.0,0.22000000000000003,0.22000000000000003,True,False,False,False,False,False,False,0,0,0,0,,0.0,2.9802322387695312e-08,0.0,0,0,False,0.0
0.0,0.24000000000000005,0.22000000000000003,True,False,False,False,False,False,False,0,0,0,0,,0.0,2.9802322387695312e-08,0.0,0,0,False,0.0
0.0,0.26000000000000006,0.22000000000000003,True,False,False,False,False,False,False,0,0,0,0,,0.0,2.9802322387695312e-08,0.0,0,0,False,0.0
0.0,0.2800000000000001,0.22000000000000003,True,False,False,False,False,False,False,0,0,0,0,,0.0,2.9802322387695312e-08,0.0,0,0,False,0.0
0.0,0.3,0.22000000000000003,True,False,False,False,False,False,False,0,0,0,0,,0.0,2.9802322387695312e-08,0.0,0,0,False,0.0
0.0,0.32,0.22000000000000003,True,False,False,False,False,False,False,0,0,0,0,,0.0,2.9802322387695312e-08,0.0,0,0,False,0.0
0.0,0.34,0.22000000000000003,True,False,False,False,False,False,False,0,0,0,0,,0.0,2.9802322387695312e-08,0.0,0,0,False,0.0
0.0,0.36000000000000004,0.22000000000000003,True,False,False,False,False,False,False,0,0,0,0,,0.0,2.9802322387695312e-08,0.0,0,0,False,0.0
0.0,0.38000000000000006,0.22000000000000003,True,False,False,False,False,False,False,0,0,0,0,,0.0,2.9802322387695312e-08,0.0,0,0,False,0.0
0.0,0.4000000000000001,0.22000000000000003,True,False,False,False,False,False,False,0,0,0,0,,0.0,2.9802322387695312e-08,0.0,0,0,False,0.0
0.0,0.42,0.22000000000000003,True,False,False,False,False,False,False,0,0,0,0,,0.0,2.9802322387695312e-08,0.0,0,0,False,0.0
0.0,-0.42,0.23999999999999994,True,False,False,False,False,False,False,0,0,0,0,,0.0,2.9802322387695312e-08,0.0,0,0,False,0.0
0.0,-0.39999999999999997,0.23999999999999994,True,False,False,False,False,False,False,0,0,0,0,,0.0,2.9802322387695312e-08,0.0,0,0,False,0.0
0.0,-0.38,0.23999999999999994,True,False,False,False,False,False,False,0,0,0,0,,0.0,2.9802322387695312e-08,0.0,0,0,False,0.0
0.0,-0.36,0.23999999999999994,True,False,False,False,False,False,False,0,0,0,0,,0.0,2.9802322387695312e-08,0.0,0,0,False,0.0
0.0,-0.33999999999999997,0.23999999999999994,True,False,False,False,False,False,False,0,0,0,0,,0.0,2.9802322387695312e-08,0.0,0,0,False,0.0
0.0,-0.31999999999999995,0.23999999999999994,True,False,False,False,False,False,False,0,0,0,0,,0.0,2.9802322387695312e-08,0.0,0,0,False,0.0
0.0,-0.3,0.23999999999999994,True,False,False,False,False,False,False,0,0,0,0,,0.0,2.9802322387695312e-08,0.0,0,0,False,0.0
0.0,-0.27999999999999997,0.23999999999999994,True,False,False,False,False,False,False,0,0,0,0,,0.0,2.9802322387695312e-08,0.0,0,0,False,0.0
0.0,-0.26,0.23999999999999994,True,False,False,False,False,False,False,0,0,0,0,,0.0,2.9802322387695312e-08,0.0,0,0,False,0.0
0.0,-0.24,0.23999999999999994,True,False,False,False,False,False,False,0,0,0,0,,0.0,2.9802322387695312e-08,0.0,0,0,False,0.0
0.0,-0.21999999999999997,0.23999999999999994,True,False,False,False,False,False,False,0,0,0,0,,0.0,2.9802322387695312e-08,0.0,0,0,False,0.0
0.0,-0.19999999999999998,0.23999999999999994,True,False,False,False,False,False,False,0,0,0,0,,0.0,2.9802322387695312e-08,0.0,0,0,False,0.0
0.0,-0.18,0.23999999999999994,True,False,False,False,False,False,False,0,0,0,0,,0.0,2.9802322387695312e-08,0.0,0,0,False,0.0
0.0,-0.15999999999999998,0.23999999999999994,True,False,False,False,False,False,False,0,0,0,0,,0.0,2.9802322387695312e-08,0.0,0,0,False,0.0
0.0,-0.13999999999999996,0.23999999999999994,True,False,False,False,False,False,False,0,0,0,0,,0.0,2.9802322387695312e-08,0.0,0,0,False,0.0
0.0,-0.12,0.23999999999999994,True,False,False,False,False,False,False,0,0,0,0,,0.0,2.9802322387695312e-08,0.0,0,0,False,0.0
0.0,-0.09999999999999998,0.23999999999999994,True,False,False,False,False,False,False,0,0,0,0,,0.0,2.980237923100575e-08,0.0,0,0,False,0.0
0.0,-0.07999999999999996,0.23999999999999994,True,False,False,False,False,False,False,0,0,0,0,,0.0,2.9802322387695312e-08,0.0,0,0,False,0.0
0.0,-0.06,0.23999999999999994,True,False,False,False,False,False,False,0,0,0,0,,0.0,2.9802322387695312e-08,0.0,0,0,False,0.0
0.0,-0.03999999999999998,0.23999999999999994,True,False,False,False,False,False,False,0,0,0,0,,0.0,2.9802322387695312e-08,0.0,0,0,False,0.0
0.0,-0.019999999999999962,0.23999999999999994,True,False,False,False,False,False,False,0,0,0,0,,0.0,2.9802322387695312e-08,0.0,0,0,False,0.0
0.0,0.0,0.23999999999999994,True,False,False,False,False,False,False,0,0,0,0,,0.0,2.9802322387695312e-08,0.0,0,0,False,0.0
0.0,0.020000000000000018,0.23999999999999994,True,False,False,False,False,False,False,0,0,0,0,,0.0,2.9802322387695312e-08,0.0,0,0,False,0.0
0.0,0.040000000000000036,0.23999999999999994,True,False,False,False,False,False,False,0,0,0,0,,0.0,2.9802322387695312e-08,0.0,0,0,False,0.0
0.0,0.06,0.23999999999999994,True,False,False,False,False,False,False,0,0,0,0,,0.0,2.9802322387695312e-08,0.0,0,0,False,0.0
0.0,0.08000000000000002,0.23999999999999994,True,False,False,False,False,False,False,0,0,0,0,,0.0,2.9802322387695312e-08,0.0,0,0,False,0.0
0.0,0.10000000000000003,0.23999999999999994,True,False,False,False,False,False,False,0,0,0,0,,0.0,2.9802322387695312e-08,0.0,0,0,False,0.0
0.0,0.12000000000000005,0.23999999999999994,True,False,False,False,False,False,False,0,0,0,0,,0.0,2.9802322387695312e-08,0.0,0,0,False,0.0
0.0,0.14000000000000007,0.23999999999999994,True,False,False,False,False,False,False,0,0,0,0,,0.0,2.9802322387695312e-08,0.0,0,0,False,0.0
0.0,0.15999999999999998,0.23999999999999994,True,False,False,False,False,False,False,0,0,0,0,,0.0,2.9802322387695312e-08,0.0,0,0,False,0.0
0.0,0.18,0.23999999999999994,True,False,False,False,False,False,False,0,0,0,0,,0.0,2.9802322387695312e-08,0.0,0,0,False,0.0
0.0,0.2,0.23999999999999994,True,False,False,False,False,False,False,0,0,0,0,,0.0,2.9802322387695312e-08,0.0,0,0,False,0.0
0.0,0.22000000000000003,0.23999999999999994,True,False,False,False,False,False,False,0,0,0,0,,0.0,2.9802322387695312e-08,0.0,0,0,False,0.0
0.0,0.24000000000000005,0.23999999999999994,True,False,False,False,False,False,False,0,0,0,0,,0.0,2.9802322387695312e-08,0.0,0,0,False,0.0
0.0,0.26000000000000006,0.23999999999999994,True,False,False,False,False,False,False,0,0,0,0,,0.0,2.9802322387695312e-08,0.0,0,0,False,0.0
0.0,0.2800000000000001,0.23999999999999994,True,False,False,False,False,False,False,0,0,0,0,,0.0,2.9802322387695312e-08,0.0,0,0,False,0.0
0.0,0.3,0.23999999999999994,True,False,False,False,False,False,False,0,0,0,0,,0.0,2.9802322387695312e-08,0.0,0,0,False,0.0
0.0,0.32,0.23999999999999994,True,False,False,False,False,False,False,0,0,0,0,,0.0,2.9802322387695312e-08,0.0,0,0,False,0.0
0.0,0.34,0.23999999999999994,True,False,False,False,False,False,False,0,0,0,0,,0.0,2.9802322387695312e-08,0.0,0,0,False,0.0
0.0,0.36000000000000004,0.23999999999999994,True,False,False,False,False,False,False,0,0,0,0,,0.0,2.9802322387695312e-08,0.0,0,0,False,0.0
0.0,0.38000000000000006,0.23999999999999994,True,False,False,False,False,False,False,0,0,0,0,,0.0,2.9802322387695312e-08,0.0,0,0,False,0.0
0.0,0.4000000000000001,0.23999999999999994,True,False,False,False,False,False,False,0,0,0,0,,0.0,2.9802322387695312e-08,0.0,0,0,False,0.0
0.0,0.42,0.23999999999999994,True,False,False,False,False,False,False,0,0,0,0,,0.0,2.9802322387695312e-08,0.0,0,0,False,0.0
0.0,-0.42,0.25999999999999995,True,False,False,False,False,False,False,0,0,0,0,,0.0,2.9802322387695312e-08,0.0,0,0,False,0.0
0.0,-0.39999999999999997,0.25999999999999995,True,False,False,False,False,False,False,0,0,0,0,,0.0,2.9802322387695312e-08,0.0,0,0,False,0.0
0.0,-0.38,0.25999999999999995,True,False,False,False,False,False,False,0,0,0,0,,0.0,2.9802322387695312e-08,0.0,0,0,False,0.0
0.0,-0.36,0.25999999999999995,True,False,False,False,False,False,False,0,0,0,0,,0.0,2.9802322387695312e-08,0.0,0,0,False,0.0
0.0,-0.33999999999999997,0.25999999999999995,True,False,False,False,False,False,False,0,0,0,0,,0.0,2.9802322387695312e-08,0.0,0,0,False,0.0
0.0,-0.31999999999999995,0.25999999999999995,True,False,False,False,False,False,False,0,0,0,0,,0.0,2.9802322387695312e-08,0.0,0,0,False,0.0
0.0,-0.3,0.25999999999999995,True,False,False,False,False,False,False,0,0,0,0,,0.0,2.9802322387695312e-08,0.0,0,0,False,0.0
0.0,-0.27999999999999997,0.25999999999999995,True,False,False,False,False,False,False,0,0,0,0,,0.0,2.9802322387695312e-08,0.0,0,0,False,0.0
0.0,-0.26,0.25999999999999995,True,False,False,False,False,False,False,0,0,0,0,,0.0,2.9802322387695312e-08,0.0,0,0,False,0.0
0.0,-0.24,0.25999999999999995,True,False,False,False,False,False,False,0,0,0,0,,0.0,2.9802322387695312e-08,0.0,0,0,False,0.0
0.0,-0.21999999999999997,0.25999999999999995,True,False,False,False,False,False,False,0,0,0,0,,0.0,2.9802322387695312e-08,0.0,0,0,False,0.0
0.0,-0.19999999999999998,0.25999999999999995,True,False,False,False,False,False,False,0,0,0,0,,0.0,2.9802322387695312e-08,0.0,0,0,False,0.0
0.0,-0.18,0.25999999999999995,True,False,False,False,False,False,False,0,0,0,0,,0.0,2.9802322387695312e-08,0.0,0,0,False,0.0
0.0,-0.15999999999999998,0.25999999999999995,True,False,False,False,False,False,False,0,0,0,0,,0.0,2.9802322387695312e-08,0.0,0,0,False,0.0
0.0,-0.13999999999999996,0.25999999999999995,True,False,False,False,False,False,False,0,0,0,0,,0.0,2.9802322387695312e-08,0.0,0,0,False,0.0
0.0,-0.12,0.25999999999999995,True,False,False,False,False,False,False,0,0,0,0,,0.0,2.9802322387695312e-08,0.0,0,0,False,0.0
0.0,-0.09999999999999998,0.25999999999999995,True,False,False,False,False,False,False,0,0,0,0,,0.0,2.980237923100575e-08,0.0,0,0,False,0.0
0.0,-0.07999999999999996,0.25999999999999995,True,False,False,False,False,False,False,0,0,0,0,,0.0,2.9802322387695312e-08,0.0,0,0,False,0.0
0.0,-0.06,0.25999999999999995,True,False,False,False,False,False,False,0,0,0,0,,0.0,2.9802322387695312e-08,0.0,0,0,False,0.0
0.0,-0.03999999999999998,0.25999999999999995,True,False,False,False,False,False,False,0,0,0,0,,0.0,2.9802322387695312e-08,0.0,0,0,False,0.0
0.0,-0.019999999999999962,0.25999999999999995,True,False,False,False,False,False,False,0,0,0,0,,0.0,2.9802322387695312e-08,0.0,0,0,False,0.0
0.0,0.0,0.25999999999999995,True,False,False,False,False,False,False,0,0,0,0,,0.0,2.9802322387695312e-08,0.0,0,0,False,0.0
0.0,0.020000000000000018,0.25999999999999995,True,False,False,False,False,False,False,0,0,0,0,,0.0,2.9802322387695312e-08,0.0,0,0,False,0.0
0.0,0.040000000000000036,0.25999999999999995,True,False,False,False,False,False,False,0,0,0,0,,0.0,2.9802322387695312e-08,0.0,0,0,False,0.0
0.0,0.06,0.25999999999999995,True,False,False,False,False,False,False,0,0,0,0,,0.0,2.9802322387695312e-08,0.0,0,0,False,0.0
0.0,0.08000000000000002,0.25999999999999995,True,False,False,False,False,False,False,0,0,0,0,,0.0,2.9802322387695312e-08,0.0,0,0,False,0.0
0.0,0.10000000000000003,0.25999999999999995,True,False,False,False,False,False,False,0,0,0,0,,0.0,2.9802322387695312e-08,0.0,0,0,False,0.0
0.0,0.12000000000000005,0.25999999999999995,True,False,False,False,False,False,False,0,0,0,0,,0.0,2.9802322387695312e-08,0.0,0,0,False,0.0
0.0,0.14000000000000007,0.25999999999999995,True,False,False,False,False,False,False,0,0,0,0,,0.0,2.9802322387695312e-08,0.0,0,0,False,0.0
0.0,0.15999999999999998,0.25999999999999995,True,False,False,False,False,False,False,0,0,0,0,,0.0,2.9802322387695312e-08,0.0,0,0,False,0.0
0.0,0.18,0.25999999999999995,True,False,False,False,False,False,False,0,0,0,0,,0.0,2.9802322387695312e-08,0.0,0,0,False,0.0
0.0,0.2,0.25999999999999995,True,False,False,False,False,False,False,0,0,0,0,,0.0,2.9802322387695312e-08,0.0,0,0,False,0.0
0.0,0.22000000000000003,0.25999999999999995,True,False,False,False,False,False,False,0,0,0,0,,0.0,2.9802322387695312e-08,0.0,0,0,False,0.0
0.0,0.24000000000000005,0.25999999999999995,True,False,False,False,False,False,False,0,0,0,0,,0.0,2.9802322387695312e-08,0.0,0,0,False,0.0
0.0,0.26000000000000006,0.25999999999999995,True,False,False,False,False,False,False,0,0,0,0,,0.0,2.9802322387695312e-08,0.0,0,0,False,0.0
0.0,0.2800000000000001,0.25999999999999995,True,False,False,False,False,False,False,0,0,0,0,,0.0,2.9802322387695312e-08,0.0,0,0,False,0.0
0.0,0.3,0.25999999999999995,True,False,False,False,False,False,False,0,0,0,0,,0.0,2.9802322387695312e-08,0.0,0,0,False,0.0
0.0,0.32,0.25999999999999995,True,False,False,False,False,False,False,0,0,0,0,,0.0,2.9802322387695312e-08,0.0,0,0,False,0.0
0.0,0.34,0.25999999999999995,True,False,False,False,False,False,False,0,0,0,0,,0.0,2.9802322387695312e-08,0.0,0,0,False,0.0
0.0,0.36000000000000004,0.25999999999999995,True,False,False,False,False,False,False,0,0,0,0,,0.0,2.9802322387695312e-08,0.0,0,0,False,0.0
0.0,0.38000000000000006,0.25999999999999995,True,False,False,False,False,False,False,0,0,0,0,,0.0,2.9802322387695312e-08,0.0,0,0,False,0.0
0.0,0.4000000000000001,0.25999999999999995,True,False,False,False,False,False,False,0,0,0,0,,0.0,2.9802322387695312e-08,0.0,0,0,False,0.0
0.0,0.42,0.25999999999999995,True,False,False,False,False,False,False,0,0,0,0,,0.0,2.9802322387695312e-08,0.0,0,0,False,0.0
0.0,-0.42,0.27999999999999997,True,False,False,False,False,False,False,0,0,0,0,,0.0,2.9802322387695312e-08,0.0,0,0,False,0.0
0.0,-0.39999999999999997,0.27999999999999997,True,False,False,False,False,False,False,0,0,0,0,,0.0,2.9802322387695312e-08,0.0,0,0,False,0.0
0.0,-0.38,0.27999999999999997,True,False,False,False,False,False,False,0,0,0,0,,0.0,2.9802322387695312e-08,0.0,0,0,False,0.0
0.0,-0.36,0.27999999999999997,True,False,False,False,False,False,False,0,0,0,0,,0.0,2.9802322387695312e-08,0.0,0,0,False,0.0
0.0,-0.33999999999999997,0.27999999999999997,True,False,False,False,False,False,False,0,0,0,0,,0.0,2.9802322387695312e-08,0.0,0,0,False,0.0
0.0,-0.31999999999999995,0.27999999999999997,True,False,False,False,False,False,False,0,0,0,0,,0.0,2.9802322387695312e-08,0.0,0,0,False,0.0
0.0,-0.3,0.27999999999999997,True,False,False,False,False,False,False,0,0,0,0,,0.0,2.9802322387695312e-08,0.0,0,0,False,0.0
0.0,-0.27999999999999997,0.27999999999999997,True,False,False,False,False,False,False,0,0,0,0,,0.0,2.9802322387695312e-08,0.0,0,0,False,0.0
0.0,-0.26,0.27999999999999997,True,False,False,False,False,False,False,0,0,0,0,,0.0,2.9802322387695312e-08,0.0,0,0,False,0.0
0.0,-0.24,0.27999999999999997,True,False,False,False,False,False,False,0,0,0,0,,0.0,2.9802322387695312e-08,0.0,0,0,False,0.0
0.0,-0.21999999999999997,0.27999999999999997,True,False,False,False,False,False,False,0,0,0,0,,0.0,2.9802322387695312e-08,0.0,0,0,False,0.0
0.0,-0.19999999999999998,0.27999999999999997,True,False,False,False,False,False,False,0,0,0,0,,0.0,2.9802322387695312e-08,0.0,0,0,False,0.0
0.0,-0.18,0.27999999999999997,True,False,False,False,False,False,False,0,0,0,0,,0.0,2.9802322387695312e-08,0.0,0,0,False,0.0
0.0,-0.15999999999999998,0.27999999999999997,True,False,False,False,False,False,False,0,0,0,0,,0.0,2.9802322387695312e-08,0.0,0,0,False,0.0
0.0,-0.13999999999999996,0.27999999999999997,True,False,False,False,False,False,False,0,0,0,0,,0.0,2.9802322387695312e-08,0.0,0,0,False,0.0
0.0,-0.12,0.27999999999999997,True,False,False,False,False,False,False,0,0,0,0,,0.0,2.9802322387695312e-08,0.0,0,0,False,0.0
0.0,-0.09999999999999998,0.27999999999999997,True,False,False,False,False,False,False,0,0,0,0,,0.0,2.980237923100575e-08,0.0,0,0,False,0.0
0.0,-0.07999999999999996,0.27999999999999997,True,False,False,False,False,False,False,0,0,0,0,,0.0,2.9802322387695312e-08,0.0,0,0,False,0.0
0.0,-0.06,0.27999999999999997,True,False,False,False,False,False,False,0,0,0,0,,0.0,2.9802322387695312e-08,0.0,0,0,False,0.0
0.0,-0.03999999999999998,0.27999999999999997,True,False,False,False,False,False,False,0,0,0,0,,0.0,2.9802322387695312e-08,0.0,0,0,False,0.0
0.0,-0.019999999999999962,0.27999999999999997,True,False,False,False,False,False,False,0,0,0,0,,0.0,2.9802322387695312e-08,0.0,0,0,False,0.0
0.0,0.0,0.27999999999999997,True,False,False,False,False,False,False,0,0,0,0,,0.0,2.9802322387695312e-08,0.0,0,0,False,0.0
0.0,0.020000000000000018,0.27999999999999997,True,False,False,False,False,False,False,0,0,0,0,,0.0,2.9802322387695312e-08,0.0,0,0,False,0.0
0.0,0.040000000000000036,0.27999999999999997,True,False,False,False,False,False,False,0,0,0,0,,0.0,2.9802322387695312e-08,0.0,0,0,False,0.0
0.0,0.06,0.27999999999999997,True,False,False,False,False,False,False,0,0,0,0,,0.0,2.9802322387695312e-08,0.0,0,0,False,0.0
0.0,0.08000000000000002,0.27999999999999997,True,False,False,False,False,False,False,0,0,0,0,,0.0,2.9802322387695312e-08,0.0,0,0,False,0.0
0.0,0.10000000000000003,0.27999999999999997,True,False,False,False,False,False,False,0,0,0,0,,0.0,2.9802322387695312e-08,0.0,0,0,False,0.0
0.0,0.12000000000000005,0.27999999999999997,True,False,False,False,False,False,False,0,0,0,0,,0.0,2.9802322387695312e-08,0.0,0,0,False,0.0
0.0,0.14000000000000007,0.27999999999999997,True,False,False,False,False,False,False,0,0,0,0,,0.0,2.9802322387695312e-08,0.0,0,0,False,0.0
0.0,0.15999999999999998,0.27999999999999997,True,False,False,False,False,False,False,0,0,0,0,,0.0,2.9802322387695312e-08,0.0,0,0,False,0.0
0.0,0.18,0.27999999999999997,True,False,False,False,False,False,False,0,0,0,0,,0.0,2.9802322387695312e-08,0.0,0,0,False,0.0
0.0,0.2,0.27999999999999997,True,False,False,False,False,False,False,0,0,0,0,,0.0,2.9802322387695312e-08,0.0,0,0,False,0.0
0.0,0.22000000000000003,0.27999999999999997,True,False,False,False,False,False,False,0,0,0,0,,0.0,2.9802322387695312e-08,0.0,0,0,False,0.0
0.0,0.24000000000000005,0.27999999999999997,True,False,False,False,False,False,False,0,0,0,0,,0.0,2.9802322387695312e-08,0.0,0,0,False,0.0
0.0,0.26000000000000006,0.27999999999999997,True,False,False,False,False,False,False,0,0,0,0,,0.0,2.9802322387695312e-08,0.0,0,0,False,0.0
0.0,0.2800000000000001,0.27999999999999997,True,False,False,False,False,False,False,0,0,0,0,,0.0,2.9802322387695312e-08,0.0,0,0,False,0.0
0.0,0.3,0.27999999999999997,True,False,False,False,False,False,False,0,0,0,0,,0.0,2.9802322387695312e-08,0.0,0,0,False,0.0
0.0,0.32,0.27999999999999997,True,False,False,False,False,False,False,0,0,0,0,,0.0,2.9802322387695312e-08,0.0,0,0,False,0.0
0.0,0.34,0.27999999999999997,True,False,False,False,False,False,False,0,0,0,0,,0.0,2.9802322387695312e-08,0.0,0,0,False,0.0
0.0,0.36000000000000004,0.27999999999999997,True,False,False,False,False,False,False,0,0,0,0,,0.0,2.9802322387695312e-08,0.0,0,0,False,0.0
0.0,0.38000000000000006,0.27999999999999997,True,False,False,False,False,False,False,0,0,0,0,,0.0,2.9802322387695312e-08,0.0,0,0,False,0.0
0.0,0.4000000000000001,0.27999999999999997,True,False,False,False,False,False,False,0,0,0,0,,0.0,2.9802322387695312e-08,0.0,0,0,False,0.0
0.0,0.42,0.27999999999999997,True,False,False,False,False,False,False,0,0,0,0,,0.0,2.9802322387695312e-08,0.0,0,0,False,0.0
0.0,-0.42,0.3,True,False,False,False,False,False,False,0,0,0,0,,0.0,2.9802322387695312e-08,0.0,0,0,False,0.0
0.0,-0.39999999999999997,0.3,True,False,False,False,False,False,False,0,0,0,0,,0.0,2.9802322387695312e-08,0.0,0,0,False,0.0
0.0,-0.38,0.3,True,False,False,False,False,False,False,0,0,0,0,,0.0,2.9802322387695312e-08,0.0,0,0,False,0.0
0.0,-0.36,0.3,True,False,False,False,False,False,False,0,0,0,0,,0.0,2.9802322387695312e-08,0.0,0,0,False,0.0
0.0,-0.33999999999999997,0.3,True,False,False,False,False,False,False,0,0,0,0,,0.0,2.9802322387695312e-08,0.0,0,0,False,0.0
0.0,-0.31999999999999995,0.3,True,False,False,False,False,False,False,0,0,0,0,,0.0,2.9802322387695312e-08,0.0,0,0,False,0.0
0.0,-0.3,0.3,True,False,False,False,False,False,False,0,0,0,0,,0.0,2.9802322387695312e-08,0.0,0,0,False,0.0
0.0,-0.27999999999999997,0.3,True,False,False,False,False,False,False,0,0,0,0,,0.0,2.9802322387695312e-08,0.0,0,0,False,0.0
0.0,-0.26,0.3,True,False,False,False,False,False,False,0,0,0,0,,0.0,2.9802322387695312e-08,0.0,0,0,False,0.0
0.0,-0.24,0.3,True,False,False,False,False,False,False,0,0,0,0,,0.0,2.9802322387695312e-08,0.0,0,0,False,0.0
0.0,-0.21999999999999997,0.3,True,False,False,False,False,False,False,0,0,0,0,,0.0,2.9802322387695312e-08,0.0,0,0,False,0.0
0.0,-0.19999999999999998,0.3,True,False,False,False,False,False,False,0,0,0,0,,0.0,2.9802322387695312e-08,0.0,0,0,False,0.0
0.0,-0.18,0.3,True,False,False,False,False,False,False,0,0,0,0,,0.0,2.9802322387695312e-08,0.0,0,0,False,0.0
0.0,-0.15999999999999998,0.3,True,False,False,False,False,False,False,0,0,0,0,,0.0,2.9802322387695312e-08,0.0,0,0,False,0.0
0.0,-0.13999999999999996,0.3,True,False,False,False,False,False,False,0,0,0,0,,0.0,2.9802322387695312e-08,0.0,0,0,False,0.0
0.0,-0.12,0.3,True,False,False,False,False,False,False,0,0,0,0,,0.0,2.9802322387695312e-08,0.0,0,0,False,0.0
0.0,-0.09999999999999998,0.3,True,False,False,False,False,False,False,0,0,0,0,,0.0,2.980237923100575e-08,0.0,0,0,False,0.0
0.0,-0.07999999999999996,0.3,True,False,False,False,False,False,False,0,0,0,0,,0.0,2.9802322387695312e-08,0.0,0,0,False,0.0
0.0,-0.06,0.3,True,False,False,False,False,False,False,0,0,0,0,,0.0,2.9802322387695312e-08,0.0,0,0,False,0.0
0.0,-0.03999999999999998,0.3,True,False,False,False,False,False,False,0,0,0,0,,0.0,2.9802322387695312e-08,0.0,0,0,False,0.0
0.0,-0.019999999999999962,0.3,True,False,False,False,False,False,False,0,0,0,0,,0.0,2.9802322387695312e-08,0.0,0,0,False,0.0
0.0,0.0,0.3,True,False,False,False,False,False,False,0,0,0,0,,0.0,2.9802322387695312e-08,0.0,0,0,False,0.0
0.0,0.020000000000000018,0.3,True,False,False,False,False,False,False,0,0,0,0,,0.0,2.9802322387695312e-08,0.0,0,0,False,0.0
0.0,0.040000000000000036,0.3,True,False,False,False,False,False,False,0,0,0,0,,0.0,2.9802322387695312e-08,0.0,0,0,False,0.0
0.0,0.06,0.3,True,False,False,False,False,False,False,0,0,0,0,,0.0,2.9802322387695312e-08,0.0,0,0,False,0.0
0.0,0.08000000000000002,0.3,True,False,False,False,False,False,False,0,0,0,0,,0.0,2.9802322387695312e-08,0.0,0,0,False,0.0
0.0,0.10000000000000003,0.3,True,False,False,False,False,False,False,0,0,0,0,,0.0,2.9802322387695312e-08,0.0,0,0,False,0.0
0.0,0.12000000000000005,0.3,True,False,False,False,False,False,False,0,0,0,0,,0.0,2.9802322387695312e-08,0.0,0,0,False,0.0
0.0,0.14000000000000007,0.3,True,False,False,False,False,False,False,0,0,0,0,,0.0,2.9802322387695312e-08,0.0,0,0,False,0.0
0.0,0.15999999999999998,0.3,True,False,False,False,False,False,False,0,0,0,0,,0.0,2.9802322387695312e-08,0.0,0,0,False,0.0
0.0,0.18,0.3,True,False,False,False,False,False,False,0,0,0,0,,0.0,2.9802322387695312e-08,0.0,0,0,False,0.0
0.0,0.2,0.3,True,False,False,False,False,False,False,0,0,0,0,,0.0,2.9802322387695312e-08,0.0,0,0,False,0.0
0.0,0.22000000000000003,0.3,True,False,False,False,False,False,False,0,0,0,0,,0.0,2.9802322387695312e-08,0.0,0,0,False,0.0
0.0,0.24000000000000005,0.3,True,False,False,False,False,False,False,0,0,0,0,,0.0,2.9802322387695312e-08,0.0,0,0,False,0.0
0.0,0.26000000000000006,0.3,True,False,False,False,False,False,False,0,0,0,0,,0.0,2.9802322387695312e-08,0.0,0,0,False,0.0
0.0,0.2800000000000001,0.3,True,False,False,False,False,False,False,0,0,0,0,,0.0,2.9802322387695312e-08,0.0,0,0,False,0.0
0.0,0.3,0.3,True,False,False,False,False,False,False,0,0,0,0,,0.0,2.9802322387695312e-08,0.0,0,0,False,0.0
0.0,0.32,0.3,True,False,False,False,False,False,False,0,0,0,0,,0.0,2.9802322387695312e-08,0.0,0,0,False,0.0
0.0,0.34,0.3,True,False,False,False,False,False,False,0,0,0,0,,0.0,2.9802322387695312e-08,0.0,0,0,False,0.0
0.0,0.36000000000000004,0.3,True,False,False,False,False,False,False,0,0,0,0,,0.0,2.9802322387695312e-08,0.0,0,0,False,0.0
0.0,0.38000000000000006,0.3,True,False,False,False,False,False,False,0,0,0,0,,0.0,2.9802322387695312e-08,0.0,0,0,False,0.0
0.0,0.4000000000000001,0.3,True,False,False,False,False,False,False,0,0,0,0,,0.0,2.9802322387695312e-08,0.0,0,0,False,0.0
0.0,0.42,0.3,True,False,False,False,False,False,False,0,0,0,0,,0.0,2.9802322387695312e-08,0.0,0,0,False,0.0
0.0,-0.42,0.32,True,False,False,False,False,False,False,0,0,0,0,,0.0,2.9802322387695312e-08,0.0,0,0,False,0.0
0.0,-0.39999999999999997,0.32,True,False,False,False,False,False,False,0,0,0,0,,0.0,2.9802322387695312e-08,0.0,0,0,False,0.0
0.0,-0.38,0.32,True,False,False,False,False,False,False,0,0,0,0,,0.0,2.9802322387695312e-08,0.0,0,0,False,0.0
0.0,-0.36,0.32,True,False,False,False,False,False,False,0,0,0,0,,0.0,2.9802322387695312e-08,0.0,0,0,False,0.0
0.0,-0.33999999999999997,0.32,True,False,False,False,False,False,False,0,0,0,0,,0.0,2.9802322387695312e-08,0.0,0,0,False,0.0
0.0,-0.31999999999999995,0.32,True,False,False,False,False,False,False,0,0,0,0,,0.0,2.9802322387695312e-08,0.0,0,0,False,0.0
0.0,-0.3,0.32,True,False,False,False,False,False,False,0,0,0,0,,0.0,2.9802322387695312e-08,0.0,0,0,False,0.0
0.0,-0.27999999999999997,0.32,True,False,False,False,False,False,False,0,0,0,0,,0.0,2.9802322387695312e-08,0.0,0,0,False,0.0
0.0,-0.26,0.32,True,False,False,False,False,False,False,0,0,0,0,,0.0,2.9802322387695312e-08,0.0,0,0,False,0.0
0.0,-0.24,0.32,True,False,False,False,False,False,False,0,0,0,0,,0.0,2.9802322387695312e-08,0.0,0,0,False,0.0
0.0,-0.21999999999999997,0.32,True,False,False,False,False,False,False,0,0,0,0,,0.0,2.9802322387695312e-08,0.0,0,0,False,0.0
0.0,-0.19999999999999998,0.32,True,False,False,False,False,False,False,0,0,0,0,,0.0,2.9802322387695312e-08,0.0,0,0,False,0.0
0.0,-0.18,0.32,True,False,False,False,False,False,False,0,0,0,0,,0.0,2.9802322387695312e-08,0.0,0,0,False,0.0
0.0,-0.15999999999999998,0.32,True,False,False,False,False,False,False,0,0,0,0,,0.0,2.9802322387695312e-08,0.0,0,0,False,0.0
0.0,-0.13999999999999996,0.32,True,False,False,False,False,False,False,0,0,0,0,,0.0,2.9802322387695312e-08,0.0,0,0,False,0.0
0.0,-0.12,0.32,True,False,False,False,False,False,False,0,0,0,0,,0.0,2.9802322387695312e-08,0.0,0,0,False,0.0
0.0,-0.09999999999999998,0.32,True,False,False,False,False,False,False,0,0,0,0,,0.0,2.980237923100575e-08,0.0,0,0,False,0.0
0.0,-0.07999999999999996,0.32,True,False,False,False,False,False,False,0,0,0,0,,0.0,2.9802322387695312e-08,0.0,0,0,False,0.0
0.0,-0.06,0.32,True,False,False,False,False,False,False,0,0,0,0,,0.0,2.9802322387695312e-08,0.0,0,0,False,0.0
0.0,-0.03999999999999998,0.32,True,False,False,False,False,False,False,0,0,0,0,,0.0,2.9802322387695312e-08,0.0,0,0,False,0.0
0.0,-0.019999999999999962,0.32,True,False,False,False,False,False,False,0,0,0,0,,0.0,2.9802322387695312e-08,0.0,0,0,False,0.0
0.0,0.0,0.32,True,False,False,False,False,False,False,0,0,0,0,,0.0,2.9802322387695312e-08,0.0,0,0,False,0.0
0.0,0.020000000000000018,0.32,True,False,False,False,False,False,False,0,0,0,0,,0.0,2.9802322387695312e-08,0.0,0,0,False,0.0
0.0,0.040000000000000036,0.32,True,False,False,False,False,False,False,0,0,0,0,,0.0,2.9802322387695312e-08,0.0,0,0,False,0.0
0.0,0.06,0.32,True,False,False,False,False,False,False,0,0,0,0,,0.0,2.9802322387695312e-08,0.0,0,0,False,0.0
0.0,0.08000000000000002,0.32,True,False,False,False,False,False,False,0,0,0,0,,0.0,2.9802322387695312e-08,0.0,0,0,False,0.0
0.0,0.10000000000000003,0.32,True,False,False,False,False,False,False,0,0,0,0,,0.0,2.9802322387695312e-08,0.0,0,0,False,0.0
0.0,0.12000000000000005,0.32,True,False,False,False,False,False,False,0,0,0,0,,0.0,2.9802322387695312e-08,0.0,0,0,False,0.0
0.0,0.14000000000000007,0.32,True,False,False,False,False,False,False,0,0,0,0,,0.0,2.9802322387695312e-08,0.0,0,0,False,0.0
0.0,0.15999999999999998,0.32,True,False,False,False,False,False,False,0,0,0,0,,0.0,2.9802322387695312e-08,0.0,0,0,False,0.0
0.0,0.18,0.32,True,False,False,False,False,False,False,0,0,0,0,,0.0,2.9802322387695312e-08,0.0,0,0,False,0.0
0.0,0.2,0.32,True,False,False,False,False,False,False,0,0,0,0,,0.0,2.9802322387695312e-08,0.0,0,0,False,0.0
0.0,0.22000000000000003,0.32,True,False,False,False,False,False,False,0,0,0,0,,0.0,2.9802322387695312e-08,0.0,0,0,False,0.0
0.0,0.24000000000000005,0.32,True,False,False,False,False,False,False,0,0,0,0,,0.0,2.9802322387695312e-08,0.0,0,0,False,0.0
0.0,0.26000000000000006,0.32,True,False,False,False,False,False,False,0,0,0,0,,0.0,2.9802322387695312e-08,0.0,0,0,False,0.0
0.0,0.2800000000000001,0.32,True,False,False,False,False,False,False,0,0,0,0,,0.0,2.9802322387695312e-08,0.0,0,0,False,0.0
0.0,0.3,0.32,True,False,False,False,False,False,False,0,0,0,0,,0.0,2.9802322387695312e-08,0.0,0,0,False,0.0
0.0,0.32,0.32,True,False,False,False,False,False,False,0,0,0,0,,0.0,2.9802322387695312e-08,0.0,0,0,False,0.0
0.0,0.34,0.32,True,False,False,False,False,False,False,0,0,0,0,,0.0,2.9802322387695312e-08,0.0,0,0,False,0.0
0.0,0.36000000000000004,0.32,True,False,False,False,False,False,False,0,0,0,0,,0.0,2.9802322387695312e-08,0.0,0,0,False,0.0
0.0,0.38000000000000006,0.32,True,False,False,False,False,False,False,0,0,0,0,,0.0,2.9802322387695312e-08,0.0,0,0,False,0.0
0.0,0.4000000000000001,0.32,True,False,False,False,False,False,False,0,0,0,0,,0.0,2.9802322387695312e-08,0.0,0,0,False,0.0
0.0,0.42,0.32,True,False,False,False,False,False,False,0,0,0,0,,0.0,2.9802322387695312e-08,0.0,0,0,False,0.0
0.0,-0.42,0.34,True,False,False,False,False,False,False,0,0,0,0,,0.0,2.9802322387695312e-08,0.0,0,0,False,0.0
0.0,-0.39999999999999997,0.34,True,False,False,False,False,False,False,0,0,0,0,,0.0,2.9802322387695312e-08,0.0,0,0,False,0.0
0.0,-0.38,0.34,True,False,False,False,False,False,False,0,0,0,0,,0.0,2.9802322387695312e-08,0.0,0,0,False,0.0
0.0,-0.36,0.34,True,False,False,False,False,False,False,0,0,0,0,,0.0,2.9802322387695312e-08,0.0,0,0,False,0.0
0.0,-0.33999999999999997,0.34,True,False,False,False,False,False,False,0,0,0,0,,0.0,2.9802322387695312e-08,0.0,0,0,False,0.0
0.0,-0.31999999999999995,0.34,True,False,False,False,False,False,False,0,0,0,0,,0.0,2.9802322387695312e-08,0.0,0,0,False,0.0
0.0,-0.3,0.34,True,False,False,False,False,False,False,0,0,0,0,,0.0,2.9802322387695312e-08,0.0,0,0,False,0.0
0.0,-0.27999999999999997,0.34,True,False,False,False,False,False,False,0,0,0,0,,0.0,2.9802322387695312e-08,0.0,0,0,False,0.0
0.0,-0.26,0.34,True,False,False,False,False,False,False,0,0,0,0,,0.0,2.9802322387695312e-08,0.0,0,0,False,0.0
0.0,-0.24,0.34,True,False,False,False,False,False,False,0,0,0,0,,0.0,2.9802322387695312e-08,0.0,0,0,False,0.0
0.0,-0.21999999999999997,0.34,True,False,False,False,False,False,False,0,0,0,0,,0.0,2.9802322387695312e-08,0.0,0,0,False,0.0
0.0,-0.19999999999999998,0.34,True,False,False,False,False,False,False,0,0,0,0,,0.0,2.9802322387695312e-08,0.0,0,0,False,0.0
0.0,-0.18,0.34,True,False,False,False,False,False,False,0,0,0,0,,0.0,2.9802322387695312e-08,0.0,0,0,False,0.0
0.0,-0.15999999999999998,0.34,True,False,False,False,False,False,False,0,0,0,0,,0.0,2.9802322387695312e-08,0.0,0,0,False,0.0
0.0,-0.13999999999999996,0.34,True,False,False,False,False,False,False,0,0,0,0,,0.0,2.9802322387695312e-08,0.0,0,0,False,0.0
0.0,-0.12,0.34,True,False,False,False,False,False,False,0,0,0,0,,0.0,2.9802322387695312e-08,0.0,0,0,False,0.0
0.0,-0.09999999999999998,0.34,True,False,False,False,False,False,False,0,0,0,0,,0.0,2.980237923100575e-08,0.0,0,0,False,0.0
0.0,-0.07999999999999996,0.34,True,False,False,False,False,False,False,0,0,0,0,,0.0,2.9802322387695312e-08,0.0,0,0,False,0.0
0.0,-0.06,0.34,True,False,False,False,False,False,False,0,0,0,0,,0.0,2.9802322387695312e-08,0.0,0,0,False,0.0
0.0,-0.03999999999999998,0.34,True,False,False,False,False,False,False,0,0,0,0,,0.0,2.9802322387695312e-08,0.0,0,0,False,0.0
0.0,-0.019999999999999962,0.34,True,False,False,False,False,False,False,0,0,0,0,,0.0,2.9802322387695312e-08,0.0,0,0,False,0.0
0.0,0.0,0.34,True,False,False,False,False,False,False,0,0,0,0,,0.0,2.9802322387695312e-08,0.0,0,0,False,0.0
0.0,0.020000000000000018,0.34,True,False,False,False,False,False,False,0,0,0,0,,0.0,2.9802322387695312e-08,0.0,0,0,False,0.0
0.0,0.040000000000000036,0.34,True,False,False,False,False,False,False,0,0,0,0,,0.0,2.9802322387695312e-08,0.0,0,0,False,0.0
0.0,0.06,0.34,True,False,False,False,False,False,False,0,0,0,0,,0.0,2.9802322387695312e-08,0.0,0,0,False,0.0
0.0,0.08000000000000002,0.34,True,False,False,False,False,False,False,0,0,0,0,,0.0,2.9802322387695312e-08,0.0,0,0,False,0.0
0.0,0.10000000000000003,0.34,True,False,False,False,False,False,False,0,0,0,0,,0.0,2.9802322387695312e-08,0.0,0,0,False,0.0
0.0,0.12000000000000005,0.34,True,False,False,False,False,False,False,0,0,0,0,,0.0,2.9802322387695312e-08,0.0,0,0,False,0.0
0.0,0.14000000000000007,0.34,True,False,False,False,False,False,False,0,0,0,0,,0.0,2.9802322387695312e-08,0.0,0,0,False,0.0
0.0,0.15999999999999998,0.34,True,False,False,False,False,False,False,0,0,0,0,,0.0,2.9802322387695312e-08,0.0,0,0,False,0.0
0.0,0.18,0.34,True,False,False,False,False,False,False,0,0,0,0,,0.0,2.9802322387695312e-08,0.0,0,0,False,0.0
0.0,0.2,0.34,True,False,False,False,False,False,False,0,0,0,0,,0.0,2.9802322387695312e-08,0.0,0,0,False,0.0
0.0,0.22000000000000003,0.34,True,False,False,False,False,False,False,0,0,0,0,,0.0,2.9802322387695312e-08,0.0,0,0,False,0.0
0.0,0.24000000000000005,0.34,True,False,False,False,False,False,False,0,0,0,0,,0.0,2.9802322387695312e-08,0.0,0,0,False,0.0
0.0,0.26000000000000006,0.34,True,False,False,False,False,False,False,0,0,0,0,,0.0,2.9802322387695312e-08,0.0,0,0,False,0.0
0.0,0.2800000000000001,0.34,True,False,False,False,False,False,False,0,0,0,0,,0.0,2.9802322387695312e-08,0.0,0,0,False,0.0
0.0,0.3,0.34,True,False,False,False,False,False,False,0,0,0,0,,0.0,2.9802322387695312e-08,0.0,0,0,False,0.0
0.0,0.32,0.34,True,False,False,False,False,False,False,0,0,0,0,,0.0,2.9802322387695312e-08,0.0,0,0,False,0.0
0.0,0.34,0.34,True,False,False,False,False,False,False,0,0,0,0,,0.0,2.9802322387695312e-08,0.0,0,0,False,0.0
0.0,0.36000000000000004,0.34,True,False,False,False,False,False,False,0,0,0,0,,0.0,2.9802322387695312e-08,0.0,0,0,False,0.0
0.0,0.38000000000000006,0.34,True,False,False,False,False,False,False,0,0,0,0,,0.0,2.9802322387695312e-08,0.0,0,0,False,0.0
0.0,0.4000000000000001,0.34,True,False,False,False,False,False,False,0,0,0,0,,0.0,2.9802322387695312e-08,0.0,0,0,False,0.0
0.0,0.42,0.34,True,False,False,False,False,False,False,0,0,0,0,,0.0,2.9802322387695312e-08,0.0,0,0,False,0.0
0.0675,-0.42,-0.34,True,False,False,False,False,False,False,0,0,0,0,,0.0,1.4901161193847656e-08,0.0,0,0,False,0.0
0.0675,-0.39999999999999997,-0.34,True,False,False,False,False,False,False,0,0,0,0,,0.0,1.4901161193847656e-08,0.0,0,0,False,0.0
0.0675,-0.38,-0.34,True,False,False,False,False,False,False,0,0,0,0,,0.0,1.4901161193847656e-08,0.0,0,0,False,0.0
0.0675,-0.36,-0.34,True,False,False,False,False,False,False,0,0,0,0,,0.0,1.4901161193847656e-08,0.0,0,0,False,0.0
0.0675,-0.33999999999999997,-0.34,True,False,False,False,False,False,False,0,0,0,0,,0.0,1.4901161193847656e-08,0.0,0,0,False,0.0
0.0675,-0.31999999999999995,-0.34,True,False,False,False,False,False,False,0,0,0,0,,0.0,1.4901161193847656e-08,0.0,0,0,False,0.0
0.0675,-0.3,-0.34,True,False,False,False,False,False,False,0,0,0,0,,0.0,1.4901161193847656e-08,0.0,0,0,False,0.0
0.0675,-0.27999999999999997,-0.34,True,False,False,False,False,False,False,0,0,0,0,,0.0,1.4901161193847656e-08,0.0,0,0,False,0.0
0.0675,-0.26,-0.34,True,False,False,False,False,False,False,0,0,0,0,,0.0,1.4901161193847656e-08,0.0,0,0,False,0.0
0.0675,-0.24,-0.34,True,False,False,False,False,False,False,0,0,0,0,,0.0,1.4901161193847656e-08,0.0,0,0,False,0.0
0.0675,-0.21999999999999997,-0.34,True,False,False,False,False,False,False,0,0,0,0,,0.0,1.4901161193847656e-08,0.0,0,0,False,0.0
0.0675,-0.19999999999999998,-0.34,True,False,False,False,False,False,False,0,0,0,0,,0.0,1.4901161193847656e-08,0.0,0,0,False,0.0
0.0675,-0.18,-0.34,True,False,False,False,False,False,False,0,0,0,0,,0.0,1.4901161193847656e-08,0.0,0,0,False,0.0
0.0675,-0.15999999999999998,-0.34,True,False,False,False,False,False,False,0,0,0,0,,0.0,1.4901161193847656e-08,0.0,0,0,False,0.0
0.0675,-0.13999999999999996,-0.34,True,False,False,False,False,False,False,0,0,0,0,,0.0,1.4901161193847656e-08,0.0,0,0,False,0.0
0.0675,-0.12,-0.34,True,False,False,False,False,False,False,0,0,0,0,,0.0,1.4901161193847656e-08,0.0,0,0,False,0.0
0.0675,-0.09999999999999998,-0.34,True,False,False,False,False,False,False,0,0,0,0,,0.0,1.490127488014328e-08,0.0,0,0,False,0.0
0.0675,-0.07999999999999996,-0.34,True,False,False,False,False,False,False,0,0,0,0,,0.0,1.4901161193847656e-08,0.0,0,0,False,0.0
0.0675,-0.06,-0.34,True,False,False,False,False,False,False,0,0,0,0,,0.0,1.4901161193847656e-08,0.0,0,0,False,0.0
0.0675,-0.03999999999999998,-0.34,True,False,False,False,False,False,False,0,0,0,0,,0.0,1.4901161193847656e-08,0.0,0,0,False,0.0
0.0675,-0.019999999999999962,-0.34,True,False,False,False,False,False,False,0,0,0,0,,0.0,1.4901161193847656e-08,0.0,0,0,False,0.0
0.0675,0.0,-0.34,True,False,False,False,False,False,False,0,0,0,0,,0.0,1.4901161193847656e-08,0.0,0,0,False,0.0
0.0675,0.020000000000000018,-0.34,True,False,False,False,False,False,False,0,0,0,0,,0.0,1.4901161193847656e-08,0.0,0,0,False,0.0
0.0675,0.040000000000000036,-0.34,True,False,False,False,False,False,False,0,0,0,0,,0.0,1.4901161193847656e-08,0.0,0,0,False,0.0
0.0675,0.06,-0.34,True,False,False,False,False,False,False,0,0,0,0,,0.0,1.4901161193847656e-08,0.0,0,0,False,0.0
0.0675,0.08000000000000002,-0.34,True,False,False,False,False,False,False,0,0,0,0,,0.0,1.4901161193847656e-08,0.0,0,0,False,0.0
0.0675,0.10000000000000003,-0.34,True,False,False,False,False,False,False,0,0,0,0,,0.0,1.4901161193847656e-08,0.0,0,0,False,0.0
0.0675,0.12000000000000005,-0.34,True,False,False,False,False,False,False,0,0,0,0,,0.0,1.4901161193847656e-08,0.0,0,0,False,0.0
0.0675,0.14000000000000007,-0.34,True,False,False,False,False,False,False,0,0,0,0,,0.0,1.4901161193847656e-08,0.0,0,0,False,0.0
0.0675,0.15999999999999998,-0.34,True,False,False,False,False,False,False,0,0,0,0,,0.0,1.4901161193847656e-08,0.0,0,0,False,0.0
0.0675,0.18,-0.34,True,False,False,False,False,False,False,0,0,0,0,,0.0,1.4901161193847656e-08,0.0,0,0,False,0.0
0.0675,0.2,-0.34,True,False,False,False,False,False,False,0,0,0,0,,0.0,1.4901161193847656e-08,0.0,0,0,False,0.0
0.0675,0.22000000000000003,-0.34,True,False,False,False,False,False,False,0,0,0,0,,0.0,1.4901161193847656e-08,0.0,0,0,False,0.0
0.0675,0.24000000000000005,-0.34,True,False,False,False,False,False,False,0,0,0,0,,0.0,1.4901161193847656e-08,0.0,0,0,False,0.0
0.0675,0.26000000000000006,-0.34,True,False,False,False,False,False,False,0,0,0,0,,0.0,1.4901161193847656e-08,0.0,0,0,False,0.0
0.0675,0.2800000000000001,-0.34,True,False,False,False,False,False,False,0,0,0,0,,0.0,1.4901161193847656e-08,0.0,0,0,False,0.0
0.0675,0.3,-0.34,True,False,False,False,False,False,False,0,0,0,0,,0.0,1.4901161193847656e-08,0.0,0,0,False,0.0
0.0675,0.32,-0.34,True,False,False,False,False,False,False,0,0,0,0,,0.0,1.4901161193847656e-08,0.0,0,0,False,0.0
0.0675,0.34,-0.34,True,False,False,False,False,False,False,0,0,0,0,,0.0,1.4901161193847656e-08,0.0,0,0,False,0.0
0.0675,0.36000000000000004,-0.34,True,False,False,False,False,False,False,0,0,0,0,,0.0,1.4901161193847656e-08,0.0,0,0,False,0.0
0.0675,0.38000000000000006,-0.34,True,False,False,False,False,False,False,0,0,0,0,,0.0,1.4901161193847656e-08,0.0,0,0,False,0.0
0.0675,0.4000000000000001,-0.34,True,False,False,False,False,False,False,0,0,0,0,,0.0,1.4901161193847656e-08,0.0,0,0,False,0.0
0.0675,0.42,-0.34,True,False,False,False,False,False,False,0,0,0,0,,0.0,1.4901161193847656e-08,0.0,0,0,False,0.0
0.0675,-0.42,-0.32,True,False,False,False,False,False,False,0,0,0,0,,0.0,1.4901161193847656e-08,0.0,0,0,False,0.0
0.0675,-0.39999999999999997,-0.32,True,False,False,False,False,False,False,0,0,0,0,,0.0,1.4901161193847656e-08,0.0,0,0,False,0.0
0.0675,-0.38,-0.32,True,False,False,False,False,False,False,0,0,0,0,,0.0,1.4901161193847656e-08,0.0,0,0,False,0.0
0.0675,-0.36,-0.32,True,False,False,False,False,False,False,0,0,0,0,,0.0,1.4901161193847656e-08,0.0,0,0,False,0.0
0.0675,-0.33999999999999997,-0.32,True,False,False,False,False,False,False,0,0,0,0,,0.0,1.4901161193847656e-08,0.0,0,0,False,0.0
0.0675,-0.31999999999999995,-0.32,True,False,False,False,False,False,False,0,0,0,0,,0.0,1.4901161193847656e-08,0.0,0,0,False,0.0
0.0675,-0.3,-0.32,True,False,False,False,False,False,False,0,0,0,0,,0.0,1.4901161193847656e-08,0.0,0,0,False,0.0
0.0675,-0.27999999999999997,-0.32,True,False,False,False,False,False,False,0,0,0,0,,0.0,1.4901161193847656e-08,0.0,0,0,False,0.0
0.0675,-0.26,-0.32,True,False,False,False,False,False,False,0,0,0,0,,0.0,1.4901161193847656e-08,0.0,0,0,False,0.0
0.0675,-0.24,-0.32,True,False,False,False,False,False,False,0,0,0,0,,0.0,1.4901161193847656e-08,0.0,0,0,False,0.0
0.0675,-0.21999999999999997,-0.32,True,False,False,False,False,False,False,0,0,0,0,,0.0,1.4901161193847656e-08,0.0,0,0,False,0.0
0.0675,-0.19999999999999998,-0.32,True,False,False,False,False,False,False,0,0,0,0,,0.0,1.4901161193847656e-08,0.0,0,0,False,0.0
0.0675,-0.18,-0.32,True,False,False,False,False,False,False,0,0,0,0,,0.0,1.4901161193847656e-08,0.0,0,0,False,0.0
0.0675,-0.15999999999999998,-0.32,True,False,False,False,False,False,False,0,0,0,0,,0.0,1.4901161193847656e-08,0.0,0,0,False,0.0
0.0675,-0.13999999999999996,-0.32,True,False,False,False,False,False,False,0,0,0,0,,0.0,1.4901161193847656e-08,0.0,0,0,False,0.0
0.0675,-0.12,-0.32,True,False,False,False,False,False,False,0,0,0,0,,0.0,1.4901161193847656e-08,0.0,0,0,False,0.0
0.0675,-0.09999999999999998,-0.32,True,False,False,False,False,False,False,0,0,0,0,,0.0,1.490127488014328e-08,0.0,0,0,False,0.0
0.0675,-0.07999999999999996,-0.32,True,False,False,False,False,False,False,0,0,0,0,,0.0,1.4901161193847656e-08,0.0,0,0,False,0.0
0.0675,-0.06,-0.32,True,False,False,False,False,False,False,0,0,0,0,,0.0,1.4901161193847656e-08,0.0,0,0,False,0.0
0.0675,-0.03999999999999998,-0.32,True,False,False,False,False,False,False,0,0,0,0,,0.0,1.4901161193847656e-08,0.0,0,0,False,0.0
0.0675,-0.019999999999999962,-0.32,True,False,False,False,False,False,False,0,0,0,0,,0.0,1.4901161193847656e-08,0.0,0,0,False,0.0
0.0675,0.0,-0.32,True,False,False,False,False,False,False,0,0,0,0,,0.0,1.4901161193847656e-08,0.0,0,0,False,0.0
0.0675,0.020000000000000018,-0.32,True,False,False,False,False,False,False,0,0,0,0,,0.0,1.4901161193847656e-08,0.0,0,0,False,0.0
0.0675,0.040000000000000036,-0.32,True,False,False,False,False,False,False,0,0,0,0,,0.0,1.4901161193847656e-08,0.0,0,0,False,0.0
0.0675,0.06,-0.32,True,False,False,False,False,False,False,0,0,0,0,,0.0,1.4901161193847656e-08,0.0,0,0,False,0.0
0.0675,0.08000000000000002,-0.32,True,False,False,False,False,False,False,0,0,0,0,,0.0,1.4901161193847656e-08,0.0,0,0,False,0.0
0.0675,0.10000000000000003,-0.32,True,False,False,False,False,False,False,0,0,0,0,,0.0,1.4901161193847656e-08,0.0,0,0,False,0.0
0.0675,0.12000000000000005,-0.32,True,False,False,False,False,False,False,0,0,0,0,,0.0,1.4901161193847656e-08,0.0,0,0,False,0.0
0.0675,0.14000000000000007,-0.32,True,False,False,False,False,False,False,0,0,0,0,,0.0,1.4901161193847656e-08,0.0,0,0,False,0.0
0.0675,0.15999999999999998,-0.32,True,False,False,False,False,False,False,0,0,0,0,,0.0,1.4901161193847656e-08,0.0,0,0,False,0.0
0.0675,0.18,-0.32,True,False,False,False,False,False,False,0,0,0,0,,0.0,1.4901161193847656e-08,0.0,0,0,False,0.0
0.0675,0.2,-0.32,True,False,False,False,False,False,False,0,0,0,0,,0.0,1.4901161193847656e-08,0.0,0,0,False,0.0
0.0675,0.22000000000000003,-0.32,True,False,False,False,False,False,False,0,0,0,0,,0.0,1.4901161193847656e-08,0.0,0,0,False,0.0
0.0675,0.24000000000000005,-0.32,True,False,False,False,False,False,False,0,0,0,0,,0.0,1.4901161193847656e-08,0.0,0,0,False,0.0
0.0675,0.26000000000000006,-0.32,True,False,False,False,False,False,False,0,0,0,0,,0.0,1.4901161193847656e-08,0.0,0,0,False,0.0
0.0675,0.2800000000000001,-0.32,True,False,False,False,False,False,False,0,0,0,0,,0.0,1.4901161193847656e-08,0.0,0,0,False,0.0
0.0675,0.3,-0.32,True,False,False,False,False,False,False,0,0,0,0,,0.0,1.4901161193847656e-08,0.0,0,0,False,0.0
0.0675,0.32,-0.32,True,False,False,False,False,False,False,0,0,0,0,,0.0,1.4901161193847656e-08,0.0,0,0,False,0.0
0.0675,0.34,-0.32,True,False,False,False,False,False,False,0,0,0,0,,0.0,1.4901161193847656e-08,0.0,0,0,False,0.0
0.0675,0.36000000000000004,-0.32,True,False,False,False,False,False,False,0,0,0,0,,0.0,1.4901161193847656e-08,0.0,0,0,False,0.0
0.0675,0.38000000000000006,-0.32,True,False,False,False,False,False,False,0,0,0,0,,0.0,1.4901161193847656e-08,0.0,0,0,False,0.0
0.0675,0.4000000000000001,-0.32,True,False,False,False,False,False,False,0,0,0,0,,0.0,1.4901161193847656e-08,0.0,0,0,False,0.0
0.0675,0.42,-0.32,True,False,False,False,False,False,False,0,0,0,0,,0.0,1.4901161193847656e-08,0.0,0,0,False,0.0
0.0675,-0.42,-0.30000000000000004,True,False,False,False,False,False,False,0,0,0,0,,0.0,1.4901161193847656e-08,0.0,0,0,False,0.0
0.0675,-0.39999999999999997,-0.30000000000000004,True,False,False,False,False,False,False,0,0,0,0,,0.0,1.4901161193847656e-08,0.0,0,0,False,0.0
0.0675,-0.38,-0.30000000000000004,True,False,False,False,False,False,False,0,0,0,0,,0.0,1.4901161193847656e-08,0.0,0,0,False,0.0
0.0675,-0.36,-0.30000000000000004,True,False,False,False,False,False,False,0,0,0,0,,0.0,1.4901161193847656e-08,0.0,0,0,False,0.0
0.0675,-0.33999999999999997,-0.30000000000000004,True,False,False,False,False,False,False,0,0,0,0,,0.0,1.4901161193847656e-08,0.0,0,0,False,0.0
0.0675,-0.31999999999999995,-0.30000000000000004,True,False,False,False,False,False,False,0,0,0,0,,0.0,1.4901161193847656e-08,0.0,0,0,False,0.0
0.0675,-0.3,-0.30000000000000004,True,False,False,False,False,False,False,0,0,0,0,,0.0,1.4901161193847656e-08,0.0,0,0,False,0.0
0.0675,-0.27999999999999997,-0.30000000000000004,True,False,False,False,False,False,False,0,0,0,0,,0.0,1.4901161193847656e-08,0.0,0,0,False,0.0
0.0675,-0.26,-0.30000000000000004,True,False,False,False,False,False,False,0,0,0,0,,0.0,1.4901161193847656e-08,0.0,0,0,False,0.0
0.0675,-0.24,-0.30000000000000004,True,False,False,False,False,False,False,0,0,0,0,,0.0,1.4901161193847656e-08,0.0,0,0,False,0.0
0.0675,-0.21999999999999997,-0.30000000000000004,True,False,False,False,False,False,False,0,0,0,0,,0.0,1.4901161193847656e-08,0.0,0,0,False,0.0
0.0675,-0.19999999999999998,-0.30000000000000004,True,False,False,False,False,False,False,0,0,0,0,,0.0,1.4901161193847656e-08,0.0,0,0,False,0.0
0.0675,-0.18,-0.30000000000000004,True,False,False,False,False,False,False,0,0,0,0,,0.0,1.4901161193847656e-08,0.0,0,0,False,0.0
0.0675,-0.15999999999999998,-0.30000000000000004,True,False,False,False,False,False,False,0,0,0,0,,0.0,1.4901161193847656e-08,0.0,0,0,False,0.0
0.0675,-0.13999999999999996,-0.30000000000000004,True,False,False,False,False,False,False,0,0,0,0,,0.0,1.4901161193847656e-08,0.0,0,0,False,0.0
0.0675,-0.12,-0.30000000000000004,True,False,False,False,False,False,False,0,0,0,0,,0.0,1.4901161193847656e-08,0.0,0,0,False,0.0
0.0675,-0.09999999999999998,-0.30000000000000004,True,False,False,False,False,False,False,0,0,0,0,,0.0,1.490127488014328e-08,0.0,0,0,False,0.0
0.0675,-0.07999999999999996,-0.30000000000000004,True,False,False,False,False,False,False,0,0,0,0,,0.0,1.4901161193847656e-08,0.0,0,0,False,0.0
0.0675,-0.06,-0.30000000000000004,True,False,False,False,False,False,False,0,0,0,0,,0.0,1.4901161193847656e-08,0.0,0,0,False,0.0
0.0675,-0.03999999999999998,-0.30000000000000004,True,False,False,False,False,False,False,0,0,0,0,,0.0,1.4901161193847656e-08,0.0,0,0,False,0.0
0.0675,-0.019999999999999962,-0.30000000000000004,True,False,False,False,False,False,False,0,0,0,0,,0.0,1.4901161193847656e-08,0.0,0,0,False,0.0
0.0675,0.0,-0.30000000000000004,True,False,False,False,False,False,False,0,0,0,0,,0.0,1.4901161193847656e-08,0.0,0,0,False,0.0
0.0675,0.020000000000000018,-0.30000000000000004,True,False,False,False,False,False,False,0,0,0,0,,0.0,1.4901161193847656e-08,0.0,0,0,False,0.0
0.0675,0.040000000000000036,-0.30000000000000004,True,False,False,False,False,False,False,0,0,0,0,,0.0,1.4901161193847656e-08,0.0,0,0,False,0.0
0.0675,0.06,-0.30000000000000004,True,False,False,False,False,False,False,0,0,0,0,,0.0,1.4901161193847656e-08,0.0,0,0,False,0.0
0.0675,0.08000000000000002,-0.30000000000000004,True,False,False,False,False,False,False,0,0,0,0,,0.0,1.4901161193847656e-08,0.0,0,0,False,0.0
0.0675,0.10000000000000003,-0.30000000000000004,True,False,False,False,False,False,False,0,0,0,0,,0.0,1.4901161193847656e-08,0.0,0,0,False,0.0
0.0675,0.12000000000000005,-0.30000000000000004,True,False,False,False,False,False,False,0,0,0,0,,0.0,1.4901161193847656e-08,0.0,0,0,False,0.0
0.0675,0.14000000000000007,-0.30000000000000004,True,False,False,False,False,False,False,0,0,0,0,,0.0,1.4901161193847656e-08,0.0,0,0,False,0.0
0.0675,0.15999999999999998,-0.30000000000000004,True,False,False,False,False,False,False,0,0,0,0,,0.0,1.4901161193847656e-08,0.0,0,0,False,0.0
0.0675,0.18,-0.30000000000000004,True,False,False,False,False,False,False,0,0,0,0,,0.0,1.4901161193847656e-08,0.0,0,0,False,0.0
0.0675,0.2,-0.30000000000000004,True,False,False,False,False,False,False,0,0,0,0,,0.0,1.4901161193847656e-08,0.0,0,0,False,0.0
0.0675,0.22000000000000003,-0.30000000000000004,True,False,False,False,False,False,False,0,0,0,0,,0.0,1.4901161193847656e-08,0.0,0,0,False,0.0
0.0675,0.24000000000000005,-0.30000000000000004,True,False,False,False,False,False,False,0,0,0,0,,0.0,1.4901161193847656e-08,0.0,0,0,False,0.0
0.0675,0.26000000000000006,-0.30000000000000004,True,False,False,False,False,False,False,0,0,0,0,,0.0,1.4901161193847656e-08,0.0,0,0,False,0.0
0.0675,0.2800000000000001,-0.30000000000000004,True,False,False,False,False,False,False,0,0,0,0,,0.0,1.4901161193847656e-08,0.0,0,0,False,0.0
0.0675,0.3,-0.30000000000000004,True,False,False,False,False,False,False,0,0,0,0,,0.0,1.4901161193847656e-08,0.0,0,0,False,0.0
0.0675,0.32,-0.30000000000000004,True,False,False,False,False,False,False,0,0,0,0,,0.0,1.4901161193847656e-08,0.0,0,0,False,0.0
0.0675,0.34,-0.30000000000000004,True,False,False,False,False,False,False,0,0,0,0,,0.0,1.4901161193847656e-08,0.0,0,0,False,0.0
0.0675,0.36000000000000004,-0.30000000000000004,True,False,False,False,False,False,False,0,0,0,0,,0.0,1.4901161193847656e-08,0.0,0,0,False,0.0
0.0675,0.38000000000000006,-0.30000000000000004,True,False,False,False,False,False,False,0,0,0,0,,0.0,1.4901161193847656e-08,0.0,0,0,False,0.0
0.0675,0.4000000000000001,-0.30000000000000004,True,False,False,False,False,False,False,0,0,0,0,,0.0,1.4901161193847656e-08,0.0,0,0,False,0.0
0.0675,0.42,-0.30000000000000004,True,False,False,False,False,False,False,0,0,0,0,,0.0,1.4901161193847656e-08,0.0,0,0,False,0.0
0.0675,-0.42,-0.28,True,False,False,False,False,False,False,0,0,0,0,,0.0,1.4901161193847656e-08,0.0,0,0,False,0.0
0.0675,-0.39999999999999997,-0.28,True,False,False,False,False,False,False,0,0,0,0,,0.0,1.4901161193847656e-08,0.0,0,0,False,0.0
0.0675,-0.38,-0.28,True,False,False,False,False,False,False,0,0,0,0,,0.0,1.4901161193847656e-08,0.0,0,0,False,0.0
0.0675,-0.36,-0.28,True,False,False,False,False,False,False,0,0,0,0,,0.0,1.4901161193847656e-08,0.0,0,0,False,0.0
0.0675,-0.33999999999999997,-0.28,True,False,False,False,False,False,False,0,0,0,0,,0.0,1.4901161193847656e-08,0.0,0,0,False,0.0
0.0675,-0.31999999999999995,-0.28,True,False,False,False,False,False,False,0,0,0,0,,0.0,1.4901161193847656e-08,0.0,0,0,False,0.0
0.0675,-0.3,-0.28,True,False,False,False,False,False,False,0,0,0,0,,0.0,1.4901161193847656e-08,0.0,0,0,False,0.0
0.0675,-0.27999999999999997,-0.28,True,False,False,False,False,False,False,0,0,0,0,,0.0,1.4901161193847656e-08,0.0,0,0,False,0.0
0.0675,-0.26,-0.28,True,False,False,False,False,False,False,0,0,0,0,,0.0,1.4901161193847656e-08,0.0,0,0,False,0.0
0.0675,-0.24,-0.28,True,False,False,False,False,False,False,0,0,0,0,,0.0,1.4901161193847656e-08,0.0,0,0,False,0.0
0.0675,-0.21999999999999997,-0.28,True,False,False,False,False,False,False,0,0,0,0,,0.0,1.4901161193847656e-08,0.0,0,0,False,0.0
0.0675,-0.19999999999999998,-0.28,True,False,False,False,False,False,False,1,3,0,0,0.01289442926645279,0.0,1.4901161193847656e-08,0.0,1,0,False,0.0
0.0675,-0.18,-0.28,True,False,False,False,False,False,False,4,11,0,0,0.011582106351852417,0.0,1.4901161193847656e-08,0.0,4,0,False,0.0
0.0675,-0.15999999999999998,-0.28,True,False,False,False,False,False,False,2,7,0,0,0.011463165283203125,0.0,1.4901161193847656e-08,0.0,2,0,False,0.0
0.0675,-0.13999999999999996,-0.28,True,False,False,False,False,False,False,2,2,0,0,0.011301713064312935,0.0,1.4901161193847656e-08,0.0,2,0,False,0.0
0.0675,-0.12,-0.28,True,False,False,False,False,False,False,4,7,0,0,0.011394239962100983,0.0,1.4901161193847656e-08,0.0,4,0,False,0.0
0.0675,-0.09999999999999998,-0.28,True,False,False,False,False,False,False,3,6,0,0,0.011329874396324158,0.0,1.490127488014328e-08,0.0,3,0,False,0.0
0.0675,-0.07999999999999996,-0.28,True,False,False,False,False,False,False,3,6,0,0,0.01116643100976944,0.0,1.4901161193847656e-08,0.0,3,0,False,0.0
0.0675,-0.06,-0.28,True,False,False,False,False,False,False,5,8,0,0,0.015209339559078217,0.0,1.4901161193847656e-08,0.0,5,0,False,0.0
0.0675,-0.03999999999999998,-0.28,True,False,False,False,False,False,False,5,14,0,0,0.01128445565700531,0.0,1.4901161193847656e-08,0.0,5,0,False,0.0
0.0675,-0.019999999999999962,-0.28,True,False,False,False,False,False,False,5,11,0,0,0.011409565806388855,0.0,1.4901161193847656e-08,0.0,5,0,False,0.0
0.0675,0.0,-0.28,True,False,False,False,False,False,False,4,9,0,0,0.011340104043483734,0.0,1.4901161193847656e-08,0.0,4,0,False,0.0
0.0675,0.020000000000000018,-0.28,True,False,False,False,False,False,False,5,11,0,0,0.011179417371749878,0.0,1.4901161193847656e-08,0.0,5,0,False,0.0
0.0675,0.040000000000000036,-0.28,True,False,False,False,False,False,False,2,5,0,0,0.011347055435180664,0.0,1.4901161193847656e-08,0.0,2,0,False,0.0
0.0675,0.06,-0.28,True,False,False,False,False,False,False,2,5,0,0,0.011168032884597778,0.0,1.4901161193847656e-08,0.0,2,0,False,0.0
0.0675,0.08000000000000002,-0.28,True,False,False,False,False,False,False,5,7,0,0,0.012347780168056488,0.0,1.4901161193847656e-08,0.0,5,0,False,0.0
0.0675,0.10000000000000003,-0.28,True,False,False,False,False,False,False,3,9,0,0,0.011258326470851898,0.0,1.4901161193847656e-08,0.0,3,0,False,0.0
0.0675,0.12000000000000005,-0.28,True,False,False,False,False,False,False,4,10,0,0,0.011371240019798279,0.0,1.4901161193847656e-08,0.0,4,0,False,0.0
0.0675,0.14000000000000007,-0.28,True,False,False,False,False,False,False,4,10,0,0,0.011384591460227966,0.0,1.4901161193847656e-08,0.0,4,0,False,0.0
0.0675,0.15999999999999998,-0.28,True,False,False,False,False,False,False,6,13,0,0,0.011262844316661358,0.0,1.4901161193847656e-08,0.0,6,0,False,0.0
0.0675,0.18,-0.28,True,False,False,False,False,False,False,3,6,0,0,0.011364154517650604,0.0,1.4901161193847656e-08,0.0,3,0,False,0.0
0.0675,0.2,-0.28,True,False,False,False,False,False,False,2,5,0,0,0.011299803853034973,0.0,1.4901161193847656e-08,0.0,2,0,False,0.0
0.0675,0.22000000000000003,-0.28,True,False,False,False,False,False,False,3,6,0,0,0.011163882911205292,0.0,1.4901161193847656e-08,0.0,3,0,False,0.0
0.0675,0.24000000000000005,-0.28,True,False,False,False,False,False,False,4,7,0,0,0.011241085827350616,0.0,1.4901161193847656e-08,0.0,4,0,False,0.0
0.0675,0.26000000000000006,-0.28,True,False,False,False,False,False,False,1,3,0,0,0.011332817375659943,0.0,1.4901161193847656e-08,0.0,1,0,False,0.0
0.0675,0.2800000000000001,-0.28,True,False,False,False,False,False,False,2,7,0,0,0.011477731168270111,0.0,1.4901161193847656e-08,0.0,2,0,False,0.0
0.0675,0.3,-0.28,True,False,False,False,False,False,False,3,9,0,0,0.01208312064409256,0.0,1.4901161193847656e-08,0.0,3,0,False,0.0
0.0675,0.32,-0.28,True,False,False,False,False,False,False,1,1,0,0,0.018722694367170334,0.0,1.4901161193847656e-08,0.0,1,0,False,0.0
0.0675,0.34,-0.28,True,False,False,False,False,False,False,0,0,0,0,,0.0,1.4901161193847656e-08,0.0,0,0,False,0.0
0.0675,0.36000000000000004,-0.28,True,False,False,False,False,False,False,0,0,0,0,,0.0,1.4901161193847656e-08,0.0,0,0,False,0.0
0.0675,0.38000000000000006,-0.28,True,False,False,False,False,False,False,0,0,0,0,,0.0,1.4901161193847656e-08,0.0,0,0,False,0.0
0.0675,0.4000000000000001,-0.28,True,False,False,False,False,False,False,0,0,0,0,,0.0,1.4901161193847656e-08,0.0,0,0,False,0.0
0.0675,0.42,-0.28,True,False,False,False,False,False,False,0,0,0,0,,0.0,1.4901161193847656e-08,0.0,0,0,False,0.0
0.0675,-0.42,-0.26,True,False,False,False,False,False,False,0,0,0,0,,0.0,1.4901161193847656e-08,0.0,0,0,False,0.0
0.0675,-0.39999999999999997,-0.26,True,False,False,False,False,False,False,0,0,0,0,,0.0,1.4901161193847656e-08,0.0,0,0,False,0.0
0.0675,-0.38,-0.26,True,False,False,False,False,False,False,0,0,0,0,,0.0,1.4901161193847656e-08,0.0,0,0,False,0.0
0.0675,-0.36,-0.26,True,False,False,False,False,False,False,0,0,0,0,,0.0,1.4901161193847656e-08,0.0,0,0,False,0.0
0.0675,-0.33999999999999997,-0.26,True,False,False,False,False,False,False,1,4,0,0,0.013794854283332825,0.0,1.4901161193847656e-08,0.0,1,0,False,0.0
0.0675,-0.31999999999999995,-0.26,True,False,True,False,False,False,False,4,13,0,0,0.0055421143770217896,0.0,1.4901161193847656e-08,0.0,4,0,False,0.0
0.0675,-0.3,-0.26,True,False,True,False,False,False,False,13,37,0,0,0.005391620099544525,0.0,1.4901161193847656e-08,0.0,13,0,False,0.0
0.0675,-0.27999999999999997,-0.26,True,False,True,False,False,False,False,18,54,0,0,0.005224704742431641,0.0,1.4901161193847656e-08,0.0,18,0,False,0.0
0.0675,-0.26,-0.26,True,False,True,False,False,False,False,18,57,0,0,0.005057059228420258,0.0,1.4901161193847656e-08,0.0,18,0,False,0.0
0.0675,-0.24,-0.26,True,False,True,False,False,False,False,18,53,0,0,0.004999518394470215,0.0,1.4901161193847656e-08,0.0,18,0,False,0.0
0.0675,-0.21999999999999997,-0.26,True,False,True,False,False,False,False,24,68,0,0,0.005105234682559967,0.0,1.4901161193847656e-08,0.0,24,0,False,0.0
0.0675,-0.19999999999999998,-0.26,True,False,True,True,True,True,False,28,79,4,4,-0.005958661437034607,0.0,0.004850388771843755,0.0,28,4,True,0.0
0.0675,-0.18,-0.26,True,False,True,True,True,True,False,31,84,4,4,-0.008417904376983643,0.0,0.0021988294562278587,0.0,31,4,True,0.0
0.0675,-0.15999999999999998,-0.26,True,False,True,True,True,True,False,36,102,4,4,-0.008536137640476227,0.0,0.002901790482976635,0.0,36,4,True,0.0
0.0675,-0.13999999999999996,-0.26,True,False,True,True,True,True,False,45,116,1,1,-0.008703834377229214,0.0,0.003622587895923254,0.0,45,1,True,0.0
0.0675,-0.12,-0.26,True,False,True,True,True,True,False,46,131,8,7,-0.008762389421463013,0.0,0.0054089163331087885,0.0,46,8,True,0.0
0.0675,-0.09999999999999998,-0.26,True,False,True,True,True,True,False,50,147,4,4,-0.008768096566200256,0.0,0.005931087761727458,0.0,50,4,True,0.0
0.0675,-0.07999999999999996,-0.26,True,False,True,False,False,False,False,41,117,0,0,0.004978857934474945,0.0,1.4901161193847656e-08,0.0,41,0,False,0.0
0.0675,-0.06,-0.26,True,False,True,True,True,True,False,47,130,5,3,-0.005714424420148134,0.0,0.0013630829526485517,0.0,47,5,True,0.0
0.0675,-0.03999999999999998,-0.26,True,False,True,True,True,True,False,52,148,5,5,-0.00873491819947958,0.0,0.004399271595925155,0.0,52,5,True,0.0
0.0675,-0.019999999999999962,-0.26,True,False,True,True,True,True,False,52,153,8,8,-0.008589982986450195,0.0,0.004171376837552204,0.0,52,8,True,0.0
0.0675,0.0,-0.26,True,False,True,True,True,True,False,61,152,11,7,-0.008659198880195618,1125.5656934889696,0.004391883256494027,0.0,61,11,True,0.0
0.0675,0.020000000000000018,-0.26,True,False,True,True,True,True,False,55,158,9,8,-0.008760780096054077,0.0,0.004373629929103408,0.0,55,9,True,0.0
0.0675,0.040000000000000036,-0.26,True,False,True,True,True,True,False,54,154,4,4,-0.00876646488904953,0.0,0.0058366123745347545,0.0,54,4,True,0.0
0.0675,0.06,-0.26,True,False,True,False,False,False,False,43,126,0,0,0.004978954792022705,0.0,1.4901161193847656e-08,0.0,43,0,False,0.0
0.0675,0.08000000000000002,-0.26,True,False,True,True,False,True,False,45,125,4,0,-0.0019285380840301514,0.0,0.00045175612376204476,0.0,45,4,True,0.0
0.0675,0.10000000000000003,-0.26,True,False,True,True,True,True,False,49,140,4,4,-0.008400976657867432,0.0,0.0019076234335608688,0.0,49,4,True,0.0
0.0675,0.12000000000000005,-0.26,True,False,True,True,True,True,False,43,120,12,8,-0.00862826406955719,1569.2693442804957,0.002374874839454385,0.0,43,12,True,0.0
0.0675,0.14000000000000007,-0.26,True,False,True,True,True,True,False,41,111,8,8,-0.008614756166934967,0.0,0.004187307246413511,0.0,41,8,True,0.0
0.0675,0.15999999999999998,-0.26,True,False,True,True,True,True,False,41,102,8,5,-0.008782429620623589,0.0,0.004212395061700603,0.0,41,8,True,0.0
0.0675,0.18,-0.26,True,False,True,True,True,True,False,40,99,4,4,-0.008670903742313385,0.0,0.005137502783490946,0.0,40,4,True,0.0
0.0675,0.2,-0.26,True,False,True,False,False,False,False,28,77,0,0,0.004978962242603302,0.0,1.4901161193847656e-08,0.0,28,0,False,0.0
0.0675,0.22000000000000003,-0.26,True,False,True,False,False,False,False,22,64,0,0,0.0018049655482172966,0.0,1.4901161193847656e-08,0.0,22,0,False,0.0
0.0675,0.24000000000000005,-0.26,True,False,True,True,False,True,False,18,56,3,0,-0.0003547072410583496,0.0,0.00016597922593787598,0.0,18,3,True,0.0
0.0675,0.26000000000000006,-0.26,True,False,True,True,True,True,False,17,47,3,3,-0.008666731417179108,0.0,0.003267582418108997,0.0,17,3,True,0.0
0.0675,0.2800000000000001,-0.26,True,False,True,True,True,True,False,17,51,4,4,-0.00852181762456894,0.0,0.002518067996767387,0.0,17,4,True,0.0
0.0675,0.3,-0.26,True,False,True,True,True,True,False,14,40,4,4,-0.008403412997722626,0.0,0.0019150425780879476,0.0,14,4,True,0.0
0.0675,0.32,-0.26,True,False,True,False,False,False,False,9,18,0,0,0.0023539066314697266,0.0,1.4901161193847656e-08,0.0,9,0,False,0.0
0.0675,0.34,-0.26,True,False,False,False,False,False,False,1,3,0,0,0.013125702738761902,0.0,1.4901161193847656e-08,0.0,1,0,False,0.0
0.0675,0.36000000000000004,-0.26,True,False,False,False,False,False,False,0,0,0,0,,0.0,1.4901161193847656e-08,0.0,0,0,False,0.0
0.0675,0.38000000000000006,-0.26,True,False,False,False,False,False,False,0,0,0,0,,0.0,1.4901161193847656e-08,0.0,0,0,False,0.0
0.0675,0.4000000000000001,-0.26,True,False,False,False,False,False,False,0,0,0,0,,0.0,1.4901161193847656e-08,0.0,0,0,False,0.0
0.0675,0.42,-0.26,True,False,False,False,False,False,False,0,0,0,0,,0.0,1.4901161193847656e-08,0.0,0,0,False,0.0
0.0675,-0.42,-0.24000000000000002,True,False,False,False,False,False,False,0,0,0,0,,0.0,1.4901161193847656e-08,0.0,0,0,False,0.0
0.0675,-0.39999999999999997,-0.24000000000000002,True,False,False,False,False,False,False,0,0,0,0,,0.0,1.4901161193847656e-08,0.0,0,0,False,0.0
0.0675,-0.38,-0.24000000000000002,True,False,False,False,False,False,False,0,0,0,0,,0.0,1.4901161193847656e-08,0.0,0,0,False,0.0
0.0675,-0.36,-0.24000000000000002,True,False,False,False,False,False,False,0,0,0,0,,0.0,1.4901161193847656e-08,0.0,0,0,False,0.0
0.0675,-0.33999999999999997,-0.24000000000000002,True,False,False,False,False,False,False,4,9,0,0,0.006758101284503937,0.0,1.4901161193847656e-08,0.0,4,0,False,0.0
0.0675,-0.31999999999999995,-0.24000000000000002,True,False,True,True,True,True,False,18,45,12,4,-0.00528426468372345,910.8845825195501,0.01047065098587069,0.0,18,12,True,0.0
0.0675,-0.3,-0.24000000000000002,True,False,True,True,True,True,False,33,103,40,12,-0.006778918206691742,1474.814575195343,0.006037049991317376,0.0,33,40,True,0.0
0.0675,-0.27999999999999997,-0.24000000000000002,True,False,True,True,True,True,False,35,109,48,30,-0.006794668734073639,1605.1219482422207,0.00618675517180485,0.0,35,48,True,0.0
0.0675,-0.26,-0.24000000000000002,True,False,True,True,True,True,False,32,100,51,29,-0.007016412913799286,2059.1762695312927,0.01234762074284088,0.0,32,51,True,0.0
0.0675,-0.24,-0.24000000000000002,True,False,True,True,True,True,False,35,124,57,33,-0.009717918932437897,2983.776855468812,0.018018980580700686,0.0,35,57,True,0.0
0.0675,-0.21999999999999997,-0.24000000000000002,True,False,True,True,True,True,False,43,132,50,28,-0.009717918932437897,2240.4946289062964,0.010049373696206159,0.0,43,50,True,0.0
0.0675,-0.19999999999999998,-0.24000000000000002,True,False,True,True,True,True,False,43,143,55,35,-0.009717918932437897,2085.890625000043,0.01542651311183245,0.0,43,55,True,0.0
0.0675,-0.18,-0.24000000000000002,True,False,True,True,True,True,False,58,160,54,26,-0.009732827544212341,2681.0707749447997,0.014247273485444757,0.0,58,54,True,0.0
0.0675,-0.15999999999999998,-0.24000000000000002,True,False,True,True,True,True,False,65,212,71,38,-0.009732827544212341,2503.104736328177,0.016864780468438142,0.0,65,71,True,0.0
0.0675,-0.13999999999999996,-0.24000000000000002,True,False,True,True,True,True,False,73,235,93,41,-0.009732827544212341,2278.1218261719223,0.030413725866747274,0.0,73,93,True,0.0
0.0675,-0.12,-0.24000000000000002,True,False,True,True,True,True,False,78,246,109,69,-0.009732827544212341,3882.080067543962,0.005799871351580881,0.0,78,109,True,0.0
0.0675,-0.09999999999999998,-0.24000000000000002,True,False,True,True,True,True,False,89,281,132,74,-0.009732827544212341,2621.4450683594296,0.013373644756196665,0.0,89,132,True,0.0
0.0675,-0.07999999999999996,-0.24000000000000002,True,False,True,True,True,True,False,86,288,112,59,-0.009732827544212341,2283.1174316406723,0.00938396861796888,0.0,86,112,True,0.0
0.0675,-0.06,-0.24000000000000002,True,False,True,True,True,True,False,80,263,110,68,-0.009732827544212341,3363.873779296911,0.025107328946567184,0.0,80,110,True,0.0
0.0675,-0.03999999999999998,-0.24000000000000002,True,False,True,True,True,True,False,86,261,101,57,-0.009732753038406372,2125.0019531250227,0.005249425075575571,0.0,86,101,True,0.0
0.0675,-0.019999999999999962,-0.24000000000000002,True,False,True,True,True,True,False,90,295,108,55,-0.009732753038406372,2558.1308593750273,0.005082721137623353,0.0,90,108,True,0.0
0.0675,0.0,-0.24000000000000002,True,False,True,True,True,True,False,102,304,105,60,-0.009732745587825775,2094.5690917968973,0.027808908410186968,0.0,102,104,True,0.0
0.0675,0.020000000000000018,-0.24000000000000002,True,False,True,True,True,True,False,96,309,135,64,-0.009732745587825775,2472.0065917969014,0.017084641109017137,0.0,96,135,True,0.0
0.0675,0.040000000000000036,-0.24000000000000002,True,False,True,True,True,True,False,97,298,145,74,-0.009732745587825775,2379.531494140644,0.015989853385670265,0.0,97,145,True,0.0
0.0675,0.06,-0.24000000000000002,True,False,True,True,True,True,False,82,294,113,57,-0.009732745587825775,1973.5136718750614,0.006175067495502288,0.0,82,113,True,0.0
0.0675,0.08000000000000002,-0.24000000000000002,True,False,True,True,True,True,False,78,255,103,59,-0.009732738137245178,2747.1774631203125,0.03515446137264064,0.0,78,103,True,0.0
0.0675,0.10000000000000003,-0.24000000000000002,True,False,True,True,True,True,False,73,229,98,55,-0.009732738137245178,2578.30273437508,0.006165528132236563,0.0,73,98,True,0.0
0.0675,0.12000000000000005,-0.24000000000000002,True,False,True,True,True,True,False,66,214,76,42,-0.009732723236083984,3223.5644531251,0.029839151809689525,0.0,66,76,True,0.0
0.0675,0.14000000000000007,-0.24000000000000002,True,False,True,True,True,True,False,65,208,76,37,-0.009732723236083984,2867.515136718839,0.024551533283031952,0.0,65,76,True,0.0
0.0675,0.15999999999999998,-0.24000000000000002,True,False,True,True,True,True,False,65,205,85,45,-0.009732723236083984,2742.97290039071,0.012314816979899798,0.0,65,85,True,0.0
0.0675,0.18,-0.24000000000000002,True,False,True,True,True,True,False,66,191,79,37,-0.010049790143966675,2194.139892578193,0.011287635030298613,0.0,66,79,True,0.0
0.0675,0.2,-0.24000000000000002,True,False,True,True,True,True,False,51,175,64,30,-0.009732723236083984,2147.827880859442,0.005618652635598967,0.0,51,64,True,0.0
0.0675,0.22000000000000003,-0.24000000000000002,True,False,True,True,True,True,False,40,131,59,29,-0.010375943034887314,2716.982421875084,0.00665536790513563,0.0,40,59,True,0.0
0.0675,0.24000000000000005,-0.24000000000000002,True,False,True,True,True,True,False,32,99,54,28,-0.013107769191265106,3174.3854980469737,0.0076251933815802385,0.0,32,54,True,0.0
0.0675,0.26000000000000006,-0.24000000000000002,True,False,True,True,True,True,False,25,87,38,20,-0.007411070168018341,1615.426473626997,0.01567733502375703,0.0,25,38,True,0.0
0.0675,0.2800000000000001,-0.24000000000000002,True,False,True,True,True,True,False,24,80,34,20,-0.007411070168018341,1935.7141113281853,0.011195074513309172,0.0,24,34,True,0.0
0.0675,0.3,-0.24000000000000002,True,False,True,True,True,True,False,27,81,27,15,-0.007411070168018341,1690.287815565562,0.006476980198146664,0.0,27,27,True,0.0
0.0675,0.32,-0.24000000000000002,True,False,True,True,True,True,False,17,45,15,4,-0.007411070168018341,857.9847412109642,0.0008878127350694399,0.0,17,15,True,0.0
0.0675,0.34,-0.24000000000000002,True,False,False,False,False,False,False,4,10,0,0,0.0058022141456604,0.0,1.4901161193847656e-08,0.0,4,0,False,0.0
0.0675,0.36000000000000004,-0.24000000000000002,True,False,False,False,False,False,False,0,0,0,0,,0.0,1.4901161193847656e-08,0.0,0,0,False,0.0
0.0675,0.38000000000000006,-0.24000000000000002,True,False,False,False,False,False,False,0,0,0,0,,0.0,1.4901161193847656e-08,0.0,0,0,False,0.0
0.0675,0.4000000000000001,-0.24000000000000002,True,False,False,False,False,False,False,0,0,0,0,,0.0,1.4901161193847656e-08,0.0,0,0,False,0.0
0.0675,0.42,-0.24000000000000002,True,False,False,False,False,False,False,0,0,0,0,,0.0,1.4901161193847656e-08,0.0,0,0,False,0.0
0.0675,-0.42,-0.22000000000000003,True,False,False,False,False,False,False,0,0,0,0,,0.0,1.4901161193847656e-08,0.0,0,0,False,0.0
0.0675,-0.39999999999999997,-0.22000000000000003,True,False,False,False,False,False,False,0,0,0,0,,0.0,1.4901161193847656e-08,0.0,0,0,False,0.0
0.0675,-0.38,-0.22000000000000003,True,False,False,False,False,False,False,0,0,0,0,,0.0,1.4901161193847656e-08,0.0,0,0,False,0.0
0.0675,-0.36,-0.22000000000000003,True,False,False,False,False,False,False,0,0,0,0,,0.0,1.4901161193847656e-08,0.0,0,0,False,0.0
0.0675,-0.33999999999999997,-0.22000000000000003,True,False,False,False,False,False,False,5,15,0,0,0.00658436119556427,0.0,1.4901161193847656e-08,0.0,5,0,False,0.0
0.0675,-0.31999999999999995,-0.22000000000000003,True,False,True,True,True,True,False,24,77,23,4,-0.012139108963310719,1074.9656982422098,0.005171079585663461,0.0,24,23,True,0.0
0.0675,-0.3,-0.22000000000000003,True,False,True,True,True,True,False,35,124,46,36,-0.012139059603214264,3430.3220214844705,0.03499215383731085,0.0,35,46,True,0.0
0.0675,-0.27999999999999997,-0.22000000000000003,True,False,True,True,True,True,False,36,130,46,32,-0.012139059603214264,3874.452880859483,0.009685027753754549,0.0,36,46,True,0.0
0.0675,-0.26,-0.22000000000000003,True,False,True,True,True,True,False,37,121,31,23,-0.012139059603214264,4146.5585937501155,0.012492900894690757,0.0,37,31,True,0.0
0.0675,-0.24,-0.22000000000000003,True,False,True,True,True,True,False,40,144,64,38,-0.012139059603214264,3785.3084332340018,0.02046608894297021,0.0,40,64,True,0.0
0.0675,-0.21999999999999997,-0.22000000000000003,True,False,True,True,True,True,False,46,164,68,54,-0.013083571568131447,4112.038574218865,0.0307557983506372,0.0,46,68,True,0.0
0.0675,-0.19999999999999998,-0.22000000000000003,True,False,True,True,True,True,False,48,170,65,49,-0.016559608280658722,3539.077148437573,0.02895793965866185,0.0,48,65,True,0.0
0.0675,-0.18,-0.22000000000000003,True,False,True,True,True,True,False,70,226,59,53,-0.016559608280658722,3965.4956054688605,0.009075042773169716,0.0,70,59,True,0.0
0.0675,-0.15999999999999998,-0.22000000000000003,True,False,True,True,True,True,False,67,235,111,84,-0.016574479639530182,3909.0480957032337,0.03166571548020809,0.0,67,111,True,0.0
0.0675,-0.13999999999999996,-0.22000000000000003,True,False,True,True,True,True,False,67,224,87,61,-0.016574479639530182,5150.496093750143,0.04564430826169578,0.0,67,87,True,0.0
0.0675,-0.12,-0.22000000000000003,True,False,True,True,True,True,False,85,274,73,63,-0.016574479639530182,3900.2106933594832,0.016234853812164867,0.0,85,73,True,0.0
0.0675,-0.09999999999999998,-0.22000000000000003,True,False,True,True,True,True,False,87,291,113,79,-0.016574479639530182,4683.549316406316,0.00633188853645483,0.0,87,113,True,0.0
0.0675,-0.07999999999999996,-0.22000000000000003,True,False,True,True,True,True,False,89,303,143,105,-0.01261226087808609,4131.192382812558,0.006215965899530452,0.0,89,143,True,0.0
0.0675,-0.06,-0.22000000000000003,True,False,True,True,True,True,False,85,300,119,80,-0.01655968278646469,3782.5720214844287,0.040967269856895666,0.0,85,119,True,0.0
0.0675,-0.03999999999999998,-0.22000000000000003,True,False,True,True,True,True,False,97,322,100,74,-0.016559690237045288,4078.825683593808,0.005383529736129257,0.0,97,100,True,0.0
0.0675,-0.019999999999999962,-0.22000000000000003,True,False,True,True,True,True,False,93,312,153,118,-0.016574561595916748,4694.520996093816,0.022661435481679863,0.0,93,153,True,0.0
0.0675,0.0,-0.22000000000000003,True,False,True,True,True,True,False,90,299,114,85,-0.016574561595916748,5901.286621093834,0.008347721767333328,0.0,90,114,True,0.0
0.0675,0.020000000000000018,-0.22000000000000003,True,False,True,True,True,True,False,100,327,106,77,-0.016574561595916748,3544.7294921875505,0.010400696989955398,0.0,100,106,True,0.0
0.0675,0.040000000000000036,-0.22000000000000003,True,False,True,True,True,True,False,97,321,110,69,-0.016574561595916748,3542.524414062632,0.024691658633614978,0.0,98,110,True,0.0
0.0675,0.06,-0.22000000000000003,True,False,True,True,True,True,False,94,321,164,127,-0.017344363033771515,5282.161132812542,0.01679021090871557,0.0,94,164,True,0.0
0.0675,0.08000000000000002,-0.22000000000000003,True,False,True,True,True,True,False,85,297,124,80,-0.016559705138206482,3801.1616210938914,0.02613073609504279,0.0,85,124,True,0.0
0.0675,0.10000000000000003,-0.22000000000000003,True,False,True,True,True,True,False,80,258,93,66,-0.016559705138206482,4223.337402343907,0.01827554817746388,0.0,80,93,True,0.0
0.0675,0.12000000000000005,-0.22000000000000003,True,False,True,True,True,True,False,65,212,88,73,-0.016574576497077942,5121.988769531441,0.029195101212521408,0.0,65,88,True,0.0
0.0675,0.14000000000000007,-0.22000000000000003,True,False,True,True,True,True,False,56,187,75,53,-0.016574576497077942,4130.299316406404,0.029473043671768603,0.0,56,75,True,0.0
0.0675,0.15999999999999998,-0.22000000000000003,True,False,True,True,True,True,False,58,185,70,53,-0.016574576497077942,3268.980224609497,0.012262223587835118,0.0,58,70,True,0.0
0.0675,0.18,-0.22000000000000003,True,False,True,True,True,True,False,67,215,72,48,-0.016574576497077942,3567.9030761719855,0.017778302491273084,0.0,67,72,True,0.0
0.0675,0.2,-0.22000000000000003,True,False,True,True,True,True,False,52,180,86,68,-0.022117571905255318,5522.5570067530125,0.057443424811789226,0.0,52,86,True,0.0
0.0675,0.22000000000000003,-0.22000000000000003,True,False,True,True,True,True,False,40,138,63,36,-0.012607388198375702,3440.407226562607,0.022484905195841495,0.0,40,63,True,0.0
0.0675,0.24000000000000005,-0.22000000000000003,True,False,True,True,True,True,False,33,104,31,19,-0.01108202338218689,1446.48217773442,0.018550257810805684,0.0,33,31,True,0.0
0.0675,0.26000000000000006,-0.22000000000000003,True,False,True,True,True,True,False,22,76,29,17,-0.011005682870745659,1538.1520996094227,0.030826642460983197,0.0,22,29,True,0.0
0.0675,0.2800000000000001,-0.22000000000000003,True,False,True,True,True,True,False,20,73,32,20,-0.010907687246799469,1550.8905029297357,0.011729965758413865,0.0,20,32,True,0.0
0.0675,0.3,-0.22000000000000003,True,False,True,True,True,True,False,24,74,28,16,-0.009210541844367981,1703.0886230468886,0.008324982435887423,0.0,24,28,True,0.0
0.0675,0.32,-0.22000000000000003,True,False,True,True,True,True,False,16,42,15,4,-0.007466422393918037,1002.4710693359687,0.011376029196074893,0.0,16,15,True,0.0
0.0675,0.34,-0.22000000000000003,True,False,False,False,False,False,False,2,5,0,0,0.0056332796812057495,0.0,1.4901161193847656e-08,0.0,2,0,False,0.0
0.0675,0.36000000000000004,-0.22000000000000003,True,False,False,False,False,False,False,0,0,0,0,,0.0,1.4901161193847656e-08,0.0,0,0,False,0.0
0.0675,0.38000000000000006,-0.22000000000000003,True,False,False,False,False,False,False,0,0,0,0,,0.0,1.4901161193847656e-08,0.0,0,0,False,0.0
0.0675,0.4000000000000001,-0.22000000000000003,True,False,False,False,False,False,False,0,0,0,0,,0.0,1.4901161193847656e-08,0.0,0,0,False,0.0
0.0675,0.42,-0.22000000000000003,True,False,False,False,False,False,False,0,0,0,0,,0.0,1.4901161193847656e-08,0.0,0,0,False,0.0
0.0675,-0.42,-0.2,True,False,False,False,False,False,False,0,0,0,0,,0.0,1.4901161193847656e-08,0.0,0,0,False,0.0
0.0675,-0.39999999999999997,-0.2,True,False,False,False,False,False,False,0,0,0,0,,0.0,1.4901161193847656e-08,0.0,0,0,False,0.0
0.0675,-0.38,-0.2,True,False,False,False,False,False,False,0,0,0,0,,0.0,1.4901161193847656e-08,0.0,0,0,False,0.0
0.0675,-0.36,-0.2,True,False,False,False,False,False,False,0,0,0,0,,0.0,1.4901161193847656e-08,0.0,0,0,False,0.0
0.0675,-0.33999999999999997,-0.2,True,False,False,False,False,False,False,4,14,0,0,0.006585061550140381,0.0,1.4901161193847656e-08,0.0,4,0,False,0.0
0.0675,-0.31999999999999995,-0.2,True,False,True,True,True,True,False,17,64,19,4,-0.013414919376373291,2.503580570220965,0.009113779942818305,0.0,17,19,True,0.0
0.0675,-0.3,-0.2,True,False,True,True,True,True,False,26,98,42,40,-0.022266604006290436,5005.429687500139,0.019206423839850485,0.0,26,42,True,0.0
0.0675,-0.27999999999999997,-0.2,True,False,True,True,True,True,False,26,94,42,36,-0.02226659655570984,3369.3630371094687,0.053523778926009416,0.0,26,42,True,0.0
0.0675,-0.26,-0.2,True,False,True,True,True,True,False,25,75,27,27,-0.02226659655570984,4396.804687500123,0.042221240089420145,0.0,25,27,True,0.0
0.0675,-0.24,-0.2,True,False,True,True,True,True,False,29,110,51,40,-0.02226659655570984,4441.444824218874,0.05089715201262395,0.0,29,51,True,0.0
0.0675,-0.21999999999999997,-0.2,True,False,True,True,True,True,False,36,122,62,54,-0.022266589105129242,3891.0786132813582,0.07358947302374513,0.0,36,62,True,0.0
0.0675,-0.19999999999999998,-0.2,True,False,True,True,True,True,False,36,123,55,48,-0.032612331211566925,4374.622558593872,0.0232339246249725,0.0,36,55,True,0.0
0.0675,-0.18,-0.2,True,False,True,True,True,True,False,52,164,47,38,-0.032612331211566925,4112.8432617188355,0.026080921912047642,0.0,52,47,True,0.0
0.0675,-0.15999999999999998,-0.2,True,False,True,True,True,True,False,51,179,92,75,-0.032612331211566925,4717.580566406381,0.03208478361700085,0.0,51,92,True,0.0
0.0675,-0.13999999999999996,-0.2,True,False,True,True,True,True,False,51,167,66,52,-0.032612331211566925,4612.578613281378,0.038897974872741485,0.0,51,66,True,0.0
0.0675,-0.12,-0.2,True,False,True,True,True,True,False,59,183,55,55,-0.032612331211566925,5375.196289062649,0.03666795223533013,0.0,59,55,True,0.0
0.0675,-0.09999999999999998,-0.2,True,False,True,True,True,True,False,65,220,88,71,-0.032612331211566925,7005.018643073937,0.027443644393395125,0.0,65,88,True,0.0
0.0675,-0.07999999999999996,-0.2,True,False,True,True,True,True,False,68,234,111,104,-0.027238599956035614,6562.454101562593,0.050114588653099035,0.0,68,111,True,0.0
0.0675,-0.06,-0.2,True,False,True,True,True,True,False,60,207,92,87,-0.03161613270640373,7759.23583984386,0.0303621450630178,0.0,60,92,True,0.0
0.0675,-0.03999999999999998,-0.2,True,False,True,True,True,True,False,69,235,68,68,-0.03261226415634155,6539.435058593843,0.0494830312756459,0.0,69,68,True,0.0
0.0675,-0.019999999999999962,-0.2,True,False,True,True,True,True,False,64,218,122,121,-0.03261226415634155,6027.4746093750855,0.03796906037191484,0.0,64,122,True,0.0
0.0675,0.0,-0.2,True,False,True,True,True,True,False,67,214,85,80,-0.03261226415634155,5632.07714843758,0.032030912426114486,0.0,67,85,True,0.0
0.0675,0.020000000000000018,-0.2,True,False,True,True,True,True,False,66,220,76,69,-0.03261226415634155,6023.1987304688355,0.03870782518022762,0.0,66,76,True,0.0
0.0675,0.040000000000000036,-0.2,True,False,True,True,True,True,False,71,232,79,65,-0.032612256705760956,5335.8081054688255,0.02587484985982383,0.0,71,79,True,0.0
0.0675,0.06,-0.2,True,False,True,True,True,True,False,67,238,135,123,-0.032542843371629715,8463.365234375067,0.02820542757662868,0.0,67,135,True,0.0
0.0675,0.08000000000000002,-0.2,True,False,True,True,True,True,False,68,227,91,91,-0.026311643421649933,8075.4199218750855,0.027976025632792455,0.0,68,91,True,0.0
0.0675,0.10000000000000003,-0.2,True,False,True,True,True,True,False,54,172,64,64,-0.032612234354019165,5182.711425781444,0.027602661651515134,0.0,54,64,True,0.0
0.0675,0.12000000000000005,-0.2,True,False,True,True,True,True,False,45,147,64,63,-0.032612234354019165,4328.670957135979,0.018242126805761517,0.0,45,64,True,0.0
0.0675,0.14000000000000007,-0.2,True,False,True,True,True,True,False,39,127,50,44,-0.032612234354019165,6765.646484375252,0.06171411727075992,0.0,39,50,True,0.0
0.0675,0.15999999999999998,-0.2,True,False,True,True,True,True,False,39,124,46,43,-0.032612234354019165,5006.039550781436,0.035390252930873764,0.0,39,46,True,0.0
0.0675,0.18,-0.2,True,False,True,True,True,True,False,50,157,42,34,-0.032612234354019165,6132.914062500228,0.04750858576891581,0.0,50,42,True,0.0
0.0675,0.2,-0.2,True,False,True,True,True,True,False,38,133,74,74,-0.032612234354019165,6367.275878906487,0.021424921014461588,0.0,38,74,True,0.0
0.0675,0.22000000000000003,-0.2,True,False,True,True,True,True,False,31,107,47,31,-0.02226635068655014,3067.1528320313646,0.0847552249006004,0.0,31,47,True,0.0
0.0675,0.24000000000000005,-0.2,True,False,True,True,True,True,False,19,56,21,21,-0.022266343235969543,9.404696464538649,0.018608735621274172,0.0,19,21,True,0.0
0.0675,0.26000000000000006,-0.2,True,False,True,True,True,True,False,12,39,21,21,-0.022266343235969543,5.7644295692446,0.014106172518049642,0.0,12,21,True,0.0
0.0675,0.2800000000000001,-0.2,True,False,True,True,True,True,False,12,42,24,24,-0.022266343235969543,0.0,0.018969200622901902,0.0,12,24,True,0.0
0.0675,0.3,-0.2,True,False,True,True,True,True,False,16,51,20,20,-0.022266335785388947,109.1938018798837,0.02248131419978921,0.0,16,20,True,0.0
0.0675,0.32,-0.2,True,False,True,True,True,True,False,11,34,7,4,-0.014364585280418396,1.7581150531768939,0.009921984831689589,0.0,11,7,True,0.0
0.0675,0.34,-0.2,True,False,False,False,False,False,False,1,4,0,0,0.005635425448417664,0.0,1.4901161193847656e-08,0.0,1,0,False,0.0
0.0675,0.36000000000000004,-0.2,True,False,False,False,False,False,False,0,0,0,0,,0.0,1.4901161193847656e-08,0.0,0,0,False,0.0
0.0675,0.38000000000000006,-0.2,True,False,False,False,False,False,False,0,0,0,0,,0.0,1.4901161193847656e-08,0.0,0,0,False,0.0
0.0675,0.4000000000000001,-0.2,True,False,False,False,False,False,False,0,0,0,0,,0.0,1.4901161193847656e-08,0.0,0,0,False,0.0
0.0675,0.42,-0.2,True,False,False,False,False,False,False,0,0,0,0,,0.0,1.4901161193847656e-08,0.0,0,0,False,0.0
0.0675,-0.42,-0.18000000000000002,True,False,False,False,False,False,False,0,0,0,0,,0.0,1.4901161193847656e-08,0.0,0,0,False,0.0
0.0675,-0.39999999999999997,-0.18000000000000002,True,False,False,False,False,False,False,0,0,0,0,,0.0,1.4901161193847656e-08,0.0,0,0,False,0.0
0.0675,-0.38,-0.18000000000000002,True,False,False,False,False,False,False,0,0,0,0,,0.0,1.4901161193847656e-08,0.0,0,0,False,0.0
0.0675,-0.36,-0.18000000000000002,True,False,False,False,False,False,False,0,0,0,0,,0.0,1.4901161193847656e-08,0.0,0,0,False,0.0
0.0675,-0.33999999999999997,-0.18000000000000002,True,False,False,False,False,False,False,8,21,0,0,0.006585761904716492,0.0,1.4901161193847656e-08,0.0,8,0,False,0.0
0.0675,-0.31999999999999995,-0.18000000000000002,True,False,True,True,True,True,False,35,117,30,4,-0.007847398519515991,945.6924438476758,0.004811344145317574,0.0,35,30,True,0.0
0.0675,-0.3,-0.18000000000000002,True,False,True,True,True,True,False,49,158,56,40,-0.01102239266037941,4001.5788574219864,0.030946010199489594,0.0,48,55,True,0.0
0.0675,-0.27999999999999997,-0.18000000000000002,True,False,True,True,True,True,False,47,157,54,36,-0.010897196829319,3437.0590820313455,0.019902142051615706,0.0,47,54,True,0.0
0.0675,-0.26,-0.18000000000000002,True,False,True,True,True,True,False,48,146,39,27,-0.011027923785150051,3819.3002929688564,0.023943656444453582,0.0,48,39,True,0.0
0.0675,-0.24,-0.18000000000000002,False,True,True,True,True,False,False,49,171,57,40,-0.01110897958278656,3725.4707031251037,0.038185898462677725,0.0,49,57,True,0.0
0.0675,-0.21999999999999997,-0.18000000000000002,False,True,True,True,True,False,False,54,179,72,54,-0.01649262011051178,4760.848144531284,0.01457718013960245,0.0,54,72,True,0.0
0.0675,-0.19999999999999998,-0.18000000000000002,False,True,True,True,True,False,False,55,180,69,48,-0.035689130425453186,10192.105468750073,0.024018914208036098,0.0,55,69,True,0.0
0.0675,-0.18,-0.18000000000000002,False,True,True,True,True,False,False,77,235,61,40,-0.042627111077308655,8015.519531250057,0.011037711048848117,0.0,77,61,True,0.0
0.0675,-0.15999999999999998,-0.18000000000000002,False,True,True,True,True,False,False,73,247,105,76,-0.04479855298995972,9641.5429687502,0.009311650995923444,0.0,73,105,True,0.0
0.0675,-0.13999999999999996,-0.18000000000000002,False,True,True,True,True,False,False,74,224,79,53,-0.04479855298995972,10105.16894531271,0.012568343883886706,0.0,74,79,True,0.0
0.0675,-0.12,-0.18000000000000002,False,True,True,True,True,False,False,87,279,77,57,-0.04136936366558075,8139.546386718807,0.025606009445389603,0.0,87,77,True,0.0
0.0675,-0.09999999999999998,-0.18000000000000002,False,True,True,True,True,False,False,96,310,97,72,-0.039960116147994995,5788.286621093911,0.006352533188245498,0.0,96,97,True,0.0
0.0675,-0.07999999999999996,-0.18000000000000002,False,True,True,True,True,False,False,96,320,119,100,-0.02602490782737732,6197.442382812588,0.028444921703906074,0.0,96,119,True,0.0
0.0675,-0.06,-0.18000000000000002,False,True,True,True,True,False,False,82,280,104,89,-0.030384596437215805,8641.729492187593,0.008469363500262445,0.0,82,104,True,0.0
0.0675,-0.03999999999999998,-0.18000000000000002,False,True,True,True,True,False,False,94,310,82,70,-0.039960190653800964,7912.748046875085,0.005953263458583914,0.0,94,82,True,0.0
0.0675,-0.019999999999999962,-0.18000000000000002,False,True,True,True,True,False,False,91,306,131,122,-0.04479847475886345,7267.793945312577,0.015133491480297242,0.0,91,131,True,0.0
0.0675,0.0,-0.18000000000000002,False,True,True,True,True,False,False,93,298,94,81,-0.04479847475886345,6684.051757812595,0.009774149722121242,0.0,93,94,True,0.0
0.0675,0.020000000000000018,-0.18000000000000002,False,True,True,True,True,False,False,91,299,89,70,-0.04479847103357315,10960.416015625116,0.015492141513364635,0.0,91,89,True,0.0
0.0675,0.040000000000000036,-0.18000000000000002,False,True,True,True,True,False,False,100,320,92,66,-0.039960190653800964,5593.52685546881,0.006613341920756917,0.0,100,92,True,0.0
0.0675,0.06,-0.18000000000000002,False,True,True,True,True,False,False,95,326,143,123,-0.03132915124297142,8055.188476562565,0.011962282737599875,0.0,95,143,True,0.0
0.0675,0.08000000000000002,-0.18000000000000002,False,True,True,True,True,False,False,90,300,99,91,-0.02508009970188141,5539.255859375079,0.01891380547393001,0.0,90,99,True,0.0
0.0675,0.10000000000000003,-0.18000000000000002,False,True,True,True,True,False,False,82,261,74,66,-0.03996020555496216,8180.3701171875655,0.011524868143331214,0.0,82,74,True,0.0
0.0675,0.12000000000000005,-0.18000000000000002,False,True,True,True,True,False,False,73,232,77,64,-0.04479845240712166,5882.430175781433,0.004941324118983157,0.0,73,77,True,0.0
0.0675,0.14000000000000007,-0.18000000000000002,False,True,True,True,True,False,False,62,184,63,45,-0.04479845240712166,7900.017089843996,0.017593713037300104,0.0,62,63,True,0.0
0.0675,0.15999999999999998,-0.18000000000000002,False,True,True,True,True,False,False,54,170,60,44,-0.04479845240712166,9421.289062500293,0.007973973771239706,0.0,54,60,True,0.0
0.0675,0.18,-0.18000000000000002,False,True,True,True,True,False,False,67,221,55,35,-0.03996022045612335,6954.7329101563055,0.015360549522084068,0.0,67,55,True,0.0
0.0675,0.2,-0.18000000000000002,False,True,True,True,True,False,False,62,212,87,75,-0.036633625626564026,6729.746055256807,0.019571544064452086,0.0,62,87,True,0.0
0.0675,0.22000000000000003,-0.18000000000000002,False,True,True,True,True,False,False,49,165,59,31,-0.016633614897727966,4087.6367187501523,0.03306390437457513,0.0,49,59,True,0.0
0.0675,0.24000000000000005,-0.18000000000000002,False,True,True,True,True,False,False,40,122,27,21,-0.011082029901444912,1179.7094726562866,0.015891484172604893,0.0,40,27,True,0.0
0.0675,0.26000000000000006,-0.18000000000000002,True,False,True,True,True,True,False,32,110,33,21,-0.011005688458681107,1430.2851562500443,0.01355636988907059,0.0,32,33,True,0.0
0.0675,0.2800000000000001,-0.18000000000000002,True,False,True,True,True,True,False,26,97,36,24,-0.010907687246799469,1441.2370605469198,0.017695882356817405,0.0,26,36,True,0.0
0.0675,0.3,-0.18000000000000002,True,False,True,True,True,True,False,35,110,32,20,-0.009384393692016602,1776.369873046889,0.010740803493609181,0.0,36,32,True,0.0
0.0675,0.32,-0.18000000000000002,True,False,True,True,True,True,False,34,85,16,4,-0.007847495377063751,1017.4059448242504,0.0028318906516007153,0.0,34,16,True,0.0
0.0675,0.34,-0.18000000000000002,True,False,False,False,False,False,False,7,22,0,0,0.005637571215629578,0.0,1.4901161193847656e-08,0.0,7,0,False,0.0
0.0675,0.36000000000000004,-0.18000000000000002,True,False,False,False,False,False,False,0,0,0,0,,0.0,1.4901161193847656e-08,0.0,0,0,False,0.0
0.0675,0.38000000000000006,-0.18000000000000002,True,False,False,False,False,False,False,0,0,0,0,,0.0,1.4901161193847656e-08,0.0,0,0,False,0.0
0.0675,0.4000000000000001,-0.18000000000000002,True,False,False,False,False,False,False,0,0,0,0,,0.0,1.4901161193847656e-08,0.0,0,0,False,0.0
0.0675,0.42,-0.18000000000000002,True,False,False,False,False,False,False,0,0,0,0,,0.0,1.4901161193847656e-08,0.0,0,0,False,0.0
0.0675,-0.42,-0.16000000000000003,True,False,False,False,False,False,False,0,0,0,0,,0.0,1.4901161193847656e-08,0.0,0,0,False,0.0
0.0675,-0.39999999999999997,-0.16000000000000003,True,False,False,False,False,False,False,0,0,0,0,,0.0,1.4901161193847656e-08,0.0,0,0,False,0.0
0.0675,-0.38,-0.16000000000000003,True,False,False,False,False,False,False,0,0,0,0,,0.0,1.4901161193847656e-08,0.0,0,0,False,0.0
0.0675,-0.36,-0.16000000000000003,True,False,False,False,False,False,False,0,0,0,0,,0.0,1.4901161193847656e-08,0.0,0,0,False,0.0
0.0675,-0.33999999999999997,-0.16000000000000003,True,False,False,False,False,False,False,18,50,0,0,0.006582513451576233,0.0,1.4901161193847656e-08,0.0,18,0,False,0.0
0.0675,-0.31999999999999995,-0.16000000000000003,True,False,True,True,True,True,False,48,166,54,25,-0.013417467474937439,1993.3292236328743,0.0025311903875349104,0.0,48,54,True,0.0
0.0675,-0.3,-0.16000000000000003,True,False,True,True,True,True,False,61,212,88,64,-0.01936107873916626,3775.78930664073,0.01762502288846183,0.0,61,88,True,0.0
0.0675,-0.27999999999999997,-0.16000000000000003,True,False,True,True,True,True,False,60,196,75,61,-0.01936107873916626,4356.768554687621,0.03928134262529963,0.0,60,75,True,0.0
0.0675,-0.26,-0.16000000000000003,True,False,True,True,True,True,False,57,176,65,52,-0.01936107873916626,5551.830559052181,0.03824485105559116,0.0,57,65,True,0.0
0.0675,-0.24,-0.16000000000000003,False,True,True,True,True,False,False,62,218,103,84,-0.01936107873916626,5578.511718750208,0.029688895489506158,0.0,62,103,True,0.0
0.0675,-0.21999999999999997,-0.16000000000000003,False,True,True,True,True,False,False,73,252,100,79,-0.01936107873916626,5611.059082031459,0.017471681903179884,0.0,73,100,True,0.0
0.0675,-0.19999999999999998,-0.16000000000000003,False,True,True,True,True,False,False,76,265,89,77,-0.021395549178123474,8074.593261718807,0.013327507410263723,0.0,76,89,True,0.0
0.0675,-0.18,-0.16000000000000003,False,True,True,True,True,False,False,95,318,95,79,-0.02537117898464203,6819.827636719004,0.0067218097055099955,0.0,95,95,True,0.0
0.0675,-0.15999999999999998,-0.16000000000000003,False,True,True,True,True,False,False,91,320,137,106,-0.02537117898464203,5913.044433593915,0.00860203700427008,0.0,91,137,True,0.0
0.0675,-0.13999999999999996,-0.16000000000000003,False,True,True,True,True,False,False,98,314,101,79,-0.02537117898464203,4401.598144531415,0.005806566582221107,0.0,98,101,True,0.0
0.0675,-0.12,-0.16000000000000003,False,True,True,True,True,False,False,114,373,119,94,-0.02537117898464203,4722.355468750131,0.005898677543333761,0.0,114,119,True,0.0
0.0675,-0.09999999999999998,-0.16000000000000003,False,True,True,True,True,False,False,126,430,159,120,-0.020155668258666992,6999.352539062549,0.0076654674889800245,0.0,126,159,True,0.0
0.0675,-0.07999999999999996,-0.16000000000000003,False,True,True,True,True,False,False,123,421,175,144,-0.019960105419158936,4528.1186523438755,0.003151511061402399,0.0,123,175,True,0.0
0.0675,-0.06,-0.16000000000000003,False,True,True,True,True,False,False,109,381,148,129,-0.019960179924964905,4783.565917968801,0.004248575372775836,0.0,109,148,True,0.0
0.0675,-0.03999999999999998,-0.16000000000000003,False,True,True,True,True,False,False,114,405,124,108,-0.025371253490447998,4558.825064309831,0.013343427245543703,0.0,114,124,True,0.0
0.0675,-0.019999999999999962,-0.16000000000000003,False,True,True,True,True,False,False,109,385,192,175,-0.025371253490447998,4250.31689453131,0.007963178673450243,0.0,109,192,True,0.0
0.0675,0.0,-0.16000000000000003,False,True,True,True,True,False,False,110,380,147,122,-0.025371253490447998,4510.104492187668,0.009307338974504425,0.0,110,147,True,0.0
0.0675,0.020000000000000018,-0.16000000000000003,False,True,True,True,True,False,False,115,396,130,107,-0.025371253490447998,4086.3605957032773,0.004889064008596117,0.0,115,130,True,0.0
0.0675,0.040000000000000036,-0.16000000000000003,False,True,True,True,True,False,False,122,415,136,102,-0.025371260941028595,6825.677246093823,0.012795504482516422,0.0,122,136,True,0.0
0.0675,0.06,-0.16000000000000003,False,True,True,True,True,False,False,118,419,207,171,-0.0199601873755455,5774.469238281332,0.001921713405484113,0.0,118,207,True,0.0
0.0675,0.08000000000000002,-0.16000000000000003,False,True,True,True,True,False,False,120,415,147,131,-0.0199601948261261,5144.980468750192,0.008014283494518966,0.0,120,147,True,0.0
0.0675,0.10000000000000003,-0.16000000000000003,False,True,True,True,True,False,False,106,359,131,115,-0.025371268391609192,4816.513671875179,0.016167795306683927,0.0,106,131,True,0.0
0.0675,0.12000000000000005,-0.16000000000000003,False,True,True,True,True,False,False,94,315,125,103,-0.025371268391609192,6122.729492187728,0.006891246895033742,0.0,94,125,True,0.0
0.0675,0.14000000000000007,-0.16000000000000003,False,True,True,True,True,False,False,77,266,88,74,-0.025371268391609192,5539.7900390627065,0.010838956069427974,0.0,77,88,True,0.0
0.0675,0.15999999999999998,-0.16000000000000003,False,True,True,True,True,False,False,73,245,80,72,-0.025371268391609192,6466.881300511603,0.007962278716513397,0.0,73,80,True,0.0
0.0675,0.18,-0.16000000000000003,False,True,True,True,True,False,False,94,323,85,73,-0.025371268391609192,5677.88818359381,0.004320666370208519,0.0,94,85,True,0.0
0.0675,0.2,-0.16000000000000003,False,True,True,True,True,False,False,79,285,135,119,-0.0199601948261261,5686.891113281462,0.008582795680028456,0.0,79,135,True,0.0
0.0675,0.22000000000000003,-0.16000000000000003,False,True,True,True,True,False,False,70,243,84,59,-0.0193609818816185,6757.895507812752,0.03481203859356967,0.0,70,84,True,0.0
0.0675,0.24000000000000005,-0.16000000000000003,False,True,True,True,True,False,False,54,182,72,64,-0.0193609818816185,4376.281491686756,0.009528208723120714,0.0,54,72,True,0.0
0.0675,0.26000000000000006,-0.16000000000000003,True,False,True,True,True,True,False,38,134,63,48,-0.0193609818816185,5619.162597656459,0.024669639274901938,0.0,38,63,True,0.0
0.0675,0.2800000000000001,-0.16000000000000003,True,False,True,True,True,True,False,37,129,57,49,-0.0193609818816185,3774.1806640626405,0.011518594783970219,0.0,37,57,True,0.0
0.0675,0.3,-0.16000000000000003,True,False,True,True,True,True,False,43,142,56,48,-0.0193609818816185,3214.371582031276,0.011246755691954971,0.0,43,56,True,0.0
0.0675,0.32,-0.16000000000000003,True,False,True,True,True,True,False,40,129,39,28,-0.015396416187286377,1383.0638427734891,0.012040792796779673,0.0,40,39,True,0.0
0.0675,0.34,-0.16000000000000003,True,False,False,False,False,False,False,13,31,0,0,0.00460362434387207,0.0,1.4901161193847656e-08,0.0,13,0,False,0.0
0.0675,0.36000000000000004,-0.16000000000000003,True,False,False,False,False,False,False,0,0,0,0,,0.0,1.4901161193847656e-08,0.0,0,0,False,0.0
0.0675,0.38000000000000006,-0.16000000000000003,True,False,False,False,False,False,False,0,0,0,0,,0.0,1.4901161193847656e-08,0.0,0,0,False,0.0
0.0675,0.4000000000000001,-0.16000000000000003,True,False,False,False,False,False,False,0,0,0,0,,0.0,1.4901161193847656e-08,0.0,0,0,False,0.0
0.0675,0.42,-0.16000000000000003,True,False,False,False,False,False,False,0,0,0,0,,0.0,1.4901161193847656e-08,0.0,0,0,False,0.0
0.0675,-0.42,-0.14,True,False,False,False,False,False,False,0,0,0,0,,0.0,1.4901161193847656e-08,0.0,0,0,False,0.0
0.0675,-0.39999999999999997,-0.14,True,False,False,False,False,False,False,0,0,0,0,,0.0,1.4901161193847656e-08,0.0,0,0,False,0.0
0.0675,-0.38,-0.14,True,False,False,False,False,False,False,0,0,0,0,,0.0,1.4901161193847656e-08,0.0,0,0,False,0.0
0.0675,-0.36,-0.14,True,False,False,False,False,False,False,0,0,0,0,,0.0,1.4901161193847656e-08,0.0,0,0,False,0.0
0.0675,-0.33999999999999997,-0.14,True,False,False,False,False,False,False,17,56,0,0,0.006579697132110596,0.0,1.4901161193847656e-08,0.0,17,0,False,0.0
0.0675,-0.31999999999999995,-0.14,True,False,True,True,True,True,False,46,164,58,33,-0.013420283794403076,7777.14977034289,0.015959630898254733,0.0,46,58,True,0.0
0.0675,-0.3,-0.14,True,False,True,True,True,True,False,58,208,88,68,-0.017950795590877533,4550.242675781391,0.013132971366753905,0.0,58,88,True,0.0
0.0675,-0.27999999999999997,-0.14,True,False,True,True,True,True,False,53,185,75,65,-0.017950795590877533,4232.511718750158,0.03249581428571945,0.0,53,75,True,0.0
0.0675,-0.26,-0.14,True,False,True,True,True,True,False,54,177,63,56,-0.017950795590877533,4583.027832031377,0.038818332792477275,0.0,54,63,True,0.0
0.0675,-0.24,-0.14,False,True,True,True,True,False,False,63,220,94,79,-0.017950795590877533,6052.255371093798,0.020029468737793467,0.0,63,94,True,0.0
0.0675,-0.21999999999999997,-0.14,False,True,True,True,True,False,False,79,260,112,93,-0.017950795590877533,7688.906738281312,0.005647392087797316,0.0,79,112,True,0.0
0.0675,-0.19999999999999998,-0.14,False,True,True,True,True,False,False,90,289,119,92,-0.02027258276939392,8111.810058593808,0.017521286652709734,0.0,90,119,True,0.0
0.0675,-0.18,-0.14,False,True,True,True,True,False,False,110,365,103,78,-0.017099782824516296,4883.283691406432,0.0065134796690074,0.0,110,103,True,0.0
0.0675,-0.15999999999999998,-0.14,False,True,True,True,True,False,False,100,345,156,114,-0.0179508775472641,4330.764160156411,0.009430756879923285,0.0,100,156,True,0.0
0.0675,-0.13999999999999996,-0.14,False,True,True,True,True,False,False,106,348,120,87,-0.0179508775472641,4688.54150390638,0.009061038209640401,0.0,106,120,True,0.0
0.0675,-0.12,-0.14,False,True,True,True,True,False,False,119,380,138,111,-0.0179508775472641,4836.526855468885,0.010705944771104925,0.0,119,138,True,0.0
0.0675,-0.09999999999999998,-0.14,False,True,True,True,True,False,False,139,464,181,138,-0.0179508775472641,6071.740722656298,0.003949836285052894,0.0,139,181,True,0.0
0.0675,-0.07999999999999996,-0.14,False,True,True,True,True,False,False,144,497,188,159,-0.0179508775472641,4225.070312500131,0.0104364274081667,0.0,144,188,True,0.0
0.0675,-0.06,-0.14,False,True,True,True,True,False,False,132,432,181,148,-0.017950884997844696,4881.305175781302,0.00393574871938553,0.0,132,181,True,0.0
0.0675,-0.03999999999999998,-0.14,False,True,True,True,True,False,False,146,494,143,118,-0.017099782824516296,4747.667035492846,0.01557109062241785,0.0,146,143,True,0.0
0.0675,-0.019999999999999962,-0.14,False,True,True,True,True,False,False,132,445,211,187,-0.017950892448425293,4225.49267578131,0.010140699784395036,0.0,132,211,True,0.0
0.0675,0.0,-0.14,False,True,True,True,True,False,False,135,446,166,134,-0.017950892448425293,6140.51611328144,0.010276246171933583,0.0,135,166,True,0.0
0.0675,0.020000000000000018,-0.14,False,True,True,True,True,False,False,131,440,161,127,-0.017950892448425293,4316.206542968885,0.014628758001353886,0.0,131,161,True,0.0
0.0675,0.040000000000000036,-0.14,False,True,True,True,True,False,False,142,463,155,118,-0.017950892448425293,4915.131835937653,0.007679257825578533,0.0,142,155,True,0.0
0.0675,0.06,-0.14,False,True,True,True,True,False,False,138,475,225,180,-0.017950892448425293,4708.1665039064255,0.000714302824777723,0.0,138,225,True,0.0
0.0675,0.08000000000000002,-0.14,False,True,True,True,True,False,False,147,483,180,149,-0.017950892448425293,4751.596679687538,0.004939831871964843,0.0,147,180,True,0.0
0.0675,0.10000000000000003,-0.14,False,True,True,True,True,False,False,132,422,154,131,-0.0170997753739357,5106.59179687519,0.0022243537751169573,0.0,132,154,True,0.0
0.0675,0.12000000000000005,-0.14,False,True,True,True,True,False,False,109,364,138,110,-0.01570059359073639,4627.833007812673,0.009390129675524779,0.0,109,138,True,0.0
0.0675,0.14000000000000007,-0.14,False,True,True,True,True,False,False,92,299,107,82,-0.015162423253059387,6686.127929687554,0.008819460007755726,0.0,92,107,True,0.0
0.0675,0.15999999999999998,-0.14,False,True,True,True,True,False,False,93,289,110,80,-0.015867929905653,6785.45045620154,0.00929470375031963,0.0,93,110,True,0.0
0.0675,0.18,-0.14,False,True,True,True,True,False,False,110,355,106,81,-0.015914730727672577,6044.655273437726,0.003891964768790677,0.0,110,106,True,0.0
0.0675,0.2,-0.14,False,True,True,True,True,False,False,94,310,152,129,-0.015914730727672577,5953.711914062547,0.005875092247387582,0.0,94,152,True,0.0
0.0675,0.22000000000000003,-0.14,False,True,True,True,True,False,False,80,265,110,81,-0.017568565905094147,4976.5161132814355,0.008767972446230829,0.0,80,110,True,0.0
0.0675,0.24000000000000005,-0.14,False,True,True,True,True,False,False,60,188,79,60,-0.01930008828639984,5116.475585937659,0.03065544251538742,0.0,60,79,True,0.0
0.0675,0.26000000000000006,-0.14,True,False,True,True,True,True,False,47,148,59,52,-0.01591140404343605,4957.087890625185,0.01816772156482631,0.0,47,59,True,0.0
0.0675,0.2800000000000001,-0.14,True,False,True,True,True,True,False,42,138,57,53,-0.01583506166934967,5224.004882812695,0.01383678163496524,0.0,42,57,True,0.0
0.0675,0.3,-0.14,True,False,True,True,True,True,False,50,146,56,52,-0.015162445604801178,4041.6120605469073,0.015448318799467757,0.0,50,56,True,0.0
0.0675,0.32,-0.14,True,False,True,True,True,True,False,40,137,43,36,-0.015396416187286377,6901.1044921875555,0.020533172778511844,0.0,40,43,True,0.0
0.0675,0.34,-0.14,True,False,False,False,False,False,False,16,44,0,0,0.004430562257766724,0.0,1.4901161193847656e-08,0.0,16,0,False,0.0
0.0675,0.36000000000000004,-0.14,True,False,False,False,False,False,False,0,0,0,0,,0.0,1.4901161193847656e-08,0.0,0,0,False,0.0
0.0675,0.38000000000000006,-0.14,True,False,False,False,False,False,False,0,0,0,0,,0.0,1.4901161193847656e-08,0.0,0,0,False,0.0
0.0675,0.4000000000000001,-0.14,True,False,False,False,False,False,False,0,0,0,0,,0.0,1.4901161193847656e-08,0.0,0,0,False,0.0
0.0675,0.42,-0.14,True,False,False,False,False,False,False,0,0,0,0,,0.0,1.4901161193847656e-08,0.0,0,0,False,0.0
0.0675,-0.42,-0.12000000000000002,True,False,False,False,False,False,False,0,0,0,0,,0.0,1.4901161193847656e-08,0.0,0,0,False,0.0
0.0675,-0.39999999999999997,-0.12000000000000002,True,False,False,False,False,False,False,0,0,0,0,,0.0,1.4901161193847656e-08,0.0,0,0,False,0.0
0.0675,-0.38,-0.12000000000000002,True,False,False,False,False,False,False,0,0,0,0,,0.0,1.4901161193847656e-08,0.0,0,0,False,0.0
0.0675,-0.36,-0.12000000000000002,True,False,False,False,False,False,False,0,0,0,0,,0.0,1.4901161193847656e-08,0.0,0,0,False,0.0
0.0675,-0.33999999999999997,-0.12000000000000002,True,False,False,False,False,False,False,18,63,0,0,0.006583452224731445,0.0,1.4901161193847656e-08,0.0,18,0,False,0.0
0.0675,-0.31999999999999995,-0.12000000000000002,True,False,True,True,True,True,False,59,183,70,33,-0.013416588306427002,6098.665920093831,0.012401925691979742,0.0,59,70,True,0.0
0.0675,-0.3,-0.12000000000000002,True,False,True,True,True,True,False,79,258,104,68,-0.020959846675395966,5762.858398437715,0.004323769529479935,0.0,79,104,True,0.0
0.0675,-0.27999999999999997,-0.12000000000000002,True,False,True,True,True,True,False,72,237,87,65,-0.02095986157655716,4807.8736155624365,0.02999345408254563,0.0,72,87,True,0.0
0.0675,-0.26,-0.12000000000000002,True,False,True,True,True,True,False,71,218,79,56,-0.02095986157655716,9375.87011718785,0.06411400175746827,0.0,71,79,True,0.0
0.0675,-0.24,-0.12000000000000002,False,True,True,True,True,False,False,83,284,117,85,-0.02095986157655716,6983.763671875194,0.0172679478017346,0.0,83,121,True,0.0
0.0675,-0.21999999999999997,-0.12000000000000002,False,True,True,True,True,False,False,96,322,140,109,-0.02095986157655716,6706.1489257815,0.008824480590600781,0.0,96,140,True,0.0
0.0675,-0.19999999999999998,-0.12000000000000002,False,True,True,True,True,False,False,109,352,143,94,-0.02095986157655716,6866.254394531441,0.0041085645641512954,0.0,109,143,True,0.0
0.0675,-0.18,-0.12000000000000002,False,True,True,True,True,False,False,143,440,153,114,-0.02095986157655716,7097.495117187765,0.00692391459389279,0.0,143,153,True,0.0
0.0675,-0.15999999999999998,-0.12000000000000002,False,True,True,True,True,False,False,139,476,189,134,-0.020959876477718353,7233.55615234402,0.017324734157328246,0.0,139,193,True,0.0
0.0675,-0.13999999999999996,-0.12000000000000002,False,True,True,True,True,False,False,148,448,149,107,-0.020959876477718353,5924.309570312665,0.006694908593173592,0.0,148,149,True,0.0
0.0675,-0.12,-0.12000000000000002,False,True,True,True,True,False,False,165,503,168,131,-0.020959876477718353,4908.260253906289,0.00997590813010136,0.0,165,168,True,0.0
0.0675,-0.09999999999999998,-0.12000000000000002,False,True,True,True,True,False,False,191,612,215,161,-0.020959876477718353,8730.36914062507,0.008268727457943542,0.0,191,215,True,0.0
0.0675,-0.07999999999999996,-0.12000000000000002,False,True,True,True,True,False,False,191,632,239,183,-0.020959876477718353,5561.459960937673,0.017933999877906767,0.0,191,243,True,0.0
0.0675,-0.06,-0.12000000000000002,False,True,True,True,True,False,False,170,573,231,170,-0.020959876477718353,5471.393066406308,0.008661108162629001,0.0,170,231,True,0.0
0.0675,-0.03999999999999998,-0.12000000000000002,False,True,True,True,True,False,False,187,611,208,166,-0.020959876477718353,5384.822265625167,0.010428256890016207,0.0,188,208,True,0.0
0.0675,-0.019999999999999962,-0.12000000000000002,False,True,True,True,True,False,False,182,621,266,215,-0.020959891378879547,5841.150390625083,0.004916596163595611,0.0,182,266,True,0.0
0.0675,0.0,-0.12000000000000002,False,True,True,True,True,False,False,192,619,222,162,-0.020959891378879547,4494.476562500064,0.012902390538683734,0.0,192,222,True,0.0
0.0675,0.020000000000000018,-0.12000000000000002,False,True,True,True,True,False,False,176,562,194,148,-0.020959891378879547,7317.952148437773,0.0136974796879385,0.0,175,194,True,0.0
0.0675,0.040000000000000036,-0.12000000000000002,False,True,True,True,True,False,False,200,620,191,136,-0.020959891378879547,5080.812500000189,0.015267219025956931,0.0,200,191,True,0.0
0.0675,0.06,-0.12000000000000002,False,True,True,True,True,False,False,184,623,281,201,-0.020959891378879547,6878.5512695315065,0.013929077974659991,0.0,184,285,True,0.0
0.0675,0.08000000000000002,-0.12000000000000002,False,True,True,True,True,False,False,180,603,223,173,-0.020959891378879547,6983.331542968849,0.004856398066205388,0.0,180,223,True,0.0
0.0675,0.10000000000000003,-0.12000000000000002,False,True,True,True,True,False,False,174,553,212,167,-0.020959876477718353,8468.588763138257,0.008495263773792722,0.0,174,212,True,0.0
0.0675,0.12000000000000005,-0.12000000000000002,False,True,True,True,True,False,False,146,483,189,138,-0.020959876477718353,5632.33496093771,0.01037332655496134,0.0,146,189,True,0.0
0.0675,0.14000000000000007,-0.12000000000000002,False,True,True,True,True,False,False,133,422,144,110,-0.020959876477718353,5655.17968750008,0.010462127136804748,0.0,133,148,True,0.0
0.0675,0.15999999999999998,-0.12000000000000002,False,True,True,True,True,False,False,118,358,140,109,-0.020959876477718353,5716.641568707804,0.009392107635260352,0.0,118,140,True,0.0
0.0675,0.18,-0.12000000000000002,False,True,True,True,True,False,False,148,454,132,100,-0.020959891378879547,6615.7949218752465,0.004581573206513502,0.0,148,132,True,0.0
0.0675,0.2,-0.12000000000000002,False,True,True,True,True,False,False,119,406,182,149,-0.020959891378879547,5649.540039062711,0.004739221677864979,0.0,119,182,True,0.0
0.0675,0.22000000000000003,-0.12000000000000002,False,True,True,True,True,False,False,94,315,132,88,-0.020959891378879547,6261.031738281483,0.009406581772017678,0.0,94,132,True,0.0
0.0675,0.24000000000000005,-0.12000000000000002,False,True,True,True,True,False,False,73,239,99,78,-0.020959891378879547,6554.672363281495,0.04488717931556771,0.0,73,99,True,0.0
0.0675,0.26000000000000006,-0.12000000000000002,True,False,True,True,True,True,False,59,196,83,60,-0.020959891378879547,6963.449218750259,0.01972811456523851,0.0,59,83,True,0.0
0.0675,0.2800000000000001,-0.12000000000000002,True,False,True,True,True,True,False,60,199,77,61,-0.020959891378879547,6906.264160156507,0.01949508555164581,0.0,60,77,True,0.0
0.0675,0.3,-0.12000000000000002,True,False,True,True,True,True,False,60,190,76,60,-0.02095990628004074,6105.616210937727,0.03864563560173924,0.0,60,76,True,0.0
0.0675,0.32,-0.12000000000000002,True,False,True,True,True,True,False,45,149,48,40,-0.015396416187286377,6136.40208213059,0.016286237036784695,0.0,45,48,True,0.0
0.0675,0.34,-0.12000000000000002,True,False,False,False,False,False,False,14,44,0,0,0.004430562257766724,0.0,1.4901161193847656e-08,0.0,14,0,False,0.0
0.0675,0.36000000000000004,-0.12000000000000002,True,False,False,False,False,False,False,0,0,0,0,,0.0,1.4901161193847656e-08,0.0,0,0,False,0.0
0.0675,0.38000000000000006,-0.12000000000000002,True,False,False,False,False,False,False,0,0,0,0,,0.0,1.4901161193847656e-08,0.0,0,0,False,0.0
0.0675,0.4000000000000001,-0.12000000000000002,True,False,False,False,False,False,False,0,0,0,0,,0.0,1.4901161193847656e-08,0.0,0,0,False,0.0
0.0675,0.42,-0.12000000000000002,True,False,False,False,False,False,False,0,0,0,0,,0.0,1.4901161193847656e-08,0.0,0,0,False,0.0
0.0675,-0.42,-0.10000000000000003,True,False,False,False,False,False,False,0,0,0,0,,0.0,1.5017576543430167e-08,0.0,0,0,False,0.0
0.0675,-0.39999999999999997,-0.10000000000000003,True,False,False,False,False,False,False,0,0,0,0,,0.0,1.5017576543430167e-08,0.0,0,0,False,0.0
0.0675,-0.38,-0.10000000000000003,True,False,False,False,False,False,False,0,0,0,0,,0.0,1.5017576543430167e-08,0.0,0,0,False,0.0
0.0675,-0.36,-0.10000000000000003,True,False,False,False,False,False,False,0,0,0,0,,0.0,1.5017576543430167e-08,0.0,0,0,False,0.0
0.0675,-0.33999999999999997,-0.10000000000000003,True,False,False,False,False,False,False,18,57,0,0,0.006583452224731445,0.0,1.5017576543430167e-08,0.0,18,0,False,0.0
0.0675,-0.31999999999999995,-0.10000000000000003,True,False,True,True,True,True,False,61,205,72,41,-0.013416588306427002,3271.782710036445,0.0076617287485759925,0.0,61,72,True,0.0
0.0675,-0.3,-0.10000000000000003,True,False,True,True,True,True,False,83,294,123,99,-0.020959846675395966,4051.7848189369142,0.01144820671989251,0.0,83,123,True,0.0
0.0675,-0.27999999999999997,-0.10000000000000003,True,False,True,True,True,True,False,78,274,118,103,-0.020959846675395966,4061.6940917970264,0.040665719814679285,0.0,78,118,True,0.0
0.0675,-0.26,-0.10000000000000003,True,False,True,True,True,True,False,78,260,102,91,-0.02095986157655716,6087.458496093977,0.02726051041181593,0.0,78,102,True,0.0
0.0675,-0.24,-0.10000000000000003,False,True,True,True,True,False,False,84,303,151,122,-0.02095986157655716,6022.849121093917,0.0109834670612274,0.0,84,151,True,0.0
0.0675,-0.21999999999999997,-0.10000000000000003,False,True,True,True,True,False,False,92,327,154,135,-0.02095986157655716,8024.850585937799,0.014669088878007492,0.0,92,154,True,0.0
0.0675,-0.19999999999999998,-0.10000000000000003,False,True,True,True,True,False,False,105,344,143,110,-0.02095986157655716,7233.349609375052,0.015270881404595392,0.0,105,143,True,0.0
0.0675,-0.18,-0.10000000000000003,False,True,True,True,True,False,False,144,472,127,102,-0.02095986157655716,4629.106445312673,0.0067235665704573335,0.0,144,127,True,0.0
0.0675,-0.15999999999999998,-0.10000000000000003,False,True,True,True,True,False,False,148,509,224,174,-0.02095986157655716,5887.000000000164,0.014681373158653185,0.0,148,224,True,0.0
0.0675,-0.13999999999999996,-0.10000000000000003,False,True,True,True,True,False,False,156,506,176,144,-0.020959876477718353,4334.961914062662,0.009392001921311134,0.0,156,176,True,0.0
0.0675,-0.12,-0.10000000000000003,False,True,True,True,True,False,False,175,570,182,157,-0.020959876477718353,6566.854003906495,0.014155854816613868,0.0,175,182,True,0.0
0.0675,-0.09999999999999998,-0.10000000000000003,False,True,True,True,True,False,False,188,658,250,203,-0.020959876477718353,6855.7221585525,0.009272474137997894,0.0,187,250,True,0.0
0.0675,-0.07999999999999996,-0.10000000000000003,False,True,True,True,True,False,False,183,633,255,223,-0.020959876477718353,7509.36962890653,0.00998018002406564,0.0,183,255,True,0.0
0.0675,-0.06,-0.10000000000000003,False,True,True,True,True,False,False,165,570,226,198,-0.020959876477718353,6184.002441406481,0.009323690137220762,0.0,165,226,True,0.0
0.0675,-0.03999999999999998,-0.10000000000000003,False,True,True,True,True,False,False,187,638,187,162,-0.020959876477718353,7765.229003906539,0.008740616286680788,0.0,187,187,True,0.0
0.0675,-0.019999999999999962,-0.10000000000000003,False,True,True,True,True,False,False,188,651,315,283,-0.020959891378879547,5854.113769531468,0.007693312943205951,0.0,188,315,True,0.0
0.0675,0.0,-0.10000000000000003,False,True,True,True,True,False,False,190,639,251,201,-0.020959891378879547,5824.2919921877165,0.014473153215656032,0.0,191,251,True,0.0
0.0675,0.020000000000000018,-0.10000000000000003,False,True,True,True,True,False,False,182,604,205,172,-0.020959891378879547,5704.432128906463,0.008619438317494402,0.0,181,205,True,0.0
0.0675,0.040000000000000036,-0.10000000000000003,False,True,True,True,True,False,False,192,661,213,165,-0.020959891378879547,4559.61865234392,0.008126648365655619,0.0,192,213,True,0.0
0.0675,0.06,-0.10000000000000003,False,True,True,True,True,False,False,177,624,307,262,-0.020959891378879547,7727.603515625288,0.008203922421210635,0.0,177,307,True,0.0
0.0675,0.08000000000000002,-0.10000000000000003,False,True,True,True,True,False,False,180,628,229,208,-0.020959891378879547,8214.200195312807,0.013039219291828384,0.0,179,229,True,0.0
0.0675,0.10000000000000003,-0.10000000000000003,False,True,True,True,True,False,False,168,562,216,188,-0.020959876477718353,7352.693642112061,0.01262124493245486,0.0,168,216,True,0.0
0.0675,0.12000000000000005,-0.10000000000000003,False,True,True,True,True,False,False,150,512,196,168,-0.020959876477718353,5630.65722656271,0.007661723905112554,0.0,150,196,True,0.0
0.0675,0.14000000000000007,-0.10000000000000003,False,True,True,True,True,False,False,129,435,154,122,-0.020959876477718353,5071.858886718939,0.005376360038589254,0.0,129,154,True,0.0
0.0675,0.15999999999999998,-0.10000000000000003,False,True,True,True,True,False,False,112,358,128,114,-0.020959876477718353,6811.721759556824,0.004950550158253288,0.0,112,128,True,0.0
0.0675,0.18,-0.10000000000000003,False,True,True,True,True,False,False,136,445,116,91,-0.020959876477718353,6478.237304687552,0.013099980064701628,0.0,136,116,True,0.0
0.0675,0.2,-0.10000000000000003,False,True,True,True,True,False,False,113,394,182,170,-0.020959891378879547,7990.209472656548,0.01498045159564644,0.0,113,182,True,0.0
0.0675,0.22000000000000003,-0.10000000000000003,False,True,True,True,True,False,False,94,326,135,98,-0.020959891378879547,6903.427734375257,0.01286144079573359,0.0,94,135,True,0.0
0.0675,0.24000000000000005,-0.10000000000000003,False,True,True,True,True,False,False,74,240,97,84,-0.020959891378879547,8321.09960937531,0.008736665863235878,0.0,74,97,True,0.0
0.0675,0.26000000000000006,-0.10000000000000003,True,False,True,True,True,True,False,58,200,90,75,-0.020959891378879547,10721.492168748902,0.022386122504061728,0.0,57,90,True,0.0
0.0675,0.2800000000000001,-0.10000000000000003,True,False,True,True,True,True,False,55,185,89,76,-0.020959891378879547,6157.797789349998,0.047034589630997076,0.0,55,89,True,0.0
0.0675,0.3,-0.10000000000000003,True,False,True,True,True,True,False,54,174,76,67,-0.020959891378879547,4555.52636718767,0.022421104855871916,0.0,54,76,True,0.0
0.0675,0.32,-0.10000000000000003,True,False,True,True,True,True,False,40,140,48,44,-0.015396416187286377,5944.496582031297,0.017162876255078664,0.0,40,48,True,0.0
0.0675,0.34,-0.10000000000000003,True,False,False,False,False,False,False,14,44,0,0,0.004430562257766724,0.0,1.5017576543430167e-08,0.0,14,0,False,0.0
0.0675,0.36000000000000004,-0.10000000000000003,True,False,False,False,False,False,False,0,0,0,0,,0.0,1.5017576543430167e-08,0.0,0,0,False,0.0
0.0675,0.38000000000000006,-0.10000000000000003,True,False,False,False,False,False,False,0,0,0,0,,0.0,1.5017576543430167e-08,0.0,0,0,False,0.0
0.0675,0.4000000000000001,-0.10000000000000003,True,False,False,False,False,False,False,0,0,0,0,,0.0,1.5017576543430167e-08,0.0,0,0,False,0.0
0.0675,0.42,-0.10000000000000003,True,False,False,False,False,False,False,0,0,0,0,,0.0,1.5017576543430167e-08,0.0,0,0,False,0.0
0.0675,-0.42,-0.08000000000000002,True,False,False,False,False,False,False,0,0,0,0,,0.0,1.4901161193847656e-08,0.0,0,0,False,0.0
0.0675,-0.39999999999999997,-0.08000000000000002,True,False,False,False,False,False,False,0,0,0,0,,0.0,1.4901161193847656e-08,0.0,0,0,False,0.0
0.0675,-0.38,-0.08000000000000002,True,False,False,False,False,False,False,0,0,0,0,,0.0,1.4901161193847656e-08,0.0,0,0,False,0.0
0.0675,-0.36,-0.08000000000000002,True,False,False,False,False,False,False,0,0,0,0,,0.0,1.4901161193847656e-08,0.0,0,0,False,0.0
0.0675,-0.33999999999999997,-0.08000000000000002,True,False,False,False,False,False,False,15,55,0,0,0.0065818727016448975,0.0,1.4901161193847656e-08,0.0,15,0,False,0.0
0.0675,-0.31999999999999995,-0.08000000000000002,True,False,True,True,True,True,False,51,177,65,36,-0.013416588306427002,6630.692878653617,0.014798023759987814,0.0,51,65,True,0.0
0.0675,-0.3,-0.08000000000000002,True,False,True,True,True,True,False,73,256,103,83,-0.020959846675395966,6918.606933593942,0.008034039335075354,0.0,73,103,True,0.0
0.0675,-0.27999999999999997,-0.08000000000000002,True,False,True,True,True,True,False,67,236,95,85,-0.020959846675395966,9094.489257812838,0.05484226862111975,0.0,67,95,True,0.0
0.0675,-0.26,-0.08000000000000002,True,False,True,True,True,True,False,65,209,73,66,-0.02095986157655716,7542.594566089459,0.022610780318571066,0.0,65,73,True,0.0
0.0675,-0.24,-0.08000000000000002,False,True,True,True,True,False,False,72,259,126,102,-0.02095986157655716,7693.3349609377865,0.01003884906990057,0.0,72,126,True,0.0
0.0675,-0.21999999999999997,-0.08000000000000002,False,True,True,True,True,False,False,80,281,131,118,-0.02095986157655716,6393.386718750238,0.012377372218149985,0.0,80,131,True,0.0
0.0675,-0.19999999999999998,-0.08000000000000002,False,True,True,True,True,False,False,86,280,121,95,-0.02095986157655716,6616.291992187546,0.014118886793874618,0.0,86,121,True,0.0
0.0675,-0.18,-0.08000000000000002,False,True,True,True,True,False,False,116,387,101,91,-0.02095986157655716,8181.590332031477,0.01588088280699789,0.0,116,101,True,0.0
0.0675,-0.15999999999999998,-0.08000000000000002,False,True,True,True,True,False,False,115,401,187,147,-0.02095986157655716,6349.020507812676,0.00733270796637973,0.0,115,187,True,0.0
0.0675,-0.13999999999999996,-0.08000000000000002,False,True,True,True,True,False,False,118,390,134,114,-0.02095986157655716,7438.984863281527,0.014003606701693521,0.0,118,134,True,0.0
0.0675,-0.12,-0.08000000000000002,False,True,True,True,True,False,False,133,427,126,116,-0.020959876477718353,8187.188476562806,0.009068515768085886,0.0,133,126,True,0.0
0.0675,-0.09999999999999998,-0.08000000000000002,False,True,True,True,True,False,False,144,502,197,162,-0.020959876477718353,9311.392578125075,0.00712511262300145,0.0,144,197,True,0.0
0.0675,-0.07999999999999996,-0.08000000000000002,False,True,True,True,True,False,False,139,492,209,189,-0.020959876477718353,11762.968750000438,0.01605594063124711,0.0,139,209,True,0.0
0.0675,-0.06,-0.08000000000000002,False,True,True,True,True,False,False,115,406,175,162,-0.020959876477718353,10008.414062500373,0.011295809141259768,0.0,115,175,True,0.0
0.0675,-0.03999999999999998,-0.08000000000000002,False,True,True,True,True,False,False,138,479,144,135,-0.020959876477718353,9366.94335937535,0.014314073166754308,0.0,138,144,True,0.0
0.0675,-0.019999999999999962,-0.08000000000000002,False,True,True,True,True,False,False,139,490,256,245,-0.020959876477718353,8526.731445312622,0.005211928493101398,0.0,139,256,True,0.0
0.0675,0.0,-0.08000000000000002,False,True,True,True,True,False,False,138,479,189,157,-0.020959891378879547,10061.726562500375,0.009422751979939852,0.0,138,189,True,0.0
0.0675,0.020000000000000018,-0.08000000000000002,False,True,True,True,True,False,False,129,432,143,126,-0.020959891378879547,8288.77343750031,0.009635533174348286,0.0,129,143,True,0.0
0.0675,0.040000000000000036,-0.08000000000000002,False,True,True,True,True,False,False,146,500,157,123,-0.020959891378879547,10265.066406250382,0.007590565275122221,0.0,147,157,True,0.0
0.0675,0.06,-0.08000000000000002,False,True,True,True,True,False,False,133,478,260,227,-0.020959891378879547,8586.70507812532,0.00912803955427605,0.0,134,260,True,0.0
0.0675,0.08000000000000002,-0.08000000000000002,False,True,True,True,True,False,False,127,468,180,172,-0.020959891378879547,10613.598632812897,0.004134461128796629,0.0,129,180,True,0.0
0.0675,0.10000000000000003,-0.08000000000000002,False,True,True,True,True,False,False,121,408,169,157,-0.020959876477718353,10071.148055675305,0.016981475488362017,0.0,121,169,True,0.0
0.0675,0.12000000000000005,-0.08000000000000002,False,True,True,True,True,False,False,107,378,147,137,-0.020959876477718353,8388.921875000313,0.003203887259777413,0.0,107,147,True,0.0
0.0675,0.14000000000000007,-0.08000000000000002,False,True,True,True,True,False,False,89,305,108,92,-0.020959876477718353,7506.503906250106,0.012967780703924974,0.0,89,108,True,0.0
0.0675,0.15999999999999998,-0.08000000000000002,False,True,True,True,True,False,False,73,231,88,84,-0.020959876477718353,7129.511718750266,0.00946323559320402,0.0,73,88,True,0.0
0.0675,0.18,-0.08000000000000002,False,True,True,True,True,False,False,105,346,89,77,-0.020959876477718353,6420.456054687739,0.00511916586436942,0.0,105,89,True,0.0
0.0675,0.2,-0.08000000000000002,False,True,True,True,True,False,False,88,309,156,152,-0.020959891378879547,8745.851562500326,0.011566817217753718,0.0,88,156,True,0.0
0.0675,0.22000000000000003,-0.08000000000000002,False,True,True,True,True,False,False,75,256,108,80,-0.020959891378879547,6809.409667969004,0.00832030135654086,0.0,75,108,True,0.0
0.0675,0.24000000000000005,-0.08000000000000002,False,True,True,True,True,False,False,54,173,70,65,-0.020959891378879547,9438.264648437853,0.011587069376002675,0.0,54,70,True,0.0
0.0675,0.26000000000000006,-0.08000000000000002,True,False,True,True,True,True,False,40,139,64,57,-0.020959891378879547,8585.31542968782,0.020935102819300517,0.0,40,64,True,0.0
0.0675,0.2800000000000001,-0.08000000000000002,True,False,True,True,True,True,False,38,135,65,61,-0.020959891378879547,8536.663085937818,0.01306854000954207,0.0,38,65,True,0.0
0.0675,0.3,-0.08000000000000002,True,False,True,True,True,True,False,38,134,59,55,-0.020959891378879547,7118.102050781516,0.02224072083250351,0.0,38,59,True,0.0
0.0675,0.32,-0.08000000000000002,True,False,True,True,True,True,False,30,109,43,39,-0.015396416187286377,8426.260212275749,0.022503463142839936,0.0,30,43,True,0.0
0.0675,0.34,-0.08000000000000002,True,False,False,False,False,False,False,11,43,0,0,0.004430562257766724,0.0,1.4901161193847656e-08,0.0,11,0,False,0.0
0.0675,0.36000000000000004,-0.08000000000000002,True,False,False,False,False,False,False,0,0,0,0,,0.0,1.4901161193847656e-08,0.0,0,0,False,0.0
0.0675,0.38000000000000006,-0.08000000000000002,True,False,False,False,False,False,False,0,0,0,0,,0.0,1.4901161193847656e-08,0.0,0,0,False,0.0
0.0675,0.4000000000000001,-0.08000000000000002,True,False,False,False,False,False,False,0,0,0,0,,0.0,1.4901161193847656e-08,0.0,0,0,False,0.0
0.0675,0.42,-0.08000000000000002,True,False,False,False,False,False,False,0,0,0,0,,0.0,1.4901161193847656e-08,0.0,0,0,False,0.0
0.0675,-0.42,-0.06,True,False,False,False,False,False,False,0,0,0,0,,0.0,1.4901161193847656e-08,0.0,0,0,False,0.0
0.0675,-0.39999999999999997,-0.06,True,False,False,False,False,False,False,0,0,0,0,,0.0,1.4901161193847656e-08,0.0,0,0,False,0.0
0.0675,-0.38,-0.06,True,False,False,False,False,False,False,0,0,0,0,,0.0,1.4901161193847656e-08,0.0,0,0,False,0.0
0.0675,-0.36,-0.06,True,False,False,False,False,False,False,0,0,0,0,,0.0,1.4901161193847656e-08,0.0,0,0,False,0.0
0.0675,-0.33999999999999997,-0.06,True,False,False,False,False,False,False,25,65,0,0,0.00657905638217926,0.0,1.4901161193847656e-08,0.0,25,0,False,0.0
0.0675,-0.31999999999999995,-0.06,True,False,True,True,True,True,False,64,218,66,37,-0.013416588306427002,6286.13565816452,0.06273709458934965,0.0,64,66,True,0.0
0.0675,-0.3,-0.06,True,False,True,True,True,True,False,87,299,106,86,-0.02095983177423477,8508.503906250317,0.022485100525171157,0.0,87,106,True,0.0
0.0675,-0.27999999999999997,-0.06,True,False,True,True,True,True,False,80,279,95,85,-0.02095983177423477,7614.336914062784,0.042184285891892936,0.0,80,95,True,0.0
0.0675,-0.26,-0.06,True,False,True,True,True,True,False,83,270,73,66,-0.02095983177423477,7763.450195312789,0.015510504238271041,0.0,83,73,True,0.0
0.0675,-0.24,-0.06,False,True,True,True,True,False,False,89,306,130,103,-0.02095983177423477,6237.82128906255,0.021492376354726405,0.0,89,130,True,0.0
0.0675,-0.21999999999999997,-0.06,False,True,True,True,True,False,False,99,340,142,129,-0.020959846675395966,7640.564453125061,0.005887133883897694,0.0,99,142,True,0.0
0.0675,-0.19999999999999998,-0.06,False,True,True,True,True,False,False,108,351,130,104,-0.020959846675395966,6676.3935546876855,0.012449636949787334,0.0,108,130,True,0.0
0.0675,-0.18,-0.06,False,True,True,True,True,False,False,137,444,106,91,-0.020959846675395966,5332.689453125199,0.015991253752912462,0.0,137,106,True,0.0
0.0675,-0.15999999999999998,-0.06,False,True,True,True,True,False,False,138,467,187,147,-0.020959846675395966,6973.15869140651,0.01380876262235331,0.0,138,187,True,0.0
0.0675,-0.13999999999999996,-0.06,False,True,True,True,True,False,False,143,451,134,114,-0.020959846675395966,6860.796875000256,0.0066404637673958995,0.0,143,134,True,0.0
0.0675,-0.12,-0.06,False,True,True,True,True,False,False,171,521,126,116,-0.020959846675395966,6109.153320312727,0.01247741490946317,0.0,171,126,True,0.0
0.0675,-0.09999999999999998,-0.06,False,True,True,True,True,False,False,179,611,197,162,-0.02095986157655716,8152.531738281554,0.01008565474503858,0.0,179,197,True,0.0
0.0675,-0.07999999999999996,-0.06,False,True,True,True,True,False,False,170,584,209,189,-0.02095986157655716,8436.833984375315,0.011821576838684997,0.0,170,209,True,0.0
0.0675,-0.06,-0.06,False,True,True,True,True,False,False,144,494,175,162,-0.02095986157655716,7484.282714844029,0.010268240435569573,0.0,144,175,True,0.0
0.0675,-0.03999999999999998,-0.06,False,True,True,True,True,False,False,168,578,144,135,-0.02095986157655716,9730.674804687638,0.009333320992176031,0.0,168,144,True,0.0
0.0675,-0.019999999999999962,-0.06,False,True,True,True,True,False,False,165,566,256,245,-0.02095986157655716,9312.542968750347,0.010740795728834289,0.0,165,256,True,0.0
0.0675,0.0,-0.06,False,True,True,True,True,False,False,164,553,189,157,-0.02095986157655716,9286.193359375346,0.009228649814628686,0.0,164,189,True,0.0
0.0675,0.020000000000000018,-0.06,False,True,True,True,True,False,False,158,518,143,126,-0.020959876477718353,10742.8388671879,0.010431989059901314,0.0,158,143,True,0.0
0.0675,0.040000000000000036,-0.06,False,True,True,True,True,False,False,176,593,157,123,-0.020959876477718353,8159.296386719054,0.007157047665994355,0.0,176,157,True,0.0
0.0675,0.06,-0.06,False,True,True,True,True,False,False,164,570,260,227,-0.020959876477718353,9259.670898437846,0.009241462847364995,0.0,164,260,True,0.0
0.0675,0.08000000000000002,-0.06,False,True,True,True,True,False,False,164,570,180,172,-0.020959876477718353,9716.354492187862,0.009969055924988481,0.0,164,180,True,0.0
0.0675,0.10000000000000003,-0.06,False,True,True,True,True,False,False,157,516,169,157,-0.02095986157655716,8549.79882812507,0.011913872280818232,0.0,157,169,True,0.0
0.0675,0.12000000000000005,-0.06,False,True,True,True,True,False,False,140,463,147,137,-0.02095986157655716,5992.249023437723,0.0038312748124663325,0.0,140,147,True,0.0
0.0675,0.14000000000000007,-0.06,False,True,True,True,True,False,False,114,377,108,92,-0.02095986157655716,7182.861076314024,0.00928217885824117,0.0,114,108,True,0.0
0.0675,0.15999999999999998,-0.06,False,True,True,True,True,False,False,103,318,88,84,-0.02095986157655716,5059.342773437688,0.0061746297782801236,0.0,103,88,True,0.0
0.0675,0.18,-0.06,False,True,True,True,True,False,False,132,433,89,77,-0.020959876477718353,6937.175292969009,0.007252365289918196,0.0,132,89,True,0.0
0.0675,0.2,-0.06,False,True,True,True,True,False,False,121,405,166,162,-0.020959876477718353,6171.930664062549,0.006592660614107325,0.0,121,166,True,0.0
0.0675,0.22000000000000003,-0.06,False,True,True,True,True,False,False,103,351,117,82,-0.020959876477718353,6085.554687500227,0.006324693734510002,0.0,103,117,True,0.0
0.0675,0.24000000000000005,-0.06,False,True,True,True,True,False,False,79,255,84,76,-0.020959876477718353,7562.995117187782,0.011213345459081035,0.0,79,84,True,0.0
0.0675,0.26000000000000006,-0.06,True,False,True,True,True,True,False,66,228,64,57,-0.020959876477718353,8841.38476562533,0.01951839139639153,0.0,66,64,True,0.0
0.0675,0.2800000000000001,-0.06,True,False,True,True,True,True,False,55,194,65,61,-0.020959876477718353,8035.887207031549,0.02424797182031428,0.0,55,65,True,0.0
0.0675,0.3,-0.06,True,False,True,True,True,True,False,65,218,59,55,-0.020959891378879547,6614.1044921877465,0.01749710542986896,0.0,65,59,True,0.0
0.0675,0.32,-0.06,True,False,True,True,True,True,False,52,162,44,40,-0.015396416187286377,7137.324218750057,0.011180529110357579,0.0,52,44,True,0.0
0.0675,0.34,-0.06,True,False,False,False,False,False,False,18,49,0,0,0.004427388310432434,0.0,1.4901161193847656e-08,0.0,18,0,False,0.0
0.0675,0.36000000000000004,-0.06,True,False,False,False,False,False,False,0,0,0,0,,0.0,1.4901161193847656e-08,0.0,0,0,False,0.0
0.0675,0.38000000000000006,-0.06,True,False,False,False,False,False,False,0,0,0,0,,0.0,1.4901161193847656e-08,0.0,0,0,False,0.0
0.0675,0.4000000000000001,-0.06,True,False,False,False,False,False,False,0,0,0,0,,0.0,1.4901161193847656e-08,0.0,0,0,False,0.0
0.0675,0.42,-0.06,True,False,False,False,False,False,False,0,0,0,0,,0.0,1.4901161193847656e-08,0.0,0,0,False,0.0
0.0675,-0.42,-0.040000000000000036,True,False,False,False,False,False,False,0,0,0,0,,0.0,1.4901161193847656e-08,0.0,0,0,False,0.0
0.0675,-0.39999999999999997,-0.040000000000000036,True,False,False,False,False,False,False,0,0,0,0,,0.0,1.4901161193847656e-08,0.0,0,0,False,0.0
0.0675,-0.38,-0.040000000000000036,True,False,False,False,False,False,False,0,0,0,0,,0.0,1.4901161193847656e-08,0.0,0,0,False,0.0
0.0675,-0.36,-0.040000000000000036,True,False,False,False,False,False,False,0,0,0,0,,0.0,1.4901161193847656e-08,0.0,0,0,False,0.0
0.0675,-0.33999999999999997,-0.040000000000000036,True,False,False,False,False,False,False,26,78,0,0,0.006578236818313599,0.0,1.4901161193847656e-08,0.0,26,0,False,0.0
0.0675,-0.31999999999999995,-0.040000000000000036,True,False,True,True,True,True,False,70,244,90,53,-0.013416588306427002,4994.82324218754,0.01399489512171449,0.0,70,90,True,0.0
0.0675,-0.3,-0.040000000000000036,True,False,True,True,True,True,False,96,337,155,108,-0.02095983177423477,8102.939941406552,0.011514452567386991,0.0,96,155,True,0.0
0.0675,-0.27999999999999997,-0.040000000000000036,True,False,True,True,True,True,False,91,323,143,118,-0.02095983177423477,8049.3222656253,0.032113868610663454,0.0,91,143,True,0.0
0.0675,-0.26,-0.040000000000000036,True,False,True,True,True,True,False,91,304,125,101,-0.02095983177423477,8802.80957031283,0.027703624666579375,0.0,91,125,True,0.0
0.0675,-0.24,-0.040000000000000036,False,True,True,True,True,False,False,99,359,185,146,-0.02095983177423477,6984.058593750056,0.011457447172837629,0.0,99,185,True,0.0
0.0675,-0.21999999999999997,-0.040000000000000036,False,True,True,True,True,False,False,115,407,181,152,-0.02095983177423477,4875.6689076625935,0.009290253268460903,0.0,115,181,True,0.0
0.0675,-0.19999999999999998,-0.040000000000000036,False,True,True,True,True,False,False,123,408,174,127,-0.020959846675395966,7334.937011718803,0.0083977565361177,0.0,123,174,True,0.0
0.0675,-0.18,-0.040000000000000036,False,True,True,True,True,False,False,150,509,163,127,-0.020959846675395966,6111.801269531299,0.003267677010766477,0.0,150,163,True,0.0
0.0675,-0.15999999999999998,-0.040000000000000036,False,True,True,True,True,False,False,150,536,245,180,-0.020959846675395966,6364.278320312737,0.0063447136476562,0.0,150,245,True,0.0
0.0675,-0.13999999999999996,-0.040000000000000036,False,True,True,True,True,False,False,175,570,196,147,-0.020959846675395966,8496.103515625317,0.014936523104549031,0.0,175,196,True,0.0
0.0675,-0.12,-0.040000000000000036,False,True,True,True,True,False,False,191,628,223,182,-0.020959846675395966,4902.722167968819,0.00575801031864026,0.0,191,223,True,0.0
0.0675,-0.09999999999999998,-0.040000000000000036,False,True,True,True,True,False,False,199,701,289,228,-0.020959846675395966,7817.639648437563,0.003907956779156753,0.0,199,289,True,0.0
0.0675,-0.07999999999999996,-0.040000000000000036,False,True,True,True,True,False,False,186,663,292,244,-0.02095986157655716,8818.11328125033,0.012799139226070858,0.0,186,292,True,0.0
0.0675,-0.06,-0.040000000000000036,False,True,True,True,True,False,False,160,572,258,219,-0.02095986157655716,8206.548828125306,0.01089564199331317,0.0,158,258,True,0.0
0.0675,-0.03999999999999998,-0.040000000000000036,False,True,True,True,True,False,False,181,648,228,193,-0.02095986157655716,8295.100814841526,0.014915627240673045,0.0,181,228,True,0.0
0.0675,-0.019999999999999962,-0.040000000000000036,False,True,True,True,True,False,False,179,646,341,302,-0.02095986157655716,7651.301269531536,0.009803101207596643,0.0,179,341,True,0.0
0.0675,0.0,-0.040000000000000036,False,True,True,True,True,False,False,178,635,270,210,-0.02095986157655716,6702.306152344,0.009752143491098264,0.0,178,270,True,0.0
0.0675,0.020000000000000018,-0.040000000000000036,False,True,True,True,True,False,False,169,590,222,179,-0.02095986157655716,6142.512695312729,0.013968448431130171,0.0,169,222,True,0.0
0.0675,0.040000000000000036,-0.040000000000000036,False,True,True,True,True,False,False,188,663,242,182,-0.020959876477718353,7223.580492092125,0.007470959229192532,0.0,188,242,True,0.0
0.0675,0.06,-0.040000000000000036,False,True,True,True,True,False,False,176,646,344,283,-0.020959876477718353,7693.4560546877865,0.008163018069674663,0.0,176,344,True,0.0
0.0675,0.08000000000000002,-0.040000000000000036,False,True,True,True,True,False,False,178,647,262,227,-0.020959876477718353,7620.181152344034,0.010536294633808226,0.0,178,262,True,0.0
0.0675,0.10000000000000003,-0.040000000000000036,False,True,True,True,True,False,False,173,592,262,224,-0.02095986157655716,9788.275853775836,0.0026796850842575122,0.0,174,262,True,0.0
0.0675,0.12000000000000005,-0.040000000000000036,False,True,True,True,True,False,False,158,563,241,195,-0.02095986157655716,6244.991210937733,0.007726764265294089,0.0,157,241,True,0.0
0.0675,0.14000000000000007,-0.040000000000000036,False,True,True,True,True,False,False,140,484,180,137,-0.02095986157655716,8312.30859375031,0.0013684499675212527,0.0,139,180,True,0.0
0.0675,0.15999999999999998,-0.040000000000000036,False,True,True,True,True,False,False,115,393,156,127,-0.02095986157655716,6977.90429687526,0.012409578662521008,0.0,115,156,True,0.0
0.0675,0.18,-0.040000000000000036,False,True,True,True,True,False,False,143,492,165,129,-0.02095986157655716,7057.649902344013,0.0023050218284636683,0.0,142,165,True,0.0
0.0675,0.2,-0.040000000000000036,False,True,True,True,True,False,False,129,449,229,198,-0.020959876477718353,7941.113769531546,0.011043215613979218,0.0,129,229,True,0.0
0.0675,0.22000000000000003,-0.040000000000000036,False,True,True,True,True,False,False,111,398,176,125,-0.020959876477718353,6242.874511718799,0.010134514323572185,0.0,111,176,True,0.0
0.0675,0.24000000000000005,-0.040000000000000036,False,True,True,True,True,False,False,86,295,143,126,-0.020959876477718353,7755.167480468812,0.01240433680002802,0.0,86,143,True,0.0
0.0675,0.26000000000000006,-0.040000000000000036,True,False,True,True,True,True,False,68,245,129,108,-0.020959876477718353,8106.349582240012,0.01684820667253832,0.0,68,129,True,0.0
0.0675,0.2800000000000001,-0.040000000000000036,True,False,True,True,True,True,False,64,228,123,108,-0.020959876477718353,6314.329101562736,0.020618834666567366,0.0,64,123,True,0.0
0.0675,0.3,-0.040000000000000036,True,False,True,True,True,True,False,69,231,112,97,-0.020959876477718353,4762.725585937677,0.04705471129698742,0.0,69,112,True,0.0
0.0675,0.32,-0.040000000000000036,True,False,True,True,True,True,False,58,202,68,61,-0.015396416187286377,6632.857421875053,0.03486971723147026,0.0,58,68,True,0.0
0.0675,0.34,-0.040000000000000036,True,False,False,False,False,False,False,22,64,0,0,0.004426747560501099,0.0,1.4901161193847656e-08,0.0,22,0,False,0.0
0.0675,0.36000000000000004,-0.040000000000000036,True,False,False,False,False,False,False,0,0,0,0,,0.0,1.4901161193847656e-08,0.0,0,0,False,0.0
0.0675,0.38000000000000006,-0.040000000000000036,True,False,False,False,False,False,False,0,0,0,0,,0.0,1.4901161193847656e-08,0.0,0,0,False,0.0
0.0675,0.4000000000000001,-0.040000000000000036,True,False,False,False,False,False,False,0,0,0,0,,0.0,1.4901161193847656e-08,0.0,0,0,False,0.0
0.0675,0.42,-0.040000000000000036,True,False,False,False,False,False,False,0,0,0,0,,0.0,1.4901161193847656e-08,0.0,0,0,False,0.0
0.0675,-0.42,-0.020000000000000018,True,False,False,False,False,False,False,0,0,0,0,,0.0,1.4901161193847656e-08,0.0,0,0,False,0.0
0.0675,-0.39999999999999997,-0.020000000000000018,True,False,False,False,False,False,False,0,0,0,0,,0.0,1.4901161193847656e-08,0.0,0,0,False,0.0
0.0675,-0.38,-0.020000000000000018,True,False,False,False,False,False,False,0,0,0,0,,0.0,1.4901161193847656e-08,0.0,0,0,False,0.0
0.0675,-0.36,-0.020000000000000018,True,False,False,False,False,False,False,0,0,0,0,,0.0,1.4901161193847656e-08,0.0,0,0,False,0.0
0.0675,-0.33999999999999997,-0.020000000000000018,True,False,False,False,False,False,False,23,75,0,0,0.006578236818313599,0.0,1.4901161193847656e-08,0.0,23,0,False,0.0
0.0675,-0.31999999999999995,-0.020000000000000018,True,False,True,True,True,True,False,62,193,79,45,-0.013416588306427002,7051.563927438287,0.03478790700510497,0.0,62,79,True,0.0
0.0675,-0.3,-0.020000000000000018,True,False,True,True,True,True,False,83,272,113,87,-0.02095983177423477,7888.715820312794,0.00675718629620334,0.0,83,113,True,0.0
0.0675,-0.27999999999999997,-0.020000000000000018,True,False,True,True,True,True,False,78,258,90,82,-0.02095983177423477,7102.395996094015,0.02964532960514712,0.0,78,90,True,0.0
0.0675,-0.26,-0.020000000000000018,True,False,True,True,True,True,False,79,243,87,72,-0.02095983177423477,7663.678710937786,0.013584250350501563,0.0,79,87,True,0.0
0.0675,-0.24,-0.020000000000000018,False,True,True,True,True,False,False,85,296,129,111,-0.02095983177423477,5998.402832031417,0.0050386957644141875,0.0,85,133,True,0.0
0.0675,-0.21999999999999997,-0.020000000000000018,False,True,True,True,True,False,False,97,322,135,117,-0.02095983177423477,6317.338867187736,0.010260333331623283,0.0,97,139,True,0.0
0.0675,-0.19999999999999998,-0.020000000000000018,False,True,True,True,True,False,False,108,344,132,99,-0.02095983177423477,8268.540039062558,0.022895678708828974,0.0,108,132,True,0.0
0.0675,-0.18,-0.020000000000000018,False,True,True,True,True,False,False,136,429,125,114,-0.020959846675395966,7511.29492187506,0.02028261143990984,0.0,136,125,True,0.0
0.0675,-0.15999999999999998,-0.020000000000000018,False,True,True,True,True,False,False,134,448,171,137,-0.020959846675395966,7200.81075880807,0.006142460301242269,0.0,134,171,True,0.0
0.0675,-0.13999999999999996,-0.020000000000000018,False,True,True,True,True,False,False,149,455,131,119,-0.020959846675395966,5941.601074218971,0.006593115074532998,0.0,149,131,True,0.0
0.0675,-0.12,-0.020000000000000018,False,True,True,True,True,False,False,166,502,155,136,-0.020959846675395966,7669.3691406252865,0.009930035222154146,0.0,166,155,True,0.0
0.0675,-0.09999999999999998,-0.020000000000000018,False,True,True,True,True,False,False,179,592,204,172,-0.020959846675395966,7813.379882812791,0.011536614022434853,0.0,179,204,True,0.0
0.0675,-0.07999999999999996,-0.020000000000000018,False,True,True,True,True,False,False,169,583,222,201,-0.020959846675395966,10145.827148437878,0.0029289737427293473,0.0,169,222,True,0.0
0.0675,-0.06,-0.020000000000000018,False,True,True,True,True,False,False,144,498,201,178,-0.02095986157655716,6964.381347656509,0.011809189721533381,0.0,144,201,True,0.0
0.0675,-0.03999999999999998,-0.020000000000000018,False,True,True,True,True,False,False,166,555,172,158,-0.02095986157655716,4682.937500000175,0.00915936366540035,0.0,166,172,True,0.0
0.0675,-0.019999999999999962,-0.020000000000000018,False,True,True,True,True,False,False,159,557,261,231,-0.02095986157655716,6343.24951171884,0.00961536432362201,0.0,159,261,True,0.0
0.0675,0.0,-0.020000000000000018,False,True,True,True,True,False,False,167,548,208,174,-0.02095986157655716,7382.536621094025,0.005210782252192359,0.0,166,208,True,0.0
0.0675,0.020000000000000018,-0.020000000000000018,False,True,True,True,True,False,False,142,457,153,134,-0.02095986157655716,6443.85449218774,0.012940194320127723,0.0,142,153,True,0.0
0.0675,0.040000000000000036,-0.020000000000000018,False,True,True,True,True,False,False,172,558,163,137,-0.02095986157655716,6456.628798580765,0.006812617832573679,0.0,172,163,True,0.0
0.0675,0.06,-0.020000000000000018,False,True,True,True,True,False,False,164,575,272,231,-0.02095986157655716,7903.404296875295,0.016553498444832407,0.0,165,272,True,0.0
0.0675,0.08000000000000002,-0.020000000000000018,False,True,True,True,True,False,False,163,572,208,194,-0.020959876477718353,6625.404296875094,0.013133504864077971,0.0,163,208,True,0.0
0.0675,0.10000000000000003,-0.020000000000000018,False,True,True,True,True,False,False,152,506,200,181,-0.02095986157655716,9383.348632812575,0.01110111536428776,0.0,153,200,True,0.0
0.0675,0.12000000000000005,-0.020000000000000018,False,True,True,True,True,False,False,135,463,180,159,-0.02095986157655716,6706.99522029583,0.008433630195919676,0.0,136,180,True,0.0
0.0675,0.14000000000000007,-0.020000000000000018,False,True,True,True,True,False,False,118,399,129,116,-0.02095986157655716,5681.951175300475,0.0043806652532546115,0.0,118,129,True,0.0
0.0675,0.15999999999999998,-0.020000000000000018,False,True,True,True,True,False,False,96,310,116,109,-0.02095986157655716,6237.413857412503,0.006859845100271329,0.0,96,116,True,0.0
0.0675,0.18,-0.020000000000000018,False,True,True,True,True,False,False,127,415,117,106,-0.02095986157655716,7312.611816406523,0.015162128663101173,0.0,127,117,True,0.0
0.0675,0.2,-0.020000000000000018,False,True,True,True,True,False,False,113,389,179,174,-0.02095986157655716,7904.019042969045,0.015798256589321342,0.0,113,179,True,0.0
0.0675,0.22000000000000003,-0.020000000000000018,False,True,True,True,True,False,False,93,325,135,108,-0.020959876477718353,7859.987792969043,0.009525608756196017,0.0,93,135,True,0.0
0.0675,0.24000000000000005,-0.020000000000000018,False,True,True,True,True,False,False,73,243,105,100,-0.020959876477718353,6421.599609375239,0.015282651307127627,0.0,73,105,True,0.0
0.0675,0.26000000000000006,-0.020000000000000018,True,False,True,True,True,True,False,58,201,92,82,-0.020959876477718353,8009.753906250298,0.01821385488241302,0.0,58,92,True,0.0
0.0675,0.2800000000000001,-0.020000000000000018,True,False,True,True,True,True,False,57,196,85,81,-0.020959876477718353,9140.99609375034,0.03577311994235881,0.0,57,85,True,0.0
0.0675,0.3,-0.020000000000000018,True,False,True,True,True,True,False,60,199,86,78,-0.020959876477718353,4835.35498046893,0.04330871030114964,0.0,60,86,True,0.0
0.0675,0.32,-0.020000000000000018,True,False,True,True,True,True,False,46,158,56,52,-0.015421509742736816,4499.548339843786,0.03984714838421573,0.0,46,56,True,0.0
0.0675,0.34,-0.020000000000000018,True,False,False,False,False,False,False,18,61,0,0,0.004426747560501099,0.0,1.4901161193847656e-08,0.0,18,0,False,0.0
0.0675,0.36000000000000004,-0.020000000000000018,True,False,False,False,False,False,False,0,0,0,0,,0.0,1.4901161193847656e-08,0.0,0,0,False,0.0
0.0675,0.38000000000000006,-0.020000000000000018,True,False,False,False,False,False,False,0,0,0,0,,0.0,1.4901161193847656e-08,0.0,0,0,False,0.0
0.0675,0.4000000000000001,-0.020000000000000018,True,False,False,False,False,False,False,0,0,0,0,,0.0,1.4901161193847656e-08,0.0,0,0,False,0.0
0.0675,0.42,-0.020000000000000018,True,False,False,False,False,False,False,0,0,0,0,,0.0,1.4901161193847656e-08,0.0,0,0,False,0.0
0.0675,-0.42,0.0,True,False,False,False,False,False,False,0,0,0,0,,0.0,1.4901161193847656e-08,0.0,0,0,False,0.0
0.0675,-0.39999999999999997,0.0,True,False,False,False,False,False,False,0,0,0,0,,0.0,1.4901161193847656e-08,0.0,0,0,False,0.0
0.0675,-0.38,0.0,True,False,False,False,False,False,False,0,0,0,0,,0.0,1.4901161193847656e-08,0.0,0,0,False,0.0
0.0675,-0.36,0.0,True,False,False,False,False,False,False,0,0,0,0,,0.0,1.4901161193847656e-08,0.0,0,0,False,0.0
0.0675,-0.33999999999999997,0.0,True,False,False,False,False,False,False,20,71,0,0,0.006578236818313599,0.0,1.4901161193847656e-08,0.0,20,0,False,0.0
0.0675,-0.31999999999999995,0.0,True,False,True,True,True,True,False,47,172,75,45,-0.013416588306427002,6921.577760127828,0.060967870042395816,0.0,47,75,True,0.0
0.0675,-0.3,0.0,True,False,True,True,True,True,False,63,220,105,79,-0.020959816873073578,9250.975585937846,0.006238190337191374,0.0,63,105,True,0.0
0.0675,-0.27999999999999997,0.0,True,False,True,True,True,True,False,55,190,86,78,-0.02095983177423477,5573.858848711331,0.0509689877787868,0.0,55,86,True,0.0
0.0675,-0.26,0.0,True,False,True,True,True,True,False,52,180,83,68,-0.02095983177423477,8685.824218750324,0.02135078629045403,0.0,52,83,True,0.0
0.0675,-0.24,0.0,False,True,True,True,True,False,False,64,234,117,100,-0.02095983177423477,5704.438476562713,0.01642851213446231,0.0,64,117,True,0.0
0.0675,-0.21999999999999997,0.0,False,True,True,True,True,False,False,73,261,127,109,-0.02095983177423477,5951.0844726564155,0.0112945572722752,0.0,73,127,True,0.0
0.0675,-0.19999999999999998,0.0,False,True,True,True,True,False,False,83,275,126,95,-0.02296147495508194,7781.7553710938055,0.012131280627743752,0.0,83,126,True,0.0
0.0675,-0.18,0.0,False,True,True,True,True,False,False,100,341,109,96,-0.02296147495508194,6867.765136718941,0.009871713784021127,0.0,100,109,True,0.0
0.0675,-0.15999999999999998,0.0,False,True,True,True,True,False,False,101,353,151,118,-0.02296147495508194,6359.689260356829,0.012006139766872686,0.0,101,151,True,0.0
0.0675,-0.13999999999999996,0.0,False,True,True,True,True,False,False,105,345,114,104,-0.02296147495508194,6905.725585937598,0.006738417384922328,0.0,105,114,True,0.0
0.0675,-0.12,0.0,False,True,True,True,True,False,False,117,375,141,125,-0.02296147495508194,6484.589843750242,0.010694099258491303,0.0,117,141,True,0.0
0.0675,-0.09999999999999998,0.0,False,True,True,True,True,False,False,130,452,188,160,-0.022694535553455353,9296.917968750075,0.00960774810829947,0.0,130,188,True,0.0
0.0675,-0.07999999999999996,0.0,False,True,True,True,True,False,False,127,460,189,172,-0.020959846675395966,8458.340820312815,0.0015261614463996417,0.0,127,189,True,0.0
0.0675,-0.06,0.0,False,True,True,True,True,False,False,111,391,179,163,-0.020959846675395966,9880.649414062867,0.006169764711272637,0.0,111,179,True,0.0
0.0675,-0.03999999999999998,0.0,False,True,True,True,True,False,False,120,434,152,139,-0.022961392998695374,5635.44384765646,0.010490882005831,0.0,120,152,True,0.0
0.0675,-0.019999999999999962,0.0,False,True,True,True,True,False,False,118,430,222,208,-0.022961392998695374,7203.035644531518,0.013626577272927267,0.0,118,222,True,0.0
0.0675,0.0,0.0,False,True,True,True,True,False,False,114,407,184,150,-0.022961392998695374,8160.782714844054,0.0058304670818713124,0.0,114,184,True,0.0
0.0675,0.020000000000000018,0.0,False,True,True,True,True,False,False,105,349,135,121,-0.022961392998695374,8147.0922851563655,0.0019146220966547685,0.0,105,135,True,0.0
0.0675,0.040000000000000036,0.0,False,True,True,True,True,False,False,120,418,152,128,-0.022959575057029724,6328.9868164064865,0.0036380868044468143,0.0,120,152,True,0.0
0.0675,0.06,0.0,False,True,True,True,True,False,False,122,446,225,196,-0.02095986157655716,6729.547891214559,0.010812461711196361,0.0,122,225,True,0.0
0.0675,0.08000000000000002,0.0,False,True,True,True,True,False,False,124,451,182,170,-0.02095986157655716,9080.892578125338,0.014237075657920168,0.0,124,182,True,0.0
0.0675,0.10000000000000003,0.0,False,True,True,True,True,False,False,114,394,181,165,-0.02296137809753418,9706.579961046675,0.016904264057715838,0.0,114,181,True,0.0
0.0675,0.12000000000000005,0.0,False,True,True,True,True,False,False,103,372,155,136,-0.02296137809753418,7122.084960937766,0.007279229371448524,0.0,103,155,True,0.0
0.0675,0.14000000000000007,0.0,False,True,True,True,True,False,False,89,308,111,101,-0.02296137809753418,6445.69824218774,0.010450544360107561,0.0,89,111,True,0.0
0.0675,0.15999999999999998,0.0,False,True,True,True,True,False,False,74,249,99,95,-0.02296137809753418,6131.845703125228,0.008967781073437306,0.0,74,99,True,0.0
0.0675,0.18,0.0,False,True,True,True,True,False,False,94,322,107,99,-0.022961221635341644,7131.377441406307,0.008211427154594376,0.0,94,107,True,0.0
0.0675,0.2,0.0,False,True,True,True,True,False,False,94,318,157,153,-0.02095986157655716,5459.312988281454,0.008545517779605707,0.0,94,157,True,0.0
0.0675,0.22000000000000003,0.0,False,True,True,True,True,False,False,76,273,121,99,-0.02095986157655716,9862.902343750367,0.009358772472637744,0.0,76,121,True,0.0
0.0675,0.24000000000000005,0.0,False,True,True,True,True,False,False,58,200,101,96,-0.020959876477718353,6387.365722656488,0.010792763473674223,0.0,58,101,True,0.0
0.0675,0.26000000000000006,0.0,True,False,True,True,True,True,False,47,167,88,78,-0.020959876477718353,8736.918945312826,0.003985943144778478,0.0,47,88,True,0.0
0.0675,0.2800000000000001,0.0,True,False,True,True,True,True,False,44,153,81,77,-0.020959876477718353,7320.48912095912,0.04234738065859528,0.0,44,81,True,0.0
0.0675,0.3,0.0,True,False,True,True,True,True,False,47,162,82,74,-0.020959876477718353,6550.033203125244,0.012427106390142544,0.0,47,82,True,0.0
0.0675,0.32,0.0,True,False,True,True,True,True,False,39,142,56,52,-0.015421509742736816,6761.345885266419,0.04930858620053382,0.0,39,56,True,0.0
0.0675,0.34,0.0,True,False,False,False,False,False,False,16,55,0,0,0.004426747560501099,0.0,1.4901161193847656e-08,0.0,15,0,False,0.0
0.0675,0.36000000000000004,0.0,True,False,False,False,False,False,False,0,0,0,0,,0.0,1.4901161193847656e-08,0.0,0,0,False,0.0
0.0675,0.38000000000000006,0.0,True,False,False,False,False,False,False,0,0,0,0,,0.0,1.4901161193847656e-08,0.0,0,0,False,0.0
0.0675,0.4000000000000001,0.0,True,False,False,False,False,False,False,0,0,0,0,,0.0,1.4901161193847656e-08,0.0,0,0,False,0.0
0.0675,0.42,0.0,True,False,False,False,False,False,False,0,0,0,0,,0.0,1.4901161193847656e-08,0.0,0,0,False,0.0
0.0675,-0.42,0.019999999999999962,True,False,False,False,False,False,False,0,0,0,0,,0.0,1.4901161193847656e-08,0.0,0,0,False,0.0
0.0675,-0.39999999999999997,0.019999999999999962,True,False,False,False,False,False,False,0,0,0,0,,0.0,1.4901161193847656e-08,0.0,0,0,False,0.0
0.0675,-0.38,0.019999999999999962,True,False,False,False,False,False,False,0,0,0,0,,0.0,1.4901161193847656e-08,0.0,0,0,False,0.0
0.0675,-0.36,0.019999999999999962,True,False,False,False,False,False,False,0,0,0,0,,0.0,1.4901161193847656e-08,0.0,0,0,False,0.0
0.0675,-0.33999999999999997,0.019999999999999962,True,False,False,False,False,False,False,20,71,0,0,0.006578236818313599,0.0,1.4901161193847656e-08,0.0,20,0,False,0.0
0.0675,-0.31999999999999995,0.019999999999999962,True,False,True,True,True,True,False,49,174,75,45,-0.013416588306427002,6704.372770496095,0.037814266562574625,0.0,49,75,True,0.0
0.0675,-0.3,0.019999999999999962,True,False,True,True,True,True,False,66,226,105,79,-0.020959816873073578,6689.321777343999,0.026982471993376368,0.0,66,105,True,0.0
0.0675,-0.27999999999999997,0.019999999999999962,True,False,True,True,True,True,False,59,206,86,78,-0.020959816873073578,8601.01074218782,0.04005406997917957,0.0,59,86,True,0.0
0.0675,-0.26,0.019999999999999962,True,False,True,True,True,True,False,56,196,83,68,-0.02095983177423477,8940.365234375333,0.024575233524752698,0.0,56,83,True,0.0
0.0675,-0.24,0.019999999999999962,False,True,True,True,True,False,False,65,231,117,100,-0.02095983177423477,6458.120605468929,0.009546822003950694,0.0,65,117,True,0.0
0.0675,-0.21999999999999997,0.019999999999999962,False,True,True,True,True,False,False,72,259,125,109,-0.02095983177423477,8573.96289062532,0.00410758536896808,0.0,72,125,True,0.0
0.0675,-0.19999999999999998,0.019999999999999962,False,True,True,True,True,False,False,80,269,123,96,-0.0227402001619339,6658.017089843998,0.021987238804294883,0.0,80,123,True,0.0
0.0675,-0.18,0.019999999999999962,False,True,True,True,True,False,False,97,336,108,97,-0.04274022579193115,7764.2578125000555,0.014879794531387878,0.0,97,108,True,0.0
0.0675,-0.15999999999999998,0.019999999999999962,False,True,True,True,True,False,False,98,342,152,118,-0.0429614782333374,8486.892475825543,0.0029981214215319555,0.0,98,152,True,0.0
0.0675,-0.13999999999999996,0.019999999999999962,False,True,True,True,True,False,False,106,347,114,104,-0.0429614782333374,5329.497558593898,0.015211011676121794,0.0,106,114,True,0.0
0.0675,-0.12,0.019999999999999962,False,True,True,True,True,False,False,118,381,142,126,-0.041480839252471924,10675.500976562576,0.004916499971386946,0.0,118,142,True,0.0
0.0675,-0.09999999999999998,0.019999999999999962,False,True,True,True,True,False,False,127,451,188,160,-0.021480843424797058,11244.86523437542,0.01990438854094012,0.0,127,188,True,0.0
0.0675,-0.07999999999999996,0.019999999999999962,False,True,True,True,True,False,False,121,443,189,168,-0.020959846675395966,7305.093261719022,0.015119360940640682,0.0,121,189,True,0.0
0.0675,-0.06,0.019999999999999962,False,True,True,True,True,False,False,105,380,179,165,-0.020959846675395966,8037.671875000299,0.013805402348203318,0.0,105,179,True,0.0
0.0675,-0.03999999999999998,0.019999999999999962,False,True,True,True,True,False,False,120,430,153,140,-0.03743569552898407,7163.549316406326,0.014236886049670624,0.0,120,153,True,0.0
0.0675,-0.019999999999999962,0.019999999999999962,False,True,True,True,True,False,False,113,411,222,208,-0.04296140372753143,7016.578125000262,0.0062552855321089534,0.0,113,222,True,0.0
0.0675,0.0,0.019999999999999962,False,True,True,True,True,False,False,111,400,184,149,-0.04296140372753143,8318.73925781281,0.01359930128076481,0.0,111,184,True,0.0
0.0675,0.020000000000000018,0.019999999999999962,False,True,True,True,True,False,False,106,353,135,121,-0.04296140372753143,11141.953125000415,0.006367273476008104,0.0,106,135,True,0.0
0.0675,0.040000000000000036,0.019999999999999962,False,True,True,True,True,False,False,120,420,152,128,-0.02678535506129265,8757.037109375327,0.009975561741018438,0.0,120,152,True,0.0
0.0675,0.06,0.019999999999999962,False,True,True,True,True,False,False,114,420,225,196,-0.02095986157655716,7803.822265625291,0.006695620213734392,0.0,114,225,True,0.0
0.0675,0.08000000000000002,0.019999999999999962,False,True,True,True,True,False,False,120,446,182,170,-0.02095986157655716,7169.229980469017,0.006569011630159297,0.0,120,182,True,0.0
0.0675,0.10000000000000003,0.019999999999999962,False,True,True,True,True,False,False,115,401,182,166,-0.03213120251893997,9660.913085937576,0.014429984114800128,0.0,115,182,True,0.0
0.0675,0.12000000000000005,0.019999999999999962,False,True,True,True,True,False,False,103,371,155,136,-0.042961373925209045,6456.247558593991,0.009669287065199792,0.0,103,155,True,0.0
0.0675,0.14000000000000007,0.019999999999999962,False,True,True,True,True,False,False,91,306,111,101,-0.042961373925209045,5926.720214843971,0.010153456424400175,0.0,91,111,True,0.0
0.0675,0.15999999999999998,0.019999999999999962,False,True,True,True,True,False,False,75,247,99,95,-0.042961373925209045,5409.647460937668,0.013922493020066682,0.0,75,99,True,0.0
0.0675,0.18,0.019999999999999962,False,True,True,True,True,False,False,98,336,107,99,-0.032089874148368835,8127.8500976563155,0.008717560918987326,0.0,98,107,True,0.0
0.0675,0.2,0.019999999999999962,False,True,True,True,True,False,False,90,306,157,153,-0.02095986157655716,7493.178222656529,0.015040630161904059,0.0,90,157,True,0.0
0.0675,0.22000000000000003,0.019999999999999962,False,True,True,True,True,False,False,75,270,121,99,-0.02095986157655716,7588.629394531533,0.010093884487677405,0.0,75,121,True,0.0
0.0675,0.24000000000000005,0.019999999999999962,False,True,True,True,True,False,False,60,206,101,96,-0.02095986157655716,8554.03906250007,0.017019045569609793,0.0,60,101,True,0.0
0.0675,0.26000000000000006,0.019999999999999962,True,False,True,True,True,True,False,50,177,88,78,-0.020959876477718353,9113.66894531284,0.0122839849985943,0.0,50,88,True,0.0
0.0675,0.2800000000000001,0.019999999999999962,True,False,True,True,True,True,False,47,163,81,77,-0.020959876477718353,6292.915039062735,0.02625937738731307,0.0,47,81,True,0.0
0.0675,0.3,0.019999999999999962,True,False,True,True,True,True,False,50,172,82,74,-0.020959876477718353,6492.262695312742,0.05339491609606805,0.0,50,82,True,0.0
0.0675,0.32,0.019999999999999962,True,False,True,True,True,True,False,42,151,56,52,-0.015421509742736816,6822.833007812555,0.05366435403365021,0.0,42,56,True,0.0
0.0675,0.34,0.019999999999999962,True,False,False,False,False,False,False,16,55,0,0,0.004426747560501099,0.0,1.4901161193847656e-08,0.0,16,0,False,0.0
0.0675,0.36000000000000004,0.019999999999999962,True,False,False,False,False,False,False,0,0,0,0,,0.0,1.4901161193847656e-08,0.0,0,0,False,0.0
0.0675,0.38000000000000006,0.019999999999999962,True,False,False,False,False,False,False,0,0,0,0,,0.0,1.4901161193847656e-08,0.0,0,0,False,0.0
0.0675,0.4000000000000001,0.019999999999999962,True,False,False,False,False,False,False,0,0,0,0,,0.0,1.4901161193847656e-08,0.0,0,0,False,0.0
0.0675,0.42,0.019999999999999962,True,False,False,False,False,False,False,0,0,0,0,,0.0,1.4901161193847656e-08,0.0,0,0,False,0.0
0.0675,-0.42,0.03999999999999998,True,False,False,False,False,False,False,0,0,0,0,,0.0,1.4901161193847656e-08,0.0,0,0,False,0.0
0.0675,-0.39999999999999997,0.03999999999999998,True,False,False,False,False,False,False,0,0,0,0,,0.0,1.4901161193847656e-08,0.0,0,0,False,0.0
0.0675,-0.38,0.03999999999999998,True,False,False,False,False,False,False,0,0,0,0,,0.0,1.4901161193847656e-08,0.0,0,0,False,0.0
0.0675,-0.36,0.03999999999999998,True,False,False,False,False,False,False,0,0,0,0,,0.0,1.4901161193847656e-08,0.0,0,0,False,0.0
0.0675,-0.33999999999999997,0.03999999999999998,True,False,False,False,False,False,False,21,75,0,0,0.006578236818313599,0.0,1.4901161193847656e-08,0.0,21,0,False,0.0
0.0675,-0.31999999999999995,0.03999999999999998,True,False,True,True,True,True,False,51,185,78,49,-0.013416588306427002,6856.250811940875,0.03280419329588547,0.0,51,78,True,0.0
0.0675,-0.3,0.03999999999999998,True,False,True,True,True,True,False,72,250,105,79,-0.020959816873073578,5274.750976562696,0.012345917418635432,0.0,72,105,True,0.0
0.0675,-0.27999999999999997,0.03999999999999998,True,False,True,True,True,True,False,66,237,101,93,-0.020959816873073578,5578.026241594059,0.06457120355036479,0.0,66,101,True,0.0
0.0675,-0.26,0.03999999999999998,True,False,True,True,True,True,False,66,228,97,82,-0.020959816873073578,6622.186738483409,0.02159525964605644,0.0,66,97,True,0.0
0.0675,-0.24,0.03999999999999998,False,True,True,True,True,False,False,73,263,126,108,-0.02095983177423477,7049.492187500219,0.014687993678769844,0.0,73,126,True,0.0
0.0675,-0.21999999999999997,0.03999999999999998,False,True,True,True,True,False,False,82,299,134,114,-0.02095983177423477,8151.509277344003,0.008215578897315595,0.0,82,134,True,0.0
0.0675,-0.19999999999999998,0.03999999999999998,False,True,True,True,True,False,False,93,316,135,107,-0.02150866389274597,8211.992187500058,0.010750905602112955,0.0,93,135,True,0.0
0.0675,-0.18,0.03999999999999998,False,True,True,True,True,False,False,108,372,120,109,-0.027208246290683746,8020.775228379028,0.00794345352826052,0.0,108,120,True,0.0
0.0675,-0.15999999999999998,0.03999999999999998,False,True,True,True,True,False,False,108,387,158,129,-0.027208246290683746,7642.994628906487,0.007664968593332239,0.0,108,158,True,0.0
0.0675,-0.13999999999999996,0.03999999999999998,False,True,True,True,True,False,False,114,386,131,119,-0.027208246290683746,7316.128417969023,0.009798414369828009,0.0,114,131,True,0.0
0.0675,-0.12,0.03999999999999998,False,True,True,True,True,False,False,131,432,154,138,-0.027208246290683746,5797.042480468966,0.00654648315770296,0.0,131,154,True,0.0
0.0675,-0.09999999999999998,0.03999999999999998,False,True,True,True,True,False,False,138,491,204,178,-0.020959846675395966,7783.255888718992,0.005187721339899079,0.0,138,204,True,0.0
0.0675,-0.07999999999999996,0.03999999999999998,False,True,True,True,True,False,False,132,487,199,178,-0.020959846675395966,7057.099609375263,0.006973743686050771,0.0,132,199,True,0.0
0.0675,-0.06,0.03999999999999998,False,True,True,True,True,False,False,117,427,188,173,-0.020959846675395966,6451.06152343774,0.013221248827912641,0.0,117,188,True,0.0
0.0675,-0.03999999999999998,0.03999999999999998,False,True,True,True,True,False,False,124,453,162,149,-0.027208320796489716,6029.909667968975,0.005899886352549382,0.0,124,162,True,0.0
0.0675,-0.019999999999999962,0.03999999999999998,False,True,True,True,True,False,False,122,454,218,204,-0.027208320796489716,6860.582519531506,0.007754896081386376,0.0,122,218,True,0.0
0.0675,0.0,0.03999999999999998,False,True,True,True,True,False,False,118,435,188,157,-0.027208320796489716,7431.469238281527,0.011592454883021935,0.0,119,188,True,0.0
0.0675,0.020000000000000018,0.03999999999999998,False,True,True,True,True,False,False,113,388,147,133,-0.027208320796489716,7708.793457031537,0.005233220492920097,0.0,113,147,True,0.0
0.0675,0.040000000000000036,0.03999999999999998,False,True,True,True,True,False,False,126,449,163,139,-0.025571662932634354,8768.873046875093,0.010195648464983746,0.0,126,163,True,0.0
0.0675,0.06,0.03999999999999998,False,True,True,True,True,False,False,127,476,224,199,-0.02095986157655716,5347.982910156449,0.008022788517732716,0.0,127,224,True,0.0
0.0675,0.08000000000000002,0.03999999999999998,False,True,True,True,True,False,False,129,489,195,179,-0.02095986157655716,7444.829101562777,0.004242874002392146,0.0,129,195,True,0.0
0.0675,0.10000000000000003,0.03999999999999998,False,True,True,True,True,False,False,128,454,199,183,-0.027208350598812103,8508.074178743664,0.008618542987420126,0.0,128,199,True,0.0
0.0675,0.12000000000000005,0.03999999999999998,False,True,True,True,True,False,False,116,422,174,155,-0.027208350598812103,7309.881347656523,0.007231742225979552,0.0,116,174,True,0.0
0.0675,0.14000000000000007,0.03999999999999998,False,True,True,True,True,False,False,102,356,124,112,-0.027208350598812103,5829.859375000217,0.00684371643721973,0.0,102,124,True,0.0
0.0675,0.15999999999999998,0.03999999999999998,False,True,True,True,True,False,False,85,295,115,109,-0.027208350598812103,6887.9243164065065,0.007655221479860492,0.0,85,115,True,0.0
0.0675,0.18,0.03999999999999998,False,True,True,True,True,False,False,106,362,124,114,-0.027208350598812103,7089.07373046897,0.008098745947152732,0.0,106,124,True,0.0
0.0675,0.2,0.03999999999999998,False,True,True,True,True,False,False,101,352,155,149,-0.02095986157655716,6705.20996093775,0.01733917177974049,0.0,101,155,True,0.0
0.0675,0.22000000000000003,0.03999999999999998,False,True,True,True,True,False,False,81,300,127,107,-0.02095986157655716,6557.508789062745,0.007234937823428263,0.0,81,127,True,0.0
0.0675,0.24000000000000005,0.03999999999999998,False,True,True,True,True,False,False,70,243,112,104,-0.02095986157655716,6829.378417968805,0.009526510561413487,0.0,70,112,True,0.0
0.0675,0.26000000000000006,0.03999999999999998,True,False,True,True,True,True,False,58,205,101,91,-0.02095986157655716,7885.286621094044,0.009246372723174358,0.0,59,101,True,0.0
0.0675,0.2800000000000001,0.03999999999999998,True,False,True,True,True,True,False,53,192,94,90,-0.020959876477718353,6753.452148437709,0.020225412492548254,0.0,53,94,True,0.0
0.0675,0.3,0.03999999999999998,True,False,True,True,True,True,False,57,199,92,84,-0.020959876477718353,7123.125976562766,0.03614747778897767,0.0,57,92,True,0.0
0.0675,0.32,0.03999999999999998,True,False,True,True,True,True,False,49,170,64,58,-0.015421509742736816,5746.181640625046,0.05115854085408572,0.0,49,64,True,0.0
0.0675,0.34,0.03999999999999998,True,False,False,False,False,False,False,17,59,0,0,0.004426747560501099,0.0,1.4901161193847656e-08,0.0,17,0,False,0.0
0.0675,0.36000000000000004,0.03999999999999998,True,False,False,False,False,False,False,0,0,0,0,,0.0,1.4901161193847656e-08,0.0,0,0,False,0.0
0.0675,0.38000000000000006,0.03999999999999998,True,False,False,False,False,False,False,0,0,0,0,,0.0,1.4901161193847656e-08,0.0,0,0,False,0.0
0.0675,0.4000000000000001,0.03999999999999998,True,False,False,False,False,False,False,0,0,0,0,,0.0,1.4901161193847656e-08,0.0,0,0,False,0.0
0.0675,0.42,0.03999999999999998,True,False,False,False,False,False,False,0,0,0,0,,0.0,1.4901161193847656e-08,0.0,0,0,False,0.0
0.0675,-0.42,0.06,True,False,False,False,False,False,False,0,0,0,0,,0.0,1.4901161193847656e-08,0.0,0,0,False,0.0
0.0675,-0.39999999999999997,0.06,True,False,False,False,False,False,False,0,0,0,0,,0.0,1.4901161193847656e-08,0.0,0,0,False,0.0
0.0675,-0.38,0.06,True,False,False,False,False,False,False,0,0,0,0,,0.0,1.4901161193847656e-08,0.0,0,0,False,0.0
0.0675,-0.36,0.06,True,False,False,False,False,False,False,0,0,0,0,,0.0,1.4901161193847656e-08,0.0,0,0,False,0.0
0.0675,-0.33999999999999997,0.06,True,False,False,False,False,False,False,20,72,0,0,0.006578236818313599,0.0,1.4901161193847656e-08,0.0,20,0,False,0.0
0.0675,-0.31999999999999995,0.06,True,False,True,True,True,True,False,50,179,76,52,-0.01332758367061615,5175.273858704348,0.030831706200156447,0.0,50,76,True,0.0
0.0675,-0.3,0.06,True,False,True,True,True,True,False,66,222,86,74,-0.020959816873073578,5340.144531250148,0.02894762187383992,0.0,66,86,True,0.0
0.0675,-0.27999999999999997,0.06,True,False,True,True,True,True,False,62,207,81,73,-0.020959816873073578,7207.8759765627,0.025849418375124538,0.0,62,81,True,0.0
0.0675,-0.26,0.06,True,False,True,True,True,True,False,64,215,74,56,-0.020959816873073578,6596.554687500246,0.019714875609921963,0.0,64,74,True,0.0
0.0675,-0.24,0.06,False,True,True,True,True,False,False,72,252,115,92,-0.020959816873073578,6867.157226562555,0.0157719119818222,0.0,72,115,True,0.0
0.0675,-0.21999999999999997,0.06,False,True,True,True,True,False,False,82,286,124,106,-0.02095983177423477,7527.291992187781,0.004396911442753764,0.0,82,124,True,0.0
0.0675,-0.19999999999999998,0.06,False,True,True,True,True,False,False,94,306,134,97,-0.02095983177423477,5137.640136718791,0.008984984163985552,0.0,94,134,True,0.0
0.0675,-0.18,0.06,False,True,True,True,True,False,False,107,370,119,105,-0.02095983177423477,6955.307617187759,0.019432667871712807,0.0,107,119,True,0.0
0.0675,-0.15999999999999998,0.06,False,True,True,True,True,False,False,105,366,150,118,-0.02095983177423477,8468.727539062817,0.00965647893306948,0.0,105,150,True,0.0
0.0675,-0.13999999999999996,0.06,False,True,True,True,True,False,False,112,360,123,104,-0.02095983177423477,7863.805175781543,0.01358288668854971,0.0,112,123,True,0.0
0.0675,-0.12,0.06,False,True,True,True,True,False,False,132,423,133,109,-0.02095983177423477,6918.886921948273,0.005273561820431544,0.0,132,133,True,0.0
0.0675,-0.09999999999999998,0.06,False,True,True,True,True,False,False,138,484,191,151,-0.020959846675395966,8569.304755603194,0.007972362614703268,0.0,138,191,True,0.0
0.0675,-0.07999999999999996,0.06,False,True,True,True,True,False,False,129,465,186,154,-0.020959846675395966,7717.004394531537,0.01491496411950463,0.0,129,186,True,0.0
0.0675,-0.06,0.06,False,True,True,True,True,False,False,119,417,182,153,-0.020959846675395966,6409.281250000239,0.009190997908847965,0.0,119,182,True,0.0
0.0675,-0.03999999999999998,0.06,False,True,True,True,True,False,False,126,448,153,127,-0.020959846675395966,6414.563964843989,0.0073128771114942615,0.0,126,153,True,0.0
0.0675,-0.019999999999999962,0.06,False,True,True,True,True,False,False,121,433,210,183,-0.020959846675395966,7781.41601562529,0.01327510336949957,0.0,121,210,True,0.0
0.0675,0.0,0.06,False,True,True,True,True,False,False,119,422,180,136,-0.020959846675395966,7279.216796875271,0.008775310448022553,0.0,119,180,True,0.0
0.0675,0.020000000000000018,0.06,False,True,True,True,True,False,False,113,381,139,112,-0.020959846675395966,9075.875976562838,0.0195627518671344,0.0,113,139,True,0.0
0.0675,0.040000000000000036,0.06,False,True,True,True,True,False,False,126,443,155,118,-0.02095986157655716,7254.118652344021,0.004871747423878406,0.0,126,155,True,0.0
0.0675,0.06,0.06,False,True,True,True,True,False,False,127,455,219,181,-0.02095986157655716,7721.589355469038,0.01081795868396472,0.0,127,219,True,0.0
0.0675,0.08000000000000002,0.06,False,True,True,True,True,False,False,130,474,189,164,-0.02095986157655716,6450.4341273051505,0.010452826226613879,0.0,130,189,True,0.0
0.0675,0.10000000000000003,0.06,False,True,True,True,True,False,False,129,446,190,161,-0.020959846675395966,8358.924804687813,0.009203041182288069,0.0,129,190,True,0.0
0.0675,0.12000000000000005,0.06,False,True,True,True,True,False,False,118,412,150,116,-0.020959846675395966,8840.05859375033,0.011173657650126236,0.0,118,150,True,0.0
0.0675,0.14000000000000007,0.06,False,True,True,True,True,False,False,103,337,119,95,-0.020959846675395966,7670.4633789065365,0.009534193351418321,0.0,103,119,True,0.0
0.0675,0.15999999999999998,0.06,False,True,True,True,True,False,False,86,291,111,94,-0.020959846675395966,6468.558105468991,0.005645264901164515,0.0,86,111,True,0.0
0.0675,0.18,0.06,False,True,True,True,True,False,False,104,356,122,100,-0.02095986157655716,6047.107421875226,0.003178277721160589,0.0,104,122,True,0.0
0.0675,0.2,0.06,False,True,True,True,True,False,False,99,333,161,143,-0.02095986157655716,6958.795410156509,0.009386328368217105,0.0,99,161,True,0.0
0.0675,0.22000000000000003,0.06,False,True,True,True,True,False,False,83,297,124,96,-0.02095986157655716,6206.369628906481,0.009651487339732324,0.0,83,124,True,0.0
0.0675,0.24000000000000005,0.06,False,True,True,True,True,False,False,66,230,99,84,-0.02095986157655716,7735.453125000288,0.0126551249012658,0.0,66,99,True,0.0
0.0675,0.26000000000000006,0.06,True,False,True,True,True,True,False,58,194,77,60,-0.02095986157655716,5998.274414062724,0.012746173657461711,0.0,58,77,True,0.0
0.0675,0.2800000000000001,0.06,True,False,True,True,True,True,False,52,180,76,64,-0.02095986157655716,7725.880371094038,0.015524609701973247,0.0,52,76,True,0.0
0.0675,0.3,0.06,True,False,True,True,True,True,False,56,185,74,58,-0.02095986157655716,5941.375488281471,0.03423371047004801,0.0,56,74,True,0.0
0.0675,0.32,0.06,True,False,True,True,True,True,False,47,155,59,47,-0.015421509742736816,5285.214843750042,0.07257023548418295,0.0,47,59,True,0.0
0.0675,0.34,0.06,True,False,False,False,False,False,False,19,60,0,0,0.004426747560501099,0.0,1.4901161193847656e-08,0.0,19,0,False,0.0
0.0675,0.36000000000000004,0.06,True,False,False,False,False,False,False,0,0,0,0,,0.0,1.4901161193847656e-08,0.0,0,0,False,0.0
0.0675,0.38000000000000006,0.06,True,False,False,False,False,False,False,0,0,0,0,,0.0,1.4901161193847656e-08,0.0,0,0,False,0.0
0.0675,0.4000000000000001,0.06,True,False,False,False,False,False,False,0,0,0,0,,0.0,1.4901161193847656e-08,0.0,0,0,False,0.0
0.0675,0.42,0.06,True,False,False,False,False,False,False,0,0,0,0,,0.0,1.4901161193847656e-08,0.0,0,0,False,0.0
0.0675,-0.42,0.07999999999999996,True,False,False,False,False,False,False,0,0,0,0,,0.0,1.4901161193847656e-08,0.0,0,0,False,0.0
0.0675,-0.39999999999999997,0.07999999999999996,True,False,False,False,False,False,False,0,0,0,0,,0.0,1.4901161193847656e-08,0.0,0,0,False,0.0
0.0675,-0.38,0.07999999999999996,True,False,False,False,False,False,False,0,0,0,0,,0.0,1.4901161193847656e-08,0.0,0,0,False,0.0
0.0675,-0.36,0.07999999999999996,True,False,False,False,False,False,False,0,0,0,0,,0.0,1.4901161193847656e-08,0.0,0,0,False,0.0
0.0675,-0.33999999999999997,0.07999999999999996,True,False,False,False,False,False,False,15,55,0,0,0.006578236818313599,0.0,1.4901161193847656e-08,0.0,15,0,False,0.0
0.0675,-0.31999999999999995,0.07999999999999996,True,False,True,True,True,True,False,45,153,64,40,-0.01332758367061615,6377.992330924221,0.010044324280851695,0.0,45,64,True,0.0
0.0675,-0.3,0.07999999999999996,True,False,True,True,True,True,False,54,183,79,63,-0.020959801971912384,6295.959472656485,0.028255607389423107,0.0,54,79,True,0.0
0.0675,-0.27999999999999997,0.07999999999999996,True,False,True,True,True,True,False,49,165,74,62,-0.020959801971912384,8557.165039062818,0.02969464540914084,0.0,49,74,True,0.0
0.0675,-0.26,0.07999999999999996,True,False,True,True,True,True,False,50,164,66,48,-0.020959816873073578,6403.924804687738,0.03827729128709114,0.0,50,66,True,0.0
0.0675,-0.24,0.07999999999999996,False,True,True,True,True,False,False,60,214,91,70,-0.020959816873073578,6667.503417968804,0.0236767136541329,0.0,60,91,True,0.0
0.0675,-0.21999999999999997,0.07999999999999996,False,True,True,True,True,False,False,69,231,114,94,-0.020959816873073578,7381.441406250275,0.01831029310396825,0.0,69,114,True,0.0
0.0675,-0.19999999999999998,0.07999999999999996,False,True,True,True,True,False,False,83,270,104,83,-0.025854818522930145,10027.357421875373,0.022943551205841854,0.0,83,104,True,0.0
0.0675,-0.18,0.07999999999999996,False,True,True,True,True,False,False,99,315,99,90,-0.02585480362176895,7626.085937500285,0.006136460443369222,0.0,99,99,True,0.0
0.0675,-0.15999999999999998,0.07999999999999996,False,True,True,True,True,False,False,95,318,147,110,-0.02585480362176895,7168.7719316385865,0.0036831365745597713,0.0,95,147,True,0.0
0.0675,-0.13999999999999996,0.07999999999999996,False,True,True,True,True,False,False,96,317,118,96,-0.02585480362176895,9836.361328125367,0.015222715788695948,0.0,96,118,True,0.0
0.0675,-0.12,0.07999999999999996,False,True,True,True,True,False,False,120,359,122,106,-0.02585480362176895,6824.000976562755,0.011259940192899482,0.0,120,122,True,0.0
0.0675,-0.09999999999999998,0.07999999999999996,False,True,True,True,True,False,False,123,419,173,140,-0.02585480362176895,9823.659179687866,0.008266900852076728,0.0,123,173,True,0.0
0.0675,-0.07999999999999996,0.07999999999999996,False,True,True,True,True,False,False,116,400,175,152,-0.02585480362176895,10478.562500000391,0.018417121456589795,0.0,116,175,True,0.0
0.0675,-0.06,0.07999999999999996,False,True,True,True,True,False,False,108,380,155,128,-0.02585480362176895,9379.75195312535,0.008195623764720847,0.0,108,155,True,0.0
0.0675,-0.03999999999999998,0.07999999999999996,False,True,True,True,True,False,False,116,405,133,127,-0.02585480362176895,6077.9438476564765,0.00920310314632606,0.0,116,133,True,0.0
0.0675,-0.019999999999999962,0.07999999999999996,False,True,True,True,True,False,False,110,386,198,172,-0.02585480362176895,9184.981445312842,0.01125424982788952,0.0,110,198,True,0.0
0.0675,0.0,0.07999999999999996,False,True,True,True,True,False,False,111,386,169,134,-0.02585480362176895,9785.162109375366,0.021932998877555995,0.0,112,169,True,0.0
0.0675,0.020000000000000018,0.07999999999999996,False,True,True,True,True,False,False,104,336,128,112,-0.02585480362176895,6134.646484375229,0.0010339881149404307,0.0,104,128,True,0.0
0.0675,0.040000000000000036,0.07999999999999996,False,True,True,True,True,False,False,113,387,143,113,-0.02585480362176895,6008.657714843974,0.013295181238200674,0.0,113,143,True,0.0
0.0675,0.06,0.07999999999999996,False,True,True,True,True,False,False,116,406,194,169,-0.02585480362176895,8855.02148437533,0.019928503001670945,0.0,116,194,True,0.0
0.0675,0.08000000000000002,0.07999999999999996,False,True,True,True,True,False,False,113,410,163,143,-0.02585480362176895,8321.07519531281,0.0082504365814201,0.0,113,163,True,0.0
0.0675,0.10000000000000003,0.07999999999999996,False,True,True,True,True,False,False,114,387,155,146,-0.02585480362176895,9098.345703125338,0.012466378396198572,0.0,114,155,True,0.0
0.0675,0.12000000000000005,0.07999999999999996,False,True,True,True,True,False,False,96,336,135,119,-0.02585480362176895,8485.398437500317,0.00519369776817309,0.0,96,135,True,0.0
0.0675,0.14000000000000007,0.07999999999999996,False,True,True,True,True,False,False,86,289,105,93,-0.02585480362176895,8297.29882812531,0.007908130193503844,0.0,86,105,True,0.0
0.0675,0.15999999999999998,0.07999999999999996,False,True,True,True,True,False,False,76,242,101,94,-0.02585480362176895,5680.710937500176,0.002241145477831887,0.0,76,101,True,0.0
0.0675,0.18,0.07999999999999996,False,True,True,True,True,False,False,94,309,101,92,-0.025854788720607758,7769.626464844039,0.011043185277918833,0.0,94,101,True,0.0
0.0675,0.2,0.07999999999999996,False,True,True,True,True,False,False,88,297,128,122,-0.025853551924228668,8881.270507812831,0.013657160891529919,0.0,88,128,True,0.0
0.0675,0.22000000000000003,0.07999999999999996,False,True,True,True,True,False,False,70,240,109,88,-0.020959846675395966,8077.705078125301,0.01790301688112347,0.0,70,109,True,0.0
0.0675,0.24000000000000005,0.07999999999999996,False,True,True,True,True,False,False,57,195,71,69,-0.020959846675395966,9085.535156250338,0.024103338012330194,0.0,57,71,True,0.0
0.0675,0.26000000000000006,0.07999999999999996,True,False,True,True,True,True,False,44,153,62,59,-0.020959846675395966,6256.674804687734,0.02070173675305355,0.0,44,62,True,0.0
0.0675,0.2800000000000001,0.07999999999999996,True,False,True,True,True,True,False,43,144,64,64,-0.020959846675395966,8860.889648437831,0.0352753438030209,0.0,43,64,True,0.0
0.0675,0.3,0.07999999999999996,True,False,True,True,True,True,False,46,148,62,58,-0.020959846675395966,6205.481933593981,0.026948789387657178,0.0,46,62,True,0.0
0.0675,0.32,0.07999999999999996,True,False,True,True,True,True,False,37,126,44,44,-0.015421509742736816,5991.907385859799,0.06444849288100675,0.0,37,44,True,0.0
0.0675,0.34,0.07999999999999996,True,False,False,False,False,False,False,15,47,0,0,0.004426747560501099,0.0,1.4901161193847656e-08,0.0,15,0,False,0.0
0.0675,0.36000000000000004,0.07999999999999996,True,False,False,False,False,False,False,0,0,0,0,,0.0,1.4901161193847656e-08,0.0,0,0,False,0.0
0.0675,0.38000000000000006,0.07999999999999996,True,False,False,False,False,False,False,0,0,0,0,,0.0,1.4901161193847656e-08,0.0,0,0,False,0.0
0.0675,0.4000000000000001,0.07999999999999996,True,False,False,False,False,False,False,0,0,0,0,,0.0,1.4901161193847656e-08,0.0,0,0,False,0.0
0.0675,0.42,0.07999999999999996,True,False,False,False,False,False,False,0,0,0,0,,0.0,1.4901161193847656e-08,0.0,0,0,False,0.0
0.0675,-0.42,0.09999999999999998,True,False,False,False,False,False,False,0,0,0,0,,0.0,1.4901161193847656e-08,0.0,0,0,False,0.0
0.0675,-0.39999999999999997,0.09999999999999998,True,False,False,False,False,False,False,0,0,0,0,,0.0,1.4901161193847656e-08,0.0,0,0,False,0.0
0.0675,-0.38,0.09999999999999998,True,False,False,False,False,False,False,0,0,0,0,,0.0,1.4901161193847656e-08,0.0,0,0,False,0.0
0.0675,-0.36,0.09999999999999998,True,False,False,False,False,False,False,0,0,0,0,,0.0,1.4901161193847656e-08,0.0,0,0,False,0.0
0.0675,-0.33999999999999997,0.09999999999999998,True,False,False,False,False,False,False,13,46,0,0,0.006578236818313599,0.0,1.4901161193847656e-08,0.0,13,0,False,0.0
0.0675,-0.31999999999999995,0.09999999999999998,True,False,True,True,True,True,False,35,112,47,39,-0.01332758367061615,6656.7317687619225,0.052196242221613766,0.0,35,47,True,0.0
0.0675,-0.3,0.09999999999999998,True,False,True,True,True,True,False,49,163,64,56,-0.020959801971912384,7805.897949219041,0.0296248946792927,0.0,49,64,True,0.0
0.0675,-0.27999999999999997,0.09999999999999998,True,False,True,True,True,True,False,46,164,69,65,-0.020959801971912384,10029.600585937873,0.005884315434914224,0.0,46,69,True,0.0
0.0675,-0.26,0.09999999999999998,True,False,True,True,True,True,False,45,153,66,56,-0.020959801971912384,5904.83398437522,0.034185588653315016,0.0,45,66,True,0.0
0.0675,-0.24,0.09999999999999998,False,True,True,True,True,False,False,49,187,71,67,-0.020959816873073578,6683.645996093804,0.018855340728541743,0.0,49,71,True,0.0
0.0675,-0.21999999999999997,0.09999999999999998,False,True,True,True,True,False,False,60,209,84,80,-0.020959816873073578,4388.788574218785,0.01121754730667732,0.0,60,84,True,0.0
0.0675,-0.19999999999999998,0.09999999999999998,False,True,True,True,True,False,False,70,224,87,83,-0.02664169669151306,9852.61425781258,0.010168290305813206,0.0,70,87,True,0.0
0.0675,-0.18,0.09999999999999998,False,True,True,True,True,False,False,70,226,76,69,-0.04191191494464874,11833.80957031294,0.04268547855402305,0.0,70,76,True,0.0
0.0675,-0.15999999999999998,0.09999999999999998,False,True,True,True,True,False,False,82,282,87,79,-0.04191191494464874,7165.322265625148,0.013727371810499031,0.0,82,87,True,0.0
0.0675,-0.13999999999999996,0.09999999999999998,False,True,True,True,True,False,False,88,298,101,93,-0.04191191494464874,6905.182617187757,0.017378320291874628,0.0,88,101,True,0.0
0.0675,-0.12,0.09999999999999998,False,True,True,True,True,False,False,104,345,117,110,-0.04191191494464874,6121.446777343978,0.012095077157990155,0.0,104,117,True,0.0
0.0675,-0.09999999999999998,0.09999999999999998,False,True,True,True,True,False,False,109,374,150,142,-0.04191192239522934,8020.678739679532,0.008790712196020088,0.0,109,150,True,0.0
0.0675,-0.07999999999999996,0.09999999999999998,False,True,True,True,True,False,False,102,359,129,120,-0.04191192239522934,6099.323242187689,0.01357867687357693,0.0,102,129,True,0.0
0.0675,-0.06,0.09999999999999998,False,True,True,True,True,False,False,90,319,124,119,-0.04191192239522934,7415.9223632815265,0.015739195305328916,0.0,90,124,True,0.0
0.0675,-0.03999999999999998,0.09999999999999998,False,True,True,True,True,False,False,92,309,105,101,-0.04191192239522934,6046.237792968976,0.014768659718083879,0.0,92,105,True,0.0
0.0675,-0.019999999999999962,0.09999999999999998,False,True,True,True,True,False,False,100,365,130,120,-0.04191192239522934,7503.004394531483,0.0031680699794227373,0.0,100,130,True,0.0
0.0675,0.0,0.09999999999999998,False,True,True,True,True,False,False,102,358,135,119,-0.04191192239522934,7669.8081054690365,0.0057315141588043204,0.0,102,135,True,0.0
0.0675,0.020000000000000018,0.09999999999999998,False,True,True,True,True,False,False,96,333,123,118,-0.04191192239522934,5490.195312500205,0.010032924994124816,0.0,96,123,True,0.0
0.0675,0.040000000000000036,0.09999999999999998,False,True,True,True,True,False,False,100,343,136,120,-0.04191192239522934,6150.415039062729,0.012731913649776829,0.0,100,136,True,0.0
0.0675,0.06,0.09999999999999998,False,True,True,True,True,False,False,99,368,138,123,-0.04191192239522934,7615.519531250284,0.008548009771710502,0.0,99,138,True,0.0
0.0675,0.08000000000000002,0.09999999999999998,False,True,True,True,True,False,False,92,341,124,120,-0.041911929845809937,6609.938476562706,0.01009042566662325,0.0,92,124,True,0.0
0.0675,0.10000000000000003,0.09999999999999998,False,True,True,True,True,False,False,94,323,133,129,-0.041911929845809937,7362.057385324135,0.012112039561021993,0.0,94,133,True,0.0
0.0675,0.12000000000000005,0.09999999999999998,False,True,True,True,True,False,False,88,322,111,95,-0.041911929845809937,5447.856259694745,0.015391297253172884,0.0,88,111,True,0.0
0.0675,0.14000000000000007,0.09999999999999998,False,True,True,True,True,False,False,74,262,88,80,-0.041911929845809937,7615.2558593752365,0.016097740001433086,0.0,74,88,True,0.0
0.0675,0.15999999999999998,0.09999999999999998,False,True,True,True,True,False,False,65,227,82,80,-0.041911929845809937,8607.297851562822,0.022005538400020563,0.0,65,82,True,0.0
0.0675,0.18,0.09999999999999998,False,True,True,True,True,False,False,79,248,91,83,-0.041911929845809937,9208.353515625073,0.023869306483209236,0.0,79,91,True,0.0
0.0675,0.2,0.09999999999999998,False,True,True,True,True,False,False,75,252,95,93,-0.0287797749042511,8104.707519531315,0.002507652436157407,0.0,75,95,True,0.0
0.0675,0.22000000000000003,0.09999999999999998,False,True,True,True,True,False,False,59,207,87,82,-0.020959846675395966,6505.418945312742,0.015454212560830238,0.0,59,87,True,0.0
0.0675,0.24000000000000005,0.09999999999999998,False,True,True,True,True,False,False,44,158,67,67,-0.020959846675395966,8951.499023437571,0.01863985754122974,0.0,44,67,True,0.0
0.0675,0.26000000000000006,0.09999999999999998,True,False,True,True,True,True,False,38,139,60,57,-0.020959846675395966,5984.34459203392,0.022416052115144344,0.0,38,60,True,0.0
0.0675,0.2800000000000001,0.09999999999999998,True,False,True,True,True,True,False,38,131,60,60,-0.020959846675395966,7629.925292969035,0.01349262808200887,0.0,38,60,True,0.0
0.0675,0.3,0.09999999999999998,True,False,True,True,True,True,False,40,128,52,48,-0.020959846675395966,7715.606933594037,0.016112975977058137,0.0,40,52,True,0.0
0.0675,0.32,0.09999999999999998,True,False,True,True,True,True,False,28,98,43,43,-0.015421509742736816,6044.371093750049,0.015912659736280976,0.0,28,43,True,0.0
0.0675,0.34,0.09999999999999998,True,False,False,False,False,False,False,14,46,0,0,0.004426747560501099,0.0,1.4901161193847656e-08,0.0,14,0,False,0.0
0.0675,0.36000000000000004,0.09999999999999998,True,False,False,False,False,False,False,0,0,0,0,,0.0,1.4901161193847656e-08,0.0,0,0,False,0.0
0.0675,0.38000000000000006,0.09999999999999998,True,False,False,False,False,False,False,0,0,0,0,,0.0,1.4901161193847656e-08,0.0,0,0,False,0.0
0.0675,0.4000000000000001,0.09999999999999998,True,False,False,False,False,False,False,0,0,0,0,,0.0,1.4901161193847656e-08,0.0,0,0,False,0.0
0.0675,0.42,0.09999999999999998,True,False,False,False,False,False,False,0,0,0,0,,0.0,1.4901161193847656e-08,0.0,0,0,False,0.0
0.0675,-0.42,0.12,True,False,False,False,False,False,False,0,0,0,0,,0.0,1.4901161193847656e-08,0.0,0,0,False,0.0
0.0675,-0.39999999999999997,0.12,True,False,False,False,False,False,False,0,0,0,0,,0.0,1.4901161193847656e-08,0.0,0,0,False,0.0
0.0675,-0.38,0.12,True,False,False,False,False,False,False,0,0,0,0,,0.0,1.4901161193847656e-08,0.0,0,0,False,0.0
0.0675,-0.36,0.12,True,False,False,False,False,False,False,0,0,0,0,,0.0,1.4901161193847656e-08,0.0,0,0,False,0.0
0.0675,-0.33999999999999997,0.12,True,False,False,False,False,False,False,12,39,0,0,0.006578236818313599,0.0,1.4901161193847656e-08,0.0,12,0,False,0.0
0.0675,-0.31999999999999995,0.12,True,False,True,True,True,True,False,26,90,36,32,-0.01332758367061615,6890.867530573484,0.04230823228212204,0.0,26,36,True,0.0
0.0675,-0.3,0.12,True,False,True,True,True,True,False,35,105,40,32,-0.020959801971912384,3512.280029297006,0.039403274137426655,0.0,35,40,True,0.0
0.0675,-0.27999999999999997,0.12,True,False,True,True,True,True,False,34,107,33,29,-0.020959801971912384,3153.7175292969923,0.05828238571458408,0.0,34,33,True,0.0
0.0675,-0.26,0.12,True,False,True,True,True,True,False,29,99,33,25,-0.020959801971912384,5252.070162895126,0.022724116075850693,0.0,29,33,True,0.0
0.0675,-0.24,0.12,False,True,True,True,True,False,False,35,118,38,34,-0.020959801971912384,7656.533691406536,0.02830101863385901,0.0,35,38,True,0.0
0.0675,-0.21999999999999997,0.12,False,True,True,True,True,False,False,40,129,49,45,-0.020959801971912384,5961.459472656297,0.029768352670362628,0.0,40,49,True,0.0
0.0675,-0.19999999999999998,0.12,False,True,True,True,True,False,False,45,146,52,48,-0.025410160422325134,9016.027343750073,0.029748661235623867,0.0,45,52,True,0.0
0.0675,-0.18,0.12,False,True,True,True,True,False,False,45,136,50,46,-0.029120370745658875,7247.491699218808,0.0218029375550535,0.0,45,50,True,0.0
0.0675,-0.15999999999999998,0.12,False,True,True,True,True,False,False,49,148,41,37,-0.02191191166639328,5110.282714843791,0.04152943038461393,0.0,49,41,True,0.0
0.0675,-0.13999999999999996,0.12,False,True,True,True,True,False,False,59,176,37,33,-0.02191191166639328,6474.355957031491,0.019051648408904352,0.0,59,37,True,0.0
0.0675,-0.12,0.12,False,True,True,True,True,False,False,69,211,61,55,-0.02191191166639328,6766.067871094002,0.007269265303957877,0.0,68,61,True,0.0
0.0675,-0.09999999999999998,0.12,False,True,True,True,True,False,False,73,237,78,74,-0.021911919116973877,9454.925749450096,0.005247826164885706,0.0,72,78,True,0.0
0.0675,-0.07999999999999996,0.12,False,True,True,True,True,False,False,69,220,67,63,-0.021911919116973877,7802.555664062743,0.015652303678238135,0.0,68,67,True,0.0
0.0675,-0.06,0.12,False,True,True,True,True,False,False,57,188,67,63,-0.021911919116973877,7200.894531250224,0.010104201675087276,0.0,57,67,True,0.0
0.0675,-0.03999999999999998,0.12,False,True,True,True,True,False,False,59,183,63,59,-0.021911919116973877,7695.252929687787,0.015036785420115202,0.0,59,63,True,0.0
0.0675,-0.019999999999999962,0.12,False,True,True,True,True,False,False,62,192,63,59,-0.021911919116973877,6884.6650390627565,0.011819482158442413,0.0,62,63,True,0.0
0.0675,0.0,0.12,False,True,True,True,True,False,False,65,203,63,59,-0.021911919116973877,6348.2143554689865,0.004436852866324966,0.0,66,63,True,0.0
0.0675,0.020000000000000018,0.12,False,True,True,True,True,False,False,62,194,63,59,-0.021911919116973877,8477.406250000317,0.017008262047105684,0.0,61,63,True,0.0
0.0675,0.040000000000000036,0.12,False,True,True,True,True,False,False,66,210,63,59,-0.021911919116973877,6902.446777344007,0.014529290608660282,0.0,65,63,True,0.0
0.0675,0.06,0.12,False,True,True,True,True,False,False,65,208,67,63,-0.021911919116973877,6517.282714843952,0.007155419737696904,0.0,64,67,True,0.0
0.0675,0.08000000000000002,0.12,False,True,True,True,True,False,False,60,203,67,63,-0.021911926567554474,5224.906250000162,0.004710848929579371,0.0,60,67,True,0.0
0.0675,0.10000000000000003,0.12,False,True,True,True,True,False,False,66,213,79,75,-0.021911926567554474,6873.2622070315065,0.010496308408555134,0.0,66,79,True,0.0
0.0675,0.12000000000000005,0.12,False,True,True,True,True,False,False,63,199,63,53,-0.021911926567554474,4505.98388671889,0.019247922111925952,0.0,63,63,True,0.0
0.0675,0.14000000000000007,0.12,False,True,True,True,True,False,False,52,168,44,44,-0.021911926567554474,4452.061523437666,0.023938012919929093,0.0,52,44,True,0.0
0.0675,0.15999999999999998,0.12,False,True,True,True,True,False,False,45,143,48,48,-0.021911926567554474,6487.476562500242,0.01757723866541673,0.0,45,48,True,0.0
0.0675,0.18,0.12,False,True,True,True,True,False,False,51,154,57,57,-0.02912038564682007,7769.493164062789,0.01729886176984482,0.0,51,57,True,0.0
0.0675,0.2,0.12,False,True,True,True,True,False,False,51,158,60,60,-0.0275660902261734,7022.914550781306,0.02606486495777632,0.0,51,60,True,0.0
0.0675,0.22000000000000003,0.12,False,True,True,True,True,False,False,41,141,60,58,-0.02095983177423477,5741.413574218796,0.019230978764913247,0.0,41,60,True,0.0
0.0675,0.24000000000000005,0.12,False,True,True,True,True,False,False,37,121,48,48,-0.020959846675395966,6860.717285156506,0.011287962393882953,0.0,37,48,True,0.0
0.0675,0.26000000000000006,0.12,True,False,True,True,True,True,False,30,102,41,38,-0.020959846675395966,5569.237304687707,0.02033793237233129,0.0,30,41,True,0.0
0.0675,0.2800000000000001,0.12,True,False,True,True,True,True,False,29,98,40,40,-0.020959846675395966,4796.346191406428,0.01955881402139058,0.0,29,40,True,0.0
0.0675,0.3,0.12,True,False,True,True,True,True,False,29,96,43,39,-0.020959846675395966,4702.4375000001755,0.029074719725110703,0.0,29,43,True,0.0
0.0675,0.32,0.12,True,False,True,True,True,True,False,26,92,36,36,-0.015421509742736816,6774.443393117221,0.0464961645588536,0.0,26,36,True,0.0
0.0675,0.34,0.12,True,False,False,False,False,False,False,12,38,0,0,0.004426747560501099,0.0,1.4901161193847656e-08,0.0,12,0,False,0.0
0.0675,0.36000000000000004,0.12,True,False,False,False,False,False,False,0,0,0,0,,0.0,1.4901161193847656e-08,0.0,0,0,False,0.0
0.0675,0.38000000000000006,0.12,True,False,False,False,False,False,False,0,0,0,0,,0.0,1.4901161193847656e-08,0.0,0,0,False,0.0
0.0675,0.4000000000000001,0.12,True,False,False,False,False,False,False,0,0,0,0,,0.0,1.4901161193847656e-08,0.0,0,0,False,0.0
0.0675,0.42,0.12,True,False,False,False,False,False,False,0,0,0,0,,0.0,1.4901161193847656e-08,0.0,0,0,False,0.0
0.0675,-0.42,0.13999999999999996,True,False,False,False,False,False,False,0,0,0,0,,0.0,1.4901161193847656e-08,0.0,0,0,False,0.0
0.0675,-0.39999999999999997,0.13999999999999996,True,False,False,False,False,False,False,0,0,0,0,,0.0,1.4901161193847656e-08,0.0,0,0,False,0.0
0.0675,-0.38,0.13999999999999996,True,False,False,False,False,False,False,0,0,0,0,,0.0,1.4901161193847656e-08,0.0,0,0,False,0.0
0.0675,-0.36,0.13999999999999996,True,False,False,False,False,False,False,0,0,0,0,,0.0,1.4901161193847656e-08,0.0,0,0,False,0.0
0.0675,-0.33999999999999997,0.13999999999999996,True,False,False,False,False,False,False,10,37,0,0,0.006578236818313599,0.0,1.4901161193847656e-08,0.0,10,0,False,0.0
0.0675,-0.31999999999999995,0.13999999999999996,True,False,True,True,True,True,False,19,70,36,32,-0.01332758367061615,6942.595963372555,0.03016837583695631,0.0,19,36,True,0.0
0.0675,-0.3,0.13999999999999996,True,False,True,True,True,True,False,20,72,40,32,-0.020959801971912384,7178.054687500267,0.02514270563314867,0.0,20,40,True,0.0
0.0675,-0.27999999999999997,0.13999999999999996,True,False,True,True,True,True,False,19,65,33,29,-0.020959801971912384,9283.717773437846,0.07115013702407236,0.0,19,33,True,0.0
0.0675,-0.26,0.13999999999999996,True,False,True,True,True,True,False,18,64,35,25,-0.020959801971912384,5830.094726562717,0.03988515372531439,0.0,18,35,True,0.0
0.0675,-0.24,0.13999999999999996,False,True,True,True,True,False,False,27,94,38,34,-0.020959801971912384,7021.630371093806,0.029639384822001073,0.0,27,38,True,0.0
0.0675,-0.21999999999999997,0.13999999999999996,False,True,True,True,True,False,False,33,116,54,42,-0.020959801971912384,7049.477539062763,0.01749655096820982,0.0,33,54,True,0.0
0.0675,-0.19999999999999998,0.13999999999999996,False,True,True,True,True,False,False,38,129,61,45,-0.020959801971912384,9606.348632812858,0.02529806194712823,0.0,38,61,True,0.0
0.0675,-0.18,0.13999999999999996,False,True,True,True,True,False,False,37,132,58,42,-0.020959816873073578,6644.358398437554,0.011329516550526969,0.0,37,58,True,0.0
0.0675,-0.15999999999999998,0.13999999999999996,False,True,True,True,True,False,False,33,121,49,33,-0.020959816873073578,7303.477815925953,0.022794056568414534,0.0,33,49,True,0.0
0.0675,-0.13999999999999996,0.13999999999999996,False,True,True,True,True,False,False,41,134,45,29,-0.020959816873073578,4959.374356851171,0.014112227025482652,0.0,41,45,True,0.0
0.0675,-0.12,0.13999999999999996,False,True,True,True,True,False,False,44,157,69,51,-0.020959816873073578,8291.55468750031,0.01294574143009728,0.0,44,69,True,0.0
0.0675,-0.09999999999999998,0.13999999999999996,False,True,True,True,True,False,False,46,166,86,70,-0.020959816873073578,5956.287597656472,0.007130073515955876,0.0,46,86,True,0.0
0.0675,-0.07999999999999996,0.13999999999999996,False,True,True,True,True,False,False,43,157,75,59,-0.020959816873073578,10328.090820312886,0.008786364589496304,0.0,43,75,True,0.0
0.0675,-0.06,0.13999999999999996,False,True,True,True,True,False,False,40,146,75,59,-0.02095983177423477,8146.923828125304,0.01716959574137959,0.0,40,75,True,0.0
0.0675,-0.03999999999999998,0.13999999999999996,False,True,True,True,True,False,False,39,142,71,55,-0.02095983177423477,6193.462402343981,0.007934786649589796,0.0,39,71,True,0.0
0.0675,-0.019999999999999962,0.13999999999999996,False,True,True,True,True,False,False,37,137,71,55,-0.02095983177423477,6796.079589844003,0.011509562679928307,0.0,37,71,True,0.0
0.0675,0.0,0.13999999999999996,False,True,True,True,True,False,False,37,137,71,55,-0.02095983177423477,7381.542968750275,0.007918890427704812,0.0,37,71,True,0.0
0.0675,0.020000000000000018,0.13999999999999996,False,True,True,True,True,False,False,37,137,71,55,-0.02095983177423477,9680.36523437536,0.011846050336791088,0.0,37,71,True,0.0
0.0675,0.040000000000000036,0.13999999999999996,False,True,True,True,True,False,False,38,141,71,55,-0.02095983177423477,8239.424804687807,0.0024801719158290803,0.0,38,71,True,0.0
0.0675,0.06,0.13999999999999996,False,True,True,True,True,False,False,39,145,75,59,-0.020959846675395966,8016.855957031315,0.011876574534658828,0.0,39,75,True,0.0
0.0675,0.08000000000000002,0.13999999999999996,False,True,True,True,True,False,False,42,157,75,59,-0.020959846675395966,8907.727539062833,0.01487416897025539,0.0,42,75,True,0.0
0.0675,0.10000000000000003,0.13999999999999996,False,True,True,True,True,False,False,45,163,87,71,-0.020959816873073578,10110.071537667029,0.004576280475402425,0.0,45,87,True,0.0
0.0675,0.12000000000000005,0.13999999999999996,False,True,True,True,True,False,False,43,159,71,49,-0.020959816873073578,5667.843261718961,0.00866681937493056,0.0,43,71,True,0.0
0.0675,0.14000000000000007,0.13999999999999996,False,True,True,True,True,False,False,40,141,52,40,-0.02095983177423477,6620.015625000247,0.01633767749313787,0.0,40,52,True,0.0
0.0675,0.15999999999999998,0.13999999999999996,False,True,True,True,True,False,False,35,127,56,44,-0.02095983177423477,8161.934082031555,0.015804906329051106,0.0,36,56,True,0.0
0.0675,0.18,0.13999999999999996,False,True,True,True,True,False,False,39,143,65,53,-0.02095983177423477,5302.076660156292,0.013059572490950347,0.0,39,65,True,0.0
0.0675,0.2,0.13999999999999996,False,True,True,True,True,False,False,41,138,68,56,-0.02095983177423477,6559.627441406495,0.011800723060814367,0.0,41,68,True,0.0
0.0675,0.22000000000000003,0.13999999999999996,False,True,True,True,True,False,False,37,131,64,54,-0.02095983177423477,7144.5703125002665,0.01420866593373628,0.0,37,64,True,0.0
0.0675,0.24000000000000005,0.13999999999999996,False,True,True,True,True,False,False,32,111,48,48,-0.02095983177423477,9966.003906250371,0.018930338592325912,0.0,32,48,True,0.0
0.0675,0.26000000000000006,0.13999999999999996,True,False,True,True,True,True,False,23,79,41,38,-0.020959846675395966,6813.656738281505,0.04285266007426631,0.0,23,41,True,0.0
0.0675,0.2800000000000001,0.13999999999999996,True,False,True,True,True,True,False,23,77,40,40,-0.020959846675395966,8457.636718750315,0.04118211265474468,0.0,23,40,True,0.0
0.0675,0.3,0.13999999999999996,True,False,True,True,True,True,False,25,86,43,39,-0.020959846675395966,6428.240722656489,0.04144855044772902,0.0,25,43,True,0.0
0.0675,0.32,0.13999999999999996,True,False,True,True,True,True,False,24,83,36,36,-0.015421509742736816,5728.3251953125455,0.02371069380518038,0.0,24,36,True,0.0
0.0675,0.34,0.13999999999999996,True,False,False,False,False,False,False,10,36,0,0,0.004426747560501099,0.0,1.4901161193847656e-08,0.0,10,0,False,0.0
0.0675,0.36000000000000004,0.13999999999999996,True,False,False,False,False,False,False,0,0,0,0,,0.0,1.4901161193847656e-08,0.0,0,0,False,0.0
0.0675,0.38000000000000006,0.13999999999999996,True,False,False,False,False,False,False,0,0,0,0,,0.0,1.4901161193847656e-08,0.0,0,0,False,0.0
0.0675,0.4000000000000001,0.13999999999999996,True,False,False,False,False,False,False,0,0,0,0,,0.0,1.4901161193847656e-08,0.0,0,0,False,0.0
0.0675,0.42,0.13999999999999996,True,False,False,False,False,False,False,0,0,0,0,,0.0,1.4901161193847656e-08,0.0,0,0,False,0.0
0.0675,-0.42,0.15999999999999998,True,False,False,False,False,False,False,0,0,0,0,,0.0,2.9802322387695312e-08,0.0,0,0,False,0.0
0.0675,-0.39999999999999997,0.15999999999999998,True,False,False,False,False,False,False,0,0,0,0,,0.0,2.9802322387695312e-08,0.0,0,0,False,0.0
0.0675,-0.38,0.15999999999999998,True,False,False,False,False,False,False,0,0,0,0,,0.0,2.9802322387695312e-08,0.0,0,0,False,0.0
0.0675,-0.36,0.15999999999999998,True,False,False,False,False,False,False,0,0,0,0,,0.0,2.9802322387695312e-08,0.0,0,0,False,0.0
0.0675,-0.33999999999999997,0.15999999999999998,True,False,False,False,False,False,False,13,43,0,0,0.006578236818313599,0.0,2.9802322387695312e-08,0.0,13,0,False,0.0
0.0675,-0.31999999999999995,0.15999999999999998,True,False,True,True,True,True,False,22,79,44,32,-0.01332758367061615,5510.203613281294,0.007575898779264249,0.0,22,44,True,0.0
0.0675,-0.3,0.15999999999999998,True,False,True,True,True,True,False,26,88,48,32,-0.007712244987487793,1882.0084228516328,0.01055447287209848,0.0,26,48,True,0.0
0.0675,-0.27999999999999997,0.15999999999999998,True,False,True,True,True,True,False,25,87,41,29,-0.015837721526622772,3888.2377090394725,0.034556020283551765,0.0,25,41,True,0.0
0.0675,-0.26,0.15999999999999998,True,False,True,True,True,True,False,29,100,41,25,-0.015896011143922806,2835.923339843856,0.026741836095813036,0.0,29,41,True,0.0
0.0675,-0.24,0.15999999999999998,False,True,True,True,True,False,False,33,110,49,35,-0.01705165207386017,4427.1059570312855,0.021266569917638884,0.0,33,49,True,0.0
0.0675,-0.21999999999999997,0.15999999999999998,False,True,True,True,True,False,False,38,136,63,51,-0.015914835035800934,3837.410888672018,0.027009479466845773,0.0,38,63,True,0.0
0.0675,-0.19999999999999998,0.15999999999999998,False,True,True,True,True,False,False,47,159,73,55,-0.015914835035800934,5832.302246093967,0.017163569506012492,0.0,47,73,True,0.0
0.0675,-0.18,0.15999999999999998,False,True,True,True,True,False,False,43,151,82,66,-0.015914835035800934,5148.488281250192,0.018204935988409388,0.0,43,82,True,0.0
0.0675,-0.15999999999999998,0.15999999999999998,False,True,True,True,True,False,False,39,142,70,50,-0.015892641618847847,7550.09266650338,0.018086012088528787,0.0,39,70,True,0.0
0.0675,-0.13999999999999996,0.15999999999999998,False,True,True,True,True,False,False,49,155,66,50,-0.015833422541618347,4568.527838858104,0.017357811055354676,0.0,49,66,True,0.0
0.0675,-0.12,0.15999999999999998,False,True,True,True,True,False,False,58,198,82,66,-0.014960132539272308,3562.6835937501105,0.004833672074263179,0.0,58,82,True,0.0
0.0675,-0.09999999999999998,0.15999999999999998,False,True,True,True,True,False,False,56,195,103,89,-0.014960125088691711,3219.666015625026,0.023412352696748046,0.0,56,103,True,0.0
0.0675,-0.07999999999999996,0.15999999999999998,False,True,True,True,True,False,False,50,183,92,78,-0.014960125088691711,2804.9277343750873,0.008805913604099491,0.0,50,92,True,0.0
0.0675,-0.06,0.15999999999999998,False,True,True,True,True,False,False,48,171,92,78,-0.014960125088691711,2486.9353027344523,0.0017398293222866108,0.0,48,92,True,0.0
0.0675,-0.03999999999999998,0.15999999999999998,False,True,True,True,True,False,False,44,161,84,70,-0.014960125088691711,2376.4306640625887,0.007296238742161972,0.0,44,84,True,0.0
0.0675,-0.019999999999999962,0.15999999999999998,False,True,True,True,True,False,False,42,153,84,70,-0.014960125088691711,3723.5097656251155,0.017022136978105805,0.0,42,84,True,0.0
0.0675,0.0,0.15999999999999998,False,True,True,True,True,False,False,42,153,84,70,-0.014960125088691711,2597.0993652344555,0.011506740350089913,0.0,42,84,True,0.0
0.0675,0.020000000000000018,0.15999999999999998,False,True,True,True,True,False,False,42,153,84,70,-0.014960125088691711,3726.1445312501155,0.016997473187015114,0.0,42,84,True,0.0
0.0675,0.040000000000000036,0.15999999999999998,False,True,True,True,True,False,False,45,162,84,70,-0.014960125088691711,2755.719726562603,0.010019513446753824,0.0,45,84,True,0.0
0.0675,0.06,0.15999999999999998,False,True,True,True,True,False,False,48,171,92,74,-0.014960125088691711,2936.365478515716,0.024793433960508867,0.0,48,92,True,0.0
0.0675,0.08000000000000002,0.15999999999999998,False,True,True,True,True,False,False,50,184,92,74,-0.014960117638111115,3357.344726562604,0.007618399722263642,0.0,50,92,True,0.0
0.0675,0.10000000000000003,0.15999999999999998,False,True,True,True,True,False,False,53,191,104,86,-0.014960117638111115,3524.9645996094846,0.011056948527394979,0.0,53,104,True,0.0
0.0675,0.12000000000000005,0.15999999999999998,False,True,True,True,True,False,False,53,179,80,64,-0.014960117638111115,3509.251220703234,0.003621439638896276,0.0,53,80,True,0.0
0.0675,0.14000000000000007,0.15999999999999998,False,True,True,True,True,False,False,46,153,69,57,-0.015819311141967773,3217.15429687512,0.014798385767157427,0.0,46,69,True,0.0
0.0675,0.15999999999999998,0.15999999999999998,False,True,True,True,True,False,False,44,153,71,61,-0.015877600759267807,4900.312320937203,0.015210427327135923,0.0,44,71,True,0.0
0.0675,0.18,0.15999999999999998,False,True,True,True,True,False,False,45,154,83,79,-0.015914782881736755,7427.887695312559,0.0215683710888993,0.0,45,83,True,0.0
0.0675,0.2,0.15999999999999998,False,True,True,True,True,False,False,49,162,82,71,-0.015914782881736755,6420.348144531489,0.016033690754208664,0.0,49,82,True,0.0
0.0675,0.22000000000000003,0.15999999999999998,False,True,True,True,True,False,False,45,153,67,61,-0.015914790332317352,4603.040527343922,0.006615013357364297,0.0,45,67,True,0.0
0.0675,0.24000000000000005,0.15999999999999998,False,True,True,True,True,False,False,40,122,58,54,-0.019176244735717773,6953.6718750000555,0.019186759921791478,0.0,40,58,True,0.0
0.0675,0.26000000000000006,0.15999999999999998,True,False,True,True,True,True,False,32,105,41,38,-0.015911251306533813,2802.0368652344796,0.01913423832057648,0.0,32,41,True,0.0
0.0675,0.2800000000000001,0.15999999999999998,True,False,True,True,True,True,False,28,95,44,44,-0.015852032229304314,3411.6431289278025,0.041632027113817194,0.0,28,44,True,0.0
0.0675,0.3,0.15999999999999998,True,False,True,True,True,True,False,35,109,47,43,-0.012567207217216492,2967.0573730468986,0.011089237787029619,0.0,35,47,True,0.0
0.0675,0.32,0.15999999999999998,True,False,True,True,True,True,False,28,90,40,40,-0.015421509742736816,3448.9638671875277,0.009296361112269957,0.0,28,40,True,0.0
0.0675,0.34,0.15999999999999998,True,False,False,False,False,False,False,13,42,0,0,0.004426747560501099,0.0,2.9802322387695312e-08,0.0,13,0,False,0.0
0.0675,0.36000000000000004,0.15999999999999998,True,False,False,False,False,False,False,0,0,0,0,,0.0,2.9802322387695312e-08,0.0,0,0,False,0.0
0.0675,0.38000000000000006,0.15999999999999998,True,False,False,False,False,False,False,0,0,0,0,,0.0,2.9802322387695312e-08,0.0,0,0,False,0.0
0.0675,0.4000000000000001,0.15999999999999998,True,False,False,False,False,False,False,0,0,0,0,,0.0,2.9802322387695312e-08,0.0,0,0,False,0.0
0.0675,0.42,0.15999999999999998,True,False,False,False,False,False,False,0,0,0,0,,0.0,2.9802322387695312e-08,0.0,0,0,False,0.0
0.0675,-0.42,0.18,True,False,False,False,False,False,False,0,0,0,0,,0.0,2.9802322387695312e-08,0.0,0,0,False,0.0
0.0675,-0.39999999999999997,0.18,True,False,False,False,False,False,False,0,0,0,0,,0.0,2.9802322387695312e-08,0.0,0,0,False,0.0
0.0675,-0.38,0.18,True,False,False,False,False,False,False,0,0,0,0,,0.0,2.9802322387695312e-08,0.0,0,0,False,0.0
0.0675,-0.36,0.18,True,False,False,False,False,False,False,0,0,0,0,,0.0,2.9802322387695312e-08,0.0,0,0,False,0.0
0.0675,-0.33999999999999997,0.18,True,False,False,False,False,False,False,9,18,0,0,0.00694110244512558,0.0,2.9802322387695312e-08,0.0,9,0,False,0.0
0.0675,-0.31999999999999995,0.18,True,False,True,True,True,True,False,20,66,17,11,-0.012077100574970245,63.104061126711336,0.002390814741857811,0.0,20,17,True,0.0
0.0675,-0.3,0.18,True,False,True,True,True,True,False,25,82,32,24,-0.011174134910106659,2915.735595703148,0.009626610321967316,0.0,25,32,True,0.0
0.0675,-0.27999999999999997,0.18,True,False,True,True,True,True,False,24,88,35,31,-0.01237235963344574,5598.712486892865,0.018241761280122056,0.0,24,35,True,0.0
0.0675,-0.26,0.18,True,False,True,True,True,True,False,26,91,36,32,-0.012457489967346191,6463.443767981893,0.030225578322033802,0.0,26,36,True,0.0
0.0675,-0.24,0.18,False,True,True,True,True,False,False,30,94,33,28,-0.012492596171796322,6834.785644531462,0.02222123502822856,0.0,31,33,True,0.0
0.0675,-0.21999999999999997,0.18,False,True,True,True,True,False,False,33,113,31,26,-0.0124996742233634,7301.026855468977,0.020485814235024023,0.0,33,34,True,0.0
0.0675,-0.19999999999999998,0.18,False,True,True,True,True,False,False,44,144,39,34,-0.012510105967521667,5306.450195312665,0.038535053443281,0.0,43,36,True,0.0
0.0675,-0.18,0.18,False,True,True,True,True,False,False,41,143,45,36,-0.01251859962940216,7233.288085937725,0.018992181295209944,0.0,41,45,True,0.0
0.0675,-0.15999999999999998,0.18,False,True,True,True,True,False,False,37,137,42,34,-0.012467987835407257,5437.145996093919,0.011923870740821081,0.0,36,42,True,0.0
0.0675,-0.13999999999999996,0.18,False,True,True,True,True,False,False,45,146,42,34,-0.012376241385936737,4880.248046875152,0.0072983575145342825,0.0,45,42,True,0.0
0.0675,-0.12,0.18,False,True,True,True,True,False,False,55,180,56,48,-0.008822910487651825,3427.6616210938564,0.0034689459718471234,0.0,55,56,True,0.0
0.0675,-0.09999999999999998,0.18,False,True,True,True,True,False,False,57,193,58,51,-0.010254308581352234,3176.965231898765,0.005403329585629145,0.0,56,58,True,0.0
0.0675,-0.07999999999999996,0.18,False,True,True,True,True,False,False,49,173,53,47,-0.010254308581352234,3135.9819335938473,0.0022613910286317595,0.0,50,53,True,0.0
0.0675,-0.06,0.18,False,True,True,True,True,False,False,47,163,50,44,-0.010254308581352234,3164.562011718848,0.003016555913125495,0.0,47,50,True,0.0
0.0675,-0.03999999999999998,0.18,False,True,True,True,True,False,False,41,145,47,40,-0.005423977971076965,1823.7064208985055,0.01739592630278572,0.0,41,47,True,0.0
0.0675,-0.019999999999999962,0.18,False,True,True,True,True,False,False,40,141,47,40,-0.005423977971076965,2516.2924804688437,0.015592118331152064,0.0,40,47,True,0.0
0.0675,0.0,0.18,False,True,True,True,True,False,False,40,141,47,40,-0.005423985421657562,1681.8464355469378,0.017735004863017143,0.0,40,47,True,0.0
0.0675,0.020000000000000018,0.18,False,True,True,True,True,False,False,40,142,47,40,-0.005423985421657562,2516.2946777344687,0.015592078676362675,0.0,40,47,True,0.0
0.0675,0.040000000000000036,0.18,False,True,True,True,True,False,False,41,146,47,40,-0.005423985421657562,2581.7238769532214,0.014926135841586887,0.0,41,47,True,0.0
0.0675,0.06,0.18,False,True,True,True,True,False,False,45,161,51,44,-0.011174120008945465,2590.1293945313464,0.008459743414193938,0.0,46,51,True,0.0
0.0675,0.08000000000000002,0.18,False,True,True,True,True,False,False,48,170,54,47,-0.011174120008945465,3230.0175781251005,0.01580633523716063,0.0,47,54,True,0.0
0.0675,0.10000000000000003,0.18,False,True,True,True,True,False,False,52,183,58,52,-0.011174120008945465,3576.715087890736,0.012617521499254589,0.0,52,58,True,0.0
0.0675,0.12000000000000005,0.18,False,True,True,True,True,False,False,51,169,53,43,-0.008822895586490631,3794.7778320313682,0.01209312073208127,0.0,51,53,True,0.0
0.0675,0.14000000000000007,0.18,False,True,True,True,True,False,False,44,152,45,42,-0.012345530092716217,4812.728515625149,0.014666818778758845,0.0,44,45,True,0.0
0.0675,0.15999999999999998,0.18,False,True,True,True,True,False,False,42,146,45,42,-0.01243070513010025,6219.390758855298,0.01982732583556749,0.0,41,45,True,0.0
0.0675,0.18,0.18,False,True,True,True,True,False,False,45,160,50,45,-0.01248680055141449,6179.402832031442,0.04786056869288733,0.0,45,50,True,0.0
0.0675,0.2,0.18,False,True,True,True,True,False,False,45,151,43,39,-0.012498623691499233,8037.269042968999,0.020112059332564065,0.0,46,43,True,0.0
0.0675,0.22000000000000003,0.18,False,True,True,True,True,False,False,39,135,44,42,-0.012507349252700806,6576.342285156454,0.009373795545167436,0.0,39,44,True,0.0
0.0675,0.24000000000000005,0.18,False,True,True,True,True,False,False,39,123,41,39,-0.012512748129665852,5449.335449218919,0.016312559013627725,0.0,40,41,True,0.0
0.0675,0.26000000000000006,0.18,True,False,True,True,True,True,False,33,111,40,39,-0.012496910989284515,5639.944824218925,0.01656835040476689,0.0,33,40,True,0.0
0.0675,0.2800000000000001,0.18,True,False,True,True,True,True,False,30,104,39,39,-0.012405164539813995,4569.447265625142,0.018621555039030624,0.0,30,39,True,0.0
0.0675,0.3,0.18,True,False,True,True,True,True,False,32,104,40,36,-0.012313418090343475,3523.9182128907346,0.018927424038919748,0.0,32,40,True,0.0
0.0675,0.32,0.18,True,False,True,True,True,True,False,30,87,20,16,-0.012192711234092712,41.729248046876556,0.005237727724128652,0.0,30,20,True,0.0
0.0675,0.34,0.18,True,False,False,False,False,False,False,10,18,0,0,0.004771367181092501,0.0,2.9802322387695312e-08,0.0,10,0,False,0.0
0.0675,0.36000000000000004,0.18,True,False,False,False,False,False,False,0,0,0,0,,0.0,2.9802322387695312e-08,0.0,0,0,False,0.0
0.0675,0.38000000000000006,0.18,True,False,False,False,False,False,False,0,0,0,0,,0.0,2.9802322387695312e-08,0.0,0,0,False,0.0
0.0675,0.4000000000000001,0.18,True,False,False,False,False,False,False,0,0,0,0,,0.0,2.9802322387695312e-08,0.0,0,0,False,0.0
0.0675,0.42,0.18,True,False,False,False,False,False,False,0,0,0,0,,0.0,2.9802322387695312e-08,0.0,0,0,False,0.0
0.0675,-0.42,0.2,True,False,False,False,False,False,False,0,0,0,0,,0.0,2.9802322387695312e-08,0.0,0,0,False,0.0
0.0675,-0.39999999999999997,0.2,True,False,False,False,False,False,False,0,0,0,0,,0.0,2.9802322387695312e-08,0.0,0,0,False,0.0
0.0675,-0.38,0.2,True,False,False,False,False,False,False,0,0,0,0,,0.0,2.9802322387695312e-08,0.0,0,0,False,0.0
0.0675,-0.36,0.2,True,False,False,False,False,False,False,0,0,0,0,,0.0,2.9802322387695312e-08,0.0,0,0,False,0.0
0.0675,-0.33999999999999997,0.2,True,False,False,False,False,False,False,2,5,0,0,0.015444576740264893,0.0,2.9802322387695312e-08,0.0,2,0,False,0.0
0.0675,-0.31999999999999995,0.2,True,False,False,False,False,False,False,9,18,0,0,0.007879853248596191,0.0,2.9802322387695312e-08,0.0,9,0,False,0.0
0.0675,-0.3,0.2,True,False,False,False,False,False,False,15,33,0,0,0.007712617516517639,0.0,2.9802322387695312e-08,0.0,14,0,False,0.0
0.0675,-0.27999999999999997,0.2,True,False,False,False,False,False,False,11,32,0,0,0.0076274871826171875,0.0,2.9802322387695312e-08,0.0,11,0,False,0.0
0.0675,-0.26,0.2,True,False,False,False,False,False,False,11,32,0,0,0.007542327046394348,0.0,2.9802322387695312e-08,0.0,10,0,False,0.0
0.0675,-0.24,0.2,True,False,False,False,False,False,False,12,27,0,0,0.007508085574954748,0.0,2.9802322387695312e-08,0.0,12,0,False,0.0
0.0675,-0.21999999999999997,0.2,True,False,False,False,False,False,False,12,25,0,0,0.007500334642827511,0.0,2.9802322387695312e-08,0.0,12,0,False,0.0
0.0675,-0.19999999999999998,0.2,True,False,False,False,False,False,False,15,34,0,0,0.007489912211894989,0.0,2.9802322387695312e-08,0.0,15,0,False,0.0
0.0675,-0.18,0.2,True,False,False,False,False,False,False,15,38,0,0,0.007481418550014496,0.0,2.9802322387695312e-08,0.0,15,0,False,0.0
0.0675,-0.15999999999999998,0.2,True,False,False,False,False,False,False,14,34,0,0,0.007481418550014496,0.0,2.9802322387695312e-08,0.0,14,0,False,0.0
0.0675,-0.13999999999999996,0.2,True,False,False,False,False,False,False,20,40,0,0,0.007481418550014496,0.0,2.9802322387695312e-08,0.0,20,0,False,0.0
0.0675,-0.12,0.2,True,False,False,False,False,False,False,20,48,0,0,0.0077155232429504395,0.0,2.9802322387695312e-08,0.0,19,0,False,0.0
0.0675,-0.09999999999999998,0.2,True,False,False,False,False,False,False,22,54,0,0,0.007623679935932159,0.0,2.980237923100575e-08,0.0,22,0,False,0.0
0.0675,-0.07999999999999996,0.2,True,False,False,False,False,False,False,21,51,0,0,0.007715433835983276,0.0,2.9802322387695312e-08,0.0,21,0,False,0.0
0.0675,-0.06,0.2,True,False,False,False,False,False,False,19,45,0,0,0.0077666789293289185,0.0,2.9802322387695312e-08,0.0,19,0,False,0.0
0.0675,-0.03999999999999998,0.2,True,False,False,False,False,False,False,17,43,0,0,0.00848634634166956,0.0,2.9802322387695312e-08,0.0,17,0,False,0.0
0.0675,-0.019999999999999962,0.2,True,False,False,False,False,False,False,17,40,0,0,0.008560587652027607,0.0,2.9802322387695312e-08,0.0,17,0,False,0.0
0.0675,0.0,0.2,True,False,False,False,False,False,False,17,40,0,0,0.008555077947676182,0.0,2.9802322387695312e-08,0.0,17,0,False,0.0
0.0675,0.020000000000000018,0.2,True,False,False,False,False,False,False,17,40,0,0,0.00857070367783308,0.0,2.9802322387695312e-08,0.0,17,0,False,0.0
0.0675,0.040000000000000036,0.2,True,False,False,False,False,False,False,17,43,0,0,0.008576800115406513,0.0,2.9802322387695312e-08,0.0,17,0,False,0.0
0.0675,0.06,0.2,True,False,False,False,False,False,False,19,46,0,0,0.007790934760123491,0.0,2.9802322387695312e-08,0.0,19,0,False,0.0
0.0675,0.08000000000000002,0.2,True,False,False,False,False,False,False,17,47,0,0,0.007705137133598328,0.0,2.9802322387695312e-08,0.0,17,0,False,0.0
0.0675,0.10000000000000003,0.2,True,False,False,False,False,False,False,19,52,0,0,0.007619984447956085,0.0,2.9802322387695312e-08,0.0,19,0,False,0.0
0.0675,0.12000000000000005,0.2,True,False,False,False,False,False,False,23,53,0,0,0.007534869015216827,0.0,2.9802322387695312e-08,0.0,23,0,False,0.0
0.0675,0.14000000000000007,0.2,True,False,False,False,False,False,False,19,43,0,0,0.007513217628002167,0.0,2.9802322387695312e-08,0.0,19,0,False,0.0
0.0675,0.15999999999999998,0.2,True,False,False,False,False,False,False,17,39,0,0,0.007513217628002167,0.0,2.9802322387695312e-08,0.0,17,0,False,0.0
0.0675,0.18,0.2,True,False,False,False,False,False,False,15,34,0,0,0.007513217628002167,0.0,2.9802322387695312e-08,0.0,16,0,False,0.0
0.0675,0.2,0.2,True,False,False,False,False,False,False,16,36,0,0,0.007501383777707815,0.0,2.9802322387695312e-08,0.0,16,0,False,0.0
0.0675,0.22000000000000003,0.2,True,False,False,False,False,False,False,16,37,0,0,0.007492668926715851,0.0,2.9802322387695312e-08,0.0,16,0,False,0.0
0.0675,0.24000000000000005,0.2,True,False,False,False,False,False,False,16,30,0,0,0.007483825087547302,0.0,2.9802322387695312e-08,0.0,16,0,False,0.0
0.0675,0.26000000000000006,0.2,True,False,False,False,False,False,False,16,40,0,0,0.007503107190132141,0.0,2.9802322387695312e-08,0.0,16,0,False,0.0
0.0675,0.2800000000000001,0.2,True,False,False,False,False,False,False,16,40,0,0,0.007594853639602661,0.0,2.9802322387695312e-08,0.0,16,0,False,0.0
0.0675,0.3,0.2,True,False,False,False,False,False,False,18,42,0,0,0.007723450660705566,0.0,2.9802322387695312e-08,0.0,18,0,False,0.0
0.0675,0.32,0.2,True,False,False,False,False,False,False,10,18,0,0,0.007773958146572113,0.0,2.9802322387695312e-08,0.0,10,0,False,0.0
0.0675,0.34,0.2,True,False,False,False,False,False,False,2,6,0,0,0.015034646727144718,0.0,2.9802322387695312e-08,0.0,2,0,False,0.0
0.0675,0.36000000000000004,0.2,True,False,False,False,False,False,False,0,0,0,0,,0.0,2.9802322387695312e-08,0.0,0,0,False,0.0
0.0675,0.38000000000000006,0.2,True,False,False,False,False,False,False,0,0,0,0,,0.0,2.9802322387695312e-08,0.0,0,0,False,0.0
0.0675,0.4000000000000001,0.2,True,False,False,False,False,False,False,0,0,0,0,,0.0,2.9802322387695312e-08,0.0,0,0,False,0.0
0.0675,0.42,0.2,True,False,False,False,False,False,False,0,0,0,0,,0.0,2.9802322387695312e-08,0.0,0,0,False,0.0
0.0675,-0.42,0.22000000000000003,True,False,False,False,False,False,False,0,0,0,0,,0.0,2.9802322387695312e-08,0.0,0,0,False,0.0
0.0675,-0.39999999999999997,0.22000000000000003,True,False,False,False,False,False,False,0,0,0,0,,0.0,2.9802322387695312e-08,0.0,0,0,False,0.0
0.0675,-0.38,0.22000000000000003,True,False,False,False,False,False,False,0,0,0,0,,0.0,2.9802322387695312e-08,0.0,0,0,False,0.0
0.0675,-0.36,0.22000000000000003,True,False,False,False,False,False,False,0,0,0,0,,0.0,2.9802322387695312e-08,0.0,0,0,False,0.0
0.0675,-0.33999999999999997,0.22000000000000003,True,False,False,False,False,False,False,0,0,0,0,,0.0,2.9802322387695312e-08,0.0,0,0,False,0.0
0.0675,-0.31999999999999995,0.22000000000000003,True,False,False,False,False,False,False,0,0,0,0,,0.0,2.9802322387695312e-08,0.0,0,0,False,0.0
0.0675,-0.3,0.22000000000000003,True,False,False,False,False,False,False,0,0,0,0,,0.0,2.9802322387695312e-08,0.0,0,0,False,0.0
0.0675,-0.27999999999999997,0.22000000000000003,True,False,False,False,False,False,False,0,0,0,0,,0.0,2.9802322387695312e-08,0.0,0,0,False,0.0
0.0675,-0.26,0.22000000000000003,True,False,False,False,False,False,False,0,0,0,0,,0.0,2.9802322387695312e-08,0.0,0,0,False,0.0
0.0675,-0.24,0.22000000000000003,True,False,False,False,False,False,False,0,0,0,0,,0.0,2.9802322387695312e-08,0.0,0,0,False,0.0
0.0675,-0.21999999999999997,0.22000000000000003,True,False,False,False,False,False,False,0,0,0,0,,0.0,2.9802322387695312e-08,0.0,0,0,False,0.0
0.0675,-0.19999999999999998,0.22000000000000003,True,False,False,False,False,False,False,0,0,0,0,,0.0,2.9802322387695312e-08,0.0,0,0,False,0.0
0.0675,-0.18,0.22000000000000003,True,False,False,False,False,False,False,0,0,0,0,,0.0,2.9802322387695312e-08,0.0,0,0,False,0.0
0.0675,-0.15999999999999998,0.22000000000000003,True,False,False,False,False,False,False,0,0,0,0,,0.0,2.9802322387695312e-08,0.0,0,0,False,0.0
0.0675,-0.13999999999999996,0.22000000000000003,True,False,False,False,False,False,False,0,0,0,0,,0.0,2.9802322387695312e-08,0.0,0,0,False,0.0
0.0675,-0.12,0.22000000000000003,True,False,False,False,False,False,False,0,0,0,0,,0.0,2.9802322387695312e-08,0.0,0,0,False,0.0
0.0675,-0.09999999999999998,0.22000000000000003,True,False,False,False,False,False,False,0,0,0,0,,0.0,2.980237923100575e-08,0.0,0,0,False,0.0
0.0675,-0.07999999999999996,0.22000000000000003,True,False,False,False,False,False,False,0,0,0,0,,0.0,2.9802322387695312e-08,0.0,0,0,False,0.0
0.0675,-0.06,0.22000000000000003,True,False,False,False,False,False,False,0,0,0,0,,0.0,2.9802322387695312e-08,0.0,0,0,False,0.0
0.0675,-0.03999999999999998,0.22000000000000003,True,False,False,False,False,False,False,0,0,0,0,,0.0,2.9802322387695312e-08,0.0,0,0,False,0.0
0.0675,-0.019999999999999962,0.22000000000000003,True,False,False,False,False,False,False,0,0,0,0,,0.0,2.9802322387695312e-08,0.0,0,0,False,0.0
0.0675,0.0,0.22000000000000003,True,False,False,False,False,False,False,0,0,0,0,,0.0,2.9802322387695312e-08,0.0,0,0,False,0.0
0.0675,0.020000000000000018,0.22000000000000003,True,False,False,False,False,False,False,0,0,0,0,,0.0,2.9802322387695312e-08,0.0,0,0,False,0.0
0.0675,0.040000000000000036,0.22000000000000003,True,False,False,False,False,False,False,0,0,0,0,,0.0,2.9802322387695312e-08,0.0,0,0,False,0.0
0.0675,0.06,0.22000000000000003,True,False,False,False,False,False,False,0,0,0,0,,0.0,2.9802322387695312e-08,0.0,0,0,False,0.0
0.0675,0.08000000000000002,0.22000000000000003,True,False,False,False,False,False,False,0,0,0,0,,0.0,2.9802322387695312e-08,0.0,0,0,False,0.0
0.0675,0.10000000000000003,0.22000000000000003,True,False,False,False,False,False,False,0,0,0,0,,0.0,2.9802322387695312e-08,0.0,0,0,False,0.0
0.0675,0.12000000000000005,0.22000000000000003,True,False,False,False,False,False,False,0,0,0,0,,0.0,2.9802322387695312e-08,0.0,0,0,False,0.0
0.0675,0.14000000000000007,0.22000000000000003,True,False,False,False,False,False,False,0,0,0,0,,0.0,2.9802322387695312e-08,0.0,0,0,False,0.0
0.0675,0.15999999999999998,0.22000000000000003,True,False,False,False,False,False,False,0,0,0,0,,0.0,2.9802322387695312e-08,0.0,0,0,False,0.0
0.0675,0.18,0.22000000000000003,True,False,False,False,False,False,False,0,0,0,0,,0.0,2.9802322387695312e-08,0.0,0,0,False,0.0
0.0675,0.2,0.22000000000000003,True,False,False,False,False,False,False,0,0,0,0,,0.0,2.9802322387695312e-08,0.0,0,0,False,0.0
0.0675,0.22000000000000003,0.22000000000000003,True,False,False,False,False,False,False,0,0,0,0,,0.0,2.9802322387695312e-08,0.0,0,0,False,0.0
0.0675,0.24000000000000005,0.22000000000000003,True,False,False,False,False,False,False,0,0,0,0,,0.0,2.9802322387695312e-08,0.0,0,0,False,0.0
0.0675,0.26000000000000006,0.22000000000000003,True,False,False,False,False,False,False,0,0,0,0,,0.0,2.9802322387695312e-08,0.0,0,0,False,0.0
0.0675,0.2800000000000001,0.22000000000000003,True,False,False,False,False,False,False,0,0,0,0,,0.0,2.9802322387695312e-08,0.0,0,0,False,0.0
0.0675,0.3,0.22000000000000003,True,False,False,False,False,False,False,0,0,0,0,,0.0,2.9802322387695312e-08,0.0,0,0,False,0.0
0.0675,0.32,0.22000000000000003,True,False,False,False,False,False,False,0,0,0,0,,0.0,2.9802322387695312e-08,0.0,0,0,False,0.0
0.0675,0.34,0.22000000000000003,True,False,False,False,False,False,False,0,0,0,0,,0.0,2.9802322387695312e-08,0.0,0,0,False,0.0
0.0675,0.36000000000000004,0.22000000000000003,True,False,False,False,False,False,False,0,0,0,0,,0.0,2.9802322387695312e-08,0.0,0,0,False,0.0
0.0675,0.38000000000000006,0.22000000000000003,True,False,False,False,False,False,False,0,0,0,0,,0.0,2.9802322387695312e-08,0.0,0,0,False,0.0
0.0675,0.4000000000000001,0.22000000000000003,True,False,False,False,False,False,False,0,0,0,0,,0.0,2.9802322387695312e-08,0.0,0,0,False,0.0
0.0675,0.42,0.22000000000000003,True,False,False,False,False,False,False,0,0,0,0,,0.0,2.9802322387695312e-08,0.0,0,0,False,0.0
0.0675,-0.42,0.23999999999999994,True,False,False,False,False,False,False,0,0,0,0,,0.0,2.9802322387695312e-08,0.0,0,0,False,0.0
0.0675,-0.39999999999999997,0.23999999999999994,True,False,False,False,False,False,False,0,0,0,0,,0.0,2.9802322387695312e-08,0.0,0,0,False,0.0
0.0675,-0.38,0.23999999999999994,True,False,False,False,False,False,False,0,0,0,0,,0.0,2.9802322387695312e-08,0.0,0,0,False,0.0
0.0675,-0.36,0.23999999999999994,True,False,False,False,False,False,False,0,0,0,0,,0.0,2.9802322387695312e-08,0.0,0,0,False,0.0
0.0675,-0.33999999999999997,0.23999999999999994,True,False,False,False,False,False,False,0,0,0,0,,0.0,2.9802322387695312e-08,0.0,0,0,False,0.0
0.0675,-0.31999999999999995,0.23999999999999994,True,False,False,False,False,False,False,0,0,0,0,,0.0,2.9802322387695312e-08,0.0,0,0,False,0.0
0.0675,-0.3,0.23999999999999994,True,False,False,False,False,False,False,0,0,0,0,,0.0,2.9802322387695312e-08,0.0,0,0,False,0.0
0.0675,-0.27999999999999997,0.23999999999999994,True,False,False,False,False,False,False,0,0,0,0,,0.0,2.9802322387695312e-08,0.0,0,0,False,0.0
0.0675,-0.26,0.23999999999999994,True,False,False,False,False,False,False,0,0,0,0,,0.0,2.9802322387695312e-08,0.0,0,0,False,0.0
0.0675,-0.24,0.23999999999999994,True,False,False,False,False,False,False,0,0,0,0,,0.0,2.9802322387695312e-08,0.0,0,0,False,0.0
0.0675,-0.21999999999999997,0.23999999999999994,True,False,False,False,False,False,False,0,0,0,0,,0.0,2.9802322387695312e-08,0.0,0,0,False,0.0
0.0675,-0.19999999999999998,0.23999999999999994,True,False,False,False,False,False,False,0,0,0,0,,0.0,2.9802322387695312e-08,0.0,0,0,False,0.0
0.0675,-0.18,0.23999999999999994,True,False,False,False,False,False,False,0,0,0,0,,0.0,2.9802322387695312e-08,0.0,0,0,False,0.0
0.0675,-0.15999999999999998,0.23999999999999994,True,False,False,False,False,False,False,0,0,0,0,,0.0,2.9802322387695312e-08,0.0,0,0,False,0.0
0.0675,-0.13999999999999996,0.23999999999999994,True,False,False,False,False,False,False,0,0,0,0,,0.0,2.9802322387695312e-08,0.0,0,0,False,0.0
0.0675,-0.12,0.23999999999999994,True,False,False,False,False,False,False,0,0,0,0,,0.0,2.9802322387695312e-08,0.0,0,0,False,0.0
0.0675,-0.09999999999999998,0.23999999999999994,True,False,False,False,False,False,False,0,0,0,0,,0.0,2.980237923100575e-08,0.0,0,0,False,0.0
0.0675,-0.07999999999999996,0.23999999999999994,True,False,False,False,False,False,False,0,0,0,0,,0.0,2.9802322387695312e-08,0.0,0,0,False,0.0
0.0675,-0.06,0.23999999999999994,True,False,False,False,False,False,False,0,0,0,0,,0.0,2.9802322387695312e-08,0.0,0,0,False,0.0
0.0675,-0.03999999999999998,0.23999999999999994,True,False,False,False,False,False,False,0,0,0,0,,0.0,2.9802322387695312e-08,0.0,0,0,False,0.0
0.0675,-0.019999999999999962,0.23999999999999994,True,False,False,False,False,False,False,0,0,0,0,,0.0,2.9802322387695312e-08,0.0,0,0,False,0.0
0.0675,0.0,0.23999999999999994,True,False,False,False,False,False,False,0,0,0,0,,0.0,2.9802322387695312e-08,0.0,0,0,False,0.0
0.0675,0.020000000000000018,0.23999999999999994,True,False,False,False,False,False,False,0,0,0,0,,0.0,2.9802322387695312e-08,0.0,0,0,False,0.0
0.0675,0.040000000000000036,0.23999999999999994,True,False,False,False,False,False,False,0,0,0,0,,0.0,2.9802322387695312e-08,0.0,0,0,False,0.0
0.0675,0.06,0.23999999999999994,True,False,False,False,False,False,False,0,0,0,0,,0.0,2.9802322387695312e-08,0.0,0,0,False,0.0
0.0675,0.08000000000000002,0.23999999999999994,True,False,False,False,False,False,False,0,0,0,0,,0.0,2.9802322387695312e-08,0.0,0,0,False,0.0
0.0675,0.10000000000000003,0.23999999999999994,True,False,False,False,False,False,False,0,0,0,0,,0.0,2.9802322387695312e-08,0.0,0,0,False,0.0
0.0675,0.12000000000000005,0.23999999999999994,True,False,False,False,False,False,False,0,0,0,0,,0.0,2.9802322387695312e-08,0.0,0,0,False,0.0
0.0675,0.14000000000000007,0.23999999999999994,True,False,False,False,False,False,False,0,0,0,0,,0.0,2.9802322387695312e-08,0.0,0,0,False,0.0
0.0675,0.15999999999999998,0.23999999999999994,True,False,False,False,False,False,False,0,0,0,0,,0.0,2.9802322387695312e-08,0.0,0,0,False,0.0
0.0675,0.18,0.23999999999999994,True,False,False,False,False,False,False,0,0,0,0,,0.0,2.9802322387695312e-08,0.0,0,0,False,0.0
0.0675,0.2,0.23999999999999994,True,False,False,False,False,False,False,0,0,0,0,,0.0,2.9802322387695312e-08,0.0,0,0,False,0.0
0.0675,0.22000000000000003,0.23999999999999994,True,False,False,False,False,False,False,0,0,0,0,,0.0,2.9802322387695312e-08,0.0,0,0,False,0.0
0.0675,0.24000000000000005,0.23999999999999994,True,False,False,False,False,False,False,0,0,0,0,,0.0,2.9802322387695312e-08,0.0,0,0,False,0.0
0.0675,0.26000000000000006,0.23999999999999994,True,False,False,False,False,False,False,0,0,0,0,,0.0,2.9802322387695312e-08,0.0,0,0,False,0.0
0.0675,0.2800000000000001,0.23999999999999994,True,False,False,False,False,False,False,0,0,0,0,,0.0,2.9802322387695312e-08,0.0,0,0,False,0.0
0.0675,0.3,0.23999999999999994,True,False,False,False,False,False,False,0,0,0,0,,0.0,2.9802322387695312e-08,0.0,0,0,False,0.0
0.0675,0.32,0.23999999999999994,True,False,False,False,False,False,False,0,0,0,0,,0.0,2.9802322387695312e-08,0.0,0,0,False,0.0
0.0675,0.34,0.23999999999999994,True,False,False,False,False,False,False,0,0,0,0,,0.0,2.9802322387695312e-08,0.0,0,0,False,0.0
0.0675,0.36000000000000004,0.23999999999999994,True,False,False,False,False,False,False,0,0,0,0,,0.0,2.9802322387695312e-08,0.0,0,0,False,0.0
0.0675,0.38000000000000006,0.23999999999999994,True,False,False,False,False,False,False,0,0,0,0,,0.0,2.9802322387695312e-08,0.0,0,0,False,0.0
0.0675,0.4000000000000001,0.23999999999999994,True,False,False,False,False,False,False,0,0,0,0,,0.0,2.9802322387695312e-08,0.0,0,0,False,0.0
0.0675,0.42,0.23999999999999994,True,False,False,False,False,False,False,0,0,0,0,,0.0,2.9802322387695312e-08,0.0,0,0,False,0.0
0.0675,-0.42,0.25999999999999995,True,False,False,False,False,False,False,0,0,0,0,,0.0,2.9802322387695312e-08,0.0,0,0,False,0.0
0.0675,-0.39999999999999997,0.25999999999999995,True,False,False,False,False,False,False,0,0,0,0,,0.0,2.9802322387695312e-08,0.0,0,0,False,0.0
0.0675,-0.38,0.25999999999999995,True,False,False,False,False,False,False,0,0,0,0,,0.0,2.9802322387695312e-08,0.0,0,0,False,0.0
0.0675,-0.36,0.25999999999999995,True,False,False,False,False,False,False,0,0,0,0,,0.0,2.9802322387695312e-08,0.0,0,0,False,0.0
0.0675,-0.33999999999999997,0.25999999999999995,True,False,False,False,False,False,False,0,0,0,0,,0.0,2.9802322387695312e-08,0.0,0,0,False,0.0
0.0675,-0.31999999999999995,0.25999999999999995,True,False,False,False,False,False,False,0,0,0,0,,0.0,2.9802322387695312e-08,0.0,0,0,False,0.0
0.0675,-0.3,0.25999999999999995,True,False,False,False,False,False,False,0,0,0,0,,0.0,2.9802322387695312e-08,0.0,0,0,False,0.0
0.0675,-0.27999999999999997,0.25999999999999995,True,False,False,False,False,False,False,0,0,0,0,,0.0,2.9802322387695312e-08,0.0,0,0,False,0.0
0.0675,-0.26,0.25999999999999995,True,False,False,False,False,False,False,0,0,0,0,,0.0,2.9802322387695312e-08,0.0,0,0,False,0.0
0.0675,-0.24,0.25999999999999995,True,False,False,False,False,False,False,0,0,0,0,,0.0,2.9802322387695312e-08,0.0,0,0,False,0.0
0.0675,-0.21999999999999997,0.25999999999999995,True,False,False,False,False,False,False,0,0,0,0,,0.0,2.9802322387695312e-08,0.0,0,0,False,0.0
0.0675,-0.19999999999999998,0.25999999999999995,True,False,False,False,False,False,False,0,0,0,0,,0.0,2.9802322387695312e-08,0.0,0,0,False,0.0
0.0675,-0.18,0.25999999999999995,True,False,False,False,False,False,False,0,0,0,0,,0.0,2.9802322387695312e-08,0.0,0,0,False,0.0
0.0675,-0.15999999999999998,0.25999999999999995,True,False,False,False,False,False,False,0,0,0,0,,0.0,2.9802322387695312e-08,0.0,0,0,False,0.0
0.0675,-0.13999999999999996,0.25999999999999995,True,False,False,False,False,False,False,0,0,0,0,,0.0,2.9802322387695312e-08,0.0,0,0,False,0.0
0.0675,-0.12,0.25999999999999995,True,False,False,False,False,False,False,0,0,0,0,,0.0,2.9802322387695312e-08,0.0,0,0,False,0.0
0.0675,-0.09999999999999998,0.25999999999999995,True,False,False,False,False,False,False,0,0,0,0,,0.0,2.980237923100575e-08,0.0,0,0,False,0.0
0.0675,-0.07999999999999996,0.25999999999999995,True,False,False,False,False,False,False,0,0,0,0,,0.0,2.9802322387695312e-08,0.0,0,0,False,0.0
0.0675,-0.06,0.25999999999999995,True,False,False,False,False,False,False,0,0,0,0,,0.0,2.9802322387695312e-08,0.0,0,0,False,0.0
0.0675,-0.03999999999999998,0.25999999999999995,True,False,False,False,False,False,False,0,0,0,0,,0.0,2.9802322387695312e-08,0.0,0,0,False,0.0
0.0675,-0.019999999999999962,0.25999999999999995,True,False,False,False,False,False,False,0,0,0,0,,0.0,2.9802322387695312e-08,0.0,0,0,False,0.0
0.0675,0.0,0.25999999999999995,True,False,False,False,False,False,False,0,0,0,0,,0.0,2.9802322387695312e-08,0.0,0,0,False,0.0
0.0675,0.020000000000000018,0.25999999999999995,True,False,False,False,False,False,False,0,0,0,0,,0.0,2.9802322387695312e-08,0.0,0,0,False,0.0
0.0675,0.040000000000000036,0.25999999999999995,True,False,False,False,False,False,False,0,0,0,0,,0.0,2.9802322387695312e-08,0.0,0,0,False,0.0
0.0675,0.06,0.25999999999999995,True,False,False,False,False,False,False,0,0,0,0,,0.0,2.9802322387695312e-08,0.0,0,0,False,0.0
0.0675,0.08000000000000002,0.25999999999999995,True,False,False,False,False,False,False,0,0,0,0,,0.0,2.9802322387695312e-08,0.0,0,0,False,0.0
0.0675,0.10000000000000003,0.25999999999999995,True,False,False,False,False,False,False,0,0,0,0,,0.0,2.9802322387695312e-08,0.0,0,0,False,0.0
0.0675,0.12000000000000005,0.25999999999999995,True,False,False,False,False,False,False,0,0,0,0,,0.0,2.9802322387695312e-08,0.0,0,0,False,0.0
0.0675,0.14000000000000007,0.25999999999999995,True,False,False,False,False,False,False,0,0,0,0,,0.0,2.9802322387695312e-08,0.0,0,0,False,0.0
0.0675,0.15999999999999998,0.25999999999999995,True,False,False,False,False,False,False,0,0,0,0,,0.0,2.9802322387695312e-08,0.0,0,0,False,0.0
0.0675,0.18,0.25999999999999995,True,False,False,False,False,False,False,0,0,0,0,,0.0,2.9802322387695312e-08,0.0,0,0,False,0.0
0.0675,0.2,0.25999999999999995,True,False,False,False,False,False,False,0,0,0,0,,0.0,2.9802322387695312e-08,0.0,0,0,False,0.0
0.0675,0.22000000000000003,0.25999999999999995,True,False,False,False,False,False,False,0,0,0,0,,0.0,2.9802322387695312e-08,0.0,0,0,False,0.0
0.0675,0.24000000000000005,0.25999999999999995,True,False,False,False,False,False,False,0,0,0,0,,0.0,2.9802322387695312e-08,0.0,0,0,False,0.0
0.0675,0.26000000000000006,0.25999999999999995,True,False,False,False,False,False,False,0,0,0,0,,0.0,2.9802322387695312e-08,0.0,0,0,False,0.0
0.0675,0.2800000000000001,0.25999999999999995,True,False,False,False,False,False,False,0,0,0,0,,0.0,2.9802322387695312e-08,0.0,0,0,False,0.0
0.0675,0.3,0.25999999999999995,True,False,False,False,False,False,False,0,0,0,0,,0.0,2.9802322387695312e-08,0.0,0,0,False,0.0
0.0675,0.32,0.25999999999999995,True,False,False,False,False,False,False,0,0,0,0,,0.0,2.9802322387695312e-08,0.0,0,0,False,0.0
0.0675,0.34,0.25999999999999995,True,False,False,False,False,False,False,0,0,0,0,,0.0,2.9802322387695312e-08,0.0,0,0,False,0.0
0.0675,0.36000000000000004,0.25999999999999995,True,False,False,False,False,False,False,0,0,0,0,,0.0,2.9802322387695312e-08,0.0,0,0,False,0.0
0.0675,0.38000000000000006,0.25999999999999995,True,False,False,False,False,False,False,0,0,0,0,,0.0,2.9802322387695312e-08,0.0,0,0,False,0.0
0.0675,0.4000000000000001,0.25999999999999995,True,False,False,False,False,False,False,0,0,0,0,,0.0,2.9802322387695312e-08,0.0,0,0,False,0.0
0.0675,0.42,0.25999999999999995,True,False,False,False,False,False,False,0,0,0,0,,0.0,2.9802322387695312e-08,0.0,0,0,False,0.0
0.0675,-0.42,0.27999999999999997,True,False,False,False,False,False,False,0,0,0,0,,0.0,2.9802322387695312e-08,0.0,0,0,False,0.0
0.0675,-0.39999999999999997,0.27999999999999997,True,False,False,False,False,False,False,0,0,0,0,,0.0,2.9802322387695312e-08,0.0,0,0,False,0.0
0.0675,-0.38,0.27999999999999997,True,False,False,False,False,False,False,0,0,0,0,,0.0,2.9802322387695312e-08,0.0,0,0,False,0.0
0.0675,-0.36,0.27999999999999997,True,False,False,False,False,False,False,0,0,0,0,,0.0,2.9802322387695312e-08,0.0,0,0,False,0.0
0.0675,-0.33999999999999997,0.27999999999999997,True,False,False,False,False,False,False,0,0,0,0,,0.0,2.9802322387695312e-08,0.0,0,0,False,0.0
0.0675,-0.31999999999999995,0.27999999999999997,True,False,False,False,False,False,False,0,0,0,0,,0.0,2.9802322387695312e-08,0.0,0,0,False,0.0
0.0675,-0.3,0.27999999999999997,True,False,False,False,False,False,False,0,0,0,0,,0.0,2.9802322387695312e-08,0.0,0,0,False,0.0
0.0675,-0.27999999999999997,0.27999999999999997,True,False,False,False,False,False,False,0,0,0,0,,0.0,2.9802322387695312e-08,0.0,0,0,False,0.0
0.0675,-0.26,0.27999999999999997,True,False,False,False,False,False,False,0,0,0,0,,0.0,2.9802322387695312e-08,0.0,0,0,False,0.0
0.0675,-0.24,0.27999999999999997,True,False,False,False,False,False,False,0,0,0,0,,0.0,2.9802322387695312e-08,0.0,0,0,False,0.0
0.0675,-0.21999999999999997,0.27999999999999997,True,False,False,False,False,False,False,0,0,0,0,,0.0,2.9802322387695312e-08,0.0,0,0,False,0.0
0.0675,-0.19999999999999998,0.27999999999999997,True,False,False,False,False,False,False,0,0,0,0,,0.0,2.9802322387695312e-08,0.0,0,0,False,0.0
0.0675,-0.18,0.27999999999999997,True,False,False,False,False,False,False,0,0,0,0,,0.0,2.9802322387695312e-08,0.0,0,0,False,0.0
0.0675,-0.15999999999999998,0.27999999999999997,True,False,False,False,False,False,False,0,0,0,0,,0.0,2.9802322387695312e-08,0.0,0,0,False,0.0
0.0675,-0.13999999999999996,0.27999999999999997,True,False,False,False,False,False,False,0,0,0,0,,0.0,2.9802322387695312e-08,0.0,0,0,False,0.0
0.0675,-0.12,0.27999999999999997,True,False,False,False,False,False,False,0,0,0,0,,0.0,2.9802322387695312e-08,0.0,0,0,False,0.0
0.0675,-0.09999999999999998,0.27999999999999997,True,False,False,False,False,False,False,0,0,0,0,,0.0,2.980237923100575e-08,0.0,0,0,False,0.0
0.0675,-0.07999999999999996,0.27999999999999997,True,False,False,False,False,False,False,0,0,0,0,,0.0,2.9802322387695312e-08,0.0,0,0,False,0.0
0.0675,-0.06,0.27999999999999997,True,False,False,False,False,False,False,0,0,0,0,,0.0,2.9802322387695312e-08,0.0,0,0,False,0.0
0.0675,-0.03999999999999998,0.27999999999999997,True,False,False,False,False,False,False,0,0,0,0,,0.0,2.9802322387695312e-08,0.0,0,0,False,0.0
0.0675,-0.019999999999999962,0.27999999999999997,True,False,False,False,False,False,False,0,0,0,0,,0.0,2.9802322387695312e-08,0.0,0,0,False,0.0
0.0675,0.0,0.27999999999999997,True,False,False,False,False,False,False,0,0,0,0,,0.0,2.9802322387695312e-08,0.0,0,0,False,0.0
0.0675,0.020000000000000018,0.27999999999999997,True,False,False,False,False,False,False,0,0,0,0,,0.0,2.9802322387695312e-08,0.0,0,0,False,0.0
0.0675,0.040000000000000036,0.27999999999999997,True,False,False,False,False,False,False,0,0,0,0,,0.0,2.9802322387695312e-08,0.0,0,0,False,0.0
0.0675,0.06,0.27999999999999997,True,False,False,False,False,False,False,0,0,0,0,,0.0,2.9802322387695312e-08,0.0,0,0,False,0.0
0.0675,0.08000000000000002,0.27999999999999997,True,False,False,False,False,False,False,0,0,0,0,,0.0,2.9802322387695312e-08,0.0,0,0,False,0.0
0.0675,0.10000000000000003,0.27999999999999997,True,False,False,False,False,False,False,0,0,0,0,,0.0,2.9802322387695312e-08,0.0,0,0,False,0.0
0.0675,0.12000000000000005,0.27999999999999997,True,False,False,False,False,False,False,0,0,0,0,,0.0,2.9802322387695312e-08,0.0,0,0,False,0.0
0.0675,0.14000000000000007,0.27999999999999997,True,False,False,False,False,False,False,0,0,0,0,,0.0,2.9802322387695312e-08,0.0,0,0,False,0.0
0.0675,0.15999999999999998,0.27999999999999997,True,False,False,False,False,False,False,0,0,0,0,,0.0,2.9802322387695312e-08,0.0,0,0,False,0.0
0.0675,0.18,0.27999999999999997,True,False,False,False,False,False,False,0,0,0,0,,0.0,2.9802322387695312e-08,0.0,0,0,False,0.0
0.0675,0.2,0.27999999999999997,True,False,False,False,False,False,False,0,0,0,0,,0.0,2.9802322387695312e-08,0.0,0,0,False,0.0
0.0675,0.22000000000000003,0.27999999999999997,True,False,False,False,False,False,False,0,0,0,0,,0.0,2.9802322387695312e-08,0.0,0,0,False,0.0
0.0675,0.24000000000000005,0.27999999999999997,True,False,False,False,False,False,False,0,0,0,0,,0.0,2.9802322387695312e-08,0.0,0,0,False,0.0
0.0675,0.26000000000000006,0.27999999999999997,True,False,False,False,False,False,False,0,0,0,0,,0.0,2.9802322387695312e-08,0.0,0,0,False,0.0
0.0675,0.2800000000000001,0.27999999999999997,True,False,False,False,False,False,False,0,0,0,0,,0.0,2.9802322387695312e-08,0.0,0,0,False,0.0
0.0675,0.3,0.27999999999999997,True,False,False,False,False,False,False,0,0,0,0,,0.0,2.9802322387695312e-08,0.0,0,0,False,0.0
0.0675,0.32,0.27999999999999997,True,False,False,False,False,False,False,0,0,0,0,,0.0,2.9802322387695312e-08,0.0,0,0,False,0.0
0.0675,0.34,0.27999999999999997,True,False,False,False,False,False,False,0,0,0,0,,0.0,2.9802322387695312e-08,0.0,0,0,False,0.0
0.0675,0.36000000000000004,0.27999999999999997,True,False,False,False,False,False,False,0,0,0,0,,0.0,2.9802322387695312e-08,0.0,0,0,False,0.0
0.0675,0.38000000000000006,0.27999999999999997,True,False,False,False,False,False,False,0,0,0,0,,0.0,2.9802322387695312e-08,0.0,0,0,False,0.0
0.0675,0.4000000000000001,0.27999999999999997,True,False,False,False,False,False,False,0,0,0,0,,0.0,2.9802322387695312e-08,0.0,0,0,False,0.0
0.0675,0.42,0.27999999999999997,True,False,False,False,False,False,False,0,0,0,0,,0.0,2.9802322387695312e-08,0.0,0,0,False,0.0
0.0675,-0.42,0.3,True,False,False,False,False,False,False,0,0,0,0,,0.0,2.9802322387695312e-08,0.0,0,0,False,0.0
0.0675,-0.39999999999999997,0.3,True,False,False,False,False,False,False,0,0,0,0,,0.0,2.9802322387695312e-08,0.0,0,0,False,0.0
0.0675,-0.38,0.3,True,False,False,False,False,False,False,0,0,0,0,,0.0,2.9802322387695312e-08,0.0,0,0,False,0.0
0.0675,-0.36,0.3,True,False,False,False,False,False,False,0,0,0,0,,0.0,2.9802322387695312e-08,0.0,0,0,False,0.0
0.0675,-0.33999999999999997,0.3,True,False,False,False,False,False,False,0,0,0,0,,0.0,2.9802322387695312e-08,0.0,0,0,False,0.0
0.0675,-0.31999999999999995,0.3,True,False,False,False,False,False,False,0,0,0,0,,0.0,2.9802322387695312e-08,0.0,0,0,False,0.0
0.0675,-0.3,0.3,True,False,False,False,False,False,False,0,0,0,0,,0.0,2.9802322387695312e-08,0.0,0,0,False,0.0
0.0675,-0.27999999999999997,0.3,True,False,False,False,False,False,False,0,0,0,0,,0.0,2.9802322387695312e-08,0.0,0,0,False,0.0
0.0675,-0.26,0.3,True,False,False,False,False,False,False,0,0,0,0,,0.0,2.9802322387695312e-08,0.0,0,0,False,0.0
0.0675,-0.24,0.3,True,False,False,False,False,False,False,0,0,0,0,,0.0,2.9802322387695312e-08,0.0,0,0,False,0.0
0.0675,-0.21999999999999997,0.3,True,False,False,False,False,False,False,0,0,0,0,,0.0,2.9802322387695312e-08,0.0,0,0,False,0.0
0.0675,-0.19999999999999998,0.3,True,False,False,False,False,False,False,0,0,0,0,,0.0,2.9802322387695312e-08,0.0,0,0,False,0.0
0.0675,-0.18,0.3,True,False,False,False,False,False,False,0,0,0,0,,0.0,2.9802322387695312e-08,0.0,0,0,False,0.0
0.0675,-0.15999999999999998,0.3,True,False,False,False,False,False,False,0,0,0,0,,0.0,2.9802322387695312e-08,0.0,0,0,False,0.0
0.0675,-0.13999999999999996,0.3,True,False,False,False,False,False,False,0,0,0,0,,0.0,2.9802322387695312e-08,0.0,0,0,False,0.0
0.0675,-0.12,0.3,True,False,False,False,False,False,False,0,0,0,0,,0.0,2.9802322387695312e-08,0.0,0,0,False,0.0
0.0675,-0.09999999999999998,0.3,True,False,False,False,False,False,False,0,0,0,0,,0.0,2.980237923100575e-08,0.0,0,0,False,0.0
0.0675,-0.07999999999999996,0.3,True,False,False,False,False,False,False,0,0,0,0,,0.0,2.9802322387695312e-08,0.0,0,0,False,0.0
0.0675,-0.06,0.3,True,False,False,False,False,False,False,0,0,0,0,,0.0,2.9802322387695312e-08,0.0,0,0,False,0.0
0.0675,-0.03999999999999998,0.3,True,False,False,False,False,False,False,0,0,0,0,,0.0,2.9802322387695312e-08,0.0,0,0,False,0.0
0.0675,-0.019999999999999962,0.3,True,False,False,False,False,False,False,0,0,0,0,,0.0,2.9802322387695312e-08,0.0,0,0,False,0.0
0.0675,0.0,0.3,True,False,False,False,False,False,False,0,0,0,0,,0.0,2.9802322387695312e-08,0.0,0,0,False,0.0
0.0675,0.020000000000000018,0.3,True,False,False,False,False,False,False,0,0,0,0,,0.0,2.9802322387695312e-08,0.0,0,0,False,0.0
0.0675,0.040000000000000036,0.3,True,False,False,False,False,False,False,0,0,0,0,,0.0,2.9802322387695312e-08,0.0,0,0,False,0.0
0.0675,0.06,0.3,True,False,False,False,False,False,False,0,0,0,0,,0.0,2.9802322387695312e-08,0.0,0,0,False,0.0
0.0675,0.08000000000000002,0.3,True,False,False,False,False,False,False,0,0,0,0,,0.0,2.9802322387695312e-08,0.0,0,0,False,0.0
0.0675,0.10000000000000003,0.3,True,False,False,False,False,False,False,0,0,0,0,,0.0,2.9802322387695312e-08,0.0,0,0,False,0.0
0.0675,0.12000000000000005,0.3,True,False,False,False,False,False,False,0,0,0,0,,0.0,2.9802322387695312e-08,0.0,0,0,False,0.0
0.0675,0.14000000000000007,0.3,True,False,False,False,False,False,False,0,0,0,0,,0.0,2.9802322387695312e-08,0.0,0,0,False,0.0
0.0675,0.15999999999999998,0.3,True,False,False,False,False,False,False,0,0,0,0,,0.0,2.9802322387695312e-08,0.0,0,0,False,0.0
0.0675,0.18,0.3,True,False,False,False,False,False,False,0,0,0,0,,0.0,2.9802322387695312e-08,0.0,0,0,False,0.0
0.0675,0.2,0.3,True,False,False,False,False,False,False,0,0,0,0,,0.0,2.9802322387695312e-08,0.0,0,0,False,0.0
0.0675,0.22000000000000003,0.3,True,False,False,False,False,False,False,0,0,0,0,,0.0,2.9802322387695312e-08,0.0,0,0,False,0.0
0.0675,0.24000000000000005,0.3,True,False,False,False,False,False,False,0,0,0,0,,0.0,2.9802322387695312e-08,0.0,0,0,False,0.0
0.0675,0.26000000000000006,0.3,True,False,False,False,False,False,False,0,0,0,0,,0.0,2.9802322387695312e-08,0.0,0,0,False,0.0
0.0675,0.2800000000000001,0.3,True,False,False,False,False,False,False,0,0,0,0,,0.0,2.9802322387695312e-08,0.0,0,0,False,0.0
0.0675,0.3,0.3,True,False,False,False,False,False,False,0,0,0,0,,0.0,2.9802322387695312e-08,0.0,0,0,False,0.0
0.0675,0.32,0.3,True,False,False,False,False,False,False,0,0,0,0,,0.0,2.9802322387695312e-08,0.0,0,0,False,0.0
0.0675,0.34,0.3,True,False,False,False,False,False,False,0,0,0,0,,0.0,2.9802322387695312e-08,0.0,0,0,False,0.0
0.0675,0.36000000000000004,0.3,True,False,False,False,False,False,False,0,0,0,0,,0.0,2.9802322387695312e-08,0.0,0,0,False,0.0
0.0675,0.38000000000000006,0.3,True,False,False,False,False,False,False,0,0,0,0,,0.0,2.9802322387695312e-08,0.0,0,0,False,0.0
0.0675,0.4000000000000001,0.3,True,False,False,False,False,False,False,0,0,0,0,,0.0,2.9802322387695312e-08,0.0,0,0,False,0.0
0.0675,0.42,0.3,True,False,False,False,False,False,False,0,0,0,0,,0.0,2.9802322387695312e-08,0.0,0,0,False,0.0
0.0675,-0.42,0.32,True,False,False,False,False,False,False,0,0,0,0,,0.0,2.9802322387695312e-08,0.0,0,0,False,0.0
0.0675,-0.39999999999999997,0.32,True,False,False,False,False,False,False,0,0,0,0,,0.0,2.9802322387695312e-08,0.0,0,0,False,0.0
0.0675,-0.38,0.32,True,False,False,False,False,False,False,0,0,0,0,,0.0,2.9802322387695312e-08,0.0,0,0,False,0.0
0.0675,-0.36,0.32,True,False,False,False,False,False,False,0,0,0,0,,0.0,2.9802322387695312e-08,0.0,0,0,False,0.0
0.0675,-0.33999999999999997,0.32,True,False,False,False,False,False,False,0,0,0,0,,0.0,2.9802322387695312e-08,0.0,0,0,False,0.0
0.0675,-0.31999999999999995,0.32,True,False,False,False,False,False,False,0,0,0,0,,0.0,2.9802322387695312e-08,0.0,0,0,False,0.0
0.0675,-0.3,0.32,True,False,False,False,False,False,False,0,0,0,0,,0.0,2.9802322387695312e-08,0.0,0,0,False,0.0
0.0675,-0.27999999999999997,0.32,True,False,False,False,False,False,False,0,0,0,0,,0.0,2.9802322387695312e-08,0.0,0,0,False,0.0
0.0675,-0.26,0.32,True,False,False,False,False,False,False,0,0,0,0,,0.0,2.9802322387695312e-08,0.0,0,0,False,0.0
0.0675,-0.24,0.32,True,False,False,False,False,False,False,0,0,0,0,,0.0,2.9802322387695312e-08,0.0,0,0,False,0.0
0.0675,-0.21999999999999997,0.32,True,False,False,False,False,False,False,0,0,0,0,,0.0,2.9802322387695312e-08,0.0,0,0,False,0.0
0.0675,-0.19999999999999998,0.32,True,False,False,False,False,False,False,0,0,0,0,,0.0,2.9802322387695312e-08,0.0,0,0,False,0.0
0.0675,-0.18,0.32,True,False,False,False,False,False,False,0,0,0,0,,0.0,2.9802322387695312e-08,0.0,0,0,False,0.0
0.0675,-0.15999999999999998,0.32,True,False,False,False,False,False,False,0,0,0,0,,0.0,2.9802322387695312e-08,0.0,0,0,False,0.0
0.0675,-0.13999999999999996,0.32,True,False,False,False,False,False,False,0,0,0,0,,0.0,2.9802322387695312e-08,0.0,0,0,False,0.0
0.0675,-0.12,0.32,True,False,False,False,False,False,False,0,0,0,0,,0.0,2.9802322387695312e-08,0.0,0,0,False,0.0
0.0675,-0.09999999999999998,0.32,True,False,False,False,False,False,False,0,0,0,0,,0.0,2.980237923100575e-08,0.0,0,0,False,0.0
0.0675,-0.07999999999999996,0.32,True,False,False,False,False,False,False,0,0,0,0,,0.0,2.9802322387695312e-08,0.0,0,0,False,0.0
0.0675,-0.06,0.32,True,False,False,False,False,False,False,0,0,0,0,,0.0,2.9802322387695312e-08,0.0,0,0,False,0.0
0.0675,-0.03999999999999998,0.32,True,False,False,False,False,False,False,0,0,0,0,,0.0,2.9802322387695312e-08,0.0,0,0,False,0.0
0.0675,-0.019999999999999962,0.32,True,False,False,False,False,False,False,0,0,0,0,,0.0,2.9802322387695312e-08,0.0,0,0,False,0.0
0.0675,0.0,0.32,True,False,False,False,False,False,False,0,0,0,0,,0.0,2.9802322387695312e-08,0.0,0,0,False,0.0
0.0675,0.020000000000000018,0.32,True,False,False,False,False,False,False,0,0,0,0,,0.0,2.9802322387695312e-08,0.0,0,0,False,0.0
0.0675,0.040000000000000036,0.32,True,False,False,False,False,False,False,0,0,0,0,,0.0,2.9802322387695312e-08,0.0,0,0,False,0.0
0.0675,0.06,0.32,True,False,False,False,False,False,False,0,0,0,0,,0.0,2.9802322387695312e-08,0.0,0,0,False,0.0
0.0675,0.08000000000000002,0.32,True,False,False,False,False,False,False,0,0,0,0,,0.0,2.9802322387695312e-08,0.0,0,0,False,0.0
0.0675,0.10000000000000003,0.32,True,False,False,False,False,False,False,0,0,0,0,,0.0,2.9802322387695312e-08,0.0,0,0,False,0.0
0.0675,0.12000000000000005,0.32,True,False,False,False,False,False,False,0,0,0,0,,0.0,2.9802322387695312e-08,0.0,0,0,False,0.0
0.0675,0.14000000000000007,0.32,True,False,False,False,False,False,False,0,0,0,0,,0.0,2.9802322387695312e-08,0.0,0,0,False,0.0
0.0675,0.15999999999999998,0.32,True,False,False,False,False,False,False,0,0,0,0,,0.0,2.9802322387695312e-08,0.0,0,0,False,0.0
0.0675,0.18,0.32,True,False,False,False,False,False,False,0,0,0,0,,0.0,2.9802322387695312e-08,0.0,0,0,False,0.0
0.0675,0.2,0.32,True,False,False,False,False,False,False,0,0,0,0,,0.0,2.9802322387695312e-08,0.0,0,0,False,0.0
0.0675,0.22000000000000003,0.32,True,False,False,False,False,False,False,0,0,0,0,,0.0,2.9802322387695312e-08,0.0,0,0,False,0.0
0.0675,0.24000000000000005,0.32,True,False,False,False,False,False,False,0,0,0,0,,0.0,2.9802322387695312e-08,0.0,0,0,False,0.0
0.0675,0.26000000000000006,0.32,True,False,False,False,False,False,False,0,0,0,0,,0.0,2.9802322387695312e-08,0.0,0,0,False,0.0
0.0675,0.2800000000000001,0.32,True,False,False,False,False,False,False,0,0,0,0,,0.0,2.9802322387695312e-08,0.0,0,0,False,0.0
0.0675,0.3,0.32,True,False,False,False,False,False,False,0,0,0,0,,0.0,2.9802322387695312e-08,0.0,0,0,False,0.0
0.0675,0.32,0.32,True,False,False,False,False,False,False,0,0,0,0,,0.0,2.9802322387695312e-08,0.0,0,0,False,0.0
0.0675,0.34,0.32,True,False,False,False,False,False,False,0,0,0,0,,0.0,2.9802322387695312e-08,0.0,0,0,False,0.0
0.0675,0.36000000000000004,0.32,True,False,False,False,False,False,False,0,0,0,0,,0.0,2.9802322387695312e-08,0.0,0,0,False,0.0
0.0675,0.38000000000000006,0.32,True,False,False,False,False,False,False,0,0,0,0,,0.0,2.9802322387695312e-08,0.0,0,0,False,0.0
0.0675,0.4000000000000001,0.32,True,False,False,False,False,False,False,0,0,0,0,,0.0,2.9802322387695312e-08,0.0,0,0,False,0.0
0.0675,0.42,0.32,True,False,False,False,False,False,False,0,0,0,0,,0.0,2.9802322387695312e-08,0.0,0,0,False,0.0
0.0675,-0.42,0.34,True,False,False,False,False,False,False,0,0,0,0,,0.0,2.9802322387695312e-08,0.0,0,0,False,0.0
0.0675,-0.39999999999999997,0.34,True,False,False,False,False,False,False,0,0,0,0,,0.0,2.9802322387695312e-08,0.0,0,0,False,0.0
0.0675,-0.38,0.34,True,False,False,False,False,False,False,0,0,0,0,,0.0,2.9802322387695312e-08,0.0,0,0,False,0.0
0.0675,-0.36,0.34,True,False,False,False,False,False,False,0,0,0,0,,0.0,2.9802322387695312e-08,0.0,0,0,False,0.0
0.0675,-0.33999999999999997,0.34,True,False,False,False,False,False,False,0,0,0,0,,0.0,2.9802322387695312e-08,0.0,0,0,False,0.0
0.0675,-0.31999999999999995,0.34,True,False,False,False,False,False,False,0,0,0,0,,0.0,2.9802322387695312e-08,0.0,0,0,False,0.0
0.0675,-0.3,0.34,True,False,False,False,False,False,False,0,0,0,0,,0.0,2.9802322387695312e-08,0.0,0,0,False,0.0
0.0675,-0.27999999999999997,0.34,True,False,False,False,False,False,False,0,0,0,0,,0.0,2.9802322387695312e-08,0.0,0,0,False,0.0
0.0675,-0.26,0.34,True,False,False,False,False,False,False,0,0,0,0,,0.0,2.9802322387695312e-08,0.0,0,0,False,0.0
0.0675,-0.24,0.34,True,False,False,False,False,False,False,0,0,0,0,,0.0,2.9802322387695312e-08,0.0,0,0,False,0.0
0.0675,-0.21999999999999997,0.34,True,False,False,False,False,False,False,0,0,0,0,,0.0,2.9802322387695312e-08,0.0,0,0,False,0.0
0.0675,-0.19999999999999998,0.34,True,False,False,False,False,False,False,0,0,0,0,,0.0,2.9802322387695312e-08,0.0,0,0,False,0.0
0.0675,-0.18,0.34,True,False,False,False,False,False,False,0,0,0,0,,0.0,2.9802322387695312e-08,0.0,0,0,False,0.0
0.0675,-0.15999999999999998,0.34,True,False,False,False,False,False,False,0,0,0,0,,0.0,2.9802322387695312e-08,0.0,0,0,False,0.0
0.0675,-0.13999999999999996,0.34,True,False,False,False,False,False,False,0,0,0,0,,0.0,2.9802322387695312e-08,0.0,0,0,False,0.0
0.0675,-0.12,0.34,True,False,False,False,False,False,False,0,0,0,0,,0.0,2.9802322387695312e-08,0.0,0,0,False,0.0
0.0675,-0.09999999999999998,0.34,True,False,False,False,False,False,False,0,0,0,0,,0.0,2.980237923100575e-08,0.0,0,0,False,0.0
0.0675,-0.07999999999999996,0.34,True,False,False,False,False,False,False,0,0,0,0,,0.0,2.9802322387695312e-08,0.0,0,0,False,0.0
0.0675,-0.06,0.34,True,False,False,False,False,False,False,0,0,0,0,,0.0,2.9802322387695312e-08,0.0,0,0,False,0.0
0.0675,-0.03999999999999998,0.34,True,False,False,False,False,False,False,0,0,0,0,,0.0,2.9802322387695312e-08,0.0,0,0,False,0.0
0.0675,-0.019999999999999962,0.34,True,False,False,False,False,False,False,0,0,0,0,,0.0,2.9802322387695312e-08,0.0,0,0,False,0.0
0.0675,0.0,0.34,True,False,False,False,False,False,False,0,0,0,0,,0.0,2.9802322387695312e-08,0.0,0,0,False,0.0
0.0675,0.020000000000000018,0.34,True,False,False,False,False,False,False,0,0,0,0,,0.0,2.9802322387695312e-08,0.0,0,0,False,0.0
0.0675,0.040000000000000036,0.34,True,False,False,False,False,False,False,0,0,0,0,,0.0,2.9802322387695312e-08,0.0,0,0,False,0.0
0.0675,0.06,0.34,True,False,False,False,False,False,False,0,0,0,0,,0.0,2.9802322387695312e-08,0.0,0,0,False,0.0
0.0675,0.08000000000000002,0.34,True,False,False,False,False,False,False,0,0,0,0,,0.0,2.9802322387695312e-08,0.0,0,0,False,0.0
0.0675,0.10000000000000003,0.34,True,False,False,False,False,False,False,0,0,0,0,,0.0,2.9802322387695312e-08,0.0,0,0,False,0.0
0.0675,0.12000000000000005,0.34,True,False,False,False,False,False,False,0,0,0,0,,0.0,2.9802322387695312e-08,0.0,0,0,False,0.0
0.0675,0.14000000000000007,0.34,True,False,False,False,False,False,False,0,0,0,0,,0.0,2.9802322387695312e-08,0.0,0,0,False,0.0
0.0675,0.15999999999999998,0.34,True,False,False,False,False,False,False,0,0,0,0,,0.0,2.9802322387695312e-08,0.0,0,0,False,0.0
0.0675,0.18,0.34,True,False,False,False,False,False,False,0,0,0,0,,0.0,2.9802322387695312e-08,0.0,0,0,False,0.0
0.0675,0.2,0.34,True,False,False,False,False,False,False,0,0,0,0,,0.0,2.9802322387695312e-08,0.0,0,0,False,0.0
0.0675,0.22000000000000003,0.34,True,False,False,False,False,False,False,0,0,0,0,,0.0,2.9802322387695312e-08,0.0,0,0,False,0.0
0.0675,0.24000000000000005,0.34,True,False,False,False,False,False,False,0,0,0,0,,0.0,2.9802322387695312e-08,0.0,0,0,False,0.0
0.0675,0.26000000000000006,0.34,True,False,False,False,False,False,False,0,0,0,0,,0.0,2.9802322387695312e-08,0.0,0,0,False,0.0
0.0675,0.2800000000000001,0.34,True,False,False,False,False,False,False,0,0,0,0,,0.0,2.9802322387695312e-08,0.0,0,0,False,0.0
0.0675,0.3,0.34,True,False,False,False,False,False,False,0,0,0,0,,0.0,2.9802322387695312e-08,0.0,0,0,False,0.0
0.0675,0.32,0.34,True,False,False,False,False,False,False,0,0,0,0,,0.0,2.9802322387695312e-08,0.0,0,0,False,0.0
0.0675,0.34,0.34,True,False,False,False,False,False,False,0,0,0,0,,0.0,2.9802322387695312e-08,0.0,0,0,False,0.0
0.0675,0.36000000000000004,0.34,True,False,False,False,False,False,False,0,0,0,0,,0.0,2.9802322387695312e-08,0.0,0,0,False,0.0
0.0675,0.38000000000000006,0.34,True,False,False,False,False,False,False,0,0,0,0,,0.0,2.9802322387695312e-08,0.0,0,0,False,0.0
0.0675,0.4000000000000001,0.34,True,False,False,False,False,False,False,0,0,0,0,,0.0,2.9802322387695312e-08,0.0,0,0,False,0.0
0.0675,0.42,0.34,True,False,False,False,False,False,False,0,0,0,0,,0.0,2.9802322387695312e-08,0.0,0,0,False,0.0
0.135,-0.42,-0.34,True,False,False,False,False,False,False,0,0,0,0,,0.0,1.4901161193847656e-08,0.0,0,0,False,0.0
0.135,-0.39999999999999997,-0.34,True,False,False,False,False,False,False,0,0,0,0,,0.0,1.4901161193847656e-08,0.0,0,0,False,0.0
0.135,-0.38,-0.34,True,False,False,False,False,False,False,0,0,0,0,,0.0,1.4901161193847656e-08,0.0,0,0,False,0.0
0.135,-0.36,-0.34,True,False,False,False,False,False,False,0,0,0,0,,0.0,1.4901161193847656e-08,0.0,0,0,False,0.0
0.135,-0.33999999999999997,-0.34,True,False,False,False,False,False,False,0,0,0,0,,0.0,1.4901161193847656e-08,0.0,0,0,False,0.0
0.135,-0.31999999999999995,-0.34,True,False,False,False,False,False,False,1,4,0,0,0.01800961047410965,0.0,1.4901161193847656e-08,0.0,1,0,False,0.0
0.135,-0.3,-0.34,True,False,False,False,False,False,False,2,8,0,0,0.017891593277454376,0.0,1.4901161193847656e-08,0.0,2,0,False,0.0
0.135,-0.27999999999999997,-0.34,True,False,False,False,False,False,False,2,8,0,0,0.017724253237247467,0.0,1.4901161193847656e-08,0.0,2,0,False,0.0
0.135,-0.26,-0.34,True,False,False,False,False,False,False,2,8,0,0,0.017556607723236084,0.0,1.4901161193847656e-08,0.0,2,0,False,0.0
0.135,-0.24,-0.34,True,False,False,False,False,False,False,2,7,0,0,0.017499499022960663,0.0,1.4901161193847656e-08,0.0,2,0,False,0.0
0.135,-0.21999999999999997,-0.34,True,False,False,False,False,False,False,3,8,0,0,0.017605207860469818,0.0,1.4901161193847656e-08,0.0,3,0,False,0.0
0.135,-0.19999999999999998,-0.34,True,False,False,False,False,False,False,5,16,0,0,0.0052544474601745605,0.0,1.4901161193847656e-08,0.0,5,0,False,0.0
0.135,-0.18,-0.34,True,False,False,False,False,False,False,9,20,0,0,0.004082083702087402,0.0,1.4901161193847656e-08,0.0,9,0,False,0.0
0.135,-0.15999999999999998,-0.34,True,False,False,False,False,False,False,8,22,0,0,0.0039634183049201965,0.0,1.4901161193847656e-08,0.0,8,0,False,0.0
0.135,-0.13999999999999996,-0.34,True,False,False,False,False,False,False,8,16,0,0,0.012460235506296158,0.0,1.4901161193847656e-08,0.0,8,0,False,0.0
0.135,-0.12,-0.34,True,False,False,False,False,False,False,10,33,0,0,0.0038810670375823975,0.0,1.4901161193847656e-08,0.0,10,0,False,0.0
0.135,-0.09999999999999998,-0.34,True,False,False,False,False,False,False,8,23,0,0,0.0036945343017578125,0.0,1.490127488014328e-08,0.0,8,0,False,0.0
0.135,-0.07999999999999996,-0.34,True,False,False,False,False,False,False,9,27,0,0,0.003688827157020569,0.0,1.4901161193847656e-08,0.0,9,0,False,0.0
0.135,-0.06,-0.34,True,False,False,False,False,False,False,13,38,0,0,0.0037432610988616943,0.0,1.4901161193847656e-08,0.0,13,0,False,0.0
0.135,-0.03999999999999998,-0.34,True,False,False,False,False,False,False,17,35,0,0,0.0037886127829551697,0.0,1.4901161193847656e-08,0.0,17,0,False,0.0
0.135,-0.019999999999999962,-0.34,True,False,False,False,False,False,False,14,36,0,0,0.0039097219705581665,0.0,1.4901161193847656e-08,0.0,14,0,False,0.0
0.135,0.0,-0.34,True,False,False,False,False,False,False,12,30,0,0,0.003840342164039612,0.0,1.4901161193847656e-08,0.0,12,0,False,0.0
0.135,0.020000000000000018,-0.34,True,False,False,False,False,False,False,14,46,0,0,0.0038982704281806946,0.0,1.4901161193847656e-08,0.0,14,0,False,0.0
0.135,0.040000000000000036,-0.34,True,False,False,False,False,False,False,11,29,0,0,0.0038339123129844666,0.0,1.4901161193847656e-08,0.0,11,0,False,0.0
0.135,0.06,-0.34,True,False,False,False,False,False,False,7,19,0,0,0.0036904439330101013,0.0,1.4901161193847656e-08,0.0,7,0,False,0.0
0.135,0.08000000000000002,-0.34,True,False,False,False,False,False,False,12,29,0,0,0.010550267994403839,0.0,1.4901161193847656e-08,0.0,12,0,False,0.0
0.135,0.10000000000000003,-0.34,True,False,False,False,False,False,False,15,37,0,0,0.003771461546421051,0.0,1.4901161193847656e-08,0.0,15,0,False,0.0
0.135,0.12000000000000005,-0.34,True,False,False,False,False,False,False,10,26,0,0,0.0038713961839675903,0.0,1.4901161193847656e-08,0.0,10,0,False,0.0
0.135,0.14000000000000007,-0.34,True,False,False,False,False,False,False,11,27,0,0,0.0038847997784614563,0.0,1.4901161193847656e-08,0.0,11,0,False,0.0
0.135,0.15999999999999998,-0.34,True,False,False,False,False,False,False,15,37,0,0,0.0037744182627648115,0.0,1.4901161193847656e-08,0.0,15,0,False,0.0
0.135,0.18,-0.34,True,False,False,False,False,False,False,10,25,0,0,0.003850974142551422,0.0,1.4901161193847656e-08,0.0,10,0,False,0.0
0.135,0.2,-0.34,True,False,False,False,False,False,False,5,12,0,0,0.003691956400871277,0.0,1.4901161193847656e-08,0.0,5,0,False,0.0
0.135,0.22000000000000003,-0.34,True,False,False,False,False,False,False,8,18,0,0,0.0037443935871124268,0.0,1.4901161193847656e-08,0.0,8,0,False,0.0
0.135,0.24000000000000005,-0.34,True,False,False,False,False,False,False,8,21,0,0,0.0037541836500167847,0.0,1.4901161193847656e-08,0.0,8,0,False,0.0
0.135,0.26000000000000006,-0.34,True,False,False,False,False,False,False,4,11,0,0,0.0038329437375068665,0.0,1.4901161193847656e-08,0.0,4,0,False,0.0
0.135,0.2800000000000001,-0.34,True,False,False,False,False,False,False,6,17,0,0,0.003977857530117035,0.0,1.4901161193847656e-08,0.0,6,0,False,0.0
0.135,0.3,-0.34,True,False,False,False,False,False,False,8,16,0,0,0.006162509322166443,0.0,1.4901161193847656e-08,0.0,8,0,False,0.0
0.135,0.32,-0.34,True,False,False,False,False,False,False,3,11,0,0,0.01014740765094757,0.0,1.4901161193847656e-08,0.0,3,0,False,0.0
0.135,0.34,-0.34,True,False,False,False,False,False,False,0,0,0,0,,0.0,1.4901161193847656e-08,0.0,0,0,False,0.0
0.135,0.36000000000000004,-0.34,True,False,False,False,False,False,False,0,0,0,0,,0.0,1.4901161193847656e-08,0.0,0,0,False,0.0
0.135,0.38000000000000006,-0.34,True,False,False,False,False,False,False,0,0,0,0,,0.0,1.4901161193847656e-08,0.0,0,0,False,0.0
0.135,0.4000000000000001,-0.34,True,False,False,False,False,False,False,0,0,0,0,,0.0,1.4901161193847656e-08,0.0,0,0,False,0.0
0.135,0.42,-0.34,True,False,False,False,False,False,False,0,0,0,0,,0.0,1.4901161193847656e-08,0.0,0,0,False,0.0
0.135,-0.42,-0.32,True,False,False,False,False,False,False,0,0,0,0,,0.0,1.4901161193847656e-08,0.0,0,0,False,0.0
0.135,-0.39999999999999997,-0.32,True,False,False,False,False,False,False,0,0,0,0,,0.0,1.4901161193847656e-08,0.0,0,0,False,0.0
0.135,-0.38,-0.32,True,False,False,False,False,False,False,0,0,0,0,,0.0,1.4901161193847656e-08,0.0,0,0,False,0.0
0.135,-0.36,-0.32,True,False,False,False,False,False,False,0,0,0,0,,0.0,1.4901161193847656e-08,0.0,0,0,False,0.0
0.135,-0.33999999999999997,-0.32,True,False,False,False,False,False,False,0,0,0,0,,0.0,1.4901161193847656e-08,0.0,0,0,False,0.0
0.135,-0.31999999999999995,-0.32,True,False,True,True,False,True,False,9,23,4,0,-0.0019384324550628662,0.0,0.0004799003938368398,0.0,9,4,True,0.0
0.135,-0.3,-0.32,True,False,True,True,True,True,False,21,54,8,4,-0.0021084174513816833,0.0,0.0009960706696596098,0.0,21,8,True,0.0
0.135,-0.27999999999999997,-0.32,True,False,True,True,True,True,False,23,62,8,8,-0.0022750496864318848,0.0,0.0007500860374388721,0.0,23,8,True,0.0
0.135,-0.26,-0.32,True,False,True,True,True,True,False,22,64,8,8,-0.002442695200443268,0.0,0.001000986390389389,0.0,22,8,True,0.0
0.135,-0.24,-0.32,True,False,True,True,True,True,False,28,71,7,7,-0.0025005266070365906,0.0,0.0010982411160744877,0.0,28,7,True,0.0
0.135,-0.21999999999999997,-0.32,True,False,True,True,True,True,False,36,94,7,7,-0.0025005266070365906,0.0,0.0010982411160744877,0.0,36,7,True,0.0
0.135,-0.19999999999999998,-0.32,True,False,True,True,True,True,False,35,99,15,13,-0.007270090281963348,1.6360399723053096,0.012137776864730037,0.0,35,15,True,0.0
0.135,-0.18,-0.32,True,False,True,True,True,True,False,51,119,15,11,-0.004600616171956062,48.103739530400624,0.0089939537163218,0.0,51,15,True,0.0
0.135,-0.15999999999999998,-0.32,True,False,True,True,True,True,False,52,128,15,15,-0.00501512736082077,3.6473128795624166,0.010564080976000392,0.0,52,15,True,0.0
0.135,-0.13999999999999996,-0.32,True,False,True,True,True,True,False,61,161,15,15,-0.007085252553224564,10.506619453430288,0.014451899142321409,0.0,61,15,True,0.0
0.135,-0.12,-0.32,True,False,True,True,True,True,False,60,149,28,25,-0.008901369757950306,1.4283271568832487,0.017550369309912335,0.0,60,28,True,0.0
0.135,-0.09999999999999998,-0.32,True,False,True,True,True,True,False,67,178,18,18,-0.008064794354140759,31.6200733184821,0.017022319922692944,0.0,67,18,True,0.0
0.135,-0.07999999999999996,-0.32,True,False,True,True,True,True,False,68,184,17,17,-0.008064796216785908,0.0,0.01648835192778561,0.0,68,17,True,0.0
0.135,-0.06,-0.32,True,False,True,True,True,True,False,65,182,32,27,-0.0111142098903656,1.886005528878887,0.017022275080749633,0.0,65,32,True,0.0
0.135,-0.03999999999999998,-0.32,True,False,True,True,True,True,False,67,180,21,21,-0.007232320960611105,98.1490274455564,0.015595450358340096,0.0,67,21,True,0.0
0.135,-0.019999999999999962,-0.32,True,False,True,True,True,True,False,69,187,26,26,-0.005537435412406921,1.4165715909315626,0.01107581032918916,0.0,69,26,True,0.0
0.135,0.0,-0.32,True,False,True,True,True,True,False,83,201,30,26,-0.0065363203175365925,9.324951198984595,0.012876777616984686,0.0,83,30,True,0.0
0.135,0.020000000000000018,-0.32,True,False,True,True,True,True,False,71,197,34,21,-0.008233718574047089,2693.749949358802,0.011087910925615044,0.0,71,34,True,0.0
0.135,0.040000000000000036,-0.32,True,False,True,True,True,True,False,71,196,20,18,-0.00806492380797863,150.36873147409528,0.015616671529783906,0.0,71,20,True,0.0
0.135,0.06,-0.32,True,False,True,True,True,True,False,66,188,18,18,-0.008064918220043182,0.0,0.017481285205378814,0.0,66,18,True,0.0
0.135,0.08000000000000002,-0.32,True,False,True,True,True,True,False,65,172,27,23,-0.008064918220043182,103.30857692898995,0.013027226530161085,0.0,65,27,True,0.0
0.135,0.10000000000000003,-0.32,True,False,True,True,True,True,False,62,165,26,23,-0.007681966293603182,4.772832393646389,0.01531975553002686,0.0,62,26,True,0.0
0.135,0.12000000000000005,-0.32,True,False,True,True,True,True,False,59,149,26,22,-0.005987087730318308,0.0,0.013242504677877699,0.0,59,26,True,0.0
0.135,0.14000000000000007,-0.32,True,False,True,True,True,True,False,56,142,18,18,-0.005987172015011311,0.0,0.011904838973687461,0.0,56,18,True,0.0
0.135,0.15999999999999998,-0.32,True,False,True,True,True,True,False,51,142,25,19,-0.008055415004491806,0.0,0.016424495578528858,0.0,51,25,True,0.0
0.135,0.18,-0.32,True,False,True,True,True,True,False,53,129,21,17,-0.008064823225140572,205.91050720215483,0.014014944822701979,0.0,53,21,True,0.0
0.135,0.2,-0.32,True,False,True,True,True,True,False,39,105,11,11,-0.00806482508778572,0.0,0.018517523510214972,0.0,39,11,True,0.0
0.135,0.22000000000000003,-0.32,True,False,True,True,True,True,False,30,84,17,14,-0.00806482695043087,101.18950653076486,0.011493965610585037,0.0,30,17,True,0.0
0.135,0.24000000000000005,-0.32,True,False,True,True,True,True,False,23,69,13,11,-0.00806482881307602,38.070037841797145,0.01559133442082434,0.0,23,13,True,0.0
0.135,0.26000000000000006,-0.32,True,False,True,True,True,True,False,22,61,11,11,-0.006436515599489212,81.29703155271552,0.01342419221253227,0.0,22,11,True,0.0
0.135,0.2800000000000001,-0.32,True,False,True,True,True,True,False,20,53,11,11,-0.004741632379591465,2.598197573927728,0.009939146165646714,0.0,20,11,True,0.0
0.135,0.3,-0.32,True,False,True,True,True,True,False,23,58,13,11,-0.005586031824350357,0.7390225101725442,0.005726493705710855,0.0,23,13,True,0.0
0.135,0.32,-0.32,True,False,True,True,False,True,False,14,39,4,0,-0.0019918233156204224,0.0,0.00048517794060725045,0.0,14,4,True,0.0
0.135,0.34,-0.32,True,False,False,False,False,False,False,0,0,0,0,,0.0,1.4901161193847656e-08,0.0,0,0,False,0.0
0.135,0.36000000000000004,-0.32,True,False,False,False,False,False,False,0,0,0,0,,0.0,1.4901161193847656e-08,0.0,0,0,False,0.0
0.135,0.38000000000000006,-0.32,True,False,False,False,False,False,False,0,0,0,0,,0.0,1.4901161193847656e-08,0.0,0,0,False,0.0
0.135,0.4000000000000001,-0.32,True,False,False,False,False,False,False,0,0,0,0,,0.0,1.4901161193847656e-08,0.0,0,0,False,0.0
0.135,0.42,-0.32,True,False,False,False,False,False,False,0,0,0,0,,0.0,1.4901161193847656e-08,0.0,0,0,False,0.0
0.135,-0.42,-0.30000000000000004,True,False,False,False,False,False,False,0,0,0,0,,0.0,1.4901161193847656e-08,0.0,0,0,False,0.0
0.135,-0.39999999999999997,-0.30000000000000004,True,False,False,False,False,False,False,0,0,0,0,,0.0,1.4901161193847656e-08,0.0,0,0,False,0.0
0.135,-0.38,-0.30000000000000004,True,False,False,False,False,False,False,0,0,0,0,,0.0,1.4901161193847656e-08,0.0,0,0,False,0.0
0.135,-0.36,-0.30000000000000004,True,False,False,False,False,False,False,0,0,0,0,,0.0,1.4901161193847656e-08,0.0,0,0,False,0.0
0.135,-0.33999999999999997,-0.30000000000000004,True,False,False,False,False,False,False,2,8,0,0,0.006592400372028351,0.0,1.4901161193847656e-08,0.0,2,0,False,0.0
0.135,-0.31999999999999995,-0.30000000000000004,True,False,True,True,True,True,False,22,66,21,4,-0.007568426430225372,831.9932250976734,0.010231584780898131,0.0,22,21,True,0.0
0.135,-0.3,-0.30000000000000004,True,False,True,True,True,True,False,38,118,40,24,-0.010240916162729263,2205.2636718750455,0.011090122519231423,0.0,38,40,True,0.0
0.135,-0.27999999999999997,-0.30000000000000004,True,False,True,True,True,True,False,39,132,50,28,-0.010221041738986969,1898.3737792969278,0.0019946874839732965,0.0,39,50,True,0.0
0.135,-0.26,-0.30000000000000004,True,False,True,True,True,True,False,38,122,41,25,-0.009710602462291718,2760.295166015702,0.012826678939200543,0.0,38,41,True,0.0
0.135,-0.24,-0.30000000000000004,True,False,True,True,True,True,False,40,143,60,37,-0.015391794964671135,3758.3206168154243,0.006542301926267605,0.0,40,60,True,0.0
0.135,-0.21999999999999997,-0.30000000000000004,True,False,True,True,True,True,False,48,164,64,39,-0.01721794158220291,4185.686035156366,0.03640205255179127,0.0,48,64,True,0.0
0.135,-0.19999999999999998,-0.30000000000000004,True,False,True,True,True,True,False,54,189,68,44,-0.01721794158220291,4280.267089843869,0.027031465839753115,0.0,54,68,True,0.0
0.135,-0.18,-0.30000000000000004,True,False,True,True,True,True,False,69,207,77,41,-0.017232850193977356,4551.305175781376,0.02380834858151661,0.0,69,77,True,0.0
0.135,-0.15999999999999998,-0.30000000000000004,True,False,True,True,True,True,False,71,228,90,50,-0.017232850193977356,3956.9254569140166,0.04347622005327111,0.0,71,90,True,0.0
0.135,-0.13999999999999996,-0.30000000000000004,True,False,True,True,True,True,False,78,247,95,51,-0.017232850193977356,3501.222056623322,0.028655283200906056,0.0,78,95,True,0.0
0.135,-0.12,-0.30000000000000004,True,False,True,True,True,True,False,88,287,102,71,-0.017232850193977356,3538.091796875073,0.00611351365752398,0.0,88,102,True,0.0
0.135,-0.09999999999999998,-0.30000000000000004,True,False,True,True,True,True,False,95,310,129,88,-0.017232850193977356,3787.8229920421018,0.007123071317742663,0.0,95,129,True,0.0
0.135,-0.07999999999999996,-0.30000000000000004,True,False,True,True,True,True,False,96,331,140,80,-0.017232850193977356,3814.667724609454,0.007317997706461176,0.0,96,140,True,0.0
0.135,-0.06,-0.30000000000000004,True,False,True,True,True,True,False,93,316,122,73,-0.017232850193977356,4185.18408203131,0.010273274598254502,0.0,93,122,True,0.0
0.135,-0.03999999999999998,-0.30000000000000004,True,False,True,True,True,True,False,100,323,109,72,-0.01721784472465515,4236.34375000006,0.03639018582410045,0.0,99,109,True,0.0
0.135,-0.019999999999999962,-0.30000000000000004,True,False,True,True,True,True,False,102,336,131,77,-0.017232760787010193,4192.241699218809,0.02933870519594064,0.0,102,131,True,0.0
0.135,0.0,-0.30000000000000004,True,False,True,True,True,True,False,105,325,109,62,-0.017232753336429596,3847.466864773049,0.03188450042169361,0.0,105,109,True,0.0
0.135,0.020000000000000018,-0.30000000000000004,True,False,True,True,True,True,False,106,353,127,78,-0.017232753336429596,3437.2844238281737,0.014510625011195424,0.0,106,127,True,0.0
0.135,0.040000000000000036,-0.30000000000000004,True,False,True,True,True,True,False,105,336,131,86,-0.017232753336429596,3556.5512695313005,0.014291993634062517,0.0,105,131,True,0.0
0.135,0.06,-0.30000000000000004,True,False,True,True,True,True,False,99,353,148,92,-0.017232753336429596,3760.31347656264,0.03693953783070507,0.0,99,148,True,0.0
0.135,0.08000000000000002,-0.30000000000000004,True,False,True,True,True,True,False,96,328,123,68,-0.017232745885849,4212.604492187657,0.0067438188012524086,0.0,96,123,True,0.0
0.135,0.10000000000000003,-0.30000000000000004,True,False,True,True,True,True,False,87,294,99,64,-0.017217867076396942,3372.79614257823,0.04241794282956081,0.0,87,99,True,0.0
0.135,0.12000000000000005,-0.30000000000000004,True,False,True,True,True,True,False,76,257,93,62,-0.017232775688171387,4236.645507812658,0.037566778356867864,0.0,76,93,True,0.0
0.135,0.14000000000000007,-0.30000000000000004,True,False,True,True,True,True,False,65,216,80,43,-0.017232775688171387,2310.711914062572,0.05019197029319195,0.0,65,80,True,0.0
0.135,0.15999999999999998,-0.30000000000000004,True,False,True,True,True,True,False,69,216,82,42,-0.017232775688171387,3388.75564413376,0.025326075713262668,0.0,69,82,True,0.0
0.135,0.18,-0.30000000000000004,True,False,True,True,True,True,False,71,212,85,50,-0.017232775688171387,3746.5517578126164,0.01732733508215794,0.0,71,85,True,0.0
0.135,0.2,-0.30000000000000004,True,False,True,True,True,True,False,58,203,71,46,-0.017232775688171387,2742.64965820321,0.012152998991200389,0.0,58,71,True,0.0
0.135,0.22000000000000003,-0.30000000000000004,True,False,True,True,True,True,False,43,150,66,37,-0.017232775688171387,1467.3327636719205,0.0014189613201877125,0.0,43,66,True,0.0
0.135,0.24000000000000005,-0.30000000000000004,True,False,True,True,True,True,False,35,117,42,26,-0.015900343656539917,3203.7597656250996,0.03185239067004921,0.0,35,42,True,0.0
0.135,0.26000000000000006,-0.30000000000000004,True,False,True,True,True,True,False,27,93,35,19,-0.00967724621295929,1981.1888427734991,0.004968888351688188,0.0,27,35,True,0.0
0.135,0.2800000000000001,-0.30000000000000004,True,False,True,True,True,True,False,24,87,33,18,-0.009489767253398895,1533.1159667968873,0.0035677574933297906,0.0,24,33,True,0.0
0.135,0.3,-0.30000000000000004,True,False,True,True,True,True,False,27,81,23,9,-0.009203102439641953,2021.1304014893958,0.004809440533933468,0.0,27,23,True,0.0
0.135,0.32,-0.30000000000000004,True,False,True,True,True,True,False,19,52,15,4,-0.007297448813915253,1210.614624023475,0.0030374866647039068,0.0,19,15,True,0.0
0.135,0.34,-0.30000000000000004,True,False,False,False,False,False,False,3,5,0,0,0.005640760064125061,0.0,1.4901161193847656e-08,0.0,3,0,False,0.0
0.135,0.36000000000000004,-0.30000000000000004,True,False,False,False,False,False,False,0,0,0,0,,0.0,1.4901161193847656e-08,0.0,0,0,False,0.0
0.135,0.38000000000000006,-0.30000000000000004,True,False,False,False,False,False,False,0,0,0,0,,0.0,1.4901161193847656e-08,0.0,0,0,False,0.0
0.135,0.4000000000000001,-0.30000000000000004,True,False,False,False,False,False,False,0,0,0,0,,0.0,1.4901161193847656e-08,0.0,0,0,False,0.0
0.135,0.42,-0.30000000000000004,True,False,False,False,False,False,False,0,0,0,0,,0.0,1.4901161193847656e-08,0.0,0,0,False,0.0
0.135,-0.42,-0.28,True,False,False,False,False,False,False,0,0,0,0,,0.0,1.4901161193847656e-08,0.0,0,0,False,0.0
0.135,-0.39999999999999997,-0.28,True,False,False,False,False,False,False,0,0,0,0,,0.0,1.4901161193847656e-08,0.0,0,0,False,0.0
0.135,-0.38,-0.28,True,False,False,False,False,False,False,0,0,0,0,,0.0,1.4901161193847656e-08,0.0,0,0,False,0.0
0.135,-0.36,-0.28,True,False,False,False,False,False,False,0,0,0,0,,0.0,1.4901161193847656e-08,0.0,0,0,False,0.0
0.135,-0.33999999999999997,-0.28,True,False,False,False,False,False,False,6,16,0,0,0.006584614515304565,0.0,1.4901161193847656e-08,0.0,6,0,False,0.0
0.135,-0.31999999999999995,-0.28,True,False,True,True,True,True,False,24,77,19,4,-0.013415366411209106,2.177862644195572,0.008454828551413588,0.0,24,19,True,0.0
0.135,-0.3,-0.28,True,False,True,True,True,True,False,31,112,42,40,-0.019639097154140472,3879.9121093751082,0.02597899394967996,0.0,31,42,True,0.0
0.135,-0.27999999999999997,-0.28,True,False,True,True,True,True,False,32,112,42,36,-0.019639097154140472,4448.252929687624,0.023167914777186004,0.0,32,42,True,0.0
0.135,-0.26,-0.28,True,False,True,True,True,True,False,33,100,27,27,-0.019639097154140472,4212.742187500117,0.034919161399348184,0.0,33,27,True,0.0
0.135,-0.24,-0.28,True,False,True,True,True,True,False,36,131,51,40,-0.019639097154140472,5158.293945312644,0.05716653578296128,0.0,36,51,True,0.0
0.135,-0.21999999999999997,-0.28,True,False,True,True,True,True,False,41,144,68,63,-0.019639097154140472,4627.180664062629,0.04528447471541943,0.0,41,68,True,0.0
0.135,-0.19999999999999998,-0.28,True,False,True,True,True,True,False,45,153,59,51,-0.020112372934818268,5776.215820312661,0.029497974005377865,0.0,45,59,True,0.0
0.135,-0.18,-0.28,True,False,True,True,True,True,False,65,205,55,50,-0.020112372934818268,4350.188476562621,0.016141448492262043,0.0,65,55,True,0.0
0.135,-0.15999999999999998,-0.28,True,False,True,True,True,True,False,62,212,98,81,-0.020112372934818268,4699.667480468881,0.020398344704323747,0.0,62,98,True,0.0
0.135,-0.13999999999999996,-0.28,True,False,True,True,True,True,False,60,197,72,58,-0.020112372934818268,4848.533691406385,0.019660761135153214,0.0,60,72,True,0.0
0.135,-0.12,-0.28,True,False,True,True,True,True,False,76,236,63,63,-0.020112372934818268,5498.685546875078,0.015212500926708991,0.0,76,63,True,0.0
0.135,-0.09999999999999998,-0.28,True,False,True,True,True,True,False,79,267,93,76,-0.020112372934818268,4722.411621093881,0.03372321102018793,0.0,79,93,True,0.0
0.135,-0.07999999999999996,-0.28,True,False,True,True,True,True,False,81,277,123,110,-0.02011045813560486,5338.182128906307,0.021836604081166555,0.0,81,123,True,0.0
0.135,-0.06,-0.28,True,False,True,True,True,True,False,79,270,98,92,-0.020112283527851105,5856.967285156334,0.012019394003639454,0.0,79,98,True,0.0
0.135,-0.03999999999999998,-0.28,True,False,True,True,True,True,False,87,287,76,76,-0.020112276077270508,4706.417968750067,0.019432680679172823,0.0,87,76,True,0.0
0.135,-0.019999999999999962,-0.28,True,False,True,True,True,True,False,82,264,128,127,-0.020112276077270508,4784.785156250068,0.005332635877604496,0.0,82,128,True,0.0
0.135,0.0,-0.28,True,False,True,True,True,True,False,79,256,91,86,-0.020112276077270508,4547.657226562669,0.02383566030676333,0.0,79,91,True,0.0
0.135,0.020000000000000018,-0.28,True,False,True,True,True,True,False,84,273,83,75,-0.020112276077270508,4133.518554687558,0.025983920175727492,0.0,84,83,True,0.0
0.135,0.040000000000000036,-0.28,True,False,True,True,True,True,False,90,297,87,72,-0.02011226862668991,5321.7851562500755,0.007831749510724207,0.0,90,87,True,0.0
0.135,0.06,-0.28,True,False,True,True,True,True,False,86,289,145,131,-0.02011200785636902,3657.019775390654,0.03616805348960293,0.0,86,145,True,0.0
0.135,0.08000000000000002,-0.28,True,False,True,True,True,True,False,82,282,98,95,-0.020112276077270508,6285.281250000234,0.016215853672346035,0.0,82,98,True,0.0
0.135,0.10000000000000003,-0.28,True,False,True,True,True,True,False,70,223,71,71,-0.020112276077270508,5924.148925781471,0.01883539654799113,0.0,70,71,True,0.0
0.135,0.12000000000000005,-0.28,True,False,True,True,True,True,False,54,179,70,69,-0.020112276077270508,4695.884765625037,0.010909961177857577,0.0,54,70,True,0.0
0.135,0.14000000000000007,-0.28,True,False,True,True,True,True,False,47,155,56,50,-0.020112276077270508,4541.071777343919,0.011586667775846734,0.0,47,56,True,0.0
0.135,0.15999999999999998,-0.28,True,False,True,True,True,True,False,50,159,52,49,-0.020112276077270508,3451.8425292970037,0.010275872451433413,0.0,50,52,True,0.0
0.135,0.18,-0.28,True,False,True,True,True,True,False,65,206,50,42,-0.020112276077270508,3413.1166992188773,0.006993961281443579,0.0,65,50,True,0.0
0.135,0.2,-0.28,True,False,True,True,True,True,False,48,160,81,79,-0.021655242890119553,5397.748046875201,0.010129568329537616,0.0,48,81,True,0.0
0.135,0.22000000000000003,-0.28,True,False,True,True,True,True,False,40,133,51,35,-0.018605858087539673,6504.700195312742,0.019277444984915553,0.0,40,51,True,0.0
0.135,0.24000000000000005,-0.28,True,False,True,True,True,True,False,29,86,23,21,-0.014966405928134918,1677.033935546927,0.022454952740412964,0.0,29,23,True,0.0
0.135,0.26000000000000006,-0.28,True,False,True,True,True,True,False,19,63,21,21,-0.014966405928134918,1027.0659179687818,0.017151969638783852,0.0,19,21,True,0.0
0.135,0.2800000000000001,-0.28,True,False,True,True,True,True,False,17,59,24,24,-0.014966405928134918,1536.8946533203602,0.015560658950380247,0.0,17,24,True,0.0
0.135,0.3,-0.28,True,False,True,True,True,True,False,19,60,20,20,-0.014966405928134918,1569.6237792969237,0.01559805265766864,0.0,19,20,True,0.0
0.135,0.32,-0.28,True,False,True,True,True,True,False,13,39,7,4,-0.014365926384925842,1.4425133466720697,0.009250805707399121,0.0,13,7,True,0.0
0.135,0.34,-0.28,True,False,False,False,False,False,False,2,5,0,0,0.005634084343910217,0.0,1.4901161193847656e-08,0.0,2,0,False,0.0
0.135,0.36000000000000004,-0.28,True,False,False,False,False,False,False,0,0,0,0,,0.0,1.4901161193847656e-08,0.0,0,0,False,0.0
0.135,0.38000000000000006,-0.28,True,False,False,False,False,False,False,0,0,0,0,,0.0,1.4901161193847656e-08,0.0,0,0,False,0.0
0.135,0.4000000000000001,-0.28,True,False,False,False,False,False,False,0,0,0,0,,0.0,1.4901161193847656e-08,0.0,0,0,False,0.0
0.135,0.42,-0.28,True,False,False,False,False,False,False,0,0,0,0,,0.0,1.4901161193847656e-08,0.0,0,0,False,0.0
0.135,-0.42,-0.26,True,False,False,False,False,False,False,0,0,0,0,,0.0,1.4901161193847656e-08,0.0,0,0,False,0.0
0.135,-0.39999999999999997,-0.26,True,False,False,False,False,False,False,0,0,0,0,,0.0,1.4901161193847656e-08,0.0,0,0,False,0.0
0.135,-0.38,-0.26,True,False,False,False,False,False,False,0,0,0,0,,0.0,1.4901161193847656e-08,0.0,0,0,False,0.0
0.135,-0.36,-0.26,True,False,False,False,False,False,False,0,0,0,0,,0.0,1.4901161193847656e-08,0.0,0,0,False,0.0
0.135,-0.33999999999999997,-0.26,True,False,False,False,False,False,False,5,15,0,0,0.00658532977104187,0.0,1.4901161193847656e-08,0.0,5,0,False,0.0
0.135,-0.31999999999999995,-0.26,True,False,True,True,True,True,False,18,65,19,4,-0.013414651155471802,2.740977764129658,0.009418793242922824,0.0,18,19,True,0.0
0.135,-0.3,-0.26,True,False,True,True,True,True,False,27,99,42,40,-0.02034735679626465,4119.624023437615,0.027815059935014447,0.0,27,42,True,0.0
0.135,-0.27999999999999997,-0.26,True,False,True,True,True,True,False,27,95,42,36,-0.02034735679626465,4405.027832031373,0.04204757499444578,0.0,27,42,True,0.0
0.135,-0.26,-0.26,True,False,True,True,True,True,False,26,76,27,27,-0.02034735679626465,4149.5971679688655,0.0189057579965621,0.0,26,27,True,0.0
0.135,-0.24,-0.26,True,False,True,True,True,True,False,28,102,51,40,-0.02034735679626465,5254.457031250146,0.02904989909597253,0.0,28,51,True,0.0
0.135,-0.21999999999999997,-0.26,True,False,True,True,True,True,False,35,117,61,54,-0.02034735679626465,4387.952148437531,0.02646590110275262,0.0,35,61,True,0.0
0.135,-0.19999999999999998,-0.26,True,False,True,True,True,True,False,38,126,58,48,-0.03645884990692139,12105.399414062585,0.007389093195835807,0.0,38,58,True,0.0
0.135,-0.18,-0.26,True,False,True,True,True,True,False,56,170,47,38,-0.040112391114234924,6445.329589843929,0.06523290714324051,0.0,56,47,True,0.0
0.135,-0.15999999999999998,-0.26,True,False,True,True,True,True,False,50,172,92,75,-0.040112391114234924,5400.8491210939,0.05098777126204194,0.0,50,92,True,0.0
0.135,-0.13999999999999996,-0.26,True,False,True,True,True,True,False,50,159,66,52,-0.040112391114234924,5826.160156250162,0.0693902545014423,0.0,50,66,True,0.0
0.135,-0.12,-0.26,True,False,True,True,True,True,False,58,180,55,55,-0.040112391114234924,5484.315429687653,0.048388575386207354,0.0,58,55,True,0.0
0.135,-0.09999999999999998,-0.26,True,False,True,True,True,True,False,62,210,88,71,-0.040112391114234924,5900.548339843914,0.041722236681382155,0.0,62,88,True,0.0
0.135,-0.07999999999999996,-0.26,True,False,True,True,True,True,False,65,226,111,102,-0.026783473789691925,5609.637207031406,0.008293085320716162,0.0,65,111,True,0.0
0.135,-0.06,-0.26,True,False,True,True,True,True,False,57,200,96,87,-0.03115428239107132,6249.687500000066,0.019644621382837932,0.0,57,96,True,0.0
0.135,-0.03999999999999998,-0.26,True,False,True,True,True,True,False,68,235,68,68,-0.040112294256687164,4295.535644531311,0.0494390103113847,0.0,68,68,True,0.0
0.135,-0.019999999999999962,-0.26,True,False,True,True,True,True,False,62,209,122,121,-0.040112294256687164,5233.979492187575,0.0565185807808621,0.0,62,122,True,0.0
0.135,0.0,-0.26,True,False,True,True,True,True,False,65,207,85,80,-0.040112294256687164,5597.741699218829,0.056512170342283764,0.0,65,85,True,0.0
0.135,0.020000000000000018,-0.26,True,False,True,True,True,True,False,65,221,80,69,-0.040112294256687164,6008.959472656314,0.02265615024632413,0.0,65,80,True,0.0
0.135,0.040000000000000036,-0.26,True,False,True,True,True,True,False,70,234,79,65,-0.04011228680610657,6984.534667968825,0.02259491850278601,0.0,70,79,True,0.0
0.135,0.06,-0.26,True,False,True,True,True,True,False,64,230,135,123,-0.03208772838115692,6459.413574218819,0.014674888602165809,0.0,64,135,True,0.0
0.135,0.08000000000000002,-0.26,True,False,True,True,True,True,False,65,218,91,91,-0.025849811732769012,7578.408691406311,0.012730459665945123,0.0,65,91,True,0.0
0.135,0.10000000000000003,-0.26,True,False,True,True,True,True,False,52,162,64,64,-0.040112294256687164,4812.355468750179,0.06602994892766657,0.0,52,64,True,0.0
0.135,0.12000000000000005,-0.26,True,False,True,True,True,True,False,43,139,64,63,-0.040112294256687164,6857.286132812756,0.059779791068258606,0.0,43,64,True,0.0
0.135,0.14000000000000007,-0.26,True,False,True,True,True,True,False,37,117,50,44,-0.040112294256687164,5892.116210937719,0.05585326816379362,0.0,37,50,True,0.0
0.135,0.15999999999999998,-0.26,True,False,True,True,True,True,False,36,113,50,43,-0.040112294256687164,4423.757324218797,0.03581742124474299,0.0,36,50,True,0.0
0.135,0.18,-0.26,True,False,True,True,True,True,False,50,163,42,34,-0.040112294256687164,5316.090820312698,0.04350305174021844,0.0,50,42,True,0.0
0.135,0.2,-0.26,True,False,True,True,True,True,False,37,130,75,75,-0.03739216923713684,10468.570312500084,0.014347388857942288,0.0,37,75,True,0.0
0.135,0.22000000000000003,-0.26,True,False,True,True,True,True,False,28,100,47,31,-0.020347431302070618,4375.248046875163,0.04339789652097896,0.0,28,47,True,0.0
0.135,0.24000000000000005,-0.26,True,False,True,True,True,True,False,18,54,21,21,-0.020347431302070618,1208.6848144531625,0.005172934267493037,0.0,18,21,True,0.0
0.135,0.26000000000000006,-0.26,True,False,True,True,True,True,False,11,38,21,21,-0.020347431302070618,1159.9779052734734,0.006449033992789432,0.0,11,21,True,0.0
0.135,0.2800000000000001,-0.26,True,False,True,True,True,True,False,11,41,24,24,-0.02034744620323181,1093.6702880859714,0.00798052898411048,0.0,11,24,True,0.0
0.135,0.3,-0.26,True,False,True,True,True,True,False,14,46,20,20,-0.02034744620323181,1428.3764648437616,0.008828959341667249,0.0,14,20,True,0.0
0.135,0.32,-0.26,True,False,True,True,True,True,False,11,34,7,4,-0.014363780617713928,1.9806501865387123,0.010209472476607324,0.0,11,7,True,0.0
0.135,0.34,-0.26,True,False,False,False,False,False,False,2,5,0,0,0.005636230111122131,0.0,1.4901161193847656e-08,0.0,2,0,False,0.0
0.135,0.36000000000000004,-0.26,True,False,False,False,False,False,False,0,0,0,0,,0.0,1.4901161193847656e-08,0.0,0,0,False,0.0
0.135,0.38000000000000006,-0.26,True,False,False,False,False,False,False,0,0,0,0,,0.0,1.4901161193847656e-08,0.0,0,0,False,0.0
0.135,0.4000000000000001,-0.26,True,False,False,False,False,False,False,0,0,0,0,,0.0,1.4901161193847656e-08,0.0,0,0,False,0.0
0.135,0.42,-0.26,True,False,False,False,False,False,False,0,0,0,0,,0.0,1.4901161193847656e-08,0.0,0,0,False,0.0
0.135,-0.42,-0.24000000000000002,True,False,False,False,False,False,False,0,0,0,0,,0.0,1.4901161193847656e-08,0.0,0,0,False,0.0
0.135,-0.39999999999999997,-0.24000000000000002,True,False,False,False,False,False,False,0,0,0,0,,0.0,1.4901161193847656e-08,0.0,0,0,False,0.0
0.135,-0.38,-0.24000000000000002,True,False,False,False,False,False,False,0,0,0,0,,0.0,1.4901161193847656e-08,0.0,0,0,False,0.0
0.135,-0.36,-0.24000000000000002,True,False,False,False,False,False,False,0,0,0,0,,0.0,1.4901161193847656e-08,0.0,0,0,False,0.0
0.135,-0.33999999999999997,-0.24000000000000002,True,False,False,False,False,False,False,5,18,0,0,0.006584286689758301,0.0,1.4901161193847656e-08,0.0,5,0,False,0.0
0.135,-0.31999999999999995,-0.24000000000000002,True,False,True,True,True,True,False,22,78,27,4,-0.006861148867756128,967.8224487304888,0.009647757736540908,0.0,22,27,True,0.0
0.135,-0.3,-0.24000000000000002,True,False,True,True,True,True,False,30,114,54,40,-0.011022444814443588,4340.607184416054,0.025889587941796202,0.0,30,54,True,0.0
0.135,-0.27999999999999997,-0.24000000000000002,True,False,True,True,True,True,False,29,106,50,36,-0.010897196829319,2885.816650390705,0.008148880643792556,0.0,29,50,True,0.0
0.135,-0.26,-0.24000000000000002,True,False,True,True,True,True,False,28,87,35,27,-0.011027924716472626,4033.7568359376123,0.013397244713526817,0.0,28,35,True,0.0
0.135,-0.24,-0.24000000000000002,True,False,True,True,True,True,False,29,111,59,40,-0.01110897958278656,4800.796386718884,0.009703577890821736,0.0,29,59,True,0.0
0.135,-0.21999999999999997,-0.24000000000000002,True,False,True,True,True,True,False,34,124,68,52,-0.01649266481399536,5490.518554687653,0.02477585882643387,0.0,34,68,True,0.0
0.135,-0.19999999999999998,-0.24000000000000002,True,False,True,True,True,True,False,35,124,56,48,-0.03246007859706879,8001.786621093806,0.005080743382973391,0.0,35,56,True,0.0
0.135,-0.18,-0.24000000000000002,True,False,True,True,True,True,False,51,165,55,40,-0.03787115216255188,6730.777343750187,0.013942076275555902,0.0,51,55,True,0.0
0.135,-0.15999999999999998,-0.24000000000000002,True,False,True,True,True,True,False,52,191,106,77,-0.03787115216255188,5648.817871093907,0.021612687128306086,0.0,52,106,True,0.0
0.135,-0.13999999999999996,-0.24000000000000002,True,False,True,True,True,True,False,48,166,76,54,-0.03787115216255188,5972.971679687585,0.022097592986296342,0.0,48,76,True,0.0
0.135,-0.12,-0.24000000000000002,True,False,True,True,True,True,False,58,191,65,57,-0.03787115216255188,5402.6821289064,0.017036474918200786,0.0,58,65,True,0.0
0.135,-0.09999999999999998,-0.24000000000000002,True,False,True,True,True,True,False,64,229,101,72,-0.03246007859706879,5781.629882812661,0.011046129521843102,0.0,64,101,True,0.0
0.135,-0.07999999999999996,-0.24000000000000002,True,False,True,True,True,True,False,69,253,131,100,-0.02556978166103363,5469.114350625521,0.008094836212140806,0.0,69,131,True,0.0
0.135,-0.06,-0.24000000000000002,True,False,True,True,True,True,False,59,221,108,88,-0.029922746121883392,6569.462890625094,0.00835368569645478,0.0,59,108,True,0.0
0.135,-0.03999999999999998,-0.24000000000000002,True,False,True,True,True,True,False,69,241,86,70,-0.03686071187257767,8662.971679687593,0.015632212368964237,0.0,69,86,True,0.0
0.135,-0.019999999999999962,-0.24000000000000002,True,False,True,True,True,True,False,67,241,140,123,-0.03787125647068024,6494.499511718843,0.0071881328907782895,0.0,67,140,True,0.0
0.135,0.0,-0.24000000000000002,True,False,True,True,True,True,False,64,226,107,82,-0.03787125647068024,6816.208984375096,0.019629102302934322,0.0,64,107,True,0.0
0.135,0.020000000000000018,-0.24000000000000002,True,False,True,True,True,True,False,66,234,90,71,-0.03787125647068024,5174.582519531443,0.012179269076590605,0.0,66,90,True,0.0
0.135,0.040000000000000036,-0.24000000000000002,True,False,True,True,True,True,False,77,255,96,66,-0.032460182905197144,4694.4106445313,0.00278043317706591,0.0,77,96,True,0.0
0.135,0.06,-0.24000000000000002,True,False,True,True,True,True,False,70,266,155,123,-0.030874039977788925,9471.752929687602,0.011032470712338052,0.0,70,155,True,0.0
0.135,0.08000000000000002,-0.24000000000000002,True,False,True,True,True,True,False,64,233,107,91,-0.02461826801300049,6125.266601562728,0.00662301471629189,0.0,64,107,True,0.0
0.135,0.10000000000000003,-0.24000000000000002,True,False,True,True,True,True,False,52,175,78,66,-0.03246016800403595,8204.602539062565,0.02436268104430764,0.0,52,78,True,0.0
0.135,0.12000000000000005,-0.24000000000000002,True,False,True,True,True,True,False,42,150,74,65,-0.03787124156951904,5475.719238281454,0.012992400225018666,0.0,42,74,True,0.0
0.135,0.14000000000000007,-0.24000000000000002,True,False,True,True,True,True,False,34,123,60,46,-0.03787124156951904,7186.655761719018,0.033430059504389674,0.0,34,60,True,0.0
0.135,0.15999999999999998,-0.24000000000000002,True,False,True,True,True,True,False,33,117,56,45,-0.03787124156951904,4371.418945312546,0.011293299650603623,0.0,33,56,True,0.0
0.135,0.18,-0.24000000000000002,True,False,True,True,True,True,False,50,169,49,35,-0.032460182905197144,7759.566406250062,0.009279734395813219,0.0,50,49,True,0.0
0.135,0.2,-0.24000000000000002,True,False,True,True,True,True,False,40,156,87,75,-0.032460182905197144,3629.1004934340745,0.00810063939739675,0.0,40,87,True,0.0
0.135,0.22000000000000003,-0.24000000000000002,True,False,True,True,True,True,False,30,111,58,31,-0.016178473830223083,4222.045898437657,0.04142358703345028,0.0,30,58,True,0.0
0.135,0.24000000000000005,-0.24000000000000002,True,False,True,True,True,True,False,18,60,29,21,-0.011082030832767487,1225.171386718788,0.019592940510080873,0.0,18,29,True,0.0
0.135,0.26000000000000006,-0.24000000000000002,True,False,True,True,True,True,False,13,49,29,21,-0.011005690321326256,1573.3829345703614,0.019564055217312398,0.0,13,29,True,0.0
0.135,0.2800000000000001,-0.24000000000000002,True,False,True,True,True,True,False,13,52,32,24,-0.010907687246799469,1085.7365722656589,0.019226733257141176,0.0,13,32,True,0.0
0.135,0.3,-0.24000000000000002,True,False,True,True,True,True,False,16,56,28,20,-0.009384393692016602,1696.3309326172011,0.02207006544552402,0.0,16,28,True,0.0
0.135,0.32,-0.24000000000000002,True,False,True,True,True,True,False,13,39,11,4,-0.006861066911369562,997.4935302734685,0.00689928097600587,0.0,13,11,True,0.0
0.135,0.34,-0.24000000000000002,True,False,False,False,False,False,False,2,8,0,0,0.005636945366859436,0.0,1.4901161193847656e-08,0.0,2,0,False,0.0
0.135,0.36000000000000004,-0.24000000000000002,True,False,False,False,False,False,False,0,0,0,0,,0.0,1.4901161193847656e-08,0.0,0,0,False,0.0
0.135,0.38000000000000006,-0.24000000000000002,True,False,False,False,False,False,False,0,0,0,0,,0.0,1.4901161193847656e-08,0.0,0,0,False,0.0
0.135,0.4000000000000001,-0.24000000000000002,True,False,False,False,False,False,False,0,0,0,0,,0.0,1.4901161193847656e-08,0.0,0,0,False,0.0
0.135,0.42,-0.24000000000000002,True,False,False,False,False,False,False,0,0,0,0,,0.0,1.4901161193847656e-08,0.0,0,0,False,0.0
0.135,-0.42,-0.22000000000000003,True,False,False,False,False,False,False,0,0,0,0,,0.0,1.4901161193847656e-08,0.0,0,0,False,0.0
0.135,-0.39999999999999997,-0.22000000000000003,True,False,False,False,False,False,False,0,0,0,0,,0.0,1.4901161193847656e-08,0.0,0,0,False,0.0
0.135,-0.38,-0.22000000000000003,True,False,False,False,False,False,False,0,0,0,0,,0.0,1.4901161193847656e-08,0.0,0,0,False,0.0
0.135,-0.36,-0.22000000000000003,True,False,False,False,False,False,False,0,0,0,0,,0.0,1.4901161193847656e-08,0.0,0,0,False,0.0
0.135,-0.33999999999999997,-0.22000000000000003,True,False,False,False,False,False,False,5,18,0,0,0.00658145546913147,0.0,1.4901161193847656e-08,0.0,5,0,False,0.0
0.135,-0.31999999999999995,-0.22000000000000003,True,False,True,True,True,True,False,25,87,23,4,-0.013418525457382202,1.6968990564346433,0.009286202299003964,0.0,25,23,True,0.0
0.135,-0.3,-0.22000000000000003,True,False,True,True,True,True,False,31,118,50,48,-0.022262856364250183,4829.391113281385,0.020900225489868963,0.0,31,50,True,0.0
0.135,-0.27999999999999997,-0.22000000000000003,True,False,True,True,True,True,False,29,106,46,40,-0.022262856364250183,2832.7956542969537,0.038555313540665374,0.0,29,46,True,0.0
0.135,-0.26,-0.22000000000000003,True,False,True,True,True,True,False,27,83,31,31,-0.022262848913669586,4343.744140625121,0.04726356778338806,0.0,27,31,True,0.0
0.135,-0.24,-0.22000000000000003,True,False,True,True,True,True,False,30,111,55,44,-0.022262848913669586,4463.143066406374,0.059953702663059036,0.0,30,55,True,0.0
0.135,-0.21999999999999997,-0.22000000000000003,True,False,True,True,True,True,False,40,131,64,55,-0.022262848913669586,4356.773925781371,0.019490950797977497,0.0,40,64,True,0.0
0.135,-0.19999999999999998,-0.22000000000000003,True,False,True,True,True,True,False,46,154,53,49,-0.02226284146308899,5032.3740234375355,0.016244889586799798,0.0,46,53,True,0.0
0.135,-0.18,-0.22000000000000003,True,False,True,True,True,True,False,63,203,47,40,-0.017871156334877014,5631.214843750156,0.002586766199842163,0.0,63,47,True,0.0
0.135,-0.15999999999999998,-0.22000000000000003,True,False,True,True,True,True,False,57,206,108,85,-0.022262923419475555,5685.878906250158,0.01118781513558169,0.0,57,108,True,0.0
0.135,-0.13999999999999996,-0.22000000000000003,True,False,True,True,True,True,False,62,205,72,58,-0.02226291596889496,5465.483398437577,0.012236069336889732,0.0,62,72,True,0.0
0.135,-0.12,-0.22000000000000003,True,False,True,True,True,True,False,66,215,61,61,-0.02226291596889496,5228.7026367188955,0.01935051931152786,0.0,66,61,True,0.0
0.135,-0.09999999999999998,-0.22000000000000003,True,False,True,True,True,True,False,76,270,98,77,-0.02226291596889496,5603.12255859379,0.014749068380289934,0.0,76,98,True,0.0
0.135,-0.07999999999999996,-0.22000000000000003,True,False,True,True,True,True,False,80,279,124,112,-0.022264204919338226,5359.920410156326,0.03139412970553106,0.0,80,124,True,0.0
0.135,-0.06,-0.22000000000000003,True,False,True,True,True,True,False,78,257,100,97,-0.022264204919338226,4266.386718750061,0.014455509053415484,0.0,78,100,True,0.0
0.135,-0.03999999999999998,-0.22000000000000003,True,False,True,True,True,True,False,85,298,76,74,-0.02226419746875763,7186.474609375102,0.02542606995262086,0.0,85,76,True,0.0
0.135,-0.019999999999999962,-0.22000000000000003,True,False,True,True,True,True,False,70,253,144,143,-0.02226419746875763,5844.252441406333,0.012145319698518916,0.0,70,144,True,0.0
0.135,0.0,-0.22000000000000003,True,False,True,True,True,True,False,73,252,99,90,-0.02226419746875763,5020.729492187571,0.011403915450146088,0.0,73,99,True,0.0
0.135,0.020000000000000018,-0.22000000000000003,True,False,True,True,True,True,False,78,267,81,74,-0.022264190018177032,5507.567382812706,0.02026617355603308,0.0,78,81,True,0.0
0.135,0.040000000000000036,-0.22000000000000003,True,False,True,True,True,True,False,89,301,87,72,-0.0222628116607666,5636.12060546896,0.013571700325949622,0.0,89,87,True,0.0
0.135,0.06,-0.22000000000000003,True,False,True,True,True,True,False,80,287,155,139,-0.0222642719745636,5807.7397460939665,0.01828141032595602,0.0,80,155,True,0.0
0.135,0.08000000000000002,-0.22000000000000003,True,False,True,True,True,True,False,86,283,99,99,-0.022264264523983,5808.7490234377165,0.025640679746420147,0.0,86,99,True,0.0
0.135,0.10000000000000003,-0.22000000000000003,True,False,True,True,True,True,False,69,225,72,72,-0.022264264523983,4211.311523437657,0.036155736028745326,0.0,69,72,True,0.0
0.135,0.12000000000000005,-0.22000000000000003,True,False,True,True,True,True,False,46,163,70,69,-0.022264264523983,6134.477539062729,0.021807043946921643,0.0,46,70,True,0.0
0.135,0.14000000000000007,-0.22000000000000003,True,False,True,True,True,True,False,41,143,56,50,-0.022264264523983,5650.444824218961,0.021049537021264268,0.0,41,56,True,0.0
0.135,0.15999999999999998,-0.22000000000000003,True,False,True,True,True,True,False,47,148,51,50,-0.022264257073402405,4815.434570312679,0.029977640170967546,0.0,47,51,True,0.0
0.135,0.18,-0.22000000000000003,True,False,True,True,True,True,False,64,215,47,35,-0.017871245741844177,4751.294433593927,0.002138027717029173,0.0,64,47,True,0.0
0.135,0.2,-0.22000000000000003,True,False,True,True,True,True,False,48,173,95,91,-0.02226416766643524,5685.325683593962,0.006484320593348027,0.0,48,95,True,0.0
0.135,0.22000000000000003,-0.22000000000000003,True,False,True,True,True,True,False,40,137,57,37,-0.02226416766643524,4968.5312500001855,0.04522974273300398,0.0,40,57,True,0.0
0.135,0.24000000000000005,-0.22000000000000003,True,False,True,True,True,True,False,26,76,25,25,-0.022264160215854645,0.0,0.016812942912447972,0.0,26,25,True,0.0
0.135,0.26000000000000006,-0.22000000000000003,True,False,True,True,True,True,False,12,45,25,25,-0.022264160215854645,6.599588871002443,0.014431940026891146,0.0,12,25,True,0.0
0.135,0.2800000000000001,-0.22000000000000003,True,False,True,True,True,True,False,12,48,28,28,-0.022264160215854645,9.988970756530842,0.01746245089206124,0.0,12,28,True,0.0
0.135,0.3,-0.22000000000000003,True,False,True,True,True,True,False,17,58,24,24,-0.022264160215854645,13.54587554931691,0.023919027621171138,0.0,17,24,True,0.0
0.135,0.32,-0.22000000000000003,True,False,True,True,True,True,False,14,43,7,4,-0.01436738669872284,2.659106492996237,0.009799144663297175,0.0,14,7,True,0.0
0.135,0.34,-0.22000000000000003,True,False,False,False,False,False,False,1,4,0,0,0.00563262403011322,0.0,1.4901161193847656e-08,0.0,1,0,False,0.0
0.135,0.36000000000000004,-0.22000000000000003,True,False,False,False,False,False,False,0,0,0,0,,0.0,1.4901161193847656e-08,0.0,0,0,False,0.0
0.135,0.38000000000000006,-0.22000000000000003,True,False,False,False,False,False,False,0,0,0,0,,0.0,1.4901161193847656e-08,0.0,0,0,False,0.0
0.135,0.4000000000000001,-0.22000000000000003,True,False,False,False,False,False,False,0,0,0,0,,0.0,1.4901161193847656e-08,0.0,0,0,False,0.0
0.135,0.42,-0.22000000000000003,True,False,False,False,False,False,False,0,0,0,0,,0.0,1.4901161193847656e-08,0.0,0,0,False,0.0
0.135,-0.42,-0.2,True,False,False,False,False,False,False,0,0,0,0,,0.0,1.4901161193847656e-08,0.0,0,0,False,0.0
0.135,-0.39999999999999997,-0.2,True,False,False,False,False,False,False,0,0,0,0,,0.0,1.4901161193847656e-08,0.0,0,0,False,0.0
0.135,-0.38,-0.2,True,False,False,False,False,False,False,0,0,0,0,,0.0,1.4901161193847656e-08,0.0,0,0,False,0.0
0.135,-0.36,-0.2,True,False,False,False,False,False,False,0,0,0,0,,0.0,1.4901161193847656e-08,0.0,0,0,False,0.0
0.135,-0.33999999999999997,-0.2,True,False,False,False,False,False,False,7,20,0,0,0.0065786391496658325,0.0,1.4901161193847656e-08,0.0,7,0,False,0.0
0.135,-0.31999999999999995,-0.2,True,False,True,True,True,True,False,36,107,23,4,-0.010450780391693115,1348.638671875028,0.007177942738910818,0.0,36,23,True,0.0
0.135,-0.3,-0.2,True,False,True,True,True,True,False,45,154,50,48,-0.011022452265024185,3836.6166225959637,0.024960823826113414,0.0,45,50,True,0.0
0.135,-0.27999999999999997,-0.2,True,False,True,True,True,True,False,39,134,46,40,-0.010897204279899597,3583.5864257813496,0.014967589518062274,0.0,39,46,True,0.0
0.135,-0.26,-0.2,True,False,True,True,True,True,False,38,111,31,31,-0.01102792751044035,4434.708007812624,0.02402631849835018,0.0,38,31,True,0.0
0.135,-0.24,-0.2,True,False,True,True,True,True,False,52,167,57,46,-0.01110897958278656,4025.412109375112,0.05855931787829503,0.0,52,57,True,0.0
0.135,-0.21999999999999997,-0.2,True,False,True,True,True,True,False,65,210,70,58,-0.01649266481399536,5763.76367187516,0.012705330891245151,0.0,64,70,True,0.0
0.135,-0.19999999999999998,-0.2,True,False,True,True,True,True,False,72,219,90,64,-0.02027258276939392,7195.819335937551,0.022220520645650152,0.0,72,90,True,0.0
0.135,-0.18,-0.2,True,False,True,True,True,True,False,93,294,64,51,-0.016255691647529602,5764.19873046891,0.004087135058099709,0.0,93,64,True,0.0
0.135,-0.15999999999999998,-0.2,True,False,True,True,True,True,False,98,330,124,96,-0.014748387038707733,5724.267578125159,0.01069533042466843,0.0,98,124,True,0.0
0.135,-0.13999999999999996,-0.2,True,False,True,True,True,True,False,92,297,90,69,-0.014748387038707733,5309.207519531397,0.014180558476209706,0.0,92,90,True,0.0
0.135,-0.12,-0.2,True,False,True,True,True,True,False,99,321,90,82,-0.014748387038707733,5136.750976562643,0.014942682420250842,0.0,99,90,True,0.0
0.135,-0.09999999999999998,-0.2,True,False,True,True,True,True,False,121,393,121,83,-0.014748387038707733,4435.500976562624,0.00986777446300821,0.0,121,121,True,0.0
0.135,-0.07999999999999996,-0.2,True,False,True,True,True,True,False,130,424,142,117,-0.016216706484556198,5339.785156250057,0.008296794471019681,0.0,130,142,True,0.0
0.135,-0.06,-0.2,True,False,True,True,True,True,False,123,392,150,126,-0.017093893140554428,5819.658691406333,0.010196409573723954,0.0,123,150,True,0.0
0.135,-0.03999999999999998,-0.2,True,False,True,True,True,True,False,127,417,108,88,-0.01474829763174057,3370.3828125000477,0.0066919114528291085,0.0,127,108,True,0.0
0.135,-0.019999999999999962,-0.2,True,False,True,True,True,True,False,129,421,168,154,-0.014748290181159973,4421.2763671875355,0.007724713910279815,0.0,129,168,True,0.0
0.135,0.0,-0.2,True,False,True,True,True,True,False,123,389,123,101,-0.014748290181159973,4568.207031250065,0.0064784539780763685,0.0,123,123,True,0.0
0.135,0.020000000000000018,-0.2,True,False,True,True,True,True,False,120,400,125,93,-0.014748290181159973,4425.675292968813,0.007643495105104757,0.0,120,125,True,0.0
0.135,0.040000000000000036,-0.2,True,False,True,True,True,True,False,131,411,115,80,-0.014748290181159973,4193.062011718809,0.010228293353786359,0.0,131,115,True,0.0
0.135,0.06,-0.2,True,False,True,True,True,True,False,132,444,177,148,-0.014748290181159973,4467.8994140625355,0.01487355905986146,0.0,132,177,True,0.0
0.135,0.08000000000000002,-0.2,True,False,True,True,True,True,False,130,413,136,122,-0.014748282730579376,4830.07885374365,0.006190070058114848,0.0,130,136,True,0.0
0.135,0.10000000000000003,-0.2,True,False,True,True,True,True,False,107,330,111,90,-0.014748312532901764,5548.8295898439565,0.013860326612913424,0.0,107,113,True,0.0
0.135,0.12000000000000005,-0.2,True,False,True,True,True,True,False,92,300,96,80,-0.014748305082321167,4552.11770329386,0.003071516096450477,0.0,92,96,True,0.0
0.135,0.14000000000000007,-0.2,True,False,True,True,True,True,False,81,256,80,61,-0.014748305082321167,4154.653320312655,0.011697467714308811,0.0,81,80,True,0.0
0.135,0.15999999999999998,-0.2,True,False,True,True,True,True,False,84,268,90,67,-0.014748305082321167,3728.9892578126155,0.002858823919437875,0.0,84,89,True,0.0
0.135,0.18,-0.2,True,False,True,True,True,True,False,92,287,83,52,-0.014748305082321167,4698.0869140626755,0.020726022437549202,0.0,92,83,True,0.0
0.135,0.2,-0.2,True,False,True,True,True,True,False,78,257,109,96,-0.014748305082321167,4261.874023437659,0.009709315979061613,0.0,78,109,True,0.0
0.135,0.22000000000000003,-0.2,True,False,True,True,True,True,False,62,206,71,42,-0.014748305082321167,5347.713378906449,0.023002046431340652,0.0,62,71,True,0.0
0.135,0.24000000000000005,-0.2,True,False,True,True,True,True,False,43,131,50,33,-0.011082037352025509,889.9601440429964,0.031691313471970836,0.0,43,49,True,0.0
0.135,0.26000000000000006,-0.2,True,False,True,True,True,True,False,31,99,35,25,-0.011005695909261703,1353.858642578167,0.016106329285258493,0.0,31,35,True,0.0
0.135,0.2800000000000001,-0.2,True,False,True,True,True,True,False,30,97,36,28,-0.010907694697380066,1435.6164550781696,0.02042205662365514,0.0,30,36,True,0.0
0.135,0.3,-0.2,True,False,True,True,True,True,False,33,101,38,24,-0.009386420249938965,1554.483032226575,0.008476529227282552,0.0,33,38,True,0.0
0.135,0.32,-0.2,True,False,True,True,True,True,False,22,59,14,4,-0.0076624080538749695,1365.7541503906673,0.005781786525851916,0.0,22,14,True,0.0
0.135,0.34,-0.2,True,False,False,False,False,False,False,2,5,0,0,0.005628302693367004,0.0,1.4901161193847656e-08,0.0,2,0,False,0.0
0.135,0.36000000000000004,-0.2,True,False,False,False,False,False,False,0,0,0,0,,0.0,1.4901161193847656e-08,0.0,0,0,False,0.0
0.135,0.38000000000000006,-0.2,True,False,False,False,False,False,False,0,0,0,0,,0.0,1.4901161193847656e-08,0.0,0,0,False,0.0
0.135,0.4000000000000001,-0.2,True,False,False,False,False,False,False,0,0,0,0,,0.0,1.4901161193847656e-08,0.0,0,0,False,0.0
0.135,0.42,-0.2,True,False,False,False,False,False,False,0,0,0,0,,0.0,1.4901161193847656e-08,0.0,0,0,False,0.0
0.135,-0.42,-0.18000000000000002,True,False,False,False,False,False,False,0,0,0,0,,0.0,1.4901161193847656e-08,0.0,0,0,False,0.0
0.135,-0.39999999999999997,-0.18000000000000002,True,False,False,False,False,False,False,0,0,0,0,,0.0,1.4901161193847656e-08,0.0,0,0,False,0.0
0.135,-0.38,-0.18000000000000002,True,False,False,False,False,False,False,0,0,0,0,,0.0,1.4901161193847656e-08,0.0,0,0,False,0.0
0.135,-0.36,-0.18000000000000002,True,False,False,False,False,False,False,0,0,0,0,,0.0,1.4901161193847656e-08,0.0,0,0,False,0.0
0.135,-0.33999999999999997,-0.18000000000000002,True,False,False,False,False,False,False,11,25,0,0,0.006697557866573334,0.0,1.4901161193847656e-08,0.0,11,0,False,0.0
0.135,-0.31999999999999995,-0.18000000000000002,True,False,True,True,True,True,False,53,170,46,6,-0.007834397256374359,1345.144042968778,0.012253705778719717,0.0,53,46,True,0.0
0.135,-0.3,-0.18000000000000002,True,False,True,True,True,True,False,78,244,92,64,-0.011022444814443588,3633.405761718851,0.022409113519123735,0.0,77,91,True,0.0
0.135,-0.27999999999999997,-0.18000000000000002,True,False,True,True,True,True,False,71,236,78,52,-0.010897219181060791,3385.741455078219,0.026728986421261033,0.0,71,78,True,0.0
0.135,-0.26,-0.18000000000000002,True,False,True,True,True,True,False,78,242,66,42,-0.011027943342924118,4276.704589843869,0.028530651723882517,0.0,78,66,True,0.0
0.135,-0.24,-0.18000000000000002,False,True,True,True,True,False,False,83,274,110,67,-0.011108994483947754,3940.2695312501096,0.017775703133160146,0.0,83,110,True,0.0
0.135,-0.21999999999999997,-0.18000000000000002,False,True,True,True,True,False,False,93,298,119,82,-0.01649266481399536,4116.799804687615,0.010714604531906194,0.0,93,119,True,0.0
0.135,-0.19999999999999998,-0.18000000000000002,False,True,True,True,True,False,False,107,341,113,61,-0.02027258276939392,6013.210449218793,0.005148787291205567,0.0,107,113,True,0.0
0.135,-0.18,-0.18000000000000002,False,True,True,True,True,False,False,144,425,118,75,-0.016255691647529602,5002.340820312639,0.0028730480077536432,0.0,143,118,True,0.0
0.135,-0.15999999999999998,-0.18000000000000002,False,True,True,True,True,False,False,146,473,210,129,-0.015667006373405457,4405.477386817673,0.002872828893263698,0.0,146,210,True,0.0
0.135,-0.13999999999999996,-0.18000000000000002,False,True,True,True,True,False,False,154,450,153,94,-0.015667006373405457,5963.535156250166,0.004572090977489947,0.0,154,153,True,0.0
0.135,-0.12,-0.18000000000000002,False,True,True,True,True,False,False,166,499,158,107,-0.01565895974636078,4323.80371093762,0.007848023723855357,0.0,166,158,True,0.0
0.135,-0.09999999999999998,-0.18000000000000002,False,True,True,True,True,False,False,183,580,187,118,-0.01565895974636078,5081.937500000142,0.00577759410971019,0.0,183,187,True,0.0
0.135,-0.07999999999999996,-0.18000000000000002,False,True,True,True,True,False,False,178,581,229,172,-0.016216706484556198,6073.657175170151,0.005707506717941725,0.0,178,229,True,0.0
0.135,-0.06,-0.18000000000000002,False,True,True,True,True,False,False,166,540,192,142,-0.017093893140554428,5774.890136718832,0.009063476594648411,0.0,166,192,True,0.0
0.135,-0.03999999999999998,-0.18000000000000002,False,True,True,True,True,False,False,191,592,175,128,-0.015667103230953217,4700.825195312567,0.004638195045048189,0.0,191,175,True,0.0
0.135,-0.019999999999999962,-0.18000000000000002,False,True,True,True,True,False,False,184,595,281,222,-0.015667103230953217,5462.623046875077,0.009044189047700407,0.0,185,281,True,0.0
0.135,0.0,-0.18000000000000002,False,True,True,True,True,False,False,196,596,210,153,-0.015667103230953217,5484.763671875078,0.007037373670741154,0.0,196,210,True,0.0
0.135,0.020000000000000018,-0.18000000000000002,False,True,True,True,True,False,False,177,545,170,118,-0.01565905660390854,4045.9140625000578,0.006782686567091522,0.0,177,170,True,0.0
0.135,0.040000000000000036,-0.18000000000000002,False,True,True,True,True,False,False,192,601,161,105,-0.01565905660390854,4275.364457586225,0.010819075254482705,0.0,192,160,True,0.0
0.135,0.06,-0.18000000000000002,False,True,True,True,True,False,False,181,586,266,198,-0.01565905660390854,5531.040039062578,0.008148386531579793,0.0,181,266,True,0.0
0.135,0.08000000000000002,-0.18000000000000002,False,True,True,True,True,False,False,176,560,200,157,-0.015667088329792023,4823.27001953143,0.008484297180415473,0.0,176,200,True,0.0
0.135,0.10000000000000003,-0.18000000000000002,False,True,True,True,True,False,False,170,509,166,122,-0.015667088329792023,4192.994140625156,0.013536873479166206,0.0,170,166,True,0.0
0.135,0.12000000000000005,-0.18000000000000002,False,True,True,True,True,False,False,143,454,185,135,-0.015667088329792023,4916.979492187684,0.007198692547775107,0.0,143,185,True,0.0
0.135,0.14000000000000007,-0.18000000000000002,False,True,True,True,True,False,False,136,401,146,98,-0.015667088329792023,5116.834960937691,0.012859677511007498,0.0,136,146,True,0.0
0.135,0.15999999999999998,-0.18000000000000002,False,True,True,True,True,False,False,117,341,130,90,-0.015667088329792023,3401.354003906377,0.0037125966283850257,0.0,117,130,True,0.0
0.135,0.18,-0.18000000000000002,False,True,True,True,True,False,False,139,420,104,62,-0.015659041702747345,3912.460693359521,0.006419662309707689,0.0,139,104,True,0.0
0.135,0.2,-0.18000000000000002,False,True,True,True,True,False,False,116,372,161,127,-0.015659041702747345,4590.788574218921,0.011899948051637587,0.0,116,161,True,0.0
0.135,0.22000000000000003,-0.18000000000000002,False,True,True,True,True,False,False,94,296,117,68,-0.012393839657306671,4337.504394531412,0.012452255887344945,0.0,94,117,True,0.0
0.135,0.24000000000000005,-0.18000000000000002,False,True,True,True,True,False,False,73,218,70,52,-0.011082055047154427,1698.209395254998,0.009092215403156741,0.0,73,70,True,0.0
0.135,0.26000000000000006,-0.18000000000000002,True,False,True,True,True,True,False,58,187,71,48,-0.011005713604390621,1539.9631347656727,0.0167294572879477,0.0,58,71,True,0.0
0.135,0.2800000000000001,-0.18000000000000002,True,False,True,True,True,True,False,54,179,70,51,-0.01090770959854126,1469.9893798828582,0.017823287366053726,0.0,54,70,True,0.0
0.135,0.3,-0.18000000000000002,True,False,True,True,True,True,False,57,167,66,43,-0.009388208389282227,1234.608032226601,0.0089795249326201,0.0,58,66,True,0.0
0.135,0.32,-0.18000000000000002,True,False,True,True,True,True,False,40,108,17,8,-0.006914488971233368,835.3411254883073,0.003001810729188161,0.0,40,17,True,0.0
0.135,0.34,-0.18000000000000002,True,False,False,False,False,False,False,10,31,0,0,0.005746334791183472,0.0,1.4901161193847656e-08,0.0,10,0,False,0.0
0.135,0.36000000000000004,-0.18000000000000002,True,False,False,False,False,False,False,0,0,0,0,,0.0,1.4901161193847656e-08,0.0,0,0,False,0.0
0.135,0.38000000000000006,-0.18000000000000002,True,False,False,False,False,False,False,0,0,0,0,,0.0,1.4901161193847656e-08,0.0,0,0,False,0.0
0.135,0.4000000000000001,-0.18000000000000002,True,False,False,False,False,False,False,0,0,0,0,,0.0,1.4901161193847656e-08,0.0,0,0,False,0.0
0.135,0.42,-0.18000000000000002,True,False,False,False,False,False,False,0,0,0,0,,0.0,1.4901161193847656e-08,0.0,0,0,False,0.0
0.135,-0.42,-0.16000000000000003,True,False,False,False,False,False,False,0,0,0,0,,0.0,1.4901161193847656e-08,0.0,0,0,False,0.0
0.135,-0.39999999999999997,-0.16000000000000003,True,False,False,False,False,False,False,0,0,0,0,,0.0,1.4901161193847656e-08,0.0,0,0,False,0.0
0.135,-0.38,-0.16000000000000003,True,False,False,False,False,False,False,0,0,0,0,,0.0,1.4901161193847656e-08,0.0,0,0,False,0.0
0.135,-0.36,-0.16000000000000003,True,False,False,False,False,False,False,0,0,0,0,,0.0,1.4901161193847656e-08,0.0,0,0,False,0.0
0.135,-0.33999999999999997,-0.16000000000000003,True,False,False,False,False,False,False,17,47,0,0,0.0066254884004592896,0.0,1.4901161193847656e-08,0.0,17,0,False,0.0
0.135,-0.31999999999999995,-0.16000000000000003,True,False,True,True,True,True,False,59,192,54,21,-0.013071060180664062,2146.2773437500173,0.018315173753429212,0.0,59,54,True,0.0
0.135,-0.3,-0.16000000000000003,True,False,True,True,True,True,False,86,286,103,75,-0.011022474616765976,4341.338378906285,0.014610765746021239,0.0,86,103,True,0.0
0.135,-0.27999999999999997,-0.16000000000000003,True,False,True,True,True,True,False,84,271,99,77,-0.015801722183823586,4199.566894531366,0.01784558262245249,0.0,84,99,True,0.0
0.135,-0.26,-0.16000000000000003,True,False,True,True,True,True,False,84,250,79,58,-0.015898453071713448,5456.463378906402,0.014204554630244535,0.0,84,79,True,0.0
0.135,-0.24,-0.16000000000000003,False,True,True,True,True,False,False,89,300,138,103,-0.015914782881736755,4997.922851562639,0.006016583718490269,0.0,90,138,True,0.0
0.135,-0.21999999999999997,-0.16000000000000003,False,True,True,True,True,False,False,99,337,128,100,-0.01649266481399536,7401.616699219026,0.005675151303427279,0.0,99,128,True,0.0
0.135,-0.19999999999999998,-0.16000000000000003,False,True,True,True,True,False,False,110,344,119,81,-0.02027258276939392,6424.056640625239,0.004578846102261426,0.0,110,119,True,0.0
0.135,-0.18,-0.16000000000000003,False,True,True,True,True,False,False,146,456,107,92,-0.016255691647529602,5910.358398437721,0.012195835964589933,0.0,146,107,True,0.0
0.135,-0.15999999999999998,-0.16000000000000003,False,True,True,True,True,False,False,150,500,191,139,-0.015887398272752762,5827.549316406413,0.0077071680308451705,0.0,150,191,True,0.0
0.135,-0.13999999999999996,-0.16000000000000003,False,True,True,True,True,False,False,160,484,142,106,-0.015811055898666382,6491.821218814425,0.00439431774464918,0.0,160,142,True,0.0
0.135,-0.12,-0.16000000000000003,False,True,True,True,True,False,False,178,543,145,108,-0.011108994483947754,3881.4379758458153,0.010358072347074627,0.0,178,145,True,0.0
0.135,-0.09999999999999998,-0.16000000000000003,False,True,True,True,True,False,False,190,624,198,139,-0.011108994483947754,4520.7700195313755,0.007700669321712166,0.0,190,198,True,0.0
0.135,-0.07999999999999996,-0.16000000000000003,False,True,True,True,True,False,False,177,587,216,173,-0.016218911856412888,5293.6386718750755,0.007187580282126017,0.0,177,216,True,0.0
0.135,-0.06,-0.16000000000000003,False,True,True,True,True,False,False,159,515,183,146,-0.017093893140554428,5341.993164062576,0.009391000411730938,0.0,159,183,True,0.0
0.135,-0.03999999999999998,-0.16000000000000003,False,True,True,True,True,False,False,183,594,145,119,-0.01110905408859253,5451.835449218827,0.010410212064443746,0.0,183,145,True,0.0
0.135,-0.019999999999999962,-0.16000000000000003,False,True,True,True,True,False,False,184,608,264,229,-0.01110905408859253,5423.810546875077,0.009415452569622002,0.0,184,264,True,0.0
0.135,0.0,-0.16000000000000003,False,True,True,True,True,False,False,186,594,197,141,-0.01110905408859253,5742.904785156332,0.007178539306456352,0.0,186,197,True,0.0
0.135,0.020000000000000018,-0.16000000000000003,False,True,True,True,True,False,False,174,542,147,110,-0.011109046638011932,4015.555419921932,0.008559541773481581,0.0,174,147,True,0.0
0.135,0.040000000000000036,-0.16000000000000003,False,True,True,True,True,False,False,189,611,165,107,-0.011109046638011932,4853.189453125069,0.0054995945385218235,0.0,189,165,True,0.0
0.135,0.06,-0.16000000000000003,False,True,True,True,True,False,False,170,574,267,211,-0.011109046638011932,6446.22998046899,0.011387359764371389,0.0,171,267,True,0.0
0.135,0.08000000000000002,-0.16000000000000003,False,True,True,True,True,False,False,170,568,188,157,-0.01178942620754242,5344.499511718826,0.004884730618926093,0.0,169,188,True,0.0
0.135,0.10000000000000003,-0.16000000000000003,False,True,True,True,True,False,False,164,516,166,133,-0.013284318149089813,4993.015625000186,0.013923716690675393,0.0,164,166,True,0.0
0.135,0.12000000000000005,-0.16000000000000003,False,True,True,True,True,False,False,149,479,161,130,-0.01570059359073639,5078.431640625189,0.008833740096344864,0.0,149,161,True,0.0
0.135,0.14000000000000007,-0.16000000000000003,False,True,True,True,True,False,False,130,410,116,84,-0.013629809021949768,6288.997070312735,0.010255967552410955,0.0,130,116,True,0.0
0.135,0.15999999999999998,-0.16000000000000003,False,True,True,True,True,False,False,110,333,88,76,-0.0158679261803627,4707.4497070314255,0.008027953240855723,0.0,110,88,True,0.0
0.135,0.18,-0.16000000000000003,False,True,True,True,True,False,False,138,440,100,76,-0.015914730727672577,5501.913085937706,0.010359291276557882,0.0,138,100,True,0.0
0.135,0.2,-0.16000000000000003,False,True,True,True,True,False,False,111,377,154,138,-0.015914730727672577,5030.928710937687,0.002482639168243612,0.0,111,154,True,0.0
0.135,0.22000000000000003,-0.16000000000000003,False,True,True,True,True,False,False,93,315,103,62,-0.015914730727672577,5067.600097656439,0.010846031413441053,0.0,93,103,True,0.0
0.135,0.24000000000000005,-0.16000000000000003,False,True,True,True,True,False,False,74,233,81,65,-0.015914730727672577,7161.8105468752665,0.01665085669877727,0.0,74,81,True,0.0
0.135,0.26000000000000006,-0.16000000000000003,True,False,True,True,True,True,False,56,185,72,49,-0.015911400318145752,5873.223450580493,0.0354514042664134,0.0,56,72,True,0.0
0.135,0.2800000000000001,-0.16000000000000003,True,False,True,True,True,True,False,54,177,69,53,-0.01583505980670452,3277.0895996094973,0.02105089763584551,0.0,54,69,True,0.0
0.135,0.3,-0.16000000000000003,True,False,True,True,True,True,False,53,167,59,47,-0.011897653341293335,2601.554443359396,0.00979115264169219,0.0,53,59,True,0.0
0.135,0.32,-0.16000000000000003,True,False,True,True,True,True,False,41,127,32,24,-0.015396416187286377,1333.0489501953623,0.008816313235158758,0.0,41,32,True,0.0
0.135,0.34,-0.16000000000000003,True,False,False,False,False,False,False,12,30,0,0,0.00460362434387207,0.0,1.4901161193847656e-08,0.0,12,0,False,0.0
0.135,0.36000000000000004,-0.16000000000000003,True,False,False,False,False,False,False,0,0,0,0,,0.0,1.4901161193847656e-08,0.0,0,0,False,0.0
0.135,0.38000000000000006,-0.16000000000000003,True,False,False,False,False,False,False,0,0,0,0,,0.0,1.4901161193847656e-08,0.0,0,0,False,0.0
0.135,0.4000000000000001,-0.16000000000000003,True,False,False,False,False,False,False,0,0,0,0,,0.0,1.4901161193847656e-08,0.0,0,0,False,0.0
0.135,0.42,-0.16000000000000003,True,False,False,False,False,False,False,0,0,0,0,,0.0,1.4901161193847656e-08,0.0,0,0,False,0.0
0.135,-0.42,-0.14,True,False,False,False,False,False,False,0,0,0,0,,0.0,1.4901161193847656e-08,0.0,0,0,False,0.0
0.135,-0.39999999999999997,-0.14,True,False,False,False,False,False,False,0,0,0,0,,0.0,1.4901161193847656e-08,0.0,0,0,False,0.0
0.135,-0.38,-0.14,True,False,False,False,False,False,False,0,0,0,0,,0.0,1.4901161193847656e-08,0.0,0,0,False,0.0
0.135,-0.36,-0.14,True,False,False,False,False,False,False,0,0,0,0,,0.0,1.4901161193847656e-08,0.0,0,0,False,0.0
0.135,-0.33999999999999997,-0.14,True,False,False,False,False,False,False,14,48,0,0,0.006583452224731445,0.0,1.4901161193847656e-08,0.0,14,0,False,0.0
0.135,-0.31999999999999995,-0.14,True,False,True,True,True,True,False,50,171,58,29,-0.013416588306427002,5543.53781528721,0.030904304508020713,0.0,50,58,True,0.0
0.135,-0.3,-0.14,True,False,True,True,True,True,False,69,243,99,79,-0.017099790275096893,3765.7275390626046,0.028988358127795027,0.0,69,99,True,0.0
0.135,-0.27999999999999997,-0.14,True,False,True,True,True,True,False,66,229,91,81,-0.017099790275096893,5020.276978731671,0.053838916237255334,0.0,66,91,True,0.0
0.135,-0.26,-0.14,True,False,True,True,True,True,False,65,209,69,62,-0.017099790275096893,5630.192871093906,0.00851031194289713,0.0,65,69,True,0.0
0.135,-0.24,-0.14,False,True,True,True,True,False,False,69,249,122,98,-0.017099790275096893,7667.398437500061,0.014290159627511264,0.0,69,122,True,0.0
0.135,-0.21999999999999997,-0.14,False,True,True,True,True,False,False,74,264,127,114,-0.01743607223033905,5497.073730468903,0.015873148866904115,0.0,74,127,True,0.0
0.135,-0.19999999999999998,-0.14,False,True,True,True,True,False,False,81,269,118,90,-0.02027258276939392,7568.316894531304,0.0071854459376529106,0.0,81,118,True,0.0
0.135,-0.18,-0.14,False,True,True,True,True,False,False,110,371,97,87,-0.017099782824516296,5734.703125000159,0.01170006537960346,0.0,110,97,True,0.0
0.135,-0.15999999999999998,-0.14,False,True,True,True,True,False,False,113,393,183,143,-0.017099782824516296,5454.702148437703,0.010378026206391977,0.0,113,183,True,0.0
0.135,-0.13999999999999996,-0.14,False,True,True,True,True,False,False,115,379,130,110,-0.017099782824516296,5517.759277343904,0.005753173511281601,0.0,115,130,True,0.0
0.135,-0.12,-0.14,False,True,True,True,True,False,False,128,402,122,112,-0.017099782824516296,5401.26855468765,0.009086173443752864,0.0,128,122,True,0.0
0.135,-0.09999999999999998,-0.14,False,True,True,True,True,False,False,141,491,185,150,-0.017099782824516296,5834.308105468912,0.01119953281453273,0.0,141,185,True,0.0
0.135,-0.07999999999999996,-0.14,False,True,True,True,True,False,False,134,475,201,181,-0.017099782824516296,7631.142089843832,0.007095319585877154,0.0,134,201,True,0.0
0.135,-0.06,-0.14,False,True,True,True,True,False,False,113,399,167,154,-0.017099782824516296,5043.038085937572,0.012742325576177533,0.0,113,167,True,0.0
0.135,-0.03999999999999998,-0.14,False,True,True,True,True,False,False,132,465,136,127,-0.017099782824516296,5297.5590820313255,0.02167441708523413,0.0,132,136,True,0.0
0.135,-0.019999999999999962,-0.14,False,True,True,True,True,False,False,130,464,248,237,-0.017099782824516296,4221.00244140631,0.004851613615636425,0.0,130,248,True,0.0
0.135,0.0,-0.14,False,True,True,True,True,False,False,132,459,181,149,-0.0170997753739357,6762.0419921875955,0.011461012029712371,0.0,132,181,True,0.0
0.135,0.020000000000000018,-0.14,False,True,True,True,True,False,False,122,411,135,118,-0.0170997753739357,4952.89355468757,0.009568612402198253,0.0,121,135,True,0.0
0.135,0.040000000000000036,-0.14,False,True,True,True,True,False,False,142,492,149,115,-0.0170997753739357,4631.339843750066,0.012672475014660596,0.0,141,149,True,0.0
0.135,0.06,-0.14,False,True,True,True,True,False,False,130,470,252,219,-0.0170997753739357,5071.457519531439,0.01514682920797046,0.0,129,252,True,0.0
0.135,0.08000000000000002,-0.14,False,True,True,True,True,False,False,126,459,172,164,-0.0170997753739357,5108.517089843823,0.009048543171427404,0.0,125,172,True,0.0
0.135,0.10000000000000003,-0.14,False,True,True,True,True,False,False,119,398,157,145,-0.0170997753739357,5327.666992187543,0.00999011081189601,0.0,119,157,True,0.0
0.135,0.12000000000000005,-0.14,False,True,True,True,True,False,False,100,354,146,133,-0.01570059359073639,5508.221679687706,0.013312022445694004,0.0,100,146,True,0.0
0.135,0.14000000000000007,-0.14,False,True,True,True,True,False,False,85,293,104,88,-0.013629809021949768,5179.286132812693,0.011582867242606112,0.0,85,104,True,0.0
0.135,0.15999999999999998,-0.14,False,True,True,True,True,False,False,70,221,84,80,-0.015867929905653,5232.343750000195,0.005374571526851552,0.0,70,84,True,0.0
0.135,0.18,-0.14,False,True,True,True,True,False,False,100,334,85,73,-0.015914730727672577,5390.210937500201,0.007450386697823983,0.0,100,85,True,0.0
0.135,0.2,-0.14,False,True,True,True,True,False,False,83,293,153,148,-0.015914730727672577,5888.197753906469,0.005436180932598385,0.0,83,153,True,0.0
0.135,0.22000000000000003,-0.14,False,True,True,True,True,False,False,65,235,104,76,-0.017568565905094147,9425.212890625351,0.02277037469192474,0.0,65,104,True,0.0
0.135,0.24000000000000005,-0.14,False,True,True,True,True,False,False,51,167,72,61,-0.01930008828639984,4197.475097656406,0.015071223045644568,0.0,51,72,True,0.0
0.135,0.26000000000000006,-0.14,True,False,True,True,True,True,False,39,134,60,53,-0.01591140404343605,6869.466548082276,0.031379047826680155,0.0,39,60,True,0.0
0.135,0.2800000000000001,-0.14,True,False,True,True,True,True,False,35,126,61,57,-0.01583506166934967,5011.1844557814475,0.03582525365370455,0.0,35,61,True,0.0
0.135,0.3,-0.14,True,False,True,True,True,True,False,37,122,55,51,-0.012427173554897308,3418.9213867187773,0.012945820794790957,0.0,37,55,True,0.0
0.135,0.32,-0.14,True,False,True,True,True,True,False,29,106,36,32,-0.015396416187286377,6597.158691406303,0.03795967635542929,0.0,29,36,True,0.0
0.135,0.34,-0.14,True,False,False,False,False,False,False,13,38,0,0,0.004430562257766724,0.0,1.4901161193847656e-08,0.0,13,0,False,0.0
0.135,0.36000000000000004,-0.14,True,False,False,False,False,False,False,0,0,0,0,,0.0,1.4901161193847656e-08,0.0,0,0,False,0.0
0.135,0.38000000000000006,-0.14,True,False,False,False,False,False,False,0,0,0,0,,0.0,1.4901161193847656e-08,0.0,0,0,False,0.0
0.135,0.4000000000000001,-0.14,True,False,False,False,False,False,False,0,0,0,0,,0.0,1.4901161193847656e-08,0.0,0,0,False,0.0
0.135,0.42,-0.14,True,False,False,False,False,False,False,0,0,0,0,,0.0,1.4901161193847656e-08,0.0,0,0,False,0.0
0.135,-0.42,-0.12000000000000002,True,False,False,False,False,False,False,0,0,0,0,,0.0,1.4901161193847656e-08,0.0,0,0,False,0.0
0.135,-0.39999999999999997,-0.12000000000000002,True,False,False,False,False,False,False,0,0,0,0,,0.0,1.4901161193847656e-08,0.0,0,0,False,0.0
0.135,-0.38,-0.12000000000000002,True,False,False,False,False,False,False,0,0,0,0,,0.0,1.4901161193847656e-08,0.0,0,0,False,0.0
0.135,-0.36,-0.12000000000000002,True,False,False,False,False,False,False,0,0,0,0,,0.0,1.4901161193847656e-08,0.0,0,0,False,0.0
0.135,-0.33999999999999997,-0.12000000000000002,True,False,False,False,False,False,False,15,49,0,0,0.006583452224731445,0.0,1.4901161193847656e-08,0.0,15,0,False,0.0
0.135,-0.31999999999999995,-0.12000000000000002,True,False,True,True,True,True,False,51,175,58,29,-0.013416588306427002,6439.61067288946,0.015710933129309972,0.0,51,58,True,0.0
0.135,-0.3,-0.12000000000000002,True,False,True,True,True,True,False,73,250,102,82,-0.020959846675395966,8600.54101562532,0.010772230384703287,0.0,73,102,True,0.0
0.135,-0.27999999999999997,-0.12000000000000002,True,False,True,True,True,True,False,66,229,91,81,-0.02095986157655716,6938.875000000193,0.01718921269940261,0.0,66,91,True,0.0
0.135,-0.26,-0.12000000000000002,True,False,True,True,True,True,False,63,201,69,62,-0.02095986157655716,8634.613281250322,0.02859548593689893,0.0,63,69,True,0.0
0.135,-0.24,-0.12000000000000002,False,True,True,True,True,False,False,67,242,122,98,-0.02095986157655716,6868.019531250256,0.011821909868573989,0.0,67,122,True,0.0
0.135,-0.21999999999999997,-0.12000000000000002,False,True,True,True,True,False,False,73,264,127,114,-0.02095986157655716,7718.122070312562,0.008939221557562084,0.0,73,127,True,0.0
0.135,-0.19999999999999998,-0.12000000000000002,False,True,True,True,True,False,False,78,261,116,90,-0.02095986157655716,7321.005859375058,0.0065157459409099176,0.0,78,116,True,0.0
0.135,-0.18,-0.12000000000000002,False,True,True,True,True,False,False,108,365,97,87,-0.02095986157655716,4710.194824218896,0.012943040014915598,0.0,108,97,True,0.0
0.135,-0.15999999999999998,-0.12000000000000002,False,True,True,True,True,False,False,112,392,183,143,-0.020959876477718353,7153.416503906449,0.009874119407771399,0.0,112,183,True,0.0
0.135,-0.13999999999999996,-0.12000000000000002,False,True,True,True,True,False,False,117,383,130,110,-0.020959876477718353,7261.1344404529455,0.011968787211138794,0.0,117,130,True,0.0
0.135,-0.12,-0.12000000000000002,False,True,True,True,True,False,False,132,410,122,112,-0.020959876477718353,4526.631835937641,0.006145055049470978,0.0,132,122,True,0.0
0.135,-0.09999999999999998,-0.12000000000000002,False,True,True,True,True,False,False,143,498,185,150,-0.020959876477718353,10088.009189111935,0.012887066391319648,0.0,143,185,True,0.0
0.135,-0.07999999999999996,-0.12000000000000002,False,True,True,True,True,False,False,136,481,201,181,-0.020959876477718353,6943.535156250074,0.012052236961613857,0.0,136,201,True,0.0
0.135,-0.06,-0.12000000000000002,False,True,True,True,True,False,False,112,394,167,154,-0.020959876477718353,7419.8930664065265,0.016575399633262114,0.0,112,167,True,0.0
0.135,-0.03999999999999998,-0.12000000000000002,False,True,True,True,True,False,False,135,480,136,127,-0.020959876477718353,7868.872558593862,0.003237681192030939,0.0,135,136,True,0.0
0.135,-0.019999999999999962,-0.12000000000000002,False,True,True,True,True,False,False,131,465,248,237,-0.020959891378879547,7026.784667969012,0.007268114287451218,0.0,131,248,True,0.0
0.135,0.0,-0.12000000000000002,False,True,True,True,True,False,False,133,455,181,149,-0.020959891378879547,6802.298339844004,0.006335827006511608,0.0,133,181,True,0.0
0.135,0.020000000000000018,-0.12000000000000002,False,True,True,True,True,False,False,125,417,135,118,-0.020959891378879547,8718.416992187826,0.014005474425659279,0.0,125,135,True,0.0
0.135,0.040000000000000036,-0.12000000000000002,False,True,True,True,True,False,False,144,493,149,115,-0.020959891378879547,6784.416992187753,0.013789919449073467,0.0,144,149,True,0.0
0.135,0.06,-0.12000000000000002,False,True,True,True,True,False,False,130,471,252,219,-0.020959891378879547,5335.611816406449,0.0075805172098095215,0.0,130,252,True,0.0
0.135,0.08000000000000002,-0.12000000000000002,False,True,True,True,True,False,False,127,462,172,164,-0.020959891378879547,6998.109863281511,0.0016311873976577306,0.0,128,172,True,0.0
0.135,0.10000000000000003,-0.12000000000000002,False,True,True,True,True,False,False,120,403,157,145,-0.020959876477718353,10068.97070312508,0.006073955706553042,0.0,120,157,True,0.0
0.135,0.12000000000000005,-0.12000000000000002,False,True,True,True,True,False,False,104,357,143,133,-0.020959876477718353,6602.419433593996,0.007047990570009253,0.0,104,143,True,0.0
0.135,0.14000000000000007,-0.12000000000000002,False,True,True,True,True,False,False,86,294,104,88,-0.020959876477718353,7431.739746094027,0.006222382916630231,0.0,86,104,True,0.0
0.135,0.15999999999999998,-0.12000000000000002,False,True,True,True,True,False,False,70,227,84,80,-0.020959876477718353,7623.377737030891,0.005937746551553579,0.0,70,84,True,0.0
0.135,0.18,-0.12000000000000002,False,True,True,True,True,False,False,100,341,85,73,-0.020959891378879547,7219.670410156307,0.010331767849617174,0.0,100,85,True,0.0
0.135,0.2,-0.12000000000000002,False,True,True,True,True,False,False,81,291,152,148,-0.020959891378879547,6332.517089843986,0.0046929698990094484,0.0,81,152,True,0.0
0.135,0.22000000000000003,-0.12000000000000002,False,True,True,True,True,False,False,66,238,103,75,-0.020959891378879547,6465.387695312741,0.00955297033452148,0.0,66,103,True,0.0
0.135,0.24000000000000005,-0.12000000000000002,False,True,True,True,True,False,False,49,161,66,61,-0.020959891378879547,7046.175292969013,0.026869666588343475,0.0,49,66,True,0.0
0.135,0.26000000000000006,-0.12000000000000002,True,False,True,True,True,True,False,37,129,60,53,-0.020959891378879547,7831.749511719042,0.03773577772302728,0.0,37,60,True,0.0
0.135,0.2800000000000001,-0.12000000000000002,True,False,True,True,True,True,False,36,126,61,57,-0.020959891378879547,4798.681640625179,0.01809171692256259,0.0,36,61,True,0.0
0.135,0.3,-0.12000000000000002,True,False,True,True,True,True,False,38,125,55,51,-0.02095990628004074,3742.3225097657414,0.026688604403533992,0.0,38,55,True,0.0
0.135,0.32,-0.12000000000000002,True,False,True,True,True,True,False,30,112,36,32,-0.015396416187286377,6837.861816406305,0.040690463748537145,0.0,30,36,True,0.0
0.135,0.34,-0.12000000000000002,True,False,False,False,False,False,False,12,37,0,0,0.004430562257766724,0.0,1.4901161193847656e-08,0.0,12,0,False,0.0
0.135,0.36000000000000004,-0.12000000000000002,True,False,False,False,False,False,False,0,0,0,0,,0.0,1.4901161193847656e-08,0.0,0,0,False,0.0
0.135,0.38000000000000006,-0.12000000000000002,True,False,False,False,False,False,False,0,0,0,0,,0.0,1.4901161193847656e-08,0.0,0,0,False,0.0
0.135,0.4000000000000001,-0.12000000000000002,True,False,False,False,False,False,False,0,0,0,0,,0.0,1.4901161193847656e-08,0.0,0,0,False,0.0
0.135,0.42,-0.12000000000000002,True,False,False,False,False,False,False,0,0,0,0,,0.0,1.4901161193847656e-08,0.0,0,0,False,0.0
0.135,-0.42,-0.10000000000000003,True,False,False,False,False,False,False,0,0,0,0,,0.0,1.5017576543430167e-08,0.0,0,0,False,0.0
0.135,-0.39999999999999997,-0.10000000000000003,True,False,False,False,False,False,False,0,0,0,0,,0.0,1.5017576543430167e-08,0.0,0,0,False,0.0
0.135,-0.38,-0.10000000000000003,True,False,False,False,False,False,False,0,0,0,0,,0.0,1.5017576543430167e-08,0.0,0,0,False,0.0
0.135,-0.36,-0.10000000000000003,True,False,False,False,False,False,False,0,0,0,0,,0.0,1.5017576543430167e-08,0.0,0,0,False,0.0
0.135,-0.33999999999999997,-0.10000000000000003,True,False,False,False,False,False,False,16,55,0,0,0.006583452224731445,0.0,1.5017576543430167e-08,0.0,16,0,False,0.0
0.135,-0.31999999999999995,-0.10000000000000003,True,False,True,True,True,True,False,55,188,70,37,-0.013416588306427002,5475.551691521169,0.009850449660088125,0.0,55,70,True,0.0
0.135,-0.3,-0.10000000000000003,True,False,True,True,True,True,False,76,259,111,78,-0.020959846675395966,4390.7724609375355,0.009815288154896656,0.0,76,111,True,0.0
0.135,-0.27999999999999997,-0.10000000000000003,True,False,True,True,True,True,False,69,232,96,77,-0.020959846675395966,5913.69824218772,0.03344619900495404,0.0,69,93,True,0.0
0.135,-0.26,-0.10000000000000003,True,False,True,True,True,True,False,68,220,92,66,-0.02095986157655716,6075.202148437669,0.023212240587683623,0.0,68,92,True,0.0
0.135,-0.24,-0.10000000000000003,False,True,True,True,True,False,False,73,263,144,99,-0.02095986157655716,5674.438476562658,0.014201562755965071,0.0,73,144,True,0.0
0.135,-0.21999999999999997,-0.10000000000000003,False,True,True,True,True,False,False,79,285,148,113,-0.02095986157655716,6737.532714843937,0.005434370705722314,0.0,79,148,True,0.0
0.135,-0.19999999999999998,-0.10000000000000003,False,True,True,True,True,False,False,85,287,133,89,-0.02095986157655716,6882.0561523440065,0.008238334327368894,0.0,85,133,True,0.0
0.135,-0.18,-0.10000000000000003,False,True,True,True,True,False,False,117,398,112,88,-0.02095986157655716,4743.755859375034,0.012634087759431133,0.0,117,112,True,0.0
0.135,-0.15999999999999998,-0.10000000000000003,False,True,True,True,True,False,False,120,430,209,140,-0.02095986157655716,7626.026367187785,0.010475992870545299,0.0,120,209,True,0.0
0.135,-0.13999999999999996,-0.10000000000000003,False,True,True,True,True,False,False,125,416,146,114,-0.020959876477718353,5031.229980468822,0.00978139431282994,0.0,125,146,True,0.0
0.135,-0.12,-0.10000000000000003,False,True,True,True,True,False,False,139,437,144,108,-0.020959876477718353,7606.672851562784,0.0066992117072182285,0.0,139,144,True,0.0
0.135,-0.09999999999999998,-0.10000000000000003,False,True,True,True,True,False,False,155,543,225,162,-0.020959876477718353,7971.956054687797,0.0053790358440033706,0.0,155,225,True,0.0
0.135,-0.07999999999999996,-0.10000000000000003,False,True,True,True,True,False,False,147,530,236,191,-0.020959876477718353,7895.812500000295,0.00932112990300579,0.0,147,236,True,0.0
0.135,-0.06,-0.10000000000000003,False,True,True,True,True,False,False,126,450,201,163,-0.020959876477718353,8954.267578125333,0.010453589722913659,0.0,126,201,True,0.0
0.135,-0.03999999999999998,-0.10000000000000003,False,True,True,True,True,False,False,151,541,163,136,-0.020959876477718353,5216.336914062575,0.008311680099164118,0.0,151,163,True,0.0
0.135,-0.019999999999999962,-0.10000000000000003,False,True,True,True,True,False,False,146,525,284,242,-0.020959891378879547,6923.912109375098,0.004036799827423734,0.0,146,284,True,0.0
0.135,0.0,-0.10000000000000003,False,True,True,True,True,False,False,147,514,210,157,-0.020959891378879547,6319.147949218986,0.011731261944440892,0.0,147,210,True,0.0
0.135,0.020000000000000018,-0.10000000000000003,False,True,True,True,True,False,False,134,438,151,114,-0.020959891378879547,6250.386230468983,0.008408957532219272,0.0,134,151,True,0.0
0.135,0.040000000000000036,-0.10000000000000003,False,True,True,True,True,False,False,151,528,176,124,-0.020959891378879547,7231.710449219019,0.009509127953822215,0.0,151,176,True,0.0
0.135,0.06,-0.10000000000000003,False,True,True,True,True,False,False,143,523,289,232,-0.020959891378879547,5698.594238281331,0.010968499681468747,0.0,143,289,True,0.0
0.135,0.08000000000000002,-0.10000000000000003,False,True,True,True,True,False,False,144,519,204,172,-0.020959891378879547,6829.265136718847,0.013948171905782231,0.0,144,204,True,0.0
0.135,0.10000000000000003,-0.10000000000000003,False,True,True,True,True,False,False,132,456,189,158,-0.020959876477718353,10422.258789062887,0.01443749849395256,0.0,132,189,True,0.0
0.135,0.12000000000000005,-0.10000000000000003,False,True,True,True,True,False,False,115,405,166,140,-0.020959876477718353,5176.685546875193,0.011264179592268045,0.0,115,166,True,0.0
0.135,0.14000000000000007,-0.10000000000000003,False,True,True,True,True,False,False,94,343,130,100,-0.020959876477718353,6523.591308593993,0.00679526618285868,0.0,94,130,True,0.0
0.135,0.15999999999999998,-0.10000000000000003,False,True,True,True,True,False,False,79,266,107,91,-0.020959876477718353,6324.733886718986,0.007776406097687317,0.0,79,107,True,0.0
0.135,0.18,-0.10000000000000003,False,True,True,True,True,False,False,106,363,88,71,-0.020959876477718353,5360.4472656252,0.005231258663901499,0.0,106,88,True,0.0
0.135,0.2,-0.10000000000000003,False,True,True,True,True,False,False,90,319,167,159,-0.020959891378879547,7964.694824219047,0.004978536331238077,0.0,90,167,True,0.0
0.135,0.22000000000000003,-0.10000000000000003,False,True,True,True,True,False,False,74,270,120,88,-0.020959891378879547,9336.977539062847,0.009275962457288414,0.0,74,120,True,0.0
0.135,0.24000000000000005,-0.10000000000000003,False,True,True,True,True,False,False,53,186,80,71,-0.020959891378879547,8971.491210937835,0.01886967536013445,0.0,53,80,True,0.0
0.135,0.26000000000000006,-0.10000000000000003,True,False,True,True,True,True,False,42,151,73,63,-0.020959891378879547,8090.708007812802,0.011407182239551825,0.0,42,73,True,0.0
0.135,0.2800000000000001,-0.10000000000000003,True,False,True,True,True,True,False,40,146,71,65,-0.020959891378879547,8838.09375000033,0.04830509434332992,0.0,40,71,True,0.0
0.135,0.3,-0.10000000000000003,True,False,True,True,True,True,False,43,142,63,59,-0.020959891378879547,5242.9892578126955,0.010834469747655062,0.0,43,63,True,0.0
0.135,0.32,-0.10000000000000003,True,False,True,True,True,True,False,33,119,44,40,-0.015396416187286377,5195.370117187542,0.02973531058376184,0.0,33,44,True,0.0
0.135,0.34,-0.10000000000000003,True,False,False,False,False,False,False,12,42,0,0,0.004430562257766724,0.0,1.5017576543430167e-08,0.0,12,0,False,0.0
0.135,0.36000000000000004,-0.10000000000000003,True,False,False,False,False,False,False,0,0,0,0,,0.0,1.5017576543430167e-08,0.0,0,0,False,0.0
0.135,0.38000000000000006,-0.10000000000000003,True,False,False,False,False,False,False,0,0,0,0,,0.0,1.5017576543430167e-08,0.0,0,0,False,0.0
0.135,0.4000000000000001,-0.10000000000000003,True,False,False,False,False,False,False,0,0,0,0,,0.0,1.5017576543430167e-08,0.0,0,0,False,0.0
0.135,0.42,-0.10000000000000003,True,False,False,False,False,False,False,0,0,0,0,,0.0,1.5017576543430167e-08,0.0,0,0,False,0.0
0.135,-0.42,-0.08000000000000002,True,False,False,False,False,False,False,0,0,0,0,,0.0,1.4901161193847656e-08,0.0,0,0,False,0.0
0.135,-0.39999999999999997,-0.08000000000000002,True,False,False,False,False,False,False,0,0,0,0,,0.0,1.4901161193847656e-08,0.0,0,0,False,0.0
0.135,-0.38,-0.08000000000000002,True,False,False,False,False,False,False,0,0,0,0,,0.0,1.4901161193847656e-08,0.0,0,0,False,0.0
0.135,-0.36,-0.08000000000000002,True,False,False,False,False,False,False,0,0,0,0,,0.0,1.4901161193847656e-08,0.0,0,0,False,0.0
0.135,-0.33999999999999997,-0.08000000000000002,True,False,False,False,False,False,False,15,57,0,0,0.0065818727016448975,0.0,1.4901161193847656e-08,0.0,15,0,False,0.0
0.135,-0.31999999999999995,-0.08000000000000002,True,False,True,True,True,True,False,45,151,62,36,-0.013416588306427002,6699.7292445473395,0.014443354668234584,0.0,45,62,True,0.0
0.135,-0.3,-0.08000000000000002,True,False,True,True,True,True,False,64,211,81,63,-0.020959846675395966,7971.492675781547,0.025813782548602258,0.0,64,81,True,0.0
0.135,-0.27999999999999997,-0.08000000000000002,True,False,True,True,True,True,False,56,187,69,65,-0.020959846675395966,8777.305664062827,0.04335114427716311,0.0,56,69,True,0.0
0.135,-0.26,-0.08000000000000002,True,False,True,True,True,True,False,56,182,62,55,-0.02095986157655716,7482.897460937779,0.019463665579227855,0.0,56,62,True,0.0
0.135,-0.24,-0.08000000000000002,False,True,True,True,True,False,False,73,246,91,78,-0.02095986157655716,7543.886230468811,0.018796168928612682,0.0,73,91,True,0.0
0.135,-0.21999999999999997,-0.08000000000000002,False,True,True,True,True,False,False,79,271,117,101,-0.02095986157655716,7503.45703125006,0.013419383060925242,0.0,79,117,True,0.0
0.135,-0.19999999999999998,-0.08000000000000002,False,True,True,True,True,False,False,85,261,102,76,-0.02095986157655716,8243.659179687807,0.016686554484052638,0.0,85,102,True,0.0
0.135,-0.18,-0.08000000000000002,False,True,True,True,True,False,False,109,358,92,82,-0.02095986157655716,5713.209960937659,0.01704301153857184,0.0,109,92,True,0.0
0.135,-0.15999999999999998,-0.08000000000000002,False,True,True,True,True,False,False,110,370,133,104,-0.02095986157655716,8530.214843750318,0.00813584773560137,0.0,110,137,True,0.0
0.135,-0.13999999999999996,-0.08000000000000002,False,True,True,True,True,False,False,105,331,96,90,-0.02095986157655716,7622.579589844034,0.007225054758284676,0.0,105,96,True,0.0
0.135,-0.12,-0.08000000000000002,False,True,True,True,True,False,False,120,357,101,91,-0.020959876477718353,7527.117187500281,0.015058654055009182,0.0,120,101,True,0.0
0.135,-0.09999999999999998,-0.08000000000000002,False,True,True,True,True,False,False,141,465,152,128,-0.020959876477718353,9692.415620640117,0.013289659447839205,0.0,141,152,True,0.0
0.135,-0.07999999999999996,-0.08000000000000002,False,True,True,True,True,False,False,135,458,169,144,-0.020959876477718353,9381.81347656285,0.016592787466337043,0.0,135,169,True,0.0
0.135,-0.06,-0.08000000000000002,False,True,True,True,True,False,False,117,394,150,132,-0.020959876477718353,9430.790039062851,0.011090714774507337,0.0,117,150,True,0.0
0.135,-0.03999999999999998,-0.08000000000000002,False,True,True,True,True,False,False,129,432,134,121,-0.020959876477718353,6865.8281250002565,0.010769725853378112,0.0,129,134,True,0.0
0.135,-0.019999999999999962,-0.08000000000000002,False,True,True,True,True,False,False,131,453,194,180,-0.020959876477718353,8675.040039062824,0.009620311514888921,0.0,131,194,True,0.0
0.135,0.0,-0.08000000000000002,False,True,True,True,True,False,False,128,428,156,123,-0.020959891378879547,8189.023437500306,0.014469531223384461,0.0,128,156,True,0.0
0.135,0.020000000000000018,-0.08000000000000002,False,True,True,True,True,False,False,113,348,105,94,-0.020959891378879547,7093.861328125265,0.010216939546131306,0.0,113,105,True,0.0
0.135,0.040000000000000036,-0.08000000000000002,False,True,True,True,True,False,False,138,445,122,100,-0.020959891378879547,4902.403808593933,0.014551480331418806,0.0,138,122,True,0.0
0.135,0.06,-0.08000000000000002,False,True,True,True,True,False,False,134,470,202,169,-0.020959891378879547,8716.926757812826,0.0060164809478582505,0.0,134,206,True,0.0
0.135,0.08000000000000002,-0.08000000000000002,False,True,True,True,True,False,False,130,449,157,142,-0.020959891378879547,6661.113281250248,0.010066298572693057,0.0,130,157,True,0.0
0.135,0.10000000000000003,-0.08000000000000002,False,True,True,True,True,False,False,122,393,156,138,-0.020959876477718353,9964.657226562871,0.014533887611691424,0.0,122,156,True,0.0
0.135,0.12000000000000005,-0.08000000000000002,False,True,True,True,True,False,False,99,337,115,102,-0.020959876477718353,6788.006835937753,0.01300188957426599,0.0,99,115,True,0.0
0.135,0.14000000000000007,-0.08000000000000002,False,True,True,True,True,False,False,82,276,90,76,-0.020959876477718353,8075.880371094051,0.003888302573221772,0.0,82,90,True,0.0
0.135,0.15999999999999998,-0.08000000000000002,False,True,True,True,True,False,False,70,218,78,70,-0.020959876477718353,5729.584472656464,0.00511765840175687,0.0,70,78,True,0.0
0.135,0.18,-0.08000000000000002,False,True,True,True,True,False,False,100,310,75,67,-0.020959876477718353,6752.380859375054,0.006820796718671411,0.0,100,75,True,0.0
0.135,0.2,-0.08000000000000002,False,True,True,True,True,False,False,92,305,135,123,-0.020959891378879547,7845.454101562793,0.008450849990698001,0.0,92,135,True,0.0
0.135,0.22000000000000003,-0.08000000000000002,False,True,True,True,True,False,False,74,245,98,71,-0.020959891378879547,6068.001464843976,0.018687106371334767,0.0,74,98,True,0.0
0.135,0.24000000000000005,-0.08000000000000002,False,True,True,True,True,False,False,52,174,69,60,-0.020959891378879547,9843.557617187867,0.03256185007479326,0.0,52,69,True,0.0
0.135,0.26000000000000006,-0.08000000000000002,True,False,True,True,True,True,False,38,133,63,52,-0.020959891378879547,8941.838867187833,0.01116677879457829,0.0,38,63,True,0.0
0.135,0.2800000000000001,-0.08000000000000002,True,False,True,True,True,True,False,36,125,61,53,-0.020959891378879547,9824.947265625366,0.013339940536505944,0.0,36,61,True,0.0
0.135,0.3,-0.08000000000000002,True,False,True,True,True,True,False,37,127,59,51,-0.020959891378879547,5569.328613281457,0.016872674451294967,0.0,37,59,True,0.0
0.135,0.32,-0.08000000000000002,True,False,True,True,True,True,False,28,101,43,39,-0.015396416187286377,7393.607910156309,0.032127442112469415,0.0,28,43,True,0.0
0.135,0.34,-0.08000000000000002,True,False,False,False,False,False,False,11,43,0,0,0.004430562257766724,0.0,1.4901161193847656e-08,0.0,11,0,False,0.0
0.135,0.36000000000000004,-0.08000000000000002,True,False,False,False,False,False,False,0,0,0,0,,0.0,1.4901161193847656e-08,0.0,0,0,False,0.0
0.135,0.38000000000000006,-0.08000000000000002,True,False,False,False,False,False,False,0,0,0,0,,0.0,1.4901161193847656e-08,0.0,0,0,False,0.0
0.135,0.4000000000000001,-0.08000000000000002,True,False,False,False,False,False,False,0,0,0,0,,0.0,1.4901161193847656e-08,0.0,0,0,False,0.0
0.135,0.42,-0.08000000000000002,True,False,False,False,False,False,False,0,0,0,0,,0.0,1.4901161193847656e-08,0.0,0,0,False,0.0
0.135,-0.42,-0.06,True,False,False,False,False,False,False,0,0,0,0,,0.0,1.4901161193847656e-08,0.0,0,0,False,0.0
0.135,-0.39999999999999997,-0.06,True,False,False,False,False,False,False,0,0,0,0,,0.0,1.4901161193847656e-08,0.0,0,0,False,0.0
0.135,-0.38,-0.06,True,False,False,False,False,False,False,0,0,0,0,,0.0,1.4901161193847656e-08,0.0,0,0,False,0.0
0.135,-0.36,-0.06,True,False,False,False,False,False,False,0,0,0,0,,0.0,1.4901161193847656e-08,0.0,0,0,False,0.0
0.135,-0.33999999999999997,-0.06,True,False,False,False,False,False,False,25,67,0,0,0.00657905638217926,0.0,1.4901161193847656e-08,0.0,25,0,False,0.0
0.135,-0.31999999999999995,-0.06,True,False,True,True,True,True,False,52,183,63,37,-0.013416588306427002,5755.571167853237,0.024883684282847096,0.0,52,63,True,0.0
0.135,-0.3,-0.06,True,False,True,True,True,True,False,69,230,81,63,-0.02095983177423477,8495.083984375317,0.009005898026907447,0.0,69,81,True,0.0
0.135,-0.27999999999999997,-0.06,True,False,True,True,True,True,False,59,204,69,65,-0.02095983177423477,7201.2744140627,0.042780928095408594,0.0,59,69,True,0.0
0.135,-0.26,-0.06,True,False,True,True,True,True,False,62,211,62,55,-0.02095983177423477,6042.375000000168,0.0201502759040071,0.0,62,62,True,0.0
0.135,-0.24,-0.06,False,True,True,True,True,False,False,72,241,95,79,-0.02095983177423477,8009.476074218814,0.017391741450144816,0.0,72,95,True,0.0
0.135,-0.21999999999999997,-0.06,False,True,True,True,True,False,False,82,278,115,103,-0.020959846675395966,7761.781738281539,0.005322710251532301,0.0,82,115,True,0.0
0.135,-0.19999999999999998,-0.06,False,True,True,True,True,False,False,95,296,111,85,-0.0235099196434021,6544.797851562744,0.014619959556827579,0.0,95,111,True,0.0
0.135,-0.18,-0.06,False,True,True,True,True,False,False,112,362,82,70,-0.03046150505542755,5812.5356445314665,0.012958599785059387,0.0,112,82,True,0.0
0.135,-0.15999999999999998,-0.06,False,True,True,True,True,False,False,106,350,130,101,-0.03046150505542755,6565.621582031495,0.014432820836990514,0.0,106,130,True,0.0
0.135,-0.13999999999999996,-0.06,False,True,True,True,True,False,False,107,332,93,87,-0.03046150505542755,6528.196289062593,0.009815853637347782,0.0,107,93,True,0.0
0.135,-0.12,-0.06,False,True,True,True,True,False,False,135,395,96,86,-0.03046150505542755,9059.151367187838,0.008278840958080404,0.0,135,96,True,0.0
0.135,-0.09999999999999998,-0.06,False,True,True,True,True,False,False,141,479,150,126,-0.022239409387111664,10184.816391057562,0.008952135939998657,0.0,141,150,True,0.0
0.135,-0.07999999999999996,-0.06,False,True,True,True,True,False,False,136,466,154,139,-0.02095986157655716,8275.96484375031,0.018743833539840302,0.0,136,154,True,0.0
0.135,-0.06,-0.06,False,True,True,True,True,False,False,122,406,144,132,-0.02095986157655716,8446.949218750315,0.007749576588836954,0.0,122,144,True,0.0
0.135,-0.03999999999999998,-0.06,False,True,True,True,True,False,False,135,464,117,108,-0.030461415648460388,8565.16015625032,0.0174560144384465,0.0,135,117,True,0.0
0.135,-0.019999999999999962,-0.06,False,True,True,True,True,False,False,127,435,187,177,-0.030461415648460388,5902.0463157670165,0.0042718690577100305,0.0,127,187,True,0.0
0.135,0.0,-0.06,False,True,True,True,True,False,False,126,425,149,119,-0.030461415648460388,7700.5004882815365,0.005911981616318508,0.0,126,149,True,0.0
0.135,0.020000000000000018,-0.06,False,True,True,True,True,False,False,119,381,100,90,-0.030461415648460388,7133.792968750266,0.011247386524549183,0.0,119,100,True,0.0
0.135,0.040000000000000036,-0.06,False,True,True,True,True,False,False,133,445,117,97,-0.027543935924768448,7614.111816406534,0.006086397814306036,0.0,133,117,True,0.0
0.135,0.06,-0.06,False,True,True,True,True,False,False,129,451,190,165,-0.020959876477718353,7879.292968750294,0.011921308973001957,0.0,129,190,True,0.0
0.135,0.08000000000000002,-0.06,False,True,True,True,True,False,False,134,464,147,139,-0.020959876477718353,6615.7001953127465,0.011801643466293898,0.0,134,147,True,0.0
0.135,0.10000000000000003,-0.06,False,True,True,True,True,False,False,129,429,142,130,-0.030461415648460388,9335.591796875347,0.010535981522536453,0.0,129,142,True,0.0
0.135,0.12000000000000005,-0.06,False,True,True,True,True,False,False,115,375,108,99,-0.030461415648460388,6166.627929687587,0.009147152860422196,0.0,115,108,True,0.0
0.135,0.14000000000000007,-0.06,False,True,True,True,True,False,False,90,296,83,73,-0.030461415648460388,7256.49853515652,0.007042156577870972,0.0,90,83,True,0.0
0.135,0.15999999999999998,-0.06,False,True,True,True,True,False,False,84,261,71,67,-0.030461415648460388,7883.303710937794,0.00989292440605799,0.0,84,71,True,0.0
0.135,0.18,-0.06,False,True,True,True,True,False,False,108,350,70,62,-0.030461236834526062,7243.948242187558,0.01079644110831845,0.0,108,70,True,0.0
0.135,0.2,-0.06,False,True,True,True,True,False,False,104,338,135,131,-0.020959876477718353,6599.991082589468,0.010487470735466959,0.0,104,135,True,0.0
0.135,0.22000000000000003,-0.06,False,True,True,True,True,False,False,89,305,98,71,-0.020959876477718353,5798.591308593966,0.010168757917518626,0.0,89,98,True,0.0
0.135,0.24000000000000005,-0.06,False,True,True,True,True,False,False,69,228,79,71,-0.020959876477718353,8488.841796875317,0.01615594481514736,0.0,69,79,True,0.0
0.135,0.26000000000000006,-0.06,True,False,True,True,True,True,False,60,208,59,52,-0.020959876477718353,6628.127441406497,0.02691692812520717,0.0,60,59,True,0.0
0.135,0.2800000000000001,-0.06,True,False,True,True,True,True,False,49,171,57,53,-0.020959876477718353,9576.491639901242,0.048182112071413534,0.0,49,57,True,0.0
0.135,0.3,-0.06,True,False,True,True,True,True,False,60,201,55,51,-0.020959891378879547,4155.6123046876555,0.022295253083421146,0.0,60,55,True,0.0
0.135,0.32,-0.06,True,False,True,True,True,True,False,51,158,44,40,-0.015396416187286377,5128.054480883032,0.058612611976293603,0.0,51,44,True,0.0
0.135,0.34,-0.06,True,False,False,False,False,False,False,18,49,0,0,0.004427388310432434,0.0,1.4901161193847656e-08,0.0,18,0,False,0.0
0.135,0.36000000000000004,-0.06,True,False,False,False,False,False,False,0,0,0,0,,0.0,1.4901161193847656e-08,0.0,0,0,False,0.0
0.135,0.38000000000000006,-0.06,True,False,False,False,False,False,False,0,0,0,0,,0.0,1.4901161193847656e-08,0.0,0,0,False,0.0
0.135,0.4000000000000001,-0.06,True,False,False,False,False,False,False,0,0,0,0,,0.0,1.4901161193847656e-08,0.0,0,0,False,0.0
0.135,0.42,-0.06,True,False,False,False,False,False,False,0,0,0,0,,0.0,1.4901161193847656e-08,0.0,0,0,False,0.0
0.135,-0.42,-0.040000000000000036,True,False,False,False,False,False,False,0,0,0,0,,0.0,1.4901161193847656e-08,0.0,0,0,False,0.0
0.135,-0.39999999999999997,-0.040000000000000036,True,False,False,False,False,False,False,0,0,0,0,,0.0,1.4901161193847656e-08,0.0,0,0,False,0.0
0.135,-0.38,-0.040000000000000036,True,False,False,False,False,False,False,0,0,0,0,,0.0,1.4901161193847656e-08,0.0,0,0,False,0.0
0.135,-0.36,-0.040000000000000036,True,False,False,False,False,False,False,0,0,0,0,,0.0,1.4901161193847656e-08,0.0,0,0,False,0.0
0.135,-0.33999999999999997,-0.040000000000000036,True,False,False,False,False,False,False,26,80,0,0,0.006578236818313599,0.0,1.4901161193847656e-08,0.0,26,0,False,0.0
0.135,-0.31999999999999995,-0.040000000000000036,True,False,True,True,True,True,False,58,212,87,53,-0.013416588306427002,4185.228122576453,0.01542600171561415,0.0,58,87,True,0.0
0.135,-0.3,-0.040000000000000036,True,False,True,True,True,True,False,74,258,126,81,-0.02095983177423477,5950.765001510712,0.035868477634901544,0.0,74,126,True,0.0
0.135,-0.27999999999999997,-0.040000000000000036,True,False,True,True,True,True,False,67,237,109,91,-0.02095983177423477,4172.201171875116,0.04184962481780837,0.0,67,109,True,0.0
0.135,-0.26,-0.040000000000000036,True,False,True,True,True,True,False,66,230,104,80,-0.02095983177423477,5617.529081373407,0.019960669716443835,0.0,66,104,True,0.0
0.135,-0.24,-0.040000000000000036,False,True,True,True,True,False,False,74,271,140,113,-0.02095983177423477,7560.04541015646,0.02037757408170074,0.0,74,140,True,0.0
0.135,-0.21999999999999997,-0.040000000000000036,False,True,True,True,True,False,False,90,318,145,117,-0.02095983177423477,6313.875976562551,0.01337925112683645,0.0,90,145,True,0.0
0.135,-0.19999999999999998,-0.040000000000000036,False,True,True,True,True,False,False,98,325,143,102,-0.022278383374214172,8735.072265625062,0.013063355769729957,0.0,98,143,True,0.0
0.135,-0.18,-0.040000000000000036,False,True,True,True,True,False,False,111,391,133,106,-0.03970823436975479,6131.116699218978,0.01289678791836383,0.0,111,133,True,0.0
0.135,-0.15999999999999998,-0.040000000000000036,False,True,True,True,True,False,False,109,387,178,128,-0.03970823436975479,5852.367675781431,0.006983609493758008,0.0,109,178,True,0.0
0.135,-0.13999999999999996,-0.040000000000000036,False,True,True,True,True,False,False,128,415,141,114,-0.03970823436975479,6730.124023437751,0.009647539624946728,0.0,128,141,True,0.0
0.135,-0.12,-0.040000000000000036,False,True,True,True,True,False,False,141,458,179,140,-0.03970823436975479,5540.7612304689565,0.014595184827061809,0.0,141,179,True,0.0
0.135,-0.09999999999999998,-0.040000000000000036,False,True,True,True,True,False,False,146,522,223,175,-0.02102571725845337,8847.403320312571,0.0022948859070511694,0.0,146,223,True,0.0
0.135,-0.07999999999999996,-0.040000000000000036,False,True,True,True,True,False,False,138,501,220,179,-0.02095986157655716,6558.539062500245,0.013031735570859706,0.0,138,220,True,0.0
0.135,-0.06,-0.040000000000000036,False,True,True,True,True,False,False,121,442,210,175,-0.02095986157655716,6980.53417968776,0.007261722774793344,0.0,119,210,True,0.0
0.135,-0.03999999999999998,-0.040000000000000036,False,True,True,True,True,False,False,134,490,184,151,-0.036973848938941956,7253.392578125104,0.009976693198680268,0.0,134,184,True,0.0
0.135,-0.019999999999999962,-0.040000000000000036,False,True,True,True,True,False,False,129,474,254,220,-0.039708323776721954,7344.775878906524,0.007616015338435208,0.0,129,254,True,0.0
0.135,0.0,-0.040000000000000036,False,True,True,True,True,False,False,126,462,216,161,-0.039708323776721954,8213.631835937807,0.00411032220353759,0.0,126,216,True,0.0
0.135,0.020000000000000018,-0.040000000000000036,False,True,True,True,True,False,False,119,412,167,133,-0.039708323776721954,7824.825195312792,0.007138231959865638,0.0,119,167,True,0.0
0.135,0.040000000000000036,-0.040000000000000036,False,True,True,True,True,False,False,135,481,183,139,-0.026330243796110153,7877.413574219044,0.015330822240119899,0.0,135,183,True,0.0
0.135,0.06,-0.040000000000000036,False,True,True,True,True,False,False,129,481,256,207,-0.020959876477718353,6042.249023437725,0.01669400585489545,0.0,129,256,True,0.0
0.135,0.08000000000000002,-0.040000000000000036,False,True,True,True,True,False,False,135,501,213,181,-0.020959876477718353,8169.637695312805,0.015100747959942628,0.0,135,213,True,0.0
0.135,0.10000000000000003,-0.040000000000000036,False,True,True,True,True,False,False,133,470,217,181,-0.03166937083005905,8041.821777343814,0.015296525218339022,0.0,134,217,True,0.0
0.135,0.12000000000000005,-0.040000000000000036,False,True,True,True,True,False,False,121,439,191,150,-0.03970830887556076,6109.764160156478,0.005072183500088559,0.0,120,191,True,0.0
0.135,0.14000000000000007,-0.040000000000000036,False,True,True,True,True,False,False,108,375,142,113,-0.03970830887556076,6854.26295618568,0.004364472310622546,0.0,107,142,True,0.0
0.135,0.15999999999999998,-0.040000000000000036,False,True,True,True,True,False,False,87,302,130,108,-0.03970830887556076,7079.059351748559,0.009245706148408367,0.0,87,130,True,0.0
0.135,0.18,-0.040000000000000036,False,True,True,True,True,False,False,112,390,137,111,-0.031634747982025146,6442.225585937552,0.011904181254317572,0.0,111,137,True,0.0
0.135,0.2,-0.040000000000000036,False,True,True,True,True,False,False,105,363,190,161,-0.020959876477718353,6776.427734375253,0.011416698622069435,0.0,105,190,True,0.0
0.135,0.22000000000000003,-0.040000000000000036,False,True,True,True,True,False,False,93,338,149,108,-0.020959876477718353,4589.362792968786,0.012408128869739517,0.0,93,149,True,0.0
0.135,0.24000000000000005,-0.040000000000000036,False,True,True,True,True,False,False,75,261,128,111,-0.020959876477718353,8661.877929687822,0.017864518847444957,0.0,75,128,True,0.0
0.135,0.26000000000000006,-0.040000000000000036,True,False,True,True,True,True,False,60,218,115,94,-0.020959876477718353,7968.9902343752965,0.008655007305698955,0.0,60,115,True,0.0
0.135,0.2800000000000001,-0.040000000000000036,True,False,True,True,True,True,False,56,200,108,93,-0.020959876477718353,9139.87597656284,0.03608704436276586,0.0,56,108,True,0.0
0.135,0.3,-0.040000000000000036,True,False,True,True,True,True,False,61,208,104,89,-0.020959876477718353,6011.763671875225,0.015045483194718443,0.0,61,104,True,0.0
0.135,0.32,-0.040000000000000036,True,False,True,True,True,True,False,56,194,68,61,-0.015396416187286377,7619.659667968811,0.03550146007558615,0.0,56,68,True,0.0
0.135,0.34,-0.040000000000000036,True,False,False,False,False,False,False,22,64,0,0,0.004426747560501099,0.0,1.4901161193847656e-08,0.0,22,0,False,0.0
0.135,0.36000000000000004,-0.040000000000000036,True,False,False,False,False,False,False,0,0,0,0,,0.0,1.4901161193847656e-08,0.0,0,0,False,0.0
0.135,0.38000000000000006,-0.040000000000000036,True,False,False,False,False,False,False,0,0,0,0,,0.0,1.4901161193847656e-08,0.0,0,0,False,0.0
0.135,0.4000000000000001,-0.040000000000000036,True,False,False,False,False,False,False,0,0,0,0,,0.0,1.4901161193847656e-08,0.0,0,0,False,0.0
0.135,0.42,-0.040000000000000036,True,False,False,False,False,False,False,0,0,0,0,,0.0,1.4901161193847656e-08,0.0,0,0,False,0.0
0.135,-0.42,-0.020000000000000018,True,False,False,False,False,False,False,0,0,0,0,,0.0,1.4901161193847656e-08,0.0,0,0,False,0.0
0.135,-0.39999999999999997,-0.020000000000000018,True,False,False,False,False,False,False,0,0,0,0,,0.0,1.4901161193847656e-08,0.0,0,0,False,0.0
0.135,-0.38,-0.020000000000000018,True,False,False,False,False,False,False,0,0,0,0,,0.0,1.4901161193847656e-08,0.0,0,0,False,0.0
0.135,-0.36,-0.020000000000000018,True,False,False,False,False,False,False,0,0,0,0,,0.0,1.4901161193847656e-08,0.0,0,0,False,0.0
0.135,-0.33999999999999997,-0.020000000000000018,True,False,False,False,False,False,False,21,69,0,0,0.006578236818313599,0.0,1.4901161193847656e-08,0.0,21,0,False,0.0
0.135,-0.31999999999999995,-0.020000000000000018,True,False,True,True,True,True,False,51,170,71,45,-0.013416588306427002,6745.191112326872,0.030736137836022786,0.0,51,71,True,0.0
0.135,-0.3,-0.020000000000000018,True,False,True,True,True,True,False,64,224,96,70,-0.02095983177423477,7546.361328125281,0.01795381381008413,0.0,64,96,True,0.0
0.135,-0.27999999999999997,-0.020000000000000018,True,False,True,True,True,True,False,59,200,82,74,-0.02095983177423477,9109.92382812534,0.048767913408132024,0.0,59,82,True,0.0
0.135,-0.26,-0.020000000000000018,True,False,True,True,True,True,False,57,194,79,64,-0.02095983177423477,7748.232421875289,0.020095796741078677,0.0,57,79,True,0.0
0.135,-0.24,-0.020000000000000018,False,True,True,True,True,False,False,62,228,113,96,-0.02095983177423477,6687.473144531499,0.02038903158140019,0.0,62,113,True,0.0
0.135,-0.21999999999999997,-0.020000000000000018,False,True,True,True,True,False,False,74,261,118,101,-0.02095983177423477,5630.058593750156,0.018272118252947014,0.0,74,118,True,0.0
0.135,-0.19999999999999998,-0.020000000000000018,False,True,True,True,True,False,False,85,278,122,96,-0.02095983177423477,6530.575683593994,0.016668839348494415,0.0,85,122,True,0.0
0.135,-0.18,-0.020000000000000018,False,True,True,True,True,False,False,101,339,105,97,-0.020959846675395966,7042.432128906512,0.014417830677932788,0.0,101,105,True,0.0
0.135,-0.15999999999999998,-0.020000000000000018,False,True,True,True,True,False,False,99,345,138,111,-0.020959846675395966,8041.18115234405,0.01756734890353035,0.0,99,138,True,0.0
0.135,-0.13999999999999996,-0.020000000000000018,False,True,True,True,True,False,False,108,353,111,101,-0.020959846675395966,5993.339071730854,0.011673356048080187,0.0,108,111,True,0.0
0.135,-0.12,-0.020000000000000018,False,True,True,True,True,False,False,123,403,138,122,-0.020959846675395966,5870.417918469907,0.0055967772611646835,0.0,123,138,True,0.0
0.135,-0.09999999999999998,-0.020000000000000018,False,True,True,True,True,False,False,132,454,183,156,-0.020959846675395966,6476.230957031492,0.0045429662327884715,0.0,132,183,True,0.0
0.135,-0.07999999999999996,-0.020000000000000018,False,True,True,True,True,False,False,123,441,177,156,-0.020959846675395966,7797.316406250111,0.017515873409355554,0.0,123,177,True,0.0
0.135,-0.06,-0.020000000000000018,False,True,True,True,True,False,False,107,383,169,155,-0.02095986157655716,7905.597167969045,0.019100222121296175,0.0,107,169,True,0.0
0.135,-0.03999999999999998,-0.020000000000000018,False,True,True,True,True,False,False,119,424,147,132,-0.02095986157655716,7567.783203125282,0.009634417926967558,0.0,119,147,True,0.0
0.135,-0.019999999999999962,-0.020000000000000018,False,True,True,True,True,False,False,117,428,203,189,-0.02095986157655716,9138.32421875034,0.019276413285504064,0.0,117,203,True,0.0
0.135,0.0,-0.020000000000000018,False,True,True,True,True,False,False,116,412,173,142,-0.02095986157655716,7654.123046875286,0.005452489470640457,0.0,117,173,True,0.0
0.135,0.020000000000000018,-0.020000000000000018,False,True,True,True,True,False,False,106,360,132,118,-0.02095986157655716,5401.135346525024,0.0066168778913381935,0.0,106,132,True,0.0
0.135,0.040000000000000036,-0.020000000000000018,False,True,True,True,True,False,False,120,420,148,124,-0.02095986157655716,6381.350585937737,0.012579556957923375,0.0,120,148,True,0.0
0.135,0.06,-0.020000000000000018,False,True,True,True,True,False,False,119,432,205,180,-0.02095986157655716,5850.851074218834,0.011254109256149683,0.0,120,205,True,0.0
0.135,0.08000000000000002,-0.020000000000000018,False,True,True,True,True,False,False,120,438,172,160,-0.020959876477718353,6904.829589844007,0.013905754711107235,0.0,120,172,True,0.0
0.135,0.10000000000000003,-0.020000000000000018,False,True,True,True,True,False,False,116,406,176,160,-0.02095986157655716,7032.133843132002,0.008226670150765569,0.0,117,176,True,0.0
0.135,0.12000000000000005,-0.020000000000000018,False,True,True,True,True,False,False,105,386,152,133,-0.02095986157655716,7684.8061523440365,0.014689029662150556,0.0,106,152,True,0.0
0.135,0.14000000000000007,-0.020000000000000018,False,True,True,True,True,False,False,92,317,108,98,-0.02095986157655716,6564.225585937745,0.01901572799395832,0.0,92,108,True,0.0
0.135,0.15999999999999998,-0.020000000000000018,False,True,True,True,True,False,False,76,258,96,92,-0.02095986157655716,6058.731933593976,0.01063672119619775,0.0,76,96,True,0.0
0.135,0.18,-0.020000000000000018,False,True,True,True,True,False,False,92,321,107,99,-0.02095986157655716,6232.10058593755,0.010234749089231509,0.0,92,107,True,0.0
0.135,0.2,-0.020000000000000018,False,True,True,True,True,False,False,91,315,141,137,-0.02095986157655716,5952.768066406472,0.014352894246759845,0.0,91,141,True,0.0
0.135,0.22000000000000003,-0.020000000000000018,False,True,True,True,True,False,False,73,265,113,95,-0.020959876477718353,7831.535644531542,0.012650710937025928,0.0,73,113,True,0.0
0.135,0.24000000000000005,-0.020000000000000018,False,True,True,True,True,False,False,61,208,97,92,-0.020959876477718353,8538.791992187818,0.0033770290185265533,0.0,61,97,True,0.0
0.135,0.26000000000000006,-0.020000000000000018,True,False,True,True,True,True,False,51,174,84,74,-0.020959876477718353,7705.159179687787,0.020231520227727524,0.0,51,84,True,0.0
0.135,0.2800000000000001,-0.020000000000000018,True,False,True,True,True,True,False,50,168,77,73,-0.020959876477718353,9266.642578125346,0.038406380914344194,0.0,50,77,True,0.0
0.135,0.3,-0.020000000000000018,True,False,True,True,True,True,False,53,177,78,70,-0.020959876477718353,5734.914062500214,0.016669143960676057,0.0,53,78,True,0.0
0.135,0.32,-0.020000000000000018,True,False,True,True,True,True,False,42,148,56,52,-0.015421509742736816,5565.549316406295,0.04151122935661788,0.0,42,56,True,0.0
0.135,0.34,-0.020000000000000018,True,False,False,False,False,False,False,18,61,0,0,0.004426747560501099,0.0,1.4901161193847656e-08,0.0,18,0,False,0.0
0.135,0.36000000000000004,-0.020000000000000018,True,False,False,False,False,False,False,0,0,0,0,,0.0,1.4901161193847656e-08,0.0,0,0,False,0.0
0.135,0.38000000000000006,-0.020000000000000018,True,False,False,False,False,False,False,0,0,0,0,,0.0,1.4901161193847656e-08,0.0,0,0,False,0.0
0.135,0.4000000000000001,-0.020000000000000018,True,False,False,False,False,False,False,0,0,0,0,,0.0,1.4901161193847656e-08,0.0,0,0,False,0.0
0.135,0.42,-0.020000000000000018,True,False,False,False,False,False,False,0,0,0,0,,0.0,1.4901161193847656e-08,0.0,0,0,False,0.0
0.135,-0.42,0.0,True,False,False,False,False,False,False,0,0,0,0,,0.0,1.4901161193847656e-08,0.0,0,0,False,0.0
0.135,-0.39999999999999997,0.0,True,False,False,False,False,False,False,0,0,0,0,,0.0,1.4901161193847656e-08,0.0,0,0,False,0.0
0.135,-0.38,0.0,True,False,False,False,False,False,False,0,0,0,0,,0.0,1.4901161193847656e-08,0.0,0,0,False,0.0
0.135,-0.36,0.0,True,False,False,False,False,False,False,0,0,0,0,,0.0,1.4901161193847656e-08,0.0,0,0,False,0.0
0.135,-0.33999999999999997,0.0,True,False,False,False,False,False,False,19,67,0,0,0.006578236818313599,0.0,1.4901161193847656e-08,0.0,19,0,False,0.0
0.135,-0.31999999999999995,0.0,True,False,True,True,True,True,False,44,157,71,45,-0.013416588306427002,7126.99852568847,0.03775022680272059,0.0,44,71,True,0.0
0.135,-0.3,0.0,True,False,True,True,True,True,False,57,199,96,70,-0.020959816873073578,3944.7307128907346,0.018840591899485247,0.0,57,96,True,0.0
0.135,-0.27999999999999997,0.0,True,False,True,True,True,True,False,54,183,82,74,-0.02095983177423477,5911.247070312721,0.03719958798812111,0.0,54,82,True,0.0
0.135,-0.26,0.0,True,False,True,True,True,True,False,52,177,79,64,-0.02095983177423477,7547.153808594031,0.024867658985454972,0.0,52,79,True,0.0
0.135,-0.24,0.0,False,True,True,True,True,False,False,60,220,113,96,-0.02095983177423477,7189.210449218807,0.015770326474756076,0.0,60,113,True,0.0
0.135,-0.21999999999999997,0.0,False,True,True,True,True,False,False,72,251,119,101,-0.02095983177423477,9971.760742187873,0.010628348025204013,0.0,72,119,True,0.0
0.135,-0.19999999999999998,0.0,False,True,True,True,True,False,False,80,270,123,92,-0.02095983177423477,6377.350097656487,0.020468161879878453,0.0,80,123,True,0.0
0.135,-0.18,0.0,False,True,True,True,True,False,False,95,323,114,101,-0.02095983177423477,5627.245605468795,0.010107830506693668,0.0,95,114,True,0.0
0.135,-0.15999999999999998,0.0,False,True,True,True,True,False,False,94,332,147,115,-0.020959846675395966,6147.877929687671,0.010510218558154087,0.0,94,147,True,0.0
0.135,-0.13999999999999996,0.0,False,True,True,True,True,False,False,103,342,120,105,-0.020959846675395966,7335.323242187773,0.007786165897594655,0.0,103,120,True,0.0
0.135,-0.12,0.0,False,True,True,True,True,False,False,116,382,147,126,-0.020959846675395966,6431.75146484399,0.008018702134244722,0.0,116,147,True,0.0
0.135,-0.09999999999999998,0.0,False,True,True,True,True,False,False,122,435,190,160,-0.020959846675395966,9996.33382627969,0.0051956005678052645,0.0,122,190,True,0.0
0.135,-0.07999999999999996,0.0,False,True,True,True,True,False,False,117,415,175,156,-0.020959846675395966,5284.734375000197,0.009622232365789905,0.0,117,175,True,0.0
0.135,-0.06,0.0,False,True,True,True,True,False,False,104,377,168,147,-0.020959846675395966,6462.948242187741,0.008099915242139885,0.0,104,168,True,0.0
0.135,-0.03999999999999998,0.0,False,True,True,True,True,False,False,112,409,150,133,-0.02095986157655716,8883.833984375331,0.009273049670976608,0.0,112,150,True,0.0
0.135,-0.019999999999999962,0.0,False,True,True,True,True,False,False,108,393,212,193,-0.02095986157655716,5935.986328125222,0.005883941735340706,0.0,108,212,True,0.0
0.135,0.0,0.0,False,True,True,True,True,False,False,108,390,182,146,-0.02095986157655716,7278.987792969021,0.012019865248953794,0.0,108,182,True,0.0
0.135,0.020000000000000018,0.0,False,True,True,True,True,False,False,102,346,141,122,-0.02095986157655716,6531.832519531494,0.004784165000916159,0.0,102,141,True,0.0
0.135,0.040000000000000036,0.0,False,True,True,True,True,False,False,114,408,156,128,-0.02095986157655716,6722.5981445315,0.008294739407296529,0.0,114,156,True,0.0
0.135,0.06,0.0,False,True,True,True,True,False,False,111,402,209,180,-0.02095986157655716,6164.690429687729,0.005496229466800681,0.0,111,209,True,0.0
0.135,0.08000000000000002,0.0,False,True,True,True,True,False,False,116,428,171,154,-0.02095986157655716,6115.733886718837,0.0071411712998734524,0.0,116,171,True,0.0
0.135,0.10000000000000003,0.0,False,True,True,True,True,False,False,111,384,179,158,-0.020959846675395966,9574.54880668201,0.010331609214984942,0.0,111,179,True,0.0
0.135,0.12000000000000005,0.0,False,True,True,True,True,False,False,100,359,161,137,-0.02095986157655716,7120.925781250266,0.009938198218758246,0.0,100,161,True,0.0
0.135,0.14000000000000007,0.0,False,True,True,True,True,False,False,88,308,117,102,-0.02095986157655716,6001.062011718974,0.01339850392756532,0.0,88,117,True,0.0
0.135,0.15999999999999998,0.0,False,True,True,True,True,False,False,74,251,105,96,-0.02095986157655716,5450.661132812704,0.00821053626965621,0.0,74,105,True,0.0
0.135,0.18,0.0,False,True,True,True,True,False,False,90,311,116,103,-0.02095986157655716,8020.317871094049,0.015709258648254114,0.0,90,116,True,0.0
0.135,0.2,0.0,False,True,True,True,True,False,False,87,294,145,137,-0.02095986157655716,5904.69238281272,0.017133214651230407,0.0,87,145,True,0.0
0.135,0.22000000000000003,0.0,False,True,True,True,True,False,False,69,249,113,95,-0.02095986157655716,6431.44726562524,0.014319998747467963,0.0,69,113,True,0.0
0.135,0.24000000000000005,0.0,False,True,True,True,True,False,False,54,189,97,92,-0.020959876477718353,7707.988769531311,0.029263067059401335,0.0,54,97,True,0.0
0.135,0.26000000000000006,0.0,True,False,True,True,True,True,False,45,159,84,74,-0.020959876477718353,8029.361816406549,0.012334099481125425,0.0,45,84,True,0.0
0.135,0.2800000000000001,0.0,True,False,True,True,True,True,False,42,145,77,73,-0.020959876477718353,8576.59179687532,0.049046477798436926,0.0,42,77,True,0.0
0.135,0.3,0.0,True,False,True,True,True,True,False,44,153,78,70,-0.020959876477718353,6415.786132812739,0.03249009637288715,0.0,44,78,True,0.0
0.135,0.32,0.0,True,False,True,True,True,True,False,37,137,56,52,-0.015421509742736816,6560.492675781302,0.008771702996475495,0.0,37,56,True,0.0
0.135,0.34,0.0,True,False,False,False,False,False,False,16,55,0,0,0.004426747560501099,0.0,1.4901161193847656e-08,0.0,15,0,False,0.0
0.135,0.36000000000000004,0.0,True,False,False,False,False,False,False,0,0,0,0,,0.0,1.4901161193847656e-08,0.0,0,0,False,0.0
0.135,0.38000000000000006,0.0,True,False,False,False,False,False,False,0,0,0,0,,0.0,1.4901161193847656e-08,0.0,0,0,False,0.0
0.135,0.4000000000000001,0.0,True,False,False,False,False,False,False,0,0,0,0,,0.0,1.4901161193847656e-08,0.0,0,0,False,0.0
0.135,0.42,0.0,True,False,False,False,False,False,False,0,0,0,0,,0.0,1.4901161193847656e-08,0.0,0,0,False,0.0
0.135,-0.42,0.019999999999999962,True,False,False,False,False,False,False,0,0,0,0,,0.0,1.4901161193847656e-08,0.0,0,0,False,0.0
0.135,-0.39999999999999997,0.019999999999999962,True,False,False,False,False,False,False,0,0,0,0,,0.0,1.4901161193847656e-08,0.0,0,0,False,0.0
0.135,-0.38,0.019999999999999962,True,False,False,False,False,False,False,0,0,0,0,,0.0,1.4901161193847656e-08,0.0,0,0,False,0.0
0.135,-0.36,0.019999999999999962,True,False,False,False,False,False,False,0,0,0,0,,0.0,1.4901161193847656e-08,0.0,0,0,False,0.0
0.135,-0.33999999999999997,0.019999999999999962,True,False,False,False,False,False,False,17,59,0,0,0.006578236818313599,0.0,1.4901161193847656e-08,0.0,17,0,False,0.0
0.135,-0.31999999999999995,0.019999999999999962,True,False,True,True,True,True,False,43,147,67,45,-0.013416588306427002,4764.527125546859,0.05148879778285608,0.0,43,67,True,0.0
0.135,-0.3,0.019999999999999962,True,False,True,True,True,True,False,63,212,89,59,-0.020959816873073578,7204.549316406518,0.049851855719393885,0.0,63,89,True,0.0
0.135,-0.27999999999999997,0.019999999999999962,True,False,True,True,True,True,False,60,209,79,67,-0.020959816873073578,7026.9287109376955,0.04866383946974218,0.0,60,79,True,0.0
0.135,-0.26,0.019999999999999962,True,False,True,True,True,True,False,60,213,76,57,-0.02095983177423477,4844.533010194026,0.025070180272647895,0.0,60,76,True,0.0
0.135,-0.24,0.019999999999999962,False,True,True,True,True,False,False,68,237,116,95,-0.02095983177423477,7627.325195312785,0.026052529051751885,0.0,68,116,True,0.0
0.135,-0.21999999999999997,0.019999999999999962,False,True,True,True,True,False,False,75,256,113,99,-0.02095983177423477,6553.734863281302,0.011980692810690266,0.0,75,113,True,0.0
0.135,-0.19999999999999998,0.019999999999999962,False,True,True,True,True,False,False,86,278,106,91,-0.02095983177423477,5899.89892578147,0.021332396396167914,0.0,86,106,True,0.0
0.135,-0.18,0.019999999999999962,False,True,True,True,True,False,False,99,321,113,98,-0.02095983177423477,4242.541992187658,0.007021215299690963,0.0,99,113,True,0.0
0.135,-0.15999999999999998,0.019999999999999962,False,True,True,True,True,False,False,105,353,145,111,-0.02095983177423477,6727.14942656656,0.010216122220215236,0.0,105,145,True,0.0
0.135,-0.13999999999999996,0.019999999999999962,False,True,True,True,True,False,False,109,365,126,105,-0.020959846675395966,4893.185058593932,0.008762166351794047,0.0,109,126,True,0.0
0.135,-0.12,0.019999999999999962,False,True,True,True,True,False,False,130,414,150,124,-0.020959846675395966,6704.18359375025,0.008951654287519963,0.0,130,150,True,0.0
0.135,-0.09999999999999998,0.019999999999999962,False,True,True,True,True,False,False,134,460,190,158,-0.020959846675395966,7592.783465651576,0.011994747729132905,0.0,134,190,True,0.0
0.135,-0.07999999999999996,0.019999999999999962,False,True,True,True,True,False,False,131,451,181,157,-0.020959846675395966,5657.52099609383,0.002707767979799683,0.0,131,181,True,0.0
0.135,-0.06,0.019999999999999962,False,True,True,True,True,False,False,116,402,159,134,-0.020959846675395966,7240.78808593777,0.009664849230950411,0.0,116,159,True,0.0
0.135,-0.03999999999999998,0.019999999999999962,False,True,True,True,True,False,False,125,421,145,122,-0.020959846675395966,6134.083496093979,0.016182338549705022,0.0,125,145,True,0.0
0.135,-0.019999999999999962,0.019999999999999962,False,True,True,True,True,False,False,122,426,201,168,-0.02095986157655716,6543.322753906494,0.0050184106994435726,0.0,122,201,True,0.0
0.135,0.0,0.019999999999999962,False,True,True,True,True,False,False,120,421,180,142,-0.02095986157655716,5145.360839843942,0.012045253891755979,0.0,121,180,True,0.0
0.135,0.020000000000000018,0.019999999999999962,False,True,True,True,True,False,False,119,379,147,123,-0.02095986157655716,5736.034179687714,0.010757581818415561,0.0,119,147,True,0.0
0.135,0.040000000000000036,0.019999999999999962,False,True,True,True,True,False,False,124,426,155,122,-0.02095986157655716,7378.755371094026,0.009319176712534058,0.0,124,155,True,0.0
0.135,0.06,0.019999999999999962,False,True,True,True,True,False,False,125,434,202,174,-0.02095986157655716,6630.651855468997,0.0057275267442377965,0.0,125,202,True,0.0
0.135,0.08000000000000002,0.019999999999999962,False,True,True,True,True,False,False,125,447,162,140,-0.02095986157655716,6837.995117187755,0.011890798922997818,0.0,125,162,True,0.0
0.135,0.10000000000000003,0.019999999999999962,False,True,True,True,True,False,False,127,416,168,146,-0.020959846675395966,10152.292719799836,0.00515746418353996,0.0,127,168,True,0.0
0.135,0.12000000000000005,0.019999999999999962,False,True,True,True,True,False,False,114,398,167,141,-0.020959846675395966,5504.111816406455,0.006808148119602461,0.0,114,167,True,0.0
0.135,0.14000000000000007,0.019999999999999962,False,True,True,True,True,False,False,104,342,122,105,-0.02095986157655716,5769.019472943076,0.010280270870342017,0.0,104,122,True,0.0
0.135,0.15999999999999998,0.019999999999999962,False,True,True,True,True,False,False,84,273,110,99,-0.02095986157655716,6323.092290832801,0.007009358210704297,0.0,84,110,True,0.0
0.135,0.18,0.019999999999999962,False,True,True,True,True,False,False,99,329,121,105,-0.02095986157655716,6303.464355468986,0.00868396589398568,0.0,99,121,True,0.0
0.135,0.2,0.019999999999999962,False,True,True,True,True,False,False,97,318,132,126,-0.02095986157655716,6863.497558594006,0.014310417351403997,0.0,97,132,True,0.0
0.135,0.22000000000000003,0.019999999999999962,False,True,True,True,True,False,False,78,269,112,98,-0.02095986157655716,6302.107421875235,0.024042661797303848,0.0,78,112,True,0.0
0.135,0.24000000000000005,0.019999999999999962,False,True,True,True,True,False,False,64,220,93,88,-0.02095986157655716,7224.909667968807,0.021397664158299842,0.0,64,93,True,0.0
0.135,0.26000000000000006,0.019999999999999962,True,False,True,True,True,True,False,55,187,80,70,-0.020959876477718353,5009.907226562686,0.019839915780466875,0.0,55,80,True,0.0
0.135,0.2800000000000001,0.019999999999999962,True,False,True,True,True,True,False,52,174,73,69,-0.020959876477718353,4114.394531250154,0.03901548543483806,0.0,52,73,True,0.0
0.135,0.3,0.019999999999999962,True,False,True,True,True,True,False,53,179,75,67,-0.020959876477718353,4803.735839843929,0.0499643917841418,0.0,53,75,True,0.0
0.135,0.32,0.019999999999999962,True,False,True,True,True,True,False,40,144,56,52,-0.015421509742736816,9902.64062500008,0.031216357631535123,0.0,40,56,True,0.0
0.135,0.34,0.019999999999999962,True,False,False,False,False,False,False,16,55,0,0,0.004426747560501099,0.0,1.4901161193847656e-08,0.0,16,0,False,0.0
0.135,0.36000000000000004,0.019999999999999962,True,False,False,False,False,False,False,0,0,0,0,,0.0,1.4901161193847656e-08,0.0,0,0,False,0.0
0.135,0.38000000000000006,0.019999999999999962,True,False,False,False,False,False,False,0,0,0,0,,0.0,1.4901161193847656e-08,0.0,0,0,False,0.0
0.135,0.4000000000000001,0.019999999999999962,True,False,False,False,False,False,False,0,0,0,0,,0.0,1.4901161193847656e-08,0.0,0,0,False,0.0
0.135,0.42,0.019999999999999962,True,False,False,False,False,False,False,0,0,0,0,,0.0,1.4901161193847656e-08,0.0,0,0,False,0.0
0.135,-0.42,0.03999999999999998,True,False,False,False,False,False,False,0,0,0,0,,0.0,1.4901161193847656e-08,0.0,0,0,False,0.0
0.135,-0.39999999999999997,0.03999999999999998,True,False,False,False,False,False,False,0,0,0,0,,0.0,1.4901161193847656e-08,0.0,0,0,False,0.0
0.135,-0.38,0.03999999999999998,True,False,False,False,False,False,False,0,0,0,0,,0.0,1.4901161193847656e-08,0.0,0,0,False,0.0
0.135,-0.36,0.03999999999999998,True,False,False,False,False,False,False,0,0,0,0,,0.0,1.4901161193847656e-08,0.0,0,0,False,0.0
0.135,-0.33999999999999997,0.03999999999999998,True,False,False,False,False,False,False,18,65,0,0,0.006578236818313599,0.0,1.4901161193847656e-08,0.0,18,0,False,0.0
0.135,-0.31999999999999995,0.03999999999999998,True,False,True,True,True,True,False,41,139,62,49,-0.013416588306427002,6697.390454211891,0.06519059485889893,0.0,41,62,True,0.0
0.135,-0.3,0.03999999999999998,True,False,True,True,True,True,False,67,208,82,55,-0.020959816873073578,4865.883789062539,0.05044906901555097,0.0,67,82,True,0.0
0.135,-0.27999999999999997,0.03999999999999998,True,False,True,True,True,True,False,59,200,85,77,-0.020959816873073578,5643.08740234396,0.07068933754979792,0.0,59,85,True,0.0
0.135,-0.26,0.03999999999999998,True,False,True,True,True,True,False,60,202,87,72,-0.020959816873073578,5837.011993530609,0.01638582646565154,0.0,60,87,True,0.0
0.135,-0.24,0.03999999999999998,False,True,True,True,True,False,False,69,232,90,81,-0.02095983177423477,6787.813964843805,0.022340929811866146,0.0,69,90,True,0.0
0.135,-0.21999999999999997,0.03999999999999998,False,True,True,True,True,False,False,78,260,93,83,-0.02095983177423477,8450.480468750262,0.008905580071018661,0.0,78,93,True,0.0
0.135,-0.19999999999999998,0.03999999999999998,False,True,True,True,True,False,False,88,278,97,87,-0.02095983177423477,6345.464843750197,0.018255370390418076,0.0,88,97,True,0.0
0.135,-0.18,0.03999999999999998,False,True,True,True,True,False,False,98,291,91,81,-0.02095983177423477,7284.391601562558,0.017416059029853118,0.0,98,91,True,0.0
0.135,-0.15999999999999998,0.03999999999999998,False,True,True,True,True,False,False,104,330,90,76,-0.02095983177423477,7045.343750000219,0.012051073293338372,0.0,105,90,True,0.0
0.135,-0.13999999999999996,0.03999999999999998,False,True,True,True,True,False,False,109,340,98,88,-0.02095983177423477,4767.669433593927,0.005317524094133107,0.0,109,98,True,0.0
0.135,-0.12,0.03999999999999998,False,True,True,True,True,False,False,130,398,132,116,-0.020959846675395966,6284.578613281484,0.005613411047339865,0.0,131,132,True,0.0
0.135,-0.09999999999999998,0.03999999999999998,False,True,True,True,True,False,False,138,433,160,148,-0.020959846675395966,9266.76895288832,0.006638641371702149,0.0,138,160,True,0.0
0.135,-0.07999999999999996,0.03999999999999998,False,True,True,True,True,False,False,125,414,135,120,-0.020959846675395966,6111.170410156478,0.009352782865053881,0.0,125,135,True,0.0
0.135,-0.06,0.03999999999999998,False,True,True,True,True,False,False,113,364,130,118,-0.020959846675395966,5489.034179687705,0.004064597115194238,0.0,113,130,True,0.0
0.135,-0.03999999999999998,0.03999999999999998,False,True,True,True,True,False,False,113,342,119,107,-0.020959846675395966,9766.719726562864,0.006696401369338602,0.0,113,119,True,0.0
0.135,-0.019999999999999962,0.03999999999999998,False,True,True,True,True,False,False,119,390,126,112,-0.020959846675395966,8452.731445312815,0.0030991686733621454,0.0,119,126,True,0.0
0.135,0.0,0.03999999999999998,False,True,True,True,True,False,False,122,383,130,118,-0.02095986157655716,6348.6660156252365,0.003227920037041231,0.0,121,130,True,0.0
0.135,0.020000000000000018,0.03999999999999998,False,True,True,True,True,False,False,113,361,126,114,-0.02095986157655716,5168.387695312693,0.015428648825413432,0.0,113,126,True,0.0
0.135,0.040000000000000036,0.03999999999999998,False,True,True,True,True,False,False,121,369,130,118,-0.02095986157655716,6670.486816406498,0.009902984510691182,0.0,121,130,True,0.0
0.135,0.06,0.03999999999999998,False,True,True,True,True,False,False,117,401,133,120,-0.02095986157655716,7738.746582031538,0.006191700771770523,0.0,117,133,True,0.0
0.135,0.08000000000000002,0.03999999999999998,False,True,True,True,True,False,False,116,391,133,117,-0.02095986157655716,5783.829101562716,0.009718041693818187,0.0,116,133,True,0.0
0.135,0.10000000000000003,0.03999999999999998,False,True,True,True,True,False,False,121,391,154,142,-0.020959846675395966,8127.783203125303,0.006397522413580179,0.0,121,154,True,0.0
0.135,0.12000000000000005,0.03999999999999998,False,True,True,True,True,False,False,122,397,132,113,-0.020959846675395966,5364.40966796895,0.005331054303881807,0.0,122,132,True,0.0
0.135,0.14000000000000007,0.03999999999999998,False,True,True,True,True,False,False,110,343,96,86,-0.020959846675395966,6800.712402344004,0.004268843954023266,0.0,110,96,True,0.0
0.135,0.15999999999999998,0.03999999999999998,False,True,True,True,True,False,False,93,300,90,82,-0.02095986157655716,5889.735351562719,0.004794813840800104,0.0,93,90,True,0.0
0.135,0.18,0.03999999999999998,False,True,True,True,True,False,False,96,301,109,99,-0.02095986157655716,5959.923339843797,0.005458756246628692,0.0,96,109,True,0.0
0.135,0.2,0.03999999999999998,False,True,True,True,True,False,False,99,307,104,98,-0.02095986157655716,7579.658203125236,0.01816956805817572,0.0,99,104,True,0.0
0.135,0.22000000000000003,0.03999999999999998,False,True,True,True,True,False,False,81,264,100,92,-0.02095986157655716,6379.479003906487,0.015293539078679974,0.0,81,100,True,0.0
0.135,0.24000000000000005,0.03999999999999998,False,True,True,True,True,False,False,71,229,103,95,-0.02095986157655716,7707.760253906537,0.014873905692714701,0.0,71,103,True,0.0
0.135,0.26000000000000006,0.03999999999999998,True,False,True,True,True,True,False,60,198,92,82,-0.02095986157655716,6195.973937692207,0.0200112940627312,0.0,61,92,True,0.0
0.135,0.2800000000000001,0.03999999999999998,True,False,True,True,True,True,False,54,184,82,78,-0.020959876477718353,6006.116699218974,0.045960116623324714,0.0,54,82,True,0.0
0.135,0.3,0.03999999999999998,True,False,True,True,True,True,False,58,192,81,71,-0.020959876477718353,6149.487304687729,0.02867409534981978,0.0,58,81,True,0.0
0.135,0.32,0.03999999999999998,True,False,True,True,True,True,False,45,161,64,58,-0.015421509742736816,7122.970373411421,0.03760324282432538,0.0,45,64,True,0.0
0.135,0.34,0.03999999999999998,True,False,False,False,False,False,False,17,59,0,0,0.004426747560501099,0.0,1.4901161193847656e-08,0.0,17,0,False,0.0
0.135,0.36000000000000004,0.03999999999999998,True,False,False,False,False,False,False,0,0,0,0,,0.0,1.4901161193847656e-08,0.0,0,0,False,0.0
0.135,0.38000000000000006,0.03999999999999998,True,False,False,False,False,False,False,0,0,0,0,,0.0,1.4901161193847656e-08,0.0,0,0,False,0.0
0.135,0.4000000000000001,0.03999999999999998,True,False,False,False,False,False,False,0,0,0,0,,0.0,1.4901161193847656e-08,0.0,0,0,False,0.0
0.135,0.42,0.03999999999999998,True,False,False,False,False,False,False,0,0,0,0,,0.0,1.4901161193847656e-08,0.0,0,0,False,0.0
0.135,-0.42,0.06,True,False,False,False,False,False,False,0,0,0,0,,0.0,1.4901161193847656e-08,0.0,0,0,False,0.0
0.135,-0.39999999999999997,0.06,True,False,False,False,False,False,False,0,0,0,0,,0.0,1.4901161193847656e-08,0.0,0,0,False,0.0
0.135,-0.38,0.06,True,False,False,False,False,False,False,0,0,0,0,,0.0,1.4901161193847656e-08,0.0,0,0,False,0.0
0.135,-0.36,0.06,True,False,False,False,False,False,False,0,0,0,0,,0.0,1.4901161193847656e-08,0.0,0,0,False,0.0
0.135,-0.33999999999999997,0.06,True,False,False,False,False,False,False,17,62,0,0,0.006578236818313599,0.0,1.4901161193847656e-08,0.0,17,0,False,0.0
0.135,-0.31999999999999995,0.06,True,False,True,True,True,True,False,34,124,60,52,-0.01332758367061615,6853.7516635527545,0.01049415965063246,0.0,34,60,True,0.0
0.135,-0.3,0.06,True,False,True,True,True,True,False,44,145,56,44,-0.020959816873073578,4954.717773437685,0.02688163019106405,0.0,44,56,True,0.0
0.135,-0.27999999999999997,0.06,True,False,True,True,True,True,False,44,144,49,41,-0.020959816873073578,7353.949218750274,0.032299721634573876,0.0,44,49,True,0.0
0.135,-0.26,0.06,True,False,True,True,True,True,False,46,159,52,34,-0.020959816873073578,7197.834960937768,0.032296003154000434,0.0,46,52,True,0.0
0.135,-0.24,0.06,False,True,True,True,True,False,False,50,181,71,57,-0.020959816873073578,5904.09960937522,0.02083927983163766,0.0,50,71,True,0.0
0.135,-0.21999999999999997,0.06,False,True,True,True,True,False,False,56,190,73,64,-0.02095983177423477,7021.189941406512,0.015819579630615924,0.0,56,73,True,0.0
0.135,-0.19999999999999998,0.06,False,True,True,True,True,False,False,61,201,82,63,-0.02095983177423477,6155.690917968799,0.022875192174995465,0.0,61,82,True,0.0
0.135,-0.18,0.06,False,True,True,True,True,False,False,58,204,86,72,-0.02095983177423477,5984.988769531298,0.015455049332580253,0.0,58,86,True,0.0
0.135,-0.15999999999999998,0.06,False,True,True,True,True,False,False,56,197,66,53,-0.02095983177423477,6300.347656250235,0.008199143043495994,0.0,56,66,True,0.0
0.135,-0.13999999999999996,0.06,False,True,True,True,True,False,False,70,216,66,49,-0.02095983177423477,5488.227050781455,0.002179297494482301,0.0,70,66,True,0.0
0.135,-0.12,0.06,False,True,True,True,True,False,False,83,281,91,67,-0.02095983177423477,6756.833007812752,0.012470852683481875,0.0,82,91,True,0.0
0.135,-0.09999999999999998,0.06,False,True,True,True,True,False,False,86,307,121,96,-0.020959846675395966,8730.286295872469,0.007109702777738707,0.0,85,121,True,0.0
0.135,-0.07999999999999996,0.06,False,True,True,True,True,False,False,76,279,102,77,-0.020959846675395966,8388.970703125313,0.012029780518549528,0.0,75,102,True,0.0
0.135,-0.06,0.06,False,True,True,True,True,False,False,71,257,102,77,-0.020959846675395966,8691.285156250324,0.0031550143745020407,0.0,71,102,True,0.0
0.135,-0.03999999999999998,0.06,False,True,True,True,True,False,False,66,236,98,73,-0.020959846675395966,6078.8959960939765,0.0027091906117461895,0.0,66,98,True,0.0
0.135,-0.019999999999999962,0.06,False,True,True,True,True,False,False,65,239,98,73,-0.020959846675395966,6095.530273437727,0.007774380137946538,0.0,65,98,True,0.0
0.135,0.0,0.06,False,True,True,True,True,False,False,67,243,98,73,-0.020959846675395966,8177.185058594055,0.011743193528503913,0.0,67,98,True,0.0
0.135,0.020000000000000018,0.06,False,True,True,True,True,False,False,65,233,98,73,-0.020959846675395966,5508.023437500206,0.008248729045447172,0.0,65,98,True,0.0
0.135,0.040000000000000036,0.06,False,True,True,True,True,False,False,69,249,98,73,-0.02095986157655716,8916.549804687833,0.015064942388658279,0.0,69,98,True,0.0
0.135,0.06,0.06,False,True,True,True,True,False,False,71,256,106,81,-0.02095986157655716,7141.3867187502665,0.01582826836921101,0.0,71,106,True,0.0
0.135,0.08000000000000002,0.06,False,True,True,True,True,False,False,75,275,106,81,-0.02095986157655716,7285.472656250272,0.013178005095140216,0.0,75,106,True,0.0
0.135,0.10000000000000003,0.06,False,True,True,True,True,False,False,82,291,126,101,-0.020959846675395966,9717.275774434727,0.007633741076990915,0.0,82,126,True,0.0
0.135,0.12000000000000005,0.06,False,True,True,True,True,False,False,81,278,95,61,-0.020959846675395966,6542.734863281494,0.007626246017581346,0.0,81,95,True,0.0
0.135,0.14000000000000007,0.06,False,True,True,True,True,False,False,72,233,75,57,-0.020959846675395966,5010.176269531436,0.008476638330010779,0.0,72,75,True,0.0
0.135,0.15999999999999998,0.06,False,True,True,True,True,False,False,58,204,76,59,-0.020959846675395966,5683.029785156462,0.01203728655438123,0.0,58,76,True,0.0
0.135,0.18,0.06,False,True,True,True,True,False,False,61,215,95,77,-0.02095986157655716,7303.520019531308,0.016014419359082464,0.0,61,95,True,0.0
0.135,0.2,0.06,False,True,True,True,True,False,False,65,220,98,80,-0.02095986157655716,7556.379394531532,0.009071370728613665,0.0,65,98,True,0.0
0.135,0.22000000000000003,0.06,False,True,True,True,True,False,False,59,210,89,73,-0.02095986157655716,5695.631347656462,0.010881110616202215,0.0,59,89,True,0.0
0.135,0.24000000000000005,0.06,False,True,True,True,True,False,False,53,191,82,67,-0.02095986157655716,7481.738281250279,0.01633605670783961,0.0,53,82,True,0.0
0.135,0.26000000000000006,0.06,True,False,True,True,True,True,False,49,165,60,43,-0.02095986157655716,6773.668364570232,0.030388117577765366,0.0,49,60,True,0.0
0.135,0.2800000000000001,0.06,True,False,True,True,True,True,False,43,151,56,44,-0.02095986157655716,6924.976562500258,0.05958436561051625,0.0,43,56,True,0.0
0.135,0.3,0.06,True,False,True,True,True,True,False,48,157,59,43,-0.02095986157655716,5484.585937500205,0.02717214975594375,0.0,48,59,True,0.0
0.135,0.32,0.06,True,False,True,True,True,True,False,43,140,59,47,-0.015421509742736816,5590.155330162835,0.05750455052913194,0.0,43,59,True,0.0
0.135,0.34,0.06,True,False,False,False,False,False,False,19,60,0,0,0.004426747560501099,0.0,1.4901161193847656e-08,0.0,19,0,False,0.0
0.135,0.36000000000000004,0.06,True,False,False,False,False,False,False,0,0,0,0,,0.0,1.4901161193847656e-08,0.0,0,0,False,0.0
0.135,0.38000000000000006,0.06,True,False,False,False,False,False,False,0,0,0,0,,0.0,1.4901161193847656e-08,0.0,0,0,False,0.0
0.135,0.4000000000000001,0.06,True,False,False,False,False,False,False,0,0,0,0,,0.0,1.4901161193847656e-08,0.0,0,0,False,0.0
0.135,0.42,0.06,True,False,False,False,False,False,False,0,0,0,0,,0.0,1.4901161193847656e-08,0.0,0,0,False,0.0
0.135,-0.42,0.07999999999999996,True,False,False,False,False,False,False,0,0,0,0,,0.0,1.4901161193847656e-08,0.0,0,0,False,0.0
0.135,-0.39999999999999997,0.07999999999999996,True,False,False,False,False,False,False,0,0,0,0,,0.0,1.4901161193847656e-08,0.0,0,0,False,0.0
0.135,-0.38,0.07999999999999996,True,False,False,False,False,False,False,0,0,0,0,,0.0,1.4901161193847656e-08,0.0,0,0,False,0.0
0.135,-0.36,0.07999999999999996,True,False,False,False,False,False,False,0,0,0,0,,0.0,1.4901161193847656e-08,0.0,0,0,False,0.0
0.135,-0.33999999999999997,0.07999999999999996,True,False,False,False,False,False,False,12,45,0,0,0.006578236818313599,0.0,1.4901161193847656e-08,0.0,12,0,False,0.0
0.135,-0.31999999999999995,0.07999999999999996,True,False,True,True,True,True,False,26,92,44,40,-0.01332758367061615,6389.069320683587,0.044571516213329804,0.0,26,44,True,0.0
0.135,-0.3,0.07999999999999996,True,False,True,True,True,True,False,26,90,44,36,-0.020959801971912384,9352.67382812535,0.02624587982252051,0.0,26,44,True,0.0
0.135,-0.27999999999999997,0.07999999999999996,True,False,True,True,True,True,False,23,78,37,33,-0.020959801971912384,9823.613554855889,0.08349158516232896,0.0,23,37,True,0.0
0.135,-0.26,0.07999999999999996,True,False,True,True,True,True,False,24,85,39,29,-0.020959816873073578,9190.925781250344,0.05157981815720261,0.0,24,39,True,0.0
0.135,-0.24,0.07999999999999996,False,True,True,True,True,False,False,31,113,42,38,-0.020959816873073578,5269.168457031446,0.03885869608148863,0.0,31,42,True,0.0
0.135,-0.21999999999999997,0.07999999999999996,False,True,True,True,True,False,False,36,119,56,50,-0.020959816873073578,7033.019531250056,0.011781828160445625,0.0,36,56,True,0.0
0.135,-0.19999999999999998,0.07999999999999996,False,True,True,True,True,False,False,41,135,61,51,-0.025854818522930145,8057.2333984378,0.018241701111939585,0.0,41,61,True,0.0
0.135,-0.18,0.07999999999999996,False,True,True,True,True,False,False,40,136,55,48,-0.02585480362176895,8270.014648437807,0.010539263775887965,0.0,40,55,True,0.0
0.135,-0.15999999999999998,0.07999999999999996,False,True,True,True,True,False,False,35,119,46,40,-0.02585480362176895,7241.167480468808,0.028591428358775504,0.0,35,46,True,0.0
0.135,-0.13999999999999996,0.07999999999999996,False,True,True,True,True,False,False,41,133,44,36,-0.02585480362176895,5729.519531250214,0.008094893913546475,0.0,41,44,True,0.0
0.135,-0.12,0.07999999999999996,False,True,True,True,True,False,False,55,179,64,58,-0.02585480362176895,5655.717773437711,0.011478122080247864,0.0,55,64,True,0.0
0.135,-0.09999999999999998,0.07999999999999996,False,True,True,True,True,False,False,55,192,89,81,-0.02585480362176895,11328.663561789255,0.0076641079944773415,0.0,55,89,True,0.0
0.135,-0.07999999999999996,0.07999999999999996,False,True,True,True,True,False,False,50,178,74,70,-0.02585480362176895,9632.228515625358,0.012410686317024133,0.0,50,74,True,0.0
0.135,-0.06,0.07999999999999996,False,True,True,True,True,False,False,46,163,74,70,-0.02585480362176895,8534.815429687818,0.012380338996507582,0.0,46,74,True,0.0
0.135,-0.03999999999999998,0.07999999999999996,False,True,True,True,True,False,False,45,159,70,66,-0.02585480362176895,8359.447265625311,0.013338382960097853,0.0,45,70,True,0.0
0.135,-0.019999999999999962,0.07999999999999996,False,True,True,True,True,False,False,43,154,70,66,-0.02585480362176895,8500.627929687817,0.010573182658831158,0.0,43,70,True,0.0
0.135,0.0,0.07999999999999996,False,True,True,True,True,False,False,43,154,70,66,-0.02585480362176895,10780.987304687902,0.007915072285038523,0.0,43,70,True,0.0
0.135,0.020000000000000018,0.07999999999999996,False,True,True,True,True,False,False,43,154,70,66,-0.02585480362176895,8498.067382812817,0.010823600903501016,0.0,43,70,True,0.0
0.135,0.040000000000000036,0.07999999999999996,False,True,True,True,True,False,False,44,158,70,66,-0.02585480362176895,8487.883789062817,0.008137975163936762,0.0,44,70,True,0.0
0.135,0.06,0.07999999999999996,False,True,True,True,True,False,False,46,163,74,70,-0.02585480362176895,9633.582031250358,0.01351757335017601,0.0,46,74,True,0.0
0.135,0.08000000000000002,0.07999999999999996,False,True,True,True,True,False,False,50,179,74,70,-0.02585480362176895,10753.660156250402,0.010606117364814496,0.0,50,74,True,0.0
0.135,0.10000000000000003,0.07999999999999996,False,True,True,True,True,False,False,55,190,90,86,-0.02585480362176895,9352.182617187575,0.00345528663577611,0.0,55,90,True,0.0
0.135,0.12000000000000005,0.07999999999999996,False,True,True,True,True,False,False,52,182,67,56,-0.02585480362176895,8163.074218750305,0.005238262810079229,0.0,52,67,True,0.0
0.135,0.14000000000000007,0.07999999999999996,False,True,True,True,True,False,False,43,145,49,47,-0.02585480362176895,6021.672851562725,0.008618960764404719,0.0,43,49,True,0.0
0.135,0.15999999999999998,0.07999999999999996,False,True,True,True,True,False,False,41,135,52,51,-0.02585480362176895,6227.327148437732,0.017243086508879995,0.0,41,52,True,0.0
0.135,0.18,0.07999999999999996,False,True,True,True,True,False,False,44,151,62,59,-0.025854788720607758,9474.070312500353,0.01476160662259855,0.0,44,62,True,0.0
0.135,0.2,0.07999999999999996,False,True,True,True,True,False,False,46,151,69,65,-0.025853551924228668,6623.6616210939965,0.009420241362337524,0.0,46,69,True,0.0
0.135,0.22000000000000003,0.07999999999999996,False,True,True,True,True,False,False,42,142,70,63,-0.020959846675395966,6353.4814453127365,0.011678244356515889,0.0,42,70,True,0.0
0.135,0.24000000000000005,0.07999999999999996,False,True,True,True,True,False,False,38,131,54,52,-0.020959846675395966,7709.888183594037,0.023169319656371107,0.0,38,54,True,0.0
0.135,0.26000000000000006,0.07999999999999996,True,False,True,True,True,True,False,31,106,45,42,-0.020959846675395966,6962.038574219009,0.02908327833502149,0.0,31,45,True,0.0
0.135,0.2800000000000001,0.07999999999999996,True,False,True,True,True,True,False,28,94,44,44,-0.020959846675395966,8690.241210937824,0.03801721013042949,0.0,28,44,True,0.0
0.135,0.3,0.07999999999999996,True,False,True,True,True,True,False,33,109,47,43,-0.020959846675395966,7649.087402344035,0.007286843071605017,0.0,33,47,True,0.0
0.135,0.32,0.07999999999999996,True,False,True,True,True,True,False,32,109,44,44,-0.015421509742736816,3776.548828125141,0.03450546068496079,0.0,32,44,True,0.0
0.135,0.34,0.07999999999999996,True,False,False,False,False,False,False,15,47,0,0,0.004426747560501099,0.0,1.4901161193847656e-08,0.0,15,0,False,0.0
0.135,0.36000000000000004,0.07999999999999996,True,False,False,False,False,False,False,0,0,0,0,,0.0,1.4901161193847656e-08,0.0,0,0,False,0.0
0.135,0.38000000000000006,0.07999999999999996,True,False,False,False,False,False,False,0,0,0,0,,0.0,1.4901161193847656e-08,0.0,0,0,False,0.0
0.135,0.4000000000000001,0.07999999999999996,True,False,False,False,False,False,False,0,0,0,0,,0.0,1.4901161193847656e-08,0.0,0,0,False,0.0
0.135,0.42,0.07999999999999996,True,False,False,False,False,False,False,0,0,0,0,,0.0,1.4901161193847656e-08,0.0,0,0,False,0.0
0.135,-0.42,0.09999999999999998,True,False,False,False,False,False,False,0,0,0,0,,0.0,1.4901161193847656e-08,0.0,0,0,False,0.0
0.135,-0.39999999999999997,0.09999999999999998,True,False,False,False,False,False,False,0,0,0,0,,0.0,1.4901161193847656e-08,0.0,0,0,False,0.0
0.135,-0.38,0.09999999999999998,True,False,False,False,False,False,False,0,0,0,0,,0.0,1.4901161193847656e-08,0.0,0,0,False,0.0
0.135,-0.36,0.09999999999999998,True,False,False,False,False,False,False,0,0,0,0,,0.0,1.4901161193847656e-08,0.0,0,0,False,0.0
0.135,-0.33999999999999997,0.09999999999999998,True,False,False,False,False,False,False,13,46,0,0,0.006578236818313599,0.0,1.4901161193847656e-08,0.0,13,0,False,0.0
0.135,-0.31999999999999995,0.09999999999999998,True,False,True,True,True,True,False,21,80,43,39,-0.01332758367061615,8057.9993906786585,0.05214085049636284,0.0,21,43,True,0.0
0.135,-0.3,0.09999999999999998,True,False,True,True,True,True,False,22,83,44,36,-0.020959801971912384,7429.1044921877765,0.027537173484275246,0.0,22,44,True,0.0
0.135,-0.27999999999999997,0.09999999999999998,True,False,True,True,True,True,False,20,72,37,33,-0.020959801971912384,9541.088867187855,0.040151273635525654,0.0,20,37,True,0.0
0.135,-0.26,0.09999999999999998,True,False,True,True,True,True,False,19,71,39,29,-0.020959801971912384,3718.5898437501387,0.03481269670776308,0.0,19,39,True,0.0
0.135,-0.24,0.09999999999999998,False,True,True,True,True,False,False,23,89,42,38,-0.020959816873073578,7258.497558593808,0.021055488627973646,0.0,23,42,True,0.0
0.135,-0.21999999999999997,0.09999999999999998,False,True,True,True,True,False,False,30,103,54,50,-0.020959816873073578,6128.056640625228,0.015926069336296898,0.0,30,54,True,0.0
0.135,-0.19999999999999998,0.09999999999999998,False,True,True,True,True,False,False,33,112,57,53,-0.02664169669151306,8805.499023437571,0.009143224824178372,0.0,33,57,True,0.0
0.135,-0.18,0.09999999999999998,False,True,True,True,True,False,False,30,107,54,50,-0.04191191494464874,13581.88574218761,0.031596953913152453,0.0,30,54,True,0.0
0.135,-0.15999999999999998,0.09999999999999998,False,True,True,True,True,False,False,26,96,45,41,-0.04191191494464874,6327.501149480513,0.03316496557894286,0.0,26,45,True,0.0
0.135,-0.13999999999999996,0.09999999999999998,False,True,True,True,True,False,False,33,111,45,37,-0.04191191494464874,7773.24462890654,0.04249499737244661,0.0,33,45,True,0.0
0.135,-0.12,0.09999999999999998,False,True,True,True,True,False,False,42,150,65,59,-0.04191191494464874,9052.751953125338,0.03427474631585669,0.0,42,65,True,0.0
0.135,-0.09999999999999998,0.09999999999999998,False,True,True,True,True,False,False,42,161,90,82,-0.04191192239522934,11559.701705250727,0.013348963444288061,0.0,42,90,True,0.0
0.135,-0.07999999999999996,0.09999999999999998,False,True,True,True,True,False,False,39,152,75,71,-0.04191192239522934,7945.2114257814965,0.01820027440677292,0.0,39,75,True,0.0
0.135,-0.06,0.09999999999999998,False,True,True,True,True,False,False,35,137,75,71,-0.04191192239522934,8775.842773437827,0.01681658089261053,0.0,35,75,True,0.0
0.135,-0.03999999999999998,0.09999999999999998,False,True,True,True,True,False,False,34,133,71,67,-0.04191192239522934,8099.436523437802,0.0026631660486542102,0.0,34,71,True,0.0
0.135,-0.019999999999999962,0.09999999999999998,False,True,True,True,True,False,False,33,129,71,67,-0.04191192239522934,6624.1284179689965,0.024127868370015283,0.0,33,71,True,0.0
0.135,0.0,0.09999999999999998,False,True,True,True,True,False,False,33,129,71,67,-0.04191192239522934,7579.472656250236,0.018127615988051224,0.0,33,71,True,0.0
0.135,0.020000000000000018,0.09999999999999998,False,True,True,True,True,False,False,33,129,71,67,-0.04191192239522934,8848.61132812533,0.021474607089438248,0.0,33,71,True,0.0
0.135,0.040000000000000036,0.09999999999999998,False,True,True,True,True,False,False,34,133,71,67,-0.04191192239522934,10023.084960937875,0.013494073288201134,0.0,34,71,True,0.0
0.135,0.06,0.09999999999999998,False,True,True,True,True,False,False,35,137,75,71,-0.04191192239522934,8143.088867187804,0.010162996254410986,0.0,35,75,True,0.0
0.135,0.08000000000000002,0.09999999999999998,False,True,True,True,True,False,False,39,153,75,71,-0.041911929845809937,9069.891601562838,0.018270091017090928,0.0,39,75,True,0.0
0.135,0.10000000000000003,0.09999999999999998,False,True,True,True,True,False,False,42,159,91,87,-0.041911929845809937,9020.805664062837,0.02943635428110006,0.0,42,91,True,0.0
0.135,0.12000000000000005,0.09999999999999998,False,True,True,True,True,False,False,40,152,67,57,-0.041911929845809937,5286.042480468947,0.009326977136790251,0.0,40,67,True,0.0
0.135,0.14000000000000007,0.09999999999999998,False,True,True,True,True,False,False,33,118,48,48,-0.041911929845809937,8413.913085937813,0.021798679072307287,0.0,33,48,True,0.0
0.135,0.15999999999999998,0.09999999999999998,False,True,True,True,True,False,False,29,106,52,52,-0.041911929845809937,5380.7080078127,0.041050248517530176,0.0,29,52,True,0.0
0.135,0.18,0.09999999999999998,False,True,True,True,True,False,False,32,118,61,61,-0.041911929845809937,10564.952148437893,0.022243279885545645,0.0,32,61,True,0.0
0.135,0.2,0.09999999999999998,False,True,True,True,True,False,False,35,120,65,65,-0.0287797749042511,8135.059082031315,0.012772129692509454,0.0,35,65,True,0.0
0.135,0.22000000000000003,0.09999999999999998,False,True,True,True,True,False,False,33,119,65,63,-0.020959846675395966,6342.9018554689865,0.008188129804285517,0.0,33,65,True,0.0
0.135,0.24000000000000005,0.09999999999999998,False,True,True,True,True,False,False,28,104,52,52,-0.020959846675395966,7139.347656250057,0.026939463983730212,0.0,28,52,True,0.0
0.135,0.26000000000000006,0.09999999999999998,True,False,True,True,True,True,False,23,86,45,42,-0.020959846675395966,7466.3032367073765,0.028381188839602202,0.0,23,45,True,0.0
0.135,0.2800000000000001,0.09999999999999998,True,False,True,True,True,True,False,23,83,44,44,-0.020959846675395966,7259.25244140652,0.012484282723618617,0.0,23,44,True,0.0
0.135,0.3,0.09999999999999998,True,False,True,True,True,True,False,27,97,47,43,-0.020959846675395966,5086.69726562519,0.017983976586624616,0.0,27,47,True,0.0
0.135,0.32,0.09999999999999998,True,False,True,True,True,True,False,25,92,43,43,-0.015421509742736816,7211.566259003133,0.0637450200661186,0.0,25,43,True,0.0
0.135,0.34,0.09999999999999998,True,False,False,False,False,False,False,14,46,0,0,0.004426747560501099,0.0,1.4901161193847656e-08,0.0,14,0,False,0.0
0.135,0.36000000000000004,0.09999999999999998,True,False,False,False,False,False,False,0,0,0,0,,0.0,1.4901161193847656e-08,0.0,0,0,False,0.0
0.135,0.38000000000000006,0.09999999999999998,True,False,False,False,False,False,False,0,0,0,0,,0.0,1.4901161193847656e-08,0.0,0,0,False,0.0
0.135,0.4000000000000001,0.09999999999999998,True,False,False,False,False,False,False,0,0,0,0,,0.0,1.4901161193847656e-08,0.0,0,0,False,0.0
0.135,0.42,0.09999999999999998,True,False,False,False,False,False,False,0,0,0,0,,0.0,1.4901161193847656e-08,0.0,0,0,False,0.0
0.135,-0.42,0.12,True,False,False,False,False,False,False,0,0,0,0,,0.0,1.4901161193847656e-08,0.0,0,0,False,0.0
0.135,-0.39999999999999997,0.12,True,False,False,False,False,False,False,0,0,0,0,,0.0,1.4901161193847656e-08,0.0,0,0,False,0.0
0.135,-0.38,0.12,True,False,False,False,False,False,False,0,0,0,0,,0.0,1.4901161193847656e-08,0.0,0,0,False,0.0
0.135,-0.36,0.12,True,False,False,False,False,False,False,0,0,0,0,,0.0,1.4901161193847656e-08,0.0,0,0,False,0.0
0.135,-0.33999999999999997,0.12,True,False,False,False,False,False,False,12,39,0,0,0.006578236818313599,0.0,1.4901161193847656e-08,0.0,12,0,False,0.0
0.135,-0.31999999999999995,0.12,True,False,True,True,True,True,False,21,78,36,32,-0.01332758367061615,5823.120207157621,0.04324061757106481,0.0,21,36,True,0.0
0.135,-0.3,0.12,True,False,True,True,True,True,False,22,77,40,32,-0.020959801971912384,3145.9716796875978,0.02813425595438816,0.0,22,40,True,0.0
0.135,-0.27999999999999997,0.12,True,False,True,True,True,True,False,20,69,33,29,-0.020959801971912384,3958.7543945313973,0.022708138485820428,0.0,20,33,True,0.0
0.135,-0.26,0.12,True,False,True,True,True,True,False,19,68,33,25,-0.020959801971912384,4042.2248535157755,0.032334267779352006,0.0,19,33,True,0.0
0.135,-0.24,0.12,False,True,True,True,True,False,False,23,85,38,34,-0.020959801971912384,7132.393066406307,0.02287589932170049,0.0,23,38,True,0.0
0.135,-0.21999999999999997,0.12,False,True,True,True,True,False,False,28,100,49,45,-0.020959801971912384,5540.902343750045,0.035244603588757716,0.0,28,49,True,0.0
0.135,-0.19999999999999998,0.12,False,True,True,True,True,False,False,32,112,52,48,-0.025410160422325134,9023.616210937573,0.023407008563755945,0.0,32,52,True,0.0
0.135,-0.18,0.12,False,True,True,True,True,False,False,30,109,50,46,-0.029120370745658875,6670.782714843998,0.02920241625618194,0.0,30,50,True,0.0
0.135,-0.15999999999999998,0.12,False,True,True,True,True,False,False,27,99,41,37,-0.02191191166639328,6456.948730468991,0.020651750942694735,0.0,27,41,True,0.0
0.135,-0.13999999999999996,0.12,False,True,True,True,True,False,False,35,116,37,33,-0.02191191166639328,3774.5441894532655,0.011245258613552538,0.0,35,37,True,0.0
0.135,-0.12,0.12,False,True,True,True,True,False,False,42,147,61,55,-0.02191191166639328,4962.293945312685,0.01900925052439667,0.0,42,61,True,0.0
0.135,-0.09999999999999998,0.12,False,True,True,True,True,False,False,44,163,78,74,-0.021911919116973877,9491.39978354149,0.010313592005933759,0.0,44,78,True,0.0
0.135,-0.07999999999999996,0.12,False,True,True,True,True,False,False,40,150,67,63,-0.021911919116973877,7835.332031250244,0.01227265799082432,0.0,40,67,True,0.0
0.135,-0.06,0.12,False,True,True,True,True,False,False,37,139,67,63,-0.021911919116973877,6579.325195312705,0.014760836808346058,0.0,37,67,True,0.0
0.135,-0.03999999999999998,0.12,False,True,True,True,True,False,False,36,135,63,59,-0.021911919116973877,5780.453613281466,0.014065993066379054,0.0,36,63,True,0.0
0.135,-0.019999999999999962,0.12,False,True,True,True,True,False,False,35,131,63,59,-0.021911919116973877,6765.066406250252,0.01544171206607952,0.0,35,63,True,0.0
0.135,0.0,0.12,False,True,True,True,True,False,False,35,131,63,59,-0.021911919116973877,5846.910156250218,0.004317992084404003,0.0,35,63,True,0.0
0.135,0.020000000000000018,0.12,False,True,True,True,True,False,False,35,131,63,59,-0.021911919116973877,6526.917968750243,0.019489599965894517,0.0,35,63,True,0.0
0.135,0.040000000000000036,0.12,False,True,True,True,True,False,False,36,135,63,59,-0.021911919116973877,7881.245605469044,0.015652906156182592,0.0,36,63,True,0.0
0.135,0.06,0.12,False,True,True,True,True,False,False,37,139,67,63,-0.021911919116973877,6530.100585937744,0.02329167226845409,0.0,37,67,True,0.0
0.135,0.08000000000000002,0.12,False,True,True,True,True,False,False,40,151,67,63,-0.021911926567554474,7915.717773437746,0.007747141920733966,0.0,40,67,True,0.0
0.135,0.10000000000000003,0.12,False,True,True,True,True,False,False,44,161,79,75,-0.021911926567554474,5715.711224019195,0.004790319661496418,0.0,44,79,True,0.0
0.135,0.12000000000000005,0.12,False,True,True,True,True,False,False,42,151,63,53,-0.021911926567554474,5173.336425781443,0.008066579009496042,0.0,42,63,True,0.0
0.135,0.14000000000000007,0.12,False,True,True,True,True,False,False,35,123,44,44,-0.021911926567554474,6025.335937500225,0.014784148865287438,0.0,35,44,True,0.0
0.135,0.15999999999999998,0.12,False,True,True,True,True,False,False,30,110,48,48,-0.021911926567554474,4630.754394531287,0.03819037322068831,0.0,30,48,True,0.0
0.135,0.18,0.12,False,True,True,True,True,False,False,32,119,57,57,-0.02912038564682007,6991.046875000261,0.01876866141834004,0.0,32,57,True,0.0
0.135,0.2,0.12,False,True,True,True,True,False,False,35,121,60,60,-0.0275660902261734,7077.804199219014,0.020644652899078096,0.0,35,60,True,0.0
0.135,0.22000000000000003,0.12,False,True,True,True,True,False,False,31,114,60,58,-0.02095983177423477,5027.829101562687,0.020854451451063485,0.0,31,60,True,0.0
0.135,0.24000000000000005,0.12,False,True,True,True,True,False,False,28,100,48,48,-0.020959846675395966,6358.402832031301,0.017432929600784897,0.0,28,48,True,0.0
0.135,0.26000000000000006,0.12,True,False,True,True,True,True,False,23,83,41,38,-0.020959846675395966,5283.111816406447,0.007405049451983689,0.0,23,41,True,0.0
0.135,0.2800000000000001,0.12,True,False,True,True,True,True,False,23,80,40,40,-0.020959846675395966,6293.467285156485,0.038054700756584625,0.0,23,40,True,0.0
0.135,0.3,0.12,True,False,True,True,True,True,False,26,90,43,39,-0.020959846675395966,3067.508386566187,0.03917786750688995,0.0,26,43,True,0.0
0.135,0.32,0.12,True,False,True,True,True,True,False,25,90,36,36,-0.015421509742736816,6039.27835917541,0.018849195756983506,0.0,25,36,True,0.0
0.135,0.34,0.12,True,False,False,False,False,False,False,12,38,0,0,0.004426747560501099,0.0,1.4901161193847656e-08,0.0,12,0,False,0.0
0.135,0.36000000000000004,0.12,True,False,False,False,False,False,False,0,0,0,0,,0.0,1.4901161193847656e-08,0.0,0,0,False,0.0
0.135,0.38000000000000006,0.12,True,False,False,False,False,False,False,0,0,0,0,,0.0,1.4901161193847656e-08,0.0,0,0,False,0.0
0.135,0.4000000000000001,0.12,True,False,False,False,False,False,False,0,0,0,0,,0.0,1.4901161193847656e-08,0.0,0,0,False,0.0
0.135,0.42,0.12,True,False,False,False,False,False,False,0,0,0,0,,0.0,1.4901161193847656e-08,0.0,0,0,False,0.0
0.135,-0.42,0.13999999999999996,True,False,False,False,False,False,False,0,0,0,0,,0.0,1.4901161193847656e-08,0.0,0,0,False,0.0
0.135,-0.39999999999999997,0.13999999999999996,True,False,False,False,False,False,False,0,0,0,0,,0.0,1.4901161193847656e-08,0.0,0,0,False,0.0
0.135,-0.38,0.13999999999999996,True,False,False,False,False,False,False,0,0,0,0,,0.0,1.4901161193847656e-08,0.0,0,0,False,0.0
0.135,-0.36,0.13999999999999996,True,False,False,False,False,False,False,0,0,0,0,,0.0,1.4901161193847656e-08,0.0,0,0,False,0.0
0.135,-0.33999999999999997,0.13999999999999996,True,False,False,False,False,False,False,10,37,0,0,0.006578236818313599,0.0,1.4901161193847656e-08,0.0,10,0,False,0.0
0.135,-0.31999999999999995,0.13999999999999996,True,False,True,True,True,True,False,19,70,36,32,-0.01332758367061615,6915.643299795571,0.022119065775978282,0.0,19,36,True,0.0
0.135,-0.3,0.13999999999999996,True,False,True,True,True,True,False,20,72,40,32,-0.020959801971912384,5134.507812500192,0.046505099965637606,0.0,20,40,True,0.0
0.135,-0.27999999999999997,0.13999999999999996,True,False,True,True,True,True,False,19,65,33,29,-0.020959801971912384,8733.357421875326,0.06359327322252402,0.0,19,33,True,0.0
0.135,-0.26,0.13999999999999996,True,False,True,True,True,True,False,18,64,35,25,-0.020959801971912384,7757.194335937789,0.026464974246103477,0.0,18,35,True,0.0
0.135,-0.24,0.13999999999999996,False,True,True,True,True,False,False,27,94,38,34,-0.020959801971912384,5649.755859375211,0.01516741074892534,0.0,27,38,True,0.0
0.135,-0.21999999999999997,0.13999999999999996,False,True,True,True,True,False,False,33,116,54,42,-0.020959801971912384,4811.765625000179,0.02036019169557185,0.0,33,54,True,0.0
0.135,-0.19999999999999998,0.13999999999999996,False,True,True,True,True,False,False,38,129,61,45,-0.020959801971912384,7064.815429687556,0.017283166333399064,0.0,38,61,True,0.0
0.135,-0.18,0.13999999999999996,False,True,True,True,True,False,False,37,132,58,42,-0.020959816873073578,9318.399414062847,0.021287353963265344,0.0,37,58,True,0.0
0.135,-0.15999999999999998,0.13999999999999996,False,True,True,True,True,False,False,33,121,49,33,-0.020959816873073578,7331.585449219024,0.019844789926484717,0.0,33,49,True,0.0
0.135,-0.13999999999999996,0.13999999999999996,False,True,True,True,True,False,False,41,134,45,29,-0.020959816873073578,7023.409667969012,0.00958860022955943,0.0,41,45,True,0.0
0.135,-0.12,0.13999999999999996,False,True,True,True,True,False,False,44,157,69,51,-0.020959816873073578,8463.865234375315,0.018086445217579374,0.0,44,69,True,0.0
0.135,-0.09999999999999998,0.13999999999999996,False,True,True,True,True,False,False,46,166,86,70,-0.020959816873073578,9478.523980684122,0.003758399832087936,0.0,46,86,True,0.0
0.135,-0.07999999999999996,0.13999999999999996,False,True,True,True,True,False,False,43,157,75,59,-0.020959816873073578,7854.217285156543,0.012475229488194677,0.0,43,75,True,0.0
0.135,-0.06,0.13999999999999996,False,True,True,True,True,False,False,40,146,75,59,-0.02095983177423477,6660.817382812748,0.014911485314054517,0.0,40,75,True,0.0
0.135,-0.03999999999999998,0.13999999999999996,False,True,True,True,True,False,False,39,142,71,55,-0.02095983177423477,10208.83300781288,0.01509346157683088,0.0,39,71,True,0.0
0.135,-0.019999999999999962,0.13999999999999996,False,True,True,True,True,False,False,37,137,71,55,-0.02095983177423477,7878.142578125294,0.011543272038670359,0.0,37,71,True,0.0
0.135,0.0,0.13999999999999996,False,True,True,True,True,False,False,37,137,71,55,-0.02095983177423477,7590.943847656533,0.01011835150560667,0.0,37,71,True,0.0
0.135,0.020000000000000018,0.13999999999999996,False,True,True,True,True,False,False,37,137,71,55,-0.02095983177423477,7867.075683594043,0.011352087637273956,0.0,37,71,True,0.0
0.135,0.040000000000000036,0.13999999999999996,False,True,True,True,True,False,False,38,141,71,55,-0.02095983177423477,8106.921386719052,0.014859981832704991,0.0,38,71,True,0.0
0.135,0.06,0.13999999999999996,False,True,True,True,True,False,False,39,145,75,59,-0.020959846675395966,8565.12304687507,0.01432484916047454,0.0,39,75,True,0.0
0.135,0.08000000000000002,0.13999999999999996,False,True,True,True,True,False,False,42,157,75,59,-0.020959846675395966,8041.5078125003,0.01396576998082979,0.0,42,75,True,0.0
0.135,0.10000000000000003,0.13999999999999996,False,True,True,True,True,False,False,45,163,87,71,-0.020959816873073578,7855.932617187793,0.012153052365810905,0.0,45,87,True,0.0
0.135,0.12000000000000005,0.13999999999999996,False,True,True,True,True,False,False,43,159,71,49,-0.020959816873073578,6332.839843750236,0.007286227971417286,0.0,43,71,True,0.0
0.135,0.14000000000000007,0.13999999999999996,False,True,True,True,True,False,False,40,141,52,40,-0.02095983177423477,4268.231445312659,0.014605599398024265,0.0,40,52,True,0.0
0.135,0.15999999999999998,0.13999999999999996,False,True,True,True,True,False,False,35,127,56,44,-0.02095983177423477,5520.533691406456,0.01494000890055462,0.0,36,56,True,0.0
0.135,0.18,0.13999999999999996,False,True,True,True,True,False,False,39,143,65,53,-0.02095983177423477,8720.667968750324,0.00523888314731041,0.0,39,65,True,0.0
0.135,0.2,0.13999999999999996,False,True,True,True,True,False,False,41,138,68,56,-0.02095983177423477,5703.2724609375455,0.009597950369927711,0.0,41,68,True,0.0
0.135,0.22000000000000003,0.13999999999999996,False,True,True,True,True,False,False,37,131,64,54,-0.02095983177423477,6535.966308593994,0.013905661576314537,0.0,37,64,True,0.0
0.135,0.24000000000000005,0.13999999999999996,False,True,True,True,True,False,False,32,111,48,48,-0.02095983177423477,7307.328125000272,0.02532190940201325,0.0,32,48,True,0.0
0.135,0.26000000000000006,0.13999999999999996,True,False,True,True,True,True,False,23,79,41,38,-0.020959846675395966,8026.337890625299,0.019752744531295042,0.0,23,41,True,0.0
0.135,0.2800000000000001,0.13999999999999996,True,False,True,True,True,True,False,23,77,40,40,-0.020959846675395966,5017.795898437687,0.03848779747742056,0.0,23,40,True,0.0
0.135,0.3,0.13999999999999996,True,False,True,True,True,True,False,25,86,43,39,-0.020959846675395966,7081.000488281514,0.009353763276370306,0.0,25,43,True,0.0
0.135,0.32,0.13999999999999996,True,False,True,True,True,True,False,24,83,36,36,-0.015421509742736816,2973.25917327511,0.02293572488235884,0.0,24,36,True,0.0
0.135,0.34,0.13999999999999996,True,False,False,False,False,False,False,10,36,0,0,0.004426747560501099,0.0,1.4901161193847656e-08,0.0,10,0,False,0.0
0.135,0.36000000000000004,0.13999999999999996,True,False,False,False,False,False,False,0,0,0,0,,0.0,1.4901161193847656e-08,0.0,0,0,False,0.0
0.135,0.38000000000000006,0.13999999999999996,True,False,False,False,False,False,False,0,0,0,0,,0.0,1.4901161193847656e-08,0.0,0,0,False,0.0
0.135,0.4000000000000001,0.13999999999999996,True,False,False,False,False,False,False,0,0,0,0,,0.0,1.4901161193847656e-08,0.0,0,0,False,0.0
0.135,0.42,0.13999999999999996,True,False,False,False,False,False,False,0,0,0,0,,0.0,1.4901161193847656e-08,0.0,0,0,False,0.0
0.135,-0.42,0.15999999999999998,True,False,False,False,False,False,False,0,0,0,0,,0.0,2.9802322387695312e-08,0.0,0,0,False,0.0
0.135,-0.39999999999999997,0.15999999999999998,True,False,False,False,False,False,False,0,0,0,0,,0.0,2.9802322387695312e-08,0.0,0,0,False,0.0
0.135,-0.38,0.15999999999999998,True,False,False,False,False,False,False,0,0,0,0,,0.0,2.9802322387695312e-08,0.0,0,0,False,0.0
0.135,-0.36,0.15999999999999998,True,False,False,False,False,False,False,0,0,0,0,,0.0,2.9802322387695312e-08,0.0,0,0,False,0.0
0.135,-0.33999999999999997,0.15999999999999998,True,False,False,False,False,False,False,13,43,0,0,0.006578236818313599,0.0,2.9802322387695312e-08,0.0,13,0,False,0.0
0.135,-0.31999999999999995,0.15999999999999998,True,False,True,True,True,True,False,22,79,44,32,-0.01332758367061615,3097.3208007812746,0.010502717589444514,0.0,22,44,True,0.0
0.135,-0.3,0.15999999999999998,True,False,True,True,True,True,False,26,88,48,32,-0.007712244987487793,1680.9299316406875,0.01766310699048625,0.0,26,48,True,0.0
0.135,-0.27999999999999997,0.15999999999999998,True,False,True,True,True,True,False,25,87,41,29,-0.015837721526622772,3238.596679687621,0.03361430126166037,0.0,25,41,True,0.0
0.135,-0.26,0.15999999999999998,True,False,True,True,True,True,False,29,100,41,25,-0.015896011143922806,3529.0188978831934,0.02241553202208464,0.0,29,41,True,0.0
0.135,-0.24,0.15999999999999998,False,True,True,True,True,False,False,33,110,49,35,-0.01705165207386017,7393.909179687559,0.025852472602074676,0.0,33,49,True,0.0
0.135,-0.21999999999999997,0.15999999999999998,False,True,True,True,True,False,False,38,136,63,51,-0.015914835035800934,5509.653320312706,0.014347175187330322,0.0,38,63,True,0.0
0.135,-0.19999999999999998,0.15999999999999998,False,True,True,True,True,False,False,47,159,73,55,-0.015914835035800934,4023.5012896928283,0.011664797194273241,0.0,47,73,True,0.0
0.135,-0.18,0.15999999999999998,False,True,True,True,True,False,False,43,151,82,66,-0.015914835035800934,5412.149414062544,0.024075844718479386,0.0,43,82,True,0.0
0.135,-0.15999999999999998,0.15999999999999998,False,True,True,True,True,False,False,39,142,70,50,-0.015892641618847847,5209.227913023551,0.019262401917996493,0.0,39,70,True,0.0
0.135,-0.13999999999999996,0.15999999999999998,False,True,True,True,True,False,False,49,155,66,50,-0.015833422541618347,3675.234375000137,0.014319986284107078,0.0,49,66,True,0.0
0.135,-0.12,0.15999999999999998,False,True,True,True,True,False,False,58,198,82,66,-0.014960132539272308,4261.792480468883,0.02280560752321952,0.0,58,82,True,0.0
0.135,-0.09999999999999998,0.15999999999999998,False,True,True,True,True,False,False,56,195,103,89,-0.014960125088691711,3835.2487792969055,0.014595648578431835,0.0,56,103,True,0.0
0.135,-0.07999999999999996,0.15999999999999998,False,True,True,True,True,False,False,50,183,92,78,-0.014960125088691711,2703.655273437601,0.009864344332958224,0.0,50,92,True,0.0
0.135,-0.06,0.15999999999999998,False,True,True,True,True,False,False,48,171,92,78,-0.014960125088691711,3285.151367187602,0.004344472853867865,0.0,48,92,True,0.0
0.135,-0.03999999999999998,0.15999999999999998,False,True,True,True,True,False,False,44,161,84,70,-0.014960125088691711,2777.0756835938537,0.006605284106275049,0.0,44,84,True,0.0
0.135,-0.019999999999999962,0.15999999999999998,False,True,True,True,True,False,False,42,153,84,70,-0.014960125088691711,3592.1293945313614,0.028141919431773774,0.0,42,84,True,0.0
0.135,0.0,0.15999999999999998,False,True,True,True,True,False,False,42,153,84,70,-0.014960125088691711,2971.2031250000923,0.005212686850586525,0.0,42,84,True,0.0
0.135,0.020000000000000018,0.15999999999999998,False,True,True,True,True,False,False,42,153,84,70,-0.014960125088691711,3595.9782714844864,0.027715947476554873,0.0,42,84,True,0.0
0.135,0.040000000000000036,0.15999999999999998,False,True,True,True,True,False,False,45,162,84,70,-0.014960125088691711,2906.0935058594655,0.01473877826312476,0.0,45,84,True,0.0
0.135,0.06,0.15999999999999998,False,True,True,True,True,False,False,48,171,92,74,-0.014960125088691711,2726.8840332032264,0.0224109429310836,0.0,48,92,True,0.0
0.135,0.08000000000000002,0.15999999999999998,False,True,True,True,True,False,False,50,184,92,74,-0.014960117638111115,3171.5891113282237,0.017190703477447077,0.0,50,92,True,0.0
0.135,0.10000000000000003,0.15999999999999998,False,True,True,True,True,False,False,53,191,104,86,-0.014960117638111115,3879.2360839844955,0.020585967672349992,0.0,53,104,True,0.0
0.135,0.12000000000000005,0.15999999999999998,False,True,True,True,True,False,False,53,179,80,64,-0.014960117638111115,3243.958984375026,0.006334425762637887,0.0,53,80,True,0.0
0.135,0.14000000000000007,0.15999999999999998,False,True,True,True,True,False,False,46,153,69,57,-0.015819311141967773,3981.2830261827717,0.021821149954105827,0.0,46,69,True,0.0
0.135,0.15999999999999998,0.15999999999999998,False,True,True,True,True,False,False,44,153,71,61,-0.015877600759267807,5191.163165878158,0.024509999273052974,0.0,44,71,True,0.0
0.135,0.18,0.15999999999999998,False,True,True,True,True,False,False,45,154,83,79,-0.015914782881736755,6036.877441406476,0.02675708743510846,0.0,45,83,True,0.0
0.135,0.2,0.15999999999999998,False,True,True,True,True,False,False,49,162,82,71,-0.015914782881736755,6037.145507812726,0.02462282085270928,0.0,49,82,True,0.0
0.135,0.22000000000000003,0.15999999999999998,False,True,True,True,True,False,False,45,153,67,61,-0.015914790332317352,5391.535644531451,0.02615995006779218,0.0,45,67,True,0.0
0.135,0.24000000000000005,0.15999999999999998,False,True,True,True,True,False,False,40,122,58,54,-0.019176244735717773,5877.152832031297,0.002183794046550787,0.0,40,58,True,0.0
0.135,0.26000000000000006,0.15999999999999998,True,False,True,True,True,True,False,32,105,41,38,-0.015911251306533813,3511.7434212382313,0.036070357024337266,0.0,32,41,True,0.0
0.135,0.2800000000000001,0.15999999999999998,True,False,True,True,True,True,False,28,95,44,44,-0.015852032229304314,3331.0575706001573,0.02720528133490195,0.0,28,44,True,0.0
0.135,0.3,0.15999999999999998,True,False,True,True,True,True,False,35,109,47,43,-0.012567207217216492,2978.1816406250236,0.014493326502528766,0.0,35,47,True,0.0
0.135,0.32,0.15999999999999998,True,False,True,True,True,True,False,28,90,40,40,-0.015421509742736816,5016.79443359379,0.006262068342442199,0.0,28,40,True,0.0
0.135,0.34,0.15999999999999998,True,False,False,False,False,False,False,13,42,0,0,0.004426747560501099,0.0,2.9802322387695312e-08,0.0,13,0,False,0.0
0.135,0.36000000000000004,0.15999999999999998,True,False,False,False,False,False,False,0,0,0,0,,0.0,2.9802322387695312e-08,0.0,0,0,False,0.0
0.135,0.38000000000000006,0.15999999999999998,True,False,False,False,False,False,False,0,0,0,0,,0.0,2.9802322387695312e-08,0.0,0,0,False,0.0
0.135,0.4000000000000001,0.15999999999999998,True,False,False,False,False,False,False,0,0,0,0,,0.0,2.9802322387695312e-08,0.0,0,0,False,0.0
0.135,0.42,0.15999999999999998,True,False,False,False,False,False,False,0,0,0,0,,0.0,2.9802322387695312e-08,0.0,0,0,False,0.0
0.135,-0.42,0.18,True,False,False,False,False,False,False,0,0,0,0,,0.0,2.9802322387695312e-08,0.0,0,0,False,0.0
0.135,-0.39999999999999997,0.18,True,False,False,False,False,False,False,0,0,0,0,,0.0,2.9802322387695312e-08,0.0,0,0,False,0.0
0.135,-0.38,0.18,True,False,False,False,False,False,False,0,0,0,0,,0.0,2.9802322387695312e-08,0.0,0,0,False,0.0
0.135,-0.36,0.18,True,False,False,False,False,False,False,0,0,0,0,,0.0,2.9802322387695312e-08,0.0,0,0,False,0.0
0.135,-0.33999999999999997,0.18,True,False,False,False,False,False,False,9,18,0,0,0.00694110244512558,0.0,2.9802322387695312e-08,0.0,9,0,False,0.0
0.135,-0.31999999999999995,0.18,True,False,True,True,True,True,False,20,66,17,11,-0.012077100574970245,5.613677024841517,0.002658190041259356,0.0,20,17,True,0.0
0.135,-0.3,0.18,True,False,True,True,True,True,False,25,82,32,24,-0.011174134910106659,2887.0585937500896,0.020930925547826246,0.0,25,32,True,0.0
0.135,-0.27999999999999997,0.18,True,False,True,True,True,True,False,24,88,35,31,-0.01237235963344574,4735.607194428988,0.03168178531197198,0.0,24,35,True,0.0
0.135,-0.26,0.18,True,False,True,True,True,True,False,26,91,36,32,-0.012457489967346191,6481.298179416931,0.015121531112146695,0.0,26,36,True,0.0
0.135,-0.24,0.18,False,True,True,True,True,False,False,30,94,33,28,-0.012492596171796322,6906.521484375214,0.02269086778138032,0.0,31,33,True,0.0
0.135,-0.21999999999999997,0.18,False,True,True,True,True,False,False,33,113,31,26,-0.0124996742233634,6833.573242187712,0.011078640825422892,0.0,33,34,True,0.0
0.135,-0.19999999999999998,0.18,False,True,True,True,True,False,False,44,144,39,34,-0.012510105967521667,6264.546875000195,0.0330754519122773,0.0,43,36,True,0.0
0.135,-0.18,0.18,False,True,True,True,True,False,False,41,143,45,36,-0.01251859962940216,5779.854003906429,0.0400874823744491,0.0,41,45,True,0.0
0.135,-0.15999999999999998,0.18,False,True,True,True,True,False,False,37,137,42,34,-0.012467987835407257,5238.640136718913,0.01097203519025711,0.0,36,42,True,0.0
0.135,-0.13999999999999996,0.18,False,True,True,True,True,False,False,45,146,42,34,-0.012376241385936737,6438.4667968752,0.00682294635811393,0.0,45,42,True,0.0
0.135,-0.12,0.18,False,True,True,True,True,False,False,55,180,56,48,-0.008822910487651825,3889.3007812501205,0.015454607568599172,0.0,55,56,True,0.0
0.135,-0.09999999999999998,0.18,False,True,True,True,True,False,False,57,193,58,51,-0.010254308581352234,3874.59765625012,0.0046655355478689925,0.0,56,58,True,0.0
0.135,-0.07999999999999996,0.18,False,True,True,True,True,False,False,49,173,53,47,-0.010254308581352234,2731.1003417969596,0.009255097795730426,0.0,50,53,True,0.0
0.135,-0.06,0.18,False,True,True,True,True,False,False,47,163,50,44,-0.010254308581352234,2740.341308593835,0.0031029062974973543,0.0,47,50,True,0.0
0.135,-0.03999999999999998,0.18,False,True,True,True,True,False,False,41,145,47,40,-0.005423977971076965,1613.9584960938103,0.009952098479482767,0.0,41,47,True,0.0
0.135,-0.019999999999999962,0.18,False,True,True,True,True,False,False,40,141,47,40,-0.005423977971076965,1934.4449462891346,0.008810683320510743,0.0,40,47,True,0.0
0.135,0.0,0.18,False,True,True,True,True,False,False,40,141,47,40,-0.005423985421657562,1593.0761718750593,0.018223094031473108,0.0,40,47,True,0.0
0.135,0.020000000000000018,0.18,False,True,True,True,True,False,False,40,142,47,40,-0.005423985421657562,1934.4451904297596,0.008810683320510743,0.0,40,47,True,0.0
0.135,0.040000000000000036,0.18,False,True,True,True,True,False,False,41,146,47,40,-0.005423985421657562,2363.747070312588,0.01933348487348276,0.0,41,47,True,0.0
0.135,0.06,0.18,False,True,True,True,True,False,False,45,161,51,44,-0.011174120008945465,2389.289550781324,0.016608686453845483,0.0,46,51,True,0.0
0.135,0.08000000000000002,0.18,False,True,True,True,True,False,False,48,170,54,47,-0.011174120008945465,2381.052163994034,0.005527503343152065,0.0,47,54,True,0.0
0.135,0.10000000000000003,0.18,False,True,True,True,True,False,False,52,183,58,52,-0.011174120008945465,3701.925628000289,0.016210047603599387,0.0,52,58,True,0.0
0.135,0.12000000000000005,0.18,False,True,True,True,True,False,False,51,169,53,43,-0.008822895586490631,3945.4135742188723,0.02388626788126653,0.0,51,53,True,0.0
0.135,0.14000000000000007,0.18,False,True,True,True,True,False,False,44,152,45,42,-0.012345530092716217,4697.5834960938955,0.02666099382859749,0.0,44,45,True,0.0
0.135,0.15999999999999998,0.18,False,True,True,True,True,False,False,42,146,45,42,-0.01243070513010025,5836.633300781431,0.012516513862218215,0.0,41,45,True,0.0
0.135,0.18,0.18,False,True,True,True,True,False,False,45,160,50,45,-0.01248680055141449,6362.751464843948,0.022799433969272885,0.0,45,50,True,0.0
0.135,0.2,0.18,False,True,True,True,True,False,False,45,151,43,39,-0.012498623691499233,7699.495605468989,0.02907130451184048,0.0,46,43,True,0.0
0.135,0.22000000000000003,0.18,False,True,True,True,True,False,False,39,135,44,42,-0.012507349252700806,6459.084960937701,0.023325570321792916,0.0,39,44,True,0.0
0.135,0.24000000000000005,0.18,False,True,True,True,True,False,False,39,123,41,39,-0.012512748129665852,5594.997558593924,0.00825430220574433,0.0,40,41,True,0.0
0.135,0.26000000000000006,0.18,True,False,True,True,True,True,False,33,111,40,39,-0.012496910989284515,6182.837402343942,0.030190951171118814,0.0,33,40,True,0.0
0.135,0.2800000000000001,0.18,True,False,True,True,True,True,False,30,104,39,39,-0.012405164539813995,5090.415039062658,0.02753422712063297,0.0,30,39,True,0.0
0.135,0.3,0.18,True,False,True,True,True,True,False,32,104,40,36,-0.012313418090343475,4265.243652343883,0.021916953370836663,0.0,32,40,True,0.0
0.135,0.32,0.18,True,False,True,True,True,True,False,30,87,20,16,-0.012192711234092712,41.6515731811539,0.005237747361435212,0.0,30,20,True,0.0
0.135,0.34,0.18,True,False,False,False,False,False,False,10,18,0,0,0.004771367181092501,0.0,2.9802322387695312e-08,0.0,10,0,False,0.0
0.135,0.36000000000000004,0.18,True,False,False,False,False,False,False,0,0,0,0,,0.0,2.9802322387695312e-08,0.0,0,0,False,0.0
0.135,0.38000000000000006,0.18,True,False,False,False,False,False,False,0,0,0,0,,0.0,2.9802322387695312e-08,0.0,0,0,False,0.0
0.135,0.4000000000000001,0.18,True,False,False,False,False,False,False,0,0,0,0,,0.0,2.9802322387695312e-08,0.0,0,0,False,0.0
0.135,0.42,0.18,True,False,False,False,False,False,False,0,0,0,0,,0.0,2.9802322387695312e-08,0.0,0,0,False,0.0
0.135,-0.42,0.2,True,False,False,False,False,False,False,0,0,0,0,,0.0,2.9802322387695312e-08,0.0,0,0,False,0.0
0.135,-0.39999999999999997,0.2,True,False,False,False,False,False,False,0,0,0,0,,0.0,2.9802322387695312e-08,0.0,0,0,False,0.0
0.135,-0.38,0.2,True,False,False,False,False,False,False,0,0,0,0,,0.0,2.9802322387695312e-08,0.0,0,0,False,0.0
0.135,-0.36,0.2,True,False,False,False,False,False,False,0,0,0,0,,0.0,2.9802322387695312e-08,0.0,0,0,False,0.0
0.135,-0.33999999999999997,0.2,True,False,False,False,False,False,False,2,5,0,0,0.015444576740264893,0.0,2.9802322387695312e-08,0.0,2,0,False,0.0
0.135,-0.31999999999999995,0.2,True,False,False,False,False,False,False,9,18,0,0,0.007879853248596191,0.0,2.9802322387695312e-08,0.0,9,0,False,0.0
0.135,-0.3,0.2,True,False,False,False,False,False,False,15,33,0,0,0.007712617516517639,0.0,2.9802322387695312e-08,0.0,14,0,False,0.0
0.135,-0.27999999999999997,0.2,True,False,False,False,False,False,False,11,32,0,0,0.0076274871826171875,0.0,2.9802322387695312e-08,0.0,11,0,False,0.0
0.135,-0.26,0.2,True,False,False,False,False,False,False,11,32,0,0,0.007542327046394348,0.0,2.9802322387695312e-08,0.0,10,0,False,0.0
0.135,-0.24,0.2,True,False,False,False,False,False,False,12,27,0,0,0.007508085574954748,0.0,2.9802322387695312e-08,0.0,12,0,False,0.0
0.135,-0.21999999999999997,0.2,True,False,False,False,False,False,False,12,25,0,0,0.007500334642827511,0.0,2.9802322387695312e-08,0.0,12,0,False,0.0
0.135,-0.19999999999999998,0.2,True,False,False,False,False,False,False,15,34,0,0,0.007489912211894989,0.0,2.9802322387695312e-08,0.0,15,0,False,0.0
0.135,-0.18,0.2,True,False,False,False,False,False,False,15,38,0,0,0.007481418550014496,0.0,2.9802322387695312e-08,0.0,15,0,False,0.0
0.135,-0.15999999999999998,0.2,True,False,False,False,False,False,False,14,34,0,0,0.007481418550014496,0.0,2.9802322387695312e-08,0.0,14,0,False,0.0
0.135,-0.13999999999999996,0.2,True,False,False,False,False,False,False,20,40,0,0,0.007481418550014496,0.0,2.9802322387695312e-08,0.0,20,0,False,0.0
0.135,-0.12,0.2,True,False,False,False,False,False,False,20,48,0,0,0.0077155232429504395,0.0,2.9802322387695312e-08,0.0,19,0,False,0.0
0.135,-0.09999999999999998,0.2,True,False,False,False,False,False,False,22,54,0,0,0.007623679935932159,0.0,2.980237923100575e-08,0.0,22,0,False,0.0
0.135,-0.07999999999999996,0.2,True,False,False,False,False,False,False,21,51,0,0,0.007715433835983276,0.0,2.9802322387695312e-08,0.0,21,0,False,0.0
0.135,-0.06,0.2,True,False,False,False,False,False,False,19,45,0,0,0.0077666789293289185,0.0,2.9802322387695312e-08,0.0,19,0,False,0.0
0.135,-0.03999999999999998,0.2,True,False,False,False,False,False,False,17,43,0,0,0.00848634634166956,0.0,2.9802322387695312e-08,0.0,17,0,False,0.0
0.135,-0.019999999999999962,0.2,True,False,False,False,False,False,False,17,40,0,0,0.008560587652027607,0.0,2.9802322387695312e-08,0.0,17,0,False,0.0
0.135,0.0,0.2,True,False,False,False,False,False,False,17,40,0,0,0.008555077947676182,0.0,2.9802322387695312e-08,0.0,17,0,False,0.0
0.135,0.020000000000000018,0.2,True,False,False,False,False,False,False,17,40,0,0,0.00857070367783308,0.0,2.9802322387695312e-08,0.0,17,0,False,0.0
0.135,0.040000000000000036,0.2,True,False,False,False,False,False,False,17,43,0,0,0.008576800115406513,0.0,2.9802322387695312e-08,0.0,17,0,False,0.0
0.135,0.06,0.2,True,False,False,False,False,False,False,19,46,0,0,0.007790934760123491,0.0,2.9802322387695312e-08,0.0,19,0,False,0.0
0.135,0.08000000000000002,0.2,True,False,False,False,False,False,False,17,47,0,0,0.007705137133598328,0.0,2.9802322387695312e-08,0.0,17,0,False,0.0
0.135,0.10000000000000003,0.2,True,False,False,False,False,False,False,19,52,0,0,0.007619984447956085,0.0,2.9802322387695312e-08,0.0,19,0,False,0.0
0.135,0.12000000000000005,0.2,True,False,False,False,False,False,False,23,53,0,0,0.007534869015216827,0.0,2.9802322387695312e-08,0.0,23,0,False,0.0
0.135,0.14000000000000007,0.2,True,False,False,False,False,False,False,19,43,0,0,0.007513217628002167,0.0,2.9802322387695312e-08,0.0,19,0,False,0.0
0.135,0.15999999999999998,0.2,True,False,False,False,False,False,False,17,39,0,0,0.007513217628002167,0.0,2.9802322387695312e-08,0.0,17,0,False,0.0
0.135,0.18,0.2,True,False,False,False,False,False,False,15,34,0,0,0.007513217628002167,0.0,2.9802322387695312e-08,0.0,16,0,False,0.0
0.135,0.2,0.2,True,False,False,False,False,False,False,16,36,0,0,0.007501383777707815,0.0,2.9802322387695312e-08,0.0,16,0,False,0.0
0.135,0.22000000000000003,0.2,True,False,False,False,False,False,False,16,37,0,0,0.007492668926715851,0.0,2.9802322387695312e-08,0.0,16,0,False,0.0
0.135,0.24000000000000005,0.2,True,False,False,False,False,False,False,16,30,0,0,0.007483825087547302,0.0,2.9802322387695312e-08,0.0,16,0,False,0.0
0.135,0.26000000000000006,0.2,True,False,False,False,False,False,False,16,40,0,0,0.007503107190132141,0.0,2.9802322387695312e-08,0.0,16,0,False,0.0
0.135,0.2800000000000001,0.2,True,False,False,False,False,False,False,16,40,0,0,0.007594853639602661,0.0,2.9802322387695312e-08,0.0,16,0,False,0.0
0.135,0.3,0.2,True,False,False,False,False,False,False,18,42,0,0,0.007723450660705566,0.0,2.9802322387695312e-08,0.0,18,0,False,0.0
0.135,0.32,0.2,True,False,False,False,False,False,False,10,18,0,0,0.007773958146572113,0.0,2.9802322387695312e-08,0.0,10,0,False,0.0
0.135,0.34,0.2,True,False,False,False,False,False,False,2,6,0,0,0.015034646727144718,0.0,2.9802322387695312e-08,0.0,2,0,False,0.0
0.135,0.36000000000000004,0.2,True,False,False,False,False,False,False,0,0,0,0,,0.0,2.9802322387695312e-08,0.0,0,0,False,0.0
0.135,0.38000000000000006,0.2,True,False,False,False,False,False,False,0,0,0,0,,0.0,2.9802322387695312e-08,0.0,0,0,False,0.0
0.135,0.4000000000000001,0.2,True,False,False,False,False,False,False,0,0,0,0,,0.0,2.9802322387695312e-08,0.0,0,0,False,0.0
0.135,0.42,0.2,True,False,False,False,False,False,False,0,0,0,0,,0.0,2.9802322387695312e-08,0.0,0,0,False,0.0
0.135,-0.42,0.22000000000000003,True,False,False,False,False,False,False,0,0,0,0,,0.0,2.9802322387695312e-08,0.0,0,0,False,0.0
0.135,-0.39999999999999997,0.22000000000000003,True,False,False,False,False,False,False,0,0,0,0,,0.0,2.9802322387695312e-08,0.0,0,0,False,0.0
0.135,-0.38,0.22000000000000003,True,False,False,False,False,False,False,0,0,0,0,,0.0,2.9802322387695312e-08,0.0,0,0,False,0.0
0.135,-0.36,0.22000000000000003,True,False,False,False,False,False,False,0,0,0,0,,0.0,2.9802322387695312e-08,0.0,0,0,False,0.0
0.135,-0.33999999999999997,0.22000000000000003,True,False,False,False,False,False,False,0,0,0,0,,0.0,2.9802322387695312e-08,0.0,0,0,False,0.0
0.135,-0.31999999999999995,0.22000000000000003,True,False,False,False,False,False,False,0,0,0,0,,0.0,2.9802322387695312e-08,0.0,0,0,False,0.0
0.135,-0.3,0.22000000000000003,True,False,False,False,False,False,False,0,0,0,0,,0.0,2.9802322387695312e-08,0.0,0,0,False,0.0
0.135,-0.27999999999999997,0.22000000000000003,True,False,False,False,False,False,False,0,0,0,0,,0.0,2.9802322387695312e-08,0.0,0,0,False,0.0
0.135,-0.26,0.22000000000000003,True,False,False,False,False,False,False,0,0,0,0,,0.0,2.9802322387695312e-08,0.0,0,0,False,0.0
0.135,-0.24,0.22000000000000003,True,False,False,False,False,False,False,0,0,0,0,,0.0,2.9802322387695312e-08,0.0,0,0,False,0.0
0.135,-0.21999999999999997,0.22000000000000003,True,False,False,False,False,False,False,0,0,0,0,,0.0,2.9802322387695312e-08,0.0,0,0,False,0.0
0.135,-0.19999999999999998,0.22000000000000003,True,False,False,False,False,False,False,0,0,0,0,,0.0,2.9802322387695312e-08,0.0,0,0,False,0.0
0.135,-0.18,0.22000000000000003,True,False,False,False,False,False,False,0,0,0,0,,0.0,2.9802322387695312e-08,0.0,0,0,False,0.0
0.135,-0.15999999999999998,0.22000000000000003,True,False,False,False,False,False,False,0,0,0,0,,0.0,2.9802322387695312e-08,0.0,0,0,False,0.0
0.135,-0.13999999999999996,0.22000000000000003,True,False,False,False,False,False,False,0,0,0,0,,0.0,2.9802322387695312e-08,0.0,0,0,False,0.0
0.135,-0.12,0.22000000000000003,True,False,False,False,False,False,False,0,0,0,0,,0.0,2.9802322387695312e-08,0.0,0,0,False,0.0
0.135,-0.09999999999999998,0.22000000000000003,True,False,False,False,False,False,False,0,0,0,0,,0.0,2.980237923100575e-08,0.0,0,0,False,0.0
0.135,-0.07999999999999996,0.22000000000000003,True,False,False,False,False,False,False,0,0,0,0,,0.0,2.9802322387695312e-08,0.0,0,0,False,0.0
0.135,-0.06,0.22000000000000003,True,False,False,False,False,False,False,0,0,0,0,,0.0,2.9802322387695312e-08,0.0,0,0,False,0.0
0.135,-0.03999999999999998,0.22000000000000003,True,False,False,False,False,False,False,0,0,0,0,,0.0,2.9802322387695312e-08,0.0,0,0,False,0.0
0.135,-0.019999999999999962,0.22000000000000003,True,False,False,False,False,False,False,0,0,0,0,,0.0,2.9802322387695312e-08,0.0,0,0,False,0.0
0.135,0.0,0.22000000000000003,True,False,False,False,False,False,False,0,0,0,0,,0.0,2.9802322387695312e-08,0.0,0,0,False,0.0
0.135,0.020000000000000018,0.22000000000000003,True,False,False,False,False,False,False,0,0,0,0,,0.0,2.9802322387695312e-08,0.0,0,0,False,0.0
0.135,0.040000000000000036,0.22000000000000003,True,False,False,False,False,False,False,0,0,0,0,,0.0,2.9802322387695312e-08,0.0,0,0,False,0.0
0.135,0.06,0.22000000000000003,True,False,False,False,False,False,False,0,0,0,0,,0.0,2.9802322387695312e-08,0.0,0,0,False,0.0
0.135,0.08000000000000002,0.22000000000000003,True,False,False,False,False,False,False,0,0,0,0,,0.0,2.9802322387695312e-08,0.0,0,0,False,0.0
0.135,0.10000000000000003,0.22000000000000003,True,False,False,False,False,False,False,0,0,0,0,,0.0,2.9802322387695312e-08,0.0,0,0,False,0.0
0.135,0.12000000000000005,0.22000000000000003,True,False,False,False,False,False,False,0,0,0,0,,0.0,2.9802322387695312e-08,0.0,0,0,False,0.0
0.135,0.14000000000000007,0.22000000000000003,True,False,False,False,False,False,False,0,0,0,0,,0.0,2.9802322387695312e-08,0.0,0,0,False,0.0
0.135,0.15999999999999998,0.22000000000000003,True,False,False,False,False,False,False,0,0,0,0,,0.0,2.9802322387695312e-08,0.0,0,0,False,0.0
0.135,0.18,0.22000000000000003,True,False,False,False,False,False,False,0,0,0,0,,0.0,2.9802322387695312e-08,0.0,0,0,False,0.0
0.135,0.2,0.22000000000000003,True,False,False,False,False,False,False,0,0,0,0,,0.0,2.9802322387695312e-08,0.0,0,0,False,0.0
0.135,0.22000000000000003,0.22000000000000003,True,False,False,False,False,False,False,0,0,0,0,,0.0,2.9802322387695312e-08,0.0,0,0,False,0.0
0.135,0.24000000000000005,0.22000000000000003,True,False,False,False,False,False,False,0,0,0,0,,0.0,2.9802322387695312e-08,0.0,0,0,False,0.0
0.135,0.26000000000000006,0.22000000000000003,True,False,False,False,False,False,False,0,0,0,0,,0.0,2.9802322387695312e-08,0.0,0,0,False,0.0
0.135,0.2800000000000001,0.22000000000000003,True,False,False,False,False,False,False,0,0,0,0,,0.0,2.9802322387695312e-08,0.0,0,0,False,0.0
0.135,0.3,0.22000000000000003,True,False,False,False,False,False,False,0,0,0,0,,0.0,2.9802322387695312e-08,0.0,0,0,False,0.0
0.135,0.32,0.22000000000000003,True,False,False,False,False,False,False,0,0,0,0,,0.0,2.9802322387695312e-08,0.0,0,0,False,0.0
0.135,0.34,0.22000000000000003,True,False,False,False,False,False,False,0,0,0,0,,0.0,2.9802322387695312e-08,0.0,0,0,False,0.0
0.135,0.36000000000000004,0.22000000000000003,True,False,False,False,False,False,False,0,0,0,0,,0.0,2.9802322387695312e-08,0.0,0,0,False,0.0
0.135,0.38000000000000006,0.22000000000000003,True,False,False,False,False,False,False,0,0,0,0,,0.0,2.9802322387695312e-08,0.0,0,0,False,0.0
0.135,0.4000000000000001,0.22000000000000003,True,False,False,False,False,False,False,0,0,0,0,,0.0,2.9802322387695312e-08,0.0,0,0,False,0.0
0.135,0.42,0.22000000000000003,True,False,False,False,False,False,False,0,0,0,0,,0.0,2.9802322387695312e-08,0.0,0,0,False,0.0
0.135,-0.42,0.23999999999999994,True,False,False,False,False,False,False,0,0,0,0,,0.0,2.9802322387695312e-08,0.0,0,0,False,0.0
0.135,-0.39999999999999997,0.23999999999999994,True,False,False,False,False,False,False,0,0,0,0,,0.0,2.9802322387695312e-08,0.0,0,0,False,0.0
0.135,-0.38,0.23999999999999994,True,False,False,False,False,False,False,0,0,0,0,,0.0,2.9802322387695312e-08,0.0,0,0,False,0.0
0.135,-0.36,0.23999999999999994,True,False,False,False,False,False,False,0,0,0,0,,0.0,2.9802322387695312e-08,0.0,0,0,False,0.0
0.135,-0.33999999999999997,0.23999999999999994,True,False,False,False,False,False,False,0,0,0,0,,0.0,2.9802322387695312e-08,0.0,0,0,False,0.0
0.135,-0.31999999999999995,0.23999999999999994,True,False,False,False,False,False,False,0,0,0,0,,0.0,2.9802322387695312e-08,0.0,0,0,False,0.0
0.135,-0.3,0.23999999999999994,True,False,False,False,False,False,False,0,0,0,0,,0.0,2.9802322387695312e-08,0.0,0,0,False,0.0
0.135,-0.27999999999999997,0.23999999999999994,True,False,False,False,False,False,False,0,0,0,0,,0.0,2.9802322387695312e-08,0.0,0,0,False,0.0
0.135,-0.26,0.23999999999999994,True,False,False,False,False,False,False,0,0,0,0,,0.0,2.9802322387695312e-08,0.0,0,0,False,0.0
0.135,-0.24,0.23999999999999994,True,False,False,False,False,False,False,0,0,0,0,,0.0,2.9802322387695312e-08,0.0,0,0,False,0.0
0.135,-0.21999999999999997,0.23999999999999994,True,False,False,False,False,False,False,0,0,0,0,,0.0,2.9802322387695312e-08,0.0,0,0,False,0.0
0.135,-0.19999999999999998,0.23999999999999994,True,False,False,False,False,False,False,0,0,0,0,,0.0,2.9802322387695312e-08,0.0,0,0,False,0.0
0.135,-0.18,0.23999999999999994,True,False,False,False,False,False,False,0,0,0,0,,0.0,2.9802322387695312e-08,0.0,0,0,False,0.0
0.135,-0.15999999999999998,0.23999999999999994,True,False,False,False,False,False,False,0,0,0,0,,0.0,2.9802322387695312e-08,0.0,0,0,False,0.0
0.135,-0.13999999999999996,0.23999999999999994,True,False,False,False,False,False,False,0,0,0,0,,0.0,2.9802322387695312e-08,0.0,0,0,False,0.0
0.135,-0.12,0.23999999999999994,True,False,False,False,False,False,False,0,0,0,0,,0.0,2.9802322387695312e-08,0.0,0,0,False,0.0
0.135,-0.09999999999999998,0.23999999999999994,True,False,False,False,False,False,False,0,0,0,0,,0.0,2.980237923100575e-08,0.0,0,0,False,0.0
0.135,-0.07999999999999996,0.23999999999999994,True,False,False,False,False,False,False,0,0,0,0,,0.0,2.9802322387695312e-08,0.0,0,0,False,0.0
0.135,-0.06,0.23999999999999994,True,False,False,False,False,False,False,0,0,0,0,,0.0,2.9802322387695312e-08,0.0,0,0,False,0.0
0.135,-0.03999999999999998,0.23999999999999994,True,False,False,False,False,False,False,0,0,0,0,,0.0,2.9802322387695312e-08,0.0,0,0,False,0.0
0.135,-0.019999999999999962,0.23999999999999994,True,False,False,False,False,False,False,0,0,0,0,,0.0,2.9802322387695312e-08,0.0,0,0,False,0.0
0.135,0.0,0.23999999999999994,True,False,False,False,False,False,False,0,0,0,0,,0.0,2.9802322387695312e-08,0.0,0,0,False,0.0
0.135,0.020000000000000018,0.23999999999999994,True,False,False,False,False,False,False,0,0,0,0,,0.0,2.9802322387695312e-08,0.0,0,0,False,0.0
0.135,0.040000000000000036,0.23999999999999994,True,False,False,False,False,False,False,0,0,0,0,,0.0,2.9802322387695312e-08,0.0,0,0,False,0.0
0.135,0.06,0.23999999999999994,True,False,False,False,False,False,False,0,0,0,0,,0.0,2.9802322387695312e-08,0.0,0,0,False,0.0
0.135,0.08000000000000002,0.23999999999999994,True,False,False,False,False,False,False,0,0,0,0,,0.0,2.9802322387695312e-08,0.0,0,0,False,0.0
0.135,0.10000000000000003,0.23999999999999994,True,False,False,False,False,False,False,0,0,0,0,,0.0,2.9802322387695312e-08,0.0,0,0,False,0.0
0.135,0.12000000000000005,0.23999999999999994,True,False,False,False,False,False,False,0,0,0,0,,0.0,2.9802322387695312e-08,0.0,0,0,False,0.0
0.135,0.14000000000000007,0.23999999999999994,True,False,False,False,False,False,False,0,0,0,0,,0.0,2.9802322387695312e-08,0.0,0,0,False,0.0
0.135,0.15999999999999998,0.23999999999999994,True,False,False,False,False,False,False,0,0,0,0,,0.0,2.9802322387695312e-08,0.0,0,0,False,0.0
0.135,0.18,0.23999999999999994,True,False,False,False,False,False,False,0,0,0,0,,0.0,2.9802322387695312e-08,0.0,0,0,False,0.0
0.135,0.2,0.23999999999999994,True,False,False,False,False,False,False,0,0,0,0,,0.0,2.9802322387695312e-08,0.0,0,0,False,0.0
0.135,0.22000000000000003,0.23999999999999994,True,False,False,False,False,False,False,0,0,0,0,,0.0,2.9802322387695312e-08,0.0,0,0,False,0.0
0.135,0.24000000000000005,0.23999999999999994,True,False,False,False,False,False,False,0,0,0,0,,0.0,2.9802322387695312e-08,0.0,0,0,False,0.0
0.135,0.26000000000000006,0.23999999999999994,True,False,False,False,False,False,False,0,0,0,0,,0.0,2.9802322387695312e-08,0.0,0,0,False,0.0
0.135,0.2800000000000001,0.23999999999999994,True,False,False,False,False,False,False,0,0,0,0,,0.0,2.9802322387695312e-08,0.0,0,0,False,0.0
0.135,0.3,0.23999999999999994,True,False,False,False,False,False,False,0,0,0,0,,0.0,2.9802322387695312e-08,0.0,0,0,False,0.0
0.135,0.32,0.23999999999999994,True,False,False,False,False,False,False,0,0,0,0,,0.0,2.9802322387695312e-08,0.0,0,0,False,0.0
0.135,0.34,0.23999999999999994,True,False,False,False,False,False,False,0,0,0,0,,0.0,2.9802322387695312e-08,0.0,0,0,False,0.0
0.135,0.36000000000000004,0.23999999999999994,True,False,False,False,False,False,False,0,0,0,0,,0.0,2.9802322387695312e-08,0.0,0,0,False,0.0
0.135,0.38000000000000006,0.23999999999999994,True,False,False,False,False,False,False,0,0,0,0,,0.0,2.9802322387695312e-08,0.0,0,0,False,0.0
0.135,0.4000000000000001,0.23999999999999994,True,False,False,False,False,False,False,0,0,0,0,,0.0,2.9802322387695312e-08,0.0,0,0,False,0.0
0.135,0.42,0.23999999999999994,True,False,False,False,False,False,False,0,0,0,0,,0.0,2.9802322387695312e-08,0.0,0,0,False,0.0
0.135,-0.42,0.25999999999999995,True,False,False,False,False,False,False,0,0,0,0,,0.0,2.9802322387695312e-08,0.0,0,0,False,0.0
0.135,-0.39999999999999997,0.25999999999999995,True,False,False,False,False,False,False,0,0,0,0,,0.0,2.9802322387695312e-08,0.0,0,0,False,0.0
0.135,-0.38,0.25999999999999995,True,False,False,False,False,False,False,0,0,0,0,,0.0,2.9802322387695312e-08,0.0,0,0,False,0.0
0.135,-0.36,0.25999999999999995,True,False,False,False,False,False,False,0,0,0,0,,0.0,2.9802322387695312e-08,0.0,0,0,False,0.0
0.135,-0.33999999999999997,0.25999999999999995,True,False,False,False,False,False,False,0,0,0,0,,0.0,2.9802322387695312e-08,0.0,0,0,False,0.0
0.135,-0.31999999999999995,0.25999999999999995,True,False,False,False,False,False,False,0,0,0,0,,0.0,2.9802322387695312e-08,0.0,0,0,False,0.0
0.135,-0.3,0.25999999999999995,True,False,False,False,False,False,False,0,0,0,0,,0.0,2.9802322387695312e-08,0.0,0,0,False,0.0
0.135,-0.27999999999999997,0.25999999999999995,True,False,False,False,False,False,False,0,0,0,0,,0.0,2.9802322387695312e-08,0.0,0,0,False,0.0
0.135,-0.26,0.25999999999999995,True,False,False,False,False,False,False,0,0,0,0,,0.0,2.9802322387695312e-08,0.0,0,0,False,0.0
0.135,-0.24,0.25999999999999995,True,False,False,False,False,False,False,0,0,0,0,,0.0,2.9802322387695312e-08,0.0,0,0,False,0.0
0.135,-0.21999999999999997,0.25999999999999995,True,False,False,False,False,False,False,0,0,0,0,,0.0,2.9802322387695312e-08,0.0,0,0,False,0.0
0.135,-0.19999999999999998,0.25999999999999995,True,False,False,False,False,False,False,0,0,0,0,,0.0,2.9802322387695312e-08,0.0,0,0,False,0.0
0.135,-0.18,0.25999999999999995,True,False,False,False,False,False,False,0,0,0,0,,0.0,2.9802322387695312e-08,0.0,0,0,False,0.0
0.135,-0.15999999999999998,0.25999999999999995,True,False,False,False,False,False,False,0,0,0,0,,0.0,2.9802322387695312e-08,0.0,0,0,False,0.0
0.135,-0.13999999999999996,0.25999999999999995,True,False,False,False,False,False,False,0,0,0,0,,0.0,2.9802322387695312e-08,0.0,0,0,False,0.0
0.135,-0.12,0.25999999999999995,True,False,False,False,False,False,False,0,0,0,0,,0.0,2.9802322387695312e-08,0.0,0,0,False,0.0
0.135,-0.09999999999999998,0.25999999999999995,True,False,False,False,False,False,False,0,0,0,0,,0.0,2.980237923100575e-08,0.0,0,0,False,0.0
0.135,-0.07999999999999996,0.25999999999999995,True,False,False,False,False,False,False,0,0,0,0,,0.0,2.9802322387695312e-08,0.0,0,0,False,0.0
0.135,-0.06,0.25999999999999995,True,False,False,False,False,False,False,0,0,0,0,,0.0,2.9802322387695312e-08,0.0,0,0,False,0.0
0.135,-0.03999999999999998,0.25999999999999995,True,False,False,False,False,False,False,0,0,0,0,,0.0,2.9802322387695312e-08,0.0,0,0,False,0.0
0.135,-0.019999999999999962,0.25999999999999995,True,False,False,False,False,False,False,0,0,0,0,,0.0,2.9802322387695312e-08,0.0,0,0,False,0.0
0.135,0.0,0.25999999999999995,True,False,False,False,False,False,False,0,0,0,0,,0.0,2.9802322387695312e-08,0.0,0,0,False,0.0
0.135,0.020000000000000018,0.25999999999999995,True,False,False,False,False,False,False,0,0,0,0,,0.0,2.9802322387695312e-08,0.0,0,0,False,0.0
0.135,0.040000000000000036,0.25999999999999995,True,False,False,False,False,False,False,0,0,0,0,,0.0,2.9802322387695312e-08,0.0,0,0,False,0.0
0.135,0.06,0.25999999999999995,True,False,False,False,False,False,False,0,0,0,0,,0.0,2.9802322387695312e-08,0.0,0,0,False,0.0
0.135,0.08000000000000002,0.25999999999999995,True,False,False,False,False,False,False,0,0,0,0,,0.0,2.9802322387695312e-08,0.0,0,0,False,0.0
0.135,0.10000000000000003,0.25999999999999995,True,False,False,False,False,False,False,0,0,0,0,,0.0,2.9802322387695312e-08,0.0,0,0,False,0.0
0.135,0.12000000000000005,0.25999999999999995,True,False,False,False,False,False,False,0,0,0,0,,0.0,2.9802322387695312e-08,0.0,0,0,False,0.0
0.135,0.14000000000000007,0.25999999999999995,True,False,False,False,False,False,False,0,0,0,0,,0.0,2.9802322387695312e-08,0.0,0,0,False,0.0
0.135,0.15999999999999998,0.25999999999999995,True,False,False,False,False,False,False,0,0,0,0,,0.0,2.9802322387695312e-08,0.0,0,0,False,0.0
0.135,0.18,0.25999999999999995,True,False,False,False,False,False,False,0,0,0,0,,0.0,2.9802322387695312e-08,0.0,0,0,False,0.0
0.135,0.2,0.25999999999999995,True,False,False,False,False,False,False,0,0,0,0,,0.0,2.9802322387695312e-08,0.0,0,0,False,0.0
0.135,0.22000000000000003,0.25999999999999995,True,False,False,False,False,False,False,0,0,0,0,,0.0,2.9802322387695312e-08,0.0,0,0,False,0.0
0.135,0.24000000000000005,0.25999999999999995,True,False,False,False,False,False,False,0,0,0,0,,0.0,2.9802322387695312e-08,0.0,0,0,False,0.0
0.135,0.26000000000000006,0.25999999999999995,True,False,False,False,False,False,False,0,0,0,0,,0.0,2.9802322387695312e-08,0.0,0,0,False,0.0
0.135,0.2800000000000001,0.25999999999999995,True,False,False,False,False,False,False,0,0,0,0,,0.0,2.9802322387695312e-08,0.0,0,0,False,0.0
0.135,0.3,0.25999999999999995,True,False,False,False,False,False,False,0,0,0,0,,0.0,2.9802322387695312e-08,0.0,0,0,False,0.0
0.135,0.32,0.25999999999999995,True,False,False,False,False,False,False,0,0,0,0,,0.0,2.9802322387695312e-08,0.0,0,0,False,0.0
0.135,0.34,0.25999999999999995,True,False,False,False,False,False,False,0,0,0,0,,0.0,2.9802322387695312e-08,0.0,0,0,False,0.0
0.135,0.36000000000000004,0.25999999999999995,True,False,False,False,False,False,False,0,0,0,0,,0.0,2.9802322387695312e-08,0.0,0,0,False,0.0
0.135,0.38000000000000006,0.25999999999999995,True,False,False,False,False,False,False,0,0,0,0,,0.0,2.9802322387695312e-08,0.0,0,0,False,0.0
0.135,0.4000000000000001,0.25999999999999995,True,False,False,False,False,False,False,0,0,0,0,,0.0,2.9802322387695312e-08,0.0,0,0,False,0.0
0.135,0.42,0.25999999999999995,True,False,False,False,False,False,False,0,0,0,0,,0.0,2.9802322387695312e-08,0.0,0,0,False,0.0
0.135,-0.42,0.27999999999999997,True,False,False,False,False,False,False,0,0,0,0,,0.0,2.9802322387695312e-08,0.0,0,0,False,0.0
0.135,-0.39999999999999997,0.27999999999999997,True,False,False,False,False,False,False,0,0,0,0,,0.0,2.9802322387695312e-08,0.0,0,0,False,0.0
0.135,-0.38,0.27999999999999997,True,False,False,False,False,False,False,0,0,0,0,,0.0,2.9802322387695312e-08,0.0,0,0,False,0.0
0.135,-0.36,0.27999999999999997,True,False,False,False,False,False,False,0,0,0,0,,0.0,2.9802322387695312e-08,0.0,0,0,False,0.0
0.135,-0.33999999999999997,0.27999999999999997,True,False,False,False,False,False,False,0,0,0,0,,0.0,2.9802322387695312e-08,0.0,0,0,False,0.0
0.135,-0.31999999999999995,0.27999999999999997,True,False,False,False,False,False,False,0,0,0,0,,0.0,2.9802322387695312e-08,0.0,0,0,False,0.0
0.135,-0.3,0.27999999999999997,True,False,False,False,False,False,False,0,0,0,0,,0.0,2.9802322387695312e-08,0.0,0,0,False,0.0
0.135,-0.27999999999999997,0.27999999999999997,True,False,False,False,False,False,False,0,0,0,0,,0.0,2.9802322387695312e-08,0.0,0,0,False,0.0
0.135,-0.26,0.27999999999999997,True,False,False,False,False,False,False,0,0,0,0,,0.0,2.9802322387695312e-08,0.0,0,0,False,0.0
0.135,-0.24,0.27999999999999997,True,False,False,False,False,False,False,0,0,0,0,,0.0,2.9802322387695312e-08,0.0,0,0,False,0.0
0.135,-0.21999999999999997,0.27999999999999997,True,False,False,False,False,False,False,0,0,0,0,,0.0,2.9802322387695312e-08,0.0,0,0,False,0.0
0.135,-0.19999999999999998,0.27999999999999997,True,False,False,False,False,False,False,0,0,0,0,,0.0,2.9802322387695312e-08,0.0,0,0,False,0.0
0.135,-0.18,0.27999999999999997,True,False,False,False,False,False,False,0,0,0,0,,0.0,2.9802322387695312e-08,0.0,0,0,False,0.0
0.135,-0.15999999999999998,0.27999999999999997,True,False,False,False,False,False,False,0,0,0,0,,0.0,2.9802322387695312e-08,0.0,0,0,False,0.0
0.135,-0.13999999999999996,0.27999999999999997,True,False,False,False,False,False,False,0,0,0,0,,0.0,2.9802322387695312e-08,0.0,0,0,False,0.0
0.135,-0.12,0.27999999999999997,True,False,False,False,False,False,False,0,0,0,0,,0.0,2.9802322387695312e-08,0.0,0,0,False,0.0
0.135,-0.09999999999999998,0.27999999999999997,True,False,False,False,False,False,False,0,0,0,0,,0.0,2.980237923100575e-08,0.0,0,0,False,0.0
0.135,-0.07999999999999996,0.27999999999999997,True,False,False,False,False,False,False,0,0,0,0,,0.0,2.9802322387695312e-08,0.0,0,0,False,0.0
0.135,-0.06,0.27999999999999997,True,False,False,False,False,False,False,0,0,0,0,,0.0,2.9802322387695312e-08,0.0,0,0,False,0.0
0.135,-0.03999999999999998,0.27999999999999997,True,False,False,False,False,False,False,0,0,0,0,,0.0,2.9802322387695312e-08,0.0,0,0,False,0.0
0.135,-0.019999999999999962,0.27999999999999997,True,False,False,False,False,False,False,0,0,0,0,,0.0,2.9802322387695312e-08,0.0,0,0,False,0.0
0.135,0.0,0.27999999999999997,True,False,False,False,False,False,False,0,0,0,0,,0.0,2.9802322387695312e-08,0.0,0,0,False,0.0
0.135,0.020000000000000018,0.27999999999999997,True,False,False,False,False,False,False,0,0,0,0,,0.0,2.9802322387695312e-08,0.0,0,0,False,0.0
0.135,0.040000000000000036,0.27999999999999997,True,False,False,False,False,False,False,0,0,0,0,,0.0,2.9802322387695312e-08,0.0,0,0,False,0.0
0.135,0.06,0.27999999999999997,True,False,False,False,False,False,False,0,0,0,0,,0.0,2.9802322387695312e-08,0.0,0,0,False,0.0
0.135,0.08000000000000002,0.27999999999999997,True,False,False,False,False,False,False,0,0,0,0,,0.0,2.9802322387695312e-08,0.0,0,0,False,0.0
0.135,0.10000000000000003,0.27999999999999997,True,False,False,False,False,False,False,0,0,0,0,,0.0,2.9802322387695312e-08,0.0,0,0,False,0.0
0.135,0.12000000000000005,0.27999999999999997,True,False,False,False,False,False,False,0,0,0,0,,0.0,2.9802322387695312e-08,0.0,0,0,False,0.0
0.135,0.14000000000000007,0.27999999999999997,True,False,False,False,False,False,False,0,0,0,0,,0.0,2.9802322387695312e-08,0.0,0,0,False,0.0
0.135,0.15999999999999998,0.27999999999999997,True,False,False,False,False,False,False,0,0,0,0,,0.0,2.9802322387695312e-08,0.0,0,0,False,0.0
0.135,0.18,0.27999999999999997,True,False,False,False,False,False,False,0,0,0,0,,0.0,2.9802322387695312e-08,0.0,0,0,False,0.0
0.135,0.2,0.27999999999999997,True,False,False,False,False,False,False,0,0,0,0,,0.0,2.9802322387695312e-08,0.0,0,0,False,0.0
0.135,0.22000000000000003,0.27999999999999997,True,False,False,False,False,False,False,0,0,0,0,,0.0,2.9802322387695312e-08,0.0,0,0,False,0.0
0.135,0.24000000000000005,0.27999999999999997,True,False,False,False,False,False,False,0,0,0,0,,0.0,2.9802322387695312e-08,0.0,0,0,False,0.0
0.135,0.26000000000000006,0.27999999999999997,True,False,False,False,False,False,False,0,0,0,0,,0.0,2.9802322387695312e-08,0.0,0,0,False,0.0
0.135,0.2800000000000001,0.27999999999999997,True,False,False,False,False,False,False,0,0,0,0,,0.0,2.9802322387695312e-08,0.0,0,0,False,0.0
0.135,0.3,0.27999999999999997,True,False,False,False,False,False,False,0,0,0,0,,0.0,2.9802322387695312e-08,0.0,0,0,False,0.0
0.135,0.32,0.27999999999999997,True,False,False,False,False,False,False,0,0,0,0,,0.0,2.9802322387695312e-08,0.0,0,0,False,0.0
0.135,0.34,0.27999999999999997,True,False,False,False,False,False,False,0,0,0,0,,0.0,2.9802322387695312e-08,0.0,0,0,False,0.0
0.135,0.36000000000000004,0.27999999999999997,True,False,False,False,False,False,False,0,0,0,0,,0.0,2.9802322387695312e-08,0.0,0,0,False,0.0
0.135,0.38000000000000006,0.27999999999999997,True,False,False,False,False,False,False,0,0,0,0,,0.0,2.9802322387695312e-08,0.0,0,0,False,0.0
0.135,0.4000000000000001,0.27999999999999997,True,False,False,False,False,False,False,0,0,0,0,,0.0,2.9802322387695312e-08,0.0,0,0,False,0.0
0.135,0.42,0.27999999999999997,True,False,False,False,False,False,False,0,0,0,0,,0.0,2.9802322387695312e-08,0.0,0,0,False,0.0
0.135,-0.42,0.3,True,False,False,False,False,False,False,0,0,0,0,,0.0,2.9802322387695312e-08,0.0,0,0,False,0.0
0.135,-0.39999999999999997,0.3,True,False,False,False,False,False,False,0,0,0,0,,0.0,2.9802322387695312e-08,0.0,0,0,False,0.0
0.135,-0.38,0.3,True,False,False,False,False,False,False,0,0,0,0,,0.0,2.9802322387695312e-08,0.0,0,0,False,0.0
0.135,-0.36,0.3,True,False,False,False,False,False,False,0,0,0,0,,0.0,2.9802322387695312e-08,0.0,0,0,False,0.0
0.135,-0.33999999999999997,0.3,True,False,False,False,False,False,False,0,0,0,0,,0.0,2.9802322387695312e-08,0.0,0,0,False,0.0
0.135,-0.31999999999999995,0.3,True,False,False,False,False,False,False,0,0,0,0,,0.0,2.9802322387695312e-08,0.0,0,0,False,0.0
0.135,-0.3,0.3,True,False,False,False,False,False,False,0,0,0,0,,0.0,2.9802322387695312e-08,0.0,0,0,False,0.0
0.135,-0.27999999999999997,0.3,True,False,False,False,False,False,False,0,0,0,0,,0.0,2.9802322387695312e-08,0.0,0,0,False,0.0
0.135,-0.26,0.3,True,False,False,False,False,False,False,0,0,0,0,,0.0,2.9802322387695312e-08,0.0,0,0,False,0.0
0.135,-0.24,0.3,True,False,False,False,False,False,False,0,0,0,0,,0.0,2.9802322387695312e-08,0.0,0,0,False,0.0
0.135,-0.21999999999999997,0.3,True,False,False,False,False,False,False,0,0,0,0,,0.0,2.9802322387695312e-08,0.0,0,0,False,0.0
0.135,-0.19999999999999998,0.3,True,False,False,False,False,False,False,0,0,0,0,,0.0,2.9802322387695312e-08,0.0,0,0,False,0.0
0.135,-0.18,0.3,True,False,False,False,False,False,False,0,0,0,0,,0.0,2.9802322387695312e-08,0.0,0,0,False,0.0
0.135,-0.15999999999999998,0.3,True,False,False,False,False,False,False,0,0,0,0,,0.0,2.9802322387695312e-08,0.0,0,0,False,0.0
0.135,-0.13999999999999996,0.3,True,False,False,False,False,False,False,0,0,0,0,,0.0,2.9802322387695312e-08,0.0,0,0,False,0.0
0.135,-0.12,0.3,True,False,False,False,False,False,False,0,0,0,0,,0.0,2.9802322387695312e-08,0.0,0,0,False,0.0
0.135,-0.09999999999999998,0.3,True,False,False,False,False,False,False,0,0,0,0,,0.0,2.980237923100575e-08,0.0,0,0,False,0.0
0.135,-0.07999999999999996,0.3,True,False,False,False,False,False,False,0,0,0,0,,0.0,2.9802322387695312e-08,0.0,0,0,False,0.0
0.135,-0.06,0.3,True,False,False,False,False,False,False,0,0,0,0,,0.0,2.9802322387695312e-08,0.0,0,0,False,0.0
0.135,-0.03999999999999998,0.3,True,False,False,False,False,False,False,0,0,0,0,,0.0,2.9802322387695312e-08,0.0,0,0,False,0.0
0.135,-0.019999999999999962,0.3,True,False,False,False,False,False,False,0,0,0,0,,0.0,2.9802322387695312e-08,0.0,0,0,False,0.0
0.135,0.0,0.3,True,False,False,False,False,False,False,0,0,0,0,,0.0,2.9802322387695312e-08,0.0,0,0,False,0.0
0.135,0.020000000000000018,0.3,True,False,False,False,False,False,False,0,0,0,0,,0.0,2.9802322387695312e-08,0.0,0,0,False,0.0
0.135,0.040000000000000036,0.3,True,False,False,False,False,False,False,0,0,0,0,,0.0,2.9802322387695312e-08,0.0,0,0,False,0.0
0.135,0.06,0.3,True,False,False,False,False,False,False,0,0,0,0,,0.0,2.9802322387695312e-08,0.0,0,0,False,0.0
0.135,0.08000000000000002,0.3,True,False,False,False,False,False,False,0,0,0,0,,0.0,2.9802322387695312e-08,0.0,0,0,False,0.0
0.135,0.10000000000000003,0.3,True,False,False,False,False,False,False,0,0,0,0,,0.0,2.9802322387695312e-08,0.0,0,0,False,0.0
0.135,0.12000000000000005,0.3,True,False,False,False,False,False,False,0,0,0,0,,0.0,2.9802322387695312e-08,0.0,0,0,False,0.0
0.135,0.14000000000000007,0.3,True,False,False,False,False,False,False,0,0,0,0,,0.0,2.9802322387695312e-08,0.0,0,0,False,0.0
0.135,0.15999999999999998,0.3,True,False,False,False,False,False,False,0,0,0,0,,0.0,2.9802322387695312e-08,0.0,0,0,False,0.0
0.135,0.18,0.3,True,False,False,False,False,False,False,0,0,0,0,,0.0,2.9802322387695312e-08,0.0,0,0,False,0.0
0.135,0.2,0.3,True,False,False,False,False,False,False,0,0,0,0,,0.0,2.9802322387695312e-08,0.0,0,0,False,0.0
0.135,0.22000000000000003,0.3,True,False,False,False,False,False,False,0,0,0,0,,0.0,2.9802322387695312e-08,0.0,0,0,False,0.0
0.135,0.24000000000000005,0.3,True,False,False,False,False,False,False,0,0,0,0,,0.0,2.9802322387695312e-08,0.0,0,0,False,0.0
0.135,0.26000000000000006,0.3,True,False,False,False,False,False,False,0,0,0,0,,0.0,2.9802322387695312e-08,0.0,0,0,False,0.0
0.135,0.2800000000000001,0.3,True,False,False,False,False,False,False,0,0,0,0,,0.0,2.9802322387695312e-08,0.0,0,0,False,0.0
0.135,0.3,0.3,True,False,False,False,False,False,False,0,0,0,0,,0.0,2.9802322387695312e-08,0.0,0,0,False,0.0
0.135,0.32,0.3,True,False,False,False,False,False,False,0,0,0,0,,0.0,2.9802322387695312e-08,0.0,0,0,False,0.0
0.135,0.34,0.3,True,False,False,False,False,False,False,0,0,0,0,,0.0,2.9802322387695312e-08,0.0,0,0,False,0.0
0.135,0.36000000000000004,0.3,True,False,False,False,False,False,False,0,0,0,0,,0.0,2.9802322387695312e-08,0.0,0,0,False,0.0
0.135,0.38000000000000006,0.3,True,False,False,False,False,False,False,0,0,0,0,,0.0,2.9802322387695312e-08,0.0,0,0,False,0.0
0.135,0.4000000000000001,0.3,True,False,False,False,False,False,False,0,0,0,0,,0.0,2.9802322387695312e-08,0.0,0,0,False,0.0
0.135,0.42,0.3,True,False,False,False,False,False,False,0,0,0,0,,0.0,2.9802322387695312e-08,0.0,0,0,False,0.0
0.135,-0.42,0.32,True,False,False,False,False,False,False,0,0,0,0,,0.0,2.9802322387695312e-08,0.0,0,0,False,0.0
0.135,-0.39999999999999997,0.32,True,False,False,False,False,False,False,0,0,0,0,,0.0,2.9802322387695312e-08,0.0,0,0,False,0.0
0.135,-0.38,0.32,True,False,False,False,False,False,False,0,0,0,0,,0.0,2.9802322387695312e-08,0.0,0,0,False,0.0
0.135,-0.36,0.32,True,False,False,False,False,False,False,0,0,0,0,,0.0,2.9802322387695312e-08,0.0,0,0,False,0.0
0.135,-0.33999999999999997,0.32,True,False,False,False,False,False,False,0,0,0,0,,0.0,2.9802322387695312e-08,0.0,0,0,False,0.0
0.135,-0.31999999999999995,0.32,True,False,False,False,False,False,False,0,0,0,0,,0.0,2.9802322387695312e-08,0.0,0,0,False,0.0
0.135,-0.3,0.32,True,False,False,False,False,False,False,0,0,0,0,,0.0,2.9802322387695312e-08,0.0,0,0,False,0.0
0.135,-0.27999999999999997,0.32,True,False,False,False,False,False,False,0,0,0,0,,0.0,2.9802322387695312e-08,0.0,0,0,False,0.0
0.135,-0.26,0.32,True,False,False,False,False,False,False,0,0,0,0,,0.0,2.9802322387695312e-08,0.0,0,0,False,0.0
0.135,-0.24,0.32,True,False,False,False,False,False,False,0,0,0,0,,0.0,2.9802322387695312e-08,0.0,0,0,False,0.0
0.135,-0.21999999999999997,0.32,True,False,False,False,False,False,False,0,0,0,0,,0.0,2.9802322387695312e-08,0.0,0,0,False,0.0
0.135,-0.19999999999999998,0.32,True,False,False,False,False,False,False,0,0,0,0,,0.0,2.9802322387695312e-08,0.0,0,0,False,0.0
0.135,-0.18,0.32,True,False,False,False,False,False,False,0,0,0,0,,0.0,2.9802322387695312e-08,0.0,0,0,False,0.0
0.135,-0.15999999999999998,0.32,True,False,False,False,False,False,False,0,0,0,0,,0.0,2.9802322387695312e-08,0.0,0,0,False,0.0
0.135,-0.13999999999999996,0.32,True,False,False,False,False,False,False,0,0,0,0,,0.0,2.9802322387695312e-08,0.0,0,0,False,0.0
0.135,-0.12,0.32,True,False,False,False,False,False,False,0,0,0,0,,0.0,2.9802322387695312e-08,0.0,0,0,False,0.0
0.135,-0.09999999999999998,0.32,True,False,False,False,False,False,False,0,0,0,0,,0.0,2.980237923100575e-08,0.0,0,0,False,0.0
0.135,-0.07999999999999996,0.32,True,False,False,False,False,False,False,0,0,0,0,,0.0,2.9802322387695312e-08,0.0,0,0,False,0.0
0.135,-0.06,0.32,True,False,False,False,False,False,False,0,0,0,0,,0.0,2.9802322387695312e-08,0.0,0,0,False,0.0
0.135,-0.03999999999999998,0.32,True,False,False,False,False,False,False,0,0,0,0,,0.0,2.9802322387695312e-08,0.0,0,0,False,0.0
0.135,-0.019999999999999962,0.32,True,False,False,False,False,False,False,0,0,0,0,,0.0,2.9802322387695312e-08,0.0,0,0,False,0.0
0.135,0.0,0.32,True,False,False,False,False,False,False,0,0,0,0,,0.0,2.9802322387695312e-08,0.0,0,0,False,0.0
0.135,0.020000000000000018,0.32,True,False,False,False,False,False,False,0,0,0,0,,0.0,2.9802322387695312e-08,0.0,0,0,False,0.0
0.135,0.040000000000000036,0.32,True,False,False,False,False,False,False,0,0,0,0,,0.0,2.9802322387695312e-08,0.0,0,0,False,0.0
0.135,0.06,0.32,True,False,False,False,False,False,False,0,0,0,0,,0.0,2.9802322387695312e-08,0.0,0,0,False,0.0
0.135,0.08000000000000002,0.32,True,False,False,False,False,False,False,0,0,0,0,,0.0,2.9802322387695312e-08,0.0,0,0,False,0.0
0.135,0.10000000000000003,0.32,True,False,False,False,False,False,False,0,0,0,0,,0.0,2.9802322387695312e-08,0.0,0,0,False,0.0
0.135,0.12000000000000005,0.32,True,False,False,False,False,False,False,0,0,0,0,,0.0,2.9802322387695312e-08,0.0,0,0,False,0.0
0.135,0.14000000000000007,0.32,True,False,False,False,False,False,False,0,0,0,0,,0.0,2.9802322387695312e-08,0.0,0,0,False,0.0
0.135,0.15999999999999998,0.32,True,False,False,False,False,False,False,0,0,0,0,,0.0,2.9802322387695312e-08,0.0,0,0,False,0.0
0.135,0.18,0.32,True,False,False,False,False,False,False,0,0,0,0,,0.0,2.9802322387695312e-08,0.0,0,0,False,0.0
0.135,0.2,0.32,True,False,False,False,False,False,False,0,0,0,0,,0.0,2.9802322387695312e-08,0.0,0,0,False,0.0
0.135,0.22000000000000003,0.32,True,False,False,False,False,False,False,0,0,0,0,,0.0,2.9802322387695312e-08,0.0,0,0,False,0.0
0.135,0.24000000000000005,0.32,True,False,False,False,False,False,False,0,0,0,0,,0.0,2.9802322387695312e-08,0.0,0,0,False,0.0
0.135,0.26000000000000006,0.32,True,False,False,False,False,False,False,0,0,0,0,,0.0,2.9802322387695312e-08,0.0,0,0,False,0.0
0.135,0.2800000000000001,0.32,True,False,False,False,False,False,False,0,0,0,0,,0.0,2.9802322387695312e-08,0.0,0,0,False,0.0
0.135,0.3,0.32,True,False,False,False,False,False,False,0,0,0,0,,0.0,2.9802322387695312e-08,0.0,0,0,False,0.0
0.135,0.32,0.32,True,False,False,False,False,False,False,0,0,0,0,,0.0,2.9802322387695312e-08,0.0,0,0,False,0.0
0.135,0.34,0.32,True,False,False,False,False,False,False,0,0,0,0,,0.0,2.9802322387695312e-08,0.0,0,0,False,0.0
0.135,0.36000000000000004,0.32,True,False,False,False,False,False,False,0,0,0,0,,0.0,2.9802322387695312e-08,0.0,0,0,False,0.0
0.135,0.38000000000000006,0.32,True,False,False,False,False,False,False,0,0,0,0,,0.0,2.9802322387695312e-08,0.0,0,0,False,0.0
0.135,0.4000000000000001,0.32,True,False,False,False,False,False,False,0,0,0,0,,0.0,2.9802322387695312e-08,0.0,0,0,False,0.0
0.135,0.42,0.32,True,False,False,False,False,False,False,0,0,0,0,,0.0,2.9802322387695312e-08,0.0,0,0,False,0.0
0.135,-0.42,0.34,True,False,False,False,False,False,False,0,0,0,0,,0.0,2.9802322387695312e-08,0.0,0,0,False,0.0
0.135,-0.39999999999999997,0.34,True,False,False,False,False,False,False,0,0,0,0,,0.0,2.9802322387695312e-08,0.0,0,0,False,0.0
0.135,-0.38,0.34,True,False,False,False,False,False,False,0,0,0,0,,0.0,2.9802322387695312e-08,0.0,0,0,False,0.0
0.135,-0.36,0.34,True,False,False,False,False,False,False,0,0,0,0,,0.0,2.9802322387695312e-08,0.0,0,0,False,0.0
0.135,-0.33999999999999997,0.34,True,False,False,False,False,False,False,0,0,0,0,,0.0,2.9802322387695312e-08,0.0,0,0,False,0.0
0.135,-0.31999999999999995,0.34,True,False,False,False,False,False,False,0,0,0,0,,0.0,2.9802322387695312e-08,0.0,0,0,False,0.0
0.135,-0.3,0.34,True,False,False,False,False,False,False,0,0,0,0,,0.0,2.9802322387695312e-08,0.0,0,0,False,0.0
0.135,-0.27999999999999997,0.34,True,False,False,False,False,False,False,0,0,0,0,,0.0,2.9802322387695312e-08,0.0,0,0,False,0.0
0.135,-0.26,0.34,True,False,False,False,False,False,False,0,0,0,0,,0.0,2.9802322387695312e-08,0.0,0,0,False,0.0
0.135,-0.24,0.34,True,False,False,False,False,False,False,0,0,0,0,,0.0,2.9802322387695312e-08,0.0,0,0,False,0.0
0.135,-0.21999999999999997,0.34,True,False,False,False,False,False,False,0,0,0,0,,0.0,2.9802322387695312e-08,0.0,0,0,False,0.0
0.135,-0.19999999999999998,0.34,True,False,False,False,False,False,False,0,0,0,0,,0.0,2.9802322387695312e-08,0.0,0,0,False,0.0
0.135,-0.18,0.34,True,False,False,False,False,False,False,0,0,0,0,,0.0,2.9802322387695312e-08,0.0,0,0,False,0.0
0.135,-0.15999999999999998,0.34,True,False,False,False,False,False,False,0,0,0,0,,0.0,2.9802322387695312e-08,0.0,0,0,False,0.0
0.135,-0.13999999999999996,0.34,True,False,False,False,False,False,False,0,0,0,0,,0.0,2.9802322387695312e-08,0.0,0,0,False,0.0
0.135,-0.12,0.34,True,False,False,False,False,False,False,0,0,0,0,,0.0,2.9802322387695312e-08,0.0,0,0,False,0.0
0.135,-0.09999999999999998,0.34,True,False,False,False,False,False,False,0,0,0,0,,0.0,2.980237923100575e-08,0.0,0,0,False,0.0
0.135,-0.07999999999999996,0.34,True,False,False,False,False,False,False,0,0,0,0,,0.0,2.9802322387695312e-08,0.0,0,0,False,0.0
0.135,-0.06,0.34,True,False,False,False,False,False,False,0,0,0,0,,0.0,2.9802322387695312e-08,0.0,0,0,False,0.0
0.135,-0.03999999999999998,0.34,True,False,False,False,False,False,False,0,0,0,0,,0.0,2.9802322387695312e-08,0.0,0,0,False,0.0
0.135,-0.019999999999999962,0.34,True,False,False,False,False,False,False,0,0,0,0,,0.0,2.9802322387695312e-08,0.0,0,0,False,0.0
0.135,0.0,0.34,True,False,False,False,False,False,False,0,0,0,0,,0.0,2.9802322387695312e-08,0.0,0,0,False,0.0
0.135,0.020000000000000018,0.34,True,False,False,False,False,False,False,0,0,0,0,,0.0,2.9802322387695312e-08,0.0,0,0,False,0.0
0.135,0.040000000000000036,0.34,True,False,False,False,False,False,False,0,0,0,0,,0.0,2.9802322387695312e-08,0.0,0,0,False,0.0
0.135,0.06,0.34,True,False,False,False,False,False,False,0,0,0,0,,0.0,2.9802322387695312e-08,0.0,0,0,False,0.0
0.135,0.08000000000000002,0.34,True,False,False,False,False,False,False,0,0,0,0,,0.0,2.9802322387695312e-08,0.0,0,0,False,0.0
0.135,0.10000000000000003,0.34,True,False,False,False,False,False,False,0,0,0,0,,0.0,2.9802322387695312e-08,0.0,0,0,False,0.0
0.135,0.12000000000000005,0.34,True,False,False,False,False,False,False,0,0,0,0,,0.0,2.9802322387695312e-08,0.0,0,0,False,0.0
0.135,0.14000000000000007,0.34,True,False,False,False,False,False,False,0,0,0,0,,0.0,2.9802322387695312e-08,0.0,0,0,False,0.0
0.135,0.15999999999999998,0.34,True,False,False,False,False,False,False,0,0,0,0,,0.0,2.9802322387695312e-08,0.0,0,0,False,0.0
0.135,0.18,0.34,True,False,False,False,False,False,False,0,0,0,0,,0.0,2.9802322387695312e-08,0.0,0,0,False,0.0
0.135,0.2,0.34,True,False,False,False,False,False,False,0,0,0,0,,0.0,2.9802322387695312e-08,0.0,0,0,False,0.0
0.135,0.22000000000000003,0.34,True,False,False,False,False,False,False,0,0,0,0,,0.0,2.9802322387695312e-08,0.0,0,0,False,0.0
0.135,0.24000000000000005,0.34,True,False,False,False,False,False,False,0,0,0,0,,0.0,2.9802322387695312e-08,0.0,0,0,False,0.0
0.135,0.26000000000000006,0.34,True,False,False,False,False,False,False,0,0,0,0,,0.0,2.9802322387695312e-08,0.0,0,0,False,0.0
0.135,0.2800000000000001,0.34,True,False,False,False,False,False,False,0,0,0,0,,0.0,2.9802322387695312e-08,0.0,0,0,False,0.0
0.135,0.3,0.34,True,False,False,False,False,False,False,0,0,0,0,,0.0,2.9802322387695312e-08,0.0,0,0,False,0.0
0.135,0.32,0.34,True,False,False,False,False,False,False,0,0,0,0,,0.0,2.9802322387695312e-08,0.0,0,0,False,0.0
0.135,0.34,0.34,True,False,False,False,False,False,False,0,0,0,0,,0.0,2.9802322387695312e-08,0.0,0,0,False,0.0
0.135,0.36000000000000004,0.34,True,False,False,False,False,False,False,0,0,0,0,,0.0,2.9802322387695312e-08,0.0,0,0,False,0.0
0.135,0.38000000000000006,0.34,True,False,False,False,False,False,False,0,0,0,0,,0.0,2.9802322387695312e-08,0.0,0,0,False,0.0
0.135,0.4000000000000001,0.34,True,False,False,False,False,False,False,0,0,0,0,,0.0,2.9802322387695312e-08,0.0,0,0,False,0.0
0.135,0.42,0.34,True,False,False,False,False,False,False,0,0,0,0,,0.0,2.9802322387695312e-08,0.0,0,0,False,0.0
