qpos_m,basket_offset_x_m,basket_offset_y_m,primary_oracle_contact,reverse_oracle_contact,contact_label_match,primary_oracle_penetration,reverse_oracle_penetration,penetration_label_match,primary_static_contact,reverse_static_contact,static_label_match,reverse_min_separation_m,reverse_one_step_displacement_m,reverse_contact_body_names
0.135,0.42,0.34,False,False,True,False,False,True,False,False,True,,2.9802322387695312e-08,link_1|link_2|link_3
0.135,0.4000000000000001,0.34,False,False,True,False,False,True,False,False,True,,2.9802322387695312e-08,link_1|link_2|link_3
0.135,0.38000000000000006,0.34,False,False,True,False,False,True,False,False,True,,2.9802322387695312e-08,link_1|link_2|link_3
0.135,0.36000000000000004,0.34,False,False,True,False,False,True,False,False,True,,2.9802322387695312e-08,link_1|link_2|link_3
0.135,0.34,0.34,False,False,True,False,False,True,False,False,True,,2.9802322387695312e-08,link_1|link_2|link_3
0.135,0.32,0.34,False,False,True,False,False,True,False,False,True,,2.9802322387695312e-08,link_1|link_2|link_3
0.135,0.3,0.34,False,False,True,False,False,True,False,False,True,,2.9802322387695312e-08,link_1|link_2|link_3
0.135,0.2800000000000001,0.34,False,False,True,False,False,True,False,False,True,,2.9802322387695312e-08,link_1|link_2|link_3
0.135,0.26000000000000006,0.34,False,False,True,False,False,True,False,False,True,,2.9802322387695312e-08,link_1|link_2|link_3
0.135,0.24000000000000005,0.34,False,False,True,False,False,True,False,False,True,,2.9802322387695312e-08,link_1|link_2|link_3
0.135,0.22000000000000003,0.34,False,False,True,False,False,True,False,False,True,,2.9802322387695312e-08,link_1|link_2|link_3
0.135,0.2,0.34,False,False,True,False,False,True,False,False,True,,2.9802322387695312e-08,link_1|link_2|link_3
0.135,0.18,0.34,False,False,True,False,False,True,False,False,True,,2.9802322387695312e-08,link_1|link_2|link_3
0.135,0.15999999999999998,0.34,False,False,True,False,False,True,False,False,True,,2.9802322387695312e-08,link_1|link_2|link_3
0.135,0.14000000000000007,0.34,False,False,True,False,False,True,False,False,True,,2.9802322387695312e-08,link_1|link_2|link_3
0.135,0.12000000000000005,0.34,False,False,True,False,False,True,False,False,True,,2.9802322387695312e-08,link_1|link_2|link_3
0.135,0.10000000000000003,0.34,False,False,True,False,False,True,False,False,True,,2.9802322387695312e-08,link_1|link_2|link_3
0.135,0.08000000000000002,0.34,False,False,True,False,False,True,False,False,True,,2.9802322387695312e-08,link_1|link_2|link_3
0.135,0.06,0.34,False,False,True,False,False,True,False,False,True,,2.9802322387695312e-08,link_1|link_2|link_3
0.135,0.040000000000000036,0.34,False,False,True,False,False,True,False,False,True,,2.9802322387695312e-08,link_1|link_2|link_3
0.135,0.020000000000000018,0.34,False,False,True,False,False,True,False,False,True,,2.9802322387695312e-08,link_1|link_2|link_3
0.135,0.0,0.34,False,False,True,False,False,True,False,False,True,,2.9802322387695312e-08,link_1|link_2|link_3
0.135,-0.019999999999999962,0.34,False,False,True,False,False,True,False,False,True,,2.9802322387695312e-08,link_1|link_2|link_3
0.135,-0.03999999999999998,0.34,False,False,True,False,False,True,False,False,True,,2.9802322387695312e-08,link_1|link_2|link_3
0.135,-0.06,0.34,False,False,True,False,False,True,False,False,True,,2.9802322387695312e-08,link_1|link_2|link_3
0.135,-0.07999999999999996,0.34,False,False,True,False,False,True,False,False,True,,2.9802322387695312e-08,link_1|link_2|link_3
0.135,-0.09999999999999998,0.34,False,False,True,False,False,True,False,False,True,,2.980237923100575e-08,link_1|link_2|link_3
0.135,-0.12,0.34,False,False,True,False,False,True,False,False,True,,2.9802322387695312e-08,link_1|link_2|link_3
0.135,-0.13999999999999996,0.34,False,False,True,False,False,True,False,False,True,,2.9802322387695312e-08,link_1|link_2|link_3
0.135,-0.15999999999999998,0.34,False,False,True,False,False,True,False,False,True,,2.9802322387695312e-08,link_1|link_2|link_3
0.135,-0.18,0.34,False,False,True,False,False,True,False,False,True,,2.9802322387695312e-08,link_1|link_2|link_3
0.135,-0.19999999999999998,0.34,False,False,True,False,False,True,False,False,True,,2.9802322387695312e-08,link_1|link_2|link_3
0.135,-0.21999999999999997,0.34,False,False,True,False,False,True,False,False,True,,2.9802322387695312e-08,link_1|link_2|link_3
0.135,-0.24,0.34,False,False,True,False,False,True,False,False,True,,2.9802322387695312e-08,link_1|link_2|link_3
0.135,-0.26,0.34,False,False,True,False,False,True,False,False,True,,2.9802322387695312e-08,link_1|link_2|link_3
0.135,-0.27999999999999997,0.34,False,False,True,False,False,True,False,False,True,,2.9802322387695312e-08,link_1|link_2|link_3
0.135,-0.3,0.34,False,False,True,False,False,True,False,False,True,,2.9802322387695312e-08,link_1|link_2|link_3
0.135,-0.31999999999999995,0.34,False,False,True,False,False,True,False,False,True,,2.9802322387695312e-08,link_1|link_2|link_3
0.135,-0.33999999999999997,0.34,False,False,True,False,False,True,False,False,True,,2.9802322387695312e-08,link_1|link_2|link_3
0.135,-0.36,0.34,False,False,True,False,False,True,False,False,True,,2.9802322387695312e-08,link_1|link_2|link_3
0.135,-0.38,0.34,False,False,True,False,False,True,False,False,True,,2.9802322387695312e-08,link_1|link_2|link_3
0.135,-0.39999999999999997,0.34,False,False,True,False,False,True,False,False,True,,2.9802322387695312e-08,link_1|link_2|link_3
0.135,-0.42,0.34,False,False,True,False,False,True,False,False,True,,2.9802322387695312e-08,link_1|link_2|link_3
0.135,0.42,0.32,False,False,True,False,False,True,False,False,True,,2.9802322387695312e-08,link_1|link_2|link_3
0.135,0.4000000000000001,0.32,False,False,True,False,False,True,False,False,True,,2.9802322387695312e-08,link_1|link_2|link_3
0.135,0.38000000000000006,0.32,False,False,True,False,False,True,False,False,True,,2.9802322387695312e-08,link_1|link_2|link_3
0.135,0.36000000000000004,0.32,False,False,True,False,False,True,False,False,True,,2.9802322387695312e-08,link_1|link_2|link_3
0.135,0.34,0.32,False,False,True,False,False,True,False,False,True,,2.9802322387695312e-08,link_1|link_2|link_3
0.135,0.32,0.32,False,False,True,False,False,True,False,False,True,,2.9802322387695312e-08,link_1|link_2|link_3
0.135,0.3,0.32,False,False,True,False,False,True,False,False,True,,2.9802322387695312e-08,link_1|link_2|link_3
0.135,0.2800000000000001,0.32,False,False,True,False,False,True,False,False,True,,2.9802322387695312e-08,link_1|link_2|link_3
0.135,0.26000000000000006,0.32,False,False,True,False,False,True,False,False,True,,2.9802322387695312e-08,link_1|link_2|link_3
0.135,0.24000000000000005,0.32,False,False,True,False,False,True,False,False,True,,2.9802322387695312e-08,link_1|link_2|link_3
0.135,0.22000000000000003,0.32,False,False,True,False,False,True,False,False,True,,2.9802322387695312e-08,link_1|link_2|link_3
0.135,0.2,0.32,False,False,True,False,False,True,False,False,True,,2.9802322387695312e-08,link_1|link_2|link_3
0.135,0.18,0.32,False,False,True,False,False,True,False,False,True,,2.9802322387695312e-08,link_1|link_2|link_3
0.135,0.15999999999999998,0.32,False,False,True,False,False,True,False,False,True,,2.9802322387695312e-08,link_1|link_2|link_3
0.135,0.14000000000000007,0.32,False,False,True,False,False,True,False,False,True,,2.9802322387695312e-08,link_1|link_2|link_3
0.135,0.12000000000000005,0.32,False,False,True,False,False,True,False,False,True,,2.9802322387695312e-08,link_1|link_2|link_3
0.135,0.10000000000000003,0.32,False,False,True,False,False,True,False,False,True,,2.9802322387695312e-08,link_1|link_2|link_3
0.135,0.08000000000000002,0.32,False,False,True,False,False,True,False,False,True,,2.9802322387695312e-08,link_1|link_2|link_3
0.135,0.06,0.32,False,False,True,False,False,True,False,False,True,,2.9802322387695312e-08,link_1|link_2|link_3
0.135,0.040000000000000036,0.32,False,False,True,False,False,True,False,False,True,,2.9802322387695312e-08,link_1|link_2|link_3
0.135,0.020000000000000018,0.32,False,False,True,False,False,True,False,False,True,,2.9802322387695312e-08,link_1|link_2|link_3
0.135,0.0,0.32,False,False,True,False,False,True,False,False,True,,2.9802322387695312e-08,link_1|link_2|link_3
0.135,-0.019999999999999962,0.32,False,False,True,False,False,True,False,False,True,,2.9802322387695312e-08,link_1|link_2|link_3
0.135,-0.03999999999999998,0.32,False,False,True,False,False,True,False,False,True,,2.9802322387695312e-08,link_1|link_2|link_3
0.135,-0.06,0.32,False,False,True,False,False,True,False,False,True,,2.9802322387695312e-08,link_1|link_2|link_3
0.135,-0.07999999999999996,0.32,False,False,True,False,False,True,False,False,True,,2.9802322387695312e-08,link_1|link_2|link_3
0.135,-0.09999999999999998,0.32,False,False,True,False,False,True,False,False,True,,2.980237923100575e-08,link_1|link_2|link_3
0.135,-0.12,0.32,False,False,True,False,False,True,False,False,True,,2.9802322387695312e-08,link_1|link_2|link_3
0.135,-0.13999999999999996,0.32,False,False,True,False,False,True,False,False,True,,2.9802322387695312e-08,link_1|link_2|link_3
0.135,-0.15999999999999998,0.32,False,False,True,False,False,True,False,False,True,,2.9802322387695312e-08,link_1|link_2|link_3
0.135,-0.18,0.32,False,False,True,False,False,True,False,False,True,,2.9802322387695312e-08,link_1|link_2|link_3
0.135,-0.19999999999999998,0.32,False,False,True,False,False,True,False,False,True,,2.9802322387695312e-08,link_1|link_2|link_3
0.135,-0.21999999999999997,0.32,False,False,True,False,False,True,False,False,True,,2.9802322387695312e-08,link_1|link_2|link_3
0.135,-0.24,0.32,False,False,True,False,False,True,False,False,True,,2.9802322387695312e-08,link_1|link_2|link_3
0.135,-0.26,0.32,False,False,True,False,False,True,False,False,True,,2.9802322387695312e-08,link_1|link_2|link_3
0.135,-0.27999999999999997,0.32,False,False,True,False,False,True,False,False,True,,2.9802322387695312e-08,link_1|link_2|link_3
0.135,-0.3,0.32,False,False,True,False,False,True,False,False,True,,2.9802322387695312e-08,link_1|link_2|link_3
0.135,-0.31999999999999995,0.32,False,False,True,False,False,True,False,False,True,,2.9802322387695312e-08,link_1|link_2|link_3
0.135,-0.33999999999999997,0.32,False,False,True,False,False,True,False,False,True,,2.9802322387695312e-08,link_1|link_2|link_3
0.135,-0.36,0.32,False,False,True,False,False,True,False,False,True,,2.9802322387695312e-08,link_1|link_2|link_3
0.135,-0.38,0.32,False,False,True,False,False,True,False,False,True,,2.9802322387695312e-08,link_1|link_2|link_3
0.135,-0.39999999999999997,0.32,False,False,True,False,False,True,False,False,True,,2.9802322387695312e-08,link_1|link_2|link_3
0.135,-0.42,0.32,False,False,True,False,False,True,False,False,True,,2.9802322387695312e-08,link_1|link_2|link_3
0.135,0.42,0.3,False,False,True,False,False,True,False,False,True,,2.9802322387695312e-08,link_1|link_2|link_3
0.135,0.4000000000000001,0.3,False,False,True,False,False,True,False,False,True,,2.9802322387695312e-08,link_1|link_2|link_3
0.135,0.38000000000000006,0.3,False,False,True,False,False,True,False,False,True,,2.9802322387695312e-08,link_1|link_2|link_3
0.135,0.36000000000000004,0.3,False,False,True,False,False,True,False,False,True,,2.9802322387695312e-08,link_1|link_2|link_3
0.135,0.34,0.3,False,False,True,False,False,True,False,False,True,,2.9802322387695312e-08,link_1|link_2|link_3
0.135,0.32,0.3,False,False,True,False,False,True,False,False,True,,2.9802322387695312e-08,link_1|link_2|link_3
0.135,0.3,0.3,False,False,True,False,False,True,False,False,True,,2.9802322387695312e-08,link_1|link_2|link_3
0.135,0.2800000000000001,0.3,False,False,True,False,False,True,False,False,True,,2.9802322387695312e-08,link_1|link_2|link_3
0.135,0.26000000000000006,0.3,False,False,True,False,False,True,False,False,True,,2.9802322387695312e-08,link_1|link_2|link_3
0.135,0.24000000000000005,0.3,False,False,True,False,False,True,False,False,True,,2.9802322387695312e-08,link_1|link_2|link_3
0.135,0.22000000000000003,0.3,False,False,True,False,False,True,False,False,True,,2.9802322387695312e-08,link_1|link_2|link_3
0.135,0.2,0.3,False,False,True,False,False,True,False,False,True,,2.9802322387695312e-08,link_1|link_2|link_3
0.135,0.18,0.3,False,False,True,False,False,True,False,False,True,,2.9802322387695312e-08,link_1|link_2|link_3
0.135,0.15999999999999998,0.3,False,False,True,False,False,True,False,False,True,,2.9802322387695312e-08,link_1|link_2|link_3
0.135,0.14000000000000007,0.3,False,False,True,False,False,True,False,False,True,,2.9802322387695312e-08,link_1|link_2|link_3
0.135,0.12000000000000005,0.3,False,False,True,False,False,True,False,False,True,,2.9802322387695312e-08,link_1|link_2|link_3
0.135,0.10000000000000003,0.3,False,False,True,False,False,True,False,False,True,,2.9802322387695312e-08,link_1|link_2|link_3
0.135,0.08000000000000002,0.3,False,False,True,False,False,True,False,False,True,,2.9802322387695312e-08,link_1|link_2|link_3
0.135,0.06,0.3,False,False,True,False,False,True,False,False,True,,2.9802322387695312e-08,link_1|link_2|link_3
0.135,0.040000000000000036,0.3,False,False,True,False,False,True,False,False,True,,2.9802322387695312e-08,link_1|link_2|link_3
0.135,0.020000000000000018,0.3,False,False,True,False,False,True,False,False,True,,2.9802322387695312e-08,link_1|link_2|link_3
0.135,0.0,0.3,False,False,True,False,False,True,False,False,True,,2.9802322387695312e-08,link_1|link_2|link_3
0.135,-0.019999999999999962,0.3,False,False,True,False,False,True,False,False,True,,2.9802322387695312e-08,link_1|link_2|link_3
0.135,-0.03999999999999998,0.3,False,False,True,False,False,True,False,False,True,,2.9802322387695312e-08,link_1|link_2|link_3
0.135,-0.06,0.3,False,False,True,False,False,True,False,False,True,,2.9802322387695312e-08,link_1|link_2|link_3
0.135,-0.07999999999999996,0.3,False,False,True,False,False,True,False,False,True,,2.9802322387695312e-08,link_1|link_2|link_3
0.135,-0.09999999999999998,0.3,False,False,True,False,False,True,False,False,True,,2.980237923100575e-08,link_1|link_2|link_3
0.135,-0.12,0.3,False,False,True,False,False,True,False,False,True,,2.9802322387695312e-08,link_1|link_2|link_3
0.135,-0.13999999999999996,0.3,False,False,True,False,False,True,False,False,True,,2.9802322387695312e-08,link_1|link_2|link_3
0.135,-0.15999999999999998,0.3,False,False,True,False,False,True,False,False,True,,2.9802322387695312e-08,link_1|link_2|link_3
0.135,-0.18,0.3,False,False,True,False,False,True,False,False,True,,2.9802322387695312e-08,link_1|link_2|link_3
0.135,-0.19999999999999998,0.3,False,False,True,False,False,True,False,False,True,,2.9802322387695312e-08,link_1|link_2|link_3
0.135,-0.21999999999999997,0.3,False,False,True,False,False,True,False,False,True,,2.9802322387695312e-08,link_1|link_2|link_3
0.135,-0.24,0.3,False,False,True,False,False,True,False,False,True,,2.9802322387695312e-08,link_1|link_2|link_3
0.135,-0.26,0.3,False,False,True,False,False,True,False,False,True,,2.9802322387695312e-08,link_1|link_2|link_3
0.135,-0.27999999999999997,0.3,False,False,True,False,False,True,False,False,True,,2.9802322387695312e-08,link_1|link_2|link_3
0.135,-0.3,0.3,False,False,True,False,False,True,False,False,True,,2.9802322387695312e-08,link_1|link_2|link_3
0.135,-0.31999999999999995,0.3,False,False,True,False,False,True,False,False,True,,2.9802322387695312e-08,link_1|link_2|link_3
0.135,-0.33999999999999997,0.3,False,False,True,False,False,True,False,False,True,,2.9802322387695312e-08,link_1|link_2|link_3
0.135,-0.36,0.3,False,False,True,False,False,True,False,False,True,,2.9802322387695312e-08,link_1|link_2|link_3
0.135,-0.38,0.3,False,False,True,False,False,True,False,False,True,,2.9802322387695312e-08,link_1|link_2|link_3
0.135,-0.39999999999999997,0.3,False,False,True,False,False,True,False,False,True,,2.9802322387695312e-08,link_1|link_2|link_3
0.135,-0.42,0.3,False,False,True,False,False,True,False,False,True,,2.9802322387695312e-08,link_1|link_2|link_3
0.135,0.42,0.27999999999999997,False,False,True,False,False,True,False,False,True,,2.9802322387695312e-08,link_1|link_2|link_3
0.135,0.4000000000000001,0.27999999999999997,False,False,True,False,False,True,False,False,True,,2.9802322387695312e-08,link_1|link_2|link_3
0.135,0.38000000000000006,0.27999999999999997,False,False,True,False,False,True,False,False,True,,2.9802322387695312e-08,link_1|link_2|link_3
0.135,0.36000000000000004,0.27999999999999997,False,False,True,False,False,True,False,False,True,,2.9802322387695312e-08,link_1|link_2|link_3
0.135,0.34,0.27999999999999997,False,False,True,False,False,True,False,False,True,,2.9802322387695312e-08,link_1|link_2|link_3
0.135,0.32,0.27999999999999997,False,False,True,False,False,True,False,False,True,,2.9802322387695312e-08,link_1|link_2|link_3
0.135,0.3,0.27999999999999997,False,False,True,False,False,True,False,False,True,,2.9802322387695312e-08,link_1|link_2|link_3
0.135,0.2800000000000001,0.27999999999999997,False,False,True,False,False,True,False,False,True,,2.9802322387695312e-08,link_1|link_2|link_3
0.135,0.26000000000000006,0.27999999999999997,False,False,True,False,False,True,False,False,True,,2.9802322387695312e-08,link_1|link_2|link_3
0.135,0.24000000000000005,0.27999999999999997,False,False,True,False,False,True,False,False,True,,2.9802322387695312e-08,link_1|link_2|link_3
0.135,0.22000000000000003,0.27999999999999997,False,False,True,False,False,True,False,False,True,,2.9802322387695312e-08,link_1|link_2|link_3
0.135,0.2,0.27999999999999997,False,False,True,False,False,True,False,False,True,,2.9802322387695312e-08,link_1|link_2|link_3
0.135,0.18,0.27999999999999997,False,False,True,False,False,True,False,False,True,,2.9802322387695312e-08,link_1|link_2|link_3
0.135,0.15999999999999998,0.27999999999999997,False,False,True,False,False,True,False,False,True,,2.9802322387695312e-08,link_1|link_2|link_3
0.135,0.14000000000000007,0.27999999999999997,False,False,True,False,False,True,False,False,True,,2.9802322387695312e-08,link_1|link_2|link_3
0.135,0.12000000000000005,0.27999999999999997,False,False,True,False,False,True,False,False,True,,2.9802322387695312e-08,link_1|link_2|link_3
0.135,0.10000000000000003,0.27999999999999997,False,False,True,False,False,True,False,False,True,,2.9802322387695312e-08,link_1|link_2|link_3
0.135,0.08000000000000002,0.27999999999999997,False,False,True,False,False,True,False,False,True,,2.9802322387695312e-08,link_1|link_2|link_3
0.135,0.06,0.27999999999999997,False,False,True,False,False,True,False,False,True,,2.9802322387695312e-08,link_1|link_2|link_3
0.135,0.040000000000000036,0.27999999999999997,False,False,True,False,False,True,False,False,True,,2.9802322387695312e-08,link_1|link_2|link_3
0.135,0.020000000000000018,0.27999999999999997,False,False,True,False,False,True,False,False,True,,2.9802322387695312e-08,link_1|link_2|link_3
0.135,0.0,0.27999999999999997,False,False,True,False,False,True,False,False,True,,2.9802322387695312e-08,link_1|link_2|link_3
0.135,-0.019999999999999962,0.27999999999999997,False,False,True,False,False,True,False,False,True,,2.9802322387695312e-08,link_1|link_2|link_3
0.135,-0.03999999999999998,0.27999999999999997,False,False,True,False,False,True,False,False,True,,2.9802322387695312e-08,link_1|link_2|link_3
0.135,-0.06,0.27999999999999997,False,False,True,False,False,True,False,False,True,,2.9802322387695312e-08,link_1|link_2|link_3
0.135,-0.07999999999999996,0.27999999999999997,False,False,True,False,False,True,False,False,True,,2.9802322387695312e-08,link_1|link_2|link_3
0.135,-0.09999999999999998,0.27999999999999997,False,False,True,False,False,True,False,False,True,,2.980237923100575e-08,link_1|link_2|link_3
0.135,-0.12,0.27999999999999997,False,False,True,False,False,True,False,False,True,,2.9802322387695312e-08,link_1|link_2|link_3
0.135,-0.13999999999999996,0.27999999999999997,False,False,True,False,False,True,False,False,True,,2.9802322387695312e-08,link_1|link_2|link_3
0.135,-0.15999999999999998,0.27999999999999997,False,False,True,False,False,True,False,False,True,,2.9802322387695312e-08,link_1|link_2|link_3
0.135,-0.18,0.27999999999999997,False,False,True,False,False,True,False,False,True,,2.9802322387695312e-08,link_1|link_2|link_3
0.135,-0.19999999999999998,0.27999999999999997,False,False,True,False,False,True,False,False,True,,2.9802322387695312e-08,link_1|link_2|link_3
0.135,-0.21999999999999997,0.27999999999999997,False,False,True,False,False,True,False,False,True,,2.9802322387695312e-08,link_1|link_2|link_3
0.135,-0.24,0.27999999999999997,False,False,True,False,False,True,False,False,True,,2.9802322387695312e-08,link_1|link_2|link_3
0.135,-0.26,0.27999999999999997,False,False,True,False,False,True,False,False,True,,2.9802322387695312e-08,link_1|link_2|link_3
0.135,-0.27999999999999997,0.27999999999999997,False,False,True,False,False,True,False,False,True,,2.9802322387695312e-08,link_1|link_2|link_3
0.135,-0.3,0.27999999999999997,False,False,True,False,False,True,False,False,True,,2.9802322387695312e-08,link_1|link_2|link_3
0.135,-0.31999999999999995,0.27999999999999997,False,False,True,False,False,True,False,False,True,,2.9802322387695312e-08,link_1|link_2|link_3
0.135,-0.33999999999999997,0.27999999999999997,False,False,True,False,False,True,False,False,True,,2.9802322387695312e-08,link_1|link_2|link_3
0.135,-0.36,0.27999999999999997,False,False,True,False,False,True,False,False,True,,2.9802322387695312e-08,link_1|link_2|link_3
0.135,-0.38,0.27999999999999997,False,False,True,False,False,True,False,False,True,,2.9802322387695312e-08,link_1|link_2|link_3
0.135,-0.39999999999999997,0.27999999999999997,False,False,True,False,False,True,False,False,True,,2.9802322387695312e-08,link_1|link_2|link_3
0.135,-0.42,0.27999999999999997,False,False,True,False,False,True,False,False,True,,2.9802322387695312e-08,link_1|link_2|link_3
0.135,0.42,0.25999999999999995,False,False,True,False,False,True,False,False,True,,2.9802322387695312e-08,link_1|link_2|link_3
0.135,0.4000000000000001,0.25999999999999995,False,False,True,False,False,True,False,False,True,,2.9802322387695312e-08,link_1|link_2|link_3
0.135,0.38000000000000006,0.25999999999999995,False,False,True,False,False,True,False,False,True,,2.9802322387695312e-08,link_1|link_2|link_3
0.135,0.36000000000000004,0.25999999999999995,False,False,True,False,False,True,False,False,True,,2.9802322387695312e-08,link_1|link_2|link_3
0.135,0.34,0.25999999999999995,False,False,True,False,False,True,False,False,True,,2.9802322387695312e-08,link_1|link_2|link_3
0.135,0.32,0.25999999999999995,False,False,True,False,False,True,False,False,True,,2.9802322387695312e-08,link_1|link_2|link_3
0.135,0.3,0.25999999999999995,False,False,True,False,False,True,False,False,True,,2.9802322387695312e-08,link_1|link_2|link_3
0.135,0.2800000000000001,0.25999999999999995,False,False,True,False,False,True,False,False,True,,2.9802322387695312e-08,link_1|link_2|link_3
0.135,0.26000000000000006,0.25999999999999995,False,False,True,False,False,True,False,False,True,,2.9802322387695312e-08,link_1|link_2|link_3
0.135,0.24000000000000005,0.25999999999999995,False,False,True,False,False,True,False,False,True,,2.9802322387695312e-08,link_1|link_2|link_3
0.135,0.22000000000000003,0.25999999999999995,False,False,True,False,False,True,False,False,True,,2.9802322387695312e-08,link_1|link_2|link_3
0.135,0.2,0.25999999999999995,False,False,True,False,False,True,False,False,True,,2.9802322387695312e-08,link_1|link_2|link_3
0.135,0.18,0.25999999999999995,False,False,True,False,False,True,False,False,True,,2.9802322387695312e-08,link_1|link_2|link_3
0.135,0.15999999999999998,0.25999999999999995,False,False,True,False,False,True,False,False,True,,2.9802322387695312e-08,link_1|link_2|link_3
0.135,0.14000000000000007,0.25999999999999995,False,False,True,False,False,True,False,False,True,,2.9802322387695312e-08,link_1|link_2|link_3
0.135,0.12000000000000005,0.25999999999999995,False,False,True,False,False,True,False,False,True,,2.9802322387695312e-08,link_1|link_2|link_3
0.135,0.10000000000000003,0.25999999999999995,False,False,True,False,False,True,False,False,True,,2.9802322387695312e-08,link_1|link_2|link_3
0.135,0.08000000000000002,0.25999999999999995,False,False,True,False,False,True,False,False,True,,2.9802322387695312e-08,link_1|link_2|link_3
0.135,0.06,0.25999999999999995,False,False,True,False,False,True,False,False,True,,2.9802322387695312e-08,link_1|link_2|link_3
0.135,0.040000000000000036,0.25999999999999995,False,False,True,False,False,True,False,False,True,,2.9802322387695312e-08,link_1|link_2|link_3
0.135,0.020000000000000018,0.25999999999999995,False,False,True,False,False,True,False,False,True,,2.9802322387695312e-08,link_1|link_2|link_3
0.135,0.0,0.25999999999999995,False,False,True,False,False,True,False,False,True,,2.9802322387695312e-08,link_1|link_2|link_3
0.135,-0.019999999999999962,0.25999999999999995,False,False,True,False,False,True,False,False,True,,2.9802322387695312e-08,link_1|link_2|link_3
0.135,-0.03999999999999998,0.25999999999999995,False,False,True,False,False,True,False,False,True,,2.9802322387695312e-08,link_1|link_2|link_3
0.135,-0.06,0.25999999999999995,False,False,True,False,False,True,False,False,True,,2.9802322387695312e-08,link_1|link_2|link_3
0.135,-0.07999999999999996,0.25999999999999995,False,False,True,False,False,True,False,False,True,,2.9802322387695312e-08,link_1|link_2|link_3
0.135,-0.09999999999999998,0.25999999999999995,False,False,True,False,False,True,False,False,True,,2.980237923100575e-08,link_1|link_2|link_3
0.135,-0.12,0.25999999999999995,False,False,True,False,False,True,False,False,True,,2.9802322387695312e-08,link_1|link_2|link_3
0.135,-0.13999999999999996,0.25999999999999995,False,False,True,False,False,True,False,False,True,,2.9802322387695312e-08,link_1|link_2|link_3
0.135,-0.15999999999999998,0.25999999999999995,False,False,True,False,False,True,False,False,True,,2.9802322387695312e-08,link_1|link_2|link_3
0.135,-0.18,0.25999999999999995,False,False,True,False,False,True,False,False,True,,2.9802322387695312e-08,link_1|link_2|link_3
0.135,-0.19999999999999998,0.25999999999999995,False,False,True,False,False,True,False,False,True,,2.9802322387695312e-08,link_1|link_2|link_3
0.135,-0.21999999999999997,0.25999999999999995,False,False,True,False,False,True,False,False,True,,2.9802322387695312e-08,link_1|link_2|link_3
0.135,-0.24,0.25999999999999995,False,False,True,False,False,True,False,False,True,,2.9802322387695312e-08,link_1|link_2|link_3
0.135,-0.26,0.25999999999999995,False,False,True,False,False,True,False,False,True,,2.9802322387695312e-08,link_1|link_2|link_3
0.135,-0.27999999999999997,0.25999999999999995,False,False,True,False,False,True,False,False,True,,2.9802322387695312e-08,link_1|link_2|link_3
0.135,-0.3,0.25999999999999995,False,False,True,False,False,True,False,False,True,,2.9802322387695312e-08,link_1|link_2|link_3
0.135,-0.31999999999999995,0.25999999999999995,False,False,True,False,False,True,False,False,True,,2.9802322387695312e-08,link_1|link_2|link_3
0.135,-0.33999999999999997,0.25999999999999995,False,False,True,False,False,True,False,False,True,,2.9802322387695312e-08,link_1|link_2|link_3
0.135,-0.36,0.25999999999999995,False,False,True,False,False,True,False,False,True,,2.9802322387695312e-08,link_1|link_2|link_3
0.135,-0.38,0.25999999999999995,False,False,True,False,False,True,False,False,True,,2.9802322387695312e-08,link_1|link_2|link_3
0.135,-0.39999999999999997,0.25999999999999995,False,False,True,False,False,True,False,False,True,,2.9802322387695312e-08,link_1|link_2|link_3
0.135,-0.42,0.25999999999999995,False,False,True,False,False,True,False,False,True,,2.9802322387695312e-08,link_1|link_2|link_3
0.135,0.42,0.23999999999999994,False,False,True,False,False,True,False,False,True,,2.9802322387695312e-08,link_1|link_2|link_3
0.135,0.4000000000000001,0.23999999999999994,False,False,True,False,False,True,False,False,True,,2.9802322387695312e-08,link_1|link_2|link_3
0.135,0.38000000000000006,0.23999999999999994,False,False,True,False,False,True,False,False,True,,2.9802322387695312e-08,link_1|link_2|link_3
0.135,0.36000000000000004,0.23999999999999994,False,False,True,False,False,True,False,False,True,,2.9802322387695312e-08,link_1|link_2|link_3
0.135,0.34,0.23999999999999994,False,False,True,False,False,True,False,False,True,,2.9802322387695312e-08,link_1|link_2|link_3
0.135,0.32,0.23999999999999994,False,False,True,False,False,True,False,False,True,,2.9802322387695312e-08,link_1|link_2|link_3
0.135,0.3,0.23999999999999994,False,False,True,False,False,True,False,False,True,,2.9802322387695312e-08,link_1|link_2|link_3
0.135,0.2800000000000001,0.23999999999999994,False,False,True,False,False,True,False,False,True,,2.9802322387695312e-08,link_1|link_2|link_3
0.135,0.26000000000000006,0.23999999999999994,False,False,True,False,False,True,False,False,True,,2.9802322387695312e-08,link_1|link_2|link_3
0.135,0.24000000000000005,0.23999999999999994,False,False,True,False,False,True,False,False,True,,2.9802322387695312e-08,link_1|link_2|link_3
0.135,0.22000000000000003,0.23999999999999994,False,False,True,False,False,True,False,False,True,,2.9802322387695312e-08,link_1|link_2|link_3
0.135,0.2,0.23999999999999994,False,False,True,False,False,True,False,False,True,,2.9802322387695312e-08,link_1|link_2|link_3
0.135,0.18,0.23999999999999994,False,False,True,False,False,True,False,False,True,,2.9802322387695312e-08,link_1|link_2|link_3
0.135,0.15999999999999998,0.23999999999999994,False,False,True,False,False,True,False,False,True,,2.9802322387695312e-08,link_1|link_2|link_3
0.135,0.14000000000000007,0.23999999999999994,False,False,True,False,False,True,False,False,True,,2.9802322387695312e-08,link_1|link_2|link_3
0.135,0.12000000000000005,0.23999999999999994,False,False,True,False,False,True,False,False,True,,2.9802322387695312e-08,link_1|link_2|link_3
0.135,0.10000000000000003,0.23999999999999994,False,False,True,False,False,True,False,False,True,,2.9802322387695312e-08,link_1|link_2|link_3
0.135,0.08000000000000002,0.23999999999999994,False,False,True,False,False,True,False,False,True,,2.9802322387695312e-08,link_1|link_2|link_3
0.135,0.06,0.23999999999999994,False,False,True,False,False,True,False,False,True,,2.9802322387695312e-08,link_1|link_2|link_3
0.135,0.040000000000000036,0.23999999999999994,False,False,True,False,False,True,False,False,True,,2.9802322387695312e-08,link_1|link_2|link_3
0.135,0.020000000000000018,0.23999999999999994,False,False,True,False,False,True,False,False,True,,2.9802322387695312e-08,link_1|link_2|link_3
0.135,0.0,0.23999999999999994,False,False,True,False,False,True,False,False,True,,2.9802322387695312e-08,link_1|link_2|link_3
0.135,-0.019999999999999962,0.23999999999999994,False,False,True,False,False,True,False,False,True,,2.9802322387695312e-08,link_1|link_2|link_3
0.135,-0.03999999999999998,0.23999999999999994,False,False,True,False,False,True,False,False,True,,2.9802322387695312e-08,link_1|link_2|link_3
0.135,-0.06,0.23999999999999994,False,False,True,False,False,True,False,False,True,,2.9802322387695312e-08,link_1|link_2|link_3
0.135,-0.07999999999999996,0.23999999999999994,False,False,True,False,False,True,False,False,True,,2.9802322387695312e-08,link_1|link_2|link_3
0.135,-0.09999999999999998,0.23999999999999994,False,False,True,False,False,True,False,False,True,,2.980237923100575e-08,link_1|link_2|link_3
0.135,-0.12,0.23999999999999994,False,False,True,False,False,True,False,False,True,,2.9802322387695312e-08,link_1|link_2|link_3
0.135,-0.13999999999999996,0.23999999999999994,False,False,True,False,False,True,False,False,True,,2.9802322387695312e-08,link_1|link_2|link_3
0.135,-0.15999999999999998,0.23999999999999994,False,False,True,False,False,True,False,False,True,,2.9802322387695312e-08,link_1|link_2|link_3
0.135,-0.18,0.23999999999999994,False,False,True,False,False,True,False,False,True,,2.9802322387695312e-08,link_1|link_2|link_3
0.135,-0.19999999999999998,0.23999999999999994,False,False,True,False,False,True,False,False,True,,2.9802322387695312e-08,link_1|link_2|link_3
0.135,-0.21999999999999997,0.23999999999999994,False,False,True,False,False,True,False,False,True,,2.9802322387695312e-08,link_1|link_2|link_3
0.135,-0.24,0.23999999999999994,False,False,True,False,False,True,False,False,True,,2.9802322387695312e-08,link_1|link_2|link_3
0.135,-0.26,0.23999999999999994,False,False,True,False,False,True,False,False,True,,2.9802322387695312e-08,link_1|link_2|link_3
0.135,-0.27999999999999997,0.23999999999999994,False,False,True,False,False,True,False,False,True,,2.9802322387695312e-08,link_1|link_2|link_3
0.135,-0.3,0.23999999999999994,False,False,True,False,False,True,False,False,True,,2.9802322387695312e-08,link_1|link_2|link_3
0.135,-0.31999999999999995,0.23999999999999994,False,False,True,False,False,True,False,False,True,,2.9802322387695312e-08,link_1|link_2|link_3
0.135,-0.33999999999999997,0.23999999999999994,False,False,True,False,False,True,False,False,True,,2.9802322387695312e-08,link_1|link_2|link_3
0.135,-0.36,0.23999999999999994,False,False,True,False,False,True,False,False,True,,2.9802322387695312e-08,link_1|link_2|link_3
0.135,-0.38,0.23999999999999994,False,False,True,False,False,True,False,False,True,,2.9802322387695312e-08,link_1|link_2|link_3
0.135,-0.39999999999999997,0.23999999999999994,False,False,True,False,False,True,False,False,True,,2.9802322387695312e-08,link_1|link_2|link_3
0.135,-0.42,0.23999999999999994,False,False,True,False,False,True,False,False,True,,2.9802322387695312e-08,link_1|link_2|link_3
0.135,0.42,0.22000000000000003,False,False,True,False,False,True,False,False,True,,2.9802322387695312e-08,link_1|link_2|link_3
0.135,0.4000000000000001,0.22000000000000003,False,False,True,False,False,True,False,False,True,,2.9802322387695312e-08,link_1|link_2|link_3
0.135,0.38000000000000006,0.22000000000000003,False,False,True,False,False,True,False,False,True,,2.9802322387695312e-08,link_1|link_2|link_3
0.135,0.36000000000000004,0.22000000000000003,False,False,True,False,False,True,False,False,True,,2.9802322387695312e-08,link_1|link_2|link_3
0.135,0.34,0.22000000000000003,False,False,True,False,False,True,False,False,True,,2.9802322387695312e-08,link_1|link_2|link_3
0.135,0.32,0.22000000000000003,False,False,True,False,False,True,False,False,True,,2.9802322387695312e-08,link_1|link_2|link_3
0.135,0.3,0.22000000000000003,False,False,True,False,False,True,False,False,True,,2.9802322387695312e-08,link_1|link_2|link_3
0.135,0.2800000000000001,0.22000000000000003,False,False,True,False,False,True,False,False,True,,2.9802322387695312e-08,link_1|link_2|link_3
0.135,0.26000000000000006,0.22000000000000003,False,False,True,False,False,True,False,False,True,,2.9802322387695312e-08,link_1|link_2|link_3
0.135,0.24000000000000005,0.22000000000000003,False,False,True,False,False,True,False,False,True,,2.9802322387695312e-08,link_1|link_2|link_3
0.135,0.22000000000000003,0.22000000000000003,False,False,True,False,False,True,False,False,True,,2.9802322387695312e-08,link_1|link_2|link_3
0.135,0.2,0.22000000000000003,False,False,True,False,False,True,False,False,True,,2.9802322387695312e-08,link_1|link_2|link_3
0.135,0.18,0.22000000000000003,False,False,True,False,False,True,False,False,True,,2.9802322387695312e-08,link_1|link_2|link_3
0.135,0.15999999999999998,0.22000000000000003,False,False,True,False,False,True,False,False,True,,2.9802322387695312e-08,link_1|link_2|link_3
0.135,0.14000000000000007,0.22000000000000003,False,False,True,False,False,True,False,False,True,,2.9802322387695312e-08,link_1|link_2|link_3
0.135,0.12000000000000005,0.22000000000000003,False,False,True,False,False,True,False,False,True,,2.9802322387695312e-08,link_1|link_2|link_3
0.135,0.10000000000000003,0.22000000000000003,False,False,True,False,False,True,False,False,True,,2.9802322387695312e-08,link_1|link_2|link_3
0.135,0.08000000000000002,0.22000000000000003,False,False,True,False,False,True,False,False,True,,2.9802322387695312e-08,link_1|link_2|link_3
0.135,0.06,0.22000000000000003,False,False,True,False,False,True,False,False,True,,2.9802322387695312e-08,link_1|link_2|link_3
0.135,0.040000000000000036,0.22000000000000003,False,False,True,False,False,True,False,False,True,,2.9802322387695312e-08,link_1|link_2|link_3
0.135,0.020000000000000018,0.22000000000000003,False,False,True,False,False,True,False,False,True,,2.9802322387695312e-08,link_1|link_2|link_3
0.135,0.0,0.22000000000000003,False,False,True,False,False,True,False,False,True,,2.9802322387695312e-08,link_1|link_2|link_3
0.135,-0.019999999999999962,0.22000000000000003,False,False,True,False,False,True,False,False,True,,2.9802322387695312e-08,link_1|link_2|link_3
0.135,-0.03999999999999998,0.22000000000000003,False,False,True,False,False,True,False,False,True,,2.9802322387695312e-08,link_1|link_2|link_3
0.135,-0.06,0.22000000000000003,False,False,True,False,False,True,False,False,True,,2.9802322387695312e-08,link_1|link_2|link_3
0.135,-0.07999999999999996,0.22000000000000003,False,False,True,False,False,True,False,False,True,,2.9802322387695312e-08,link_1|link_2|link_3
0.135,-0.09999999999999998,0.22000000000000003,False,False,True,False,False,True,False,False,True,,2.980237923100575e-08,link_1|link_2|link_3
0.135,-0.12,0.22000000000000003,False,False,True,False,False,True,False,False,True,,2.9802322387695312e-08,link_1|link_2|link_3
0.135,-0.13999999999999996,0.22000000000000003,False,False,True,False,False,True,False,False,True,,2.9802322387695312e-08,link_1|link_2|link_3
0.135,-0.15999999999999998,0.22000000000000003,False,False,True,False,False,True,False,False,True,,2.9802322387695312e-08,link_1|link_2|link_3
0.135,-0.18,0.22000000000000003,False,False,True,False,False,True,False,False,True,,2.9802322387695312e-08,link_1|link_2|link_3
0.135,-0.19999999999999998,0.22000000000000003,False,False,True,False,False,True,False,False,True,,2.9802322387695312e-08,link_1|link_2|link_3
0.135,-0.21999999999999997,0.22000000000000003,False,False,True,False,False,True,False,False,True,,2.9802322387695312e-08,link_1|link_2|link_3
0.135,-0.24,0.22000000000000003,False,False,True,False,False,True,False,False,True,,2.9802322387695312e-08,link_1|link_2|link_3
0.135,-0.26,0.22000000000000003,False,False,True,False,False,True,False,False,True,,2.9802322387695312e-08,link_1|link_2|link_3
0.135,-0.27999999999999997,0.22000000000000003,False,False,True,False,False,True,False,False,True,,2.9802322387695312e-08,link_1|link_2|link_3
0.135,-0.3,0.22000000000000003,False,False,True,False,False,True,False,False,True,,2.9802322387695312e-08,link_1|link_2|link_3
0.135,-0.31999999999999995,0.22000000000000003,False,False,True,False,False,True,False,False,True,,2.9802322387695312e-08,link_1|link_2|link_3
0.135,-0.33999999999999997,0.22000000000000003,False,False,True,False,False,True,False,False,True,,2.9802322387695312e-08,link_1|link_2|link_3
0.135,-0.36,0.22000000000000003,False,False,True,False,False,True,False,False,True,,2.9802322387695312e-08,link_1|link_2|link_3
0.135,-0.38,0.22000000000000003,False,False,True,False,False,True,False,False,True,,2.9802322387695312e-08,link_1|link_2|link_3
0.135,-0.39999999999999997,0.22000000000000003,False,False,True,False,False,True,False,False,True,,2.9802322387695312e-08,link_1|link_2|link_3
0.135,-0.42,0.22000000000000003,False,False,True,False,False,True,False,False,True,,2.9802322387695312e-08,link_1|link_2|link_3
0.135,0.42,0.2,False,False,True,False,False,True,False,False,True,,2.9802322387695312e-08,link_1|link_2|link_3
0.135,0.4000000000000001,0.2,False,False,True,False,False,True,False,False,True,,2.9802322387695312e-08,link_1|link_2|link_3
0.135,0.38000000000000006,0.2,False,False,True,False,False,True,False,False,True,,2.9802322387695312e-08,link_1|link_2|link_3
0.135,0.36000000000000004,0.2,False,False,True,False,False,True,False,False,True,,2.9802322387695312e-08,link_1|link_2|link_3
0.135,0.34,0.2,False,False,True,False,False,True,False,False,True,0.015034646727144718,2.9802322387695312e-08,basket|link_0|link_1|link_2|link_3
0.135,0.32,0.2,False,False,True,False,False,True,False,False,True,0.007773958146572113,2.9802322387695312e-08,basket|link_0|link_1|link_2|link_3
0.135,0.3,0.2,False,False,True,False,False,True,False,False,True,0.007723450660705566,2.9802322387695312e-08,basket|link_0|link_1|link_2|link_3
0.135,0.2800000000000001,0.2,False,False,True,False,False,True,False,False,True,0.007594853639602661,2.9802322387695312e-08,basket|link_0|link_1|link_2|link_3
0.135,0.26000000000000006,0.2,False,False,True,False,False,True,False,False,True,0.007503107190132141,2.9802322387695312e-08,basket|link_0|link_1|link_2|link_3
0.135,0.24000000000000005,0.2,False,False,True,False,False,True,False,False,True,0.007483825087547302,2.9802322387695312e-08,basket|link_0|link_1|link_2|link_3
0.135,0.22000000000000003,0.2,False,False,True,False,False,True,False,False,True,0.007492668926715851,2.9802322387695312e-08,basket|link_0|link_1|link_2|link_3
0.135,0.2,0.2,False,False,True,False,False,True,False,False,True,0.007501383777707815,2.9802322387695312e-08,basket|link_0|link_1|link_2|link_3
0.135,0.18,0.2,False,False,True,False,False,True,False,False,True,0.007513217628002167,2.9802322387695312e-08,basket|link_0|link_1|link_2|link_3
0.135,0.15999999999999998,0.2,False,False,True,False,False,True,False,False,True,0.007513217628002167,2.9802322387695312e-08,basket|link_0|link_1|link_2|link_3
0.135,0.14000000000000007,0.2,False,False,True,False,False,True,False,False,True,0.007513217628002167,2.9802322387695312e-08,basket|link_0|link_1|link_2|link_3
0.135,0.12000000000000005,0.2,False,False,True,False,False,True,False,False,True,0.007534869015216827,2.9802322387695312e-08,basket|link_0|link_1|link_2|link_3
0.135,0.10000000000000003,0.2,False,False,True,False,False,True,False,False,True,0.007619984447956085,2.9802322387695312e-08,basket|link_0|link_1|link_2|link_3
0.135,0.08000000000000002,0.2,False,False,True,False,False,True,False,False,True,0.007705137133598328,2.9802322387695312e-08,basket|link_0|link_1|link_2|link_3
0.135,0.06,0.2,False,False,True,False,False,True,False,False,True,0.007790934760123491,2.9802322387695312e-08,basket|link_0|link_1|link_2|link_3
0.135,0.040000000000000036,0.2,False,False,True,False,False,True,False,False,True,0.008576800115406513,2.9802322387695312e-08,basket|link_0|link_1|link_2|link_3
0.135,0.020000000000000018,0.2,False,False,True,False,False,True,False,False,True,0.00857070367783308,2.9802322387695312e-08,basket|link_0|link_1|link_2|link_3
0.135,0.0,0.2,False,False,True,False,False,True,False,False,True,0.008555077947676182,2.9802322387695312e-08,basket|link_0|link_1|link_2|link_3
0.135,-0.019999999999999962,0.2,False,False,True,False,False,True,False,False,True,0.008560587652027607,2.9802322387695312e-08,basket|link_0|link_1|link_2|link_3
0.135,-0.03999999999999998,0.2,False,False,True,False,False,True,False,False,True,0.00848634634166956,2.9802322387695312e-08,basket|link_0|link_1|link_2|link_3
0.135,-0.06,0.2,False,False,True,False,False,True,False,False,True,0.0077666789293289185,2.9802322387695312e-08,basket|link_0|link_1|link_2|link_3
0.135,-0.07999999999999996,0.2,False,False,True,False,False,True,False,False,True,0.007715433835983276,2.9802322387695312e-08,basket|link_0|link_1|link_2|link_3
0.135,-0.09999999999999998,0.2,False,False,True,False,False,True,False,False,True,0.007623679935932159,2.980237923100575e-08,basket|link_0|link_1|link_2|link_3
0.135,-0.12,0.2,False,False,True,False,False,True,False,False,True,0.0077155232429504395,2.9802322387695312e-08,basket|link_0|link_1|link_2|link_3
0.135,-0.13999999999999996,0.2,False,False,True,False,False,True,False,False,True,0.007481418550014496,2.9802322387695312e-08,basket|link_0|link_1|link_2|link_3
0.135,-0.15999999999999998,0.2,False,False,True,False,False,True,False,False,True,0.007481418550014496,2.9802322387695312e-08,basket|link_0|link_1|link_2|link_3
0.135,-0.18,0.2,False,False,True,False,False,True,False,False,True,0.007481418550014496,2.9802322387695312e-08,basket|link_0|link_1|link_2|link_3
0.135,-0.19999999999999998,0.2,False,False,True,False,False,True,False,False,True,0.007489912211894989,2.9802322387695312e-08,basket|link_0|link_1|link_2|link_3
0.135,-0.21999999999999997,0.2,False,False,True,False,False,True,False,False,True,0.007500334642827511,2.9802322387695312e-08,basket|link_0|link_1|link_2|link_3
0.135,-0.24,0.2,False,False,True,False,False,True,False,False,True,0.007508085574954748,2.9802322387695312e-08,basket|link_0|link_1|link_2|link_3
0.135,-0.26,0.2,False,False,True,False,False,True,False,False,True,0.007542327046394348,2.9802322387695312e-08,basket|link_0|link_1|link_2|link_3
0.135,-0.27999999999999997,0.2,False,False,True,False,False,True,False,False,True,0.0076274871826171875,2.9802322387695312e-08,basket|link_0|link_1|link_2|link_3
0.135,-0.3,0.2,False,False,True,False,False,True,False,False,True,0.007712617516517639,2.9802322387695312e-08,basket|link_0|link_1|link_2|link_3
0.135,-0.31999999999999995,0.2,False,False,True,False,False,True,False,False,True,0.007879853248596191,2.9802322387695312e-08,basket|link_0|link_1|link_2|link_3
0.135,-0.33999999999999997,0.2,False,False,True,False,False,True,False,False,True,0.015444576740264893,2.9802322387695312e-08,basket|link_0|link_1|link_2|link_3
0.135,-0.36,0.2,False,False,True,False,False,True,False,False,True,,2.9802322387695312e-08,link_1|link_2|link_3
0.135,-0.38,0.2,False,False,True,False,False,True,False,False,True,,2.9802322387695312e-08,link_1|link_2|link_3
0.135,-0.39999999999999997,0.2,False,False,True,False,False,True,False,False,True,,2.9802322387695312e-08,link_1|link_2|link_3
0.135,-0.42,0.2,False,False,True,False,False,True,False,False,True,,2.9802322387695312e-08,link_1|link_2|link_3
0.135,0.42,0.18,False,False,True,False,False,True,False,False,True,,2.9802322387695312e-08,link_1|link_2|link_3
0.135,0.4000000000000001,0.18,False,False,True,False,False,True,False,False,True,,2.9802322387695312e-08,link_1|link_2|link_3
0.135,0.38000000000000006,0.18,False,False,True,False,False,True,False,False,True,,2.9802322387695312e-08,link_1|link_2|link_3
0.135,0.36000000000000004,0.18,False,False,True,False,False,True,False,False,True,,2.9802322387695312e-08,link_1|link_2|link_3
0.135,0.34,0.18,False,False,True,False,False,True,False,False,True,0.004771367181092501,2.9802322387695312e-08,basket|link_0|link_1|link_2|link_3
0.135,0.32,0.18,True,True,True,True,True,True,True,True,True,-0.012192711234092712,0.0051946006083081805,basket|link_0|link_1|link_2|link_3
0.135,0.3,0.18,True,True,True,True,True,True,True,True,True,-0.012313418090343475,0.02182685440056773,basket|link_0|link_1|link_2|link_3
0.135,0.2800000000000001,0.18,True,True,True,True,True,True,True,True,True,-0.012405164539813995,0.030426637218362657,basket|link_0|link_1|link_2|link_3
0.135,0.26000000000000006,0.18,True,True,True,True,True,True,True,True,True,-0.012496910989284515,0.030166066192356757,basket|link_0|link_1|link_2|link_3
0.135,0.24000000000000005,0.18,True,True,True,True,True,True,True,True,True,-0.012512748129665852,0.013941563034733234,basket|link_0|link_1|link_2|link_3
0.135,0.22000000000000003,0.18,True,True,True,True,True,True,True,True,True,-0.012507349252700806,0.022260502382382957,basket|link_0|link_1|link_2|link_3
0.135,0.2,0.18,True,True,True,True,True,True,True,True,True,-0.012498623691499233,0.026405659123157635,basket|link_0|link_1|link_2|link_3
0.135,0.18,0.18,True,True,True,True,True,True,True,True,True,-0.01248680055141449,0.024306003683317704,basket|link_0|link_1|link_2|link_3
0.135,0.15999999999999998,0.18,True,True,True,True,True,True,True,True,True,-0.01243070513010025,0.0022217980939905255,basket|link_0|link_1|link_2|link_3
0.135,0.14000000000000007,0.18,True,True,True,True,True,True,True,True,True,-0.012345530092716217,0.0354746467309271,basket|link_0|link_1|link_2|link_3
0.135,0.12000000000000005,0.18,True,True,True,True,True,True,True,True,True,-0.008822895586490631,0.02281631338515227,basket|link_0|link_1|link_2|link_3
0.135,0.10000000000000003,0.18,True,True,True,True,True,True,True,True,True,-0.011174120008945465,0.009886784850407794,basket|link_0|link_1|link_2|link_3
0.135,0.08000000000000002,0.18,True,True,True,True,True,True,True,True,True,-0.011174120008945465,0.00752784975771456,basket|link_0|link_1|link_2|link_3
0.135,0.06,0.18,True,True,True,True,True,True,True,True,True,-0.011174120008945465,0.004705470059528235,basket|link_0|link_1|link_2|link_3
0.135,0.040000000000000036,0.18,True,True,True,True,True,True,True,True,True,-0.005423985421657562,0.021203890784608492,basket|link_0|link_1|link_2|link_3
0.135,0.020000000000000018,0.18,True,True,True,True,True,True,True,True,True,-0.005423985421657562,0.016341488738066085,basket|link_0|link_1|link_2|link_3
0.135,0.0,0.18,True,True,True,True,True,True,True,True,True,-0.005423985421657562,0.024430681471822292,basket|link_0|link_1|link_2|link_3
0.135,-0.019999999999999962,0.18,True,True,True,True,True,True,True,True,True,-0.005423977971076965,0.016341489715849724,basket|link_0|link_1|link_2|link_3
0.135,-0.03999999999999998,0.18,True,True,True,True,True,True,True,True,True,-0.005423977971076965,0.015150716432298665,basket|link_0|link_1|link_2|link_3
0.135,-0.06,0.18,True,True,True,True,True,True,True,True,True,-0.010254308581352234,0.017036865110280137,basket|link_0|link_1|link_2|link_3
0.135,-0.07999999999999996,0.18,True,True,True,True,True,True,True,True,True,-0.010254308581352234,0.011439995355063952,basket|link_0|link_1|link_2|link_3
0.135,-0.09999999999999998,0.18,True,True,True,True,True,True,True,True,True,-0.010254308581352234,0.0158113927621092,basket|link_0|link_1|link_2|link_3
0.135,-0.12,0.18,True,True,True,True,True,True,True,True,True,-0.008822910487651825,0.018972239978284434,basket|link_0|link_1|link_2|link_3
0.135,-0.13999999999999996,0.18,True,True,True,True,True,True,True,True,True,-0.012376241385936737,0.016466705248431055,basket|link_0|link_1|link_2|link_3
0.135,-0.15999999999999998,0.18,True,True,True,True,True,True,True,True,True,-0.012467987835407257,0.007545156580624648,basket|link_0|link_1|link_2|link_3
0.135,-0.18,0.18,True,True,True,True,True,True,True,True,True,-0.01251859962940216,0.017155868359763793,basket|link_0|link_1|link_2|link_3
0.135,-0.19999999999999998,0.18,True,True,True,True,True,True,True,True,True,-0.012510105967521667,0.017572056576541883,basket|link_0|link_1|link_2|link_3
0.135,-0.21999999999999997,0.18,True,True,True,True,True,True,True,True,True,-0.0124996742233634,0.0113750729907931,basket|link_0|link_1|link_2|link_3
0.135,-0.24,0.18,True,True,True,True,True,True,True,True,True,-0.012492596171796322,0.009578636673660447,basket|link_0|link_1|link_2|link_3
0.135,-0.26,0.18,True,True,True,True,True,True,True,True,True,-0.012457489967346191,0.015965152976736067,basket|link_0|link_1|link_2|link_3
0.135,-0.27999999999999997,0.18,True,True,True,True,True,True,True,True,True,-0.01237235963344574,0.04067319232595849,basket|link_0|link_1|link_2|link_3
0.135,-0.3,0.18,True,True,True,True,True,True,True,True,True,-0.011174134910106659,0.00588283718768647,basket|link_0|link_1|link_2|link_3
0.135,-0.31999999999999995,0.18,True,True,True,True,True,True,True,True,True,-0.012077100574970245,0.0024432500970210103,basket|link_0|link_1|link_2|link_3
0.135,-0.33999999999999997,0.18,False,False,True,False,False,True,False,False,True,0.00694110244512558,2.9802322387695312e-08,basket|link_0|link_1|link_2|link_3
0.135,-0.36,0.18,False,False,True,False,False,True,False,False,True,,2.9802322387695312e-08,link_1|link_2|link_3
0.135,-0.38,0.18,False,False,True,False,False,True,False,False,True,,2.9802322387695312e-08,link_1|link_2|link_3
0.135,-0.39999999999999997,0.18,False,False,True,False,False,True,False,False,True,,2.9802322387695312e-08,link_1|link_2|link_3
0.135,-0.42,0.18,False,False,True,False,False,True,False,False,True,,2.9802322387695312e-08,link_1|link_2|link_3
0.135,0.42,0.15999999999999998,False,False,True,False,False,True,False,False,True,,2.9802322387695312e-08,link_1|link_2|link_3
0.135,0.4000000000000001,0.15999999999999998,False,False,True,False,False,True,False,False,True,,2.9802322387695312e-08,link_1|link_2|link_3
0.135,0.38000000000000006,0.15999999999999998,False,False,True,False,False,True,False,False,True,,2.9802322387695312e-08,link_1|link_2|link_3
0.135,0.36000000000000004,0.15999999999999998,False,False,True,False,False,True,False,False,True,,2.9802322387695312e-08,link_1|link_2|link_3
0.135,0.34,0.15999999999999998,False,False,True,False,False,True,False,False,True,0.004426747560501099,2.9802322387695312e-08,basket|link_0|link_1|link_2|link_3
0.135,0.32,0.15999999999999998,True,True,True,True,True,True,True,True,True,-0.015421509742736816,0.01663532560543295,basket|link_0|link_1|link_2|link_3
0.135,0.3,0.15999999999999998,True,True,True,True,True,True,True,True,True,-0.012567207217216492,0.009221509414814612,basket|link_0|link_1|link_2|link_3
0.135,0.2800000000000001,0.15999999999999998,True,True,True,True,True,True,True,True,True,-0.015852032229304314,0.035694892143766734,basket|link_0|link_1|link_2|link_3
0.135,0.26000000000000006,0.15999999999999998,True,True,True,True,True,True,True,True,True,-0.015911251306533813,0.04088659121470711,basket|link_0|link_1|link_2|link_3
0.135,0.24000000000000005,0.15999999999999998,True,True,True,True,True,True,True,True,True,-0.019176244735717773,0.01613235838211755,basket|link_0|link_1|link_2|link_3
0.135,0.22000000000000003,0.15999999999999998,True,True,True,True,True,True,True,True,True,-0.015914790332317352,0.027133536572341427,basket|link_0|link_1|link_2|link_3
0.135,0.2,0.15999999999999998,True,True,True,True,True,True,True,True,True,-0.015914782881736755,0.014443989412783388,basket|link_0|link_1|link_2|link_3
0.135,0.18,0.15999999999999998,True,True,True,True,True,True,True,True,True,-0.015914782881736755,0.01936284156423057,basket|link_0|link_1|link_2|link_3
0.135,0.15999999999999998,0.15999999999999998,True,True,True,True,True,True,True,True,True,-0.015877600759267807,0.012411756672793683,basket|link_0|link_1|link_2|link_3
0.135,0.14000000000000007,0.15999999999999998,True,True,True,True,True,True,True,True,True,-0.015819311141967773,0.007895842622963348,basket|link_0|link_1|link_2|link_3
0.135,0.12000000000000005,0.15999999999999998,True,True,True,True,True,True,True,True,True,-0.014960117638111115,0.018166329123180947,basket|link_0|link_1|link_2|link_3
0.135,0.10000000000000003,0.15999999999999998,True,True,True,True,True,True,True,True,True,-0.014960117638111115,0.022694703654599312,basket|link_0|link_1|link_2|link_3
0.135,0.08000000000000002,0.15999999999999998,True,True,True,True,True,True,True,True,True,-0.014960117638111115,0.010167290565526831,basket|link_0|link_1|link_2|link_3
0.135,0.06,0.15999999999999998,True,True,True,True,True,True,True,True,True,-0.014960125088691711,0.011706790095760002,basket|link_0|link_1|link_2|link_3
0.135,0.040000000000000036,0.15999999999999998,True,True,True,True,True,True,True,True,True,-0.014960125088691711,0.012120127001274801,basket|link_0|link_1|link_2|link_3
0.135,0.020000000000000018,0.15999999999999998,True,True,True,True,True,True,True,True,True,-0.014960125088691711,0.009778955102868112,basket|link_0|link_1|link_2|link_3
0.135,0.0,0.15999999999999998,True,True,True,True,True,True,True,True,True,-0.014960125088691711,0.008058381784600758,basket|link_0|link_1|link_2|link_3
0.135,-0.019999999999999962,0.15999999999999998,True,True,True,True,True,True,True,True,True,-0.014960125088691711,0.009857989483711953,basket|link_0|link_1|link_2|link_3
0.135,-0.03999999999999998,0.15999999999999998,True,True,True,True,True,True,True,True,True,-0.014960125088691711,0.01712343328248594,basket|link_0|link_1|link_2|link_3
0.135,-0.06,0.15999999999999998,True,True,True,True,True,True,True,True,True,-0.014960125088691711,0.02000656490612954,basket|link_0|link_1|link_2|link_3
0.135,-0.07999999999999996,0.15999999999999998,True,True,True,True,True,True,True,True,True,-0.014960125088691711,0.017268088666204374,basket|link_0|link_1|link_2|link_3
0.135,-0.09999999999999998,0.15999999999999998,True,True,True,True,True,True,True,True,True,-0.014960125088691711,0.0038708505767473316,basket|link_0|link_1|link_2|link_3
0.135,-0.12,0.15999999999999998,True,True,True,True,True,True,True,True,True,-0.014960132539272308,0.003514962884912109,basket|link_0|link_1|link_2|link_3
0.135,-0.13999999999999996,0.15999999999999998,True,True,True,True,True,True,True,True,True,-0.015833422541618347,0.01131896319352712,basket|link_0|link_1|link_2|link_3
0.135,-0.15999999999999998,0.15999999999999998,True,True,True,True,True,True,True,True,True,-0.015892641618847847,0.013164809084625266,basket|link_0|link_1|link_2|link_3
0.135,-0.18,0.15999999999999998,True,True,True,True,True,True,True,True,True,-0.015914835035800934,0.027915256659083253,basket|link_0|link_1|link_2|link_3
0.135,-0.19999999999999998,0.15999999999999998,True,True,True,True,True,True,True,True,True,-0.015914835035800934,0.014078188523308345,basket|link_0|link_1|link_2|link_3
0.135,-0.21999999999999997,0.15999999999999998,True,True,True,True,True,True,True,True,True,-0.015914835035800934,0.02309205480852699,basket|link_0|link_1|link_2|link_3
0.135,-0.24,0.15999999999999998,True,True,True,True,True,True,True,True,True,-0.01705165207386017,0.018760820916488896,basket|link_0|link_1|link_2|link_3
0.135,-0.26,0.15999999999999998,True,True,True,True,True,True,True,True,True,-0.015896011143922806,0.043453919612011914,basket|link_0|link_1|link_2|link_3
0.135,-0.27999999999999997,0.15999999999999998,True,True,True,True,True,True,True,True,True,-0.015837721526622772,0.02442796820102831,basket|link_0|link_1|link_2|link_3
0.135,-0.3,0.15999999999999998,True,True,True,True,True,True,True,True,True,-0.007712244987487793,0.009012888737226362,basket|link_0|link_1|link_2|link_3
0.135,-0.31999999999999995,0.15999999999999998,True,True,True,True,True,True,True,True,True,-0.01332758367061615,0.012065052458467018,basket|link_0|link_1|link_2|link_3
0.135,-0.33999999999999997,0.15999999999999998,False,False,True,False,False,True,False,False,True,0.006578236818313599,2.9802322387695312e-08,basket|link_0|link_1|link_2|link_3
0.135,-0.36,0.15999999999999998,False,False,True,False,False,True,False,False,True,,2.9802322387695312e-08,link_1|link_2|link_3
0.135,-0.38,0.15999999999999998,False,False,True,False,False,True,False,False,True,,2.9802322387695312e-08,link_1|link_2|link_3
0.135,-0.39999999999999997,0.15999999999999998,False,False,True,False,False,True,False,False,True,,2.9802322387695312e-08,link_1|link_2|link_3
0.135,-0.42,0.15999999999999998,False,False,True,False,False,True,False,False,True,,2.9802322387695312e-08,link_1|link_2|link_3
0.135,0.42,0.13999999999999996,False,False,True,False,False,True,False,False,True,,1.4901161193847656e-08,link_1|link_2|link_3
0.135,0.4000000000000001,0.13999999999999996,False,False,True,False,False,True,False,False,True,,1.4901161193847656e-08,link_1|link_2|link_3
0.135,0.38000000000000006,0.13999999999999996,False,False,True,False,False,True,False,False,True,,1.4901161193847656e-08,link_1|link_2|link_3
0.135,0.36000000000000004,0.13999999999999996,False,False,True,False,False,True,False,False,True,,1.4901161193847656e-08,link_1|link_2|link_3
0.135,0.34,0.13999999999999996,False,False,True,False,False,True,False,False,True,0.004426747560501099,1.4901161193847656e-08,basket|link_0|link_1|link_2|link_3
0.135,0.32,0.13999999999999996,True,True,True,True,True,True,True,True,True,-0.015421509742736816,0.022772162526177885,basket|link_0|link_1|link_2|link_3
0.135,0.3,0.13999999999999996,True,True,True,True,True,True,True,True,True,-0.020959846675395966,0.0299190752918229,basket|link_0|link_1|link_2|link_3
0.135,0.2800000000000001,0.13999999999999996,True,True,True,True,True,True,True,True,True,-0.020959846675395966,0.05265764869555754,basket|link_0|link_1|link_2|link_3
0.135,0.26000000000000006,0.13999999999999996,True,True,True,True,True,True,True,True,True,-0.020959846675395966,0.012082360493843572,basket|link_0|link_1|link_2|link_3
0.135,0.24000000000000005,0.13999999999999996,True,True,True,True,True,True,True,True,True,-0.02095983177423477,0.04543420358284173,basket|link_0|link_1|link_2|link_3
0.135,0.22000000000000003,0.13999999999999996,True,True,True,True,True,True,True,True,True,-0.02095983177423477,0.008276667233890691,basket|link_0|link_1|link_2|link_3
0.135,0.2,0.13999999999999996,True,True,True,True,True,True,True,True,True,-0.02095983177423477,0.01734578484866703,basket|link_0|link_1|link_2|link_3
0.135,0.18,0.13999999999999996,True,True,True,True,True,True,True,True,True,-0.02095983177423477,0.002949885090462063,basket|link_0|link_1|link_2|link_3
0.135,0.15999999999999998,0.13999999999999996,True,True,True,True,True,True,True,True,True,-0.02095983177423477,0.009927882797363204,basket|link_0|link_1|link_2|link_3
0.135,0.14000000000000007,0.13999999999999996,True,True,True,True,True,True,True,True,True,-0.02095983177423477,0.002960533766939167,basket|link_0|link_1|link_2|link_3
0.135,0.12000000000000005,0.13999999999999996,True,True,True,True,True,True,True,True,True,-0.020959816873073578,0.010009097801889764,basket|link_0|link_1|link_2|link_3
0.135,0.10000000000000003,0.13999999999999996,True,True,True,True,True,True,True,True,True,-0.020959816873073578,0.01783213172099044,basket|link_0|link_1|link_2|link_3
0.135,0.08000000000000002,0.13999999999999996,True,True,True,True,True,True,True,True,True,-0.020959846675395966,0.01152355858079779,basket|link_0|link_1|link_2|link_3
0.135,0.06,0.13999999999999996,True,True,True,True,True,True,True,True,True,-0.020959846675395966,0.027123140163660044,basket|link_0|link_1|link_2|link_3
0.135,0.040000000000000036,0.13999999999999996,True,True,True,True,True,True,True,True,True,-0.02095983177423477,0.008724270118877471,basket|link_0|link_1|link_2|link_3
0.135,0.020000000000000018,0.13999999999999996,True,True,True,True,True,True,True,True,True,-0.02095983177423477,0.015705825285934755,basket|link_0|link_1|link_2|link_3
0.135,0.0,0.13999999999999996,True,True,True,True,True,True,True,True,True,-0.02095983177423477,0.016818873728416055,basket|link_0|link_1|link_2|link_3
0.135,-0.019999999999999962,0.13999999999999996,True,True,True,True,True,True,True,True,True,-0.02095983177423477,0.015508594621314088,basket|link_0|link_1|link_2|link_3
0.135,-0.03999999999999998,0.13999999999999996,True,True,True,True,True,True,True,True,True,-0.02095983177423477,0.011226720699774899,basket|link_0|link_1|link_2|link_3
0.135,-0.06,0.13999999999999996,True,True,True,True,True,True,True,True,True,-0.02095983177423477,0.011457890531794968,basket|link_0|link_1|link_2|link_3
0.135,-0.07999999999999996,0.13999999999999996,True,True,True,True,True,True,True,True,True,-0.020959816873073578,0.007221264476948913,basket|link_0|link_1|link_2|link_3
0.135,-0.09999999999999998,0.13999999999999996,True,True,True,True,True,True,True,True,True,-0.020959816873073578,0.0073628566745323285,basket|link_0|link_1|link_2|link_3
0.135,-0.12,0.13999999999999996,True,True,True,True,True,True,True,True,True,-0.020959816873073578,0.010161768809633308,basket|link_0|link_1|link_2|link_3
0.135,-0.13999999999999996,0.13999999999999996,True,True,True,True,True,True,True,True,True,-0.020959816873073578,0.016647404629036956,basket|link_0|link_1|link_2|link_3
0.135,-0.15999999999999998,0.13999999999999996,True,True,True,True,True,True,True,True,True,-0.020959816873073578,0.006018255100349032,basket|link_0|link_1|link_2|link_3
0.135,-0.18,0.13999999999999996,True,True,True,True,True,True,True,True,True,-0.020959816873073578,0.018239233921440053,basket|link_0|link_1|link_2|link_3
0.135,-0.19999999999999998,0.13999999999999996,True,True,True,True,True,True,True,True,True,-0.020959801971912384,0.019781707906274277,basket|link_0|link_1|link_2|link_3
0.135,-0.21999999999999997,0.13999999999999996,True,True,True,True,True,True,True,True,True,-0.020959801971912384,0.035118667244694673,basket|link_0|link_1|link_2|link_3
0.135,-0.24,0.13999999999999996,True,True,True,True,True,True,True,True,True,-0.020959801971912384,0.027108517555096384,basket|link_0|link_1|link_2|link_3
0.135,-0.26,0.13999999999999996,True,True,True,True,True,True,True,True,True,-0.020959801971912384,0.022061918334442064,basket|link_0|link_1|link_2|link_3
0.135,-0.27999999999999997,0.13999999999999996,True,True,True,True,True,True,True,True,True,-0.020959801971912384,0.08086971327764242,basket|link_0|link_1|link_2|link_3
0.135,-0.3,0.13999999999999996,True,True,True,True,True,True,True,True,True,-0.020959801971912384,0.04552276309642986,basket|link_0|link_1|link_2|link_3
0.135,-0.31999999999999995,0.13999999999999996,True,True,True,True,True,True,True,True,True,-0.01332758367061615,0.03186354757056262,basket|link_0|link_1|link_2|link_3
0.135,-0.33999999999999997,0.13999999999999996,False,False,True,False,False,True,False,False,True,0.006578236818313599,1.4901161193847656e-08,basket|link_0|link_1|link_2|link_3
0.135,-0.36,0.13999999999999996,False,False,True,False,False,True,False,False,True,,1.4901161193847656e-08,link_1|link_2|link_3
0.135,-0.38,0.13999999999999996,False,False,True,False,False,True,False,False,True,,1.4901161193847656e-08,link_1|link_2|link_3
0.135,-0.39999999999999997,0.13999999999999996,False,False,True,False,False,True,False,False,True,,1.4901161193847656e-08,link_1|link_2|link_3
0.135,-0.42,0.13999999999999996,False,False,True,False,False,True,False,False,True,,1.4901161193847656e-08,link_1|link_2|link_3
0.135,0.42,0.12,False,False,True,False,False,True,False,False,True,,1.4901161193847656e-08,link_1|link_2|link_3
0.135,0.4000000000000001,0.12,False,False,True,False,False,True,False,False,True,,1.4901161193847656e-08,link_1|link_2|link_3
0.135,0.38000000000000006,0.12,False,False,True,False,False,True,False,False,True,,1.4901161193847656e-08,link_1|link_2|link_3
0.135,0.36000000000000004,0.12,False,False,True,False,False,True,False,False,True,,1.4901161193847656e-08,link_1|link_2|link_3
0.135,0.34,0.12,False,False,True,False,False,True,False,False,True,0.004426747560501099,1.4901161193847656e-08,basket|link_0|link_1|link_2|link_3
0.135,0.32,0.12,True,True,True,True,True,True,True,True,True,-0.015421509742736816,0.03867854647497097,basket|link_0|link_1|link_2|link_3
0.135,0.3,0.12,True,True,True,True,True,True,True,True,True,-0.020959846675395966,0.037337574136081436,basket|link_0|link_1|link_2|link_3
0.135,0.2800000000000001,0.12,True,True,True,True,True,True,True,True,True,-0.020959846675395966,0.02433694038615643,basket|link_0|link_1|link_2|link_3
0.135,0.26000000000000006,0.12,True,True,True,True,True,True,True,True,True,-0.020959846675395966,0.04332075821669602,basket|link_0|link_1|link_2|link_3
0.135,0.24000000000000005,0.12,True,True,True,True,True,True,True,True,True,-0.020959846675395966,0.013939508184622841,basket|link_0|link_1|link_2|link_3
0.135,0.22000000000000003,0.12,True,True,True,True,True,True,True,True,True,-0.02095983177423477,0.019712986279525946,basket|link_0|link_1|link_2|link_3
0.135,0.2,0.12,True,True,True,True,True,True,True,True,True,-0.0275660902261734,0.03281334005650579,basket|link_0|link_1|link_2|link_3
0.135,0.18,0.12,True,True,True,True,True,True,True,True,True,-0.02912038564682007,0.012428411788522354,basket|link_0|link_1|link_2|link_3
0.135,0.15999999999999998,0.12,True,True,True,True,True,True,True,True,True,-0.021911926567554474,0.044891926018555815,basket|link_0|link_1|link_2|link_3
0.135,0.14000000000000007,0.12,True,True,True,True,True,True,True,True,True,-0.021911926567554474,0.0058677264652935044,basket|link_0|link_1|link_2|link_3
0.135,0.12000000000000005,0.12,True,True,True,True,True,True,True,True,True,-0.021911926567554474,0.02287534255580637,basket|link_0|link_1|link_2|link_3
0.135,0.10000000000000003,0.12,True,True,True,True,True,True,True,True,True,-0.021911926567554474,0.007485789971297158,basket|link_0|link_1|link_2|link_3
0.135,0.08000000000000002,0.12,True,True,True,True,True,True,True,True,True,-0.021911926567554474,0.013444559198143777,basket|link_0|link_1|link_2|link_3
0.135,0.06,0.12,True,True,True,True,True,True,True,True,True,-0.021911919116973877,0.0029936208598488325,basket|link_0|link_1|link_2|link_3
0.135,0.040000000000000036,0.12,True,True,True,True,True,True,True,True,True,-0.021911919116973877,0.014950190858073113,basket|link_0|link_1|link_2|link_3
0.135,0.020000000000000018,0.12,True,True,True,True,True,True,True,True,True,-0.021911919116973877,0.0037969150047401884,basket|link_0|link_1|link_2|link_3
0.135,0.0,0.12,True,True,True,True,True,True,True,True,True,-0.021911919116973877,0.01480872899668851,basket|link_0|link_1|link_2|link_3
0.135,-0.019999999999999962,0.12,True,True,True,True,True,True,True,True,True,-0.021911919116973877,0.0072461829794112816,basket|link_0|link_1|link_2|link_3
0.135,-0.03999999999999998,0.12,True,True,True,True,True,True,True,True,True,-0.021911919116973877,0.016850593797932103,basket|link_0|link_1|link_2|link_3
0.135,-0.06,0.12,True,True,True,True,True,True,True,True,True,-0.021911919116973877,0.014104870199464752,basket|link_0|link_1|link_2|link_3
0.135,-0.07999999999999996,0.12,True,True,True,True,True,True,True,True,True,-0.021911919116973877,0.015977946674009178,basket|link_0|link_1|link_2|link_3
0.135,-0.09999999999999998,0.12,True,True,True,True,True,True,True,True,True,-0.021911919116973877,0.007093634674274922,basket|link_0|link_1|link_2|link_3
0.135,-0.12,0.12,True,True,True,True,True,True,True,True,True,-0.02191191166639328,0.019044589534146505,basket|link_0|link_1|link_2|link_3
0.135,-0.13999999999999996,0.12,True,True,True,True,True,True,True,True,True,-0.02191191166639328,0.025381252965711892,basket|link_0|link_1|link_2|link_3
0.135,-0.15999999999999998,0.12,True,True,True,True,True,True,True,True,True,-0.02191191166639328,0.050147938958860105,basket|link_0|link_1|link_2|link_3
0.135,-0.18,0.12,True,True,True,True,True,True,True,True,True,-0.029120370745658875,0.02711378207329893,basket|link_0|link_1|link_2|link_3
0.135,-0.19999999999999998,0.12,True,True,True,True,True,True,True,True,True,-0.025410160422325134,0.03041678299101333,basket|link_0|link_1|link_2|link_3
0.135,-0.21999999999999997,0.12,True,True,True,True,True,True,True,True,True,-0.020959801971912384,0.019153652922736793,basket|link_0|link_1|link_2|link_3
0.135,-0.24,0.12,True,True,True,True,True,True,True,True,True,-0.020959801971912384,0.04205209538170882,basket|link_0|link_1|link_2|link_3
0.135,-0.26,0.12,True,True,True,True,True,True,True,True,True,-0.020959801971912384,0.05149592371291924,basket|link_0|link_1|link_2|link_3
0.135,-0.27999999999999997,0.12,True,True,True,True,True,True,True,True,True,-0.020959801971912384,0.032290163478031896,basket|link_0|link_1|link_2|link_3
0.135,-0.3,0.12,True,True,True,True,True,True,True,True,True,-0.020959801971912384,0.03906273549032235,basket|link_0|link_1|link_2|link_3
0.135,-0.31999999999999995,0.12,True,True,True,True,True,True,True,True,True,-0.01332758367061615,0.042099138335229026,basket|link_0|link_1|link_2|link_3
0.135,-0.33999999999999997,0.12,False,False,True,False,False,True,False,False,True,0.006578236818313599,1.4901161193847656e-08,basket|link_0|link_1|link_2|link_3
0.135,-0.36,0.12,False,False,True,False,False,True,False,False,True,,1.4901161193847656e-08,link_1|link_2|link_3
0.135,-0.38,0.12,False,False,True,False,False,True,False,False,True,,1.4901161193847656e-08,link_1|link_2|link_3
0.135,-0.39999999999999997,0.12,False,False,True,False,False,True,False,False,True,,1.4901161193847656e-08,link_1|link_2|link_3
0.135,-0.42,0.12,False,False,True,False,False,True,False,False,True,,1.4901161193847656e-08,link_1|link_2|link_3
0.135,0.42,0.09999999999999998,False,False,True,False,False,True,False,False,True,,1.4901161193847656e-08,link_1|link_2|link_3
0.135,0.4000000000000001,0.09999999999999998,False,False,True,False,False,True,False,False,True,,1.4901161193847656e-08,link_1|link_2|link_3
0.135,0.38000000000000006,0.09999999999999998,False,False,True,False,False,True,False,False,True,,1.4901161193847656e-08,link_1|link_2|link_3
0.135,0.36000000000000004,0.09999999999999998,False,False,True,False,False,True,False,False,True,,1.4901161193847656e-08,link_1|link_2|link_3
0.135,0.34,0.09999999999999998,False,False,True,False,False,True,False,False,True,0.004426747560501099,1.4901161193847656e-08,basket|link_0|link_1|link_2|link_3
0.135,0.32,0.09999999999999998,True,True,True,True,True,True,True,True,True,-0.015421509742736816,0.028481523597170877,basket|link_0|link_1|link_2|link_3
0.135,0.3,0.09999999999999998,True,True,True,True,True,True,True,True,True,-0.020959846675395966,0.039807263821529604,basket|link_0|link_1|link_2|link_3
0.135,0.2800000000000001,0.09999999999999998,True,True,True,True,True,True,True,True,True,-0.020959846675395966,0.047528507292735056,basket|link_0|link_1|link_2|link_3
0.135,0.26000000000000006,0.09999999999999998,True,True,True,True,True,True,True,True,True,-0.020959846675395966,0.031753409943572494,basket|link_0|link_1|link_2|link_3
0.135,0.24000000000000005,0.09999999999999998,True,True,True,True,True,True,True,True,True,-0.020959846675395966,0.016736262828182528,basket|link_0|link_1|link_2|link_3
0.135,0.22000000000000003,0.09999999999999998,True,True,True,True,True,True,True,True,True,-0.020959846675395966,0.00743396810293628,basket|link_0|link_1|link_2|link_3
0.135,0.2,0.09999999999999998,True,True,True,True,True,True,True,True,True,-0.0287797749042511,0.024258266548738673,basket|link_0|link_1|link_2|link_3
0.135,0.18,0.09999999999999998,True,True,True,True,True,True,True,True,True,-0.041911929845809937,0.018132204216836634,basket|link_0|link_1|link_2|link_3
0.135,0.15999999999999998,0.09999999999999998,True,True,True,True,True,True,True,True,True,-0.041911929845809937,0.02808375637164231,basket|link_0|link_1|link_2|link_3
0.135,0.14000000000000007,0.09999999999999998,True,True,True,True,True,True,True,True,True,-0.041911929845809937,0.03941014586183057,basket|link_0|link_1|link_2|link_3
0.135,0.12000000000000005,0.09999999999999998,True,True,True,True,True,True,True,True,True,-0.041911929845809937,0.02841769336341829,basket|link_0|link_1|link_2|link_3
0.135,0.10000000000000003,0.09999999999999998,True,True,True,True,True,True,True,True,True,-0.041911929845809937,0.008570256333808302,basket|link_0|link_1|link_2|link_3
0.135,0.08000000000000002,0.09999999999999998,True,True,True,True,True,True,True,True,True,-0.041911929845809937,0.013611488144658433,basket|link_0|link_1|link_2|link_3
0.135,0.06,0.09999999999999998,True,True,True,True,True,True,True,True,True,-0.04191192239522934,0.007095960164511767,basket|link_0|link_1|link_2|link_3
0.135,0.040000000000000036,0.09999999999999998,True,True,True,True,True,True,True,True,True,-0.04191192239522934,0.015619039658990834,basket|link_0|link_1|link_2|link_3
0.135,0.020000000000000018,0.09999999999999998,True,True,True,True,True,True,True,True,True,-0.04191192239522934,0.01940087496062132,basket|link_0|link_1|link_2|link_3
0.135,0.0,0.09999999999999998,True,True,True,True,True,True,True,True,True,-0.04191192239522934,0.01773271078273678,basket|link_0|link_1|link_2|link_3
0.135,-0.019999999999999962,0.09999999999999998,True,True,True,True,True,True,True,True,True,-0.04191192239522934,0.020809880872748383,basket|link_0|link_1|link_2|link_3
0.135,-0.03999999999999998,0.09999999999999998,True,True,True,True,True,True,True,True,True,-0.04191192239522934,0.027337393404846286,basket|link_0|link_1|link_2|link_3
0.135,-0.06,0.09999999999999998,True,True,True,True,True,True,True,True,True,-0.04191192239522934,0.01237647473478309,basket|link_0|link_1|link_2|link_3
0.135,-0.07999999999999996,0.09999999999999998,True,True,True,True,True,True,True,True,True,-0.04191192239522934,0.008282846268191505,basket|link_0|link_1|link_2|link_3
0.135,-0.09999999999999998,0.09999999999999998,True,True,True,True,True,True,True,True,True,-0.04191192239522934,0.013504439072543393,basket|link_0|link_1|link_2|link_3
0.135,-0.12,0.09999999999999998,True,True,True,True,True,True,True,True,True,-0.04191191494464874,0.019232720281917602,basket|link_0|link_1|link_2|link_3
0.135,-0.13999999999999996,0.09999999999999998,True,True,True,True,True,True,True,True,True,-0.04191191494464874,0.02159797896482922,basket|link_0|link_1|link_2|link_3
0.135,-0.15999999999999998,0.09999999999999998,True,True,True,True,True,True,True,True,True,-0.04191191494464874,0.038294785269197995,basket|link_0|link_1|link_2|link_3
0.135,-0.18,0.09999999999999998,True,True,True,True,True,True,True,True,True,-0.04191191494464874,0.03136260433208345,basket|link_0|link_1|link_2|link_3
0.135,-0.19999999999999998,0.09999999999999998,True,True,True,True,True,True,True,True,True,-0.02664169669151306,0.02667351796241458,basket|link_0|link_1|link_2|link_3
0.135,-0.21999999999999997,0.09999999999999998,True,True,True,True,True,True,True,True,True,-0.020959816873073578,0.02202135051272288,basket|link_0|link_1|link_2|link_3
0.135,-0.24,0.09999999999999998,True,True,True,True,True,True,True,True,True,-0.020959816873073578,0.02191194902141275,basket|link_0|link_1|link_2|link_3
0.135,-0.26,0.09999999999999998,True,True,True,True,True,True,True,True,True,-0.020959801971912384,0.04448548366380941,basket|link_0|link_1|link_2|link_3
0.135,-0.27999999999999997,0.09999999999999998,True,True,True,True,True,True,True,True,True,-0.020959801971912384,0.05756993554465735,basket|link_0|link_1|link_2|link_3
0.135,-0.3,0.09999999999999998,True,True,True,True,True,True,True,True,True,-0.020959801971912384,0.033931964715950697,basket|link_0|link_1|link_2|link_3
0.135,-0.31999999999999995,0.09999999999999998,True,True,True,True,True,True,True,True,True,-0.01332758367061615,0.012866087389159786,basket|link_0|link_1|link_2|link_3
0.135,-0.33999999999999997,0.09999999999999998,False,False,True,False,False,True,False,False,True,0.006578236818313599,1.4901161193847656e-08,basket|link_0|link_1|link_2|link_3
0.135,-0.36,0.09999999999999998,False,False,True,False,False,True,False,False,True,,1.4901161193847656e-08,link_1|link_2|link_3
0.135,-0.38,0.09999999999999998,False,False,True,False,False,True,False,False,True,,1.4901161193847656e-08,link_1|link_2|link_3
0.135,-0.39999999999999997,0.09999999999999998,False,False,True,False,False,True,False,False,True,,1.4901161193847656e-08,link_1|link_2|link_3
0.135,-0.42,0.09999999999999998,False,False,True,False,False,True,False,False,True,,1.4901161193847656e-08,link_1|link_2|link_3
0.135,0.42,0.07999999999999996,False,False,True,False,False,True,False,False,True,,1.4901161193847656e-08,link_1|link_2|link_3
0.135,0.4000000000000001,0.07999999999999996,False,False,True,False,False,True,False,False,True,,1.4901161193847656e-08,link_1|link_2|link_3
0.135,0.38000000000000006,0.07999999999999996,False,False,True,False,False,True,False,False,True,,1.4901161193847656e-08,link_1|link_2|link_3
0.135,0.36000000000000004,0.07999999999999996,False,False,True,False,False,True,False,False,True,,1.4901161193847656e-08,link_1|link_2|link_3
0.135,0.34,0.07999999999999996,False,False,True,False,False,True,False,False,True,0.004426747560501099,1.4901161193847656e-08,basket|link_0|link_1|link_2|link_3
0.135,0.32,0.07999999999999996,True,True,True,True,True,True,True,True,True,-0.015421509742736816,0.06292911323652688,basket|link_0|link_1|link_2|link_3
0.135,0.3,0.07999999999999996,True,True,True,True,True,True,True,True,True,-0.020959846675395966,0.02280630833180891,basket|link_0|link_1|link_2|link_3
0.135,0.2800000000000001,0.07999999999999996,True,True,True,True,True,True,True,True,True,-0.020959846675395966,0.03095102417862279,basket|link_0|link_1|link_2|link_3
0.135,0.26000000000000006,0.07999999999999996,True,True,True,True,True,True,True,True,True,-0.020959846675395966,0.024071984870129962,basket|link_0|link_1|link_2|link_3
0.135,0.24000000000000005,0.07999999999999996,True,True,True,True,True,True,True,True,True,-0.020959846675395966,0.03628767328358318,basket|link_0|link_1|link_2|link_3
0.135,0.22000000000000003,0.07999999999999996,True,True,True,True,True,True,True,True,True,-0.020959846675395966,0.013660799937903208,basket|link_0|link_1|link_2|link_3
0.135,0.2,0.07999999999999996,True,True,True,True,True,True,True,True,True,-0.025853551924228668,0.010153012678858429,basket|link_0|link_1|link_2|link_3
0.135,0.18,0.07999999999999996,True,True,True,True,True,True,True,True,True,-0.025854788720607758,0.014007813688036825,basket|link_0|link_1|link_2|link_3
0.135,0.15999999999999998,0.07999999999999996,True,True,True,True,True,True,True,True,True,-0.02585480362176895,0.019283141859944942,basket|link_0|link_1|link_2|link_3
0.135,0.14000000000000007,0.07999999999999996,True,True,True,True,True,True,True,True,True,-0.02585480362176895,0.01547404554093528,basket|link_0|link_1|link_2|link_3
0.135,0.12000000000000005,0.07999999999999996,True,True,True,True,True,True,True,True,True,-0.02585480362176895,0.012449155394238694,basket|link_0|link_1|link_2|link_3
0.135,0.10000000000000003,0.07999999999999996,True,True,True,True,True,True,True,True,True,-0.02585480362176895,0.007397135105692628,basket|link_0|link_1|link_2|link_3
0.135,0.08000000000000002,0.07999999999999996,True,True,True,True,True,True,True,True,True,-0.02585480362176895,0.014327567074546159,basket|link_0|link_1|link_2|link_3
0.135,0.06,0.07999999999999996,True,True,True,True,True,True,True,True,True,-0.02585480362176895,0.014539671353870688,basket|link_0|link_1|link_2|link_3
0.135,0.040000000000000036,0.07999999999999996,True,True,True,True,True,True,True,True,True,-0.02585480362176895,0.019256042286374505,basket|link_0|link_1|link_2|link_3
0.135,0.020000000000000018,0.07999999999999996,True,True,True,True,True,True,True,True,True,-0.02585480362176895,0.015176766889997419,basket|link_0|link_1|link_2|link_3
0.135,0.0,0.07999999999999996,True,True,True,True,True,True,True,True,True,-0.02585480362176895,0.019782718434122163,basket|link_0|link_1|link_2|link_3
0.135,-0.019999999999999962,0.07999999999999996,True,True,True,True,True,True,True,True,True,-0.02585480362176895,0.016496364471583,basket|link_0|link_1|link_2|link_3
0.135,-0.03999999999999998,0.07999999999999996,True,True,True,True,True,True,True,True,True,-0.02585480362176895,0.023068060753059248,basket|link_0|link_1|link_2|link_3
0.135,-0.06,0.07999999999999996,True,True,True,True,True,True,True,True,True,-0.02585480362176895,0.010276940289386721,basket|link_0|link_1|link_2|link_3
0.135,-0.07999999999999996,0.07999999999999996,True,True,True,True,True,True,True,True,True,-0.02585480362176895,0.015023781783377278,basket|link_0|link_1|link_2|link_3
0.135,-0.09999999999999998,0.07999999999999996,True,True,True,True,True,True,True,True,True,-0.02585480362176895,0.006403989591417174,basket|link_0|link_1|link_2|link_3
0.135,-0.12,0.07999999999999996,True,True,True,True,True,True,True,True,True,-0.02585480362176895,0.01563970309895477,basket|link_0|link_1|link_2|link_3
0.135,-0.13999999999999996,0.07999999999999996,True,True,True,True,True,True,True,True,True,-0.02585480362176895,0.018274591379577765,basket|link_0|link_1|link_2|link_3
0.135,-0.15999999999999998,0.07999999999999996,True,True,True,True,True,True,True,True,True,-0.02585480362176895,0.006934423295069797,basket|link_0|link_1|link_2|link_3
0.135,-0.18,0.07999999999999996,True,True,True,True,True,True,True,True,True,-0.02585480362176895,0.01803115892334975,basket|link_0|link_1|link_2|link_3
0.135,-0.19999999999999998,0.07999999999999996,True,True,True,True,True,True,True,True,True,-0.025854818522930145,0.010892619304811916,basket|link_0|link_1|link_2|link_3
0.135,-0.21999999999999997,0.07999999999999996,True,True,True,True,True,True,True,True,True,-0.020959816873073578,0.014800319024728966,basket|link_0|link_1|link_2|link_3
0.135,-0.24,0.07999999999999996,True,True,True,True,True,True,True,True,True,-0.020959816873073578,0.026200838078942863,basket|link_0|link_1|link_2|link_3
0.135,-0.26,0.07999999999999996,True,True,True,True,True,True,True,True,True,-0.020959816873073578,0.04538964737931524,basket|link_0|link_1|link_2|link_3
0.135,-0.27999999999999997,0.07999999999999996,True,True,True,True,True,True,True,True,True,-0.020959801971912384,0.06846448603182512,basket|link_0|link_1|link_2|link_3
0.135,-0.3,0.07999999999999996,True,True,True,True,True,True,True,True,True,-0.020959801971912384,0.01838583061336324,basket|link_0|link_1|link_2|link_3
0.135,-0.31999999999999995,0.07999999999999996,True,True,True,True,True,True,True,True,True,-0.01332758367061615,0.013023146586312368,basket|link_0|link_1|link_2|link_3
0.135,-0.33999999999999997,0.07999999999999996,False,False,True,False,False,True,False,False,True,0.006578236818313599,1.4901161193847656e-08,basket|link_0|link_1|link_2|link_3
0.135,-0.36,0.07999999999999996,False,False,True,False,False,True,False,False,True,,1.4901161193847656e-08,link_1|link_2|link_3
0.135,-0.38,0.07999999999999996,False,False,True,False,False,True,False,False,True,,1.4901161193847656e-08,link_1|link_2|link_3
0.135,-0.39999999999999997,0.07999999999999996,False,False,True,False,False,True,False,False,True,,1.4901161193847656e-08,link_1|link_2|link_3
0.135,-0.42,0.07999999999999996,False,False,True,False,False,True,False,False,True,,1.4901161193847656e-08,link_1|link_2|link_3
0.135,0.42,0.06,False,False,True,False,False,True,False,False,True,,1.4901161193847656e-08,link_1|link_2|link_3
0.135,0.4000000000000001,0.06,False,False,True,False,False,True,False,False,True,,1.4901161193847656e-08,link_1|link_2|link_3
0.135,0.38000000000000006,0.06,False,False,True,False,False,True,False,False,True,,1.4901161193847656e-08,link_1|link_2|link_3
0.135,0.36000000000000004,0.06,False,False,True,False,False,True,False,False,True,,1.4901161193847656e-08,link_1|link_2|link_3
0.135,0.34,0.06,False,False,True,False,False,True,False,False,True,0.004426747560501099,1.4901161193847656e-08,basket|link_0|link_1|link_2|link_3
0.135,0.32,0.06,True,True,True,True,True,True,True,True,True,-0.015421509742736816,0.025123679486590025,basket|link_0|link_1|link_2|link_3
0.135,0.3,0.06,True,True,True,True,True,True,True,True,True,-0.02095986157655716,0.012238976588810516,basket|link_0|link_1|link_2|link_3
0.135,0.2800000000000001,0.06,True,True,True,True,True,True,True,True,True,-0.02095986157655716,0.009390562724998755,basket|link_0|link_1|link_2|link_3
0.135,0.26000000000000006,0.06,True,True,True,True,True,True,True,True,True,-0.02095986157655716,0.012480550495594614,basket|link_0|link_1|link_2|link_3
0.135,0.24000000000000005,0.06,True,True,True,True,True,True,True,True,True,-0.02095986157655716,0.03056663145781894,basket|link_0|link_1|link_2|link_3
0.135,0.22000000000000003,0.06,True,True,True,True,True,True,True,True,True,-0.02095986157655716,0.012534652745698262,basket|link_0|link_1|link_2|link_3
0.135,0.2,0.06,True,True,True,True,True,True,True,True,True,-0.02095986157655716,0.016804212995818996,basket|link_0|link_1|link_2|link_3
0.135,0.18,0.06,True,True,True,True,True,True,True,True,True,-0.02095986157655716,0.014921874515860677,basket|link_0|link_1|link_2|link_3
0.135,0.15999999999999998,0.06,True,True,True,True,True,True,True,True,True,-0.020959846675395966,0.005069409579485978,basket|link_0|link_1|link_2|link_3
0.135,0.14000000000000007,0.06,True,True,True,True,True,True,True,True,True,-0.020959846675395966,0.017159193541147557,basket|link_0|link_1|link_2|link_3
0.135,0.12000000000000005,0.06,True,True,True,True,True,True,True,True,True,-0.020959846675395966,0.0034694167695735216,basket|link_0|link_1|link_2|link_3
0.135,0.10000000000000003,0.06,True,True,True,True,True,True,True,True,True,-0.020959846675395966,0.007616853474222535,basket|link_0|link_1|link_2|link_3
0.135,0.08000000000000002,0.06,True,True,True,True,True,True,True,True,True,-0.02095986157655716,0.004840404257024426,basket|link_0|link_1|link_2|link_3
0.135,0.06,0.06,True,True,True,True,True,True,True,True,True,-0.02095986157655716,0.007006828137760363,basket|link_0|link_1|link_2|link_3
0.135,0.040000000000000036,0.06,True,True,True,True,True,True,True,True,True,-0.02095986157655716,0.00785613265166332,basket|link_0|link_1|link_2|link_3
0.135,0.020000000000000018,0.06,True,True,True,True,True,True,True,True,True,-0.020959846675395966,0.006790895345301219,basket|link_0|link_1|link_2|link_3
0.135,0.0,0.06,True,True,True,True,True,True,True,True,True,-0.020959846675395966,0.013965661993666906,basket|link_0|link_1|link_2|link_3
0.135,-0.019999999999999962,0.06,True,True,True,True,True,True,True,True,True,-0.020959846675395966,0.009026077496309898,basket|link_0|link_1|link_2|link_3
0.135,-0.03999999999999998,0.06,True,True,True,True,True,True,True,True,True,-0.020959846675395966,0.0021714788728874313,basket|link_0|link_1|link_2|link_3
0.135,-0.06,0.06,True,True,True,True,True,True,True,True,True,-0.020959846675395966,0.0033387146539357497,basket|link_0|link_1|link_2|link_3
0.135,-0.07999999999999996,0.06,True,True,True,True,True,True,True,True,True,-0.020959846675395966,0.002976058672130172,basket|link_0|link_1|link_2|link_3
0.135,-0.09999999999999998,0.06,True,True,True,True,True,True,True,True,True,-0.020959846675395966,0.01393901884490824,basket|link_0|link_1|link_2|link_3
0.135,-0.12,0.06,True,True,True,True,True,True,True,True,True,-0.02095983177423477,0.006146990590489322,basket|link_0|link_1|link_2|link_3
0.135,-0.13999999999999996,0.06,True,True,True,True,True,True,True,True,True,-0.02095983177423477,0.005577954924707111,basket|link_0|link_1|link_2|link_3
0.135,-0.15999999999999998,0.06,True,True,True,True,True,True,True,True,True,-0.02095983177423477,0.01611016161842017,basket|link_0|link_1|link_2|link_3
0.135,-0.18,0.06,True,True,True,True,True,True,True,True,True,-0.02095983177423477,0.009068009147418456,basket|link_0|link_1|link_2|link_3
0.135,-0.19999999999999998,0.06,True,True,True,True,True,True,True,True,True,-0.02095983177423477,0.012444270457660882,basket|link_0|link_1|link_2|link_3
0.135,-0.21999999999999997,0.06,True,True,True,True,True,True,True,True,True,-0.02095983177423477,0.01576756309140625,basket|link_0|link_1|link_2|link_3
0.135,-0.24,0.06,True,True,True,True,True,True,True,True,True,-0.020959816873073578,0.024857866030436764,basket|link_0|link_1|link_2|link_3
0.135,-0.26,0.06,True,True,True,True,True,True,True,True,True,-0.020959816873073578,0.055417045288695,basket|link_0|link_1|link_2|link_3
0.135,-0.27999999999999997,0.06,True,True,True,True,True,True,True,True,True,-0.020959816873073578,0.0799648236722113,basket|link_0|link_1|link_2|link_3
0.135,-0.3,0.06,True,True,True,True,True,True,True,True,True,-0.020959816873073578,0.034650802124862386,basket|link_0|link_1|link_2|link_3
0.135,-0.31999999999999995,0.06,True,True,True,True,True,True,True,True,True,-0.01332758367061615,0.022434750579379388,basket|link_0|link_1|link_2|link_3
0.135,-0.33999999999999997,0.06,False,False,True,False,False,True,False,False,True,0.006578236818313599,1.4901161193847656e-08,basket|link_0|link_1|link_2|link_3
0.135,-0.36,0.06,False,False,True,False,False,True,False,False,True,,1.4901161193847656e-08,link_1|link_2|link_3
0.135,-0.38,0.06,False,False,True,False,False,True,False,False,True,,1.4901161193847656e-08,link_1|link_2|link_3
0.135,-0.39999999999999997,0.06,False,False,True,False,False,True,False,False,True,,1.4901161193847656e-08,link_1|link_2|link_3
0.135,-0.42,0.06,False,False,True,False,False,True,False,False,True,,1.4901161193847656e-08,link_1|link_2|link_3
0.135,0.42,0.03999999999999998,False,False,True,False,False,True,False,False,True,,1.4901161193847656e-08,link_1|link_2|link_3
0.135,0.4000000000000001,0.03999999999999998,False,False,True,False,False,True,False,False,True,,1.4901161193847656e-08,link_1|link_2|link_3
0.135,0.38000000000000006,0.03999999999999998,False,False,True,False,False,True,False,False,True,,1.4901161193847656e-08,link_1|link_2|link_3
0.135,0.36000000000000004,0.03999999999999998,False,False,True,False,False,True,False,False,True,,1.4901161193847656e-08,link_1|link_2|link_3
0.135,0.34,0.03999999999999998,False,False,True,False,False,True,False,False,True,0.004426747560501099,1.4901161193847656e-08,basket|link_0|link_1|link_2|link_3
0.135,0.32,0.03999999999999998,True,True,True,True,True,True,True,True,True,-0.015421509742736816,0.016025090838574847,basket|link_0|link_1|link_2|link_3
0.135,0.3,0.03999999999999998,True,True,True,True,True,True,True,True,True,-0.020959876477718353,0.03361761096322766,basket|link_0|link_1|link_2|link_3
0.135,0.2800000000000001,0.03999999999999998,True,True,True,True,True,True,True,True,True,-0.020959876477718353,0.04153692072855604,basket|link_0|link_1|link_2|link_3
0.135,0.26000000000000006,0.03999999999999998,True,True,True,True,True,True,True,True,True,-0.02095986157655716,0.02398906978959564,basket|link_0|link_1|link_2|link_3
0.135,0.24000000000000005,0.03999999999999998,True,True,True,True,True,True,True,True,True,-0.02095986157655716,0.01317862554844034,basket|link_0|link_1|link_2|link_3
0.135,0.22000000000000003,0.03999999999999998,True,True,True,True,True,True,True,True,True,-0.02095986157655716,0.01703338646028785,basket|link_0|link_1|link_2|link_3
0.135,0.2,0.03999999999999998,True,True,True,True,True,True,True,True,True,-0.02095986157655716,0.013585950525272604,basket|link_0|link_1|link_2|link_3
0.135,0.18,0.03999999999999998,True,True,True,True,True,True,True,True,True,-0.02095986157655716,0.00830372468677983,basket|link_0|link_1|link_2|link_3
0.135,0.15999999999999998,0.03999999999999998,True,True,True,True,True,True,True,True,True,-0.02095986157655716,0.009190334275559738,basket|link_0|link_1|link_2|link_3
0.135,0.14000000000000007,0.03999999999999998,True,True,True,True,True,True,True,True,True,-0.020959846675395966,0.009767536156454261,basket|link_0|link_1|link_2|link_3
0.135,0.12000000000000005,0.03999999999999998,True,True,True,True,True,True,True,True,True,-0.020959846675395966,0.007076281138812934,basket|link_0|link_1|link_2|link_3
0.135,0.10000000000000003,0.03999999999999998,True,True,True,True,True,True,True,True,True,-0.020959846675395966,0.010313452558849044,basket|link_0|link_1|link_2|link_3
0.135,0.08000000000000002,0.03999999999999998,True,True,True,True,True,True,True,True,True,-0.02095986157655716,0.0016893121074681868,basket|link_0|link_1|link_2|link_3
0.135,0.06,0.03999999999999998,True,True,True,True,True,True,True,True,True,-0.02095986157655716,0.0034810712078055393,basket|link_0|link_1|link_2|link_3
0.135,0.040000000000000036,0.03999999999999998,True,True,True,True,True,True,True,True,True,-0.02095986157655716,0.014861102725451743,basket|link_0|link_1|link_2|link_3
0.135,0.020000000000000018,0.03999999999999998,True,True,True,True,True,True,True,True,True,-0.02095986157655716,0.013780396009390418,basket|link_0|link_1|link_2|link_3
0.135,0.0,0.03999999999999998,True,True,True,True,True,True,True,True,True,-0.02095986157655716,0.013834076925267346,basket|link_0|link_1|link_2|link_3
0.135,-0.019999999999999962,0.03999999999999998,True,True,True,True,True,True,True,True,True,-0.020959846675395966,0.005352069475393625,basket|link_0|link_1|link_2|link_3
0.135,-0.03999999999999998,0.03999999999999998,True,True,True,True,True,True,True,True,True,-0.020959846675395966,0.007330049072527013,basket|link_0|link_1|link_2|link_3
0.135,-0.06,0.03999999999999998,True,True,True,True,True,True,True,True,True,-0.020959846675395966,0.009630287346443535,basket|link_0|link_1|link_2|link_3
0.135,-0.07999999999999996,0.03999999999999998,True,True,True,True,True,True,True,True,True,-0.020959846675395966,0.009851426288054663,basket|link_0|link_1|link_2|link_3
0.135,-0.09999999999999998,0.03999999999999998,True,True,True,True,True,True,True,True,True,-0.020959846675395966,0.004867140653761471,basket|link_0|link_1|link_2|link_3
0.135,-0.12,0.03999999999999998,True,True,True,True,True,True,True,True,True,-0.020959846675395966,0.004088324809291072,basket|link_0|link_1|link_2|link_3
0.135,-0.13999999999999996,0.03999999999999998,True,True,True,True,True,True,True,True,True,-0.02095983177423477,0.004942466375469107,basket|link_0|link_1|link_2|link_3
0.135,-0.15999999999999998,0.03999999999999998,True,True,True,True,True,True,True,True,True,-0.02095983177423477,0.012647150366151638,basket|link_0|link_1|link_2|link_3
0.135,-0.18,0.03999999999999998,True,True,True,True,True,True,True,True,True,-0.02095983177423477,0.015939730610729713,basket|link_0|link_1|link_2|link_3
0.135,-0.19999999999999998,0.03999999999999998,True,True,True,True,True,True,True,True,True,-0.02095983177423477,0.013570780811394656,basket|link_0|link_1|link_2|link_3
0.135,-0.21999999999999997,0.03999999999999998,True,True,True,True,True,True,True,True,True,-0.02095983177423477,0.013927505317269002,basket|link_0|link_1|link_2|link_3
0.135,-0.24,0.03999999999999998,True,True,True,True,True,True,True,True,True,-0.02095983177423477,0.014695578254353683,basket|link_0|link_1|link_2|link_3
0.135,-0.26,0.03999999999999998,True,True,True,True,True,True,True,True,True,-0.020959816873073578,0.010364299477042859,basket|link_0|link_1|link_2|link_3
0.135,-0.27999999999999997,0.03999999999999998,True,True,True,True,True,True,True,True,True,-0.020959816873073578,0.061756611003696074,basket|link_0|link_1|link_2|link_3
0.135,-0.3,0.03999999999999998,True,True,True,True,True,True,True,True,True,-0.020959816873073578,0.03665663589014313,basket|link_0|link_1|link_2|link_3
0.135,-0.31999999999999995,0.03999999999999998,True,True,True,True,True,True,True,True,True,-0.013416588306427002,0.03033669021683704,basket|link_0|link_1|link_2|link_3
0.135,-0.33999999999999997,0.03999999999999998,False,False,True,False,False,True,False,False,True,0.006578236818313599,1.4901161193847656e-08,basket|link_0|link_1|link_2|link_3
0.135,-0.36,0.03999999999999998,False,False,True,False,False,True,False,False,True,,1.4901161193847656e-08,link_1|link_2|link_3
0.135,-0.38,0.03999999999999998,False,False,True,False,False,True,False,False,True,,1.4901161193847656e-08,link_1|link_2|link_3
0.135,-0.39999999999999997,0.03999999999999998,False,False,True,False,False,True,False,False,True,,1.4901161193847656e-08,link_1|link_2|link_3
0.135,-0.42,0.03999999999999998,False,False,True,False,False,True,False,False,True,,1.4901161193847656e-08,link_1|link_2|link_3
0.135,0.42,0.019999999999999962,False,False,True,False,False,True,False,False,True,,1.4901161193847656e-08,link_1|link_2|link_3
0.135,0.4000000000000001,0.019999999999999962,False,False,True,False,False,True,False,False,True,,1.4901161193847656e-08,link_1|link_2|link_3
0.135,0.38000000000000006,0.019999999999999962,False,False,True,False,False,True,False,False,True,,1.4901161193847656e-08,link_1|link_2|link_3
0.135,0.36000000000000004,0.019999999999999962,False,False,True,False,False,True,False,False,True,,1.4901161193847656e-08,link_1|link_2|link_3
0.135,0.34,0.019999999999999962,False,False,True,False,False,True,False,False,True,0.004426747560501099,1.4901161193847656e-08,basket|link_0|link_1|link_2|link_3
0.135,0.32,0.019999999999999962,True,True,True,True,True,True,True,True,True,-0.015421509742736816,0.043873905268711384,basket|link_0|link_1|link_2|link_3
0.135,0.3,0.019999999999999962,True,True,True,True,True,True,True,True,True,-0.020959876477718353,0.05155077975214081,basket|link_0|link_1|link_2|link_3
0.135,0.2800000000000001,0.019999999999999962,True,True,True,True,True,True,True,True,True,-0.020959876477718353,0.04877490135356243,basket|link_0|link_1|link_2|link_3
0.135,0.26000000000000006,0.019999999999999962,True,True,True,True,True,True,True,True,True,-0.020959876477718353,0.021937287152318755,basket|link_0|link_1|link_2|link_3
0.135,0.24000000000000005,0.019999999999999962,True,True,True,True,True,True,True,True,True,-0.02095986157655716,0.022921698997372453,basket|link_0|link_1|link_2|link_3
0.135,0.22000000000000003,0.019999999999999962,True,True,True,True,True,True,True,True,True,-0.02095986157655716,0.021285964660907132,basket|link_0|link_1|link_2|link_3
0.135,0.2,0.019999999999999962,True,True,True,True,True,True,True,True,True,-0.02095986157655716,0.015658292881968888,basket|link_0|link_1|link_2|link_3
0.135,0.18,0.019999999999999962,True,True,True,True,True,True,True,True,True,-0.02095986157655716,0.004618536403429828,basket|link_0|link_1|link_2|link_3
0.135,0.15999999999999998,0.019999999999999962,True,True,True,True,True,True,True,True,True,-0.02095986157655716,0.009239796029283357,basket|link_0|link_1|link_2|link_3
0.135,0.14000000000000007,0.019999999999999962,True,True,True,True,True,True,True,True,True,-0.02095986157655716,0.016517201786224234,basket|link_0|link_1|link_2|link_3
0.135,0.12000000000000005,0.019999999999999962,True,True,True,True,True,True,True,True,True,-0.020959846675395966,0.007280091204265684,basket|link_0|link_1|link_2|link_3
0.135,0.10000000000000003,0.019999999999999962,True,True,True,True,True,True,True,True,True,-0.020959846675395966,0.006165032111521147,basket|link_0|link_1|link_2|link_3
0.135,0.08000000000000002,0.019999999999999962,True,True,True,True,True,True,True,True,True,-0.02095986157655716,0.00898325813217802,basket|link_0|link_1|link_2|link_3
0.135,0.06,0.019999999999999962,True,True,True,True,True,True,True,True,True,-0.02095986157655716,0.007709768564876055,basket|link_0|link_1|link_2|link_3
0.135,0.040000000000000036,0.019999999999999962,True,True,True,True,True,True,True,True,True,-0.02095986157655716,0.009875812123320778,basket|link_0|link_1|link_2|link_3
0.135,0.020000000000000018,0.019999999999999962,True,True,True,True,True,True,True,True,True,-0.02095986157655716,0.01173111019207816,basket|link_0|link_1|link_2|link_3
0.135,0.0,0.019999999999999962,True,True,True,True,True,True,True,True,True,-0.02095986157655716,0.0063593822598053545,basket|link_0|link_1|link_2|link_3
0.135,-0.019999999999999962,0.019999999999999962,True,True,True,True,True,True,True,True,True,-0.02095986157655716,0.011651036693425806,basket|link_0|link_1|link_2|link_3
0.135,-0.03999999999999998,0.019999999999999962,True,True,True,True,True,True,True,True,True,-0.020959846675395966,0.005230766045707175,basket|link_0|link_1|link_2|link_3
0.135,-0.06,0.019999999999999962,True,True,True,True,True,True,True,True,True,-0.020959846675395966,0.007355836374050649,basket|link_0|link_1|link_2|link_3
0.135,-0.07999999999999996,0.019999999999999962,True,True,True,True,True,True,True,True,True,-0.020959846675395966,0.01420311031267438,basket|link_0|link_1|link_2|link_3
0.135,-0.09999999999999998,0.019999999999999962,True,True,True,True,True,True,True,True,True,-0.020959846675395966,0.016280361038471816,basket|link_0|link_1|link_2|link_3
0.135,-0.12,0.019999999999999962,True,True,True,True,True,True,True,True,True,-0.020959846675395966,0.014658478978526554,basket|link_0|link_1|link_2|link_3
0.135,-0.13999999999999996,0.019999999999999962,True,True,True,True,True,True,True,True,True,-0.020959846675395966,0.007859660688006215,basket|link_0|link_1|link_2|link_3
0.135,-0.15999999999999998,0.019999999999999962,True,True,True,True,True,True,True,True,True,-0.02095983177423477,0.016218613917614585,basket|link_0|link_1|link_2|link_3
0.135,-0.18,0.019999999999999962,True,True,True,True,True,True,True,True,True,-0.02095983177423477,0.008358784050930898,basket|link_0|link_1|link_2|link_3
0.135,-0.19999999999999998,0.019999999999999962,True,True,True,True,True,True,True,True,True,-0.02095983177423477,0.019459016375620464,basket|link_0|link_1|link_2|link_3
0.135,-0.21999999999999997,0.019999999999999962,True,True,True,True,True,True,True,True,True,-0.02095983177423477,0.018691433860442443,basket|link_0|link_1|link_2|link_3
0.135,-0.24,0.019999999999999962,True,True,True,True,True,True,True,True,True,-0.02095983177423477,0.025901665479640353,basket|link_0|link_1|link_2|link_3
0.135,-0.26,0.019999999999999962,True,True,True,True,True,True,True,True,True,-0.02095983177423477,0.037959824141569405,basket|link_0|link_1|link_2|link_3
0.135,-0.27999999999999997,0.019999999999999962,True,True,True,True,True,True,True,True,True,-0.020959816873073578,0.09091994742726962,basket|link_0|link_1|link_2|link_3
0.135,-0.3,0.019999999999999962,True,True,True,True,True,True,True,True,True,-0.020959816873073578,0.0350050174161609,basket|link_0|link_1|link_2|link_3
0.135,-0.31999999999999995,0.019999999999999962,True,True,True,True,True,True,True,True,True,-0.013416588306427002,0.09330008224920165,basket|link_0|link_1|link_2|link_3
0.135,-0.33999999999999997,0.019999999999999962,False,False,True,False,False,True,False,False,True,0.006578236818313599,1.4901161193847656e-08,basket|link_0|link_1|link_2|link_3
0.135,-0.36,0.019999999999999962,False,False,True,False,False,True,False,False,True,,1.4901161193847656e-08,link_1|link_2|link_3
0.135,-0.38,0.019999999999999962,False,False,True,False,False,True,False,False,True,,1.4901161193847656e-08,link_1|link_2|link_3
0.135,-0.39999999999999997,0.019999999999999962,False,False,True,False,False,True,False,False,True,,1.4901161193847656e-08,link_1|link_2|link_3
0.135,-0.42,0.019999999999999962,False,False,True,False,False,True,False,False,True,,1.4901161193847656e-08,link_1|link_2|link_3
0.135,0.42,0.0,False,False,True,False,False,True,False,False,True,,1.4901161193847656e-08,link_1|link_2|link_3
0.135,0.4000000000000001,0.0,False,False,True,False,False,True,False,False,True,,1.4901161193847656e-08,link_1|link_2|link_3
0.135,0.38000000000000006,0.0,False,False,True,False,False,True,False,False,True,,1.4901161193847656e-08,link_1|link_2|link_3
0.135,0.36000000000000004,0.0,False,False,True,False,False,True,False,False,True,,1.4901161193847656e-08,link_1|link_2|link_3
0.135,0.34,0.0,False,False,True,False,False,True,False,False,True,0.004426747560501099,1.4901161193847656e-08,basket|link_0|link_1|link_2|link_3
0.135,0.32,0.0,True,True,True,True,True,True,True,True,True,-0.015421509742736816,0.0579948119736629,basket|link_0|link_1|link_2|link_3
0.135,0.3,0.0,True,True,True,True,True,True,True,True,True,-0.020959876477718353,0.02378170744155224,basket|link_0|link_1|link_2|link_3
0.135,0.2800000000000001,0.0,True,True,True,True,True,True,True,True,True,-0.020959876477718353,0.06711397391928493,basket|link_0|link_1|link_2|link_3
0.135,0.26000000000000006,0.0,True,True,True,True,True,True,True,True,True,-0.020959876477718353,0.015301163251686511,basket|link_0|link_1|link_2|link_3
0.135,0.24000000000000005,0.0,True,True,True,True,True,True,True,True,True,-0.020959876477718353,0.015684306322277082,basket|link_0|link_1|link_2|link_3
0.135,0.22000000000000003,0.0,True,True,True,True,True,True,True,True,True,-0.02095986157655716,0.019598971485444747,basket|link_0|link_1|link_2|link_3
0.135,0.2,0.0,True,True,True,True,True,True,True,True,True,-0.02095986157655716,0.010742815419486055,basket|link_0|link_1|link_2|link_3
0.135,0.18,0.0,True,True,True,True,True,True,True,True,True,-0.02095986157655716,0.017747800542226994,basket|link_0|link_1|link_2|link_3
0.135,0.15999999999999998,0.0,True,True,True,True,True,True,True,True,True,-0.02095986157655716,0.006986910059008761,basket|link_0|link_1|link_2|link_3
0.135,0.14000000000000007,0.0,True,True,True,True,True,True,True,True,True,-0.02095986157655716,0.011069096922800425,basket|link_0|link_1|link_2|link_3
0.135,0.12000000000000005,0.0,True,True,True,True,True,True,True,True,True,-0.02095986157655716,0.007422912602645719,basket|link_0|link_1|link_2|link_3
0.135,0.10000000000000003,0.0,True,True,True,True,True,True,True,True,True,-0.020959846675395966,0.013430957463831614,basket|link_0|link_1|link_2|link_3
0.135,0.08000000000000002,0.0,True,True,True,True,True,True,True,True,True,-0.02095986157655716,0.011108020281008914,basket|link_0|link_1|link_2|link_3
0.135,0.06,0.0,True,True,True,True,True,True,True,True,True,-0.02095986157655716,0.01650511294556407,basket|link_0|link_1|link_2|link_3
0.135,0.040000000000000036,0.0,True,True,True,True,True,True,True,True,True,-0.02095986157655716,0.012318502701998097,basket|link_0|link_1|link_2|link_3
0.135,0.020000000000000018,0.0,True,True,True,True,True,True,True,True,True,-0.02095986157655716,0.011343047030104011,basket|link_0|link_1|link_2|link_3
0.135,0.0,0.0,True,True,True,True,True,True,True,True,True,-0.02095986157655716,0.012564970863054978,basket|link_0|link_1|link_2|link_3
0.135,-0.019999999999999962,0.0,True,True,True,True,True,True,True,True,True,-0.02095986157655716,0.0064814818961752806,basket|link_0|link_1|link_2|link_3
0.135,-0.03999999999999998,0.0,True,True,True,True,True,True,True,True,True,-0.02095986157655716,0.007925889806434517,basket|link_0|link_1|link_2|link_3
0.135,-0.06,0.0,True,True,True,True,True,True,True,True,True,-0.020959846675395966,0.002825139020008474,basket|link_0|link_1|link_2|link_3
0.135,-0.07999999999999996,0.0,True,True,True,True,True,True,True,True,True,-0.020959846675395966,0.004665597644776237,basket|link_0|link_1|link_2|link_3
0.135,-0.09999999999999998,0.0,True,True,True,True,True,True,True,True,True,-0.020959846675395966,0.008028349326952592,basket|link_0|link_1|link_2|link_3
0.135,-0.12,0.0,True,True,True,True,True,True,True,True,True,-0.020959846675395966,0.0012790671436591647,basket|link_0|link_1|link_2|link_3
0.135,-0.13999999999999996,0.0,True,True,True,True,True,True,True,True,True,-0.020959846675395966,0.013151089092978876,basket|link_0|link_1|link_2|link_3
0.135,-0.15999999999999998,0.0,True,True,True,True,True,True,True,True,True,-0.020959846675395966,0.01777368305179305,basket|link_0|link_1|link_2|link_3
0.135,-0.18,0.0,True,True,True,True,True,True,True,True,True,-0.02095983177423477,0.013850992919161862,basket|link_0|link_1|link_2|link_3
0.135,-0.19999999999999998,0.0,True,True,True,True,True,True,True,True,True,-0.02095983177423477,0.02152979933213179,basket|link_0|link_1|link_2|link_3
0.135,-0.21999999999999997,0.0,True,True,True,True,True,True,True,True,True,-0.02095983177423477,0.02082112528259804,basket|link_0|link_1|link_2|link_3
0.135,-0.24,0.0,True,True,True,True,True,True,True,True,True,-0.02095983177423477,0.021676212485827986,basket|link_0|link_1|link_2|link_3
0.135,-0.26,0.0,True,True,True,True,True,True,True,True,True,-0.02095983177423477,0.02716748675637668,basket|link_0|link_1|link_2|link_3
0.135,-0.27999999999999997,0.0,True,True,True,True,True,True,True,True,True,-0.02095983177423477,0.057852134017671586,basket|link_0|link_1|link_2|link_3
0.135,-0.3,0.0,True,True,True,True,True,True,True,True,True,-0.020959816873073578,0.044064552946168165,basket|link_0|link_1|link_2|link_3
0.135,-0.31999999999999995,0.0,True,True,True,True,True,True,True,True,True,-0.013416588306427002,0.021818792335750764,basket|link_0|link_1|link_2|link_3
0.135,-0.33999999999999997,0.0,False,False,True,False,False,True,False,False,True,0.006578236818313599,1.4901161193847656e-08,basket|link_0|link_1|link_2|link_3
0.135,-0.36,0.0,False,False,True,False,False,True,False,False,True,,1.4901161193847656e-08,link_1|link_2|link_3
0.135,-0.38,0.0,False,False,True,False,False,True,False,False,True,,1.4901161193847656e-08,link_1|link_2|link_3
0.135,-0.39999999999999997,0.0,False,False,True,False,False,True,False,False,True,,1.4901161193847656e-08,link_1|link_2|link_3
0.135,-0.42,0.0,False,False,True,False,False,True,False,False,True,,1.4901161193847656e-08,link_1|link_2|link_3
0.135,0.42,-0.020000000000000018,False,False,True,False,False,True,False,False,True,,1.4901161193847656e-08,link_1|link_2|link_3
0.135,0.4000000000000001,-0.020000000000000018,False,False,True,False,False,True,False,False,True,,1.4901161193847656e-08,link_1|link_2|link_3
0.135,0.38000000000000006,-0.020000000000000018,False,False,True,False,False,True,False,False,True,,1.4901161193847656e-08,link_1|link_2|link_3
0.135,0.36000000000000004,-0.020000000000000018,False,False,True,False,False,True,False,False,True,,1.4901161193847656e-08,link_1|link_2|link_3
0.135,0.34,-0.020000000000000018,False,False,True,False,False,True,False,False,True,0.004426747560501099,1.4901161193847656e-08,basket|link_0|link_1|link_2|link_3
0.135,0.32,-0.020000000000000018,True,True,True,True,True,True,True,True,True,-0.015421509742736816,0.06163800162019269,basket|link_0|link_1|link_2|link_3
0.135,0.3,-0.020000000000000018,True,True,True,True,True,True,True,True,True,-0.020959876477718353,0.05345670767341158,basket|link_0|link_1|link_2|link_3
0.135,0.2800000000000001,-0.020000000000000018,True,True,True,True,True,True,True,True,True,-0.020959876477718353,0.062229164840169236,basket|link_0|link_1|link_2|link_3
0.135,0.26000000000000006,-0.020000000000000018,True,True,True,True,True,True,True,True,True,-0.020959876477718353,0.033914371671241186,basket|link_0|link_1|link_2|link_3
0.135,0.24000000000000005,-0.020000000000000018,True,True,True,True,True,True,True,True,True,-0.020959876477718353,0.013039526759161483,basket|link_0|link_1|link_2|link_3
0.135,0.22000000000000003,-0.020000000000000018,True,True,True,True,True,True,True,True,True,-0.020959876477718353,0.012835320819987598,basket|link_0|link_1|link_2|link_3
0.135,0.2,-0.020000000000000018,True,True,True,True,True,True,True,True,True,-0.02095986157655716,0.010374305677467041,basket|link_0|link_1|link_2|link_3
0.135,0.18,-0.020000000000000018,True,True,True,True,True,True,True,True,True,-0.02095986157655716,0.011087515636944162,basket|link_0|link_1|link_2|link_3
0.135,0.15999999999999998,-0.020000000000000018,True,True,True,True,True,True,True,True,True,-0.02095986157655716,0.006509031303670521,basket|link_0|link_1|link_2|link_3
0.135,0.14000000000000007,-0.020000000000000018,True,True,True,True,True,True,True,True,True,-0.02095986157655716,0.01521353584079335,basket|link_0|link_1|link_2|link_3
0.135,0.12000000000000005,-0.020000000000000018,True,True,True,True,True,True,True,True,True,-0.02095986157655716,0.006626388289884468,basket|link_0|link_1|link_2|link_3
0.135,0.10000000000000003,-0.020000000000000018,True,True,True,True,True,True,True,True,True,-0.02095986157655716,0.011082970908780378,basket|link_0|link_1|link_2|link_3
0.135,0.08000000000000002,-0.020000000000000018,True,True,True,True,True,True,True,True,True,-0.020959876477718353,0.010876650815334656,basket|link_0|link_1|link_2|link_3
0.135,0.06,-0.020000000000000018,True,True,True,True,True,True,True,True,True,-0.02095986157655716,0.010019547671871193,basket|link_0|link_1|link_2|link_3
0.135,0.040000000000000036,-0.020000000000000018,True,True,True,True,True,True,True,True,True,-0.02095986157655716,0.005644552862880015,basket|link_0|link_1|link_2|link_3
0.135,0.020000000000000018,-0.020000000000000018,True,True,True,True,True,True,True,True,True,-0.02095986157655716,0.0037066174390792436,basket|link_0|link_1|link_2|link_3
0.135,0.0,-0.020000000000000018,True,True,True,True,True,True,True,True,True,-0.02095986157655716,0.014449013405812738,basket|link_0|link_1|link_2|link_3
0.135,-0.019999999999999962,-0.020000000000000018,True,True,True,True,True,True,True,True,True,-0.02095986157655716,0.011033995359037145,basket|link_0|link_1|link_2|link_3
0.135,-0.03999999999999998,-0.020000000000000018,True,True,True,True,True,True,True,True,True,-0.02095986157655716,0.002102657753448106,basket|link_0|link_1|link_2|link_3
0.135,-0.06,-0.020000000000000018,True,True,True,True,True,True,True,True,True,-0.02095986157655716,0.017975027573988302,basket|link_0|link_1|link_2|link_3
0.135,-0.07999999999999996,-0.020000000000000018,True,True,True,True,True,True,True,True,True,-0.020959846675395966,0.012352302876305907,basket|link_0|link_1|link_2|link_3
0.135,-0.09999999999999998,-0.020000000000000018,True,True,True,True,True,True,True,True,True,-0.020959846675395966,0.006073664088281122,basket|link_0|link_1|link_2|link_3
0.135,-0.12,-0.020000000000000018,True,True,True,True,True,True,True,True,True,-0.020959846675395966,0.006890634961560205,basket|link_0|link_1|link_2|link_3
0.135,-0.13999999999999996,-0.020000000000000018,True,True,True,True,True,True,True,True,True,-0.020959846675395966,0.015391578284981798,basket|link_0|link_1|link_2|link_3
0.135,-0.15999999999999998,-0.020000000000000018,True,True,True,True,True,True,True,True,True,-0.020959846675395966,0.011226332162647498,basket|link_0|link_1|link_2|link_3
0.135,-0.18,-0.020000000000000018,True,True,True,True,True,True,True,True,True,-0.020959846675395966,0.007773174513273346,basket|link_0|link_1|link_2|link_3
0.135,-0.19999999999999998,-0.020000000000000018,True,True,True,True,True,True,True,True,True,-0.02095983177423477,0.01855822556652137,basket|link_0|link_1|link_2|link_3
0.135,-0.21999999999999997,-0.020000000000000018,True,True,True,True,True,True,True,True,True,-0.02095983177423477,0.014228982262760936,basket|link_0|link_1|link_2|link_3
0.135,-0.24,-0.020000000000000018,True,True,True,True,True,True,True,True,True,-0.02095983177423477,0.02350959971721195,basket|link_0|link_1|link_2|link_3
0.135,-0.26,-0.020000000000000018,True,True,True,True,True,True,True,True,True,-0.02095983177423477,0.03180741917722528,basket|link_0|link_1|link_2|link_3
0.135,-0.27999999999999997,-0.020000000000000018,True,True,True,True,True,True,True,True,True,-0.02095983177423477,0.055009551718862494,basket|link_0|link_1|link_2|link_3
0.135,-0.3,-0.020000000000000018,True,True,True,True,True,True,True,True,True,-0.02095983177423477,0.030096166242331017,basket|link_0|link_1|link_2|link_3
0.135,-0.31999999999999995,-0.020000000000000018,True,True,True,True,True,True,True,True,True,-0.013416588306427002,0.07423025653408746,basket|link_0|link_1|link_2|link_3
0.135,-0.33999999999999997,-0.020000000000000018,False,False,True,False,False,True,False,False,True,0.006578236818313599,1.4901161193847656e-08,basket|link_0|link_1|link_2|link_3
0.135,-0.36,-0.020000000000000018,False,False,True,False,False,True,False,False,True,,1.4901161193847656e-08,link_1|link_2
0.135,-0.38,-0.020000000000000018,False,False,True,False,False,True,False,False,True,,1.4901161193847656e-08,link_1|link_2
0.135,-0.39999999999999997,-0.020000000000000018,False,False,True,False,False,True,False,False,True,,1.4901161193847656e-08,link_1|link_2|link_3
0.135,-0.42,-0.020000000000000018,False,False,True,False,False,True,False,False,True,,1.4901161193847656e-08,link_1|link_2|link_3
0.135,0.42,-0.040000000000000036,False,False,True,False,False,True,False,False,True,,1.4901161193847656e-08,link_1|link_2|link_3
0.135,0.4000000000000001,-0.040000000000000036,False,False,True,False,False,True,False,False,True,,1.4901161193847656e-08,link_1|link_2|link_3
0.135,0.38000000000000006,-0.040000000000000036,False,False,True,False,False,True,False,False,True,,1.4901161193847656e-08,link_1|link_2|link_3
0.135,0.36000000000000004,-0.040000000000000036,False,False,True,False,False,True,False,False,True,,1.4901161193847656e-08,link_1|link_2|link_3
0.135,0.34,-0.040000000000000036,False,False,True,False,False,True,False,False,True,0.004426747560501099,1.4901161193847656e-08,basket|link_0|link_1|link_2|link_3
0.135,0.32,-0.040000000000000036,True,True,True,True,True,True,True,True,True,-0.015396416187286377,0.08739394081576947,basket|link_0|link_1|link_2|link_3
0.135,0.3,-0.040000000000000036,True,True,True,True,True,True,True,True,True,-0.020959876477718353,0.02891632851552865,basket|link_0|link_1|link_2|link_3
0.135,0.2800000000000001,-0.040000000000000036,True,True,True,True,True,True,True,True,True,-0.020959876477718353,0.04283467745051172,basket|link_0|link_1|link_2|link_3
0.135,0.26000000000000006,-0.040000000000000036,True,True,True,True,True,True,True,True,True,-0.020959876477718353,0.03168181189914068,basket|link_0|link_1|link_2|link_3
0.135,0.24000000000000005,-0.040000000000000036,True,True,True,True,True,True,True,True,True,-0.020959876477718353,0.004974607446514556,basket|link_0|link_1|link_2|link_3
0.135,0.22000000000000003,-0.040000000000000036,True,True,True,True,True,True,True,True,True,-0.020959876477718353,0.0168298316974715,basket|link_0|link_1|link_2|link_3
0.135,0.2,-0.040000000000000036,True,True,True,True,True,True,True,True,True,-0.020959876477718353,0.011233488991277034,basket|link_0|link_1|link_2|link_3
0.135,0.18,-0.040000000000000036,True,True,True,True,True,True,True,True,True,-0.02095986157655716,0.009279157046146621,basket|link_0|link_1|link_2|link_3
0.135,0.15999999999999998,-0.040000000000000036,True,True,True,True,True,True,True,True,True,-0.02095986157655716,0.008190638956889436,basket|link_0|link_1|link_2|link_3
0.135,0.14000000000000007,-0.040000000000000036,True,True,True,True,True,True,True,True,True,-0.02095986157655716,0.00208160544373766,basket|link_0|link_1|link_2|link_3
0.135,0.12000000000000005,-0.040000000000000036,True,True,True,True,True,True,True,True,True,-0.02095986157655716,0.013189948260670596,basket|link_0|link_1|link_2|link_3
0.135,0.10000000000000003,-0.040000000000000036,True,True,True,True,True,True,True,True,True,-0.02095986157655716,0.008723534348806893,basket|link_0|link_1|link_2|link_3
0.135,0.08000000000000002,-0.040000000000000036,True,True,True,True,True,True,True,True,True,-0.020959876477718353,0.013948175111740624,basket|link_0|link_1|link_2|link_3
0.135,0.06,-0.040000000000000036,True,True,True,True,True,True,True,True,True,-0.020959876477718353,0.01639805580267196,basket|link_0|link_1|link_2|link_3
0.135,0.040000000000000036,-0.040000000000000036,True,True,True,True,True,True,True,True,True,-0.020959876477718353,0.00909026532873417,basket|link_0|link_1|link_2|link_3
0.135,0.020000000000000018,-0.040000000000000036,True,True,True,True,True,True,True,True,True,-0.02095986157655716,0.003723542153960708,basket|link_0|link_1|link_2|link_3
0.135,0.0,-0.040000000000000036,True,True,True,True,True,True,True,True,True,-0.02095986157655716,0.009445464761703614,basket|link_0|link_1|link_2|link_3
0.135,-0.019999999999999962,-0.040000000000000036,True,True,True,True,True,True,True,True,True,-0.02095986157655716,0.00875265847882787,basket|link_0|link_1|link_2|link_3
0.135,-0.03999999999999998,-0.040000000000000036,True,True,True,True,True,True,True,True,True,-0.02095986157655716,0.009120372374747727,basket|link_0|link_1|link_2|link_3
0.135,-0.06,-0.040000000000000036,True,True,True,True,True,True,True,True,True,-0.02095986157655716,0.0042929032719038265,basket|link_0|link_1|link_2|link_3
0.135,-0.07999999999999996,-0.040000000000000036,True,True,True,True,True,True,True,True,True,-0.02095986157655716,0.004778089254673728,basket|link_0|link_1|link_2|link_3
0.135,-0.09999999999999998,-0.040000000000000036,True,True,True,True,True,True,True,True,True,-0.020959846675395966,0.006853713733539803,basket|link_0|link_1|link_2|link_3
0.135,-0.12,-0.040000000000000036,True,True,True,True,True,True,True,True,True,-0.020959846675395966,0.011945170880214979,basket|link_0|link_1|link_2|link_3
0.135,-0.13999999999999996,-0.040000000000000036,True,True,True,True,True,True,True,True,True,-0.020959846675395966,0.0011641752530217996,basket|link_0|link_1|link_2|link_3
0.135,-0.15999999999999998,-0.040000000000000036,True,True,True,True,True,True,True,True,True,-0.020959846675395966,0.005448930097303631,basket|link_0|link_1|link_2|link_3
0.135,-0.18,-0.040000000000000036,True,True,True,True,True,True,True,True,True,-0.020959846675395966,0.0038923325089632974,basket|link_0|link_1|link_2|link_3
0.135,-0.19999999999999998,-0.040000000000000036,True,True,True,True,True,True,True,True,True,-0.020959846675395966,0.01890685710516019,basket|link_0|link_1|link_2|link_3
0.135,-0.21999999999999997,-0.040000000000000036,True,True,True,True,True,True,True,True,True,-0.02095983177423477,0.008468987690017053,basket|link_0|link_1|link_2|link_3
0.135,-0.24,-0.040000000000000036,True,True,True,True,True,True,True,True,True,-0.02095983177423477,0.011088184721833027,basket|link_0|link_1|link_2|link_3
0.135,-0.26,-0.040000000000000036,True,True,True,True,True,True,True,True,True,-0.02095983177423477,0.016593553974417037,basket|link_0|link_1|link_2|link_3
0.135,-0.27999999999999997,-0.040000000000000036,True,True,True,True,True,True,True,True,True,-0.02095983177423477,0.04914002030052047,basket|link_0|link_1|link_2|link_3
0.135,-0.3,-0.040000000000000036,True,True,True,True,True,True,True,True,True,-0.02095983177423477,0.010501712097275243,basket|link_0|link_1|link_2|link_3
0.135,-0.31999999999999995,-0.040000000000000036,True,True,True,True,True,True,True,True,True,-0.013416588306427002,0.03241711925600829,basket|link_0|link_1|link_2|link_3
0.135,-0.33999999999999997,-0.040000000000000036,False,False,True,False,False,True,False,False,True,0.006578236818313599,1.4901161193847656e-08,basket|link_0|link_1|link_2|link_3
0.135,-0.36,-0.040000000000000036,False,False,True,False,False,True,False,False,True,,1.4901161193847656e-08,link_1|link_2|link_3
0.135,-0.38,-0.040000000000000036,False,False,True,False,False,True,False,False,True,,1.4901161193847656e-08,link_1|link_2|link_3
0.135,-0.39999999999999997,-0.040000000000000036,False,False,True,False,False,True,False,False,True,,1.4901161193847656e-08,link_1|link_2|link_3
0.135,-0.42,-0.040000000000000036,False,False,True,False,False,True,False,False,True,,1.4901161193847656e-08,link_1|link_2|link_3
0.135,0.42,-0.06,False,False,True,False,False,True,False,False,True,,1.4901161193847656e-08,link_1|link_2|link_3
0.135,0.4000000000000001,-0.06,False,False,True,False,False,True,False,False,True,,1.4901161193847656e-08,link_1|link_2|link_3
0.135,0.38000000000000006,-0.06,False,False,True,False,False,True,False,False,True,,1.4901161193847656e-08,link_1|link_2|link_3
0.135,0.36000000000000004,-0.06,False,False,True,False,False,True,False,False,True,,1.4901161193847656e-08,link_1|link_2|link_3
0.135,0.34,-0.06,False,False,True,False,False,True,False,False,True,0.004427388310432434,1.4901161193847656e-08,basket|link_0|link_1|link_2|link_3
0.135,0.32,-0.06,True,True,True,True,True,True,True,True,True,-0.015396416187286377,0.041131507625232856,basket|link_0|link_1|link_2|link_3
0.135,0.3,-0.06,True,True,True,True,True,True,True,True,True,-0.020959891378879547,0.022379814475382308,basket|link_0|link_1|link_2|link_3
0.135,0.2800000000000001,-0.06,True,True,True,True,True,True,True,True,True,-0.020959876477718353,0.07621290241178928,basket|link_0|link_1|link_2|link_3
0.135,0.26000000000000006,-0.06,True,True,True,True,True,True,True,True,True,-0.020959876477718353,0.022005982327920882,basket|link_0|link_1|link_2|link_3
0.135,0.24000000000000005,-0.06,True,True,True,True,True,True,True,True,True,-0.020959876477718353,0.02507630582049469,basket|link_0|link_1|link_2|link_3
0.135,0.22000000000000003,-0.06,True,True,True,True,True,True,True,True,True,-0.020959876477718353,0.008557632134298679,basket|link_0|link_1|link_2|link_3
0.135,0.2,-0.06,True,True,True,True,True,True,True,True,True,-0.020959876477718353,0.0030652399184923317,basket|link_0|link_2|link_3
0.135,0.18,-0.06,True,True,True,True,True,True,True,True,True,-0.020959876477718353,0.013045529560403057,basket|link_0|link_2|link_3
0.135,0.15999999999999998,-0.06,True,True,True,True,True,True,True,True,True,-0.02095986157655716,0.013762304423925965,basket|link_0|link_2|link_3
0.135,0.14000000000000007,-0.06,True,True,True,True,True,True,True,True,True,-0.02095986157655716,0.009964856942916411,basket|link_0|link_2|link_3
0.135,0.12000000000000005,-0.06,True,True,True,True,True,True,True,True,True,-0.02095986157655716,0.00504089991546303,basket|link_0|link_2|link_3
0.135,0.10000000000000003,-0.06,True,True,True,True,True,True,True,True,True,-0.02095986157655716,0.00974133264387898,basket|link_0|link_2|link_3
0.135,0.08000000000000002,-0.06,True,True,True,True,True,True,True,True,True,-0.020959876477718353,0.014392734448960762,basket|link_0|link_1|link_2|link_3
0.135,0.06,-0.06,True,True,True,True,True,True,True,True,True,-0.020959876477718353,0.007245801090291855,basket|link_0|link_1|link_2|link_3
0.135,0.040000000000000036,-0.06,True,True,True,True,True,True,True,True,True,-0.026091502979397774,0.01246732819783903,basket|link_0|link_1|link_2|link_3
0.135,0.020000000000000018,-0.06,True,True,True,True,True,True,True,True,True,-0.03699054569005966,0.02075697686420267,basket|link_0|link_1|link_2|link_3
0.135,0.0,-0.06,True,True,True,True,True,True,True,True,True,-0.025819547474384308,0.014410326187921568,basket|link_0|link_1|link_2|link_3
0.135,-0.019999999999999962,-0.06,True,True,True,True,True,True,True,True,True,-0.024566076695919037,0.013432607577705353,basket|link_0|link_1|link_2|link_3
0.135,-0.03999999999999998,-0.06,True,True,True,True,True,True,True,True,True,-0.021321460604667664,0.005253305000605759,basket|link_0|link_1|link_2|link_3
0.135,-0.06,-0.06,True,True,True,True,True,True,True,True,True,-0.02095986157655716,0.010849842083417657,basket|link_0|link_1|link_2|link_3
0.135,-0.07999999999999996,-0.06,True,True,True,True,True,True,True,True,True,-0.02095986157655716,0.008696409109780227,basket|link_0|link_1|link_2|link_3
0.135,-0.09999999999999998,-0.06,True,True,True,True,True,True,True,True,True,-0.02095986157655716,0.014190357083714454,basket|link_0|link_1|link_2|link_3
0.135,-0.12,-0.06,True,True,True,True,True,True,True,True,True,-0.020959846675395966,0.012068147857345049,basket|link_0|link_1|link_2|link_3
0.135,-0.13999999999999996,-0.06,True,True,True,True,True,True,True,True,True,-0.020959846675395966,0.008634519255351204,basket|link_0|link_1|link_2|link_3
0.135,-0.15999999999999998,-0.06,True,True,True,True,True,True,True,True,True,-0.020959846675395966,0.009650815594058035,basket|link_0|link_1|link_2|link_3
0.135,-0.18,-0.06,True,True,True,True,True,True,True,True,True,-0.020959846675395966,0.018025746315727197,basket|link_0|link_1|link_2|link_3
0.135,-0.19999999999999998,-0.06,True,True,True,True,True,True,True,True,True,-0.020959846675395966,0.01619606266904241,basket|link_0|link_1|link_2|link_3
0.135,-0.21999999999999997,-0.06,True,True,True,True,True,True,True,True,True,-0.020959846675395966,0.006292649957033495,basket|link_0|link_1|link_2|link_3
0.135,-0.24,-0.06,True,True,True,True,True,True,True,True,True,-0.02095983177423477,0.010726870727893795,basket|link_0|link_1|link_2|link_3
0.135,-0.26,-0.06,True,True,True,True,True,True,True,True,True,-0.02095983177423477,0.037386617670885726,basket|link_0|link_1|link_2|link_3
0.135,-0.27999999999999997,-0.06,True,True,True,True,True,True,True,True,True,-0.02095983177423477,0.05813302971295038,basket|link_0|link_1|link_2|link_3
0.135,-0.3,-0.06,True,True,True,True,True,True,True,True,True,-0.02095983177423477,0.017682547845656118,basket|link_0|link_1|link_2|link_3
0.135,-0.31999999999999995,-0.06,True,True,True,True,True,True,True,True,True,-0.013416588306427002,0.06725167524146956,basket|link_0|link_1|link_2|link_3
0.135,-0.33999999999999997,-0.06,False,False,True,False,False,True,False,False,True,0.00657905638217926,1.4901161193847656e-08,basket|link_0|link_1|link_2|link_3
0.135,-0.36,-0.06,False,False,True,False,False,True,False,False,True,,1.4901161193847656e-08,link_1|link_2|link_3
0.135,-0.38,-0.06,False,False,True,False,False,True,False,False,True,,1.4901161193847656e-08,link_1|link_2|link_3
0.135,-0.39999999999999997,-0.06,False,False,True,False,False,True,False,False,True,,1.4901161193847656e-08,link_1|link_2|link_3
0.135,-0.42,-0.06,False,False,True,False,False,True,False,False,True,,1.4901161193847656e-08,link_1|link_2|link_3
0.135,0.42,-0.08000000000000002,False,False,True,False,False,True,False,False,True,,1.4901161193847656e-08,link_1|link_2|link_3
0.135,0.4000000000000001,-0.08000000000000002,False,False,True,False,False,True,False,False,True,,1.4901161193847656e-08,link_1|link_2|link_3
0.135,0.38000000000000006,-0.08000000000000002,False,False,True,False,False,True,False,False,True,,1.4901161193847656e-08,link_1|link_2|link_3
0.135,0.36000000000000004,-0.08000000000000002,False,False,True,False,False,True,False,False,True,,1.4901161193847656e-08,link_1|link_2|link_3
0.135,0.34,-0.08000000000000002,False,False,True,False,False,True,False,False,True,0.004430562257766724,1.4901161193847656e-08,basket|link_0|link_1|link_2|link_3
0.135,0.32,-0.08000000000000002,True,True,True,True,True,True,True,True,True,-0.015396416187286377,0.032177279622062335,basket|link_0|link_1|link_2|link_3
0.135,0.3,-0.08000000000000002,True,True,True,True,True,True,True,True,True,-0.020959891378879547,0.032740242680664486,basket|link_0|link_1|link_2|link_3
0.135,0.2800000000000001,-0.08000000000000002,True,True,True,True,True,True,True,True,True,-0.020959891378879547,0.03815829526781363,basket|link_0|link_1|link_2|link_3
0.135,0.26000000000000006,-0.08000000000000002,True,True,True,True,True,True,True,True,True,-0.020959891378879547,0.03643123342828578,basket|link_0|link_1|link_2|link_3
0.135,0.24000000000000005,-0.08000000000000002,True,True,True,True,True,True,True,True,True,-0.020959891378879547,0.033919000990799676,basket|link_0|link_1|link_2|link_3
0.135,0.22000000000000003,-0.08000000000000002,True,True,True,True,True,True,True,True,True,-0.020959891378879547,0.018325240124965062,basket|link_0|link_1|link_2|link_3
0.135,0.2,-0.08000000000000002,True,True,True,True,True,True,True,True,True,-0.020959891378879547,0.009599589849319058,basket|link_0|link_2|link_3
0.135,0.18,-0.08000000000000002,True,True,True,True,True,True,True,True,True,-0.03150121867656708,0.0062999620847088355,basket|link_0|link_2|link_3
0.135,0.15999999999999998,-0.08000000000000002,True,True,True,True,True,True,True,True,True,-0.037508316338062286,0.01187635197017734,basket|link_0|link_2|link_3
0.135,0.14000000000000007,-0.08000000000000002,True,True,True,True,True,True,True,True,True,-0.03650829941034317,0.005127239719776608,basket|link_0|link_2|link_3
0.135,0.12000000000000005,-0.08000000000000002,True,True,True,True,True,True,True,True,True,-0.03661123663187027,0.006719531898674956,basket|link_0|link_2|link_3
0.135,0.10000000000000003,-0.08000000000000002,True,True,True,True,True,True,True,True,True,-0.031472332775592804,0.013089616485088584,basket|link_0|link_2|link_3
0.135,0.08000000000000002,-0.08000000000000002,True,True,True,True,True,True,True,True,True,-0.020959891378879547,0.009503778706829797,basket|link_0|link_2|link_3
0.135,0.06,-0.08000000000000002,True,True,True,True,True,True,True,True,True,-0.020959891378879547,0.007462106268322895,basket|link_0|link_2|link_3
0.135,0.040000000000000036,-0.08000000000000002,True,True,True,True,True,True,True,True,True,-0.020959891378879547,0.014093343135759086,basket|link_0|link_2|link_3
0.135,0.020000000000000018,-0.08000000000000002,True,True,True,True,True,True,True,True,True,-0.020959891378879547,0.016525406105818277,basket|link_0|link_1|link_2|link_3
0.135,0.0,-0.08000000000000002,True,True,True,True,True,True,True,True,True,-0.021483957767486572,0.017386667716520955,basket|link_0|link_1|link_2|link_3
0.135,-0.019999999999999962,-0.08000000000000002,True,True,True,True,True,True,True,True,True,-0.020959876477718353,0.012983737551202865,basket|link_0|link_1|link_2|link_3
0.135,-0.03999999999999998,-0.08000000000000002,True,True,True,True,True,True,True,True,True,-0.022301360964775085,0.013728199554249778,basket|link_0|link_1|link_2|link_3
0.135,-0.06,-0.08000000000000002,True,True,True,True,True,True,True,True,True,-0.020959876477718353,0.017227962904546795,basket|link_0|link_1|link_2|link_3
0.135,-0.07999999999999996,-0.08000000000000002,True,True,True,True,True,True,True,True,True,-0.020959876477718353,0.013909596551236823,basket|link_0|link_1|link_2|link_3
0.135,-0.09999999999999998,-0.08000000000000002,True,True,True,True,True,True,True,True,True,-0.020959876477718353,0.017402914457206584,basket|link_0|link_1|link_2|link_3
0.135,-0.12,-0.08000000000000002,True,True,True,True,True,True,True,True,True,-0.036508239805698395,0.01631690218589955,basket|link_0|link_1|link_2|link_3
0.135,-0.13999999999999996,-0.08000000000000002,True,True,True,True,True,True,True,True,True,-0.036508239805698395,0.017671579415770293,basket|link_0|link_1|link_2|link_3
0.135,-0.15999999999999998,-0.08000000000000002,True,True,True,True,True,True,True,True,True,-0.03725419193506241,0.0041981934583700305,basket|link_0|link_1|link_2|link_3
0.135,-0.18,-0.08000000000000002,True,True,True,True,True,True,True,True,True,-0.036508239805698395,0.012279226609704782,basket|link_0|link_1|link_2|link_3
0.135,-0.19999999999999998,-0.08000000000000002,True,True,True,True,True,True,True,True,True,-0.02208133041858673,0.018111006486924684,basket|link_0|link_1|link_2|link_3
0.135,-0.21999999999999997,-0.08000000000000002,True,True,True,True,True,True,True,True,True,-0.02095986157655716,0.017063794054683945,basket|link_0|link_1|link_2|link_3
0.135,-0.24,-0.08000000000000002,True,True,True,True,True,True,True,True,True,-0.02095986157655716,0.012996760120514926,basket|link_0|link_1|link_2|link_3
0.135,-0.26,-0.08000000000000002,True,True,True,True,True,True,True,True,True,-0.02095986157655716,0.05781849554300802,basket|link_0|link_1|link_2|link_3
0.135,-0.27999999999999997,-0.08000000000000002,True,True,True,True,True,True,True,True,True,-0.020959846675395966,0.0696162139311861,basket|link_0|link_1|link_2|link_3
0.135,-0.3,-0.08000000000000002,True,True,True,True,True,True,True,True,True,-0.020959846675395966,0.016095812675191702,basket|link_0|link_1|link_2|link_3
0.135,-0.31999999999999995,-0.08000000000000002,True,True,True,True,True,True,True,True,True,-0.013416588306427002,0.0260750967984682,basket|link_0|link_1|link_2|link_3
0.135,-0.33999999999999997,-0.08000000000000002,False,False,True,False,False,True,False,False,True,0.0065818727016448975,1.4901161193847656e-08,basket|link_0|link_1|link_2|link_3
0.135,-0.36,-0.08000000000000002,False,False,True,False,False,True,False,False,True,,1.4901161193847656e-08,link_2|link_3
0.135,-0.38,-0.08000000000000002,False,False,True,False,False,True,False,False,True,,1.4901161193847656e-08,link_2|link_3
0.135,-0.39999999999999997,-0.08000000000000002,False,False,True,False,False,True,False,False,True,,1.4901161193847656e-08,link_2|link_3
0.135,-0.42,-0.08000000000000002,False,False,True,False,False,True,False,False,True,,1.4901161193847656e-08,link_2|link_3
0.135,0.42,-0.10000000000000003,False,False,True,False,False,True,False,False,True,,1.5017576543430167e-08,link_2|link_3
0.135,0.4000000000000001,-0.10000000000000003,False,False,True,False,False,True,False,False,True,,1.5017576543430167e-08,link_2|link_3
0.135,0.38000000000000006,-0.10000000000000003,False,False,True,False,False,True,False,False,True,,1.5017576543430167e-08,link_2|link_3
0.135,0.36000000000000004,-0.10000000000000003,False,False,True,False,False,True,False,False,True,,1.5017576543430167e-08,link_2|link_3
0.135,0.34,-0.10000000000000003,False,False,True,False,False,True,False,False,True,0.004430562257766724,1.5017576543430167e-08,basket|link_0|link_2|link_3
0.135,0.32,-0.10000000000000003,True,True,True,True,True,True,True,True,True,-0.015396416187286377,0.03289214343041321,basket|link_0|link_2|link_3
0.135,0.3,-0.10000000000000003,True,True,True,True,True,True,True,True,True,-0.020959891378879547,0.010197123281347349,basket|link_0|link_2|link_3
0.135,0.2800000000000001,-0.10000000000000003,True,True,True,True,True,True,True,True,True,-0.020959891378879547,0.048131863398388444,basket|link_0|link_2|link_3
0.135,0.26000000000000006,-0.10000000000000003,True,True,True,True,True,True,True,True,True,-0.020959891378879547,0.010456682922194564,basket|link_0|link_2|link_3
0.135,0.24000000000000005,-0.10000000000000003,True,True,True,True,True,True,True,True,True,-0.020959891378879547,0.023621903125847013,basket|link_0|link_2|link_3
0.135,0.22000000000000003,-0.10000000000000003,True,True,True,True,True,True,True,True,True,-0.020959891378879547,0.01419194708463923,basket|link_0|link_2|link_3
0.135,0.2,-0.10000000000000003,True,True,True,True,True,True,True,True,True,-0.020959891378879547,0.007677202386507638,basket|link_0|link_2|link_3
0.135,0.18,-0.10000000000000003,True,True,True,True,True,True,True,True,True,-0.03265422582626343,0.004751349660113131,basket|link_0|link_2|link_3
0.135,0.15999999999999998,-0.10000000000000003,True,True,True,True,True,True,True,True,True,-0.03306211531162262,0.013670764829149903,basket|link_0|link_2|link_3
0.135,0.14000000000000007,-0.10000000000000003,True,True,True,True,True,True,True,True,True,-0.02843327820301056,0.006648473518392713,basket|link_0|link_2|link_3
0.135,0.12000000000000005,-0.10000000000000003,True,True,True,True,True,True,True,True,True,-0.023447543382644653,0.0023195669758554866,basket|link_0|link_2|link_3
0.135,0.10000000000000003,-0.10000000000000003,True,True,True,True,True,True,True,True,True,-0.020959876477718353,0.009811972634372737,basket|link_0|link_2|link_3
0.135,0.08000000000000002,-0.10000000000000003,True,True,True,True,True,True,True,True,True,-0.020959891378879547,0.012884951116762978,basket|link_0|link_2|link_3
0.135,0.06,-0.10000000000000003,True,True,True,True,True,True,True,True,True,-0.020959891378879547,0.014717630007971485,basket|link_0|link_2|link_3
0.135,0.040000000000000036,-0.10000000000000003,True,True,True,True,True,True,True,True,True,-0.020959891378879547,0.006370182051900458,basket|link_0|link_2|link_3
0.135,0.020000000000000018,-0.10000000000000003,True,True,True,True,True,True,True,True,True,-0.020959891378879547,0.00942784420967532,basket|link_0|link_1|link_2|link_3
0.135,0.0,-0.10000000000000003,True,True,True,True,True,True,True,True,True,-0.020959891378879547,0.016478180615484648,basket|link_0|link_1|link_2|link_3
0.135,-0.019999999999999962,-0.10000000000000003,True,True,True,True,True,True,True,True,True,-0.020959891378879547,0.010576075181753505,basket|link_0|link_1|link_2|link_3
0.135,-0.03999999999999998,-0.10000000000000003,True,True,True,True,True,True,True,True,True,-0.020959876477718353,0.011504357119304764,basket|link_0|link_1|link_2|link_3
0.135,-0.06,-0.10000000000000003,True,True,True,True,True,True,True,True,True,-0.020959876477718353,0.009141890452182203,basket|link_0|link_1|link_2|link_3
0.135,-0.07999999999999996,-0.10000000000000003,True,True,True,True,True,True,True,True,True,-0.020959876477718353,0.005689813144954363,basket|link_0|link_1|link_2|link_3
0.135,-0.09999999999999998,-0.10000000000000003,True,True,True,True,True,True,True,True,True,-0.02204521745443344,0.008516901220007027,basket|link_0|link_1|link_2|link_3
0.135,-0.12,-0.10000000000000003,True,True,True,True,True,True,True,True,True,-0.033661484718322754,0.004972039140991555,basket|link_0|link_1|link_2|link_3
0.135,-0.13999999999999996,-0.10000000000000003,True,True,True,True,True,True,True,True,True,-0.0242295041680336,0.012687077229905714,basket|link_0|link_1|link_2|link_3
0.135,-0.15999999999999998,-0.10000000000000003,True,True,True,True,True,True,True,True,True,-0.02095986157655716,0.007315356670321376,basket|link_0|link_1|link_2|link_3
0.135,-0.18,-0.10000000000000003,True,True,True,True,True,True,True,True,True,-0.022188909351825714,0.01163911980387328,basket|link_0|link_1|link_2|link_3
0.135,-0.19999999999999998,-0.10000000000000003,True,True,True,True,True,True,True,True,True,-0.023496486246585846,0.01032566948623659,basket|link_0|link_1|link_2|link_3
0.135,-0.21999999999999997,-0.10000000000000003,True,True,True,True,True,True,True,True,True,-0.02095986157655716,0.013385143958925354,basket|link_0|link_1|link_2|link_3
0.135,-0.24,-0.10000000000000003,True,True,True,True,True,True,True,True,True,-0.02095986157655716,0.018630026830574773,basket|link_0|link_1|link_2|link_3
0.135,-0.26,-0.10000000000000003,True,True,True,True,True,True,True,True,True,-0.02095986157655716,0.010604465523787701,basket|link_0|link_1|link_2|link_3
0.135,-0.27999999999999997,-0.10000000000000003,True,True,True,True,True,True,True,True,True,-0.020959846675395966,0.033130572397956776,basket|link_0|link_1|link_2|link_3
0.135,-0.3,-0.10000000000000003,True,True,True,True,True,True,True,True,True,-0.020959846675395966,0.011248786223417781,basket|link_0|link_1|link_2|link_3
0.135,-0.31999999999999995,-0.10000000000000003,True,True,True,True,True,True,True,True,True,-0.013416588306427002,0.02050814094503757,basket|link_0|link_1|link_2|link_3
0.135,-0.33999999999999997,-0.10000000000000003,False,False,True,False,False,True,False,False,True,0.006583452224731445,1.5017576543430167e-08,basket|link_0|link_1|link_2|link_3
0.135,-0.36,-0.10000000000000003,False,False,True,False,False,True,False,False,True,,1.5017576543430167e-08,link_2|link_3
0.135,-0.38,-0.10000000000000003,False,False,True,False,False,True,False,False,True,,1.5017576543430167e-08,link_2|link_3
0.135,-0.39999999999999997,-0.10000000000000003,False,False,True,False,False,True,False,False,True,,1.5017576543430167e-08,link_1|link_2|link_3
0.135,-0.42,-0.10000000000000003,False,False,True,False,False,True,False,False,True,,1.5017576543430167e-08,link_1|link_2|link_3
0.135,0.42,-0.12000000000000002,False,False,True,False,False,True,False,False,True,,1.4901161193847656e-08,link_1|link_2|link_3
0.135,0.4000000000000001,-0.12000000000000002,False,False,True,False,False,True,False,False,True,,1.4901161193847656e-08,link_1|link_2|link_3
0.135,0.38000000000000006,-0.12000000000000002,False,False,True,False,False,True,False,False,True,,1.4901161193847656e-08,link_1|link_2|link_3
0.135,0.36000000000000004,-0.12000000000000002,False,False,True,False,False,True,False,False,True,,1.4901161193847656e-08,link_1|link_2|link_3
0.135,0.34,-0.12000000000000002,False,False,True,False,False,True,False,False,True,0.004430562257766724,1.4901161193847656e-08,basket|link_0|link_1|link_2|link_3
0.135,0.32,-0.12000000000000002,True,True,True,True,True,True,True,True,True,-0.015396416187286377,0.03130775413913971,basket|link_0|link_1|link_2|link_3
0.135,0.3,-0.12000000000000002,True,True,True,True,True,True,True,True,True,-0.02095990628004074,0.025700615834124828,basket|link_0|link_1|link_2|link_3
0.135,0.2800000000000001,-0.12000000000000002,True,True,True,True,True,True,True,True,True,-0.020959891378879547,0.05562255004788524,basket|link_0|link_1|link_2|link_3
0.135,0.26000000000000006,-0.12000000000000002,True,True,True,True,True,True,True,True,True,-0.020959891378879547,0.01858967091619638,basket|link_0|link_1|link_2|link_3
0.135,0.24000000000000005,-0.12000000000000002,True,True,True,True,True,True,True,True,True,-0.020959891378879547,0.019690211345336606,basket|link_0|link_1|link_2|link_3
0.135,0.22000000000000003,-0.12000000000000002,True,True,True,True,True,True,True,True,True,-0.020959891378879547,0.006486432420849282,basket|link_0|link_1|link_2|link_3
0.135,0.2,-0.12000000000000002,True,True,True,True,True,True,True,True,True,-0.020959891378879547,0.015360678378355721,basket|link_0|link_1|link_2|link_3
0.135,0.18,-0.12000000000000002,True,True,True,True,True,True,True,True,True,-0.020959891378879547,0.007388764091118428,basket|link_0|link_1|link_2|link_3
0.135,0.15999999999999998,-0.12000000000000002,True,True,True,True,True,True,True,True,True,-0.020959876477718353,0.007607908816899237,basket|link_0|link_1|link_2|link_3
0.135,0.14000000000000007,-0.12000000000000002,True,True,True,True,True,True,True,True,True,-0.020959876477718353,0.006894016022187554,basket|link_0|link_1|link_2|link_3
0.135,0.12000000000000005,-0.12000000000000002,True,True,True,True,True,True,True,True,True,-0.020959876477718353,0.008123620846610008,basket|link_0|link_1|link_2|link_3
0.135,0.10000000000000003,-0.12000000000000002,True,True,True,True,True,True,True,True,True,-0.020959876477718353,0.013756665319432449,basket|link_0|link_1|link_2|link_3
0.135,0.08000000000000002,-0.12000000000000002,True,True,True,True,True,True,True,True,True,-0.020959891378879547,0.021361292996734116,basket|link_0|link_1|link_2|link_3
0.135,0.06,-0.12000000000000002,True,True,True,True,True,True,True,True,True,-0.020959891378879547,0.014418719939823606,basket|link_0|link_1|link_2|link_3
0.135,0.040000000000000036,-0.12000000000000002,True,True,True,True,True,True,True,True,True,-0.020959891378879547,0.01258830065056416,basket|link_0|link_2|link_3
0.135,0.020000000000000018,-0.12000000000000002,True,True,True,True,True,True,True,True,True,-0.020959891378879547,0.011083815061565045,basket|link_0|link_1|link_2|link_3
0.135,0.0,-0.12000000000000002,True,True,True,True,True,True,True,True,True,-0.020959891378879547,0.015194218213088325,basket|link_0|link_1|link_2|link_3
0.135,-0.019999999999999962,-0.12000000000000002,True,True,True,True,True,True,True,True,True,-0.020959891378879547,0.008824208647429992,basket|link_0|link_1|link_2|link_3
0.135,-0.03999999999999998,-0.12000000000000002,True,True,True,True,True,True,True,True,True,-0.020959876477718353,0.021530590261542217,basket|link_0|link_1|link_2|link_3
0.135,-0.06,-0.12000000000000002,True,True,True,True,True,True,True,True,True,-0.020959876477718353,0.017535744178925623,basket|link_0|link_1|link_2|link_3
0.135,-0.07999999999999996,-0.12000000000000002,True,True,True,True,True,True,True,True,True,-0.020959876477718353,0.010590992598661413,basket|link_0|link_1|link_2|link_3
0.135,-0.09999999999999998,-0.12000000000000002,True,True,True,True,True,True,True,True,True,-0.020959876477718353,0.008102612186918389,basket|link_0|link_1|link_2|link_3
0.135,-0.12,-0.12000000000000002,True,True,True,True,True,True,True,True,True,-0.020959876477718353,0.015625379042830255,basket|link_0|link_1|link_2|link_3
0.135,-0.13999999999999996,-0.12000000000000002,True,True,True,True,True,True,True,True,True,-0.020959876477718353,0.006270666131995771,basket|link_0|link_1|link_2|link_3
0.135,-0.15999999999999998,-0.12000000000000002,True,True,True,True,True,True,True,True,True,-0.020959876477718353,0.007317762605397653,basket|link_0|link_1|link_2|link_3
0.135,-0.18,-0.12000000000000002,True,True,True,True,True,True,True,True,True,-0.02095986157655716,0.007118686640391034,basket|link_0|link_1|link_2|link_3
0.135,-0.19999999999999998,-0.12000000000000002,True,True,True,True,True,True,True,True,True,-0.02095986157655716,0.008339493507397405,basket|link_0|link_1|link_2|link_3
0.135,-0.21999999999999997,-0.12000000000000002,True,True,True,True,True,True,True,True,True,-0.02095986157655716,0.019713795922577017,basket|link_0|link_1|link_2|link_3
0.135,-0.24,-0.12000000000000002,True,True,True,True,True,True,True,True,True,-0.02095986157655716,0.009556272871466468,basket|link_0|link_1|link_2|link_3
0.135,-0.26,-0.12000000000000002,True,True,True,True,True,True,True,True,True,-0.02095986157655716,0.013351425564918121,basket|link_0|link_1|link_2|link_3
0.135,-0.27999999999999997,-0.12000000000000002,True,True,True,True,True,True,True,True,True,-0.02095986157655716,0.03811317836293127,basket|link_0|link_1|link_2|link_3
0.135,-0.3,-0.12000000000000002,True,True,True,True,True,True,True,True,True,-0.020959846675395966,0.02106897359017787,basket|link_0|link_1|link_2|link_3
0.135,-0.31999999999999995,-0.12000000000000002,True,True,True,True,True,True,True,True,True,-0.013416588306427002,0.01936649537393583,basket|link_0|link_1|link_2|link_3
0.135,-0.33999999999999997,-0.12000000000000002,False,False,True,False,False,True,False,False,True,0.006583452224731445,1.4901161193847656e-08,basket|link_0|link_1|link_2|link_3
0.135,-0.36,-0.12000000000000002,False,False,True,False,False,True,False,False,True,,1.4901161193847656e-08,link_1|link_2|link_3
0.135,-0.38,-0.12000000000000002,False,False,True,False,False,True,False,False,True,,1.4901161193847656e-08,link_1|link_2|link_3
0.135,-0.39999999999999997,-0.12000000000000002,False,False,True,False,False,True,False,False,True,,1.4901161193847656e-08,link_1|link_2|link_3
0.135,-0.42,-0.12000000000000002,False,False,True,False,False,True,False,False,True,,1.4901161193847656e-08,link_1|link_2|link_3
0.135,0.42,-0.14,False,False,True,False,False,True,False,False,True,,1.4901161193847656e-08,link_1|link_2|link_3
0.135,0.4000000000000001,-0.14,False,False,True,False,False,True,False,False,True,,1.4901161193847656e-08,link_1|link_2|link_3
0.135,0.38000000000000006,-0.14,False,False,True,False,False,True,False,False,True,,1.4901161193847656e-08,link_1|link_2|link_3
0.135,0.36000000000000004,-0.14,False,False,True,False,False,True,False,False,True,,1.4901161193847656e-08,link_1|link_2|link_3
0.135,0.34,-0.14,False,False,True,False,False,True,False,False,True,0.004430562257766724,1.4901161193847656e-08,basket|link_0|link_1|link_2|link_3
0.135,0.32,-0.14,True,True,True,True,True,True,True,True,True,-0.015396416187286377,0.018425428569246283,basket|link_0|link_1|link_2|link_3
0.135,0.3,-0.14,True,True,True,True,True,True,True,True,True,-0.022264711558818817,0.036427613978582275,basket|link_0|link_1|link_2|link_3
0.135,0.2800000000000001,-0.14,True,True,True,True,True,True,True,True,True,-0.01583506166934967,0.007560987871375867,basket|link_0|link_1|link_2|link_3
0.135,0.26000000000000006,-0.14,True,True,True,True,True,True,True,True,True,-0.01591140404343605,0.012710661236513002,basket|link_0|link_1|link_2|link_3
0.135,0.24000000000000005,-0.14,True,True,True,True,True,True,True,True,True,-0.01930008828639984,0.015490853179291691,basket|link_0|link_1|link_2|link_3
0.135,0.22000000000000003,-0.14,True,True,True,True,True,True,True,True,True,-0.017568565905094147,0.018763630976519105,basket|link_0|link_1|link_2|link_3
0.135,0.2,-0.14,True,True,True,True,True,True,True,True,True,-0.017204247415065765,0.00968529579609071,basket|link_0|link_1|link_2|link_3
0.135,0.18,-0.14,True,True,True,True,True,True,True,True,True,-0.016142234206199646,0.004407437464017665,basket|link_0|link_1|link_2|link_3
0.135,0.15999999999999998,-0.14,True,True,True,True,True,True,True,True,True,-0.015867929905653,0.005020546470029584,basket|link_0|link_1|link_2|link_3
0.135,0.14000000000000007,-0.14,True,True,True,True,True,True,True,True,True,-0.013629809021949768,0.014876373506374708,basket|link_0|link_1|link_2|link_3
0.135,0.12000000000000005,-0.14,True,True,True,True,True,True,True,True,True,-0.01570059359073639,0.012815383434266922,basket|link_0|link_1|link_2|link_3
0.135,0.10000000000000003,-0.14,True,True,True,True,True,True,True,True,True,-0.0170997753739357,0.015024642901623324,basket|link_0|link_1|link_2|link_3
0.135,0.08000000000000002,-0.14,True,True,True,True,True,True,True,True,True,-0.0170997753739357,0.005367241196658299,basket|link_0|link_1|link_2|link_3
0.135,0.06,-0.14,True,True,True,True,True,True,True,True,True,-0.0170997753739357,0.013724187675985725,basket|link_0|link_1|link_2|link_3
0.135,0.040000000000000036,-0.14,True,True,True,True,True,True,True,True,True,-0.0170997753739357,0.01755770522982942,basket|link_0|link_1|link_2|link_3
0.135,0.020000000000000018,-0.14,True,True,True,True,True,True,True,True,True,-0.0170997753739357,0.012471415573894739,basket|link_0|link_1|link_2|link_3
0.135,0.0,-0.14,True,True,True,True,True,True,True,True,True,-0.01956995576620102,0.0051023540864944365,basket|link_0|link_1|link_2|link_3
0.135,-0.019999999999999962,-0.14,True,True,True,True,True,True,True,True,True,-0.017305269837379456,0.01591881914890153,basket|link_0|link_1|link_2|link_3
0.135,-0.03999999999999998,-0.14,True,True,True,True,True,True,True,True,True,-0.017099782824516296,0.012399059658486136,basket|link_0|link_1|link_2|link_3
0.135,-0.06,-0.14,True,True,True,True,True,True,True,True,True,-0.022263631224632263,0.0050881714783434515,basket|link_0|link_1|link_2|link_3
0.135,-0.07999999999999996,-0.14,True,True,True,True,True,True,True,True,True,-0.022264160215854645,0.011570045123936345,basket|link_0|link_1|link_2|link_3
0.135,-0.09999999999999998,-0.14,True,True,True,True,True,True,True,True,True,-0.019183620810508728,0.014660650185285725,basket|link_0|link_1|link_2|link_3
0.135,-0.12,-0.14,True,True,True,True,True,True,True,True,True,-0.017099782824516296,0.005276258173022726,basket|link_0|link_1|link_2|link_3
0.135,-0.13999999999999996,-0.14,True,True,True,True,True,True,True,True,True,-0.017099782824516296,0.0013697557751461648,basket|link_0|link_1|link_2|link_3
0.135,-0.15999999999999998,-0.14,True,True,True,True,True,True,True,True,True,-0.017099782824516296,0.005447808525179059,basket|link_0|link_1|link_2|link_3
0.135,-0.18,-0.14,True,True,True,True,True,True,True,True,True,-0.017099782824516296,0.011013493133621613,basket|link_0|link_1|link_2|link_3
0.135,-0.19999999999999998,-0.14,True,True,True,True,True,True,True,True,True,-0.02027258276939392,0.00628517851102673,basket|link_0|link_1|link_2|link_3
0.135,-0.21999999999999997,-0.14,True,True,True,True,True,True,True,True,True,-0.01743607223033905,0.014353863392253986,basket|link_0|link_1|link_2|link_3
0.135,-0.24,-0.14,True,True,True,True,True,True,True,True,True,-0.017099790275096893,0.016950790044944798,basket|link_0|link_1|link_2|link_3
0.135,-0.26,-0.14,True,True,True,True,True,True,True,True,True,-0.017099790275096893,0.01422477295222057,basket|link_0|link_1|link_2|link_3
0.135,-0.27999999999999997,-0.14,True,True,True,True,True,True,True,True,True,-0.017099790275096893,0.023303817264771244,basket|link_0|link_1|link_2|link_3
0.135,-0.3,-0.14,True,True,True,True,True,True,True,True,True,-0.017099790275096893,0.012664930371675577,basket|link_0|link_1|link_2|link_3
0.135,-0.31999999999999995,-0.14,True,True,True,True,True,True,True,True,True,-0.013416588306427002,0.01205770640595221,basket|link_0|link_1|link_2|link_3
0.135,-0.33999999999999997,-0.14,False,False,True,False,False,True,False,False,True,0.006583452224731445,1.4901161193847656e-08,basket|link_0|link_1|link_2|link_3
0.135,-0.36,-0.14,False,False,True,False,False,True,False,False,True,,1.4901161193847656e-08,link_1|link_2|link_3
0.135,-0.38,-0.14,False,False,True,False,False,True,False,False,True,,1.4901161193847656e-08,link_1|link_2|link_3
0.135,-0.39999999999999997,-0.14,False,False,True,False,False,True,False,False,True,,1.4901161193847656e-08,link_1|link_2|link_3
0.135,-0.42,-0.14,False,False,True,False,False,True,False,False,True,,1.4901161193847656e-08,link_1|link_2|link_3
0.135,0.42,-0.16000000000000003,False,False,True,False,False,True,False,False,True,,1.4901161193847656e-08,link_1|link_2|link_3
0.135,0.4000000000000001,-0.16000000000000003,False,False,True,False,False,True,False,False,True,,1.4901161193847656e-08,link_1|link_2|link_3
0.135,0.38000000000000006,-0.16000000000000003,False,False,True,False,False,True,False,False,True,,1.4901161193847656e-08,link_1|link_2|link_3
0.135,0.36000000000000004,-0.16000000000000003,False,False,True,False,False,True,False,False,True,,1.4901161193847656e-08,link_1|link_2|link_3
0.135,0.34,-0.16000000000000003,False,False,True,False,False,True,False,False,True,0.00460362434387207,1.4901161193847656e-08,basket|link_0|link_1|link_2|link_3
0.135,0.32,-0.16000000000000003,True,True,True,True,True,True,True,True,True,-0.015396416187286377,0.009566721621736518,basket|link_0|link_1|link_2|link_3
0.135,0.3,-0.16000000000000003,True,True,True,True,True,True,True,True,True,-0.011897653341293335,0.014498175214440861,basket|link_0|link_1|link_2|link_3
0.135,0.2800000000000001,-0.16000000000000003,True,True,True,True,True,True,True,True,True,-0.01583505980670452,0.017723345033049436,basket|link_0|link_1|link_2|link_3
0.135,0.26000000000000006,-0.16000000000000003,True,True,True,True,True,True,True,True,True,-0.015911400318145752,0.04078093409577508,basket|link_0|link_1|link_2|link_3
0.135,0.24000000000000005,-0.16000000000000003,True,True,True,True,True,True,True,True,True,-0.015914730727672577,0.017431311278739117,basket|link_0|link_1|link_2|link_3
0.135,0.22000000000000003,-0.16000000000000003,True,True,True,True,True,True,True,True,True,-0.015914730727672577,0.013085637873778883,basket|link_0|link_1|link_2|link_3
0.135,0.2,-0.16000000000000003,True,True,True,True,True,True,True,True,True,-0.015914730727672577,0.003078348665847212,basket|link_0|link_1|link_2|link_3
0.135,0.18,-0.16000000000000003,True,True,True,True,True,True,True,True,True,-0.015914730727672577,0.007286915992654353,basket|link_0|link_1|link_2|link_3
0.135,0.15999999999999998,-0.16000000000000003,True,True,True,True,True,True,True,True,True,-0.0158679261803627,0.006986179926194126,basket|link_0|link_1|link_2|link_3
0.135,0.14000000000000007,-0.16000000000000003,True,True,True,True,True,True,True,True,True,-0.013629809021949768,0.0037429033019803597,basket|link_0|link_1|link_2|link_3
0.135,0.12000000000000005,-0.16000000000000003,True,True,True,True,True,True,True,True,True,-0.01570059359073639,0.01254204557755662,basket|link_0|link_1|link_2|link_3
0.135,0.10000000000000003,-0.16000000000000003,True,True,True,True,True,True,True,True,True,-0.013284355401992798,0.009276959115281928,basket|link_0|link_1|link_2|link_3
0.135,0.08000000000000002,-0.16000000000000003,True,True,True,True,True,True,True,True,True,-0.01178944855928421,0.010650066172528198,basket|link_0|link_1|link_2|link_3
0.135,0.06,-0.16000000000000003,True,True,True,True,True,True,True,True,True,-0.011109046638011932,0.006105435765776895,basket|link_0|link_1|link_2|link_3
0.135,0.040000000000000036,-0.16000000000000003,True,True,True,True,True,True,True,True,True,-0.011109046638011932,0.007336740618385695,basket|link_0|link_1|link_2|link_3
0.135,0.020000000000000018,-0.16000000000000003,True,True,True,True,True,True,True,True,True,-0.016967065632343292,0.005921504244908819,basket|link_0|link_1|link_2|link_3
0.135,0.0,-0.16000000000000003,True,True,True,True,True,True,True,True,True,-0.013016872107982635,0.010691825253826419,basket|link_0|link_1|link_2|link_3
0.135,-0.019999999999999962,-0.16000000000000003,True,True,True,True,True,True,True,True,True,-0.01110905408859253,0.005319216913390732,basket|link_0|link_1|link_2|link_3
0.135,-0.03999999999999998,-0.16000000000000003,True,True,True,True,True,True,True,True,True,-0.01110905408859253,0.009906465432447518,basket|link_0|link_1|link_2|link_3
0.135,-0.06,-0.16000000000000003,True,True,True,True,True,True,True,True,True,-0.017093904316425323,0.006526197230981154,basket|link_0|link_1|link_2|link_3
0.135,-0.07999999999999996,-0.16000000000000003,True,True,True,True,True,True,True,True,True,-0.01745445281267166,0.0125402930420298,basket|link_0|link_1|link_2|link_3
0.135,-0.09999999999999998,-0.16000000000000003,True,True,True,True,True,True,True,True,True,-0.017375946044921875,0.006619079965710485,basket|link_0|link_1|link_2|link_3
0.135,-0.12,-0.16000000000000003,True,True,True,True,True,True,True,True,True,-0.01491227000951767,0.007430495120252652,basket|link_0|link_1|link_2|link_3
0.135,-0.13999999999999996,-0.16000000000000003,True,True,True,True,True,True,True,True,True,-0.016886785626411438,0.005735894988264057,basket|link_0|link_1|link_2|link_3
0.135,-0.15999999999999998,-0.16000000000000003,True,True,True,True,True,True,True,True,True,-0.01817219704389572,0.008885777515169448,basket|link_0|link_1|link_2|link_3
0.135,-0.18,-0.16000000000000003,True,True,True,True,True,True,True,True,True,-0.016255676746368408,0.010579708877705988,basket|link_0|link_1|link_2|link_3
0.135,-0.19999999999999998,-0.16000000000000003,True,True,True,True,True,True,True,True,True,-0.02027258276939392,0.0011134473421509968,basket|link_0|link_1|link_2|link_3
0.135,-0.21999999999999997,-0.16000000000000003,True,True,True,True,True,True,True,True,True,-0.01649266481399536,0.009871279354456065,basket|link_0|link_1|link_2|link_3
0.135,-0.24,-0.16000000000000003,True,True,True,True,True,True,True,True,True,-0.015914782881736755,0.004599865134475169,basket|link_0|link_1|link_2|link_3
0.135,-0.26,-0.16000000000000003,True,True,True,True,True,True,True,True,True,-0.015898453071713448,0.02425715804026851,basket|link_0|link_1|link_2|link_3
0.135,-0.27999999999999997,-0.16000000000000003,True,True,True,True,True,True,True,True,True,-0.015801722183823586,0.04043397363160986,basket|link_0|link_1|link_2|link_3
0.135,-0.3,-0.16000000000000003,True,True,True,True,True,True,True,True,True,-0.011022400110960007,0.009587564686032921,basket|link_0|link_1|link_2|link_3
0.135,-0.31999999999999995,-0.16000000000000003,True,True,True,True,True,True,True,True,True,-0.013071060180664062,0.004705166660530703,basket|link_0|link_1|link_2|link_3
0.135,-0.33999999999999997,-0.16000000000000003,False,False,True,False,False,True,False,False,True,0.0066254884004592896,1.4901161193847656e-08,basket|link_0|link_1|link_2|link_3
0.135,-0.36,-0.16000000000000003,False,False,True,False,False,True,False,False,True,,1.4901161193847656e-08,link_1|link_2|link_3
0.135,-0.38,-0.16000000000000003,False,False,True,False,False,True,False,False,True,,1.4901161193847656e-08,link_1|link_2|link_3
0.135,-0.39999999999999997,-0.16000000000000003,False,False,True,False,False,True,False,False,True,,1.4901161193847656e-08,link_1|link_2|link_3
0.135,-0.42,-0.16000000000000003,False,False,True,False,False,True,False,False,True,,1.4901161193847656e-08,link_1|link_2|link_3
0.135,0.42,-0.18000000000000002,False,False,True,False,False,True,False,False,True,,1.4901161193847656e-08,link_1|link_2|link_3
0.135,0.4000000000000001,-0.18000000000000002,False,False,True,False,False,True,False,False,True,,1.4901161193847656e-08,link_1|link_2|link_3
0.135,0.38000000000000006,-0.18000000000000002,False,False,True,False,False,True,False,False,True,,1.4901161193847656e-08,link_1|link_2|link_3
0.135,0.36000000000000004,-0.18000000000000002,False,False,True,False,False,True,False,False,True,,1.4901161193847656e-08,link_1|link_2|link_3
0.135,0.34,-0.18000000000000002,False,False,True,False,False,True,False,False,True,0.008840411901473999,1.4901161193847656e-08,basket|link_0|link_1|link_2|link_3
0.135,0.32,-0.18000000000000002,True,True,True,False,False,True,True,True,True,0.00045393151231110096,1.4901161193847656e-08,basket|link_0|link_1|link_2|link_3
0.135,0.3,-0.18000000000000002,True,True,True,True,True,True,True,True,True,-0.009388391859829426,0.007363927627976559,basket|link_0|link_1|link_2|link_3
0.135,0.2800000000000001,-0.18000000000000002,True,True,True,True,True,True,True,True,True,-0.01097085326910019,0.01497563273061353,basket|link_0|link_1|link_2|link_3
0.135,0.26000000000000006,-0.18000000000000002,True,True,True,True,True,True,True,True,True,-0.011027898639440536,0.01144951433052713,basket|link_0|link_1|link_2|link_3
0.135,0.24000000000000005,-0.18000000000000002,True,True,True,True,True,True,True,True,True,-0.011085166595876217,0.01191794959283993,basket|link_0|link_1|link_2|link_3
0.135,0.22000000000000003,-0.18000000000000002,True,True,True,True,True,True,True,True,True,-0.01110895723104477,0.02707534687080451,basket|link_0|link_1|link_2|link_3
0.135,0.2,-0.18000000000000002,True,True,True,True,True,True,True,True,True,-0.011108964681625366,0.007770499702816118,basket|link_0|link_1|link_2|link_3
0.135,0.18,-0.18000000000000002,True,True,True,True,True,True,True,True,True,-0.011108964681625366,0.012163518348277565,basket|link_0|link_1|link_2|link_3
0.135,0.15999999999999998,-0.18000000000000002,True,True,True,True,True,True,True,True,True,-0.011108964681625366,0.008118531235971735,basket|link_0|link_1|link_2|link_3
0.135,0.14000000000000007,-0.18000000000000002,True,True,True,True,True,True,True,True,True,-0.011108964681625366,0.01303332662755114,basket|link_0|link_1|link_2|link_3
0.135,0.12000000000000005,-0.18000000000000002,True,True,True,True,True,True,True,True,True,-0.012466587126255035,0.013215410214410998,basket|link_0|link_1|link_2|link_3
0.135,0.10000000000000003,-0.18000000000000002,True,True,True,True,True,True,True,True,True,-0.013284310698509216,0.011853217751436955,basket|link_0|link_1|link_2|link_3
0.135,0.08000000000000002,-0.18000000000000002,True,True,True,True,True,True,True,True,True,-0.01178944855928421,0.011617136878670577,basket|link_0|link_1|link_2|link_3
0.135,0.06,-0.18000000000000002,True,True,True,True,True,True,True,True,True,-0.011109046638011932,0.008208488529893995,basket|link_0|link_1|link_2|link_3
0.135,0.040000000000000036,-0.18000000000000002,True,True,True,True,True,True,True,True,True,-0.011109046638011932,0.00966489610806949,basket|link_0|link_1|link_2|link_3
0.135,0.020000000000000018,-0.18000000000000002,True,True,True,True,True,True,True,True,True,-0.011109046638011932,0.010950236801092899,basket|link_0|link_1|link_2|link_3
0.135,0.0,-0.18000000000000002,True,True,True,True,True,True,True,True,True,-0.01110905408859253,0.010089074037860628,basket|link_0|link_1|link_2|link_3
0.135,-0.019999999999999962,-0.18000000000000002,True,True,True,True,True,True,True,True,True,-0.01110905408859253,0.004383723000617303,basket|link_0|link_1|link_2|link_3
0.135,-0.03999999999999998,-0.18000000000000002,True,True,True,True,True,True,True,True,True,-0.01110905408859253,0.01485361687373409,basket|link_0|link_1|link_2|link_3
0.135,-0.06,-0.18000000000000002,True,True,True,True,True,True,True,True,True,-0.019073456525802612,0.010042265281250485,basket|link_0|link_1|link_2|link_3
0.135,-0.07999999999999996,-0.18000000000000002,True,True,True,True,True,True,True,True,True,-0.02162088453769684,0.015278483714801385,basket|link_0|link_1|link_2|link_3
0.135,-0.09999999999999998,-0.18000000000000002,True,True,True,True,True,True,True,True,True,-0.022296130657196045,0.010833751913974156,basket|link_0|link_1|link_2|link_3
0.135,-0.12,-0.18000000000000002,True,True,True,True,True,True,True,True,True,-0.017977535724639893,0.009700014900806363,basket|link_0|link_1|link_2|link_3
0.135,-0.13999999999999996,-0.18000000000000002,True,True,True,True,True,True,True,True,True,-0.01110897958278656,0.004608100145328112,basket|link_0|link_1|link_2|link_3
0.135,-0.15999999999999998,-0.18000000000000002,True,True,True,True,True,True,True,True,True,-0.01110897958278656,0.007239022677437822,basket|link_0|link_1|link_2|link_3
0.135,-0.18,-0.18000000000000002,True,True,True,True,True,True,True,True,True,-0.016255736351013184,0.012676032197557736,basket|link_0|link_1|link_2|link_3
0.135,-0.19999999999999998,-0.18000000000000002,True,True,True,True,True,True,True,True,True,-0.02027258276939392,0.006752058583673518,basket|link_0|link_1|link_2|link_3
0.135,-0.21999999999999997,-0.18000000000000002,True,True,True,True,True,True,True,True,True,-0.01649262011051178,0.025221520043400072,basket|link_0|link_1|link_2|link_3
0.135,-0.24,-0.18000000000000002,True,True,True,True,True,True,True,True,True,-0.011108994483947754,0.0171045901615509,basket|link_0|link_1|link_2|link_3
0.135,-0.26,-0.18000000000000002,True,True,True,True,True,True,True,True,True,-0.011027943342924118,0.027811043599245886,basket|link_0|link_1|link_2|link_3
0.135,-0.27999999999999997,-0.18000000000000002,True,True,True,True,True,True,True,True,True,-0.010897219181060791,0.03390964312047158,basket|link_0|link_1|link_2|link_3
0.135,-0.3,-0.18000000000000002,True,True,True,True,True,True,True,True,True,-0.011022429913282394,0.01931734794726821,basket|link_0|link_1|link_2|link_3
0.135,-0.31999999999999995,-0.18000000000000002,True,True,True,False,True,False,True,True,True,-0.010528020560741425,0.009937863337654356,basket|link_0|link_1|link_2|link_3
0.135,-0.33999999999999997,-0.18000000000000002,False,False,True,False,False,True,False,False,True,0.007397949695587158,1.4901161193847656e-08,basket|link_0|link_1|link_2|link_3
0.135,-0.36,-0.18000000000000002,False,False,True,False,False,True,False,False,True,,1.4901161193847656e-08,link_1|link_2|link_3
0.135,-0.38,-0.18000000000000002,False,False,True,False,False,True,False,False,True,,1.4901161193847656e-08,link_1|link_2|link_3
0.135,-0.39999999999999997,-0.18000000000000002,False,False,True,False,False,True,False,False,True,,1.4901161193847656e-08,link_1|link_2|link_3
0.135,-0.42,-0.18000000000000002,False,False,True,False,False,True,False,False,True,,1.4901161193847656e-08,link_1|link_2|link_3
0.135,0.42,-0.2,False,False,True,False,False,True,False,False,True,,1.4901161193847656e-08,link_1|link_2|link_3
0.135,0.4000000000000001,-0.2,False,False,True,False,False,True,False,False,True,,1.4901161193847656e-08,link_1|link_2|link_3
0.135,0.38000000000000006,-0.2,False,False,True,False,False,True,False,False,True,,1.4901161193847656e-08,link_1|link_2|link_3
0.135,0.36000000000000004,-0.2,False,False,True,False,False,True,False,False,True,,1.4901161193847656e-08,link_1|link_2|link_3
0.135,0.34,-0.2,False,False,True,False,False,True,False,False,True,0.01462486106902361,1.4901161193847656e-08,basket|link_1|link_2|link_3
0.135,0.32,-0.2,True,False,False,True,False,False,True,True,True,0.007703691720962524,1.4901161193847656e-08,basket|link_1|link_2|link_3
0.135,0.3,-0.2,True,True,True,True,True,True,True,True,True,-0.009388362057507038,0.007345218924041608,basket|link_1|link_2|link_3
0.135,0.2800000000000001,-0.2,True,True,True,True,True,True,True,True,True,-0.01097085326910019,0.013112939344197026,basket|link_1|link_2|link_3
0.135,0.26000000000000006,-0.2,True,True,True,True,True,True,True,True,True,-0.011027895845472813,0.009930481605946359,basket|link_1|link_2|link_3
0.135,0.24000000000000005,-0.2,True,True,True,True,True,True,True,True,True,-0.011087113991379738,0.010774175342432192,basket|link_1|link_2|link_3
0.135,0.22000000000000003,-0.2,True,True,True,True,True,True,True,True,True,-0.01110895723104477,0.04793915962132948,basket|link_1|link_2|link_3
0.135,0.2,-0.2,True,True,True,True,True,True,True,True,True,-0.01110895723104477,0.006451146745815765,basket|link_1|link_2|link_3
0.135,0.18,-0.2,True,True,True,True,True,True,True,True,True,-0.01110895723104477,0.011673010924499069,basket|link_1|link_2|link_3
0.135,0.15999999999999998,-0.2,True,True,True,True,True,True,True,True,True,-0.011108964681625366,0.00834505644239763,basket|link_1|link_2|link_3
0.135,0.14000000000000007,-0.2,True,True,True,True,True,True,True,True,True,-0.011108964681625366,0.015349094411457268,basket|link_1|link_2|link_3
0.135,0.12000000000000005,-0.2,True,True,True,True,True,True,True,True,True,-0.012466631829738617,0.012781083619011929,basket|link_1|link_2|link_3
0.135,0.10000000000000003,-0.2,True,True,True,True,True,True,True,True,True,-0.013284355401992798,0.018467850615157575,basket|link_1|link_2|link_3
0.135,0.08000000000000002,-0.2,True,True,True,True,True,True,True,True,True,-0.011789411306381226,0.011637292787498794,basket|link_1|link_2|link_3
0.135,0.06,-0.2,True,True,True,True,True,True,True,True,True,-0.011109046638011932,0.009907295271249277,basket|link_1|link_2|link_3
0.135,0.040000000000000036,-0.2,True,True,True,True,True,True,True,True,True,-0.011109046638011932,0.008826868032846411,basket|link_1|link_2|link_3
0.135,0.020000000000000018,-0.2,True,True,True,True,True,True,True,True,True,-0.011109046638011932,0.011401191717017131,basket|link_1|link_2|link_3
0.135,0.0,-0.2,True,True,True,True,True,True,True,True,True,-0.01110905408859253,0.008916336235995186,basket|link_1|link_2|link_3
0.135,-0.019999999999999962,-0.2,True,True,True,True,True,True,True,True,True,-0.01110905408859253,0.01015334794519485,basket|link_1|link_2|link_3
0.135,-0.03999999999999998,-0.2,True,True,True,True,True,True,True,True,True,-0.01110905408859253,0.021115515365646275,basket|link_1|link_2|link_3
0.135,-0.06,-0.2,True,True,True,True,True,True,True,True,True,-0.017093900591135025,0.015496386376764718,basket|link_1|link_2|link_3
0.135,-0.07999999999999996,-0.2,True,True,True,True,True,True,True,True,True,-0.016216721385717392,0.007112855929613865,basket|link_1|link_2|link_3
0.135,-0.09999999999999998,-0.2,True,True,True,True,True,True,True,True,True,-0.011108994483947754,0.001817924957063823,basket|link_1|link_2|link_3
0.135,-0.12,-0.2,True,True,True,True,True,True,True,True,True,-0.011108994483947754,0.012060631472336636,basket|link_1|link_2|link_3
0.135,-0.13999999999999996,-0.2,True,True,True,True,True,True,True,True,True,-0.011108994483947754,0.012698095632397183,basket|link_1|link_2|link_3
0.135,-0.15999999999999998,-0.2,True,True,True,True,True,True,True,True,True,-0.01110900193452835,0.008315578071314018,basket|link_1|link_2|link_3
0.135,-0.18,-0.2,True,True,True,True,True,True,True,True,True,-0.01625572144985199,0.007924135318557598,basket|link_1|link_2|link_3
0.135,-0.19999999999999998,-0.2,True,True,True,True,True,True,True,True,True,-0.02027258276939392,0.010758236532290397,basket|link_1|link_2|link_3
0.135,-0.21999999999999997,-0.2,True,True,True,True,True,True,False,True,False,-0.01649262011051178,0.008904385127404438,basket|link_1|link_2|link_3
0.135,-0.24,-0.2,True,True,True,True,True,True,False,True,False,-0.01110900193452835,0.0325097956318431,basket|link_1|link_2|link_3
0.135,-0.26,-0.2,True,True,True,True,True,True,False,True,False,-0.01105724461376667,0.009672267744293217,basket|link_1|link_2|link_3
0.135,-0.27999999999999997,-0.2,True,True,True,True,True,True,False,True,False,-0.010994642041623592,0.01780349628237082,basket|link_1|link_2|link_3
0.135,-0.3,-0.2,True,True,True,True,True,True,False,True,False,-0.011022422462701797,0.022927377647261205,basket|link_1|link_2|link_3
0.135,-0.31999999999999995,-0.2,True,True,True,False,False,True,False,True,False,-2.6553869247436523e-05,1.04127668202319e-05,basket|link_1|link_2|link_3
0.135,-0.33999999999999997,-0.2,False,False,True,False,False,True,False,False,True,0.0149613618850708,1.4901161193847656e-08,basket|link_1|link_2|link_3
0.135,-0.36,-0.2,False,False,True,False,False,True,False,False,True,,1.4901161193847656e-08,link_1|link_2|link_3
0.135,-0.38,-0.2,False,False,True,False,False,True,False,False,True,,1.4901161193847656e-08,link_1|link_2|link_3
0.135,-0.39999999999999997,-0.2,False,False,True,False,False,True,False,False,True,,1.4901161193847656e-08,link_1|link_2|link_3
0.135,-0.42,-0.2,False,False,True,False,False,True,False,False,True,,1.4901161193847656e-08,link_1|link_2|link_3
0.135,0.42,-0.22000000000000003,False,False,True,False,False,True,False,False,True,,1.4901161193847656e-08,link_1|link_2|link_3
0.135,0.4000000000000001,-0.22000000000000003,False,False,True,False,False,True,False,False,True,,1.4901161193847656e-08,link_1|link_2|link_3
0.135,0.38000000000000006,-0.22000000000000003,False,False,True,False,False,True,False,False,True,,1.4901161193847656e-08,link_1|link_2|link_3
0.135,0.36000000000000004,-0.22000000000000003,False,False,True,False,False,True,False,False,True,,1.4901161193847656e-08,link_1|link_2|link_3
0.135,0.34,-0.22000000000000003,False,False,True,False,False,True,False,False,True,0.005969151854515076,1.4901161193847656e-08,basket|link_1|link_2|link_3
0.135,0.32,-0.22000000000000003,True,True,True,True,True,True,True,True,True,-0.010114505887031555,0.0115073568763771,basket|link_1|link_2|link_3
0.135,0.3,-0.22000000000000003,True,True,True,True,True,True,True,True,True,-0.009988732635974884,0.013281491068929977,basket|link_1|link_2|link_3
0.135,0.2800000000000001,-0.22000000000000003,True,True,True,True,True,True,True,True,True,-0.01090770959854126,0.01445293711192507,basket|link_1|link_2|link_3
0.135,0.26000000000000006,-0.22000000000000003,True,True,True,True,True,True,True,True,True,-0.011005713604390621,0.009789851203970917,basket|link_1|link_2|link_3
0.135,0.24000000000000005,-0.22000000000000003,True,True,True,True,True,True,True,True,True,-0.016535945236682892,0.02971620265328988,basket|link_1|link_2|link_3
0.135,0.22000000000000003,-0.22000000000000003,True,True,True,True,True,True,True,True,True,-0.01416441798210144,0.016383538117913366,basket|link_1|link_2|link_3
0.135,0.2,-0.22000000000000003,True,True,True,True,True,True,True,True,True,-0.017253801226615906,0.009354838004387007,basket|link_1|link_2|link_3
0.135,0.18,-0.22000000000000003,True,True,True,True,True,True,True,True,True,-0.01640728861093521,0.008841054904638294,basket|link_1|link_2|link_3
0.135,0.15999999999999998,-0.22000000000000003,True,True,True,True,True,True,True,True,True,-0.018206924200057983,0.008143358283875085,basket|link_1|link_2|link_3
0.135,0.14000000000000007,-0.22000000000000003,True,True,True,True,True,True,True,True,True,-0.017248645424842834,0.01517937791697024,basket|link_1|link_2|link_3
0.135,0.12000000000000005,-0.22000000000000003,True,True,True,True,True,True,True,True,True,-0.018216058611869812,0.01179578534439848,basket|link_1|link_2|link_3
0.135,0.10000000000000003,-0.22000000000000003,True,True,True,True,True,True,True,True,True,-0.01594419777393341,0.009762188021955432,basket|link_1|link_2|link_3
0.135,0.08000000000000002,-0.22000000000000003,True,True,True,True,True,True,True,True,True,-0.017921701073646545,0.008228153204933536,basket|link_1|link_2|link_3
0.135,0.06,-0.22000000000000003,True,True,True,True,True,True,True,True,True,-0.018086381256580353,0.00844604438493173,basket|link_1|link_2|link_3
0.135,0.040000000000000036,-0.22000000000000003,True,True,True,True,True,True,True,True,True,-0.014013595879077911,0.008703901863367587,basket|link_1|link_2|link_3
0.135,0.020000000000000018,-0.22000000000000003,True,True,True,True,True,True,True,True,True,-0.011385120451450348,0.010449639219026821,basket|link_1|link_2|link_3
0.135,0.0,-0.22000000000000003,True,True,True,True,True,True,True,True,True,-0.011109039187431335,0.008884754244293537,basket|link_1|link_2|link_3
0.135,-0.019999999999999962,-0.22000000000000003,True,True,True,True,True,True,True,True,True,-0.011109039187431335,0.008494147080496959,basket|link_1|link_2|link_3
0.135,-0.03999999999999998,-0.22000000000000003,True,True,True,True,True,True,True,True,True,-0.011748522520065308,0.012123399290519617,basket|link_1|link_2|link_3
0.135,-0.06,-0.22000000000000003,True,True,True,True,True,True,True,True,True,-0.018049240112304688,0.007437077083948917,basket|link_1|link_2|link_3
0.135,-0.07999999999999996,-0.22000000000000003,True,True,True,True,True,True,True,True,True,-0.01855187863111496,0.015778317818849818,basket|link_1|link_2|link_3
0.135,-0.09999999999999998,-0.22000000000000003,True,True,True,True,True,True,True,True,True,-0.018400810658931732,0.012676360007026103,basket|link_1|link_2|link_3
0.135,-0.12,-0.22000000000000003,True,True,True,True,True,True,True,True,True,-0.021190151572227478,0.010455101349215705,basket|link_1|link_2|link_3
0.135,-0.13999999999999996,-0.22000000000000003,True,True,True,True,True,True,True,True,True,-0.012319177389144897,0.013153670573706314,basket|link_1|link_2|link_3
0.135,-0.15999999999999998,-0.22000000000000003,True,True,True,True,True,True,True,True,True,-0.01110897958278656,0.014724357177590528,basket|link_1|link_2|link_3
0.135,-0.18,-0.22000000000000003,True,True,True,True,True,True,True,True,True,-0.01625572144985199,0.004122068167241959,basket|link_1|link_2|link_3
0.135,-0.19999999999999998,-0.22000000000000003,True,True,True,True,True,True,False,True,False,-0.02064335346221924,0.008022948175173454,basket|link_1|link_2|link_3
0.135,-0.21999999999999997,-0.22000000000000003,True,True,True,True,True,True,False,True,False,-0.02002038061618805,0.013759741414444627,basket|link_1|link_2|link_3
0.135,-0.24,-0.22000000000000003,True,True,True,True,True,True,False,True,False,-0.018877848982810974,0.01730183255421145,basket|link_1|link_2|link_3
0.135,-0.26,-0.22000000000000003,True,True,True,True,True,True,False,True,False,-0.01742871105670929,0.02754686599270801,basket|link_1|link_2|link_3
0.135,-0.27999999999999997,-0.22000000000000003,True,True,True,True,True,True,False,True,False,-0.017063990235328674,0.020062308033364225,basket|link_1|link_2|link_3
0.135,-0.3,-0.22000000000000003,True,True,True,True,True,True,False,True,False,-0.020238012075424194,0.02879755101617034,basket|link_1|link_2|link_3
0.135,-0.31999999999999995,-0.22000000000000003,True,True,True,True,True,True,False,True,False,-0.01342003047466278,0.008870343424289114,basket|link_1|link_2|link_3
0.135,-0.33999999999999997,-0.22000000000000003,False,False,True,False,False,True,False,False,True,0.006579920649528503,1.4901161193847656e-08,basket|link_1|link_2|link_3
0.135,-0.36,-0.22000000000000003,False,False,True,False,False,True,False,False,True,,1.4901161193847656e-08,link_1|link_2|link_3
0.135,-0.38,-0.22000000000000003,False,False,True,False,False,True,False,False,True,,1.4901161193847656e-08,link_1|link_2
0.135,-0.39999999999999997,-0.22000000000000003,False,False,True,False,False,True,False,False,True,,1.4901161193847656e-08,link_1|link_2
0.135,-0.42,-0.22000000000000003,False,False,True,False,False,True,False,False,True,,1.4901161193847656e-08,link_1|link_2
0.135,0.42,-0.24000000000000002,False,False,True,False,False,True,False,False,True,,1.4901161193847656e-08,link_1|link_2
0.135,0.4000000000000001,-0.24000000000000002,False,False,True,False,False,True,False,False,True,,1.4901161193847656e-08,link_1|link_2
0.135,0.38000000000000006,-0.24000000000000002,False,False,True,False,False,True,False,False,True,,1.4901161193847656e-08,link_1|link_2
0.135,0.36000000000000004,-0.24000000000000002,False,False,True,False,False,True,False,False,True,,1.4901161193847656e-08,link_1|link_2
0.135,0.34,-0.24000000000000002,False,False,True,False,False,True,False,False,True,0.005636453628540039,1.4901161193847656e-08,basket|link_1|link_2|link_3
0.135,0.32,-0.24000000000000002,True,True,True,True,True,True,True,True,True,-0.008069819770753384,0.008762405700430667,basket|link_1|link_2|link_3
0.135,0.3,-0.24000000000000002,True,True,True,True,True,True,True,True,True,-0.009384393692016602,0.01438599250910801,basket|link_1|link_2|link_3
0.135,0.2800000000000001,-0.24000000000000002,True,True,True,True,True,True,True,True,True,-0.010907687246799469,0.009687024888062274,basket|link_1|link_2|link_3
0.135,0.26000000000000006,-0.24000000000000002,True,True,True,True,True,True,True,True,True,-0.01498498022556305,0.005140608491515086,basket|link_1|link_2|link_3
0.135,0.24000000000000005,-0.24000000000000002,True,True,True,True,True,True,True,True,True,-0.01696213334798813,0.006246549199943291,basket|link_1|link_2|link_3
0.135,0.22000000000000003,-0.24000000000000002,True,True,True,True,True,True,True,True,True,-0.02019677311182022,0.04173781544858901,basket|link_1|link_2|link_3
0.135,0.2,-0.24000000000000002,True,True,True,True,True,True,True,True,True,-0.03715428709983826,0.023704632659263796,basket|link_1|link_2|link_3
0.135,0.18,-0.24000000000000002,True,True,True,True,True,True,True,True,True,-0.045824140310287476,0.011089751775630416,basket|link_1|link_2|link_3
0.135,0.15999999999999998,-0.24000000000000002,True,True,True,True,True,True,True,True,True,-0.04392161965370178,0.022710257197504902,basket|link_1|link_2|link_3
0.135,0.14000000000000007,-0.24000000000000002,True,True,True,True,True,True,True,True,True,-0.04187525063753128,0.039007372965549354,basket|link_1|link_2|link_3
0.135,0.12000000000000005,-0.24000000000000002,True,True,True,True,True,True,True,True,True,-0.03625034540891647,0.024131466127134432,basket|link_1|link_2|link_3
0.135,0.10000000000000003,-0.24000000000000002,True,True,True,True,True,True,True,True,True,-0.03721515089273453,0.03190232804438542,basket|link_1|link_2|link_3
0.135,0.08000000000000002,-0.24000000000000002,True,True,True,True,True,True,True,True,True,-0.02661146968603134,0.013954283121062363,basket|link_1|link_2|link_3
0.135,0.06,-0.24000000000000002,True,True,True,True,True,True,True,True,True,-0.022267267107963562,0.016192606826159705,basket|link_1|link_2|link_3
0.135,0.040000000000000036,-0.24000000000000002,True,True,True,True,True,True,True,True,True,-0.022267945110797882,0.006059360320811601,basket|link_1|link_2|link_3
0.135,0.020000000000000018,-0.24000000000000002,True,True,True,True,True,True,True,True,True,-0.022268064320087433,0.012427578138708586,basket|link_1|link_2|link_3
0.135,0.0,-0.24000000000000002,True,True,True,True,True,True,True,True,True,-0.022265858948230743,0.020863431048139314,basket|link_1|link_2|link_3
0.135,-0.019999999999999962,-0.24000000000000002,True,True,True,True,True,True,True,True,True,-0.02226712554693222,0.02391224719284718,basket|link_1|link_2|link_3
0.135,-0.03999999999999998,-0.24000000000000002,True,True,True,True,True,True,True,True,True,-0.011809073388576508,0.020130156428643468,basket|link_1|link_2|link_3
0.135,-0.06,-0.24000000000000002,True,True,True,True,True,True,True,True,True,-0.022263191640377045,0.018568221922285286,basket|link_1|link_2|link_3
0.135,-0.07999999999999996,-0.24000000000000002,True,True,True,True,True,True,True,True,True,-0.02644658088684082,0.020463018022409154,basket|link_1|link_2
0.135,-0.09999999999999998,-0.24000000000000002,True,True,True,True,True,True,True,True,True,-0.04606392979621887,0.015048693291925399,basket|link_1|link_2
0.135,-0.12,-0.24000000000000002,True,True,True,True,True,True,True,True,True,-0.03747592866420746,0.005259541453171048,basket|link_1|link_2
0.135,-0.13999999999999996,-0.24000000000000002,True,True,True,True,True,True,True,True,True,-0.02332577109336853,0.01309386280924968,basket|link_1|link_2
0.135,-0.15999999999999998,-0.24000000000000002,True,True,True,True,True,True,True,True,True,-0.019149184226989746,0.014834698118276285,basket|link_1|link_2
0.135,-0.18,-0.24000000000000002,True,True,True,True,True,True,True,True,True,-0.023609519004821777,0.013962827205957333,basket|link_1|link_2
0.135,-0.19999999999999998,-0.24000000000000002,True,True,True,True,True,True,False,True,False,-0.02226269245147705,0.02913262058650797,basket|link_1|link_2
0.135,-0.21999999999999997,-0.24000000000000002,True,True,True,True,True,True,False,True,False,-0.02226247638463974,0.04747348065800871,basket|link_1|link_2
0.135,-0.24,-0.24000000000000002,True,True,True,True,True,True,False,True,False,-0.019929692149162292,0.048502913989558645,basket|link_1|link_2
0.135,-0.26,-0.24000000000000002,True,True,True,True,True,True,False,True,False,-0.02226288616657257,0.04735181735713256,basket|link_1
0.135,-0.27999999999999997,-0.24000000000000002,True,True,True,True,True,True,False,True,False,-0.022262990474700928,0.045100444186192065,basket|link_1
0.135,-0.3,-0.24000000000000002,True,True,True,True,True,True,False,True,False,-0.022262945771217346,0.017096084292066285,basket|link_1|link_2
0.135,-0.31999999999999995,-0.24000000000000002,True,True,True,True,True,True,False,True,False,-0.013417944312095642,0.009499554550909362,basket|link_1|link_2
0.135,-0.33999999999999997,-0.24000000000000002,False,False,True,False,False,True,False,False,True,0.00658164918422699,1.4901161193847656e-08,basket|link_1|link_2
0.135,-0.36,-0.24000000000000002,False,False,True,False,False,True,False,False,True,,1.4901161193847656e-08,link_1|link_2
0.135,-0.38,-0.24000000000000002,False,False,True,False,False,True,False,False,True,,1.4901161193847656e-08,link_1|link_2
0.135,-0.39999999999999997,-0.24000000000000002,False,False,True,False,False,True,False,False,True,,1.4901161193847656e-08,link_1|link_2
0.135,-0.42,-0.24000000000000002,False,False,True,False,False,True,False,False,True,,1.4901161193847656e-08,link_1|link_2
0.135,0.42,-0.26,False,False,True,False,False,True,False,False,True,,1.4901161193847656e-08,link_1|link_2
0.135,0.4000000000000001,-0.26,False,False,True,False,False,True,False,False,True,,1.4901161193847656e-08,link_1|link_2
0.135,0.38000000000000006,-0.26,False,False,True,False,False,True,False,False,True,,1.4901161193847656e-08,link_1|link_2
0.135,0.36000000000000004,-0.26,False,False,True,False,False,True,False,False,True,,1.4901161193847656e-08,link_1|link_2
0.135,0.34,-0.26,False,False,True,False,False,True,False,False,True,0.006384372711181641,1.4901161193847656e-08,basket|link_1|link_2|link_3
0.135,0.32,-0.26,True,True,True,True,True,True,True,True,True,-0.009089432656764984,0.002120078988788626,basket|link_1|link_2|link_3
0.135,0.3,-0.26,True,True,True,True,True,True,True,True,True,-0.010934881865978241,0.007118687563211887,basket|link_3
0.135,0.2800000000000001,-0.26,True,True,True,True,True,True,True,True,True,-0.010536186397075653,0.006274570648418063,basket|link_3
0.135,0.26000000000000006,-0.26,True,True,True,True,True,True,True,True,True,-0.010174751281738281,0.01765879590039201,basket|link_3
0.135,0.24000000000000005,-0.26,True,True,True,True,True,True,True,True,True,-0.01040879637002945,0.012041166427849278,basket|link_3
0.135,0.22000000000000003,-0.26,True,True,True,True,True,True,True,True,True,-0.0064057111740112305,0.011517813743566375,basket|link_3
0.135,0.2,-0.26,True,True,True,True,True,True,True,True,True,-0.006464060395956039,0.01647576439656987,basket|link_1|link_2|link_3
0.135,0.18,-0.26,True,True,True,True,True,True,True,True,True,-0.007720278576016426,0.005214316691670275,basket|link_1|link_2|link_3
0.135,0.15999999999999998,-0.26,True,True,True,True,True,True,True,True,True,-0.009098097681999207,0.01952898285531288,basket|link_1|link_2|link_3
0.135,0.14000000000000007,-0.26,True,True,True,True,True,True,True,True,True,-0.010907784104347229,0.02740907381761053,basket|link_1|link_2|link_3
0.135,0.12000000000000005,-0.26,True,True,True,True,True,True,True,True,True,-0.010985597968101501,0.01990796416507856,basket|link_1|link_2|link_3
0.135,0.10000000000000003,-0.26,True,True,True,True,True,True,True,True,True,-0.011061878874897957,0.024055129354731995,basket|link_1|link_2|link_3
0.135,0.08000000000000002,-0.26,True,True,True,True,True,True,True,True,True,-0.011421047151088715,0.03541508468421631,basket|link_2|link_3
0.135,0.06,-0.26,True,True,True,True,True,True,True,True,True,-0.03100438416004181,0.03773134409566446,basket|link_1|link_2
0.135,0.040000000000000036,-0.26,True,True,True,True,True,True,True,True,True,-0.03415238857269287,0.015391607531897387,basket|link_1|link_2
0.135,0.020000000000000018,-0.26,True,True,True,True,True,True,True,True,True,-0.040426015853881836,0.032162884148889063,basket|link_1|link_2
0.135,0.0,-0.26,True,True,True,True,True,True,True,True,True,-0.03752075135707855,0.032160140421865414,basket|link_1|link_2
0.135,-0.019999999999999962,-0.26,True,True,True,True,True,True,True,True,True,-0.03609378635883331,0.024359727792411575,basket|link_1|link_2
0.135,-0.03999999999999998,-0.26,True,True,True,True,True,True,True,True,True,-0.03689150512218475,0.015654913023118916,basket|link_1|link_2
0.135,-0.06,-0.26,True,True,True,True,True,True,True,True,True,-0.023026973009109497,0.0014531035742225609,basket|link_1|link_2
0.135,-0.07999999999999996,-0.26,True,True,True,True,True,True,False,True,False,-0.026582032442092896,0.02592915171992317,basket|link_1|link_2
0.135,-0.09999999999999998,-0.26,True,True,True,True,True,True,False,True,False,-0.04265645146369934,0.015741974049004823,basket|link_1|link_2
0.135,-0.12,-0.26,True,True,True,True,True,True,False,True,False,-0.03709927201271057,0.014612537615251026,basket|link_1|link_2
0.135,-0.13999999999999996,-0.26,True,True,True,True,True,True,True,True,True,-0.026242896914482117,0.008267794087917685,basket|link_1|link_2
0.135,-0.15999999999999998,-0.26,True,True,True,True,True,True,True,True,True,-0.022047951817512512,0.0200325322429161,basket|link_1|link_2
0.135,-0.18,-0.26,True,True,True,True,True,True,True,True,True,-0.02730579674243927,0.014253427888780895,basket|link_1|link_2
0.135,-0.19999999999999998,-0.26,True,True,True,True,True,True,False,True,False,-0.021372690796852112,0.001121702104803761,basket|link_1|link_2
0.135,-0.21999999999999997,-0.26,True,True,True,True,True,True,False,True,False,-0.018081068992614746,0.038528395185283996,basket|link_1|link_2
0.135,-0.24,-0.26,True,True,True,True,True,True,False,True,False,-0.01726105809211731,0.031951860205688076,basket|link_1|link_2
0.135,-0.26,-0.26,True,True,True,True,True,True,False,True,False,-0.019355319440364838,0.012034348336810847,basket|link_1|link_2
0.135,-0.27999999999999997,-0.26,True,True,True,True,True,True,False,True,False,-0.02226267009973526,0.01962148073692921,basket|link_1|link_2
0.135,-0.3,-0.26,True,True,True,True,True,True,False,True,False,-0.022262759506702423,0.03111193875804636,basket|link_1|link_2
0.135,-0.31999999999999995,-0.26,True,True,True,True,True,True,False,True,False,-0.013418838381767273,0.009253738544879927,basket|link_1|link_2
0.135,-0.33999999999999997,-0.26,False,False,True,False,False,True,False,False,True,0.006581008434295654,1.4901161193847656e-08,basket|link_1|link_2
0.135,-0.36,-0.26,False,False,True,False,False,True,False,False,True,,1.4901161193847656e-08,link_1|link_2
0.135,-0.38,-0.26,False,False,True,False,False,True,False,False,True,,1.4901161193847656e-08,link_1|link_2
0.135,-0.39999999999999997,-0.26,False,False,True,False,False,True,False,False,True,,1.4901161193847656e-08,link_1|link_2
0.135,-0.42,-0.26,False,False,True,False,False,True,False,False,True,,1.4901161193847656e-08,link_1|link_2
0.135,0.42,-0.28,False,False,True,False,False,True,False,False,True,,1.4901161193847656e-08,link_1|link_2
0.135,0.4000000000000001,-0.28,False,False,True,False,False,True,False,False,True,,1.4901161193847656e-08,link_1|link_2
0.135,0.38000000000000006,-0.28,False,False,True,False,False,True,False,False,True,,1.4901161193847656e-08,link_1|link_2
0.135,0.36000000000000004,-0.28,False,False,True,False,False,True,False,False,True,,1.4901161193847656e-08,link_1|link_2
0.135,0.34,-0.28,False,False,True,False,False,True,False,False,True,,1.4901161193847656e-08,link_1|link_2
0.135,0.32,-0.28,False,False,True,False,False,True,True,False,False,,1.4901161193847656e-08,link_1|link_2
0.135,0.3,-0.28,True,False,False,True,False,False,True,False,False,,1.4901161193847656e-08,link_1|link_2
0.135,0.2800000000000001,-0.28,True,False,False,True,False,False,True,False,False,,1.4901161193847656e-08,link_1|link_2
0.135,0.26000000000000006,-0.28,True,False,False,True,False,False,True,False,False,,1.4901161193847656e-08,link_1|link_2
0.135,0.24000000000000005,-0.28,True,False,False,True,False,False,True,False,False,,1.4901161193847656e-08,link_1|link_2
0.135,0.22000000000000003,-0.28,True,False,False,True,False,False,True,False,False,,1.4901161193847656e-08,link_1|link_2
0.135,0.2,-0.28,True,False,False,True,False,False,True,False,False,0.010941565036773682,1.4901161193847656e-08,basket|link_1|link_2
0.135,0.18,-0.28,True,True,True,True,True,True,True,True,True,-0.007558836136013269,0.009808637352255744,basket|link_1|link_2
0.135,0.15999999999999998,-0.28,True,True,True,True,True,True,True,True,True,-0.00466165691614151,0.0031784004379125223,basket|link_1|link_2
0.135,0.14000000000000007,-0.28,True,True,True,True,True,True,True,True,True,-0.011673174798488617,0.007213694824964961,basket|link_1|link_2
0.135,0.12000000000000005,-0.28,True,True,True,True,True,True,True,True,True,-0.010985597968101501,0.00858925308293464,basket|link_1|link_2
0.135,0.10000000000000003,-0.28,True,True,True,True,True,True,True,True,True,-0.011061878874897957,0.00707875055746965,basket|link_1|link_2
0.135,0.08000000000000002,-0.28,True,True,True,True,True,True,True,True,True,-0.011371668428182602,0.03191330048539651,basket|link_1|link_2
0.135,0.06,-0.28,True,True,True,True,True,True,True,True,True,-0.0312906913459301,0.033203636042918955,basket|link_1|link_2
0.135,0.040000000000000036,-0.28,True,True,True,True,True,True,True,True,True,-0.033800333738327026,0.006250442793940804,basket|link_1|link_2
0.135,0.020000000000000018,-0.28,True,True,True,True,True,True,True,True,True,-0.04054935276508331,0.00391707223837622,basket|link_1|link_2
0.135,0.0,-0.28,True,True,True,True,True,True,True,True,True,-0.03567126393318176,0.039953275203812616,basket|link_1|link_2
0.135,-0.019999999999999962,-0.28,True,True,True,True,True,True,True,True,True,-0.03985746204853058,0.04059852700525808,basket|link_1|link_2
0.135,-0.03999999999999998,-0.28,True,True,True,True,True,True,True,True,True,-0.03711888939142227,0.014201780818550088,basket|link_1|link_2
0.135,-0.06,-0.28,True,True,True,True,True,True,True,True,True,-0.029787294566631317,0.00664275871771708,basket|link_1|link_2
0.135,-0.07999999999999996,-0.28,True,True,True,True,True,True,True,True,True,-0.027129724621772766,0.01438237428155184,basket|link_1|link_2
0.135,-0.09999999999999998,-0.28,True,True,True,True,True,True,True,True,True,-0.03545285761356354,0.004675188619544155,basket|link_1|link_2
0.135,-0.12,-0.28,True,True,True,True,True,True,True,True,True,-0.027362562716007233,0.01572820740167863,basket|link_1|link_2
0.135,-0.13999999999999996,-0.28,True,True,True,True,True,True,True,True,True,-0.03469289839267731,0.03550254919783591,basket|link_1|link_2
0.135,-0.15999999999999998,-0.28,True,True,True,True,True,True,True,True,True,-0.03872959315776825,0.036614257546638614,basket|link_1|link_2
0.135,-0.18,-0.28,True,True,True,True,True,True,True,True,True,-0.027228184044361115,0.007777961705300005,basket|link_1|link_2
0.135,-0.19999999999999998,-0.28,True,True,True,True,True,True,False,True,False,-0.019844062626361847,0.014570352543550125,basket|link_1|link_2
0.135,-0.21999999999999997,-0.28,True,True,True,True,True,True,False,True,False,-0.02226782590150833,0.06673366188927891,basket|link_1|link_2
0.135,-0.24,-0.28,True,True,True,True,True,True,False,True,False,-0.02226756513118744,0.0535055179548967,basket|link_1|link_2
0.135,-0.26,-0.28,True,True,True,True,True,True,False,True,False,-0.02226601541042328,0.04571356499464608,basket|link_1|link_2
0.135,-0.27999999999999997,-0.28,True,True,True,True,True,True,False,True,False,-0.018552586436271667,0.028494905471450078,basket|link_1|link_2
0.135,-0.3,-0.28,True,True,True,True,True,True,False,True,False,-0.018197476863861084,0.02192208145178317,basket|link_1|link_2
0.135,-0.31999999999999995,-0.28,True,True,True,True,True,True,False,True,False,-0.013302601873874664,0.001927577226540764,basket|link_1|link_2
0.135,-0.33999999999999997,-0.28,False,False,True,False,False,True,False,False,True,0.00658532977104187,1.4901161193847656e-08,basket|link_1|link_2
0.135,-0.36,-0.28,False,False,True,False,False,True,False,False,True,,1.4901161193847656e-08,link_1|link_2
0.135,-0.38,-0.28,False,False,True,False,False,True,False,False,True,,1.4901161193847656e-08,link_1|link_2
0.135,-0.39999999999999997,-0.28,False,False,True,False,False,True,False,False,True,,1.4901161193847656e-08,link_1|link_2
0.135,-0.42,-0.28,False,False,True,False,False,True,False,False,True,,1.4901161193847656e-08,link_1|link_2
0.135,0.42,-0.30000000000000004,False,False,True,False,False,True,False,False,True,,1.4901161193847656e-08,link_1|link_2
0.135,0.4000000000000001,-0.30000000000000004,False,False,True,False,False,True,False,False,True,,1.4901161193847656e-08,link_1|link_2
0.135,0.38000000000000006,-0.30000000000000004,False,False,True,False,False,True,False,False,True,,1.4901161193847656e-08,link_1|link_2
0.135,0.36000000000000004,-0.30000000000000004,False,False,True,False,False,True,False,False,True,,1.4901161193847656e-08,link_1|link_2
0.135,0.34,-0.30000000000000004,False,False,True,False,False,True,False,False,True,,1.4901161193847656e-08,link_1|link_2
0.135,0.32,-0.30000000000000004,True,False,False,True,False,False,True,False,False,,1.4901161193847656e-08,link_1|link_2
0.135,0.3,-0.30000000000000004,True,False,False,True,False,False,True,False,False,,1.4901161193847656e-08,link_1|link_2
0.135,0.2800000000000001,-0.30000000000000004,True,False,False,True,False,False,True,False,False,,1.4901161193847656e-08,link_1|link_2
0.135,0.26000000000000006,-0.30000000000000004,True,False,False,True,False,False,True,False,False,,1.4901161193847656e-08,link_1|link_2
0.135,0.24000000000000005,-0.30000000000000004,True,False,False,True,False,False,True,False,False,,1.4901161193847656e-08,link_1|link_2
0.135,0.22000000000000003,-0.30000000000000004,True,False,False,True,False,False,True,False,False,,1.4901161193847656e-08,link_1|link_2
0.135,0.2,-0.30000000000000004,True,False,False,True,False,False,True,False,False,0.01094105839729309,1.4901161193847656e-08,basket|link_1|link_2
0.135,0.18,-0.30000000000000004,True,True,True,True,True,True,True,True,True,-0.009058967232704163,0.006517720743281034,basket|link_1|link_2
0.135,0.15999999999999998,-0.30000000000000004,True,True,True,True,True,True,True,True,True,-0.017651326954364777,0.011482186705512895,basket|link_1|link_2
0.135,0.14000000000000007,-0.30000000000000004,True,True,True,True,True,True,True,True,True,-0.0171474888920784,0.006719663771637098,basket|link_1|link_2
0.135,0.12000000000000005,-0.30000000000000004,True,True,True,True,True,True,True,True,True,-0.0171474888920784,0.0059202421137863346,basket|link_1|link_2
0.135,0.10000000000000003,-0.30000000000000004,True,True,True,True,True,True,True,True,True,-0.0171474888920784,0.005871676355246002,basket|link_1|link_2
0.135,0.08000000000000002,-0.30000000000000004,True,True,True,True,True,True,True,True,True,-0.0171474888920784,0.03429299054926143,basket|link_1|link_2
0.135,0.06,-0.30000000000000004,True,True,True,True,True,True,True,True,True,-0.031999245285987854,0.027129869448793947,basket|link_1|link_2
0.135,0.040000000000000036,-0.30000000000000004,True,True,True,True,True,True,True,True,True,-0.04155948758125305,0.03383029015373125,basket|link_1|link_2
0.135,0.020000000000000018,-0.30000000000000004,True,True,True,True,True,True,True,True,True,-0.03459949046373367,0.023301753898353643,basket|link_1|link_2
0.135,0.0,-0.30000000000000004,True,True,True,True,True,True,True,True,True,-0.041744016110897064,0.04297424595598349,basket|link_1|link_2
0.135,-0.019999999999999962,-0.30000000000000004,True,True,True,True,True,True,True,True,True,-0.04198349267244339,0.08072781911330976,basket|link_1|link_2
0.135,-0.03999999999999998,-0.30000000000000004,True,True,True,True,True,True,True,True,True,-0.041130758821964264,0.02661361176013713,basket|link_1|link_2
0.135,-0.06,-0.30000000000000004,True,True,True,True,True,True,True,True,True,-0.030957244336605072,0.017264196000170894,basket|link_1|link_2
0.135,-0.07999999999999996,-0.30000000000000004,True,True,True,True,True,True,True,True,True,-0.018817223608493805,0.017095163318108352,basket|link_1|link_2
0.135,-0.09999999999999998,-0.30000000000000004,True,True,True,True,True,True,True,True,True,-0.017924726009368896,0.052240982167376465,basket|link_1|link_2
0.135,-0.12,-0.30000000000000004,True,True,True,True,True,True,True,True,True,-0.018225468695163727,0.030494574066149176,basket|link_1|link_2
0.135,-0.13999999999999996,-0.30000000000000004,True,True,True,True,True,True,True,True,True,-0.017853647470474243,0.022536149759958726,basket|link_1|link_2
0.135,-0.15999999999999998,-0.30000000000000004,True,True,True,True,True,True,True,True,True,-0.0171474888920784,0.03689326126843356,basket|link_1|link_2
0.135,-0.18,-0.30000000000000004,True,True,True,True,True,True,True,True,True,-0.008110001683235168,0.005790306805787758,basket|link_1|link_2
0.135,-0.19999999999999998,-0.30000000000000004,True,False,False,True,False,False,True,True,True,0.0118899866938591,1.4901161193847656e-08,basket|link_1|link_2
0.135,-0.21999999999999997,-0.30000000000000004,True,False,False,True,False,False,True,True,True,,1.4901161193847656e-08,link_1|link_2
0.135,-0.24,-0.30000000000000004,True,False,False,True,False,False,True,True,True,,1.4901161193847656e-08,link_1|link_2
0.135,-0.26,-0.30000000000000004,True,False,False,True,False,False,True,True,True,,1.4901161193847656e-08,link_1|link_2
0.135,-0.27999999999999997,-0.30000000000000004,True,False,False,True,False,False,True,True,True,,1.4901161193847656e-08,link_1|link_2
0.135,-0.3,-0.30000000000000004,True,False,False,True,False,False,True,True,True,,1.4901161193847656e-08,link_1|link_2
0.135,-0.31999999999999995,-0.30000000000000004,True,False,False,True,False,False,True,True,True,,1.4901161193847656e-08,link_1|link_2
0.135,-0.33999999999999997,-0.30000000000000004,False,False,True,False,False,True,False,False,True,,1.4901161193847656e-08,link_1|link_2
0.135,-0.36,-0.30000000000000004,False,False,True,False,False,True,False,False,True,,1.4901161193847656e-08,link_1|link_2
0.135,-0.38,-0.30000000000000004,False,False,True,False,False,True,False,False,True,,1.4901161193847656e-08,link_1|link_2
0.135,-0.39999999999999997,-0.30000000000000004,False,False,True,False,False,True,False,False,True,,1.4901161193847656e-08,link_1|link_2
0.135,-0.42,-0.30000000000000004,False,False,True,False,False,True,False,False,True,,1.4901161193847656e-08,link_1|link_2
0.135,0.42,-0.32,False,False,True,False,False,True,False,False,True,,1.4901161193847656e-08,link_1|link_2
0.135,0.4000000000000001,-0.32,False,False,True,False,False,True,False,False,True,,1.4901161193847656e-08,link_1|link_2
0.135,0.38000000000000006,-0.32,False,False,True,False,False,True,False,False,True,,1.4901161193847656e-08,link_1|link_2
0.135,0.36000000000000004,-0.32,False,False,True,False,False,True,False,False,True,,1.4901161193847656e-08,link_1|link_2
0.135,0.34,-0.32,False,False,True,False,False,True,False,False,True,,1.4901161193847656e-08,link_1|link_2
0.135,0.32,-0.32,False,False,True,False,False,True,True,False,False,,1.4901161193847656e-08,link_1|link_2
0.135,0.3,-0.32,True,False,False,True,False,False,True,False,False,,1.4901161193847656e-08,link_1|link_2
0.135,0.2800000000000001,-0.32,True,False,False,True,False,False,True,False,False,,1.4901161193847656e-08,link_1|link_2
0.135,0.26000000000000006,-0.32,True,False,False,True,False,False,True,False,False,,1.4901161193847656e-08,link_1|link_2
0.135,0.24000000000000005,-0.32,True,False,False,False,False,True,True,False,False,,1.4901161193847656e-08,link_1|link_2
0.135,0.22000000000000003,-0.32,False,False,True,False,False,True,True,False,False,,1.4901161193847656e-08,link_1|link_2
0.135,0.2,-0.32,True,False,False,True,False,False,True,False,False,0.010936513543128967,1.4901161193847656e-08,basket|link_1|link_2
0.135,0.18,-0.32,True,True,True,True,True,True,True,True,True,-0.00520431250333786,0.009706760355841547,basket|link_1|link_2
0.135,0.15999999999999998,-0.32,True,True,True,True,True,True,True,True,True,-0.00904335081577301,0.0029815050657380398,basket|link_1|link_2
0.135,0.14000000000000007,-0.32,True,True,True,True,True,True,True,True,True,-0.008408419787883759,0.011071254833960719,basket|link_1|link_2
0.135,0.12000000000000005,-0.32,True,True,True,True,True,True,True,True,True,-0.010985597968101501,0.010729325195510519,basket|link_1|link_2
0.135,0.10000000000000003,-0.32,True,True,True,True,True,True,True,True,True,-0.0122001264244318,0.009931497515466627,basket|link_1|link_2
0.135,0.08000000000000002,-0.32,True,True,True,False,True,False,True,True,True,-0.020300671458244324,0.016971953510943792,basket|link_1|link_2
0.135,0.06,-0.32,True,True,True,False,True,False,True,True,True,-0.016311340034008026,0.02179662003478088,basket|link_1|link_2
0.135,0.040000000000000036,-0.32,True,True,True,True,True,True,True,True,True,-0.017269231379032135,0.014057468017271969,basket|link_1|link_2
0.135,0.020000000000000018,-0.32,True,True,True,True,True,True,True,True,True,-0.01830866187810898,0.037061425279430814,basket|link_1|link_2
0.135,0.0,-0.32,True,True,True,True,True,True,True,True,True,-0.018867336213588715,0.029472455491028397,basket|link_1|link_2
0.135,-0.019999999999999962,-0.32,True,True,True,True,True,True,True,True,True,-0.018995478749275208,0.03365197217352623,basket|link_1|link_2
0.135,-0.03999999999999998,-0.32,True,True,True,True,True,True,True,True,True,-0.019154131412506104,0.02327889679108382,basket|link_1|link_2
0.135,-0.06,-0.32,True,True,True,True,True,True,True,True,True,-0.019887298345565796,0.01919481674062097,basket|link_1|link_2
0.135,-0.07999999999999996,-0.32,True,True,True,True,True,True,True,True,True,-0.014061607420444489,0.0169780249493116,basket|link_1|link_2
0.135,-0.09999999999999998,-0.32,True,True,True,True,True,True,True,True,True,-0.011099060997366905,0.023248243885514205,basket|link_1|link_2
0.135,-0.12,-0.32,True,True,True,True,True,True,True,True,True,-0.012644723057746887,0.014713446003848454,basket|link_1|link_2
0.135,-0.13999999999999996,-0.32,True,True,True,True,True,True,True,True,True,-0.018397793173789978,0.005976338549483999,basket|link_1|link_2
0.135,-0.15999999999999998,-0.32,True,True,True,True,True,True,True,True,True,-0.01803009957075119,0.023103089466563375,basket|link_1|link_2
0.135,-0.18,-0.32,True,True,True,True,True,True,True,True,True,-0.008111059665679932,0.005016729883295677,basket|link_1|link_2
0.135,-0.19999999999999998,-0.32,True,False,False,True,False,False,True,True,True,0.011888884007930756,1.4901161193847656e-08,basket|link_1|link_2
0.135,-0.21999999999999997,-0.32,True,False,False,False,False,True,True,True,True,,1.4901161193847656e-08,link_1|link_2
0.135,-0.24,-0.32,True,False,False,False,False,True,True,True,True,,1.4901161193847656e-08,link_1|link_2
0.135,-0.26,-0.32,True,False,False,False,False,True,True,True,True,,1.4901161193847656e-08,link_1|link_2
0.135,-0.27999999999999997,-0.32,True,False,False,False,False,True,True,True,True,,1.4901161193847656e-08,link_1|link_2
0.135,-0.3,-0.32,True,False,False,False,False,True,True,True,True,,1.4901161193847656e-08,link_1|link_2
0.135,-0.31999999999999995,-0.32,True,False,False,False,False,True,True,True,True,,1.4901161193847656e-08,link_1|link_2
0.135,-0.33999999999999997,-0.32,False,False,True,False,False,True,False,False,True,,1.4901161193847656e-08,link_1|link_2
0.135,-0.36,-0.32,False,False,True,False,False,True,False,False,True,,1.4901161193847656e-08,link_1|link_2
0.135,-0.38,-0.32,False,False,True,False,False,True,False,False,True,,1.4901161193847656e-08,link_1|link_2
0.135,-0.39999999999999997,-0.32,False,False,True,False,False,True,False,False,True,,1.4901161193847656e-08,link_1|link_2
0.135,-0.42,-0.32,False,False,True,False,False,True,False,False,True,,1.4901161193847656e-08,link_1|link_2
0.135,0.42,-0.34,False,False,True,False,False,True,False,False,True,,1.4901161193847656e-08,link_1|link_2
0.135,0.4000000000000001,-0.34,False,False,True,False,False,True,False,False,True,,1.4901161193847656e-08,link_1|link_2
0.135,0.38000000000000006,-0.34,False,False,True,False,False,True,False,False,True,,1.4901161193847656e-08,link_1|link_2
0.135,0.36000000000000004,-0.34,False,False,True,False,False,True,False,False,True,,1.4901161193847656e-08,link_1|link_2
0.135,0.34,-0.34,False,False,True,False,False,True,False,False,True,,1.4901161193847656e-08,link_1|link_2
0.135,0.32,-0.34,False,False,True,False,False,True,False,False,True,,1.4901161193847656e-08,link_1|link_2
0.135,0.3,-0.34,False,False,True,False,False,True,False,False,True,,1.4901161193847656e-08,link_1|link_2
0.135,0.2800000000000001,-0.34,False,False,True,False,False,True,False,False,True,,1.4901161193847656e-08,link_1|link_2
0.135,0.26000000000000006,-0.34,False,False,True,False,False,True,False,False,True,,1.4901161193847656e-08,link_1|link_2
0.135,0.24000000000000005,-0.34,False,False,True,False,False,True,False,False,True,,1.4901161193847656e-08,link_1|link_2
0.135,0.22000000000000003,-0.34,False,False,True,False,False,True,False,False,True,,1.4901161193847656e-08,link_1|link_2
0.135,0.2,-0.34,False,False,True,False,False,True,False,False,True,,1.4901161193847656e-08,link_1|link_2
0.135,0.18,-0.34,False,False,True,False,False,True,False,False,True,,1.4901161193847656e-08,link_1|link_2
0.135,0.15999999999999998,-0.34,False,False,True,False,False,True,False,False,True,,1.4901161193847656e-08,link_1|link_2
0.135,0.14000000000000007,-0.34,False,False,True,False,False,True,False,False,True,,1.4901161193847656e-08,link_1|link_2
0.135,0.12000000000000005,-0.34,False,False,True,False,False,True,False,False,True,,1.4901161193847656e-08,link_1|link_2
0.135,0.10000000000000003,-0.34,False,False,True,False,False,True,False,False,True,,1.4901161193847656e-08,link_1|link_2
0.135,0.08000000000000002,-0.34,False,False,True,False,False,True,False,False,True,,1.4901161193847656e-08,link_1|link_2
0.135,0.06,-0.34,False,False,True,False,False,True,False,False,True,,1.4901161193847656e-08,link_1|link_2
0.135,0.040000000000000036,-0.34,False,False,True,False,False,True,False,False,True,,1.4901161193847656e-08,link_1|link_2
0.135,0.020000000000000018,-0.34,False,False,True,False,False,True,False,False,True,,1.4901161193847656e-08,link_1|link_2
0.135,0.0,-0.34,False,False,True,False,False,True,False,False,True,,1.4901161193847656e-08,link_1|link_2
0.135,-0.019999999999999962,-0.34,False,False,True,False,False,True,False,False,True,,1.4901161193847656e-08,link_1|link_2
0.135,-0.03999999999999998,-0.34,False,False,True,False,False,True,False,False,True,,1.4901161193847656e-08,link_1|link_2
0.135,-0.06,-0.34,False,False,True,False,False,True,False,False,True,,1.4901161193847656e-08,link_1|link_2
0.135,-0.07999999999999996,-0.34,False,False,True,False,False,True,False,False,True,,1.4901161193847656e-08,link_1|link_2
0.135,-0.09999999999999998,-0.34,False,False,True,False,False,True,False,False,True,,1.490127488014328e-08,link_1|link_2
0.135,-0.12,-0.34,False,False,True,False,False,True,False,False,True,,1.4901161193847656e-08,link_1|link_2
0.135,-0.13999999999999996,-0.34,False,False,True,False,False,True,False,False,True,,1.4901161193847656e-08,link_1|link_2
0.135,-0.15999999999999998,-0.34,False,False,True,False,False,True,False,False,True,,1.4901161193847656e-08,link_1|link_2
0.135,-0.18,-0.34,False,False,True,False,False,True,False,False,True,,1.4901161193847656e-08,link_1|link_2
0.135,-0.19999999999999998,-0.34,False,False,True,False,False,True,False,False,True,,1.4901161193847656e-08,link_1|link_2
0.135,-0.21999999999999997,-0.34,False,False,True,False,False,True,False,False,True,,1.4901161193847656e-08,link_1|link_2
0.135,-0.24,-0.34,False,False,True,False,False,True,False,False,True,,1.4901161193847656e-08,link_1|link_2
0.135,-0.26,-0.34,False,False,True,False,False,True,False,False,True,,1.4901161193847656e-08,link_1|link_2
0.135,-0.27999999999999997,-0.34,False,False,True,False,False,True,False,False,True,,1.4901161193847656e-08,link_1|link_2
0.135,-0.3,-0.34,False,False,True,False,False,True,False,False,True,,1.4901161193847656e-08,link_1|link_2
0.135,-0.31999999999999995,-0.34,False,False,True,False,False,True,False,False,True,,1.4901161193847656e-08,link_1|link_2
0.135,-0.33999999999999997,-0.34,False,False,True,False,False,True,False,False,True,,1.4901161193847656e-08,link_1|link_2
0.135,-0.36,-0.34,False,False,True,False,False,True,False,False,True,,1.4901161193847656e-08,link_1|link_2
0.135,-0.38,-0.34,False,False,True,False,False,True,False,False,True,,1.4901161193847656e-08,link_1|link_2
0.135,-0.39999999999999997,-0.34,False,False,True,False,False,True,False,False,True,,1.4901161193847656e-08,link_1|link_2
0.135,-0.42,-0.34,False,False,True,False,False,True,False,False,True,,1.4901161193847656e-08,link_1|link_2
0.0675,0.42,0.34,False,False,True,False,False,True,False,False,True,,2.9802322387695312e-08,link_1|link_2|link_3
0.0675,0.4000000000000001,0.34,False,False,True,False,False,True,False,False,True,,2.9802322387695312e-08,link_1|link_2|link_3
0.0675,0.38000000000000006,0.34,False,False,True,False,False,True,False,False,True,,2.9802322387695312e-08,link_1|link_2|link_3
0.0675,0.36000000000000004,0.34,False,False,True,False,False,True,False,False,True,,2.9802322387695312e-08,link_1|link_2|link_3
0.0675,0.34,0.34,False,False,True,False,False,True,False,False,True,,2.9802322387695312e-08,link_1|link_2|link_3
0.0675,0.32,0.34,False,False,True,False,False,True,False,False,True,,2.9802322387695312e-08,link_1|link_2|link_3
0.0675,0.3,0.34,False,False,True,False,False,True,False,False,True,,2.9802322387695312e-08,link_1|link_2|link_3
0.0675,0.2800000000000001,0.34,False,False,True,False,False,True,False,False,True,,2.9802322387695312e-08,link_1|link_2|link_3
0.0675,0.26000000000000006,0.34,False,False,True,False,False,True,False,False,True,,2.9802322387695312e-08,link_1|link_2|link_3
0.0675,0.24000000000000005,0.34,False,False,True,False,False,True,False,False,True,,2.9802322387695312e-08,link_1|link_2|link_3
0.0675,0.22000000000000003,0.34,False,False,True,False,False,True,False,False,True,,2.9802322387695312e-08,link_1|link_2|link_3
0.0675,0.2,0.34,False,False,True,False,False,True,False,False,True,,2.9802322387695312e-08,link_1|link_2|link_3
0.0675,0.18,0.34,False,False,True,False,False,True,False,False,True,,2.9802322387695312e-08,link_1|link_2|link_3
0.0675,0.15999999999999998,0.34,False,False,True,False,False,True,False,False,True,,2.9802322387695312e-08,link_1|link_2|link_3
0.0675,0.14000000000000007,0.34,False,False,True,False,False,True,False,False,True,,2.9802322387695312e-08,link_1|link_2|link_3
0.0675,0.12000000000000005,0.34,False,False,True,False,False,True,False,False,True,,2.9802322387695312e-08,link_1|link_2|link_3
0.0675,0.10000000000000003,0.34,False,False,True,False,False,True,False,False,True,,2.9802322387695312e-08,link_1|link_2|link_3
0.0675,0.08000000000000002,0.34,False,False,True,False,False,True,False,False,True,,2.9802322387695312e-08,link_1|link_2|link_3
0.0675,0.06,0.34,False,False,True,False,False,True,False,False,True,,2.9802322387695312e-08,link_1|link_2|link_3
0.0675,0.040000000000000036,0.34,False,False,True,False,False,True,False,False,True,,2.9802322387695312e-08,link_1|link_2|link_3
0.0675,0.020000000000000018,0.34,False,False,True,False,False,True,False,False,True,,2.9802322387695312e-08,link_1|link_2|link_3
0.0675,0.0,0.34,False,False,True,False,False,True,False,False,True,,2.9802322387695312e-08,link_1|link_2|link_3
0.0675,-0.019999999999999962,0.34,False,False,True,False,False,True,False,False,True,,2.9802322387695312e-08,link_1|link_2|link_3
0.0675,-0.03999999999999998,0.34,False,False,True,False,False,True,False,False,True,,2.9802322387695312e-08,link_1|link_2|link_3
0.0675,-0.06,0.34,False,False,True,False,False,True,False,False,True,,2.9802322387695312e-08,link_1|link_2|link_3
0.0675,-0.07999999999999996,0.34,False,False,True,False,False,True,False,False,True,,2.9802322387695312e-08,link_1|link_2|link_3
0.0675,-0.09999999999999998,0.34,False,False,True,False,False,True,False,False,True,,2.980237923100575e-08,link_1|link_2|link_3
0.0675,-0.12,0.34,False,False,True,False,False,True,False,False,True,,2.9802322387695312e-08,link_1|link_2|link_3
0.0675,-0.13999999999999996,0.34,False,False,True,False,False,True,False,False,True,,2.9802322387695312e-08,link_1|link_2|link_3
0.0675,-0.15999999999999998,0.34,False,False,True,False,False,True,False,False,True,,2.9802322387695312e-08,link_1|link_2|link_3
0.0675,-0.18,0.34,False,False,True,False,False,True,False,False,True,,2.9802322387695312e-08,link_1|link_2|link_3
0.0675,-0.19999999999999998,0.34,False,False,True,False,False,True,False,False,True,,2.9802322387695312e-08,link_1|link_2|link_3
0.0675,-0.21999999999999997,0.34,False,False,True,False,False,True,False,False,True,,2.9802322387695312e-08,link_1|link_2|link_3
0.0675,-0.24,0.34,False,False,True,False,False,True,False,False,True,,2.9802322387695312e-08,link_1|link_2|link_3
0.0675,-0.26,0.34,False,False,True,False,False,True,False,False,True,,2.9802322387695312e-08,link_1|link_2|link_3
0.0675,-0.27999999999999997,0.34,False,False,True,False,False,True,False,False,True,,2.9802322387695312e-08,link_1|link_2|link_3
0.0675,-0.3,0.34,False,False,True,False,False,True,False,False,True,,2.9802322387695312e-08,link_1|link_2|link_3
0.0675,-0.31999999999999995,0.34,False,False,True,False,False,True,False,False,True,,2.9802322387695312e-08,link_1|link_2|link_3
0.0675,-0.33999999999999997,0.34,False,False,True,False,False,True,False,False,True,,2.9802322387695312e-08,link_1|link_2|link_3
0.0675,-0.36,0.34,False,False,True,False,False,True,False,False,True,,2.9802322387695312e-08,link_1|link_2|link_3
0.0675,-0.38,0.34,False,False,True,False,False,True,False,False,True,,2.9802322387695312e-08,link_1|link_2|link_3
0.0675,-0.39999999999999997,0.34,False,False,True,False,False,True,False,False,True,,2.9802322387695312e-08,link_1|link_2|link_3
0.0675,-0.42,0.34,False,False,True,False,False,True,False,False,True,,2.9802322387695312e-08,link_1|link_2|link_3
0.0675,0.42,0.32,False,False,True,False,False,True,False,False,True,,2.9802322387695312e-08,link_1|link_2|link_3
0.0675,0.4000000000000001,0.32,False,False,True,False,False,True,False,False,True,,2.9802322387695312e-08,link_1|link_2|link_3
0.0675,0.38000000000000006,0.32,False,False,True,False,False,True,False,False,True,,2.9802322387695312e-08,link_1|link_2|link_3
0.0675,0.36000000000000004,0.32,False,False,True,False,False,True,False,False,True,,2.9802322387695312e-08,link_1|link_2|link_3
0.0675,0.34,0.32,False,False,True,False,False,True,False,False,True,,2.9802322387695312e-08,link_1|link_2|link_3
0.0675,0.32,0.32,False,False,True,False,False,True,False,False,True,,2.9802322387695312e-08,link_1|link_2|link_3
0.0675,0.3,0.32,False,False,True,False,False,True,False,False,True,,2.9802322387695312e-08,link_1|link_2|link_3
0.0675,0.2800000000000001,0.32,False,False,True,False,False,True,False,False,True,,2.9802322387695312e-08,link_1|link_2|link_3
0.0675,0.26000000000000006,0.32,False,False,True,False,False,True,False,False,True,,2.9802322387695312e-08,link_1|link_2|link_3
0.0675,0.24000000000000005,0.32,False,False,True,False,False,True,False,False,True,,2.9802322387695312e-08,link_1|link_2|link_3
0.0675,0.22000000000000003,0.32,False,False,True,False,False,True,False,False,True,,2.9802322387695312e-08,link_1|link_2|link_3
0.0675,0.2,0.32,False,False,True,False,False,True,False,False,True,,2.9802322387695312e-08,link_1|link_2|link_3
0.0675,0.18,0.32,False,False,True,False,False,True,False,False,True,,2.9802322387695312e-08,link_1|link_2|link_3
0.0675,0.15999999999999998,0.32,False,False,True,False,False,True,False,False,True,,2.9802322387695312e-08,link_1|link_2|link_3
0.0675,0.14000000000000007,0.32,False,False,True,False,False,True,False,False,True,,2.9802322387695312e-08,link_1|link_2|link_3
0.0675,0.12000000000000005,0.32,False,False,True,False,False,True,False,False,True,,2.9802322387695312e-08,link_1|link_2|link_3
0.0675,0.10000000000000003,0.32,False,False,True,False,False,True,False,False,True,,2.9802322387695312e-08,link_1|link_2|link_3
0.0675,0.08000000000000002,0.32,False,False,True,False,False,True,False,False,True,,2.9802322387695312e-08,link_1|link_2|link_3
0.0675,0.06,0.32,False,False,True,False,False,True,False,False,True,,2.9802322387695312e-08,link_1|link_2|link_3
0.0675,0.040000000000000036,0.32,False,False,True,False,False,True,False,False,True,,2.9802322387695312e-08,link_1|link_2|link_3
0.0675,0.020000000000000018,0.32,False,False,True,False,False,True,False,False,True,,2.9802322387695312e-08,link_1|link_2|link_3
0.0675,0.0,0.32,False,False,True,False,False,True,False,False,True,,2.9802322387695312e-08,link_1|link_2|link_3
0.0675,-0.019999999999999962,0.32,False,False,True,False,False,True,False,False,True,,2.9802322387695312e-08,link_1|link_2|link_3
0.0675,-0.03999999999999998,0.32,False,False,True,False,False,True,False,False,True,,2.9802322387695312e-08,link_1|link_2|link_3
0.0675,-0.06,0.32,False,False,True,False,False,True,False,False,True,,2.9802322387695312e-08,link_1|link_2|link_3
0.0675,-0.07999999999999996,0.32,False,False,True,False,False,True,False,False,True,,2.9802322387695312e-08,link_1|link_2|link_3
0.0675,-0.09999999999999998,0.32,False,False,True,False,False,True,False,False,True,,2.980237923100575e-08,link_1|link_2|link_3
0.0675,-0.12,0.32,False,False,True,False,False,True,False,False,True,,2.9802322387695312e-08,link_1|link_2|link_3
0.0675,-0.13999999999999996,0.32,False,False,True,False,False,True,False,False,True,,2.9802322387695312e-08,link_1|link_2|link_3
0.0675,-0.15999999999999998,0.32,False,False,True,False,False,True,False,False,True,,2.9802322387695312e-08,link_1|link_2|link_3
0.0675,-0.18,0.32,False,False,True,False,False,True,False,False,True,,2.9802322387695312e-08,link_1|link_2|link_3
0.0675,-0.19999999999999998,0.32,False,False,True,False,False,True,False,False,True,,2.9802322387695312e-08,link_1|link_2|link_3
0.0675,-0.21999999999999997,0.32,False,False,True,False,False,True,False,False,True,,2.9802322387695312e-08,link_1|link_2|link_3
0.0675,-0.24,0.32,False,False,True,False,False,True,False,False,True,,2.9802322387695312e-08,link_1|link_2|link_3
0.0675,-0.26,0.32,False,False,True,False,False,True,False,False,True,,2.9802322387695312e-08,link_1|link_2|link_3
0.0675,-0.27999999999999997,0.32,False,False,True,False,False,True,False,False,True,,2.9802322387695312e-08,link_1|link_2|link_3
0.0675,-0.3,0.32,False,False,True,False,False,True,False,False,True,,2.9802322387695312e-08,link_1|link_2|link_3
0.0675,-0.31999999999999995,0.32,False,False,True,False,False,True,False,False,True,,2.9802322387695312e-08,link_1|link_2|link_3
0.0675,-0.33999999999999997,0.32,False,False,True,False,False,True,False,False,True,,2.9802322387695312e-08,link_1|link_2|link_3
0.0675,-0.36,0.32,False,False,True,False,False,True,False,False,True,,2.9802322387695312e-08,link_1|link_2|link_3
0.0675,-0.38,0.32,False,False,True,False,False,True,False,False,True,,2.9802322387695312e-08,link_1|link_2|link_3
0.0675,-0.39999999999999997,0.32,False,False,True,False,False,True,False,False,True,,2.9802322387695312e-08,link_1|link_2|link_3
0.0675,-0.42,0.32,False,False,True,False,False,True,False,False,True,,2.9802322387695312e-08,link_1|link_2|link_3
0.0675,0.42,0.3,False,False,True,False,False,True,False,False,True,,2.9802322387695312e-08,link_1|link_2|link_3
0.0675,0.4000000000000001,0.3,False,False,True,False,False,True,False,False,True,,2.9802322387695312e-08,link_1|link_2|link_3
0.0675,0.38000000000000006,0.3,False,False,True,False,False,True,False,False,True,,2.9802322387695312e-08,link_1|link_2|link_3
0.0675,0.36000000000000004,0.3,False,False,True,False,False,True,False,False,True,,2.9802322387695312e-08,link_1|link_2|link_3
0.0675,0.34,0.3,False,False,True,False,False,True,False,False,True,,2.9802322387695312e-08,link_1|link_2|link_3
0.0675,0.32,0.3,False,False,True,False,False,True,False,False,True,,2.9802322387695312e-08,link_1|link_2|link_3
0.0675,0.3,0.3,False,False,True,False,False,True,False,False,True,,2.9802322387695312e-08,link_1|link_2|link_3
0.0675,0.2800000000000001,0.3,False,False,True,False,False,True,False,False,True,,2.9802322387695312e-08,link_1|link_2|link_3
0.0675,0.26000000000000006,0.3,False,False,True,False,False,True,False,False,True,,2.9802322387695312e-08,link_1|link_2|link_3
0.0675,0.24000000000000005,0.3,False,False,True,False,False,True,False,False,True,,2.9802322387695312e-08,link_1|link_2|link_3
0.0675,0.22000000000000003,0.3,False,False,True,False,False,True,False,False,True,,2.9802322387695312e-08,link_1|link_2|link_3
0.0675,0.2,0.3,False,False,True,False,False,True,False,False,True,,2.9802322387695312e-08,link_1|link_2|link_3
0.0675,0.18,0.3,False,False,True,False,False,True,False,False,True,,2.9802322387695312e-08,link_1|link_2|link_3
0.0675,0.15999999999999998,0.3,False,False,True,False,False,True,False,False,True,,2.9802322387695312e-08,link_1|link_2|link_3
0.0675,0.14000000000000007,0.3,False,False,True,False,False,True,False,False,True,,2.9802322387695312e-08,link_1|link_2|link_3
0.0675,0.12000000000000005,0.3,False,False,True,False,False,True,False,False,True,,2.9802322387695312e-08,link_1|link_2|link_3
0.0675,0.10000000000000003,0.3,False,False,True,False,False,True,False,False,True,,2.9802322387695312e-08,link_1|link_2|link_3
0.0675,0.08000000000000002,0.3,False,False,True,False,False,True,False,False,True,,2.9802322387695312e-08,link_1|link_2|link_3
0.0675,0.06,0.3,False,False,True,False,False,True,False,False,True,,2.9802322387695312e-08,link_1|link_2|link_3
0.0675,0.040000000000000036,0.3,False,False,True,False,False,True,False,False,True,,2.9802322387695312e-08,link_1|link_2|link_3
0.0675,0.020000000000000018,0.3,False,False,True,False,False,True,False,False,True,,2.9802322387695312e-08,link_1|link_2|link_3
0.0675,0.0,0.3,False,False,True,False,False,True,False,False,True,,2.9802322387695312e-08,link_1|link_2|link_3
0.0675,-0.019999999999999962,0.3,False,False,True,False,False,True,False,False,True,,2.9802322387695312e-08,link_1|link_2|link_3
0.0675,-0.03999999999999998,0.3,False,False,True,False,False,True,False,False,True,,2.9802322387695312e-08,link_1|link_2|link_3
0.0675,-0.06,0.3,False,False,True,False,False,True,False,False,True,,2.9802322387695312e-08,link_1|link_2|link_3
0.0675,-0.07999999999999996,0.3,False,False,True,False,False,True,False,False,True,,2.9802322387695312e-08,link_1|link_2|link_3
0.0675,-0.09999999999999998,0.3,False,False,True,False,False,True,False,False,True,,2.980237923100575e-08,link_1|link_2|link_3
0.0675,-0.12,0.3,False,False,True,False,False,True,False,False,True,,2.9802322387695312e-08,link_1|link_2|link_3
0.0675,-0.13999999999999996,0.3,False,False,True,False,False,True,False,False,True,,2.9802322387695312e-08,link_1|link_2|link_3
0.0675,-0.15999999999999998,0.3,False,False,True,False,False,True,False,False,True,,2.9802322387695312e-08,link_1|link_2|link_3
0.0675,-0.18,0.3,False,False,True,False,False,True,False,False,True,,2.9802322387695312e-08,link_1|link_2|link_3
0.0675,-0.19999999999999998,0.3,False,False,True,False,False,True,False,False,True,,2.9802322387695312e-08,link_1|link_2|link_3
0.0675,-0.21999999999999997,0.3,False,False,True,False,False,True,False,False,True,,2.9802322387695312e-08,link_1|link_2|link_3
0.0675,-0.24,0.3,False,False,True,False,False,True,False,False,True,,2.9802322387695312e-08,link_1|link_2|link_3
0.0675,-0.26,0.3,False,False,True,False,False,True,False,False,True,,2.9802322387695312e-08,link_1|link_2|link_3
0.0675,-0.27999999999999997,0.3,False,False,True,False,False,True,False,False,True,,2.9802322387695312e-08,link_1|link_2|link_3
0.0675,-0.3,0.3,False,False,True,False,False,True,False,False,True,,2.9802322387695312e-08,link_1|link_2|link_3
0.0675,-0.31999999999999995,0.3,False,False,True,False,False,True,False,False,True,,2.9802322387695312e-08,link_1|link_2|link_3
0.0675,-0.33999999999999997,0.3,False,False,True,False,False,True,False,False,True,,2.9802322387695312e-08,link_1|link_2|link_3
0.0675,-0.36,0.3,False,False,True,False,False,True,False,False,True,,2.9802322387695312e-08,link_1|link_2|link_3
0.0675,-0.38,0.3,False,False,True,False,False,True,False,False,True,,2.9802322387695312e-08,link_1|link_2|link_3
0.0675,-0.39999999999999997,0.3,False,False,True,False,False,True,False,False,True,,2.9802322387695312e-08,link_1|link_2|link_3
0.0675,-0.42,0.3,False,False,True,False,False,True,False,False,True,,2.9802322387695312e-08,link_1|link_2|link_3
0.0675,0.42,0.27999999999999997,False,False,True,False,False,True,False,False,True,,2.9802322387695312e-08,link_1|link_2|link_3
0.0675,0.4000000000000001,0.27999999999999997,False,False,True,False,False,True,False,False,True,,2.9802322387695312e-08,link_1|link_2|link_3
0.0675,0.38000000000000006,0.27999999999999997,False,False,True,False,False,True,False,False,True,,2.9802322387695312e-08,link_1|link_2|link_3
0.0675,0.36000000000000004,0.27999999999999997,False,False,True,False,False,True,False,False,True,,2.9802322387695312e-08,link_1|link_2|link_3
0.0675,0.34,0.27999999999999997,False,False,True,False,False,True,False,False,True,,2.9802322387695312e-08,link_1|link_2|link_3
0.0675,0.32,0.27999999999999997,False,False,True,False,False,True,False,False,True,,2.9802322387695312e-08,link_1|link_2|link_3
0.0675,0.3,0.27999999999999997,False,False,True,False,False,True,False,False,True,,2.9802322387695312e-08,link_1|link_2|link_3
0.0675,0.2800000000000001,0.27999999999999997,False,False,True,False,False,True,False,False,True,,2.9802322387695312e-08,link_1|link_2|link_3
0.0675,0.26000000000000006,0.27999999999999997,False,False,True,False,False,True,False,False,True,,2.9802322387695312e-08,link_1|link_2|link_3
0.0675,0.24000000000000005,0.27999999999999997,False,False,True,False,False,True,False,False,True,,2.9802322387695312e-08,link_1|link_2|link_3
0.0675,0.22000000000000003,0.27999999999999997,False,False,True,False,False,True,False,False,True,,2.9802322387695312e-08,link_1|link_2|link_3
0.0675,0.2,0.27999999999999997,False,False,True,False,False,True,False,False,True,,2.9802322387695312e-08,link_1|link_2|link_3
0.0675,0.18,0.27999999999999997,False,False,True,False,False,True,False,False,True,,2.9802322387695312e-08,link_1|link_2|link_3
0.0675,0.15999999999999998,0.27999999999999997,False,False,True,False,False,True,False,False,True,,2.9802322387695312e-08,link_1|link_2|link_3
0.0675,0.14000000000000007,0.27999999999999997,False,False,True,False,False,True,False,False,True,,2.9802322387695312e-08,link_1|link_2|link_3
0.0675,0.12000000000000005,0.27999999999999997,False,False,True,False,False,True,False,False,True,,2.9802322387695312e-08,link_1|link_2|link_3
0.0675,0.10000000000000003,0.27999999999999997,False,False,True,False,False,True,False,False,True,,2.9802322387695312e-08,link_1|link_2|link_3
0.0675,0.08000000000000002,0.27999999999999997,False,False,True,False,False,True,False,False,True,,2.9802322387695312e-08,link_1|link_2|link_3
0.0675,0.06,0.27999999999999997,False,False,True,False,False,True,False,False,True,,2.9802322387695312e-08,link_1|link_2|link_3
0.0675,0.040000000000000036,0.27999999999999997,False,False,True,False,False,True,False,False,True,,2.9802322387695312e-08,link_1|link_2|link_3
0.0675,0.020000000000000018,0.27999999999999997,False,False,True,False,False,True,False,False,True,,2.9802322387695312e-08,link_1|link_2|link_3
0.0675,0.0,0.27999999999999997,False,False,True,False,False,True,False,False,True,,2.9802322387695312e-08,link_1|link_2|link_3
0.0675,-0.019999999999999962,0.27999999999999997,False,False,True,False,False,True,False,False,True,,2.9802322387695312e-08,link_1|link_2|link_3
0.0675,-0.03999999999999998,0.27999999999999997,False,False,True,False,False,True,False,False,True,,2.9802322387695312e-08,link_1|link_2|link_3
0.0675,-0.06,0.27999999999999997,False,False,True,False,False,True,False,False,True,,2.9802322387695312e-08,link_1|link_2|link_3
0.0675,-0.07999999999999996,0.27999999999999997,False,False,True,False,False,True,False,False,True,,2.9802322387695312e-08,link_1|link_2|link_3
0.0675,-0.09999999999999998,0.27999999999999997,False,False,True,False,False,True,False,False,True,,2.980237923100575e-08,link_1|link_2|link_3
0.0675,-0.12,0.27999999999999997,False,False,True,False,False,True,False,False,True,,2.9802322387695312e-08,link_1|link_2|link_3
0.0675,-0.13999999999999996,0.27999999999999997,False,False,True,False,False,True,False,False,True,,2.9802322387695312e-08,link_1|link_2|link_3
0.0675,-0.15999999999999998,0.27999999999999997,False,False,True,False,False,True,False,False,True,,2.9802322387695312e-08,link_1|link_2|link_3
0.0675,-0.18,0.27999999999999997,False,False,True,False,False,True,False,False,True,,2.9802322387695312e-08,link_1|link_2|link_3
0.0675,-0.19999999999999998,0.27999999999999997,False,False,True,False,False,True,False,False,True,,2.9802322387695312e-08,link_1|link_2|link_3
0.0675,-0.21999999999999997,0.27999999999999997,False,False,True,False,False,True,False,False,True,,2.9802322387695312e-08,link_1|link_2|link_3
0.0675,-0.24,0.27999999999999997,False,False,True,False,False,True,False,False,True,,2.9802322387695312e-08,link_1|link_2|link_3
0.0675,-0.26,0.27999999999999997,False,False,True,False,False,True,False,False,True,,2.9802322387695312e-08,link_1|link_2|link_3
0.0675,-0.27999999999999997,0.27999999999999997,False,False,True,False,False,True,False,False,True,,2.9802322387695312e-08,link_1|link_2|link_3
0.0675,-0.3,0.27999999999999997,False,False,True,False,False,True,False,False,True,,2.9802322387695312e-08,link_1|link_2|link_3
0.0675,-0.31999999999999995,0.27999999999999997,False,False,True,False,False,True,False,False,True,,2.9802322387695312e-08,link_1|link_2|link_3
0.0675,-0.33999999999999997,0.27999999999999997,False,False,True,False,False,True,False,False,True,,2.9802322387695312e-08,link_1|link_2|link_3
0.0675,-0.36,0.27999999999999997,False,False,True,False,False,True,False,False,True,,2.9802322387695312e-08,link_1|link_2|link_3
0.0675,-0.38,0.27999999999999997,False,False,True,False,False,True,False,False,True,,2.9802322387695312e-08,link_1|link_2|link_3
0.0675,-0.39999999999999997,0.27999999999999997,False,False,True,False,False,True,False,False,True,,2.9802322387695312e-08,link_1|link_2|link_3
0.0675,-0.42,0.27999999999999997,False,False,True,False,False,True,False,False,True,,2.9802322387695312e-08,link_1|link_2|link_3
0.0675,0.42,0.25999999999999995,False,False,True,False,False,True,False,False,True,,2.9802322387695312e-08,link_1|link_2|link_3
0.0675,0.4000000000000001,0.25999999999999995,False,False,True,False,False,True,False,False,True,,2.9802322387695312e-08,link_1|link_2|link_3
0.0675,0.38000000000000006,0.25999999999999995,False,False,True,False,False,True,False,False,True,,2.9802322387695312e-08,link_1|link_2|link_3
0.0675,0.36000000000000004,0.25999999999999995,False,False,True,False,False,True,False,False,True,,2.9802322387695312e-08,link_1|link_2|link_3
0.0675,0.34,0.25999999999999995,False,False,True,False,False,True,False,False,True,,2.9802322387695312e-08,link_1|link_2|link_3
0.0675,0.32,0.25999999999999995,False,False,True,False,False,True,False,False,True,,2.9802322387695312e-08,link_1|link_2|link_3
0.0675,0.3,0.25999999999999995,False,False,True,False,False,True,False,False,True,,2.9802322387695312e-08,link_1|link_2|link_3
0.0675,0.2800000000000001,0.25999999999999995,False,False,True,False,False,True,False,False,True,,2.9802322387695312e-08,link_1|link_2|link_3
0.0675,0.26000000000000006,0.25999999999999995,False,False,True,False,False,True,False,False,True,,2.9802322387695312e-08,link_1|link_2|link_3
0.0675,0.24000000000000005,0.25999999999999995,False,False,True,False,False,True,False,False,True,,2.9802322387695312e-08,link_1|link_2|link_3
0.0675,0.22000000000000003,0.25999999999999995,False,False,True,False,False,True,False,False,True,,2.9802322387695312e-08,link_1|link_2|link_3
0.0675,0.2,0.25999999999999995,False,False,True,False,False,True,False,False,True,,2.9802322387695312e-08,link_1|link_2|link_3
0.0675,0.18,0.25999999999999995,False,False,True,False,False,True,False,False,True,,2.9802322387695312e-08,link_1|link_2|link_3
0.0675,0.15999999999999998,0.25999999999999995,False,False,True,False,False,True,False,False,True,,2.9802322387695312e-08,link_1|link_2|link_3
0.0675,0.14000000000000007,0.25999999999999995,False,False,True,False,False,True,False,False,True,,2.9802322387695312e-08,link_1|link_2|link_3
0.0675,0.12000000000000005,0.25999999999999995,False,False,True,False,False,True,False,False,True,,2.9802322387695312e-08,link_1|link_2|link_3
0.0675,0.10000000000000003,0.25999999999999995,False,False,True,False,False,True,False,False,True,,2.9802322387695312e-08,link_1|link_2|link_3
0.0675,0.08000000000000002,0.25999999999999995,False,False,True,False,False,True,False,False,True,,2.9802322387695312e-08,link_1|link_2|link_3
0.0675,0.06,0.25999999999999995,False,False,True,False,False,True,False,False,True,,2.9802322387695312e-08,link_1|link_2|link_3
0.0675,0.040000000000000036,0.25999999999999995,False,False,True,False,False,True,False,False,True,,2.9802322387695312e-08,link_1|link_2|link_3
0.0675,0.020000000000000018,0.25999999999999995,False,False,True,False,False,True,False,False,True,,2.9802322387695312e-08,link_1|link_2|link_3
0.0675,0.0,0.25999999999999995,False,False,True,False,False,True,False,False,True,,2.9802322387695312e-08,link_1|link_2|link_3
0.0675,-0.019999999999999962,0.25999999999999995,False,False,True,False,False,True,False,False,True,,2.9802322387695312e-08,link_1|link_2|link_3
0.0675,-0.03999999999999998,0.25999999999999995,False,False,True,False,False,True,False,False,True,,2.9802322387695312e-08,link_1|link_2|link_3
0.0675,-0.06,0.25999999999999995,False,False,True,False,False,True,False,False,True,,2.9802322387695312e-08,link_1|link_2|link_3
0.0675,-0.07999999999999996,0.25999999999999995,False,False,True,False,False,True,False,False,True,,2.9802322387695312e-08,link_1|link_2|link_3
0.0675,-0.09999999999999998,0.25999999999999995,False,False,True,False,False,True,False,False,True,,2.980237923100575e-08,link_1|link_2|link_3
0.0675,-0.12,0.25999999999999995,False,False,True,False,False,True,False,False,True,,2.9802322387695312e-08,link_1|link_2|link_3
0.0675,-0.13999999999999996,0.25999999999999995,False,False,True,False,False,True,False,False,True,,2.9802322387695312e-08,link_1|link_2|link_3
0.0675,-0.15999999999999998,0.25999999999999995,False,False,True,False,False,True,False,False,True,,2.9802322387695312e-08,link_1|link_2|link_3
0.0675,-0.18,0.25999999999999995,False,False,True,False,False,True,False,False,True,,2.9802322387695312e-08,link_1|link_2|link_3
0.0675,-0.19999999999999998,0.25999999999999995,False,False,True,False,False,True,False,False,True,,2.9802322387695312e-08,link_1|link_2|link_3
0.0675,-0.21999999999999997,0.25999999999999995,False,False,True,False,False,True,False,False,True,,2.9802322387695312e-08,link_1|link_2|link_3
0.0675,-0.24,0.25999999999999995,False,False,True,False,False,True,False,False,True,,2.9802322387695312e-08,link_1|link_2|link_3
0.0675,-0.26,0.25999999999999995,False,False,True,False,False,True,False,False,True,,2.9802322387695312e-08,link_1|link_2|link_3
0.0675,-0.27999999999999997,0.25999999999999995,False,False,True,False,False,True,False,False,True,,2.9802322387695312e-08,link_1|link_2|link_3
0.0675,-0.3,0.25999999999999995,False,False,True,False,False,True,False,False,True,,2.9802322387695312e-08,link_1|link_2|link_3
0.0675,-0.31999999999999995,0.25999999999999995,False,False,True,False,False,True,False,False,True,,2.9802322387695312e-08,link_1|link_2|link_3
0.0675,-0.33999999999999997,0.25999999999999995,False,False,True,False,False,True,False,False,True,,2.9802322387695312e-08,link_1|link_2|link_3
0.0675,-0.36,0.25999999999999995,False,False,True,False,False,True,False,False,True,,2.9802322387695312e-08,link_1|link_2|link_3
0.0675,-0.38,0.25999999999999995,False,False,True,False,False,True,False,False,True,,2.9802322387695312e-08,link_1|link_2|link_3
0.0675,-0.39999999999999997,0.25999999999999995,False,False,True,False,False,True,False,False,True,,2.9802322387695312e-08,link_1|link_2|link_3
0.0675,-0.42,0.25999999999999995,False,False,True,False,False,True,False,False,True,,2.9802322387695312e-08,link_1|link_2|link_3
0.0675,0.42,0.23999999999999994,False,False,True,False,False,True,False,False,True,,2.9802322387695312e-08,link_1|link_2|link_3
0.0675,0.4000000000000001,0.23999999999999994,False,False,True,False,False,True,False,False,True,,2.9802322387695312e-08,link_1|link_2|link_3
0.0675,0.38000000000000006,0.23999999999999994,False,False,True,False,False,True,False,False,True,,2.9802322387695312e-08,link_1|link_2|link_3
0.0675,0.36000000000000004,0.23999999999999994,False,False,True,False,False,True,False,False,True,,2.9802322387695312e-08,link_1|link_2|link_3
0.0675,0.34,0.23999999999999994,False,False,True,False,False,True,False,False,True,,2.9802322387695312e-08,link_1|link_2|link_3
0.0675,0.32,0.23999999999999994,False,False,True,False,False,True,False,False,True,,2.9802322387695312e-08,link_1|link_2|link_3
0.0675,0.3,0.23999999999999994,False,False,True,False,False,True,False,False,True,,2.9802322387695312e-08,link_1|link_2|link_3
0.0675,0.2800000000000001,0.23999999999999994,False,False,True,False,False,True,False,False,True,,2.9802322387695312e-08,link_1|link_2|link_3
0.0675,0.26000000000000006,0.23999999999999994,False,False,True,False,False,True,False,False,True,,2.9802322387695312e-08,link_1|link_2|link_3
0.0675,0.24000000000000005,0.23999999999999994,False,False,True,False,False,True,False,False,True,,2.9802322387695312e-08,link_1|link_2|link_3
0.0675,0.22000000000000003,0.23999999999999994,False,False,True,False,False,True,False,False,True,,2.9802322387695312e-08,link_1|link_2|link_3
0.0675,0.2,0.23999999999999994,False,False,True,False,False,True,False,False,True,,2.9802322387695312e-08,link_1|link_2|link_3
0.0675,0.18,0.23999999999999994,False,False,True,False,False,True,False,False,True,,2.9802322387695312e-08,link_1|link_2|link_3
0.0675,0.15999999999999998,0.23999999999999994,False,False,True,False,False,True,False,False,True,,2.9802322387695312e-08,link_1|link_2|link_3
0.0675,0.14000000000000007,0.23999999999999994,False,False,True,False,False,True,False,False,True,,2.9802322387695312e-08,link_1|link_2|link_3
0.0675,0.12000000000000005,0.23999999999999994,False,False,True,False,False,True,False,False,True,,2.9802322387695312e-08,link_1|link_2|link_3
0.0675,0.10000000000000003,0.23999999999999994,False,False,True,False,False,True,False,False,True,,2.9802322387695312e-08,link_1|link_2|link_3
0.0675,0.08000000000000002,0.23999999999999994,False,False,True,False,False,True,False,False,True,,2.9802322387695312e-08,link_1|link_2|link_3
0.0675,0.06,0.23999999999999994,False,False,True,False,False,True,False,False,True,,2.9802322387695312e-08,link_1|link_2|link_3
0.0675,0.040000000000000036,0.23999999999999994,False,False,True,False,False,True,False,False,True,,2.9802322387695312e-08,link_1|link_2|link_3
0.0675,0.020000000000000018,0.23999999999999994,False,False,True,False,False,True,False,False,True,,2.9802322387695312e-08,link_1|link_2|link_3
0.0675,0.0,0.23999999999999994,False,False,True,False,False,True,False,False,True,,2.9802322387695312e-08,link_1|link_2|link_3
0.0675,-0.019999999999999962,0.23999999999999994,False,False,True,False,False,True,False,False,True,,2.9802322387695312e-08,link_1|link_2|link_3
0.0675,-0.03999999999999998,0.23999999999999994,False,False,True,False,False,True,False,False,True,,2.9802322387695312e-08,link_1|link_2|link_3
0.0675,-0.06,0.23999999999999994,False,False,True,False,False,True,False,False,True,,2.9802322387695312e-08,link_1|link_2|link_3
0.0675,-0.07999999999999996,0.23999999999999994,False,False,True,False,False,True,False,False,True,,2.9802322387695312e-08,link_1|link_2|link_3
0.0675,-0.09999999999999998,0.23999999999999994,False,False,True,False,False,True,False,False,True,,2.980237923100575e-08,link_1|link_2|link_3
0.0675,-0.12,0.23999999999999994,False,False,True,False,False,True,False,False,True,,2.9802322387695312e-08,link_1|link_2|link_3
0.0675,-0.13999999999999996,0.23999999999999994,False,False,True,False,False,True,False,False,True,,2.9802322387695312e-08,link_1|link_2|link_3
0.0675,-0.15999999999999998,0.23999999999999994,False,False,True,False,False,True,False,False,True,,2.9802322387695312e-08,link_1|link_2|link_3
0.0675,-0.18,0.23999999999999994,False,False,True,False,False,True,False,False,True,,2.9802322387695312e-08,link_1|link_2|link_3
0.0675,-0.19999999999999998,0.23999999999999994,False,False,True,False,False,True,False,False,True,,2.9802322387695312e-08,link_1|link_2|link_3
0.0675,-0.21999999999999997,0.23999999999999994,False,False,True,False,False,True,False,False,True,,2.9802322387695312e-08,link_1|link_2|link_3
0.0675,-0.24,0.23999999999999994,False,False,True,False,False,True,False,False,True,,2.9802322387695312e-08,link_1|link_2|link_3
0.0675,-0.26,0.23999999999999994,False,False,True,False,False,True,False,False,True,,2.9802322387695312e-08,link_1|link_2|link_3
0.0675,-0.27999999999999997,0.23999999999999994,False,False,True,False,False,True,False,False,True,,2.9802322387695312e-08,link_1|link_2|link_3
0.0675,-0.3,0.23999999999999994,False,False,True,False,False,True,False,False,True,,2.9802322387695312e-08,link_1|link_2|link_3
0.0675,-0.31999999999999995,0.23999999999999994,False,False,True,False,False,True,False,False,True,,2.9802322387695312e-08,link_1|link_2|link_3
0.0675,-0.33999999999999997,0.23999999999999994,False,False,True,False,False,True,False,False,True,,2.9802322387695312e-08,link_1|link_2|link_3
0.0675,-0.36,0.23999999999999994,False,False,True,False,False,True,False,False,True,,2.9802322387695312e-08,link_1|link_2|link_3
0.0675,-0.38,0.23999999999999994,False,False,True,False,False,True,False,False,True,,2.9802322387695312e-08,link_1|link_2|link_3
0.0675,-0.39999999999999997,0.23999999999999994,False,False,True,False,False,True,False,False,True,,2.9802322387695312e-08,link_1|link_2|link_3
0.0675,-0.42,0.23999999999999994,False,False,True,False,False,True,False,False,True,,2.9802322387695312e-08,link_1|link_2|link_3
0.0675,0.42,0.22000000000000003,False,False,True,False,False,True,False,False,True,,2.9802322387695312e-08,link_1|link_2|link_3
0.0675,0.4000000000000001,0.22000000000000003,False,False,True,False,False,True,False,False,True,,2.9802322387695312e-08,link_1|link_2|link_3
0.0675,0.38000000000000006,0.22000000000000003,False,False,True,False,False,True,False,False,True,,2.9802322387695312e-08,link_1|link_2|link_3
0.0675,0.36000000000000004,0.22000000000000003,False,False,True,False,False,True,False,False,True,,2.9802322387695312e-08,link_1|link_2|link_3
0.0675,0.34,0.22000000000000003,False,False,True,False,False,True,False,False,True,,2.9802322387695312e-08,link_1|link_2|link_3
0.0675,0.32,0.22000000000000003,False,False,True,False,False,True,False,False,True,,2.9802322387695312e-08,link_1|link_2|link_3
0.0675,0.3,0.22000000000000003,False,False,True,False,False,True,False,False,True,,2.9802322387695312e-08,link_1|link_2|link_3
0.0675,0.2800000000000001,0.22000000000000003,False,False,True,False,False,True,False,False,True,,2.9802322387695312e-08,link_1|link_2|link_3
0.0675,0.26000000000000006,0.22000000000000003,False,False,True,False,False,True,False,False,True,,2.9802322387695312e-08,link_1|link_2|link_3
0.0675,0.24000000000000005,0.22000000000000003,False,False,True,False,False,True,False,False,True,,2.9802322387695312e-08,link_1|link_2|link_3
0.0675,0.22000000000000003,0.22000000000000003,False,False,True,False,False,True,False,False,True,,2.9802322387695312e-08,link_1|link_2|link_3
0.0675,0.2,0.22000000000000003,False,False,True,False,False,True,False,False,True,,2.9802322387695312e-08,link_1|link_2|link_3
0.0675,0.18,0.22000000000000003,False,False,True,False,False,True,False,False,True,,2.9802322387695312e-08,link_1|link_2|link_3
0.0675,0.15999999999999998,0.22000000000000003,False,False,True,False,False,True,False,False,True,,2.9802322387695312e-08,link_1|link_2|link_3
0.0675,0.14000000000000007,0.22000000000000003,False,False,True,False,False,True,False,False,True,,2.9802322387695312e-08,link_1|link_2|link_3
0.0675,0.12000000000000005,0.22000000000000003,False,False,True,False,False,True,False,False,True,,2.9802322387695312e-08,link_1|link_2|link_3
0.0675,0.10000000000000003,0.22000000000000003,False,False,True,False,False,True,False,False,True,,2.9802322387695312e-08,link_1|link_2|link_3
0.0675,0.08000000000000002,0.22000000000000003,False,False,True,False,False,True,False,False,True,,2.9802322387695312e-08,link_1|link_2|link_3
0.0675,0.06,0.22000000000000003,False,False,True,False,False,True,False,False,True,,2.9802322387695312e-08,link_1|link_2|link_3
0.0675,0.040000000000000036,0.22000000000000003,False,False,True,False,False,True,False,False,True,,2.9802322387695312e-08,link_1|link_2|link_3
0.0675,0.020000000000000018,0.22000000000000003,False,False,True,False,False,True,False,False,True,,2.9802322387695312e-08,link_1|link_2|link_3
0.0675,0.0,0.22000000000000003,False,False,True,False,False,True,False,False,True,,2.9802322387695312e-08,link_1|link_2|link_3
0.0675,-0.019999999999999962,0.22000000000000003,False,False,True,False,False,True,False,False,True,,2.9802322387695312e-08,link_1|link_2|link_3
0.0675,-0.03999999999999998,0.22000000000000003,False,False,True,False,False,True,False,False,True,,2.9802322387695312e-08,link_1|link_2|link_3
0.0675,-0.06,0.22000000000000003,False,False,True,False,False,True,False,False,True,,2.9802322387695312e-08,link_1|link_2|link_3
0.0675,-0.07999999999999996,0.22000000000000003,False,False,True,False,False,True,False,False,True,,2.9802322387695312e-08,link_1|link_2|link_3
0.0675,-0.09999999999999998,0.22000000000000003,False,False,True,False,False,True,False,False,True,,2.980237923100575e-08,link_1|link_2|link_3
0.0675,-0.12,0.22000000000000003,False,False,True,False,False,True,False,False,True,,2.9802322387695312e-08,link_1|link_2|link_3
0.0675,-0.13999999999999996,0.22000000000000003,False,False,True,False,False,True,False,False,True,,2.9802322387695312e-08,link_1|link_2|link_3
0.0675,-0.15999999999999998,0.22000000000000003,False,False,True,False,False,True,False,False,True,,2.9802322387695312e-08,link_1|link_2|link_3
0.0675,-0.18,0.22000000000000003,False,False,True,False,False,True,False,False,True,,2.9802322387695312e-08,link_1|link_2|link_3
0.0675,-0.19999999999999998,0.22000000000000003,False,False,True,False,False,True,False,False,True,,2.9802322387695312e-08,link_1|link_2|link_3
0.0675,-0.21999999999999997,0.22000000000000003,False,False,True,False,False,True,False,False,True,,2.9802322387695312e-08,link_1|link_2|link_3
0.0675,-0.24,0.22000000000000003,False,False,True,False,False,True,False,False,True,,2.9802322387695312e-08,link_1|link_2|link_3
0.0675,-0.26,0.22000000000000003,False,False,True,False,False,True,False,False,True,,2.9802322387695312e-08,link_1|link_2|link_3
0.0675,-0.27999999999999997,0.22000000000000003,False,False,True,False,False,True,False,False,True,,2.9802322387695312e-08,link_1|link_2|link_3
0.0675,-0.3,0.22000000000000003,False,False,True,False,False,True,False,False,True,,2.9802322387695312e-08,link_1|link_2|link_3
0.0675,-0.31999999999999995,0.22000000000000003,False,False,True,False,False,True,False,False,True,,2.9802322387695312e-08,link_1|link_2|link_3
0.0675,-0.33999999999999997,0.22000000000000003,False,False,True,False,False,True,False,False,True,,2.9802322387695312e-08,link_1|link_2|link_3
0.0675,-0.36,0.22000000000000003,False,False,True,False,False,True,False,False,True,,2.9802322387695312e-08,link_1|link_2|link_3
0.0675,-0.38,0.22000000000000003,False,False,True,False,False,True,False,False,True,,2.9802322387695312e-08,link_1|link_2|link_3
0.0675,-0.39999999999999997,0.22000000000000003,False,False,True,False,False,True,False,False,True,,2.9802322387695312e-08,link_1|link_2|link_3
0.0675,-0.42,0.22000000000000003,False,False,True,False,False,True,False,False,True,,2.9802322387695312e-08,link_1|link_2|link_3
0.0675,0.42,0.2,False,False,True,False,False,True,False,False,True,,2.9802322387695312e-08,link_1|link_2|link_3
0.0675,0.4000000000000001,0.2,False,False,True,False,False,True,False,False,True,,2.9802322387695312e-08,link_1|link_2|link_3
0.0675,0.38000000000000006,0.2,False,False,True,False,False,True,False,False,True,,2.9802322387695312e-08,link_1|link_2|link_3
0.0675,0.36000000000000004,0.2,False,False,True,False,False,True,False,False,True,,2.9802322387695312e-08,link_1|link_2|link_3
0.0675,0.34,0.2,False,False,True,False,False,True,False,False,True,0.015034646727144718,2.9802322387695312e-08,basket|link_0|link_1|link_2|link_3
0.0675,0.32,0.2,False,False,True,False,False,True,False,False,True,0.007773958146572113,2.9802322387695312e-08,basket|link_0|link_1|link_2|link_3
0.0675,0.3,0.2,False,False,True,False,False,True,False,False,True,0.007723450660705566,2.9802322387695312e-08,basket|link_0|link_1|link_2|link_3
0.0675,0.2800000000000001,0.2,False,False,True,False,False,True,False,False,True,0.007594853639602661,2.9802322387695312e-08,basket|link_0|link_1|link_2|link_3
0.0675,0.26000000000000006,0.2,False,False,True,False,False,True,False,False,True,0.007503107190132141,2.9802322387695312e-08,basket|link_0|link_1|link_2|link_3
0.0675,0.24000000000000005,0.2,False,False,True,False,False,True,False,False,True,0.007483825087547302,2.9802322387695312e-08,basket|link_0|link_1|link_2|link_3
0.0675,0.22000000000000003,0.2,False,False,True,False,False,True,False,False,True,0.007492668926715851,2.9802322387695312e-08,basket|link_0|link_1|link_2|link_3
0.0675,0.2,0.2,False,False,True,False,False,True,False,False,True,0.007501383777707815,2.9802322387695312e-08,basket|link_0|link_1|link_2|link_3
0.0675,0.18,0.2,False,False,True,False,False,True,False,False,True,0.007513217628002167,2.9802322387695312e-08,basket|link_0|link_1|link_2|link_3
0.0675,0.15999999999999998,0.2,False,False,True,False,False,True,False,False,True,0.007513217628002167,2.9802322387695312e-08,basket|link_0|link_1|link_2|link_3
0.0675,0.14000000000000007,0.2,False,False,True,False,False,True,False,False,True,0.007513217628002167,2.9802322387695312e-08,basket|link_0|link_1|link_2|link_3
0.0675,0.12000000000000005,0.2,False,False,True,False,False,True,False,False,True,0.007534869015216827,2.9802322387695312e-08,basket|link_0|link_1|link_2|link_3
0.0675,0.10000000000000003,0.2,False,False,True,False,False,True,False,False,True,0.007619984447956085,2.9802322387695312e-08,basket|link_0|link_1|link_2|link_3
0.0675,0.08000000000000002,0.2,False,False,True,False,False,True,False,False,True,0.007705137133598328,2.9802322387695312e-08,basket|link_0|link_1|link_2|link_3
0.0675,0.06,0.2,False,False,True,False,False,True,False,False,True,0.007790934760123491,2.9802322387695312e-08,basket|link_0|link_1|link_2|link_3
0.0675,0.040000000000000036,0.2,False,False,True,False,False,True,False,False,True,0.008576800115406513,2.9802322387695312e-08,basket|link_0|link_1|link_2|link_3
0.0675,0.020000000000000018,0.2,False,False,True,False,False,True,False,False,True,0.00857070367783308,2.9802322387695312e-08,basket|link_0|link_1|link_2|link_3
0.0675,0.0,0.2,False,False,True,False,False,True,False,False,True,0.008555077947676182,2.9802322387695312e-08,basket|link_0|link_1|link_2|link_3
0.0675,-0.019999999999999962,0.2,False,False,True,False,False,True,False,False,True,0.008560587652027607,2.9802322387695312e-08,basket|link_0|link_1|link_2|link_3
0.0675,-0.03999999999999998,0.2,False,False,True,False,False,True,False,False,True,0.00848634634166956,2.9802322387695312e-08,basket|link_0|link_1|link_2|link_3
0.0675,-0.06,0.2,False,False,True,False,False,True,False,False,True,0.0077666789293289185,2.9802322387695312e-08,basket|link_0|link_1|link_2|link_3
0.0675,-0.07999999999999996,0.2,False,False,True,False,False,True,False,False,True,0.007715433835983276,2.9802322387695312e-08,basket|link_0|link_1|link_2|link_3
0.0675,-0.09999999999999998,0.2,False,False,True,False,False,True,False,False,True,0.007623679935932159,2.980237923100575e-08,basket|link_0|link_1|link_2|link_3
0.0675,-0.12,0.2,False,False,True,False,False,True,False,False,True,0.0077155232429504395,2.9802322387695312e-08,basket|link_0|link_1|link_2|link_3
0.0675,-0.13999999999999996,0.2,False,False,True,False,False,True,False,False,True,0.007481418550014496,2.9802322387695312e-08,basket|link_0|link_1|link_2|link_3
0.0675,-0.15999999999999998,0.2,False,False,True,False,False,True,False,False,True,0.007481418550014496,2.9802322387695312e-08,basket|link_0|link_1|link_2|link_3
0.0675,-0.18,0.2,False,False,True,False,False,True,False,False,True,0.007481418550014496,2.9802322387695312e-08,basket|link_0|link_1|link_2|link_3
0.0675,-0.19999999999999998,0.2,False,False,True,False,False,True,False,False,True,0.007489912211894989,2.9802322387695312e-08,basket|link_0|link_1|link_2|link_3
0.0675,-0.21999999999999997,0.2,False,False,True,False,False,True,False,False,True,0.007500334642827511,2.9802322387695312e-08,basket|link_0|link_1|link_2|link_3
0.0675,-0.24,0.2,False,False,True,False,False,True,False,False,True,0.007508085574954748,2.9802322387695312e-08,basket|link_0|link_1|link_2|link_3
0.0675,-0.26,0.2,False,False,True,False,False,True,False,False,True,0.007542327046394348,2.9802322387695312e-08,basket|link_0|link_1|link_2|link_3
0.0675,-0.27999999999999997,0.2,False,False,True,False,False,True,False,False,True,0.0076274871826171875,2.9802322387695312e-08,basket|link_0|link_1|link_2|link_3
0.0675,-0.3,0.2,False,False,True,False,False,True,False,False,True,0.007712617516517639,2.9802322387695312e-08,basket|link_0|link_1|link_2|link_3
0.0675,-0.31999999999999995,0.2,False,False,True,False,False,True,False,False,True,0.007879853248596191,2.9802322387695312e-08,basket|link_0|link_1|link_2|link_3
0.0675,-0.33999999999999997,0.2,False,False,True,False,False,True,False,False,True,0.015444576740264893,2.9802322387695312e-08,basket|link_0|link_1|link_2|link_3
0.0675,-0.36,0.2,False,False,True,False,False,True,False,False,True,,2.9802322387695312e-08,link_1|link_2|link_3
0.0675,-0.38,0.2,False,False,True,False,False,True,False,False,True,,2.9802322387695312e-08,link_1|link_2|link_3
0.0675,-0.39999999999999997,0.2,False,False,True,False,False,True,False,False,True,,2.9802322387695312e-08,link_1|link_2|link_3
0.0675,-0.42,0.2,False,False,True,False,False,True,False,False,True,,2.9802322387695312e-08,link_1|link_2|link_3
0.0675,0.42,0.18,False,False,True,False,False,True,False,False,True,,2.9802322387695312e-08,link_1|link_2|link_3
0.0675,0.4000000000000001,0.18,False,False,True,False,False,True,False,False,True,,2.9802322387695312e-08,link_1|link_2|link_3
0.0675,0.38000000000000006,0.18,False,False,True,False,False,True,False,False,True,,2.9802322387695312e-08,link_1|link_2|link_3
0.0675,0.36000000000000004,0.18,False,False,True,False,False,True,False,False,True,,2.9802322387695312e-08,link_1|link_2|link_3
0.0675,0.34,0.18,False,False,True,False,False,True,False,False,True,0.004771367181092501,2.9802322387695312e-08,basket|link_0|link_1|link_2|link_3
0.0675,0.32,0.18,True,True,True,True,True,True,True,True,True,-0.012192711234092712,0.0051946006083081805,basket|link_0|link_1|link_2|link_3
0.0675,0.3,0.18,True,True,True,True,True,True,True,True,True,-0.012313418090343475,0.02182685440056773,basket|link_0|link_1|link_2|link_3
0.0675,0.2800000000000001,0.18,True,True,True,True,True,True,True,True,True,-0.012405164539813995,0.030426637218362657,basket|link_0|link_1|link_2|link_3
0.0675,0.26000000000000006,0.18,True,True,True,True,True,True,True,True,True,-0.012496910989284515,0.030166066192356757,basket|link_0|link_1|link_2|link_3
0.0675,0.24000000000000005,0.18,True,True,True,True,True,True,True,True,True,-0.012512748129665852,0.013941563034733234,basket|link_0|link_1|link_2|link_3
0.0675,0.22000000000000003,0.18,True,True,True,True,True,True,True,True,True,-0.012507349252700806,0.022260502382382957,basket|link_0|link_1|link_2|link_3
0.0675,0.2,0.18,True,True,True,True,True,True,True,True,True,-0.012498623691499233,0.026405659123157635,basket|link_0|link_1|link_2|link_3
0.0675,0.18,0.18,True,True,True,True,True,True,True,True,True,-0.01248680055141449,0.024306003683317704,basket|link_0|link_1|link_2|link_3
0.0675,0.15999999999999998,0.18,True,True,True,True,True,True,True,True,True,-0.01243070513010025,0.0022217980939905255,basket|link_0|link_1|link_2|link_3
0.0675,0.14000000000000007,0.18,True,True,True,True,True,True,True,True,True,-0.012345530092716217,0.0354746467309271,basket|link_0|link_1|link_2|link_3
0.0675,0.12000000000000005,0.18,True,True,True,True,True,True,True,True,True,-0.008822895586490631,0.02281631338515227,basket|link_0|link_1|link_2|link_3
0.0675,0.10000000000000003,0.18,True,True,True,True,True,True,True,True,True,-0.011174120008945465,0.009886784850407794,basket|link_0|link_1|link_2|link_3
0.0675,0.08000000000000002,0.18,True,True,True,True,True,True,True,True,True,-0.011174120008945465,0.00752784975771456,basket|link_0|link_1|link_2|link_3
0.0675,0.06,0.18,True,True,True,True,True,True,True,True,True,-0.011174120008945465,0.004705470059528235,basket|link_0|link_1|link_2|link_3
0.0675,0.040000000000000036,0.18,True,True,True,True,True,True,True,True,True,-0.005423985421657562,0.021203890784608492,basket|link_0|link_1|link_2|link_3
0.0675,0.020000000000000018,0.18,True,True,True,True,True,True,True,True,True,-0.005423985421657562,0.016341488738066085,basket|link_0|link_1|link_2|link_3
0.0675,0.0,0.18,True,True,True,True,True,True,True,True,True,-0.005423985421657562,0.024430681471822292,basket|link_0|link_1|link_2|link_3
0.0675,-0.019999999999999962,0.18,True,True,True,True,True,True,True,True,True,-0.005423977971076965,0.016341489715849724,basket|link_0|link_1|link_2|link_3
0.0675,-0.03999999999999998,0.18,True,True,True,True,True,True,True,True,True,-0.005423977971076965,0.015150716432298665,basket|link_0|link_1|link_2|link_3
0.0675,-0.06,0.18,True,True,True,True,True,True,True,True,True,-0.010254308581352234,0.017036865110280137,basket|link_0|link_1|link_2|link_3
0.0675,-0.07999999999999996,0.18,True,True,True,True,True,True,True,True,True,-0.010254308581352234,0.011439995355063952,basket|link_0|link_1|link_2|link_3
0.0675,-0.09999999999999998,0.18,True,True,True,True,True,True,True,True,True,-0.010254308581352234,0.0158113927621092,basket|link_0|link_1|link_2|link_3
0.0675,-0.12,0.18,True,True,True,True,True,True,True,True,True,-0.008822910487651825,0.018972239978284434,basket|link_0|link_1|link_2|link_3
0.0675,-0.13999999999999996,0.18,True,True,True,True,True,True,True,True,True,-0.012376241385936737,0.016466705248431055,basket|link_0|link_1|link_2|link_3
0.0675,-0.15999999999999998,0.18,True,True,True,True,True,True,True,True,True,-0.012467987835407257,0.007545156580624648,basket|link_0|link_1|link_2|link_3
0.0675,-0.18,0.18,True,True,True,True,True,True,True,True,True,-0.01251859962940216,0.017155868359763793,basket|link_0|link_1|link_2|link_3
0.0675,-0.19999999999999998,0.18,True,True,True,True,True,True,True,True,True,-0.012510105967521667,0.017572056576541883,basket|link_0|link_1|link_2|link_3
0.0675,-0.21999999999999997,0.18,True,True,True,True,True,True,True,True,True,-0.0124996742233634,0.0113750729907931,basket|link_0|link_1|link_2|link_3
0.0675,-0.24,0.18,True,True,True,True,True,True,True,True,True,-0.012492596171796322,0.009578636673660447,basket|link_0|link_1|link_2|link_3
0.0675,-0.26,0.18,True,True,True,True,True,True,True,True,True,-0.012457489967346191,0.015965152976736067,basket|link_0|link_1|link_2|link_3
0.0675,-0.27999999999999997,0.18,True,True,True,True,True,True,True,True,True,-0.01237235963344574,0.04067319232595849,basket|link_0|link_1|link_2|link_3
0.0675,-0.3,0.18,True,True,True,True,True,True,True,True,True,-0.011174134910106659,0.00588283718768647,basket|link_0|link_1|link_2|link_3
0.0675,-0.31999999999999995,0.18,True,True,True,True,True,True,True,True,True,-0.012077100574970245,0.0024432500970210103,basket|link_0|link_1|link_2|link_3
0.0675,-0.33999999999999997,0.18,False,False,True,False,False,True,False,False,True,0.00694110244512558,2.9802322387695312e-08,basket|link_0|link_1|link_2|link_3
0.0675,-0.36,0.18,False,False,True,False,False,True,False,False,True,,2.9802322387695312e-08,link_1|link_2|link_3
0.0675,-0.38,0.18,False,False,True,False,False,True,False,False,True,,2.9802322387695312e-08,link_1|link_2|link_3
0.0675,-0.39999999999999997,0.18,False,False,True,False,False,True,False,False,True,,2.9802322387695312e-08,link_1|link_2|link_3
0.0675,-0.42,0.18,False,False,True,False,False,True,False,False,True,,2.9802322387695312e-08,link_1|link_2|link_3
0.0675,0.42,0.15999999999999998,False,False,True,False,False,True,False,False,True,,2.9802322387695312e-08,link_1|link_2|link_3
0.0675,0.4000000000000001,0.15999999999999998,False,False,True,False,False,True,False,False,True,,2.9802322387695312e-08,link_1|link_2|link_3
0.0675,0.38000000000000006,0.15999999999999998,False,False,True,False,False,True,False,False,True,,2.9802322387695312e-08,link_1|link_2|link_3
0.0675,0.36000000000000004,0.15999999999999998,False,False,True,False,False,True,False,False,True,,2.9802322387695312e-08,link_1|link_2|link_3
0.0675,0.34,0.15999999999999998,False,False,True,False,False,True,False,False,True,0.004426747560501099,2.9802322387695312e-08,basket|link_0|link_1|link_2|link_3
0.0675,0.32,0.15999999999999998,True,True,True,True,True,True,True,True,True,-0.015421509742736816,0.01663532560543295,basket|link_0|link_1|link_2|link_3
0.0675,0.3,0.15999999999999998,True,True,True,True,True,True,True,True,True,-0.012567207217216492,0.009221509414814612,basket|link_0|link_1|link_2|link_3
0.0675,0.2800000000000001,0.15999999999999998,True,True,True,True,True,True,True,True,True,-0.015852032229304314,0.035694892143766734,basket|link_0|link_1|link_2|link_3
0.0675,0.26000000000000006,0.15999999999999998,True,True,True,True,True,True,True,True,True,-0.015911251306533813,0.04088659121470711,basket|link_0|link_1|link_2|link_3
0.0675,0.24000000000000005,0.15999999999999998,True,True,True,True,True,True,True,True,True,-0.019176244735717773,0.01613235838211755,basket|link_0|link_1|link_2|link_3
0.0675,0.22000000000000003,0.15999999999999998,True,True,True,True,True,True,True,True,True,-0.015914790332317352,0.027133536572341427,basket|link_0|link_1|link_2|link_3
0.0675,0.2,0.15999999999999998,True,True,True,True,True,True,True,True,True,-0.015914782881736755,0.014443989412783388,basket|link_0|link_1|link_2|link_3
0.0675,0.18,0.15999999999999998,True,True,True,True,True,True,True,True,True,-0.015914782881736755,0.01936284156423057,basket|link_0|link_1|link_2|link_3
0.0675,0.15999999999999998,0.15999999999999998,True,True,True,True,True,True,True,True,True,-0.015877600759267807,0.012411756672793683,basket|link_0|link_1|link_2|link_3
0.0675,0.14000000000000007,0.15999999999999998,True,True,True,True,True,True,True,True,True,-0.015819311141967773,0.007895842622963348,basket|link_0|link_1|link_2|link_3
0.0675,0.12000000000000005,0.15999999999999998,True,True,True,True,True,True,True,True,True,-0.014960117638111115,0.018166329123180947,basket|link_0|link_1|link_2|link_3
0.0675,0.10000000000000003,0.15999999999999998,True,True,True,True,True,True,True,True,True,-0.014960117638111115,0.022694703654599312,basket|link_0|link_1|link_2|link_3
0.0675,0.08000000000000002,0.15999999999999998,True,True,True,True,True,True,True,True,True,-0.014960117638111115,0.010167290565526831,basket|link_0|link_1|link_2|link_3
0.0675,0.06,0.15999999999999998,True,True,True,True,True,True,True,True,True,-0.014960125088691711,0.011706790095760002,basket|link_0|link_1|link_2|link_3
0.0675,0.040000000000000036,0.15999999999999998,True,True,True,True,True,True,True,True,True,-0.014960125088691711,0.012120127001274801,basket|link_0|link_1|link_2|link_3
0.0675,0.020000000000000018,0.15999999999999998,True,True,True,True,True,True,True,True,True,-0.014960125088691711,0.009778955102868112,basket|link_0|link_1|link_2|link_3
0.0675,0.0,0.15999999999999998,True,True,True,True,True,True,True,True,True,-0.014960125088691711,0.008058381784600758,basket|link_0|link_1|link_2|link_3
0.0675,-0.019999999999999962,0.15999999999999998,True,True,True,True,True,True,True,True,True,-0.014960125088691711,0.009857989483711953,basket|link_0|link_1|link_2|link_3
0.0675,-0.03999999999999998,0.15999999999999998,True,True,True,True,True,True,True,True,True,-0.014960125088691711,0.01712343328248594,basket|link_0|link_1|link_2|link_3
0.0675,-0.06,0.15999999999999998,True,True,True,True,True,True,True,True,True,-0.014960125088691711,0.02000656490612954,basket|link_0|link_1|link_2|link_3
0.0675,-0.07999999999999996,0.15999999999999998,True,True,True,True,True,True,True,True,True,-0.014960125088691711,0.017268088666204374,basket|link_0|link_1|link_2|link_3
0.0675,-0.09999999999999998,0.15999999999999998,True,True,True,True,True,True,True,True,True,-0.014960125088691711,0.0038708505767473316,basket|link_0|link_1|link_2|link_3
0.0675,-0.12,0.15999999999999998,True,True,True,True,True,True,True,True,True,-0.014960132539272308,0.003514962884912109,basket|link_0|link_1|link_2|link_3
0.0675,-0.13999999999999996,0.15999999999999998,True,True,True,True,True,True,True,True,True,-0.015833422541618347,0.01131896319352712,basket|link_0|link_1|link_2|link_3
0.0675,-0.15999999999999998,0.15999999999999998,True,True,True,True,True,True,True,True,True,-0.015892641618847847,0.013164809084625266,basket|link_0|link_1|link_2|link_3
0.0675,-0.18,0.15999999999999998,True,True,True,True,True,True,True,True,True,-0.015914835035800934,0.027915256659083253,basket|link_0|link_1|link_2|link_3
0.0675,-0.19999999999999998,0.15999999999999998,True,True,True,True,True,True,True,True,True,-0.015914835035800934,0.014078188523308345,basket|link_0|link_1|link_2|link_3
0.0675,-0.21999999999999997,0.15999999999999998,True,True,True,True,True,True,True,True,True,-0.015914835035800934,0.02309205480852699,basket|link_0|link_1|link_2|link_3
0.0675,-0.24,0.15999999999999998,True,True,True,True,True,True,True,True,True,-0.01705165207386017,0.018760820916488896,basket|link_0|link_1|link_2|link_3
0.0675,-0.26,0.15999999999999998,True,True,True,True,True,True,True,True,True,-0.015896011143922806,0.043453919612011914,basket|link_0|link_1|link_2|link_3
0.0675,-0.27999999999999997,0.15999999999999998,True,True,True,True,True,True,True,True,True,-0.015837721526622772,0.02442796820102831,basket|link_0|link_1|link_2|link_3
0.0675,-0.3,0.15999999999999998,True,True,True,True,True,True,True,True,True,-0.007712244987487793,0.009012888737226362,basket|link_0|link_1|link_2|link_3
0.0675,-0.31999999999999995,0.15999999999999998,True,True,True,True,True,True,True,True,True,-0.01332758367061615,0.012065052458467018,basket|link_0|link_1|link_2|link_3
0.0675,-0.33999999999999997,0.15999999999999998,False,False,True,False,False,True,False,False,True,0.006578236818313599,2.9802322387695312e-08,basket|link_0|link_1|link_2|link_3
0.0675,-0.36,0.15999999999999998,False,False,True,False,False,True,False,False,True,,2.9802322387695312e-08,link_1|link_2|link_3
0.0675,-0.38,0.15999999999999998,False,False,True,False,False,True,False,False,True,,2.9802322387695312e-08,link_1|link_2|link_3
0.0675,-0.39999999999999997,0.15999999999999998,False,False,True,False,False,True,False,False,True,,2.9802322387695312e-08,link_1|link_2|link_3
0.0675,-0.42,0.15999999999999998,False,False,True,False,False,True,False,False,True,,2.9802322387695312e-08,link_1|link_2|link_3
0.0675,0.42,0.13999999999999996,False,False,True,False,False,True,False,False,True,,1.4901161193847656e-08,link_1|link_2|link_3
0.0675,0.4000000000000001,0.13999999999999996,False,False,True,False,False,True,False,False,True,,1.4901161193847656e-08,link_1|link_2|link_3
0.0675,0.38000000000000006,0.13999999999999996,False,False,True,False,False,True,False,False,True,,1.4901161193847656e-08,link_1|link_2|link_3
0.0675,0.36000000000000004,0.13999999999999996,False,False,True,False,False,True,False,False,True,,1.4901161193847656e-08,link_1|link_2|link_3
0.0675,0.34,0.13999999999999996,False,False,True,False,False,True,False,False,True,0.004426747560501099,1.4901161193847656e-08,basket|link_0|link_1|link_2|link_3
0.0675,0.32,0.13999999999999996,True,True,True,True,True,True,True,True,True,-0.015421509742736816,0.022772162526177885,basket|link_0|link_1|link_2|link_3
0.0675,0.3,0.13999999999999996,True,True,True,True,True,True,True,True,True,-0.020959846675395966,0.0299190752918229,basket|link_0|link_1|link_2|link_3
0.0675,0.2800000000000001,0.13999999999999996,True,True,True,True,True,True,True,True,True,-0.020959846675395966,0.05265764869555754,basket|link_0|link_1|link_2|link_3
0.0675,0.26000000000000006,0.13999999999999996,True,True,True,True,True,True,True,True,True,-0.020959846675395966,0.012082360493843572,basket|link_0|link_1|link_2|link_3
0.0675,0.24000000000000005,0.13999999999999996,True,True,True,True,True,True,True,True,True,-0.02095983177423477,0.04543420358284173,basket|link_0|link_1|link_2|link_3
0.0675,0.22000000000000003,0.13999999999999996,True,True,True,True,True,True,True,True,True,-0.02095983177423477,0.008276667233890691,basket|link_0|link_1|link_2|link_3
0.0675,0.2,0.13999999999999996,True,True,True,True,True,True,True,True,True,-0.02095983177423477,0.01734578484866703,basket|link_0|link_1|link_2|link_3
0.0675,0.18,0.13999999999999996,True,True,True,True,True,True,True,True,True,-0.02095983177423477,0.002949885090462063,basket|link_0|link_1|link_2|link_3
0.0675,0.15999999999999998,0.13999999999999996,True,True,True,True,True,True,True,True,True,-0.02095983177423477,0.009927882797363204,basket|link_0|link_1|link_2|link_3
0.0675,0.14000000000000007,0.13999999999999996,True,True,True,True,True,True,True,True,True,-0.02095983177423477,0.002960533766939167,basket|link_0|link_1|link_2|link_3
0.0675,0.12000000000000005,0.13999999999999996,True,True,True,True,True,True,True,True,True,-0.020959816873073578,0.010009097801889764,basket|link_0|link_1|link_2|link_3
0.0675,0.10000000000000003,0.13999999999999996,True,True,True,True,True,True,True,True,True,-0.020959816873073578,0.01783213172099044,basket|link_0|link_1|link_2|link_3
0.0675,0.08000000000000002,0.13999999999999996,True,True,True,True,True,True,True,True,True,-0.020959846675395966,0.01152355858079779,basket|link_0|link_1|link_2|link_3
0.0675,0.06,0.13999999999999996,True,True,True,True,True,True,True,True,True,-0.020959846675395966,0.027123140163660044,basket|link_0|link_1|link_2|link_3
0.0675,0.040000000000000036,0.13999999999999996,True,True,True,True,True,True,True,True,True,-0.02095983177423477,0.008724270118877471,basket|link_0|link_1|link_2|link_3
0.0675,0.020000000000000018,0.13999999999999996,True,True,True,True,True,True,True,True,True,-0.02095983177423477,0.015705825285934755,basket|link_0|link_1|link_2|link_3
0.0675,0.0,0.13999999999999996,True,True,True,True,True,True,True,True,True,-0.02095983177423477,0.016818873728416055,basket|link_0|link_1|link_2|link_3
0.0675,-0.019999999999999962,0.13999999999999996,True,True,True,True,True,True,True,True,True,-0.02095983177423477,0.015508594621314088,basket|link_0|link_1|link_2|link_3
0.0675,-0.03999999999999998,0.13999999999999996,True,True,True,True,True,True,True,True,True,-0.02095983177423477,0.011226720699774899,basket|link_0|link_1|link_2|link_3
0.0675,-0.06,0.13999999999999996,True,True,True,True,True,True,True,True,True,-0.02095983177423477,0.011457890531794968,basket|link_0|link_1|link_2|link_3
0.0675,-0.07999999999999996,0.13999999999999996,True,True,True,True,True,True,True,True,True,-0.020959816873073578,0.007221264476948913,basket|link_0|link_1|link_2|link_3
0.0675,-0.09999999999999998,0.13999999999999996,True,True,True,True,True,True,True,True,True,-0.020959816873073578,0.0073628566745323285,basket|link_0|link_1|link_2|link_3
0.0675,-0.12,0.13999999999999996,True,True,True,True,True,True,True,True,True,-0.020959816873073578,0.010161768809633308,basket|link_0|link_1|link_2|link_3
0.0675,-0.13999999999999996,0.13999999999999996,True,True,True,True,True,True,True,True,True,-0.020959816873073578,0.016647404629036956,basket|link_0|link_1|link_2|link_3
0.0675,-0.15999999999999998,0.13999999999999996,True,True,True,True,True,True,True,True,True,-0.020959816873073578,0.006018255100349032,basket|link_0|link_1|link_2|link_3
0.0675,-0.18,0.13999999999999996,True,True,True,True,True,True,True,True,True,-0.020959816873073578,0.018239233921440053,basket|link_0|link_1|link_2|link_3
0.0675,-0.19999999999999998,0.13999999999999996,True,True,True,True,True,True,True,True,True,-0.020959801971912384,0.019781707906274277,basket|link_0|link_1|link_2|link_3
0.0675,-0.21999999999999997,0.13999999999999996,True,True,True,True,True,True,True,True,True,-0.020959801971912384,0.035118667244694673,basket|link_0|link_1|link_2|link_3
0.0675,-0.24,0.13999999999999996,True,True,True,True,True,True,True,True,True,-0.020959801971912384,0.027108517555096384,basket|link_0|link_1|link_2|link_3
0.0675,-0.26,0.13999999999999996,True,True,True,True,True,True,True,True,True,-0.020959801971912384,0.022061918334442064,basket|link_0|link_1|link_2|link_3
0.0675,-0.27999999999999997,0.13999999999999996,True,True,True,True,True,True,True,True,True,-0.020959801971912384,0.08086971327764242,basket|link_0|link_1|link_2|link_3
0.0675,-0.3,0.13999999999999996,True,True,True,True,True,True,True,True,True,-0.020959801971912384,0.04552276309642986,basket|link_0|link_1|link_2|link_3
0.0675,-0.31999999999999995,0.13999999999999996,True,True,True,True,True,True,True,True,True,-0.01332758367061615,0.03186354757056262,basket|link_0|link_1|link_2|link_3
0.0675,-0.33999999999999997,0.13999999999999996,False,False,True,False,False,True,False,False,True,0.006578236818313599,1.4901161193847656e-08,basket|link_0|link_1|link_2|link_3
0.0675,-0.36,0.13999999999999996,False,False,True,False,False,True,False,False,True,,1.4901161193847656e-08,link_1|link_2|link_3
0.0675,-0.38,0.13999999999999996,False,False,True,False,False,True,False,False,True,,1.4901161193847656e-08,link_1|link_2|link_3
0.0675,-0.39999999999999997,0.13999999999999996,False,False,True,False,False,True,False,False,True,,1.4901161193847656e-08,link_1|link_2|link_3
0.0675,-0.42,0.13999999999999996,False,False,True,False,False,True,False,False,True,,1.4901161193847656e-08,link_1|link_2|link_3
0.0675,0.42,0.12,False,False,True,False,False,True,False,False,True,,1.4901161193847656e-08,link_1|link_2|link_3
0.0675,0.4000000000000001,0.12,False,False,True,False,False,True,False,False,True,,1.4901161193847656e-08,link_1|link_2|link_3
0.0675,0.38000000000000006,0.12,False,False,True,False,False,True,False,False,True,,1.4901161193847656e-08,link_1|link_2|link_3
0.0675,0.36000000000000004,0.12,False,False,True,False,False,True,False,False,True,,1.4901161193847656e-08,link_1|link_2|link_3
0.0675,0.34,0.12,False,False,True,False,False,True,False,False,True,0.004426747560501099,1.4901161193847656e-08,basket|link_0|link_1|link_2|link_3
0.0675,0.32,0.12,True,True,True,True,True,True,True,True,True,-0.015421509742736816,0.03416003165095997,basket|link_0|link_1|link_2|link_3
0.0675,0.3,0.12,True,True,True,True,True,True,True,True,True,-0.020959846675395966,0.025654242548011335,basket|link_0|link_1|link_2|link_3
0.0675,0.2800000000000001,0.12,True,True,True,True,True,True,True,True,True,-0.020959846675395966,0.03338148292972704,basket|link_0|link_1|link_2|link_3
0.0675,0.26000000000000006,0.12,True,True,True,True,True,True,True,True,True,-0.020959846675395966,0.017313370811414115,basket|link_0|link_1|link_2|link_3
0.0675,0.24000000000000005,0.12,True,True,True,True,True,True,True,True,True,-0.020959846675395966,0.012641790695349299,basket|link_0|link_1|link_2|link_3
0.0675,0.22000000000000003,0.12,True,True,True,True,True,True,True,True,True,-0.02095983177423477,0.023079282753300956,basket|link_0|link_1|link_2|link_3
0.0675,0.2,0.12,True,True,True,True,True,True,True,True,True,-0.0275660902261734,0.015384061262745715,basket|link_0|link_1|link_2|link_3
0.0675,0.18,0.12,True,True,True,True,True,True,True,True,True,-0.02912038564682007,0.01533339887405105,basket|link_0|link_1|link_2|link_3
0.0675,0.15999999999999998,0.12,True,True,True,True,True,True,True,True,True,-0.021911926567554474,0.033896918070657214,basket|link_0|link_1|link_2|link_3
0.0675,0.14000000000000007,0.12,True,True,True,True,True,True,True,True,True,-0.021911926567554474,0.021155995646800946,basket|link_0|link_1|link_2|link_3
0.0675,0.12000000000000005,0.12,True,True,True,True,True,True,True,True,True,-0.021911926567554474,0.02167493894734098,basket|link_0|link_1|link_2|link_3
0.0675,0.10000000000000003,0.12,True,True,True,True,True,True,True,True,True,-0.021911926567554474,0.012821656755837506,basket|link_0|link_1|link_2|link_3
0.0675,0.08000000000000002,0.12,True,True,True,True,True,True,True,True,True,-0.021911926567554474,0.006595266043431851,basket|link_0|link_1|link_2|link_3
0.0675,0.06,0.12,True,True,True,True,True,True,True,True,True,-0.021911919116973877,0.018127449918089487,basket|link_0|link_1|link_2|link_3
0.0675,0.040000000000000036,0.12,True,True,True,True,True,True,True,True,True,-0.021911919116973877,0.008805427322242867,basket|link_0|link_1|link_2|link_3
0.0675,0.020000000000000018,0.12,True,True,True,True,True,True,True,True,True,-0.021911919116973877,0.0047332559000811255,basket|link_0|link_1|link_2|link_3
0.0675,0.0,0.12,True,True,True,True,True,True,True,True,True,-0.021911919116973877,0.014658665296347479,basket|link_0|link_1|link_2|link_3
0.0675,-0.019999999999999962,0.12,True,True,True,True,True,True,True,True,True,-0.021911919116973877,0.005109227948881814,basket|link_0|link_1|link_2|link_3
0.0675,-0.03999999999999998,0.12,True,True,True,True,True,True,True,True,True,-0.021911919116973877,0.008363487866730347,basket|link_0|link_1|link_2|link_3
0.0675,-0.06,0.12,True,True,True,True,True,True,True,True,True,-0.021911919116973877,0.009232023734050184,basket|link_0|link_1|link_2|link_3
0.0675,-0.07999999999999996,0.12,True,True,True,True,True,True,True,True,True,-0.021911919116973877,0.003127403452267655,basket|link_0|link_1|link_2|link_3
0.0675,-0.09999999999999998,0.12,True,True,True,True,True,True,True,True,True,-0.021911919116973877,0.006158534307558838,basket|link_0|link_1|link_2|link_3
0.0675,-0.12,0.12,True,True,True,True,True,True,True,True,True,-0.02191191166639328,0.015888957702677876,basket|link_0|link_1|link_2|link_3
0.0675,-0.13999999999999996,0.12,True,True,True,True,True,True,True,True,True,-0.02191191166639328,0.01998350337101944,basket|link_0|link_1|link_2|link_3
0.0675,-0.15999999999999998,0.12,True,True,True,True,True,True,True,True,True,-0.02191191166639328,0.03453843816276059,basket|link_0|link_1|link_2|link_3
0.0675,-0.18,0.12,True,True,True,True,True,True,True,True,True,-0.029120370745658875,0.01742861939343017,basket|link_0|link_1|link_2|link_3
0.0675,-0.19999999999999998,0.12,True,True,True,True,True,True,True,True,True,-0.025410160422325134,0.012879966621051071,basket|link_0|link_1|link_2|link_3
0.0675,-0.21999999999999997,0.12,True,True,True,True,True,True,True,True,True,-0.020959801971912384,0.015298390775514696,basket|link_0|link_1|link_2|link_3
0.0675,-0.24,0.12,True,True,True,True,True,True,True,True,True,-0.020959801971912384,0.022425208884922998,basket|link_0|link_1|link_2|link_3
0.0675,-0.26,0.12,True,True,True,True,True,True,True,True,True,-0.020959801971912384,0.0633949364731808,basket|link_0|link_1|link_2|link_3
0.0675,-0.27999999999999997,0.12,True,True,True,True,True,True,True,True,True,-0.020959801971912384,0.056398714864269936,basket|link_0|link_1|link_2|link_3
0.0675,-0.3,0.12,True,True,True,True,True,True,True,True,True,-0.020959801971912384,0.026469519513053912,basket|link_0|link_1|link_2|link_3
0.0675,-0.31999999999999995,0.12,True,True,True,True,True,True,True,True,True,-0.01332758367061615,0.02657643391437939,basket|link_0|link_1|link_2|link_3
0.0675,-0.33999999999999997,0.12,False,False,True,False,False,True,False,False,True,0.006578236818313599,1.4901161193847656e-08,basket|link_0|link_1|link_2|link_3
0.0675,-0.36,0.12,False,False,True,False,False,True,False,False,True,,1.4901161193847656e-08,link_1|link_2|link_3
0.0675,-0.38,0.12,False,False,True,False,False,True,False,False,True,,1.4901161193847656e-08,link_1|link_2|link_3
0.0675,-0.39999999999999997,0.12,False,False,True,False,False,True,False,False,True,,1.4901161193847656e-08,link_1|link_2|link_3
0.0675,-0.42,0.12,False,False,True,False,False,True,False,False,True,,1.4901161193847656e-08,link_1|link_2|link_3
0.0675,0.42,0.09999999999999998,False,False,True,False,False,True,False,False,True,,1.4901161193847656e-08,link_2|link_3
0.0675,0.4000000000000001,0.09999999999999998,False,False,True,False,False,True,False,False,True,,1.4901161193847656e-08,link_2|link_3
0.0675,0.38000000000000006,0.09999999999999998,False,False,True,False,False,True,False,False,True,,1.4901161193847656e-08,link_2|link_3
0.0675,0.36000000000000004,0.09999999999999998,False,False,True,False,False,True,False,False,True,,1.4901161193847656e-08,link_2|link_3
0.0675,0.34,0.09999999999999998,False,False,True,False,False,True,False,False,True,0.004426747560501099,1.4901161193847656e-08,basket|link_0|link_2|link_3
0.0675,0.32,0.09999999999999998,True,True,True,True,True,True,True,True,True,-0.015421509742736816,0.04466898615802365,basket|link_0|link_2|link_3
0.0675,0.3,0.09999999999999998,True,True,True,True,True,True,True,True,True,-0.020959846675395966,0.010831588800302251,basket|link_0|link_2|link_3
0.0675,0.2800000000000001,0.09999999999999998,True,True,True,True,True,True,True,True,True,-0.020959846675395966,0.05924533468472772,basket|link_0|link_2|link_3
0.0675,0.26000000000000006,0.09999999999999998,True,True,True,True,True,True,True,True,True,-0.020959846675395966,0.04315614080349057,basket|link_0|link_2|link_3
0.0675,0.24000000000000005,0.09999999999999998,True,True,True,True,True,True,True,True,True,-0.020959846675395966,0.01852958758559327,basket|link_0|link_2|link_3
0.0675,0.22000000000000003,0.09999999999999998,True,True,True,True,True,True,True,True,True,-0.020959846675395966,0.007471655700582497,basket|link_0|link_2|link_3
0.0675,0.2,0.09999999999999998,True,True,True,True,True,True,True,True,True,-0.0287797749042511,0.00822537679601039,basket|link_0|link_2|link_3
0.0675,0.18,0.09999999999999998,True,True,True,True,True,True,True,True,True,-0.041911929845809937,0.05369245422736702,basket|link_0|link_2|link_3
0.0675,0.15999999999999998,0.09999999999999998,True,True,True,True,True,True,True,True,True,-0.041911929845809937,0.020942025305831852,basket|link_0|link_2|link_3
0.0675,0.14000000000000007,0.09999999999999998,True,True,True,True,True,True,True,True,True,-0.041911929845809937,0.023456195718392484,basket|link_0|link_2|link_3
0.0675,0.12000000000000005,0.09999999999999998,True,True,True,True,True,True,True,True,True,-0.041911929845809937,0.022092874577841374,basket|link_0|link_2|link_3
0.0675,0.10000000000000003,0.09999999999999998,True,True,True,True,True,True,True,True,True,-0.041911929845809937,0.01028778469299663,basket|link_0|link_2|link_3
0.0675,0.08000000000000002,0.09999999999999998,True,True,True,True,True,True,True,True,True,-0.041911929845809937,0.02135440679355497,basket|link_0|link_2|link_3
0.0675,0.06,0.09999999999999998,True,True,True,True,True,True,True,True,True,-0.04191192239522934,0.008915653980271365,basket|link_0|link_2|link_3
0.0675,0.040000000000000036,0.09999999999999998,True,True,True,True,True,True,True,True,True,-0.04191192239522934,0.0020284122030862495,basket|link_0|link_2|link_3
0.0675,0.020000000000000018,0.09999999999999998,True,True,True,True,True,True,True,True,True,-0.04191192239522934,0.010865860344019516,basket|link_0|link_2|link_3
0.0675,0.0,0.09999999999999998,True,True,True,True,True,True,True,True,True,-0.04191192239522934,0.012271095506557212,basket|link_0|link_2|link_3
0.0675,-0.019999999999999962,0.09999999999999998,True,True,True,True,True,True,True,True,True,-0.04191192239522934,0.02187533177038296,basket|link_0|link_2|link_3
0.0675,-0.03999999999999998,0.09999999999999998,True,True,True,True,True,True,True,True,True,-0.04191192239522934,0.009659854982547816,basket|link_0|link_2|link_3
0.0675,-0.06,0.09999999999999998,True,True,True,True,True,True,True,True,True,-0.04191192239522934,0.008023979094587434,basket|link_0|link_2|link_3
0.0675,-0.07999999999999996,0.09999999999999998,True,True,True,True,True,True,True,True,True,-0.04191192239522934,0.021568533431857634,basket|link_0|link_2|link_3
0.0675,-0.09999999999999998,0.09999999999999998,True,True,True,True,True,True,True,True,True,-0.04191192239522934,0.017923467822868938,basket|link_0|link_2|link_3
0.0675,-0.12,0.09999999999999998,True,True,True,True,True,True,True,True,True,-0.04191191494464874,0.008212277204448415,basket|link_0|link_2|link_3
0.0675,-0.13999999999999996,0.09999999999999998,True,True,True,True,True,True,True,True,True,-0.04191191494464874,0.009053217123823896,basket|link_0|link_2|link_3
0.0675,-0.15999999999999998,0.09999999999999998,True,True,True,True,True,True,True,True,True,-0.04191191494464874,0.002440115683156004,basket|link_0|link_2|link_3
0.0675,-0.18,0.09999999999999998,True,True,True,True,True,True,True,True,True,-0.04191191494464874,0.022783177552862622,basket|link_0|link_2|link_3
0.0675,-0.19999999999999998,0.09999999999999998,True,True,True,True,True,True,True,True,True,-0.02664169669151306,0.009810841744914279,basket|link_0|link_2|link_3
0.0675,-0.21999999999999997,0.09999999999999998,True,True,True,True,True,True,True,True,True,-0.020959816873073578,0.014398275193895289,basket|link_0|link_2|link_3
0.0675,-0.24,0.09999999999999998,True,True,True,True,True,True,True,True,True,-0.020959816873073578,0.04111310931751352,basket|link_0|link_2|link_3
0.0675,-0.26,0.09999999999999998,True,True,True,True,True,True,True,True,True,-0.020959801971912384,0.02388431389287359,basket|link_0|link_2|link_3
0.0675,-0.27999999999999997,0.09999999999999998,True,True,True,True,True,True,True,True,True,-0.020959801971912384,0.027784889954852666,basket|link_0|link_2|link_3
0.0675,-0.3,0.09999999999999998,True,True,True,True,True,True,True,True,True,-0.020959801971912384,0.026156179446845663,basket|link_0|link_2|link_3
0.0675,-0.31999999999999995,0.09999999999999998,True,True,True,True,True,True,True,True,True,-0.01332758367061615,0.009552878849874193,basket|link_0|link_2|link_3
0.0675,-0.33999999999999997,0.09999999999999998,False,False,True,False,False,True,False,False,True,0.006578236818313599,1.4901161193847656e-08,basket|link_0|link_2|link_3
0.0675,-0.36,0.09999999999999998,False,False,True,False,False,True,False,False,True,,1.4901161193847656e-08,link_2|link_3
0.0675,-0.38,0.09999999999999998,False,False,True,False,False,True,False,False,True,,1.4901161193847656e-08,link_2|link_3
0.0675,-0.39999999999999997,0.09999999999999998,False,False,True,False,False,True,False,False,True,,1.4901161193847656e-08,link_2|link_3
0.0675,-0.42,0.09999999999999998,False,False,True,False,False,True,False,False,True,,1.4901161193847656e-08,link_2|link_3
0.0675,0.42,0.07999999999999996,False,False,True,False,False,True,False,False,True,,1.4901161193847656e-08,link_2|link_3
0.0675,0.4000000000000001,0.07999999999999996,False,False,True,False,False,True,False,False,True,,1.4901161193847656e-08,link_2|link_3
0.0675,0.38000000000000006,0.07999999999999996,False,False,True,False,False,True,False,False,True,,1.4901161193847656e-08,link_2|link_3
0.0675,0.36000000000000004,0.07999999999999996,False,False,True,False,False,True,False,False,True,,1.4901161193847656e-08,link_2|link_3
0.0675,0.34,0.07999999999999996,False,False,True,False,False,True,False,False,True,0.004426747560501099,1.4901161193847656e-08,basket|link_0|link_2|link_3
0.0675,0.32,0.07999999999999996,True,True,True,True,True,True,True,True,True,-0.015421509742736816,0.056126819355880195,basket|link_0|link_2|link_3
0.0675,0.3,0.07999999999999996,True,True,True,True,True,True,True,True,True,-0.020959846675395966,0.033750330435624726,basket|link_0|link_2|link_3
0.0675,0.2800000000000001,0.07999999999999996,True,True,True,True,True,True,True,True,True,-0.020959846675395966,0.0578656365835555,basket|link_0|link_2|link_3
0.0675,0.26000000000000006,0.07999999999999996,True,True,True,True,True,True,True,True,True,-0.020959846675395966,0.028301610736953215,basket|link_0|link_2|link_3
0.0675,0.24000000000000005,0.07999999999999996,True,True,True,True,True,True,True,True,True,-0.020959846675395966,0.013079825799176123,basket|link_0|link_2|link_3
0.0675,0.22000000000000003,0.07999999999999996,True,True,True,True,True,True,True,True,True,-0.020959846675395966,0.018696074446549527,basket|link_0|link_2|link_3
0.0675,0.2,0.07999999999999996,True,True,True,True,True,True,True,True,True,-0.025853551924228668,0.02210152967580265,basket|link_0|link_2|link_3
0.0675,0.18,0.07999999999999996,True,True,True,True,True,True,True,True,True,-0.025854788720607758,0.017812691983295187,basket|link_0|link_2|link_3
0.0675,0.15999999999999998,0.07999999999999996,True,True,True,True,True,True,True,True,True,-0.02585480362176895,0.01632337595923478,basket|link_0|link_2|link_3
0.0675,0.14000000000000007,0.07999999999999996,True,True,True,True,True,True,True,True,True,-0.02585480362176895,0.010346380268333498,basket|link_0|link_2|link_3
0.0675,0.12000000000000005,0.07999999999999996,True,True,True,True,True,True,True,True,True,-0.02585480362176895,0.004397431250373337,basket|link_0|link_2|link_3
0.0675,0.10000000000000003,0.07999999999999996,True,True,True,True,True,True,True,True,True,-0.02585480362176895,0.009161417995745817,basket|link_0|link_2|link_3
0.0675,0.08000000000000002,0.07999999999999996,True,True,True,True,True,True,True,True,True,-0.02585480362176895,0.007024416885157259,basket|link_0|link_2|link_3
0.0675,0.06,0.07999999999999996,True,True,True,True,True,True,True,True,True,-0.02585480362176895,0.002298878227663197,basket|link_0|link_2|link_3
0.0675,0.040000000000000036,0.07999999999999996,True,True,True,True,True,True,True,True,True,-0.02585480362176895,0.012566540453951097,basket|link_0|link_2|link_3
0.0675,0.020000000000000018,0.07999999999999996,True,True,True,True,True,True,True,True,True,-0.02585480362176895,0.010082314157257665,basket|link_0|link_2|link_3
0.0675,0.0,0.07999999999999996,True,True,True,True,True,True,True,True,True,-0.02585480362176895,0.005982269823949404,basket|link_0|link_2|link_3
0.0675,-0.019999999999999962,0.07999999999999996,True,True,True,True,True,True,True,True,True,-0.02585480362176895,0.01267378426547541,basket|link_0|link_2|link_3
0.0675,-0.03999999999999998,0.07999999999999996,True,True,True,True,True,True,True,True,True,-0.02585480362176895,0.017788332549025378,basket|link_0|link_2|link_3
0.0675,-0.06,0.07999999999999996,True,True,True,True,True,True,True,True,True,-0.02585480362176895,0.011202756450853894,basket|link_0|link_2|link_3
0.0675,-0.07999999999999996,0.07999999999999996,True,True,True,True,True,True,True,True,True,-0.02585480362176895,0.015914741183964593,basket|link_0|link_2|link_3
0.0675,-0.09999999999999998,0.07999999999999996,True,True,True,True,True,True,True,True,True,-0.02585480362176895,0.01243548003126884,basket|link_0|link_2|link_3
0.0675,-0.12,0.07999999999999996,True,True,True,True,True,True,True,True,True,-0.02585480362176895,0.01094399850440247,basket|link_0|link_2|link_3
0.0675,-0.13999999999999996,0.07999999999999996,True,True,True,True,True,True,True,True,True,-0.02585480362176895,0.010121373393860779,basket|link_0|link_2|link_3
0.0675,-0.15999999999999998,0.07999999999999996,True,True,True,True,True,True,True,True,True,-0.02585480362176895,0.0070105837478487195,basket|link_0|link_2|link_3
0.0675,-0.18,0.07999999999999996,True,True,True,True,True,True,True,True,True,-0.02585480362176895,0.009552520713072776,basket|link_0|link_2|link_3
0.0675,-0.19999999999999998,0.07999999999999996,True,True,True,True,True,True,True,True,True,-0.025854818522930145,0.01909789412924092,basket|link_0|link_2|link_3
0.0675,-0.21999999999999997,0.07999999999999996,True,True,True,True,True,True,True,True,True,-0.020959816873073578,0.02309912750808362,basket|link_0|link_2|link_3
0.0675,-0.24,0.07999999999999996,True,True,True,True,True,True,True,True,True,-0.020959816873073578,0.0251368040840202,basket|link_0|link_2|link_3
0.0675,-0.26,0.07999999999999996,True,True,True,True,True,True,True,True,True,-0.020959816873073578,0.048771904626839696,basket|link_0|link_2|link_3
0.0675,-0.27999999999999997,0.07999999999999996,True,True,True,True,True,True,True,True,True,-0.020959801971912384,0.08445935554540479,basket|link_0|link_2|link_3
0.0675,-0.3,0.07999999999999996,True,True,True,True,True,True,True,True,True,-0.020959801971912384,0.024325579428253457,basket|link_0|link_2|link_3
0.0675,-0.31999999999999995,0.07999999999999996,True,True,True,True,True,True,True,True,True,-0.01332758367061615,0.019040533537116454,basket|link_0|link_2|link_3
0.0675,-0.33999999999999997,0.07999999999999996,False,False,True,False,False,True,False,False,True,0.006578236818313599,1.4901161193847656e-08,basket|link_0|link_2|link_3
0.0675,-0.36,0.07999999999999996,False,False,True,False,False,True,False,False,True,,1.4901161193847656e-08,link_2|link_3
0.0675,-0.38,0.07999999999999996,False,False,True,False,False,True,False,False,True,,1.4901161193847656e-08,link_2|link_3
0.0675,-0.39999999999999997,0.07999999999999996,False,False,True,False,False,True,False,False,True,,1.4901161193847656e-08,link_2|link_3
0.0675,-0.42,0.07999999999999996,False,False,True,False,False,True,False,False,True,,1.4901161193847656e-08,link_2|link_3
0.0675,0.42,0.06,False,False,True,False,False,True,False,False,True,,1.4901161193847656e-08,link_2|link_3
0.0675,0.4000000000000001,0.06,False,False,True,False,False,True,False,False,True,,1.4901161193847656e-08,link_2|link_3
0.0675,0.38000000000000006,0.06,False,False,True,False,False,True,False,False,True,,1.4901161193847656e-08,link_2|link_3
0.0675,0.36000000000000004,0.06,False,False,True,False,False,True,False,False,True,,1.4901161193847656e-08,link_2|link_3
0.0675,0.34,0.06,False,False,True,False,False,True,False,False,True,0.004426747560501099,1.4901161193847656e-08,basket|link_0|link_2|link_3
0.0675,0.32,0.06,True,True,True,True,True,True,True,True,True,-0.015421509742736816,0.06289438106212074,basket|link_0|link_2|link_3
0.0675,0.3,0.06,True,True,True,True,True,True,True,True,True,-0.02095986157655716,0.025051517167924076,basket|link_0|link_2|link_3
0.0675,0.2800000000000001,0.06,True,True,True,True,True,True,True,True,True,-0.02095986157655716,0.055383825317360254,basket|link_0|link_2|link_3
0.0675,0.26000000000000006,0.06,True,True,True,True,True,True,True,True,True,-0.02095986157655716,0.025621458267525685,basket|link_0|link_2|link_3
0.0675,0.24000000000000005,0.06,True,True,True,True,True,True,True,True,True,-0.02095986157655716,0.01741259085323567,basket|link_0|link_2|link_3
0.0675,0.22000000000000003,0.06,True,True,True,True,True,True,True,True,True,-0.02095986157655716,0.01790281293414411,basket|link_0|link_2|link_3
0.0675,0.2,0.06,True,True,True,True,True,True,True,True,True,-0.02095986157655716,0.01913692101949669,basket|link_0|link_2|link_3
0.0675,0.18,0.06,True,True,True,True,True,True,True,True,True,-0.02095986157655716,0.019091836273104235,basket|link_0|link_2|link_3
0.0675,0.15999999999999998,0.06,True,True,True,True,True,True,True,True,True,-0.020959846675395966,0.005870593210561997,basket|link_0|link_2|link_3
0.0675,0.14000000000000007,0.06,True,True,True,True,True,True,True,True,True,-0.020959846675395966,0.014068409839703396,basket|link_0|link_2|link_3
0.0675,0.12000000000000005,0.06,True,True,True,True,True,True,True,True,True,-0.020959846675395966,0.00648943062576868,basket|link_0|link_2|link_3
0.0675,0.10000000000000003,0.06,True,True,True,True,True,True,True,True,True,-0.020959846675395966,0.015306416952893798,basket|link_0|link_2|link_3
0.0675,0.08000000000000002,0.06,True,True,True,True,True,True,True,True,True,-0.02095986157655716,0.009621592525280385,basket|link_0|link_2|link_3
0.0675,0.06,0.06,True,True,True,True,True,True,True,True,True,-0.02095986157655716,0.012430107054398154,basket|link_0|link_2|link_3
0.0675,0.040000000000000036,0.06,True,True,True,True,True,True,True,True,True,-0.026204654946923256,0.00877569645226911,basket|link_0|link_2|link_3
0.0675,0.020000000000000018,0.06,True,True,True,True,True,True,True,True,True,-0.04066173732280731,0.004197817669327709,basket|link_0|link_2|link_3
0.0675,0.0,0.06,True,True,True,True,True,True,True,True,True,-0.030824773013591766,0.011668020606981029,basket|link_0|link_2|link_3
0.0675,-0.019999999999999962,0.06,True,True,True,True,True,True,True,True,True,-0.023982688784599304,0.012806269896346121,basket|link_0|link_2|link_3
0.0675,-0.03999999999999998,0.06,True,True,True,True,True,True,True,True,True,-0.021403923630714417,0.009268455981876181,basket|link_0|link_2|link_3
0.0675,-0.06,0.06,True,True,True,True,True,True,True,True,True,-0.020959846675395966,0.005256216658715455,basket|link_0|link_2|link_3
0.0675,-0.07999999999999996,0.06,True,True,True,True,True,True,True,True,True,-0.020959846675395966,0.003317883189465031,basket|link_0|link_2|link_3
0.0675,-0.09999999999999998,0.06,True,True,True,True,True,True,True,True,True,-0.020959846675395966,0.009054569288395794,basket|link_0|link_2|link_3
0.0675,-0.12,0.06,True,True,True,True,True,True,True,True,True,-0.02095983177423477,0.008688858437412737,basket|link_0|link_2|link_3
0.0675,-0.13999999999999996,0.06,True,True,True,True,True,True,True,True,True,-0.02095983177423477,0.01311393385658355,basket|link_0|link_2|link_3
0.0675,-0.15999999999999998,0.06,True,True,True,True,True,True,True,True,True,-0.02095983177423477,0.009410572443307114,basket|link_0|link_2|link_3
0.0675,-0.18,0.06,True,True,True,True,True,True,True,True,True,-0.02095983177423477,0.015968668397596267,basket|link_0|link_2|link_3
0.0675,-0.19999999999999998,0.06,True,True,True,True,True,True,True,True,True,-0.02095983177423477,0.018340626939254586,basket|link_0|link_2|link_3
0.0675,-0.21999999999999997,0.06,True,True,True,True,True,True,True,True,True,-0.02095983177423477,0.00869951637876285,basket|link_0|link_2|link_3
0.0675,-0.24,0.06,True,True,True,True,True,True,True,True,True,-0.020959816873073578,0.013114718961256823,basket|link_0|link_2|link_3
0.0675,-0.26,0.06,True,True,True,True,True,True,True,True,True,-0.020959816873073578,0.055591003087374344,basket|link_0|link_2|link_3
0.0675,-0.27999999999999997,0.06,True,True,True,True,True,True,True,True,True,-0.020959816873073578,0.0673236614653519,basket|link_0|link_2|link_3
0.0675,-0.3,0.06,True,True,True,True,True,True,True,True,True,-0.020959816873073578,0.02343710408673432,basket|link_0|link_2|link_3
0.0675,-0.31999999999999995,0.06,True,True,True,True,True,True,True,True,True,-0.01332758367061615,0.047353625774155486,basket|link_0|link_2|link_3
0.0675,-0.33999999999999997,0.06,False,False,True,False,False,True,False,False,True,0.006578236818313599,1.4901161193847656e-08,basket|link_0|link_2|link_3
0.0675,-0.36,0.06,False,False,True,False,False,True,False,False,True,,1.4901161193847656e-08,link_2|link_3
0.0675,-0.38,0.06,False,False,True,False,False,True,False,False,True,,1.4901161193847656e-08,link_2|link_3
0.0675,-0.39999999999999997,0.06,False,False,True,False,False,True,False,False,True,,1.4901161193847656e-08,link_2|link_3
0.0675,-0.42,0.06,False,False,True,False,False,True,False,False,True,,1.4901161193847656e-08,link_2|link_3
0.0675,0.42,0.03999999999999998,False,False,True,False,False,True,False,False,True,,1.4901161193847656e-08,link_2|link_3
0.0675,0.4000000000000001,0.03999999999999998,False,False,True,False,False,True,False,False,True,,1.4901161193847656e-08,link_2|link_3
0.0675,0.38000000000000006,0.03999999999999998,False,False,True,False,False,True,False,False,True,,1.4901161193847656e-08,link_2|link_3
0.0675,0.36000000000000004,0.03999999999999998,False,False,True,False,False,True,False,False,True,,1.4901161193847656e-08,link_2|link_3
0.0675,0.34,0.03999999999999998,False,False,True,False,False,True,False,False,True,0.004426747560501099,1.4901161193847656e-08,basket|link_0|link_2|link_3
0.0675,0.32,0.03999999999999998,True,True,True,True,True,True,True,True,True,-0.015421509742736816,0.04516494738940806,basket|link_0|link_2|link_3
0.0675,0.3,0.03999999999999998,True,True,True,True,True,True,True,True,True,-0.020959876477718353,0.04982532270418073,basket|link_0|link_2|link_3
0.0675,0.2800000000000001,0.03999999999999998,True,True,True,True,True,True,True,True,True,-0.020959876477718353,0.05026809087714666,basket|link_0|link_2|link_3
0.0675,0.26000000000000006,0.03999999999999998,True,True,True,True,True,True,True,True,True,-0.02095986157655716,0.020251386809464964,basket|link_0|link_2|link_3
0.0675,0.24000000000000005,0.03999999999999998,True,True,True,True,True,True,True,True,True,-0.02095986157655716,0.008637749152202057,basket|link_0|link_2|link_3
0.0675,0.22000000000000003,0.03999999999999998,True,True,True,True,True,True,True,True,True,-0.02095986157655716,0.011086985846382815,basket|link_0|link_2|link_3
0.0675,0.2,0.03999999999999998,True,True,True,True,True,True,True,True,True,-0.02095986157655716,0.006901260993108653,basket|link_0|link_2|link_3
0.0675,0.18,0.03999999999999998,True,True,True,True,True,True,True,True,True,-0.02095986157655716,0.010886455349468579,basket|link_0|link_2|link_3
0.0675,0.15999999999999998,0.03999999999999998,True,True,True,True,True,True,True,True,True,-0.02095986157655716,0.0049536089995978975,basket|link_0|link_2|link_3
0.0675,0.14000000000000007,0.03999999999999998,True,True,True,True,True,True,True,True,True,-0.020959846675395966,0.009876444413075312,basket|link_0|link_2|link_3
0.0675,0.12000000000000005,0.03999999999999998,True,True,True,True,True,True,True,True,True,-0.020959846675395966,0.008722615505666434,basket|link_0|link_2|link_3
0.0675,0.10000000000000003,0.03999999999999998,True,True,True,True,True,True,True,True,True,-0.020959846675395966,0.006374585392596781,basket|link_0|link_2|link_3
0.0675,0.08000000000000002,0.03999999999999998,True,True,True,True,True,True,True,True,True,-0.02095986157655716,0.008971351932362431,basket|link_0|link_2|link_3
0.0675,0.06,0.03999999999999998,True,True,True,True,True,True,True,True,True,-0.02095986157655716,0.007208729462569219,basket|link_0|link_2|link_3
0.0675,0.040000000000000036,0.03999999999999998,True,True,True,True,True,True,True,True,True,-0.02095986157655716,0.01083379073511118,basket|link_0|link_2|link_3
0.0675,0.020000000000000018,0.03999999999999998,True,True,True,True,True,True,True,True,True,-0.02095986157655716,0.0023750754052963233,basket|link_0|link_2|link_3
0.0675,0.0,0.03999999999999998,True,True,True,True,True,True,True,True,True,-0.02095986157655716,0.008981995880780278,basket|link_0|link_1|link_2|link_3
0.0675,-0.019999999999999962,0.03999999999999998,True,True,True,True,True,True,True,True,True,-0.020959846675395966,0.011390562926126366,basket|link_0|link_1|link_2|link_3
0.0675,-0.03999999999999998,0.03999999999999998,True,True,True,True,True,True,True,True,True,-0.020959846675395966,0.008485534982006333,basket|link_0|link_1|link_2|link_3
0.0675,-0.06,0.03999999999999998,True,True,True,True,True,True,True,True,True,-0.020959846675395966,0.00853203244100431,basket|link_0|link_1|link_2|link_3
0.0675,-0.07999999999999996,0.03999999999999998,True,True,True,True,True,True,True,True,True,-0.020959846675395966,0.0075339588648064455,basket|link_0|link_1|link_2|link_3
0.0675,-0.09999999999999998,0.03999999999999998,True,True,True,True,True,True,True,True,True,-0.020959846675395966,0.010526008831659835,basket|link_0|link_1|link_2|link_3
0.0675,-0.12,0.03999999999999998,True,True,True,True,True,True,True,True,True,-0.020959846675395966,0.002162781585774559,basket|link_0|link_1|link_2|link_3
0.0675,-0.13999999999999996,0.03999999999999998,True,True,True,True,True,True,True,True,True,-0.02095983177423477,0.008751317808486573,basket|link_0|link_1|link_2|link_3
0.0675,-0.15999999999999998,0.03999999999999998,True,True,True,True,True,True,True,True,True,-0.02095983177423477,0.005910886575394824,basket|link_0|link_1|link_2|link_3
0.0675,-0.18,0.03999999999999998,True,True,True,True,True,True,True,True,True,-0.02095983177423477,0.010444018884976064,basket|link_0|link_1|link_2|link_3
0.0675,-0.19999999999999998,0.03999999999999998,True,True,True,True,True,True,True,True,True,-0.02095983177423477,0.01390130789586337,basket|link_0|link_1|link_2|link_3
0.0675,-0.21999999999999997,0.03999999999999998,True,True,True,True,True,True,True,True,True,-0.02095983177423477,0.011285309572908042,basket|link_0|link_1|link_2|link_3
0.0675,-0.24,0.03999999999999998,True,True,True,True,True,True,True,True,True,-0.02095983177423477,0.014065879209750122,basket|link_0|link_1|link_2|link_3
0.0675,-0.26,0.03999999999999998,True,True,True,True,True,True,True,True,True,-0.020959816873073578,0.026228086975579257,basket|link_0|link_1|link_2|link_3
0.0675,-0.27999999999999997,0.03999999999999998,True,True,True,True,True,True,True,True,True,-0.020959816873073578,0.03619117202490544,basket|link_0|link_1|link_2|link_3
0.0675,-0.3,0.03999999999999998,True,True,True,True,True,True,True,True,True,-0.020959816873073578,0.00735961058255,basket|link_0|link_1|link_2|link_3
0.0675,-0.31999999999999995,0.03999999999999998,True,True,True,True,True,True,True,True,True,-0.013416588306427002,0.038038275012043335,basket|link_0|link_2|link_3
0.0675,-0.33999999999999997,0.03999999999999998,False,False,True,False,False,True,False,False,True,0.006578236818313599,1.4901161193847656e-08,basket|link_0|link_2|link_3
0.0675,-0.36,0.03999999999999998,False,False,True,False,False,True,False,False,True,,1.4901161193847656e-08,link_2|link_3
0.0675,-0.38,0.03999999999999998,False,False,True,False,False,True,False,False,True,,1.4901161193847656e-08,link_2|link_3
0.0675,-0.39999999999999997,0.03999999999999998,False,False,True,False,False,True,False,False,True,,1.4901161193847656e-08,link_2|link_3
0.0675,-0.42,0.03999999999999998,False,False,True,False,False,True,False,False,True,,1.4901161193847656e-08,link_2|link_3
0.0675,0.42,0.019999999999999962,False,False,True,False,False,True,False,False,True,,1.4901161193847656e-08,link_2|link_3
0.0675,0.4000000000000001,0.019999999999999962,False,False,True,False,False,True,False,False,True,,1.4901161193847656e-08,link_2|link_3
0.0675,0.38000000000000006,0.019999999999999962,False,False,True,False,False,True,False,False,True,,1.4901161193847656e-08,link_2|link_3
0.0675,0.36000000000000004,0.019999999999999962,False,False,True,False,False,True,False,False,True,,1.4901161193847656e-08,link_2|link_3
0.0675,0.34,0.019999999999999962,False,False,True,False,False,True,False,False,True,0.004426747560501099,1.4901161193847656e-08,basket|link_0|link_2|link_3
0.0675,0.32,0.019999999999999962,True,True,True,True,True,True,True,True,True,-0.015421509742736816,0.055454916217619825,basket|link_0|link_2|link_3
0.0675,0.3,0.019999999999999962,True,True,True,True,True,True,True,True,True,-0.020959876477718353,0.04182830374399195,basket|link_0|link_2|link_3
0.0675,0.2800000000000001,0.019999999999999962,True,True,True,True,True,True,True,True,True,-0.020959876477718353,0.017129099703280002,basket|link_0|link_2|link_3
0.0675,0.26000000000000006,0.019999999999999962,True,True,True,True,True,True,True,True,True,-0.020959876477718353,0.021288604946828542,basket|link_0|link_2|link_3
0.0675,0.24000000000000005,0.019999999999999962,True,True,True,True,True,True,True,True,True,-0.02095986157655716,0.011871563009726334,basket|link_0|link_2|link_3
0.0675,0.22000000000000003,0.019999999999999962,True,True,True,True,True,True,True,True,True,-0.02095986157655716,0.013629717637221596,basket|link_0|link_2|link_3
0.0675,0.2,0.019999999999999962,True,True,True,True,True,True,True,True,True,-0.02095986157655716,0.015483177277830325,basket|link_0|link_2|link_3
0.0675,0.18,0.019999999999999962,True,True,True,True,True,True,True,True,True,-0.02095986157655716,0.007038777317875594,basket|link_0|link_2|link_3
0.0675,0.15999999999999998,0.019999999999999962,True,True,True,True,True,True,True,True,True,-0.02095986157655716,0.014387775335207477,basket|link_0|link_2|link_3
0.0675,0.14000000000000007,0.019999999999999962,True,True,True,True,True,True,True,True,True,-0.02095986157655716,0.008833156759358234,basket|link_0|link_2|link_3
0.0675,0.12000000000000005,0.019999999999999962,True,True,True,True,True,True,True,True,True,-0.020959846675395966,0.013232529658125049,basket|link_0|link_2|link_3
0.0675,0.10000000000000003,0.019999999999999962,True,True,True,True,True,True,True,True,True,-0.020959846675395966,0.001312408792551888,basket|link_0|link_2|link_3
0.0675,0.08000000000000002,0.019999999999999962,True,True,True,True,True,True,True,True,True,-0.02095986157655716,0.009234082246174046,basket|link_0|link_2|link_3
0.0675,0.06,0.019999999999999962,True,True,True,True,True,True,True,True,True,-0.02095986157655716,0.012023270865641747,basket|link_0|link_2|link_3
0.0675,0.040000000000000036,0.019999999999999962,True,True,True,True,True,True,True,True,True,-0.02095986157655716,0.011558909577939404,basket|link_0|link_2|link_3
0.0675,0.020000000000000018,0.019999999999999962,True,True,True,True,True,True,True,True,True,-0.02095986157655716,0.008259603844888688,basket|link_0|link_1|link_2|link_3
0.0675,0.0,0.019999999999999962,True,True,True,True,True,True,True,True,True,-0.02095986157655716,0.006633697953390573,basket|link_0|link_1|link_2|link_3
0.0675,-0.019999999999999962,0.019999999999999962,True,True,True,True,True,True,True,True,True,-0.02095986157655716,0.0043269337421116905,basket|link_0|link_1|link_2|link_3
0.0675,-0.03999999999999998,0.019999999999999962,True,True,True,True,True,True,True,True,True,-0.020959846675395966,0.00380349457442032,basket|link_0|link_1|link_2|link_3
0.0675,-0.06,0.019999999999999962,True,True,True,True,True,True,True,True,True,-0.020959846675395966,0.00845843477975303,basket|link_0|link_1|link_2|link_3
0.0675,-0.07999999999999996,0.019999999999999962,True,True,True,True,True,True,True,True,True,-0.020959846675395966,0.005853961293774509,basket|link_0|link_1|link_2|link_3
0.0675,-0.09999999999999998,0.019999999999999962,True,True,True,True,True,True,True,True,True,-0.020959846675395966,0.0077305786537938985,basket|link_0|link_1|link_2|link_3
0.0675,-0.12,0.019999999999999962,True,True,True,True,True,True,True,True,True,-0.020959846675395966,0.004075745029173468,basket|link_0|link_1|link_2|link_3
0.0675,-0.13999999999999996,0.019999999999999962,True,True,True,True,True,True,True,True,True,-0.020959846675395966,0.01477268135387596,basket|link_0|link_1|link_2|link_3
0.0675,-0.15999999999999998,0.019999999999999962,True,True,True,True,True,True,True,True,True,-0.02095983177423477,0.007295162185976813,basket|link_0|link_1|link_2|link_3
0.0675,-0.18,0.019999999999999962,True,True,True,True,True,True,True,True,True,-0.02095983177423477,0.004036041627173252,basket|link_0|link_1|link_2|link_3
0.0675,-0.19999999999999998,0.019999999999999962,True,True,True,True,True,True,True,True,True,-0.02095983177423477,0.014587484504760306,basket|link_0|link_1|link_2|link_3
0.0675,-0.21999999999999997,0.019999999999999962,True,True,True,True,True,True,True,True,True,-0.02095983177423477,0.01467916287823241,basket|link_0|link_1|link_2|link_3
0.0675,-0.24,0.019999999999999962,True,True,True,True,True,True,True,True,True,-0.02095983177423477,0.01685899002394183,basket|link_0|link_1|link_2|link_3
0.0675,-0.26,0.019999999999999962,True,True,True,True,True,True,True,True,True,-0.02095983177423477,0.0320732284405256,basket|link_0|link_1|link_2|link_3
0.0675,-0.27999999999999997,0.019999999999999962,True,True,True,True,True,True,True,True,True,-0.020959816873073578,0.06105699805050722,basket|link_0|link_1|link_2|link_3
0.0675,-0.3,0.019999999999999962,True,True,True,True,True,True,True,True,True,-0.020959816873073578,0.029531489409293683,basket|link_0|link_2|link_3
0.0675,-0.31999999999999995,0.019999999999999962,True,True,True,True,True,True,True,True,True,-0.013416588306427002,0.017375218292325866,basket|link_0|link_2|link_3
0.0675,-0.33999999999999997,0.019999999999999962,False,False,True,False,False,True,False,False,True,0.006578236818313599,1.4901161193847656e-08,basket|link_0|link_2|link_3
0.0675,-0.36,0.019999999999999962,False,False,True,False,False,True,False,False,True,,1.4901161193847656e-08,link_2|link_3
0.0675,-0.38,0.019999999999999962,False,False,True,False,False,True,False,False,True,,1.4901161193847656e-08,link_2|link_3
0.0675,-0.39999999999999997,0.019999999999999962,False,False,True,False,False,True,False,False,True,,1.4901161193847656e-08,link_2|link_3
0.0675,-0.42,0.019999999999999962,False,False,True,False,False,True,False,False,True,,1.4901161193847656e-08,link_2|link_3
0.0675,0.42,0.0,False,False,True,False,False,True,False,False,True,,1.4901161193847656e-08,link_2|link_3
0.0675,0.4000000000000001,0.0,False,False,True,False,False,True,False,False,True,,1.4901161193847656e-08,link_2|link_3
0.0675,0.38000000000000006,0.0,False,False,True,False,False,True,False,False,True,,1.4901161193847656e-08,link_2|link_3
0.0675,0.36000000000000004,0.0,False,False,True,False,False,True,False,False,True,,1.4901161193847656e-08,link_2|link_3
0.0675,0.34,0.0,False,False,True,False,False,True,False,False,True,0.004426747560501099,1.4901161193847656e-08,basket|link_0|link_2|link_3
0.0675,0.32,0.0,True,True,True,True,True,True,True,True,True,-0.015421509742736816,0.08208213077230096,basket|link_0|link_2|link_3
0.0675,0.3,0.0,True,True,True,True,True,True,True,True,True,-0.020959876477718353,0.03867781027825017,basket|link_0|link_2|link_3
0.0675,0.2800000000000001,0.0,True,True,True,True,True,True,True,True,True,-0.020959876477718353,0.03584266793135421,basket|link_0|link_2|link_3
0.0675,0.26000000000000006,0.0,True,True,True,True,True,True,True,True,True,-0.020959876477718353,0.029077974807690442,basket|link_0|link_2|link_3
0.0675,0.24000000000000005,0.0,True,True,True,True,True,True,True,True,True,-0.020959876477718353,0.020691119471487208,basket|link_0|link_2|link_3
0.0675,0.22000000000000003,0.0,True,True,True,True,True,True,True,True,True,-0.02095986157655716,0.012780002831068232,basket|link_0|link_2|link_3
0.0675,0.2,0.0,True,True,True,True,True,True,True,True,True,-0.02095986157655716,0.00745859957043926,basket|link_0|link_2|link_3
0.0675,0.18,0.0,True,True,True,True,True,True,True,True,True,-0.02095986157655716,0.015068036585341853,basket|link_0|link_2|link_3
0.0675,0.15999999999999998,0.0,True,True,True,True,True,True,True,True,True,-0.02095986157655716,0.00667484946446398,basket|link_0|link_2|link_3
0.0675,0.14000000000000007,0.0,True,True,True,True,True,True,True,True,True,-0.02095986157655716,0.002636712115876662,basket|link_0|link_2|link_3
0.0675,0.12000000000000005,0.0,True,True,True,True,True,True,True,True,True,-0.02095986157655716,0.004550683664977859,basket|link_0|link_2|link_3
0.0675,0.10000000000000003,0.0,True,True,True,True,True,True,True,True,True,-0.020959846675395966,0.009658986817757485,basket|link_0|link_2|link_3
0.0675,0.08000000000000002,0.0,True,True,True,True,True,True,True,True,True,-0.02095986157655716,0.008382621422488332,basket|link_0|link_2|link_3
0.0675,0.06,0.0,True,True,True,True,True,True,True,True,True,-0.02095986157655716,0.01961690306201336,basket|link_0|link_2|link_3
0.0675,0.040000000000000036,0.0,True,True,True,True,True,True,True,True,True,-0.02095986157655716,0.012160425803843869,basket|link_0|link_2|link_3
0.0675,0.020000000000000018,0.0,True,True,True,True,True,True,True,True,True,-0.02095986157655716,0.004544993999311845,basket|link_0|link_1|link_2|link_3
0.0675,0.0,0.0,True,True,True,True,True,True,True,True,True,-0.02095986157655716,0.012253930808480955,basket|link_0|link_1|link_2|link_3
0.0675,-0.019999999999999962,0.0,True,True,True,True,True,True,True,True,True,-0.02095986157655716,0.011908246010142,basket|link_0|link_1|link_2|link_3
0.0675,-0.03999999999999998,0.0,True,True,True,True,True,True,True,True,True,-0.02095986157655716,0.013881657536567676,basket|link_0|link_1|link_2|link_3
0.0675,-0.06,0.0,True,True,True,True,True,True,True,True,True,-0.020959846675395966,0.008907123639761346,basket|link_0|link_1|link_2|link_3
0.0675,-0.07999999999999996,0.0,True,True,True,True,True,True,True,True,True,-0.020959846675395966,0.011293456946257245,basket|link_0|link_1|link_2|link_3
0.0675,-0.09999999999999998,0.0,True,True,True,True,True,True,True,True,True,-0.020959846675395966,0.006846131090116201,basket|link_0|link_1|link_2|link_3
0.0675,-0.12,0.0,True,True,True,True,True,True,True,True,True,-0.020959846675395966,0.0056151019913907325,basket|link_0|link_1|link_2|link_3
0.0675,-0.13999999999999996,0.0,True,True,True,True,True,True,True,True,True,-0.020959846675395966,0.004617026429293895,basket|link_0|link_1|link_2|link_3
0.0675,-0.15999999999999998,0.0,True,True,True,True,True,True,True,True,True,-0.020959846675395966,0.0129069065635126,basket|link_0|link_1|link_2|link_3
0.0675,-0.18,0.0,True,True,True,True,True,True,True,True,True,-0.02095983177423477,0.019929762636479224,basket|link_0|link_1|link_2|link_3
0.0675,-0.19999999999999998,0.0,True,True,True,True,True,True,True,True,True,-0.02095983177423477,0.014477209019050362,basket|link_0|link_1|link_2|link_3
0.0675,-0.21999999999999997,0.0,True,True,True,True,True,True,True,True,True,-0.02095983177423477,0.01803354125621329,basket|link_0|link_1|link_2|link_3
0.0675,-0.24,0.0,True,True,True,True,True,True,True,True,True,-0.02095983177423477,0.015908712258266268,basket|link_0|link_1|link_2|link_3
0.0675,-0.26,0.0,True,True,True,True,True,True,True,True,True,-0.02095983177423477,0.038410303419953426,basket|link_0|link_1|link_2|link_3
0.0675,-0.27999999999999997,0.0,True,True,True,True,True,True,True,True,True,-0.02095983177423477,0.0848286006314395,basket|link_0|link_1|link_2|link_3
0.0675,-0.3,0.0,True,True,True,True,True,True,True,True,True,-0.020959816873073578,0.0253256173594204,basket|link_0|link_1|link_2|link_3
0.0675,-0.31999999999999995,0.0,True,True,True,True,True,True,True,True,True,-0.013416588306427002,0.027970729146483346,basket|link_0|link_1|link_2|link_3
0.0675,-0.33999999999999997,0.0,False,False,True,False,False,True,False,False,True,0.006578236818313599,1.4901161193847656e-08,basket|link_0|link_2|link_3
0.0675,-0.36,0.0,False,False,True,False,False,True,False,False,True,,1.4901161193847656e-08,link_2|link_3
0.0675,-0.38,0.0,False,False,True,False,False,True,False,False,True,,1.4901161193847656e-08,link_2|link_3
0.0675,-0.39999999999999997,0.0,False,False,True,False,False,True,False,False,True,,1.4901161193847656e-08,link_2|link_3
0.0675,-0.42,0.0,False,False,True,False,False,True,False,False,True,,1.4901161193847656e-08,link_2|link_3
0.0675,0.42,-0.020000000000000018,False,False,True,False,False,True,False,False,True,,1.4901161193847656e-08,link_2|link_3
0.0675,0.4000000000000001,-0.020000000000000018,False,False,True,False,False,True,False,False,True,,1.4901161193847656e-08,link_2|link_3
0.0675,0.38000000000000006,-0.020000000000000018,False,False,True,False,False,True,False,False,True,,1.4901161193847656e-08,link_2|link_3
0.0675,0.36000000000000004,-0.020000000000000018,False,False,True,False,False,True,False,False,True,,1.4901161193847656e-08,link_2|link_3
0.0675,0.34,-0.020000000000000018,False,False,True,False,False,True,False,False,True,0.004426747560501099,1.4901161193847656e-08,basket|link_0|link_2|link_3
0.0675,0.32,-0.020000000000000018,True,True,True,True,True,True,True,True,True,-0.015421509742736816,0.08554271715544283,basket|link_0|link_2|link_3
0.0675,0.3,-0.020000000000000018,True,True,True,True,True,True,True,True,True,-0.020959876477718353,0.028709912007986477,basket|link_0|link_2|link_3
0.0675,0.2800000000000001,-0.020000000000000018,True,True,True,True,True,True,True,True,True,-0.020959876477718353,0.06536615965304478,basket|link_0|link_2|link_3
0.0675,0.26000000000000006,-0.020000000000000018,True,True,True,True,True,True,True,True,True,-0.020959876477718353,0.025843380467554692,basket|link_0|link_2|link_3
0.0675,0.24000000000000005,-0.020000000000000018,True,True,True,True,True,True,True,True,True,-0.020959876477718353,0.009716519490590258,basket|link_0|link_2|link_3
0.0675,0.22000000000000003,-0.020000000000000018,True,True,True,True,True,True,True,True,True,-0.020959876477718353,0.015757856918804578,basket|link_0|link_2|link_3
0.0675,0.2,-0.020000000000000018,True,True,True,True,True,True,True,True,True,-0.02095986157655716,0.006674895999446995,basket|link_0|link_2|link_3
0.0675,0.18,-0.020000000000000018,True,True,True,True,True,True,True,True,True,-0.02095986157655716,0.011965897490305103,basket|link_0|link_2|link_3
0.0675,0.15999999999999998,-0.020000000000000018,True,True,True,True,True,True,True,True,True,-0.02095986157655716,0.01329947060381148,basket|link_0|link_2|link_3
0.0675,0.14000000000000007,-0.020000000000000018,True,True,True,True,True,True,True,True,True,-0.02095986157655716,0.005861191718798242,basket|link_0|link_2|link_3
0.0675,0.12000000000000005,-0.020000000000000018,True,True,True,True,True,True,True,True,True,-0.02095986157655716,0.008833676313555158,basket|link_0|link_2|link_3
0.0675,0.10000000000000003,-0.020000000000000018,True,True,True,True,True,True,True,True,True,-0.02095986157655716,0.0031481232100315734,basket|link_0|link_2|link_3
0.0675,0.08000000000000002,-0.020000000000000018,True,True,True,True,True,True,True,True,True,-0.020959876477718353,0.014949542623518481,basket|link_0|link_2|link_3
0.0675,0.06,-0.020000000000000018,True,True,True,True,True,True,True,True,True,-0.02095986157655716,0.010302249863602382,basket|link_0|link_2|link_3
0.0675,0.040000000000000036,-0.020000000000000018,True,True,True,True,True,True,True,True,True,-0.02095986157655716,0.009839928598357103,basket|link_0|link_2|link_3
0.0675,0.020000000000000018,-0.020000000000000018,True,True,True,True,True,True,True,True,True,-0.02095986157655716,0.008629967270248503,basket|link_0|link_1|link_2|link_3
0.0675,0.0,-0.020000000000000018,True,True,True,True,True,True,True,True,True,-0.02095986157655716,0.01309147210479856,basket|link_0|link_1|link_2|link_3
0.0675,-0.019999999999999962,-0.020000000000000018,True,True,True,True,True,True,True,True,True,-0.02095986157655716,0.016032457062954832,basket|link_0|link_1|link_2|link_3
0.0675,-0.03999999999999998,-0.020000000000000018,True,True,True,True,True,True,True,True,True,-0.02095986157655716,0.01676384777955598,basket|link_0|link_1|link_2|link_3
0.0675,-0.06,-0.020000000000000018,True,True,True,True,True,True,True,True,True,-0.02095986157655716,0.004648100063646917,basket|link_0|link_1|link_2|link_3
0.0675,-0.07999999999999996,-0.020000000000000018,True,True,True,True,True,True,True,True,True,-0.020959846675395966,0.0058515081343587065,basket|link_0|link_1|link_2|link_3
0.0675,-0.09999999999999998,-0.020000000000000018,True,True,True,True,True,True,True,True,True,-0.020959846675395966,0.010818065908397349,basket|link_0|link_1|link_2|link_3
0.0675,-0.12,-0.020000000000000018,True,True,True,True,True,True,True,True,True,-0.020959846675395966,0.007737917800312896,basket|link_0|link_1|link_2|link_3
0.0675,-0.13999999999999996,-0.020000000000000018,True,True,True,True,True,True,True,True,True,-0.020959846675395966,0.012315501387707853,basket|link_0|link_1|link_2|link_3
0.0675,-0.15999999999999998,-0.020000000000000018,True,True,True,True,True,True,True,True,True,-0.020959846675395966,0.0038536624401538026,basket|link_0|link_1|link_2|link_3
0.0675,-0.18,-0.020000000000000018,True,True,True,True,True,True,True,True,True,-0.020959846675395966,0.011053184013216689,basket|link_0|link_1|link_2|link_3
0.0675,-0.19999999999999998,-0.020000000000000018,True,True,True,True,True,True,True,True,True,-0.02095983177423477,0.01839975546156843,basket|link_0|link_1|link_2|link_3
0.0675,-0.21999999999999997,-0.020000000000000018,True,True,True,True,True,True,True,True,True,-0.02095983177423477,0.011200021915896497,basket|link_0|link_1|link_2|link_3
0.0675,-0.24,-0.020000000000000018,True,True,True,True,True,True,True,True,True,-0.02095983177423477,0.021019290141178565,basket|link_0|link_1|link_2|link_3
0.0675,-0.26,-0.020000000000000018,True,True,True,True,True,True,True,True,True,-0.02095983177423477,0.01834519421377833,basket|link_0|link_1|link_2|link_3
0.0675,-0.27999999999999997,-0.020000000000000018,True,True,True,True,True,True,True,True,True,-0.02095983177423477,0.07562236259774453,basket|link_0|link_1|link_2|link_3
0.0675,-0.3,-0.020000000000000018,True,True,True,True,True,True,True,True,True,-0.02095983177423477,0.0067818915340900855,basket|link_0|link_1|link_2|link_3
0.0675,-0.31999999999999995,-0.020000000000000018,True,True,True,True,True,True,True,True,True,-0.013416588306427002,0.04062393505999502,basket|link_0|link_1|link_2|link_3
0.0675,-0.33999999999999997,-0.020000000000000018,False,False,True,False,False,True,False,False,True,0.006578236818313599,1.4901161193847656e-08,basket|link_0|link_2|link_3
0.0675,-0.36,-0.020000000000000018,False,False,True,False,False,True,False,False,True,,1.4901161193847656e-08,link_2|link_3
0.0675,-0.38,-0.020000000000000018,False,False,True,False,False,True,False,False,True,,1.4901161193847656e-08,link_2|link_3
0.0675,-0.39999999999999997,-0.020000000000000018,False,False,True,False,False,True,False,False,True,,1.4901161193847656e-08,link_2|link_3
0.0675,-0.42,-0.020000000000000018,False,False,True,False,False,True,False,False,True,,1.4901161193847656e-08,link_2|link_3
0.0675,0.42,-0.040000000000000036,False,False,True,False,False,True,False,False,True,,1.4901161193847656e-08,link_2|link_3
0.0675,0.4000000000000001,-0.040000000000000036,False,False,True,False,False,True,False,False,True,,1.4901161193847656e-08,link_2|link_3
0.0675,0.38000000000000006,-0.040000000000000036,False,False,True,False,False,True,False,False,True,,1.4901161193847656e-08,link_2|link_3
0.0675,0.36000000000000004,-0.040000000000000036,False,False,True,False,False,True,False,False,True,,1.4901161193847656e-08,link_2|link_3
0.0675,0.34,-0.040000000000000036,False,False,True,False,False,True,False,False,True,0.004426747560501099,1.4901161193847656e-08,basket|link_0|link_2|link_3
0.0675,0.32,-0.040000000000000036,True,True,True,True,True,True,True,True,True,-0.015396416187286377,0.07036550475366914,basket|link_0|link_2|link_3
0.0675,0.3,-0.040000000000000036,True,True,True,True,True,True,True,True,True,-0.020959876477718353,0.048837669119734785,basket|link_0|link_2|link_3
0.0675,0.2800000000000001,-0.040000000000000036,True,True,True,True,True,True,True,True,True,-0.020959876477718353,0.015674711807840656,basket|link_0|link_2|link_3
0.0675,0.26000000000000006,-0.040000000000000036,True,True,True,True,True,True,True,True,True,-0.020959876477718353,0.00390913567277394,basket|link_0|link_2|link_3
0.0675,0.24000000000000005,-0.040000000000000036,True,True,True,True,True,True,True,True,True,-0.020959876477718353,0.013643933130843689,basket|link_0|link_2|link_3
0.0675,0.22000000000000003,-0.040000000000000036,True,True,True,True,True,True,True,True,True,-0.020959876477718353,0.016126522320444696,basket|link_0|link_2|link_3
0.0675,0.2,-0.040000000000000036,True,True,True,True,True,True,True,True,True,-0.020959876477718353,0.003201255601721227,basket|link_0|link_2|link_3
0.0675,0.18,-0.040000000000000036,True,True,True,True,True,True,True,True,True,-0.02095986157655716,0.0077176411218663815,basket|link_0|link_2|link_3
0.0675,0.15999999999999998,-0.040000000000000036,True,True,True,True,True,True,True,True,True,-0.02095986157655716,0.014060488194464952,basket|link_0|link_2|link_3
0.0675,0.14000000000000007,-0.040000000000000036,True,True,True,True,True,True,True,True,True,-0.02095986157655716,0.012488846904097104,basket|link_0|link_2|link_3
0.0675,0.12000000000000005,-0.040000000000000036,True,True,True,True,True,True,True,True,True,-0.02095986157655716,0.00770527455591221,basket|link_0|link_2|link_3
0.0675,0.10000000000000003,-0.040000000000000036,True,True,True,True,True,True,True,True,True,-0.02095986157655716,0.009934663749944755,basket|link_0|link_2|link_3
0.0675,0.08000000000000002,-0.040000000000000036,True,True,True,True,True,True,True,True,True,-0.020959876477718353,0.008976483864864208,basket|link_0|link_2|link_3
0.0675,0.06,-0.040000000000000036,True,True,True,True,True,True,True,True,True,-0.020959876477718353,0.009625975884641475,basket|link_0|link_2|link_3
0.0675,0.040000000000000036,-0.040000000000000036,True,True,True,True,True,True,True,True,True,-0.020959876477718353,0.006009688941997013,basket|link_0|link_2|link_3
0.0675,0.020000000000000018,-0.040000000000000036,True,True,True,True,True,True,True,True,True,-0.02095986157655716,0.015289749022500083,basket|link_0|link_1|link_2|link_3
0.0675,0.0,-0.040000000000000036,True,True,True,True,True,True,True,True,True,-0.02095986157655716,0.009445480231556232,basket|link_0|link_1|link_2|link_3
0.0675,-0.019999999999999962,-0.040000000000000036,True,True,True,True,True,True,True,True,True,-0.02095986157655716,0.004861501363234613,basket|link_0|link_1|link_2|link_3
0.0675,-0.03999999999999998,-0.040000000000000036,True,True,True,True,True,True,True,True,True,-0.02095986157655716,0.013588384428776867,basket|link_0|link_1|link_2|link_3
0.0675,-0.06,-0.040000000000000036,True,True,True,True,True,True,True,True,True,-0.02095986157655716,0.010986271526014894,basket|link_0|link_1|link_2|link_3
0.0675,-0.07999999999999996,-0.040000000000000036,True,True,True,True,True,True,True,True,True,-0.02095986157655716,0.005101955616664044,basket|link_0|link_1|link_2|link_3
0.0675,-0.09999999999999998,-0.040000000000000036,True,True,True,True,True,True,True,True,True,-0.020959846675395966,0.010817268674705918,basket|link_0|link_1|link_2|link_3
0.0675,-0.12,-0.040000000000000036,True,True,True,True,True,True,True,True,True,-0.025709249079227448,0.014066271039709515,basket|link_0|link_1|link_2|link_3
0.0675,-0.13999999999999996,-0.040000000000000036,True,True,True,True,True,True,True,True,True,-0.020959846675395966,0.004341940153088815,basket|link_0|link_1|link_2|link_3
0.0675,-0.15999999999999998,-0.040000000000000036,True,True,True,True,True,True,True,True,True,-0.020959846675395966,0.004869269055234752,basket|link_0|link_1|link_2|link_3
0.0675,-0.18,-0.040000000000000036,True,True,True,True,True,True,True,True,True,-0.020959846675395966,0.008552886844367133,basket|link_0|link_1|link_2|link_3
0.0675,-0.19999999999999998,-0.040000000000000036,True,True,True,True,True,True,True,True,True,-0.020959846675395966,0.009039352108152663,basket|link_0|link_1|link_2|link_3
0.0675,-0.21999999999999997,-0.040000000000000036,True,True,True,True,True,True,True,True,True,-0.02095983177423477,0.011865471770032134,basket|link_0|link_1|link_2|link_3
0.0675,-0.24,-0.040000000000000036,True,True,True,True,True,True,True,True,True,-0.02095983177423477,0.009187338302209094,basket|link_0|link_1|link_2|link_3
0.0675,-0.26,-0.040000000000000036,True,True,True,True,True,True,True,True,True,-0.02095983177423477,0.03632302646391426,basket|link_0|link_1|link_2|link_3
0.0675,-0.27999999999999997,-0.040000000000000036,True,True,True,True,True,True,True,True,True,-0.02095983177423477,0.06629437900577943,basket|link_0|link_1|link_2|link_3
0.0675,-0.3,-0.040000000000000036,True,True,True,True,True,True,True,True,True,-0.02095983177423477,0.009125850323464163,basket|link_0|link_1|link_2|link_3
0.0675,-0.31999999999999995,-0.040000000000000036,True,True,True,True,True,True,True,True,True,-0.013416588306427002,0.034952786710894655,basket|link_0|link_1|link_2|link_3
0.0675,-0.33999999999999997,-0.040000000000000036,False,False,True,False,False,True,False,False,True,0.006578236818313599,1.4901161193847656e-08,basket|link_0|link_1|link_2|link_3
0.0675,-0.36,-0.040000000000000036,False,False,True,False,False,True,False,False,True,,1.4901161193847656e-08,link_2|link_3
0.0675,-0.38,-0.040000000000000036,False,False,True,False,False,True,False,False,True,,1.4901161193847656e-08,link_2|link_3
0.0675,-0.39999999999999997,-0.040000000000000036,False,False,True,False,False,True,False,False,True,,1.4901161193847656e-08,link_2|link_3
0.0675,-0.42,-0.040000000000000036,False,False,True,False,False,True,False,False,True,,1.4901161193847656e-08,link_2|link_3
0.0675,0.42,-0.06,False,False,True,False,False,True,False,False,True,,1.4901161193847656e-08,link_2|link_3
0.0675,0.4000000000000001,-0.06,False,False,True,False,False,True,False,False,True,,1.4901161193847656e-08,link_2|link_3
0.0675,0.38000000000000006,-0.06,False,False,True,False,False,True,False,False,True,,1.4901161193847656e-08,link_2|link_3
0.0675,0.36000000000000004,-0.06,False,False,True,False,False,True,False,False,True,,1.4901161193847656e-08,link_2|link_3
0.0675,0.34,-0.06,False,False,True,False,False,True,False,False,True,0.004427388310432434,1.4901161193847656e-08,basket|link_0|link_2|link_3
0.0675,0.32,-0.06,True,True,True,True,True,True,True,True,True,-0.015396416187286377,0.030874569681359047,basket|link_0|link_2|link_3
0.0675,0.3,-0.06,True,True,True,True,True,True,True,True,True,-0.020959891378879547,0.014169445103882149,basket|link_0|link_2|link_3
0.0675,0.2800000000000001,-0.06,True,True,True,True,True,True,True,True,True,-0.020959876477718353,0.04600004001552005,basket|link_0|link_2|link_3
0.0675,0.26000000000000006,-0.06,True,True,True,True,True,True,True,True,True,-0.020959876477718353,0.038017740945099,basket|link_0|link_2|link_3
0.0675,0.24000000000000005,-0.06,True,True,True,True,True,True,True,True,True,-0.020959876477718353,0.014252659153427194,basket|link_0|link_2|link_3
0.0675,0.22000000000000003,-0.06,True,True,True,True,True,True,True,True,True,-0.020959876477718353,0.006174250949017545,basket|link_0|link_2|link_3
0.0675,0.2,-0.06,True,True,True,True,True,True,True,True,True,-0.020959876477718353,0.005589454019520228,basket|link_0|link_2|link_3
0.0675,0.18,-0.06,True,True,True,True,True,True,True,True,True,-0.020959876477718353,0.008722034618953671,basket|link_0|link_2|link_3
0.0675,0.15999999999999998,-0.06,True,True,True,True,True,True,True,True,True,-0.02095986157655716,0.00701871248946736,basket|link_0|link_2|link_3
0.0675,0.14000000000000007,-0.06,True,True,True,True,True,True,True,True,True,-0.02095986157655716,0.005417131784185936,basket|link_0|link_2|link_3
0.0675,0.12000000000000005,-0.06,True,True,True,True,True,True,True,True,True,-0.02095986157655716,0.008175109510356823,basket|link_0|link_2|link_3
0.0675,0.10000000000000003,-0.06,True,True,True,True,True,True,True,True,True,-0.02095986157655716,0.008488288494629414,basket|link_0|link_2|link_3
0.0675,0.08000000000000002,-0.06,True,True,True,True,True,True,True,True,True,-0.020959876477718353,0.011611555854462285,basket|link_0|link_2|link_3
0.0675,0.06,-0.06,True,True,True,True,True,True,True,True,True,-0.020959876477718353,0.006122586180636296,basket|link_0|link_2|link_3
0.0675,0.040000000000000036,-0.06,True,True,True,True,True,True,True,True,True,-0.020959876477718353,0.011314904597772386,basket|link_0|link_2|link_3
0.0675,0.020000000000000018,-0.06,True,True,True,True,True,True,True,True,True,-0.020959876477718353,0.016004596781738455,basket|link_0|link_1|link_2|link_3
0.0675,0.0,-0.06,True,True,True,True,True,True,True,True,True,-0.02095986157655716,0.015176875878319973,basket|link_0|link_1|link_2|link_3
0.0675,-0.019999999999999962,-0.06,True,True,True,True,True,True,True,True,True,-0.02095986157655716,0.01105023259316897,basket|link_0|link_1|link_2|link_3
0.0675,-0.03999999999999998,-0.06,True,True,True,True,True,True,True,True,True,-0.02095986157655716,0.011421436948469551,basket|link_0|link_1|link_2|link_3
0.0675,-0.06,-0.06,True,True,True,True,True,True,True,True,True,-0.02095986157655716,0.012671310104500167,basket|link_0|link_1|link_2|link_3
0.0675,-0.07999999999999996,-0.06,True,True,True,True,True,True,True,True,True,-0.02095986157655716,0.015486784965903269,basket|link_0|link_1|link_2|link_3
0.0675,-0.09999999999999998,-0.06,True,True,True,True,True,True,True,True,True,-0.02095986157655716,0.01041307813899318,basket|link_0|link_1|link_2|link_3
0.0675,-0.12,-0.06,True,True,True,True,True,True,True,True,True,-0.020959846675395966,0.004864558977188462,basket|link_0|link_1|link_2|link_3
0.0675,-0.13999999999999996,-0.06,True,True,True,True,True,True,True,True,True,-0.020959846675395966,0.008757998749680487,basket|link_0|link_1|link_2|link_3
0.0675,-0.15999999999999998,-0.06,True,True,True,True,True,True,True,True,True,-0.020959846675395966,0.008280636844077956,basket|link_0|link_1|link_2|link_3
0.0675,-0.18,-0.06,True,True,True,True,True,True,True,True,True,-0.020959846675395966,0.013496962354012933,basket|link_0|link_1|link_2|link_3
0.0675,-0.19999999999999998,-0.06,True,True,True,True,True,True,True,True,True,-0.020959846675395966,0.015404912274989356,basket|link_0|link_1|link_2|link_3
0.0675,-0.21999999999999997,-0.06,True,True,True,True,True,True,True,True,True,-0.020959846675395966,0.0084164448965,basket|link_0|link_1|link_2|link_3
0.0675,-0.24,-0.06,True,True,True,True,True,True,True,True,True,-0.02095983177423477,0.019204983736527993,basket|link_0|link_1|link_2|link_3
0.0675,-0.26,-0.06,True,True,True,True,True,True,True,True,True,-0.02095983177423477,0.031968646187693996,basket|link_0|link_1|link_2|link_3
0.0675,-0.27999999999999997,-0.06,True,True,True,True,True,True,True,True,True,-0.02095983177423477,0.04385393612949305,basket|link_0|link_1|link_2|link_3
0.0675,-0.3,-0.06,True,True,True,True,True,True,True,True,True,-0.02095983177423477,0.018913458560040685,basket|link_0|link_1|link_2|link_3
0.0675,-0.31999999999999995,-0.06,True,True,True,True,True,True,True,True,True,-0.013416588306427002,0.021255495629340457,basket|link_0|link_1|link_2|link_3
0.0675,-0.33999999999999997,-0.06,False,False,True,False,False,True,False,False,True,0.00657905638217926,1.4901161193847656e-08,basket|link_0|link_1|link_2|link_3
0.0675,-0.36,-0.06,False,False,True,False,False,True,False,False,True,,1.4901161193847656e-08,link_2|link_3
0.0675,-0.38,-0.06,False,False,True,False,False,True,False,False,True,,1.4901161193847656e-08,link_2|link_3
0.0675,-0.39999999999999997,-0.06,False,False,True,False,False,True,False,False,True,,1.4901161193847656e-08,link_2|link_3
0.0675,-0.42,-0.06,False,False,True,False,False,True,False,False,True,,1.4901161193847656e-08,link_2|link_3
0.0675,0.42,-0.08000000000000002,False,False,True,False,False,True,False,False,True,,1.4901161193847656e-08,link_2|link_3
0.0675,0.4000000000000001,-0.08000000000000002,False,False,True,False,False,True,False,False,True,,1.4901161193847656e-08,link_2|link_3
0.0675,0.38000000000000006,-0.08000000000000002,False,False,True,False,False,True,False,False,True,,1.4901161193847656e-08,link_2|link_3
0.0675,0.36000000000000004,-0.08000000000000002,False,False,True,False,False,True,False,False,True,,1.4901161193847656e-08,link_2|link_3
0.0675,0.34,-0.08000000000000002,False,False,True,False,False,True,False,False,True,0.004430562257766724,1.4901161193847656e-08,basket|link_0|link_2|link_3
0.0675,0.32,-0.08000000000000002,True,True,True,True,True,True,True,True,True,-0.015396416187286377,0.04754378823305629,basket|link_0|link_2|link_3
0.0675,0.3,-0.08000000000000002,True,True,True,True,True,True,True,True,True,-0.020959891378879547,0.018762078023177843,basket|link_0|link_2|link_3
0.0675,0.2800000000000001,-0.08000000000000002,True,True,True,True,True,True,True,True,True,-0.020959891378879547,0.03759683367439793,basket|link_0|link_2|link_3
0.0675,0.26000000000000006,-0.08000000000000002,True,True,True,True,True,True,True,True,True,-0.020959891378879547,0.022912928168032417,basket|link_0|link_2|link_3
0.0675,0.24000000000000005,-0.08000000000000002,True,True,True,True,True,True,True,True,True,-0.020959891378879547,0.021395508298184474,basket|link_0|link_2|link_3
0.0675,0.22000000000000003,-0.08000000000000002,True,True,True,True,True,True,True,True,True,-0.020959891378879547,0.013269429360468018,basket|link_0|link_2|link_3
0.0675,0.2,-0.08000000000000002,True,True,True,True,True,True,True,True,True,-0.020959891378879547,0.015621674268782509,basket|link_0|link_2|link_3
0.0675,0.18,-0.08000000000000002,True,True,True,True,True,True,True,True,True,-0.03150121867656708,0.011603277591523775,basket|link_0|link_2|link_3
0.0675,0.15999999999999998,-0.08000000000000002,True,True,True,True,True,True,True,True,True,-0.03650829941034317,0.006799663226339511,basket|link_0|link_2|link_3
0.0675,0.14000000000000007,-0.08000000000000002,True,True,True,True,True,True,True,True,True,-0.03650829941034317,0.00830394649496057,basket|link_0|link_2|link_3
0.0675,0.12000000000000005,-0.08000000000000002,True,True,True,True,True,True,True,True,True,-0.03650829941034317,0.009406564705302734,basket|link_0|link_2|link_3
0.0675,0.10000000000000003,-0.08000000000000002,True,True,True,True,True,True,True,True,True,-0.031472332775592804,0.009321694897568324,basket|link_0|link_2|link_3
0.0675,0.08000000000000002,-0.08000000000000002,True,True,True,True,True,True,True,True,True,-0.020959891378879547,0.004605560762713245,basket|link_0|link_2|link_3
0.0675,0.06,-0.08000000000000002,True,True,True,True,True,True,True,True,True,-0.020959891378879547,0.013194640894378815,basket|link_0|link_2|link_3
0.0675,0.040000000000000036,-0.08000000000000002,True,True,True,True,True,True,True,True,True,-0.020959891378879547,0.009779307539219417,basket|link_0|link_2|link_3
0.0675,0.020000000000000018,-0.08000000000000002,True,True,True,True,True,True,True,True,True,-0.020959891378879547,0.01581067310632841,basket|link_0|link_1|link_2|link_3
0.0675,0.0,-0.08000000000000002,True,True,True,True,True,True,True,True,True,-0.020959891378879547,0.009418615122427898,basket|link_0|link_1|link_2|link_3
0.0675,-0.019999999999999962,-0.08000000000000002,True,True,True,True,True,True,True,True,True,-0.020959876477718353,0.008051732371425922,basket|link_0|link_1|link_2|link_3
0.0675,-0.03999999999999998,-0.08000000000000002,True,True,True,True,True,True,True,True,True,-0.020959876477718353,0.00360503423207125,basket|link_0|link_1|link_2|link_3
0.0675,-0.06,-0.08000000000000002,True,True,True,True,True,True,True,True,True,-0.020959876477718353,0.015482553435390236,basket|link_0|link_1|link_2|link_3
0.0675,-0.07999999999999996,-0.08000000000000002,True,True,True,True,True,True,True,True,True,-0.020959876477718353,0.0135484622190698,basket|link_0|link_1|link_2|link_3
0.0675,-0.09999999999999998,-0.08000000000000002,True,True,True,True,True,True,True,True,True,-0.020959876477718353,0.009489364882019225,basket|link_0|link_1|link_2|link_3
0.0675,-0.12,-0.08000000000000002,True,True,True,True,True,True,True,True,True,-0.020959876477718353,0.003992009110308952,basket|link_0|link_1|link_2|link_3
0.0675,-0.13999999999999996,-0.08000000000000002,True,True,True,True,True,True,True,True,True,-0.02095986157655716,0.011795097623771938,basket|link_0|link_1|link_2|link_3
0.0675,-0.15999999999999998,-0.08000000000000002,True,True,True,True,True,True,True,True,True,-0.02095986157655716,0.007873820627090092,basket|link_0|link_1|link_2|link_3
0.0675,-0.18,-0.08000000000000002,True,True,True,True,True,True,True,True,True,-0.02095986157655716,0.008629986013942572,basket|link_0|link_1|link_2|link_3
0.0675,-0.19999999999999998,-0.08000000000000002,True,True,True,True,True,True,True,True,True,-0.02095986157655716,0.013452415299621991,basket|link_0|link_1|link_2|link_3
0.0675,-0.21999999999999997,-0.08000000000000002,True,True,True,True,True,True,True,True,True,-0.02095986157655716,0.02049055146421956,basket|link_0|link_1|link_2|link_3
0.0675,-0.24,-0.08000000000000002,True,True,True,True,True,True,True,True,True,-0.02095986157655716,0.023827469102935046,basket|link_0|link_1|link_2|link_3
0.0675,-0.26,-0.08000000000000002,True,True,True,True,True,True,True,True,True,-0.02095986157655716,0.018347950622499835,basket|link_0|link_1|link_2|link_3
0.0675,-0.27999999999999997,-0.08000000000000002,True,True,True,True,True,True,True,True,True,-0.020959846675395966,0.008186342063007362,basket|link_0|link_1|link_2|link_3
0.0675,-0.3,-0.08000000000000002,True,True,True,True,True,True,True,True,True,-0.020959846675395966,0.02431436066514782,basket|link_0|link_1|link_2|link_3
0.0675,-0.31999999999999995,-0.08000000000000002,True,True,True,True,True,True,True,True,True,-0.013416588306427002,0.012418904078118048,basket|link_0|link_1|link_2|link_3
0.0675,-0.33999999999999997,-0.08000000000000002,False,False,True,False,False,True,False,False,True,0.0065818727016448975,1.4901161193847656e-08,basket|link_0|link_1|link_2|link_3
0.0675,-0.36,-0.08000000000000002,False,False,True,False,False,True,False,False,True,,1.4901161193847656e-08,link_2|link_3
0.0675,-0.38,-0.08000000000000002,False,False,True,False,False,True,False,False,True,,1.4901161193847656e-08,link_2|link_3
0.0675,-0.39999999999999997,-0.08000000000000002,False,False,True,False,False,True,False,False,True,,1.4901161193847656e-08,link_2|link_3
0.0675,-0.42,-0.08000000000000002,False,False,True,False,False,True,False,False,True,,1.4901161193847656e-08,link_2|link_3
0.0675,0.42,-0.10000000000000003,False,False,True,False,False,True,False,False,True,,1.5017576543430167e-08,link_2|link_3
0.0675,0.4000000000000001,-0.10000000000000003,False,False,True,False,False,True,False,False,True,,1.5017576543430167e-08,link_2|link_3
0.0675,0.38000000000000006,-0.10000000000000003,False,False,True,False,False,True,False,False,True,,1.5017576543430167e-08,link_2|link_3
0.0675,0.36000000000000004,-0.10000000000000003,False,False,True,False,False,True,False,False,True,,1.5017576543430167e-08,link_2|link_3
0.0675,0.34,-0.10000000000000003,False,False,True,False,False,True,False,False,True,0.004430562257766724,1.5017576543430167e-08,basket|link_0|link_2|link_3
0.0675,0.32,-0.10000000000000003,True,True,True,True,True,True,True,True,True,-0.015396416187286377,0.02081480806403642,basket|link_0|link_2|link_3
0.0675,0.3,-0.10000000000000003,True,True,True,True,True,True,True,True,True,-0.020959891378879547,0.008881214057386603,basket|link_0|link_2|link_3
0.0675,0.2800000000000001,-0.10000000000000003,True,True,True,True,True,True,True,True,True,-0.020959891378879547,0.05185294069648167,basket|link_0|link_2|link_3
0.0675,0.26000000000000006,-0.10000000000000003,True,True,True,True,True,True,True,True,True,-0.020959891378879547,0.03952215427328299,basket|link_0|link_2|link_3
0.0675,0.24000000000000005,-0.10000000000000003,True,True,True,True,True,True,True,True,True,-0.020959891378879547,0.010227751380113104,basket|link_0|link_2|link_3
0.0675,0.22000000000000003,-0.10000000000000003,True,True,True,True,True,True,True,True,True,-0.020959891378879547,0.014662032271005033,basket|link_0|link_2|link_3
0.0675,0.2,-0.10000000000000003,True,True,True,True,True,True,True,True,True,-0.020959891378879547,0.006000325102327668,basket|link_0|link_2|link_3
0.0675,0.18,-0.10000000000000003,True,True,True,True,True,True,True,True,True,-0.03265422582626343,0.00869266676136558,basket|link_0|link_2|link_3
0.0675,0.15999999999999998,-0.10000000000000003,True,True,True,True,True,True,True,True,True,-0.033081620931625366,0.014135442781778066,basket|link_0|link_2|link_3
0.0675,0.14000000000000007,-0.10000000000000003,True,True,True,True,True,True,True,True,True,-0.03366144001483917,0.011106717930596288,basket|link_0|link_1|link_2|link_3
0.0675,0.12000000000000005,-0.10000000000000003,True,True,True,True,True,True,True,True,True,-0.020959876477718353,0.008796293675765288,basket|link_0|link_1|link_2|link_3
0.0675,0.10000000000000003,-0.10000000000000003,True,True,True,True,True,True,True,True,True,-0.020959876477718353,0.012749961429015995,basket|link_0|link_1|link_2|link_3
0.0675,0.08000000000000002,-0.10000000000000003,True,True,True,True,True,True,True,True,True,-0.020959891378879547,0.006309446842284479,basket|link_0|link_1|link_2|link_3
0.0675,0.06,-0.10000000000000003,True,True,True,True,True,True,True,True,True,-0.020959891378879547,0.006825105734332645,basket|link_0|link_1|link_2|link_3
0.0675,0.040000000000000036,-0.10000000000000003,True,True,True,True,True,True,True,True,True,-0.020959891378879547,0.009529446341745927,basket|link_0|link_1|link_2|link_3
0.0675,0.020000000000000018,-0.10000000000000003,True,True,True,True,True,True,True,True,True,-0.020959891378879547,0.007713533206425323,basket|link_0|link_1|link_2|link_3
0.0675,0.0,-0.10000000000000003,True,True,True,True,True,True,True,True,True,-0.020959891378879547,0.012029318353471397,basket|link_0|link_1|link_2|link_3
0.0675,-0.019999999999999962,-0.10000000000000003,True,True,True,True,True,True,True,True,True,-0.020959891378879547,0.012371600180256051,basket|link_0|link_1|link_2|link_3
0.0675,-0.03999999999999998,-0.10000000000000003,True,True,True,True,True,True,True,True,True,-0.020959876477718353,0.013667681477079608,basket|link_0|link_1|link_2|link_3
0.0675,-0.06,-0.10000000000000003,True,True,True,True,True,True,True,True,True,-0.020959876477718353,0.010691720006006548,basket|link_0|link_1|link_2|link_3
0.0675,-0.07999999999999996,-0.10000000000000003,True,True,True,True,True,True,True,True,True,-0.020959876477718353,0.012685601770588285,basket|link_0|link_1|link_2|link_3
0.0675,-0.09999999999999998,-0.10000000000000003,True,True,True,True,True,True,True,True,True,-0.020959876477718353,0.010087209503157838,basket|link_0|link_1|link_2|link_3
0.0675,-0.12,-0.10000000000000003,True,True,True,True,True,True,True,True,True,-0.020959876477718353,0.010913822894044132,basket|link_0|link_1|link_2|link_3
0.0675,-0.13999999999999996,-0.10000000000000003,True,True,True,True,True,True,True,True,True,-0.020959876477718353,0.011710470726653944,basket|link_0|link_1|link_2|link_3
0.0675,-0.15999999999999998,-0.10000000000000003,True,True,True,True,True,True,True,True,True,-0.02095986157655716,0.0072508951104233894,basket|link_0|link_1|link_2|link_3
0.0675,-0.18,-0.10000000000000003,True,True,True,True,True,True,True,True,True,-0.02095986157655716,0.011983336388153595,basket|link_0|link_1|link_2|link_3
0.0675,-0.19999999999999998,-0.10000000000000003,True,True,True,True,True,True,True,True,True,-0.02095986157655716,0.007513116275038898,basket|link_0|link_1|link_2|link_3
0.0675,-0.21999999999999997,-0.10000000000000003,True,True,True,True,True,True,True,True,True,-0.02095986157655716,0.006456808136230112,basket|link_0|link_1|link_2|link_3
0.0675,-0.24,-0.10000000000000003,True,True,True,True,True,True,True,True,True,-0.02095986157655716,0.01384849994432709,basket|link_0|link_1|link_2|link_3
0.0675,-0.26,-0.10000000000000003,True,True,True,True,True,True,True,True,True,-0.02095986157655716,0.013218083462633324,basket|link_0|link_1|link_2|link_3
0.0675,-0.27999999999999997,-0.10000000000000003,True,True,True,True,True,True,True,True,True,-0.020959846675395966,0.058987573410329175,basket|link_0|link_1|link_2|link_3
0.0675,-0.3,-0.10000000000000003,True,True,True,True,True,True,True,True,True,-0.020959846675395966,0.009335636003416272,basket|link_0|link_1|link_2|link_3
0.0675,-0.31999999999999995,-0.10000000000000003,True,True,True,True,True,True,True,True,True,-0.013416588306427002,0.024077128608472227,basket|link_0|link_1|link_2|link_3
0.0675,-0.33999999999999997,-0.10000000000000003,False,False,True,False,False,True,False,False,True,0.006583452224731445,1.5017576543430167e-08,basket|link_0|link_1|link_2|link_3
0.0675,-0.36,-0.10000000000000003,False,False,True,False,False,True,False,False,True,,1.5017576543430167e-08,link_1|link_2|link_3
0.0675,-0.38,-0.10000000000000003,False,False,True,False,False,True,False,False,True,,1.5017576543430167e-08,link_1|link_2|link_3
0.0675,-0.39999999999999997,-0.10000000000000003,False,False,True,False,False,True,False,False,True,,1.5017576543430167e-08,link_1|link_2|link_3
0.0675,-0.42,-0.10000000000000003,False,False,True,False,False,True,False,False,True,,1.5017576543430167e-08,link_2|link_3
0.0675,0.42,-0.12000000000000002,False,False,True,False,False,True,False,False,True,,1.4901161193847656e-08,link_2|link_3
0.0675,0.4000000000000001,-0.12000000000000002,False,False,True,False,False,True,False,False,True,,1.4901161193847656e-08,link_2|link_3
0.0675,0.38000000000000006,-0.12000000000000002,False,False,True,False,False,True,False,False,True,,1.4901161193847656e-08,link_2|link_3
0.0675,0.36000000000000004,-0.12000000000000002,False,False,True,False,False,True,False,False,True,,1.4901161193847656e-08,link_2|link_3
0.0675,0.34,-0.12000000000000002,False,False,True,False,False,True,False,False,True,0.004430562257766724,1.4901161193847656e-08,basket|link_0|link_2|link_3
0.0675,0.32,-0.12000000000000002,True,True,True,True,True,True,True,True,True,-0.015396416187286377,0.04148880891799509,basket|link_0|link_2|link_3
0.0675,0.3,-0.12000000000000002,True,True,True,True,True,True,True,True,True,-0.02095990628004074,0.028172125333608453,basket|link_0|link_2|link_3
0.0675,0.2800000000000001,-0.12000000000000002,True,True,True,True,True,True,True,True,True,-0.020959891378879547,0.013879052006150597,basket|link_0|link_2|link_3
0.0675,0.26000000000000006,-0.12000000000000002,True,True,True,True,True,True,True,True,True,-0.020959891378879547,0.014118807256003523,basket|link_0|link_2|link_3
0.0675,0.24000000000000005,-0.12000000000000002,True,True,True,True,True,True,True,True,True,-0.020959891378879547,0.018243121433061223,basket|link_0|link_2|link_3
0.0675,0.22000000000000003,-0.12000000000000002,True,True,True,True,True,True,True,True,True,-0.020959891378879547,0.01294641360211213,basket|link_0|link_2|link_3
0.0675,0.2,-0.12000000000000002,True,True,True,True,True,True,True,True,True,-0.020959891378879547,0.013406729555045887,basket|link_0|link_2|link_3
0.0675,0.18,-0.12000000000000002,True,True,True,True,True,True,True,True,True,-0.020959891378879547,0.006850300217341856,basket|link_0|link_2|link_3
0.0675,0.15999999999999998,-0.12000000000000002,True,True,True,True,True,True,True,True,True,-0.020959876477718353,0.018642473408519468,basket|link_0|link_2|link_3
0.0675,0.14000000000000007,-0.12000000000000002,True,True,True,True,True,True,True,True,True,-0.020959876477718353,0.00818920017160396,basket|link_0|link_2|link_3
0.0675,0.12000000000000005,-0.12000000000000002,True,True,True,True,True,True,True,True,True,-0.020959876477718353,0.003366996330359233,basket|link_0|link_2|link_3
0.0675,0.10000000000000003,-0.12000000000000002,True,True,True,True,True,True,True,True,True,-0.020959876477718353,0.014402806609303391,basket|link_0|link_2|link_3
0.0675,0.08000000000000002,-0.12000000000000002,True,True,True,True,True,True,True,True,True,-0.022264882922172546,0.02311631855067781,basket|link_0|link_2|link_3
0.0675,0.06,-0.12000000000000002,True,True,True,True,True,True,True,True,True,-0.02226458489894867,0.017011078714943503,basket|link_0|link_2|link_3
0.0675,0.040000000000000036,-0.12000000000000002,True,True,True,True,True,True,True,True,True,-0.025662388652563095,0.010802554730336847,basket|link_0|link_2|link_3
0.0675,0.020000000000000018,-0.12000000000000002,True,True,True,True,True,True,True,True,True,-0.03062058985233307,0.0070912045209596845,basket|link_0|link_1|link_2|link_3
0.0675,0.0,-0.12000000000000002,True,True,True,True,True,True,True,True,True,-0.020959891378879547,0.016677267777831965,basket|link_0|link_1|link_2|link_3
0.0675,-0.019999999999999962,-0.12000000000000002,True,True,True,True,True,True,True,True,True,-0.023798838257789612,0.014225518000592744,basket|link_0|link_1|link_2|link_3
0.0675,-0.03999999999999998,-0.12000000000000002,True,True,True,True,True,True,True,True,True,-0.020959876477718353,0.01301534398782185,basket|link_0|link_1|link_2|link_3
0.0675,-0.06,-0.12000000000000002,True,True,True,True,True,True,True,True,True,-0.020959876477718353,0.014772702381214758,basket|link_0|link_1|link_2|link_3
0.0675,-0.07999999999999996,-0.12000000000000002,True,True,True,True,True,True,True,True,True,-0.020959876477718353,0.012512197713010244,basket|link_0|link_1|link_2|link_3
0.0675,-0.09999999999999998,-0.12000000000000002,True,True,True,True,True,True,True,True,True,-0.020959876477718353,0.007568177350471369,basket|link_0|link_1|link_2|link_3
0.0675,-0.12,-0.12000000000000002,True,True,True,True,True,True,True,True,True,-0.020959876477718353,0.005359228463024318,basket|link_0|link_1|link_2|link_3
0.0675,-0.13999999999999996,-0.12000000000000002,True,True,True,True,True,True,True,True,True,-0.020959876477718353,0.005665519413223062,basket|link_0|link_1|link_2|link_3
0.0675,-0.15999999999999998,-0.12000000000000002,True,True,True,True,True,True,True,True,True,-0.020959876477718353,0.007717544481445382,basket|link_0|link_1|link_2|link_3
0.0675,-0.18,-0.12000000000000002,True,True,True,True,True,True,True,True,True,-0.02095986157655716,0.008577491640608345,basket|link_0|link_1|link_2|link_3
0.0675,-0.19999999999999998,-0.12000000000000002,True,True,True,True,True,True,True,True,True,-0.02095986157655716,0.012948172330349434,basket|link_0|link_1|link_2|link_3
0.0675,-0.21999999999999997,-0.12000000000000002,True,True,True,True,True,True,True,True,True,-0.02095986157655716,0.008288366691556446,basket|link_0|link_1|link_2|link_3
0.0675,-0.24,-0.12000000000000002,True,True,True,True,True,True,True,True,True,-0.02095986157655716,0.03734254073991213,basket|link_0|link_1|link_2|link_3
0.0675,-0.26,-0.12000000000000002,True,True,True,True,True,True,True,True,True,-0.02095986157655716,0.02765974210862551,basket|link_0|link_1|link_2|link_3
0.0675,-0.27999999999999997,-0.12000000000000002,True,True,True,True,True,True,True,True,True,-0.02095986157655716,0.0227008095425073,basket|link_0|link_1|link_2|link_3
0.0675,-0.3,-0.12000000000000002,True,True,True,True,True,True,True,True,True,-0.020959846675395966,0.023371923392888117,basket|link_0|link_1|link_2|link_3
0.0675,-0.31999999999999995,-0.12000000000000002,True,True,True,True,True,True,True,True,True,-0.013416588306427002,0.010022816076357249,basket|link_0|link_1|link_2|link_3
0.0675,-0.33999999999999997,-0.12000000000000002,False,False,True,False,False,True,False,False,True,0.006578519940376282,1.4901161193847656e-08,basket|link_0|link_1|link_2|link_3
0.0675,-0.36,-0.12000000000000002,False,False,True,False,False,True,False,False,True,,1.4901161193847656e-08,link_2|link_3
0.0675,-0.38,-0.12000000000000002,False,False,True,False,False,True,False,False,True,,1.4901161193847656e-08,link_2|link_3
0.0675,-0.39999999999999997,-0.12000000000000002,False,False,True,False,False,True,False,False,True,,1.4901161193847656e-08,link_2|link_3
0.0675,-0.42,-0.12000000000000002,False,False,True,False,False,True,False,False,True,,1.4901161193847656e-08,link_2|link_3
0.0675,0.42,-0.14,False,False,True,False,False,True,False,False,True,,1.4901161193847656e-08,link_2|link_3
0.0675,0.4000000000000001,-0.14,False,False,True,False,False,True,False,False,True,,1.4901161193847656e-08,link_2|link_3
0.0675,0.38000000000000006,-0.14,False,False,True,False,False,True,False,False,True,,1.4901161193847656e-08,link_2|link_3
0.0675,0.36000000000000004,-0.14,False,False,True,False,False,True,False,False,True,,1.4901161193847656e-08,link_2|link_3
0.0675,0.34,-0.14,False,False,True,False,False,True,False,False,True,0.004430562257766724,1.4901161193847656e-08,basket|link_0|link_2|link_3
0.0675,0.32,-0.14,True,True,True,True,True,True,True,True,True,-0.015396416187286377,0.007116094113614691,basket|link_0|link_2|link_3
0.0675,0.3,-0.14,True,True,True,True,True,True,True,True,True,-0.012879900634288788,0.015145304731041509,basket|link_0|link_2|link_3
0.0675,0.2800000000000001,-0.14,True,True,True,True,True,True,True,True,True,-0.01583506166934967,0.03579719551165646,basket|link_0|link_2|link_3
0.0675,0.26000000000000006,-0.14,True,True,True,True,True,True,True,True,True,-0.01591140404343605,0.019329102166294538,basket|link_0|link_2|link_3
0.0675,0.24000000000000005,-0.14,True,True,True,True,True,True,True,True,True,-0.01930008828639984,0.012750860961901042,basket|link_0|link_2|link_3
0.0675,0.22000000000000003,-0.14,True,True,True,True,True,True,True,True,True,-0.017568565905094147,0.013748695629472615,basket|link_0|link_2|link_3
0.0675,0.2,-0.14,True,True,True,True,True,True,True,True,True,-0.015914730727672577,0.015027960145574573,basket|link_0|link_2|link_3
0.0675,0.18,-0.14,True,True,True,True,True,True,True,True,True,-0.015914730727672577,0.005595376342109958,basket|link_0|link_2|link_3
0.0675,0.15999999999999998,-0.14,True,True,True,True,True,True,True,True,True,-0.022267118096351624,0.010597797976377443,basket|link_0|link_2|link_3
0.0675,0.14000000000000007,-0.14,True,True,True,True,True,True,True,True,True,-0.02226617932319641,0.0050154530893257165,basket|link_0|link_2|link_3
0.0675,0.12000000000000005,-0.14,True,True,True,True,True,True,True,True,True,-0.020820513367652893,0.014832735920858035,basket|link_0|link_2|link_3
0.0675,0.10000000000000003,-0.14,True,True,True,True,True,True,True,True,True,-0.0170997753739357,0.0028562245575070484,basket|link_0|link_2|link_3
0.0675,0.08000000000000002,-0.14,True,True,True,True,True,True,True,True,True,-0.0170997753739357,0.0034305344211712726,basket|link_0|link_2|link_3
0.0675,0.06,-0.14,True,True,True,True,True,True,True,True,True,-0.02121083438396454,0.004797671279534411,basket|link_0|link_1|link_2|link_3
0.0675,0.040000000000000036,-0.14,True,True,True,True,True,True,True,True,True,-0.0170997753739357,0.0021026488143061385,basket|link_0|link_1|link_2|link_3
0.0675,0.020000000000000018,-0.14,True,True,True,True,True,True,True,True,True,-0.0170997753739357,0.008492253921779618,basket|link_0|link_1|link_2|link_3
0.0675,0.0,-0.14,True,True,True,True,True,True,True,True,True,-0.0170997753739357,0.007206708218941341,basket|link_0|link_1|link_2|link_3
0.0675,-0.019999999999999962,-0.14,True,True,True,True,True,True,True,True,True,-0.017099782824516296,0.004383765147996248,basket|link_0|link_1|link_2|link_3
0.0675,-0.03999999999999998,-0.14,True,True,True,True,True,True,True,True,True,-0.019481554627418518,0.01913670983482765,basket|link_0|link_1|link_2|link_3
0.0675,-0.06,-0.14,True,True,True,True,True,True,True,True,True,-0.017099782824516296,0.0180183658941002,basket|link_0|link_1|link_2|link_3
0.0675,-0.07999999999999996,-0.14,True,True,True,True,True,True,True,True,True,-0.017099782824516296,0.01064705390547519,basket|link_0|link_1|link_2|link_3
0.0675,-0.09999999999999998,-0.14,True,True,True,True,True,True,True,True,True,-0.017099782824516296,0.014245739258811507,basket|link_0|link_1|link_2|link_3
0.0675,-0.12,-0.14,True,True,True,True,True,True,True,True,True,-0.017099782824516296,0.0042420825879359286,basket|link_0|link_1|link_2|link_3
0.0675,-0.13999999999999996,-0.14,True,True,True,True,True,True,True,True,True,-0.017099782824516296,0.003740921776779104,basket|link_0|link_1|link_2|link_3
0.0675,-0.15999999999999998,-0.14,True,True,True,True,True,True,True,True,True,-0.017099782824516296,0.00862952074401915,basket|link_0|link_1|link_2|link_3
0.0675,-0.18,-0.14,True,True,True,True,True,True,True,True,True,-0.017099782824516296,0.007278903256297236,basket|link_0|link_1|link_2|link_3
0.0675,-0.19999999999999998,-0.14,True,True,True,True,True,True,True,True,True,-0.02027258276939392,0.008080852440582037,basket|link_0|link_1|link_2|link_3
0.0675,-0.21999999999999997,-0.14,True,True,True,True,True,True,True,True,True,-0.01743607223033905,0.009590811730486176,basket|link_0|link_1|link_2|link_3
0.0675,-0.24,-0.14,True,True,True,True,True,True,True,True,True,-0.017099790275096893,0.010290743156419516,basket|link_0|link_1|link_2|link_3
0.0675,-0.26,-0.14,True,True,True,True,True,True,True,True,True,-0.017099790275096893,0.004932328160421322,basket|link_0|link_1|link_2|link_3
0.0675,-0.27999999999999997,-0.14,True,True,True,True,True,True,True,True,True,-0.017099790275096893,0.010443259320080627,basket|link_0|link_1|link_2|link_3
0.0675,-0.3,-0.14,True,True,True,True,True,True,True,True,True,-0.017099790275096893,0.010997318353085357,basket|link_0|link_1|link_2|link_3
0.0675,-0.31999999999999995,-0.14,True,True,True,True,True,True,True,True,True,-0.013416588306427002,0.024073384058322152,basket|link_0|link_1|link_2|link_3
0.0675,-0.33999999999999997,-0.14,False,False,True,False,False,True,False,False,True,0.006583452224731445,1.4901161193847656e-08,basket|link_0|link_1|link_2|link_3
0.0675,-0.36,-0.14,False,False,True,False,False,True,False,False,True,,1.4901161193847656e-08,link_2|link_3
0.0675,-0.38,-0.14,False,False,True,False,False,True,False,False,True,,1.4901161193847656e-08,link_2|link_3
0.0675,-0.39999999999999997,-0.14,False,False,True,False,False,True,False,False,True,,1.4901161193847656e-08,link_2|link_3
0.0675,-0.42,-0.14,False,False,True,False,False,True,False,False,True,,1.4901161193847656e-08,link_2|link_3
0.0675,0.42,-0.16000000000000003,False,False,True,False,False,True,False,False,True,,1.4901161193847656e-08,link_2|link_3
0.0675,0.4000000000000001,-0.16000000000000003,False,False,True,False,False,True,False,False,True,,1.4901161193847656e-08,link_2|link_3
0.0675,0.38000000000000006,-0.16000000000000003,False,False,True,False,False,True,False,False,True,,1.4901161193847656e-08,link_2|link_3
0.0675,0.36000000000000004,-0.16000000000000003,False,False,True,False,False,True,False,False,True,,1.4901161193847656e-08,link_2|link_3
0.0675,0.34,-0.16000000000000003,False,False,True,False,False,True,False,False,True,0.00460362434387207,1.4901161193847656e-08,basket|link_0|link_2|link_3
0.0675,0.32,-0.16000000000000003,True,True,True,True,True,True,True,True,True,-0.015396416187286377,0.007830234656264666,basket|link_0|link_2|link_3
0.0675,0.3,-0.16000000000000003,True,True,True,True,True,True,True,True,True,-0.011897653341293335,0.009354622120735618,basket|link_0|link_2|link_3
0.0675,0.2800000000000001,-0.16000000000000003,True,True,True,True,True,True,True,True,True,-0.01583505980670452,0.057701551081596573,basket|link_0|link_2|link_3
0.0675,0.26000000000000006,-0.16000000000000003,True,True,True,True,True,True,True,True,True,-0.015911400318145752,0.02988582494941859,basket|link_0|link_2|link_3
0.0675,0.24000000000000005,-0.16000000000000003,True,True,True,True,True,True,True,True,True,-0.015914730727672577,0.023618337336036955,basket|link_0|link_2|link_3
0.0675,0.22000000000000003,-0.16000000000000003,True,True,True,True,True,True,True,True,True,-0.015914730727672577,0.013186384060988517,basket|link_0|link_2|link_3
0.0675,0.2,-0.16000000000000003,True,True,True,True,True,True,True,True,True,-0.015914730727672577,0.006514732879940829,basket|link_0|link_2|link_3
0.0675,0.18,-0.16000000000000003,True,True,True,True,True,True,True,True,True,-0.015914730727672577,0.006390157867347581,basket|link_0|link_2|link_3
0.0675,0.15999999999999998,-0.16000000000000003,True,True,True,True,True,True,True,True,True,-0.0158679261803627,0.0061242025311033605,basket|link_0|link_2|link_3
0.0675,0.14000000000000007,-0.16000000000000003,True,True,True,True,True,True,True,True,True,-0.013629809021949768,0.01390336678989861,basket|link_0|link_2|link_3
0.0675,0.12000000000000005,-0.16000000000000003,True,True,True,True,True,True,True,True,True,-0.01570059359073639,0.009321839263188313,basket|link_0|link_2|link_3
0.0675,0.10000000000000003,-0.16000000000000003,True,True,True,True,True,True,True,True,True,-0.013284318149089813,0.011113599559186036,basket|link_0|link_2|link_3
0.0675,0.08000000000000002,-0.16000000000000003,True,True,True,True,True,True,True,True,True,-0.014469780027866364,0.013573029538647113,basket|link_0|link_2|link_3
0.0675,0.06,-0.16000000000000003,True,True,True,True,True,True,True,True,True,-0.014292195439338684,0.010590774622935808,basket|link_0|link_2|link_3
0.0675,0.040000000000000036,-0.16000000000000003,True,True,True,True,True,True,True,True,True,-0.013486683368682861,0.00779079058860246,basket|link_0|link_2|link_3
0.0675,0.020000000000000018,-0.16000000000000003,True,True,True,True,True,True,True,True,True,-0.015010684728622437,0.010382227365923164,basket|link_0|link_1|link_2|link_3
0.0675,0.0,-0.16000000000000003,True,True,True,True,True,True,True,True,True,-0.014166504144668579,0.009832994034394603,basket|link_0|link_1|link_2|link_3
0.0675,-0.019999999999999962,-0.16000000000000003,True,True,True,True,True,True,True,True,True,-0.011109039187431335,0.011065827715442433,basket|link_0|link_1|link_2|link_3
0.0675,-0.03999999999999998,-0.16000000000000003,True,True,True,True,True,True,True,True,True,-0.013499237596988678,0.011072315129373653,basket|link_0|link_1|link_2|link_3
0.0675,-0.06,-0.16000000000000003,True,True,True,True,True,True,True,True,True,-0.01709391549229622,0.01228390757632917,basket|link_0|link_1|link_2|link_3
0.0675,-0.07999999999999996,-0.16000000000000003,True,True,True,True,True,True,True,True,True,-0.016216736286878586,0.012142882885840388,basket|link_0|link_1|link_2|link_3
0.0675,-0.09999999999999998,-0.16000000000000003,True,True,True,True,True,True,True,True,True,-0.014237634837627411,0.008093192592927905,basket|link_0|link_1|link_2|link_3
0.0675,-0.12,-0.16000000000000003,True,True,True,True,True,True,True,True,True,-0.013581030070781708,0.009424363274637988,basket|link_0|link_1|link_2|link_3
0.0675,-0.13999999999999996,-0.16000000000000003,True,True,True,True,True,True,True,True,True,-0.015811055898666382,0.009670602565402036,basket|link_0|link_1|link_2|link_3
0.0675,-0.15999999999999998,-0.16000000000000003,True,True,True,True,True,True,True,True,True,-0.015887398272752762,0.011180303515363333,basket|link_0|link_1|link_2|link_3
0.0675,-0.18,-0.16000000000000003,True,True,True,True,True,True,True,True,True,-0.016255691647529602,0.010178083530217277,basket|link_0|link_1|link_2|link_3
0.0675,-0.19999999999999998,-0.16000000000000003,True,True,True,True,True,True,True,True,True,-0.02027258276939392,0.01043450117877453,basket|link_0|link_1|link_2|link_3
0.0675,-0.21999999999999997,-0.16000000000000003,True,True,True,True,True,True,True,True,True,-0.01649266481399536,0.00839579424496594,basket|link_0|link_1|link_2|link_3
0.0675,-0.24,-0.16000000000000003,True,True,True,True,True,True,True,True,True,-0.015914782881736755,0.011579640604701314,basket|link_0|link_1|link_2|link_3
0.0675,-0.26,-0.16000000000000003,True,True,True,True,True,True,True,True,True,-0.015898453071713448,0.031292601913386675,basket|link_0|link_1|link_2|link_3
0.0675,-0.27999999999999997,-0.16000000000000003,True,True,True,True,True,True,True,True,True,-0.015801722183823586,0.0078639405316798,basket|link_0|link_1|link_2|link_3
0.0675,-0.3,-0.16000000000000003,True,True,True,True,True,True,True,True,True,-0.011022482067346573,0.01680773817378871,basket|link_0|link_1|link_2|link_3
0.0675,-0.31999999999999995,-0.16000000000000003,True,True,True,True,True,True,True,True,True,-0.013071060180664062,0.015780667579601327,basket|link_0|link_1|link_2|link_3
0.0675,-0.33999999999999997,-0.16000000000000003,False,False,True,False,False,True,False,False,True,0.0066254884004592896,1.4901161193847656e-08,basket|link_0|link_1|link_2|link_3
0.0675,-0.36,-0.16000000000000003,False,False,True,False,False,True,False,False,True,,1.4901161193847656e-08,link_2|link_3
0.0675,-0.38,-0.16000000000000003,False,False,True,False,False,True,False,False,True,,1.4901161193847656e-08,link_2|link_3
0.0675,-0.39999999999999997,-0.16000000000000003,False,False,True,False,False,True,False,False,True,,1.4901161193847656e-08,link_2|link_3
0.0675,-0.42,-0.16000000000000003,False,False,True,False,False,True,False,False,True,,1.4901161193847656e-08,link_2|link_3
0.0675,0.42,-0.18000000000000002,False,False,True,False,False,True,False,False,True,,1.4901161193847656e-08,link_2|link_3
0.0675,0.4000000000000001,-0.18000000000000002,False,False,True,False,False,True,False,False,True,,1.4901161193847656e-08,link_2|link_3
0.0675,0.38000000000000006,-0.18000000000000002,False,False,True,False,False,True,False,False,True,,1.4901161193847656e-08,link_2|link_3
0.0675,0.36000000000000004,-0.18000000000000002,False,False,True,False,False,True,False,False,True,,1.4901161193847656e-08,link_2|link_3
0.0675,0.34,-0.18000000000000002,False,False,True,False,False,True,False,False,True,0.008840411901473999,1.4901161193847656e-08,basket|link_0|link_2|link_3
0.0675,0.32,-0.18000000000000002,True,True,True,True,False,False,True,True,True,0.00045393151231110096,1.4901161193847656e-08,basket|link_0|link_2|link_3
0.0675,0.3,-0.18000000000000002,True,True,True,True,True,True,True,True,True,-0.009388362057507038,0.007484802005423018,basket|link_0|link_2|link_3
0.0675,0.2800000000000001,-0.18000000000000002,True,True,True,True,True,True,True,True,True,-0.01097085326910019,0.015264142865114351,basket|link_0|link_2|link_3
0.0675,0.26000000000000006,-0.18000000000000002,True,True,True,True,True,True,True,True,True,-0.011027898639440536,0.010821155923406958,basket|link_0|link_2|link_3
0.0675,0.24000000000000005,-0.18000000000000002,True,True,True,True,True,True,True,True,True,-0.011085164733231068,0.012254625982408694,basket|link_0|link_2|link_3
0.0675,0.22000000000000003,-0.18000000000000002,True,True,True,True,True,True,True,True,True,-0.01110895723104477,0.032156623790483986,basket|link_0|link_2|link_3
0.0675,0.2,-0.18000000000000002,True,True,True,True,True,True,True,True,True,-0.011108964681625366,0.008902625157942242,basket|link_0|link_2|link_3
0.0675,0.18,-0.18000000000000002,True,True,True,True,True,True,True,True,True,-0.011108964681625366,0.014214721805317274,basket|link_0|link_2|link_3
0.0675,0.15999999999999998,-0.18000000000000002,True,True,True,True,True,True,True,True,True,-0.011108964681625366,0.00898590956343564,basket|link_0|link_2|link_3
0.0675,0.14000000000000007,-0.18000000000000002,True,True,True,True,True,True,True,True,True,-0.011108964681625366,0.014917718171934533,basket|link_0|link_2|link_3
0.0675,0.12000000000000005,-0.18000000000000002,True,True,True,True,True,True,True,True,True,-0.012466587126255035,0.013283361321683654,basket|link_0|link_2|link_3
0.0675,0.10000000000000003,-0.18000000000000002,True,True,True,True,True,True,True,True,True,-0.013284310698509216,0.013686850139739512,basket|link_0|link_2|link_3
0.0675,0.08000000000000002,-0.18000000000000002,True,True,True,True,True,True,True,True,True,-0.013067029416561127,0.007996452257387567,basket|link_0|link_2|link_3
0.0675,0.06,-0.18000000000000002,True,True,True,True,True,True,True,True,True,-0.01678571105003357,0.005932584125863691,basket|link_0|link_2|link_3
0.0675,0.040000000000000036,-0.18000000000000002,True,True,True,True,True,True,True,True,True,-0.015477165579795837,0.00804089837024844,basket|link_0|link_2|link_3
0.0675,0.020000000000000018,-0.18000000000000002,True,True,True,True,True,True,True,True,True,-0.013826504349708557,0.0090067487557687,basket|link_0|link_1|link_2|link_3
0.0675,0.0,-0.18000000000000002,True,True,True,True,True,True,True,True,True,-0.01110905408859253,0.006724809261819798,basket|link_0|link_1|link_2|link_3
0.0675,-0.019999999999999962,-0.18000000000000002,True,True,True,True,True,True,True,True,True,-0.01110905408859253,0.011418962403734972,basket|link_0|link_1|link_2|link_3
0.0675,-0.03999999999999998,-0.18000000000000002,True,True,True,True,True,True,True,True,True,-0.01110905408859253,0.020102897418830444,basket|link_0|link_1|link_2|link_3
0.0675,-0.06,-0.18000000000000002,True,True,True,True,True,True,True,True,True,-0.017093900591135025,0.020465807898098386,basket|link_0|link_1|link_2|link_3
0.0675,-0.07999999999999996,-0.18000000000000002,True,True,True,True,True,True,True,True,True,-0.01621892675757408,0.007056440788275464,basket|link_0|link_1|link_2|link_3
0.0675,-0.09999999999999998,-0.18000000000000002,True,True,True,True,True,True,True,True,True,-0.011108994483947754,0.01198875344566388,basket|link_0|link_1|link_2|link_3
0.0675,-0.12,-0.18000000000000002,True,True,True,True,True,True,True,True,True,-0.011108994483947754,0.010343510775527252,basket|link_0|link_1|link_2|link_3
0.0675,-0.13999999999999996,-0.18000000000000002,True,True,True,True,True,True,True,True,True,-0.01110900193452835,0.009615438467528475,basket|link_0|link_1|link_2|link_3
0.0675,-0.15999999999999998,-0.18000000000000002,True,True,True,True,True,True,True,True,True,-0.01110900193452835,0.007516220952399877,basket|link_0|link_1|link_2|link_3
0.0675,-0.18,-0.18000000000000002,True,True,True,True,True,True,True,True,True,-0.016255691647529602,0.00531222384438693,basket|link_0|link_1|link_2|link_3
0.0675,-0.19999999999999998,-0.18000000000000002,True,True,True,True,True,True,True,True,True,-0.02027258276939392,0.005737360760501183,basket|link_0|link_1|link_2|link_3
0.0675,-0.21999999999999997,-0.18000000000000002,True,True,True,True,True,True,True,True,True,-0.01649266481399536,0.011680223916599274,basket|link_0|link_1|link_2|link_3
0.0675,-0.24,-0.18000000000000002,True,True,True,True,True,True,True,True,True,-0.01110900193452835,0.017695959834650072,basket|link_0|link_1|link_2|link_3
0.0675,-0.26,-0.18000000000000002,True,True,True,True,True,True,True,True,True,-0.0110553540289402,0.02285153446691834,basket|link_0|link_1|link_2|link_3
0.0675,-0.27999999999999997,-0.18000000000000002,True,True,True,True,True,True,True,True,True,-0.010992949828505516,0.04947868507966353,basket|link_0|link_1|link_2|link_3
0.0675,-0.3,-0.18000000000000002,True,True,True,True,True,True,True,True,True,-0.011022452265024185,0.008102542216469123,basket|link_0|link_1|link_2|link_3
0.0675,-0.31999999999999995,-0.18000000000000002,True,True,True,False,False,True,True,True,True,-2.6553869247436523e-05,1.8744132699074306e-05,basket|link_0|link_1|link_2|link_3
0.0675,-0.33999999999999997,-0.18000000000000002,False,False,True,False,False,True,False,False,True,0.011490818113088608,1.4901161193847656e-08,basket|link_0|link_1|link_2|link_3
0.0675,-0.36,-0.18000000000000002,False,False,True,False,False,True,False,False,True,,1.4901161193847656e-08,link_2|link_3
0.0675,-0.38,-0.18000000000000002,False,False,True,False,False,True,False,False,True,,1.4901161193847656e-08,link_2|link_3
0.0675,-0.39999999999999997,-0.18000000000000002,False,False,True,False,False,True,False,False,True,,1.4901161193847656e-08,link_2|link_3
0.0675,-0.42,-0.18000000000000002,False,False,True,False,False,True,False,False,True,,1.4901161193847656e-08,link_2|link_3
0.0675,0.42,-0.2,False,False,True,False,False,True,False,False,True,,1.4901161193847656e-08,link_2|link_3
0.0675,0.4000000000000001,-0.2,False,False,True,False,False,True,False,False,True,,1.4901161193847656e-08,link_2|link_3
0.0675,0.38000000000000006,-0.2,False,False,True,False,False,True,False,False,True,,1.4901161193847656e-08,link_2|link_3
0.0675,0.36000000000000004,-0.2,False,False,True,False,False,True,False,False,True,,1.4901161193847656e-08,link_2|link_3
0.0675,0.34,-0.2,False,False,True,False,False,True,False,False,True,0.01462486106902361,1.4901161193847656e-08,basket|link_2|link_3
0.0675,0.32,-0.2,False,False,True,False,False,True,True,True,True,0.007703691720962524,1.4901161193847656e-08,basket|link_2|link_3
0.0675,0.3,-0.2,True,True,True,False,True,False,True,True,True,-0.009388362057507038,0.007456121980436533,basket|link_2|link_3
0.0675,0.2800000000000001,-0.2,True,True,True,False,True,False,True,True,True,-0.01097085326910019,0.013210011288783453,basket|link_2|link_3
0.0675,0.26000000000000006,-0.2,True,True,True,False,True,False,True,True,True,-0.011027895845472813,0.009876395963513232,basket|link_2|link_3
0.0675,0.24000000000000005,-0.2,False,True,False,False,True,False,True,True,True,-0.011087113991379738,0.010823489272920608,basket|link_2|link_3
0.0675,0.22000000000000003,-0.2,False,True,False,False,True,False,True,True,True,-0.01110895723104477,0.04594757766339782,basket|link_2|link_3
0.0675,0.2,-0.2,True,True,True,False,True,False,True,True,True,-0.01110895723104477,0.016831160366549483,basket|link_2|link_3
0.0675,0.18,-0.2,True,True,True,False,True,False,True,True,True,-0.01110895723104477,0.013786656322346323,basket|link_2|link_3
0.0675,0.15999999999999998,-0.2,True,True,True,True,True,True,True,True,True,-0.022263579070568085,0.026582744935749754,basket|link_2|link_3
0.0675,0.14000000000000007,-0.2,True,True,True,True,True,True,True,True,True,-0.019153274595737457,0.01062095659440479,basket|link_2|link_3
0.0675,0.12000000000000005,-0.2,True,True,True,True,True,True,True,True,True,-0.01678141951560974,0.008306999324141372,basket|link_2|link_3
0.0675,0.10000000000000003,-0.2,True,True,True,True,True,True,True,True,True,-0.013284318149089813,0.008656217904167221,basket|link_2|link_3
0.0675,0.08000000000000002,-0.2,True,True,True,True,True,True,True,True,True,-0.01178942620754242,0.0049248937561543775,basket|link_2|link_3
0.0675,0.06,-0.2,True,True,True,True,True,True,True,True,True,-0.03038559854030609,0.015083216441748629,basket|link_2|link_3
0.0675,0.040000000000000036,-0.2,True,True,True,True,True,True,True,True,True,-0.02574854902923107,0.015157777200288854,basket|link_1|link_2|link_3
0.0675,0.020000000000000018,-0.2,True,True,True,True,True,True,True,True,True,-0.028708934783935547,0.013746388130694192,basket|link_1|link_2|link_3
0.0675,0.0,-0.2,True,True,True,True,True,True,True,True,True,-0.03127610683441162,0.015015263106028952,basket|link_1|link_2|link_3
0.0675,-0.019999999999999962,-0.2,True,True,True,True,True,True,True,True,True,-0.021330565214157104,0.015996664953193216,basket|link_1|link_2|link_3
0.0675,-0.03999999999999998,-0.2,True,True,True,True,True,True,True,True,True,-0.022010967135429382,0.013791734681081415,basket|link_1|link_2|link_3
0.0675,-0.06,-0.2,True,True,True,True,True,True,True,True,True,-0.02226261794567108,0.012919647976989818,basket|link_1|link_2|link_3
0.0675,-0.07999999999999996,-0.2,True,True,True,True,True,True,True,True,True,-0.020350992679595947,0.007578334724098661,basket|link_1|link_2|link_3
0.0675,-0.09999999999999998,-0.2,True,True,True,True,True,True,True,True,True,-0.018271006643772125,0.013391500937628335,basket|link_1|link_2|link_3
0.0675,-0.12,-0.2,True,True,True,True,True,True,True,True,True,-0.011108994483947754,0.011478403267160415,basket|link_1|link_2|link_3
0.0675,-0.13999999999999996,-0.2,True,True,True,True,True,True,True,True,True,-0.011108994483947754,0.007946577626100156,basket|link_1|link_2|link_3
0.0675,-0.15999999999999998,-0.2,True,True,True,True,True,True,True,True,True,-0.01190272718667984,0.0046328324216655045,basket|link_1|link_2|link_3
0.0675,-0.18,-0.2,True,True,True,True,True,True,True,True,True,-0.01625572144985199,0.006797256589716683,basket|link_1|link_2|link_3
0.0675,-0.19999999999999998,-0.2,True,True,True,True,True,True,True,True,True,-0.02027258276939392,0.011626424000991963,basket|link_1|link_2|link_3
0.0675,-0.21999999999999997,-0.2,True,True,True,True,True,True,True,True,True,-0.01649266481399536,0.026533965615900677,basket|link_1|link_2|link_3
0.0675,-0.24,-0.2,True,True,True,True,True,True,True,True,True,-0.01110900193452835,0.019393544041109587,basket|link_1|link_2|link_3
0.0675,-0.26,-0.2,True,True,True,True,True,True,True,True,True,-0.011027945205569267,0.030926327322343294,basket|link_1|link_2|link_3
0.0675,-0.27999999999999997,-0.2,True,True,True,True,True,True,True,True,True,-0.010971546173095703,0.030459318494128813,basket|link_1|link_2|link_3
0.0675,-0.3,-0.2,True,True,True,True,True,True,True,True,True,-0.011022422462701797,0.01082564404080905,basket|link_1|link_2|link_3
0.0675,-0.31999999999999995,-0.2,True,True,True,False,False,True,True,True,True,-0.0017260834574699402,0.00045940611936810924,basket|link_1|link_2|link_3
0.0675,-0.33999999999999997,-0.2,False,False,True,False,False,True,False,False,True,0.009119817987084389,1.4901161193847656e-08,basket|link_1|link_2|link_3
0.0675,-0.36,-0.2,False,False,True,False,False,True,False,False,True,,1.4901161193847656e-08,link_2|link_3
0.0675,-0.38,-0.2,False,False,True,False,False,True,False,False,True,,1.4901161193847656e-08,link_2|link_3
0.0675,-0.39999999999999997,-0.2,False,False,True,False,False,True,False,False,True,,1.4901161193847656e-08,link_2|link_3
0.0675,-0.42,-0.2,False,False,True,False,False,True,False,False,True,,1.4901161193847656e-08,link_2|link_3
0.0675,0.42,-0.22000000000000003,False,False,True,False,False,True,False,False,True,,1.4901161193847656e-08,link_2|link_3
0.0675,0.4000000000000001,-0.22000000000000003,False,False,True,False,False,True,False,False,True,,1.4901161193847656e-08,link_2|link_3
0.0675,0.38000000000000006,-0.22000000000000003,False,False,True,False,False,True,False,False,True,,1.4901161193847656e-08,link_2|link_3
0.0675,0.36000000000000004,-0.22000000000000003,False,False,True,False,False,True,False,False,True,,1.4901161193847656e-08,link_2|link_3
0.0675,0.34,-0.22000000000000003,False,False,True,False,False,True,False,False,True,0.005634680390357971,1.4901161193847656e-08,basket|link_2|link_3
0.0675,0.32,-0.22000000000000003,False,True,False,False,True,False,True,True,True,-0.014365136623382568,0.01026433920502828,basket|link_2|link_3
0.0675,0.3,-0.22000000000000003,False,True,False,False,True,False,True,True,True,-0.016684889793395996,0.02210581503999503,basket|link_2|link_3
0.0675,0.2800000000000001,-0.22000000000000003,False,True,False,False,True,False,True,True,True,-0.010907687246799469,0.021424846612471182,basket|link_2|link_3
0.0675,0.26000000000000006,-0.22000000000000003,False,True,False,False,True,False,True,True,True,-0.011005688458681107,0.0066638456936642535,basket|link_2|link_3
0.0675,0.24000000000000005,-0.22000000000000003,False,True,False,False,True,False,True,True,True,-0.011424392461776733,0.008285331249365535,basket|link_2|link_3
0.0675,0.22000000000000003,-0.22000000000000003,False,True,False,False,True,False,True,True,True,-0.016812369227409363,0.03034332023298047,basket|link_2|link_3
0.0675,0.2,-0.22000000000000003,False,True,False,False,True,False,True,True,True,-0.03649100661277771,0.008956756183067413,basket|link_2|link_3
0.0675,0.18,-0.22000000000000003,True,True,True,True,True,True,True,True,True,-0.04122556746006012,0.029483496242059745,basket|link_2|link_3
0.0675,0.15999999999999998,-0.22000000000000003,True,True,True,True,True,True,True,True,True,-0.040836483240127563,0.03588048154149326,basket|link_2|link_3
0.0675,0.14000000000000007,-0.22000000000000003,True,True,True,True,True,True,True,True,True,-0.044890712946653366,0.024055389541773393,basket|link_2|link_3
0.0675,0.12000000000000005,-0.22000000000000003,True,True,True,True,True,True,True,True,True,-0.04394333437085152,0.01566806778948636,basket|link_2|link_3
0.0675,0.10000000000000003,-0.22000000000000003,True,True,True,True,True,True,True,True,True,-0.03130579739809036,0.009553023931719837,basket|link_2|link_3
0.0675,0.08000000000000002,-0.22000000000000003,True,True,True,True,True,True,True,True,True,-0.02317732572555542,0.007340422042985719,basket|link_2|link_3
0.0675,0.06,-0.22000000000000003,True,True,True,True,True,True,True,True,True,-0.01702912151813507,0.061764647909229954,basket|link_1|link_2|link_3
0.0675,0.040000000000000036,-0.22000000000000003,True,True,True,True,True,True,True,True,True,-0.01742681860923767,0.031611102270444884,basket|link_1|link_2|link_3
0.0675,0.020000000000000018,-0.22000000000000003,True,True,True,True,True,True,True,True,True,-0.01787378638982773,0.009863375755617727,basket|link_1|link_2|link_3
0.0675,0.0,-0.22000000000000003,True,True,True,True,True,True,True,True,True,-0.02226489782333374,0.020002356060606182,basket|link_1|link_2|link_3
0.0675,-0.019999999999999962,-0.22000000000000003,True,True,True,True,True,True,True,True,True,-0.01980867236852646,0.008321327990244468,basket|link_1|link_2|link_3
0.0675,-0.03999999999999998,-0.22000000000000003,True,True,True,True,True,True,True,True,True,-0.011041578836739063,0.012650090417761979,basket|link_1|link_2|link_3
0.0675,-0.06,-0.22000000000000003,True,True,True,True,True,True,True,True,True,-0.017097704112529755,0.03392692477354506,basket|link_1|link_2|link_3
0.0675,-0.07999999999999996,-0.22000000000000003,True,True,True,True,True,True,True,True,True,-0.018259994685649872,0.019584034239403168,basket|link_1|link_2|link_3
0.0675,-0.09999999999999998,-0.22000000000000003,True,True,True,True,True,True,True,True,True,-0.015628643333911896,0.005278864571018087,basket|link_1|link_2|link_3
0.0675,-0.12,-0.22000000000000003,True,True,True,True,True,True,True,True,True,-0.011108972132205963,0.011501253296212864,basket|link_1|link_2|link_3
0.0675,-0.13999999999999996,-0.22000000000000003,True,True,True,True,True,True,True,True,True,-0.01110897958278656,0.014864726398560261,basket|link_1|link_2|link_3
0.0675,-0.15999999999999998,-0.22000000000000003,True,True,True,True,True,True,True,True,True,-0.01110897958278656,0.014314565928217629,basket|link_1|link_2|link_3
0.0675,-0.18,-0.22000000000000003,True,True,True,True,True,True,True,True,True,-0.016255691647529602,0.012311526977623284,basket|link_1|link_2|link_3
0.0675,-0.19999999999999998,-0.22000000000000003,True,True,True,True,True,True,True,True,True,-0.020482927560806274,0.004523583634035876,basket|link_1|link_2|link_3
0.0675,-0.21999999999999997,-0.22000000000000003,True,True,True,True,True,True,True,True,True,-0.019142955541610718,0.030678888507111906,basket|link_1|link_2|link_3
0.0675,-0.24,-0.22000000000000003,True,True,True,True,True,True,True,True,True,-0.01706044375896454,0.027756851925109616,basket|link_1|link_2|link_3
0.0675,-0.26,-0.22000000000000003,True,True,True,True,True,True,True,True,True,-0.016025975346565247,0.02010872407168568,basket|link_1|link_2|link_3
0.0675,-0.27999999999999997,-0.22000000000000003,True,True,True,True,True,True,True,True,True,-0.015404239296913147,0.03339149831503097,basket|link_1|link_2|link_3
0.0675,-0.3,-0.22000000000000003,True,True,True,True,True,True,True,True,True,-0.013212457299232483,0.012212831909650461,basket|link_1|link_2|link_3
0.0675,-0.31999999999999995,-0.22000000000000003,True,True,True,True,True,True,True,True,True,-0.011866524815559387,0.004951242990277062,basket|link_1|link_2|link_3
0.0675,-0.33999999999999997,-0.22000000000000003,False,False,True,False,False,True,False,False,True,0.006579384207725525,1.4901161193847656e-08,basket|link_1|link_2|link_3
0.0675,-0.36,-0.22000000000000003,False,False,True,False,False,True,False,False,True,,1.4901161193847656e-08,link_2|link_3
0.0675,-0.38,-0.22000000000000003,False,False,True,False,False,True,False,False,True,,1.4901161193847656e-08,link_2|link_3
0.0675,-0.39999999999999997,-0.22000000000000003,False,False,True,False,False,True,False,False,True,,1.4901161193847656e-08,link_2|link_3
0.0675,-0.42,-0.22000000000000003,False,False,True,False,False,True,False,False,True,,1.4901161193847656e-08,link_2|link_3
0.0675,0.42,-0.24000000000000002,False,False,True,False,False,True,False,False,True,,1.4901161193847656e-08,link_2|link_3
0.0675,0.4000000000000001,-0.24000000000000002,False,False,True,False,False,True,False,False,True,,1.4901161193847656e-08,link_2|link_3
0.0675,0.38000000000000006,-0.24000000000000002,False,False,True,False,False,True,False,False,True,,1.4901161193847656e-08,link_2|link_3
0.0675,0.36000000000000004,-0.24000000000000002,False,False,True,False,False,True,False,False,True,,1.4901161193847656e-08,link_2|link_3
0.0675,0.34,-0.24000000000000002,False,False,True,False,False,True,False,False,True,0.005631387233734131,1.4901161193847656e-08,basket|link_2|link_3
0.0675,0.32,-0.24000000000000002,False,True,False,False,True,False,True,True,True,-0.014368981122970581,0.009580566497606205,basket|link_2|link_3
0.0675,0.3,-0.24000000000000002,False,True,False,False,True,False,True,True,True,-0.01674100011587143,0.015326007246778467,basket|link_2|link_3
0.0675,0.2800000000000001,-0.24000000000000002,False,True,False,False,True,False,True,True,True,-0.022264420986175537,0.01725814898184974,basket|link_2|link_3
0.0675,0.26000000000000006,-0.24000000000000002,False,True,False,False,True,False,True,True,True,-0.022264160215854645,0.014352189522233733,basket|link_2|link_3
0.0675,0.24000000000000005,-0.24000000000000002,False,True,False,False,True,False,True,True,True,-0.0222642719745636,0.01677979238135096,basket|link_2|link_3
0.0675,0.22000000000000003,-0.24000000000000002,False,True,False,False,True,False,True,True,True,-0.022264473140239716,0.040647869629955063,basket|link_2|link_3
0.0675,0.2,-0.24000000000000002,False,True,False,False,True,False,True,True,True,-0.02226412296295166,0.027266387210438985,basket|link_2|link_3
0.0675,0.18,-0.24000000000000002,True,True,True,True,True,True,True,True,True,-0.022042036056518555,0.022877167357221846,basket|link_2|link_3
0.0675,0.15999999999999998,-0.24000000000000002,True,True,True,True,True,True,True,True,True,-0.024165496230125427,0.03402249121385103,basket|link_2|link_3
0.0675,0.14000000000000007,-0.24000000000000002,True,True,True,True,True,True,True,True,True,-0.029302120208740234,0.05100081783405994,basket|link_2|link_3
0.0675,0.12000000000000005,-0.24000000000000002,True,True,True,True,True,True,True,True,True,-0.03324808180332184,0.026019428663730818,basket|link_2|link_3
0.0675,0.10000000000000003,-0.24000000000000002,True,True,True,True,True,True,True,True,True,-0.03350791335105896,0.022101552335794816,basket|link_2|link_3
0.0675,0.08000000000000002,-0.24000000000000002,True,True,True,True,True,True,True,True,True,-0.02494513988494873,0.005861311202154239,basket|link_2|link_3
0.0675,0.06,-0.24000000000000002,True,True,True,True,True,True,True,True,True,-0.011108942329883575,0.03267593770678886,basket|link_1|link_2|link_3
0.0675,0.040000000000000036,-0.24000000000000002,True,True,True,True,True,True,True,True,True,-0.011073308996856213,0.04808829556406782,basket|link_1|link_2|link_3
0.0675,0.020000000000000018,-0.24000000000000002,True,True,True,True,True,True,True,True,True,-0.019747339189052582,0.045085142268462976,basket|link_1|link_2|link_3
0.0675,0.0,-0.24000000000000002,True,True,True,True,True,True,True,True,True,-0.022265642881393433,0.01937495912640215,basket|link_1|link_2|link_3
0.0675,-0.019999999999999962,-0.24000000000000002,True,True,True,True,True,True,True,True,True,-0.022265613079071045,0.01812142372047055,basket|link_1|link_2|link_3
0.0675,-0.03999999999999998,-0.24000000000000002,True,True,True,True,True,True,True,True,True,-0.01872371882200241,0.006032192477765379,basket|link_1|link_2|link_3
0.0675,-0.06,-0.24000000000000002,True,True,True,True,True,True,True,True,True,-0.022265739738941193,0.03496624922558196,basket|link_1|link_2|link_3
0.0675,-0.07999999999999996,-0.24000000000000002,True,True,True,True,True,True,True,True,True,-0.026867419481277466,0.02850409571238766,basket|link_1|link_2|link_3
0.0675,-0.09999999999999998,-0.24000000000000002,True,True,True,True,True,True,True,True,True,-0.045877158641815186,0.011669784081671184,basket|link_1|link_2|link_3
0.0675,-0.12,-0.24000000000000002,True,True,True,True,True,True,True,True,True,-0.04242430627346039,0.03663336551224122,basket|link_1|link_2|link_3
0.0675,-0.13999999999999996,-0.24000000000000002,True,True,True,True,True,True,True,True,True,-0.04329495131969452,0.025691804515112535,basket|link_1|link_2|link_3
0.0675,-0.15999999999999998,-0.24000000000000002,True,True,True,True,True,True,True,True,True,-0.04206624627113342,0.07198293947542807,basket|link_1|link_2|link_3
0.0675,-0.18,-0.24000000000000002,True,True,True,True,True,True,True,True,True,-0.04391719400882721,0.023218132146916613,basket|link_1|link_2|link_3
0.0675,-0.19999999999999998,-0.24000000000000002,True,True,True,True,True,True,True,True,True,-0.036087870597839355,0.010628660448784999,basket|link_1|link_2|link_3
0.0675,-0.21999999999999997,-0.24000000000000002,True,True,True,True,True,True,True,True,True,-0.01649262011051178,0.020073296460918433,basket|link_1|link_2|link_3
0.0675,-0.24,-0.24000000000000002,True,True,True,True,True,True,True,True,True,-0.01110897958278656,0.03508756827425252,basket|link_1|link_2|link_3
0.0675,-0.26,-0.24000000000000002,True,True,True,True,True,True,True,True,True,-0.011027923785150051,0.013758117963199246,basket|link_1|link_2|link_3
0.0675,-0.27999999999999997,-0.24000000000000002,True,True,True,True,True,True,True,True,True,-0.010897196829319,0.040297669003766766,basket|link_1|link_2|link_3
0.0675,-0.3,-0.24000000000000002,True,True,True,True,True,True,True,True,True,-0.011022459715604782,0.011314783757155424,basket|link_1|link_2|link_3
0.0675,-0.31999999999999995,-0.24000000000000002,True,True,True,True,True,True,True,True,True,-0.009135670959949493,0.0038617364793843904,basket|link_1|link_2|link_3
0.0675,-0.33999999999999997,-0.24000000000000002,False,False,True,False,False,True,False,False,True,0.006585508584976196,1.4901161193847656e-08,basket|link_1|link_2|link_3
0.0675,-0.36,-0.24000000000000002,False,False,True,False,False,True,False,False,True,,1.4901161193847656e-08,link_2|link_3
0.0675,-0.38,-0.24000000000000002,False,False,True,False,False,True,False,False,True,,1.4901161193847656e-08,link_2|link_3
0.0675,-0.39999999999999997,-0.24000000000000002,False,False,True,False,False,True,False,False,True,,1.4901161193847656e-08,link_2|link_3
0.0675,-0.42,-0.24000000000000002,False,False,True,False,False,True,False,False,True,,1.4901161193847656e-08,link_2|link_3
0.0675,0.42,-0.26,False,False,True,False,False,True,False,False,True,,1.4901161193847656e-08,link_2|link_3
0.0675,0.4000000000000001,-0.26,False,False,True,False,False,True,False,False,True,,1.4901161193847656e-08,link_2|link_3
0.0675,0.38000000000000006,-0.26,False,False,True,False,False,True,False,False,True,,1.4901161193847656e-08,link_2|link_3
0.0675,0.36000000000000004,-0.26,False,False,True,False,False,True,False,False,True,,1.4901161193847656e-08,link_2|link_3
0.0675,0.34,-0.26,False,False,True,False,False,True,False,False,True,0.005635201930999756,1.4901161193847656e-08,basket|link_2|link_3
0.0675,0.32,-0.26,False,True,False,False,True,False,False,True,False,-0.014364838600158691,0.009915252558828963,basket|link_2|link_3
0.0675,0.3,-0.26,True,True,True,True,True,True,True,True,True,-0.022267132997512817,0.021970918803920332,basket|link_2|link_3
0.0675,0.2800000000000001,-0.26,True,True,True,True,True,True,True,True,True,-0.02226700633764267,0.018830285693721853,basket|link_2|link_3
0.0675,0.26000000000000006,-0.26,True,True,True,True,True,True,True,True,True,-0.022266849875450134,0.014135622109122314,basket|link_2|link_3
0.0675,0.24000000000000005,-0.26,True,True,True,False,True,False,True,True,True,-0.022266924381256104,0.018586263307340905,basket|link_2|link_3
0.0675,0.22000000000000003,-0.26,True,True,True,True,True,True,True,True,True,-0.02226724475622177,0.09085377747768629,basket|link_2|link_3
0.0675,0.2,-0.26,False,True,False,False,True,False,True,True,True,-0.032321780920028687,0.011335796803185638,basket|link_2|link_3
0.0675,0.18,-0.26,True,True,True,True,True,True,True,True,True,-0.03613729029893875,0.01576478812169555,basket|link_2|link_3
0.0675,0.15999999999999998,-0.26,True,True,True,True,True,True,True,True,True,-0.035218410193920135,0.06090409267631961,basket|link_2|link_3
0.0675,0.14000000000000007,-0.26,True,True,True,True,True,True,True,True,True,-0.04446614533662796,0.057368616503726724,basket|link_2|link_3
0.0675,0.12000000000000005,-0.26,True,True,True,True,True,True,True,True,True,-0.04355914890766144,0.037901227177405385,basket|link_2|link_3
0.0675,0.10000000000000003,-0.26,True,True,True,True,True,True,True,True,True,-0.04541999101638794,0.013474825425756525,basket|link_2|link_3
0.0675,0.08000000000000002,-0.26,True,True,True,True,True,True,True,True,True,-0.025362074375152588,0.004013507526253442,basket|link_2|link_3
0.0675,0.06,-0.26,True,True,True,True,True,True,True,True,True,-0.014704197645187378,0.02910767446296342,basket|link_1|link_2|link_3
0.0675,0.040000000000000036,-0.26,True,True,True,True,True,True,True,True,True,-0.015363454818725586,0.040722938745567934,basket|link_1|link_2|link_3
0.0675,0.020000000000000018,-0.26,True,True,True,True,True,True,True,True,True,-0.01097668707370758,0.008433174782438406,basket|link_1|link_2|link_3
0.0675,0.0,-0.26,True,True,True,True,True,True,True,True,True,-0.010897167026996613,0.016688904700531998,basket|link_1|link_2|link_3
0.0675,-0.019999999999999962,-0.26,True,True,True,True,True,True,True,True,True,-0.009412340819835663,0.023197359865593983,basket|link_1|link_2|link_3
0.0675,-0.03999999999999998,-0.26,True,True,True,True,True,True,True,True,True,-0.008039604872465134,0.010046422664767483,basket|link_1|link_2|link_3
0.0675,-0.06,-0.26,True,True,True,True,True,True,True,True,True,-0.009036711417138577,0.009911420669811983,basket|link_1|link_2|link_3
0.0675,-0.07999999999999996,-0.26,True,True,True,True,True,True,True,True,True,-0.006517332978546619,0.01298010278829834,basket|link_1|link_2|link_3
0.0675,-0.09999999999999998,-0.26,True,True,True,True,True,True,True,True,True,-0.007217670790851116,0.01076925428012926,basket|link_1|link_2|link_3
0.0675,-0.12,-0.26,True,True,True,True,True,True,True,True,True,-0.00885210931301117,0.015436921113330691,basket|link_1|link_2|link_3
0.0675,-0.13999999999999996,-0.26,True,True,True,True,True,True,True,True,True,-0.00617227191105485,0.00806882530874487,basket|link_1|link_2|link_3
0.0675,-0.15999999999999998,-0.26,True,True,True,True,True,True,True,True,True,-0.004574373364448547,0.00838476547736586,basket|link_1|link_2|link_3
0.0675,-0.18,-0.26,True,True,True,True,True,True,True,True,True,-0.005490228533744812,0.006119231674278866,basket|link_1|link_2|link_3
0.0675,-0.19999999999999998,-0.26,True,True,True,True,True,True,True,True,True,-0.008325636386871338,0.00568250039696469,basket|link_1|link_2|link_3
0.0675,-0.21999999999999997,-0.26,False,False,True,False,False,True,False,True,False,0.0012292638421058655,1.4901161193847656e-08,basket|link_1|link_2|link_3
0.0675,-0.24,-0.26,False,True,False,False,False,True,False,True,False,-0.000876307487487793,0.00040082131597990185,basket|link_1|link_2|link_3
0.0675,-0.26,-0.26,False,True,False,False,False,True,False,True,False,-0.001431390643119812,0.0003632278312012321,basket|link_1|link_2|link_3
0.0675,-0.27999999999999997,-0.26,False,True,False,False,False,True,False,True,False,-0.0011406317353248596,0.00022600999248999218,basket|link_1|link_2|link_3
0.0675,-0.3,-0.26,False,True,False,False,False,True,False,True,False,-0.0007729306817054749,0.00017250826152716173,basket|link_1|link_2|link_3
0.0675,-0.31999999999999995,-0.26,False,True,False,False,False,True,False,True,False,-0.000429302453994751,6.816790060160669e-05,basket|link_1|link_2|link_3
0.0675,-0.33999999999999997,-0.26,False,False,True,False,False,True,False,False,True,0.011490736156702042,1.4901161193847656e-08,basket|link_1|link_2|link_3
0.0675,-0.36,-0.26,False,False,True,False,False,True,False,False,True,,1.4901161193847656e-08,link_2|link_3
0.0675,-0.38,-0.26,False,False,True,False,False,True,False,False,True,,1.4901161193847656e-08,link_2|link_3
0.0675,-0.39999999999999997,-0.26,False,False,True,False,False,True,False,False,True,,1.4901161193847656e-08,link_2|link_3
0.0675,-0.42,-0.26,False,False,True,False,False,True,False,False,True,,1.4901161193847656e-08,link_2|link_3
0.0675,0.42,-0.28,False,False,True,False,False,True,False,False,True,,1.4901161193847656e-08,link_2|link_3
0.0675,0.4000000000000001,-0.28,False,False,True,False,False,True,False,False,True,,1.4901161193847656e-08,link_2|link_3
0.0675,0.38000000000000006,-0.28,False,False,True,False,False,True,False,False,True,,1.4901161193847656e-08,link_2|link_3
0.0675,0.36000000000000004,-0.28,False,False,True,False,False,True,False,False,True,,1.4901161193847656e-08,link_2|link_3
0.0675,0.34,-0.28,False,False,True,False,False,True,False,False,True,0.010183809325098991,1.4901161193847656e-08,basket|link_2|link_3
0.0675,0.32,-0.28,False,False,True,False,False,True,False,True,False,0.001779109239578247,1.4901161193847656e-08,basket|link_2|link_3
0.0675,0.3,-0.28,False,True,False,False,True,False,False,True,False,-0.008764475584030151,0.004874159529092753,basket|link_2|link_3
0.0675,0.2800000000000001,-0.28,False,True,False,False,True,False,False,True,False,-0.006531424820423126,0.0015304989635466916,basket|link_2|link_3
0.0675,0.26000000000000006,-0.28,False,True,False,False,True,False,False,True,False,-0.007013961672782898,0.0020389713101223255,basket|link_2|link_3
0.0675,0.24000000000000005,-0.28,False,True,False,False,False,True,False,True,False,0.00015470385551452637,0.00010329638098816965,basket|link_2|link_3
0.0675,0.22000000000000003,-0.28,False,True,False,False,True,False,False,True,False,-0.009036674164235592,0.0070094109507182496,basket|link_2|link_3
0.0675,0.2,-0.28,False,True,False,False,True,False,False,True,False,-0.008043773472309113,0.004204237172127283,basket|link_2|link_3
0.0675,0.18,-0.28,False,True,False,False,True,False,False,True,False,-0.009036674164235592,0.007019952066215539,basket|link_2|link_3
0.0675,0.15999999999999998,-0.28,False,True,False,False,True,False,False,True,False,-0.009015852585434914,0.006703381786161585,basket|link_2|link_3
0.0675,0.14000000000000007,-0.28,False,True,False,False,True,False,False,True,False,-0.008477851748466492,0.002717021875938632,basket|link_2|link_3
0.0675,0.12000000000000005,-0.28,False,True,False,False,True,False,False,True,False,-0.005065132398158312,0.002568927794672156,basket|link_2|link_3
0.0675,0.10000000000000003,-0.28,False,True,False,False,True,False,False,True,False,-0.008804790675640106,0.005016128778548307,basket|link_2|link_3
0.0675,0.08000000000000002,-0.28,False,False,True,False,False,True,False,True,False,0.0014492124319076538,1.4901161193847656e-08,basket|link_2|link_3
0.0675,0.06,-0.28,False,True,False,False,False,True,False,True,False,0.0005297958850860596,2.0863083805487886e-05,basket|link_2|link_3
0.0675,0.040000000000000036,-0.28,False,True,False,False,False,True,False,True,False,-0.0007843449711799622,0.0002321345672154729,basket|link_1|link_2|link_3
0.0675,0.020000000000000018,-0.28,False,True,False,False,False,True,False,True,False,-0.0006562769412994385,0.0001654433719943133,basket|link_1|link_2|link_3
0.0675,0.0,-0.28,False,True,False,False,False,True,False,True,False,-0.00037360936403274536,8.327061699923769e-05,basket|link_1|link_2|link_3
0.0675,-0.019999999999999962,-0.28,False,True,False,False,False,True,False,True,False,-0.00023023784160614014,3.750211165582289e-05,basket|link_1|link_2|link_3
0.0675,-0.03999999999999998,-0.28,False,False,True,False,False,True,False,True,False,0.0031256526708602905,1.4901161193847656e-08,basket|link_1|link_2|link_3
0.0675,-0.06,-0.28,False,False,True,False,False,True,False,True,False,0.0030006244778633118,1.4901161193847656e-08,basket|link_1|link_2|link_3
0.0675,-0.07999999999999996,-0.28,False,False,True,False,False,True,False,True,False,0.0028674528002738953,1.4901161193847656e-08,basket|link_1|link_2|link_3
0.0675,-0.09999999999999998,-0.28,False,False,True,False,False,True,False,True,False,0.00279352068901062,1.490127488014328e-08,basket|link_1|link_2|link_3
0.0675,-0.12,-0.28,False,False,True,False,False,True,False,True,False,0.002895757555961609,1.4901161193847656e-08,basket|link_1|link_2|link_3
0.0675,-0.13999999999999996,-0.28,False,False,True,False,False,True,False,True,False,0.002748726634308696,1.4901161193847656e-08,basket|link_1|link_2|link_3
0.0675,-0.15999999999999998,-0.28,False,False,True,False,False,True,False,True,False,0.0028203874826431274,1.4901161193847656e-08,basket|link_1|link_2|link_3
0.0675,-0.18,-0.28,False,False,True,False,False,True,False,True,False,0.002859264612197876,1.4901161193847656e-08,basket|link_1|link_2|link_3
0.0675,-0.19999999999999998,-0.28,False,False,True,False,False,True,False,True,False,0.004038013983517885,1.4901161193847656e-08,basket|link_1|link_2|link_3
0.0675,-0.21999999999999997,-0.28,False,False,True,False,False,True,False,True,False,0.016222946345806122,1.4901161193847656e-08,basket|link_1|link_2|link_3
0.0675,-0.24,-0.28,False,False,True,False,False,True,False,True,False,0.016037531197071075,1.4901161193847656e-08,basket|link_1|link_2|link_3
0.0675,-0.26,-0.28,False,False,True,False,False,True,False,True,False,0.016014985740184784,1.4901161193847656e-08,basket|link_1|link_2|link_3
0.0675,-0.27999999999999997,-0.28,False,False,True,False,False,True,False,True,False,0.016103066504001617,1.4901161193847656e-08,basket|link_1|link_2|link_3
0.0675,-0.3,-0.28,False,False,True,False,False,True,False,True,False,0.01619075983762741,1.4901161193847656e-08,basket|link_1|link_2|link_3
0.0675,-0.31999999999999995,-0.28,False,False,True,False,False,True,False,True,False,0.01623387634754181,1.4901161193847656e-08,basket|link_1|link_2|link_3
0.0675,-0.33999999999999997,-0.28,False,False,True,False,False,True,False,False,True,,1.4901161193847656e-08,link_2|link_3
0.0675,-0.36,-0.28,False,False,True,False,False,True,False,False,True,,1.4901161193847656e-08,link_2|link_3
0.0675,-0.38,-0.28,False,False,True,False,False,True,False,False,True,,1.4901161193847656e-08,link_2|link_3
0.0675,-0.39999999999999997,-0.28,False,False,True,False,False,True,False,False,True,,1.4901161193847656e-08,link_2|link_3
0.0675,-0.42,-0.28,False,False,True,False,False,True,False,False,True,,1.4901161193847656e-08,link_2|link_3
0.0675,0.42,-0.30000000000000004,False,False,True,False,False,True,False,False,True,,1.4901161193847656e-08,link_2|link_3
0.0675,0.4000000000000001,-0.30000000000000004,False,False,True,False,False,True,False,False,True,,1.4901161193847656e-08,link_2|link_3
0.0675,0.38000000000000006,-0.30000000000000004,False,False,True,False,False,True,False,False,True,,1.4901161193847656e-08,link_2|link_3
0.0675,0.36000000000000004,-0.30000000000000004,False,False,True,False,False,True,False,False,True,,1.4901161193847656e-08,link_2|link_3
0.0675,0.34,-0.30000000000000004,False,False,True,False,False,True,False,False,True,,1.4901161193847656e-08,link_2|link_3
0.0675,0.32,-0.30000000000000004,False,False,True,False,False,True,False,True,False,0.010379314422607422,1.4901161193847656e-08,basket|link_2|link_3
0.0675,0.3,-0.30000000000000004,False,False,True,False,False,True,False,True,False,0.006482124328613281,1.4901161193847656e-08,basket|link_2|link_3
0.0675,0.2800000000000001,-0.30000000000000004,False,False,True,False,False,True,False,True,False,0.004186518490314484,1.4901161193847656e-08,basket|link_2|link_3
0.0675,0.26000000000000006,-0.30000000000000004,False,False,True,False,False,True,False,True,False,0.003979921340942383,1.4901161193847656e-08,basket|link_2|link_3
0.0675,0.24000000000000005,-0.30000000000000004,False,False,True,False,False,True,False,True,False,0.003839336335659027,1.4901161193847656e-08,basket|link_2|link_3
0.0675,0.22000000000000003,-0.30000000000000004,False,False,True,False,False,True,False,True,False,0.003767959773540497,1.4901161193847656e-08,basket|link_2|link_3
0.0675,0.2,-0.30000000000000004,False,False,True,False,False,True,False,True,False,0.003653988242149353,1.4901161193847656e-08,basket|link_2|link_3
0.0675,0.18,-0.30000000000000004,False,False,True,False,False,True,False,True,False,0.003751009702682495,1.4901161193847656e-08,basket|link_2|link_3
0.0675,0.15999999999999998,-0.30000000000000004,False,False,True,False,False,True,False,True,False,0.00361319980584085,1.4901161193847656e-08,basket|link_2|link_3
0.0675,0.14000000000000007,-0.30000000000000004,False,False,True,False,False,True,False,True,False,0.0036617666482925415,1.4901161193847656e-08,basket|link_2|link_3
0.0675,0.12000000000000005,-0.30000000000000004,False,False,True,False,False,True,False,True,False,0.003767833113670349,1.4901161193847656e-08,basket|link_2|link_3
0.0675,0.10000000000000003,-0.30000000000000004,False,False,True,False,False,True,False,True,False,0.0037528276443481445,1.4901161193847656e-08,basket|link_2|link_3
0.0675,0.08000000000000002,-0.30000000000000004,False,False,True,False,False,True,False,True,False,0.010265514254570007,1.4901161193847656e-08,basket|link_2|link_3
0.0675,0.06,-0.30000000000000004,False,False,True,False,False,True,False,True,False,0.017170138657093048,1.4901161193847656e-08,basket|link_2|link_3
0.0675,0.040000000000000036,-0.30000000000000004,False,False,True,False,False,True,False,True,False,0.01696879416704178,1.4901161193847656e-08,basket|link_2|link_3
0.0675,0.020000000000000018,-0.30000000000000004,False,False,True,False,False,True,False,True,False,0.017053380608558655,1.4901161193847656e-08,basket|link_2|link_3
0.0675,0.0,-0.30000000000000004,False,False,True,False,False,True,False,True,False,0.017159610986709595,1.4901161193847656e-08,basket|link_2|link_3
0.0675,-0.019999999999999962,-0.30000000000000004,False,False,True,False,False,True,False,True,False,0.017189033329486847,1.4901161193847656e-08,basket|link_1|link_2|link_3
0.0675,-0.03999999999999998,-0.30000000000000004,False,False,True,False,False,True,False,True,False,0.01889769919216633,1.4901161193847656e-08,basket|link_1|link_2|link_3
0.0675,-0.06,-0.30000000000000004,False,False,True,False,False,True,False,True,False,0.019558042287826538,1.4901161193847656e-08,basket|link_1|link_2|link_3
0.0675,-0.07999999999999996,-0.30000000000000004,False,False,True,False,False,True,False,True,False,0.01954343169927597,1.4901161193847656e-08,basket|link_1|link_2|link_3
0.0675,-0.09999999999999998,-0.30000000000000004,False,False,True,False,False,True,False,True,False,0.019335120916366577,1.490127488014328e-08,basket|link_1|link_2|link_3
0.0675,-0.12,-0.30000000000000004,False,False,True,False,False,True,False,True,False,0.01926179975271225,1.4901161193847656e-08,basket|link_1|link_2|link_3
0.0675,-0.13999999999999996,-0.30000000000000004,False,False,True,False,False,True,False,True,False,0.019325874745845795,1.4901161193847656e-08,basket|link_1|link_2|link_3
0.0675,-0.15999999999999998,-0.30000000000000004,False,False,True,False,False,True,False,True,False,0.01941096782684326,1.4901161193847656e-08,basket|link_1|link_2|link_3
0.0675,-0.18,-0.30000000000000004,False,False,True,False,False,True,False,True,False,0.019451342523097992,1.4901161193847656e-08,basket|link_1|link_2|link_3
0.0675,-0.19999999999999998,-0.30000000000000004,False,False,True,False,False,True,False,True,False,,1.4901161193847656e-08,link_2|link_3
0.0675,-0.21999999999999997,-0.30000000000000004,False,False,True,False,False,True,False,True,False,,1.4901161193847656e-08,link_2|link_3
0.0675,-0.24,-0.30000000000000004,False,False,True,False,False,True,False,True,False,,1.4901161193847656e-08,link_2|link_3
0.0675,-0.26,-0.30000000000000004,False,False,True,False,False,True,False,True,False,,1.4901161193847656e-08,link_2|link_3
0.0675,-0.27999999999999997,-0.30000000000000004,False,False,True,False,False,True,False,True,False,,1.4901161193847656e-08,link_2|link_3
0.0675,-0.3,-0.30000000000000004,False,False,True,False,False,True,False,True,False,,1.4901161193847656e-08,link_2|link_3
0.0675,-0.31999999999999995,-0.30000000000000004,False,False,True,False,False,True,False,True,False,,1.4901161193847656e-08,link_2|link_3
0.0675,-0.33999999999999997,-0.30000000000000004,False,False,True,False,False,True,False,False,True,,1.4901161193847656e-08,link_2|link_3
0.0675,-0.36,-0.30000000000000004,False,False,True,False,False,True,False,False,True,,1.4901161193847656e-08,link_2|link_3
0.0675,-0.38,-0.30000000000000004,False,False,True,False,False,True,False,False,True,,1.4901161193847656e-08,link_2|link_3
0.0675,-0.39999999999999997,-0.30000000000000004,False,False,True,False,False,True,False,False,True,,1.4901161193847656e-08,link_2|link_3
0.0675,-0.42,-0.30000000000000004,False,False,True,False,False,True,False,False,True,,1.4901161193847656e-08,link_2|link_3
0.0675,0.42,-0.32,False,False,True,False,False,True,False,False,True,,1.4901161193847656e-08,link_2|link_3
0.0675,0.4000000000000001,-0.32,False,False,True,False,False,True,False,False,True,,1.4901161193847656e-08,link_2|link_3
0.0675,0.38000000000000006,-0.32,False,False,True,False,False,True,False,False,True,,1.4901161193847656e-08,link_2|link_3
0.0675,0.36000000000000004,-0.32,False,False,True,False,False,True,False,False,True,,1.4901161193847656e-08,link_2|link_3
0.0675,0.34,-0.32,False,False,True,False,False,True,False,False,True,,1.4901161193847656e-08,link_2|link_3
0.0675,0.32,-0.32,False,False,True,False,False,True,False,True,False,,1.4901161193847656e-08,link_2|link_3
0.0675,0.3,-0.32,False,False,True,False,False,True,False,True,False,,1.4901161193847656e-08,link_2|link_3
0.0675,0.2800000000000001,-0.32,False,False,True,False,False,True,False,True,False,,1.4901161193847656e-08,link_2|link_3
0.0675,0.26000000000000006,-0.32,False,False,True,False,False,True,False,True,False,,1.4901161193847656e-08,link_2|link_3
0.0675,0.24000000000000005,-0.32,False,False,True,False,False,True,False,True,False,,1.4901161193847656e-08,link_2|link_3
0.0675,0.22000000000000003,-0.32,False,False,True,False,False,True,False,True,False,,1.4901161193847656e-08,link_2|link_3
0.0675,0.2,-0.32,False,False,True,False,False,True,False,True,False,,1.4901161193847656e-08,link_2|link_3
0.0675,0.18,-0.32,False,False,True,False,False,True,False,True,False,,1.4901161193847656e-08,link_2|link_3
0.0675,0.15999999999999998,-0.32,False,False,True,False,False,True,False,True,False,,1.4901161193847656e-08,link_2|link_3
0.0675,0.14000000000000007,-0.32,False,False,True,False,False,True,False,True,False,,1.4901161193847656e-08,link_2|link_3
0.0675,0.12000000000000005,-0.32,False,False,True,False,False,True,False,True,False,,1.4901161193847656e-08,link_2|link_3
0.0675,0.10000000000000003,-0.32,False,False,True,False,False,True,False,True,False,,1.4901161193847656e-08,link_2|link_3
0.0675,0.08000000000000002,-0.32,False,False,True,False,False,True,False,True,False,,1.4901161193847656e-08,link_2|link_3
0.0675,0.06,-0.32,False,False,True,False,False,True,False,True,False,,1.4901161193847656e-08,link_2|link_3
0.0675,0.040000000000000036,-0.32,False,False,True,False,False,True,False,True,False,,1.4901161193847656e-08,link_2|link_3
0.0675,0.020000000000000018,-0.32,False,False,True,False,False,True,False,True,False,,1.4901161193847656e-08,link_2|link_3
0.0675,0.0,-0.32,False,False,True,False,False,True,False,True,False,,1.4901161193847656e-08,link_2|link_3
0.0675,-0.019999999999999962,-0.32,False,False,True,False,False,True,False,True,False,,1.4901161193847656e-08,link_2|link_3
0.0675,-0.03999999999999998,-0.32,False,False,True,False,False,True,False,True,False,,1.4901161193847656e-08,link_2|link_3
0.0675,-0.06,-0.32,False,False,True,False,False,True,False,True,False,,1.4901161193847656e-08,link_2|link_3
0.0675,-0.07999999999999996,-0.32,False,False,True,False,False,True,False,True,False,,1.4901161193847656e-08,link_2|link_3
0.0675,-0.09999999999999998,-0.32,False,False,True,False,False,True,False,True,False,,1.490127488014328e-08,link_2|link_3
0.0675,-0.12,-0.32,False,False,True,False,False,True,False,True,False,,1.4901161193847656e-08,link_2|link_3
0.0675,-0.13999999999999996,-0.32,False,False,True,False,False,True,False,True,False,,1.4901161193847656e-08,link_2|link_3
0.0675,-0.15999999999999998,-0.32,False,False,True,False,False,True,False,True,False,,1.4901161193847656e-08,link_2|link_3
0.0675,-0.18,-0.32,False,False,True,False,False,True,False,True,False,,1.4901161193847656e-08,link_2|link_3
0.0675,-0.19999999999999998,-0.32,False,False,True,False,False,True,False,False,True,,1.4901161193847656e-08,link_2|link_3
0.0675,-0.21999999999999997,-0.32,False,False,True,False,False,True,False,False,True,,1.4901161193847656e-08,link_2|link_3
0.0675,-0.24,-0.32,False,False,True,False,False,True,False,False,True,,1.4901161193847656e-08,link_2|link_3
0.0675,-0.26,-0.32,False,False,True,False,False,True,False,False,True,,1.4901161193847656e-08,link_2|link_3
0.0675,-0.27999999999999997,-0.32,False,False,True,False,False,True,False,False,True,,1.4901161193847656e-08,link_2|link_3
0.0675,-0.3,-0.32,False,False,True,False,False,True,False,False,True,,1.4901161193847656e-08,link_2|link_3
0.0675,-0.31999999999999995,-0.32,False,False,True,False,False,True,False,False,True,,1.4901161193847656e-08,link_2|link_3
0.0675,-0.33999999999999997,-0.32,False,False,True,False,False,True,False,False,True,,1.4901161193847656e-08,link_2|link_3
0.0675,-0.36,-0.32,False,False,True,False,False,True,False,False,True,,1.4901161193847656e-08,link_2|link_3
0.0675,-0.38,-0.32,False,False,True,False,False,True,False,False,True,,1.4901161193847656e-08,link_2|link_3
0.0675,-0.39999999999999997,-0.32,False,False,True,False,False,True,False,False,True,,1.4901161193847656e-08,link_2|link_3
0.0675,-0.42,-0.32,False,False,True,False,False,True,False,False,True,,1.4901161193847656e-08,link_2|link_3
0.0675,0.42,-0.34,False,False,True,False,False,True,False,False,True,,1.4901161193847656e-08,link_2|link_3
0.0675,0.4000000000000001,-0.34,False,False,True,False,False,True,False,False,True,,1.4901161193847656e-08,link_2|link_3
0.0675,0.38000000000000006,-0.34,False,False,True,False,False,True,False,False,True,,1.4901161193847656e-08,link_2|link_3
0.0675,0.36000000000000004,-0.34,False,False,True,False,False,True,False,False,True,,1.4901161193847656e-08,link_2|link_3
0.0675,0.34,-0.34,False,False,True,False,False,True,False,False,True,,1.4901161193847656e-08,link_2|link_3
0.0675,0.32,-0.34,False,False,True,False,False,True,False,False,True,,1.4901161193847656e-08,link_2|link_3
0.0675,0.3,-0.34,False,False,True,False,False,True,False,False,True,,1.4901161193847656e-08,link_2|link_3
0.0675,0.2800000000000001,-0.34,False,False,True,False,False,True,False,False,True,,1.4901161193847656e-08,link_2|link_3
0.0675,0.26000000000000006,-0.34,False,False,True,False,False,True,False,False,True,,1.4901161193847656e-08,link_2|link_3
0.0675,0.24000000000000005,-0.34,False,False,True,False,False,True,False,False,True,,1.4901161193847656e-08,link_2|link_3
0.0675,0.22000000000000003,-0.34,False,False,True,False,False,True,False,False,True,,1.4901161193847656e-08,link_2|link_3
0.0675,0.2,-0.34,False,False,True,False,False,True,False,False,True,,1.4901161193847656e-08,link_2|link_3
0.0675,0.18,-0.34,False,False,True,False,False,True,False,True,False,,1.4901161193847656e-08,link_2|link_3
0.0675,0.15999999999999998,-0.34,False,False,True,False,False,True,False,True,False,,1.4901161193847656e-08,link_2|link_3
0.0675,0.14000000000000007,-0.34,False,False,True,False,False,True,False,True,False,,1.4901161193847656e-08,link_2|link_3
0.0675,0.12000000000000005,-0.34,False,False,True,False,False,True,False,True,False,,1.4901161193847656e-08,link_2|link_3
0.0675,0.10000000000000003,-0.34,False,False,True,False,False,True,False,True,False,,1.4901161193847656e-08,link_2|link_3
0.0675,0.08000000000000002,-0.34,False,False,True,False,False,True,False,True,False,,1.4901161193847656e-08,link_2|link_3
0.0675,0.06,-0.34,False,False,True,False,False,True,False,True,False,,1.4901161193847656e-08,link_2|link_3
0.0675,0.040000000000000036,-0.34,False,False,True,False,False,True,False,True,False,,1.4901161193847656e-08,link_2|link_3
0.0675,0.020000000000000018,-0.34,False,False,True,False,False,True,False,True,False,,1.4901161193847656e-08,link_2|link_3
0.0675,0.0,-0.34,False,False,True,False,False,True,False,True,False,,1.4901161193847656e-08,link_2|link_3
0.0675,-0.019999999999999962,-0.34,False,False,True,False,False,True,False,True,False,,1.4901161193847656e-08,link_2|link_3
0.0675,-0.03999999999999998,-0.34,False,False,True,False,False,True,False,True,False,,1.4901161193847656e-08,link_2|link_3
0.0675,-0.06,-0.34,False,False,True,False,False,True,False,True,False,,1.4901161193847656e-08,link_2|link_3
0.0675,-0.07999999999999996,-0.34,False,False,True,False,False,True,False,True,False,,1.4901161193847656e-08,link_2|link_3
0.0675,-0.09999999999999998,-0.34,False,False,True,False,False,True,False,True,False,,1.490127488014328e-08,link_2|link_3
0.0675,-0.12,-0.34,False,False,True,False,False,True,False,True,False,,1.4901161193847656e-08,link_2|link_3
0.0675,-0.13999999999999996,-0.34,False,False,True,False,False,True,False,True,False,,1.4901161193847656e-08,link_2|link_3
0.0675,-0.15999999999999998,-0.34,False,False,True,False,False,True,False,True,False,,1.4901161193847656e-08,link_2|link_3
0.0675,-0.18,-0.34,False,False,True,False,False,True,False,False,True,,1.4901161193847656e-08,link_2|link_3
0.0675,-0.19999999999999998,-0.34,False,False,True,False,False,True,False,False,True,,1.4901161193847656e-08,link_2|link_3
0.0675,-0.21999999999999997,-0.34,False,False,True,False,False,True,False,False,True,,1.4901161193847656e-08,link_2|link_3
0.0675,-0.24,-0.34,False,False,True,False,False,True,False,False,True,,1.4901161193847656e-08,link_2|link_3
0.0675,-0.26,-0.34,False,False,True,False,False,True,False,False,True,,1.4901161193847656e-08,link_2|link_3
0.0675,-0.27999999999999997,-0.34,False,False,True,False,False,True,False,False,True,,1.4901161193847656e-08,link_2|link_3
0.0675,-0.3,-0.34,False,False,True,False,False,True,False,False,True,,1.4901161193847656e-08,link_2|link_3
0.0675,-0.31999999999999995,-0.34,False,False,True,False,False,True,False,False,True,,1.4901161193847656e-08,link_2|link_3
0.0675,-0.33999999999999997,-0.34,False,False,True,False,False,True,False,False,True,,1.4901161193847656e-08,link_2|link_3
0.0675,-0.36,-0.34,False,False,True,False,False,True,False,False,True,,1.4901161193847656e-08,link_2|link_3
0.0675,-0.38,-0.34,False,False,True,False,False,True,False,False,True,,1.4901161193847656e-08,link_2|link_3
0.0675,-0.39999999999999997,-0.34,False,False,True,False,False,True,False,False,True,,1.4901161193847656e-08,link_2|link_3
0.0675,-0.42,-0.34,False,False,True,False,False,True,False,False,True,,1.4901161193847656e-08,link_2|link_3
0.0,0.42,0.34,False,False,True,False,False,True,False,False,True,,2.9802322387695312e-08,link_1|link_2|link_3
0.0,0.4000000000000001,0.34,False,False,True,False,False,True,False,False,True,,2.9802322387695312e-08,link_1|link_2|link_3
0.0,0.38000000000000006,0.34,False,False,True,False,False,True,False,False,True,,2.9802322387695312e-08,link_1|link_2|link_3
0.0,0.36000000000000004,0.34,False,False,True,False,False,True,False,False,True,,2.9802322387695312e-08,link_1|link_2|link_3
0.0,0.34,0.34,False,False,True,False,False,True,False,False,True,,2.9802322387695312e-08,link_1|link_2|link_3
0.0,0.32,0.34,False,False,True,False,False,True,False,False,True,,2.9802322387695312e-08,link_1|link_2|link_3
0.0,0.3,0.34,False,False,True,False,False,True,False,False,True,,2.9802322387695312e-08,link_1|link_2|link_3
0.0,0.2800000000000001,0.34,False,False,True,False,False,True,False,False,True,,2.9802322387695312e-08,link_1|link_2|link_3
0.0,0.26000000000000006,0.34,False,False,True,False,False,True,False,False,True,,2.9802322387695312e-08,link_1|link_2|link_3
0.0,0.24000000000000005,0.34,False,False,True,False,False,True,False,False,True,,2.9802322387695312e-08,link_1|link_2|link_3
0.0,0.22000000000000003,0.34,False,False,True,False,False,True,False,False,True,,2.9802322387695312e-08,link_1|link_2|link_3
0.0,0.2,0.34,False,False,True,False,False,True,False,False,True,,2.9802322387695312e-08,link_1|link_2|link_3
0.0,0.18,0.34,False,False,True,False,False,True,False,False,True,,2.9802322387695312e-08,link_1|link_2|link_3
0.0,0.15999999999999998,0.34,False,False,True,False,False,True,False,False,True,,2.9802322387695312e-08,link_1|link_2|link_3
0.0,0.14000000000000007,0.34,False,False,True,False,False,True,False,False,True,,2.9802322387695312e-08,link_1|link_2|link_3
0.0,0.12000000000000005,0.34,False,False,True,False,False,True,False,False,True,,2.9802322387695312e-08,link_1|link_2|link_3
0.0,0.10000000000000003,0.34,False,False,True,False,False,True,False,False,True,,2.9802322387695312e-08,link_1|link_2|link_3
0.0,0.08000000000000002,0.34,False,False,True,False,False,True,False,False,True,,2.9802322387695312e-08,link_1|link_2|link_3
0.0,0.06,0.34,False,False,True,False,False,True,False,False,True,,2.9802322387695312e-08,link_1|link_2|link_3
0.0,0.040000000000000036,0.34,False,False,True,False,False,True,False,False,True,,2.9802322387695312e-08,link_1|link_2|link_3
0.0,0.020000000000000018,0.34,False,False,True,False,False,True,False,False,True,,2.9802322387695312e-08,link_1|link_2|link_3
0.0,0.0,0.34,False,False,True,False,False,True,False,False,True,,2.9802322387695312e-08,link_1|link_2|link_3
0.0,-0.019999999999999962,0.34,False,False,True,False,False,True,False,False,True,,2.9802322387695312e-08,link_1|link_2|link_3
0.0,-0.03999999999999998,0.34,False,False,True,False,False,True,False,False,True,,2.9802322387695312e-08,link_1|link_2|link_3
0.0,-0.06,0.34,False,False,True,False,False,True,False,False,True,,2.9802322387695312e-08,link_1|link_2|link_3
0.0,-0.07999999999999996,0.34,False,False,True,False,False,True,False,False,True,,2.9802322387695312e-08,link_1|link_2|link_3
0.0,-0.09999999999999998,0.34,False,False,True,False,False,True,False,False,True,,2.980237923100575e-08,link_1|link_2|link_3
0.0,-0.12,0.34,False,False,True,False,False,True,False,False,True,,2.9802322387695312e-08,link_1|link_2|link_3
0.0,-0.13999999999999996,0.34,False,False,True,False,False,True,False,False,True,,2.9802322387695312e-08,link_1|link_2|link_3
0.0,-0.15999999999999998,0.34,False,False,True,False,False,True,False,False,True,,2.9802322387695312e-08,link_1|link_2|link_3
0.0,-0.18,0.34,False,False,True,False,False,True,False,False,True,,2.9802322387695312e-08,link_1|link_2|link_3
0.0,-0.19999999999999998,0.34,False,False,True,False,False,True,False,False,True,,2.9802322387695312e-08,link_1|link_2|link_3
0.0,-0.21999999999999997,0.34,False,False,True,False,False,True,False,False,True,,2.9802322387695312e-08,link_1|link_2|link_3
0.0,-0.24,0.34,False,False,True,False,False,True,False,False,True,,2.9802322387695312e-08,link_1|link_2|link_3
0.0,-0.26,0.34,False,False,True,False,False,True,False,False,True,,2.9802322387695312e-08,link_1|link_2|link_3
0.0,-0.27999999999999997,0.34,False,False,True,False,False,True,False,False,True,,2.9802322387695312e-08,link_1|link_2|link_3
0.0,-0.3,0.34,False,False,True,False,False,True,False,False,True,,2.9802322387695312e-08,link_1|link_2|link_3
0.0,-0.31999999999999995,0.34,False,False,True,False,False,True,False,False,True,,2.9802322387695312e-08,link_1|link_2|link_3
0.0,-0.33999999999999997,0.34,False,False,True,False,False,True,False,False,True,,2.9802322387695312e-08,link_1|link_2|link_3
0.0,-0.36,0.34,False,False,True,False,False,True,False,False,True,,2.9802322387695312e-08,link_1|link_2|link_3
0.0,-0.38,0.34,False,False,True,False,False,True,False,False,True,,2.9802322387695312e-08,link_1|link_2|link_3
0.0,-0.39999999999999997,0.34,False,False,True,False,False,True,False,False,True,,2.9802322387695312e-08,link_1|link_2|link_3
0.0,-0.42,0.34,False,False,True,False,False,True,False,False,True,,2.9802322387695312e-08,link_1|link_2|link_3
0.0,0.42,0.32,False,False,True,False,False,True,False,False,True,,2.9802322387695312e-08,link_1|link_2|link_3
0.0,0.4000000000000001,0.32,False,False,True,False,False,True,False,False,True,,2.9802322387695312e-08,link_1|link_2|link_3
0.0,0.38000000000000006,0.32,False,False,True,False,False,True,False,False,True,,2.9802322387695312e-08,link_1|link_2|link_3
0.0,0.36000000000000004,0.32,False,False,True,False,False,True,False,False,True,,2.9802322387695312e-08,link_1|link_2|link_3
0.0,0.34,0.32,False,False,True,False,False,True,False,False,True,,2.9802322387695312e-08,link_1|link_2|link_3
0.0,0.32,0.32,False,False,True,False,False,True,False,False,True,,2.9802322387695312e-08,link_1|link_2|link_3
0.0,0.3,0.32,False,False,True,False,False,True,False,False,True,,2.9802322387695312e-08,link_1|link_2|link_3
0.0,0.2800000000000001,0.32,False,False,True,False,False,True,False,False,True,,2.9802322387695312e-08,link_1|link_2|link_3
0.0,0.26000000000000006,0.32,False,False,True,False,False,True,False,False,True,,2.9802322387695312e-08,link_1|link_2|link_3
0.0,0.24000000000000005,0.32,False,False,True,False,False,True,False,False,True,,2.9802322387695312e-08,link_1|link_2|link_3
0.0,0.22000000000000003,0.32,False,False,True,False,False,True,False,False,True,,2.9802322387695312e-08,link_1|link_2|link_3
0.0,0.2,0.32,False,False,True,False,False,True,False,False,True,,2.9802322387695312e-08,link_1|link_2|link_3
0.0,0.18,0.32,False,False,True,False,False,True,False,False,True,,2.9802322387695312e-08,link_1|link_2|link_3
0.0,0.15999999999999998,0.32,False,False,True,False,False,True,False,False,True,,2.9802322387695312e-08,link_1|link_2|link_3
0.0,0.14000000000000007,0.32,False,False,True,False,False,True,False,False,True,,2.9802322387695312e-08,link_1|link_2|link_3
0.0,0.12000000000000005,0.32,False,False,True,False,False,True,False,False,True,,2.9802322387695312e-08,link_1|link_2|link_3
0.0,0.10000000000000003,0.32,False,False,True,False,False,True,False,False,True,,2.9802322387695312e-08,link_1|link_2|link_3
0.0,0.08000000000000002,0.32,False,False,True,False,False,True,False,False,True,,2.9802322387695312e-08,link_1|link_2|link_3
0.0,0.06,0.32,False,False,True,False,False,True,False,False,True,,2.9802322387695312e-08,link_1|link_2|link_3
0.0,0.040000000000000036,0.32,False,False,True,False,False,True,False,False,True,,2.9802322387695312e-08,link_1|link_2|link_3
0.0,0.020000000000000018,0.32,False,False,True,False,False,True,False,False,True,,2.9802322387695312e-08,link_1|link_2|link_3
0.0,0.0,0.32,False,False,True,False,False,True,False,False,True,,2.9802322387695312e-08,link_1|link_2|link_3
0.0,-0.019999999999999962,0.32,False,False,True,False,False,True,False,False,True,,2.9802322387695312e-08,link_1|link_2|link_3
0.0,-0.03999999999999998,0.32,False,False,True,False,False,True,False,False,True,,2.9802322387695312e-08,link_1|link_2|link_3
0.0,-0.06,0.32,False,False,True,False,False,True,False,False,True,,2.9802322387695312e-08,link_1|link_2|link_3
0.0,-0.07999999999999996,0.32,False,False,True,False,False,True,False,False,True,,2.9802322387695312e-08,link_1|link_2|link_3
0.0,-0.09999999999999998,0.32,False,False,True,False,False,True,False,False,True,,2.980237923100575e-08,link_1|link_2|link_3
0.0,-0.12,0.32,False,False,True,False,False,True,False,False,True,,2.9802322387695312e-08,link_1|link_2|link_3
0.0,-0.13999999999999996,0.32,False,False,True,False,False,True,False,False,True,,2.9802322387695312e-08,link_1|link_2|link_3
0.0,-0.15999999999999998,0.32,False,False,True,False,False,True,False,False,True,,2.9802322387695312e-08,link_1|link_2|link_3
0.0,-0.18,0.32,False,False,True,False,False,True,False,False,True,,2.9802322387695312e-08,link_1|link_2|link_3
0.0,-0.19999999999999998,0.32,False,False,True,False,False,True,False,False,True,,2.9802322387695312e-08,link_1|link_2|link_3
0.0,-0.21999999999999997,0.32,False,False,True,False,False,True,False,False,True,,2.9802322387695312e-08,link_1|link_2|link_3
0.0,-0.24,0.32,False,False,True,False,False,True,False,False,True,,2.9802322387695312e-08,link_1|link_2|link_3
0.0,-0.26,0.32,False,False,True,False,False,True,False,False,True,,2.9802322387695312e-08,link_1|link_2|link_3
0.0,-0.27999999999999997,0.32,False,False,True,False,False,True,False,False,True,,2.9802322387695312e-08,link_1|link_2|link_3
0.0,-0.3,0.32,False,False,True,False,False,True,False,False,True,,2.9802322387695312e-08,link_1|link_2|link_3
0.0,-0.31999999999999995,0.32,False,False,True,False,False,True,False,False,True,,2.9802322387695312e-08,link_1|link_2|link_3
0.0,-0.33999999999999997,0.32,False,False,True,False,False,True,False,False,True,,2.9802322387695312e-08,link_1|link_2|link_3
0.0,-0.36,0.32,False,False,True,False,False,True,False,False,True,,2.9802322387695312e-08,link_1|link_2|link_3
0.0,-0.38,0.32,False,False,True,False,False,True,False,False,True,,2.9802322387695312e-08,link_1|link_2|link_3
0.0,-0.39999999999999997,0.32,False,False,True,False,False,True,False,False,True,,2.9802322387695312e-08,link_1|link_2|link_3
0.0,-0.42,0.32,False,False,True,False,False,True,False,False,True,,2.9802322387695312e-08,link_1|link_2|link_3
0.0,0.42,0.3,False,False,True,False,False,True,False,False,True,,2.9802322387695312e-08,link_1|link_2|link_3
0.0,0.4000000000000001,0.3,False,False,True,False,False,True,False,False,True,,2.9802322387695312e-08,link_1|link_2|link_3
0.0,0.38000000000000006,0.3,False,False,True,False,False,True,False,False,True,,2.9802322387695312e-08,link_1|link_2|link_3
0.0,0.36000000000000004,0.3,False,False,True,False,False,True,False,False,True,,2.9802322387695312e-08,link_1|link_2|link_3
0.0,0.34,0.3,False,False,True,False,False,True,False,False,True,,2.9802322387695312e-08,link_1|link_2|link_3
0.0,0.32,0.3,False,False,True,False,False,True,False,False,True,,2.9802322387695312e-08,link_1|link_2|link_3
0.0,0.3,0.3,False,False,True,False,False,True,False,False,True,,2.9802322387695312e-08,link_1|link_2|link_3
0.0,0.2800000000000001,0.3,False,False,True,False,False,True,False,False,True,,2.9802322387695312e-08,link_1|link_2|link_3
0.0,0.26000000000000006,0.3,False,False,True,False,False,True,False,False,True,,2.9802322387695312e-08,link_1|link_2|link_3
0.0,0.24000000000000005,0.3,False,False,True,False,False,True,False,False,True,,2.9802322387695312e-08,link_1|link_2|link_3
0.0,0.22000000000000003,0.3,False,False,True,False,False,True,False,False,True,,2.9802322387695312e-08,link_1|link_2|link_3
0.0,0.2,0.3,False,False,True,False,False,True,False,False,True,,2.9802322387695312e-08,link_1|link_2|link_3
0.0,0.18,0.3,False,False,True,False,False,True,False,False,True,,2.9802322387695312e-08,link_1|link_2|link_3
0.0,0.15999999999999998,0.3,False,False,True,False,False,True,False,False,True,,2.9802322387695312e-08,link_1|link_2|link_3
0.0,0.14000000000000007,0.3,False,False,True,False,False,True,False,False,True,,2.9802322387695312e-08,link_1|link_2|link_3
0.0,0.12000000000000005,0.3,False,False,True,False,False,True,False,False,True,,2.9802322387695312e-08,link_1|link_2|link_3
0.0,0.10000000000000003,0.3,False,False,True,False,False,True,False,False,True,,2.9802322387695312e-08,link_1|link_2|link_3
0.0,0.08000000000000002,0.3,False,False,True,False,False,True,False,False,True,,2.9802322387695312e-08,link_1|link_2|link_3
0.0,0.06,0.3,False,False,True,False,False,True,False,False,True,,2.9802322387695312e-08,link_1|link_2|link_3
0.0,0.040000000000000036,0.3,False,False,True,False,False,True,False,False,True,,2.9802322387695312e-08,link_1|link_2|link_3
0.0,0.020000000000000018,0.3,False,False,True,False,False,True,False,False,True,,2.9802322387695312e-08,link_1|link_2|link_3
0.0,0.0,0.3,False,False,True,False,False,True,False,False,True,,2.9802322387695312e-08,link_1|link_2|link_3
0.0,-0.019999999999999962,0.3,False,False,True,False,False,True,False,False,True,,2.9802322387695312e-08,link_1|link_2|link_3
0.0,-0.03999999999999998,0.3,False,False,True,False,False,True,False,False,True,,2.9802322387695312e-08,link_1|link_2|link_3
0.0,-0.06,0.3,False,False,True,False,False,True,False,False,True,,2.9802322387695312e-08,link_1|link_2|link_3
0.0,-0.07999999999999996,0.3,False,False,True,False,False,True,False,False,True,,2.9802322387695312e-08,link_1|link_2|link_3
0.0,-0.09999999999999998,0.3,False,False,True,False,False,True,False,False,True,,2.980237923100575e-08,link_1|link_2|link_3
0.0,-0.12,0.3,False,False,True,False,False,True,False,False,True,,2.9802322387695312e-08,link_1|link_2|link_3
0.0,-0.13999999999999996,0.3,False,False,True,False,False,True,False,False,True,,2.9802322387695312e-08,link_1|link_2|link_3
0.0,-0.15999999999999998,0.3,False,False,True,False,False,True,False,False,True,,2.9802322387695312e-08,link_1|link_2|link_3
0.0,-0.18,0.3,False,False,True,False,False,True,False,False,True,,2.9802322387695312e-08,link_1|link_2|link_3
0.0,-0.19999999999999998,0.3,False,False,True,False,False,True,False,False,True,,2.9802322387695312e-08,link_1|link_2|link_3
0.0,-0.21999999999999997,0.3,False,False,True,False,False,True,False,False,True,,2.9802322387695312e-08,link_1|link_2|link_3
0.0,-0.24,0.3,False,False,True,False,False,True,False,False,True,,2.9802322387695312e-08,link_1|link_2|link_3
0.0,-0.26,0.3,False,False,True,False,False,True,False,False,True,,2.9802322387695312e-08,link_1|link_2|link_3
0.0,-0.27999999999999997,0.3,False,False,True,False,False,True,False,False,True,,2.9802322387695312e-08,link_1|link_2|link_3
0.0,-0.3,0.3,False,False,True,False,False,True,False,False,True,,2.9802322387695312e-08,link_1|link_2|link_3
0.0,-0.31999999999999995,0.3,False,False,True,False,False,True,False,False,True,,2.9802322387695312e-08,link_1|link_2|link_3
0.0,-0.33999999999999997,0.3,False,False,True,False,False,True,False,False,True,,2.9802322387695312e-08,link_1|link_2|link_3
0.0,-0.36,0.3,False,False,True,False,False,True,False,False,True,,2.9802322387695312e-08,link_1|link_2|link_3
0.0,-0.38,0.3,False,False,True,False,False,True,False,False,True,,2.9802322387695312e-08,link_1|link_2|link_3
0.0,-0.39999999999999997,0.3,False,False,True,False,False,True,False,False,True,,2.9802322387695312e-08,link_1|link_2|link_3
0.0,-0.42,0.3,False,False,True,False,False,True,False,False,True,,2.9802322387695312e-08,link_1|link_2|link_3
0.0,0.42,0.27999999999999997,False,False,True,False,False,True,False,False,True,,2.9802322387695312e-08,link_1|link_2|link_3
0.0,0.4000000000000001,0.27999999999999997,False,False,True,False,False,True,False,False,True,,2.9802322387695312e-08,link_1|link_2|link_3
0.0,0.38000000000000006,0.27999999999999997,False,False,True,False,False,True,False,False,True,,2.9802322387695312e-08,link_1|link_2|link_3
0.0,0.36000000000000004,0.27999999999999997,False,False,True,False,False,True,False,False,True,,2.9802322387695312e-08,link_1|link_2|link_3
0.0,0.34,0.27999999999999997,False,False,True,False,False,True,False,False,True,,2.9802322387695312e-08,link_1|link_2|link_3
0.0,0.32,0.27999999999999997,False,False,True,False,False,True,False,False,True,,2.9802322387695312e-08,link_1|link_2|link_3
0.0,0.3,0.27999999999999997,False,False,True,False,False,True,False,False,True,,2.9802322387695312e-08,link_1|link_2|link_3
0.0,0.2800000000000001,0.27999999999999997,False,False,True,False,False,True,False,False,True,,2.9802322387695312e-08,link_1|link_2|link_3
0.0,0.26000000000000006,0.27999999999999997,False,False,True,False,False,True,False,False,True,,2.9802322387695312e-08,link_1|link_2|link_3
0.0,0.24000000000000005,0.27999999999999997,False,False,True,False,False,True,False,False,True,,2.9802322387695312e-08,link_1|link_2|link_3
0.0,0.22000000000000003,0.27999999999999997,False,False,True,False,False,True,False,False,True,,2.9802322387695312e-08,link_1|link_2|link_3
0.0,0.2,0.27999999999999997,False,False,True,False,False,True,False,False,True,,2.9802322387695312e-08,link_1|link_2|link_3
0.0,0.18,0.27999999999999997,False,False,True,False,False,True,False,False,True,,2.9802322387695312e-08,link_1|link_2|link_3
0.0,0.15999999999999998,0.27999999999999997,False,False,True,False,False,True,False,False,True,,2.9802322387695312e-08,link_1|link_2|link_3
0.0,0.14000000000000007,0.27999999999999997,False,False,True,False,False,True,False,False,True,,2.9802322387695312e-08,link_1|link_2|link_3
0.0,0.12000000000000005,0.27999999999999997,False,False,True,False,False,True,False,False,True,,2.9802322387695312e-08,link_1|link_2|link_3
0.0,0.10000000000000003,0.27999999999999997,False,False,True,False,False,True,False,False,True,,2.9802322387695312e-08,link_1|link_2|link_3
0.0,0.08000000000000002,0.27999999999999997,False,False,True,False,False,True,False,False,True,,2.9802322387695312e-08,link_1|link_2|link_3
0.0,0.06,0.27999999999999997,False,False,True,False,False,True,False,False,True,,2.9802322387695312e-08,link_1|link_2|link_3
0.0,0.040000000000000036,0.27999999999999997,False,False,True,False,False,True,False,False,True,,2.9802322387695312e-08,link_1|link_2|link_3
0.0,0.020000000000000018,0.27999999999999997,False,False,True,False,False,True,False,False,True,,2.9802322387695312e-08,link_1|link_2|link_3
0.0,0.0,0.27999999999999997,False,False,True,False,False,True,False,False,True,,2.9802322387695312e-08,link_1|link_2|link_3
0.0,-0.019999999999999962,0.27999999999999997,False,False,True,False,False,True,False,False,True,,2.9802322387695312e-08,link_1|link_2|link_3
0.0,-0.03999999999999998,0.27999999999999997,False,False,True,False,False,True,False,False,True,,2.9802322387695312e-08,link_1|link_2|link_3
0.0,-0.06,0.27999999999999997,False,False,True,False,False,True,False,False,True,,2.9802322387695312e-08,link_1|link_2|link_3
0.0,-0.07999999999999996,0.27999999999999997,False,False,True,False,False,True,False,False,True,,2.9802322387695312e-08,link_1|link_2|link_3
0.0,-0.09999999999999998,0.27999999999999997,False,False,True,False,False,True,False,False,True,,2.980237923100575e-08,link_1|link_2|link_3
0.0,-0.12,0.27999999999999997,False,False,True,False,False,True,False,False,True,,2.9802322387695312e-08,link_1|link_2|link_3
0.0,-0.13999999999999996,0.27999999999999997,False,False,True,False,False,True,False,False,True,,2.9802322387695312e-08,link_1|link_2|link_3
0.0,-0.15999999999999998,0.27999999999999997,False,False,True,False,False,True,False,False,True,,2.9802322387695312e-08,link_1|link_2|link_3
0.0,-0.18,0.27999999999999997,False,False,True,False,False,True,False,False,True,,2.9802322387695312e-08,link_1|link_2|link_3
0.0,-0.19999999999999998,0.27999999999999997,False,False,True,False,False,True,False,False,True,,2.9802322387695312e-08,link_1|link_2|link_3
0.0,-0.21999999999999997,0.27999999999999997,False,False,True,False,False,True,False,False,True,,2.9802322387695312e-08,link_1|link_2|link_3
0.0,-0.24,0.27999999999999997,False,False,True,False,False,True,False,False,True,,2.9802322387695312e-08,link_1|link_2|link_3
0.0,-0.26,0.27999999999999997,False,False,True,False,False,True,False,False,True,,2.9802322387695312e-08,link_1|link_2|link_3
0.0,-0.27999999999999997,0.27999999999999997,False,False,True,False,False,True,False,False,True,,2.9802322387695312e-08,link_1|link_2|link_3
0.0,-0.3,0.27999999999999997,False,False,True,False,False,True,False,False,True,,2.9802322387695312e-08,link_1|link_2|link_3
0.0,-0.31999999999999995,0.27999999999999997,False,False,True,False,False,True,False,False,True,,2.9802322387695312e-08,link_1|link_2|link_3
0.0,-0.33999999999999997,0.27999999999999997,False,False,True,False,False,True,False,False,True,,2.9802322387695312e-08,link_1|link_2|link_3
0.0,-0.36,0.27999999999999997,False,False,True,False,False,True,False,False,True,,2.9802322387695312e-08,link_1|link_2|link_3
0.0,-0.38,0.27999999999999997,False,False,True,False,False,True,False,False,True,,2.9802322387695312e-08,link_1|link_2|link_3
0.0,-0.39999999999999997,0.27999999999999997,False,False,True,False,False,True,False,False,True,,2.9802322387695312e-08,link_1|link_2|link_3
0.0,-0.42,0.27999999999999997,False,False,True,False,False,True,False,False,True,,2.9802322387695312e-08,link_1|link_2|link_3
0.0,0.42,0.25999999999999995,False,False,True,False,False,True,False,False,True,,2.9802322387695312e-08,link_1|link_2|link_3
0.0,0.4000000000000001,0.25999999999999995,False,False,True,False,False,True,False,False,True,,2.9802322387695312e-08,link_1|link_2|link_3
0.0,0.38000000000000006,0.25999999999999995,False,False,True,False,False,True,False,False,True,,2.9802322387695312e-08,link_1|link_2|link_3
0.0,0.36000000000000004,0.25999999999999995,False,False,True,False,False,True,False,False,True,,2.9802322387695312e-08,link_1|link_2|link_3
0.0,0.34,0.25999999999999995,False,False,True,False,False,True,False,False,True,,2.9802322387695312e-08,link_1|link_2|link_3
0.0,0.32,0.25999999999999995,False,False,True,False,False,True,False,False,True,,2.9802322387695312e-08,link_1|link_2|link_3
0.0,0.3,0.25999999999999995,False,False,True,False,False,True,False,False,True,,2.9802322387695312e-08,link_1|link_2|link_3
0.0,0.2800000000000001,0.25999999999999995,False,False,True,False,False,True,False,False,True,,2.9802322387695312e-08,link_1|link_2|link_3
0.0,0.26000000000000006,0.25999999999999995,False,False,True,False,False,True,False,False,True,,2.9802322387695312e-08,link_1|link_2|link_3
0.0,0.24000000000000005,0.25999999999999995,False,False,True,False,False,True,False,False,True,,2.9802322387695312e-08,link_1|link_2|link_3
0.0,0.22000000000000003,0.25999999999999995,False,False,True,False,False,True,False,False,True,,2.9802322387695312e-08,link_1|link_2|link_3
0.0,0.2,0.25999999999999995,False,False,True,False,False,True,False,False,True,,2.9802322387695312e-08,link_1|link_2|link_3
0.0,0.18,0.25999999999999995,False,False,True,False,False,True,False,False,True,,2.9802322387695312e-08,link_1|link_2|link_3
0.0,0.15999999999999998,0.25999999999999995,False,False,True,False,False,True,False,False,True,,2.9802322387695312e-08,link_1|link_2|link_3
0.0,0.14000000000000007,0.25999999999999995,False,False,True,False,False,True,False,False,True,,2.9802322387695312e-08,link_1|link_2|link_3
0.0,0.12000000000000005,0.25999999999999995,False,False,True,False,False,True,False,False,True,,2.9802322387695312e-08,link_1|link_2|link_3
0.0,0.10000000000000003,0.25999999999999995,False,False,True,False,False,True,False,False,True,,2.9802322387695312e-08,link_1|link_2|link_3
0.0,0.08000000000000002,0.25999999999999995,False,False,True,False,False,True,False,False,True,,2.9802322387695312e-08,link_1|link_2|link_3
0.0,0.06,0.25999999999999995,False,False,True,False,False,True,False,False,True,,2.9802322387695312e-08,link_1|link_2|link_3
0.0,0.040000000000000036,0.25999999999999995,False,False,True,False,False,True,False,False,True,,2.9802322387695312e-08,link_1|link_2|link_3
0.0,0.020000000000000018,0.25999999999999995,False,False,True,False,False,True,False,False,True,,2.9802322387695312e-08,link_1|link_2|link_3
0.0,0.0,0.25999999999999995,False,False,True,False,False,True,False,False,True,,2.9802322387695312e-08,link_1|link_2|link_3
0.0,-0.019999999999999962,0.25999999999999995,False,False,True,False,False,True,False,False,True,,2.9802322387695312e-08,link_1|link_2|link_3
0.0,-0.03999999999999998,0.25999999999999995,False,False,True,False,False,True,False,False,True,,2.9802322387695312e-08,link_1|link_2|link_3
0.0,-0.06,0.25999999999999995,False,False,True,False,False,True,False,False,True,,2.9802322387695312e-08,link_1|link_2|link_3
0.0,-0.07999999999999996,0.25999999999999995,False,False,True,False,False,True,False,False,True,,2.9802322387695312e-08,link_1|link_2|link_3
0.0,-0.09999999999999998,0.25999999999999995,False,False,True,False,False,True,False,False,True,,2.980237923100575e-08,link_1|link_2|link_3
0.0,-0.12,0.25999999999999995,False,False,True,False,False,True,False,False,True,,2.9802322387695312e-08,link_1|link_2|link_3
0.0,-0.13999999999999996,0.25999999999999995,False,False,True,False,False,True,False,False,True,,2.9802322387695312e-08,link_1|link_2|link_3
0.0,-0.15999999999999998,0.25999999999999995,False,False,True,False,False,True,False,False,True,,2.9802322387695312e-08,link_1|link_2|link_3
0.0,-0.18,0.25999999999999995,False,False,True,False,False,True,False,False,True,,2.9802322387695312e-08,link_1|link_2|link_3
0.0,-0.19999999999999998,0.25999999999999995,False,False,True,False,False,True,False,False,True,,2.9802322387695312e-08,link_1|link_2|link_3
0.0,-0.21999999999999997,0.25999999999999995,False,False,True,False,False,True,False,False,True,,2.9802322387695312e-08,link_1|link_2|link_3
0.0,-0.24,0.25999999999999995,False,False,True,False,False,True,False,False,True,,2.9802322387695312e-08,link_1|link_2|link_3
0.0,-0.26,0.25999999999999995,False,False,True,False,False,True,False,False,True,,2.9802322387695312e-08,link_1|link_2|link_3
0.0,-0.27999999999999997,0.25999999999999995,False,False,True,False,False,True,False,False,True,,2.9802322387695312e-08,link_1|link_2|link_3
0.0,-0.3,0.25999999999999995,False,False,True,False,False,True,False,False,True,,2.9802322387695312e-08,link_1|link_2|link_3
0.0,-0.31999999999999995,0.25999999999999995,False,False,True,False,False,True,False,False,True,,2.9802322387695312e-08,link_1|link_2|link_3
0.0,-0.33999999999999997,0.25999999999999995,False,False,True,False,False,True,False,False,True,,2.9802322387695312e-08,link_1|link_2|link_3
0.0,-0.36,0.25999999999999995,False,False,True,False,False,True,False,False,True,,2.9802322387695312e-08,link_1|link_2|link_3
0.0,-0.38,0.25999999999999995,False,False,True,False,False,True,False,False,True,,2.9802322387695312e-08,link_1|link_2|link_3
0.0,-0.39999999999999997,0.25999999999999995,False,False,True,False,False,True,False,False,True,,2.9802322387695312e-08,link_1|link_2|link_3
0.0,-0.42,0.25999999999999995,False,False,True,False,False,True,False,False,True,,2.9802322387695312e-08,link_1|link_2|link_3
0.0,0.42,0.23999999999999994,False,False,True,False,False,True,False,False,True,,2.9802322387695312e-08,link_1|link_2|link_3
0.0,0.4000000000000001,0.23999999999999994,False,False,True,False,False,True,False,False,True,,2.9802322387695312e-08,link_1|link_2|link_3
0.0,0.38000000000000006,0.23999999999999994,False,False,True,False,False,True,False,False,True,,2.9802322387695312e-08,link_1|link_2|link_3
0.0,0.36000000000000004,0.23999999999999994,False,False,True,False,False,True,False,False,True,,2.9802322387695312e-08,link_1|link_2|link_3
0.0,0.34,0.23999999999999994,False,False,True,False,False,True,False,False,True,,2.9802322387695312e-08,link_1|link_2|link_3
0.0,0.32,0.23999999999999994,False,False,True,False,False,True,False,False,True,,2.9802322387695312e-08,link_1|link_2|link_3
0.0,0.3,0.23999999999999994,False,False,True,False,False,True,False,False,True,,2.9802322387695312e-08,link_1|link_2|link_3
0.0,0.2800000000000001,0.23999999999999994,False,False,True,False,False,True,False,False,True,,2.9802322387695312e-08,link_1|link_2|link_3
0.0,0.26000000000000006,0.23999999999999994,False,False,True,False,False,True,False,False,True,,2.9802322387695312e-08,link_1|link_2|link_3
0.0,0.24000000000000005,0.23999999999999994,False,False,True,False,False,True,False,False,True,,2.9802322387695312e-08,link_1|link_2|link_3
0.0,0.22000000000000003,0.23999999999999994,False,False,True,False,False,True,False,False,True,,2.9802322387695312e-08,link_1|link_2|link_3
0.0,0.2,0.23999999999999994,False,False,True,False,False,True,False,False,True,,2.9802322387695312e-08,link_1|link_2|link_3
0.0,0.18,0.23999999999999994,False,False,True,False,False,True,False,False,True,,2.9802322387695312e-08,link_1|link_2|link_3
0.0,0.15999999999999998,0.23999999999999994,False,False,True,False,False,True,False,False,True,,2.9802322387695312e-08,link_1|link_2|link_3
0.0,0.14000000000000007,0.23999999999999994,False,False,True,False,False,True,False,False,True,,2.9802322387695312e-08,link_1|link_2|link_3
0.0,0.12000000000000005,0.23999999999999994,False,False,True,False,False,True,False,False,True,,2.9802322387695312e-08,link_1|link_2|link_3
0.0,0.10000000000000003,0.23999999999999994,False,False,True,False,False,True,False,False,True,,2.9802322387695312e-08,link_1|link_2|link_3
0.0,0.08000000000000002,0.23999999999999994,False,False,True,False,False,True,False,False,True,,2.9802322387695312e-08,link_1|link_2|link_3
0.0,0.06,0.23999999999999994,False,False,True,False,False,True,False,False,True,,2.9802322387695312e-08,link_1|link_2|link_3
0.0,0.040000000000000036,0.23999999999999994,False,False,True,False,False,True,False,False,True,,2.9802322387695312e-08,link_1|link_2|link_3
0.0,0.020000000000000018,0.23999999999999994,False,False,True,False,False,True,False,False,True,,2.9802322387695312e-08,link_1|link_2|link_3
0.0,0.0,0.23999999999999994,False,False,True,False,False,True,False,False,True,,2.9802322387695312e-08,link_1|link_2|link_3
0.0,-0.019999999999999962,0.23999999999999994,False,False,True,False,False,True,False,False,True,,2.9802322387695312e-08,link_1|link_2|link_3
0.0,-0.03999999999999998,0.23999999999999994,False,False,True,False,False,True,False,False,True,,2.9802322387695312e-08,link_1|link_2|link_3
0.0,-0.06,0.23999999999999994,False,False,True,False,False,True,False,False,True,,2.9802322387695312e-08,link_1|link_2|link_3
0.0,-0.07999999999999996,0.23999999999999994,False,False,True,False,False,True,False,False,True,,2.9802322387695312e-08,link_1|link_2|link_3
0.0,-0.09999999999999998,0.23999999999999994,False,False,True,False,False,True,False,False,True,,2.980237923100575e-08,link_1|link_2|link_3
0.0,-0.12,0.23999999999999994,False,False,True,False,False,True,False,False,True,,2.9802322387695312e-08,link_1|link_2|link_3
0.0,-0.13999999999999996,0.23999999999999994,False,False,True,False,False,True,False,False,True,,2.9802322387695312e-08,link_1|link_2|link_3
0.0,-0.15999999999999998,0.23999999999999994,False,False,True,False,False,True,False,False,True,,2.9802322387695312e-08,link_1|link_2|link_3
0.0,-0.18,0.23999999999999994,False,False,True,False,False,True,False,False,True,,2.9802322387695312e-08,link_1|link_2|link_3
0.0,-0.19999999999999998,0.23999999999999994,False,False,True,False,False,True,False,False,True,,2.9802322387695312e-08,link_1|link_2|link_3
0.0,-0.21999999999999997,0.23999999999999994,False,False,True,False,False,True,False,False,True,,2.9802322387695312e-08,link_1|link_2|link_3
0.0,-0.24,0.23999999999999994,False,False,True,False,False,True,False,False,True,,2.9802322387695312e-08,link_1|link_2|link_3
0.0,-0.26,0.23999999999999994,False,False,True,False,False,True,False,False,True,,2.9802322387695312e-08,link_1|link_2|link_3
0.0,-0.27999999999999997,0.23999999999999994,False,False,True,False,False,True,False,False,True,,2.9802322387695312e-08,link_1|link_2|link_3
0.0,-0.3,0.23999999999999994,False,False,True,False,False,True,False,False,True,,2.9802322387695312e-08,link_1|link_2|link_3
0.0,-0.31999999999999995,0.23999999999999994,False,False,True,False,False,True,False,False,True,,2.9802322387695312e-08,link_1|link_2|link_3
0.0,-0.33999999999999997,0.23999999999999994,False,False,True,False,False,True,False,False,True,,2.9802322387695312e-08,link_1|link_2|link_3
0.0,-0.36,0.23999999999999994,False,False,True,False,False,True,False,False,True,,2.9802322387695312e-08,link_1|link_2|link_3
0.0,-0.38,0.23999999999999994,False,False,True,False,False,True,False,False,True,,2.9802322387695312e-08,link_1|link_2|link_3
0.0,-0.39999999999999997,0.23999999999999994,False,False,True,False,False,True,False,False,True,,2.9802322387695312e-08,link_1|link_2|link_3
0.0,-0.42,0.23999999999999994,False,False,True,False,False,True,False,False,True,,2.9802322387695312e-08,link_1|link_2|link_3
0.0,0.42,0.22000000000000003,False,False,True,False,False,True,False,False,True,,2.9802322387695312e-08,link_1|link_2|link_3
0.0,0.4000000000000001,0.22000000000000003,False,False,True,False,False,True,False,False,True,,2.9802322387695312e-08,link_1|link_2|link_3
0.0,0.38000000000000006,0.22000000000000003,False,False,True,False,False,True,False,False,True,,2.9802322387695312e-08,link_1|link_2|link_3
0.0,0.36000000000000004,0.22000000000000003,False,False,True,False,False,True,False,False,True,,2.9802322387695312e-08,link_1|link_2|link_3
0.0,0.34,0.22000000000000003,False,False,True,False,False,True,False,False,True,,2.9802322387695312e-08,link_1|link_2|link_3
0.0,0.32,0.22000000000000003,False,False,True,False,False,True,False,False,True,,2.9802322387695312e-08,link_1|link_2|link_3
0.0,0.3,0.22000000000000003,False,False,True,False,False,True,False,False,True,,2.9802322387695312e-08,link_1|link_2|link_3
0.0,0.2800000000000001,0.22000000000000003,False,False,True,False,False,True,False,False,True,,2.9802322387695312e-08,link_1|link_2|link_3
0.0,0.26000000000000006,0.22000000000000003,False,False,True,False,False,True,False,False,True,,2.9802322387695312e-08,link_1|link_2|link_3
0.0,0.24000000000000005,0.22000000000000003,False,False,True,False,False,True,False,False,True,,2.9802322387695312e-08,link_1|link_2|link_3
0.0,0.22000000000000003,0.22000000000000003,False,False,True,False,False,True,False,False,True,,2.9802322387695312e-08,link_1|link_2|link_3
0.0,0.2,0.22000000000000003,False,False,True,False,False,True,False,False,True,,2.9802322387695312e-08,link_1|link_2|link_3
0.0,0.18,0.22000000000000003,False,False,True,False,False,True,False,False,True,,2.9802322387695312e-08,link_1|link_2|link_3
0.0,0.15999999999999998,0.22000000000000003,False,False,True,False,False,True,False,False,True,,2.9802322387695312e-08,link_1|link_2|link_3
0.0,0.14000000000000007,0.22000000000000003,False,False,True,False,False,True,False,False,True,,2.9802322387695312e-08,link_1|link_2|link_3
0.0,0.12000000000000005,0.22000000000000003,False,False,True,False,False,True,False,False,True,,2.9802322387695312e-08,link_1|link_2|link_3
0.0,0.10000000000000003,0.22000000000000003,False,False,True,False,False,True,False,False,True,,2.9802322387695312e-08,link_1|link_2|link_3
0.0,0.08000000000000002,0.22000000000000003,False,False,True,False,False,True,False,False,True,,2.9802322387695312e-08,link_1|link_2|link_3
0.0,0.06,0.22000000000000003,False,False,True,False,False,True,False,False,True,,2.9802322387695312e-08,link_1|link_2|link_3
0.0,0.040000000000000036,0.22000000000000003,False,False,True,False,False,True,False,False,True,,2.9802322387695312e-08,link_1|link_2|link_3
0.0,0.020000000000000018,0.22000000000000003,False,False,True,False,False,True,False,False,True,,2.9802322387695312e-08,link_1|link_2|link_3
0.0,0.0,0.22000000000000003,False,False,True,False,False,True,False,False,True,,2.9802322387695312e-08,link_1|link_2|link_3
0.0,-0.019999999999999962,0.22000000000000003,False,False,True,False,False,True,False,False,True,,2.9802322387695312e-08,link_1|link_2|link_3
0.0,-0.03999999999999998,0.22000000000000003,False,False,True,False,False,True,False,False,True,,2.9802322387695312e-08,link_1|link_2|link_3
0.0,-0.06,0.22000000000000003,False,False,True,False,False,True,False,False,True,,2.9802322387695312e-08,link_1|link_2|link_3
0.0,-0.07999999999999996,0.22000000000000003,False,False,True,False,False,True,False,False,True,,2.9802322387695312e-08,link_1|link_2|link_3
0.0,-0.09999999999999998,0.22000000000000003,False,False,True,False,False,True,False,False,True,,2.980237923100575e-08,link_1|link_2|link_3
0.0,-0.12,0.22000000000000003,False,False,True,False,False,True,False,False,True,,2.9802322387695312e-08,link_1|link_2|link_3
0.0,-0.13999999999999996,0.22000000000000003,False,False,True,False,False,True,False,False,True,,2.9802322387695312e-08,link_1|link_2|link_3
0.0,-0.15999999999999998,0.22000000000000003,False,False,True,False,False,True,False,False,True,,2.9802322387695312e-08,link_1|link_2|link_3
0.0,-0.18,0.22000000000000003,False,False,True,False,False,True,False,False,True,,2.9802322387695312e-08,link_1|link_2|link_3
0.0,-0.19999999999999998,0.22000000000000003,False,False,True,False,False,True,False,False,True,,2.9802322387695312e-08,link_1|link_2|link_3
0.0,-0.21999999999999997,0.22000000000000003,False,False,True,False,False,True,False,False,True,,2.9802322387695312e-08,link_1|link_2|link_3
0.0,-0.24,0.22000000000000003,False,False,True,False,False,True,False,False,True,,2.9802322387695312e-08,link_1|link_2|link_3
0.0,-0.26,0.22000000000000003,False,False,True,False,False,True,False,False,True,,2.9802322387695312e-08,link_1|link_2|link_3
0.0,-0.27999999999999997,0.22000000000000003,False,False,True,False,False,True,False,False,True,,2.9802322387695312e-08,link_1|link_2|link_3
0.0,-0.3,0.22000000000000003,False,False,True,False,False,True,False,False,True,,2.9802322387695312e-08,link_1|link_2|link_3
0.0,-0.31999999999999995,0.22000000000000003,False,False,True,False,False,True,False,False,True,,2.9802322387695312e-08,link_1|link_2|link_3
0.0,-0.33999999999999997,0.22000000000000003,False,False,True,False,False,True,False,False,True,,2.9802322387695312e-08,link_1|link_2|link_3
0.0,-0.36,0.22000000000000003,False,False,True,False,False,True,False,False,True,,2.9802322387695312e-08,link_1|link_2|link_3
0.0,-0.38,0.22000000000000003,False,False,True,False,False,True,False,False,True,,2.9802322387695312e-08,link_1|link_2|link_3
0.0,-0.39999999999999997,0.22000000000000003,False,False,True,False,False,True,False,False,True,,2.9802322387695312e-08,link_1|link_2|link_3
0.0,-0.42,0.22000000000000003,False,False,True,False,False,True,False,False,True,,2.9802322387695312e-08,link_1|link_2|link_3
0.0,0.42,0.2,False,False,True,False,False,True,False,False,True,,2.9802322387695312e-08,link_1|link_2|link_3
0.0,0.4000000000000001,0.2,False,False,True,False,False,True,False,False,True,,2.9802322387695312e-08,link_1|link_2|link_3
0.0,0.38000000000000006,0.2,False,False,True,False,False,True,False,False,True,,2.9802322387695312e-08,link_1|link_2|link_3
0.0,0.36000000000000004,0.2,False,False,True,False,False,True,False,False,True,,2.9802322387695312e-08,link_1|link_2|link_3
0.0,0.34,0.2,False,False,True,False,False,True,False,False,True,0.015034646727144718,2.9802322387695312e-08,basket|link_0|link_1|link_2|link_3
0.0,0.32,0.2,False,False,True,False,False,True,False,False,True,0.007773958146572113,2.9802322387695312e-08,basket|link_0|link_1|link_2|link_3
0.0,0.3,0.2,False,False,True,False,False,True,False,False,True,0.007723450660705566,2.9802322387695312e-08,basket|link_0|link_1|link_2|link_3
0.0,0.2800000000000001,0.2,False,False,True,False,False,True,False,False,True,0.007594853639602661,2.9802322387695312e-08,basket|link_0|link_1|link_2|link_3
0.0,0.26000000000000006,0.2,False,False,True,False,False,True,False,False,True,0.007503107190132141,2.9802322387695312e-08,basket|link_0|link_1|link_2|link_3
0.0,0.24000000000000005,0.2,False,False,True,False,False,True,False,False,True,0.007483825087547302,2.9802322387695312e-08,basket|link_0|link_1|link_2|link_3
0.0,0.22000000000000003,0.2,False,False,True,False,False,True,False,False,True,0.007492668926715851,2.9802322387695312e-08,basket|link_0|link_1|link_2|link_3
0.0,0.2,0.2,False,False,True,False,False,True,False,False,True,0.007501383777707815,2.9802322387695312e-08,basket|link_0|link_1|link_2|link_3
0.0,0.18,0.2,False,False,True,False,False,True,False,False,True,0.007513217628002167,2.9802322387695312e-08,basket|link_0|link_1|link_2|link_3
0.0,0.15999999999999998,0.2,False,False,True,False,False,True,False,False,True,0.007513217628002167,2.9802322387695312e-08,basket|link_0|link_1|link_2|link_3
0.0,0.14000000000000007,0.2,False,False,True,False,False,True,False,False,True,0.007513217628002167,2.9802322387695312e-08,basket|link_0|link_1|link_2|link_3
0.0,0.12000000000000005,0.2,False,False,True,False,False,True,False,False,True,0.007534869015216827,2.9802322387695312e-08,basket|link_0|link_1|link_2|link_3
0.0,0.10000000000000003,0.2,False,False,True,False,False,True,False,False,True,0.007619984447956085,2.9802322387695312e-08,basket|link_0|link_1|link_2|link_3
0.0,0.08000000000000002,0.2,False,False,True,False,False,True,False,False,True,0.007705137133598328,2.9802322387695312e-08,basket|link_0|link_1|link_2|link_3
0.0,0.06,0.2,False,False,True,False,False,True,False,False,True,0.007790934760123491,2.9802322387695312e-08,basket|link_0|link_1|link_2|link_3
0.0,0.040000000000000036,0.2,False,False,True,False,False,True,False,False,True,0.008576800115406513,2.9802322387695312e-08,basket|link_0|link_1|link_2|link_3
0.0,0.020000000000000018,0.2,False,False,True,False,False,True,False,False,True,0.00857070367783308,2.9802322387695312e-08,basket|link_0|link_1|link_2|link_3
0.0,0.0,0.2,False,False,True,False,False,True,False,False,True,0.008555077947676182,2.9802322387695312e-08,basket|link_0|link_1|link_2|link_3
0.0,-0.019999999999999962,0.2,False,False,True,False,False,True,False,False,True,0.008560587652027607,2.9802322387695312e-08,basket|link_0|link_1|link_2|link_3
0.0,-0.03999999999999998,0.2,False,False,True,False,False,True,False,False,True,0.00848634634166956,2.9802322387695312e-08,basket|link_0|link_1|link_2|link_3
0.0,-0.06,0.2,False,False,True,False,False,True,False,False,True,0.0077666789293289185,2.9802322387695312e-08,basket|link_0|link_1|link_2|link_3
0.0,-0.07999999999999996,0.2,False,False,True,False,False,True,False,False,True,0.007715433835983276,2.9802322387695312e-08,basket|link_0|link_1|link_2|link_3
0.0,-0.09999999999999998,0.2,False,False,True,False,False,True,False,False,True,0.007623679935932159,2.980237923100575e-08,basket|link_0|link_1|link_2|link_3
0.0,-0.12,0.2,False,False,True,False,False,True,False,False,True,0.0077155232429504395,2.9802322387695312e-08,basket|link_0|link_1|link_2|link_3
0.0,-0.13999999999999996,0.2,False,False,True,False,False,True,False,False,True,0.007481418550014496,2.9802322387695312e-08,basket|link_0|link_1|link_2|link_3
0.0,-0.15999999999999998,0.2,False,False,True,False,False,True,False,False,True,0.007481418550014496,2.9802322387695312e-08,basket|link_0|link_1|link_2|link_3
0.0,-0.18,0.2,False,False,True,False,False,True,False,False,True,0.007481418550014496,2.9802322387695312e-08,basket|link_0|link_1|link_2|link_3
0.0,-0.19999999999999998,0.2,False,False,True,False,False,True,False,False,True,0.007489912211894989,2.9802322387695312e-08,basket|link_0|link_1|link_2|link_3
0.0,-0.21999999999999997,0.2,False,False,True,False,False,True,False,False,True,0.007500334642827511,2.9802322387695312e-08,basket|link_0|link_1|link_2|link_3
0.0,-0.24,0.2,False,False,True,False,False,True,False,False,True,0.007508085574954748,2.9802322387695312e-08,basket|link_0|link_1|link_2|link_3
0.0,-0.26,0.2,False,False,True,False,False,True,False,False,True,0.007542327046394348,2.9802322387695312e-08,basket|link_0|link_1|link_2|link_3
0.0,-0.27999999999999997,0.2,False,False,True,False,False,True,False,False,True,0.0076274871826171875,2.9802322387695312e-08,basket|link_0|link_1|link_2|link_3
0.0,-0.3,0.2,False,False,True,False,False,True,False,False,True,0.007712617516517639,2.9802322387695312e-08,basket|link_0|link_1|link_2|link_3
0.0,-0.31999999999999995,0.2,False,False,True,False,False,True,False,False,True,0.007879853248596191,2.9802322387695312e-08,basket|link_0|link_1|link_2|link_3
0.0,-0.33999999999999997,0.2,False,False,True,False,False,True,False,False,True,0.015444576740264893,2.9802322387695312e-08,basket|link_0|link_1|link_2|link_3
0.0,-0.36,0.2,False,False,True,False,False,True,False,False,True,,2.9802322387695312e-08,link_1|link_2|link_3
0.0,-0.38,0.2,False,False,True,False,False,True,False,False,True,,2.9802322387695312e-08,link_1|link_2|link_3
0.0,-0.39999999999999997,0.2,False,False,True,False,False,True,False,False,True,,2.9802322387695312e-08,link_1|link_2|link_3
0.0,-0.42,0.2,False,False,True,False,False,True,False,False,True,,2.9802322387695312e-08,link_1|link_2|link_3
0.0,0.42,0.18,False,False,True,False,False,True,False,False,True,,2.9802322387695312e-08,link_1|link_2|link_3
0.0,0.4000000000000001,0.18,False,False,True,False,False,True,False,False,True,,2.9802322387695312e-08,link_1|link_2|link_3
0.0,0.38000000000000006,0.18,False,False,True,False,False,True,False,False,True,,2.9802322387695312e-08,link_1|link_2|link_3
0.0,0.36000000000000004,0.18,False,False,True,False,False,True,False,False,True,,2.9802322387695312e-08,link_1|link_2|link_3
0.0,0.34,0.18,False,False,True,False,False,True,False,False,True,0.004771367181092501,2.9802322387695312e-08,basket|link_0|link_1|link_2|link_3
0.0,0.32,0.18,True,True,True,True,True,True,True,True,True,-0.012192711234092712,0.0051946006083081805,basket|link_0|link_1|link_2|link_3
0.0,0.3,0.18,True,True,True,True,True,True,True,True,True,-0.012313418090343475,0.015083532839693525,basket|link_0|link_1|link_2|link_3
0.0,0.2800000000000001,0.18,True,True,True,True,True,True,True,True,True,-0.012405164539813995,0.03013863133917003,basket|link_0|link_1|link_2|link_3
0.0,0.26000000000000006,0.18,True,True,True,True,True,True,True,True,True,-0.012496910989284515,0.03461118524890153,basket|link_0|link_1|link_2|link_3
0.0,0.24000000000000005,0.18,True,True,True,True,True,True,True,True,True,-0.012512748129665852,0.034157025487628126,basket|link_0|link_1|link_2|link_3
0.0,0.22000000000000003,0.18,True,True,True,True,True,True,True,True,True,-0.012507349252700806,0.018111476992081942,basket|link_0|link_1|link_2|link_3
0.0,0.2,0.18,True,True,True,True,True,True,True,True,True,-0.012498623691499233,0.024386477023542883,basket|link_0|link_1|link_2|link_3
0.0,0.18,0.18,True,True,True,True,True,True,True,True,True,-0.01248680055141449,0.02453763533834765,basket|link_0|link_1|link_2|link_3
0.0,0.15999999999999998,0.18,True,True,True,True,True,True,True,True,True,-0.01243070513010025,0.027647126835991114,basket|link_0|link_1|link_2|link_3
0.0,0.14000000000000007,0.18,True,True,True,True,True,True,True,True,True,-0.012345530092716217,0.02130831858083537,basket|link_0|link_1|link_2|link_3
0.0,0.12000000000000005,0.18,True,True,True,True,True,True,True,True,True,-0.008822895586490631,0.022222786773249112,basket|link_0|link_1|link_2|link_3
0.0,0.10000000000000003,0.18,True,True,True,True,True,True,True,True,True,-0.011174120008945465,0.007922746162601758,basket|link_0|link_1|link_2|link_3
0.0,0.08000000000000002,0.18,True,True,True,True,True,True,True,True,True,-0.011174120008945465,0.0036500332313593124,basket|link_0|link_1|link_2|link_3
0.0,0.06,0.18,True,True,True,True,True,True,True,True,True,-0.011174120008945465,0.013579535694471819,basket|link_0|link_1|link_2|link_3
0.0,0.040000000000000036,0.18,True,True,True,True,True,True,True,True,True,-0.005423985421657562,0.015258740908070154,basket|link_0|link_1|link_2|link_3
0.0,0.020000000000000018,0.18,True,True,True,True,True,True,True,True,True,-0.005423985421657562,0.021768720032061612,basket|link_0|link_1|link_2|link_3
0.0,0.0,0.18,True,True,True,True,True,True,True,True,True,-0.005423985421657562,0.023807210700925993,basket|link_0|link_1|link_2|link_3
0.0,-0.019999999999999962,0.18,True,True,True,True,True,True,True,True,True,-0.005423977971076965,0.01854641785037948,basket|link_0|link_1|link_2|link_3
0.0,-0.03999999999999998,0.18,True,True,True,True,True,True,True,True,True,-0.005423977971076965,0.007569010265771742,basket|link_0|link_1|link_2|link_3
0.0,-0.06,0.18,True,True,True,True,True,True,True,True,True,-0.010254308581352234,0.013578487444214964,basket|link_0|link_1|link_2|link_3
0.0,-0.07999999999999996,0.18,True,True,True,True,True,True,True,True,True,-0.010254308581352234,0.015837746898121004,basket|link_0|link_1|link_2|link_3
0.0,-0.09999999999999998,0.18,True,True,True,True,True,True,True,True,True,-0.010254308581352234,0.011065951415436953,basket|link_0|link_1|link_2|link_3
0.0,-0.12,0.18,True,True,True,True,True,True,True,True,True,-0.008822910487651825,0.023937010751787082,basket|link_0|link_1|link_2|link_3
0.0,-0.13999999999999996,0.18,True,True,True,True,True,True,True,True,True,-0.012376241385936737,0.011471760566197774,basket|link_0|link_1|link_2|link_3
0.0,-0.15999999999999998,0.18,True,True,True,True,True,True,True,True,True,-0.012467987835407257,0.010810279557865834,basket|link_0|link_1|link_2|link_3
0.0,-0.18,0.18,True,True,True,True,True,True,True,True,True,-0.01251859962940216,0.01583238973772652,basket|link_0|link_1|link_2|link_3
0.0,-0.19999999999999998,0.18,True,True,True,True,True,True,True,True,True,-0.012510105967521667,0.032763904880060285,basket|link_0|link_1|link_2|link_3
0.0,-0.21999999999999997,0.18,True,True,True,True,True,True,True,True,True,-0.0124996742233634,0.0143922614366374,basket|link_0|link_1|link_2|link_3
0.0,-0.24,0.18,True,True,True,True,True,True,True,True,True,-0.012492596171796322,0.013238266591325485,basket|link_0|link_1|link_2|link_3
0.0,-0.26,0.18,True,True,True,True,True,True,True,True,True,-0.012457489967346191,0.013558517481004163,basket|link_0|link_1|link_2|link_3
0.0,-0.27999999999999997,0.18,True,True,True,True,True,True,True,True,True,-0.01237235963344574,0.04641720514413754,basket|link_0|link_1|link_2|link_3
0.0,-0.3,0.18,True,True,True,True,True,True,True,True,True,-0.011174134910106659,0.013837944852674406,basket|link_0|link_1|link_2|link_3
0.0,-0.31999999999999995,0.18,True,True,True,True,True,True,True,True,True,-0.012077100574970245,0.0024398259360962657,basket|link_0|link_1|link_2|link_3
0.0,-0.33999999999999997,0.18,False,False,True,False,False,True,False,False,True,0.00694110244512558,2.9802322387695312e-08,basket|link_0|link_1|link_2|link_3
0.0,-0.36,0.18,False,False,True,False,False,True,False,False,True,,2.9802322387695312e-08,link_1|link_2|link_3
0.0,-0.38,0.18,False,False,True,False,False,True,False,False,True,,2.9802322387695312e-08,link_1|link_2|link_3
0.0,-0.39999999999999997,0.18,False,False,True,False,False,True,False,False,True,,2.9802322387695312e-08,link_1|link_2|link_3
0.0,-0.42,0.18,False,False,True,False,False,True,False,False,True,,2.9802322387695312e-08,link_1|link_2|link_3
0.0,0.42,0.15999999999999998,False,False,True,False,False,True,False,False,True,,2.9802322387695312e-08,link_1|link_2|link_3
0.0,0.4000000000000001,0.15999999999999998,False,False,True,False,False,True,False,False,True,,2.9802322387695312e-08,link_1|link_2|link_3
0.0,0.38000000000000006,0.15999999999999998,False,False,True,False,False,True,False,False,True,,2.9802322387695312e-08,link_1|link_2|link_3
0.0,0.36000000000000004,0.15999999999999998,False,False,True,False,False,True,False,False,True,,2.9802322387695312e-08,link_1|link_2|link_3
0.0,0.34,0.15999999999999998,False,False,True,False,False,True,False,False,True,0.004426747560501099,2.9802322387695312e-08,basket|link_0|link_1|link_2|link_3
0.0,0.32,0.15999999999999998,True,True,True,True,True,True,True,True,True,-0.015421509742736816,0.016480304967511183,basket|link_0|link_1|link_2|link_3
0.0,0.3,0.15999999999999998,True,True,True,True,True,True,True,True,True,-0.012567207217216492,0.006846454900809178,basket|link_0|link_1|link_2|link_3
0.0,0.2800000000000001,0.15999999999999998,True,True,True,True,True,True,True,True,True,-0.015852032229304314,0.034962366910094134,basket|link_0|link_1|link_2|link_3
0.0,0.26000000000000006,0.15999999999999998,True,True,True,True,True,True,True,True,True,-0.015911251306533813,0.038178325827296015,basket|link_0|link_1|link_2|link_3
0.0,0.24000000000000005,0.15999999999999998,True,True,True,True,True,True,True,True,True,-0.019176244735717773,0.013576331828071735,basket|link_0|link_1|link_2|link_3
0.0,0.22000000000000003,0.15999999999999998,True,True,True,True,True,True,True,True,True,-0.015914790332317352,0.009307740484992135,basket|link_0|link_1|link_2|link_3
0.0,0.2,0.15999999999999998,True,True,True,True,True,True,True,True,True,-0.015914782881736755,0.004771975752665518,basket|link_0|link_1|link_2|link_3
0.0,0.18,0.15999999999999998,True,True,True,True,True,True,True,True,True,-0.015914782881736755,0.03375373830920027,basket|link_0|link_1|link_2|link_3
0.0,0.15999999999999998,0.15999999999999998,True,True,True,True,True,True,True,True,True,-0.015877600759267807,0.020464197251862156,basket|link_0|link_1|link_2|link_3
0.0,0.14000000000000007,0.15999999999999998,True,True,True,True,True,True,True,True,True,-0.015819311141967773,0.033532342928049,basket|link_0|link_1|link_2|link_3
0.0,0.12000000000000005,0.15999999999999998,True,True,True,True,True,True,True,True,True,-0.014960117638111115,0.004155705599982024,basket|link_0|link_1|link_2|link_3
0.0,0.10000000000000003,0.15999999999999998,True,True,True,True,True,True,True,True,True,-0.014960117638111115,0.0162472218446261,basket|link_0|link_1|link_2|link_3
0.0,0.08000000000000002,0.15999999999999998,True,True,True,True,True,True,True,True,True,-0.014960117638111115,0.04127794945234437,basket|link_0|link_1|link_2|link_3
0.0,0.06,0.15999999999999998,True,True,True,True,True,True,True,True,True,-0.014960125088691711,0.023717006523329365,basket|link_0|link_1|link_2|link_3
0.0,0.040000000000000036,0.15999999999999998,True,True,True,True,True,True,True,True,True,-0.014960125088691711,0.007347319154572448,basket|link_0|link_1|link_2|link_3
0.0,0.020000000000000018,0.15999999999999998,True,True,True,True,True,True,True,True,True,-0.014960125088691711,0.0217588450578558,basket|link_0|link_1|link_2|link_3
0.0,0.0,0.15999999999999998,True,True,True,True,True,True,True,True,True,-0.014960125088691711,0.014881533440771621,basket|link_0|link_1|link_2|link_3
0.0,-0.019999999999999962,0.15999999999999998,True,True,True,True,True,True,True,True,True,-0.014960125088691711,0.0027990445753961492,basket|link_0|link_1|link_2|link_3
0.0,-0.03999999999999998,0.15999999999999998,True,True,True,True,True,True,True,True,True,-0.014960125088691711,0.01511719938246467,basket|link_0|link_1|link_2|link_3
0.0,-0.06,0.15999999999999998,True,True,True,True,True,True,True,True,True,-0.014960125088691711,0.009749659953523511,basket|link_0|link_1|link_2|link_3
0.0,-0.07999999999999996,0.15999999999999998,True,True,True,True,True,True,True,True,True,-0.014960125088691711,0.03552746192571319,basket|link_0|link_1|link_2|link_3
0.0,-0.09999999999999998,0.15999999999999998,True,True,True,True,True,True,True,True,True,-0.014960125088691711,0.0180023097411287,basket|link_0|link_1|link_2|link_3
0.0,-0.12,0.15999999999999998,True,True,True,True,True,True,True,True,True,-0.014960132539272308,0.013575933200550958,basket|link_0|link_1|link_2|link_3
0.0,-0.13999999999999996,0.15999999999999998,True,True,True,True,True,True,True,True,True,-0.015833422541618347,0.02450663712701009,basket|link_0|link_1|link_2|link_3
0.0,-0.15999999999999998,0.15999999999999998,True,True,True,True,True,True,True,True,True,-0.015892641618847847,0.020210400021921298,basket|link_0|link_1|link_2|link_3
0.0,-0.18,0.15999999999999998,True,True,True,True,True,True,True,True,True,-0.015914835035800934,0.024738218346036865,basket|link_0|link_1|link_2|link_3
0.0,-0.19999999999999998,0.15999999999999998,True,True,True,True,True,True,True,True,True,-0.015914835035800934,0.013028725358693172,basket|link_0|link_1|link_2|link_3
0.0,-0.21999999999999997,0.15999999999999998,True,True,True,True,True,True,True,True,True,-0.015914835035800934,0.04001866134298798,basket|link_0|link_1|link_2|link_3
0.0,-0.24,0.15999999999999998,True,True,True,True,True,True,True,True,True,-0.01705165207386017,0.0235692061671289,basket|link_0|link_1|link_2|link_3
0.0,-0.26,0.15999999999999998,True,True,True,True,True,True,True,True,True,-0.015896011143922806,0.03387556641844733,basket|link_0|link_1|link_2|link_3
0.0,-0.27999999999999997,0.15999999999999998,True,True,True,True,True,True,True,True,True,-0.015837721526622772,0.052925537965822826,basket|link_0|link_1|link_2|link_3
0.0,-0.3,0.15999999999999998,True,True,True,True,True,True,True,True,True,-0.007712244987487793,0.007393258960071515,basket|link_0|link_1|link_2|link_3
0.0,-0.31999999999999995,0.15999999999999998,True,True,True,True,True,True,True,True,True,-0.01332758367061615,0.007018513611673587,basket|link_0|link_1|link_2|link_3
0.0,-0.33999999999999997,0.15999999999999998,False,False,True,False,False,True,False,False,True,0.006578236818313599,2.9802322387695312e-08,basket|link_0|link_1|link_2|link_3
0.0,-0.36,0.15999999999999998,False,False,True,False,False,True,False,False,True,,2.9802322387695312e-08,link_1|link_2|link_3
0.0,-0.38,0.15999999999999998,False,False,True,False,False,True,False,False,True,,2.9802322387695312e-08,link_1|link_2|link_3
0.0,-0.39999999999999997,0.15999999999999998,False,False,True,False,False,True,False,False,True,,2.9802322387695312e-08,link_1|link_2|link_3
0.0,-0.42,0.15999999999999998,False,False,True,False,False,True,False,False,True,,2.9802322387695312e-08,link_1|link_2|link_3
0.0,0.42,0.13999999999999996,False,False,True,False,False,True,False,False,True,,1.4901161193847656e-08,link_1|link_2|link_3
0.0,0.4000000000000001,0.13999999999999996,False,False,True,False,False,True,False,False,True,,1.4901161193847656e-08,link_1|link_2|link_3
0.0,0.38000000000000006,0.13999999999999996,False,False,True,False,False,True,False,False,True,,1.4901161193847656e-08,link_1|link_2|link_3
0.0,0.36000000000000004,0.13999999999999996,False,False,True,False,False,True,False,False,True,,1.4901161193847656e-08,link_1|link_2|link_3
0.0,0.34,0.13999999999999996,False,False,True,False,False,True,False,False,True,0.004426747560501099,1.4901161193847656e-08,basket|link_0|link_1|link_2|link_3
0.0,0.32,0.13999999999999996,True,True,True,True,True,True,True,True,True,-0.015421509742736816,0.010594672424551192,basket|link_0|link_1|link_2|link_3
0.0,0.3,0.13999999999999996,True,True,True,True,True,True,True,True,True,-0.020959846675395966,0.031337535083974466,basket|link_0|link_1|link_2|link_3
0.0,0.2800000000000001,0.13999999999999996,True,True,True,True,True,True,True,True,True,-0.020959846675395966,0.019721219312350893,basket|link_0|link_1|link_2|link_3
0.0,0.26000000000000006,0.13999999999999996,True,True,True,True,True,True,True,True,True,-0.020959846675395966,0.04103000380567064,basket|link_0|link_1|link_2|link_3
0.0,0.24000000000000005,0.13999999999999996,True,True,True,True,True,True,True,True,True,-0.02095983177423477,0.004203896562388559,basket|link_0|link_1|link_2|link_3
0.0,0.22000000000000003,0.13999999999999996,True,True,True,True,True,True,True,True,True,-0.02095983177423477,0.014709231060863512,basket|link_0|link_1|link_2|link_3
0.0,0.2,0.13999999999999996,True,True,True,True,True,True,True,True,True,-0.02095983177423477,0.020670857221927522,basket|link_0|link_1|link_2|link_3
0.0,0.18,0.13999999999999996,True,True,True,True,True,True,True,True,True,-0.02095983177423477,0.011292248256238565,basket|link_0|link_1|link_2|link_3
0.0,0.15999999999999998,0.13999999999999996,True,True,True,True,True,True,True,True,True,-0.02095983177423477,0.0060777595922554845,basket|link_0|link_1|link_2|link_3
0.0,0.14000000000000007,0.13999999999999996,True,True,True,True,True,True,True,True,True,-0.02095983177423477,0.004415830289849232,basket|link_0|link_1|link_2|link_3
0.0,0.12000000000000005,0.13999999999999996,True,True,True,True,True,True,True,True,True,-0.020959816873073578,0.012347047882803608,basket|link_0|link_1|link_2|link_3
0.0,0.10000000000000003,0.13999999999999996,True,True,True,True,True,True,True,True,True,-0.020959816873073578,0.013498855990500574,basket|link_0|link_1|link_2|link_3
0.0,0.08000000000000002,0.13999999999999996,True,True,True,True,True,True,True,True,True,-0.020959846675395966,0.007272263943405684,basket|link_0|link_1|link_2|link_3
0.0,0.06,0.13999999999999996,True,True,True,True,True,True,True,True,True,-0.020959846675395966,0.006440647189133501,basket|link_0|link_1|link_2|link_3
0.0,0.040000000000000036,0.13999999999999996,True,True,True,True,True,True,True,True,True,-0.02095983177423477,0.012375248007977414,basket|link_0|link_1|link_2|link_3
0.0,0.020000000000000018,0.13999999999999996,True,True,True,True,True,True,True,True,True,-0.02095983177423477,0.006878269290086054,basket|link_0|link_1|link_2|link_3
0.0,0.0,0.13999999999999996,True,True,True,True,True,True,True,True,True,-0.02095983177423477,0.009696238099967452,basket|link_0|link_1|link_2|link_3
0.0,-0.019999999999999962,0.13999999999999996,True,True,True,True,True,True,True,True,True,-0.02095983177423477,0.011023466984688205,basket|link_0|link_1|link_2|link_3
0.0,-0.03999999999999998,0.13999999999999996,True,True,True,True,True,True,True,True,True,-0.02095983177423477,0.004550407653665337,basket|link_0|link_1|link_2|link_3
0.0,-0.06,0.13999999999999996,True,True,True,True,True,True,True,True,True,-0.02095983177423477,0.01656054104278603,basket|link_0|link_1|link_2|link_3
0.0,-0.07999999999999996,0.13999999999999996,True,True,True,True,True,True,True,True,True,-0.020959816873073578,0.013939755811723686,basket|link_0|link_1|link_2|link_3
0.0,-0.09999999999999998,0.13999999999999996,True,True,True,True,True,True,True,True,True,-0.020959816873073578,0.008242153358330943,basket|link_0|link_1|link_2|link_3
0.0,-0.12,0.13999999999999996,True,True,True,True,True,True,True,True,True,-0.020959816873073578,0.0158433816611703,basket|link_0|link_1|link_2|link_3
0.0,-0.13999999999999996,0.13999999999999996,True,True,True,True,True,True,True,True,True,-0.020959816873073578,0.016344598528309124,basket|link_0|link_1|link_2|link_3
0.0,-0.15999999999999998,0.13999999999999996,True,True,True,True,True,True,True,True,True,-0.020959816873073578,0.007892791341856047,basket|link_0|link_1|link_2|link_3
0.0,-0.18,0.13999999999999996,True,True,True,True,True,True,True,True,True,-0.020959816873073578,0.01270104715248142,basket|link_0|link_1|link_2|link_3
0.0,-0.19999999999999998,0.13999999999999996,True,True,True,True,True,True,True,True,True,-0.020959801971912384,0.019826032456704515,basket|link_0|link_1|link_2|link_3
0.0,-0.21999999999999997,0.13999999999999996,True,True,True,True,True,True,True,True,True,-0.020959801971912384,0.01777770976133836,basket|link_0|link_1|link_2|link_3
0.0,-0.24,0.13999999999999996,True,True,True,True,True,True,True,True,True,-0.020959801971912384,0.02680609029168913,basket|link_0|link_1|link_2|link_3
0.0,-0.26,0.13999999999999996,True,True,True,True,True,True,True,True,True,-0.020959801971912384,0.04320519320501675,basket|link_0|link_1|link_2|link_3
0.0,-0.27999999999999997,0.13999999999999996,True,True,True,True,True,True,True,True,True,-0.020959801971912384,0.07169643612951242,basket|link_0|link_1|link_2|link_3
0.0,-0.3,0.13999999999999996,True,True,True,True,True,True,True,True,True,-0.020959801971912384,0.049223296816643204,basket|link_0|link_1|link_2|link_3
0.0,-0.31999999999999995,0.13999999999999996,True,True,True,True,True,True,True,True,True,-0.01332758367061615,0.0184781100178348,basket|link_0|link_1|link_2|link_3
0.0,-0.33999999999999997,0.13999999999999996,False,False,True,False,False,True,False,False,True,0.006578236818313599,1.4901161193847656e-08,basket|link_0|link_1|link_2|link_3
0.0,-0.36,0.13999999999999996,False,False,True,False,False,True,False,False,True,,1.4901161193847656e-08,link_1|link_2|link_3
0.0,-0.38,0.13999999999999996,False,False,True,False,False,True,False,False,True,,1.4901161193847656e-08,link_1|link_2|link_3
0.0,-0.39999999999999997,0.13999999999999996,False,False,True,False,False,True,False,False,True,,1.4901161193847656e-08,link_1|link_2|link_3
0.0,-0.42,0.13999999999999996,False,False,True,False,False,True,False,False,True,,1.4901161193847656e-08,link_1|link_2|link_3
0.0,0.42,0.12,False,False,True,False,False,True,False,False,True,,1.4901161193847656e-08,link_1|link_2|link_3
0.0,0.4000000000000001,0.12,False,False,True,False,False,True,False,False,True,,1.4901161193847656e-08,link_1|link_2|link_3
0.0,0.38000000000000006,0.12,False,False,True,False,False,True,False,False,True,,1.4901161193847656e-08,link_1|link_2|link_3
0.0,0.36000000000000004,0.12,False,False,True,False,False,True,False,False,True,,1.4901161193847656e-08,link_1|link_2|link_3
0.0,0.34,0.12,False,False,True,False,False,True,False,False,True,0.004426747560501099,1.4901161193847656e-08,basket|link_0|link_1|link_2|link_3
0.0,0.32,0.12,True,True,True,True,True,True,True,True,True,-0.015421509742736816,0.023002055743176823,basket|link_0|link_1|link_2
0.0,0.3,0.12,True,True,True,True,True,True,True,True,True,-0.020959846675395966,0.04687641742474551,basket|link_0|link_1|link_2|link_3
0.0,0.2800000000000001,0.12,True,True,True,True,True,True,True,True,True,-0.020959846675395966,0.05763553245897774,basket|link_0|link_1|link_2|link_3
0.0,0.26000000000000006,0.12,True,True,True,True,True,True,True,True,True,-0.020959846675395966,0.023728771801480985,basket|link_0|link_1|link_2|link_3
0.0,0.24000000000000005,0.12,True,True,True,True,True,True,True,True,True,-0.020959846675395966,0.008248236070948555,basket|link_0|link_1|link_2|link_3
0.0,0.22000000000000003,0.12,True,True,True,True,True,True,True,True,True,-0.02095983177423477,0.025208418794414093,basket|link_0|link_1|link_2|link_3
0.0,0.2,0.12,True,True,True,True,True,True,True,True,True,-0.0275660902261734,0.016331444053350654,basket|link_0|link_1|link_2|link_3
0.0,0.18,0.12,True,True,True,True,True,True,True,True,True,-0.02912038564682007,0.01433169063190761,basket|link_0|link_1|link_2|link_3
0.0,0.15999999999999998,0.12,True,True,True,True,True,True,True,True,True,-0.021911926567554474,0.0180652736966057,basket|link_0|link_1|link_2
0.0,0.14000000000000007,0.12,True,True,True,True,True,True,True,True,True,-0.021911926567554474,0.010864347237094864,basket|link_0|link_1|link_2
0.0,0.12000000000000005,0.12,True,True,True,True,True,True,True,True,True,-0.021911926567554474,0.02385158005671185,basket|link_0|link_1|link_2
0.0,0.10000000000000003,0.12,True,True,True,True,True,True,True,True,True,-0.021911926567554474,0.006042944192015245,basket|link_0|link_1|link_2
0.0,0.08000000000000002,0.12,True,True,True,True,True,True,True,True,True,-0.021911926567554474,0.015179737835221582,basket|link_0|link_1|link_2
0.0,0.06,0.12,True,True,True,True,True,True,True,True,True,-0.021911919116973877,0.005831830641843197,basket|link_0|link_1|link_2
0.0,0.040000000000000036,0.12,True,True,True,True,True,True,True,True,True,-0.021911919116973877,0.021002468487442184,basket|link_0|link_1|link_2
0.0,0.020000000000000018,0.12,True,True,True,True,True,True,True,True,True,-0.021911919116973877,0.007331740589844141,basket|link_0|link_1|link_2
0.0,0.0,0.12,True,True,True,True,True,True,True,True,True,-0.021911919116973877,0.014550694463279208,basket|link_0|link_1|link_2
0.0,-0.019999999999999962,0.12,True,True,True,True,True,True,True,True,True,-0.021911919116973877,0.014131417496011593,basket|link_0|link_1|link_2
0.0,-0.03999999999999998,0.12,True,True,True,True,True,True,True,True,True,-0.021911919116973877,0.02182777948167608,basket|link_0|link_1|link_2
0.0,-0.06,0.12,True,True,True,True,True,True,True,True,True,-0.021911919116973877,0.012300515520629655,basket|link_0|link_1|link_2
0.0,-0.07999999999999996,0.12,True,True,True,True,True,True,True,True,True,-0.021911919116973877,0.026217153042723762,basket|link_0|link_1|link_2
0.0,-0.09999999999999998,0.12,True,True,True,True,True,True,True,True,True,-0.021911919116973877,0.005988060429169489,basket|link_0|link_1|link_2
0.0,-0.12,0.12,True,True,True,True,True,True,True,True,True,-0.02191191166639328,0.009886422417552568,basket|link_0|link_1|link_2
0.0,-0.13999999999999996,0.12,True,True,True,True,True,True,True,True,True,-0.02191191166639328,0.018559645818815897,basket|link_0|link_1|link_2
0.0,-0.15999999999999998,0.12,True,True,True,True,True,True,True,True,True,-0.02191191166639328,0.025930193065922303,basket|link_0|link_1|link_2
0.0,-0.18,0.12,True,True,True,True,True,True,True,True,True,-0.029120370745658875,0.033555738387042726,basket|link_0|link_1|link_2
0.0,-0.19999999999999998,0.12,True,True,True,True,True,True,True,True,True,-0.025410160422325134,0.011740591244432809,basket|link_0|link_1|link_2
0.0,-0.21999999999999997,0.12,True,True,True,True,True,True,True,True,True,-0.020959801971912384,0.023114061131527957,basket|link_0|link_1|link_2
0.0,-0.24,0.12,True,True,True,True,True,True,True,True,True,-0.020959801971912384,0.04208538077250287,basket|link_0|link_1|link_2
0.0,-0.26,0.12,True,True,True,True,True,True,True,True,True,-0.020959801971912384,0.029487587774907675,basket|link_0|link_1|link_2
0.0,-0.27999999999999997,0.12,True,True,True,True,True,True,True,True,True,-0.020959801971912384,0.047258330439808476,basket|link_0|link_1|link_2
0.0,-0.3,0.12,True,True,True,True,True,True,True,True,True,-0.020959801971912384,0.02930519912108637,basket|link_0|link_1|link_2
0.0,-0.31999999999999995,0.12,True,True,True,True,True,True,True,True,True,-0.01332758367061615,0.04302042717217032,basket|link_0|link_1|link_2
0.0,-0.33999999999999997,0.12,False,False,True,False,False,True,False,False,True,0.006578236818313599,1.4901161193847656e-08,basket|link_0|link_1|link_2
0.0,-0.36,0.12,False,False,True,False,False,True,False,False,True,,1.4901161193847656e-08,link_1|link_2
0.0,-0.38,0.12,False,False,True,False,False,True,False,False,True,,1.4901161193847656e-08,link_1|link_2
0.0,-0.39999999999999997,0.12,False,False,True,False,False,True,False,False,True,,1.4901161193847656e-08,link_1|link_2
0.0,-0.42,0.12,False,False,True,False,False,True,False,False,True,,1.4901161193847656e-08,link_1|link_2
0.0,0.42,0.09999999999999998,False,False,True,False,False,True,False,False,True,,1.4901161193847656e-08,link_1|link_2
0.0,0.4000000000000001,0.09999999999999998,False,False,True,False,False,True,False,False,True,,1.4901161193847656e-08,link_1|link_2
0.0,0.38000000000000006,0.09999999999999998,False,False,True,False,False,True,False,False,True,,1.4901161193847656e-08,link_1|link_2
0.0,0.36000000000000004,0.09999999999999998,False,False,True,False,False,True,False,False,True,,1.4901161193847656e-08,link_1|link_2
0.0,0.34,0.09999999999999998,False,False,True,False,False,True,False,False,True,0.004426747560501099,1.4901161193847656e-08,basket|link_0|link_1|link_2
0.0,0.32,0.09999999999999998,True,True,True,True,True,True,True,True,True,-0.015421509742736816,0.03681157740882788,basket|link_0|link_1|link_2
0.0,0.3,0.09999999999999998,True,True,True,True,True,True,True,True,True,-0.020959846675395966,0.015807781993592625,basket|link_0|link_1|link_2
0.0,0.2800000000000001,0.09999999999999998,True,True,True,True,True,True,True,True,True,-0.020959846675395966,0.007757659980463506,basket|link_0|link_1|link_2
0.0,0.26000000000000006,0.09999999999999998,True,True,True,True,True,True,True,True,True,-0.020959846675395966,0.018652963075957582,basket|link_0|link_1|link_2
0.0,0.24000000000000005,0.09999999999999998,True,True,True,True,True,True,True,True,True,-0.020959846675395966,0.021833954963058726,basket|link_0|link_1|link_2
0.0,0.22000000000000003,0.09999999999999998,True,True,True,True,True,True,True,True,True,-0.020959846675395966,0.008739530368496059,basket|link_0|link_1|link_2
0.0,0.2,0.09999999999999998,True,True,True,True,True,True,True,True,True,-0.0287797749042511,0.011133935424796074,basket|link_0|link_1|link_2
0.0,0.18,0.09999999999999998,True,True,True,True,True,True,True,True,True,-0.041911929845809937,0.028214090208670144,basket|link_0|link_1|link_2
0.0,0.15999999999999998,0.09999999999999998,True,True,True,True,True,True,True,True,True,-0.041911929845809937,0.012297006628980551,basket|link_0|link_1|link_2
0.0,0.14000000000000007,0.09999999999999998,True,True,True,True,True,True,True,True,True,-0.041911929845809937,0.022910442079299997,basket|link_0|link_1|link_2
0.0,0.12000000000000005,0.09999999999999998,True,True,True,True,True,True,True,True,True,-0.041911929845809937,0.022078754274249626,basket|link_0|link_1|link_2
0.0,0.10000000000000003,0.09999999999999998,True,True,True,True,True,True,True,True,True,-0.041911929845809937,0.015995292303271295,basket|link_0|link_1|link_2
0.0,0.08000000000000002,0.09999999999999998,True,True,True,True,True,True,True,True,True,-0.041911929845809937,0.011010266766916247,basket|link_0|link_1|link_2
0.0,0.06,0.09999999999999998,True,True,True,True,True,True,True,True,True,-0.04191192239522934,0.005904789347625406,basket|link_0|link_1|link_2
0.0,0.040000000000000036,0.09999999999999998,True,True,True,True,True,True,True,True,True,-0.04191192239522934,0.007168161569710084,basket|link_0|link_1|link_2
0.0,0.020000000000000018,0.09999999999999998,True,True,True,True,True,True,True,True,True,-0.04191192239522934,0.016179106977489578,basket|link_0|link_1|link_2
0.0,0.0,0.09999999999999998,True,True,True,True,True,True,True,True,True,-0.04191192239522934,0.005268526577710439,basket|link_0|link_1|link_2
0.0,-0.019999999999999962,0.09999999999999998,True,True,True,True,True,True,True,True,True,-0.04191192239522934,0.012647019408264381,basket|link_0|link_1|link_2
0.0,-0.03999999999999998,0.09999999999999998,True,True,True,True,True,True,True,True,True,-0.04191192239522934,0.015367812841815428,basket|link_0|link_1|link_2
0.0,-0.06,0.09999999999999998,True,True,True,True,True,True,True,True,True,-0.04191192239522934,0.0131899670322996,basket|link_0|link_1|link_2
0.0,-0.07999999999999996,0.09999999999999998,True,True,True,True,True,True,True,True,True,-0.04191192239522934,0.010748640224533666,basket|link_0|link_1|link_2
0.0,-0.09999999999999998,0.09999999999999998,True,True,True,True,True,True,True,True,True,-0.04191192239522934,0.02071996900947841,basket|link_0|link_1|link_2|link_3
0.0,-0.12,0.09999999999999998,True,True,True,True,True,True,True,True,True,-0.04191191494464874,0.003494909959331678,basket|link_0|link_1|link_2|link_3
0.0,-0.13999999999999996,0.09999999999999998,True,True,True,True,True,True,True,True,True,-0.04191191494464874,0.02596061971369282,basket|link_0|link_1|link_2|link_3
0.0,-0.15999999999999998,0.09999999999999998,True,True,True,True,True,True,True,True,True,-0.04191191494464874,0.03425306188861381,basket|link_0|link_1|link_2|link_3
0.0,-0.18,0.09999999999999998,True,True,True,True,True,True,True,True,True,-0.04191191494464874,0.03554965595362736,basket|link_0|link_1|link_2|link_3
0.0,-0.19999999999999998,0.09999999999999998,True,True,True,True,True,True,True,True,True,-0.02664169669151306,0.005164172074811835,basket|link_0|link_1|link_2|link_3
0.0,-0.21999999999999997,0.09999999999999998,True,True,True,True,True,True,True,True,True,-0.020959816873073578,0.03299941021405,basket|link_0|link_1|link_2|link_3
0.0,-0.24,0.09999999999999998,True,True,True,True,True,True,True,True,True,-0.020959816873073578,0.024493246893588935,basket|link_0|link_1|link_2|link_3
0.0,-0.26,0.09999999999999998,True,True,True,True,True,True,True,True,True,-0.020959801971912384,0.03172776776140462,basket|link_0|link_1|link_2|link_3
0.0,-0.27999999999999997,0.09999999999999998,True,True,True,True,True,True,True,True,True,-0.020959801971912384,0.04352834589331689,basket|link_0|link_1|link_2|link_3
0.0,-0.3,0.09999999999999998,True,True,True,True,True,True,True,True,True,-0.020959801971912384,0.015045874954956752,basket|link_0|link_1|link_2|link_3
0.0,-0.31999999999999995,0.09999999999999998,True,True,True,True,True,True,True,True,True,-0.01332758367061615,0.023204202711110216,basket|link_0|link_1|link_2|link_3
0.0,-0.33999999999999997,0.09999999999999998,False,False,True,False,False,True,False,False,True,0.006578236818313599,1.4901161193847656e-08,basket|link_0|link_1|link_2|link_3
0.0,-0.36,0.09999999999999998,False,False,True,False,False,True,False,False,True,,1.4901161193847656e-08,link_1|link_2|link_3
0.0,-0.38,0.09999999999999998,False,False,True,False,False,True,False,False,True,,1.4901161193847656e-08,link_1|link_2|link_3
0.0,-0.39999999999999997,0.09999999999999998,False,False,True,False,False,True,False,False,True,,1.4901161193847656e-08,link_1|link_2|link_3
0.0,-0.42,0.09999999999999998,False,False,True,False,False,True,False,False,True,,1.4901161193847656e-08,link_1|link_2|link_3
0.0,0.42,0.07999999999999996,False,False,True,False,False,True,False,False,True,,1.4901161193847656e-08,link_1|link_2|link_3
0.0,0.4000000000000001,0.07999999999999996,False,False,True,False,False,True,False,False,True,,1.4901161193847656e-08,link_1|link_2|link_3
0.0,0.38000000000000006,0.07999999999999996,False,False,True,False,False,True,False,False,True,,1.4901161193847656e-08,link_1|link_2|link_3
0.0,0.36000000000000004,0.07999999999999996,False,False,True,False,False,True,False,False,True,,1.4901161193847656e-08,link_1|link_2|link_3
0.0,0.34,0.07999999999999996,False,False,True,False,False,True,False,False,True,0.004426747560501099,1.4901161193847656e-08,basket|link_0|link_1|link_2|link_3
0.0,0.32,0.07999999999999996,True,True,True,True,True,True,True,True,True,-0.015421509742736816,0.019528429421546208,basket|link_0|link_1|link_2|link_3
0.0,0.3,0.07999999999999996,True,True,True,True,True,True,True,True,True,-0.020959846675395966,0.03426015576122062,basket|link_0|link_1|link_2|link_3
0.0,0.2800000000000001,0.07999999999999996,True,True,True,True,True,True,True,True,True,-0.020959846675395966,0.03294812713206542,basket|link_0|link_1|link_2|link_3
0.0,0.26000000000000006,0.07999999999999996,True,True,True,True,True,True,True,True,True,-0.020959846675395966,0.02195611950525422,basket|link_0|link_1|link_2|link_3
0.0,0.24000000000000005,0.07999999999999996,True,True,True,True,True,True,True,True,True,-0.020959846675395966,0.03774704297788482,basket|link_0|link_1|link_2|link_3
0.0,0.22000000000000003,0.07999999999999996,True,True,True,True,True,True,True,True,True,-0.020959846675395966,0.014300015068156395,basket|link_0|link_1|link_2|link_3
0.0,0.2,0.07999999999999996,True,True,True,True,True,True,True,True,True,-0.025853551924228668,0.016392625285589064,basket|link_0|link_1|link_2|link_3
0.0,0.18,0.07999999999999996,True,True,True,True,True,True,True,True,True,-0.025854788720607758,0.005737925654807154,basket|link_0|link_1|link_2|link_3
0.0,0.15999999999999998,0.07999999999999996,True,True,True,True,True,True,True,True,True,-0.02585480362176895,0.016863911133372562,basket|link_0|link_1|link_2|link_3
0.0,0.14000000000000007,0.07999999999999996,True,True,True,True,True,True,True,True,True,-0.02585480362176895,0.019616509566226695,basket|link_0|link_1|link_2|link_3
0.0,0.12000000000000005,0.07999999999999996,True,True,True,True,True,True,True,True,True,-0.02585480362176895,0.010675802870642225,basket|link_0|link_1|link_2|link_3
0.0,0.10000000000000003,0.07999999999999996,True,True,True,True,True,True,True,True,True,-0.02585480362176895,0.012638195846099,basket|link_0|link_1|link_2|link_3
0.0,0.08000000000000002,0.07999999999999996,True,True,True,True,True,True,True,True,True,-0.02585480362176895,0.016931214252940113,basket|link_0|link_1|link_2|link_3
0.0,0.06,0.07999999999999996,True,True,True,True,True,True,True,True,True,-0.02585480362176895,0.006768632251653889,basket|link_0|link_1|link_2|link_3
0.0,0.040000000000000036,0.07999999999999996,True,True,True,True,True,True,True,True,True,-0.02585480362176895,0.0192164987973334,basket|link_0|link_1|link_2|link_3
0.0,0.020000000000000018,0.07999999999999996,True,True,True,True,True,True,True,True,True,-0.02585480362176895,0.021065577870344125,basket|link_0|link_1|link_2|link_3
0.0,0.0,0.07999999999999996,True,True,True,True,True,True,True,True,True,-0.02585480362176895,0.017551635715174572,basket|link_0|link_1|link_2|link_3
0.0,-0.019999999999999962,0.07999999999999996,True,True,True,True,True,True,True,True,True,-0.02585480362176895,0.02198926253552448,basket|link_0|link_1|link_2|link_3
0.0,-0.03999999999999998,0.07999999999999996,True,True,True,True,True,True,True,True,True,-0.02585480362176895,0.009415506445633708,basket|link_0|link_1|link_2|link_3
0.0,-0.06,0.07999999999999996,True,True,True,True,True,True,True,True,True,-0.02585480362176895,0.020864407232958654,basket|link_0|link_1|link_2|link_3
0.0,-0.07999999999999996,0.07999999999999996,True,True,True,True,True,True,True,True,True,-0.02585480362176895,0.00855938874526437,basket|link_0|link_1|link_2|link_3
0.0,-0.09999999999999998,0.07999999999999996,True,True,True,True,True,True,True,True,True,-0.02585480362176895,0.010137899853940075,basket|link_0|link_1|link_2|link_3
0.0,-0.12,0.07999999999999996,True,True,True,True,True,True,True,True,True,-0.02585480362176895,0.010740410157495021,basket|link_0|link_1|link_2|link_3
0.0,-0.13999999999999996,0.07999999999999996,True,True,True,True,True,True,True,True,True,-0.02585480362176895,0.014186012242495785,basket|link_0|link_1|link_2|link_3
0.0,-0.15999999999999998,0.07999999999999996,True,True,True,True,True,True,True,True,True,-0.02585480362176895,0.017903441454745872,basket|link_0|link_1|link_2|link_3
0.0,-0.18,0.07999999999999996,True,True,True,True,True,True,True,True,True,-0.02585480362176895,0.02168040862981413,basket|link_0|link_1|link_2|link_3
0.0,-0.19999999999999998,0.07999999999999996,True,True,True,True,True,True,True,True,True,-0.025854818522930145,0.02067412648950048,basket|link_0|link_1|link_2|link_3
0.0,-0.21999999999999997,0.07999999999999996,True,True,True,True,True,True,True,True,True,-0.020959816873073578,0.02300771674692181,basket|link_0|link_1|link_2|link_3
0.0,-0.24,0.07999999999999996,True,True,True,True,True,True,True,True,True,-0.020959816873073578,0.03793140007756291,basket|link_0|link_1|link_2|link_3
0.0,-0.26,0.07999999999999996,True,True,True,True,True,True,True,True,True,-0.020959816873073578,0.07530064680250344,basket|link_0|link_1|link_2|link_3
0.0,-0.27999999999999997,0.07999999999999996,True,True,True,True,True,True,True,True,True,-0.020959801971912384,0.02327203918559454,basket|link_0|link_1|link_2|link_3
0.0,-0.3,0.07999999999999996,True,True,True,True,True,True,True,True,True,-0.020959801971912384,0.021434817233680112,basket|link_0|link_1|link_2|link_3
0.0,-0.31999999999999995,0.07999999999999996,True,True,True,True,True,True,True,True,True,-0.01332758367061615,0.024992205334509576,basket|link_0|link_1|link_2|link_3
0.0,-0.33999999999999997,0.07999999999999996,False,False,True,False,False,True,False,False,True,0.006578236818313599,1.4901161193847656e-08,basket|link_0|link_1|link_2|link_3
0.0,-0.36,0.07999999999999996,False,False,True,False,False,True,False,False,True,,1.4901161193847656e-08,link_1|link_2|link_3
0.0,-0.38,0.07999999999999996,False,False,True,False,False,True,False,False,True,,1.4901161193847656e-08,link_1|link_2|link_3
0.0,-0.39999999999999997,0.07999999999999996,False,False,True,False,False,True,False,False,True,,1.4901161193847656e-08,link_1|link_2|link_3
0.0,-0.42,0.07999999999999996,False,False,True,False,False,True,False,False,True,,1.4901161193847656e-08,link_1|link_2|link_3
0.0,0.42,0.06,False,False,True,False,False,True,False,False,True,,1.4901161193847656e-08,link_1|link_2|link_3
0.0,0.4000000000000001,0.06,False,False,True,False,False,True,False,False,True,,1.4901161193847656e-08,link_1|link_2|link_3
0.0,0.38000000000000006,0.06,False,False,True,False,False,True,False,False,True,,1.4901161193847656e-08,link_1|link_2|link_3
0.0,0.36000000000000004,0.06,False,False,True,False,False,True,False,False,True,,1.4901161193847656e-08,link_1|link_2|link_3
0.0,0.34,0.06,False,False,True,False,False,True,False,False,True,0.004426747560501099,1.4901161193847656e-08,basket|link_0|link_1|link_2|link_3
0.0,0.32,0.06,True,True,True,True,True,True,True,True,True,-0.015421509742736816,0.05184436959041372,basket|link_0|link_1|link_2|link_3
0.0,0.3,0.06,True,True,True,True,True,True,True,True,True,-0.02095986157655716,0.00819051808897282,basket|link_0|link_1|link_2|link_3
0.0,0.2800000000000001,0.06,True,True,True,True,True,True,True,True,True,-0.02095986157655716,0.03897108112962561,basket|link_0|link_1|link_2|link_3
0.0,0.26000000000000006,0.06,True,True,True,True,True,True,True,True,True,-0.02095986157655716,0.026270448163216466,basket|link_0|link_1|link_2|link_3
0.0,0.24000000000000005,0.06,True,True,True,True,True,True,True,True,True,-0.02095986157655716,0.01990362448881397,basket|link_0|link_1|link_2|link_3
0.0,0.22000000000000003,0.06,True,True,True,True,True,True,True,True,True,-0.02095986157655716,0.01274824373320223,basket|link_0|link_1|link_2|link_3
0.0,0.2,0.06,True,True,True,True,True,True,True,True,True,-0.02095986157655716,0.016316173256887053,basket|link_0|link_1|link_2|link_3
0.0,0.18,0.06,True,True,True,True,True,True,True,True,True,-0.02095986157655716,0.0066613357723583795,basket|link_0|link_1|link_2|link_3
0.0,0.15999999999999998,0.06,True,True,True,True,True,True,True,True,True,-0.020959846675395966,0.021942455456975526,basket|link_0|link_1|link_2|link_3
0.0,0.14000000000000007,0.06,True,True,True,True,True,True,True,True,True,-0.020959846675395966,0.01860079386249459,basket|link_0|link_1|link_2|link_3
0.0,0.12000000000000005,0.06,True,True,True,True,True,True,True,True,True,-0.020959846675395966,0.003053016188405502,basket|link_0|link_1|link_2|link_3
0.0,0.10000000000000003,0.06,True,True,True,True,True,True,True,True,True,-0.020959846675395966,0.012056325408828587,basket|link_0|link_1|link_2|link_3
0.0,0.08000000000000002,0.06,True,True,True,True,True,True,True,True,True,-0.02095986157655716,0.006072562194664363,basket|link_0|link_1|link_2|link_3
0.0,0.06,0.06,True,True,True,True,True,True,True,True,True,-0.02095986157655716,0.014399781357713332,basket|link_0|link_1|link_2|link_3
0.0,0.040000000000000036,0.06,True,True,True,True,True,True,True,True,True,-0.02095986157655716,0.006994002704774498,basket|link_0|link_1|link_2|link_3
0.0,0.020000000000000018,0.06,True,True,True,True,True,True,True,True,True,-0.020959846675395966,0.02134538816799668,basket|link_0|link_1|link_2|link_3
0.0,0.0,0.06,True,True,True,True,True,True,True,True,True,-0.020959846675395966,0.013274865027406718,basket|link_0|link_1|link_2|link_3
0.0,-0.019999999999999962,0.06,True,True,True,True,True,True,True,True,True,-0.020959846675395966,0.01911932875634676,basket|link_0|link_1|link_2|link_3
0.0,-0.03999999999999998,0.06,True,True,True,True,True,True,True,True,True,-0.020959846675395966,0.01401445289043084,basket|link_0|link_1|link_2|link_3
0.0,-0.06,0.06,True,True,True,True,True,True,True,True,True,-0.020959846675395966,0.005712598153904202,basket|link_0|link_1|link_2|link_3
0.0,-0.07999999999999996,0.06,True,True,True,True,True,True,True,True,True,-0.020959846675395966,0.004795478638061174,basket|link_0|link_1|link_2|link_3
0.0,-0.09999999999999998,0.06,True,True,True,True,True,True,True,True,True,-0.020959846675395966,0.009888215487299335,basket|link_0|link_1|link_2|link_3
0.0,-0.12,0.06,True,True,True,True,True,True,True,True,True,-0.02095983177423477,0.002166366049419926,basket|link_0|link_1|link_2|link_3
0.0,-0.13999999999999996,0.06,True,True,True,True,True,True,True,True,True,-0.02095983177423477,0.008424567003204472,basket|link_0|link_1|link_2|link_3
0.0,-0.15999999999999998,0.06,True,True,True,True,True,True,True,True,True,-0.02095983177423477,0.014688300914038032,basket|link_0|link_1|link_2|link_3
0.0,-0.18,0.06,True,True,True,True,True,True,True,True,True,-0.02095983177423477,0.012328766533967288,basket|link_0|link_1|link_2|link_3
0.0,-0.19999999999999998,0.06,True,True,True,True,True,True,True,True,True,-0.02095983177423477,0.01971607831803448,basket|link_0|link_1|link_2|link_3
0.0,-0.21999999999999997,0.06,True,True,True,True,True,True,True,True,True,-0.02095983177423477,0.012630607139972511,basket|link_0|link_1|link_2|link_3
0.0,-0.24,0.06,True,True,True,True,True,True,True,True,True,-0.020959816873073578,0.017346246527773786,basket|link_0|link_1|link_2|link_3
0.0,-0.26,0.06,True,True,True,True,True,True,True,True,True,-0.020959816873073578,0.06205793909099428,basket|link_0|link_1|link_2|link_3
0.0,-0.27999999999999997,0.06,True,True,True,True,True,True,True,True,True,-0.020959816873073578,0.063934278658672,basket|link_0|link_1|link_2|link_3
0.0,-0.3,0.06,True,True,True,True,True,True,True,True,True,-0.020959816873073578,0.010617887328040736,basket|link_0|link_1|link_2|link_3
0.0,-0.31999999999999995,0.06,True,True,True,True,True,True,True,True,True,-0.01332758367061615,0.01775308622923554,basket|link_0|link_1|link_2|link_3
0.0,-0.33999999999999997,0.06,False,False,True,False,False,True,False,False,True,0.006578236818313599,1.4901161193847656e-08,basket|link_0|link_1|link_2|link_3
0.0,-0.36,0.06,False,False,True,False,False,True,False,False,True,,1.4901161193847656e-08,link_1|link_2|link_3
0.0,-0.38,0.06,False,False,True,False,False,True,False,False,True,,1.4901161193847656e-08,link_1|link_2|link_3
0.0,-0.39999999999999997,0.06,False,False,True,False,False,True,False,False,True,,1.4901161193847656e-08,link_1|link_2|link_3
0.0,-0.42,0.06,False,False,True,False,False,True,False,False,True,,1.4901161193847656e-08,link_1|link_2|link_3
0.0,0.42,0.03999999999999998,False,False,True,False,False,True,False,False,True,,1.4901161193847656e-08,link_1|link_2|link_3
0.0,0.4000000000000001,0.03999999999999998,False,False,True,False,False,True,False,False,True,,1.4901161193847656e-08,link_1|link_2|link_3
0.0,0.38000000000000006,0.03999999999999998,False,False,True,False,False,True,False,False,True,,1.4901161193847656e-08,link_1|link_2|link_3
0.0,0.36000000000000004,0.03999999999999998,False,False,True,False,False,True,False,False,True,,1.4901161193847656e-08,link_1|link_2|link_3
0.0,0.34,0.03999999999999998,False,False,True,False,False,True,False,False,True,0.004426747560501099,1.4901161193847656e-08,basket|link_0|link_1|link_2|link_3
0.0,0.32,0.03999999999999998,True,True,True,True,True,True,True,True,True,-0.015421509742736816,0.05802169539021144,basket|link_0|link_1|link_2|link_3
0.0,0.3,0.03999999999999998,True,True,True,True,True,True,True,True,True,-0.020959876477718353,0.045975138177534736,basket|link_0|link_1|link_2|link_3
0.0,0.2800000000000001,0.03999999999999998,True,True,True,True,True,True,True,True,True,-0.020959876477718353,0.03265159583670811,basket|link_0|link_1|link_2|link_3
0.0,0.26000000000000006,0.03999999999999998,True,True,True,True,True,True,True,True,True,-0.02095986157655716,0.023720950335974867,basket|link_0|link_1|link_2|link_3
0.0,0.24000000000000005,0.03999999999999998,True,True,True,True,True,True,True,True,True,-0.02095986157655716,0.008091616311402912,basket|link_0|link_1|link_2|link_3
0.0,0.22000000000000003,0.03999999999999998,True,True,True,True,True,True,True,True,True,-0.02095986157655716,0.0045877397208496954,basket|link_0|link_1|link_2|link_3
0.0,0.2,0.03999999999999998,True,True,True,True,True,True,True,True,True,-0.02095986157655716,0.003004515252967296,basket|link_0|link_1|link_2|link_3
0.0,0.18,0.03999999999999998,True,True,True,True,True,True,True,True,True,-0.02095986157655716,0.010829482222806356,basket|link_0|link_1|link_2|link_3
0.0,0.15999999999999998,0.03999999999999998,True,True,True,True,True,True,True,True,True,-0.02095986157655716,0.00370577325080861,basket|link_0|link_1|link_2|link_3
0.0,0.14000000000000007,0.03999999999999998,True,True,True,True,True,True,True,True,True,-0.020959846675395966,0.004160024912304648,basket|link_0|link_1|link_2|link_3
0.0,0.12000000000000005,0.03999999999999998,True,True,True,True,True,True,True,True,True,-0.020959846675395966,0.0063238536831483816,basket|link_0|link_1|link_2|link_3
0.0,0.10000000000000003,0.03999999999999998,True,True,True,True,True,True,True,True,True,-0.020959846675395966,0.011367598377754579,basket|link_0|link_1|link_2|link_3
0.0,0.08000000000000002,0.03999999999999998,True,True,True,True,True,True,True,True,True,-0.02095986157655716,0.003958873297909733,basket|link_0|link_1|link_2|link_3
0.0,0.06,0.03999999999999998,True,True,True,True,True,True,True,True,True,-0.02095986157655716,0.015596700714348674,basket|link_0|link_1|link_2|link_3
0.0,0.040000000000000036,0.03999999999999998,True,True,True,True,True,True,True,True,True,-0.02095986157655716,0.006492445826358755,basket|link_0|link_1|link_2|link_3
0.0,0.020000000000000018,0.03999999999999998,True,True,True,True,True,True,True,True,True,-0.02095986157655716,0.0056577205772314855,basket|link_0|link_1|link_2|link_3
0.0,0.0,0.03999999999999998,True,True,True,True,True,True,True,True,True,-0.02095986157655716,0.009722807994070102,basket|link_0|link_1|link_2|link_3
0.0,-0.019999999999999962,0.03999999999999998,True,True,True,True,True,True,True,True,True,-0.020959846675395966,0.007446945667568412,basket|link_0|link_1|link_2|link_3
0.0,-0.03999999999999998,0.03999999999999998,True,True,True,True,True,True,True,True,True,-0.020959846675395966,0.015111991629748526,basket|link_0|link_1|link_2|link_3
0.0,-0.06,0.03999999999999998,True,True,True,True,True,True,True,True,True,-0.020959846675395966,0.006414495624501399,basket|link_0|link_1|link_2|link_3
0.0,-0.07999999999999996,0.03999999999999998,True,True,True,True,True,True,True,True,True,-0.020959846675395966,0.004106805104195901,basket|link_0|link_1|link_2|link_3
0.0,-0.09999999999999998,0.03999999999999998,True,True,True,True,True,True,True,True,True,-0.020959846675395966,0.016331788893397564,basket|link_0|link_1|link_2|link_3
0.0,-0.12,0.03999999999999998,True,True,True,True,True,True,True,True,True,-0.020959846675395966,0.005043652730144471,basket|link_0|link_1|link_2|link_3
0.0,-0.13999999999999996,0.03999999999999998,True,True,True,True,True,True,True,True,True,-0.02095983177423477,0.009498568833289924,basket|link_0|link_1|link_2|link_3
0.0,-0.15999999999999998,0.03999999999999998,True,True,True,True,True,True,True,True,True,-0.02095983177423477,0.008611354233940055,basket|link_0|link_1|link_2|link_3
0.0,-0.18,0.03999999999999998,True,True,True,True,True,True,True,True,True,-0.02095983177423477,0.010957874795695335,basket|link_0|link_1|link_2|link_3
0.0,-0.19999999999999998,0.03999999999999998,True,True,True,True,True,True,True,True,True,-0.02095983177423477,0.012981425499525245,basket|link_0|link_1|link_2|link_3
0.0,-0.21999999999999997,0.03999999999999998,True,True,True,True,True,True,True,True,True,-0.02095983177423477,0.008583771843441286,basket|link_0|link_1|link_2|link_3
0.0,-0.24,0.03999999999999998,True,True,True,True,True,True,True,True,True,-0.02095983177423477,0.019263704422522253,basket|link_0|link_1|link_2|link_3
0.0,-0.26,0.03999999999999998,True,True,True,True,True,True,True,True,True,-0.020959816873073578,0.018975337110469424,basket|link_0|link_1|link_2|link_3
0.0,-0.27999999999999997,0.03999999999999998,True,True,True,True,True,True,True,True,True,-0.020959816873073578,0.07151845684408731,basket|link_0|link_1|link_2|link_3
0.0,-0.3,0.03999999999999998,True,True,True,True,True,True,True,True,True,-0.020959816873073578,0.04079718749679233,basket|link_0|link_1|link_2|link_3
0.0,-0.31999999999999995,0.03999999999999998,True,True,True,True,True,True,True,True,True,-0.013416588306427002,0.04152499127060513,basket|link_0|link_1|link_2|link_3
0.0,-0.33999999999999997,0.03999999999999998,False,False,True,False,False,True,False,False,True,0.006578236818313599,1.4901161193847656e-08,basket|link_0|link_1|link_2|link_3
0.0,-0.36,0.03999999999999998,False,False,True,False,False,True,False,False,True,,1.4901161193847656e-08,link_1|link_2|link_3
0.0,-0.38,0.03999999999999998,False,False,True,False,False,True,False,False,True,,1.4901161193847656e-08,link_1|link_2|link_3
0.0,-0.39999999999999997,0.03999999999999998,False,False,True,False,False,True,False,False,True,,1.4901161193847656e-08,link_1|link_2|link_3
0.0,-0.42,0.03999999999999998,False,False,True,False,False,True,False,False,True,,1.4901161193847656e-08,link_1|link_2|link_3
0.0,0.42,0.019999999999999962,False,False,True,False,False,True,False,False,True,,1.4901161193847656e-08,link_1|link_2|link_3
0.0,0.4000000000000001,0.019999999999999962,False,False,True,False,False,True,False,False,True,,1.4901161193847656e-08,link_1|link_2|link_3
0.0,0.38000000000000006,0.019999999999999962,False,False,True,False,False,True,False,False,True,,1.4901161193847656e-08,link_1|link_2|link_3
0.0,0.36000000000000004,0.019999999999999962,False,False,True,False,False,True,False,False,True,,1.4901161193847656e-08,link_1|link_2|link_3
0.0,0.34,0.019999999999999962,False,False,True,False,False,True,False,False,True,0.004426747560501099,1.4901161193847656e-08,basket|link_0|link_1|link_2|link_3
0.0,0.32,0.019999999999999962,True,True,True,True,True,True,True,True,True,-0.015421509742736816,0.0319015753249816,basket|link_0|link_1|link_2|link_3
0.0,0.3,0.019999999999999962,True,True,True,True,True,True,True,True,True,-0.020959876477718353,0.03379523297820976,basket|link_0|link_1|link_2|link_3
0.0,0.2800000000000001,0.019999999999999962,True,True,True,True,True,True,True,True,True,-0.020959876477718353,0.05432675829737877,basket|link_0|link_1|link_2|link_3
0.0,0.26000000000000006,0.019999999999999962,True,True,True,True,True,True,True,True,True,-0.020959876477718353,0.01735096552665588,basket|link_0|link_1|link_2|link_3
0.0,0.24000000000000005,0.019999999999999962,True,True,True,True,True,True,True,True,True,-0.02095986157655716,0.021436663106251506,basket|link_0|link_1|link_2|link_3
0.0,0.22000000000000003,0.019999999999999962,True,True,True,True,True,True,True,True,True,-0.02095986157655716,0.016912703548247414,basket|link_0|link_1|link_2|link_3
0.0,0.2,0.019999999999999962,True,True,True,True,True,True,True,True,True,-0.02095986157655716,0.01993263408703153,basket|link_0|link_1|link_2|link_3
0.0,0.18,0.019999999999999962,True,True,True,True,True,True,True,True,True,-0.02095986157655716,0.010655479804357574,basket|link_0|link_1|link_2|link_3
0.0,0.15999999999999998,0.019999999999999962,True,True,True,True,True,True,True,True,True,-0.02095986157655716,0.008217174051448723,basket|link_0|link_1|link_2|link_3
0.0,0.14000000000000007,0.019999999999999962,True,True,True,True,True,True,True,True,True,-0.02095986157655716,0.017066742159550376,basket|link_0|link_1|link_2|link_3
0.0,0.12000000000000005,0.019999999999999962,True,True,True,True,True,True,True,True,True,-0.020959846675395966,0.006163642310483351,basket|link_0|link_1|link_2|link_3
0.0,0.10000000000000003,0.019999999999999962,True,True,True,True,True,True,True,True,True,-0.020959846675395966,0.009780598049258892,basket|link_0|link_1|link_2|link_3
0.0,0.08000000000000002,0.019999999999999962,True,True,True,True,True,True,True,True,True,-0.02095986157655716,0.00580573685727077,basket|link_0|link_1|link_2|link_3
0.0,0.06,0.019999999999999962,True,True,True,True,True,True,True,True,True,-0.02095986157655716,0.015494283492279663,basket|link_0|link_1|link_2|link_3
0.0,0.040000000000000036,0.019999999999999962,True,True,True,True,True,True,True,True,True,-0.02095986157655716,0.01268228729007389,basket|link_0|link_1|link_2|link_3
0.0,0.020000000000000018,0.019999999999999962,True,True,True,True,True,True,True,True,True,-0.02095986157655716,0.006692351822137309,basket|link_0|link_1|link_2|link_3
0.0,0.0,0.019999999999999962,True,True,True,True,True,True,True,True,True,-0.02095986157655716,0.0040924659948534696,basket|link_0|link_1|link_2|link_3
0.0,-0.019999999999999962,0.019999999999999962,True,True,True,True,True,True,True,True,True,-0.02095986157655716,0.006823116553172476,basket|link_0|link_1|link_2|link_3
0.0,-0.03999999999999998,0.019999999999999962,True,True,True,True,True,True,True,True,True,-0.020959846675395966,0.013660351788061395,basket|link_0|link_1|link_2|link_3
0.0,-0.06,0.019999999999999962,True,True,True,True,True,True,True,True,True,-0.020959846675395966,0.014520359491714846,basket|link_0|link_1|link_2|link_3
0.0,-0.07999999999999996,0.019999999999999962,True,True,True,True,True,True,True,True,True,-0.020959846675395966,0.006608978741500541,basket|link_0|link_1|link_2|link_3
0.0,-0.09999999999999998,0.019999999999999962,True,True,True,True,True,True,True,True,True,-0.020959846675395966,0.01644599004403425,basket|link_0|link_1|link_2|link_3
0.0,-0.12,0.019999999999999962,True,True,True,True,True,True,True,True,True,-0.020959846675395966,0.005991424539637344,basket|link_0|link_1|link_2|link_3
0.0,-0.13999999999999996,0.019999999999999962,True,True,True,True,True,True,True,True,True,-0.020959846675395966,0.014636648706790049,basket|link_0|link_1|link_2|link_3
0.0,-0.15999999999999998,0.019999999999999962,True,True,True,True,True,True,True,True,True,-0.02095983177423477,0.014244881516660389,basket|link_0|link_1|link_2|link_3
0.0,-0.18,0.019999999999999962,True,True,True,True,True,True,True,True,True,-0.02095983177423477,0.015682560153802018,basket|link_0|link_1|link_2|link_3
0.0,-0.19999999999999998,0.019999999999999962,True,True,True,True,True,True,True,True,True,-0.02095983177423477,0.014044778738514693,basket|link_0|link_1|link_2|link_3
0.0,-0.21999999999999997,0.019999999999999962,True,True,True,True,True,True,True,True,True,-0.02095983177423477,0.02510336335010434,basket|link_0|link_1|link_2|link_3
0.0,-0.24,0.019999999999999962,True,True,True,True,True,True,True,True,True,-0.02095983177423477,0.01286776214976239,basket|link_0|link_1|link_2|link_3
0.0,-0.26,0.019999999999999962,True,True,True,True,True,True,True,True,True,-0.02095983177423477,0.02654540121541983,basket|link_0|link_1|link_2|link_3
0.0,-0.27999999999999997,0.019999999999999962,True,True,True,True,True,True,True,True,True,-0.020959816873073578,0.05188519579169764,basket|link_0|link_1|link_2|link_3
0.0,-0.3,0.019999999999999962,True,True,True,True,True,True,True,True,True,-0.020959816873073578,0.04165180894441415,basket|link_0|link_1|link_2|link_3
0.0,-0.31999999999999995,0.019999999999999962,True,True,True,True,True,True,True,True,True,-0.013416588306427002,0.015428364844483811,basket|link_0|link_1|link_2|link_3
0.0,-0.33999999999999997,0.019999999999999962,False,False,True,False,False,True,False,False,True,0.006578236818313599,1.4901161193847656e-08,basket|link_0|link_1|link_2|link_3
0.0,-0.36,0.019999999999999962,False,False,True,False,False,True,False,False,True,,1.4901161193847656e-08,link_1|link_2|link_3
0.0,-0.38,0.019999999999999962,False,False,True,False,False,True,False,False,True,,1.4901161193847656e-08,link_1|link_2|link_3
0.0,-0.39999999999999997,0.019999999999999962,False,False,True,False,False,True,False,False,True,,1.4901161193847656e-08,link_1|link_2|link_3
0.0,-0.42,0.019999999999999962,False,False,True,False,False,True,False,False,True,,1.4901161193847656e-08,link_1|link_2|link_3
0.0,0.42,0.0,False,False,True,False,False,True,False,False,True,,1.4901161193847656e-08,link_1|link_2|link_3
0.0,0.4000000000000001,0.0,False,False,True,False,False,True,False,False,True,,1.4901161193847656e-08,link_1|link_2|link_3
0.0,0.38000000000000006,0.0,False,False,True,False,False,True,False,False,True,,1.4901161193847656e-08,link_1|link_2|link_3
0.0,0.36000000000000004,0.0,False,False,True,False,False,True,False,False,True,,1.4901161193847656e-08,link_1|link_2|link_3
0.0,0.34,0.0,False,False,True,False,False,True,False,False,True,0.004426747560501099,1.4901161193847656e-08,basket|link_0|link_1|link_2|link_3
0.0,0.32,0.0,True,True,True,True,True,True,True,True,True,-0.015421509742736816,0.10193806636290201,basket|link_0|link_1|link_2|link_3
0.0,0.3,0.0,True,True,True,True,True,True,True,True,True,-0.020959876477718353,0.04019976205596143,basket|link_0|link_1|link_2|link_3
0.0,0.2800000000000001,0.0,True,True,True,True,True,True,True,True,True,-0.020959876477718353,0.03914057697092693,basket|link_0|link_1|link_2|link_3
0.0,0.26000000000000006,0.0,True,True,True,True,True,True,True,True,True,-0.020959876477718353,0.022972975120972884,basket|link_0|link_1|link_2|link_3
0.0,0.24000000000000005,0.0,True,True,True,True,True,True,True,True,True,-0.020959876477718353,0.017571471713374556,basket|link_0|link_1|link_2|link_3
0.0,0.22000000000000003,0.0,True,True,True,True,True,True,True,True,True,-0.02095986157655716,0.01839093112880544,basket|link_0|link_1|link_2|link_3
0.0,0.2,0.0,True,True,True,True,True,True,True,True,True,-0.02095986157655716,0.01252205600187843,basket|link_0|link_1|link_2|link_3
0.0,0.18,0.0,True,True,True,True,True,True,True,True,True,-0.02095986157655716,0.017693713780610392,basket|link_0|link_1|link_2|link_3
0.0,0.15999999999999998,0.0,True,True,True,True,True,True,True,True,True,-0.02095986157655716,0.016471518187528723,basket|link_0|link_1|link_2|link_3
0.0,0.14000000000000007,0.0,True,True,True,True,True,True,True,True,True,-0.02095986157655716,0.01660809852959214,basket|link_0|link_1|link_2|link_3
0.0,0.12000000000000005,0.0,True,True,True,True,True,True,True,True,True,-0.02095986157655716,0.008828106655052848,basket|link_0|link_1|link_2|link_3
0.0,0.10000000000000003,0.0,True,True,True,True,True,True,True,True,True,-0.020959846675395966,0.005400434984476289,basket|link_0|link_1|link_2|link_3
0.0,0.08000000000000002,0.0,True,True,True,True,True,True,True,True,True,-0.02095986157655716,0.008759662386417049,basket|link_0|link_1|link_2|link_3
0.0,0.06,0.0,True,True,True,True,True,True,True,True,True,-0.02095986157655716,0.007562215709472711,basket|link_0|link_1|link_2|link_3
0.0,0.040000000000000036,0.0,True,True,True,True,True,True,True,True,True,-0.02095986157655716,0.010368940539726593,basket|link_0|link_1|link_2|link_3
0.0,0.020000000000000018,0.0,True,True,True,True,True,True,True,True,True,-0.02095986157655716,0.00630490698300461,basket|link_0|link_1|link_2|link_3
0.0,0.0,0.0,True,True,True,True,True,True,True,True,True,-0.02095986157655716,0.011003313506950345,basket|link_0|link_1|link_2|link_3
0.0,-0.019999999999999962,0.0,True,True,True,True,True,True,True,True,True,-0.02095986157655716,0.014371677146261305,basket|link_0|link_1|link_2|link_3
0.0,-0.03999999999999998,0.0,True,True,True,True,True,True,True,True,True,-0.02095986157655716,0.005056332772965296,basket|link_0|link_1|link_2|link_3
0.0,-0.06,0.0,True,True,True,True,True,True,True,True,True,-0.020959846675395966,0.008233158246612457,basket|link_0|link_1|link_2|link_3
0.0,-0.07999999999999996,0.0,True,True,True,True,True,True,True,True,True,-0.020959846675395966,0.005002560801275875,basket|link_0|link_1|link_2|link_3
0.0,-0.09999999999999998,0.0,True,True,True,True,True,True,True,True,True,-0.020959846675395966,0.013883272366407694,basket|link_0|link_1|link_2|link_3
0.0,-0.12,0.0,True,True,True,True,True,True,True,True,True,-0.020959846675395966,0.003893128460281809,basket|link_0|link_1|link_2|link_3
0.0,-0.13999999999999996,0.0,True,True,True,True,True,True,True,True,True,-0.020959846675395966,0.0055160093220488,basket|link_0|link_1|link_2|link_3
0.0,-0.15999999999999998,0.0,True,True,True,True,True,True,True,True,True,-0.020959846675395966,0.010346663895134866,basket|link_0|link_1|link_2|link_3
0.0,-0.18,0.0,True,True,True,True,True,True,True,True,True,-0.02095983177423477,0.011046170391872747,basket|link_0|link_1|link_2|link_3
0.0,-0.19999999999999998,0.0,True,True,True,True,True,True,True,True,True,-0.02095983177423477,0.01524292713749921,basket|link_0|link_1|link_2|link_3
0.0,-0.21999999999999997,0.0,True,True,True,True,True,True,True,True,True,-0.02095983177423477,0.019329950119871514,basket|link_0|link_1|link_2|link_3
0.0,-0.24,0.0,True,True,True,True,True,True,True,True,True,-0.02095983177423477,0.01395122034747824,basket|link_0|link_1|link_2|link_3
0.0,-0.26,0.0,True,True,True,True,True,True,True,True,True,-0.02095983177423477,0.041257847290456826,basket|link_0|link_1|link_2|link_3
0.0,-0.27999999999999997,0.0,True,True,True,True,True,True,True,True,True,-0.02095983177423477,0.06179054203682604,basket|link_0|link_1|link_2|link_3
0.0,-0.3,0.0,True,True,True,True,True,True,True,True,True,-0.020959816873073578,0.035049011543744034,basket|link_0|link_1|link_2|link_3
0.0,-0.31999999999999995,0.0,True,True,True,True,True,True,True,True,True,-0.013416588306427002,0.04604280631689619,basket|link_0|link_1|link_2|link_3
0.0,-0.33999999999999997,0.0,False,False,True,False,False,True,False,False,True,0.006578236818313599,1.4901161193847656e-08,basket|link_0|link_1|link_2|link_3
0.0,-0.36,0.0,False,False,True,False,False,True,False,False,True,,1.4901161193847656e-08,link_1|link_2|link_3
0.0,-0.38,0.0,False,False,True,False,False,True,False,False,True,,1.4901161193847656e-08,link_1|link_2|link_3
0.0,-0.39999999999999997,0.0,False,False,True,False,False,True,False,False,True,,1.4901161193847656e-08,link_1|link_2|link_3
0.0,-0.42,0.0,False,False,True,False,False,True,False,False,True,,1.4901161193847656e-08,link_1|link_2|link_3
0.0,0.42,-0.020000000000000018,False,False,True,False,False,True,False,False,True,,1.4901161193847656e-08,link_1|link_2|link_3
0.0,0.4000000000000001,-0.020000000000000018,False,False,True,False,False,True,False,False,True,,1.4901161193847656e-08,link_1|link_2|link_3
0.0,0.38000000000000006,-0.020000000000000018,False,False,True,False,False,True,False,False,True,,1.4901161193847656e-08,link_1|link_2|link_3
0.0,0.36000000000000004,-0.020000000000000018,False,False,True,False,False,True,False,False,True,,1.4901161193847656e-08,link_1|link_2|link_3
0.0,0.34,-0.020000000000000018,False,False,True,False,False,True,False,False,True,0.004426747560501099,1.4901161193847656e-08,basket|link_0|link_1|link_2|link_3
0.0,0.32,-0.020000000000000018,True,True,True,True,True,True,True,True,True,-0.015421509742736816,0.012511922672734505,basket|link_0|link_1|link_2|link_3
0.0,0.3,-0.020000000000000018,True,True,True,True,True,True,True,True,True,-0.020959876477718353,0.03987376014314638,basket|link_0|link_1|link_2|link_3
0.0,0.2800000000000001,-0.020000000000000018,True,True,True,True,True,True,True,True,True,-0.020959876477718353,0.032394947250870124,basket|link_0|link_1|link_2|link_3
0.0,0.26000000000000006,-0.020000000000000018,True,True,True,True,True,True,True,True,True,-0.020959876477718353,0.027189895322584114,basket|link_0|link_1|link_2|link_3
0.0,0.24000000000000005,-0.020000000000000018,True,True,True,True,True,True,True,True,True,-0.020959876477718353,0.013954293708992928,basket|link_0|link_1|link_2|link_3
0.0,0.22000000000000003,-0.020000000000000018,True,True,True,True,True,True,True,True,True,-0.020959876477718353,0.01252624757874332,basket|link_0|link_1|link_2|link_3
0.0,0.2,-0.020000000000000018,True,True,True,True,True,True,True,True,True,-0.02095986157655716,0.01420730933599977,basket|link_0|link_1|link_2|link_3
0.0,0.18,-0.020000000000000018,True,True,True,True,True,True,True,True,True,-0.02095986157655716,0.01537915730916121,basket|link_0|link_1|link_2|link_3
0.0,0.15999999999999998,-0.020000000000000018,True,True,True,True,True,True,True,True,True,-0.02095986157655716,0.009801571987534936,basket|link_0|link_2|link_3
0.0,0.14000000000000007,-0.020000000000000018,True,True,True,True,True,True,True,True,True,-0.02095986157655716,0.009295695375134921,basket|link_0|link_1|link_2|link_3
0.0,0.12000000000000005,-0.020000000000000018,True,True,True,True,True,True,True,True,True,-0.02095986157655716,0.0057344293616580265,basket|link_0|link_1|link_2|link_3
0.0,0.10000000000000003,-0.020000000000000018,True,True,True,True,True,True,True,True,True,-0.02095986157655716,0.00440956592020204,basket|link_0|link_1|link_2|link_3
0.0,0.08000000000000002,-0.020000000000000018,True,True,True,True,True,True,True,True,True,-0.020959876477718353,0.014870785931747899,basket|link_0|link_1|link_2|link_3
0.0,0.06,-0.020000000000000018,True,True,True,True,True,True,True,True,True,-0.02095986157655716,0.016783851261321446,basket|link_0|link_1|link_2|link_3
0.0,0.040000000000000036,-0.020000000000000018,True,True,True,True,True,True,True,True,True,-0.02095986157655716,0.0019893790728787255,basket|link_0|link_1|link_2|link_3
0.0,0.020000000000000018,-0.020000000000000018,True,True,True,True,True,True,True,True,True,-0.02095986157655716,0.016387499299011173,basket|link_0|link_1|link_2|link_3
0.0,0.0,-0.020000000000000018,True,True,True,True,True,True,True,True,True,-0.02095986157655716,0.0016729013100787726,basket|link_0|link_1|link_2|link_3
0.0,-0.019999999999999962,-0.020000000000000018,True,True,True,True,True,True,True,True,True,-0.02095986157655716,0.011304426160595876,basket|link_0|link_1|link_2|link_3
0.0,-0.03999999999999998,-0.020000000000000018,True,True,True,True,True,True,True,True,True,-0.02095986157655716,0.010959748070600399,basket|link_0|link_1|link_2|link_3
0.0,-0.06,-0.020000000000000018,True,True,True,True,True,True,True,True,True,-0.02095986157655716,0.009577701007383794,basket|link_0|link_1|link_2|link_3
0.0,-0.07999999999999996,-0.020000000000000018,True,True,True,True,True,True,True,True,True,-0.020959846675395966,0.01271435543801038,basket|link_0|link_1|link_2|link_3
0.0,-0.09999999999999998,-0.020000000000000018,True,True,True,True,True,True,True,True,True,-0.020959846675395966,0.00623754283084979,basket|link_0|link_1|link_2|link_3
0.0,-0.12,-0.020000000000000018,True,True,True,True,True,True,True,True,True,-0.020959846675395966,0.002321491522473961,basket|link_0|link_1|link_2|link_3
0.0,-0.13999999999999996,-0.020000000000000018,True,True,True,True,True,True,True,True,True,-0.020959846675395966,0.01539673940991945,basket|link_0|link_1|link_2|link_3
0.0,-0.15999999999999998,-0.020000000000000018,True,True,True,True,True,True,True,True,True,-0.020959846675395966,0.019696603527013846,basket|link_0|link_1|link_2|link_3
0.0,-0.18,-0.020000000000000018,True,True,True,True,True,True,True,True,True,-0.020959846675395966,0.016283791325291678,basket|link_0|link_1|link_2|link_3
0.0,-0.19999999999999998,-0.020000000000000018,True,True,True,True,True,True,True,True,True,-0.02095983177423477,0.01669658455674254,basket|link_0|link_1|link_2|link_3
0.0,-0.21999999999999997,-0.020000000000000018,True,True,True,True,True,True,True,True,True,-0.02095983177423477,0.019246093372089927,basket|link_0|link_1|link_2|link_3
0.0,-0.24,-0.020000000000000018,True,True,True,True,True,True,True,True,True,-0.02095983177423477,0.025801105680571087,basket|link_0|link_1|link_2|link_3
0.0,-0.26,-0.020000000000000018,True,True,True,True,True,True,True,True,True,-0.02095983177423477,0.03739604564476115,basket|link_0|link_1|link_2|link_3
0.0,-0.27999999999999997,-0.020000000000000018,True,True,True,True,True,True,True,True,True,-0.02095983177423477,0.06516184592931167,basket|link_0|link_1|link_2|link_3
0.0,-0.3,-0.020000000000000018,True,True,True,True,True,True,True,True,True,-0.02095983177423477,0.03458105750307018,basket|link_0|link_1|link_2|link_3
0.0,-0.31999999999999995,-0.020000000000000018,True,True,True,True,True,True,True,True,True,-0.013416588306427002,0.038973972005786985,basket|link_0|link_1|link_2|link_3
0.0,-0.33999999999999997,-0.020000000000000018,False,False,True,False,False,True,False,False,True,0.006578236818313599,1.4901161193847656e-08,basket|link_0|link_1|link_2|link_3
0.0,-0.36,-0.020000000000000018,False,False,True,False,False,True,False,False,True,,1.4901161193847656e-08,link_1|link_2|link_3
0.0,-0.38,-0.020000000000000018,False,False,True,False,False,True,False,False,True,,1.4901161193847656e-08,link_1|link_2|link_3
0.0,-0.39999999999999997,-0.020000000000000018,False,False,True,False,False,True,False,False,True,,1.4901161193847656e-08,link_1|link_2|link_3
0.0,-0.42,-0.020000000000000018,False,False,True,False,False,True,False,False,True,,1.4901161193847656e-08,link_1|link_2|link_3
0.0,0.42,-0.040000000000000036,False,False,True,False,False,True,False,False,True,,1.4901161193847656e-08,link_1|link_2|link_3
0.0,0.4000000000000001,-0.040000000000000036,False,False,True,False,False,True,False,False,True,,1.4901161193847656e-08,link_1|link_2|link_3
0.0,0.38000000000000006,-0.040000000000000036,False,False,True,False,False,True,False,False,True,,1.4901161193847656e-08,link_1|link_2|link_3
0.0,0.36000000000000004,-0.040000000000000036,False,False,True,False,False,True,False,False,True,,1.4901161193847656e-08,link_1|link_2|link_3
0.0,0.34,-0.040000000000000036,False,False,True,False,False,True,False,False,True,0.004426747560501099,1.4901161193847656e-08,basket|link_0|link_1|link_2|link_3
0.0,0.32,-0.040000000000000036,True,True,True,True,True,True,True,True,True,-0.015396416187286377,0.039464926979626995,basket|link_0|link_1|link_2|link_3
0.0,0.3,-0.040000000000000036,True,True,True,True,True,True,True,True,True,-0.020959876477718353,0.03181616857075558,basket|link_0|link_1|link_2|link_3
0.0,0.2800000000000001,-0.040000000000000036,True,True,True,True,True,True,True,True,True,-0.020959876477718353,0.030613384660106557,basket|link_0|link_1|link_2|link_3
0.0,0.26000000000000006,-0.040000000000000036,True,True,True,True,True,True,True,True,True,-0.020959876477718353,0.012974891236427645,basket|link_0|link_1|link_2|link_3
0.0,0.24000000000000005,-0.040000000000000036,True,True,True,True,True,True,True,True,True,-0.020959876477718353,0.016498109365185153,basket|link_0|link_1|link_2|link_3
0.0,0.22000000000000003,-0.040000000000000036,True,True,True,True,True,True,True,True,True,-0.020959876477718353,0.016411387662865463,basket|link_0|link_1|link_2|link_3
0.0,0.2,-0.040000000000000036,True,True,True,True,True,True,True,True,True,-0.020959876477718353,0.006296408239776593,basket|link_0|link_1|link_2|link_3
0.0,0.18,-0.040000000000000036,True,True,True,True,True,True,True,True,True,-0.02095986157655716,0.014015035072495855,basket|link_0|link_1|link_2|link_3
0.0,0.15999999999999998,-0.040000000000000036,True,True,True,True,True,True,True,True,True,-0.02095986157655716,0.00869068481287055,basket|link_0|link_1|link_2|link_3
0.0,0.14000000000000007,-0.040000000000000036,True,True,True,True,True,True,True,True,True,-0.02095986157655716,0.006966531674798269,basket|link_0|link_1|link_2|link_3
0.0,0.12000000000000005,-0.040000000000000036,True,True,True,True,True,True,True,True,True,-0.02095986157655716,0.0033753751503870903,basket|link_0|link_1|link_2|link_3
0.0,0.10000000000000003,-0.040000000000000036,True,True,True,True,True,True,True,True,True,-0.02095986157655716,0.006286956120366318,basket|link_0|link_1|link_2|link_3
0.0,0.08000000000000002,-0.040000000000000036,True,True,True,True,True,True,True,True,True,-0.020959876477718353,0.004933829167052501,basket|link_0|link_1|link_2|link_3
0.0,0.06,-0.040000000000000036,True,True,True,True,True,True,True,True,True,-0.020959876477718353,0.0043937761406177165,basket|link_0|link_1|link_2|link_3
0.0,0.040000000000000036,-0.040000000000000036,True,True,True,True,True,True,True,True,True,-0.020959876477718353,0.007925478628032199,basket|link_0|link_1|link_2|link_3
0.0,0.020000000000000018,-0.040000000000000036,True,True,True,True,True,True,True,True,True,-0.02095986157655716,0.0012389773487785204,basket|link_0|link_1|link_2|link_3
0.0,0.0,-0.040000000000000036,True,True,True,True,True,True,True,True,True,-0.02095986157655716,0.01169430972347926,basket|link_0|link_1|link_2|link_3
0.0,-0.019999999999999962,-0.040000000000000036,True,True,True,True,True,True,True,True,True,-0.02095986157655716,0.01396115563334285,basket|link_0|link_1|link_2|link_3
0.0,-0.03999999999999998,-0.040000000000000036,True,True,True,True,True,True,True,True,True,-0.02095986157655716,0.0020288104784631136,basket|link_0|link_1|link_2|link_3
0.0,-0.06,-0.040000000000000036,True,True,True,True,True,True,True,True,True,-0.02095986157655716,0.01534604110563487,basket|link_0|link_1|link_2|link_3
0.0,-0.07999999999999996,-0.040000000000000036,True,True,True,True,True,True,True,True,True,-0.02095986157655716,0.01325550983148749,basket|link_0|link_1|link_2|link_3
0.0,-0.09999999999999998,-0.040000000000000036,True,True,True,True,True,True,True,True,True,-0.020959846675395966,0.003390268056362278,basket|link_0|link_1|link_2|link_3
0.0,-0.12,-0.040000000000000036,True,True,True,True,True,True,True,True,True,-0.020959846675395966,0.0056245064685862805,basket|link_0|link_1|link_2|link_3
0.0,-0.13999999999999996,-0.040000000000000036,True,True,True,True,True,True,True,True,True,-0.020959846675395966,0.004777012165875097,basket|link_0|link_1|link_2|link_3
0.0,-0.15999999999999998,-0.040000000000000036,True,True,True,True,True,True,True,True,True,-0.020959846675395966,0.010388047841240122,basket|link_0|link_1|link_2|link_3
0.0,-0.18,-0.040000000000000036,True,True,True,True,True,True,True,True,True,-0.020959846675395966,0.008622544510768762,basket|link_0|link_1|link_2|link_3
0.0,-0.19999999999999998,-0.040000000000000036,True,True,True,True,True,True,True,True,True,-0.020959846675395966,0.014286667760204236,basket|link_0|link_1|link_2|link_3
0.0,-0.21999999999999997,-0.040000000000000036,True,True,True,True,True,True,True,True,True,-0.02095983177423477,0.009779959435836467,basket|link_0|link_1|link_2|link_3
0.0,-0.24,-0.040000000000000036,True,True,True,True,True,True,True,True,True,-0.02095983177423477,0.01664206288839303,basket|link_0|link_1|link_2|link_3
0.0,-0.26,-0.040000000000000036,True,True,True,True,True,True,True,True,True,-0.02095983177423477,0.015051277769717793,basket|link_0|link_1|link_2|link_3
0.0,-0.27999999999999997,-0.040000000000000036,True,True,True,True,True,True,True,True,True,-0.02095983177423477,0.05282323666398063,basket|link_0|link_1|link_2|link_3
0.0,-0.3,-0.040000000000000036,True,True,True,True,True,True,True,True,True,-0.02095983177423477,0.017602313684486403,basket|link_0|link_1|link_2|link_3
0.0,-0.31999999999999995,-0.040000000000000036,True,True,True,True,True,True,True,True,True,-0.013416588306427002,0.05523149294874549,basket|link_0|link_1|link_2|link_3
0.0,-0.33999999999999997,-0.040000000000000036,False,False,True,False,False,True,False,False,True,0.006578236818313599,1.4901161193847656e-08,basket|link_0|link_1|link_2|link_3
0.0,-0.36,-0.040000000000000036,False,False,True,False,False,True,False,False,True,,1.4901161193847656e-08,link_1|link_2|link_3
0.0,-0.38,-0.040000000000000036,False,False,True,False,False,True,False,False,True,,1.4901161193847656e-08,link_1|link_2|link_3
0.0,-0.39999999999999997,-0.040000000000000036,False,False,True,False,False,True,False,False,True,,1.4901161193847656e-08,link_1|link_2|link_3
0.0,-0.42,-0.040000000000000036,False,False,True,False,False,True,False,False,True,,1.4901161193847656e-08,link_1|link_2|link_3
0.0,0.42,-0.06,False,False,True,False,False,True,False,False,True,,1.4901161193847656e-08,link_1|link_2|link_3
0.0,0.4000000000000001,-0.06,False,False,True,False,False,True,False,False,True,,1.4901161193847656e-08,link_1|link_2|link_3
0.0,0.38000000000000006,-0.06,False,False,True,False,False,True,False,False,True,,1.4901161193847656e-08,link_1|link_2|link_3
0.0,0.36000000000000004,-0.06,False,False,True,False,False,True,False,False,True,,1.4901161193847656e-08,link_1|link_2|link_3
0.0,0.34,-0.06,False,False,True,False,False,True,False,False,True,0.004427388310432434,1.4901161193847656e-08,basket|link_0|link_1|link_2|link_3
0.0,0.32,-0.06,True,True,True,True,True,True,True,True,True,-0.015396416187286377,0.026108851641339498,basket|link_0|link_1|link_2|link_3
0.0,0.3,-0.06,True,True,True,True,True,True,True,True,True,-0.020959891378879547,0.022491837566043834,basket|link_0|link_1|link_2|link_3
0.0,0.2800000000000001,-0.06,True,True,True,True,True,True,True,True,True,-0.020959876477718353,0.04640140395040834,basket|link_0|link_1|link_2|link_3
0.0,0.26000000000000006,-0.06,True,True,True,True,True,True,True,True,True,-0.020959876477718353,0.04342294239784918,basket|link_0|link_1|link_2|link_3
0.0,0.24000000000000005,-0.06,True,True,True,True,True,True,True,True,True,-0.020959876477718353,0.025984451824653195,basket|link_0|link_1|link_2|link_3
0.0,0.22000000000000003,-0.06,True,True,True,True,True,True,True,True,True,-0.020959876477718353,0.013387779520232733,basket|link_0|link_1|link_2|link_3
0.0,0.2,-0.06,True,True,True,True,True,True,True,True,True,-0.020959876477718353,0.006734224400789624,basket|link_0|link_1|link_2|link_3
0.0,0.18,-0.06,True,True,True,True,True,True,True,True,True,-0.020959876477718353,0.002773502248719749,basket|link_0|link_1|link_2|link_3
0.0,0.15999999999999998,-0.06,True,True,True,True,True,True,True,True,True,-0.02095986157655716,0.01829032324538855,basket|link_0|link_1|link_2|link_3
0.0,0.14000000000000007,-0.06,True,True,True,True,True,True,True,True,True,-0.02095986157655716,0.011816891689523734,basket|link_0|link_1|link_2|link_3
0.0,0.12000000000000005,-0.06,True,True,True,True,True,True,True,True,True,-0.02095986157655716,0.007946114861827098,basket|link_0|link_1|link_2|link_3
0.0,0.10000000000000003,-0.06,True,True,True,True,True,True,True,True,True,-0.02095986157655716,0.014153005638368058,basket|link_0|link_1|link_2|link_3
0.0,0.08000000000000002,-0.06,True,True,True,True,True,True,True,True,True,-0.020959876477718353,0.016799402130404886,basket|link_0|link_1|link_2|link_3
0.0,0.06,-0.06,True,True,True,True,True,True,True,True,True,-0.020959876477718353,0.01738753190204193,basket|link_0|link_1|link_2|link_3
0.0,0.040000000000000036,-0.06,True,True,True,True,True,True,True,True,True,-0.020959876477718353,0.010503914134448296,basket|link_0|link_1|link_2|link_3
0.0,0.020000000000000018,-0.06,True,True,True,True,True,True,True,True,True,-0.020959876477718353,0.005508946414154273,basket|link_0|link_1|link_2|link_3
0.0,0.0,-0.06,True,True,True,True,True,True,True,True,True,-0.02095986157655716,0.011199354867773756,basket|link_0|link_1|link_2|link_3
0.0,-0.019999999999999962,-0.06,True,True,True,True,True,True,True,True,True,-0.02095986157655716,0.0018672715150918888,basket|link_0|link_1|link_2|link_3
0.0,-0.03999999999999998,-0.06,True,True,True,True,True,True,True,True,True,-0.02095986157655716,0.014854847791093855,basket|link_0|link_1|link_2|link_3
0.0,-0.06,-0.06,True,True,True,True,True,True,True,True,True,-0.02095986157655716,0.011502543565611843,basket|link_0|link_1|link_2|link_3
0.0,-0.07999999999999996,-0.06,True,True,True,True,True,True,True,True,True,-0.02095986157655716,0.01105799567844325,basket|link_0|link_1|link_2|link_3
0.0,-0.09999999999999998,-0.06,True,True,True,True,True,True,True,True,True,-0.02095986157655716,0.0068579745929190665,basket|link_0|link_1|link_2|link_3
0.0,-0.12,-0.06,True,True,True,True,True,True,True,True,True,-0.020959846675395966,0.014097714896393752,basket|link_0|link_1|link_2|link_3
0.0,-0.13999999999999996,-0.06,True,True,True,True,True,True,True,True,True,-0.020959846675395966,0.010384135920836117,basket|link_0|link_1|link_2|link_3
0.0,-0.15999999999999998,-0.06,True,True,True,True,True,True,True,True,True,-0.020959846675395966,0.010033579531194636,basket|link_0|link_1|link_2|link_3
0.0,-0.18,-0.06,True,True,True,True,True,True,True,True,True,-0.020959846675395966,0.007413203290880651,basket|link_0|link_1|link_2|link_3
0.0,-0.19999999999999998,-0.06,True,True,True,True,True,True,True,True,True,-0.020959846675395966,0.01878557652321648,basket|link_0|link_1|link_2|link_3
0.0,-0.21999999999999997,-0.06,True,True,True,True,True,True,True,True,True,-0.020959846675395966,0.02007651772884417,basket|link_0|link_1|link_2|link_3
0.0,-0.24,-0.06,True,True,True,True,True,True,True,True,True,-0.02095983177423477,0.012947934604870833,basket|link_0|link_1|link_2|link_3
0.0,-0.26,-0.06,True,True,True,True,True,True,True,True,True,-0.02095983177423477,0.02963929888656864,basket|link_0|link_1|link_2|link_3
0.0,-0.27999999999999997,-0.06,True,True,True,True,True,True,True,True,True,-0.02095983177423477,0.0492053127137878,basket|link_0|link_1|link_2|link_3
0.0,-0.3,-0.06,True,True,True,True,True,True,True,True,True,-0.02095983177423477,0.008070524484983032,basket|link_0|link_1|link_2|link_3
0.0,-0.31999999999999995,-0.06,True,True,True,True,True,True,True,True,True,-0.013416588306427002,0.03164362662890929,basket|link_0|link_1|link_2|link_3
0.0,-0.33999999999999997,-0.06,False,False,True,False,False,True,False,False,True,0.00657905638217926,1.4901161193847656e-08,basket|link_0|link_1|link_2|link_3
0.0,-0.36,-0.06,False,False,True,False,False,True,False,False,True,,1.4901161193847656e-08,link_1|link_2|link_3
0.0,-0.38,-0.06,False,False,True,False,False,True,False,False,True,,1.4901161193847656e-08,link_1|link_2|link_3
0.0,-0.39999999999999997,-0.06,False,False,True,False,False,True,False,False,True,,1.4901161193847656e-08,link_1|link_2|link_3
0.0,-0.42,-0.06,False,False,True,False,False,True,False,False,True,,1.4901161193847656e-08,link_1|link_2|link_3
0.0,0.42,-0.08000000000000002,False,False,True,False,False,True,False,False,True,,1.4901161193847656e-08,link_1|link_2|link_3
0.0,0.4000000000000001,-0.08000000000000002,False,False,True,False,False,True,False,False,True,,1.4901161193847656e-08,link_2|link_3
0.0,0.38000000000000006,-0.08000000000000002,False,False,True,False,False,True,False,False,True,,1.4901161193847656e-08,link_2|link_3
0.0,0.36000000000000004,-0.08000000000000002,False,False,True,False,False,True,False,False,True,,1.4901161193847656e-08,link_2|link_3
0.0,0.34,-0.08000000000000002,False,False,True,False,False,True,False,False,True,0.004430562257766724,1.4901161193847656e-08,basket|link_0|link_2|link_3
0.0,0.32,-0.08000000000000002,True,True,True,True,True,True,True,True,True,-0.015396416187286377,0.06248246817529018,basket|link_0|link_2|link_3
0.0,0.3,-0.08000000000000002,True,True,True,True,True,True,True,True,True,-0.020959891378879547,0.01633164639566472,basket|link_0|link_2|link_3
0.0,0.2800000000000001,-0.08000000000000002,True,True,True,True,True,True,True,True,True,-0.020959891378879547,0.013750940681335769,basket|link_0|link_2|link_3
0.0,0.26000000000000006,-0.08000000000000002,True,True,True,True,True,True,True,True,True,-0.020959891378879547,0.025319256908701883,basket|link_0|link_2|link_3
0.0,0.24000000000000005,-0.08000000000000002,True,True,True,True,True,True,True,True,True,-0.020959891378879547,0.02561503134678172,basket|link_0|link_2|link_3
0.0,0.22000000000000003,-0.08000000000000002,True,True,True,True,True,True,True,True,True,-0.020959891378879547,0.02059857699083821,basket|link_0|link_2|link_3
0.0,0.2,-0.08000000000000002,True,True,True,True,True,True,True,True,True,-0.020959891378879547,0.011823522338220292,basket|link_0|link_2|link_3
0.0,0.18,-0.08000000000000002,True,True,True,True,True,True,True,True,True,-0.020959876477718353,0.015819374838583606,basket|link_0|link_2|link_3
0.0,0.15999999999999998,-0.08000000000000002,True,True,True,True,True,True,True,True,True,-0.020959876477718353,0.014405314657469628,basket|link_0|link_2|link_3
0.0,0.14000000000000007,-0.08000000000000002,True,True,True,True,True,True,True,True,True,-0.020959876477718353,0.014143729164018355,basket|link_0|link_2|link_3
0.0,0.12000000000000005,-0.08000000000000002,True,True,True,True,True,True,True,True,True,-0.020959876477718353,0.004726708541988853,basket|link_0|link_2|link_3
0.0,0.10000000000000003,-0.08000000000000002,True,True,True,True,True,True,True,True,True,-0.020959876477718353,0.011147642696219089,basket|link_0|link_2|link_3
0.0,0.08000000000000002,-0.08000000000000002,True,True,True,True,True,True,True,True,True,-0.020959891378879547,0.01812306226079789,basket|link_0|link_2|link_3
0.0,0.06,-0.08000000000000002,True,True,True,True,True,True,True,True,True,-0.020959891378879547,0.013623941156805678,basket|link_0|link_2|link_3
0.0,0.040000000000000036,-0.08000000000000002,True,True,True,True,True,True,True,True,True,-0.020959891378879547,0.012768760278859228,basket|link_0|link_2|link_3
0.0,0.020000000000000018,-0.08000000000000002,True,True,True,True,True,True,True,True,True,-0.020959891378879547,0.004509663677601698,basket|link_0|link_1|link_2|link_3
0.0,0.0,-0.08000000000000002,True,True,True,True,True,True,True,True,True,-0.023104265332221985,0.008324807786240186,basket|link_0|link_1|link_2|link_3
0.0,-0.019999999999999962,-0.08000000000000002,True,True,True,True,True,True,True,True,True,-0.026753142476081848,0.006875098234162935,basket|link_0|link_1|link_2|link_3
0.0,-0.03999999999999998,-0.08000000000000002,True,True,True,True,True,True,True,True,True,-0.025722011923789978,0.013526690975783785,basket|link_0|link_1|link_2|link_3
0.0,-0.06,-0.08000000000000002,True,True,True,True,True,True,True,True,True,-0.020959876477718353,0.012800054540759678,basket|link_0|link_1|link_2|link_3
0.0,-0.07999999999999996,-0.08000000000000002,True,True,True,True,True,True,True,True,True,-0.020959876477718353,0.012546969058315266,basket|link_0|link_1|link_2|link_3
0.0,-0.09999999999999998,-0.08000000000000002,True,True,True,True,True,True,True,True,True,-0.020959876477718353,0.009985679224484598,basket|link_0|link_1|link_2|link_3
0.0,-0.12,-0.08000000000000002,True,True,True,True,True,True,True,True,True,-0.03803155571222305,0.008181224025624503,basket|link_0|link_1|link_2|link_3
0.0,-0.13999999999999996,-0.08000000000000002,True,True,True,True,True,True,True,True,True,-0.037508271634578705,0.011949385559583385,basket|link_0|link_1|link_2|link_3
0.0,-0.15999999999999998,-0.08000000000000002,True,True,True,True,True,True,True,True,True,-0.036508239805698395,0.011412712064834307,basket|link_0|link_1|link_2|link_3
0.0,-0.18,-0.08000000000000002,True,True,True,True,True,True,True,True,True,-0.036508239805698395,0.019298930211831163,basket|link_0|link_1|link_2|link_3
0.0,-0.19999999999999998,-0.08000000000000002,True,True,True,True,True,True,True,True,True,-0.02208133041858673,0.017731456579203227,basket|link_0|link_1|link_2|link_3
0.0,-0.21999999999999997,-0.08000000000000002,True,True,True,True,True,True,True,True,True,-0.02095986157655716,0.014849469123447055,basket|link_0|link_1|link_2|link_3
0.0,-0.24,-0.08000000000000002,True,True,True,True,True,True,True,True,True,-0.02095986157655716,0.022056460532449442,basket|link_0|link_1|link_2|link_3
0.0,-0.26,-0.08000000000000002,True,True,True,True,True,True,True,True,True,-0.02095986157655716,0.021457682940537397,basket|link_0|link_1|link_2|link_3
0.0,-0.27999999999999997,-0.08000000000000002,True,True,True,True,True,True,True,True,True,-0.020959846675395966,0.04526309177721778,basket|link_0|link_1|link_2|link_3
0.0,-0.3,-0.08000000000000002,True,True,True,True,True,True,True,True,True,-0.020959846675395966,0.01969209938433568,basket|link_0|link_1|link_2|link_3
0.0,-0.31999999999999995,-0.08000000000000002,True,True,True,True,True,True,True,True,True,-0.013416588306427002,0.027321921849389755,basket|link_0|link_1|link_2|link_3
0.0,-0.33999999999999997,-0.08000000000000002,False,False,True,False,False,True,False,False,True,0.0065818727016448975,1.4901161193847656e-08,basket|link_0|link_1|link_2|link_3
0.0,-0.36,-0.08000000000000002,False,False,True,False,False,True,False,False,True,,1.4901161193847656e-08,link_1|link_2|link_3
0.0,-0.38,-0.08000000000000002,False,False,True,False,False,True,False,False,True,,1.4901161193847656e-08,link_1|link_2|link_3
0.0,-0.39999999999999997,-0.08000000000000002,False,False,True,False,False,True,False,False,True,,1.4901161193847656e-08,link_1|link_2|link_3
0.0,-0.42,-0.08000000000000002,False,False,True,False,False,True,False,False,True,,1.4901161193847656e-08,link_1|link_2|link_3
0.0,0.42,-0.10000000000000003,False,False,True,False,False,True,False,False,True,,1.5017576543430167e-08,link_1|link_2|link_3
0.0,0.4000000000000001,-0.10000000000000003,False,False,True,False,False,True,False,False,True,,1.5017576543430167e-08,link_1|link_2|link_3
0.0,0.38000000000000006,-0.10000000000000003,False,False,True,False,False,True,False,False,True,,1.5017576543430167e-08,link_1|link_2|link_3
0.0,0.36000000000000004,-0.10000000000000003,False,False,True,False,False,True,False,False,True,,1.5017576543430167e-08,link_1|link_2|link_3
0.0,0.34,-0.10000000000000003,False,False,True,False,False,True,False,False,True,0.004430562257766724,1.5017576543430167e-08,basket|link_0|link_1|link_2|link_3
0.0,0.32,-0.10000000000000003,True,True,True,True,True,True,True,True,True,-0.015396416187286377,0.03462790564705758,basket|link_0|link_1|link_2|link_3
0.0,0.3,-0.10000000000000003,True,True,True,True,True,True,True,True,True,-0.020959891378879547,0.017809072994773127,basket|link_0|link_1|link_2|link_3
0.0,0.2800000000000001,-0.10000000000000003,True,True,True,True,True,True,True,True,True,-0.020959891378879547,0.06729534519200328,basket|link_0|link_1|link_2|link_3
0.0,0.26000000000000006,-0.10000000000000003,True,True,True,True,True,True,True,True,True,-0.020959891378879547,0.0421961623649842,basket|link_0|link_1|link_2|link_3
0.0,0.24000000000000005,-0.10000000000000003,True,True,True,True,True,True,True,True,True,-0.020959891378879547,0.06212292780495039,basket|link_0|link_1|link_2|link_3
0.0,0.22000000000000003,-0.10000000000000003,True,True,True,True,True,True,True,True,True,-0.020959891378879547,0.006562005530590576,basket|link_0|link_1|link_2|link_3
0.0,0.2,-0.10000000000000003,True,True,True,True,True,True,True,True,True,-0.020959891378879547,0.01661632804211762,basket|link_0|link_1|link_2|link_3
0.0,0.18,-0.10000000000000003,True,True,True,True,True,True,True,True,True,-0.02429068833589554,0.007306893099049296,basket|link_0|link_1|link_2|link_3
0.0,0.15999999999999998,-0.10000000000000003,True,True,True,True,True,True,True,True,True,-0.020959876477718353,0.013780119826993292,basket|link_0|link_1|link_2|link_3
0.0,0.14000000000000007,-0.10000000000000003,True,True,True,True,True,True,True,True,True,-0.020959876477718353,0.005890992983385012,basket|link_0|link_1|link_2|link_3
0.0,0.12000000000000005,-0.10000000000000003,True,True,True,True,True,True,True,True,True,-0.020959876477718353,0.009252881395946173,basket|link_0|link_1|link_2|link_3
0.0,0.10000000000000003,-0.10000000000000003,True,True,True,True,True,True,True,True,True,-0.020959876477718353,0.010662352184350266,basket|link_0|link_1|link_2|link_3
0.0,0.08000000000000002,-0.10000000000000003,True,True,True,True,True,True,True,True,True,-0.020959891378879547,0.012943260767473621,basket|link_0|link_1|link_2|link_3
0.0,0.06,-0.10000000000000003,True,True,True,True,True,True,True,True,True,-0.020959891378879547,0.006968957610867284,basket|link_0|link_1|link_2|link_3
0.0,0.040000000000000036,-0.10000000000000003,True,True,True,True,True,True,True,True,True,-0.020959891378879547,0.005436251083793846,basket|link_0|link_1|link_2|link_3
0.0,0.020000000000000018,-0.10000000000000003,True,True,True,True,True,True,True,True,True,-0.020959891378879547,0.005422261256695031,basket|link_0|link_1|link_2|link_3
0.0,0.0,-0.10000000000000003,True,True,True,True,True,True,True,True,True,-0.020959891378879547,0.005336958304802535,basket|link_0|link_1|link_2|link_3
0.0,-0.019999999999999962,-0.10000000000000003,True,True,True,True,True,True,True,True,True,-0.020959891378879547,0.003507744213629605,basket|link_0|link_1|link_2|link_3
0.0,-0.03999999999999998,-0.10000000000000003,True,True,True,True,True,True,True,True,True,-0.020959876477718353,0.005784736159798119,basket|link_0|link_1|link_2|link_3
0.0,-0.06,-0.10000000000000003,True,True,True,True,True,True,True,True,True,-0.020959876477718353,0.014938215645275959,basket|link_0|link_1|link_2|link_3
0.0,-0.07999999999999996,-0.10000000000000003,True,True,True,True,True,True,True,True,True,-0.020959876477718353,0.01049232717963012,basket|link_0|link_1|link_2|link_3
0.0,-0.09999999999999998,-0.10000000000000003,True,True,True,True,True,True,True,True,True,-0.020959876477718353,0.00834006280846467,basket|link_0|link_1|link_2|link_3
0.0,-0.12,-0.10000000000000003,True,True,True,True,True,True,True,True,True,-0.020959876477718353,0.010050264315032925,basket|link_0|link_1|link_2|link_3
0.0,-0.13999999999999996,-0.10000000000000003,True,True,True,True,True,True,True,True,True,-0.020959876477718353,0.01150399762829815,basket|link_0|link_1|link_2|link_3
0.0,-0.15999999999999998,-0.10000000000000003,True,True,True,True,True,True,True,True,True,-0.02095986157655716,0.008736457929719837,basket|link_0|link_1|link_2|link_3
0.0,-0.18,-0.10000000000000003,True,True,True,True,True,True,True,True,True,-0.02095986157655716,0.008634795086277116,basket|link_0|link_1|link_2|link_3
0.0,-0.19999999999999998,-0.10000000000000003,True,True,True,True,True,True,True,True,True,-0.02095986157655716,0.009753955935520073,basket|link_0|link_1|link_2|link_3
0.0,-0.21999999999999997,-0.10000000000000003,True,True,True,True,True,True,True,True,True,-0.02095986157655716,0.009831573910161834,basket|link_0|link_1|link_2|link_3
0.0,-0.24,-0.10000000000000003,True,True,True,True,True,True,True,True,True,-0.02095986157655716,0.013523193239969093,basket|link_0|link_1|link_2|link_3
0.0,-0.26,-0.10000000000000003,True,True,True,True,True,True,True,True,True,-0.02095986157655716,0.0431327595760137,basket|link_0|link_1|link_2|link_3
0.0,-0.27999999999999997,-0.10000000000000003,True,True,True,True,True,True,True,True,True,-0.020959846675395966,0.018318804725628895,basket|link_0|link_1|link_2|link_3
0.0,-0.3,-0.10000000000000003,True,True,True,True,True,True,True,True,True,-0.020959846675395966,0.020800293641792575,basket|link_0|link_1|link_2|link_3
0.0,-0.31999999999999995,-0.10000000000000003,True,True,True,True,True,True,True,True,True,-0.013416588306427002,0.014433376534400187,basket|link_0|link_1|link_2|link_3
0.0,-0.33999999999999997,-0.10000000000000003,False,False,True,False,False,True,False,False,True,0.006583452224731445,1.5017576543430167e-08,basket|link_0|link_1|link_2|link_3
0.0,-0.36,-0.10000000000000003,False,False,True,False,False,True,False,False,True,,1.5017576543430167e-08,link_2|link_3
0.0,-0.38,-0.10000000000000003,False,False,True,False,False,True,False,False,True,,1.5017576543430167e-08,link_2|link_3
0.0,-0.39999999999999997,-0.10000000000000003,False,False,True,False,False,True,False,False,True,,1.5017576543430167e-08,link_2|link_3
0.0,-0.42,-0.10000000000000003,False,False,True,False,False,True,False,False,True,,1.5017576543430167e-08,link_2|link_3
0.0,0.42,-0.12000000000000002,False,False,True,False,False,True,False,False,True,,1.4901161193847656e-08,link_2|link_3
0.0,0.4000000000000001,-0.12000000000000002,False,False,True,False,False,True,False,False,True,,1.4901161193847656e-08,link_2|link_3
0.0,0.38000000000000006,-0.12000000000000002,False,False,True,False,False,True,False,False,True,,1.4901161193847656e-08,link_2|link_3
0.0,0.36000000000000004,-0.12000000000000002,False,False,True,False,False,True,False,False,True,,1.4901161193847656e-08,link_2|link_3
0.0,0.34,-0.12000000000000002,False,False,True,False,False,True,False,False,True,0.004430562257766724,1.4901161193847656e-08,basket|link_0|link_2|link_3
0.0,0.32,-0.12000000000000002,True,True,True,True,True,True,True,True,True,-0.015396416187286377,0.023211696684084942,basket|link_0|link_2|link_3
0.0,0.3,-0.12000000000000002,True,True,True,True,True,True,True,True,True,-0.02095990628004074,0.031844655326678004,basket|link_0|link_2|link_3
0.0,0.2800000000000001,-0.12000000000000002,True,True,True,True,True,True,True,True,True,-0.020959891378879547,0.08321978057364682,basket|link_0|link_2|link_3
0.0,0.26000000000000006,-0.12000000000000002,True,True,True,True,True,True,True,True,True,-0.020959891378879547,0.032145439505977216,basket|link_0|link_2|link_3
0.0,0.24000000000000005,-0.12000000000000002,True,True,True,True,True,True,True,True,True,-0.020959891378879547,0.03178159847115218,basket|link_0|link_2|link_3
0.0,0.22000000000000003,-0.12000000000000002,True,True,True,True,True,True,True,True,True,-0.020959891378879547,0.013264771868402978,basket|link_0|link_2|link_3
0.0,0.2,-0.12000000000000002,True,True,True,True,True,True,True,True,True,-0.020959891378879547,0.009529233021001502,basket|link_0|link_2|link_3
0.0,0.18,-0.12000000000000002,True,True,True,True,True,True,True,True,True,-0.020959891378879547,0.012294588367303228,basket|link_0|link_2|link_3
0.0,0.15999999999999998,-0.12000000000000002,True,True,True,True,True,True,True,True,True,-0.020959876477718353,0.009828655799726846,basket|link_0|link_2|link_3
0.0,0.14000000000000007,-0.12000000000000002,True,True,True,True,True,True,True,True,True,-0.020959876477718353,0.004303699740141283,basket|link_0|link_2|link_3
0.0,0.12000000000000005,-0.12000000000000002,True,True,True,True,True,True,True,True,True,-0.020959876477718353,0.010823339193016864,basket|link_0|link_2|link_3
0.0,0.10000000000000003,-0.12000000000000002,True,True,True,True,True,True,True,True,True,-0.020959876477718353,0.010655593139820816,basket|link_0|link_2|link_3
0.0,0.08000000000000002,-0.12000000000000002,True,True,True,True,True,True,True,True,True,-0.020959891378879547,0.006821583731443078,basket|link_0|link_2|link_3
0.0,0.06,-0.12000000000000002,True,True,True,True,True,True,True,True,True,-0.020959891378879547,0.007702604361685252,basket|link_0|link_2|link_3
0.0,0.040000000000000036,-0.12000000000000002,True,True,True,True,True,True,True,True,True,-0.020959891378879547,0.017636986594890852,basket|link_0|link_2|link_3
0.0,0.020000000000000018,-0.12000000000000002,True,True,True,True,True,True,True,True,True,-0.020959891378879547,0.012372792390840694,basket|link_0|link_1|link_2|link_3
0.0,0.0,-0.12000000000000002,True,True,True,True,True,True,True,True,True,-0.020959891378879547,0.012945856149530359,basket|link_0|link_1|link_2|link_3
0.0,-0.019999999999999962,-0.12000000000000002,True,True,True,True,True,True,True,True,True,-0.020959891378879547,0.011378811252365164,basket|link_0|link_1|link_2|link_3
0.0,-0.03999999999999998,-0.12000000000000002,True,True,True,True,True,True,True,True,True,-0.020959876477718353,0.013827108307345485,basket|link_0|link_1|link_2|link_3
0.0,-0.06,-0.12000000000000002,True,True,True,True,True,True,True,True,True,-0.020959876477718353,0.01447031120818616,basket|link_0|link_1|link_2|link_3
0.0,-0.07999999999999996,-0.12000000000000002,True,True,True,True,True,True,True,True,True,-0.02226340025663376,0.021794773472016114,basket|link_0|link_1|link_2|link_3
0.0,-0.09999999999999998,-0.12000000000000002,True,True,True,True,True,True,True,True,True,-0.022263124585151672,0.0103099415197887,basket|link_0|link_1|link_2|link_3
0.0,-0.12,-0.12000000000000002,True,True,True,True,True,True,True,True,True,-0.022262603044509888,0.008845838173021101,basket|link_0|link_1|link_2|link_3
0.0,-0.13999999999999996,-0.12000000000000002,True,True,True,True,True,True,True,True,True,-0.020959876477718353,0.005859012390522695,basket|link_0|link_1|link_2|link_3
0.0,-0.15999999999999998,-0.12000000000000002,True,True,True,True,True,True,True,True,True,-0.020959876477718353,0.007248576307142755,basket|link_0|link_1|link_2|link_3
0.0,-0.18,-0.12000000000000002,True,True,True,True,True,True,True,True,True,-0.02095986157655716,0.010876228563392144,basket|link_0|link_1|link_2|link_3
0.0,-0.19999999999999998,-0.12000000000000002,True,True,True,True,True,True,True,True,True,-0.02095986157655716,0.011178711697027784,basket|link_0|link_1|link_2|link_3
0.0,-0.21999999999999997,-0.12000000000000002,True,True,True,True,True,True,True,True,True,-0.02095986157655716,0.0070638994823760196,basket|link_0|link_1|link_2|link_3
0.0,-0.24,-0.12000000000000002,True,True,True,True,True,True,True,True,True,-0.02095986157655716,0.011216599505122287,basket|link_0|link_1|link_2|link_3
0.0,-0.26,-0.12000000000000002,True,True,True,True,True,True,True,True,True,-0.02095986157655716,0.03232251272594932,basket|link_0|link_1|link_2|link_3
0.0,-0.27999999999999997,-0.12000000000000002,True,True,True,True,True,True,True,True,True,-0.02095986157655716,0.045751461178140156,basket|link_0|link_1|link_2|link_3
0.0,-0.3,-0.12000000000000002,True,True,True,True,True,True,True,True,True,-0.020959846675395966,0.02534900887142892,basket|link_0|link_1|link_2|link_3
0.0,-0.31999999999999995,-0.12000000000000002,True,True,True,True,True,True,True,True,True,-0.013416588306427002,0.008207793555012485,basket|link_0|link_1|link_2|link_3
0.0,-0.33999999999999997,-0.12000000000000002,False,False,True,False,False,True,False,False,True,0.006583452224731445,1.4901161193847656e-08,basket|link_0|link_1|link_2|link_3
0.0,-0.36,-0.12000000000000002,False,False,True,False,False,True,False,False,True,,1.4901161193847656e-08,link_2|link_3
0.0,-0.38,-0.12000000000000002,False,False,True,False,False,True,False,False,True,,1.4901161193847656e-08,link_2|link_3
0.0,-0.39999999999999997,-0.12000000000000002,False,False,True,False,False,True,False,False,True,,1.4901161193847656e-08,link_2|link_3
0.0,-0.42,-0.12000000000000002,False,False,True,False,False,True,False,False,True,,1.4901161193847656e-08,link_2|link_3
0.0,0.42,-0.14,False,False,True,False,False,True,False,False,True,,1.4901161193847656e-08,link_2|link_3
0.0,0.4000000000000001,-0.14,False,False,True,False,False,True,False,False,True,,1.4901161193847656e-08,link_2|link_3
0.0,0.38000000000000006,-0.14,False,False,True,False,False,True,False,False,True,,1.4901161193847656e-08,link_2|link_3
0.0,0.36000000000000004,-0.14,False,False,True,False,False,True,False,False,True,,1.4901161193847656e-08,link_2|link_3
0.0,0.34,-0.14,False,False,True,False,False,True,False,False,True,0.004430562257766724,1.4901161193847656e-08,basket|link_0|link_2|link_3
0.0,0.32,-0.14,True,True,True,True,True,True,True,True,True,-0.015396416187286377,0.008078638656035595,basket|link_0|link_2|link_3
0.0,0.3,-0.14,True,True,True,True,True,True,True,True,True,-0.012427173554897308,0.010657023412093333,basket|link_0|link_2|link_3
0.0,0.2800000000000001,-0.14,True,True,True,True,True,True,True,True,True,-0.01583506166934967,0.005891975615327789,basket|link_0|link_2|link_3
0.0,0.26000000000000006,-0.14,True,True,True,True,True,True,True,True,True,-0.01636900007724762,0.03157913662536416,basket|link_0|link_2|link_3
0.0,0.24000000000000005,-0.14,True,True,True,True,True,True,True,True,True,-0.022158391773700714,0.027805837332541997,basket|link_0|link_2|link_3
0.0,0.22000000000000003,-0.14,True,True,True,True,True,True,True,True,True,-0.0195406973361969,0.009770081496452004,basket|link_0|link_2|link_3
0.0,0.2,-0.14,True,True,True,True,True,True,True,True,True,-0.02226369082927704,0.009603802223512795,basket|link_0|link_2|link_3
0.0,0.18,-0.14,True,True,True,True,True,True,True,True,True,-0.015914730727672577,0.005953448097606165,basket|link_0|link_2|link_3
0.0,0.15999999999999998,-0.14,True,True,True,True,True,True,True,True,True,-0.02226385474205017,0.008887965533242281,basket|link_0|link_2|link_3
0.0,0.14000000000000007,-0.14,True,True,True,True,True,True,True,True,True,-0.020715653896331787,0.009168579598057868,basket|link_0|link_2|link_3
0.0,0.12000000000000005,-0.14,True,True,True,True,True,True,True,True,True,-0.01570059359073639,0.00815828815755324,basket|link_0|link_2|link_3
0.0,0.10000000000000003,-0.14,True,True,True,True,True,True,True,True,True,-0.018907859921455383,0.022519776530044514,basket|link_0|link_2|link_3
0.0,0.08000000000000002,-0.14,True,True,True,True,True,True,True,True,True,-0.017345048487186432,0.01801356748377006,basket|link_0|link_2|link_3
0.0,0.06,-0.14,True,True,True,True,True,True,True,True,True,-0.0170997753739357,0.01389574662782835,basket|link_0|link_2|link_3
0.0,0.040000000000000036,-0.14,True,True,True,True,True,True,True,True,True,-0.0170997753739357,0.013362439657810272,basket|link_0|link_2|link_3
0.0,0.020000000000000018,-0.14,True,True,True,True,True,True,True,True,True,-0.0170997753739357,0.014144617657101776,basket|link_0|link_1|link_2|link_3
0.0,0.0,-0.14,True,True,True,True,True,True,True,True,True,-0.0170997753739357,0.013517926212009809,basket|link_0|link_1|link_2|link_3
0.0,-0.019999999999999962,-0.14,True,True,True,True,True,True,True,True,True,-0.017099782824516296,0.0106110952936607,basket|link_0|link_1|link_2|link_3
0.0,-0.03999999999999998,-0.14,True,True,True,True,True,True,True,True,True,-0.017099782824516296,0.0038912309163208272,basket|link_0|link_1|link_2|link_3
0.0,-0.06,-0.14,True,True,True,True,True,True,True,True,True,-0.017099782824516296,0.01100630167562341,basket|link_0|link_1|link_2|link_3
0.0,-0.07999999999999996,-0.14,True,True,True,True,True,True,True,True,True,-0.017099782824516296,0.009404288156329826,basket|link_0|link_1|link_2|link_3
0.0,-0.09999999999999998,-0.14,True,True,True,True,True,True,True,True,True,-0.017099782824516296,0.010789255258569308,basket|link_0|link_1|link_2|link_3
0.0,-0.12,-0.14,True,True,True,True,True,True,True,True,True,-0.017099782824516296,0.003682997676531106,basket|link_0|link_1|link_2|link_3
0.0,-0.13999999999999996,-0.14,True,True,True,True,True,True,True,True,True,-0.017099782824516296,0.007946684961860411,basket|link_0|link_1|link_2|link_3
0.0,-0.15999999999999998,-0.14,True,True,True,True,True,True,True,True,True,-0.017099782824516296,0.013732174819403755,basket|link_0|link_1|link_2|link_3
0.0,-0.18,-0.14,True,True,True,True,True,True,True,True,True,-0.017099782824516296,0.007719847446922784,basket|link_0|link_1|link_2|link_3
0.0,-0.19999999999999998,-0.14,True,True,True,True,True,True,True,True,True,-0.02027258276939392,0.0071188926184874,basket|link_0|link_1|link_2|link_3
0.0,-0.21999999999999997,-0.14,True,True,True,True,True,True,True,True,True,-0.01743607223033905,0.0049164039595292015,basket|link_0|link_1|link_2|link_3
0.0,-0.24,-0.14,True,True,True,True,True,True,True,True,True,-0.017099790275096893,0.008266760941827532,basket|link_0|link_1|link_2|link_3
0.0,-0.26,-0.14,True,True,True,True,True,True,True,True,True,-0.017099790275096893,0.011952380824441554,basket|link_0|link_1|link_2|link_3
0.0,-0.27999999999999997,-0.14,True,True,True,True,True,True,True,True,True,-0.017099790275096893,0.007580702882226748,basket|link_0|link_1|link_2|link_3
0.0,-0.3,-0.14,True,True,True,True,True,True,True,True,True,-0.017099790275096893,0.009996176746182934,basket|link_0|link_1|link_2|link_3
0.0,-0.31999999999999995,-0.14,True,True,True,True,True,True,True,True,True,-0.013416588306427002,0.022522143165620873,basket|link_0|link_1|link_2
0.0,-0.33999999999999997,-0.14,False,False,True,False,False,True,False,False,True,0.006583452224731445,1.4901161193847656e-08,basket|link_0|link_1|link_2
0.0,-0.36,-0.14,False,False,True,False,False,True,False,False,True,,1.4901161193847656e-08,link_1|link_2
0.0,-0.38,-0.14,False,False,True,False,False,True,False,False,True,,1.4901161193847656e-08,link_1|link_2
0.0,-0.39999999999999997,-0.14,False,False,True,False,False,True,False,False,True,,1.4901161193847656e-08,link_1|link_2
0.0,-0.42,-0.14,False,False,True,False,False,True,False,False,True,,1.4901161193847656e-08,link_1|link_2
0.0,0.42,-0.16000000000000003,False,False,True,False,False,True,False,False,True,,1.4901161193847656e-08,link_1|link_2
0.0,0.4000000000000001,-0.16000000000000003,False,False,True,False,False,True,False,False,True,,1.4901161193847656e-08,link_1|link_2
0.0,0.38000000000000006,-0.16000000000000003,False,False,True,False,False,True,False,False,True,,1.4901161193847656e-08,link_1|link_2
0.0,0.36000000000000004,-0.16000000000000003,False,False,True,False,False,True,False,False,True,,1.4901161193847656e-08,link_1|link_2
0.0,0.34,-0.16000000000000003,False,False,True,False,False,True,False,False,True,0.00460362434387207,1.4901161193847656e-08,basket|link_0|link_1|link_2|link_3
0.0,0.32,-0.16000000000000003,True,True,True,True,True,True,True,True,True,-0.015396416187286377,0.01177782427501326,basket|link_0|link_1|link_2|link_3
0.0,0.3,-0.16000000000000003,True,True,True,True,True,True,True,True,True,-0.011897653341293335,0.019499091948519225,basket|link_0|link_1|link_2|link_3
0.0,0.2800000000000001,-0.16000000000000003,True,True,True,True,True,True,True,True,True,-0.01583505980670452,0.048370512305872616,basket|link_0|link_1|link_2|link_3
0.0,0.26000000000000006,-0.16000000000000003,True,True,True,True,True,True,True,True,True,-0.015911400318145752,0.03025732915900735,basket|link_0|link_1|link_2|link_3
0.0,0.24000000000000005,-0.16000000000000003,True,True,True,True,True,True,True,True,True,-0.015914730727672577,0.033136794482054276,basket|link_0|link_1|link_2|link_3
0.0,0.22000000000000003,-0.16000000000000003,True,True,True,True,True,True,True,True,True,-0.015914730727672577,0.008666357637275982,basket|link_0|link_1|link_2|link_3
0.0,0.2,-0.16000000000000003,True,True,True,True,True,True,True,True,True,-0.015914730727672577,0.012233979027545134,basket|link_0|link_1|link_2|link_3
0.0,0.18,-0.16000000000000003,True,True,True,True,True,True,True,True,True,-0.015914730727672577,0.010162824898833429,basket|link_0|link_1|link_2|link_3
0.0,0.15999999999999998,-0.16000000000000003,True,True,True,True,True,True,True,True,True,-0.0158679261803627,0.011500918249895988,basket|link_0|link_1|link_2|link_3
0.0,0.14000000000000007,-0.16000000000000003,True,True,True,True,True,True,True,True,True,-0.013629809021949768,0.007961614322570304,basket|link_0|link_1|link_2|link_3
0.0,0.12000000000000005,-0.16000000000000003,True,True,True,True,True,True,True,True,True,-0.01570059359073639,0.0063210512417643415,basket|link_0|link_1|link_2|link_3
0.0,0.10000000000000003,-0.16000000000000003,True,True,True,True,True,True,True,True,True,-0.013284340500831604,0.010799051278250687,basket|link_0|link_1|link_2|link_3
0.0,0.08000000000000002,-0.16000000000000003,True,True,True,True,True,True,True,True,True,-0.011789411306381226,0.008435282448769838,basket|link_0|link_1|link_2|link_3
0.0,0.06,-0.16000000000000003,True,True,True,True,True,True,True,True,True,-0.011109046638011932,0.01025870925285784,basket|link_0|link_1|link_2|link_3
0.0,0.040000000000000036,-0.16000000000000003,True,True,True,True,True,True,True,True,True,-0.011109046638011932,0.009356239096543971,basket|link_0|link_1|link_2|link_3
0.0,0.020000000000000018,-0.16000000000000003,True,True,True,True,True,True,True,True,True,-0.011109046638011932,0.005289181215047558,basket|link_0|link_1|link_2|link_3
0.0,0.0,-0.16000000000000003,True,True,True,True,True,True,True,True,True,-0.01110905408859253,0.006314072673832016,basket|link_0|link_1|link_2|link_3
0.0,-0.019999999999999962,-0.16000000000000003,True,True,True,True,True,True,True,True,True,-0.01110905408859253,0.008346940776004159,basket|link_0|link_1|link_2|link_3
0.0,-0.03999999999999998,-0.16000000000000003,True,True,True,True,True,True,True,True,True,-0.01110905408859253,0.00991232032200334,basket|link_0|link_1|link_2|link_3
0.0,-0.06,-0.16000000000000003,True,True,True,True,True,True,True,True,True,-0.017093904316425323,0.010644570006881807,basket|link_0|link_1|link_2|link_3
0.0,-0.07999999999999996,-0.16000000000000003,True,True,True,True,True,True,True,True,True,-0.01621893048286438,0.004614278878920451,basket|link_0|link_1|link_2|link_3
0.0,-0.09999999999999998,-0.16000000000000003,True,True,True,True,True,True,True,True,True,-0.011108994483947754,0.002528449488921665,basket|link_0|link_1|link_2|link_3
0.0,-0.12,-0.16000000000000003,True,True,True,True,True,True,True,True,True,-0.011108994483947754,0.004861343566711207,basket|link_0|link_1|link_2|link_3
0.0,-0.13999999999999996,-0.16000000000000003,True,True,True,True,True,True,True,True,True,-0.015811055898666382,0.002402335027900002,basket|link_0|link_1|link_2|link_3
0.0,-0.15999999999999998,-0.16000000000000003,True,True,True,True,True,True,True,True,True,-0.015887398272752762,0.007420906491593896,basket|link_0|link_1|link_2|link_3
0.0,-0.18,-0.16000000000000003,True,True,True,True,True,True,True,True,True,-0.016255676746368408,0.013127806377678955,basket|link_0|link_1|link_2|link_3
0.0,-0.19999999999999998,-0.16000000000000003,True,True,True,True,True,True,True,True,True,-0.02027258276939392,0.010145255586046044,basket|link_0|link_1|link_2|link_3
0.0,-0.21999999999999997,-0.16000000000000003,True,True,True,True,True,True,True,True,True,-0.01649266481399536,0.011198376362433942,basket|link_0|link_1|link_2|link_3
0.0,-0.24,-0.16000000000000003,True,True,True,True,True,True,True,True,True,-0.015914782881736755,0.015547587751648308,basket|link_0|link_1|link_2|link_3
0.0,-0.26,-0.16000000000000003,True,True,True,True,True,True,True,True,True,-0.015898453071713448,0.018849740230837183,basket|link_0|link_1|link_2|link_3
0.0,-0.27999999999999997,-0.16000000000000003,True,True,True,True,True,True,True,True,True,-0.015801722183823586,0.012556262892815409,basket|link_0|link_1|link_2|link_3
0.0,-0.3,-0.16000000000000003,True,True,True,True,True,True,True,True,True,-0.011022422462701797,0.008063563950511197,basket|link_0|link_1|link_2|link_3
0.0,-0.31999999999999995,-0.16000000000000003,True,True,True,True,True,True,True,True,True,-0.013071060180664062,0.01091027696713603,basket|link_0|link_1|link_2|link_3
0.0,-0.33999999999999997,-0.16000000000000003,False,False,True,False,False,True,False,False,True,0.0066254884004592896,1.4901161193847656e-08,basket|link_0|link_1|link_2|link_3
0.0,-0.36,-0.16000000000000003,False,False,True,False,False,True,False,False,True,,1.4901161193847656e-08,link_1|link_2|link_3
0.0,-0.38,-0.16000000000000003,False,False,True,False,False,True,False,False,True,,1.4901161193847656e-08,link_1|link_2|link_3
0.0,-0.39999999999999997,-0.16000000000000003,False,False,True,False,False,True,False,False,True,,1.4901161193847656e-08,link_1|link_2|link_3
0.0,-0.42,-0.16000000000000003,False,False,True,False,False,True,False,False,True,,1.4901161193847656e-08,link_1|link_2|link_3
0.0,0.42,-0.18000000000000002,False,False,True,False,False,True,False,False,True,,1.4901161193847656e-08,link_1|link_2|link_3
0.0,0.4000000000000001,-0.18000000000000002,False,False,True,False,False,True,False,False,True,,1.4901161193847656e-08,link_1|link_2|link_3
0.0,0.38000000000000006,-0.18000000000000002,False,False,True,False,False,True,False,False,True,,1.4901161193847656e-08,link_1|link_2|link_3
0.0,0.36000000000000004,-0.18000000000000002,False,False,True,False,False,True,False,False,True,,1.4901161193847656e-08,link_1|link_2|link_3
0.0,0.34,-0.18000000000000002,False,False,True,False,False,True,False,False,True,0.008840411901473999,1.4901161193847656e-08,basket|link_0|link_1|link_2|link_3
0.0,0.32,-0.18000000000000002,True,True,True,True,False,False,True,True,True,0.00045393151231110096,1.4901161193847656e-08,basket|link_0|link_1|link_2|link_3
0.0,0.3,-0.18000000000000002,True,True,True,True,True,True,True,True,True,-0.009388362057507038,0.007421632972681772,basket|link_0|link_1|link_2|link_3
0.0,0.2800000000000001,-0.18000000000000002,True,True,True,True,True,True,True,True,True,-0.01097085326910019,0.015106646825407402,basket|link_0|link_1|link_2|link_3
0.0,0.26000000000000006,-0.18000000000000002,True,True,True,True,True,True,True,True,True,-0.011027898639440536,0.011131990032847944,basket|link_0|link_1|link_2|link_3
0.0,0.24000000000000005,-0.18000000000000002,True,True,True,True,True,True,True,True,True,-0.011085166595876217,0.012164419930831834,basket|link_0|link_1|link_2|link_3
0.0,0.22000000000000003,-0.18000000000000002,True,True,True,True,True,True,True,True,True,-0.01110895723104477,0.03336263713480944,basket|link_0|link_1|link_2|link_3
0.0,0.2,-0.18000000000000002,True,True,True,True,True,True,True,True,True,-0.011108964681625366,0.00751592829205128,basket|link_0|link_1|link_2|link_3
0.0,0.18,-0.18000000000000002,True,True,True,True,True,True,True,True,True,-0.011108964681625366,0.013718483147623904,basket|link_0|link_1|link_2|link_3
0.0,0.15999999999999998,-0.18000000000000002,True,True,True,True,True,True,True,True,True,-0.011108964681625366,0.0048377785405358765,basket|link_0|link_1|link_2|link_3
0.0,0.14000000000000007,-0.18000000000000002,True,True,True,True,True,True,True,True,True,-0.011108964681625366,0.007526658839162159,basket|link_0|link_1|link_2|link_3
0.0,0.12000000000000005,-0.18000000000000002,True,True,True,True,True,True,True,True,True,-0.012466587126255035,0.009370697224803855,basket|link_0|link_1|link_2|link_3
0.0,0.10000000000000003,-0.18000000000000002,True,True,True,True,True,True,True,True,True,-0.013284310698509216,0.015777000319200197,basket|link_0|link_1|link_2|link_3
0.0,0.08000000000000002,-0.18000000000000002,True,True,True,True,True,True,True,True,True,-0.01178944855928421,0.01235160404195409,basket|link_0|link_1|link_2|link_3
0.0,0.06,-0.18000000000000002,True,True,True,True,True,True,True,True,True,-0.011109046638011932,0.006625120976441113,basket|link_0|link_1|link_2|link_3
0.0,0.040000000000000036,-0.18000000000000002,True,True,True,True,True,True,True,True,True,-0.011109046638011932,0.012151786904566971,basket|link_0|link_1|link_2|link_3
0.0,0.020000000000000018,-0.18000000000000002,True,True,True,True,True,True,True,True,True,-0.011109046638011932,0.010705958785891584,basket|link_0|link_1|link_2|link_3
0.0,0.0,-0.18000000000000002,True,True,True,True,True,True,True,True,True,-0.01110905408859253,0.01098552333848655,basket|link_0|link_1|link_2|link_3
0.0,-0.019999999999999962,-0.18000000000000002,True,True,True,True,True,True,True,True,True,-0.01110905408859253,0.011590386394583018,basket|link_0|link_1|link_2|link_3
0.0,-0.03999999999999998,-0.18000000000000002,True,True,True,True,True,True,True,True,True,-0.01110905408859253,0.017690650544459244,basket|link_0|link_1|link_2|link_3
0.0,-0.06,-0.18000000000000002,True,True,True,True,True,True,True,True,True,-0.017093904316425323,0.012925384239686642,basket|link_0|link_1|link_2|link_3
0.0,-0.07999999999999996,-0.18000000000000002,True,True,True,True,True,True,True,True,True,-0.01621893048286438,0.00789599605904439,basket|link_0|link_1|link_2|link_3
0.0,-0.09999999999999998,-0.18000000000000002,True,True,True,True,True,True,True,True,True,-0.011108994483947754,0.010499581563746793,basket|link_0|link_1|link_2|link_3
0.0,-0.12,-0.18000000000000002,True,True,True,True,True,True,True,True,True,-0.011108994483947754,0.014623860916072966,basket|link_0|link_1|link_2|link_3
0.0,-0.13999999999999996,-0.18000000000000002,True,True,True,True,True,True,True,True,True,-0.01110900193452835,0.009913544835844055,basket|link_0|link_1|link_2|link_3
0.0,-0.15999999999999998,-0.18000000000000002,True,True,True,True,True,True,True,True,True,-0.01110900193452835,0.010461129442233196,basket|link_0|link_1|link_2|link_3
0.0,-0.18,-0.18000000000000002,True,True,True,True,True,True,True,True,True,-0.016255691647529602,0.015247436261234714,basket|link_0|link_1|link_2|link_3
0.0,-0.19999999999999998,-0.18000000000000002,True,True,True,True,True,True,True,True,True,-0.02027258276939392,0.004699051143874393,basket|link_0|link_1|link_2|link_3
0.0,-0.21999999999999997,-0.18000000000000002,True,True,True,True,True,True,True,True,True,-0.01649266481399536,0.01654647018926134,basket|link_0|link_1|link_2|link_3
0.0,-0.24,-0.18000000000000002,True,True,True,True,True,True,True,True,True,-0.01110900193452835,0.014770893633741192,basket|link_0|link_1|link_2|link_3
0.0,-0.26,-0.18000000000000002,True,True,True,True,True,True,True,True,True,-0.0110553540289402,0.04217536083255567,basket|link_0|link_1|link_2|link_3
0.0,-0.27999999999999997,-0.18000000000000002,True,True,True,True,True,True,True,True,True,-0.010992949828505516,0.049083150958361674,basket|link_0|link_1|link_2|link_3
0.0,-0.3,-0.18000000000000002,True,True,True,True,True,True,True,True,True,-0.011022452265024185,0.018369390354438814,basket|link_0|link_1|link_2|link_3
0.0,-0.31999999999999995,-0.18000000000000002,True,True,True,True,False,False,True,True,True,-2.6553869247436523e-05,1.9423673618875232e-05,basket|link_0|link_1|link_2|link_3
0.0,-0.33999999999999997,-0.18000000000000002,False,False,True,False,False,True,False,False,True,0.011490818113088608,1.4901161193847656e-08,basket|link_0|link_1|link_2|link_3
0.0,-0.36,-0.18000000000000002,False,False,True,False,False,True,False,False,True,,1.4901161193847656e-08,link_1|link_2|link_3
0.0,-0.38,-0.18000000000000002,False,False,True,False,False,True,False,False,True,,1.4901161193847656e-08,link_1|link_2|link_3
0.0,-0.39999999999999997,-0.18000000000000002,False,False,True,False,False,True,False,False,True,,1.4901161193847656e-08,link_1|link_2|link_3
0.0,-0.42,-0.18000000000000002,False,False,True,False,False,True,False,False,True,,1.4901161193847656e-08,link_1|link_2|link_3
0.0,0.42,-0.2,False,False,True,False,False,True,False,False,True,,1.4901161193847656e-08,link_1|link_2|link_3
0.0,0.4000000000000001,-0.2,False,False,True,False,False,True,False,False,True,,1.4901161193847656e-08,link_1|link_2|link_3
0.0,0.38000000000000006,-0.2,False,False,True,False,False,True,False,False,True,,1.4901161193847656e-08,link_1|link_2|link_3
0.0,0.36000000000000004,-0.2,False,False,True,False,False,True,False,False,True,,1.4901161193847656e-08,link_1|link_2|link_3
0.0,0.34,-0.2,False,False,True,False,False,True,False,False,True,0.01462486106902361,1.4901161193847656e-08,basket|link_1|link_2|link_3
0.0,0.32,-0.2,False,False,True,False,False,True,False,True,False,0.007703691720962524,1.4901161193847656e-08,basket|link_1|link_2|link_3
0.0,0.3,-0.2,True,True,True,False,True,False,True,True,True,-0.009388362057507038,0.007345895115141894,basket|link_1|link_2|link_3
0.0,0.2800000000000001,-0.2,True,True,True,False,True,False,True,True,True,-0.01097085326910019,0.01432532206581422,basket|link_1|link_2|link_3
0.0,0.26000000000000006,-0.2,True,True,True,False,True,False,True,True,True,-0.011027895845472813,0.009859775730719538,basket|link_1|link_2|link_3
0.0,0.24000000000000005,-0.2,False,True,False,False,True,False,False,True,False,-0.011087113991379738,0.010565591098725092,basket|link_1|link_2|link_3
0.0,0.22000000000000003,-0.2,False,True,False,False,True,False,False,True,False,-0.01110895723104477,0.04166805375648358,basket|link_1|link_2|link_3
0.0,0.2,-0.2,True,True,True,False,True,False,True,True,True,-0.01110895723104477,0.010284684772049723,basket|link_1|link_2|link_3
0.0,0.18,-0.2,True,True,True,False,True,False,True,True,True,-0.01110895723104477,0.01548159337007765,basket|link_1|link_2|link_3
0.0,0.15999999999999998,-0.2,True,True,True,False,True,False,True,True,True,-0.011108964681625366,0.0043626461773696385,basket|link_1|link_2|link_3
0.0,0.14000000000000007,-0.2,True,True,True,False,True,False,True,True,True,-0.011108964681625366,0.01353801224193313,basket|link_1|link_2|link_3
0.0,0.12000000000000005,-0.2,True,True,True,False,True,False,True,True,True,-0.012466631829738617,0.01767173722509092,basket|link_1|link_2|link_3
0.0,0.10000000000000003,-0.2,True,True,True,False,True,False,True,True,True,-0.013284318149089813,0.019775079891326063,basket|link_1|link_2|link_3
0.0,0.08000000000000002,-0.2,False,True,False,False,True,False,False,True,False,-0.01178942620754242,0.011306697838961115,basket|link_1|link_2|link_3
0.0,0.06,-0.2,True,True,True,False,True,False,True,True,True,-0.011109046638011932,0.016032598944588968,basket|link_1|link_2|link_3
0.0,0.040000000000000036,-0.2,True,True,True,False,True,False,True,True,True,-0.011109046638011932,0.006200672946812784,basket|link_1|link_2|link_3
0.0,0.020000000000000018,-0.2,True,True,True,False,True,False,True,True,True,-0.011109046638011932,0.011687743257676101,basket|link_1|link_2|link_3
0.0,0.0,-0.2,True,True,True,False,True,False,True,True,True,-0.01110905408859253,0.008011067836772709,basket|link_1|link_2|link_3
0.0,-0.019999999999999962,-0.2,True,True,True,False,True,False,True,True,True,-0.01110905408859253,0.005795560828545758,basket|link_1|link_2|link_3
0.0,-0.03999999999999998,-0.2,True,True,True,False,True,False,True,True,True,-0.01110905408859253,0.017146363617518416,basket|link_1|link_2|link_3
0.0,-0.06,-0.2,False,True,False,False,True,False,False,True,False,-0.01709391549229622,0.015122844141562968,basket|link_1|link_2|link_3
0.0,-0.07999999999999996,-0.2,False,True,False,False,True,False,False,True,False,-0.01621892675757408,0.010066697704789873,basket|link_1|link_2|link_3
0.0,-0.09999999999999998,-0.2,True,True,True,False,True,False,True,True,True,-0.011108994483947754,0.01625817456150431,basket|link_1|link_2|link_3
0.0,-0.12,-0.2,True,True,True,False,True,False,True,True,True,-0.011108994483947754,0.011259661594815989,basket|link_1|link_2|link_3
0.0,-0.13999999999999996,-0.2,True,True,True,False,True,False,True,True,True,-0.011108994483947754,0.007629912785452904,basket|link_1|link_2|link_3
0.0,-0.15999999999999998,-0.2,True,True,True,False,True,False,True,True,True,-0.01110900193452835,0.004248165872064455,basket|link_1|link_2|link_3
0.0,-0.18,-0.2,True,True,True,False,True,False,True,True,True,-0.016255676746368408,0.013878832126758148,basket|link_1|link_2|link_3
0.0,-0.19999999999999998,-0.2,True,True,True,False,True,False,True,True,True,-0.02027258276939392,0.010246951837037893,basket|link_1|link_2|link_3
0.0,-0.21999999999999997,-0.2,False,True,False,False,True,False,False,True,False,-0.01649262011051178,0.02206422217560422,basket|link_1|link_2|link_3
0.0,-0.24,-0.2,False,True,False,False,True,False,False,True,False,-0.01110900193452835,0.04635778616029869,basket|link_1|link_2|link_3
0.0,-0.26,-0.2,False,True,False,False,True,False,False,True,False,-0.011057243682444096,0.03409890816003359,basket|link_1|link_2|link_3
0.0,-0.27999999999999997,-0.2,False,True,False,False,True,False,False,True,False,-0.010994641110301018,0.030066965259059896,basket|link_1|link_2|link_3
0.0,-0.3,-0.2,False,True,False,False,True,False,False,True,False,-0.011022422462701797,0.02134856327933684,basket|link_1|link_2|link_3
0.0,-0.31999999999999995,-0.2,False,True,False,False,False,True,False,True,False,-2.6553869247436523e-05,1.5245308033803333e-05,basket|link_1|link_2|link_3
0.0,-0.33999999999999997,-0.2,False,False,True,False,False,True,False,False,True,0.012235581874847412,1.4901161193847656e-08,basket|link_1|link_2|link_3
0.0,-0.36,-0.2,False,False,True,False,False,True,False,False,True,,1.4901161193847656e-08,link_1|link_2|link_3
0.0,-0.38,-0.2,False,False,True,False,False,True,False,False,True,,1.4901161193847656e-08,link_1|link_2|link_3
0.0,-0.39999999999999997,-0.2,False,False,True,False,False,True,False,False,True,,1.4901161193847656e-08,link_1|link_2|link_3
0.0,-0.42,-0.2,False,False,True,False,False,True,False,False,True,,1.4901161193847656e-08,link_1|link_2|link_3
0.0,0.42,-0.22000000000000003,False,False,True,False,False,True,False,False,True,,1.4901161193847656e-08,link_1|link_2|link_3
0.0,0.4000000000000001,-0.22000000000000003,False,False,True,False,False,True,False,False,True,,1.4901161193847656e-08,link_1|link_2|link_3
0.0,0.38000000000000006,-0.22000000000000003,False,False,True,False,False,True,False,False,True,,1.4901161193847656e-08,link_1|link_2|link_3
0.0,0.36000000000000004,-0.22000000000000003,False,False,True,False,False,True,False,False,True,,1.4901161193847656e-08,link_1|link_2|link_3
0.0,0.34,-0.22000000000000003,False,False,True,False,False,True,False,False,True,0.005969151854515076,1.4901161193847656e-08,basket|link_1|link_2|link_3
0.0,0.32,-0.22000000000000003,False,True,False,False,True,False,False,False,True,-0.010114505887031555,0.004725423728702524,basket|link_1|link_2|link_3
0.0,0.3,-0.22000000000000003,False,True,False,False,True,False,False,False,True,-0.009388208389282227,0.013240241229503943,basket|link_1|link_2|link_3
0.0,0.2800000000000001,-0.22000000000000003,False,True,False,False,True,False,False,False,True,-0.01090770959854126,0.017641631139194983,basket|link_1|link_2|link_3
0.0,0.26000000000000006,-0.22000000000000003,False,True,False,False,True,False,False,False,True,-0.011005713604390621,0.01796388030938991,basket|link_1|link_2|link_3
0.0,0.24000000000000005,-0.22000000000000003,False,True,False,False,True,False,False,False,True,-0.012786418199539185,0.008121250911911102,basket|link_1|link_2|link_3
0.0,0.22000000000000003,-0.22000000000000003,False,True,False,False,True,False,False,False,True,-0.014249376952648163,0.014742885841574925,basket|link_1|link_2|link_3
0.0,0.2,-0.22000000000000003,False,True,False,False,True,False,False,False,True,-0.015231505036354065,0.0067616254054688445,basket|link_1|link_2|link_3
0.0,0.18,-0.22000000000000003,False,True,False,False,True,False,False,False,True,-0.01526738703250885,0.005714236834646078,basket|link_1|link_2|link_3
0.0,0.15999999999999998,-0.22000000000000003,False,True,False,False,True,False,False,False,True,-0.01701502501964569,0.007802597772760185,basket|link_1|link_2|link_3
0.0,0.14000000000000007,-0.22000000000000003,False,True,False,False,True,False,False,False,True,-0.014032527804374695,0.016824106254364812,basket|link_1|link_2|link_3
0.0,0.12000000000000005,-0.22000000000000003,False,True,False,False,True,False,False,False,True,-0.013304710388183594,0.013048659055938583,basket|link_1|link_2|link_3
0.0,0.10000000000000003,-0.22000000000000003,False,True,False,False,True,False,False,False,True,-0.013777978718280792,0.018673304406989222,basket|link_1|link_2|link_3
0.0,0.08000000000000002,-0.22000000000000003,False,True,False,False,True,False,False,False,True,-0.013266220688819885,0.0061625252967626104,basket|link_1|link_2|link_3
0.0,0.06,-0.22000000000000003,False,True,False,False,True,False,False,False,True,-0.01245906949043274,0.013872529016817072,basket|link_1|link_2|link_3
0.0,0.040000000000000036,-0.22000000000000003,False,True,False,False,True,False,False,True,False,-0.014082103967666626,0.016831931226282838,basket|link_1|link_2|link_3
0.0,0.020000000000000018,-0.22000000000000003,False,True,False,False,True,False,False,True,False,-0.014522776007652283,0.014461055212529928,basket|link_1|link_2|link_3
0.0,0.0,-0.22000000000000003,False,True,False,False,True,False,False,True,False,-0.01805264502763748,0.00943143176951177,basket|link_1|link_2|link_3
0.0,-0.019999999999999962,-0.22000000000000003,False,True,False,False,True,False,False,True,False,-0.017675936222076416,0.008666566195620501,basket|link_1|link_2|link_3
0.0,-0.03999999999999998,-0.22000000000000003,False,True,False,False,True,False,False,True,False,-0.016112282872200012,0.01605261993109776,basket|link_1|link_2|link_3
0.0,-0.06,-0.22000000000000003,False,True,False,False,True,False,False,True,False,-0.018294736742973328,0.012104083156394947,basket|link_1|link_2|link_3
0.0,-0.07999999999999996,-0.22000000000000003,False,True,False,False,True,False,False,True,False,-0.016216721385717392,0.012171222061053068,basket|link_1|link_2|link_3
0.0,-0.09999999999999998,-0.22000000000000003,False,True,False,False,True,False,False,True,False,-0.011777929961681366,0.014999927211906272,basket|link_1|link_2|link_3
0.0,-0.12,-0.22000000000000003,False,True,False,False,True,False,False,True,False,-0.01110897958278656,0.012481213417443593,basket|link_1|link_2
0.0,-0.13999999999999996,-0.22000000000000003,False,True,False,False,True,False,False,True,False,-0.01110897958278656,0.010827552642275962,basket|link_1|link_2
0.0,-0.15999999999999998,-0.22000000000000003,False,True,False,False,True,False,False,True,False,-0.01110897958278656,0.012760166002996775,basket|link_1|link_2
0.0,-0.18,-0.22000000000000003,False,True,False,False,True,False,False,True,False,-0.016255691647529602,0.011059239236316916,basket|link_1|link_2
0.0,-0.19999999999999998,-0.22000000000000003,False,True,False,False,True,False,False,True,False,-0.022263191640377045,0.011359168772761913,basket|link_1|link_2
0.0,-0.21999999999999997,-0.22000000000000003,False,True,False,False,True,False,False,True,False,-0.02226288616657257,0.021511340688424897,basket|link_1|link_2
0.0,-0.24,-0.22000000000000003,False,True,False,False,True,False,False,True,False,-0.02226320654153824,0.03648071583018909,basket|link_1|link_2
0.0,-0.26,-0.22000000000000003,False,True,False,False,True,False,False,True,False,-0.015856638550758362,0.013341873765846595,basket|link_1|link_2
0.0,-0.27999999999999997,-0.22000000000000003,False,True,False,False,True,False,False,True,False,-0.013273000717163086,0.026404929012880298,basket|link_1|link_2
0.0,-0.3,-0.22000000000000003,False,True,False,False,True,False,False,True,False,-0.015636101365089417,0.018564777479869177,basket|link_1|link_2
0.0,-0.31999999999999995,-0.22000000000000003,False,True,False,False,True,False,False,True,False,-0.013315841555595398,0.003977702736593624,basket|link_1|link_2
0.0,-0.33999999999999997,-0.22000000000000003,False,False,True,False,False,True,False,False,True,0.006579414010047913,1.4901161193847656e-08,basket|link_1|link_2
0.0,-0.36,-0.22000000000000003,False,False,True,False,False,True,False,False,True,,1.4901161193847656e-08,link_1|link_2
0.0,-0.38,-0.22000000000000003,False,False,True,False,False,True,False,False,True,,1.4901161193847656e-08,link_1|link_2
0.0,-0.39999999999999997,-0.22000000000000003,False,False,True,False,False,True,False,False,True,,1.4901161193847656e-08,link_1|link_2
0.0,-0.42,-0.22000000000000003,False,False,True,False,False,True,False,False,True,,1.4901161193847656e-08,link_1|link_2
0.0,0.42,-0.24000000000000002,False,False,True,False,False,True,False,False,True,,1.4901161193847656e-08,link_1|link_2
0.0,0.4000000000000001,-0.24000000000000002,False,False,True,False,False,True,False,False,True,,1.4901161193847656e-08,link_1|link_2
0.0,0.38000000000000006,-0.24000000000000002,False,False,True,False,False,True,False,False,True,,1.4901161193847656e-08,link_1|link_2
0.0,0.36000000000000004,-0.24000000000000002,False,False,True,False,False,True,False,False,True,,1.4901161193847656e-08,link_1|link_2
0.0,0.34,-0.24000000000000002,False,False,True,False,False,True,False,False,True,0.005635395646095276,1.4901161193847656e-08,basket|link_1|link_2|link_3
0.0,0.32,-0.24000000000000002,False,True,False,False,True,False,False,False,True,-0.01436479389667511,0.00994187022668401,basket|link_1|link_2|link_3
0.0,0.3,-0.24000000000000002,False,True,False,False,True,False,False,False,True,-0.022267192602157593,0.024320116969366954,basket|link_1|link_2|link_3
0.0,0.2800000000000001,-0.24000000000000002,False,True,False,False,True,False,False,False,True,-0.022266685962677002,0.01880436915120978,basket|link_1|link_2|link_3
0.0,0.26000000000000006,-0.24000000000000002,False,True,False,False,True,False,False,False,True,-0.022266581654548645,0.01409673498848233,basket|link_1|link_2|link_3
0.0,0.24000000000000005,-0.24000000000000002,False,True,False,False,True,False,False,False,True,-0.022266589105129242,0.018578204015470282,basket|link_1|link_2|link_3
0.0,0.22000000000000003,-0.24000000000000002,False,True,False,False,True,False,False,False,True,-0.02226695418357849,0.05002544130900882,basket|link_1|link_2|link_3
0.0,0.2,-0.24000000000000002,False,True,False,False,True,False,False,False,True,-0.03573291748762131,0.014775649995729417,basket|link_1|link_2|link_3
0.0,0.18,-0.24000000000000002,False,True,False,False,True,False,False,False,True,-0.038254015147686005,0.017791241047881035,basket|link_1|link_2|link_3
0.0,0.15999999999999998,-0.24000000000000002,False,True,False,False,True,False,False,False,True,-0.025367721915245056,0.014205675078722672,basket|link_1|link_2|link_3
0.0,0.14000000000000007,-0.24000000000000002,False,True,False,False,True,False,False,False,True,-0.02054452896118164,0.009772681028628692,basket|link_1|link_2|link_3
0.0,0.12000000000000005,-0.24000000000000002,False,True,False,False,True,False,False,False,True,-0.018029049038887024,0.012957560301483423,basket|link_1|link_2|link_3
0.0,0.10000000000000003,-0.24000000000000002,False,True,False,False,True,False,False,False,True,-0.016600526869297028,0.008775531339457916,basket|link_1|link_2|link_3
0.0,0.08000000000000002,-0.24000000000000002,False,True,False,False,True,False,False,False,True,-0.015190407633781433,0.007395990608470032,basket|link_1|link_2|link_3
0.0,0.06,-0.24000000000000002,False,True,False,False,True,False,False,False,True,-0.014852479100227356,0.008923146041810905,basket|link_1|link_2|link_3
0.0,0.040000000000000036,-0.24000000000000002,False,True,False,False,True,False,False,True,False,-0.013114839792251587,0.006343797746138051,basket|link_1|link_2|link_3
0.0,0.020000000000000018,-0.24000000000000002,False,True,False,False,True,False,False,True,False,-0.020126350224018097,0.013430529394126887,basket|link_1|link_2|link_3
0.0,0.0,-0.24000000000000002,False,True,False,False,True,False,False,True,False,-0.02226756513118744,0.017067968206013934,basket|link_1|link_2|link_3
0.0,-0.019999999999999962,-0.24000000000000002,False,True,False,False,True,False,False,True,False,-0.02226572483778,0.02104247640180359,basket|link_1|link_2|link_3
0.0,-0.03999999999999998,-0.24000000000000002,False,True,False,False,True,False,False,True,False,-0.011826656758785248,0.006093477996135629,basket|link_1|link_2|link_3
0.0,-0.06,-0.24000000000000002,False,True,False,False,True,False,False,True,False,-0.01847437024116516,0.004337298415195597,basket|link_1|link_2|link_3
0.0,-0.07999999999999996,-0.24000000000000002,False,True,False,False,True,False,False,True,False,-0.01952395588159561,0.020317858245766044,basket|link_1|link_2
0.0,-0.09999999999999998,-0.24000000000000002,False,True,False,False,True,False,False,True,False,-0.022262893617153168,0.024750513320760465,basket|link_1|link_2
0.0,-0.12,-0.24000000000000002,False,True,False,False,True,False,False,True,False,-0.02226274460554123,0.0350778738587143,basket|link_1|link_2
0.0,-0.13999999999999996,-0.24000000000000002,False,True,False,False,True,False,False,True,False,-0.020061276853084564,0.009623546468538958,basket|link_1|link_2
0.0,-0.15999999999999998,-0.24000000000000002,False,True,False,False,True,False,False,True,False,-0.028519071638584137,0.02528812591638236,basket|link_1|link_2
0.0,-0.18,-0.24000000000000002,False,True,False,False,True,False,False,True,False,-0.017022140324115753,0.014712255369534737,basket|link_1|link_2
0.0,-0.19999999999999998,-0.24000000000000002,False,True,False,False,True,False,False,True,False,-0.017111249268054962,0.014199610406061445,basket|link_1|link_2
0.0,-0.21999999999999997,-0.24000000000000002,False,True,False,False,True,False,False,True,False,-0.022268205881118774,0.032285772806217035,basket|link_1|link_2
0.0,-0.24,-0.24000000000000002,False,True,False,False,True,False,False,True,False,-0.02226746827363968,0.03939041773591694,basket|link_1|link_2
0.0,-0.26,-0.24000000000000002,False,True,False,False,True,False,False,True,False,-0.02226623147726059,0.037674656155749456,basket|link_1|link_2
0.0,-0.27999999999999997,-0.24000000000000002,False,True,False,False,True,False,False,True,False,-0.018697336316108704,0.04795663854415731,basket|link_1|link_2
0.0,-0.3,-0.24000000000000002,False,True,False,False,True,False,False,True,False,-0.014121726155281067,0.030783114017672843,basket|link_1|link_2
0.0,-0.31999999999999995,-0.24000000000000002,False,True,False,False,True,False,False,True,False,-0.013414561748504639,0.00955187468491104,basket|link_1|link_2
0.0,-0.33999999999999997,-0.24000000000000002,False,False,True,False,False,True,False,False,True,0.006585404276847839,1.4901161193847656e-08,basket|link_1|link_2
0.0,-0.36,-0.24000000000000002,False,False,True,False,False,True,False,False,True,,1.4901161193847656e-08,link_1|link_2
0.0,-0.38,-0.24000000000000002,False,False,True,False,False,True,False,False,True,,1.4901161193847656e-08,link_1|link_2
0.0,-0.39999999999999997,-0.24000000000000002,False,False,True,False,False,True,False,False,True,,1.4901161193847656e-08,link_1|link_2
0.0,-0.42,-0.24000000000000002,False,False,True,False,False,True,False,False,True,,1.4901161193847656e-08,link_1|link_2
0.0,0.42,-0.26,False,False,True,False,False,True,False,False,True,,1.4901161193847656e-08,link_1|link_2
0.0,0.4000000000000001,-0.26,False,False,True,False,False,True,False,False,True,,1.4901161193847656e-08,link_1|link_2
0.0,0.38000000000000006,-0.26,False,False,True,False,False,True,False,False,True,,1.4901161193847656e-08,link_1|link_2
0.0,0.36000000000000004,-0.26,False,False,True,False,False,True,False,False,True,,1.4901161193847656e-08,link_1|link_2
0.0,0.34,-0.26,False,False,True,False,False,True,False,False,True,0.005645149853080511,1.4901161193847656e-08,basket|link_1|link_2|link_3
0.0,0.32,-0.26,False,True,False,False,True,False,False,False,True,-0.00420842319726944,0.0015403290528814278,basket|link_1|link_2|link_3
0.0,0.3,-0.26,False,True,False,False,True,False,False,False,True,-0.0067925825715065,0.004059591669388559,basket|link_1|link_2|link_3
0.0,0.2800000000000001,-0.26,False,True,False,False,True,False,False,False,True,-0.00849633663892746,0.00831527947815169,basket|link_1|link_2|link_3
0.0,0.26000000000000006,-0.26,False,True,False,False,True,False,False,False,True,-0.008434101939201355,0.0107537458535509,basket|link_1|link_2|link_3
0.0,0.24000000000000005,-0.26,False,True,False,False,True,False,False,False,True,-0.014906812459230423,0.008408989470625959,basket|link_1|link_2|link_3
0.0,0.22000000000000003,-0.26,False,True,False,False,True,False,False,False,True,-0.020155251026153564,0.021552135483686508,basket|link_1|link_2|link_3
0.0,0.2,-0.26,False,True,False,False,True,False,False,False,True,-0.012108266353607178,0.019089729471409276,basket|link_1|link_2|link_3
0.0,0.18,-0.26,False,True,False,False,True,False,False,False,True,-0.0189601331949234,0.003501200686791343,basket|link_1|link_2|link_3
0.0,0.15999999999999998,-0.26,False,True,False,False,True,False,False,False,True,-0.022264786064624786,0.060204673628376136,basket|link_1|link_2|link_3
0.0,0.14000000000000007,-0.26,False,True,False,False,True,False,False,False,True,-0.022264793515205383,0.03074464103030781,basket|link_1|link_2|link_3
0.0,0.12000000000000005,-0.26,False,True,False,False,True,False,False,False,True,-0.022264793515205383,0.01745567195796748,basket|link_1|link_2|link_3
0.0,0.10000000000000003,-0.26,False,True,False,False,True,False,False,False,True,-0.02226477861404419,0.021431056628627557,basket|link_1|link_2|link_3
0.0,0.08000000000000002,-0.26,False,True,False,False,True,False,False,False,True,-0.0222647562623024,0.02609699191277124,basket|link_1|link_2|link_3
0.0,0.06,-0.26,False,True,False,False,True,False,False,False,True,-0.02226480096578598,0.029256637913450418,basket|link_1|link_2|link_3
0.0,0.040000000000000036,-0.26,False,True,False,False,True,False,False,True,False,-0.016992412507534027,0.00578270608601922,basket|link_1|link_2|link_3
0.0,0.020000000000000018,-0.26,False,True,False,False,True,False,False,True,False,-0.021443642675876617,0.007268506493981917,basket|link_1|link_2|link_3
0.0,0.0,-0.26,False,True,False,False,True,False,False,True,False,-0.01467125117778778,0.005617349095220622,basket|link_1|link_2|link_3
0.0,-0.019999999999999962,-0.26,False,True,False,False,True,False,False,True,False,-0.016208574175834656,0.014701119263175149,basket|link_1|link_2|link_3
0.0,-0.03999999999999998,-0.26,False,True,False,False,True,False,False,True,False,-0.020455017685890198,0.012713029137558817,basket|link_1|link_2|link_3
0.0,-0.06,-0.26,False,True,False,False,True,False,False,True,False,-0.022033512592315674,0.012744154482921072,basket|link_1|link_2
0.0,-0.07999999999999996,-0.26,False,True,False,False,True,False,False,True,False,-0.0230635404586792,0.004255771176079254,basket|link_1|link_2
0.0,-0.09999999999999998,-0.26,False,True,False,False,True,False,False,True,False,-0.022262610495090485,0.030809106534519303,basket|link_1|link_2
0.0,-0.12,-0.26,False,True,False,False,True,False,False,True,False,-0.022262804210186005,0.019810175556739303,basket|link_1|link_2
0.0,-0.13999999999999996,-0.26,False,True,False,False,True,False,False,True,False,-0.021051451563835144,0.013174015607252572,basket|link_1|link_2
0.0,-0.15999999999999998,-0.26,False,True,False,False,True,False,False,True,False,-0.02620939165353775,0.01625709367892388,basket|link_1|link_2
0.0,-0.18,-0.26,False,True,False,False,True,False,False,True,False,-0.022300012409687042,0.02398142177556558,basket|link_1|link_2
0.0,-0.19999999999999998,-0.26,False,True,False,False,True,False,False,True,False,-0.020561106503009796,0.011611686230130586,basket|link_1|link_2
0.0,-0.21999999999999997,-0.26,False,True,False,False,True,False,False,True,False,-0.02226768434047699,0.03714496036287142,basket|link_1|link_2
0.0,-0.24,-0.26,False,True,False,False,True,False,False,True,False,-0.022267185151576996,0.050431150972597,basket|link_1|link_2
0.0,-0.26,-0.26,False,True,False,False,True,False,False,True,False,-0.02095036208629608,0.044357749716751264,basket|link_1|link_2
0.0,-0.27999999999999997,-0.26,False,True,False,False,True,False,False,True,False,-0.016561850905418396,0.03305632337789869,basket|link_1|link_2
0.0,-0.3,-0.26,False,True,False,False,True,False,False,True,False,-0.014713481068611145,0.02041462128852962,basket|link_1|link_2
0.0,-0.31999999999999995,-0.26,False,True,False,False,True,False,False,True,False,-0.013414517045021057,0.009570967650333518,basket|link_1|link_2
0.0,-0.33999999999999997,-0.26,False,False,True,False,False,True,False,False,True,0.0065854936838150024,1.4901161193847656e-08,basket|link_1|link_2
0.0,-0.36,-0.26,False,False,True,False,False,True,False,False,True,,1.4901161193847656e-08,link_1|link_2
0.0,-0.38,-0.26,False,False,True,False,False,True,False,False,True,,1.4901161193847656e-08,link_1|link_2
0.0,-0.39999999999999997,-0.26,False,False,True,False,False,True,False,False,True,,1.4901161193847656e-08,link_1|link_2
0.0,-0.42,-0.26,False,False,True,False,False,True,False,False,True,,1.4901161193847656e-08,link_1|link_2
0.0,0.42,-0.28,False,False,True,False,False,True,False,False,True,,1.4901161193847656e-08,link_1|link_2
0.0,0.4000000000000001,-0.28,False,False,True,False,False,True,False,False,True,,1.4901161193847656e-08,link_1|link_2
0.0,0.38000000000000006,-0.28,False,False,True,False,False,True,False,False,True,,1.4901161193847656e-08,link_1|link_2
0.0,0.36000000000000004,-0.28,False,False,True,False,False,True,False,False,True,,1.4901161193847656e-08,link_1|link_2
0.0,0.34,-0.28,False,False,True,False,False,True,False,False,True,,1.4901161193847656e-08,link_1|link_2
0.0,0.32,-0.28,False,False,True,False,False,True,False,False,True,,1.4901161193847656e-08,link_1|link_2
0.0,0.3,-0.28,False,False,True,False,False,True,False,False,True,,1.4901161193847656e-08,link_1|link_2
0.0,0.2800000000000001,-0.28,False,False,True,False,False,True,False,False,True,,1.4901161193847656e-08,link_1|link_2
0.0,0.26000000000000006,-0.28,False,False,True,False,False,True,False,False,True,,1.4901161193847656e-08,link_1|link_2
0.0,0.24000000000000005,-0.28,False,False,True,False,False,True,False,False,True,,1.4901161193847656e-08,link_1|link_2
0.0,0.22000000000000003,-0.28,False,False,True,False,False,True,False,False,True,,1.4901161193847656e-08,
0.0,0.2,-0.28,False,False,True,False,False,True,False,False,True,0.010938093066215515,1.4901161193847656e-08,basket|link_2
0.0,0.18,-0.28,False,True,False,False,True,False,False,False,True,-0.008593471720814705,0.009721071440334458,basket|link_2
0.0,0.15999999999999998,-0.28,False,True,False,False,True,False,False,False,True,-0.004072241485118866,0.0054890526404474125,basket|link_2
0.0,0.14000000000000007,-0.28,False,True,False,False,True,False,False,False,True,-0.010066993534564972,0.0034734755642281097,basket|link_2
0.0,0.12000000000000005,-0.28,False,True,False,False,True,False,False,False,True,-0.009908296167850494,0.008368564653439993,basket|link_2
0.0,0.10000000000000003,-0.28,False,True,False,False,True,False,False,False,True,-0.011061878874897957,0.02123209600003987,basket|link_2
0.0,0.08000000000000002,-0.28,False,True,False,False,True,False,False,False,True,-0.01889396458864212,0.02684253567420988,basket|link_2
0.0,0.06,-0.28,False,True,False,False,True,False,False,False,True,-0.01448637992143631,0.0064163956414331,basket|link_1|link_2
0.0,0.040000000000000036,-0.28,False,True,False,False,True,False,False,True,False,-0.016743220388889313,0.007941228254158578,basket|link_1|link_2
0.0,0.020000000000000018,-0.28,False,True,False,False,True,False,False,True,False,-0.01433216780424118,0.021682636527954924,basket|link_1|link_2
0.0,0.0,-0.28,False,True,False,False,True,False,False,True,False,-0.010951347649097443,0.008694168558734457,basket|link_1|link_2
0.0,-0.019999999999999962,-0.28,False,True,False,False,True,False,False,True,False,-0.010965287685394287,0.021230769892203256,basket|link_1|link_2
0.0,-0.03999999999999998,-0.28,False,True,False,False,True,False,False,True,False,-0.01104157604277134,0.020068690884394717,basket|link_1|link_2
0.0,-0.06,-0.28,False,True,False,False,True,False,False,True,False,-0.011108964681625366,0.017165668815006627,basket|link_1|link_2
0.0,-0.07999999999999996,-0.28,False,True,False,False,True,False,False,True,False,-0.025390245020389557,0.02872252134819853,basket|link_1|link_2
0.0,-0.09999999999999998,-0.28,False,True,False,False,True,False,False,True,False,-0.029260098934173584,0.005800475730950821,basket|link_1
0.0,-0.12,-0.28,False,True,False,False,True,False,False,True,False,-0.03467117249965668,0.033376933024881,basket|link_1
0.0,-0.13999999999999996,-0.28,False,True,False,False,True,False,False,True,False,-0.041055768728256226,0.04271664130460357,basket|link_1
0.0,-0.15999999999999998,-0.28,False,True,False,False,True,False,False,True,False,-0.04423891007900238,0.02228817862378868,basket|link_1
0.0,-0.18,-0.28,False,True,False,False,True,False,False,True,False,-0.042574718594551086,0.014455963321014047,basket|link_1
0.0,-0.19999999999999998,-0.28,False,True,False,False,True,False,False,True,False,-0.035800784826278687,0.017824093623234328,basket|link_1
0.0,-0.21999999999999997,-0.28,False,True,False,False,True,False,False,True,False,-0.01649266481399536,0.04036090448358837,basket|link_1
0.0,-0.24,-0.28,False,True,False,False,True,False,False,True,False,-0.01110897958278656,0.026413159247813532,basket|link_1
0.0,-0.26,-0.28,False,True,False,False,True,False,False,True,False,-0.011027924716472626,0.01876167790541026,basket|link_1
0.0,-0.27999999999999997,-0.28,False,True,False,False,True,False,False,True,False,-0.010897204279899597,0.021959326274996062,basket|link_1
0.0,-0.3,-0.28,False,True,False,False,True,False,False,True,False,-0.011022452265024185,0.02348751989705662,basket|link_1
0.0,-0.31999999999999995,-0.28,False,True,False,False,True,False,False,True,False,-0.010061128064990044,0.00708907851138484,basket|link_1
0.0,-0.33999999999999997,-0.28,False,False,True,False,False,True,False,False,True,0.006584823131561279,1.4901161193847656e-08,basket|link_1
0.0,-0.36,-0.28,False,False,True,False,False,True,False,False,True,,1.4901161193847656e-08,
0.0,-0.38,-0.28,False,False,True,False,False,True,False,False,True,,1.4901161193847656e-08,
0.0,-0.39999999999999997,-0.28,False,False,True,False,False,True,False,False,True,,1.4901161193847656e-08,
0.0,-0.42,-0.28,False,False,True,False,False,True,False,False,True,,1.4901161193847656e-08,
0.0,0.42,-0.30000000000000004,False,False,True,False,False,True,False,False,True,,1.4901161193847656e-08,
0.0,0.4000000000000001,-0.30000000000000004,False,False,True,False,False,True,False,False,True,,1.4901161193847656e-08,
0.0,0.38000000000000006,-0.30000000000000004,False,False,True,False,False,True,False,False,True,,1.4901161193847656e-08,
0.0,0.36000000000000004,-0.30000000000000004,False,False,True,False,False,True,False,False,True,,1.4901161193847656e-08,
0.0,0.34,-0.30000000000000004,False,False,True,False,False,True,False,False,True,,1.4901161193847656e-08,
0.0,0.32,-0.30000000000000004,False,False,True,False,False,True,False,False,True,,1.4901161193847656e-08,
0.0,0.3,-0.30000000000000004,False,False,True,False,False,True,False,False,True,,1.4901161193847656e-08,
0.0,0.2800000000000001,-0.30000000000000004,False,False,True,False,False,True,False,False,True,,1.4901161193847656e-08,
0.0,0.26000000000000006,-0.30000000000000004,False,False,True,False,False,True,False,False,True,,1.4901161193847656e-08,
0.0,0.24000000000000005,-0.30000000000000004,False,False,True,False,False,True,False,False,True,,1.4901161193847656e-08,
0.0,0.22000000000000003,-0.30000000000000004,False,False,True,False,False,True,False,False,True,,1.4901161193847656e-08,
0.0,0.2,-0.30000000000000004,False,False,True,False,False,True,False,False,True,,1.4901161193847656e-08,
0.0,0.18,-0.30000000000000004,False,False,True,False,False,True,False,False,True,,1.4901161193847656e-08,
0.0,0.15999999999999998,-0.30000000000000004,False,False,True,False,False,True,False,False,True,,1.4901161193847656e-08,
0.0,0.14000000000000007,-0.30000000000000004,False,False,True,False,False,True,False,False,True,,1.4901161193847656e-08,
0.0,0.12000000000000005,-0.30000000000000004,False,False,True,False,False,True,False,False,True,,1.4901161193847656e-08,
0.0,0.10000000000000003,-0.30000000000000004,False,False,True,False,False,True,False,False,True,,1.4901161193847656e-08,
0.0,0.08000000000000002,-0.30000000000000004,False,False,True,False,False,True,False,False,True,,1.4901161193847656e-08,
0.0,0.06,-0.30000000000000004,False,False,True,False,False,True,False,False,True,0.016627073287963867,1.4901161193847656e-08,basket|link_1
0.0,0.040000000000000036,-0.30000000000000004,False,True,False,False,True,False,False,True,False,-0.002979964017868042,0.0017337056862597362,basket|link_1
0.0,0.020000000000000018,-0.30000000000000004,False,True,False,False,True,False,False,True,False,-0.00773746520280838,0.009714269205348158,basket|link_1
0.0,0.0,-0.30000000000000004,False,True,False,False,True,False,False,True,False,-0.003770112991333008,0.006644909418935672,basket|link_1
0.0,-0.019999999999999962,-0.30000000000000004,False,True,False,False,True,False,False,True,False,-0.007052706088870764,0.007348556176678441,basket|link_1|link_2|link_3
0.0,-0.03999999999999998,-0.30000000000000004,False,True,False,False,True,False,False,True,False,-0.008993980474770069,0.006436693498548809,basket|link_1|link_2|link_3
0.0,-0.06,-0.30000000000000004,False,True,False,False,True,False,False,True,False,-0.005689142271876335,0.0009692873282942184,basket|link_1|link_2|link_3
0.0,-0.07999999999999996,-0.30000000000000004,False,False,True,False,False,True,False,True,False,0.00738786906003952,1.4901161193847656e-08,basket|link_1|link_2|link_3
0.0,-0.09999999999999998,-0.30000000000000004,False,True,False,False,True,False,False,True,False,-0.005639195442199707,0.002889238367287688,basket|link_1|link_2|link_3
0.0,-0.12,-0.30000000000000004,False,True,False,False,True,False,False,True,False,-0.006117530167102814,0.0026098273759201695,basket|link_1|link_2|link_3
0.0,-0.13999999999999996,-0.30000000000000004,False,True,False,False,True,False,False,True,False,-0.006607195362448692,0.001787549709889244,basket|link_1|link_2|link_3
0.0,-0.15999999999999998,-0.30000000000000004,False,True,False,False,True,False,False,True,False,-0.006736859679222107,0.001683448081290363,basket|link_1|link_2|link_3
0.0,-0.18,-0.30000000000000004,False,True,False,False,True,False,False,True,False,-0.007350564002990723,0.0015229287411994681,basket|link_1|link_2|link_3
0.0,-0.19999999999999998,-0.30000000000000004,False,True,False,False,True,False,False,True,False,-0.005739420652389526,0.0019455854355204924,basket|link_1|link_2|link_3
0.0,-0.21999999999999997,-0.30000000000000004,False,False,True,False,False,True,False,True,False,0.006345070898532867,1.4901161193847656e-08,basket|link_1|link_2|link_3
0.0,-0.24,-0.30000000000000004,False,False,True,False,False,True,False,True,False,0.005020886659622192,1.4901161193847656e-08,basket|link_1|link_2|link_3
0.0,-0.26,-0.30000000000000004,False,False,True,False,False,True,False,True,False,0.003859996795654297,1.4901161193847656e-08,basket|link_1|link_2|link_3
0.0,-0.27999999999999997,-0.30000000000000004,False,False,True,False,False,True,False,True,False,0.0028092488646507263,1.4901161193847656e-08,basket|link_1|link_2|link_3
0.0,-0.3,-0.30000000000000004,False,False,True,False,False,True,False,True,False,0.001757688820362091,1.4901161193847656e-08,basket|link_1|link_2|link_3
0.0,-0.31999999999999995,-0.30000000000000004,False,True,False,False,False,True,False,True,False,0.0007024407386779785,1.4901161193847656e-08,basket|link_1|link_2|link_3
0.0,-0.33999999999999997,-0.30000000000000004,False,False,True,False,False,True,False,False,True,0.011490736156702042,1.4901161193847656e-08,basket|link_1|link_2|link_3
0.0,-0.36,-0.30000000000000004,False,False,True,False,False,True,False,False,True,,1.4901161193847656e-08,link_2|link_3
0.0,-0.38,-0.30000000000000004,False,False,True,False,False,True,False,False,True,,1.4901161193847656e-08,link_2|link_3
0.0,-0.39999999999999997,-0.30000000000000004,False,False,True,False,False,True,False,False,True,,1.4901161193847656e-08,link_2|link_3
0.0,-0.42,-0.30000000000000004,False,False,True,False,False,True,False,False,True,,1.4901161193847656e-08,link_2|link_3
0.0,0.42,-0.32,False,False,True,False,False,True,False,False,True,,1.4901161193847656e-08,link_2|link_3
0.0,0.4000000000000001,-0.32,False,False,True,False,False,True,False,False,True,,1.4901161193847656e-08,link_2|link_3
0.0,0.38000000000000006,-0.32,False,False,True,False,False,True,False,False,True,,1.4901161193847656e-08,link_2|link_3
0.0,0.36000000000000004,-0.32,False,False,True,False,False,True,False,False,True,,1.4901161193847656e-08,link_2|link_3
0.0,0.34,-0.32,False,False,True,False,False,True,False,False,True,,1.4901161193847656e-08,link_2|link_3
0.0,0.32,-0.32,False,False,True,False,False,True,False,False,True,,1.4901161193847656e-08,link_2|link_3
0.0,0.3,-0.32,False,False,True,False,False,True,False,False,True,,1.4901161193847656e-08,link_2|link_3
0.0,0.2800000000000001,-0.32,False,False,True,False,False,True,False,False,True,,1.4901161193847656e-08,link_2|link_3
0.0,0.26000000000000006,-0.32,False,False,True,False,False,True,False,False,True,,1.4901161193847656e-08,link_2|link_3
0.0,0.24000000000000005,-0.32,False,False,True,False,False,True,False,False,True,,1.4901161193847656e-08,link_2|link_3
0.0,0.22000000000000003,-0.32,False,False,True,False,False,True,False,False,True,,1.4901161193847656e-08,link_2|link_3
0.0,0.2,-0.32,False,False,True,False,False,True,False,False,True,,1.4901161193847656e-08,link_2|link_3
0.0,0.18,-0.32,False,False,True,False,False,True,False,False,True,,1.4901161193847656e-08,link_2|link_3
0.0,0.15999999999999998,-0.32,False,False,True,False,False,True,False,False,True,,1.4901161193847656e-08,link_2|link_3
0.0,0.14000000000000007,-0.32,False,False,True,False,False,True,False,False,True,,1.4901161193847656e-08,link_2|link_3
0.0,0.12000000000000005,-0.32,False,False,True,False,False,True,False,False,True,,1.4901161193847656e-08,link_2|link_3
0.0,0.10000000000000003,-0.32,False,False,True,False,False,True,False,False,True,,1.4901161193847656e-08,link_2|link_3
0.0,0.08000000000000002,-0.32,False,False,True,False,False,True,False,False,True,,1.4901161193847656e-08,link_2|link_3
0.0,0.06,-0.32,False,False,True,False,False,True,False,False,True,0.017007246613502502,1.4901161193847656e-08,basket|link_1|link_2|link_3
0.0,0.040000000000000036,-0.32,False,True,False,False,True,False,False,True,False,-0.0029113516211509705,0.0017614457159149317,basket|link_1|link_2|link_3
0.0,0.020000000000000018,-0.32,False,True,False,False,True,False,False,True,False,-0.01010192185640335,0.012674392300460415,basket|link_1|link_2|link_3
0.0,0.0,-0.32,False,True,False,False,True,False,False,True,False,-0.0034170018043369055,0.006026302414267808,basket|link_1|link_2|link_3
0.0,-0.019999999999999962,-0.32,False,True,False,False,True,False,False,True,False,-0.007989360019564629,0.006157607787615651,basket|link_1|link_2|link_3
0.0,-0.03999999999999998,-0.32,False,True,False,False,True,False,False,True,False,-0.008992429822683334,0.006390178066325539,basket|link_1|link_2|link_3
0.0,-0.06,-0.32,False,False,True,False,False,True,False,True,False,0.0027529746294021606,1.4901161193847656e-08,basket|link_1|link_2|link_3
0.0,-0.07999999999999996,-0.32,False,False,True,False,False,True,False,True,False,0.008365355432033539,1.4901161193847656e-08,basket|link_1|link_2|link_3
0.0,-0.09999999999999998,-0.32,False,True,False,False,True,False,False,True,False,-0.003778710961341858,0.001128115266816969,basket|link_1|link_2|link_3
0.0,-0.12,-0.32,False,True,False,False,True,False,False,True,False,-0.002074308693408966,0.0005944959356474905,basket|link_1|link_2|link_3
0.0,-0.13999999999999996,-0.32,False,True,False,False,False,True,False,True,False,-0.0010735904797911644,0.00022106881264625055,basket|link_1|link_2|link_3
0.0,-0.15999999999999998,-0.32,False,True,False,False,False,True,False,True,False,-0.00047335773706436157,8.613064465647687e-05,basket|link_1|link_2|link_3
0.0,-0.18,-0.32,False,True,False,False,False,True,False,True,False,-0.0001858249306678772,2.834651403192336e-05,basket|link_1|link_2|link_3
0.0,-0.19999999999999998,-0.32,False,False,True,False,False,True,False,True,False,0.0012464076280593872,1.4901161193847656e-08,basket|link_1|link_2|link_3
0.0,-0.21999999999999997,-0.32,False,False,True,False,False,True,False,True,False,0.013372533023357391,1.4901161193847656e-08,basket|link_1|link_2|link_3
0.0,-0.24,-0.32,False,False,True,False,False,True,False,True,False,0.013250432908535004,1.4901161193847656e-08,basket|link_1|link_2|link_3
0.0,-0.26,-0.32,False,False,True,False,False,True,False,True,False,0.01329129934310913,1.4901161193847656e-08,basket|link_1|link_2|link_3
0.0,-0.27999999999999997,-0.32,False,False,True,False,False,True,False,True,False,0.013442523777484894,1.4901161193847656e-08,basket|link_1|link_2|link_3
0.0,-0.3,-0.32,False,False,True,False,False,True,False,True,False,0.01359335333108902,1.4901161193847656e-08,basket|link_1|link_2|link_3
0.0,-0.31999999999999995,-0.32,False,False,True,False,False,True,False,True,False,0.013706214725971222,1.4901161193847656e-08,basket|link_1|link_2|link_3
0.0,-0.33999999999999997,-0.32,False,False,True,False,False,True,False,False,True,,1.4901161193847656e-08,link_2|link_3
0.0,-0.36,-0.32,False,False,True,False,False,True,False,False,True,,1.4901161193847656e-08,link_2|link_3
0.0,-0.38,-0.32,False,False,True,False,False,True,False,False,True,,1.4901161193847656e-08,link_2|link_3
0.0,-0.39999999999999997,-0.32,False,False,True,False,False,True,False,False,True,,1.4901161193847656e-08,link_2|link_3
0.0,-0.42,-0.32,False,False,True,False,False,True,False,False,True,,1.4901161193847656e-08,link_2|link_3
0.0,0.42,-0.34,False,False,True,False,False,True,False,False,True,,1.4901161193847656e-08,link_2|link_3
0.0,0.4000000000000001,-0.34,False,False,True,False,False,True,False,False,True,,1.4901161193847656e-08,link_2|link_3
0.0,0.38000000000000006,-0.34,False,False,True,False,False,True,False,False,True,,1.4901161193847656e-08,link_2|link_3
0.0,0.36000000000000004,-0.34,False,False,True,False,False,True,False,False,True,,1.4901161193847656e-08,link_2|link_3
0.0,0.34,-0.34,False,False,True,False,False,True,False,False,True,,1.4901161193847656e-08,link_2|link_3
0.0,0.32,-0.34,False,False,True,False,False,True,False,False,True,,1.4901161193847656e-08,link_2|link_3
0.0,0.3,-0.34,False,False,True,False,False,True,False,False,True,,1.4901161193847656e-08,link_2|link_3
0.0,0.2800000000000001,-0.34,False,False,True,False,False,True,False,False,True,,1.4901161193847656e-08,link_2|link_3
0.0,0.26000000000000006,-0.34,False,False,True,False,False,True,False,False,True,,1.4901161193847656e-08,link_2|link_3
0.0,0.24000000000000005,-0.34,False,False,True,False,False,True,False,False,True,,1.4901161193847656e-08,link_2|link_3
0.0,0.22000000000000003,-0.34,False,False,True,False,False,True,False,False,True,,1.4901161193847656e-08,link_2|link_3
0.0,0.2,-0.34,False,False,True,False,False,True,False,False,True,,1.4901161193847656e-08,link_2|link_3
0.0,0.18,-0.34,False,False,True,False,False,True,False,False,True,,1.4901161193847656e-08,link_2|link_3
0.0,0.15999999999999998,-0.34,False,False,True,False,False,True,False,False,True,,1.4901161193847656e-08,link_2|link_3
0.0,0.14000000000000007,-0.34,False,False,True,False,False,True,False,False,True,,1.4901161193847656e-08,link_2|link_3
0.0,0.12000000000000005,-0.34,False,False,True,False,False,True,False,False,True,,1.4901161193847656e-08,link_2|link_3
0.0,0.10000000000000003,-0.34,False,False,True,False,False,True,False,False,True,,1.4901161193847656e-08,link_2|link_3
0.0,0.08000000000000002,-0.34,False,False,True,False,False,True,False,False,True,,1.4901161193847656e-08,link_2|link_3
0.0,0.06,-0.34,False,False,True,False,False,True,False,False,True,,1.4901161193847656e-08,link_2|link_3
0.0,0.040000000000000036,-0.34,False,False,True,False,False,True,False,False,True,,1.4901161193847656e-08,link_2|link_3
0.0,0.020000000000000018,-0.34,False,False,True,False,False,True,False,False,True,,1.4901161193847656e-08,link_2|link_3
0.0,0.0,-0.34,False,False,True,False,False,True,False,False,True,0.019307173788547516,1.4901161193847656e-08,basket|link_1|link_2|link_3
0.0,-0.019999999999999962,-0.34,False,False,True,False,False,True,False,False,True,0.019146598875522614,1.4901161193847656e-08,basket|link_1|link_2|link_3
0.0,-0.03999999999999998,-0.34,False,False,True,False,False,True,False,False,True,0.018993085250258446,1.4901161193847656e-08,basket|link_1|link_2|link_3
0.0,-0.06,-0.34,False,False,True,False,False,True,False,False,True,0.018922626972198486,1.4901161193847656e-08,basket|link_1|link_2|link_3
0.0,-0.07999999999999996,-0.34,False,False,True,False,False,True,False,False,True,0.01896931231021881,1.4901161193847656e-08,basket|link_1|link_2|link_3
0.0,-0.09999999999999998,-0.34,False,False,True,False,False,True,False,False,True,0.01882380247116089,1.490127488014328e-08,basket|link_1|link_2|link_3
0.0,-0.12,-0.34,False,False,True,False,False,True,False,False,True,0.01881389319896698,1.4901161193847656e-08,basket|link_1|link_2|link_3
0.0,-0.13999999999999996,-0.34,False,False,True,False,False,True,False,False,True,0.018942374736070633,1.4901161193847656e-08,basket|link_1|link_2|link_3
0.0,-0.15999999999999998,-0.34,False,False,True,False,False,True,False,False,True,0.019090786576271057,1.4901161193847656e-08,basket|link_1|link_2|link_3
0.0,-0.18,-0.34,False,False,True,False,False,True,False,False,True,0.019194431602954865,1.4901161193847656e-08,basket|link_1|link_2|link_3
0.0,-0.19999999999999998,-0.34,False,False,True,False,False,True,False,False,True,,1.4901161193847656e-08,link_2|link_3
0.0,-0.21999999999999997,-0.34,False,False,True,False,False,True,False,False,True,,1.4901161193847656e-08,link_2|link_3
0.0,-0.24,-0.34,False,False,True,False,False,True,False,False,True,,1.4901161193847656e-08,link_2|link_3
0.0,-0.26,-0.34,False,False,True,False,False,True,False,False,True,,1.4901161193847656e-08,link_2|link_3
0.0,-0.27999999999999997,-0.34,False,False,True,False,False,True,False,False,True,,1.4901161193847656e-08,link_2|link_3
0.0,-0.3,-0.34,False,False,True,False,False,True,False,False,True,,1.4901161193847656e-08,link_2|link_3
0.0,-0.31999999999999995,-0.34,False,False,True,False,False,True,False,False,True,,1.4901161193847656e-08,link_2|link_3
0.0,-0.33999999999999997,-0.34,False,False,True,False,False,True,False,False,True,,1.4901161193847656e-08,link_2|link_3
0.0,-0.36,-0.34,False,False,True,False,False,True,False,False,True,,1.4901161193847656e-08,link_2|link_3
0.0,-0.38,-0.34,False,False,True,False,False,True,False,False,True,,1.4901161193847656e-08,link_2|link_3
0.0,-0.39999999999999997,-0.34,False,False,True,False,False,True,False,False,True,,1.4901161193847656e-08,link_2|link_3
0.0,-0.42,-0.34,False,False,True,False,False,True,False,False,True,,1.4901161193847656e-08,link_2|link_3
