qpos_m,basket_offset_x_m,basket_offset_y_m,proxy_pass,proxy_predicts_collision,physical_aabb_overlap,oracle_contact,oracle_penetration,false_pass,false_reject,dynamic_contact_records,dynamic_point_count,dynamic_active_point_count,dynamic_penetration_point_count,dynamic_min_separation_m,dynamic_max_impulse_norm,dynamic_one_step_displacement_m,production_static_contact_records,production_static_active_point_count,production_static_detects_contact
0.0,-0.42,-0.34,True,False,False,False,False,False,False,0,0,0,0,,0.0,1.4901161193847656e-08,0,0,False
0.0,-0.39999999999999997,-0.34,True,False,False,False,False,False,False,0,0,0,0,,0.0,1.4901161193847656e-08,0,0,False
0.0,-0.38,-0.34,True,False,False,False,False,False,False,0,0,0,0,,0.0,1.4901161193847656e-08,0,0,False
0.0,-0.36,-0.34,True,False,False,False,False,False,False,0,0,0,0,,0.0,1.4901161193847656e-08,0,0,False
0.0,-0.33999999999999997,-0.34,True,False,False,False,False,False,False,0,0,0,0,,0.0,1.4901161193847656e-08,0,0,False
0.0,-0.31999999999999995,-0.34,True,False,False,False,False,False,False,0,0,0,0,,0.0,1.4901161193847656e-08,0,0,False
0.0,-0.3,-0.34,True,False,False,False,False,False,False,0,0,0,0,,0.0,1.4901161193847656e-08,0,0,False
0.0,-0.27999999999999997,-0.34,True,False,False,False,False,False,False,0,0,0,0,,0.0,1.4901161193847656e-08,0,0,False
0.0,-0.26,-0.34,True,False,False,False,False,False,False,0,0,0,0,,0.0,1.4901161193847656e-08,0,0,False
0.0,-0.24,-0.34,True,False,False,False,False,False,False,0,0,0,0,,0.0,1.4901161193847656e-08,0,0,False
0.0,-0.21999999999999997,-0.34,True,False,False,False,False,False,False,0,0,0,0,,0.0,1.4901161193847656e-08,0,0,False
0.0,-0.19999999999999998,-0.34,True,False,False,False,False,False,False,0,0,0,0,,0.0,1.4901161193847656e-08,0,0,False
0.0,-0.18,-0.34,True,False,False,False,False,False,False,0,0,0,0,,0.0,1.4901161193847656e-08,0,0,False
0.0,-0.15999999999999998,-0.34,True,False,False,False,False,False,False,0,0,0,0,,0.0,1.4901161193847656e-08,0,0,False
0.0,-0.13999999999999996,-0.34,True,False,False,False,False,False,False,0,0,0,0,,0.0,1.4901161193847656e-08,0,0,False
0.0,-0.12,-0.34,True,False,False,False,False,False,False,0,0,0,0,,0.0,1.4901161193847656e-08,0,0,False
0.0,-0.09999999999999998,-0.34,True,False,False,False,False,False,False,0,0,0,0,,0.0,1.490127488014328e-08,0,0,False
0.0,-0.07999999999999996,-0.34,True,False,False,False,False,False,False,0,0,0,0,,0.0,1.4901161193847656e-08,0,0,False
0.0,-0.06,-0.34,True,False,False,False,False,False,False,0,0,0,0,,0.0,1.4901161193847656e-08,0,0,False
0.0,-0.03999999999999998,-0.34,True,False,False,False,False,False,False,0,0,0,0,,0.0,1.4901161193847656e-08,0,0,False
0.0,-0.019999999999999962,-0.34,True,False,False,False,False,False,False,0,0,0,0,,0.0,1.4901161193847656e-08,0,0,False
0.0,0.0,-0.34,True,False,False,False,False,False,False,0,0,0,0,,0.0,1.4901161193847656e-08,0,0,False
0.0,0.020000000000000018,-0.34,True,False,False,False,False,False,False,0,0,0,0,,0.0,1.4901161193847656e-08,0,0,False
0.0,0.040000000000000036,-0.34,True,False,False,False,False,False,False,0,0,0,0,,0.0,1.4901161193847656e-08,0,0,False
0.0,0.06,-0.34,True,False,False,False,False,False,False,0,0,0,0,,0.0,1.4901161193847656e-08,0,0,False
0.0,0.08000000000000002,-0.34,True,False,False,False,False,False,False,0,0,0,0,,0.0,1.4901161193847656e-08,0,0,False
0.0,0.10000000000000003,-0.34,True,False,False,False,False,False,False,0,0,0,0,,0.0,1.4901161193847656e-08,0,0,False
0.0,0.12000000000000005,-0.34,True,False,False,False,False,False,False,0,0,0,0,,0.0,1.4901161193847656e-08,0,0,False
0.0,0.14000000000000007,-0.34,True,False,False,False,False,False,False,0,0,0,0,,0.0,1.4901161193847656e-08,0,0,False
0.0,0.15999999999999998,-0.34,True,False,False,False,False,False,False,0,0,0,0,,0.0,1.4901161193847656e-08,0,0,False
0.0,0.18,-0.34,True,False,False,False,False,False,False,0,0,0,0,,0.0,1.4901161193847656e-08,0,0,False
0.0,0.2,-0.34,True,False,False,False,False,False,False,0,0,0,0,,0.0,1.4901161193847656e-08,0,0,False
0.0,0.22000000000000003,-0.34,True,False,False,False,False,False,False,0,0,0,0,,0.0,1.4901161193847656e-08,0,0,False
0.0,0.24000000000000005,-0.34,True,False,False,False,False,False,False,0,0,0,0,,0.0,1.4901161193847656e-08,0,0,False
0.0,0.26000000000000006,-0.34,True,False,False,False,False,False,False,0,0,0,0,,0.0,1.4901161193847656e-08,0,0,False
0.0,0.2800000000000001,-0.34,True,False,False,False,False,False,False,0,0,0,0,,0.0,1.4901161193847656e-08,0,0,False
0.0,0.3,-0.34,True,False,False,False,False,False,False,0,0,0,0,,0.0,1.4901161193847656e-08,0,0,False
0.0,0.32,-0.34,True,False,False,False,False,False,False,0,0,0,0,,0.0,1.4901161193847656e-08,0,0,False
0.0,0.34,-0.34,True,False,False,False,False,False,False,0,0,0,0,,0.0,1.4901161193847656e-08,0,0,False
0.0,0.36000000000000004,-0.34,True,False,False,False,False,False,False,0,0,0,0,,0.0,1.4901161193847656e-08,0,0,False
0.0,0.38000000000000006,-0.34,True,False,False,False,False,False,False,0,0,0,0,,0.0,1.4901161193847656e-08,0,0,False
0.0,0.4000000000000001,-0.34,True,False,False,False,False,False,False,0,0,0,0,,0.0,1.4901161193847656e-08,0,0,False
0.0,0.42,-0.34,True,False,False,False,False,False,False,0,0,0,0,,0.0,1.4901161193847656e-08,0,0,False
0.0,-0.42,-0.32,True,False,False,False,False,False,False,0,0,0,0,,0.0,1.4901161193847656e-08,0,0,False
0.0,-0.39999999999999997,-0.32,True,False,False,False,False,False,False,0,0,0,0,,0.0,1.4901161193847656e-08,0,0,False
0.0,-0.38,-0.32,True,False,False,False,False,False,False,0,0,0,0,,0.0,1.4901161193847656e-08,0,0,False
0.0,-0.36,-0.32,True,False,False,False,False,False,False,0,0,0,0,,0.0,1.4901161193847656e-08,0,0,False
0.0,-0.33999999999999997,-0.32,True,False,False,False,False,False,False,0,0,0,0,,0.0,1.4901161193847656e-08,0,0,False
0.0,-0.31999999999999995,-0.32,True,False,False,False,False,False,False,0,0,0,0,,0.0,1.4901161193847656e-08,0,0,False
0.0,-0.3,-0.32,True,False,False,False,False,False,False,0,0,0,0,,0.0,1.4901161193847656e-08,0,0,False
0.0,-0.27999999999999997,-0.32,True,False,False,False,False,False,False,0,0,0,0,,0.0,1.4901161193847656e-08,0,0,False
0.0,-0.26,-0.32,True,False,False,False,False,False,False,0,0,0,0,,0.0,1.4901161193847656e-08,0,0,False
0.0,-0.24,-0.32,True,False,False,False,False,False,False,0,0,0,0,,0.0,1.4901161193847656e-08,0,0,False
0.0,-0.21999999999999997,-0.32,True,False,False,False,False,False,False,0,0,0,0,,0.0,1.4901161193847656e-08,0,0,False
0.0,-0.19999999999999998,-0.32,True,False,False,False,False,False,False,0,0,0,0,,0.0,1.4901161193847656e-08,0,0,False
0.0,-0.18,-0.32,True,False,False,False,False,False,False,0,0,0,0,,0.0,1.4901161193847656e-08,0,0,False
0.0,-0.15999999999999998,-0.32,True,False,False,False,False,False,False,0,0,0,0,,0.0,1.4901161193847656e-08,0,0,False
0.0,-0.13999999999999996,-0.32,True,False,False,False,False,False,False,0,0,0,0,,0.0,1.4901161193847656e-08,0,0,False
0.0,-0.12,-0.32,True,False,False,False,False,False,False,0,0,0,0,,0.0,1.4901161193847656e-08,0,0,False
0.0,-0.09999999999999998,-0.32,True,False,False,False,False,False,False,0,0,0,0,,0.0,1.490127488014328e-08,0,0,False
0.0,-0.07999999999999996,-0.32,True,False,False,False,False,False,False,0,0,0,0,,0.0,1.4901161193847656e-08,0,0,False
0.0,-0.06,-0.32,True,False,False,False,False,False,False,0,0,0,0,,0.0,1.4901161193847656e-08,0,0,False
0.0,-0.03999999999999998,-0.32,True,False,False,False,False,False,False,0,0,0,0,,0.0,1.4901161193847656e-08,0,0,False
0.0,-0.019999999999999962,-0.32,True,False,False,False,False,False,False,0,0,0,0,,0.0,1.4901161193847656e-08,0,0,False
0.0,0.0,-0.32,True,False,False,False,False,False,False,0,0,0,0,,0.0,1.4901161193847656e-08,0,0,False
0.0,0.020000000000000018,-0.32,True,False,False,False,False,False,False,0,0,0,0,,0.0,1.4901161193847656e-08,0,0,False
0.0,0.040000000000000036,-0.32,True,False,False,False,False,False,False,0,0,0,0,,0.0,1.4901161193847656e-08,0,0,False
0.0,0.06,-0.32,True,False,False,False,False,False,False,0,0,0,0,,0.0,1.4901161193847656e-08,0,0,False
0.0,0.08000000000000002,-0.32,True,False,False,False,False,False,False,0,0,0,0,,0.0,1.4901161193847656e-08,0,0,False
0.0,0.10000000000000003,-0.32,True,False,False,False,False,False,False,0,0,0,0,,0.0,1.4901161193847656e-08,0,0,False
0.0,0.12000000000000005,-0.32,True,False,False,False,False,False,False,0,0,0,0,,0.0,1.4901161193847656e-08,0,0,False
0.0,0.14000000000000007,-0.32,True,False,False,False,False,False,False,0,0,0,0,,0.0,1.4901161193847656e-08,0,0,False
0.0,0.15999999999999998,-0.32,True,False,False,False,False,False,False,0,0,0,0,,0.0,1.4901161193847656e-08,0,0,False
0.0,0.18,-0.32,True,False,False,False,False,False,False,0,0,0,0,,0.0,1.4901161193847656e-08,0,0,False
0.0,0.2,-0.32,True,False,False,False,False,False,False,0,0,0,0,,0.0,1.4901161193847656e-08,0,0,False
0.0,0.22000000000000003,-0.32,True,False,False,False,False,False,False,0,0,0,0,,0.0,1.4901161193847656e-08,0,0,False
0.0,0.24000000000000005,-0.32,True,False,False,False,False,False,False,0,0,0,0,,0.0,1.4901161193847656e-08,0,0,False
0.0,0.26000000000000006,-0.32,True,False,False,False,False,False,False,0,0,0,0,,0.0,1.4901161193847656e-08,0,0,False
0.0,0.2800000000000001,-0.32,True,False,False,False,False,False,False,0,0,0,0,,0.0,1.4901161193847656e-08,0,0,False
0.0,0.3,-0.32,True,False,False,False,False,False,False,0,0,0,0,,0.0,1.4901161193847656e-08,0,0,False
0.0,0.32,-0.32,True,False,False,False,False,False,False,0,0,0,0,,0.0,1.4901161193847656e-08,0,0,False
0.0,0.34,-0.32,True,False,False,False,False,False,False,0,0,0,0,,0.0,1.4901161193847656e-08,0,0,False
0.0,0.36000000000000004,-0.32,True,False,False,False,False,False,False,0,0,0,0,,0.0,1.4901161193847656e-08,0,0,False
0.0,0.38000000000000006,-0.32,True,False,False,False,False,False,False,0,0,0,0,,0.0,1.4901161193847656e-08,0,0,False
0.0,0.4000000000000001,-0.32,True,False,False,False,False,False,False,0,0,0,0,,0.0,1.4901161193847656e-08,0,0,False
0.0,0.42,-0.32,True,False,False,False,False,False,False,0,0,0,0,,0.0,1.4901161193847656e-08,0,0,False
0.0,-0.42,-0.30000000000000004,True,False,False,False,False,False,False,0,0,0,0,,0.0,1.4901161193847656e-08,0,0,False
0.0,-0.39999999999999997,-0.30000000000000004,True,False,False,False,False,False,False,0,0,0,0,,0.0,1.4901161193847656e-08,0,0,False
0.0,-0.38,-0.30000000000000004,True,False,False,False,False,False,False,0,0,0,0,,0.0,1.4901161193847656e-08,0,0,False
0.0,-0.36,-0.30000000000000004,True,False,False,False,False,False,False,0,0,0,0,,0.0,1.4901161193847656e-08,0,0,False
0.0,-0.33999999999999997,-0.30000000000000004,True,False,False,False,False,False,False,0,0,0,0,,0.0,1.4901161193847656e-08,0,0,False
0.0,-0.31999999999999995,-0.30000000000000004,True,False,False,False,False,False,False,0,0,0,0,,0.0,1.4901161193847656e-08,0,0,False
0.0,-0.3,-0.30000000000000004,True,False,False,False,False,False,False,0,0,0,0,,0.0,1.4901161193847656e-08,0,0,False
0.0,-0.27999999999999997,-0.30000000000000004,True,False,False,False,False,False,False,0,0,0,0,,0.0,1.4901161193847656e-08,0,0,False
0.0,-0.26,-0.30000000000000004,True,False,False,False,False,False,False,0,0,0,0,,0.0,1.4901161193847656e-08,0,0,False
0.0,-0.24,-0.30000000000000004,True,False,False,False,False,False,False,0,0,0,0,,0.0,1.4901161193847656e-08,0,0,False
0.0,-0.21999999999999997,-0.30000000000000004,True,False,False,False,False,False,False,0,0,0,0,,0.0,1.4901161193847656e-08,0,0,False
0.0,-0.19999999999999998,-0.30000000000000004,True,False,False,False,False,False,False,0,0,0,0,,0.0,1.4901161193847656e-08,0,0,False
0.0,-0.18,-0.30000000000000004,True,False,False,False,False,False,False,0,0,0,0,,0.0,1.4901161193847656e-08,0,0,False
0.0,-0.15999999999999998,-0.30000000000000004,True,False,False,False,False,False,False,0,0,0,0,,0.0,1.4901161193847656e-08,0,0,False
0.0,-0.13999999999999996,-0.30000000000000004,True,False,False,False,False,False,False,0,0,0,0,,0.0,1.4901161193847656e-08,0,0,False
0.0,-0.12,-0.30000000000000004,True,False,False,False,False,False,False,0,0,0,0,,0.0,1.4901161193847656e-08,0,0,False
0.0,-0.09999999999999998,-0.30000000000000004,True,False,False,False,False,False,False,0,0,0,0,,0.0,1.490127488014328e-08,0,0,False
0.0,-0.07999999999999996,-0.30000000000000004,True,False,False,False,False,False,False,0,0,0,0,,0.0,1.4901161193847656e-08,0,0,False
0.0,-0.06,-0.30000000000000004,True,False,False,False,False,False,False,0,0,0,0,,0.0,1.4901161193847656e-08,0,0,False
0.0,-0.03999999999999998,-0.30000000000000004,True,False,False,False,False,False,False,0,0,0,0,,0.0,1.4901161193847656e-08,0,0,False
0.0,-0.019999999999999962,-0.30000000000000004,True,False,False,False,False,False,False,0,0,0,0,,0.0,1.4901161193847656e-08,0,0,False
0.0,0.0,-0.30000000000000004,True,False,False,False,False,False,False,0,0,0,0,,0.0,1.4901161193847656e-08,0,0,False
0.0,0.020000000000000018,-0.30000000000000004,True,False,False,False,False,False,False,0,0,0,0,,0.0,1.4901161193847656e-08,0,0,False
0.0,0.040000000000000036,-0.30000000000000004,True,False,False,False,False,False,False,0,0,0,0,,0.0,1.4901161193847656e-08,0,0,False
0.0,0.06,-0.30000000000000004,True,False,False,False,False,False,False,0,0,0,0,,0.0,1.4901161193847656e-08,0,0,False
0.0,0.08000000000000002,-0.30000000000000004,True,False,False,False,False,False,False,0,0,0,0,,0.0,1.4901161193847656e-08,0,0,False
0.0,0.10000000000000003,-0.30000000000000004,True,False,False,False,False,False,False,0,0,0,0,,0.0,1.4901161193847656e-08,0,0,False
0.0,0.12000000000000005,-0.30000000000000004,True,False,False,False,False,False,False,0,0,0,0,,0.0,1.4901161193847656e-08,0,0,False
0.0,0.14000000000000007,-0.30000000000000004,True,False,False,False,False,False,False,0,0,0,0,,0.0,1.4901161193847656e-08,0,0,False
0.0,0.15999999999999998,-0.30000000000000004,True,False,False,False,False,False,False,0,0,0,0,,0.0,1.4901161193847656e-08,0,0,False
0.0,0.18,-0.30000000000000004,True,False,False,False,False,False,False,0,0,0,0,,0.0,1.4901161193847656e-08,0,0,False
0.0,0.2,-0.30000000000000004,True,False,False,False,False,False,False,0,0,0,0,,0.0,1.4901161193847656e-08,0,0,False
0.0,0.22000000000000003,-0.30000000000000004,True,False,False,False,False,False,False,0,0,0,0,,0.0,1.4901161193847656e-08,0,0,False
0.0,0.24000000000000005,-0.30000000000000004,True,False,False,False,False,False,False,0,0,0,0,,0.0,1.4901161193847656e-08,0,0,False
0.0,0.26000000000000006,-0.30000000000000004,True,False,False,False,False,False,False,0,0,0,0,,0.0,1.4901161193847656e-08,0,0,False
0.0,0.2800000000000001,-0.30000000000000004,True,False,False,False,False,False,False,0,0,0,0,,0.0,1.4901161193847656e-08,0,0,False
0.0,0.3,-0.30000000000000004,True,False,False,False,False,False,False,0,0,0,0,,0.0,1.4901161193847656e-08,0,0,False
0.0,0.32,-0.30000000000000004,True,False,False,False,False,False,False,0,0,0,0,,0.0,1.4901161193847656e-08,0,0,False
0.0,0.34,-0.30000000000000004,True,False,False,False,False,False,False,0,0,0,0,,0.0,1.4901161193847656e-08,0,0,False
0.0,0.36000000000000004,-0.30000000000000004,True,False,False,False,False,False,False,0,0,0,0,,0.0,1.4901161193847656e-08,0,0,False
0.0,0.38000000000000006,-0.30000000000000004,True,False,False,False,False,False,False,0,0,0,0,,0.0,1.4901161193847656e-08,0,0,False
0.0,0.4000000000000001,-0.30000000000000004,True,False,False,False,False,False,False,0,0,0,0,,0.0,1.4901161193847656e-08,0,0,False
0.0,0.42,-0.30000000000000004,True,False,False,False,False,False,False,0,0,0,0,,0.0,1.4901161193847656e-08,0,0,False
0.0,-0.42,-0.28,True,False,False,False,False,False,False,0,0,0,0,,0.0,1.4901161193847656e-08,0,0,False
0.0,-0.39999999999999997,-0.28,True,False,False,False,False,False,False,0,0,0,0,,0.0,1.4901161193847656e-08,0,0,False
0.0,-0.38,-0.28,True,False,False,False,False,False,False,0,0,0,0,,0.0,1.4901161193847656e-08,0,0,False
0.0,-0.36,-0.28,True,False,False,False,False,False,False,0,0,0,0,,0.0,1.4901161193847656e-08,0,0,False
0.0,-0.33999999999999997,-0.28,True,False,False,False,False,False,False,0,0,0,0,,0.0,1.4901161193847656e-08,0,0,False
0.0,-0.31999999999999995,-0.28,True,False,False,False,False,False,False,0,0,0,0,,0.0,1.4901161193847656e-08,0,0,False
0.0,-0.3,-0.28,True,False,False,False,False,False,False,0,0,0,0,,0.0,1.4901161193847656e-08,0,0,False
0.0,-0.27999999999999997,-0.28,True,False,False,False,False,False,False,0,0,0,0,,0.0,1.4901161193847656e-08,0,0,False
0.0,-0.26,-0.28,True,False,False,False,False,False,False,0,0,0,0,,0.0,1.4901161193847656e-08,0,0,False
0.0,-0.24,-0.28,True,False,False,False,False,False,False,0,0,0,0,,0.0,1.4901161193847656e-08,0,0,False
0.0,-0.21999999999999997,-0.28,True,False,False,False,False,False,False,0,0,0,0,,0.0,1.4901161193847656e-08,0,0,False
0.0,-0.19999999999999998,-0.28,True,False,False,False,False,False,False,0,0,0,0,,0.0,1.4901161193847656e-08,0,0,False
0.0,-0.18,-0.28,True,False,False,False,False,False,False,0,0,0,0,,0.0,1.4901161193847656e-08,0,0,False
0.0,-0.15999999999999998,-0.28,True,False,False,False,False,False,False,0,0,0,0,,0.0,1.4901161193847656e-08,0,0,False
0.0,-0.13999999999999996,-0.28,True,False,False,False,False,False,False,0,0,0,0,,0.0,1.4901161193847656e-08,0,0,False
0.0,-0.12,-0.28,True,False,False,False,False,False,False,0,0,0,0,,0.0,1.4901161193847656e-08,0,0,False
0.0,-0.09999999999999998,-0.28,True,False,False,False,False,False,False,0,0,0,0,,0.0,1.490127488014328e-08,0,0,False
0.0,-0.07999999999999996,-0.28,True,False,False,False,False,False,False,0,0,0,0,,0.0,1.4901161193847656e-08,0,0,False
0.0,-0.06,-0.28,True,False,False,False,False,False,False,0,0,0,0,,0.0,1.4901161193847656e-08,0,0,False
0.0,-0.03999999999999998,-0.28,True,False,False,False,False,False,False,0,0,0,0,,0.0,1.4901161193847656e-08,0,0,False
0.0,-0.019999999999999962,-0.28,True,False,False,False,False,False,False,0,0,0,0,,0.0,1.4901161193847656e-08,0,0,False
0.0,0.0,-0.28,True,False,False,False,False,False,False,0,0,0,0,,0.0,1.4901161193847656e-08,0,0,False
0.0,0.020000000000000018,-0.28,True,False,False,False,False,False,False,0,0,0,0,,0.0,1.4901161193847656e-08,0,0,False
0.0,0.040000000000000036,-0.28,True,False,False,False,False,False,False,0,0,0,0,,0.0,1.4901161193847656e-08,0,0,False
0.0,0.06,-0.28,True,False,False,False,False,False,False,0,0,0,0,,0.0,1.4901161193847656e-08,0,0,False
0.0,0.08000000000000002,-0.28,True,False,False,False,False,False,False,0,0,0,0,,0.0,1.4901161193847656e-08,0,0,False
0.0,0.10000000000000003,-0.28,True,False,False,False,False,False,False,0,0,0,0,,0.0,1.4901161193847656e-08,0,0,False
0.0,0.12000000000000005,-0.28,True,False,False,False,False,False,False,0,0,0,0,,0.0,1.4901161193847656e-08,0,0,False
0.0,0.14000000000000007,-0.28,True,False,False,False,False,False,False,0,0,0,0,,0.0,1.4901161193847656e-08,0,0,False
0.0,0.15999999999999998,-0.28,True,False,False,False,False,False,False,0,0,0,0,,0.0,1.4901161193847656e-08,0,0,False
0.0,0.18,-0.28,True,False,False,False,False,False,False,0,0,0,0,,0.0,1.4901161193847656e-08,0,0,False
0.0,0.2,-0.28,True,False,False,False,False,False,False,0,0,0,0,,0.0,1.4901161193847656e-08,0,0,False
0.0,0.22000000000000003,-0.28,True,False,False,False,False,False,False,0,0,0,0,,0.0,1.4901161193847656e-08,0,0,False
0.0,0.24000000000000005,-0.28,True,False,False,False,False,False,False,0,0,0,0,,0.0,1.4901161193847656e-08,0,0,False
0.0,0.26000000000000006,-0.28,True,False,False,False,False,False,False,0,0,0,0,,0.0,1.4901161193847656e-08,0,0,False
0.0,0.2800000000000001,-0.28,True,False,False,False,False,False,False,0,0,0,0,,0.0,1.4901161193847656e-08,0,0,False
0.0,0.3,-0.28,True,False,False,False,False,False,False,0,0,0,0,,0.0,1.4901161193847656e-08,0,0,False
0.0,0.32,-0.28,True,False,False,False,False,False,False,0,0,0,0,,0.0,1.4901161193847656e-08,0,0,False
0.0,0.34,-0.28,True,False,False,False,False,False,False,0,0,0,0,,0.0,1.4901161193847656e-08,0,0,False
0.0,0.36000000000000004,-0.28,True,False,False,False,False,False,False,0,0,0,0,,0.0,1.4901161193847656e-08,0,0,False
0.0,0.38000000000000006,-0.28,True,False,False,False,False,False,False,0,0,0,0,,0.0,1.4901161193847656e-08,0,0,False
0.0,0.4000000000000001,-0.28,True,False,False,False,False,False,False,0,0,0,0,,0.0,1.4901161193847656e-08,0,0,False
0.0,0.42,-0.28,True,False,False,False,False,False,False,0,0,0,0,,0.0,1.4901161193847656e-08,0,0,False
0.0,-0.42,-0.26,True,False,False,False,False,False,False,0,0,0,0,,0.0,1.4901161193847656e-08,0,0,False
0.0,-0.39999999999999997,-0.26,True,False,False,False,False,False,False,0,0,0,0,,0.0,1.4901161193847656e-08,0,0,False
0.0,-0.38,-0.26,True,False,False,False,False,False,False,0,0,0,0,,0.0,1.4901161193847656e-08,0,0,False
0.0,-0.36,-0.26,True,False,False,False,False,False,False,0,0,0,0,,0.0,1.4901161193847656e-08,0,0,False
0.0,-0.33999999999999997,-0.26,True,False,False,False,False,False,False,0,0,0,0,,0.0,1.4901161193847656e-08,0,0,False
0.0,-0.31999999999999995,-0.26,True,False,False,False,False,False,False,0,0,0,0,,0.0,1.4901161193847656e-08,0,0,False
0.0,-0.3,-0.26,True,False,False,False,False,False,False,0,0,0,0,,0.0,1.4901161193847656e-08,0,0,False
0.0,-0.27999999999999997,-0.26,True,False,False,False,False,False,False,0,0,0,0,,0.0,1.4901161193847656e-08,0,0,False
0.0,-0.26,-0.26,True,False,False,False,False,False,False,0,0,0,0,,0.0,1.4901161193847656e-08,0,0,False
0.0,-0.24,-0.26,True,False,False,False,False,False,False,0,0,0,0,,0.0,1.4901161193847656e-08,0,0,False
0.0,-0.21999999999999997,-0.26,True,False,False,False,False,False,False,0,0,0,0,,0.0,1.4901161193847656e-08,0,0,False
0.0,-0.19999999999999998,-0.26,True,False,False,False,False,False,False,0,0,0,0,,0.0,1.4901161193847656e-08,0,0,False
0.0,-0.18,-0.26,True,False,False,False,False,False,False,0,0,0,0,,0.0,1.4901161193847656e-08,0,0,False
0.0,-0.15999999999999998,-0.26,True,False,False,False,False,False,False,0,0,0,0,,0.0,1.4901161193847656e-08,0,0,False
0.0,-0.13999999999999996,-0.26,True,False,False,False,False,False,False,0,0,0,0,,0.0,1.4901161193847656e-08,0,0,False
0.0,-0.12,-0.26,True,False,False,False,False,False,False,0,0,0,0,,0.0,1.4901161193847656e-08,0,0,False
0.0,-0.09999999999999998,-0.26,True,False,False,False,False,False,False,0,0,0,0,,0.0,1.490127488014328e-08,0,0,False
0.0,-0.07999999999999996,-0.26,True,False,False,False,False,False,False,0,0,0,0,,0.0,1.4901161193847656e-08,0,0,False
0.0,-0.06,-0.26,True,False,False,False,False,False,False,0,0,0,0,,0.0,1.4901161193847656e-08,0,0,False
0.0,-0.03999999999999998,-0.26,True,False,False,False,False,False,False,0,0,0,0,,0.0,1.4901161193847656e-08,0,0,False
0.0,-0.019999999999999962,-0.26,True,False,False,False,False,False,False,0,0,0,0,,0.0,1.4901161193847656e-08,0,0,False
0.0,0.0,-0.26,True,False,False,False,False,False,False,0,0,0,0,,0.0,1.4901161193847656e-08,0,0,False
0.0,0.020000000000000018,-0.26,True,False,False,False,False,False,False,0,0,0,0,,0.0,1.4901161193847656e-08,0,0,False
0.0,0.040000000000000036,-0.26,True,False,False,False,False,False,False,0,0,0,0,,0.0,1.4901161193847656e-08,0,0,False
0.0,0.06,-0.26,True,False,False,False,False,False,False,0,0,0,0,,0.0,1.4901161193847656e-08,0,0,False
0.0,0.08000000000000002,-0.26,True,False,False,False,False,False,False,0,0,0,0,,0.0,1.4901161193847656e-08,0,0,False
0.0,0.10000000000000003,-0.26,True,False,False,False,False,False,False,0,0,0,0,,0.0,1.4901161193847656e-08,0,0,False
0.0,0.12000000000000005,-0.26,True,False,False,False,False,False,False,0,0,0,0,,0.0,1.4901161193847656e-08,0,0,False
0.0,0.14000000000000007,-0.26,True,False,False,False,False,False,False,0,0,0,0,,0.0,1.4901161193847656e-08,0,0,False
0.0,0.15999999999999998,-0.26,True,False,False,False,False,False,False,0,0,0,0,,0.0,1.4901161193847656e-08,0,0,False
0.0,0.18,-0.26,True,False,False,False,False,False,False,0,0,0,0,,0.0,1.4901161193847656e-08,0,0,False
0.0,0.2,-0.26,True,False,False,False,False,False,False,0,0,0,0,,0.0,1.4901161193847656e-08,0,0,False
0.0,0.22000000000000003,-0.26,True,False,False,False,False,False,False,0,0,0,0,,0.0,1.4901161193847656e-08,0,0,False
0.0,0.24000000000000005,-0.26,True,False,False,False,False,False,False,0,0,0,0,,0.0,1.4901161193847656e-08,0,0,False
0.0,0.26000000000000006,-0.26,True,False,False,False,False,False,False,0,0,0,0,,0.0,1.4901161193847656e-08,0,0,False
0.0,0.2800000000000001,-0.26,True,False,False,False,False,False,False,0,0,0,0,,0.0,1.4901161193847656e-08,0,0,False
0.0,0.3,-0.26,True,False,False,False,False,False,False,0,0,0,0,,0.0,1.4901161193847656e-08,0,0,False
0.0,0.32,-0.26,True,False,False,False,False,False,False,0,0,0,0,,0.0,1.4901161193847656e-08,0,0,False
0.0,0.34,-0.26,True,False,False,False,False,False,False,0,0,0,0,,0.0,1.4901161193847656e-08,0,0,False
0.0,0.36000000000000004,-0.26,True,False,False,False,False,False,False,0,0,0,0,,0.0,1.4901161193847656e-08,0,0,False
0.0,0.38000000000000006,-0.26,True,False,False,False,False,False,False,0,0,0,0,,0.0,1.4901161193847656e-08,0,0,False
0.0,0.4000000000000001,-0.26,True,False,False,False,False,False,False,0,0,0,0,,0.0,1.4901161193847656e-08,0,0,False
0.0,0.42,-0.26,True,False,False,False,False,False,False,0,0,0,0,,0.0,1.4901161193847656e-08,0,0,False
0.0,-0.42,-0.24000000000000002,True,False,False,False,False,False,False,0,0,0,0,,0.0,1.4901161193847656e-08,0,0,False
0.0,-0.39999999999999997,-0.24000000000000002,True,False,False,False,False,False,False,0,0,0,0,,0.0,1.4901161193847656e-08,0,0,False
0.0,-0.38,-0.24000000000000002,True,False,False,False,False,False,False,0,0,0,0,,0.0,1.4901161193847656e-08,0,0,False
0.0,-0.36,-0.24000000000000002,True,False,False,False,False,False,False,0,0,0,0,,0.0,1.4901161193847656e-08,0,0,False
0.0,-0.33999999999999997,-0.24000000000000002,True,False,False,False,False,False,False,0,0,0,0,,0.0,1.4901161193847656e-08,0,0,False
0.0,-0.31999999999999995,-0.24000000000000002,True,False,False,False,False,False,False,0,0,0,0,,0.0,1.4901161193847656e-08,0,0,False
0.0,-0.3,-0.24000000000000002,True,False,False,False,False,False,False,0,0,0,0,,0.0,1.4901161193847656e-08,0,0,False
0.0,-0.27999999999999997,-0.24000000000000002,True,False,False,False,False,False,False,0,0,0,0,,0.0,1.4901161193847656e-08,0,0,False
0.0,-0.26,-0.24000000000000002,True,False,False,False,False,False,False,0,0,0,0,,0.0,1.4901161193847656e-08,0,0,False
0.0,-0.24,-0.24000000000000002,True,False,False,False,False,False,False,0,0,0,0,,0.0,1.4901161193847656e-08,0,0,False
0.0,-0.21999999999999997,-0.24000000000000002,True,False,False,False,False,False,False,0,0,0,0,,0.0,1.4901161193847656e-08,0,0,False
0.0,-0.19999999999999998,-0.24000000000000002,True,False,False,False,False,False,False,0,0,0,0,,0.0,1.4901161193847656e-08,0,0,False
0.0,-0.18,-0.24000000000000002,True,False,False,False,False,False,False,0,0,0,0,,0.0,1.4901161193847656e-08,0,0,False
0.0,-0.15999999999999998,-0.24000000000000002,True,False,False,False,False,False,False,0,0,0,0,,0.0,1.4901161193847656e-08,0,0,False
0.0,-0.13999999999999996,-0.24000000000000002,True,False,False,False,False,False,False,0,0,0,0,,0.0,1.4901161193847656e-08,0,0,False
0.0,-0.12,-0.24000000000000002,True,False,False,False,False,False,False,0,0,0,0,,0.0,1.4901161193847656e-08,0,0,False
0.0,-0.09999999999999998,-0.24000000000000002,True,False,False,False,False,False,False,0,0,0,0,,0.0,1.490127488014328e-08,0,0,False
0.0,-0.07999999999999996,-0.24000000000000002,True,False,False,False,False,False,False,0,0,0,0,,0.0,1.4901161193847656e-08,0,0,False
0.0,-0.06,-0.24000000000000002,True,False,False,False,False,False,False,0,0,0,0,,0.0,1.4901161193847656e-08,0,0,False
0.0,-0.03999999999999998,-0.24000000000000002,True,False,False,False,False,False,False,0,0,0,0,,0.0,1.4901161193847656e-08,0,0,False
0.0,-0.019999999999999962,-0.24000000000000002,True,False,False,False,False,False,False,0,0,0,0,,0.0,1.4901161193847656e-08,0,0,False
0.0,0.0,-0.24000000000000002,True,False,False,False,False,False,False,0,0,0,0,,0.0,1.4901161193847656e-08,0,0,False
0.0,0.020000000000000018,-0.24000000000000002,True,False,False,False,False,False,False,0,0,0,0,,0.0,1.4901161193847656e-08,0,0,False
0.0,0.040000000000000036,-0.24000000000000002,True,False,False,False,False,False,False,0,0,0,0,,0.0,1.4901161193847656e-08,0,0,False
0.0,0.06,-0.24000000000000002,True,False,False,False,False,False,False,0,0,0,0,,0.0,1.4901161193847656e-08,0,0,False
0.0,0.08000000000000002,-0.24000000000000002,True,False,False,False,False,False,False,0,0,0,0,,0.0,1.4901161193847656e-08,0,0,False
0.0,0.10000000000000003,-0.24000000000000002,True,False,False,False,False,False,False,0,0,0,0,,0.0,1.4901161193847656e-08,0,0,False
0.0,0.12000000000000005,-0.24000000000000002,True,False,False,False,False,False,False,0,0,0,0,,0.0,1.4901161193847656e-08,0,0,False
0.0,0.14000000000000007,-0.24000000000000002,True,False,False,False,False,False,False,0,0,0,0,,0.0,1.4901161193847656e-08,0,0,False
0.0,0.15999999999999998,-0.24000000000000002,True,False,False,False,False,False,False,0,0,0,0,,0.0,1.4901161193847656e-08,0,0,False
0.0,0.18,-0.24000000000000002,True,False,False,False,False,False,False,0,0,0,0,,0.0,1.4901161193847656e-08,0,0,False
0.0,0.2,-0.24000000000000002,True,False,False,False,False,False,False,0,0,0,0,,0.0,1.4901161193847656e-08,0,0,False
0.0,0.22000000000000003,-0.24000000000000002,True,False,False,False,False,False,False,0,0,0,0,,0.0,1.4901161193847656e-08,0,0,False
0.0,0.24000000000000005,-0.24000000000000002,True,False,False,False,False,False,False,0,0,0,0,,0.0,1.4901161193847656e-08,0,0,False
0.0,0.26000000000000006,-0.24000000000000002,True,False,False,False,False,False,False,0,0,0,0,,0.0,1.4901161193847656e-08,0,0,False
0.0,0.2800000000000001,-0.24000000000000002,True,False,False,False,False,False,False,0,0,0,0,,0.0,1.4901161193847656e-08,0,0,False
0.0,0.3,-0.24000000000000002,True,False,False,False,False,False,False,0,0,0,0,,0.0,1.4901161193847656e-08,0,0,False
0.0,0.32,-0.24000000000000002,True,False,False,False,False,False,False,0,0,0,0,,0.0,1.4901161193847656e-08,0,0,False
0.0,0.34,-0.24000000000000002,True,False,False,False,False,False,False,0,0,0,0,,0.0,1.4901161193847656e-08,0,0,False
0.0,0.36000000000000004,-0.24000000000000002,True,False,False,False,False,False,False,0,0,0,0,,0.0,1.4901161193847656e-08,0,0,False
0.0,0.38000000000000006,-0.24000000000000002,True,False,False,False,False,False,False,0,0,0,0,,0.0,1.4901161193847656e-08,0,0,False
0.0,0.4000000000000001,-0.24000000000000002,True,False,False,False,False,False,False,0,0,0,0,,0.0,1.4901161193847656e-08,0,0,False
0.0,0.42,-0.24000000000000002,True,False,False,False,False,False,False,0,0,0,0,,0.0,1.4901161193847656e-08,0,0,False
0.0,-0.42,-0.22000000000000003,True,False,False,False,False,False,False,0,0,0,0,,0.0,1.4901161193847656e-08,0,0,False
0.0,-0.39999999999999997,-0.22000000000000003,True,False,False,False,False,False,False,0,0,0,0,,0.0,1.4901161193847656e-08,0,0,False
0.0,-0.38,-0.22000000000000003,True,False,False,False,False,False,False,0,0,0,0,,0.0,1.4901161193847656e-08,0,0,False
0.0,-0.36,-0.22000000000000003,True,False,False,False,False,False,False,0,0,0,0,,0.0,1.4901161193847656e-08,0,0,False
0.0,-0.33999999999999997,-0.22000000000000003,True,False,False,False,False,False,False,0,0,0,0,,0.0,1.4901161193847656e-08,0,0,False
0.0,-0.31999999999999995,-0.22000000000000003,True,False,False,False,False,False,False,0,0,0,0,,0.0,1.4901161193847656e-08,0,0,False
0.0,-0.3,-0.22000000000000003,True,False,False,False,False,False,False,0,0,0,0,,0.0,1.4901161193847656e-08,0,0,False
0.0,-0.27999999999999997,-0.22000000000000003,True,False,False,False,False,False,False,0,0,0,0,,0.0,1.4901161193847656e-08,0,0,False
0.0,-0.26,-0.22000000000000003,True,False,False,False,False,False,False,0,0,0,0,,0.0,1.4901161193847656e-08,0,0,False
0.0,-0.24,-0.22000000000000003,True,False,False,False,False,False,False,0,0,0,0,,0.0,1.4901161193847656e-08,0,0,False
0.0,-0.21999999999999997,-0.22000000000000003,True,False,False,False,False,False,False,0,0,0,0,,0.0,1.4901161193847656e-08,0,0,False
0.0,-0.19999999999999998,-0.22000000000000003,True,False,False,False,False,False,False,0,0,0,0,,0.0,1.4901161193847656e-08,0,0,False
0.0,-0.18,-0.22000000000000003,True,False,False,False,False,False,False,1,2,0,0,0.019082121551036835,0.0,1.4901161193847656e-08,1,0,False
0.0,-0.15999999999999998,-0.22000000000000003,True,False,False,False,False,False,False,1,2,0,0,0.01896291971206665,0.0,1.4901161193847656e-08,1,0,False
0.0,-0.13999999999999996,-0.22000000000000003,True,False,False,False,False,False,False,1,1,0,0,0.018799085170030594,0.0,1.4901161193847656e-08,1,0,False
0.0,-0.12,-0.22000000000000003,True,False,False,False,False,False,False,1,3,0,0,0.018655404448509216,0.0,1.4901161193847656e-08,1,0,False
0.0,-0.09999999999999998,-0.22000000000000003,True,False,False,False,False,False,False,1,3,0,0,0.018649697303771973,0.0,1.490127488014328e-08,1,0,False
0.0,-0.07999999999999996,-0.22000000000000003,True,False,False,False,False,False,False,1,2,0,0,0.018778696656227112,0.0,1.4901161193847656e-08,1,0,False
0.0,-0.06,-0.22000000000000003,True,False,False,False,False,False,False,1,2,0,0,0.018717102706432343,0.0,1.4901161193847656e-08,1,0,False
0.0,-0.03999999999999998,-0.22000000000000003,True,False,False,False,False,False,False,2,3,0,0,0.018771622329950333,0.0,1.4901161193847656e-08,2,0,False
0.0,-0.019999999999999962,-0.22000000000000003,True,False,False,False,False,False,False,2,4,0,0,0.01890939474105835,0.0,1.4901161193847656e-08,2,0,False
0.0,0.0,-0.22000000000000003,True,False,False,False,False,False,False,2,5,0,0,0.018839828670024872,0.0,1.4901161193847656e-08,2,0,False
0.0,0.020000000000000018,-0.22000000000000003,True,False,False,False,False,False,False,1,3,0,0,0.018656983971595764,0.0,1.4901161193847656e-08,1,0,False
0.0,0.040000000000000036,-0.22000000000000003,True,False,False,False,False,False,False,1,3,0,0,0.018651284277439117,0.0,1.4901161193847656e-08,1,0,False
0.0,0.06,-0.22000000000000003,True,False,False,False,False,False,False,1,2,0,0,0.01879584789276123,0.0,1.4901161193847656e-08,1,0,False
0.0,0.08000000000000002,-0.22000000000000003,True,False,False,False,False,False,False,1,2,0,0,0.018731504678726196,0.0,1.4901161193847656e-08,1,0,False
0.0,0.10000000000000003,-0.22000000000000003,True,False,False,False,False,False,False,2,4,0,0,0.018759064376354218,0.0,1.4901161193847656e-08,2,0,False
0.0,0.12000000000000005,-0.22000000000000003,True,False,False,False,False,False,False,2,4,0,0,0.018871061503887177,0.0,1.4901161193847656e-08,2,0,False
0.0,0.14000000000000007,-0.22000000000000003,True,False,False,False,False,False,False,2,4,0,0,0.018884316086769104,0.0,1.4901161193847656e-08,2,0,False
0.0,0.15999999999999998,-0.22000000000000003,True,False,False,False,False,False,False,2,4,0,0,0.018682993948459625,0.0,1.4901161193847656e-08,2,0,False
0.0,0.18,-0.22000000000000003,True,False,False,False,False,False,False,1,3,0,0,0.01865282654762268,0.0,1.4901161193847656e-08,1,0,False
0.0,0.2,-0.22000000000000003,True,False,False,False,False,False,False,1,2,0,0,0.01881294697523117,0.0,1.4901161193847656e-08,1,0,False
0.0,0.22000000000000003,-0.22000000000000003,True,False,False,False,False,False,False,1,2,0,0,0.01874859631061554,0.0,1.4901161193847656e-08,1,0,False
0.0,0.24000000000000005,-0.22000000000000003,True,False,False,False,False,False,False,1,2,0,0,0.01872793585062027,0.0,1.4901161193847656e-08,1,0,False
0.0,0.26000000000000006,-0.22000000000000003,True,False,False,False,False,False,False,1,3,0,0,0.018832631409168243,0.0,1.4901161193847656e-08,1,0,False
0.0,0.2800000000000001,-0.22000000000000003,True,False,False,False,False,False,False,1,2,0,0,0.018977537751197815,0.0,1.4901161193847656e-08,1,0,False
0.0,0.3,-0.22000000000000003,True,False,False,False,False,False,False,1,1,0,0,0.01915455423295498,0.0,1.4901161193847656e-08,1,0,False
0.0,0.32,-0.22000000000000003,True,False,False,False,False,False,False,0,0,0,0,,0.0,1.4901161193847656e-08,0,0,False
0.0,0.34,-0.22000000000000003,True,False,False,False,False,False,False,0,0,0,0,,0.0,1.4901161193847656e-08,0,0,False
0.0,0.36000000000000004,-0.22000000000000003,True,False,False,False,False,False,False,0,0,0,0,,0.0,1.4901161193847656e-08,0,0,False
0.0,0.38000000000000006,-0.22000000000000003,True,False,False,False,False,False,False,0,0,0,0,,0.0,1.4901161193847656e-08,0,0,False
0.0,0.4000000000000001,-0.22000000000000003,True,False,False,False,False,False,False,0,0,0,0,,0.0,1.4901161193847656e-08,0,0,False
0.0,0.42,-0.22000000000000003,True,False,False,False,False,False,False,0,0,0,0,,0.0,1.4901161193847656e-08,0,0,False
0.0,-0.42,-0.2,True,False,False,False,False,False,False,0,0,0,0,,0.0,1.4901161193847656e-08,0,0,False
0.0,-0.39999999999999997,-0.2,True,False,False,False,False,False,False,0,0,0,0,,0.0,1.4901161193847656e-08,0,0,False
0.0,-0.38,-0.2,True,False,False,False,False,False,False,0,0,0,0,,0.0,1.4901161193847656e-08,0,0,False
0.0,-0.36,-0.2,True,False,False,False,False,False,False,0,0,0,0,,0.0,1.4901161193847656e-08,0,0,False
0.0,-0.33999999999999997,-0.2,True,False,False,False,False,False,False,0,0,0,0,,0.0,1.4901161193847656e-08,0,0,False
0.0,-0.31999999999999995,-0.2,True,False,True,False,False,False,False,1,4,0,0,0.013022668659687042,0.0,1.4901161193847656e-08,1,0,False
0.0,-0.3,-0.2,True,False,True,False,False,False,False,4,13,0,0,0.012891672551631927,0.0,1.4901161193847656e-08,4,0,False
0.0,-0.27999999999999997,-0.2,True,False,True,False,False,False,False,4,16,0,0,0.012724488973617554,0.0,1.4901161193847656e-08,4,0,False
0.0,-0.26,-0.2,True,False,True,False,False,False,False,5,17,0,0,0.01255684345960617,0.0,1.4901161193847656e-08,5,0,False
0.0,-0.24,-0.2,True,False,True,False,False,False,False,5,17,0,0,0.012499570846557617,0.0,1.4901161193847656e-08,5,0,False
0.0,-0.21999999999999997,-0.2,True,False,True,False,False,False,False,7,19,0,0,0.01260528713464737,0.0,1.4901161193847656e-08,7,0,False
0.0,-0.19999999999999998,-0.2,True,False,True,True,False,True,False,10,28,4,0,0.0005192086100578308,0.0,1.4901161193847656e-08,10,4,True
0.0,-0.18,-0.2,True,False,True,True,False,True,False,14,42,4,0,-0.0009178593754768372,0.0,0.00023934440789708558,14,4,True
0.0,-0.15999999999999998,-0.2,True,False,True,True,False,True,False,15,37,4,0,-0.001082494854927063,0.0,0.00035037456420490527,15,4,True
0.0,-0.13999999999999996,-0.2,True,False,True,True,False,True,False,14,36,1,0,-0.0012615470914170146,0.0,0.0005087677038640073,14,1,True
0.0,-0.12,-0.2,True,False,True,True,False,True,False,16,53,4,0,-0.0013577118515968323,0.0,0.0008169447678432562,16,4,True
0.0,-0.09999999999999998,-0.2,True,False,True,True,False,True,False,16,49,4,0,-0.0013811364769935608,0.0,0.000899052109049384,16,4,True
0.0,-0.07999999999999996,-0.2,True,False,True,False,False,False,False,15,41,0,0,0.01070916373282671,0.0,1.4901161193847656e-08,15,0,False
0.0,-0.06,-0.2,True,False,True,False,False,False,False,19,53,0,0,0.00319807231426239,0.0,1.4901161193847656e-08,19,0,False
0.0,-0.03999999999999998,-0.2,True,False,True,True,False,True,False,24,57,5,0,-0.001341960858553648,0.0,0.0005827710641020504,24,5,True
0.0,-0.019999999999999962,-0.2,True,False,True,True,False,True,False,21,59,8,0,-0.0011510401964187622,0.0,0.0004986979042386098,21,8,True
0.0,0.0,-0.2,True,False,True,True,False,True,False,24,71,9,0,-0.0011990442872047424,0.0,0.0005429344823529231,24,9,True
0.0,0.020000000000000018,-0.2,True,False,True,True,False,True,False,26,73,4,0,-0.0013456419110298157,0.0,0.0007835308607436917,26,4,True
0.0,0.040000000000000036,-0.2,True,False,True,True,False,True,False,20,56,4,0,-0.0013782158493995667,0.0,0.0008851461192368792,20,4,True
0.0,0.06,-0.2,True,False,True,True,False,True,False,15,44,4,0,-0.0013891905546188354,0.0,0.000897212563917047,15,4,True
0.0,0.08000000000000002,-0.2,True,False,True,False,False,False,False,19,53,0,0,0.005002766847610474,0.0,1.4901161193847656e-08,19,0,False
0.0,0.10000000000000003,-0.2,True,False,True,True,False,True,False,25,67,5,0,-0.0013829728122800589,0.0,0.0006134508245414764,25,5,True
0.0,0.12000000000000005,-0.2,True,False,True,True,False,True,False,18,54,10,0,-0.001201137900352478,0.0,0.0005043745573580984,18,10,True
0.0,0.14000000000000007,-0.2,True,False,True,True,False,True,False,19,48,8,0,-0.001153707504272461,0.0,0.0005193906083090916,19,8,True
0.0,0.15999999999999998,-0.2,True,False,True,True,False,True,False,23,55,5,0,-0.0013389213709160686,0.0,0.0006157548689162037,23,5,True
0.0,0.18,-0.2,True,False,True,True,False,True,False,18,48,4,0,-0.0012382268905639648,0.0,0.0006899650382972343,18,4,True
0.0,0.2,-0.2,True,False,True,True,False,True,False,8,22,4,0,-0.0013764053583145142,0.0,0.0009064441125228226,8,4,True
0.0,0.22000000000000003,-0.2,True,False,True,False,False,False,False,11,30,0,0,0.0071771591901779175,0.0,1.4901161193847656e-08,11,0,False
0.0,0.24000000000000005,-0.2,True,False,True,False,False,False,False,11,28,0,0,0.005497783422470093,0.0,1.4901161193847656e-08,11,0,False
0.0,0.26000000000000006,-0.2,True,False,True,True,False,True,False,8,21,3,0,-0.001276172697544098,0.0,0.000438507960315458,8,3,True
0.0,0.2800000000000001,-0.2,True,False,True,True,False,True,False,9,23,4,0,-0.0010894760489463806,0.0,0.0003003951714889613,9,4,True
0.0,0.3,-0.2,True,False,True,True,False,True,False,11,33,4,0,-0.0009565800428390503,0.0,0.00020561010791397808,11,4,True
0.0,0.32,-0.2,True,False,True,False,False,False,False,7,16,0,0,0.006629511713981628,0.0,1.4901161193847656e-08,7,0,False
0.0,0.34,-0.2,True,False,False,False,False,False,False,0,0,0,0,,0.0,1.4901161193847656e-08,0,0,False
0.0,0.36000000000000004,-0.2,True,False,False,False,False,False,False,0,0,0,0,,0.0,1.4901161193847656e-08,0,0,False
0.0,0.38000000000000006,-0.2,True,False,False,False,False,False,False,0,0,0,0,,0.0,1.4901161193847656e-08,0,0,False
0.0,0.4000000000000001,-0.2,True,False,False,False,False,False,False,0,0,0,0,,0.0,1.4901161193847656e-08,0,0,False
0.0,0.42,-0.2,True,False,False,False,False,False,False,0,0,0,0,,0.0,1.4901161193847656e-08,0,0,False
0.0,-0.42,-0.18000000000000002,True,False,False,False,False,False,False,0,0,0,0,,0.0,1.4901161193847656e-08,0,0,False
0.0,-0.39999999999999997,-0.18000000000000002,True,False,False,False,False,False,False,0,0,0,0,,0.0,1.4901161193847656e-08,0,0,False
0.0,-0.38,-0.18000000000000002,True,False,False,False,False,False,False,0,0,0,0,,0.0,1.4901161193847656e-08,0,0,False
0.0,-0.36,-0.18000000000000002,True,False,False,False,False,False,False,0,0,0,0,,0.0,1.4901161193847656e-08,0,0,False
0.0,-0.33999999999999997,-0.18000000000000002,True,False,False,False,False,False,False,7,13,0,0,0.0076470524072647095,0.0,1.4901161193847656e-08,7,0,False
0.0,-0.31999999999999995,-0.18000000000000002,True,False,True,True,True,True,False,27,81,11,4,-0.0071008577942848206,0.0,0.0017096136650251027,26,11,True
0.0,-0.3,-0.18000000000000002,True,False,True,True,True,True,False,47,122,32,4,-0.00743044912815094,0.0,0.005366883268415655,46,30,True
0.0,-0.27999999999999997,-0.18000000000000002,True,False,True,True,True,True,False,45,132,40,12,-0.007702767848968506,1.9778892993927553,0.005378170612832275,45,36,True
0.0,-0.26,-0.18000000000000002,True,False,True,True,True,True,False,46,136,36,12,-0.008054666221141815,0.0,0.006659244280562288,46,35,True
0.0,-0.24,-0.18000000000000002,False,True,True,True,True,False,False,56,165,31,13,-0.008305512368679047,2.8797559738159983,0.006147706720319228,56,29,True
0.0,-0.21999999999999997,-0.18000000000000002,False,True,True,True,True,False,False,62,170,36,13,-0.008850537240505219,20.541515350342223,0.0061939510015642865,63,34,True
0.0,-0.19999999999999998,-0.18000000000000002,False,True,True,True,True,False,False,63,191,47,28,-0.01023998111486435,40.90796661377038,0.009796959222334334,64,41,True
0.0,-0.18,-0.18000000000000002,False,True,True,True,True,False,False,87,240,54,25,-0.008625820279121399,2274.5639648437973,0.011538731277951944,85,35,True
0.0,-0.15999999999999998,-0.18000000000000002,False,True,True,True,True,False,False,84,267,72,35,-0.017793476581573486,4018.756103515737,0.044507905138430975,82,47,True
0.0,-0.13999999999999996,-0.18000000000000002,False,True,True,True,True,False,False,94,261,84,46,-0.018520325422286987,4079.2377929688637,0.03184170666369101,97,54,True
0.0,-0.12,-0.18000000000000002,False,True,True,True,True,False,False,103,309,77,45,-0.020417071878910065,3791.9885253907305,0.019756316592219565,99,81,True
0.0,-0.09999999999999998,-0.18000000000000002,False,True,True,True,True,False,False,106,318,84,56,-0.03278253227472305,5038.3852539062855,0.047390033792558475,113,64,True
0.0,-0.07999999999999996,-0.18000000000000002,False,True,True,True,True,False,False,97,304,79,62,-0.02689392864704132,6464.56347656268,0.025964170336397058,111,58,True
0.0,-0.06,-0.18000000000000002,False,True,True,True,True,False,False,90,304,84,74,-0.011108964681625366,2542.0473632813205,0.012029189659926083,102,68,True
0.0,-0.03999999999999998,-0.18000000000000002,False,True,True,True,True,False,False,95,311,89,81,-0.011685818433761597,2210.6711425781486,0.009009794651948032,103,62,True
0.0,-0.019999999999999962,-0.18000000000000002,False,True,True,True,True,False,False,103,333,82,51,-0.01407817006111145,2408.955078125026,0.011592397751154185,112,61,True
0.0,0.0,-0.18000000000000002,False,True,True,True,True,False,False,116,328,85,65,-0.015687167644500732,4426.761718750063,0.024988138688262898,129,64,True
0.0,0.020000000000000018,-0.18000000000000002,False,True,True,True,True,False,False,116,356,102,61,-0.01836763322353363,3315.6156380144885,0.018490892395960194,108,74,True
0.0,0.040000000000000036,-0.18000000000000002,False,True,True,True,True,False,False,122,360,110,65,-0.02033071219921112,3254.6645507812964,0.007000117837256784,112,69,True
0.0,0.06,-0.18000000000000002,False,True,True,True,True,False,False,110,353,94,73,-0.017112942412495613,4347.859375000062,0.027221288910912,99,48,True
0.0,0.08000000000000002,-0.18000000000000002,False,True,True,True,True,False,False,103,314,60,45,-0.022267088294029236,4339.907714843812,0.026036732110486908,102,60,True
0.0,0.10000000000000003,-0.18000000000000002,False,True,True,True,True,False,False,86,261,57,36,-0.020081855356693268,1627.9561767578298,0.0207670199023227,101,63,True
0.0,0.12000000000000005,-0.18000000000000002,False,True,True,True,True,False,False,91,273,63,43,-0.010985597968101501,1588.3769531250168,0.03029106114491928,98,58,True
0.0,0.14000000000000007,-0.18000000000000002,False,True,True,True,True,False,False,81,220,58,35,-0.010907784104347229,1389.2902832031398,0.0311387309038686,88,52,True
0.0,0.15999999999999998,-0.18000000000000002,False,True,True,True,True,False,False,75,226,64,46,-0.020550064742565155,1960.977050781271,0.005738234264955057,80,60,True
0.0,0.18,-0.18000000000000002,False,True,True,True,True,False,False,78,228,47,25,-0.009543970227241516,852.975219726589,0.007894361535580336,78,49,True
0.0,0.2,-0.18000000000000002,False,True,True,True,True,False,False,70,204,39,14,-0.009012222290039062,226.11477661133515,0.014511770711971433,66,35,True
0.0,0.22000000000000003,-0.18000000000000002,False,True,True,True,True,False,False,59,175,39,18,-0.008871212601661682,176.26184082031796,0.014348017787755568,57,40,True
0.0,0.24000000000000005,-0.18000000000000002,False,True,True,True,True,False,False,52,153,33,19,-0.008737608790397644,101.94918573507036,0.01943144443749497,47,30,True
0.0,0.26000000000000006,-0.18000000000000002,True,False,True,True,True,True,False,44,144,34,15,-0.00918019562959671,107.06804417316377,0.015357001573149088,40,34,True
0.0,0.2800000000000001,-0.18000000000000002,True,False,True,True,True,True,False,37,122,33,11,-0.008324787020683289,66.45410580735943,0.011525191462325913,35,34,True
0.0,0.3,-0.18000000000000002,True,False,True,True,True,True,False,44,129,33,12,-0.007952012121677399,40.65873945905619,0.008493259776162375,43,31,True
0.0,0.32,-0.18000000000000002,True,False,True,True,True,True,False,35,87,11,4,-0.007661372423171997,0.0,0.0036480389276800085,34,11,True
0.0,0.34,-0.18000000000000002,True,False,False,False,False,False,False,9,24,0,0,0.0066695064306259155,0.0,1.4901161193847656e-08,8,0,False
0.0,0.36000000000000004,-0.18000000000000002,True,False,False,False,False,False,False,0,0,0,0,,0.0,1.4901161193847656e-08,0,0,False
0.0,0.38000000000000006,-0.18000000000000002,True,False,False,False,False,False,False,0,0,0,0,,0.0,1.4901161193847656e-08,0,0,False
0.0,0.4000000000000001,-0.18000000000000002,True,False,False,False,False,False,False,0,0,0,0,,0.0,1.4901161193847656e-08,0,0,False
0.0,0.42,-0.18000000000000002,True,False,False,False,False,False,False,0,0,0,0,,0.0,1.4901161193847656e-08,0,0,False
0.0,-0.42,-0.16000000000000003,True,False,False,False,False,False,False,0,0,0,0,,0.0,1.4901161193847656e-08,0,0,False
0.0,-0.39999999999999997,-0.16000000000000003,True,False,False,False,False,False,False,0,0,0,0,,0.0,1.4901161193847656e-08,0,0,False
0.0,-0.38,-0.16000000000000003,True,False,False,False,False,False,False,0,0,0,0,,0.0,1.4901161193847656e-08,0,0,False
0.0,-0.36,-0.16000000000000003,True,False,False,False,False,False,False,0,0,0,0,,0.0,1.4901161193847656e-08,0,0,False
0.0,-0.33999999999999997,-0.16000000000000003,True,False,False,False,False,False,False,17,47,0,0,0.0066254884004592896,0.0,1.4901161193847656e-08,15,0,False
0.0,-0.31999999999999995,-0.16000000000000003,True,False,True,True,True,True,False,59,192,54,21,-0.013071060180664062,2195.349365234443,0.005300276934283053,45,54,True
0.0,-0.3,-0.16000000000000003,True,False,True,True,True,True,False,85,282,99,75,-0.011022422462701797,3591.544189453225,0.010513388978263163,66,80,True
0.0,-0.27999999999999997,-0.16000000000000003,True,False,True,True,True,True,False,84,271,99,77,-0.015801722183823586,5111.448242187642,0.015987895865777577,66,79,True
0.0,-0.26,-0.16000000000000003,True,False,True,True,True,True,False,84,250,79,58,-0.015898453071713448,4400.539750109664,0.009620986946897836,66,65,True
0.0,-0.24,-0.16000000000000003,False,True,True,True,True,False,False,90,301,138,103,-0.015914782881736755,5181.512695312693,0.005705121029547517,73,112,True
0.0,-0.21999999999999997,-0.16000000000000003,False,True,True,True,True,False,False,97,333,121,100,-0.01649262011051178,4642.956542968923,0.013994524260510777,83,104,True
0.0,-0.19999999999999998,-0.16000000000000003,False,True,True,True,True,False,False,107,333,118,81,-0.02027258276939392,7171.891113281301,0.006604439898082485,82,95,True
0.0,-0.18,-0.16000000000000003,False,True,True,True,True,False,False,141,444,107,92,-0.01625572144985199,4684.251573834504,0.009456395713912023,104,110,True
0.0,-0.15999999999999998,-0.16000000000000003,False,True,True,True,True,False,False,148,497,187,143,-0.015887398272752762,4988.362304687639,0.006249206150462732,106,150,True
0.0,-0.13999999999999996,-0.16000000000000003,False,True,True,True,True,False,False,155,474,134,106,-0.015811055898666382,5791.788574218911,0.013338023182494349,118,122,True
0.0,-0.12,-0.16000000000000003,False,True,True,True,True,False,False,175,539,137,112,-0.011108994483947754,5349.479492187648,0.007466673784104344,139,139,True
0.0,-0.09999999999999998,-0.16000000000000003,False,True,True,True,True,False,False,183,605,190,139,-0.011108994483947754,5255.920410156396,0.005110520653823928,147,184,True
0.0,-0.07999999999999996,-0.16000000000000003,False,True,True,True,True,False,False,164,555,201,173,-0.016218941658735275,5342.233886718826,0.010044515747253584,140,193,True
0.0,-0.06,-0.16000000000000003,False,True,True,True,True,False,False,140,472,167,146,-0.017093919217586517,5336.9682617188255,0.010687733069647685,133,168,True
0.0,-0.03999999999999998,-0.16000000000000003,False,True,True,True,True,False,False,145,481,140,123,-0.01110905408859253,4792.779785156318,0.008468133362607665,145,160,True
0.0,-0.019999999999999962,-0.16000000000000003,False,True,True,True,True,False,False,143,491,208,189,-0.02226770669221878,5694.597656250081,0.006966460227135086,139,207,True
0.0,0.0,-0.16000000000000003,False,True,True,True,True,False,False,129,428,150,126,-0.020951412618160248,5371.467773437576,0.009211819699625782,143,176,True
0.0,0.020000000000000018,-0.16000000000000003,False,True,True,True,True,False,False,133,433,125,100,-0.01586722582578659,4984.972167968821,0.007160878637367392,145,161,True
0.0,0.040000000000000036,-0.16000000000000003,False,True,True,True,True,False,False,152,526,142,93,-0.011138863861560822,4389.290039062563,0.00783389855926179,146,177,True
0.0,0.06,-0.16000000000000003,False,True,True,True,True,False,False,141,478,239,184,-0.013688933104276657,5474.324728911524,0.009881047191369568,138,217,True
0.0,0.08000000000000002,-0.16000000000000003,False,True,True,True,True,False,False,139,478,148,119,-0.01749090850353241,5573.607421875208,0.01080387920355916,140,163,True
0.0,0.10000000000000003,-0.16000000000000003,False,True,True,True,True,False,False,130,427,149,113,-0.01745956391096115,5333.499511718948,0.01820296351664397,134,153,True
0.0,0.12000000000000005,-0.16000000000000003,False,True,True,True,True,False,False,113,365,139,115,-0.016045942902565002,3966.771972656282,0.010215826782075938,112,129,True
0.0,0.14000000000000007,-0.16000000000000003,False,True,True,True,True,False,False,83,283,96,78,-0.019570976495742798,5229.927734375042,0.011536757410684658,92,93,True
0.0,0.15999999999999998,-0.16000000000000003,False,True,True,True,True,False,False,70,240,77,66,-0.028679847717285156,5476.56551858237,0.019135286568236563,79,85,True
0.0,0.18,-0.16000000000000003,False,True,True,True,True,False,False,79,276,84,68,-0.03428333252668381,4306.61669921891,0.015024223730537165,95,99,True
0.0,0.2,-0.16000000000000003,False,True,True,True,True,False,False,74,260,110,102,-0.03155604004859924,6592.773437500246,0.015661595646443562,82,112,True
0.0,0.22000000000000003,-0.16000000000000003,False,True,True,True,True,False,False,64,224,80,55,-0.022266045212745667,5958.919433593972,0.04852634341072307,67,80,True
0.0,0.24000000000000005,-0.16000000000000003,False,True,True,True,True,False,False,48,166,68,60,-0.019872330129146576,7078.029785156514,0.019672581495934024,54,68,True
0.0,0.26000000000000006,-0.16000000000000003,True,False,True,True,True,True,False,38,137,63,48,-0.015911400318145752,5908.564528360506,0.02710170499696922,40,59,True
0.0,0.2800000000000001,-0.16000000000000003,True,False,True,True,True,True,False,37,132,61,45,-0.01583505980670452,4091.5346897065574,0.03911517935091117,38,53,True
0.0,0.3,-0.16000000000000003,True,False,True,True,True,True,False,42,137,56,44,-0.011897653341293335,3551.157470703153,0.0054279673824988725,44,52,True
0.0,0.32,-0.16000000000000003,True,False,True,True,True,True,False,39,128,39,28,-0.015396416187286377,1380.6652832031764,0.01527859134529878,40,39,True
0.0,0.34,-0.16000000000000003,True,False,False,False,False,False,False,12,30,0,0,0.00460362434387207,0.0,1.4901161193847656e-08,12,0,False
0.0,0.36000000000000004,-0.16000000000000003,True,False,False,False,False,False,False,0,0,0,0,,0.0,1.4901161193847656e-08,0,0,False
0.0,0.38000000000000006,-0.16000000000000003,True,False,False,False,False,False,False,0,0,0,0,,0.0,1.4901161193847656e-08,0,0,False
0.0,0.4000000000000001,-0.16000000000000003,True,False,False,False,False,False,False,0,0,0,0,,0.0,1.4901161193847656e-08,0,0,False
0.0,0.42,-0.16000000000000003,True,False,False,False,False,False,False,0,0,0,0,,0.0,1.4901161193847656e-08,0,0,False
0.0,-0.42,-0.14,True,False,False,False,False,False,False,0,0,0,0,,0.0,1.4901161193847656e-08,0,0,False
0.0,-0.39999999999999997,-0.14,True,False,False,False,False,False,False,0,0,0,0,,0.0,1.4901161193847656e-08,0,0,False
0.0,-0.38,-0.14,True,False,False,False,False,False,False,0,0,0,0,,0.0,1.4901161193847656e-08,0,0,False
0.0,-0.36,-0.14,True,False,False,False,False,False,False,0,0,0,0,,0.0,1.4901161193847656e-08,0,0,False
0.0,-0.33999999999999997,-0.14,True,False,False,False,False,False,False,14,48,0,0,0.006583452224731445,0.0,1.4901161193847656e-08,15,0,False
0.0,-0.31999999999999995,-0.14,True,False,True,True,True,True,False,53,180,58,29,-0.013416588306427002,6904.381478668662,0.008077902337746513,39,54,True
0.0,-0.3,-0.14,True,False,True,True,True,True,False,74,257,100,80,-0.017099790275096893,4350.125488281371,0.015774816390644125,52,80,True
0.0,-0.27999999999999997,-0.14,True,False,True,True,True,True,False,69,227,87,65,-0.017099790275096893,5045.761651789815,0.04469803243900274,51,71,True
0.0,-0.26,-0.14,True,False,True,True,True,True,False,69,221,73,58,-0.017099790275096893,5957.305516308947,0.019228761840195917,52,59,True
0.0,-0.24,-0.14,False,True,True,True,True,False,False,76,265,127,100,-0.017099790275096893,7469.654296875278,0.010607658574674045,60,90,True
0.0,-0.21999999999999997,-0.14,False,True,True,True,True,False,False,80,282,133,114,-0.01743607223033905,6477.242187500201,0.011443211790085563,67,105,True
0.0,-0.19999999999999998,-0.14,False,True,True,True,True,False,False,87,290,118,87,-0.02027258276939392,7243.648925781302,0.009393824759978383,71,97,True
0.0,-0.18,-0.14,False,True,True,True,True,False,False,118,386,100,89,-0.017099782824516296,5728.232421875214,0.009468866590847967,91,88,True
0.0,-0.15999999999999998,-0.14,False,True,True,True,True,False,False,122,416,180,131,-0.017099782824516296,5772.222226516701,0.007291084100758509,85,124,True
0.0,-0.13999999999999996,-0.14,False,True,True,True,True,False,False,125,393,130,110,-0.017099782824516296,6080.923694169005,0.010378673663419035,88,98,True
0.0,-0.12,-0.14,False,True,True,True,True,False,False,140,433,128,109,-0.017099782824516296,4231.922851562632,0.005262993071994785,104,105,True
0.0,-0.09999999999999998,-0.14,False,True,True,True,True,False,False,154,533,204,149,-0.017099782824516296,5146.120605468823,0.01035474212713776,118,153,True
0.0,-0.07999999999999996,-0.14,False,True,True,True,True,False,False,143,505,216,182,-0.017099782824516296,5869.848144531333,0.007023509544774521,116,163,True
0.0,-0.06,-0.14,False,True,True,True,True,False,False,127,442,181,156,-0.017099782824516296,5054.745117187688,0.009367680492573189,104,139,True
0.0,-0.03999999999999998,-0.14,False,True,True,True,True,False,False,140,478,148,125,-0.017099782824516296,5153.563964843824,0.009164412538166269,117,121,True
0.0,-0.019999999999999962,-0.14,False,True,True,True,True,False,False,128,450,221,198,-0.017555736005306244,4792.142578125068,0.008726892192697452,110,173,True
0.0,0.0,-0.14,False,True,True,True,True,False,False,127,427,166,142,-0.0170997753739357,3219.00000000012,0.013352877544496693,110,136,True
0.0,0.020000000000000018,-0.14,False,True,True,True,True,False,False,121,392,133,116,-0.0170997753739357,4446.791015625064,0.014199450995986126,110,127,True
0.0,0.040000000000000036,-0.14,False,True,True,True,True,False,False,137,472,137,103,-0.018883712589740753,4004.545654296932,0.0033242216624015,115,132,True
0.0,0.06,-0.14,False,True,True,True,True,False,False,128,455,238,190,-0.022263213992118835,4804.049804687568,0.0071184891703915,106,185,True
0.0,0.08000000000000002,-0.14,False,True,True,True,True,False,False,143,492,173,157,-0.0170997753739357,4172.8623046876555,0.007578904267807829,108,139,True
0.0,0.10000000000000003,-0.14,False,True,True,True,True,False,False,151,495,191,166,-0.017553791403770447,4482.020507812536,0.006031679288705662,97,129,True
0.0,0.12000000000000005,-0.14,False,True,True,True,True,False,False,132,447,194,144,-0.01850520819425583,5251.9125976564455,0.0062293612481147944,83,114,True
0.0,0.14000000000000007,-0.14,False,True,True,True,True,False,False,119,400,143,105,-0.018149100244045258,3790.1064453125305,0.003949096921601398,67,83,True
0.0,0.15999999999999998,-0.14,False,True,True,True,True,False,False,107,324,126,102,-0.017440877854824066,4834.68847656268,0.011826850038720894,79,85,True
0.0,0.18,-0.14,False,True,True,True,True,False,False,134,442,112,90,-0.015914730727672577,7058.865234375264,0.005626618691731333,98,85,True
0.0,0.2,-0.14,False,True,True,True,True,False,False,109,373,171,156,-0.015914730727672577,6055.802734375226,0.004699990205942089,83,138,True
0.0,0.22000000000000003,-0.14,False,True,True,True,True,False,False,80,274,104,76,-0.017568565905094147,7724.916503906538,0.008739974640824617,70,101,True
0.0,0.24000000000000005,-0.14,False,True,True,True,True,False,False,58,186,72,61,-0.01930008828639984,4182.32783156148,0.03364421484616323,55,71,True
0.0,0.26000000000000006,-0.14,True,False,True,True,True,True,False,39,134,60,53,-0.01591140404343605,4919.508789062683,0.03260945963387089,38,59,True
0.0,0.2800000000000001,-0.14,True,False,True,True,True,True,False,35,124,61,57,-0.01583506166934967,4010.2897949220246,0.014830580254524422,34,57,True
0.0,0.3,-0.14,True,False,True,True,True,True,False,38,125,55,51,-0.012427173554897308,2612.981689453146,0.010435329508963552,44,56,True
0.0,0.32,-0.14,True,False,True,True,True,True,False,30,110,36,32,-0.015396416187286377,7020.830078125056,0.02474327792041843,39,43,True
0.0,0.34,-0.14,True,False,False,False,False,False,False,13,38,0,0,0.004430562257766724,0.0,1.4901161193847656e-08,15,0,False
0.0,0.36000000000000004,-0.14,True,False,False,False,False,False,False,0,0,0,0,,0.0,1.4901161193847656e-08,0,0,False
0.0,0.38000000000000006,-0.14,True,False,False,False,False,False,False,0,0,0,0,,0.0,1.4901161193847656e-08,0,0,False
0.0,0.4000000000000001,-0.14,True,False,False,False,False,False,False,0,0,0,0,,0.0,1.4901161193847656e-08,0,0,False
0.0,0.42,-0.14,True,False,False,False,False,False,False,0,0,0,0,,0.0,1.4901161193847656e-08,0,0,False
0.0,-0.42,-0.12000000000000002,True,False,False,False,False,False,False,0,0,0,0,,0.0,1.4901161193847656e-08,0,0,False
0.0,-0.39999999999999997,-0.12000000000000002,True,False,False,False,False,False,False,0,0,0,0,,0.0,1.4901161193847656e-08,0,0,False
0.0,-0.38,-0.12000000000000002,True,False,False,False,False,False,False,0,0,0,0,,0.0,1.4901161193847656e-08,0,0,False
0.0,-0.36,-0.12000000000000002,True,False,False,False,False,False,False,0,0,0,0,,0.0,1.4901161193847656e-08,0,0,False
0.0,-0.33999999999999997,-0.12000000000000002,True,False,False,False,False,False,False,15,51,0,0,0.006583452224731445,0.0,1.4901161193847656e-08,16,0,False
0.0,-0.31999999999999995,-0.12000000000000002,True,False,True,True,True,True,False,48,158,55,29,-0.013416588306427002,7595.189589895203,0.0111798526065537,38,54,True
0.0,-0.3,-0.12000000000000002,True,False,True,True,True,True,False,63,204,77,59,-0.020959846675395966,6795.189941406439,0.019402254413660173,52,80,True
0.0,-0.27999999999999997,-0.12000000000000002,True,False,True,True,True,True,False,55,183,65,61,-0.02095986157655716,8768.125000000327,0.02970881162525173,49,79,True
0.0,-0.26,-0.12000000000000002,True,False,True,True,True,True,False,58,185,58,51,-0.02095986157655716,8986.890266666114,0.03917509378551659,47,67,True
0.0,-0.24,-0.12000000000000002,False,True,True,True,True,False,False,70,239,99,82,-0.02095986157655716,7148.0131835940165,0.02397246831154566,51,98,True
0.0,-0.21999999999999997,-0.12000000000000002,False,True,True,True,True,False,False,78,263,112,94,-0.02095986157655716,7214.434570312769,0.02106120829498184,58,105,True
0.0,-0.19999999999999998,-0.12000000000000002,False,True,True,True,True,False,False,84,272,102,74,-0.02095986157655716,7887.058593750064,0.008322935552898175,60,93,True
0.0,-0.18,-0.12000000000000002,False,True,True,True,True,False,False,111,373,98,83,-0.02095986157655716,6188.55273437523,0.010835175826337456,75,85,True
0.0,-0.15999999999999998,-0.12000000000000002,False,True,True,True,True,False,False,117,409,201,144,-0.020959876477718353,9013.401367187837,0.0070024836894843675,73,123,True
0.0,-0.13999999999999996,-0.12000000000000002,False,True,True,True,True,False,False,123,416,152,128,-0.020959876477718353,5217.547851562695,0.013605220510939169,105,114,True
0.0,-0.12,-0.12000000000000002,False,True,True,True,True,False,False,137,432,137,125,-0.020959876477718353,5000.347167968821,0.01589527188570459,120,130,True
0.0,-0.09999999999999998,-0.12000000000000002,False,True,True,True,True,False,False,150,524,193,156,-0.020959876477718353,8877.42571326369,0.00477783178486311,123,168,True
0.0,-0.07999999999999996,-0.12000000000000002,False,True,True,True,True,False,False,139,491,201,181,-0.020959876477718353,6339.852050781317,0.01334800034426834,121,178,True
0.0,-0.06,-0.12000000000000002,False,True,True,True,True,False,False,111,395,167,154,-0.020959876477718353,6625.939453125094,0.008633848263806646,111,162,True
0.0,-0.03999999999999998,-0.12000000000000002,False,True,True,True,True,False,False,124,441,136,127,-0.020959876477718353,6834.011718750255,0.01872812700343323,123,121,True
0.0,-0.019999999999999962,-0.12000000000000002,False,True,True,True,True,False,False,130,467,221,210,-0.020959891378879547,8839.115234375126,0.017913052378080913,123,190,True
0.0,0.0,-0.12000000000000002,False,True,True,True,True,False,False,152,491,161,129,-0.020959891378879547,7034.7724609376955,0.012526196086506361,126,153,True
0.0,0.020000000000000018,-0.12000000000000002,False,True,True,True,True,False,False,163,526,141,116,-0.020959891378879547,6531.714355468994,0.00655373753779434,127,152,True
0.0,0.040000000000000036,-0.12000000000000002,False,True,True,True,True,False,False,175,603,174,121,-0.020959891378879547,7521.609375000107,0.016420627244427388,128,145,True
0.0,0.06,-0.12000000000000002,False,True,True,True,True,False,False,169,581,289,242,-0.020959891378879547,7915.618652344045,0.004718804491569638,124,205,True
0.0,0.08000000000000002,-0.12000000000000002,False,True,True,True,True,False,False,161,561,227,174,-0.020959891378879547,5803.087890625082,0.02367604562083114,122,152,True
0.0,0.10000000000000003,-0.12000000000000002,False,True,True,True,True,False,False,152,503,181,165,-0.020959876477718353,8618.26953125007,0.0026728144026558257,117,147,True
0.0,0.12000000000000005,-0.12000000000000002,False,True,True,True,True,False,False,124,426,164,150,-0.020959876477718353,5634.16015625021,0.013155841346860816,90,120,True
0.0,0.14000000000000007,-0.12000000000000002,False,True,True,True,True,False,False,106,362,122,109,-0.020959876477718353,6186.389648437731,0.004668442803742639,74,92,True
0.0,0.15999999999999998,-0.12000000000000002,False,True,True,True,True,False,False,96,310,99,88,-0.020959876477718353,5898.244766948773,0.011035662987673566,75,93,True
0.0,0.18,-0.12000000000000002,False,True,True,True,True,False,False,115,384,98,80,-0.020959891378879547,5362.4414062502,0.010874836139115787,96,99,True
0.0,0.2,-0.12000000000000002,False,True,True,True,True,False,False,90,319,160,155,-0.020959891378879547,5926.314453125047,0.010304881732911091,78,137,True
0.0,0.22000000000000003,-0.12000000000000002,False,True,True,True,True,False,False,70,254,112,81,-0.020959891378879547,5599.059570312545,0.0016103121391167704,68,100,True
0.0,0.24000000000000005,-0.12000000000000002,False,True,True,True,True,False,False,50,174,76,71,-0.020959891378879547,7995.947265625298,0.030940275733040132,51,65,True
0.0,0.26000000000000006,-0.12000000000000002,True,False,True,True,True,True,False,39,142,70,55,-0.020959891378879547,7626.554687500285,0.04380812412547296,35,59,True
0.0,0.2800000000000001,-0.12000000000000002,True,False,True,True,True,True,False,36,133,61,53,-0.020959891378879547,5099.35937500019,0.020849800147570634,33,57,True
0.0,0.3,-0.12000000000000002,True,False,True,True,True,True,False,42,135,63,51,-0.02095990628004074,4724.790527343926,0.04060306898489082,43,56,True
0.0,0.32,-0.12000000000000002,True,False,True,True,True,True,False,30,110,36,32,-0.015396416187286377,4167.1923828126555,0.027081760123025014,38,43,True
0.0,0.34,-0.12000000000000002,True,False,False,False,False,False,False,12,37,0,0,0.004430562257766724,0.0,1.4901161193847656e-08,14,0,False
0.0,0.36000000000000004,-0.12000000000000002,True,False,False,False,False,False,False,0,0,0,0,,0.0,1.4901161193847656e-08,0,0,False
0.0,0.38000000000000006,-0.12000000000000002,True,False,False,False,False,False,False,0,0,0,0,,0.0,1.4901161193847656e-08,0,0,False
0.0,0.4000000000000001,-0.12000000000000002,True,False,False,False,False,False,False,0,0,0,0,,0.0,1.4901161193847656e-08,0,0,False
0.0,0.42,-0.12000000000000002,True,False,False,False,False,False,False,0,0,0,0,,0.0,1.4901161193847656e-08,0,0,False
0.0,-0.42,-0.10000000000000003,True,False,False,False,False,False,False,0,0,0,0,,0.0,1.5017576543430167e-08,0,0,False
0.0,-0.39999999999999997,-0.10000000000000003,True,False,False,False,False,False,False,0,0,0,0,,0.0,1.5017576543430167e-08,0,0,False
0.0,-0.38,-0.10000000000000003,True,False,False,False,False,False,False,0,0,0,0,,0.0,1.5017576543430167e-08,0,0,False
0.0,-0.36,-0.10000000000000003,True,False,False,False,False,False,False,0,0,0,0,,0.0,1.5017576543430167e-08,0,0,False
0.0,-0.33999999999999997,-0.10000000000000003,True,False,False,False,False,False,False,16,55,0,0,0.006583452224731445,0.0,1.5017576543430167e-08,19,0,False
0.0,-0.31999999999999995,-0.10000000000000003,True,False,True,True,True,True,False,53,182,66,37,-0.013416588306427002,5029.282423332911,0.024330228061072184,62,78,True
0.0,-0.3,-0.10000000000000003,True,False,True,True,True,True,False,76,268,110,90,-0.020959846675395966,6556.174316406433,0.010917995019295293,80,108,True
0.0,-0.27999999999999997,-0.10000000000000003,True,False,True,True,True,True,False,71,249,103,92,-0.020959846675395966,6647.828613281497,0.038653072494518756,72,91,True
0.0,-0.26,-0.10000000000000003,True,False,True,True,True,True,False,69,224,83,76,-0.02095986157655716,8875.761718750331,0.026550098792853978,73,83,True
0.0,-0.24,-0.10000000000000003,False,True,True,True,True,False,False,74,272,139,115,-0.02095986157655716,6968.859335016713,0.012604510121529694,86,129,True
0.0,-0.21999999999999997,-0.10000000000000003,False,True,True,True,True,False,False,80,285,138,125,-0.02095986157655716,7045.066406250263,0.01024371736944412,100,145,True
0.0,-0.19999999999999998,-0.10000000000000003,False,True,True,True,True,False,False,87,294,129,103,-0.02095986157655716,7288.382812500052,0.015093467756206343,111,146,True
0.0,-0.18,-0.10000000000000003,False,True,True,True,True,False,False,108,370,114,91,-0.02095986157655716,4948.846191406387,0.008909946770324754,134,154,True
0.0,-0.15999999999999998,-0.10000000000000003,False,True,True,True,True,False,False,100,350,180,127,-0.02095986157655716,6970.14941406276,0.0048807149068041495,125,188,True
0.0,-0.13999999999999996,-0.10000000000000003,False,True,True,True,True,False,False,111,373,127,109,-0.020959876477718353,6658.780761718998,0.0033541462158595717,131,145,True
0.0,-0.12,-0.10000000000000003,False,True,True,True,True,False,False,140,436,126,104,-0.020959876477718353,7707.332519531537,0.006221509866826816,154,172,True
0.0,-0.09999999999999998,-0.10000000000000003,False,True,True,True,True,False,False,157,529,187,144,-0.020959876477718353,9176.388192407656,0.010745178243835543,166,227,True
0.0,-0.07999999999999996,-0.10000000000000003,False,True,True,True,True,False,False,161,558,204,175,-0.020959876477718353,6561.108398437593,0.00883314006987886,155,223,True
0.0,-0.06,-0.10000000000000003,False,True,True,True,True,False,False,142,480,197,162,-0.020959876477718353,7220.042968750103,0.008566445358073107,135,204,True
0.0,-0.03999999999999998,-0.10000000000000003,False,True,True,True,True,False,False,157,516,179,151,-0.020959876477718353,8683.014648437824,0.007786343356326176,144,176,True
0.0,-0.019999999999999962,-0.10000000000000003,False,True,True,True,True,False,False,145,503,219,207,-0.020959891378879547,8075.104003906551,0.007262220775333246,144,238,True
0.0,0.0,-0.10000000000000003,False,True,True,True,True,False,False,130,438,175,135,-0.020959891378879547,6907.784667969007,0.0012297306267709729,143,195,True
0.0,0.020000000000000018,-0.10000000000000003,False,True,True,True,True,False,False,118,402,145,122,-0.020959891378879547,8514.601562500318,0.007340379076546288,153,188,True
0.0,0.040000000000000036,-0.10000000000000003,False,True,True,True,True,False,False,142,471,168,134,-0.020959891378879547,5251.0239257814455,0.007742344729006943,157,173,True
0.0,0.06,-0.10000000000000003,False,True,True,True,True,False,False,148,524,234,195,-0.020959891378879547,8633.373046875322,0.008609950550589683,152,244,True
0.0,0.08000000000000002,-0.10000000000000003,False,True,True,True,True,False,False,143,499,185,168,-0.020959891378879547,7686.9042968752865,0.01046023279814909,164,205,True
0.0,0.10000000000000003,-0.10000000000000003,False,True,True,True,True,False,False,127,422,165,149,-0.03270387649536133,14501.37289100604,0.00829726803135475,139,181,True
0.0,0.12000000000000005,-0.10000000000000003,False,True,True,True,True,False,False,100,337,127,117,-0.03366144001483917,6564.932617187593,0.01409682736071416,119,145,True
0.0,0.14000000000000007,-0.10000000000000003,False,True,True,True,True,False,False,101,327,102,85,-0.020959876477718353,6196.864257812588,0.009097793984075644,100,119,True
0.0,0.15999999999999998,-0.10000000000000003,False,True,True,True,True,False,False,88,277,93,83,-0.020959876477718353,7516.366719810747,0.0022213751106622587,97,123,True
0.0,0.18,-0.10000000000000003,False,True,True,True,True,False,False,98,307,84,69,-0.020959876477718353,6179.016601562549,0.0036847282655404277,110,117,True
0.0,0.2,-0.10000000000000003,False,True,True,True,True,False,False,83,272,127,123,-0.020959891378879547,5612.362304687545,0.010823744365842053,92,148,True
0.0,0.22000000000000003,-0.10000000000000003,False,True,True,True,True,False,False,63,217,89,69,-0.020959891378879547,5021.251953125187,0.01250825095743279,73,107,True
0.0,0.24000000000000005,-0.10000000000000003,False,True,True,True,True,False,False,46,153,65,60,-0.020959891378879547,9488.192382812853,0.0194205875776971,55,69,True
0.0,0.26000000000000006,-0.10000000000000003,True,False,True,True,True,True,False,34,118,59,52,-0.020959891378879547,9075.284179687838,0.030590489717452058,38,63,True
0.0,0.2800000000000001,-0.10000000000000003,True,False,True,True,True,True,False,31,110,57,53,-0.020959891378879547,8578.50292968782,0.028318706329416927,35,61,True
0.0,0.3,-0.10000000000000003,True,False,True,True,True,True,False,33,114,55,51,-0.020959891378879547,4417.948242187665,0.01414335646254051,46,60,True
0.0,0.32,-0.10000000000000003,True,False,True,True,True,True,False,30,110,44,40,-0.015396416187286377,5527.74339453439,0.05986330594047777,41,51,True
0.0,0.34,-0.10000000000000003,True,False,False,False,False,False,False,12,42,0,0,0.004430562257766724,0.0,1.5017576543430167e-08,15,0,False
0.0,0.36000000000000004,-0.10000000000000003,True,False,False,False,False,False,False,0,0,0,0,,0.0,1.5017576543430167e-08,0,0,False
0.0,0.38000000000000006,-0.10000000000000003,True,False,False,False,False,False,False,0,0,0,0,,0.0,1.5017576543430167e-08,0,0,False
0.0,0.4000000000000001,-0.10000000000000003,True,False,False,False,False,False,False,0,0,0,0,,0.0,1.5017576543430167e-08,0,0,False
0.0,0.42,-0.10000000000000003,True,False,False,False,False,False,False,0,0,0,0,,0.0,1.5017576543430167e-08,0,0,False
0.0,-0.42,-0.08000000000000002,True,False,False,False,False,False,False,0,0,0,0,,0.0,1.4901161193847656e-08,0,0,False
0.0,-0.39999999999999997,-0.08000000000000002,True,False,False,False,False,False,False,0,0,0,0,,0.0,1.4901161193847656e-08,0,0,False
0.0,-0.38,-0.08000000000000002,True,False,False,False,False,False,False,0,0,0,0,,0.0,1.4901161193847656e-08,0,0,False
0.0,-0.36,-0.08000000000000002,True,False,False,False,False,False,False,0,0,0,0,,0.0,1.4901161193847656e-08,0,0,False
0.0,-0.33999999999999997,-0.08000000000000002,True,False,False,False,False,False,False,15,57,0,0,0.0065818727016448975,0.0,1.4901161193847656e-08,18,0,False
0.0,-0.31999999999999995,-0.08000000000000002,True,False,True,True,True,True,False,36,133,66,36,-0.013416588306427002,6691.165492896611,0.05545930606936536,45,65,True
0.0,-0.3,-0.08000000000000002,True,False,True,True,True,True,False,52,184,85,59,-0.020959846675395966,8673.455078125324,0.023137534342731015,58,92,True
0.0,-0.27999999999999997,-0.08000000000000002,True,False,True,True,True,True,False,45,158,73,61,-0.020959846675395966,8587.15429687532,0.03423955695561484,52,79,True
0.0,-0.26,-0.08000000000000002,True,False,True,True,True,True,False,42,145,66,51,-0.02095986157655716,7264.764167702764,0.05096605536051741,51,67,True
0.0,-0.24,-0.08000000000000002,False,True,True,True,True,False,False,50,185,95,74,-0.02095986157655716,7326.620605469023,0.02412823647096061,63,98,True
0.0,-0.21999999999999997,-0.08000000000000002,False,True,True,True,True,False,False,59,209,108,85,-0.02095986157655716,8617.098632812822,0.014081352917891676,82,120,True
0.0,-0.19999999999999998,-0.08000000000000002,False,True,True,True,True,False,False,64,211,98,76,-0.02208133041858673,8581.21777343756,0.018075906209735298,90,122,True
0.0,-0.18,-0.08000000000000002,False,True,True,True,True,False,False,92,317,77,71,-0.03735940903425217,6429.714843750052,0.008971702775236371,121,107,True
0.0,-0.15999999999999998,-0.08000000000000002,False,True,True,True,True,False,False,96,342,158,126,-0.036508239805698395,6314.43076635887,0.0089590853184458,110,182,True
0.0,-0.13999999999999996,-0.08000000000000002,False,True,True,True,True,False,False,101,343,122,102,-0.036508239805698395,5796.993652343832,0.005997558457650891,127,158,True
0.0,-0.12,-0.08000000000000002,False,True,True,True,True,False,False,114,367,111,101,-0.036508239805698395,8080.970703125301,0.007306497276541113,134,146,True
0.0,-0.09999999999999998,-0.08000000000000002,False,True,True,True,True,False,False,128,448,178,147,-0.020959876477718353,11093.325789667213,0.006728794061437175,153,203,True
0.0,-0.07999999999999996,-0.08000000000000002,False,True,True,True,True,False,False,132,474,213,173,-0.020959876477718353,6735.610839843822,0.01833911337138551,148,224,True
0.0,-0.06,-0.08000000000000002,False,True,True,True,True,False,False,123,429,186,155,-0.020959876477718353,7720.955078125288,0.007239077969336928,137,187,True
0.0,-0.03999999999999998,-0.08000000000000002,False,True,True,True,True,False,False,139,481,144,127,-0.020959876477718353,6341.4648437502365,0.013709114006693507,156,152,True
0.0,-0.019999999999999962,-0.08000000000000002,False,True,True,True,True,False,False,134,467,233,198,-0.020959876477718353,6521.098144531494,0.003658777841983704,150,243,True
0.0,0.0,-0.08000000000000002,False,True,True,True,True,False,False,124,413,177,123,-0.020959891378879547,5879.360839843969,0.01829629516017622,169,194,True
0.0,0.020000000000000018,-0.08000000000000002,False,True,True,True,True,False,False,125,404,127,106,-0.020959891378879547,8075.760742187801,0.008837582059324953,169,168,True
0.0,0.040000000000000036,-0.08000000000000002,False,True,True,True,True,False,False,144,488,158,116,-0.020959891378879547,7366.168457031525,0.009922716782769849,179,177,True
0.0,0.06,-0.08000000000000002,False,True,True,True,True,False,False,129,457,231,191,-0.020959891378879547,7410.378906250276,0.00982292259782747,161,255,True
0.0,0.08000000000000002,-0.08000000000000002,False,True,True,True,True,False,False,124,452,171,155,-0.020959891378879547,8971.485351562835,0.014568042870772754,171,213,True
0.0,0.10000000000000003,-0.08000000000000002,False,True,True,True,True,False,False,112,375,156,144,-0.031472332775592804,16021.279305428312,0.0054917443627947055,163,200,True
0.0,0.12000000000000005,-0.08000000000000002,False,True,True,True,True,False,False,85,308,117,108,-0.037508316338062286,6942.157226562758,0.007060873865419337,138,189,True
0.0,0.14000000000000007,-0.08000000000000002,False,True,True,True,True,False,False,78,266,92,78,-0.03731770068407059,6974.32470703151,0.005515569373456525,126,154,True
0.0,0.15999999999999998,-0.08000000000000002,False,True,True,True,True,False,False,63,206,76,72,-0.03650829941034317,6877.6259765627565,0.012521658005705094,107,129,True
0.0,0.18,-0.08000000000000002,False,True,True,True,True,False,False,82,270,70,62,-0.03144054114818573,6821.244140625255,0.017696945059048674,142,132,True
0.0,0.2,-0.08000000000000002,False,True,True,True,True,False,False,70,241,129,109,-0.020959891378879547,7576.209472656532,0.010916503999236863,122,200,True
0.0,0.22000000000000003,-0.08000000000000002,False,True,True,True,True,False,False,57,197,93,65,-0.020959891378879547,8531.211914062818,0.023035409073885738,104,156,True
0.0,0.24000000000000005,-0.08000000000000002,False,True,True,True,True,False,False,42,143,69,56,-0.020959891378879547,8898.907226562831,0.028652211086095194,78,112,True
0.0,0.26000000000000006,-0.08000000000000002,True,False,True,True,True,True,False,31,112,63,48,-0.020959891378879547,9337.322265625347,0.028612152211111734,61,92,True
0.0,0.2800000000000001,-0.08000000000000002,True,False,True,True,True,True,False,29,105,61,49,-0.020959891378879547,8426.269531250315,0.028663211706242503,60,88,True
0.0,0.3,-0.08000000000000002,True,False,True,True,True,True,False,32,113,59,47,-0.020959891378879547,4204.761718750156,0.02023961702227039,59,81,True
0.0,0.32,-0.08000000000000002,True,False,True,True,True,True,False,27,100,43,39,-0.015396416187286377,5550.771004757369,0.05196580069927012,44,55,True
0.0,0.34,-0.08000000000000002,True,False,False,False,False,False,False,11,43,0,0,0.004430562257766724,0.0,1.4901161193847656e-08,14,0,False
0.0,0.36000000000000004,-0.08000000000000002,True,False,False,False,False,False,False,0,0,0,0,,0.0,1.4901161193847656e-08,0,0,False
0.0,0.38000000000000006,-0.08000000000000002,True,False,False,False,False,False,False,0,0,0,0,,0.0,1.4901161193847656e-08,0,0,False
0.0,0.4000000000000001,-0.08000000000000002,True,False,False,False,False,False,False,0,0,0,0,,0.0,1.4901161193847656e-08,0,0,False
0.0,0.42,-0.08000000000000002,True,False,False,False,False,False,False,0,0,0,0,,0.0,1.4901161193847656e-08,0,0,False
0.0,-0.42,-0.06,True,False,False,False,False,False,False,0,0,0,0,,0.0,1.4901161193847656e-08,0,0,False
0.0,-0.39999999999999997,-0.06,True,False,False,False,False,False,False,0,0,0,0,,0.0,1.4901161193847656e-08,0,0,False
0.0,-0.38,-0.06,True,False,False,False,False,False,False,0,0,0,0,,0.0,1.4901161193847656e-08,0,0,False
0.0,-0.36,-0.06,True,False,False,False,False,False,False,0,0,0,0,,0.0,1.4901161193847656e-08,0,0,False
0.0,-0.33999999999999997,-0.06,True,False,False,False,False,False,False,25,64,0,0,0.00657905638217926,0.0,1.4901161193847656e-08,28,0,False
0.0,-0.31999999999999995,-0.06,True,False,True,True,True,True,False,51,179,63,37,-0.013416588306427002,5141.444173983619,0.05364607298813331,73,74,True
0.0,-0.3,-0.06,True,False,True,True,True,True,False,68,226,81,59,-0.02095983177423477,7073.209960937697,0.021271975602463238,98,112,True
0.0,-0.27999999999999997,-0.06,True,False,True,True,True,True,False,60,209,69,61,-0.02095983177423477,5079.610839843939,0.03203455406615381,91,114,True
0.0,-0.26,-0.06,True,False,True,True,True,True,False,63,215,62,51,-0.02095983177423477,8039.5576171878,0.03271360017090631,97,95,True
0.0,-0.24,-0.06,False,True,True,True,True,False,False,70,240,91,75,-0.02095983177423477,7939.2084960940465,0.01209152228643867,104,146,True
0.0,-0.21999999999999997,-0.06,False,True,True,True,True,False,False,80,273,110,95,-0.020959846675395966,10639.633789062897,0.0120461055733643,116,161,True
0.0,-0.19999999999999998,-0.06,False,True,True,True,True,False,False,92,297,105,83,-0.02137434482574463,6988.7329101563,0.018281558026169095,134,164,True
0.0,-0.18,-0.06,False,True,True,True,True,False,False,124,383,92,75,-0.021313980221748352,5885.08203125022,0.014378962345607616,166,153,True
0.0,-0.15999999999999998,-0.06,False,True,True,True,True,False,False,123,415,145,109,-0.020959846675395966,8607.927734375322,0.013319763535751027,160,227,True
0.0,-0.13999999999999996,-0.06,False,True,True,True,True,False,False,129,402,109,87,-0.020959846675395966,7227.358886719019,0.010235322524650703,168,175,True
0.0,-0.12,-0.06,False,True,True,True,True,False,False,156,477,113,99,-0.020959846675395966,8085.234863281551,0.009787307976189274,199,176,True
0.0,-0.09999999999999998,-0.06,False,True,True,True,True,False,False,171,557,170,134,-0.02095986157655716,7212.247678940416,0.0159012286057914,210,239,True
0.0,-0.07999999999999996,-0.06,False,True,True,True,True,False,False,168,558,176,144,-0.02095986157655716,10380.604492187887,0.008247703859551633,197,250,True
0.0,-0.06,-0.06,False,True,True,True,True,False,False,158,521,182,159,-0.02095986157655716,7855.054199219043,0.006092329124677426,174,220,True
0.0,-0.03999999999999998,-0.06,False,True,True,True,True,False,False,174,567,170,141,-0.02095986157655716,7295.761186135712,0.010676890382474892,195,188,True
0.0,-0.019999999999999962,-0.06,False,True,True,True,True,False,False,166,556,198,179,-0.02095986157655716,8610.99023437532,0.008693104507512785,191,300,True
0.0,0.0,-0.06,False,True,True,True,True,False,False,158,514,170,136,-0.02095986157655716,7749.174804687789,0.011760721751494927,201,236,True
0.0,0.020000000000000018,-0.06,False,True,True,True,True,False,False,150,500,146,124,-0.020959876477718353,5856.929571629526,0.008507805238655517,186,189,True
0.0,0.040000000000000036,-0.06,False,True,True,True,True,False,False,172,561,163,130,-0.020959876477718353,7523.988281250107,0.007119333343214843,192,193,True
0.0,0.06,-0.06,False,True,True,True,True,False,False,176,592,222,194,-0.020959876477718353,7592.834472656533,0.015170085680242064,181,287,True
0.0,0.08000000000000002,-0.06,False,True,True,True,True,False,False,171,576,178,166,-0.020959876477718353,8423.750976562815,0.009690408421527536,186,208,True
0.0,0.10000000000000003,-0.06,False,True,True,True,True,False,False,159,512,163,148,-0.02095986157655716,8528.494140625318,0.010078418857464461,183,198,True
0.0,0.12000000000000005,-0.06,False,True,True,True,True,False,False,138,449,132,115,-0.02095986157655716,8582.72460937532,0.008150270951072298,165,180,True
0.0,0.14000000000000007,-0.06,False,True,True,True,True,False,False,118,377,100,87,-0.02095986157655716,7636.062500000285,0.002432131408409578,137,133,True
0.0,0.15999999999999998,-0.06,False,True,True,True,True,False,False,111,337,90,85,-0.02095986157655716,5660.715820312711,0.011011146423608233,129,120,True
0.0,0.18,-0.06,False,True,True,True,True,False,False,123,382,82,72,-0.020959876477718353,6817.966796875254,0.007596333035385654,164,121,True
0.0,0.2,-0.06,False,True,True,True,True,False,False,107,347,119,115,-0.020959876477718353,8191.362792969056,0.011848411662943837,152,210,True
0.0,0.22000000000000003,-0.06,False,True,True,True,True,False,False,86,295,90,67,-0.020959876477718353,10250.556640625382,0.013618681182016382,136,158,True
0.0,0.24000000000000005,-0.06,False,True,True,True,True,False,False,69,231,75,67,-0.020959876477718353,7949.3637695315465,0.025040308238593798,106,107,True
0.0,0.26000000000000006,-0.06,True,False,True,True,True,True,False,60,208,55,48,-0.020959876477718353,7427.0322265627765,0.027788614431649268,87,77,True
0.0,0.2800000000000001,-0.06,True,False,True,True,True,True,False,49,171,53,49,-0.020959876477718353,7367.817382812775,0.0328214761968639,79,77,True
0.0,0.3,-0.06,True,False,True,True,True,True,False,61,205,51,47,-0.020959891378879547,5232.757812500195,0.022281367621138398,84,72,True
0.0,0.32,-0.06,True,False,True,True,True,True,False,50,154,44,40,-0.015396416187286377,6426.7345519482005,0.024786117821304562,68,56,True
0.0,0.34,-0.06,True,False,False,False,False,False,False,18,49,0,0,0.004427388310432434,0.0,1.4901161193847656e-08,21,0,False
0.0,0.36000000000000004,-0.06,True,False,False,False,False,False,False,0,0,0,0,,0.0,1.4901161193847656e-08,0,0,False
0.0,0.38000000000000006,-0.06,True,False,False,False,False,False,False,0,0,0,0,,0.0,1.4901161193847656e-08,0,0,False
0.0,0.4000000000000001,-0.06,True,False,False,False,False,False,False,0,0,0,0,,0.0,1.4901161193847656e-08,0,0,False
0.0,0.42,-0.06,True,False,False,False,False,False,False,0,0,0,0,,0.0,1.4901161193847656e-08,0,0,False
0.0,-0.42,-0.040000000000000036,True,False,False,False,False,False,False,0,0,0,0,,0.0,1.4901161193847656e-08,0,0,False
0.0,-0.39999999999999997,-0.040000000000000036,True,False,False,False,False,False,False,0,0,0,0,,0.0,1.4901161193847656e-08,0,0,False
0.0,-0.38,-0.040000000000000036,True,False,False,False,False,False,False,0,0,0,0,,0.0,1.4901161193847656e-08,0,0,False
0.0,-0.36,-0.040000000000000036,True,False,False,False,False,False,False,0,0,0,0,,0.0,1.4901161193847656e-08,0,0,False
0.0,-0.33999999999999997,-0.040000000000000036,True,False,False,False,False,False,False,25,76,0,0,0.006578236818313599,0.0,1.4901161193847656e-08,27,0,False
0.0,-0.31999999999999995,-0.040000000000000036,True,False,True,True,True,True,False,57,199,83,53,-0.013416588306427002,4997.10682407215,0.06427393077098507,74,90,True
0.0,-0.3,-0.040000000000000036,True,False,True,True,True,True,False,71,246,117,72,-0.02095983177423477,5328.338867187698,0.019127510624073994,100,148,True
0.0,-0.27999999999999997,-0.040000000000000036,True,False,True,True,True,True,False,67,234,105,87,-0.02095983177423477,6998.810546875261,0.07344639995101393,95,135,True
0.0,-0.26,-0.040000000000000036,True,False,True,True,True,True,False,67,231,100,76,-0.02095983177423477,6385.946777343927,0.013771571938138246,97,115,True
0.0,-0.24,-0.040000000000000036,False,True,True,True,True,False,False,77,279,136,109,-0.02095983177423477,6674.640625000249,0.005018180242700968,104,174,True
0.0,-0.21999999999999997,-0.040000000000000036,False,True,True,True,True,False,False,94,324,141,113,-0.02095983177423477,8114.560546875303,0.007477270874963022,121,172,True
0.0,-0.19999999999999998,-0.040000000000000036,False,True,True,True,True,False,False,106,346,140,99,-0.020959846675395966,8032.521972656549,0.009351323936130956,133,166,True
0.0,-0.18,-0.040000000000000036,False,True,True,True,True,False,False,136,470,141,115,-0.020959846675395966,8016.766601562565,0.013020918422805606,161,156,True
0.0,-0.15999999999999998,-0.040000000000000036,False,True,True,True,True,False,False,138,492,222,160,-0.020959846675395966,7038.786132812763,0.002742391947241192,160,234,True
0.0,-0.13999999999999996,-0.040000000000000036,False,True,True,True,True,False,False,164,531,182,140,-0.020959846675395966,7231.266601562769,0.011305394642808182,183,181,True
0.0,-0.12,-0.040000000000000036,False,True,True,True,True,False,False,173,572,208,168,-0.020959846675395966,5644.76855468771,0.013136432710850094,199,208,True
0.0,-0.09999999999999998,-0.040000000000000036,False,True,True,True,True,False,False,182,634,262,200,-0.020959846675395966,7281.164550781522,0.018455726165869196,206,270,True
0.0,-0.07999999999999996,-0.040000000000000036,False,True,True,True,True,False,False,173,607,262,213,-0.02095986157655716,8903.517578125333,0.024599156093591534,194,275,True
0.0,-0.06,-0.040000000000000036,False,True,True,True,True,False,False,160,552,234,189,-0.02095986157655716,7862.397949219043,0.012103292704437024,166,241,True
0.0,-0.03999999999999998,-0.040000000000000036,False,True,True,True,True,False,False,180,619,202,169,-0.02095986157655716,6941.986328125258,0.01274386920952284,192,214,True
0.0,-0.019999999999999962,-0.040000000000000036,False,True,True,True,True,False,False,169,597,286,248,-0.02095986157655716,6464.367187500241,0.005776524659949296,194,330,True
0.0,0.0,-0.040000000000000036,False,True,True,True,True,False,False,159,541,227,169,-0.02095986157655716,6398.491210937738,0.012779463366793585,192,279,True
0.0,0.020000000000000018,-0.040000000000000036,False,True,True,True,True,False,False,151,504,185,144,-0.02095986157655716,6457.066406250241,0.013402852939403652,178,217,True
0.0,0.040000000000000036,-0.040000000000000036,False,True,True,True,True,False,False,167,587,208,150,-0.020959876477718353,5582.085449218958,0.011584541324716627,195,231,True
0.0,0.06,-0.040000000000000036,False,True,True,True,True,False,False,155,555,281,225,-0.020959876477718353,8463.437500000315,0.010617948701070037,181,333,True
0.0,0.08000000000000002,-0.040000000000000036,False,True,True,True,True,False,False,153,563,219,187,-0.020959876477718353,5858.949218750218,0.005079062864117288,188,254,True
0.0,0.10000000000000003,-0.040000000000000036,False,True,True,True,True,False,False,148,507,220,184,-0.028988607227802277,10697.567775803063,0.011768914213201722,185,248,True
0.0,0.12000000000000005,-0.040000000000000036,False,True,True,True,True,False,False,135,486,199,158,-0.02095986157655716,6903.009765625257,0.006713262675959962,169,230,True
0.0,0.14000000000000007,-0.040000000000000036,False,True,True,True,True,False,False,121,416,150,117,-0.02095986157655716,7352.889160156524,0.007405176132801965,151,170,True
0.0,0.15999999999999998,-0.040000000000000036,False,True,True,True,True,False,False,96,327,134,112,-0.02095986157655716,7534.284179687781,0.0027654121656933727,125,150,True
0.0,0.18,-0.040000000000000036,False,True,True,True,True,False,False,113,391,137,111,-0.02095986157655716,6665.439941406498,0.0029947872902129523,158,160,True
0.0,0.2,-0.040000000000000036,False,True,True,True,True,False,False,108,365,175,145,-0.020959876477718353,7247.95263671902,0.005855752453546994,141,229,True
0.0,0.22000000000000003,-0.040000000000000036,False,True,True,True,True,False,False,93,331,141,104,-0.020959876477718353,6587.267578125246,0.01374485337876,125,176,True
0.0,0.24000000000000005,-0.040000000000000036,False,True,True,True,True,False,False,74,258,124,107,-0.020959876477718353,7494.081542969029,0.008008723047838406,101,141,True
0.0,0.26000000000000006,-0.040000000000000036,True,False,True,True,True,True,False,61,219,111,90,-0.020959876477718353,6769.865234375253,0.015158670023935446,79,128,True
0.0,0.2800000000000001,-0.040000000000000036,True,False,True,True,True,True,False,57,201,104,89,-0.020959876477718353,8087.047363281551,0.033675080326991104,74,124,True
0.0,0.3,-0.040000000000000036,True,False,True,True,True,True,False,60,204,100,85,-0.020959876477718353,6106.322753906477,0.04589914268513344,77,110,True
0.0,0.32,-0.040000000000000036,True,False,True,True,True,True,False,54,189,68,61,-0.015396416187286377,5356.368652343793,0.05341390296549928,62,68,True
0.0,0.34,-0.040000000000000036,True,False,False,False,False,False,False,22,64,0,0,0.004426747560501099,0.0,1.4901161193847656e-08,23,0,False
0.0,0.36000000000000004,-0.040000000000000036,True,False,False,False,False,False,False,0,0,0,0,,0.0,1.4901161193847656e-08,0,0,False
0.0,0.38000000000000006,-0.040000000000000036,True,False,False,False,False,False,False,0,0,0,0,,0.0,1.4901161193847656e-08,0,0,False
0.0,0.4000000000000001,-0.040000000000000036,True,False,False,False,False,False,False,0,0,0,0,,0.0,1.4901161193847656e-08,0,0,False
0.0,0.42,-0.040000000000000036,True,False,False,False,False,False,False,0,0,0,0,,0.0,1.4901161193847656e-08,0,0,False
0.0,-0.42,-0.020000000000000018,True,False,False,False,False,False,False,0,0,0,0,,0.0,1.4901161193847656e-08,0,0,False
0.0,-0.39999999999999997,-0.020000000000000018,True,False,False,False,False,False,False,0,0,0,0,,0.0,1.4901161193847656e-08,0,0,False
0.0,-0.38,-0.020000000000000018,True,False,False,False,False,False,False,0,0,0,0,,0.0,1.4901161193847656e-08,0,0,False
0.0,-0.36,-0.020000000000000018,True,False,False,False,False,False,False,0,0,0,0,,0.0,1.4901161193847656e-08,0,0,False
0.0,-0.33999999999999997,-0.020000000000000018,True,False,False,False,False,False,False,18,59,0,0,0.006578236818313599,0.0,1.4901161193847656e-08,22,0,False
0.0,-0.31999999999999995,-0.020000000000000018,True,False,True,True,True,True,False,42,143,67,45,-0.013416588306427002,6912.950210847466,0.009795484755546209,61,78,True
0.0,-0.3,-0.020000000000000018,True,False,True,True,True,True,False,64,213,93,59,-0.02095983177423477,4755.353515625177,0.02077761610540535,83,127,True
0.0,-0.27999999999999997,-0.020000000000000018,True,False,True,True,True,True,False,59,203,83,67,-0.02095983177423477,5695.815917968962,0.0673384342100918,77,112,True
0.0,-0.26,-0.020000000000000018,True,False,True,True,True,True,False,61,211,76,57,-0.02095983177423477,8593.540939490977,0.0337128020713656,75,94,True
0.0,-0.24,-0.020000000000000018,False,True,True,True,True,False,False,65,233,122,89,-0.02095983177423477,7208.710449219018,0.024514498903133827,78,152,True
0.0,-0.21999999999999997,-0.020000000000000018,False,True,True,True,True,False,False,76,262,118,96,-0.02095983177423477,6102.376953125227,0.028298082769771044,90,152,True
0.0,-0.19999999999999998,-0.020000000000000018,False,True,True,True,True,False,False,89,282,109,90,-0.02095983177423477,7546.332031250281,0.01669684852219198,99,145,True
0.0,-0.18,-0.020000000000000018,False,True,True,True,True,False,False,114,392,111,92,-0.020959846675395966,7731.521972656312,0.008305951518780538,128,131,True
0.0,-0.15999999999999998,-0.020000000000000018,False,True,True,True,True,False,False,124,429,197,142,-0.020959846675395966,6883.285644531348,0.005950845676022178,132,203,True
0.0,-0.13999999999999996,-0.020000000000000018,False,True,True,True,True,False,False,141,462,160,121,-0.020959846675395966,5324.940159467274,0.014238828617810987,146,151,True
0.0,-0.12,-0.020000000000000018,False,True,True,True,True,False,False,152,490,170,143,-0.020959846675395966,6243.916503906483,0.0056656975726770056,159,161,True
0.0,-0.09999999999999998,-0.020000000000000018,False,True,True,True,True,False,False,160,531,212,170,-0.020959846675395966,6699.173339844,0.009023868547188674,172,227,True
0.0,-0.07999999999999996,-0.020000000000000018,False,True,True,True,True,False,False,155,537,224,185,-0.020959846675395966,6861.192382812756,0.008508990849741813,162,237,True
0.0,-0.06,-0.020000000000000018,False,True,True,True,True,False,False,139,478,203,171,-0.02095986157655716,7060.891601562763,0.00724502248983327,137,201,True
0.0,-0.03999999999999998,-0.020000000000000018,False,True,True,True,True,False,False,154,526,170,149,-0.02095986157655716,6749.336425781346,0.013593007958981242,161,171,True
0.0,-0.019999999999999962,-0.020000000000000018,False,True,True,True,True,False,False,147,517,228,197,-0.02095986157655716,7122.175781250102,0.0072689657973645325,153,291,True
0.0,0.0,-0.020000000000000018,False,True,True,True,True,False,False,143,475,185,139,-0.02095986157655716,5037.390625000072,0.009102475609009713,160,236,True
0.0,0.020000000000000018,-0.020000000000000018,False,True,True,True,True,False,False,134,437,151,126,-0.02095986157655716,6606.170898437594,0.007076118275739279,145,181,True
0.0,0.040000000000000036,-0.020000000000000018,False,True,True,True,True,False,False,155,544,178,132,-0.02095986157655716,5914.79541015647,0.0071571117303577654,170,192,True
0.0,0.06,-0.020000000000000018,False,True,True,True,True,False,False,144,504,255,215,-0.02095986157655716,8100.685058593865,0.014431238819228058,159,311,True
0.0,0.08000000000000002,-0.020000000000000018,False,True,True,True,True,False,False,142,515,173,149,-0.020959876477718353,8752.710937500326,0.009203291836495552,158,230,True
0.0,0.10000000000000003,-0.020000000000000018,False,True,True,True,True,False,False,134,442,176,154,-0.02095986157655716,9240.518554687573,0.005809949985604111,148,218,True
0.0,0.12000000000000005,-0.020000000000000018,False,True,True,True,True,False,False,122,438,181,143,-0.02095986157655716,6050.242675781476,0.009724846977549106,134,200,True
0.0,0.14000000000000007,-0.020000000000000018,False,True,True,True,True,False,False,111,377,137,108,-0.02095986157655716,8012.318847656548,0.011213470245127503,116,144,True
0.0,0.15999999999999998,-0.020000000000000018,False,True,True,True,True,False,False,91,303,121,102,-0.02095986157655716,4776.403750129581,0.009668344913457782,93,124,True
0.0,0.18,-0.020000000000000018,False,True,True,True,True,False,False,101,333,119,98,-0.02095986157655716,5703.9399414062955,0.005671812020740653,119,126,True
0.0,0.2,-0.020000000000000018,False,True,True,True,True,False,False,96,322,135,108,-0.02095986157655716,6081.8349609377265,0.012873027275940582,105,188,True
0.0,0.22000000000000003,-0.020000000000000018,False,True,True,True,True,False,False,79,269,121,91,-0.020959876477718353,7698.251464844037,0.0025696577219486466,87,140,True
0.0,0.24000000000000005,-0.020000000000000018,False,True,True,True,True,False,False,66,221,100,84,-0.020959876477718353,6403.084472656488,0.017352414318906,70,106,True
0.0,0.26000000000000006,-0.020000000000000018,True,False,True,True,True,True,False,56,184,87,66,-0.020959876477718353,7213.208007812769,0.02143860976706643,56,93,True
0.0,0.2800000000000001,-0.020000000000000018,True,False,True,True,True,True,False,55,179,77,65,-0.020959876477718353,9286.934570312847,0.043759761057245966,55,89,True
0.0,0.3,-0.020000000000000018,True,False,True,True,True,True,False,56,183,79,63,-0.020959876477718353,5891.834472656469,0.023071944068206472,55,86,True
0.0,0.32,-0.020000000000000018,True,False,True,True,True,True,False,43,150,56,52,-0.015421509742736816,7962.613769531314,0.06332666874711756,44,56,True
0.0,0.34,-0.020000000000000018,True,False,False,False,False,False,False,18,61,0,0,0.004426747560501099,0.0,1.4901161193847656e-08,18,0,False
0.0,0.36000000000000004,-0.020000000000000018,True,False,False,False,False,False,False,0,0,0,0,,0.0,1.4901161193847656e-08,0,0,False
0.0,0.38000000000000006,-0.020000000000000018,True,False,False,False,False,False,False,0,0,0,0,,0.0,1.4901161193847656e-08,0,0,False
0.0,0.4000000000000001,-0.020000000000000018,True,False,False,False,False,False,False,0,0,0,0,,0.0,1.4901161193847656e-08,0,0,False
0.0,0.42,-0.020000000000000018,True,False,False,False,False,False,False,0,0,0,0,,0.0,1.4901161193847656e-08,0,0,False
0.0,-0.42,0.0,True,False,False,False,False,False,False,0,0,0,0,,0.0,1.4901161193847656e-08,0,0,False
0.0,-0.39999999999999997,0.0,True,False,False,False,False,False,False,0,0,0,0,,0.0,1.4901161193847656e-08,0,0,False
0.0,-0.38,0.0,True,False,False,False,False,False,False,0,0,0,0,,0.0,1.4901161193847656e-08,0,0,False
0.0,-0.36,0.0,True,False,False,False,False,False,False,0,0,0,0,,0.0,1.4901161193847656e-08,0,0,False
0.0,-0.33999999999999997,0.0,True,False,False,False,False,False,False,16,57,0,0,0.006578236818313599,0.0,1.4901161193847656e-08,20,0,False
0.0,-0.31999999999999995,0.0,True,False,True,True,True,True,False,38,124,55,45,-0.013416588306427002,5958.286689243673,0.036680612600528205,58,78,True
0.0,-0.3,0.0,True,False,True,True,True,True,False,52,160,74,40,-0.020959816873073578,5144.013183593791,0.017574620669908118,82,130,True
0.0,-0.27999999999999997,0.0,True,False,True,True,True,True,False,46,145,65,42,-0.02095983177423477,5751.884765625215,0.06236582940997718,77,112,True
0.0,-0.26,0.0,True,False,True,True,True,True,False,46,148,69,42,-0.02095983177423477,4577.166954459244,0.01862717625436395,74,94,True
0.0,-0.24,0.0,False,True,True,True,True,False,False,58,190,81,61,-0.02095983177423477,8278.430664062565,0.030263919195685274,80,152,True
0.0,-0.21999999999999997,0.0,False,True,True,True,True,False,False,62,199,78,59,-0.02095983177423477,6134.983886718799,0.016811701580783028,90,152,True
0.0,-0.19999999999999998,0.0,False,True,True,True,True,False,False,68,205,82,62,-0.02095983177423477,6009.436035156298,0.017972024797024436,99,145,True
0.0,-0.18,0.0,False,True,True,True,True,False,False,99,298,77,64,-0.02095983177423477,7589.031250000061,0.018344614271125242,121,131,True
0.0,-0.15999999999999998,0.0,False,True,True,True,True,False,False,104,348,150,115,-0.020959846675395966,8543.218750000318,0.011831128621876838,127,181,True
0.0,-0.13999999999999996,0.0,False,True,True,True,True,False,False,124,387,131,99,-0.020959846675395966,7927.053222656546,0.009091593165927161,133,127,True
0.0,-0.12,0.0,False,True,True,True,True,False,False,126,387,144,120,-0.020959846675395966,6637.875000000247,0.005715477840793308,147,157,True
0.0,-0.09999999999999998,0.0,False,True,True,True,True,False,False,128,412,175,138,-0.020959846675395966,9436.078125000076,0.009537939505064544,162,217,True
0.0,-0.07999999999999996,0.0,False,True,True,True,True,False,False,128,441,193,158,-0.020959846675395966,7296.276367187772,0.014450349493221291,149,209,True
0.0,-0.06,0.0,False,True,True,True,True,False,False,113,388,176,155,-0.020959846675395966,5903.39599609397,0.004804254006694983,126,193,True
0.0,-0.03999999999999998,0.0,False,True,True,True,True,False,False,115,397,161,140,-0.02095986157655716,9700.093750000362,0.0072481290142940745,150,170,True
0.0,-0.019999999999999962,0.0,False,True,True,True,True,False,False,114,397,175,152,-0.02095986157655716,5320.114257812698,0.010106347751659977,138,260,True
0.0,0.0,0.0,False,True,True,True,True,False,False,114,362,144,111,-0.02095986157655716,6611.0541992189965,0.011054793825247267,151,225,True
0.0,0.020000000000000018,0.0,False,True,True,True,True,False,False,109,362,139,111,-0.02095986157655716,7270.428710937771,0.007428335604857466,136,168,True
0.0,0.040000000000000036,0.0,False,True,True,True,True,False,False,136,460,167,117,-0.02095986157655716,7423.3129882813555,0.008209782950896184,162,171,True
0.0,0.06,0.0,False,True,True,True,True,False,False,118,413,210,164,-0.02095986157655716,6602.331542968996,0.011900484158244578,151,292,True
0.0,0.08000000000000002,0.0,False,True,True,True,True,False,False,113,401,142,119,-0.02095986157655716,9598.598632812858,0.010780192219331342,146,216,True
0.0,0.10000000000000003,0.0,False,True,True,True,True,False,False,101,321,149,128,-0.020959846675395966,9181.846730763404,0.0064221400184221915,142,211,True
0.0,0.12000000000000005,0.0,False,True,True,True,True,False,False,101,337,131,107,-0.02095986157655716,6093.419433593977,0.007359823838222822,127,190,True
0.0,0.14000000000000007,0.0,False,True,True,True,True,False,False,91,297,104,92,-0.02095986157655716,6626.759277343845,0.00190762537759029,110,132,True
0.0,0.15999999999999998,0.0,False,True,True,True,True,False,False,78,241,92,80,-0.02095986157655716,5075.241210937689,0.004838189222993164,90,117,True
0.0,0.18,0.0,False,True,True,True,True,False,False,80,243,88,76,-0.02095986157655716,8364.110351562811,0.00710139137393138,118,126,True
0.0,0.2,0.0,False,True,True,True,True,False,False,73,218,88,74,-0.02095986157655716,6497.060546875242,0.015616547619649037,103,188,True
0.0,0.22000000000000003,0.0,False,True,True,True,True,False,False,63,206,86,72,-0.02095986157655716,6226.610839843982,0.009402924178161227,84,140,True
0.0,0.24000000000000005,0.0,False,True,True,True,True,False,False,52,170,88,75,-0.020959876477718353,7253.536621093808,0.012336584596662415,65,106,True
0.0,0.26000000000000006,0.0,True,False,True,True,True,True,False,47,153,75,57,-0.020959876477718353,6035.826660156476,0.032171300889365796,51,93,True
0.0,0.2800000000000001,0.0,True,False,True,True,True,True,False,42,134,65,53,-0.020959876477718353,7238.781243260095,0.02761789338895084,49,89,True
0.0,0.3,0.0,True,False,True,True,True,True,False,45,149,67,55,-0.020959876477718353,5166.667968750193,0.026485771832069686,50,86,True
0.0,0.32,0.0,True,False,True,True,True,True,False,34,126,56,52,-0.015421509742736816,7785.395507812562,0.03783732933902891,41,56,True
0.0,0.34,0.0,True,False,False,False,False,False,False,16,55,0,0,0.004426747560501099,0.0,1.4901161193847656e-08,15,0,False
0.0,0.36000000000000004,0.0,True,False,False,False,False,False,False,0,0,0,0,,0.0,1.4901161193847656e-08,0,0,False
0.0,0.38000000000000006,0.0,True,False,False,False,False,False,False,0,0,0,0,,0.0,1.4901161193847656e-08,0,0,False
0.0,0.4000000000000001,0.0,True,False,False,False,False,False,False,0,0,0,0,,0.0,1.4901161193847656e-08,0,0,False
0.0,0.42,0.0,True,False,False,False,False,False,False,0,0,0,0,,0.0,1.4901161193847656e-08,0,0,False
0.0,-0.42,0.019999999999999962,True,False,False,False,False,False,False,0,0,0,0,,0.0,1.4901161193847656e-08,0,0,False
0.0,-0.39999999999999997,0.019999999999999962,True,False,False,False,False,False,False,0,0,0,0,,0.0,1.4901161193847656e-08,0,0,False
0.0,-0.38,0.019999999999999962,True,False,False,False,False,False,False,0,0,0,0,,0.0,1.4901161193847656e-08,0,0,False
0.0,-0.36,0.019999999999999962,True,False,False,False,False,False,False,0,0,0,0,,0.0,1.4901161193847656e-08,0,0,False
0.0,-0.33999999999999997,0.019999999999999962,True,False,False,False,False,False,False,16,57,0,0,0.006578236818313599,0.0,1.4901161193847656e-08,20,0,False
0.0,-0.31999999999999995,0.019999999999999962,True,False,True,True,True,True,False,27,98,55,45,-0.013416588306427002,4495.840567151826,0.05319032670256965,60,82,True
0.0,-0.3,0.019999999999999962,True,False,True,True,True,True,False,36,123,66,40,-0.020959816873073578,5290.022460937542,0.04716272438827619,88,131,True
0.0,-0.27999999999999997,0.019999999999999962,True,False,True,True,True,True,False,34,118,50,42,-0.020959816873073578,6061.9458007814765,0.059183924025831364,82,109,True
0.0,-0.26,0.019999999999999962,True,False,True,True,True,True,False,33,123,57,42,-0.02095983177423477,5658.729870137542,0.03983140147641179,79,109,True
0.0,-0.24,0.019999999999999962,False,True,True,True,True,False,False,39,139,69,61,-0.02095983177423477,6042.707519531475,0.027848785918733007,88,158,True
0.0,-0.21999999999999997,0.019999999999999962,False,True,True,True,True,False,False,43,150,67,59,-0.02095983177423477,6175.24511718773,0.022048655729953816,95,149,True
0.0,-0.19999999999999998,0.019999999999999962,False,True,True,True,True,False,False,47,162,70,62,-0.02095983177423477,6334.6186523439865,0.018308160678261916,103,135,True
0.0,-0.18,0.019999999999999962,False,True,True,True,True,False,False,74,265,72,64,-0.02095983177423477,9957.57421875008,0.01540753673423607,124,124,True
0.0,-0.15999999999999998,0.019999999999999962,False,True,True,True,True,False,False,89,316,142,115,-0.02095983177423477,6104.693359375227,0.011483848842380823,122,184,True
0.0,-0.13999999999999996,0.019999999999999962,False,True,True,True,True,False,False,108,358,123,99,-0.020959846675395966,7351.222167969024,0.007514043409039095,127,131,True
0.0,-0.12,0.019999999999999962,False,True,True,True,True,False,False,102,353,144,120,-0.020959846675395966,7531.120605469031,0.006549710510915617,144,153,True
0.0,-0.09999999999999998,0.019999999999999962,False,True,True,True,True,False,False,110,378,171,138,-0.020959846675395966,7899.289203551698,0.015678025497724603,155,201,True
0.0,-0.07999999999999996,0.019999999999999962,False,True,True,True,True,False,False,112,408,189,158,-0.020959846675395966,8349.707031250311,0.009284687815454195,145,205,True
0.0,-0.06,0.019999999999999962,False,True,True,True,True,False,False,111,389,179,162,-0.020959846675395966,6476.108398437742,0.0066376765279092635,122,193,True
0.0,-0.03999999999999998,0.019999999999999962,False,True,True,True,True,False,False,122,416,160,140,-0.020959846675395966,6829.745605469005,0.007686095860568525,143,156,True
0.0,-0.019999999999999962,0.019999999999999962,False,True,True,True,True,False,False,128,450,195,172,-0.02095986157655716,6466.172851562741,0.008511495010569393,136,258,True
0.0,0.0,0.019999999999999962,False,True,True,True,True,False,False,121,419,164,130,-0.02095986157655716,7832.956542969042,0.00677742522463022,145,217,True
0.0,0.020000000000000018,0.019999999999999962,False,True,True,True,True,False,False,124,419,152,133,-0.02095986157655716,6985.14550781276,0.00515360756321069,133,166,True
0.0,0.040000000000000036,0.019999999999999962,False,True,True,True,True,False,False,148,513,184,145,-0.02095986157655716,5439.937011718953,0.010916919008029043,145,177,True
0.0,0.06,0.019999999999999962,False,True,True,True,True,False,False,131,456,233,176,-0.02095986157655716,8651.979492187824,0.008314480759614655,137,263,True
0.0,0.08000000000000002,0.019999999999999962,False,True,True,True,True,False,False,126,431,137,119,-0.02095986157655716,8233.435546875307,0.010690670574486305,142,186,True
0.0,0.10000000000000003,0.019999999999999962,False,True,True,True,True,False,False,113,353,140,128,-0.020959846675395966,8740.05078125007,0.01032604544559625,133,192,True
0.0,0.12000000000000005,0.019999999999999962,False,True,True,True,True,False,False,108,352,126,107,-0.020959846675395966,7129.625488281516,0.010198155977761197,118,158,True
0.0,0.14000000000000007,0.019999999999999962,False,True,True,True,True,False,False,100,309,103,84,-0.02095986157655716,7903.489257812795,0.013337243469375138,106,114,True
0.0,0.15999999999999998,0.019999999999999962,False,True,True,True,True,False,False,82,254,84,80,-0.02095986157655716,6451.10888671899,0.010264071168392092,82,102,True
0.0,0.18,0.019999999999999962,False,True,True,True,True,False,False,87,257,80,76,-0.02095986157655716,7353.929199218809,0.008496210357998444,105,110,True
0.0,0.2,0.019999999999999962,False,True,True,True,True,False,False,72,215,78,74,-0.02095986157655716,7242.41699218777,0.02011486613332094,103,159,True
0.0,0.22000000000000003,0.019999999999999962,False,True,True,True,True,False,False,56,192,78,72,-0.02095986157655716,6782.928710937753,0.01566749054812005,85,121,True
0.0,0.24000000000000005,0.019999999999999962,False,True,True,True,True,False,False,50,173,80,75,-0.02095986157655716,8660.44042968757,0.021473899815638908,65,101,True
0.0,0.26000000000000006,0.019999999999999962,True,False,True,True,True,True,False,44,154,67,57,-0.020959876477718353,7005.182128906511,0.027010958210010212,53,88,True
0.0,0.2800000000000001,0.019999999999999962,True,False,True,True,True,True,False,38,131,57,53,-0.020959876477718353,5685.361242176058,0.06534200557307773,50,81,True
0.0,0.3,0.019999999999999962,True,False,True,True,True,True,False,41,140,63,55,-0.020959876477718353,6400.324218750238,0.02429408403030999,53,82,True
0.0,0.32,0.019999999999999962,True,False,True,True,True,True,False,35,130,56,52,-0.015421509742736816,6636.787432680874,0.06330325754673935,42,56,True
0.0,0.34,0.019999999999999962,True,False,False,False,False,False,False,16,55,0,0,0.004426747560501099,0.0,1.4901161193847656e-08,16,0,False
0.0,0.36000000000000004,0.019999999999999962,True,False,False,False,False,False,False,0,0,0,0,,0.0,1.4901161193847656e-08,0,0,False
0.0,0.38000000000000006,0.019999999999999962,True,False,False,False,False,False,False,0,0,0,0,,0.0,1.4901161193847656e-08,0,0,False
0.0,0.4000000000000001,0.019999999999999962,True,False,False,False,False,False,False,0,0,0,0,,0.0,1.4901161193847656e-08,0,0,False
0.0,0.42,0.019999999999999962,True,False,False,False,False,False,False,0,0,0,0,,0.0,1.4901161193847656e-08,0,0,False
0.0,-0.42,0.03999999999999998,True,False,False,False,False,False,False,0,0,0,0,,0.0,1.4901161193847656e-08,0,0,False
0.0,-0.39999999999999997,0.03999999999999998,True,False,False,False,False,False,False,0,0,0,0,,0.0,1.4901161193847656e-08,0,0,False
0.0,-0.38,0.03999999999999998,True,False,False,False,False,False,False,0,0,0,0,,0.0,1.4901161193847656e-08,0,0,False
0.0,-0.36,0.03999999999999998,True,False,False,False,False,False,False,0,0,0,0,,0.0,1.4901161193847656e-08,0,0,False
0.0,-0.33999999999999997,0.03999999999999998,True,False,False,False,False,False,False,18,65,0,0,0.006578236818313599,0.0,1.4901161193847656e-08,22,0,False
0.0,-0.31999999999999995,0.03999999999999998,True,False,True,True,True,True,False,32,121,62,49,-0.013416588306427002,7355.309570312559,0.022651667329317882,61,82,True
0.0,-0.3,0.03999999999999998,True,False,True,True,True,True,False,43,154,74,48,-0.020959816873073578,4610.147949218786,0.04663673366331436,82,113,True
0.0,-0.27999999999999997,0.03999999999999998,True,False,True,True,True,True,False,42,153,69,61,-0.020959816873073578,4997.441505380511,0.04375784280057001,76,105,True
0.0,-0.26,0.03999999999999998,True,False,True,True,True,True,False,43,155,75,60,-0.020959816873073578,5073.086425781439,0.0232054458405651,74,101,True
0.0,-0.24,0.03999999999999998,False,True,True,True,True,False,False,48,173,82,73,-0.02095983177423477,7478.915039062779,0.02372781970091573,91,130,True
0.0,-0.21999999999999997,0.03999999999999998,False,True,True,True,True,False,False,53,192,82,72,-0.02095983177423477,8886.552734375276,0.016407344046852203,98,150,True
0.0,-0.19999999999999998,0.03999999999999998,False,True,True,True,True,False,False,60,214,85,75,-0.02095983177423477,6521.768066406452,0.011534498315022415,109,141,True
0.0,-0.18,0.03999999999999998,False,True,True,True,True,False,False,87,308,86,76,-0.02095983177423477,6406.677246093801,0.006669195766991146,127,132,True
0.0,-0.15999999999999998,0.03999999999999998,False,True,True,True,True,False,False,100,368,157,119,-0.02095983177423477,6595.021484375246,0.006583867906379584,126,174,True
0.0,-0.13999999999999996,0.03999999999999998,False,True,True,True,True,False,False,119,392,131,109,-0.02095983177423477,6626.527343750095,0.008938002045803282,128,137,True
0.0,-0.12,0.03999999999999998,False,True,True,True,True,False,False,113,389,142,122,-0.020959846675395966,6006.658331977282,0.012027338974347762,139,160,True
0.0,-0.09999999999999998,0.03999999999999998,False,True,True,True,True,False,False,121,440,179,149,-0.020959846675395966,10664.22871270048,0.00798671532414882,167,224,True
0.0,-0.07999999999999996,0.03999999999999998,False,True,True,True,True,False,False,124,453,185,162,-0.020959846675395966,6156.270996093979,0.009934811714192571,155,223,True
0.0,-0.06,0.03999999999999998,False,True,True,True,True,False,False,123,426,179,153,-0.020959846675395966,5716.757324218963,0.010358787090518415,132,207,True
0.0,-0.03999999999999998,0.03999999999999998,False,True,True,True,True,False,False,122,426,161,144,-0.020959846675395966,7904.007812500295,0.005446809850033965,138,174,True
0.0,-0.019999999999999962,0.03999999999999998,False,True,True,True,True,False,False,103,373,151,137,-0.020959846675395966,7038.208007812763,0.007267451904670188,128,246,True
0.0,0.0,0.03999999999999998,False,True,True,True,True,False,False,93,331,131,116,-0.02095986157655716,7088.389648437765,0.00929194985682045,127,208,True
0.0,0.020000000000000018,0.03999999999999998,False,True,True,True,True,False,False,97,332,127,113,-0.02095986157655716,6669.584472656345,0.019691269543520986,116,151,True
0.0,0.040000000000000036,0.03999999999999998,False,True,True,True,True,False,False,123,425,146,122,-0.02095986157655716,5351.400390625199,0.0047185405678528865,127,167,True
0.0,0.06,0.03999999999999998,False,True,True,True,True,False,False,117,417,191,163,-0.02095986157655716,9108.78613281284,0.013208885400296425,125,228,True
0.0,0.08000000000000002,0.03999999999999998,False,True,True,True,True,False,False,110,413,142,126,-0.02095986157655716,6522.125000000244,0.0086117995161818,132,201,True
0.0,0.10000000000000003,0.03999999999999998,False,True,True,True,True,False,False,96,350,158,146,-0.020959846675395966,10850.169921875087,0.009067187508897286,128,201,True
0.0,0.12000000000000005,0.03999999999999998,False,True,True,True,True,False,False,93,336,140,121,-0.020959846675395966,7833.725097656542,0.006065775289329721,116,173,True
0.0,0.14000000000000007,0.03999999999999998,False,True,True,True,True,False,False,84,293,104,94,-0.020959846675395966,8269.489257812807,0.0034819162118274643,110,126,True
0.0,0.15999999999999998,0.03999999999999998,False,True,True,True,True,False,False,66,242,99,93,-0.02095986157655716,6074.687478976551,0.0067907598992153675,92,117,True
0.0,0.18,0.03999999999999998,False,True,True,True,True,False,False,66,244,97,91,-0.02095986157655716,6255.83984375005,0.0038840497061071485,116,127,True
0.0,0.2,0.03999999999999998,False,True,True,True,True,False,False,64,221,92,86,-0.02095986157655716,8592.787109375267,0.009351599210263517,114,173,True
0.0,0.22000000000000003,0.03999999999999998,False,True,True,True,True,False,False,56,205,92,84,-0.02095986157655716,7534.374511718985,0.015947994100360255,93,135,True
0.0,0.24000000000000005,0.03999999999999998,False,True,True,True,True,False,False,54,192,95,87,-0.02095986157655716,7841.754882812563,0.016016462968977536,76,116,True
0.0,0.26000000000000006,0.03999999999999998,True,False,True,True,True,True,False,47,165,84,74,-0.02095986157655716,7301.866699218977,0.023006800302292508,62,105,True
0.0,0.2800000000000001,0.03999999999999998,True,False,True,True,True,True,False,42,152,74,70,-0.020959876477718353,4423.824218750137,0.035804822081982754,56,98,True
0.0,0.3,0.03999999999999998,True,False,True,True,True,True,False,47,166,77,69,-0.020959876477718353,5207.746093750195,0.03208074536144029,60,96,True
0.0,0.32,0.03999999999999998,True,False,True,True,True,True,False,43,153,64,58,-0.015421509742736816,8850.909179687571,0.04051116278697966,50,64,True
0.0,0.34,0.03999999999999998,True,False,False,False,False,False,False,17,59,0,0,0.004426747560501099,0.0,1.4901161193847656e-08,17,0,False
0.0,0.36000000000000004,0.03999999999999998,True,False,False,False,False,False,False,0,0,0,0,,0.0,1.4901161193847656e-08,0,0,False
0.0,0.38000000000000006,0.03999999999999998,True,False,False,False,False,False,False,0,0,0,0,,0.0,1.4901161193847656e-08,0,0,False
0.0,0.4000000000000001,0.03999999999999998,True,False,False,False,False,False,False,0,0,0,0,,0.0,1.4901161193847656e-08,0,0,False
0.0,0.42,0.03999999999999998,True,False,False,False,False,False,False,0,0,0,0,,0.0,1.4901161193847656e-08,0,0,False
0.0,-0.42,0.06,True,False,False,False,False,False,False,0,0,0,0,,0.0,1.4901161193847656e-08,0,0,False
0.0,-0.39999999999999997,0.06,True,False,False,False,False,False,False,0,0,0,0,,0.0,1.4901161193847656e-08,0,0,False
0.0,-0.38,0.06,True,False,False,False,False,False,False,0,0,0,0,,0.0,1.4901161193847656e-08,0,0,False
0.0,-0.36,0.06,True,False,False,False,False,False,False,0,0,0,0,,0.0,1.4901161193847656e-08,0,0,False
0.0,-0.33999999999999997,0.06,True,False,False,False,False,False,False,17,62,0,0,0.006578236818313599,0.0,1.4901161193847656e-08,21,0,False
0.0,-0.31999999999999995,0.06,True,False,True,True,True,True,False,33,123,60,52,-0.01332758367061615,4253.279085163433,0.006846093333518637,62,80,True
0.0,-0.3,0.06,True,False,True,True,True,True,False,42,140,56,44,-0.020959816873073578,5526.344238281456,0.037268243208705754,81,95,True
0.0,-0.27999999999999997,0.06,True,False,True,True,True,True,False,40,131,49,41,-0.020959816873073578,5914.1783871898315,0.08094200421840407,72,85,True
0.0,-0.26,0.06,True,False,True,True,True,True,False,43,150,52,34,-0.020959816873073578,5166.866699218943,0.017532647173899706,73,78,True
0.0,-0.24,0.06,False,True,True,True,True,False,False,47,169,71,57,-0.020959816873073578,6427.224609375239,0.02737755277233219,90,119,True
0.0,-0.21999999999999997,0.06,False,True,True,True,True,False,False,53,182,73,64,-0.02095983177423477,5479.763671875044,0.009012145978391518,98,137,True
0.0,-0.19999999999999998,0.06,False,True,True,True,True,False,False,58,192,82,63,-0.02095983177423477,8255.232421875065,0.015207460004759222,106,138,True
0.0,-0.18,0.06,False,True,True,True,True,False,False,80,274,86,72,-0.02095983177423477,5850.060546875217,0.009103220068419385,123,130,True
0.0,-0.15999999999999998,0.06,False,True,True,True,True,False,False,92,316,127,98,-0.02095983177423477,7121.766113281516,0.007998725692814406,121,152,True
0.0,-0.13999999999999996,0.06,False,True,True,True,True,False,False,100,314,107,88,-0.02095983177423477,7616.825195312784,0.004145496970675534,121,125,True
0.0,-0.12,0.06,False,True,True,True,True,False,False,103,344,117,93,-0.02095983177423477,6156.050781250229,0.003435137137741038,141,135,True
0.0,-0.09999999999999998,0.06,False,True,True,True,True,False,False,113,383,153,122,-0.020959846675395966,9942.100028859826,0.011655647315034979,155,199,True
0.0,-0.07999999999999996,0.06,False,True,True,True,True,False,False,110,399,153,123,-0.020959846675395966,7906.065429687795,0.005672088531764445,147,210,True
0.0,-0.06,0.06,False,True,True,True,True,False,False,112,383,164,135,-0.020959846675395966,6833.234863281347,0.008899165840882994,134,176,True
0.0,-0.03999999999999998,0.06,False,True,True,True,True,False,False,114,387,150,117,-0.020959846675395966,7580.598144531357,0.011339502271263667,138,160,True
0.0,-0.019999999999999962,0.06,False,True,True,True,True,False,False,100,357,143,116,-0.020959846675395966,7698.634277344037,0.012228912008462938,132,244,True
0.0,0.0,0.06,False,True,True,True,True,False,False,91,310,123,95,-0.020959846675395966,6679.437988281498,0.007625181198706978,132,206,True
0.0,0.020000000000000018,0.06,False,True,True,True,True,False,False,92,304,119,89,-0.021416008472442627,6299.131347656485,0.008022245578559944,129,158,True
0.0,0.040000000000000036,0.06,False,True,True,True,True,False,False,119,401,138,99,-0.02095986157655716,5375.376953125076,0.007974348255628844,133,163,True
0.0,0.06,0.06,False,True,True,True,True,False,False,117,404,187,146,-0.02095986157655716,11168.766601562917,0.012208668023074453,134,203,True
0.0,0.08000000000000002,0.06,False,True,True,True,True,False,False,107,386,134,109,-0.02095986157655716,7483.060546875279,0.011507653300726079,132,200,True
0.0,0.10000000000000003,0.06,False,True,True,True,True,False,False,93,328,147,122,-0.020959846675395966,9550.58625488458,0.013219367578935572,135,190,True
0.0,0.12000000000000005,0.06,False,True,True,True,True,False,False,91,314,116,82,-0.020959846675395966,8149.259277344054,0.008526382187739458,121,149,True
0.0,0.14000000000000007,0.06,False,True,True,True,True,False,False,82,263,99,77,-0.020959846675395966,7438.768066406527,0.00894816484761492,106,118,True
0.0,0.15999999999999998,0.06,False,True,True,True,True,False,False,65,231,95,78,-0.020959846675395966,6045.320800781476,0.00639862797330758,86,111,True
0.0,0.18,0.06,False,True,True,True,True,False,False,63,228,95,77,-0.02095986157655716,5504.571289062705,0.009558123732408792,105,122,True
0.0,0.2,0.06,False,True,True,True,True,False,False,61,207,98,80,-0.02095986157655716,5637.39306640646,0.007729692714588914,99,177,True
0.0,0.22000000000000003,0.06,False,True,True,True,True,False,False,57,202,89,73,-0.02095986157655716,5604.585937500209,0.009998113840792956,84,132,True
0.0,0.24000000000000005,0.06,False,True,True,True,True,False,False,51,183,82,67,-0.02095986157655716,6028.436035156475,0.016518448439571388,68,103,True
0.0,0.26000000000000006,0.06,True,False,True,True,True,True,False,47,157,60,43,-0.02095986157655716,7773.478899629684,0.016367816291259843,58,81,True
0.0,0.2800000000000001,0.06,True,False,True,True,True,True,False,41,143,56,44,-0.02095986157655716,4693.039550781425,0.01467872426805016,52,80,True
0.0,0.3,0.06,True,False,True,True,True,True,False,47,156,59,43,-0.02095986157655716,6003.312988281474,0.016134683677506364,57,78,True
0.0,0.32,0.06,True,False,True,True,True,True,False,43,140,59,47,-0.015421509742736816,4889.442178719304,0.045638744752472094,50,59,True
0.0,0.34,0.06,True,False,False,False,False,False,False,19,60,0,0,0.004426747560501099,0.0,1.4901161193847656e-08,19,0,False
0.0,0.36000000000000004,0.06,True,False,False,False,False,False,False,0,0,0,0,,0.0,1.4901161193847656e-08,0,0,False
0.0,0.38000000000000006,0.06,True,False,False,False,False,False,False,0,0,0,0,,0.0,1.4901161193847656e-08,0,0,False
0.0,0.4000000000000001,0.06,True,False,False,False,False,False,False,0,0,0,0,,0.0,1.4901161193847656e-08,0,0,False
0.0,0.42,0.06,True,False,False,False,False,False,False,0,0,0,0,,0.0,1.4901161193847656e-08,0,0,False
0.0,-0.42,0.07999999999999996,True,False,False,False,False,False,False,0,0,0,0,,0.0,1.4901161193847656e-08,0,0,False
0.0,-0.39999999999999997,0.07999999999999996,True,False,False,False,False,False,False,0,0,0,0,,0.0,1.4901161193847656e-08,0,0,False
0.0,-0.38,0.07999999999999996,True,False,False,False,False,False,False,0,0,0,0,,0.0,1.4901161193847656e-08,0,0,False
0.0,-0.36,0.07999999999999996,True,False,False,False,False,False,False,0,0,0,0,,0.0,1.4901161193847656e-08,0,0,False
0.0,-0.33999999999999997,0.07999999999999996,True,False,False,False,False,False,False,12,45,0,0,0.006578236818313599,0.0,1.4901161193847656e-08,16,0,False
0.0,-0.31999999999999995,0.07999999999999996,True,False,True,True,True,True,False,26,92,44,40,-0.01332758367061615,6818.016698599713,0.02915366221827822,48,64,True
0.0,-0.3,0.07999999999999996,True,False,True,True,True,True,False,26,90,44,36,-0.020959801971912384,5925.328125000221,0.021529787017582652,56,83,True
0.0,-0.27999999999999997,0.07999999999999996,True,False,True,True,True,True,False,23,78,37,33,-0.020959801971912384,8715.984375000326,0.04191213346150455,48,73,True
0.0,-0.26,0.07999999999999996,True,False,True,True,True,True,False,24,85,39,29,-0.020959816873073578,8960.439453125335,0.03804025121180455,47,65,True
0.0,-0.24,0.07999999999999996,False,True,True,True,True,False,False,31,113,42,38,-0.020959816873073578,7153.699707031307,0.049050536678412915,57,90,True
0.0,-0.21999999999999997,0.07999999999999996,False,True,True,True,True,False,False,36,119,56,50,-0.020959816873073578,4795.088867187538,0.013286635200315824,66,114,True
0.0,-0.19999999999999998,0.07999999999999996,False,True,True,True,True,False,False,41,135,61,51,-0.025854818522930145,6003.421386718798,0.01584326182260278,76,116,True
0.0,-0.18,0.07999999999999996,False,True,True,True,True,False,False,56,191,55,48,-0.02585480362176895,5869.903320312719,0.01484183163347857,79,90,True
0.0,-0.15999999999999998,0.07999999999999996,False,True,True,True,True,False,False,63,215,93,77,-0.02585480362176895,6858.292721816182,0.024253873515906316,79,87,True
0.0,-0.13999999999999996,0.07999999999999996,False,True,True,True,True,False,False,70,231,81,71,-0.02585480362176895,5735.853027343832,0.009873821563884054,82,79,True
0.0,-0.12,0.07999999999999996,False,True,True,True,True,False,False,76,247,91,77,-0.02585480362176895,8339.534179687811,0.007646229540957715,108,95,True
0.0,-0.09999999999999998,0.07999999999999996,False,True,True,True,True,False,False,81,280,120,100,-0.02585480362176895,6979.72021484401,0.005607954935887375,121,144,True
0.0,-0.07999999999999996,0.07999999999999996,False,True,True,True,True,False,False,82,290,129,116,-0.02585480362176895,8481.331054687817,0.00691781621485712,107,132,True
0.0,-0.06,0.07999999999999996,False,True,True,True,True,False,False,87,293,121,112,-0.02585480362176895,7658.110351562786,0.010143785407896936,90,113,True
0.0,-0.03999999999999998,0.07999999999999996,False,True,True,True,True,False,False,87,285,110,96,-0.02585480362176895,9187.272460937842,0.013887960274114796,100,96,True
0.0,-0.019999999999999962,0.07999999999999996,False,True,True,True,True,False,False,73,263,110,92,-0.02585480362176895,8223.236328125116,0.009467800334839923,106,151,True
0.0,0.0,0.07999999999999996,False,True,True,True,True,False,False,69,229,94,74,-0.02585480362176895,6349.0317382814865,0.009175049661786368,105,138,True
0.0,0.020000000000000018,0.07999999999999996,False,True,True,True,True,False,False,72,209,72,66,-0.02585480362176895,8606.289062500322,0.013966502618886214,100,100,True
0.0,0.040000000000000036,0.07999999999999996,False,True,True,True,True,False,False,64,202,70,66,-0.02585480362176895,5789.225097656466,0.01161570255259875,99,104,True
0.0,0.06,0.07999999999999996,False,True,True,True,True,False,False,64,200,74,70,-0.02585480362176895,9013.823242187837,0.013699098324463822,98,136,True
0.0,0.08000000000000002,0.07999999999999996,False,True,True,True,True,False,False,59,197,74,70,-0.02585480362176895,10329.922851562886,0.014864200154360404,98,139,True
0.0,0.10000000000000003,0.07999999999999996,False,True,True,True,True,False,False,66,213,90,86,-0.02585480362176895,8068.456838601616,0.01061704514909554,106,143,True
0.0,0.12000000000000005,0.07999999999999996,False,True,True,True,True,False,False,63,208,67,56,-0.02585480362176895,6066.884765625226,0.00379207546328457,89,113,True
0.0,0.14000000000000007,0.07999999999999996,False,True,True,True,True,False,False,54,171,49,47,-0.02585480362176895,6174.49609375023,0.009367066546822917,74,81,True
0.0,0.15999999999999998,0.07999999999999996,False,True,True,True,True,False,False,43,140,52,51,-0.02585480362176895,8645.601562500322,0.003063467485170937,66,72,True
0.0,0.18,0.07999999999999996,False,True,True,True,True,False,False,44,151,62,59,-0.025854788720607758,7876.142578125294,0.012525712187720282,85,89,True
0.0,0.2,0.07999999999999996,False,True,True,True,True,False,False,46,151,69,65,-0.025853551924228668,8059.8466796878,0.008975369844749241,86,136,True
0.0,0.22000000000000003,0.07999999999999996,False,True,True,True,True,False,False,42,142,70,63,-0.020959846675395966,7901.383789062795,0.01890350936983828,69,105,True
0.0,0.24000000000000005,0.07999999999999996,False,True,True,True,True,False,False,38,131,54,52,-0.020959846675395966,7633.054199219035,0.01569607527082603,54,71,True
0.0,0.26000000000000006,0.07999999999999996,True,False,True,True,True,True,False,31,106,45,42,-0.020959846675395966,8124.342285156553,0.017041967177212278,42,62,True
0.0,0.2800000000000001,0.07999999999999996,True,False,True,True,True,True,False,28,94,44,44,-0.020959846675395966,8294.23948319007,0.03535175831242887,39,64,True
0.0,0.3,0.07999999999999996,True,False,True,True,True,True,False,33,109,47,43,-0.020959846675395966,6528.398437500243,0.03734776631677664,42,62,True
0.0,0.32,0.07999999999999996,True,False,True,True,True,True,False,32,109,44,44,-0.015421509742736816,5466.119140625044,0.05566193352156407,36,44,True
0.0,0.34,0.07999999999999996,True,False,False,False,False,False,False,15,47,0,0,0.004426747560501099,0.0,1.4901161193847656e-08,15,0,False
0.0,0.36000000000000004,0.07999999999999996,True,False,False,False,False,False,False,0,0,0,0,,0.0,1.4901161193847656e-08,0,0,False
0.0,0.38000000000000006,0.07999999999999996,True,False,False,False,False,False,False,0,0,0,0,,0.0,1.4901161193847656e-08,0,0,False
0.0,0.4000000000000001,0.07999999999999996,True,False,False,False,False,False,False,0,0,0,0,,0.0,1.4901161193847656e-08,0,0,False
0.0,0.42,0.07999999999999996,True,False,False,False,False,False,False,0,0,0,0,,0.0,1.4901161193847656e-08,0,0,False
0.0,-0.42,0.09999999999999998,True,False,False,False,False,False,False,0,0,0,0,,0.0,1.4901161193847656e-08,0,0,False
0.0,-0.39999999999999997,0.09999999999999998,True,False,False,False,False,False,False,0,0,0,0,,0.0,1.4901161193847656e-08,0,0,False
0.0,-0.38,0.09999999999999998,True,False,False,False,False,False,False,0,0,0,0,,0.0,1.4901161193847656e-08,0,0,False
0.0,-0.36,0.09999999999999998,True,False,False,False,False,False,False,0,0,0,0,,0.0,1.4901161193847656e-08,0,0,False
0.0,-0.33999999999999997,0.09999999999999998,True,False,False,False,False,False,False,13,46,0,0,0.006578236818313599,0.0,1.4901161193847656e-08,17,0,False
0.0,-0.31999999999999995,0.09999999999999998,True,False,True,True,True,True,False,21,80,43,39,-0.01332758367061615,6944.65820458158,0.029618767855356845,41,63,True
0.0,-0.3,0.09999999999999998,True,False,True,True,True,True,False,22,83,44,36,-0.020959801971912384,5078.691894531439,0.0013988335603439949,50,83,True
0.0,-0.27999999999999997,0.09999999999999998,True,False,True,True,True,True,False,20,72,37,33,-0.020959801971912384,9998.695312500373,0.02379210496054806,45,73,True
0.0,-0.26,0.09999999999999998,True,False,True,True,True,True,False,19,71,39,29,-0.020959801971912384,5354.44091796895,0.031297863726667416,42,65,True
0.0,-0.24,0.09999999999999998,False,True,True,True,True,False,False,23,89,42,38,-0.020959816873073578,7617.243652343811,0.03205706060865826,48,89,True
0.0,-0.21999999999999997,0.09999999999999998,False,True,True,True,True,False,False,30,103,54,50,-0.020959816873073578,5845.750000000218,0.013707510689199447,59,107,True
0.0,-0.19999999999999998,0.09999999999999998,False,True,True,True,True,False,False,33,112,57,53,-0.02664169669151306,8667.10253906257,0.019924955220948372,66,107,True
0.0,-0.18,0.09999999999999998,False,True,True,True,True,False,False,30,107,54,50,-0.04191191494464874,7768.806152343812,0.021993445207404396,62,89,True
0.0,-0.15999999999999998,0.09999999999999998,False,True,True,True,True,False,False,26,96,45,41,-0.04191191494464874,8920.384765625333,0.02439521901755651,49,82,True
0.0,-0.13999999999999996,0.09999999999999998,False,True,True,True,True,False,False,33,111,45,37,-0.04191191494464874,6199.076660156481,0.02441309766293268,52,65,True
0.0,-0.12,0.09999999999999998,False,True,True,True,True,False,False,42,150,65,59,-0.04191191494464874,7073.462890625264,0.014041606231759858,76,85,True
0.0,-0.09999999999999998,0.09999999999999998,False,True,True,True,True,False,False,42,161,90,82,-0.04191192239522934,12957.450941574934,0.007965844799790628,79,131,True
0.0,-0.07999999999999996,0.09999999999999998,False,True,True,True,True,False,False,39,152,75,71,-0.04191192239522934,9292.475585937846,0.01302321199959384,71,114,True
0.0,-0.06,0.09999999999999998,False,True,True,True,True,False,False,35,137,75,71,-0.04191192239522934,6509.177734375243,0.00756624259876468,52,98,True
0.0,-0.03999999999999998,0.09999999999999998,False,True,True,True,True,False,False,34,133,71,67,-0.04191192239522934,8780.691406250327,0.0020667448654045984,58,88,True
0.0,-0.019999999999999962,0.09999999999999998,False,True,True,True,True,False,False,33,129,71,67,-0.04191192239522934,9496.320312500355,0.006457315976903925,68,124,True
0.0,0.0,0.09999999999999998,False,True,True,True,True,False,False,33,129,71,67,-0.04191192239522934,9515.794921875355,0.008801262857130124,71,123,True
0.0,0.020000000000000018,0.09999999999999998,False,True,True,True,True,False,False,33,129,71,67,-0.04191192239522934,10002.997070312873,0.013778413037233723,61,94,True
0.0,0.040000000000000036,0.09999999999999998,False,True,True,True,True,False,False,34,133,71,67,-0.04191192239522934,8105.429687500302,0.015020873331762228,59,94,True
0.0,0.06,0.09999999999999998,False,True,True,True,True,False,False,35,137,75,71,-0.04191192239522934,6853.310058593805,0.0033784310467139303,66,136,True
0.0,0.08000000000000002,0.09999999999999998,False,True,True,True,True,False,False,39,153,75,71,-0.041911929845809937,6446.64990234399,0.009105492470901701,76,117,True
0.0,0.10000000000000003,0.09999999999999998,False,True,True,True,True,False,False,42,159,91,87,-0.041911929845809937,9393.383558236,0.012661448238357331,86,133,True
0.0,0.12000000000000005,0.09999999999999998,False,True,True,True,True,False,False,40,152,67,57,-0.041911929845809937,7980.732910156547,0.039401397422540216,73,123,True
0.0,0.14000000000000007,0.09999999999999998,False,True,True,True,True,False,False,33,118,48,48,-0.041911929845809937,6909.377929687757,0.027806562631131505,60,72,True
0.0,0.15999999999999998,0.09999999999999998,False,True,True,True,True,False,False,29,106,52,52,-0.041911929845809937,6826.780273437712,0.02382009395144144,56,60,True
0.0,0.18,0.09999999999999998,False,True,True,True,True,False,False,32,118,61,61,-0.041911929845809937,14286.916992187613,0.010877241554391678,64,69,True
0.0,0.2,0.09999999999999998,False,True,True,True,True,False,False,35,120,65,65,-0.0287797749042511,8873.520507812571,0.014418798828724657,61,75,True
0.0,0.22000000000000003,0.09999999999999998,False,True,True,True,True,False,False,33,119,65,63,-0.020959846675395966,7408.3041992190265,0.01492735976992616,54,73,True
0.0,0.24000000000000005,0.09999999999999998,False,True,True,True,True,False,False,28,104,52,52,-0.020959846675395966,6836.292968750255,0.013297984510578204,42,60,True
0.0,0.26000000000000006,0.09999999999999998,True,False,True,True,True,True,False,23,86,45,42,-0.020959846675395966,6161.51708984398,0.03692133541120811,34,53,True
0.0,0.2800000000000001,0.09999999999999998,True,False,True,True,True,True,False,23,83,44,44,-0.020959846675395966,8797.215820312827,0.0320698254667598,34,52,True
0.0,0.3,0.09999999999999998,True,False,True,True,True,True,False,27,97,47,43,-0.020959846675395966,7477.767578125279,0.03268547412298676,36,47,True
0.0,0.32,0.09999999999999998,True,False,True,True,True,True,False,25,92,43,43,-0.015421509742736816,6765.18602009478,0.042023771562570235,27,43,True
0.0,0.34,0.09999999999999998,True,False,False,False,False,False,False,14,46,0,0,0.004426747560501099,0.0,1.4901161193847656e-08,14,0,False
0.0,0.36000000000000004,0.09999999999999998,True,False,False,False,False,False,False,0,0,0,0,,0.0,1.4901161193847656e-08,0,0,False
0.0,0.38000000000000006,0.09999999999999998,True,False,False,False,False,False,False,0,0,0,0,,0.0,1.4901161193847656e-08,0,0,False
0.0,0.4000000000000001,0.09999999999999998,True,False,False,False,False,False,False,0,0,0,0,,0.0,1.4901161193847656e-08,0,0,False
0.0,0.42,0.09999999999999998,True,False,False,False,False,False,False,0,0,0,0,,0.0,1.4901161193847656e-08,0,0,False
0.0,-0.42,0.12,True,False,False,False,False,False,False,0,0,0,0,,0.0,1.4901161193847656e-08,0,0,False
0.0,-0.39999999999999997,0.12,True,False,False,False,False,False,False,0,0,0,0,,0.0,1.4901161193847656e-08,0,0,False
0.0,-0.38,0.12,True,False,False,False,False,False,False,0,0,0,0,,0.0,1.4901161193847656e-08,0,0,False
0.0,-0.36,0.12,True,False,False,False,False,False,False,0,0,0,0,,0.0,1.4901161193847656e-08,0,0,False
0.0,-0.33999999999999997,0.12,True,False,False,False,False,False,False,12,39,0,0,0.006578236818313599,0.0,1.4901161193847656e-08,15,0,False
0.0,-0.31999999999999995,0.12,True,False,True,True,True,True,False,21,78,36,32,-0.01332758367061615,5773.801633358424,0.045075641530606496,38,52,True
0.0,-0.3,0.12,True,False,True,True,True,True,False,22,77,40,32,-0.020959801971912384,4013.8361816407746,0.032565305371750126,46,70,True
0.0,-0.27999999999999997,0.12,True,False,True,True,True,True,False,20,69,33,29,-0.020959801971912384,5608.215950800681,0.06905446827943289,42,65,True
0.0,-0.26,0.12,True,False,True,True,True,True,False,19,68,33,25,-0.020959801971912384,6562.072265625245,0.030548563853265803,40,55,True
0.0,-0.24,0.12,False,True,True,True,True,False,False,23,85,38,34,-0.020959801971912384,7063.531250000263,0.030352576808789312,47,82,True
0.0,-0.21999999999999997,0.12,False,True,True,True,True,False,False,28,100,49,45,-0.020959801971912384,6415.371582031302,0.02313864089664588,57,100,True
0.0,-0.19999999999999998,0.12,False,True,True,True,True,False,False,32,112,52,48,-0.025410160422325134,8622.31933593757,0.014516764129095392,68,104,True
0.0,-0.18,0.12,False,True,True,True,True,False,False,30,109,50,46,-0.029120370745658875,7698.129394531312,0.01798467140995855,66,83,True
0.0,-0.15999999999999998,0.12,False,True,True,True,True,False,False,27,99,41,37,-0.02191191166639328,4614.822265625172,0.02322482451092549,54,78,True
0.0,-0.13999999999999996,0.12,False,True,True,True,True,False,False,35,116,37,33,-0.02191191166639328,5363.4384765627,0.009684533202689484,58,57,True
0.0,-0.12,0.12,False,True,True,True,True,False,False,42,147,61,55,-0.02191191166639328,5825.924804687717,0.005273235277832799,79,81,True
0.0,-0.09999999999999998,0.12,False,True,True,True,True,False,False,44,163,78,74,-0.021911919116973877,9650.986022314433,0.008672590124983021,83,120,True
0.0,-0.07999999999999996,0.12,False,True,True,True,True,False,False,40,150,67,63,-0.021911919116973877,7592.804199218986,0.0052380685817844976,70,104,True
0.0,-0.06,0.12,False,True,True,True,True,False,False,37,139,67,63,-0.021911919116973877,6437.12158203145,0.003700273045663762,53,90,True
0.0,-0.03999999999999998,0.12,False,True,True,True,True,False,False,36,135,63,59,-0.021911919116973877,7518.346679687734,0.013252790356573882,48,80,True
0.0,-0.019999999999999962,0.12,False,True,True,True,True,False,False,35,131,63,59,-0.021911919116973877,6493.112792968951,0.00588743225895556,45,80,True
0.0,0.0,0.12,False,True,True,True,True,False,False,35,131,63,59,-0.021911919116973877,5741.654296875178,0.0070841646128188196,44,79,True
0.0,0.020000000000000018,0.12,False,True,True,True,True,False,False,35,131,63,59,-0.021911919116973877,6096.110839843939,0.0016445749502505746,40,63,True
0.0,0.040000000000000036,0.12,False,True,True,True,True,False,False,36,135,63,59,-0.021911919116973877,5930.335937500221,0.004410259704985736,36,63,True
0.0,0.06,0.12,False,True,True,True,True,False,False,37,139,67,63,-0.021911919116973877,6785.023437500253,0.0026391661082642895,37,67,True
0.0,0.08000000000000002,0.12,False,True,True,True,True,False,False,40,151,67,63,-0.021911926567554474,6535.709960937744,0.008877374446843975,40,67,True
0.0,0.10000000000000003,0.12,False,True,True,True,True,False,False,44,161,79,75,-0.021911926567554474,8079.990234375065,0.006256014176609153,44,79,True
0.0,0.12000000000000005,0.12,False,True,True,True,True,False,False,42,151,63,53,-0.021911926567554474,9759.158203125364,0.01205422790157157,42,63,True
0.0,0.14000000000000007,0.12,False,True,True,True,True,False,False,35,123,44,44,-0.021911926567554474,8172.948242187805,0.011716893819920696,35,44,True
0.0,0.15999999999999998,0.12,False,True,True,True,True,False,False,30,110,48,48,-0.021911926567554474,6406.392578125239,0.04621610433973728,30,48,True
0.0,0.18,0.12,False,True,True,True,True,False,False,32,119,57,57,-0.02912038564682007,7812.071289062791,0.021585815106921823,32,57,True
0.0,0.2,0.12,False,True,True,True,True,False,False,35,121,60,60,-0.0275660902261734,8951.320312500071,0.01891154688540265,35,60,True
0.0,0.22000000000000003,0.12,False,True,True,True,True,False,False,31,114,60,58,-0.02095983177423477,5549.2124023439565,0.025989905401311374,31,60,True
0.0,0.24000000000000005,0.12,False,True,True,True,True,False,False,28,100,48,48,-0.020959846675395966,7585.181152343811,0.006856430733404877,28,48,True
0.0,0.26000000000000006,0.12,True,False,True,True,True,True,False,23,83,41,38,-0.020959846675395966,6105.567291386028,0.05065500159372148,23,41,True
0.0,0.2800000000000001,0.12,True,False,True,True,True,True,False,23,80,40,40,-0.020959846675395966,4690.201660156425,0.02884643175529556,23,40,True
0.0,0.3,0.12,True,False,True,True,True,True,False,26,90,43,39,-0.020959846675395966,3463.661621093879,0.029540363343426922,26,43,True
0.0,0.32,0.12,True,False,True,True,True,True,False,25,90,36,36,-0.015421509742736816,6254.5584131960295,0.025217597113119525,25,36,True
0.0,0.34,0.12,True,False,False,False,False,False,False,12,38,0,0,0.004426747560501099,0.0,1.4901161193847656e-08,12,0,False
0.0,0.36000000000000004,0.12,True,False,False,False,False,False,False,0,0,0,0,,0.0,1.4901161193847656e-08,0,0,False
0.0,0.38000000000000006,0.12,True,False,False,False,False,False,False,0,0,0,0,,0.0,1.4901161193847656e-08,0,0,False
0.0,0.4000000000000001,0.12,True,False,False,False,False,False,False,0,0,0,0,,0.0,1.4901161193847656e-08,0,0,False
0.0,0.42,0.12,True,False,False,False,False,False,False,0,0,0,0,,0.0,1.4901161193847656e-08,0,0,False
0.0,-0.42,0.13999999999999996,True,False,False,False,False,False,False,0,0,0,0,,0.0,1.4901161193847656e-08,0,0,False
0.0,-0.39999999999999997,0.13999999999999996,True,False,False,False,False,False,False,0,0,0,0,,0.0,1.4901161193847656e-08,0,0,False
0.0,-0.38,0.13999999999999996,True,False,False,False,False,False,False,0,0,0,0,,0.0,1.4901161193847656e-08,0,0,False
0.0,-0.36,0.13999999999999996,True,False,False,False,False,False,False,0,0,0,0,,0.0,1.4901161193847656e-08,0,0,False
0.0,-0.33999999999999997,0.13999999999999996,True,False,False,False,False,False,False,10,37,0,0,0.006578236818313599,0.0,1.4901161193847656e-08,13,0,False
0.0,-0.31999999999999995,0.13999999999999996,True,False,True,True,True,True,False,19,70,36,32,-0.01332758367061615,7072.544962421453,0.01883938322396056,38,52,True
0.0,-0.3,0.13999999999999996,True,False,True,True,True,True,False,20,72,40,32,-0.020959801971912384,5585.440917968958,0.04066346376522224,48,71,True
0.0,-0.27999999999999997,0.13999999999999996,True,False,True,True,True,True,False,19,65,33,29,-0.020959801971912384,5998.288574218974,0.08059175392629207,45,66,True
0.0,-0.26,0.13999999999999996,True,False,True,True,True,True,False,18,64,35,25,-0.020959801971912384,5944.676757812722,0.06261631677337186,44,58,True
0.0,-0.24,0.13999999999999996,False,True,True,True,True,False,False,27,94,38,34,-0.020959801971912384,6128.867675781299,0.03240060668919442,56,89,True
0.0,-0.21999999999999997,0.13999999999999996,False,True,True,True,True,False,False,33,116,54,42,-0.020959801971912384,6484.985839843992,0.015018724635929613,66,113,True
0.0,-0.19999999999999998,0.13999999999999996,False,True,True,True,True,False,False,38,129,61,45,-0.020959801971912384,6442.397460937552,0.01610497769574046,77,97,True
0.0,-0.18,0.13999999999999996,False,True,True,True,True,False,False,37,132,58,42,-0.020959816873073578,6570.351562500245,0.01948447653202413,75,98,True
0.0,-0.15999999999999998,0.13999999999999996,False,True,True,True,True,False,False,33,121,49,33,-0.020959816873073578,7783.92138671904,0.017635839387024493,64,105,True
0.0,-0.13999999999999996,0.13999999999999996,False,True,True,True,True,False,False,41,134,45,29,-0.020959816873073578,6545.262695312744,0.016787837288564974,68,71,True
0.0,-0.12,0.13999999999999996,False,True,True,True,True,False,False,44,157,69,51,-0.020959816873073578,5328.960937500198,0.002587140174002138,86,94,True
0.0,-0.09999999999999998,0.13999999999999996,False,True,True,True,True,False,False,46,166,86,70,-0.020959816873073578,7988.863483684723,0.014356274364008938,91,131,True
0.0,-0.07999999999999996,0.13999999999999996,False,True,True,True,True,False,False,43,157,75,59,-0.020959816873073578,5467.762207031454,0.007366545526491062,71,93,True
0.0,-0.06,0.13999999999999996,False,True,True,True,True,False,False,40,146,75,59,-0.02095983177423477,8431.273437500315,0.02494202409148823,58,83,True
0.0,-0.03999999999999998,0.13999999999999996,False,True,True,True,True,False,False,39,142,71,55,-0.02095983177423477,7710.206542969037,0.016226876552623275,51,79,True
0.0,-0.019999999999999962,0.13999999999999996,False,True,True,True,True,False,False,37,137,71,55,-0.02095983177423477,9456.041015625353,0.005647182579982792,48,79,True
0.0,0.0,0.13999999999999996,False,True,True,True,True,False,False,37,137,71,55,-0.02095983177423477,7341.235839844024,0.008898139955279761,48,75,True
0.0,0.020000000000000018,0.13999999999999996,False,True,True,True,True,False,False,37,137,71,55,-0.02095983177423477,9451.013671875353,0.005363009425834542,39,71,True
0.0,0.040000000000000036,0.13999999999999996,False,True,True,True,True,False,False,38,141,71,55,-0.02095983177423477,4516.550292968918,0.021296962642337457,38,71,True
0.0,0.06,0.13999999999999996,False,True,True,True,True,False,False,39,145,75,59,-0.020959846675395966,9788.106445312864,0.016875584809506714,39,75,True
0.0,0.08000000000000002,0.13999999999999996,False,True,True,True,True,False,False,42,157,75,59,-0.020959846675395966,6882.7753906252565,0.014301853371110137,42,75,True
0.0,0.10000000000000003,0.13999999999999996,False,True,True,True,True,False,False,45,163,87,71,-0.020959816873073578,8438.274414062815,0.003139510564620094,45,87,True
0.0,0.12000000000000005,0.13999999999999996,False,True,True,True,True,False,False,43,159,71,49,-0.020959816873073578,6073.7055664064765,0.00484664804468906,43,71,True
0.0,0.14000000000000007,0.13999999999999996,False,True,True,True,True,False,False,40,141,52,40,-0.02095983177423477,8200.532226562806,0.015729576586004154,40,52,True
0.0,0.15999999999999998,0.13999999999999996,False,True,True,True,True,False,False,35,127,56,44,-0.02095983177423477,4385.307617187664,0.01542686686422925,36,56,True
0.0,0.18,0.13999999999999996,False,True,True,True,True,False,False,39,143,65,53,-0.02095983177423477,6862.804687500256,0.022035764366457482,39,65,True
0.0,0.2,0.13999999999999996,False,True,True,True,True,False,False,41,138,68,56,-0.02095983177423477,6725.118164062751,0.018642464597618865,41,68,True
0.0,0.22000000000000003,0.13999999999999996,False,True,True,True,True,False,False,37,131,64,54,-0.02095983177423477,5715.882812500213,0.01692484869017178,37,64,True
0.0,0.24000000000000005,0.13999999999999996,False,True,True,True,True,False,False,32,111,48,48,-0.02095983177423477,6238.382812500232,0.023662153344083572,32,48,True
0.0,0.26000000000000006,0.13999999999999996,True,False,True,True,True,True,False,23,79,41,38,-0.020959846675395966,8397.894531250313,0.03342372377992269,23,41,True
0.0,0.2800000000000001,0.13999999999999996,True,False,True,True,True,True,False,23,77,40,40,-0.020959846675395966,4638.562500000173,0.03515321004004613,23,40,True
0.0,0.3,0.13999999999999996,True,False,True,True,True,True,False,25,86,43,39,-0.020959846675395966,8186.678710937806,0.03595167658651278,25,43,True
0.0,0.32,0.13999999999999996,True,False,True,True,True,True,False,24,83,36,36,-0.015421509742736816,5051.282136341427,0.012457062942972125,24,36,True
0.0,0.34,0.13999999999999996,True,False,False,False,False,False,False,10,36,0,0,0.004426747560501099,0.0,1.4901161193847656e-08,10,0,False
0.0,0.36000000000000004,0.13999999999999996,True,False,False,False,False,False,False,0,0,0,0,,0.0,1.4901161193847656e-08,0,0,False
0.0,0.38000000000000006,0.13999999999999996,True,False,False,False,False,False,False,0,0,0,0,,0.0,1.4901161193847656e-08,0,0,False
0.0,0.4000000000000001,0.13999999999999996,True,False,False,False,False,False,False,0,0,0,0,,0.0,1.4901161193847656e-08,0,0,False
0.0,0.42,0.13999999999999996,True,False,False,False,False,False,False,0,0,0,0,,0.0,1.4901161193847656e-08,0,0,False
0.0,-0.42,0.15999999999999998,True,False,False,False,False,False,False,0,0,0,0,,0.0,2.9802322387695312e-08,0,0,False
0.0,-0.39999999999999997,0.15999999999999998,True,False,False,False,False,False,False,0,0,0,0,,0.0,2.9802322387695312e-08,0,0,False
0.0,-0.38,0.15999999999999998,True,False,False,False,False,False,False,0,0,0,0,,0.0,2.9802322387695312e-08,0,0,False
0.0,-0.36,0.15999999999999998,True,False,False,False,False,False,False,0,0,0,0,,0.0,2.9802322387695312e-08,0,0,False
0.0,-0.33999999999999997,0.15999999999999998,True,False,False,False,False,False,False,13,43,0,0,0.006578236818313599,0.0,2.9802322387695312e-08,13,0,False
0.0,-0.31999999999999995,0.15999999999999998,True,False,True,True,True,True,False,22,79,44,32,-0.01332758367061615,3907.1026736815047,0.012761429767313143,22,44,True
0.0,-0.3,0.15999999999999998,True,False,True,True,True,True,False,26,88,48,32,-0.007712244987487793,2901.532958984398,0.021763143702448626,26,48,True
0.0,-0.27999999999999997,0.15999999999999998,True,False,True,True,True,True,False,25,87,41,29,-0.015837721526622772,3478.960823902824,0.045852601850382896,25,41,True
0.0,-0.26,0.15999999999999998,True,False,True,True,True,True,False,29,100,41,25,-0.015896011143922806,4281.593383961225,0.035457908277457026,30,41,True
0.0,-0.24,0.15999999999999998,False,True,True,True,True,False,False,33,110,49,35,-0.01705165207386017,5635.196289062545,0.006109924690492318,34,49,True
0.0,-0.21999999999999997,0.15999999999999998,False,True,True,True,True,False,False,38,136,63,51,-0.015914835035800934,4656.116889027381,0.017840433901490083,40,63,True
0.0,-0.19999999999999998,0.15999999999999998,False,True,True,True,True,False,False,47,159,73,55,-0.015914835035800934,5366.55322265645,0.02523422782018565,49,73,True
0.0,-0.18,0.15999999999999998,False,True,True,True,True,False,False,43,151,82,66,-0.015914835035800934,4698.181152343787,0.0204731286692175,45,82,True
0.0,-0.15999999999999998,0.15999999999999998,False,True,True,True,True,False,False,39,142,70,50,-0.015892641618847847,5048.113769531406,0.00567535272668796,41,70,True
0.0,-0.13999999999999996,0.15999999999999998,False,True,True,True,True,False,False,49,155,66,50,-0.015833422541618347,3923.5162223589236,0.015100630173936211,51,66,True
0.0,-0.12,0.15999999999999998,False,True,True,True,True,False,False,58,198,82,66,-0.014960132539272308,2633.893066406271,0.012579529456665154,59,82,True
0.0,-0.09999999999999998,0.15999999999999998,False,True,True,True,True,False,False,56,195,103,89,-0.014960125088691711,4219.302246093784,0.022965291351323247,56,103,True
0.0,-0.07999999999999996,0.15999999999999998,False,True,True,True,True,False,False,50,183,92,78,-0.014960125088691711,2778.6523437500864,0.010664279870376017,51,92,True
0.0,-0.06,0.15999999999999998,False,True,True,True,True,False,False,48,171,92,78,-0.014960125088691711,3539.99267578136,0.005907085593631733,49,92,True
0.0,-0.03999999999999998,0.15999999999999998,False,True,True,True,True,False,False,44,161,84,70,-0.014960125088691711,3412.695800781356,0.012979239776581877,46,84,True
0.0,-0.019999999999999962,0.15999999999999998,False,True,True,True,True,False,False,42,153,84,70,-0.014960125088691711,3467.732910156358,0.010714494280297283,44,84,True
0.0,0.0,0.15999999999999998,False,True,True,True,True,False,False,42,153,84,70,-0.014960125088691711,3442.008056640732,0.007247288403435387,42,84,True
0.0,0.020000000000000018,0.15999999999999998,False,True,True,True,True,False,False,42,153,84,70,-0.014960125088691711,3468.002197265733,0.010647342016372257,42,84,True
0.0,0.040000000000000036,0.15999999999999998,False,True,True,True,True,False,False,45,162,84,70,-0.014960125088691711,2812.3559570313373,0.011191921974117797,45,84,True
0.0,0.06,0.15999999999999998,False,True,True,True,True,False,False,48,171,92,74,-0.014960125088691711,3041.4270019532196,0.019706981651854184,48,92,True
0.0,0.08000000000000002,0.15999999999999998,False,True,True,True,True,False,False,50,184,92,74,-0.014960117638111115,4059.0698242188764,0.010563859807834308,50,92,True
0.0,0.10000000000000003,0.15999999999999998,False,True,True,True,True,False,False,53,191,104,86,-0.014960117638111115,3256.8215332032264,0.01739266710484474,53,104,True
0.0,0.12000000000000005,0.15999999999999998,False,True,True,True,True,False,False,53,179,80,64,-0.014960117638111115,2907.8164062500905,0.014386056814634137,53,80,True
0.0,0.14000000000000007,0.15999999999999998,False,True,True,True,True,False,False,46,153,69,57,-0.015819311141967773,4298.00781250016,0.017655037494007535,46,69,True
0.0,0.15999999999999998,0.15999999999999998,False,True,True,True,True,False,False,44,153,71,61,-0.015877600759267807,5130.607732848049,0.008850926206629561,44,71,True
0.0,0.18,0.15999999999999998,False,True,True,True,True,False,False,45,154,83,79,-0.015914782881736755,4876.756347656289,0.011437293094515187,45,83,True
0.0,0.2,0.15999999999999998,False,True,True,True,True,False,False,49,162,82,71,-0.015914782881736755,3910.5388183594964,0.013167628500899786,49,82,True
0.0,0.22000000000000003,0.15999999999999998,False,True,True,True,True,False,False,45,153,67,61,-0.015914790332317352,6645.822265625247,0.012372809552689833,45,67,True
0.0,0.24000000000000005,0.15999999999999998,False,True,True,True,True,False,False,40,122,58,54,-0.019176244735717773,6890.1816406250555,0.003286472261627074,40,58,True
0.0,0.26000000000000006,0.15999999999999998,True,False,True,True,True,True,False,32,105,41,38,-0.015911251306533813,4381.6661798991245,0.04502772065425758,32,41,True
0.0,0.2800000000000001,0.15999999999999998,True,False,True,True,True,True,False,28,95,44,44,-0.015852032229304314,2766.4003906251032,0.027891724179694523,28,44,True
0.0,0.3,0.15999999999999998,True,False,True,True,True,True,False,35,109,47,43,-0.012567207217216492,2720.611572265647,0.012905739117571325,35,47,True
0.0,0.32,0.15999999999999998,True,False,True,True,True,True,False,28,90,40,40,-0.015421509742736816,6008.895507812548,0.007604363532060353,28,40,True
0.0,0.34,0.15999999999999998,True,False,False,False,False,False,False,13,42,0,0,0.004426747560501099,0.0,2.9802322387695312e-08,13,0,False
0.0,0.36000000000000004,0.15999999999999998,True,False,False,False,False,False,False,0,0,0,0,,0.0,2.9802322387695312e-08,0,0,False
0.0,0.38000000000000006,0.15999999999999998,True,False,False,False,False,False,False,0,0,0,0,,0.0,2.9802322387695312e-08,0,0,False
0.0,0.4000000000000001,0.15999999999999998,True,False,False,False,False,False,False,0,0,0,0,,0.0,2.9802322387695312e-08,0,0,False
0.0,0.42,0.15999999999999998,True,False,False,False,False,False,False,0,0,0,0,,0.0,2.9802322387695312e-08,0,0,False
0.0,-0.42,0.18,True,False,False,False,False,False,False,0,0,0,0,,0.0,2.9802322387695312e-08,0,0,False
0.0,-0.39999999999999997,0.18,True,False,False,False,False,False,False,0,0,0,0,,0.0,2.9802322387695312e-08,0,0,False
0.0,-0.38,0.18,True,False,False,False,False,False,False,0,0,0,0,,0.0,2.9802322387695312e-08,0,0,False
0.0,-0.36,0.18,True,False,False,False,False,False,False,0,0,0,0,,0.0,2.9802322387695312e-08,0,0,False
0.0,-0.33999999999999997,0.18,True,False,False,False,False,False,False,9,18,0,0,0.00694110244512558,0.0,2.9802322387695312e-08,9,0,False
0.0,-0.31999999999999995,0.18,True,False,True,True,True,True,False,20,66,17,11,-0.012077100574970245,62.738761901857806,0.0023916739375162595,20,17,True
0.0,-0.3,0.18,True,False,True,True,True,True,False,25,82,32,24,-0.011174134910106659,2632.181152343771,0.009400808145243961,25,32,True
0.0,-0.27999999999999997,0.18,True,False,True,True,True,True,False,24,88,35,31,-0.01237235963344574,3545.25927734386,0.028511781566804967,24,35,True
0.0,-0.26,0.18,True,False,True,True,True,True,False,26,91,36,32,-0.012457489967346191,5219.433606037432,0.013288204570503889,26,36,True
0.0,-0.24,0.18,False,True,True,True,True,False,False,30,94,33,28,-0.012492596171796322,5411.592285156418,0.024677199692519722,31,33,True
0.0,-0.21999999999999997,0.18,False,True,True,True,True,False,False,33,113,31,26,-0.0124996742233634,5095.973144531408,0.021687821684433187,33,34,True
0.0,-0.19999999999999998,0.18,False,True,True,True,True,False,False,44,144,39,34,-0.012510105967521667,6788.020996093961,0.009188303730487664,43,36,True
0.0,-0.18,0.18,False,True,True,True,True,False,False,41,143,45,36,-0.01251859962940216,6376.734375000198,0.018453450730085478,41,45,True
0.0,-0.15999999999999998,0.18,False,True,True,True,True,False,False,37,137,42,34,-0.012467987835407257,6642.6289062502065,0.011603870918036517,36,42,True
0.0,-0.13999999999999996,0.18,False,True,True,True,True,False,False,45,146,42,34,-0.012376241385936737,6148.882324218941,0.002934721537793077,45,42,True
0.0,-0.12,0.18,False,True,True,True,True,False,False,55,180,56,48,-0.008822910487651825,4485.933105468889,0.009867618874028086,55,56,True
0.0,-0.09999999999999998,0.18,False,True,True,True,True,False,False,57,193,58,51,-0.010254308581352234,4396.886230468886,0.012824050683854615,56,58,True
0.0,-0.07999999999999996,0.18,False,True,True,True,True,False,False,49,173,53,47,-0.010254308581352234,3472.312988281358,0.023049127118127913,50,53,True
0.0,-0.06,0.18,False,True,True,True,True,False,False,47,163,50,44,-0.010254308581352234,2876.902343750089,0.0037260216191084034,47,50,True
0.0,-0.03999999999999998,0.18,False,True,True,True,True,False,False,41,145,47,40,-0.005423977971076965,2913.6059570313587,0.019529176211735784,41,47,True
0.0,-0.019999999999999962,0.18,False,True,True,True,True,False,False,40,141,47,40,-0.005423977971076965,2166.437988281331,0.008845376134500087,40,47,True
0.0,0.0,0.18,False,True,True,True,True,False,False,40,141,47,40,-0.005423985421657562,2137.2890625000796,0.022419838774570076,40,47,True
0.0,0.020000000000000018,0.18,False,True,True,True,True,False,False,40,142,47,40,-0.005423985421657562,2157.8620605469555,0.008945568553072625,40,47,True
0.0,0.040000000000000036,0.18,False,True,True,True,True,False,False,41,146,47,40,-0.005423985421657562,1812.5444335938175,0.005971306932012485,41,47,True
0.0,0.06,0.18,False,True,True,True,True,False,False,45,161,51,44,-0.011174120008945465,2232.010009765708,0.007757904025375434,46,51,True
0.0,0.08000000000000002,0.18,False,True,True,True,True,False,False,48,170,54,47,-0.011174120008945465,2355.741210937573,0.011205426440809397,47,54,True
0.0,0.10000000000000003,0.18,False,True,True,True,True,False,False,52,183,58,52,-0.011174120008945465,3050.2580566407196,0.008587234462468802,52,58,True
0.0,0.12000000000000005,0.18,False,True,True,True,True,False,False,51,169,53,43,-0.008822895586490631,4063.3791503907514,0.0273302876394863,51,53,True
0.0,0.14000000000000007,0.18,False,True,True,True,True,False,False,44,152,45,42,-0.012345530092716217,5365.084960937666,0.018400026105828703,44,45,True
0.0,0.15999999999999998,0.18,False,True,True,True,True,False,False,42,146,45,42,-0.01243070513010025,4775.679199218898,0.019907261027222838,41,45,True
0.0,0.18,0.18,False,True,True,True,True,False,False,45,160,50,45,-0.01248680055141449,7240.926269531476,0.03379967473079451,45,50,True
0.0,0.2,0.18,False,True,True,True,True,False,False,45,151,43,39,-0.012498623691499233,7801.597431313994,0.033857616666520214,46,43,True
0.0,0.22000000000000003,0.18,False,True,True,True,True,False,False,39,135,44,42,-0.012507349252700806,3997.827392578249,0.011223288046169276,39,44,True
0.0,0.24000000000000005,0.18,False,True,True,True,True,False,False,39,123,41,39,-0.012512748129665852,6881.796875000214,0.02485543217002238,40,41,True
0.0,0.26000000000000006,0.18,True,False,True,True,True,True,False,33,111,40,39,-0.012496910989284515,4923.360351562653,0.024199779899756045,33,40,True
0.0,0.2800000000000001,0.18,True,False,True,True,True,True,False,30,104,39,39,-0.012405164539813995,3504.770019531359,0.0166916141590431,30,39,True
0.0,0.3,0.18,True,False,True,True,True,True,False,32,104,40,36,-0.012313418090343475,3553.4885253907355,0.03175455360350063,32,40,True
0.0,0.32,0.18,True,False,True,True,True,True,False,30,87,20,16,-0.012192711234092712,76.26155090332315,0.0052691495995854576,30,20,True
0.0,0.34,0.18,True,False,False,False,False,False,False,10,18,0,0,0.004771367181092501,0.0,2.9802322387695312e-08,10,0,False
0.0,0.36000000000000004,0.18,True,False,False,False,False,False,False,0,0,0,0,,0.0,2.9802322387695312e-08,0,0,False
0.0,0.38000000000000006,0.18,True,False,False,False,False,False,False,0,0,0,0,,0.0,2.9802322387695312e-08,0,0,False
0.0,0.4000000000000001,0.18,True,False,False,False,False,False,False,0,0,0,0,,0.0,2.9802322387695312e-08,0,0,False
0.0,0.42,0.18,True,False,False,False,False,False,False,0,0,0,0,,0.0,2.9802322387695312e-08,0,0,False
0.0,-0.42,0.2,True,False,False,False,False,False,False,0,0,0,0,,0.0,2.9802322387695312e-08,0,0,False
0.0,-0.39999999999999997,0.2,True,False,False,False,False,False,False,0,0,0,0,,0.0,2.9802322387695312e-08,0,0,False
0.0,-0.38,0.2,True,False,False,False,False,False,False,0,0,0,0,,0.0,2.9802322387695312e-08,0,0,False
0.0,-0.36,0.2,True,False,False,False,False,False,False,0,0,0,0,,0.0,2.9802322387695312e-08,0,0,False
0.0,-0.33999999999999997,0.2,True,False,False,False,False,False,False,2,5,0,0,0.015444576740264893,0.0,2.9802322387695312e-08,2,0,False
0.0,-0.31999999999999995,0.2,True,False,False,False,False,False,False,9,18,0,0,0.007879853248596191,0.0,2.9802322387695312e-08,9,0,False
0.0,-0.3,0.2,True,False,False,False,False,False,False,15,33,0,0,0.007712617516517639,0.0,2.9802322387695312e-08,14,0,False
0.0,-0.27999999999999997,0.2,True,False,False,False,False,False,False,11,32,0,0,0.0076274871826171875,0.0,2.9802322387695312e-08,11,0,False
0.0,-0.26,0.2,True,False,False,False,False,False,False,11,32,0,0,0.007542327046394348,0.0,2.9802322387695312e-08,10,0,False
0.0,-0.24,0.2,True,False,False,False,False,False,False,12,27,0,0,0.007508085574954748,0.0,2.9802322387695312e-08,12,0,False
0.0,-0.21999999999999997,0.2,True,False,False,False,False,False,False,12,25,0,0,0.007500334642827511,0.0,2.9802322387695312e-08,12,0,False
0.0,-0.19999999999999998,0.2,True,False,False,False,False,False,False,15,34,0,0,0.007489912211894989,0.0,2.9802322387695312e-08,15,0,False
0.0,-0.18,0.2,True,False,False,False,False,False,False,15,38,0,0,0.007481418550014496,0.0,2.9802322387695312e-08,15,0,False
0.0,-0.15999999999999998,0.2,True,False,False,False,False,False,False,14,34,0,0,0.007481418550014496,0.0,2.9802322387695312e-08,14,0,False
0.0,-0.13999999999999996,0.2,True,False,False,False,False,False,False,20,40,0,0,0.007481418550014496,0.0,2.9802322387695312e-08,20,0,False
0.0,-0.12,0.2,True,False,False,False,False,False,False,20,48,0,0,0.0077155232429504395,0.0,2.9802322387695312e-08,19,0,False
0.0,-0.09999999999999998,0.2,True,False,False,False,False,False,False,22,54,0,0,0.007623679935932159,0.0,2.980237923100575e-08,22,0,False
0.0,-0.07999999999999996,0.2,True,False,False,False,False,False,False,21,51,0,0,0.007715433835983276,0.0,2.9802322387695312e-08,21,0,False
0.0,-0.06,0.2,True,False,False,False,False,False,False,19,45,0,0,0.0077666789293289185,0.0,2.9802322387695312e-08,19,0,False
0.0,-0.03999999999999998,0.2,True,False,False,False,False,False,False,17,43,0,0,0.00848634634166956,0.0,2.9802322387695312e-08,17,0,False
0.0,-0.019999999999999962,0.2,True,False,False,False,False,False,False,17,40,0,0,0.008560587652027607,0.0,2.9802322387695312e-08,17,0,False
0.0,0.0,0.2,True,False,False,False,False,False,False,17,40,0,0,0.008555077947676182,0.0,2.9802322387695312e-08,17,0,False
0.0,0.020000000000000018,0.2,True,False,False,False,False,False,False,17,40,0,0,0.00857070367783308,0.0,2.9802322387695312e-08,17,0,False
0.0,0.040000000000000036,0.2,True,False,False,False,False,False,False,17,43,0,0,0.008576800115406513,0.0,2.9802322387695312e-08,17,0,False
0.0,0.06,0.2,True,False,False,False,False,False,False,19,46,0,0,0.007790934760123491,0.0,2.9802322387695312e-08,19,0,False
0.0,0.08000000000000002,0.2,True,False,False,False,False,False,False,17,47,0,0,0.007705137133598328,0.0,2.9802322387695312e-08,17,0,False
0.0,0.10000000000000003,0.2,True,False,False,False,False,False,False,19,52,0,0,0.007619984447956085,0.0,2.9802322387695312e-08,19,0,False
0.0,0.12000000000000005,0.2,True,False,False,False,False,False,False,23,53,0,0,0.007534869015216827,0.0,2.9802322387695312e-08,23,0,False
0.0,0.14000000000000007,0.2,True,False,False,False,False,False,False,19,43,0,0,0.007513217628002167,0.0,2.9802322387695312e-08,19,0,False
0.0,0.15999999999999998,0.2,True,False,False,False,False,False,False,17,39,0,0,0.007513217628002167,0.0,2.9802322387695312e-08,17,0,False
0.0,0.18,0.2,True,False,False,False,False,False,False,15,34,0,0,0.007513217628002167,0.0,2.9802322387695312e-08,16,0,False
0.0,0.2,0.2,True,False,False,False,False,False,False,16,36,0,0,0.007501383777707815,0.0,2.9802322387695312e-08,16,0,False
0.0,0.22000000000000003,0.2,True,False,False,False,False,False,False,16,37,0,0,0.007492668926715851,0.0,2.9802322387695312e-08,16,0,False
0.0,0.24000000000000005,0.2,True,False,False,False,False,False,False,16,30,0,0,0.007483825087547302,0.0,2.9802322387695312e-08,16,0,False
0.0,0.26000000000000006,0.2,True,False,False,False,False,False,False,16,40,0,0,0.007503107190132141,0.0,2.9802322387695312e-08,16,0,False
0.0,0.2800000000000001,0.2,True,False,False,False,False,False,False,16,40,0,0,0.007594853639602661,0.0,2.9802322387695312e-08,16,0,False
0.0,0.3,0.2,True,False,False,False,False,False,False,18,42,0,0,0.007723450660705566,0.0,2.9802322387695312e-08,18,0,False
0.0,0.32,0.2,True,False,False,False,False,False,False,10,18,0,0,0.007773958146572113,0.0,2.9802322387695312e-08,10,0,False
0.0,0.34,0.2,True,False,False,False,False,False,False,2,6,0,0,0.015034646727144718,0.0,2.9802322387695312e-08,2,0,False
0.0,0.36000000000000004,0.2,True,False,False,False,False,False,False,0,0,0,0,,0.0,2.9802322387695312e-08,0,0,False
0.0,0.38000000000000006,0.2,True,False,False,False,False,False,False,0,0,0,0,,0.0,2.9802322387695312e-08,0,0,False
0.0,0.4000000000000001,0.2,True,False,False,False,False,False,False,0,0,0,0,,0.0,2.9802322387695312e-08,0,0,False
0.0,0.42,0.2,True,False,False,False,False,False,False,0,0,0,0,,0.0,2.9802322387695312e-08,0,0,False
0.0,-0.42,0.22000000000000003,True,False,False,False,False,False,False,0,0,0,0,,0.0,2.9802322387695312e-08,0,0,False
0.0,-0.39999999999999997,0.22000000000000003,True,False,False,False,False,False,False,0,0,0,0,,0.0,2.9802322387695312e-08,0,0,False
0.0,-0.38,0.22000000000000003,True,False,False,False,False,False,False,0,0,0,0,,0.0,2.9802322387695312e-08,0,0,False
0.0,-0.36,0.22000000000000003,True,False,False,False,False,False,False,0,0,0,0,,0.0,2.9802322387695312e-08,0,0,False
0.0,-0.33999999999999997,0.22000000000000003,True,False,False,False,False,False,False,0,0,0,0,,0.0,2.9802322387695312e-08,0,0,False
0.0,-0.31999999999999995,0.22000000000000003,True,False,False,False,False,False,False,0,0,0,0,,0.0,2.9802322387695312e-08,0,0,False
0.0,-0.3,0.22000000000000003,True,False,False,False,False,False,False,0,0,0,0,,0.0,2.9802322387695312e-08,0,0,False
0.0,-0.27999999999999997,0.22000000000000003,True,False,False,False,False,False,False,0,0,0,0,,0.0,2.9802322387695312e-08,0,0,False
0.0,-0.26,0.22000000000000003,True,False,False,False,False,False,False,0,0,0,0,,0.0,2.9802322387695312e-08,0,0,False
0.0,-0.24,0.22000000000000003,True,False,False,False,False,False,False,0,0,0,0,,0.0,2.9802322387695312e-08,0,0,False
0.0,-0.21999999999999997,0.22000000000000003,True,False,False,False,False,False,False,0,0,0,0,,0.0,2.9802322387695312e-08,0,0,False
0.0,-0.19999999999999998,0.22000000000000003,True,False,False,False,False,False,False,0,0,0,0,,0.0,2.9802322387695312e-08,0,0,False
0.0,-0.18,0.22000000000000003,True,False,False,False,False,False,False,0,0,0,0,,0.0,2.9802322387695312e-08,0,0,False
0.0,-0.15999999999999998,0.22000000000000003,True,False,False,False,False,False,False,0,0,0,0,,0.0,2.9802322387695312e-08,0,0,False
0.0,-0.13999999999999996,0.22000000000000003,True,False,False,False,False,False,False,0,0,0,0,,0.0,2.9802322387695312e-08,0,0,False
0.0,-0.12,0.22000000000000003,True,False,False,False,False,False,False,0,0,0,0,,0.0,2.9802322387695312e-08,0,0,False
0.0,-0.09999999999999998,0.22000000000000003,True,False,False,False,False,False,False,0,0,0,0,,0.0,2.980237923100575e-08,0,0,False
0.0,-0.07999999999999996,0.22000000000000003,True,False,False,False,False,False,False,0,0,0,0,,0.0,2.9802322387695312e-08,0,0,False
0.0,-0.06,0.22000000000000003,True,False,False,False,False,False,False,0,0,0,0,,0.0,2.9802322387695312e-08,0,0,False
0.0,-0.03999999999999998,0.22000000000000003,True,False,False,False,False,False,False,0,0,0,0,,0.0,2.9802322387695312e-08,0,0,False
0.0,-0.019999999999999962,0.22000000000000003,True,False,False,False,False,False,False,0,0,0,0,,0.0,2.9802322387695312e-08,0,0,False
0.0,0.0,0.22000000000000003,True,False,False,False,False,False,False,0,0,0,0,,0.0,2.9802322387695312e-08,0,0,False
0.0,0.020000000000000018,0.22000000000000003,True,False,False,False,False,False,False,0,0,0,0,,0.0,2.9802322387695312e-08,0,0,False
0.0,0.040000000000000036,0.22000000000000003,True,False,False,False,False,False,False,0,0,0,0,,0.0,2.9802322387695312e-08,0,0,False
0.0,0.06,0.22000000000000003,True,False,False,False,False,False,False,0,0,0,0,,0.0,2.9802322387695312e-08,0,0,False
0.0,0.08000000000000002,0.22000000000000003,True,False,False,False,False,False,False,0,0,0,0,,0.0,2.9802322387695312e-08,0,0,False
0.0,0.10000000000000003,0.22000000000000003,True,False,False,False,False,False,False,0,0,0,0,,0.0,2.9802322387695312e-08,0,0,False
0.0,0.12000000000000005,0.22000000000000003,True,False,False,False,False,False,False,0,0,0,0,,0.0,2.9802322387695312e-08,0,0,False
0.0,0.14000000000000007,0.22000000000000003,True,False,False,False,False,False,False,0,0,0,0,,0.0,2.9802322387695312e-08,0,0,False
0.0,0.15999999999999998,0.22000000000000003,True,False,False,False,False,False,False,0,0,0,0,,0.0,2.9802322387695312e-08,0,0,False
0.0,0.18,0.22000000000000003,True,False,False,False,False,False,False,0,0,0,0,,0.0,2.9802322387695312e-08,0,0,False
0.0,0.2,0.22000000000000003,True,False,False,False,False,False,False,0,0,0,0,,0.0,2.9802322387695312e-08,0,0,False
0.0,0.22000000000000003,0.22000000000000003,True,False,False,False,False,False,False,0,0,0,0,,0.0,2.9802322387695312e-08,0,0,False
0.0,0.24000000000000005,0.22000000000000003,True,False,False,False,False,False,False,0,0,0,0,,0.0,2.9802322387695312e-08,0,0,False
0.0,0.26000000000000006,0.22000000000000003,True,False,False,False,False,False,False,0,0,0,0,,0.0,2.9802322387695312e-08,0,0,False
0.0,0.2800000000000001,0.22000000000000003,True,False,False,False,False,False,False,0,0,0,0,,0.0,2.9802322387695312e-08,0,0,False
0.0,0.3,0.22000000000000003,True,False,False,False,False,False,False,0,0,0,0,,0.0,2.9802322387695312e-08,0,0,False
0.0,0.32,0.22000000000000003,True,False,False,False,False,False,False,0,0,0,0,,0.0,2.9802322387695312e-08,0,0,False
0.0,0.34,0.22000000000000003,True,False,False,False,False,False,False,0,0,0,0,,0.0,2.9802322387695312e-08,0,0,False
0.0,0.36000000000000004,0.22000000000000003,True,False,False,False,False,False,False,0,0,0,0,,0.0,2.9802322387695312e-08,0,0,False
0.0,0.38000000000000006,0.22000000000000003,True,False,False,False,False,False,False,0,0,0,0,,0.0,2.9802322387695312e-08,0,0,False
0.0,0.4000000000000001,0.22000000000000003,True,False,False,False,False,False,False,0,0,0,0,,0.0,2.9802322387695312e-08,0,0,False
0.0,0.42,0.22000000000000003,True,False,False,False,False,False,False,0,0,0,0,,0.0,2.9802322387695312e-08,0,0,False
0.0,-0.42,0.23999999999999994,True,False,False,False,False,False,False,0,0,0,0,,0.0,2.9802322387695312e-08,0,0,False
0.0,-0.39999999999999997,0.23999999999999994,True,False,False,False,False,False,False,0,0,0,0,,0.0,2.9802322387695312e-08,0,0,False
0.0,-0.38,0.23999999999999994,True,False,False,False,False,False,False,0,0,0,0,,0.0,2.9802322387695312e-08,0,0,False
0.0,-0.36,0.23999999999999994,True,False,False,False,False,False,False,0,0,0,0,,0.0,2.9802322387695312e-08,0,0,False
0.0,-0.33999999999999997,0.23999999999999994,True,False,False,False,False,False,False,0,0,0,0,,0.0,2.9802322387695312e-08,0,0,False
0.0,-0.31999999999999995,0.23999999999999994,True,False,False,False,False,False,False,0,0,0,0,,0.0,2.9802322387695312e-08,0,0,False
0.0,-0.3,0.23999999999999994,True,False,False,False,False,False,False,0,0,0,0,,0.0,2.9802322387695312e-08,0,0,False
0.0,-0.27999999999999997,0.23999999999999994,True,False,False,False,False,False,False,0,0,0,0,,0.0,2.9802322387695312e-08,0,0,False
0.0,-0.26,0.23999999999999994,True,False,False,False,False,False,False,0,0,0,0,,0.0,2.9802322387695312e-08,0,0,False
0.0,-0.24,0.23999999999999994,True,False,False,False,False,False,False,0,0,0,0,,0.0,2.9802322387695312e-08,0,0,False
0.0,-0.21999999999999997,0.23999999999999994,True,False,False,False,False,False,False,0,0,0,0,,0.0,2.9802322387695312e-08,0,0,False
0.0,-0.19999999999999998,0.23999999999999994,True,False,False,False,False,False,False,0,0,0,0,,0.0,2.9802322387695312e-08,0,0,False
0.0,-0.18,0.23999999999999994,True,False,False,False,False,False,False,0,0,0,0,,0.0,2.9802322387695312e-08,0,0,False
0.0,-0.15999999999999998,0.23999999999999994,True,False,False,False,False,False,False,0,0,0,0,,0.0,2.9802322387695312e-08,0,0,False
0.0,-0.13999999999999996,0.23999999999999994,True,False,False,False,False,False,False,0,0,0,0,,0.0,2.9802322387695312e-08,0,0,False
0.0,-0.12,0.23999999999999994,True,False,False,False,False,False,False,0,0,0,0,,0.0,2.9802322387695312e-08,0,0,False
0.0,-0.09999999999999998,0.23999999999999994,True,False,False,False,False,False,False,0,0,0,0,,0.0,2.980237923100575e-08,0,0,False
0.0,-0.07999999999999996,0.23999999999999994,True,False,False,False,False,False,False,0,0,0,0,,0.0,2.9802322387695312e-08,0,0,False
0.0,-0.06,0.23999999999999994,True,False,False,False,False,False,False,0,0,0,0,,0.0,2.9802322387695312e-08,0,0,False
0.0,-0.03999999999999998,0.23999999999999994,True,False,False,False,False,False,False,0,0,0,0,,0.0,2.9802322387695312e-08,0,0,False
0.0,-0.019999999999999962,0.23999999999999994,True,False,False,False,False,False,False,0,0,0,0,,0.0,2.9802322387695312e-08,0,0,False
0.0,0.0,0.23999999999999994,True,False,False,False,False,False,False,0,0,0,0,,0.0,2.9802322387695312e-08,0,0,False
0.0,0.020000000000000018,0.23999999999999994,True,False,False,False,False,False,False,0,0,0,0,,0.0,2.9802322387695312e-08,0,0,False
0.0,0.040000000000000036,0.23999999999999994,True,False,False,False,False,False,False,0,0,0,0,,0.0,2.9802322387695312e-08,0,0,False
0.0,0.06,0.23999999999999994,True,False,False,False,False,False,False,0,0,0,0,,0.0,2.9802322387695312e-08,0,0,False
0.0,0.08000000000000002,0.23999999999999994,True,False,False,False,False,False,False,0,0,0,0,,0.0,2.9802322387695312e-08,0,0,False
0.0,0.10000000000000003,0.23999999999999994,True,False,False,False,False,False,False,0,0,0,0,,0.0,2.9802322387695312e-08,0,0,False
0.0,0.12000000000000005,0.23999999999999994,True,False,False,False,False,False,False,0,0,0,0,,0.0,2.9802322387695312e-08,0,0,False
0.0,0.14000000000000007,0.23999999999999994,True,False,False,False,False,False,False,0,0,0,0,,0.0,2.9802322387695312e-08,0,0,False
0.0,0.15999999999999998,0.23999999999999994,True,False,False,False,False,False,False,0,0,0,0,,0.0,2.9802322387695312e-08,0,0,False
0.0,0.18,0.23999999999999994,True,False,False,False,False,False,False,0,0,0,0,,0.0,2.9802322387695312e-08,0,0,False
0.0,0.2,0.23999999999999994,True,False,False,False,False,False,False,0,0,0,0,,0.0,2.9802322387695312e-08,0,0,False
0.0,0.22000000000000003,0.23999999999999994,True,False,False,False,False,False,False,0,0,0,0,,0.0,2.9802322387695312e-08,0,0,False
0.0,0.24000000000000005,0.23999999999999994,True,False,False,False,False,False,False,0,0,0,0,,0.0,2.9802322387695312e-08,0,0,False
0.0,0.26000000000000006,0.23999999999999994,True,False,False,False,False,False,False,0,0,0,0,,0.0,2.9802322387695312e-08,0,0,False
0.0,0.2800000000000001,0.23999999999999994,True,False,False,False,False,False,False,0,0,0,0,,0.0,2.9802322387695312e-08,0,0,False
0.0,0.3,0.23999999999999994,True,False,False,False,False,False,False,0,0,0,0,,0.0,2.9802322387695312e-08,0,0,False
0.0,0.32,0.23999999999999994,True,False,False,False,False,False,False,0,0,0,0,,0.0,2.9802322387695312e-08,0,0,False
0.0,0.34,0.23999999999999994,True,False,False,False,False,False,False,0,0,0,0,,0.0,2.9802322387695312e-08,0,0,False
0.0,0.36000000000000004,0.23999999999999994,True,False,False,False,False,False,False,0,0,0,0,,0.0,2.9802322387695312e-08,0,0,False
0.0,0.38000000000000006,0.23999999999999994,True,False,False,False,False,False,False,0,0,0,0,,0.0,2.9802322387695312e-08,0,0,False
0.0,0.4000000000000001,0.23999999999999994,True,False,False,False,False,False,False,0,0,0,0,,0.0,2.9802322387695312e-08,0,0,False
0.0,0.42,0.23999999999999994,True,False,False,False,False,False,False,0,0,0,0,,0.0,2.9802322387695312e-08,0,0,False
0.0,-0.42,0.25999999999999995,True,False,False,False,False,False,False,0,0,0,0,,0.0,2.9802322387695312e-08,0,0,False
0.0,-0.39999999999999997,0.25999999999999995,True,False,False,False,False,False,False,0,0,0,0,,0.0,2.9802322387695312e-08,0,0,False
0.0,-0.38,0.25999999999999995,True,False,False,False,False,False,False,0,0,0,0,,0.0,2.9802322387695312e-08,0,0,False
0.0,-0.36,0.25999999999999995,True,False,False,False,False,False,False,0,0,0,0,,0.0,2.9802322387695312e-08,0,0,False
0.0,-0.33999999999999997,0.25999999999999995,True,False,False,False,False,False,False,0,0,0,0,,0.0,2.9802322387695312e-08,0,0,False
0.0,-0.31999999999999995,0.25999999999999995,True,False,False,False,False,False,False,0,0,0,0,,0.0,2.9802322387695312e-08,0,0,False
0.0,-0.3,0.25999999999999995,True,False,False,False,False,False,False,0,0,0,0,,0.0,2.9802322387695312e-08,0,0,False
0.0,-0.27999999999999997,0.25999999999999995,True,False,False,False,False,False,False,0,0,0,0,,0.0,2.9802322387695312e-08,0,0,False
0.0,-0.26,0.25999999999999995,True,False,False,False,False,False,False,0,0,0,0,,0.0,2.9802322387695312e-08,0,0,False
0.0,-0.24,0.25999999999999995,True,False,False,False,False,False,False,0,0,0,0,,0.0,2.9802322387695312e-08,0,0,False
0.0,-0.21999999999999997,0.25999999999999995,True,False,False,False,False,False,False,0,0,0,0,,0.0,2.9802322387695312e-08,0,0,False
0.0,-0.19999999999999998,0.25999999999999995,True,False,False,False,False,False,False,0,0,0,0,,0.0,2.9802322387695312e-08,0,0,False
0.0,-0.18,0.25999999999999995,True,False,False,False,False,False,False,0,0,0,0,,0.0,2.9802322387695312e-08,0,0,False
0.0,-0.15999999999999998,0.25999999999999995,True,False,False,False,False,False,False,0,0,0,0,,0.0,2.9802322387695312e-08,0,0,False
0.0,-0.13999999999999996,0.25999999999999995,True,False,False,False,False,False,False,0,0,0,0,,0.0,2.9802322387695312e-08,0,0,False
0.0,-0.12,0.25999999999999995,True,False,False,False,False,False,False,0,0,0,0,,0.0,2.9802322387695312e-08,0,0,False
0.0,-0.09999999999999998,0.25999999999999995,True,False,False,False,False,False,False,0,0,0,0,,0.0,2.980237923100575e-08,0,0,False
0.0,-0.07999999999999996,0.25999999999999995,True,False,False,False,False,False,False,0,0,0,0,,0.0,2.9802322387695312e-08,0,0,False
0.0,-0.06,0.25999999999999995,True,False,False,False,False,False,False,0,0,0,0,,0.0,2.9802322387695312e-08,0,0,False
0.0,-0.03999999999999998,0.25999999999999995,True,False,False,False,False,False,False,0,0,0,0,,0.0,2.9802322387695312e-08,0,0,False
0.0,-0.019999999999999962,0.25999999999999995,True,False,False,False,False,False,False,0,0,0,0,,0.0,2.9802322387695312e-08,0,0,False
0.0,0.0,0.25999999999999995,True,False,False,False,False,False,False,0,0,0,0,,0.0,2.9802322387695312e-08,0,0,False
0.0,0.020000000000000018,0.25999999999999995,True,False,False,False,False,False,False,0,0,0,0,,0.0,2.9802322387695312e-08,0,0,False
0.0,0.040000000000000036,0.25999999999999995,True,False,False,False,False,False,False,0,0,0,0,,0.0,2.9802322387695312e-08,0,0,False
0.0,0.06,0.25999999999999995,True,False,False,False,False,False,False,0,0,0,0,,0.0,2.9802322387695312e-08,0,0,False
0.0,0.08000000000000002,0.25999999999999995,True,False,False,False,False,False,False,0,0,0,0,,0.0,2.9802322387695312e-08,0,0,False
0.0,0.10000000000000003,0.25999999999999995,True,False,False,False,False,False,False,0,0,0,0,,0.0,2.9802322387695312e-08,0,0,False
0.0,0.12000000000000005,0.25999999999999995,True,False,False,False,False,False,False,0,0,0,0,,0.0,2.9802322387695312e-08,0,0,False
0.0,0.14000000000000007,0.25999999999999995,True,False,False,False,False,False,False,0,0,0,0,,0.0,2.9802322387695312e-08,0,0,False
0.0,0.15999999999999998,0.25999999999999995,True,False,False,False,False,False,False,0,0,0,0,,0.0,2.9802322387695312e-08,0,0,False
0.0,0.18,0.25999999999999995,True,False,False,False,False,False,False,0,0,0,0,,0.0,2.9802322387695312e-08,0,0,False
0.0,0.2,0.25999999999999995,True,False,False,False,False,False,False,0,0,0,0,,0.0,2.9802322387695312e-08,0,0,False
0.0,0.22000000000000003,0.25999999999999995,True,False,False,False,False,False,False,0,0,0,0,,0.0,2.9802322387695312e-08,0,0,False
0.0,0.24000000000000005,0.25999999999999995,True,False,False,False,False,False,False,0,0,0,0,,0.0,2.9802322387695312e-08,0,0,False
0.0,0.26000000000000006,0.25999999999999995,True,False,False,False,False,False,False,0,0,0,0,,0.0,2.9802322387695312e-08,0,0,False
0.0,0.2800000000000001,0.25999999999999995,True,False,False,False,False,False,False,0,0,0,0,,0.0,2.9802322387695312e-08,0,0,False
0.0,0.3,0.25999999999999995,True,False,False,False,False,False,False,0,0,0,0,,0.0,2.9802322387695312e-08,0,0,False
0.0,0.32,0.25999999999999995,True,False,False,False,False,False,False,0,0,0,0,,0.0,2.9802322387695312e-08,0,0,False
0.0,0.34,0.25999999999999995,True,False,False,False,False,False,False,0,0,0,0,,0.0,2.9802322387695312e-08,0,0,False
0.0,0.36000000000000004,0.25999999999999995,True,False,False,False,False,False,False,0,0,0,0,,0.0,2.9802322387695312e-08,0,0,False
0.0,0.38000000000000006,0.25999999999999995,True,False,False,False,False,False,False,0,0,0,0,,0.0,2.9802322387695312e-08,0,0,False
0.0,0.4000000000000001,0.25999999999999995,True,False,False,False,False,False,False,0,0,0,0,,0.0,2.9802322387695312e-08,0,0,False
0.0,0.42,0.25999999999999995,True,False,False,False,False,False,False,0,0,0,0,,0.0,2.9802322387695312e-08,0,0,False
0.0,-0.42,0.27999999999999997,True,False,False,False,False,False,False,0,0,0,0,,0.0,2.9802322387695312e-08,0,0,False
0.0,-0.39999999999999997,0.27999999999999997,True,False,False,False,False,False,False,0,0,0,0,,0.0,2.9802322387695312e-08,0,0,False
0.0,-0.38,0.27999999999999997,True,False,False,False,False,False,False,0,0,0,0,,0.0,2.9802322387695312e-08,0,0,False
0.0,-0.36,0.27999999999999997,True,False,False,False,False,False,False,0,0,0,0,,0.0,2.9802322387695312e-08,0,0,False
0.0,-0.33999999999999997,0.27999999999999997,True,False,False,False,False,False,False,0,0,0,0,,0.0,2.9802322387695312e-08,0,0,False
0.0,-0.31999999999999995,0.27999999999999997,True,False,False,False,False,False,False,0,0,0,0,,0.0,2.9802322387695312e-08,0,0,False
0.0,-0.3,0.27999999999999997,True,False,False,False,False,False,False,0,0,0,0,,0.0,2.9802322387695312e-08,0,0,False
0.0,-0.27999999999999997,0.27999999999999997,True,False,False,False,False,False,False,0,0,0,0,,0.0,2.9802322387695312e-08,0,0,False
0.0,-0.26,0.27999999999999997,True,False,False,False,False,False,False,0,0,0,0,,0.0,2.9802322387695312e-08,0,0,False
0.0,-0.24,0.27999999999999997,True,False,False,False,False,False,False,0,0,0,0,,0.0,2.9802322387695312e-08,0,0,False
0.0,-0.21999999999999997,0.27999999999999997,True,False,False,False,False,False,False,0,0,0,0,,0.0,2.9802322387695312e-08,0,0,False
0.0,-0.19999999999999998,0.27999999999999997,True,False,False,False,False,False,False,0,0,0,0,,0.0,2.9802322387695312e-08,0,0,False
0.0,-0.18,0.27999999999999997,True,False,False,False,False,False,False,0,0,0,0,,0.0,2.9802322387695312e-08,0,0,False
0.0,-0.15999999999999998,0.27999999999999997,True,False,False,False,False,False,False,0,0,0,0,,0.0,2.9802322387695312e-08,0,0,False
0.0,-0.13999999999999996,0.27999999999999997,True,False,False,False,False,False,False,0,0,0,0,,0.0,2.9802322387695312e-08,0,0,False
0.0,-0.12,0.27999999999999997,True,False,False,False,False,False,False,0,0,0,0,,0.0,2.9802322387695312e-08,0,0,False
0.0,-0.09999999999999998,0.27999999999999997,True,False,False,False,False,False,False,0,0,0,0,,0.0,2.980237923100575e-08,0,0,False
0.0,-0.07999999999999996,0.27999999999999997,True,False,False,False,False,False,False,0,0,0,0,,0.0,2.9802322387695312e-08,0,0,False
0.0,-0.06,0.27999999999999997,True,False,False,False,False,False,False,0,0,0,0,,0.0,2.9802322387695312e-08,0,0,False
0.0,-0.03999999999999998,0.27999999999999997,True,False,False,False,False,False,False,0,0,0,0,,0.0,2.9802322387695312e-08,0,0,False
0.0,-0.019999999999999962,0.27999999999999997,True,False,False,False,False,False,False,0,0,0,0,,0.0,2.9802322387695312e-08,0,0,False
0.0,0.0,0.27999999999999997,True,False,False,False,False,False,False,0,0,0,0,,0.0,2.9802322387695312e-08,0,0,False
0.0,0.020000000000000018,0.27999999999999997,True,False,False,False,False,False,False,0,0,0,0,,0.0,2.9802322387695312e-08,0,0,False
0.0,0.040000000000000036,0.27999999999999997,True,False,False,False,False,False,False,0,0,0,0,,0.0,2.9802322387695312e-08,0,0,False
0.0,0.06,0.27999999999999997,True,False,False,False,False,False,False,0,0,0,0,,0.0,2.9802322387695312e-08,0,0,False
0.0,0.08000000000000002,0.27999999999999997,True,False,False,False,False,False,False,0,0,0,0,,0.0,2.9802322387695312e-08,0,0,False
0.0,0.10000000000000003,0.27999999999999997,True,False,False,False,False,False,False,0,0,0,0,,0.0,2.9802322387695312e-08,0,0,False
0.0,0.12000000000000005,0.27999999999999997,True,False,False,False,False,False,False,0,0,0,0,,0.0,2.9802322387695312e-08,0,0,False
0.0,0.14000000000000007,0.27999999999999997,True,False,False,False,False,False,False,0,0,0,0,,0.0,2.9802322387695312e-08,0,0,False
0.0,0.15999999999999998,0.27999999999999997,True,False,False,False,False,False,False,0,0,0,0,,0.0,2.9802322387695312e-08,0,0,False
0.0,0.18,0.27999999999999997,True,False,False,False,False,False,False,0,0,0,0,,0.0,2.9802322387695312e-08,0,0,False
0.0,0.2,0.27999999999999997,True,False,False,False,False,False,False,0,0,0,0,,0.0,2.9802322387695312e-08,0,0,False
0.0,0.22000000000000003,0.27999999999999997,True,False,False,False,False,False,False,0,0,0,0,,0.0,2.9802322387695312e-08,0,0,False
0.0,0.24000000000000005,0.27999999999999997,True,False,False,False,False,False,False,0,0,0,0,,0.0,2.9802322387695312e-08,0,0,False
0.0,0.26000000000000006,0.27999999999999997,True,False,False,False,False,False,False,0,0,0,0,,0.0,2.9802322387695312e-08,0,0,False
0.0,0.2800000000000001,0.27999999999999997,True,False,False,False,False,False,False,0,0,0,0,,0.0,2.9802322387695312e-08,0,0,False
0.0,0.3,0.27999999999999997,True,False,False,False,False,False,False,0,0,0,0,,0.0,2.9802322387695312e-08,0,0,False
0.0,0.32,0.27999999999999997,True,False,False,False,False,False,False,0,0,0,0,,0.0,2.9802322387695312e-08,0,0,False
0.0,0.34,0.27999999999999997,True,False,False,False,False,False,False,0,0,0,0,,0.0,2.9802322387695312e-08,0,0,False
0.0,0.36000000000000004,0.27999999999999997,True,False,False,False,False,False,False,0,0,0,0,,0.0,2.9802322387695312e-08,0,0,False
0.0,0.38000000000000006,0.27999999999999997,True,False,False,False,False,False,False,0,0,0,0,,0.0,2.9802322387695312e-08,0,0,False
0.0,0.4000000000000001,0.27999999999999997,True,False,False,False,False,False,False,0,0,0,0,,0.0,2.9802322387695312e-08,0,0,False
0.0,0.42,0.27999999999999997,True,False,False,False,False,False,False,0,0,0,0,,0.0,2.9802322387695312e-08,0,0,False
0.0,-0.42,0.3,True,False,False,False,False,False,False,0,0,0,0,,0.0,2.9802322387695312e-08,0,0,False
0.0,-0.39999999999999997,0.3,True,False,False,False,False,False,False,0,0,0,0,,0.0,2.9802322387695312e-08,0,0,False
0.0,-0.38,0.3,True,False,False,False,False,False,False,0,0,0,0,,0.0,2.9802322387695312e-08,0,0,False
0.0,-0.36,0.3,True,False,False,False,False,False,False,0,0,0,0,,0.0,2.9802322387695312e-08,0,0,False
0.0,-0.33999999999999997,0.3,True,False,False,False,False,False,False,0,0,0,0,,0.0,2.9802322387695312e-08,0,0,False
0.0,-0.31999999999999995,0.3,True,False,False,False,False,False,False,0,0,0,0,,0.0,2.9802322387695312e-08,0,0,False
0.0,-0.3,0.3,True,False,False,False,False,False,False,0,0,0,0,,0.0,2.9802322387695312e-08,0,0,False
0.0,-0.27999999999999997,0.3,True,False,False,False,False,False,False,0,0,0,0,,0.0,2.9802322387695312e-08,0,0,False
0.0,-0.26,0.3,True,False,False,False,False,False,False,0,0,0,0,,0.0,2.9802322387695312e-08,0,0,False
0.0,-0.24,0.3,True,False,False,False,False,False,False,0,0,0,0,,0.0,2.9802322387695312e-08,0,0,False
0.0,-0.21999999999999997,0.3,True,False,False,False,False,False,False,0,0,0,0,,0.0,2.9802322387695312e-08,0,0,False
0.0,-0.19999999999999998,0.3,True,False,False,False,False,False,False,0,0,0,0,,0.0,2.9802322387695312e-08,0,0,False
0.0,-0.18,0.3,True,False,False,False,False,False,False,0,0,0,0,,0.0,2.9802322387695312e-08,0,0,False
0.0,-0.15999999999999998,0.3,True,False,False,False,False,False,False,0,0,0,0,,0.0,2.9802322387695312e-08,0,0,False
0.0,-0.13999999999999996,0.3,True,False,False,False,False,False,False,0,0,0,0,,0.0,2.9802322387695312e-08,0,0,False
0.0,-0.12,0.3,True,False,False,False,False,False,False,0,0,0,0,,0.0,2.9802322387695312e-08,0,0,False
0.0,-0.09999999999999998,0.3,True,False,False,False,False,False,False,0,0,0,0,,0.0,2.980237923100575e-08,0,0,False
0.0,-0.07999999999999996,0.3,True,False,False,False,False,False,False,0,0,0,0,,0.0,2.9802322387695312e-08,0,0,False
0.0,-0.06,0.3,True,False,False,False,False,False,False,0,0,0,0,,0.0,2.9802322387695312e-08,0,0,False
0.0,-0.03999999999999998,0.3,True,False,False,False,False,False,False,0,0,0,0,,0.0,2.9802322387695312e-08,0,0,False
0.0,-0.019999999999999962,0.3,True,False,False,False,False,False,False,0,0,0,0,,0.0,2.9802322387695312e-08,0,0,False
0.0,0.0,0.3,True,False,False,False,False,False,False,0,0,0,0,,0.0,2.9802322387695312e-08,0,0,False
0.0,0.020000000000000018,0.3,True,False,False,False,False,False,False,0,0,0,0,,0.0,2.9802322387695312e-08,0,0,False
0.0,0.040000000000000036,0.3,True,False,False,False,False,False,False,0,0,0,0,,0.0,2.9802322387695312e-08,0,0,False
0.0,0.06,0.3,True,False,False,False,False,False,False,0,0,0,0,,0.0,2.9802322387695312e-08,0,0,False
0.0,0.08000000000000002,0.3,True,False,False,False,False,False,False,0,0,0,0,,0.0,2.9802322387695312e-08,0,0,False
0.0,0.10000000000000003,0.3,True,False,False,False,False,False,False,0,0,0,0,,0.0,2.9802322387695312e-08,0,0,False
0.0,0.12000000000000005,0.3,True,False,False,False,False,False,False,0,0,0,0,,0.0,2.9802322387695312e-08,0,0,False
0.0,0.14000000000000007,0.3,True,False,False,False,False,False,False,0,0,0,0,,0.0,2.9802322387695312e-08,0,0,False
0.0,0.15999999999999998,0.3,True,False,False,False,False,False,False,0,0,0,0,,0.0,2.9802322387695312e-08,0,0,False
0.0,0.18,0.3,True,False,False,False,False,False,False,0,0,0,0,,0.0,2.9802322387695312e-08,0,0,False
0.0,0.2,0.3,True,False,False,False,False,False,False,0,0,0,0,,0.0,2.9802322387695312e-08,0,0,False
0.0,0.22000000000000003,0.3,True,False,False,False,False,False,False,0,0,0,0,,0.0,2.9802322387695312e-08,0,0,False
0.0,0.24000000000000005,0.3,True,False,False,False,False,False,False,0,0,0,0,,0.0,2.9802322387695312e-08,0,0,False
0.0,0.26000000000000006,0.3,True,False,False,False,False,False,False,0,0,0,0,,0.0,2.9802322387695312e-08,0,0,False
0.0,0.2800000000000001,0.3,True,False,False,False,False,False,False,0,0,0,0,,0.0,2.9802322387695312e-08,0,0,False
0.0,0.3,0.3,True,False,False,False,False,False,False,0,0,0,0,,0.0,2.9802322387695312e-08,0,0,False
0.0,0.32,0.3,True,False,False,False,False,False,False,0,0,0,0,,0.0,2.9802322387695312e-08,0,0,False
0.0,0.34,0.3,True,False,False,False,False,False,False,0,0,0,0,,0.0,2.9802322387695312e-08,0,0,False
0.0,0.36000000000000004,0.3,True,False,False,False,False,False,False,0,0,0,0,,0.0,2.9802322387695312e-08,0,0,False
0.0,0.38000000000000006,0.3,True,False,False,False,False,False,False,0,0,0,0,,0.0,2.9802322387695312e-08,0,0,False
0.0,0.4000000000000001,0.3,True,False,False,False,False,False,False,0,0,0,0,,0.0,2.9802322387695312e-08,0,0,False
0.0,0.42,0.3,True,False,False,False,False,False,False,0,0,0,0,,0.0,2.9802322387695312e-08,0,0,False
0.0,-0.42,0.32,True,False,False,False,False,False,False,0,0,0,0,,0.0,2.9802322387695312e-08,0,0,False
0.0,-0.39999999999999997,0.32,True,False,False,False,False,False,False,0,0,0,0,,0.0,2.9802322387695312e-08,0,0,False
0.0,-0.38,0.32,True,False,False,False,False,False,False,0,0,0,0,,0.0,2.9802322387695312e-08,0,0,False
0.0,-0.36,0.32,True,False,False,False,False,False,False,0,0,0,0,,0.0,2.9802322387695312e-08,0,0,False
0.0,-0.33999999999999997,0.32,True,False,False,False,False,False,False,0,0,0,0,,0.0,2.9802322387695312e-08,0,0,False
0.0,-0.31999999999999995,0.32,True,False,False,False,False,False,False,0,0,0,0,,0.0,2.9802322387695312e-08,0,0,False
0.0,-0.3,0.32,True,False,False,False,False,False,False,0,0,0,0,,0.0,2.9802322387695312e-08,0,0,False
0.0,-0.27999999999999997,0.32,True,False,False,False,False,False,False,0,0,0,0,,0.0,2.9802322387695312e-08,0,0,False
0.0,-0.26,0.32,True,False,False,False,False,False,False,0,0,0,0,,0.0,2.9802322387695312e-08,0,0,False
0.0,-0.24,0.32,True,False,False,False,False,False,False,0,0,0,0,,0.0,2.9802322387695312e-08,0,0,False
0.0,-0.21999999999999997,0.32,True,False,False,False,False,False,False,0,0,0,0,,0.0,2.9802322387695312e-08,0,0,False
0.0,-0.19999999999999998,0.32,True,False,False,False,False,False,False,0,0,0,0,,0.0,2.9802322387695312e-08,0,0,False
0.0,-0.18,0.32,True,False,False,False,False,False,False,0,0,0,0,,0.0,2.9802322387695312e-08,0,0,False
0.0,-0.15999999999999998,0.32,True,False,False,False,False,False,False,0,0,0,0,,0.0,2.9802322387695312e-08,0,0,False
0.0,-0.13999999999999996,0.32,True,False,False,False,False,False,False,0,0,0,0,,0.0,2.9802322387695312e-08,0,0,False
0.0,-0.12,0.32,True,False,False,False,False,False,False,0,0,0,0,,0.0,2.9802322387695312e-08,0,0,False
0.0,-0.09999999999999998,0.32,True,False,False,False,False,False,False,0,0,0,0,,0.0,2.980237923100575e-08,0,0,False
0.0,-0.07999999999999996,0.32,True,False,False,False,False,False,False,0,0,0,0,,0.0,2.9802322387695312e-08,0,0,False
0.0,-0.06,0.32,True,False,False,False,False,False,False,0,0,0,0,,0.0,2.9802322387695312e-08,0,0,False
0.0,-0.03999999999999998,0.32,True,False,False,False,False,False,False,0,0,0,0,,0.0,2.9802322387695312e-08,0,0,False
0.0,-0.019999999999999962,0.32,True,False,False,False,False,False,False,0,0,0,0,,0.0,2.9802322387695312e-08,0,0,False
0.0,0.0,0.32,True,False,False,False,False,False,False,0,0,0,0,,0.0,2.9802322387695312e-08,0,0,False
0.0,0.020000000000000018,0.32,True,False,False,False,False,False,False,0,0,0,0,,0.0,2.9802322387695312e-08,0,0,False
0.0,0.040000000000000036,0.32,True,False,False,False,False,False,False,0,0,0,0,,0.0,2.9802322387695312e-08,0,0,False
0.0,0.06,0.32,True,False,False,False,False,False,False,0,0,0,0,,0.0,2.9802322387695312e-08,0,0,False
0.0,0.08000000000000002,0.32,True,False,False,False,False,False,False,0,0,0,0,,0.0,2.9802322387695312e-08,0,0,False
0.0,0.10000000000000003,0.32,True,False,False,False,False,False,False,0,0,0,0,,0.0,2.9802322387695312e-08,0,0,False
0.0,0.12000000000000005,0.32,True,False,False,False,False,False,False,0,0,0,0,,0.0,2.9802322387695312e-08,0,0,False
0.0,0.14000000000000007,0.32,True,False,False,False,False,False,False,0,0,0,0,,0.0,2.9802322387695312e-08,0,0,False
0.0,0.15999999999999998,0.32,True,False,False,False,False,False,False,0,0,0,0,,0.0,2.9802322387695312e-08,0,0,False
0.0,0.18,0.32,True,False,False,False,False,False,False,0,0,0,0,,0.0,2.9802322387695312e-08,0,0,False
0.0,0.2,0.32,True,False,False,False,False,False,False,0,0,0,0,,0.0,2.9802322387695312e-08,0,0,False
0.0,0.22000000000000003,0.32,True,False,False,False,False,False,False,0,0,0,0,,0.0,2.9802322387695312e-08,0,0,False
0.0,0.24000000000000005,0.32,True,False,False,False,False,False,False,0,0,0,0,,0.0,2.9802322387695312e-08,0,0,False
0.0,0.26000000000000006,0.32,True,False,False,False,False,False,False,0,0,0,0,,0.0,2.9802322387695312e-08,0,0,False
0.0,0.2800000000000001,0.32,True,False,False,False,False,False,False,0,0,0,0,,0.0,2.9802322387695312e-08,0,0,False
0.0,0.3,0.32,True,False,False,False,False,False,False,0,0,0,0,,0.0,2.9802322387695312e-08,0,0,False
0.0,0.32,0.32,True,False,False,False,False,False,False,0,0,0,0,,0.0,2.9802322387695312e-08,0,0,False
0.0,0.34,0.32,True,False,False,False,False,False,False,0,0,0,0,,0.0,2.9802322387695312e-08,0,0,False
0.0,0.36000000000000004,0.32,True,False,False,False,False,False,False,0,0,0,0,,0.0,2.9802322387695312e-08,0,0,False
0.0,0.38000000000000006,0.32,True,False,False,False,False,False,False,0,0,0,0,,0.0,2.9802322387695312e-08,0,0,False
0.0,0.4000000000000001,0.32,True,False,False,False,False,False,False,0,0,0,0,,0.0,2.9802322387695312e-08,0,0,False
0.0,0.42,0.32,True,False,False,False,False,False,False,0,0,0,0,,0.0,2.9802322387695312e-08,0,0,False
0.0,-0.42,0.34,True,False,False,False,False,False,False,0,0,0,0,,0.0,2.9802322387695312e-08,0,0,False
0.0,-0.39999999999999997,0.34,True,False,False,False,False,False,False,0,0,0,0,,0.0,2.9802322387695312e-08,0,0,False
0.0,-0.38,0.34,True,False,False,False,False,False,False,0,0,0,0,,0.0,2.9802322387695312e-08,0,0,False
0.0,-0.36,0.34,True,False,False,False,False,False,False,0,0,0,0,,0.0,2.9802322387695312e-08,0,0,False
0.0,-0.33999999999999997,0.34,True,False,False,False,False,False,False,0,0,0,0,,0.0,2.9802322387695312e-08,0,0,False
0.0,-0.31999999999999995,0.34,True,False,False,False,False,False,False,0,0,0,0,,0.0,2.9802322387695312e-08,0,0,False
0.0,-0.3,0.34,True,False,False,False,False,False,False,0,0,0,0,,0.0,2.9802322387695312e-08,0,0,False
0.0,-0.27999999999999997,0.34,True,False,False,False,False,False,False,0,0,0,0,,0.0,2.9802322387695312e-08,0,0,False
0.0,-0.26,0.34,True,False,False,False,False,False,False,0,0,0,0,,0.0,2.9802322387695312e-08,0,0,False
0.0,-0.24,0.34,True,False,False,False,False,False,False,0,0,0,0,,0.0,2.9802322387695312e-08,0,0,False
0.0,-0.21999999999999997,0.34,True,False,False,False,False,False,False,0,0,0,0,,0.0,2.9802322387695312e-08,0,0,False
0.0,-0.19999999999999998,0.34,True,False,False,False,False,False,False,0,0,0,0,,0.0,2.9802322387695312e-08,0,0,False
0.0,-0.18,0.34,True,False,False,False,False,False,False,0,0,0,0,,0.0,2.9802322387695312e-08,0,0,False
0.0,-0.15999999999999998,0.34,True,False,False,False,False,False,False,0,0,0,0,,0.0,2.9802322387695312e-08,0,0,False
0.0,-0.13999999999999996,0.34,True,False,False,False,False,False,False,0,0,0,0,,0.0,2.9802322387695312e-08,0,0,False
0.0,-0.12,0.34,True,False,False,False,False,False,False,0,0,0,0,,0.0,2.9802322387695312e-08,0,0,False
0.0,-0.09999999999999998,0.34,True,False,False,False,False,False,False,0,0,0,0,,0.0,2.980237923100575e-08,0,0,False
0.0,-0.07999999999999996,0.34,True,False,False,False,False,False,False,0,0,0,0,,0.0,2.9802322387695312e-08,0,0,False
0.0,-0.06,0.34,True,False,False,False,False,False,False,0,0,0,0,,0.0,2.9802322387695312e-08,0,0,False
0.0,-0.03999999999999998,0.34,True,False,False,False,False,False,False,0,0,0,0,,0.0,2.9802322387695312e-08,0,0,False
0.0,-0.019999999999999962,0.34,True,False,False,False,False,False,False,0,0,0,0,,0.0,2.9802322387695312e-08,0,0,False
0.0,0.0,0.34,True,False,False,False,False,False,False,0,0,0,0,,0.0,2.9802322387695312e-08,0,0,False
0.0,0.020000000000000018,0.34,True,False,False,False,False,False,False,0,0,0,0,,0.0,2.9802322387695312e-08,0,0,False
0.0,0.040000000000000036,0.34,True,False,False,False,False,False,False,0,0,0,0,,0.0,2.9802322387695312e-08,0,0,False
0.0,0.06,0.34,True,False,False,False,False,False,False,0,0,0,0,,0.0,2.9802322387695312e-08,0,0,False
0.0,0.08000000000000002,0.34,True,False,False,False,False,False,False,0,0,0,0,,0.0,2.9802322387695312e-08,0,0,False
0.0,0.10000000000000003,0.34,True,False,False,False,False,False,False,0,0,0,0,,0.0,2.9802322387695312e-08,0,0,False
0.0,0.12000000000000005,0.34,True,False,False,False,False,False,False,0,0,0,0,,0.0,2.9802322387695312e-08,0,0,False
0.0,0.14000000000000007,0.34,True,False,False,False,False,False,False,0,0,0,0,,0.0,2.9802322387695312e-08,0,0,False
0.0,0.15999999999999998,0.34,True,False,False,False,False,False,False,0,0,0,0,,0.0,2.9802322387695312e-08,0,0,False
0.0,0.18,0.34,True,False,False,False,False,False,False,0,0,0,0,,0.0,2.9802322387695312e-08,0,0,False
0.0,0.2,0.34,True,False,False,False,False,False,False,0,0,0,0,,0.0,2.9802322387695312e-08,0,0,False
0.0,0.22000000000000003,0.34,True,False,False,False,False,False,False,0,0,0,0,,0.0,2.9802322387695312e-08,0,0,False
0.0,0.24000000000000005,0.34,True,False,False,False,False,False,False,0,0,0,0,,0.0,2.9802322387695312e-08,0,0,False
0.0,0.26000000000000006,0.34,True,False,False,False,False,False,False,0,0,0,0,,0.0,2.9802322387695312e-08,0,0,False
0.0,0.2800000000000001,0.34,True,False,False,False,False,False,False,0,0,0,0,,0.0,2.9802322387695312e-08,0,0,False
0.0,0.3,0.34,True,False,False,False,False,False,False,0,0,0,0,,0.0,2.9802322387695312e-08,0,0,False
0.0,0.32,0.34,True,False,False,False,False,False,False,0,0,0,0,,0.0,2.9802322387695312e-08,0,0,False
0.0,0.34,0.34,True,False,False,False,False,False,False,0,0,0,0,,0.0,2.9802322387695312e-08,0,0,False
0.0,0.36000000000000004,0.34,True,False,False,False,False,False,False,0,0,0,0,,0.0,2.9802322387695312e-08,0,0,False
0.0,0.38000000000000006,0.34,True,False,False,False,False,False,False,0,0,0,0,,0.0,2.9802322387695312e-08,0,0,False
0.0,0.4000000000000001,0.34,True,False,False,False,False,False,False,0,0,0,0,,0.0,2.9802322387695312e-08,0,0,False
0.0,0.42,0.34,True,False,False,False,False,False,False,0,0,0,0,,0.0,2.9802322387695312e-08,0,0,False
0.0675,-0.42,-0.34,True,False,False,False,False,False,False,0,0,0,0,,0.0,1.4901161193847656e-08,0,0,False
0.0675,-0.39999999999999997,-0.34,True,False,False,False,False,False,False,0,0,0,0,,0.0,1.4901161193847656e-08,0,0,False
0.0675,-0.38,-0.34,True,False,False,False,False,False,False,0,0,0,0,,0.0,1.4901161193847656e-08,0,0,False
0.0675,-0.36,-0.34,True,False,False,False,False,False,False,0,0,0,0,,0.0,1.4901161193847656e-08,0,0,False
0.0675,-0.33999999999999997,-0.34,True,False,False,False,False,False,False,0,0,0,0,,0.0,1.4901161193847656e-08,0,0,False
0.0675,-0.31999999999999995,-0.34,True,False,False,False,False,False,False,0,0,0,0,,0.0,1.4901161193847656e-08,0,0,False
0.0675,-0.3,-0.34,True,False,False,False,False,False,False,0,0,0,0,,0.0,1.4901161193847656e-08,0,0,False
0.0675,-0.27999999999999997,-0.34,True,False,False,False,False,False,False,0,0,0,0,,0.0,1.4901161193847656e-08,0,0,False
0.0675,-0.26,-0.34,True,False,False,False,False,False,False,0,0,0,0,,0.0,1.4901161193847656e-08,0,0,False
0.0675,-0.24,-0.34,True,False,False,False,False,False,False,0,0,0,0,,0.0,1.4901161193847656e-08,0,0,False
0.0675,-0.21999999999999997,-0.34,True,False,False,False,False,False,False,0,0,0,0,,0.0,1.4901161193847656e-08,0,0,False
0.0675,-0.19999999999999998,-0.34,True,False,False,False,False,False,False,0,0,0,0,,0.0,1.4901161193847656e-08,0,0,False
0.0675,-0.18,-0.34,True,False,False,False,False,False,False,0,0,0,0,,0.0,1.4901161193847656e-08,0,0,False
0.0675,-0.15999999999999998,-0.34,True,False,False,False,False,False,False,0,0,0,0,,0.0,1.4901161193847656e-08,0,0,False
0.0675,-0.13999999999999996,-0.34,True,False,False,False,False,False,False,0,0,0,0,,0.0,1.4901161193847656e-08,0,0,False
0.0675,-0.12,-0.34,True,False,False,False,False,False,False,0,0,0,0,,0.0,1.4901161193847656e-08,0,0,False
0.0675,-0.09999999999999998,-0.34,True,False,False,False,False,False,False,0,0,0,0,,0.0,1.490127488014328e-08,0,0,False
0.0675,-0.07999999999999996,-0.34,True,False,False,False,False,False,False,0,0,0,0,,0.0,1.4901161193847656e-08,0,0,False
0.0675,-0.06,-0.34,True,False,False,False,False,False,False,0,0,0,0,,0.0,1.4901161193847656e-08,0,0,False
0.0675,-0.03999999999999998,-0.34,True,False,False,False,False,False,False,0,0,0,0,,0.0,1.4901161193847656e-08,0,0,False
0.0675,-0.019999999999999962,-0.34,True,False,False,False,False,False,False,0,0,0,0,,0.0,1.4901161193847656e-08,0,0,False
0.0675,0.0,-0.34,True,False,False,False,False,False,False,0,0,0,0,,0.0,1.4901161193847656e-08,0,0,False
0.0675,0.020000000000000018,-0.34,True,False,False,False,False,False,False,0,0,0,0,,0.0,1.4901161193847656e-08,0,0,False
0.0675,0.040000000000000036,-0.34,True,False,False,False,False,False,False,0,0,0,0,,0.0,1.4901161193847656e-08,0,0,False
0.0675,0.06,-0.34,True,False,False,False,False,False,False,0,0,0,0,,0.0,1.4901161193847656e-08,0,0,False
0.0675,0.08000000000000002,-0.34,True,False,False,False,False,False,False,0,0,0,0,,0.0,1.4901161193847656e-08,0,0,False
0.0675,0.10000000000000003,-0.34,True,False,False,False,False,False,False,0,0,0,0,,0.0,1.4901161193847656e-08,0,0,False
0.0675,0.12000000000000005,-0.34,True,False,False,False,False,False,False,0,0,0,0,,0.0,1.4901161193847656e-08,0,0,False
0.0675,0.14000000000000007,-0.34,True,False,False,False,False,False,False,0,0,0,0,,0.0,1.4901161193847656e-08,0,0,False
0.0675,0.15999999999999998,-0.34,True,False,False,False,False,False,False,0,0,0,0,,0.0,1.4901161193847656e-08,0,0,False
0.0675,0.18,-0.34,True,False,False,False,False,False,False,0,0,0,0,,0.0,1.4901161193847656e-08,0,0,False
0.0675,0.2,-0.34,True,False,False,False,False,False,False,0,0,0,0,,0.0,1.4901161193847656e-08,0,0,False
0.0675,0.22000000000000003,-0.34,True,False,False,False,False,False,False,0,0,0,0,,0.0,1.4901161193847656e-08,0,0,False
0.0675,0.24000000000000005,-0.34,True,False,False,False,False,False,False,0,0,0,0,,0.0,1.4901161193847656e-08,0,0,False
0.0675,0.26000000000000006,-0.34,True,False,False,False,False,False,False,0,0,0,0,,0.0,1.4901161193847656e-08,0,0,False
0.0675,0.2800000000000001,-0.34,True,False,False,False,False,False,False,0,0,0,0,,0.0,1.4901161193847656e-08,0,0,False
0.0675,0.3,-0.34,True,False,False,False,False,False,False,0,0,0,0,,0.0,1.4901161193847656e-08,0,0,False
0.0675,0.32,-0.34,True,False,False,False,False,False,False,0,0,0,0,,0.0,1.4901161193847656e-08,0,0,False
0.0675,0.34,-0.34,True,False,False,False,False,False,False,0,0,0,0,,0.0,1.4901161193847656e-08,0,0,False
0.0675,0.36000000000000004,-0.34,True,False,False,False,False,False,False,0,0,0,0,,0.0,1.4901161193847656e-08,0,0,False
0.0675,0.38000000000000006,-0.34,True,False,False,False,False,False,False,0,0,0,0,,0.0,1.4901161193847656e-08,0,0,False
0.0675,0.4000000000000001,-0.34,True,False,False,False,False,False,False,0,0,0,0,,0.0,1.4901161193847656e-08,0,0,False
0.0675,0.42,-0.34,True,False,False,False,False,False,False,0,0,0,0,,0.0,1.4901161193847656e-08,0,0,False
0.0675,-0.42,-0.32,True,False,False,False,False,False,False,0,0,0,0,,0.0,1.4901161193847656e-08,0,0,False
0.0675,-0.39999999999999997,-0.32,True,False,False,False,False,False,False,0,0,0,0,,0.0,1.4901161193847656e-08,0,0,False
0.0675,-0.38,-0.32,True,False,False,False,False,False,False,0,0,0,0,,0.0,1.4901161193847656e-08,0,0,False
0.0675,-0.36,-0.32,True,False,False,False,False,False,False,0,0,0,0,,0.0,1.4901161193847656e-08,0,0,False
0.0675,-0.33999999999999997,-0.32,True,False,False,False,False,False,False,0,0,0,0,,0.0,1.4901161193847656e-08,0,0,False
0.0675,-0.31999999999999995,-0.32,True,False,False,False,False,False,False,0,0,0,0,,0.0,1.4901161193847656e-08,0,0,False
0.0675,-0.3,-0.32,True,False,False,False,False,False,False,0,0,0,0,,0.0,1.4901161193847656e-08,0,0,False
0.0675,-0.27999999999999997,-0.32,True,False,False,False,False,False,False,0,0,0,0,,0.0,1.4901161193847656e-08,0,0,False
0.0675,-0.26,-0.32,True,False,False,False,False,False,False,0,0,0,0,,0.0,1.4901161193847656e-08,0,0,False
0.0675,-0.24,-0.32,True,False,False,False,False,False,False,0,0,0,0,,0.0,1.4901161193847656e-08,0,0,False
0.0675,-0.21999999999999997,-0.32,True,False,False,False,False,False,False,0,0,0,0,,0.0,1.4901161193847656e-08,0,0,False
0.0675,-0.19999999999999998,-0.32,True,False,False,False,False,False,False,0,0,0,0,,0.0,1.4901161193847656e-08,0,0,False
0.0675,-0.18,-0.32,True,False,False,False,False,False,False,0,0,0,0,,0.0,1.4901161193847656e-08,0,0,False
0.0675,-0.15999999999999998,-0.32,True,False,False,False,False,False,False,0,0,0,0,,0.0,1.4901161193847656e-08,0,0,False
0.0675,-0.13999999999999996,-0.32,True,False,False,False,False,False,False,0,0,0,0,,0.0,1.4901161193847656e-08,0,0,False
0.0675,-0.12,-0.32,True,False,False,False,False,False,False,0,0,0,0,,0.0,1.4901161193847656e-08,0,0,False
0.0675,-0.09999999999999998,-0.32,True,False,False,False,False,False,False,0,0,0,0,,0.0,1.490127488014328e-08,0,0,False
0.0675,-0.07999999999999996,-0.32,True,False,False,False,False,False,False,0,0,0,0,,0.0,1.4901161193847656e-08,0,0,False
0.0675,-0.06,-0.32,True,False,False,False,False,False,False,0,0,0,0,,0.0,1.4901161193847656e-08,0,0,False
0.0675,-0.03999999999999998,-0.32,True,False,False,False,False,False,False,0,0,0,0,,0.0,1.4901161193847656e-08,0,0,False
0.0675,-0.019999999999999962,-0.32,True,False,False,False,False,False,False,0,0,0,0,,0.0,1.4901161193847656e-08,0,0,False
0.0675,0.0,-0.32,True,False,False,False,False,False,False,0,0,0,0,,0.0,1.4901161193847656e-08,0,0,False
0.0675,0.020000000000000018,-0.32,True,False,False,False,False,False,False,0,0,0,0,,0.0,1.4901161193847656e-08,0,0,False
0.0675,0.040000000000000036,-0.32,True,False,False,False,False,False,False,0,0,0,0,,0.0,1.4901161193847656e-08,0,0,False
0.0675,0.06,-0.32,True,False,False,False,False,False,False,0,0,0,0,,0.0,1.4901161193847656e-08,0,0,False
0.0675,0.08000000000000002,-0.32,True,False,False,False,False,False,False,0,0,0,0,,0.0,1.4901161193847656e-08,0,0,False
0.0675,0.10000000000000003,-0.32,True,False,False,False,False,False,False,0,0,0,0,,0.0,1.4901161193847656e-08,0,0,False
0.0675,0.12000000000000005,-0.32,True,False,False,False,False,False,False,0,0,0,0,,0.0,1.4901161193847656e-08,0,0,False
0.0675,0.14000000000000007,-0.32,True,False,False,False,False,False,False,0,0,0,0,,0.0,1.4901161193847656e-08,0,0,False
0.0675,0.15999999999999998,-0.32,True,False,False,False,False,False,False,0,0,0,0,,0.0,1.4901161193847656e-08,0,0,False
0.0675,0.18,-0.32,True,False,False,False,False,False,False,0,0,0,0,,0.0,1.4901161193847656e-08,0,0,False
0.0675,0.2,-0.32,True,False,False,False,False,False,False,0,0,0,0,,0.0,1.4901161193847656e-08,0,0,False
0.0675,0.22000000000000003,-0.32,True,False,False,False,False,False,False,0,0,0,0,,0.0,1.4901161193847656e-08,0,0,False
0.0675,0.24000000000000005,-0.32,True,False,False,False,False,False,False,0,0,0,0,,0.0,1.4901161193847656e-08,0,0,False
0.0675,0.26000000000000006,-0.32,True,False,False,False,False,False,False,0,0,0,0,,0.0,1.4901161193847656e-08,0,0,False
0.0675,0.2800000000000001,-0.32,True,False,False,False,False,False,False,0,0,0,0,,0.0,1.4901161193847656e-08,0,0,False
0.0675,0.3,-0.32,True,False,False,False,False,False,False,0,0,0,0,,0.0,1.4901161193847656e-08,0,0,False
0.0675,0.32,-0.32,True,False,False,False,False,False,False,0,0,0,0,,0.0,1.4901161193847656e-08,0,0,False
0.0675,0.34,-0.32,True,False,False,False,False,False,False,0,0,0,0,,0.0,1.4901161193847656e-08,0,0,False
0.0675,0.36000000000000004,-0.32,True,False,False,False,False,False,False,0,0,0,0,,0.0,1.4901161193847656e-08,0,0,False
0.0675,0.38000000000000006,-0.32,True,False,False,False,False,False,False,0,0,0,0,,0.0,1.4901161193847656e-08,0,0,False
0.0675,0.4000000000000001,-0.32,True,False,False,False,False,False,False,0,0,0,0,,0.0,1.4901161193847656e-08,0,0,False
0.0675,0.42,-0.32,True,False,False,False,False,False,False,0,0,0,0,,0.0,1.4901161193847656e-08,0,0,False
0.0675,-0.42,-0.30000000000000004,True,False,False,False,False,False,False,0,0,0,0,,0.0,1.4901161193847656e-08,0,0,False
0.0675,-0.39999999999999997,-0.30000000000000004,True,False,False,False,False,False,False,0,0,0,0,,0.0,1.4901161193847656e-08,0,0,False
0.0675,-0.38,-0.30000000000000004,True,False,False,False,False,False,False,0,0,0,0,,0.0,1.4901161193847656e-08,0,0,False
0.0675,-0.36,-0.30000000000000004,True,False,False,False,False,False,False,0,0,0,0,,0.0,1.4901161193847656e-08,0,0,False
0.0675,-0.33999999999999997,-0.30000000000000004,True,False,False,False,False,False,False,0,0,0,0,,0.0,1.4901161193847656e-08,0,0,False
0.0675,-0.31999999999999995,-0.30000000000000004,True,False,False,False,False,False,False,0,0,0,0,,0.0,1.4901161193847656e-08,0,0,False
0.0675,-0.3,-0.30000000000000004,True,False,False,False,False,False,False,0,0,0,0,,0.0,1.4901161193847656e-08,0,0,False
0.0675,-0.27999999999999997,-0.30000000000000004,True,False,False,False,False,False,False,0,0,0,0,,0.0,1.4901161193847656e-08,0,0,False
0.0675,-0.26,-0.30000000000000004,True,False,False,False,False,False,False,0,0,0,0,,0.0,1.4901161193847656e-08,0,0,False
0.0675,-0.24,-0.30000000000000004,True,False,False,False,False,False,False,0,0,0,0,,0.0,1.4901161193847656e-08,0,0,False
0.0675,-0.21999999999999997,-0.30000000000000004,True,False,False,False,False,False,False,0,0,0,0,,0.0,1.4901161193847656e-08,0,0,False
0.0675,-0.19999999999999998,-0.30000000000000004,True,False,False,False,False,False,False,0,0,0,0,,0.0,1.4901161193847656e-08,0,0,False
0.0675,-0.18,-0.30000000000000004,True,False,False,False,False,False,False,0,0,0,0,,0.0,1.4901161193847656e-08,0,0,False
0.0675,-0.15999999999999998,-0.30000000000000004,True,False,False,False,False,False,False,0,0,0,0,,0.0,1.4901161193847656e-08,0,0,False
0.0675,-0.13999999999999996,-0.30000000000000004,True,False,False,False,False,False,False,0,0,0,0,,0.0,1.4901161193847656e-08,0,0,False
0.0675,-0.12,-0.30000000000000004,True,False,False,False,False,False,False,0,0,0,0,,0.0,1.4901161193847656e-08,0,0,False
0.0675,-0.09999999999999998,-0.30000000000000004,True,False,False,False,False,False,False,0,0,0,0,,0.0,1.490127488014328e-08,0,0,False
0.0675,-0.07999999999999996,-0.30000000000000004,True,False,False,False,False,False,False,0,0,0,0,,0.0,1.4901161193847656e-08,0,0,False
0.0675,-0.06,-0.30000000000000004,True,False,False,False,False,False,False,0,0,0,0,,0.0,1.4901161193847656e-08,0,0,False
0.0675,-0.03999999999999998,-0.30000000000000004,True,False,False,False,False,False,False,0,0,0,0,,0.0,1.4901161193847656e-08,0,0,False
0.0675,-0.019999999999999962,-0.30000000000000004,True,False,False,False,False,False,False,0,0,0,0,,0.0,1.4901161193847656e-08,0,0,False
0.0675,0.0,-0.30000000000000004,True,False,False,False,False,False,False,0,0,0,0,,0.0,1.4901161193847656e-08,0,0,False
0.0675,0.020000000000000018,-0.30000000000000004,True,False,False,False,False,False,False,0,0,0,0,,0.0,1.4901161193847656e-08,0,0,False
0.0675,0.040000000000000036,-0.30000000000000004,True,False,False,False,False,False,False,0,0,0,0,,0.0,1.4901161193847656e-08,0,0,False
0.0675,0.06,-0.30000000000000004,True,False,False,False,False,False,False,0,0,0,0,,0.0,1.4901161193847656e-08,0,0,False
0.0675,0.08000000000000002,-0.30000000000000004,True,False,False,False,False,False,False,0,0,0,0,,0.0,1.4901161193847656e-08,0,0,False
0.0675,0.10000000000000003,-0.30000000000000004,True,False,False,False,False,False,False,0,0,0,0,,0.0,1.4901161193847656e-08,0,0,False
0.0675,0.12000000000000005,-0.30000000000000004,True,False,False,False,False,False,False,0,0,0,0,,0.0,1.4901161193847656e-08,0,0,False
0.0675,0.14000000000000007,-0.30000000000000004,True,False,False,False,False,False,False,0,0,0,0,,0.0,1.4901161193847656e-08,0,0,False
0.0675,0.15999999999999998,-0.30000000000000004,True,False,False,False,False,False,False,0,0,0,0,,0.0,1.4901161193847656e-08,0,0,False
0.0675,0.18,-0.30000000000000004,True,False,False,False,False,False,False,0,0,0,0,,0.0,1.4901161193847656e-08,0,0,False
0.0675,0.2,-0.30000000000000004,True,False,False,False,False,False,False,0,0,0,0,,0.0,1.4901161193847656e-08,0,0,False
0.0675,0.22000000000000003,-0.30000000000000004,True,False,False,False,False,False,False,0,0,0,0,,0.0,1.4901161193847656e-08,0,0,False
0.0675,0.24000000000000005,-0.30000000000000004,True,False,False,False,False,False,False,0,0,0,0,,0.0,1.4901161193847656e-08,0,0,False
0.0675,0.26000000000000006,-0.30000000000000004,True,False,False,False,False,False,False,0,0,0,0,,0.0,1.4901161193847656e-08,0,0,False
0.0675,0.2800000000000001,-0.30000000000000004,True,False,False,False,False,False,False,0,0,0,0,,0.0,1.4901161193847656e-08,0,0,False
0.0675,0.3,-0.30000000000000004,True,False,False,False,False,False,False,0,0,0,0,,0.0,1.4901161193847656e-08,0,0,False
0.0675,0.32,-0.30000000000000004,True,False,False,False,False,False,False,0,0,0,0,,0.0,1.4901161193847656e-08,0,0,False
0.0675,0.34,-0.30000000000000004,True,False,False,False,False,False,False,0,0,0,0,,0.0,1.4901161193847656e-08,0,0,False
0.0675,0.36000000000000004,-0.30000000000000004,True,False,False,False,False,False,False,0,0,0,0,,0.0,1.4901161193847656e-08,0,0,False
0.0675,0.38000000000000006,-0.30000000000000004,True,False,False,False,False,False,False,0,0,0,0,,0.0,1.4901161193847656e-08,0,0,False
0.0675,0.4000000000000001,-0.30000000000000004,True,False,False,False,False,False,False,0,0,0,0,,0.0,1.4901161193847656e-08,0,0,False
0.0675,0.42,-0.30000000000000004,True,False,False,False,False,False,False,0,0,0,0,,0.0,1.4901161193847656e-08,0,0,False
0.0675,-0.42,-0.28,True,False,False,False,False,False,False,0,0,0,0,,0.0,1.4901161193847656e-08,0,0,False
0.0675,-0.39999999999999997,-0.28,True,False,False,False,False,False,False,0,0,0,0,,0.0,1.4901161193847656e-08,0,0,False
0.0675,-0.38,-0.28,True,False,False,False,False,False,False,0,0,0,0,,0.0,1.4901161193847656e-08,0,0,False
0.0675,-0.36,-0.28,True,False,False,False,False,False,False,0,0,0,0,,0.0,1.4901161193847656e-08,0,0,False
0.0675,-0.33999999999999997,-0.28,True,False,False,False,False,False,False,0,0,0,0,,0.0,1.4901161193847656e-08,0,0,False
0.0675,-0.31999999999999995,-0.28,True,False,False,False,False,False,False,0,0,0,0,,0.0,1.4901161193847656e-08,0,0,False
0.0675,-0.3,-0.28,True,False,False,False,False,False,False,0,0,0,0,,0.0,1.4901161193847656e-08,0,0,False
0.0675,-0.27999999999999997,-0.28,True,False,False,False,False,False,False,0,0,0,0,,0.0,1.4901161193847656e-08,0,0,False
0.0675,-0.26,-0.28,True,False,False,False,False,False,False,0,0,0,0,,0.0,1.4901161193847656e-08,0,0,False
0.0675,-0.24,-0.28,True,False,False,False,False,False,False,0,0,0,0,,0.0,1.4901161193847656e-08,0,0,False
0.0675,-0.21999999999999997,-0.28,True,False,False,False,False,False,False,0,0,0,0,,0.0,1.4901161193847656e-08,0,0,False
0.0675,-0.19999999999999998,-0.28,True,False,False,False,False,False,False,1,3,0,0,0.01289442926645279,0.0,1.4901161193847656e-08,1,0,False
0.0675,-0.18,-0.28,True,False,False,False,False,False,False,4,11,0,0,0.011582106351852417,0.0,1.4901161193847656e-08,4,0,False
0.0675,-0.15999999999999998,-0.28,True,False,False,False,False,False,False,2,7,0,0,0.011463165283203125,0.0,1.4901161193847656e-08,2,0,False
0.0675,-0.13999999999999996,-0.28,True,False,False,False,False,False,False,2,2,0,0,0.011301713064312935,0.0,1.4901161193847656e-08,2,0,False
0.0675,-0.12,-0.28,True,False,False,False,False,False,False,4,7,0,0,0.011394239962100983,0.0,1.4901161193847656e-08,4,0,False
0.0675,-0.09999999999999998,-0.28,True,False,False,False,False,False,False,3,6,0,0,0.011329874396324158,0.0,1.490127488014328e-08,3,0,False
0.0675,-0.07999999999999996,-0.28,True,False,False,False,False,False,False,3,6,0,0,0.01116643100976944,0.0,1.4901161193847656e-08,3,0,False
0.0675,-0.06,-0.28,True,False,False,False,False,False,False,5,8,0,0,0.015209339559078217,0.0,1.4901161193847656e-08,5,0,False
0.0675,-0.03999999999999998,-0.28,True,False,False,False,False,False,False,5,14,0,0,0.01128445565700531,0.0,1.4901161193847656e-08,5,0,False
0.0675,-0.019999999999999962,-0.28,True,False,False,False,False,False,False,5,11,0,0,0.011409565806388855,0.0,1.4901161193847656e-08,5,0,False
0.0675,0.0,-0.28,True,False,False,False,False,False,False,4,9,0,0,0.011340104043483734,0.0,1.4901161193847656e-08,4,0,False
0.0675,0.020000000000000018,-0.28,True,False,False,False,False,False,False,5,11,0,0,0.011179417371749878,0.0,1.4901161193847656e-08,5,0,False
0.0675,0.040000000000000036,-0.28,True,False,False,False,False,False,False,2,5,0,0,0.011347055435180664,0.0,1.4901161193847656e-08,2,0,False
0.0675,0.06,-0.28,True,False,False,False,False,False,False,2,5,0,0,0.011168032884597778,0.0,1.4901161193847656e-08,2,0,False
0.0675,0.08000000000000002,-0.28,True,False,False,False,False,False,False,5,7,0,0,0.012347780168056488,0.0,1.4901161193847656e-08,5,0,False
0.0675,0.10000000000000003,-0.28,True,False,False,False,False,False,False,3,9,0,0,0.011258326470851898,0.0,1.4901161193847656e-08,3,0,False
0.0675,0.12000000000000005,-0.28,True,False,False,False,False,False,False,4,10,0,0,0.011371240019798279,0.0,1.4901161193847656e-08,4,0,False
0.0675,0.14000000000000007,-0.28,True,False,False,False,False,False,False,4,10,0,0,0.011384591460227966,0.0,1.4901161193847656e-08,4,0,False
0.0675,0.15999999999999998,-0.28,True,False,False,False,False,False,False,6,13,0,0,0.011262844316661358,0.0,1.4901161193847656e-08,6,0,False
0.0675,0.18,-0.28,True,False,False,False,False,False,False,3,6,0,0,0.011364154517650604,0.0,1.4901161193847656e-08,3,0,False
0.0675,0.2,-0.28,True,False,False,False,False,False,False,2,5,0,0,0.011299803853034973,0.0,1.4901161193847656e-08,2,0,False
0.0675,0.22000000000000003,-0.28,True,False,False,False,False,False,False,3,6,0,0,0.011163882911205292,0.0,1.4901161193847656e-08,3,0,False
0.0675,0.24000000000000005,-0.28,True,False,False,False,False,False,False,4,7,0,0,0.011241085827350616,0.0,1.4901161193847656e-08,4,0,False
0.0675,0.26000000000000006,-0.28,True,False,False,False,False,False,False,1,3,0,0,0.011332817375659943,0.0,1.4901161193847656e-08,1,0,False
0.0675,0.2800000000000001,-0.28,True,False,False,False,False,False,False,2,7,0,0,0.011477731168270111,0.0,1.4901161193847656e-08,2,0,False
0.0675,0.3,-0.28,True,False,False,False,False,False,False,3,9,0,0,0.01208312064409256,0.0,1.4901161193847656e-08,3,0,False
0.0675,0.32,-0.28,True,False,False,False,False,False,False,1,1,0,0,0.018722694367170334,0.0,1.4901161193847656e-08,1,0,False
0.0675,0.34,-0.28,True,False,False,False,False,False,False,0,0,0,0,,0.0,1.4901161193847656e-08,0,0,False
0.0675,0.36000000000000004,-0.28,True,False,False,False,False,False,False,0,0,0,0,,0.0,1.4901161193847656e-08,0,0,False
0.0675,0.38000000000000006,-0.28,True,False,False,False,False,False,False,0,0,0,0,,0.0,1.4901161193847656e-08,0,0,False
0.0675,0.4000000000000001,-0.28,True,False,False,False,False,False,False,0,0,0,0,,0.0,1.4901161193847656e-08,0,0,False
0.0675,0.42,-0.28,True,False,False,False,False,False,False,0,0,0,0,,0.0,1.4901161193847656e-08,0,0,False
0.0675,-0.42,-0.26,True,False,False,False,False,False,False,0,0,0,0,,0.0,1.4901161193847656e-08,0,0,False
0.0675,-0.39999999999999997,-0.26,True,False,False,False,False,False,False,0,0,0,0,,0.0,1.4901161193847656e-08,0,0,False
0.0675,-0.38,-0.26,True,False,False,False,False,False,False,0,0,0,0,,0.0,1.4901161193847656e-08,0,0,False
0.0675,-0.36,-0.26,True,False,False,False,False,False,False,0,0,0,0,,0.0,1.4901161193847656e-08,0,0,False
0.0675,-0.33999999999999997,-0.26,True,False,False,False,False,False,False,1,4,0,0,0.013794854283332825,0.0,1.4901161193847656e-08,1,0,False
0.0675,-0.31999999999999995,-0.26,True,False,True,False,False,False,False,4,13,0,0,0.0055421143770217896,0.0,1.4901161193847656e-08,4,0,False
0.0675,-0.3,-0.26,True,False,True,False,False,False,False,13,37,0,0,0.005391620099544525,0.0,1.4901161193847656e-08,13,0,False
0.0675,-0.27999999999999997,-0.26,True,False,True,False,False,False,False,18,54,0,0,0.005224704742431641,0.0,1.4901161193847656e-08,18,0,False
0.0675,-0.26,-0.26,True,False,True,False,False,False,False,18,57,0,0,0.005057059228420258,0.0,1.4901161193847656e-08,18,0,False
0.0675,-0.24,-0.26,True,False,True,False,False,False,False,18,53,0,0,0.004999518394470215,0.0,1.4901161193847656e-08,18,0,False
0.0675,-0.21999999999999997,-0.26,True,False,True,False,False,False,False,24,68,0,0,0.005105234682559967,0.0,1.4901161193847656e-08,24,0,False
0.0675,-0.19999999999999998,-0.26,True,False,True,True,True,True,False,28,79,4,4,-0.005958661437034607,7.0768823050283585,0.0034254112305247596,28,4,True
0.0675,-0.18,-0.26,True,False,True,True,True,True,False,31,84,4,4,-0.008085548877716064,12.412617244366965,0.0017882078292392588,16,2,True
0.0675,-0.15999999999999998,-0.26,True,False,True,True,True,True,False,36,102,4,4,-0.008898049592971802,0.47939938306809804,0.005856245933179633,22,2,True
0.0675,-0.13999999999999996,-0.26,True,False,True,True,True,True,False,45,121,1,1,-0.008981391787528992,0.0,0.006483670812728245,27,1,True
0.0675,-0.12,-0.26,True,False,True,True,True,True,False,47,136,9,7,-0.009036711417138577,15.557383730007494,0.00782816616189709,31,2,True
0.0675,-0.09999999999999998,-0.26,True,False,True,True,True,True,False,51,150,4,4,-0.009036711417138577,1.2768548727035878,0.007260259756637889,29,2,True
0.0675,-0.07999999999999996,-0.26,True,False,True,True,True,True,False,47,135,4,4,-0.009036711417138577,1.2665972709656115,0.007223115979546008,29,2,True
0.0675,-0.06,-0.26,True,False,True,True,True,True,False,50,141,11,7,-0.009036711417138577,9.912023107530267,0.007715036994469754,39,6,True
0.0675,-0.03999999999999998,-0.26,True,False,True,True,True,True,False,54,149,5,5,-0.008992865681648254,11.56215476541862,0.00835771629694702,30,6,True
0.0675,-0.019999999999999962,-0.26,True,False,True,True,True,True,False,55,162,8,8,-0.00834850873798132,0.0,0.007018777492463838,28,4,True
0.0675,0.0,-0.26,True,False,True,True,True,True,False,66,163,9,5,-0.008965530432760715,1605.7248815636592,0.007322002206661108,39,5,True
0.0675,0.020000000000000018,-0.26,True,False,True,True,True,True,False,60,163,20,9,-0.009036778472363949,76.278884618472,0.013139572321097316,37,1,True
0.0675,0.040000000000000036,-0.26,True,False,True,True,True,True,False,61,178,10,4,-0.009036778472363949,2.532186985015905,0.007356101205092411,31,2,True
0.0675,0.06,-0.26,True,False,True,True,True,True,False,51,143,5,4,-0.009036778472363949,1.3064843416214174,0.007332749986214835,28,2,True
0.0675,0.08000000000000002,-0.26,True,False,True,True,True,True,False,50,140,11,8,-0.009036778472363949,6.356491028736524,0.007954550364242174,37,2,True
0.0675,0.10000000000000003,-0.26,True,False,True,True,True,True,False,51,147,5,5,-0.009013487957417965,12.980904170571803,0.008596390797647653,42,6,True
0.0675,0.12000000000000005,-0.26,True,False,True,True,True,True,False,46,129,14,8,-0.007844016887247562,1633.197325125131,0.009771803425262163,16,2,True
0.0675,0.14000000000000007,-0.26,True,False,True,True,True,True,False,43,109,8,5,-0.008936922065913677,0.0,0.0071239574949731686,15,2,True
0.0675,0.15999999999999998,-0.26,True,False,True,True,True,True,False,41,105,13,5,-0.008534185588359833,30.449672387472038,0.007241375697730728,20,1,True
0.0675,0.18,-0.26,True,False,True,True,True,True,False,45,116,8,4,-0.009036674164235592,2.357567787170498,0.007603139466632175,17,2,True
0.0675,0.2,-0.26,True,False,True,False,False,False,False,28,78,0,0,0.005030699074268341,0.0,1.4901161193847656e-08,8,2,True
0.0675,0.22000000000000003,-0.26,True,False,True,True,True,True,False,25,74,5,4,-0.009036674164235592,1.1949324607849565,0.007045320393787245,12,2,True
0.0675,0.24000000000000005,-0.26,True,False,True,True,False,True,False,18,56,2,0,-0.0004687756299972534,1.0236093571197697,0.00016864215761275362,12,2,True
0.0675,0.26000000000000006,-0.26,True,False,True,True,True,True,False,18,49,1,1,-0.008958784863352776,0.0,0.006100979250121855,6,2,True
0.0675,0.2800000000000001,-0.26,True,False,True,True,True,True,False,17,51,4,4,-0.007751233875751495,15.873158246140786,0.002086747299569269,9,2,True
0.0675,0.3,-0.26,True,False,True,True,True,True,False,16,45,4,4,-0.008764535188674927,0.6242457809580766,0.0048907954499986025,11,2,True
0.0675,0.32,-0.26,True,False,True,False,False,False,False,11,23,0,0,0.0019156932830810547,0.0,1.4901161193847656e-08,5,0,False
0.0675,0.34,-0.26,True,False,False,False,False,False,False,1,4,0,0,0.01070907711982727,0.0,1.4901161193847656e-08,0,0,False
0.0675,0.36000000000000004,-0.26,True,False,False,False,False,False,False,0,0,0,0,,0.0,1.4901161193847656e-08,0,0,False
0.0675,0.38000000000000006,-0.26,True,False,False,False,False,False,False,0,0,0,0,,0.0,1.4901161193847656e-08,0,0,False
0.0675,0.4000000000000001,-0.26,True,False,False,False,False,False,False,0,0,0,0,,0.0,1.4901161193847656e-08,0,0,False
0.0675,0.42,-0.26,True,False,False,False,False,False,False,0,0,0,0,,0.0,1.4901161193847656e-08,0,0,False
0.0675,-0.42,-0.24000000000000002,True,False,False,False,False,False,False,0,0,0,0,,0.0,1.4901161193847656e-08,0,0,False
0.0675,-0.39999999999999997,-0.24000000000000002,True,False,False,False,False,False,False,0,0,0,0,,0.0,1.4901161193847656e-08,0,0,False
0.0675,-0.38,-0.24000000000000002,True,False,False,False,False,False,False,0,0,0,0,,0.0,1.4901161193847656e-08,0,0,False
0.0675,-0.36,-0.24000000000000002,True,False,False,False,False,False,False,0,0,0,0,,0.0,1.4901161193847656e-08,0,0,False
0.0675,-0.33999999999999997,-0.24000000000000002,True,False,False,False,False,False,False,5,15,0,0,0.006585270166397095,0.0,1.4901161193847656e-08,3,0,False
0.0675,-0.31999999999999995,-0.24000000000000002,True,False,True,True,True,True,False,18,65,19,4,-0.013414651155471802,2.6515569686889835,0.009464667152046738,12,4,True
0.0675,-0.3,-0.24000000000000002,True,False,True,True,True,True,False,27,99,42,40,-0.02029302716255188,3685.550292968853,0.01591199057665355,15,8,True
0.0675,-0.27999999999999997,-0.24000000000000002,True,False,True,True,True,True,False,28,99,42,36,-0.01864185929298401,4285.024902343869,0.01207492001203678,21,8,True
0.0675,-0.26,-0.24000000000000002,True,False,True,True,True,True,False,25,75,27,27,-0.022266224026679993,4778.083007812633,0.06509984306983375,20,8,True
0.0675,-0.24,-0.24000000000000002,True,False,True,True,True,True,False,28,103,51,40,-0.02226588875055313,4490.185546875125,0.04769723624602514,24,7,True
0.0675,-0.21999999999999997,-0.24000000000000002,True,False,True,True,True,True,False,35,123,61,54,-0.01649266481399536,6481.94189453143,0.04436210298802964,30,7,True
0.0675,-0.19999999999999998,-0.24000000000000002,True,False,True,True,True,True,False,36,118,57,51,-0.03597527742385864,7771.6162109375555,0.01929131358120064,31,15,True
0.0675,-0.18,-0.24000000000000002,True,False,True,True,True,True,False,52,165,46,39,-0.04344393312931061,8809.792968750182,0.010273136853730502,51,8,True
0.0675,-0.15999999999999998,-0.24000000000000002,True,False,True,True,True,True,False,51,178,93,76,-0.043365128338336945,6428.852539062679,0.010910790717436943,50,57,True
0.0675,-0.13999999999999996,-0.24000000000000002,True,False,True,True,True,True,False,49,162,67,53,-0.04324615001678467,10149.77148437521,0.005825970339882979,64,51,True
0.0675,-0.12,-0.24000000000000002,True,False,True,True,True,True,False,69,217,57,57,-0.034851789474487305,5156.194824218894,0.03962181697238708,60,50,True
0.0675,-0.09999999999999998,-0.24000000000000002,True,False,True,True,True,True,False,80,286,98,74,-0.02604024112224579,6112.550292968837,0.01996102548143559,68,44,True
0.0675,-0.07999999999999996,-0.24000000000000002,True,False,True,True,True,True,False,87,312,132,112,-0.022263556718826294,4700.349121093881,0.009583181341116482,70,70,True
0.0675,-0.06,-0.24000000000000002,True,False,True,True,True,True,False,83,282,101,86,-0.02226441353559494,6331.81787109384,0.01623391536449283,68,78,True
0.0675,-0.03999999999999998,-0.24000000000000002,True,False,True,True,True,True,False,91,290,91,80,-0.022264651954174042,6101.770507812586,0.009688578702735954,69,50,True
0.0675,-0.019999999999999962,-0.24000000000000002,True,False,True,True,True,True,False,85,283,144,118,-0.022264331579208374,3993.894531250057,0.012855087338667815,66,58,True
0.0675,0.0,-0.24000000000000002,True,False,True,True,True,True,False,84,273,107,80,-0.02226400375366211,4934.44580078132,0.02630878623811036,79,75,True
0.0675,0.020000000000000018,-0.24000000000000002,True,False,True,True,True,True,False,86,273,75,51,-0.022264733910560608,4323.406738281312,0.026446394321588657,83,74,True
0.0675,0.040000000000000036,-0.24000000000000002,True,False,True,True,True,True,False,71,230,52,38,-0.03143041580915451,4656.628537078399,0.01244772272539665,80,84,True
0.0675,0.06,-0.24000000000000002,True,False,True,True,True,True,False,55,177,74,63,-0.032433152198791504,5259.808593750075,0.03796920609284004,77,73,True
0.0675,0.08000000000000002,-0.24000000000000002,True,False,True,True,True,True,False,52,168,32,32,-0.02226553112268448,4541.635742187565,0.02956117530822404,66,43,True
0.0675,0.10000000000000003,-0.24000000000000002,True,False,True,True,True,True,False,28,84,21,21,-0.012298084795475006,1122.7668457031368,0.007908249723760447,62,44,True
0.0675,0.12000000000000005,-0.24000000000000002,True,False,True,True,True,True,False,19,68,24,24,-0.010985597968101501,2062.745605468772,0.016127221191520952,55,34,True
0.0675,0.14000000000000007,-0.24000000000000002,True,False,True,True,True,True,False,16,59,24,20,-0.012505561113357544,1320.123535156264,0.0069726410257209825,52,25,True
0.0675,0.15999999999999998,-0.24000000000000002,True,False,True,True,True,True,False,19,57,27,21,-0.01130230724811554,2061.632080078147,0.0054304298522413865,54,30,True
0.0675,0.18,-0.24000000000000002,True,False,True,True,True,True,False,12,35,4,4,-0.009058676660060883,0.9829208850860701,0.006539673801328663,47,19,True
0.0675,0.2,-0.24000000000000002,True,False,True,False,False,False,False,3,9,0,0,0.010941140353679657,0.0,1.4901161193847656e-08,35,10,True
0.0675,0.22000000000000003,-0.24000000000000002,True,False,True,False,False,False,False,1,4,0,0,0.016895636916160583,0.0,1.4901161193847656e-08,27,17,True
0.0675,0.24000000000000005,-0.24000000000000002,True,False,True,False,False,False,False,1,2,0,0,0.018877699971199036,0.0,1.4901161193847656e-08,21,3,True
0.0675,0.26000000000000006,-0.24000000000000002,True,False,True,False,False,False,False,0,0,0,0,,0.0,1.4901161193847656e-08,19,4,True
0.0675,0.2800000000000001,-0.24000000000000002,True,False,True,False,False,False,False,0,0,0,0,,0.0,1.4901161193847656e-08,19,11,True
0.0675,0.3,-0.24000000000000002,True,False,True,False,False,False,False,0,0,0,0,,0.0,1.4901161193847656e-08,19,11,True
0.0675,0.32,-0.24000000000000002,True,False,True,False,False,False,False,0,0,0,0,,0.0,1.4901161193847656e-08,15,4,True
0.0675,0.34,-0.24000000000000002,True,False,False,False,False,False,False,0,0,0,0,,0.0,1.4901161193847656e-08,1,0,False
0.0675,0.36000000000000004,-0.24000000000000002,True,False,False,False,False,False,False,0,0,0,0,,0.0,1.4901161193847656e-08,0,0,False
0.0675,0.38000000000000006,-0.24000000000000002,True,False,False,False,False,False,False,0,0,0,0,,0.0,1.4901161193847656e-08,0,0,False
0.0675,0.4000000000000001,-0.24000000000000002,True,False,False,False,False,False,False,0,0,0,0,,0.0,1.4901161193847656e-08,0,0,False
0.0675,0.42,-0.24000000000000002,True,False,False,False,False,False,False,0,0,0,0,,0.0,1.4901161193847656e-08,0,0,False
0.0675,-0.42,-0.22000000000000003,True,False,False,False,False,False,False,0,0,0,0,,0.0,1.4901161193847656e-08,0,0,False
0.0675,-0.39999999999999997,-0.22000000000000003,True,False,False,False,False,False,False,0,0,0,0,,0.0,1.4901161193847656e-08,0,0,False
0.0675,-0.38,-0.22000000000000003,True,False,False,False,False,False,False,0,0,0,0,,0.0,1.4901161193847656e-08,0,0,False
0.0675,-0.36,-0.22000000000000003,True,False,False,False,False,False,False,0,0,0,0,,0.0,1.4901161193847656e-08,0,0,False
0.0675,-0.33999999999999997,-0.22000000000000003,True,False,False,False,False,False,False,6,19,0,0,0.006582081317901611,0.0,1.4901161193847656e-08,5,0,False
0.0675,-0.31999999999999995,-0.22000000000000003,True,False,True,True,True,True,False,26,88,23,4,-0.013417646288871765,1.7837684154510625,0.009532918638676327,19,19,True
0.0675,-0.3,-0.22000000000000003,True,False,True,True,True,True,False,32,119,50,48,-0.020276449620723724,3582.2521972657246,0.011452916687497932,29,42,True
0.0675,-0.27999999999999997,-0.22000000000000003,True,False,True,True,True,True,False,30,107,46,40,-0.018330805003643036,2993.653808593833,0.019464944722452898,29,42,True
0.0675,-0.26,-0.22000000000000003,True,False,True,True,True,True,False,28,84,31,31,-0.01620074361562729,4481.439453125125,0.03251566364095038,28,35,True
0.0675,-0.24,-0.22000000000000003,True,False,True,True,True,True,False,29,108,55,44,-0.016246236860752106,3806.387451171981,0.02122714450053605,29,59,True
0.0675,-0.21999999999999997,-0.22000000000000003,True,False,True,True,True,True,False,36,126,64,55,-0.02226255089044571,5576.043457031405,0.052552969856194884,34,68,True
0.0675,-0.19999999999999998,-0.22000000000000003,True,False,True,True,True,True,False,46,154,53,49,-0.022262975573539734,5107.643066406392,0.021641402470922975,35,56,True
0.0675,-0.18,-0.22000000000000003,True,False,True,True,True,True,False,60,188,47,40,-0.017712697386741638,5444.867187500152,0.006081889710580809,50,54,True
0.0675,-0.15999999999999998,-0.22000000000000003,True,False,True,True,True,True,False,66,230,102,85,-0.016624532639980316,2943.354736328207,0.008053570365371843,56,78,True
0.0675,-0.13999999999999996,-0.22000000000000003,True,False,True,True,True,True,False,81,269,86,65,-0.012542195618152618,5276.244140625146,0.006343167316998739,55,76,True
0.0675,-0.12,-0.22000000000000003,True,False,True,True,True,True,False,97,313,86,74,-0.012984000146389008,4423.199218750063,0.00967671938714087,71,67,True
0.0675,-0.09999999999999998,-0.22000000000000003,True,False,True,True,True,True,False,121,389,123,90,-0.012958988547325134,4735.413085937567,0.00829992859960809,105,129,True
0.0675,-0.07999999999999996,-0.22000000000000003,True,False,True,True,True,True,False,121,402,151,126,-0.014550536870956421,6798.803222656346,0.01047752721619376,101,141,True
0.0675,-0.06,-0.22000000000000003,True,False,True,True,True,True,False,100,337,131,96,-0.015915922820568085,4283.196341238252,0.018879772578809663,89,115,True
0.0675,-0.03999999999999998,-0.22000000000000003,True,False,True,True,True,True,False,89,294,108,92,-0.017030000686645508,4012.5354003906823,0.02541192572022063,89,94,True
0.0675,-0.019999999999999962,-0.22000000000000003,True,False,True,True,True,True,False,74,239,91,87,-0.017094403505325317,5530.454101562578,0.01384716119702956,90,113,True
0.0675,0.0,-0.22000000000000003,True,False,True,True,True,True,False,59,184,64,57,-0.022453486919403076,6407.194824218841,0.010861686661622839,99,118,True
0.0675,0.020000000000000018,-0.22000000000000003,True,False,True,True,True,True,False,70,221,53,48,-0.017029792070388794,5669.73193359383,0.007612949768135869,103,116,True
0.0675,0.040000000000000036,-0.22000000000000003,True,False,True,True,True,True,False,65,205,85,51,-0.018968641757965088,3135.4089355469196,0.008399810233342677,104,123,True
0.0675,0.06,-0.22000000000000003,True,False,True,True,True,True,False,52,170,88,62,-0.01736099272966385,3703.854642731351,0.017015149241261875,98,142,True
0.0675,0.08000000000000002,-0.22000000000000003,True,False,True,True,True,True,False,43,149,40,30,-0.013430621474981308,4797.294433593818,0.022529599753693803,94,121,True
0.0675,0.10000000000000003,-0.22000000000000003,True,False,True,True,True,True,False,23,74,21,21,-0.017953097820281982,1598.2657470703296,0.021194561941423388,86,98,True
0.0675,0.12000000000000005,-0.22000000000000003,True,False,True,True,True,True,False,15,52,24,24,-0.021832317113876343,1217.486572265638,0.01804538397021558,69,55,True
0.0675,0.14000000000000007,-0.22000000000000003,True,False,True,True,True,True,False,16,56,24,20,-0.02226652204990387,0.0,0.016416865263703038,55,32,True
0.0675,0.15999999999999998,-0.22000000000000003,True,False,True,True,True,True,False,18,58,24,21,-0.022266678512096405,138.56896972656398,0.0182683092541048,51,29,True
0.0675,0.18,-0.22000000000000003,True,False,True,True,True,True,False,14,42,4,4,-0.009060494601726532,0.9381732940673928,0.006227397522402359,51,21,True
0.0675,0.2,-0.22000000000000003,True,False,True,False,False,False,False,3,7,0,0,0.010939367115497589,0.0,1.4901161193847656e-08,35,10,True
0.0675,0.22000000000000003,-0.22000000000000003,True,False,True,False,False,False,False,1,2,0,0,0.01874859631061554,0.0,1.4901161193847656e-08,27,17,True
0.0675,0.24000000000000005,-0.22000000000000003,True,False,True,False,False,False,False,1,2,0,0,0.01872793585062027,0.0,1.4901161193847656e-08,21,3,True
0.0675,0.26000000000000006,-0.22000000000000003,True,False,True,False,False,False,False,1,3,0,0,0.018832631409168243,0.0,1.4901161193847656e-08,19,4,True
0.0675,0.2800000000000001,-0.22000000000000003,True,False,True,False,False,False,False,1,2,0,0,0.018977537751197815,0.0,1.4901161193847656e-08,19,11,True
0.0675,0.3,-0.22000000000000003,True,False,True,False,False,False,False,1,1,0,0,0.01915455423295498,0.0,1.4901161193847656e-08,19,11,True
0.0675,0.32,-0.22000000000000003,True,False,True,False,False,False,False,0,0,0,0,,0.0,1.4901161193847656e-08,14,4,True
0.0675,0.34,-0.22000000000000003,True,False,False,False,False,False,False,0,0,0,0,,0.0,1.4901161193847656e-08,1,0,False
0.0675,0.36000000000000004,-0.22000000000000003,True,False,False,False,False,False,False,0,0,0,0,,0.0,1.4901161193847656e-08,0,0,False
0.0675,0.38000000000000006,-0.22000000000000003,True,False,False,False,False,False,False,0,0,0,0,,0.0,1.4901161193847656e-08,0,0,False
0.0675,0.4000000000000001,-0.22000000000000003,True,False,False,False,False,False,False,0,0,0,0,,0.0,1.4901161193847656e-08,0,0,False
0.0675,0.42,-0.22000000000000003,True,False,False,False,False,False,False,0,0,0,0,,0.0,1.4901161193847656e-08,0,0,False
0.0675,-0.42,-0.2,True,False,False,False,False,False,False,0,0,0,0,,0.0,1.4901161193847656e-08,0,0,False
0.0675,-0.39999999999999997,-0.2,True,False,False,False,False,False,False,0,0,0,0,,0.0,1.4901161193847656e-08,0,0,False
0.0675,-0.38,-0.2,True,False,False,False,False,False,False,0,0,0,0,,0.0,1.4901161193847656e-08,0,0,False
0.0675,-0.36,-0.2,True,False,False,False,False,False,False,0,0,0,0,,0.0,1.4901161193847656e-08,0,0,False
0.0675,-0.33999999999999997,-0.2,True,False,False,False,False,False,False,5,16,0,0,0.01535111665725708,0.0,1.4901161193847656e-08,7,0,False
0.0675,-0.31999999999999995,-0.2,True,False,True,True,False,True,False,37,114,23,0,-2.6553869247436523e-05,0.00821075402200228,1.9652000575876075e-05,38,31,True
0.0675,-0.3,-0.2,True,False,True,True,True,True,False,56,189,61,59,-0.011022482067346573,4535.531738281376,0.0169970489525659,53,66,True
0.0675,-0.27999999999999997,-0.2,True,False,True,True,True,True,False,54,182,62,56,-0.010994642041623592,4276.215820312619,0.023270836549431618,42,54,True
0.0675,-0.26,-0.2,True,False,True,True,True,True,False,55,158,45,37,-0.01105724461376667,4548.922851562626,0.025879574394884586,42,39,True
0.0675,-0.24,-0.2,True,False,True,True,True,True,False,56,190,90,63,-0.01110900193452835,4601.954101562628,0.0324330914843479,55,68,True
0.0675,-0.21999999999999997,-0.2,True,False,True,True,True,True,False,60,207,93,76,-0.01649262011051178,5259.770019531396,0.01414171773107739,60,67,True
0.0675,-0.19999999999999998,-0.2,True,False,True,True,True,True,False,71,210,82,53,-0.02027258276939392,7301.972167968802,0.00956114816096223,66,92,True
0.0675,-0.18,-0.2,True,False,True,True,True,True,False,91,271,66,57,-0.01625572144985199,4052.037353515738,0.009634050979264567,79,71,True
0.0675,-0.15999999999999998,-0.2,True,False,True,True,True,True,False,85,275,120,93,-0.022267848253250122,5759.292480468832,0.013205060338101864,85,96,True
0.0675,-0.13999999999999996,-0.2,True,False,True,True,True,True,False,85,252,76,62,-0.020337268710136414,5876.814941406414,0.011246609111047235,75,91,True
0.0675,-0.12,-0.2,True,False,True,True,True,True,False,109,317,65,65,-0.015610560774803162,6061.565429687668,0.013611726079944741,98,94,True
0.0675,-0.09999999999999998,-0.2,True,False,True,True,True,True,False,114,382,112,81,-0.013354897499084473,5693.022949218908,0.010715176667187977,109,125,True
0.0675,-0.07999999999999996,-0.2,True,False,True,True,True,True,False,112,368,140,115,-0.012834474444389343,5697.636230468908,0.0022006127357933046,109,127,True
0.0675,-0.06,-0.2,True,False,True,True,True,True,False,94,315,112,93,-0.014962233603000641,5122.931640625073,0.009389156138455665,88,108,True
0.0675,-0.03999999999999998,-0.2,True,False,True,True,True,True,False,86,278,84,77,-0.01814970374107361,6031.3652343750855,0.012953760624578514,97,94,True
0.0675,-0.019999999999999962,-0.2,True,False,True,True,True,True,False,78,244,89,82,-0.016142427921295166,4341.441406250062,0.014907956945999699,96,108,True
0.0675,0.0,-0.2,True,False,True,True,True,True,False,67,212,72,66,-0.017930686473846436,3972.1640625000564,0.017451793950566685,106,86,True
0.0675,0.020000000000000018,-0.2,True,False,True,True,True,True,False,67,219,56,41,-0.01564980298280716,3770.2629394531787,0.005335259567696567,99,87,True
0.0675,0.040000000000000036,-0.2,True,False,True,True,True,True,False,56,152,39,20,-0.009352408349514008,150.7083740234391,0.01305579100548204,97,84,True
0.0675,0.06,-0.2,True,False,True,True,True,True,False,50,164,39,30,-0.010976448655128479,2330.0085449218996,0.0067597070235532585,85,92,True
0.0675,0.08000000000000002,-0.2,True,False,True,True,True,True,False,45,144,57,29,-0.00896461308002472,2504.255859375027,0.02652881742121172,71,67,True
0.0675,0.10000000000000003,-0.2,True,False,True,True,True,True,False,37,103,26,10,-0.006379850208759308,12.128440856933723,0.016762433384157827,65,49,True
0.0675,0.12000000000000005,-0.2,True,False,True,True,True,True,False,33,90,25,11,-0.005678646266460419,0.0,0.01234666180809678,56,34,True
0.0675,0.14000000000000007,-0.2,True,False,True,True,True,True,False,31,79,19,11,-0.0037551745772361755,2.8905944240810433,0.008029223536649302,49,18,True
0.0675,0.15999999999999998,-0.2,True,False,True,True,True,True,False,30,81,16,11,-0.006989676505327225,1.256490015441268,0.006248155830658769,59,44,True
0.0675,0.18,-0.2,True,False,True,True,False,True,False,25,67,8,0,-0.0013794228434562683,0.8524779369872194,0.0006729150614856731,56,30,True
0.0675,0.2,-0.2,True,False,True,True,False,True,False,9,26,4,0,-0.0014984756708145142,0.0,0.0008923451598498907,37,11,True
0.0675,0.22000000000000003,-0.2,True,False,True,False,False,False,False,11,30,0,0,0.00707012414932251,0.0,1.4901161193847656e-08,27,15,True
0.0675,0.24000000000000005,-0.2,True,False,True,False,False,False,False,12,31,0,0,0.0052079856395721436,0.0,1.4901161193847656e-08,22,12,True
0.0675,0.26000000000000006,-0.2,True,False,True,True,False,True,False,9,23,3,0,-0.0018602386116981506,0.3669274200024701,0.00040361142639961316,19,11,True
0.0675,0.2800000000000001,-0.2,True,False,True,True,False,True,False,9,23,4,0,-0.001131199300289154,0.0,0.0002985426983560704,19,11,True
0.0675,0.3,-0.2,True,False,True,True,False,True,False,11,33,4,0,-0.001034766435623169,0.0,0.00020242256236833634,24,21,True
0.0675,0.32,-0.2,True,False,True,False,False,False,False,7,16,0,0,0.006576210260391235,0.0,1.4901161193847656e-08,14,4,True
0.0675,0.34,-0.2,True,False,False,False,False,False,False,0,0,0,0,,0.0,1.4901161193847656e-08,1,0,False
0.0675,0.36000000000000004,-0.2,True,False,False,False,False,False,False,0,0,0,0,,0.0,1.4901161193847656e-08,0,0,False
0.0675,0.38000000000000006,-0.2,True,False,False,False,False,False,False,0,0,0,0,,0.0,1.4901161193847656e-08,0,0,False
0.0675,0.4000000000000001,-0.2,True,False,False,False,False,False,False,0,0,0,0,,0.0,1.4901161193847656e-08,0,0,False
0.0675,0.42,-0.2,True,False,False,False,False,False,False,0,0,0,0,,0.0,1.4901161193847656e-08,0,0,False
0.0675,-0.42,-0.18000000000000002,True,False,False,False,False,False,False,0,0,0,0,,0.0,1.4901161193847656e-08,0,0,False
0.0675,-0.39999999999999997,-0.18000000000000002,True,False,False,False,False,False,False,0,0,0,0,,0.0,1.4901161193847656e-08,0,0,False
0.0675,-0.38,-0.18000000000000002,True,False,False,False,False,False,False,0,0,0,0,,0.0,1.4901161193847656e-08,0,0,False
0.0675,-0.36,-0.18000000000000002,True,False,False,False,False,False,False,0,0,0,0,,0.0,1.4901161193847656e-08,0,0,False
0.0675,-0.33999999999999997,-0.18000000000000002,True,False,False,False,False,False,False,8,19,0,0,0.011490818113088608,0.0,1.4901161193847656e-08,12,0,False
0.0675,-0.31999999999999995,-0.18000000000000002,True,False,True,True,False,True,False,44,144,30,0,-2.6553869247436523e-05,0.009091621264815395,1.8865346761303445e-05,52,42,True
0.0675,-0.3,-0.18000000000000002,True,False,True,True,True,True,False,63,206,71,59,-0.011022459715604782,3763.7026367188546,0.02247902945383412,74,75,True
0.0675,-0.27999999999999997,-0.18000000000000002,True,False,True,True,True,True,False,60,203,70,56,-0.010993007570505142,3940.5205078126096,0.015793104545782026,72,72,True
0.0675,-0.26,-0.18000000000000002,True,False,True,True,True,True,False,61,182,45,37,-0.0110553540289402,4417.915039062623,0.025613225342191053,75,61,True
0.0675,-0.24,-0.18000000000000002,False,True,True,True,True,False,False,61,209,85,63,-0.01110900193452835,5030.79394531264,0.009165006614465867,80,94,True
0.0675,-0.21999999999999997,-0.18000000000000002,False,True,True,True,True,False,False,65,224,93,76,-0.01649266481399536,5076.785156250141,0.007494159677729601,93,112,True
0.0675,-0.19999999999999998,-0.18000000000000002,False,True,True,True,True,False,False,72,228,83,53,-0.02027258276939392,7098.3022460938,0.008511260684599923,107,112,True
0.0675,-0.18,-0.18000000000000002,False,True,True,True,True,False,False,96,299,69,57,-0.016255691647529602,4238.095703125118,0.01069324883237244,109,74,True
0.0675,-0.15999999999999998,-0.18000000000000002,False,True,True,True,True,False,False,90,307,131,89,-0.013179875910282135,4968.524902343888,0.011665695451299167,108,104,True
0.0675,-0.13999999999999996,-0.18000000000000002,False,True,True,True,True,False,False,96,295,84,62,-0.015349239110946655,4947.301269531387,0.010157812886983064,108,105,True
0.0675,-0.12,-0.18000000000000002,False,True,True,True,True,False,False,118,366,81,65,-0.015525773167610168,5049.800762240738,0.009215803847418935,133,120,True
0.0675,-0.09999999999999998,-0.18000000000000002,False,True,True,True,True,False,False,128,425,112,81,-0.013541266322135925,5397.83984375015,0.004637396981950802,152,138,True
0.0675,-0.07999999999999996,-0.18000000000000002,False,True,True,True,True,False,False,119,392,134,116,-0.012622170150279999,6497.059570312681,0.004953106797867323,148,163,True
0.0675,-0.06,-0.18000000000000002,False,True,True,True,True,False,False,97,330,101,97,-0.017829708755016327,5987.9179687500855,0.008847373472672268,132,128,True
0.0675,-0.03999999999999998,-0.18000000000000002,False,True,True,True,True,False,False,101,322,91,79,-0.018896639347076416,4140.780761718809,0.010146424458634923,129,107,True
0.0675,-0.019999999999999962,-0.18000000000000002,False,True,True,True,True,False,False,110,346,118,94,-0.01770833134651184,3704.4350585937896,0.013788866866057316,131,147,True
0.0675,0.0,-0.18000000000000002,False,True,True,True,True,False,False,109,311,100,73,-0.019660577178001404,4211.26464843756,0.0070568340062547585,141,132,True
0.0675,0.020000000000000018,-0.18000000000000002,False,True,True,True,True,False,False,103,320,84,48,-0.01896870881319046,4527.487304687565,0.022314146994827092,134,115,True
0.0675,0.040000000000000036,-0.18000000000000002,False,True,True,True,True,False,False,110,329,100,57,-0.0172622948884964,2879.791748046916,0.038983808433397674,126,140,True
0.0675,0.06,-0.18000000000000002,False,True,True,True,True,False,False,109,349,103,73,-0.017258204519748688,5385.664550781326,0.00722415682175322,106,80,True
0.0675,0.08000000000000002,-0.18000000000000002,False,True,True,True,True,False,False,103,315,60,44,-0.020797714591026306,4218.11523437506,0.025709160425547033,102,60,True
0.0675,0.10000000000000003,-0.18000000000000002,False,True,True,True,True,False,False,88,263,54,37,-0.022265799343585968,202.8364562988344,0.022639665133211164,101,63,True
0.0675,0.12000000000000005,-0.18000000000000002,False,True,True,True,True,False,False,89,265,59,39,-0.022265903651714325,198.1557436327357,0.01951411858032447,98,58,True
0.0675,0.14000000000000007,-0.18000000000000002,False,True,True,True,True,False,False,80,216,54,35,-0.022265657782554626,22.045051574707717,0.02192338619091118,91,53,True
0.0675,0.15999999999999998,-0.18000000000000002,False,True,True,True,True,False,False,73,224,61,40,-0.022265754640102386,1207.3825683593877,0.023182813977527826,80,57,True
0.0675,0.18,-0.18000000000000002,False,True,True,True,True,False,False,76,222,49,26,-0.009058721363544464,215.62748038900554,0.011304743346102595,81,52,True
0.0675,0.2,-0.18000000000000002,False,True,True,True,True,False,False,72,220,43,29,-0.010851137340068817,2450.058349609451,0.010191774896478246,66,35,True
0.0675,0.22000000000000003,-0.18000000000000002,False,True,True,True,True,False,False,63,208,69,34,-0.018285855650901794,4245.785156250132,0.019449140333017385,57,40,True
0.0675,0.24000000000000005,-0.18000000000000002,False,True,True,True,True,False,False,56,180,37,25,-0.014917243272066116,2685.9402998531723,0.008915614721658962,51,33,True
0.0675,0.26000000000000006,-0.18000000000000002,True,False,True,True,True,True,False,46,157,43,19,-0.009713150560855865,1007.7075195312813,0.010748806064829121,41,34,True
0.0675,0.2800000000000001,-0.18000000000000002,True,False,True,True,True,True,False,36,131,40,16,-0.010907687246799469,1068.2988281250398,0.01932655999243266,37,33,True
0.0675,0.3,-0.18000000000000002,True,False,True,True,True,True,False,40,127,32,16,-0.012687928974628448,1727.8312988281386,0.016016846194040146,44,31,True
0.0675,0.32,-0.18000000000000002,True,False,True,True,True,True,False,39,91,20,4,-0.006350474897772074,945.0621948242481,0.001721292985322784,35,11,True
0.0675,0.34,-0.18000000000000002,True,False,False,False,False,False,False,9,29,0,0,0.0056320130825042725,0.0,1.4901161193847656e-08,8,0,False
0.0675,0.36000000000000004,-0.18000000000000002,True,False,False,False,False,False,False,0,0,0,0,,0.0,1.4901161193847656e-08,0,0,False
0.0675,0.38000000000000006,-0.18000000000000002,True,False,False,False,False,False,False,0,0,0,0,,0.0,1.4901161193847656e-08,0,0,False
0.0675,0.4000000000000001,-0.18000000000000002,True,False,False,False,False,False,False,0,0,0,0,,0.0,1.4901161193847656e-08,0,0,False
0.0675,0.42,-0.18000000000000002,True,False,False,False,False,False,False,0,0,0,0,,0.0,1.4901161193847656e-08,0,0,False
0.0675,-0.42,-0.16000000000000003,True,False,False,False,False,False,False,0,0,0,0,,0.0,1.4901161193847656e-08,0,0,False
0.0675,-0.39999999999999997,-0.16000000000000003,True,False,False,False,False,False,False,0,0,0,0,,0.0,1.4901161193847656e-08,0,0,False
0.0675,-0.38,-0.16000000000000003,True,False,False,False,False,False,False,0,0,0,0,,0.0,1.4901161193847656e-08,0,0,False
0.0675,-0.36,-0.16000000000000003,True,False,False,False,False,False,False,0,0,0,0,,0.0,1.4901161193847656e-08,0,0,False
0.0675,-0.33999999999999997,-0.16000000000000003,True,False,False,False,False,False,False,16,43,0,0,0.0066254884004592896,0.0,1.4901161193847656e-08,20,0,False
0.0675,-0.31999999999999995,-0.16000000000000003,True,False,True,True,True,True,False,55,184,54,21,-0.013071060180664062,2425.7666015625196,0.02120233917713866,64,62,True
0.0675,-0.3,-0.16000000000000003,True,False,True,True,True,True,False,80,268,102,78,-0.011022444814443588,5892.312500000164,0.006459018940337047,87,108,True
0.0675,-0.27999999999999997,-0.16000000000000003,True,False,True,True,True,True,False,77,252,91,77,-0.015801722183823586,4309.67089843762,0.012115143696606896,86,110,True
0.0675,-0.26,-0.16000000000000003,True,False,True,True,True,True,False,73,221,71,58,-0.015898453071713448,6201.975858451709,0.0441553549881576,87,103,True
0.0675,-0.24,-0.16000000000000003,False,True,True,True,True,False,False,79,271,131,103,-0.015914782881736755,5339.995605468916,0.005972878990047495,93,160,True
0.0675,-0.21999999999999997,-0.16000000000000003,False,True,True,True,True,False,False,88,310,121,100,-0.01649266481399536,5681.556152343908,0.009136522177474028,104,153,True
0.0675,-0.19999999999999998,-0.16000000000000003,False,True,True,True,True,False,False,96,314,111,81,-0.02027258276939392,4610.849609375128,0.009790453096243762,118,135,True
0.0675,-0.18,-0.16000000000000003,False,True,True,True,True,False,False,116,368,110,96,-0.016255691647529602,7143.366699218807,0.007905675162235703,143,154,True
0.0675,-0.15999999999999998,-0.16000000000000003,False,True,True,True,True,False,False,112,386,148,114,-0.016738615930080414,5613.576539532107,0.006911336964538239,132,185,True
0.0675,-0.13999999999999996,-0.16000000000000003,False,True,True,True,True,False,False,116,377,105,79,-0.015811055898666382,5013.762695312639,0.004276806005810201,144,141,True
0.0675,-0.12,-0.16000000000000003,False,True,True,True,True,False,False,148,464,131,94,-0.011108994483947754,4450.775390625124,0.0061266679425602015,173,177,True
0.0675,-0.09999999999999998,-0.16000000000000003,False,True,True,True,True,False,False,156,524,181,132,-0.011108994483947754,5591.803222656295,0.005463802999139262,187,226,True
0.0675,-0.07999999999999996,-0.16000000000000003,False,True,True,True,True,False,False,145,492,185,151,-0.014614470303058624,6783.160156250096,0.008773715210759984,171,230,True
0.0675,-0.06,-0.16000000000000003,False,True,True,True,True,False,False,124,426,152,122,-0.017594464123249054,3389.202880859423,0.009124223492715768,146,197,True
0.0675,-0.03999999999999998,-0.16000000000000003,False,True,True,True,True,False,False,131,441,140,112,-0.017153285443782806,5351.5136718750755,0.010385807684343116,153,187,True
0.0675,-0.019999999999999962,-0.16000000000000003,False,True,True,True,True,False,False,130,433,200,165,-0.022268064320087433,4361.920898437546,0.01455132160026136,140,200,True
0.0675,0.0,-0.16000000000000003,False,True,True,True,True,False,False,128,414,164,133,-0.020638085901737213,4125.757812500044,0.008234859860087495,151,173,True
0.0675,0.020000000000000018,-0.16000000000000003,False,True,True,True,True,False,False,134,451,137,109,-0.017663493752479553,4028.55761718765,0.03146394605415717,142,145,True
0.0675,0.040000000000000036,-0.16000000000000003,False,True,True,True,True,False,False,135,445,169,108,-0.018663480877876282,3805.701904297017,0.0255704535601332,132,142,True
0.0675,0.06,-0.16000000000000003,False,True,True,True,True,False,False,140,473,210,142,-0.01770678348839283,5133.866699218941,0.011840802147238047,129,208,True
0.0675,0.08000000000000002,-0.16000000000000003,False,True,True,True,True,False,False,144,481,171,111,-0.01866348832845688,4429.3491210939155,0.02886128269986905,137,152,True
0.0675,0.10000000000000003,-0.16000000000000003,False,True,True,True,True,False,False,134,443,153,114,-0.018648624420166016,4378.034667968914,0.031726483999036985,125,141,True
0.0675,0.12000000000000005,-0.16000000000000003,False,True,True,True,True,False,False,125,397,159,108,-0.018663495779037476,3324.0551757812973,0.03363432629677862,119,155,True
0.0675,0.14000000000000007,-0.16000000000000003,False,True,True,True,True,False,False,103,345,113,82,-0.018663495779037476,6046.849121093976,0.01499918406745216,100,113,True
0.0675,0.15999999999999998,-0.16000000000000003,False,True,True,True,True,False,False,95,315,97,73,-0.017663508653640747,4889.429745214964,0.031252674282728675,96,106,True
0.0675,0.18,-0.16000000000000003,False,True,True,True,True,False,False,103,340,127,84,-0.018663495779037476,4193.883789062656,0.01957840108722259,105,116,True
0.0675,0.2,-0.16000000000000003,False,True,True,True,True,False,False,93,326,123,82,-0.019642002880573273,4811.723632812679,0.024724090663823414,89,118,True
0.0675,0.22000000000000003,-0.16000000000000003,False,True,True,True,True,False,False,79,274,101,61,-0.01811935007572174,4080.624755859527,0.025768412688684947,79,101,True
0.0675,0.24000000000000005,-0.16000000000000003,False,True,True,True,True,False,False,64,225,78,56,-0.015914730727672577,5153.852539062692,0.006577897925802266,64,85,True
0.0675,0.26000000000000006,-0.16000000000000003,True,False,True,True,True,True,False,49,168,63,44,-0.015911400318145752,3530.2297363282564,0.02319936845136903,50,69,True
0.0675,0.2800000000000001,-0.16000000000000003,True,False,True,True,True,True,False,44,153,57,45,-0.01583505980670452,3762.7395698176847,0.03251387985215881,47,61,True
0.0675,0.3,-0.16000000000000003,True,False,True,True,True,True,False,51,161,56,44,-0.011897653341293335,2450.1572265625196,0.0029887669159782237,53,60,True
0.0675,0.32,-0.16000000000000003,True,False,True,True,True,True,False,42,137,39,28,-0.015396416187286377,1405.3820800781773,0.010618017848917912,47,47,True
0.0675,0.34,-0.16000000000000003,True,False,False,False,False,False,False,13,31,0,0,0.00460362434387207,0.0,1.4901161193847656e-08,14,0,False
0.0675,0.36000000000000004,-0.16000000000000003,True,False,False,False,False,False,False,0,0,0,0,,0.0,1.4901161193847656e-08,0,0,False
0.0675,0.38000000000000006,-0.16000000000000003,True,False,False,False,False,False,False,0,0,0,0,,0.0,1.4901161193847656e-08,0,0,False
0.0675,0.4000000000000001,-0.16000000000000003,True,False,False,False,False,False,False,0,0,0,0,,0.0,1.4901161193847656e-08,0,0,False
0.0675,0.42,-0.16000000000000003,True,False,False,False,False,False,False,0,0,0,0,,0.0,1.4901161193847656e-08,0,0,False
0.0675,-0.42,-0.14,True,False,False,False,False,False,False,0,0,0,0,,0.0,1.4901161193847656e-08,0,0,False
0.0675,-0.39999999999999997,-0.14,True,False,False,False,False,False,False,0,0,0,0,,0.0,1.4901161193847656e-08,0,0,False
0.0675,-0.38,-0.14,True,False,False,False,False,False,False,0,0,0,0,,0.0,1.4901161193847656e-08,0,0,False
0.0675,-0.36,-0.14,True,False,False,False,False,False,False,0,0,0,0,,0.0,1.4901161193847656e-08,0,0,False
0.0675,-0.33999999999999997,-0.14,True,False,False,False,False,False,False,14,48,0,0,0.006583452224731445,0.0,1.4901161193847656e-08,14,0,False
0.0675,-0.31999999999999995,-0.14,True,False,True,True,True,True,False,51,174,58,29,-0.013416588306427002,6708.133334213117,0.012611270919155346,52,58,True
0.0675,-0.3,-0.14,True,False,True,True,True,True,False,73,256,106,82,-0.017099790275096893,4376.712728759073,0.01617905915117965,72,99,True
0.0675,-0.27999999999999997,-0.14,True,False,True,True,True,True,False,70,244,98,83,-0.017099790275096893,4656.22705078138,0.04933080668048195,68,91,True
0.0675,-0.26,-0.14,True,False,True,True,True,True,False,69,221,73,58,-0.017099790275096893,4778.334472656428,0.008955281322450312,67,69,True
0.0675,-0.24,-0.14,False,True,True,True,True,False,False,76,265,127,100,-0.017099790275096893,4799.196289062679,0.012193725694825837,72,122,True
0.0675,-0.21999999999999997,-0.14,False,True,True,True,True,False,False,80,282,133,114,-0.01743607223033905,5756.36328125016,0.006481869103462909,77,127,True
0.0675,-0.19999999999999998,-0.14,False,True,True,True,True,False,False,88,294,118,87,-0.02027258276939392,5701.796386718963,0.005819931659136947,87,118,True
0.0675,-0.18,-0.14,False,True,True,True,True,False,False,111,367,104,93,-0.017099782824516296,5333.023925781398,0.010742485986598563,105,101,True
0.0675,-0.15999999999999998,-0.14,False,True,True,True,True,False,False,103,353,161,129,-0.022263221442699432,5773.299382803856,0.006700920153726725,96,148,True
0.0675,-0.13999999999999996,-0.14,False,True,True,True,True,False,False,104,337,117,99,-0.021020621061325073,5463.533691406402,0.006358036294150268,97,105,True
0.0675,-0.12,-0.14,False,True,True,True,True,False,False,138,422,122,104,-0.017099782824516296,3614.6567382813505,0.00976110723183367,119,112,True
0.0675,-0.09999999999999998,-0.14,False,True,True,True,True,False,False,167,554,198,147,-0.017099782824516296,5962.425292968797,0.007879804209486155,130,169,True
0.0675,-0.07999999999999996,-0.14,False,True,True,True,True,False,False,156,547,236,192,-0.017099782824516296,6058.147949218815,0.00882545493453234,125,170,True
0.0675,-0.06,-0.14,False,True,True,True,True,False,False,146,501,200,178,-0.017099782824516296,4724.901855468817,0.011885160546192229,101,147,True
0.0675,-0.03999999999999998,-0.14,False,True,True,True,True,False,False,161,534,151,134,-0.017099782824516296,4528.144042968815,0.011602875785002296,112,121,True
0.0675,-0.019999999999999962,-0.14,False,True,True,True,True,False,False,137,485,232,210,-0.02226332575082779,5286.8671875000755,0.00959600570640854,108,175,True
0.0675,0.0,-0.14,False,True,True,True,True,False,False,126,425,166,138,-0.022263482213020325,5839.915527343833,0.019960507266203985,106,137,True
0.0675,0.020000000000000018,-0.14,False,True,True,True,True,False,False,124,410,129,112,-0.0170997753739357,3909.708984375146,0.01990224516840546,105,119,True
0.0675,0.040000000000000036,-0.14,False,True,True,True,True,False,False,158,530,162,116,-0.0170997753739357,4821.676757812568,0.011001805953496079,112,128,True
0.0675,0.06,-0.14,False,True,True,True,True,False,False,150,524,275,226,-0.0170997753739357,5841.510253906333,0.018750641869145435,111,185,True
0.0675,0.08000000000000002,-0.14,False,True,True,True,True,False,False,157,554,198,183,-0.0170997753739357,6192.530761718838,0.010846802644862364,114,139,True
0.0675,0.10000000000000003,-0.14,False,True,True,True,True,False,False,145,474,172,160,-0.0170997753739357,5056.522460937688,0.020710951394058423,106,130,True
0.0675,0.12000000000000005,-0.14,False,True,True,True,True,False,False,114,390,154,130,-0.01570059359073639,5058.575683593938,0.012568647903712416,88,116,True
0.0675,0.14000000000000007,-0.14,False,True,True,True,True,False,False,97,319,112,88,-0.013629809021949768,5446.881835937703,0.010335135147751626,75,85,True
0.0675,0.15999999999999998,-0.14,False,True,True,True,True,False,False,83,247,88,80,-0.015867929905653,5837.767008829111,0.005633186321701798,71,78,True
0.0675,0.18,-0.14,False,True,True,True,True,False,False,101,335,85,73,-0.015914730727672577,5591.866699218958,0.007357893617652969,87,84,True
0.0675,0.2,-0.14,False,True,True,True,True,False,False,82,289,153,148,-0.015914730727672577,6113.145019531478,0.007144408766102199,72,119,True
0.0675,0.22000000000000003,-0.14,False,True,True,True,True,False,False,64,231,104,76,-0.017568565905094147,5028.730468750187,0.008053577176070548,60,89,True
0.0675,0.24000000000000005,-0.14,False,True,True,True,True,False,False,52,167,72,61,-0.01930008828639984,4350.632324218912,0.03157783474899752,50,67,True
0.0675,0.26000000000000006,-0.14,True,False,True,True,True,True,False,41,138,60,53,-0.01591140404343605,5982.872686887559,0.05462988508816405,38,55,True
0.0675,0.2800000000000001,-0.14,True,False,True,True,True,True,False,39,141,68,62,-0.01583506166934967,3707.6564941407632,0.022072958115129104,33,53,True
0.0675,0.3,-0.14,True,False,True,True,True,True,False,43,135,63,51,-0.012427173554897308,3210.096435546901,0.006671782474504842,42,52,True
0.0675,0.32,-0.14,True,False,True,True,True,True,False,30,107,36,32,-0.015396416187286377,7525.50146484381,0.035589028183638835,35,43,True
0.0675,0.34,-0.14,True,False,False,False,False,False,False,13,38,0,0,0.004430562257766724,0.0,1.4901161193847656e-08,14,0,False
0.0675,0.36000000000000004,-0.14,True,False,False,False,False,False,False,0,0,0,0,,0.0,1.4901161193847656e-08,0,0,False
0.0675,0.38000000000000006,-0.14,True,False,False,False,False,False,False,0,0,0,0,,0.0,1.4901161193847656e-08,0,0,False
0.0675,0.4000000000000001,-0.14,True,False,False,False,False,False,False,0,0,0,0,,0.0,1.4901161193847656e-08,0,0,False
0.0675,0.42,-0.14,True,False,False,False,False,False,False,0,0,0,0,,0.0,1.4901161193847656e-08,0,0,False
0.0675,-0.42,-0.12000000000000002,True,False,False,False,False,False,False,0,0,0,0,,0.0,1.4901161193847656e-08,0,0,False
0.0675,-0.39999999999999997,-0.12000000000000002,True,False,False,False,False,False,False,0,0,0,0,,0.0,1.4901161193847656e-08,0,0,False
0.0675,-0.38,-0.12000000000000002,True,False,False,False,False,False,False,0,0,0,0,,0.0,1.4901161193847656e-08,0,0,False
0.0675,-0.36,-0.12000000000000002,True,False,False,False,False,False,False,0,0,0,0,,0.0,1.4901161193847656e-08,0,0,False
0.0675,-0.33999999999999997,-0.12000000000000002,True,False,False,False,False,False,False,15,51,0,0,0.006583452224731445,0.0,1.4901161193847656e-08,15,0,False
0.0675,-0.31999999999999995,-0.12000000000000002,True,False,True,True,True,True,False,48,158,55,29,-0.013416588306427002,7549.204988042054,0.02158979907359222,51,58,True
0.0675,-0.3,-0.12000000000000002,True,False,True,True,True,True,False,63,204,77,59,-0.020959846675395966,4810.857910156429,0.016434167448484513,70,102,True
0.0675,-0.27999999999999997,-0.12000000000000002,True,False,True,True,True,True,False,61,202,65,61,-0.02095986157655716,8810.927734375327,0.06913636023308282,65,91,True
0.0675,-0.26,-0.12000000000000002,True,False,True,True,True,True,False,64,211,66,51,-0.02095986157655716,6405.634765625239,0.027514216535870623,62,69,True
0.0675,-0.24,-0.12000000000000002,False,True,True,True,True,False,False,71,250,126,89,-0.02095986157655716,6416.286132812739,0.017915191893645148,66,122,True
0.0675,-0.21999999999999997,-0.12000000000000002,False,True,True,True,True,False,False,77,282,146,110,-0.02095986157655716,8969.100585937573,0.013206234203598106,72,127,True
0.0675,-0.19999999999999998,-0.12000000000000002,False,True,True,True,True,False,False,83,284,128,84,-0.02095986157655716,6367.456054687737,0.016724221670061337,79,116,True
0.0675,-0.18,-0.12000000000000002,False,True,True,True,True,False,False,107,353,100,84,-0.02095986157655716,6171.14648437523,0.016577525940793644,100,101,True
0.0675,-0.15999999999999998,-0.12000000000000002,False,True,True,True,True,False,False,111,372,164,118,-0.020959876477718353,6376.315982816996,0.006485065491674734,92,148,True
0.0675,-0.13999999999999996,-0.12000000000000002,False,True,True,True,True,False,False,111,369,116,98,-0.020959876477718353,6980.7178468335405,0.004592741499210265,95,113,True
0.0675,-0.12,-0.12000000000000002,False,True,True,True,True,False,False,134,396,117,94,-0.020959876477718353,5426.071777343827,0.007764526523999162,116,116,True
0.0675,-0.09999999999999998,-0.12000000000000002,False,True,True,True,True,False,False,151,522,179,141,-0.020959876477718353,8249.455078125065,0.01206592274594185,127,177,True
0.0675,-0.07999999999999996,-0.12000000000000002,False,True,True,True,True,False,False,144,511,191,170,-0.020959876477718353,6141.411132812728,0.015687916161273897,120,178,True
0.0675,-0.06,-0.12000000000000002,False,True,True,True,True,False,False,122,438,172,145,-0.020959876477718353,5804.0908203127165,0.01436681211675081,95,155,True
0.0675,-0.03999999999999998,-0.12000000000000002,False,True,True,True,True,False,False,137,483,158,128,-0.020959876477718353,6852.199218750256,0.01618720471728619,105,123,True
0.0675,-0.019999999999999962,-0.12000000000000002,False,True,True,True,True,False,False,135,487,233,213,-0.020959891378879547,6406.169433593989,0.013044919823455388,112,185,True
0.0675,0.0,-0.12000000000000002,False,True,True,True,True,False,False,125,431,164,132,-0.020959891378879547,6981.884277343849,0.01987474399898584,110,148,True
0.0675,0.020000000000000018,-0.12000000000000002,False,True,True,True,True,False,False,119,385,114,98,-0.020959891378879547,7534.150390625281,0.010294234812421067,109,133,True
0.0675,0.040000000000000036,-0.12000000000000002,False,True,True,True,True,False,False,145,489,138,104,-0.020959891378879547,5880.189453125219,0.015642505855037174,117,136,True
0.0675,0.06,-0.12000000000000002,False,True,True,True,True,False,False,133,474,241,194,-0.020959891378879547,6426.789062500092,0.0202184850216998,131,216,True
0.0675,0.08000000000000002,-0.12000000000000002,False,True,True,True,True,False,False,131,475,175,155,-0.020959891378879547,6264.601074218839,0.005855640575811175,127,169,True
0.0675,0.10000000000000003,-0.12000000000000002,False,True,True,True,True,False,False,121,413,166,152,-0.020959876477718353,7942.25909565441,0.01772857266471766,110,137,True
0.0675,0.12000000000000005,-0.12000000000000002,False,True,True,True,True,False,False,105,365,143,133,-0.020959876477718353,7124.986816406516,0.01001851278576104,93,116,True
0.0675,0.14000000000000007,-0.12000000000000002,False,True,True,True,True,False,False,91,313,104,88,-0.020959876477718353,6665.863769531498,0.013382426002855042,80,88,True
0.0675,0.15999999999999998,-0.12000000000000002,False,True,True,True,True,False,False,75,244,84,80,-0.020959876477718353,7899.662597656545,0.010932388962133242,73,83,True
0.0675,0.18,-0.12000000000000002,False,True,True,True,True,False,False,102,348,85,73,-0.020959891378879547,6238.763671875049,0.01420957718677157,99,85,True
0.0675,0.2,-0.12000000000000002,False,True,True,True,True,False,False,80,289,152,148,-0.020959891378879547,6957.456054687759,0.0060716967793016,88,144,True
0.0675,0.22000000000000003,-0.12000000000000002,False,True,True,True,True,False,False,65,235,103,75,-0.020959891378879547,5652.904296875211,0.023191065524794056,76,105,True
0.0675,0.24000000000000005,-0.12000000000000002,False,True,True,True,True,False,False,48,160,66,61,-0.020959891378879547,7246.39599609402,0.016908709455086726,54,65,True
0.0675,0.26000000000000006,-0.12000000000000002,True,False,True,True,True,True,False,36,128,60,53,-0.020959891378879547,6013.637207031475,0.019178655754337543,43,59,True
0.0675,0.2800000000000001,-0.12000000000000002,True,False,True,True,True,True,False,32,117,61,57,-0.020959891378879547,6939.504394531508,0.03131111820731018,39,57,True
0.0675,0.3,-0.12000000000000002,True,False,True,True,True,True,False,35,119,55,51,-0.02095990628004074,3983.9169921876237,0.026656030796284792,46,56,True
0.0675,0.32,-0.12000000000000002,True,False,True,True,True,True,False,29,109,36,32,-0.015396416187286377,6603.755752845438,0.015502597677416075,43,48,True
0.0675,0.34,-0.12000000000000002,True,False,False,False,False,False,False,12,37,0,0,0.004430562257766724,0.0,1.4901161193847656e-08,15,0,False
0.0675,0.36000000000000004,-0.12000000000000002,True,False,False,False,False,False,False,0,0,0,0,,0.0,1.4901161193847656e-08,0,0,False
0.0675,0.38000000000000006,-0.12000000000000002,True,False,False,False,False,False,False,0,0,0,0,,0.0,1.4901161193847656e-08,0,0,False
0.0675,0.4000000000000001,-0.12000000000000002,True,False,False,False,False,False,False,0,0,0,0,,0.0,1.4901161193847656e-08,0,0,False
0.0675,0.42,-0.12000000000000002,True,False,False,False,False,False,False,0,0,0,0,,0.0,1.4901161193847656e-08,0,0,False
0.0675,-0.42,-0.10000000000000003,True,False,False,False,False,False,False,0,0,0,0,,0.0,1.5017576543430167e-08,0,0,False
0.0675,-0.39999999999999997,-0.10000000000000003,True,False,False,False,False,False,False,0,0,0,0,,0.0,1.5017576543430167e-08,0,0,False
0.0675,-0.38,-0.10000000000000003,True,False,False,False,False,False,False,0,0,0,0,,0.0,1.5017576543430167e-08,0,0,False
0.0675,-0.36,-0.10000000000000003,True,False,False,False,False,False,False,0,0,0,0,,0.0,1.5017576543430167e-08,0,0,False
0.0675,-0.33999999999999997,-0.10000000000000003,True,False,False,False,False,False,False,16,55,0,0,0.006583452224731445,0.0,1.5017576543430167e-08,16,0,False
0.0675,-0.31999999999999995,-0.10000000000000003,True,False,True,True,True,True,False,52,179,66,37,-0.013416588306427002,4547.6294007358665,0.018415181662279064,54,66,True
0.0675,-0.3,-0.10000000000000003,True,False,True,True,True,True,False,72,255,106,86,-0.020959846675395966,7824.576171875292,0.02091663349653711,76,110,True
0.0675,-0.27999999999999997,-0.10000000000000003,True,False,True,True,True,True,False,67,233,95,85,-0.020959846675395966,5993.952429319799,0.017160291923229685,71,103,True
0.0675,-0.26,-0.10000000000000003,True,False,True,True,True,True,False,64,205,73,66,-0.02095986157655716,5815.616210937662,0.011384661045747712,69,86,True
0.0675,-0.24,-0.10000000000000003,False,True,True,True,True,False,False,68,247,126,102,-0.02095986157655716,8740.771484375326,0.010600084077746874,74,136,True
0.0675,-0.21999999999999997,-0.10000000000000003,False,True,True,True,True,False,False,74,267,131,118,-0.02095986157655716,8899.587890625331,0.008299432777592503,80,140,True
0.0675,-0.19999999999999998,-0.10000000000000003,False,True,True,True,True,False,False,81,268,121,95,-0.02095986157655716,5797.983398437546,0.008157188056974587,86,129,True
0.0675,-0.18,-0.10000000000000003,False,True,True,True,True,False,False,118,384,105,91,-0.02095986157655716,4749.536132812538,0.01060988355620894,108,120,True
0.0675,-0.15999999999999998,-0.10000000000000003,False,True,True,True,True,False,False,123,427,199,151,-0.02095986157655716,7126.933593750266,0.0042750654864409255,98,187,True
0.0675,-0.13999999999999996,-0.10000000000000003,False,True,True,True,True,False,False,128,415,142,122,-0.020959876477718353,5495.790039062705,0.006729322694618525,103,137,True
0.0675,-0.12,-0.10000000000000003,False,True,True,True,True,False,False,147,459,134,118,-0.020959876477718353,4919.856933593886,0.0037300319018897152,121,121,True
0.0675,-0.09999999999999998,-0.10000000000000003,False,True,True,True,True,False,False,159,544,197,162,-0.020959876477718353,7180.916015625267,0.009681372456031274,137,197,True
0.0675,-0.07999999999999996,-0.10000000000000003,False,True,True,True,True,False,False,152,530,209,189,-0.020959876477718353,6740.539556463607,0.006318254569557422,132,197,True
0.0675,-0.06,-0.10000000000000003,False,True,True,True,True,False,False,129,443,175,162,-0.020959876477718353,5699.581542968831,0.011150963309737513,119,175,True
0.0675,-0.03999999999999998,-0.10000000000000003,False,True,True,True,True,False,False,143,485,144,135,-0.020959876477718353,7766.22802734404,0.010847700058421455,135,142,True
0.0675,-0.019999999999999962,-0.10000000000000003,False,True,True,True,True,False,False,139,486,236,218,-0.020959891378879547,5723.391113281464,0.009309501676211742,137,238,True
0.0675,0.0,-0.10000000000000003,False,True,True,True,True,False,False,125,420,169,136,-0.020959891378879547,6437.73193359399,0.014710569701523839,142,189,True
0.0675,0.020000000000000018,-0.10000000000000003,False,True,True,True,True,False,False,113,365,119,106,-0.020959891378879547,5344.446777343826,0.011525291503688185,133,161,True
0.0675,0.040000000000000036,-0.10000000000000003,False,True,True,True,True,False,False,126,439,146,112,-0.020959891378879547,6322.409667968986,0.013811333742248608,161,187,True
0.0675,0.06,-0.10000000000000003,False,True,True,True,True,False,False,117,418,219,187,-0.020959891378879547,6422.432617187739,0.0018918824470436177,149,250,True
0.0675,0.08000000000000002,-0.10000000000000003,False,True,True,True,True,False,False,111,407,159,151,-0.020959891378879547,6243.448730468983,0.0077843425954045925,162,204,True
0.0675,0.10000000000000003,-0.10000000000000003,False,True,True,True,True,False,False,101,347,147,135,-0.03061997890472412,8287.07128906281,0.009903804762654443,158,193,True
0.0675,0.12000000000000005,-0.10000000000000003,False,True,True,True,True,False,False,85,304,116,107,-0.028367623686790466,10619.091796875397,0.003930429758513789,132,165,True
0.0675,0.14000000000000007,-0.10000000000000003,False,True,True,True,True,False,False,68,238,91,77,-0.024988368153572083,9089.116210937838,0.006197334024552728,111,120,True
0.0675,0.15999999999999998,-0.10000000000000003,False,True,True,True,True,False,False,58,189,75,71,-0.024006471037864685,5833.4178368702915,0.01053216862056007,104,122,True
0.0675,0.18,-0.10000000000000003,False,True,True,True,True,False,False,79,265,70,62,-0.02262117713689804,6100.933593750227,0.010089867569983157,147,128,True
0.0675,0.2,-0.10000000000000003,False,True,True,True,True,False,False,74,254,125,121,-0.020959891378879547,6792.262207031305,0.013825608655052625,120,188,True
0.0675,0.22000000000000003,-0.10000000000000003,False,True,True,True,True,False,False,59,206,89,69,-0.020959891378879547,8188.780273437806,0.008129618075795044,96,137,True
0.0675,0.24000000000000005,-0.10000000000000003,False,True,True,True,True,False,False,42,144,65,60,-0.020959891378879547,7009.899902344011,0.04453365799541638,75,104,True
0.0675,0.26000000000000006,-0.10000000000000003,True,False,True,True,True,True,False,32,113,59,52,-0.020959891378879547,8131.435546875303,0.04112517024333703,61,87,True
0.0675,0.2800000000000001,-0.10000000000000003,True,False,True,True,True,True,False,31,110,57,53,-0.020959891378879547,6509.268066406493,0.0404648756592164,61,91,True
0.0675,0.3,-0.10000000000000003,True,False,True,True,True,True,False,34,118,55,51,-0.020959891378879547,6295.158691406485,0.008219070330222738,61,81,True
0.0675,0.32,-0.10000000000000003,True,False,True,True,True,True,False,30,110,44,40,-0.015396416187286377,6691.935546875054,0.0094970197289385,47,56,True
0.0675,0.34,-0.10000000000000003,True,False,False,False,False,False,False,12,42,0,0,0.004430562257766724,0.0,1.5017576543430167e-08,14,0,False
0.0675,0.36000000000000004,-0.10000000000000003,True,False,False,False,False,False,False,0,0,0,0,,0.0,1.5017576543430167e-08,0,0,False
0.0675,0.38000000000000006,-0.10000000000000003,True,False,False,False,False,False,False,0,0,0,0,,0.0,1.5017576543430167e-08,0,0,False
0.0675,0.4000000000000001,-0.10000000000000003,True,False,False,False,False,False,False,0,0,0,0,,0.0,1.5017576543430167e-08,0,0,False
0.0675,0.42,-0.10000000000000003,True,False,False,False,False,False,False,0,0,0,0,,0.0,1.5017576543430167e-08,0,0,False
0.0675,-0.42,-0.08000000000000002,True,False,False,False,False,False,False,0,0,0,0,,0.0,1.4901161193847656e-08,0,0,False
0.0675,-0.39999999999999997,-0.08000000000000002,True,False,False,False,False,False,False,0,0,0,0,,0.0,1.4901161193847656e-08,0,0,False
0.0675,-0.38,-0.08000000000000002,True,False,False,False,False,False,False,0,0,0,0,,0.0,1.4901161193847656e-08,0,0,False
0.0675,-0.36,-0.08000000000000002,True,False,False,False,False,False,False,0,0,0,0,,0.0,1.4901161193847656e-08,0,0,False
0.0675,-0.33999999999999997,-0.08000000000000002,True,False,False,False,False,False,False,15,57,0,0,0.0065818727016448975,0.0,1.4901161193847656e-08,15,0,False
0.0675,-0.31999999999999995,-0.08000000000000002,True,False,True,True,True,True,False,47,153,62,36,-0.013416588306427002,7418.00344636126,0.030609511485044243,47,62,True
0.0675,-0.3,-0.08000000000000002,True,False,True,True,True,True,False,65,212,81,63,-0.020959846675395966,7195.503906250268,0.00808073926520743,61,81,True
0.0675,-0.27999999999999997,-0.08000000000000002,True,False,True,True,True,True,False,60,197,69,65,-0.020959846675395966,8379.927734375313,0.044414164321368146,54,69,True
0.0675,-0.26,-0.08000000000000002,True,False,True,True,True,True,False,58,186,62,55,-0.02095986157655716,8763.157226562826,0.038423316925500356,50,62,True
0.0675,-0.24,-0.08000000000000002,False,True,True,True,True,False,False,73,247,91,78,-0.02095986157655716,9000.225585937835,0.026396149915465923,69,91,True
0.0675,-0.21999999999999997,-0.08000000000000002,False,True,True,True,True,False,False,79,271,116,104,-0.02095986157655716,6639.254882812747,0.014836147405305644,75,114,True
0.0675,-0.19999999999999998,-0.08000000000000002,False,True,True,True,True,False,False,87,267,103,76,-0.02095986157655716,7651.478515625055,0.01760551008255245,85,102,True
0.0675,-0.18,-0.08000000000000002,False,True,True,True,True,False,False,119,388,93,85,-0.02095986157655716,5857.653320312663,0.014883118745146737,118,102,True
0.0675,-0.15999999999999998,-0.08000000000000002,False,True,True,True,True,False,False,118,409,164,128,-0.02095986157655716,7156.3461914065165,0.013657471233922615,109,151,True
0.0675,-0.13999999999999996,-0.08000000000000002,False,True,True,True,True,False,False,124,397,132,112,-0.02095986157655716,8045.1503906253,0.010724862252932186,120,129,True
0.0675,-0.12,-0.08000000000000002,False,True,True,True,True,False,False,137,430,133,115,-0.020959876477718353,7749.674804687789,0.007106675432487063,142,128,True
0.0675,-0.09999999999999998,-0.08000000000000002,False,True,True,True,True,False,False,154,513,185,149,-0.020959876477718353,8247.335937500307,0.007505753191217359,159,186,True
0.0675,-0.07999999999999996,-0.08000000000000002,False,True,True,True,True,False,False,153,527,212,192,-0.020959876477718353,8319.33691406281,0.013808572060069534,161,236,True
0.0675,-0.06,-0.08000000000000002,False,True,True,True,True,False,False,145,509,205,162,-0.020959876477718353,8030.887207031549,0.0076547542747863895,147,222,True
0.0675,-0.03999999999999998,-0.08000000000000002,False,True,True,True,True,False,False,155,535,181,142,-0.020959876477718353,7277.091796875271,0.01374216713579243,175,196,True
0.0675,-0.019999999999999962,-0.08000000000000002,False,True,True,True,True,False,False,141,505,266,224,-0.020959876477718353,7429.7568359376055,0.00415491751263881,168,306,True
0.0675,0.0,-0.08000000000000002,False,True,True,True,True,False,False,139,481,197,144,-0.020959891378879547,5931.027832031471,0.00778208907153617,176,243,True
0.0675,0.020000000000000018,-0.08000000000000002,False,True,True,True,True,False,False,140,448,152,117,-0.020959891378879547,8557.389648437818,0.01240487756909771,157,197,True
0.0675,0.040000000000000036,-0.08000000000000002,False,True,True,True,True,False,False,150,520,174,133,-0.020959891378879547,9411.125000000351,0.004290450976281256,187,206,True
0.0675,0.06,-0.08000000000000002,False,True,True,True,True,False,False,138,494,255,206,-0.020959891378879547,8903.079101562833,0.007164020653029264,181,317,True
0.0675,0.08000000000000002,-0.08000000000000002,False,True,True,True,True,False,False,135,485,178,169,-0.020959891378879547,7502.722167969029,0.00966556527820676,183,231,True
0.0675,0.10000000000000003,-0.08000000000000002,False,True,True,True,True,False,False,113,389,163,147,-0.03240302950143814,16928.769262419588,0.01602762956038004,173,219,True
0.0675,0.12000000000000005,-0.08000000000000002,False,True,True,True,True,False,False,94,335,131,118,-0.0392928421497345,6942.982910156466,0.01288877162112125,144,226,True
0.0675,0.14000000000000007,-0.08000000000000002,False,True,True,True,True,False,False,84,286,107,89,-0.029501736164093018,5954.891113281472,0.008776633629050786,137,172,True
0.0675,0.15999999999999998,-0.08000000000000002,False,True,True,True,True,False,False,68,215,87,73,-0.029292196035385132,7316.944335937773,0.01094403314685992,118,156,True
0.0675,0.18,-0.08000000000000002,False,True,True,True,True,False,False,96,301,73,65,-0.020959876477718353,5807.6171875002165,0.0090397413835546,151,144,True
0.0675,0.2,-0.08000000000000002,False,True,True,True,True,False,False,79,269,125,121,-0.020959891378879547,7083.180664062764,0.008225178390663475,123,192,True
0.0675,0.22000000000000003,-0.08000000000000002,False,True,True,True,True,False,False,65,216,89,69,-0.020959891378879547,6766.127929687554,0.007358030935730149,106,156,True
0.0675,0.24000000000000005,-0.08000000000000002,False,True,True,True,True,False,False,42,143,65,60,-0.020959891378879547,10007.739257812873,0.012628430564875493,78,108,True
0.0675,0.26000000000000006,-0.08000000000000002,True,False,True,True,True,True,False,31,112,59,52,-0.020959891378879547,8406.334960937813,0.022083815782062515,60,97,True
0.0675,0.2800000000000001,-0.08000000000000002,True,False,True,True,True,True,False,29,105,57,53,-0.020959891378879547,10087.449218750377,0.019551632491879394,60,82,True
0.0675,0.3,-0.08000000000000002,True,False,True,True,True,True,False,32,113,55,51,-0.020959891378879547,6644.233398437747,0.021872806118095448,59,81,True
0.0675,0.32,-0.08000000000000002,True,False,True,True,True,True,False,27,100,43,39,-0.015396416187286377,7957.625937303155,0.0467883530394311,41,55,True
0.0675,0.34,-0.08000000000000002,True,False,False,False,False,False,False,11,43,0,0,0.004430562257766724,0.0,1.4901161193847656e-08,15,0,False
0.0675,0.36000000000000004,-0.08000000000000002,True,False,False,False,False,False,False,0,0,0,0,,0.0,1.4901161193847656e-08,0,0,False
0.0675,0.38000000000000006,-0.08000000000000002,True,False,False,False,False,False,False,0,0,0,0,,0.0,1.4901161193847656e-08,0,0,False
0.0675,0.4000000000000001,-0.08000000000000002,True,False,False,False,False,False,False,0,0,0,0,,0.0,1.4901161193847656e-08,0,0,False
0.0675,0.42,-0.08000000000000002,True,False,False,False,False,False,False,0,0,0,0,,0.0,1.4901161193847656e-08,0,0,False
0.0675,-0.42,-0.06,True,False,False,False,False,False,False,0,0,0,0,,0.0,1.4901161193847656e-08,0,0,False
0.0675,-0.39999999999999997,-0.06,True,False,False,False,False,False,False,0,0,0,0,,0.0,1.4901161193847656e-08,0,0,False
0.0675,-0.38,-0.06,True,False,False,False,False,False,False,0,0,0,0,,0.0,1.4901161193847656e-08,0,0,False
0.0675,-0.36,-0.06,True,False,False,False,False,False,False,0,0,0,0,,0.0,1.4901161193847656e-08,0,0,False
0.0675,-0.33999999999999997,-0.06,True,False,False,False,False,False,False,26,71,0,0,0.00657905638217926,0.0,1.4901161193847656e-08,25,0,False
0.0675,-0.31999999999999995,-0.06,True,False,True,True,True,True,False,64,201,67,37,-0.013416588306427002,5111.559851195972,0.03295277654015994,60,63,True
0.0675,-0.3,-0.06,True,False,True,True,True,True,False,87,274,89,67,-0.02095983177423477,7313.634765625273,0.016320739763747958,80,81,True
0.0675,-0.27999999999999997,-0.06,True,False,True,True,True,True,False,79,264,73,69,-0.02095983177423477,7854.427734375293,0.05914593137377693,70,69,True
0.0675,-0.26,-0.06,True,False,True,True,True,True,False,86,275,70,55,-0.02095983177423477,6723.94824218775,0.023338880049801752,72,62,True
0.0675,-0.24,-0.06,False,True,True,True,True,False,False,91,301,106,82,-0.02095983177423477,8527.917968750318,0.018617617572546194,89,95,True
0.0675,-0.21999999999999997,-0.06,False,True,True,True,True,False,False,103,337,128,114,-0.020959846675395966,6790.662597656503,0.013140068309483194,97,128,True
0.0675,-0.19999999999999998,-0.06,False,True,True,True,True,False,False,114,361,117,88,-0.020959846675395966,7534.405273437781,0.016340860382458702,106,111,True
0.0675,-0.18,-0.06,False,True,True,True,True,False,False,146,457,100,88,-0.020959846675395966,5770.389648437715,0.022118778165318376,141,97,True
0.0675,-0.15999999999999998,-0.06,False,True,True,True,True,False,False,138,461,164,132,-0.020959846675395966,6795.606445312753,0.007959743892769468,144,164,True
0.0675,-0.13999999999999996,-0.06,False,True,True,True,True,False,False,143,442,128,100,-0.020959846675395966,6316.232421875236,0.008765478514516832,151,132,True
0.0675,-0.12,-0.06,False,True,True,True,True,False,False,165,495,116,94,-0.020959846675395966,6861.813964844006,0.009418767265921741,186,120,True
0.0675,-0.09999999999999998,-0.06,False,True,True,True,True,False,False,168,565,175,131,-0.022538207471370697,7495.353515625053,0.0029847940186029298,197,185,True
0.0675,-0.07999999999999996,-0.06,False,True,True,True,True,False,False,168,566,199,167,-0.02095986157655716,7864.226074219043,0.008974490732894207,186,210,True
0.0675,-0.06,-0.06,False,True,True,True,True,False,False,147,499,166,142,-0.02095986157655716,10047.778320312875,0.016734275523709315,166,174,True
0.0675,-0.03999999999999998,-0.06,False,True,True,True,True,False,False,160,519,132,116,-0.02095986157655716,7795.85888671904,0.015384361988929241,188,147,True
0.0675,-0.019999999999999962,-0.06,False,True,True,True,True,False,False,149,506,205,187,-0.02095986157655716,8145.209472656554,0.009005559945608681,191,260,True
0.0675,0.0,-0.06,False,True,True,True,True,False,False,146,497,161,123,-0.02095986157655716,8212.155273437806,0.012782276705996213,194,201,True
0.0675,0.020000000000000018,-0.06,False,True,True,True,True,False,False,141,447,120,99,-0.020959876477718353,5933.349609375221,0.01459526031994205,186,151,True
0.0675,0.040000000000000036,-0.06,False,True,True,True,True,False,False,159,532,121,97,-0.020959876477718353,7458.885253906528,0.00798634005620347,203,165,True
0.0675,0.06,-0.06,False,True,True,True,True,False,False,153,524,212,175,-0.020959876477718353,7133.607421875266,0.007583430580136529,192,267,True
0.0675,0.08000000000000002,-0.06,False,True,True,True,True,False,False,150,519,156,144,-0.020959876477718353,7363.345214844025,0.01662021886882055,195,188,True
0.0675,0.10000000000000003,-0.06,False,True,True,True,True,False,False,140,469,145,133,-0.02095986157655716,9325.396146703873,0.01032413828593426,189,174,True
0.0675,0.12000000000000005,-0.06,False,True,True,True,True,False,False,124,409,117,104,-0.02095986157655716,5573.302246093958,0.0045372881692437505,173,148,True
0.0675,0.14000000000000007,-0.06,False,True,True,True,True,False,False,99,335,88,78,-0.02095986157655716,6392.026367187738,0.014085489891140803,147,112,True
0.0675,0.15999999999999998,-0.06,False,True,True,True,True,False,False,91,286,75,71,-0.02095986157655716,6250.526719265051,0.01078538051888249,132,92,True
0.0675,0.18,-0.06,False,True,True,True,True,False,False,109,349,70,62,-0.020959876477718353,5366.52001953145,0.010900201855633219,161,97,True
0.0675,0.2,-0.06,False,True,True,True,True,False,False,103,334,119,115,-0.020959876477718353,7270.551269531521,0.009564986762157921,142,174,True
0.0675,0.22000000000000003,-0.06,False,True,True,True,True,False,False,87,298,90,67,-0.020959876477718353,7975.200683594047,0.010314401190234513,122,125,True
0.0675,0.24000000000000005,-0.06,False,True,True,True,True,False,False,69,231,75,67,-0.020959876477718353,8540.910156250318,0.020742879100993882,97,92,True
0.0675,0.26000000000000006,-0.06,True,False,True,True,True,True,False,61,212,55,48,-0.020959876477718353,11186.059570312917,0.04323938548273455,81,72,True
0.0675,0.2800000000000001,-0.06,True,False,True,True,True,True,False,50,175,53,49,-0.020959876477718353,10019.676757812873,0.03779292965314094,69,73,True
0.0675,0.3,-0.06,True,False,True,True,True,True,False,61,205,51,47,-0.020959891378879547,3507.999755859506,0.012330815006195966,77,63,True
0.0675,0.32,-0.06,True,False,True,True,True,True,False,50,154,44,40,-0.015396416187286377,5626.829555783724,0.03779666535459131,58,44,True
0.0675,0.34,-0.06,True,False,False,False,False,False,False,18,49,0,0,0.004427388310432434,0.0,1.4901161193847656e-08,19,0,False
0.0675,0.36000000000000004,-0.06,True,False,False,False,False,False,False,0,0,0,0,,0.0,1.4901161193847656e-08,0,0,False
0.0675,0.38000000000000006,-0.06,True,False,False,False,False,False,False,0,0,0,0,,0.0,1.4901161193847656e-08,0,0,False
0.0675,0.4000000000000001,-0.06,True,False,False,False,False,False,False,0,0,0,0,,0.0,1.4901161193847656e-08,0,0,False
0.0675,0.42,-0.06,True,False,False,False,False,False,False,0,0,0,0,,0.0,1.4901161193847656e-08,0,0,False
0.0675,-0.42,-0.040000000000000036,True,False,False,False,False,False,False,0,0,0,0,,0.0,1.4901161193847656e-08,0,0,False
0.0675,-0.39999999999999997,-0.040000000000000036,True,False,False,False,False,False,False,0,0,0,0,,0.0,1.4901161193847656e-08,0,0,False
0.0675,-0.38,-0.040000000000000036,True,False,False,False,False,False,False,0,0,0,0,,0.0,1.4901161193847656e-08,0,0,False
0.0675,-0.36,-0.040000000000000036,True,False,False,False,False,False,False,0,0,0,0,,0.0,1.4901161193847656e-08,0,0,False
0.0675,-0.33999999999999997,-0.040000000000000036,True,False,False,False,False,False,False,26,80,0,0,0.006578236818313599,0.0,1.4901161193847656e-08,26,0,False
0.0675,-0.31999999999999995,-0.040000000000000036,True,False,True,True,True,True,False,60,214,87,53,-0.013416588306427002,5280.406909795395,0.06124816682314328,67,91,True
0.0675,-0.3,-0.040000000000000036,True,False,True,True,True,True,False,75,262,126,81,-0.02095983177423477,9667.56542968786,0.012243432682353854,95,136,True
0.0675,-0.27999999999999997,-0.040000000000000036,True,False,True,True,True,True,False,66,232,109,91,-0.02095983177423477,8981.647460937835,0.05181958828571085,88,114,True
0.0675,-0.26,-0.040000000000000036,True,False,True,True,True,True,False,65,226,104,80,-0.02095983177423477,7712.361328125287,0.02674599411406737,87,108,True
0.0675,-0.24,-0.040000000000000036,False,True,True,True,True,False,False,75,273,140,113,-0.02095983177423477,5744.836425781296,0.003457334323480231,98,196,True
0.0675,-0.21999999999999997,-0.040000000000000036,False,True,True,True,True,False,False,91,320,145,119,-0.02095983177423477,6871.459472656506,0.0074733264244442885,113,180,True
0.0675,-0.19999999999999998,-0.040000000000000036,False,True,True,True,True,False,False,98,325,144,102,-0.02276909351348877,7512.284667968959,0.01569965557767326,121,166,True
0.0675,-0.18,-0.040000000000000036,False,True,True,True,True,False,False,110,378,133,106,-0.04186253994703293,5760.25683593766,0.01080514753233646,146,157,True
0.0675,-0.15999999999999998,-0.040000000000000036,False,True,True,True,True,False,False,108,383,164,120,-0.02799094468355179,8475.455298514107,0.013210486574133174,143,242,True
0.0675,-0.13999999999999996,-0.040000000000000036,False,True,True,True,True,False,False,128,416,137,110,-0.020959846675395966,7534.17138671896,0.00806041019348394,166,193,True
0.0675,-0.12,-0.040000000000000036,False,True,True,True,True,False,False,142,466,175,136,-0.020959846675395966,6242.163085937589,0.0025856475787533577,180,209,True
0.0675,-0.09999999999999998,-0.040000000000000036,False,True,True,True,True,False,False,145,514,225,179,-0.020959846675395966,9432.482751415335,0.006617482779388349,189,267,True
0.0675,-0.07999999999999996,-0.040000000000000036,False,True,True,True,True,False,False,141,501,206,167,-0.02095986157655716,7599.779785156534,0.0041211526048020525,175,288,True
0.0675,-0.06,-0.040000000000000036,False,True,True,True,True,False,False,127,456,198,158,-0.02095986157655716,6436.145507812592,0.008764266453014069,150,247,True
0.0675,-0.03999999999999998,-0.040000000000000036,False,True,True,True,True,False,False,139,500,180,145,-0.02095986157655716,7450.709960937777,0.006932277072601136,170,216,True
0.0675,-0.019999999999999962,-0.040000000000000036,False,True,True,True,True,False,False,134,489,249,209,-0.02095986157655716,6405.450195312739,0.008626915323956154,166,322,True
0.0675,0.0,-0.040000000000000036,False,True,True,True,True,False,False,131,477,211,157,-0.02095986157655716,7459.816406250278,0.011218054399301123,167,259,True
0.0675,0.020000000000000018,-0.040000000000000036,False,True,True,True,True,False,False,123,425,170,134,-0.02095986157655716,7524.466796875281,0.007408757645065054,156,209,True
0.0675,0.040000000000000036,-0.040000000000000036,False,True,True,True,True,False,False,136,483,188,139,-0.020959876477718353,5405.697265625202,0.005770474089450234,173,223,True
0.0675,0.06,-0.040000000000000036,False,True,True,True,True,False,False,133,485,238,191,-0.020959876477718353,6709.187011719,0.011019975846903772,160,326,True
0.0675,0.08000000000000002,-0.040000000000000036,False,True,True,True,True,False,False,138,501,203,171,-0.020959876477718353,7688.4677734377865,0.01296902541054694,160,246,True
0.0675,0.10000000000000003,-0.040000000000000036,False,True,True,True,True,False,False,138,479,211,175,-0.02095986157655716,8720.550796545263,0.008497176885773589,158,243,True
0.0675,0.12000000000000005,-0.040000000000000036,False,True,True,True,True,False,False,126,453,187,146,-0.02095986157655716,7159.113693048426,0.010793289744367964,143,229,True
0.0675,0.14000000000000007,-0.040000000000000036,False,True,True,True,True,False,False,115,397,146,109,-0.02095986157655716,5030.026367187572,0.00614131778032826,127,166,True
0.0675,0.15999999999999998,-0.040000000000000036,False,True,True,True,True,False,False,95,326,134,111,-0.02095986157655716,6014.462923116854,0.01134706230259958,102,146,True
0.0675,0.18,-0.040000000000000036,False,True,True,True,True,False,False,113,387,145,115,-0.02095986157655716,6169.01269531273,0.008066491777427628,134,156,True
0.0675,0.2,-0.040000000000000036,False,True,True,True,True,False,False,109,369,176,145,-0.020959876477718353,6765.689941406502,0.01317119701347867,120,221,True
0.0675,0.22000000000000003,-0.040000000000000036,False,True,True,True,True,False,False,94,335,141,104,-0.020959876477718353,8093.823730469052,0.010375036745199167,104,168,True
0.0675,0.24000000000000005,-0.040000000000000036,False,True,True,True,True,False,False,75,263,124,107,-0.020959876477718353,6222.367675781482,0.014713503485432374,81,133,True
0.0675,0.26000000000000006,-0.040000000000000036,True,False,True,True,True,True,False,60,215,111,90,-0.020959876477718353,7875.587890625294,0.01636112639257572,63,120,True
0.0675,0.2800000000000001,-0.040000000000000036,True,False,True,True,True,True,False,56,197,104,89,-0.020959876477718353,5553.716796875207,0.016547472326624305,59,116,True
0.0675,0.3,-0.040000000000000036,True,False,True,True,True,True,False,61,208,100,85,-0.020959876477718353,5661.386230468961,0.041791809962791054,63,108,True
0.0675,0.32,-0.040000000000000036,True,False,True,True,True,True,False,54,189,68,61,-0.015396416187286377,5978.432617187548,0.05080202422873445,57,68,True
0.0675,0.34,-0.040000000000000036,True,False,False,False,False,False,False,22,64,0,0,0.004426747560501099,0.0,1.4901161193847656e-08,22,0,False
0.0675,0.36000000000000004,-0.040000000000000036,True,False,False,False,False,False,False,0,0,0,0,,0.0,1.4901161193847656e-08,0,0,False
0.0675,0.38000000000000006,-0.040000000000000036,True,False,False,False,False,False,False,0,0,0,0,,0.0,1.4901161193847656e-08,0,0,False
0.0675,0.4000000000000001,-0.040000000000000036,True,False,False,False,False,False,False,0,0,0,0,,0.0,1.4901161193847656e-08,0,0,False
0.0675,0.42,-0.040000000000000036,True,False,False,False,False,False,False,0,0,0,0,,0.0,1.4901161193847656e-08,0,0,False
0.0675,-0.42,-0.020000000000000018,True,False,False,False,False,False,False,0,0,0,0,,0.0,1.4901161193847656e-08,0,0,False
0.0675,-0.39999999999999997,-0.020000000000000018,True,False,False,False,False,False,False,0,0,0,0,,0.0,1.4901161193847656e-08,0,0,False
0.0675,-0.38,-0.020000000000000018,True,False,False,False,False,False,False,0,0,0,0,,0.0,1.4901161193847656e-08,0,0,False
0.0675,-0.36,-0.020000000000000018,True,False,False,False,False,False,False,0,0,0,0,,0.0,1.4901161193847656e-08,0,0,False
0.0675,-0.33999999999999997,-0.020000000000000018,True,False,False,False,False,False,False,21,69,0,0,0.006578236818313599,0.0,1.4901161193847656e-08,22,0,False
0.0675,-0.31999999999999995,-0.020000000000000018,True,False,True,True,True,True,False,47,163,71,45,-0.013416588306427002,7213.603087359417,0.024890548827062105,51,75,True
0.0675,-0.3,-0.020000000000000018,True,False,True,True,True,True,False,63,220,96,70,-0.02095983177423477,6435.23632812524,0.022793433077231046,68,105,True
0.0675,-0.27999999999999997,-0.020000000000000018,True,False,True,True,True,True,False,57,195,82,74,-0.02095983177423477,6764.984396502507,0.06056312486863271,59,86,True
0.0675,-0.26,-0.020000000000000018,True,False,True,True,True,True,False,55,186,79,64,-0.02095983177423477,8506.747070312817,0.021595693372722137,57,83,True
0.0675,-0.24,-0.020000000000000018,False,True,True,True,True,False,False,61,222,113,96,-0.02095983177423477,6921.612792969007,0.02085063845368458,66,117,True
0.0675,-0.21999999999999997,-0.020000000000000018,False,True,True,True,True,False,False,76,266,121,101,-0.02095983177423477,6521.414550781432,0.011683660516133225,78,125,True
0.0675,-0.19999999999999998,-0.020000000000000018,False,True,True,True,True,False,False,87,285,122,88,-0.02095983177423477,6417.165039062678,0.012556497421849392,90,127,True
0.0675,-0.18,-0.020000000000000018,False,True,True,True,True,False,False,101,335,113,101,-0.020959846675395966,4777.543457031428,0.00638930725987318,114,109,True
0.0675,-0.15999999999999998,-0.020000000000000018,False,True,True,True,True,False,False,102,353,138,108,-0.020959846675395966,5654.523810313106,0.014875706861189015,117,178,True
0.0675,-0.13999999999999996,-0.020000000000000018,False,True,True,True,True,False,False,110,368,120,98,-0.020959846675395966,8432.358398437815,0.0047293267702369825,147,145,True
0.0675,-0.12,-0.020000000000000018,False,True,True,True,True,False,False,130,426,143,115,-0.020959846675395966,6366.520019531487,0.00819309267606053,149,158,True
0.0675,-0.09999999999999998,-0.020000000000000018,False,True,True,True,True,False,False,136,474,196,149,-0.020959846675395966,9516.328125000076,0.01607769922921621,164,208,True
0.0675,-0.07999999999999996,-0.020000000000000018,False,True,True,True,True,False,False,127,450,187,154,-0.020959846675395966,6163.41552734398,0.009714066378674665,157,231,True
0.0675,-0.06,-0.020000000000000018,False,True,True,True,True,False,False,113,400,156,132,-0.02095986157655716,7784.1889648439665,0.009618002645905347,137,199,True
0.0675,-0.03999999999999998,-0.020000000000000018,False,True,True,True,True,False,False,121,403,149,116,-0.02095986157655716,7755.970703125289,0.014171354670298408,158,174,True
0.0675,-0.019999999999999962,-0.020000000000000018,False,True,True,True,True,False,False,122,426,185,147,-0.02095986157655716,6856.670898437756,0.008685729787005301,157,283,True
0.0675,0.0,-0.020000000000000018,False,True,True,True,True,False,False,124,425,179,133,-0.02095986157655716,6746.492187500096,0.005755384817645162,162,220,True
0.0675,0.020000000000000018,-0.020000000000000018,False,True,True,True,True,False,False,116,384,147,117,-0.02095986157655716,5553.451171875207,0.011699046323332284,153,178,True
0.0675,0.040000000000000036,-0.020000000000000018,False,True,True,True,True,False,False,128,437,156,116,-0.02095986157655716,5155.304687500192,0.005841706986077556,172,192,True
0.0675,0.06,-0.020000000000000018,False,True,True,True,True,False,False,127,451,215,151,-0.02095986157655716,8339.108398437811,0.014925814356403918,161,296,True
0.0675,0.08000000000000002,-0.020000000000000018,False,True,True,True,True,False,False,126,441,168,128,-0.020959876477718353,8537.166015625318,0.011249616001210128,159,215,True
0.0675,0.10000000000000003,-0.020000000000000018,False,True,True,True,True,False,False,127,421,170,137,-0.02095986157655716,7934.258789062796,0.010996525470044344,153,208,True
0.0675,0.12000000000000005,-0.020000000000000018,False,True,True,True,True,False,False,115,406,173,123,-0.02095986157655716,6942.686523437758,0.0061578272927063585,139,194,True
0.0675,0.14000000000000007,-0.020000000000000018,False,True,True,True,True,False,False,103,344,125,92,-0.02095986157655716,6636.566894531497,0.008276929964039607,120,136,True
0.0675,0.15999999999999998,-0.020000000000000018,False,True,True,True,True,False,False,84,279,111,87,-0.02095986157655716,5854.310546875218,0.006411406688668078,98,116,True
0.0675,0.18,-0.020000000000000018,False,True,True,True,True,False,False,95,317,119,98,-0.02095986157655716,6965.320800781306,0.010891050434750246,126,126,True
0.0675,0.2,-0.020000000000000018,False,True,True,True,True,False,False,96,319,138,107,-0.02095986157655716,6935.199707031508,0.001956044241379575,111,188,True
0.0675,0.22000000000000003,-0.020000000000000018,False,True,True,True,True,False,False,79,269,121,91,-0.020959876477718353,7727.845214844038,0.009892948310781228,92,140,True
0.0675,0.24000000000000005,-0.020000000000000018,False,True,True,True,True,False,False,66,221,100,84,-0.020959876477718353,7952.4165039065465,0.01818829575014953,72,106,True
0.0675,0.26000000000000006,-0.020000000000000018,True,False,True,True,True,True,False,56,184,87,66,-0.020959876477718353,7065.77608367147,0.025840608997839982,58,93,True
0.0675,0.2800000000000001,-0.020000000000000018,True,False,True,True,True,True,False,55,179,77,65,-0.020959876477718353,7027.197265625262,0.05218847518237843,58,89,True
0.0675,0.3,-0.020000000000000018,True,False,True,True,True,True,False,55,180,79,63,-0.020959876477718353,4758.860351562677,0.04220068215408795,61,86,True
0.0675,0.32,-0.020000000000000018,True,False,True,True,True,True,False,42,146,56,52,-0.015421509742736816,5290.549316406292,0.07264343541105807,45,56,True
0.0675,0.34,-0.020000000000000018,True,False,False,False,False,False,False,18,61,0,0,0.004426747560501099,0.0,1.4901161193847656e-08,18,0,False
0.0675,0.36000000000000004,-0.020000000000000018,True,False,False,False,False,False,False,0,0,0,0,,0.0,1.4901161193847656e-08,0,0,False
0.0675,0.38000000000000006,-0.020000000000000018,True,False,False,False,False,False,False,0,0,0,0,,0.0,1.4901161193847656e-08,0,0,False
0.0675,0.4000000000000001,-0.020000000000000018,True,False,False,False,False,False,False,0,0,0,0,,0.0,1.4901161193847656e-08,0,0,False
0.0675,0.42,-0.020000000000000018,True,False,False,False,False,False,False,0,0,0,0,,0.0,1.4901161193847656e-08,0,0,False
0.0675,-0.42,0.0,True,False,False,False,False,False,False,0,0,0,0,,0.0,1.4901161193847656e-08,0,0,False
0.0675,-0.39999999999999997,0.0,True,False,False,False,False,False,False,0,0,0,0,,0.0,1.4901161193847656e-08,0,0,False
0.0675,-0.38,0.0,True,False,False,False,False,False,False,0,0,0,0,,0.0,1.4901161193847656e-08,0,0,False
0.0675,-0.36,0.0,True,False,False,False,False,False,False,0,0,0,0,,0.0,1.4901161193847656e-08,0,0,False
0.0675,-0.33999999999999997,0.0,True,False,False,False,False,False,False,16,57,0,0,0.006578236818313599,0.0,1.4901161193847656e-08,20,0,False
0.0675,-0.31999999999999995,0.0,True,False,True,True,True,True,False,30,112,55,45,-0.013416588306427002,6944.423637437326,0.04919542325849153,47,75,True
0.0675,-0.3,0.0,True,False,True,True,True,True,False,52,154,72,40,-0.020959816873073578,4865.371093750039,0.039761521624563055,61,105,True
0.0675,-0.27999999999999997,0.0,True,False,True,True,True,True,False,46,145,65,42,-0.02095983177423477,5314.60367257128,0.06413495053226953,55,86,True
0.0675,-0.26,0.0,True,False,True,True,True,True,False,46,148,69,42,-0.02095983177423477,6451.05419921899,0.025718358124013328,52,83,True
0.0675,-0.24,0.0,False,True,True,True,True,False,False,58,190,81,61,-0.02095983177423477,6477.338867187552,0.015293883833906032,59,117,True
0.0675,-0.21999999999999997,0.0,False,True,True,True,True,False,False,62,199,78,59,-0.02095983177423477,7009.556152343806,0.02909788538933871,69,125,True
0.0675,-0.19999999999999998,0.0,False,True,True,True,True,False,False,68,205,82,62,-0.02095983177423477,7316.446289062558,0.017271934379680817,77,125,True
0.0675,-0.18,0.0,False,True,True,True,True,False,False,76,217,77,64,-0.02095983177423477,5146.249023437541,0.015855296525390507,99,107,True
0.0675,-0.15999999999999998,0.0,False,True,True,True,True,False,False,87,254,69,46,-0.020959846675395966,5821.958208460935,0.0065073822573350456,109,173,True
0.0675,-0.13999999999999996,0.0,False,True,True,True,True,False,False,93,268,78,46,-0.020959846675395966,5778.611328125216,0.011667171824528205,123,130,True
0.0675,-0.12,0.0,False,True,True,True,True,False,False,104,312,116,80,-0.020959846675395966,5413.051269531452,0.005323081918428403,131,156,True
0.0675,-0.09999999999999998,0.0,False,True,True,True,True,False,False,115,344,137,101,-0.020959846675395966,9266.62350364128,0.009365455899194481,142,200,True
0.0675,-0.07999999999999996,0.0,False,True,True,True,True,False,False,100,316,107,79,-0.020959846675395966,8040.44580078155,0.008560153479988718,137,224,True
0.0675,-0.06,0.0,False,True,True,True,True,False,False,89,277,111,79,-0.020959846675395966,7946.3852539065465,0.008304997161088845,117,182,True
0.0675,-0.03999999999999998,0.0,False,True,True,True,True,False,False,99,311,106,79,-0.02095986157655716,7099.329589844015,0.011696725592703194,147,170,True
0.0675,-0.019999999999999962,0.0,False,True,True,True,True,False,False,104,342,159,131,-0.02095986157655716,8048.91748046905,0.017058088092185522,147,295,True
0.0675,0.0,0.0,False,True,True,True,True,False,False,107,341,143,106,-0.02095986157655716,6127.299804687728,0.01160236937759204,149,221,True
0.0675,0.020000000000000018,0.0,False,True,True,True,True,False,False,97,311,121,101,-0.02095986157655716,6107.579589843977,0.014525172180137646,139,177,True
0.0675,0.040000000000000036,0.0,False,True,True,True,True,False,False,102,317,124,101,-0.02095986157655716,6539.376464843994,0.007486524720304878,162,180,True
0.0675,0.06,0.0,False,True,True,True,True,False,False,100,341,153,129,-0.02095986157655716,6319.416992187736,0.005681751911795346,155,293,True
0.0675,0.08000000000000002,0.0,False,True,True,True,True,False,False,110,384,151,131,-0.02095986157655716,7624.253417969035,0.004843800337696788,154,217,True
0.0675,0.10000000000000003,0.0,False,True,True,True,True,False,False,114,382,169,143,-0.020959846675395966,10442.45378132046,0.006086816728627169,144,211,True
0.0675,0.12000000000000005,0.0,False,True,True,True,True,False,False,102,359,160,126,-0.02095986157655716,4810.904296875179,0.005900294890418081,130,195,True
0.0675,0.14000000000000007,0.0,False,True,True,True,True,False,False,89,302,115,98,-0.02095986157655716,6904.208496094007,0.015649659558213628,113,146,True
0.0675,0.15999999999999998,0.0,False,True,True,True,True,False,False,74,248,98,90,-0.02095986157655716,6418.145019531489,0.009157602511187414,92,124,True
0.0675,0.18,0.0,False,True,True,True,True,False,False,90,307,117,108,-0.02095986157655716,7312.625976562773,0.017366564202873875,122,128,True
0.0675,0.2,0.0,False,True,True,True,True,False,False,89,307,147,126,-0.02095986157655716,7436.496093750277,0.006119325430164215,109,191,True
0.0675,0.22000000000000003,0.0,False,True,True,True,True,False,False,71,250,112,98,-0.02095986157655716,7459.511230469028,0.0154351701265599,87,153,True
0.0675,0.24000000000000005,0.0,False,True,True,True,True,False,False,58,203,97,88,-0.020959876477718353,6160.33496093773,0.013511198590471606,67,112,True
0.0675,0.26000000000000006,0.0,True,False,True,True,True,True,False,47,169,84,70,-0.020959876477718353,5292.538574218947,0.020459826302857507,52,96,True
0.0675,0.2800000000000001,0.0,True,False,True,True,True,True,False,46,158,77,69,-0.020959876477718353,7476.503417969028,0.06517094749357748,49,85,True
0.0675,0.3,0.0,True,False,True,True,True,True,False,48,164,75,67,-0.020959876477718353,4814.668457031429,0.024127110982952206,52,90,True
0.0675,0.32,0.0,True,False,True,True,True,True,False,37,135,56,52,-0.015421509742736816,4695.248519543755,0.05520739667522822,42,56,True
0.0675,0.34,0.0,True,False,False,False,False,False,False,16,55,0,0,0.004426747560501099,0.0,1.4901161193847656e-08,15,0,False
0.0675,0.36000000000000004,0.0,True,False,False,False,False,False,False,0,0,0,0,,0.0,1.4901161193847656e-08,0,0,False
0.0675,0.38000000000000006,0.0,True,False,False,False,False,False,False,0,0,0,0,,0.0,1.4901161193847656e-08,0,0,False
0.0675,0.4000000000000001,0.0,True,False,False,False,False,False,False,0,0,0,0,,0.0,1.4901161193847656e-08,0,0,False
0.0675,0.42,0.0,True,False,False,False,False,False,False,0,0,0,0,,0.0,1.4901161193847656e-08,0,0,False
0.0675,-0.42,0.019999999999999962,True,False,False,False,False,False,False,0,0,0,0,,0.0,1.4901161193847656e-08,0,0,False
0.0675,-0.39999999999999997,0.019999999999999962,True,False,False,False,False,False,False,0,0,0,0,,0.0,1.4901161193847656e-08,0,0,False
0.0675,-0.38,0.019999999999999962,True,False,False,False,False,False,False,0,0,0,0,,0.0,1.4901161193847656e-08,0,0,False
0.0675,-0.36,0.019999999999999962,True,False,False,False,False,False,False,0,0,0,0,,0.0,1.4901161193847656e-08,0,0,False
0.0675,-0.33999999999999997,0.019999999999999962,True,False,False,False,False,False,False,16,57,0,0,0.006578236818313599,0.0,1.4901161193847656e-08,19,0,False
0.0675,-0.31999999999999995,0.019999999999999962,True,False,True,True,True,True,False,27,98,55,45,-0.013416588306427002,5011.329603332542,0.08259531010122843,46,71,True
0.0675,-0.3,0.019999999999999962,True,False,True,True,True,True,False,36,123,66,40,-0.020959816873073578,4524.431640625036,0.0502632392745442,64,97,True
0.0675,-0.27999999999999997,0.019999999999999962,True,False,True,True,True,True,False,34,118,50,42,-0.020959816873073578,5490.680218744606,0.08377303001899826,58,82,True
0.0675,-0.26,0.019999999999999962,True,False,True,True,True,True,False,33,123,57,42,-0.02095983177423477,5895.103616929516,0.030715414143723103,56,87,True
0.0675,-0.24,0.019999999999999962,False,True,True,True,True,False,False,39,139,69,61,-0.02095983177423477,8247.062500000307,0.02063392566817541,64,121,True
0.0675,-0.21999999999999997,0.019999999999999962,False,True,True,True,True,False,False,43,150,67,59,-0.02095983177423477,6099.085449218977,0.013354458457520056,72,129,True
0.0675,-0.19999999999999998,0.019999999999999962,False,True,True,True,True,False,False,47,162,70,62,-0.02095983177423477,6550.192382812553,0.013872494135653512,80,122,True
0.0675,-0.18,0.019999999999999962,False,True,True,True,True,False,False,46,164,72,64,-0.02095983177423477,7824.892089843813,0.015047647749185933,98,107,True
0.0675,-0.15999999999999998,0.019999999999999962,False,True,True,True,True,False,False,44,155,54,46,-0.02095983177423477,6326.097576860954,0.008943371722152321,101,152,True
0.0675,-0.13999999999999996,0.019999999999999962,False,True,True,True,True,False,False,56,185,54,46,-0.020959846675395966,5886.599121093969,0.008741624525077846,107,115,True
0.0675,-0.12,0.019999999999999962,False,True,True,True,True,False,False,64,229,96,80,-0.020959846675395966,4459.615234375166,0.002909620075601562,118,142,True
0.0675,-0.09999999999999998,0.019999999999999962,False,True,True,True,True,False,False,66,241,113,101,-0.020959846675395966,8927.940609140405,0.007945321474103394,133,186,True
0.0675,-0.07999999999999996,0.019999999999999962,False,True,True,True,True,False,False,61,224,91,79,-0.020959846675395966,6444.60498046899,0.019690064719642277,132,181,True
0.0675,-0.06,0.019999999999999962,False,True,True,True,True,False,False,52,194,91,79,-0.020959846675395966,4671.960449218925,0.009777654687307978,112,176,True
0.0675,-0.03999999999999998,0.019999999999999962,False,True,True,True,True,False,False,66,247,91,79,-0.020959846675395966,6959.070800781509,0.013625331170671384,131,151,True
0.0675,-0.019999999999999962,0.019999999999999962,False,True,True,True,True,False,False,73,266,143,131,-0.02095986157655716,5970.395019531473,0.0114434574345838,140,229,True
0.0675,0.0,0.019999999999999962,False,True,True,True,True,False,False,79,289,134,106,-0.02095986157655716,7954.0019531252965,0.01795059771838156,138,191,True
0.0675,0.020000000000000018,0.019999999999999962,False,True,True,True,True,False,False,73,258,113,101,-0.02095986157655716,7811.163085937791,0.01062344509563422,123,142,True
0.0675,0.040000000000000036,0.019999999999999962,False,True,True,True,True,False,False,78,270,113,101,-0.02095986157655716,6510.559082031493,0.009995859560574432,148,162,True
0.0675,0.06,0.019999999999999962,False,True,True,True,True,False,False,85,305,144,129,-0.02095986157655716,7133.149414062766,0.007443779953780167,159,265,True
0.0675,0.08000000000000002,0.019999999999999962,False,True,True,True,True,False,False,100,366,146,133,-0.02095986157655716,5992.151367187723,0.0027893693668800883,159,203,True
0.0675,0.10000000000000003,0.019999999999999962,False,True,True,True,True,False,False,107,369,166,136,-0.020959846675395966,8997.405468644032,0.005954207194860509,153,197,True
0.0675,0.12000000000000005,0.019999999999999962,False,True,True,True,True,False,False,100,350,154,129,-0.020959846675395966,5601.487792968959,0.011805575315460243,135,186,True
0.0675,0.14000000000000007,0.019999999999999962,False,True,True,True,True,False,False,88,289,104,92,-0.02095986157655716,6414.626464843989,0.01075882654725633,119,136,True
0.0675,0.15999999999999998,0.019999999999999962,False,True,True,True,True,False,False,76,253,87,75,-0.02095986157655716,5005.142089843936,0.002823156928758122,98,116,True
0.0675,0.18,0.019999999999999962,False,True,True,True,True,False,False,92,285,110,98,-0.02095986157655716,7453.641601562778,0.009002632927291728,127,122,True
0.0675,0.2,0.019999999999999962,False,True,True,True,True,False,False,78,231,78,74,-0.02095986157655716,7273.991699218808,0.014685747023727293,116,191,True
0.0675,0.22000000000000003,0.019999999999999962,False,True,True,True,True,False,False,68,215,78,72,-0.02095986157655716,6150.155273437729,0.013807383238309408,93,153,True
0.0675,0.24000000000000005,0.019999999999999962,False,True,True,True,True,False,False,56,179,80,75,-0.02095986157655716,7478.66894531256,0.014525235615588822,72,109,True
0.0675,0.26000000000000006,0.019999999999999962,True,False,True,True,True,True,False,49,159,67,57,-0.020959876477718353,8006.963809842407,0.028951814542933753,57,96,True
0.0675,0.2800000000000001,0.019999999999999962,True,False,True,True,True,True,False,46,148,57,53,-0.020959876477718353,4831.29882812518,0.04045995986511885,54,85,True
0.0675,0.3,0.019999999999999962,True,False,True,True,True,True,False,47,152,63,55,-0.020959876477718353,7314.846191406523,0.039437990213556734,57,86,True
0.0675,0.32,0.019999999999999962,True,False,True,True,True,True,False,37,135,56,52,-0.015421509742736816,7998.154785156314,0.016454835001909012,43,56,True
0.0675,0.34,0.019999999999999962,True,False,False,False,False,False,False,16,55,0,0,0.004426747560501099,0.0,1.4901161193847656e-08,16,0,False
0.0675,0.36000000000000004,0.019999999999999962,True,False,False,False,False,False,False,0,0,0,0,,0.0,1.4901161193847656e-08,0,0,False
0.0675,0.38000000000000006,0.019999999999999962,True,False,False,False,False,False,False,0,0,0,0,,0.0,1.4901161193847656e-08,0,0,False
0.0675,0.4000000000000001,0.019999999999999962,True,False,False,False,False,False,False,0,0,0,0,,0.0,1.4901161193847656e-08,0,0,False
0.0675,0.42,0.019999999999999962,True,False,False,False,False,False,False,0,0,0,0,,0.0,1.4901161193847656e-08,0,0,False
0.0675,-0.42,0.03999999999999998,True,False,False,False,False,False,False,0,0,0,0,,0.0,1.4901161193847656e-08,0,0,False
0.0675,-0.39999999999999997,0.03999999999999998,True,False,False,False,False,False,False,0,0,0,0,,0.0,1.4901161193847656e-08,0,0,False
0.0675,-0.38,0.03999999999999998,True,False,False,False,False,False,False,0,0,0,0,,0.0,1.4901161193847656e-08,0,0,False
0.0675,-0.36,0.03999999999999998,True,False,False,False,False,False,False,0,0,0,0,,0.0,1.4901161193847656e-08,0,0,False
0.0675,-0.33999999999999997,0.03999999999999998,True,False,False,False,False,False,False,18,65,0,0,0.006578236818313599,0.0,1.4901161193847656e-08,21,0,False
0.0675,-0.31999999999999995,0.03999999999999998,True,False,True,True,True,True,False,32,121,62,49,-0.013416588306427002,5717.006835937546,0.07441284885939257,50,78,True
0.0675,-0.3,0.03999999999999998,True,False,True,True,True,True,False,43,154,74,48,-0.020959816873073578,5225.732910156292,0.013486302773192795,69,104,True
0.0675,-0.27999999999999997,0.03999999999999998,True,False,True,True,True,True,False,42,153,69,61,-0.020959816873073578,5383.759277343951,0.05366671591277376,66,101,True
0.0675,-0.26,0.03999999999999998,True,False,True,True,True,True,False,43,155,75,60,-0.020959816873073578,7061.17277576457,0.026376182612514967,66,97,True
0.0675,-0.24,0.03999999999999998,False,True,True,True,True,False,False,48,173,82,73,-0.02095983177423477,6092.5288085939765,0.02249146800184602,76,126,True
0.0675,-0.21999999999999997,0.03999999999999998,False,True,True,True,True,False,False,53,192,82,72,-0.02095983177423477,7251.390136718808,0.009811065987564243,84,136,True
0.0675,-0.19999999999999998,0.03999999999999998,False,True,True,True,True,False,False,60,214,85,75,-0.02095983177423477,6968.75878906276,0.005619228457198707,97,137,True
0.0675,-0.18,0.03999999999999998,False,True,True,True,True,False,False,58,213,86,76,-0.02095983177423477,7319.634574878453,0.005199044663732924,116,127,True
0.0675,-0.15999999999999998,0.03999999999999998,False,True,True,True,True,False,False,55,204,74,64,-0.02095983177423477,6059.170410156438,0.006490973858794904,114,180,True
0.0675,-0.13999999999999996,0.03999999999999998,False,True,True,True,True,False,False,67,231,74,64,-0.02095983177423477,5443.723144531453,0.013925500245745584,122,143,True
0.0675,-0.12,0.03999999999999998,False,True,True,True,True,False,False,78,281,112,96,-0.020959846675395966,6381.589843750238,0.012435771286652693,136,166,True
0.0675,-0.09999999999999998,0.03999999999999998,False,True,True,True,True,False,False,79,295,135,123,-0.020959846675395966,9048.706475578601,0.015081581194342171,141,216,True
0.0675,-0.07999999999999996,0.03999999999999998,False,True,True,True,True,False,False,72,276,113,101,-0.020959846675395966,7322.056640625273,0.00876697112848381,133,201,True
0.0675,-0.06,0.03999999999999998,False,True,True,True,True,False,False,66,250,110,98,-0.020959846675395966,8828.90039062533,0.01126121055202632,120,194,True
0.0675,-0.03999999999999998,0.03999999999999998,False,True,True,True,True,False,False,63,242,106,94,-0.020959846675395966,6396.342285156488,0.016944015003028688,130,164,True
0.0675,-0.019999999999999962,0.03999999999999998,False,True,True,True,True,False,False,67,251,106,94,-0.020959846675395966,9010.921875000337,0.013753275166301308,123,233,True
0.0675,0.0,0.03999999999999998,False,True,True,True,True,False,False,75,271,106,94,-0.02095986157655716,6014.438964843975,0.010966932372367476,124,195,True
0.0675,0.020000000000000018,0.03999999999999998,False,True,True,True,True,False,False,73,269,106,94,-0.02095986157655716,6033.937988281475,0.01654624861932119,114,150,True
0.0675,0.040000000000000036,0.03999999999999998,False,True,True,True,True,False,False,72,271,106,94,-0.02095986157655716,7644.354003906535,0.0128173367538905,128,167,True
0.0675,0.06,0.03999999999999998,False,True,True,True,True,False,False,75,282,110,98,-0.02095986157655716,6661.717285156498,0.01871023005128217,131,244,True
0.0675,0.08000000000000002,0.03999999999999998,False,True,True,True,True,False,False,82,312,114,98,-0.02095986157655716,6285.013183593984,0.004496734000750464,138,205,True
0.0675,0.10000000000000003,0.03999999999999998,False,True,True,True,True,False,False,80,296,137,125,-0.020959846675395966,9037.864303261009,0.007426270297089257,133,204,True
0.0675,0.12000000000000005,0.03999999999999998,False,True,True,True,True,False,False,81,292,119,100,-0.020959846675395966,6189.57812500023,0.004938663719468613,122,177,True
0.0675,0.14000000000000007,0.03999999999999998,False,True,True,True,True,False,False,72,249,80,74,-0.020959846675395966,6026.168945312725,0.005420887115786645,111,130,True
0.0675,0.15999999999999998,0.03999999999999998,False,True,True,True,True,False,False,58,214,80,74,-0.02095986157655716,6568.861816406495,0.015247368269273675,102,131,True
0.0675,0.18,0.03999999999999998,False,True,True,True,True,False,False,61,225,97,91,-0.02095986157655716,6610.3012695314965,0.007091144997575368,121,127,True
0.0675,0.2,0.03999999999999998,False,True,True,True,True,False,False,64,221,92,86,-0.02095986157655716,7169.846679687723,0.010881864870150075,114,173,True
0.0675,0.22000000000000003,0.03999999999999998,False,True,True,True,True,False,False,56,205,92,84,-0.02095986157655716,7977.087890625247,0.009201298460062887,93,135,True
0.0675,0.24000000000000005,0.03999999999999998,False,True,True,True,True,False,False,54,192,95,87,-0.02095986157655716,8941.238281250278,0.012560111594602638,76,116,True
0.0675,0.26000000000000006,0.03999999999999998,True,False,True,True,True,True,False,47,165,84,74,-0.02095986157655716,5519.752441406456,0.010283360734440649,62,105,True
0.0675,0.2800000000000001,0.03999999999999998,True,False,True,True,True,True,False,42,152,74,70,-0.020959876477718353,6719.374023437751,0.04737921823111529,56,98,True
0.0675,0.3,0.03999999999999998,True,False,True,True,True,True,False,47,166,77,69,-0.020959876477718353,4842.78125000018,0.04862230701439703,60,96,True
0.0675,0.32,0.03999999999999998,True,False,True,True,True,True,False,43,153,64,58,-0.015421509742736816,6862.596679687555,0.0914454255806384,50,64,True
0.0675,0.34,0.03999999999999998,True,False,False,False,False,False,False,17,59,0,0,0.004426747560501099,0.0,1.4901161193847656e-08,17,0,False
0.0675,0.36000000000000004,0.03999999999999998,True,False,False,False,False,False,False,0,0,0,0,,0.0,1.4901161193847656e-08,0,0,False
0.0675,0.38000000000000006,0.03999999999999998,True,False,False,False,False,False,False,0,0,0,0,,0.0,1.4901161193847656e-08,0,0,False
0.0675,0.4000000000000001,0.03999999999999998,True,False,False,False,False,False,False,0,0,0,0,,0.0,1.4901161193847656e-08,0,0,False
0.0675,0.42,0.03999999999999998,True,False,False,False,False,False,False,0,0,0,0,,0.0,1.4901161193847656e-08,0,0,False
0.0675,-0.42,0.06,True,False,False,False,False,False,False,0,0,0,0,,0.0,1.4901161193847656e-08,0,0,False
0.0675,-0.39999999999999997,0.06,True,False,False,False,False,False,False,0,0,0,0,,0.0,1.4901161193847656e-08,0,0,False
0.0675,-0.38,0.06,True,False,False,False,False,False,False,0,0,0,0,,0.0,1.4901161193847656e-08,0,0,False
0.0675,-0.36,0.06,True,False,False,False,False,False,False,0,0,0,0,,0.0,1.4901161193847656e-08,0,0,False
0.0675,-0.33999999999999997,0.06,True,False,False,False,False,False,False,17,62,0,0,0.006578236818313599,0.0,1.4901161193847656e-08,19,0,False
0.0675,-0.31999999999999995,0.06,True,False,True,True,True,True,False,33,123,60,52,-0.01332758367061615,6877.5113297995185,0.05634516972791901,49,76,True
0.0675,-0.3,0.06,True,False,True,True,True,True,False,42,140,56,44,-0.020959816873073578,6131.549804687728,0.029954013029255256,69,87,True
0.0675,-0.27999999999999997,0.06,True,False,True,True,True,True,False,40,131,49,41,-0.020959816873073578,5446.612792968953,0.06329629595540269,66,81,True
0.0675,-0.26,0.06,True,False,True,True,True,True,False,43,150,52,34,-0.020959816873073578,4722.115418446537,0.0487168855522945,70,75,True
0.0675,-0.24,0.06,False,True,True,True,True,False,False,47,169,71,57,-0.020959816873073578,6123.448730468978,0.027276836538412196,76,123,True
0.0675,-0.21999999999999997,0.06,False,True,True,True,True,False,False,53,182,73,64,-0.02095983177423477,7289.695312500272,0.01805076630971173,84,124,True
0.0675,-0.19999999999999998,0.06,False,True,True,True,True,False,False,58,192,82,63,-0.02095983177423477,7367.234375000275,0.007474676537880109,97,122,True
0.0675,-0.18,0.06,False,True,True,True,True,False,False,56,199,86,72,-0.02095983177423477,5259.505859375042,0.005752304394282148,111,124,True
0.0675,-0.15999999999999998,0.06,False,True,True,True,True,False,False,53,185,66,53,-0.02095983177423477,6755.124023437752,0.01687359274572552,114,166,True
0.0675,-0.13999999999999996,0.06,False,True,True,True,True,False,False,64,198,66,49,-0.02095983177423477,3917.674072265771,0.012557104713268366,120,140,True
0.0675,-0.12,0.06,False,True,True,True,True,False,False,78,267,91,67,-0.02095983177423477,5408.167480468952,0.004112679049637996,139,144,True
0.0675,-0.09999999999999998,0.06,False,True,True,True,True,False,False,79,285,121,96,-0.020959846675395966,9769.998298004719,0.010304158895883039,143,194,True
0.0675,-0.07999999999999996,0.06,False,True,True,True,True,False,False,70,259,102,77,-0.020959846675395966,8512.287109375318,0.012575773389947444,135,188,True
0.0675,-0.06,0.06,False,True,True,True,True,False,False,66,240,102,77,-0.020959846675395966,6215.248535156482,0.011964819154681764,123,192,True
0.0675,-0.03999999999999998,0.06,False,True,True,True,True,False,False,62,226,98,73,-0.020959846675395966,9015.934570312837,0.006316150696292025,131,155,True
0.0675,-0.019999999999999962,0.06,False,True,True,True,True,False,False,61,223,98,73,-0.020959846675395966,7528.87695312528,0.013618964546404598,122,217,True
0.0675,0.0,0.06,False,True,True,True,True,False,False,61,223,98,73,-0.020959846675395966,9429.435546875351,0.002143606042308013,121,176,True
0.0675,0.020000000000000018,0.06,False,True,True,True,True,False,False,61,223,98,73,-0.020959846675395966,7556.393066406532,0.013414667252070411,109,143,True
0.0675,0.040000000000000036,0.06,False,True,True,True,True,False,False,63,231,98,73,-0.02095986157655716,6166.028320312729,0.011107707271514715,129,159,True
0.0675,0.06,0.06,False,True,True,True,True,False,False,66,240,106,81,-0.02095986157655716,5580.599121093958,0.014276703908401741,129,224,True
0.0675,0.08000000000000002,0.06,False,True,True,True,True,False,False,71,263,106,81,-0.02095986157655716,6573.789550781495,0.006306607130323565,129,193,True
0.0675,0.10000000000000003,0.06,False,True,True,True,True,False,False,77,277,126,101,-0.020959846675395966,8699.925781250324,0.01030141803770761,129,190,True
0.0675,0.12000000000000005,0.06,False,True,True,True,True,False,False,77,268,95,61,-0.020959846675395966,5285.104003906447,0.003761360463560646,116,149,True
0.0675,0.14000000000000007,0.06,False,True,True,True,True,False,False,68,217,75,57,-0.020959846675395966,5187.320312500194,0.007484100468790225,101,118,True
0.0675,0.15999999999999998,0.06,False,True,True,True,True,False,False,55,198,76,59,-0.020959846675395966,6851.50957466833,0.0145203102104527,85,110,True
0.0675,0.18,0.06,False,True,True,True,True,False,False,58,209,95,77,-0.02095986157655716,6292.900390625235,0.0033768349292133356,105,122,True
0.0675,0.2,0.06,False,True,True,True,True,False,False,61,207,98,80,-0.02095986157655716,5310.372070312543,0.009231141552153892,102,177,True
0.0675,0.22000000000000003,0.06,False,True,True,True,True,False,False,57,202,89,73,-0.02095986157655716,7561.653808593811,0.019908311891735312,87,132,True
0.0675,0.24000000000000005,0.06,False,True,True,True,True,False,False,51,183,82,67,-0.02095986157655716,5856.359863281296,0.01419293977600732,68,103,True
0.0675,0.26000000000000006,0.06,True,False,True,True,True,True,False,47,157,60,43,-0.02095986157655716,7817.533203125292,0.02293349532163284,58,81,True
0.0675,0.2800000000000001,0.06,True,False,True,True,True,True,False,41,143,56,44,-0.02095986157655716,6144.369219292949,0.0217802051817091,52,80,True
0.0675,0.3,0.06,True,False,True,True,True,True,False,47,156,59,43,-0.02095986157655716,5532.9174804689565,0.013009251803296838,57,78,True
0.0675,0.32,0.06,True,False,True,True,True,True,False,43,140,59,47,-0.015421509742736816,7357.314941406309,0.05911423878091442,49,59,True
0.0675,0.34,0.06,True,False,False,False,False,False,False,19,60,0,0,0.004426747560501099,0.0,1.4901161193847656e-08,19,0,False
0.0675,0.36000000000000004,0.06,True,False,False,False,False,False,False,0,0,0,0,,0.0,1.4901161193847656e-08,0,0,False
0.0675,0.38000000000000006,0.06,True,False,False,False,False,False,False,0,0,0,0,,0.0,1.4901161193847656e-08,0,0,False
0.0675,0.4000000000000001,0.06,True,False,False,False,False,False,False,0,0,0,0,,0.0,1.4901161193847656e-08,0,0,False
0.0675,0.42,0.06,True,False,False,False,False,False,False,0,0,0,0,,0.0,1.4901161193847656e-08,0,0,False
0.0675,-0.42,0.07999999999999996,True,False,False,False,False,False,False,0,0,0,0,,0.0,1.4901161193847656e-08,0,0,False
0.0675,-0.39999999999999997,0.07999999999999996,True,False,False,False,False,False,False,0,0,0,0,,0.0,1.4901161193847656e-08,0,0,False
0.0675,-0.38,0.07999999999999996,True,False,False,False,False,False,False,0,0,0,0,,0.0,1.4901161193847656e-08,0,0,False
0.0675,-0.36,0.07999999999999996,True,False,False,False,False,False,False,0,0,0,0,,0.0,1.4901161193847656e-08,0,0,False
0.0675,-0.33999999999999997,0.07999999999999996,True,False,False,False,False,False,False,12,45,0,0,0.006578236818313599,0.0,1.4901161193847656e-08,12,0,False
0.0675,-0.31999999999999995,0.07999999999999996,True,False,True,True,True,True,False,26,92,44,40,-0.01332758367061615,5742.448554799636,0.032982720966497375,26,44,True
0.0675,-0.3,0.07999999999999996,True,False,True,True,True,True,False,26,90,44,36,-0.020959801971912384,8443.286132812815,0.02494950905426261,26,44,True
0.0675,-0.27999999999999997,0.07999999999999996,True,False,True,True,True,True,False,23,78,37,33,-0.020959801971912384,8957.974609375333,0.0682623288053643,23,37,True
0.0675,-0.26,0.07999999999999996,True,False,True,True,True,True,False,24,85,39,29,-0.020959816873073578,6866.1538085940065,0.05088836753701661,25,39,True
0.0675,-0.24,0.07999999999999996,False,True,True,True,True,False,False,31,113,42,38,-0.020959816873073578,7591.644042969033,0.04667594836880014,32,42,True
0.0675,-0.21999999999999997,0.07999999999999996,False,True,True,True,True,False,False,36,119,56,50,-0.020959816873073578,7404.3427734377765,0.023963360340143822,38,56,True
0.0675,-0.19999999999999998,0.07999999999999996,False,True,True,True,True,False,False,41,135,61,51,-0.025854818522930145,7519.31591796903,0.0166272121363386,43,61,True
0.0675,-0.18,0.07999999999999996,False,True,True,True,True,False,False,40,136,55,48,-0.02585480362176895,9381.10644531285,0.016383933381405095,58,55,True
0.0675,-0.15999999999999998,0.07999999999999996,False,True,True,True,True,False,False,35,119,46,40,-0.02585480362176895,6783.822265625211,0.012448196422653157,64,93,True
0.0675,-0.13999999999999996,0.07999999999999996,False,True,True,True,True,False,False,41,133,44,36,-0.02585480362176895,7083.127441406514,0.005750509646668814,69,81,True
0.0675,-0.12,0.07999999999999996,False,True,True,True,True,False,False,55,179,64,58,-0.02585480362176895,7786.120117187742,0.011633663368609519,74,86,True
0.0675,-0.09999999999999998,0.07999999999999996,False,True,True,True,True,False,False,55,192,89,81,-0.02585480362176895,9623.97843024135,0.012337704521829152,78,117,True
0.0675,-0.07999999999999996,0.07999999999999996,False,True,True,True,True,False,False,50,178,74,70,-0.02585480362176895,10160.229492187878,0.015263155474863238,81,121,True
0.0675,-0.06,0.07999999999999996,False,True,True,True,True,False,False,46,163,74,70,-0.02585480362176895,8468.791015625317,0.015019513928241489,86,124,True
0.0675,-0.03999999999999998,0.07999999999999996,False,True,True,True,True,False,False,45,159,70,66,-0.02585480362176895,8532.409179687818,0.01605654755231679,104,108,True
0.0675,-0.019999999999999962,0.07999999999999996,False,True,True,True,True,False,False,43,154,70,66,-0.02585480362176895,8779.130859375327,0.015275344320799038,97,186,True
0.0675,0.0,0.07999999999999996,False,True,True,True,True,False,False,43,154,70,66,-0.02585480362176895,8509.054687500317,0.01073086914960112,98,152,True
0.0675,0.020000000000000018,0.07999999999999996,False,True,True,True,True,False,False,43,154,70,66,-0.02585480362176895,7440.336425781527,0.015099605669075996,95,127,True
0.0675,0.040000000000000036,0.07999999999999996,False,True,True,True,True,False,False,44,158,70,66,-0.02585480362176895,7350.120605469024,0.01863280989284403,112,143,True
0.0675,0.06,0.07999999999999996,False,True,True,True,True,False,False,46,163,74,70,-0.02585480362176895,9187.627929687842,0.020321673815056788,108,195,True
0.0675,0.08000000000000002,0.07999999999999996,False,True,True,True,True,False,False,50,179,74,70,-0.02585480362176895,9081.934570312838,0.011298130604030572,109,165,True
0.0675,0.10000000000000003,0.07999999999999996,False,True,True,True,True,False,False,55,190,90,86,-0.02585480362176895,8950.752929687835,0.005371909344794168,106,154,True
0.0675,0.12000000000000005,0.07999999999999996,False,True,True,True,True,False,False,52,182,67,56,-0.02585480362176895,8011.040527344048,0.0126045740743701,89,122,True
0.0675,0.14000000000000007,0.07999999999999996,False,True,True,True,True,False,False,43,145,49,47,-0.02585480362176895,7780.24804687529,0.01430565405758173,74,93,True
0.0675,0.15999999999999998,0.07999999999999996,False,True,True,True,True,False,False,41,135,52,51,-0.02585480362176895,6860.435058593963,0.010532504616909962,68,87,True
0.0675,0.18,0.07999999999999996,False,True,True,True,True,False,False,44,151,62,59,-0.025854788720607758,8010.253417969048,0.01781750181619015,90,89,True
0.0675,0.2,0.07999999999999996,False,True,True,True,True,False,False,46,151,69,65,-0.025853551924228668,8814.65234375033,0.005820002941419857,82,132,True
0.0675,0.22000000000000003,0.07999999999999996,False,True,True,True,True,False,False,42,142,70,63,-0.020959846675395966,6125.447753906478,0.008960135633982244,66,105,True
0.0675,0.24000000000000005,0.07999999999999996,False,True,True,True,True,False,False,38,131,54,52,-0.020959846675395966,6666.959960937748,0.012557531125405383,51,71,True
0.0675,0.26000000000000006,0.07999999999999996,True,False,True,True,True,True,False,31,106,45,42,-0.020959846675395966,9327.781250000347,0.0633305454433844,40,62,True
0.0675,0.2800000000000001,0.07999999999999996,True,False,True,True,True,True,False,28,94,44,44,-0.020959846675395966,9360.17578125035,0.030400849761190726,37,64,True
0.0675,0.3,0.07999999999999996,True,False,True,True,True,True,False,33,109,47,43,-0.020959846675395966,9694.804687500362,0.02611955551531935,40,62,True
0.0675,0.32,0.07999999999999996,True,False,True,True,True,True,False,32,109,44,44,-0.015421509742736816,8332.218509175767,0.01612536704357909,36,44,True
0.0675,0.34,0.07999999999999996,True,False,False,False,False,False,False,15,47,0,0,0.004426747560501099,0.0,1.4901161193847656e-08,15,0,False
0.0675,0.36000000000000004,0.07999999999999996,True,False,False,False,False,False,False,0,0,0,0,,0.0,1.4901161193847656e-08,0,0,False
0.0675,0.38000000000000006,0.07999999999999996,True,False,False,False,False,False,False,0,0,0,0,,0.0,1.4901161193847656e-08,0,0,False
0.0675,0.4000000000000001,0.07999999999999996,True,False,False,False,False,False,False,0,0,0,0,,0.0,1.4901161193847656e-08,0,0,False
0.0675,0.42,0.07999999999999996,True,False,False,False,False,False,False,0,0,0,0,,0.0,1.4901161193847656e-08,0,0,False
0.0675,-0.42,0.09999999999999998,True,False,False,False,False,False,False,0,0,0,0,,0.0,1.4901161193847656e-08,0,0,False
0.0675,-0.39999999999999997,0.09999999999999998,True,False,False,False,False,False,False,0,0,0,0,,0.0,1.4901161193847656e-08,0,0,False
0.0675,-0.38,0.09999999999999998,True,False,False,False,False,False,False,0,0,0,0,,0.0,1.4901161193847656e-08,0,0,False
0.0675,-0.36,0.09999999999999998,True,False,False,False,False,False,False,0,0,0,0,,0.0,1.4901161193847656e-08,0,0,False
0.0675,-0.33999999999999997,0.09999999999999998,True,False,False,False,False,False,False,13,46,0,0,0.006578236818313599,0.0,1.4901161193847656e-08,13,0,False
0.0675,-0.31999999999999995,0.09999999999999998,True,False,True,True,True,True,False,21,80,43,39,-0.01332758367061615,6465.096485603852,0.0027356265436852263,21,43,True
0.0675,-0.3,0.09999999999999998,True,False,True,True,True,True,False,22,83,44,36,-0.020959801971912384,5305.825683593947,0.009634465435684848,22,44,True
0.0675,-0.27999999999999997,0.09999999999999998,True,False,True,True,True,True,False,20,72,37,33,-0.020959801971912384,9606.598632812858,0.047593785835251694,20,37,True
0.0675,-0.26,0.09999999999999998,True,False,True,True,True,True,False,19,71,39,29,-0.020959801971912384,5576.210422915679,0.03775808763055034,19,39,True
0.0675,-0.24,0.09999999999999998,False,True,True,True,True,False,False,23,89,42,38,-0.020959816873073578,7539.31738281256,0.025329159375281147,23,42,True
0.0675,-0.21999999999999997,0.09999999999999998,False,True,True,True,True,False,False,30,103,54,50,-0.020959816873073578,5296.991699218947,0.014307331342426417,30,54,True
0.0675,-0.19999999999999998,0.09999999999999998,False,True,True,True,True,False,False,33,112,57,53,-0.02664169669151306,8715.44238281257,0.006151065669923683,33,57,True
0.0675,-0.18,0.09999999999999998,False,True,True,True,True,False,False,30,107,54,50,-0.04191191494464874,9348.714843750075,0.0684458588321677,46,54,True
0.0675,-0.15999999999999998,0.09999999999999998,False,True,True,True,True,False,False,26,96,45,41,-0.04191191494464874,6539.221191406494,0.04502126156901441,55,87,True
0.0675,-0.13999999999999996,0.09999999999999998,False,True,True,True,True,False,False,33,111,45,37,-0.04191191494464874,5482.891601562705,0.02443478801388068,60,83,True
0.0675,-0.12,0.09999999999999998,False,True,True,True,True,False,False,42,150,65,59,-0.04191191494464874,6609.1181640627465,0.016522974439808026,63,92,True
0.0675,-0.09999999999999998,0.09999999999999998,False,True,True,True,True,False,False,42,161,90,82,-0.04191192239522934,10110.390190269005,0.012574828651402662,67,123,True
0.0675,-0.07999999999999996,0.09999999999999998,False,True,True,True,True,False,False,39,152,75,71,-0.04191192239522934,9184.498046875342,0.013059725213833527,71,134,True
0.0675,-0.06,0.09999999999999998,False,True,True,True,True,False,False,35,137,75,71,-0.04191192239522934,7645.854980469035,0.00951708040947172,75,135,True
0.0675,-0.03999999999999998,0.09999999999999998,False,True,True,True,True,False,False,34,133,71,67,-0.04191192239522934,9056.051757812837,0.01288378967756987,88,116,True
0.0675,-0.019999999999999962,0.09999999999999998,False,True,True,True,True,False,False,33,129,71,67,-0.04191192239522934,9554.418945312857,0.009188443325476728,86,180,True
0.0675,0.0,0.09999999999999998,False,True,True,True,True,False,False,33,129,71,67,-0.04191192239522934,9814.445312500366,0.01766992538931753,87,153,True
0.0675,0.020000000000000018,0.09999999999999998,False,True,True,True,True,False,False,33,129,71,67,-0.04191192239522934,7061.292968750219,0.01030951472303152,86,120,True
0.0675,0.040000000000000036,0.09999999999999998,False,True,True,True,True,False,False,34,133,71,67,-0.04191192239522934,7067.15429687522,0.0055593840418688536,104,137,True
0.0675,0.06,0.09999999999999998,False,True,True,True,True,False,False,35,137,75,71,-0.04191192239522934,8254.254882812807,0.01693182621238573,102,199,True
0.0675,0.08000000000000002,0.09999999999999998,False,True,True,True,True,False,False,39,153,75,71,-0.041911929845809937,7796.91503906279,0.022289824997361846,103,157,True
0.0675,0.10000000000000003,0.09999999999999998,False,True,True,True,True,False,False,42,159,91,87,-0.041911929845809937,9712.687224326333,0.017636162707046796,97,158,True
0.0675,0.12000000000000005,0.09999999999999998,False,True,True,True,True,False,False,40,152,67,57,-0.041911929845809937,6820.419921875254,0.020285504611099885,83,129,True
0.0675,0.14000000000000007,0.09999999999999998,False,True,True,True,True,False,False,33,118,48,48,-0.041911929845809937,7776.54882812529,0.021153897900817623,70,100,True
0.0675,0.15999999999999998,0.09999999999999998,False,True,True,True,True,False,False,29,106,52,52,-0.041911929845809937,7441.246454930097,0.04784915919402658,62,95,True
0.0675,0.18,0.09999999999999998,False,True,True,True,True,False,False,32,118,61,61,-0.041911929845809937,10239.887695312882,0.013335226712190075,80,96,True
0.0675,0.2,0.09999999999999998,False,True,True,True,True,False,False,35,120,65,65,-0.0287797749042511,7461.757324219028,0.025938034289955596,75,132,True
0.0675,0.22000000000000003,0.09999999999999998,False,True,True,True,True,False,False,33,119,65,63,-0.020959846675395966,5716.736328125046,0.022426643494133584,60,100,True
0.0675,0.24000000000000005,0.09999999999999998,False,True,True,True,True,False,False,28,104,52,52,-0.020959846675395966,5906.72119140647,0.028892777929199157,43,69,True
0.0675,0.26000000000000006,0.09999999999999998,True,False,True,True,True,True,False,23,86,45,42,-0.020959846675395966,6821.733516676577,0.013532808800308849,34,62,True
0.0675,0.2800000000000001,0.09999999999999998,True,False,True,True,True,True,False,23,83,44,44,-0.020959846675395966,7534.437500000281,0.03874523336072138,34,64,True
0.0675,0.3,0.09999999999999998,True,False,True,True,True,True,False,27,97,47,43,-0.020959846675395966,5328.747070312698,0.01715193915725522,36,62,True
0.0675,0.32,0.09999999999999998,True,False,True,True,True,True,False,25,92,43,43,-0.015421509742736816,5738.042480468796,0.041794605320365726,29,43,True
0.0675,0.34,0.09999999999999998,True,False,False,False,False,False,False,14,46,0,0,0.004426747560501099,0.0,1.4901161193847656e-08,14,0,False
0.0675,0.36000000000000004,0.09999999999999998,True,False,False,False,False,False,False,0,0,0,0,,0.0,1.4901161193847656e-08,0,0,False
0.0675,0.38000000000000006,0.09999999999999998,True,False,False,False,False,False,False,0,0,0,0,,0.0,1.4901161193847656e-08,0,0,False
0.0675,0.4000000000000001,0.09999999999999998,True,False,False,False,False,False,False,0,0,0,0,,0.0,1.4901161193847656e-08,0,0,False
0.0675,0.42,0.09999999999999998,True,False,False,False,False,False,False,0,0,0,0,,0.0,1.4901161193847656e-08,0,0,False
0.0675,-0.42,0.12,True,False,False,False,False,False,False,0,0,0,0,,0.0,1.4901161193847656e-08,0,0,False
0.0675,-0.39999999999999997,0.12,True,False,False,False,False,False,False,0,0,0,0,,0.0,1.4901161193847656e-08,0,0,False
0.0675,-0.38,0.12,True,False,False,False,False,False,False,0,0,0,0,,0.0,1.4901161193847656e-08,0,0,False
0.0675,-0.36,0.12,True,False,False,False,False,False,False,0,0,0,0,,0.0,1.4901161193847656e-08,0,0,False
0.0675,-0.33999999999999997,0.12,True,False,False,False,False,False,False,12,39,0,0,0.006578236818313599,0.0,1.4901161193847656e-08,12,0,False
0.0675,-0.31999999999999995,0.12,True,False,True,True,True,True,False,21,78,36,32,-0.01332758367061615,3928.8793945313964,0.03253856316458422,21,36,True
0.0675,-0.3,0.12,True,False,True,True,True,True,False,22,77,40,32,-0.020959801971912384,2979.0107421875923,0.015190792795223493,22,40,True
0.0675,-0.27999999999999997,0.12,True,False,True,True,True,True,False,20,69,33,29,-0.020959801971912384,3668.868652343864,0.03886376347724288,20,33,True
0.0675,-0.26,0.12,True,False,True,True,True,True,False,19,68,33,25,-0.020959801971912384,3089.57055664074,0.026309839184750508,19,33,True
0.0675,-0.24,0.12,False,True,True,True,True,False,False,23,85,38,34,-0.020959801971912384,7614.545898437784,0.030605832069755447,23,38,True
0.0675,-0.21999999999999997,0.12,False,True,True,True,True,False,False,28,100,49,45,-0.020959801971912384,6060.178222656476,0.021438413060094377,28,49,True
0.0675,-0.19999999999999998,0.12,False,True,True,True,True,False,False,32,112,52,48,-0.025410160422325134,8389.112304687567,0.015626544475653793,32,52,True
0.0675,-0.18,0.12,False,True,True,True,True,False,False,30,109,50,46,-0.029120370745658875,6883.5595703127565,0.031334213820148595,46,50,True
0.0675,-0.15999999999999998,0.12,False,True,True,True,True,False,False,27,99,41,37,-0.02191191166639328,6039.822265625226,0.025060434671864095,56,83,True
0.0675,-0.13999999999999996,0.12,False,True,True,True,True,False,False,35,116,37,33,-0.02191191166639328,5648.4340820314255,0.019256177458814656,62,75,True
0.0675,-0.12,0.12,False,True,True,True,True,False,False,42,147,61,55,-0.02191191166639328,7201.406250000268,0.010371517782269324,64,84,True
0.0675,-0.09999999999999998,0.12,False,True,True,True,True,False,False,44,163,78,74,-0.021911919116973877,5017.57666015629,0.004819155785317119,70,109,True
0.0675,-0.07999999999999996,0.12,False,True,True,True,True,False,False,40,150,67,63,-0.021911919116973877,5832.818847656467,0.011111275491072771,71,125,True
0.0675,-0.06,0.12,False,True,True,True,True,False,False,37,139,67,63,-0.021911919116973877,6893.0834960940065,0.013520291774195984,77,112,True
0.0675,-0.03999999999999998,0.12,False,True,True,True,True,False,False,36,135,63,59,-0.021911919116973877,6423.218261718989,0.0033819774924662327,90,101,True
0.0675,-0.019999999999999962,0.12,False,True,True,True,True,False,False,35,131,63,59,-0.021911919116973877,6444.96826171895,0.005309783989082071,91,167,True
0.0675,0.0,0.12,False,True,True,True,True,False,False,35,131,63,59,-0.021911919116973877,7527.678710937781,0.003084960961950617,88,127,True
0.0675,0.020000000000000018,0.12,False,True,True,True,True,False,False,35,131,63,59,-0.021911919116973877,5838.120117187717,0.006695610409682976,87,93,True
0.0675,0.040000000000000036,0.12,False,True,True,True,True,False,False,36,135,63,59,-0.021911919116973877,5507.295410156456,0.01566319702005759,94,100,True
0.0675,0.06,0.12,False,True,True,True,True,False,False,37,139,67,63,-0.021911919116973877,7136.4926757815165,0.012717372125764924,92,125,True
0.0675,0.08000000000000002,0.12,False,True,True,True,True,False,False,40,151,67,63,-0.021911926567554474,7225.715820312725,0.007614194132208779,88,105,True
0.0675,0.10000000000000003,0.12,False,True,True,True,True,False,False,44,161,79,75,-0.021911926567554474,7504.57031250028,0.021412959876147667,81,88,True
0.0675,0.12000000000000005,0.12,False,True,True,True,True,False,False,42,151,63,53,-0.021911926567554474,7172.442871094017,0.00950122887109632,81,68,True
0.0675,0.14000000000000007,0.12,False,True,True,True,True,False,False,35,123,44,44,-0.021911926567554474,6678.497070312749,0.018160245849086556,70,52,True
0.0675,0.15999999999999998,0.12,False,True,True,True,True,False,False,30,110,48,48,-0.021911926567554474,4796.527343750178,0.021846875653028286,61,56,True
0.0675,0.18,0.12,False,True,True,True,True,False,False,32,119,57,57,-0.02912038564682007,7417.0747070315265,0.009642094819779836,65,65,True
0.0675,0.2,0.12,False,True,True,True,True,False,False,35,121,60,60,-0.0275660902261734,6247.125488281444,0.014747977371267769,61,71,True
0.0675,0.22000000000000003,0.12,False,True,True,True,True,False,False,31,114,60,58,-0.02095983177423477,5976.239257812548,0.027665885780439353,52,68,True
0.0675,0.24000000000000005,0.12,False,True,True,True,True,False,False,28,100,48,48,-0.020959846675395966,7524.74316406256,0.02656811310391521,42,56,True
0.0675,0.26000000000000006,0.12,True,False,True,True,True,True,False,23,83,41,38,-0.020959846675395966,5745.591592322382,0.03958877661364518,34,49,True
0.0675,0.2800000000000001,0.12,True,False,True,True,True,True,False,23,80,40,40,-0.020959846675395966,3998.020996093899,0.02421747845560765,34,48,True
0.0675,0.3,0.12,True,False,True,True,True,True,False,26,90,43,39,-0.020959846675395966,2936.2500000001096,0.023328785712666524,35,44,True
0.0675,0.32,0.12,True,False,True,True,True,True,False,25,90,36,36,-0.015421509742736816,5878.423339843797,0.013634932913961399,27,36,True
0.0675,0.34,0.12,True,False,False,False,False,False,False,12,38,0,0,0.004426747560501099,0.0,1.4901161193847656e-08,12,0,False
0.0675,0.36000000000000004,0.12,True,False,False,False,False,False,False,0,0,0,0,,0.0,1.4901161193847656e-08,0,0,False
0.0675,0.38000000000000006,0.12,True,False,False,False,False,False,False,0,0,0,0,,0.0,1.4901161193847656e-08,0,0,False
0.0675,0.4000000000000001,0.12,True,False,False,False,False,False,False,0,0,0,0,,0.0,1.4901161193847656e-08,0,0,False
0.0675,0.42,0.12,True,False,False,False,False,False,False,0,0,0,0,,0.0,1.4901161193847656e-08,0,0,False
0.0675,-0.42,0.13999999999999996,True,False,False,False,False,False,False,0,0,0,0,,0.0,1.4901161193847656e-08,0,0,False
0.0675,-0.39999999999999997,0.13999999999999996,True,False,False,False,False,False,False,0,0,0,0,,0.0,1.4901161193847656e-08,0,0,False
0.0675,-0.38,0.13999999999999996,True,False,False,False,False,False,False,0,0,0,0,,0.0,1.4901161193847656e-08,0,0,False
0.0675,-0.36,0.13999999999999996,True,False,False,False,False,False,False,0,0,0,0,,0.0,1.4901161193847656e-08,0,0,False
0.0675,-0.33999999999999997,0.13999999999999996,True,False,False,False,False,False,False,10,37,0,0,0.006578236818313599,0.0,1.4901161193847656e-08,10,0,False
0.0675,-0.31999999999999995,0.13999999999999996,True,False,True,True,True,True,False,19,70,36,32,-0.01332758367061615,6822.868536824037,0.01412256421727312,19,36,True
0.0675,-0.3,0.13999999999999996,True,False,True,True,True,True,False,20,72,40,32,-0.020959801971912384,4977.7729492189355,0.029780855815501862,20,40,True
0.0675,-0.27999999999999997,0.13999999999999996,True,False,True,True,True,True,False,19,65,33,29,-0.020959801971912384,7341.871093750274,0.08198664443886894,19,33,True
0.0675,-0.26,0.13999999999999996,True,False,True,True,True,True,False,18,64,35,25,-0.020959801971912384,6903.159667969007,0.05731788666971138,18,35,True
0.0675,-0.24,0.13999999999999996,False,True,True,True,True,False,False,27,94,38,34,-0.020959801971912384,7483.67529296881,0.021290867349211047,27,38,True
0.0675,-0.21999999999999997,0.13999999999999996,False,True,True,True,True,False,False,33,116,54,42,-0.020959801971912384,5316.861328125198,0.009384809092512568,33,54,True
0.0675,-0.19999999999999998,0.13999999999999996,False,True,True,True,True,False,False,38,129,61,45,-0.020959801971912384,6682.825683593999,0.024466579659080254,38,61,True
0.0675,-0.18,0.13999999999999996,False,True,True,True,True,False,False,37,132,58,42,-0.020959816873073578,5314.208007812543,0.007139637722264605,54,58,True
0.0675,-0.15999999999999998,0.13999999999999996,False,True,True,True,True,False,False,33,121,49,33,-0.020959816873073578,5632.25000000021,0.014873499099116595,61,96,True
0.0675,-0.13999999999999996,0.13999999999999996,False,True,True,True,True,False,False,41,134,45,29,-0.020959816873073578,4509.367187500168,0.01750718382115567,70,82,True
0.0675,-0.12,0.13999999999999996,False,True,True,True,True,False,False,44,157,69,51,-0.020959816873073578,8580.62890625032,0.01682070132920052,65,96,True
0.0675,-0.09999999999999998,0.13999999999999996,False,True,True,True,True,False,False,46,166,86,70,-0.020959816873073578,9416.590820312576,0.01251171491229684,71,119,True
0.0675,-0.07999999999999996,0.13999999999999996,False,True,True,True,True,False,False,43,157,75,59,-0.020959816873073578,7343.147460937774,0.009646373616717711,75,134,True
0.0675,-0.06,0.13999999999999996,False,True,True,True,True,False,False,40,146,75,59,-0.02095983177423477,7736.384277344038,0.00404342482890643,80,134,True
0.0675,-0.03999999999999998,0.13999999999999996,False,True,True,True,True,False,False,39,142,71,55,-0.02095983177423477,6591.927246093996,0.006400847240857441,83,120,True
0.0675,-0.019999999999999962,0.13999999999999996,False,True,True,True,True,False,False,37,137,71,55,-0.02095983177423477,5574.000976562708,0.0037918250752257865,67,131,True
0.0675,0.0,0.13999999999999996,False,True,True,True,True,False,False,37,137,71,55,-0.02095983177423477,8087.278808594051,0.009435008106356588,63,111,True
0.0675,0.020000000000000018,0.13999999999999996,False,True,True,True,True,False,False,37,137,71,55,-0.02095983177423477,5948.940429687722,0.0060655314753130345,73,105,True
0.0675,0.040000000000000036,0.13999999999999996,False,True,True,True,True,False,False,38,141,71,55,-0.02095983177423477,7561.254882812782,0.01848064163073462,84,113,True
0.0675,0.06,0.13999999999999996,False,True,True,True,True,False,False,39,145,75,59,-0.020959846675395966,7073.404785156514,0.012191442944919426,77,140,True
0.0675,0.08000000000000002,0.13999999999999996,False,True,True,True,True,False,False,42,157,75,59,-0.020959846675395966,7983.654296875297,0.012961863517363491,71,99,True
0.0675,0.10000000000000003,0.13999999999999996,False,True,True,True,True,False,False,45,163,87,71,-0.020959816873073578,4700.4976539578865,0.007534286147628681,61,104,True
0.0675,0.12000000000000005,0.13999999999999996,False,True,True,True,True,False,False,43,159,71,49,-0.020959816873073578,7947.1103515627965,0.008210863403211154,56,88,True
0.0675,0.14000000000000007,0.13999999999999996,False,True,True,True,True,False,False,40,141,52,40,-0.02095983177423477,6668.296386718998,0.005959309622712353,56,72,True
0.0675,0.15999999999999998,0.13999999999999996,False,True,True,True,True,False,False,35,127,56,44,-0.02095983177423477,6772.443847656503,0.022993428072932358,44,71,True
0.0675,0.18,0.13999999999999996,False,True,True,True,True,False,False,39,143,65,53,-0.02095983177423477,5501.647949218956,0.010796648817439839,42,65,True
0.0675,0.2,0.13999999999999996,False,True,True,True,True,False,False,41,138,68,56,-0.02095983177423477,5473.864257812704,0.011454371824523328,41,68,True
0.0675,0.22000000000000003,0.13999999999999996,False,True,True,True,True,False,False,37,131,64,54,-0.02095983177423477,8332.197265625311,0.024490377161664124,37,64,True
0.0675,0.24000000000000005,0.13999999999999996,False,True,True,True,True,False,False,32,111,48,48,-0.02095983177423477,7010.081054687761,0.011182837192609669,32,48,True
0.0675,0.26000000000000006,0.13999999999999996,True,False,True,True,True,True,False,23,79,41,38,-0.020959846675395966,6493.490866868743,0.04112973391650219,23,41,True
0.0675,0.2800000000000001,0.13999999999999996,True,False,True,True,True,True,False,23,77,40,40,-0.020959846675395966,6950.355468750259,0.04317340340920066,23,40,True
0.0675,0.3,0.13999999999999996,True,False,True,True,True,True,False,25,86,43,39,-0.020959846675395966,7690.7558593752865,0.01824501401689905,25,43,True
0.0675,0.32,0.13999999999999996,True,False,True,True,True,True,False,24,83,36,36,-0.015421509742736816,5889.436861402028,0.018720087928512215,24,36,True
0.0675,0.34,0.13999999999999996,True,False,False,False,False,False,False,10,36,0,0,0.004426747560501099,0.0,1.4901161193847656e-08,10,0,False
0.0675,0.36000000000000004,0.13999999999999996,True,False,False,False,False,False,False,0,0,0,0,,0.0,1.4901161193847656e-08,0,0,False
0.0675,0.38000000000000006,0.13999999999999996,True,False,False,False,False,False,False,0,0,0,0,,0.0,1.4901161193847656e-08,0,0,False
0.0675,0.4000000000000001,0.13999999999999996,True,False,False,False,False,False,False,0,0,0,0,,0.0,1.4901161193847656e-08,0,0,False
0.0675,0.42,0.13999999999999996,True,False,False,False,False,False,False,0,0,0,0,,0.0,1.4901161193847656e-08,0,0,False
0.0675,-0.42,0.15999999999999998,True,False,False,False,False,False,False,0,0,0,0,,0.0,2.9802322387695312e-08,0,0,False
0.0675,-0.39999999999999997,0.15999999999999998,True,False,False,False,False,False,False,0,0,0,0,,0.0,2.9802322387695312e-08,0,0,False
0.0675,-0.38,0.15999999999999998,True,False,False,False,False,False,False,0,0,0,0,,0.0,2.9802322387695312e-08,0,0,False
0.0675,-0.36,0.15999999999999998,True,False,False,False,False,False,False,0,0,0,0,,0.0,2.9802322387695312e-08,0,0,False
0.0675,-0.33999999999999997,0.15999999999999998,True,False,False,False,False,False,False,13,43,0,0,0.006578236818313599,0.0,2.9802322387695312e-08,13,0,False
0.0675,-0.31999999999999995,0.15999999999999998,True,False,True,True,True,True,False,22,79,44,32,-0.01332758367061615,5825.300781250046,0.017977333490408635,22,44,True
0.0675,-0.3,0.15999999999999998,True,False,True,True,True,True,False,26,88,48,32,-0.007712244987487793,2522.79931640627,0.00239207544578238,26,48,True
0.0675,-0.27999999999999997,0.15999999999999998,True,False,True,True,True,True,False,25,87,41,29,-0.015837721526622772,4409.034843314196,0.04585748661790712,25,41,True
0.0675,-0.26,0.15999999999999998,True,False,True,True,True,True,False,29,100,41,25,-0.015896011143922806,5212.585131878951,0.030559483906012406,29,41,True
0.0675,-0.24,0.15999999999999998,False,True,True,True,True,False,False,33,110,49,35,-0.01705165207386017,5921.212890625047,0.03687429845069772,33,49,True
0.0675,-0.21999999999999997,0.15999999999999998,False,True,True,True,True,False,False,38,136,63,51,-0.015914835035800934,3982.3493652345237,0.0240394707114115,38,63,True
0.0675,-0.19999999999999998,0.15999999999999998,False,True,True,True,True,False,False,47,159,73,55,-0.015914835035800934,5318.758300781415,0.012281396796415673,47,73,True
0.0675,-0.18,0.15999999999999998,False,True,True,True,True,False,False,43,151,82,66,-0.015914835035800934,5154.04052734391,0.01191427990649407,54,82,True
0.0675,-0.15999999999999998,0.15999999999999998,False,True,True,True,True,False,False,39,142,70,50,-0.015892641618847847,3847.5600585938696,0.0062346408647967365,68,95,True
0.0675,-0.13999999999999996,0.15999999999999998,False,True,True,True,True,False,False,49,155,66,50,-0.015833422541618347,3931.7951660157473,0.016425992720900895,73,98,True
0.0675,-0.12,0.15999999999999998,False,True,True,True,True,False,False,58,198,82,66,-0.014960132539272308,4138.520019531378,0.010461274382382157,73,94,True
0.0675,-0.09999999999999998,0.15999999999999998,False,True,True,True,True,False,False,56,195,103,89,-0.014960125088691711,3643.2233886719882,0.008908696833511146,81,115,True
0.0675,-0.07999999999999996,0.15999999999999998,False,True,True,True,True,False,False,50,183,92,78,-0.014960125088691711,3440.498779296982,0.013369890437912143,74,104,True
0.0675,-0.06,0.15999999999999998,False,True,True,True,True,False,False,48,171,92,78,-0.014960125088691711,3466.3955078126073,0.002952202463469814,73,104,True
0.0675,-0.03999999999999998,0.15999999999999998,False,True,True,True,True,False,False,44,161,84,70,-0.014960125088691711,3543.49316406261,0.011429875307017156,73,91,True
0.0675,-0.019999999999999962,0.15999999999999998,False,True,True,True,True,False,False,42,153,84,70,-0.014960125088691711,3524.4760742188596,0.017710135004241692,69,89,True
0.0675,0.0,0.15999999999999998,False,True,True,True,True,False,False,42,153,84,70,-0.014960125088691711,3580.008789062611,0.014511512801392762,66,89,True
0.0675,0.020000000000000018,0.15999999999999998,False,True,True,True,True,False,False,42,153,84,70,-0.014960125088691711,3491.6350097657337,0.016242103573362903,71,86,True
0.0675,0.040000000000000036,0.15999999999999998,False,True,True,True,True,False,False,45,162,84,70,-0.014960125088691711,3361.9020996094796,0.023328745666468892,77,89,True
0.0675,0.06,0.15999999999999998,False,True,True,True,True,False,False,48,171,92,74,-0.014960125088691711,3266.0649414063514,0.024572667788421584,72,100,True
0.0675,0.08000000000000002,0.15999999999999998,False,True,True,True,True,False,False,50,184,92,74,-0.014960117638111115,4094.6347656251273,0.01686361760873325,66,92,True
0.0675,0.10000000000000003,0.15999999999999998,False,True,True,True,True,False,False,53,191,104,86,-0.014960117638111115,3531.9387207032346,0.01507747799998961,66,105,True
0.0675,0.12000000000000005,0.15999999999999998,False,True,True,True,True,False,False,53,179,80,64,-0.014960117638111115,3434.1354980469814,0.009330761282330777,64,80,True
0.0675,0.14000000000000007,0.15999999999999998,False,True,True,True,True,False,False,46,153,69,57,-0.015819311141967773,3930.1250940149525,0.017028607673756076,57,69,True
0.0675,0.15999999999999998,0.15999999999999998,False,True,True,True,True,False,False,44,153,71,61,-0.015877600759267807,4851.39550781265,0.00679257870478495,50,71,True
0.0675,0.18,0.15999999999999998,False,True,True,True,True,False,False,45,154,83,79,-0.015914782881736755,5639.377441406295,0.020215628664546872,46,83,True
0.0675,0.2,0.15999999999999998,False,True,True,True,True,False,False,49,162,82,71,-0.015914782881736755,5436.482421875203,0.007934728919514805,49,82,True
0.0675,0.22000000000000003,0.15999999999999998,False,True,True,True,True,False,False,45,153,67,61,-0.015914790332317352,5064.466796875157,0.025939595021754504,45,67,True
0.0675,0.24000000000000005,0.15999999999999998,False,True,True,True,True,False,False,40,122,58,54,-0.019176244735717773,5629.42089843771,0.020287023876889215,40,58,True
0.0675,0.26000000000000006,0.15999999999999998,True,False,True,True,True,True,False,32,105,41,38,-0.015911251306533813,3107.273142364165,0.030576166009984928,32,41,True
0.0675,0.2800000000000001,0.15999999999999998,True,False,True,True,True,True,False,28,95,44,44,-0.015852032229304314,3837.3798584459228,0.031788126605641696,28,44,True
0.0675,0.3,0.15999999999999998,True,False,True,True,True,True,False,35,109,47,43,-0.012567207217216492,3039.806396484399,0.026793260890860992,35,47,True
0.0675,0.32,0.15999999999999998,True,False,True,True,True,True,False,28,90,40,40,-0.015421509742736816,6133.431640625049,0.010577076099649656,28,40,True
0.0675,0.34,0.15999999999999998,True,False,False,False,False,False,False,13,42,0,0,0.004426747560501099,0.0,2.9802322387695312e-08,13,0,False
0.0675,0.36000000000000004,0.15999999999999998,True,False,False,False,False,False,False,0,0,0,0,,0.0,2.9802322387695312e-08,0,0,False
0.0675,0.38000000000000006,0.15999999999999998,True,False,False,False,False,False,False,0,0,0,0,,0.0,2.9802322387695312e-08,0,0,False
0.0675,0.4000000000000001,0.15999999999999998,True,False,False,False,False,False,False,0,0,0,0,,0.0,2.9802322387695312e-08,0,0,False
0.0675,0.42,0.15999999999999998,True,False,False,False,False,False,False,0,0,0,0,,0.0,2.9802322387695312e-08,0,0,False
0.0675,-0.42,0.18,True,False,False,False,False,False,False,0,0,0,0,,0.0,2.9802322387695312e-08,0,0,False
0.0675,-0.39999999999999997,0.18,True,False,False,False,False,False,False,0,0,0,0,,0.0,2.9802322387695312e-08,0,0,False
0.0675,-0.38,0.18,True,False,False,False,False,False,False,0,0,0,0,,0.0,2.9802322387695312e-08,0,0,False
0.0675,-0.36,0.18,True,False,False,False,False,False,False,0,0,0,0,,0.0,2.9802322387695312e-08,0,0,False
0.0675,-0.33999999999999997,0.18,True,False,False,False,False,False,False,9,18,0,0,0.00694110244512558,0.0,2.9802322387695312e-08,9,0,False
0.0675,-0.31999999999999995,0.18,True,False,True,True,True,True,False,20,66,17,11,-0.012077100574970245,75.08675384521764,0.0023380631091769943,20,17,True
0.0675,-0.3,0.18,True,False,True,True,True,True,False,25,82,32,24,-0.011174134910106659,2509.2309570313278,0.016527892158963484,25,32,True
0.0675,-0.27999999999999997,0.18,True,False,True,True,True,True,False,24,88,35,31,-0.01237235963344574,4865.944810006433,0.03749251537747974,24,35,True
0.0675,-0.26,0.18,True,False,True,True,True,True,False,26,91,36,32,-0.012457489967346191,4543.865209703975,0.015504087508541885,26,36,True
0.0675,-0.24,0.18,False,True,True,True,True,False,False,30,94,33,28,-0.012492596171796322,4271.323242187633,0.01618399886372409,31,33,True
0.0675,-0.21999999999999997,0.18,False,True,True,True,True,False,False,33,113,31,26,-0.0124996742233634,5667.3867187501755,0.025948303970358976,33,34,True
0.0675,-0.19999999999999998,0.18,False,True,True,True,True,False,False,44,144,39,34,-0.012510105967521667,7489.427734375232,0.026119519452447938,43,36,True
0.0675,-0.18,0.18,False,True,True,True,True,False,False,41,143,45,36,-0.01251859962940216,5760.290039062679,0.02905840457312898,41,45,True
0.0675,-0.15999999999999998,0.18,False,True,True,True,True,False,False,37,137,42,34,-0.012467987835407257,6157.564941406441,0.00564587927668152,36,42,True
0.0675,-0.13999999999999996,0.18,False,True,True,True,True,False,False,45,146,42,34,-0.012376241385936737,5774.117675781429,0.01232502780951126,45,42,True
0.0675,-0.12,0.18,False,True,True,True,True,False,False,55,180,56,48,-0.008822910487651825,4448.029296875137,0.02077633800636706,55,56,True
0.0675,-0.09999999999999998,0.18,False,True,True,True,True,False,False,57,193,58,51,-0.010254308581352234,3435.4914826899717,0.004277461791866845,56,58,True
0.0675,-0.07999999999999996,0.18,False,True,True,True,True,False,False,49,173,53,47,-0.010254308581352234,3794.618164062618,0.00469000800631766,50,53,True
0.0675,-0.06,0.18,False,True,True,True,True,False,False,47,163,50,44,-0.010254308581352234,2202.827148437582,0.00861359865384425,47,50,True
0.0675,-0.03999999999999998,0.18,False,True,True,True,True,False,False,41,145,47,40,-0.005423977971076965,1504.6185302734934,0.01886805304545235,41,47,True
0.0675,-0.019999999999999962,0.18,False,True,True,True,True,False,False,40,141,47,40,-0.005423977971076965,1792.1007080078793,0.017435752288349645,40,47,True
0.0675,0.0,0.18,False,True,True,True,True,False,False,40,141,47,40,-0.005423985421657562,1361.8841552734882,0.022521761679406144,40,47,True
0.0675,0.020000000000000018,0.18,False,True,True,True,True,False,False,40,142,47,40,-0.005423985421657562,1792.1015625000668,0.017435754595732437,40,47,True
0.0675,0.040000000000000036,0.18,False,True,True,True,True,False,False,41,146,47,40,-0.005423985421657562,1967.774536132886,0.015616593026082209,41,47,True
0.0675,0.06,0.18,False,True,True,True,True,False,False,45,161,51,44,-0.011174120008945465,2934.039794921966,0.007871278264432251,46,51,True
0.0675,0.08000000000000002,0.18,False,True,True,True,True,False,False,48,170,54,47,-0.011174120008945465,2483.8645019532023,0.01015961975400938,47,54,True
0.0675,0.10000000000000003,0.18,False,True,True,True,True,False,False,52,183,58,52,-0.011174120008945465,3102.695972670577,0.005290105435060741,52,58,True
0.0675,0.12000000000000005,0.18,False,True,True,True,True,False,False,51,169,53,43,-0.008822895586490631,2517.241455078203,0.008553613368788028,51,53,True
0.0675,0.14000000000000007,0.18,False,True,True,True,True,False,False,44,152,45,42,-0.012345530092716217,6557.353027343954,0.03817465263383584,44,45,True
0.0675,0.15999999999999998,0.18,False,True,True,True,True,False,False,42,146,45,42,-0.01243070513010025,5723.943847656428,0.016739273619043028,41,45,True
0.0675,0.18,0.18,False,True,True,True,True,False,False,45,160,50,45,-0.01248680055141449,7611.9433593752365,0.02931426810018569,45,50,True
0.0675,0.2,0.18,False,True,True,True,True,False,False,45,151,43,39,-0.012498623691499233,6833.354492187712,0.03858911613237898,46,43,True
0.0675,0.22000000000000003,0.18,False,True,True,True,True,False,False,39,135,44,42,-0.012507349252700806,5310.014160156415,0.014081095074156022,39,44,True
0.0675,0.24000000000000005,0.18,False,True,True,True,True,False,False,39,123,41,39,-0.012512748129665852,4165.565917968879,0.009765712689311043,40,41,True
0.0675,0.26000000000000006,0.18,True,False,True,True,True,True,False,33,111,40,39,-0.012496910989284515,5388.465332031417,0.02861631945751898,33,40,True
0.0675,0.2800000000000001,0.18,True,False,True,True,True,True,False,30,104,39,39,-0.012405164539813995,4343.1508789063855,0.028139595405064794,30,39,True
0.0675,0.3,0.18,True,False,True,True,True,True,False,32,104,40,36,-0.012313418090343475,3024.496582031344,0.03462981447614794,32,40,True
0.0675,0.32,0.18,True,False,True,True,True,True,False,30,87,20,16,-0.012192711234092712,80.64678192138972,0.005256110056179047,30,20,True
0.0675,0.34,0.18,True,False,False,False,False,False,False,10,18,0,0,0.004771367181092501,0.0,2.9802322387695312e-08,10,0,False
0.0675,0.36000000000000004,0.18,True,False,False,False,False,False,False,0,0,0,0,,0.0,2.9802322387695312e-08,0,0,False
0.0675,0.38000000000000006,0.18,True,False,False,False,False,False,False,0,0,0,0,,0.0,2.9802322387695312e-08,0,0,False
0.0675,0.4000000000000001,0.18,True,False,False,False,False,False,False,0,0,0,0,,0.0,2.9802322387695312e-08,0,0,False
0.0675,0.42,0.18,True,False,False,False,False,False,False,0,0,0,0,,0.0,2.9802322387695312e-08,0,0,False
0.0675,-0.42,0.2,True,False,False,False,False,False,False,0,0,0,0,,0.0,2.9802322387695312e-08,0,0,False
0.0675,-0.39999999999999997,0.2,True,False,False,False,False,False,False,0,0,0,0,,0.0,2.9802322387695312e-08,0,0,False
0.0675,-0.38,0.2,True,False,False,False,False,False,False,0,0,0,0,,0.0,2.9802322387695312e-08,0,0,False
0.0675,-0.36,0.2,True,False,False,False,False,False,False,0,0,0,0,,0.0,2.9802322387695312e-08,0,0,False
0.0675,-0.33999999999999997,0.2,True,False,False,False,False,False,False,2,5,0,0,0.015444576740264893,0.0,2.9802322387695312e-08,2,0,False
0.0675,-0.31999999999999995,0.2,True,False,False,False,False,False,False,9,18,0,0,0.007879853248596191,0.0,2.9802322387695312e-08,9,0,False
0.0675,-0.3,0.2,True,False,False,False,False,False,False,15,33,0,0,0.007712617516517639,0.0,2.9802322387695312e-08,14,0,False
0.0675,-0.27999999999999997,0.2,True,False,False,False,False,False,False,11,32,0,0,0.0076274871826171875,0.0,2.9802322387695312e-08,11,0,False
0.0675,-0.26,0.2,True,False,False,False,False,False,False,11,32,0,0,0.007542327046394348,0.0,2.9802322387695312e-08,10,0,False
0.0675,-0.24,0.2,True,False,False,False,False,False,False,12,27,0,0,0.007508085574954748,0.0,2.9802322387695312e-08,12,0,False
0.0675,-0.21999999999999997,0.2,True,False,False,False,False,False,False,12,25,0,0,0.007500334642827511,0.0,2.9802322387695312e-08,12,0,False
0.0675,-0.19999999999999998,0.2,True,False,False,False,False,False,False,15,34,0,0,0.007489912211894989,0.0,2.9802322387695312e-08,15,0,False
0.0675,-0.18,0.2,True,False,False,False,False,False,False,15,38,0,0,0.007481418550014496,0.0,2.9802322387695312e-08,15,0,False
0.0675,-0.15999999999999998,0.2,True,False,False,False,False,False,False,14,34,0,0,0.007481418550014496,0.0,2.9802322387695312e-08,14,0,False
0.0675,-0.13999999999999996,0.2,True,False,False,False,False,False,False,20,40,0,0,0.007481418550014496,0.0,2.9802322387695312e-08,20,0,False
0.0675,-0.12,0.2,True,False,False,False,False,False,False,20,48,0,0,0.0077155232429504395,0.0,2.9802322387695312e-08,19,0,False
0.0675,-0.09999999999999998,0.2,True,False,False,False,False,False,False,22,54,0,0,0.007623679935932159,0.0,2.980237923100575e-08,22,0,False
0.0675,-0.07999999999999996,0.2,True,False,False,False,False,False,False,21,51,0,0,0.007715433835983276,0.0,2.9802322387695312e-08,21,0,False
0.0675,-0.06,0.2,True,False,False,False,False,False,False,19,45,0,0,0.0077666789293289185,0.0,2.9802322387695312e-08,19,0,False
0.0675,-0.03999999999999998,0.2,True,False,False,False,False,False,False,17,43,0,0,0.00848634634166956,0.0,2.9802322387695312e-08,17,0,False
0.0675,-0.019999999999999962,0.2,True,False,False,False,False,False,False,17,40,0,0,0.008560587652027607,0.0,2.9802322387695312e-08,17,0,False
0.0675,0.0,0.2,True,False,False,False,False,False,False,17,40,0,0,0.008555077947676182,0.0,2.9802322387695312e-08,17,0,False
0.0675,0.020000000000000018,0.2,True,False,False,False,False,False,False,17,40,0,0,0.00857070367783308,0.0,2.9802322387695312e-08,17,0,False
0.0675,0.040000000000000036,0.2,True,False,False,False,False,False,False,17,43,0,0,0.008576800115406513,0.0,2.9802322387695312e-08,17,0,False
0.0675,0.06,0.2,True,False,False,False,False,False,False,19,46,0,0,0.007790934760123491,0.0,2.9802322387695312e-08,19,0,False
0.0675,0.08000000000000002,0.2,True,False,False,False,False,False,False,17,47,0,0,0.007705137133598328,0.0,2.9802322387695312e-08,17,0,False
0.0675,0.10000000000000003,0.2,True,False,False,False,False,False,False,19,52,0,0,0.007619984447956085,0.0,2.9802322387695312e-08,19,0,False
0.0675,0.12000000000000005,0.2,True,False,False,False,False,False,False,23,53,0,0,0.007534869015216827,0.0,2.9802322387695312e-08,23,0,False
0.0675,0.14000000000000007,0.2,True,False,False,False,False,False,False,19,43,0,0,0.007513217628002167,0.0,2.9802322387695312e-08,19,0,False
0.0675,0.15999999999999998,0.2,True,False,False,False,False,False,False,17,39,0,0,0.007513217628002167,0.0,2.9802322387695312e-08,17,0,False
0.0675,0.18,0.2,True,False,False,False,False,False,False,15,34,0,0,0.007513217628002167,0.0,2.9802322387695312e-08,16,0,False
0.0675,0.2,0.2,True,False,False,False,False,False,False,16,36,0,0,0.007501383777707815,0.0,2.9802322387695312e-08,16,0,False
0.0675,0.22000000000000003,0.2,True,False,False,False,False,False,False,16,37,0,0,0.007492668926715851,0.0,2.9802322387695312e-08,16,0,False
0.0675,0.24000000000000005,0.2,True,False,False,False,False,False,False,16,30,0,0,0.007483825087547302,0.0,2.9802322387695312e-08,16,0,False
0.0675,0.26000000000000006,0.2,True,False,False,False,False,False,False,16,40,0,0,0.007503107190132141,0.0,2.9802322387695312e-08,16,0,False
0.0675,0.2800000000000001,0.2,True,False,False,False,False,False,False,16,40,0,0,0.007594853639602661,0.0,2.9802322387695312e-08,16,0,False
0.0675,0.3,0.2,True,False,False,False,False,False,False,18,42,0,0,0.007723450660705566,0.0,2.9802322387695312e-08,18,0,False
0.0675,0.32,0.2,True,False,False,False,False,False,False,10,18,0,0,0.007773958146572113,0.0,2.9802322387695312e-08,10,0,False
0.0675,0.34,0.2,True,False,False,False,False,False,False,2,6,0,0,0.015034646727144718,0.0,2.9802322387695312e-08,2,0,False
0.0675,0.36000000000000004,0.2,True,False,False,False,False,False,False,0,0,0,0,,0.0,2.9802322387695312e-08,0,0,False
0.0675,0.38000000000000006,0.2,True,False,False,False,False,False,False,0,0,0,0,,0.0,2.9802322387695312e-08,0,0,False
0.0675,0.4000000000000001,0.2,True,False,False,False,False,False,False,0,0,0,0,,0.0,2.9802322387695312e-08,0,0,False
0.0675,0.42,0.2,True,False,False,False,False,False,False,0,0,0,0,,0.0,2.9802322387695312e-08,0,0,False
0.0675,-0.42,0.22000000000000003,True,False,False,False,False,False,False,0,0,0,0,,0.0,2.9802322387695312e-08,0,0,False
0.0675,-0.39999999999999997,0.22000000000000003,True,False,False,False,False,False,False,0,0,0,0,,0.0,2.9802322387695312e-08,0,0,False
0.0675,-0.38,0.22000000000000003,True,False,False,False,False,False,False,0,0,0,0,,0.0,2.9802322387695312e-08,0,0,False
0.0675,-0.36,0.22000000000000003,True,False,False,False,False,False,False,0,0,0,0,,0.0,2.9802322387695312e-08,0,0,False
0.0675,-0.33999999999999997,0.22000000000000003,True,False,False,False,False,False,False,0,0,0,0,,0.0,2.9802322387695312e-08,0,0,False
0.0675,-0.31999999999999995,0.22000000000000003,True,False,False,False,False,False,False,0,0,0,0,,0.0,2.9802322387695312e-08,0,0,False
0.0675,-0.3,0.22000000000000003,True,False,False,False,False,False,False,0,0,0,0,,0.0,2.9802322387695312e-08,0,0,False
0.0675,-0.27999999999999997,0.22000000000000003,True,False,False,False,False,False,False,0,0,0,0,,0.0,2.9802322387695312e-08,0,0,False
0.0675,-0.26,0.22000000000000003,True,False,False,False,False,False,False,0,0,0,0,,0.0,2.9802322387695312e-08,0,0,False
0.0675,-0.24,0.22000000000000003,True,False,False,False,False,False,False,0,0,0,0,,0.0,2.9802322387695312e-08,0,0,False
0.0675,-0.21999999999999997,0.22000000000000003,True,False,False,False,False,False,False,0,0,0,0,,0.0,2.9802322387695312e-08,0,0,False
0.0675,-0.19999999999999998,0.22000000000000003,True,False,False,False,False,False,False,0,0,0,0,,0.0,2.9802322387695312e-08,0,0,False
0.0675,-0.18,0.22000000000000003,True,False,False,False,False,False,False,0,0,0,0,,0.0,2.9802322387695312e-08,0,0,False
0.0675,-0.15999999999999998,0.22000000000000003,True,False,False,False,False,False,False,0,0,0,0,,0.0,2.9802322387695312e-08,0,0,False
0.0675,-0.13999999999999996,0.22000000000000003,True,False,False,False,False,False,False,0,0,0,0,,0.0,2.9802322387695312e-08,0,0,False
0.0675,-0.12,0.22000000000000003,True,False,False,False,False,False,False,0,0,0,0,,0.0,2.9802322387695312e-08,0,0,False
0.0675,-0.09999999999999998,0.22000000000000003,True,False,False,False,False,False,False,0,0,0,0,,0.0,2.980237923100575e-08,0,0,False
0.0675,-0.07999999999999996,0.22000000000000003,True,False,False,False,False,False,False,0,0,0,0,,0.0,2.9802322387695312e-08,0,0,False
0.0675,-0.06,0.22000000000000003,True,False,False,False,False,False,False,0,0,0,0,,0.0,2.9802322387695312e-08,0,0,False
0.0675,-0.03999999999999998,0.22000000000000003,True,False,False,False,False,False,False,0,0,0,0,,0.0,2.9802322387695312e-08,0,0,False
0.0675,-0.019999999999999962,0.22000000000000003,True,False,False,False,False,False,False,0,0,0,0,,0.0,2.9802322387695312e-08,0,0,False
0.0675,0.0,0.22000000000000003,True,False,False,False,False,False,False,0,0,0,0,,0.0,2.9802322387695312e-08,0,0,False
0.0675,0.020000000000000018,0.22000000000000003,True,False,False,False,False,False,False,0,0,0,0,,0.0,2.9802322387695312e-08,0,0,False
0.0675,0.040000000000000036,0.22000000000000003,True,False,False,False,False,False,False,0,0,0,0,,0.0,2.9802322387695312e-08,0,0,False
0.0675,0.06,0.22000000000000003,True,False,False,False,False,False,False,0,0,0,0,,0.0,2.9802322387695312e-08,0,0,False
0.0675,0.08000000000000002,0.22000000000000003,True,False,False,False,False,False,False,0,0,0,0,,0.0,2.9802322387695312e-08,0,0,False
0.0675,0.10000000000000003,0.22000000000000003,True,False,False,False,False,False,False,0,0,0,0,,0.0,2.9802322387695312e-08,0,0,False
0.0675,0.12000000000000005,0.22000000000000003,True,False,False,False,False,False,False,0,0,0,0,,0.0,2.9802322387695312e-08,0,0,False
0.0675,0.14000000000000007,0.22000000000000003,True,False,False,False,False,False,False,0,0,0,0,,0.0,2.9802322387695312e-08,0,0,False
0.0675,0.15999999999999998,0.22000000000000003,True,False,False,False,False,False,False,0,0,0,0,,0.0,2.9802322387695312e-08,0,0,False
0.0675,0.18,0.22000000000000003,True,False,False,False,False,False,False,0,0,0,0,,0.0,2.9802322387695312e-08,0,0,False
0.0675,0.2,0.22000000000000003,True,False,False,False,False,False,False,0,0,0,0,,0.0,2.9802322387695312e-08,0,0,False
0.0675,0.22000000000000003,0.22000000000000003,True,False,False,False,False,False,False,0,0,0,0,,0.0,2.9802322387695312e-08,0,0,False
0.0675,0.24000000000000005,0.22000000000000003,True,False,False,False,False,False,False,0,0,0,0,,0.0,2.9802322387695312e-08,0,0,False
0.0675,0.26000000000000006,0.22000000000000003,True,False,False,False,False,False,False,0,0,0,0,,0.0,2.9802322387695312e-08,0,0,False
0.0675,0.2800000000000001,0.22000000000000003,True,False,False,False,False,False,False,0,0,0,0,,0.0,2.9802322387695312e-08,0,0,False
0.0675,0.3,0.22000000000000003,True,False,False,False,False,False,False,0,0,0,0,,0.0,2.9802322387695312e-08,0,0,False
0.0675,0.32,0.22000000000000003,True,False,False,False,False,False,False,0,0,0,0,,0.0,2.9802322387695312e-08,0,0,False
0.0675,0.34,0.22000000000000003,True,False,False,False,False,False,False,0,0,0,0,,0.0,2.9802322387695312e-08,0,0,False
0.0675,0.36000000000000004,0.22000000000000003,True,False,False,False,False,False,False,0,0,0,0,,0.0,2.9802322387695312e-08,0,0,False
0.0675,0.38000000000000006,0.22000000000000003,True,False,False,False,False,False,False,0,0,0,0,,0.0,2.9802322387695312e-08,0,0,False
0.0675,0.4000000000000001,0.22000000000000003,True,False,False,False,False,False,False,0,0,0,0,,0.0,2.9802322387695312e-08,0,0,False
0.0675,0.42,0.22000000000000003,True,False,False,False,False,False,False,0,0,0,0,,0.0,2.9802322387695312e-08,0,0,False
0.0675,-0.42,0.23999999999999994,True,False,False,False,False,False,False,0,0,0,0,,0.0,2.9802322387695312e-08,0,0,False
0.0675,-0.39999999999999997,0.23999999999999994,True,False,False,False,False,False,False,0,0,0,0,,0.0,2.9802322387695312e-08,0,0,False
0.0675,-0.38,0.23999999999999994,True,False,False,False,False,False,False,0,0,0,0,,0.0,2.9802322387695312e-08,0,0,False
0.0675,-0.36,0.23999999999999994,True,False,False,False,False,False,False,0,0,0,0,,0.0,2.9802322387695312e-08,0,0,False
0.0675,-0.33999999999999997,0.23999999999999994,True,False,False,False,False,False,False,0,0,0,0,,0.0,2.9802322387695312e-08,0,0,False
0.0675,-0.31999999999999995,0.23999999999999994,True,False,False,False,False,False,False,0,0,0,0,,0.0,2.9802322387695312e-08,0,0,False
0.0675,-0.3,0.23999999999999994,True,False,False,False,False,False,False,0,0,0,0,,0.0,2.9802322387695312e-08,0,0,False
0.0675,-0.27999999999999997,0.23999999999999994,True,False,False,False,False,False,False,0,0,0,0,,0.0,2.9802322387695312e-08,0,0,False
0.0675,-0.26,0.23999999999999994,True,False,False,False,False,False,False,0,0,0,0,,0.0,2.9802322387695312e-08,0,0,False
0.0675,-0.24,0.23999999999999994,True,False,False,False,False,False,False,0,0,0,0,,0.0,2.9802322387695312e-08,0,0,False
0.0675,-0.21999999999999997,0.23999999999999994,True,False,False,False,False,False,False,0,0,0,0,,0.0,2.9802322387695312e-08,0,0,False
0.0675,-0.19999999999999998,0.23999999999999994,True,False,False,False,False,False,False,0,0,0,0,,0.0,2.9802322387695312e-08,0,0,False
0.0675,-0.18,0.23999999999999994,True,False,False,False,False,False,False,0,0,0,0,,0.0,2.9802322387695312e-08,0,0,False
0.0675,-0.15999999999999998,0.23999999999999994,True,False,False,False,False,False,False,0,0,0,0,,0.0,2.9802322387695312e-08,0,0,False
0.0675,-0.13999999999999996,0.23999999999999994,True,False,False,False,False,False,False,0,0,0,0,,0.0,2.9802322387695312e-08,0,0,False
0.0675,-0.12,0.23999999999999994,True,False,False,False,False,False,False,0,0,0,0,,0.0,2.9802322387695312e-08,0,0,False
0.0675,-0.09999999999999998,0.23999999999999994,True,False,False,False,False,False,False,0,0,0,0,,0.0,2.980237923100575e-08,0,0,False
0.0675,-0.07999999999999996,0.23999999999999994,True,False,False,False,False,False,False,0,0,0,0,,0.0,2.9802322387695312e-08,0,0,False
0.0675,-0.06,0.23999999999999994,True,False,False,False,False,False,False,0,0,0,0,,0.0,2.9802322387695312e-08,0,0,False
0.0675,-0.03999999999999998,0.23999999999999994,True,False,False,False,False,False,False,0,0,0,0,,0.0,2.9802322387695312e-08,0,0,False
0.0675,-0.019999999999999962,0.23999999999999994,True,False,False,False,False,False,False,0,0,0,0,,0.0,2.9802322387695312e-08,0,0,False
0.0675,0.0,0.23999999999999994,True,False,False,False,False,False,False,0,0,0,0,,0.0,2.9802322387695312e-08,0,0,False
0.0675,0.020000000000000018,0.23999999999999994,True,False,False,False,False,False,False,0,0,0,0,,0.0,2.9802322387695312e-08,0,0,False
0.0675,0.040000000000000036,0.23999999999999994,True,False,False,False,False,False,False,0,0,0,0,,0.0,2.9802322387695312e-08,0,0,False
0.0675,0.06,0.23999999999999994,True,False,False,False,False,False,False,0,0,0,0,,0.0,2.9802322387695312e-08,0,0,False
0.0675,0.08000000000000002,0.23999999999999994,True,False,False,False,False,False,False,0,0,0,0,,0.0,2.9802322387695312e-08,0,0,False
0.0675,0.10000000000000003,0.23999999999999994,True,False,False,False,False,False,False,0,0,0,0,,0.0,2.9802322387695312e-08,0,0,False
0.0675,0.12000000000000005,0.23999999999999994,True,False,False,False,False,False,False,0,0,0,0,,0.0,2.9802322387695312e-08,0,0,False
0.0675,0.14000000000000007,0.23999999999999994,True,False,False,False,False,False,False,0,0,0,0,,0.0,2.9802322387695312e-08,0,0,False
0.0675,0.15999999999999998,0.23999999999999994,True,False,False,False,False,False,False,0,0,0,0,,0.0,2.9802322387695312e-08,0,0,False
0.0675,0.18,0.23999999999999994,True,False,False,False,False,False,False,0,0,0,0,,0.0,2.9802322387695312e-08,0,0,False
0.0675,0.2,0.23999999999999994,True,False,False,False,False,False,False,0,0,0,0,,0.0,2.9802322387695312e-08,0,0,False
0.0675,0.22000000000000003,0.23999999999999994,True,False,False,False,False,False,False,0,0,0,0,,0.0,2.9802322387695312e-08,0,0,False
0.0675,0.24000000000000005,0.23999999999999994,True,False,False,False,False,False,False,0,0,0,0,,0.0,2.9802322387695312e-08,0,0,False
0.0675,0.26000000000000006,0.23999999999999994,True,False,False,False,False,False,False,0,0,0,0,,0.0,2.9802322387695312e-08,0,0,False
0.0675,0.2800000000000001,0.23999999999999994,True,False,False,False,False,False,False,0,0,0,0,,0.0,2.9802322387695312e-08,0,0,False
0.0675,0.3,0.23999999999999994,True,False,False,False,False,False,False,0,0,0,0,,0.0,2.9802322387695312e-08,0,0,False
0.0675,0.32,0.23999999999999994,True,False,False,False,False,False,False,0,0,0,0,,0.0,2.9802322387695312e-08,0,0,False
0.0675,0.34,0.23999999999999994,True,False,False,False,False,False,False,0,0,0,0,,0.0,2.9802322387695312e-08,0,0,False
0.0675,0.36000000000000004,0.23999999999999994,True,False,False,False,False,False,False,0,0,0,0,,0.0,2.9802322387695312e-08,0,0,False
0.0675,0.38000000000000006,0.23999999999999994,True,False,False,False,False,False,False,0,0,0,0,,0.0,2.9802322387695312e-08,0,0,False
0.0675,0.4000000000000001,0.23999999999999994,True,False,False,False,False,False,False,0,0,0,0,,0.0,2.9802322387695312e-08,0,0,False
0.0675,0.42,0.23999999999999994,True,False,False,False,False,False,False,0,0,0,0,,0.0,2.9802322387695312e-08,0,0,False
0.0675,-0.42,0.25999999999999995,True,False,False,False,False,False,False,0,0,0,0,,0.0,2.9802322387695312e-08,0,0,False
0.0675,-0.39999999999999997,0.25999999999999995,True,False,False,False,False,False,False,0,0,0,0,,0.0,2.9802322387695312e-08,0,0,False
0.0675,-0.38,0.25999999999999995,True,False,False,False,False,False,False,0,0,0,0,,0.0,2.9802322387695312e-08,0,0,False
0.0675,-0.36,0.25999999999999995,True,False,False,False,False,False,False,0,0,0,0,,0.0,2.9802322387695312e-08,0,0,False
0.0675,-0.33999999999999997,0.25999999999999995,True,False,False,False,False,False,False,0,0,0,0,,0.0,2.9802322387695312e-08,0,0,False
0.0675,-0.31999999999999995,0.25999999999999995,True,False,False,False,False,False,False,0,0,0,0,,0.0,2.9802322387695312e-08,0,0,False
0.0675,-0.3,0.25999999999999995,True,False,False,False,False,False,False,0,0,0,0,,0.0,2.9802322387695312e-08,0,0,False
0.0675,-0.27999999999999997,0.25999999999999995,True,False,False,False,False,False,False,0,0,0,0,,0.0,2.9802322387695312e-08,0,0,False
0.0675,-0.26,0.25999999999999995,True,False,False,False,False,False,False,0,0,0,0,,0.0,2.9802322387695312e-08,0,0,False
0.0675,-0.24,0.25999999999999995,True,False,False,False,False,False,False,0,0,0,0,,0.0,2.9802322387695312e-08,0,0,False
0.0675,-0.21999999999999997,0.25999999999999995,True,False,False,False,False,False,False,0,0,0,0,,0.0,2.9802322387695312e-08,0,0,False
0.0675,-0.19999999999999998,0.25999999999999995,True,False,False,False,False,False,False,0,0,0,0,,0.0,2.9802322387695312e-08,0,0,False
0.0675,-0.18,0.25999999999999995,True,False,False,False,False,False,False,0,0,0,0,,0.0,2.9802322387695312e-08,0,0,False
0.0675,-0.15999999999999998,0.25999999999999995,True,False,False,False,False,False,False,0,0,0,0,,0.0,2.9802322387695312e-08,0,0,False
0.0675,-0.13999999999999996,0.25999999999999995,True,False,False,False,False,False,False,0,0,0,0,,0.0,2.9802322387695312e-08,0,0,False
0.0675,-0.12,0.25999999999999995,True,False,False,False,False,False,False,0,0,0,0,,0.0,2.9802322387695312e-08,0,0,False
0.0675,-0.09999999999999998,0.25999999999999995,True,False,False,False,False,False,False,0,0,0,0,,0.0,2.980237923100575e-08,0,0,False
0.0675,-0.07999999999999996,0.25999999999999995,True,False,False,False,False,False,False,0,0,0,0,,0.0,2.9802322387695312e-08,0,0,False
0.0675,-0.06,0.25999999999999995,True,False,False,False,False,False,False,0,0,0,0,,0.0,2.9802322387695312e-08,0,0,False
0.0675,-0.03999999999999998,0.25999999999999995,True,False,False,False,False,False,False,0,0,0,0,,0.0,2.9802322387695312e-08,0,0,False
0.0675,-0.019999999999999962,0.25999999999999995,True,False,False,False,False,False,False,0,0,0,0,,0.0,2.9802322387695312e-08,0,0,False
0.0675,0.0,0.25999999999999995,True,False,False,False,False,False,False,0,0,0,0,,0.0,2.9802322387695312e-08,0,0,False
0.0675,0.020000000000000018,0.25999999999999995,True,False,False,False,False,False,False,0,0,0,0,,0.0,2.9802322387695312e-08,0,0,False
0.0675,0.040000000000000036,0.25999999999999995,True,False,False,False,False,False,False,0,0,0,0,,0.0,2.9802322387695312e-08,0,0,False
0.0675,0.06,0.25999999999999995,True,False,False,False,False,False,False,0,0,0,0,,0.0,2.9802322387695312e-08,0,0,False
0.0675,0.08000000000000002,0.25999999999999995,True,False,False,False,False,False,False,0,0,0,0,,0.0,2.9802322387695312e-08,0,0,False
0.0675,0.10000000000000003,0.25999999999999995,True,False,False,False,False,False,False,0,0,0,0,,0.0,2.9802322387695312e-08,0,0,False
0.0675,0.12000000000000005,0.25999999999999995,True,False,False,False,False,False,False,0,0,0,0,,0.0,2.9802322387695312e-08,0,0,False
0.0675,0.14000000000000007,0.25999999999999995,True,False,False,False,False,False,False,0,0,0,0,,0.0,2.9802322387695312e-08,0,0,False
0.0675,0.15999999999999998,0.25999999999999995,True,False,False,False,False,False,False,0,0,0,0,,0.0,2.9802322387695312e-08,0,0,False
0.0675,0.18,0.25999999999999995,True,False,False,False,False,False,False,0,0,0,0,,0.0,2.9802322387695312e-08,0,0,False
0.0675,0.2,0.25999999999999995,True,False,False,False,False,False,False,0,0,0,0,,0.0,2.9802322387695312e-08,0,0,False
0.0675,0.22000000000000003,0.25999999999999995,True,False,False,False,False,False,False,0,0,0,0,,0.0,2.9802322387695312e-08,0,0,False
0.0675,0.24000000000000005,0.25999999999999995,True,False,False,False,False,False,False,0,0,0,0,,0.0,2.9802322387695312e-08,0,0,False
0.0675,0.26000000000000006,0.25999999999999995,True,False,False,False,False,False,False,0,0,0,0,,0.0,2.9802322387695312e-08,0,0,False
0.0675,0.2800000000000001,0.25999999999999995,True,False,False,False,False,False,False,0,0,0,0,,0.0,2.9802322387695312e-08,0,0,False
0.0675,0.3,0.25999999999999995,True,False,False,False,False,False,False,0,0,0,0,,0.0,2.9802322387695312e-08,0,0,False
0.0675,0.32,0.25999999999999995,True,False,False,False,False,False,False,0,0,0,0,,0.0,2.9802322387695312e-08,0,0,False
0.0675,0.34,0.25999999999999995,True,False,False,False,False,False,False,0,0,0,0,,0.0,2.9802322387695312e-08,0,0,False
0.0675,0.36000000000000004,0.25999999999999995,True,False,False,False,False,False,False,0,0,0,0,,0.0,2.9802322387695312e-08,0,0,False
0.0675,0.38000000000000006,0.25999999999999995,True,False,False,False,False,False,False,0,0,0,0,,0.0,2.9802322387695312e-08,0,0,False
0.0675,0.4000000000000001,0.25999999999999995,True,False,False,False,False,False,False,0,0,0,0,,0.0,2.9802322387695312e-08,0,0,False
0.0675,0.42,0.25999999999999995,True,False,False,False,False,False,False,0,0,0,0,,0.0,2.9802322387695312e-08,0,0,False
0.0675,-0.42,0.27999999999999997,True,False,False,False,False,False,False,0,0,0,0,,0.0,2.9802322387695312e-08,0,0,False
0.0675,-0.39999999999999997,0.27999999999999997,True,False,False,False,False,False,False,0,0,0,0,,0.0,2.9802322387695312e-08,0,0,False
0.0675,-0.38,0.27999999999999997,True,False,False,False,False,False,False,0,0,0,0,,0.0,2.9802322387695312e-08,0,0,False
0.0675,-0.36,0.27999999999999997,True,False,False,False,False,False,False,0,0,0,0,,0.0,2.9802322387695312e-08,0,0,False
0.0675,-0.33999999999999997,0.27999999999999997,True,False,False,False,False,False,False,0,0,0,0,,0.0,2.9802322387695312e-08,0,0,False
0.0675,-0.31999999999999995,0.27999999999999997,True,False,False,False,False,False,False,0,0,0,0,,0.0,2.9802322387695312e-08,0,0,False
0.0675,-0.3,0.27999999999999997,True,False,False,False,False,False,False,0,0,0,0,,0.0,2.9802322387695312e-08,0,0,False
0.0675,-0.27999999999999997,0.27999999999999997,True,False,False,False,False,False,False,0,0,0,0,,0.0,2.9802322387695312e-08,0,0,False
0.0675,-0.26,0.27999999999999997,True,False,False,False,False,False,False,0,0,0,0,,0.0,2.9802322387695312e-08,0,0,False
0.0675,-0.24,0.27999999999999997,True,False,False,False,False,False,False,0,0,0,0,,0.0,2.9802322387695312e-08,0,0,False
0.0675,-0.21999999999999997,0.27999999999999997,True,False,False,False,False,False,False,0,0,0,0,,0.0,2.9802322387695312e-08,0,0,False
0.0675,-0.19999999999999998,0.27999999999999997,True,False,False,False,False,False,False,0,0,0,0,,0.0,2.9802322387695312e-08,0,0,False
0.0675,-0.18,0.27999999999999997,True,False,False,False,False,False,False,0,0,0,0,,0.0,2.9802322387695312e-08,0,0,False
0.0675,-0.15999999999999998,0.27999999999999997,True,False,False,False,False,False,False,0,0,0,0,,0.0,2.9802322387695312e-08,0,0,False
0.0675,-0.13999999999999996,0.27999999999999997,True,False,False,False,False,False,False,0,0,0,0,,0.0,2.9802322387695312e-08,0,0,False
0.0675,-0.12,0.27999999999999997,True,False,False,False,False,False,False,0,0,0,0,,0.0,2.9802322387695312e-08,0,0,False
0.0675,-0.09999999999999998,0.27999999999999997,True,False,False,False,False,False,False,0,0,0,0,,0.0,2.980237923100575e-08,0,0,False
0.0675,-0.07999999999999996,0.27999999999999997,True,False,False,False,False,False,False,0,0,0,0,,0.0,2.9802322387695312e-08,0,0,False
0.0675,-0.06,0.27999999999999997,True,False,False,False,False,False,False,0,0,0,0,,0.0,2.9802322387695312e-08,0,0,False
0.0675,-0.03999999999999998,0.27999999999999997,True,False,False,False,False,False,False,0,0,0,0,,0.0,2.9802322387695312e-08,0,0,False
0.0675,-0.019999999999999962,0.27999999999999997,True,False,False,False,False,False,False,0,0,0,0,,0.0,2.9802322387695312e-08,0,0,False
0.0675,0.0,0.27999999999999997,True,False,False,False,False,False,False,0,0,0,0,,0.0,2.9802322387695312e-08,0,0,False
0.0675,0.020000000000000018,0.27999999999999997,True,False,False,False,False,False,False,0,0,0,0,,0.0,2.9802322387695312e-08,0,0,False
0.0675,0.040000000000000036,0.27999999999999997,True,False,False,False,False,False,False,0,0,0,0,,0.0,2.9802322387695312e-08,0,0,False
0.0675,0.06,0.27999999999999997,True,False,False,False,False,False,False,0,0,0,0,,0.0,2.9802322387695312e-08,0,0,False
0.0675,0.08000000000000002,0.27999999999999997,True,False,False,False,False,False,False,0,0,0,0,,0.0,2.9802322387695312e-08,0,0,False
0.0675,0.10000000000000003,0.27999999999999997,True,False,False,False,False,False,False,0,0,0,0,,0.0,2.9802322387695312e-08,0,0,False
0.0675,0.12000000000000005,0.27999999999999997,True,False,False,False,False,False,False,0,0,0,0,,0.0,2.9802322387695312e-08,0,0,False
0.0675,0.14000000000000007,0.27999999999999997,True,False,False,False,False,False,False,0,0,0,0,,0.0,2.9802322387695312e-08,0,0,False
0.0675,0.15999999999999998,0.27999999999999997,True,False,False,False,False,False,False,0,0,0,0,,0.0,2.9802322387695312e-08,0,0,False
0.0675,0.18,0.27999999999999997,True,False,False,False,False,False,False,0,0,0,0,,0.0,2.9802322387695312e-08,0,0,False
0.0675,0.2,0.27999999999999997,True,False,False,False,False,False,False,0,0,0,0,,0.0,2.9802322387695312e-08,0,0,False
0.0675,0.22000000000000003,0.27999999999999997,True,False,False,False,False,False,False,0,0,0,0,,0.0,2.9802322387695312e-08,0,0,False
0.0675,0.24000000000000005,0.27999999999999997,True,False,False,False,False,False,False,0,0,0,0,,0.0,2.9802322387695312e-08,0,0,False
0.0675,0.26000000000000006,0.27999999999999997,True,False,False,False,False,False,False,0,0,0,0,,0.0,2.9802322387695312e-08,0,0,False
0.0675,0.2800000000000001,0.27999999999999997,True,False,False,False,False,False,False,0,0,0,0,,0.0,2.9802322387695312e-08,0,0,False
0.0675,0.3,0.27999999999999997,True,False,False,False,False,False,False,0,0,0,0,,0.0,2.9802322387695312e-08,0,0,False
0.0675,0.32,0.27999999999999997,True,False,False,False,False,False,False,0,0,0,0,,0.0,2.9802322387695312e-08,0,0,False
0.0675,0.34,0.27999999999999997,True,False,False,False,False,False,False,0,0,0,0,,0.0,2.9802322387695312e-08,0,0,False
0.0675,0.36000000000000004,0.27999999999999997,True,False,False,False,False,False,False,0,0,0,0,,0.0,2.9802322387695312e-08,0,0,False
0.0675,0.38000000000000006,0.27999999999999997,True,False,False,False,False,False,False,0,0,0,0,,0.0,2.9802322387695312e-08,0,0,False
0.0675,0.4000000000000001,0.27999999999999997,True,False,False,False,False,False,False,0,0,0,0,,0.0,2.9802322387695312e-08,0,0,False
0.0675,0.42,0.27999999999999997,True,False,False,False,False,False,False,0,0,0,0,,0.0,2.9802322387695312e-08,0,0,False
0.0675,-0.42,0.3,True,False,False,False,False,False,False,0,0,0,0,,0.0,2.9802322387695312e-08,0,0,False
0.0675,-0.39999999999999997,0.3,True,False,False,False,False,False,False,0,0,0,0,,0.0,2.9802322387695312e-08,0,0,False
0.0675,-0.38,0.3,True,False,False,False,False,False,False,0,0,0,0,,0.0,2.9802322387695312e-08,0,0,False
0.0675,-0.36,0.3,True,False,False,False,False,False,False,0,0,0,0,,0.0,2.9802322387695312e-08,0,0,False
0.0675,-0.33999999999999997,0.3,True,False,False,False,False,False,False,0,0,0,0,,0.0,2.9802322387695312e-08,0,0,False
0.0675,-0.31999999999999995,0.3,True,False,False,False,False,False,False,0,0,0,0,,0.0,2.9802322387695312e-08,0,0,False
0.0675,-0.3,0.3,True,False,False,False,False,False,False,0,0,0,0,,0.0,2.9802322387695312e-08,0,0,False
0.0675,-0.27999999999999997,0.3,True,False,False,False,False,False,False,0,0,0,0,,0.0,2.9802322387695312e-08,0,0,False
0.0675,-0.26,0.3,True,False,False,False,False,False,False,0,0,0,0,,0.0,2.9802322387695312e-08,0,0,False
0.0675,-0.24,0.3,True,False,False,False,False,False,False,0,0,0,0,,0.0,2.9802322387695312e-08,0,0,False
0.0675,-0.21999999999999997,0.3,True,False,False,False,False,False,False,0,0,0,0,,0.0,2.9802322387695312e-08,0,0,False
0.0675,-0.19999999999999998,0.3,True,False,False,False,False,False,False,0,0,0,0,,0.0,2.9802322387695312e-08,0,0,False
0.0675,-0.18,0.3,True,False,False,False,False,False,False,0,0,0,0,,0.0,2.9802322387695312e-08,0,0,False
0.0675,-0.15999999999999998,0.3,True,False,False,False,False,False,False,0,0,0,0,,0.0,2.9802322387695312e-08,0,0,False
0.0675,-0.13999999999999996,0.3,True,False,False,False,False,False,False,0,0,0,0,,0.0,2.9802322387695312e-08,0,0,False
0.0675,-0.12,0.3,True,False,False,False,False,False,False,0,0,0,0,,0.0,2.9802322387695312e-08,0,0,False
0.0675,-0.09999999999999998,0.3,True,False,False,False,False,False,False,0,0,0,0,,0.0,2.980237923100575e-08,0,0,False
0.0675,-0.07999999999999996,0.3,True,False,False,False,False,False,False,0,0,0,0,,0.0,2.9802322387695312e-08,0,0,False
0.0675,-0.06,0.3,True,False,False,False,False,False,False,0,0,0,0,,0.0,2.9802322387695312e-08,0,0,False
0.0675,-0.03999999999999998,0.3,True,False,False,False,False,False,False,0,0,0,0,,0.0,2.9802322387695312e-08,0,0,False
0.0675,-0.019999999999999962,0.3,True,False,False,False,False,False,False,0,0,0,0,,0.0,2.9802322387695312e-08,0,0,False
0.0675,0.0,0.3,True,False,False,False,False,False,False,0,0,0,0,,0.0,2.9802322387695312e-08,0,0,False
0.0675,0.020000000000000018,0.3,True,False,False,False,False,False,False,0,0,0,0,,0.0,2.9802322387695312e-08,0,0,False
0.0675,0.040000000000000036,0.3,True,False,False,False,False,False,False,0,0,0,0,,0.0,2.9802322387695312e-08,0,0,False
0.0675,0.06,0.3,True,False,False,False,False,False,False,0,0,0,0,,0.0,2.9802322387695312e-08,0,0,False
0.0675,0.08000000000000002,0.3,True,False,False,False,False,False,False,0,0,0,0,,0.0,2.9802322387695312e-08,0,0,False
0.0675,0.10000000000000003,0.3,True,False,False,False,False,False,False,0,0,0,0,,0.0,2.9802322387695312e-08,0,0,False
0.0675,0.12000000000000005,0.3,True,False,False,False,False,False,False,0,0,0,0,,0.0,2.9802322387695312e-08,0,0,False
0.0675,0.14000000000000007,0.3,True,False,False,False,False,False,False,0,0,0,0,,0.0,2.9802322387695312e-08,0,0,False
0.0675,0.15999999999999998,0.3,True,False,False,False,False,False,False,0,0,0,0,,0.0,2.9802322387695312e-08,0,0,False
0.0675,0.18,0.3,True,False,False,False,False,False,False,0,0,0,0,,0.0,2.9802322387695312e-08,0,0,False
0.0675,0.2,0.3,True,False,False,False,False,False,False,0,0,0,0,,0.0,2.9802322387695312e-08,0,0,False
0.0675,0.22000000000000003,0.3,True,False,False,False,False,False,False,0,0,0,0,,0.0,2.9802322387695312e-08,0,0,False
0.0675,0.24000000000000005,0.3,True,False,False,False,False,False,False,0,0,0,0,,0.0,2.9802322387695312e-08,0,0,False
0.0675,0.26000000000000006,0.3,True,False,False,False,False,False,False,0,0,0,0,,0.0,2.9802322387695312e-08,0,0,False
0.0675,0.2800000000000001,0.3,True,False,False,False,False,False,False,0,0,0,0,,0.0,2.9802322387695312e-08,0,0,False
0.0675,0.3,0.3,True,False,False,False,False,False,False,0,0,0,0,,0.0,2.9802322387695312e-08,0,0,False
0.0675,0.32,0.3,True,False,False,False,False,False,False,0,0,0,0,,0.0,2.9802322387695312e-08,0,0,False
0.0675,0.34,0.3,True,False,False,False,False,False,False,0,0,0,0,,0.0,2.9802322387695312e-08,0,0,False
0.0675,0.36000000000000004,0.3,True,False,False,False,False,False,False,0,0,0,0,,0.0,2.9802322387695312e-08,0,0,False
0.0675,0.38000000000000006,0.3,True,False,False,False,False,False,False,0,0,0,0,,0.0,2.9802322387695312e-08,0,0,False
0.0675,0.4000000000000001,0.3,True,False,False,False,False,False,False,0,0,0,0,,0.0,2.9802322387695312e-08,0,0,False
0.0675,0.42,0.3,True,False,False,False,False,False,False,0,0,0,0,,0.0,2.9802322387695312e-08,0,0,False
0.0675,-0.42,0.32,True,False,False,False,False,False,False,0,0,0,0,,0.0,2.9802322387695312e-08,0,0,False
0.0675,-0.39999999999999997,0.32,True,False,False,False,False,False,False,0,0,0,0,,0.0,2.9802322387695312e-08,0,0,False
0.0675,-0.38,0.32,True,False,False,False,False,False,False,0,0,0,0,,0.0,2.9802322387695312e-08,0,0,False
0.0675,-0.36,0.32,True,False,False,False,False,False,False,0,0,0,0,,0.0,2.9802322387695312e-08,0,0,False
0.0675,-0.33999999999999997,0.32,True,False,False,False,False,False,False,0,0,0,0,,0.0,2.9802322387695312e-08,0,0,False
0.0675,-0.31999999999999995,0.32,True,False,False,False,False,False,False,0,0,0,0,,0.0,2.9802322387695312e-08,0,0,False
0.0675,-0.3,0.32,True,False,False,False,False,False,False,0,0,0,0,,0.0,2.9802322387695312e-08,0,0,False
0.0675,-0.27999999999999997,0.32,True,False,False,False,False,False,False,0,0,0,0,,0.0,2.9802322387695312e-08,0,0,False
0.0675,-0.26,0.32,True,False,False,False,False,False,False,0,0,0,0,,0.0,2.9802322387695312e-08,0,0,False
0.0675,-0.24,0.32,True,False,False,False,False,False,False,0,0,0,0,,0.0,2.9802322387695312e-08,0,0,False
0.0675,-0.21999999999999997,0.32,True,False,False,False,False,False,False,0,0,0,0,,0.0,2.9802322387695312e-08,0,0,False
0.0675,-0.19999999999999998,0.32,True,False,False,False,False,False,False,0,0,0,0,,0.0,2.9802322387695312e-08,0,0,False
0.0675,-0.18,0.32,True,False,False,False,False,False,False,0,0,0,0,,0.0,2.9802322387695312e-08,0,0,False
0.0675,-0.15999999999999998,0.32,True,False,False,False,False,False,False,0,0,0,0,,0.0,2.9802322387695312e-08,0,0,False
0.0675,-0.13999999999999996,0.32,True,False,False,False,False,False,False,0,0,0,0,,0.0,2.9802322387695312e-08,0,0,False
0.0675,-0.12,0.32,True,False,False,False,False,False,False,0,0,0,0,,0.0,2.9802322387695312e-08,0,0,False
0.0675,-0.09999999999999998,0.32,True,False,False,False,False,False,False,0,0,0,0,,0.0,2.980237923100575e-08,0,0,False
0.0675,-0.07999999999999996,0.32,True,False,False,False,False,False,False,0,0,0,0,,0.0,2.9802322387695312e-08,0,0,False
0.0675,-0.06,0.32,True,False,False,False,False,False,False,0,0,0,0,,0.0,2.9802322387695312e-08,0,0,False
0.0675,-0.03999999999999998,0.32,True,False,False,False,False,False,False,0,0,0,0,,0.0,2.9802322387695312e-08,0,0,False
0.0675,-0.019999999999999962,0.32,True,False,False,False,False,False,False,0,0,0,0,,0.0,2.9802322387695312e-08,0,0,False
0.0675,0.0,0.32,True,False,False,False,False,False,False,0,0,0,0,,0.0,2.9802322387695312e-08,0,0,False
0.0675,0.020000000000000018,0.32,True,False,False,False,False,False,False,0,0,0,0,,0.0,2.9802322387695312e-08,0,0,False
0.0675,0.040000000000000036,0.32,True,False,False,False,False,False,False,0,0,0,0,,0.0,2.9802322387695312e-08,0,0,False
0.0675,0.06,0.32,True,False,False,False,False,False,False,0,0,0,0,,0.0,2.9802322387695312e-08,0,0,False
0.0675,0.08000000000000002,0.32,True,False,False,False,False,False,False,0,0,0,0,,0.0,2.9802322387695312e-08,0,0,False
0.0675,0.10000000000000003,0.32,True,False,False,False,False,False,False,0,0,0,0,,0.0,2.9802322387695312e-08,0,0,False
0.0675,0.12000000000000005,0.32,True,False,False,False,False,False,False,0,0,0,0,,0.0,2.9802322387695312e-08,0,0,False
0.0675,0.14000000000000007,0.32,True,False,False,False,False,False,False,0,0,0,0,,0.0,2.9802322387695312e-08,0,0,False
0.0675,0.15999999999999998,0.32,True,False,False,False,False,False,False,0,0,0,0,,0.0,2.9802322387695312e-08,0,0,False
0.0675,0.18,0.32,True,False,False,False,False,False,False,0,0,0,0,,0.0,2.9802322387695312e-08,0,0,False
0.0675,0.2,0.32,True,False,False,False,False,False,False,0,0,0,0,,0.0,2.9802322387695312e-08,0,0,False
0.0675,0.22000000000000003,0.32,True,False,False,False,False,False,False,0,0,0,0,,0.0,2.9802322387695312e-08,0,0,False
0.0675,0.24000000000000005,0.32,True,False,False,False,False,False,False,0,0,0,0,,0.0,2.9802322387695312e-08,0,0,False
0.0675,0.26000000000000006,0.32,True,False,False,False,False,False,False,0,0,0,0,,0.0,2.9802322387695312e-08,0,0,False
0.0675,0.2800000000000001,0.32,True,False,False,False,False,False,False,0,0,0,0,,0.0,2.9802322387695312e-08,0,0,False
0.0675,0.3,0.32,True,False,False,False,False,False,False,0,0,0,0,,0.0,2.9802322387695312e-08,0,0,False
0.0675,0.32,0.32,True,False,False,False,False,False,False,0,0,0,0,,0.0,2.9802322387695312e-08,0,0,False
0.0675,0.34,0.32,True,False,False,False,False,False,False,0,0,0,0,,0.0,2.9802322387695312e-08,0,0,False
0.0675,0.36000000000000004,0.32,True,False,False,False,False,False,False,0,0,0,0,,0.0,2.9802322387695312e-08,0,0,False
0.0675,0.38000000000000006,0.32,True,False,False,False,False,False,False,0,0,0,0,,0.0,2.9802322387695312e-08,0,0,False
0.0675,0.4000000000000001,0.32,True,False,False,False,False,False,False,0,0,0,0,,0.0,2.9802322387695312e-08,0,0,False
0.0675,0.42,0.32,True,False,False,False,False,False,False,0,0,0,0,,0.0,2.9802322387695312e-08,0,0,False
0.0675,-0.42,0.34,True,False,False,False,False,False,False,0,0,0,0,,0.0,2.9802322387695312e-08,0,0,False
0.0675,-0.39999999999999997,0.34,True,False,False,False,False,False,False,0,0,0,0,,0.0,2.9802322387695312e-08,0,0,False
0.0675,-0.38,0.34,True,False,False,False,False,False,False,0,0,0,0,,0.0,2.9802322387695312e-08,0,0,False
0.0675,-0.36,0.34,True,False,False,False,False,False,False,0,0,0,0,,0.0,2.9802322387695312e-08,0,0,False
0.0675,-0.33999999999999997,0.34,True,False,False,False,False,False,False,0,0,0,0,,0.0,2.9802322387695312e-08,0,0,False
0.0675,-0.31999999999999995,0.34,True,False,False,False,False,False,False,0,0,0,0,,0.0,2.9802322387695312e-08,0,0,False
0.0675,-0.3,0.34,True,False,False,False,False,False,False,0,0,0,0,,0.0,2.9802322387695312e-08,0,0,False
0.0675,-0.27999999999999997,0.34,True,False,False,False,False,False,False,0,0,0,0,,0.0,2.9802322387695312e-08,0,0,False
0.0675,-0.26,0.34,True,False,False,False,False,False,False,0,0,0,0,,0.0,2.9802322387695312e-08,0,0,False
0.0675,-0.24,0.34,True,False,False,False,False,False,False,0,0,0,0,,0.0,2.9802322387695312e-08,0,0,False
0.0675,-0.21999999999999997,0.34,True,False,False,False,False,False,False,0,0,0,0,,0.0,2.9802322387695312e-08,0,0,False
0.0675,-0.19999999999999998,0.34,True,False,False,False,False,False,False,0,0,0,0,,0.0,2.9802322387695312e-08,0,0,False
0.0675,-0.18,0.34,True,False,False,False,False,False,False,0,0,0,0,,0.0,2.9802322387695312e-08,0,0,False
0.0675,-0.15999999999999998,0.34,True,False,False,False,False,False,False,0,0,0,0,,0.0,2.9802322387695312e-08,0,0,False
0.0675,-0.13999999999999996,0.34,True,False,False,False,False,False,False,0,0,0,0,,0.0,2.9802322387695312e-08,0,0,False
0.0675,-0.12,0.34,True,False,False,False,False,False,False,0,0,0,0,,0.0,2.9802322387695312e-08,0,0,False
0.0675,-0.09999999999999998,0.34,True,False,False,False,False,False,False,0,0,0,0,,0.0,2.980237923100575e-08,0,0,False
0.0675,-0.07999999999999996,0.34,True,False,False,False,False,False,False,0,0,0,0,,0.0,2.9802322387695312e-08,0,0,False
0.0675,-0.06,0.34,True,False,False,False,False,False,False,0,0,0,0,,0.0,2.9802322387695312e-08,0,0,False
0.0675,-0.03999999999999998,0.34,True,False,False,False,False,False,False,0,0,0,0,,0.0,2.9802322387695312e-08,0,0,False
0.0675,-0.019999999999999962,0.34,True,False,False,False,False,False,False,0,0,0,0,,0.0,2.9802322387695312e-08,0,0,False
0.0675,0.0,0.34,True,False,False,False,False,False,False,0,0,0,0,,0.0,2.9802322387695312e-08,0,0,False
0.0675,0.020000000000000018,0.34,True,False,False,False,False,False,False,0,0,0,0,,0.0,2.9802322387695312e-08,0,0,False
0.0675,0.040000000000000036,0.34,True,False,False,False,False,False,False,0,0,0,0,,0.0,2.9802322387695312e-08,0,0,False
0.0675,0.06,0.34,True,False,False,False,False,False,False,0,0,0,0,,0.0,2.9802322387695312e-08,0,0,False
0.0675,0.08000000000000002,0.34,True,False,False,False,False,False,False,0,0,0,0,,0.0,2.9802322387695312e-08,0,0,False
0.0675,0.10000000000000003,0.34,True,False,False,False,False,False,False,0,0,0,0,,0.0,2.9802322387695312e-08,0,0,False
0.0675,0.12000000000000005,0.34,True,False,False,False,False,False,False,0,0,0,0,,0.0,2.9802322387695312e-08,0,0,False
0.0675,0.14000000000000007,0.34,True,False,False,False,False,False,False,0,0,0,0,,0.0,2.9802322387695312e-08,0,0,False
0.0675,0.15999999999999998,0.34,True,False,False,False,False,False,False,0,0,0,0,,0.0,2.9802322387695312e-08,0,0,False
0.0675,0.18,0.34,True,False,False,False,False,False,False,0,0,0,0,,0.0,2.9802322387695312e-08,0,0,False
0.0675,0.2,0.34,True,False,False,False,False,False,False,0,0,0,0,,0.0,2.9802322387695312e-08,0,0,False
0.0675,0.22000000000000003,0.34,True,False,False,False,False,False,False,0,0,0,0,,0.0,2.9802322387695312e-08,0,0,False
0.0675,0.24000000000000005,0.34,True,False,False,False,False,False,False,0,0,0,0,,0.0,2.9802322387695312e-08,0,0,False
0.0675,0.26000000000000006,0.34,True,False,False,False,False,False,False,0,0,0,0,,0.0,2.9802322387695312e-08,0,0,False
0.0675,0.2800000000000001,0.34,True,False,False,False,False,False,False,0,0,0,0,,0.0,2.9802322387695312e-08,0,0,False
0.0675,0.3,0.34,True,False,False,False,False,False,False,0,0,0,0,,0.0,2.9802322387695312e-08,0,0,False
0.0675,0.32,0.34,True,False,False,False,False,False,False,0,0,0,0,,0.0,2.9802322387695312e-08,0,0,False
0.0675,0.34,0.34,True,False,False,False,False,False,False,0,0,0,0,,0.0,2.9802322387695312e-08,0,0,False
0.0675,0.36000000000000004,0.34,True,False,False,False,False,False,False,0,0,0,0,,0.0,2.9802322387695312e-08,0,0,False
0.0675,0.38000000000000006,0.34,True,False,False,False,False,False,False,0,0,0,0,,0.0,2.9802322387695312e-08,0,0,False
0.0675,0.4000000000000001,0.34,True,False,False,False,False,False,False,0,0,0,0,,0.0,2.9802322387695312e-08,0,0,False
0.0675,0.42,0.34,True,False,False,False,False,False,False,0,0,0,0,,0.0,2.9802322387695312e-08,0,0,False
0.135,-0.42,-0.34,True,False,False,False,False,False,False,0,0,0,0,,0.0,1.4901161193847656e-08,0,0,False
0.135,-0.39999999999999997,-0.34,True,False,False,False,False,False,False,0,0,0,0,,0.0,1.4901161193847656e-08,0,0,False
0.135,-0.38,-0.34,True,False,False,False,False,False,False,0,0,0,0,,0.0,1.4901161193847656e-08,0,0,False
0.135,-0.36,-0.34,True,False,False,False,False,False,False,0,0,0,0,,0.0,1.4901161193847656e-08,0,0,False
0.135,-0.33999999999999997,-0.34,True,False,False,False,False,False,False,0,0,0,0,,0.0,1.4901161193847656e-08,0,0,False
0.135,-0.31999999999999995,-0.34,True,False,False,False,False,False,False,1,4,0,0,0.01800961047410965,0.0,1.4901161193847656e-08,1,0,False
0.135,-0.3,-0.34,True,False,False,False,False,False,False,2,8,0,0,0.017891593277454376,0.0,1.4901161193847656e-08,2,0,False
0.135,-0.27999999999999997,-0.34,True,False,False,False,False,False,False,2,8,0,0,0.017724253237247467,0.0,1.4901161193847656e-08,2,0,False
0.135,-0.26,-0.34,True,False,False,False,False,False,False,2,8,0,0,0.017556607723236084,0.0,1.4901161193847656e-08,2,0,False
0.135,-0.24,-0.34,True,False,False,False,False,False,False,2,7,0,0,0.017499499022960663,0.0,1.4901161193847656e-08,2,0,False
0.135,-0.21999999999999997,-0.34,True,False,False,False,False,False,False,3,8,0,0,0.017605207860469818,0.0,1.4901161193847656e-08,3,0,False
0.135,-0.19999999999999998,-0.34,True,False,False,False,False,False,False,5,16,0,0,0.0052544474601745605,0.0,1.4901161193847656e-08,5,0,False
0.135,-0.18,-0.34,True,False,False,False,False,False,False,9,20,0,0,0.004082083702087402,0.0,1.4901161193847656e-08,9,0,False
0.135,-0.15999999999999998,-0.34,True,False,False,False,False,False,False,8,22,0,0,0.0039634183049201965,0.0,1.4901161193847656e-08,8,0,False
0.135,-0.13999999999999996,-0.34,True,False,False,False,False,False,False,8,16,0,0,0.012460235506296158,0.0,1.4901161193847656e-08,8,0,False
0.135,-0.12,-0.34,True,False,False,False,False,False,False,10,33,0,0,0.0038810670375823975,0.0,1.4901161193847656e-08,10,0,False
0.135,-0.09999999999999998,-0.34,True,False,False,False,False,False,False,8,23,0,0,0.0036945343017578125,0.0,1.490127488014328e-08,8,0,False
0.135,-0.07999999999999996,-0.34,True,False,False,False,False,False,False,9,27,0,0,0.003688827157020569,0.0,1.4901161193847656e-08,9,0,False
0.135,-0.06,-0.34,True,False,False,False,False,False,False,13,38,0,0,0.0037432610988616943,0.0,1.4901161193847656e-08,13,0,False
0.135,-0.03999999999999998,-0.34,True,False,False,False,False,False,False,17,35,0,0,0.0037886127829551697,0.0,1.4901161193847656e-08,17,0,False
0.135,-0.019999999999999962,-0.34,True,False,False,False,False,False,False,14,36,0,0,0.0039097219705581665,0.0,1.4901161193847656e-08,14,0,False
0.135,0.0,-0.34,True,False,False,False,False,False,False,12,30,0,0,0.003840342164039612,0.0,1.4901161193847656e-08,12,0,False
0.135,0.020000000000000018,-0.34,True,False,False,False,False,False,False,14,46,0,0,0.0038982704281806946,0.0,1.4901161193847656e-08,14,0,False
0.135,0.040000000000000036,-0.34,True,False,False,False,False,False,False,11,29,0,0,0.0038339123129844666,0.0,1.4901161193847656e-08,11,0,False
0.135,0.06,-0.34,True,False,False,False,False,False,False,7,19,0,0,0.0036904439330101013,0.0,1.4901161193847656e-08,7,0,False
0.135,0.08000000000000002,-0.34,True,False,False,False,False,False,False,12,29,0,0,0.010550267994403839,0.0,1.4901161193847656e-08,12,0,False
0.135,0.10000000000000003,-0.34,True,False,False,False,False,False,False,15,37,0,0,0.003771461546421051,0.0,1.4901161193847656e-08,15,0,False
0.135,0.12000000000000005,-0.34,True,False,False,False,False,False,False,10,26,0,0,0.0038713961839675903,0.0,1.4901161193847656e-08,10,0,False
0.135,0.14000000000000007,-0.34,True,False,False,False,False,False,False,11,27,0,0,0.0038847997784614563,0.0,1.4901161193847656e-08,11,0,False
0.135,0.15999999999999998,-0.34,True,False,False,False,False,False,False,15,37,0,0,0.0037744182627648115,0.0,1.4901161193847656e-08,15,0,False
0.135,0.18,-0.34,True,False,False,False,False,False,False,10,25,0,0,0.003850974142551422,0.0,1.4901161193847656e-08,10,0,False
0.135,0.2,-0.34,True,False,False,False,False,False,False,5,12,0,0,0.003691956400871277,0.0,1.4901161193847656e-08,5,0,False
0.135,0.22000000000000003,-0.34,True,False,False,False,False,False,False,8,18,0,0,0.0037443935871124268,0.0,1.4901161193847656e-08,8,0,False
0.135,0.24000000000000005,-0.34,True,False,False,False,False,False,False,8,21,0,0,0.0037541836500167847,0.0,1.4901161193847656e-08,8,0,False
0.135,0.26000000000000006,-0.34,True,False,False,False,False,False,False,4,11,0,0,0.0038329437375068665,0.0,1.4901161193847656e-08,4,0,False
0.135,0.2800000000000001,-0.34,True,False,False,False,False,False,False,6,17,0,0,0.003977857530117035,0.0,1.4901161193847656e-08,6,0,False
0.135,0.3,-0.34,True,False,False,False,False,False,False,8,16,0,0,0.006162509322166443,0.0,1.4901161193847656e-08,8,0,False
0.135,0.32,-0.34,True,False,False,False,False,False,False,3,11,0,0,0.01014740765094757,0.0,1.4901161193847656e-08,3,0,False
0.135,0.34,-0.34,True,False,False,False,False,False,False,0,0,0,0,,0.0,1.4901161193847656e-08,0,0,False
0.135,0.36000000000000004,-0.34,True,False,False,False,False,False,False,0,0,0,0,,0.0,1.4901161193847656e-08,0,0,False
0.135,0.38000000000000006,-0.34,True,False,False,False,False,False,False,0,0,0,0,,0.0,1.4901161193847656e-08,0,0,False
0.135,0.4000000000000001,-0.34,True,False,False,False,False,False,False,0,0,0,0,,0.0,1.4901161193847656e-08,0,0,False
0.135,0.42,-0.34,True,False,False,False,False,False,False,0,0,0,0,,0.0,1.4901161193847656e-08,0,0,False
0.135,-0.42,-0.32,True,False,False,False,False,False,False,0,0,0,0,,0.0,1.4901161193847656e-08,0,0,False
0.135,-0.39999999999999997,-0.32,True,False,False,False,False,False,False,0,0,0,0,,0.0,1.4901161193847656e-08,0,0,False
0.135,-0.38,-0.32,True,False,False,False,False,False,False,0,0,0,0,,0.0,1.4901161193847656e-08,0,0,False
0.135,-0.36,-0.32,True,False,False,False,False,False,False,0,0,0,0,,0.0,1.4901161193847656e-08,0,0,False
0.135,-0.33999999999999997,-0.32,True,False,False,False,False,False,False,0,0,0,0,,0.0,1.4901161193847656e-08,0,0,False
0.135,-0.31999999999999995,-0.32,True,False,True,True,False,True,False,9,23,4,0,-0.0019384324550628662,0.09296129312416523,0.00028352983262899193,9,4,True
0.135,-0.3,-0.32,True,False,True,True,False,True,False,20,53,8,0,-0.0014160498976707458,0.0,0.00030441665355785037,15,8,True
0.135,-0.27999999999999997,-0.32,True,False,True,True,False,True,False,22,61,8,0,-0.0009892135858535767,0.04900176854990291,0.00018539078949062068,21,8,True
0.135,-0.26,-0.32,True,False,True,True,False,True,False,21,57,8,0,-0.0007176473736763,0.0,0.00014877819689531797,20,8,True
0.135,-0.24,-0.32,True,False,True,True,False,True,False,25,66,7,0,-0.00041753053665161133,0.0,9.244882399177205e-05,24,7,True
0.135,-0.21999999999999997,-0.32,True,False,True,True,False,True,False,31,71,7,0,-7.726997137069702e-05,0.0,1.6675892421402417e-05,30,7,True
0.135,-0.19999999999999998,-0.32,True,False,True,True,True,True,False,32,85,15,4,-0.008683450520038605,0.5975182652473492,0.00907012260049506,31,15,True
0.135,-0.18,-0.32,True,False,True,True,True,True,False,39,99,8,4,-0.007466159760951996,44.327344015303524,0.005870437368056031,39,8,True
0.135,-0.15999999999999998,-0.32,True,False,True,True,True,True,False,48,109,15,4,-0.005887207575142384,0.0,0.008076289915462291,42,8,True
0.135,-0.13999999999999996,-0.32,True,False,True,True,True,True,False,53,124,15,4,-0.00848417542874813,2.7284781932831104,0.00861628756495988,59,23,True
0.135,-0.12,-0.32,True,False,True,True,True,True,False,58,152,20,17,-0.0092116454616189,25.34312924196742,0.01467138657534572,64,46,True
0.135,-0.09999999999999998,-0.32,True,False,True,True,True,True,False,68,188,28,10,-0.006363421678543091,0.0,0.01347780427380368,76,50,True
0.135,-0.07999999999999996,-0.32,True,False,True,True,True,True,False,58,159,16,8,-0.006747995503246784,1.8293588161468701,0.012602094634839377,72,39,True
0.135,-0.06,-0.32,True,False,True,True,True,True,False,56,151,20,11,-0.010793536901473999,0.0,0.013912327333772272,67,49,True
0.135,-0.03999999999999998,-0.32,True,False,True,True,True,True,False,56,161,14,8,-0.008481506258249283,0.45085191186291923,0.013833058956011782,66,35,True
0.135,-0.019999999999999962,-0.32,True,False,True,True,True,True,False,45,135,19,12,-0.006492673419415951,6.477443792434294,0.009595275359522645,69,40,True
0.135,0.0,-0.32,True,False,True,True,True,True,False,60,140,26,15,-0.004754744470119476,2.063898349226033,0.0064587661482527,83,37,True
0.135,0.020000000000000018,-0.32,True,False,True,True,True,True,False,48,138,25,7,-0.008108727633953094,4.024769385030298,0.005396623183083663,76,48,True
0.135,0.040000000000000036,-0.32,True,False,True,True,True,True,False,49,136,11,4,-0.00421547144651413,2.1662128833674825,0.001264352019808508,72,30,True
0.135,0.06,-0.32,True,False,True,True,False,True,False,39,111,7,0,-0.0011448860168457031,0.043940253555776056,0.0002611115254200126,69,38,True
0.135,0.08000000000000002,-0.32,True,False,True,True,False,True,False,43,106,7,0,-0.0005960017442703247,0.0,0.00013112695121623175,65,42,True
0.135,0.10000000000000003,-0.32,True,False,True,True,True,True,False,47,135,14,4,-0.007314024493098259,0.5135055780410803,0.007559404897346492,62,44,True
0.135,0.12000000000000005,-0.32,True,False,True,True,True,True,False,40,106,12,8,-0.005063585937023163,1540.786921367834,0.0019591629276308475,60,38,True
0.135,0.14000000000000007,-0.32,True,False,True,True,True,True,False,38,95,5,3,-0.008940116502344608,0.0,0.006901273246787342,53,31,True
0.135,0.15999999999999998,-0.32,True,False,True,True,True,True,False,37,87,5,1,-0.008094288408756256,27.225191968259328,0.0033749925055909557,56,40,True
0.135,0.18,-0.32,True,False,True,True,True,True,False,38,99,4,4,-0.009036674164235592,1.1849166154861892,0.007014057346636761,50,21,True
0.135,0.2,-0.32,True,False,True,True,True,True,False,29,82,4,4,-0.009036674164235592,1.1992181539535969,0.007123354100155982,36,10,True
0.135,0.22000000000000003,-0.32,True,False,True,False,False,False,False,22,63,0,0,0.0024472204968333244,0.0,1.4901161193847656e-08,38,32,True
0.135,0.24000000000000005,-0.32,True,False,True,True,False,True,False,18,56,3,0,-7.94827938079834e-05,0.9175984873206512,6.472429960168729e-05,32,31,True
0.135,0.26000000000000006,-0.32,True,False,True,True,True,True,False,17,47,3,3,-0.008587218821048737,26.197488968919625,0.003217610790658181,23,26,True
0.135,0.2800000000000001,-0.32,True,False,True,True,True,True,False,19,55,4,4,-0.007828811183571815,3.251966476440531,0.005354863379488904,20,11,True
0.135,0.3,-0.32,True,False,True,True,True,True,False,18,53,4,4,-0.00796305388212204,0.0,0.0040046858553551895,19,11,True
0.135,0.32,-0.32,True,False,True,False,False,False,False,13,29,0,0,0.0012964531779289246,0.0,1.4901161193847656e-08,14,4,True
0.135,0.34,-0.32,True,False,False,False,False,False,False,1,4,0,0,0.010183809325098991,0.0,1.4901161193847656e-08,1,0,False
0.135,0.36000000000000004,-0.32,True,False,False,False,False,False,False,0,0,0,0,,0.0,1.4901161193847656e-08,0,0,False
0.135,0.38000000000000006,-0.32,True,False,False,False,False,False,False,0,0,0,0,,0.0,1.4901161193847656e-08,0,0,False
0.135,0.4000000000000001,-0.32,True,False,False,False,False,False,False,0,0,0,0,,0.0,1.4901161193847656e-08,0,0,False
0.135,0.42,-0.32,True,False,False,False,False,False,False,0,0,0,0,,0.0,1.4901161193847656e-08,0,0,False
0.135,-0.42,-0.30000000000000004,True,False,False,False,False,False,False,0,0,0,0,,0.0,1.4901161193847656e-08,0,0,False
0.135,-0.39999999999999997,-0.30000000000000004,True,False,False,False,False,False,False,0,0,0,0,,0.0,1.4901161193847656e-08,0,0,False
0.135,-0.38,-0.30000000000000004,True,False,False,False,False,False,False,0,0,0,0,,0.0,1.4901161193847656e-08,0,0,False
0.135,-0.36,-0.30000000000000004,True,False,False,False,False,False,False,0,0,0,0,,0.0,1.4901161193847656e-08,0,0,False
0.135,-0.33999999999999997,-0.30000000000000004,True,False,False,False,False,False,False,5,15,0,0,0.006584331393241882,0.0,1.4901161193847656e-08,4,0,False
0.135,-0.31999999999999995,-0.30000000000000004,True,False,True,True,True,True,False,24,77,23,4,-0.011870485730469227,898.5114135742374,0.004933981886046381,21,14,True
0.135,-0.3,-0.30000000000000004,True,False,True,True,True,True,False,37,129,46,36,-0.012910239398479462,2342.940429687565,0.02708998940194543,34,40,True
0.135,-0.27999999999999997,-0.30000000000000004,True,False,True,True,True,True,False,36,125,50,32,-0.010897196829319,2333.139237212054,0.015105908801489805,32,48,True
0.135,-0.26,-0.30000000000000004,True,False,True,True,True,True,False,36,116,40,25,-0.00925474613904953,3476.8270874783675,0.014055573089931042,26,28,True
0.135,-0.24,-0.30000000000000004,True,False,True,True,True,True,False,40,140,58,35,-0.015175964683294296,3065.9375000000855,0.022683735456356723,36,29,True
0.135,-0.21999999999999997,-0.30000000000000004,True,False,True,True,True,True,False,43,132,50,25,-0.00919514149427414,1602.0113525390957,0.01315463523264316,43,17,True
0.135,-0.19999999999999998,-0.30000000000000004,True,False,True,True,True,True,False,52,183,63,46,-0.014145947992801666,4081.1784667969882,0.011996919869405698,42,24,True
0.135,-0.18,-0.30000000000000004,True,False,True,True,True,True,False,59,183,76,49,-0.020277462899684906,4301.500488281369,0.010886824369960453,69,27,True
0.135,-0.15999999999999998,-0.30000000000000004,True,False,True,True,True,True,False,53,161,53,29,-0.01825462281703949,3991.9895019532078,0.015341110319850344,60,64,True
0.135,-0.13999999999999996,-0.30000000000000004,True,False,True,True,True,True,False,57,167,49,39,-0.017051875591278076,3690.4055175782014,0.019256623636673055,75,65,True
0.135,-0.12,-0.30000000000000004,True,False,True,True,True,True,False,68,200,37,35,-0.015181057155132294,5479.679199218902,0.019937366152161233,79,76,True
0.135,-0.09999999999999998,-0.30000000000000004,True,False,True,True,True,True,False,75,244,82,56,-0.016960687935352325,4083.174804687529,0.024297261480691886,83,70,True
0.135,-0.07999999999999996,-0.30000000000000004,True,False,True,True,True,True,False,68,226,68,46,-0.02005142718553543,3385.784667968844,0.05076868167080656,90,111,True
0.135,-0.06,-0.30000000000000004,True,False,True,True,True,True,False,69,215,61,35,-0.015818029642105103,2723.2351074219314,0.013946140670896183,83,100,True
0.135,-0.03999999999999998,-0.30000000000000004,True,False,True,True,True,True,False,78,247,51,39,-0.007543116807937622,2773.9597167968946,0.011103415494291134,87,82,True
0.135,-0.019999999999999962,-0.30000000000000004,True,False,True,True,True,True,False,60,200,94,87,-0.020258024334907532,3136.974167639204,0.005343504937453346,94,107,True
0.135,0.0,-0.30000000000000004,True,False,True,True,True,True,False,56,185,64,58,-0.01714743673801422,4558.52294921892,0.008093835224665377,100,103,True
0.135,0.020000000000000018,-0.30000000000000004,True,False,True,True,True,True,False,51,161,55,47,-0.01714743673801422,3780.231201172016,0.0065697293564363915,97,100,True
0.135,0.040000000000000036,-0.30000000000000004,True,False,True,True,True,True,False,40,116,30,30,-0.01970496028661728,4614.549804687672,0.00867420558478774,97,89,True
0.135,0.06,-0.30000000000000004,True,False,True,True,True,True,False,35,131,61,60,-0.022266320884227753,4084.7807617189023,0.04625747259586868,74,66,True
0.135,0.08000000000000002,-0.30000000000000004,True,False,True,True,True,True,False,38,121,59,59,-0.025973200798034668,4629.573860891314,0.06539252950514493,71,68,True
0.135,0.10000000000000003,-0.30000000000000004,True,False,True,True,True,True,False,40,124,44,44,-0.042307086288928986,9046.028320312573,0.014606733724839225,76,59,True
0.135,0.12000000000000005,-0.30000000000000004,True,False,True,True,True,True,False,33,102,40,39,-0.043312303721904755,4695.685058593896,0.05702111836358636,63,29,True
0.135,0.14000000000000007,-0.30000000000000004,True,False,True,True,True,True,False,24,72,26,24,-0.04140070825815201,6950.843261719009,0.07708042403843327,58,31,True
0.135,0.15999999999999998,-0.30000000000000004,True,False,True,True,True,True,False,22,64,22,22,-0.0410834476351738,3732.431396484491,0.021389343957892704,57,40,True
0.135,0.18,-0.30000000000000004,True,False,True,True,True,True,False,39,132,38,30,-0.042445532977581024,8966.493164062573,0.04796928488660648,57,33,True
0.135,0.2,-0.30000000000000004,True,False,True,True,True,True,False,37,130,74,74,-0.03503062576055527,4148.377929687629,0.022868492026828273,35,10,True
0.135,0.22000000000000003,-0.30000000000000004,True,False,True,True,True,True,False,28,99,47,31,-0.019464701414108276,5769.282714843965,0.03927541144909714,28,15,True
0.135,0.24000000000000005,-0.30000000000000004,True,False,True,True,True,True,False,19,57,21,21,-0.018352441489696503,933.1842041015915,0.005686953358966055,21,12,True
0.135,0.26000000000000006,-0.30000000000000004,True,False,True,True,True,True,False,12,42,21,21,-0.018314704298973083,1723.9201660156784,0.006234285207452278,21,11,True
0.135,0.2800000000000001,-0.30000000000000004,True,False,True,True,True,True,False,12,45,24,24,-0.017147473990917206,1801.0450439453684,0.005155277151517189,23,26,True
0.135,0.3,-0.30000000000000004,True,False,True,True,True,True,False,16,52,20,20,-0.01783018559217453,1748.5416259766168,0.0089484958898904,23,23,True
0.135,0.32,-0.30000000000000004,True,False,True,True,True,True,False,11,37,7,4,-0.014363974332809448,1.5466053485870486,0.010212090395174555,15,6,True
0.135,0.34,-0.30000000000000004,True,False,False,False,False,False,False,2,5,0,0,0.005635708570480347,0.0,1.4901161193847656e-08,0,0,False
0.135,0.36000000000000004,-0.30000000000000004,True,False,False,False,False,False,False,0,0,0,0,,0.0,1.4901161193847656e-08,0,0,False
0.135,0.38000000000000006,-0.30000000000000004,True,False,False,False,False,False,False,0,0,0,0,,0.0,1.4901161193847656e-08,0,0,False
0.135,0.4000000000000001,-0.30000000000000004,True,False,False,False,False,False,False,0,0,0,0,,0.0,1.4901161193847656e-08,0,0,False
0.135,0.42,-0.30000000000000004,True,False,False,False,False,False,False,0,0,0,0,,0.0,1.4901161193847656e-08,0,0,False
0.135,-0.42,-0.28,True,False,False,False,False,False,False,0,0,0,0,,0.0,1.4901161193847656e-08,0,0,False
0.135,-0.39999999999999997,-0.28,True,False,False,False,False,False,False,0,0,0,0,,0.0,1.4901161193847656e-08,0,0,False
0.135,-0.38,-0.28,True,False,False,False,False,False,False,0,0,0,0,,0.0,1.4901161193847656e-08,0,0,False
0.135,-0.36,-0.28,True,False,False,False,False,False,False,0,0,0,0,,0.0,1.4901161193847656e-08,0,0,False
0.135,-0.33999999999999997,-0.28,True,False,False,False,False,False,False,5,18,0,0,0.006583839654922485,0.0,1.4901161193847656e-08,0,0,False
0.135,-0.31999999999999995,-0.28,True,False,True,True,True,True,False,22,75,23,4,-0.010061128064990044,1472.827758789093,0.011077380948276086,0,0,False
0.135,-0.3,-0.28,True,False,True,True,True,True,False,31,115,46,44,-0.01102239266037941,4722.104492187631,0.01287508791953444,0,0,False
0.135,-0.27999999999999997,-0.28,True,False,True,True,True,True,False,29,106,46,40,-0.010897196829319,2938.245361328207,0.03600821290056403,0,0,False
0.135,-0.26,-0.28,True,False,True,True,True,True,False,28,84,31,27,-0.011027923785150051,4270.511230468868,0.017344526797431772,0,0,False
0.135,-0.24,-0.28,True,False,True,True,True,True,False,29,109,51,40,-0.01110897958278656,3776.29370117198,0.03667190668362891,0,0,False
0.135,-0.21999999999999997,-0.28,True,False,True,True,True,True,False,34,121,68,51,-0.01649266481399536,6193.559570312672,0.0419346313866842,0,0,False
0.135,-0.19999999999999998,-0.28,True,False,True,True,True,True,False,33,116,52,48,-0.030932843685150146,8443.41992187506,0.015450661484631834,2,0,False
0.135,-0.18,-0.28,True,False,True,True,True,True,False,31,99,47,36,-0.037611693143844604,6288.649414062675,0.021371004748907487,20,11,True
0.135,-0.15999999999999998,-0.28,True,False,True,True,True,True,False,26,88,41,33,-0.03950737416744232,5261.962890625146,0.07094964901749337,29,37,True
0.135,-0.13999999999999996,-0.28,True,False,True,True,True,True,False,18,59,24,24,-0.04463277757167816,5381.414550781399,0.06588315888462624,37,54,True
0.135,-0.12,-0.28,True,False,True,True,True,True,False,34,97,26,26,-0.044669196009635925,6297.9936523439255,0.01549692159540856,30,44,True
0.135,-0.09999999999999998,-0.28,True,False,True,True,True,True,False,38,131,54,44,-0.04065881669521332,8676.062500000062,0.025558900750450878,36,56,True
0.135,-0.07999999999999996,-0.28,True,False,True,True,True,True,False,33,114,51,51,-0.02703939378261566,2718.1274414063255,0.0817439629357264,40,43,True
0.135,-0.06,-0.28,True,False,True,True,True,True,False,22,81,31,31,-0.01580975204706192,1100.8332519531557,0.01744258205720451,42,36,True
0.135,-0.03999999999999998,-0.28,True,False,True,True,True,True,False,36,122,25,25,-0.012931615114212036,1645.5211181640966,0.0038884793074629304,62,42,True
0.135,-0.019999999999999962,-0.28,True,False,True,True,True,True,False,39,137,71,63,-0.010965287685394287,1398.5159912109486,0.013981226865400697,64,45,True
0.135,0.0,-0.28,True,False,True,True,True,True,False,52,173,67,44,-0.010865442454814911,1780.5555419922428,0.009344387984915315,71,47,True
0.135,0.020000000000000018,-0.28,True,False,True,True,True,True,False,45,155,59,31,-0.008832685649394989,1749.7459716797418,0.007658512455110593,66,60,True
0.135,0.040000000000000036,-0.28,True,False,True,True,True,True,False,45,141,63,51,-0.009254790842533112,2549.619628906345,0.01368210496551858,72,57,True
0.135,0.06,-0.28,True,False,True,True,True,True,False,37,119,28,13,-0.009515874087810516,46.32050704956198,0.007010108110056238,77,93,True
0.135,0.08000000000000002,-0.28,True,False,True,True,True,True,False,45,135,29,25,-0.010216020047664642,2622.1599121094564,0.007639386871461544,78,91,True
0.135,0.10000000000000003,-0.28,True,False,True,True,True,True,False,44,126,38,19,-0.008397042751312256,136.3526763916058,0.011836174580292574,76,76,True
0.135,0.12000000000000005,-0.28,True,False,True,True,True,True,False,47,137,27,15,-0.008498094975948334,19.85947036743226,0.009584608874386035,70,77,True
0.135,0.14000000000000007,-0.28,True,False,True,True,True,True,False,39,107,21,14,-0.010074004530906677,54.4328384399431,0.009051594738469884,57,58,True
0.135,0.15999999999999998,-0.28,True,False,True,True,True,True,False,39,127,52,23,-0.008750751614570618,2132.8020019531914,0.010772175584659092,61,67,True
0.135,0.18,-0.28,True,False,True,True,True,True,False,51,150,66,38,-0.010713741183280945,2136.9875488281914,0.011823842979531034,64,73,True
0.135,0.2,-0.28,True,False,True,True,True,True,False,47,142,33,20,-0.010387808084487915,0.0,0.011327027741332431,42,20,True
0.135,0.22000000000000003,-0.28,True,False,True,True,True,True,False,36,98,27,14,-0.006352543830871582,126.2393264770547,0.011172457102011805,28,15,True
0.135,0.24000000000000005,-0.28,True,False,True,True,True,True,False,23,69,13,3,-0.00850147008895874,0.0,0.011400947969196225,22,12,True
0.135,0.26000000000000006,-0.28,True,False,True,True,True,True,False,19,50,1,1,-0.008961516432464123,0.0,0.00615348008854996,21,11,True
0.135,0.2800000000000001,-0.28,True,False,True,True,True,True,False,17,50,4,4,-0.008662819862365723,19.771444668713162,0.00249609051217718,21,17,True
0.135,0.3,-0.28,True,False,True,True,True,True,False,17,49,4,4,-0.008765943348407745,0.6318558688919704,0.0049231134472852755,19,11,True
0.135,0.32,-0.28,True,False,True,False,False,False,False,13,27,0,0,0.0020524561405181885,0.0,1.4901161193847656e-08,14,4,True
0.135,0.34,-0.28,True,False,False,False,False,False,False,1,4,0,0,0.010183809325098991,0.0,1.4901161193847656e-08,1,0,False
0.135,0.36000000000000004,-0.28,True,False,False,False,False,False,False,0,0,0,0,,0.0,1.4901161193847656e-08,0,0,False
0.135,0.38000000000000006,-0.28,True,False,False,False,False,False,False,0,0,0,0,,0.0,1.4901161193847656e-08,0,0,False
0.135,0.4000000000000001,-0.28,True,False,False,False,False,False,False,0,0,0,0,,0.0,1.4901161193847656e-08,0,0,False
0.135,0.42,-0.28,True,False,False,False,False,False,False,0,0,0,0,,0.0,1.4901161193847656e-08,0,0,False
0.135,-0.42,-0.26,True,False,False,False,False,False,False,0,0,0,0,,0.0,1.4901161193847656e-08,0,0,False
0.135,-0.39999999999999997,-0.26,True,False,False,False,False,False,False,0,0,0,0,,0.0,1.4901161193847656e-08,0,0,False
0.135,-0.38,-0.26,True,False,False,False,False,False,False,0,0,0,0,,0.0,1.4901161193847656e-08,0,0,False
0.135,-0.36,-0.26,True,False,False,False,False,False,False,0,0,0,0,,0.0,1.4901161193847656e-08,0,0,False
0.135,-0.33999999999999997,-0.26,True,False,False,False,False,False,False,6,19,0,0,0.006582722067832947,0.0,1.4901161193847656e-08,0,0,False
0.135,-0.31999999999999995,-0.26,True,False,True,True,True,True,False,25,87,23,4,-0.013417184352874756,1.964329719543471,0.009621774460853591,0,0,False
0.135,-0.3,-0.26,True,False,True,True,True,True,False,32,119,50,48,-0.017817877233028412,4388.516113281372,0.006346414451945194,0,0,False
0.135,-0.27999999999999997,-0.26,True,False,True,True,True,True,False,30,107,46,40,-0.016872242093086243,2669.317871093824,0.020654411096097506,0,0,False
0.135,-0.26,-0.26,True,False,True,True,True,True,False,28,84,31,31,-0.019208408892154694,4494.8066406251255,0.025899012117776458,0,0,False
0.135,-0.24,-0.26,True,False,True,True,True,True,False,30,112,55,44,-0.022262796759605408,4921.471679687637,0.050806872531162395,0,0,False
0.135,-0.21999999999999997,-0.26,True,False,True,True,True,True,False,41,131,64,55,-0.022263050079345703,4403.960937500123,0.03782300770906442,0,0,False
0.135,-0.19999999999999998,-0.26,True,False,True,True,True,True,False,45,148,53,49,-0.022262878715991974,6689.997070312547,0.02015859712608556,1,0,False
0.135,-0.18,-0.26,True,False,True,True,True,True,False,41,126,42,36,-0.016255676746368408,5321.244628906398,0.010759401108718949,6,4,True
0.135,-0.15999999999999998,-0.26,True,False,True,True,True,True,False,33,108,41,33,-0.015419989824295044,5269.817382812646,0.006431045582487051,14,4,True
0.135,-0.13999999999999996,-0.26,True,False,True,True,True,True,False,32,99,24,24,-0.01658712327480316,4567.999511718877,0.010773951787080462,18,2,True
0.135,-0.12,-0.26,True,False,True,True,True,True,False,42,126,27,27,-0.01763993501663208,5654.125000000157,0.0218150418715939,19,0,False
0.135,-0.09999999999999998,-0.26,True,False,True,True,True,True,False,48,175,62,45,-0.019949384033679962,5261.697224239976,0.020393054247118826,19,0,False
0.135,-0.07999999999999996,-0.26,True,False,True,True,True,True,False,43,146,63,53,-0.02181267738342285,4437.887695312624,0.021456325974947,20,0,False
0.135,-0.06,-0.26,True,False,True,True,True,True,False,30,104,35,35,-0.022263839840888977,1674.330444335984,0.03212569001830948,30,4,True
0.135,-0.03999999999999998,-0.26,True,False,True,True,True,True,False,38,133,29,29,-0.02226441353559494,11.344327926635833,0.013636843979370908,31,8,True
0.135,-0.019999999999999962,-0.26,True,False,True,True,True,True,False,32,118,83,83,-0.022265978157520294,1266.335793476299,0.025419312472885553,40,41,True
0.135,0.0,-0.26,True,False,True,True,True,True,False,42,149,64,62,-0.022264190018177032,3732.207763672014,0.02510099733350706,46,42,True
0.135,0.020000000000000018,-0.26,True,False,True,True,True,True,False,41,140,47,43,-0.02226414531469345,3834.5722656251432,0.03672631456609341,38,33,True
0.135,0.040000000000000036,-0.26,True,False,True,True,True,True,False,33,102,31,31,-0.017342127859592438,4320.835937500161,0.024287841200139035,50,55,True
0.135,0.06,-0.26,True,False,True,True,True,True,False,31,118,61,60,-0.015420474112033844,3878.4355468751446,0.011728414052036923,46,50,True
0.135,0.08000000000000002,-0.26,True,False,True,True,True,True,False,35,118,59,59,-0.025517083704471588,7811.749023437563,0.01709849657052751,54,30,True
0.135,0.10000000000000003,-0.26,True,False,True,True,True,True,False,36,117,45,45,-0.042147085070610046,5476.970214843794,0.024358530183579113,57,40,True
0.135,0.12000000000000005,-0.26,True,False,True,True,True,True,False,31,97,41,40,-0.043925732374191284,9541.252929687796,0.033239392981018835,49,27,True
0.135,0.14000000000000007,-0.26,True,False,True,True,True,True,False,24,72,26,24,-0.04229781776666641,6531.250000000203,0.029357673510515426,46,17,True
0.135,0.15999999999999998,-0.26,True,False,True,True,True,True,False,18,59,23,23,-0.042520806193351746,9421.414062500293,0.009283956457885142,41,7,True
0.135,0.18,-0.26,True,False,True,True,True,True,False,36,125,38,30,-0.04564131796360016,7251.844726562558,0.021018846634975472,40,17,True
0.135,0.2,-0.26,True,False,True,True,True,True,False,34,127,75,75,-0.037131741642951965,11087.16956254633,0.014853050543009633,34,10,True
0.135,0.22000000000000003,-0.26,True,False,True,True,True,True,False,29,107,47,31,-0.016992881894111633,4449.5771484376655,0.04043096877589857,28,15,True
0.135,0.24000000000000005,-0.26,True,False,True,True,True,True,False,20,60,21,21,-0.011082029901444912,1446.5681152344198,0.010010410802632798,23,13,True
0.135,0.26000000000000006,-0.26,True,False,True,True,True,True,False,13,46,21,21,-0.011005688458681107,1210.6945800781625,0.009492781390837068,21,11,True
0.135,0.2800000000000001,-0.26,True,False,True,True,True,True,False,13,49,24,24,-0.010907687246799469,1676.5675048828646,0.009606369480108295,19,11,True
0.135,0.3,-0.26,True,False,True,True,True,True,False,16,51,20,20,-0.01590486615896225,1384.035888671918,0.008071729705202271,19,11,True
0.135,0.32,-0.26,True,False,True,True,True,True,False,12,38,7,4,-0.014363810420036316,1.6142984628677497,0.010251270101350619,14,4,True
0.135,0.34,-0.26,True,False,False,False,False,False,False,2,5,0,0,0.005635887384414673,0.0,1.4901161193847656e-08,1,0,False
0.135,0.36000000000000004,-0.26,True,False,False,False,False,False,False,0,0,0,0,,0.0,1.4901161193847656e-08,0,0,False
0.135,0.38000000000000006,-0.26,True,False,False,False,False,False,False,0,0,0,0,,0.0,1.4901161193847656e-08,0,0,False
0.135,0.4000000000000001,-0.26,True,False,False,False,False,False,False,0,0,0,0,,0.0,1.4901161193847656e-08,0,0,False
0.135,0.42,-0.26,True,False,False,False,False,False,False,0,0,0,0,,0.0,1.4901161193847656e-08,0,0,False
0.135,-0.42,-0.24000000000000002,True,False,False,False,False,False,False,0,0,0,0,,0.0,1.4901161193847656e-08,0,0,False
0.135,-0.39999999999999997,-0.24000000000000002,True,False,False,False,False,False,False,0,0,0,0,,0.0,1.4901161193847656e-08,0,0,False
0.135,-0.38,-0.24000000000000002,True,False,False,False,False,False,False,0,0,0,0,,0.0,1.4901161193847656e-08,0,0,False
0.135,-0.36,-0.24000000000000002,True,False,False,False,False,False,False,0,0,0,0,,0.0,1.4901161193847656e-08,0,0,False
0.135,-0.33999999999999997,-0.24000000000000002,True,False,False,False,False,False,False,7,20,0,0,0.006578177213668823,0.0,1.4901161193847656e-08,0,0,False
0.135,-0.31999999999999995,-0.24000000000000002,True,False,True,True,True,True,False,38,109,31,4,-0.007250778377056122,867.7825317382992,0.0005054978209093138,0,0,False
0.135,-0.3,-0.24000000000000002,True,False,True,True,True,True,False,47,156,58,48,-0.011022459715604782,3626.262939453226,0.018880081888810858,0,0,False
0.135,-0.27999999999999997,-0.24000000000000002,True,False,True,True,True,True,False,41,136,54,40,-0.010897219181060791,3441.949218750096,0.02864397192815747,0,0,False
0.135,-0.26,-0.24000000000000002,True,False,True,True,True,True,False,37,109,31,31,-0.011385500431060791,4020.226074218862,0.03604239957131236,0,0,False
0.135,-0.24,-0.24000000000000002,True,False,True,True,True,True,False,55,182,68,46,-0.011108994483947754,4932.789550781387,0.03542839873036933,0,0,False
0.135,-0.21999999999999997,-0.24000000000000002,True,False,True,True,True,True,False,67,224,85,63,-0.01649266481399536,3465.4799804688464,0.019774377028065702,0,0,False
0.135,-0.19999999999999998,-0.24000000000000002,True,False,True,True,True,True,False,68,215,91,64,-0.02027258276939392,5571.380371093905,0.02080756678282221,1,0,False
0.135,-0.18,-0.24000000000000002,True,False,True,True,True,True,False,67,212,61,48,-0.016255691647529602,5646.119140625157,0.007561727279542975,12,4,True
0.135,-0.15999999999999998,-0.24000000000000002,True,False,True,True,True,True,False,63,201,65,48,-0.012417688965797424,6318.9335937501755,0.009696317376531776,17,4,True
0.135,-0.13999999999999996,-0.24000000000000002,True,False,True,True,True,True,False,54,166,49,41,-0.012417688965797424,5334.945312500148,0.008728203594525988,20,8,True
0.135,-0.12,-0.24000000000000002,True,False,True,True,True,True,False,67,216,58,48,-0.012859441339969635,5140.923828125143,0.009883783424590125,20,8,True
0.135,-0.09999999999999998,-0.24000000000000002,True,False,True,True,True,True,False,83,263,83,67,-0.012417688965797424,5200.687011718895,0.010255290426956765,24,7,True
0.135,-0.07999999999999996,-0.24000000000000002,True,False,True,True,True,True,False,74,234,80,58,-0.01347891241312027,3422.525878906345,0.00991746697444223,27,7,True
0.135,-0.06,-0.24000000000000002,True,False,True,True,True,True,False,54,178,61,46,-0.011232756078243256,5194.376464843787,0.03474247340216728,33,15,True
0.135,-0.03999999999999998,-0.24000000000000002,True,False,True,True,True,True,False,57,186,46,39,-0.011041593737900257,1389.9794921875289,0.020885696110817174,49,17,True
0.135,-0.019999999999999962,-0.24000000000000002,True,False,True,True,True,True,False,56,190,75,75,-0.010965295135974884,1928.1794433593902,0.013893445020558495,64,50,True
0.135,0.0,-0.24000000000000002,True,False,True,True,True,True,False,67,219,72,52,-0.010897159576416016,3674.096191406387,0.009587738372807056,67,46,True
0.135,0.020000000000000018,-0.24000000000000002,True,False,True,True,True,True,False,66,208,71,42,-0.010976679623126984,3719.9296875001387,0.007676004618331049,64,49,True
0.135,0.040000000000000036,-0.24000000000000002,True,False,True,True,True,True,False,50,157,54,42,-0.009940959513187408,3048.168122527162,0.02938989280922952,80,56,True
0.135,0.06,-0.24000000000000002,True,False,True,True,True,True,False,48,158,76,67,-0.015321038663387299,4149.526367187655,0.012926571560151376,74,48,True
0.135,0.08000000000000002,-0.24000000000000002,True,False,True,True,True,True,False,51,169,70,46,-0.01734786480665207,5707.334472656463,0.005208109185229537,65,38,True
0.135,0.10000000000000003,-0.24000000000000002,True,False,True,True,True,True,False,56,177,55,43,-0.01826118677854538,3766.4125976563905,0.010628647099652205,56,23,True
0.135,0.12000000000000005,-0.24000000000000002,True,False,True,True,True,True,False,42,133,54,47,-0.014911219477653503,5071.825683593939,0.00247974669329868,60,38,True
0.135,0.14000000000000007,-0.24000000000000002,True,False,True,True,True,True,False,38,121,52,36,-0.018775925040245056,4879.283691406432,0.013416855919566515,51,26,True
0.135,0.15999999999999998,-0.24000000000000002,True,False,True,True,True,True,False,36,112,36,28,-0.01590585708618164,4591.343261718921,0.0066705755645493576,57,34,True
0.135,0.18,-0.24000000000000002,True,False,True,True,True,True,False,51,165,44,36,-0.021625161170959473,4470.365234375166,0.02881892106313946,48,19,True
0.135,0.2,-0.24000000000000002,True,False,True,True,True,True,False,50,179,85,67,-0.022088397294282913,3057.7389664508205,0.012971758949803798,36,10,True
0.135,0.22000000000000003,-0.24000000000000002,True,False,True,True,True,True,False,43,145,55,33,-0.018689900636672974,3771.6772460938905,0.050122685639295755,39,32,True
0.135,0.24000000000000005,-0.24000000000000002,True,False,True,True,True,True,False,30,93,23,17,-0.014480046927928925,1167.9108886719114,0.013632763310913548,22,12,True
0.135,0.26000000000000006,-0.24000000000000002,True,False,True,True,True,True,False,18,61,21,21,-0.01835080236196518,1638.799072265676,0.017440400015341785,20,11,True
0.135,0.2800000000000001,-0.24000000000000002,True,False,True,True,True,True,False,14,50,24,24,-0.022266626358032227,0.0,0.018566124479457994,23,26,True
0.135,0.3,-0.24000000000000002,True,False,True,True,True,True,False,18,59,20,20,-0.02226652204990387,2.577250480651952,0.02266636212133193,23,23,True
0.135,0.32,-0.24000000000000002,True,False,True,True,True,True,False,11,34,7,4,-0.01436460018157959,1.7062453031540055,0.009980632563217953,14,6,True
0.135,0.34,-0.24000000000000002,True,False,False,False,False,False,False,1,4,0,0,0.005635440349578857,0.0,1.4901161193847656e-08,1,0,False
0.135,0.36000000000000004,-0.24000000000000002,True,False,False,False,False,False,False,0,0,0,0,,0.0,1.4901161193847656e-08,0,0,False
0.135,0.38000000000000006,-0.24000000000000002,True,False,False,False,False,False,False,0,0,0,0,,0.0,1.4901161193847656e-08,0,0,False
0.135,0.4000000000000001,-0.24000000000000002,True,False,False,False,False,False,False,0,0,0,0,,0.0,1.4901161193847656e-08,0,0,False
0.135,0.42,-0.24000000000000002,True,False,False,False,False,False,False,0,0,0,0,,0.0,1.4901161193847656e-08,0,0,False
0.135,-0.42,-0.22000000000000003,True,False,False,False,False,False,False,0,0,0,0,,0.0,1.4901161193847656e-08,0,0,False
0.135,-0.39999999999999997,-0.22000000000000003,True,False,False,False,False,False,False,0,0,0,0,,0.0,1.4901161193847656e-08,0,0,False
0.135,-0.38,-0.22000000000000003,True,False,False,False,False,False,False,0,0,0,0,,0.0,1.4901161193847656e-08,0,0,False
0.135,-0.36,-0.22000000000000003,True,False,False,False,False,False,False,0,0,0,0,,0.0,1.4901161193847656e-08,0,0,False
0.135,-0.33999999999999997,-0.22000000000000003,True,False,False,False,False,False,False,7,18,0,0,0.0069308653473854065,0.0,1.4901161193847656e-08,0,0,False
0.135,-0.31999999999999995,-0.22000000000000003,True,False,True,True,True,True,False,42,131,33,4,-0.011034384369850159,1055.8907470703343,0.01171129402695203,0,0,False
0.135,-0.3,-0.22000000000000003,True,False,True,True,True,True,False,61,202,78,68,-0.011022429913282394,4761.388671875133,0.023259312508828223,0,0,False
0.135,-0.27999999999999997,-0.22000000000000003,True,False,True,True,True,True,False,55,185,73,52,-0.011034384369850159,3318.6250000000923,0.01652776357635514,0,0,False
0.135,-0.26,-0.22000000000000003,True,False,True,True,True,True,False,55,175,54,42,-0.011027944274246693,4358.026855468871,0.018722833046714807,0,0,False
0.135,-0.24,-0.22000000000000003,True,False,True,True,True,True,False,61,212,116,75,-0.011108994483947754,4079.6801757813632,0.004366077832620351,0,0,False
0.135,-0.21999999999999997,-0.22000000000000003,True,False,True,True,True,True,False,71,240,116,90,-0.01649262011051178,5114.837890625143,0.010825863602219082,0,0,False
0.135,-0.19999999999999998,-0.22000000000000003,True,False,True,True,True,True,False,82,271,106,64,-0.02027258276939392,7981.830078125057,0.008892966629023644,1,0,False
0.135,-0.18,-0.22000000000000003,True,False,True,True,True,True,False,82,242,95,71,-0.016255691647529602,5294.722167968897,0.012077249950890424,19,4,True
0.135,-0.15999999999999998,-0.22000000000000003,True,False,True,True,True,True,False,70,228,103,67,-0.014101080596446991,4569.864746093877,0.006207807071943295,22,53,True
0.135,-0.13999999999999996,-0.22000000000000003,True,False,True,True,True,True,False,68,196,66,48,-0.014984987676143646,5383.5786132814,0.011743260765252051,28,44,True
0.135,-0.12,-0.22000000000000003,True,False,True,True,True,True,False,85,234,70,60,-0.012698911130428314,3522.985351562598,0.007842555150004185,23,30,True
0.135,-0.09999999999999998,-0.22000000000000003,True,False,True,True,True,True,False,95,306,114,75,-0.01399453729391098,4173.177246093866,0.007956776721120197,26,34,True
0.135,-0.07999999999999996,-0.22000000000000003,True,False,True,True,True,True,False,83,269,113,88,-0.015537656843662262,4288.64588739884,0.007810330086111361,34,60,True
0.135,-0.06,-0.22000000000000003,True,False,True,True,True,True,False,58,192,80,65,-0.011108987033367157,2148.8981933594196,0.005016313693836431,40,61,True
0.135,-0.03999999999999998,-0.22000000000000003,True,False,True,True,True,True,False,67,217,71,55,-0.011041594669222832,2155.2609863281696,0.011947431594063912,57,51,True
0.135,-0.019999999999999962,-0.22000000000000003,True,False,True,True,True,True,False,62,216,127,124,-0.017368130385875702,2696.9138337554814,0.015403595495635556,62,77,True
0.135,0.0,-0.22000000000000003,True,False,True,True,True,True,False,72,232,98,89,-0.010897167026996613,4311.456542968911,0.01251081019547423,67,68,True
0.135,0.020000000000000018,-0.22000000000000003,True,False,True,True,True,True,False,55,183,71,44,-0.01097668707370758,4081.3610839845273,0.023429732738636785,69,79,True
0.135,0.040000000000000036,-0.22000000000000003,True,False,True,True,True,True,False,39,123,39,31,-0.012835890054702759,4807.242675781429,0.0034674512275141133,84,93,True
0.135,0.06,-0.22000000000000003,True,False,True,True,True,True,False,34,128,65,60,-0.011108942329883575,4257.503906250159,0.030916426444275363,97,150,True
0.135,0.08000000000000002,-0.22000000000000003,True,False,True,True,True,True,False,36,126,63,59,-0.02495764195919037,7592.217680955169,0.0045852663725765175,93,109,True
0.135,0.10000000000000003,-0.22000000000000003,True,False,True,True,True,True,False,39,120,49,49,-0.03692997992038727,7384.287109375059,0.00757567466206901,85,90,True
0.135,0.12000000000000005,-0.22000000000000003,True,False,True,True,True,True,False,30,100,42,41,-0.0386575311422348,5843.332519531468,0.022118988071068216,76,111,True
0.135,0.14000000000000007,-0.22000000000000003,True,False,True,True,True,True,False,21,70,28,26,-0.044966667890548706,6482.157714843991,0.05905519796393718,57,64,True
0.135,0.15999999999999998,-0.22000000000000003,True,False,True,True,True,True,False,20,62,23,23,-0.043398305773735046,10212.429687500317,0.01018873025609689,68,77,True
0.135,0.18,-0.22000000000000003,True,False,True,True,True,True,False,37,129,41,35,-0.03680253028869629,5811.583984375046,0.004755103735753453,73,78,True
0.135,0.2,-0.22000000000000003,True,False,True,True,True,True,False,38,148,79,75,-0.03302463889122009,4956.041503906435,0.007405092709489525,57,82,True
0.135,0.22000000000000003,-0.22000000000000003,True,False,True,True,True,True,False,30,108,57,31,-0.016111403703689575,5498.372558593955,0.03997547938039398,43,59,True
0.135,0.24000000000000005,-0.22000000000000003,True,False,True,True,True,True,False,20,62,29,21,-0.01220589131116867,1805.438476562556,0.02323420419179088,36,38,True
0.135,0.26000000000000006,-0.22000000000000003,True,False,True,True,True,True,False,13,49,25,25,-0.011005689390003681,1394.716918945356,0.025010696914580285,25,37,True
0.135,0.2800000000000001,-0.22000000000000003,True,False,True,True,True,True,False,13,49,24,24,-0.010907687246799469,1024.4892578125318,0.010361766223367088,25,30,True
0.135,0.3,-0.22000000000000003,True,False,True,True,True,True,False,16,52,20,20,-0.017804719507694244,1683.8314208984898,0.006993303794273922,28,25,True
0.135,0.32,-0.22000000000000003,True,False,True,True,True,True,False,11,37,7,4,-0.014364346861839294,1.3671330213546862,0.010100720312450972,18,9,True
0.135,0.34,-0.22000000000000003,True,False,False,False,False,False,False,1,4,0,0,0.0056353360414505005,0.0,1.4901161193847656e-08,4,0,False
0.135,0.36000000000000004,-0.22000000000000003,True,False,False,False,False,False,False,0,0,0,0,,0.0,1.4901161193847656e-08,0,0,False
0.135,0.38000000000000006,-0.22000000000000003,True,False,False,False,False,False,False,0,0,0,0,,0.0,1.4901161193847656e-08,0,0,False
0.135,0.4000000000000001,-0.22000000000000003,True,False,False,False,False,False,False,0,0,0,0,,0.0,1.4901161193847656e-08,0,0,False
0.135,0.42,-0.22000000000000003,True,False,False,False,False,False,False,0,0,0,0,,0.0,1.4901161193847656e-08,0,0,False
0.135,-0.42,-0.2,True,False,False,False,False,False,False,0,0,0,0,,0.0,1.4901161193847656e-08,0,0,False
0.135,-0.39999999999999997,-0.2,True,False,False,False,False,False,False,0,0,0,0,,0.0,1.4901161193847656e-08,0,0,False
0.135,-0.38,-0.2,True,False,False,False,False,False,False,0,0,0,0,,0.0,1.4901161193847656e-08,0,0,False
0.135,-0.36,-0.2,True,False,False,False,False,False,False,0,0,0,0,,0.0,1.4901161193847656e-08,0,0,False
0.135,-0.33999999999999997,-0.2,True,False,False,False,False,False,False,5,16,0,0,0.01535111665725708,0.0,1.4901161193847656e-08,0,0,False
0.135,-0.31999999999999995,-0.2,True,False,True,True,False,True,False,37,114,23,0,-2.6553869247436523e-05,0.008622255176305832,1.8793483678642342e-05,1,0,False
0.135,-0.3,-0.2,True,False,True,True,True,True,False,56,189,61,59,-0.011022437363862991,5380.269042968899,0.009437527892684682,4,0,False
0.135,-0.27999999999999997,-0.2,True,False,True,True,True,True,False,52,180,62,56,-0.010994641110301018,4348.740234375121,0.02820092327175015,4,0,False
0.135,-0.26,-0.2,True,False,True,True,True,True,False,55,159,45,37,-0.011057243682444096,4551.559570312626,0.02701810228132798,5,0,False
0.135,-0.24,-0.2,True,False,True,True,True,True,False,57,191,90,63,-0.01110900193452835,5079.786621093891,0.017618128155502427,5,0,False
0.135,-0.21999999999999997,-0.2,True,False,True,True,True,True,False,62,211,92,76,-0.01649262011051178,5431.149902343901,0.016370614334855014,7,0,False
0.135,-0.19999999999999998,-0.2,True,False,True,True,True,True,False,72,213,83,54,-0.02027258276939392,6325.054199218926,0.009422616492670734,13,4,True
0.135,-0.18,-0.2,True,False,True,True,True,True,False,76,220,60,53,-0.01625572144985199,5209.239746093895,0.011155925488047464,25,12,True
0.135,-0.15999999999999998,-0.2,True,False,True,True,True,True,False,67,204,70,49,-0.01110900193452835,5148.133789062644,0.013453741569158486,38,36,True
0.135,-0.13999999999999996,-0.2,True,False,True,True,True,True,False,61,171,36,32,-0.011108994483947754,5086.311523437641,0.006140551930974216,40,28,True
0.135,-0.12,-0.2,True,False,True,True,True,True,False,85,243,39,36,-0.011108994483947754,5532.619140625154,0.004663058067086197,46,50,True
0.135,-0.09999999999999998,-0.2,True,False,True,True,True,True,False,90,299,80,58,-0.011108994483947754,5653.238281250157,0.008082339121671672,47,60,True
0.135,-0.07999999999999996,-0.2,True,False,True,True,True,True,False,78,246,70,62,-0.011108987033367157,5417.807128906401,0.014034639300485107,50,55,True
0.135,-0.06,-0.2,True,False,True,True,True,True,False,58,184,46,40,-0.011108987033367157,2161.88330078131,0.0251987160243594,55,53,True
0.135,-0.03999999999999998,-0.2,True,False,True,True,True,True,False,68,203,38,30,-0.01105574518442154,12.748266220092875,0.008753426230118856,72,57,True
0.135,-0.019999999999999962,-0.2,True,False,True,True,True,True,False,67,217,88,68,-0.010996527038514614,1507.0124511719218,0.012113289815206311,77,101,True
0.135,0.0,-0.2,True,False,True,True,True,True,False,74,226,67,56,-0.010970890522003174,2970.3203125001105,0.015090585212159226,85,65,True
0.135,0.020000000000000018,-0.2,True,False,True,True,True,True,False,63,204,55,34,-0.010976679623126984,3554.615478515758,0.008860491148194715,71,52,True
0.135,0.040000000000000036,-0.2,True,False,True,True,True,True,False,56,173,47,30,-0.011071335524320602,4154.793945312655,0.024503733262997172,70,37,True
0.135,0.06,-0.2,True,False,True,True,True,True,False,55,176,80,67,-0.015327565371990204,3721.8005371095137,0.018395340512668064,75,81,True
0.135,0.08000000000000002,-0.2,True,False,True,True,True,True,False,58,188,74,48,-0.015578120946884155,4700.4819335939255,0.027508599799767636,74,95,True
0.135,0.10000000000000003,-0.2,True,False,True,True,True,True,False,58,178,53,52,-0.021512702107429504,4494.542968750167,0.02038295031686265,76,71,True
0.135,0.12000000000000005,-0.2,True,False,True,True,True,True,False,43,139,50,42,-0.021841272711753845,4137.291992187655,0.019802390387969254,63,61,True
0.135,0.14000000000000007,-0.2,True,False,True,True,True,True,False,39,125,36,27,-0.023544058203697205,4335.693359375162,0.01790306151543927,57,58,True
0.135,0.15999999999999998,-0.2,True,False,True,True,True,True,False,42,130,32,28,-0.020905911922454834,5637.42919921896,0.013395033611273467,62,65,True
0.135,0.18,-0.2,True,False,True,True,True,True,False,50,157,41,30,-0.027715638279914856,4572.12890625017,0.011150759054181471,67,72,True
0.135,0.2,-0.2,True,False,True,True,True,True,False,45,152,79,76,-0.024105951189994812,5363.588867187543,0.006882035047322957,54,61,True
0.135,0.22000000000000003,-0.2,True,False,True,True,True,True,False,33,114,47,31,-0.022266842424869537,5987.317871093974,0.0821770865081956,43,55,True
0.135,0.24000000000000005,-0.2,True,False,True,True,True,True,False,18,57,21,21,-0.022265873849391937,0.0,0.018544146154875766,36,32,True
0.135,0.26000000000000006,-0.2,True,False,True,True,True,True,False,14,47,21,21,-0.022266507148742676,5.749124050140595,0.014102263395638854,27,27,True
0.135,0.2800000000000001,-0.2,True,False,True,True,True,True,False,14,50,24,24,-0.022266976535320282,12.216254234314063,0.018745589816439805,24,27,True
0.135,0.3,-0.2,True,False,True,True,True,True,False,18,56,20,20,-0.022266991436481476,7.641647338867473,0.022324797077804066,27,27,True
0.135,0.32,-0.2,True,False,True,True,True,True,False,13,42,7,4,-0.014364898204803467,1.6494044065475595,0.009861923521561376,17,15,True
0.135,0.34,-0.2,True,False,False,False,False,False,False,1,4,0,0,0.005635127425193787,0.0,1.4901161193847656e-08,4,0,False
0.135,0.36000000000000004,-0.2,True,False,False,False,False,False,False,0,0,0,0,,0.0,1.4901161193847656e-08,0,0,False
0.135,0.38000000000000006,-0.2,True,False,False,False,False,False,False,0,0,0,0,,0.0,1.4901161193847656e-08,0,0,False
0.135,0.4000000000000001,-0.2,True,False,False,False,False,False,False,0,0,0,0,,0.0,1.4901161193847656e-08,0,0,False
0.135,0.42,-0.2,True,False,False,False,False,False,False,0,0,0,0,,0.0,1.4901161193847656e-08,0,0,False
0.135,-0.42,-0.18000000000000002,True,False,False,False,False,False,False,0,0,0,0,,0.0,1.4901161193847656e-08,0,0,False
0.135,-0.39999999999999997,-0.18000000000000002,True,False,False,False,False,False,False,0,0,0,0,,0.0,1.4901161193847656e-08,0,0,False
0.135,-0.38,-0.18000000000000002,True,False,False,False,False,False,False,0,0,0,0,,0.0,1.4901161193847656e-08,0,0,False
0.135,-0.36,-0.18000000000000002,True,False,False,False,False,False,False,0,0,0,0,,0.0,1.4901161193847656e-08,0,0,False
0.135,-0.33999999999999997,-0.18000000000000002,True,False,False,False,False,False,False,10,24,0,0,0.010874494910240173,0.0,1.4901161193847656e-08,7,0,False
0.135,-0.31999999999999995,-0.18000000000000002,True,False,True,True,False,True,False,50,162,34,0,-0.0001804456114768982,1.5787564146306101,0.0001564668430477377,26,11,True
0.135,-0.3,-0.18000000000000002,True,False,True,True,True,True,False,75,245,80,60,-0.011022429913282394,4740.283203125132,0.023109206511620274,46,30,True
0.135,-0.27999999999999997,-0.18000000000000002,True,False,True,True,True,True,False,71,238,81,59,-0.010971546173095703,3377.015625000094,0.028177475581374078,45,36,True
0.135,-0.26,-0.18000000000000002,True,False,True,True,True,True,False,70,212,45,37,-0.01105724461376667,5209.740234375145,0.017418279854549665,46,35,True
0.135,-0.24,-0.18000000000000002,False,True,True,True,True,False,False,70,235,84,63,-0.01110900193452835,5317.697265625148,0.04407659122024535,56,29,True
0.135,-0.21999999999999997,-0.18000000000000002,False,True,True,True,True,False,False,70,239,93,76,-0.01649262011051178,6031.926269531418,0.022213318996795735,63,34,True
0.135,-0.19999999999999998,-0.18000000000000002,False,True,True,True,True,False,False,73,234,83,53,-0.020272567868232727,7321.793945312704,0.01706335200429052,64,41,True
0.135,-0.18,-0.18000000000000002,False,True,True,True,True,False,False,91,288,69,57,-0.01625572144985199,5033.26025390639,0.011238531653392869,91,42,True
0.135,-0.15999999999999998,-0.18000000000000002,False,True,True,True,True,False,False,84,286,127,93,-0.02226702868938446,5162.758802388539,0.009839694562075573,86,68,True
0.135,-0.13999999999999996,-0.18000000000000002,False,True,True,True,True,False,False,86,263,84,62,-0.022266879677772522,5733.479003906409,0.0077652542510403535,97,55,True
0.135,-0.12,-0.18000000000000002,False,True,True,True,True,False,False,106,331,81,65,-0.022266507148742676,5095.990234375142,0.006071385032086637,102,81,True
0.135,-0.09999999999999998,-0.18000000000000002,False,True,True,True,True,False,False,114,381,106,85,-0.020996451377868652,4449.543945312624,0.007880029946386286,115,67,True
0.135,-0.07999999999999996,-0.18000000000000002,False,True,True,True,True,False,False,108,360,122,115,-0.016216732561588287,5198.5288085938055,0.008553115686714486,110,59,True
0.135,-0.06,-0.18000000000000002,False,True,True,True,True,False,False,85,293,103,96,-0.030450277030467987,6217.391601562545,0.014518720107453073,100,73,True
0.135,-0.03999999999999998,-0.18000000000000002,False,True,True,True,True,False,False,97,330,79,75,-0.03887474536895752,6662.522949218821,0.018505415246763995,115,62,True
0.135,-0.019999999999999962,-0.18000000000000002,False,True,True,True,True,False,False,95,322,145,144,-0.02907635271549225,5051.777343750072,0.01574394894334824,115,108,True
0.135,0.0,-0.18000000000000002,False,True,True,True,True,False,False,101,327,99,90,-0.022263415157794952,6110.529296875086,0.010096311414927207,126,82,True
0.135,0.020000000000000018,-0.18000000000000002,False,True,True,True,True,False,False,103,336,82,67,-0.018602989614009857,5662.583984375081,0.007677530512805392,119,99,True
0.135,0.040000000000000036,-0.18000000000000002,False,True,True,True,True,False,False,133,427,102,78,-0.011109031736850739,5871.846191406469,0.010811568562698517,121,92,True
0.135,0.06,-0.18000000000000002,False,True,True,True,True,False,False,139,460,178,155,-0.019100114703178406,4983.100661830855,0.011625839776951266,113,103,True
0.135,0.08000000000000002,-0.18000000000000002,False,True,True,True,True,False,False,167,532,150,133,-0.019355468451976776,5346.555175781326,0.013573588330762013,104,82,True
0.135,0.10000000000000003,-0.18000000000000002,False,True,True,True,True,False,False,168,505,140,108,-0.017013967037200928,6161.34179687523,0.015235123503182747,100,68,True
0.135,0.12000000000000005,-0.18000000000000002,False,True,True,True,True,False,False,138,445,159,121,-0.012466631829738617,4378.009277343785,0.009324216984893776,98,60,True
0.135,0.14000000000000007,-0.18000000000000002,False,True,True,True,True,False,False,126,396,112,83,-0.011108964681625366,6130.467285156478,0.013431593989138011,88,52,True
0.135,0.15999999999999998,-0.18000000000000002,False,True,True,True,True,False,False,115,354,118,87,-0.011108964681625366,5091.208739714173,0.005391223212176108,78,57,True
0.135,0.18,-0.18000000000000002,False,True,True,True,True,False,False,139,445,87,65,-0.01110895723104477,4780.589355468928,0.005547302319388791,78,48,True
0.135,0.2,-0.18000000000000002,False,True,True,True,True,False,False,112,370,159,142,-0.01110895723104477,3909.0729460155453,0.007214391946338259,66,35,True
0.135,0.22000000000000003,-0.18000000000000002,False,True,True,True,True,False,False,93,306,108,67,-0.01110895723104477,3043.7995605469887,0.0328712573384308,57,40,True
0.135,0.24000000000000005,-0.18000000000000002,False,True,True,True,True,False,False,61,174,28,26,-0.011087113991379738,0.0,0.012602672163098438,47,30,True
0.135,0.26000000000000006,-0.18000000000000002,True,False,True,True,True,True,False,43,144,34,26,-0.011027896776795387,6.575523471611007,0.01152163388142852,42,34,True
0.135,0.2800000000000001,-0.18000000000000002,True,False,True,True,True,True,False,32,114,40,32,-0.01097085326910019,0.0,0.01474133710557176,35,34,True
0.135,0.3,-0.18000000000000002,True,False,True,True,True,True,False,31,99,31,23,-0.009388391859829426,1.2049213647842505,0.0075503118647767525,43,31,True
0.135,0.32,-0.18000000000000002,True,False,True,True,False,True,False,27,70,5,0,0.00045393151231110096,0.0,1.4901161193847656e-08,34,11,True
0.135,0.34,-0.18000000000000002,True,False,False,False,False,False,False,6,18,0,0,0.008840411901473999,0.0,1.4901161193847656e-08,8,0,False
0.135,0.36000000000000004,-0.18000000000000002,True,False,False,False,False,False,False,0,0,0,0,,0.0,1.4901161193847656e-08,0,0,False
0.135,0.38000000000000006,-0.18000000000000002,True,False,False,False,False,False,False,0,0,0,0,,0.0,1.4901161193847656e-08,0,0,False
0.135,0.4000000000000001,-0.18000000000000002,True,False,False,False,False,False,False,0,0,0,0,,0.0,1.4901161193847656e-08,0,0,False
0.135,0.42,-0.18000000000000002,True,False,False,False,False,False,False,0,0,0,0,,0.0,1.4901161193847656e-08,0,0,False
0.135,-0.42,-0.16000000000000003,True,False,False,False,False,False,False,0,0,0,0,,0.0,1.4901161193847656e-08,0,0,False
0.135,-0.39999999999999997,-0.16000000000000003,True,False,False,False,False,False,False,0,0,0,0,,0.0,1.4901161193847656e-08,0,0,False
0.135,-0.38,-0.16000000000000003,True,False,False,False,False,False,False,0,0,0,0,,0.0,1.4901161193847656e-08,0,0,False
0.135,-0.36,-0.16000000000000003,True,False,False,False,False,False,False,0,0,0,0,,0.0,1.4901161193847656e-08,0,0,False
0.135,-0.33999999999999997,-0.16000000000000003,True,False,False,False,False,False,False,16,43,0,0,0.0066254884004592896,0.0,1.4901161193847656e-08,15,0,False
0.135,-0.31999999999999995,-0.16000000000000003,True,False,True,True,True,True,False,54,181,54,21,-0.013071060180664062,2378.2419433594487,0.008958001376841766,45,54,True
0.135,-0.3,-0.16000000000000003,True,False,True,True,True,True,False,75,254,99,75,-0.011022422462701797,4612.976074218878,0.00991887642631635,66,80,True
0.135,-0.27999999999999997,-0.16000000000000003,True,False,True,True,True,True,False,73,239,91,77,-0.015801722183823586,4388.705566406414,0.006517202001253953,66,75,True
0.135,-0.26,-0.16000000000000003,True,False,True,True,True,True,False,72,220,71,58,-0.015898453071713448,5683.620117187658,0.029413415012444526,68,65,True
0.135,-0.24,-0.16000000000000003,False,True,True,True,True,False,False,76,265,130,103,-0.015914782881736755,5613.507324218906,0.008501169816452867,74,120,True
0.135,-0.21999999999999997,-0.16000000000000003,False,True,True,True,True,False,False,84,299,121,100,-0.01649266481399536,6441.83691406274,0.00974074344911148,86,113,True
0.135,-0.19999999999999998,-0.16000000000000003,False,True,True,True,True,False,False,90,302,111,81,-0.02027258276939392,7338.733398437552,0.004348822101867251,90,106,True
0.135,-0.18,-0.16000000000000003,False,True,True,True,True,False,False,112,371,110,96,-0.01625572144985199,6543.330566406494,0.005447631698609251,110,131,True
0.135,-0.15999999999999998,-0.16000000000000003,False,True,True,True,True,False,False,104,371,163,122,-0.022262729704380035,7108.126001570744,0.008732532374024384,106,151,True
0.135,-0.13999999999999996,-0.16000000000000003,False,True,True,True,True,False,False,110,355,109,87,-0.022262565791606903,6959.561035156349,0.009640443297227071,118,122,True
0.135,-0.12,-0.16000000000000003,False,True,True,True,True,False,False,130,416,127,102,-0.020281344652175903,4273.165702068981,0.004782382273972523,141,137,True
0.135,-0.09999999999999998,-0.16000000000000003,False,True,True,True,True,False,False,142,489,170,129,-0.011108994483947754,4460.647949218916,0.011625802287911612,147,200,True
0.135,-0.07999999999999996,-0.16000000000000003,False,True,True,True,True,False,False,126,443,174,147,-0.016216732561588287,5040.252929687572,0.0075075890041627555,140,196,True
0.135,-0.06,-0.16000000000000003,False,True,True,True,True,False,False,102,365,151,127,-0.030002281069755554,4876.979533062373,0.012500449491940905,135,173,True
0.135,-0.03999999999999998,-0.16000000000000003,False,True,True,True,True,False,False,119,428,123,107,-0.036991141736507416,8650.831054687593,0.00783800155156148,145,160,True
0.135,-0.019999999999999962,-0.16000000000000003,False,True,True,True,True,False,False,124,432,217,200,-0.03125254809856415,5690.374023437581,0.009759356795451988,138,199,True
0.135,0.0,-0.16000000000000003,False,True,True,True,True,False,False,133,455,170,133,-0.023329854011535645,5017.379394531321,0.007986235636210471,144,168,True
0.135,0.020000000000000018,-0.16000000000000003,False,True,True,True,True,False,False,123,420,128,105,-0.017487213015556335,4112.339843750153,0.009633492691786814,145,166,True
0.135,0.040000000000000036,-0.16000000000000003,False,True,True,True,True,False,False,146,489,145,115,-0.011109031736850739,5520.380371093956,0.005697309008558799,145,180,True
0.135,0.06,-0.16000000000000003,False,True,True,True,True,False,False,141,500,242,201,-0.020767971873283386,5102.502441406323,0.010667694733621202,142,221,True
0.135,0.08000000000000002,-0.16000000000000003,False,True,True,True,True,False,False,158,529,184,159,-0.013061106204986572,5396.795898437576,0.006272466859093955,139,159,True
0.135,0.10000000000000003,-0.16000000000000003,False,True,True,True,True,False,False,140,452,152,132,-0.015281617641448975,5633.42382812521,0.008705084693560492,130,151,True
0.135,0.12000000000000005,-0.16000000000000003,False,True,True,True,True,False,False,127,418,151,129,-0.01570059359073639,4598.127441406287,0.00760660297159273,117,142,True
0.135,0.14000000000000007,-0.16000000000000003,False,True,True,True,True,False,False,116,381,108,84,-0.013629809021949768,5800.6445312502165,0.007427032728160832,98,104,True
0.135,0.15999999999999998,-0.16000000000000003,False,True,True,True,True,False,False,105,325,98,89,-0.0158679261803627,5594.181640311894,0.011119612338884104,93,93,True
0.135,0.18,-0.16000000000000003,False,True,True,True,True,False,False,127,410,100,82,-0.015914730727672577,4345.479003906412,0.006538019118102126,109,104,True
0.135,0.2,-0.16000000000000003,False,True,True,True,True,False,False,96,335,146,138,-0.015914730727672577,6503.151855468992,0.0035907816277816317,83,115,True
0.135,0.22000000000000003,-0.16000000000000003,False,True,True,True,True,False,False,78,277,95,62,-0.015914730727672577,4073.827148437652,0.015879655120994426,68,82,True
0.135,0.24000000000000005,-0.16000000000000003,False,True,True,True,True,False,False,56,191,73,65,-0.015914730727672577,5826.598228572252,0.01930056493894465,55,68,True
0.135,0.26000000000000006,-0.16000000000000003,True,False,True,True,True,True,False,43,148,64,49,-0.015911400318145752,4149.138183593905,0.03252887385387878,42,59,True
0.135,0.2800000000000001,-0.16000000000000003,True,False,True,True,True,True,False,43,144,61,53,-0.01583505980670452,3440.0346679688782,0.02702905695245359,44,57,True
0.135,0.3,-0.16000000000000003,True,False,True,True,True,True,False,44,138,55,47,-0.011897653341293335,2481.48730468752,0.016483540357869586,48,56,True
0.135,0.32,-0.16000000000000003,True,False,True,True,True,True,False,35,118,32,24,-0.015396416187286377,1404.8607177734898,0.01243520231336276,43,47,True
0.135,0.34,-0.16000000000000003,True,False,False,False,False,False,False,11,26,0,0,0.00460362434387207,0.0,1.4901161193847656e-08,14,0,False
0.135,0.36000000000000004,-0.16000000000000003,True,False,False,False,False,False,False,0,0,0,0,,0.0,1.4901161193847656e-08,0,0,False
0.135,0.38000000000000006,-0.16000000000000003,True,False,False,False,False,False,False,0,0,0,0,,0.0,1.4901161193847656e-08,0,0,False
0.135,0.4000000000000001,-0.16000000000000003,True,False,False,False,False,False,False,0,0,0,0,,0.0,1.4901161193847656e-08,0,0,False
0.135,0.42,-0.16000000000000003,True,False,False,False,False,False,False,0,0,0,0,,0.0,1.4901161193847656e-08,0,0,False
0.135,-0.42,-0.14,True,False,False,False,False,False,False,0,0,0,0,,0.0,1.4901161193847656e-08,0,0,False
0.135,-0.39999999999999997,-0.14,True,False,False,False,False,False,False,0,0,0,0,,0.0,1.4901161193847656e-08,0,0,False
0.135,-0.38,-0.14,True,False,False,False,False,False,False,0,0,0,0,,0.0,1.4901161193847656e-08,0,0,False
0.135,-0.36,-0.14,True,False,False,False,False,False,False,0,0,0,0,,0.0,1.4901161193847656e-08,0,0,False
0.135,-0.33999999999999997,-0.14,True,False,False,False,False,False,False,14,48,0,0,0.006583452224731445,0.0,1.4901161193847656e-08,15,0,False
0.135,-0.31999999999999995,-0.14,True,False,True,True,True,True,False,53,177,58,29,-0.013416588306427002,5750.118843492589,0.022616776526494648,35,54,True
0.135,-0.3,-0.14,True,False,True,True,True,True,False,75,260,99,79,-0.017099790275096893,4339.569824218871,0.019784536603051562,48,80,True
0.135,-0.27999999999999997,-0.14,True,False,True,True,True,True,False,65,223,91,81,-0.017099790275096893,4332.72314453137,0.01854457497082077,47,71,True
0.135,-0.26,-0.14,True,False,True,True,True,True,False,63,201,69,62,-0.017099790275096893,4598.479492187671,0.010646898582542665,47,59,True
0.135,-0.24,-0.14,False,True,True,True,True,False,False,71,251,122,98,-0.017099790275096893,6122.96533203142,0.012776102507871463,54,90,True
0.135,-0.21999999999999997,-0.14,False,True,True,True,True,False,False,79,278,134,114,-0.01743607223033905,6702.417480468804,0.016714903716164988,62,104,True
0.135,-0.19999999999999998,-0.14,False,True,True,True,True,False,False,89,290,124,96,-0.02027258276939392,5721.3339843750455,0.007907932596785967,66,99,True
0.135,-0.18,-0.14,False,True,True,True,True,False,False,112,374,107,92,-0.017099782824516296,6320.2910156251755,0.006300054677078801,83,85,True
0.135,-0.15999999999999998,-0.14,False,True,True,True,True,False,False,104,370,172,136,-0.02226334810256958,5886.155185431465,0.012876488114758227,78,121,True
0.135,-0.13999999999999996,-0.14,False,True,True,True,True,False,False,112,367,131,95,-0.017099782824516296,5768.673372539058,0.014122915278339011,85,98,True
0.135,-0.12,-0.14,False,True,True,True,True,False,False,146,439,126,104,-0.017099782824516296,3991.862792968861,0.008372483875708806,99,105,True
0.135,-0.09999999999999998,-0.14,False,True,True,True,True,False,False,167,558,199,147,-0.017099782824516296,4717.522950105822,0.007457864090303792,114,153,True
0.135,-0.07999999999999996,-0.14,False,True,True,True,True,False,False,158,564,252,194,-0.017099782824516296,5972.595703125064,0.007610328933015939,113,161,True
0.135,-0.06,-0.14,False,True,True,True,True,False,False,138,466,190,160,-0.017099782824516296,5153.315429687555,0.01596035428108608,100,139,True
0.135,-0.03999999999999998,-0.14,False,True,True,True,True,False,False,152,514,146,129,-0.017099782824516296,5483.605468750078,0.014051595869276852,109,116,True
0.135,-0.019999999999999962,-0.14,False,True,True,True,True,False,False,147,514,253,227,-0.017099782824516296,4887.106933593819,0.010201617939039748,101,173,True
0.135,0.0,-0.14,False,True,True,True,True,False,False,145,479,185,137,-0.0170997753739357,8434.01953125012,0.0052875550420062225,106,136,True
0.135,0.020000000000000018,-0.14,False,True,True,True,True,False,False,128,415,130,102,-0.0170997753739357,4599.514160156421,0.005507892749979685,107,127,True
0.135,0.040000000000000036,-0.14,False,True,True,True,True,False,False,146,504,154,115,-0.0170997753739357,4542.856933593815,0.006271780675117641,113,132,True
0.135,0.06,-0.14,False,True,True,True,True,False,False,136,481,254,217,-0.0170997753739357,5236.610351562575,0.014370925868996035,106,185,True
0.135,0.08000000000000002,-0.14,False,True,True,True,True,False,False,136,483,172,160,-0.0170997753739357,4727.599609375067,0.011305268289683179,110,139,True
0.135,0.10000000000000003,-0.14,False,True,True,True,True,False,False,131,429,153,137,-0.0170997753739357,5044.35742187504,0.004439256326493889,99,127,True
0.135,0.12000000000000005,-0.14,False,True,True,True,True,False,False,110,369,157,144,-0.01570059359073639,4290.38574218766,0.0028766507162619782,87,113,True
0.135,0.14000000000000007,-0.14,False,True,True,True,True,False,False,93,316,119,99,-0.013629809021949768,4973.9179687501855,0.00787018901959868,73,82,True
0.135,0.15999999999999998,-0.14,False,True,True,True,True,False,False,81,257,97,93,-0.015867929905653,6017.258854248965,0.0060100472035323135,69,75,True
0.135,0.18,-0.14,False,True,True,True,True,False,False,110,355,81,70,-0.015914730727672577,5166.286132812693,0.012620249296443533,81,81,True
0.135,0.2,-0.14,False,True,True,True,True,False,False,92,317,167,146,-0.015914730727672577,7944.9794921877965,0.015090995156587109,71,117,True
0.135,0.22000000000000003,-0.14,False,True,True,True,True,False,False,71,250,117,81,-0.017568565905094147,7170.964843750267,0.00872052401587858,60,89,True
0.135,0.24000000000000005,-0.14,False,True,True,True,True,False,False,55,187,82,63,-0.01930008828639984,4631.430175781394,0.01673232778835328,50,67,True
0.135,0.26000000000000006,-0.14,True,False,True,True,True,True,False,42,147,70,55,-0.01591140404343605,5437.397460937703,0.034488892445052675,39,55,True
0.135,0.2800000000000001,-0.14,True,False,True,True,True,True,False,38,138,69,53,-0.01583506166934967,5174.166503906443,0.0337288709349478,33,53,True
0.135,0.3,-0.14,True,False,True,True,True,True,False,43,135,63,51,-0.012427173554897308,3078.4394531250955,0.013469738849293962,42,52,True
0.135,0.32,-0.14,True,False,True,True,True,True,False,30,107,36,32,-0.015396416187286377,5847.759765625046,0.034728760571761996,35,43,True
0.135,0.34,-0.14,True,False,False,False,False,False,False,13,38,0,0,0.004430562257766724,0.0,1.4901161193847656e-08,15,0,False
0.135,0.36000000000000004,-0.14,True,False,False,False,False,False,False,0,0,0,0,,0.0,1.4901161193847656e-08,0,0,False
0.135,0.38000000000000006,-0.14,True,False,False,False,False,False,False,0,0,0,0,,0.0,1.4901161193847656e-08,0,0,False
0.135,0.4000000000000001,-0.14,True,False,False,False,False,False,False,0,0,0,0,,0.0,1.4901161193847656e-08,0,0,False
0.135,0.42,-0.14,True,False,False,False,False,False,False,0,0,0,0,,0.0,1.4901161193847656e-08,0,0,False
0.135,-0.42,-0.12000000000000002,True,False,False,False,False,False,False,0,0,0,0,,0.0,1.4901161193847656e-08,0,0,False
0.135,-0.39999999999999997,-0.12000000000000002,True,False,False,False,False,False,False,0,0,0,0,,0.0,1.4901161193847656e-08,0,0,False
0.135,-0.38,-0.12000000000000002,True,False,False,False,False,False,False,0,0,0,0,,0.0,1.4901161193847656e-08,0,0,False
0.135,-0.36,-0.12000000000000002,True,False,False,False,False,False,False,0,0,0,0,,0.0,1.4901161193847656e-08,0,0,False
0.135,-0.33999999999999997,-0.12000000000000002,True,False,False,False,False,False,False,15,51,0,0,0.006583452224731445,0.0,1.4901161193847656e-08,16,0,False
0.135,-0.31999999999999995,-0.12000000000000002,True,False,True,True,True,True,False,50,160,59,29,-0.013416588306427002,6764.094810906549,0.007820970416818437,38,54,True
0.135,-0.3,-0.12000000000000002,True,False,True,True,True,True,False,69,221,85,59,-0.020959846675395966,5111.406738281392,0.005895394794174372,52,80,True
0.135,-0.27999999999999997,-0.12000000000000002,True,False,True,True,True,True,False,66,217,71,65,-0.02095986157655716,7265.353515625271,0.04820476384219642,49,71,True
0.135,-0.26,-0.12000000000000002,True,False,True,True,True,True,False,66,215,73,57,-0.02095986157655716,6061.8115234377265,0.022376012330570367,46,59,True
0.135,-0.24,-0.12000000000000002,False,True,True,True,True,False,False,72,266,136,107,-0.02095986157655716,4506.035644531418,0.018631534388735167,50,90,True
0.135,-0.21999999999999997,-0.12000000000000002,False,True,True,True,True,False,False,78,289,137,124,-0.02095986157655716,6677.479980468999,0.005640479099161982,58,103,True
0.135,-0.19999999999999998,-0.12000000000000002,False,True,True,True,True,False,False,83,282,124,95,-0.02095986157655716,6823.059082031305,0.010279054119484139,61,99,True
0.135,-0.18,-0.12000000000000002,False,True,True,True,True,False,False,112,383,113,84,-0.02095986157655716,6008.612792968974,0.012891265883569793,81,82,True
0.135,-0.15999999999999998,-0.12000000000000002,False,True,True,True,True,False,False,114,411,195,142,-0.020959876477718353,4956.009277343888,0.017539632191407913,74,121,True
0.135,-0.13999999999999996,-0.12000000000000002,False,True,True,True,True,False,False,117,397,143,123,-0.020959876477718353,6268.406250000174,0.008869613506323171,78,95,True
0.135,-0.12,-0.12000000000000002,False,True,True,True,True,False,False,133,418,127,115,-0.020959876477718353,7259.86523437527,0.004897500651986173,92,102,True
0.135,-0.09999999999999998,-0.12000000000000002,False,True,True,True,True,False,False,145,510,191,150,-0.020959876477718353,7245.30664062527,0.014431575422130865,102,159,True
0.135,-0.07999999999999996,-0.12000000000000002,False,True,True,True,True,False,False,142,499,207,181,-0.020959876477718353,7717.063476562787,0.006498181980814467,102,163,True
0.135,-0.06,-0.12000000000000002,False,True,True,True,True,False,False,126,434,167,154,-0.020959876477718353,6742.128417969001,0.017057586982985977,88,144,True
0.135,-0.03999999999999998,-0.12000000000000002,False,True,True,True,True,False,False,149,499,137,128,-0.020959876477718353,7950.3081054690465,0.01363132994288556,97,122,True
0.135,-0.019999999999999962,-0.12000000000000002,False,True,True,True,True,False,False,154,541,243,222,-0.020959891378879547,6385.824707031488,0.007018652422044232,93,172,True
0.135,0.0,-0.12000000000000002,False,True,True,True,True,False,False,153,527,188,152,-0.020959891378879547,7104.150390625265,0.006733355469613394,94,135,True
0.135,0.020000000000000018,-0.12000000000000002,False,True,True,True,True,False,False,149,474,148,120,-0.020959891378879547,6174.47460937523,0.012780573489780211,114,145,True
0.135,0.040000000000000036,-0.12000000000000002,False,True,True,True,True,False,False,173,575,171,128,-0.020959891378879547,8027.436523437615,0.015854330451344923,124,144,True
0.135,0.06,-0.12000000000000002,False,True,True,True,True,False,False,164,594,295,251,-0.020959891378879547,8073.511230469051,0.009129187285774071,114,207,True
0.135,0.08000000000000002,-0.12000000000000002,False,True,True,True,True,False,False,163,573,230,203,-0.020959891378879547,5156.223632812541,0.014913797206634627,115,154,True
0.135,0.10000000000000003,-0.12000000000000002,False,True,True,True,True,False,False,153,506,204,186,-0.020959876477718353,8599.526020704918,0.009519030412039348,100,133,True
0.135,0.12000000000000005,-0.12000000000000002,False,True,True,True,True,False,False,129,430,173,149,-0.020959876477718353,4112.856933593904,0.013203904373847745,80,115,True
0.135,0.14000000000000007,-0.12000000000000002,False,True,True,True,True,False,False,113,373,124,99,-0.020959876477718353,5693.715820312712,0.010240178868981122,67,87,True
0.135,0.15999999999999998,-0.12000000000000002,False,True,True,True,True,False,False,95,299,102,90,-0.020959876477718353,5143.20273287725,0.007547358014551271,63,80,True
0.135,0.18,-0.12000000000000002,False,True,True,True,True,False,False,115,373,89,77,-0.020959891378879547,6392.515625000051,0.008972867937718268,84,77,True
0.135,0.2,-0.12000000000000002,False,True,True,True,True,False,False,85,298,152,148,-0.020959891378879547,6137.363769531479,0.003074348708013617,69,133,True
0.135,0.22000000000000003,-0.12000000000000002,False,True,True,True,True,False,False,67,239,103,75,-0.020959891378879547,6907.935058594007,0.01716534920615381,61,94,True
0.135,0.24000000000000005,-0.12000000000000002,False,True,True,True,True,False,False,48,160,66,61,-0.020959891378879547,7445.867675781309,0.015382482866207614,41,65,True
0.135,0.26000000000000006,-0.12000000000000002,True,False,True,True,True,True,False,36,128,60,53,-0.020959891378879547,6379.594327014059,0.036580601653455606,33,59,True
0.135,0.2800000000000001,-0.12000000000000002,True,False,True,True,True,True,False,34,124,61,57,-0.020959891378879547,5763.646968734453,0.05267066718427627,31,57,True
0.135,0.3,-0.12000000000000002,True,False,True,True,True,True,False,37,121,55,51,-0.02095990628004074,4764.106933593927,0.029659325186512563,39,56,True
0.135,0.32,-0.12000000000000002,True,False,True,True,True,True,False,29,109,36,32,-0.015396416187286377,6719.451225508014,0.025340947443073608,34,43,True
0.135,0.34,-0.12000000000000002,True,False,False,False,False,False,False,12,37,0,0,0.004430562257766724,0.0,1.4901161193847656e-08,14,0,False
0.135,0.36000000000000004,-0.12000000000000002,True,False,False,False,False,False,False,0,0,0,0,,0.0,1.4901161193847656e-08,0,0,False
0.135,0.38000000000000006,-0.12000000000000002,True,False,False,False,False,False,False,0,0,0,0,,0.0,1.4901161193847656e-08,0,0,False
0.135,0.4000000000000001,-0.12000000000000002,True,False,False,False,False,False,False,0,0,0,0,,0.0,1.4901161193847656e-08,0,0,False
0.135,0.42,-0.12000000000000002,True,False,False,False,False,False,False,0,0,0,0,,0.0,1.4901161193847656e-08,0,0,False
0.135,-0.42,-0.10000000000000003,True,False,False,False,False,False,False,0,0,0,0,,0.0,1.5017576543430167e-08,0,0,False
0.135,-0.39999999999999997,-0.10000000000000003,True,False,False,False,False,False,False,0,0,0,0,,0.0,1.5017576543430167e-08,0,0,False
0.135,-0.38,-0.10000000000000003,True,False,False,False,False,False,False,0,0,0,0,,0.0,1.5017576543430167e-08,0,0,False
0.135,-0.36,-0.10000000000000003,True,False,False,False,False,False,False,0,0,0,0,,0.0,1.5017576543430167e-08,0,0,False
0.135,-0.33999999999999997,-0.10000000000000003,True,False,False,False,False,False,False,17,59,0,0,0.006583452224731445,0.0,1.5017576543430167e-08,18,0,False
0.135,-0.31999999999999995,-0.10000000000000003,True,False,True,True,True,True,False,52,168,71,37,-0.013416588306427002,4904.96150478205,0.023269801677863248,46,66,True
0.135,-0.3,-0.10000000000000003,True,False,True,True,True,True,False,68,221,81,63,-0.020959846675395966,5924.379882812721,0.009166556559920188,56,92,True
0.135,-0.27999999999999997,-0.10000000000000003,True,False,True,True,True,True,False,59,194,69,65,-0.020959846675395966,5085.62451171894,0.046039525663747624,52,79,True
0.135,-0.26,-0.10000000000000003,True,False,True,True,True,True,False,60,189,62,55,-0.02095986157655716,5650.756520785721,0.047611477849203374,49,67,True
0.135,-0.24,-0.10000000000000003,False,True,True,True,True,False,False,72,242,92,78,-0.02095986157655716,5345.539062500043,0.011208130688711621,53,98,True
0.135,-0.21999999999999997,-0.10000000000000003,False,True,True,True,True,False,False,75,265,117,105,-0.02095986157655716,6256.884277343924,0.018688937252230368,60,113,True
0.135,-0.19999999999999998,-0.10000000000000003,False,True,True,True,True,False,False,84,268,102,75,-0.02095986157655716,6955.684570312694,0.020357225342275666,62,98,True
0.135,-0.18,-0.10000000000000003,False,True,True,True,True,False,False,102,336,88,79,-0.02095986157655716,5945.6494140626655,0.012177772797746898,84,97,True
0.135,-0.15999999999999998,-0.10000000000000003,False,True,True,True,True,False,False,102,355,139,111,-0.02095986157655716,5549.8647460939565,0.006359183190115632,97,149,True
0.135,-0.13999999999999996,-0.10000000000000003,False,True,True,True,True,False,False,103,332,103,85,-0.020959876477718353,7738.393066406538,0.0055269614349914365,97,113,True
0.135,-0.12,-0.10000000000000003,False,True,True,True,True,False,False,120,383,115,97,-0.020959876477718353,8233.061523437807,0.012345247424928448,115,120,True
0.135,-0.09999999999999998,-0.10000000000000003,False,True,True,True,True,False,False,150,490,172,142,-0.020959876477718353,7651.689941406536,0.01278847860427864,167,202,True
0.135,-0.07999999999999996,-0.10000000000000003,False,True,True,True,True,False,False,152,518,189,164,-0.020959876477718353,8226.999023437807,0.006167918650091055,172,209,True
0.135,-0.06,-0.10000000000000003,False,True,True,True,True,False,False,140,464,182,162,-0.020959876477718353,6376.958984375237,0.004550308440014328,155,207,True
0.135,-0.03999999999999998,-0.10000000000000003,False,True,True,True,True,False,False,151,507,175,151,-0.020959876477718353,5731.223632812714,0.006855658789808775,160,157,True
0.135,-0.019999999999999962,-0.10000000000000003,False,True,True,True,True,False,False,150,514,223,202,-0.020959891378879547,8231.393554687807,0.005903965458312295,149,218,True
0.135,0.0,-0.10000000000000003,False,True,True,True,True,False,False,144,471,195,151,-0.020959891378879547,6659.7519531251855,0.018778468299937966,135,170,True
0.135,0.020000000000000018,-0.10000000000000003,False,True,True,True,True,False,False,138,444,164,140,-0.020959891378879547,6896.200683594007,0.007543313448863411,137,168,True
0.135,0.040000000000000036,-0.10000000000000003,False,True,True,True,True,False,False,152,508,178,134,-0.020959891378879547,7615.612304687784,0.006310942219820665,142,163,True
0.135,0.06,-0.10000000000000003,False,True,True,True,True,False,False,149,512,259,212,-0.020959891378879547,7449.726074219027,0.007062605148652892,119,219,True
0.135,0.08000000000000002,-0.10000000000000003,False,True,True,True,True,False,False,142,499,198,183,-0.020959891378879547,6045.8906250000855,0.008655464345441514,138,174,True
0.135,0.10000000000000003,-0.10000000000000003,False,True,True,True,True,False,False,125,435,181,157,-0.031763285398483276,8406.340108439244,0.011633205493604895,118,147,True
0.135,0.12000000000000005,-0.10000000000000003,False,True,True,True,True,False,False,104,360,145,125,-0.031987980008125305,7464.869140625278,0.006434140731095259,94,120,True
0.135,0.14000000000000007,-0.10000000000000003,False,True,True,True,True,False,False,83,288,107,81,-0.03165823221206665,6772.326660156346,0.009941107379283562,98,110,True
0.135,0.15999999999999998,-0.10000000000000003,False,True,True,True,True,False,False,75,237,78,71,-0.020959876477718353,5750.062858047784,0.007054036822079594,93,115,True
0.135,0.18,-0.10000000000000003,False,True,True,True,True,False,False,89,281,73,62,-0.020959876477718353,6829.482421875055,0.009790690892679942,108,110,True
0.135,0.2,-0.10000000000000003,False,True,True,True,True,False,False,78,261,127,121,-0.020959891378879547,5287.740459073157,0.006671184749773187,91,154,True
0.135,0.22000000000000003,-0.10000000000000003,False,True,True,True,True,False,False,61,213,89,69,-0.020959891378879547,9458.304687500353,0.01684365295875429,80,114,True
0.135,0.24000000000000005,-0.10000000000000003,False,True,True,True,True,False,False,44,150,65,60,-0.020959891378879547,10270.094726562884,0.015723022961909302,61,80,True
0.135,0.26000000000000006,-0.10000000000000003,True,False,True,True,True,True,False,33,117,59,52,-0.020959891378879547,11195.204101562917,0.04416510122917336,48,63,True
0.135,0.2800000000000001,-0.10000000000000003,True,False,True,True,True,True,False,31,110,57,53,-0.020959891378879547,9481.958007812853,0.03154294030486591,43,61,True
0.135,0.3,-0.10000000000000003,True,False,True,True,True,True,False,33,114,55,51,-0.020959891378879547,6249.920898437733,0.017076655723600658,50,60,True
0.135,0.32,-0.10000000000000003,True,False,True,True,True,True,False,30,110,44,40,-0.015396416187286377,6562.781738281302,0.029455672756995625,45,56,True
0.135,0.34,-0.10000000000000003,True,False,False,False,False,False,False,12,42,0,0,0.004430562257766724,0.0,1.5017576543430167e-08,15,0,False
0.135,0.36000000000000004,-0.10000000000000003,True,False,False,False,False,False,False,0,0,0,0,,0.0,1.5017576543430167e-08,0,0,False
0.135,0.38000000000000006,-0.10000000000000003,True,False,False,False,False,False,False,0,0,0,0,,0.0,1.5017576543430167e-08,0,0,False
0.135,0.4000000000000001,-0.10000000000000003,True,False,False,False,False,False,False,0,0,0,0,,0.0,1.5017576543430167e-08,0,0,False
0.135,0.42,-0.10000000000000003,True,False,False,False,False,False,False,0,0,0,0,,0.0,1.5017576543430167e-08,0,0,False
0.135,-0.42,-0.08000000000000002,True,False,False,False,False,False,False,0,0,0,0,,0.0,1.4901161193847656e-08,0,0,False
0.135,-0.39999999999999997,-0.08000000000000002,True,False,False,False,False,False,False,0,0,0,0,,0.0,1.4901161193847656e-08,0,0,False
0.135,-0.38,-0.08000000000000002,True,False,False,False,False,False,False,0,0,0,0,,0.0,1.4901161193847656e-08,0,0,False
0.135,-0.36,-0.08000000000000002,True,False,False,False,False,False,False,0,0,0,0,,0.0,1.4901161193847656e-08,0,0,False
0.135,-0.33999999999999997,-0.08000000000000002,True,False,False,False,False,False,False,15,57,0,0,0.0065818727016448975,0.0,1.4901161193847656e-08,18,0,False
0.135,-0.31999999999999995,-0.08000000000000002,True,False,True,True,True,True,False,36,133,66,36,-0.013416588306427002,6264.485728147097,0.03949880577174152,59,77,True
0.135,-0.3,-0.08000000000000002,True,False,True,True,True,True,False,50,176,85,59,-0.020959846675395966,6667.816406250248,0.008301399825465109,81,120,True
0.135,-0.27999999999999997,-0.08000000000000002,True,False,True,True,True,True,False,45,158,73,61,-0.020959846675395966,8357.679687500311,0.05475095407806416,75,103,True
0.135,-0.26,-0.08000000000000002,True,False,True,True,True,True,False,42,145,66,51,-0.02095986157655716,7984.270996094047,0.03470249299030554,71,83,True
0.135,-0.24,-0.08000000000000002,False,True,True,True,True,False,False,50,185,95,74,-0.02095986157655716,8716.27050781257,0.023928697402573258,86,122,True
0.135,-0.21999999999999997,-0.08000000000000002,False,True,True,True,True,False,False,59,209,108,86,-0.02095986157655716,7578.005371094033,0.020253203252604428,105,144,True
0.135,-0.19999999999999998,-0.08000000000000002,False,True,True,True,True,False,False,64,211,98,76,-0.02231043577194214,6828.217773437755,0.015174808327160215,116,148,True
0.135,-0.18,-0.08000000000000002,False,True,True,True,True,False,False,85,291,78,71,-0.03961070626974106,5995.196289062724,0.015275397208655117,140,157,True
0.135,-0.15999999999999998,-0.08000000000000002,False,True,True,True,True,False,False,90,315,139,102,-0.037508271634578705,6594.2460409436635,0.005145124392359371,127,167,True
0.135,-0.13999999999999996,-0.08000000000000002,False,True,True,True,True,False,False,98,316,99,88,-0.036508239805698395,7456.470214844027,0.011082139140972787,124,132,True
0.135,-0.12,-0.08000000000000002,False,True,True,True,True,False,False,105,325,101,87,-0.036508239805698395,7341.389648437774,0.01459804254811721,138,154,True
0.135,-0.09999999999999998,-0.08000000000000002,False,True,True,True,True,False,False,118,410,156,130,-0.020959876477718353,9542.930552503525,0.005419792482403209,153,203,True
0.135,-0.07999999999999996,-0.08000000000000002,False,True,True,True,True,False,False,116,422,178,147,-0.020959876477718353,8338.228515625311,0.011082829175914901,158,231,True
0.135,-0.06,-0.08000000000000002,False,True,True,True,True,False,False,104,365,158,129,-0.020959876477718353,9009.363281250337,0.00887182757736855,147,206,True
0.135,-0.03999999999999998,-0.08000000000000002,False,True,True,True,True,False,False,121,413,137,119,-0.020959876477718353,8131.722167969053,0.011055700262822578,172,190,True
0.135,-0.019999999999999962,-0.08000000000000002,False,True,True,True,True,False,False,110,398,203,164,-0.020959876477718353,7164.148925781517,0.010644361318721856,168,295,True
0.135,0.0,-0.08000000000000002,False,True,True,True,True,False,False,104,357,160,113,-0.020959891378879547,7895.561523437795,0.012798555352593468,179,230,True
0.135,0.020000000000000018,-0.08000000000000002,False,True,True,True,True,False,False,93,304,107,89,-0.020959891378879547,7764.625976562789,0.00900309313894651,170,206,True
0.135,0.040000000000000036,-0.08000000000000002,False,True,True,True,True,False,False,109,361,126,96,-0.020959891378879547,8257.416015625307,0.00583653845344958,196,223,True
0.135,0.06,-0.08000000000000002,False,True,True,True,True,False,False,107,386,196,163,-0.020959891378879547,8579.82617187532,0.009403405610126587,186,313,True
0.135,0.08000000000000002,-0.08000000000000002,False,True,True,True,True,False,False,103,373,151,135,-0.020959891378879547,10011.986328125373,0.011185631998596686,190,247,True
0.135,0.10000000000000003,-0.08000000000000002,False,True,True,True,True,False,False,87,307,143,131,-0.031472332775592804,9684.082111803024,0.017457236298368057,178,238,True
0.135,0.12000000000000005,-0.08000000000000002,False,True,True,True,True,False,False,71,261,109,100,-0.03650829941034317,7178.935546875102,0.01191219265505611,149,210,True
0.135,0.14000000000000007,-0.08000000000000002,False,True,True,True,True,False,False,60,212,84,74,-0.03650829941034317,10290.632812500384,0.00866477598283492,135,156,True
0.135,0.15999999999999998,-0.08000000000000002,False,True,True,True,True,False,False,51,171,72,68,-0.03650829941034317,6010.779785156475,0.0073340660152114105,118,155,True
0.135,0.18,-0.08000000000000002,False,True,True,True,True,False,False,75,248,70,62,-0.03144054114818573,7286.190917968808,0.005012227893875961,145,131,True
0.135,0.2,-0.08000000000000002,False,True,True,True,True,False,False,68,239,125,109,-0.020959891378879547,6496.494140625242,0.006821844151157619,116,174,True
0.135,0.22000000000000003,-0.08000000000000002,False,True,True,True,True,False,False,59,205,93,65,-0.020959891378879547,6992.19775390651,0.02396010563322639,99,127,True
0.135,0.24000000000000005,-0.08000000000000002,False,True,True,True,True,False,False,42,143,69,56,-0.020959891378879547,10433.07617187539,0.056367746950512713,73,89,True
0.135,0.26000000000000006,-0.08000000000000002,True,False,True,True,True,True,False,31,112,63,48,-0.020959891378879547,8141.223144531554,0.022622350489545976,53,82,True
0.135,0.2800000000000001,-0.08000000000000002,True,False,True,True,True,True,False,29,105,61,49,-0.020959891378879547,9664.29882812536,0.05990002142522353,57,96,True
0.135,0.3,-0.08000000000000002,True,False,True,True,True,True,False,32,113,59,47,-0.020959891378879547,4648.343750000037,0.01165411547814979,59,85,True
0.135,0.32,-0.08000000000000002,True,False,True,True,True,True,False,27,100,43,39,-0.015396416187286377,7586.016058769273,0.022964719713623415,41,53,True
0.135,0.34,-0.08000000000000002,True,False,False,False,False,False,False,11,43,0,0,0.004430562257766724,0.0,1.4901161193847656e-08,14,0,False
0.135,0.36000000000000004,-0.08000000000000002,True,False,False,False,False,False,False,0,0,0,0,,0.0,1.4901161193847656e-08,0,0,False
0.135,0.38000000000000006,-0.08000000000000002,True,False,False,False,False,False,False,0,0,0,0,,0.0,1.4901161193847656e-08,0,0,False
0.135,0.4000000000000001,-0.08000000000000002,True,False,False,False,False,False,False,0,0,0,0,,0.0,1.4901161193847656e-08,0,0,False
0.135,0.42,-0.08000000000000002,True,False,False,False,False,False,False,0,0,0,0,,0.0,1.4901161193847656e-08,0,0,False
0.135,-0.42,-0.06,True,False,False,False,False,False,False,0,0,0,0,,0.0,1.4901161193847656e-08,0,0,False
0.135,-0.39999999999999997,-0.06,True,False,False,False,False,False,False,0,0,0,0,,0.0,1.4901161193847656e-08,0,0,False
0.135,-0.38,-0.06,True,False,False,False,False,False,False,0,0,0,0,,0.0,1.4901161193847656e-08,0,0,False
0.135,-0.36,-0.06,True,False,False,False,False,False,False,0,0,0,0,,0.0,1.4901161193847656e-08,0,0,False
0.135,-0.33999999999999997,-0.06,True,False,False,False,False,False,False,25,67,0,0,0.00657905638217926,0.0,1.4901161193847656e-08,28,0,False
0.135,-0.31999999999999995,-0.06,True,False,True,True,True,True,False,53,187,63,37,-0.013416588306427002,6032.129420975734,0.03326593333647135,69,74,True
0.135,-0.3,-0.06,True,False,True,True,True,True,False,70,234,81,63,-0.02095983177423477,7450.655273437777,0.01947822748965445,89,100,True
0.135,-0.27999999999999997,-0.06,True,False,True,True,True,True,False,60,209,69,65,-0.02095983177423477,8984.650390625335,0.01415603314595789,80,87,True
0.135,-0.26,-0.06,True,False,True,True,True,True,False,63,215,62,55,-0.02095983177423477,7139.7441406252665,0.012112109016249699,85,75,True
0.135,-0.24,-0.06,False,True,True,True,True,False,False,71,242,95,79,-0.02095983177423477,6810.844726562689,0.012164303937615207,102,116,True
0.135,-0.21999999999999997,-0.06,False,True,True,True,True,False,False,81,277,115,103,-0.020959846675395966,6601.907226562684,0.015832041355659084,120,147,True
0.135,-0.19999999999999998,-0.06,False,True,True,True,True,False,False,91,292,110,85,-0.023012638092041016,7610.522949218804,0.020567411266153354,136,154,True
0.135,-0.18,-0.06,False,True,True,True,True,False,False,102,335,82,70,-0.0420471727848053,7223.328125000269,0.014847755418954231,163,143,True
0.135,-0.15999999999999998,-0.06,False,True,True,True,True,False,False,102,339,116,93,-0.042012736201286316,8344.412109375311,0.007701771227142123,169,207,True
0.135,-0.13999999999999996,-0.06,False,True,True,True,True,False,False,106,329,89,83,-0.03073914349079132,6357.947265625237,0.008886385293350955,173,162,True
0.135,-0.12,-0.06,False,True,True,True,True,False,False,137,399,92,82,-0.024436049163341522,7070.304199218946,0.004720836905851331,200,176,True
0.135,-0.09999999999999998,-0.06,False,True,True,True,True,False,False,150,494,148,122,-0.02095986157655716,8220.668945312806,0.008979246524717752,222,236,True
0.135,-0.07999999999999996,-0.06,False,True,True,True,True,False,False,145,484,152,137,-0.02095986157655716,7833.085937500292,0.019443887383431335,220,243,True
0.135,-0.06,-0.06,False,True,True,True,True,False,False,126,426,139,129,-0.02095986157655716,7615.866699219034,0.010206113580042104,204,229,True
0.135,-0.03999999999999998,-0.06,False,True,True,True,True,False,False,136,463,116,105,-0.02095986157655716,8466.041015625317,0.014522260844044267,219,211,True
0.135,-0.019999999999999962,-0.06,False,True,True,True,True,False,False,131,449,188,178,-0.02095986157655716,7543.191894531531,0.0017309091468819806,214,272,True
0.135,0.0,-0.06,False,True,True,True,True,False,False,130,442,150,120,-0.02095986157655716,7201.667968750268,0.014165016160432307,214,217,True
0.135,0.020000000000000018,-0.06,False,True,True,True,True,False,False,122,389,101,91,-0.020959876477718353,6282.717773437735,0.009794934463626085,218,208,True
0.135,0.040000000000000036,-0.06,False,True,True,True,True,False,False,132,439,117,97,-0.020959876477718353,9135.25683593784,0.006152752550656441,237,202,True
0.135,0.06,-0.06,False,True,True,True,True,False,False,128,447,174,153,-0.020959876477718353,7328.482421875273,0.008737261168045988,214,310,True
0.135,0.08000000000000002,-0.06,False,True,True,True,True,False,False,132,451,143,135,-0.020959876477718353,7207.094726562769,0.0027571077177970926,218,257,True
0.135,0.10000000000000003,-0.06,False,True,True,True,True,False,False,132,437,138,126,-0.027134746313095093,6830.325921866723,0.007611356526756035,209,246,True
0.135,0.12000000000000005,-0.06,False,True,True,True,True,False,False,117,383,104,95,-0.027272120118141174,9226.589843750344,0.004757163165628251,182,188,True
0.135,0.14000000000000007,-0.06,False,True,True,True,True,False,False,92,304,79,69,-0.02523113787174225,5555.821289062579,0.01053531729674082,151,136,True
0.135,0.15999999999999998,-0.06,False,True,True,True,True,False,False,91,282,70,66,-0.02095986157655716,5755.027271576694,0.004299268414678377,139,115,True
0.135,0.18,-0.06,False,True,True,True,True,False,False,116,361,73,65,-0.020959876477718353,7967.675781250064,0.015009403405265246,165,108,True
0.135,0.2,-0.06,False,True,True,True,True,False,False,121,385,137,133,-0.020959876477718353,6854.947753906506,0.01401447282755655,148,184,True
0.135,0.22000000000000003,-0.06,False,True,True,True,True,False,False,98,327,98,71,-0.020959876477718353,8246.092773437807,0.01218812893735692,124,135,True
0.135,0.24000000000000005,-0.06,False,True,True,True,True,False,False,73,239,79,71,-0.020959876477718353,11757.268554687938,0.017926423674733957,96,92,True
0.135,0.26000000000000006,-0.06,True,False,True,True,True,True,False,61,212,59,52,-0.020959876477718353,9242.791015625344,0.017333818334245608,80,72,True
0.135,0.2800000000000001,-0.06,True,False,True,True,True,True,False,50,175,57,53,-0.020959876477718353,7435.384277344027,0.03953618698496292,68,73,True
0.135,0.3,-0.06,True,False,True,True,True,True,False,60,201,55,51,-0.020959891378879547,5808.2275390627165,0.033519354484917656,77,61,True
0.135,0.32,-0.06,True,False,True,True,True,True,False,51,158,44,40,-0.015396416187286377,7297.706542968809,0.05632270218407015,57,44,True
0.135,0.34,-0.06,True,False,False,False,False,False,False,18,49,0,0,0.004427388310432434,0.0,1.4901161193847656e-08,19,0,False
0.135,0.36000000000000004,-0.06,True,False,False,False,False,False,False,0,0,0,0,,0.0,1.4901161193847656e-08,0,0,False
0.135,0.38000000000000006,-0.06,True,False,False,False,False,False,False,0,0,0,0,,0.0,1.4901161193847656e-08,0,0,False
0.135,0.4000000000000001,-0.06,True,False,False,False,False,False,False,0,0,0,0,,0.0,1.4901161193847656e-08,0,0,False
0.135,0.42,-0.06,True,False,False,False,False,False,False,0,0,0,0,,0.0,1.4901161193847656e-08,0,0,False
0.135,-0.42,-0.040000000000000036,True,False,False,False,False,False,False,0,0,0,0,,0.0,1.4901161193847656e-08,0,0,False
0.135,-0.39999999999999997,-0.040000000000000036,True,False,False,False,False,False,False,0,0,0,0,,0.0,1.4901161193847656e-08,0,0,False
0.135,-0.38,-0.040000000000000036,True,False,False,False,False,False,False,0,0,0,0,,0.0,1.4901161193847656e-08,0,0,False
0.135,-0.36,-0.040000000000000036,True,False,False,False,False,False,False,0,0,0,0,,0.0,1.4901161193847656e-08,0,0,False
0.135,-0.33999999999999997,-0.040000000000000036,True,False,False,False,False,False,False,25,76,0,0,0.006578236818313599,0.0,1.4901161193847656e-08,29,0,False
0.135,-0.31999999999999995,-0.040000000000000036,True,False,True,True,True,True,False,59,204,83,53,-0.013416588306427002,4430.135592035946,0.02579988255786108,79,98,True
0.135,-0.3,-0.040000000000000036,True,False,True,True,True,True,False,70,245,117,72,-0.02095983177423477,4210.600097656407,0.014803118306294567,103,160,True
0.135,-0.27999999999999997,-0.040000000000000036,True,False,True,True,True,True,False,65,229,105,87,-0.02095983177423477,8540.460937500318,0.04837037043285368,97,154,True
0.135,-0.26,-0.040000000000000036,True,False,True,True,True,True,False,64,222,100,76,-0.02095983177423477,6426.894042968928,0.009655359531669901,99,134,True
0.135,-0.24,-0.040000000000000036,False,True,True,True,True,False,False,76,270,136,109,-0.02095983177423477,6519.486816406493,0.004410538126510669,105,182,True
0.135,-0.21999999999999997,-0.040000000000000036,False,True,True,True,True,False,False,93,322,141,111,-0.02095983177423477,8095.311035156315,0.005404640929577596,123,179,True
0.135,-0.19999999999999998,-0.040000000000000036,False,True,True,True,True,False,False,102,337,143,98,-0.020959846675395966,4736.283691406426,0.010522982545009569,135,174,True
0.135,-0.18,-0.040000000000000036,False,True,True,True,True,False,False,116,395,137,111,-0.020959846675395966,6832.09765625019,0.012218431453455206,162,157,True
0.135,-0.15999999999999998,-0.040000000000000036,False,True,True,True,True,False,False,112,397,172,124,-0.020959846675395966,7890.995474322717,0.006279482546751708,159,238,True
0.135,-0.13999999999999996,-0.040000000000000036,False,True,True,True,True,False,False,132,429,142,114,-0.020959846675395966,7628.856445312784,0.01430770799969772,184,185,True
0.135,-0.12,-0.040000000000000036,False,True,True,True,True,False,False,146,480,182,141,-0.020959846675395966,6093.0756835939765,0.006771604702779951,202,212,True
0.135,-0.09999999999999998,-0.040000000000000036,False,True,True,True,True,False,False,152,532,223,175,-0.020959846675395966,6544.379394531303,0.008954419521393,207,278,True
0.135,-0.07999999999999996,-0.040000000000000036,False,True,True,True,True,False,False,143,500,212,169,-0.02095986157655716,8019.419433594049,0.015303825026334294,195,283,True
0.135,-0.06,-0.040000000000000036,False,True,True,True,True,False,False,129,463,195,159,-0.02095986157655716,6318.860351562736,0.011287710256486222,164,245,True
0.135,-0.03999999999999998,-0.040000000000000036,False,True,True,True,True,False,False,141,505,181,145,-0.02095986157655716,5638.425292968907,0.0066093102997107946,183,218,True
0.135,-0.019999999999999962,-0.040000000000000036,False,True,True,True,True,False,False,148,530,265,221,-0.02095986157655716,6153.855469727307,0.0029742737517770494,179,330,True
0.135,0.0,-0.040000000000000036,False,True,True,True,True,False,False,149,526,219,164,-0.02095986157655716,7723.254394531538,0.011030293938489878,181,259,True
0.135,0.020000000000000018,-0.040000000000000036,False,True,True,True,True,False,False,134,450,174,138,-0.02095986157655716,4972.034179687571,0.009637823420310826,165,209,True
0.135,0.040000000000000036,-0.040000000000000036,False,True,True,True,True,False,False,154,523,187,143,-0.020959876477718353,7071.914062500264,0.008754358577121453,178,223,True
0.135,0.06,-0.040000000000000036,False,True,True,True,True,False,False,147,524,244,195,-0.020959876477718353,8575.71582031282,0.01012633735302845,163,326,True
0.135,0.08000000000000002,-0.040000000000000036,False,True,True,True,True,False,False,149,526,210,178,-0.020959876477718353,8707.006835937824,0.006255708289472014,163,246,True
0.135,0.10000000000000003,-0.040000000000000036,False,True,True,True,True,False,False,141,487,213,176,-0.021777406334877014,9387.423462743367,0.007751169699097476,162,243,True
0.135,0.12000000000000005,-0.040000000000000036,False,True,True,True,True,False,False,128,458,186,145,-0.025507330894470215,4895.024902343933,0.012285178717588089,146,229,True
0.135,0.14000000000000007,-0.040000000000000036,False,True,True,True,True,False,False,111,378,137,108,-0.029009684920310974,4444.4487304689155,0.014159254293727063,130,166,True
0.135,0.15999999999999998,-0.040000000000000036,False,True,True,True,True,False,False,93,311,125,103,-0.026793673634529114,6670.643554687748,0.0032445987080101943,104,146,True
0.135,0.18,-0.040000000000000036,False,True,True,True,True,False,False,114,388,137,111,-0.026572681963443756,5772.262207031466,0.011940797351691478,134,156,True
0.135,0.2,-0.040000000000000036,False,True,True,True,True,False,False,115,389,190,161,-0.020959876477718353,5344.747558593793,0.008502847265745395,121,221,True
0.135,0.22000000000000003,-0.040000000000000036,False,True,True,True,True,False,False,99,349,149,108,-0.020959876477718353,8177.563476562805,0.0050415011944224064,105,168,True
0.135,0.24000000000000005,-0.040000000000000036,False,True,True,True,True,False,False,76,262,128,111,-0.020959876477718353,7279.845703125271,0.007936851636710977,83,133,True
0.135,0.26000000000000006,-0.040000000000000036,True,False,True,True,True,True,False,60,218,115,94,-0.020959876477718353,9880.983398437867,0.0034922787280285967,65,120,True
0.135,0.2800000000000001,-0.040000000000000036,True,False,True,True,True,True,False,56,200,108,93,-0.020959876477718353,8446.274414062815,0.02734909288331265,61,116,True
0.135,0.3,-0.040000000000000036,True,False,True,True,True,True,False,61,208,104,89,-0.020959876477718353,5204.608886718944,0.021919035508254258,64,108,True
0.135,0.32,-0.040000000000000036,True,False,True,True,True,True,False,57,195,68,61,-0.015396416187286377,4082.7399100971584,0.029136938227438958,57,68,True
0.135,0.34,-0.040000000000000036,True,False,False,False,False,False,False,22,64,0,0,0.004426747560501099,0.0,1.4901161193847656e-08,22,0,False
0.135,0.36000000000000004,-0.040000000000000036,True,False,False,False,False,False,False,0,0,0,0,,0.0,1.4901161193847656e-08,0,0,False
0.135,0.38000000000000006,-0.040000000000000036,True,False,False,False,False,False,False,0,0,0,0,,0.0,1.4901161193847656e-08,0,0,False
0.135,0.4000000000000001,-0.040000000000000036,True,False,False,False,False,False,False,0,0,0,0,,0.0,1.4901161193847656e-08,0,0,False
0.135,0.42,-0.040000000000000036,True,False,False,False,False,False,False,0,0,0,0,,0.0,1.4901161193847656e-08,0,0,False
0.135,-0.42,-0.020000000000000018,True,False,False,False,False,False,False,0,0,0,0,,0.0,1.4901161193847656e-08,0,0,False
0.135,-0.39999999999999997,-0.020000000000000018,True,False,False,False,False,False,False,0,0,0,0,,0.0,1.4901161193847656e-08,0,0,False
0.135,-0.38,-0.020000000000000018,True,False,False,False,False,False,False,0,0,0,0,,0.0,1.4901161193847656e-08,0,0,False
0.135,-0.36,-0.020000000000000018,True,False,False,False,False,False,False,0,0,0,0,,0.0,1.4901161193847656e-08,0,0,False
0.135,-0.33999999999999997,-0.020000000000000018,True,False,False,False,False,False,False,18,59,0,0,0.006578236818313599,0.0,1.4901161193847656e-08,22,0,False
0.135,-0.31999999999999995,-0.020000000000000018,True,False,True,True,True,True,False,43,144,67,45,-0.013416588306427002,6247.821289062549,0.018136812373582493,61,78,True
0.135,-0.3,-0.020000000000000018,True,False,True,True,True,True,False,64,213,89,59,-0.02095983177423477,5532.5742187502065,0.025160787307149556,83,127,True
0.135,-0.27999999999999997,-0.020000000000000018,True,False,True,True,True,True,False,59,203,79,67,-0.02095983177423477,4880.311523437682,0.05353913402016029,77,112,True
0.135,-0.26,-0.020000000000000018,True,False,True,True,True,True,False,61,209,80,57,-0.02095983177423477,6728.371093750251,0.02384877971681861,75,94,True
0.135,-0.24,-0.020000000000000018,False,True,True,True,True,False,False,65,237,125,89,-0.02095983177423477,7357.738769531309,0.02850625440105402,78,152,True
0.135,-0.21999999999999997,-0.020000000000000018,False,True,True,True,True,False,False,77,264,118,96,-0.02095983177423477,7436.898925781527,0.012730160612640103,90,152,True
0.135,-0.19999999999999998,-0.020000000000000018,False,True,True,True,True,False,False,89,282,109,90,-0.02095983177423477,5354.33349609395,0.016060619647623835,99,145,True
0.135,-0.18,-0.020000000000000018,False,True,True,True,True,False,False,97,317,111,92,-0.020959846675395966,6341.234863281301,0.008599199476581148,127,131,True
0.135,-0.15999999999999998,-0.020000000000000018,False,True,True,True,True,False,False,105,347,137,97,-0.020959846675395966,6471.404832552769,0.010203917626185876,128,208,True
0.135,-0.13999999999999996,-0.020000000000000018,False,True,True,True,True,False,False,113,370,129,96,-0.020959846675395966,5324.597167968898,0.010749995736730446,144,155,True
0.135,-0.12,-0.020000000000000018,False,True,True,True,True,False,False,134,427,149,118,-0.020959846675395966,6583.375976562746,0.005999669908254579,160,171,True
0.135,-0.09999999999999998,-0.020000000000000018,False,True,True,True,True,False,False,138,461,200,148,-0.020959846675395966,7048.646972656513,0.004261386368004433,170,235,True
0.135,-0.07999999999999996,-0.020000000000000018,False,True,True,True,True,False,False,131,452,195,145,-0.020959846675395966,7934.899902344046,0.012312554928146069,159,244,True
0.135,-0.06,-0.020000000000000018,False,True,True,True,True,False,False,117,407,167,125,-0.02095986157655716,6582.863281250094,0.007186043130548443,133,210,True
0.135,-0.03999999999999998,-0.020000000000000018,False,True,True,True,True,False,False,131,450,148,112,-0.02095986157655716,5803.4975585939665,0.0010963660768435121,156,179,True
0.135,-0.019999999999999962,-0.020000000000000018,False,True,True,True,True,False,False,140,486,244,189,-0.02095986157655716,7968.5117187502965,0.006670603135663027,152,291,True
0.135,0.0,-0.020000000000000018,False,True,True,True,True,False,False,149,491,202,142,-0.02095986157655716,8923.969726562833,0.013628624608970371,159,224,True
0.135,0.020000000000000018,-0.020000000000000018,False,True,True,True,True,False,False,134,426,158,128,-0.02095986157655716,7047.582377221811,0.009429596996584088,146,178,True
0.135,0.040000000000000036,-0.020000000000000018,False,True,True,True,True,False,False,146,480,167,127,-0.02095986157655716,6354.9711914064865,0.01466717373435785,169,192,True
0.135,0.06,-0.020000000000000018,False,True,True,True,True,False,False,145,506,226,168,-0.02095986157655716,6357.8745117189865,0.013528852565043733,157,295,True
0.135,0.08000000000000002,-0.020000000000000018,False,True,True,True,True,False,False,143,499,194,165,-0.020959876477718353,7582.680664062783,0.012272601544056684,156,215,True
0.135,0.10000000000000003,-0.020000000000000018,False,True,True,True,True,False,False,140,460,191,163,-0.02095986157655716,9027.255345301712,0.010344802262406607,150,208,True
0.135,0.12000000000000005,-0.020000000000000018,False,True,True,True,True,False,False,128,441,154,127,-0.02095986157655716,6665.844724467143,0.00684295694359839,136,194,True
0.135,0.14000000000000007,-0.020000000000000018,False,True,True,True,True,False,False,113,366,110,92,-0.02095986157655716,5922.770019531471,0.0084215919288077,117,136,True
0.135,0.15999999999999998,-0.020000000000000018,False,True,True,True,True,False,False,86,282,99,87,-0.02095986157655716,6576.998535156496,0.01149700116311373,94,116,True
0.135,0.18,-0.020000000000000018,False,True,True,True,True,False,False,104,343,110,102,-0.02095986157655716,5113.332031250041,0.012188779330103783,124,126,True
0.135,0.2,-0.020000000000000018,False,True,True,True,True,False,False,102,342,159,154,-0.02095986157655716,6604.224609375246,0.014578703738434583,108,188,True
0.135,0.22000000000000003,-0.020000000000000018,False,True,True,True,True,False,False,85,295,121,99,-0.020959876477718353,8406.289062500313,0.00895121573451725,90,140,True
0.135,0.24000000000000005,-0.020000000000000018,False,True,True,True,True,False,False,67,222,101,96,-0.020959876477718353,7217.899414062769,0.022533823817892568,71,106,True
0.135,0.26000000000000006,-0.020000000000000018,True,False,True,True,True,True,False,54,180,88,78,-0.020959876477718353,7863.863929003692,0.023847540416191696,57,93,True
0.135,0.2800000000000001,-0.020000000000000018,True,False,True,True,True,True,False,51,169,81,77,-0.020959876477718353,7836.934082031542,0.02176808918183536,57,89,True
0.135,0.3,-0.020000000000000018,True,False,True,True,True,True,False,55,182,82,74,-0.020959876477718353,5098.55175781269,0.012170403755980299,58,86,True
0.135,0.32,-0.020000000000000018,True,False,True,True,True,True,False,43,152,56,52,-0.015421509742736816,6776.255859375055,0.03633719037338578,45,56,True
0.135,0.34,-0.020000000000000018,True,False,False,False,False,False,False,18,61,0,0,0.004426747560501099,0.0,1.4901161193847656e-08,18,0,False
0.135,0.36000000000000004,-0.020000000000000018,True,False,False,False,False,False,False,0,0,0,0,,0.0,1.4901161193847656e-08,0,0,False
0.135,0.38000000000000006,-0.020000000000000018,True,False,False,False,False,False,False,0,0,0,0,,0.0,1.4901161193847656e-08,0,0,False
0.135,0.4000000000000001,-0.020000000000000018,True,False,False,False,False,False,False,0,0,0,0,,0.0,1.4901161193847656e-08,0,0,False
0.135,0.42,-0.020000000000000018,True,False,False,False,False,False,False,0,0,0,0,,0.0,1.4901161193847656e-08,0,0,False
0.135,-0.42,0.0,True,False,False,False,False,False,False,0,0,0,0,,0.0,1.4901161193847656e-08,0,0,False
0.135,-0.39999999999999997,0.0,True,False,False,False,False,False,False,0,0,0,0,,0.0,1.4901161193847656e-08,0,0,False
0.135,-0.38,0.0,True,False,False,False,False,False,False,0,0,0,0,,0.0,1.4901161193847656e-08,0,0,False
0.135,-0.36,0.0,True,False,False,False,False,False,False,0,0,0,0,,0.0,1.4901161193847656e-08,0,0,False
0.135,-0.33999999999999997,0.0,True,False,False,False,False,False,False,16,57,0,0,0.006578236818313599,0.0,1.4901161193847656e-08,20,0,False
0.135,-0.31999999999999995,0.0,True,False,True,True,True,True,False,35,118,55,45,-0.013416588306427002,6508.054822578797,0.058654074375255,58,78,True
0.135,-0.3,0.0,True,False,True,True,True,True,False,55,166,74,45,-0.020959816873073578,4405.115722656414,0.02467819556075656,82,130,True
0.135,-0.27999999999999997,0.0,True,False,True,True,True,True,False,46,145,65,42,-0.02095983177423477,4974.555619985697,0.07988638621019915,77,112,True
0.135,-0.26,0.0,True,False,True,True,True,True,False,46,148,69,42,-0.02095983177423477,6695.1801757815,0.03644711361879163,74,94,True
0.135,-0.24,0.0,False,True,True,True,True,False,False,58,190,81,61,-0.02095983177423477,7398.091796875059,0.0351164513323399,80,152,True
0.135,-0.21999999999999997,0.0,False,True,True,True,True,False,False,62,199,78,59,-0.02095983177423477,6484.638183593802,0.017866775395749435,90,152,True
0.135,-0.19999999999999998,0.0,False,True,True,True,True,False,False,68,206,82,62,-0.02095983177423477,7103.774902343806,0.020261929922293493,99,145,True
0.135,-0.18,0.0,False,True,True,True,True,False,False,76,214,77,64,-0.02095983177423477,6322.156250000236,0.018526885848500305,129,131,True
0.135,-0.15999999999999998,0.0,False,True,True,True,True,False,False,81,235,66,46,-0.020959846675395966,6262.337890625233,0.013300064956419468,132,212,True
0.135,-0.13999999999999996,0.0,False,True,True,True,True,False,False,93,268,78,46,-0.020959846675395966,7289.156738281522,0.011556979845160404,145,147,True
0.135,-0.12,0.0,False,True,True,True,True,False,False,106,308,115,80,-0.020959846675395966,5665.049804687711,0.013764578402771952,155,172,True
0.135,-0.09999999999999998,0.0,False,True,True,True,True,False,False,116,345,141,101,-0.020959846675395966,10494.776367187584,0.00988782227252778,168,260,True
0.135,-0.07999999999999996,0.0,False,True,True,True,True,False,False,100,315,106,79,-0.020959846675395966,8468.453125000317,0.01210129061804933,159,264,True
0.135,-0.06,0.0,False,True,True,True,True,False,False,86,269,106,79,-0.020959846675395966,6243.707519531483,0.0164671003716551,135,224,True
0.135,-0.03999999999999998,0.0,False,True,True,True,True,False,False,111,353,106,79,-0.02095986157655716,6113.062011718978,0.005000239105398215,157,188,True
0.135,-0.019999999999999962,0.0,False,True,True,True,True,False,False,125,410,199,171,-0.02095986157655716,6811.374023437754,0.004724188531997386,155,320,True
0.135,0.0,0.0,False,True,True,True,True,False,False,133,427,167,128,-0.02095986157655716,8534.553710937818,0.012501308016975741,156,232,True
0.135,0.020000000000000018,0.0,False,True,True,True,True,False,False,115,360,141,109,-0.02095986157655716,5227.361328125195,0.013975751451160789,140,170,True
0.135,0.040000000000000036,0.0,False,True,True,True,True,False,False,125,388,134,105,-0.02095986157655716,4748.974609375176,0.0066711369850283005,163,206,True
0.135,0.06,0.0,False,True,True,True,True,False,False,127,434,193,150,-0.02095986157655716,6864.141113281506,0.0035432483605762,154,316,True
0.135,0.08000000000000002,0.0,False,True,True,True,True,False,False,123,419,163,146,-0.02095986157655716,6132.782714843978,0.0031010443148272037,153,230,True
0.135,0.10000000000000003,0.0,False,True,True,True,True,False,False,131,420,180,151,-0.020959846675395966,9379.96582031285,0.006348428338724256,147,212,True
0.135,0.12000000000000005,0.0,False,True,True,True,True,False,False,117,390,160,119,-0.02095986157655716,4763.624511718927,0.010815158039943042,129,199,True
0.135,0.14000000000000007,0.0,False,True,True,True,True,False,False,101,325,98,84,-0.02095986157655716,5827.962558914383,0.015167839958133752,112,160,True
0.135,0.15999999999999998,0.0,False,True,True,True,True,False,False,78,250,83,79,-0.02095986157655716,6690.427734375249,0.01672972006509287,93,133,True
0.135,0.18,0.0,False,True,True,True,True,False,False,104,334,110,102,-0.02095986157655716,7445.462402344027,0.005654052667422595,121,135,True
0.135,0.2,0.0,False,True,True,True,True,False,False,103,339,159,155,-0.02095986157655716,6689.158691406304,0.01165547286292215,110,203,True
0.135,0.22000000000000003,0.0,False,True,True,True,True,False,False,82,289,121,99,-0.02095986157655716,9681.33398437536,0.010281822740774276,90,156,True
0.135,0.24000000000000005,0.0,False,True,True,True,True,False,False,60,206,101,96,-0.020959876477718353,6519.195800781302,0.018477904517946984,67,116,True
0.135,0.26000000000000006,0.0,True,False,True,True,True,True,False,48,168,88,78,-0.020959876477718353,8143.185546875304,0.01596895202982018,53,102,True
0.135,0.2800000000000001,0.0,True,False,True,True,True,True,False,45,154,81,77,-0.020959876477718353,6353.6909179689865,0.018890965980757093,51,94,True
0.135,0.3,0.0,True,False,True,True,True,True,False,46,158,82,74,-0.020959876477718353,5988.676269531474,0.04213098631167243,54,90,True
0.135,0.32,0.0,True,False,True,True,True,True,False,39,142,56,52,-0.015421509742736816,6682.059570312554,0.05644944191890256,42,56,True
0.135,0.34,0.0,True,False,False,False,False,False,False,16,55,0,0,0.004426747560501099,0.0,1.4901161193847656e-08,15,0,False
0.135,0.36000000000000004,0.0,True,False,False,False,False,False,False,0,0,0,0,,0.0,1.4901161193847656e-08,0,0,False
0.135,0.38000000000000006,0.0,True,False,False,False,False,False,False,0,0,0,0,,0.0,1.4901161193847656e-08,0,0,False
0.135,0.4000000000000001,0.0,True,False,False,False,False,False,False,0,0,0,0,,0.0,1.4901161193847656e-08,0,0,False
0.135,0.42,0.0,True,False,False,False,False,False,False,0,0,0,0,,0.0,1.4901161193847656e-08,0,0,False
0.135,-0.42,0.019999999999999962,True,False,False,False,False,False,False,0,0,0,0,,0.0,1.4901161193847656e-08,0,0,False
0.135,-0.39999999999999997,0.019999999999999962,True,False,False,False,False,False,False,0,0,0,0,,0.0,1.4901161193847656e-08,0,0,False
0.135,-0.38,0.019999999999999962,True,False,False,False,False,False,False,0,0,0,0,,0.0,1.4901161193847656e-08,0,0,False
0.135,-0.36,0.019999999999999962,True,False,False,False,False,False,False,0,0,0,0,,0.0,1.4901161193847656e-08,0,0,False
0.135,-0.33999999999999997,0.019999999999999962,True,False,False,False,False,False,False,16,57,0,0,0.006578236818313599,0.0,1.4901161193847656e-08,20,0,False
0.135,-0.31999999999999995,0.019999999999999962,True,False,True,True,True,True,False,27,98,55,45,-0.013416588306427002,6993.4916992188055,0.04315506630273644,61,82,True
0.135,-0.3,0.019999999999999962,True,False,True,True,True,True,False,36,123,66,40,-0.020959816873073578,4568.53515625017,0.0442662086260381,88,126,True
0.135,-0.27999999999999997,0.019999999999999962,True,False,True,True,True,True,False,34,118,50,42,-0.020959816873073578,4751.045898437677,0.04927749502929914,82,105,True
0.135,-0.26,0.019999999999999962,True,False,True,True,True,True,False,33,123,57,42,-0.02095983177423477,4149.047363281405,0.031396482483800794,80,98,True
0.135,-0.24,0.019999999999999962,False,True,True,True,True,False,False,39,139,69,61,-0.02095983177423477,6973.55859375026,0.03105320090138128,89,174,True
0.135,-0.21999999999999997,0.019999999999999962,False,True,True,True,True,False,False,43,150,67,59,-0.02095983177423477,7534.11181640631,0.012439402300387077,95,151,True
0.135,-0.19999999999999998,0.019999999999999962,False,True,True,True,True,False,False,47,162,70,62,-0.02095983177423477,7726.704589843812,0.014206412193954363,104,137,True
0.135,-0.18,0.019999999999999962,False,True,True,True,True,False,False,46,164,72,64,-0.02095983177423477,7603.934570312784,0.015146625941020545,122,132,True
0.135,-0.15999999999999998,0.019999999999999962,False,True,True,True,True,False,False,44,155,54,46,-0.02095983177423477,7269.254394531521,0.011575425087583548,120,191,True
0.135,-0.13999999999999996,0.019999999999999962,False,True,True,True,True,False,False,56,185,54,46,-0.020959846675395966,5137.237131891342,0.019110091386493437,125,139,True
0.135,-0.12,0.019999999999999962,False,True,True,True,True,False,False,64,229,96,80,-0.020959846675395966,4538.479980468919,0.009842693320570216,141,150,True
0.135,-0.09999999999999998,0.019999999999999962,False,True,True,True,True,False,False,66,241,113,101,-0.020959846675395966,9704.790039062578,0.015011810754189725,154,214,True
0.135,-0.07999999999999996,0.019999999999999962,False,True,True,True,True,False,False,61,224,91,79,-0.020959846675395966,8503.533203125317,0.014087705869377274,147,219,True
0.135,-0.06,0.019999999999999962,False,True,True,True,True,False,False,52,194,91,79,-0.020959846675395966,7141.6098632815165,0.019753095906640327,126,206,True
0.135,-0.03999999999999998,0.019999999999999962,False,True,True,True,True,False,False,78,288,91,79,-0.020959846675395966,5964.264648437722,0.005700789200366327,136,166,True
0.135,-0.019999999999999962,0.019999999999999962,False,True,True,True,True,False,False,91,326,183,167,-0.02095986157655716,5800.7612304689665,0.012737528814600925,133,230,True
0.135,0.0,0.019999999999999962,False,True,True,True,True,False,False,104,365,158,120,-0.02095986157655716,6160.18896484398,0.005447297539199782,129,192,True
0.135,0.020000000000000018,0.019999999999999962,False,True,True,True,True,False,False,90,312,133,109,-0.02095986157655716,5597.751464843958,0.0019338482145824555,116,137,True
0.135,0.040000000000000036,0.019999999999999962,False,True,True,True,True,False,False,98,339,133,109,-0.02095986157655716,6394.662597656488,0.012248643050231395,131,152,True
0.135,0.06,0.019999999999999962,False,True,True,True,True,False,False,104,378,180,164,-0.02095986157655716,8542.239257812818,0.0048699618119367235,138,227,True
0.135,0.08000000000000002,0.019999999999999962,False,True,True,True,True,False,False,120,423,176,146,-0.02095986157655716,4995.322753906436,0.009016689192499955,142,183,True
0.135,0.10000000000000003,0.019999999999999962,False,True,True,True,True,False,False,131,437,179,153,-0.020959846675395966,9603.346679687858,0.008941539258807828,129,183,True
0.135,0.12000000000000005,0.019999999999999962,False,True,True,True,True,False,False,118,406,160,139,-0.020959846675395966,4816.658203125179,0.004139887750826701,120,158,True
0.135,0.14000000000000007,0.019999999999999962,False,True,True,True,True,False,False,104,340,108,88,-0.02095986157655716,7187.227539062768,0.011435330037803828,104,114,True
0.135,0.15999999999999998,0.019999999999999962,False,True,True,True,True,False,False,86,279,97,85,-0.02095986157655716,6047.299316406476,0.00946978345840629,86,102,True
0.135,0.18,0.019999999999999962,False,True,True,True,True,False,False,123,416,128,108,-0.02095986157655716,7180.669433593807,0.01262362006832035,106,110,True
0.135,0.2,0.019999999999999962,False,True,True,True,True,False,False,115,393,202,178,-0.02095986157655716,8198.457031250306,0.01824935771689844,107,159,True
0.135,0.22000000000000003,0.019999999999999962,False,True,True,True,True,False,False,93,327,149,115,-0.02095986157655716,8927.448242187833,0.009240228921120301,87,121,True
0.135,0.24000000000000005,0.019999999999999962,False,True,True,True,True,False,False,72,249,116,107,-0.02095986157655716,5870.010253906469,0.005801903685315351,67,101,True
0.135,0.26000000000000006,0.019999999999999962,True,False,True,True,True,True,False,58,207,103,85,-0.020959876477718353,7612.878906250284,0.0064761690211743,54,88,True
0.135,0.2800000000000001,0.019999999999999962,True,False,True,True,True,True,False,55,195,97,81,-0.020959876477718353,7944.8720703127965,0.01421920235263568,51,81,True
0.135,0.3,0.019999999999999962,True,False,True,True,True,True,False,59,195,90,78,-0.020959876477718353,6631.994140625247,0.029332442035291416,54,82,True
0.135,0.32,0.019999999999999962,True,False,True,True,True,True,False,44,156,56,52,-0.015421509742736816,5342.664843862168,0.06666039261506997,42,56,True
0.135,0.34,0.019999999999999962,True,False,False,False,False,False,False,16,55,0,0,0.004426747560501099,0.0,1.4901161193847656e-08,16,0,False
0.135,0.36000000000000004,0.019999999999999962,True,False,False,False,False,False,False,0,0,0,0,,0.0,1.4901161193847656e-08,0,0,False
0.135,0.38000000000000006,0.019999999999999962,True,False,False,False,False,False,False,0,0,0,0,,0.0,1.4901161193847656e-08,0,0,False
0.135,0.4000000000000001,0.019999999999999962,True,False,False,False,False,False,False,0,0,0,0,,0.0,1.4901161193847656e-08,0,0,False
0.135,0.42,0.019999999999999962,True,False,False,False,False,False,False,0,0,0,0,,0.0,1.4901161193847656e-08,0,0,False
0.135,-0.42,0.03999999999999998,True,False,False,False,False,False,False,0,0,0,0,,0.0,1.4901161193847656e-08,0,0,False
0.135,-0.39999999999999997,0.03999999999999998,True,False,False,False,False,False,False,0,0,0,0,,0.0,1.4901161193847656e-08,0,0,False
0.135,-0.38,0.03999999999999998,True,False,False,False,False,False,False,0,0,0,0,,0.0,1.4901161193847656e-08,0,0,False
0.135,-0.36,0.03999999999999998,True,False,False,False,False,False,False,0,0,0,0,,0.0,1.4901161193847656e-08,0,0,False
0.135,-0.33999999999999997,0.03999999999999998,True,False,False,False,False,False,False,18,65,0,0,0.006578236818313599,0.0,1.4901161193847656e-08,22,0,False
0.135,-0.31999999999999995,0.03999999999999998,True,False,True,True,True,True,False,32,121,62,49,-0.013416588306427002,8056.939453125065,0.03825273947908623,62,82,True
0.135,-0.3,0.03999999999999998,True,False,True,True,True,True,False,43,154,74,48,-0.020959816873073578,4798.950195312679,0.011703275538486659,82,113,True
0.135,-0.27999999999999997,0.03999999999999998,True,False,True,True,True,True,False,42,153,69,61,-0.020959816873073578,4883.957031250182,0.05603750203287888,76,105,True
0.135,-0.26,0.03999999999999998,True,False,True,True,True,True,False,43,155,75,60,-0.020959816873073578,5672.320800781426,0.019762389994922167,74,101,True
0.135,-0.24,0.03999999999999998,False,True,True,True,True,False,False,48,173,82,73,-0.02095983177423477,6864.310058594006,0.012836832933445367,91,130,True
0.135,-0.21999999999999997,0.03999999999999998,False,True,True,True,True,False,False,53,192,82,72,-0.02095983177423477,7775.593261718991,0.015425795262539076,98,150,True
0.135,-0.19999999999999998,0.03999999999999998,False,True,True,True,True,False,False,60,214,85,75,-0.02095983177423477,8344.311523437758,0.014218285240431717,111,141,True
0.135,-0.18,0.03999999999999998,False,True,True,True,True,False,False,58,213,86,76,-0.02095983177423477,6041.774171372417,0.009176608051695317,131,132,True
0.135,-0.15999999999999998,0.03999999999999998,False,True,True,True,True,False,False,55,204,74,64,-0.02095983177423477,7305.9482421877265,0.009315408413334956,126,179,True
0.135,-0.13999999999999996,0.03999999999999998,False,True,True,True,True,False,False,67,231,74,64,-0.02095983177423477,6142.920410156479,0.010159922319414597,130,137,True
0.135,-0.12,0.03999999999999998,False,True,True,True,True,False,False,78,281,112,96,-0.020959846675395966,4895.533203125183,0.007520029547572844,145,162,True
0.135,-0.09999999999999998,0.03999999999999998,False,True,True,True,True,False,False,79,295,135,123,-0.020959846675395966,8063.669796633167,0.007017669641673094,168,220,True
0.135,-0.07999999999999996,0.03999999999999998,False,True,True,True,True,False,False,72,276,113,101,-0.020959846675395966,5634.27734375021,0.013587701379334719,155,223,True
0.135,-0.06,0.03999999999999998,False,True,True,True,True,False,False,66,250,110,98,-0.020959846675395966,6567.059082031495,0.0016167006304238028,133,209,True
0.135,-0.03999999999999998,0.03999999999999998,False,True,True,True,True,False,False,76,293,106,94,-0.020959846675395966,7730.760253906538,0.011251127636230035,141,172,True
0.135,-0.019999999999999962,0.03999999999999998,False,True,True,True,True,False,False,86,324,158,146,-0.020959846675395966,6449.98388671899,0.007816241909031504,131,241,True
0.135,0.0,0.03999999999999998,False,True,True,True,True,False,False,89,338,149,121,-0.02095986157655716,8268.583007812807,0.009571664828417554,130,203,True
0.135,0.020000000000000018,0.03999999999999998,False,True,True,True,True,False,False,81,302,128,116,-0.02095986157655716,6766.657714844002,0.008479529759739802,118,150,True
0.135,0.040000000000000036,0.03999999999999998,False,True,True,True,True,False,False,84,312,128,116,-0.02095986157655716,7108.812988281516,0.006268950521966959,130,167,True
0.135,0.06,0.03999999999999998,False,True,True,True,True,False,False,94,358,161,148,-0.02095986157655716,5461.516113281454,0.010729621452082706,129,244,True
0.135,0.08000000000000002,0.03999999999999998,False,True,True,True,True,False,False,105,397,171,155,-0.02095986157655716,6382.248535156488,0.014265877818261635,135,205,True
0.135,0.10000000000000003,0.03999999999999998,False,True,True,True,True,False,False,115,415,182,166,-0.021626979112625122,7345.305789393373,0.00867837482345647,130,205,True
0.135,0.12000000000000005,0.03999999999999998,False,True,True,True,True,False,False,109,395,157,138,-0.020959846675395966,5764.488769531465,0.0024245997886791866,118,177,True
0.135,0.14000000000000007,0.03999999999999998,False,True,True,True,True,False,False,95,331,104,96,-0.020959846675395966,5586.616699218958,0.007290503984160382,104,127,True
0.135,0.15999999999999998,0.03999999999999998,False,True,True,True,True,False,False,83,289,108,94,-0.02095986157655716,5370.51904296895,0.0045523426891133124,87,118,True
0.135,0.18,0.03999999999999998,False,True,True,True,True,False,False,105,359,132,114,-0.02095986157655716,6930.427246093965,0.00674596407706696,109,124,True
0.135,0.2,0.03999999999999998,False,True,True,True,True,False,False,102,347,155,149,-0.02095986157655716,7597.924804687561,0.012061427412126843,102,171,True
0.135,0.22000000000000003,0.03999999999999998,False,True,True,True,True,False,False,82,300,127,107,-0.02095986157655716,7814.103515625291,0.0051551771778733805,84,135,True
0.135,0.24000000000000005,0.03999999999999998,False,True,True,True,True,False,False,69,239,112,104,-0.02095986157655716,7862.374511719043,0.017133380248262425,70,116,True
0.135,0.26000000000000006,0.03999999999999998,True,False,True,True,True,True,False,58,202,101,91,-0.02095986157655716,7491.601074219029,0.017684084841261653,58,105,True
0.135,0.2800000000000001,0.03999999999999998,True,False,True,True,True,True,False,53,189,94,90,-0.020959876477718353,5962.872558593973,0.028508002964093813,52,98,True
0.135,0.3,0.03999999999999998,True,False,True,True,True,True,False,56,195,92,84,-0.020959876477718353,5417.341308593952,0.035684329899928806,56,96,True
0.135,0.32,0.03999999999999998,True,False,True,True,True,True,False,48,169,64,58,-0.015421509742736816,6637.079101562554,0.049702234997666406,49,64,True
0.135,0.34,0.03999999999999998,True,False,False,False,False,False,False,17,59,0,0,0.004426747560501099,0.0,1.4901161193847656e-08,17,0,False
0.135,0.36000000000000004,0.03999999999999998,True,False,False,False,False,False,False,0,0,0,0,,0.0,1.4901161193847656e-08,0,0,False
0.135,0.38000000000000006,0.03999999999999998,True,False,False,False,False,False,False,0,0,0,0,,0.0,1.4901161193847656e-08,0,0,False
0.135,0.4000000000000001,0.03999999999999998,True,False,False,False,False,False,False,0,0,0,0,,0.0,1.4901161193847656e-08,0,0,False
0.135,0.42,0.03999999999999998,True,False,False,False,False,False,False,0,0,0,0,,0.0,1.4901161193847656e-08,0,0,False
0.135,-0.42,0.06,True,False,False,False,False,False,False,0,0,0,0,,0.0,1.4901161193847656e-08,0,0,False
0.135,-0.39999999999999997,0.06,True,False,False,False,False,False,False,0,0,0,0,,0.0,1.4901161193847656e-08,0,0,False
0.135,-0.38,0.06,True,False,False,False,False,False,False,0,0,0,0,,0.0,1.4901161193847656e-08,0,0,False
0.135,-0.36,0.06,True,False,False,False,False,False,False,0,0,0,0,,0.0,1.4901161193847656e-08,0,0,False
0.135,-0.33999999999999997,0.06,True,False,False,False,False,False,False,17,62,0,0,0.006578236818313599,0.0,1.4901161193847656e-08,21,0,False
0.135,-0.31999999999999995,0.06,True,False,True,True,True,True,False,33,123,60,52,-0.01332758367061615,6327.101562500051,0.02633190312638798,62,80,True
0.135,-0.3,0.06,True,False,True,True,True,True,False,42,140,56,44,-0.020959816873073578,4594.519531250171,0.03716008236010461,81,95,True
0.135,-0.27999999999999997,0.06,True,False,True,True,True,True,False,40,131,49,41,-0.020959816873073578,6765.052184468212,0.06029616240520361,72,85,True
0.135,-0.26,0.06,True,False,True,True,True,True,False,43,150,52,34,-0.020959816873073578,6918.973632812758,0.03442476992348735,73,78,True
0.135,-0.24,0.06,False,True,True,True,True,False,False,47,169,71,57,-0.020959816873073578,6654.251953125248,0.026335617084960967,90,119,True
0.135,-0.21999999999999997,0.06,False,True,True,True,True,False,False,53,182,73,64,-0.02095983177423477,6283.250000000234,0.021454671195469642,98,137,True
0.135,-0.19999999999999998,0.06,False,True,True,True,True,False,False,58,192,82,63,-0.02095983177423477,7800.872070312563,0.01018704844725664,106,138,True
0.135,-0.18,0.06,False,True,True,True,True,False,False,56,199,86,72,-0.02095983177423477,8460.263671875067,0.004984925929983605,123,130,True
0.135,-0.15999999999999998,0.06,False,True,True,True,True,False,False,53,185,66,53,-0.02095983177423477,5832.7194799136405,0.015058416163828124,122,160,True
0.135,-0.13999999999999996,0.06,False,True,True,True,True,False,False,64,198,66,49,-0.02095983177423477,6249.236328125233,0.004114071000049684,124,129,True
0.135,-0.12,0.06,False,True,True,True,True,False,False,78,267,91,67,-0.02095983177423477,5154.271972656442,0.007465127109496876,139,139,True
0.135,-0.09999999999999998,0.06,False,True,True,True,True,False,False,79,285,121,96,-0.020959846675395966,9536.315429687576,0.006808648763604101,150,198,True
0.135,-0.07999999999999996,0.06,False,True,True,True,True,False,False,70,259,102,77,-0.020959846675395966,5946.558593750222,0.013087743114498925,142,202,True
0.135,-0.06,0.06,False,True,True,True,True,False,False,66,240,102,77,-0.020959846675395966,5529.1894531252065,0.0073505894558736,126,188,True
0.135,-0.03999999999999998,0.06,False,True,True,True,True,False,False,76,279,98,73,-0.020959846675395966,7347.929687500274,0.004725880290475639,131,158,True
0.135,-0.019999999999999962,0.06,False,True,True,True,True,False,False,86,311,150,125,-0.020959846675395966,6378.242187500237,0.010296949065703621,125,230,True
0.135,0.0,0.06,False,True,True,True,True,False,False,88,321,141,100,-0.020959846675395966,6680.520019531499,0.016247415649145485,123,192,True
0.135,0.020000000000000018,0.06,False,True,True,True,True,False,False,81,289,120,95,-0.020959846675395966,6610.0068359377465,0.01792948174939314,116,143,True
0.135,0.040000000000000036,0.06,False,True,True,True,True,False,False,85,303,120,95,-0.02095986157655716,8128.515136719053,0.0080093709285031,128,159,True
0.135,0.06,0.06,False,True,True,True,True,False,False,94,345,157,131,-0.02095986157655716,7267.105957031521,0.010624298503896136,128,227,True
0.135,0.08000000000000002,0.06,False,True,True,True,True,False,False,105,382,163,138,-0.02095986157655716,7030.281738281512,0.006151940386537568,130,191,True
0.135,0.10000000000000003,0.06,False,True,True,True,True,False,False,115,402,171,142,-0.0219535231590271,11397.55301646067,0.009746656020774895,127,188,True
0.135,0.12000000000000005,0.06,False,True,True,True,True,False,False,105,368,133,99,-0.021084412932395935,5989.708496093973,0.008672718673155595,114,150,True
0.135,0.14000000000000007,0.06,False,True,True,True,True,False,False,91,294,99,79,-0.020959846675395966,6458.79541015649,0.014836485415253045,99,119,True
0.135,0.15999999999999998,0.06,False,True,True,True,True,False,False,76,259,96,79,-0.020959846675395966,5963.161621093973,0.01611770434881625,88,119,True
0.135,0.18,0.06,False,True,True,True,True,False,False,100,339,122,100,-0.02095986157655716,5335.236816406293,0.010245532314435122,106,130,True
0.135,0.2,0.06,False,True,True,True,True,False,False,98,333,161,143,-0.02095986157655716,5674.7812500000455,0.010184382812205845,100,165,True
0.135,0.22000000000000003,0.06,False,True,True,True,True,False,False,83,299,124,96,-0.02095986157655716,9215.544921875344,0.012599874500219481,84,124,True
0.135,0.24000000000000005,0.06,False,True,True,True,True,False,False,67,234,99,84,-0.02095986157655716,8799.595703125327,0.02045132300940481,66,99,True
0.135,0.26000000000000006,0.06,True,False,True,True,True,True,False,58,197,77,60,-0.02095986157655716,6629.420410156497,0.017250990551908877,58,77,True
0.135,0.2800000000000001,0.06,True,False,True,True,True,True,False,51,179,76,64,-0.02095986157655716,6682.189936226671,0.02438556851729896,52,76,True
0.135,0.3,0.06,True,False,True,True,True,True,False,56,185,74,58,-0.02095986157655716,7117.467773437766,0.021378287845090927,56,74,True
0.135,0.32,0.06,True,False,True,True,True,True,False,47,155,59,47,-0.015421509742736816,5825.902453547583,0.10431276531091711,47,59,True
0.135,0.34,0.06,True,False,False,False,False,False,False,19,60,0,0,0.004426747560501099,0.0,1.4901161193847656e-08,19,0,False
0.135,0.36000000000000004,0.06,True,False,False,False,False,False,False,0,0,0,0,,0.0,1.4901161193847656e-08,0,0,False
0.135,0.38000000000000006,0.06,True,False,False,False,False,False,False,0,0,0,0,,0.0,1.4901161193847656e-08,0,0,False
0.135,0.4000000000000001,0.06,True,False,False,False,False,False,False,0,0,0,0,,0.0,1.4901161193847656e-08,0,0,False
0.135,0.42,0.06,True,False,False,False,False,False,False,0,0,0,0,,0.0,1.4901161193847656e-08,0,0,False
0.135,-0.42,0.07999999999999996,True,False,False,False,False,False,False,0,0,0,0,,0.0,1.4901161193847656e-08,0,0,False
0.135,-0.39999999999999997,0.07999999999999996,True,False,False,False,False,False,False,0,0,0,0,,0.0,1.4901161193847656e-08,0,0,False
0.135,-0.38,0.07999999999999996,True,False,False,False,False,False,False,0,0,0,0,,0.0,1.4901161193847656e-08,0,0,False
0.135,-0.36,0.07999999999999996,True,False,False,False,False,False,False,0,0,0,0,,0.0,1.4901161193847656e-08,0,0,False
0.135,-0.33999999999999997,0.07999999999999996,True,False,False,False,False,False,False,12,45,0,0,0.006578236818313599,0.0,1.4901161193847656e-08,16,0,False
0.135,-0.31999999999999995,0.07999999999999996,True,False,True,True,True,True,False,26,92,44,40,-0.01332758367061615,7330.533300891417,0.026671550562388475,48,64,True
0.135,-0.3,0.07999999999999996,True,False,True,True,True,True,False,26,90,44,36,-0.020959801971912384,8587.39062500032,0.015381749706922968,56,83,True
0.135,-0.27999999999999997,0.07999999999999996,True,False,True,True,True,True,False,23,78,37,33,-0.020959801971912384,9083.556640625338,0.07067230826249576,48,73,True
0.135,-0.26,0.07999999999999996,True,False,True,True,True,True,False,24,85,39,29,-0.020959816873073578,9180.118164062842,0.04005952098903202,47,65,True
0.135,-0.24,0.07999999999999996,False,True,True,True,True,False,False,31,113,42,38,-0.020959816873073578,9348.059570312847,0.028164960937110937,57,90,True
0.135,-0.21999999999999997,0.07999999999999996,False,True,True,True,True,False,False,36,119,56,50,-0.020959816873073578,9617.776367187858,0.018740958079968555,66,114,True
0.135,-0.19999999999999998,0.07999999999999996,False,True,True,True,True,False,False,41,135,61,51,-0.025854818522930145,8891.306640625331,0.01873362634450833,76,116,True
0.135,-0.18,0.07999999999999996,False,True,True,True,True,False,False,40,136,55,48,-0.02585480362176895,8158.068359375304,0.01054060043011451,89,90,True
0.135,-0.15999999999999998,0.07999999999999996,False,True,True,True,True,False,False,35,119,46,40,-0.02585480362176895,8178.9267578125655,0.01730420915563194,90,124,True
0.135,-0.13999999999999996,0.07999999999999996,False,True,True,True,True,False,False,41,133,44,36,-0.02585480362176895,5591.553710937708,0.021979042063038922,90,101,True
0.135,-0.12,0.07999999999999996,False,True,True,True,True,False,False,55,179,64,58,-0.02585480362176895,8638.217773437822,0.012452464226621099,115,106,True
0.135,-0.09999999999999998,0.07999999999999996,False,True,True,True,True,False,False,55,192,89,81,-0.02585480362176895,10594.007812500084,0.017677514387058873,122,163,True
0.135,-0.07999999999999996,0.07999999999999996,False,True,True,True,True,False,False,50,178,74,70,-0.02585480362176895,10421.579101562887,0.011289501314323627,114,178,True
0.135,-0.06,0.07999999999999996,False,True,True,True,True,False,False,46,163,74,70,-0.02585480362176895,7918.197753906545,0.015988186481234963,105,143,True
0.135,-0.03999999999999998,0.07999999999999996,False,True,True,True,True,False,False,45,159,70,66,-0.02585480362176895,8459.663085937815,0.013996012337602688,102,101,True
0.135,-0.019999999999999962,0.07999999999999996,False,True,True,True,True,False,False,45,159,70,66,-0.02585480362176895,9197.940429687842,0.0177024453015888,104,155,True
0.135,0.0,0.07999999999999996,False,True,True,True,True,False,False,46,163,70,66,-0.02585480362176895,8341.977539062811,0.01598477524107597,104,142,True
0.135,0.020000000000000018,0.07999999999999996,False,True,True,True,True,False,False,46,163,70,66,-0.02585480362176895,8254.952148437807,0.015508020217437857,102,105,True
0.135,0.040000000000000036,0.07999999999999996,False,True,True,True,True,False,False,44,158,70,66,-0.02585480362176895,9657.17578125036,0.0176017760258173,102,105,True
0.135,0.06,0.07999999999999996,False,True,True,True,True,False,False,46,163,74,70,-0.02585480362176895,9234.381835937844,0.019173420332237855,101,146,True
0.135,0.08000000000000002,0.07999999999999996,False,True,True,True,True,False,False,50,179,74,70,-0.02585480362176895,9758.972656250364,0.01472102148984864,105,137,True
0.135,0.10000000000000003,0.07999999999999996,False,True,True,True,True,False,False,55,190,90,86,-0.02585480362176895,10146.399758580461,0.01437145325733531,111,147,True
0.135,0.12000000000000005,0.07999999999999996,False,True,True,True,True,False,False,52,182,67,56,-0.02585480362176895,7273.088378906476,0.013585794083392068,94,123,True
0.135,0.14000000000000007,0.07999999999999996,False,True,True,True,True,False,False,43,145,49,47,-0.02585480362176895,8695.487304687824,0.012721234182357528,81,91,True
0.135,0.15999999999999998,0.07999999999999996,False,True,True,True,True,False,False,41,135,52,51,-0.02585480362176895,9066.539062500338,0.013990611603901273,74,83,True
0.135,0.18,0.07999999999999996,False,True,True,True,True,False,False,44,151,62,59,-0.025854788720607758,8192.577148437806,0.010706615291248046,92,99,True
0.135,0.2,0.07999999999999996,False,True,True,True,True,False,False,46,151,69,65,-0.025853551924228668,10375.345703125387,0.017274679844755517,86,132,True
0.135,0.22000000000000003,0.07999999999999996,False,True,True,True,True,False,False,42,142,70,63,-0.020959846675395966,6945.339843750259,0.019349393030329894,71,111,True
0.135,0.24000000000000005,0.07999999999999996,False,True,True,True,True,False,False,38,131,54,52,-0.020959846675395966,8150.821289062804,0.03990819220971752,57,75,True
0.135,0.26000000000000006,0.07999999999999996,True,False,True,True,True,True,False,31,106,45,42,-0.020959846675395966,9426.333007812851,0.022703825197226933,44,66,True
0.135,0.2800000000000001,0.07999999999999996,True,False,True,True,True,True,False,28,94,44,44,-0.020959846675395966,10135.134765625378,0.02943724639483693,43,68,True
0.135,0.3,0.07999999999999996,True,False,True,True,True,True,False,33,109,47,43,-0.020959846675395966,7225.204589844019,0.020576948395610972,43,66,True
0.135,0.32,0.07999999999999996,True,False,True,True,True,True,False,32,109,44,44,-0.015421509742736816,7583.188964843811,0.056216858823850795,38,44,True
0.135,0.34,0.07999999999999996,True,False,False,False,False,False,False,15,47,0,0,0.004426747560501099,0.0,1.4901161193847656e-08,15,0,False
0.135,0.36000000000000004,0.07999999999999996,True,False,False,False,False,False,False,0,0,0,0,,0.0,1.4901161193847656e-08,0,0,False
0.135,0.38000000000000006,0.07999999999999996,True,False,False,False,False,False,False,0,0,0,0,,0.0,1.4901161193847656e-08,0,0,False
0.135,0.4000000000000001,0.07999999999999996,True,False,False,False,False,False,False,0,0,0,0,,0.0,1.4901161193847656e-08,0,0,False
0.135,0.42,0.07999999999999996,True,False,False,False,False,False,False,0,0,0,0,,0.0,1.4901161193847656e-08,0,0,False
0.135,-0.42,0.09999999999999998,True,False,False,False,False,False,False,0,0,0,0,,0.0,1.4901161193847656e-08,0,0,False
0.135,-0.39999999999999997,0.09999999999999998,True,False,False,False,False,False,False,0,0,0,0,,0.0,1.4901161193847656e-08,0,0,False
0.135,-0.38,0.09999999999999998,True,False,False,False,False,False,False,0,0,0,0,,0.0,1.4901161193847656e-08,0,0,False
0.135,-0.36,0.09999999999999998,True,False,False,False,False,False,False,0,0,0,0,,0.0,1.4901161193847656e-08,0,0,False
0.135,-0.33999999999999997,0.09999999999999998,True,False,False,False,False,False,False,13,46,0,0,0.006578236818313599,0.0,1.4901161193847656e-08,17,0,False
0.135,-0.31999999999999995,0.09999999999999998,True,False,True,True,True,True,False,21,80,43,39,-0.01332758367061615,6875.608519156374,0.018472103246734147,40,63,True
0.135,-0.3,0.09999999999999998,True,False,True,True,True,True,False,22,83,44,36,-0.020959801971912384,4933.394042968934,0.013777682357196624,50,83,True
0.135,-0.27999999999999997,0.09999999999999998,True,False,True,True,True,True,False,20,72,37,33,-0.020959801971912384,6070.5991210939765,0.028557673090222734,45,73,True
0.135,-0.26,0.09999999999999998,True,False,True,True,True,True,False,19,71,39,29,-0.020959801971912384,4964.291992187685,0.021988597601861188,42,65,True
0.135,-0.24,0.09999999999999998,False,True,True,True,True,False,False,23,89,42,38,-0.020959816873073578,6098.833007812549,0.00821823161256769,48,89,True
0.135,-0.21999999999999997,0.09999999999999998,False,True,True,True,True,False,False,30,103,54,50,-0.020959816873073578,5716.495117187546,0.023896773932662225,59,111,True
0.135,-0.19999999999999998,0.09999999999999998,False,True,True,True,True,False,False,33,112,57,53,-0.02664169669151306,9846.312500000078,0.012416415843837094,67,107,True
0.135,-0.18,0.09999999999999998,False,True,True,True,True,False,False,30,107,54,50,-0.04191191494464874,14086.721679687613,0.016916599210250106,61,89,True
0.135,-0.15999999999999998,0.09999999999999998,False,True,True,True,True,False,False,26,96,45,41,-0.04191191494464874,5956.650878906472,0.05949133210867769,49,82,True
0.135,-0.13999999999999996,0.09999999999999998,False,True,True,True,True,False,False,33,111,45,37,-0.04191191494464874,6023.769042968975,0.025956979389906442,52,65,True
0.135,-0.12,0.09999999999999998,False,True,True,True,True,False,False,42,150,65,59,-0.04191191494464874,7695.422851562787,0.02400078482290974,76,85,True
0.135,-0.09999999999999998,0.09999999999999998,False,True,True,True,True,False,False,42,161,90,82,-0.04191192239522934,6142.873046875191,0.011991464239264546,79,131,True
0.135,-0.07999999999999996,0.09999999999999998,False,True,True,True,True,False,False,39,152,75,71,-0.04191192239522934,6576.258789062746,0.01018041336333192,70,114,True
0.135,-0.06,0.09999999999999998,False,True,True,True,True,False,False,35,137,75,71,-0.04191192239522934,9562.517578125296,0.016217667758488447,52,98,True
0.135,-0.03999999999999998,0.09999999999999998,False,True,True,True,True,False,False,34,133,71,67,-0.04191192239522934,8956.857421875278,0.01397926120114521,52,88,True
0.135,-0.019999999999999962,0.09999999999999998,False,True,True,True,True,False,False,33,129,71,67,-0.04191192239522934,8948.317382812835,0.008342013581355737,67,109,True
0.135,0.0,0.09999999999999998,False,True,True,True,True,False,False,33,129,71,67,-0.04191192239522934,8919.517578125333,0.01965933023734917,65,103,True
0.135,0.020000000000000018,0.09999999999999998,False,True,True,True,True,False,False,33,129,71,67,-0.04191192239522934,9806.528320312866,0.014841755484907937,56,83,True
0.135,0.040000000000000036,0.09999999999999998,False,True,True,True,True,False,False,34,133,71,67,-0.04191192239522934,9741.529296875364,0.0059850967058894654,57,83,True
0.135,0.06,0.09999999999999998,False,True,True,True,True,False,False,35,137,75,71,-0.04191192239522934,8685.045898437824,0.012882370905452183,59,86,True
0.135,0.08000000000000002,0.09999999999999998,False,True,True,True,True,False,False,39,153,75,71,-0.041911929845809937,9147.946289062842,0.011659145616765093,63,84,True
0.135,0.10000000000000003,0.09999999999999998,False,True,True,True,True,False,False,42,159,91,87,-0.041911929845809937,7383.103515625059,0.022411919870250825,68,98,True
0.135,0.12000000000000005,0.09999999999999998,False,True,True,True,True,False,False,40,152,67,57,-0.041911929845809937,7668.394042969036,0.03005750416558774,68,70,True
0.135,0.14000000000000007,0.09999999999999998,False,True,True,True,True,False,False,33,118,48,48,-0.041911929845809937,6343.0043945314865,0.01883844067420527,56,49,True
0.135,0.15999999999999998,0.09999999999999998,False,True,True,True,True,False,False,29,106,52,52,-0.041911929845809937,7073.172363281514,0.04925164121612476,51,52,True
0.135,0.18,0.09999999999999998,False,True,True,True,True,False,False,32,118,61,61,-0.041911929845809937,10949.253906250087,0.04621530241123897,65,61,True
0.135,0.2,0.09999999999999998,False,True,True,True,True,False,False,35,120,65,65,-0.0287797749042511,8926.098632812571,0.01765098668328165,60,65,True
0.135,0.22000000000000003,0.09999999999999998,False,True,True,True,True,False,False,33,119,65,63,-0.020959846675395966,7086.795410156306,0.00897440205340305,52,65,True
0.135,0.24000000000000005,0.09999999999999998,False,True,True,True,True,False,False,28,104,52,52,-0.020959846675395966,7369.302734375059,0.021804790331837052,42,52,True
0.135,0.26000000000000006,0.09999999999999998,True,False,True,True,True,True,False,23,86,45,42,-0.020959846675395966,6341.3159179689865,0.027305553676375407,34,45,True
0.135,0.2800000000000001,0.09999999999999998,True,False,True,True,True,True,False,23,83,44,44,-0.020959846675395966,7948.2836914065465,0.05385759510861144,34,44,True
0.135,0.3,0.09999999999999998,True,False,True,True,True,True,False,27,97,47,43,-0.020959846675395966,5881.118652343969,0.014441623931073039,36,47,True
0.135,0.32,0.09999999999999998,True,False,True,True,True,True,False,25,92,43,43,-0.015421509742736816,8128.1902294732245,0.014089018603038279,27,43,True
0.135,0.34,0.09999999999999998,True,False,False,False,False,False,False,14,46,0,0,0.004426747560501099,0.0,1.4901161193847656e-08,14,0,False
0.135,0.36000000000000004,0.09999999999999998,True,False,False,False,False,False,False,0,0,0,0,,0.0,1.4901161193847656e-08,0,0,False
0.135,0.38000000000000006,0.09999999999999998,True,False,False,False,False,False,False,0,0,0,0,,0.0,1.4901161193847656e-08,0,0,False
0.135,0.4000000000000001,0.09999999999999998,True,False,False,False,False,False,False,0,0,0,0,,0.0,1.4901161193847656e-08,0,0,False
0.135,0.42,0.09999999999999998,True,False,False,False,False,False,False,0,0,0,0,,0.0,1.4901161193847656e-08,0,0,False
0.135,-0.42,0.12,True,False,False,False,False,False,False,0,0,0,0,,0.0,1.4901161193847656e-08,0,0,False
0.135,-0.39999999999999997,0.12,True,False,False,False,False,False,False,0,0,0,0,,0.0,1.4901161193847656e-08,0,0,False
0.135,-0.38,0.12,True,False,False,False,False,False,False,0,0,0,0,,0.0,1.4901161193847656e-08,0,0,False
0.135,-0.36,0.12,True,False,False,False,False,False,False,0,0,0,0,,0.0,1.4901161193847656e-08,0,0,False
0.135,-0.33999999999999997,0.12,True,False,False,False,False,False,False,12,39,0,0,0.006578236818313599,0.0,1.4901161193847656e-08,15,0,False
0.135,-0.31999999999999995,0.12,True,False,True,True,True,True,False,21,78,36,32,-0.01332758367061615,7044.768066406306,0.00982058739252069,39,52,True
0.135,-0.3,0.12,True,False,True,True,True,True,False,22,77,40,32,-0.020959801971912384,5021.123535156437,0.01684824567143043,48,70,True
0.135,-0.27999999999999997,0.12,True,False,True,True,True,True,False,20,69,33,29,-0.020959801971912384,4418.631998118234,0.0649546410464934,43,65,True
0.135,-0.26,0.12,True,False,True,True,True,True,False,19,68,33,25,-0.020959801971912384,2953.8331048259156,0.054972228640846846,41,55,True
0.135,-0.24,0.12,False,True,True,True,True,False,False,23,85,38,34,-0.020959801971912384,7421.472167968809,0.03139563832173529,47,82,True
0.135,-0.21999999999999997,0.12,False,True,True,True,True,False,False,28,100,49,45,-0.020959801971912384,7795.368164062562,0.03728848699040032,58,100,True
0.135,-0.19999999999999998,0.12,False,True,True,True,True,False,False,32,112,52,48,-0.025410160422325134,7409.540039062559,0.020715611575527506,67,104,True
0.135,-0.18,0.12,False,True,True,True,True,False,False,30,109,50,46,-0.029120370745658875,6965.250976562556,0.03368735793530917,66,83,True
0.135,-0.15999999999999998,0.12,False,True,True,True,True,False,False,27,99,41,37,-0.02191191166639328,6450.5111862759795,0.012016089320790423,56,87,True
0.135,-0.13999999999999996,0.12,False,True,True,True,True,False,False,35,116,37,33,-0.02191191166639328,5965.228773652305,0.00832217638257007,60,66,True
0.135,-0.12,0.12,False,True,True,True,True,False,False,42,147,61,55,-0.02191191166639328,6468.111328125241,0.018296110257024326,81,90,True
0.135,-0.09999999999999998,0.12,False,True,True,True,True,False,False,44,163,78,74,-0.021911919116973877,8638.03320312507,0.0035649755772852922,85,127,True
0.135,-0.07999999999999996,0.12,False,True,True,True,True,False,False,40,150,67,63,-0.021911919116973877,7816.250976562743,0.002909254905959622,73,105,True
0.135,-0.06,0.12,False,True,True,True,True,False,False,37,139,67,63,-0.021911919116973877,6752.441406250252,0.01032207265630051,56,90,True
0.135,-0.03999999999999998,0.12,False,True,True,True,True,False,False,36,135,63,59,-0.021911919116973877,5270.593750000196,0.009796435482652457,52,84,True
0.135,-0.019999999999999962,0.12,False,True,True,True,True,False,False,35,131,63,59,-0.021911919116973877,7729.628906250288,0.014012352623592513,49,84,True
0.135,0.0,0.12,False,True,True,True,True,False,False,35,131,63,59,-0.021911919116973877,5450.337402343954,0.014854459890280093,49,83,True
0.135,0.020000000000000018,0.12,False,True,True,True,True,False,False,35,131,63,59,-0.021911919116973877,7890.235839844044,0.01522249500179035,40,63,True
0.135,0.040000000000000036,0.12,False,True,True,True,True,False,False,36,135,63,59,-0.021911919116973877,5948.887207031435,0.008976522209979782,36,63,True
0.135,0.06,0.12,False,True,True,True,True,False,False,37,139,67,63,-0.021911919116973877,6021.282226562725,0.006503529192978005,37,67,True
0.135,0.08000000000000002,0.12,False,True,True,True,True,False,False,40,151,67,63,-0.021911926567554474,6765.68798828146,0.0032809200296623708,40,67,True
0.135,0.10000000000000003,0.12,False,True,True,True,True,False,False,44,161,79,75,-0.021911926567554474,9250.497808977501,0.02094062788977245,44,79,True
0.135,0.12000000000000005,0.12,False,True,True,True,True,False,False,42,151,63,53,-0.021911926567554474,6036.667968750226,0.023339374310796173,42,63,True
0.135,0.14000000000000007,0.12,False,True,True,True,True,False,False,35,123,44,44,-0.021911926567554474,8661.496093750322,0.025359360387866257,35,44,True
0.135,0.15999999999999998,0.12,False,True,True,True,True,False,False,30,110,48,48,-0.021911926567554474,5745.018066406465,0.02070731378243586,30,48,True
0.135,0.18,0.12,False,True,True,True,True,False,False,32,119,57,57,-0.02912038564682007,9559.294921875357,0.028335402207245525,32,57,True
0.135,0.2,0.12,False,True,True,True,True,False,False,35,121,60,60,-0.0275660902261734,7188.447265625057,0.015382000543288574,35,60,True
0.135,0.22000000000000003,0.12,False,True,True,True,True,False,False,31,114,60,58,-0.02095983177423477,4894.057617187539,0.015943426218401516,31,60,True
0.135,0.24000000000000005,0.12,False,True,True,True,True,False,False,28,100,48,48,-0.020959846675395966,6280.152343750235,0.023869971319246185,28,48,True
0.135,0.26000000000000006,0.12,True,False,True,True,True,True,False,23,83,41,38,-0.020959846675395966,3893.521484375145,0.030834885029593848,23,41,True
0.135,0.2800000000000001,0.12,True,False,True,True,True,True,False,23,80,40,40,-0.020959846675395966,4787.742187500178,0.030712715170449625,23,40,True
0.135,0.3,0.12,True,False,True,True,True,True,False,26,90,43,39,-0.020959846675395966,4024.271240234525,0.041928611417957236,26,43,True
0.135,0.32,0.12,True,False,True,True,True,True,False,25,90,36,36,-0.015421509742736816,3847.5017089845187,0.023714333180055547,25,36,True
0.135,0.34,0.12,True,False,False,False,False,False,False,12,38,0,0,0.004426747560501099,0.0,1.4901161193847656e-08,12,0,False
0.135,0.36000000000000004,0.12,True,False,False,False,False,False,False,0,0,0,0,,0.0,1.4901161193847656e-08,0,0,False
0.135,0.38000000000000006,0.12,True,False,False,False,False,False,False,0,0,0,0,,0.0,1.4901161193847656e-08,0,0,False
0.135,0.4000000000000001,0.12,True,False,False,False,False,False,False,0,0,0,0,,0.0,1.4901161193847656e-08,0,0,False
0.135,0.42,0.12,True,False,False,False,False,False,False,0,0,0,0,,0.0,1.4901161193847656e-08,0,0,False
0.135,-0.42,0.13999999999999996,True,False,False,False,False,False,False,0,0,0,0,,0.0,1.4901161193847656e-08,0,0,False
0.135,-0.39999999999999997,0.13999999999999996,True,False,False,False,False,False,False,0,0,0,0,,0.0,1.4901161193847656e-08,0,0,False
0.135,-0.38,0.13999999999999996,True,False,False,False,False,False,False,0,0,0,0,,0.0,1.4901161193847656e-08,0,0,False
0.135,-0.36,0.13999999999999996,True,False,False,False,False,False,False,0,0,0,0,,0.0,1.4901161193847656e-08,0,0,False
0.135,-0.33999999999999997,0.13999999999999996,True,False,False,False,False,False,False,10,37,0,0,0.006578236818313599,0.0,1.4901161193847656e-08,13,0,False
0.135,-0.31999999999999995,0.13999999999999996,True,False,True,True,True,True,False,19,70,36,32,-0.01332758367061615,6820.005671180213,0.024306655509437676,39,52,True
0.135,-0.3,0.13999999999999996,True,False,True,True,True,True,False,20,72,40,32,-0.020959801971912384,9027.473632812837,0.04217417782331166,47,70,True
0.135,-0.27999999999999997,0.13999999999999996,True,False,True,True,True,True,False,19,65,33,29,-0.020959801971912384,7297.148541169597,0.0681511530105176,44,65,True
0.135,-0.26,0.13999999999999996,True,False,True,True,True,True,False,18,64,35,25,-0.020959801971912384,7548.763183594031,0.023847285073509052,43,57,True
0.135,-0.24,0.13999999999999996,False,True,True,True,True,False,False,27,94,38,34,-0.020959801971912384,8655.058593750322,0.05306372045510929,56,82,True
0.135,-0.21999999999999997,0.13999999999999996,False,True,True,True,True,False,False,33,116,54,42,-0.020959801971912384,6186.123535156299,0.016117321422445107,67,109,True
0.135,-0.19999999999999998,0.13999999999999996,False,True,True,True,True,False,False,38,129,61,45,-0.020959801971912384,8345.523437500311,0.011824784583074729,78,110,True
0.135,-0.18,0.13999999999999996,False,True,True,True,True,False,False,37,132,58,42,-0.020959816873073578,8419.663085937815,0.01346909746995745,76,98,True
0.135,-0.15999999999999998,0.13999999999999996,False,True,True,True,True,False,False,33,121,49,33,-0.020959816873073578,4448.038052873548,0.016080532246201405,63,93,True
0.135,-0.13999999999999996,0.13999999999999996,False,True,True,True,True,False,False,41,134,45,29,-0.020959816873073578,4314.155273437661,0.014729515543929525,67,72,True
0.135,-0.12,0.13999999999999996,False,True,True,True,True,False,False,44,157,69,51,-0.020959816873073578,7044.608886719013,0.007664365801162869,85,97,True
0.135,-0.09999999999999998,0.13999999999999996,False,True,True,True,True,False,False,46,166,86,70,-0.020959816873073578,9323.399024481283,0.0051258707124124695,89,133,True
0.135,-0.07999999999999996,0.13999999999999996,False,True,True,True,True,False,False,43,157,75,59,-0.020959816873073578,7508.96142578153,0.018329285468163738,77,117,True
0.135,-0.06,0.13999999999999996,False,True,True,True,True,False,False,40,146,75,59,-0.02095983177423477,5148.387695312692,0.016638108877897875,61,98,True
0.135,-0.03999999999999998,0.13999999999999996,False,True,True,True,True,False,False,39,142,71,55,-0.02095983177423477,8033.849609375299,0.01585801695709411,54,88,True
0.135,-0.019999999999999962,0.13999999999999996,False,True,True,True,True,False,False,37,137,71,55,-0.02095983177423477,7213.284179687769,0.0045028862668698676,51,88,True
0.135,0.0,0.13999999999999996,False,True,True,True,True,False,False,37,137,71,55,-0.02095983177423477,7052.763183594013,0.006658130612908087,51,91,True
0.135,0.020000000000000018,0.13999999999999996,False,True,True,True,True,False,False,37,137,71,55,-0.02095983177423477,7238.52490234402,0.0028824403467955953,44,71,True
0.135,0.040000000000000036,0.13999999999999996,False,True,True,True,True,False,False,38,141,71,55,-0.02095983177423477,7633.934082031535,0.012681683262221286,38,71,True
0.135,0.06,0.13999999999999996,False,True,True,True,True,False,False,39,145,75,59,-0.020959846675395966,7449.153808594027,0.008223171873877862,39,75,True
0.135,0.08000000000000002,0.13999999999999996,False,True,True,True,True,False,False,42,157,75,59,-0.020959846675395966,7244.74511718777,0.008924439176449937,42,75,True
0.135,0.10000000000000003,0.13999999999999996,False,True,True,True,True,False,False,45,163,87,71,-0.020959816873073578,5761.639648437546,0.0023541221931087366,45,87,True
0.135,0.12000000000000005,0.13999999999999996,False,True,True,True,True,False,False,43,159,71,49,-0.020959816873073578,6019.610839843975,0.004009347769640182,43,71,True
0.135,0.14000000000000007,0.13999999999999996,False,True,True,True,True,False,False,40,141,52,40,-0.02095983177423477,4280.46240234391,0.013001977464625053,40,52,True
0.135,0.15999999999999998,0.13999999999999996,False,True,True,True,True,False,False,35,127,56,44,-0.02095983177423477,7350.417968750274,0.015901033437595812,36,56,True
0.135,0.18,0.13999999999999996,False,True,True,True,True,False,False,39,143,65,53,-0.02095983177423477,7241.752441406308,0.014768307751230707,39,65,True
0.135,0.2,0.13999999999999996,False,True,True,True,True,False,False,41,138,68,56,-0.02095983177423477,9639.83593750036,0.01347789491509608,41,68,True
0.135,0.22000000000000003,0.13999999999999996,False,True,True,True,True,False,False,37,131,64,54,-0.02095983177423477,7315.319335937773,0.03484864510342075,37,64,True
0.135,0.24000000000000005,0.13999999999999996,False,True,True,True,True,False,False,32,111,48,48,-0.02095983177423477,5859.864746093968,0.011115154602159099,32,48,True
0.135,0.26000000000000006,0.13999999999999996,True,False,True,True,True,True,False,23,79,41,38,-0.020959846675395966,7777.69335937529,0.041251920922861465,23,41,True
0.135,0.2800000000000001,0.13999999999999996,True,False,True,True,True,True,False,23,77,40,40,-0.020959846675395966,8023.854492187799,0.028582187315409655,23,40,True
0.135,0.3,0.13999999999999996,True,False,True,True,True,True,False,25,86,43,39,-0.020959846675395966,8940.791015625333,0.03222821877608339,25,43,True
0.135,0.32,0.13999999999999996,True,False,True,True,True,True,False,24,83,36,36,-0.015421509742736816,4276.45917671487,0.009039085958164241,24,36,True
0.135,0.34,0.13999999999999996,True,False,False,False,False,False,False,10,36,0,0,0.004426747560501099,0.0,1.4901161193847656e-08,10,0,False
0.135,0.36000000000000004,0.13999999999999996,True,False,False,False,False,False,False,0,0,0,0,,0.0,1.4901161193847656e-08,0,0,False
0.135,0.38000000000000006,0.13999999999999996,True,False,False,False,False,False,False,0,0,0,0,,0.0,1.4901161193847656e-08,0,0,False
0.135,0.4000000000000001,0.13999999999999996,True,False,False,False,False,False,False,0,0,0,0,,0.0,1.4901161193847656e-08,0,0,False
0.135,0.42,0.13999999999999996,True,False,False,False,False,False,False,0,0,0,0,,0.0,1.4901161193847656e-08,0,0,False
0.135,-0.42,0.15999999999999998,True,False,False,False,False,False,False,0,0,0,0,,0.0,2.9802322387695312e-08,0,0,False
0.135,-0.39999999999999997,0.15999999999999998,True,False,False,False,False,False,False,0,0,0,0,,0.0,2.9802322387695312e-08,0,0,False
0.135,-0.38,0.15999999999999998,True,False,False,False,False,False,False,0,0,0,0,,0.0,2.9802322387695312e-08,0,0,False
0.135,-0.36,0.15999999999999998,True,False,False,False,False,False,False,0,0,0,0,,0.0,2.9802322387695312e-08,0,0,False
0.135,-0.33999999999999997,0.15999999999999998,True,False,False,False,False,False,False,13,43,0,0,0.006578236818313599,0.0,2.9802322387695312e-08,13,0,False
0.135,-0.31999999999999995,0.15999999999999998,True,False,True,True,True,True,False,22,79,44,32,-0.01332758367061615,4045.0124547484897,0.015516667267445423,36,48,True
0.135,-0.3,0.15999999999999998,True,False,True,True,True,True,False,26,88,48,32,-0.007712244987487793,3241.747802734401,0.009792246678318751,53,68,True
0.135,-0.27999999999999997,0.15999999999999998,True,False,True,True,True,True,False,25,87,41,29,-0.015837721526622772,3443.9738588695504,0.038373751604515366,48,73,True
0.135,-0.26,0.15999999999999998,True,False,True,True,True,True,False,29,100,41,25,-0.015896011143922806,3450.5048828126287,0.024851534566927347,47,53,True
0.135,-0.24,0.15999999999999998,False,True,True,True,True,False,False,33,110,49,35,-0.01705165207386017,4803.460937500038,0.015285589570710174,58,61,True
0.135,-0.21999999999999997,0.15999999999999998,False,True,True,True,True,False,False,38,136,63,51,-0.015914835035800934,4192.970117313875,0.021710251590919893,62,74,True
0.135,-0.19999999999999998,0.15999999999999998,False,True,True,True,True,False,False,47,159,73,55,-0.015914835035800934,5317.453706690888,0.014495038505206873,72,85,True
0.135,-0.18,0.15999999999999998,False,True,True,True,True,False,False,43,151,82,66,-0.015914835035800934,7211.157714843807,0.005200883499118393,74,87,True
0.135,-0.15999999999999998,0.15999999999999998,False,True,True,True,True,False,False,39,142,70,50,-0.015892641618847847,4165.564158389059,0.015782200766132633,64,78,True
0.135,-0.13999999999999996,0.15999999999999998,False,True,True,True,True,False,False,49,155,66,50,-0.015833422541618347,2730.162841796977,0.013578689804211647,72,74,True
0.135,-0.12,0.15999999999999998,False,True,True,True,True,False,False,58,198,82,66,-0.014960132539272308,3609.543945312612,0.011277332052850465,91,90,True
0.135,-0.09999999999999998,0.15999999999999998,False,True,True,True,True,False,False,56,195,103,89,-0.014960125088691711,3768.9462890626173,0.011460193743436101,88,115,True
0.135,-0.07999999999999996,0.15999999999999998,False,True,True,True,True,False,False,50,183,92,78,-0.014960125088691711,3137.1911621094723,0.018857733370339982,73,96,True
0.135,-0.06,0.15999999999999998,False,True,True,True,True,False,False,48,171,92,78,-0.014960125088691711,2967.3405761719855,0.016921402904021665,63,96,True
0.135,-0.03999999999999998,0.15999999999999998,False,True,True,True,True,False,False,44,161,84,70,-0.014960125088691711,2513.5405273438437,0.016011374151852855,56,92,True
0.135,-0.019999999999999962,0.15999999999999998,False,True,True,True,True,False,False,42,153,84,70,-0.014960125088691711,3786.044433593868,0.018377276731732343,53,92,True
0.135,0.0,0.15999999999999998,False,True,True,True,True,False,False,42,153,84,70,-0.014960125088691711,2735.77465820321,0.016344408866480465,52,88,True
0.135,0.020000000000000018,0.15999999999999998,False,True,True,True,True,False,False,42,153,84,70,-0.014960125088691711,3786.131103515743,0.01932421132710169,44,84,True
0.135,0.040000000000000036,0.15999999999999998,False,True,True,True,True,False,False,45,162,84,70,-0.014960125088691711,4136.589355468878,0.02346292515207178,45,84,True
0.135,0.06,0.15999999999999998,False,True,True,True,True,False,False,48,171,92,74,-0.014960125088691711,3328.4899902344787,0.028535615762766846,48,92,True
0.135,0.08000000000000002,0.15999999999999998,False,True,True,True,True,False,False,50,184,92,74,-0.014960117638111115,2427.5610351563255,0.014766130836426238,50,92,True
0.135,0.10000000000000003,0.15999999999999998,False,True,True,True,True,False,False,53,191,104,86,-0.014960117638111115,2741.231445312585,0.005088436723359647,53,104,True
0.135,0.12000000000000005,0.15999999999999998,False,True,True,True,True,False,False,53,179,80,64,-0.014960117638111115,3429.6433105469814,0.009640319084705367,53,80,True
0.135,0.14000000000000007,0.15999999999999998,False,True,True,True,True,False,False,46,153,69,57,-0.015819311141967773,3801.539830973396,0.01814516947913672,46,69,True
0.135,0.15999999999999998,0.15999999999999998,False,True,True,True,True,False,False,44,153,71,61,-0.015877600759267807,4925.358325776094,0.00757178651826334,44,71,True
0.135,0.18,0.15999999999999998,False,True,True,True,True,False,False,45,154,83,79,-0.015914782881736755,6207.345703125232,0.010170760668822807,45,83,True
0.135,0.2,0.15999999999999998,False,True,True,True,True,False,False,49,162,82,71,-0.015914782881736755,4494.077148437667,0.0075890875510364,49,82,True
0.135,0.22000000000000003,0.15999999999999998,False,True,True,True,True,False,False,45,153,67,61,-0.015914790332317352,4385.286621093914,0.005993887918330482,45,67,True
0.135,0.24000000000000005,0.15999999999999998,False,True,True,True,True,False,False,40,122,58,54,-0.019176244735717773,5814.748046875046,0.018405673978294602,40,58,True
0.135,0.26000000000000006,0.15999999999999998,True,False,True,True,True,True,False,32,105,41,38,-0.015911251306533813,4871.249023437682,0.01788410268267255,32,41,True
0.135,0.2800000000000001,0.15999999999999998,True,False,True,True,True,True,False,28,95,44,44,-0.015852032229304314,4592.3624159928995,0.055445493694191994,28,44,True
0.135,0.3,0.15999999999999998,True,False,True,True,True,True,False,35,109,47,43,-0.012567207217216492,2816.3840332031473,0.013347688034436266,35,47,True
0.135,0.32,0.15999999999999998,True,False,True,True,True,True,False,28,90,40,40,-0.015421509742736816,5391.748046875043,0.017381042910009192,28,40,True
0.135,0.34,0.15999999999999998,True,False,False,False,False,False,False,13,42,0,0,0.004426747560501099,0.0,2.9802322387695312e-08,13,0,False
0.135,0.36000000000000004,0.15999999999999998,True,False,False,False,False,False,False,0,0,0,0,,0.0,2.9802322387695312e-08,0,0,False
0.135,0.38000000000000006,0.15999999999999998,True,False,False,False,False,False,False,0,0,0,0,,0.0,2.9802322387695312e-08,0,0,False
0.135,0.4000000000000001,0.15999999999999998,True,False,False,False,False,False,False,0,0,0,0,,0.0,2.9802322387695312e-08,0,0,False
0.135,0.42,0.15999999999999998,True,False,False,False,False,False,False,0,0,0,0,,0.0,2.9802322387695312e-08,0,0,False
0.135,-0.42,0.18,True,False,False,False,False,False,False,0,0,0,0,,0.0,2.9802322387695312e-08,0,0,False
0.135,-0.39999999999999997,0.18,True,False,False,False,False,False,False,0,0,0,0,,0.0,2.9802322387695312e-08,0,0,False
0.135,-0.38,0.18,True,False,False,False,False,False,False,0,0,0,0,,0.0,2.9802322387695312e-08,0,0,False
0.135,-0.36,0.18,True,False,False,False,False,False,False,0,0,0,0,,0.0,2.9802322387695312e-08,0,0,False
0.135,-0.33999999999999997,0.18,True,False,False,False,False,False,False,9,18,0,0,0.00694110244512558,0.0,2.9802322387695312e-08,9,0,False
0.135,-0.31999999999999995,0.18,True,False,True,True,True,True,False,20,66,17,11,-0.012077100574970245,72.32288360595973,0.0022895866610430746,20,17,True
0.135,-0.3,0.18,True,False,True,True,True,True,False,25,82,32,24,-0.011174134910106659,3059.1113281250246,0.014746177377409493,25,32,True
0.135,-0.27999999999999997,0.18,True,False,True,True,True,True,False,24,88,35,31,-0.01237235963344574,4562.647412133215,0.040662641348963864,24,35,True
0.135,-0.26,0.18,True,False,True,True,True,True,False,26,91,36,32,-0.012457489967346191,5873.797667224698,0.01791679348087995,26,36,True
0.135,-0.24,0.18,False,True,True,True,True,False,False,30,94,33,28,-0.012492596171796322,6508.301757812702,0.018988433630240945,31,33,True
0.135,-0.21999999999999997,0.18,False,True,True,True,True,False,False,33,113,31,26,-0.0124996742233634,4836.68652343765,0.02646595220087748,33,34,True
0.135,-0.19999999999999998,0.18,False,True,True,True,True,False,False,44,144,39,34,-0.012510105967521667,6729.542480468959,0.015160496232832027,43,36,True
0.135,-0.18,0.18,False,True,True,True,True,False,False,41,143,45,36,-0.01251859962940216,8136.148437500253,0.024792093154048275,41,45,True
0.135,-0.15999999999999998,0.18,False,True,True,True,True,False,False,37,137,42,34,-0.012467987835407257,6845.467773437713,0.004689939175490255,36,42,True
0.135,-0.13999999999999996,0.18,False,True,True,True,True,False,False,45,146,42,34,-0.012376241385936737,4878.096679687651,0.011981121336580709,45,42,True
0.135,-0.12,0.18,False,True,True,True,True,False,False,55,180,56,48,-0.008822910487651825,4149.974121093879,0.013753334094339476,55,56,True
0.135,-0.09999999999999998,0.18,False,True,True,True,True,False,False,57,193,58,51,-0.010254308581352234,4339.261718750135,0.020279053461105236,56,58,True
0.135,-0.07999999999999996,0.18,False,True,True,True,True,False,False,49,173,53,47,-0.010254308581352234,2752.8730468750855,0.0027859157961311427,50,53,True
0.135,-0.06,0.18,False,True,True,True,True,False,False,47,163,50,44,-0.010254308581352234,2982.9372558594673,0.00668882073437006,47,50,True
0.135,-0.03999999999999998,0.18,False,True,True,True,True,False,False,41,145,47,40,-0.005423977971076965,2393.100585937589,0.020988499837607793,41,47,True
0.135,-0.019999999999999962,0.18,False,True,True,True,True,False,False,40,141,47,40,-0.005423977971076965,1757.937622070378,0.01872243506532838,40,47,True
0.135,0.0,0.18,False,True,True,True,True,False,False,40,141,47,40,-0.005423985421657562,2292.9409179688355,0.023376759763115606,40,47,True
0.135,0.020000000000000018,0.18,False,True,True,True,True,False,False,40,142,47,40,-0.005423985421657562,1757.941040039128,0.01872243506532838,40,47,True
0.135,0.040000000000000036,0.18,False,True,True,True,True,False,False,41,146,47,40,-0.005423985421657562,1959.2122802735105,0.010894812939729267,41,47,True
0.135,0.06,0.18,False,True,True,True,True,False,False,45,161,51,44,-0.011174120008945465,2371.440429687588,0.0027968307773135258,46,51,True
0.135,0.08000000000000002,0.18,False,True,True,True,True,False,False,48,170,54,47,-0.011174120008945465,2679.021240234458,0.01026134620943406,47,54,True
0.135,0.10000000000000003,0.18,False,True,True,True,True,False,False,52,183,58,52,-0.011174120008945465,3066.1247558594705,0.009501973813908257,52,58,True
0.135,0.12000000000000005,0.18,False,True,True,True,True,False,False,51,169,53,43,-0.008822895586490631,5157.27001953141,0.014761438424040634,51,53,True
0.135,0.14000000000000007,0.18,False,True,True,True,True,False,False,44,152,45,42,-0.012345530092716217,5503.600585937671,0.023830728103161735,44,45,True
0.135,0.15999999999999998,0.18,False,True,True,True,True,False,False,42,146,45,42,-0.01243070513010025,7093.14990234397,0.02154542317573744,41,45,True
0.135,0.18,0.18,False,True,True,True,True,False,False,45,160,50,45,-0.01248680055141449,5881.474609375183,0.03988881392449274,45,50,True
0.135,0.2,0.18,False,True,True,True,True,False,False,45,151,43,39,-0.012498623691499233,5109.042968750158,0.038317278819647374,46,43,True
0.135,0.22000000000000003,0.18,False,True,True,True,True,False,False,39,135,44,42,-0.012507349252700806,5056.664062500157,0.009488045416092866,39,44,True
0.135,0.24000000000000005,0.18,False,True,True,True,True,False,False,39,123,41,39,-0.012512748129665852,6335.754882812697,0.021256533270236314,40,41,True
0.135,0.26000000000000006,0.18,True,False,True,True,True,True,False,33,111,40,39,-0.012496910989284515,4795.786621093899,0.01993933462009543,33,40,True
0.135,0.2800000000000001,0.18,True,False,True,True,True,True,False,30,104,39,39,-0.012405164539813995,4286.147949218884,0.019063574451828262,30,39,True
0.135,0.3,0.18,True,False,True,True,True,True,False,32,104,40,36,-0.012313418090343475,2363.0893554688237,0.012809211245572697,32,40,True
0.135,0.32,0.18,True,False,True,True,True,True,False,30,87,20,16,-0.012192711234092712,39.02377319336083,0.005391063715388494,30,20,True
0.135,0.34,0.18,True,False,False,False,False,False,False,10,18,0,0,0.004771367181092501,0.0,2.9802322387695312e-08,10,0,False
0.135,0.36000000000000004,0.18,True,False,False,False,False,False,False,0,0,0,0,,0.0,2.9802322387695312e-08,0,0,False
0.135,0.38000000000000006,0.18,True,False,False,False,False,False,False,0,0,0,0,,0.0,2.9802322387695312e-08,0,0,False
0.135,0.4000000000000001,0.18,True,False,False,False,False,False,False,0,0,0,0,,0.0,2.9802322387695312e-08,0,0,False
0.135,0.42,0.18,True,False,False,False,False,False,False,0,0,0,0,,0.0,2.9802322387695312e-08,0,0,False
0.135,-0.42,0.2,True,False,False,False,False,False,False,0,0,0,0,,0.0,2.9802322387695312e-08,0,0,False
0.135,-0.39999999999999997,0.2,True,False,False,False,False,False,False,0,0,0,0,,0.0,2.9802322387695312e-08,0,0,False
0.135,-0.38,0.2,True,False,False,False,False,False,False,0,0,0,0,,0.0,2.9802322387695312e-08,0,0,False
0.135,-0.36,0.2,True,False,False,False,False,False,False,0,0,0,0,,0.0,2.9802322387695312e-08,0,0,False
0.135,-0.33999999999999997,0.2,True,False,False,False,False,False,False,2,5,0,0,0.015444576740264893,0.0,2.9802322387695312e-08,2,0,False
0.135,-0.31999999999999995,0.2,True,False,False,False,False,False,False,9,18,0,0,0.007879853248596191,0.0,2.9802322387695312e-08,9,0,False
0.135,-0.3,0.2,True,False,False,False,False,False,False,15,33,0,0,0.007712617516517639,0.0,2.9802322387695312e-08,14,0,False
0.135,-0.27999999999999997,0.2,True,False,False,False,False,False,False,11,32,0,0,0.0076274871826171875,0.0,2.9802322387695312e-08,11,0,False
0.135,-0.26,0.2,True,False,False,False,False,False,False,11,32,0,0,0.007542327046394348,0.0,2.9802322387695312e-08,10,0,False
0.135,-0.24,0.2,True,False,False,False,False,False,False,12,27,0,0,0.007508085574954748,0.0,2.9802322387695312e-08,12,0,False
0.135,-0.21999999999999997,0.2,True,False,False,False,False,False,False,12,25,0,0,0.007500334642827511,0.0,2.9802322387695312e-08,12,0,False
0.135,-0.19999999999999998,0.2,True,False,False,False,False,False,False,15,34,0,0,0.007489912211894989,0.0,2.9802322387695312e-08,15,0,False
0.135,-0.18,0.2,True,False,False,False,False,False,False,15,38,0,0,0.007481418550014496,0.0,2.9802322387695312e-08,15,0,False
0.135,-0.15999999999999998,0.2,True,False,False,False,False,False,False,14,34,0,0,0.007481418550014496,0.0,2.9802322387695312e-08,14,0,False
0.135,-0.13999999999999996,0.2,True,False,False,False,False,False,False,20,40,0,0,0.007481418550014496,0.0,2.9802322387695312e-08,20,0,False
0.135,-0.12,0.2,True,False,False,False,False,False,False,20,48,0,0,0.0077155232429504395,0.0,2.9802322387695312e-08,19,0,False
0.135,-0.09999999999999998,0.2,True,False,False,False,False,False,False,22,54,0,0,0.007623679935932159,0.0,2.980237923100575e-08,22,0,False
0.135,-0.07999999999999996,0.2,True,False,False,False,False,False,False,21,51,0,0,0.007715433835983276,0.0,2.9802322387695312e-08,21,0,False
0.135,-0.06,0.2,True,False,False,False,False,False,False,19,45,0,0,0.0077666789293289185,0.0,2.9802322387695312e-08,19,0,False
0.135,-0.03999999999999998,0.2,True,False,False,False,False,False,False,17,43,0,0,0.00848634634166956,0.0,2.9802322387695312e-08,17,0,False
0.135,-0.019999999999999962,0.2,True,False,False,False,False,False,False,17,40,0,0,0.008560587652027607,0.0,2.9802322387695312e-08,17,0,False
0.135,0.0,0.2,True,False,False,False,False,False,False,17,40,0,0,0.008555077947676182,0.0,2.9802322387695312e-08,17,0,False
0.135,0.020000000000000018,0.2,True,False,False,False,False,False,False,17,40,0,0,0.00857070367783308,0.0,2.9802322387695312e-08,17,0,False
0.135,0.040000000000000036,0.2,True,False,False,False,False,False,False,17,43,0,0,0.008576800115406513,0.0,2.9802322387695312e-08,17,0,False
0.135,0.06,0.2,True,False,False,False,False,False,False,19,46,0,0,0.007790934760123491,0.0,2.9802322387695312e-08,19,0,False
0.135,0.08000000000000002,0.2,True,False,False,False,False,False,False,17,47,0,0,0.007705137133598328,0.0,2.9802322387695312e-08,17,0,False
0.135,0.10000000000000003,0.2,True,False,False,False,False,False,False,19,52,0,0,0.007619984447956085,0.0,2.9802322387695312e-08,19,0,False
0.135,0.12000000000000005,0.2,True,False,False,False,False,False,False,23,53,0,0,0.007534869015216827,0.0,2.9802322387695312e-08,23,0,False
0.135,0.14000000000000007,0.2,True,False,False,False,False,False,False,19,43,0,0,0.007513217628002167,0.0,2.9802322387695312e-08,19,0,False
0.135,0.15999999999999998,0.2,True,False,False,False,False,False,False,17,39,0,0,0.007513217628002167,0.0,2.9802322387695312e-08,17,0,False
0.135,0.18,0.2,True,False,False,False,False,False,False,15,34,0,0,0.007513217628002167,0.0,2.9802322387695312e-08,16,0,False
0.135,0.2,0.2,True,False,False,False,False,False,False,16,36,0,0,0.007501383777707815,0.0,2.9802322387695312e-08,16,0,False
0.135,0.22000000000000003,0.2,True,False,False,False,False,False,False,16,37,0,0,0.007492668926715851,0.0,2.9802322387695312e-08,16,0,False
0.135,0.24000000000000005,0.2,True,False,False,False,False,False,False,16,30,0,0,0.007483825087547302,0.0,2.9802322387695312e-08,16,0,False
0.135,0.26000000000000006,0.2,True,False,False,False,False,False,False,16,40,0,0,0.007503107190132141,0.0,2.9802322387695312e-08,16,0,False
0.135,0.2800000000000001,0.2,True,False,False,False,False,False,False,16,40,0,0,0.007594853639602661,0.0,2.9802322387695312e-08,16,0,False
0.135,0.3,0.2,True,False,False,False,False,False,False,18,42,0,0,0.007723450660705566,0.0,2.9802322387695312e-08,18,0,False
0.135,0.32,0.2,True,False,False,False,False,False,False,10,18,0,0,0.007773958146572113,0.0,2.9802322387695312e-08,10,0,False
0.135,0.34,0.2,True,False,False,False,False,False,False,2,6,0,0,0.015034646727144718,0.0,2.9802322387695312e-08,2,0,False
0.135,0.36000000000000004,0.2,True,False,False,False,False,False,False,0,0,0,0,,0.0,2.9802322387695312e-08,0,0,False
0.135,0.38000000000000006,0.2,True,False,False,False,False,False,False,0,0,0,0,,0.0,2.9802322387695312e-08,0,0,False
0.135,0.4000000000000001,0.2,True,False,False,False,False,False,False,0,0,0,0,,0.0,2.9802322387695312e-08,0,0,False
0.135,0.42,0.2,True,False,False,False,False,False,False,0,0,0,0,,0.0,2.9802322387695312e-08,0,0,False
0.135,-0.42,0.22000000000000003,True,False,False,False,False,False,False,0,0,0,0,,0.0,2.9802322387695312e-08,0,0,False
0.135,-0.39999999999999997,0.22000000000000003,True,False,False,False,False,False,False,0,0,0,0,,0.0,2.9802322387695312e-08,0,0,False
0.135,-0.38,0.22000000000000003,True,False,False,False,False,False,False,0,0,0,0,,0.0,2.9802322387695312e-08,0,0,False
0.135,-0.36,0.22000000000000003,True,False,False,False,False,False,False,0,0,0,0,,0.0,2.9802322387695312e-08,0,0,False
0.135,-0.33999999999999997,0.22000000000000003,True,False,False,False,False,False,False,0,0,0,0,,0.0,2.9802322387695312e-08,0,0,False
0.135,-0.31999999999999995,0.22000000000000003,True,False,False,False,False,False,False,0,0,0,0,,0.0,2.9802322387695312e-08,0,0,False
0.135,-0.3,0.22000000000000003,True,False,False,False,False,False,False,0,0,0,0,,0.0,2.9802322387695312e-08,0,0,False
0.135,-0.27999999999999997,0.22000000000000003,True,False,False,False,False,False,False,0,0,0,0,,0.0,2.9802322387695312e-08,0,0,False
0.135,-0.26,0.22000000000000003,True,False,False,False,False,False,False,0,0,0,0,,0.0,2.9802322387695312e-08,0,0,False
0.135,-0.24,0.22000000000000003,True,False,False,False,False,False,False,0,0,0,0,,0.0,2.9802322387695312e-08,0,0,False
0.135,-0.21999999999999997,0.22000000000000003,True,False,False,False,False,False,False,0,0,0,0,,0.0,2.9802322387695312e-08,0,0,False
0.135,-0.19999999999999998,0.22000000000000003,True,False,False,False,False,False,False,0,0,0,0,,0.0,2.9802322387695312e-08,0,0,False
0.135,-0.18,0.22000000000000003,True,False,False,False,False,False,False,0,0,0,0,,0.0,2.9802322387695312e-08,0,0,False
0.135,-0.15999999999999998,0.22000000000000003,True,False,False,False,False,False,False,0,0,0,0,,0.0,2.9802322387695312e-08,0,0,False
0.135,-0.13999999999999996,0.22000000000000003,True,False,False,False,False,False,False,0,0,0,0,,0.0,2.9802322387695312e-08,0,0,False
0.135,-0.12,0.22000000000000003,True,False,False,False,False,False,False,0,0,0,0,,0.0,2.9802322387695312e-08,0,0,False
0.135,-0.09999999999999998,0.22000000000000003,True,False,False,False,False,False,False,0,0,0,0,,0.0,2.980237923100575e-08,0,0,False
0.135,-0.07999999999999996,0.22000000000000003,True,False,False,False,False,False,False,0,0,0,0,,0.0,2.9802322387695312e-08,0,0,False
0.135,-0.06,0.22000000000000003,True,False,False,False,False,False,False,0,0,0,0,,0.0,2.9802322387695312e-08,0,0,False
0.135,-0.03999999999999998,0.22000000000000003,True,False,False,False,False,False,False,0,0,0,0,,0.0,2.9802322387695312e-08,0,0,False
0.135,-0.019999999999999962,0.22000000000000003,True,False,False,False,False,False,False,0,0,0,0,,0.0,2.9802322387695312e-08,0,0,False
0.135,0.0,0.22000000000000003,True,False,False,False,False,False,False,0,0,0,0,,0.0,2.9802322387695312e-08,0,0,False
0.135,0.020000000000000018,0.22000000000000003,True,False,False,False,False,False,False,0,0,0,0,,0.0,2.9802322387695312e-08,0,0,False
0.135,0.040000000000000036,0.22000000000000003,True,False,False,False,False,False,False,0,0,0,0,,0.0,2.9802322387695312e-08,0,0,False
0.135,0.06,0.22000000000000003,True,False,False,False,False,False,False,0,0,0,0,,0.0,2.9802322387695312e-08,0,0,False
0.135,0.08000000000000002,0.22000000000000003,True,False,False,False,False,False,False,0,0,0,0,,0.0,2.9802322387695312e-08,0,0,False
0.135,0.10000000000000003,0.22000000000000003,True,False,False,False,False,False,False,0,0,0,0,,0.0,2.9802322387695312e-08,0,0,False
0.135,0.12000000000000005,0.22000000000000003,True,False,False,False,False,False,False,0,0,0,0,,0.0,2.9802322387695312e-08,0,0,False
0.135,0.14000000000000007,0.22000000000000003,True,False,False,False,False,False,False,0,0,0,0,,0.0,2.9802322387695312e-08,0,0,False
0.135,0.15999999999999998,0.22000000000000003,True,False,False,False,False,False,False,0,0,0,0,,0.0,2.9802322387695312e-08,0,0,False
0.135,0.18,0.22000000000000003,True,False,False,False,False,False,False,0,0,0,0,,0.0,2.9802322387695312e-08,0,0,False
0.135,0.2,0.22000000000000003,True,False,False,False,False,False,False,0,0,0,0,,0.0,2.9802322387695312e-08,0,0,False
0.135,0.22000000000000003,0.22000000000000003,True,False,False,False,False,False,False,0,0,0,0,,0.0,2.9802322387695312e-08,0,0,False
0.135,0.24000000000000005,0.22000000000000003,True,False,False,False,False,False,False,0,0,0,0,,0.0,2.9802322387695312e-08,0,0,False
0.135,0.26000000000000006,0.22000000000000003,True,False,False,False,False,False,False,0,0,0,0,,0.0,2.9802322387695312e-08,0,0,False
0.135,0.2800000000000001,0.22000000000000003,True,False,False,False,False,False,False,0,0,0,0,,0.0,2.9802322387695312e-08,0,0,False
0.135,0.3,0.22000000000000003,True,False,False,False,False,False,False,0,0,0,0,,0.0,2.9802322387695312e-08,0,0,False
0.135,0.32,0.22000000000000003,True,False,False,False,False,False,False,0,0,0,0,,0.0,2.9802322387695312e-08,0,0,False
0.135,0.34,0.22000000000000003,True,False,False,False,False,False,False,0,0,0,0,,0.0,2.9802322387695312e-08,0,0,False
0.135,0.36000000000000004,0.22000000000000003,True,False,False,False,False,False,False,0,0,0,0,,0.0,2.9802322387695312e-08,0,0,False
0.135,0.38000000000000006,0.22000000000000003,True,False,False,False,False,False,False,0,0,0,0,,0.0,2.9802322387695312e-08,0,0,False
0.135,0.4000000000000001,0.22000000000000003,True,False,False,False,False,False,False,0,0,0,0,,0.0,2.9802322387695312e-08,0,0,False
0.135,0.42,0.22000000000000003,True,False,False,False,False,False,False,0,0,0,0,,0.0,2.9802322387695312e-08,0,0,False
0.135,-0.42,0.23999999999999994,True,False,False,False,False,False,False,0,0,0,0,,0.0,2.9802322387695312e-08,0,0,False
0.135,-0.39999999999999997,0.23999999999999994,True,False,False,False,False,False,False,0,0,0,0,,0.0,2.9802322387695312e-08,0,0,False
0.135,-0.38,0.23999999999999994,True,False,False,False,False,False,False,0,0,0,0,,0.0,2.9802322387695312e-08,0,0,False
0.135,-0.36,0.23999999999999994,True,False,False,False,False,False,False,0,0,0,0,,0.0,2.9802322387695312e-08,0,0,False
0.135,-0.33999999999999997,0.23999999999999994,True,False,False,False,False,False,False,0,0,0,0,,0.0,2.9802322387695312e-08,0,0,False
0.135,-0.31999999999999995,0.23999999999999994,True,False,False,False,False,False,False,0,0,0,0,,0.0,2.9802322387695312e-08,0,0,False
0.135,-0.3,0.23999999999999994,True,False,False,False,False,False,False,0,0,0,0,,0.0,2.9802322387695312e-08,0,0,False
0.135,-0.27999999999999997,0.23999999999999994,True,False,False,False,False,False,False,0,0,0,0,,0.0,2.9802322387695312e-08,0,0,False
0.135,-0.26,0.23999999999999994,True,False,False,False,False,False,False,0,0,0,0,,0.0,2.9802322387695312e-08,0,0,False
0.135,-0.24,0.23999999999999994,True,False,False,False,False,False,False,0,0,0,0,,0.0,2.9802322387695312e-08,0,0,False
0.135,-0.21999999999999997,0.23999999999999994,True,False,False,False,False,False,False,0,0,0,0,,0.0,2.9802322387695312e-08,0,0,False
0.135,-0.19999999999999998,0.23999999999999994,True,False,False,False,False,False,False,0,0,0,0,,0.0,2.9802322387695312e-08,0,0,False
0.135,-0.18,0.23999999999999994,True,False,False,False,False,False,False,0,0,0,0,,0.0,2.9802322387695312e-08,0,0,False
0.135,-0.15999999999999998,0.23999999999999994,True,False,False,False,False,False,False,0,0,0,0,,0.0,2.9802322387695312e-08,0,0,False
0.135,-0.13999999999999996,0.23999999999999994,True,False,False,False,False,False,False,0,0,0,0,,0.0,2.9802322387695312e-08,0,0,False
0.135,-0.12,0.23999999999999994,True,False,False,False,False,False,False,0,0,0,0,,0.0,2.9802322387695312e-08,0,0,False
0.135,-0.09999999999999998,0.23999999999999994,True,False,False,False,False,False,False,0,0,0,0,,0.0,2.980237923100575e-08,0,0,False
0.135,-0.07999999999999996,0.23999999999999994,True,False,False,False,False,False,False,0,0,0,0,,0.0,2.9802322387695312e-08,0,0,False
0.135,-0.06,0.23999999999999994,True,False,False,False,False,False,False,0,0,0,0,,0.0,2.9802322387695312e-08,0,0,False
0.135,-0.03999999999999998,0.23999999999999994,True,False,False,False,False,False,False,0,0,0,0,,0.0,2.9802322387695312e-08,0,0,False
0.135,-0.019999999999999962,0.23999999999999994,True,False,False,False,False,False,False,0,0,0,0,,0.0,2.9802322387695312e-08,0,0,False
0.135,0.0,0.23999999999999994,True,False,False,False,False,False,False,0,0,0,0,,0.0,2.9802322387695312e-08,0,0,False
0.135,0.020000000000000018,0.23999999999999994,True,False,False,False,False,False,False,0,0,0,0,,0.0,2.9802322387695312e-08,0,0,False
0.135,0.040000000000000036,0.23999999999999994,True,False,False,False,False,False,False,0,0,0,0,,0.0,2.9802322387695312e-08,0,0,False
0.135,0.06,0.23999999999999994,True,False,False,False,False,False,False,0,0,0,0,,0.0,2.9802322387695312e-08,0,0,False
0.135,0.08000000000000002,0.23999999999999994,True,False,False,False,False,False,False,0,0,0,0,,0.0,2.9802322387695312e-08,0,0,False
0.135,0.10000000000000003,0.23999999999999994,True,False,False,False,False,False,False,0,0,0,0,,0.0,2.9802322387695312e-08,0,0,False
0.135,0.12000000000000005,0.23999999999999994,True,False,False,False,False,False,False,0,0,0,0,,0.0,2.9802322387695312e-08,0,0,False
0.135,0.14000000000000007,0.23999999999999994,True,False,False,False,False,False,False,0,0,0,0,,0.0,2.9802322387695312e-08,0,0,False
0.135,0.15999999999999998,0.23999999999999994,True,False,False,False,False,False,False,0,0,0,0,,0.0,2.9802322387695312e-08,0,0,False
0.135,0.18,0.23999999999999994,True,False,False,False,False,False,False,0,0,0,0,,0.0,2.9802322387695312e-08,0,0,False
0.135,0.2,0.23999999999999994,True,False,False,False,False,False,False,0,0,0,0,,0.0,2.9802322387695312e-08,0,0,False
0.135,0.22000000000000003,0.23999999999999994,True,False,False,False,False,False,False,0,0,0,0,,0.0,2.9802322387695312e-08,0,0,False
0.135,0.24000000000000005,0.23999999999999994,True,False,False,False,False,False,False,0,0,0,0,,0.0,2.9802322387695312e-08,0,0,False
0.135,0.26000000000000006,0.23999999999999994,True,False,False,False,False,False,False,0,0,0,0,,0.0,2.9802322387695312e-08,0,0,False
0.135,0.2800000000000001,0.23999999999999994,True,False,False,False,False,False,False,0,0,0,0,,0.0,2.9802322387695312e-08,0,0,False
0.135,0.3,0.23999999999999994,True,False,False,False,False,False,False,0,0,0,0,,0.0,2.9802322387695312e-08,0,0,False
0.135,0.32,0.23999999999999994,True,False,False,False,False,False,False,0,0,0,0,,0.0,2.9802322387695312e-08,0,0,False
0.135,0.34,0.23999999999999994,True,False,False,False,False,False,False,0,0,0,0,,0.0,2.9802322387695312e-08,0,0,False
0.135,0.36000000000000004,0.23999999999999994,True,False,False,False,False,False,False,0,0,0,0,,0.0,2.9802322387695312e-08,0,0,False
0.135,0.38000000000000006,0.23999999999999994,True,False,False,False,False,False,False,0,0,0,0,,0.0,2.9802322387695312e-08,0,0,False
0.135,0.4000000000000001,0.23999999999999994,True,False,False,False,False,False,False,0,0,0,0,,0.0,2.9802322387695312e-08,0,0,False
0.135,0.42,0.23999999999999994,True,False,False,False,False,False,False,0,0,0,0,,0.0,2.9802322387695312e-08,0,0,False
0.135,-0.42,0.25999999999999995,True,False,False,False,False,False,False,0,0,0,0,,0.0,2.9802322387695312e-08,0,0,False
0.135,-0.39999999999999997,0.25999999999999995,True,False,False,False,False,False,False,0,0,0,0,,0.0,2.9802322387695312e-08,0,0,False
0.135,-0.38,0.25999999999999995,True,False,False,False,False,False,False,0,0,0,0,,0.0,2.9802322387695312e-08,0,0,False
0.135,-0.36,0.25999999999999995,True,False,False,False,False,False,False,0,0,0,0,,0.0,2.9802322387695312e-08,0,0,False
0.135,-0.33999999999999997,0.25999999999999995,True,False,False,False,False,False,False,0,0,0,0,,0.0,2.9802322387695312e-08,0,0,False
0.135,-0.31999999999999995,0.25999999999999995,True,False,False,False,False,False,False,0,0,0,0,,0.0,2.9802322387695312e-08,0,0,False
0.135,-0.3,0.25999999999999995,True,False,False,False,False,False,False,0,0,0,0,,0.0,2.9802322387695312e-08,0,0,False
0.135,-0.27999999999999997,0.25999999999999995,True,False,False,False,False,False,False,0,0,0,0,,0.0,2.9802322387695312e-08,0,0,False
0.135,-0.26,0.25999999999999995,True,False,False,False,False,False,False,0,0,0,0,,0.0,2.9802322387695312e-08,0,0,False
0.135,-0.24,0.25999999999999995,True,False,False,False,False,False,False,0,0,0,0,,0.0,2.9802322387695312e-08,0,0,False
0.135,-0.21999999999999997,0.25999999999999995,True,False,False,False,False,False,False,0,0,0,0,,0.0,2.9802322387695312e-08,0,0,False
0.135,-0.19999999999999998,0.25999999999999995,True,False,False,False,False,False,False,0,0,0,0,,0.0,2.9802322387695312e-08,0,0,False
0.135,-0.18,0.25999999999999995,True,False,False,False,False,False,False,0,0,0,0,,0.0,2.9802322387695312e-08,0,0,False
0.135,-0.15999999999999998,0.25999999999999995,True,False,False,False,False,False,False,0,0,0,0,,0.0,2.9802322387695312e-08,0,0,False
0.135,-0.13999999999999996,0.25999999999999995,True,False,False,False,False,False,False,0,0,0,0,,0.0,2.9802322387695312e-08,0,0,False
0.135,-0.12,0.25999999999999995,True,False,False,False,False,False,False,0,0,0,0,,0.0,2.9802322387695312e-08,0,0,False
0.135,-0.09999999999999998,0.25999999999999995,True,False,False,False,False,False,False,0,0,0,0,,0.0,2.980237923100575e-08,0,0,False
0.135,-0.07999999999999996,0.25999999999999995,True,False,False,False,False,False,False,0,0,0,0,,0.0,2.9802322387695312e-08,0,0,False
0.135,-0.06,0.25999999999999995,True,False,False,False,False,False,False,0,0,0,0,,0.0,2.9802322387695312e-08,0,0,False
0.135,-0.03999999999999998,0.25999999999999995,True,False,False,False,False,False,False,0,0,0,0,,0.0,2.9802322387695312e-08,0,0,False
0.135,-0.019999999999999962,0.25999999999999995,True,False,False,False,False,False,False,0,0,0,0,,0.0,2.9802322387695312e-08,0,0,False
0.135,0.0,0.25999999999999995,True,False,False,False,False,False,False,0,0,0,0,,0.0,2.9802322387695312e-08,0,0,False
0.135,0.020000000000000018,0.25999999999999995,True,False,False,False,False,False,False,0,0,0,0,,0.0,2.9802322387695312e-08,0,0,False
0.135,0.040000000000000036,0.25999999999999995,True,False,False,False,False,False,False,0,0,0,0,,0.0,2.9802322387695312e-08,0,0,False
0.135,0.06,0.25999999999999995,True,False,False,False,False,False,False,0,0,0,0,,0.0,2.9802322387695312e-08,0,0,False
0.135,0.08000000000000002,0.25999999999999995,True,False,False,False,False,False,False,0,0,0,0,,0.0,2.9802322387695312e-08,0,0,False
0.135,0.10000000000000003,0.25999999999999995,True,False,False,False,False,False,False,0,0,0,0,,0.0,2.9802322387695312e-08,0,0,False
0.135,0.12000000000000005,0.25999999999999995,True,False,False,False,False,False,False,0,0,0,0,,0.0,2.9802322387695312e-08,0,0,False
0.135,0.14000000000000007,0.25999999999999995,True,False,False,False,False,False,False,0,0,0,0,,0.0,2.9802322387695312e-08,0,0,False
0.135,0.15999999999999998,0.25999999999999995,True,False,False,False,False,False,False,0,0,0,0,,0.0,2.9802322387695312e-08,0,0,False
0.135,0.18,0.25999999999999995,True,False,False,False,False,False,False,0,0,0,0,,0.0,2.9802322387695312e-08,0,0,False
0.135,0.2,0.25999999999999995,True,False,False,False,False,False,False,0,0,0,0,,0.0,2.9802322387695312e-08,0,0,False
0.135,0.22000000000000003,0.25999999999999995,True,False,False,False,False,False,False,0,0,0,0,,0.0,2.9802322387695312e-08,0,0,False
0.135,0.24000000000000005,0.25999999999999995,True,False,False,False,False,False,False,0,0,0,0,,0.0,2.9802322387695312e-08,0,0,False
0.135,0.26000000000000006,0.25999999999999995,True,False,False,False,False,False,False,0,0,0,0,,0.0,2.9802322387695312e-08,0,0,False
0.135,0.2800000000000001,0.25999999999999995,True,False,False,False,False,False,False,0,0,0,0,,0.0,2.9802322387695312e-08,0,0,False
0.135,0.3,0.25999999999999995,True,False,False,False,False,False,False,0,0,0,0,,0.0,2.9802322387695312e-08,0,0,False
0.135,0.32,0.25999999999999995,True,False,False,False,False,False,False,0,0,0,0,,0.0,2.9802322387695312e-08,0,0,False
0.135,0.34,0.25999999999999995,True,False,False,False,False,False,False,0,0,0,0,,0.0,2.9802322387695312e-08,0,0,False
0.135,0.36000000000000004,0.25999999999999995,True,False,False,False,False,False,False,0,0,0,0,,0.0,2.9802322387695312e-08,0,0,False
0.135,0.38000000000000006,0.25999999999999995,True,False,False,False,False,False,False,0,0,0,0,,0.0,2.9802322387695312e-08,0,0,False
0.135,0.4000000000000001,0.25999999999999995,True,False,False,False,False,False,False,0,0,0,0,,0.0,2.9802322387695312e-08,0,0,False
0.135,0.42,0.25999999999999995,True,False,False,False,False,False,False,0,0,0,0,,0.0,2.9802322387695312e-08,0,0,False
0.135,-0.42,0.27999999999999997,True,False,False,False,False,False,False,0,0,0,0,,0.0,2.9802322387695312e-08,0,0,False
0.135,-0.39999999999999997,0.27999999999999997,True,False,False,False,False,False,False,0,0,0,0,,0.0,2.9802322387695312e-08,0,0,False
0.135,-0.38,0.27999999999999997,True,False,False,False,False,False,False,0,0,0,0,,0.0,2.9802322387695312e-08,0,0,False
0.135,-0.36,0.27999999999999997,True,False,False,False,False,False,False,0,0,0,0,,0.0,2.9802322387695312e-08,0,0,False
0.135,-0.33999999999999997,0.27999999999999997,True,False,False,False,False,False,False,0,0,0,0,,0.0,2.9802322387695312e-08,0,0,False
0.135,-0.31999999999999995,0.27999999999999997,True,False,False,False,False,False,False,0,0,0,0,,0.0,2.9802322387695312e-08,0,0,False
0.135,-0.3,0.27999999999999997,True,False,False,False,False,False,False,0,0,0,0,,0.0,2.9802322387695312e-08,0,0,False
0.135,-0.27999999999999997,0.27999999999999997,True,False,False,False,False,False,False,0,0,0,0,,0.0,2.9802322387695312e-08,0,0,False
0.135,-0.26,0.27999999999999997,True,False,False,False,False,False,False,0,0,0,0,,0.0,2.9802322387695312e-08,0,0,False
0.135,-0.24,0.27999999999999997,True,False,False,False,False,False,False,0,0,0,0,,0.0,2.9802322387695312e-08,0,0,False
0.135,-0.21999999999999997,0.27999999999999997,True,False,False,False,False,False,False,0,0,0,0,,0.0,2.9802322387695312e-08,0,0,False
0.135,-0.19999999999999998,0.27999999999999997,True,False,False,False,False,False,False,0,0,0,0,,0.0,2.9802322387695312e-08,0,0,False
0.135,-0.18,0.27999999999999997,True,False,False,False,False,False,False,0,0,0,0,,0.0,2.9802322387695312e-08,0,0,False
0.135,-0.15999999999999998,0.27999999999999997,True,False,False,False,False,False,False,0,0,0,0,,0.0,2.9802322387695312e-08,0,0,False
0.135,-0.13999999999999996,0.27999999999999997,True,False,False,False,False,False,False,0,0,0,0,,0.0,2.9802322387695312e-08,0,0,False
0.135,-0.12,0.27999999999999997,True,False,False,False,False,False,False,0,0,0,0,,0.0,2.9802322387695312e-08,0,0,False
0.135,-0.09999999999999998,0.27999999999999997,True,False,False,False,False,False,False,0,0,0,0,,0.0,2.980237923100575e-08,0,0,False
0.135,-0.07999999999999996,0.27999999999999997,True,False,False,False,False,False,False,0,0,0,0,,0.0,2.9802322387695312e-08,0,0,False
0.135,-0.06,0.27999999999999997,True,False,False,False,False,False,False,0,0,0,0,,0.0,2.9802322387695312e-08,0,0,False
0.135,-0.03999999999999998,0.27999999999999997,True,False,False,False,False,False,False,0,0,0,0,,0.0,2.9802322387695312e-08,0,0,False
0.135,-0.019999999999999962,0.27999999999999997,True,False,False,False,False,False,False,0,0,0,0,,0.0,2.9802322387695312e-08,0,0,False
0.135,0.0,0.27999999999999997,True,False,False,False,False,False,False,0,0,0,0,,0.0,2.9802322387695312e-08,0,0,False
0.135,0.020000000000000018,0.27999999999999997,True,False,False,False,False,False,False,0,0,0,0,,0.0,2.9802322387695312e-08,0,0,False
0.135,0.040000000000000036,0.27999999999999997,True,False,False,False,False,False,False,0,0,0,0,,0.0,2.9802322387695312e-08,0,0,False
0.135,0.06,0.27999999999999997,True,False,False,False,False,False,False,0,0,0,0,,0.0,2.9802322387695312e-08,0,0,False
0.135,0.08000000000000002,0.27999999999999997,True,False,False,False,False,False,False,0,0,0,0,,0.0,2.9802322387695312e-08,0,0,False
0.135,0.10000000000000003,0.27999999999999997,True,False,False,False,False,False,False,0,0,0,0,,0.0,2.9802322387695312e-08,0,0,False
0.135,0.12000000000000005,0.27999999999999997,True,False,False,False,False,False,False,0,0,0,0,,0.0,2.9802322387695312e-08,0,0,False
0.135,0.14000000000000007,0.27999999999999997,True,False,False,False,False,False,False,0,0,0,0,,0.0,2.9802322387695312e-08,0,0,False
0.135,0.15999999999999998,0.27999999999999997,True,False,False,False,False,False,False,0,0,0,0,,0.0,2.9802322387695312e-08,0,0,False
0.135,0.18,0.27999999999999997,True,False,False,False,False,False,False,0,0,0,0,,0.0,2.9802322387695312e-08,0,0,False
0.135,0.2,0.27999999999999997,True,False,False,False,False,False,False,0,0,0,0,,0.0,2.9802322387695312e-08,0,0,False
0.135,0.22000000000000003,0.27999999999999997,True,False,False,False,False,False,False,0,0,0,0,,0.0,2.9802322387695312e-08,0,0,False
0.135,0.24000000000000005,0.27999999999999997,True,False,False,False,False,False,False,0,0,0,0,,0.0,2.9802322387695312e-08,0,0,False
0.135,0.26000000000000006,0.27999999999999997,True,False,False,False,False,False,False,0,0,0,0,,0.0,2.9802322387695312e-08,0,0,False
0.135,0.2800000000000001,0.27999999999999997,True,False,False,False,False,False,False,0,0,0,0,,0.0,2.9802322387695312e-08,0,0,False
0.135,0.3,0.27999999999999997,True,False,False,False,False,False,False,0,0,0,0,,0.0,2.9802322387695312e-08,0,0,False
0.135,0.32,0.27999999999999997,True,False,False,False,False,False,False,0,0,0,0,,0.0,2.9802322387695312e-08,0,0,False
0.135,0.34,0.27999999999999997,True,False,False,False,False,False,False,0,0,0,0,,0.0,2.9802322387695312e-08,0,0,False
0.135,0.36000000000000004,0.27999999999999997,True,False,False,False,False,False,False,0,0,0,0,,0.0,2.9802322387695312e-08,0,0,False
0.135,0.38000000000000006,0.27999999999999997,True,False,False,False,False,False,False,0,0,0,0,,0.0,2.9802322387695312e-08,0,0,False
0.135,0.4000000000000001,0.27999999999999997,True,False,False,False,False,False,False,0,0,0,0,,0.0,2.9802322387695312e-08,0,0,False
0.135,0.42,0.27999999999999997,True,False,False,False,False,False,False,0,0,0,0,,0.0,2.9802322387695312e-08,0,0,False
0.135,-0.42,0.3,True,False,False,False,False,False,False,0,0,0,0,,0.0,2.9802322387695312e-08,0,0,False
0.135,-0.39999999999999997,0.3,True,False,False,False,False,False,False,0,0,0,0,,0.0,2.9802322387695312e-08,0,0,False
0.135,-0.38,0.3,True,False,False,False,False,False,False,0,0,0,0,,0.0,2.9802322387695312e-08,0,0,False
0.135,-0.36,0.3,True,False,False,False,False,False,False,0,0,0,0,,0.0,2.9802322387695312e-08,0,0,False
0.135,-0.33999999999999997,0.3,True,False,False,False,False,False,False,0,0,0,0,,0.0,2.9802322387695312e-08,0,0,False
0.135,-0.31999999999999995,0.3,True,False,False,False,False,False,False,0,0,0,0,,0.0,2.9802322387695312e-08,0,0,False
0.135,-0.3,0.3,True,False,False,False,False,False,False,0,0,0,0,,0.0,2.9802322387695312e-08,0,0,False
0.135,-0.27999999999999997,0.3,True,False,False,False,False,False,False,0,0,0,0,,0.0,2.9802322387695312e-08,0,0,False
0.135,-0.26,0.3,True,False,False,False,False,False,False,0,0,0,0,,0.0,2.9802322387695312e-08,0,0,False
0.135,-0.24,0.3,True,False,False,False,False,False,False,0,0,0,0,,0.0,2.9802322387695312e-08,0,0,False
0.135,-0.21999999999999997,0.3,True,False,False,False,False,False,False,0,0,0,0,,0.0,2.9802322387695312e-08,0,0,False
0.135,-0.19999999999999998,0.3,True,False,False,False,False,False,False,0,0,0,0,,0.0,2.9802322387695312e-08,0,0,False
0.135,-0.18,0.3,True,False,False,False,False,False,False,0,0,0,0,,0.0,2.9802322387695312e-08,0,0,False
0.135,-0.15999999999999998,0.3,True,False,False,False,False,False,False,0,0,0,0,,0.0,2.9802322387695312e-08,0,0,False
0.135,-0.13999999999999996,0.3,True,False,False,False,False,False,False,0,0,0,0,,0.0,2.9802322387695312e-08,0,0,False
0.135,-0.12,0.3,True,False,False,False,False,False,False,0,0,0,0,,0.0,2.9802322387695312e-08,0,0,False
0.135,-0.09999999999999998,0.3,True,False,False,False,False,False,False,0,0,0,0,,0.0,2.980237923100575e-08,0,0,False
0.135,-0.07999999999999996,0.3,True,False,False,False,False,False,False,0,0,0,0,,0.0,2.9802322387695312e-08,0,0,False
0.135,-0.06,0.3,True,False,False,False,False,False,False,0,0,0,0,,0.0,2.9802322387695312e-08,0,0,False
0.135,-0.03999999999999998,0.3,True,False,False,False,False,False,False,0,0,0,0,,0.0,2.9802322387695312e-08,0,0,False
0.135,-0.019999999999999962,0.3,True,False,False,False,False,False,False,0,0,0,0,,0.0,2.9802322387695312e-08,0,0,False
0.135,0.0,0.3,True,False,False,False,False,False,False,0,0,0,0,,0.0,2.9802322387695312e-08,0,0,False
0.135,0.020000000000000018,0.3,True,False,False,False,False,False,False,0,0,0,0,,0.0,2.9802322387695312e-08,0,0,False
0.135,0.040000000000000036,0.3,True,False,False,False,False,False,False,0,0,0,0,,0.0,2.9802322387695312e-08,0,0,False
0.135,0.06,0.3,True,False,False,False,False,False,False,0,0,0,0,,0.0,2.9802322387695312e-08,0,0,False
0.135,0.08000000000000002,0.3,True,False,False,False,False,False,False,0,0,0,0,,0.0,2.9802322387695312e-08,0,0,False
0.135,0.10000000000000003,0.3,True,False,False,False,False,False,False,0,0,0,0,,0.0,2.9802322387695312e-08,0,0,False
0.135,0.12000000000000005,0.3,True,False,False,False,False,False,False,0,0,0,0,,0.0,2.9802322387695312e-08,0,0,False
0.135,0.14000000000000007,0.3,True,False,False,False,False,False,False,0,0,0,0,,0.0,2.9802322387695312e-08,0,0,False
0.135,0.15999999999999998,0.3,True,False,False,False,False,False,False,0,0,0,0,,0.0,2.9802322387695312e-08,0,0,False
0.135,0.18,0.3,True,False,False,False,False,False,False,0,0,0,0,,0.0,2.9802322387695312e-08,0,0,False
0.135,0.2,0.3,True,False,False,False,False,False,False,0,0,0,0,,0.0,2.9802322387695312e-08,0,0,False
0.135,0.22000000000000003,0.3,True,False,False,False,False,False,False,0,0,0,0,,0.0,2.9802322387695312e-08,0,0,False
0.135,0.24000000000000005,0.3,True,False,False,False,False,False,False,0,0,0,0,,0.0,2.9802322387695312e-08,0,0,False
0.135,0.26000000000000006,0.3,True,False,False,False,False,False,False,0,0,0,0,,0.0,2.9802322387695312e-08,0,0,False
0.135,0.2800000000000001,0.3,True,False,False,False,False,False,False,0,0,0,0,,0.0,2.9802322387695312e-08,0,0,False
0.135,0.3,0.3,True,False,False,False,False,False,False,0,0,0,0,,0.0,2.9802322387695312e-08,0,0,False
0.135,0.32,0.3,True,False,False,False,False,False,False,0,0,0,0,,0.0,2.9802322387695312e-08,0,0,False
0.135,0.34,0.3,True,False,False,False,False,False,False,0,0,0,0,,0.0,2.9802322387695312e-08,0,0,False
0.135,0.36000000000000004,0.3,True,False,False,False,False,False,False,0,0,0,0,,0.0,2.9802322387695312e-08,0,0,False
0.135,0.38000000000000006,0.3,True,False,False,False,False,False,False,0,0,0,0,,0.0,2.9802322387695312e-08,0,0,False
0.135,0.4000000000000001,0.3,True,False,False,False,False,False,False,0,0,0,0,,0.0,2.9802322387695312e-08,0,0,False
0.135,0.42,0.3,True,False,False,False,False,False,False,0,0,0,0,,0.0,2.9802322387695312e-08,0,0,False
0.135,-0.42,0.32,True,False,False,False,False,False,False,0,0,0,0,,0.0,2.9802322387695312e-08,0,0,False
0.135,-0.39999999999999997,0.32,True,False,False,False,False,False,False,0,0,0,0,,0.0,2.9802322387695312e-08,0,0,False
0.135,-0.38,0.32,True,False,False,False,False,False,False,0,0,0,0,,0.0,2.9802322387695312e-08,0,0,False
0.135,-0.36,0.32,True,False,False,False,False,False,False,0,0,0,0,,0.0,2.9802322387695312e-08,0,0,False
0.135,-0.33999999999999997,0.32,True,False,False,False,False,False,False,0,0,0,0,,0.0,2.9802322387695312e-08,0,0,False
0.135,-0.31999999999999995,0.32,True,False,False,False,False,False,False,0,0,0,0,,0.0,2.9802322387695312e-08,0,0,False
0.135,-0.3,0.32,True,False,False,False,False,False,False,0,0,0,0,,0.0,2.9802322387695312e-08,0,0,False
0.135,-0.27999999999999997,0.32,True,False,False,False,False,False,False,0,0,0,0,,0.0,2.9802322387695312e-08,0,0,False
0.135,-0.26,0.32,True,False,False,False,False,False,False,0,0,0,0,,0.0,2.9802322387695312e-08,0,0,False
0.135,-0.24,0.32,True,False,False,False,False,False,False,0,0,0,0,,0.0,2.9802322387695312e-08,0,0,False
0.135,-0.21999999999999997,0.32,True,False,False,False,False,False,False,0,0,0,0,,0.0,2.9802322387695312e-08,0,0,False
0.135,-0.19999999999999998,0.32,True,False,False,False,False,False,False,0,0,0,0,,0.0,2.9802322387695312e-08,0,0,False
0.135,-0.18,0.32,True,False,False,False,False,False,False,0,0,0,0,,0.0,2.9802322387695312e-08,0,0,False
0.135,-0.15999999999999998,0.32,True,False,False,False,False,False,False,0,0,0,0,,0.0,2.9802322387695312e-08,0,0,False
0.135,-0.13999999999999996,0.32,True,False,False,False,False,False,False,0,0,0,0,,0.0,2.9802322387695312e-08,0,0,False
0.135,-0.12,0.32,True,False,False,False,False,False,False,0,0,0,0,,0.0,2.9802322387695312e-08,0,0,False
0.135,-0.09999999999999998,0.32,True,False,False,False,False,False,False,0,0,0,0,,0.0,2.980237923100575e-08,0,0,False
0.135,-0.07999999999999996,0.32,True,False,False,False,False,False,False,0,0,0,0,,0.0,2.9802322387695312e-08,0,0,False
0.135,-0.06,0.32,True,False,False,False,False,False,False,0,0,0,0,,0.0,2.9802322387695312e-08,0,0,False
0.135,-0.03999999999999998,0.32,True,False,False,False,False,False,False,0,0,0,0,,0.0,2.9802322387695312e-08,0,0,False
0.135,-0.019999999999999962,0.32,True,False,False,False,False,False,False,0,0,0,0,,0.0,2.9802322387695312e-08,0,0,False
0.135,0.0,0.32,True,False,False,False,False,False,False,0,0,0,0,,0.0,2.9802322387695312e-08,0,0,False
0.135,0.020000000000000018,0.32,True,False,False,False,False,False,False,0,0,0,0,,0.0,2.9802322387695312e-08,0,0,False
0.135,0.040000000000000036,0.32,True,False,False,False,False,False,False,0,0,0,0,,0.0,2.9802322387695312e-08,0,0,False
0.135,0.06,0.32,True,False,False,False,False,False,False,0,0,0,0,,0.0,2.9802322387695312e-08,0,0,False
0.135,0.08000000000000002,0.32,True,False,False,False,False,False,False,0,0,0,0,,0.0,2.9802322387695312e-08,0,0,False
0.135,0.10000000000000003,0.32,True,False,False,False,False,False,False,0,0,0,0,,0.0,2.9802322387695312e-08,0,0,False
0.135,0.12000000000000005,0.32,True,False,False,False,False,False,False,0,0,0,0,,0.0,2.9802322387695312e-08,0,0,False
0.135,0.14000000000000007,0.32,True,False,False,False,False,False,False,0,0,0,0,,0.0,2.9802322387695312e-08,0,0,False
0.135,0.15999999999999998,0.32,True,False,False,False,False,False,False,0,0,0,0,,0.0,2.9802322387695312e-08,0,0,False
0.135,0.18,0.32,True,False,False,False,False,False,False,0,0,0,0,,0.0,2.9802322387695312e-08,0,0,False
0.135,0.2,0.32,True,False,False,False,False,False,False,0,0,0,0,,0.0,2.9802322387695312e-08,0,0,False
0.135,0.22000000000000003,0.32,True,False,False,False,False,False,False,0,0,0,0,,0.0,2.9802322387695312e-08,0,0,False
0.135,0.24000000000000005,0.32,True,False,False,False,False,False,False,0,0,0,0,,0.0,2.9802322387695312e-08,0,0,False
0.135,0.26000000000000006,0.32,True,False,False,False,False,False,False,0,0,0,0,,0.0,2.9802322387695312e-08,0,0,False
0.135,0.2800000000000001,0.32,True,False,False,False,False,False,False,0,0,0,0,,0.0,2.9802322387695312e-08,0,0,False
0.135,0.3,0.32,True,False,False,False,False,False,False,0,0,0,0,,0.0,2.9802322387695312e-08,0,0,False
0.135,0.32,0.32,True,False,False,False,False,False,False,0,0,0,0,,0.0,2.9802322387695312e-08,0,0,False
0.135,0.34,0.32,True,False,False,False,False,False,False,0,0,0,0,,0.0,2.9802322387695312e-08,0,0,False
0.135,0.36000000000000004,0.32,True,False,False,False,False,False,False,0,0,0,0,,0.0,2.9802322387695312e-08,0,0,False
0.135,0.38000000000000006,0.32,True,False,False,False,False,False,False,0,0,0,0,,0.0,2.9802322387695312e-08,0,0,False
0.135,0.4000000000000001,0.32,True,False,False,False,False,False,False,0,0,0,0,,0.0,2.9802322387695312e-08,0,0,False
0.135,0.42,0.32,True,False,False,False,False,False,False,0,0,0,0,,0.0,2.9802322387695312e-08,0,0,False
0.135,-0.42,0.34,True,False,False,False,False,False,False,0,0,0,0,,0.0,2.9802322387695312e-08,0,0,False
0.135,-0.39999999999999997,0.34,True,False,False,False,False,False,False,0,0,0,0,,0.0,2.9802322387695312e-08,0,0,False
0.135,-0.38,0.34,True,False,False,False,False,False,False,0,0,0,0,,0.0,2.9802322387695312e-08,0,0,False
0.135,-0.36,0.34,True,False,False,False,False,False,False,0,0,0,0,,0.0,2.9802322387695312e-08,0,0,False
0.135,-0.33999999999999997,0.34,True,False,False,False,False,False,False,0,0,0,0,,0.0,2.9802322387695312e-08,0,0,False
0.135,-0.31999999999999995,0.34,True,False,False,False,False,False,False,0,0,0,0,,0.0,2.9802322387695312e-08,0,0,False
0.135,-0.3,0.34,True,False,False,False,False,False,False,0,0,0,0,,0.0,2.9802322387695312e-08,0,0,False
0.135,-0.27999999999999997,0.34,True,False,False,False,False,False,False,0,0,0,0,,0.0,2.9802322387695312e-08,0,0,False
0.135,-0.26,0.34,True,False,False,False,False,False,False,0,0,0,0,,0.0,2.9802322387695312e-08,0,0,False
0.135,-0.24,0.34,True,False,False,False,False,False,False,0,0,0,0,,0.0,2.9802322387695312e-08,0,0,False
0.135,-0.21999999999999997,0.34,True,False,False,False,False,False,False,0,0,0,0,,0.0,2.9802322387695312e-08,0,0,False
0.135,-0.19999999999999998,0.34,True,False,False,False,False,False,False,0,0,0,0,,0.0,2.9802322387695312e-08,0,0,False
0.135,-0.18,0.34,True,False,False,False,False,False,False,0,0,0,0,,0.0,2.9802322387695312e-08,0,0,False
0.135,-0.15999999999999998,0.34,True,False,False,False,False,False,False,0,0,0,0,,0.0,2.9802322387695312e-08,0,0,False
0.135,-0.13999999999999996,0.34,True,False,False,False,False,False,False,0,0,0,0,,0.0,2.9802322387695312e-08,0,0,False
0.135,-0.12,0.34,True,False,False,False,False,False,False,0,0,0,0,,0.0,2.9802322387695312e-08,0,0,False
0.135,-0.09999999999999998,0.34,True,False,False,False,False,False,False,0,0,0,0,,0.0,2.980237923100575e-08,0,0,False
0.135,-0.07999999999999996,0.34,True,False,False,False,False,False,False,0,0,0,0,,0.0,2.9802322387695312e-08,0,0,False
0.135,-0.06,0.34,True,False,False,False,False,False,False,0,0,0,0,,0.0,2.9802322387695312e-08,0,0,False
0.135,-0.03999999999999998,0.34,True,False,False,False,False,False,False,0,0,0,0,,0.0,2.9802322387695312e-08,0,0,False
0.135,-0.019999999999999962,0.34,True,False,False,False,False,False,False,0,0,0,0,,0.0,2.9802322387695312e-08,0,0,False
0.135,0.0,0.34,True,False,False,False,False,False,False,0,0,0,0,,0.0,2.9802322387695312e-08,0,0,False
0.135,0.020000000000000018,0.34,True,False,False,False,False,False,False,0,0,0,0,,0.0,2.9802322387695312e-08,0,0,False
0.135,0.040000000000000036,0.34,True,False,False,False,False,False,False,0,0,0,0,,0.0,2.9802322387695312e-08,0,0,False
0.135,0.06,0.34,True,False,False,False,False,False,False,0,0,0,0,,0.0,2.9802322387695312e-08,0,0,False
0.135,0.08000000000000002,0.34,True,False,False,False,False,False,False,0,0,0,0,,0.0,2.9802322387695312e-08,0,0,False
0.135,0.10000000000000003,0.34,True,False,False,False,False,False,False,0,0,0,0,,0.0,2.9802322387695312e-08,0,0,False
0.135,0.12000000000000005,0.34,True,False,False,False,False,False,False,0,0,0,0,,0.0,2.9802322387695312e-08,0,0,False
0.135,0.14000000000000007,0.34,True,False,False,False,False,False,False,0,0,0,0,,0.0,2.9802322387695312e-08,0,0,False
0.135,0.15999999999999998,0.34,True,False,False,False,False,False,False,0,0,0,0,,0.0,2.9802322387695312e-08,0,0,False
0.135,0.18,0.34,True,False,False,False,False,False,False,0,0,0,0,,0.0,2.9802322387695312e-08,0,0,False
0.135,0.2,0.34,True,False,False,False,False,False,False,0,0,0,0,,0.0,2.9802322387695312e-08,0,0,False
0.135,0.22000000000000003,0.34,True,False,False,False,False,False,False,0,0,0,0,,0.0,2.9802322387695312e-08,0,0,False
0.135,0.24000000000000005,0.34,True,False,False,False,False,False,False,0,0,0,0,,0.0,2.9802322387695312e-08,0,0,False
0.135,0.26000000000000006,0.34,True,False,False,False,False,False,False,0,0,0,0,,0.0,2.9802322387695312e-08,0,0,False
0.135,0.2800000000000001,0.34,True,False,False,False,False,False,False,0,0,0,0,,0.0,2.9802322387695312e-08,0,0,False
0.135,0.3,0.34,True,False,False,False,False,False,False,0,0,0,0,,0.0,2.9802322387695312e-08,0,0,False
0.135,0.32,0.34,True,False,False,False,False,False,False,0,0,0,0,,0.0,2.9802322387695312e-08,0,0,False
0.135,0.34,0.34,True,False,False,False,False,False,False,0,0,0,0,,0.0,2.9802322387695312e-08,0,0,False
0.135,0.36000000000000004,0.34,True,False,False,False,False,False,False,0,0,0,0,,0.0,2.9802322387695312e-08,0,0,False
0.135,0.38000000000000006,0.34,True,False,False,False,False,False,False,0,0,0,0,,0.0,2.9802322387695312e-08,0,0,False
0.135,0.4000000000000001,0.34,True,False,False,False,False,False,False,0,0,0,0,,0.0,2.9802322387695312e-08,0,0,False
0.135,0.42,0.34,True,False,False,False,False,False,False,0,0,0,0,,0.0,2.9802322387695312e-08,0,0,False
