qpos_m,basket_offset_x_m,basket_offset_y_m,proxy_pass,proxy_predicts_collision,physical_aabb_overlap,oracle_contact,oracle_penetration,false_pass,false_reject,dynamic_contact_records,dynamic_point_count,dynamic_active_point_count,dynamic_penetration_point_count,dynamic_min_separation_m,dynamic_max_impulse_norm,dynamic_one_step_displacement_m,production_static_contact_records,production_static_active_point_count,production_static_detects_contact
0.0,-0.42,-0.34,True,False,False,False,False,False,False,0,0,0,0,,0.0,1.4901161193847656e-08,0,0,False
0.0,-0.39999999999999997,-0.34,True,False,False,False,False,False,False,0,0,0,0,,0.0,1.4901161193847656e-08,0,0,False
0.0,-0.38,-0.34,True,False,False,False,False,False,False,0,0,0,0,,0.0,1.4901161193847656e-08,0,0,False
0.0,-0.36,-0.34,True,False,False,False,False,False,False,0,0,0,0,,0.0,1.4901161193847656e-08,0,0,False
0.0,-0.33999999999999997,-0.34,True,False,False,False,False,False,False,0,0,0,0,,0.0,1.4901161193847656e-08,0,0,False
0.0,-0.31999999999999995,-0.34,True,False,False,False,False,False,False,0,0,0,0,,0.0,1.4901161193847656e-08,0,0,False
0.0,-0.3,-0.34,True,False,False,False,False,False,False,0,0,0,0,,0.0,1.4901161193847656e-08,0,0,False
0.0,-0.27999999999999997,-0.34,True,False,False,False,False,False,False,0,0,0,0,,0.0,1.4901161193847656e-08,0,0,False
0.0,-0.26,-0.34,True,False,False,False,False,False,False,0,0,0,0,,0.0,1.4901161193847656e-08,0,0,False
0.0,-0.24,-0.34,True,False,False,False,False,False,False,0,0,0,0,,0.0,1.4901161193847656e-08,0,0,False
0.0,-0.21999999999999997,-0.34,True,False,False,False,False,False,False,0,0,0,0,,0.0,1.4901161193847656e-08,0,0,False
0.0,-0.19999999999999998,-0.34,True,False,False,False,False,False,False,0,0,0,0,,0.0,1.4901161193847656e-08,0,0,False
0.0,-0.18,-0.34,True,False,False,False,False,False,False,0,0,0,0,,0.0,1.4901161193847656e-08,0,0,False
0.0,-0.15999999999999998,-0.34,True,False,False,False,False,False,False,0,0,0,0,,0.0,1.4901161193847656e-08,0,0,False
0.0,-0.13999999999999996,-0.34,True,False,False,False,False,False,False,0,0,0,0,,0.0,1.4901161193847656e-08,0,0,False
0.0,-0.12,-0.34,True,False,False,False,False,False,False,0,0,0,0,,0.0,1.4901161193847656e-08,0,0,False
0.0,-0.09999999999999998,-0.34,True,False,False,False,False,False,False,0,0,0,0,,0.0,1.490127488014328e-08,0,0,False
0.0,-0.07999999999999996,-0.34,True,False,False,False,False,False,False,0,0,0,0,,0.0,1.4901161193847656e-08,0,0,False
0.0,-0.06,-0.34,True,False,False,False,False,False,False,0,0,0,0,,0.0,1.4901161193847656e-08,0,0,False
0.0,-0.03999999999999998,-0.34,True,False,False,False,False,False,False,0,0,0,0,,0.0,1.4901161193847656e-08,0,0,False
0.0,-0.019999999999999962,-0.34,True,False,False,False,False,False,False,0,0,0,0,,0.0,1.4901161193847656e-08,0,0,False
0.0,0.0,-0.34,True,False,False,False,False,False,False,0,0,0,0,,0.0,1.4901161193847656e-08,0,0,False
0.0,0.020000000000000018,-0.34,True,False,False,False,False,False,False,0,0,0,0,,0.0,1.4901161193847656e-08,0,0,False
0.0,0.040000000000000036,-0.34,True,False,False,False,False,False,False,0,0,0,0,,0.0,1.4901161193847656e-08,0,0,False
0.0,0.06,-0.34,True,False,False,False,False,False,False,0,0,0,0,,0.0,1.4901161193847656e-08,0,0,False
0.0,0.08000000000000002,-0.34,True,False,False,False,False,False,False,0,0,0,0,,0.0,1.4901161193847656e-08,0,0,False
0.0,0.10000000000000003,-0.34,True,False,False,False,False,False,False,0,0,0,0,,0.0,1.4901161193847656e-08,0,0,False
0.0,0.12000000000000005,-0.34,True,False,False,False,False,False,False,0,0,0,0,,0.0,1.4901161193847656e-08,0,0,False
0.0,0.14000000000000007,-0.34,True,False,False,False,False,False,False,0,0,0,0,,0.0,1.4901161193847656e-08,0,0,False
0.0,0.15999999999999998,-0.34,True,False,False,False,False,False,False,0,0,0,0,,0.0,1.4901161193847656e-08,0,0,False
0.0,0.18,-0.34,True,False,False,False,False,False,False,0,0,0,0,,0.0,1.4901161193847656e-08,0,0,False
0.0,0.2,-0.34,True,False,False,False,False,False,False,0,0,0,0,,0.0,1.4901161193847656e-08,0,0,False
0.0,0.22000000000000003,-0.34,True,False,False,False,False,False,False,0,0,0,0,,0.0,1.4901161193847656e-08,0,0,False
0.0,0.24000000000000005,-0.34,True,False,False,False,False,False,False,0,0,0,0,,0.0,1.4901161193847656e-08,0,0,False
0.0,0.26000000000000006,-0.34,True,False,False,False,False,False,False,0,0,0,0,,0.0,1.4901161193847656e-08,0,0,False
0.0,0.2800000000000001,-0.34,True,False,False,False,False,False,False,0,0,0,0,,0.0,1.4901161193847656e-08,0,0,False
0.0,0.3,-0.34,True,False,False,False,False,False,False,0,0,0,0,,0.0,1.4901161193847656e-08,0,0,False
0.0,0.32,-0.34,True,False,False,False,False,False,False,0,0,0,0,,0.0,1.4901161193847656e-08,0,0,False
0.0,0.34,-0.34,True,False,False,False,False,False,False,0,0,0,0,,0.0,1.4901161193847656e-08,0,0,False
0.0,0.36000000000000004,-0.34,True,False,False,False,False,False,False,0,0,0,0,,0.0,1.4901161193847656e-08,0,0,False
0.0,0.38000000000000006,-0.34,True,False,False,False,False,False,False,0,0,0,0,,0.0,1.4901161193847656e-08,0,0,False
0.0,0.4000000000000001,-0.34,True,False,False,False,False,False,False,0,0,0,0,,0.0,1.4901161193847656e-08,0,0,False
0.0,0.42,-0.34,True,False,False,False,False,False,False,0,0,0,0,,0.0,1.4901161193847656e-08,0,0,False
0.0,-0.42,-0.32,True,False,False,False,False,False,False,0,0,0,0,,0.0,1.4901161193847656e-08,0,0,False
0.0,-0.39999999999999997,-0.32,True,False,False,False,False,False,False,0,0,0,0,,0.0,1.4901161193847656e-08,0,0,False
0.0,-0.38,-0.32,True,False,False,False,False,False,False,0,0,0,0,,0.0,1.4901161193847656e-08,0,0,False
0.0,-0.36,-0.32,True,False,False,False,False,False,False,0,0,0,0,,0.0,1.4901161193847656e-08,0,0,False
0.0,-0.33999999999999997,-0.32,True,False,False,False,False,False,False,0,0,0,0,,0.0,1.4901161193847656e-08,0,0,False
0.0,-0.31999999999999995,-0.32,True,False,False,False,False,False,False,0,0,0,0,,0.0,1.4901161193847656e-08,0,0,False
0.0,-0.3,-0.32,True,False,False,False,False,False,False,0,0,0,0,,0.0,1.4901161193847656e-08,0,0,False
0.0,-0.27999999999999997,-0.32,True,False,False,False,False,False,False,0,0,0,0,,0.0,1.4901161193847656e-08,0,0,False
0.0,-0.26,-0.32,True,False,False,False,False,False,False,0,0,0,0,,0.0,1.4901161193847656e-08,0,0,False
0.0,-0.24,-0.32,True,False,False,False,False,False,False,0,0,0,0,,0.0,1.4901161193847656e-08,0,0,False
0.0,-0.21999999999999997,-0.32,True,False,False,False,False,False,False,0,0,0,0,,0.0,1.4901161193847656e-08,0,0,False
0.0,-0.19999999999999998,-0.32,True,False,False,False,False,False,False,0,0,0,0,,0.0,1.4901161193847656e-08,0,0,False
0.0,-0.18,-0.32,True,False,False,False,False,False,False,0,0,0,0,,0.0,1.4901161193847656e-08,0,0,False
0.0,-0.15999999999999998,-0.32,True,False,False,False,False,False,False,0,0,0,0,,0.0,1.4901161193847656e-08,0,0,False
0.0,-0.13999999999999996,-0.32,True,False,False,False,False,False,False,0,0,0,0,,0.0,1.4901161193847656e-08,0,0,False
0.0,-0.12,-0.32,True,False,False,False,False,False,False,0,0,0,0,,0.0,1.4901161193847656e-08,0,0,False
0.0,-0.09999999999999998,-0.32,True,False,False,False,False,False,False,0,0,0,0,,0.0,1.490127488014328e-08,0,0,False
0.0,-0.07999999999999996,-0.32,True,False,False,False,False,False,False,0,0,0,0,,0.0,1.4901161193847656e-08,0,0,False
0.0,-0.06,-0.32,True,False,False,False,False,False,False,0,0,0,0,,0.0,1.4901161193847656e-08,0,0,False
0.0,-0.03999999999999998,-0.32,True,False,False,False,False,False,False,0,0,0,0,,0.0,1.4901161193847656e-08,0,0,False
0.0,-0.019999999999999962,-0.32,True,False,False,False,False,False,False,0,0,0,0,,0.0,1.4901161193847656e-08,0,0,False
0.0,0.0,-0.32,True,False,False,False,False,False,False,0,0,0,0,,0.0,1.4901161193847656e-08,0,0,False
0.0,0.020000000000000018,-0.32,True,False,False,False,False,False,False,0,0,0,0,,0.0,1.4901161193847656e-08,0,0,False
0.0,0.040000000000000036,-0.32,True,False,False,False,False,False,False,0,0,0,0,,0.0,1.4901161193847656e-08,0,0,False
0.0,0.06,-0.32,True,False,False,False,False,False,False,0,0,0,0,,0.0,1.4901161193847656e-08,0,0,False
0.0,0.08000000000000002,-0.32,True,False,False,False,False,False,False,0,0,0,0,,0.0,1.4901161193847656e-08,0,0,False
0.0,0.10000000000000003,-0.32,True,False,False,False,False,False,False,0,0,0,0,,0.0,1.4901161193847656e-08,0,0,False
0.0,0.12000000000000005,-0.32,True,False,False,False,False,False,False,0,0,0,0,,0.0,1.4901161193847656e-08,0,0,False
0.0,0.14000000000000007,-0.32,True,False,False,False,False,False,False,0,0,0,0,,0.0,1.4901161193847656e-08,0,0,False
0.0,0.15999999999999998,-0.32,True,False,False,False,False,False,False,0,0,0,0,,0.0,1.4901161193847656e-08,0,0,False
0.0,0.18,-0.32,True,False,False,False,False,False,False,0,0,0,0,,0.0,1.4901161193847656e-08,0,0,False
0.0,0.2,-0.32,True,False,False,False,False,False,False,0,0,0,0,,0.0,1.4901161193847656e-08,0,0,False
0.0,0.22000000000000003,-0.32,True,False,False,False,False,False,False,0,0,0,0,,0.0,1.4901161193847656e-08,0,0,False
0.0,0.24000000000000005,-0.32,True,False,False,False,False,False,False,0,0,0,0,,0.0,1.4901161193847656e-08,0,0,False
0.0,0.26000000000000006,-0.32,True,False,False,False,False,False,False,0,0,0,0,,0.0,1.4901161193847656e-08,0,0,False
0.0,0.2800000000000001,-0.32,True,False,False,False,False,False,False,0,0,0,0,,0.0,1.4901161193847656e-08,0,0,False
0.0,0.3,-0.32,True,False,False,False,False,False,False,0,0,0,0,,0.0,1.4901161193847656e-08,0,0,False
0.0,0.32,-0.32,True,False,False,False,False,False,False,0,0,0,0,,0.0,1.4901161193847656e-08,0,0,False
0.0,0.34,-0.32,True,False,False,False,False,False,False,0,0,0,0,,0.0,1.4901161193847656e-08,0,0,False
0.0,0.36000000000000004,-0.32,True,False,False,False,False,False,False,0,0,0,0,,0.0,1.4901161193847656e-08,0,0,False
0.0,0.38000000000000006,-0.32,True,False,False,False,False,False,False,0,0,0,0,,0.0,1.4901161193847656e-08,0,0,False
0.0,0.4000000000000001,-0.32,True,False,False,False,False,False,False,0,0,0,0,,0.0,1.4901161193847656e-08,0,0,False
0.0,0.42,-0.32,True,False,False,False,False,False,False,0,0,0,0,,0.0,1.4901161193847656e-08,0,0,False
0.0,-0.42,-0.30000000000000004,True,False,False,False,False,False,False,0,0,0,0,,0.0,1.4901161193847656e-08,0,0,False
0.0,-0.39999999999999997,-0.30000000000000004,True,False,False,False,False,False,False,0,0,0,0,,0.0,1.4901161193847656e-08,0,0,False
0.0,-0.38,-0.30000000000000004,True,False,False,False,False,False,False,0,0,0,0,,0.0,1.4901161193847656e-08,0,0,False
0.0,-0.36,-0.30000000000000004,True,False,False,False,False,False,False,0,0,0,0,,0.0,1.4901161193847656e-08,0,0,False
0.0,-0.33999999999999997,-0.30000000000000004,True,False,False,False,False,False,False,0,0,0,0,,0.0,1.4901161193847656e-08,0,0,False
0.0,-0.31999999999999995,-0.30000000000000004,True,False,False,False,False,False,False,0,0,0,0,,0.0,1.4901161193847656e-08,0,0,False
0.0,-0.3,-0.30000000000000004,True,False,False,False,False,False,False,0,0,0,0,,0.0,1.4901161193847656e-08,0,0,False
0.0,-0.27999999999999997,-0.30000000000000004,True,False,False,False,False,False,False,0,0,0,0,,0.0,1.4901161193847656e-08,0,0,False
0.0,-0.26,-0.30000000000000004,True,False,False,False,False,False,False,0,0,0,0,,0.0,1.4901161193847656e-08,0,0,False
0.0,-0.24,-0.30000000000000004,True,False,False,False,False,False,False,0,0,0,0,,0.0,1.4901161193847656e-08,0,0,False
0.0,-0.21999999999999997,-0.30000000000000004,True,False,False,False,False,False,False,0,0,0,0,,0.0,1.4901161193847656e-08,0,0,False
0.0,-0.19999999999999998,-0.30000000000000004,True,False,False,False,False,False,False,0,0,0,0,,0.0,1.4901161193847656e-08,0,0,False
0.0,-0.18,-0.30000000000000004,True,False,False,False,False,False,False,0,0,0,0,,0.0,1.4901161193847656e-08,0,0,False
0.0,-0.15999999999999998,-0.30000000000000004,True,False,False,False,False,False,False,0,0,0,0,,0.0,1.4901161193847656e-08,0,0,False
0.0,-0.13999999999999996,-0.30000000000000004,True,False,False,False,False,False,False,0,0,0,0,,0.0,1.4901161193847656e-08,0,0,False
0.0,-0.12,-0.30000000000000004,True,False,False,False,False,False,False,0,0,0,0,,0.0,1.4901161193847656e-08,0,0,False
0.0,-0.09999999999999998,-0.30000000000000004,True,False,False,False,False,False,False,0,0,0,0,,0.0,1.490127488014328e-08,0,0,False
0.0,-0.07999999999999996,-0.30000000000000004,True,False,False,False,False,False,False,0,0,0,0,,0.0,1.4901161193847656e-08,0,0,False
0.0,-0.06,-0.30000000000000004,True,False,False,False,False,False,False,0,0,0,0,,0.0,1.4901161193847656e-08,0,0,False
0.0,-0.03999999999999998,-0.30000000000000004,True,False,False,False,False,False,False,0,0,0,0,,0.0,1.4901161193847656e-08,0,0,False
0.0,-0.019999999999999962,-0.30000000000000004,True,False,False,False,False,False,False,0,0,0,0,,0.0,1.4901161193847656e-08,0,0,False
0.0,0.0,-0.30000000000000004,True,False,False,False,False,False,False,0,0,0,0,,0.0,1.4901161193847656e-08,0,0,False
0.0,0.020000000000000018,-0.30000000000000004,True,False,False,False,False,False,False,0,0,0,0,,0.0,1.4901161193847656e-08,0,0,False
0.0,0.040000000000000036,-0.30000000000000004,True,False,False,False,False,False,False,0,0,0,0,,0.0,1.4901161193847656e-08,0,0,False
0.0,0.06,-0.30000000000000004,True,False,False,False,False,False,False,0,0,0,0,,0.0,1.4901161193847656e-08,0,0,False
0.0,0.08000000000000002,-0.30000000000000004,True,False,False,False,False,False,False,0,0,0,0,,0.0,1.4901161193847656e-08,0,0,False
0.0,0.10000000000000003,-0.30000000000000004,True,False,False,False,False,False,False,0,0,0,0,,0.0,1.4901161193847656e-08,0,0,False
0.0,0.12000000000000005,-0.30000000000000004,True,False,False,False,False,False,False,0,0,0,0,,0.0,1.4901161193847656e-08,0,0,False
0.0,0.14000000000000007,-0.30000000000000004,True,False,False,False,False,False,False,0,0,0,0,,0.0,1.4901161193847656e-08,0,0,False
0.0,0.15999999999999998,-0.30000000000000004,True,False,False,False,False,False,False,0,0,0,0,,0.0,1.4901161193847656e-08,0,0,False
0.0,0.18,-0.30000000000000004,True,False,False,False,False,False,False,0,0,0,0,,0.0,1.4901161193847656e-08,0,0,False
0.0,0.2,-0.30000000000000004,True,False,False,False,False,False,False,0,0,0,0,,0.0,1.4901161193847656e-08,0,0,False
0.0,0.22000000000000003,-0.30000000000000004,True,False,False,False,False,False,False,0,0,0,0,,0.0,1.4901161193847656e-08,0,0,False
0.0,0.24000000000000005,-0.30000000000000004,True,False,False,False,False,False,False,0,0,0,0,,0.0,1.4901161193847656e-08,0,0,False
0.0,0.26000000000000006,-0.30000000000000004,True,False,False,False,False,False,False,0,0,0,0,,0.0,1.4901161193847656e-08,0,0,False
0.0,0.2800000000000001,-0.30000000000000004,True,False,False,False,False,False,False,0,0,0,0,,0.0,1.4901161193847656e-08,0,0,False
0.0,0.3,-0.30000000000000004,True,False,False,False,False,False,False,0,0,0,0,,0.0,1.4901161193847656e-08,0,0,False
0.0,0.32,-0.30000000000000004,True,False,False,False,False,False,False,0,0,0,0,,0.0,1.4901161193847656e-08,0,0,False
0.0,0.34,-0.30000000000000004,True,False,False,False,False,False,False,0,0,0,0,,0.0,1.4901161193847656e-08,0,0,False
0.0,0.36000000000000004,-0.30000000000000004,True,False,False,False,False,False,False,0,0,0,0,,0.0,1.4901161193847656e-08,0,0,False
0.0,0.38000000000000006,-0.30000000000000004,True,False,False,False,False,False,False,0,0,0,0,,0.0,1.4901161193847656e-08,0,0,False
0.0,0.4000000000000001,-0.30000000000000004,True,False,False,False,False,False,False,0,0,0,0,,0.0,1.4901161193847656e-08,0,0,False
0.0,0.42,-0.30000000000000004,True,False,False,False,False,False,False,0,0,0,0,,0.0,1.4901161193847656e-08,0,0,False
0.0,-0.42,-0.28,True,False,False,False,False,False,False,0,0,0,0,,0.0,1.4901161193847656e-08,0,0,False
0.0,-0.39999999999999997,-0.28,True,False,False,False,False,False,False,0,0,0,0,,0.0,1.4901161193847656e-08,0,0,False
0.0,-0.38,-0.28,True,False,False,False,False,False,False,0,0,0,0,,0.0,1.4901161193847656e-08,0,0,False
0.0,-0.36,-0.28,True,False,False,False,False,False,False,0,0,0,0,,0.0,1.4901161193847656e-08,0,0,False
0.0,-0.33999999999999997,-0.28,True,False,False,False,False,False,False,0,0,0,0,,0.0,1.4901161193847656e-08,0,0,False
0.0,-0.31999999999999995,-0.28,True,False,False,False,False,False,False,0,0,0,0,,0.0,1.4901161193847656e-08,0,0,False
0.0,-0.3,-0.28,True,False,False,False,False,False,False,0,0,0,0,,0.0,1.4901161193847656e-08,0,0,False
0.0,-0.27999999999999997,-0.28,True,False,False,False,False,False,False,0,0,0,0,,0.0,1.4901161193847656e-08,0,0,False
0.0,-0.26,-0.28,True,False,False,False,False,False,False,0,0,0,0,,0.0,1.4901161193847656e-08,0,0,False
0.0,-0.24,-0.28,True,False,False,False,False,False,False,0,0,0,0,,0.0,1.4901161193847656e-08,0,0,False
0.0,-0.21999999999999997,-0.28,True,False,False,False,False,False,False,0,0,0,0,,0.0,1.4901161193847656e-08,0,0,False
0.0,-0.19999999999999998,-0.28,True,False,False,False,False,False,False,0,0,0,0,,0.0,1.4901161193847656e-08,0,0,False
0.0,-0.18,-0.28,True,False,False,False,False,False,False,0,0,0,0,,0.0,1.4901161193847656e-08,0,0,False
0.0,-0.15999999999999998,-0.28,True,False,False,False,False,False,False,0,0,0,0,,0.0,1.4901161193847656e-08,0,0,False
0.0,-0.13999999999999996,-0.28,True,False,False,False,False,False,False,0,0,0,0,,0.0,1.4901161193847656e-08,0,0,False
0.0,-0.12,-0.28,True,False,False,False,False,False,False,0,0,0,0,,0.0,1.4901161193847656e-08,0,0,False
0.0,-0.09999999999999998,-0.28,True,False,False,False,False,False,False,0,0,0,0,,0.0,1.490127488014328e-08,0,0,False
0.0,-0.07999999999999996,-0.28,True,False,False,False,False,False,False,0,0,0,0,,0.0,1.4901161193847656e-08,0,0,False
0.0,-0.06,-0.28,True,False,False,False,False,False,False,0,0,0,0,,0.0,1.4901161193847656e-08,0,0,False
0.0,-0.03999999999999998,-0.28,True,False,False,False,False,False,False,0,0,0,0,,0.0,1.4901161193847656e-08,0,0,False
0.0,-0.019999999999999962,-0.28,True,False,False,False,False,False,False,0,0,0,0,,0.0,1.4901161193847656e-08,0,0,False
0.0,0.0,-0.28,True,False,False,False,False,False,False,0,0,0,0,,0.0,1.4901161193847656e-08,0,0,False
0.0,0.020000000000000018,-0.28,True,False,False,False,False,False,False,0,0,0,0,,0.0,1.4901161193847656e-08,0,0,False
0.0,0.040000000000000036,-0.28,True,False,False,False,False,False,False,0,0,0,0,,0.0,1.4901161193847656e-08,0,0,False
0.0,0.06,-0.28,True,False,False,False,False,False,False,0,0,0,0,,0.0,1.4901161193847656e-08,0,0,False
0.0,0.08000000000000002,-0.28,True,False,False,False,False,False,False,0,0,0,0,,0.0,1.4901161193847656e-08,0,0,False
0.0,0.10000000000000003,-0.28,True,False,False,False,False,False,False,0,0,0,0,,0.0,1.4901161193847656e-08,0,0,False
0.0,0.12000000000000005,-0.28,True,False,False,False,False,False,False,0,0,0,0,,0.0,1.4901161193847656e-08,0,0,False
0.0,0.14000000000000007,-0.28,True,False,False,False,False,False,False,0,0,0,0,,0.0,1.4901161193847656e-08,0,0,False
0.0,0.15999999999999998,-0.28,True,False,False,False,False,False,False,0,0,0,0,,0.0,1.4901161193847656e-08,0,0,False
0.0,0.18,-0.28,True,False,False,False,False,False,False,0,0,0,0,,0.0,1.4901161193847656e-08,0,0,False
0.0,0.2,-0.28,True,False,False,False,False,False,False,0,0,0,0,,0.0,1.4901161193847656e-08,0,0,False
0.0,0.22000000000000003,-0.28,True,False,False,False,False,False,False,0,0,0,0,,0.0,1.4901161193847656e-08,0,0,False
0.0,0.24000000000000005,-0.28,True,False,False,False,False,False,False,0,0,0,0,,0.0,1.4901161193847656e-08,0,0,False
0.0,0.26000000000000006,-0.28,True,False,False,False,False,False,False,0,0,0,0,,0.0,1.4901161193847656e-08,0,0,False
0.0,0.2800000000000001,-0.28,True,False,False,False,False,False,False,0,0,0,0,,0.0,1.4901161193847656e-08,0,0,False
0.0,0.3,-0.28,True,False,False,False,False,False,False,0,0,0,0,,0.0,1.4901161193847656e-08,0,0,False
0.0,0.32,-0.28,True,False,False,False,False,False,False,0,0,0,0,,0.0,1.4901161193847656e-08,0,0,False
0.0,0.34,-0.28,True,False,False,False,False,False,False,0,0,0,0,,0.0,1.4901161193847656e-08,0,0,False
0.0,0.36000000000000004,-0.28,True,False,False,False,False,False,False,0,0,0,0,,0.0,1.4901161193847656e-08,0,0,False
0.0,0.38000000000000006,-0.28,True,False,False,False,False,False,False,0,0,0,0,,0.0,1.4901161193847656e-08,0,0,False
0.0,0.4000000000000001,-0.28,True,False,False,False,False,False,False,0,0,0,0,,0.0,1.4901161193847656e-08,0,0,False
0.0,0.42,-0.28,True,False,False,False,False,False,False,0,0,0,0,,0.0,1.4901161193847656e-08,0,0,False
0.0,-0.42,-0.26,True,False,False,False,False,False,False,0,0,0,0,,0.0,1.4901161193847656e-08,0,0,False
0.0,-0.39999999999999997,-0.26,True,False,False,False,False,False,False,0,0,0,0,,0.0,1.4901161193847656e-08,0,0,False
0.0,-0.38,-0.26,True,False,False,False,False,False,False,0,0,0,0,,0.0,1.4901161193847656e-08,0,0,False
0.0,-0.36,-0.26,True,False,False,False,False,False,False,0,0,0,0,,0.0,1.4901161193847656e-08,0,0,False
0.0,-0.33999999999999997,-0.26,True,False,False,False,False,False,False,0,0,0,0,,0.0,1.4901161193847656e-08,0,0,False
0.0,-0.31999999999999995,-0.26,True,False,False,False,False,False,False,0,0,0,0,,0.0,1.4901161193847656e-08,0,0,False
0.0,-0.3,-0.26,True,False,False,False,False,False,False,0,0,0,0,,0.0,1.4901161193847656e-08,0,0,False
0.0,-0.27999999999999997,-0.26,True,False,False,False,False,False,False,0,0,0,0,,0.0,1.4901161193847656e-08,0,0,False
0.0,-0.26,-0.26,True,False,False,False,False,False,False,0,0,0,0,,0.0,1.4901161193847656e-08,0,0,False
0.0,-0.24,-0.26,True,False,False,False,False,False,False,0,0,0,0,,0.0,1.4901161193847656e-08,0,0,False
0.0,-0.21999999999999997,-0.26,True,False,False,False,False,False,False,0,0,0,0,,0.0,1.4901161193847656e-08,0,0,False
0.0,-0.19999999999999998,-0.26,True,False,False,False,False,False,False,0,0,0,0,,0.0,1.4901161193847656e-08,0,0,False
0.0,-0.18,-0.26,True,False,False,False,False,False,False,0,0,0,0,,0.0,1.4901161193847656e-08,0,0,False
0.0,-0.15999999999999998,-0.26,True,False,False,False,False,False,False,0,0,0,0,,0.0,1.4901161193847656e-08,0,0,False
0.0,-0.13999999999999996,-0.26,True,False,False,False,False,False,False,0,0,0,0,,0.0,1.4901161193847656e-08,0,0,False
0.0,-0.12,-0.26,True,False,False,False,False,False,False,0,0,0,0,,0.0,1.4901161193847656e-08,0,0,False
0.0,-0.09999999999999998,-0.26,True,False,False,False,False,False,False,0,0,0,0,,0.0,1.490127488014328e-08,0,0,False
0.0,-0.07999999999999996,-0.26,True,False,False,False,False,False,False,0,0,0,0,,0.0,1.4901161193847656e-08,0,0,False
0.0,-0.06,-0.26,True,False,False,False,False,False,False,0,0,0,0,,0.0,1.4901161193847656e-08,0,0,False
0.0,-0.03999999999999998,-0.26,True,False,False,False,False,False,False,0,0,0,0,,0.0,1.4901161193847656e-08,0,0,False
0.0,-0.019999999999999962,-0.26,True,False,False,False,False,False,False,0,0,0,0,,0.0,1.4901161193847656e-08,0,0,False
0.0,0.0,-0.26,True,False,False,False,False,False,False,0,0,0,0,,0.0,1.4901161193847656e-08,0,0,False
0.0,0.020000000000000018,-0.26,True,False,False,False,False,False,False,0,0,0,0,,0.0,1.4901161193847656e-08,0,0,False
0.0,0.040000000000000036,-0.26,True,False,False,False,False,False,False,0,0,0,0,,0.0,1.4901161193847656e-08,0,0,False
0.0,0.06,-0.26,True,False,False,False,False,False,False,0,0,0,0,,0.0,1.4901161193847656e-08,0,0,False
0.0,0.08000000000000002,-0.26,True,False,False,False,False,False,False,0,0,0,0,,0.0,1.4901161193847656e-08,0,0,False
0.0,0.10000000000000003,-0.26,True,False,False,False,False,False,False,0,0,0,0,,0.0,1.4901161193847656e-08,0,0,False
0.0,0.12000000000000005,-0.26,True,False,False,False,False,False,False,0,0,0,0,,0.0,1.4901161193847656e-08,0,0,False
0.0,0.14000000000000007,-0.26,True,False,False,False,False,False,False,0,0,0,0,,0.0,1.4901161193847656e-08,0,0,False
0.0,0.15999999999999998,-0.26,True,False,False,False,False,False,False,0,0,0,0,,0.0,1.4901161193847656e-08,0,0,False
0.0,0.18,-0.26,True,False,False,False,False,False,False,0,0,0,0,,0.0,1.4901161193847656e-08,0,0,False
0.0,0.2,-0.26,True,False,False,False,False,False,False,0,0,0,0,,0.0,1.4901161193847656e-08,0,0,False
0.0,0.22000000000000003,-0.26,True,False,False,False,False,False,False,0,0,0,0,,0.0,1.4901161193847656e-08,0,0,False
0.0,0.24000000000000005,-0.26,True,False,False,False,False,False,False,0,0,0,0,,0.0,1.4901161193847656e-08,0,0,False
0.0,0.26000000000000006,-0.26,True,False,False,False,False,False,False,0,0,0,0,,0.0,1.4901161193847656e-08,0,0,False
0.0,0.2800000000000001,-0.26,True,False,False,False,False,False,False,0,0,0,0,,0.0,1.4901161193847656e-08,0,0,False
0.0,0.3,-0.26,True,False,False,False,False,False,False,0,0,0,0,,0.0,1.4901161193847656e-08,0,0,False
0.0,0.32,-0.26,True,False,False,False,False,False,False,0,0,0,0,,0.0,1.4901161193847656e-08,0,0,False
0.0,0.34,-0.26,True,False,False,False,False,False,False,0,0,0,0,,0.0,1.4901161193847656e-08,0,0,False
0.0,0.36000000000000004,-0.26,True,False,False,False,False,False,False,0,0,0,0,,0.0,1.4901161193847656e-08,0,0,False
0.0,0.38000000000000006,-0.26,True,False,False,False,False,False,False,0,0,0,0,,0.0,1.4901161193847656e-08,0,0,False
0.0,0.4000000000000001,-0.26,True,False,False,False,False,False,False,0,0,0,0,,0.0,1.4901161193847656e-08,0,0,False
0.0,0.42,-0.26,True,False,False,False,False,False,False,0,0,0,0,,0.0,1.4901161193847656e-08,0,0,False
0.0,-0.42,-0.24000000000000002,True,False,False,False,False,False,False,0,0,0,0,,0.0,1.4901161193847656e-08,0,0,False
0.0,-0.39999999999999997,-0.24000000000000002,True,False,False,False,False,False,False,0,0,0,0,,0.0,1.4901161193847656e-08,0,0,False
0.0,-0.38,-0.24000000000000002,True,False,False,False,False,False,False,0,0,0,0,,0.0,1.4901161193847656e-08,0,0,False
0.0,-0.36,-0.24000000000000002,True,False,False,False,False,False,False,0,0,0,0,,0.0,1.4901161193847656e-08,0,0,False
0.0,-0.33999999999999997,-0.24000000000000002,True,False,False,False,False,False,False,0,0,0,0,,0.0,1.4901161193847656e-08,0,0,False
0.0,-0.31999999999999995,-0.24000000000000002,True,False,False,False,False,False,False,0,0,0,0,,0.0,1.4901161193847656e-08,0,0,False
0.0,-0.3,-0.24000000000000002,True,False,False,False,False,False,False,0,0,0,0,,0.0,1.4901161193847656e-08,0,0,False
0.0,-0.27999999999999997,-0.24000000000000002,True,False,False,False,False,False,False,0,0,0,0,,0.0,1.4901161193847656e-08,0,0,False
0.0,-0.26,-0.24000000000000002,True,False,False,False,False,False,False,0,0,0,0,,0.0,1.4901161193847656e-08,0,0,False
0.0,-0.24,-0.24000000000000002,True,False,False,False,False,False,False,0,0,0,0,,0.0,1.4901161193847656e-08,0,0,False
0.0,-0.21999999999999997,-0.24000000000000002,True,False,False,False,False,False,False,0,0,0,0,,0.0,1.4901161193847656e-08,0,0,False
0.0,-0.19999999999999998,-0.24000000000000002,True,False,False,False,False,False,False,0,0,0,0,,0.0,1.4901161193847656e-08,0,0,False
0.0,-0.18,-0.24000000000000002,True,False,False,False,False,False,False,0,0,0,0,,0.0,1.4901161193847656e-08,0,0,False
0.0,-0.15999999999999998,-0.24000000000000002,True,False,False,False,False,False,False,0,0,0,0,,0.0,1.4901161193847656e-08,0,0,False
0.0,-0.13999999999999996,-0.24000000000000002,True,False,False,False,False,False,False,0,0,0,0,,0.0,1.4901161193847656e-08,0,0,False
0.0,-0.12,-0.24000000000000002,True,False,False,False,False,False,False,0,0,0,0,,0.0,1.4901161193847656e-08,0,0,False
0.0,-0.09999999999999998,-0.24000000000000002,True,False,False,False,False,False,False,0,0,0,0,,0.0,1.490127488014328e-08,0,0,False
0.0,-0.07999999999999996,-0.24000000000000002,True,False,False,False,False,False,False,0,0,0,0,,0.0,1.4901161193847656e-08,0,0,False
0.0,-0.06,-0.24000000000000002,True,False,False,False,False,False,False,0,0,0,0,,0.0,1.4901161193847656e-08,0,0,False
0.0,-0.03999999999999998,-0.24000000000000002,True,False,False,False,False,False,False,0,0,0,0,,0.0,1.4901161193847656e-08,0,0,False
0.0,-0.019999999999999962,-0.24000000000000002,True,False,False,False,False,False,False,0,0,0,0,,0.0,1.4901161193847656e-08,0,0,False
0.0,0.0,-0.24000000000000002,True,False,False,False,False,False,False,0,0,0,0,,0.0,1.4901161193847656e-08,0,0,False
0.0,0.020000000000000018,-0.24000000000000002,True,False,False,False,False,False,False,0,0,0,0,,0.0,1.4901161193847656e-08,0,0,False
0.0,0.040000000000000036,-0.24000000000000002,True,False,False,False,False,False,False,0,0,0,0,,0.0,1.4901161193847656e-08,0,0,False
0.0,0.06,-0.24000000000000002,True,False,False,False,False,False,False,0,0,0,0,,0.0,1.4901161193847656e-08,0,0,False
0.0,0.08000000000000002,-0.24000000000000002,True,False,False,False,False,False,False,0,0,0,0,,0.0,1.4901161193847656e-08,0,0,False
0.0,0.10000000000000003,-0.24000000000000002,True,False,False,False,False,False,False,0,0,0,0,,0.0,1.4901161193847656e-08,0,0,False
0.0,0.12000000000000005,-0.24000000000000002,True,False,False,False,False,False,False,0,0,0,0,,0.0,1.4901161193847656e-08,0,0,False
0.0,0.14000000000000007,-0.24000000000000002,True,False,False,False,False,False,False,0,0,0,0,,0.0,1.4901161193847656e-08,0,0,False
0.0,0.15999999999999998,-0.24000000000000002,True,False,False,False,False,False,False,0,0,0,0,,0.0,1.4901161193847656e-08,0,0,False
0.0,0.18,-0.24000000000000002,True,False,False,False,False,False,False,0,0,0,0,,0.0,1.4901161193847656e-08,0,0,False
0.0,0.2,-0.24000000000000002,True,False,False,False,False,False,False,0,0,0,0,,0.0,1.4901161193847656e-08,0,0,False
0.0,0.22000000000000003,-0.24000000000000002,True,False,False,False,False,False,False,0,0,0,0,,0.0,1.4901161193847656e-08,0,0,False
0.0,0.24000000000000005,-0.24000000000000002,True,False,False,False,False,False,False,0,0,0,0,,0.0,1.4901161193847656e-08,0,0,False
0.0,0.26000000000000006,-0.24000000000000002,True,False,False,False,False,False,False,0,0,0,0,,0.0,1.4901161193847656e-08,0,0,False
0.0,0.2800000000000001,-0.24000000000000002,True,False,False,False,False,False,False,0,0,0,0,,0.0,1.4901161193847656e-08,0,0,False
0.0,0.3,-0.24000000000000002,True,False,False,False,False,False,False,0,0,0,0,,0.0,1.4901161193847656e-08,0,0,False
0.0,0.32,-0.24000000000000002,True,False,False,False,False,False,False,0,0,0,0,,0.0,1.4901161193847656e-08,0,0,False
0.0,0.34,-0.24000000000000002,True,False,False,False,False,False,False,0,0,0,0,,0.0,1.4901161193847656e-08,0,0,False
0.0,0.36000000000000004,-0.24000000000000002,True,False,False,False,False,False,False,0,0,0,0,,0.0,1.4901161193847656e-08,0,0,False
0.0,0.38000000000000006,-0.24000000000000002,True,False,False,False,False,False,False,0,0,0,0,,0.0,1.4901161193847656e-08,0,0,False
0.0,0.4000000000000001,-0.24000000000000002,True,False,False,False,False,False,False,0,0,0,0,,0.0,1.4901161193847656e-08,0,0,False
0.0,0.42,-0.24000000000000002,True,False,False,False,False,False,False,0,0,0,0,,0.0,1.4901161193847656e-08,0,0,False
0.0,-0.42,-0.22000000000000003,True,False,False,False,False,False,False,0,0,0,0,,0.0,1.4901161193847656e-08,0,0,False
0.0,-0.39999999999999997,-0.22000000000000003,True,False,False,False,False,False,False,0,0,0,0,,0.0,1.4901161193847656e-08,0,0,False
0.0,-0.38,-0.22000000000000003,True,False,False,False,False,False,False,0,0,0,0,,0.0,1.4901161193847656e-08,0,0,False
0.0,-0.36,-0.22000000000000003,True,False,False,False,False,False,False,0,0,0,0,,0.0,1.4901161193847656e-08,0,0,False
0.0,-0.33999999999999997,-0.22000000000000003,True,False,False,False,False,False,False,0,0,0,0,,0.0,1.4901161193847656e-08,0,0,False
0.0,-0.31999999999999995,-0.22000000000000003,True,False,False,False,False,False,False,0,0,0,0,,0.0,1.4901161193847656e-08,0,0,False
0.0,-0.3,-0.22000000000000003,True,False,False,False,False,False,False,0,0,0,0,,0.0,1.4901161193847656e-08,0,0,False
0.0,-0.27999999999999997,-0.22000000000000003,True,False,False,False,False,False,False,0,0,0,0,,0.0,1.4901161193847656e-08,0,0,False
0.0,-0.26,-0.22000000000000003,True,False,False,False,False,False,False,0,0,0,0,,0.0,1.4901161193847656e-08,0,0,False
0.0,-0.24,-0.22000000000000003,True,False,False,False,False,False,False,0,0,0,0,,0.0,1.4901161193847656e-08,0,0,False
0.0,-0.21999999999999997,-0.22000000000000003,True,False,False,False,False,False,False,0,0,0,0,,0.0,1.4901161193847656e-08,0,0,False
0.0,-0.19999999999999998,-0.22000000000000003,True,False,False,False,False,False,False,0,0,0,0,,0.0,1.4901161193847656e-08,0,0,False
0.0,-0.18,-0.22000000000000003,True,False,False,False,False,False,False,1,2,0,0,0.019082121551036835,0.0,1.4901161193847656e-08,1,0,False
0.0,-0.15999999999999998,-0.22000000000000003,True,False,False,False,False,False,False,1,2,0,0,0.01896291971206665,0.0,1.4901161193847656e-08,1,0,False
0.0,-0.13999999999999996,-0.22000000000000003,True,False,False,False,False,False,False,1,1,0,0,0.018799085170030594,0.0,1.4901161193847656e-08,1,0,False
0.0,-0.12,-0.22000000000000003,True,False,False,False,False,False,False,1,3,0,0,0.018655404448509216,0.0,1.4901161193847656e-08,1,0,False
0.0,-0.09999999999999998,-0.22000000000000003,True,False,False,False,False,False,False,1,3,0,0,0.018649697303771973,0.0,1.490127488014328e-08,1,0,False
0.0,-0.07999999999999996,-0.22000000000000003,True,False,False,False,False,False,False,1,2,0,0,0.018778696656227112,0.0,1.4901161193847656e-08,1,0,False
0.0,-0.06,-0.22000000000000003,True,False,False,False,False,False,False,1,2,0,0,0.018717102706432343,0.0,1.4901161193847656e-08,1,0,False
0.0,-0.03999999999999998,-0.22000000000000003,True,False,False,False,False,False,False,2,3,0,0,0.018771622329950333,0.0,1.4901161193847656e-08,2,0,False
0.0,-0.019999999999999962,-0.22000000000000003,True,False,False,False,False,False,False,2,4,0,0,0.01890939474105835,0.0,1.4901161193847656e-08,2,0,False
0.0,0.0,-0.22000000000000003,True,False,False,False,False,False,False,2,5,0,0,0.018839828670024872,0.0,1.4901161193847656e-08,2,0,False
0.0,0.020000000000000018,-0.22000000000000003,True,False,False,False,False,False,False,1,3,0,0,0.018656983971595764,0.0,1.4901161193847656e-08,1,0,False
0.0,0.040000000000000036,-0.22000000000000003,True,False,False,False,False,False,False,1,3,0,0,0.018651284277439117,0.0,1.4901161193847656e-08,1,0,False
0.0,0.06,-0.22000000000000003,True,False,False,False,False,False,False,1,2,0,0,0.01879584789276123,0.0,1.4901161193847656e-08,1,0,False
0.0,0.08000000000000002,-0.22000000000000003,True,False,False,False,False,False,False,1,2,0,0,0.018731504678726196,0.0,1.4901161193847656e-08,1,0,False
0.0,0.10000000000000003,-0.22000000000000003,True,False,False,False,False,False,False,2,4,0,0,0.018759064376354218,0.0,1.4901161193847656e-08,2,0,False
0.0,0.12000000000000005,-0.22000000000000003,True,False,False,False,False,False,False,2,4,0,0,0.018871061503887177,0.0,1.4901161193847656e-08,2,0,False
0.0,0.14000000000000007,-0.22000000000000003,True,False,False,False,False,False,False,2,4,0,0,0.018884316086769104,0.0,1.4901161193847656e-08,2,0,False
0.0,0.15999999999999998,-0.22000000000000003,True,False,False,False,False,False,False,2,4,0,0,0.018682993948459625,0.0,1.4901161193847656e-08,2,0,False
0.0,0.18,-0.22000000000000003,True,False,False,False,False,False,False,1,3,0,0,0.01865282654762268,0.0,1.4901161193847656e-08,1,0,False
0.0,0.2,-0.22000000000000003,True,False,False,False,False,False,False,1,2,0,0,0.01881294697523117,0.0,1.4901161193847656e-08,1,0,False
0.0,0.22000000000000003,-0.22000000000000003,True,False,False,False,False,False,False,1,2,0,0,0.01874859631061554,0.0,1.4901161193847656e-08,1,0,False
0.0,0.24000000000000005,-0.22000000000000003,True,False,False,False,False,False,False,1,2,0,0,0.01872793585062027,0.0,1.4901161193847656e-08,1,0,False
0.0,0.26000000000000006,-0.22000000000000003,True,False,False,False,False,False,False,1,3,0,0,0.018832631409168243,0.0,1.4901161193847656e-08,1,0,False
0.0,0.2800000000000001,-0.22000000000000003,True,False,False,False,False,False,False,1,2,0,0,0.018977537751197815,0.0,1.4901161193847656e-08,1,0,False
0.0,0.3,-0.22000000000000003,True,False,False,False,False,False,False,1,1,0,0,0.01915455423295498,0.0,1.4901161193847656e-08,1,0,False
0.0,0.32,-0.22000000000000003,True,False,False,False,False,False,False,0,0,0,0,,0.0,1.4901161193847656e-08,0,0,False
0.0,0.34,-0.22000000000000003,True,False,False,False,False,False,False,0,0,0,0,,0.0,1.4901161193847656e-08,0,0,False
0.0,0.36000000000000004,-0.22000000000000003,True,False,False,False,False,False,False,0,0,0,0,,0.0,1.4901161193847656e-08,0,0,False
0.0,0.38000000000000006,-0.22000000000000003,True,False,False,False,False,False,False,0,0,0,0,,0.0,1.4901161193847656e-08,0,0,False
0.0,0.4000000000000001,-0.22000000000000003,True,False,False,False,False,False,False,0,0,0,0,,0.0,1.4901161193847656e-08,0,0,False
0.0,0.42,-0.22000000000000003,True,False,False,False,False,False,False,0,0,0,0,,0.0,1.4901161193847656e-08,0,0,False
0.0,-0.42,-0.2,True,False,False,False,False,False,False,0,0,0,0,,0.0,1.4901161193847656e-08,0,0,False
0.0,-0.39999999999999997,-0.2,True,False,False,False,False,False,False,0,0,0,0,,0.0,1.4901161193847656e-08,0,0,False
0.0,-0.38,-0.2,True,False,False,False,False,False,False,0,0,0,0,,0.0,1.4901161193847656e-08,0,0,False
0.0,-0.36,-0.2,True,False,False,False,False,False,False,0,0,0,0,,0.0,1.4901161193847656e-08,0,0,False
0.0,-0.33999999999999997,-0.2,True,False,False,False,False,False,False,0,0,0,0,,0.0,1.4901161193847656e-08,0,0,False
0.0,-0.31999999999999995,-0.2,True,False,True,False,False,False,False,1,4,0,0,0.013022668659687042,0.0,1.4901161193847656e-08,1,0,False
0.0,-0.3,-0.2,True,False,True,False,False,False,False,4,13,0,0,0.012891672551631927,0.0,1.4901161193847656e-08,4,0,False
0.0,-0.27999999999999997,-0.2,True,False,True,False,False,False,False,4,16,0,0,0.012724488973617554,0.0,1.4901161193847656e-08,4,0,False
0.0,-0.26,-0.2,True,False,True,False,False,False,False,5,17,0,0,0.01255684345960617,0.0,1.4901161193847656e-08,5,0,False
0.0,-0.24,-0.2,True,False,True,False,False,False,False,5,17,0,0,0.012499570846557617,0.0,1.4901161193847656e-08,5,0,False
0.0,-0.21999999999999997,-0.2,True,False,True,False,False,False,False,7,19,0,0,0.01260528713464737,0.0,1.4901161193847656e-08,7,0,False
0.0,-0.19999999999999998,-0.2,True,False,True,True,False,True,False,10,28,4,0,0.0005192086100578308,0.0,1.4901161193847656e-08,10,4,True
0.0,-0.18,-0.2,True,False,True,True,False,True,False,14,42,4,0,-0.0009178593754768372,0.0,0.00023934440789708558,14,4,True
0.0,-0.15999999999999998,-0.2,True,False,True,True,False,True,False,15,37,4,0,-0.0010824650526046753,0.0,0.00035037456420490527,15,4,True
0.0,-0.13999999999999996,-0.2,True,False,True,True,False,True,False,14,36,1,0,-0.0012614725856110454,0.0,0.0005087881578092279,14,1,True
0.0,-0.12,-0.2,True,False,True,True,False,True,False,16,53,4,0,-0.0013574734330177307,0.0,0.0008169415884218053,16,4,True
0.0,-0.09999999999999998,-0.2,True,False,True,True,False,True,False,16,49,4,0,-0.0013796687126159668,0.0,0.0008992112849222031,16,4,True
0.0,-0.07999999999999996,-0.2,True,False,True,False,False,False,False,15,41,0,0,0.01070975698530674,0.0,1.4901161193847656e-08,15,0,False
0.0,-0.06,-0.2,True,False,True,False,False,False,False,19,53,0,0,0.00319807231426239,0.0,1.4901161193847656e-08,19,0,False
0.0,-0.03999999999999998,-0.2,True,False,True,True,False,True,False,24,57,5,0,-0.0013331992086023092,0.0,0.0005836486095943735,24,5,True
0.0,-0.019999999999999962,-0.2,True,False,True,True,False,True,False,21,59,8,0,-0.0011486560106277466,0.0,0.0005034908748357623,21,8,True
0.0,0.0,-0.2,True,False,True,True,False,True,False,24,71,9,0,-0.0011935606598854065,0.0,0.0005374897767946281,24,9,True
0.0,0.020000000000000018,-0.2,True,False,True,True,False,True,False,26,73,4,0,-0.0013406351208686829,0.0,0.0007841133246135291,26,4,True
0.0,0.040000000000000036,-0.2,True,False,True,True,False,True,False,20,56,4,0,-0.001377388834953308,0.0,0.0008852287862454628,20,4,True
0.0,0.06,-0.2,True,False,True,True,False,True,False,15,44,4,0,-0.0013865604996681213,0.0,0.0008975977855483883,15,4,True
0.0,0.08000000000000002,-0.2,True,False,True,False,False,False,False,19,53,0,0,0.005007125437259674,0.0,1.4901161193847656e-08,19,0,False
0.0,0.10000000000000003,-0.2,True,False,True,True,False,True,False,25,67,5,0,-0.0013748073251917958,0.0,0.0006166938390530865,25,5,True
0.0,0.12000000000000005,-0.2,True,False,True,True,False,True,False,18,54,10,0,-0.0011920779943466187,0.0,0.0005037410833006733,18,10,True
0.0,0.14000000000000007,-0.2,True,False,True,True,False,True,False,19,48,8,0,-0.0011513978242874146,0.0,0.000519709234725896,19,8,True
0.0,0.15999999999999998,-0.2,True,False,True,True,False,True,False,23,55,5,0,-0.0013391448883339763,0.0,0.0006155204302027562,23,5,True
0.0,0.18,-0.2,True,False,True,True,False,True,False,18,48,4,0,-0.0012380480766296387,0.0,0.0006899523517111617,18,4,True
0.0,0.2,-0.2,True,False,True,True,False,True,False,8,22,4,0,-0.0013752281665802002,0.0,0.0009065945563525935,8,4,True
0.0,0.22000000000000003,-0.2,True,False,True,False,False,False,False,11,30,0,0,0.007179245352745056,0.0,1.4901161193847656e-08,11,0,False
0.0,0.24000000000000005,-0.2,True,False,True,False,False,False,False,11,28,0,0,0.005502000451087952,0.0,1.4901161193847656e-08,11,0,False
0.0,0.26000000000000006,-0.2,True,False,True,True,False,True,False,8,21,3,0,-0.001268334686756134,0.0,0.0004389905701381631,8,3,True
0.0,0.2800000000000001,-0.2,True,False,True,True,False,True,False,9,23,4,0,-0.001087479293346405,0.0,0.00030053599049878704,9,4,True
0.0,0.3,-0.2,True,False,True,True,False,True,False,11,33,4,0,-0.0009540170431137085,0.0,0.00020574240002530528,11,4,True
0.0,0.32,-0.2,True,False,True,False,False,False,False,7,16,0,0,0.006631255149841309,0.0,1.4901161193847656e-08,7,0,False
0.0,0.34,-0.2,True,False,False,False,False,False,False,0,0,0,0,,0.0,1.4901161193847656e-08,0,0,False
0.0,0.36000000000000004,-0.2,True,False,False,False,False,False,False,0,0,0,0,,0.0,1.4901161193847656e-08,0,0,False
0.0,0.38000000000000006,-0.2,True,False,False,False,False,False,False,0,0,0,0,,0.0,1.4901161193847656e-08,0,0,False
0.0,0.4000000000000001,-0.2,True,False,False,False,False,False,False,0,0,0,0,,0.0,1.4901161193847656e-08,0,0,False
0.0,0.42,-0.2,True,False,False,False,False,False,False,0,0,0,0,,0.0,1.4901161193847656e-08,0,0,False
0.0,-0.42,-0.18000000000000002,True,False,False,False,False,False,False,0,0,0,0,,0.0,1.4901161193847656e-08,0,0,False
0.0,-0.39999999999999997,-0.18000000000000002,True,False,False,False,False,False,False,0,0,0,0,,0.0,1.4901161193847656e-08,0,0,False
0.0,-0.38,-0.18000000000000002,True,False,False,False,False,False,False,0,0,0,0,,0.0,1.4901161193847656e-08,0,0,False
0.0,-0.36,-0.18000000000000002,True,False,False,False,False,False,False,0,0,0,0,,0.0,1.4901161193847656e-08,0,0,False
0.0,-0.33999999999999997,-0.18000000000000002,True,False,False,False,False,False,False,7,13,0,0,0.007657647132873535,0.0,1.4901161193847656e-08,7,0,False
0.0,-0.31999999999999995,-0.18000000000000002,True,False,True,True,True,True,False,27,81,11,4,-0.007034949958324432,0.0,0.001713496108624737,26,11,True
0.0,-0.3,-0.18000000000000002,True,False,True,True,True,True,False,47,122,32,4,-0.007424741983413696,0.0,0.005367818534621076,46,30,True
0.0,-0.27999999999999997,-0.18000000000000002,True,False,True,True,True,True,False,45,132,40,12,-0.007659874856472015,0.0,0.005614508664999858,45,36,True
0.0,-0.26,-0.18000000000000002,True,False,True,True,True,True,False,46,136,36,12,-0.007909826934337616,2.2351248264313366,0.006352047043720418,46,35,True
0.0,-0.24,-0.18000000000000002,False,True,True,True,True,False,False,56,165,31,13,-0.008038602769374847,2.635591506958081,0.006172368189004725,56,29,True
0.0,-0.21999999999999997,-0.18000000000000002,False,True,True,True,True,False,False,63,169,36,13,-0.008024461567401886,2.627109357160319,0.006212615210651936,63,34,True
0.0,-0.19999999999999998,-0.18000000000000002,False,True,True,True,True,False,False,64,188,45,19,-0.008835569024085999,0.0,0.013444993918558983,64,41,True
0.0,-0.18,-0.18000000000000002,False,True,True,True,True,False,False,85,223,38,17,-0.007741913199424744,135.99073089008778,0.013116875856187002,85,35,True
0.0,-0.15999999999999998,-0.18000000000000002,False,True,True,True,True,False,False,81,243,49,22,-0.010001391172409058,187.82508850098046,0.011228890683162348,82,47,True
0.0,-0.13999999999999996,-0.18000000000000002,False,True,True,True,True,False,False,97,272,57,31,-0.01012151688337326,2197.5756835937955,0.010218569327693409,97,54,True
0.0,-0.12,-0.18000000000000002,False,True,True,True,True,False,False,108,334,108,65,-0.012878268957138062,3016.632985758624,0.03344358898846841,99,81,True
0.0,-0.09999999999999998,-0.18000000000000002,False,True,True,True,True,False,False,124,363,101,68,-0.015494376420974731,2082.278564453168,0.02065528039052529,113,64,True
0.0,-0.07999999999999996,-0.18000000000000002,False,True,True,True,True,False,False,114,360,100,60,-0.01951051503419876,3455.2087402344464,0.05469815615977082,108,55,True
0.0,-0.06,-0.18000000000000002,False,True,True,True,True,False,False,101,324,81,50,-0.012127641588449478,2664.247070312519,0.04706670178186562,101,69,True
0.0,-0.03999999999999998,-0.18000000000000002,False,True,True,True,True,False,False,99,289,57,38,-0.015506155788898468,1623.8934326172212,0.026836352152032093,103,62,True
0.0,-0.019999999999999962,-0.18000000000000002,False,True,True,True,True,False,False,104,325,61,41,-0.02167326956987381,1662.9989013672218,0.02048566617895559,110,61,True
0.0,0.0,-0.18000000000000002,False,True,True,True,True,False,False,118,320,64,47,-0.022266395390033722,15.533167839050458,0.02002000013881284,127,64,True
0.0,0.020000000000000018,-0.18000000000000002,False,True,True,True,True,False,False,106,331,82,47,-0.022265702486038208,2087.3556854982,0.033347282298927604,108,74,True
0.0,0.040000000000000036,-0.18000000000000002,False,True,True,True,True,False,False,116,348,114,66,-0.015671752393245697,2272.2714843750323,0.026261861233517987,112,69,True
0.0,0.06,-0.18000000000000002,False,True,True,True,True,False,False,117,377,118,65,-0.019233398139476776,4036.6469726562927,0.03154643622330013,99,48,True
0.0,0.08000000000000002,-0.18000000000000002,False,True,True,True,True,False,False,114,364,96,62,-0.020305708050727844,3483.5959472656623,0.007918628203678266,102,60,True
0.0,0.10000000000000003,-0.18000000000000002,False,True,True,True,True,False,False,110,359,88,69,-0.012571237981319427,3346.8901367188746,0.0173620730829077,100,63,True
0.0,0.12000000000000005,-0.18000000000000002,False,True,True,True,True,False,False,101,317,82,45,-0.010985597968101501,2245.3365170515917,0.013825515560823608,98,58,True
0.0,0.14000000000000007,-0.18000000000000002,False,True,True,True,True,False,False,81,225,54,31,-0.02115282416343689,1221.482421875013,0.017518608808770684,88,52,True
0.0,0.15999999999999998,-0.18000000000000002,False,True,True,True,True,False,False,77,234,61,45,-0.0222666934132576,1443.2233886718905,0.02636250525825188,78,57,True
0.0,0.18,-0.18000000000000002,False,True,True,True,True,False,False,78,231,51,33,-0.01061353087425232,1911.924194335958,0.010152460571788122,78,48,True
0.0,0.2,-0.18000000000000002,False,True,True,True,True,False,False,71,203,39,14,-0.008564934134483337,297.67794799805614,0.01359640762150381,66,35,True
0.0,0.22000000000000003,-0.18000000000000002,False,True,True,True,True,False,False,59,175,41,24,-0.010599136352539062,212.51356506348316,0.014864136491560716,59,43,True
0.0,0.24000000000000005,-0.18000000000000002,False,True,True,True,True,False,False,52,162,48,26,-0.01011078804731369,1700.533658111462,0.011379567134477228,50,33,True
0.0,0.26000000000000006,-0.18000000000000002,True,False,True,True,True,True,False,46,159,46,30,-0.009531036019325256,1953.533733669892,0.005151332708709655,40,34,True
0.0,0.2800000000000001,-0.18000000000000002,True,False,True,True,True,True,False,38,131,42,26,-0.007594786584377289,1422.2183837891066,0.007541728524790701,38,33,True
0.0,0.3,-0.18000000000000002,True,False,True,True,True,True,False,46,133,33,15,-0.009308047592639923,1446.0934564011923,0.0030673483898714083,43,31,True
0.0,0.32,-0.18000000000000002,True,False,True,True,True,True,False,38,99,24,4,-0.005394376814365387,851.295776367214,0.0010570508397360354,34,11,True
0.0,0.34,-0.18000000000000002,True,False,False,False,False,False,False,10,27,0,0,0.005742295645177364,0.0,1.4901161193847656e-08,8,0,False
0.0,0.36000000000000004,-0.18000000000000002,True,False,False,False,False,False,False,0,0,0,0,,0.0,1.4901161193847656e-08,0,0,False
0.0,0.38000000000000006,-0.18000000000000002,True,False,False,False,False,False,False,0,0,0,0,,0.0,1.4901161193847656e-08,0,0,False
0.0,0.4000000000000001,-0.18000000000000002,True,False,False,False,False,False,False,0,0,0,0,,0.0,1.4901161193847656e-08,0,0,False
0.0,0.42,-0.18000000000000002,True,False,False,False,False,False,False,0,0,0,0,,0.0,1.4901161193847656e-08,0,0,False
0.0,-0.42,-0.16000000000000003,True,False,False,False,False,False,False,0,0,0,0,,0.0,1.4901161193847656e-08,0,0,False
0.0,-0.39999999999999997,-0.16000000000000003,True,False,False,False,False,False,False,0,0,0,0,,0.0,1.4901161193847656e-08,0,0,False
0.0,-0.38,-0.16000000000000003,True,False,False,False,False,False,False,0,0,0,0,,0.0,1.4901161193847656e-08,0,0,False
0.0,-0.36,-0.16000000000000003,True,False,False,False,False,False,False,0,0,0,0,,0.0,1.4901161193847656e-08,0,0,False
0.0,-0.33999999999999997,-0.16000000000000003,True,False,False,False,False,False,False,19,51,0,0,0.0065796226263046265,0.0,1.4901161193847656e-08,15,0,False
0.0,-0.31999999999999995,-0.16000000000000003,True,False,True,True,True,True,False,51,175,54,25,-0.013420522212982178,2128.6145019531914,0.01204529616042463,45,54,True
0.0,-0.3,-0.16000000000000003,True,False,True,True,True,True,False,63,218,88,64,-0.01912654936313629,3373.7905273438437,0.014078199077086129,66,80,True
0.0,-0.27999999999999997,-0.16000000000000003,True,False,True,True,True,True,False,65,208,75,61,-0.015801722183823586,4452.47932216635,0.03438782093646174,66,75,True
0.0,-0.26,-0.16000000000000003,True,False,True,True,True,True,False,64,196,65,52,-0.015898453071713448,5948.460686316369,0.041687523380974915,68,65,True
0.0,-0.24,-0.16000000000000003,False,True,True,True,True,False,False,76,261,105,84,-0.015914782881736755,6186.906250000231,0.013124239578332253,74,120,True
0.0,-0.21999999999999997,-0.16000000000000003,False,True,True,True,True,False,False,94,317,105,80,-0.01649262011051178,6368.936523437737,0.012629106870867051,86,113,True
0.0,-0.19999999999999998,-0.16000000000000003,False,True,True,True,True,False,False,107,345,126,92,-0.02027258276939392,6436.7998046875455,0.013886086472810274,91,106,True
0.0,-0.18,-0.16000000000000003,False,True,True,True,True,False,False,128,421,112,90,-0.016255691647529602,6120.677734375228,0.014266631930860125,110,131,True
0.0,-0.15999999999999998,-0.16000000000000003,False,True,True,True,True,False,False,130,441,151,117,-0.015887398272752762,6140.955869779445,0.014689870281483417,105,151,True
0.0,-0.13999999999999996,-0.16000000000000003,False,True,True,True,True,False,False,132,419,115,90,-0.015811055898666382,5389.5346679689,0.013896899889770631,119,130,True
0.0,-0.12,-0.16000000000000003,False,True,True,True,True,False,False,151,498,152,116,-0.013841576874256134,5131.502929687643,0.006285629623203979,136,148,True
0.0,-0.09999999999999998,-0.16000000000000003,False,True,True,True,True,False,False,171,552,193,131,-0.015303470194339752,4282.999511718811,0.0036655643145846015,146,200,True
0.0,-0.07999999999999996,-0.16000000000000003,False,True,True,True,True,False,False,183,619,215,163,-0.017043866217136383,5895.088034280485,0.003490908729312485,141,206,True
0.0,-0.06,-0.16000000000000003,False,True,True,True,True,False,False,162,531,208,150,-0.01726450026035309,5522.981933593828,0.0029563163410948933,123,161,True
0.0,-0.03999999999999998,-0.16000000000000003,False,True,True,True,True,False,False,172,548,186,148,-0.018881991505622864,5475.031250000078,0.009486496271378772,133,138,True
0.0,-0.019999999999999962,-0.16000000000000003,False,True,True,True,True,False,False,170,577,227,171,-0.017901167273521423,5367.072753906326,0.008865079807911474,127,168,True
0.0,0.0,-0.16000000000000003,False,True,True,True,True,False,False,172,546,178,140,-0.018929675221443176,5367.893554687576,0.004054039025879442,130,139,True
0.0,0.020000000000000018,-0.16000000000000003,False,True,True,True,True,False,False,171,540,181,141,-0.017155930399894714,4888.249511718819,0.0034109593481545255,128,139,True
0.0,0.040000000000000036,-0.16000000000000003,False,True,True,True,True,False,False,177,573,179,124,-0.014083422720432281,4483.847656250167,0.003785852960249984,135,149,True
0.0,0.06,-0.16000000000000003,False,True,True,True,True,False,False,165,557,238,192,-0.012485075742006302,5249.0893554689455,0.008881844856863013,126,207,True
0.0,0.08000000000000002,-0.16000000000000003,False,True,True,True,True,False,False,166,553,177,137,-0.0178404301404953,5436.445800781453,0.0009562397141332804,131,150,True
0.0,0.10000000000000003,-0.16000000000000003,False,True,True,True,True,False,False,149,484,166,129,-0.018648624420166016,5746.752441406465,0.004272783357760521,122,145,True
0.0,0.12000000000000005,-0.16000000000000003,False,True,True,True,True,False,False,135,425,175,120,-0.018663495779037476,5454.023437500203,0.0022984690266599083,113,148,True
0.0,0.14000000000000007,-0.16000000000000003,False,True,True,True,True,False,False,117,380,125,93,-0.018663495779037476,5643.92187500021,0.003746561900459376,94,109,True
0.0,0.15999999999999998,-0.16000000000000003,False,True,True,True,True,False,False,108,345,116,89,-0.018663495779037476,5471.010277832268,0.006472915505128978,92,102,True
0.0,0.18,-0.16000000000000003,False,True,True,True,True,False,False,109,354,120,87,-0.01808677613735199,4116.855468750154,0.00825475860542461,101,96,True
0.0,0.2,-0.16000000000000003,False,True,True,True,True,False,False,91,315,118,102,-0.022273901849985123,5390.376197227913,0.02571541803516375,86,122,True
0.0,0.22000000000000003,-0.16000000000000003,False,True,True,True,True,False,False,73,257,87,58,-0.015914730727672577,6311.177734375236,0.030607529763264713,75,88,True
0.0,0.24000000000000005,-0.16000000000000003,False,True,True,True,True,False,False,64,220,70,58,-0.015914730727672577,6039.585443240661,0.026606422206513516,62,71,True
0.0,0.26000000000000006,-0.16000000000000003,True,False,True,True,True,True,False,47,164,67,40,-0.015911400318145752,4162.9096679689055,0.011003478660509325,47,59,True
0.0,0.2800000000000001,-0.16000000000000003,True,False,True,True,True,True,False,44,156,61,41,-0.01583505980670452,3799.243009572656,0.037594818523993725,44,57,True
0.0,0.3,-0.16000000000000003,True,False,True,True,True,True,False,50,161,52,40,-0.011897653341293335,3679.3366699219046,0.0091341414135804,50,52,True
0.0,0.32,-0.16000000000000003,True,False,True,True,True,True,False,46,135,47,32,-0.015396416187286377,1411.065063476615,0.012880806876189789,41,39,True
0.0,0.34,-0.16000000000000003,True,False,False,False,False,False,False,14,37,0,0,0.00460362434387207,0.0,1.4901161193847656e-08,14,0,False
0.0,0.36000000000000004,-0.16000000000000003,True,False,False,False,False,False,False,0,0,0,0,,0.0,1.4901161193847656e-08,0,0,False
0.0,0.38000000000000006,-0.16000000000000003,True,False,False,False,False,False,False,0,0,0,0,,0.0,1.4901161193847656e-08,0,0,False
0.0,0.4000000000000001,-0.16000000000000003,True,False,False,False,False,False,False,0,0,0,0,,0.0,1.4901161193847656e-08,0,0,False
0.0,0.42,-0.16000000000000003,True,False,False,False,False,False,False,0,0,0,0,,0.0,1.4901161193847656e-08,0,0,False
0.0,-0.42,-0.14,True,False,False,False,False,False,False,0,0,0,0,,0.0,1.4901161193847656e-08,0,0,False
0.0,-0.39999999999999997,-0.14,True,False,False,False,False,False,False,0,0,0,0,,0.0,1.4901161193847656e-08,0,0,False
0.0,-0.38,-0.14,True,False,False,False,False,False,False,0,0,0,0,,0.0,1.4901161193847656e-08,0,0,False
0.0,-0.36,-0.14,True,False,False,False,False,False,False,0,0,0,0,,0.0,1.4901161193847656e-08,0,0,False
0.0,-0.33999999999999997,-0.14,True,False,False,False,False,False,False,14,48,0,0,0.006583452224731445,0.0,1.4901161193847656e-08,14,0,False
0.0,-0.31999999999999995,-0.14,True,False,True,True,True,True,False,50,171,58,29,-0.013416588306427002,6723.057156526924,0.02100130385752911,35,54,True
0.0,-0.3,-0.14,True,False,True,True,True,True,False,69,243,99,79,-0.017099790275096893,4377.386230468872,0.010931317589259318,48,80,True
0.0,-0.27999999999999997,-0.14,True,False,True,True,True,True,False,66,229,91,81,-0.017099790275096893,4670.35986328138,0.0227084401246597,47,71,True
0.0,-0.26,-0.14,True,False,True,True,True,True,False,65,209,69,62,-0.017099790275096893,4892.2221679688855,0.007301103696424745,47,59,True
0.0,-0.24,-0.14,False,True,True,True,True,False,False,73,259,122,98,-0.017099790275096893,5807.618652343912,0.006907628404710952,55,90,True
0.0,-0.21999999999999997,-0.14,False,True,True,True,True,False,False,81,283,134,121,-0.01743607223033905,7993.143554687564,0.01595283815237346,63,104,True
0.0,-0.19999999999999998,-0.14,False,True,True,True,True,False,False,90,300,134,84,-0.02027258276939392,5553.556152343795,0.00987192001959758,66,98,True
0.0,-0.18,-0.14,False,True,True,True,True,False,False,115,374,112,93,-0.017099782824516296,5260.369140625037,0.00956872794979967,89,85,True
0.0,-0.15999999999999998,-0.14,False,True,True,True,True,False,False,122,409,169,129,-0.017099782824516296,5454.96006754448,0.006814624725370895,85,121,True
0.0,-0.13999999999999996,-0.14,False,True,True,True,True,False,False,133,415,141,103,-0.017099782824516296,4418.816406250063,0.005100327937324916,88,98,True
0.0,-0.12,-0.14,False,True,True,True,True,False,False,149,461,145,123,-0.017099782824516296,3957.84179687511,0.01350968554945787,102,105,True
0.0,-0.09999999999999998,-0.14,False,True,True,True,True,False,False,164,564,218,163,-0.017099782824516296,5593.520019531295,0.01329919247454109,112,153,True
0.0,-0.07999999999999996,-0.14,False,True,True,True,True,False,False,151,524,221,185,-0.017099782824516296,7601.805664062581,0.018043638952447153,111,161,True
0.0,-0.06,-0.14,False,True,True,True,True,False,False,130,446,182,160,-0.017099782824516296,5020.814941406321,0.011667497728805801,97,144,True
0.0,-0.03999999999999998,-0.14,False,True,True,True,True,False,False,133,456,150,133,-0.017099782824516296,4663.889648437645,0.004112339225623921,106,118,True
0.0,-0.019999999999999962,-0.14,False,True,True,True,True,False,False,121,432,216,194,-0.022267885506153107,5354.56591796895,0.00901787398299464,103,172,True
0.0,0.0,-0.14,False,True,True,True,True,False,False,123,409,158,134,-0.022267870604991913,6446.38085937524,0.010895187409229205,121,154,True
0.0,0.020000000000000018,-0.14,False,True,True,True,True,False,False,117,379,125,108,-0.022267304360866547,4569.17236328142,0.007398861454094322,123,153,True
0.0,0.040000000000000036,-0.14,False,True,True,True,True,False,False,129,450,140,105,-0.02226572483778,4802.484375000179,0.012632358982804426,137,151,True
0.0,0.06,-0.14,False,True,True,True,True,False,False,121,433,226,192,-0.0170997753739357,5320.919921875198,0.012922939228084143,130,213,True
0.0,0.08000000000000002,-0.14,False,True,True,True,True,False,False,117,422,166,142,-0.024683929979801178,5759.021484375215,0.013374629007186221,132,163,True
0.0,0.10000000000000003,-0.14,False,True,True,True,True,False,False,101,348,144,128,-0.03126497566699982,6974.297851562556,0.00781186423717959,117,134,True
0.0,0.12000000000000005,-0.14,False,True,True,True,True,False,False,89,312,128,104,-0.0234125554561615,5367.181186810154,0.009781715961325111,97,120,True
0.0,0.14000000000000007,-0.14,False,True,True,True,True,False,False,77,267,99,78,-0.018180102109909058,5129.802734375191,0.00942356314059681,88,89,True
0.0,0.15999999999999998,-0.14,False,True,True,True,True,False,False,78,250,88,80,-0.015867929905653,5683.113344534042,0.004115748438536589,86,94,True
0.0,0.18,-0.14,False,True,True,True,True,False,False,105,354,99,86,-0.015914730727672577,6611.963378906303,0.011119835663811601,94,92,True
0.0,0.2,-0.14,False,True,True,True,True,False,False,91,301,150,129,-0.015914730727672577,6565.659179687745,0.019118895277196297,78,119,True
0.0,0.22000000000000003,-0.14,False,True,True,True,True,False,False,78,257,105,80,-0.017568565905094147,7161.4335937502665,0.00957489641785668,60,89,True
0.0,0.24000000000000005,-0.14,False,True,True,True,True,False,False,69,223,96,68,-0.01930008828639984,7710.153320312561,0.017611038416679888,51,67,True
0.0,0.26000000000000006,-0.14,True,False,True,True,True,True,False,54,180,69,52,-0.01591140404343605,5151.043457031442,0.018840941122147056,40,55,True
0.0,0.2800000000000001,-0.14,True,False,True,True,True,True,False,50,162,66,53,-0.01583506166934967,5843.078699739403,0.015736463288955806,34,53,True
0.0,0.3,-0.14,True,False,True,True,True,True,False,58,177,70,62,-0.012427173554897308,4326.125488281285,0.008392657077957538,42,52,True
0.0,0.32,-0.14,True,False,True,True,True,True,False,44,146,43,36,-0.015396416187286377,7703.621582031312,0.01900421640535453,35,43,True
0.0,0.34,-0.14,True,False,False,False,False,False,False,15,45,0,0,0.004430562257766724,0.0,1.4901161193847656e-08,15,0,False
0.0,0.36000000000000004,-0.14,True,False,False,False,False,False,False,0,0,0,0,,0.0,1.4901161193847656e-08,0,0,False
0.0,0.38000000000000006,-0.14,True,False,False,False,False,False,False,0,0,0,0,,0.0,1.4901161193847656e-08,0,0,False
0.0,0.4000000000000001,-0.14,True,False,False,False,False,False,False,0,0,0,0,,0.0,1.4901161193847656e-08,0,0,False
0.0,0.42,-0.14,True,False,False,False,False,False,False,0,0,0,0,,0.0,1.4901161193847656e-08,0,0,False
0.0,-0.42,-0.12000000000000002,True,False,False,False,False,False,False,0,0,0,0,,0.0,1.4901161193847656e-08,0,0,False
0.0,-0.39999999999999997,-0.12000000000000002,True,False,False,False,False,False,False,0,0,0,0,,0.0,1.4901161193847656e-08,0,0,False
0.0,-0.38,-0.12000000000000002,True,False,False,False,False,False,False,0,0,0,0,,0.0,1.4901161193847656e-08,0,0,False
0.0,-0.36,-0.12000000000000002,True,False,False,False,False,False,False,0,0,0,0,,0.0,1.4901161193847656e-08,0,0,False
0.0,-0.33999999999999997,-0.12000000000000002,True,False,False,False,False,False,False,15,51,0,0,0.006583452224731445,0.0,1.4901161193847656e-08,16,0,False
0.0,-0.31999999999999995,-0.12000000000000002,True,False,True,True,True,True,False,48,158,55,29,-0.013416588306427002,7827.936363609706,0.005960647477310697,38,54,True
0.0,-0.3,-0.12000000000000002,True,False,True,True,True,True,False,63,204,77,59,-0.020959846675395966,6469.772460937741,0.023368463409165027,52,80,True
0.0,-0.27999999999999997,-0.12000000000000002,True,False,True,True,True,True,False,57,189,65,61,-0.02095986157655716,7523.65234375028,0.009843895586198656,49,71,True
0.0,-0.26,-0.12000000000000002,True,False,True,True,True,True,False,64,210,66,51,-0.02095986157655716,7089.740722656515,0.010488280370188327,46,59,True
0.0,-0.24,-0.12000000000000002,False,True,True,True,True,False,False,71,251,128,92,-0.02095986157655716,6297.872558593985,0.011506315503738821,51,90,True
0.0,-0.21999999999999997,-0.12000000000000002,False,True,True,True,True,False,False,76,273,135,108,-0.02095986157655716,6274.104003906295,0.007435997867264759,60,103,True
0.0,-0.19999999999999998,-0.12000000000000002,False,True,True,True,True,False,False,81,275,116,78,-0.02095986157655716,6371.248046875051,0.008839714988694623,61,98,True
0.0,-0.18,-0.12000000000000002,False,True,True,True,True,False,False,105,344,98,84,-0.02095986157655716,6057.599609375168,0.008183173815252453,95,84,True
0.0,-0.15999999999999998,-0.12000000000000002,False,True,True,True,True,False,False,112,376,164,119,-0.020959876477718353,5654.019531250211,0.005791156028046594,105,170,True
0.0,-0.13999999999999996,-0.12000000000000002,False,True,True,True,True,False,False,110,358,124,100,-0.020959876477718353,7450.616210937777,0.00922474751887127,108,125,True
0.0,-0.12,-0.12000000000000002,False,True,True,True,True,False,False,132,405,112,101,-0.020959876477718353,6513.164062500243,0.006339968074227806,116,133,True
0.0,-0.09999999999999998,-0.12000000000000002,False,True,True,True,True,False,False,151,529,180,145,-0.020959876477718353,9460.833007812576,0.009862631525953548,130,190,True
0.0,-0.07999999999999996,-0.12000000000000002,False,True,True,True,True,False,False,144,508,211,186,-0.020959876477718353,7061.598632812763,0.012876946216392425,134,216,True
0.0,-0.06,-0.12000000000000002,False,True,True,True,True,False,False,124,432,192,148,-0.020959876477718353,6712.06542968775,0.009320366982907781,133,186,True
0.0,-0.03999999999999998,-0.12000000000000002,False,True,True,True,True,False,False,138,488,160,138,-0.020959876477718353,6777.679199219003,0.008888128974647424,154,176,True
0.0,-0.019999999999999962,-0.12000000000000002,False,True,True,True,True,False,False,145,517,239,220,-0.020959891378879547,7147.3398437502665,0.01081265470474255,140,244,True
0.0,0.0,-0.12000000000000002,False,True,True,True,True,False,False,127,436,161,138,-0.020959891378879547,7828.569335937792,0.01754594571607368,142,184,True
0.0,0.020000000000000018,-0.12000000000000002,False,True,True,True,True,False,False,118,401,129,112,-0.020959891378879547,7299.469238281522,0.015019788934958164,143,177,True
0.0,0.040000000000000036,-0.12000000000000002,False,True,True,True,True,False,False,129,457,143,109,-0.022263169288635254,5968.544433593972,0.013812383767931464,158,165,True
0.0,0.06,-0.12000000000000002,False,True,True,True,True,False,False,113,416,221,189,-0.021707914769649506,7781.27050781279,0.012486749297111837,137,236,True
0.0,0.08000000000000002,-0.12000000000000002,False,True,True,True,True,False,False,110,408,155,139,-0.02457839995622635,7449.771972656527,0.013307886720954204,130,165,True
0.0,0.10000000000000003,-0.12000000000000002,False,True,True,True,True,False,False,112,370,142,126,-0.04342220723628998,9400.862304687575,0.01599305358897568,113,152,True
0.0,0.12000000000000005,-0.12000000000000002,False,True,True,True,True,False,False,100,344,145,130,-0.045112244784832,6877.3999023440065,0.011920190127735132,101,143,True
0.0,0.14000000000000007,-0.12000000000000002,False,True,True,True,True,False,False,89,300,113,101,-0.045112244784832,5940.190429687547,0.01051693213561877,81,98,True
0.0,0.15999999999999998,-0.12000000000000002,False,True,True,True,True,False,False,77,243,101,87,-0.045112244784832,5163.87304687516,0.01722046490182529,63,74,True
0.0,0.18,-0.12000000000000002,False,True,True,True,True,False,False,81,280,84,69,-0.045112244784832,9374.966796875075,0.0192465802885261,72,76,True
0.0,0.2,-0.12000000000000002,False,True,True,True,True,False,False,61,224,117,113,-0.037088751792907715,11396.362038024501,0.03808423627945909,60,117,True
0.0,0.22000000000000003,-0.12000000000000002,False,True,True,True,True,False,False,53,191,88,68,-0.020959891378879547,7172.571289062767,0.016587978757276658,52,88,True
0.0,0.24000000000000005,-0.12000000000000002,False,True,True,True,True,False,False,41,142,61,56,-0.020959891378879547,7689.785156250062,0.015444711534717034,42,61,True
0.0,0.26000000000000006,-0.12000000000000002,True,False,True,True,True,True,False,32,114,55,48,-0.020959891378879547,6162.862767580157,0.022494045421940088,33,55,True
0.0,0.2800000000000001,-0.12000000000000002,True,False,True,True,True,True,False,30,110,53,49,-0.020959891378879547,7251.31405641096,0.032975721367943696,31,57,True
0.0,0.3,-0.12000000000000002,True,False,True,True,True,True,False,39,130,52,48,-0.02095990628004074,4599.491210937643,0.020308989817616585,39,56,True
0.0,0.32,-0.12000000000000002,True,False,True,True,True,True,False,35,124,43,36,-0.015396416187286377,7942.630844954261,0.005688001364445023,34,47,True
0.0,0.34,-0.12000000000000002,True,False,False,False,False,False,False,14,42,0,0,0.004430562257766724,0.0,1.4901161193847656e-08,13,0,False
0.0,0.36000000000000004,-0.12000000000000002,True,False,False,False,False,False,False,0,0,0,0,,0.0,1.4901161193847656e-08,0,0,False
0.0,0.38000000000000006,-0.12000000000000002,True,False,False,False,False,False,False,0,0,0,0,,0.0,1.4901161193847656e-08,0,0,False
0.0,0.4000000000000001,-0.12000000000000002,True,False,False,False,False,False,False,0,0,0,0,,0.0,1.4901161193847656e-08,0,0,False
0.0,0.42,-0.12000000000000002,True,False,False,False,False,False,False,0,0,0,0,,0.0,1.4901161193847656e-08,0,0,False
0.0,-0.42,-0.10000000000000003,True,False,False,False,False,False,False,0,0,0,0,,0.0,1.5017576543430167e-08,0,0,False
0.0,-0.39999999999999997,-0.10000000000000003,True,False,False,False,False,False,False,0,0,0,0,,0.0,1.5017576543430167e-08,0,0,False
0.0,-0.38,-0.10000000000000003,True,False,False,False,False,False,False,0,0,0,0,,0.0,1.5017576543430167e-08,0,0,False
0.0,-0.36,-0.10000000000000003,True,False,False,False,False,False,False,0,0,0,0,,0.0,1.5017576543430167e-08,0,0,False
0.0,-0.33999999999999997,-0.10000000000000003,True,False,False,False,False,False,False,16,55,0,0,0.006583452224731445,0.0,1.5017576543430167e-08,18,0,False
0.0,-0.31999999999999995,-0.10000000000000003,True,False,True,True,True,True,False,53,182,66,37,-0.013416588306427002,5579.076537462171,0.025609799330983597,46,66,True
0.0,-0.3,-0.10000000000000003,True,False,True,True,True,True,False,75,264,110,86,-0.020959846675395966,8049.86083984405,0.03521334497709243,56,92,True
0.0,-0.27999999999999997,-0.10000000000000003,True,False,True,True,True,True,False,69,238,103,93,-0.020959846675395966,8394.551757812813,0.04513715392878971,52,79,True
0.0,-0.26,-0.10000000000000003,True,False,True,True,True,True,False,69,224,83,76,-0.02095986157655716,8216.716796875306,0.02897718601896875,49,67,True
0.0,-0.24,-0.10000000000000003,False,True,True,True,True,False,False,74,273,140,111,-0.02095986157655716,8306.69238281281,0.013698666548028758,53,98,True
0.0,-0.21999999999999997,-0.10000000000000003,False,True,True,True,True,False,False,79,284,137,114,-0.02095986157655716,7364.490234375059,0.011226613871615203,61,110,True
0.0,-0.19999999999999998,-0.10000000000000003,False,True,True,True,True,False,False,85,286,122,84,-0.02095986157655716,6328.3789062502365,0.01367611401885066,61,99,True
0.0,-0.18,-0.10000000000000003,False,True,True,True,True,False,False,123,397,102,88,-0.02095986157655716,6052.943847656476,0.014201040256740342,88,86,True
0.0,-0.15999999999999998,-0.10000000000000003,False,True,True,True,True,False,False,128,433,199,146,-0.02095986157655716,7118.705668484169,0.00928837908156971,104,171,True
0.0,-0.13999999999999996,-0.10000000000000003,False,True,True,True,True,False,False,131,425,162,114,-0.020959876477718353,6123.825862176549,0.007834428796231967,119,141,True
0.0,-0.12,-0.10000000000000003,False,True,True,True,True,False,False,150,484,162,138,-0.020959876477718353,5792.391113281411,0.0074034960210261165,124,130,True
0.0,-0.09999999999999998,-0.10000000000000003,False,True,True,True,True,False,False,165,581,234,191,-0.020959876477718353,10426.586914062584,0.009914258335075529,137,195,True
0.0,-0.07999999999999996,-0.10000000000000003,False,True,True,True,True,False,False,159,567,248,208,-0.020959876477718353,7144.104505141598,0.015622138866975098,142,218,True
0.0,-0.06,-0.10000000000000003,False,True,True,True,True,False,False,147,511,218,182,-0.020959876477718353,7931.385253906546,0.011514656528802666,119,178,True
0.0,-0.03999999999999998,-0.10000000000000003,False,True,True,True,True,False,False,164,569,181,160,-0.020959876477718353,7903.479980469045,0.007972558727535497,131,147,True
0.0,-0.019999999999999962,-0.10000000000000003,False,True,True,True,True,False,False,148,530,263,225,-0.020959891378879547,7798.164550781541,0.011109765705418391,117,231,True
0.0,0.0,-0.10000000000000003,False,True,True,True,True,False,False,146,493,200,162,-0.020959891378879547,7772.95214843779,0.008165755925099454,121,166,True
0.0,0.020000000000000018,-0.10000000000000003,False,True,True,True,True,False,False,145,479,175,146,-0.020959891378879547,5239.3608398439455,0.010880429024464892,121,144,True
0.0,0.040000000000000036,-0.10000000000000003,False,True,True,True,True,False,False,160,541,174,130,-0.020959891378879547,5691.726074218962,0.01007539678375825,137,155,True
0.0,0.06,-0.10000000000000003,False,True,True,True,True,False,False,145,523,281,218,-0.020959891378879547,5233.574707031445,0.007022686151860517,118,229,True
0.0,0.08000000000000002,-0.10000000000000003,False,True,True,True,True,False,False,143,510,198,165,-0.024294309318065643,5717.569335937713,0.009555397192397157,123,159,True
0.0,0.10000000000000003,-0.10000000000000003,False,True,True,True,True,False,False,122,416,174,157,-0.031179890036582947,10283.865960204788,0.005669949693223084,108,148,True
0.0,0.12000000000000005,-0.10000000000000003,False,True,True,True,True,False,False,104,359,149,129,-0.03287127614021301,5488.844098543616,0.006411349321585581,95,129,True
0.0,0.14000000000000007,-0.10000000000000003,False,True,True,True,True,False,False,91,312,116,94,-0.024038583040237427,5511.990234375206,0.010113689135710443,75,104,True
0.0,0.15999999999999998,-0.10000000000000003,False,True,True,True,True,False,False,71,238,80,76,-0.021691277623176575,5162.9744485054325,0.010708427608002348,85,105,True
0.0,0.18,-0.10000000000000003,False,True,True,True,True,False,False,90,319,78,70,-0.023779064416885376,7615.597656250061,0.019384779238668163,91,93,True
0.0,0.2,-0.10000000000000003,False,True,True,True,True,False,False,72,266,145,135,-0.021304413676261902,5838.252929687717,0.0296324852783733,80,149,True
0.0,0.22000000000000003,-0.10000000000000003,False,True,True,True,True,False,False,63,220,99,77,-0.020959891378879547,8327.507812500311,0.01966845552019731,73,107,True
0.0,0.24000000000000005,-0.10000000000000003,False,True,True,True,True,False,False,44,153,73,60,-0.020959891378879547,7794.118652343812,0.016556076301981745,55,69,True
0.0,0.26000000000000006,-0.10000000000000003,True,False,True,True,True,True,False,35,123,67,52,-0.020959891378879547,5983.342416806239,0.029495993098503603,38,63,True
0.0,0.2800000000000001,-0.10000000000000003,True,False,True,True,True,True,False,33,119,65,53,-0.020959891378879547,5951.446676705985,0.049306573233008265,35,61,True
0.0,0.3,-0.10000000000000003,True,False,True,True,True,True,False,40,138,64,52,-0.020959891378879547,3710.6352539063882,0.014103696512867104,46,60,True
0.0,0.32,-0.10000000000000003,True,False,True,True,True,True,False,36,128,51,44,-0.015396416187286377,5551.857910156295,0.032851053784481464,41,51,True
0.0,0.34,-0.10000000000000003,True,False,False,False,False,False,False,13,46,0,0,0.004430562257766724,0.0,1.5017576543430167e-08,15,0,False
0.0,0.36000000000000004,-0.10000000000000003,True,False,False,False,False,False,False,0,0,0,0,,0.0,1.5017576543430167e-08,0,0,False
0.0,0.38000000000000006,-0.10000000000000003,True,False,False,False,False,False,False,0,0,0,0,,0.0,1.5017576543430167e-08,0,0,False
0.0,0.4000000000000001,-0.10000000000000003,True,False,False,False,False,False,False,0,0,0,0,,0.0,1.5017576543430167e-08,0,0,False
0.0,0.42,-0.10000000000000003,True,False,False,False,False,False,False,0,0,0,0,,0.0,1.5017576543430167e-08,0,0,False
0.0,-0.42,-0.08000000000000002,True,False,False,False,False,False,False,0,0,0,0,,0.0,1.4901161193847656e-08,0,0,False
0.0,-0.39999999999999997,-0.08000000000000002,True,False,False,False,False,False,False,0,0,0,0,,0.0,1.4901161193847656e-08,0,0,False
0.0,-0.38,-0.08000000000000002,True,False,False,False,False,False,False,0,0,0,0,,0.0,1.4901161193847656e-08,0,0,False
0.0,-0.36,-0.08000000000000002,True,False,False,False,False,False,False,0,0,0,0,,0.0,1.4901161193847656e-08,0,0,False
0.0,-0.33999999999999997,-0.08000000000000002,True,False,False,False,False,False,False,15,57,0,0,0.0065818727016448975,0.0,1.4901161193847656e-08,18,0,False
0.0,-0.31999999999999995,-0.08000000000000002,True,False,True,True,True,True,False,49,155,62,36,-0.013416588306427002,7360.299777113707,0.03050830713487452,56,73,True
0.0,-0.3,-0.08000000000000002,True,False,True,True,True,True,False,66,215,81,63,-0.020959846675395966,8210.341796875306,0.011791753257534683,75,108,True
0.0,-0.27999999999999997,-0.08000000000000002,True,False,True,True,True,True,False,61,204,69,65,-0.020959846675395966,8513.498046875318,0.04482208853654077,70,91,True
0.0,-0.26,-0.08000000000000002,True,False,True,True,True,True,False,58,188,62,55,-0.02095986157655716,8296.35546875031,0.02925402880818407,69,79,True
0.0,-0.24,-0.08000000000000002,False,True,True,True,True,False,False,73,245,91,78,-0.02095986157655716,8670.868164062824,0.015463639668926856,84,112,True
0.0,-0.21999999999999997,-0.08000000000000002,False,True,True,True,True,False,False,78,267,117,101,-0.02095986157655716,8317.82031250031,0.012130011601038958,102,138,True
0.0,-0.19999999999999998,-0.08000000000000002,False,True,True,True,True,False,False,84,262,102,76,-0.02095986157655716,6354.1171875000455,0.008802230819575948,109,145,True
0.0,-0.18,-0.08000000000000002,False,True,True,True,True,False,False,115,383,92,81,-0.02095986157655716,7103.909179687556,0.01033487933665084,130,125,True
0.0,-0.15999999999999998,-0.08000000000000002,False,True,True,True,True,False,False,113,390,168,128,-0.02095986157655716,6706.6098632815,0.0063811410953474295,126,177,True
0.0,-0.13999999999999996,-0.08000000000000002,False,True,True,True,True,False,False,114,369,124,104,-0.02095986157655716,6352.186523437737,0.006367537328140342,128,140,True
0.0,-0.12,-0.08000000000000002,False,True,True,True,True,False,False,119,378,114,103,-0.020959876477718353,6939.896972656508,0.007940266377825536,135,147,True
0.0,-0.09999999999999998,-0.08000000000000002,False,True,True,True,True,False,False,130,431,170,137,-0.021526046097278595,11177.81640625009,0.009311034602948645,152,199,True
0.0,-0.07999999999999996,-0.08000000000000002,False,True,True,True,True,False,False,126,446,194,174,-0.020959876477718353,8117.780273437803,0.011091854747229932,155,215,True
0.0,-0.06,-0.08000000000000002,False,True,True,True,True,False,False,109,383,164,151,-0.020959876477718353,8138.290039062804,0.0062970158370053335,135,185,True
0.0,-0.03999999999999998,-0.08000000000000002,False,True,True,True,True,False,False,123,436,143,134,-0.020959876477718353,8079.690429687801,0.0059100505961887165,150,151,True
0.0,-0.019999999999999962,-0.08000000000000002,False,True,True,True,True,False,False,113,413,224,213,-0.02226322889328003,8149.885742187804,0.0075151745803688445,150,239,True
0.0,0.0,-0.08000000000000002,False,True,True,True,True,False,False,111,392,162,142,-0.02226322889328003,8099.158691406552,0.011577895041351111,149,174,True
0.0,0.020000000000000018,-0.08000000000000002,False,True,True,True,True,False,False,109,373,137,120,-0.021946653723716736,8866.153320312831,0.007555790146569502,148,157,True
0.0,0.040000000000000036,-0.08000000000000002,False,True,True,True,True,False,False,132,464,151,117,-0.020959891378879547,8063.772949219051,0.009569537443972268,158,165,True
0.0,0.06,-0.08000000000000002,False,True,True,True,True,False,False,133,473,233,201,-0.020959891378879547,6554.516113281495,0.009335799059779803,144,247,True
0.0,0.08000000000000002,-0.08000000000000002,False,True,True,True,True,False,False,144,493,174,156,-0.020959891378879547,6240.123046875233,0.013258436434140274,150,189,True
0.0,0.10000000000000003,-0.08000000000000002,False,True,True,True,True,False,False,127,414,175,149,-0.020959876477718353,8085.975670417872,0.007767948146491974,151,202,True
0.0,0.12000000000000005,-0.08000000000000002,False,True,True,True,True,False,False,107,378,143,126,-0.020959876477718353,6166.095703125229,0.011741643049888319,115,137,True
0.0,0.14000000000000007,-0.08000000000000002,False,True,True,True,True,False,False,84,293,122,87,-0.020959876477718353,5700.297851562713,0.009042036443076794,98,121,True
0.0,0.15999999999999998,-0.08000000000000002,False,True,True,True,True,False,False,76,265,104,81,-0.020959876477718353,5428.698259528947,0.006350968618437759,96,121,True
0.0,0.18,-0.08000000000000002,False,True,True,True,True,False,False,94,323,94,76,-0.020959876477718353,5184.465332031444,0.019068603314382208,123,125,True
0.0,0.2,-0.08000000000000002,False,True,True,True,True,False,False,84,294,149,133,-0.022264987230300903,6716.52929687525,0.022515538802782602,118,169,True
0.0,0.22000000000000003,-0.08000000000000002,False,True,True,True,True,False,False,79,257,107,83,-0.022264987230300903,7371.249511719025,0.019177779261806367,94,116,True
0.0,0.24000000000000005,-0.08000000000000002,False,True,True,True,True,False,False,56,187,69,64,-0.022264987230300903,7670.449433951208,0.015165124484565673,68,93,True
0.0,0.26000000000000006,-0.08000000000000002,True,False,True,True,True,True,False,36,127,63,56,-0.022264987230300903,7070.583247515796,0.017406564932606353,52,75,True
0.0,0.2800000000000001,-0.08000000000000002,True,False,True,True,True,True,False,33,121,61,57,-0.022264979779720306,8445.830082702634,0.027191722990425445,57,73,True
0.0,0.3,-0.08000000000000002,True,False,True,True,True,True,False,44,145,60,56,-0.022264979779720306,6580.051757812746,0.016670063471042124,57,72,True
0.0,0.32,-0.08000000000000002,True,False,True,True,True,True,False,38,129,50,43,-0.015396416187286377,7672.927852150651,0.011629205740246855,45,55,True
0.0,0.34,-0.08000000000000002,True,False,False,False,False,False,False,14,49,0,0,0.004430562257766724,0.0,1.4901161193847656e-08,14,0,False
0.0,0.36000000000000004,-0.08000000000000002,True,False,False,False,False,False,False,0,0,0,0,,0.0,1.4901161193847656e-08,0,0,False
0.0,0.38000000000000006,-0.08000000000000002,True,False,False,False,False,False,False,0,0,0,0,,0.0,1.4901161193847656e-08,0,0,False
0.0,0.4000000000000001,-0.08000000000000002,True,False,False,False,False,False,False,0,0,0,0,,0.0,1.4901161193847656e-08,0,0,False
0.0,0.42,-0.08000000000000002,True,False,False,False,False,False,False,0,0,0,0,,0.0,1.4901161193847656e-08,0,0,False
0.0,-0.42,-0.06,True,False,False,False,False,False,False,0,0,0,0,,0.0,1.4901161193847656e-08,0,0,False
0.0,-0.39999999999999997,-0.06,True,False,False,False,False,False,False,0,0,0,0,,0.0,1.4901161193847656e-08,0,0,False
0.0,-0.38,-0.06,True,False,False,False,False,False,False,0,0,0,0,,0.0,1.4901161193847656e-08,0,0,False
0.0,-0.36,-0.06,True,False,False,False,False,False,False,0,0,0,0,,0.0,1.4901161193847656e-08,0,0,False
0.0,-0.33999999999999997,-0.06,True,False,False,False,False,False,False,25,67,0,0,0.00657905638217926,0.0,1.4901161193847656e-08,28,0,False
0.0,-0.31999999999999995,-0.06,True,False,True,True,True,True,False,52,186,63,37,-0.013416588306427002,5728.008194838908,0.023094895204444854,70,74,True
0.0,-0.3,-0.06,True,False,True,True,True,True,False,70,234,81,63,-0.02095983177423477,7846.646484375293,0.016615878593316435,93,108,True
0.0,-0.27999999999999997,-0.06,True,False,True,True,True,True,False,60,209,69,61,-0.02095983177423477,8113.020507812803,0.04230651538032844,85,91,True
0.0,-0.26,-0.06,True,False,True,True,True,True,False,63,215,66,51,-0.02095983177423477,7986.799804687797,0.02197181131758293,89,75,True
0.0,-0.24,-0.06,False,True,True,True,True,False,False,70,240,95,75,-0.02095983177423477,8926.837890625333,0.01770752641352498,105,116,True
0.0,-0.21999999999999997,-0.06,False,True,True,True,True,False,False,80,275,115,101,-0.020959846675395966,8076.167480469051,0.014660418761850655,123,151,True
0.0,-0.19999999999999998,-0.06,False,True,True,True,True,False,False,89,290,107,85,-0.02208288013935089,6246.258789062733,0.019118152798993877,138,154,True
0.0,-0.18,-0.06,False,True,True,True,True,False,False,107,353,83,71,-0.03950010985136032,7466.123535156309,0.019423886672839372,159,135,True
0.0,-0.15999999999999998,-0.06,False,True,True,True,True,False,False,107,356,131,102,-0.02694634348154068,5945.081884240857,0.008010973757351356,161,185,True
0.0,-0.13999999999999996,-0.06,False,True,True,True,True,False,False,106,338,94,88,-0.02442854642868042,5442.699707031453,0.003923555594720279,165,146,True
0.0,-0.12,-0.06,False,True,True,True,True,False,False,130,388,97,87,-0.02486053854227066,4790.750000000178,0.006577378570665494,202,178,True
0.0,-0.09999999999999998,-0.06,False,True,True,True,True,False,False,142,478,150,126,-0.02095986157655716,7228.679687500057,0.007394612482008525,218,246,True
0.0,-0.07999999999999996,-0.06,False,True,True,True,True,False,False,148,491,148,130,-0.02095986157655716,8050.82666015655,0.011275719234897728,207,255,True
0.0,-0.06,-0.06,False,True,True,True,True,False,False,135,449,142,128,-0.02095986157655716,6930.317871094008,0.00601290723813741,181,219,True
0.0,-0.03999999999999998,-0.06,False,True,True,True,True,False,False,162,530,134,121,-0.02095986157655716,6806.895019531504,0.005525403573354789,204,194,True
0.0,-0.019999999999999962,-0.06,False,True,True,True,True,False,False,163,548,205,179,-0.02095986157655716,8102.667968750302,0.0036869988241665496,196,287,True
0.0,0.0,-0.06,False,True,True,True,True,False,False,165,534,153,132,-0.02095986157655716,8139.856933594054,0.008411813918842563,201,227,True
0.0,0.020000000000000018,-0.06,False,True,True,True,True,False,False,152,486,129,111,-0.020959876477718353,5626.96386718758,0.004706523266794753,183,168,True
0.0,0.040000000000000036,-0.06,False,True,True,True,True,False,False,178,561,143,116,-0.020959876477718353,5808.9267578127165,0.0024302016381795325,199,173,True
0.0,0.06,-0.06,False,True,True,True,True,False,False,173,583,218,180,-0.020959876477718353,6625.5288085939965,0.007232892416354597,177,276,True
0.0,0.08000000000000002,-0.06,False,True,True,True,True,False,False,179,600,180,154,-0.020959876477718353,7453.497558594028,0.01250988953415444,172,193,True
0.0,0.10000000000000003,-0.06,False,True,True,True,True,False,False,171,548,188,166,-0.02095986157655716,8857.054483601083,0.008827612195320977,168,168,True
0.0,0.12000000000000005,-0.06,False,True,True,True,True,False,False,157,507,142,121,-0.02095986157655716,7089.032226562765,0.008439560499221833,148,143,True
0.0,0.14000000000000007,-0.06,False,True,True,True,True,False,False,125,408,116,99,-0.02095986157655716,6525.512207031493,0.008725874909585856,122,104,True
0.0,0.15999999999999998,-0.06,False,True,True,True,True,False,False,118,387,111,96,-0.02095986157655716,6054.22608349485,0.0133976369638197,112,96,True
0.0,0.18,-0.06,False,True,True,True,True,False,False,151,480,125,108,-0.020959876477718353,7864.223144531313,0.012994069552677564,141,89,True
0.0,0.2,-0.06,False,True,True,True,True,False,False,149,485,171,164,-0.020959876477718353,5975.290527343973,0.013971059697195323,127,166,True
0.0,0.22000000000000003,-0.06,False,True,True,True,True,False,False,129,425,131,93,-0.020959876477718353,7972.175292969047,0.014382466667155019,108,117,True
0.0,0.24000000000000005,-0.06,False,True,True,True,True,False,False,102,328,112,95,-0.020959876477718353,7686.545898437562,0.012217727515842538,85,84,True
0.0,0.26000000000000006,-0.06,True,False,True,True,True,True,False,84,281,75,68,-0.020959876477718353,6632.406250000247,0.01684162291561018,74,64,True
0.0,0.2800000000000001,-0.06,True,False,True,True,True,True,False,75,242,73,66,-0.020959876477718353,7339.752688968975,0.027559428928197308,61,65,True
0.0,0.3,-0.06,True,False,True,True,True,True,False,86,283,72,64,-0.020959891378879547,5626.37451171896,0.00845272903033114,71,59,True
0.0,0.32,-0.06,True,False,True,True,True,True,False,68,197,56,52,-0.015396416187286377,8034.708496093814,0.018232221073049934,55,44,True
0.0,0.34,-0.06,True,False,False,False,False,False,False,21,61,0,0,0.004427388310432434,0.0,1.4901161193847656e-08,19,0,False
0.0,0.36000000000000004,-0.06,True,False,False,False,False,False,False,0,0,0,0,,0.0,1.4901161193847656e-08,0,0,False
0.0,0.38000000000000006,-0.06,True,False,False,False,False,False,False,0,0,0,0,,0.0,1.4901161193847656e-08,0,0,False
0.0,0.4000000000000001,-0.06,True,False,False,False,False,False,False,0,0,0,0,,0.0,1.4901161193847656e-08,0,0,False
0.0,0.42,-0.06,True,False,False,False,False,False,False,0,0,0,0,,0.0,1.4901161193847656e-08,0,0,False
0.0,-0.42,-0.040000000000000036,True,False,False,False,False,False,False,0,0,0,0,,0.0,1.4901161193847656e-08,0,0,False
0.0,-0.39999999999999997,-0.040000000000000036,True,False,False,False,False,False,False,0,0,0,0,,0.0,1.4901161193847656e-08,0,0,False
0.0,-0.38,-0.040000000000000036,True,False,False,False,False,False,False,0,0,0,0,,0.0,1.4901161193847656e-08,0,0,False
0.0,-0.36,-0.040000000000000036,True,False,False,False,False,False,False,0,0,0,0,,0.0,1.4901161193847656e-08,0,0,False
0.0,-0.33999999999999997,-0.040000000000000036,True,False,False,False,False,False,False,25,76,0,0,0.006578236818313599,0.0,1.4901161193847656e-08,28,0,False
0.0,-0.31999999999999995,-0.040000000000000036,True,False,True,True,True,True,False,54,193,83,53,-0.013416588306427002,6550.2514405919355,0.03564441045012364,78,94,True
0.0,-0.3,-0.040000000000000036,True,False,True,True,True,True,False,68,237,117,72,-0.02095983177423477,7442.117187500277,0.04360159355509248,103,160,True
0.0,-0.27999999999999997,-0.040000000000000036,True,False,True,True,True,True,False,66,230,105,87,-0.02095983177423477,7269.994628906521,0.061622219120468925,98,153,True
0.0,-0.26,-0.040000000000000036,True,False,True,True,True,True,False,65,226,100,76,-0.02095983177423477,6268.935137688406,0.02732882716102797,98,123,True
0.0,-0.24,-0.040000000000000036,False,True,True,True,True,False,False,76,273,136,109,-0.02095983177423477,7209.805175781518,0.007866371988662376,105,182,True
0.0,-0.21999999999999997,-0.040000000000000036,False,True,True,True,True,False,False,92,321,141,111,-0.02095983177423477,7719.924804687787,0.00844673133418764,123,179,True
0.0,-0.19999999999999998,-0.040000000000000036,False,True,True,True,True,False,False,101,335,151,94,-0.020959846675395966,7042.446289062556,0.008740805708346977,136,174,True
0.0,-0.18,-0.040000000000000036,False,True,True,True,True,False,False,117,410,130,106,-0.020959846675395966,7556.496582031311,0.012363507358519085,158,157,True
0.0,-0.15999999999999998,-0.040000000000000036,False,True,True,True,True,False,False,111,397,178,128,-0.020959846675395966,7526.7638169779475,0.010459430693905739,159,211,True
0.0,-0.13999999999999996,-0.040000000000000036,False,True,True,True,True,False,False,132,430,141,114,-0.020959846675395966,6905.806152344007,0.009274579215584522,174,157,True
0.0,-0.12,-0.040000000000000036,False,True,True,True,True,False,False,143,472,179,140,-0.020959846675395966,5787.294921875216,0.006823741976899028,192,198,True
0.0,-0.09999999999999998,-0.040000000000000036,False,True,True,True,True,False,False,148,523,229,175,-0.020959846675395966,8782.757812500071,0.00495281870388209,208,260,True
0.0,-0.07999999999999996,-0.040000000000000036,False,True,True,True,True,False,False,140,499,210,171,-0.02095986157655716,7722.460449219038,0.007320775772225228,194,245,True
0.0,-0.06,-0.040000000000000036,False,True,True,True,True,False,False,123,442,206,172,-0.02095986157655716,7959.5415039065465,0.004416515164713988,165,232,True
0.0,-0.03999999999999998,-0.040000000000000036,False,True,True,True,True,False,False,141,514,180,147,-0.03734532743692398,9632.469726562602,0.006738745661749284,174,201,True
0.0,-0.019999999999999962,-0.040000000000000036,False,True,True,True,True,False,False,149,523,277,243,-0.04165385290980339,6648.816894531497,0.009312140075257467,173,299,True
0.0,0.0,-0.040000000000000036,False,True,True,True,True,False,False,151,545,232,179,-0.035709135234355927,7870.111328125294,0.00529726048431971,173,246,True
0.0,0.020000000000000018,-0.040000000000000036,False,True,True,True,True,False,False,141,488,191,153,-0.025701262056827545,5589.467773437708,0.002997677717115958,168,205,True
0.0,0.040000000000000036,-0.040000000000000036,False,True,True,True,True,False,False,161,550,194,150,-0.020959876477718353,6279.555175781485,0.004043130453488802,185,210,True
0.0,0.06,-0.040000000000000036,False,True,True,True,True,False,False,147,543,281,235,-0.020959876477718353,6078.7783203127265,0.003053641406324938,171,330,True
0.0,0.08000000000000002,-0.040000000000000036,False,True,True,True,True,False,False,153,557,230,198,-0.020959876477718353,6130.596679687728,0.0028225636677744106,169,249,True
0.0,0.10000000000000003,-0.040000000000000036,False,True,True,True,True,False,False,154,532,234,198,-0.02095986157655716,8525.85748353053,0.010120924286670895,168,246,True
0.0,0.12000000000000005,-0.040000000000000036,False,True,True,True,True,False,False,142,510,217,175,-0.02095986157655716,6109.597656250049,0.009991833456819647,148,225,True
0.0,0.14000000000000007,-0.040000000000000036,False,True,True,True,True,False,False,126,432,154,123,-0.02095986157655716,5528.5849609377065,0.01038387381329492,132,162,True
0.0,0.15999999999999998,-0.040000000000000036,False,True,True,True,True,False,False,102,347,138,116,-0.02095986157655716,6694.369140625249,0.007693317066071878,106,146,True
0.0,0.18,-0.040000000000000036,False,True,True,True,True,False,False,135,468,156,126,-0.02095986157655716,6260.395507812733,0.010140662169760084,136,156,True
0.0,0.2,-0.040000000000000036,False,True,True,True,True,False,False,123,430,221,192,-0.020959876477718353,7572.936523437782,0.01129090850017991,122,221,True
0.0,0.22000000000000003,-0.040000000000000036,False,True,True,True,True,False,False,108,386,168,119,-0.020959876477718353,7052.247558594013,0.011003001516967644,107,168,True
0.0,0.24000000000000005,-0.040000000000000036,False,True,True,True,True,False,False,84,284,133,116,-0.020959876477718353,8929.940429687571,0.013479610241312827,84,133,True
0.0,0.26000000000000006,-0.040000000000000036,True,False,True,True,True,True,False,67,239,120,99,-0.020959876477718353,6013.181144259936,0.012665029787412331,65,120,True
0.0,0.2800000000000001,-0.040000000000000036,True,False,True,True,True,True,False,63,224,123,101,-0.020959876477718353,7492.388078269878,0.033274327231561755,61,116,True
0.0,0.3,-0.040000000000000036,True,False,True,True,True,True,False,69,231,112,93,-0.020959876477718353,4486.915527343917,0.017632639522135063,65,108,True
0.0,0.32,-0.040000000000000036,True,False,True,True,True,True,False,58,199,68,61,-0.015396416187286377,7186.465820312557,0.03917851463927794,57,68,True
0.0,0.34,-0.040000000000000036,True,False,False,False,False,False,False,22,64,0,0,0.004426747560501099,0.0,1.4901161193847656e-08,22,0,False
0.0,0.36000000000000004,-0.040000000000000036,True,False,False,False,False,False,False,0,0,0,0,,0.0,1.4901161193847656e-08,0,0,False
0.0,0.38000000000000006,-0.040000000000000036,True,False,False,False,False,False,False,0,0,0,0,,0.0,1.4901161193847656e-08,0,0,False
0.0,0.4000000000000001,-0.040000000000000036,True,False,False,False,False,False,False,0,0,0,0,,0.0,1.4901161193847656e-08,0,0,False
0.0,0.42,-0.040000000000000036,True,False,False,False,False,False,False,0,0,0,0,,0.0,1.4901161193847656e-08,0,0,False
0.0,-0.42,-0.020000000000000018,True,False,False,False,False,False,False,0,0,0,0,,0.0,1.4901161193847656e-08,0,0,False
0.0,-0.39999999999999997,-0.020000000000000018,True,False,False,False,False,False,False,0,0,0,0,,0.0,1.4901161193847656e-08,0,0,False
0.0,-0.38,-0.020000000000000018,True,False,False,False,False,False,False,0,0,0,0,,0.0,1.4901161193847656e-08,0,0,False
0.0,-0.36,-0.020000000000000018,True,False,False,False,False,False,False,0,0,0,0,,0.0,1.4901161193847656e-08,0,0,False
0.0,-0.33999999999999997,-0.020000000000000018,True,False,False,False,False,False,False,18,59,0,0,0.006578236818313599,0.0,1.4901161193847656e-08,22,0,False
0.0,-0.31999999999999995,-0.020000000000000018,True,False,True,True,True,True,False,43,144,67,45,-0.013416588306427002,5540.206066958655,0.056808148505371185,61,78,True
0.0,-0.3,-0.020000000000000018,True,False,True,True,True,True,False,64,213,89,59,-0.02095983177423477,5363.63525390645,0.030310431101682942,83,127,True
0.0,-0.27999999999999997,-0.020000000000000018,True,False,True,True,True,True,False,59,203,79,67,-0.02095983177423477,6460.258300781491,0.05034438883091931,77,112,True
0.0,-0.26,-0.020000000000000018,True,False,True,True,True,True,False,61,211,76,57,-0.02095983177423477,5979.5655422934215,0.026107825068715094,75,94,True
0.0,-0.24,-0.020000000000000018,False,True,True,True,True,False,False,65,237,125,89,-0.02095983177423477,6890.0952148438055,0.013436033894299376,79,152,True
0.0,-0.21999999999999997,-0.020000000000000018,False,True,True,True,True,False,False,77,264,118,96,-0.02095983177423477,6188.62207031273,0.008434005678269744,91,152,True
0.0,-0.19999999999999998,-0.020000000000000018,False,True,True,True,True,False,False,89,282,109,90,-0.02095983177423477,6087.872070312727,0.00902123402756781,99,145,True
0.0,-0.18,-0.020000000000000018,False,True,True,True,True,False,False,97,317,111,92,-0.020959846675395966,5939.213378906415,0.009506719091931022,117,131,True
0.0,-0.15999999999999998,-0.020000000000000018,False,True,True,True,True,False,False,105,347,137,97,-0.020959846675395966,5944.151056471664,0.007954660366229029,115,181,True
0.0,-0.13999999999999996,-0.020000000000000018,False,True,True,True,True,False,False,113,370,125,96,-0.020959846675395966,6302.963867187736,0.00369989873738849,122,127,True
0.0,-0.12,-0.020000000000000018,False,True,True,True,True,False,False,134,427,153,118,-0.020959846675395966,5708.627441406463,0.005901175850349488,141,157,True
0.0,-0.09999999999999998,-0.020000000000000018,False,True,True,True,True,False,False,138,466,192,152,-0.020959846675395966,10653.612304687585,0.006744694884994569,150,217,True
0.0,-0.07999999999999996,-0.020000000000000018,False,True,True,True,True,False,False,131,451,192,150,-0.020959846675395966,7326.405273437773,0.00795483221116354,141,204,True
0.0,-0.06,-0.020000000000000018,False,True,True,True,True,False,False,119,417,175,133,-0.02095986157655716,7384.706542969026,0.006672626303151155,118,190,True
0.0,-0.03999999999999998,-0.020000000000000018,False,True,True,True,True,False,False,142,495,161,127,-0.02095986157655716,7421.6025390627765,0.0044223997652891684,137,157,True
0.0,-0.019999999999999962,-0.020000000000000018,False,True,True,True,True,False,False,138,481,264,235,-0.02095986157655716,7429.6606445315265,0.006437934034333849,134,262,True
0.0,0.0,-0.020000000000000018,False,True,True,True,True,False,False,151,512,218,162,-0.02095986157655716,7426.5322265627765,0.008620069695285709,143,212,True
0.0,0.020000000000000018,-0.020000000000000018,False,True,True,True,True,False,False,135,443,178,148,-0.02095986157655716,7238.904296875269,0.009349456502562059,130,167,True
0.0,0.040000000000000036,-0.020000000000000018,False,True,True,True,True,False,False,145,482,174,138,-0.02095986157655716,6698.12500000025,0.008929172161790335,150,174,True
0.0,0.06,-0.020000000000000018,False,True,True,True,True,False,False,143,508,248,203,-0.02095986157655716,6430.57324218774,0.009476008175571838,150,273,True
0.0,0.08000000000000002,-0.020000000000000018,False,True,True,True,True,False,False,140,496,210,182,-0.020959876477718353,6462.598144531491,0.007158962028773614,149,210,True
0.0,0.10000000000000003,-0.020000000000000018,False,True,True,True,True,False,False,143,486,202,175,-0.02095986157655716,8697.879883857744,0.00826011385181525,146,210,True
0.0,0.12000000000000005,-0.020000000000000018,False,True,True,True,True,False,False,129,459,183,154,-0.02095986157655716,6493.302246093992,0.007581312892262771,134,187,True
0.0,0.14000000000000007,-0.020000000000000018,False,True,True,True,True,False,False,113,379,124,104,-0.02095986157655716,6436.76269531274,0.009479229197433936,115,131,True
0.0,0.15999999999999998,-0.020000000000000018,False,True,True,True,True,False,False,89,298,109,97,-0.02095986157655716,6229.774414062732,0.012420753511946263,96,115,True
0.0,0.18,-0.020000000000000018,False,True,True,True,True,False,False,117,408,126,114,-0.02095986157655716,7466.042480468809,0.007276348542637629,124,133,True
0.0,0.2,-0.020000000000000018,False,True,True,True,True,False,False,107,377,188,184,-0.02095986157655716,6688.599121093999,0.011104838397173114,111,194,True
0.0,0.22000000000000003,-0.020000000000000018,False,True,True,True,True,False,False,90,319,140,110,-0.020959876477718353,6534.269042968994,0.009111164949712921,93,146,True
0.0,0.24000000000000005,-0.020000000000000018,False,True,True,True,True,False,False,70,231,106,101,-0.020959876477718353,7452.072753906309,0.014759023117533462,73,113,True
0.0,0.26000000000000006,-0.020000000000000018,True,False,True,True,True,True,False,57,191,93,83,-0.020959876477718353,5972.424316406473,0.01626947295100772,58,100,True
0.0,0.2800000000000001,-0.020000000000000018,True,False,True,True,True,True,False,57,189,89,85,-0.020959876477718353,5964.576660156472,0.06112311777534727,57,95,True
0.0,0.3,-0.020000000000000018,True,False,True,True,True,True,False,58,191,86,78,-0.020959876477718353,6392.833984375238,0.017243500962363906,61,86,True
0.0,0.32,-0.020000000000000018,True,False,True,True,True,True,False,45,159,56,52,-0.015421509742736816,7526.382890550563,0.02627113417370691,45,56,True
0.0,0.34,-0.020000000000000018,True,False,False,False,False,False,False,18,61,0,0,0.004426747560501099,0.0,1.4901161193847656e-08,18,0,False
0.0,0.36000000000000004,-0.020000000000000018,True,False,False,False,False,False,False,0,0,0,0,,0.0,1.4901161193847656e-08,0,0,False
0.0,0.38000000000000006,-0.020000000000000018,True,False,False,False,False,False,False,0,0,0,0,,0.0,1.4901161193847656e-08,0,0,False
0.0,0.4000000000000001,-0.020000000000000018,True,False,False,False,False,False,False,0,0,0,0,,0.0,1.4901161193847656e-08,0,0,False
0.0,0.42,-0.020000000000000018,True,False,False,False,False,False,False,0,0,0,0,,0.0,1.4901161193847656e-08,0,0,False
0.0,-0.42,0.0,True,False,False,False,False,False,False,0,0,0,0,,0.0,1.4901161193847656e-08,0,0,False
0.0,-0.39999999999999997,0.0,True,False,False,False,False,False,False,0,0,0,0,,0.0,1.4901161193847656e-08,0,0,False
0.0,-0.38,0.0,True,False,False,False,False,False,False,0,0,0,0,,0.0,1.4901161193847656e-08,0,0,False
0.0,-0.36,0.0,True,False,False,False,False,False,False,0,0,0,0,,0.0,1.4901161193847656e-08,0,0,False
0.0,-0.33999999999999997,0.0,True,False,False,False,False,False,False,16,57,0,0,0.006578236818313599,0.0,1.4901161193847656e-08,20,0,False
0.0,-0.31999999999999995,0.0,True,False,True,True,True,True,False,37,126,55,45,-0.013416588306427002,5541.5417863215,0.048910705417843356,58,78,True
0.0,-0.3,0.0,True,False,True,True,True,True,False,56,167,74,48,-0.020959816873073578,5940.691406250221,0.024440575846300456,82,130,True
0.0,-0.27999999999999997,0.0,True,False,True,True,True,True,False,46,145,65,42,-0.02095983177423477,7578.750488281533,0.059620420171302584,77,112,True
0.0,-0.26,0.0,True,False,True,True,True,True,False,46,148,69,42,-0.02095983177423477,7135.6748046877665,0.022926154561144045,74,94,True
0.0,-0.24,0.0,False,True,True,True,True,False,False,58,190,81,61,-0.02095983177423477,7527.236816406531,0.018661996345530105,80,152,True
0.0,-0.21999999999999997,0.0,False,True,True,True,True,False,False,62,199,78,59,-0.02095983177423477,6507.772949218802,0.01829709355073825,90,152,True
0.0,-0.19999999999999998,0.0,False,True,True,True,True,False,False,68,205,82,62,-0.02095983177423477,5916.44628906272,0.015463775104913143,98,145,True
0.0,-0.18,0.0,False,True,True,True,True,False,False,86,242,77,64,-0.02095983177423477,8158.3125000000655,0.007354971850290777,118,131,True
0.0,-0.15999999999999998,0.0,False,True,True,True,True,False,False,92,295,104,76,-0.020959846675395966,6855.087402344006,0.010560619478180338,116,182,True
0.0,-0.13999999999999996,0.0,False,True,True,True,True,False,False,100,312,100,74,-0.020959846675395966,6816.331054687754,0.009162376077073929,122,127,True
0.0,-0.12,0.0,False,True,True,True,True,False,False,111,339,126,98,-0.020959846675395966,6490.550292968992,0.006930869760667333,138,161,True
0.0,-0.09999999999999998,0.0,False,True,True,True,True,False,False,115,365,146,122,-0.020959846675395966,9914.192068452074,0.00576740798369024,144,221,True
0.0,-0.07999999999999996,0.0,False,True,True,True,True,False,False,107,359,143,114,-0.020959846675395966,9162.532226562842,0.006078912207652257,133,208,True
0.0,-0.06,0.0,False,True,True,True,True,False,False,97,331,125,109,-0.020959846675395966,8737.838867187826,0.005096059704629929,109,194,True
0.0,-0.03999999999999998,0.0,False,True,True,True,True,False,False,111,381,120,98,-0.02095986157655716,7633.270996094035,0.0067224351701430365,127,158,True
0.0,-0.019999999999999962,0.0,False,True,True,True,True,False,False,126,443,207,173,-0.02095986157655716,7267.505859375271,0.00594666021621274,127,247,True
0.0,0.0,0.0,False,True,True,True,True,False,False,130,440,164,130,-0.02095986157655716,6872.4497070315065,0.00949773218749986,132,197,True
0.0,0.020000000000000018,0.0,False,True,True,True,True,False,False,122,409,140,124,-0.02095986157655716,6849.466308594005,0.009889678510492729,116,140,True
0.0,0.040000000000000036,0.0,False,True,True,True,True,False,False,132,455,159,131,-0.02095986157655716,6751.061035156502,0.007561469281733274,135,168,True
0.0,0.06,0.0,False,True,True,True,True,False,False,137,498,221,189,-0.02095986157655716,6830.285156250255,0.008272065162646225,131,275,True
0.0,0.08000000000000002,0.0,False,True,True,True,True,False,False,127,456,213,176,-0.02095986157655716,6748.603027344002,0.010848946314719582,135,210,True
0.0,0.10000000000000003,0.0,False,True,True,True,True,False,False,136,454,188,157,-0.020959846675395966,8382.33666071167,0.010836748017498862,135,206,True
0.0,0.12000000000000005,0.0,False,True,True,True,True,False,False,123,418,177,149,-0.02095986157655716,6609.9194335939965,0.010573821547728773,123,194,True
0.0,0.14000000000000007,0.0,False,True,True,True,True,False,False,105,352,120,104,-0.02095986157655716,6783.159667969003,0.008936374153538576,104,144,True
0.0,0.15999999999999998,0.0,False,True,True,True,True,False,False,86,282,102,90,-0.02095986157655716,6799.707031250254,0.007287139763220315,85,124,True
0.0,0.18,0.0,False,True,True,True,True,False,False,117,392,122,107,-0.02095986157655716,7375.613769531309,0.006446757450603956,119,122,True
0.0,0.2,0.0,False,True,True,True,True,False,False,110,382,203,179,-0.02095986157655716,6796.641113281503,0.01055682113895275,110,184,True
0.0,0.22000000000000003,0.0,False,True,True,True,True,False,False,89,321,157,111,-0.02095986157655716,7446.127929687777,0.007636966020688954,87,140,True
0.0,0.24000000000000005,0.0,False,True,True,True,True,False,False,67,233,116,103,-0.020959876477718353,7972.412597656547,0.018317753442155416,67,105,True
0.0,0.26000000000000006,0.0,True,False,True,True,True,True,False,53,189,92,82,-0.020959876477718353,6895.489198598161,0.02096490547587283,53,92,True
0.0,0.2800000000000001,0.0,True,False,True,True,True,True,False,49,176,85,81,-0.020959876477718353,6967.35742187526,0.05287119499903898,49,85,True
0.0,0.3,0.0,True,False,True,True,True,True,False,52,176,90,74,-0.020959876477718353,6554.354492187745,0.02489881343339073,54,86,True
0.0,0.32,0.0,True,False,True,True,True,True,False,42,148,56,52,-0.015421509742736816,7316.167480468808,0.02321480054942899,42,56,True
0.0,0.34,0.0,True,False,False,False,False,False,False,16,55,0,0,0.004426747560501099,0.0,1.4901161193847656e-08,15,0,False
0.0,0.36000000000000004,0.0,True,False,False,False,False,False,False,0,0,0,0,,0.0,1.4901161193847656e-08,0,0,False
0.0,0.38000000000000006,0.0,True,False,False,False,False,False,False,0,0,0,0,,0.0,1.4901161193847656e-08,0,0,False
0.0,0.4000000000000001,0.0,True,False,False,False,False,False,False,0,0,0,0,,0.0,1.4901161193847656e-08,0,0,False
0.0,0.42,0.0,True,False,False,False,False,False,False,0,0,0,0,,0.0,1.4901161193847656e-08,0,0,False
0.0,-0.42,0.019999999999999962,True,False,False,False,False,False,False,0,0,0,0,,0.0,1.4901161193847656e-08,0,0,False
0.0,-0.39999999999999997,0.019999999999999962,True,False,False,False,False,False,False,0,0,0,0,,0.0,1.4901161193847656e-08,0,0,False
0.0,-0.38,0.019999999999999962,True,False,False,False,False,False,False,0,0,0,0,,0.0,1.4901161193847656e-08,0,0,False
0.0,-0.36,0.019999999999999962,True,False,False,False,False,False,False,0,0,0,0,,0.0,1.4901161193847656e-08,0,0,False
0.0,-0.33999999999999997,0.019999999999999962,True,False,False,False,False,False,False,16,57,0,0,0.006578236818313599,0.0,1.4901161193847656e-08,20,0,False
0.0,-0.31999999999999995,0.019999999999999962,True,False,True,True,True,True,False,29,103,55,45,-0.013416588306427002,4251.873189245969,0.047469550754985844,60,82,True
0.0,-0.3,0.019999999999999962,True,False,True,True,True,True,False,46,148,66,40,-0.020959816873073578,4312.340820312535,0.027363688482910584,88,126,True
0.0,-0.27999999999999997,0.019999999999999962,True,False,True,True,True,True,False,46,154,50,42,-0.020959816873073578,5022.253906250187,0.04053332048684292,82,105,True
0.0,-0.26,0.019999999999999962,True,False,True,True,True,True,False,42,153,57,42,-0.02095983177423477,5137.772949218941,0.020900146452541474,80,113,True
0.0,-0.24,0.019999999999999962,False,True,True,True,True,False,False,49,170,69,61,-0.02095983177423477,6046.363281250049,0.018636724718250796,89,170,True
0.0,-0.21999999999999997,0.019999999999999962,False,True,True,True,True,False,False,53,180,67,59,-0.02095983177423477,7557.458007812561,0.015805445637721464,95,160,True
0.0,-0.19999999999999998,0.019999999999999962,False,True,True,True,True,False,False,59,194,70,62,-0.02095983177423477,6198.817871093799,0.012389147667076463,103,145,True
0.0,-0.18,0.019999999999999962,False,True,True,True,True,False,False,58,190,72,64,-0.02095983177423477,7626.956542968811,0.008866981149369083,122,132,True
0.0,-0.15999999999999998,0.019999999999999962,False,True,True,True,True,False,False,53,179,54,46,-0.02095983177423477,4865.618164062682,0.008261825710562455,123,188,True
0.0,-0.13999999999999996,0.019999999999999962,False,True,True,True,True,False,False,65,208,54,46,-0.020959846675395966,5535.9165039064565,0.007228229953686071,128,134,True
0.0,-0.12,0.019999999999999962,False,True,True,True,True,False,False,75,253,96,80,-0.020959846675395966,4959.871093750185,0.0037091953960374925,147,162,True
0.0,-0.09999999999999998,0.019999999999999962,False,True,True,True,True,False,False,81,280,113,101,-0.020959846675395966,11458.754882812591,0.006130214387091588,155,225,True
0.0,-0.07999999999999996,0.019999999999999962,False,True,True,True,True,False,False,74,252,91,79,-0.020959846675395966,6800.226074219004,0.005658520902995125,143,210,True
0.0,-0.06,0.019999999999999962,False,True,True,True,True,False,False,60,211,91,79,-0.020959846675395966,7197.542480469018,0.005671048640384264,117,195,True
0.0,-0.03999999999999998,0.019999999999999962,False,True,True,True,True,False,False,79,284,91,79,-0.020959846675395966,6130.131835937728,0.009581533136305392,130,163,True
0.0,-0.019999999999999962,0.019999999999999962,False,True,True,True,True,False,False,86,303,159,147,-0.02095986157655716,5298.177246093947,0.00959204475427885,126,238,True
0.0,0.0,0.019999999999999962,False,True,True,True,True,False,False,88,316,142,110,-0.02095986157655716,5889.288574218969,0.009586808627350115,121,189,True
0.0,0.020000000000000018,0.019999999999999962,False,True,True,True,True,False,False,76,267,117,105,-0.02095986157655716,6189.51171875023,0.009477567202597579,116,145,True
0.0,0.040000000000000036,0.019999999999999962,False,True,True,True,True,False,False,77,269,117,105,-0.02095986157655716,6564.871582031495,0.00954846135891631,126,160,True
0.0,0.06,0.019999999999999962,False,True,True,True,True,False,False,81,302,146,133,-0.02095986157655716,6779.995117187753,0.01105446506407154,128,213,True
0.0,0.08000000000000002,0.019999999999999962,False,True,True,True,True,False,False,94,343,154,142,-0.02095986157655716,5372.85693359395,0.007885666550235386,133,179,True
0.0,0.10000000000000003,0.019999999999999962,False,True,True,True,True,False,False,103,357,161,145,-0.03249876946210861,10807.3843987149,0.009654327657187699,126,179,True
0.0,0.12000000000000005,0.019999999999999962,False,True,True,True,True,False,False,94,334,134,115,-0.03673486411571503,5104.957519531408,0.009605343206634195,117,154,True
0.0,0.14000000000000007,0.019999999999999962,False,True,True,True,True,False,False,82,269,87,81,-0.030341684818267822,4827.536786774987,0.008708549134450674,113,132,True
0.0,0.15999999999999998,0.019999999999999962,False,True,True,True,True,False,False,72,232,80,76,-0.025805562734603882,5101.33710069166,0.007724755028386098,94,111,True
0.0,0.18,0.019999999999999962,False,True,True,True,True,False,False,95,319,107,99,-0.025579221546649933,7416.775878906309,0.01375984763596514,128,117,True
0.0,0.2,0.019999999999999962,False,True,True,True,True,False,False,100,332,157,153,-0.02095986157655716,6313.935058593986,0.017745061493458773,115,179,True
0.0,0.22000000000000003,0.019999999999999962,False,True,True,True,True,False,False,82,287,121,99,-0.02095986157655716,7854.577636719043,0.016558255094360538,90,132,True
0.0,0.24000000000000005,0.019999999999999962,False,True,True,True,True,False,False,60,206,101,96,-0.02095986157655716,7459.070312500278,0.017116462424086192,71,105,True
0.0,0.26000000000000006,0.019999999999999962,True,False,True,True,True,True,False,50,177,88,78,-0.020959876477718353,6126.032348281789,0.01856259783433025,57,92,True
0.0,0.2800000000000001,0.019999999999999962,True,False,True,True,True,True,False,47,163,81,77,-0.020959876477718353,7306.659179687772,0.05512808102714323,54,85,True
0.0,0.3,0.019999999999999962,True,False,True,True,True,True,False,50,172,86,70,-0.020959876477718353,4455.3115234376655,0.02529695094225048,55,86,True
0.0,0.32,0.019999999999999962,True,False,True,True,True,True,False,41,150,56,52,-0.015421509742736816,5602.362693283908,0.05353401449384723,43,56,True
0.0,0.34,0.019999999999999962,True,False,False,False,False,False,False,16,55,0,0,0.004426747560501099,0.0,1.4901161193847656e-08,16,0,False
0.0,0.36000000000000004,0.019999999999999962,True,False,False,False,False,False,False,0,0,0,0,,0.0,1.4901161193847656e-08,0,0,False
0.0,0.38000000000000006,0.019999999999999962,True,False,False,False,False,False,False,0,0,0,0,,0.0,1.4901161193847656e-08,0,0,False
0.0,0.4000000000000001,0.019999999999999962,True,False,False,False,False,False,False,0,0,0,0,,0.0,1.4901161193847656e-08,0,0,False
0.0,0.42,0.019999999999999962,True,False,False,False,False,False,False,0,0,0,0,,0.0,1.4901161193847656e-08,0,0,False
0.0,-0.42,0.03999999999999998,True,False,False,False,False,False,False,0,0,0,0,,0.0,1.4901161193847656e-08,0,0,False
0.0,-0.39999999999999997,0.03999999999999998,True,False,False,False,False,False,False,0,0,0,0,,0.0,1.4901161193847656e-08,0,0,False
0.0,-0.38,0.03999999999999998,True,False,False,False,False,False,False,0,0,0,0,,0.0,1.4901161193847656e-08,0,0,False
0.0,-0.36,0.03999999999999998,True,False,False,False,False,False,False,0,0,0,0,,0.0,1.4901161193847656e-08,0,0,False
0.0,-0.33999999999999997,0.03999999999999998,True,False,False,False,False,False,False,18,65,0,0,0.006578236818313599,0.0,1.4901161193847656e-08,22,0,False
0.0,-0.31999999999999995,0.03999999999999998,True,False,True,True,True,True,False,32,121,62,49,-0.013416588306427002,7364.380371093809,0.014703075901054647,63,86,True
0.0,-0.3,0.03999999999999998,True,False,True,True,True,True,False,43,154,74,48,-0.020959816873073578,4508.220214843786,0.03227416623663042,94,123,True
0.0,-0.27999999999999997,0.03999999999999998,True,False,True,True,True,True,False,42,153,69,61,-0.020959816873073578,5445.349918552908,0.06696543496140862,88,122,True
0.0,-0.26,0.03999999999999998,True,False,True,True,True,True,False,43,155,75,60,-0.020959816873073578,6623.1344970304735,0.02260473313277042,88,116,True
0.0,-0.24,0.03999999999999998,False,True,True,True,True,False,False,48,173,82,73,-0.02095983177423477,7291.6323242189765,0.013426386073849775,97,169,True
0.0,-0.21999999999999997,0.03999999999999998,False,True,True,True,True,False,False,53,192,82,72,-0.02095983177423477,7262.437011718976,0.008719763789727476,105,176,True
0.0,-0.19999999999999998,0.03999999999999998,False,True,True,True,True,False,False,60,214,85,75,-0.02095983177423477,6788.713867187753,0.005130865297430412,118,152,True
0.0,-0.18,0.03999999999999998,False,True,True,True,True,False,False,58,213,86,76,-0.02095983177423477,7458.411924269637,0.007973920133716828,131,141,True
0.0,-0.15999999999999998,0.03999999999999998,False,True,True,True,True,False,False,55,204,74,64,-0.02095983177423477,7031.508300781468,0.004333344491531886,132,190,True
0.0,-0.13999999999999996,0.03999999999999998,False,True,True,True,True,False,False,67,231,74,64,-0.02095983177423477,6744.349609375209,0.0027968154966523415,133,152,True
0.0,-0.12,0.03999999999999998,False,True,True,True,True,False,False,78,281,112,96,-0.020959846675395966,4965.8676757814355,0.0020127415315839433,161,167,True
0.0,-0.09999999999999998,0.03999999999999998,False,True,True,True,True,False,False,79,295,135,123,-0.020959846675395966,8788.881835937571,0.0038177752011505587,170,232,True
0.0,-0.07999999999999996,0.03999999999999998,False,True,True,True,True,False,False,72,276,113,101,-0.020959846675395966,6570.003417968995,0.0020587573358848373,154,236,True
0.0,-0.06,0.03999999999999998,False,True,True,True,True,False,False,66,250,110,98,-0.020959846675395966,6011.981445312725,0.0030292789090308006,137,190,True
0.0,-0.03999999999999998,0.03999999999999998,False,True,True,True,True,False,False,75,292,106,94,-0.020959846675395966,6046.695800781476,0.003257287790855787,141,159,True
0.0,-0.019999999999999962,0.03999999999999998,False,True,True,True,True,False,False,84,313,158,146,-0.020959846675395966,5813.5722656252165,0.0032559193678216407,134,231,True
0.0,0.0,0.03999999999999998,False,True,True,True,True,False,False,90,339,149,121,-0.02095986157655716,4851.792968750181,0.013712517752999281,135,207,True
0.0,0.020000000000000018,0.03999999999999998,False,True,True,True,True,False,False,83,308,133,113,-0.02095986157655716,4953.593261718935,0.013719405239502895,123,140,True
0.0,0.040000000000000036,0.03999999999999998,False,True,True,True,True,False,False,87,322,133,113,-0.02095986157655716,5025.540039062687,0.013723094298923261,117,144,True
0.0,0.06,0.03999999999999998,False,True,True,True,True,False,False,97,364,165,147,-0.02095986157655716,5060.239746093938,0.013660275315467993,118,176,True
0.0,0.08000000000000002,0.03999999999999998,False,True,True,True,True,False,False,110,416,169,147,-0.02095986157655716,6098.152343750227,0.013701441147617111,121,183,True
0.0,0.10000000000000003,0.03999999999999998,False,True,True,True,True,False,False,119,424,188,163,-0.020959846675395966,9325.95355292227,0.010935246870485362,128,190,True
0.0,0.12000000000000005,0.03999999999999998,False,True,True,True,True,False,False,112,401,176,137,-0.020959846675395966,5030.844238281437,0.013231859403239975,116,165,True
0.0,0.14000000000000007,0.03999999999999998,False,True,True,True,True,False,False,96,325,104,94,-0.020959846675395966,4855.381835937681,0.013480475710144628,102,112,True
0.0,0.15999999999999998,0.03999999999999998,False,True,True,True,True,False,False,83,267,87,74,-0.02095986157655716,6502.231079330337,0.0076343229959111815,83,100,True
0.0,0.18,0.03999999999999998,False,True,True,True,True,False,False,88,271,97,91,-0.02095986157655716,8501.009765625266,0.008093552656072327,102,124,True
0.0,0.2,0.03999999999999998,False,True,True,True,True,False,False,84,262,92,86,-0.02095986157655716,7154.204589843972,0.005620188543806544,102,155,True
0.0,0.22000000000000003,0.03999999999999998,False,True,True,True,True,False,False,66,232,92,84,-0.02095986157655716,9132.973632812784,0.0073211433215538396,81,127,True
0.0,0.24000000000000005,0.03999999999999998,False,True,True,True,True,False,False,64,214,95,87,-0.02095986157655716,9186.678710937786,0.011521319732989104,70,112,True
0.0,0.26000000000000006,0.03999999999999998,True,False,True,True,True,True,False,56,186,84,74,-0.02095986157655716,8047.67773437525,0.016316019076396595,59,101,True
0.0,0.2800000000000001,0.03999999999999998,True,False,True,True,True,True,False,51,173,74,70,-0.020959876477718353,7131.685546875222,0.041903233067457864,53,94,True
0.0,0.3,0.03999999999999998,True,False,True,True,True,True,False,53,177,77,69,-0.020959876477718353,4568.18212890642,0.021497642317258318,57,92,True
0.0,0.32,0.03999999999999998,True,False,True,True,True,True,False,44,157,64,58,-0.015421509742736816,8261.309570312565,0.03204179329247049,50,64,True
0.0,0.34,0.03999999999999998,True,False,False,False,False,False,False,17,59,0,0,0.004426747560501099,0.0,1.4901161193847656e-08,17,0,False
0.0,0.36000000000000004,0.03999999999999998,True,False,False,False,False,False,False,0,0,0,0,,0.0,1.4901161193847656e-08,0,0,False
0.0,0.38000000000000006,0.03999999999999998,True,False,False,False,False,False,False,0,0,0,0,,0.0,1.4901161193847656e-08,0,0,False
0.0,0.4000000000000001,0.03999999999999998,True,False,False,False,False,False,False,0,0,0,0,,0.0,1.4901161193847656e-08,0,0,False
0.0,0.42,0.03999999999999998,True,False,False,False,False,False,False,0,0,0,0,,0.0,1.4901161193847656e-08,0,0,False
0.0,-0.42,0.06,True,False,False,False,False,False,False,0,0,0,0,,0.0,1.4901161193847656e-08,0,0,False
0.0,-0.39999999999999997,0.06,True,False,False,False,False,False,False,0,0,0,0,,0.0,1.4901161193847656e-08,0,0,False
0.0,-0.38,0.06,True,False,False,False,False,False,False,0,0,0,0,,0.0,1.4901161193847656e-08,0,0,False
0.0,-0.36,0.06,True,False,False,False,False,False,False,0,0,0,0,,0.0,1.4901161193847656e-08,0,0,False
0.0,-0.33999999999999997,0.06,True,False,False,False,False,False,False,17,62,0,0,0.006578236818313599,0.0,1.4901161193847656e-08,21,0,False
0.0,-0.31999999999999995,0.06,True,False,True,True,True,True,False,33,123,60,52,-0.01332758367061615,7496.216236224467,0.03707237272233579,55,80,True
0.0,-0.3,0.06,True,False,True,True,True,True,False,42,140,56,44,-0.020959816873073578,5759.146972656465,0.013648986440496681,74,95,True
0.0,-0.27999999999999997,0.06,True,False,True,True,True,True,False,40,131,49,41,-0.020959816873073578,6009.466796875224,0.03976208587118251,65,85,True
0.0,-0.26,0.06,True,False,True,True,True,True,False,43,150,52,34,-0.020959816873073578,6387.069824218988,0.029413296497515375,66,78,True
0.0,-0.24,0.06,False,True,True,True,True,False,False,47,169,71,57,-0.020959816873073578,7453.786132812559,0.01578599790922648,78,119,True
0.0,-0.21999999999999997,0.06,False,True,True,True,True,False,False,53,182,73,64,-0.02095983177423477,6309.395507812735,0.010341354545733357,86,133,True
0.0,-0.19999999999999998,0.06,False,True,True,True,True,False,False,58,192,82,63,-0.02095983177423477,5521.652832031295,0.010072790804033081,98,138,True
0.0,-0.18,0.06,False,True,True,True,True,False,False,56,199,86,72,-0.02095983177423477,6071.918259042355,0.006360557539370537,106,130,True
0.0,-0.15999999999999998,0.06,False,True,True,True,True,False,False,53,185,66,53,-0.02095983177423477,5465.294433593954,0.006922001545897396,93,105,True
0.0,-0.13999999999999996,0.06,False,True,True,True,True,False,False,64,198,66,49,-0.02095983177423477,5461.415527343954,0.0059125841074336395,93,88,True
0.0,-0.12,0.06,False,True,True,True,True,False,False,78,267,91,67,-0.02095983177423477,4971.0610351564355,0.004462000842709131,120,113,True
0.0,-0.09999999999999998,0.06,False,True,True,True,True,False,False,79,285,121,96,-0.020959846675395966,10728.815453670562,0.004453170684494637,130,166,True
0.0,-0.07999999999999996,0.06,False,True,True,True,True,False,False,70,259,102,77,-0.020959846675395966,5180.538085937693,0.0022108471275497916,114,151,True
0.0,-0.06,0.06,False,True,True,True,True,False,False,66,240,102,77,-0.020959846675395966,5813.8500976564665,0.004972477653047987,92,129,True
0.0,-0.03999999999999998,0.06,False,True,True,True,True,False,False,64,229,98,73,-0.020959846675395966,5454.798828125203,0.015000288859927517,91,119,True
0.0,-0.019999999999999962,0.06,False,True,True,True,True,False,False,79,274,102,73,-0.020959846675395966,5605.789062500209,0.01538721265696005,96,171,True
0.0,0.0,0.06,False,True,True,True,True,False,False,81,276,110,83,-0.020959846675395966,5805.1967773439665,0.01540603768855993,100,161,True
0.0,0.020000000000000018,0.06,False,True,True,True,True,False,False,78,270,110,85,-0.020959846675395966,5537.5795898439565,0.015024061755480482,89,120,True
0.0,0.040000000000000036,0.06,False,True,True,True,True,False,False,87,284,110,73,-0.02095986157655716,5499.437988281455,0.014922158899058421,83,120,True
0.0,0.06,0.06,False,True,True,True,True,False,False,90,308,117,81,-0.02095986157655716,5524.802246093956,0.01499186963172282,96,157,True
0.0,0.08000000000000002,0.06,False,True,True,True,True,False,False,95,320,107,81,-0.02095986157655716,5289.702636718947,0.014843074096564499,106,169,True
0.0,0.10000000000000003,0.06,False,True,True,True,True,False,False,102,325,126,101,-0.020959846675395966,9551.326078379021,0.014575639878452833,117,181,True
0.0,0.12000000000000005,0.06,False,True,True,True,True,False,False,101,316,95,61,-0.020959846675395966,5041.807128906438,0.015376472767184589,109,141,True
0.0,0.14000000000000007,0.06,False,True,True,True,True,False,False,90,264,75,57,-0.020959846675395966,4371.3183593751355,0.007589416970322146,94,107,True
0.0,0.15999999999999998,0.06,False,True,True,True,True,False,False,75,237,76,59,-0.020959846675395966,5180.330078125161,0.005454877630158006,80,104,True
0.0,0.18,0.06,False,True,True,True,True,False,False,82,249,95,77,-0.02095986157655716,6305.71093750005,0.005924241702623017,102,130,True
0.0,0.2,0.06,False,True,True,True,True,False,False,81,248,98,80,-0.02095986157655716,5703.4003906250455,0.006825291778598065,100,165,True
0.0,0.22000000000000003,0.06,False,True,True,True,True,False,False,69,231,89,73,-0.02095986157655716,5753.731445312715,0.006004479093433087,84,124,True
0.0,0.24000000000000005,0.06,False,True,True,True,True,False,False,61,205,82,67,-0.02095986157655716,7685.413085937562,0.01353055575905932,66,99,True
0.0,0.26000000000000006,0.06,True,False,True,True,True,True,False,53,175,60,43,-0.02095986157655716,6336.82318792304,0.01849357151342939,58,77,True
0.0,0.2800000000000001,0.06,True,False,True,True,True,True,False,47,161,56,44,-0.02095986157655716,5463.168479308621,0.03546712671854947,52,76,True
0.0,0.3,0.06,True,False,True,True,True,True,False,50,162,59,43,-0.02095986157655716,3817.3166503907673,0.011147622485305582,56,74,True
0.0,0.32,0.06,True,False,True,True,True,True,False,43,140,59,47,-0.015421509742736816,6394.874511718801,0.05487640286808069,47,59,True
0.0,0.34,0.06,True,False,False,False,False,False,False,19,60,0,0,0.004426747560501099,0.0,1.4901161193847656e-08,19,0,False
0.0,0.36000000000000004,0.06,True,False,False,False,False,False,False,0,0,0,0,,0.0,1.4901161193847656e-08,0,0,False
0.0,0.38000000000000006,0.06,True,False,False,False,False,False,False,0,0,0,0,,0.0,1.4901161193847656e-08,0,0,False
0.0,0.4000000000000001,0.06,True,False,False,False,False,False,False,0,0,0,0,,0.0,1.4901161193847656e-08,0,0,False
0.0,0.42,0.06,True,False,False,False,False,False,False,0,0,0,0,,0.0,1.4901161193847656e-08,0,0,False
0.0,-0.42,0.07999999999999996,True,False,False,False,False,False,False,0,0,0,0,,0.0,1.4901161193847656e-08,0,0,False
0.0,-0.39999999999999997,0.07999999999999996,True,False,False,False,False,False,False,0,0,0,0,,0.0,1.4901161193847656e-08,0,0,False
0.0,-0.38,0.07999999999999996,True,False,False,False,False,False,False,0,0,0,0,,0.0,1.4901161193847656e-08,0,0,False
0.0,-0.36,0.07999999999999996,True,False,False,False,False,False,False,0,0,0,0,,0.0,1.4901161193847656e-08,0,0,False
0.0,-0.33999999999999997,0.07999999999999996,True,False,False,False,False,False,False,12,45,0,0,0.006578236818313599,0.0,1.4901161193847656e-08,16,0,False
0.0,-0.31999999999999995,0.07999999999999996,True,False,True,True,True,True,False,26,92,44,40,-0.01332758367061615,7582.718192337104,0.027441398011006177,48,64,True
0.0,-0.3,0.07999999999999996,True,False,True,True,True,True,False,26,90,44,36,-0.020959801971912384,7830.144042969042,0.01798930202141452,56,83,True
0.0,-0.27999999999999997,0.07999999999999996,True,False,True,True,True,True,False,23,78,37,33,-0.020959801971912384,9139.84667968784,0.0549530269635498,48,73,True
0.0,-0.26,0.07999999999999996,True,False,True,True,True,True,False,24,85,39,29,-0.020959816873073578,9283.554687500346,0.04770793696606921,47,65,True
0.0,-0.24,0.07999999999999996,False,True,True,True,True,False,False,31,113,42,38,-0.020959816873073578,9447.017578125353,0.04094799105026128,57,90,True
0.0,-0.21999999999999997,0.07999999999999996,False,True,True,True,True,False,False,36,119,56,50,-0.020959816873073578,8904.827148437833,0.03586862675005012,66,114,True
0.0,-0.19999999999999998,0.07999999999999996,False,True,True,True,True,False,False,41,135,61,51,-0.025854818522930145,8430.494140625315,0.007856032530387651,76,116,True
0.0,-0.18,0.07999999999999996,False,True,True,True,True,False,False,40,136,55,48,-0.02585480362176895,8546.481445312818,0.012297464098234812,74,90,True
0.0,-0.15999999999999998,0.07999999999999996,False,True,True,True,True,False,False,35,119,46,40,-0.02585480362176895,8606.562500000322,0.011579852061590951,61,82,True
0.0,-0.13999999999999996,0.07999999999999996,False,True,True,True,True,False,False,41,133,44,36,-0.02585480362176895,8462.737304687815,0.010695532334519534,63,63,True
0.0,-0.12,0.07999999999999996,False,True,True,True,True,False,False,55,179,64,58,-0.02585480362176895,8518.602539062818,0.013139994092448821,93,83,True
0.0,-0.09999999999999998,0.07999999999999996,False,True,True,True,True,False,False,55,192,89,81,-0.02585480362176895,10135.64550781258,0.011235596102518574,96,132,True
0.0,-0.07999999999999996,0.07999999999999996,False,True,True,True,True,False,False,50,178,74,70,-0.02585480362176895,8709.604492187826,0.02153257545432734,84,121,True
0.0,-0.06,0.07999999999999996,False,True,True,True,True,False,False,46,163,74,70,-0.02585480362176895,8707.827148437824,0.02147124463632269,65,101,True
0.0,-0.03999999999999998,0.07999999999999996,False,True,True,True,True,False,False,45,159,70,66,-0.02585480362176895,8663.904296875324,0.019842195656101395,69,91,True
0.0,-0.019999999999999962,0.07999999999999996,False,True,True,True,True,False,False,43,154,70,66,-0.02585480362176895,8665.872070312824,0.019996462433127495,77,135,True
0.0,0.0,0.07999999999999996,False,True,True,True,True,False,False,43,154,70,66,-0.02585480362176895,8733.268554687826,0.019111042357787655,80,134,True
0.0,0.020000000000000018,0.07999999999999996,False,True,True,True,True,False,False,43,154,70,66,-0.02585480362176895,8730.866210937826,0.01899749374653215,72,93,True
0.0,0.040000000000000036,0.07999999999999996,False,True,True,True,True,False,False,44,158,70,66,-0.02585480362176895,8629.131835937822,0.01778586264855017,70,91,True
0.0,0.06,0.07999999999999996,False,True,True,True,True,False,False,46,163,74,70,-0.02585480362176895,8756.578125000327,0.022078480479968732,77,137,True
0.0,0.08000000000000002,0.07999999999999996,False,True,True,True,True,False,False,50,179,74,70,-0.02585480362176895,8757.825195312827,0.02278591837355045,87,118,True
0.0,0.10000000000000003,0.07999999999999996,False,True,True,True,True,False,False,55,190,90,86,-0.02585480362176895,8278.950295566527,0.0232465346391465,98,127,True
0.0,0.12000000000000005,0.07999999999999996,False,True,True,True,True,False,False,52,182,67,56,-0.02585480362176895,8218.932617187806,0.013568034822730527,85,123,True
0.0,0.14000000000000007,0.07999999999999996,False,True,True,True,True,False,False,43,145,49,47,-0.02585480362176895,8293.52539062531,0.014102194907603526,69,79,True
0.0,0.15999999999999998,0.07999999999999996,False,True,True,True,True,False,False,41,135,52,51,-0.02585480362176895,8146.218261719054,0.010601075862793206,68,75,True
0.0,0.18,0.07999999999999996,False,True,True,True,True,False,False,44,151,62,59,-0.025854788720607758,8180.420898437805,0.008057666158664734,76,70,True
0.0,0.2,0.07999999999999996,False,True,True,True,True,False,False,46,151,69,65,-0.025853551924228668,8228.303710937807,0.0061888169509983736,72,80,True
0.0,0.22000000000000003,0.07999999999999996,False,True,True,True,True,False,False,42,142,70,63,-0.020959846675395966,7582.260742187783,0.021613683242322212,63,78,True
0.0,0.24000000000000005,0.07999999999999996,False,True,True,True,True,False,False,38,131,54,52,-0.020959846675395966,7636.836425781311,0.017481061789740463,52,62,True
0.0,0.26000000000000006,0.07999999999999996,True,False,True,True,True,True,False,31,106,45,42,-0.020959846675395966,7573.610839844032,0.026833027111015775,42,53,True
0.0,0.2800000000000001,0.07999999999999996,True,False,True,True,True,True,False,28,94,44,44,-0.020959846675395966,7962.8823242190465,0.03034407832704478,39,52,True
0.0,0.3,0.07999999999999996,True,False,True,True,True,True,False,33,109,47,43,-0.020959846675395966,7521.22021484403,0.020667620837462458,42,48,True
0.0,0.32,0.07999999999999996,True,False,True,True,True,True,False,32,109,44,44,-0.015421509742736816,5379.05888596609,0.07413417090370554,34,44,True
0.0,0.34,0.07999999999999996,True,False,False,False,False,False,False,15,47,0,0,0.004426747560501099,0.0,1.4901161193847656e-08,15,0,False
0.0,0.36000000000000004,0.07999999999999996,True,False,False,False,False,False,False,0,0,0,0,,0.0,1.4901161193847656e-08,0,0,False
0.0,0.38000000000000006,0.07999999999999996,True,False,False,False,False,False,False,0,0,0,0,,0.0,1.4901161193847656e-08,0,0,False
0.0,0.4000000000000001,0.07999999999999996,True,False,False,False,False,False,False,0,0,0,0,,0.0,1.4901161193847656e-08,0,0,False
0.0,0.42,0.07999999999999996,True,False,False,False,False,False,False,0,0,0,0,,0.0,1.4901161193847656e-08,0,0,False
0.0,-0.42,0.09999999999999998,True,False,False,False,False,False,False,0,0,0,0,,0.0,1.4901161193847656e-08,0,0,False
0.0,-0.39999999999999997,0.09999999999999998,True,False,False,False,False,False,False,0,0,0,0,,0.0,1.4901161193847656e-08,0,0,False
0.0,-0.38,0.09999999999999998,True,False,False,False,False,False,False,0,0,0,0,,0.0,1.4901161193847656e-08,0,0,False
0.0,-0.36,0.09999999999999998,True,False,False,False,False,False,False,0,0,0,0,,0.0,1.4901161193847656e-08,0,0,False
0.0,-0.33999999999999997,0.09999999999999998,True,False,False,False,False,False,False,13,46,0,0,0.006578236818313599,0.0,1.4901161193847656e-08,17,0,False
0.0,-0.31999999999999995,0.09999999999999998,True,False,True,True,True,True,False,21,80,43,39,-0.01332758367061615,7244.846302328582,0.017121361801019083,40,63,True
0.0,-0.3,0.09999999999999998,True,False,True,True,True,True,False,22,83,44,36,-0.020959801971912384,5548.1943359377065,0.006767252883525203,50,83,True
0.0,-0.27999999999999997,0.09999999999999998,True,False,True,True,True,True,False,20,72,37,33,-0.020959801971912384,5807.9331054689665,0.012659099116325992,45,73,True
0.0,-0.26,0.09999999999999998,True,False,True,True,True,True,False,19,71,39,29,-0.020959801971912384,4569.15478515642,0.012831666879148296,42,65,True
0.0,-0.24,0.09999999999999998,False,True,True,True,True,False,False,23,89,42,38,-0.020959816873073578,7431.153808593809,0.017559160239024218,48,89,True
0.0,-0.21999999999999997,0.09999999999999998,False,True,True,True,True,False,False,30,103,54,50,-0.020959816873073578,5621.159179687709,0.01974857512316185,59,111,True
0.0,-0.19999999999999998,0.09999999999999998,False,True,True,True,True,False,False,33,112,57,53,-0.02664169669151306,7271.262207031308,0.003127235560551988,67,107,True
0.0,-0.18,0.09999999999999998,False,True,True,True,True,False,False,30,107,54,50,-0.04191191494464874,8797.480468750071,0.013153592475392887,62,89,True
0.0,-0.15999999999999998,0.09999999999999998,False,True,True,True,True,False,False,26,96,45,41,-0.04191191494464874,7420.3017578127765,0.0147290014689871,55,91,True
0.0,-0.13999999999999996,0.09999999999999998,False,True,True,True,True,False,False,33,111,45,37,-0.04191191494464874,7591.544921875283,0.03436461314238246,58,73,True
0.0,-0.12,0.09999999999999998,False,True,True,True,True,False,False,42,150,65,59,-0.04191191494464874,7705.351562500287,0.03234995528391418,81,93,True
0.0,-0.09999999999999998,0.09999999999999998,False,True,True,True,True,False,False,42,161,90,82,-0.04191192239522934,12361.855945038666,0.019515480860243902,82,139,True
0.0,-0.07999999999999996,0.09999999999999998,False,True,True,True,True,False,False,39,152,75,71,-0.04191192239522934,9726.600585937862,0.03174263241731334,72,110,True
0.0,-0.06,0.09999999999999998,False,True,True,True,True,False,False,35,137,75,71,-0.04191192239522934,9291.297851562846,0.027979789749373037,54,98,True
0.0,-0.03999999999999998,0.09999999999999998,False,True,True,True,True,False,False,34,133,71,67,-0.04191192239522934,7298.651367187772,0.007470838213707652,47,88,True
0.0,-0.019999999999999962,0.09999999999999998,False,True,True,True,True,False,False,33,129,71,67,-0.04191192239522934,8797.896484375327,0.012122992066924913,44,88,True
0.0,0.0,0.09999999999999998,False,True,True,True,True,False,False,33,129,71,67,-0.04191192239522934,8038.00634765655,0.012686575745013045,44,87,True
0.0,0.020000000000000018,0.09999999999999998,False,True,True,True,True,False,False,33,129,71,67,-0.04191192239522934,8065.517089844051,0.010163210030715377,39,71,True
0.0,0.040000000000000036,0.09999999999999998,False,True,True,True,True,False,False,34,133,71,67,-0.04191192239522934,8100.844726562802,0.0127714689831306,34,71,True
0.0,0.06,0.09999999999999998,False,True,True,True,True,False,False,35,137,75,71,-0.04191192239522934,8448.646484375067,0.016098487240365868,35,75,True
0.0,0.08000000000000002,0.09999999999999998,False,True,True,True,True,False,False,39,153,75,71,-0.041911929845809937,8693.438476562824,0.010042650418874224,39,75,True
0.0,0.10000000000000003,0.09999999999999998,False,True,True,True,True,False,False,42,159,91,87,-0.041911929845809937,8156.081512111834,0.02175334435231829,42,91,True
0.0,0.12000000000000005,0.09999999999999998,False,True,True,True,True,False,False,40,152,67,57,-0.041911929845809937,5267.571777343946,0.03043098878813676,40,67,True
0.0,0.14000000000000007,0.09999999999999998,False,True,True,True,True,False,False,33,118,48,48,-0.041911929845809937,7286.418457031521,0.0241299284706635,34,48,True
0.0,0.15999999999999998,0.09999999999999998,False,True,True,True,True,False,False,29,106,52,52,-0.041911929845809937,6233.300292968983,0.03996573619817557,30,52,True
0.0,0.18,0.09999999999999998,False,True,True,True,True,False,False,32,118,61,61,-0.041911929845809937,10455.622070312584,0.037194686582015246,33,61,True
0.0,0.2,0.09999999999999998,False,True,True,True,True,False,False,35,120,65,65,-0.0287797749042511,8590.33105468757,0.017429334682400825,36,65,True
0.0,0.22000000000000003,0.09999999999999998,False,True,True,True,True,False,False,33,119,65,63,-0.020959846675395966,6565.949218750245,0.017491285656159067,34,65,True
0.0,0.24000000000000005,0.09999999999999998,False,True,True,True,True,False,False,28,104,52,52,-0.020959846675395966,7557.228027343811,0.013752289430904863,28,52,True
0.0,0.26000000000000006,0.09999999999999998,True,False,True,True,True,True,False,23,86,45,42,-0.020959846675395966,6795.275392877942,0.021321318406551177,23,45,True
0.0,0.2800000000000001,0.09999999999999998,True,False,True,True,True,True,False,23,83,44,44,-0.020959846675395966,6701.157304530032,0.05215855186014881,23,44,True
0.0,0.3,0.09999999999999998,True,False,True,True,True,True,False,27,97,47,43,-0.020959846675395966,6258.341796875234,0.01463204003836364,27,47,True
0.0,0.32,0.09999999999999998,True,False,True,True,True,True,False,25,92,43,43,-0.015421509742736816,6371.432128906301,0.027569002533455473,25,43,True
0.0,0.34,0.09999999999999998,True,False,False,False,False,False,False,14,46,0,0,0.004426747560501099,0.0,1.4901161193847656e-08,14,0,False
0.0,0.36000000000000004,0.09999999999999998,True,False,False,False,False,False,False,0,0,0,0,,0.0,1.4901161193847656e-08,0,0,False
0.0,0.38000000000000006,0.09999999999999998,True,False,False,False,False,False,False,0,0,0,0,,0.0,1.4901161193847656e-08,0,0,False
0.0,0.4000000000000001,0.09999999999999998,True,False,False,False,False,False,False,0,0,0,0,,0.0,1.4901161193847656e-08,0,0,False
0.0,0.42,0.09999999999999998,True,False,False,False,False,False,False,0,0,0,0,,0.0,1.4901161193847656e-08,0,0,False
0.0,-0.42,0.12,True,False,False,False,False,False,False,0,0,0,0,,0.0,1.4901161193847656e-08,0,0,False
0.0,-0.39999999999999997,0.12,True,False,False,False,False,False,False,0,0,0,0,,0.0,1.4901161193847656e-08,0,0,False
0.0,-0.38,0.12,True,False,False,False,False,False,False,0,0,0,0,,0.0,1.4901161193847656e-08,0,0,False
0.0,-0.36,0.12,True,False,False,False,False,False,False,0,0,0,0,,0.0,1.4901161193847656e-08,0,0,False
0.0,-0.33999999999999997,0.12,True,False,False,False,False,False,False,12,39,0,0,0.006578236818313599,0.0,1.4901161193847656e-08,15,0,False
0.0,-0.31999999999999995,0.12,True,False,True,True,True,True,False,21,78,36,32,-0.01332758367061615,7566.475040759381,0.01371607185593485,37,52,True
0.0,-0.3,0.12,True,False,True,True,True,True,False,22,77,40,32,-0.020959801971912384,3478.2272949219027,0.018783545800244942,48,71,True
0.0,-0.27999999999999997,0.12,True,False,True,True,True,True,False,20,69,33,29,-0.020959801971912384,3362.4355468751255,0.04654525803366676,46,66,True
0.0,-0.26,0.12,True,False,True,True,True,True,False,19,68,33,25,-0.020959801971912384,2636.885498046973,0.02406466400263134,45,56,True
0.0,-0.24,0.12,False,True,True,True,True,False,False,23,85,38,34,-0.020959801971912384,6618.294433593803,0.016241915418545434,52,90,True
0.0,-0.21999999999999997,0.12,False,True,True,True,True,False,False,28,100,49,45,-0.020959801971912384,6018.880371093798,0.011554147413880358,60,101,True
0.0,-0.19999999999999998,0.12,False,True,True,True,True,False,False,32,112,52,48,-0.025410160422325134,8984.644531250073,0.014538498783407856,71,87,True
0.0,-0.18,0.12,False,True,True,True,True,False,False,30,109,50,46,-0.029120370745658875,7104.471191406306,0.022315938554581215,67,79,True
0.0,-0.15999999999999998,0.12,False,True,True,True,True,False,False,27,99,41,37,-0.02191191166639328,4426.842285156415,0.03357000342857979,55,65,True
0.0,-0.13999999999999996,0.12,False,True,True,True,True,False,False,35,116,37,33,-0.02191191166639328,5242.6445312501955,0.013367233100502772,58,45,True
0.0,-0.12,0.12,False,True,True,True,True,False,False,42,147,61,55,-0.02191191166639328,5315.038574218948,0.013523459890009916,74,69,True
0.0,-0.09999999999999998,0.12,False,True,True,True,True,False,False,44,163,78,74,-0.021911919116973877,10240.806265609293,0.009611132708339284,77,94,True
0.0,-0.07999999999999996,0.12,False,True,True,True,True,False,False,40,150,67,63,-0.021911919116973877,7434.309570312777,0.010623967168257507,64,75,True
0.0,-0.06,0.12,False,True,True,True,True,False,False,37,139,67,63,-0.021911919116973877,7588.361328125283,0.010947368672016433,53,75,True
0.0,-0.03999999999999998,0.12,False,True,True,True,True,False,False,36,135,63,59,-0.021911919116973877,6487.851562500242,0.009440548067436976,48,71,True
0.0,-0.019999999999999962,0.12,False,True,True,True,True,False,False,35,131,63,59,-0.021911919116973877,6495.341796875242,0.009265971686252093,46,71,True
0.0,0.0,0.12,False,True,True,True,True,False,False,35,131,63,59,-0.021911919116973877,7413.3085937502765,0.014773040977084092,46,67,True
0.0,0.020000000000000018,0.12,False,True,True,True,True,False,False,35,131,63,59,-0.021911919116973877,7177.921386719017,0.016269329437076176,37,63,True
0.0,0.040000000000000036,0.12,False,True,True,True,True,False,False,36,135,63,59,-0.021911919116973877,7674.732421875286,0.013118385267675595,36,63,True
0.0,0.06,0.12,False,True,True,True,True,False,False,37,139,67,63,-0.021911919116973877,6880.8818359377565,0.010112111426273435,37,67,True
0.0,0.08000000000000002,0.12,False,True,True,True,True,False,False,40,151,67,63,-0.021911926567554474,6624.396972656456,0.009887332262194749,40,67,True
0.0,0.10000000000000003,0.12,False,True,True,True,True,False,False,44,161,79,75,-0.021911926567554474,9162.67393356581,0.01371524635382438,44,79,True
0.0,0.12000000000000005,0.12,False,True,True,True,True,False,False,42,151,63,53,-0.021911926567554474,5443.349609375203,0.02144041318748316,42,63,True
0.0,0.14000000000000007,0.12,False,True,True,True,True,False,False,35,123,44,44,-0.021911926567554474,4267.726137550098,0.01777472052887506,35,44,True
0.0,0.15999999999999998,0.12,False,True,True,True,True,False,False,30,110,48,48,-0.021911926567554474,5902.575683593796,0.030902516062956728,30,48,True
0.0,0.18,0.12,False,True,True,True,True,False,False,32,119,57,57,-0.02912038564682007,7390.028320312559,0.02634328770825289,32,57,True
0.0,0.2,0.12,False,True,True,True,True,False,False,35,121,60,60,-0.0275660902261734,8834.22753906257,0.03099965211941159,35,60,True
0.0,0.22000000000000003,0.12,False,True,True,True,True,False,False,31,114,60,58,-0.02095983177423477,6711.579589843804,0.023899809357156864,31,60,True
0.0,0.24000000000000005,0.12,False,True,True,True,True,False,False,28,100,48,48,-0.020959846675395966,7523.65625000006,0.021143857668978555,28,48,True
0.0,0.26000000000000006,0.12,True,False,True,True,True,True,False,23,83,41,38,-0.020959846675395966,7821.080670800458,0.02894932087057635,23,41,True
0.0,0.2800000000000001,0.12,True,False,True,True,True,True,False,23,80,40,40,-0.020959846675395966,7000.135665895803,0.04354015368689109,23,40,True
0.0,0.3,0.12,True,False,True,True,True,True,False,26,90,43,39,-0.020959846675395966,3553.0661621095073,0.026965740386915484,26,43,True
0.0,0.32,0.12,True,False,True,True,True,True,False,25,90,36,36,-0.015421509742736816,5722.8618164062955,0.011647040639789849,25,36,True
0.0,0.34,0.12,True,False,False,False,False,False,False,12,38,0,0,0.004426747560501099,0.0,1.4901161193847656e-08,12,0,False
0.0,0.36000000000000004,0.12,True,False,False,False,False,False,False,0,0,0,0,,0.0,1.4901161193847656e-08,0,0,False
0.0,0.38000000000000006,0.12,True,False,False,False,False,False,False,0,0,0,0,,0.0,1.4901161193847656e-08,0,0,False
0.0,0.4000000000000001,0.12,True,False,False,False,False,False,False,0,0,0,0,,0.0,1.4901161193847656e-08,0,0,False
0.0,0.42,0.12,True,False,False,False,False,False,False,0,0,0,0,,0.0,1.4901161193847656e-08,0,0,False
0.0,-0.42,0.13999999999999996,True,False,False,False,False,False,False,0,0,0,0,,0.0,1.4901161193847656e-08,0,0,False
0.0,-0.39999999999999997,0.13999999999999996,True,False,False,False,False,False,False,0,0,0,0,,0.0,1.4901161193847656e-08,0,0,False
0.0,-0.38,0.13999999999999996,True,False,False,False,False,False,False,0,0,0,0,,0.0,1.4901161193847656e-08,0,0,False
0.0,-0.36,0.13999999999999996,True,False,False,False,False,False,False,0,0,0,0,,0.0,1.4901161193847656e-08,0,0,False
0.0,-0.33999999999999997,0.13999999999999996,True,False,False,False,False,False,False,10,37,0,0,0.006578236818313599,0.0,1.4901161193847656e-08,10,0,False
0.0,-0.31999999999999995,0.13999999999999996,True,False,True,True,True,True,False,19,70,36,32,-0.01332758367061615,6862.301344440337,0.005593017422694359,19,36,True
0.0,-0.3,0.13999999999999996,True,False,True,True,True,True,False,20,72,40,32,-0.020959801971912384,6943.319335937758,0.043057897384490125,20,40,True
0.0,-0.27999999999999997,0.13999999999999996,True,False,True,True,True,True,False,19,65,33,29,-0.020959801971912384,8575.57812500032,0.07121054695871053,19,33,True
0.0,-0.26,0.13999999999999996,True,False,True,True,True,True,False,18,64,35,25,-0.020959801971912384,7298.234375000272,0.04197447786742624,18,35,True
0.0,-0.24,0.13999999999999996,False,True,True,True,True,False,False,27,94,38,34,-0.020959801971912384,8161.938964844055,0.025529513342531014,27,38,True
0.0,-0.21999999999999997,0.13999999999999996,False,True,True,True,True,False,False,33,116,54,42,-0.020959801971912384,7520.47558593778,0.014437889756652349,33,54,True
0.0,-0.19999999999999998,0.13999999999999996,False,True,True,True,True,False,False,38,129,61,45,-0.020959801971912384,7511.45996093778,0.014430283666265207,38,61,True
0.0,-0.18,0.13999999999999996,False,True,True,True,True,False,False,37,132,58,42,-0.020959816873073578,7831.465820312563,0.008597695142340565,37,58,True
0.0,-0.15999999999999998,0.13999999999999996,False,True,True,True,True,False,False,33,121,49,33,-0.020959816873073578,7335.283691406523,0.008545602581882462,34,49,True
0.0,-0.13999999999999996,0.13999999999999996,False,True,True,True,True,False,False,41,134,45,29,-0.020959816873073578,7518.35693359403,0.008244728897715478,42,45,True
0.0,-0.12,0.13999999999999996,False,True,True,True,True,False,False,44,157,69,51,-0.020959816873073578,7490.787109375279,0.008042927207028868,45,69,True
0.0,-0.09999999999999998,0.13999999999999996,False,True,True,True,True,False,False,46,166,86,70,-0.020959816873073578,9222.066488259436,0.004462187955340334,47,86,True
0.0,-0.07999999999999996,0.13999999999999996,False,True,True,True,True,False,False,43,157,75,59,-0.020959816873073578,7865.118164062793,0.013282275932497842,44,75,True
0.0,-0.06,0.13999999999999996,False,True,True,True,True,False,False,40,146,75,59,-0.02095983177423477,7867.262207031543,0.013348244505182152,40,75,True
0.0,-0.03999999999999998,0.13999999999999996,False,True,True,True,True,False,False,39,142,71,55,-0.02095983177423477,7857.281738281543,0.011029094500600056,39,71,True
0.0,-0.019999999999999962,0.13999999999999996,False,True,True,True,True,False,False,37,137,71,55,-0.02095983177423477,7854.979980469043,0.011417780031444712,37,71,True
0.0,0.0,0.13999999999999996,False,True,True,True,True,False,False,37,137,71,55,-0.02095983177423477,7846.336425781543,0.011016980433720115,37,71,True
0.0,0.020000000000000018,0.13999999999999996,False,True,True,True,True,False,False,37,137,71,55,-0.02095983177423477,7874.091308594044,0.011637976646561401,37,71,True
0.0,0.040000000000000036,0.13999999999999996,False,True,True,True,True,False,False,38,141,71,55,-0.02095983177423477,7854.979003906543,0.01141779948719255,38,71,True
0.0,0.06,0.13999999999999996,False,True,True,True,True,False,False,39,145,75,59,-0.020959846675395966,7873.044433594044,0.011603193974153029,39,75,True
0.0,0.08000000000000002,0.13999999999999996,False,True,True,True,True,False,False,42,157,75,59,-0.020959846675395966,7947.4277343752965,0.01580497725970173,42,75,True
0.0,0.10000000000000003,0.13999999999999996,False,True,True,True,True,False,False,45,163,87,71,-0.020959816873073578,7914.990234375295,0.016394873601317736,45,87,True
0.0,0.12000000000000005,0.13999999999999996,False,True,True,True,True,False,False,43,159,71,49,-0.020959816873073578,7950.5693359377965,0.014457758896671046,43,71,True
0.0,0.14000000000000007,0.13999999999999996,False,True,True,True,True,False,False,40,141,52,40,-0.02095983177423477,8026.631835937799,0.019789734976753407,40,52,True
0.0,0.15999999999999998,0.13999999999999996,False,True,True,True,True,False,False,35,127,56,44,-0.02095983177423477,7938.5561523440465,0.015668749987056706,36,56,True
0.0,0.18,0.13999999999999996,False,True,True,True,True,False,False,39,143,65,53,-0.02095983177423477,7841.682128906542,0.013050476528293728,39,65,True
0.0,0.2,0.13999999999999996,False,True,True,True,True,False,False,41,138,68,56,-0.02095983177423477,7721.828125000288,0.010944148720674432,41,68,True
0.0,0.22000000000000003,0.13999999999999996,False,True,True,True,True,False,False,37,131,64,54,-0.02095983177423477,7878.788085937794,0.018553894383522746,37,64,True
0.0,0.24000000000000005,0.13999999999999996,False,True,True,True,True,False,False,32,111,48,48,-0.02095983177423477,8121.423339844053,0.03381591185263014,32,48,True
0.0,0.26000000000000006,0.13999999999999996,True,False,True,True,True,True,False,23,79,41,38,-0.020959846675395966,8258.564453125307,0.05337301557048146,23,41,True
0.0,0.2800000000000001,0.13999999999999996,True,False,True,True,True,True,False,23,77,40,40,-0.020959846675395966,7821.899414062791,0.03337174256150708,23,40,True
0.0,0.3,0.13999999999999996,True,False,True,True,True,True,False,25,86,43,39,-0.020959846675395966,8428.208007812815,0.03318255854497789,25,43,True
0.0,0.32,0.13999999999999996,True,False,True,True,True,True,False,24,83,36,36,-0.015421509742736816,5978.848144531298,0.011475496825312192,24,36,True
0.0,0.34,0.13999999999999996,True,False,False,False,False,False,False,10,36,0,0,0.004426747560501099,0.0,1.4901161193847656e-08,10,0,False
0.0,0.36000000000000004,0.13999999999999996,True,False,False,False,False,False,False,0,0,0,0,,0.0,1.4901161193847656e-08,0,0,False
0.0,0.38000000000000006,0.13999999999999996,True,False,False,False,False,False,False,0,0,0,0,,0.0,1.4901161193847656e-08,0,0,False
0.0,0.4000000000000001,0.13999999999999996,True,False,False,False,False,False,False,0,0,0,0,,0.0,1.4901161193847656e-08,0,0,False
0.0,0.42,0.13999999999999996,True,False,False,False,False,False,False,0,0,0,0,,0.0,1.4901161193847656e-08,0,0,False
0.0,-0.42,0.15999999999999998,True,False,False,False,False,False,False,0,0,0,0,,0.0,2.9802322387695312e-08,0,0,False
0.0,-0.39999999999999997,0.15999999999999998,True,False,False,False,False,False,False,0,0,0,0,,0.0,2.9802322387695312e-08,0,0,False
0.0,-0.38,0.15999999999999998,True,False,False,False,False,False,False,0,0,0,0,,0.0,2.9802322387695312e-08,0,0,False
0.0,-0.36,0.15999999999999998,True,False,False,False,False,False,False,0,0,0,0,,0.0,2.9802322387695312e-08,0,0,False
0.0,-0.33999999999999997,0.15999999999999998,True,False,False,False,False,False,False,13,43,0,0,0.006578236818313599,0.0,2.9802322387695312e-08,13,0,False
0.0,-0.31999999999999995,0.15999999999999998,True,False,True,True,True,True,False,22,79,44,32,-0.01332758367061615,5385.075683593794,0.015696236735061365,22,44,True
0.0,-0.3,0.15999999999999998,True,False,True,True,True,True,False,26,88,48,32,-0.007712244987487793,3467.0148925781527,0.003963820029396291,26,48,True
0.0,-0.27999999999999997,0.15999999999999998,True,False,True,True,True,True,False,25,87,41,29,-0.015837721526622772,3544.0329589845073,0.025647652402285028,25,41,True
0.0,-0.26,0.15999999999999998,True,False,True,True,True,True,False,29,100,41,25,-0.015896011143922806,2972.70525531082,0.027987794466378686,29,41,True
0.0,-0.24,0.15999999999999998,False,True,True,True,True,False,False,33,110,49,35,-0.01705165207386017,7422.044921875059,0.02791828365189053,33,49,True
0.0,-0.21999999999999997,0.15999999999999998,False,True,True,True,True,False,False,38,136,63,51,-0.015914835035800934,5381.02294921895,0.029586253286500847,38,63,True
0.0,-0.19999999999999998,0.15999999999999998,False,True,True,True,True,False,False,47,159,73,55,-0.015914835035800934,5300.637207031447,0.04276299663744605,47,73,True
0.0,-0.18,0.15999999999999998,False,True,True,True,True,False,False,43,151,82,66,-0.015914835035800934,6265.31347656255,0.0058117092042410745,43,82,True
0.0,-0.15999999999999998,0.15999999999999998,False,True,True,True,True,False,False,39,142,70,50,-0.015892641618847847,4296.922851562634,0.004051192669060013,39,70,True
0.0,-0.13999999999999996,0.15999999999999998,False,True,True,True,True,False,False,49,155,66,50,-0.015833422541618347,4018.9475097657496,0.010133337999225108,49,66,True
0.0,-0.12,0.15999999999999998,False,True,True,True,True,False,False,58,198,82,66,-0.014960132539272308,3647.7504882813632,0.009037653667021542,58,82,True
0.0,-0.09999999999999998,0.15999999999999998,False,True,True,True,True,False,False,56,195,103,89,-0.014960125088691711,3781.9584960938673,0.015860050593599264,56,103,True
0.0,-0.07999999999999996,0.15999999999999998,False,True,True,True,True,False,False,50,183,92,78,-0.014960125088691711,3759.771728515742,0.011588969343455728,50,92,True
0.0,-0.06,0.15999999999999998,False,True,True,True,True,False,False,48,171,92,78,-0.014960125088691711,3715.9152832032405,0.010497217782155413,48,92,True
0.0,-0.03999999999999998,0.15999999999999998,False,True,True,True,True,False,False,44,161,84,70,-0.014960125088691711,3702.277832031365,0.012659527131778812,44,84,True
0.0,-0.019999999999999962,0.15999999999999998,False,True,True,True,True,False,False,42,153,84,70,-0.014960125088691711,3695.3752441407396,0.012903665963141265,42,84,True
0.0,0.0,0.15999999999999998,False,True,True,True,True,False,False,42,153,84,70,-0.014960125088691711,3703.61157226574,0.01159663549177729,42,84,True
0.0,0.020000000000000018,0.15999999999999998,False,True,True,True,True,False,False,42,153,84,70,-0.014960125088691711,3702.277343750115,0.012659558953218816,42,84,True
0.0,0.040000000000000036,0.15999999999999998,False,True,True,True,True,False,False,45,162,84,70,-0.014960125088691711,3719.8637695313655,0.011069248074142718,45,84,True
0.0,0.06,0.15999999999999998,False,True,True,True,True,False,False,48,171,92,74,-0.014960125088691711,3675.242431640739,0.0097943691399879,48,92,True
0.0,0.08000000000000002,0.15999999999999998,False,True,True,True,True,False,False,50,184,92,74,-0.014960117638111115,3669.441406250114,0.010750013215322485,50,92,True
0.0,0.10000000000000003,0.15999999999999998,False,True,True,True,True,False,False,53,191,104,86,-0.014960117638111115,3709.918457031365,0.015693310833617982,53,104,True
0.0,0.12000000000000005,0.15999999999999998,False,True,True,True,True,False,False,53,179,80,64,-0.014960117638111115,3691.5222167969896,0.011468787149339717,53,80,True
0.0,0.14000000000000007,0.15999999999999998,False,True,True,True,True,False,False,46,153,69,57,-0.015819311141967773,3691.1125488282396,0.015010502463423175,46,69,True
0.0,0.15999999999999998,0.15999999999999998,False,True,True,True,True,False,False,44,153,71,61,-0.015877600759267807,4618.679687500144,0.012470912424042559,44,71,True
0.0,0.18,0.15999999999999998,False,True,True,True,True,False,False,45,154,83,79,-0.015914782881736755,7395.851074218809,0.009115897862812316,45,83,True
0.0,0.2,0.15999999999999998,False,True,True,True,True,False,False,49,162,82,71,-0.015914782881736755,4643.252929687644,0.018960788004407012,49,82,True
0.0,0.22000000000000003,0.15999999999999998,False,True,True,True,True,False,False,45,153,67,61,-0.015914790332317352,5161.621093750161,0.02750896443053617,45,67,True
0.0,0.24000000000000005,0.15999999999999998,False,True,True,True,True,False,False,40,122,58,54,-0.019176244735717773,7550.572265625061,0.024528396045583083,40,58,True
0.0,0.26000000000000006,0.15999999999999998,True,False,True,True,True,True,False,32,105,41,38,-0.015911251306533813,4529.617512042893,0.02847156024950594,32,41,True
0.0,0.2800000000000001,0.15999999999999998,True,False,True,True,True,True,False,28,95,44,44,-0.015852032229304314,2640.6883333966753,0.044957277154624324,28,44,True
0.0,0.3,0.15999999999999998,True,False,True,True,True,True,False,35,109,47,43,-0.012567207217216492,2782.2958984375223,0.012561179934896477,35,47,True
0.0,0.32,0.15999999999999998,True,False,True,True,True,True,False,28,90,40,40,-0.015421509742736816,3460.1132812500273,0.011293798688848717,28,40,True
0.0,0.34,0.15999999999999998,True,False,False,False,False,False,False,13,42,0,0,0.004426747560501099,0.0,2.9802322387695312e-08,13,0,False
0.0,0.36000000000000004,0.15999999999999998,True,False,False,False,False,False,False,0,0,0,0,,0.0,2.9802322387695312e-08,0,0,False
0.0,0.38000000000000006,0.15999999999999998,True,False,False,False,False,False,False,0,0,0,0,,0.0,2.9802322387695312e-08,0,0,False
0.0,0.4000000000000001,0.15999999999999998,True,False,False,False,False,False,False,0,0,0,0,,0.0,2.9802322387695312e-08,0,0,False
0.0,0.42,0.15999999999999998,True,False,False,False,False,False,False,0,0,0,0,,0.0,2.9802322387695312e-08,0,0,False
0.0,-0.42,0.18,True,False,False,False,False,False,False,0,0,0,0,,0.0,2.9802322387695312e-08,0,0,False
0.0,-0.39999999999999997,0.18,True,False,False,False,False,False,False,0,0,0,0,,0.0,2.9802322387695312e-08,0,0,False
0.0,-0.38,0.18,True,False,False,False,False,False,False,0,0,0,0,,0.0,2.9802322387695312e-08,0,0,False
0.0,-0.36,0.18,True,False,False,False,False,False,False,0,0,0,0,,0.0,2.9802322387695312e-08,0,0,False
0.0,-0.33999999999999997,0.18,True,False,False,False,False,False,False,9,18,0,0,0.00694110244512558,0.0,2.9802322387695312e-08,9,0,False
0.0,-0.31999999999999995,0.18,True,False,True,True,True,True,False,20,66,17,11,-0.012077100574970245,49.73903656006045,0.0023131698719081684,20,17,True
0.0,-0.3,0.18,True,False,True,True,True,True,False,25,82,32,24,-0.011174134910106659,3137.112528515055,0.007206536673345586,25,32,True
0.0,-0.27999999999999997,0.18,True,False,True,True,True,True,False,24,88,35,31,-0.01237235963344574,4130.059638160881,0.02634253586638223,24,35,True
0.0,-0.26,0.18,True,False,True,True,True,True,False,26,91,36,32,-0.012457489967346191,4625.212572644334,0.02792036738139866,26,36,True
0.0,-0.24,0.18,False,True,True,True,True,False,False,30,94,33,28,-0.012492596171796322,5626.608398437675,0.03257904716895632,31,33,True
0.0,-0.21999999999999997,0.18,False,True,True,True,True,False,False,33,113,31,26,-0.0124996742233634,5499.111328125171,0.030964368317536035,33,34,True
0.0,-0.19999999999999998,0.18,False,True,True,True,True,False,False,44,144,39,34,-0.012510105967521667,5252.215820312663,0.04290309824882301,43,36,True
0.0,-0.18,0.18,False,True,True,True,True,False,False,41,143,45,36,-0.01251859962940216,4875.405761718901,0.04736772715853757,41,45,True
0.0,-0.15999999999999998,0.18,False,True,True,True,True,False,False,37,137,42,34,-0.012467987835407257,4379.355957031386,0.014802142740965626,36,42,True
0.0,-0.13999999999999996,0.18,False,True,True,True,True,False,False,45,146,42,34,-0.012376241385936737,4413.237304687636,0.014487034441201129,45,42,True
0.0,-0.12,0.18,False,True,True,True,True,False,False,55,180,56,48,-0.008822910487651825,4607.926269531393,0.004093220788906634,55,56,True
0.0,-0.09999999999999998,0.18,False,True,True,True,True,False,False,57,193,58,51,-0.010254308581352234,4206.349609375131,0.01739355030447463,56,58,True
0.0,-0.07999999999999996,0.18,False,True,True,True,True,False,False,49,173,53,47,-0.010254308581352234,3759.347656250117,0.009500359944838702,50,53,True
0.0,-0.06,0.18,False,True,True,True,True,False,False,47,163,50,44,-0.010254308581352234,3155.9570312500978,0.016310613258475062,47,50,True
0.0,-0.03999999999999998,0.18,False,True,True,True,True,False,False,41,145,47,40,-0.005423977971076965,3015.2502441407373,0.02046427600925305,41,47,True
0.0,-0.019999999999999962,0.18,False,True,True,True,True,False,False,40,141,47,40,-0.005423977971076965,3015.2478027344873,0.020464275711367132,40,47,True
0.0,0.0,0.18,False,True,True,True,True,False,False,40,141,47,40,-0.005423985421657562,2976.423828125111,0.023804518717846713,40,47,True
0.0,0.020000000000000018,0.18,False,True,True,True,True,False,False,40,142,47,40,-0.005423985421657562,3015.2507324219873,0.020464276307139637,40,47,True
0.0,0.040000000000000036,0.18,False,True,True,True,True,False,False,41,146,47,40,-0.005423985421657562,3015.2487792969873,0.020464273328304076,41,47,True
0.0,0.06,0.18,False,True,True,True,True,False,False,45,161,51,44,-0.011174120008945465,2911.6772460938582,0.0022838436472128938,46,51,True
0.0,0.08000000000000002,0.18,False,True,True,True,True,False,False,48,170,54,47,-0.011174120008945465,2899.7736816407332,0.003449024123206288,47,54,True
0.0,0.10000000000000003,0.18,False,True,True,True,True,False,False,52,183,58,52,-0.011174120008945465,3396.1127929688555,0.002405773040674383,52,58,True
0.0,0.12000000000000005,0.18,False,True,True,True,True,False,False,51,169,53,43,-0.008822895586490631,4200.06933593763,0.013798937126602387,51,53,True
0.0,0.14000000000000007,0.18,False,True,True,True,True,False,False,44,152,45,42,-0.012345530092716217,5220.911621093912,0.011898380565050283,44,45,True
0.0,0.15999999999999998,0.18,False,True,True,True,True,False,False,42,146,45,42,-0.01243070513010025,5613.583470853731,0.013707472485620133,41,45,True
0.0,0.18,0.18,False,True,True,True,True,False,False,45,160,50,45,-0.01248680055141449,7471.485839843982,0.02607090729299565,45,50,True
0.0,0.2,0.18,False,True,True,True,True,False,False,45,151,43,39,-0.012498623691499233,7505.181875412799,0.030620848086839125,46,43,True
0.0,0.22000000000000003,0.18,False,True,True,True,True,False,False,39,135,44,42,-0.012507349252700806,6498.395996093952,0.024175933434656037,39,44,True
0.0,0.24000000000000005,0.18,False,True,True,True,True,False,False,39,123,41,39,-0.012512748129665852,7110.728561379267,0.038675277220460394,40,41,True
0.0,0.26000000000000006,0.18,True,False,True,True,True,True,False,33,111,40,39,-0.012496910989284515,6186.982910156442,0.030541151754505676,33,40,True
0.0,0.2800000000000001,0.18,True,False,True,True,True,True,False,30,104,39,39,-0.012405164539813995,5147.68457031266,0.034524616115805484,30,39,True
0.0,0.3,0.18,True,False,True,True,True,True,False,32,104,40,36,-0.012313418090343475,3661.3203125001137,0.0310522201206666,32,40,True
0.0,0.32,0.18,True,False,True,True,True,True,False,30,87,20,16,-0.012192711234092712,22.904989242554564,0.005550870880429692,30,20,True
0.0,0.34,0.18,True,False,False,False,False,False,False,10,18,0,0,0.004771367181092501,0.0,2.9802322387695312e-08,10,0,False
0.0,0.36000000000000004,0.18,True,False,False,False,False,False,False,0,0,0,0,,0.0,2.9802322387695312e-08,0,0,False
0.0,0.38000000000000006,0.18,True,False,False,False,False,False,False,0,0,0,0,,0.0,2.9802322387695312e-08,0,0,False
0.0,0.4000000000000001,0.18,True,False,False,False,False,False,False,0,0,0,0,,0.0,2.9802322387695312e-08,0,0,False
0.0,0.42,0.18,True,False,False,False,False,False,False,0,0,0,0,,0.0,2.9802322387695312e-08,0,0,False
0.0,-0.42,0.2,True,False,False,False,False,False,False,0,0,0,0,,0.0,2.9802322387695312e-08,0,0,False
0.0,-0.39999999999999997,0.2,True,False,False,False,False,False,False,0,0,0,0,,0.0,2.9802322387695312e-08,0,0,False
0.0,-0.38,0.2,True,False,False,False,False,False,False,0,0,0,0,,0.0,2.9802322387695312e-08,0,0,False
0.0,-0.36,0.2,True,False,False,False,False,False,False,0,0,0,0,,0.0,2.9802322387695312e-08,0,0,False
0.0,-0.33999999999999997,0.2,True,False,False,False,False,False,False,2,5,0,0,0.015444576740264893,0.0,2.9802322387695312e-08,2,0,False
0.0,-0.31999999999999995,0.2,True,False,False,False,False,False,False,9,18,0,0,0.007879853248596191,0.0,2.9802322387695312e-08,9,0,False
0.0,-0.3,0.2,True,False,False,False,False,False,False,15,33,0,0,0.007712617516517639,0.0,2.9802322387695312e-08,14,0,False
0.0,-0.27999999999999997,0.2,True,False,False,False,False,False,False,11,32,0,0,0.0076274871826171875,0.0,2.9802322387695312e-08,11,0,False
0.0,-0.26,0.2,True,False,False,False,False,False,False,11,32,0,0,0.007542327046394348,0.0,2.9802322387695312e-08,10,0,False
0.0,-0.24,0.2,True,False,False,False,False,False,False,12,27,0,0,0.007508085574954748,0.0,2.9802322387695312e-08,12,0,False
0.0,-0.21999999999999997,0.2,True,False,False,False,False,False,False,12,25,0,0,0.007500334642827511,0.0,2.9802322387695312e-08,12,0,False
0.0,-0.19999999999999998,0.2,True,False,False,False,False,False,False,15,34,0,0,0.007489912211894989,0.0,2.9802322387695312e-08,15,0,False
0.0,-0.18,0.2,True,False,False,False,False,False,False,15,38,0,0,0.007481418550014496,0.0,2.9802322387695312e-08,15,0,False
0.0,-0.15999999999999998,0.2,True,False,False,False,False,False,False,14,34,0,0,0.007481418550014496,0.0,2.9802322387695312e-08,14,0,False
0.0,-0.13999999999999996,0.2,True,False,False,False,False,False,False,20,40,0,0,0.007481418550014496,0.0,2.9802322387695312e-08,20,0,False
0.0,-0.12,0.2,True,False,False,False,False,False,False,20,48,0,0,0.0077155232429504395,0.0,2.9802322387695312e-08,19,0,False
0.0,-0.09999999999999998,0.2,True,False,False,False,False,False,False,22,54,0,0,0.007623679935932159,0.0,2.980237923100575e-08,22,0,False
0.0,-0.07999999999999996,0.2,True,False,False,False,False,False,False,21,51,0,0,0.007715433835983276,0.0,2.9802322387695312e-08,21,0,False
0.0,-0.06,0.2,True,False,False,False,False,False,False,19,45,0,0,0.0077666789293289185,0.0,2.9802322387695312e-08,19,0,False
0.0,-0.03999999999999998,0.2,True,False,False,False,False,False,False,17,43,0,0,0.00848634634166956,0.0,2.9802322387695312e-08,17,0,False
0.0,-0.019999999999999962,0.2,True,False,False,False,False,False,False,17,40,0,0,0.008560587652027607,0.0,2.9802322387695312e-08,17,0,False
0.0,0.0,0.2,True,False,False,False,False,False,False,17,40,0,0,0.008555077947676182,0.0,2.9802322387695312e-08,17,0,False
0.0,0.020000000000000018,0.2,True,False,False,False,False,False,False,17,40,0,0,0.00857070367783308,0.0,2.9802322387695312e-08,17,0,False
0.0,0.040000000000000036,0.2,True,False,False,False,False,False,False,17,43,0,0,0.008576800115406513,0.0,2.9802322387695312e-08,17,0,False
0.0,0.06,0.2,True,False,False,False,False,False,False,19,46,0,0,0.007790934760123491,0.0,2.9802322387695312e-08,19,0,False
0.0,0.08000000000000002,0.2,True,False,False,False,False,False,False,17,47,0,0,0.007705137133598328,0.0,2.9802322387695312e-08,17,0,False
0.0,0.10000000000000003,0.2,True,False,False,False,False,False,False,19,52,0,0,0.007619984447956085,0.0,2.9802322387695312e-08,19,0,False
0.0,0.12000000000000005,0.2,True,False,False,False,False,False,False,23,53,0,0,0.007534869015216827,0.0,2.9802322387695312e-08,23,0,False
0.0,0.14000000000000007,0.2,True,False,False,False,False,False,False,19,43,0,0,0.007513217628002167,0.0,2.9802322387695312e-08,19,0,False
0.0,0.15999999999999998,0.2,True,False,False,False,False,False,False,17,39,0,0,0.007513217628002167,0.0,2.9802322387695312e-08,17,0,False
0.0,0.18,0.2,True,False,False,False,False,False,False,15,34,0,0,0.007513217628002167,0.0,2.9802322387695312e-08,16,0,False
0.0,0.2,0.2,True,False,False,False,False,False,False,16,36,0,0,0.007501383777707815,0.0,2.9802322387695312e-08,16,0,False
0.0,0.22000000000000003,0.2,True,False,False,False,False,False,False,16,37,0,0,0.007492668926715851,0.0,2.9802322387695312e-08,16,0,False
0.0,0.24000000000000005,0.2,True,False,False,False,False,False,False,16,30,0,0,0.007483825087547302,0.0,2.9802322387695312e-08,16,0,False
0.0,0.26000000000000006,0.2,True,False,False,False,False,False,False,16,40,0,0,0.007503107190132141,0.0,2.9802322387695312e-08,16,0,False
0.0,0.2800000000000001,0.2,True,False,False,False,False,False,False,16,40,0,0,0.007594853639602661,0.0,2.9802322387695312e-08,16,0,False
0.0,0.3,0.2,True,False,False,False,False,False,False,18,42,0,0,0.007723450660705566,0.0,2.9802322387695312e-08,18,0,False
0.0,0.32,0.2,True,False,False,False,False,False,False,10,18,0,0,0.007773958146572113,0.0,2.9802322387695312e-08,10,0,False
0.0,0.34,0.2,True,False,False,False,False,False,False,2,6,0,0,0.015034646727144718,0.0,2.9802322387695312e-08,2,0,False
0.0,0.36000000000000004,0.2,True,False,False,False,False,False,False,0,0,0,0,,0.0,2.9802322387695312e-08,0,0,False
0.0,0.38000000000000006,0.2,True,False,False,False,False,False,False,0,0,0,0,,0.0,2.9802322387695312e-08,0,0,False
0.0,0.4000000000000001,0.2,True,False,False,False,False,False,False,0,0,0,0,,0.0,2.9802322387695312e-08,0,0,False
0.0,0.42,0.2,True,False,False,False,False,False,False,0,0,0,0,,0.0,2.9802322387695312e-08,0,0,False
0.0,-0.42,0.22000000000000003,True,False,False,False,False,False,False,0,0,0,0,,0.0,2.9802322387695312e-08,0,0,False
0.0,-0.39999999999999997,0.22000000000000003,True,False,False,False,False,False,False,0,0,0,0,,0.0,2.9802322387695312e-08,0,0,False
0.0,-0.38,0.22000000000000003,True,False,False,False,False,False,False,0,0,0,0,,0.0,2.9802322387695312e-08,0,0,False
0.0,-0.36,0.22000000000000003,True,False,False,False,False,False,False,0,0,0,0,,0.0,2.9802322387695312e-08,0,0,False
0.0,-0.33999999999999997,0.22000000000000003,True,False,False,False,False,False,False,0,0,0,0,,0.0,2.9802322387695312e-08,0,0,False
0.0,-0.31999999999999995,0.22000000000000003,True,False,False,False,False,False,False,0,0,0,0,,0.0,2.9802322387695312e-08,0,0,False
0.0,-0.3,0.22000000000000003,True,False,False,False,False,False,False,0,0,0,0,,0.0,2.9802322387695312e-08,0,0,False
0.0,-0.27999999999999997,0.22000000000000003,True,False,False,False,False,False,False,0,0,0,0,,0.0,2.9802322387695312e-08,0,0,False
0.0,-0.26,0.22000000000000003,True,False,False,False,False,False,False,0,0,0,0,,0.0,2.9802322387695312e-08,0,0,False
0.0,-0.24,0.22000000000000003,True,False,False,False,False,False,False,0,0,0,0,,0.0,2.9802322387695312e-08,0,0,False
0.0,-0.21999999999999997,0.22000000000000003,True,False,False,False,False,False,False,0,0,0,0,,0.0,2.9802322387695312e-08,0,0,False
0.0,-0.19999999999999998,0.22000000000000003,True,False,False,False,False,False,False,0,0,0,0,,0.0,2.9802322387695312e-08,0,0,False
0.0,-0.18,0.22000000000000003,True,False,False,False,False,False,False,0,0,0,0,,0.0,2.9802322387695312e-08,0,0,False
0.0,-0.15999999999999998,0.22000000000000003,True,False,False,False,False,False,False,0,0,0,0,,0.0,2.9802322387695312e-08,0,0,False
0.0,-0.13999999999999996,0.22000000000000003,True,False,False,False,False,False,False,0,0,0,0,,0.0,2.9802322387695312e-08,0,0,False
0.0,-0.12,0.22000000000000003,True,False,False,False,False,False,False,0,0,0,0,,0.0,2.9802322387695312e-08,0,0,False
0.0,-0.09999999999999998,0.22000000000000003,True,False,False,False,False,False,False,0,0,0,0,,0.0,2.980237923100575e-08,0,0,False
0.0,-0.07999999999999996,0.22000000000000003,True,False,False,False,False,False,False,0,0,0,0,,0.0,2.9802322387695312e-08,0,0,False
0.0,-0.06,0.22000000000000003,True,False,False,False,False,False,False,0,0,0,0,,0.0,2.9802322387695312e-08,0,0,False
0.0,-0.03999999999999998,0.22000000000000003,True,False,False,False,False,False,False,0,0,0,0,,0.0,2.9802322387695312e-08,0,0,False
0.0,-0.019999999999999962,0.22000000000000003,True,False,False,False,False,False,False,0,0,0,0,,0.0,2.9802322387695312e-08,0,0,False
0.0,0.0,0.22000000000000003,True,False,False,False,False,False,False,0,0,0,0,,0.0,2.9802322387695312e-08,0,0,False
0.0,0.020000000000000018,0.22000000000000003,True,False,False,False,False,False,False,0,0,0,0,,0.0,2.9802322387695312e-08,0,0,False
0.0,0.040000000000000036,0.22000000000000003,True,False,False,False,False,False,False,0,0,0,0,,0.0,2.9802322387695312e-08,0,0,False
0.0,0.06,0.22000000000000003,True,False,False,False,False,False,False,0,0,0,0,,0.0,2.9802322387695312e-08,0,0,False
0.0,0.08000000000000002,0.22000000000000003,True,False,False,False,False,False,False,0,0,0,0,,0.0,2.9802322387695312e-08,0,0,False
0.0,0.10000000000000003,0.22000000000000003,True,False,False,False,False,False,False,0,0,0,0,,0.0,2.9802322387695312e-08,0,0,False
0.0,0.12000000000000005,0.22000000000000003,True,False,False,False,False,False,False,0,0,0,0,,0.0,2.9802322387695312e-08,0,0,False
0.0,0.14000000000000007,0.22000000000000003,True,False,False,False,False,False,False,0,0,0,0,,0.0,2.9802322387695312e-08,0,0,False
0.0,0.15999999999999998,0.22000000000000003,True,False,False,False,False,False,False,0,0,0,0,,0.0,2.9802322387695312e-08,0,0,False
0.0,0.18,0.22000000000000003,True,False,False,False,False,False,False,0,0,0,0,,0.0,2.9802322387695312e-08,0,0,False
0.0,0.2,0.22000000000000003,True,False,False,False,False,False,False,0,0,0,0,,0.0,2.9802322387695312e-08,0,0,False
0.0,0.22000000000000003,0.22000000000000003,True,False,False,False,False,False,False,0,0,0,0,,0.0,2.9802322387695312e-08,0,0,False
0.0,0.24000000000000005,0.22000000000000003,True,False,False,False,False,False,False,0,0,0,0,,0.0,2.9802322387695312e-08,0,0,False
0.0,0.26000000000000006,0.22000000000000003,True,False,False,False,False,False,False,0,0,0,0,,0.0,2.9802322387695312e-08,0,0,False
0.0,0.2800000000000001,0.22000000000000003,True,False,False,False,False,False,False,0,0,0,0,,0.0,2.9802322387695312e-08,0,0,False
0.0,0.3,0.22000000000000003,True,False,False,False,False,False,False,0,0,0,0,,0.0,2.9802322387695312e-08,0,0,False
0.0,0.32,0.22000000000000003,True,False,False,False,False,False,False,0,0,0,0,,0.0,2.9802322387695312e-08,0,0,False
0.0,0.34,0.22000000000000003,True,False,False,False,False,False,False,0,0,0,0,,0.0,2.9802322387695312e-08,0,0,False
0.0,0.36000000000000004,0.22000000000000003,True,False,False,False,False,False,False,0,0,0,0,,0.0,2.9802322387695312e-08,0,0,False
0.0,0.38000000000000006,0.22000000000000003,True,False,False,False,False,False,False,0,0,0,0,,0.0,2.9802322387695312e-08,0,0,False
0.0,0.4000000000000001,0.22000000000000003,True,False,False,False,False,False,False,0,0,0,0,,0.0,2.9802322387695312e-08,0,0,False
0.0,0.42,0.22000000000000003,True,False,False,False,False,False,False,0,0,0,0,,0.0,2.9802322387695312e-08,0,0,False
0.0,-0.42,0.23999999999999994,True,False,False,False,False,False,False,0,0,0,0,,0.0,2.9802322387695312e-08,0,0,False
0.0,-0.39999999999999997,0.23999999999999994,True,False,False,False,False,False,False,0,0,0,0,,0.0,2.9802322387695312e-08,0,0,False
0.0,-0.38,0.23999999999999994,True,False,False,False,False,False,False,0,0,0,0,,0.0,2.9802322387695312e-08,0,0,False
0.0,-0.36,0.23999999999999994,True,False,False,False,False,False,False,0,0,0,0,,0.0,2.9802322387695312e-08,0,0,False
0.0,-0.33999999999999997,0.23999999999999994,True,False,False,False,False,False,False,0,0,0,0,,0.0,2.9802322387695312e-08,0,0,False
0.0,-0.31999999999999995,0.23999999999999994,True,False,False,False,False,False,False,0,0,0,0,,0.0,2.9802322387695312e-08,0,0,False
0.0,-0.3,0.23999999999999994,True,False,False,False,False,False,False,0,0,0,0,,0.0,2.9802322387695312e-08,0,0,False
0.0,-0.27999999999999997,0.23999999999999994,True,False,False,False,False,False,False,0,0,0,0,,0.0,2.9802322387695312e-08,0,0,False
0.0,-0.26,0.23999999999999994,True,False,False,False,False,False,False,0,0,0,0,,0.0,2.9802322387695312e-08,0,0,False
0.0,-0.24,0.23999999999999994,True,False,False,False,False,False,False,0,0,0,0,,0.0,2.9802322387695312e-08,0,0,False
0.0,-0.21999999999999997,0.23999999999999994,True,False,False,False,False,False,False,0,0,0,0,,0.0,2.9802322387695312e-08,0,0,False
0.0,-0.19999999999999998,0.23999999999999994,True,False,False,False,False,False,False,0,0,0,0,,0.0,2.9802322387695312e-08,0,0,False
0.0,-0.18,0.23999999999999994,True,False,False,False,False,False,False,0,0,0,0,,0.0,2.9802322387695312e-08,0,0,False
0.0,-0.15999999999999998,0.23999999999999994,True,False,False,False,False,False,False,0,0,0,0,,0.0,2.9802322387695312e-08,0,0,False
0.0,-0.13999999999999996,0.23999999999999994,True,False,False,False,False,False,False,0,0,0,0,,0.0,2.9802322387695312e-08,0,0,False
0.0,-0.12,0.23999999999999994,True,False,False,False,False,False,False,0,0,0,0,,0.0,2.9802322387695312e-08,0,0,False
0.0,-0.09999999999999998,0.23999999999999994,True,False,False,False,False,False,False,0,0,0,0,,0.0,2.980237923100575e-08,0,0,False
0.0,-0.07999999999999996,0.23999999999999994,True,False,False,False,False,False,False,0,0,0,0,,0.0,2.9802322387695312e-08,0,0,False
0.0,-0.06,0.23999999999999994,True,False,False,False,False,False,False,0,0,0,0,,0.0,2.9802322387695312e-08,0,0,False
0.0,-0.03999999999999998,0.23999999999999994,True,False,False,False,False,False,False,0,0,0,0,,0.0,2.9802322387695312e-08,0,0,False
0.0,-0.019999999999999962,0.23999999999999994,True,False,False,False,False,False,False,0,0,0,0,,0.0,2.9802322387695312e-08,0,0,False
0.0,0.0,0.23999999999999994,True,False,False,False,False,False,False,0,0,0,0,,0.0,2.9802322387695312e-08,0,0,False
0.0,0.020000000000000018,0.23999999999999994,True,False,False,False,False,False,False,0,0,0,0,,0.0,2.9802322387695312e-08,0,0,False
0.0,0.040000000000000036,0.23999999999999994,True,False,False,False,False,False,False,0,0,0,0,,0.0,2.9802322387695312e-08,0,0,False
0.0,0.06,0.23999999999999994,True,False,False,False,False,False,False,0,0,0,0,,0.0,2.9802322387695312e-08,0,0,False
0.0,0.08000000000000002,0.23999999999999994,True,False,False,False,False,False,False,0,0,0,0,,0.0,2.9802322387695312e-08,0,0,False
0.0,0.10000000000000003,0.23999999999999994,True,False,False,False,False,False,False,0,0,0,0,,0.0,2.9802322387695312e-08,0,0,False
0.0,0.12000000000000005,0.23999999999999994,True,False,False,False,False,False,False,0,0,0,0,,0.0,2.9802322387695312e-08,0,0,False
0.0,0.14000000000000007,0.23999999999999994,True,False,False,False,False,False,False,0,0,0,0,,0.0,2.9802322387695312e-08,0,0,False
0.0,0.15999999999999998,0.23999999999999994,True,False,False,False,False,False,False,0,0,0,0,,0.0,2.9802322387695312e-08,0,0,False
0.0,0.18,0.23999999999999994,True,False,False,False,False,False,False,0,0,0,0,,0.0,2.9802322387695312e-08,0,0,False
0.0,0.2,0.23999999999999994,True,False,False,False,False,False,False,0,0,0,0,,0.0,2.9802322387695312e-08,0,0,False
0.0,0.22000000000000003,0.23999999999999994,True,False,False,False,False,False,False,0,0,0,0,,0.0,2.9802322387695312e-08,0,0,False
0.0,0.24000000000000005,0.23999999999999994,True,False,False,False,False,False,False,0,0,0,0,,0.0,2.9802322387695312e-08,0,0,False
0.0,0.26000000000000006,0.23999999999999994,True,False,False,False,False,False,False,0,0,0,0,,0.0,2.9802322387695312e-08,0,0,False
0.0,0.2800000000000001,0.23999999999999994,True,False,False,False,False,False,False,0,0,0,0,,0.0,2.9802322387695312e-08,0,0,False
0.0,0.3,0.23999999999999994,True,False,False,False,False,False,False,0,0,0,0,,0.0,2.9802322387695312e-08,0,0,False
0.0,0.32,0.23999999999999994,True,False,False,False,False,False,False,0,0,0,0,,0.0,2.9802322387695312e-08,0,0,False
0.0,0.34,0.23999999999999994,True,False,False,False,False,False,False,0,0,0,0,,0.0,2.9802322387695312e-08,0,0,False
0.0,0.36000000000000004,0.23999999999999994,True,False,False,False,False,False,False,0,0,0,0,,0.0,2.9802322387695312e-08,0,0,False
0.0,0.38000000000000006,0.23999999999999994,True,False,False,False,False,False,False,0,0,0,0,,0.0,2.9802322387695312e-08,0,0,False
0.0,0.4000000000000001,0.23999999999999994,True,False,False,False,False,False,False,0,0,0,0,,0.0,2.9802322387695312e-08,0,0,False
0.0,0.42,0.23999999999999994,True,False,False,False,False,False,False,0,0,0,0,,0.0,2.9802322387695312e-08,0,0,False
0.0,-0.42,0.25999999999999995,True,False,False,False,False,False,False,0,0,0,0,,0.0,2.9802322387695312e-08,0,0,False
0.0,-0.39999999999999997,0.25999999999999995,True,False,False,False,False,False,False,0,0,0,0,,0.0,2.9802322387695312e-08,0,0,False
0.0,-0.38,0.25999999999999995,True,False,False,False,False,False,False,0,0,0,0,,0.0,2.9802322387695312e-08,0,0,False
0.0,-0.36,0.25999999999999995,True,False,False,False,False,False,False,0,0,0,0,,0.0,2.9802322387695312e-08,0,0,False
0.0,-0.33999999999999997,0.25999999999999995,True,False,False,False,False,False,False,0,0,0,0,,0.0,2.9802322387695312e-08,0,0,False
0.0,-0.31999999999999995,0.25999999999999995,True,False,False,False,False,False,False,0,0,0,0,,0.0,2.9802322387695312e-08,0,0,False
0.0,-0.3,0.25999999999999995,True,False,False,False,False,False,False,0,0,0,0,,0.0,2.9802322387695312e-08,0,0,False
0.0,-0.27999999999999997,0.25999999999999995,True,False,False,False,False,False,False,0,0,0,0,,0.0,2.9802322387695312e-08,0,0,False
0.0,-0.26,0.25999999999999995,True,False,False,False,False,False,False,0,0,0,0,,0.0,2.9802322387695312e-08,0,0,False
0.0,-0.24,0.25999999999999995,True,False,False,False,False,False,False,0,0,0,0,,0.0,2.9802322387695312e-08,0,0,False
0.0,-0.21999999999999997,0.25999999999999995,True,False,False,False,False,False,False,0,0,0,0,,0.0,2.9802322387695312e-08,0,0,False
0.0,-0.19999999999999998,0.25999999999999995,True,False,False,False,False,False,False,0,0,0,0,,0.0,2.9802322387695312e-08,0,0,False
0.0,-0.18,0.25999999999999995,True,False,False,False,False,False,False,0,0,0,0,,0.0,2.9802322387695312e-08,0,0,False
0.0,-0.15999999999999998,0.25999999999999995,True,False,False,False,False,False,False,0,0,0,0,,0.0,2.9802322387695312e-08,0,0,False
0.0,-0.13999999999999996,0.25999999999999995,True,False,False,False,False,False,False,0,0,0,0,,0.0,2.9802322387695312e-08,0,0,False
0.0,-0.12,0.25999999999999995,True,False,False,False,False,False,False,0,0,0,0,,0.0,2.9802322387695312e-08,0,0,False
0.0,-0.09999999999999998,0.25999999999999995,True,False,False,False,False,False,False,0,0,0,0,,0.0,2.980237923100575e-08,0,0,False
0.0,-0.07999999999999996,0.25999999999999995,True,False,False,False,False,False,False,0,0,0,0,,0.0,2.9802322387695312e-08,0,0,False
0.0,-0.06,0.25999999999999995,True,False,False,False,False,False,False,0,0,0,0,,0.0,2.9802322387695312e-08,0,0,False
0.0,-0.03999999999999998,0.25999999999999995,True,False,False,False,False,False,False,0,0,0,0,,0.0,2.9802322387695312e-08,0,0,False
0.0,-0.019999999999999962,0.25999999999999995,True,False,False,False,False,False,False,0,0,0,0,,0.0,2.9802322387695312e-08,0,0,False
0.0,0.0,0.25999999999999995,True,False,False,False,False,False,False,0,0,0,0,,0.0,2.9802322387695312e-08,0,0,False
0.0,0.020000000000000018,0.25999999999999995,True,False,False,False,False,False,False,0,0,0,0,,0.0,2.9802322387695312e-08,0,0,False
0.0,0.040000000000000036,0.25999999999999995,True,False,False,False,False,False,False,0,0,0,0,,0.0,2.9802322387695312e-08,0,0,False
0.0,0.06,0.25999999999999995,True,False,False,False,False,False,False,0,0,0,0,,0.0,2.9802322387695312e-08,0,0,False
0.0,0.08000000000000002,0.25999999999999995,True,False,False,False,False,False,False,0,0,0,0,,0.0,2.9802322387695312e-08,0,0,False
0.0,0.10000000000000003,0.25999999999999995,True,False,False,False,False,False,False,0,0,0,0,,0.0,2.9802322387695312e-08,0,0,False
0.0,0.12000000000000005,0.25999999999999995,True,False,False,False,False,False,False,0,0,0,0,,0.0,2.9802322387695312e-08,0,0,False
0.0,0.14000000000000007,0.25999999999999995,True,False,False,False,False,False,False,0,0,0,0,,0.0,2.9802322387695312e-08,0,0,False
0.0,0.15999999999999998,0.25999999999999995,True,False,False,False,False,False,False,0,0,0,0,,0.0,2.9802322387695312e-08,0,0,False
0.0,0.18,0.25999999999999995,True,False,False,False,False,False,False,0,0,0,0,,0.0,2.9802322387695312e-08,0,0,False
0.0,0.2,0.25999999999999995,True,False,False,False,False,False,False,0,0,0,0,,0.0,2.9802322387695312e-08,0,0,False
0.0,0.22000000000000003,0.25999999999999995,True,False,False,False,False,False,False,0,0,0,0,,0.0,2.9802322387695312e-08,0,0,False
0.0,0.24000000000000005,0.25999999999999995,True,False,False,False,False,False,False,0,0,0,0,,0.0,2.9802322387695312e-08,0,0,False
0.0,0.26000000000000006,0.25999999999999995,True,False,False,False,False,False,False,0,0,0,0,,0.0,2.9802322387695312e-08,0,0,False
0.0,0.2800000000000001,0.25999999999999995,True,False,False,False,False,False,False,0,0,0,0,,0.0,2.9802322387695312e-08,0,0,False
0.0,0.3,0.25999999999999995,True,False,False,False,False,False,False,0,0,0,0,,0.0,2.9802322387695312e-08,0,0,False
0.0,0.32,0.25999999999999995,True,False,False,False,False,False,False,0,0,0,0,,0.0,2.9802322387695312e-08,0,0,False
0.0,0.34,0.25999999999999995,True,False,False,False,False,False,False,0,0,0,0,,0.0,2.9802322387695312e-08,0,0,False
0.0,0.36000000000000004,0.25999999999999995,True,False,False,False,False,False,False,0,0,0,0,,0.0,2.9802322387695312e-08,0,0,False
0.0,0.38000000000000006,0.25999999999999995,True,False,False,False,False,False,False,0,0,0,0,,0.0,2.9802322387695312e-08,0,0,False
0.0,0.4000000000000001,0.25999999999999995,True,False,False,False,False,False,False,0,0,0,0,,0.0,2.9802322387695312e-08,0,0,False
0.0,0.42,0.25999999999999995,True,False,False,False,False,False,False,0,0,0,0,,0.0,2.9802322387695312e-08,0,0,False
0.0,-0.42,0.27999999999999997,True,False,False,False,False,False,False,0,0,0,0,,0.0,2.9802322387695312e-08,0,0,False
0.0,-0.39999999999999997,0.27999999999999997,True,False,False,False,False,False,False,0,0,0,0,,0.0,2.9802322387695312e-08,0,0,False
0.0,-0.38,0.27999999999999997,True,False,False,False,False,False,False,0,0,0,0,,0.0,2.9802322387695312e-08,0,0,False
0.0,-0.36,0.27999999999999997,True,False,False,False,False,False,False,0,0,0,0,,0.0,2.9802322387695312e-08,0,0,False
0.0,-0.33999999999999997,0.27999999999999997,True,False,False,False,False,False,False,0,0,0,0,,0.0,2.9802322387695312e-08,0,0,False
0.0,-0.31999999999999995,0.27999999999999997,True,False,False,False,False,False,False,0,0,0,0,,0.0,2.9802322387695312e-08,0,0,False
0.0,-0.3,0.27999999999999997,True,False,False,False,False,False,False,0,0,0,0,,0.0,2.9802322387695312e-08,0,0,False
0.0,-0.27999999999999997,0.27999999999999997,True,False,False,False,False,False,False,0,0,0,0,,0.0,2.9802322387695312e-08,0,0,False
0.0,-0.26,0.27999999999999997,True,False,False,False,False,False,False,0,0,0,0,,0.0,2.9802322387695312e-08,0,0,False
0.0,-0.24,0.27999999999999997,True,False,False,False,False,False,False,0,0,0,0,,0.0,2.9802322387695312e-08,0,0,False
0.0,-0.21999999999999997,0.27999999999999997,True,False,False,False,False,False,False,0,0,0,0,,0.0,2.9802322387695312e-08,0,0,False
0.0,-0.19999999999999998,0.27999999999999997,True,False,False,False,False,False,False,0,0,0,0,,0.0,2.9802322387695312e-08,0,0,False
0.0,-0.18,0.27999999999999997,True,False,False,False,False,False,False,0,0,0,0,,0.0,2.9802322387695312e-08,0,0,False
0.0,-0.15999999999999998,0.27999999999999997,True,False,False,False,False,False,False,0,0,0,0,,0.0,2.9802322387695312e-08,0,0,False
0.0,-0.13999999999999996,0.27999999999999997,True,False,False,False,False,False,False,0,0,0,0,,0.0,2.9802322387695312e-08,0,0,False
0.0,-0.12,0.27999999999999997,True,False,False,False,False,False,False,0,0,0,0,,0.0,2.9802322387695312e-08,0,0,False
0.0,-0.09999999999999998,0.27999999999999997,True,False,False,False,False,False,False,0,0,0,0,,0.0,2.980237923100575e-08,0,0,False
0.0,-0.07999999999999996,0.27999999999999997,True,False,False,False,False,False,False,0,0,0,0,,0.0,2.9802322387695312e-08,0,0,False
0.0,-0.06,0.27999999999999997,True,False,False,False,False,False,False,0,0,0,0,,0.0,2.9802322387695312e-08,0,0,False
0.0,-0.03999999999999998,0.27999999999999997,True,False,False,False,False,False,False,0,0,0,0,,0.0,2.9802322387695312e-08,0,0,False
0.0,-0.019999999999999962,0.27999999999999997,True,False,False,False,False,False,False,0,0,0,0,,0.0,2.9802322387695312e-08,0,0,False
0.0,0.0,0.27999999999999997,True,False,False,False,False,False,False,0,0,0,0,,0.0,2.9802322387695312e-08,0,0,False
0.0,0.020000000000000018,0.27999999999999997,True,False,False,False,False,False,False,0,0,0,0,,0.0,2.9802322387695312e-08,0,0,False
0.0,0.040000000000000036,0.27999999999999997,True,False,False,False,False,False,False,0,0,0,0,,0.0,2.9802322387695312e-08,0,0,False
0.0,0.06,0.27999999999999997,True,False,False,False,False,False,False,0,0,0,0,,0.0,2.9802322387695312e-08,0,0,False
0.0,0.08000000000000002,0.27999999999999997,True,False,False,False,False,False,False,0,0,0,0,,0.0,2.9802322387695312e-08,0,0,False
0.0,0.10000000000000003,0.27999999999999997,True,False,False,False,False,False,False,0,0,0,0,,0.0,2.9802322387695312e-08,0,0,False
0.0,0.12000000000000005,0.27999999999999997,True,False,False,False,False,False,False,0,0,0,0,,0.0,2.9802322387695312e-08,0,0,False
0.0,0.14000000000000007,0.27999999999999997,True,False,False,False,False,False,False,0,0,0,0,,0.0,2.9802322387695312e-08,0,0,False
0.0,0.15999999999999998,0.27999999999999997,True,False,False,False,False,False,False,0,0,0,0,,0.0,2.9802322387695312e-08,0,0,False
0.0,0.18,0.27999999999999997,True,False,False,False,False,False,False,0,0,0,0,,0.0,2.9802322387695312e-08,0,0,False
0.0,0.2,0.27999999999999997,True,False,False,False,False,False,False,0,0,0,0,,0.0,2.9802322387695312e-08,0,0,False
0.0,0.22000000000000003,0.27999999999999997,True,False,False,False,False,False,False,0,0,0,0,,0.0,2.9802322387695312e-08,0,0,False
0.0,0.24000000000000005,0.27999999999999997,True,False,False,False,False,False,False,0,0,0,0,,0.0,2.9802322387695312e-08,0,0,False
0.0,0.26000000000000006,0.27999999999999997,True,False,False,False,False,False,False,0,0,0,0,,0.0,2.9802322387695312e-08,0,0,False
0.0,0.2800000000000001,0.27999999999999997,True,False,False,False,False,False,False,0,0,0,0,,0.0,2.9802322387695312e-08,0,0,False
0.0,0.3,0.27999999999999997,True,False,False,False,False,False,False,0,0,0,0,,0.0,2.9802322387695312e-08,0,0,False
0.0,0.32,0.27999999999999997,True,False,False,False,False,False,False,0,0,0,0,,0.0,2.9802322387695312e-08,0,0,False
0.0,0.34,0.27999999999999997,True,False,False,False,False,False,False,0,0,0,0,,0.0,2.9802322387695312e-08,0,0,False
0.0,0.36000000000000004,0.27999999999999997,True,False,False,False,False,False,False,0,0,0,0,,0.0,2.9802322387695312e-08,0,0,False
0.0,0.38000000000000006,0.27999999999999997,True,False,False,False,False,False,False,0,0,0,0,,0.0,2.9802322387695312e-08,0,0,False
0.0,0.4000000000000001,0.27999999999999997,True,False,False,False,False,False,False,0,0,0,0,,0.0,2.9802322387695312e-08,0,0,False
0.0,0.42,0.27999999999999997,True,False,False,False,False,False,False,0,0,0,0,,0.0,2.9802322387695312e-08,0,0,False
0.0,-0.42,0.3,True,False,False,False,False,False,False,0,0,0,0,,0.0,2.9802322387695312e-08,0,0,False
0.0,-0.39999999999999997,0.3,True,False,False,False,False,False,False,0,0,0,0,,0.0,2.9802322387695312e-08,0,0,False
0.0,-0.38,0.3,True,False,False,False,False,False,False,0,0,0,0,,0.0,2.9802322387695312e-08,0,0,False
0.0,-0.36,0.3,True,False,False,False,False,False,False,0,0,0,0,,0.0,2.9802322387695312e-08,0,0,False
0.0,-0.33999999999999997,0.3,True,False,False,False,False,False,False,0,0,0,0,,0.0,2.9802322387695312e-08,0,0,False
0.0,-0.31999999999999995,0.3,True,False,False,False,False,False,False,0,0,0,0,,0.0,2.9802322387695312e-08,0,0,False
0.0,-0.3,0.3,True,False,False,False,False,False,False,0,0,0,0,,0.0,2.9802322387695312e-08,0,0,False
0.0,-0.27999999999999997,0.3,True,False,False,False,False,False,False,0,0,0,0,,0.0,2.9802322387695312e-08,0,0,False
0.0,-0.26,0.3,True,False,False,False,False,False,False,0,0,0,0,,0.0,2.9802322387695312e-08,0,0,False
0.0,-0.24,0.3,True,False,False,False,False,False,False,0,0,0,0,,0.0,2.9802322387695312e-08,0,0,False
0.0,-0.21999999999999997,0.3,True,False,False,False,False,False,False,0,0,0,0,,0.0,2.9802322387695312e-08,0,0,False
0.0,-0.19999999999999998,0.3,True,False,False,False,False,False,False,0,0,0,0,,0.0,2.9802322387695312e-08,0,0,False
0.0,-0.18,0.3,True,False,False,False,False,False,False,0,0,0,0,,0.0,2.9802322387695312e-08,0,0,False
0.0,-0.15999999999999998,0.3,True,False,False,False,False,False,False,0,0,0,0,,0.0,2.9802322387695312e-08,0,0,False
0.0,-0.13999999999999996,0.3,True,False,False,False,False,False,False,0,0,0,0,,0.0,2.9802322387695312e-08,0,0,False
0.0,-0.12,0.3,True,False,False,False,False,False,False,0,0,0,0,,0.0,2.9802322387695312e-08,0,0,False
0.0,-0.09999999999999998,0.3,True,False,False,False,False,False,False,0,0,0,0,,0.0,2.980237923100575e-08,0,0,False
0.0,-0.07999999999999996,0.3,True,False,False,False,False,False,False,0,0,0,0,,0.0,2.9802322387695312e-08,0,0,False
0.0,-0.06,0.3,True,False,False,False,False,False,False,0,0,0,0,,0.0,2.9802322387695312e-08,0,0,False
0.0,-0.03999999999999998,0.3,True,False,False,False,False,False,False,0,0,0,0,,0.0,2.9802322387695312e-08,0,0,False
0.0,-0.019999999999999962,0.3,True,False,False,False,False,False,False,0,0,0,0,,0.0,2.9802322387695312e-08,0,0,False
0.0,0.0,0.3,True,False,False,False,False,False,False,0,0,0,0,,0.0,2.9802322387695312e-08,0,0,False
0.0,0.020000000000000018,0.3,True,False,False,False,False,False,False,0,0,0,0,,0.0,2.9802322387695312e-08,0,0,False
0.0,0.040000000000000036,0.3,True,False,False,False,False,False,False,0,0,0,0,,0.0,2.9802322387695312e-08,0,0,False
0.0,0.06,0.3,True,False,False,False,False,False,False,0,0,0,0,,0.0,2.9802322387695312e-08,0,0,False
0.0,0.08000000000000002,0.3,True,False,False,False,False,False,False,0,0,0,0,,0.0,2.9802322387695312e-08,0,0,False
0.0,0.10000000000000003,0.3,True,False,False,False,False,False,False,0,0,0,0,,0.0,2.9802322387695312e-08,0,0,False
0.0,0.12000000000000005,0.3,True,False,False,False,False,False,False,0,0,0,0,,0.0,2.9802322387695312e-08,0,0,False
0.0,0.14000000000000007,0.3,True,False,False,False,False,False,False,0,0,0,0,,0.0,2.9802322387695312e-08,0,0,False
0.0,0.15999999999999998,0.3,True,False,False,False,False,False,False,0,0,0,0,,0.0,2.9802322387695312e-08,0,0,False
0.0,0.18,0.3,True,False,False,False,False,False,False,0,0,0,0,,0.0,2.9802322387695312e-08,0,0,False
0.0,0.2,0.3,True,False,False,False,False,False,False,0,0,0,0,,0.0,2.9802322387695312e-08,0,0,False
0.0,0.22000000000000003,0.3,True,False,False,False,False,False,False,0,0,0,0,,0.0,2.9802322387695312e-08,0,0,False
0.0,0.24000000000000005,0.3,True,False,False,False,False,False,False,0,0,0,0,,0.0,2.9802322387695312e-08,0,0,False
0.0,0.26000000000000006,0.3,True,False,False,False,False,False,False,0,0,0,0,,0.0,2.9802322387695312e-08,0,0,False
0.0,0.2800000000000001,0.3,True,False,False,False,False,False,False,0,0,0,0,,0.0,2.9802322387695312e-08,0,0,False
0.0,0.3,0.3,True,False,False,False,False,False,False,0,0,0,0,,0.0,2.9802322387695312e-08,0,0,False
0.0,0.32,0.3,True,False,False,False,False,False,False,0,0,0,0,,0.0,2.9802322387695312e-08,0,0,False
0.0,0.34,0.3,True,False,False,False,False,False,False,0,0,0,0,,0.0,2.9802322387695312e-08,0,0,False
0.0,0.36000000000000004,0.3,True,False,False,False,False,False,False,0,0,0,0,,0.0,2.9802322387695312e-08,0,0,False
0.0,0.38000000000000006,0.3,True,False,False,False,False,False,False,0,0,0,0,,0.0,2.9802322387695312e-08,0,0,False
0.0,0.4000000000000001,0.3,True,False,False,False,False,False,False,0,0,0,0,,0.0,2.9802322387695312e-08,0,0,False
0.0,0.42,0.3,True,False,False,False,False,False,False,0,0,0,0,,0.0,2.9802322387695312e-08,0,0,False
0.0,-0.42,0.32,True,False,False,False,False,False,False,0,0,0,0,,0.0,2.9802322387695312e-08,0,0,False
0.0,-0.39999999999999997,0.32,True,False,False,False,False,False,False,0,0,0,0,,0.0,2.9802322387695312e-08,0,0,False
0.0,-0.38,0.32,True,False,False,False,False,False,False,0,0,0,0,,0.0,2.9802322387695312e-08,0,0,False
0.0,-0.36,0.32,True,False,False,False,False,False,False,0,0,0,0,,0.0,2.9802322387695312e-08,0,0,False
0.0,-0.33999999999999997,0.32,True,False,False,False,False,False,False,0,0,0,0,,0.0,2.9802322387695312e-08,0,0,False
0.0,-0.31999999999999995,0.32,True,False,False,False,False,False,False,0,0,0,0,,0.0,2.9802322387695312e-08,0,0,False
0.0,-0.3,0.32,True,False,False,False,False,False,False,0,0,0,0,,0.0,2.9802322387695312e-08,0,0,False
0.0,-0.27999999999999997,0.32,True,False,False,False,False,False,False,0,0,0,0,,0.0,2.9802322387695312e-08,0,0,False
0.0,-0.26,0.32,True,False,False,False,False,False,False,0,0,0,0,,0.0,2.9802322387695312e-08,0,0,False
0.0,-0.24,0.32,True,False,False,False,False,False,False,0,0,0,0,,0.0,2.9802322387695312e-08,0,0,False
0.0,-0.21999999999999997,0.32,True,False,False,False,False,False,False,0,0,0,0,,0.0,2.9802322387695312e-08,0,0,False
0.0,-0.19999999999999998,0.32,True,False,False,False,False,False,False,0,0,0,0,,0.0,2.9802322387695312e-08,0,0,False
0.0,-0.18,0.32,True,False,False,False,False,False,False,0,0,0,0,,0.0,2.9802322387695312e-08,0,0,False
0.0,-0.15999999999999998,0.32,True,False,False,False,False,False,False,0,0,0,0,,0.0,2.9802322387695312e-08,0,0,False
0.0,-0.13999999999999996,0.32,True,False,False,False,False,False,False,0,0,0,0,,0.0,2.9802322387695312e-08,0,0,False
0.0,-0.12,0.32,True,False,False,False,False,False,False,0,0,0,0,,0.0,2.9802322387695312e-08,0,0,False
0.0,-0.09999999999999998,0.32,True,False,False,False,False,False,False,0,0,0,0,,0.0,2.980237923100575e-08,0,0,False
0.0,-0.07999999999999996,0.32,True,False,False,False,False,False,False,0,0,0,0,,0.0,2.9802322387695312e-08,0,0,False
0.0,-0.06,0.32,True,False,False,False,False,False,False,0,0,0,0,,0.0,2.9802322387695312e-08,0,0,False
0.0,-0.03999999999999998,0.32,True,False,False,False,False,False,False,0,0,0,0,,0.0,2.9802322387695312e-08,0,0,False
0.0,-0.019999999999999962,0.32,True,False,False,False,False,False,False,0,0,0,0,,0.0,2.9802322387695312e-08,0,0,False
0.0,0.0,0.32,True,False,False,False,False,False,False,0,0,0,0,,0.0,2.9802322387695312e-08,0,0,False
0.0,0.020000000000000018,0.32,True,False,False,False,False,False,False,0,0,0,0,,0.0,2.9802322387695312e-08,0,0,False
0.0,0.040000000000000036,0.32,True,False,False,False,False,False,False,0,0,0,0,,0.0,2.9802322387695312e-08,0,0,False
0.0,0.06,0.32,True,False,False,False,False,False,False,0,0,0,0,,0.0,2.9802322387695312e-08,0,0,False
0.0,0.08000000000000002,0.32,True,False,False,False,False,False,False,0,0,0,0,,0.0,2.9802322387695312e-08,0,0,False
0.0,0.10000000000000003,0.32,True,False,False,False,False,False,False,0,0,0,0,,0.0,2.9802322387695312e-08,0,0,False
0.0,0.12000000000000005,0.32,True,False,False,False,False,False,False,0,0,0,0,,0.0,2.9802322387695312e-08,0,0,False
0.0,0.14000000000000007,0.32,True,False,False,False,False,False,False,0,0,0,0,,0.0,2.9802322387695312e-08,0,0,False
0.0,0.15999999999999998,0.32,True,False,False,False,False,False,False,0,0,0,0,,0.0,2.9802322387695312e-08,0,0,False
0.0,0.18,0.32,True,False,False,False,False,False,False,0,0,0,0,,0.0,2.9802322387695312e-08,0,0,False
0.0,0.2,0.32,True,False,False,False,False,False,False,0,0,0,0,,0.0,2.9802322387695312e-08,0,0,False
0.0,0.22000000000000003,0.32,True,False,False,False,False,False,False,0,0,0,0,,0.0,2.9802322387695312e-08,0,0,False
0.0,0.24000000000000005,0.32,True,False,False,False,False,False,False,0,0,0,0,,0.0,2.9802322387695312e-08,0,0,False
0.0,0.26000000000000006,0.32,True,False,False,False,False,False,False,0,0,0,0,,0.0,2.9802322387695312e-08,0,0,False
0.0,0.2800000000000001,0.32,True,False,False,False,False,False,False,0,0,0,0,,0.0,2.9802322387695312e-08,0,0,False
0.0,0.3,0.32,True,False,False,False,False,False,False,0,0,0,0,,0.0,2.9802322387695312e-08,0,0,False
0.0,0.32,0.32,True,False,False,False,False,False,False,0,0,0,0,,0.0,2.9802322387695312e-08,0,0,False
0.0,0.34,0.32,True,False,False,False,False,False,False,0,0,0,0,,0.0,2.9802322387695312e-08,0,0,False
0.0,0.36000000000000004,0.32,True,False,False,False,False,False,False,0,0,0,0,,0.0,2.9802322387695312e-08,0,0,False
0.0,0.38000000000000006,0.32,True,False,False,False,False,False,False,0,0,0,0,,0.0,2.9802322387695312e-08,0,0,False
0.0,0.4000000000000001,0.32,True,False,False,False,False,False,False,0,0,0,0,,0.0,2.9802322387695312e-08,0,0,False
0.0,0.42,0.32,True,False,False,False,False,False,False,0,0,0,0,,0.0,2.9802322387695312e-08,0,0,False
0.0,-0.42,0.34,True,False,False,False,False,False,False,0,0,0,0,,0.0,2.9802322387695312e-08,0,0,False
0.0,-0.39999999999999997,0.34,True,False,False,False,False,False,False,0,0,0,0,,0.0,2.9802322387695312e-08,0,0,False
0.0,-0.38,0.34,True,False,False,False,False,False,False,0,0,0,0,,0.0,2.9802322387695312e-08,0,0,False
0.0,-0.36,0.34,True,False,False,False,False,False,False,0,0,0,0,,0.0,2.9802322387695312e-08,0,0,False
0.0,-0.33999999999999997,0.34,True,False,False,False,False,False,False,0,0,0,0,,0.0,2.9802322387695312e-08,0,0,False
0.0,-0.31999999999999995,0.34,True,False,False,False,False,False,False,0,0,0,0,,0.0,2.9802322387695312e-08,0,0,False
0.0,-0.3,0.34,True,False,False,False,False,False,False,0,0,0,0,,0.0,2.9802322387695312e-08,0,0,False
0.0,-0.27999999999999997,0.34,True,False,False,False,False,False,False,0,0,0,0,,0.0,2.9802322387695312e-08,0,0,False
0.0,-0.26,0.34,True,False,False,False,False,False,False,0,0,0,0,,0.0,2.9802322387695312e-08,0,0,False
0.0,-0.24,0.34,True,False,False,False,False,False,False,0,0,0,0,,0.0,2.9802322387695312e-08,0,0,False
0.0,-0.21999999999999997,0.34,True,False,False,False,False,False,False,0,0,0,0,,0.0,2.9802322387695312e-08,0,0,False
0.0,-0.19999999999999998,0.34,True,False,False,False,False,False,False,0,0,0,0,,0.0,2.9802322387695312e-08,0,0,False
0.0,-0.18,0.34,True,False,False,False,False,False,False,0,0,0,0,,0.0,2.9802322387695312e-08,0,0,False
0.0,-0.15999999999999998,0.34,True,False,False,False,False,False,False,0,0,0,0,,0.0,2.9802322387695312e-08,0,0,False
0.0,-0.13999999999999996,0.34,True,False,False,False,False,False,False,0,0,0,0,,0.0,2.9802322387695312e-08,0,0,False
0.0,-0.12,0.34,True,False,False,False,False,False,False,0,0,0,0,,0.0,2.9802322387695312e-08,0,0,False
0.0,-0.09999999999999998,0.34,True,False,False,False,False,False,False,0,0,0,0,,0.0,2.980237923100575e-08,0,0,False
0.0,-0.07999999999999996,0.34,True,False,False,False,False,False,False,0,0,0,0,,0.0,2.9802322387695312e-08,0,0,False
0.0,-0.06,0.34,True,False,False,False,False,False,False,0,0,0,0,,0.0,2.9802322387695312e-08,0,0,False
0.0,-0.03999999999999998,0.34,True,False,False,False,False,False,False,0,0,0,0,,0.0,2.9802322387695312e-08,0,0,False
0.0,-0.019999999999999962,0.34,True,False,False,False,False,False,False,0,0,0,0,,0.0,2.9802322387695312e-08,0,0,False
0.0,0.0,0.34,True,False,False,False,False,False,False,0,0,0,0,,0.0,2.9802322387695312e-08,0,0,False
0.0,0.020000000000000018,0.34,True,False,False,False,False,False,False,0,0,0,0,,0.0,2.9802322387695312e-08,0,0,False
0.0,0.040000000000000036,0.34,True,False,False,False,False,False,False,0,0,0,0,,0.0,2.9802322387695312e-08,0,0,False
0.0,0.06,0.34,True,False,False,False,False,False,False,0,0,0,0,,0.0,2.9802322387695312e-08,0,0,False
0.0,0.08000000000000002,0.34,True,False,False,False,False,False,False,0,0,0,0,,0.0,2.9802322387695312e-08,0,0,False
0.0,0.10000000000000003,0.34,True,False,False,False,False,False,False,0,0,0,0,,0.0,2.9802322387695312e-08,0,0,False
0.0,0.12000000000000005,0.34,True,False,False,False,False,False,False,0,0,0,0,,0.0,2.9802322387695312e-08,0,0,False
0.0,0.14000000000000007,0.34,True,False,False,False,False,False,False,0,0,0,0,,0.0,2.9802322387695312e-08,0,0,False
0.0,0.15999999999999998,0.34,True,False,False,False,False,False,False,0,0,0,0,,0.0,2.9802322387695312e-08,0,0,False
0.0,0.18,0.34,True,False,False,False,False,False,False,0,0,0,0,,0.0,2.9802322387695312e-08,0,0,False
0.0,0.2,0.34,True,False,False,False,False,False,False,0,0,0,0,,0.0,2.9802322387695312e-08,0,0,False
0.0,0.22000000000000003,0.34,True,False,False,False,False,False,False,0,0,0,0,,0.0,2.9802322387695312e-08,0,0,False
0.0,0.24000000000000005,0.34,True,False,False,False,False,False,False,0,0,0,0,,0.0,2.9802322387695312e-08,0,0,False
0.0,0.26000000000000006,0.34,True,False,False,False,False,False,False,0,0,0,0,,0.0,2.9802322387695312e-08,0,0,False
0.0,0.2800000000000001,0.34,True,False,False,False,False,False,False,0,0,0,0,,0.0,2.9802322387695312e-08,0,0,False
0.0,0.3,0.34,True,False,False,False,False,False,False,0,0,0,0,,0.0,2.9802322387695312e-08,0,0,False
0.0,0.32,0.34,True,False,False,False,False,False,False,0,0,0,0,,0.0,2.9802322387695312e-08,0,0,False
0.0,0.34,0.34,True,False,False,False,False,False,False,0,0,0,0,,0.0,2.9802322387695312e-08,0,0,False
0.0,0.36000000000000004,0.34,True,False,False,False,False,False,False,0,0,0,0,,0.0,2.9802322387695312e-08,0,0,False
0.0,0.38000000000000006,0.34,True,False,False,False,False,False,False,0,0,0,0,,0.0,2.9802322387695312e-08,0,0,False
0.0,0.4000000000000001,0.34,True,False,False,False,False,False,False,0,0,0,0,,0.0,2.9802322387695312e-08,0,0,False
0.0,0.42,0.34,True,False,False,False,False,False,False,0,0,0,0,,0.0,2.9802322387695312e-08,0,0,False
0.0675,-0.42,-0.34,True,False,False,False,False,False,False,0,0,0,0,,0.0,1.4901161193847656e-08,0,0,False
0.0675,-0.39999999999999997,-0.34,True,False,False,False,False,False,False,0,0,0,0,,0.0,1.4901161193847656e-08,0,0,False
0.0675,-0.38,-0.34,True,False,False,False,False,False,False,0,0,0,0,,0.0,1.4901161193847656e-08,0,0,False
0.0675,-0.36,-0.34,True,False,False,False,False,False,False,0,0,0,0,,0.0,1.4901161193847656e-08,0,0,False
0.0675,-0.33999999999999997,-0.34,True,False,False,False,False,False,False,0,0,0,0,,0.0,1.4901161193847656e-08,0,0,False
0.0675,-0.31999999999999995,-0.34,True,False,False,False,False,False,False,0,0,0,0,,0.0,1.4901161193847656e-08,0,0,False
0.0675,-0.3,-0.34,True,False,False,False,False,False,False,0,0,0,0,,0.0,1.4901161193847656e-08,0,0,False
0.0675,-0.27999999999999997,-0.34,True,False,False,False,False,False,False,0,0,0,0,,0.0,1.4901161193847656e-08,0,0,False
0.0675,-0.26,-0.34,True,False,False,False,False,False,False,0,0,0,0,,0.0,1.4901161193847656e-08,0,0,False
0.0675,-0.24,-0.34,True,False,False,False,False,False,False,0,0,0,0,,0.0,1.4901161193847656e-08,0,0,False
0.0675,-0.21999999999999997,-0.34,True,False,False,False,False,False,False,0,0,0,0,,0.0,1.4901161193847656e-08,0,0,False
0.0675,-0.19999999999999998,-0.34,True,False,False,False,False,False,False,0,0,0,0,,0.0,1.4901161193847656e-08,0,0,False
0.0675,-0.18,-0.34,True,False,False,False,False,False,False,0,0,0,0,,0.0,1.4901161193847656e-08,0,0,False
0.0675,-0.15999999999999998,-0.34,True,False,False,False,False,False,False,0,0,0,0,,0.0,1.4901161193847656e-08,0,0,False
0.0675,-0.13999999999999996,-0.34,True,False,False,False,False,False,False,0,0,0,0,,0.0,1.4901161193847656e-08,0,0,False
0.0675,-0.12,-0.34,True,False,False,False,False,False,False,0,0,0,0,,0.0,1.4901161193847656e-08,0,0,False
0.0675,-0.09999999999999998,-0.34,True,False,False,False,False,False,False,0,0,0,0,,0.0,1.490127488014328e-08,0,0,False
0.0675,-0.07999999999999996,-0.34,True,False,False,False,False,False,False,0,0,0,0,,0.0,1.4901161193847656e-08,0,0,False
0.0675,-0.06,-0.34,True,False,False,False,False,False,False,0,0,0,0,,0.0,1.4901161193847656e-08,0,0,False
0.0675,-0.03999999999999998,-0.34,True,False,False,False,False,False,False,0,0,0,0,,0.0,1.4901161193847656e-08,0,0,False
0.0675,-0.019999999999999962,-0.34,True,False,False,False,False,False,False,0,0,0,0,,0.0,1.4901161193847656e-08,0,0,False
0.0675,0.0,-0.34,True,False,False,False,False,False,False,0,0,0,0,,0.0,1.4901161193847656e-08,0,0,False
0.0675,0.020000000000000018,-0.34,True,False,False,False,False,False,False,0,0,0,0,,0.0,1.4901161193847656e-08,0,0,False
0.0675,0.040000000000000036,-0.34,True,False,False,False,False,False,False,0,0,0,0,,0.0,1.4901161193847656e-08,0,0,False
0.0675,0.06,-0.34,True,False,False,False,False,False,False,0,0,0,0,,0.0,1.4901161193847656e-08,0,0,False
0.0675,0.08000000000000002,-0.34,True,False,False,False,False,False,False,0,0,0,0,,0.0,1.4901161193847656e-08,0,0,False
0.0675,0.10000000000000003,-0.34,True,False,False,False,False,False,False,0,0,0,0,,0.0,1.4901161193847656e-08,0,0,False
0.0675,0.12000000000000005,-0.34,True,False,False,False,False,False,False,0,0,0,0,,0.0,1.4901161193847656e-08,0,0,False
0.0675,0.14000000000000007,-0.34,True,False,False,False,False,False,False,0,0,0,0,,0.0,1.4901161193847656e-08,0,0,False
0.0675,0.15999999999999998,-0.34,True,False,False,False,False,False,False,0,0,0,0,,0.0,1.4901161193847656e-08,0,0,False
0.0675,0.18,-0.34,True,False,False,False,False,False,False,0,0,0,0,,0.0,1.4901161193847656e-08,0,0,False
0.0675,0.2,-0.34,True,False,False,False,False,False,False,0,0,0,0,,0.0,1.4901161193847656e-08,0,0,False
0.0675,0.22000000000000003,-0.34,True,False,False,False,False,False,False,0,0,0,0,,0.0,1.4901161193847656e-08,0,0,False
0.0675,0.24000000000000005,-0.34,True,False,False,False,False,False,False,0,0,0,0,,0.0,1.4901161193847656e-08,0,0,False
0.0675,0.26000000000000006,-0.34,True,False,False,False,False,False,False,0,0,0,0,,0.0,1.4901161193847656e-08,0,0,False
0.0675,0.2800000000000001,-0.34,True,False,False,False,False,False,False,0,0,0,0,,0.0,1.4901161193847656e-08,0,0,False
0.0675,0.3,-0.34,True,False,False,False,False,False,False,0,0,0,0,,0.0,1.4901161193847656e-08,0,0,False
0.0675,0.32,-0.34,True,False,False,False,False,False,False,0,0,0,0,,0.0,1.4901161193847656e-08,0,0,False
0.0675,0.34,-0.34,True,False,False,False,False,False,False,0,0,0,0,,0.0,1.4901161193847656e-08,0,0,False
0.0675,0.36000000000000004,-0.34,True,False,False,False,False,False,False,0,0,0,0,,0.0,1.4901161193847656e-08,0,0,False
0.0675,0.38000000000000006,-0.34,True,False,False,False,False,False,False,0,0,0,0,,0.0,1.4901161193847656e-08,0,0,False
0.0675,0.4000000000000001,-0.34,True,False,False,False,False,False,False,0,0,0,0,,0.0,1.4901161193847656e-08,0,0,False
0.0675,0.42,-0.34,True,False,False,False,False,False,False,0,0,0,0,,0.0,1.4901161193847656e-08,0,0,False
0.0675,-0.42,-0.32,True,False,False,False,False,False,False,0,0,0,0,,0.0,1.4901161193847656e-08,0,0,False
0.0675,-0.39999999999999997,-0.32,True,False,False,False,False,False,False,0,0,0,0,,0.0,1.4901161193847656e-08,0,0,False
0.0675,-0.38,-0.32,True,False,False,False,False,False,False,0,0,0,0,,0.0,1.4901161193847656e-08,0,0,False
0.0675,-0.36,-0.32,True,False,False,False,False,False,False,0,0,0,0,,0.0,1.4901161193847656e-08,0,0,False
0.0675,-0.33999999999999997,-0.32,True,False,False,False,False,False,False,0,0,0,0,,0.0,1.4901161193847656e-08,0,0,False
0.0675,-0.31999999999999995,-0.32,True,False,False,False,False,False,False,0,0,0,0,,0.0,1.4901161193847656e-08,0,0,False
0.0675,-0.3,-0.32,True,False,False,False,False,False,False,0,0,0,0,,0.0,1.4901161193847656e-08,0,0,False
0.0675,-0.27999999999999997,-0.32,True,False,False,False,False,False,False,0,0,0,0,,0.0,1.4901161193847656e-08,0,0,False
0.0675,-0.26,-0.32,True,False,False,False,False,False,False,0,0,0,0,,0.0,1.4901161193847656e-08,0,0,False
0.0675,-0.24,-0.32,True,False,False,False,False,False,False,0,0,0,0,,0.0,1.4901161193847656e-08,0,0,False
0.0675,-0.21999999999999997,-0.32,True,False,False,False,False,False,False,0,0,0,0,,0.0,1.4901161193847656e-08,0,0,False
0.0675,-0.19999999999999998,-0.32,True,False,False,False,False,False,False,0,0,0,0,,0.0,1.4901161193847656e-08,0,0,False
0.0675,-0.18,-0.32,True,False,False,False,False,False,False,0,0,0,0,,0.0,1.4901161193847656e-08,0,0,False
0.0675,-0.15999999999999998,-0.32,True,False,False,False,False,False,False,0,0,0,0,,0.0,1.4901161193847656e-08,0,0,False
0.0675,-0.13999999999999996,-0.32,True,False,False,False,False,False,False,0,0,0,0,,0.0,1.4901161193847656e-08,0,0,False
0.0675,-0.12,-0.32,True,False,False,False,False,False,False,0,0,0,0,,0.0,1.4901161193847656e-08,0,0,False
0.0675,-0.09999999999999998,-0.32,True,False,False,False,False,False,False,0,0,0,0,,0.0,1.490127488014328e-08,0,0,False
0.0675,-0.07999999999999996,-0.32,True,False,False,False,False,False,False,0,0,0,0,,0.0,1.4901161193847656e-08,0,0,False
0.0675,-0.06,-0.32,True,False,False,False,False,False,False,0,0,0,0,,0.0,1.4901161193847656e-08,0,0,False
0.0675,-0.03999999999999998,-0.32,True,False,False,False,False,False,False,0,0,0,0,,0.0,1.4901161193847656e-08,0,0,False
0.0675,-0.019999999999999962,-0.32,True,False,False,False,False,False,False,0,0,0,0,,0.0,1.4901161193847656e-08,0,0,False
0.0675,0.0,-0.32,True,False,False,False,False,False,False,0,0,0,0,,0.0,1.4901161193847656e-08,0,0,False
0.0675,0.020000000000000018,-0.32,True,False,False,False,False,False,False,0,0,0,0,,0.0,1.4901161193847656e-08,0,0,False
0.0675,0.040000000000000036,-0.32,True,False,False,False,False,False,False,0,0,0,0,,0.0,1.4901161193847656e-08,0,0,False
0.0675,0.06,-0.32,True,False,False,False,False,False,False,0,0,0,0,,0.0,1.4901161193847656e-08,0,0,False
0.0675,0.08000000000000002,-0.32,True,False,False,False,False,False,False,0,0,0,0,,0.0,1.4901161193847656e-08,0,0,False
0.0675,0.10000000000000003,-0.32,True,False,False,False,False,False,False,0,0,0,0,,0.0,1.4901161193847656e-08,0,0,False
0.0675,0.12000000000000005,-0.32,True,False,False,False,False,False,False,0,0,0,0,,0.0,1.4901161193847656e-08,0,0,False
0.0675,0.14000000000000007,-0.32,True,False,False,False,False,False,False,0,0,0,0,,0.0,1.4901161193847656e-08,0,0,False
0.0675,0.15999999999999998,-0.32,True,False,False,False,False,False,False,0,0,0,0,,0.0,1.4901161193847656e-08,0,0,False
0.0675,0.18,-0.32,True,False,False,False,False,False,False,0,0,0,0,,0.0,1.4901161193847656e-08,0,0,False
0.0675,0.2,-0.32,True,False,False,False,False,False,False,0,0,0,0,,0.0,1.4901161193847656e-08,0,0,False
0.0675,0.22000000000000003,-0.32,True,False,False,False,False,False,False,0,0,0,0,,0.0,1.4901161193847656e-08,0,0,False
0.0675,0.24000000000000005,-0.32,True,False,False,False,False,False,False,0,0,0,0,,0.0,1.4901161193847656e-08,0,0,False
0.0675,0.26000000000000006,-0.32,True,False,False,False,False,False,False,0,0,0,0,,0.0,1.4901161193847656e-08,0,0,False
0.0675,0.2800000000000001,-0.32,True,False,False,False,False,False,False,0,0,0,0,,0.0,1.4901161193847656e-08,0,0,False
0.0675,0.3,-0.32,True,False,False,False,False,False,False,0,0,0,0,,0.0,1.4901161193847656e-08,0,0,False
0.0675,0.32,-0.32,True,False,False,False,False,False,False,0,0,0,0,,0.0,1.4901161193847656e-08,0,0,False
0.0675,0.34,-0.32,True,False,False,False,False,False,False,0,0,0,0,,0.0,1.4901161193847656e-08,0,0,False
0.0675,0.36000000000000004,-0.32,True,False,False,False,False,False,False,0,0,0,0,,0.0,1.4901161193847656e-08,0,0,False
0.0675,0.38000000000000006,-0.32,True,False,False,False,False,False,False,0,0,0,0,,0.0,1.4901161193847656e-08,0,0,False
0.0675,0.4000000000000001,-0.32,True,False,False,False,False,False,False,0,0,0,0,,0.0,1.4901161193847656e-08,0,0,False
0.0675,0.42,-0.32,True,False,False,False,False,False,False,0,0,0,0,,0.0,1.4901161193847656e-08,0,0,False
0.0675,-0.42,-0.30000000000000004,True,False,False,False,False,False,False,0,0,0,0,,0.0,1.4901161193847656e-08,0,0,False
0.0675,-0.39999999999999997,-0.30000000000000004,True,False,False,False,False,False,False,0,0,0,0,,0.0,1.4901161193847656e-08,0,0,False
0.0675,-0.38,-0.30000000000000004,True,False,False,False,False,False,False,0,0,0,0,,0.0,1.4901161193847656e-08,0,0,False
0.0675,-0.36,-0.30000000000000004,True,False,False,False,False,False,False,0,0,0,0,,0.0,1.4901161193847656e-08,0,0,False
0.0675,-0.33999999999999997,-0.30000000000000004,True,False,False,False,False,False,False,0,0,0,0,,0.0,1.4901161193847656e-08,0,0,False
0.0675,-0.31999999999999995,-0.30000000000000004,True,False,False,False,False,False,False,0,0,0,0,,0.0,1.4901161193847656e-08,0,0,False
0.0675,-0.3,-0.30000000000000004,True,False,False,False,False,False,False,0,0,0,0,,0.0,1.4901161193847656e-08,0,0,False
0.0675,-0.27999999999999997,-0.30000000000000004,True,False,False,False,False,False,False,0,0,0,0,,0.0,1.4901161193847656e-08,0,0,False
0.0675,-0.26,-0.30000000000000004,True,False,False,False,False,False,False,0,0,0,0,,0.0,1.4901161193847656e-08,0,0,False
0.0675,-0.24,-0.30000000000000004,True,False,False,False,False,False,False,0,0,0,0,,0.0,1.4901161193847656e-08,0,0,False
0.0675,-0.21999999999999997,-0.30000000000000004,True,False,False,False,False,False,False,0,0,0,0,,0.0,1.4901161193847656e-08,0,0,False
0.0675,-0.19999999999999998,-0.30000000000000004,True,False,False,False,False,False,False,0,0,0,0,,0.0,1.4901161193847656e-08,0,0,False
0.0675,-0.18,-0.30000000000000004,True,False,False,False,False,False,False,0,0,0,0,,0.0,1.4901161193847656e-08,0,0,False
0.0675,-0.15999999999999998,-0.30000000000000004,True,False,False,False,False,False,False,0,0,0,0,,0.0,1.4901161193847656e-08,0,0,False
0.0675,-0.13999999999999996,-0.30000000000000004,True,False,False,False,False,False,False,0,0,0,0,,0.0,1.4901161193847656e-08,0,0,False
0.0675,-0.12,-0.30000000000000004,True,False,False,False,False,False,False,0,0,0,0,,0.0,1.4901161193847656e-08,0,0,False
0.0675,-0.09999999999999998,-0.30000000000000004,True,False,False,False,False,False,False,0,0,0,0,,0.0,1.490127488014328e-08,0,0,False
0.0675,-0.07999999999999996,-0.30000000000000004,True,False,False,False,False,False,False,0,0,0,0,,0.0,1.4901161193847656e-08,0,0,False
0.0675,-0.06,-0.30000000000000004,True,False,False,False,False,False,False,0,0,0,0,,0.0,1.4901161193847656e-08,0,0,False
0.0675,-0.03999999999999998,-0.30000000000000004,True,False,False,False,False,False,False,0,0,0,0,,0.0,1.4901161193847656e-08,0,0,False
0.0675,-0.019999999999999962,-0.30000000000000004,True,False,False,False,False,False,False,0,0,0,0,,0.0,1.4901161193847656e-08,0,0,False
0.0675,0.0,-0.30000000000000004,True,False,False,False,False,False,False,0,0,0,0,,0.0,1.4901161193847656e-08,0,0,False
0.0675,0.020000000000000018,-0.30000000000000004,True,False,False,False,False,False,False,0,0,0,0,,0.0,1.4901161193847656e-08,0,0,False
0.0675,0.040000000000000036,-0.30000000000000004,True,False,False,False,False,False,False,0,0,0,0,,0.0,1.4901161193847656e-08,0,0,False
0.0675,0.06,-0.30000000000000004,True,False,False,False,False,False,False,0,0,0,0,,0.0,1.4901161193847656e-08,0,0,False
0.0675,0.08000000000000002,-0.30000000000000004,True,False,False,False,False,False,False,0,0,0,0,,0.0,1.4901161193847656e-08,0,0,False
0.0675,0.10000000000000003,-0.30000000000000004,True,False,False,False,False,False,False,0,0,0,0,,0.0,1.4901161193847656e-08,0,0,False
0.0675,0.12000000000000005,-0.30000000000000004,True,False,False,False,False,False,False,0,0,0,0,,0.0,1.4901161193847656e-08,0,0,False
0.0675,0.14000000000000007,-0.30000000000000004,True,False,False,False,False,False,False,0,0,0,0,,0.0,1.4901161193847656e-08,0,0,False
0.0675,0.15999999999999998,-0.30000000000000004,True,False,False,False,False,False,False,0,0,0,0,,0.0,1.4901161193847656e-08,0,0,False
0.0675,0.18,-0.30000000000000004,True,False,False,False,False,False,False,0,0,0,0,,0.0,1.4901161193847656e-08,0,0,False
0.0675,0.2,-0.30000000000000004,True,False,False,False,False,False,False,0,0,0,0,,0.0,1.4901161193847656e-08,0,0,False
0.0675,0.22000000000000003,-0.30000000000000004,True,False,False,False,False,False,False,0,0,0,0,,0.0,1.4901161193847656e-08,0,0,False
0.0675,0.24000000000000005,-0.30000000000000004,True,False,False,False,False,False,False,0,0,0,0,,0.0,1.4901161193847656e-08,0,0,False
0.0675,0.26000000000000006,-0.30000000000000004,True,False,False,False,False,False,False,0,0,0,0,,0.0,1.4901161193847656e-08,0,0,False
0.0675,0.2800000000000001,-0.30000000000000004,True,False,False,False,False,False,False,0,0,0,0,,0.0,1.4901161193847656e-08,0,0,False
0.0675,0.3,-0.30000000000000004,True,False,False,False,False,False,False,0,0,0,0,,0.0,1.4901161193847656e-08,0,0,False
0.0675,0.32,-0.30000000000000004,True,False,False,False,False,False,False,0,0,0,0,,0.0,1.4901161193847656e-08,0,0,False
0.0675,0.34,-0.30000000000000004,True,False,False,False,False,False,False,0,0,0,0,,0.0,1.4901161193847656e-08,0,0,False
0.0675,0.36000000000000004,-0.30000000000000004,True,False,False,False,False,False,False,0,0,0,0,,0.0,1.4901161193847656e-08,0,0,False
0.0675,0.38000000000000006,-0.30000000000000004,True,False,False,False,False,False,False,0,0,0,0,,0.0,1.4901161193847656e-08,0,0,False
0.0675,0.4000000000000001,-0.30000000000000004,True,False,False,False,False,False,False,0,0,0,0,,0.0,1.4901161193847656e-08,0,0,False
0.0675,0.42,-0.30000000000000004,True,False,False,False,False,False,False,0,0,0,0,,0.0,1.4901161193847656e-08,0,0,False
0.0675,-0.42,-0.28,True,False,False,False,False,False,False,0,0,0,0,,0.0,1.4901161193847656e-08,0,0,False
0.0675,-0.39999999999999997,-0.28,True,False,False,False,False,False,False,0,0,0,0,,0.0,1.4901161193847656e-08,0,0,False
0.0675,-0.38,-0.28,True,False,False,False,False,False,False,0,0,0,0,,0.0,1.4901161193847656e-08,0,0,False
0.0675,-0.36,-0.28,True,False,False,False,False,False,False,0,0,0,0,,0.0,1.4901161193847656e-08,0,0,False
0.0675,-0.33999999999999997,-0.28,True,False,False,False,False,False,False,0,0,0,0,,0.0,1.4901161193847656e-08,0,0,False
0.0675,-0.31999999999999995,-0.28,True,False,False,False,False,False,False,0,0,0,0,,0.0,1.4901161193847656e-08,0,0,False
0.0675,-0.3,-0.28,True,False,False,False,False,False,False,0,0,0,0,,0.0,1.4901161193847656e-08,0,0,False
0.0675,-0.27999999999999997,-0.28,True,False,False,False,False,False,False,0,0,0,0,,0.0,1.4901161193847656e-08,0,0,False
0.0675,-0.26,-0.28,True,False,False,False,False,False,False,0,0,0,0,,0.0,1.4901161193847656e-08,0,0,False
0.0675,-0.24,-0.28,True,False,False,False,False,False,False,0,0,0,0,,0.0,1.4901161193847656e-08,0,0,False
0.0675,-0.21999999999999997,-0.28,True,False,False,False,False,False,False,0,0,0,0,,0.0,1.4901161193847656e-08,0,0,False
0.0675,-0.19999999999999998,-0.28,True,False,False,False,False,False,False,1,3,0,0,0.01289442926645279,0.0,1.4901161193847656e-08,1,0,False
0.0675,-0.18,-0.28,True,False,False,False,False,False,False,4,11,0,0,0.011582106351852417,0.0,1.4901161193847656e-08,4,0,False
0.0675,-0.15999999999999998,-0.28,True,False,False,False,False,False,False,2,7,0,0,0.011463165283203125,0.0,1.4901161193847656e-08,2,0,False
0.0675,-0.13999999999999996,-0.28,True,False,False,False,False,False,False,2,2,0,0,0.011301713064312935,0.0,1.4901161193847656e-08,2,0,False
0.0675,-0.12,-0.28,True,False,False,False,False,False,False,4,7,0,0,0.011394239962100983,0.0,1.4901161193847656e-08,4,0,False
0.0675,-0.09999999999999998,-0.28,True,False,False,False,False,False,False,3,6,0,0,0.011329874396324158,0.0,1.490127488014328e-08,3,0,False
0.0675,-0.07999999999999996,-0.28,True,False,False,False,False,False,False,3,6,0,0,0.01116643100976944,0.0,1.4901161193847656e-08,3,0,False
0.0675,-0.06,-0.28,True,False,False,False,False,False,False,5,8,0,0,0.015209339559078217,0.0,1.4901161193847656e-08,5,0,False
0.0675,-0.03999999999999998,-0.28,True,False,False,False,False,False,False,5,14,0,0,0.01128445565700531,0.0,1.4901161193847656e-08,5,0,False
0.0675,-0.019999999999999962,-0.28,True,False,False,False,False,False,False,5,11,0,0,0.011409565806388855,0.0,1.4901161193847656e-08,5,0,False
0.0675,0.0,-0.28,True,False,False,False,False,False,False,4,9,0,0,0.011340104043483734,0.0,1.4901161193847656e-08,4,0,False
0.0675,0.020000000000000018,-0.28,True,False,False,False,False,False,False,5,11,0,0,0.011179417371749878,0.0,1.4901161193847656e-08,5,0,False
0.0675,0.040000000000000036,-0.28,True,False,False,False,False,False,False,2,5,0,0,0.011347055435180664,0.0,1.4901161193847656e-08,2,0,False
0.0675,0.06,-0.28,True,False,False,False,False,False,False,2,5,0,0,0.011168032884597778,0.0,1.4901161193847656e-08,2,0,False
0.0675,0.08000000000000002,-0.28,True,False,False,False,False,False,False,5,7,0,0,0.012347780168056488,0.0,1.4901161193847656e-08,5,0,False
0.0675,0.10000000000000003,-0.28,True,False,False,False,False,False,False,3,9,0,0,0.011258326470851898,0.0,1.4901161193847656e-08,3,0,False
0.0675,0.12000000000000005,-0.28,True,False,False,False,False,False,False,4,10,0,0,0.011371240019798279,0.0,1.4901161193847656e-08,4,0,False
0.0675,0.14000000000000007,-0.28,True,False,False,False,False,False,False,4,10,0,0,0.011384591460227966,0.0,1.4901161193847656e-08,4,0,False
0.0675,0.15999999999999998,-0.28,True,False,False,False,False,False,False,6,13,0,0,0.011262844316661358,0.0,1.4901161193847656e-08,6,0,False
0.0675,0.18,-0.28,True,False,False,False,False,False,False,3,6,0,0,0.011364154517650604,0.0,1.4901161193847656e-08,3,0,False
0.0675,0.2,-0.28,True,False,False,False,False,False,False,2,5,0,0,0.011299803853034973,0.0,1.4901161193847656e-08,2,0,False
0.0675,0.22000000000000003,-0.28,True,False,False,False,False,False,False,3,6,0,0,0.011163882911205292,0.0,1.4901161193847656e-08,3,0,False
0.0675,0.24000000000000005,-0.28,True,False,False,False,False,False,False,4,7,0,0,0.011241085827350616,0.0,1.4901161193847656e-08,4,0,False
0.0675,0.26000000000000006,-0.28,True,False,False,False,False,False,False,1,3,0,0,0.011332817375659943,0.0,1.4901161193847656e-08,1,0,False
0.0675,0.2800000000000001,-0.28,True,False,False,False,False,False,False,2,7,0,0,0.011477731168270111,0.0,1.4901161193847656e-08,2,0,False
0.0675,0.3,-0.28,True,False,False,False,False,False,False,3,9,0,0,0.01208312064409256,0.0,1.4901161193847656e-08,3,0,False
0.0675,0.32,-0.28,True,False,False,False,False,False,False,1,1,0,0,0.018722694367170334,0.0,1.4901161193847656e-08,1,0,False
0.0675,0.34,-0.28,True,False,False,False,False,False,False,0,0,0,0,,0.0,1.4901161193847656e-08,0,0,False
0.0675,0.36000000000000004,-0.28,True,False,False,False,False,False,False,0,0,0,0,,0.0,1.4901161193847656e-08,0,0,False
0.0675,0.38000000000000006,-0.28,True,False,False,False,False,False,False,0,0,0,0,,0.0,1.4901161193847656e-08,0,0,False
0.0675,0.4000000000000001,-0.28,True,False,False,False,False,False,False,0,0,0,0,,0.0,1.4901161193847656e-08,0,0,False
0.0675,0.42,-0.28,True,False,False,False,False,False,False,0,0,0,0,,0.0,1.4901161193847656e-08,0,0,False
0.0675,-0.42,-0.26,True,False,False,False,False,False,False,0,0,0,0,,0.0,1.4901161193847656e-08,0,0,False
0.0675,-0.39999999999999997,-0.26,True,False,False,False,False,False,False,0,0,0,0,,0.0,1.4901161193847656e-08,0,0,False
0.0675,-0.38,-0.26,True,False,False,False,False,False,False,0,0,0,0,,0.0,1.4901161193847656e-08,0,0,False
0.0675,-0.36,-0.26,True,False,False,False,False,False,False,0,0,0,0,,0.0,1.4901161193847656e-08,0,0,False
0.0675,-0.33999999999999997,-0.26,True,False,False,False,False,False,False,1,4,0,0,0.013794854283332825,0.0,1.4901161193847656e-08,1,0,False
0.0675,-0.31999999999999995,-0.26,True,False,True,False,False,False,False,4,13,0,0,0.0055421143770217896,0.0,1.4901161193847656e-08,4,0,False
0.0675,-0.3,-0.26,True,False,True,False,False,False,False,13,37,0,0,0.005391620099544525,0.0,1.4901161193847656e-08,13,0,False
0.0675,-0.27999999999999997,-0.26,True,False,True,False,False,False,False,18,54,0,0,0.005224704742431641,0.0,1.4901161193847656e-08,18,0,False
0.0675,-0.26,-0.26,True,False,True,False,False,False,False,18,57,0,0,0.005057059228420258,0.0,1.4901161193847656e-08,18,0,False
0.0675,-0.24,-0.26,True,False,True,False,False,False,False,18,53,0,0,0.004999518394470215,0.0,1.4901161193847656e-08,18,0,False
0.0675,-0.21999999999999997,-0.26,True,False,True,False,False,False,False,24,68,0,0,0.005105234682559967,0.0,1.4901161193847656e-08,24,0,False
0.0675,-0.19999999999999998,-0.26,True,False,True,True,True,True,False,28,79,4,4,-0.005958661437034607,7.0768823050283585,0.0034254112305247596,28,4,True
0.0675,-0.18,-0.26,True,False,True,True,True,True,False,26,75,4,4,-0.007085561752319336,8.406328453781036,0.0014270880453916114,16,2,True
0.0675,-0.15999999999999998,-0.26,True,False,True,True,True,True,False,33,89,4,4,-0.0067982301115989685,11.917927748603356,0.0017105040858880172,22,2,True
0.0675,-0.13999999999999996,-0.26,True,False,True,True,True,True,False,39,95,1,1,-0.006736443378031254,12.712020185558572,0.0018516169175465775,27,1,True
0.0675,-0.12,-0.26,True,False,True,True,True,True,False,34,98,4,4,-0.006168141961097717,17.205288438309314,0.002648036759510309,31,2,True
0.0675,-0.09999999999999998,-0.26,True,False,True,True,True,True,False,36,111,4,4,-0.005760550498962402,16.938805348811037,0.0026317390549746808,29,2,True
0.0675,-0.07999999999999996,-0.26,True,False,True,False,False,False,False,33,98,0,0,0.005122371017932892,0.0,1.4901161193847656e-08,29,2,True
0.0675,-0.06,-0.26,True,False,True,True,True,True,False,41,114,4,2,-0.0021126270294189453,0.0,0.0010724901254776955,39,6,True
0.0675,-0.03999999999999998,-0.26,True,False,True,True,True,True,False,51,144,5,5,-0.007468782365322113,15.085802309452061,0.002873408725439268,29,6,True
0.0675,-0.019999999999999962,-0.26,True,False,True,True,True,True,False,49,142,8,8,-0.007338441908359528,14.321665748144829,0.002742718930456692,28,4,True
0.0675,0.0,-0.26,True,False,True,True,True,True,False,48,124,11,7,-0.005991972982883453,1465.367457236964,0.0022627512872083295,39,5,True
0.0675,0.020000000000000018,-0.26,True,False,True,True,True,True,False,42,122,9,8,-0.005329683423042297,1.9869611568212246,0.002482280335448639,37,1,True
0.0675,0.040000000000000036,-0.26,True,False,True,True,True,True,False,38,111,4,4,-0.003963090479373932,1.37932438032277,0.001090619487682075,31,2,True
0.0675,0.06,-0.26,True,False,True,True,True,True,False,30,89,4,2,-0.002292640507221222,0.5305556952310136,0.00068469362708749,28,2,True
0.0675,0.08000000000000002,-0.26,True,False,True,False,False,False,False,35,96,0,0,0.0028309524059295654,0.0,1.4901161193847656e-08,37,2,True
0.0675,0.10000000000000003,-0.26,True,False,True,True,True,True,False,42,121,5,4,-0.008400976657867432,13.136751989898439,0.00179509586848369,42,6,True
0.0675,0.12000000000000005,-0.26,True,False,True,True,True,True,False,34,95,12,4,-0.005064293742179871,1528.6980537399163,0.002137487255900674,15,2,True
0.0675,0.14000000000000007,-0.26,True,False,True,True,True,True,False,34,88,5,1,-0.008934792131185532,0.0,0.006754343616717166,14,2,True
0.0675,0.15999999999999998,-0.26,True,False,True,True,True,True,False,34,79,6,1,-0.007201621774584055,19.433208332310553,0.002630940749325229,19,1,True
0.0675,0.18,-0.26,True,False,True,True,True,True,False,30,84,4,4,-0.0067513734102249146,14.01285457947462,0.0030443272040615718,16,2,True
0.0675,0.2,-0.26,True,False,True,True,True,True,False,23,66,4,4,-0.006892785429954529,25.5433719544629,0.0033554961098555846,8,2,True
0.0675,0.22000000000000003,-0.26,True,False,True,False,False,False,False,20,56,0,0,0.0030034715309739113,0.0,1.4901161193847656e-08,12,2,True
0.0675,0.24000000000000005,-0.26,True,False,True,True,False,True,False,18,56,2,0,0.00016179680824279785,3.3299279300442945,0.00010153272140846252,12,2,True
0.0675,0.26000000000000006,-0.26,True,False,True,True,True,True,False,17,47,3,3,-0.008666999638080597,22.218124545778455,0.002834257895354106,6,2,True
0.0675,0.2800000000000001,-0.26,True,False,True,True,True,True,False,19,56,4,4,-0.008623464033007622,0.0,0.004883814051104728,9,2,True
0.0675,0.3,-0.26,True,False,True,True,True,True,False,17,49,4,4,-0.008765697479248047,0.6303641424068283,0.0049168484704352035,11,2,True
0.0675,0.32,-0.26,True,False,True,False,False,False,False,11,23,0,0,0.0018674284219741821,0.0,1.4901161193847656e-08,5,0,False
0.0675,0.34,-0.26,True,False,False,False,False,False,False,1,4,0,0,0.011093899607658386,0.0,1.4901161193847656e-08,0,0,False
0.0675,0.36000000000000004,-0.26,True,False,False,False,False,False,False,0,0,0,0,,0.0,1.4901161193847656e-08,0,0,False
0.0675,0.38000000000000006,-0.26,True,False,False,False,False,False,False,0,0,0,0,,0.0,1.4901161193847656e-08,0,0,False
0.0675,0.4000000000000001,-0.26,True,False,False,False,False,False,False,0,0,0,0,,0.0,1.4901161193847656e-08,0,0,False
0.0675,0.42,-0.26,True,False,False,False,False,False,False,0,0,0,0,,0.0,1.4901161193847656e-08,0,0,False
0.0675,-0.42,-0.24000000000000002,True,False,False,False,False,False,False,0,0,0,0,,0.0,1.4901161193847656e-08,0,0,False
0.0675,-0.39999999999999997,-0.24000000000000002,True,False,False,False,False,False,False,0,0,0,0,,0.0,1.4901161193847656e-08,0,0,False
0.0675,-0.38,-0.24000000000000002,True,False,False,False,False,False,False,0,0,0,0,,0.0,1.4901161193847656e-08,0,0,False
0.0675,-0.36,-0.24000000000000002,True,False,False,False,False,False,False,0,0,0,0,,0.0,1.4901161193847656e-08,0,0,False
0.0675,-0.33999999999999997,-0.24000000000000002,True,False,False,False,False,False,False,2,8,0,0,0.00658369529992342,0.0,1.4901161193847656e-08,3,0,False
0.0675,-0.31999999999999995,-0.24000000000000002,True,False,True,True,True,True,False,21,65,21,4,-0.006892435252666473,872.1649780273618,0.009685555335728744,12,4,True
0.0675,-0.3,-0.24000000000000002,True,False,True,True,True,True,False,37,111,35,23,-0.006944853812456131,1622.70963032298,0.009340062907028341,15,8,True
0.0675,-0.27999999999999997,-0.24000000000000002,True,False,True,True,True,True,False,38,128,51,31,-0.010221041738986969,2256.7561035156878,0.013671829265275943,21,8,True
0.0675,-0.26,-0.24000000000000002,True,False,True,True,True,True,False,35,114,45,25,-0.00925474613904953,3270.0856041912634,0.026961818563884358,20,8,True
0.0675,-0.24,-0.24000000000000002,True,False,True,True,True,True,False,41,140,61,39,-0.01306215487420559,4720.357910156381,0.005783514167701865,24,7,True
0.0675,-0.21999999999999997,-0.24000000000000002,True,False,True,True,True,True,False,49,161,78,49,-0.01983938366174698,5298.848144531397,0.005393277202607479,30,7,True
0.0675,-0.19999999999999998,-0.24000000000000002,True,False,True,True,True,True,False,54,184,70,54,-0.01999751478433609,5539.294921875154,0.019395923814668523,32,15,True
0.0675,-0.18,-0.24000000000000002,True,False,True,True,True,True,False,64,190,72,56,-0.018236078321933746,5739.83154296891,0.03955426741316544,50,15,True
0.0675,-0.15999999999999998,-0.24000000000000002,True,False,True,True,True,True,False,63,205,66,33,-0.015616312623023987,3014.6083984375837,0.02351241687760335,54,41,True
0.0675,-0.13999999999999996,-0.24000000000000002,True,False,True,True,True,True,False,76,239,93,69,-0.020163625478744507,4840.914062500135,0.012116523444595167,65,55,True
0.0675,-0.12,-0.24000000000000002,True,False,True,True,True,True,False,85,269,89,60,-0.01889834553003311,4577.016113281377,0.0326443828087217,58,53,True
0.0675,-0.09999999999999998,-0.24000000000000002,True,False,True,True,True,True,False,94,304,128,92,-0.014667600393295288,4480.360839843814,0.017245827351394575,58,32,True
0.0675,-0.07999999999999996,-0.24000000000000002,True,False,True,True,True,True,False,94,323,130,100,-0.014515228569507599,5200.490722656324,0.018150896761373967,36,7,True
0.0675,-0.06,-0.24000000000000002,True,False,True,True,True,True,False,89,298,121,94,-0.015185751020908356,5511.937500000078,0.013899619193086514,42,15,True
0.0675,-0.03999999999999998,-0.24000000000000002,True,False,True,True,True,True,False,98,327,100,84,-0.021490484476089478,5425.785644531327,0.007960265526711141,46,5,True
0.0675,-0.019999999999999962,-0.24000000000000002,True,False,True,True,True,True,False,87,294,136,124,-0.0258195698261261,5017.795898437571,0.004812122684447309,53,17,True
0.0675,0.0,-0.24000000000000002,True,False,True,True,True,True,False,88,278,92,74,-0.027572214603424072,4546.739746093815,0.006890273930363389,65,17,True
0.0675,0.020000000000000018,-0.24000000000000002,True,False,True,True,True,True,False,81,276,87,76,-0.03458905965089798,4235.86181640631,0.013719159849889487,57,20,True
0.0675,0.040000000000000036,-0.24000000000000002,True,False,True,True,True,True,False,88,281,105,71,-0.03941690921783447,5275.658203125056,0.04447116233879949,55,14,True
0.0675,0.06,-0.24000000000000002,True,False,True,True,True,True,False,73,249,124,88,-0.03191117197275162,5793.486544295925,0.017563020834843384,55,14,True
0.0675,0.08000000000000002,-0.24000000000000002,True,False,True,True,True,True,False,62,183,39,32,-0.011384613811969757,3871.48852539068,0.023439494478561234,56,25,True
0.0675,0.10000000000000003,-0.24000000000000002,True,False,True,True,True,True,False,34,105,33,25,-0.011061878874897957,1452.480346679703,0.0213037640972569,52,9,True
0.0675,0.12000000000000005,-0.24000000000000002,True,False,True,True,True,True,False,25,86,30,28,-0.010985597968101501,1436.8775634765777,0.019926068221529435,50,19,True
0.0675,0.14000000000000007,-0.24000000000000002,True,False,True,True,True,True,False,17,59,28,20,-0.010907784104347229,1015.7856445312608,0.008054923880218228,48,26,True
0.0675,0.15999999999999998,-0.24000000000000002,True,False,True,True,True,True,False,20,61,26,21,-0.009659118950366974,1131.555419921887,0.0010999709718147715,48,17,True
0.0675,0.18,-0.24000000000000002,True,False,True,True,True,True,False,15,38,4,4,-0.009058639407157898,1.0067675113678085,0.006542807771929632,47,19,True
0.0675,0.2,-0.24000000000000002,True,False,True,False,False,False,False,5,11,0,0,0.009247012436389923,0.0,1.4901161193847656e-08,35,10,True
0.0675,0.22000000000000003,-0.24000000000000002,True,False,True,False,False,False,False,5,10,0,0,0.010117791593074799,0.0,1.4901161193847656e-08,27,17,True
0.0675,0.24000000000000005,-0.24000000000000002,True,False,True,False,False,False,False,4,7,0,0,0.011191867291927338,0.0,1.4901161193847656e-08,21,11,True
0.0675,0.26000000000000006,-0.24000000000000002,True,False,True,False,False,False,False,1,3,0,0,0.012283369898796082,0.0,1.4901161193847656e-08,19,11,True
0.0675,0.2800000000000001,-0.24000000000000002,True,False,True,False,False,False,False,2,7,0,0,0.013428136706352234,0.0,1.4901161193847656e-08,19,11,True
0.0675,0.3,-0.24000000000000002,True,False,True,False,False,False,False,3,10,0,0,0.015156649053096771,0.0,1.4901161193847656e-08,19,11,True
0.0675,0.32,-0.24000000000000002,True,False,True,False,False,False,False,0,0,0,0,,0.0,1.4901161193847656e-08,14,4,True
0.0675,0.34,-0.24000000000000002,True,False,False,False,False,False,False,0,0,0,0,,0.0,1.4901161193847656e-08,1,0,False
0.0675,0.36000000000000004,-0.24000000000000002,True,False,False,False,False,False,False,0,0,0,0,,0.0,1.4901161193847656e-08,0,0,False
0.0675,0.38000000000000006,-0.24000000000000002,True,False,False,False,False,False,False,0,0,0,0,,0.0,1.4901161193847656e-08,0,0,False
0.0675,0.4000000000000001,-0.24000000000000002,True,False,False,False,False,False,False,0,0,0,0,,0.0,1.4901161193847656e-08,0,0,False
0.0675,0.42,-0.24000000000000002,True,False,False,False,False,False,False,0,0,0,0,,0.0,1.4901161193847656e-08,0,0,False
0.0675,-0.42,-0.22000000000000003,True,False,False,False,False,False,False,0,0,0,0,,0.0,1.4901161193847656e-08,0,0,False
0.0675,-0.39999999999999997,-0.22000000000000003,True,False,False,False,False,False,False,0,0,0,0,,0.0,1.4901161193847656e-08,0,0,False
0.0675,-0.38,-0.22000000000000003,True,False,False,False,False,False,False,0,0,0,0,,0.0,1.4901161193847656e-08,0,0,False
0.0675,-0.36,-0.22000000000000003,True,False,False,False,False,False,False,0,0,0,0,,0.0,1.4901161193847656e-08,0,0,False
0.0675,-0.33999999999999997,-0.22000000000000003,True,False,False,False,False,False,False,5,18,0,0,0.006583750247955322,0.0,1.4901161193847656e-08,2,0,False
0.0675,-0.31999999999999995,-0.22000000000000003,True,False,True,True,True,True,False,22,78,23,4,-0.01161227934062481,813.7033691406418,0.006519470578394225,10,4,True
0.0675,-0.3,-0.22000000000000003,True,False,True,True,True,True,False,30,111,54,40,-0.011022437363862991,4581.997070312627,0.015478398070648344,15,8,True
0.0675,-0.27999999999999997,-0.22000000000000003,True,False,True,True,True,True,False,29,106,46,40,-0.010897196829319,3064.306640625085,0.018097886504491487,21,8,True
0.0675,-0.26,-0.22000000000000003,True,False,True,True,True,True,False,28,84,31,27,-0.011027923785150051,4642.957624497999,0.02872425080085819,20,8,True
0.0675,-0.24,-0.22000000000000003,True,False,True,True,True,True,False,29,112,55,44,-0.01110897958278656,5085.884765625141,0.010945220477841288,24,7,True
0.0675,-0.21999999999999997,-0.22000000000000003,True,False,True,True,True,True,False,34,124,64,57,-0.01649262011051178,5686.563476562658,0.01854424560762654,30,7,True
0.0675,-0.19999999999999998,-0.22000000000000003,True,False,True,True,True,True,False,34,120,56,48,-0.03329457342624664,7781.7392578125555,0.007067120705750758,32,15,True
0.0675,-0.18,-0.22000000000000003,True,False,True,True,True,True,False,50,161,51,40,-0.03671368956565857,6174.747558593922,0.01001770874834996,50,15,True
0.0675,-0.15999999999999998,-0.22000000000000003,True,False,True,True,True,True,False,49,175,94,77,-0.025644570589065552,5709.671386718909,0.009998728636175201,56,41,True
0.0675,-0.13999999999999996,-0.22000000000000003,True,False,True,True,True,True,False,58,190,68,54,-0.022268198430538177,5655.01074218758,0.007704166100333045,61,52,True
0.0675,-0.12,-0.22000000000000003,True,False,True,True,True,True,False,86,265,72,53,-0.013444766402244568,4514.7026367188755,0.013882020636113702,55,37,True
0.0675,-0.09999999999999998,-0.22000000000000003,True,False,True,True,True,True,False,85,299,94,72,-0.01823289692401886,5603.6113281251555,0.014970980849579112,54,22,True
0.0675,-0.07999999999999996,-0.22000000000000003,True,False,True,True,True,True,False,82,284,128,108,-0.02226840704679489,6682.8066406251855,0.012248077080898836,36,7,True
0.0675,-0.06,-0.22000000000000003,True,False,True,True,True,True,False,74,241,99,90,-0.022246964275836945,5362.250000000076,0.010071755535243776,44,15,True
0.0675,-0.03999999999999998,-0.22000000000000003,True,False,True,True,True,True,False,61,197,71,68,-0.029397666454315186,5667.207519531331,0.02725513058561656,57,13,True
0.0675,-0.019999999999999962,-0.22000000000000003,True,False,True,True,True,True,False,54,177,77,73,-0.02226671576499939,6423.819824218841,0.020242761861193486,70,52,True
0.0675,0.0,-0.22000000000000003,True,False,True,True,True,True,False,60,175,63,52,-0.014757305383682251,5638.94287109383,0.01518442764355753,80,51,True
0.0675,0.020000000000000018,-0.22000000000000003,True,False,True,True,True,True,False,75,230,60,50,-0.017890572547912598,5296.8906250000755,0.009185065273401046,70,57,True
0.0675,0.040000000000000036,-0.22000000000000003,True,False,True,True,True,True,False,65,210,84,53,-0.019653990864753723,3018.2136230469073,0.010401213334769111,71,65,True
0.0675,0.06,-0.22000000000000003,True,False,True,True,True,True,False,54,180,84,64,-0.017968185245990753,3350.394042968786,0.011217935717950796,67,38,True
0.0675,0.08000000000000002,-0.22000000000000003,True,False,True,True,True,True,False,41,141,49,42,-0.014234475791454315,2900.906250000031,0.054016043413035134,69,43,True
0.0675,0.10000000000000003,-0.22000000000000003,True,False,True,True,True,True,False,31,101,42,26,-0.012710951268672943,2453.9790039062764,0.006664402200235068,62,25,True
0.0675,0.12000000000000005,-0.22000000000000003,True,False,True,True,True,True,False,26,91,35,20,-0.00800364464521408,1817.7089037363512,0.009059010830463867,53,19,True
0.0675,0.14000000000000007,-0.22000000000000003,True,False,True,True,True,True,False,27,92,34,22,-0.009465835988521576,1771.4543457031439,0.010919815582589988,49,18,True
0.0675,0.15999999999999998,-0.22000000000000003,True,False,True,True,True,True,False,28,78,31,9,-0.005981817841529846,1316.6518779541063,0.0035632869942777146,48,17,True
0.0675,0.18,-0.22000000000000003,True,False,True,True,True,True,False,17,47,9,4,-0.006037868559360504,729.4318847656327,0.0060560644805270555,47,19,True
0.0675,0.2,-0.22000000000000003,True,False,True,False,False,False,False,4,8,0,0,0.011109605431556702,0.0,1.4901161193847656e-08,33,10,True
0.0675,0.22000000000000003,-0.22000000000000003,True,False,True,False,False,False,False,1,2,0,0,0.01874859631061554,0.0,1.4901161193847656e-08,26,17,True
0.0675,0.24000000000000005,-0.22000000000000003,True,False,True,False,False,False,False,1,2,0,0,0.01872793585062027,0.0,1.4901161193847656e-08,21,4,True
0.0675,0.26000000000000006,-0.22000000000000003,True,False,True,False,False,False,False,1,3,0,0,0.018832631409168243,0.0,1.4901161193847656e-08,19,6,True
0.0675,0.2800000000000001,-0.22000000000000003,True,False,True,False,False,False,False,1,2,0,0,0.018977537751197815,0.0,1.4901161193847656e-08,21,19,True
0.0675,0.3,-0.22000000000000003,True,False,True,False,False,False,False,1,1,0,0,0.01915455423295498,0.0,1.4901161193847656e-08,19,11,True
0.0675,0.32,-0.22000000000000003,True,False,True,False,False,False,False,0,0,0,0,,0.0,1.4901161193847656e-08,14,4,True
0.0675,0.34,-0.22000000000000003,True,False,False,False,False,False,False,0,0,0,0,,0.0,1.4901161193847656e-08,1,0,False
0.0675,0.36000000000000004,-0.22000000000000003,True,False,False,False,False,False,False,0,0,0,0,,0.0,1.4901161193847656e-08,0,0,False
0.0675,0.38000000000000006,-0.22000000000000003,True,False,False,False,False,False,False,0,0,0,0,,0.0,1.4901161193847656e-08,0,0,False
0.0675,0.4000000000000001,-0.22000000000000003,True,False,False,False,False,False,False,0,0,0,0,,0.0,1.4901161193847656e-08,0,0,False
0.0675,0.42,-0.22000000000000003,True,False,False,False,False,False,False,0,0,0,0,,0.0,1.4901161193847656e-08,0,0,False
0.0675,-0.42,-0.2,True,False,False,False,False,False,False,0,0,0,0,,0.0,1.4901161193847656e-08,0,0,False
0.0675,-0.39999999999999997,-0.2,True,False,False,False,False,False,False,0,0,0,0,,0.0,1.4901161193847656e-08,0,0,False
0.0675,-0.38,-0.2,True,False,False,False,False,False,False,0,0,0,0,,0.0,1.4901161193847656e-08,0,0,False
0.0675,-0.36,-0.2,True,False,False,False,False,False,False,0,0,0,0,,0.0,1.4901161193847656e-08,0,0,False
0.0675,-0.33999999999999997,-0.2,True,False,False,False,False,False,False,7,20,0,0,0.006578460335731506,0.0,1.4901161193847656e-08,2,0,False
0.0675,-0.31999999999999995,-0.2,True,False,True,True,True,True,False,36,107,23,4,-0.010020717978477478,750.5783691406405,0.0013340508648481662,10,4,True
0.0675,-0.3,-0.2,True,False,True,True,True,True,False,45,154,50,48,-0.011022459715604782,3699.700195312603,0.02171278524464072,15,8,True
0.0675,-0.27999999999999997,-0.2,True,False,True,True,True,True,False,39,134,46,40,-0.010897204279899597,4447.812988281374,0.018303494708466084,21,8,True
0.0675,-0.26,-0.2,True,False,True,True,True,True,False,38,113,31,31,-0.01102792751044035,4255.966308593868,0.026390682320065882,20,8,True
0.0675,-0.24,-0.2,True,False,True,True,True,True,False,57,190,69,47,-0.011108994483947754,4836.921875000135,0.018519739975174,24,7,True
0.0675,-0.21999999999999997,-0.2,True,False,True,True,True,True,False,72,241,94,76,-0.018161125481128693,4397.829101562623,0.007915655640019285,30,7,True
0.0675,-0.19999999999999998,-0.2,True,False,True,True,True,True,False,88,274,99,64,-0.02027258276939392,8085.048828125057,0.0013583547976117399,32,15,True
0.0675,-0.18,-0.2,True,False,True,True,True,True,False,94,280,115,83,-0.018962077796459198,6352.904296875176,0.011778421306759004,50,15,True
0.0675,-0.15999999999999998,-0.2,True,False,True,True,True,True,False,94,296,86,70,-0.017886146903038025,3832.063476562607,0.006463931421008858,56,41,True
0.0675,-0.13999999999999996,-0.2,True,False,True,True,True,True,False,92,279,104,83,-0.01760047674179077,3590.3740234376,0.003758671841436562,65,56,True
0.0675,-0.12,-0.2,True,False,True,True,True,True,False,107,334,115,94,-0.016222037374973297,3871.357910156358,0.009622574563255874,62,55,True
0.0675,-0.09999999999999998,-0.2,True,False,True,True,True,True,False,125,397,140,99,-0.01600286364555359,4369.404296875122,0.010066288216784167,68,60,True
0.0675,-0.07999999999999996,-0.2,True,False,True,True,True,True,False,126,413,158,130,-0.014634557068347931,4911.62207031257,0.011031874186735771,51,50,True
0.0675,-0.06,-0.2,True,False,True,True,True,True,False,106,361,125,111,-0.01788037270307541,5569.365722656329,0.013227722352654481,64,69,True
0.0675,-0.03999999999999998,-0.2,True,False,True,True,True,True,False,88,287,99,89,-0.019106388092041016,5318.1269531250755,0.01925559821599565,68,61,True
0.0675,-0.019999999999999962,-0.2,True,False,True,True,True,True,False,73,231,88,84,-0.021227002143859863,5985.3261718750855,0.023972800095597657,80,67,True
0.0675,0.0,-0.2,True,False,True,True,True,True,False,69,215,71,60,-0.019483089447021484,5170.325683593824,0.01394754933811565,86,61,True
0.0675,0.020000000000000018,-0.2,True,False,True,True,True,True,False,76,228,56,50,-0.018552452325820923,4317.287109375061,0.013267520974721296,77,60,True
0.0675,0.040000000000000036,-0.2,True,False,True,True,True,True,False,66,219,64,49,-0.020095311105251312,4715.681402320917,0.012339111417902556,75,61,True
0.0675,0.06,-0.2,True,False,True,True,True,True,False,51,162,79,65,-0.022182345390319824,3852.703857421916,0.02406218986853675,74,80,True
0.0675,0.08000000000000002,-0.2,True,False,True,True,True,True,False,42,141,32,32,-0.02226676046848297,4088.816894531308,0.04880962142422533,77,81,True
0.0675,0.10000000000000003,-0.2,True,False,True,True,True,True,False,28,83,25,21,-0.019695647060871124,1155.0168457031373,0.005821366246893184,75,64,True
0.0675,0.12000000000000005,-0.2,True,False,True,True,True,True,False,23,78,30,24,-0.022265829145908356,5.617835998535236,0.01477318255845919,61,38,True
0.0675,0.14000000000000007,-0.2,True,False,True,True,True,True,False,23,69,28,20,-0.02226623147726059,0.0,0.016219384924274046,55,26,True
0.0675,0.15999999999999998,-0.2,True,False,True,True,True,True,False,28,79,25,21,-0.02226664125919342,0.0,0.020016166888770247,54,30,True
0.0675,0.18,-0.2,True,False,True,True,True,True,False,26,75,8,4,-0.009060487151145935,0.8983530998230076,0.0062995186272865695,49,19,True
0.0675,0.2,-0.2,True,False,True,True,False,True,False,10,27,4,0,-0.0013232901692390442,0.0,0.0009136370383800693,33,10,True
0.0675,0.22000000000000003,-0.2,True,False,True,False,False,False,False,11,30,0,0,0.007175557315349579,0.0,1.4901161193847656e-08,26,17,True
0.0675,0.24000000000000005,-0.2,True,False,True,False,False,False,False,11,28,0,0,0.005499258637428284,0.0,1.4901161193847656e-08,21,6,True
0.0675,0.26000000000000006,-0.2,True,False,True,True,False,True,False,8,21,3,0,-0.0012705698609352112,0.0,0.0004388674272470115,19,6,True
0.0675,0.2800000000000001,-0.2,True,False,True,True,False,True,False,9,23,4,0,-0.0010870620608329773,0.0,0.000300534489102834,21,19,True
0.0675,0.3,-0.2,True,False,True,True,False,True,False,11,33,4,0,-0.0009537935256958008,0.0,0.00020570394797503542,24,23,True
0.0675,0.32,-0.2,True,False,True,False,False,False,False,7,16,0,0,0.0066314637660980225,0.0,1.4901161193847656e-08,14,4,True
0.0675,0.34,-0.2,True,False,False,False,False,False,False,0,0,0,0,,0.0,1.4901161193847656e-08,1,0,False
0.0675,0.36000000000000004,-0.2,True,False,False,False,False,False,False,0,0,0,0,,0.0,1.4901161193847656e-08,0,0,False
0.0675,0.38000000000000006,-0.2,True,False,False,False,False,False,False,0,0,0,0,,0.0,1.4901161193847656e-08,0,0,False
0.0675,0.4000000000000001,-0.2,True,False,False,False,False,False,False,0,0,0,0,,0.0,1.4901161193847656e-08,0,0,False
0.0675,0.42,-0.2,True,False,False,False,False,False,False,0,0,0,0,,0.0,1.4901161193847656e-08,0,0,False
0.0675,-0.42,-0.18000000000000002,True,False,False,False,False,False,False,0,0,0,0,,0.0,1.4901161193847656e-08,0,0,False
0.0675,-0.39999999999999997,-0.18000000000000002,True,False,False,False,False,False,False,0,0,0,0,,0.0,1.4901161193847656e-08,0,0,False
0.0675,-0.38,-0.18000000000000002,True,False,False,False,False,False,False,0,0,0,0,,0.0,1.4901161193847656e-08,0,0,False
0.0675,-0.36,-0.18000000000000002,True,False,False,False,False,False,False,0,0,0,0,,0.0,1.4901161193847656e-08,0,0,False
0.0675,-0.33999999999999997,-0.18000000000000002,True,False,False,False,False,False,False,10,24,0,0,0.011490818113088608,0.0,1.4901161193847656e-08,7,0,False
0.0675,-0.31999999999999995,-0.18000000000000002,True,False,True,True,False,True,False,50,159,30,0,-2.6553869247436523e-05,0.009839204140007565,1.0431528599057118e-05,26,11,True
0.0675,-0.3,-0.18000000000000002,True,False,True,True,True,True,False,74,238,75,59,-0.011022422462701797,4125.233886718865,0.022983639027125212,46,30,True
0.0675,-0.27999999999999997,-0.18000000000000002,True,False,True,True,True,True,False,71,235,70,56,-0.010994642041623592,3961.8375238535514,0.011371053246893232,45,36,True
0.0675,-0.26,-0.18000000000000002,True,False,True,True,True,True,False,71,213,45,37,-0.01105724461376667,4322.64910588348,0.039001465240528804,46,35,True
0.0675,-0.24,-0.18000000000000002,False,True,True,True,True,False,False,68,230,84,63,-0.01110900193452835,5231.7504882813955,0.0138580073492204,56,29,True
0.0675,-0.21999999999999997,-0.18000000000000002,False,True,True,True,True,False,False,68,232,93,76,-0.01649266481399536,5719.806640625159,0.013285096004428667,63,34,True
0.0675,-0.19999999999999998,-0.18000000000000002,False,True,True,True,True,False,False,73,234,83,53,-0.02027258276939392,7872.8535156250555,0.011687058537483919,64,41,True
0.0675,-0.18,-0.18000000000000002,False,True,True,True,True,False,False,96,296,69,57,-0.016255691647529602,5723.208984375159,0.007104039408843591,91,42,True
0.0675,-0.15999999999999998,-0.18000000000000002,False,True,True,True,True,False,False,89,303,127,93,-0.01279885321855545,5667.919921875157,0.005669195135221929,88,73,True
0.0675,-0.13999999999999996,-0.18000000000000002,False,True,True,True,True,False,False,90,273,88,62,-0.01110900193452835,4745.341308593882,0.0066718942465985726,104,79,True
0.0675,-0.12,-0.18000000000000002,False,True,True,True,True,False,False,109,343,85,69,-0.011108994483947754,5654.989257812657,0.012234120607990378,103,98,True
0.0675,-0.09999999999999998,-0.18000000000000002,False,True,True,True,True,False,False,116,392,110,89,-0.011108994483947754,6376.669921875177,0.008191449491696732,114,92,True
0.0675,-0.07999999999999996,-0.18000000000000002,False,True,True,True,True,False,False,107,361,126,119,-0.016216732561588287,6645.639160156435,0.005972764812160091,116,93,True
0.0675,-0.06,-0.18000000000000002,False,True,True,True,True,False,False,85,293,104,96,-0.030324570834636688,6480.935058593819,0.010193825391545638,113,104,True
0.0675,-0.03999999999999998,-0.18000000000000002,False,True,True,True,True,False,False,82,267,75,71,-0.03534136712551117,4902.141601562569,0.011021630327000376,117,95,True
0.0675,-0.019999999999999962,-0.18000000000000002,False,True,True,True,True,False,False,90,304,82,77,-0.021699845790863037,5142.746093750073,0.014757545779422817,119,108,True
0.0675,0.0,-0.18000000000000002,False,True,True,True,True,False,False,108,310,81,68,-0.011109039187431335,4261.705078125061,0.007398434704857279,131,81,True
0.0675,0.020000000000000018,-0.18000000000000002,False,True,True,True,True,False,False,109,348,88,58,-0.012758806347846985,5015.153320312571,0.014523819143545684,113,97,True
0.0675,0.040000000000000036,-0.18000000000000002,False,True,True,True,True,False,False,140,427,116,72,-0.013850949704647064,3348.5810546875477,0.00890437968709639,116,98,True
0.0675,0.06,-0.18000000000000002,False,True,True,True,True,False,False,150,467,164,104,-0.015356466174125671,5281.2045898438255,0.0030107676507047276,107,94,True
0.0675,0.08000000000000002,-0.18000000000000002,False,True,True,True,True,False,False,136,432,108,87,-0.011109039187431335,4449.634277343813,0.005992577390185732,102,60,True
0.0675,0.10000000000000003,-0.18000000000000002,False,True,True,True,True,False,False,117,359,92,68,-0.01106189377605915,1762.9271240234561,0.029047588742928454,100,63,True
0.0675,0.12000000000000005,-0.18000000000000002,False,True,True,True,True,False,False,109,319,72,42,-0.011012292467057705,349.9887275855958,0.013054578596814633,98,58,True
0.0675,0.14000000000000007,-0.18000000000000002,False,True,True,True,True,False,False,90,253,62,37,-0.01097095012664795,6.795623779297086,0.015218974333249799,92,53,True
0.0675,0.15999999999999998,-0.18000000000000002,False,True,True,True,True,False,False,71,213,60,42,-0.008174195885658264,1885.5749511718952,0.008418703131632253,78,57,True
0.0675,0.18,-0.18000000000000002,False,True,True,True,True,False,False,71,211,44,21,-0.007521048188209534,637.0184271809263,0.012557204064012803,79,48,True
0.0675,0.2,-0.18000000000000002,False,True,True,True,True,False,False,70,214,42,25,-0.010556764900684357,2710.686035156334,0.005362409768061384,71,42,True
0.0675,0.22000000000000003,-0.18000000000000002,False,True,True,True,True,False,False,58,179,62,26,-0.011218514293432236,2514.122802734453,0.0018825643096849827,57,40,True
0.0675,0.24000000000000005,-0.18000000000000002,False,True,True,True,True,False,False,51,158,48,23,-0.008892357349395752,1563.926212889936,0.009986827371319843,47,30,True
0.0675,0.26000000000000006,-0.18000000000000002,True,False,True,True,True,True,False,44,145,32,17,-0.010975457727909088,2577.77685546883,0.010541542860250367,40,34,True
0.0675,0.2800000000000001,-0.18000000000000002,True,False,True,True,True,True,False,38,129,42,26,-0.00806920975446701,1456.7332763672327,0.005894069883764723,38,33,True
0.0675,0.3,-0.18000000000000002,True,False,True,True,True,True,False,46,133,33,15,-0.009346403181552887,1445.5986836199088,0.003057980910582902,43,31,True
0.0675,0.32,-0.18000000000000002,True,False,True,True,True,True,False,38,99,24,4,-0.005415670573711395,851.5421752929952,0.0010595538749549266,34,11,True
0.0675,0.34,-0.18000000000000002,True,False,False,False,False,False,False,10,27,0,0,0.005742295645177364,0.0,1.4901161193847656e-08,8,0,False
0.0675,0.36000000000000004,-0.18000000000000002,True,False,False,False,False,False,False,0,0,0,0,,0.0,1.4901161193847656e-08,0,0,False
0.0675,0.38000000000000006,-0.18000000000000002,True,False,False,False,False,False,False,0,0,0,0,,0.0,1.4901161193847656e-08,0,0,False
0.0675,0.4000000000000001,-0.18000000000000002,True,False,False,False,False,False,False,0,0,0,0,,0.0,1.4901161193847656e-08,0,0,False
0.0675,0.42,-0.18000000000000002,True,False,False,False,False,False,False,0,0,0,0,,0.0,1.4901161193847656e-08,0,0,False
0.0675,-0.42,-0.16000000000000003,True,False,False,False,False,False,False,0,0,0,0,,0.0,1.4901161193847656e-08,0,0,False
0.0675,-0.39999999999999997,-0.16000000000000003,True,False,False,False,False,False,False,0,0,0,0,,0.0,1.4901161193847656e-08,0,0,False
0.0675,-0.38,-0.16000000000000003,True,False,False,False,False,False,False,0,0,0,0,,0.0,1.4901161193847656e-08,0,0,False
0.0675,-0.36,-0.16000000000000003,True,False,False,False,False,False,False,0,0,0,0,,0.0,1.4901161193847656e-08,0,0,False
0.0675,-0.33999999999999997,-0.16000000000000003,True,False,False,False,False,False,False,16,43,0,0,0.0066254884004592896,0.0,1.4901161193847656e-08,17,0,False
0.0675,-0.31999999999999995,-0.16000000000000003,True,False,True,True,True,True,False,55,184,54,21,-0.013071060180664062,2409.3928222656996,0.017757083032279613,39,50,True
0.0675,-0.3,-0.16000000000000003,True,False,True,True,True,True,False,80,268,102,78,-0.011022422462701797,3891.0029296876082,0.018613529236392833,55,80,True
0.0675,-0.27999999999999997,-0.16000000000000003,True,False,True,True,True,True,False,77,252,91,77,-0.015801722183823586,4202.046386718867,0.009562597495617475,56,71,True
0.0675,-0.26,-0.16000000000000003,True,False,True,True,True,True,False,73,221,71,58,-0.015898453071713448,4168.8452148438655,0.00862535098627257,54,61,True
0.0675,-0.24,-0.16000000000000003,False,True,True,True,True,False,False,77,266,131,103,-0.015914782881736755,5593.8242187501555,0.00769807051973528,61,99,True
0.0675,-0.21999999999999997,-0.16000000000000003,False,True,True,True,True,False,False,85,301,121,100,-0.01649266481399536,6354.817871093926,0.00569411818537729,72,98,True
0.0675,-0.19999999999999998,-0.16000000000000003,False,True,True,True,True,False,False,89,298,111,81,-0.02027258276939392,6533.217285156432,0.006895608651934916,75,91,True
0.0675,-0.18,-0.16000000000000003,False,True,True,True,True,False,False,120,397,106,92,-0.016255691647529602,6274.923828125175,0.005421685333766293,96,102,True
0.0675,-0.15999999999999998,-0.16000000000000003,False,True,True,True,True,False,False,124,431,183,139,-0.015887398272752762,5568.871582031405,0.00778321621688619,93,123,True
0.0675,-0.13999999999999996,-0.16000000000000003,False,True,True,True,True,False,False,129,414,130,106,-0.015811055898666382,4754.525359640303,0.007648786913943202,114,125,True
0.0675,-0.12,-0.16000000000000003,False,True,True,True,True,False,False,143,452,133,108,-0.011108994483947754,4676.514160156316,0.0019845651230038356,138,135,True
0.0675,-0.09999999999999998,-0.16000000000000003,False,True,True,True,True,False,False,156,532,182,139,-0.011108994483947754,5905.375488281334,0.0070200855469314235,144,188,True
0.0675,-0.07999999999999996,-0.16000000000000003,False,True,True,True,True,False,False,144,503,201,173,-0.01621893048286438,6868.481933593824,0.010611363271984984,137,187,True
0.0675,-0.06,-0.16000000000000003,False,True,True,True,True,False,False,127,439,167,146,-0.017093904316425323,5176.102539062574,0.008473085681542234,135,173,True
0.0675,-0.03999999999999998,-0.16000000000000003,False,True,True,True,True,False,False,139,458,144,127,-0.01110905408859253,5138.338378906323,0.005564673581599216,143,150,True
0.0675,-0.019999999999999962,-0.16000000000000003,False,True,True,True,True,False,False,130,450,200,173,-0.01110905408859253,4947.17626953132,0.0065468554971587324,138,191,True
0.0675,0.0,-0.16000000000000003,False,True,True,True,True,False,False,133,437,150,120,-0.01110905408859253,5366.081542968826,0.00642681752958016,141,164,True
0.0675,0.020000000000000018,-0.16000000000000003,False,True,True,True,True,False,False,134,439,129,96,-0.011109046638011932,4742.964355468926,0.009236520397250888,133,143,True
0.0675,0.040000000000000036,-0.16000000000000003,False,True,True,True,True,False,False,152,510,151,100,-0.011109046638011932,4355.343750000062,0.008422485532121078,146,174,True
0.0675,0.06,-0.16000000000000003,False,True,True,True,True,False,False,141,477,237,173,-0.01633121445775032,5195.264648437542,0.007213647318411719,141,214,True
0.0675,0.08000000000000002,-0.16000000000000003,False,True,True,True,True,False,False,142,486,154,119,-0.018648624420166016,5509.852050781456,0.00692598538948813,142,175,True
0.0675,0.10000000000000003,-0.16000000000000003,False,True,True,True,True,False,False,125,411,149,116,-0.018648624420166016,5454.966796875204,0.009912972889863992,134,154,True
0.0675,0.12000000000000005,-0.16000000000000003,False,True,True,True,True,False,False,118,376,160,113,-0.018663495779037476,5198.854492187694,0.005890518878620946,120,146,True
0.0675,0.14000000000000007,-0.16000000000000003,False,True,True,True,True,False,False,96,320,117,86,-0.018663495779037476,5626.35449218771,0.003045851049870931,99,108,True
0.0675,0.15999999999999998,-0.16000000000000003,False,True,True,True,True,False,False,85,279,101,80,-0.018663495779037476,5777.852539062716,0.02769912337293404,95,101,True
0.0675,0.18,-0.16000000000000003,False,True,True,True,True,False,False,95,320,115,80,-0.018663495779037476,4736.487304687676,0.018936897313561962,103,119,True
0.0675,0.2,-0.16000000000000003,False,True,True,True,True,False,False,89,311,119,82,-0.020362362265586853,4826.4604492189,0.011145195622665147,93,123,True
0.0675,0.22000000000000003,-0.16000000000000003,False,True,True,True,True,False,False,78,267,102,61,-0.018663495779037476,4492.596191406417,0.027229181185665804,78,102,True
0.0675,0.24000000000000005,-0.16000000000000003,False,True,True,True,True,False,False,64,223,85,57,-0.015914730727672577,5536.573304803135,0.012931020468509694,64,85,True
0.0675,0.26000000000000006,-0.16000000000000003,True,False,True,True,True,True,False,50,173,67,36,-0.015911400318145752,3609.7541503907596,0.02360483493726393,49,63,True
0.0675,0.2800000000000001,-0.16000000000000003,True,False,True,True,True,True,False,47,163,61,37,-0.01583505980670452,3733.934916616323,0.036039073030344225,44,57,True
0.0675,0.3,-0.16000000000000003,True,False,True,True,True,True,False,53,166,60,36,-0.011897653341293335,3940.0712890625314,0.00941780741035658,54,56,True
0.0675,0.32,-0.16000000000000003,True,False,True,True,True,True,False,47,142,47,28,-0.015396416187286377,1687.4282226562634,0.016946137606113545,46,47,True
0.0675,0.34,-0.16000000000000003,True,False,False,False,False,False,False,13,31,0,0,0.00460362434387207,0.0,1.4901161193847656e-08,14,0,False
0.0675,0.36000000000000004,-0.16000000000000003,True,False,False,False,False,False,False,0,0,0,0,,0.0,1.4901161193847656e-08,0,0,False
0.0675,0.38000000000000006,-0.16000000000000003,True,False,False,False,False,False,False,0,0,0,0,,0.0,1.4901161193847656e-08,0,0,False
0.0675,0.4000000000000001,-0.16000000000000003,True,False,False,False,False,False,False,0,0,0,0,,0.0,1.4901161193847656e-08,0,0,False
0.0675,0.42,-0.16000000000000003,True,False,False,False,False,False,False,0,0,0,0,,0.0,1.4901161193847656e-08,0,0,False
0.0675,-0.42,-0.14,True,False,False,False,False,False,False,0,0,0,0,,0.0,1.4901161193847656e-08,0,0,False
0.0675,-0.39999999999999997,-0.14,True,False,False,False,False,False,False,0,0,0,0,,0.0,1.4901161193847656e-08,0,0,False
0.0675,-0.38,-0.14,True,False,False,False,False,False,False,0,0,0,0,,0.0,1.4901161193847656e-08,0,0,False
0.0675,-0.36,-0.14,True,False,False,False,False,False,False,0,0,0,0,,0.0,1.4901161193847656e-08,0,0,False
0.0675,-0.33999999999999997,-0.14,True,False,False,False,False,False,False,14,48,0,0,0.006583452224731445,0.0,1.4901161193847656e-08,15,0,False
0.0675,-0.31999999999999995,-0.14,True,False,True,True,True,True,False,50,171,58,29,-0.013416588306427002,6563.354525310258,0.007199359063888544,39,54,True
0.0675,-0.3,-0.14,True,False,True,True,True,True,False,69,246,102,82,-0.017099790275096893,4250.913085937618,0.022322858535946392,52,80,True
0.0675,-0.27999999999999997,-0.14,True,False,True,True,True,True,False,66,229,91,81,-0.017099790275096893,5579.323556384994,0.0428889387854815,51,71,True
0.0675,-0.26,-0.14,True,False,True,True,True,True,False,67,214,69,62,-0.017099790275096893,4574.653602951306,0.01295066220592498,52,59,True
0.0675,-0.24,-0.14,False,True,True,True,True,False,False,73,259,122,98,-0.017099790275096893,6349.261230468801,0.012309640243089334,60,90,True
0.0675,-0.21999999999999997,-0.14,False,True,True,True,True,False,False,79,277,127,114,-0.01743607223033905,7922.727539062564,0.009076268347942477,67,106,True
0.0675,-0.19999999999999998,-0.14,False,True,True,True,True,False,False,87,281,125,90,-0.02027258276939392,5728.435546875159,0.008856161460982516,72,97,True
0.0675,-0.18,-0.14,False,True,True,True,True,False,False,117,377,102,87,-0.017099782824516296,5788.903808593911,0.010871079087774172,90,88,True
0.0675,-0.15999999999999998,-0.14,False,True,True,True,True,False,False,122,426,185,132,-0.017099782824516296,5453.859555672757,0.006792399636322371,85,124,True
0.0675,-0.13999999999999996,-0.14,False,True,True,True,True,False,False,126,402,129,105,-0.017099782824516296,6812.541816979195,0.008104423183553778,88,98,True
0.0675,-0.12,-0.14,False,True,True,True,True,False,False,140,434,128,109,-0.017099782824516296,5030.25292968764,0.009346240745632608,103,105,True
0.0675,-0.09999999999999998,-0.14,False,True,True,True,True,False,False,155,536,201,152,-0.017099782824516296,4733.071777343788,0.008174606146664933,118,153,True
0.0675,-0.07999999999999996,-0.14,False,True,True,True,True,False,False,143,505,216,182,-0.017099782824516296,5785.945312500062,0.011246314829961992,117,165,True
0.0675,-0.06,-0.14,False,True,True,True,True,False,False,128,446,181,156,-0.017099782824516296,5045.366699218822,0.01237458005734469,104,139,True
0.0675,-0.03999999999999998,-0.14,False,True,True,True,True,False,False,142,481,152,129,-0.017099782824516296,4899.717285156319,0.011110895104349353,115,121,True
0.0675,-0.019999999999999962,-0.14,False,True,True,True,True,False,False,131,462,237,202,-0.017099782824516296,4993.173828125071,0.010655224006271887,105,173,True
0.0675,0.0,-0.14,False,True,True,True,True,False,False,126,426,174,142,-0.0170997753739357,4965.725585937685,0.013256233021779718,106,136,True
0.0675,0.020000000000000018,-0.14,False,True,True,True,True,False,False,122,392,133,116,-0.017753414809703827,4817.701660156318,0.01407803765388411,107,127,True
0.0675,0.040000000000000036,-0.14,False,True,True,True,True,False,False,136,471,137,103,-0.022009164094924927,4804.542968750179,0.01118532575710235,111,130,True
0.0675,0.06,-0.14,False,True,True,True,True,False,False,124,443,234,190,-0.022262655198574066,5257.5361328126955,0.0047620475610649195,104,185,True
0.0675,0.08000000000000002,-0.14,False,True,True,True,True,False,False,133,454,164,148,-0.02226310223340988,6360.055175781487,0.011569969387771517,109,139,True
0.0675,0.10000000000000003,-0.14,False,True,True,True,True,False,False,130,426,161,142,-0.0170997753739357,6132.828613281299,0.004736674751194034,99,127,True
0.0675,0.12000000000000005,-0.14,False,True,True,True,True,False,False,126,430,160,129,-0.015979580581188202,5884.442871093969,0.007133333251671363,84,113,True
0.0675,0.14000000000000007,-0.14,False,True,True,True,True,False,False,105,351,125,95,-0.013629809021949768,5459.537597656454,0.008231028617575716,72,82,True
0.0675,0.15999999999999998,-0.14,False,True,True,True,True,False,False,97,308,117,101,-0.015867929905653,6152.268245811196,0.004969251733377358,71,78,True
0.0675,0.18,-0.14,False,True,True,True,True,False,False,133,421,116,103,-0.019186824560165405,7648.780761718811,0.006014303235020635,87,84,True
0.0675,0.2,-0.14,False,True,True,True,True,False,False,117,401,163,148,-0.0165044367313385,6720.41210937525,0.007029337509045601,76,119,True
0.0675,0.22000000000000003,-0.14,False,True,True,True,True,False,False,96,316,135,89,-0.017568565905094147,7834.291015625292,0.018966698309592547,60,89,True
0.0675,0.24000000000000005,-0.14,False,True,True,True,True,False,False,76,251,107,85,-0.01930008828639984,7689.847167968812,0.01371353505769424,50,67,True
0.0675,0.26000000000000006,-0.14,True,False,True,True,True,True,False,59,200,87,71,-0.01591140404343605,4528.164062500168,0.02716214466949938,38,55,True
0.0675,0.2800000000000001,-0.14,True,False,True,True,True,True,False,55,186,88,70,-0.01583506166934967,5026.054687500187,0.013440504399778036,33,53,True
0.0675,0.3,-0.14,True,False,True,True,True,True,False,52,162,67,55,-0.012427173554897308,4301.572265625035,0.011696696351529796,42,52,True
0.0675,0.32,-0.14,True,False,True,True,True,True,False,38,130,40,32,-0.015396416187286377,4372.180175781285,0.020194454055060825,35,43,True
0.0675,0.34,-0.14,True,False,False,False,False,False,False,13,38,0,0,0.004430562257766724,0.0,1.4901161193847656e-08,14,0,False
0.0675,0.36000000000000004,-0.14,True,False,False,False,False,False,False,0,0,0,0,,0.0,1.4901161193847656e-08,0,0,False
0.0675,0.38000000000000006,-0.14,True,False,False,False,False,False,False,0,0,0,0,,0.0,1.4901161193847656e-08,0,0,False
0.0675,0.4000000000000001,-0.14,True,False,False,False,False,False,False,0,0,0,0,,0.0,1.4901161193847656e-08,0,0,False
0.0675,0.42,-0.14,True,False,False,False,False,False,False,0,0,0,0,,0.0,1.4901161193847656e-08,0,0,False
0.0675,-0.42,-0.12000000000000002,True,False,False,False,False,False,False,0,0,0,0,,0.0,1.4901161193847656e-08,0,0,False
0.0675,-0.39999999999999997,-0.12000000000000002,True,False,False,False,False,False,False,0,0,0,0,,0.0,1.4901161193847656e-08,0,0,False
0.0675,-0.38,-0.12000000000000002,True,False,False,False,False,False,False,0,0,0,0,,0.0,1.4901161193847656e-08,0,0,False
0.0675,-0.36,-0.12000000000000002,True,False,False,False,False,False,False,0,0,0,0,,0.0,1.4901161193847656e-08,0,0,False
0.0675,-0.33999999999999997,-0.12000000000000002,True,False,False,False,False,False,False,15,51,0,0,0.006583452224731445,0.0,1.4901161193847656e-08,16,0,False
0.0675,-0.31999999999999995,-0.12000000000000002,True,False,True,True,True,True,False,48,158,55,29,-0.013416588306427002,7990.53244417942,0.026846109549860494,38,54,True
0.0675,-0.3,-0.12000000000000002,True,False,True,True,True,True,False,63,204,77,59,-0.020959846675395966,6322.7451171876755,0.017178437272599347,52,80,True
0.0675,-0.27999999999999997,-0.12000000000000002,True,False,True,True,True,True,False,66,220,73,61,-0.02095986157655716,8829.94335937533,0.03544462772516074,49,71,True
0.0675,-0.26,-0.12000000000000002,True,False,True,True,True,True,False,64,210,73,55,-0.02095986157655716,5720.890625000159,0.027530934230482088,46,59,True
0.0675,-0.24,-0.12000000000000002,False,True,True,True,True,False,False,72,267,136,107,-0.02095986157655716,6359.018554687677,0.010693376758477986,50,90,True
0.0675,-0.21999999999999997,-0.12000000000000002,False,True,True,True,True,False,False,78,289,137,120,-0.02095986157655716,6705.546875000048,0.004649541076632959,58,103,True
0.0675,-0.19999999999999998,-0.12000000000000002,False,True,True,True,True,False,False,83,283,124,98,-0.02095986157655716,6107.92333984392,0.008674292069592016,61,99,True
0.0675,-0.18,-0.12000000000000002,False,True,True,True,True,False,False,108,365,106,90,-0.02095986157655716,6032.777832031418,0.010117642130839908,80,82,True
0.0675,-0.15999999999999998,-0.12000000000000002,False,True,True,True,True,False,False,117,417,181,126,-0.020959876477718353,7161.7988281252665,0.008935707363775225,74,121,True
0.0675,-0.13999999999999996,-0.12000000000000002,False,True,True,True,True,False,False,120,388,111,99,-0.020959876477718353,6416.518554687739,0.014367774334406985,78,95,True
0.0675,-0.12,-0.12000000000000002,False,True,True,True,True,False,False,131,400,112,102,-0.020959876477718353,5766.560058593966,0.011750491713576816,93,102,True
0.0675,-0.09999999999999998,-0.12000000000000002,False,True,True,True,True,False,False,145,516,179,139,-0.020959876477718353,9806.288057035836,0.016828688318120004,102,151,True
0.0675,-0.07999999999999996,-0.12000000000000002,False,True,True,True,True,False,False,140,487,181,163,-0.020959876477718353,6406.702148437678,0.012863652108085231,103,159,True
0.0675,-0.06,-0.12000000000000002,False,True,True,True,True,False,False,113,405,169,145,-0.020959876477718353,6057.157226562726,0.013766772801543115,90,141,True
0.0675,-0.03999999999999998,-0.12000000000000002,False,True,True,True,True,False,False,138,490,134,115,-0.020959876477718353,6402.743652343988,0.01732745939659221,99,118,True
0.0675,-0.019999999999999962,-0.12000000000000002,False,True,True,True,True,False,False,141,488,266,234,-0.020959891378879547,6405.383300781489,0.01764209071753036,97,171,True
0.0675,0.0,-0.12000000000000002,False,True,True,True,True,False,False,149,525,205,161,-0.020959891378879547,7863.014160156543,0.009308156002916845,115,153,True
0.0675,0.020000000000000018,-0.12000000000000002,False,True,True,True,True,False,False,145,499,171,137,-0.020959891378879547,5425.112792968952,0.02158744426928106,117,161,True
0.0675,0.040000000000000036,-0.12000000000000002,False,True,True,True,True,False,False,165,555,176,122,-0.020959891378879547,5156.388183593824,0.02180765628378782,127,155,True
0.0675,0.06,-0.12000000000000002,False,True,True,True,True,False,False,147,516,236,197,-0.020959891378879547,5340.455078125076,0.013657740303475692,121,207,True
0.0675,0.08000000000000002,-0.12000000000000002,False,True,True,True,True,False,False,131,458,160,148,-0.020959891378879547,5799.2851562502165,0.015858805191412598,115,156,True
0.0675,0.10000000000000003,-0.12000000000000002,False,True,True,True,True,False,False,112,385,136,128,-0.020959876477718353,9055.093102618228,0.024819064206897383,101,133,True
0.0675,0.12000000000000005,-0.12000000000000002,False,True,True,True,True,False,False,93,319,117,107,-0.026258453726768494,5378.69677734395,0.013285469892384542,80,115,True
0.0675,0.14000000000000007,-0.12000000000000002,False,True,True,True,True,False,False,83,290,108,82,-0.030293479561805725,5296.329589843792,0.013783098315303062,82,106,True
0.0675,0.15999999999999998,-0.12000000000000002,False,True,True,True,True,False,False,71,240,99,88,-0.03842310607433319,5822.835937500181,0.0115827659863388,82,104,True
0.0675,0.18,-0.12000000000000002,False,True,True,True,True,False,False,91,314,86,71,-0.026082903146743774,6741.224121093805,0.013801464166558405,104,105,True
0.0675,0.2,-0.12000000000000002,False,True,True,True,True,False,False,76,276,137,129,-0.022263921797275543,7203.817871094018,0.02305408413026057,79,145,True
0.0675,0.22000000000000003,-0.12000000000000002,False,True,True,True,True,False,False,61,214,94,68,-0.020959891378879547,7178.884765625267,0.013912328085846961,71,102,True
0.0675,0.24000000000000005,-0.12000000000000002,False,True,True,True,True,False,False,42,145,61,56,-0.020959891378879547,7120.346793638899,0.027886275753248268,53,65,True
0.0675,0.26000000000000006,-0.12000000000000002,True,False,True,True,True,True,False,32,114,55,48,-0.020959891378879547,6039.907770292714,0.022550883313607762,36,59,True
0.0675,0.2800000000000001,-0.12000000000000002,True,False,True,True,True,True,False,30,110,53,49,-0.020959891378879547,7221.51745263209,0.03496666017025391,33,57,True
0.0675,0.3,-0.12000000000000002,True,False,True,True,True,True,False,39,130,52,48,-0.02095990628004074,4547.861328125141,0.01993262926272762,45,56,True
0.0675,0.32,-0.12000000000000002,True,False,True,True,True,True,False,35,124,43,36,-0.015396416187286377,7942.639569040635,0.00568813279893378,39,43,True
0.0675,0.34,-0.12000000000000002,True,False,False,False,False,False,False,14,42,0,0,0.004430562257766724,0.0,1.4901161193847656e-08,15,0,False
0.0675,0.36000000000000004,-0.12000000000000002,True,False,False,False,False,False,False,0,0,0,0,,0.0,1.4901161193847656e-08,0,0,False
0.0675,0.38000000000000006,-0.12000000000000002,True,False,False,False,False,False,False,0,0,0,0,,0.0,1.4901161193847656e-08,0,0,False
0.0675,0.4000000000000001,-0.12000000000000002,True,False,False,False,False,False,False,0,0,0,0,,0.0,1.4901161193847656e-08,0,0,False
0.0675,0.42,-0.12000000000000002,True,False,False,False,False,False,False,0,0,0,0,,0.0,1.4901161193847656e-08,0,0,False
0.0675,-0.42,-0.10000000000000003,True,False,False,False,False,False,False,0,0,0,0,,0.0,1.5017576543430167e-08,0,0,False
0.0675,-0.39999999999999997,-0.10000000000000003,True,False,False,False,False,False,False,0,0,0,0,,0.0,1.5017576543430167e-08,0,0,False
0.0675,-0.38,-0.10000000000000003,True,False,False,False,False,False,False,0,0,0,0,,0.0,1.5017576543430167e-08,0,0,False
0.0675,-0.36,-0.10000000000000003,True,False,False,False,False,False,False,0,0,0,0,,0.0,1.5017576543430167e-08,0,0,False
0.0675,-0.33999999999999997,-0.10000000000000003,True,False,False,False,False,False,False,18,57,0,0,0.006583452224731445,0.0,1.5017576543430167e-08,18,0,False
0.0675,-0.31999999999999995,-0.10000000000000003,True,False,True,True,True,True,False,61,208,74,41,-0.013416588306427002,3098.8690102610576,0.017754956354568554,45,66,True
0.0675,-0.3,-0.10000000000000003,True,False,True,True,True,True,False,82,284,112,84,-0.020959846675395966,6320.247558593986,0.010303006257427316,55,92,True
0.0675,-0.27999999999999997,-0.10000000000000003,True,False,True,True,True,True,False,79,278,112,96,-0.020959846675395966,6214.486816406481,0.0521897404750581,52,79,True
0.0675,-0.26,-0.10000000000000003,True,False,True,True,True,True,False,78,260,100,91,-0.02095986157655716,5294.008789062647,0.011197419297462124,49,67,True
0.0675,-0.24,-0.10000000000000003,False,True,True,True,True,False,False,84,303,152,122,-0.02095986157655716,5882.566894531414,0.011423653371369712,53,102,True
0.0675,-0.21999999999999997,-0.10000000000000003,False,True,True,True,True,False,False,92,327,154,135,-0.02095986157655716,6609.346191406296,0.00755935473427316,60,113,True
0.0675,-0.19999999999999998,-0.10000000000000003,False,True,True,True,True,False,False,106,345,143,110,-0.02095986157655716,7915.440429687556,0.008302501423484678,62,98,True
0.0675,-0.18,-0.10000000000000003,False,True,True,True,True,False,False,137,442,121,106,-0.02095986157655716,6318.920410156301,0.008007457915784914,85,97,True
0.0675,-0.15999999999999998,-0.10000000000000003,False,True,True,True,True,False,False,134,454,186,134,-0.02095986157655716,5162.532226562644,0.011399227323260316,96,157,True
0.0675,-0.13999999999999996,-0.10000000000000003,False,True,True,True,True,False,False,137,427,131,99,-0.020959876477718353,4943.362304687637,0.011787635962654029,105,117,True
0.0675,-0.12,-0.10000000000000003,False,True,True,True,True,False,False,165,513,132,118,-0.020959876477718353,5169.530273437644,0.008825990124025095,142,150,True
0.0675,-0.09999999999999998,-0.10000000000000003,False,True,True,True,True,False,False,178,591,207,165,-0.020959876477718353,9777.071289062578,0.010295609008420286,167,209,True
0.0675,-0.07999999999999996,-0.10000000000000003,False,True,True,True,True,False,False,165,559,185,169,-0.020959876477718353,7169.516113281449,0.00807294738022759,174,226,True
0.0675,-0.06,-0.10000000000000003,False,True,True,True,True,False,False,144,481,184,165,-0.020959876477718353,8180.506347656555,0.008919813051814596,160,211,True
0.0675,-0.03999999999999998,-0.10000000000000003,False,True,True,True,True,False,False,149,509,157,140,-0.020959876477718353,8272.368164062807,0.009266269250136726,171,189,True
0.0675,-0.019999999999999962,-0.10000000000000003,False,True,True,True,True,False,False,150,517,228,207,-0.020959891378879547,8423.963867187815,0.01188955829995324,169,242,True
0.0675,0.0,-0.10000000000000003,False,True,True,True,True,False,False,145,484,184,164,-0.020959891378879547,7078.959472656514,0.007318819195542329,171,194,True
0.0675,0.020000000000000018,-0.10000000000000003,False,True,True,True,True,False,False,121,432,167,132,-0.020959891378879547,6428.45166015649,0.010803147160475961,175,201,True
0.0675,0.040000000000000036,-0.10000000000000003,False,True,True,True,True,False,False,149,498,172,139,-0.020959891378879547,5131.827636718941,0.005832213812714416,191,199,True
0.0675,0.06,-0.10000000000000003,False,True,True,True,True,False,False,153,542,245,201,-0.020959891378879547,5420.291503906452,0.008873447801989663,183,290,True
0.0675,0.08000000000000002,-0.10000000000000003,False,True,True,True,True,False,False,146,504,190,162,-0.02421710640192032,5620.915039062709,0.010511609159180393,184,238,True
0.0675,0.10000000000000003,-0.10000000000000003,False,True,True,True,True,False,False,129,420,176,155,-0.02978724241256714,9535.591487684876,0.005339504320617531,168,220,True
0.0675,0.12000000000000005,-0.10000000000000003,False,True,True,True,True,False,False,104,360,153,133,-0.02639186382293701,5322.017578125198,0.009487058019321882,141,162,True
0.0675,0.14000000000000007,-0.10000000000000003,False,True,True,True,True,False,False,96,321,126,105,-0.023970812559127808,4827.87451171893,0.008491450745591425,116,144,True
0.0675,0.15999999999999998,-0.10000000000000003,False,True,True,True,True,False,False,82,266,103,92,-0.020959876477718353,6501.740234375242,0.004956328544102925,95,132,True
0.0675,0.18,-0.10000000000000003,False,True,True,True,True,False,False,100,344,98,75,-0.020959876477718353,7592.028320312561,0.015767834358741472,110,117,True
0.0675,0.2,-0.10000000000000003,False,True,True,True,True,False,False,81,285,141,133,-0.02226446568965912,8139.221191406554,0.02137535366230359,91,154,True
0.0675,0.22000000000000003,-0.10000000000000003,False,True,True,True,True,False,False,73,248,107,83,-0.022264979779720306,7417.0419921877765,0.014129174002803937,80,114,True
0.0675,0.24000000000000005,-0.10000000000000003,False,True,True,True,True,False,False,49,168,69,64,-0.021332070231437683,7617.892089843811,0.019209540328528105,65,82,True
0.0675,0.26000000000000006,-0.10000000000000003,True,False,True,True,True,True,False,35,123,67,52,-0.020959891378879547,6012.280761718975,0.032252864117460825,53,63,True
0.0675,0.2800000000000001,-0.10000000000000003,True,False,True,True,True,True,False,33,119,65,53,-0.020959891378879547,6050.416503906476,0.05350641776456679,51,61,True
0.0675,0.3,-0.10000000000000003,True,False,True,True,True,True,False,40,138,64,52,-0.020959891378879547,3090.79858398449,0.019014182079313942,56,64,True
0.0675,0.32,-0.10000000000000003,True,False,True,True,True,True,False,36,128,51,44,-0.015396416187286377,6479.031250000052,0.03076445046742761,45,49,True
0.0675,0.34,-0.10000000000000003,True,False,False,False,False,False,False,13,46,0,0,0.004430562257766724,0.0,1.5017576543430167e-08,15,0,False
0.0675,0.36000000000000004,-0.10000000000000003,True,False,False,False,False,False,False,0,0,0,0,,0.0,1.5017576543430167e-08,0,0,False
0.0675,0.38000000000000006,-0.10000000000000003,True,False,False,False,False,False,False,0,0,0,0,,0.0,1.5017576543430167e-08,0,0,False
0.0675,0.4000000000000001,-0.10000000000000003,True,False,False,False,False,False,False,0,0,0,0,,0.0,1.5017576543430167e-08,0,0,False
0.0675,0.42,-0.10000000000000003,True,False,False,False,False,False,False,0,0,0,0,,0.0,1.5017576543430167e-08,0,0,False
0.0675,-0.42,-0.08000000000000002,True,False,False,False,False,False,False,0,0,0,0,,0.0,1.4901161193847656e-08,0,0,False
0.0675,-0.39999999999999997,-0.08000000000000002,True,False,False,False,False,False,False,0,0,0,0,,0.0,1.4901161193847656e-08,0,0,False
0.0675,-0.38,-0.08000000000000002,True,False,False,False,False,False,False,0,0,0,0,,0.0,1.4901161193847656e-08,0,0,False
0.0675,-0.36,-0.08000000000000002,True,False,False,False,False,False,False,0,0,0,0,,0.0,1.4901161193847656e-08,0,0,False
0.0675,-0.33999999999999997,-0.08000000000000002,True,False,False,False,False,False,False,15,55,0,0,0.0065818727016448975,0.0,1.4901161193847656e-08,18,0,False
0.0675,-0.31999999999999995,-0.08000000000000002,True,False,True,True,True,True,False,49,169,65,36,-0.013416588306427002,7156.976309463562,0.026838930682767274,56,73,True
0.0675,-0.3,-0.08000000000000002,True,False,True,True,True,True,False,69,249,106,86,-0.020959846675395966,8157.474121094054,0.01122042464795551,72,100,True
0.0675,-0.27999999999999997,-0.08000000000000002,True,False,True,True,True,True,False,65,228,95,85,-0.020959846675395966,8516.835937500318,0.024580633707202256,65,87,True
0.0675,-0.26,-0.08000000000000002,True,False,True,True,True,True,False,62,200,73,66,-0.02095986157655716,8547.604492187818,0.02168120425404462,64,75,True
0.0675,-0.24,-0.08000000000000002,False,True,True,True,True,False,False,68,250,126,102,-0.02095986157655716,8676.431640625324,0.015369968708244806,85,112,True
0.0675,-0.21999999999999997,-0.08000000000000002,False,True,True,True,True,False,False,77,273,131,118,-0.02095986157655716,8130.927734375303,0.009947084237386819,102,139,True
0.0675,-0.19999999999999998,-0.08000000000000002,False,True,True,True,True,False,False,83,272,121,95,-0.02095986157655716,6995.202636718799,0.014629420397431009,112,145,True
0.0675,-0.18,-0.08000000000000002,False,True,True,True,True,False,False,112,379,101,91,-0.02095986157655716,6958.8657226563055,0.012397468425485399,117,103,True
0.0675,-0.15999999999999998,-0.08000000000000002,False,True,True,True,True,False,False,115,405,187,147,-0.02095986157655716,7277.169921875271,0.009723473440587776,111,171,True
0.0675,-0.13999999999999996,-0.08000000000000002,False,True,True,True,True,False,False,117,393,134,114,-0.02095986157655716,6152.020996093979,0.003208072021784415,118,135,True
0.0675,-0.12,-0.08000000000000002,False,True,True,True,True,False,False,127,418,126,116,-0.020959876477718353,6378.258300781487,0.01049083416372692,138,147,True
0.0675,-0.09999999999999998,-0.08000000000000002,False,True,True,True,True,False,False,138,489,197,162,-0.020959876477718353,7657.001285385963,0.00888583888373058,159,200,True
0.0675,-0.07999999999999996,-0.08000000000000002,False,True,True,True,True,False,False,131,477,209,189,-0.020959876477718353,6937.619106549415,0.014080876460377858,140,217,True
0.0675,-0.06,-0.08000000000000002,False,True,True,True,True,False,False,109,393,175,162,-0.020959876477718353,7946.0444335940465,0.007866048806049129,126,182,True
0.0675,-0.03999999999999998,-0.08000000000000002,False,True,True,True,True,False,False,127,447,148,139,-0.020959876477718353,7856.204101562793,0.011925573728962285,150,147,True
0.0675,-0.019999999999999962,-0.08000000000000002,False,True,True,True,True,False,False,117,433,232,221,-0.02226322889328003,7876.226074219044,0.011908367174188805,148,263,True
0.0675,0.0,-0.08000000000000002,False,True,True,True,True,False,False,111,397,166,146,-0.021816954016685486,8136.701171875303,0.013926603601825422,155,211,True
0.0675,0.020000000000000018,-0.08000000000000002,False,True,True,True,True,False,False,110,380,137,120,-0.020959891378879547,8635.273437500322,0.007378942845872817,152,175,True
0.0675,0.040000000000000036,-0.08000000000000002,False,True,True,True,True,False,False,130,458,151,117,-0.020959891378879547,7900.077636719045,0.009213287420697219,172,185,True
0.0675,0.06,-0.08000000000000002,False,True,True,True,True,False,False,126,458,233,200,-0.020959891378879547,7159.9492187502665,0.013589332838782102,152,283,True
0.0675,0.08000000000000002,-0.08000000000000002,False,True,True,True,True,False,False,135,477,176,156,-0.020959891378879547,7220.178222656519,0.01299948924400452,163,202,True
0.0675,0.10000000000000003,-0.08000000000000002,False,True,True,True,True,False,False,119,391,164,151,-0.020959876477718353,9565.953401958552,0.011159933400094791,155,202,True
0.0675,0.12000000000000005,-0.08000000000000002,False,True,True,True,True,False,False,97,343,130,115,-0.020959876477718353,6735.275390625251,0.011183479582867117,132,188,True
0.0675,0.14000000000000007,-0.08000000000000002,False,True,True,True,True,False,False,77,271,104,82,-0.020959876477718353,6049.833007812726,0.007866801826597367,115,144,True
0.0675,0.15999999999999998,-0.08000000000000002,False,True,True,True,True,False,False,70,237,88,76,-0.020959876477718353,5454.773271532745,0.009680496412369895,100,123,True
0.0675,0.18,-0.08000000000000002,False,True,True,True,True,False,False,93,322,94,76,-0.020959876477718353,7551.675781250061,0.019678032156992695,132,119,True
0.0675,0.2,-0.08000000000000002,False,True,True,True,True,False,False,84,294,149,133,-0.022264987230300903,7722.493164062788,0.02129792727161914,111,174,True
0.0675,0.22000000000000003,-0.08000000000000002,False,True,True,True,True,False,False,79,257,107,83,-0.022264987230300903,6483.179687500242,0.021828686296823496,96,127,True
0.0675,0.24000000000000005,-0.08000000000000002,False,True,True,True,True,False,False,56,187,69,64,-0.022264987230300903,7649.368164062561,0.01850225533713774,73,89,True
0.0675,0.26000000000000006,-0.08000000000000002,True,False,True,True,True,True,False,36,127,63,56,-0.022264987230300903,6790.003417969003,0.02989683947259059,51,78,True
0.0675,0.2800000000000001,-0.08000000000000002,True,False,True,True,True,True,False,33,121,61,57,-0.022264979779720306,8089.87827083317,0.018031439892820404,48,77,True
0.0675,0.3,-0.08000000000000002,True,False,True,True,True,True,False,44,145,60,56,-0.022264979779720306,8007.660156250298,0.01487754381978217,50,63,True
0.0675,0.32,-0.08000000000000002,True,False,True,True,True,True,False,38,129,50,43,-0.015396416187286377,5159.764617235724,0.043961388533668974,36,43,True
0.0675,0.34,-0.08000000000000002,True,False,False,False,False,False,False,14,49,0,0,0.004430562257766724,0.0,1.4901161193847656e-08,12,0,False
0.0675,0.36000000000000004,-0.08000000000000002,True,False,False,False,False,False,False,0,0,0,0,,0.0,1.4901161193847656e-08,0,0,False
0.0675,0.38000000000000006,-0.08000000000000002,True,False,False,False,False,False,False,0,0,0,0,,0.0,1.4901161193847656e-08,0,0,False
0.0675,0.4000000000000001,-0.08000000000000002,True,False,False,False,False,False,False,0,0,0,0,,0.0,1.4901161193847656e-08,0,0,False
0.0675,0.42,-0.08000000000000002,True,False,False,False,False,False,False,0,0,0,0,,0.0,1.4901161193847656e-08,0,0,False
0.0675,-0.42,-0.06,True,False,False,False,False,False,False,0,0,0,0,,0.0,1.4901161193847656e-08,0,0,False
0.0675,-0.39999999999999997,-0.06,True,False,False,False,False,False,False,0,0,0,0,,0.0,1.4901161193847656e-08,0,0,False
0.0675,-0.38,-0.06,True,False,False,False,False,False,False,0,0,0,0,,0.0,1.4901161193847656e-08,0,0,False
0.0675,-0.36,-0.06,True,False,False,False,False,False,False,0,0,0,0,,0.0,1.4901161193847656e-08,0,0,False
0.0675,-0.33999999999999997,-0.06,True,False,False,False,False,False,False,25,65,0,0,0.00657905638217926,0.0,1.4901161193847656e-08,28,0,False
0.0675,-0.31999999999999995,-0.06,True,False,True,True,True,True,False,62,208,67,37,-0.013416588306427002,5507.543623980477,0.011732575673168554,69,74,True
0.0675,-0.3,-0.06,True,False,True,True,True,True,False,92,300,102,74,-0.02095983177423477,6001.271972656417,0.011979096802905062,93,108,True
0.0675,-0.27999999999999997,-0.06,True,False,True,True,True,True,False,83,277,91,77,-0.02095983177423477,7904.033691406545,0.04211936223258736,85,91,True
0.0675,-0.26,-0.06,True,False,True,True,True,True,False,87,282,77,69,-0.02095983177423477,7201.78759765645,0.032265299098703806,89,83,True
0.0675,-0.24,-0.06,False,True,True,True,True,False,False,95,318,134,94,-0.02095983177423477,7026.5415039064455,0.014878382354338535,106,124,True
0.0675,-0.21999999999999997,-0.06,False,True,True,True,True,False,False,103,352,146,123,-0.020959846675395966,6492.042968750181,0.013607130779983358,124,147,True
0.0675,-0.19999999999999998,-0.06,False,True,True,True,True,False,False,112,367,128,91,-0.020959846675395966,8130.090332031307,0.014149808914722685,139,154,True
0.0675,-0.18,-0.06,False,True,True,True,True,False,False,140,439,103,83,-0.020959846675395966,6991.064453125056,0.013285168791189284,162,145,True
0.0675,-0.15999999999999998,-0.06,False,True,True,True,True,False,False,141,458,150,120,-0.020959846675395966,5868.673124472001,0.013188438985065169,157,192,True
0.0675,-0.13999999999999996,-0.06,False,True,True,True,True,False,False,150,439,115,95,-0.020959846675395966,6727.297851562751,0.009043816433452735,162,154,True
0.0675,-0.12,-0.06,False,True,True,True,True,False,False,172,490,107,91,-0.020959846675395966,4953.131835937637,0.010012599294353578,201,178,True
0.0675,-0.09999999999999998,-0.06,False,True,True,True,True,False,False,179,577,158,132,-0.02095986157655716,10210.782226562582,0.010060533043106636,212,231,True
0.0675,-0.07999999999999996,-0.06,False,True,True,True,True,False,False,165,557,174,154,-0.02095986157655716,8162.857910156555,0.010918944376450718,201,250,True
0.0675,-0.06,-0.06,False,True,True,True,True,False,False,147,488,150,130,-0.02095986157655716,8229.111328125307,0.008633754282642563,173,216,True
0.0675,-0.03999999999999998,-0.06,False,True,True,True,True,False,False,162,539,140,122,-0.02095986157655716,8199.989257812806,0.00930121763233529,190,180,True
0.0675,-0.019999999999999962,-0.06,False,True,True,True,True,False,False,165,560,203,183,-0.02095986157655716,8193.156250000306,0.006449400755884956,185,291,True
0.0675,0.0,-0.06,False,True,True,True,True,False,False,167,546,164,132,-0.02095986157655716,8358.399414062813,0.004355689703582957,193,220,True
0.0675,0.020000000000000018,-0.06,False,True,True,True,True,False,False,157,495,131,108,-0.020959876477718353,6742.962402344001,0.0051758633208249805,175,159,True
0.0675,0.040000000000000036,-0.06,False,True,True,True,True,False,False,180,573,140,107,-0.020959876477718353,6355.6347656252365,0.0023960192080861656,185,161,True
0.0675,0.06,-0.06,False,True,True,True,True,False,False,178,600,219,181,-0.020959876477718353,7505.74072265653,0.00840651221674113,169,260,True
0.0675,0.08000000000000002,-0.06,False,True,True,True,True,False,False,183,608,180,154,-0.020959876477718353,7718.744140625287,0.010852489890964214,167,181,True
0.0675,0.10000000000000003,-0.06,False,True,True,True,True,False,False,173,555,188,162,-0.02095986157655716,10247.60247236961,0.012969362347070752,161,169,True
0.0675,0.12000000000000005,-0.06,False,True,True,True,True,False,False,156,506,142,121,-0.02095986157655716,7232.153808594019,0.011373963816986235,145,147,True
0.0675,0.14000000000000007,-0.06,False,True,True,True,True,False,False,126,412,116,99,-0.02095986157655716,6886.476562500257,0.010576801238839043,117,108,True
0.0675,0.15999999999999998,-0.06,False,True,True,True,True,False,False,118,387,111,96,-0.02095986157655716,6240.170410156483,0.00860352648164656,106,88,True
0.0675,0.18,-0.06,False,True,True,True,True,False,False,151,480,125,108,-0.020959876477718353,6997.505371094011,0.00931602397422809,138,89,True
0.0675,0.2,-0.06,False,True,True,True,True,False,False,149,485,171,164,-0.020959876477718353,6763.378906250252,0.012228104724667276,125,166,True
0.0675,0.22000000000000003,-0.06,False,True,True,True,True,False,False,128,423,133,101,-0.020959876477718353,8112.469238281553,0.013518660062035602,104,117,True
0.0675,0.24000000000000005,-0.06,False,True,True,True,True,False,False,102,328,112,95,-0.020959876477718353,7787.080078125062,0.012221566586119958,82,84,True
0.0675,0.26000000000000006,-0.06,True,False,True,True,True,True,False,84,281,75,68,-0.020959876477718353,6232.960937500233,0.01642362414917963,70,64,True
0.0675,0.2800000000000001,-0.06,True,False,True,True,True,True,False,75,242,73,66,-0.020959876477718353,7409.906032070329,0.027904042560359072,59,65,True
0.0675,0.3,-0.06,True,False,True,True,True,True,False,84,268,72,67,-0.020959891378879547,6761.726074219002,0.01748012448264431,67,59,True
0.0675,0.32,-0.06,True,False,True,True,True,True,False,68,197,56,52,-0.015396416187286377,6348.650743705494,0.015765083144638863,54,44,True
0.0675,0.34,-0.06,True,False,False,False,False,False,False,21,61,0,0,0.004427388310432434,0.0,1.4901161193847656e-08,18,0,False
0.0675,0.36000000000000004,-0.06,True,False,False,False,False,False,False,0,0,0,0,,0.0,1.4901161193847656e-08,0,0,False
0.0675,0.38000000000000006,-0.06,True,False,False,False,False,False,False,0,0,0,0,,0.0,1.4901161193847656e-08,0,0,False
0.0675,0.4000000000000001,-0.06,True,False,False,False,False,False,False,0,0,0,0,,0.0,1.4901161193847656e-08,0,0,False
0.0675,0.42,-0.06,True,False,False,False,False,False,False,0,0,0,0,,0.0,1.4901161193847656e-08,0,0,False
0.0675,-0.42,-0.040000000000000036,True,False,False,False,False,False,False,0,0,0,0,,0.0,1.4901161193847656e-08,0,0,False
0.0675,-0.39999999999999997,-0.040000000000000036,True,False,False,False,False,False,False,0,0,0,0,,0.0,1.4901161193847656e-08,0,0,False
0.0675,-0.38,-0.040000000000000036,True,False,False,False,False,False,False,0,0,0,0,,0.0,1.4901161193847656e-08,0,0,False
0.0675,-0.36,-0.040000000000000036,True,False,False,False,False,False,False,0,0,0,0,,0.0,1.4901161193847656e-08,0,0,False
0.0675,-0.33999999999999997,-0.040000000000000036,True,False,False,False,False,False,False,26,80,0,0,0.006578236818313599,0.0,1.4901161193847656e-08,27,0,False
0.0675,-0.31999999999999995,-0.040000000000000036,True,False,True,True,True,True,False,59,213,87,53,-0.013416588306427002,7223.609486121805,0.047225096031033885,74,90,True
0.0675,-0.3,-0.040000000000000036,True,False,True,True,True,True,False,72,250,130,77,-0.02095983177423477,6382.686523437677,0.016320967719756867,98,148,True
0.0675,-0.27999999999999997,-0.040000000000000036,True,False,True,True,True,True,False,67,237,109,87,-0.02095983177423477,6290.434082031425,0.04541394492049482,93,135,True
0.0675,-0.26,-0.040000000000000036,True,False,True,True,True,True,False,66,230,100,76,-0.02095983177423477,6065.918945312669,0.0270508825812413,93,115,True
0.0675,-0.24,-0.040000000000000036,False,True,True,True,True,False,False,74,271,139,109,-0.02095983177423477,6108.308593750227,0.0048156345244035744,102,174,True
0.0675,-0.21999999999999997,-0.040000000000000036,False,True,True,True,True,False,False,90,316,140,111,-0.02095983177423477,6491.489257812742,0.011493089505035033,119,172,True
0.0675,-0.19999999999999998,-0.040000000000000036,False,True,True,True,True,False,False,98,320,141,100,-0.02173386514186859,7971.892578125064,0.009429812841623548,130,166,True
0.0675,-0.18,-0.040000000000000036,False,True,True,True,True,False,False,112,392,132,106,-0.03268406540155411,6681.127929687749,0.01016486204651919,158,156,True
0.0675,-0.15999999999999998,-0.040000000000000036,False,True,True,True,True,False,False,107,382,178,128,-0.030022047460079193,7751.928054952787,0.008670540696310918,157,238,True
0.0675,-0.13999999999999996,-0.040000000000000036,False,True,True,True,True,False,False,129,419,141,114,-0.021684914827346802,6800.704328396725,0.008268287958260708,180,189,True
0.0675,-0.12,-0.040000000000000036,False,True,True,True,True,False,False,143,468,179,140,-0.020959846675395966,5931.891113281471,0.0036951481327561304,194,216,True
0.0675,-0.09999999999999998,-0.040000000000000036,False,True,True,True,True,False,False,147,520,222,175,-0.020959846675395966,9653.141143262415,0.00456856315511569,205,278,True
0.0675,-0.07999999999999996,-0.040000000000000036,False,True,True,True,True,False,False,140,501,209,171,-0.02095986157655716,7327.344468371583,0.00898575639108287,193,282,True
0.0675,-0.06,-0.040000000000000036,False,True,True,True,True,False,False,125,448,206,172,-0.02095986157655716,6780.623046875253,0.006405181885600298,164,248,True
0.0675,-0.03999999999999998,-0.040000000000000036,False,True,True,True,True,False,False,148,535,184,149,-0.03744639828801155,9295.803710937598,0.006477774539077043,185,217,True
0.0675,-0.019999999999999962,-0.040000000000000036,False,True,True,True,True,False,False,153,543,292,238,-0.04298841953277588,7455.220214844027,0.006246836979735438,183,325,True
0.0675,0.0,-0.040000000000000036,False,True,True,True,True,False,False,159,567,239,187,-0.03849607706069946,7159.080566406517,0.0016122896256689529,181,258,True
0.0675,0.020000000000000018,-0.040000000000000036,False,True,True,True,True,False,False,150,519,219,175,-0.03603103756904602,6347.2280273439865,0.0031097053449386665,170,212,True
0.0675,0.040000000000000036,-0.040000000000000036,False,True,True,True,True,False,False,169,595,222,174,-0.02762603387236595,6256.129882812734,0.0033040035546856106,184,229,True
0.0675,0.06,-0.040000000000000036,False,True,True,True,True,False,False,165,601,317,263,-0.020959876477718353,6150.945800781479,0.004187446666287593,169,333,True
0.0675,0.08000000000000002,-0.040000000000000036,False,True,True,True,True,False,False,180,648,263,223,-0.020959876477718353,5835.591308593967,0.00323681285980555,171,252,True
0.0675,0.10000000000000003,-0.040000000000000036,False,True,True,True,True,False,False,184,630,268,213,-0.02095986157655716,9356.722296432088,0.008784464467659705,167,250,True
0.0675,0.12000000000000005,-0.040000000000000036,False,True,True,True,True,False,False,166,583,232,180,-0.02095986157655716,5749.0372327011555,0.008765294505477179,148,236,True
0.0675,0.14000000000000007,-0.040000000000000036,False,True,True,True,True,False,False,146,478,162,127,-0.02095986157655716,5243.7294921876955,0.01465260951035734,132,172,True
0.0675,0.15999999999999998,-0.040000000000000036,False,True,True,True,True,False,False,121,389,142,120,-0.02095986157655716,5439.260883060913,0.009588068259741608,106,146,True
0.0675,0.18,-0.040000000000000036,False,True,True,True,True,False,False,148,491,156,126,-0.02095986157655716,6518.722167968802,0.009484942950774814,137,156,True
0.0675,0.2,-0.040000000000000036,False,True,True,True,True,False,False,129,446,221,192,-0.020959876477718353,7512.77343750028,0.010858787730236132,122,221,True
0.0675,0.22000000000000003,-0.040000000000000036,False,True,True,True,True,False,False,109,389,168,119,-0.020959876477718353,7516.19238281278,0.005868506957530192,107,168,True
0.0675,0.24000000000000005,-0.040000000000000036,False,True,True,True,True,False,False,83,284,133,116,-0.020959876477718353,7667.352539062561,0.01187658383196858,84,133,True
0.0675,0.26000000000000006,-0.040000000000000036,True,False,True,True,True,True,False,65,235,120,99,-0.020959876477718353,5942.420091887181,0.012904359319025067,65,120,True
0.0675,0.2800000000000001,-0.040000000000000036,True,False,True,True,True,True,False,59,212,116,101,-0.020959876477718353,7388.460075058778,0.03598383862033269,61,116,True
0.0675,0.3,-0.040000000000000036,True,False,True,True,True,True,False,63,216,108,93,-0.020959876477718353,4764.812011718927,0.02391977569798259,65,108,True
0.0675,0.32,-0.040000000000000036,True,False,True,True,True,True,False,57,198,68,61,-0.015396416187286377,4039.0804635445456,0.037157344386542626,57,68,True
0.0675,0.34,-0.040000000000000036,True,False,False,False,False,False,False,22,64,0,0,0.004426747560501099,0.0,1.4901161193847656e-08,22,0,False
0.0675,0.36000000000000004,-0.040000000000000036,True,False,False,False,False,False,False,0,0,0,0,,0.0,1.4901161193847656e-08,0,0,False
0.0675,0.38000000000000006,-0.040000000000000036,True,False,False,False,False,False,False,0,0,0,0,,0.0,1.4901161193847656e-08,0,0,False
0.0675,0.4000000000000001,-0.040000000000000036,True,False,False,False,False,False,False,0,0,0,0,,0.0,1.4901161193847656e-08,0,0,False
0.0675,0.42,-0.040000000000000036,True,False,False,False,False,False,False,0,0,0,0,,0.0,1.4901161193847656e-08,0,0,False
0.0675,-0.42,-0.020000000000000018,True,False,False,False,False,False,False,0,0,0,0,,0.0,1.4901161193847656e-08,0,0,False
0.0675,-0.39999999999999997,-0.020000000000000018,True,False,False,False,False,False,False,0,0,0,0,,0.0,1.4901161193847656e-08,0,0,False
0.0675,-0.38,-0.020000000000000018,True,False,False,False,False,False,False,0,0,0,0,,0.0,1.4901161193847656e-08,0,0,False
0.0675,-0.36,-0.020000000000000018,True,False,False,False,False,False,False,0,0,0,0,,0.0,1.4901161193847656e-08,0,0,False
0.0675,-0.33999999999999997,-0.020000000000000018,True,False,False,False,False,False,False,19,61,0,0,0.006578236818313599,0.0,1.4901161193847656e-08,22,0,False
0.0675,-0.31999999999999995,-0.020000000000000018,True,False,True,True,True,True,False,45,152,67,45,-0.013416588306427002,6827.838883308492,0.05783624258628855,61,78,True
0.0675,-0.3,-0.020000000000000018,True,False,True,True,True,True,False,64,213,93,59,-0.02095983177423477,5098.41406250019,0.006213328479177028,83,127,True
0.0675,-0.27999999999999997,-0.020000000000000018,True,False,True,True,True,True,False,59,203,79,67,-0.02095983177423477,5688.127563330276,0.05516447319942646,77,112,True
0.0675,-0.26,-0.020000000000000018,True,False,True,True,True,True,False,61,211,76,57,-0.02095983177423477,6597.448257319196,0.03678778733896656,75,94,True
0.0675,-0.24,-0.020000000000000018,False,True,True,True,True,False,False,65,237,125,89,-0.02095983177423477,7423.668457031309,0.019071599751851596,78,152,True
0.0675,-0.21999999999999997,-0.020000000000000018,False,True,True,True,True,False,False,77,264,118,96,-0.02095983177423477,6287.373046875235,0.015999268938154898,90,152,True
0.0675,-0.19999999999999998,-0.020000000000000018,False,True,True,True,True,False,False,89,282,109,90,-0.02095983177423477,7378.467773437559,0.0114902036373036,99,145,True
0.0675,-0.18,-0.020000000000000018,False,True,True,True,True,False,False,99,334,111,92,-0.020959846675395966,6302.291992187735,0.012333862593903877,124,131,True
0.0675,-0.15999999999999998,-0.020000000000000018,False,True,True,True,True,False,False,104,353,151,107,-0.020959846675395966,6980.339914395227,0.005545045452874896,131,195,True
0.0675,-0.13999999999999996,-0.020000000000000018,False,True,True,True,True,False,False,114,376,129,100,-0.020959846675395966,6155.452069138947,0.005794086917858549,145,134,True
0.0675,-0.12,-0.020000000000000018,False,True,True,True,True,False,False,133,423,153,122,-0.020959846675395966,4418.317382812665,0.006957810622962328,159,161,True
0.0675,-0.09999999999999998,-0.020000000000000018,False,True,True,True,True,False,False,137,464,198,152,-0.020959846675395966,8705.786527078058,0.008126875592802238,172,226,True
0.0675,-0.07999999999999996,-0.020000000000000018,False,True,True,True,True,False,False,132,452,195,146,-0.020959846675395966,5719.136718750214,0.006631992312917858,162,237,True
0.0675,-0.06,-0.020000000000000018,False,True,True,True,True,False,False,117,413,184,130,-0.02095986157655716,5297.864257812697,0.006506103697385236,136,201,True
0.0675,-0.03999999999999998,-0.020000000000000018,False,True,True,True,True,False,False,142,492,152,119,-0.02095986157655716,5432.177734375203,0.0034634225695398457,163,176,True
0.0675,-0.019999999999999962,-0.020000000000000018,False,True,True,True,True,False,False,138,483,263,216,-0.02095986157655716,5483.383789062705,0.0035864957970001433,160,306,True
0.0675,0.0,-0.020000000000000018,False,True,True,True,True,False,False,151,512,218,162,-0.02095986157655716,5657.641113281461,0.012461055882869677,164,242,True
0.0675,0.020000000000000018,-0.020000000000000018,False,True,True,True,True,False,False,134,442,178,148,-0.02095986157655716,5679.375976562712,0.013144424835937826,148,189,True
0.0675,0.040000000000000036,-0.020000000000000018,False,True,True,True,True,False,False,143,480,174,138,-0.02095986157655716,5681.290039062712,0.017998693490912154,174,190,True
0.0675,0.06,-0.020000000000000018,False,True,True,True,True,False,False,140,499,248,203,-0.02095986157655716,5696.047851562712,0.010197400853211877,166,312,True
0.0675,0.08000000000000002,-0.020000000000000018,False,True,True,True,True,False,False,139,495,210,182,-0.020959876477718353,5700.632324218963,0.009065856157914356,162,237,True
0.0675,0.10000000000000003,-0.020000000000000018,False,True,True,True,True,False,False,146,494,202,175,-0.02095986157655716,10750.671173678102,0.00890568055970133,156,204,True
0.0675,0.12000000000000005,-0.020000000000000018,False,True,True,True,True,False,False,134,471,183,154,-0.02095986157655716,5764.775390625215,0.009595709841493338,137,196,True
0.0675,0.14000000000000007,-0.020000000000000018,False,True,True,True,True,False,False,117,385,124,104,-0.02095986157655716,5860.201071972493,0.010422895089360278,120,140,True
0.0675,0.15999999999999998,-0.020000000000000018,False,True,True,True,True,False,False,96,311,109,97,-0.02095986157655716,5753.656738281465,0.01175800214481405,98,136,True
0.0675,0.18,-0.020000000000000018,False,True,True,True,True,False,False,124,418,126,114,-0.02095986157655716,7614.031250000061,0.007658005390167767,128,122,True
0.0675,0.2,-0.020000000000000018,False,True,True,True,True,False,False,111,384,188,184,-0.02095986157655716,6209.160156250232,0.012235287956684998,115,179,True
0.0675,0.22000000000000003,-0.020000000000000018,False,True,True,True,True,False,False,91,324,140,110,-0.020959876477718353,6964.159667969009,0.00954971874429176,93,139,True
0.0675,0.24000000000000005,-0.020000000000000018,False,True,True,True,True,False,False,75,243,106,101,-0.020959876477718353,8602.62207031257,0.015432907639322492,74,105,True
0.0675,0.26000000000000006,-0.020000000000000018,True,False,True,True,True,True,False,58,194,93,83,-0.020959876477718353,5612.1409821327925,0.015041376803439444,58,92,True
0.0675,0.2800000000000001,-0.020000000000000018,True,False,True,True,True,True,False,55,188,89,85,-0.020959876477718353,5026.717285156437,0.06763897660491268,57,85,True
0.0675,0.3,-0.020000000000000018,True,False,True,True,True,True,False,56,189,86,78,-0.020959876477718353,5573.612792968958,0.022976051517828836,62,86,True
0.0675,0.32,-0.020000000000000018,True,False,True,True,True,True,False,44,156,56,52,-0.015421509742736816,6529.463378906302,0.03399323998175515,46,56,True
0.0675,0.34,-0.020000000000000018,True,False,False,False,False,False,False,18,61,0,0,0.004426747560501099,0.0,1.4901161193847656e-08,18,0,False
0.0675,0.36000000000000004,-0.020000000000000018,True,False,False,False,False,False,False,0,0,0,0,,0.0,1.4901161193847656e-08,0,0,False
0.0675,0.38000000000000006,-0.020000000000000018,True,False,False,False,False,False,False,0,0,0,0,,0.0,1.4901161193847656e-08,0,0,False
0.0675,0.4000000000000001,-0.020000000000000018,True,False,False,False,False,False,False,0,0,0,0,,0.0,1.4901161193847656e-08,0,0,False
0.0675,0.42,-0.020000000000000018,True,False,False,False,False,False,False,0,0,0,0,,0.0,1.4901161193847656e-08,0,0,False
0.0675,-0.42,0.0,True,False,False,False,False,False,False,0,0,0,0,,0.0,1.4901161193847656e-08,0,0,False
0.0675,-0.39999999999999997,0.0,True,False,False,False,False,False,False,0,0,0,0,,0.0,1.4901161193847656e-08,0,0,False
0.0675,-0.38,0.0,True,False,False,False,False,False,False,0,0,0,0,,0.0,1.4901161193847656e-08,0,0,False
0.0675,-0.36,0.0,True,False,False,False,False,False,False,0,0,0,0,,0.0,1.4901161193847656e-08,0,0,False
0.0675,-0.33999999999999997,0.0,True,False,False,False,False,False,False,16,57,0,0,0.006578236818313599,0.0,1.4901161193847656e-08,20,0,False
0.0675,-0.31999999999999995,0.0,True,False,True,True,True,True,False,31,116,55,45,-0.013416588306427002,5024.11035156254,0.042866240705976576,58,78,True
0.0675,-0.3,0.0,True,False,True,True,True,True,False,52,154,72,40,-0.020959816873073578,4548.758300781286,0.04749184324420542,82,130,True
0.0675,-0.27999999999999997,0.0,True,False,True,True,True,True,False,46,145,65,42,-0.02095983177423477,5364.73868380683,0.06288377675643642,77,112,True
0.0675,-0.26,0.0,True,False,True,True,True,True,False,46,148,69,42,-0.02095983177423477,6118.966499809038,0.02736994390264893,75,94,True
0.0675,-0.24,0.0,False,True,True,True,True,False,False,58,190,81,61,-0.02095983177423477,5688.4531250000455,0.017227569008194603,80,152,True
0.0675,-0.21999999999999997,0.0,False,True,True,True,True,False,False,62,199,78,59,-0.02095983177423477,7499.425781250279,0.015947317488850723,91,152,True
0.0675,-0.19999999999999998,0.0,False,True,True,True,True,False,False,68,205,82,62,-0.02095983177423477,6456.434082031491,0.014107647599906892,99,145,True
0.0675,-0.18,0.0,False,True,True,True,True,False,False,86,242,77,64,-0.02095983177423477,7263.133789062558,0.007813260540050814,123,131,True
0.0675,-0.15999999999999998,0.0,False,True,True,True,True,False,False,93,296,96,76,-0.020959846675395966,5145.2235181996,0.010659392303871694,123,181,True
0.0675,-0.13999999999999996,0.0,False,True,True,True,True,False,False,100,312,100,74,-0.020959846675395966,4473.1976263844845,0.011076310913013587,127,127,True
0.0675,-0.12,0.0,False,True,True,True,True,False,False,112,337,126,99,-0.020959846675395966,4984.3969726564355,0.009529275965927923,142,157,True
0.0675,-0.09999999999999998,0.0,False,True,True,True,True,False,False,115,365,150,122,-0.020959846675395966,9115.618983621367,0.0101620904198196,158,217,True
0.0675,-0.07999999999999996,0.0,False,True,True,True,True,False,False,107,359,139,114,-0.020959846675395966,9307.369140625347,0.007938181028484509,148,206,True
0.0675,-0.06,0.0,False,True,True,True,True,False,False,95,324,125,109,-0.020959846675395966,8989.693359375335,0.007945362823583406,124,190,True
0.0675,-0.03999999999999998,0.0,False,True,True,True,True,False,False,115,376,109,84,-0.02095986157655716,7467.004882812778,0.004353858580194905,132,162,True
0.0675,-0.019999999999999962,0.0,False,True,True,True,True,False,False,119,392,202,174,-0.02095986157655716,8145.043945312804,0.00413973836158183,134,233,True
0.0675,0.0,0.0,False,True,True,True,True,False,False,129,418,171,132,-0.02095986157655716,7160.5410156252665,0.008803697248149375,126,191,True
0.0675,0.020000000000000018,0.0,False,True,True,True,True,False,False,114,366,149,125,-0.02095986157655716,7122.514160156516,0.008770150518853463,125,150,True
0.0675,0.040000000000000036,0.0,False,True,True,True,True,False,False,118,370,139,116,-0.02095986157655716,7058.764160156514,0.008387732435948021,145,160,True
0.0675,0.06,0.0,False,True,True,True,True,False,False,113,396,193,173,-0.02095986157655716,6241.443359375233,0.0107410913648816,143,250,True
0.0675,0.08000000000000002,0.0,False,True,True,True,True,False,False,117,408,179,163,-0.02095986157655716,5699.840820312713,0.007091440925199389,140,198,True
0.0675,0.10000000000000003,0.0,False,True,True,True,True,False,False,126,419,190,166,-0.020959846675395966,9852.972471541372,0.007180669837340359,129,187,True
0.0675,0.12000000000000005,0.0,False,True,True,True,True,False,False,115,404,173,145,-0.02095986157655716,6341.658203125051,0.00832462638589304,129,190,True
0.0675,0.14000000000000007,0.0,False,True,True,True,True,False,False,99,331,112,96,-0.02095986157655716,5902.107038992358,0.008914070596905901,111,144,True
0.0675,0.15999999999999998,0.0,False,True,True,True,True,False,False,79,262,93,89,-0.02095986157655716,5289.531772404978,0.009133316938722174,90,127,True
0.0675,0.18,0.0,False,True,True,True,True,False,False,108,374,126,114,-0.02095986157655716,8662.57324218757,0.007209746108986446,121,122,True
0.0675,0.2,0.0,False,True,True,True,True,False,False,99,351,188,184,-0.02095986157655716,5920.643554687721,0.013798242583132028,110,184,True
0.0675,0.22000000000000003,0.0,False,True,True,True,True,False,False,81,295,140,110,-0.02095986157655716,6770.526367187753,0.014989309179814291,87,139,True
0.0675,0.24000000000000005,0.0,False,True,True,True,True,False,False,62,209,106,101,-0.020959876477718353,7686.409179687562,0.015608052464508065,67,105,True
0.0675,0.26000000000000006,0.0,True,False,True,True,True,True,False,50,178,93,83,-0.020959876477718353,5950.183309514509,0.014654811485338575,52,96,True
0.0675,0.2800000000000001,0.0,True,False,True,True,True,True,False,47,166,89,85,-0.020959876477718353,6703.810058594,0.048975459927813755,49,85,True
0.0675,0.3,0.0,True,False,True,True,True,True,False,49,167,86,78,-0.020959876477718353,4046.133056640776,0.0232174016738181,50,86,True
0.0675,0.32,0.0,True,False,True,True,True,True,False,40,146,56,52,-0.015421509742736816,7946.542480468814,0.04319550976512322,40,56,True
0.0675,0.34,0.0,True,False,False,False,False,False,False,16,55,0,0,0.004426747560501099,0.0,1.4901161193847656e-08,15,0,False
0.0675,0.36000000000000004,0.0,True,False,False,False,False,False,False,0,0,0,0,,0.0,1.4901161193847656e-08,0,0,False
0.0675,0.38000000000000006,0.0,True,False,False,False,False,False,False,0,0,0,0,,0.0,1.4901161193847656e-08,0,0,False
0.0675,0.4000000000000001,0.0,True,False,False,False,False,False,False,0,0,0,0,,0.0,1.4901161193847656e-08,0,0,False
0.0675,0.42,0.0,True,False,False,False,False,False,False,0,0,0,0,,0.0,1.4901161193847656e-08,0,0,False
0.0675,-0.42,0.019999999999999962,True,False,False,False,False,False,False,0,0,0,0,,0.0,1.4901161193847656e-08,0,0,False
0.0675,-0.39999999999999997,0.019999999999999962,True,False,False,False,False,False,False,0,0,0,0,,0.0,1.4901161193847656e-08,0,0,False
0.0675,-0.38,0.019999999999999962,True,False,False,False,False,False,False,0,0,0,0,,0.0,1.4901161193847656e-08,0,0,False
0.0675,-0.36,0.019999999999999962,True,False,False,False,False,False,False,0,0,0,0,,0.0,1.4901161193847656e-08,0,0,False
0.0675,-0.33999999999999997,0.019999999999999962,True,False,False,False,False,False,False,16,57,0,0,0.006578236818313599,0.0,1.4901161193847656e-08,20,0,False
0.0675,-0.31999999999999995,0.019999999999999962,True,False,True,True,True,True,False,27,98,55,45,-0.013416588306427002,6868.557617187555,0.05329083706731556,61,82,True
0.0675,-0.3,0.019999999999999962,True,False,True,True,True,True,False,36,123,66,40,-0.020959816873073578,3825.258544922018,0.018747815867389994,88,126,True
0.0675,-0.27999999999999997,0.019999999999999962,True,False,True,True,True,True,False,34,118,50,42,-0.020959816873073578,5088.103539521476,0.09551342316215641,80,103,True
0.0675,-0.26,0.019999999999999962,True,False,True,True,True,True,False,33,123,57,42,-0.02095983177423477,5777.370306340042,0.03463585833862866,78,98,True
0.0675,-0.24,0.019999999999999962,False,True,True,True,True,False,False,39,139,69,61,-0.02095983177423477,6405.778808593989,0.023467046526345802,88,156,True
0.0675,-0.21999999999999997,0.019999999999999962,False,True,True,True,True,False,False,43,150,67,59,-0.02095983177423477,7317.770507812558,0.019352205351890292,95,160,True
0.0675,-0.19999999999999998,0.019999999999999962,False,True,True,True,True,False,False,47,162,70,62,-0.02095983177423477,6532.773437500052,0.014108154197554838,103,146,True
0.0675,-0.18,0.019999999999999962,False,True,True,True,True,False,False,46,164,72,64,-0.02095983177423477,7670.358886718811,0.00448117111955777,130,132,True
0.0675,-0.15999999999999998,0.019999999999999962,False,True,True,True,True,False,False,44,155,54,46,-0.02095983177423477,5851.264499391976,0.008225204380865445,138,215,True
0.0675,-0.13999999999999996,0.019999999999999962,False,True,True,True,True,False,False,56,185,54,46,-0.020959846675395966,4947.747470209535,0.00764786656123106,149,157,True
0.0675,-0.12,0.019999999999999962,False,True,True,True,True,False,False,64,229,96,80,-0.020959846675395966,4663.647460937674,0.004167092096315616,159,173,True
0.0675,-0.09999999999999998,0.019999999999999962,False,True,True,True,True,False,False,66,241,113,101,-0.020959846675395966,11554.598632812593,0.008086284628602242,176,235,True
0.0675,-0.07999999999999996,0.019999999999999962,False,True,True,True,True,False,False,61,224,91,79,-0.020959846675395966,7183.900878906517,0.007265919571993819,164,262,True
0.0675,-0.06,0.019999999999999962,False,True,True,True,True,False,False,52,194,91,79,-0.020959846675395966,5055.914550781438,0.015435276092568293,142,215,True
0.0675,-0.03999999999999998,0.019999999999999962,False,True,True,True,True,False,False,78,288,91,79,-0.020959846675395966,6188.416503906481,0.009964690299801966,158,176,True
0.0675,-0.019999999999999962,0.019999999999999962,False,True,True,True,True,False,False,91,326,183,171,-0.02095986157655716,6001.418945312724,0.008985603659079475,144,269,True
0.0675,0.0,0.019999999999999962,False,True,True,True,True,False,False,105,359,158,120,-0.02095986157655716,6335.6235351564865,0.00998735066304962,141,216,True
0.0675,0.020000000000000018,0.019999999999999962,False,True,True,True,True,False,False,90,310,132,109,-0.02095986157655716,6500.270019531493,0.009488810170598638,132,147,True
0.0675,0.040000000000000036,0.019999999999999962,False,True,True,True,True,False,False,100,342,133,121,-0.02095986157655716,6549.729003906494,0.009456932527876343,149,190,True
0.0675,0.06,0.019999999999999962,False,True,True,True,True,False,False,105,386,205,171,-0.02095986157655716,5070.618652343939,0.00980006080177958,140,263,True
0.0675,0.08000000000000002,0.019999999999999962,False,True,True,True,True,False,False,119,425,194,158,-0.02095986157655716,6007.725097656474,0.009857932099684242,143,201,True
0.0675,0.10000000000000003,0.019999999999999962,False,True,True,True,True,False,False,131,441,192,161,-0.020959846675395966,9840.544397061612,0.008774828329866757,131,193,True
0.0675,0.12000000000000005,0.019999999999999962,False,True,True,True,True,False,False,121,420,184,144,-0.020959846675395966,4382.882324218913,0.009543627764350278,116,170,True
0.0675,0.14000000000000007,0.019999999999999962,False,True,True,True,True,False,False,104,348,111,101,-0.02095986157655716,5196.757324218944,0.009373103969736968,108,128,True
0.0675,0.15999999999999998,0.019999999999999962,False,True,True,True,True,False,False,89,293,100,92,-0.02095986157655716,5381.292632155802,0.010051204663047911,99,116,True
0.0675,0.18,0.019999999999999962,False,True,True,True,True,False,False,121,416,135,117,-0.02095986157655716,6721.598632812554,0.007138954456055059,129,116,True
0.0675,0.2,0.019999999999999962,False,True,True,True,True,False,False,115,399,196,192,-0.02095986157655716,6318.030273437736,0.010336701543605114,103,159,True
0.0675,0.22000000000000003,0.019999999999999962,False,True,True,True,True,False,False,96,340,149,118,-0.02095986157655716,6224.903808593982,0.006792163369277553,85,121,True
0.0675,0.24000000000000005,0.019999999999999962,False,True,True,True,True,False,False,72,247,116,111,-0.02095986157655716,7688.286132812562,0.01627766458325551,65,101,True
0.0675,0.26000000000000006,0.019999999999999962,True,False,True,True,True,True,False,58,206,102,92,-0.020959876477718353,6102.637591083108,0.016747704258439376,53,88,True
0.0675,0.2800000000000001,0.019999999999999962,True,False,True,True,True,True,False,56,199,97,89,-0.020959876477718353,6931.264648437758,0.05227279396214287,50,81,True
0.0675,0.3,0.019999999999999962,True,False,True,True,True,True,False,59,196,90,78,-0.020959876477718353,4200.887207031406,0.01653455516289063,53,82,True
0.0675,0.32,0.019999999999999962,True,False,True,True,True,True,False,44,159,56,52,-0.015421509742736816,7355.729003906309,0.04671070503432218,41,56,True
0.0675,0.34,0.019999999999999962,True,False,False,False,False,False,False,16,55,0,0,0.004426747560501099,0.0,1.4901161193847656e-08,16,0,False
0.0675,0.36000000000000004,0.019999999999999962,True,False,False,False,False,False,False,0,0,0,0,,0.0,1.4901161193847656e-08,0,0,False
0.0675,0.38000000000000006,0.019999999999999962,True,False,False,False,False,False,False,0,0,0,0,,0.0,1.4901161193847656e-08,0,0,False
0.0675,0.4000000000000001,0.019999999999999962,True,False,False,False,False,False,False,0,0,0,0,,0.0,1.4901161193847656e-08,0,0,False
0.0675,0.42,0.019999999999999962,True,False,False,False,False,False,False,0,0,0,0,,0.0,1.4901161193847656e-08,0,0,False
0.0675,-0.42,0.03999999999999998,True,False,False,False,False,False,False,0,0,0,0,,0.0,1.4901161193847656e-08,0,0,False
0.0675,-0.39999999999999997,0.03999999999999998,True,False,False,False,False,False,False,0,0,0,0,,0.0,1.4901161193847656e-08,0,0,False
0.0675,-0.38,0.03999999999999998,True,False,False,False,False,False,False,0,0,0,0,,0.0,1.4901161193847656e-08,0,0,False
0.0675,-0.36,0.03999999999999998,True,False,False,False,False,False,False,0,0,0,0,,0.0,1.4901161193847656e-08,0,0,False
0.0675,-0.33999999999999997,0.03999999999999998,True,False,False,False,False,False,False,18,65,0,0,0.006578236818313599,0.0,1.4901161193847656e-08,22,0,False
0.0675,-0.31999999999999995,0.03999999999999998,True,False,True,True,True,True,False,32,121,62,49,-0.013416588306427002,5803.32146789331,0.041145397794129214,53,82,True
0.0675,-0.3,0.03999999999999998,True,False,True,True,True,True,False,43,154,74,48,-0.020959816873073578,5604.388183593959,0.007336975941544594,72,113,True
0.0675,-0.27999999999999997,0.03999999999999998,True,False,True,True,True,True,False,42,153,69,61,-0.020959816873073578,5800.9077148439665,0.02637272505983328,66,105,True
0.0675,-0.26,0.03999999999999998,True,False,True,True,True,True,False,43,155,75,60,-0.020959816873073578,5261.976074218946,0.013917378811081982,65,101,True
0.0675,-0.24,0.03999999999999998,False,True,True,True,True,False,False,48,173,82,73,-0.02095983177423477,7180.657714843807,0.007985161879942745,75,130,True
0.0675,-0.21999999999999997,0.03999999999999998,False,True,True,True,True,False,False,53,192,82,72,-0.02095983177423477,7239.059082031307,0.009280693972089868,84,140,True
0.0675,-0.19999999999999998,0.03999999999999998,False,True,True,True,True,False,False,60,214,85,75,-0.02095983177423477,7233.802734375057,0.006253662385257499,99,141,True
0.0675,-0.18,0.03999999999999998,False,True,True,True,True,False,False,58,213,86,76,-0.02095983177423477,8844.263671875071,0.0040601311053308905,122,121,True
0.0675,-0.15999999999999998,0.03999999999999998,False,True,True,True,True,False,False,55,204,74,64,-0.02095983177423477,5629.66455078146,0.004763161331207271,126,185,True
0.0675,-0.13999999999999996,0.03999999999999998,False,True,True,True,True,False,False,67,231,74,64,-0.02095983177423477,5634.31689453146,0.00433818823883376,143,144,True
0.0675,-0.12,0.03999999999999998,False,True,True,True,True,False,False,78,281,112,96,-0.020959846675395966,5134.465332031442,0.004471439417958898,152,165,True
0.0675,-0.09999999999999998,0.03999999999999998,False,True,True,True,True,False,False,79,295,135,123,-0.020959846675395966,11474.097656250093,0.006173572704726217,186,224,True
0.0675,-0.07999999999999996,0.03999999999999998,False,True,True,True,True,False,False,72,276,113,101,-0.020959846675395966,6138.603027343979,0.0036814463276781235,178,246,True
0.0675,-0.06,0.03999999999999998,False,True,True,True,True,False,False,66,250,110,98,-0.020959846675395966,6393.188964843988,0.00393746678354555,156,223,True
0.0675,-0.03999999999999998,0.03999999999999998,False,True,True,True,True,False,False,87,334,106,94,-0.020959846675395966,6265.261718750234,0.005183342021156329,167,187,True
0.0675,-0.019999999999999962,0.03999999999999998,False,True,True,True,True,False,False,100,368,198,182,-0.020959846675395966,6247.110351562733,0.004276528399209914,151,252,True
0.0675,0.0,0.03999999999999998,False,True,True,True,True,False,False,113,397,165,131,-0.02095986157655716,6281.248046875235,0.0049737962571684375,148,208,True
0.0675,0.020000000000000018,0.03999999999999998,False,True,True,True,True,False,False,99,351,136,120,-0.02095986157655716,6265.178222656484,0.005131995328947613,138,164,True
0.0675,0.040000000000000036,0.03999999999999998,False,True,True,True,True,False,False,107,380,136,120,-0.02095986157655716,6256.644531250234,0.004707377901622975,158,186,True
0.0675,0.06,0.03999999999999998,False,True,True,True,True,False,False,117,433,191,171,-0.02095986157655716,6292.320800781485,0.005054206830744433,152,269,True
0.0675,0.08000000000000002,0.03999999999999998,False,True,True,True,True,False,False,127,463,190,165,-0.02095986157655716,6263.339843750234,0.004940618020420151,149,220,True
0.0675,0.10000000000000003,0.03999999999999998,False,True,True,True,True,False,False,138,477,195,178,-0.020959846675395966,10232.852572838274,0.008820526491415043,140,213,True
0.0675,0.12000000000000005,0.03999999999999998,False,True,True,True,True,False,False,122,425,159,140,-0.020959846675395966,6282.242187500235,0.005867928661276045,126,185,True
0.0675,0.14000000000000007,0.03999999999999998,False,True,True,True,True,False,False,103,347,106,98,-0.020959846675395966,7096.599121094015,0.01304040697491042,111,135,True
0.0675,0.15999999999999998,0.03999999999999998,False,True,True,True,True,False,False,86,290,102,96,-0.02095986157655716,6482.139648437741,0.00908509202746391,92,126,True
0.0675,0.18,0.03999999999999998,False,True,True,True,True,False,False,107,365,126,114,-0.022043220698833466,7371.047363281309,0.007265043678296081,111,124,True
0.0675,0.2,0.03999999999999998,False,True,True,True,True,False,False,107,364,171,165,-0.02095986157655716,6377.367187500237,0.012275540818559425,102,171,True
0.0675,0.22000000000000003,0.03999999999999998,False,True,True,True,True,False,False,84,308,135,111,-0.02095986157655716,7181.852050781473,0.01072373173500342,85,135,True
0.0675,0.24000000000000005,0.03999999999999998,False,True,True,True,True,False,False,71,244,116,108,-0.02095986157655716,8905.324218750071,0.015909743717730337,71,116,True
0.0675,0.26000000000000006,0.03999999999999998,True,False,True,True,True,True,False,58,205,105,95,-0.02095986157655716,7399.770019531479,0.02191754939133185,59,105,True
0.0675,0.2800000000000001,0.03999999999999998,True,False,True,True,True,True,False,53,192,98,94,-0.020959876477718353,6156.879394531441,0.03524246121723021,53,98,True
0.0675,0.3,0.03999999999999998,True,False,True,True,True,True,False,57,199,96,88,-0.020959876477718353,6283.137207031485,0.023933564863928468,57,96,True
0.0675,0.32,0.03999999999999998,True,False,True,True,True,True,False,50,174,64,58,-0.015421509742736816,7542.20947265631,0.012100996463094657,49,64,True
0.0675,0.34,0.03999999999999998,True,False,False,False,False,False,False,17,59,0,0,0.004426747560501099,0.0,1.4901161193847656e-08,17,0,False
0.0675,0.36000000000000004,0.03999999999999998,True,False,False,False,False,False,False,0,0,0,0,,0.0,1.4901161193847656e-08,0,0,False
0.0675,0.38000000000000006,0.03999999999999998,True,False,False,False,False,False,False,0,0,0,0,,0.0,1.4901161193847656e-08,0,0,False
0.0675,0.4000000000000001,0.03999999999999998,True,False,False,False,False,False,False,0,0,0,0,,0.0,1.4901161193847656e-08,0,0,False
0.0675,0.42,0.03999999999999998,True,False,False,False,False,False,False,0,0,0,0,,0.0,1.4901161193847656e-08,0,0,False
0.0675,-0.42,0.06,True,False,False,False,False,False,False,0,0,0,0,,0.0,1.4901161193847656e-08,0,0,False
0.0675,-0.39999999999999997,0.06,True,False,False,False,False,False,False,0,0,0,0,,0.0,1.4901161193847656e-08,0,0,False
0.0675,-0.38,0.06,True,False,False,False,False,False,False,0,0,0,0,,0.0,1.4901161193847656e-08,0,0,False
0.0675,-0.36,0.06,True,False,False,False,False,False,False,0,0,0,0,,0.0,1.4901161193847656e-08,0,0,False
0.0675,-0.33999999999999997,0.06,True,False,False,False,False,False,False,17,62,0,0,0.006578236818313599,0.0,1.4901161193847656e-08,21,0,False
0.0675,-0.31999999999999995,0.06,True,False,True,True,True,True,False,33,123,60,52,-0.01332758367061615,6438.2844984611,0.06484392785759478,60,80,True
0.0675,-0.3,0.06,True,False,True,True,True,True,False,42,140,56,44,-0.020959816873073578,6516.280761718993,0.008409635114559619,76,95,True
0.0675,-0.27999999999999997,0.06,True,False,True,True,True,True,False,40,131,49,41,-0.020959816873073578,6678.698242187749,0.040871177179324016,67,85,True
0.0675,-0.26,0.06,True,False,True,True,True,True,False,43,150,52,34,-0.020959816873073578,6234.541992187733,0.01067148519367603,68,78,True
0.0675,-0.24,0.06,False,True,True,True,True,False,False,47,169,71,57,-0.020959816873073578,6540.393066406494,0.014334593158141644,86,119,True
0.0675,-0.21999999999999997,0.06,False,True,True,True,True,False,False,53,182,73,64,-0.02095983177423477,7759.440429687789,0.01150417520916468,94,135,True
0.0675,-0.19999999999999998,0.06,False,True,True,True,True,False,False,58,192,82,63,-0.02095983177423477,6901.200195312757,0.011103769333717454,102,138,True
0.0675,-0.18,0.06,False,True,True,True,True,False,False,56,199,86,72,-0.02095983177423477,7537.26123046881,0.003096868349688728,124,126,True
0.0675,-0.15999999999999998,0.06,False,True,True,True,True,False,False,53,185,66,53,-0.02095983177423477,5781.934082031466,0.010341482648465074,128,166,True
0.0675,-0.13999999999999996,0.06,False,True,True,True,True,False,False,64,198,66,49,-0.02095983177423477,6067.148925781476,0.008843118074045388,128,129,True
0.0675,-0.12,0.06,False,True,True,True,True,False,False,78,267,91,67,-0.02095983177423477,5800.6240234377165,0.0011899333928005835,142,139,True
0.0675,-0.09999999999999998,0.06,False,True,True,True,True,False,False,79,285,121,96,-0.020959846675395966,8720.064018000643,0.008146177821221482,167,198,True
0.0675,-0.07999999999999996,0.06,False,True,True,True,True,False,False,70,259,102,77,-0.020959846675395966,6587.102050781496,0.006809775844340343,157,206,True
0.0675,-0.06,0.06,False,True,True,True,True,False,False,66,240,102,77,-0.020959846675395966,5963.696289062723,0.006556921325658332,141,190,True
0.0675,-0.03999999999999998,0.06,False,True,True,True,True,False,False,75,278,98,73,-0.020959846675395966,5968.496582031472,0.00934778202599255,146,171,True
0.0675,-0.019999999999999962,0.06,False,True,True,True,True,False,False,82,295,150,125,-0.020959846675395966,6490.120117187742,0.012106054942548116,139,224,True
0.0675,0.0,0.06,False,True,True,True,True,False,False,86,313,141,100,-0.020959846675395966,6497.735839843992,0.012125878826386858,132,194,True
0.0675,0.020000000000000018,0.06,False,True,True,True,True,False,False,80,285,120,95,-0.020959846675395966,6903.213867187757,0.012509887111434923,126,145,True
0.0675,0.040000000000000036,0.06,False,True,True,True,True,False,False,85,303,120,95,-0.02095986157655716,7287.912597656521,0.0125953871219149,144,164,True
0.0675,0.06,0.06,False,True,True,True,True,False,False,94,345,157,131,-0.02095986157655716,5945.817871093972,0.009278040896898257,145,242,True
0.0675,0.08000000000000002,0.06,False,True,True,True,True,False,False,103,377,163,138,-0.02095986157655716,5945.922363281472,0.008974308802420188,140,195,True
0.0675,0.10000000000000003,0.06,False,True,True,True,True,False,False,114,398,171,142,-0.031302593648433685,12027.460474431415,0.00831056384689057,134,192,True
0.0675,0.12000000000000005,0.06,False,True,True,True,True,False,False,103,360,133,99,-0.034685902297496796,6386.648925781488,0.01058071361604251,119,154,True
0.0675,0.14000000000000007,0.06,False,True,True,True,True,False,False,88,285,99,79,-0.035716988146305084,6317.824707031486,0.015437579605415808,103,123,True
0.0675,0.15999999999999998,0.06,False,True,True,True,True,False,False,74,251,96,79,-0.03146349638700485,7359.802246094025,0.011050816798236643,85,115,True
0.0675,0.18,0.06,False,True,True,True,True,False,False,99,337,122,100,-0.023178428411483765,7527.283691406531,0.01875906914157706,104,122,True
0.0675,0.2,0.06,False,True,True,True,True,False,False,98,333,161,143,-0.02095986157655716,7749.184082031539,0.01592763775984412,98,161,True
0.0675,0.22000000000000003,0.06,False,True,True,True,True,False,False,82,294,124,96,-0.02095986157655716,6462.803222656491,0.008218056890942465,82,124,True
0.0675,0.24000000000000005,0.06,False,True,True,True,True,False,False,67,234,99,84,-0.02095986157655716,7751.898437500062,0.015831116267498828,67,99,True
0.0675,0.26000000000000006,0.06,True,False,True,True,True,True,False,58,197,77,60,-0.02095986157655716,6590.552734375246,0.016262841088185716,58,85,True
0.0675,0.2800000000000001,0.06,True,False,True,True,True,True,False,50,175,76,64,-0.02095986157655716,7409.871348713816,0.03384999474691382,52,84,True
0.0675,0.3,0.06,True,False,True,True,True,True,False,54,180,74,58,-0.02095986157655716,6632.551269531497,0.006536399943805405,57,82,True
0.0675,0.32,0.06,True,False,True,True,True,True,False,47,155,59,47,-0.015421509742736816,4860.60461103208,0.0694320173728693,50,59,True
0.0675,0.34,0.06,True,False,False,False,False,False,False,19,60,0,0,0.004426747560501099,0.0,1.4901161193847656e-08,19,0,False
0.0675,0.36000000000000004,0.06,True,False,False,False,False,False,False,0,0,0,0,,0.0,1.4901161193847656e-08,0,0,False
0.0675,0.38000000000000006,0.06,True,False,False,False,False,False,False,0,0,0,0,,0.0,1.4901161193847656e-08,0,0,False
0.0675,0.4000000000000001,0.06,True,False,False,False,False,False,False,0,0,0,0,,0.0,1.4901161193847656e-08,0,0,False
0.0675,0.42,0.06,True,False,False,False,False,False,False,0,0,0,0,,0.0,1.4901161193847656e-08,0,0,False
0.0675,-0.42,0.07999999999999996,True,False,False,False,False,False,False,0,0,0,0,,0.0,1.4901161193847656e-08,0,0,False
0.0675,-0.39999999999999997,0.07999999999999996,True,False,False,False,False,False,False,0,0,0,0,,0.0,1.4901161193847656e-08,0,0,False
0.0675,-0.38,0.07999999999999996,True,False,False,False,False,False,False,0,0,0,0,,0.0,1.4901161193847656e-08,0,0,False
0.0675,-0.36,0.07999999999999996,True,False,False,False,False,False,False,0,0,0,0,,0.0,1.4901161193847656e-08,0,0,False
0.0675,-0.33999999999999997,0.07999999999999996,True,False,False,False,False,False,False,12,45,0,0,0.006578236818313599,0.0,1.4901161193847656e-08,16,0,False
0.0675,-0.31999999999999995,0.07999999999999996,True,False,True,True,True,True,False,26,92,44,40,-0.01332758367061615,7893.995422042093,0.03474397140736901,48,64,True
0.0675,-0.3,0.07999999999999996,True,False,True,True,True,True,False,26,90,44,36,-0.020959801971912384,5366.93310546895,0.02525243975666651,56,83,True
0.0675,-0.27999999999999997,0.07999999999999996,True,False,True,True,True,True,False,23,78,37,33,-0.020959801971912384,5653.972167968961,0.06568033183730071,48,73,True
0.0675,-0.26,0.07999999999999996,True,False,True,True,True,True,False,24,85,39,29,-0.020959816873073578,3477.2077636720046,0.03667077677615081,47,65,True
0.0675,-0.24,0.07999999999999996,False,True,True,True,True,False,False,31,113,42,38,-0.020959816873073578,6430.079101562552,0.02514533592274312,57,90,True
0.0675,-0.21999999999999997,0.07999999999999996,False,True,True,True,True,False,False,36,119,56,50,-0.020959816873073578,5615.708984375045,0.016623629034181756,66,114,True
0.0675,-0.19999999999999998,0.07999999999999996,False,True,True,True,True,False,False,41,135,61,51,-0.025854818522930145,5750.937500000046,0.01024620116027608,75,116,True
0.0675,-0.18,0.07999999999999996,False,True,True,True,True,False,False,40,136,55,48,-0.02585480362176895,7783.040527343812,0.005179373077370686,93,90,True
0.0675,-0.15999999999999998,0.07999999999999996,False,True,True,True,True,False,False,35,119,46,40,-0.02585480362176895,6638.380859375054,0.012942760622482724,91,143,True
0.0675,-0.13999999999999996,0.07999999999999996,False,True,True,True,True,False,False,41,133,44,36,-0.02585480362176895,5228.998535156445,0.007069375587204391,93,104,True
0.0675,-0.12,0.07999999999999996,False,True,True,True,True,False,False,55,179,64,58,-0.02585480362176895,5326.750488281448,0.0062323914890113985,112,109,True
0.0675,-0.09999999999999998,0.07999999999999996,False,True,True,True,True,False,False,55,192,89,81,-0.02585480362176895,5341.68363778121,0.007098863028704669,118,164,True
0.0675,-0.07999999999999996,0.07999999999999996,False,True,True,True,True,False,False,50,178,74,70,-0.02585480362176895,9401.242187500351,0.009150793587642179,113,172,True
0.0675,-0.06,0.07999999999999996,False,True,True,True,True,False,False,46,163,74,70,-0.02585480362176895,9414.805664062851,0.009201895680668022,103,162,True
0.0675,-0.03999999999999998,0.07999999999999996,False,True,True,True,True,False,False,59,212,70,66,-0.02585480362176895,9114.38964843784,0.009394834036236992,111,131,True
0.0675,-0.019999999999999962,0.07999999999999996,False,True,True,True,True,False,False,65,230,122,118,-0.02585480362176895,9102.79003906284,0.014833467906184564,103,185,True
0.0675,0.0,0.07999999999999996,False,True,True,True,True,False,False,68,244,113,93,-0.02585480362176895,9588.538085937858,0.010821513938641569,101,155,True
0.0675,0.020000000000000018,0.07999999999999996,False,True,True,True,True,False,False,62,216,92,88,-0.02585480362176895,9618.302734375358,0.01121954251075837,96,110,True
0.0675,0.040000000000000036,0.07999999999999996,False,True,True,True,True,False,False,65,226,92,88,-0.02585480362176895,9379.25683593785,0.013338468721942208,109,127,True
0.0675,0.06,0.07999999999999996,False,True,True,True,True,False,False,75,268,125,120,-0.02585480362176895,9106.43261718784,0.010949372055671059,109,204,True
0.0675,0.08000000000000002,0.07999999999999996,False,True,True,True,True,False,False,84,295,131,127,-0.02585480362176895,9087.054687500338,0.010924763438956181,111,159,True
0.0675,0.10000000000000003,0.07999999999999996,False,True,True,True,True,False,False,95,317,135,127,-0.02585480362176895,9784.374023437866,0.010108197582518446,107,157,True
0.0675,0.12000000000000005,0.07999999999999996,False,True,True,True,True,False,False,82,287,105,94,-0.02585480362176895,9107.13867187534,0.011078630048747462,93,126,True
0.0675,0.14000000000000007,0.07999999999999996,False,True,True,True,True,False,False,67,226,73,69,-0.02585480362176895,9304.083007812847,0.013650939700286793,78,97,True
0.0675,0.15999999999999998,0.07999999999999996,False,True,True,True,True,False,False,64,201,72,71,-0.02585480362176895,9202.635742187844,0.009745929168794428,73,99,True
0.0675,0.18,0.07999999999999996,False,True,True,True,True,False,False,86,283,89,82,-0.025854788720607758,9105.05761718784,0.014142803378572133,93,97,True
0.0675,0.2,0.07999999999999996,False,True,True,True,True,False,False,86,284,136,128,-0.025853551924228668,8965.460937500335,0.021683886506152047,85,136,True
0.0675,0.22000000000000003,0.07999999999999996,False,True,True,True,True,False,False,69,238,105,86,-0.020959846675395966,9475.130859375353,0.015644231087133614,69,105,True
0.0675,0.24000000000000005,0.07999999999999996,False,True,True,True,True,False,False,55,183,71,69,-0.020959846675395966,9088.364257812838,0.01639865395807492,53,71,True
0.0675,0.26000000000000006,0.07999999999999996,True,False,True,True,True,True,False,44,150,62,59,-0.020959846675395966,9222.623046875344,0.01518238150023454,42,62,True
0.0675,0.2800000000000001,0.07999999999999996,True,False,True,True,True,True,False,43,144,60,60,-0.020959846675395966,9114.60937500034,0.027655540118815915,39,64,True
0.0675,0.3,0.07999999999999996,True,False,True,True,True,True,False,46,148,62,58,-0.020959846675395966,8847.86718750033,0.009744886393579621,42,62,True
0.0675,0.32,0.07999999999999996,True,False,True,True,True,True,False,37,123,44,44,-0.015421509742736816,6939.3676757813055,0.021287989551245907,36,44,True
0.0675,0.34,0.07999999999999996,True,False,False,False,False,False,False,15,47,0,0,0.004426747560501099,0.0,1.4901161193847656e-08,15,0,False
0.0675,0.36000000000000004,0.07999999999999996,True,False,False,False,False,False,False,0,0,0,0,,0.0,1.4901161193847656e-08,0,0,False
0.0675,0.38000000000000006,0.07999999999999996,True,False,False,False,False,False,False,0,0,0,0,,0.0,1.4901161193847656e-08,0,0,False
0.0675,0.4000000000000001,0.07999999999999996,True,False,False,False,False,False,False,0,0,0,0,,0.0,1.4901161193847656e-08,0,0,False
0.0675,0.42,0.07999999999999996,True,False,False,False,False,False,False,0,0,0,0,,0.0,1.4901161193847656e-08,0,0,False
0.0675,-0.42,0.09999999999999998,True,False,False,False,False,False,False,0,0,0,0,,0.0,1.4901161193847656e-08,0,0,False
0.0675,-0.39999999999999997,0.09999999999999998,True,False,False,False,False,False,False,0,0,0,0,,0.0,1.4901161193847656e-08,0,0,False
0.0675,-0.38,0.09999999999999998,True,False,False,False,False,False,False,0,0,0,0,,0.0,1.4901161193847656e-08,0,0,False
0.0675,-0.36,0.09999999999999998,True,False,False,False,False,False,False,0,0,0,0,,0.0,1.4901161193847656e-08,0,0,False
0.0675,-0.33999999999999997,0.09999999999999998,True,False,False,False,False,False,False,13,46,0,0,0.006578236818313599,0.0,1.4901161193847656e-08,17,0,False
0.0675,-0.31999999999999995,0.09999999999999998,True,False,True,True,True,True,False,21,80,43,39,-0.01332758367061615,6981.248551462032,0.024276425905576174,40,63,True
0.0675,-0.3,0.09999999999999998,True,False,True,True,True,True,False,22,83,44,36,-0.020959801971912384,5819.942382812717,0.0024205853881648035,50,83,True
0.0675,-0.27999999999999997,0.09999999999999998,True,False,True,True,True,True,False,20,72,37,33,-0.020959801971912384,6392.304199218988,0.027750198423538628,45,73,True
0.0675,-0.26,0.09999999999999998,True,False,True,True,True,True,False,19,71,39,29,-0.020959801971912384,5350.061035156449,0.02442769738320118,42,65,True
0.0675,-0.24,0.09999999999999998,False,True,True,True,True,False,False,23,89,42,38,-0.020959816873073578,7404.945312500059,0.028578629294761,48,89,True
0.0675,-0.21999999999999997,0.09999999999999998,False,True,True,True,True,False,False,30,103,54,50,-0.020959816873073578,5729.295898437714,0.007685034991523818,59,111,True
0.0675,-0.19999999999999998,0.09999999999999998,False,True,True,True,True,False,False,33,112,57,53,-0.02664169669151306,9497.880859375076,0.006753269882325519,67,107,True
0.0675,-0.18,0.09999999999999998,False,True,True,True,True,False,False,30,107,54,50,-0.04191191494464874,10616.604492187584,0.005834008979841005,78,89,True
0.0675,-0.15999999999999998,0.09999999999999998,False,True,True,True,True,False,False,26,96,45,41,-0.04191191494464874,6880.3627929690065,0.015452770139577573,78,137,True
0.0675,-0.13999999999999996,0.09999999999999998,False,True,True,True,True,False,False,33,111,45,37,-0.04191191494464874,7925.477050781546,0.03351490495988918,82,106,True
0.0675,-0.12,0.09999999999999998,False,True,True,True,True,False,False,42,150,65,59,-0.04191191494464874,7779.14013671904,0.03173628465428963,98,111,True
0.0675,-0.09999999999999998,0.09999999999999998,False,True,True,True,True,False,False,42,161,90,82,-0.04191192239522934,8272.190429687565,0.021339119799210944,101,164,True
0.0675,-0.07999999999999996,0.09999999999999998,False,True,True,True,True,False,False,39,152,75,71,-0.04191192239522934,8216.103515625307,0.018828458050446344,97,163,True
0.0675,-0.06,0.09999999999999998,False,True,True,True,True,False,False,35,137,75,71,-0.04191192239522934,8347.311523437811,0.01545123161295773,84,157,True
0.0675,-0.03999999999999998,0.09999999999999998,False,True,True,True,True,False,False,47,185,71,67,-0.04191192239522934,6760.60009765646,0.010821486633506466,93,127,True
0.0675,-0.019999999999999962,0.09999999999999998,False,True,True,True,True,False,False,56,206,123,119,-0.04191192239522934,7115.846679687766,0.015098610322010904,92,175,True
0.0675,0.0,0.09999999999999998,False,True,True,True,True,False,False,60,224,114,94,-0.04191192239522934,7333.266113281524,0.01944653074360552,88,154,True
0.0675,0.020000000000000018,0.09999999999999998,False,True,True,True,True,False,False,52,191,93,89,-0.04191192239522934,6851.394042969006,0.017151062034530828,85,113,True
0.0675,0.040000000000000036,0.09999999999999998,False,True,True,True,True,False,False,56,205,93,89,-0.04191192239522934,7587.060058594033,0.01866756520747143,101,133,True
0.0675,0.06,0.09999999999999998,False,True,True,True,True,False,False,63,242,130,125,-0.04191192239522934,7631.793457031487,0.008620992777415218,99,206,True
0.0675,0.08000000000000002,0.09999999999999998,False,True,True,True,True,False,False,71,267,136,132,-0.041911929845809937,8833.259765625275,0.013592132799195328,101,147,True
0.0675,0.10000000000000003,0.09999999999999998,False,True,True,True,True,False,False,79,280,136,128,-0.041911929845809937,9020.636718750073,0.012299400898343487,98,147,True
0.0675,0.12000000000000005,0.09999999999999998,False,True,True,True,True,False,False,66,244,105,95,-0.041911929845809937,5619.828613281459,0.0268219780696822,84,145,True
0.0675,0.14000000000000007,0.09999999999999998,False,True,True,True,True,False,False,53,186,72,70,-0.041911929845809937,6182.901855468981,0.02565252280012381,70,102,True
0.0675,0.15999999999999998,0.09999999999999998,False,True,True,True,True,False,False,48,159,72,72,-0.041911929845809937,7287.560546875271,0.01901827680048454,64,97,True
0.0675,0.18,0.09999999999999998,False,True,True,True,True,False,False,72,244,88,84,-0.041911929845809937,15719.717773437626,0.01732102625580024,80,87,True
0.0675,0.2,0.09999999999999998,False,True,True,True,True,False,False,72,251,136,136,-0.0287797749042511,8073.854492187565,0.006242585807306037,68,77,True
0.0675,0.22000000000000003,0.09999999999999998,False,True,True,True,True,False,False,58,214,108,90,-0.020959846675395966,8421.998046875315,0.008214505646064282,54,73,True
0.0675,0.24000000000000005,0.09999999999999998,False,True,True,True,True,False,False,45,156,73,73,-0.020959846675395966,8715.58300781257,0.008352818394459989,42,60,True
0.0675,0.26000000000000006,0.09999999999999998,True,False,True,True,True,True,False,34,126,66,63,-0.020959846675395966,5787.211006848755,0.025379594931014264,34,53,True
0.0675,0.2800000000000001,0.09999999999999998,True,False,True,True,True,True,False,34,123,68,64,-0.020959846675395966,6670.094180080354,0.06091951604452035,34,52,True
0.0675,0.3,0.09999999999999998,True,False,True,True,True,True,False,37,130,66,62,-0.020959846675395966,4901.075683593933,0.011626382359616253,36,48,True
0.0675,0.32,0.09999999999999998,True,False,True,True,True,True,False,31,112,43,43,-0.015421509742736816,6250.5219726563,0.04346232709461296,27,43,True
0.0675,0.34,0.09999999999999998,True,False,False,False,False,False,False,14,46,0,0,0.004426747560501099,0.0,1.4901161193847656e-08,14,0,False
0.0675,0.36000000000000004,0.09999999999999998,True,False,False,False,False,False,False,0,0,0,0,,0.0,1.4901161193847656e-08,0,0,False
0.0675,0.38000000000000006,0.09999999999999998,True,False,False,False,False,False,False,0,0,0,0,,0.0,1.4901161193847656e-08,0,0,False
0.0675,0.4000000000000001,0.09999999999999998,True,False,False,False,False,False,False,0,0,0,0,,0.0,1.4901161193847656e-08,0,0,False
0.0675,0.42,0.09999999999999998,True,False,False,False,False,False,False,0,0,0,0,,0.0,1.4901161193847656e-08,0,0,False
0.0675,-0.42,0.12,True,False,False,False,False,False,False,0,0,0,0,,0.0,1.4901161193847656e-08,0,0,False
0.0675,-0.39999999999999997,0.12,True,False,False,False,False,False,False,0,0,0,0,,0.0,1.4901161193847656e-08,0,0,False
0.0675,-0.38,0.12,True,False,False,False,False,False,False,0,0,0,0,,0.0,1.4901161193847656e-08,0,0,False
0.0675,-0.36,0.12,True,False,False,False,False,False,False,0,0,0,0,,0.0,1.4901161193847656e-08,0,0,False
0.0675,-0.33999999999999997,0.12,True,False,False,False,False,False,False,12,39,0,0,0.006578236818313599,0.0,1.4901161193847656e-08,15,0,False
0.0675,-0.31999999999999995,0.12,True,False,True,True,True,True,False,21,78,36,32,-0.01332758367061615,5571.683083297215,0.04377028776820356,40,52,True
0.0675,-0.3,0.12,True,False,True,True,True,True,False,22,77,40,32,-0.020959801971912384,3005.345214843774,0.031865770069501545,50,70,True
0.0675,-0.27999999999999997,0.12,True,False,True,True,True,True,False,20,69,33,29,-0.020959801971912384,3871.250732422019,0.03942010778929253,46,66,True
0.0675,-0.26,0.12,True,False,True,True,True,True,False,19,68,33,25,-0.020959801971912384,4470.187500000166,0.048568244475852757,46,52,True
0.0675,-0.24,0.12,False,True,True,True,True,False,False,23,85,38,34,-0.020959801971912384,7409.763671875059,0.01636192429649831,52,92,True
0.0675,-0.21999999999999997,0.12,False,True,True,True,True,False,False,28,100,49,45,-0.020959801971912384,4805.967285156429,0.008919372363130567,60,95,True
0.0675,-0.19999999999999998,0.12,False,True,True,True,True,False,False,32,112,52,48,-0.025410160422325134,8310.885742187565,0.009596657716312953,71,87,True
0.0675,-0.18,0.12,False,True,True,True,True,False,False,30,109,50,46,-0.029120370745658875,7672.535644531311,0.021149236170480278,84,88,True
0.0675,-0.15999999999999998,0.12,False,True,True,True,True,False,False,27,99,41,37,-0.02191191166639328,5886.152832031469,0.017574074261844604,87,142,True
0.0675,-0.13999999999999996,0.12,False,True,True,True,True,False,False,35,116,37,33,-0.02191191166639328,5752.291015625215,0.009887077432034083,90,103,True
0.0675,-0.12,0.12,False,True,True,True,True,False,False,42,147,61,55,-0.02191191166639328,5598.843750000208,0.011643676000854192,97,96,True
0.0675,-0.09999999999999998,0.12,False,True,True,True,True,False,False,44,163,78,74,-0.021911919116973877,8911.842164822603,0.0057161422927366635,102,127,True
0.0675,-0.07999999999999996,0.12,False,True,True,True,True,False,False,40,150,67,63,-0.021911919116973877,7163.4477539065165,0.009245806022152477,95,130,True
0.0675,-0.06,0.12,False,True,True,True,True,False,False,37,139,67,63,-0.021911919116973877,7178.722656250267,0.010166101871844083,93,118,True
0.0675,-0.03999999999999998,0.12,False,True,True,True,True,False,False,49,187,63,59,-0.021911919116973877,6759.766113281502,0.009042817012188502,90,121,True
0.0675,-0.019999999999999962,0.12,False,True,True,True,True,False,False,57,207,115,111,-0.021911919116973877,6474.244140625241,0.015211226091216118,77,128,True
0.0675,0.0,0.12,False,True,True,True,True,False,False,62,229,106,86,-0.021911919116973877,7944.5688476565465,0.01754355860577412,72,104,True
0.0675,0.020000000000000018,0.12,False,True,True,True,True,False,False,54,193,85,81,-0.021911919116973877,5934.082519531471,0.01359975895055752,70,87,True
0.0675,0.040000000000000036,0.12,False,True,True,True,True,False,False,57,203,85,81,-0.021911919116973877,7504.77099609403,0.01244876520592839,71,75,True
0.0675,0.06,0.12,False,True,True,True,True,False,False,66,243,118,113,-0.021911919116973877,7147.2187500002665,0.012264223620279653,61,78,True
0.0675,0.08000000000000002,0.12,False,True,True,True,True,False,False,73,266,126,122,-0.021911926567554474,6696.82226562525,0.009115314489128827,56,75,True
0.0675,0.10000000000000003,0.12,False,True,True,True,True,False,False,83,287,126,118,-0.021911926567554474,11005.66156117634,0.008601499544335402,57,87,True
0.0675,0.12000000000000005,0.12,False,True,True,True,True,False,False,72,257,101,91,-0.021911926567554474,6407.537109375239,0.022245403750322263,53,71,True
0.0675,0.14000000000000007,0.12,False,True,True,True,True,False,False,59,202,68,66,-0.021911926567554474,6114.265625000228,0.01806055138393529,47,52,True
0.0675,0.15999999999999998,0.12,False,True,True,True,True,False,False,53,174,68,68,-0.021911926567554474,7033.972656250262,0.014359118909106017,37,48,True
0.0675,0.18,0.12,False,True,True,True,True,False,False,74,249,84,80,-0.02912038564682007,8600.90039062532,0.012876409540733436,34,57,True
0.0675,0.2,0.12,False,True,True,True,True,False,False,72,247,123,123,-0.0275660902261734,7758.105957031312,0.014902431669255383,36,60,True
0.0675,0.22000000000000003,0.12,False,True,True,True,True,False,False,57,207,95,81,-0.02095983177423477,6010.925292968975,0.01726916465409963,32,60,True
0.0675,0.24000000000000005,0.12,False,True,True,True,True,False,False,42,146,65,65,-0.020959846675395966,8241.835937500065,0.010746998347419066,28,48,True
0.0675,0.26000000000000006,0.12,True,False,True,True,True,True,False,34,120,58,55,-0.020959846675395966,5423.533203125202,0.015213453160405649,23,41,True
0.0675,0.2800000000000001,0.12,True,False,True,True,True,True,False,34,117,60,60,-0.020959846675395966,5879.978411881832,0.03172172829827018,23,40,True
0.0675,0.3,0.12,True,False,True,True,True,True,False,39,129,58,50,-0.020959846675395966,5077.945312500189,0.026671657520861185,26,43,True
0.0675,0.32,0.12,True,False,True,True,True,True,False,30,104,36,36,-0.015421509742736816,5480.560546875044,0.03822381121589596,25,36,True
0.0675,0.34,0.12,True,False,False,False,False,False,False,12,38,0,0,0.004426747560501099,0.0,1.4901161193847656e-08,12,0,False
0.0675,0.36000000000000004,0.12,True,False,False,False,False,False,False,0,0,0,0,,0.0,1.4901161193847656e-08,0,0,False
0.0675,0.38000000000000006,0.12,True,False,False,False,False,False,False,0,0,0,0,,0.0,1.4901161193847656e-08,0,0,False
0.0675,0.4000000000000001,0.12,True,False,False,False,False,False,False,0,0,0,0,,0.0,1.4901161193847656e-08,0,0,False
0.0675,0.42,0.12,True,False,False,False,False,False,False,0,0,0,0,,0.0,1.4901161193847656e-08,0,0,False
0.0675,-0.42,0.13999999999999996,True,False,False,False,False,False,False,0,0,0,0,,0.0,1.4901161193847656e-08,0,0,False
0.0675,-0.39999999999999997,0.13999999999999996,True,False,False,False,False,False,False,0,0,0,0,,0.0,1.4901161193847656e-08,0,0,False
0.0675,-0.38,0.13999999999999996,True,False,False,False,False,False,False,0,0,0,0,,0.0,1.4901161193847656e-08,0,0,False
0.0675,-0.36,0.13999999999999996,True,False,False,False,False,False,False,0,0,0,0,,0.0,1.4901161193847656e-08,0,0,False
0.0675,-0.33999999999999997,0.13999999999999996,True,False,False,False,False,False,False,10,37,0,0,0.006578236818313599,0.0,1.4901161193847656e-08,10,0,False
0.0675,-0.31999999999999995,0.13999999999999996,True,False,True,True,True,True,False,19,70,36,32,-0.01332758367061615,4831.594091929282,0.015169550153332066,19,36,True
0.0675,-0.3,0.13999999999999996,True,False,True,True,True,True,False,20,72,40,32,-0.020959801971912384,6861.960937500256,0.06335838273724027,20,40,True
0.0675,-0.27999999999999997,0.13999999999999996,True,False,True,True,True,True,False,19,65,33,29,-0.020959801971912384,8523.690429687818,0.08857487984270875,19,33,True
0.0675,-0.26,0.13999999999999996,True,False,True,True,True,True,False,18,64,35,25,-0.020959801971912384,6493.649656001328,0.07256567051998386,18,35,True
0.0675,-0.24,0.13999999999999996,False,True,True,True,True,False,False,27,94,38,34,-0.020959801971912384,7387.556640625059,0.05014740463704145,27,38,True
0.0675,-0.21999999999999997,0.13999999999999996,False,True,True,True,True,False,False,33,116,54,42,-0.020959801971912384,8235.002929687807,0.016911552811191395,33,54,True
0.0675,-0.19999999999999998,0.13999999999999996,False,True,True,True,True,False,False,38,129,61,45,-0.020959801971912384,6456.644531250241,0.015993153307393135,38,61,True
0.0675,-0.18,0.13999999999999996,False,True,True,True,True,False,False,37,132,58,42,-0.020959816873073578,7672.271972656311,0.012005428485305121,37,58,True
0.0675,-0.15999999999999998,0.13999999999999996,False,True,True,True,True,False,False,33,121,49,33,-0.020959816873073578,6502.929873089393,0.01199918939035994,33,49,True
0.0675,-0.13999999999999996,0.13999999999999996,False,True,True,True,True,False,False,41,134,45,29,-0.020959816873073578,5376.628906250201,0.008366460859081668,41,45,True
0.0675,-0.12,0.13999999999999996,False,True,True,True,True,False,False,44,157,69,51,-0.020959816873073578,6024.011718750225,0.008554852896900486,44,69,True
0.0675,-0.09999999999999998,0.13999999999999996,False,True,True,True,True,False,False,46,166,86,70,-0.020959816873073578,10006.692616265927,0.009353598728798635,46,86,True
0.0675,-0.07999999999999996,0.13999999999999996,False,True,True,True,True,False,False,43,157,75,59,-0.020959816873073578,7893.900390625295,0.02476766526016485,43,75,True
0.0675,-0.06,0.13999999999999996,False,True,True,True,True,False,False,40,146,75,59,-0.02095983177423477,7878.015625000294,0.023332346195632334,40,75,True
0.0675,-0.03999999999999998,0.13999999999999996,False,True,True,True,True,False,False,39,142,71,55,-0.02095983177423477,7988.031250000298,0.01290624109033351,39,71,True
0.0675,-0.019999999999999962,0.13999999999999996,False,True,True,True,True,False,False,37,137,71,55,-0.02095983177423477,7830.608886719042,0.013810016314138448,37,71,True
0.0675,0.0,0.13999999999999996,False,True,True,True,True,False,False,37,137,71,55,-0.02095983177423477,7891.355957031544,0.013054240116139322,37,71,True
0.0675,0.020000000000000018,0.13999999999999996,False,True,True,True,True,False,False,37,137,71,55,-0.02095983177423477,7988.124023437798,0.012915182845748267,37,71,True
0.0675,0.040000000000000036,0.13999999999999996,False,True,True,True,True,False,False,38,141,71,55,-0.02095983177423477,7774.45068359404,0.013996752273853665,38,71,True
0.0675,0.06,0.13999999999999996,False,True,True,True,True,False,False,39,145,75,59,-0.020959846675395966,9280.515625000075,0.018434100842427675,39,75,True
0.0675,0.08000000000000002,0.13999999999999996,False,True,True,True,True,False,False,42,157,75,59,-0.020959846675395966,9556.583984375357,0.015966766525661688,42,75,True
0.0675,0.10000000000000003,0.13999999999999996,False,True,True,True,True,False,False,45,163,87,71,-0.020959816873073578,7638.693359375285,0.017705676140051238,45,87,True
0.0675,0.12000000000000005,0.13999999999999996,False,True,True,True,True,False,False,43,159,71,49,-0.020959816873073578,7598.559082031534,0.012072876135893985,43,71,True
0.0675,0.14000000000000007,0.13999999999999996,False,True,True,True,True,False,False,40,141,52,40,-0.02095983177423477,7689.5434570315365,0.014276627216688112,40,52,True
0.0675,0.15999999999999998,0.13999999999999996,False,True,True,True,True,False,False,35,127,56,44,-0.02095983177423477,7685.3178710940365,0.013665023941537902,36,56,True
0.0675,0.18,0.13999999999999996,False,True,True,True,True,False,False,39,143,65,53,-0.02095983177423477,7695.825195312787,0.008901697182066461,39,65,True
0.0675,0.2,0.13999999999999996,False,True,True,True,True,False,False,41,138,68,56,-0.02095983177423477,7862.981445312793,0.01866581643300962,41,68,True
0.0675,0.22000000000000003,0.13999999999999996,False,True,True,True,True,False,False,37,131,64,54,-0.02095983177423477,8281.83593750031,0.022615402147628277,37,64,True
0.0675,0.24000000000000005,0.13999999999999996,False,True,True,True,True,False,False,32,111,48,48,-0.02095983177423477,7861.011718750293,0.016177857881612606,32,48,True
0.0675,0.26000000000000006,0.13999999999999996,True,False,True,True,True,True,False,23,79,41,38,-0.020959846675395966,8530.968059968727,0.04154769588429211,23,41,True
0.0675,0.2800000000000001,0.13999999999999996,True,False,True,True,True,True,False,23,77,40,40,-0.020959846675395966,8464.472651289605,0.038443284007081455,23,40,True
0.0675,0.3,0.13999999999999996,True,False,True,True,True,True,False,25,86,43,39,-0.020959846675395966,7319.708007812773,0.03414424327892441,25,43,True
0.0675,0.32,0.13999999999999996,True,False,True,True,True,True,False,24,83,36,36,-0.015421509742736816,5978.301757812548,0.011398592617792533,24,36,True
0.0675,0.34,0.13999999999999996,True,False,False,False,False,False,False,10,36,0,0,0.004426747560501099,0.0,1.4901161193847656e-08,10,0,False
0.0675,0.36000000000000004,0.13999999999999996,True,False,False,False,False,False,False,0,0,0,0,,0.0,1.4901161193847656e-08,0,0,False
0.0675,0.38000000000000006,0.13999999999999996,True,False,False,False,False,False,False,0,0,0,0,,0.0,1.4901161193847656e-08,0,0,False
0.0675,0.4000000000000001,0.13999999999999996,True,False,False,False,False,False,False,0,0,0,0,,0.0,1.4901161193847656e-08,0,0,False
0.0675,0.42,0.13999999999999996,True,False,False,False,False,False,False,0,0,0,0,,0.0,1.4901161193847656e-08,0,0,False
0.0675,-0.42,0.15999999999999998,True,False,False,False,False,False,False,0,0,0,0,,0.0,2.9802322387695312e-08,0,0,False
0.0675,-0.39999999999999997,0.15999999999999998,True,False,False,False,False,False,False,0,0,0,0,,0.0,2.9802322387695312e-08,0,0,False
0.0675,-0.38,0.15999999999999998,True,False,False,False,False,False,False,0,0,0,0,,0.0,2.9802322387695312e-08,0,0,False
0.0675,-0.36,0.15999999999999998,True,False,False,False,False,False,False,0,0,0,0,,0.0,2.9802322387695312e-08,0,0,False
0.0675,-0.33999999999999997,0.15999999999999998,True,False,False,False,False,False,False,13,43,0,0,0.006578236818313599,0.0,2.9802322387695312e-08,13,0,False
0.0675,-0.31999999999999995,0.15999999999999998,True,False,True,True,True,True,False,22,79,44,32,-0.01332758367061615,4079.4497025380347,0.014999888912764754,22,44,True
0.0675,-0.3,0.15999999999999998,True,False,True,True,True,True,False,26,88,48,32,-0.007712244987487793,3228.102050781276,0.013869576685578639,26,48,True
0.0675,-0.27999999999999997,0.15999999999999998,True,False,True,True,True,True,False,25,87,41,29,-0.015837721526622772,2651.8195800782237,0.03645257546279403,25,41,True
0.0675,-0.26,0.15999999999999998,True,False,True,True,True,True,False,29,100,41,25,-0.015896011143922806,2245.4394602987877,0.012852116680655837,29,41,True
0.0675,-0.24,0.15999999999999998,False,True,True,True,True,False,False,33,110,49,35,-0.01705165207386017,6975.343261718806,0.01910359382167704,33,49,True
0.0675,-0.21999999999999997,0.15999999999999998,False,True,True,True,True,False,False,38,136,63,51,-0.015914835035800934,4572.02148437517,0.007414625921918844,38,63,True
0.0675,-0.19999999999999998,0.15999999999999998,False,True,True,True,True,False,False,47,159,73,55,-0.015914835035800934,4550.441894531419,0.013134479788968407,47,73,True
0.0675,-0.18,0.15999999999999998,False,True,True,True,True,False,False,43,151,82,66,-0.015914835035800934,5811.339355468796,0.00164049329013707,43,82,True
0.0675,-0.15999999999999998,0.15999999999999998,False,True,True,True,True,False,False,39,142,70,50,-0.015892641618847847,4301.960937500134,0.007008763639594711,39,70,True
0.0675,-0.13999999999999996,0.15999999999999998,False,True,True,True,True,False,False,49,155,66,50,-0.015833422541618347,3251.251953125101,0.0194517760153033,49,66,True
0.0675,-0.12,0.15999999999999998,False,True,True,True,True,False,False,58,198,82,66,-0.014960132539272308,3462.3942871094823,0.014917412942590203,58,82,True
0.0675,-0.09999999999999998,0.15999999999999998,False,True,True,True,True,False,False,56,195,103,89,-0.014960125088691711,3462.2875976563573,0.022102886804793546,56,103,True
0.0675,-0.07999999999999996,0.15999999999999998,False,True,True,True,True,False,False,50,183,92,78,-0.014960125088691711,3472.045166015733,0.021999610648490504,50,92,True
0.0675,-0.06,0.15999999999999998,False,True,True,True,True,False,False,48,171,92,78,-0.014960125088691711,3475.217529296983,0.021950530734900813,48,92,True
0.0675,-0.03999999999999998,0.15999999999999998,False,True,True,True,True,False,False,44,161,84,70,-0.014960125088691711,3516.4055175782346,0.024590422752573785,44,84,True
0.0675,-0.019999999999999962,0.15999999999999998,False,True,True,True,True,False,False,42,153,84,70,-0.014960125088691711,3528.0419921876096,0.025539535688753442,42,84,True
0.0675,0.0,0.15999999999999998,False,True,True,True,True,False,False,42,153,84,70,-0.014960125088691711,3497.1574707032337,0.022904860625159514,42,84,True
0.0675,0.020000000000000018,0.15999999999999998,False,True,True,True,True,False,False,42,153,84,70,-0.014960125088691711,3516.4062500001096,0.02459042429452663,42,84,True
0.0675,0.040000000000000036,0.15999999999999998,False,True,True,True,True,False,False,45,162,84,70,-0.014960125088691711,3463.9741210938573,0.021127145700459014,45,84,True
0.0675,0.06,0.15999999999999998,False,True,True,True,True,False,False,48,171,92,74,-0.014960125088691711,3448.981201171982,0.02152973410060378,48,92,True
0.0675,0.08000000000000002,0.15999999999999998,False,True,True,True,True,False,False,50,184,92,74,-0.014960117638111115,3479.0053710938582,0.023539270200427637,50,92,True
0.0675,0.10000000000000003,0.15999999999999998,False,True,True,True,True,False,False,53,191,104,86,-0.014960117638111115,3514.045166015734,0.02747897192392951,53,104,True
0.0675,0.12000000000000005,0.15999999999999998,False,True,True,True,True,False,False,53,179,80,64,-0.014960117638111115,3476.053222656358,0.02072389473748024,53,80,True
0.0675,0.14000000000000007,0.15999999999999998,False,True,True,True,True,False,False,46,153,69,57,-0.015819311141967773,4228.826069960153,0.024369034883318895,46,69,True
0.0675,0.15999999999999998,0.15999999999999998,False,True,True,True,True,False,False,44,153,71,61,-0.015877600759267807,4412.114746093886,0.012697460675461437,44,71,True
0.0675,0.18,0.15999999999999998,False,True,True,True,True,False,False,45,154,83,79,-0.015914782881736755,7586.451171875061,0.005905861469160662,45,83,True
0.0675,0.2,0.15999999999999998,False,True,True,True,True,False,False,49,162,82,71,-0.015914782881736755,4305.221679687634,0.015239263131695895,49,82,True
0.0675,0.22000000000000003,0.15999999999999998,False,True,True,True,True,False,False,45,153,67,61,-0.015914790332317352,5093.699218750158,0.022870273633352155,45,67,True
0.0675,0.24000000000000005,0.15999999999999998,False,True,True,True,True,False,False,40,122,58,54,-0.019176244735717773,7500.58105468756,0.017696309213952256,40,58,True
0.0675,0.26000000000000006,0.15999999999999998,True,False,True,True,True,True,False,32,105,41,38,-0.015911251306533813,4388.621582031414,0.026136115678127417,32,41,True
0.0675,0.2800000000000001,0.15999999999999998,True,False,True,True,True,True,False,28,95,44,44,-0.015852032229304314,2501.7045698564366,0.03988025366481884,28,44,True
0.0675,0.3,0.15999999999999998,True,False,True,True,True,True,False,35,109,47,43,-0.012567207217216492,3516.984619140653,0.012981543921005194,35,47,True
0.0675,0.32,0.15999999999999998,True,False,True,True,True,True,False,28,90,40,40,-0.015421509742736816,3862.200439453156,0.021651082613174798,28,40,True
0.0675,0.34,0.15999999999999998,True,False,False,False,False,False,False,13,42,0,0,0.004426747560501099,0.0,2.9802322387695312e-08,13,0,False
0.0675,0.36000000000000004,0.15999999999999998,True,False,False,False,False,False,False,0,0,0,0,,0.0,2.9802322387695312e-08,0,0,False
0.0675,0.38000000000000006,0.15999999999999998,True,False,False,False,False,False,False,0,0,0,0,,0.0,2.9802322387695312e-08,0,0,False
0.0675,0.4000000000000001,0.15999999999999998,True,False,False,False,False,False,False,0,0,0,0,,0.0,2.9802322387695312e-08,0,0,False
0.0675,0.42,0.15999999999999998,True,False,False,False,False,False,False,0,0,0,0,,0.0,2.9802322387695312e-08,0,0,False
0.0675,-0.42,0.18,True,False,False,False,False,False,False,0,0,0,0,,0.0,2.9802322387695312e-08,0,0,False
0.0675,-0.39999999999999997,0.18,True,False,False,False,False,False,False,0,0,0,0,,0.0,2.9802322387695312e-08,0,0,False
0.0675,-0.38,0.18,True,False,False,False,False,False,False,0,0,0,0,,0.0,2.9802322387695312e-08,0,0,False
0.0675,-0.36,0.18,True,False,False,False,False,False,False,0,0,0,0,,0.0,2.9802322387695312e-08,0,0,False
0.0675,-0.33999999999999997,0.18,True,False,False,False,False,False,False,9,18,0,0,0.00694110244512558,0.0,2.9802322387695312e-08,9,0,False
0.0675,-0.31999999999999995,0.18,True,False,True,True,True,True,False,20,66,17,11,-0.012077100574970245,8.671172142029132,0.0024667019219629088,20,17,True
0.0675,-0.3,0.18,True,False,True,True,True,True,False,25,82,32,24,-0.011174134910106659,2920.3828125000905,0.01966589517234769,25,32,True
0.0675,-0.27999999999999997,0.18,True,False,True,True,True,True,False,24,88,35,31,-0.01237235963344574,3984.9832340822763,0.028404314764291862,24,35,True
0.0675,-0.26,0.18,True,False,True,True,True,True,False,26,91,36,32,-0.012457489967346191,4164.5893119313505,0.024000881725610653,26,36,True
0.0675,-0.24,0.18,False,True,True,True,True,False,False,30,94,33,28,-0.012492596171796322,4946.874511718904,0.017638538201897685,31,33,True
0.0675,-0.21999999999999997,0.18,False,True,True,True,True,False,False,33,113,31,26,-0.0124996742233634,5317.745605468915,0.011772144898836337,33,34,True
0.0675,-0.19999999999999998,0.18,False,True,True,True,True,False,False,44,144,39,34,-0.012510105967521667,4143.613281250128,0.03153804200529374,43,36,True
0.0675,-0.18,0.18,False,True,True,True,True,False,False,41,143,45,36,-0.01251859962940216,5572.860839843923,0.018757464633685002,41,45,True
0.0675,-0.15999999999999998,0.18,False,True,True,True,True,False,False,37,137,42,34,-0.012467987835407257,4794.011718750149,0.006266046896060762,36,42,True
0.0675,-0.13999999999999996,0.18,False,True,True,True,True,False,False,45,146,42,34,-0.012376241385936737,4592.966308593893,0.008276527857875454,45,42,True
0.0675,-0.12,0.18,False,True,True,True,True,False,False,55,180,56,48,-0.008822910487651825,4458.112304687638,0.014908943096232662,55,56,True
0.0675,-0.09999999999999998,0.18,False,True,True,True,True,False,False,57,193,58,51,-0.010254308581352234,4071.0366210938764,0.02111278486579612,56,58,True
0.0675,-0.07999999999999996,0.18,False,True,True,True,True,False,False,49,173,53,47,-0.010254308581352234,3856.0881347657446,0.016099340573599005,50,53,True
0.0675,-0.06,0.18,False,True,True,True,True,False,False,47,163,50,44,-0.010254308581352234,2716.557373046959,0.015698681165024025,47,50,True
0.0675,-0.03999999999999998,0.18,False,True,True,True,True,False,False,41,145,47,40,-0.005423977971076965,2467.750000000092,0.02200639326493941,41,47,True
0.0675,-0.019999999999999962,0.18,False,True,True,True,True,False,False,40,141,47,40,-0.005423977971076965,2467.747802734467,0.0220063585304499,40,47,True
0.0675,0.0,0.18,False,True,True,True,True,False,False,40,141,47,40,-0.005423985421657562,2484.0793457032178,0.030522136253701482,40,47,True
0.0675,0.020000000000000018,0.18,False,True,True,True,True,False,False,40,142,47,40,-0.005423985421657562,2467.750732421967,0.022006392944253526,40,47,True
0.0675,0.040000000000000036,0.18,False,True,True,True,True,False,False,41,146,47,40,-0.005423985421657562,2467.749023437592,0.02200638016251457,41,47,True
0.0675,0.06,0.18,False,True,True,True,True,False,False,45,161,51,44,-0.011174120008945465,2643.972656250082,0.004826446768517011,46,51,True
0.0675,0.08000000000000002,0.18,False,True,True,True,True,False,False,48,170,54,47,-0.011174120008945465,2601.833984375081,0.0033681844876590934,47,54,True
0.0675,0.10000000000000003,0.18,False,True,True,True,True,False,False,52,183,58,52,-0.011174120008945465,3174.1994628907237,0.002404683396655304,52,58,True
0.0675,0.12000000000000005,0.18,False,True,True,True,True,False,False,51,169,53,43,-0.008822895586490631,4578.882324218893,0.021039419363056134,51,53,True
0.0675,0.14000000000000007,0.18,False,True,True,True,True,False,False,44,152,45,42,-0.012345530092716217,5633.288085937675,0.01770358940557424,44,45,True
0.0675,0.15999999999999998,0.18,False,True,True,True,True,False,False,42,146,45,42,-0.01243070513010025,5624.386230468925,0.014732510935204415,41,45,True
0.0675,0.18,0.18,False,True,True,True,True,False,False,45,160,50,45,-0.01248680055141449,7513.464355468983,0.0260581414233011,45,50,True
0.0675,0.2,0.18,False,True,True,True,True,False,False,45,151,43,39,-0.012498623691499233,7482.395740405044,0.031132780908024415,46,43,True
0.0675,0.22000000000000003,0.18,False,True,True,True,True,False,False,39,135,44,42,-0.012507349252700806,6465.162109375201,0.025265002473922826,39,44,True
0.0675,0.24000000000000005,0.18,False,True,True,True,True,False,False,39,123,41,39,-0.012512748129665852,7113.054733428939,0.03977543596333406,40,41,True
0.0675,0.26000000000000006,0.18,True,False,True,True,True,True,False,33,111,40,39,-0.012496910989284515,6159.077636718941,0.030738281837831265,33,40,True
0.0675,0.2800000000000001,0.18,True,False,True,True,True,True,False,30,104,39,39,-0.012405164539813995,5149.43945312516,0.03623465321776998,30,39,True
0.0675,0.3,0.18,True,False,True,True,True,True,False,32,104,40,36,-0.012313418090343475,3644.0715332032382,0.03840323360213056,32,40,True
0.0675,0.32,0.18,True,False,True,True,True,True,False,30,87,20,16,-0.012192711234092712,22.904989242554564,0.005550870880429692,30,20,True
0.0675,0.34,0.18,True,False,False,False,False,False,False,10,18,0,0,0.004771367181092501,0.0,2.9802322387695312e-08,10,0,False
0.0675,0.36000000000000004,0.18,True,False,False,False,False,False,False,0,0,0,0,,0.0,2.9802322387695312e-08,0,0,False
0.0675,0.38000000000000006,0.18,True,False,False,False,False,False,False,0,0,0,0,,0.0,2.9802322387695312e-08,0,0,False
0.0675,0.4000000000000001,0.18,True,False,False,False,False,False,False,0,0,0,0,,0.0,2.9802322387695312e-08,0,0,False
0.0675,0.42,0.18,True,False,False,False,False,False,False,0,0,0,0,,0.0,2.9802322387695312e-08,0,0,False
0.0675,-0.42,0.2,True,False,False,False,False,False,False,0,0,0,0,,0.0,2.9802322387695312e-08,0,0,False
0.0675,-0.39999999999999997,0.2,True,False,False,False,False,False,False,0,0,0,0,,0.0,2.9802322387695312e-08,0,0,False
0.0675,-0.38,0.2,True,False,False,False,False,False,False,0,0,0,0,,0.0,2.9802322387695312e-08,0,0,False
0.0675,-0.36,0.2,True,False,False,False,False,False,False,0,0,0,0,,0.0,2.9802322387695312e-08,0,0,False
0.0675,-0.33999999999999997,0.2,True,False,False,False,False,False,False,2,5,0,0,0.015444576740264893,0.0,2.9802322387695312e-08,2,0,False
0.0675,-0.31999999999999995,0.2,True,False,False,False,False,False,False,9,18,0,0,0.007879853248596191,0.0,2.9802322387695312e-08,9,0,False
0.0675,-0.3,0.2,True,False,False,False,False,False,False,15,33,0,0,0.007712617516517639,0.0,2.9802322387695312e-08,14,0,False
0.0675,-0.27999999999999997,0.2,True,False,False,False,False,False,False,11,32,0,0,0.0076274871826171875,0.0,2.9802322387695312e-08,11,0,False
0.0675,-0.26,0.2,True,False,False,False,False,False,False,11,32,0,0,0.007542327046394348,0.0,2.9802322387695312e-08,10,0,False
0.0675,-0.24,0.2,True,False,False,False,False,False,False,12,27,0,0,0.007508085574954748,0.0,2.9802322387695312e-08,12,0,False
0.0675,-0.21999999999999997,0.2,True,False,False,False,False,False,False,12,25,0,0,0.007500334642827511,0.0,2.9802322387695312e-08,12,0,False
0.0675,-0.19999999999999998,0.2,True,False,False,False,False,False,False,15,34,0,0,0.007489912211894989,0.0,2.9802322387695312e-08,15,0,False
0.0675,-0.18,0.2,True,False,False,False,False,False,False,15,38,0,0,0.007481418550014496,0.0,2.9802322387695312e-08,15,0,False
0.0675,-0.15999999999999998,0.2,True,False,False,False,False,False,False,14,34,0,0,0.007481418550014496,0.0,2.9802322387695312e-08,14,0,False
0.0675,-0.13999999999999996,0.2,True,False,False,False,False,False,False,20,40,0,0,0.007481418550014496,0.0,2.9802322387695312e-08,20,0,False
0.0675,-0.12,0.2,True,False,False,False,False,False,False,20,48,0,0,0.0077155232429504395,0.0,2.9802322387695312e-08,19,0,False
0.0675,-0.09999999999999998,0.2,True,False,False,False,False,False,False,22,54,0,0,0.007623679935932159,0.0,2.980237923100575e-08,22,0,False
0.0675,-0.07999999999999996,0.2,True,False,False,False,False,False,False,21,51,0,0,0.007715433835983276,0.0,2.9802322387695312e-08,21,0,False
0.0675,-0.06,0.2,True,False,False,False,False,False,False,19,45,0,0,0.0077666789293289185,0.0,2.9802322387695312e-08,19,0,False
0.0675,-0.03999999999999998,0.2,True,False,False,False,False,False,False,17,43,0,0,0.00848634634166956,0.0,2.9802322387695312e-08,17,0,False
0.0675,-0.019999999999999962,0.2,True,False,False,False,False,False,False,17,40,0,0,0.008560587652027607,0.0,2.9802322387695312e-08,17,0,False
0.0675,0.0,0.2,True,False,False,False,False,False,False,17,40,0,0,0.008555077947676182,0.0,2.9802322387695312e-08,17,0,False
0.0675,0.020000000000000018,0.2,True,False,False,False,False,False,False,17,40,0,0,0.00857070367783308,0.0,2.9802322387695312e-08,17,0,False
0.0675,0.040000000000000036,0.2,True,False,False,False,False,False,False,17,43,0,0,0.008576800115406513,0.0,2.9802322387695312e-08,17,0,False
0.0675,0.06,0.2,True,False,False,False,False,False,False,19,46,0,0,0.007790934760123491,0.0,2.9802322387695312e-08,19,0,False
0.0675,0.08000000000000002,0.2,True,False,False,False,False,False,False,17,47,0,0,0.007705137133598328,0.0,2.9802322387695312e-08,17,0,False
0.0675,0.10000000000000003,0.2,True,False,False,False,False,False,False,19,52,0,0,0.007619984447956085,0.0,2.9802322387695312e-08,19,0,False
0.0675,0.12000000000000005,0.2,True,False,False,False,False,False,False,23,53,0,0,0.007534869015216827,0.0,2.9802322387695312e-08,23,0,False
0.0675,0.14000000000000007,0.2,True,False,False,False,False,False,False,19,43,0,0,0.007513217628002167,0.0,2.9802322387695312e-08,19,0,False
0.0675,0.15999999999999998,0.2,True,False,False,False,False,False,False,17,39,0,0,0.007513217628002167,0.0,2.9802322387695312e-08,17,0,False
0.0675,0.18,0.2,True,False,False,False,False,False,False,15,34,0,0,0.007513217628002167,0.0,2.9802322387695312e-08,16,0,False
0.0675,0.2,0.2,True,False,False,False,False,False,False,16,36,0,0,0.007501383777707815,0.0,2.9802322387695312e-08,16,0,False
0.0675,0.22000000000000003,0.2,True,False,False,False,False,False,False,16,37,0,0,0.007492668926715851,0.0,2.9802322387695312e-08,16,0,False
0.0675,0.24000000000000005,0.2,True,False,False,False,False,False,False,16,30,0,0,0.007483825087547302,0.0,2.9802322387695312e-08,16,0,False
0.0675,0.26000000000000006,0.2,True,False,False,False,False,False,False,16,40,0,0,0.007503107190132141,0.0,2.9802322387695312e-08,16,0,False
0.0675,0.2800000000000001,0.2,True,False,False,False,False,False,False,16,40,0,0,0.007594853639602661,0.0,2.9802322387695312e-08,16,0,False
0.0675,0.3,0.2,True,False,False,False,False,False,False,18,42,0,0,0.007723450660705566,0.0,2.9802322387695312e-08,18,0,False
0.0675,0.32,0.2,True,False,False,False,False,False,False,10,18,0,0,0.007773958146572113,0.0,2.9802322387695312e-08,10,0,False
0.0675,0.34,0.2,True,False,False,False,False,False,False,2,6,0,0,0.015034646727144718,0.0,2.9802322387695312e-08,2,0,False
0.0675,0.36000000000000004,0.2,True,False,False,False,False,False,False,0,0,0,0,,0.0,2.9802322387695312e-08,0,0,False
0.0675,0.38000000000000006,0.2,True,False,False,False,False,False,False,0,0,0,0,,0.0,2.9802322387695312e-08,0,0,False
0.0675,0.4000000000000001,0.2,True,False,False,False,False,False,False,0,0,0,0,,0.0,2.9802322387695312e-08,0,0,False
0.0675,0.42,0.2,True,False,False,False,False,False,False,0,0,0,0,,0.0,2.9802322387695312e-08,0,0,False
0.0675,-0.42,0.22000000000000003,True,False,False,False,False,False,False,0,0,0,0,,0.0,2.9802322387695312e-08,0,0,False
0.0675,-0.39999999999999997,0.22000000000000003,True,False,False,False,False,False,False,0,0,0,0,,0.0,2.9802322387695312e-08,0,0,False
0.0675,-0.38,0.22000000000000003,True,False,False,False,False,False,False,0,0,0,0,,0.0,2.9802322387695312e-08,0,0,False
0.0675,-0.36,0.22000000000000003,True,False,False,False,False,False,False,0,0,0,0,,0.0,2.9802322387695312e-08,0,0,False
0.0675,-0.33999999999999997,0.22000000000000003,True,False,False,False,False,False,False,0,0,0,0,,0.0,2.9802322387695312e-08,0,0,False
0.0675,-0.31999999999999995,0.22000000000000003,True,False,False,False,False,False,False,0,0,0,0,,0.0,2.9802322387695312e-08,0,0,False
0.0675,-0.3,0.22000000000000003,True,False,False,False,False,False,False,0,0,0,0,,0.0,2.9802322387695312e-08,0,0,False
0.0675,-0.27999999999999997,0.22000000000000003,True,False,False,False,False,False,False,0,0,0,0,,0.0,2.9802322387695312e-08,0,0,False
0.0675,-0.26,0.22000000000000003,True,False,False,False,False,False,False,0,0,0,0,,0.0,2.9802322387695312e-08,0,0,False
0.0675,-0.24,0.22000000000000003,True,False,False,False,False,False,False,0,0,0,0,,0.0,2.9802322387695312e-08,0,0,False
0.0675,-0.21999999999999997,0.22000000000000003,True,False,False,False,False,False,False,0,0,0,0,,0.0,2.9802322387695312e-08,0,0,False
0.0675,-0.19999999999999998,0.22000000000000003,True,False,False,False,False,False,False,0,0,0,0,,0.0,2.9802322387695312e-08,0,0,False
0.0675,-0.18,0.22000000000000003,True,False,False,False,False,False,False,0,0,0,0,,0.0,2.9802322387695312e-08,0,0,False
0.0675,-0.15999999999999998,0.22000000000000003,True,False,False,False,False,False,False,0,0,0,0,,0.0,2.9802322387695312e-08,0,0,False
0.0675,-0.13999999999999996,0.22000000000000003,True,False,False,False,False,False,False,0,0,0,0,,0.0,2.9802322387695312e-08,0,0,False
0.0675,-0.12,0.22000000000000003,True,False,False,False,False,False,False,0,0,0,0,,0.0,2.9802322387695312e-08,0,0,False
0.0675,-0.09999999999999998,0.22000000000000003,True,False,False,False,False,False,False,0,0,0,0,,0.0,2.980237923100575e-08,0,0,False
0.0675,-0.07999999999999996,0.22000000000000003,True,False,False,False,False,False,False,0,0,0,0,,0.0,2.9802322387695312e-08,0,0,False
0.0675,-0.06,0.22000000000000003,True,False,False,False,False,False,False,0,0,0,0,,0.0,2.9802322387695312e-08,0,0,False
0.0675,-0.03999999999999998,0.22000000000000003,True,False,False,False,False,False,False,0,0,0,0,,0.0,2.9802322387695312e-08,0,0,False
0.0675,-0.019999999999999962,0.22000000000000003,True,False,False,False,False,False,False,0,0,0,0,,0.0,2.9802322387695312e-08,0,0,False
0.0675,0.0,0.22000000000000003,True,False,False,False,False,False,False,0,0,0,0,,0.0,2.9802322387695312e-08,0,0,False
0.0675,0.020000000000000018,0.22000000000000003,True,False,False,False,False,False,False,0,0,0,0,,0.0,2.9802322387695312e-08,0,0,False
0.0675,0.040000000000000036,0.22000000000000003,True,False,False,False,False,False,False,0,0,0,0,,0.0,2.9802322387695312e-08,0,0,False
0.0675,0.06,0.22000000000000003,True,False,False,False,False,False,False,0,0,0,0,,0.0,2.9802322387695312e-08,0,0,False
0.0675,0.08000000000000002,0.22000000000000003,True,False,False,False,False,False,False,0,0,0,0,,0.0,2.9802322387695312e-08,0,0,False
0.0675,0.10000000000000003,0.22000000000000003,True,False,False,False,False,False,False,0,0,0,0,,0.0,2.9802322387695312e-08,0,0,False
0.0675,0.12000000000000005,0.22000000000000003,True,False,False,False,False,False,False,0,0,0,0,,0.0,2.9802322387695312e-08,0,0,False
0.0675,0.14000000000000007,0.22000000000000003,True,False,False,False,False,False,False,0,0,0,0,,0.0,2.9802322387695312e-08,0,0,False
0.0675,0.15999999999999998,0.22000000000000003,True,False,False,False,False,False,False,0,0,0,0,,0.0,2.9802322387695312e-08,0,0,False
0.0675,0.18,0.22000000000000003,True,False,False,False,False,False,False,0,0,0,0,,0.0,2.9802322387695312e-08,0,0,False
0.0675,0.2,0.22000000000000003,True,False,False,False,False,False,False,0,0,0,0,,0.0,2.9802322387695312e-08,0,0,False
0.0675,0.22000000000000003,0.22000000000000003,True,False,False,False,False,False,False,0,0,0,0,,0.0,2.9802322387695312e-08,0,0,False
0.0675,0.24000000000000005,0.22000000000000003,True,False,False,False,False,False,False,0,0,0,0,,0.0,2.9802322387695312e-08,0,0,False
0.0675,0.26000000000000006,0.22000000000000003,True,False,False,False,False,False,False,0,0,0,0,,0.0,2.9802322387695312e-08,0,0,False
0.0675,0.2800000000000001,0.22000000000000003,True,False,False,False,False,False,False,0,0,0,0,,0.0,2.9802322387695312e-08,0,0,False
0.0675,0.3,0.22000000000000003,True,False,False,False,False,False,False,0,0,0,0,,0.0,2.9802322387695312e-08,0,0,False
0.0675,0.32,0.22000000000000003,True,False,False,False,False,False,False,0,0,0,0,,0.0,2.9802322387695312e-08,0,0,False
0.0675,0.34,0.22000000000000003,True,False,False,False,False,False,False,0,0,0,0,,0.0,2.9802322387695312e-08,0,0,False
0.0675,0.36000000000000004,0.22000000000000003,True,False,False,False,False,False,False,0,0,0,0,,0.0,2.9802322387695312e-08,0,0,False
0.0675,0.38000000000000006,0.22000000000000003,True,False,False,False,False,False,False,0,0,0,0,,0.0,2.9802322387695312e-08,0,0,False
0.0675,0.4000000000000001,0.22000000000000003,True,False,False,False,False,False,False,0,0,0,0,,0.0,2.9802322387695312e-08,0,0,False
0.0675,0.42,0.22000000000000003,True,False,False,False,False,False,False,0,0,0,0,,0.0,2.9802322387695312e-08,0,0,False
0.0675,-0.42,0.23999999999999994,True,False,False,False,False,False,False,0,0,0,0,,0.0,2.9802322387695312e-08,0,0,False
0.0675,-0.39999999999999997,0.23999999999999994,True,False,False,False,False,False,False,0,0,0,0,,0.0,2.9802322387695312e-08,0,0,False
0.0675,-0.38,0.23999999999999994,True,False,False,False,False,False,False,0,0,0,0,,0.0,2.9802322387695312e-08,0,0,False
0.0675,-0.36,0.23999999999999994,True,False,False,False,False,False,False,0,0,0,0,,0.0,2.9802322387695312e-08,0,0,False
0.0675,-0.33999999999999997,0.23999999999999994,True,False,False,False,False,False,False,0,0,0,0,,0.0,2.9802322387695312e-08,0,0,False
0.0675,-0.31999999999999995,0.23999999999999994,True,False,False,False,False,False,False,0,0,0,0,,0.0,2.9802322387695312e-08,0,0,False
0.0675,-0.3,0.23999999999999994,True,False,False,False,False,False,False,0,0,0,0,,0.0,2.9802322387695312e-08,0,0,False
0.0675,-0.27999999999999997,0.23999999999999994,True,False,False,False,False,False,False,0,0,0,0,,0.0,2.9802322387695312e-08,0,0,False
0.0675,-0.26,0.23999999999999994,True,False,False,False,False,False,False,0,0,0,0,,0.0,2.9802322387695312e-08,0,0,False
0.0675,-0.24,0.23999999999999994,True,False,False,False,False,False,False,0,0,0,0,,0.0,2.9802322387695312e-08,0,0,False
0.0675,-0.21999999999999997,0.23999999999999994,True,False,False,False,False,False,False,0,0,0,0,,0.0,2.9802322387695312e-08,0,0,False
0.0675,-0.19999999999999998,0.23999999999999994,True,False,False,False,False,False,False,0,0,0,0,,0.0,2.9802322387695312e-08,0,0,False
0.0675,-0.18,0.23999999999999994,True,False,False,False,False,False,False,0,0,0,0,,0.0,2.9802322387695312e-08,0,0,False
0.0675,-0.15999999999999998,0.23999999999999994,True,False,False,False,False,False,False,0,0,0,0,,0.0,2.9802322387695312e-08,0,0,False
0.0675,-0.13999999999999996,0.23999999999999994,True,False,False,False,False,False,False,0,0,0,0,,0.0,2.9802322387695312e-08,0,0,False
0.0675,-0.12,0.23999999999999994,True,False,False,False,False,False,False,0,0,0,0,,0.0,2.9802322387695312e-08,0,0,False
0.0675,-0.09999999999999998,0.23999999999999994,True,False,False,False,False,False,False,0,0,0,0,,0.0,2.980237923100575e-08,0,0,False
0.0675,-0.07999999999999996,0.23999999999999994,True,False,False,False,False,False,False,0,0,0,0,,0.0,2.9802322387695312e-08,0,0,False
0.0675,-0.06,0.23999999999999994,True,False,False,False,False,False,False,0,0,0,0,,0.0,2.9802322387695312e-08,0,0,False
0.0675,-0.03999999999999998,0.23999999999999994,True,False,False,False,False,False,False,0,0,0,0,,0.0,2.9802322387695312e-08,0,0,False
0.0675,-0.019999999999999962,0.23999999999999994,True,False,False,False,False,False,False,0,0,0,0,,0.0,2.9802322387695312e-08,0,0,False
0.0675,0.0,0.23999999999999994,True,False,False,False,False,False,False,0,0,0,0,,0.0,2.9802322387695312e-08,0,0,False
0.0675,0.020000000000000018,0.23999999999999994,True,False,False,False,False,False,False,0,0,0,0,,0.0,2.9802322387695312e-08,0,0,False
0.0675,0.040000000000000036,0.23999999999999994,True,False,False,False,False,False,False,0,0,0,0,,0.0,2.9802322387695312e-08,0,0,False
0.0675,0.06,0.23999999999999994,True,False,False,False,False,False,False,0,0,0,0,,0.0,2.9802322387695312e-08,0,0,False
0.0675,0.08000000000000002,0.23999999999999994,True,False,False,False,False,False,False,0,0,0,0,,0.0,2.9802322387695312e-08,0,0,False
0.0675,0.10000000000000003,0.23999999999999994,True,False,False,False,False,False,False,0,0,0,0,,0.0,2.9802322387695312e-08,0,0,False
0.0675,0.12000000000000005,0.23999999999999994,True,False,False,False,False,False,False,0,0,0,0,,0.0,2.9802322387695312e-08,0,0,False
0.0675,0.14000000000000007,0.23999999999999994,True,False,False,False,False,False,False,0,0,0,0,,0.0,2.9802322387695312e-08,0,0,False
0.0675,0.15999999999999998,0.23999999999999994,True,False,False,False,False,False,False,0,0,0,0,,0.0,2.9802322387695312e-08,0,0,False
0.0675,0.18,0.23999999999999994,True,False,False,False,False,False,False,0,0,0,0,,0.0,2.9802322387695312e-08,0,0,False
0.0675,0.2,0.23999999999999994,True,False,False,False,False,False,False,0,0,0,0,,0.0,2.9802322387695312e-08,0,0,False
0.0675,0.22000000000000003,0.23999999999999994,True,False,False,False,False,False,False,0,0,0,0,,0.0,2.9802322387695312e-08,0,0,False
0.0675,0.24000000000000005,0.23999999999999994,True,False,False,False,False,False,False,0,0,0,0,,0.0,2.9802322387695312e-08,0,0,False
0.0675,0.26000000000000006,0.23999999999999994,True,False,False,False,False,False,False,0,0,0,0,,0.0,2.9802322387695312e-08,0,0,False
0.0675,0.2800000000000001,0.23999999999999994,True,False,False,False,False,False,False,0,0,0,0,,0.0,2.9802322387695312e-08,0,0,False
0.0675,0.3,0.23999999999999994,True,False,False,False,False,False,False,0,0,0,0,,0.0,2.9802322387695312e-08,0,0,False
0.0675,0.32,0.23999999999999994,True,False,False,False,False,False,False,0,0,0,0,,0.0,2.9802322387695312e-08,0,0,False
0.0675,0.34,0.23999999999999994,True,False,False,False,False,False,False,0,0,0,0,,0.0,2.9802322387695312e-08,0,0,False
0.0675,0.36000000000000004,0.23999999999999994,True,False,False,False,False,False,False,0,0,0,0,,0.0,2.9802322387695312e-08,0,0,False
0.0675,0.38000000000000006,0.23999999999999994,True,False,False,False,False,False,False,0,0,0,0,,0.0,2.9802322387695312e-08,0,0,False
0.0675,0.4000000000000001,0.23999999999999994,True,False,False,False,False,False,False,0,0,0,0,,0.0,2.9802322387695312e-08,0,0,False
0.0675,0.42,0.23999999999999994,True,False,False,False,False,False,False,0,0,0,0,,0.0,2.9802322387695312e-08,0,0,False
0.0675,-0.42,0.25999999999999995,True,False,False,False,False,False,False,0,0,0,0,,0.0,2.9802322387695312e-08,0,0,False
0.0675,-0.39999999999999997,0.25999999999999995,True,False,False,False,False,False,False,0,0,0,0,,0.0,2.9802322387695312e-08,0,0,False
0.0675,-0.38,0.25999999999999995,True,False,False,False,False,False,False,0,0,0,0,,0.0,2.9802322387695312e-08,0,0,False
0.0675,-0.36,0.25999999999999995,True,False,False,False,False,False,False,0,0,0,0,,0.0,2.9802322387695312e-08,0,0,False
0.0675,-0.33999999999999997,0.25999999999999995,True,False,False,False,False,False,False,0,0,0,0,,0.0,2.9802322387695312e-08,0,0,False
0.0675,-0.31999999999999995,0.25999999999999995,True,False,False,False,False,False,False,0,0,0,0,,0.0,2.9802322387695312e-08,0,0,False
0.0675,-0.3,0.25999999999999995,True,False,False,False,False,False,False,0,0,0,0,,0.0,2.9802322387695312e-08,0,0,False
0.0675,-0.27999999999999997,0.25999999999999995,True,False,False,False,False,False,False,0,0,0,0,,0.0,2.9802322387695312e-08,0,0,False
0.0675,-0.26,0.25999999999999995,True,False,False,False,False,False,False,0,0,0,0,,0.0,2.9802322387695312e-08,0,0,False
0.0675,-0.24,0.25999999999999995,True,False,False,False,False,False,False,0,0,0,0,,0.0,2.9802322387695312e-08,0,0,False
0.0675,-0.21999999999999997,0.25999999999999995,True,False,False,False,False,False,False,0,0,0,0,,0.0,2.9802322387695312e-08,0,0,False
0.0675,-0.19999999999999998,0.25999999999999995,True,False,False,False,False,False,False,0,0,0,0,,0.0,2.9802322387695312e-08,0,0,False
0.0675,-0.18,0.25999999999999995,True,False,False,False,False,False,False,0,0,0,0,,0.0,2.9802322387695312e-08,0,0,False
0.0675,-0.15999999999999998,0.25999999999999995,True,False,False,False,False,False,False,0,0,0,0,,0.0,2.9802322387695312e-08,0,0,False
0.0675,-0.13999999999999996,0.25999999999999995,True,False,False,False,False,False,False,0,0,0,0,,0.0,2.9802322387695312e-08,0,0,False
0.0675,-0.12,0.25999999999999995,True,False,False,False,False,False,False,0,0,0,0,,0.0,2.9802322387695312e-08,0,0,False
0.0675,-0.09999999999999998,0.25999999999999995,True,False,False,False,False,False,False,0,0,0,0,,0.0,2.980237923100575e-08,0,0,False
0.0675,-0.07999999999999996,0.25999999999999995,True,False,False,False,False,False,False,0,0,0,0,,0.0,2.9802322387695312e-08,0,0,False
0.0675,-0.06,0.25999999999999995,True,False,False,False,False,False,False,0,0,0,0,,0.0,2.9802322387695312e-08,0,0,False
0.0675,-0.03999999999999998,0.25999999999999995,True,False,False,False,False,False,False,0,0,0,0,,0.0,2.9802322387695312e-08,0,0,False
0.0675,-0.019999999999999962,0.25999999999999995,True,False,False,False,False,False,False,0,0,0,0,,0.0,2.9802322387695312e-08,0,0,False
0.0675,0.0,0.25999999999999995,True,False,False,False,False,False,False,0,0,0,0,,0.0,2.9802322387695312e-08,0,0,False
0.0675,0.020000000000000018,0.25999999999999995,True,False,False,False,False,False,False,0,0,0,0,,0.0,2.9802322387695312e-08,0,0,False
0.0675,0.040000000000000036,0.25999999999999995,True,False,False,False,False,False,False,0,0,0,0,,0.0,2.9802322387695312e-08,0,0,False
0.0675,0.06,0.25999999999999995,True,False,False,False,False,False,False,0,0,0,0,,0.0,2.9802322387695312e-08,0,0,False
0.0675,0.08000000000000002,0.25999999999999995,True,False,False,False,False,False,False,0,0,0,0,,0.0,2.9802322387695312e-08,0,0,False
0.0675,0.10000000000000003,0.25999999999999995,True,False,False,False,False,False,False,0,0,0,0,,0.0,2.9802322387695312e-08,0,0,False
0.0675,0.12000000000000005,0.25999999999999995,True,False,False,False,False,False,False,0,0,0,0,,0.0,2.9802322387695312e-08,0,0,False
0.0675,0.14000000000000007,0.25999999999999995,True,False,False,False,False,False,False,0,0,0,0,,0.0,2.9802322387695312e-08,0,0,False
0.0675,0.15999999999999998,0.25999999999999995,True,False,False,False,False,False,False,0,0,0,0,,0.0,2.9802322387695312e-08,0,0,False
0.0675,0.18,0.25999999999999995,True,False,False,False,False,False,False,0,0,0,0,,0.0,2.9802322387695312e-08,0,0,False
0.0675,0.2,0.25999999999999995,True,False,False,False,False,False,False,0,0,0,0,,0.0,2.9802322387695312e-08,0,0,False
0.0675,0.22000000000000003,0.25999999999999995,True,False,False,False,False,False,False,0,0,0,0,,0.0,2.9802322387695312e-08,0,0,False
0.0675,0.24000000000000005,0.25999999999999995,True,False,False,False,False,False,False,0,0,0,0,,0.0,2.9802322387695312e-08,0,0,False
0.0675,0.26000000000000006,0.25999999999999995,True,False,False,False,False,False,False,0,0,0,0,,0.0,2.9802322387695312e-08,0,0,False
0.0675,0.2800000000000001,0.25999999999999995,True,False,False,False,False,False,False,0,0,0,0,,0.0,2.9802322387695312e-08,0,0,False
0.0675,0.3,0.25999999999999995,True,False,False,False,False,False,False,0,0,0,0,,0.0,2.9802322387695312e-08,0,0,False
0.0675,0.32,0.25999999999999995,True,False,False,False,False,False,False,0,0,0,0,,0.0,2.9802322387695312e-08,0,0,False
0.0675,0.34,0.25999999999999995,True,False,False,False,False,False,False,0,0,0,0,,0.0,2.9802322387695312e-08,0,0,False
0.0675,0.36000000000000004,0.25999999999999995,True,False,False,False,False,False,False,0,0,0,0,,0.0,2.9802322387695312e-08,0,0,False
0.0675,0.38000000000000006,0.25999999999999995,True,False,False,False,False,False,False,0,0,0,0,,0.0,2.9802322387695312e-08,0,0,False
0.0675,0.4000000000000001,0.25999999999999995,True,False,False,False,False,False,False,0,0,0,0,,0.0,2.9802322387695312e-08,0,0,False
0.0675,0.42,0.25999999999999995,True,False,False,False,False,False,False,0,0,0,0,,0.0,2.9802322387695312e-08,0,0,False
0.0675,-0.42,0.27999999999999997,True,False,False,False,False,False,False,0,0,0,0,,0.0,2.9802322387695312e-08,0,0,False
0.0675,-0.39999999999999997,0.27999999999999997,True,False,False,False,False,False,False,0,0,0,0,,0.0,2.9802322387695312e-08,0,0,False
0.0675,-0.38,0.27999999999999997,True,False,False,False,False,False,False,0,0,0,0,,0.0,2.9802322387695312e-08,0,0,False
0.0675,-0.36,0.27999999999999997,True,False,False,False,False,False,False,0,0,0,0,,0.0,2.9802322387695312e-08,0,0,False
0.0675,-0.33999999999999997,0.27999999999999997,True,False,False,False,False,False,False,0,0,0,0,,0.0,2.9802322387695312e-08,0,0,False
0.0675,-0.31999999999999995,0.27999999999999997,True,False,False,False,False,False,False,0,0,0,0,,0.0,2.9802322387695312e-08,0,0,False
0.0675,-0.3,0.27999999999999997,True,False,False,False,False,False,False,0,0,0,0,,0.0,2.9802322387695312e-08,0,0,False
0.0675,-0.27999999999999997,0.27999999999999997,True,False,False,False,False,False,False,0,0,0,0,,0.0,2.9802322387695312e-08,0,0,False
0.0675,-0.26,0.27999999999999997,True,False,False,False,False,False,False,0,0,0,0,,0.0,2.9802322387695312e-08,0,0,False
0.0675,-0.24,0.27999999999999997,True,False,False,False,False,False,False,0,0,0,0,,0.0,2.9802322387695312e-08,0,0,False
0.0675,-0.21999999999999997,0.27999999999999997,True,False,False,False,False,False,False,0,0,0,0,,0.0,2.9802322387695312e-08,0,0,False
0.0675,-0.19999999999999998,0.27999999999999997,True,False,False,False,False,False,False,0,0,0,0,,0.0,2.9802322387695312e-08,0,0,False
0.0675,-0.18,0.27999999999999997,True,False,False,False,False,False,False,0,0,0,0,,0.0,2.9802322387695312e-08,0,0,False
0.0675,-0.15999999999999998,0.27999999999999997,True,False,False,False,False,False,False,0,0,0,0,,0.0,2.9802322387695312e-08,0,0,False
0.0675,-0.13999999999999996,0.27999999999999997,True,False,False,False,False,False,False,0,0,0,0,,0.0,2.9802322387695312e-08,0,0,False
0.0675,-0.12,0.27999999999999997,True,False,False,False,False,False,False,0,0,0,0,,0.0,2.9802322387695312e-08,0,0,False
0.0675,-0.09999999999999998,0.27999999999999997,True,False,False,False,False,False,False,0,0,0,0,,0.0,2.980237923100575e-08,0,0,False
0.0675,-0.07999999999999996,0.27999999999999997,True,False,False,False,False,False,False,0,0,0,0,,0.0,2.9802322387695312e-08,0,0,False
0.0675,-0.06,0.27999999999999997,True,False,False,False,False,False,False,0,0,0,0,,0.0,2.9802322387695312e-08,0,0,False
0.0675,-0.03999999999999998,0.27999999999999997,True,False,False,False,False,False,False,0,0,0,0,,0.0,2.9802322387695312e-08,0,0,False
0.0675,-0.019999999999999962,0.27999999999999997,True,False,False,False,False,False,False,0,0,0,0,,0.0,2.9802322387695312e-08,0,0,False
0.0675,0.0,0.27999999999999997,True,False,False,False,False,False,False,0,0,0,0,,0.0,2.9802322387695312e-08,0,0,False
0.0675,0.020000000000000018,0.27999999999999997,True,False,False,False,False,False,False,0,0,0,0,,0.0,2.9802322387695312e-08,0,0,False
0.0675,0.040000000000000036,0.27999999999999997,True,False,False,False,False,False,False,0,0,0,0,,0.0,2.9802322387695312e-08,0,0,False
0.0675,0.06,0.27999999999999997,True,False,False,False,False,False,False,0,0,0,0,,0.0,2.9802322387695312e-08,0,0,False
0.0675,0.08000000000000002,0.27999999999999997,True,False,False,False,False,False,False,0,0,0,0,,0.0,2.9802322387695312e-08,0,0,False
0.0675,0.10000000000000003,0.27999999999999997,True,False,False,False,False,False,False,0,0,0,0,,0.0,2.9802322387695312e-08,0,0,False
0.0675,0.12000000000000005,0.27999999999999997,True,False,False,False,False,False,False,0,0,0,0,,0.0,2.9802322387695312e-08,0,0,False
0.0675,0.14000000000000007,0.27999999999999997,True,False,False,False,False,False,False,0,0,0,0,,0.0,2.9802322387695312e-08,0,0,False
0.0675,0.15999999999999998,0.27999999999999997,True,False,False,False,False,False,False,0,0,0,0,,0.0,2.9802322387695312e-08,0,0,False
0.0675,0.18,0.27999999999999997,True,False,False,False,False,False,False,0,0,0,0,,0.0,2.9802322387695312e-08,0,0,False
0.0675,0.2,0.27999999999999997,True,False,False,False,False,False,False,0,0,0,0,,0.0,2.9802322387695312e-08,0,0,False
0.0675,0.22000000000000003,0.27999999999999997,True,False,False,False,False,False,False,0,0,0,0,,0.0,2.9802322387695312e-08,0,0,False
0.0675,0.24000000000000005,0.27999999999999997,True,False,False,False,False,False,False,0,0,0,0,,0.0,2.9802322387695312e-08,0,0,False
0.0675,0.26000000000000006,0.27999999999999997,True,False,False,False,False,False,False,0,0,0,0,,0.0,2.9802322387695312e-08,0,0,False
0.0675,0.2800000000000001,0.27999999999999997,True,False,False,False,False,False,False,0,0,0,0,,0.0,2.9802322387695312e-08,0,0,False
0.0675,0.3,0.27999999999999997,True,False,False,False,False,False,False,0,0,0,0,,0.0,2.9802322387695312e-08,0,0,False
0.0675,0.32,0.27999999999999997,True,False,False,False,False,False,False,0,0,0,0,,0.0,2.9802322387695312e-08,0,0,False
0.0675,0.34,0.27999999999999997,True,False,False,False,False,False,False,0,0,0,0,,0.0,2.9802322387695312e-08,0,0,False
0.0675,0.36000000000000004,0.27999999999999997,True,False,False,False,False,False,False,0,0,0,0,,0.0,2.9802322387695312e-08,0,0,False
0.0675,0.38000000000000006,0.27999999999999997,True,False,False,False,False,False,False,0,0,0,0,,0.0,2.9802322387695312e-08,0,0,False
0.0675,0.4000000000000001,0.27999999999999997,True,False,False,False,False,False,False,0,0,0,0,,0.0,2.9802322387695312e-08,0,0,False
0.0675,0.42,0.27999999999999997,True,False,False,False,False,False,False,0,0,0,0,,0.0,2.9802322387695312e-08,0,0,False
0.0675,-0.42,0.3,True,False,False,False,False,False,False,0,0,0,0,,0.0,2.9802322387695312e-08,0,0,False
0.0675,-0.39999999999999997,0.3,True,False,False,False,False,False,False,0,0,0,0,,0.0,2.9802322387695312e-08,0,0,False
0.0675,-0.38,0.3,True,False,False,False,False,False,False,0,0,0,0,,0.0,2.9802322387695312e-08,0,0,False
0.0675,-0.36,0.3,True,False,False,False,False,False,False,0,0,0,0,,0.0,2.9802322387695312e-08,0,0,False
0.0675,-0.33999999999999997,0.3,True,False,False,False,False,False,False,0,0,0,0,,0.0,2.9802322387695312e-08,0,0,False
0.0675,-0.31999999999999995,0.3,True,False,False,False,False,False,False,0,0,0,0,,0.0,2.9802322387695312e-08,0,0,False
0.0675,-0.3,0.3,True,False,False,False,False,False,False,0,0,0,0,,0.0,2.9802322387695312e-08,0,0,False
0.0675,-0.27999999999999997,0.3,True,False,False,False,False,False,False,0,0,0,0,,0.0,2.9802322387695312e-08,0,0,False
0.0675,-0.26,0.3,True,False,False,False,False,False,False,0,0,0,0,,0.0,2.9802322387695312e-08,0,0,False
0.0675,-0.24,0.3,True,False,False,False,False,False,False,0,0,0,0,,0.0,2.9802322387695312e-08,0,0,False
0.0675,-0.21999999999999997,0.3,True,False,False,False,False,False,False,0,0,0,0,,0.0,2.9802322387695312e-08,0,0,False
0.0675,-0.19999999999999998,0.3,True,False,False,False,False,False,False,0,0,0,0,,0.0,2.9802322387695312e-08,0,0,False
0.0675,-0.18,0.3,True,False,False,False,False,False,False,0,0,0,0,,0.0,2.9802322387695312e-08,0,0,False
0.0675,-0.15999999999999998,0.3,True,False,False,False,False,False,False,0,0,0,0,,0.0,2.9802322387695312e-08,0,0,False
0.0675,-0.13999999999999996,0.3,True,False,False,False,False,False,False,0,0,0,0,,0.0,2.9802322387695312e-08,0,0,False
0.0675,-0.12,0.3,True,False,False,False,False,False,False,0,0,0,0,,0.0,2.9802322387695312e-08,0,0,False
0.0675,-0.09999999999999998,0.3,True,False,False,False,False,False,False,0,0,0,0,,0.0,2.980237923100575e-08,0,0,False
0.0675,-0.07999999999999996,0.3,True,False,False,False,False,False,False,0,0,0,0,,0.0,2.9802322387695312e-08,0,0,False
0.0675,-0.06,0.3,True,False,False,False,False,False,False,0,0,0,0,,0.0,2.9802322387695312e-08,0,0,False
0.0675,-0.03999999999999998,0.3,True,False,False,False,False,False,False,0,0,0,0,,0.0,2.9802322387695312e-08,0,0,False
0.0675,-0.019999999999999962,0.3,True,False,False,False,False,False,False,0,0,0,0,,0.0,2.9802322387695312e-08,0,0,False
0.0675,0.0,0.3,True,False,False,False,False,False,False,0,0,0,0,,0.0,2.9802322387695312e-08,0,0,False
0.0675,0.020000000000000018,0.3,True,False,False,False,False,False,False,0,0,0,0,,0.0,2.9802322387695312e-08,0,0,False
0.0675,0.040000000000000036,0.3,True,False,False,False,False,False,False,0,0,0,0,,0.0,2.9802322387695312e-08,0,0,False
0.0675,0.06,0.3,True,False,False,False,False,False,False,0,0,0,0,,0.0,2.9802322387695312e-08,0,0,False
0.0675,0.08000000000000002,0.3,True,False,False,False,False,False,False,0,0,0,0,,0.0,2.9802322387695312e-08,0,0,False
0.0675,0.10000000000000003,0.3,True,False,False,False,False,False,False,0,0,0,0,,0.0,2.9802322387695312e-08,0,0,False
0.0675,0.12000000000000005,0.3,True,False,False,False,False,False,False,0,0,0,0,,0.0,2.9802322387695312e-08,0,0,False
0.0675,0.14000000000000007,0.3,True,False,False,False,False,False,False,0,0,0,0,,0.0,2.9802322387695312e-08,0,0,False
0.0675,0.15999999999999998,0.3,True,False,False,False,False,False,False,0,0,0,0,,0.0,2.9802322387695312e-08,0,0,False
0.0675,0.18,0.3,True,False,False,False,False,False,False,0,0,0,0,,0.0,2.9802322387695312e-08,0,0,False
0.0675,0.2,0.3,True,False,False,False,False,False,False,0,0,0,0,,0.0,2.9802322387695312e-08,0,0,False
0.0675,0.22000000000000003,0.3,True,False,False,False,False,False,False,0,0,0,0,,0.0,2.9802322387695312e-08,0,0,False
0.0675,0.24000000000000005,0.3,True,False,False,False,False,False,False,0,0,0,0,,0.0,2.9802322387695312e-08,0,0,False
0.0675,0.26000000000000006,0.3,True,False,False,False,False,False,False,0,0,0,0,,0.0,2.9802322387695312e-08,0,0,False
0.0675,0.2800000000000001,0.3,True,False,False,False,False,False,False,0,0,0,0,,0.0,2.9802322387695312e-08,0,0,False
0.0675,0.3,0.3,True,False,False,False,False,False,False,0,0,0,0,,0.0,2.9802322387695312e-08,0,0,False
0.0675,0.32,0.3,True,False,False,False,False,False,False,0,0,0,0,,0.0,2.9802322387695312e-08,0,0,False
0.0675,0.34,0.3,True,False,False,False,False,False,False,0,0,0,0,,0.0,2.9802322387695312e-08,0,0,False
0.0675,0.36000000000000004,0.3,True,False,False,False,False,False,False,0,0,0,0,,0.0,2.9802322387695312e-08,0,0,False
0.0675,0.38000000000000006,0.3,True,False,False,False,False,False,False,0,0,0,0,,0.0,2.9802322387695312e-08,0,0,False
0.0675,0.4000000000000001,0.3,True,False,False,False,False,False,False,0,0,0,0,,0.0,2.9802322387695312e-08,0,0,False
0.0675,0.42,0.3,True,False,False,False,False,False,False,0,0,0,0,,0.0,2.9802322387695312e-08,0,0,False
0.0675,-0.42,0.32,True,False,False,False,False,False,False,0,0,0,0,,0.0,2.9802322387695312e-08,0,0,False
0.0675,-0.39999999999999997,0.32,True,False,False,False,False,False,False,0,0,0,0,,0.0,2.9802322387695312e-08,0,0,False
0.0675,-0.38,0.32,True,False,False,False,False,False,False,0,0,0,0,,0.0,2.9802322387695312e-08,0,0,False
0.0675,-0.36,0.32,True,False,False,False,False,False,False,0,0,0,0,,0.0,2.9802322387695312e-08,0,0,False
0.0675,-0.33999999999999997,0.32,True,False,False,False,False,False,False,0,0,0,0,,0.0,2.9802322387695312e-08,0,0,False
0.0675,-0.31999999999999995,0.32,True,False,False,False,False,False,False,0,0,0,0,,0.0,2.9802322387695312e-08,0,0,False
0.0675,-0.3,0.32,True,False,False,False,False,False,False,0,0,0,0,,0.0,2.9802322387695312e-08,0,0,False
0.0675,-0.27999999999999997,0.32,True,False,False,False,False,False,False,0,0,0,0,,0.0,2.9802322387695312e-08,0,0,False
0.0675,-0.26,0.32,True,False,False,False,False,False,False,0,0,0,0,,0.0,2.9802322387695312e-08,0,0,False
0.0675,-0.24,0.32,True,False,False,False,False,False,False,0,0,0,0,,0.0,2.9802322387695312e-08,0,0,False
0.0675,-0.21999999999999997,0.32,True,False,False,False,False,False,False,0,0,0,0,,0.0,2.9802322387695312e-08,0,0,False
0.0675,-0.19999999999999998,0.32,True,False,False,False,False,False,False,0,0,0,0,,0.0,2.9802322387695312e-08,0,0,False
0.0675,-0.18,0.32,True,False,False,False,False,False,False,0,0,0,0,,0.0,2.9802322387695312e-08,0,0,False
0.0675,-0.15999999999999998,0.32,True,False,False,False,False,False,False,0,0,0,0,,0.0,2.9802322387695312e-08,0,0,False
0.0675,-0.13999999999999996,0.32,True,False,False,False,False,False,False,0,0,0,0,,0.0,2.9802322387695312e-08,0,0,False
0.0675,-0.12,0.32,True,False,False,False,False,False,False,0,0,0,0,,0.0,2.9802322387695312e-08,0,0,False
0.0675,-0.09999999999999998,0.32,True,False,False,False,False,False,False,0,0,0,0,,0.0,2.980237923100575e-08,0,0,False
0.0675,-0.07999999999999996,0.32,True,False,False,False,False,False,False,0,0,0,0,,0.0,2.9802322387695312e-08,0,0,False
0.0675,-0.06,0.32,True,False,False,False,False,False,False,0,0,0,0,,0.0,2.9802322387695312e-08,0,0,False
0.0675,-0.03999999999999998,0.32,True,False,False,False,False,False,False,0,0,0,0,,0.0,2.9802322387695312e-08,0,0,False
0.0675,-0.019999999999999962,0.32,True,False,False,False,False,False,False,0,0,0,0,,0.0,2.9802322387695312e-08,0,0,False
0.0675,0.0,0.32,True,False,False,False,False,False,False,0,0,0,0,,0.0,2.9802322387695312e-08,0,0,False
0.0675,0.020000000000000018,0.32,True,False,False,False,False,False,False,0,0,0,0,,0.0,2.9802322387695312e-08,0,0,False
0.0675,0.040000000000000036,0.32,True,False,False,False,False,False,False,0,0,0,0,,0.0,2.9802322387695312e-08,0,0,False
0.0675,0.06,0.32,True,False,False,False,False,False,False,0,0,0,0,,0.0,2.9802322387695312e-08,0,0,False
0.0675,0.08000000000000002,0.32,True,False,False,False,False,False,False,0,0,0,0,,0.0,2.9802322387695312e-08,0,0,False
0.0675,0.10000000000000003,0.32,True,False,False,False,False,False,False,0,0,0,0,,0.0,2.9802322387695312e-08,0,0,False
0.0675,0.12000000000000005,0.32,True,False,False,False,False,False,False,0,0,0,0,,0.0,2.9802322387695312e-08,0,0,False
0.0675,0.14000000000000007,0.32,True,False,False,False,False,False,False,0,0,0,0,,0.0,2.9802322387695312e-08,0,0,False
0.0675,0.15999999999999998,0.32,True,False,False,False,False,False,False,0,0,0,0,,0.0,2.9802322387695312e-08,0,0,False
0.0675,0.18,0.32,True,False,False,False,False,False,False,0,0,0,0,,0.0,2.9802322387695312e-08,0,0,False
0.0675,0.2,0.32,True,False,False,False,False,False,False,0,0,0,0,,0.0,2.9802322387695312e-08,0,0,False
0.0675,0.22000000000000003,0.32,True,False,False,False,False,False,False,0,0,0,0,,0.0,2.9802322387695312e-08,0,0,False
0.0675,0.24000000000000005,0.32,True,False,False,False,False,False,False,0,0,0,0,,0.0,2.9802322387695312e-08,0,0,False
0.0675,0.26000000000000006,0.32,True,False,False,False,False,False,False,0,0,0,0,,0.0,2.9802322387695312e-08,0,0,False
0.0675,0.2800000000000001,0.32,True,False,False,False,False,False,False,0,0,0,0,,0.0,2.9802322387695312e-08,0,0,False
0.0675,0.3,0.32,True,False,False,False,False,False,False,0,0,0,0,,0.0,2.9802322387695312e-08,0,0,False
0.0675,0.32,0.32,True,False,False,False,False,False,False,0,0,0,0,,0.0,2.9802322387695312e-08,0,0,False
0.0675,0.34,0.32,True,False,False,False,False,False,False,0,0,0,0,,0.0,2.9802322387695312e-08,0,0,False
0.0675,0.36000000000000004,0.32,True,False,False,False,False,False,False,0,0,0,0,,0.0,2.9802322387695312e-08,0,0,False
0.0675,0.38000000000000006,0.32,True,False,False,False,False,False,False,0,0,0,0,,0.0,2.9802322387695312e-08,0,0,False
0.0675,0.4000000000000001,0.32,True,False,False,False,False,False,False,0,0,0,0,,0.0,2.9802322387695312e-08,0,0,False
0.0675,0.42,0.32,True,False,False,False,False,False,False,0,0,0,0,,0.0,2.9802322387695312e-08,0,0,False
0.0675,-0.42,0.34,True,False,False,False,False,False,False,0,0,0,0,,0.0,2.9802322387695312e-08,0,0,False
0.0675,-0.39999999999999997,0.34,True,False,False,False,False,False,False,0,0,0,0,,0.0,2.9802322387695312e-08,0,0,False
0.0675,-0.38,0.34,True,False,False,False,False,False,False,0,0,0,0,,0.0,2.9802322387695312e-08,0,0,False
0.0675,-0.36,0.34,True,False,False,False,False,False,False,0,0,0,0,,0.0,2.9802322387695312e-08,0,0,False
0.0675,-0.33999999999999997,0.34,True,False,False,False,False,False,False,0,0,0,0,,0.0,2.9802322387695312e-08,0,0,False
0.0675,-0.31999999999999995,0.34,True,False,False,False,False,False,False,0,0,0,0,,0.0,2.9802322387695312e-08,0,0,False
0.0675,-0.3,0.34,True,False,False,False,False,False,False,0,0,0,0,,0.0,2.9802322387695312e-08,0,0,False
0.0675,-0.27999999999999997,0.34,True,False,False,False,False,False,False,0,0,0,0,,0.0,2.9802322387695312e-08,0,0,False
0.0675,-0.26,0.34,True,False,False,False,False,False,False,0,0,0,0,,0.0,2.9802322387695312e-08,0,0,False
0.0675,-0.24,0.34,True,False,False,False,False,False,False,0,0,0,0,,0.0,2.9802322387695312e-08,0,0,False
0.0675,-0.21999999999999997,0.34,True,False,False,False,False,False,False,0,0,0,0,,0.0,2.9802322387695312e-08,0,0,False
0.0675,-0.19999999999999998,0.34,True,False,False,False,False,False,False,0,0,0,0,,0.0,2.9802322387695312e-08,0,0,False
0.0675,-0.18,0.34,True,False,False,False,False,False,False,0,0,0,0,,0.0,2.9802322387695312e-08,0,0,False
0.0675,-0.15999999999999998,0.34,True,False,False,False,False,False,False,0,0,0,0,,0.0,2.9802322387695312e-08,0,0,False
0.0675,-0.13999999999999996,0.34,True,False,False,False,False,False,False,0,0,0,0,,0.0,2.9802322387695312e-08,0,0,False
0.0675,-0.12,0.34,True,False,False,False,False,False,False,0,0,0,0,,0.0,2.9802322387695312e-08,0,0,False
0.0675,-0.09999999999999998,0.34,True,False,False,False,False,False,False,0,0,0,0,,0.0,2.980237923100575e-08,0,0,False
0.0675,-0.07999999999999996,0.34,True,False,False,False,False,False,False,0,0,0,0,,0.0,2.9802322387695312e-08,0,0,False
0.0675,-0.06,0.34,True,False,False,False,False,False,False,0,0,0,0,,0.0,2.9802322387695312e-08,0,0,False
0.0675,-0.03999999999999998,0.34,True,False,False,False,False,False,False,0,0,0,0,,0.0,2.9802322387695312e-08,0,0,False
0.0675,-0.019999999999999962,0.34,True,False,False,False,False,False,False,0,0,0,0,,0.0,2.9802322387695312e-08,0,0,False
0.0675,0.0,0.34,True,False,False,False,False,False,False,0,0,0,0,,0.0,2.9802322387695312e-08,0,0,False
0.0675,0.020000000000000018,0.34,True,False,False,False,False,False,False,0,0,0,0,,0.0,2.9802322387695312e-08,0,0,False
0.0675,0.040000000000000036,0.34,True,False,False,False,False,False,False,0,0,0,0,,0.0,2.9802322387695312e-08,0,0,False
0.0675,0.06,0.34,True,False,False,False,False,False,False,0,0,0,0,,0.0,2.9802322387695312e-08,0,0,False
0.0675,0.08000000000000002,0.34,True,False,False,False,False,False,False,0,0,0,0,,0.0,2.9802322387695312e-08,0,0,False
0.0675,0.10000000000000003,0.34,True,False,False,False,False,False,False,0,0,0,0,,0.0,2.9802322387695312e-08,0,0,False
0.0675,0.12000000000000005,0.34,True,False,False,False,False,False,False,0,0,0,0,,0.0,2.9802322387695312e-08,0,0,False
0.0675,0.14000000000000007,0.34,True,False,False,False,False,False,False,0,0,0,0,,0.0,2.9802322387695312e-08,0,0,False
0.0675,0.15999999999999998,0.34,True,False,False,False,False,False,False,0,0,0,0,,0.0,2.9802322387695312e-08,0,0,False
0.0675,0.18,0.34,True,False,False,False,False,False,False,0,0,0,0,,0.0,2.9802322387695312e-08,0,0,False
0.0675,0.2,0.34,True,False,False,False,False,False,False,0,0,0,0,,0.0,2.9802322387695312e-08,0,0,False
0.0675,0.22000000000000003,0.34,True,False,False,False,False,False,False,0,0,0,0,,0.0,2.9802322387695312e-08,0,0,False
0.0675,0.24000000000000005,0.34,True,False,False,False,False,False,False,0,0,0,0,,0.0,2.9802322387695312e-08,0,0,False
0.0675,0.26000000000000006,0.34,True,False,False,False,False,False,False,0,0,0,0,,0.0,2.9802322387695312e-08,0,0,False
0.0675,0.2800000000000001,0.34,True,False,False,False,False,False,False,0,0,0,0,,0.0,2.9802322387695312e-08,0,0,False
0.0675,0.3,0.34,True,False,False,False,False,False,False,0,0,0,0,,0.0,2.9802322387695312e-08,0,0,False
0.0675,0.32,0.34,True,False,False,False,False,False,False,0,0,0,0,,0.0,2.9802322387695312e-08,0,0,False
0.0675,0.34,0.34,True,False,False,False,False,False,False,0,0,0,0,,0.0,2.9802322387695312e-08,0,0,False
0.0675,0.36000000000000004,0.34,True,False,False,False,False,False,False,0,0,0,0,,0.0,2.9802322387695312e-08,0,0,False
0.0675,0.38000000000000006,0.34,True,False,False,False,False,False,False,0,0,0,0,,0.0,2.9802322387695312e-08,0,0,False
0.0675,0.4000000000000001,0.34,True,False,False,False,False,False,False,0,0,0,0,,0.0,2.9802322387695312e-08,0,0,False
0.0675,0.42,0.34,True,False,False,False,False,False,False,0,0,0,0,,0.0,2.9802322387695312e-08,0,0,False
0.135,-0.42,-0.34,True,False,False,False,False,False,False,0,0,0,0,,0.0,1.4901161193847656e-08,0,0,False
0.135,-0.39999999999999997,-0.34,True,False,False,False,False,False,False,0,0,0,0,,0.0,1.4901161193847656e-08,0,0,False
0.135,-0.38,-0.34,True,False,False,False,False,False,False,0,0,0,0,,0.0,1.4901161193847656e-08,0,0,False
0.135,-0.36,-0.34,True,False,False,False,False,False,False,0,0,0,0,,0.0,1.4901161193847656e-08,0,0,False
0.135,-0.33999999999999997,-0.34,True,False,False,False,False,False,False,0,0,0,0,,0.0,1.4901161193847656e-08,0,0,False
0.135,-0.31999999999999995,-0.34,True,False,False,False,False,False,False,1,4,0,0,0.01800961047410965,0.0,1.4901161193847656e-08,1,0,False
0.135,-0.3,-0.34,True,False,False,False,False,False,False,2,8,0,0,0.017891593277454376,0.0,1.4901161193847656e-08,2,0,False
0.135,-0.27999999999999997,-0.34,True,False,False,False,False,False,False,2,8,0,0,0.017724253237247467,0.0,1.4901161193847656e-08,2,0,False
0.135,-0.26,-0.34,True,False,False,False,False,False,False,2,8,0,0,0.017556607723236084,0.0,1.4901161193847656e-08,2,0,False
0.135,-0.24,-0.34,True,False,False,False,False,False,False,2,7,0,0,0.017499499022960663,0.0,1.4901161193847656e-08,2,0,False
0.135,-0.21999999999999997,-0.34,True,False,False,False,False,False,False,3,8,0,0,0.017605207860469818,0.0,1.4901161193847656e-08,3,0,False
0.135,-0.19999999999999998,-0.34,True,False,False,False,False,False,False,5,16,0,0,0.0052544474601745605,0.0,1.4901161193847656e-08,5,0,False
0.135,-0.18,-0.34,True,False,False,False,False,False,False,9,20,0,0,0.004082083702087402,0.0,1.4901161193847656e-08,9,0,False
0.135,-0.15999999999999998,-0.34,True,False,False,False,False,False,False,8,22,0,0,0.0039634183049201965,0.0,1.4901161193847656e-08,8,0,False
0.135,-0.13999999999999996,-0.34,True,False,False,False,False,False,False,8,16,0,0,0.012460235506296158,0.0,1.4901161193847656e-08,8,0,False
0.135,-0.12,-0.34,True,False,False,False,False,False,False,10,33,0,0,0.0038810670375823975,0.0,1.4901161193847656e-08,10,0,False
0.135,-0.09999999999999998,-0.34,True,False,False,False,False,False,False,8,23,0,0,0.0036945343017578125,0.0,1.490127488014328e-08,8,0,False
0.135,-0.07999999999999996,-0.34,True,False,False,False,False,False,False,9,27,0,0,0.003688827157020569,0.0,1.4901161193847656e-08,9,0,False
0.135,-0.06,-0.34,True,False,False,False,False,False,False,13,38,0,0,0.0037432610988616943,0.0,1.4901161193847656e-08,13,0,False
0.135,-0.03999999999999998,-0.34,True,False,False,False,False,False,False,17,35,0,0,0.0037886127829551697,0.0,1.4901161193847656e-08,17,0,False
0.135,-0.019999999999999962,-0.34,True,False,False,False,False,False,False,14,36,0,0,0.0039097219705581665,0.0,1.4901161193847656e-08,14,0,False
0.135,0.0,-0.34,True,False,False,False,False,False,False,12,30,0,0,0.003840342164039612,0.0,1.4901161193847656e-08,12,0,False
0.135,0.020000000000000018,-0.34,True,False,False,False,False,False,False,14,46,0,0,0.0038982704281806946,0.0,1.4901161193847656e-08,14,0,False
0.135,0.040000000000000036,-0.34,True,False,False,False,False,False,False,11,29,0,0,0.0038339123129844666,0.0,1.4901161193847656e-08,11,0,False
0.135,0.06,-0.34,True,False,False,False,False,False,False,7,19,0,0,0.0036904439330101013,0.0,1.4901161193847656e-08,7,0,False
0.135,0.08000000000000002,-0.34,True,False,False,False,False,False,False,12,29,0,0,0.010550267994403839,0.0,1.4901161193847656e-08,12,0,False
0.135,0.10000000000000003,-0.34,True,False,False,False,False,False,False,15,37,0,0,0.003771461546421051,0.0,1.4901161193847656e-08,15,0,False
0.135,0.12000000000000005,-0.34,True,False,False,False,False,False,False,10,26,0,0,0.0038713961839675903,0.0,1.4901161193847656e-08,10,0,False
0.135,0.14000000000000007,-0.34,True,False,False,False,False,False,False,11,27,0,0,0.0038847997784614563,0.0,1.4901161193847656e-08,11,0,False
0.135,0.15999999999999998,-0.34,True,False,False,False,False,False,False,15,37,0,0,0.0037744182627648115,0.0,1.4901161193847656e-08,15,0,False
0.135,0.18,-0.34,True,False,False,False,False,False,False,10,25,0,0,0.003850974142551422,0.0,1.4901161193847656e-08,10,0,False
0.135,0.2,-0.34,True,False,False,False,False,False,False,5,12,0,0,0.003691956400871277,0.0,1.4901161193847656e-08,5,0,False
0.135,0.22000000000000003,-0.34,True,False,False,False,False,False,False,8,18,0,0,0.0037443935871124268,0.0,1.4901161193847656e-08,8,0,False
0.135,0.24000000000000005,-0.34,True,False,False,False,False,False,False,8,21,0,0,0.0037541836500167847,0.0,1.4901161193847656e-08,8,0,False
0.135,0.26000000000000006,-0.34,True,False,False,False,False,False,False,4,11,0,0,0.0038329437375068665,0.0,1.4901161193847656e-08,4,0,False
0.135,0.2800000000000001,-0.34,True,False,False,False,False,False,False,6,17,0,0,0.003977857530117035,0.0,1.4901161193847656e-08,6,0,False
0.135,0.3,-0.34,True,False,False,False,False,False,False,8,16,0,0,0.006162509322166443,0.0,1.4901161193847656e-08,8,0,False
0.135,0.32,-0.34,True,False,False,False,False,False,False,3,11,0,0,0.01014740765094757,0.0,1.4901161193847656e-08,3,0,False
0.135,0.34,-0.34,True,False,False,False,False,False,False,0,0,0,0,,0.0,1.4901161193847656e-08,0,0,False
0.135,0.36000000000000004,-0.34,True,False,False,False,False,False,False,0,0,0,0,,0.0,1.4901161193847656e-08,0,0,False
0.135,0.38000000000000006,-0.34,True,False,False,False,False,False,False,0,0,0,0,,0.0,1.4901161193847656e-08,0,0,False
0.135,0.4000000000000001,-0.34,True,False,False,False,False,False,False,0,0,0,0,,0.0,1.4901161193847656e-08,0,0,False
0.135,0.42,-0.34,True,False,False,False,False,False,False,0,0,0,0,,0.0,1.4901161193847656e-08,0,0,False
0.135,-0.42,-0.32,True,False,False,False,False,False,False,0,0,0,0,,0.0,1.4901161193847656e-08,0,0,False
0.135,-0.39999999999999997,-0.32,True,False,False,False,False,False,False,0,0,0,0,,0.0,1.4901161193847656e-08,0,0,False
0.135,-0.38,-0.32,True,False,False,False,False,False,False,0,0,0,0,,0.0,1.4901161193847656e-08,0,0,False
0.135,-0.36,-0.32,True,False,False,False,False,False,False,0,0,0,0,,0.0,1.4901161193847656e-08,0,0,False
0.135,-0.33999999999999997,-0.32,True,False,False,False,False,False,False,0,0,0,0,,0.0,1.4901161193847656e-08,0,0,False
0.135,-0.31999999999999995,-0.32,True,False,True,True,False,True,False,9,23,4,0,-0.0019384324550628662,0.09296129312416523,0.00028352983262899193,9,4,True
0.135,-0.3,-0.32,True,False,True,True,False,True,False,20,53,8,0,-0.0014267787337303162,0.0,0.0003072364131360824,15,8,True
0.135,-0.27999999999999997,-0.32,True,False,True,True,False,True,False,23,62,8,0,-0.0010061413049697876,0.05066423774702969,0.00018864569515185072,21,8,True
0.135,-0.26,-0.32,True,False,True,True,False,True,False,21,57,8,0,-0.000744946300983429,0.0,0.00015428580555064663,20,8,True
0.135,-0.24,-0.32,True,False,True,True,False,True,False,25,66,7,0,-0.0004500150680541992,0.0,9.91097122878252e-05,24,7,True
0.135,-0.21999999999999997,-0.32,True,False,True,True,False,True,False,31,71,7,0,-0.00011225789785385132,0.0,2.4809096498312337e-05,30,7,True
0.135,-0.19999999999999998,-0.32,True,False,True,True,True,True,False,32,85,15,4,-0.008663177490234375,0.5950553417205853,0.009077396677927025,31,15,True
0.135,-0.18,-0.32,True,False,True,True,True,True,False,39,99,8,4,-0.0074534062296152115,2.5974032984285875,0.006290563640941858,38,8,True
0.135,-0.15999999999999998,-0.32,True,False,True,True,True,True,False,39,99,8,4,-0.008085314184427261,1.4255003050309003,0.005731494744368109,42,8,True
0.135,-0.13999999999999996,-0.32,True,False,True,True,True,True,False,46,116,1,1,-0.00898477341979742,3.0844973278543577,0.0066802583253579625,48,9,True
0.135,-0.12,-0.32,True,False,True,True,True,True,False,47,138,8,7,-0.009036711417138577,13.105780670058135,0.00766458472942327,48,17,True
0.135,-0.09999999999999998,-0.32,True,False,True,True,True,True,False,54,154,5,4,-0.009036711417138577,1.6599354743957981,0.007485541989844453,46,11,True
0.135,-0.07999999999999996,-0.32,True,False,True,True,False,True,False,47,127,2,0,0.0009123161435127258,0.0,1.4901161193847656e-08,36,7,True
0.135,-0.06,-0.32,True,False,True,True,True,True,False,53,148,19,9,-0.009036711417138577,17.152129075366272,0.008382582283867318,42,15,True
0.135,-0.03999999999999998,-0.32,True,False,True,True,True,True,False,57,153,6,5,-0.00899365171790123,0.0,0.00799524775487471,46,5,True
0.135,-0.019999999999999962,-0.32,True,False,True,True,True,True,False,59,165,9,5,-0.008923687972128391,1.5741918087005784,0.0073400682407039715,50,10,True
0.135,0.0,-0.32,True,False,True,True,True,True,False,71,173,15,8,-0.008241493254899979,1595.3976108754553,0.005987564282385326,65,17,True
0.135,0.020000000000000018,-0.32,True,False,True,True,True,True,False,64,165,16,8,-0.009036793373525143,1516.8458251953286,0.008795681108617002,58,20,True
0.135,0.040000000000000036,-0.32,True,False,True,True,True,True,False,62,172,11,5,-0.008328838273882866,0.0,0.01276961121842411,56,17,True
0.135,0.06,-0.32,True,False,True,True,True,True,False,48,140,4,4,-0.009036778472363949,1.260435938835162,0.00720227226413917,56,17,True
0.135,0.08000000000000002,-0.32,True,False,True,True,True,True,False,47,136,9,5,-0.009036778472363949,0.1552252173423789,0.007377819972757271,57,28,True
0.135,0.10000000000000003,-0.32,True,False,True,True,True,True,False,49,137,5,5,-0.00857505202293396,12.92533089584086,0.002911750290771667,54,15,True
0.135,0.12000000000000005,-0.32,True,False,True,True,True,True,False,42,119,12,8,-0.007289551198482513,1517.245660744567,0.0025992331724049135,49,17,True
0.135,0.14000000000000007,-0.32,True,False,True,True,True,True,False,42,112,5,5,-0.008936912752687931,11.953680570722446,0.007918669463237,45,18,True
0.135,0.15999999999999998,-0.32,True,False,True,True,True,True,False,40,99,5,5,-0.009015215560793877,11.656297247627673,0.008184490270117032,48,17,True
0.135,0.18,-0.32,True,False,True,True,True,True,False,40,103,4,4,-0.008549690246582031,18.11192866360048,0.004281170662606676,47,19,True
0.135,0.2,-0.32,True,False,True,True,True,True,False,30,85,4,4,-0.009036674164235592,1.20412409305577,0.007155289503058507,35,10,True
0.135,0.22000000000000003,-0.32,True,False,True,False,False,False,False,22,64,0,0,0.0020378408953547478,0.0,1.4901161193847656e-08,27,17,True
0.135,0.24000000000000005,-0.32,True,False,True,True,True,True,False,20,61,3,1,-0.009028207510709763,5.774607070039244,0.007508772887355576,21,11,True
0.135,0.26000000000000006,-0.32,True,False,True,True,True,True,False,16,43,3,3,-0.00758439302444458,17.21429751744206,0.0023169387030456245,19,11,True
0.135,0.2800000000000001,-0.32,True,False,True,True,True,True,False,17,51,4,4,-0.007780343294143677,13.462973673703052,0.001864466089240488,21,15,True
0.135,0.3,-0.32,True,False,True,True,True,True,False,13,39,4,4,-0.007818609476089478,8.52468970275799,0.00137938613239017,20,11,True
0.135,0.32,-0.32,True,False,True,False,False,False,False,9,18,0,0,0.0025991350412368774,0.0,1.4901161193847656e-08,14,4,True
0.135,0.34,-0.32,True,False,False,False,False,False,False,1,3,0,0,0.012996122241020203,0.0,1.4901161193847656e-08,1,0,False
0.135,0.36000000000000004,-0.32,True,False,False,False,False,False,False,0,0,0,0,,0.0,1.4901161193847656e-08,0,0,False
0.135,0.38000000000000006,-0.32,True,False,False,False,False,False,False,0,0,0,0,,0.0,1.4901161193847656e-08,0,0,False
0.135,0.4000000000000001,-0.32,True,False,False,False,False,False,False,0,0,0,0,,0.0,1.4901161193847656e-08,0,0,False
0.135,0.42,-0.32,True,False,False,False,False,False,False,0,0,0,0,,0.0,1.4901161193847656e-08,0,0,False
0.135,-0.42,-0.30000000000000004,True,False,False,False,False,False,False,0,0,0,0,,0.0,1.4901161193847656e-08,0,0,False
0.135,-0.39999999999999997,-0.30000000000000004,True,False,False,False,False,False,False,0,0,0,0,,0.0,1.4901161193847656e-08,0,0,False
0.135,-0.38,-0.30000000000000004,True,False,False,False,False,False,False,0,0,0,0,,0.0,1.4901161193847656e-08,0,0,False
0.135,-0.36,-0.30000000000000004,True,False,False,False,False,False,False,0,0,0,0,,0.0,1.4901161193847656e-08,0,0,False
0.135,-0.33999999999999997,-0.30000000000000004,True,False,False,False,False,False,False,6,16,0,0,0.0065845102071762085,0.0,1.4901161193847656e-08,2,0,False
0.135,-0.31999999999999995,-0.30000000000000004,True,False,True,True,True,True,False,24,77,19,4,-0.013415426015853882,2.15668916702272,0.008470602471281535,10,4,True
0.135,-0.3,-0.30000000000000004,True,False,True,True,True,True,False,34,123,42,40,-0.01654999703168869,2973.9711914063328,0.03461206754413366,15,8,True
0.135,-0.27999999999999997,-0.30000000000000004,True,False,True,True,True,True,False,36,125,50,32,-0.010897196829319,2029.9667968750564,0.009653173249620874,21,8,True
0.135,-0.26,-0.30000000000000004,True,False,True,True,True,True,False,38,122,44,25,-0.00925474613904953,3173.7695289089042,0.028586494828827,20,8,True
0.135,-0.24,-0.30000000000000004,True,False,True,True,True,True,False,41,140,56,38,-0.014481974765658379,3660.857064184037,0.0089967006310435,24,7,True
0.135,-0.21999999999999997,-0.30000000000000004,True,False,True,True,True,True,False,48,162,64,43,-0.0178239569067955,3970.1086425782073,0.025717144233092258,30,7,True
0.135,-0.19999999999999998,-0.30000000000000004,True,False,True,True,True,True,False,53,171,65,57,-0.01732013374567032,4726.610839843847,0.010351898671407843,32,15,True
0.135,-0.18,-0.30000000000000004,True,False,True,True,True,True,False,72,225,68,49,-0.018304340541362762,4230.894346445464,0.018756443228830362,50,15,True
0.135,-0.15999999999999998,-0.30000000000000004,True,False,True,True,True,True,False,67,235,103,83,-0.017330847680568695,4607.177246093878,0.04535702832658246,52,36,True
0.135,-0.13999999999999996,-0.30000000000000004,True,False,True,True,True,True,False,75,245,93,62,-0.017799682915210724,3587.970214843824,0.030160994710447288,58,29,True
0.135,-0.12,-0.30000000000000004,True,False,True,True,True,True,False,86,275,104,68,-0.016550615429878235,3590.3183593750746,0.018137715958737966,49,16,True
0.135,-0.09999999999999998,-0.30000000000000004,True,False,True,True,True,True,False,86,277,106,82,-0.01857428252696991,4636.3496093750655,0.019241140033236726,35,11,True
0.135,-0.07999999999999996,-0.30000000000000004,True,False,True,True,True,True,False,89,301,122,91,-0.022268131375312805,5278.1040039063255,0.03298414982156951,37,9,True
0.135,-0.06,-0.30000000000000004,True,False,True,True,True,True,False,78,255,113,95,-0.02645767480134964,5317.7348632813255,0.042629523753088906,45,17,True
0.135,-0.03999999999999998,-0.30000000000000004,True,False,True,True,True,True,False,92,305,90,74,-0.031199663877487183,5224.361816406325,0.010149722488181885,57,14,True
0.135,-0.019999999999999962,-0.30000000000000004,True,False,True,True,True,True,False,86,294,130,101,-0.029610097408294678,5774.789550781332,0.011130342807343247,66,46,True
0.135,0.0,-0.30000000000000004,True,False,True,True,True,True,False,87,276,96,70,-0.027934134006500244,5445.271484375077,0.0059138210408346695,78,53,True
0.135,0.020000000000000018,-0.30000000000000004,True,False,True,True,True,True,False,82,282,87,67,-0.031791478395462036,4623.8125000000655,0.004417709272349722,75,63,True
0.135,0.040000000000000036,-0.30000000000000004,True,False,True,True,True,True,False,90,295,111,81,-0.03357001394033432,3561.575927734426,0.02745177612761202,76,52,True
0.135,0.06,-0.30000000000000004,True,False,True,True,True,True,False,75,270,135,105,-0.03215848281979561,6486.651855468819,0.018300820153335298,77,93,True
0.135,0.08000000000000002,-0.30000000000000004,True,False,True,True,True,True,False,66,201,39,39,-0.0171474888920784,3473.597412109424,0.010552169925377388,78,91,True
0.135,0.10000000000000003,-0.30000000000000004,True,False,True,True,True,True,False,33,104,25,25,-0.0171474888920784,887.9367065429782,0.00757018982111087,72,64,True
0.135,0.12000000000000005,-0.30000000000000004,True,False,True,True,True,True,False,26,84,32,28,-0.0171474888920784,1103.9829101562616,0.007046843457389199,58,58,True
0.135,0.14000000000000007,-0.30000000000000004,True,False,True,True,True,True,False,26,81,28,24,-0.0171474888920784,1084.7661132812616,0.006965272282361407,53,53,True
0.135,0.15999999999999998,-0.30000000000000004,True,False,True,True,True,True,False,28,83,28,25,-0.017147496342658997,1273.7257080078261,0.006181426484666223,59,56,True
0.135,0.18,-0.30000000000000004,True,False,True,True,True,True,False,30,89,8,8,-0.009059086441993713,10.857847166595702,0.0068377985225166705,66,77,True
0.135,0.2,-0.30000000000000004,True,False,True,True,True,True,False,18,48,4,4,-0.004713013768196106,9.134706454107132,0.001813053323075949,49,64,True
0.135,0.22000000000000003,-0.30000000000000004,True,False,True,False,False,False,False,13,37,0,0,0.005478735081851482,0.0,1.4901161193847656e-08,34,27,True
0.135,0.24000000000000005,-0.30000000000000004,True,False,True,False,False,False,False,13,41,0,0,0.002854570746421814,0.0,1.4901161193847656e-08,23,13,True
0.135,0.26000000000000006,-0.30000000000000004,True,False,True,True,True,True,False,12,32,3,3,-0.0055379197001457214,6.719395329158234,0.0013174121007162413,20,11,True
0.135,0.2800000000000001,-0.30000000000000004,True,False,True,True,True,True,False,12,36,4,4,-0.0044705867767333984,3.0604286780599774,0.0008018020976088922,19,11,True
0.135,0.3,-0.30000000000000004,True,False,True,True,True,True,False,12,36,4,2,-0.003392033278942108,1.5445050735884651,0.00048482211506392783,19,11,True
0.135,0.32,-0.30000000000000004,True,False,True,False,False,False,False,7,15,0,0,0.005396604537963867,0.0,1.4901161193847656e-08,14,4,True
0.135,0.34,-0.30000000000000004,True,False,False,False,False,False,False,1,2,0,0,0.0179622620344162,0.0,1.4901161193847656e-08,1,0,False
0.135,0.36000000000000004,-0.30000000000000004,True,False,False,False,False,False,False,0,0,0,0,,0.0,1.4901161193847656e-08,0,0,False
0.135,0.38000000000000006,-0.30000000000000004,True,False,False,False,False,False,False,0,0,0,0,,0.0,1.4901161193847656e-08,0,0,False
0.135,0.4000000000000001,-0.30000000000000004,True,False,False,False,False,False,False,0,0,0,0,,0.0,1.4901161193847656e-08,0,0,False
0.135,0.42,-0.30000000000000004,True,False,False,False,False,False,False,0,0,0,0,,0.0,1.4901161193847656e-08,0,0,False
0.135,-0.42,-0.28,True,False,False,False,False,False,False,0,0,0,0,,0.0,1.4901161193847656e-08,0,0,False
0.135,-0.39999999999999997,-0.28,True,False,False,False,False,False,False,0,0,0,0,,0.0,1.4901161193847656e-08,0,0,False
0.135,-0.38,-0.28,True,False,False,False,False,False,False,0,0,0,0,,0.0,1.4901161193847656e-08,0,0,False
0.135,-0.36,-0.28,True,False,False,False,False,False,False,0,0,0,0,,0.0,1.4901161193847656e-08,0,0,False
0.135,-0.33999999999999997,-0.28,True,False,False,False,False,False,False,5,18,0,0,0.00658397376537323,0.0,1.4901161193847656e-08,3,0,False
0.135,-0.31999999999999995,-0.28,True,False,True,True,True,True,False,22,75,23,4,-0.010058833286166191,834.0233154297048,0.005683624558814521,12,4,True
0.135,-0.3,-0.28,True,False,True,True,True,True,False,30,114,46,40,-0.011022444814443588,3714.5236411665383,0.014637179350355696,15,8,True
0.135,-0.27999999999999997,-0.28,True,False,True,True,True,True,False,29,106,46,36,-0.010897196829319,4206.180664062617,0.018124330266370867,21,8,True
0.135,-0.26,-0.28,True,False,True,True,True,True,False,28,87,35,27,-0.011027924716472626,4099.185546875114,0.013810468428258957,20,8,True
0.135,-0.24,-0.28,True,False,True,True,True,True,False,29,108,55,40,-0.01110897958278656,4949.182617187637,0.013742810135146867,24,7,True
0.135,-0.21999999999999997,-0.28,True,False,True,True,True,True,False,34,120,63,54,-0.01649266481399536,5390.1225585939,0.024395146251536805,30,7,True
0.135,-0.19999999999999998,-0.28,True,False,True,True,True,True,False,34,120,52,48,-0.03105616569519043,8358.38867187506,0.010067450013675787,32,15,True
0.135,-0.18,-0.28,True,False,True,True,True,True,False,51,168,47,40,-0.036485761404037476,6722.538996951417,0.007399257929123753,44,8,True
0.135,-0.15999999999999998,-0.28,True,False,True,True,True,True,False,52,185,94,77,-0.03467117249965668,4958.708984375138,0.02112940401155152,48,12,True
0.135,-0.13999999999999996,-0.28,True,False,True,True,True,True,False,46,155,68,54,-0.03467117249965668,5075.598144531355,0.0223283355947507,50,9,True
0.135,-0.12,-0.28,True,False,True,True,True,True,False,58,181,57,57,-0.035093650221824646,7178.2568359377,0.014457578264007181,48,16,True
0.135,-0.09999999999999998,-0.28,True,False,True,True,True,True,False,68,238,91,72,-0.030012667179107666,5870.727050781292,0.010226921937413945,56,11,True
0.135,-0.07999999999999996,-0.28,True,False,True,True,True,True,False,74,260,121,100,-0.02539382129907608,6471.088378906342,0.010187628066502877,36,7,True
0.135,-0.06,-0.28,True,False,True,True,True,True,False,75,263,104,94,-0.015094824135303497,5113.959960937573,0.007839808775013127,44,13,True
0.135,-0.03999999999999998,-0.28,True,False,True,True,True,True,False,75,243,91,83,-0.01988425850868225,5518.551269531328,0.011995401042588213,56,13,True
0.135,-0.019999999999999962,-0.28,True,False,True,True,True,True,False,73,246,100,84,-0.021459639072418213,5954.177734375085,0.011190965520564628,65,42,True
0.135,0.0,-0.28,True,False,True,True,True,True,False,73,206,72,53,-0.025517761707305908,5298.6376953125755,0.005398152039167642,80,48,True
0.135,0.020000000000000018,-0.28,True,False,True,True,True,True,False,73,215,53,41,-0.028912067413330078,4718.958984375067,0.007369319476047638,75,63,True
0.135,0.040000000000000036,-0.28,True,False,True,True,True,True,False,79,242,71,45,-0.031074397265911102,3814.361083984429,0.015397669286205156,74,63,True
0.135,0.06,-0.28,True,False,True,True,True,True,False,57,186,78,63,-0.03232879936695099,6086.631835937586,0.02537746670938429,74,87,True
0.135,0.08000000000000002,-0.28,True,False,True,True,True,True,False,41,140,32,32,-0.014375939965248108,3819.1586914063046,0.024652960324830307,77,80,True
0.135,0.10000000000000003,-0.28,True,False,True,True,True,True,False,22,72,25,21,-0.011061878874897957,1033.5816650390736,0.008465175627358167,75,65,True
0.135,0.12000000000000005,-0.28,True,False,True,True,True,True,False,19,66,28,24,-0.010985597968101501,1033.5386962890736,0.007798957404493518,67,64,True
0.135,0.14000000000000007,-0.28,True,False,True,True,True,True,False,19,66,28,20,-0.010907784104347229,1013.6122436523546,0.007594575517347566,59,45,True
0.135,0.15999999999999998,-0.28,True,False,True,True,True,True,False,22,70,29,21,-0.007839880883693695,1032.7553710937611,0.0007258861242106937,54,30,True
0.135,0.18,-0.28,True,False,True,True,True,True,False,18,50,4,4,-0.009058535099029541,1.4310791492462311,0.006556886931784402,50,19,True
0.135,0.2,-0.28,True,False,True,False,False,False,False,6,16,0,0,0.004939235746860504,0.0,1.4901161193847656e-08,35,10,True
0.135,0.22000000000000003,-0.28,True,False,True,False,False,False,False,7,17,0,0,0.005027465522289276,0.0,1.4901161193847656e-08,27,15,True
0.135,0.24000000000000005,-0.28,True,False,True,False,False,False,False,8,18,0,0,0.005171738564968109,0.0,1.4901161193847656e-08,22,11,True
0.135,0.26000000000000006,-0.28,True,False,True,False,False,False,False,4,11,0,0,0.005387648940086365,0.0,1.4901161193847656e-08,19,11,True
0.135,0.2800000000000001,-0.28,True,False,True,False,False,False,False,5,15,0,0,0.005667269229888916,0.0,1.4901161193847656e-08,21,19,True
0.135,0.3,-0.28,True,False,True,False,False,False,False,8,19,0,0,0.008318379521369934,0.0,1.4901161193847656e-08,19,11,True
0.135,0.32,-0.28,True,False,True,False,False,False,False,3,7,0,0,0.011624544858932495,0.0,1.4901161193847656e-08,14,4,True
0.135,0.34,-0.28,True,False,False,False,False,False,False,0,0,0,0,,0.0,1.4901161193847656e-08,1,0,False
0.135,0.36000000000000004,-0.28,True,False,False,False,False,False,False,0,0,0,0,,0.0,1.4901161193847656e-08,0,0,False
0.135,0.38000000000000006,-0.28,True,False,False,False,False,False,False,0,0,0,0,,0.0,1.4901161193847656e-08,0,0,False
0.135,0.4000000000000001,-0.28,True,False,False,False,False,False,False,0,0,0,0,,0.0,1.4901161193847656e-08,0,0,False
0.135,0.42,-0.28,True,False,False,False,False,False,False,0,0,0,0,,0.0,1.4901161193847656e-08,0,0,False
0.135,-0.42,-0.26,True,False,False,False,False,False,False,0,0,0,0,,0.0,1.4901161193847656e-08,0,0,False
0.135,-0.39999999999999997,-0.26,True,False,False,False,False,False,False,0,0,0,0,,0.0,1.4901161193847656e-08,0,0,False
0.135,-0.38,-0.26,True,False,False,False,False,False,False,0,0,0,0,,0.0,1.4901161193847656e-08,0,0,False
0.135,-0.36,-0.26,True,False,False,False,False,False,False,0,0,0,0,,0.0,1.4901161193847656e-08,0,0,False
0.135,-0.33999999999999997,-0.26,True,False,False,False,False,False,False,5,18,0,0,0.006581008434295654,0.0,1.4901161193847656e-08,1,0,False
0.135,-0.31999999999999995,-0.26,True,False,True,True,True,True,False,24,83,23,4,-0.013418972492218018,1.6093102693557855,0.009141594406233328,10,4,True
0.135,-0.3,-0.26,True,False,True,True,True,True,False,30,113,50,48,-0.02226310968399048,4483.452148437625,0.03746306928869189,15,8,True
0.135,-0.27999999999999997,-0.26,True,False,True,True,True,True,False,28,101,46,40,-0.0222630575299263,4772.027343750133,0.03367434804716936,21,8,True
0.135,-0.26,-0.26,True,False,True,True,True,True,False,26,79,31,31,-0.02226300537586212,4143.4389648438655,0.039670109260592626,20,8,True
0.135,-0.24,-0.26,True,False,True,True,True,True,False,30,111,55,44,-0.02226310968399048,4044.846435546988,0.039190694643416187,24,7,True
0.135,-0.21999999999999997,-0.26,True,False,True,True,True,True,False,41,131,65,55,-0.02226310968399048,4939.261230468887,0.0406273815099989,30,7,True
0.135,-0.19999999999999998,-0.26,True,False,True,True,True,True,False,47,156,53,49,-0.02226288616657257,8002.922363281306,0.016265964663163584,32,15,True
0.135,-0.18,-0.26,True,False,True,True,True,True,False,59,184,51,40,-0.017327100038528442,4919.310058593886,0.016389544159295787,50,15,True
0.135,-0.15999999999999998,-0.26,True,False,True,True,True,True,False,59,209,94,77,-0.014671161770820618,5989.575683593916,0.011221667725557518,56,41,True
0.135,-0.13999999999999996,-0.26,True,False,True,True,True,True,False,62,200,68,54,-0.015214145183563232,5117.250000000142,0.00794626921168803,65,52,True
0.135,-0.12,-0.26,True,False,True,True,True,True,False,70,220,57,57,-0.02106797695159912,5599.5615234376555,0.009185020164793056,62,55,True
0.135,-0.09999999999999998,-0.26,True,False,True,True,True,True,False,73,263,94,72,-0.018116191029548645,6267.117187500174,0.012098402332944597,70,57,True
0.135,-0.07999999999999996,-0.26,True,False,True,True,True,True,False,77,269,123,106,-0.02096303552389145,6010.730957031314,0.011550165331598014,56,72,True
0.135,-0.06,-0.26,True,False,True,True,True,True,False,66,218,97,94,-0.03082026168704033,7068.5927734375755,0.020308253949343106,67,73,True
0.135,-0.03999999999999998,-0.26,True,False,True,True,True,True,False,57,189,68,68,-0.04613263159990311,8150.847167968836,0.03547127812773491,78,71,True
0.135,-0.019999999999999962,-0.26,True,False,True,True,True,True,False,52,167,71,70,-0.04585050791501999,6745.797363281346,0.03794466553525318,82,110,True
0.135,0.0,-0.26,True,False,True,True,True,True,False,43,146,50,47,-0.042766351252794266,10386.508789062611,0.030269432318243222,86,92,True
0.135,0.020000000000000018,-0.26,True,False,True,True,True,True,False,56,180,36,33,-0.0447460412979126,10493.982421875113,0.01863912909893851,95,94,True
0.135,0.040000000000000036,-0.26,True,False,True,True,True,True,False,55,182,52,38,-0.04533888399600983,4681.2641601563,0.043129792811523286,90,132,True
0.135,0.06,-0.26,True,False,True,True,True,True,False,42,147,74,63,-0.031820133328437805,6105.8896484375655,0.06544540150520246,80,81,True
0.135,0.08000000000000002,-0.26,True,False,True,True,True,True,False,40,142,36,32,-0.011280141770839691,3789.3950195313037,0.03451501413289021,76,66,True
0.135,0.10000000000000003,-0.26,True,False,True,True,True,True,False,22,69,25,21,-0.011061878874897957,873.9346313476656,0.01227260532166668,67,43,True
0.135,0.12000000000000005,-0.26,True,False,True,True,True,True,False,18,59,28,28,-0.010985597968101501,893.2627563476658,0.012082803478020833,55,34,True
0.135,0.14000000000000007,-0.26,True,False,True,True,True,True,False,15,56,28,20,-0.010907784104347229,943.5562133789163,0.012141007325123618,50,18,True
0.135,0.15999999999999998,-0.26,True,False,True,True,True,True,False,19,60,28,21,-0.005330100655555725,1123.532958984387,0.003120313692240194,51,29,True
0.135,0.18,-0.26,True,False,True,True,True,True,False,16,39,8,4,-0.007568053901195526,1389.3857421875148,0.01458487794331751,47,19,True
0.135,0.2,-0.26,True,False,True,False,False,False,False,3,9,0,0,0.010941773653030396,0.0,1.4901161193847656e-08,35,10,True
0.135,0.22000000000000003,-0.26,True,False,True,False,False,False,False,3,6,0,0,0.012267880141735077,0.0,1.4901161193847656e-08,27,17,True
0.135,0.24000000000000005,-0.26,True,False,True,False,False,False,False,2,5,0,0,0.013344638049602509,0.0,1.4901161193847656e-08,21,11,True
0.135,0.26000000000000006,-0.26,True,False,True,False,False,False,False,1,3,0,0,0.014439933001995087,0.0,1.4901161193847656e-08,19,11,True
0.135,0.2800000000000001,-0.26,True,False,True,False,False,False,False,1,4,0,0,0.015584707260131836,0.0,1.4901161193847656e-08,21,15,True
0.135,0.3,-0.26,True,False,True,False,False,False,False,1,1,0,0,0.016763342544436455,0.0,1.4901161193847656e-08,24,23,True
0.135,0.32,-0.26,True,False,True,False,False,False,False,0,0,0,0,,0.0,1.4901161193847656e-08,14,4,True
0.135,0.34,-0.26,True,False,False,False,False,False,False,0,0,0,0,,0.0,1.4901161193847656e-08,1,0,False
0.135,0.36000000000000004,-0.26,True,False,False,False,False,False,False,0,0,0,0,,0.0,1.4901161193847656e-08,0,0,False
0.135,0.38000000000000006,-0.26,True,False,False,False,False,False,False,0,0,0,0,,0.0,1.4901161193847656e-08,0,0,False
0.135,0.4000000000000001,-0.26,True,False,False,False,False,False,False,0,0,0,0,,0.0,1.4901161193847656e-08,0,0,False
0.135,0.42,-0.26,True,False,False,False,False,False,False,0,0,0,0,,0.0,1.4901161193847656e-08,0,0,False
0.135,-0.42,-0.24000000000000002,True,False,False,False,False,False,False,0,0,0,0,,0.0,1.4901161193847656e-08,0,0,False
0.135,-0.39999999999999997,-0.24000000000000002,True,False,False,False,False,False,False,0,0,0,0,,0.0,1.4901161193847656e-08,0,0,False
0.135,-0.38,-0.24000000000000002,True,False,False,False,False,False,False,0,0,0,0,,0.0,1.4901161193847656e-08,0,0,False
0.135,-0.36,-0.24000000000000002,True,False,False,False,False,False,False,0,0,0,0,,0.0,1.4901161193847656e-08,0,0,False
0.135,-0.33999999999999997,-0.24000000000000002,True,False,False,False,False,False,False,5,18,0,0,0.006581202149391174,0.0,1.4901161193847656e-08,1,0,False
0.135,-0.31999999999999995,-0.24000000000000002,True,False,True,True,True,True,False,24,83,23,4,-0.013418659567832947,1.635564327240002,0.009305174643391615,10,4,True
0.135,-0.3,-0.24000000000000002,True,False,True,True,True,True,False,30,113,50,48,-0.022262968122959137,3919.820800781359,0.02433543203423024,15,8,True
0.135,-0.27999999999999997,-0.24000000000000002,True,False,True,True,True,True,False,28,101,46,40,-0.02226310223340988,4658.216796875129,0.02822260287375436,21,8,True
0.135,-0.26,-0.24000000000000002,True,False,True,True,True,True,False,28,87,31,31,-0.022263191640377045,4134.892578125115,0.030816369103488877,20,8,True
0.135,-0.24,-0.24000000000000002,True,False,True,True,True,True,False,35,121,55,44,-0.02060478925704956,4765.612304687633,0.021398429960849032,24,7,True
0.135,-0.21999999999999997,-0.24000000000000002,True,False,True,True,True,True,False,52,175,69,56,-0.016897350549697876,5264.259765625146,0.005292340853824409,30,7,True
0.135,-0.19999999999999998,-0.24000000000000002,True,False,True,True,True,True,False,60,189,71,66,-0.02027258276939392,7979.927734375056,0.00926108235351528,32,15,True
0.135,-0.18,-0.24000000000000002,True,False,True,True,True,True,False,77,244,61,45,-0.016255676746368408,5435.083007812651,0.009176870556636256,50,15,True
0.135,-0.15999999999999998,-0.24000000000000002,True,False,True,True,True,True,False,80,271,109,88,-0.019528426229953766,5331.583007812648,0.016650810277300778,52,59,True
0.135,-0.13999999999999996,-0.24000000000000002,True,False,True,True,True,True,False,70,228,83,68,-0.015938609838485718,4749.220703125132,0.021512792458109557,63,49,True
0.135,-0.12,-0.24000000000000002,True,False,True,True,True,True,False,79,252,87,71,-0.011269964277744293,4106.950683593865,0.015999875663254875,63,43,True
0.135,-0.09999999999999998,-0.24000000000000002,True,False,True,True,True,True,False,85,288,107,83,-0.015608765184879303,5215.771873349162,0.01594004593352429,60,57,True
0.135,-0.07999999999999996,-0.24000000000000002,True,False,True,True,True,True,False,81,286,126,112,-0.02226462960243225,5782.077148437661,0.02744493081899597,56,86,True
0.135,-0.06,-0.24000000000000002,True,False,True,True,True,True,False,66,226,99,92,-0.03042353317141533,7171.103515625076,0.014917909243531955,67,73,True
0.135,-0.03999999999999998,-0.24000000000000002,True,False,True,True,True,True,False,50,175,74,74,-0.03703901171684265,8809.639648437595,0.007871436449997531,80,71,True
0.135,-0.019999999999999962,-0.24000000000000002,True,False,True,True,True,True,False,41,144,77,68,-0.03303071856498718,6361.04882812509,0.020435221341235994,82,109,True
0.135,0.0,-0.24000000000000002,True,False,True,True,True,True,False,33,110,55,44,-0.03324228525161743,6094.477539062586,0.025373886167752453,83,92,True
0.135,0.020000000000000018,-0.24000000000000002,True,False,True,True,True,True,False,42,137,42,35,-0.034356310963630676,5526.982421875078,0.0043474402983902285,82,80,True
0.135,0.040000000000000036,-0.24000000000000002,True,False,True,True,True,True,False,53,179,55,39,-0.02556786872446537,3630.8684082031637,0.029233682443111787,80,82,True
0.135,0.06,-0.24000000000000002,True,False,True,True,True,True,False,43,152,90,75,-0.023282214999198914,5657.06298828133,0.006185656399918307,72,93,True
0.135,0.08000000000000002,-0.24000000000000002,True,False,True,True,True,True,False,36,130,36,36,-0.016742706298828125,4701.937988281317,0.04824185126854538,66,39,True
0.135,0.10000000000000003,-0.24000000000000002,True,False,True,True,True,True,False,20,69,25,25,-0.022263556718826294,91.94235229492286,0.013993658146169138,52,32,True
0.135,0.12000000000000005,-0.24000000000000002,True,False,True,True,True,True,False,12,48,28,28,-0.02226419746875763,6.354079246521086,0.01448119845414203,50,39,True
0.135,0.14000000000000007,-0.24000000000000002,True,False,True,True,True,True,False,14,54,28,24,-0.022264309227466583,1.9588266611099523,0.01607593757192582,46,31,True
0.135,0.15999999999999998,-0.24000000000000002,True,False,True,True,True,True,False,19,63,27,25,-0.02226456254720688,0.0,0.020860016535817254,46,30,True
0.135,0.18,-0.24000000000000002,True,False,True,True,True,True,False,16,42,4,4,-0.009063556790351868,1.187520861625684,0.006188194910075888,49,21,True
0.135,0.2,-0.24000000000000002,True,False,True,False,False,False,False,2,5,0,0,0.010936073958873749,0.0,1.4901161193847656e-08,36,10,True
0.135,0.22000000000000003,-0.24000000000000002,True,False,True,False,False,False,False,0,0,0,0,,0.0,1.4901161193847656e-08,27,17,True
0.135,0.24000000000000005,-0.24000000000000002,True,False,True,False,False,False,False,0,0,0,0,,0.0,1.4901161193847656e-08,21,11,True
0.135,0.26000000000000006,-0.24000000000000002,True,False,True,False,False,False,False,0,0,0,0,,0.0,1.4901161193847656e-08,19,11,True
0.135,0.2800000000000001,-0.24000000000000002,True,False,True,False,False,False,False,0,0,0,0,,0.0,1.4901161193847656e-08,21,19,True
0.135,0.3,-0.24000000000000002,True,False,True,False,False,False,False,0,0,0,0,,0.0,1.4901161193847656e-08,19,11,True
0.135,0.32,-0.24000000000000002,True,False,True,False,False,False,False,0,0,0,0,,0.0,1.4901161193847656e-08,14,4,True
0.135,0.34,-0.24000000000000002,True,False,False,False,False,False,False,0,0,0,0,,0.0,1.4901161193847656e-08,1,0,False
0.135,0.36000000000000004,-0.24000000000000002,True,False,False,False,False,False,False,0,0,0,0,,0.0,1.4901161193847656e-08,0,0,False
0.135,0.38000000000000006,-0.24000000000000002,True,False,False,False,False,False,False,0,0,0,0,,0.0,1.4901161193847656e-08,0,0,False
0.135,0.4000000000000001,-0.24000000000000002,True,False,False,False,False,False,False,0,0,0,0,,0.0,1.4901161193847656e-08,0,0,False
0.135,0.42,-0.24000000000000002,True,False,False,False,False,False,False,0,0,0,0,,0.0,1.4901161193847656e-08,0,0,False
0.135,-0.42,-0.22000000000000003,True,False,False,False,False,False,False,0,0,0,0,,0.0,1.4901161193847656e-08,0,0,False
0.135,-0.39999999999999997,-0.22000000000000003,True,False,False,False,False,False,False,0,0,0,0,,0.0,1.4901161193847656e-08,0,0,False
0.135,-0.38,-0.22000000000000003,True,False,False,False,False,False,False,0,0,0,0,,0.0,1.4901161193847656e-08,0,0,False
0.135,-0.36,-0.22000000000000003,True,False,False,False,False,False,False,0,0,0,0,,0.0,1.4901161193847656e-08,0,0,False
0.135,-0.33999999999999997,-0.22000000000000003,True,False,False,False,False,False,False,6,19,0,0,0.006583020091056824,0.0,1.4901161193847656e-08,2,0,False
0.135,-0.31999999999999995,-0.22000000000000003,True,False,True,True,True,True,False,25,87,23,4,-0.013416990637779236,1.9895801544189595,0.00965227035886354,10,4,True
0.135,-0.3,-0.22000000000000003,True,False,True,True,True,True,False,32,119,50,48,-0.016820624470710754,4650.069883575593,0.019542498297334655,15,8,True
0.135,-0.27999999999999997,-0.22000000000000003,True,False,True,True,True,True,False,30,107,46,36,-0.014221474528312683,4250.348144531368,0.01412312059700094,21,8,True
0.135,-0.26,-0.22000000000000003,True,False,True,True,True,True,False,28,84,35,27,-0.012619666755199432,4469.872558593875,0.03514212537334457,20,8,True
0.135,-0.24,-0.22000000000000003,True,False,True,True,True,True,False,29,108,55,44,-0.014760322868824005,5183.786621093894,0.025150536151936614,24,7,True
0.135,-0.21999999999999997,-0.22000000000000003,True,False,True,True,True,True,False,35,125,64,55,-0.016739971935749054,5478.145507812652,0.03516636687299359,30,7,True
0.135,-0.19999999999999998,-0.22000000000000003,True,False,True,True,True,True,False,37,131,53,49,-0.022583961486816406,8002.740722656306,0.016958799998506042,31,15,True
0.135,-0.18,-0.22000000000000003,True,False,True,True,True,True,False,72,231,48,40,-0.025812312960624695,5255.765625000146,0.015619266137156489,54,8,True
0.135,-0.15999999999999998,-0.22000000000000003,True,False,True,True,True,True,False,83,278,146,103,-0.02686910331249237,5321.260253906398,0.021059802550295752,52,57,True
0.135,-0.13999999999999996,-0.22000000000000003,True,False,True,True,True,True,False,73,236,80,58,-0.028442010283470154,4615.933593750128,0.015203912579551006,59,45,True
0.135,-0.12,-0.22000000000000003,True,False,True,True,True,True,False,74,237,61,61,-0.022516801953315735,4096.323242187558,0.016482913293585182,53,39,True
0.135,-0.09999999999999998,-0.22000000000000003,True,False,True,True,True,True,False,86,291,99,78,-0.020079076290130615,4917.82128906257,0.01041082990623956,48,42,True
0.135,-0.07999999999999996,-0.22000000000000003,True,False,True,True,True,True,False,92,323,126,113,-0.021121174097061157,5789.131262188262,0.0065694940668429075,41,64,True
0.135,-0.06,-0.22000000000000003,True,False,True,True,True,True,False,85,278,117,101,-0.018564723432064056,4775.527832031318,0.013617618588803207,48,65,True
0.135,-0.03999999999999998,-0.22000000000000003,True,False,True,True,True,True,False,76,261,87,75,-0.019824504852294922,5740.360839843832,0.019371959594519157,60,54,True
0.135,-0.019999999999999962,-0.22000000000000003,True,False,True,True,True,True,False,59,205,92,77,-0.019752047955989838,6198.496093750088,0.013859028755854402,63,86,True
0.135,0.0,-0.22000000000000003,True,False,True,True,True,True,False,55,181,66,59,-0.02133505791425705,6187.375000000088,0.012769891980207242,64,68,True
0.135,0.020000000000000018,-0.22000000000000003,True,False,True,True,True,True,False,68,228,66,56,-0.02104227989912033,4448.007812500064,0.009311548697577863,87,108,True
0.135,0.040000000000000036,-0.22000000000000003,True,False,True,True,True,True,False,103,308,84,62,-0.01885174959897995,4778.209472656301,0.00933724117902072,104,124,True
0.135,0.06,-0.22000000000000003,True,False,True,True,True,True,False,91,294,137,92,-0.017923861742019653,4100.609375000044,0.013294481236695944,101,171,True
0.135,0.08000000000000002,-0.22000000000000003,True,False,True,True,True,True,False,70,231,65,55,-0.01815800368785858,3647.402343750052,0.01828151436005867,95,102,True
0.135,0.10000000000000003,-0.22000000000000003,True,False,True,True,True,True,False,48,145,52,40,-0.012491825968027115,1911.5034179687705,0.021826427840512124,74,72,True
0.135,0.12000000000000005,-0.22000000000000003,True,False,True,True,True,True,False,38,117,37,33,-0.010985612869262695,1472.8602294922032,0.008388527973853798,70,64,True
0.135,0.14000000000000007,-0.22000000000000003,True,False,True,True,True,True,False,42,129,55,32,-0.010907799005508423,974.6442260742291,0.008477976162188238,66,51,True
0.135,0.15999999999999998,-0.22000000000000003,True,False,True,True,True,True,False,34,102,46,32,-0.008426517248153687,1082.1468241940888,0.01127499444068862,67,62,True
0.135,0.18,-0.22000000000000003,True,False,True,True,True,True,False,22,67,7,5,-0.009062469005584717,1.879335641860982,0.005337923950811604,63,33,True
0.135,0.2,-0.22000000000000003,True,False,True,False,False,False,False,4,9,0,0,0.010938338935375214,0.0,1.4901161193847656e-08,44,20,True
0.135,0.22000000000000003,-0.22000000000000003,True,False,True,False,False,False,False,1,2,0,0,0.01874859631061554,0.0,1.4901161193847656e-08,34,27,True
0.135,0.24000000000000005,-0.22000000000000003,True,False,True,False,False,False,False,1,2,0,0,0.01872793585062027,0.0,1.4901161193847656e-08,24,21,True
0.135,0.26000000000000006,-0.22000000000000003,True,False,True,False,False,False,False,1,3,0,0,0.018832631409168243,0.0,1.4901161193847656e-08,20,11,True
0.135,0.2800000000000001,-0.22000000000000003,True,False,True,False,False,False,False,1,2,0,0,0.018977537751197815,0.0,1.4901161193847656e-08,23,25,True
0.135,0.3,-0.22000000000000003,True,False,True,False,False,False,False,1,1,0,0,0.01915455423295498,0.0,1.4901161193847656e-08,26,25,True
0.135,0.32,-0.22000000000000003,True,False,True,False,False,False,False,0,0,0,0,,0.0,1.4901161193847656e-08,14,4,True
0.135,0.34,-0.22000000000000003,True,False,False,False,False,False,False,0,0,0,0,,0.0,1.4901161193847656e-08,1,0,False
0.135,0.36000000000000004,-0.22000000000000003,True,False,False,False,False,False,False,0,0,0,0,,0.0,1.4901161193847656e-08,0,0,False
0.135,0.38000000000000006,-0.22000000000000003,True,False,False,False,False,False,False,0,0,0,0,,0.0,1.4901161193847656e-08,0,0,False
0.135,0.4000000000000001,-0.22000000000000003,True,False,False,False,False,False,False,0,0,0,0,,0.0,1.4901161193847656e-08,0,0,False
0.135,0.42,-0.22000000000000003,True,False,False,False,False,False,False,0,0,0,0,,0.0,1.4901161193847656e-08,0,0,False
0.135,-0.42,-0.2,True,False,False,False,False,False,False,0,0,0,0,,0.0,1.4901161193847656e-08,0,0,False
0.135,-0.39999999999999997,-0.2,True,False,False,False,False,False,False,0,0,0,0,,0.0,1.4901161193847656e-08,0,0,False
0.135,-0.38,-0.2,True,False,False,False,False,False,False,0,0,0,0,,0.0,1.4901161193847656e-08,0,0,False
0.135,-0.36,-0.2,True,False,False,False,False,False,False,0,0,0,0,,0.0,1.4901161193847656e-08,0,0,False
0.135,-0.33999999999999997,-0.2,True,False,False,False,False,False,False,7,26,0,0,0.006578177213668823,0.0,1.4901161193847656e-08,2,0,False
0.135,-0.31999999999999995,-0.2,True,False,True,True,True,True,False,40,114,31,8,-0.00423247367143631,803.7470703125167,0.0006770638283187995,10,4,True
0.135,-0.3,-0.2,True,False,True,True,True,True,False,53,169,58,48,-0.011022429913282394,4069.4157714844882,0.029349935197430205,15,8,True
0.135,-0.27999999999999997,-0.2,True,False,True,True,True,True,False,50,165,58,40,-0.010897219181060791,4094.411621093864,0.021871071346235994,21,8,True
0.135,-0.26,-0.2,True,False,True,True,True,True,False,55,157,50,31,-0.011027943342924118,4108.807128906365,0.013684299122578826,20,8,True
0.135,-0.24,-0.2,True,False,True,True,True,True,False,62,207,92,67,-0.01301901787519455,5159.880859375144,0.01798954661479432,24,7,True
0.135,-0.21999999999999997,-0.2,True,False,True,True,True,True,False,73,244,105,85,-0.016868092119693756,5738.96728515641,0.01365061827014183,30,7,True
0.135,-0.19999999999999998,-0.2,True,False,True,True,True,True,False,87,276,101,62,-0.02027258276939392,7560.764648437554,0.005371305165416928,34,15,True
0.135,-0.18,-0.2,True,False,True,True,True,True,False,120,357,114,75,-0.01625572144985199,5873.719238281414,0.004282899154722874,62,16,True
0.135,-0.15999999999999998,-0.2,True,False,True,True,True,True,False,120,393,190,122,-0.011749811470508575,5297.144531250147,0.004398836509499116,79,109,True
0.135,-0.13999999999999996,-0.2,True,False,True,True,True,True,False,127,397,134,88,-0.011108994483947754,4078.8303222657387,0.015866584282438638,89,78,True
0.135,-0.12,-0.2,True,False,True,True,True,True,False,130,395,112,96,-0.011461682617664337,5006.303222656389,0.006801129400333212,78,67,True
0.135,-0.09999999999999998,-0.2,True,False,True,True,True,True,False,145,472,158,108,-0.011108994483947754,3948.229736328153,0.006509530395373804,79,77,True
0.135,-0.07999999999999996,-0.2,True,False,True,True,True,True,False,142,473,180,147,-0.016216721385717392,6760.155273437572,0.010484074236434172,78,114,True
0.135,-0.06,-0.2,True,False,True,True,True,True,False,127,432,176,146,-0.017093900591135025,5874.672851562584,0.011667093141486033,95,103,True
0.135,-0.03999999999999998,-0.2,True,False,True,True,True,True,False,118,380,145,112,-0.01310325413942337,5500.498046875078,0.011291957355332106,114,113,True
0.135,-0.019999999999999962,-0.2,True,False,True,True,True,True,False,95,319,119,107,-0.011625632643699646,5882.496093750084,0.010492192952624296,110,155,True
0.135,0.0,-0.2,True,False,True,True,True,True,False,81,255,90,80,-0.011162593960762024,5903.832519531334,0.00979627435325454,113,125,True
0.135,0.020000000000000018,-0.2,True,False,True,True,True,True,False,74,236,69,44,-0.011109031736850739,4808.152832031318,0.008109688189633589,122,128,True
0.135,0.040000000000000036,-0.2,True,False,True,True,True,True,False,73,249,64,43,-0.011109031736850739,3958.0743770768154,0.023390003152719465,140,142,True
0.135,0.06,-0.2,True,False,True,True,True,True,False,57,189,98,83,-0.019431784749031067,3946.3823242188064,0.011695287971159367,133,217,True
0.135,0.08000000000000002,-0.2,True,False,True,True,True,True,False,56,189,49,46,-0.01827739179134369,4962.290527343821,0.02048510844429524,118,160,True
0.135,0.10000000000000003,-0.2,True,False,True,True,True,True,False,42,124,29,25,-0.018427684903144836,876.3565673828218,0.012065604938610872,101,120,True
0.135,0.12000000000000005,-0.2,True,False,True,True,True,True,False,26,86,34,28,-0.021379753947257996,612.159545898444,0.011817505101394473,81,111,True
0.135,0.14000000000000007,-0.2,True,False,True,True,True,True,False,26,79,32,24,-0.02226462960243225,2.2819094657898273,0.01598637801537199,71,90,True
0.135,0.15999999999999998,-0.2,True,False,True,True,True,True,False,30,86,28,25,-0.022264637053012848,0.0,0.02107561079648165,61,77,True
0.135,0.18,-0.2,True,False,True,True,True,True,False,28,78,8,4,-0.00906340777873993,0.0,0.006050860731300595,74,75,True
0.135,0.2,-0.2,True,False,True,True,False,True,False,9,26,4,0,-0.001443423330783844,0.0,0.0008983926574143324,48,80,True
0.135,0.22000000000000003,-0.2,True,False,True,False,False,False,False,11,30,0,0,0.007170245051383972,0.0,1.4901161193847656e-08,43,55,True
0.135,0.24000000000000005,-0.2,True,False,True,False,False,False,False,11,29,0,0,0.005436718463897705,0.0,1.4901161193847656e-08,32,28,True
0.135,0.26000000000000006,-0.2,True,False,True,True,False,True,False,8,21,3,0,-0.001418575644493103,0.0,0.00043081752155605573,22,21,True
0.135,0.2800000000000001,-0.2,True,False,True,True,False,True,False,9,23,4,0,-0.0010965093970298767,0.0,0.0003005883588220773,20,24,True
0.135,0.3,-0.2,True,False,True,True,False,True,False,11,33,4,0,-0.0009793788194656372,0.0,0.0002048787147207648,24,28,True
0.135,0.32,-0.2,True,False,True,False,False,False,False,7,16,0,0,0.006612852215766907,0.0,1.4901161193847656e-08,20,15,True
0.135,0.34,-0.2,True,False,False,False,False,False,False,0,0,0,0,,0.0,1.4901161193847656e-08,3,0,False
0.135,0.36000000000000004,-0.2,True,False,False,False,False,False,False,0,0,0,0,,0.0,1.4901161193847656e-08,0,0,False
0.135,0.38000000000000006,-0.2,True,False,False,False,False,False,False,0,0,0,0,,0.0,1.4901161193847656e-08,0,0,False
0.135,0.4000000000000001,-0.2,True,False,False,False,False,False,False,0,0,0,0,,0.0,1.4901161193847656e-08,0,0,False
0.135,0.42,-0.2,True,False,False,False,False,False,False,0,0,0,0,,0.0,1.4901161193847656e-08,0,0,False
0.135,-0.42,-0.18000000000000002,True,False,False,False,False,False,False,0,0,0,0,,0.0,1.4901161193847656e-08,0,0,False
0.135,-0.39999999999999997,-0.18000000000000002,True,False,False,False,False,False,False,0,0,0,0,,0.0,1.4901161193847656e-08,0,0,False
0.135,-0.38,-0.18000000000000002,True,False,False,False,False,False,False,0,0,0,0,,0.0,1.4901161193847656e-08,0,0,False
0.135,-0.36,-0.18000000000000002,True,False,False,False,False,False,False,0,0,0,0,,0.0,1.4901161193847656e-08,0,0,False
0.135,-0.33999999999999997,-0.18000000000000002,True,False,False,False,False,False,False,10,24,0,0,0.010541738010942936,0.0,1.4901161193847656e-08,7,0,False
0.135,-0.31999999999999995,-0.18000000000000002,True,False,True,True,True,True,False,53,170,34,4,-0.00265561044216156,0.9405478825074443,0.0004822166512777906,26,11,True
0.135,-0.3,-0.18000000000000002,True,False,True,True,True,True,False,75,246,80,60,-0.011022429913282394,3391.303564832701,0.0312083828861943,46,30,True
0.135,-0.27999999999999997,-0.18000000000000002,True,False,True,True,True,True,False,72,242,81,67,-0.010971546173095703,3922.534423828234,0.040241650398740746,45,36,True
0.135,-0.26,-0.18000000000000002,True,False,True,True,True,True,False,75,221,53,37,-0.011057243682444096,4447.896484375124,0.043256326994001525,46,35,True
0.135,-0.24,-0.18000000000000002,False,True,True,True,True,False,False,76,252,92,63,-0.01110900193452835,5389.6899414064,0.03609483115519652,56,29,True
0.135,-0.21999999999999997,-0.18000000000000002,False,True,True,True,True,False,False,80,265,93,76,-0.01649262011051178,5506.124023437653,0.014501071450410723,63,34,True
0.135,-0.19999999999999998,-0.18000000000000002,False,True,True,True,True,False,False,87,271,83,53,-0.02027258276939392,5654.036621093907,0.01159825684440577,64,41,True
0.135,-0.18,-0.18000000000000002,False,True,True,True,True,False,False,112,344,77,57,-0.01625572144985199,5526.604492187654,0.00977786976973852,106,35,True
0.135,-0.15999999999999998,-0.18000000000000002,False,True,True,True,True,False,False,117,386,157,101,-0.01110900193452835,5178.148925781394,0.008919173496854782,113,136,True
0.135,-0.13999999999999996,-0.18000000000000002,False,True,True,True,True,False,False,125,371,117,78,-0.011108994483947754,4549.765136718876,0.013701951352203893,128,107,True
0.135,-0.12,-0.18000000000000002,False,True,True,True,True,False,False,133,418,112,81,-0.011298507452011108,4825.561035156385,0.011176424840820784,121,123,True
0.135,-0.09999999999999998,-0.18000000000000002,False,True,True,True,True,False,False,144,480,150,108,-0.011108994483947754,4747.050292968817,0.007451660539640078,133,116,True
0.135,-0.07999999999999996,-0.18000000000000002,False,True,True,True,True,False,False,143,475,179,146,-0.016216721385717392,6267.389648437566,0.013520949904288437,134,153,True
0.135,-0.06,-0.18000000000000002,False,True,True,True,True,False,False,132,440,146,118,-0.01709391549229622,4177.932617187559,0.00814053084992258,136,154,True
0.135,-0.03999999999999998,-0.18000000000000002,False,True,True,True,True,False,False,142,426,133,114,-0.017819657921791077,5392.349609375076,0.013417215383237585,147,130,True
0.135,-0.019999999999999962,-0.18000000000000002,False,True,True,True,True,False,False,134,442,159,117,-0.015853218734264374,5864.584960937583,0.011012511007314678,131,173,True
0.135,0.0,-0.18000000000000002,False,True,True,True,True,False,False,135,398,114,86,-0.011711284518241882,5147.015136718823,0.009359248378540028,139,111,True
0.135,0.020000000000000018,-0.18000000000000002,False,True,True,True,True,False,False,132,403,100,67,-0.011109046638011932,3420.3146972656737,0.004480452853243316,134,109,True
0.135,0.040000000000000036,-0.18000000000000002,False,True,True,True,True,False,False,147,456,102,59,-0.011109046638011932,4049.7517089844323,0.02358333830216827,149,109,True
0.135,0.06,-0.18000000000000002,False,True,True,True,True,False,False,119,379,136,98,-0.011109046638011932,6128.666992187587,0.013204289572090216,128,184,True
0.135,0.08000000000000002,-0.18000000000000002,False,True,True,True,True,False,False,107,341,63,52,-0.011109039187431335,5238.630859375075,0.012750907259605837,123,113,True
0.135,0.10000000000000003,-0.18000000000000002,False,True,True,True,True,False,False,93,278,59,42,-0.011069854721426964,31.08121470533579,0.01730349055280256,105,84,True
0.135,0.12000000000000005,-0.18000000000000002,False,True,True,True,True,False,False,92,273,64,44,-0.011012292467057705,90.74110330086575,0.015177824139002248,95,88,True
0.135,0.14000000000000007,-0.18000000000000002,False,True,True,True,True,False,False,81,220,62,39,-0.01097095012664795,8.148513793945565,0.015511926187855874,84,74,True
0.135,0.15999999999999998,-0.18000000000000002,False,True,True,True,True,False,False,68,204,60,42,-0.008195832371711731,1641.945106869664,0.005913082148498977,81,80,True
0.135,0.18,-0.18000000000000002,False,True,True,True,True,False,False,71,211,44,21,-0.007521048188209534,565.6353849348566,0.011751150997111498,84,79,True
0.135,0.2,-0.18000000000000002,False,True,True,True,True,False,False,70,215,42,24,-0.010635711252689362,2720.2524414063346,0.004452135887266287,66,35,True
0.135,0.22000000000000003,-0.18000000000000002,False,True,True,True,True,False,False,58,179,58,24,-0.010961145162582397,2552.212402343829,0.002264514585225706,57,40,True
0.135,0.24000000000000005,-0.18000000000000002,False,True,True,True,True,False,False,52,163,48,26,-0.010057605803012848,1598.9218750000496,0.013279859454356212,47,30,True
0.135,0.26000000000000006,-0.18000000000000002,True,False,True,True,True,True,False,44,145,32,17,-0.010912977159023285,2587.5393066407055,0.010748720045385586,40,34,True
0.135,0.2800000000000001,-0.18000000000000002,True,False,True,True,True,True,False,38,131,42,26,-0.0079159215092659,1601.2580566406748,0.008523735673256061,35,34,True
0.135,0.3,-0.18000000000000002,True,False,True,True,True,True,False,47,133,35,15,-0.01054856926202774,1451.351860306645,0.0028050234850908497,43,31,True
0.135,0.32,-0.18000000000000002,True,False,True,True,True,True,False,38,97,22,4,-0.006545700132846832,781.5066528320556,0.0007010893657938362,34,11,True
0.135,0.34,-0.18000000000000002,True,False,False,False,False,False,False,9,24,0,0,0.005833573639392853,0.0,1.4901161193847656e-08,8,0,False
0.135,0.36000000000000004,-0.18000000000000002,True,False,False,False,False,False,False,0,0,0,0,,0.0,1.4901161193847656e-08,0,0,False
0.135,0.38000000000000006,-0.18000000000000002,True,False,False,False,False,False,False,0,0,0,0,,0.0,1.4901161193847656e-08,0,0,False
0.135,0.4000000000000001,-0.18000000000000002,True,False,False,False,False,False,False,0,0,0,0,,0.0,1.4901161193847656e-08,0,0,False
0.135,0.42,-0.18000000000000002,True,False,False,False,False,False,False,0,0,0,0,,0.0,1.4901161193847656e-08,0,0,False
0.135,-0.42,-0.16000000000000003,True,False,False,False,False,False,False,0,0,0,0,,0.0,1.4901161193847656e-08,0,0,False
0.135,-0.39999999999999997,-0.16000000000000003,True,False,False,False,False,False,False,0,0,0,0,,0.0,1.4901161193847656e-08,0,0,False
0.135,-0.38,-0.16000000000000003,True,False,False,False,False,False,False,0,0,0,0,,0.0,1.4901161193847656e-08,0,0,False
0.135,-0.36,-0.16000000000000003,True,False,False,False,False,False,False,0,0,0,0,,0.0,1.4901161193847656e-08,0,0,False
0.135,-0.33999999999999997,-0.16000000000000003,True,False,False,False,False,False,False,16,43,0,0,0.0066254884004592896,0.0,1.4901161193847656e-08,15,0,False
0.135,-0.31999999999999995,-0.16000000000000003,True,False,True,True,True,True,False,54,181,54,21,-0.013071060180664062,2409.424072265644,0.011595736329938168,45,54,True
0.135,-0.3,-0.16000000000000003,True,False,True,True,True,True,False,76,261,102,78,-0.011022400110960007,5304.968261718897,0.015017728743132785,66,80,True
0.135,-0.27999999999999997,-0.16000000000000003,True,False,True,True,True,True,False,75,247,91,77,-0.015801722183823586,4427.486328125124,0.033515394311469854,66,75,True
0.135,-0.26,-0.16000000000000003,True,False,True,True,True,True,False,72,220,71,58,-0.015898453071713448,6263.676775412417,0.03579694457752784,68,65,True
0.135,-0.24,-0.16000000000000003,False,True,True,True,True,False,False,76,265,131,103,-0.015914782881736755,7230.189941406519,0.01045730023940363,74,120,True
0.135,-0.21999999999999997,-0.16000000000000003,False,True,True,True,True,False,False,84,299,121,100,-0.01649262011051178,7698.392089844037,0.011200686965480648,86,113,True
0.135,-0.19999999999999998,-0.16000000000000003,False,True,True,True,True,False,False,89,298,111,81,-0.02027258276939392,7376.285644531525,0.015288303747338956,89,102,True
0.135,-0.18,-0.16000000000000003,False,True,True,True,True,False,False,120,397,106,92,-0.016255691647529602,7254.485351562771,0.01135310556693629,116,119,True
0.135,-0.15999999999999998,-0.16000000000000003,False,True,True,True,True,False,False,124,431,183,139,-0.015887398272752762,7314.270081458869,0.008237025780039906,120,184,True
0.135,-0.13999999999999996,-0.16000000000000003,False,True,True,True,True,False,False,130,417,130,106,-0.015811055898666382,6311.842856881129,0.008951406086782736,133,147,True
0.135,-0.12,-0.16000000000000003,False,True,True,True,True,False,False,142,451,133,108,-0.011108994483947754,4568.198242187627,0.004655475560455312,141,143,True
0.135,-0.09999999999999998,-0.16000000000000003,False,True,True,True,True,False,False,155,528,182,139,-0.011108994483947754,4459.062988281314,0.007070651214517713,146,187,True
0.135,-0.07999999999999996,-0.16000000000000003,False,True,True,True,True,False,False,142,498,201,173,-0.01621893048286438,5595.56445312506,0.008467162414480436,141,214,True
0.135,-0.06,-0.16000000000000003,False,True,True,True,True,False,False,125,431,167,146,-0.017093904316425323,5035.817382812571,0.0076301716252548555,134,185,True
0.135,-0.03999999999999998,-0.16000000000000003,False,True,True,True,True,False,False,139,458,144,127,-0.01110905408859253,4830.037109375068,0.011271509211994617,146,151,True
0.135,-0.019999999999999962,-0.16000000000000003,False,True,True,True,True,False,False,131,455,200,165,-0.01110905408859253,5369.136230468826,0.011370970126558065,135,199,True
0.135,0.0,-0.16000000000000003,False,True,True,True,True,False,False,130,428,150,120,-0.01110905408859253,4756.171386718817,0.0070544713051488425,138,150,True
0.135,0.020000000000000018,-0.16000000000000003,False,True,True,True,True,False,False,131,428,129,96,-0.011109046638011932,4630.090820312566,0.007015800978142415,139,144,True
0.135,0.040000000000000036,-0.16000000000000003,False,True,True,True,True,False,False,150,509,150,104,-0.011109046638011932,4639.891113281423,0.008926795203532633,156,159,True
0.135,0.06,-0.16000000000000003,False,True,True,True,True,False,False,136,473,228,188,-0.011333651840686798,5322.745117187698,0.005365460442322845,136,231,True
0.135,0.08000000000000002,-0.16000000000000003,False,True,True,True,True,False,False,135,474,163,120,-0.016682103276252747,5797.784179687716,0.00724046892919684,135,148,True
0.135,0.10000000000000003,-0.16000000000000003,False,True,True,True,True,False,False,127,416,140,112,-0.018210075795650482,5475.625000000204,0.007389949114016567,122,149,True
0.135,0.12000000000000005,-0.16000000000000003,False,True,True,True,True,False,False,114,370,148,119,-0.019400984048843384,5198.822753906444,0.008075725024453792,107,143,True
0.135,0.14000000000000007,-0.16000000000000003,False,True,True,True,True,False,False,92,306,104,80,-0.015229210257530212,4892.119628906433,0.006196067638356861,88,104,True
0.135,0.15999999999999998,-0.16000000000000003,False,True,True,True,True,False,False,73,249,80,69,-0.023087993264198303,6195.607619879614,0.008610145002633155,80,89,True
0.135,0.18,-0.16000000000000003,False,True,True,True,True,False,False,85,291,87,68,-0.028506115078926086,5211.972167968945,0.010360936059425504,96,92,True
0.135,0.2,-0.16000000000000003,False,True,True,True,True,False,False,80,275,115,104,-0.024031028151512146,5140.396409096222,0.02036033199668253,84,121,True
0.135,0.22000000000000003,-0.16000000000000003,False,True,True,True,True,False,False,68,238,80,55,-0.019648157060146332,6261.690429687733,0.014694469881928749,71,82,True
0.135,0.24000000000000005,-0.16000000000000003,False,True,True,True,True,False,False,60,202,70,60,-0.015914730727672577,6541.33456341113,0.02549746479946324,56,68,True
0.135,0.26000000000000006,-0.16000000000000003,True,False,True,True,True,True,False,47,168,59,44,-0.015911400318145752,3934.731445312647,0.010633660070673212,42,59,True
0.135,0.2800000000000001,-0.16000000000000003,True,False,True,True,True,True,False,44,156,57,41,-0.01583505980670452,3967.579440986139,0.03833136704268319,47,61,True
0.135,0.3,-0.16000000000000003,True,False,True,True,True,True,False,48,157,56,40,-0.013542704284191132,3279.685791015651,0.00729514916413381,53,60,True
0.135,0.32,-0.16000000000000003,True,False,True,True,True,True,False,43,138,39,28,-0.015396416187286377,1462.130981445367,0.01440875624064884,47,47,True
0.135,0.34,-0.16000000000000003,True,False,False,False,False,False,False,14,32,0,0,0.00460362434387207,0.0,1.4901161193847656e-08,14,0,False
0.135,0.36000000000000004,-0.16000000000000003,True,False,False,False,False,False,False,0,0,0,0,,0.0,1.4901161193847656e-08,0,0,False
0.135,0.38000000000000006,-0.16000000000000003,True,False,False,False,False,False,False,0,0,0,0,,0.0,1.4901161193847656e-08,0,0,False
0.135,0.4000000000000001,-0.16000000000000003,True,False,False,False,False,False,False,0,0,0,0,,0.0,1.4901161193847656e-08,0,0,False
0.135,0.42,-0.16000000000000003,True,False,False,False,False,False,False,0,0,0,0,,0.0,1.4901161193847656e-08,0,0,False
0.135,-0.42,-0.14,True,False,False,False,False,False,False,0,0,0,0,,0.0,1.4901161193847656e-08,0,0,False
0.135,-0.39999999999999997,-0.14,True,False,False,False,False,False,False,0,0,0,0,,0.0,1.4901161193847656e-08,0,0,False
0.135,-0.38,-0.14,True,False,False,False,False,False,False,0,0,0,0,,0.0,1.4901161193847656e-08,0,0,False
0.135,-0.36,-0.14,True,False,False,False,False,False,False,0,0,0,0,,0.0,1.4901161193847656e-08,0,0,False
0.135,-0.33999999999999997,-0.14,True,False,False,False,False,False,False,14,48,0,0,0.006583452224731445,0.0,1.4901161193847656e-08,14,0,False
0.135,-0.31999999999999995,-0.14,True,False,True,True,True,True,False,51,175,58,29,-0.013416588306427002,6276.955459179679,0.0019730418581796407,35,54,True
0.135,-0.3,-0.14,True,False,True,True,True,True,False,70,247,102,82,-0.017099790275096893,5046.6237428743025,0.010239950657873162,48,80,True
0.135,-0.27999999999999997,-0.14,True,False,True,True,True,True,False,68,234,91,81,-0.017099790275096893,5138.108923286266,0.03798678109192985,47,71,True
0.135,-0.26,-0.14,True,False,True,True,True,True,False,69,224,85,62,-0.017099790275096893,4486.801500936388,0.024087593568064555,47,59,True
0.135,-0.24,-0.14,False,True,True,True,True,False,False,76,265,127,100,-0.017099790275096893,5534.4501953127065,0.009987251236138623,55,90,True
0.135,-0.21999999999999997,-0.14,False,True,True,True,True,False,False,80,282,133,114,-0.01743607223033905,6564.040039062745,0.010133974753105736,63,104,True
0.135,-0.19999999999999998,-0.14,False,True,True,True,True,False,False,87,290,118,87,-0.02027258276939392,5923.722656250221,0.008698228957566933,65,98,True
0.135,-0.18,-0.14,False,True,True,True,True,False,False,117,382,100,89,-0.017099782824516296,7555.819824218811,0.0071906322370736435,99,84,True
0.135,-0.15999999999999998,-0.14,False,True,True,True,True,False,False,121,412,177,132,-0.017099782824516296,6989.677873043728,0.0065995680848182055,105,159,True
0.135,-0.13999999999999996,-0.14,False,True,True,True,True,False,False,125,393,130,110,-0.017099782824516296,5763.076652082171,0.0056721040996193335,109,123,True
0.135,-0.12,-0.14,False,True,True,True,True,False,False,138,418,128,101,-0.017099782824516296,4873.0478515626355,0.003942093911044948,114,115,True
0.135,-0.09999999999999998,-0.14,False,True,True,True,True,False,False,154,529,193,146,-0.017099782824516296,4610.757812500036,0.0027840629427850106,130,169,True
0.135,-0.07999999999999996,-0.14,False,True,True,True,True,False,False,143,505,216,182,-0.017099782824516296,6993.298376071209,0.007758289371735149,128,192,True
0.135,-0.06,-0.14,False,True,True,True,True,False,False,127,442,181,156,-0.017099782824516296,5784.21289062518,0.005632576794628158,120,160,True
0.135,-0.03999999999999998,-0.14,False,True,True,True,True,False,False,142,481,148,125,-0.017099782824516296,4644.569335937566,0.009623026663338292,134,135,True
0.135,-0.019999999999999962,-0.14,False,True,True,True,True,False,False,129,451,221,198,-0.022267892956733704,4665.747590088505,0.009940301925882062,124,203,True
0.135,0.0,-0.14,False,True,True,True,True,False,False,127,424,166,142,-0.022267892956733704,5372.1513671877,0.010633515062562373,124,146,True
0.135,0.020000000000000018,-0.14,False,True,True,True,True,False,False,118,379,129,112,-0.022266633808612823,4416.077148437665,0.004756650795227609,126,133,True
0.135,0.040000000000000036,-0.14,False,True,True,True,True,False,False,131,460,133,99,-0.02226562798023224,4837.45019531268,0.009717384948738667,144,143,True
0.135,0.06,-0.14,False,True,True,True,True,False,False,121,436,230,186,-0.0170997753739357,5115.437988281441,0.003789834044053115,127,217,True
0.135,0.08000000000000002,-0.14,False,True,True,True,True,False,False,117,419,160,144,-0.025177352130413055,5534.9067382814565,0.005748982968241644,123,147,True
0.135,0.10000000000000003,-0.14,False,True,True,True,True,False,False,101,348,144,128,-0.03127051889896393,9048.843750000073,0.0033563172191118464,110,135,True
0.135,0.12000000000000005,-0.14,False,True,True,True,True,False,False,90,315,128,104,-0.018389448523521423,5942.566936925105,0.007708005100611746,92,121,True
0.135,0.14000000000000007,-0.14,False,True,True,True,True,False,False,84,290,107,86,-0.013629809021949768,4803.254882812679,0.012273173093184868,77,93,True
0.135,0.15999999999999998,-0.14,False,True,True,True,True,False,False,81,265,106,77,-0.015867929905653,5657.009523600022,0.013960814272183753,66,77,True
0.135,0.18,-0.14,False,True,True,True,True,False,False,106,366,98,82,-0.015914730727672577,6210.26855468755,0.007790372983119557,83,80,True
0.135,0.2,-0.14,False,True,True,True,True,False,False,100,342,143,138,-0.015914730727672577,6685.327636718999,0.018458181507223326,74,119,True
0.135,0.22000000000000003,-0.14,False,True,True,True,True,False,False,82,276,110,81,-0.017568565905094147,7622.130371094034,0.018250600261492063,60,89,True
0.135,0.24000000000000005,-0.14,False,True,True,True,True,False,False,71,229,97,67,-0.01930008828639984,7712.504394531311,0.01686438637334762,51,67,True
0.135,0.26000000000000006,-0.14,True,False,True,True,True,True,False,55,182,71,52,-0.01591140404343605,4978.9003906251855,0.022241134554318896,40,55,True
0.135,0.2800000000000001,-0.14,True,False,True,True,True,True,False,50,162,66,53,-0.01583506166934967,5702.375526276675,0.014708223518245859,34,53,True
0.135,0.3,-0.14,True,False,True,True,True,True,False,58,179,69,62,-0.012427173554897308,5317.861816406293,0.0059538527531672065,42,52,True
0.135,0.32,-0.14,True,False,True,True,True,True,False,43,141,48,36,-0.015396416187286377,7850.053222656313,0.023169294092184854,35,43,True
0.135,0.34,-0.14,True,False,False,False,False,False,False,16,49,0,0,0.004430562257766724,0.0,1.4901161193847656e-08,15,0,False
0.135,0.36000000000000004,-0.14,True,False,False,False,False,False,False,0,0,0,0,,0.0,1.4901161193847656e-08,0,0,False
0.135,0.38000000000000006,-0.14,True,False,False,False,False,False,False,0,0,0,0,,0.0,1.4901161193847656e-08,0,0,False
0.135,0.4000000000000001,-0.14,True,False,False,False,False,False,False,0,0,0,0,,0.0,1.4901161193847656e-08,0,0,False
0.135,0.42,-0.14,True,False,False,False,False,False,False,0,0,0,0,,0.0,1.4901161193847656e-08,0,0,False
0.135,-0.42,-0.12000000000000002,True,False,False,False,False,False,False,0,0,0,0,,0.0,1.4901161193847656e-08,0,0,False
0.135,-0.39999999999999997,-0.12000000000000002,True,False,False,False,False,False,False,0,0,0,0,,0.0,1.4901161193847656e-08,0,0,False
0.135,-0.38,-0.12000000000000002,True,False,False,False,False,False,False,0,0,0,0,,0.0,1.4901161193847656e-08,0,0,False
0.135,-0.36,-0.12000000000000002,True,False,False,False,False,False,False,0,0,0,0,,0.0,1.4901161193847656e-08,0,0,False
0.135,-0.33999999999999997,-0.12000000000000002,True,False,False,False,False,False,False,15,51,0,0,0.006583452224731445,0.0,1.4901161193847656e-08,16,0,False
0.135,-0.31999999999999995,-0.12000000000000002,True,False,True,True,True,True,False,48,158,55,29,-0.013416588306427002,7061.151186110767,0.008584126146995405,38,54,True
0.135,-0.3,-0.12000000000000002,True,False,True,True,True,True,False,63,204,77,59,-0.020959846675395966,5805.172851562662,0.02607605391702041,52,80,True
0.135,-0.27999999999999997,-0.12000000000000002,True,False,True,True,True,True,False,65,214,73,61,-0.02095986157655716,6417.523925781489,0.03282476361046794,49,71,True
0.135,-0.26,-0.12000000000000002,True,False,True,True,True,True,False,64,211,62,51,-0.02095986157655716,5323.826660156398,0.027817264265286783,46,59,True
0.135,-0.24,-0.12000000000000002,False,True,True,True,True,False,False,71,249,116,90,-0.02095986157655716,6682.0664062501855,0.016671063612712245,51,90,True
0.135,-0.21999999999999997,-0.12000000000000002,False,True,True,True,True,False,False,76,273,136,109,-0.02095986157655716,6735.702148437548,0.008468770705086098,59,103,True
0.135,-0.19999999999999998,-0.12000000000000002,False,True,True,True,True,False,False,82,279,117,87,-0.02095986157655716,6185.272460937549,0.015418599635478725,59,99,True
0.135,-0.18,-0.12000000000000002,False,True,True,True,True,False,False,107,355,112,84,-0.02095986157655716,5995.707031250043,0.01053665848924102,90,79,True
0.135,-0.15999999999999998,-0.12000000000000002,False,True,True,True,True,False,False,113,390,168,130,-0.020959876477718353,5464.212402343954,0.010819554395587332,96,152,True
0.135,-0.13999999999999996,-0.12000000000000002,False,True,True,True,True,False,False,108,360,115,107,-0.020959876477718353,6871.521484375256,0.009501576950595772,101,113,True
0.135,-0.12,-0.12000000000000002,False,True,True,True,True,False,False,127,384,111,101,-0.020959876477718353,6190.732910156481,0.012989248410845929,106,113,True
0.135,-0.09999999999999998,-0.12000000000000002,False,True,True,True,True,False,False,148,524,179,145,-0.020959876477718353,8831.31347656257,0.009835092018104787,120,174,True
0.135,-0.07999999999999996,-0.12000000000000002,False,True,True,True,True,False,False,144,507,204,170,-0.020959876477718353,7473.676349364374,0.0152158369614307,121,195,True
0.135,-0.06,-0.12000000000000002,False,True,True,True,True,False,False,122,429,173,145,-0.020959876477718353,5045.63037109389,0.01142857553198565,110,162,True
0.135,-0.03999999999999998,-0.12000000000000002,False,True,True,True,True,False,False,142,487,144,120,-0.020959876477718353,5190.245605468824,0.012474183674040193,127,134,True
0.135,-0.019999999999999962,-0.12000000000000002,False,True,True,True,True,False,False,140,484,238,209,-0.020959891378879547,5222.8647460938955,0.012042855938559532,115,212,True
0.135,0.0,-0.12000000000000002,False,True,True,True,True,False,False,122,422,166,138,-0.020959891378879547,7966.5590820315465,0.008366286528062813,117,154,True
0.135,0.020000000000000018,-0.12000000000000002,False,True,True,True,True,False,False,120,402,138,109,-0.020959891378879547,6950.477539062759,0.01989681353529269,119,140,True
0.135,0.040000000000000036,-0.12000000000000002,False,True,True,True,True,False,False,135,481,152,118,-0.022263474762439728,6562.143066406495,0.023046890815968314,137,134,True
0.135,0.06,-0.12000000000000002,False,True,True,True,True,False,False,118,427,222,190,-0.02182883769273758,6458.965332031342,0.014522731027547182,119,221,True
0.135,0.08000000000000002,-0.12000000000000002,False,True,True,True,True,False,False,108,399,151,143,-0.02439016103744507,6143.764648437587,0.011439144818155568,113,159,True
0.135,0.10000000000000003,-0.12000000000000002,False,True,True,True,True,False,False,94,326,134,126,-0.041055262088775635,9308.697265625075,0.015715757022775438,99,133,True
0.135,0.12000000000000005,-0.12000000000000002,False,True,True,True,True,False,False,91,310,115,105,-0.045112244784832,6058.431640625086,0.020782925408932885,83,111,True
0.135,0.14000000000000007,-0.12000000000000002,False,True,True,True,True,False,False,85,289,110,88,-0.045112244784832,6364.791015625051,0.010168452036127977,68,86,True
0.135,0.15999999999999998,-0.12000000000000002,False,True,True,True,True,False,False,66,218,86,70,-0.045112244784832,5589.151068559747,0.03718167335688341,56,78,True
0.135,0.18,-0.12000000000000002,False,True,True,True,True,False,False,73,262,76,64,-0.045112244784832,8854.140625000071,0.01703645820739626,67,76,True
0.135,0.2,-0.12000000000000002,False,True,True,True,True,False,False,60,223,117,113,-0.037088751792907715,11205.327105928249,0.028648397835185798,59,117,True
0.135,0.22000000000000003,-0.12000000000000002,False,True,True,True,True,False,False,53,191,88,68,-0.020959891378879547,7344.540039062774,0.014148240036235568,53,88,True
0.135,0.24000000000000005,-0.12000000000000002,False,True,True,True,True,False,False,41,142,61,56,-0.020959891378879547,7683.799316406312,0.013533046386814485,40,65,True
0.135,0.26000000000000006,-0.12000000000000002,True,False,True,True,True,True,False,32,114,55,48,-0.020959891378879547,5916.161263325592,0.012406473006800395,33,59,True
0.135,0.2800000000000001,-0.12000000000000002,True,False,True,True,True,True,False,30,110,53,49,-0.020959891378879547,6913.896559261754,0.03273208527194497,31,57,True
0.135,0.3,-0.12000000000000002,True,False,True,True,True,True,False,39,130,52,48,-0.02095990628004074,4649.241699218924,0.02162288155988114,40,56,True
0.135,0.32,-0.12000000000000002,True,False,True,True,True,True,False,35,124,43,36,-0.015396416187286377,7965.814136726063,0.015340180861980328,36,47,True
0.135,0.34,-0.12000000000000002,True,False,False,False,False,False,False,13,41,0,0,0.004430562257766724,0.0,1.4901161193847656e-08,14,0,False
0.135,0.36000000000000004,-0.12000000000000002,True,False,False,False,False,False,False,0,0,0,0,,0.0,1.4901161193847656e-08,0,0,False
0.135,0.38000000000000006,-0.12000000000000002,True,False,False,False,False,False,False,0,0,0,0,,0.0,1.4901161193847656e-08,0,0,False
0.135,0.4000000000000001,-0.12000000000000002,True,False,False,False,False,False,False,0,0,0,0,,0.0,1.4901161193847656e-08,0,0,False
0.135,0.42,-0.12000000000000002,True,False,False,False,False,False,False,0,0,0,0,,0.0,1.4901161193847656e-08,0,0,False
0.135,-0.42,-0.10000000000000003,True,False,False,False,False,False,False,0,0,0,0,,0.0,1.5017576543430167e-08,0,0,False
0.135,-0.39999999999999997,-0.10000000000000003,True,False,False,False,False,False,False,0,0,0,0,,0.0,1.5017576543430167e-08,0,0,False
0.135,-0.38,-0.10000000000000003,True,False,False,False,False,False,False,0,0,0,0,,0.0,1.5017576543430167e-08,0,0,False
0.135,-0.36,-0.10000000000000003,True,False,False,False,False,False,False,0,0,0,0,,0.0,1.5017576543430167e-08,0,0,False
0.135,-0.33999999999999997,-0.10000000000000003,True,False,False,False,False,False,False,16,55,0,0,0.006583452224731445,0.0,1.5017576543430167e-08,18,0,False
0.135,-0.31999999999999995,-0.10000000000000003,True,False,True,True,True,True,False,53,183,66,37,-0.013416588306427002,4948.903093613758,0.014060228936956501,46,66,True
0.135,-0.3,-0.10000000000000003,True,False,True,True,True,True,False,73,256,106,86,-0.020959846675395966,5849.352539062663,0.01134919520632343,56,92,True
0.135,-0.27999999999999997,-0.10000000000000003,True,False,True,True,True,True,False,68,234,95,85,-0.020959846675395966,5754.95654296891,0.010740333696998805,52,83,True
0.135,-0.26,-0.10000000000000003,True,False,True,True,True,True,False,66,210,73,66,-0.02095986157655716,7146.819917135859,0.012643217948096875,49,71,True
0.135,-0.24,-0.10000000000000003,False,True,True,True,True,False,False,69,248,126,102,-0.02095986157655716,7351.881347656524,0.008092822614471395,53,101,True
0.135,-0.21999999999999997,-0.10000000000000003,False,True,True,True,True,False,False,75,269,131,118,-0.02095986157655716,7872.381835937794,0.010810207703916684,62,113,True
0.135,-0.19999999999999998,-0.10000000000000003,False,True,True,True,True,False,False,81,271,121,95,-0.02095986157655716,7639.839843750285,0.009582045996147802,62,98,True
0.135,-0.18,-0.10000000000000003,False,True,True,True,True,False,False,116,383,101,91,-0.02095986157655716,7071.457031250264,0.010644801449410287,80,84,True
0.135,-0.15999999999999998,-0.10000000000000003,False,True,True,True,True,False,False,125,435,199,151,-0.02095986157655716,7611.6692206701855,0.00574578571729628,83,135,True
0.135,-0.13999999999999996,-0.10000000000000003,False,True,True,True,True,False,False,128,415,142,122,-0.020959876477718353,6549.071147600542,0.0063934345012188355,79,98,True
0.135,-0.12,-0.10000000000000003,False,True,True,True,True,False,False,146,455,134,116,-0.020959876477718353,4309.732538525944,0.006017808523403028,94,104,True
0.135,-0.09999999999999998,-0.10000000000000003,False,True,True,True,True,False,False,158,545,205,170,-0.020959876477718353,10271.182617187582,0.00755565017320583,137,183,True
0.135,-0.07999999999999996,-0.10000000000000003,False,True,True,True,True,False,False,150,524,216,189,-0.020959876477718353,6012.0641513038945,0.015970450342291102,141,183,True
0.135,-0.06,-0.10000000000000003,False,True,True,True,True,False,False,137,458,183,165,-0.020959876477718353,7498.28125000028,0.011489178792673096,132,185,True
0.135,-0.03999999999999998,-0.10000000000000003,False,True,True,True,True,False,False,147,491,155,139,-0.020959876477718353,7668.233398437786,0.008595887428105981,137,149,True
0.135,-0.019999999999999962,-0.10000000000000003,False,True,True,True,True,False,False,134,471,243,216,-0.020959891378879547,8285.84570312531,0.00881574992184129,125,213,True
0.135,0.0,-0.10000000000000003,False,True,True,True,True,False,False,124,427,174,146,-0.020959891378879547,7112.341796875265,0.011429877268222978,145,188,True
0.135,0.020000000000000018,-0.10000000000000003,False,True,True,True,True,False,False,116,392,141,116,-0.020959891378879547,7725.930664062788,0.010106793703851924,143,167,True
0.135,0.040000000000000036,-0.10000000000000003,False,True,True,True,True,False,False,129,456,155,113,-0.020959891378879547,6669.149902343998,0.009699895946404793,149,171,True
0.135,0.06,-0.10000000000000003,False,True,True,True,True,False,False,114,416,233,193,-0.020959891378879547,6623.0566406252465,0.012279214458531409,124,242,True
0.135,0.08000000000000002,-0.10000000000000003,False,True,True,True,True,False,False,112,411,163,147,-0.024276509881019592,6488.184570312742,0.014318571942749719,118,169,True
0.135,0.10000000000000003,-0.10000000000000003,False,True,True,True,True,False,False,95,328,146,138,-0.031248368322849274,9602.740348900441,0.011427328589574503,102,153,True
0.135,0.12000000000000005,-0.10000000000000003,False,True,True,True,True,False,False,84,295,121,111,-0.03287127614021301,7220.053710937769,0.014545696776256221,86,128,True
0.135,0.14000000000000007,-0.10000000000000003,False,True,True,True,True,False,False,70,247,96,82,-0.02440643310546875,6072.3251953127265,0.014840247365702325,93,120,True
0.135,0.15999999999999998,-0.10000000000000003,False,True,True,True,True,False,False,64,215,80,76,-0.020959876477718353,6310.488846358495,0.015340013035807997,88,105,True
0.135,0.18,-0.10000000000000003,False,True,True,True,True,False,False,82,299,82,70,-0.020959876477718353,6469.637207031302,0.030145540800059364,103,104,True
0.135,0.2,-0.10000000000000003,False,True,True,True,True,False,False,72,262,141,133,-0.02226368337869644,7041.932617187763,0.02393561419934494,80,149,True
0.135,0.22000000000000003,-0.10000000000000003,False,True,True,True,True,False,False,66,229,102,79,-0.022264018654823303,7677.7485351565365,0.01683203915586659,73,107,True
0.135,0.24000000000000005,-0.10000000000000003,False,True,True,True,True,False,False,50,169,69,64,-0.02162127196788788,7708.949218750061,0.0151271589929389,55,69,True
0.135,0.26000000000000006,-0.10000000000000003,True,False,True,True,True,True,False,35,123,67,52,-0.020959891378879547,6638.075683593997,0.0391671142531566,38,63,True
0.135,0.2800000000000001,-0.10000000000000003,True,False,True,True,True,True,False,33,119,65,53,-0.020959891378879547,6518.746582031493,0.04368736491777834,35,61,True
0.135,0.3,-0.10000000000000003,True,False,True,True,True,True,False,40,138,64,52,-0.020959891378879547,4212.434082031407,0.02430029293454994,46,60,True
0.135,0.32,-0.10000000000000003,True,False,True,True,True,True,False,36,128,51,44,-0.015396416187286377,6177.138183593799,0.03664793927166471,41,51,True
0.135,0.34,-0.10000000000000003,True,False,False,False,False,False,False,13,46,0,0,0.004430562257766724,0.0,1.5017576543430167e-08,15,0,False
0.135,0.36000000000000004,-0.10000000000000003,True,False,False,False,False,False,False,0,0,0,0,,0.0,1.5017576543430167e-08,0,0,False
0.135,0.38000000000000006,-0.10000000000000003,True,False,False,False,False,False,False,0,0,0,0,,0.0,1.5017576543430167e-08,0,0,False
0.135,0.4000000000000001,-0.10000000000000003,True,False,False,False,False,False,False,0,0,0,0,,0.0,1.5017576543430167e-08,0,0,False
0.135,0.42,-0.10000000000000003,True,False,False,False,False,False,False,0,0,0,0,,0.0,1.5017576543430167e-08,0,0,False
0.135,-0.42,-0.08000000000000002,True,False,False,False,False,False,False,0,0,0,0,,0.0,1.4901161193847656e-08,0,0,False
0.135,-0.39999999999999997,-0.08000000000000002,True,False,False,False,False,False,False,0,0,0,0,,0.0,1.4901161193847656e-08,0,0,False
0.135,-0.38,-0.08000000000000002,True,False,False,False,False,False,False,0,0,0,0,,0.0,1.4901161193847656e-08,0,0,False
0.135,-0.36,-0.08000000000000002,True,False,False,False,False,False,False,0,0,0,0,,0.0,1.4901161193847656e-08,0,0,False
0.135,-0.33999999999999997,-0.08000000000000002,True,False,False,False,False,False,False,15,57,0,0,0.0065818727016448975,0.0,1.4901161193847656e-08,17,0,False
0.135,-0.31999999999999995,-0.08000000000000002,True,False,True,True,True,True,False,38,138,62,36,-0.013416588306427002,6936.04152044052,0.02462418167790616,58,73,True
0.135,-0.3,-0.08000000000000002,True,False,True,True,True,True,False,52,183,81,63,-0.020959846675395966,7711.210937500287,0.03549725543584013,81,115,True
0.135,-0.27999999999999997,-0.08000000000000002,True,False,True,True,True,True,False,44,153,69,65,-0.020959846675395966,8064.877929687801,0.003989368898330214,76,114,True
0.135,-0.26,-0.08000000000000002,True,False,True,True,True,True,False,41,141,62,55,-0.02095986157655716,8390.581054687813,0.010901875784134527,76,105,True
0.135,-0.24,-0.08000000000000002,False,True,True,True,True,False,False,51,184,91,78,-0.02095986157655716,9267.303710937846,0.006038128665515418,87,157,True
0.135,-0.21999999999999997,-0.08000000000000002,False,True,True,True,True,False,False,62,216,104,92,-0.02095986157655716,8239.331054687807,0.006386693647789072,102,160,True
0.135,-0.19999999999999998,-0.08000000000000002,False,True,True,True,True,False,False,70,217,101,76,-0.023399874567985535,9082.830078125065,0.01594027437007658,113,152,True
0.135,-0.18,-0.08000000000000002,False,True,True,True,True,False,False,97,319,78,70,-0.027632907032966614,7610.585449218811,0.003371914080567574,142,148,True
0.135,-0.15999999999999998,-0.08000000000000002,False,True,True,True,True,False,False,107,373,155,111,-0.02095986157655716,6138.75683593767,0.004971350430227435,135,186,True
0.135,-0.13999999999999996,-0.08000000000000002,False,True,True,True,True,False,False,109,343,112,96,-0.02095986157655716,6333.963378906426,0.005415372247930265,145,157,True
0.135,-0.12,-0.08000000000000002,False,True,True,True,True,False,False,118,370,104,93,-0.020959876477718353,4862.5834960938855,0.008877447829082855,159,158,True
0.135,-0.09999999999999998,-0.08000000000000002,False,True,True,True,True,False,False,134,458,162,132,-0.020959876477718353,10723.944335937585,0.00789617132695016,171,234,True
0.135,-0.07999999999999996,-0.08000000000000002,False,True,True,True,True,False,False,131,461,189,167,-0.020959876477718353,5678.103515625157,0.00791912137948697,168,251,True
0.135,-0.06,-0.08000000000000002,False,True,True,True,True,False,False,118,413,166,142,-0.020959876477718353,6036.463867187668,0.0038861342060394063,138,199,True
0.135,-0.03999999999999998,-0.08000000000000002,False,True,True,True,True,False,False,132,438,140,121,-0.020959876477718353,5751.502441406465,0.014339935897821277,151,175,True
0.135,-0.019999999999999962,-0.08000000000000002,False,True,True,True,True,False,False,117,417,221,193,-0.02226322889328003,6726.904785156304,0.006974515613369114,143,228,True
0.135,0.0,-0.08000000000000002,False,True,True,True,True,False,False,114,397,158,140,-0.02226322889328003,6853.796386718941,0.007632071190341855,136,173,True
0.135,0.020000000000000018,-0.08000000000000002,False,True,True,True,True,False,False,100,339,123,107,-0.022263452410697937,5770.829589843965,0.006434425561380259,119,129,True
0.135,0.040000000000000036,-0.08000000000000002,False,True,True,True,True,False,False,118,393,127,105,-0.020959891378879547,4961.4316406251855,0.010254616560190024,133,134,True
0.135,0.06,-0.08000000000000002,False,True,True,True,True,False,False,127,451,206,181,-0.020959891378879547,7641.449218750285,0.012317196360586556,134,214,True
0.135,0.08000000000000002,-0.08000000000000002,False,True,True,True,True,False,False,135,459,165,144,-0.020959891378879547,7659.985839844036,0.009262210731651782,144,172,True
0.135,0.10000000000000003,-0.08000000000000002,False,True,True,True,True,False,False,119,396,169,144,-0.020959876477718353,8930.820395206763,0.008269960554183315,128,182,True
0.135,0.12000000000000005,-0.08000000000000002,False,True,True,True,True,False,False,100,353,128,118,-0.020959876477718353,6966.42480468776,0.0099706544653146,100,131,True
0.135,0.14000000000000007,-0.08000000000000002,False,True,True,True,True,False,False,79,276,103,89,-0.020959876477718353,6453.360839843991,0.0078000522241188485,76,97,True
0.135,0.15999999999999998,-0.08000000000000002,False,True,True,True,True,False,False,82,274,101,87,-0.020959876477718353,5342.590318818057,0.004209786539299682,84,101,True
0.135,0.18,-0.08000000000000002,False,True,True,True,True,False,False,94,322,94,77,-0.020959876477718353,4434.7709960939155,0.01707136037993172,92,93,True
0.135,0.2,-0.08000000000000002,False,True,True,True,True,False,False,84,294,149,133,-0.022264987230300903,6636.430664062747,0.01918101117852712,84,149,True
0.135,0.22000000000000003,-0.08000000000000002,False,True,True,True,True,False,False,79,257,107,83,-0.022264987230300903,6257.497558593984,0.01921163519506069,79,107,True
0.135,0.24000000000000005,-0.08000000000000002,False,True,True,True,True,False,False,56,187,69,64,-0.022264987230300903,7619.498046875061,0.023663443681910864,56,69,True
0.135,0.26000000000000006,-0.08000000000000002,True,False,True,True,True,True,False,36,127,63,56,-0.022264987230300903,6855.301757812756,0.03480604726621699,36,63,True
0.135,0.2800000000000001,-0.08000000000000002,True,False,True,True,True,True,False,33,121,61,57,-0.022264979779720306,8336.466796875311,0.01863365237623401,33,61,True
0.135,0.3,-0.08000000000000002,True,False,True,True,True,True,False,44,145,60,56,-0.022264979779720306,7597.119140625284,0.012114988237974345,44,60,True
0.135,0.32,-0.08000000000000002,True,False,True,True,True,True,False,38,129,50,43,-0.015396416187286377,8829.573822267563,0.03313426342230075,38,50,True
0.135,0.34,-0.08000000000000002,True,False,False,False,False,False,False,14,49,0,0,0.004430562257766724,0.0,1.4901161193847656e-08,14,0,False
0.135,0.36000000000000004,-0.08000000000000002,True,False,False,False,False,False,False,0,0,0,0,,0.0,1.4901161193847656e-08,0,0,False
0.135,0.38000000000000006,-0.08000000000000002,True,False,False,False,False,False,False,0,0,0,0,,0.0,1.4901161193847656e-08,0,0,False
0.135,0.4000000000000001,-0.08000000000000002,True,False,False,False,False,False,False,0,0,0,0,,0.0,1.4901161193847656e-08,0,0,False
0.135,0.42,-0.08000000000000002,True,False,False,False,False,False,False,0,0,0,0,,0.0,1.4901161193847656e-08,0,0,False
0.135,-0.42,-0.06,True,False,False,False,False,False,False,0,0,0,0,,0.0,1.4901161193847656e-08,0,0,False
0.135,-0.39999999999999997,-0.06,True,False,False,False,False,False,False,0,0,0,0,,0.0,1.4901161193847656e-08,0,0,False
0.135,-0.38,-0.06,True,False,False,False,False,False,False,0,0,0,0,,0.0,1.4901161193847656e-08,0,0,False
0.135,-0.36,-0.06,True,False,False,False,False,False,False,0,0,0,0,,0.0,1.4901161193847656e-08,0,0,False
0.135,-0.33999999999999997,-0.06,True,False,False,False,False,False,False,24,63,0,0,0.00657905638217926,0.0,1.4901161193847656e-08,25,0,False
0.135,-0.31999999999999995,-0.06,True,False,True,True,True,True,False,50,172,59,37,-0.013416588306427002,5525.911477052713,0.025787133317062807,63,66,True
0.135,-0.3,-0.06,True,False,True,True,True,True,False,66,221,72,54,-0.02095983177423477,7991.306152344048,0.004099879415141274,87,103,True
0.135,-0.27999999999999997,-0.06,True,False,True,True,True,True,False,60,206,65,61,-0.02095983177423477,7518.05175781278,0.05380566127777108,80,95,True
0.135,-0.26,-0.06,True,False,True,True,True,True,False,63,215,58,51,-0.02095983177423477,8129.187500000303,0.021287998572818347,83,73,True
0.135,-0.24,-0.06,False,True,True,True,True,False,False,70,240,90,75,-0.02095983177423477,8207.642578125306,0.018453223381609887,88,129,True
0.135,-0.21999999999999997,-0.06,False,True,True,True,True,False,False,80,273,108,95,-0.020959846675395966,8157.830566406554,0.013098511263044762,98,142,True
0.135,-0.19999999999999998,-0.06,False,True,True,True,True,False,False,91,295,107,85,-0.020959846675395966,5641.44140625021,0.009539978538997278,107,130,True
0.135,-0.18,-0.06,False,True,True,True,True,False,False,111,364,80,71,-0.020959846675395966,7513.03808593756,0.012649966273201588,127,106,True
0.135,-0.15999999999999998,-0.06,False,True,True,True,True,False,False,108,361,131,102,-0.020959846675395966,6870.842773437691,0.008838904910040994,124,160,True
0.135,-0.13999999999999996,-0.06,False,True,True,True,True,False,False,109,344,94,88,-0.020959846675395966,6369.378906250177,0.0077986178452470935,121,106,True
0.135,-0.12,-0.06,False,True,True,True,True,False,False,135,402,97,87,-0.020959846675395966,4837.16894531268,0.0058540803220327306,152,112,True
0.135,-0.09999999999999998,-0.06,False,True,True,True,True,False,False,141,474,150,126,-0.02095986157655716,9261.058593750075,0.01121603163044611,161,179,True
0.135,-0.07999999999999996,-0.06,False,True,True,True,True,False,False,131,452,146,129,-0.02095986157655716,7662.702148437786,0.008377818901688346,151,169,True
0.135,-0.06,-0.06,False,True,True,True,True,False,False,118,408,140,130,-0.02095986157655716,6956.193847656509,0.00950173461496095,129,155,True
0.135,-0.03999999999999998,-0.06,False,True,True,True,True,False,False,137,467,122,109,-0.03730250149965286,9205.971679687598,0.009477973096549686,146,131,True
0.135,-0.019999999999999962,-0.06,False,True,True,True,True,False,False,145,494,195,177,-0.04472827538847923,7513.55224609403,0.007265022097144334,153,206,True
0.135,0.0,-0.06,False,True,True,True,True,False,False,144,484,151,126,-0.03641071170568466,7368.588378906525,0.008148848554010291,150,158,True
0.135,0.020000000000000018,-0.06,False,True,True,True,True,False,False,141,452,127,105,-0.028101123869419098,7689.1860351565365,0.015108421391939136,150,129,True
0.135,0.040000000000000036,-0.06,False,True,True,True,True,False,False,164,529,135,103,-0.0229974165558815,7375.635742187775,0.015967206057483783,174,139,True
0.135,0.06,-0.06,False,True,True,True,True,False,False,162,556,200,166,-0.020959876477718353,7175.264160156517,0.012811164558098116,173,221,True
0.135,0.08000000000000002,-0.06,False,True,True,True,True,False,False,172,575,176,150,-0.020959876477718353,6997.166503906511,0.012898624533006236,182,182,True
0.135,0.10000000000000003,-0.06,False,True,True,True,True,False,False,170,546,184,158,-0.02095986157655716,9241.839373014536,0.008837110172225923,175,188,True
0.135,0.12000000000000005,-0.06,False,True,True,True,True,False,False,155,502,138,117,-0.02095986157655716,6812.524902344004,0.010874353697602852,159,142,True
0.135,0.14000000000000007,-0.06,False,True,True,True,True,False,False,125,408,112,95,-0.02095986157655716,6489.362792968992,0.010555340607346546,129,116,True
0.135,0.15999999999999998,-0.06,False,True,True,True,True,False,False,120,392,107,92,-0.02095986157655716,6270.268649384257,0.009481056661180796,127,112,True
0.135,0.18,-0.06,False,True,True,True,True,False,False,150,476,125,108,-0.020959876477718353,6888.6860351563055,0.009521764458568645,151,125,True
0.135,0.2,-0.06,False,True,True,True,True,False,False,149,485,171,164,-0.020959876477718353,5896.82080078147,0.012822105638942259,149,171,True
0.135,0.22000000000000003,-0.06,False,True,True,True,True,False,False,128,422,132,99,-0.020959876477718353,6239.536132812733,0.014934527006836517,128,133,True
0.135,0.24000000000000005,-0.06,False,True,True,True,True,False,False,102,328,112,95,-0.020959876477718353,7723.354980468812,0.009757991610063396,102,112,True
0.135,0.26000000000000006,-0.06,True,False,True,True,True,True,False,84,281,75,68,-0.020959876477718353,6262.208984375233,0.009691875244930277,84,75,True
0.135,0.2800000000000001,-0.06,True,False,True,True,True,True,False,75,242,73,66,-0.020959876477718353,7268.025603937316,0.03258304511681296,75,73,True
0.135,0.3,-0.06,True,False,True,True,True,True,False,84,268,72,67,-0.020959891378879547,6745.038085937751,0.01883754155527733,86,76,True
0.135,0.32,-0.06,True,False,True,True,True,True,False,68,197,56,52,-0.015396416187286377,5561.915039062545,0.008847379599008564,68,56,True
0.135,0.34,-0.06,True,False,False,False,False,False,False,21,61,0,0,0.004427388310432434,0.0,1.4901161193847656e-08,22,0,False
0.135,0.36000000000000004,-0.06,True,False,False,False,False,False,False,0,0,0,0,,0.0,1.4901161193847656e-08,0,0,False
0.135,0.38000000000000006,-0.06,True,False,False,False,False,False,False,0,0,0,0,,0.0,1.4901161193847656e-08,0,0,False
0.135,0.4000000000000001,-0.06,True,False,False,False,False,False,False,0,0,0,0,,0.0,1.4901161193847656e-08,0,0,False
0.135,0.42,-0.06,True,False,False,False,False,False,False,0,0,0,0,,0.0,1.4901161193847656e-08,0,0,False
0.135,-0.42,-0.040000000000000036,True,False,False,False,False,False,False,0,0,0,0,,0.0,1.4901161193847656e-08,0,0,False
0.135,-0.39999999999999997,-0.040000000000000036,True,False,False,False,False,False,False,0,0,0,0,,0.0,1.4901161193847656e-08,0,0,False
0.135,-0.38,-0.040000000000000036,True,False,False,False,False,False,False,0,0,0,0,,0.0,1.4901161193847656e-08,0,0,False
0.135,-0.36,-0.040000000000000036,True,False,False,False,False,False,False,0,0,0,0,,0.0,1.4901161193847656e-08,0,0,False
0.135,-0.33999999999999997,-0.040000000000000036,True,False,False,False,False,False,False,25,76,0,0,0.006578236818313599,0.0,1.4901161193847656e-08,26,0,False
0.135,-0.31999999999999995,-0.040000000000000036,True,False,True,True,True,True,False,57,199,83,53,-0.013416588306427002,5483.48172286111,0.04622827244159997,69,90,True
0.135,-0.3,-0.040000000000000036,True,False,True,True,True,True,False,71,246,117,72,-0.02095983177423477,7146.6113281252665,0.03160545562246106,93,151,True
0.135,-0.27999999999999997,-0.040000000000000036,True,False,True,True,True,True,False,67,234,105,87,-0.02095983177423477,7587.872070312783,0.05271299179261462,88,135,True
0.135,-0.26,-0.040000000000000036,True,False,True,True,True,True,False,67,231,100,76,-0.02095983177423477,6255.440429687734,0.020366186147516934,87,115,True
0.135,-0.24,-0.040000000000000036,False,True,True,True,True,False,False,77,279,136,109,-0.02095983177423477,7469.021972656309,0.015881293116699457,94,175,True
0.135,-0.21999999999999997,-0.040000000000000036,False,True,True,True,True,False,False,94,324,141,113,-0.02095983177423477,8214.128906250307,0.01578438245113197,110,172,True
0.135,-0.19999999999999998,-0.040000000000000036,False,True,True,True,True,False,False,104,341,140,99,-0.020959846675395966,7711.460937500287,0.01615204350786571,117,166,True
0.135,-0.18,-0.040000000000000036,False,True,True,True,True,False,False,116,395,137,111,-0.020959846675395966,6526.809570312743,0.01760399314026483,137,156,True
0.135,-0.15999999999999998,-0.040000000000000036,False,True,True,True,True,False,False,112,397,171,125,-0.020959846675395966,7147.715645447654,0.013109918994938677,130,207,True
0.135,-0.13999999999999996,-0.040000000000000036,False,True,True,True,True,False,False,132,429,146,114,-0.020959846675395966,6133.353515625228,0.011625230740064437,146,153,True
0.135,-0.12,-0.040000000000000036,False,True,True,True,True,False,False,146,478,183,144,-0.020959846675395966,6263.963867187734,0.010838700423337979,163,194,True
0.135,-0.09999999999999998,-0.040000000000000036,False,True,True,True,True,False,False,151,530,225,175,-0.020959846675395966,8474.124023437567,0.008914306243276712,170,252,True
0.135,-0.07999999999999996,-0.040000000000000036,False,True,True,True,True,False,False,143,499,209,167,-0.02095986157655716,7426.0034179690265,0.0066859740962633835,158,235,True
0.135,-0.06,-0.040000000000000036,False,True,True,True,True,False,False,130,464,195,159,-0.02095986157655716,7740.497558594038,0.007309046075522109,131,221,True
0.135,-0.03999999999999998,-0.040000000000000036,False,True,True,True,True,False,False,154,552,185,147,-0.02095986157655716,7656.356445312786,0.005791923152267873,153,189,True
0.135,-0.019999999999999962,-0.040000000000000036,False,True,True,True,True,False,False,156,557,294,256,-0.02095986157655716,7656.641601562786,0.004524610938869998,157,292,True
0.135,0.0,-0.040000000000000036,False,True,True,True,True,False,False,163,588,257,200,-0.02095986157655716,7847.543457031543,0.00674495222905908,160,247,True
0.135,0.020000000000000018,-0.040000000000000036,False,True,True,True,True,False,False,153,535,228,174,-0.02095986157655716,6405.131347656489,0.003724800344866232,157,203,True
0.135,0.040000000000000036,-0.040000000000000036,False,True,True,True,True,False,False,170,598,235,169,-0.020959876477718353,6328.7285156252365,0.003485377774760493,179,207,True
0.135,0.06,-0.040000000000000036,False,True,True,True,True,False,False,169,620,311,256,-0.020959876477718353,6205.128417968981,0.004173018412451036,177,306,True
0.135,0.08000000000000002,-0.040000000000000036,False,True,True,True,True,False,False,181,647,259,217,-0.020959876477718353,6358.602050781487,0.005231107187630189,182,242,True
0.135,0.10000000000000003,-0.040000000000000036,False,True,True,True,True,False,False,184,630,262,213,-0.02095986157655716,7114.329516611428,0.005172665944325165,181,243,True
0.135,0.12000000000000005,-0.040000000000000036,False,True,True,True,True,False,False,169,591,231,179,-0.02095986157655716,5104.32666015644,0.0026317408297405224,167,222,True
0.135,0.14000000000000007,-0.040000000000000036,False,True,True,True,True,False,False,149,493,163,127,-0.02095986157655716,5389.748737005115,0.0014491588956186332,149,162,True
0.135,0.15999999999999998,-0.040000000000000036,False,True,True,True,True,False,False,128,414,142,120,-0.02095986157655716,5176.854981943783,0.0034013763583805286,128,146,True
0.135,0.18,-0.040000000000000036,False,True,True,True,True,False,False,159,524,164,130,-0.02095986157655716,5822.9414062502165,0.00865491642949692,158,164,True
0.135,0.2,-0.040000000000000036,False,True,True,True,True,False,False,134,459,221,192,-0.020959876477718353,6199.252929687731,0.008841069170816935,143,229,True
0.135,0.22000000000000003,-0.040000000000000036,False,True,True,True,True,False,False,113,403,168,119,-0.020959876477718353,6682.230468750249,0.007640958054993417,126,176,True
0.135,0.24000000000000005,-0.040000000000000036,False,True,True,True,True,False,False,86,290,133,116,-0.020959876477718353,8691.71582031257,0.008864504740951639,102,141,True
0.135,0.26000000000000006,-0.040000000000000036,True,False,True,True,True,True,False,65,235,120,99,-0.020959876477718353,5788.970200477408,0.00978896805377093,80,128,True
0.135,0.2800000000000001,-0.040000000000000036,True,False,True,True,True,True,False,59,212,116,101,-0.020959876477718353,7755.005714091332,0.035720215574378086,75,124,True
0.135,0.3,-0.040000000000000036,True,False,True,True,True,True,False,63,216,108,93,-0.020959876477718353,4079.6513671875327,0.016068973489706397,79,112,True
0.135,0.32,-0.040000000000000036,True,False,True,True,True,True,False,57,198,68,61,-0.015396416187286377,6294.6645507813,0.0311242560834478,65,68,True
0.135,0.34,-0.040000000000000036,True,False,False,False,False,False,False,22,64,0,0,0.004426747560501099,0.0,1.4901161193847656e-08,23,0,False
0.135,0.36000000000000004,-0.040000000000000036,True,False,False,False,False,False,False,0,0,0,0,,0.0,1.4901161193847656e-08,0,0,False
0.135,0.38000000000000006,-0.040000000000000036,True,False,False,False,False,False,False,0,0,0,0,,0.0,1.4901161193847656e-08,0,0,False
0.135,0.4000000000000001,-0.040000000000000036,True,False,False,False,False,False,False,0,0,0,0,,0.0,1.4901161193847656e-08,0,0,False
0.135,0.42,-0.040000000000000036,True,False,False,False,False,False,False,0,0,0,0,,0.0,1.4901161193847656e-08,0,0,False
0.135,-0.42,-0.020000000000000018,True,False,False,False,False,False,False,0,0,0,0,,0.0,1.4901161193847656e-08,0,0,False
0.135,-0.39999999999999997,-0.020000000000000018,True,False,False,False,False,False,False,0,0,0,0,,0.0,1.4901161193847656e-08,0,0,False
0.135,-0.38,-0.020000000000000018,True,False,False,False,False,False,False,0,0,0,0,,0.0,1.4901161193847656e-08,0,0,False
0.135,-0.36,-0.020000000000000018,True,False,False,False,False,False,False,0,0,0,0,,0.0,1.4901161193847656e-08,0,0,False
0.135,-0.33999999999999997,-0.020000000000000018,True,False,False,False,False,False,False,18,59,0,0,0.006578236818313599,0.0,1.4901161193847656e-08,22,0,False
0.135,-0.31999999999999995,-0.020000000000000018,True,False,True,True,True,True,False,43,144,67,45,-0.013416588306427002,5643.674874788135,0.07713044743551252,64,80,True
0.135,-0.3,-0.020000000000000018,True,False,True,True,True,True,False,64,213,89,59,-0.02095983177423477,6426.903808593989,0.02182342331315304,89,128,True
0.135,-0.27999999999999997,-0.020000000000000018,True,False,True,True,True,True,False,59,203,79,67,-0.02095983177423477,5810.9257812502165,0.06434041467366997,80,110,True
0.135,-0.26,-0.020000000000000018,True,False,True,True,True,True,False,61,211,76,57,-0.02095983177423477,5790.800781250216,0.03032757764989445,81,109,True
0.135,-0.24,-0.020000000000000018,False,True,True,True,True,False,False,66,237,123,96,-0.02095983177423477,5947.7050781251655,0.024092305974369992,86,156,True
0.135,-0.21999999999999997,-0.020000000000000018,False,True,True,True,True,False,False,76,263,118,100,-0.02095983177423477,6656.355957031304,0.016590992737336576,97,160,True
0.135,-0.19999999999999998,-0.020000000000000018,False,True,True,True,True,False,False,89,282,109,90,-0.02095983177423477,6453.813964843929,0.012181441437431136,107,146,True
0.135,-0.18,-0.020000000000000018,False,True,True,True,True,False,False,97,317,111,92,-0.020959846675395966,6903.1801757813055,0.008015267960515937,124,131,True
0.135,-0.15999999999999998,-0.020000000000000018,False,True,True,True,True,False,False,105,347,137,97,-0.020959846675395966,5652.488769531461,0.006622606941993451,123,188,True
0.135,-0.13999999999999996,-0.020000000000000018,False,True,True,True,True,False,False,113,370,129,96,-0.020959846675395966,5104.24023437519,0.005236710985224945,131,134,True
0.135,-0.12,-0.020000000000000018,False,True,True,True,True,False,False,133,424,153,122,-0.020959846675395966,5193.120117187694,0.006116754418096347,152,162,True
0.135,-0.09999999999999998,-0.020000000000000018,False,True,True,True,True,False,False,137,465,194,152,-0.020959846675395966,8916.862898683205,0.005955695604602804,160,225,True
0.135,-0.07999999999999996,-0.020000000000000018,False,True,True,True,True,False,False,132,452,195,146,-0.020959846675395966,8881.930664062831,0.00828681658026709,147,212,True
0.135,-0.06,-0.020000000000000018,False,True,True,True,True,False,False,119,417,175,133,-0.02095986157655716,7853.033691406543,0.0057750683880247065,122,198,True
0.135,-0.03999999999999998,-0.020000000000000018,False,True,True,True,True,False,False,142,497,161,129,-0.02095986157655716,7486.313964844029,0.006600097623435142,143,164,True
0.135,-0.019999999999999962,-0.020000000000000018,False,True,True,True,True,False,False,138,483,265,234,-0.02095986157655716,7454.906250000277,0.00708716062368086,142,264,True
0.135,0.0,-0.020000000000000018,False,True,True,True,True,False,False,149,507,218,162,-0.02095986157655716,6923.662597656508,0.012945185243045419,167,220,True
0.135,0.020000000000000018,-0.020000000000000018,False,True,True,True,True,False,False,134,442,178,148,-0.02095986157655716,6454.058105468991,0.01385024510505669,148,173,True
0.135,0.040000000000000036,-0.020000000000000018,False,True,True,True,True,False,False,144,481,174,138,-0.02095986157655716,6323.497070312736,0.009034544149348617,176,172,True
0.135,0.06,-0.020000000000000018,False,True,True,True,True,False,False,142,506,248,203,-0.02095986157655716,6174.57324218773,0.009827395280949416,169,280,True
0.135,0.08000000000000002,-0.020000000000000018,False,True,True,True,True,False,False,139,492,210,182,-0.020959876477718353,5930.080078125221,0.008172003266916032,164,213,True
0.135,0.10000000000000003,-0.020000000000000018,False,True,True,True,True,False,False,143,486,202,175,-0.02095986157655716,8752.03415498864,0.007671584517411048,162,211,True
0.135,0.12000000000000005,-0.020000000000000018,False,True,True,True,True,False,False,129,459,183,154,-0.02095986157655716,5936.895507812722,0.007828694362473663,147,194,True
0.135,0.14000000000000007,-0.020000000000000018,False,True,True,True,True,False,False,113,379,124,104,-0.02095986157655716,5901.92431640647,0.009935025640267135,128,136,True
0.135,0.15999999999999998,-0.020000000000000018,False,True,True,True,True,False,False,89,298,109,97,-0.02095986157655716,6304.581054687736,0.010888235521871395,105,120,True
0.135,0.18,-0.020000000000000018,False,True,True,True,True,False,False,118,412,126,114,-0.02095986157655716,7430.182128906309,0.007053181544899966,132,126,True
0.135,0.2,-0.020000000000000018,False,True,True,True,True,False,False,106,375,188,184,-0.02095986157655716,6521.960449218994,0.011225783223502055,118,188,True
0.135,0.22000000000000003,-0.020000000000000018,False,True,True,True,True,False,False,89,318,140,110,-0.020959876477718353,6417.933593750239,0.0068597697575358135,99,140,True
0.135,0.24000000000000005,-0.020000000000000018,False,True,True,True,True,False,False,71,232,106,101,-0.020959876477718353,8810.120117187571,0.014636666764858584,82,106,True
0.135,0.26000000000000006,-0.020000000000000018,True,False,True,True,True,True,False,56,190,93,83,-0.020959876477718353,5482.593750000205,0.017047140139723964,66,93,True
0.135,0.2800000000000001,-0.020000000000000018,True,False,True,True,True,True,False,57,188,89,85,-0.020959876477718353,5192.496582031444,0.06272531191455628,63,89,True
0.135,0.3,-0.020000000000000018,True,False,True,True,True,True,False,58,191,86,78,-0.020959876477718353,5710.887695312713,0.017674996479721462,65,86,True
0.135,0.32,-0.020000000000000018,True,False,True,True,True,True,False,44,156,56,52,-0.015421509742736816,6248.948730468799,0.037631310175522646,49,56,True
0.135,0.34,-0.020000000000000018,True,False,False,False,False,False,False,18,61,0,0,0.004426747560501099,0.0,1.4901161193847656e-08,19,0,False
0.135,0.36000000000000004,-0.020000000000000018,True,False,False,False,False,False,False,0,0,0,0,,0.0,1.4901161193847656e-08,0,0,False
0.135,0.38000000000000006,-0.020000000000000018,True,False,False,False,False,False,False,0,0,0,0,,0.0,1.4901161193847656e-08,0,0,False
0.135,0.4000000000000001,-0.020000000000000018,True,False,False,False,False,False,False,0,0,0,0,,0.0,1.4901161193847656e-08,0,0,False
0.135,0.42,-0.020000000000000018,True,False,False,False,False,False,False,0,0,0,0,,0.0,1.4901161193847656e-08,0,0,False
0.135,-0.42,0.0,True,False,False,False,False,False,False,0,0,0,0,,0.0,1.4901161193847656e-08,0,0,False
0.135,-0.39999999999999997,0.0,True,False,False,False,False,False,False,0,0,0,0,,0.0,1.4901161193847656e-08,0,0,False
0.135,-0.38,0.0,True,False,False,False,False,False,False,0,0,0,0,,0.0,1.4901161193847656e-08,0,0,False
0.135,-0.36,0.0,True,False,False,False,False,False,False,0,0,0,0,,0.0,1.4901161193847656e-08,0,0,False
0.135,-0.33999999999999997,0.0,True,False,False,False,False,False,False,16,57,0,0,0.006578236818313599,0.0,1.4901161193847656e-08,20,0,False
0.135,-0.31999999999999995,0.0,True,False,True,True,True,True,False,32,117,55,45,-0.013416588306427002,7368.500720423443,0.03569816235978345,56,79,True
0.135,-0.3,0.0,True,False,True,True,True,True,False,54,165,74,40,-0.020959816873073578,4516.389160156286,0.032183206794920274,82,115,True
0.135,-0.27999999999999997,0.0,True,False,True,True,True,True,False,46,145,65,42,-0.02095983177423477,5073.12183509488,0.07855098192565821,76,92,True
0.135,-0.26,0.0,True,False,True,True,True,True,False,46,148,69,42,-0.02095983177423477,5892.918044492179,0.02411100094823297,73,87,True
0.135,-0.24,0.0,False,True,True,True,True,False,False,58,190,81,61,-0.02095983177423477,6384.795898437551,0.013454347436286762,82,147,True
0.135,-0.21999999999999997,0.0,False,True,True,True,True,False,False,62,199,78,59,-0.02095983177423477,6669.284179687554,0.01636500695140989,91,149,True
0.135,-0.19999999999999998,0.0,False,True,True,True,True,False,False,68,205,82,62,-0.02095983177423477,6298.788085937735,0.011389626883001125,99,135,True
0.135,-0.18,0.0,False,True,True,True,True,False,False,87,243,77,64,-0.02095983177423477,8713.90527343757,0.005434391315515553,119,124,True
0.135,-0.15999999999999998,0.0,False,True,True,True,True,False,False,93,296,100,70,-0.020959846675395966,5878.420265797108,0.007792970476444873,117,181,True
0.135,-0.13999999999999996,0.0,False,True,True,True,True,False,False,102,316,94,76,-0.020959846675395966,4981.9848632814355,0.008559888441847706,123,131,True
0.135,-0.12,0.0,False,True,True,True,True,False,False,110,338,125,101,-0.020959846675395966,4989.8598632814355,0.007584743257378319,140,162,True
0.135,-0.09999999999999998,0.0,False,True,True,True,True,False,False,114,364,150,122,-0.020959846675395966,9048.620657418653,0.007459049788396097,150,224,True
0.135,-0.07999999999999996,0.0,False,True,True,True,True,False,False,106,358,143,119,-0.020959846675395966,7627.350585937785,0.007058427214793149,141,213,True
0.135,-0.06,0.0,False,True,True,True,True,False,False,97,331,125,109,-0.020959846675395966,7254.748046875271,0.007468418779496099,120,200,True
0.135,-0.03999999999999998,0.0,False,True,True,True,True,False,False,116,398,118,98,-0.02095986157655716,6912.588867187757,0.006473702609730679,135,163,True
0.135,-0.019999999999999962,0.0,False,True,True,True,True,False,False,124,425,201,171,-0.02095986157655716,5590.355468750208,0.009333482275171527,130,253,True
0.135,0.0,0.0,False,True,True,True,True,False,False,134,412,163,116,-0.02095986157655716,6024.475097656475,0.009168683985729825,140,211,True
0.135,0.020000000000000018,0.0,False,True,True,True,True,False,False,114,357,129,109,-0.02095986157655716,6097.085937500227,0.008840729915037367,135,168,True
0.135,0.040000000000000036,0.0,False,True,True,True,True,False,False,125,401,155,117,-0.02095986157655716,6037.715820312726,0.008564564206619071,155,171,True
0.135,0.06,0.0,False,True,True,True,True,False,False,122,431,209,169,-0.02095986157655716,6053.698242187726,0.01200036025195248,148,279,True
0.135,0.08000000000000002,0.0,False,True,True,True,True,False,False,125,441,188,172,-0.02095986157655716,5026.540039062687,0.006861228336948867,142,211,True
0.135,0.10000000000000003,0.0,False,True,True,True,True,False,False,135,449,199,173,-0.020959846675395966,9193.39345938427,0.006795558477888202,137,207,True
0.135,0.12000000000000005,0.0,False,True,True,True,True,False,False,124,431,178,146,-0.02095986157655716,5077.07128906254,0.008041145410108046,122,190,True
0.135,0.14000000000000007,0.0,False,True,True,True,True,False,False,106,356,119,99,-0.02095986157655716,6055.890995495246,0.01298773226450501,106,136,True
0.135,0.15999999999999998,0.0,False,True,True,True,True,False,False,88,298,106,100,-0.02095986157655716,5133.672363281441,0.008502848725816617,85,117,True
0.135,0.18,0.0,False,True,True,True,True,False,False,116,398,126,108,-0.02095986157655716,8736.41796875007,0.005671237656211041,113,126,True
0.135,0.2,0.0,False,True,True,True,True,False,False,109,377,191,175,-0.02095986157655716,6621.534667968997,0.01257120211599415,99,188,True
0.135,0.22000000000000003,0.0,False,True,True,True,True,False,False,87,312,140,110,-0.02095986157655716,6668.755859375248,0.010711105526191762,81,140,True
0.135,0.24000000000000005,0.0,False,True,True,True,True,False,False,67,231,105,100,-0.020959876477718353,7684.854492187562,0.01762313085762983,62,106,True
0.135,0.26000000000000006,0.0,True,False,True,True,True,True,False,52,186,96,78,-0.020959876477718353,5972.73003487966,0.017921467842676127,48,93,True
0.135,0.2800000000000001,0.0,True,False,True,True,True,True,False,49,173,85,77,-0.020959876477718353,6696.218261719,0.04624997028191212,45,89,True
0.135,0.3,0.0,True,False,True,True,True,True,False,52,179,86,74,-0.020959876477718353,3917.527587890771,0.016761166598200986,47,86,True
0.135,0.32,0.0,True,False,True,True,True,True,False,41,147,56,52,-0.015421509742736816,7988.014648437564,0.046337837533685394,40,56,True
0.135,0.34,0.0,True,False,False,False,False,False,False,16,55,0,0,0.004426747560501099,0.0,1.4901161193847656e-08,15,0,False
0.135,0.36000000000000004,0.0,True,False,False,False,False,False,False,0,0,0,0,,0.0,1.4901161193847656e-08,0,0,False
0.135,0.38000000000000006,0.0,True,False,False,False,False,False,False,0,0,0,0,,0.0,1.4901161193847656e-08,0,0,False
0.135,0.4000000000000001,0.0,True,False,False,False,False,False,False,0,0,0,0,,0.0,1.4901161193847656e-08,0,0,False
0.135,0.42,0.0,True,False,False,False,False,False,False,0,0,0,0,,0.0,1.4901161193847656e-08,0,0,False
0.135,-0.42,0.019999999999999962,True,False,False,False,False,False,False,0,0,0,0,,0.0,1.4901161193847656e-08,0,0,False
0.135,-0.39999999999999997,0.019999999999999962,True,False,False,False,False,False,False,0,0,0,0,,0.0,1.4901161193847656e-08,0,0,False
0.135,-0.38,0.019999999999999962,True,False,False,False,False,False,False,0,0,0,0,,0.0,1.4901161193847656e-08,0,0,False
0.135,-0.36,0.019999999999999962,True,False,False,False,False,False,False,0,0,0,0,,0.0,1.4901161193847656e-08,0,0,False
0.135,-0.33999999999999997,0.019999999999999962,True,False,False,False,False,False,False,16,57,0,0,0.006578236818313599,0.0,1.4901161193847656e-08,20,0,False
0.135,-0.31999999999999995,0.019999999999999962,True,False,True,True,True,True,False,27,98,55,45,-0.013416588306427002,5487.698256346517,0.05582469495249644,61,82,True
0.135,-0.3,0.019999999999999962,True,False,True,True,True,True,False,36,123,66,40,-0.020959816873073578,4556.32519531267,0.020210507314243894,88,126,True
0.135,-0.27999999999999997,0.019999999999999962,True,False,True,True,True,True,False,34,118,50,42,-0.020959816873073578,6220.578125000232,0.08043766272245947,80,103,True
0.135,-0.26,0.019999999999999962,True,False,True,True,True,True,False,33,123,57,42,-0.02095983177423477,5950.897238247831,0.031936171465352804,79,98,True
0.135,-0.24,0.019999999999999962,False,True,True,True,True,False,False,39,139,69,61,-0.02095983177423477,6437.67333984399,0.018626290550760014,89,173,True
0.135,-0.21999999999999997,0.019999999999999962,False,True,True,True,True,False,False,43,150,67,59,-0.02095983177423477,6481.551757812741,0.00961870076000325,96,174,True
0.135,-0.19999999999999998,0.019999999999999962,False,True,True,True,True,False,False,47,162,70,62,-0.02095983177423477,6865.234863281305,0.012019437387837784,103,145,True
0.135,-0.18,0.019999999999999962,False,True,True,True,True,False,False,46,164,72,64,-0.02095983177423477,7492.88183593756,0.0057839780827488385,122,132,True
0.135,-0.15999999999999998,0.019999999999999962,False,True,True,True,True,False,False,44,155,54,46,-0.02095983177423477,5911.50804398434,0.007990823089912624,122,193,True
0.135,-0.13999999999999996,0.019999999999999962,False,True,True,True,True,False,False,56,185,54,46,-0.020959846675395966,5030.220727272283,0.007166508661318209,127,141,True
0.135,-0.12,0.019999999999999962,False,True,True,True,True,False,False,64,229,96,80,-0.020959846675395966,4384.266113281414,0.002926819824454283,146,162,True
0.135,-0.09999999999999998,0.019999999999999962,False,True,True,True,True,False,False,66,241,113,101,-0.020959846675395966,9610.651367187576,0.0030959688125592956,156,225,True
0.135,-0.07999999999999996,0.019999999999999962,False,True,True,True,True,False,False,61,224,91,79,-0.020959846675395966,6119.292968750228,0.00380556038452272,147,212,True
0.135,-0.06,0.019999999999999962,False,True,True,True,True,False,False,52,194,91,79,-0.020959846675395966,4869.217773437681,0.00942029419676849,123,197,True
0.135,-0.03999999999999998,0.019999999999999962,False,True,True,True,True,False,False,70,263,91,79,-0.020959846675395966,4857.544921875181,0.00939020565882796,143,164,True
0.135,-0.019999999999999962,0.019999999999999962,False,True,True,True,True,False,False,77,282,159,135,-0.02095986157655716,4844.168945312681,0.00917453003402328,136,264,True
0.135,0.0,0.019999999999999962,False,True,True,True,True,False,False,80,296,142,106,-0.02095986157655716,6877.5493164065065,0.009375812721723255,143,208,True
0.135,0.020000000000000018,0.019999999999999962,False,True,True,True,True,False,False,74,265,117,105,-0.02095986157655716,7212.963378906519,0.009418529146505776,144,173,True
0.135,0.040000000000000036,0.019999999999999962,False,True,True,True,True,False,False,76,268,117,105,-0.02095986157655716,7610.957519531534,0.00925578601094906,170,171,True
0.135,0.06,0.019999999999999962,False,True,True,True,True,False,False,81,300,146,133,-0.02095986157655716,5158.816894531443,0.009283648298942786,162,280,True
0.135,0.08000000000000002,0.019999999999999962,False,True,True,True,True,False,False,93,340,152,136,-0.02095986157655716,5342.414062500199,0.009454341681065431,158,212,True
0.135,0.10000000000000003,0.019999999999999962,False,True,True,True,True,False,False,102,354,159,143,-0.03125932812690735,13197.884574738815,0.007825528520863248,154,207,True
0.135,0.12000000000000005,0.019999999999999962,False,True,True,True,True,False,False,92,332,135,116,-0.030535422265529633,5032.409667968937,0.009390859923826073,138,190,True
0.135,0.14000000000000007,0.019999999999999962,False,True,True,True,True,False,False,80,267,88,82,-0.02841421216726303,6890.436587778202,0.009298123369589328,121,132,True
0.135,0.15999999999999998,0.019999999999999962,False,True,True,True,True,False,False,70,229,81,77,-0.02095986157655716,5467.88602111236,0.003339341100640285,99,116,True
0.135,0.18,0.019999999999999962,False,True,True,True,True,False,False,92,311,107,99,-0.02095986157655716,7468.545410156309,0.008415904199154828,126,126,True
0.135,0.2,0.019999999999999962,False,True,True,True,True,False,False,92,307,145,137,-0.02095986157655716,6029.040527343798,0.008161420078596457,112,188,True
0.135,0.22000000000000003,0.019999999999999962,False,True,True,True,True,False,False,75,266,113,95,-0.02095986157655716,7436.945800781527,0.016543842867550455,93,140,True
0.135,0.24000000000000005,0.019999999999999962,False,True,True,True,True,False,False,59,203,97,92,-0.02095986157655716,7682.7758789065365,0.016146232461168312,71,106,True
0.135,0.26000000000000006,0.019999999999999962,True,False,True,True,True,True,False,52,181,84,70,-0.020959876477718353,6680.0596223253215,0.015712964389661882,57,93,True
0.135,0.2800000000000001,0.019999999999999962,True,False,True,True,True,True,False,51,173,77,69,-0.020959876477718353,7192.944128271241,0.05360670773605803,54,89,True
0.135,0.3,0.019999999999999962,True,False,True,True,True,True,False,53,178,78,70,-0.020959876477718353,3630.3044433595105,0.017758095959234124,58,86,True
0.135,0.32,0.019999999999999962,True,False,True,True,True,True,False,40,146,56,52,-0.015421509742736816,7099.294433593806,0.03648056752158861,43,56,True
0.135,0.34,0.019999999999999962,True,False,False,False,False,False,False,16,55,0,0,0.004426747560501099,0.0,1.4901161193847656e-08,16,0,False
0.135,0.36000000000000004,0.019999999999999962,True,False,False,False,False,False,False,0,0,0,0,,0.0,1.4901161193847656e-08,0,0,False
0.135,0.38000000000000006,0.019999999999999962,True,False,False,False,False,False,False,0,0,0,0,,0.0,1.4901161193847656e-08,0,0,False
0.135,0.4000000000000001,0.019999999999999962,True,False,False,False,False,False,False,0,0,0,0,,0.0,1.4901161193847656e-08,0,0,False
0.135,0.42,0.019999999999999962,True,False,False,False,False,False,False,0,0,0,0,,0.0,1.4901161193847656e-08,0,0,False
0.135,-0.42,0.03999999999999998,True,False,False,False,False,False,False,0,0,0,0,,0.0,1.4901161193847656e-08,0,0,False
0.135,-0.39999999999999997,0.03999999999999998,True,False,False,False,False,False,False,0,0,0,0,,0.0,1.4901161193847656e-08,0,0,False
0.135,-0.38,0.03999999999999998,True,False,False,False,False,False,False,0,0,0,0,,0.0,1.4901161193847656e-08,0,0,False
0.135,-0.36,0.03999999999999998,True,False,False,False,False,False,False,0,0,0,0,,0.0,1.4901161193847656e-08,0,0,False
0.135,-0.33999999999999997,0.03999999999999998,True,False,False,False,False,False,False,18,65,0,0,0.006578236818313599,0.0,1.4901161193847656e-08,22,0,False
0.135,-0.31999999999999995,0.03999999999999998,True,False,True,True,True,True,False,32,121,62,49,-0.013416588306427002,6588.604929836483,0.023541319666191104,63,86,True
0.135,-0.3,0.03999999999999998,True,False,True,True,True,True,False,43,154,74,48,-0.020959816873073578,4308.737792968785,0.02995966559250279,94,123,True
0.135,-0.27999999999999997,0.03999999999999998,True,False,True,True,True,True,False,42,153,69,61,-0.020959816873073578,5564.938883314564,0.05569755861740079,83,109,True
0.135,-0.26,0.03999999999999998,True,False,True,True,True,True,False,43,155,75,60,-0.020959816873073578,6251.124862086965,0.02093311070265451,84,105,True
0.135,-0.24,0.03999999999999998,False,True,True,True,True,False,False,48,173,82,73,-0.02095983177423477,7316.363769531308,0.011188423122376577,96,145,True
0.135,-0.21999999999999997,0.03999999999999998,False,True,True,True,True,False,False,53,192,82,72,-0.02095983177423477,7504.034179687733,0.006458593367428739,103,156,True
0.135,-0.19999999999999998,0.03999999999999998,False,True,True,True,True,False,False,60,214,85,75,-0.02095983177423477,7225.879882812725,0.007331569059000564,118,146,True
0.135,-0.18,0.03999999999999998,False,True,True,True,True,False,False,58,213,86,76,-0.02095983177423477,8191.7617187500655,0.008816247343488853,135,139,True
0.135,-0.15999999999999998,0.03999999999999998,False,True,True,True,True,False,False,55,204,74,64,-0.02095983177423477,6541.788085937704,0.00405120306445929,135,202,True
0.135,-0.13999999999999996,0.03999999999999998,False,True,True,True,True,False,False,67,231,74,64,-0.02095983177423477,6240.916503906444,0.003996258238305399,135,145,True
0.135,-0.12,0.03999999999999998,False,True,True,True,True,False,False,78,281,112,96,-0.020959846675395966,4697.4624023439255,0.004388507821281164,155,164,True
0.135,-0.09999999999999998,0.03999999999999998,False,True,True,True,True,False,False,79,295,135,123,-0.020959846675395966,9992.711100256694,0.006511256815694001,170,227,True
0.135,-0.07999999999999996,0.03999999999999998,False,True,True,True,True,False,False,72,276,113,101,-0.020959846675395966,8271.534179687807,0.004998940178001892,158,221,True
0.135,-0.06,0.03999999999999998,False,True,True,True,True,False,False,66,250,110,98,-0.020959846675395966,8124.633300781553,0.006252837362350366,141,206,True
0.135,-0.03999999999999998,0.03999999999999998,False,True,True,True,True,False,False,62,240,106,94,-0.020959846675395966,8828.31933593783,0.003554474097377233,150,171,True
0.135,-0.019999999999999962,0.03999999999999998,False,True,True,True,True,False,False,66,250,106,94,-0.020959846675395966,8913.500976562833,0.003010382031238309,149,257,True
0.135,0.0,0.03999999999999998,False,True,True,True,True,False,False,72,268,106,94,-0.02095986157655716,8248.794921875307,0.002997944223107537,156,215,True
0.135,0.020000000000000018,0.03999999999999998,False,True,True,True,True,False,False,70,266,106,94,-0.02095986157655716,8246.817382812807,0.003037446735711879,140,158,True
0.135,0.040000000000000036,0.03999999999999998,False,True,True,True,True,False,False,67,255,106,94,-0.02095986157655716,8766.717773437827,0.002981243061847508,160,179,True
0.135,0.06,0.03999999999999998,False,True,True,True,True,False,False,69,261,110,98,-0.02095986157655716,8842.73828125033,0.0029715019014136565,164,285,True
0.135,0.08000000000000002,0.03999999999999998,False,True,True,True,True,False,False,76,291,114,98,-0.02095986157655716,8697.630859375324,0.0029738900053705524,168,226,True
0.135,0.10000000000000003,0.03999999999999998,False,True,True,True,True,False,False,80,296,137,125,-0.020959846675395966,9315.69931247801,0.006438948021901559,160,225,True
0.135,0.12000000000000005,0.03999999999999998,False,True,True,True,True,False,False,81,292,119,100,-0.020959846675395966,6345.0336914064865,0.002921753118985872,145,213,True
0.135,0.14000000000000007,0.03999999999999998,False,True,True,True,True,False,False,71,248,80,74,-0.020959846675395966,6348.7563476564865,0.0026550120028291917,127,156,True
0.135,0.15999999999999998,0.03999999999999998,False,True,True,True,True,False,False,58,214,80,74,-0.02095986157655716,6451.309572700592,0.00921550213990719,106,140,True
0.135,0.18,0.03999999999999998,False,True,True,True,True,False,False,61,225,97,91,-0.02095986157655716,8663.64843750027,0.012802085337554696,138,137,True
0.135,0.2,0.03999999999999998,False,True,True,True,True,False,False,64,221,92,86,-0.02095986157655716,7370.677734375229,0.01635806258927918,126,205,True
0.135,0.22000000000000003,0.03999999999999998,False,True,True,True,True,False,False,56,205,92,84,-0.02095986157655716,8503.062500000264,0.0140353079698462,101,162,True
0.135,0.24000000000000005,0.03999999999999998,False,True,True,True,True,False,False,54,192,95,87,-0.02095986157655716,7578.699218750236,0.009274312490555273,83,120,True
0.135,0.26000000000000006,0.03999999999999998,True,False,True,True,True,True,False,47,165,84,74,-0.02095986157655716,6655.354369372521,0.01536096361006947,67,109,True
0.135,0.2800000000000001,0.03999999999999998,True,False,True,True,True,True,False,42,152,74,70,-0.020959876477718353,6237.1147430289275,0.04145032216168685,60,106,True
0.135,0.3,0.03999999999999998,True,False,True,True,True,True,False,47,166,77,69,-0.020959876477718353,5751.247558593965,0.03238893478882733,66,100,True
0.135,0.32,0.03999999999999998,True,False,True,True,True,True,False,43,153,64,58,-0.015421509742736816,7284.775878906308,0.030264549703487364,52,64,True
0.135,0.34,0.03999999999999998,True,False,False,False,False,False,False,17,59,0,0,0.004426747560501099,0.0,1.4901161193847656e-08,17,0,False
0.135,0.36000000000000004,0.03999999999999998,True,False,False,False,False,False,False,0,0,0,0,,0.0,1.4901161193847656e-08,0,0,False
0.135,0.38000000000000006,0.03999999999999998,True,False,False,False,False,False,False,0,0,0,0,,0.0,1.4901161193847656e-08,0,0,False
0.135,0.4000000000000001,0.03999999999999998,True,False,False,False,False,False,False,0,0,0,0,,0.0,1.4901161193847656e-08,0,0,False
0.135,0.42,0.03999999999999998,True,False,False,False,False,False,False,0,0,0,0,,0.0,1.4901161193847656e-08,0,0,False
0.135,-0.42,0.06,True,False,False,False,False,False,False,0,0,0,0,,0.0,1.4901161193847656e-08,0,0,False
0.135,-0.39999999999999997,0.06,True,False,False,False,False,False,False,0,0,0,0,,0.0,1.4901161193847656e-08,0,0,False
0.135,-0.38,0.06,True,False,False,False,False,False,False,0,0,0,0,,0.0,1.4901161193847656e-08,0,0,False
0.135,-0.36,0.06,True,False,False,False,False,False,False,0,0,0,0,,0.0,1.4901161193847656e-08,0,0,False
0.135,-0.33999999999999997,0.06,True,False,False,False,False,False,False,17,62,0,0,0.006578236818313599,0.0,1.4901161193847656e-08,21,0,False
0.135,-0.31999999999999995,0.06,True,False,True,True,True,True,False,33,123,60,52,-0.01332758367061615,5647.603171399135,0.041859267912948604,61,80,True
0.135,-0.3,0.06,True,False,True,True,True,True,False,42,140,56,44,-0.020959816873073578,5511.373535156456,0.034961902061765394,79,95,True
0.135,-0.27999999999999997,0.06,True,False,True,True,True,True,False,40,131,49,41,-0.020959816873073578,6625.3305664064965,0.06516379111345807,70,85,True
0.135,-0.26,0.06,True,False,True,True,True,True,False,43,150,52,34,-0.020959816873073578,5027.473144531437,0.018496144013377375,69,78,True
0.135,-0.24,0.06,False,True,True,True,True,False,False,47,169,71,57,-0.020959816873073578,6288.182128906485,0.013174810700450982,87,119,True
0.135,-0.21999999999999997,0.06,False,True,True,True,True,False,False,53,182,73,64,-0.02095983177423477,7033.989746094012,0.00804219433986199,95,137,True
0.135,-0.19999999999999998,0.06,False,True,True,True,True,False,False,58,192,82,63,-0.02095983177423477,6499.735351562743,0.008501087792609647,102,138,True
0.135,-0.18,0.06,False,True,True,True,True,False,False,56,199,86,72,-0.02095983177423477,6280.837881326997,0.008090896537849992,123,126,True
0.135,-0.15999999999999998,0.06,False,True,True,True,True,False,False,53,185,66,53,-0.02095983177423477,6081.2690429689765,0.010573705952335158,123,166,True
0.135,-0.13999999999999996,0.06,False,True,True,True,True,False,False,64,198,66,49,-0.02095983177423477,5708.172851562713,0.010757492353547558,126,129,True
0.135,-0.12,0.06,False,True,True,True,True,False,False,78,267,91,67,-0.02095983177423477,5456.966308593954,0.0068922649556930875,144,141,True
0.135,-0.09999999999999998,0.06,False,True,True,True,True,False,False,79,285,121,96,-0.020959846675395966,9488.928710937576,0.007494687874373782,158,198,True
0.135,-0.07999999999999996,0.06,False,True,True,True,True,False,False,70,259,102,77,-0.020959846675395966,5636.38476562521,0.003112664695602578,146,203,True
0.135,-0.06,0.06,False,True,True,True,True,False,False,66,240,102,77,-0.020959846675395966,6128.427246093978,0.002023743862480483,131,190,True
0.135,-0.03999999999999998,0.06,False,True,True,True,True,False,False,62,226,98,73,-0.020959846675395966,6477.854003906492,0.004535881176710955,136,159,True
0.135,-0.019999999999999962,0.06,False,True,True,True,True,False,False,61,223,98,73,-0.020959846675395966,6294.567382812735,0.003963138081712932,138,229,True
0.135,0.0,0.06,False,True,True,True,True,False,False,61,223,98,73,-0.020959846675395966,6570.617187500245,0.005035371679746692,131,191,True
0.135,0.020000000000000018,0.06,False,True,True,True,True,False,False,61,223,98,73,-0.020959846675395966,6244.843750000233,0.003959914716022324,135,145,True
0.135,0.040000000000000036,0.06,False,True,True,True,True,False,False,63,231,98,73,-0.02095986157655716,6254.718261718983,0.004003711967214747,159,163,True
0.135,0.06,0.06,False,True,True,True,True,False,False,66,240,106,81,-0.02095986157655716,6490.622558593992,0.004806919621006567,161,242,True
0.135,0.08000000000000002,0.06,False,True,True,True,True,False,False,71,263,106,81,-0.02095986157655716,6568.583007812745,0.0034813682448383352,157,202,True
0.135,0.10000000000000003,0.06,False,True,True,True,True,False,False,77,277,126,101,-0.020959846675395966,9026.229332629033,0.006057252090684998,147,201,True
0.135,0.12000000000000005,0.06,False,True,True,True,True,False,False,77,268,95,61,-0.020959846675395966,6086.360351562727,0.006759585090439964,133,156,True
0.135,0.14000000000000007,0.06,False,True,True,True,True,False,False,68,217,75,57,-0.020959846675395966,5016.213867187687,0.011094188661038836,115,125,True
0.135,0.15999999999999998,0.06,False,True,True,True,True,False,False,55,198,76,59,-0.020959846675395966,6099.838867187727,0.015826530442020408,94,117,True
0.135,0.18,0.06,False,True,True,True,True,False,False,58,209,95,77,-0.02095986157655716,7589.014648437561,0.017455799216099206,116,125,True
0.135,0.2,0.06,False,True,True,True,True,False,False,61,207,98,80,-0.02095986157655716,5339.604980468949,0.01931878671020792,111,179,True
0.135,0.22000000000000003,0.06,False,True,True,True,True,False,False,57,202,89,73,-0.02095986157655716,6832.789062500255,0.023316845513583883,94,132,True
0.135,0.24000000000000005,0.06,False,True,True,True,True,False,False,51,183,82,67,-0.02095986157655716,7060.175781250263,0.023782919100611272,72,103,True
0.135,0.26000000000000006,0.06,True,False,True,True,True,True,False,47,157,60,43,-0.02095986157655716,6981.845058373881,0.026397957373117464,61,81,True
0.135,0.2800000000000001,0.06,True,False,True,True,True,True,False,41,143,56,44,-0.02095986157655716,6594.542091083667,0.04141689494994948,55,80,True
0.135,0.3,0.06,True,False,True,True,True,True,False,47,156,59,43,-0.02095986157655716,4405.787109375164,0.025715092080309965,60,78,True
0.135,0.32,0.06,True,False,True,True,True,True,False,43,140,59,47,-0.015421509742736816,3628.8518271870435,0.06268674735352121,50,59,True
0.135,0.34,0.06,True,False,False,False,False,False,False,19,60,0,0,0.004426747560501099,0.0,1.4901161193847656e-08,19,0,False
0.135,0.36000000000000004,0.06,True,False,False,False,False,False,False,0,0,0,0,,0.0,1.4901161193847656e-08,0,0,False
0.135,0.38000000000000006,0.06,True,False,False,False,False,False,False,0,0,0,0,,0.0,1.4901161193847656e-08,0,0,False
0.135,0.4000000000000001,0.06,True,False,False,False,False,False,False,0,0,0,0,,0.0,1.4901161193847656e-08,0,0,False
0.135,0.42,0.06,True,False,False,False,False,False,False,0,0,0,0,,0.0,1.4901161193847656e-08,0,0,False
0.135,-0.42,0.07999999999999996,True,False,False,False,False,False,False,0,0,0,0,,0.0,1.4901161193847656e-08,0,0,False
0.135,-0.39999999999999997,0.07999999999999996,True,False,False,False,False,False,False,0,0,0,0,,0.0,1.4901161193847656e-08,0,0,False
0.135,-0.38,0.07999999999999996,True,False,False,False,False,False,False,0,0,0,0,,0.0,1.4901161193847656e-08,0,0,False
0.135,-0.36,0.07999999999999996,True,False,False,False,False,False,False,0,0,0,0,,0.0,1.4901161193847656e-08,0,0,False
0.135,-0.33999999999999997,0.07999999999999996,True,False,False,False,False,False,False,12,45,0,0,0.006578236818313599,0.0,1.4901161193847656e-08,16,0,False
0.135,-0.31999999999999995,0.07999999999999996,True,False,True,True,True,True,False,26,92,44,40,-0.01332758367061615,5835.651855468796,0.030772170783015522,46,64,True
0.135,-0.3,0.07999999999999996,True,False,True,True,True,True,False,26,90,44,36,-0.020959801971912384,8892.088867187831,0.022734383509382585,54,83,True
0.135,-0.27999999999999997,0.07999999999999996,True,False,True,True,True,True,False,23,78,37,33,-0.020959801971912384,9234.926757812844,0.052046283435493175,48,73,True
0.135,-0.26,0.07999999999999996,True,False,True,True,True,True,False,24,85,39,29,-0.020959816873073578,5431.354615923899,0.0300286383332852,47,65,True
0.135,-0.24,0.07999999999999996,False,True,True,True,True,False,False,31,113,42,38,-0.020959816873073578,6513.641113281302,0.025881506667083408,56,89,True
0.135,-0.21999999999999997,0.07999999999999996,False,True,True,True,True,False,False,36,119,56,50,-0.020959816873073578,5995.995117187724,0.005382367521526803,65,113,True
0.135,-0.19999999999999998,0.07999999999999996,False,True,True,True,True,False,False,41,135,61,51,-0.025854818522930145,6487.810058593992,0.005087700614433911,75,111,True
0.135,-0.18,0.07999999999999996,False,True,True,True,True,False,False,40,136,55,48,-0.02585480362176895,7046.166015625056,0.004247112814570333,92,90,True
0.135,-0.15999999999999998,0.07999999999999996,False,True,True,True,True,False,False,35,119,46,40,-0.02585480362176895,6363.451660156301,0.008300373543660526,88,144,True
0.135,-0.13999999999999996,0.07999999999999996,False,True,True,True,True,False,False,41,133,44,36,-0.02585480362176895,5371.01123046895,0.005289594495189808,90,105,True
0.135,-0.12,0.07999999999999996,False,True,True,True,True,False,False,55,179,64,58,-0.02585480362176895,5704.020996093963,0.004898171907916942,108,110,True
0.135,-0.09999999999999998,0.07999999999999996,False,True,True,True,True,False,False,55,192,89,81,-0.02585480362176895,9479.069032363577,0.009753869173129683,118,170,True
0.135,-0.07999999999999996,0.07999999999999996,False,True,True,True,True,False,False,50,178,74,70,-0.02585480362176895,8756.514648437827,0.007969270779942727,112,162,True
0.135,-0.06,0.07999999999999996,False,True,True,True,True,False,False,46,163,74,70,-0.02585480362176895,8783.683593750327,0.009628371291892578,101,158,True
0.135,-0.03999999999999998,0.07999999999999996,False,True,True,True,True,False,False,45,159,70,66,-0.02585480362176895,6995.392578125261,0.020992761416527457,114,127,True
0.135,-0.019999999999999962,0.07999999999999996,False,True,True,True,True,False,False,43,154,70,66,-0.02585480362176895,7684.8945312502865,0.018072325171947557,106,197,True
0.135,0.0,0.07999999999999996,False,True,True,True,True,False,False,43,154,70,66,-0.02585480362176895,8320.67285156281,0.010433965115082443,106,159,True
0.135,0.020000000000000018,0.07999999999999996,False,True,True,True,True,False,False,43,154,70,66,-0.02585480362176895,8341.442382812811,0.010621855203523713,98,114,True
0.135,0.040000000000000036,0.07999999999999996,False,True,True,True,True,False,False,44,158,70,66,-0.02585480362176895,8326.810546875311,0.01056176773665141,112,131,True
0.135,0.06,0.07999999999999996,False,True,True,True,True,False,False,46,163,74,70,-0.02585480362176895,9648.296875000076,0.016810937834218557,108,208,True
0.135,0.08000000000000002,0.07999999999999996,False,True,True,True,True,False,False,50,179,74,70,-0.02585480362176895,8158.734375000304,0.016068355329896398,110,165,True
0.135,0.10000000000000003,0.07999999999999996,False,True,True,True,True,False,False,55,190,90,86,-0.02585480362176895,9711.56841506139,0.016396507006273684,107,158,True
0.135,0.12000000000000005,0.07999999999999996,False,True,True,True,True,False,False,52,182,67,56,-0.02585480362176895,8219.574218750306,0.013267990356211982,91,125,True
0.135,0.14000000000000007,0.07999999999999996,False,True,True,True,True,False,False,43,145,49,47,-0.02585480362176895,8166.701660156555,0.013760023810525763,76,96,True
0.135,0.15999999999999998,0.07999999999999996,False,True,True,True,True,False,False,41,135,52,51,-0.02585480362176895,8346.100585937811,0.01732593851542552,70,90,True
0.135,0.18,0.07999999999999996,False,True,True,True,True,False,False,44,151,62,59,-0.025854788720607758,8598.74609375032,0.015600282247788831,92,89,True
0.135,0.2,0.07999999999999996,False,True,True,True,True,False,False,46,151,69,65,-0.025853551924228668,8567.700195312818,0.014766796011374478,84,148,True
0.135,0.22000000000000003,0.07999999999999996,False,True,True,True,True,False,False,42,142,70,63,-0.020959846675395966,8348.513671875311,0.022157846522484575,71,113,True
0.135,0.24000000000000005,0.07999999999999996,False,True,True,True,True,False,False,38,131,54,52,-0.020959846675395966,8426.704101562815,0.016970791233344152,55,75,True
0.135,0.26000000000000006,0.07999999999999996,True,False,True,True,True,True,False,31,106,45,42,-0.020959846675395966,8668.833007812824,0.03175978263589995,42,66,True
0.135,0.2800000000000001,0.07999999999999996,True,False,True,True,True,True,False,28,94,44,44,-0.020959846675395966,9189.826416856831,0.04545829511140154,39,68,True
0.135,0.3,0.07999999999999996,True,False,True,True,True,True,False,33,109,47,43,-0.020959846675395966,8641.741210937822,0.031019292655131907,43,66,True
0.135,0.32,0.07999999999999996,True,False,True,True,True,True,False,32,109,44,44,-0.015421509742736816,7200.859863281307,0.04275609619519193,38,44,True
0.135,0.34,0.07999999999999996,True,False,False,False,False,False,False,15,47,0,0,0.004426747560501099,0.0,1.4901161193847656e-08,15,0,False
0.135,0.36000000000000004,0.07999999999999996,True,False,False,False,False,False,False,0,0,0,0,,0.0,1.4901161193847656e-08,0,0,False
0.135,0.38000000000000006,0.07999999999999996,True,False,False,False,False,False,False,0,0,0,0,,0.0,1.4901161193847656e-08,0,0,False
0.135,0.4000000000000001,0.07999999999999996,True,False,False,False,False,False,False,0,0,0,0,,0.0,1.4901161193847656e-08,0,0,False
0.135,0.42,0.07999999999999996,True,False,False,False,False,False,False,0,0,0,0,,0.0,1.4901161193847656e-08,0,0,False
0.135,-0.42,0.09999999999999998,True,False,False,False,False,False,False,0,0,0,0,,0.0,1.4901161193847656e-08,0,0,False
0.135,-0.39999999999999997,0.09999999999999998,True,False,False,False,False,False,False,0,0,0,0,,0.0,1.4901161193847656e-08,0,0,False
0.135,-0.38,0.09999999999999998,True,False,False,False,False,False,False,0,0,0,0,,0.0,1.4901161193847656e-08,0,0,False
0.135,-0.36,0.09999999999999998,True,False,False,False,False,False,False,0,0,0,0,,0.0,1.4901161193847656e-08,0,0,False
0.135,-0.33999999999999997,0.09999999999999998,True,False,False,False,False,False,False,13,46,0,0,0.006578236818313599,0.0,1.4901161193847656e-08,13,0,False
0.135,-0.31999999999999995,0.09999999999999998,True,False,True,True,True,True,False,21,80,43,39,-0.01332758367061615,5337.8311053573825,0.010937593451630477,32,47,True
0.135,-0.3,0.09999999999999998,True,False,True,True,True,True,False,22,83,44,36,-0.020959801971912384,5629.09326171896,0.03360252092181858,47,64,True
0.135,-0.27999999999999997,0.09999999999999998,True,False,True,True,True,True,False,20,72,37,33,-0.020959801971912384,6061.1699218752265,0.023130528356852913,36,45,True
0.135,-0.26,0.09999999999999998,True,False,True,True,True,True,False,19,71,39,29,-0.020959801971912384,5581.690918514002,0.01996188349906458,36,49,True
0.135,-0.24,0.09999999999999998,False,True,True,True,True,False,False,23,89,42,38,-0.020959816873073578,6770.468750000054,0.005403649483958545,48,52,True
0.135,-0.21999999999999997,0.09999999999999998,False,True,True,True,True,False,False,30,103,54,50,-0.020959816873073578,5891.900390625219,0.005768551716806407,53,65,True
0.135,-0.19999999999999998,0.09999999999999998,False,True,True,True,True,False,False,33,112,57,53,-0.02664169669151306,9686.366210937576,0.0027676136260350055,58,69,True
0.135,-0.18,0.09999999999999998,False,True,True,True,True,False,False,30,107,54,50,-0.04191191494464874,8248.501953125065,0.026139499046310997,77,59,True
0.135,-0.15999999999999998,0.09999999999999998,False,True,True,True,True,False,False,26,96,45,41,-0.04191191494464874,7265.681640625271,0.022052676303227815,80,108,True
0.135,-0.13999999999999996,0.09999999999999998,False,True,True,True,True,False,False,33,111,45,37,-0.04191191494464874,8103.515136719052,0.03468930357874647,84,94,True
0.135,-0.12,0.09999999999999998,False,True,True,True,True,False,False,42,150,65,59,-0.04191191494464874,8010.941406250298,0.03376510560334035,93,99,True
0.135,-0.09999999999999998,0.09999999999999998,False,True,True,True,True,False,False,42,161,90,82,-0.04191192239522934,11105.491369013524,0.01894992711266984,96,138,True
0.135,-0.07999999999999996,0.09999999999999998,False,True,True,True,True,False,False,39,152,75,71,-0.04191192239522934,7420.1440429690265,0.011844323663513054,91,134,True
0.135,-0.06,0.09999999999999998,False,True,True,True,True,False,False,35,137,75,71,-0.04191192239522934,7534.057617187781,0.00926382506870914,85,142,True
0.135,-0.03999999999999998,0.09999999999999998,False,True,True,True,True,False,False,34,133,71,67,-0.04191192239522934,6803.915527343961,0.0071413090992896375,97,118,True
0.135,-0.019999999999999962,0.09999999999999998,False,True,True,True,True,False,False,33,129,71,67,-0.04191192239522934,7061.977050781513,0.012296473717918522,94,182,True
0.135,0.0,0.09999999999999998,False,True,True,True,True,False,False,33,129,71,67,-0.04191192239522934,6649.445800781497,0.01085589168681119,91,149,True
0.135,0.020000000000000018,0.09999999999999998,False,True,True,True,True,False,False,33,129,71,67,-0.04191192239522934,6840.962890625255,0.010143836954812848,81,116,True
0.135,0.040000000000000036,0.09999999999999998,False,True,True,True,True,False,False,34,133,71,67,-0.04191192239522934,7480.646484375279,0.01333133305468084,98,132,True
0.135,0.06,0.09999999999999998,False,True,True,True,True,False,False,35,137,75,71,-0.04191192239522934,8674.44042968757,0.01480228551367686,96,193,True
0.135,0.08000000000000002,0.09999999999999998,False,True,True,True,True,False,False,39,153,75,71,-0.041911929845809937,7433.850097656481,0.009674282304782643,95,160,True
0.135,0.10000000000000003,0.09999999999999998,False,True,True,True,True,False,False,42,159,91,87,-0.041911929845809937,6165.892578125049,0.025167088263730982,92,153,True
0.135,0.12000000000000005,0.09999999999999998,False,True,True,True,True,False,False,40,152,67,57,-0.041911929845809937,4709.4716796876755,0.02568094489128898,77,122,True
0.135,0.14000000000000007,0.09999999999999998,False,True,True,True,True,False,False,33,118,48,48,-0.041911929845809937,5941.052734375221,0.020599463078897703,64,92,True
0.135,0.15999999999999998,0.09999999999999998,False,True,True,True,True,False,False,29,106,52,52,-0.041911929845809937,6514.282067871999,0.038351308715158905,58,87,True
0.135,0.18,0.09999999999999998,False,True,True,True,True,False,False,32,118,61,61,-0.041911929845809937,10733.142578125085,0.03444998311789501,77,88,True
0.135,0.2,0.09999999999999998,False,True,True,True,True,False,False,35,120,65,65,-0.0287797749042511,8565.83691406257,0.016664700981769545,74,128,True
0.135,0.22000000000000003,0.09999999999999998,False,True,True,True,True,False,False,33,119,65,63,-0.020959846675395966,7091.054687500265,0.016458434079701226,59,100,True
0.135,0.24000000000000005,0.09999999999999998,False,True,True,True,True,False,False,28,104,52,52,-0.020959846675395966,7551.617187500061,0.012402633315948482,44,69,True
0.135,0.26000000000000006,0.09999999999999998,True,False,True,True,True,True,False,23,86,45,42,-0.020959846675395966,7340.09516393452,0.020222182460332534,34,62,True
0.135,0.2800000000000001,0.09999999999999998,True,False,True,True,True,True,False,23,83,44,44,-0.020959846675395966,7315.9876363885605,0.06219397472040762,34,64,True
0.135,0.3,0.09999999999999998,True,False,True,True,True,True,False,27,97,47,43,-0.020959846675395966,5194.982910156444,0.020704463887402394,37,62,True
0.135,0.32,0.09999999999999998,True,False,True,True,True,True,False,25,92,43,43,-0.015421509742736816,5735.5527343750455,0.024158032897140986,30,43,True
0.135,0.34,0.09999999999999998,True,False,False,False,False,False,False,14,46,0,0,0.004426747560501099,0.0,1.4901161193847656e-08,14,0,False
0.135,0.36000000000000004,0.09999999999999998,True,False,False,False,False,False,False,0,0,0,0,,0.0,1.4901161193847656e-08,0,0,False
0.135,0.38000000000000006,0.09999999999999998,True,False,False,False,False,False,False,0,0,0,0,,0.0,1.4901161193847656e-08,0,0,False
0.135,0.4000000000000001,0.09999999999999998,True,False,False,False,False,False,False,0,0,0,0,,0.0,1.4901161193847656e-08,0,0,False
0.135,0.42,0.09999999999999998,True,False,False,False,False,False,False,0,0,0,0,,0.0,1.4901161193847656e-08,0,0,False
0.135,-0.42,0.12,True,False,False,False,False,False,False,0,0,0,0,,0.0,1.4901161193847656e-08,0,0,False
0.135,-0.39999999999999997,0.12,True,False,False,False,False,False,False,0,0,0,0,,0.0,1.4901161193847656e-08,0,0,False
0.135,-0.38,0.12,True,False,False,False,False,False,False,0,0,0,0,,0.0,1.4901161193847656e-08,0,0,False
0.135,-0.36,0.12,True,False,False,False,False,False,False,0,0,0,0,,0.0,1.4901161193847656e-08,0,0,False
0.135,-0.33999999999999997,0.12,True,False,False,False,False,False,False,12,39,0,0,0.006578236818313599,0.0,1.4901161193847656e-08,12,0,False
0.135,-0.31999999999999995,0.12,True,False,True,True,True,True,False,21,78,36,32,-0.01332758367061615,5612.86273208851,0.03657923681006058,21,36,True
0.135,-0.3,0.12,True,False,True,True,True,True,False,22,77,40,32,-0.020959801971912384,4655.397949218924,0.02831710121213062,22,40,True
0.135,-0.27999999999999997,0.12,True,False,True,True,True,True,False,20,69,33,29,-0.020959801971912384,5233.793945312695,0.04419860419026426,20,33,True
0.135,-0.26,0.12,True,False,True,True,True,True,False,19,68,33,25,-0.020959801971912384,4973.8813476564355,0.024379567831279484,19,33,True
0.135,-0.24,0.12,False,True,True,True,True,False,False,23,85,38,34,-0.020959801971912384,6733.723144531304,0.02147200801842936,23,38,True
0.135,-0.21999999999999997,0.12,False,True,True,True,True,False,False,28,100,49,45,-0.020959801971912384,4928.603515625184,0.01475267632155636,28,49,True
0.135,-0.19999999999999998,0.12,False,True,True,True,True,False,False,32,112,52,48,-0.025410160422325134,7119.124023437557,0.011806382396643772,32,52,True
0.135,-0.18,0.12,False,True,True,True,True,False,False,30,109,50,46,-0.029120370745658875,7698.562011718812,0.018293884393184905,46,50,True
0.135,-0.15999999999999998,0.12,False,True,True,True,True,False,False,27,99,41,37,-0.02191191166639328,5355.248572642372,0.028473028510841738,54,88,True
0.135,-0.13999999999999996,0.12,False,True,True,True,True,False,False,35,116,37,33,-0.02191191166639328,5251.0546875001955,0.012088378559573565,62,74,True
0.135,-0.12,0.12,False,True,True,True,True,False,False,42,147,61,55,-0.02191191166639328,5697.987304687713,0.0054044330090132365,61,83,True
0.135,-0.09999999999999998,0.12,False,True,True,True,True,False,False,44,163,78,74,-0.021911919116973877,6151.616499904844,0.006889362966473343,66,106,True
0.135,-0.07999999999999996,0.12,False,True,True,True,True,False,False,40,150,67,63,-0.021911919116973877,6061.0234375002265,0.009804286290319113,71,114,True
0.135,-0.06,0.12,False,True,True,True,True,False,False,37,139,67,63,-0.021911919116973877,6172.05517578148,0.009935094584667858,74,128,True
0.135,-0.03999999999999998,0.12,False,True,True,True,True,False,False,36,135,63,59,-0.021911919116973877,5314.250000000198,0.012015984881441564,88,112,True
0.135,-0.019999999999999962,0.12,False,True,True,True,True,False,False,35,131,63,59,-0.021911919116973877,5314.295410156448,0.012017656085691926,89,166,True
0.135,0.0,0.12,False,True,True,True,True,False,False,35,131,63,59,-0.021911919116973877,5119.643554687691,0.009887415198637423,88,137,True
0.135,0.020000000000000018,0.12,False,True,True,True,True,False,False,35,131,63,59,-0.021911919116973877,5228.923828125195,0.009230453703134862,87,113,True
0.135,0.040000000000000036,0.12,False,True,True,True,True,False,False,36,135,63,59,-0.021911919116973877,5692.457031250212,0.00947399187065836,105,128,True
0.135,0.06,0.12,False,True,True,True,True,False,False,37,139,67,63,-0.021911919116973877,5527.088867187706,0.009780820633648669,103,185,True
0.135,0.08000000000000002,0.12,False,True,True,True,True,False,False,40,151,67,63,-0.021911926567554474,5119.179199218908,0.011036518076162256,105,143,True
0.135,0.10000000000000003,0.12,False,True,True,True,True,False,False,44,161,79,75,-0.021911926567554474,6595.072753906496,0.012747642428336425,100,143,True
0.135,0.12000000000000005,0.12,False,True,True,True,True,False,False,42,151,63,53,-0.021911926567554474,4817.458496093929,0.02437518508156628,85,125,True
0.135,0.14000000000000007,0.12,False,True,True,True,True,False,False,35,123,44,44,-0.021911926567554474,4625.782346113838,0.018598652703466004,72,95,True
0.135,0.15999999999999998,0.12,False,True,True,True,True,False,False,30,110,48,48,-0.021911926567554474,5969.582976586562,0.04033117124960322,63,91,True
0.135,0.18,0.12,False,True,True,True,True,False,False,32,119,57,57,-0.02912038564682007,7587.991699218811,0.02343571349904691,80,92,True
0.135,0.2,0.12,False,True,True,True,True,False,False,35,121,60,60,-0.0275660902261734,9735.892578125076,0.024676591132362855,74,127,True
0.135,0.22000000000000003,0.12,False,True,True,True,True,False,False,31,114,60,58,-0.02095983177423477,4966.9555664064355,0.02300947949020361,58,95,True
0.135,0.24000000000000005,0.12,False,True,True,True,True,False,False,28,100,48,48,-0.020959846675395966,7594.452636718811,0.020712843095633152,43,65,True
0.135,0.26000000000000006,0.12,True,False,True,True,True,True,False,23,83,41,38,-0.020959846675395966,7194.5803659121875,0.0292305691657472,34,58,True
0.135,0.2800000000000001,0.12,True,False,True,True,True,True,False,23,80,40,40,-0.020959846675395966,5994.103423872522,0.03995080767294052,34,60,True
0.135,0.3,0.12,True,False,True,True,True,True,False,26,90,43,39,-0.020959846675395966,3442.9355468751282,0.024096501317809486,35,58,True
0.135,0.32,0.12,True,False,True,True,True,True,False,25,90,36,36,-0.015421509742736816,6027.846361296931,0.04552497519220716,29,36,True
0.135,0.34,0.12,True,False,False,False,False,False,False,12,38,0,0,0.004426747560501099,0.0,1.4901161193847656e-08,12,0,False
0.135,0.36000000000000004,0.12,True,False,False,False,False,False,False,0,0,0,0,,0.0,1.4901161193847656e-08,0,0,False
0.135,0.38000000000000006,0.12,True,False,False,False,False,False,False,0,0,0,0,,0.0,1.4901161193847656e-08,0,0,False
0.135,0.4000000000000001,0.12,True,False,False,False,False,False,False,0,0,0,0,,0.0,1.4901161193847656e-08,0,0,False
0.135,0.42,0.12,True,False,False,False,False,False,False,0,0,0,0,,0.0,1.4901161193847656e-08,0,0,False
0.135,-0.42,0.13999999999999996,True,False,False,False,False,False,False,0,0,0,0,,0.0,1.4901161193847656e-08,0,0,False
0.135,-0.39999999999999997,0.13999999999999996,True,False,False,False,False,False,False,0,0,0,0,,0.0,1.4901161193847656e-08,0,0,False
0.135,-0.38,0.13999999999999996,True,False,False,False,False,False,False,0,0,0,0,,0.0,1.4901161193847656e-08,0,0,False
0.135,-0.36,0.13999999999999996,True,False,False,False,False,False,False,0,0,0,0,,0.0,1.4901161193847656e-08,0,0,False
0.135,-0.33999999999999997,0.13999999999999996,True,False,False,False,False,False,False,10,37,0,0,0.006578236818313599,0.0,1.4901161193847656e-08,10,0,False
0.135,-0.31999999999999995,0.13999999999999996,True,False,True,True,True,True,False,19,70,36,32,-0.01332758367061615,4949.606933593789,0.009721503871706666,19,36,True
0.135,-0.3,0.13999999999999996,True,False,True,True,True,True,False,20,72,40,32,-0.020959801971912384,4123.825195312654,0.03632944377184024,20,40,True
0.135,-0.27999999999999997,0.13999999999999996,True,False,True,True,True,True,False,19,65,33,29,-0.020959801971912384,8986.512695312835,0.0877395076308246,19,33,True
0.135,-0.26,0.13999999999999996,True,False,True,True,True,True,False,18,64,35,25,-0.020959801971912384,6978.64111328151,0.0710272819309041,18,35,True
0.135,-0.24,0.13999999999999996,False,True,True,True,True,False,False,27,94,38,34,-0.020959801971912384,9383.81250000035,0.07955974639243574,27,38,True
0.135,-0.21999999999999997,0.13999999999999996,False,True,True,True,True,False,False,33,116,54,42,-0.020959801971912384,8621.553710937822,0.02901628015127073,33,54,True
0.135,-0.19999999999999998,0.13999999999999996,False,True,True,True,True,False,False,38,129,61,45,-0.020959801971912384,8580.39160156282,0.015954256852907887,38,61,True
0.135,-0.18,0.13999999999999996,False,True,True,True,True,False,False,37,132,58,42,-0.020959816873073578,8608.635742187822,0.01864939812112237,52,58,True
0.135,-0.15999999999999998,0.13999999999999996,False,True,True,True,True,False,False,33,121,49,33,-0.020959816873073578,8613.30566406282,0.013348271851764088,62,91,True
0.135,-0.13999999999999996,0.13999999999999996,False,True,True,True,True,False,False,41,134,45,29,-0.020959816873073578,8525.825195312818,0.012214564897794314,67,83,True
0.135,-0.12,0.13999999999999996,False,True,True,True,True,False,False,44,157,69,51,-0.020959816873073578,8393.098632812813,0.010660728211886397,66,92,True
0.135,-0.09999999999999998,0.13999999999999996,False,True,True,True,True,False,False,46,166,86,70,-0.020959816873073578,9850.973944054624,0.018129504991591328,72,117,True
0.135,-0.07999999999999996,0.13999999999999996,False,True,True,True,True,False,False,43,157,75,59,-0.020959816873073578,8943.538085937833,0.02825374178419166,75,130,True
0.135,-0.06,0.13999999999999996,False,True,True,True,True,False,False,40,146,75,59,-0.02095983177423477,8936.962890625333,0.028134054083090554,80,134,True
0.135,-0.03999999999999998,0.13999999999999996,False,True,True,True,True,False,False,39,142,71,55,-0.02095983177423477,8796.460937500327,0.02297674213624148,94,120,True
0.135,-0.019999999999999962,0.13999999999999996,False,True,True,True,True,False,False,37,137,71,55,-0.02095983177423477,8828.37207031283,0.02408031427931985,90,173,True
0.135,0.0,0.13999999999999996,False,True,True,True,True,False,False,37,137,71,55,-0.02095983177423477,8797.850585937827,0.022923021380178887,92,145,True
0.135,0.020000000000000018,0.13999999999999996,False,True,True,True,True,False,False,37,137,71,55,-0.02095983177423477,8795.629882812827,0.02277487234632273,90,124,True
0.135,0.040000000000000036,0.13999999999999996,False,True,True,True,True,False,False,38,141,71,55,-0.02095983177423477,8828.37109375033,0.02408031427931985,109,140,True
0.135,0.06,0.13999999999999996,False,True,True,True,True,False,False,39,145,75,59,-0.020959846675395966,8856.80175781283,0.03119525584050357,108,200,True
0.135,0.08000000000000002,0.13999999999999996,False,True,True,True,True,False,False,42,157,75,59,-0.020959846675395966,8858.351562500331,0.028518987779557414,108,143,True
0.135,0.10000000000000003,0.13999999999999996,False,True,True,True,True,False,False,45,163,87,71,-0.020959816873073578,9835.740412194811,0.017629239334427182,103,140,True
0.135,0.12000000000000005,0.13999999999999996,False,True,True,True,True,False,False,43,159,71,49,-0.020959816873073578,7911.894042969045,0.014641534736353512,89,144,True
0.135,0.14000000000000007,0.13999999999999996,False,True,True,True,True,False,False,40,141,52,40,-0.02095983177423477,7930.285644531546,0.015700685447979198,82,102,True
0.135,0.15999999999999998,0.13999999999999996,False,True,True,True,True,False,False,35,127,56,44,-0.02095983177423477,8039.1240234378,0.020789644329991783,72,105,True
0.135,0.18,0.13999999999999996,False,True,True,True,True,False,False,39,143,65,53,-0.02095983177423477,7834.670898437792,0.013068195068990275,83,91,True
0.135,0.2,0.13999999999999996,False,True,True,True,True,False,False,41,138,68,56,-0.02095983177423477,7707.054687500287,0.011818589159103674,67,79,True
0.135,0.22000000000000003,0.13999999999999996,False,True,True,True,True,False,False,37,131,64,54,-0.02095983177423477,7669.1000976565365,0.012287358853245896,58,72,True
0.135,0.24000000000000005,0.13999999999999996,False,True,True,True,True,False,False,32,111,48,48,-0.02095983177423477,8179.456542969055,0.03847208717951662,46,56,True
0.135,0.26000000000000006,0.13999999999999996,True,False,True,True,True,True,False,23,79,41,38,-0.020959846675395966,8270.894531250307,0.055285393165016364,34,49,True
0.135,0.2800000000000001,0.13999999999999996,True,False,True,True,True,True,False,23,77,40,40,-0.020959846675395966,7916.485351562795,0.03861783841371135,34,48,True
0.135,0.3,0.13999999999999996,True,False,True,True,True,True,False,25,86,43,39,-0.020959846675395966,8398.665039062813,0.03374713461608575,34,44,True
0.135,0.32,0.13999999999999996,True,False,True,True,True,True,False,24,83,36,36,-0.015421509742736816,5788.579101562546,0.017509424288128596,26,36,True
0.135,0.34,0.13999999999999996,True,False,False,False,False,False,False,10,36,0,0,0.004426747560501099,0.0,1.4901161193847656e-08,10,0,False
0.135,0.36000000000000004,0.13999999999999996,True,False,False,False,False,False,False,0,0,0,0,,0.0,1.4901161193847656e-08,0,0,False
0.135,0.38000000000000006,0.13999999999999996,True,False,False,False,False,False,False,0,0,0,0,,0.0,1.4901161193847656e-08,0,0,False
0.135,0.4000000000000001,0.13999999999999996,True,False,False,False,False,False,False,0,0,0,0,,0.0,1.4901161193847656e-08,0,0,False
0.135,0.42,0.13999999999999996,True,False,False,False,False,False,False,0,0,0,0,,0.0,1.4901161193847656e-08,0,0,False
0.135,-0.42,0.15999999999999998,True,False,False,False,False,False,False,0,0,0,0,,0.0,2.9802322387695312e-08,0,0,False
0.135,-0.39999999999999997,0.15999999999999998,True,False,False,False,False,False,False,0,0,0,0,,0.0,2.9802322387695312e-08,0,0,False
0.135,-0.38,0.15999999999999998,True,False,False,False,False,False,False,0,0,0,0,,0.0,2.9802322387695312e-08,0,0,False
0.135,-0.36,0.15999999999999998,True,False,False,False,False,False,False,0,0,0,0,,0.0,2.9802322387695312e-08,0,0,False
0.135,-0.33999999999999997,0.15999999999999998,True,False,False,False,False,False,False,13,43,0,0,0.006578236818313599,0.0,2.9802322387695312e-08,13,0,False
0.135,-0.31999999999999995,0.15999999999999998,True,False,True,True,True,True,False,22,79,44,32,-0.01332758367061615,5184.550781250042,0.01810053574934848,22,44,True
0.135,-0.3,0.15999999999999998,True,False,True,True,True,True,False,26,88,48,32,-0.007712244987487793,2516.077880859395,0.006428828297337606,26,48,True
0.135,-0.27999999999999997,0.15999999999999998,True,False,True,True,True,True,False,25,87,41,29,-0.015837721526622772,3029.3307400025656,0.038009866598172,25,41,True
0.135,-0.26,0.15999999999999998,True,False,True,True,True,True,False,29,100,41,25,-0.015896011143922806,3867.527415981376,0.01350313499194147,29,41,True
0.135,-0.24,0.15999999999999998,False,True,True,True,True,False,False,33,110,49,35,-0.01705165207386017,7510.28906250006,0.01005246727331909,33,49,True
0.135,-0.21999999999999997,0.15999999999999998,False,True,True,True,True,False,False,38,136,63,51,-0.015914835035800934,4347.603827992186,0.017370565767633905,38,63,True
0.135,-0.19999999999999998,0.15999999999999998,False,True,True,True,True,False,False,47,159,73,55,-0.015914835035800934,4572.00927734392,0.013292012259965456,47,73,True
0.135,-0.18,0.15999999999999998,False,True,True,True,True,False,False,43,151,82,66,-0.015914835035800934,6432.842773437552,0.014329196738064877,57,82,True
0.135,-0.15999999999999998,0.15999999999999998,False,True,True,True,True,False,False,39,142,70,50,-0.015892641618847847,5293.098397863334,0.010172609908393464,69,98,True
0.135,-0.13999999999999996,0.15999999999999998,False,True,True,True,True,False,False,49,155,66,50,-0.015833422541618347,4458.824232966529,0.019685803405883058,75,101,True
0.135,-0.12,0.15999999999999998,False,True,True,True,True,False,False,58,198,82,66,-0.014960132539272308,3494.1013183594837,0.0070392401093936595,80,104,True
0.135,-0.09999999999999998,0.15999999999999998,False,True,True,True,True,False,False,56,195,103,89,-0.014960125088691711,3858.948242187531,0.019489432612768413,79,133,True
0.135,-0.07999999999999996,0.15999999999999998,False,True,True,True,True,False,False,50,183,92,78,-0.014960125088691711,3217.35302734385,0.00972654586984739,80,150,True
0.135,-0.06,0.15999999999999998,False,True,True,True,True,False,False,48,171,92,78,-0.014960125088691711,3297.5498046876023,0.008293840026734957,88,134,True
0.135,-0.03999999999999998,0.15999999999999998,False,True,True,True,True,False,False,44,161,84,70,-0.014960125088691711,3455.8181152344823,0.010413042498649638,82,118,True
0.135,-0.019999999999999962,0.15999999999999998,False,True,True,True,True,False,False,42,153,84,70,-0.014960125088691711,3378.669921875105,0.010834296536982967,72,124,True
0.135,0.0,0.15999999999999998,False,True,True,True,True,False,False,42,153,84,70,-0.014960125088691711,3436.256835937607,0.009520822434666258,70,106,True
0.135,0.020000000000000018,0.15999999999999998,False,True,True,True,True,False,False,42,153,84,70,-0.014960125088691711,3454.9890136719823,0.010334368555610691,72,92,True
0.135,0.040000000000000036,0.15999999999999998,False,True,True,True,True,False,False,45,162,84,70,-0.014960125088691711,3342.634765625104,0.009025161735421599,78,96,True
0.135,0.06,0.15999999999999998,False,True,True,True,True,False,False,48,171,92,74,-0.014960125088691711,3371.8762207032296,0.0106818032967738,72,103,True
0.135,0.08000000000000002,0.15999999999999998,False,True,True,True,True,False,False,50,184,92,74,-0.014960117638111115,3371.8762207032296,0.0106821002231053,66,100,True
0.135,0.10000000000000003,0.15999999999999998,False,True,True,True,True,False,False,53,191,104,86,-0.014960117638111115,3135.2885742188473,0.013052678698680388,66,112,True
0.135,0.12000000000000005,0.15999999999999998,False,True,True,True,True,False,False,53,179,80,64,-0.014960117638111115,3515.403320312609,0.0068644126466034785,64,88,True
0.135,0.14000000000000007,0.15999999999999998,False,True,True,True,True,False,False,46,153,69,57,-0.015819311141967773,3560.6364638425944,0.009661261462864452,58,77,True
0.135,0.15999999999999998,0.15999999999999998,False,True,True,True,True,False,False,44,153,71,61,-0.015877600759267807,4328.198730468885,0.011584309868889022,51,71,True
0.135,0.18,0.15999999999999998,False,True,True,True,True,False,False,45,154,83,79,-0.015914782881736755,7396.268554687559,0.010534234117225793,47,83,True
0.135,0.2,0.15999999999999998,False,True,True,True,True,False,False,49,162,82,71,-0.015914782881736755,4674.640625000145,0.025481804593715723,50,82,True
0.135,0.22000000000000003,0.15999999999999998,False,True,True,True,True,False,False,45,153,67,61,-0.015914790332317352,5065.183593750188,0.03466287363058919,46,67,True
0.135,0.24000000000000005,0.15999999999999998,False,True,True,True,True,False,False,40,122,58,54,-0.019176244735717773,8133.4101562500655,0.03226464335387471,40,58,True
0.135,0.26000000000000006,0.15999999999999998,True,False,True,True,True,True,False,32,105,41,38,-0.015911251306533813,4520.591308593918,0.019810951504374688,32,41,True
0.135,0.2800000000000001,0.15999999999999998,True,False,True,True,True,True,False,28,95,44,44,-0.015852032229304314,2452.8591308594664,0.036805631985128706,28,44,True
0.135,0.3,0.15999999999999998,True,False,True,True,True,True,False,35,109,47,43,-0.012567207217216492,2695.0253906250214,0.01473492805571025,35,47,True
0.135,0.32,0.15999999999999998,True,False,True,True,True,True,False,28,90,40,40,-0.015421509742736816,6336.638183593801,0.011580516509333828,28,40,True
0.135,0.34,0.15999999999999998,True,False,False,False,False,False,False,13,42,0,0,0.004426747560501099,0.0,2.9802322387695312e-08,13,0,False
0.135,0.36000000000000004,0.15999999999999998,True,False,False,False,False,False,False,0,0,0,0,,0.0,2.9802322387695312e-08,0,0,False
0.135,0.38000000000000006,0.15999999999999998,True,False,False,False,False,False,False,0,0,0,0,,0.0,2.9802322387695312e-08,0,0,False
0.135,0.4000000000000001,0.15999999999999998,True,False,False,False,False,False,False,0,0,0,0,,0.0,2.9802322387695312e-08,0,0,False
0.135,0.42,0.15999999999999998,True,False,False,False,False,False,False,0,0,0,0,,0.0,2.9802322387695312e-08,0,0,False
0.135,-0.42,0.18,True,False,False,False,False,False,False,0,0,0,0,,0.0,2.9802322387695312e-08,0,0,False
0.135,-0.39999999999999997,0.18,True,False,False,False,False,False,False,0,0,0,0,,0.0,2.9802322387695312e-08,0,0,False
0.135,-0.38,0.18,True,False,False,False,False,False,False,0,0,0,0,,0.0,2.9802322387695312e-08,0,0,False
0.135,-0.36,0.18,True,False,False,False,False,False,False,0,0,0,0,,0.0,2.9802322387695312e-08,0,0,False
0.135,-0.33999999999999997,0.18,True,False,False,False,False,False,False,9,18,0,0,0.00694110244512558,0.0,2.9802322387695312e-08,9,0,False
0.135,-0.31999999999999995,0.18,True,False,True,True,True,True,False,20,66,17,11,-0.012077100574970245,67.84949493408456,0.002292885657435829,20,17,True
0.135,-0.3,0.18,True,False,True,True,True,True,False,25,82,32,24,-0.011174134910106659,3614.2666015625286,0.012522363226635504,25,32,True
0.135,-0.27999999999999997,0.18,True,False,True,True,True,True,False,24,88,35,31,-0.01237235963344574,5480.8285369075265,0.03409235856164472,24,35,True
0.135,-0.26,0.18,True,False,True,True,True,True,False,26,91,36,32,-0.012457489967346191,6619.875024252955,0.022503962787439328,26,36,True
0.135,-0.24,0.18,False,True,True,True,True,False,False,30,94,33,28,-0.012492596171796322,6995.913085937717,0.01853535957202015,31,33,True
0.135,-0.21999999999999997,0.18,False,True,True,True,True,False,False,33,113,31,26,-0.0124996742233634,6628.572753906456,0.012379247430663282,33,34,True
0.135,-0.19999999999999998,0.18,False,True,True,True,True,False,False,44,144,39,34,-0.012510105967521667,7656.160156250238,0.03160732777034076,43,36,True
0.135,-0.18,0.18,False,True,True,True,True,False,False,41,143,45,36,-0.01251859962940216,7207.699218750224,0.026637016711147106,41,45,True
0.135,-0.15999999999999998,0.18,False,True,True,True,True,False,False,37,137,42,34,-0.012467987835407257,6511.637695312702,0.006578812658099927,36,42,True
0.135,-0.13999999999999996,0.18,False,True,True,True,True,False,False,45,146,42,34,-0.012376241385936737,6058.702636718938,0.005436454995514341,45,42,True
0.135,-0.12,0.18,False,True,True,True,True,False,False,55,180,56,48,-0.008822910487651825,4376.2705078126355,0.01646778434100049,55,56,True
0.135,-0.09999999999999998,0.18,False,True,True,True,True,False,False,57,193,58,51,-0.010254308581352234,4216.441406250131,0.017104154876600032,56,58,True
0.135,-0.07999999999999996,0.18,False,True,True,True,True,False,False,49,173,53,47,-0.010254308581352234,3644.1396484376132,0.01432504297095156,50,53,True
0.135,-0.06,0.18,False,True,True,True,True,False,False,47,163,50,44,-0.010254308581352234,2855.0852050782314,0.010665941916952767,47,50,True
0.135,-0.03999999999999998,0.18,False,True,True,True,True,False,False,41,145,47,40,-0.005423977971076965,2845.281250000106,0.02218369773812465,41,47,True
0.135,-0.019999999999999962,0.18,False,True,True,True,True,False,False,40,141,47,40,-0.005423977971076965,2845.278808593856,0.02218367559735041,40,47,True
0.135,0.0,0.18,False,True,True,True,True,False,False,40,141,47,40,-0.005423985421657562,2860.5673828126064,0.0258371937638017,40,47,True
0.135,0.020000000000000018,0.18,False,True,True,True,True,False,False,40,142,47,40,-0.005423985421657562,2845.281982421981,0.02218369773812465,40,47,True
0.135,0.040000000000000036,0.18,False,True,True,True,True,False,False,41,146,47,40,-0.005423985421657562,2845.278564453231,0.02218367573289604,41,47,True
0.135,0.06,0.18,False,True,True,True,True,False,False,45,161,51,44,-0.011174120008945465,2875.1169433594823,0.006041361608867281,46,51,True
0.135,0.08000000000000002,0.18,False,True,True,True,True,False,False,48,170,54,47,-0.011174120008945465,2873.5500488282323,0.005581504068598015,47,54,True
0.135,0.10000000000000003,0.18,False,True,True,True,True,False,False,52,183,58,52,-0.011174120008945465,2882.6262207032146,0.005785054297932231,52,58,True
0.135,0.12000000000000005,0.18,False,True,True,True,True,False,False,51,169,53,43,-0.008822895586490631,4599.282226562643,0.012214374878621221,51,53,True
0.135,0.14000000000000007,0.18,False,True,True,True,True,False,False,44,152,45,42,-0.012345530092716217,5327.7070312501655,0.013960366919621988,44,45,True
0.135,0.15999999999999998,0.18,False,True,True,True,True,False,False,42,146,45,42,-0.01243070513010025,5607.060546875174,0.015183814208228376,41,45,True
0.135,0.18,0.18,False,True,True,True,True,False,False,45,160,50,45,-0.01248680055141449,7468.316894531482,0.029027126823033825,45,50,True
0.135,0.2,0.18,False,True,True,True,True,False,False,45,151,43,39,-0.012498623691499233,7488.514881619565,0.030349811772802524,46,43,True
0.135,0.22000000000000003,0.18,False,True,True,True,True,False,False,39,135,44,42,-0.012507349252700806,6407.047851562699,0.021167962154551755,39,44,True
0.135,0.24000000000000005,0.18,False,True,True,True,True,False,False,39,123,41,39,-0.012512748129665852,6960.015171154073,0.036500327083899824,40,41,True
0.135,0.26000000000000006,0.18,True,False,True,True,True,True,False,33,111,40,39,-0.012496910989284515,5986.302734375186,0.02831439697608478,33,40,True
0.135,0.2800000000000001,0.18,True,False,True,True,True,True,False,30,104,39,39,-0.012405164539813995,4990.453125000155,0.026929178999664915,30,39,True
0.135,0.3,0.18,True,False,True,True,True,True,False,32,104,40,36,-0.012313418090343475,3739.485107421991,0.032099265174180436,32,40,True
0.135,0.32,0.18,True,False,True,True,True,True,False,30,87,20,16,-0.012192711234092712,23.870119094849525,0.00551576171869361,30,20,True
0.135,0.34,0.18,True,False,False,False,False,False,False,10,18,0,0,0.004771367181092501,0.0,2.9802322387695312e-08,10,0,False
0.135,0.36000000000000004,0.18,True,False,False,False,False,False,False,0,0,0,0,,0.0,2.9802322387695312e-08,0,0,False
0.135,0.38000000000000006,0.18,True,False,False,False,False,False,False,0,0,0,0,,0.0,2.9802322387695312e-08,0,0,False
0.135,0.4000000000000001,0.18,True,False,False,False,False,False,False,0,0,0,0,,0.0,2.9802322387695312e-08,0,0,False
0.135,0.42,0.18,True,False,False,False,False,False,False,0,0,0,0,,0.0,2.9802322387695312e-08,0,0,False
0.135,-0.42,0.2,True,False,False,False,False,False,False,0,0,0,0,,0.0,2.9802322387695312e-08,0,0,False
0.135,-0.39999999999999997,0.2,True,False,False,False,False,False,False,0,0,0,0,,0.0,2.9802322387695312e-08,0,0,False
0.135,-0.38,0.2,True,False,False,False,False,False,False,0,0,0,0,,0.0,2.9802322387695312e-08,0,0,False
0.135,-0.36,0.2,True,False,False,False,False,False,False,0,0,0,0,,0.0,2.9802322387695312e-08,0,0,False
0.135,-0.33999999999999997,0.2,True,False,False,False,False,False,False,2,5,0,0,0.015444576740264893,0.0,2.9802322387695312e-08,2,0,False
0.135,-0.31999999999999995,0.2,True,False,False,False,False,False,False,9,18,0,0,0.007879853248596191,0.0,2.9802322387695312e-08,9,0,False
0.135,-0.3,0.2,True,False,False,False,False,False,False,15,33,0,0,0.007712617516517639,0.0,2.9802322387695312e-08,14,0,False
0.135,-0.27999999999999997,0.2,True,False,False,False,False,False,False,11,32,0,0,0.0076274871826171875,0.0,2.9802322387695312e-08,11,0,False
0.135,-0.26,0.2,True,False,False,False,False,False,False,11,32,0,0,0.007542327046394348,0.0,2.9802322387695312e-08,10,0,False
0.135,-0.24,0.2,True,False,False,False,False,False,False,12,27,0,0,0.007508085574954748,0.0,2.9802322387695312e-08,12,0,False
0.135,-0.21999999999999997,0.2,True,False,False,False,False,False,False,12,25,0,0,0.007500334642827511,0.0,2.9802322387695312e-08,12,0,False
0.135,-0.19999999999999998,0.2,True,False,False,False,False,False,False,15,34,0,0,0.007489912211894989,0.0,2.9802322387695312e-08,15,0,False
0.135,-0.18,0.2,True,False,False,False,False,False,False,15,38,0,0,0.007481418550014496,0.0,2.9802322387695312e-08,15,0,False
0.135,-0.15999999999999998,0.2,True,False,False,False,False,False,False,14,34,0,0,0.007481418550014496,0.0,2.9802322387695312e-08,14,0,False
0.135,-0.13999999999999996,0.2,True,False,False,False,False,False,False,20,40,0,0,0.007481418550014496,0.0,2.9802322387695312e-08,20,0,False
0.135,-0.12,0.2,True,False,False,False,False,False,False,20,48,0,0,0.0077155232429504395,0.0,2.9802322387695312e-08,19,0,False
0.135,-0.09999999999999998,0.2,True,False,False,False,False,False,False,22,54,0,0,0.007623679935932159,0.0,2.980237923100575e-08,22,0,False
0.135,-0.07999999999999996,0.2,True,False,False,False,False,False,False,21,51,0,0,0.007715433835983276,0.0,2.9802322387695312e-08,21,0,False
0.135,-0.06,0.2,True,False,False,False,False,False,False,19,45,0,0,0.0077666789293289185,0.0,2.9802322387695312e-08,19,0,False
0.135,-0.03999999999999998,0.2,True,False,False,False,False,False,False,17,43,0,0,0.00848634634166956,0.0,2.9802322387695312e-08,17,0,False
0.135,-0.019999999999999962,0.2,True,False,False,False,False,False,False,17,40,0,0,0.008560587652027607,0.0,2.9802322387695312e-08,17,0,False
0.135,0.0,0.2,True,False,False,False,False,False,False,17,40,0,0,0.008555077947676182,0.0,2.9802322387695312e-08,17,0,False
0.135,0.020000000000000018,0.2,True,False,False,False,False,False,False,17,40,0,0,0.00857070367783308,0.0,2.9802322387695312e-08,17,0,False
0.135,0.040000000000000036,0.2,True,False,False,False,False,False,False,17,43,0,0,0.008576800115406513,0.0,2.9802322387695312e-08,17,0,False
0.135,0.06,0.2,True,False,False,False,False,False,False,19,46,0,0,0.007790934760123491,0.0,2.9802322387695312e-08,19,0,False
0.135,0.08000000000000002,0.2,True,False,False,False,False,False,False,17,47,0,0,0.007705137133598328,0.0,2.9802322387695312e-08,17,0,False
0.135,0.10000000000000003,0.2,True,False,False,False,False,False,False,19,52,0,0,0.007619984447956085,0.0,2.9802322387695312e-08,19,0,False
0.135,0.12000000000000005,0.2,True,False,False,False,False,False,False,23,53,0,0,0.007534869015216827,0.0,2.9802322387695312e-08,23,0,False
0.135,0.14000000000000007,0.2,True,False,False,False,False,False,False,19,43,0,0,0.007513217628002167,0.0,2.9802322387695312e-08,19,0,False
0.135,0.15999999999999998,0.2,True,False,False,False,False,False,False,17,39,0,0,0.007513217628002167,0.0,2.9802322387695312e-08,17,0,False
0.135,0.18,0.2,True,False,False,False,False,False,False,15,34,0,0,0.007513217628002167,0.0,2.9802322387695312e-08,16,0,False
0.135,0.2,0.2,True,False,False,False,False,False,False,16,36,0,0,0.007501383777707815,0.0,2.9802322387695312e-08,16,0,False
0.135,0.22000000000000003,0.2,True,False,False,False,False,False,False,16,37,0,0,0.007492668926715851,0.0,2.9802322387695312e-08,16,0,False
0.135,0.24000000000000005,0.2,True,False,False,False,False,False,False,16,30,0,0,0.007483825087547302,0.0,2.9802322387695312e-08,16,0,False
0.135,0.26000000000000006,0.2,True,False,False,False,False,False,False,16,40,0,0,0.007503107190132141,0.0,2.9802322387695312e-08,16,0,False
0.135,0.2800000000000001,0.2,True,False,False,False,False,False,False,16,40,0,0,0.007594853639602661,0.0,2.9802322387695312e-08,16,0,False
0.135,0.3,0.2,True,False,False,False,False,False,False,18,42,0,0,0.007723450660705566,0.0,2.9802322387695312e-08,18,0,False
0.135,0.32,0.2,True,False,False,False,False,False,False,10,18,0,0,0.007773958146572113,0.0,2.9802322387695312e-08,10,0,False
0.135,0.34,0.2,True,False,False,False,False,False,False,2,6,0,0,0.015034646727144718,0.0,2.9802322387695312e-08,2,0,False
0.135,0.36000000000000004,0.2,True,False,False,False,False,False,False,0,0,0,0,,0.0,2.9802322387695312e-08,0,0,False
0.135,0.38000000000000006,0.2,True,False,False,False,False,False,False,0,0,0,0,,0.0,2.9802322387695312e-08,0,0,False
0.135,0.4000000000000001,0.2,True,False,False,False,False,False,False,0,0,0,0,,0.0,2.9802322387695312e-08,0,0,False
0.135,0.42,0.2,True,False,False,False,False,False,False,0,0,0,0,,0.0,2.9802322387695312e-08,0,0,False
0.135,-0.42,0.22000000000000003,True,False,False,False,False,False,False,0,0,0,0,,0.0,2.9802322387695312e-08,0,0,False
0.135,-0.39999999999999997,0.22000000000000003,True,False,False,False,False,False,False,0,0,0,0,,0.0,2.9802322387695312e-08,0,0,False
0.135,-0.38,0.22000000000000003,True,False,False,False,False,False,False,0,0,0,0,,0.0,2.9802322387695312e-08,0,0,False
0.135,-0.36,0.22000000000000003,True,False,False,False,False,False,False,0,0,0,0,,0.0,2.9802322387695312e-08,0,0,False
0.135,-0.33999999999999997,0.22000000000000003,True,False,False,False,False,False,False,0,0,0,0,,0.0,2.9802322387695312e-08,0,0,False
0.135,-0.31999999999999995,0.22000000000000003,True,False,False,False,False,False,False,0,0,0,0,,0.0,2.9802322387695312e-08,0,0,False
0.135,-0.3,0.22000000000000003,True,False,False,False,False,False,False,0,0,0,0,,0.0,2.9802322387695312e-08,0,0,False
0.135,-0.27999999999999997,0.22000000000000003,True,False,False,False,False,False,False,0,0,0,0,,0.0,2.9802322387695312e-08,0,0,False
0.135,-0.26,0.22000000000000003,True,False,False,False,False,False,False,0,0,0,0,,0.0,2.9802322387695312e-08,0,0,False
0.135,-0.24,0.22000000000000003,True,False,False,False,False,False,False,0,0,0,0,,0.0,2.9802322387695312e-08,0,0,False
0.135,-0.21999999999999997,0.22000000000000003,True,False,False,False,False,False,False,0,0,0,0,,0.0,2.9802322387695312e-08,0,0,False
0.135,-0.19999999999999998,0.22000000000000003,True,False,False,False,False,False,False,0,0,0,0,,0.0,2.9802322387695312e-08,0,0,False
0.135,-0.18,0.22000000000000003,True,False,False,False,False,False,False,0,0,0,0,,0.0,2.9802322387695312e-08,0,0,False
0.135,-0.15999999999999998,0.22000000000000003,True,False,False,False,False,False,False,0,0,0,0,,0.0,2.9802322387695312e-08,0,0,False
0.135,-0.13999999999999996,0.22000000000000003,True,False,False,False,False,False,False,0,0,0,0,,0.0,2.9802322387695312e-08,0,0,False
0.135,-0.12,0.22000000000000003,True,False,False,False,False,False,False,0,0,0,0,,0.0,2.9802322387695312e-08,0,0,False
0.135,-0.09999999999999998,0.22000000000000003,True,False,False,False,False,False,False,0,0,0,0,,0.0,2.980237923100575e-08,0,0,False
0.135,-0.07999999999999996,0.22000000000000003,True,False,False,False,False,False,False,0,0,0,0,,0.0,2.9802322387695312e-08,0,0,False
0.135,-0.06,0.22000000000000003,True,False,False,False,False,False,False,0,0,0,0,,0.0,2.9802322387695312e-08,0,0,False
0.135,-0.03999999999999998,0.22000000000000003,True,False,False,False,False,False,False,0,0,0,0,,0.0,2.9802322387695312e-08,0,0,False
0.135,-0.019999999999999962,0.22000000000000003,True,False,False,False,False,False,False,0,0,0,0,,0.0,2.9802322387695312e-08,0,0,False
0.135,0.0,0.22000000000000003,True,False,False,False,False,False,False,0,0,0,0,,0.0,2.9802322387695312e-08,0,0,False
0.135,0.020000000000000018,0.22000000000000003,True,False,False,False,False,False,False,0,0,0,0,,0.0,2.9802322387695312e-08,0,0,False
0.135,0.040000000000000036,0.22000000000000003,True,False,False,False,False,False,False,0,0,0,0,,0.0,2.9802322387695312e-08,0,0,False
0.135,0.06,0.22000000000000003,True,False,False,False,False,False,False,0,0,0,0,,0.0,2.9802322387695312e-08,0,0,False
0.135,0.08000000000000002,0.22000000000000003,True,False,False,False,False,False,False,0,0,0,0,,0.0,2.9802322387695312e-08,0,0,False
0.135,0.10000000000000003,0.22000000000000003,True,False,False,False,False,False,False,0,0,0,0,,0.0,2.9802322387695312e-08,0,0,False
0.135,0.12000000000000005,0.22000000000000003,True,False,False,False,False,False,False,0,0,0,0,,0.0,2.9802322387695312e-08,0,0,False
0.135,0.14000000000000007,0.22000000000000003,True,False,False,False,False,False,False,0,0,0,0,,0.0,2.9802322387695312e-08,0,0,False
0.135,0.15999999999999998,0.22000000000000003,True,False,False,False,False,False,False,0,0,0,0,,0.0,2.9802322387695312e-08,0,0,False
0.135,0.18,0.22000000000000003,True,False,False,False,False,False,False,0,0,0,0,,0.0,2.9802322387695312e-08,0,0,False
0.135,0.2,0.22000000000000003,True,False,False,False,False,False,False,0,0,0,0,,0.0,2.9802322387695312e-08,0,0,False
0.135,0.22000000000000003,0.22000000000000003,True,False,False,False,False,False,False,0,0,0,0,,0.0,2.9802322387695312e-08,0,0,False
0.135,0.24000000000000005,0.22000000000000003,True,False,False,False,False,False,False,0,0,0,0,,0.0,2.9802322387695312e-08,0,0,False
0.135,0.26000000000000006,0.22000000000000003,True,False,False,False,False,False,False,0,0,0,0,,0.0,2.9802322387695312e-08,0,0,False
0.135,0.2800000000000001,0.22000000000000003,True,False,False,False,False,False,False,0,0,0,0,,0.0,2.9802322387695312e-08,0,0,False
0.135,0.3,0.22000000000000003,True,False,False,False,False,False,False,0,0,0,0,,0.0,2.9802322387695312e-08,0,0,False
0.135,0.32,0.22000000000000003,True,False,False,False,False,False,False,0,0,0,0,,0.0,2.9802322387695312e-08,0,0,False
0.135,0.34,0.22000000000000003,True,False,False,False,False,False,False,0,0,0,0,,0.0,2.9802322387695312e-08,0,0,False
0.135,0.36000000000000004,0.22000000000000003,True,False,False,False,False,False,False,0,0,0,0,,0.0,2.9802322387695312e-08,0,0,False
0.135,0.38000000000000006,0.22000000000000003,True,False,False,False,False,False,False,0,0,0,0,,0.0,2.9802322387695312e-08,0,0,False
0.135,0.4000000000000001,0.22000000000000003,True,False,False,False,False,False,False,0,0,0,0,,0.0,2.9802322387695312e-08,0,0,False
0.135,0.42,0.22000000000000003,True,False,False,False,False,False,False,0,0,0,0,,0.0,2.9802322387695312e-08,0,0,False
0.135,-0.42,0.23999999999999994,True,False,False,False,False,False,False,0,0,0,0,,0.0,2.9802322387695312e-08,0,0,False
0.135,-0.39999999999999997,0.23999999999999994,True,False,False,False,False,False,False,0,0,0,0,,0.0,2.9802322387695312e-08,0,0,False
0.135,-0.38,0.23999999999999994,True,False,False,False,False,False,False,0,0,0,0,,0.0,2.9802322387695312e-08,0,0,False
0.135,-0.36,0.23999999999999994,True,False,False,False,False,False,False,0,0,0,0,,0.0,2.9802322387695312e-08,0,0,False
0.135,-0.33999999999999997,0.23999999999999994,True,False,False,False,False,False,False,0,0,0,0,,0.0,2.9802322387695312e-08,0,0,False
0.135,-0.31999999999999995,0.23999999999999994,True,False,False,False,False,False,False,0,0,0,0,,0.0,2.9802322387695312e-08,0,0,False
0.135,-0.3,0.23999999999999994,True,False,False,False,False,False,False,0,0,0,0,,0.0,2.9802322387695312e-08,0,0,False
0.135,-0.27999999999999997,0.23999999999999994,True,False,False,False,False,False,False,0,0,0,0,,0.0,2.9802322387695312e-08,0,0,False
0.135,-0.26,0.23999999999999994,True,False,False,False,False,False,False,0,0,0,0,,0.0,2.9802322387695312e-08,0,0,False
0.135,-0.24,0.23999999999999994,True,False,False,False,False,False,False,0,0,0,0,,0.0,2.9802322387695312e-08,0,0,False
0.135,-0.21999999999999997,0.23999999999999994,True,False,False,False,False,False,False,0,0,0,0,,0.0,2.9802322387695312e-08,0,0,False
0.135,-0.19999999999999998,0.23999999999999994,True,False,False,False,False,False,False,0,0,0,0,,0.0,2.9802322387695312e-08,0,0,False
0.135,-0.18,0.23999999999999994,True,False,False,False,False,False,False,0,0,0,0,,0.0,2.9802322387695312e-08,0,0,False
0.135,-0.15999999999999998,0.23999999999999994,True,False,False,False,False,False,False,0,0,0,0,,0.0,2.9802322387695312e-08,0,0,False
0.135,-0.13999999999999996,0.23999999999999994,True,False,False,False,False,False,False,0,0,0,0,,0.0,2.9802322387695312e-08,0,0,False
0.135,-0.12,0.23999999999999994,True,False,False,False,False,False,False,0,0,0,0,,0.0,2.9802322387695312e-08,0,0,False
0.135,-0.09999999999999998,0.23999999999999994,True,False,False,False,False,False,False,0,0,0,0,,0.0,2.980237923100575e-08,0,0,False
0.135,-0.07999999999999996,0.23999999999999994,True,False,False,False,False,False,False,0,0,0,0,,0.0,2.9802322387695312e-08,0,0,False
0.135,-0.06,0.23999999999999994,True,False,False,False,False,False,False,0,0,0,0,,0.0,2.9802322387695312e-08,0,0,False
0.135,-0.03999999999999998,0.23999999999999994,True,False,False,False,False,False,False,0,0,0,0,,0.0,2.9802322387695312e-08,0,0,False
0.135,-0.019999999999999962,0.23999999999999994,True,False,False,False,False,False,False,0,0,0,0,,0.0,2.9802322387695312e-08,0,0,False
0.135,0.0,0.23999999999999994,True,False,False,False,False,False,False,0,0,0,0,,0.0,2.9802322387695312e-08,0,0,False
0.135,0.020000000000000018,0.23999999999999994,True,False,False,False,False,False,False,0,0,0,0,,0.0,2.9802322387695312e-08,0,0,False
0.135,0.040000000000000036,0.23999999999999994,True,False,False,False,False,False,False,0,0,0,0,,0.0,2.9802322387695312e-08,0,0,False
0.135,0.06,0.23999999999999994,True,False,False,False,False,False,False,0,0,0,0,,0.0,2.9802322387695312e-08,0,0,False
0.135,0.08000000000000002,0.23999999999999994,True,False,False,False,False,False,False,0,0,0,0,,0.0,2.9802322387695312e-08,0,0,False
0.135,0.10000000000000003,0.23999999999999994,True,False,False,False,False,False,False,0,0,0,0,,0.0,2.9802322387695312e-08,0,0,False
0.135,0.12000000000000005,0.23999999999999994,True,False,False,False,False,False,False,0,0,0,0,,0.0,2.9802322387695312e-08,0,0,False
0.135,0.14000000000000007,0.23999999999999994,True,False,False,False,False,False,False,0,0,0,0,,0.0,2.9802322387695312e-08,0,0,False
0.135,0.15999999999999998,0.23999999999999994,True,False,False,False,False,False,False,0,0,0,0,,0.0,2.9802322387695312e-08,0,0,False
0.135,0.18,0.23999999999999994,True,False,False,False,False,False,False,0,0,0,0,,0.0,2.9802322387695312e-08,0,0,False
0.135,0.2,0.23999999999999994,True,False,False,False,False,False,False,0,0,0,0,,0.0,2.9802322387695312e-08,0,0,False
0.135,0.22000000000000003,0.23999999999999994,True,False,False,False,False,False,False,0,0,0,0,,0.0,2.9802322387695312e-08,0,0,False
0.135,0.24000000000000005,0.23999999999999994,True,False,False,False,False,False,False,0,0,0,0,,0.0,2.9802322387695312e-08,0,0,False
0.135,0.26000000000000006,0.23999999999999994,True,False,False,False,False,False,False,0,0,0,0,,0.0,2.9802322387695312e-08,0,0,False
0.135,0.2800000000000001,0.23999999999999994,True,False,False,False,False,False,False,0,0,0,0,,0.0,2.9802322387695312e-08,0,0,False
0.135,0.3,0.23999999999999994,True,False,False,False,False,False,False,0,0,0,0,,0.0,2.9802322387695312e-08,0,0,False
0.135,0.32,0.23999999999999994,True,False,False,False,False,False,False,0,0,0,0,,0.0,2.9802322387695312e-08,0,0,False
0.135,0.34,0.23999999999999994,True,False,False,False,False,False,False,0,0,0,0,,0.0,2.9802322387695312e-08,0,0,False
0.135,0.36000000000000004,0.23999999999999994,True,False,False,False,False,False,False,0,0,0,0,,0.0,2.9802322387695312e-08,0,0,False
0.135,0.38000000000000006,0.23999999999999994,True,False,False,False,False,False,False,0,0,0,0,,0.0,2.9802322387695312e-08,0,0,False
0.135,0.4000000000000001,0.23999999999999994,True,False,False,False,False,False,False,0,0,0,0,,0.0,2.9802322387695312e-08,0,0,False
0.135,0.42,0.23999999999999994,True,False,False,False,False,False,False,0,0,0,0,,0.0,2.9802322387695312e-08,0,0,False
0.135,-0.42,0.25999999999999995,True,False,False,False,False,False,False,0,0,0,0,,0.0,2.9802322387695312e-08,0,0,False
0.135,-0.39999999999999997,0.25999999999999995,True,False,False,False,False,False,False,0,0,0,0,,0.0,2.9802322387695312e-08,0,0,False
0.135,-0.38,0.25999999999999995,True,False,False,False,False,False,False,0,0,0,0,,0.0,2.9802322387695312e-08,0,0,False
0.135,-0.36,0.25999999999999995,True,False,False,False,False,False,False,0,0,0,0,,0.0,2.9802322387695312e-08,0,0,False
0.135,-0.33999999999999997,0.25999999999999995,True,False,False,False,False,False,False,0,0,0,0,,0.0,2.9802322387695312e-08,0,0,False
0.135,-0.31999999999999995,0.25999999999999995,True,False,False,False,False,False,False,0,0,0,0,,0.0,2.9802322387695312e-08,0,0,False
0.135,-0.3,0.25999999999999995,True,False,False,False,False,False,False,0,0,0,0,,0.0,2.9802322387695312e-08,0,0,False
0.135,-0.27999999999999997,0.25999999999999995,True,False,False,False,False,False,False,0,0,0,0,,0.0,2.9802322387695312e-08,0,0,False
0.135,-0.26,0.25999999999999995,True,False,False,False,False,False,False,0,0,0,0,,0.0,2.9802322387695312e-08,0,0,False
0.135,-0.24,0.25999999999999995,True,False,False,False,False,False,False,0,0,0,0,,0.0,2.9802322387695312e-08,0,0,False
0.135,-0.21999999999999997,0.25999999999999995,True,False,False,False,False,False,False,0,0,0,0,,0.0,2.9802322387695312e-08,0,0,False
0.135,-0.19999999999999998,0.25999999999999995,True,False,False,False,False,False,False,0,0,0,0,,0.0,2.9802322387695312e-08,0,0,False
0.135,-0.18,0.25999999999999995,True,False,False,False,False,False,False,0,0,0,0,,0.0,2.9802322387695312e-08,0,0,False
0.135,-0.15999999999999998,0.25999999999999995,True,False,False,False,False,False,False,0,0,0,0,,0.0,2.9802322387695312e-08,0,0,False
0.135,-0.13999999999999996,0.25999999999999995,True,False,False,False,False,False,False,0,0,0,0,,0.0,2.9802322387695312e-08,0,0,False
0.135,-0.12,0.25999999999999995,True,False,False,False,False,False,False,0,0,0,0,,0.0,2.9802322387695312e-08,0,0,False
0.135,-0.09999999999999998,0.25999999999999995,True,False,False,False,False,False,False,0,0,0,0,,0.0,2.980237923100575e-08,0,0,False
0.135,-0.07999999999999996,0.25999999999999995,True,False,False,False,False,False,False,0,0,0,0,,0.0,2.9802322387695312e-08,0,0,False
0.135,-0.06,0.25999999999999995,True,False,False,False,False,False,False,0,0,0,0,,0.0,2.9802322387695312e-08,0,0,False
0.135,-0.03999999999999998,0.25999999999999995,True,False,False,False,False,False,False,0,0,0,0,,0.0,2.9802322387695312e-08,0,0,False
0.135,-0.019999999999999962,0.25999999999999995,True,False,False,False,False,False,False,0,0,0,0,,0.0,2.9802322387695312e-08,0,0,False
0.135,0.0,0.25999999999999995,True,False,False,False,False,False,False,0,0,0,0,,0.0,2.9802322387695312e-08,0,0,False
0.135,0.020000000000000018,0.25999999999999995,True,False,False,False,False,False,False,0,0,0,0,,0.0,2.9802322387695312e-08,0,0,False
0.135,0.040000000000000036,0.25999999999999995,True,False,False,False,False,False,False,0,0,0,0,,0.0,2.9802322387695312e-08,0,0,False
0.135,0.06,0.25999999999999995,True,False,False,False,False,False,False,0,0,0,0,,0.0,2.9802322387695312e-08,0,0,False
0.135,0.08000000000000002,0.25999999999999995,True,False,False,False,False,False,False,0,0,0,0,,0.0,2.9802322387695312e-08,0,0,False
0.135,0.10000000000000003,0.25999999999999995,True,False,False,False,False,False,False,0,0,0,0,,0.0,2.9802322387695312e-08,0,0,False
0.135,0.12000000000000005,0.25999999999999995,True,False,False,False,False,False,False,0,0,0,0,,0.0,2.9802322387695312e-08,0,0,False
0.135,0.14000000000000007,0.25999999999999995,True,False,False,False,False,False,False,0,0,0,0,,0.0,2.9802322387695312e-08,0,0,False
0.135,0.15999999999999998,0.25999999999999995,True,False,False,False,False,False,False,0,0,0,0,,0.0,2.9802322387695312e-08,0,0,False
0.135,0.18,0.25999999999999995,True,False,False,False,False,False,False,0,0,0,0,,0.0,2.9802322387695312e-08,0,0,False
0.135,0.2,0.25999999999999995,True,False,False,False,False,False,False,0,0,0,0,,0.0,2.9802322387695312e-08,0,0,False
0.135,0.22000000000000003,0.25999999999999995,True,False,False,False,False,False,False,0,0,0,0,,0.0,2.9802322387695312e-08,0,0,False
0.135,0.24000000000000005,0.25999999999999995,True,False,False,False,False,False,False,0,0,0,0,,0.0,2.9802322387695312e-08,0,0,False
0.135,0.26000000000000006,0.25999999999999995,True,False,False,False,False,False,False,0,0,0,0,,0.0,2.9802322387695312e-08,0,0,False
0.135,0.2800000000000001,0.25999999999999995,True,False,False,False,False,False,False,0,0,0,0,,0.0,2.9802322387695312e-08,0,0,False
0.135,0.3,0.25999999999999995,True,False,False,False,False,False,False,0,0,0,0,,0.0,2.9802322387695312e-08,0,0,False
0.135,0.32,0.25999999999999995,True,False,False,False,False,False,False,0,0,0,0,,0.0,2.9802322387695312e-08,0,0,False
0.135,0.34,0.25999999999999995,True,False,False,False,False,False,False,0,0,0,0,,0.0,2.9802322387695312e-08,0,0,False
0.135,0.36000000000000004,0.25999999999999995,True,False,False,False,False,False,False,0,0,0,0,,0.0,2.9802322387695312e-08,0,0,False
0.135,0.38000000000000006,0.25999999999999995,True,False,False,False,False,False,False,0,0,0,0,,0.0,2.9802322387695312e-08,0,0,False
0.135,0.4000000000000001,0.25999999999999995,True,False,False,False,False,False,False,0,0,0,0,,0.0,2.9802322387695312e-08,0,0,False
0.135,0.42,0.25999999999999995,True,False,False,False,False,False,False,0,0,0,0,,0.0,2.9802322387695312e-08,0,0,False
0.135,-0.42,0.27999999999999997,True,False,False,False,False,False,False,0,0,0,0,,0.0,2.9802322387695312e-08,0,0,False
0.135,-0.39999999999999997,0.27999999999999997,True,False,False,False,False,False,False,0,0,0,0,,0.0,2.9802322387695312e-08,0,0,False
0.135,-0.38,0.27999999999999997,True,False,False,False,False,False,False,0,0,0,0,,0.0,2.9802322387695312e-08,0,0,False
0.135,-0.36,0.27999999999999997,True,False,False,False,False,False,False,0,0,0,0,,0.0,2.9802322387695312e-08,0,0,False
0.135,-0.33999999999999997,0.27999999999999997,True,False,False,False,False,False,False,0,0,0,0,,0.0,2.9802322387695312e-08,0,0,False
0.135,-0.31999999999999995,0.27999999999999997,True,False,False,False,False,False,False,0,0,0,0,,0.0,2.9802322387695312e-08,0,0,False
0.135,-0.3,0.27999999999999997,True,False,False,False,False,False,False,0,0,0,0,,0.0,2.9802322387695312e-08,0,0,False
0.135,-0.27999999999999997,0.27999999999999997,True,False,False,False,False,False,False,0,0,0,0,,0.0,2.9802322387695312e-08,0,0,False
0.135,-0.26,0.27999999999999997,True,False,False,False,False,False,False,0,0,0,0,,0.0,2.9802322387695312e-08,0,0,False
0.135,-0.24,0.27999999999999997,True,False,False,False,False,False,False,0,0,0,0,,0.0,2.9802322387695312e-08,0,0,False
0.135,-0.21999999999999997,0.27999999999999997,True,False,False,False,False,False,False,0,0,0,0,,0.0,2.9802322387695312e-08,0,0,False
0.135,-0.19999999999999998,0.27999999999999997,True,False,False,False,False,False,False,0,0,0,0,,0.0,2.9802322387695312e-08,0,0,False
0.135,-0.18,0.27999999999999997,True,False,False,False,False,False,False,0,0,0,0,,0.0,2.9802322387695312e-08,0,0,False
0.135,-0.15999999999999998,0.27999999999999997,True,False,False,False,False,False,False,0,0,0,0,,0.0,2.9802322387695312e-08,0,0,False
0.135,-0.13999999999999996,0.27999999999999997,True,False,False,False,False,False,False,0,0,0,0,,0.0,2.9802322387695312e-08,0,0,False
0.135,-0.12,0.27999999999999997,True,False,False,False,False,False,False,0,0,0,0,,0.0,2.9802322387695312e-08,0,0,False
0.135,-0.09999999999999998,0.27999999999999997,True,False,False,False,False,False,False,0,0,0,0,,0.0,2.980237923100575e-08,0,0,False
0.135,-0.07999999999999996,0.27999999999999997,True,False,False,False,False,False,False,0,0,0,0,,0.0,2.9802322387695312e-08,0,0,False
0.135,-0.06,0.27999999999999997,True,False,False,False,False,False,False,0,0,0,0,,0.0,2.9802322387695312e-08,0,0,False
0.135,-0.03999999999999998,0.27999999999999997,True,False,False,False,False,False,False,0,0,0,0,,0.0,2.9802322387695312e-08,0,0,False
0.135,-0.019999999999999962,0.27999999999999997,True,False,False,False,False,False,False,0,0,0,0,,0.0,2.9802322387695312e-08,0,0,False
0.135,0.0,0.27999999999999997,True,False,False,False,False,False,False,0,0,0,0,,0.0,2.9802322387695312e-08,0,0,False
0.135,0.020000000000000018,0.27999999999999997,True,False,False,False,False,False,False,0,0,0,0,,0.0,2.9802322387695312e-08,0,0,False
0.135,0.040000000000000036,0.27999999999999997,True,False,False,False,False,False,False,0,0,0,0,,0.0,2.9802322387695312e-08,0,0,False
0.135,0.06,0.27999999999999997,True,False,False,False,False,False,False,0,0,0,0,,0.0,2.9802322387695312e-08,0,0,False
0.135,0.08000000000000002,0.27999999999999997,True,False,False,False,False,False,False,0,0,0,0,,0.0,2.9802322387695312e-08,0,0,False
0.135,0.10000000000000003,0.27999999999999997,True,False,False,False,False,False,False,0,0,0,0,,0.0,2.9802322387695312e-08,0,0,False
0.135,0.12000000000000005,0.27999999999999997,True,False,False,False,False,False,False,0,0,0,0,,0.0,2.9802322387695312e-08,0,0,False
0.135,0.14000000000000007,0.27999999999999997,True,False,False,False,False,False,False,0,0,0,0,,0.0,2.9802322387695312e-08,0,0,False
0.135,0.15999999999999998,0.27999999999999997,True,False,False,False,False,False,False,0,0,0,0,,0.0,2.9802322387695312e-08,0,0,False
0.135,0.18,0.27999999999999997,True,False,False,False,False,False,False,0,0,0,0,,0.0,2.9802322387695312e-08,0,0,False
0.135,0.2,0.27999999999999997,True,False,False,False,False,False,False,0,0,0,0,,0.0,2.9802322387695312e-08,0,0,False
0.135,0.22000000000000003,0.27999999999999997,True,False,False,False,False,False,False,0,0,0,0,,0.0,2.9802322387695312e-08,0,0,False
0.135,0.24000000000000005,0.27999999999999997,True,False,False,False,False,False,False,0,0,0,0,,0.0,2.9802322387695312e-08,0,0,False
0.135,0.26000000000000006,0.27999999999999997,True,False,False,False,False,False,False,0,0,0,0,,0.0,2.9802322387695312e-08,0,0,False
0.135,0.2800000000000001,0.27999999999999997,True,False,False,False,False,False,False,0,0,0,0,,0.0,2.9802322387695312e-08,0,0,False
0.135,0.3,0.27999999999999997,True,False,False,False,False,False,False,0,0,0,0,,0.0,2.9802322387695312e-08,0,0,False
0.135,0.32,0.27999999999999997,True,False,False,False,False,False,False,0,0,0,0,,0.0,2.9802322387695312e-08,0,0,False
0.135,0.34,0.27999999999999997,True,False,False,False,False,False,False,0,0,0,0,,0.0,2.9802322387695312e-08,0,0,False
0.135,0.36000000000000004,0.27999999999999997,True,False,False,False,False,False,False,0,0,0,0,,0.0,2.9802322387695312e-08,0,0,False
0.135,0.38000000000000006,0.27999999999999997,True,False,False,False,False,False,False,0,0,0,0,,0.0,2.9802322387695312e-08,0,0,False
0.135,0.4000000000000001,0.27999999999999997,True,False,False,False,False,False,False,0,0,0,0,,0.0,2.9802322387695312e-08,0,0,False
0.135,0.42,0.27999999999999997,True,False,False,False,False,False,False,0,0,0,0,,0.0,2.9802322387695312e-08,0,0,False
0.135,-0.42,0.3,True,False,False,False,False,False,False,0,0,0,0,,0.0,2.9802322387695312e-08,0,0,False
0.135,-0.39999999999999997,0.3,True,False,False,False,False,False,False,0,0,0,0,,0.0,2.9802322387695312e-08,0,0,False
0.135,-0.38,0.3,True,False,False,False,False,False,False,0,0,0,0,,0.0,2.9802322387695312e-08,0,0,False
0.135,-0.36,0.3,True,False,False,False,False,False,False,0,0,0,0,,0.0,2.9802322387695312e-08,0,0,False
0.135,-0.33999999999999997,0.3,True,False,False,False,False,False,False,0,0,0,0,,0.0,2.9802322387695312e-08,0,0,False
0.135,-0.31999999999999995,0.3,True,False,False,False,False,False,False,0,0,0,0,,0.0,2.9802322387695312e-08,0,0,False
0.135,-0.3,0.3,True,False,False,False,False,False,False,0,0,0,0,,0.0,2.9802322387695312e-08,0,0,False
0.135,-0.27999999999999997,0.3,True,False,False,False,False,False,False,0,0,0,0,,0.0,2.9802322387695312e-08,0,0,False
0.135,-0.26,0.3,True,False,False,False,False,False,False,0,0,0,0,,0.0,2.9802322387695312e-08,0,0,False
0.135,-0.24,0.3,True,False,False,False,False,False,False,0,0,0,0,,0.0,2.9802322387695312e-08,0,0,False
0.135,-0.21999999999999997,0.3,True,False,False,False,False,False,False,0,0,0,0,,0.0,2.9802322387695312e-08,0,0,False
0.135,-0.19999999999999998,0.3,True,False,False,False,False,False,False,0,0,0,0,,0.0,2.9802322387695312e-08,0,0,False
0.135,-0.18,0.3,True,False,False,False,False,False,False,0,0,0,0,,0.0,2.9802322387695312e-08,0,0,False
0.135,-0.15999999999999998,0.3,True,False,False,False,False,False,False,0,0,0,0,,0.0,2.9802322387695312e-08,0,0,False
0.135,-0.13999999999999996,0.3,True,False,False,False,False,False,False,0,0,0,0,,0.0,2.9802322387695312e-08,0,0,False
0.135,-0.12,0.3,True,False,False,False,False,False,False,0,0,0,0,,0.0,2.9802322387695312e-08,0,0,False
0.135,-0.09999999999999998,0.3,True,False,False,False,False,False,False,0,0,0,0,,0.0,2.980237923100575e-08,0,0,False
0.135,-0.07999999999999996,0.3,True,False,False,False,False,False,False,0,0,0,0,,0.0,2.9802322387695312e-08,0,0,False
0.135,-0.06,0.3,True,False,False,False,False,False,False,0,0,0,0,,0.0,2.9802322387695312e-08,0,0,False
0.135,-0.03999999999999998,0.3,True,False,False,False,False,False,False,0,0,0,0,,0.0,2.9802322387695312e-08,0,0,False
0.135,-0.019999999999999962,0.3,True,False,False,False,False,False,False,0,0,0,0,,0.0,2.9802322387695312e-08,0,0,False
0.135,0.0,0.3,True,False,False,False,False,False,False,0,0,0,0,,0.0,2.9802322387695312e-08,0,0,False
0.135,0.020000000000000018,0.3,True,False,False,False,False,False,False,0,0,0,0,,0.0,2.9802322387695312e-08,0,0,False
0.135,0.040000000000000036,0.3,True,False,False,False,False,False,False,0,0,0,0,,0.0,2.9802322387695312e-08,0,0,False
0.135,0.06,0.3,True,False,False,False,False,False,False,0,0,0,0,,0.0,2.9802322387695312e-08,0,0,False
0.135,0.08000000000000002,0.3,True,False,False,False,False,False,False,0,0,0,0,,0.0,2.9802322387695312e-08,0,0,False
0.135,0.10000000000000003,0.3,True,False,False,False,False,False,False,0,0,0,0,,0.0,2.9802322387695312e-08,0,0,False
0.135,0.12000000000000005,0.3,True,False,False,False,False,False,False,0,0,0,0,,0.0,2.9802322387695312e-08,0,0,False
0.135,0.14000000000000007,0.3,True,False,False,False,False,False,False,0,0,0,0,,0.0,2.9802322387695312e-08,0,0,False
0.135,0.15999999999999998,0.3,True,False,False,False,False,False,False,0,0,0,0,,0.0,2.9802322387695312e-08,0,0,False
0.135,0.18,0.3,True,False,False,False,False,False,False,0,0,0,0,,0.0,2.9802322387695312e-08,0,0,False
0.135,0.2,0.3,True,False,False,False,False,False,False,0,0,0,0,,0.0,2.9802322387695312e-08,0,0,False
0.135,0.22000000000000003,0.3,True,False,False,False,False,False,False,0,0,0,0,,0.0,2.9802322387695312e-08,0,0,False
0.135,0.24000000000000005,0.3,True,False,False,False,False,False,False,0,0,0,0,,0.0,2.9802322387695312e-08,0,0,False
0.135,0.26000000000000006,0.3,True,False,False,False,False,False,False,0,0,0,0,,0.0,2.9802322387695312e-08,0,0,False
0.135,0.2800000000000001,0.3,True,False,False,False,False,False,False,0,0,0,0,,0.0,2.9802322387695312e-08,0,0,False
0.135,0.3,0.3,True,False,False,False,False,False,False,0,0,0,0,,0.0,2.9802322387695312e-08,0,0,False
0.135,0.32,0.3,True,False,False,False,False,False,False,0,0,0,0,,0.0,2.9802322387695312e-08,0,0,False
0.135,0.34,0.3,True,False,False,False,False,False,False,0,0,0,0,,0.0,2.9802322387695312e-08,0,0,False
0.135,0.36000000000000004,0.3,True,False,False,False,False,False,False,0,0,0,0,,0.0,2.9802322387695312e-08,0,0,False
0.135,0.38000000000000006,0.3,True,False,False,False,False,False,False,0,0,0,0,,0.0,2.9802322387695312e-08,0,0,False
0.135,0.4000000000000001,0.3,True,False,False,False,False,False,False,0,0,0,0,,0.0,2.9802322387695312e-08,0,0,False
0.135,0.42,0.3,True,False,False,False,False,False,False,0,0,0,0,,0.0,2.9802322387695312e-08,0,0,False
0.135,-0.42,0.32,True,False,False,False,False,False,False,0,0,0,0,,0.0,2.9802322387695312e-08,0,0,False
0.135,-0.39999999999999997,0.32,True,False,False,False,False,False,False,0,0,0,0,,0.0,2.9802322387695312e-08,0,0,False
0.135,-0.38,0.32,True,False,False,False,False,False,False,0,0,0,0,,0.0,2.9802322387695312e-08,0,0,False
0.135,-0.36,0.32,True,False,False,False,False,False,False,0,0,0,0,,0.0,2.9802322387695312e-08,0,0,False
0.135,-0.33999999999999997,0.32,True,False,False,False,False,False,False,0,0,0,0,,0.0,2.9802322387695312e-08,0,0,False
0.135,-0.31999999999999995,0.32,True,False,False,False,False,False,False,0,0,0,0,,0.0,2.9802322387695312e-08,0,0,False
0.135,-0.3,0.32,True,False,False,False,False,False,False,0,0,0,0,,0.0,2.9802322387695312e-08,0,0,False
0.135,-0.27999999999999997,0.32,True,False,False,False,False,False,False,0,0,0,0,,0.0,2.9802322387695312e-08,0,0,False
0.135,-0.26,0.32,True,False,False,False,False,False,False,0,0,0,0,,0.0,2.9802322387695312e-08,0,0,False
0.135,-0.24,0.32,True,False,False,False,False,False,False,0,0,0,0,,0.0,2.9802322387695312e-08,0,0,False
0.135,-0.21999999999999997,0.32,True,False,False,False,False,False,False,0,0,0,0,,0.0,2.9802322387695312e-08,0,0,False
0.135,-0.19999999999999998,0.32,True,False,False,False,False,False,False,0,0,0,0,,0.0,2.9802322387695312e-08,0,0,False
0.135,-0.18,0.32,True,False,False,False,False,False,False,0,0,0,0,,0.0,2.9802322387695312e-08,0,0,False
0.135,-0.15999999999999998,0.32,True,False,False,False,False,False,False,0,0,0,0,,0.0,2.9802322387695312e-08,0,0,False
0.135,-0.13999999999999996,0.32,True,False,False,False,False,False,False,0,0,0,0,,0.0,2.9802322387695312e-08,0,0,False
0.135,-0.12,0.32,True,False,False,False,False,False,False,0,0,0,0,,0.0,2.9802322387695312e-08,0,0,False
0.135,-0.09999999999999998,0.32,True,False,False,False,False,False,False,0,0,0,0,,0.0,2.980237923100575e-08,0,0,False
0.135,-0.07999999999999996,0.32,True,False,False,False,False,False,False,0,0,0,0,,0.0,2.9802322387695312e-08,0,0,False
0.135,-0.06,0.32,True,False,False,False,False,False,False,0,0,0,0,,0.0,2.9802322387695312e-08,0,0,False
0.135,-0.03999999999999998,0.32,True,False,False,False,False,False,False,0,0,0,0,,0.0,2.9802322387695312e-08,0,0,False
0.135,-0.019999999999999962,0.32,True,False,False,False,False,False,False,0,0,0,0,,0.0,2.9802322387695312e-08,0,0,False
0.135,0.0,0.32,True,False,False,False,False,False,False,0,0,0,0,,0.0,2.9802322387695312e-08,0,0,False
0.135,0.020000000000000018,0.32,True,False,False,False,False,False,False,0,0,0,0,,0.0,2.9802322387695312e-08,0,0,False
0.135,0.040000000000000036,0.32,True,False,False,False,False,False,False,0,0,0,0,,0.0,2.9802322387695312e-08,0,0,False
0.135,0.06,0.32,True,False,False,False,False,False,False,0,0,0,0,,0.0,2.9802322387695312e-08,0,0,False
0.135,0.08000000000000002,0.32,True,False,False,False,False,False,False,0,0,0,0,,0.0,2.9802322387695312e-08,0,0,False
0.135,0.10000000000000003,0.32,True,False,False,False,False,False,False,0,0,0,0,,0.0,2.9802322387695312e-08,0,0,False
0.135,0.12000000000000005,0.32,True,False,False,False,False,False,False,0,0,0,0,,0.0,2.9802322387695312e-08,0,0,False
0.135,0.14000000000000007,0.32,True,False,False,False,False,False,False,0,0,0,0,,0.0,2.9802322387695312e-08,0,0,False
0.135,0.15999999999999998,0.32,True,False,False,False,False,False,False,0,0,0,0,,0.0,2.9802322387695312e-08,0,0,False
0.135,0.18,0.32,True,False,False,False,False,False,False,0,0,0,0,,0.0,2.9802322387695312e-08,0,0,False
0.135,0.2,0.32,True,False,False,False,False,False,False,0,0,0,0,,0.0,2.9802322387695312e-08,0,0,False
0.135,0.22000000000000003,0.32,True,False,False,False,False,False,False,0,0,0,0,,0.0,2.9802322387695312e-08,0,0,False
0.135,0.24000000000000005,0.32,True,False,False,False,False,False,False,0,0,0,0,,0.0,2.9802322387695312e-08,0,0,False
0.135,0.26000000000000006,0.32,True,False,False,False,False,False,False,0,0,0,0,,0.0,2.9802322387695312e-08,0,0,False
0.135,0.2800000000000001,0.32,True,False,False,False,False,False,False,0,0,0,0,,0.0,2.9802322387695312e-08,0,0,False
0.135,0.3,0.32,True,False,False,False,False,False,False,0,0,0,0,,0.0,2.9802322387695312e-08,0,0,False
0.135,0.32,0.32,True,False,False,False,False,False,False,0,0,0,0,,0.0,2.9802322387695312e-08,0,0,False
0.135,0.34,0.32,True,False,False,False,False,False,False,0,0,0,0,,0.0,2.9802322387695312e-08,0,0,False
0.135,0.36000000000000004,0.32,True,False,False,False,False,False,False,0,0,0,0,,0.0,2.9802322387695312e-08,0,0,False
0.135,0.38000000000000006,0.32,True,False,False,False,False,False,False,0,0,0,0,,0.0,2.9802322387695312e-08,0,0,False
0.135,0.4000000000000001,0.32,True,False,False,False,False,False,False,0,0,0,0,,0.0,2.9802322387695312e-08,0,0,False
0.135,0.42,0.32,True,False,False,False,False,False,False,0,0,0,0,,0.0,2.9802322387695312e-08,0,0,False
0.135,-0.42,0.34,True,False,False,False,False,False,False,0,0,0,0,,0.0,2.9802322387695312e-08,0,0,False
0.135,-0.39999999999999997,0.34,True,False,False,False,False,False,False,0,0,0,0,,0.0,2.9802322387695312e-08,0,0,False
0.135,-0.38,0.34,True,False,False,False,False,False,False,0,0,0,0,,0.0,2.9802322387695312e-08,0,0,False
0.135,-0.36,0.34,True,False,False,False,False,False,False,0,0,0,0,,0.0,2.9802322387695312e-08,0,0,False
0.135,-0.33999999999999997,0.34,True,False,False,False,False,False,False,0,0,0,0,,0.0,2.9802322387695312e-08,0,0,False
0.135,-0.31999999999999995,0.34,True,False,False,False,False,False,False,0,0,0,0,,0.0,2.9802322387695312e-08,0,0,False
0.135,-0.3,0.34,True,False,False,False,False,False,False,0,0,0,0,,0.0,2.9802322387695312e-08,0,0,False
0.135,-0.27999999999999997,0.34,True,False,False,False,False,False,False,0,0,0,0,,0.0,2.9802322387695312e-08,0,0,False
0.135,-0.26,0.34,True,False,False,False,False,False,False,0,0,0,0,,0.0,2.9802322387695312e-08,0,0,False
0.135,-0.24,0.34,True,False,False,False,False,False,False,0,0,0,0,,0.0,2.9802322387695312e-08,0,0,False
0.135,-0.21999999999999997,0.34,True,False,False,False,False,False,False,0,0,0,0,,0.0,2.9802322387695312e-08,0,0,False
0.135,-0.19999999999999998,0.34,True,False,False,False,False,False,False,0,0,0,0,,0.0,2.9802322387695312e-08,0,0,False
0.135,-0.18,0.34,True,False,False,False,False,False,False,0,0,0,0,,0.0,2.9802322387695312e-08,0,0,False
0.135,-0.15999999999999998,0.34,True,False,False,False,False,False,False,0,0,0,0,,0.0,2.9802322387695312e-08,0,0,False
0.135,-0.13999999999999996,0.34,True,False,False,False,False,False,False,0,0,0,0,,0.0,2.9802322387695312e-08,0,0,False
0.135,-0.12,0.34,True,False,False,False,False,False,False,0,0,0,0,,0.0,2.9802322387695312e-08,0,0,False
0.135,-0.09999999999999998,0.34,True,False,False,False,False,False,False,0,0,0,0,,0.0,2.980237923100575e-08,0,0,False
0.135,-0.07999999999999996,0.34,True,False,False,False,False,False,False,0,0,0,0,,0.0,2.9802322387695312e-08,0,0,False
0.135,-0.06,0.34,True,False,False,False,False,False,False,0,0,0,0,,0.0,2.9802322387695312e-08,0,0,False
0.135,-0.03999999999999998,0.34,True,False,False,False,False,False,False,0,0,0,0,,0.0,2.9802322387695312e-08,0,0,False
0.135,-0.019999999999999962,0.34,True,False,False,False,False,False,False,0,0,0,0,,0.0,2.9802322387695312e-08,0,0,False
0.135,0.0,0.34,True,False,False,False,False,False,False,0,0,0,0,,0.0,2.9802322387695312e-08,0,0,False
0.135,0.020000000000000018,0.34,True,False,False,False,False,False,False,0,0,0,0,,0.0,2.9802322387695312e-08,0,0,False
0.135,0.040000000000000036,0.34,True,False,False,False,False,False,False,0,0,0,0,,0.0,2.9802322387695312e-08,0,0,False
0.135,0.06,0.34,True,False,False,False,False,False,False,0,0,0,0,,0.0,2.9802322387695312e-08,0,0,False
0.135,0.08000000000000002,0.34,True,False,False,False,False,False,False,0,0,0,0,,0.0,2.9802322387695312e-08,0,0,False
0.135,0.10000000000000003,0.34,True,False,False,False,False,False,False,0,0,0,0,,0.0,2.9802322387695312e-08,0,0,False
0.135,0.12000000000000005,0.34,True,False,False,False,False,False,False,0,0,0,0,,0.0,2.9802322387695312e-08,0,0,False
0.135,0.14000000000000007,0.34,True,False,False,False,False,False,False,0,0,0,0,,0.0,2.9802322387695312e-08,0,0,False
0.135,0.15999999999999998,0.34,True,False,False,False,False,False,False,0,0,0,0,,0.0,2.9802322387695312e-08,0,0,False
0.135,0.18,0.34,True,False,False,False,False,False,False,0,0,0,0,,0.0,2.9802322387695312e-08,0,0,False
0.135,0.2,0.34,True,False,False,False,False,False,False,0,0,0,0,,0.0,2.9802322387695312e-08,0,0,False
0.135,0.22000000000000003,0.34,True,False,False,False,False,False,False,0,0,0,0,,0.0,2.9802322387695312e-08,0,0,False
0.135,0.24000000000000005,0.34,True,False,False,False,False,False,False,0,0,0,0,,0.0,2.9802322387695312e-08,0,0,False
0.135,0.26000000000000006,0.34,True,False,False,False,False,False,False,0,0,0,0,,0.0,2.9802322387695312e-08,0,0,False
0.135,0.2800000000000001,0.34,True,False,False,False,False,False,False,0,0,0,0,,0.0,2.9802322387695312e-08,0,0,False
0.135,0.3,0.34,True,False,False,False,False,False,False,0,0,0,0,,0.0,2.9802322387695312e-08,0,0,False
0.135,0.32,0.34,True,False,False,False,False,False,False,0,0,0,0,,0.0,2.9802322387695312e-08,0,0,False
0.135,0.34,0.34,True,False,False,False,False,False,False,0,0,0,0,,0.0,2.9802322387695312e-08,0,0,False
0.135,0.36000000000000004,0.34,True,False,False,False,False,False,False,0,0,0,0,,0.0,2.9802322387695312e-08,0,0,False
0.135,0.38000000000000006,0.34,True,False,False,False,False,False,False,0,0,0,0,,0.0,2.9802322387695312e-08,0,0,False
0.135,0.4000000000000001,0.34,True,False,False,False,False,False,False,0,0,0,0,,0.0,2.9802322387695312e-08,0,0,False
0.135,0.42,0.34,True,False,False,False,False,False,False,0,0,0,0,,0.0,2.9802322387695312e-08,0,0,False
