query_index,requested_qpos_m,basket_offset_x_m,basket_offset_y_m,actual_qpos_0_m,actual_qpos_1_m,actual_qpos_2_m,qpos_max_abs_error_m,qvel_norm_m_s,oracle_contact,oracle_penetration,min_separation_m
1,0.0675,-0.42,-0.34,0.06750000268220901,0.06750000268220901,0.06750000268220901,2.682209010451686e-09,5.77415990078659e-18,False,False,
2,0.0675,-0.39999999999999997,-0.34,0.06750000268220901,0.06750000268220901,0.06750000268220901,2.682209010451686e-09,5.77415990078659e-18,False,False,
3,0.0675,-0.38,-0.34,0.06750000268220901,0.06750000268220901,0.06750000268220901,2.682209010451686e-09,5.77415990078659e-18,False,False,
4,0.0675,-0.36,-0.34,0.06750000268220901,0.06750000268220901,0.06750000268220901,2.682209010451686e-09,5.77415990078659e-18,False,False,
5,0.0675,-0.33999999999999997,-0.34,0.06750000268220901,0.06750000268220901,0.06750000268220901,2.682209010451686e-09,5.77415990078659e-18,False,False,
6,0.0675,-0.31999999999999995,-0.34,0.06750000268220901,0.06750000268220901,0.06750000268220901,2.682209010451686e-09,5.77415990078659e-18,False,False,
7,0.0675,-0.3,-0.34,0.06750000268220901,0.06750000268220901,0.06750000268220901,2.682209010451686e-09,5.77415990078659e-18,False,False,
8,0.0675,-0.27999999999999997,-0.34,0.06750000268220901,0.06750000268220901,0.06750000268220901,2.682209010451686e-09,5.77415990078659e-18,False,False,
9,0.0675,-0.26,-0.34,0.06750000268220901,0.06750000268220901,0.06750000268220901,2.682209010451686e-09,5.77415990078659e-18,False,False,
10,0.0675,-0.24,-0.34,0.06750000268220901,0.06750000268220901,0.06750000268220901,2.682209010451686e-09,5.77415990078659e-18,False,False,
11,0.0675,-0.21999999999999997,-0.34,0.06750000268220901,0.06750000268220901,0.06750000268220901,2.682209010451686e-09,5.77415990078659e-18,False,False,
12,0.0675,-0.19999999999999998,-0.34,0.06750000268220901,0.06750000268220901,0.06750000268220901,2.682209010451686e-09,5.77415990078659e-18,False,False,
13,0.0675,-0.18,-0.34,0.06750000268220901,0.06750000268220901,0.06750000268220901,2.682209010451686e-09,5.77415990078659e-18,False,False,
14,0.0675,-0.15999999999999998,-0.34,0.06750000268220901,0.06750000268220901,0.06750000268220901,2.682209010451686e-09,5.77415990078659e-18,False,False,
15,0.0675,-0.13999999999999996,-0.34,0.06750000268220901,0.06750000268220901,0.06750000268220901,2.682209010451686e-09,5.77415990078659e-18,False,False,
16,0.0675,-0.12,-0.34,0.06750000268220901,0.06750000268220901,0.06750000268220901,2.682209010451686e-09,5.77415990078659e-18,False,False,
17,0.0675,-0.09999999999999998,-0.34,0.06750000268220901,0.06750000268220901,0.06750000268220901,2.682209010451686e-09,5.77415990078659e-18,False,False,
18,0.0675,-0.07999999999999996,-0.34,0.06750000268220901,0.06750000268220901,0.06750000268220901,2.682209010451686e-09,5.77415990078659e-18,False,False,
19,0.0675,-0.06,-0.34,0.06750000268220901,0.06750000268220901,0.06750000268220901,2.682209010451686e-09,5.77415990078659e-18,False,False,
20,0.0675,-0.03999999999999998,-0.34,0.06750000268220901,0.06750000268220901,0.06750000268220901,2.682209010451686e-09,5.77415990078659e-18,False,False,
21,0.0675,-0.019999999999999962,-0.34,0.06750000268220901,0.06750000268220901,0.06750000268220901,2.682209010451686e-09,5.77415990078659e-18,False,False,
22,0.0675,0.0,-0.34,0.06750000268220901,0.06750000268220901,0.06750000268220901,2.682209010451686e-09,5.77415990078659e-18,False,False,
23,0.0675,0.020000000000000018,-0.34,0.06750000268220901,0.06750000268220901,0.06750000268220901,2.682209010451686e-09,5.77415990078659e-18,False,False,
24,0.0675,0.040000000000000036,-0.34,0.06750000268220901,0.06750000268220901,0.06750000268220901,2.682209010451686e-09,5.77415990078659e-18,False,False,
25,0.0675,0.06,-0.34,0.06750000268220901,0.06750000268220901,0.06750000268220901,2.682209010451686e-09,5.77415990078659e-18,False,False,
26,0.0675,0.08000000000000002,-0.34,0.06750000268220901,0.06750000268220901,0.06750000268220901,2.682209010451686e-09,5.77415990078659e-18,False,False,
27,0.0675,0.10000000000000003,-0.34,0.06750000268220901,0.06750000268220901,0.06750000268220901,2.682209010451686e-09,5.77415990078659e-18,False,False,
28,0.0675,0.12000000000000005,-0.34,0.06750000268220901,0.06750000268220901,0.06750000268220901,2.682209010451686e-09,5.77415990078659e-18,False,False,
29,0.0675,0.14000000000000007,-0.34,0.06750000268220901,0.06750000268220901,0.06750000268220901,2.682209010451686e-09,5.77415990078659e-18,False,False,
30,0.0675,0.15999999999999998,-0.34,0.06750000268220901,0.06750000268220901,0.06750000268220901,2.682209010451686e-09,5.77415990078659e-18,False,False,
31,0.0675,0.18,-0.34,0.06750000268220901,0.06750000268220901,0.06750000268220901,2.682209010451686e-09,5.77415990078659e-18,False,False,
32,0.0675,0.2,-0.34,0.06750000268220901,0.06750000268220901,0.06750000268220901,2.682209010451686e-09,5.77415990078659e-18,False,False,
33,0.0675,0.22000000000000003,-0.34,0.06750000268220901,0.06750000268220901,0.06750000268220901,2.682209010451686e-09,5.77415990078659e-18,False,False,
34,0.0675,0.24000000000000005,-0.34,0.06750000268220901,0.06750000268220901,0.06750000268220901,2.682209010451686e-09,5.77415990078659e-18,False,False,
35,0.0675,0.26000000000000006,-0.34,0.06750000268220901,0.06750000268220901,0.06750000268220901,2.682209010451686e-09,5.77415990078659e-18,False,False,
36,0.0675,0.2800000000000001,-0.34,0.06750000268220901,0.06750000268220901,0.06750000268220901,2.682209010451686e-09,5.77415990078659e-18,False,False,
37,0.0675,0.3,-0.34,0.06750000268220901,0.06750000268220901,0.06750000268220901,2.682209010451686e-09,5.77415990078659e-18,False,False,
38,0.0675,0.32,-0.34,0.06750000268220901,0.06750000268220901,0.06750000268220901,2.682209010451686e-09,5.77415990078659e-18,False,False,
39,0.0675,0.34,-0.34,0.06750000268220901,0.06750000268220901,0.06750000268220901,2.682209010451686e-09,5.77415990078659e-18,False,False,
40,0.0675,0.36000000000000004,-0.34,0.06750000268220901,0.06750000268220901,0.06750000268220901,2.682209010451686e-09,5.77415990078659e-18,False,False,
41,0.0675,0.38000000000000006,-0.34,0.06750000268220901,0.06750000268220901,0.06750000268220901,2.682209010451686e-09,5.77415990078659e-18,False,False,
42,0.0675,0.4000000000000001,-0.34,0.06750000268220901,0.06750000268220901,0.06750000268220901,2.682209010451686e-09,5.77415990078659e-18,False,False,
43,0.0675,0.42,-0.34,0.06750000268220901,0.06750000268220901,0.06750000268220901,2.682209010451686e-09,5.77415990078659e-18,False,False,
44,0.0675,-0.42,-0.32,0.06750000268220901,0.06750000268220901,0.06750000268220901,2.682209010451686e-09,5.77415990078659e-18,False,False,
45,0.0675,-0.39999999999999997,-0.32,0.06750000268220901,0.06750000268220901,0.06750000268220901,2.682209010451686e-09,5.77415990078659e-18,False,False,
46,0.0675,-0.38,-0.32,0.06750000268220901,0.06750000268220901,0.06750000268220901,2.682209010451686e-09,5.77415990078659e-18,False,False,
47,0.0675,-0.36,-0.32,0.06750000268220901,0.06750000268220901,0.06750000268220901,2.682209010451686e-09,5.77415990078659e-18,False,False,
48,0.0675,-0.33999999999999997,-0.32,0.06750000268220901,0.06750000268220901,0.06750000268220901,2.682209010451686e-09,5.77415990078659e-18,False,False,
49,0.0675,-0.31999999999999995,-0.32,0.06750000268220901,0.06750000268220901,0.06750000268220901,2.682209010451686e-09,5.77415990078659e-18,False,False,
50,0.0675,-0.3,-0.32,0.06750000268220901,0.06750000268220901,0.06750000268220901,2.682209010451686e-09,5.77415990078659e-18,False,False,
51,0.0675,-0.27999999999999997,-0.32,0.06750000268220901,0.06750000268220901,0.06750000268220901,2.682209010451686e-09,5.77415990078659e-18,False,False,
52,0.0675,-0.26,-0.32,0.06750000268220901,0.06750000268220901,0.06750000268220901,2.682209010451686e-09,5.77415990078659e-18,False,False,
53,0.0675,-0.24,-0.32,0.06750000268220901,0.06750000268220901,0.06750000268220901,2.682209010451686e-09,5.77415990078659e-18,False,False,
54,0.0675,-0.21999999999999997,-0.32,0.06750000268220901,0.06750000268220901,0.06750000268220901,2.682209010451686e-09,5.77415990078659e-18,False,False,
55,0.0675,-0.19999999999999998,-0.32,0.06750000268220901,0.06750000268220901,0.06750000268220901,2.682209010451686e-09,5.77415990078659e-18,False,False,
56,0.0675,-0.18,-0.32,0.06750000268220901,0.06750000268220901,0.06750000268220901,2.682209010451686e-09,5.77415990078659e-18,False,False,
57,0.0675,-0.15999999999999998,-0.32,0.06750000268220901,0.06750000268220901,0.06750000268220901,2.682209010451686e-09,5.77415990078659e-18,False,False,
58,0.0675,-0.13999999999999996,-0.32,0.06750000268220901,0.06750000268220901,0.06750000268220901,2.682209010451686e-09,5.77415990078659e-18,False,False,
59,0.0675,-0.12,-0.32,0.06750000268220901,0.06750000268220901,0.06750000268220901,2.682209010451686e-09,5.77415990078659e-18,False,False,
60,0.0675,-0.09999999999999998,-0.32,0.06750000268220901,0.06750000268220901,0.06750000268220901,2.682209010451686e-09,5.77415990078659e-18,False,False,
61,0.0675,-0.07999999999999996,-0.32,0.06750000268220901,0.06750000268220901,0.06750000268220901,2.682209010451686e-09,5.77415990078659e-18,False,False,
62,0.0675,-0.06,-0.32,0.06750000268220901,0.06750000268220901,0.06750000268220901,2.682209010451686e-09,5.77415990078659e-18,False,False,
63,0.0675,-0.03999999999999998,-0.32,0.06750000268220901,0.06750000268220901,0.06750000268220901,2.682209010451686e-09,5.77415990078659e-18,False,False,
64,0.0675,-0.019999999999999962,-0.32,0.06750000268220901,0.06750000268220901,0.06750000268220901,2.682209010451686e-09,5.77415990078659e-18,False,False,
65,0.0675,0.0,-0.32,0.06750000268220901,0.06750000268220901,0.06750000268220901,2.682209010451686e-09,5.77415990078659e-18,False,False,
66,0.0675,0.020000000000000018,-0.32,0.06750000268220901,0.06750000268220901,0.06750000268220901,2.682209010451686e-09,5.77415990078659e-18,False,False,
67,0.0675,0.040000000000000036,-0.32,0.06750000268220901,0.06750000268220901,0.06750000268220901,2.682209010451686e-09,5.77415990078659e-18,False,False,
68,0.0675,0.06,-0.32,0.06750000268220901,0.06750000268220901,0.06750000268220901,2.682209010451686e-09,5.77415990078659e-18,False,False,
69,0.0675,0.08000000000000002,-0.32,0.06750000268220901,0.06750000268220901,0.06750000268220901,2.682209010451686e-09,5.77415990078659e-18,False,False,
70,0.0675,0.10000000000000003,-0.32,0.06750000268220901,0.06750000268220901,0.06750000268220901,2.682209010451686e-09,5.77415990078659e-18,False,False,
71,0.0675,0.12000000000000005,-0.32,0.06750000268220901,0.06750000268220901,0.06750000268220901,2.682209010451686e-09,5.77415990078659e-18,False,False,
72,0.0675,0.14000000000000007,-0.32,0.06750000268220901,0.06750000268220901,0.06750000268220901,2.682209010451686e-09,5.77415990078659e-18,False,False,
73,0.0675,0.15999999999999998,-0.32,0.06750000268220901,0.06750000268220901,0.06750000268220901,2.682209010451686e-09,5.77415990078659e-18,False,False,
74,0.0675,0.18,-0.32,0.06750000268220901,0.06750000268220901,0.06750000268220901,2.682209010451686e-09,5.77415990078659e-18,False,False,
75,0.0675,0.2,-0.32,0.06750000268220901,0.06750000268220901,0.06750000268220901,2.682209010451686e-09,5.77415990078659e-18,False,False,
76,0.0675,0.22000000000000003,-0.32,0.06750000268220901,0.06750000268220901,0.06750000268220901,2.682209010451686e-09,5.77415990078659e-18,False,False,
77,0.0675,0.24000000000000005,-0.32,0.06750000268220901,0.06750000268220901,0.06750000268220901,2.682209010451686e-09,5.77415990078659e-18,False,False,
78,0.0675,0.26000000000000006,-0.32,0.06750000268220901,0.06750000268220901,0.06750000268220901,2.682209010451686e-09,5.77415990078659e-18,False,False,
79,0.0675,0.2800000000000001,-0.32,0.06750000268220901,0.06750000268220901,0.06750000268220901,2.682209010451686e-09,5.77415990078659e-18,False,False,
80,0.0675,0.3,-0.32,0.06750000268220901,0.06750000268220901,0.06750000268220901,2.682209010451686e-09,5.77415990078659e-18,False,False,
81,0.0675,0.32,-0.32,0.06750000268220901,0.06750000268220901,0.06750000268220901,2.682209010451686e-09,5.77415990078659e-18,False,False,
82,0.0675,0.34,-0.32,0.06750000268220901,0.06750000268220901,0.06750000268220901,2.682209010451686e-09,5.77415990078659e-18,False,False,
83,0.0675,0.36000000000000004,-0.32,0.06750000268220901,0.06750000268220901,0.06750000268220901,2.682209010451686e-09,5.77415990078659e-18,False,False,
84,0.0675,0.38000000000000006,-0.32,0.06750000268220901,0.06750000268220901,0.06750000268220901,2.682209010451686e-09,5.77415990078659e-18,False,False,
85,0.0675,0.4000000000000001,-0.32,0.06750000268220901,0.06750000268220901,0.06750000268220901,2.682209010451686e-09,5.77415990078659e-18,False,False,
86,0.0675,0.42,-0.32,0.06750000268220901,0.06750000268220901,0.06750000268220901,2.682209010451686e-09,5.77415990078659e-18,False,False,
87,0.0675,-0.42,-0.30000000000000004,0.06750000268220901,0.06750000268220901,0.06750000268220901,2.682209010451686e-09,5.77415990078659e-18,False,False,
88,0.0675,-0.39999999999999997,-0.30000000000000004,0.06750000268220901,0.06750000268220901,0.06750000268220901,2.682209010451686e-09,5.77415990078659e-18,False,False,
89,0.0675,-0.38,-0.30000000000000004,0.06750000268220901,0.06750000268220901,0.06750000268220901,2.682209010451686e-09,5.77415990078659e-18,False,False,
90,0.0675,-0.36,-0.30000000000000004,0.06750000268220901,0.06750000268220901,0.06750000268220901,2.682209010451686e-09,5.77415990078659e-18,False,False,
91,0.0675,-0.33999999999999997,-0.30000000000000004,0.06750000268220901,0.06750000268220901,0.06750000268220901,2.682209010451686e-09,5.77415990078659e-18,False,False,
92,0.0675,-0.31999999999999995,-0.30000000000000004,0.06750000268220901,0.06750000268220901,0.06750000268220901,2.682209010451686e-09,5.77415990078659e-18,False,False,
93,0.0675,-0.3,-0.30000000000000004,0.06750000268220901,0.06750000268220901,0.06750000268220901,2.682209010451686e-09,5.77415990078659e-18,False,False,
94,0.0675,-0.27999999999999997,-0.30000000000000004,0.06750000268220901,0.06750000268220901,0.06750000268220901,2.682209010451686e-09,5.77415990078659e-18,False,False,
95,0.0675,-0.26,-0.30000000000000004,0.06750000268220901,0.06750000268220901,0.06750000268220901,2.682209010451686e-09,5.77415990078659e-18,False,False,
96,0.0675,-0.24,-0.30000000000000004,0.06750000268220901,0.06750000268220901,0.06750000268220901,2.682209010451686e-09,5.77415990078659e-18,False,False,
97,0.0675,-0.21999999999999997,-0.30000000000000004,0.06750000268220901,0.06750000268220901,0.06750000268220901,2.682209010451686e-09,5.77415990078659e-18,False,False,
98,0.0675,-0.19999999999999998,-0.30000000000000004,0.06750000268220901,0.06750000268220901,0.06750000268220901,2.682209010451686e-09,5.77415990078659e-18,False,False,
99,0.0675,-0.18,-0.30000000000000004,0.06750000268220901,0.06750000268220901,0.06750000268220901,2.682209010451686e-09,5.77415990078659e-18,False,False,
100,0.0675,-0.15999999999999998,-0.30000000000000004,0.06750000268220901,0.06750000268220901,0.06750000268220901,2.682209010451686e-09,5.77415990078659e-18,False,False,
101,0.0675,-0.13999999999999996,-0.30000000000000004,0.06750000268220901,0.06750000268220901,0.06750000268220901,2.682209010451686e-09,5.77415990078659e-18,False,False,
102,0.0675,-0.12,-0.30000000000000004,0.06750000268220901,0.06750000268220901,0.06750000268220901,2.682209010451686e-09,5.77415990078659e-18,False,False,
103,0.0675,-0.09999999999999998,-0.30000000000000004,0.06750000268220901,0.06750000268220901,0.06750000268220901,2.682209010451686e-09,5.77415990078659e-18,False,False,
104,0.0675,-0.07999999999999996,-0.30000000000000004,0.06750000268220901,0.06750000268220901,0.06750000268220901,2.682209010451686e-09,5.77415990078659e-18,False,False,
105,0.0675,-0.06,-0.30000000000000004,0.06750000268220901,0.06750000268220901,0.06750000268220901,2.682209010451686e-09,5.77415990078659e-18,False,False,
106,0.0675,-0.03999999999999998,-0.30000000000000004,0.06750000268220901,0.06750000268220901,0.06750000268220901,2.682209010451686e-09,5.77415990078659e-18,False,False,
107,0.0675,-0.019999999999999962,-0.30000000000000004,0.06750000268220901,0.06750000268220901,0.06750000268220901,2.682209010451686e-09,5.77415990078659e-18,False,False,
108,0.0675,0.0,-0.30000000000000004,0.06750000268220901,0.06750000268220901,0.06750000268220901,2.682209010451686e-09,5.77415990078659e-18,False,False,
109,0.0675,0.020000000000000018,-0.30000000000000004,0.06750000268220901,0.06750000268220901,0.06750000268220901,2.682209010451686e-09,5.77415990078659e-18,False,False,
110,0.0675,0.040000000000000036,-0.30000000000000004,0.06750000268220901,0.06750000268220901,0.06750000268220901,2.682209010451686e-09,5.77415990078659e-18,False,False,
111,0.0675,0.06,-0.30000000000000004,0.06750000268220901,0.06750000268220901,0.06750000268220901,2.682209010451686e-09,5.77415990078659e-18,False,False,
112,0.0675,0.08000000000000002,-0.30000000000000004,0.06750000268220901,0.06750000268220901,0.06750000268220901,2.682209010451686e-09,5.77415990078659e-18,False,False,
113,0.0675,0.10000000000000003,-0.30000000000000004,0.06750000268220901,0.06750000268220901,0.06750000268220901,2.682209010451686e-09,5.77415990078659e-18,False,False,
114,0.0675,0.12000000000000005,-0.30000000000000004,0.06750000268220901,0.06750000268220901,0.06750000268220901,2.682209010451686e-09,5.77415990078659e-18,False,False,
115,0.0675,0.14000000000000007,-0.30000000000000004,0.06750000268220901,0.06750000268220901,0.06750000268220901,2.682209010451686e-09,5.77415990078659e-18,False,False,
116,0.0675,0.15999999999999998,-0.30000000000000004,0.06750000268220901,0.06750000268220901,0.06750000268220901,2.682209010451686e-09,5.77415990078659e-18,False,False,
117,0.0675,0.18,-0.30000000000000004,0.06750000268220901,0.06750000268220901,0.06750000268220901,2.682209010451686e-09,5.77415990078659e-18,False,False,
118,0.0675,0.2,-0.30000000000000004,0.06750000268220901,0.06750000268220901,0.06750000268220901,2.682209010451686e-09,5.77415990078659e-18,False,False,
119,0.0675,0.22000000000000003,-0.30000000000000004,0.06750000268220901,0.06750000268220901,0.06750000268220901,2.682209010451686e-09,5.77415990078659e-18,False,False,
120,0.0675,0.24000000000000005,-0.30000000000000004,0.06750000268220901,0.06750000268220901,0.06750000268220901,2.682209010451686e-09,5.77415990078659e-18,False,False,
121,0.0675,0.26000000000000006,-0.30000000000000004,0.06750000268220901,0.06750000268220901,0.06750000268220901,2.682209010451686e-09,5.77415990078659e-18,False,False,
122,0.0675,0.2800000000000001,-0.30000000000000004,0.06750000268220901,0.06750000268220901,0.06750000268220901,2.682209010451686e-09,5.77415990078659e-18,False,False,
123,0.0675,0.3,-0.30000000000000004,0.06750000268220901,0.06750000268220901,0.06750000268220901,2.682209010451686e-09,5.77415990078659e-18,False,False,
124,0.0675,0.32,-0.30000000000000004,0.06750000268220901,0.06750000268220901,0.06750000268220901,2.682209010451686e-09,5.77415990078659e-18,False,False,
125,0.0675,0.34,-0.30000000000000004,0.06750000268220901,0.06750000268220901,0.06750000268220901,2.682209010451686e-09,5.77415990078659e-18,False,False,
126,0.0675,0.36000000000000004,-0.30000000000000004,0.06750000268220901,0.06750000268220901,0.06750000268220901,2.682209010451686e-09,5.77415990078659e-18,False,False,
127,0.0675,0.38000000000000006,-0.30000000000000004,0.06750000268220901,0.06750000268220901,0.06750000268220901,2.682209010451686e-09,5.77415990078659e-18,False,False,
128,0.0675,0.4000000000000001,-0.30000000000000004,0.06750000268220901,0.06750000268220901,0.06750000268220901,2.682209010451686e-09,5.77415990078659e-18,False,False,
129,0.0675,0.42,-0.30000000000000004,0.06750000268220901,0.06750000268220901,0.06750000268220901,2.682209010451686e-09,5.77415990078659e-18,False,False,
130,0.0675,-0.42,-0.28,0.06750000268220901,0.06750000268220901,0.06750000268220901,2.682209010451686e-09,5.77415990078659e-18,False,False,
131,0.0675,-0.39999999999999997,-0.28,0.06750000268220901,0.06750000268220901,0.06750000268220901,2.682209010451686e-09,5.77415990078659e-18,False,False,
132,0.0675,-0.38,-0.28,0.06750000268220901,0.06750000268220901,0.06750000268220901,2.682209010451686e-09,5.77415990078659e-18,False,False,
133,0.0675,-0.36,-0.28,0.06750000268220901,0.06750000268220901,0.06750000268220901,2.682209010451686e-09,5.77415990078659e-18,False,False,
134,0.0675,-0.33999999999999997,-0.28,0.06750000268220901,0.06750000268220901,0.06750000268220901,2.682209010451686e-09,5.77415990078659e-18,False,False,
135,0.0675,-0.31999999999999995,-0.28,0.06750000268220901,0.06750000268220901,0.06750000268220901,2.682209010451686e-09,5.77415990078659e-18,False,False,
136,0.0675,-0.3,-0.28,0.06750000268220901,0.06750000268220901,0.06750000268220901,2.682209010451686e-09,5.77415990078659e-18,False,False,
137,0.0675,-0.27999999999999997,-0.28,0.06750000268220901,0.06750000268220901,0.06750000268220901,2.682209010451686e-09,5.77415990078659e-18,False,False,
138,0.0675,-0.26,-0.28,0.06750000268220901,0.06750000268220901,0.06750000268220901,2.682209010451686e-09,5.77415990078659e-18,False,False,
139,0.0675,-0.24,-0.28,0.06750000268220901,0.06750000268220901,0.06750000268220901,2.682209010451686e-09,5.77415990078659e-18,False,False,
140,0.0675,-0.21999999999999997,-0.28,0.06750000268220901,0.06750000268220901,0.06750000268220901,2.682209010451686e-09,5.77415990078659e-18,False,False,
141,0.0675,-0.19999999999999998,-0.28,0.06750000268220901,0.06750000268220901,0.06750000268220901,2.682209010451686e-09,5.77415990078659e-18,False,False,0.01289442926645279
142,0.0675,-0.18,-0.28,0.06750000268220901,0.06750000268220901,0.06750000268220901,2.682209010451686e-09,5.77415990078659e-18,False,False,0.011582106351852417
143,0.0675,-0.15999999999999998,-0.28,0.06750000268220901,0.06750000268220901,0.06750000268220901,2.682209010451686e-09,5.77415990078659e-18,False,False,0.011463165283203125
144,0.0675,-0.13999999999999996,-0.28,0.06750000268220901,0.06750000268220901,0.06750000268220901,2.682209010451686e-09,5.77415990078659e-18,False,False,0.011301713064312935
145,0.0675,-0.12,-0.28,0.06750000268220901,0.06750000268220901,0.06750000268220901,2.682209010451686e-09,5.77415990078659e-18,False,False,0.011394239962100983
146,0.0675,-0.09999999999999998,-0.28,0.06750000268220901,0.06750000268220901,0.06750000268220901,2.682209010451686e-09,5.77415990078659e-18,False,False,0.011329874396324158
147,0.0675,-0.07999999999999996,-0.28,0.06750000268220901,0.06750000268220901,0.06750000268220901,2.682209010451686e-09,5.77415990078659e-18,False,False,0.01116643100976944
148,0.0675,-0.06,-0.28,0.06750000268220901,0.06750000268220901,0.06750000268220901,2.682209010451686e-09,5.77415990078659e-18,False,False,0.015209339559078217
149,0.0675,-0.03999999999999998,-0.28,0.06750000268220901,0.06750000268220901,0.06750000268220901,2.682209010451686e-09,5.77415990078659e-18,False,False,0.01128445565700531
150,0.0675,-0.019999999999999962,-0.28,0.06750000268220901,0.06750000268220901,0.06750000268220901,2.682209010451686e-09,5.77415990078659e-18,False,False,0.011409565806388855
151,0.0675,0.0,-0.28,0.06750000268220901,0.06750000268220901,0.06750000268220901,2.682209010451686e-09,5.77415990078659e-18,False,False,0.011340104043483734
152,0.0675,0.020000000000000018,-0.28,0.06750000268220901,0.06750000268220901,0.06750000268220901,2.682209010451686e-09,5.77415990078659e-18,False,False,0.011179417371749878
153,0.0675,0.040000000000000036,-0.28,0.06750000268220901,0.06750000268220901,0.06750000268220901,2.682209010451686e-09,5.77415990078659e-18,False,False,0.011347055435180664
154,0.0675,0.06,-0.28,0.06750000268220901,0.06750000268220901,0.06750000268220901,2.682209010451686e-09,5.77415990078659e-18,False,False,0.011168032884597778
155,0.0675,0.08000000000000002,-0.28,0.06750000268220901,0.06750000268220901,0.06750000268220901,2.682209010451686e-09,5.77415990078659e-18,False,False,0.012347780168056488
156,0.0675,0.10000000000000003,-0.28,0.06750000268220901,0.06750000268220901,0.06750000268220901,2.682209010451686e-09,5.77415990078659e-18,False,False,0.011258326470851898
157,0.0675,0.12000000000000005,-0.28,0.06750000268220901,0.06750000268220901,0.06750000268220901,2.682209010451686e-09,5.77415990078659e-18,False,False,0.011371240019798279
158,0.0675,0.14000000000000007,-0.28,0.06750000268220901,0.06750000268220901,0.06750000268220901,2.682209010451686e-09,5.77415990078659e-18,False,False,0.011384591460227966
159,0.0675,0.15999999999999998,-0.28,0.06750000268220901,0.06750000268220901,0.06750000268220901,2.682209010451686e-09,5.77415990078659e-18,False,False,0.011262844316661358
160,0.0675,0.18,-0.28,0.06750000268220901,0.06750000268220901,0.06750000268220901,2.682209010451686e-09,5.77415990078659e-18,False,False,0.011364154517650604
161,0.0675,0.2,-0.28,0.06750000268220901,0.06750000268220901,0.06750000268220901,2.682209010451686e-09,5.77415990078659e-18,False,False,0.011299803853034973
162,0.0675,0.22000000000000003,-0.28,0.06750000268220901,0.06750000268220901,0.06750000268220901,2.682209010451686e-09,5.77415990078659e-18,False,False,0.011163882911205292
163,0.0675,0.24000000000000005,-0.28,0.06750000268220901,0.06750000268220901,0.06750000268220901,2.682209010451686e-09,5.77415990078659e-18,False,False,0.011241085827350616
164,0.0675,0.26000000000000006,-0.28,0.06750000268220901,0.06750000268220901,0.06750000268220901,2.682209010451686e-09,5.77415990078659e-18,False,False,0.011332817375659943
165,0.0675,0.2800000000000001,-0.28,0.06750000268220901,0.06750000268220901,0.06750000268220901,2.682209010451686e-09,5.77415990078659e-18,False,False,0.011477731168270111
166,0.0675,0.3,-0.28,0.06750000268220901,0.06750000268220901,0.06750000268220901,2.682209010451686e-09,5.77415990078659e-18,False,False,0.01208312064409256
167,0.0675,0.32,-0.28,0.06750000268220901,0.06750000268220901,0.06750000268220901,2.682209010451686e-09,5.77415990078659e-18,False,False,0.018722694367170334
168,0.0675,0.34,-0.28,0.06750000268220901,0.06750000268220901,0.06750000268220901,2.682209010451686e-09,5.77415990078659e-18,False,False,
169,0.0675,0.36000000000000004,-0.28,0.06750000268220901,0.06750000268220901,0.06750000268220901,2.682209010451686e-09,5.77415990078659e-18,False,False,
170,0.0675,0.38000000000000006,-0.28,0.06750000268220901,0.06750000268220901,0.06750000268220901,2.682209010451686e-09,5.77415990078659e-18,False,False,
171,0.0675,0.4000000000000001,-0.28,0.06750000268220901,0.06750000268220901,0.06750000268220901,2.682209010451686e-09,5.77415990078659e-18,False,False,
172,0.0675,0.42,-0.28,0.06750000268220901,0.06750000268220901,0.06750000268220901,2.682209010451686e-09,5.77415990078659e-18,False,False,
173,0.0675,-0.42,-0.26,0.06750000268220901,0.06750000268220901,0.06750000268220901,2.682209010451686e-09,5.77415990078659e-18,False,False,
174,0.0675,-0.39999999999999997,-0.26,0.06750000268220901,0.06750000268220901,0.06750000268220901,2.682209010451686e-09,5.77415990078659e-18,False,False,
175,0.0675,-0.38,-0.26,0.06750000268220901,0.06750000268220901,0.06750000268220901,2.682209010451686e-09,5.77415990078659e-18,False,False,
176,0.0675,-0.36,-0.26,0.06750000268220901,0.06750000268220901,0.06750000268220901,2.682209010451686e-09,5.77415990078659e-18,False,False,
177,0.0675,-0.33999999999999997,-0.26,0.06750000268220901,0.06750000268220901,0.06750000268220901,2.682209010451686e-09,5.77415990078659e-18,False,False,0.013794854283332825
178,0.0675,-0.31999999999999995,-0.26,0.06750000268220901,0.06750000268220901,0.06750000268220901,2.682209010451686e-09,5.77415990078659e-18,False,False,0.0055421143770217896
179,0.0675,-0.3,-0.26,0.06750000268220901,0.06750000268220901,0.06750000268220901,2.682209010451686e-09,5.77415990078659e-18,False,False,0.005391620099544525
180,0.0675,-0.27999999999999997,-0.26,0.06750000268220901,0.06750000268220901,0.06750000268220901,2.682209010451686e-09,5.77415990078659e-18,False,False,0.005224704742431641
181,0.0675,-0.26,-0.26,0.06750000268220901,0.06750000268220901,0.06750000268220901,2.682209010451686e-09,5.77415990078659e-18,False,False,0.005057059228420258
182,0.0675,-0.24,-0.26,0.06750000268220901,0.06750000268220901,0.06750000268220901,2.682209010451686e-09,5.77415990078659e-18,False,False,0.004999518394470215
183,0.0675,-0.21999999999999997,-0.26,0.06750000268220901,0.06750000268220901,0.06750000268220901,2.682209010451686e-09,5.77415990078659e-18,False,False,0.005105234682559967
184,0.0675,-0.19999999999999998,-0.26,0.06616766005754471,0.06750000268220901,0.06750000268220901,0.0013323399424552962,12.451939582824707,True,True,-0.005958661437034607
185,0.0675,-0.18,-0.26,0.06738932430744171,0.06750000268220901,0.06750000268220901,0.00011067569255829302,28.811023712158203,True,True,-0.008085548877716064
186,0.0675,-0.15999999999999998,-0.26,0.0681857243180275,0.06750000268220901,0.06750000268220901,0.0006857243180274919,7.745368957519531,True,True,-0.008898049592971802
187,0.0675,-0.13999999999999996,-0.26,0.06830593943595886,0.06750000268220901,0.06750000268220901,0.0008059394359588579,4.959708213806152,True,True,-0.008981391787528992
188,0.0675,-0.12,-0.26,0.06986255943775177,0.06750000268220901,0.06750000268220901,0.0023625594377517656,40.66349792480469,True,True,-0.009036711417138577
189,0.0675,-0.09999999999999998,-0.26,0.06967423111200333,0.06750000268220901,0.06750000268220901,0.002174231112003322,6.169354438781738,True,True,-0.009036711417138577
190,0.0675,-0.07999999999999996,-0.26,0.06874045729637146,0.06750000268220901,0.06750000268220901,0.0012404572963714555,2.3734230995178223,True,True,-0.009036711417138577
191,0.0675,-0.06,-0.26,0.06776793301105499,0.06677911430597305,0.06750000268220901,0.0007208856940269515,23.95473294616652,True,True,-0.009036711417138577
192,0.0675,-0.03999999999999998,-0.26,0.06928076595067978,0.0681893453001976,0.06750000268220901,0.0017807659506797746,49.42851468271617,True,True,-0.008992865681648254
193,0.0675,-0.019999999999999962,-0.26,0.07022331655025482,0.06949994713068008,0.06750000268220901,0.0027233165502548173,15.95170597446572,True,True,-0.00834850873798132
194,0.0675,0.0,-0.26,0.07213999330997467,0.06928975880146027,0.06750000268220901,0.004639993309974666,10.385271344685663,True,True,-0.008965530432760715
195,0.0675,0.020000000000000018,-0.26,0.0738498717546463,0.07139740139245987,0.06750000268220901,0.006349871754646297,91.55594422426948,True,True,-0.009036778472363949
196,0.0675,0.040000000000000036,-0.26,0.07574483007192612,0.0712098553776741,0.06750000268220901,0.008244830071926113,10.202107878500996,True,True,-0.009036778472363949
197,0.0675,0.06,-0.26,0.07734357565641403,0.07024731487035751,0.06750000268220901,0.009843575656414028,8.356096658758839,True,True,-0.009036778472363949
198,0.0675,0.08000000000000002,-0.26,0.07894232124090195,0.06919759511947632,0.06750000268220901,0.011442321240901943,22.908908401320517,True,True,-0.009036778472363949
199,0.0675,0.10000000000000003,-0.26,0.08054106682538986,0.07088256627321243,0.0692753791809082,0.013041066825389858,55.412646398900414,True,True,-0.009013487957417965
200,0.0675,0.12000000000000005,-0.26,0.08213973790407181,0.07089025527238846,0.06957533955574036,0.014639737904071803,26.45861783911147,True,True,-0.007844016887247562
201,0.0675,0.14000000000000007,-0.26,0.08373833447694778,0.07166184484958649,0.06632589548826218,0.01623833447694778,15.175741931397406,True,True,-0.008936922065913677
202,0.0675,0.15999999999999998,-0.26,0.08533693104982376,0.07404960691928864,0.06674570590257645,0.017836931049823757,60.194917303395435,True,True,-0.008534185588359833
203,0.0675,0.18,-0.26,0.08693552762269974,0.07468220591545105,0.06679848581552505,0.019435527622699733,12.685059308186808,True,True,-0.009036674164235592
204,0.0675,0.2,-0.26,0.08853404968976974,0.07616278529167175,0.06809801608324051,0.02103404968976974,12.68475114335461,False,False,0.005030699074268341
205,0.0675,0.22000000000000003,-0.26,0.09013249725103378,0.07764336466789246,0.06735839694738388,0.02263249725103378,11.274041920590882,True,True,-0.009036674164235592
206,0.0675,0.24000000000000005,-0.26,0.09173094481229782,0.07912394404411316,0.067640021443367,0.024230944812297817,11.016499609853007,True,False,-0.0004687756299972534
207,0.0675,0.26000000000000006,-0.26,0.09332939237356186,0.08060437440872192,0.0667823851108551,0.025829392373561855,10.906286246806532,True,True,-0.008958784863352776
208,0.0675,0.2800000000000001,-0.26,0.09492776542901993,0.08208480477333069,0.06718683987855911,0.027427765429019924,36.46891500878577,True,True,-0.007751233875751495
209,0.0675,0.3,-0.26,0.09652606397867203,0.08356523513793945,0.06846711784601212,0.029026063978672023,13.804116006310645,True,True,-0.008764535188674927
210,0.0675,0.32,-0.26,0.09812436252832413,0.08504566550254822,0.07016294449567795,0.030624362528324123,13.803796769503867,False,False,0.0019156932830810547
211,0.0675,0.34,-0.26,0.09972266107797623,0.08652595430612564,0.07185869663953781,0.03222266107797622,13.803477532705681,False,False,0.01070907711982727
212,0.0675,0.36000000000000004,-0.26,0.10132088512182236,0.08800623565912247,0.07355444878339767,0.03382088512182235,13.80315829591609,False,False,
213,0.0675,0.38000000000000006,-0.26,0.10291903465986252,0.0894865170121193,0.07525020092725754,0.035419034659862514,13.802839059135094,False,False,
214,0.0675,0.4000000000000001,-0.26,0.10451718419790268,0.09096679836511612,0.07694587856531143,0.037017184197902675,13.802519822362692,False,False,
215,0.0675,0.42,-0.26,0.10611533373594284,0.09244698286056519,0.07864148169755936,0.038615333735942836,13.802200585598884,False,False,
216,0.0675,-0.42,-0.24000000000000002,0.10771340876817703,0.09392711520195007,0.08033708482980728,0.04021340876817703,13.801881348843674,False,False,
217,0.0675,-0.39999999999999997,-0.24000000000000002,0.10931140929460526,0.09540724754333496,0.0820326879620552,0.04181140929460525,13.80156211209706,False,False,
218,0.0675,-0.38,-0.24000000000000002,0.11090940982103348,0.09688737988471985,0.08372821658849716,0.04340940982103347,13.801242875359044,False,False,
219,0.0675,-0.36,-0.24000000000000002,0.1125074103474617,0.09836743772029877,0.08542367070913315,0.045007410347461696,13.800923638629625,False,False,
220,0.0675,-0.33999999999999997,-0.24000000000000002,0.11410533636808395,0.09984742105007172,0.08711912482976913,0.04660533636808395,13.800604401908805,False,False,0.006585270166397095
221,0.0675,-0.31999999999999995,-0.24000000000000002,0.11456593126058578,0.10132740437984467,0.08881457895040512,0.04706593126058578,12.26690717734047,True,True,-0.013414651155471802
222,0.0675,-0.3,-0.24000000000000002,0.11770548671483994,0.10280738770961761,0.09050995856523514,0.05020548671483993,48.95863327471437,True,True,-0.02029302716255188
223,0.0675,-0.27999999999999997,-0.24000000000000002,0.1105867326259613,0.1042872965335846,0.09220526367425919,0.0430867326259613,38.18860192341597,True,True,-0.01864185929298401
224,0.0675,-0.26,-0.24000000000000002,0.11245795339345932,0.1057671308517456,0.09390056878328323,0.044957953393459316,124.50152733065025,True,True,-0.022266224026679993
225,0.0675,-0.24,-0.24000000000000002,0.11997110396623611,0.10696056485176086,0.09526775032281876,0.05247110396623611,56.60809101495652,True,True,-0.02226588875055313
226,0.0675,-0.21999999999999997,-0.24000000000000002,0.12385306507349014,0.10815399885177612,0.09663493186235428,0.05635306507349014,71.6636717213615,True,True,-0.01649266481399536
227,0.0675,-0.19999999999999998,-0.24000000000000002,0.12501612305641174,0.10934743285179138,0.0980021134018898,0.05751612305641174,157.79199258058665,True,True,-0.03597527742385864
228,0.0675,-0.18,-0.24000000000000002,0.12706659734249115,0.09947707504034042,0.09317237883806229,0.059566597342491145,195.92959442813492,True,True,-0.04344393312931061
229,0.0675,-0.15999999999999998,-0.24000000000000002,0.12521398067474365,0.10135911405086517,0.09117249399423599,0.05771398067474365,47.91809765362543,True,True,-0.043365128338336945
230,0.0675,-0.13999999999999996,-0.24000000000000002,0.13701936602592468,0.09108496457338333,0.08411689102649689,0.06951936602592468,173.33063514136234,True,True,-0.04324615001678467
231,0.0675,-0.12,-0.24000000000000002,0.14041981101036072,0.08474624156951904,0.0821170061826706,0.07291981101036071,98.61107711121126,True,True,-0.034851789474487305
232,0.0675,-0.09999999999999998,-0.24000000000000002,0.15004150569438934,0.08531421422958374,0.0801171213388443,0.08254150569438934,147.5319631938563,True,True,-0.02604024112224579
233,0.0675,-0.07999999999999996,-0.24000000000000002,0.15528512001037598,0.0828443244099617,0.07825447618961334,0.08778512001037597,116.56411331552005,True,True,-0.022263556718826294
234,0.0675,-0.06,-0.24000000000000002,0.15673096477985382,0.08515242487192154,0.07648719847202301,0.08923096477985382,40.890078454014606,True,True,-0.02226441353559494
235,0.0675,-0.03999999999999998,-0.24000000000000002,0.1568065732717514,0.08610586822032928,0.07808467745780945,0.0893065732717514,53.78067184157151,True,True,-0.022264651954174042
236,0.0675,-0.019999999999999962,-0.24000000000000002,0.15282943844795227,0.08912180364131927,0.07216697186231613,0.08532943844795227,86.48197258291313,True,True,-0.022264331579208374
237,0.0675,0.0,-0.24000000000000002,0.15729562938213348,0.09304117411375046,0.06321047246456146,0.08979562938213348,148.24969511536426,True,True,-0.02226400375366211
238,0.0675,0.020000000000000018,-0.24000000000000002,0.16649648547172546,0.10531823337078094,0.047940079122781754,0.09899648547172546,155.17667734559913,True,True,-0.022264733910560608
239,0.0675,0.040000000000000036,-0.24000000000000002,0.17182837426662445,0.10832110047340393,0.046383701264858246,0.10432837426662445,154.58754159368317,True,True,-0.03143041580915451
240,0.0675,0.06,-0.24000000000000002,0.16982848942279816,0.11368019878864288,0.04788074642419815,0.10232848942279815,101.45276260892025,True,True,-0.032433152198791504
241,0.0675,0.08000000000000002,-0.24000000000000002,0.16784216463565826,0.12204945087432861,0.03884770721197128,0.10034216463565826,158.810932450852,True,True,-0.02226553112268448
242,0.0675,0.10000000000000003,-0.24000000000000002,0.16610901057720184,0.12435334175825119,0.03629114851355553,0.09860901057720184,44.97985854094012,True,True,-0.012298084795475006
243,0.0675,0.12000000000000005,-0.24000000000000002,0.16437600553035736,0.12384194135665894,0.030848972499370575,0.09687600553035736,74.14688197877781,True,True,-0.010985597968101501
244,0.0675,0.14000000000000007,-0.24000000000000002,0.16264300048351288,0.12418936938047409,0.028849061578512192,0.09514300048351287,13.30997501861585,True,True,-0.012505561113357544
245,0.0675,0.15999999999999998,-0.24000000000000002,0.1609099954366684,0.1219213455915451,0.02684919536113739,0.09340999543666839,37.32568104716889,True,True,-0.01130230724811554
246,0.0675,0.18,-0.24000000000000002,0.1591769903898239,0.11974374949932098,0.024849366396665573,0.09167699038982391,15.492027746353191,True,True,-0.009058676660060883
247,0.0675,0.2,-0.24000000000000002,0.15744398534297943,0.11813203990459442,0.02284957468509674,0.08994398534297943,15.491693102276527,False,False,0.010941140353679657
248,0.0675,0.22000000000000003,-0.24000000000000002,0.15571098029613495,0.11652033030986786,0.020849820226430893,0.08821098029613494,15.491358458217555,False,False,0.016895636916160583
249,0.0675,0.24000000000000005,-0.24000000000000002,0.15397797524929047,0.11490876972675323,0.018850108608603477,0.08647797524929046,15.491023814176279,False,False,0.018877699971199036
250,0.0675,0.26000000000000006,-0.24000000000000002,0.15224513411521912,0.11329720914363861,0.016850441694259644,0.08474513411521911,15.490689170152697,False,False,
251,0.0675,0.2800000000000001,-0.24000000000000002,0.1505124270915985,0.11168564856052399,0.014850820414721966,0.0830124270915985,15.490354526146813,False,False,
252,0.0675,0.3,-0.24000000000000002,0.1487797200679779,0.11007408797740936,0.012851234525442123,0.0812797200679779,15.490019882158625,False,False,
253,0.0675,0.32,-0.24000000000000002,0.1470470130443573,0.10846267640590668,0.010851692408323288,0.0795470130443573,15.48968523818814,False,False,
254,0.0675,0.34,-0.24000000000000002,0.1453143060207367,0.10685126483440399,0.008852189406752586,0.07781430602073669,15.48935059423535,False,False,
255,0.0675,0.36000000000000004,-0.24000000000000002,0.1435815989971161,0.1052398532629013,0.006852725055068731,0.07608159899711608,15.489015950300264,False,False,
256,0.0675,0.38000000000000006,-0.24000000000000002,0.14184889197349548,0.10362844169139862,0.004853302147239447,0.07434889197349548,15.48868130638288,False,False,
257,0.0675,0.4000000000000001,-0.24000000000000002,0.14011618494987488,0.10201717913150787,0.002853920217603445,0.07261618494987487,15.488346662483199,False,False,
258,0.0675,0.42,-0.24000000000000002,0.13838376104831696,0.10040591657161713,0.0008545788587071002,0.07088376104831695,15.488012018601223,False,False,
259,0.0675,-0.42,-0.22000000000000003,0.13665135204792023,0.09879465401172638,0.0,0.06915135204792022,11.829607986512752,False,False,
260,0.0675,-0.39999999999999997,-0.22000000000000003,0.1349189430475235,0.09718339145183563,1.4617964901794667e-16,0.06749999999999985,11.829342320693629,False,False,
261,0.0675,-0.38,-0.22000000000000003,0.13318653404712677,0.09557227790355682,4.385389205840604e-16,0.06749999999999956,11.829076654877142,False,False,
262,0.0675,-0.36,-0.22000000000000003,0.13145412504673004,0.09396116435527802,7.308980598012761e-16,0.06749999999999927,11.828810989063294,False,False,
263,0.0675,-0.33999999999999997,-0.22000000000000003,0.1297217160463333,0.0923500508069992,1.0232571990184919e-15,0.06749999999999898,11.828545323252083,False,False,0.006582081317901611
264,0.0675,-0.31999999999999995,-0.22000000000000003,0.1289684772491455,0.0907389372587204,1.3156163382357076e-15,0.06749999999999869,9.771203243437828,True,True,-0.013417646288871765
265,0.0675,-0.3,-0.22000000000000003,0.12546974420547485,0.08912797272205353,1.6079754774529233e-15,0.0674999999999984,51.25185130734676,True,True,-0.020276449620723724
266,0.0675,-0.27999999999999997,-0.22000000000000003,0.12533970177173615,0.08751700818538666,1.9003345107910206e-15,0.0674999999999981,21.291945332166417,True,True,-0.018330805003643036
267,0.0675,-0.26,-0.22000000000000003,0.12538518011569977,0.08590604364871979,2.1926934382499996e-15,0.06749999999999781,31.573858501141586,True,True,-0.01620074361562729
268,0.0675,-0.24,-0.22000000000000003,0.13045041263103485,0.08429507911205292,2.4850523657089785e-15,0.06749999999999752,86.33868504197578,True,True,-0.016246236860752106
269,0.0675,-0.21999999999999997,-0.22000000000000003,0.1375826895236969,0.08268426358699799,2.7774112931679574e-15,0.0700826895236969,123.40322311876079,True,True,-0.02226255089044571
270,0.0675,-0.19999999999999998,-0.22000000000000003,0.1361585110425949,0.0813760906457901,3.0697702206269363e-15,0.0686585110425949,130.18393808069618,True,True,-0.022262975573539734
271,0.0675,-0.18,-0.22000000000000003,0.1456162929534912,0.07098551094532013,3.3621291480859152e-15,0.0781162929534912,50.995083495620264,True,True,-0.017712697386741638
272,0.0675,-0.15999999999999998,-0.22000000000000003,0.15179382264614105,0.06602490693330765,3.654488499061368e-15,0.08429382264614105,50.04859855687886,True,True,-0.016624532639980316
273,0.0675,-0.13999999999999996,-0.22000000000000003,0.15223559737205505,0.06795777380466461,3.9468486970697676e-15,0.08473559737205505,154.11395408190603,True,True,-0.012542195618152618
274,0.0675,-0.12,-0.22000000000000003,0.15734486281871796,0.06732004880905151,4.239208895078167e-15,0.08984486281871795,169.37139029486215,True,True,-0.012984000146389008
275,0.0675,-0.09999999999999998,-0.22000000000000003,0.16040344536304474,0.068911612033844,4.531569093086567e-15,0.09290344536304473,125.1407917168394,True,True,-0.012958988547325134
276,0.0675,-0.07999999999999996,-0.22000000000000003,0.15805087983608246,0.06914368271827698,4.823929291094967e-15,0.09055087983608245,109.18341858796522,True,True,-0.014550536870956421
277,0.0675,-0.06,-0.22000000000000003,0.1586586833000183,0.06802969425916672,5.116289489103367e-15,0.0911586833000183,99.03980174129346,True,True,-0.015915922820568085
278,0.0675,-0.03999999999999998,-0.22000000000000003,0.15946456789970398,0.0709822028875351,5.4086496871117665e-15,0.09196456789970398,109.82065662285991,True,True,-0.017030000686645508
279,0.0675,-0.019999999999999962,-0.22000000000000003,0.15677869319915771,0.07834117859601974,5.701009885120166e-15,0.08927869319915771,153.63307563859968,True,True,-0.017094403505325317
280,0.0675,0.0,-0.22000000000000003,0.16416047513484955,0.07091757655143738,5.993370083128566e-15,0.09666047513484954,73.38508633869013,True,True,-0.022453486919403076
281,0.0675,0.020000000000000018,-0.22000000000000003,0.16911101341247559,0.06610586494207382,6.285730281136966e-15,0.10161101341247558,98.51423933352315,True,True,-0.017029792070388794
282,0.0675,0.040000000000000036,-0.22000000000000003,0.1680355966091156,0.06622657179832458,6.578090479145366e-15,0.1005355966091156,99.6744427307379,True,True,-0.018968641757965088
283,0.0675,0.06,-0.22000000000000003,0.17003563046455383,0.07187028229236603,6.8704506771537655e-15,0.10253563046455383,77.71093028355799,True,True,-0.01736099272966385
284,0.0675,0.08000000000000002,-0.22000000000000003,0.17203566431999207,0.07698670774698257,7.162811298678639e-15,0.10453566431999206,32.686821340235035,True,True,-0.013430621474981308
285,0.0675,0.10000000000000003,-0.22000000000000003,0.17403554916381836,0.08086598664522171,7.455173190752933e-15,0.10653554916381835,63.74165941607253,True,True,-0.017953097820281982
286,0.0675,0.12000000000000005,-0.22000000000000003,0.17603528499603271,0.0860752984881401,0.0,0.10853528499603271,99.3710430834079,True,True,-0.021832317113876343
287,0.0675,0.14000000000000007,-0.22000000000000003,0.17803502082824707,0.08538603782653809,2.9235929803589334e-16,0.11053502082824707,12.60126390078988,True,True,-0.02226652204990387
288,0.0675,0.15999999999999998,-0.22000000000000003,0.17820000648498535,0.08424798399209976,5.847184901926683e-16,0.11070000648498535,2.8831241130828857,True,True,-0.022266678512096405
289,0.0675,0.18,-0.22000000000000003,0.17820000648498535,0.08278586715459824,8.77077629409884e-16,0.11070000648498535,3.727739095687866,True,True,-0.009060494601726532
290,0.0675,0.2,-0.22000000000000003,0.17820000648498535,0.08204036206007004,1.1694367686270997e-15,0.11070000648498535,3.7275917530059814,False,False,0.010939367115497589
291,0.0675,0.22000000000000003,-0.22000000000000003,0.17820000648498535,0.08129485696554184,1.4617959078443155e-15,0.11070000648498535,3.7274444103240967,False,False,0.01874859631061554
292,0.0675,0.24000000000000005,-0.22000000000000003,0.17820000648498535,0.08054935187101364,1.7541550470615312e-15,0.11070000648498535,3.727297067642212,False,False,0.01872793585062027
293,0.0675,0.26000000000000006,-0.22000000000000003,0.17820000648498535,0.07980384677648544,2.04651397452051e-15,0.11070000648498535,3.727149724960327,False,False,0.018832631409168243
294,0.0675,0.2800000000000001,-0.22000000000000003,0.17820000648498535,0.07905849069356918,2.338872901979489e-15,0.11070000648498535,3.7270023822784424,False,False,0.018977537751197815
295,0.0675,0.3,-0.22000000000000003,0.17820000648498535,0.07831313461065292,2.631231829438468e-15,0.11070000648498535,3.7268550395965576,False,False,0.01915455423295498
296,0.0675,0.32,-0.22000000000000003,0.17820000648498535,0.07756777852773666,2.923590756897447e-15,0.11070000648498535,3.726707696914673,False,False,
297,0.0675,0.34,-0.22000000000000003,0.17820000648498535,0.0768224224448204,3.2159496843564258e-15,0.11070000648498535,3.726560354232788,False,False,
298,0.0675,0.36000000000000004,-0.22000000000000003,0.17820000648498535,0.07607706636190414,3.5083086118154047e-15,0.11070000648498535,3.7264130115509033,False,False,
299,0.0675,0.38000000000000006,-0.22000000000000003,0.17820000648498535,0.07533185929059982,3.800668598065568e-15,0.11070000648498535,3.7262656688690186,False,False,
300,0.0675,0.4000000000000001,-0.22000000000000003,0.17820000648498535,0.0745866522192955,4.0930287960739675e-15,0.11070000648498535,3.726118326187134,False,False,
301,0.0675,0.42,-0.22000000000000003,0.17820000648498535,0.07384144514799118,4.385388994082367e-15,0.11070000648498535,3.725970983505249,False,False,
302,0.0675,-0.42,-0.2,0.17820000648498535,0.07309623807668686,4.677749192090767e-15,0.11070000648498535,3.7258236408233643,False,False,
303,0.0675,-0.39999999999999997,-0.2,0.17820000648498535,0.07235103100538254,4.970109390099167e-15,0.11070000648498535,3.7256762981414795,False,False,
304,0.0675,-0.38,-0.2,0.17820000648498535,0.07160597294569016,5.262469588107567e-15,0.11070000648498535,3.7255289554595947,False,False,
305,0.0675,-0.36,-0.2,0.17820000648498535,0.07086091488599777,5.5548297861159664e-15,0.11070000648498535,3.72538161277771,False,False,
306,0.0675,-0.33999999999999997,-0.2,0.17820000648498535,0.07011585682630539,5.847189984124366e-15,0.11070000648498535,3.725234270095825,False,False,0.01535111665725708
307,0.0675,-0.31999999999999995,-0.2,0.17819996178150177,0.069370798766613,6.139550182132766e-15,0.11069996178150177,3.7250869823739805,True,False,-2.6553869247436523e-05
308,0.0675,-0.3,-0.2,0.1765066385269165,0.06862574070692062,6.431910380141166e-15,0.1090066385269165,50.7255635632287,True,True,-0.011022482067346573
309,0.0675,-0.27999999999999997,-0.2,0.17700420320034027,0.06788083165884018,6.724270578149566e-15,0.10950420320034027,69.26373967050569,True,True,-0.010994642041623592
310,0.0675,-0.26,-0.2,0.17556270956993103,0.06713592261075974,7.0166307761579654e-15,0.10806270956993103,48.32120030588451,True,True,-0.01105724461376667
311,0.0675,-0.24,-0.2,0.17795655131340027,0.06639101356267929,7.308992244715786e-15,0.11045655131340026,101.05347717196202,True,True,-0.01110900193452835
312,0.0675,-0.21999999999999997,-0.2,0.17761556804180145,0.06565340608358383,7.60135413679008e-15,0.11011556804180145,26.36257812025168,True,True,-0.01649262011051178
313,0.0675,-0.19999999999999998,-0.2,0.17554423213005066,0.06491579860448837,7.893716028864375e-15,0.10804423213005065,53.712268535673445,True,True,-0.02027258276939392
314,0.0675,-0.18,-0.2,0.17812970280647278,0.05986228957772255,8.186077920938669e-15,0.11062970280647277,48.78406686547463,True,True,-0.01625572144985199
315,0.0675,-0.15999999999999998,-0.2,0.17804621160030365,0.05469831824302673,8.478439813012963e-15,0.11054621160030365,45.33418529845589,True,True,-0.022267848253250122
316,0.0675,-0.13999999999999996,-0.2,0.17785675823688507,0.049971651285886765,8.770801705087258e-15,0.11035675823688507,134.91581016122754,True,True,-0.020337268710136414
317,0.0675,-0.12,-0.2,0.17820000648498535,0.047715939581394196,9.063163597161552e-15,0.11070000648498535,89.11665932677438,True,True,-0.015610560774803162
318,0.0675,-0.09999999999999998,-0.2,0.17775897681713104,0.04719556123018265,9.355525489235846e-15,0.11025897681713104,111.7696796710071,True,True,-0.013354897499084473
319,0.0675,-0.07999999999999996,-0.2,0.17652978003025055,0.04884999245405197,9.64788738131014e-15,0.10902978003025054,57.91681184344733,True,True,-0.012834474444389343
320,0.0675,-0.06,-0.2,0.1771954596042633,0.04690995439887047,9.940249273384435e-15,0.1096954596042633,105.1078542829169,True,True,-0.014962233603000641
321,0.0675,-0.03999999999999998,-0.2,0.17819829285144806,0.0469321608543396,1.0232611165458729e-14,0.11069829285144805,14.514128933858641,True,True,-0.01814970374107361
322,0.0675,-0.019999999999999962,-0.2,0.1742471605539322,0.0471438504755497,1.0524973057533023e-14,0.10674716055393219,32.154535608689756,True,True,-0.016142427921295166
323,0.0675,0.0,-0.2,0.17820000648498535,0.0344170518219471,0.0,0.11070000648498535,45.05826200947424,True,True,-0.017930686473846436
324,0.0675,0.020000000000000018,-0.2,0.17809522151947021,0.02283131331205368,0.0,0.11059522151947021,64.91075621302399,True,True,-0.01564980298280716
325,0.0675,0.040000000000000036,-0.2,0.17788007855415344,0.022934647276997566,2.9235929803589334e-16,0.11038007855415344,59.65740900224618,True,True,-0.009352408349514008
326,0.0675,0.06,-0.2,0.17820000648498535,0.025731923058629036,5.847184901926683e-16,0.11070000648498535,39.080074310302734,True,True,-0.010976448655128479
327,0.0675,0.08000000000000002,-0.2,0.17820000648498535,0.018185997381806374,8.77077629409884e-16,0.11070000648498535,52.33076477050781,True,True,-0.00896461308002472
328,0.0675,0.10000000000000003,-0.2,0.17820000648498535,0.017239250242710114,0.0003197883488610387,0.11070000648498535,19.382491040794058,True,True,-0.006379850208759308
329,0.0675,0.12000000000000005,-0.2,0.17820000648498535,0.015460644848644733,0.0001882598880911246,0.11070000648498535,29.36616709993044,True,True,-0.005678646266460419
330,0.0675,0.14000000000000007,-0.2,0.17820000648498535,0.01462023425847292,0.00014004844706505537,0.11070000648498535,6.460892754605912,True,True,-0.0037551745772361755
331,0.0675,0.15999999999999998,-0.2,0.17820000648498535,0.014188729226589203,0.0001086435659090057,0.11070000648498535,4.950062183962194,True,True,-0.006989676505327225
332,0.0675,0.18,-0.2,0.17820000648498535,0.015052162110805511,9.223559754900634e-05,0.11070000648498535,3.2989073462791727,True,False,-0.0013794228434562683
333,0.0675,0.2,-0.2,0.17820000648498535,0.01567142643034458,0.00011541460844455287,0.11070000648498535,3.3050481614972194,True,False,-0.0014984756708145142
334,0.0675,0.22000000000000003,-0.2,0.17820000648498535,0.016290662810206413,0.0003466144553385675,0.11070000648498535,3.3048743200010167,False,False,0.00707012414932251
335,0.0675,0.24000000000000005,-0.2,0.17820000648498535,0.016909876838326454,0.0005777905462309718,0.11070000648498535,3.3047004796712662,False,False,0.0052079856395721436
336,0.0675,0.26000000000000006,-0.2,0.17820000648498535,0.01752905733883381,4.6667904825881124e-05,0.11070000648498535,3.1584387456397405,True,False,-0.0018602386116981506
337,0.0675,0.2800000000000001,-0.2,0.17820000648498535,0.018148206174373627,6.870953075122088e-05,0.11070000648498535,3.1584013526627843,True,False,-0.001131199300289154
338,0.0675,0.3,-0.2,0.17820000648498535,0.018767330795526505,5.409494769992307e-05,0.11070000648498535,3.158299132030926,True,False,-0.001034766435623169
339,0.0675,0.32,-0.2,0.17820000648498535,0.019386431202292442,0.00017936025687959045,0.11070000648498535,3.1581382142739516,False,False,0.006576210260391235
340,0.0675,0.34,-0.2,0.17820000648498535,0.020005499944090843,0.0003046027850359678,0.11070000648498535,3.1579772987296915,False,False,
341,0.0675,0.36000000000000004,-0.2,0.17820000648498535,0.020624535158276558,0.0004298225976526737,0.11070000648498535,3.157816385398484,False,False,
342,0.0675,0.38000000000000006,-0.2,0.17820000648498535,0.021243548020720482,0.0005550195928663015,0.11070000648498535,3.157655474280668,False,False,
343,0.0675,0.4000000000000001,-0.2,0.17820000648498535,0.021862534806132317,0.0006801938870921731,0.11070000648498535,3.157494565376582,False,False,
344,0.0675,0.42,-0.2,0.17820000648498535,0.022481491789221764,0.0008053453057073057,0.11070000648498535,3.157333682310769,False,False,
345,0.0675,-0.42,-0.18000000000000002,0.17820000648498535,0.023100413382053375,0.0009304740815423429,0.11070000648498535,3.157172801453178,False,False,
346,0.0675,-0.39999999999999997,-0.18000000000000002,0.17820000648498535,0.023719314485788345,0.0010555802145972848,0.11070000648498535,3.157011922804146,False,False,
347,0.0675,-0.38,-0.18000000000000002,0.17820000648498535,0.024338187649846077,0.0011806633556261659,0.11070000648498535,3.1568510463640114,False,False,
348,0.0675,-0.36,-0.18000000000000002,0.17820000648498535,0.02495703287422657,0.0013057239120826125,0.11070000648498535,3.156690172133111,False,False,
349,0.0675,-0.33999999999999997,-0.18000000000000002,0.17820000648498535,0.02557584084570408,0.001430761651135981,0.11070000648498535,3.1565293001117833,False,False,0.011490818113088608
350,0.0675,-0.31999999999999995,-0.18000000000000002,0.17819973826408386,0.026194628328084946,0.0015557766892015934,0.11069973826408386,3.1563684866626995,True,False,-2.6553869247436523e-05
351,0.0675,-0.3,-0.18000000000000002,0.17820000648498535,0.026813387870788574,0.0016807689098641276,0.11070000648498535,13.618451980055916,True,True,-0.011022459715604782
352,0.0675,-0.27999999999999997,-0.18000000000000002,0.17820000648498535,0.027432121336460114,0.0018057384295389056,0.11070000648498535,8.632882810198078,True,True,-0.010993007570505142
353,0.0675,-0.26,-0.18000000000000002,0.17820000648498535,0.028050817549228668,0.0019306852482259274,0.11070000648498535,5.540025829079523,True,True,-0.0110553540289402
354,0.0675,-0.24,-0.18000000000000002,0.17820000648498535,0.028669491410255432,0.002055609365925193,0.11070000648498535,19.575850253630467,True,True,-0.01110900193452835
355,0.0675,-0.21999999999999997,-0.18000000000000002,0.17820000648498535,0.02928813546895981,0.0021805106662213802,0.11070000648498535,15.72961728314153,True,True,-0.01649266481399536
356,0.0675,-0.19999999999999998,-0.18000000000000002,0.17820000648498535,0.029906757175922394,0.002305389381945133,0.11070000648498535,7.088472775392812,True,True,-0.02027258276939392
357,0.0675,-0.18,-0.18000000000000002,0.17820000648498535,0.029540881514549255,0.0024302450474351645,0.11070000648498535,18.4963282262425,True,True,-0.016255691647529602
358,0.0675,-0.15999999999999998,-0.18000000000000002,0.17820000648498535,0.029710279777646065,0.0025550781283527613,0.11070000648498535,35.54855862264081,True,True,-0.013179875910282135
359,0.0675,-0.13999999999999996,-0.18000000000000002,0.17820000648498535,0.030639370903372765,0.0026798886246979237,0.11070000648498535,4.2907499164860905,True,True,-0.015349239110946655
360,0.0675,-0.12,-0.18000000000000002,0.17820000648498535,0.027902323752641678,0.0028046760708093643,0.11070000648498535,69.03277735283153,True,True,-0.015525773167610168
361,0.0675,-0.09999999999999998,-0.18000000000000002,0.17820000648498535,0.028916025534272194,0.002929441165179014,0.11070000648498535,114.73263169545658,True,True,-0.013541266322135925
362,0.0675,-0.07999999999999996,-0.18000000000000002,0.17820000648498535,0.033717382699251175,0.003042600117623806,0.11070000648498535,132.3262599044155,True,True,-0.012622170150279999
363,0.0675,-0.06,-0.18000000000000002,0.17820000648498535,0.02616298571228981,0.003129028482362628,0.11070000648498535,115.00794826435506,True,True,-0.017829708755016327
364,0.0675,-0.03999999999999998,-0.18000000000000002,0.17820000648498535,0.024289367720484734,0.005746933631598949,0.11070000648498535,68.87975140182883,True,True,-0.018896639347076416
365,0.0675,-0.019999999999999962,-0.18000000000000002,0.17820000648498535,0.02000286802649498,0.0017829283606261015,0.11070000648498535,117.63230514811121,True,True,-0.01770833134651184
366,0.0675,0.0,-0.18000000000000002,0.17820000648498535,0.02354978211224079,0.0,0.11070000648498535,99.4283358616794,True,True,-0.019660577178001404
367,0.0675,0.020000000000000018,-0.18000000000000002,0.17662569880485535,0.02581232599914074,0.0010655553778633475,0.10912569880485534,113.14000187311161,True,True,-0.01896870881319046
368,0.0675,0.040000000000000036,-0.18000000000000002,0.17820000648498535,0.02991647645831108,0.0011245523346588016,0.11070000648498535,109.71851817203135,True,True,-0.0172622948884964
369,0.0675,0.06,-0.18000000000000002,0.17820000648498535,0.03983139991760254,0.0,0.11070000648498535,101.29786976274698,True,True,-0.017258204519748688
370,0.0675,0.08000000000000002,-0.18000000000000002,0.17820000648498535,0.05012772977352142,0.0,0.11070000648498535,118.52250372001419,True,True,-0.020797714591026306
371,0.0675,0.10000000000000003,-0.18000000000000002,0.17820000648498535,0.051573995500802994,2.859181768144481e-05,0.11070000648498535,61.40490411395219,True,True,-0.022265799343585968
372,0.0675,0.12000000000000005,-0.18000000000000002,0.17820000648498535,0.05296460539102554,2.804970063152723e-05,0.11070000648498535,13.447545336864508,True,True,-0.022265903651714325
373,0.0675,0.14000000000000007,-0.18000000000000002,0.17820000648498535,0.05236700177192688,0.00011643581092357635,0.11070000648498535,62.926936799748475,True,True,-0.022265657782554626
374,0.0675,0.15999999999999998,-0.18000000000000002,0.17820000648498535,0.05921114608645439,0.000141505355713889,0.11070000648498535,95.87104481826485,True,True,-0.022265754640102386
375,0.0675,0.18,-0.18000000000000002,0.17820000648498535,0.06208488345146179,0.002741558477282524,0.11070000648498535,42.18291203569403,True,True,-0.009058721363544464
376,0.0675,0.2,-0.18000000000000002,0.17820000648498535,0.06008492410182953,0.017053082585334778,0.11070000648498535,84.44069237608737,True,True,-0.010851137340068817
377,0.0675,0.22000000000000003,-0.18000000000000002,0.17820000648498535,0.058085039258003235,0.015179233625531197,0.11070000648498535,24.735071687699865,True,True,-0.018285855650901794
378,0.0675,0.24000000000000005,-0.18000000000000002,0.17820000648498535,0.05608515441417694,0.015411286614835262,0.11070000648498535,10.680475814487359,True,True,-0.014917243272066116
379,0.0675,0.26000000000000006,-0.18000000000000002,0.17820000648498535,0.054085344076156616,0.02019471861422062,0.11070000648498535,51.438414121202975,True,True,-0.009713150560855865
380,0.0675,0.2800000000000001,-0.18000000000000002,0.17820000648498535,0.05208555608987808,0.0317215695977211,0.11070000648498535,16.10005764144911,True,True,-0.010907687246799469
381,0.0675,0.3,-0.18000000000000002,0.17820000648498535,0.05008582025766373,0.027384033426642418,0.11070000648498535,51.33127862532143,True,True,-0.012687928974628448
382,0.0675,0.32,-0.18000000000000002,0.17820000648498535,0.048086121678352356,0.026378965005278587,0.11070000648498535,10.014575246552543,True,True,-0.006350474897772074
383,0.0675,0.34,-0.18000000000000002,0.17820000648498535,0.04608646035194397,0.02626526914536953,0.11070000648498535,10.014365060753136,False,False,0.0056320130825042725
384,0.0675,0.36000000000000004,-0.18000000000000002,0.17820000648498535,0.04408683627843857,0.02615160122513771,0.11070000648498535,10.014154875982117,False,False,
385,0.0675,0.38000000000000006,-0.18000000000000002,0.17820000648498535,0.04208724945783615,0.026037946343421936,0.11070000648498535,10.013944692239551,False,False,
386,0.0675,0.4000000000000001,-0.18000000000000002,0.17820000648498535,0.04008772596716881,0.025924324989318848,0.11070000648498535,10.013734509525504,False,False,
387,0.0675,0.42,-0.18000000000000002,0.17820000648498535,0.03808821365237236,0.02581072226166725,0.11070000648498535,10.013524327840042,False,False,
388,0.0675,-0.42,-0.16000000000000003,0.17820000648498535,0.03608877584338188,0.025697138160467148,0.11070000648498535,10.013314147183225,False,False,
389,0.0675,-0.39999999999999997,-0.16000000000000003,0.17820000648498535,0.0340893417596817,0.02558358572423458,0.11070000648498535,10.013103967555123,False,False,
390,0.0675,-0.38,-0.16000000000000003,0.17820000648498535,0.03208997845649719,0.02547004446387291,0.11070000648498535,10.012893788955797,False,False,
391,0.0675,-0.36,-0.16000000000000003,0.17820000648498535,0.030090637505054474,0.025356534868478775,0.11070000648498535,10.012683611385315,False,False,
392,0.0675,-0.33999999999999997,-0.16000000000000003,0.17820000648498535,0.028091348707675934,0.025243043899536133,0.11070000648498535,10.012473434843738,False,False,0.0066254884004592896
393,0.0675,-0.31999999999999995,-0.16000000000000003,0.17820000648498535,0.02609209716320038,0.025129571557044983,0.11070000648498535,10.012268235534737,True,True,-0.013071060180664062
394,0.0675,-0.3,-0.16000000000000003,0.17463083565235138,0.024092882871627808,0.02501613274216652,0.10713083565235137,118.91666445257535,True,True,-0.011022444814443588
395,0.0675,-0.27999999999999997,-0.16000000000000003,0.1752423793077469,0.02240573987364769,0.024920416995882988,0.10774237930774688,115.95673356226162,True,True,-0.015801722183823586
396,0.0675,-0.26,-0.16000000000000003,0.17429493367671967,0.020946918055415154,0.02483767829835415,0.10679493367671966,105.77403386576268,True,True,-0.015898453071713448
397,0.0675,-0.24,-0.16000000000000003,0.17820000648498535,0.019564462825655937,0.024759288877248764,0.11070000648498535,19.696729631666535,True,True,-0.015914782881736755
398,0.0675,-0.21999999999999997,-0.16000000000000003,0.177896186709404,0.018182044848799706,0.024680910632014275,0.11039618670940399,65.4602721882394,True,True,-0.01649266481399536
399,0.0675,-0.19999999999999998,-0.16000000000000003,0.17798802256584167,0.01679966412484646,0.02460256777703762,0.11048802256584167,33.21171185418353,True,True,-0.02027258276939392
400,0.0675,-0.18,-0.16000000000000003,0.17820000648498535,0.011099650524556637,0.02452424168586731,0.11070000648498535,50.95553963071207,True,True,-0.016255691647529602
401,0.0675,-0.15999999999999998,-0.16000000000000003,0.17688611149787903,0.0037733702920377254,0.02444593608379364,0.10938611149787902,143.87613418156553,True,True,-0.016738615930080414
402,0.0675,-0.13999999999999996,-0.16000000000000003,0.1760655641555786,0.0013045117957517505,0.02438589185476303,0.10856556415557861,20.897940405617295,True,True,-0.015811055898666382
403,0.0675,-0.12,-0.16000000000000003,0.17700520157814026,7.089084101608023e-05,0.02432587742805481,0.10950520157814025,147.58515692001095,True,True,-0.011108994483947754
404,0.0675,-0.09999999999999998,-0.16000000000000003,0.17819203436374664,0.003034203080460429,0.02426963858306408,0.11069203436374664,108.86750009853941,True,True,-0.011108994483947754
405,0.0675,-0.07999999999999996,-0.16000000000000003,0.17820000648498535,0.0019052644493058324,0.024217447265982628,0.11070000648498535,17.899156381956,True,True,-0.014614470303058624
406,0.0675,-0.06,-0.16000000000000003,0.17728281021118164,0.0005102627328597009,0.024165278300642967,0.10978281021118164,100.02214236042349,True,True,-0.017594464123249054
407,0.0675,-0.03999999999999998,-0.16000000000000003,0.17820000648498535,0.0017057213699445128,0.018041005358099937,0.11070000648498535,82.73261620889255,True,True,-0.017153285443782806
408,0.0675,-0.019999999999999962,-0.16000000000000003,0.17820000648498535,0.0013482429785653949,0.01699908636510372,0.11070000648498535,66.89381597354506,True,True,-0.022268064320087433
409,0.0675,0.0,-0.16000000000000003,0.17820000648498535,0.0,0.006696868222206831,0.11070000648498535,119.19648657064111,True,True,-0.020638085901737213
410,0.0675,0.020000000000000018,-0.16000000000000003,0.17820000648498535,0.0,0.0,0.11070000648498535,22.37546747609333,True,True,-0.017663493752479553
411,0.0675,0.040000000000000036,-0.16000000000000003,0.17707020044326782,0.0025408503133803606,0.0,0.10957020044326782,121.83535324387188,True,True,-0.018663480877876282
412,0.0675,0.06,-0.16000000000000003,0.1761418581008911,0.0,0.0,0.10864185810089111,31.144000036616426,True,True,-0.01770678348839283
413,0.0675,0.08000000000000002,-0.16000000000000003,0.1752135157585144,0.0041461060754954815,0.0,0.1077135157585144,89.08300558802524,True,True,-0.01866348832845688
414,0.0675,0.10000000000000003,-0.16000000000000003,0.1742851734161377,0.003763864515349269,0.0,0.10678517341613769,109.37583485602177,True,True,-0.018648624420166016
415,0.0675,0.12000000000000005,-0.16000000000000003,0.17343014478683472,0.0038531282916665077,0.0,0.10593014478683471,117.88793263528343,True,True,-0.018663495779037476
416,0.0675,0.14000000000000007,-0.16000000000000003,0.1727023720741272,0.008502999320626259,0.0,0.10520237207412719,120.9896380513825,True,True,-0.018663495779037476
417,0.0675,0.15999999999999998,-0.16000000000000003,0.1720905303955078,0.009096572175621986,0.0,0.10459053039550781,30.847378227731806,True,True,-0.017663508653640747
418,0.0675,0.18,-0.16000000000000003,0.17147868871688843,0.005791772622615099,0.0,0.10397868871688842,61.147262011602976,True,True,-0.018663495779037476
419,0.0675,0.2,-0.16000000000000003,0.17086684703826904,0.007791698444634676,0.0,0.10336684703826904,11.788141680238914,True,True,-0.019642002880573273
420,0.0675,0.22000000000000003,-0.16000000000000003,0.17025500535964966,0.009791582822799683,0.0027559897862374783,0.10275500535964965,37.46518050602115,True,True,-0.01811935007572174
421,0.0675,0.24000000000000005,-0.16000000000000003,0.16964316368103027,0.01179142389446497,0.00398674514144659,0.10214316368103027,105.16820107235269,True,True,-0.015914730727672577
422,0.0675,0.26000000000000006,-0.16000000000000003,0.16905874013900757,0.01370241865515709,0.003507019020617008,0.10155874013900756,16.74839446425365,True,True,-0.015911400318145752
423,0.0675,0.2800000000000001,-0.16000000000000003,0.16847431659698486,0.015613371506333351,0.004238670691847801,0.10097431659698486,21.01387458997856,True,True,-0.01583505980670452
424,0.0675,0.3,-0.16000000000000003,0.16788989305496216,0.017524288967251778,0.007383157964795828,0.10038989305496215,45.33490899917036,True,True,-0.011897653341293335
425,0.0675,0.32,-0.16000000000000003,0.16730546951293945,0.020677730441093445,0.01321469433605671,0.09980546951293945,29.01833756534944,True,True,-0.015396416187286377
426,0.0675,0.34,-0.16000000000000003,0.16672104597091675,0.022588562220335007,0.015214649960398674,0.09922104597091674,14.135540299998404,False,False,0.00460362434387207
427,0.0675,0.36000000000000004,-0.16000000000000003,0.16613662242889404,0.024499356746673584,0.017214568331837654,0.09863662242889404,14.135231781741107,False,False,
428,0.0675,0.38000000000000006,-0.16000000000000003,0.16555219888687134,0.026410114020109177,0.019214441999793053,0.09805219888687133,14.134923263905687,False,False,
429,0.0675,0.4000000000000001,-0.16000000000000003,0.16496777534484863,0.028320834040641785,0.02121427282691002,0.09746777534484863,14.134614746492172,False,False,
430,0.0675,0.42,-0.16000000000000003,0.16438335180282593,0.03023151494562626,0.02321406453847885,0.09688335180282592,14.13430622950059,False,False,
431,0.0675,-0.42,-0.14,0.163798987865448,0.03214215487241745,0.0252138189971447,0.096298987865448,14.13399771293097,False,False,
432,0.0675,-0.39999999999999997,-0.14,0.16321486234664917,0.03405274823307991,0.027213536202907562,0.09571486234664917,14.133689196783337,False,False,
433,0.0675,-0.38,-0.14,0.16263073682785034,0.03596330061554909,0.029213210567831993,0.09513073682785034,14.13338068105772,False,False,
434,0.0675,-0.36,-0.14,0.1620466113090515,0.03787381574511528,0.031212840229272842,0.09454661130905151,14.133072165754147,False,False,
435,0.0675,-0.33999999999999997,-0.14,0.16146248579025269,0.03978429362177849,0.03321242704987526,0.09396248579025268,14.132763650872645,False,False,0.006583452224731445
436,0.0675,-0.31999999999999995,-0.14,0.16330024600028992,0.04169473424553871,0.03521197661757469,0.09580024600028991,90.51762172306033,True,True,-0.013416588306427002
437,0.0675,-0.3,-0.14,0.17185504734516144,0.04360513761639595,0.03721148893237114,0.10435504734516143,85.23063409834322,True,True,-0.017099790275096893
438,0.0675,-0.27999999999999997,-0.14,0.17820000648498535,0.04551548510789871,0.039210956543684006,0.11070000648498535,87.83125031700821,True,True,-0.017099790275096893
439,0.0675,-0.26,-0.14,0.17820000648498535,0.04742581397294998,0.041210394352674484,0.11070000648498535,51.05254706569882,True,True,-0.017099790275096893
440,0.0675,-0.24,-0.14,0.17820000648498535,0.04933606833219528,0.043209757655858994,0.11070000648498535,73.93105637136067,True,True,-0.017099790275096893
441,0.0675,-0.21999999999999997,-0.14,0.17820000648498535,0.05124632269144058,0.0452091209590435,0.11070000648498535,14.876298221251766,True,True,-0.01743607223033905
442,0.0675,-0.19999999999999998,-0.14,0.17820000648498535,0.05315650254487991,0.04720840975642204,0.11070000648498535,24.59270404592343,True,True,-0.02027258276939392
443,0.0675,-0.18,-0.14,0.17820000648498535,0.05957334116101265,0.04920768737792969,0.11070000648498535,29.371237650889135,True,True,-0.017099782824516296
444,0.0675,-0.15999999999999998,-0.14,0.17820000648498535,0.06343032419681549,0.05121330916881561,0.11070000648498535,46.74842539298618,True,True,-0.022263221442699432
445,0.0675,-0.13999999999999996,-0.14,0.17820000648498535,0.07976610213518143,0.053213268518447876,0.11070000648498535,111.75084244122486,True,True,-0.021020621061325073
446,0.0675,-0.12,-0.14,0.17820000648498535,0.08972285687923431,0.055072277784347534,0.11070000648498535,113.38096014342597,True,True,-0.017099782824516296
447,0.0675,-0.09999999999999998,-0.14,0.17820000648498535,0.09920600056648254,0.05685773491859436,0.11070000648498535,142.75363697746212,True,True,-0.017099782824516296
448,0.0675,-0.07999999999999996,-0.14,0.17820000648498535,0.10953997075557709,0.0583365261554718,0.11070000648498535,161.21494692474838,True,True,-0.017099782824516296
449,0.0675,-0.06,-0.14,0.17820000648498535,0.11225681006908417,0.05951334536075592,0.11070000648498535,75.75672046885565,True,True,-0.017099782824516296
450,0.0675,-0.03999999999999998,-0.14,0.17820000648498535,0.12009040266275406,0.06019943207502365,0.11070000648498535,119.90530030332792,True,True,-0.017099782824516296
451,0.0675,-0.019999999999999962,-0.14,0.17820000648498535,0.1272304803133011,0.06286899745464325,0.11070000648498535,139.74590399225605,True,True,-0.02226332575082779
452,0.0675,0.0,-0.14,0.17820000648498535,0.13243944942951202,0.075436532497406,0.11070000648498535,132.72696167953526,True,True,-0.022263482213020325
453,0.0675,0.020000000000000018,-0.14,0.17820000648498535,0.14325927197933197,0.08796600252389908,0.11070000648498535,129.52491266530225,True,True,-0.0170997753739357
454,0.0675,0.040000000000000036,-0.14,0.17820000648498535,0.15356890857219696,0.0982857272028923,0.11070000648498535,27.83171673259172,True,True,-0.0170997753739357
455,0.0675,0.06,-0.14,0.17820000648498535,0.15791015326976776,0.10525048524141312,0.11070000648498535,122.87491889614617,True,True,-0.0170997753739357
456,0.0675,0.08000000000000002,-0.14,0.17820000648498535,0.17000506818294525,0.11475089192390442,0.11070000648498535,103.90469540140741,True,True,-0.0170997753739357
457,0.0675,0.10000000000000003,-0.14,0.17820000648498535,0.17820000648498535,0.12486708909273148,0.11070000648498535,87.41952040512565,True,True,-0.0170997753739357
458,0.0675,0.12000000000000005,-0.14,0.17820000648498535,0.17820000648498535,0.1226131021976471,0.11070000648498535,28.498477217683014,True,True,-0.01570059359073639
459,0.0675,0.14000000000000007,-0.14,0.17820000648498535,0.17820000648498535,0.12613067030906677,0.11070000648498535,103.5253902172306,True,True,-0.013629809021949768
460,0.0675,0.15999999999999998,-0.14,0.17820000648498535,0.17820000648498535,0.13336844742298126,0.11070000648498535,113.70976934157751,True,True,-0.015867929905653
461,0.0675,0.18,-0.14,0.17820000648498535,0.17820000648498535,0.13773679733276367,0.11070000648498535,89.89140319824219,True,True,-0.015914730727672577
462,0.0675,0.2,-0.14,0.17820000648498535,0.17820000648498535,0.1389012336730957,0.11070000648498535,59.428958892822266,True,True,-0.015914730727672577
463,0.0675,0.22000000000000003,-0.14,0.17820000648498535,0.17820000648498535,0.14836347103118896,0.11070000648498535,63.136558532714844,True,True,-0.017568565905094147
464,0.0675,0.24000000000000005,-0.14,0.17820000648498535,0.17820000648498535,0.15729588270187378,0.11070000648498535,105.13890838623047,True,True,-0.01930008828639984
465,0.0675,0.26000000000000006,-0.14,0.17820000648498535,0.17820000648498535,0.17083106935024261,0.11070000648498535,109.209933025872,True,True,-0.01591140404343605
466,0.0675,0.2800000000000001,-0.14,0.17820000648498535,0.17820000648498535,0.17820000648498535,0.11070000648498535,4.502176284790039,True,True,-0.01583506166934967
467,0.0675,0.3,-0.14,0.17820000648498535,0.17820000648498535,0.17820000648498535,0.11070000648498535,48.28171157836914,True,True,-0.012427173554897308
468,0.0675,0.32,-0.14,0.17820000648498535,0.17820000648498535,0.17820000648498535,0.11070000648498535,3.992552956333384e-05,True,True,-0.015396416187286377
469,0.0675,0.34,-0.14,0.17820000648498535,0.17820000648498535,0.17820000648498535,0.11070000648498535,1.8198873448676828e-16,False,False,0.004430562257766724
470,0.0675,0.36000000000000004,-0.14,0.17820000648498535,0.17820000648498535,0.17820000648498535,0.11070000648498535,1.1703775942180301e-22,False,False,
471,0.0675,0.38000000000000006,-0.14,0.17820000648498535,0.17820000648498535,0.17820000648498535,0.11070000648498535,1.1703775942180301e-22,False,False,
472,0.0675,0.4000000000000001,-0.14,0.17820000648498535,0.17820000648498535,0.17820000648498535,0.11070000648498535,1.1703775942180301e-22,False,False,
473,0.0675,0.42,-0.14,0.17820000648498535,0.17820000648498535,0.17820000648498535,0.11070000648498535,1.1703775942180301e-22,False,False,
474,0.0675,-0.42,-0.12000000000000002,0.17820000648498535,0.17820000648498535,0.17820000648498535,0.11070000648498535,1.1703775942180301e-22,False,False,
475,0.0675,-0.39999999999999997,-0.12000000000000002,0.17820000648498535,0.17820000648498535,0.17820000648498535,0.11070000648498535,1.1703775942180301e-22,False,False,
476,0.0675,-0.38,-0.12000000000000002,0.17820000648498535,0.17820000648498535,0.17820000648498535,0.11070000648498535,1.1703775942180301e-22,False,False,
477,0.0675,-0.36,-0.12000000000000002,0.17820000648498535,0.17820000648498535,0.17820000648498535,0.11070000648498535,1.1703775942180301e-22,False,False,
478,0.0675,-0.33999999999999997,-0.12000000000000002,0.17820000648498535,0.17820000648498535,0.17820000648498535,0.11070000648498535,1.1703775942180301e-22,False,False,0.006583452224731445
479,0.0675,-0.31999999999999995,-0.12000000000000002,0.17820000648498535,0.17820000648498535,0.17820000648498535,0.11070000648498535,2.0787014961242676,True,True,-0.013416588306427002
480,0.0675,-0.3,-0.12000000000000002,0.17135420441627502,0.17820000648498535,0.17820000648498535,0.11070000648498535,148.6645965576172,True,True,-0.020959846675395966
481,0.0675,-0.27999999999999997,-0.12000000000000002,0.16519951820373535,0.17820000648498535,0.17820000648498535,0.11070000648498535,130.19786071777344,True,True,-0.02095986157655716
482,0.0675,-0.26,-0.12000000000000002,0.1602710485458374,0.17820000648498535,0.17820000648498535,0.11070000648498535,10.046438217163086,True,True,-0.02095986157655716
483,0.0675,-0.24,-0.12000000000000002,0.15599533915519714,0.17820000648498535,0.17820000648498535,0.11070000648498535,34.17558670043945,True,True,-0.02095986157655716
484,0.0675,-0.21999999999999997,-0.12000000000000002,0.1537616103887558,0.17820000648498535,0.17820000648498535,0.11070000648498535,91.89165496826172,True,True,-0.02095986157655716
485,0.0675,-0.19999999999999998,-0.12000000000000002,0.15652509033679962,0.17820000648498535,0.17820000648498535,0.11070000648498535,85.42247009277344,True,True,-0.02095986157655716
486,0.0675,-0.18,-0.12000000000000002,0.16027261316776276,0.17820000648498535,0.17820000648498535,0.11070000648498535,11.709954261780858,True,True,-0.02095986157655716
487,0.0675,-0.15999999999999998,-0.12000000000000002,0.15508419275283813,0.17327934503555298,0.17820000648498535,0.11070000648498535,117.78962443517561,True,True,-0.020959876477718353
488,0.0675,-0.13999999999999996,-0.12000000000000002,0.1553908884525299,0.16904526948928833,0.17820000648498535,0.11070000648498535,168.3279984411302,True,True,-0.020959876477718353
489,0.0675,-0.12,-0.12000000000000002,0.15357182919979095,0.16842028498649597,0.17820000648498535,0.11070000648498535,128.5999115749257,True,True,-0.020959876477718353
490,0.0675,-0.09999999999999998,-0.12000000000000002,0.15415115654468536,0.16967612504959106,0.17820000648498535,0.11070000648498535,115.72809229246027,True,True,-0.020959876477718353
491,0.0675,-0.07999999999999996,-0.12000000000000002,0.14960668981075287,0.16273421049118042,0.17820000648498535,0.11070000648498535,146.82061505803492,True,True,-0.020959876477718353
492,0.0675,-0.06,-0.12000000000000002,0.14782734215259552,0.15587297081947327,0.17820000648498535,0.11070000648498535,166.08225742670322,True,True,-0.020959876477718353
493,0.0675,-0.03999999999999998,-0.12000000000000002,0.14079855382442474,0.14564889669418335,0.17820000648498535,0.11070000648498535,39.61162012342908,True,True,-0.020959876477718353
494,0.0675,-0.019999999999999962,-0.12000000000000002,0.1350749284029007,0.14724545180797577,0.1767517775297165,0.10925177752971649,139.06962935857436,True,True,-0.020959891378879547
495,0.0675,0.0,-0.12000000000000002,0.13047239184379578,0.1423605978488922,0.1764543652534485,0.10895436525344848,193.23630875061653,True,True,-0.020959891378879547
496,0.0675,0.020000000000000018,-0.12000000000000002,0.12742067873477936,0.13759371638298035,0.17262870073318481,0.10512870073318481,151.94273254122788,True,True,-0.020959891378879547
497,0.0675,0.040000000000000036,-0.12000000000000002,0.12515871226787567,0.13329309225082397,0.16507002711296082,0.09757002711296081,133.6263563535547,True,True,-0.020959891378879547
498,0.0675,0.06,-0.12000000000000002,0.12357428669929504,0.12910470366477966,0.16105760633945465,0.09355760633945465,101.11032444314003,True,True,-0.020959891378879547
499,0.0675,0.08000000000000002,-0.12000000000000002,0.12198984622955322,0.11780489236116409,0.14816032350063324,0.08066032350063324,119.30845574727994,True,True,-0.020959891378879547
500,0.0675,0.10000000000000003,-0.12000000000000002,0.12048110365867615,0.11210665851831436,0.1365298181772232,0.0690298181772232,181.8407396795696,True,True,-0.020959876477718353
501,0.0675,0.12000000000000005,-0.12000000000000002,0.1193515956401825,0.10499107092618942,0.1339356005191803,0.0664356005191803,115.38842654868421,True,True,-0.020959876477718353
502,0.0675,0.14000000000000007,-0.12000000000000002,0.11833891272544861,0.10073744505643845,0.1284681111574173,0.06096811115741729,35.948072798080936,True,True,-0.020959876477718353
503,0.0675,0.15999999999999998,-0.12000000000000002,0.11732622981071472,0.0978439450263977,0.12757977843284607,0.060079778432846065,94.9761706784626,True,True,-0.020959876477718353
504,0.0675,0.18,-0.12000000000000002,0.11631369590759277,0.09827953577041626,0.12728212773799896,0.05978212773799896,55.04107653432157,True,True,-0.020959891378879547
505,0.0675,0.2,-0.12000000000000002,0.11530116200447083,0.09627965092658997,0.12450196593999863,0.05700196593999862,101.16695995717546,True,True,-0.020959891378879547
506,0.0675,0.22000000000000003,-0.12000000000000002,0.1142941415309906,0.09429064393043518,0.1246265321969986,0.05712653219699859,11.987641303377568,True,True,-0.020959891378879547
507,0.0675,0.24000000000000005,-0.12000000000000002,0.11328712105751038,0.0923016369342804,0.12210305780172348,0.054603057801723476,67.88849445149465,True,True,-0.020959891378879547
508,0.0675,0.26000000000000006,-0.12000000000000002,0.11228010058403015,0.09031262993812561,0.11954456567764282,0.05204456567764282,150.47664935231094,True,True,-0.020959891378879547
509,0.0675,0.2800000000000001,-0.12000000000000002,0.11160910129547119,0.08898723125457764,0.12012273818254471,0.052622738182544704,122.06056916146999,True,True,-0.020959891378879547
510,0.0675,0.3,-0.12000000000000002,0.11105835437774658,0.08789944648742676,0.1139199361205101,0.0464199361205101,102.41383541519444,True,True,-0.02095990628004074
511,0.0675,0.32,-0.12000000000000002,0.11051967740058899,0.0868353545665741,0.1159198209643364,0.04841982096433639,11.64232126194459,True,True,-0.015396416187286377
512,0.0675,0.34,-0.12000000000000002,0.1099810004234314,0.0857713371515274,0.11791970580816269,0.050419705808162685,11.642041975965924,False,False,0.004430562257766724
513,0.0675,0.36000000000000004,-0.12000000000000002,0.1094423234462738,0.08470739424228668,0.11991944164037704,0.05241944164037704,11.641762690626434,False,False,
514,0.0675,0.38000000000000006,-0.12000000000000002,0.10890372097492218,0.08364345133304596,0.1219191774725914,0.054419177472591396,11.641483405926166,False,False,
515,0.0675,0.4000000000000001,-0.12000000000000002,0.10836519300937653,0.08257950842380524,0.12391891330480576,0.05641891330480575,11.641204121865169,False,False,
516,0.0675,0.42,-0.12000000000000002,0.10782666504383087,0.08151556551456451,0.12591864168643951,0.05841864168643951,11.640924838443485,False,False,
517,0.0675,-0.42,-0.10000000000000003,0.10728813707828522,0.08045175671577454,0.12791837751865387,0.060418377518653865,11.64064555566116,False,False,
518,0.0675,-0.39999999999999997,-0.10000000000000003,0.10674960911273956,0.07938796281814575,0.1299179643392563,0.06241796433925628,11.640366273518245,False,False,
519,0.0675,-0.38,-0.10000000000000003,0.10621108114719391,0.07832416892051697,0.13191740214824677,0.06441740214824676,11.64008699201478,False,False,
520,0.0675,-0.36,-0.10000000000000003,0.10567270219326019,0.07726037502288818,0.13391683995723724,0.06641683995723724,11.639807711150814,False,False,
521,0.0675,-0.33999999999999997,-0.10000000000000003,0.10513432323932648,0.07619658857584,0.13591627776622772,0.06841627776622772,11.639528430926392,False,False,0.006583452224731445
522,0.0675,-0.31999999999999995,-0.10000000000000003,0.1085926964879036,0.07513294368982315,0.1379157155752182,0.0704157155752182,32.95981464695124,True,True,-0.013416588306427002
523,0.0675,-0.3,-0.10000000000000003,0.11187034845352173,0.0740692988038063,0.13991515338420868,0.07241515338420867,35.423759328479356,True,True,-0.020959846675395966
524,0.0675,-0.27999999999999997,-0.10000000000000003,0.11138512939214706,0.07300565391778946,0.14191459119319916,0.07441459119319915,70.96569054632188,True,True,-0.020959846675395966
525,0.0675,-0.26,-0.10000000000000003,0.10847906023263931,0.07194200903177261,0.14391390979290009,0.07641390979290008,94.57711225797516,True,True,-0.02095986157655716
526,0.0675,-0.24,-0.10000000000000003,0.10863398015499115,0.07087843865156174,0.1459130495786667,0.07841304957866668,45.85735233419133,True,True,-0.02095986157655716
527,0.0675,-0.21999999999999997,-0.10000000000000003,0.10820052772760391,0.06981494277715683,0.1479121893644333,0.08041218936443328,44.83852914075844,True,True,-0.02095986157655716
528,0.0675,-0.19999999999999998,-0.10000000000000003,0.11149083077907562,0.06875144690275192,0.1499113291501999,0.08241132915019989,120.1161117843735,True,True,-0.02095986157655716
529,0.0675,-0.18,-0.10000000000000003,0.11511397361755371,0.07154335081577301,0.1515832394361496,0.08408323943614959,19.432305247383354,True,True,-0.02095986157655716
530,0.0675,-0.15999999999999998,-0.10000000000000003,0.11484988778829575,0.07401939481496811,0.15325485169887543,0.08575485169887542,107.21114909800863,True,True,-0.02095986157655716
531,0.0675,-0.13999999999999996,-0.10000000000000003,0.1172804981470108,0.07509072870016098,0.15484152734279633,0.08734152734279632,129.72538194850952,True,True,-0.020959876477718353
532,0.0675,-0.12,-0.10000000000000003,0.1152142733335495,0.07877413928508759,0.1562449187040329,0.0887449187040329,130.17185681965793,True,True,-0.020959876477718353
533,0.0675,-0.09999999999999998,-0.10000000000000003,0.11816425621509552,0.07946662604808807,0.15744982659816742,0.08994982659816741,118.12351153050867,True,True,-0.020959876477718353
534,0.0675,-0.07999999999999996,-0.10000000000000003,0.1165233924984932,0.08046263456344604,0.15848024189472198,0.09098024189472198,170.0684681120151,True,True,-0.020959876477718353
535,0.0675,-0.06,-0.10000000000000003,0.1198621541261673,0.081850565969944,0.159284308552742,0.091784308552742,23.820916522731466,True,True,-0.020959876477718353
536,0.0675,-0.03999999999999998,-0.10000000000000003,0.12189143151044846,0.08532388508319855,0.1600881814956665,0.0925881814956665,130.74923166883346,True,True,-0.020959876477718353
537,0.0675,-0.019999999999999962,-0.10000000000000003,0.12112303078174591,0.08751841634511948,0.16520510613918304,0.09770510613918304,202.27911682012112,True,True,-0.020959891378879547
538,0.0675,0.0,-0.10000000000000003,0.1193486899137497,0.08927334100008011,0.16605748236179352,0.09855748236179351,142.49263127893022,True,True,-0.020959891378879547
539,0.0675,0.020000000000000018,-0.10000000000000003,0.12078701704740524,0.09160768240690231,0.1688828021287918,0.1013828021287918,169.52329468583596,True,True,-0.020959891378879547
540,0.0675,0.040000000000000036,-0.10000000000000003,0.12176289409399033,0.09163416177034378,0.17246569693088531,0.10496569693088531,123.48026151910933,True,True,-0.020959891378879547
541,0.0675,0.06,-0.10000000000000003,0.12256450206041336,0.09146617352962494,0.17406928539276123,0.10656928539276123,153.36356083754396,True,True,-0.020959891378879547
542,0.0675,0.08000000000000002,-0.10000000000000003,0.12323177605867386,0.09470854699611664,0.17615856230258942,0.10865856230258941,63.624160155836876,True,True,-0.020959891378879547
543,0.0675,0.10000000000000003,-0.10000000000000003,0.12389905005693436,0.0919889509677887,0.17390622198581696,0.10640622198581695,118.16666192667985,True,True,-0.03061997890472412
544,0.0675,0.12000000000000005,-0.10000000000000003,0.12452400475740433,0.09865996986627579,0.16852691769599915,0.10102691769599914,132.66202568226578,True,True,-0.028367623686790466
545,0.0675,0.14000000000000007,-0.10000000000000003,0.12507373094558716,0.10032165795564651,0.16954508423805237,0.10204508423805236,122.86047510430696,True,True,-0.024988368153572083
546,0.0675,0.15999999999999998,-0.10000000000000003,0.1255517601966858,0.10431350767612457,0.16815990209579468,0.10065990209579467,69.32873341435983,True,True,-0.024006471037864685
547,0.0675,0.18,-0.10000000000000003,0.12602978944778442,0.10231351107358932,0.16737426817417145,0.09987426817417144,36.28350128482699,True,True,-0.02262117713689804
548,0.0675,0.2,-0.10000000000000003,0.12650781869888306,0.10031362622976303,0.17054055631160736,0.10304055631160736,75.35532790731203,True,True,-0.020959891378879547
549,0.0675,0.22000000000000003,-0.10000000000000003,0.1269858479499817,0.09831374138593674,0.17226509749889374,0.10476509749889373,99.37372900586186,True,True,-0.020959891378879547
550,0.0675,0.24000000000000005,-0.10000000000000003,0.12746365368366241,0.09631385654211044,0.17820000648498535,0.11070000648498535,79.39978065441508,True,True,-0.020959891378879547
551,0.0675,0.26000000000000006,-0.10000000000000003,0.12794138491153717,0.09431404620409012,0.17820000648498535,0.11070000648498535,22.473446224777007,True,True,-0.020959891378879547
552,0.0675,0.2800000000000001,-0.10000000000000003,0.12841911613941193,0.09231431037187576,0.17820000648498535,0.11070000648498535,30.94139704536563,True,True,-0.020959891378879547
553,0.0675,0.3,-0.10000000000000003,0.12889684736728668,0.09031457453966141,0.17820000648498535,0.11070000648498535,11.966759750951283,True,True,-0.020959891378879547
554,0.0675,0.32,-0.10000000000000003,0.12937457859516144,0.08831483870744705,0.1769748330116272,0.10947483301162719,11.966477538576758,True,True,-0.015396416187286377
555,0.0675,0.34,-0.10000000000000003,0.1298523098230362,0.08631525188684464,0.17574965953826904,0.10824965953826904,11.966195326828737,False,False,0.004430562257766724
556,0.0675,0.36000000000000004,-0.10000000000000003,0.13033004105091095,0.08431566506624222,0.1745244860649109,0.10702448606491088,11.96591311570727,False,False,
557,0.0675,0.38000000000000006,-0.10000000000000003,0.1308077722787857,0.0823160782456398,0.17329931259155273,0.10579931259155273,11.965630905212398,False,False,
558,0.0675,0.4000000000000001,-0.10000000000000003,0.13128550350666046,0.08031655102968216,0.17207443714141846,0.10457443714141845,11.965348695344169,False,False,
559,0.0675,0.42,-0.10000000000000003,0.13176323473453522,0.07831711322069168,0.17084956169128418,0.10334956169128418,11.965066486102621,False,False,
560,0.0675,-0.42,-0.08000000000000002,0.13224096596240997,0.0763176754117012,0.1696246862411499,0.1021246862411499,11.964784277487805,False,False,
561,0.0675,-0.39999999999999997,-0.08000000000000002,0.1327185183763504,0.07431823760271072,0.16839981079101562,0.10089981079101562,11.96450206949976,False,False,
562,0.0675,-0.38,-0.08000000000000002,0.13319595158100128,0.07231888175010681,0.16717493534088135,0.09967493534088134,11.964219862138535,False,False,
563,0.0675,-0.36,-0.08000000000000002,0.13367338478565216,0.07031959295272827,0.16595005989074707,0.09845005989074707,11.96393765540417,False,False,
564,0.0675,-0.33999999999999997,-0.08000000000000002,0.13415081799030304,0.06832030415534973,0.1647251844406128,0.09722518444061279,11.963655449296713,False,False,0.0065818727016448975
565,0.0675,-0.31999999999999995,-0.08000000000000002,0.13570339977741241,0.06632101535797119,0.16350030899047852,0.09600030899047851,114.06371228817328,True,True,-0.013416588306427002
566,0.0675,-0.3,-0.08000000000000002,0.13259710371494293,0.0645589530467987,0.1624208688735962,0.09492086887359619,10.406701102172416,True,True,-0.020959846675395966
567,0.0675,-0.27999999999999997,-0.08000000000000002,0.13453637063503265,0.06279696524143219,0.16134142875671387,0.09384142875671386,123.17106418466146,True,True,-0.020959846675395966
568,0.0675,-0.26,-0.08000000000000002,0.1348811835050583,0.0613614097237587,0.16046196222305298,0.09296196222305297,69.78317911778997,True,True,-0.02095986157655716
569,0.0675,-0.24,-0.08000000000000002,0.13390512764453888,0.059925906360149384,0.1595824956893921,0.09208249568939209,42.235860086027245,True,True,-0.02095986157655716
570,0.0675,-0.21999999999999997,-0.08000000000000002,0.13462920486927032,0.058490410447120667,0.1587030291557312,0.0912030291557312,73.76712592289451,True,True,-0.02095986157655716
571,0.0675,-0.19999999999999998,-0.08000000000000002,0.13241718709468842,0.05705498158931732,0.1578235626220703,0.09032356262207031,13.596468014356446,True,True,-0.02095986157655716
572,0.0675,-0.18,-0.08000000000000002,0.13679030537605286,0.05561956390738487,0.15694430470466614,0.08944430470466613,115.14719572522198,True,True,-0.02095986157655716
573,0.0675,-0.15999999999999998,-0.08000000000000002,0.1332491785287857,0.05384518951177597,0.15617868304252625,0.08867868304252624,111.08828482369314,True,True,-0.02095986157655716
574,0.0675,-0.13999999999999996,-0.08000000000000002,0.13303330540657043,0.049817223101854324,0.15543600916862488,0.08793600916862487,63.45424236578857,True,True,-0.02095986157655716
575,0.0675,-0.12,-0.08000000000000002,0.1338767558336258,0.053720783442258835,0.1546933352947235,0.0871933352947235,106.51339455042782,True,True,-0.020959876477718353
576,0.0675,-0.09999999999999998,-0.08000000000000002,0.1369214802980423,0.047309793531894684,0.1539733111858368,0.08647331118583679,173.40071676009688,True,True,-0.020959876477718353
577,0.0675,-0.07999999999999996,-0.08000000000000002,0.13195648789405823,0.042881786823272705,0.15340229868888855,0.08590229868888855,46.057646633362516,True,True,-0.020959876477718353
578,0.0675,-0.06,-0.08000000000000002,0.1294226199388504,0.041940733790397644,0.1528312861919403,0.0853312861919403,132.59473657259923,True,True,-0.020959876477718353
579,0.0675,-0.03999999999999998,-0.08000000000000002,0.13716445863246918,0.04327169805765152,0.1523204743862152,0.0848204743862152,145.37927499856627,True,True,-0.020959876477718353
580,0.0675,-0.019999999999999962,-0.08000000000000002,0.13250522315502167,0.04492010548710823,0.15348578989505768,0.08598578989505767,149.1327131520142,True,True,-0.020959876477718353
581,0.0675,0.0,-0.08000000000000002,0.13339419662952423,0.04653218016028404,0.15384848415851593,0.08634848415851593,131.03706212182115,True,True,-0.020959891378879547
582,0.0675,0.020000000000000018,-0.08000000000000002,0.13139431178569794,0.04264434427022934,0.1552378237247467,0.0877378237247467,180.27746466002682,True,True,-0.020959891378879547
583,0.0675,0.040000000000000036,-0.08000000000000002,0.1298648566007614,0.04667196050286293,0.15617971122264862,0.08867971122264862,102.01054890161704,True,True,-0.020959891378879547
584,0.0675,0.06,-0.08000000000000002,0.12833569943904877,0.047222670167684555,0.15919801592826843,0.09169801592826843,23.315337040687506,True,True,-0.020959891378879547
585,0.0675,0.08000000000000002,-0.08000000000000002,0.12680654227733612,0.05211706459522247,0.1620851308107376,0.0945851308107376,163.74692862374235,True,True,-0.020959891378879547
586,0.0675,0.10000000000000003,-0.08000000000000002,0.12556825578212738,0.052292350679636,0.16483145952224731,0.09733145952224731,142.33039679111977,True,True,-0.03240302950143814
587,0.0675,0.12000000000000005,-0.08000000000000002,0.12436692416667938,0.0491894856095314,0.1530403047800064,0.0855403047800064,157.7496620529695,True,True,-0.0392928421497345
588,0.0675,0.14000000000000007,-0.08000000000000002,0.12336571514606476,0.04795324057340622,0.15283074975013733,0.08533074975013732,35.91029071220339,True,True,-0.029501736164093018
589,0.0675,0.15999999999999998,-0.08000000000000002,0.12236450612545013,0.05465126782655716,0.14117538928985596,0.07367538928985595,111.3531818754026,True,True,-0.029292196035385132
590,0.0675,0.18,-0.08000000000000002,0.12145061790943146,0.05265595763921738,0.14602816104888916,0.07852816104888916,58.10675738228751,True,True,-0.020959876477718353
591,0.0675,0.2,-0.08000000000000002,0.12053672969341278,0.05465589463710785,0.14926931262016296,0.08176931262016296,19.913950488691974,True,True,-0.020959891378879547
592,0.0675,0.22000000000000003,-0.08000000000000002,0.1196228414773941,0.05665577948093414,0.15182636678218842,0.08432636678218841,92.52706560034856,True,True,-0.020959891378879547
593,0.0675,0.24000000000000005,-0.08000000000000002,0.1187090277671814,0.05865562707185745,0.15453211963176727,0.08703211963176727,105.57618226554033,True,True,-0.020959891378879547
594,0.0675,0.26000000000000006,-0.08000000000000002,0.1178387999534607,0.06056014448404312,0.1548791229724884,0.0873791229724884,13.143789151610942,True,True,-0.020959891378879547
595,0.0675,0.2800000000000001,-0.08000000000000002,0.11696857213973999,0.06246466189622879,0.16086700558662415,0.09336700558662414,126.89725202101594,True,True,-0.020959891378879547
596,0.0675,0.3,-0.08000000000000002,0.1162804365158081,0.06397057324647903,0.1573817878961563,0.0898817878961563,12.677450787758994,True,True,-0.020959891378879547
597,0.0675,0.32,-0.08000000000000002,0.11559237539768219,0.06547648459672928,0.15930195152759552,0.09180195152759552,12.677152125320887,True,True,-0.015396416187286377
598,0.0675,0.34,-0.08000000000000002,0.11490438878536224,0.06698236614465714,0.16122211515903473,0.09372211515903472,12.676854185532624,False,False,0.004430562257766724
599,0.0675,0.36000000000000004,-0.08000000000000002,0.1142164021730423,0.06848812848329544,0.16314227879047394,0.09564227879047393,12.67655624611541,False,False,
600,0.0675,0.38000000000000006,-0.08000000000000002,0.11352841556072235,0.06999389082193375,0.16506244242191315,0.09756244242191314,12.67625830706927,False,False,
601,0.0675,0.4000000000000001,-0.08000000000000002,0.1128404289484024,0.07149965316057205,0.16698260605335236,0.09948260605335235,12.675960368394229,False,False,
602,0.0675,0.42,-0.08000000000000002,0.11215251684188843,0.07300541549921036,0.16890276968479156,0.10140276968479156,12.675662430090316,False,False,
603,0.0675,-0.42,-0.06,0.11146467924118042,0.07451102882623672,0.1708228588104248,0.1033228588104248,12.675364492157554,False,False,
604,0.0675,-0.39999999999999997,-0.06,0.11077684164047241,0.07601664215326309,0.17274272441864014,0.10524272441864013,12.675066554595972,False,False,
605,0.0675,-0.38,-0.06,0.1100890040397644,0.07752225548028946,0.17466259002685547,0.10716259002685546,12.674768617405594,False,False,
606,0.0675,-0.36,-0.06,0.1094011664390564,0.07902786880731583,0.1765824556350708,0.1090824556350708,12.674470680586445,False,False,
607,0.0675,-0.33999999999999997,-0.06,0.10871336609125137,0.08053333312273026,0.17820000648498535,0.11070000648498535,8.275829268674869,False,False,0.00657905638217926
608,0.0675,-0.31999999999999995,-0.06,0.1052151769399643,0.08203879743814468,0.17820000648498535,0.11070000648498535,102.27441401275308,True,True,-0.013416588306427002
609,0.0675,-0.3,-0.06,0.10726117342710495,0.0835147574543953,0.17820000648498535,0.11070000648498535,7.561203455721246,True,True,-0.02095983177423477
610,0.0675,-0.27999999999999997,-0.06,0.10676226764917374,0.0849907174706459,0.17820000648498535,0.11070000648498535,115.68329673285766,True,True,-0.02095983177423477
611,0.0675,-0.26,-0.06,0.10774467140436172,0.0862690880894661,0.17820000648498535,0.11070000648498535,25.33824780333563,True,True,-0.02095983177423477
612,0.0675,-0.24,-0.06,0.10835807770490646,0.08754745870828629,0.17820000648498535,0.11070000648498535,19.297479340915995,True,True,-0.02095983177423477
613,0.0675,-0.21999999999999997,-0.06,0.1068776547908783,0.08882582932710648,0.17820000648498535,0.11070000648498535,102.66596857870628,True,True,-0.020959846675395966
614,0.0675,-0.19999999999999998,-0.06,0.10651707649230957,0.0900733545422554,0.17820000648498535,0.11070000648498535,73.47574952848814,True,True,-0.020959846675395966
615,0.0675,-0.18,-0.06,0.11733554303646088,0.09132087975740433,0.17820000648498535,0.11070000648498535,136.24632270076904,True,True,-0.020959846675395966
616,0.0675,-0.15999999999999998,-0.06,0.11814773827791214,0.09449929744005203,0.17820000648498535,0.11070000648498535,79.69864095442618,True,True,-0.020959846675395966
617,0.0675,-0.13999999999999996,-0.06,0.11816548556089401,0.09928271174430847,0.17820000648498535,0.11070000648498535,61.455109022285946,True,True,-0.020959846675395966
618,0.0675,-0.12,-0.06,0.12907609343528748,0.09801815450191498,0.17820000648498535,0.11070000648498535,122.51732629235177,True,True,-0.020959846675395966
619,0.0675,-0.09999999999999998,-0.06,0.12495730072259903,0.10138943046331406,0.17820000648498535,0.11070000648498535,158.79382363782162,True,True,-0.022538207471370697
620,0.0675,-0.07999999999999996,-0.06,0.12802967429161072,0.10187879204750061,0.17820000648498535,0.11070000648498535,71.92850464997139,True,True,-0.02095986157655716
621,0.0675,-0.06,-0.06,0.13177713751792908,0.10420297831296921,0.17820000648498535,0.11070000648498535,149.32545568898703,True,True,-0.02095986157655716
622,0.0675,-0.03999999999999998,-0.06,0.13478629291057587,0.1021491140127182,0.17820000648498535,0.11070000648498535,118.93968324320055,True,True,-0.02095986157655716
623,0.0675,-0.019999999999999962,-0.06,0.1319614201784134,0.10243446379899979,0.17648553848266602,0.10898553848266601,191.903791157013,True,True,-0.02095986157655716
624,0.0675,0.0,-0.06,0.13155023753643036,0.09850208461284637,0.17583632469177246,0.10833632469177246,95.4040761700129,True,True,-0.02095986157655716
625,0.0675,0.020000000000000018,-0.06,0.1360079050064087,0.10140383243560791,0.1778104156255722,0.1103104156255722,155.28800699196776,True,True,-0.020959876477718353
626,0.0675,0.040000000000000036,-0.06,0.13400788605213165,0.10303781926631927,0.17820000648498535,0.11070000648498535,60.07730281684481,True,True,-0.020959876477718353
627,0.0675,0.06,-0.06,0.1320081502199173,0.10327582061290741,0.17727982997894287,0.10977982997894287,106.59453969086553,True,True,-0.020959876477718353
628,0.0675,0.08000000000000002,-0.06,0.1300864964723587,0.10436186194419861,0.17719170451164246,0.10969170451164245,63.17107222885425,True,True,-0.020959876477718353
629,0.0675,0.10000000000000003,-0.06,0.1281648427248001,0.1031651496887207,0.17800316214561462,0.11050316214561462,173.9954554715776,True,True,-0.02095986157655716
630,0.0675,0.12000000000000005,-0.06,0.1270463615655899,0.10403526574373245,0.17820000648498535,0.11070000648498535,25.92810327112943,True,True,-0.02095986157655716
631,0.0675,0.14000000000000007,-0.06,0.1259278804063797,0.10552619397640228,0.17820000648498535,0.11070000648498535,29.869284836309532,True,True,-0.02095986157655716
632,0.0675,0.15999999999999998,-0.06,0.12480942904949188,0.103744737803936,0.17820000648498535,0.11070000648498535,67.70469247802974,True,True,-0.02095986157655716
633,0.0675,0.18,-0.06,0.12369109690189362,0.1057446226477623,0.17820000648498535,0.11070000648498535,19.742931014647485,True,True,-0.020959876477718353
634,0.0675,0.2,-0.06,0.12257276475429535,0.10774450749158859,0.17820000648498535,0.11070000648498535,17.107466605740164,True,True,-0.020959876477718353
635,0.0675,0.22000000000000003,-0.06,0.12145443260669708,0.10974439233541489,0.1778726428747177,0.11037264287471771,109.08947231742428,True,True,-0.020959876477718353
636,0.0675,0.24000000000000005,-0.06,0.12042362987995148,0.11158781498670578,0.17820000648498535,0.11070000648498535,13.483803363659206,True,True,-0.020959876477718353
637,0.0675,0.26000000000000006,-0.06,0.11939291656017303,0.11343111097812653,0.17820000648498535,0.11070000648498535,91.85455408944028,True,True,-0.020959876477718353
638,0.0675,0.2800000000000001,-0.06,0.11836220324039459,0.11527438461780548,0.17820000648498535,0.11070000648498535,28.72083619751485,True,True,-0.020959876477718353
639,0.0675,0.3,-0.06,0.11733148992061615,0.11711765825748444,0.1779998242855072,0.1104998242855072,27.195210847224114,True,True,-0.020959891378879547
640,0.0675,0.32,-0.06,0.11630077660083771,0.11896093189716339,0.17599979043006897,0.10849979043006897,14.542547689526238,True,True,-0.015396416187286377
641,0.0675,0.34,-0.06,0.11527013778686523,0.12080405652523041,0.17399975657463074,0.10649975657463073,14.542227433301615,False,False,0.004427388310432434
642,0.0675,0.36000000000000004,-0.06,0.11423957347869873,0.12264718115329742,0.17199988663196564,0.10449988663196563,14.541907177224449,False,False,
643,0.0675,0.38000000000000006,-0.06,0.11320900917053223,0.12449030578136444,0.17000015079975128,0.10250015079975128,14.541586921294744,False,False,
644,0.0675,0.4000000000000001,-0.06,0.11217844486236572,0.1263333261013031,0.16800041496753693,0.10050041496753692,14.541266665512511,False,False,
645,0.0675,0.42,-0.06,0.11114788055419922,0.12817630171775818,0.16600067913532257,0.09850067913532257,14.540946409877764,False,False,
646,0.0675,-0.42,-0.040000000000000036,0.11011744290590286,0.13001927733421326,0.16400094330310822,0.09650094330310821,14.540626154390507,False,False,
647,0.0675,-0.39999999999999997,-0.040000000000000036,0.1090870276093483,0.13186225295066833,0.16200120747089386,0.09450120747089386,14.540305899050754,False,False,
648,0.0675,-0.38,-0.040000000000000036,0.10805661231279373,0.1337052285671234,0.1600014716386795,0.0925014716386795,14.539985643858511,False,False,
649,0.0675,-0.36,-0.040000000000000036,0.10702619701623917,0.1355482041835785,0.1580018848180771,0.09050188481807708,14.539665388813791,False,False,
650,0.0675,-0.33999999999999997,-0.040000000000000036,0.1059957817196846,0.13739103078842163,0.1560024470090866,0.0885024470090866,14.539345133916603,False,False,0.006578236818313599
651,0.0675,-0.31999999999999995,-0.040000000000000036,0.11049142479896545,0.13923370838165283,0.15400300920009613,0.08650300920009613,63.92389936146838,True,True,-0.013416588306427002
652,0.0675,-0.3,-0.040000000000000036,0.11684023588895798,0.14107638597488403,0.15200357139110565,0.08450357139110565,14.61931157309092,True,True,-0.02095983177423477
653,0.0675,-0.27999999999999997,-0.040000000000000036,0.11805234104394913,0.14291906356811523,0.15000413358211517,0.08250413358211517,109.16166142067347,True,True,-0.02095983177423477
654,0.0675,-0.26,-0.040000000000000036,0.12176142632961273,0.14462032914161682,0.14815817773342133,0.08065817773342132,103.0193816160716,True,True,-0.02095983177423477
655,0.0675,-0.24,-0.040000000000000036,0.12460937350988388,0.14628419280052185,0.14635300636291504,0.07885300636291503,66.19256369401486,True,True,-0.02095983177423477
656,0.0675,-0.21999999999999997,-0.040000000000000036,0.12803086638450623,0.14794792234897614,0.14454787969589233,0.08044792234897613,152.84998118285057,True,True,-0.02095983177423477
657,0.0675,-0.19999999999999998,-0.040000000000000036,0.13184571266174316,0.1490398794412613,0.14336293935775757,0.08153987944126129,117.25405483158838,True,True,-0.02276909351348877
658,0.0675,-0.18,-0.040000000000000036,0.14771731197834015,0.1499732881784439,0.1423499584197998,0.0824732881784439,148.54291281435357,True,True,-0.04186253994703293
659,0.0675,-0.15999999999999998,-0.040000000000000036,0.15483029186725616,0.15548326075077057,0.14166748523712158,0.08798326075077056,133.3076645994193,True,True,-0.02799094468355179
660,0.0675,-0.13999999999999996,-0.040000000000000036,0.16279947757720947,0.15968507528305054,0.14110571146011353,0.09529947757720947,125.52801016403274,True,True,-0.020959846675395966
661,0.0675,-0.12,-0.040000000000000036,0.1732400506734848,0.16493439674377441,0.14057135581970215,0.1057400506734848,166.78173649243547,True,True,-0.020959846675395966
662,0.0675,-0.09999999999999998,-0.040000000000000036,0.17381012439727783,0.16984115540981293,0.14016008377075195,0.10631012439727783,121.12701883345996,True,True,-0.020959846675395966
663,0.0675,-0.07999999999999996,-0.040000000000000036,0.17385810613632202,0.17417973279953003,0.1397702693939209,0.10667973279953002,152.35339781273092,True,True,-0.02095986157655716
664,0.0675,-0.06,-0.040000000000000036,0.17820000648498535,0.17820000648498535,0.13949042558670044,0.11070000648498535,6.4813036605006,True,True,-0.02095986157655716
665,0.0675,-0.03999999999999998,-0.040000000000000036,0.17820000648498535,0.17820000648498535,0.13921058177947998,0.11070000648498535,36.360667790272565,True,True,-0.02095986157655716
666,0.0675,-0.019999999999999962,-0.040000000000000036,0.17820000648498535,0.17820000648498535,0.14537841081619263,0.11070000648498535,40.85598684366716,True,True,-0.02095986157655716
667,0.0675,0.0,-0.040000000000000036,0.17820000648498535,0.17820000648498535,0.14942839741706848,0.11070000648498535,107.8030902113469,True,True,-0.02095986157655716
668,0.0675,0.020000000000000018,-0.040000000000000036,0.17820000648498535,0.17820000648498535,0.14772993326187134,0.11070000648498535,23.358337381769484,True,True,-0.02095986157655716
669,0.0675,0.040000000000000036,-0.040000000000000036,0.17626792192459106,0.17820000648498535,0.14862515032291412,0.11070000648498535,16.825321899381848,True,True,-0.020959876477718353
670,0.0675,0.06,-0.040000000000000036,0.17433583736419678,0.17820000648498535,0.15362878143787384,0.11070000648498535,75.58008477324786,True,True,-0.020959876477718353
671,0.0675,0.08000000000000002,-0.040000000000000036,0.17240405082702637,0.17820000648498535,0.15936580300331116,0.11070000648498535,103.93394116851216,True,True,-0.020959876477718353
672,0.0675,0.10000000000000003,-0.040000000000000036,0.17049580812454224,0.17820000648498535,0.16473223268985748,0.11070000648498535,124.74064011957793,True,True,-0.02095986157655716
673,0.0675,0.12000000000000005,-0.040000000000000036,0.16895189881324768,0.17820000648498535,0.16870929300785065,0.11070000648498535,116.46495467567703,True,True,-0.02095986157655716
674,0.0675,0.14000000000000007,-0.040000000000000036,0.1675654947757721,0.17820000648498535,0.17370572686195374,0.11070000648498535,99.45425740773815,True,True,-0.02095986157655716
675,0.0675,0.15999999999999998,-0.040000000000000036,0.1661790907382965,0.17820000648498535,0.17379142343997955,0.11070000648498535,55.31140829600768,True,True,-0.02095986157655716
676,0.0675,0.18,-0.040000000000000036,0.1647929847240448,0.17791122198104858,0.17820000648498535,0.11070000648498535,8.128690472672597,True,True,-0.02095986157655716
677,0.0675,0.2,-0.040000000000000036,0.1634068787097931,0.17762243747711182,0.17820000648498535,0.11070000648498535,8.44226296998487,True,True,-0.020959876477718353
678,0.0675,0.22000000000000003,-0.040000000000000036,0.16202077269554138,0.17733365297317505,0.17820000648498535,0.11070000648498535,34.34763216243512,True,True,-0.020959876477718353
679,0.0675,0.24000000000000005,-0.040000000000000036,0.16063466668128967,0.17704486846923828,0.17820000648498535,0.11070000648498535,20.06051102232395,True,True,-0.020959876477718353
680,0.0675,0.26000000000000006,-0.040000000000000036,0.15924856066703796,0.1767560839653015,0.17820000648498535,0.11070000648498535,23.698862766501957,True,True,-0.020959876477718353
681,0.0675,0.2800000000000001,-0.040000000000000036,0.15786245465278625,0.17646729946136475,0.17820000648498535,0.11070000648498535,11.087696074558684,True,True,-0.020959876477718353
682,0.0675,0.3,-0.040000000000000036,0.15647634863853455,0.17617851495742798,0.17820000648498535,0.11070000648498535,8.251095430020976,True,True,-0.020959876477718353
683,0.0675,0.32,-0.040000000000000036,0.15509024262428284,0.1758897304534912,0.17820000648498535,0.11070000648498535,7.078587480972848,True,True,-0.015396416187286377
684,0.0675,0.34,-0.040000000000000036,0.15370428562164307,0.17560113966464996,0.17820000648498535,0.11070000648498535,7.078391736606617,False,False,0.004426747560501099
685,0.0675,0.36000000000000004,-0.040000000000000036,0.15231847763061523,0.17531265318393707,0.17820000648498535,0.11070000648498535,7.078195993235466,False,False,
686,0.0675,0.38000000000000006,-0.040000000000000036,0.1509326696395874,0.17502416670322418,0.17820000648498535,0.11070000648498535,7.0780002508594775,False,False,
687,0.0675,0.4000000000000001,-0.040000000000000036,0.14954686164855957,0.1747356802225113,0.17820000648498535,0.11070000648498535,7.077804509478734,False,False,
688,0.0675,0.42,-0.040000000000000036,0.14816105365753174,0.1744471937417984,0.17820000648498535,0.11070000648498535,7.077608769093319,False,False,
689,0.0675,-0.42,-0.020000000000000018,0.1467752456665039,0.1741587072610855,0.17820000648498535,0.11070000648498535,7.077413029703314,False,False,
690,0.0675,-0.39999999999999997,-0.020000000000000018,0.14538943767547607,0.17387022078037262,0.17820000648498535,0.11070000648498535,7.077217291308803,False,False,
691,0.0675,-0.38,-0.020000000000000018,0.14400362968444824,0.17358173429965973,0.17820000648498535,0.11070000648498535,7.077021602497777,False,False,
692,0.0675,-0.36,-0.020000000000000018,0.1426178216934204,0.17329324781894684,0.17820000648498535,0.11070000648498535,7.07682591467688,False,False,
693,0.0675,-0.33999999999999997,-0.020000000000000018,0.14123231172561646,0.17300476133823395,0.17820000648498535,0.11070000648498535,7.076630227846194,False,False,0.006578236818313599
694,0.0675,-0.31999999999999995,-0.020000000000000018,0.1409154087305069,0.17271627485752106,0.17820000648498535,0.11070000648498535,43.368660300170944,True,True,-0.013416588306427002
695,0.0675,-0.3,-0.020000000000000018,0.14111413061618805,0.17242778837680817,0.17820000648498535,0.11070000648498535,29.46171297616342,True,True,-0.02095983177423477
696,0.0675,-0.27999999999999997,-0.020000000000000018,0.14706242084503174,0.17213945090770721,0.17820000648498535,0.11070000648498535,119.31904261755793,True,True,-0.02095983177423477
697,0.0675,-0.26,-0.020000000000000018,0.14697329699993134,0.171897754073143,0.17820000648498535,0.11070000648498535,114.38046561693463,True,True,-0.02095983177423477
698,0.0675,-0.24,-0.020000000000000018,0.152146115899086,0.17168645560741425,0.17820000648498535,0.11070000648498535,121.39892019137089,True,True,-0.02095983177423477
699,0.0675,-0.21999999999999997,-0.020000000000000018,0.149976909160614,0.1715124100446701,0.17820000648498535,0.11070000648498535,104.68166982439517,True,True,-0.02095983177423477
700,0.0675,-0.19999999999999998,-0.020000000000000018,0.1551075279712677,0.17134611308574677,0.17820000648498535,0.11070000648498535,124.45319077672809,True,True,-0.02095983177423477
701,0.0675,-0.18,-0.020000000000000018,0.1551286280155182,0.1712125986814499,0.17820000648498535,0.11070000648498535,57.110084226859684,True,True,-0.020959846675395966
702,0.0675,-0.15999999999999998,-0.020000000000000018,0.1507699191570282,0.1724194884300232,0.17820000648498535,0.11070000648498535,109.19660656435535,True,True,-0.020959846675395966
703,0.0675,-0.13999999999999996,-0.020000000000000018,0.14902552962303162,0.17677858471870422,0.17820000648498535,0.11070000648498535,132.4597663730535,True,True,-0.020959846675395966
704,0.0675,-0.12,-0.020000000000000018,0.1501978039741516,0.17771755158901215,0.17820000648498535,0.11070000648498535,90.3469116165094,True,True,-0.020959846675395966
705,0.0675,-0.09999999999999998,-0.020000000000000018,0.15193437039852142,0.17820000648498535,0.17820000648498535,0.11070000648498535,24.63233069231268,True,True,-0.020959846675395966
706,0.0675,-0.07999999999999996,-0.020000000000000018,0.15762899816036224,0.17820000648498535,0.17820000648498535,0.11070000648498535,131.75777946209837,True,True,-0.020959846675395966
707,0.0675,-0.06,-0.020000000000000018,0.1657792031764984,0.17820000648498535,0.17820000648498535,0.11070000648498535,135.49386089007646,True,True,-0.02095986157655716
708,0.0675,-0.03999999999999998,-0.020000000000000018,0.16835246980190277,0.17820000648498535,0.17820000648498535,0.11070000648498535,101.9445666671266,True,True,-0.02095986157655716
709,0.0675,-0.019999999999999962,-0.020000000000000018,0.17019300162792206,0.17820000648498535,0.17820000648498535,0.11070000648498535,120.43425140543108,True,True,-0.02095986157655716
710,0.0675,0.0,-0.020000000000000018,0.17107869684696198,0.17820000648498535,0.17776203155517578,0.11070000648498535,57.424054339244314,True,True,-0.02095986157655716
711,0.0675,0.020000000000000018,-0.020000000000000018,0.1730787307024002,0.17820000648498535,0.17820000648498535,0.11070000648498535,13.943739542690203,True,True,-0.02095986157655716
712,0.0675,0.040000000000000036,-0.020000000000000018,0.17507876455783844,0.17820000648498535,0.17820000648498535,0.11070000648498535,33.68322077702187,True,True,-0.02095986157655716
713,0.0675,0.06,-0.020000000000000018,0.17707855999469757,0.17820000648498535,0.17820000648498535,0.11070000648498535,36.69903827011617,True,True,-0.02095986157655716
714,0.0675,0.08000000000000002,-0.020000000000000018,0.17820000648498535,0.17820000648498535,0.17820000648498535,0.11070000648498535,28.29482723990543,True,True,-0.020959876477718353
715,0.0675,0.10000000000000003,-0.020000000000000018,0.17820000648498535,0.17820000648498535,0.17820000648498535,0.11070000648498535,67.85173453557307,True,True,-0.02095986157655716
716,0.0675,0.12000000000000005,-0.020000000000000018,0.17820000648498535,0.1780201494693756,0.17820000648498535,0.11070000648498535,22.87835165070826,True,True,-0.02095986157655716
717,0.0675,0.14000000000000007,-0.020000000000000018,0.17820000648498535,0.17820000648498535,0.17820000648498535,0.11070000648498535,4.8180871882586,True,True,-0.02095986157655716
718,0.0675,0.15999999999999998,-0.020000000000000018,0.17820000648498535,0.17820000648498535,0.17820000648498535,0.11070000648498535,33.637599761743694,True,True,-0.02095986157655716
719,0.0675,0.18,-0.020000000000000018,0.17820000648498535,0.17812669277191162,0.17820000648498535,0.11070000648498535,22.86639726674577,True,True,-0.02095986157655716
720,0.0675,0.2,-0.020000000000000018,0.17820000648498535,0.1780533790588379,0.17820000648498535,0.11070000648498535,6.436840566325143,True,True,-0.02095986157655716
721,0.0675,0.22000000000000003,-0.020000000000000018,0.17820000648498535,0.17798006534576416,0.17820000648498535,0.11070000648498535,30.17739620893504,True,True,-0.020959876477718353
722,0.0675,0.24000000000000005,-0.020000000000000018,0.17820000648498535,0.17790675163269043,0.17820000648498535,0.11070000648498535,14.273030706597103,True,True,-0.020959876477718353
723,0.0675,0.26000000000000006,-0.020000000000000018,0.17820000648498535,0.17783357203006744,0.17820000648498535,0.11070000648498535,8.20524050148661,True,True,-0.020959876477718353
724,0.0675,0.2800000000000001,-0.020000000000000018,0.17820000648498535,0.1777605563402176,0.17820000648498535,0.11070000648498535,22.329784094422877,True,True,-0.020959876477718353
725,0.0675,0.3,-0.020000000000000018,0.17820000648498535,0.17768754065036774,0.17820000648498535,0.11070000648498535,13.43307544881199,True,True,-0.020959876477718353
726,0.0675,0.32,-0.020000000000000018,0.17820000648498535,0.17761452496051788,0.17619997262954712,0.11070000648498535,10.006454113645702,True,True,-0.015421509742736816
727,0.0675,0.34,-0.020000000000000018,0.17820000648498535,0.17754150927066803,0.1741999387741089,0.11070000648498535,10.006246080341112,False,False,0.004426747560501099
728,0.0675,0.36000000000000004,-0.020000000000000018,0.17820000648498535,0.17746849358081818,0.1722000539302826,0.11070000648498535,10.006038048123537,False,False,
729,0.0675,0.38000000000000006,-0.020000000000000018,0.17820000648498535,0.17739547789096832,0.17020031809806824,0.11070000648498535,10.005830016993041,False,False,
730,0.0675,0.4000000000000001,-0.020000000000000018,0.17820000648498535,0.17732246220111847,0.16820058226585388,0.11070000648498535,10.005621986949697,False,False,
731,0.0675,0.42,-0.020000000000000018,0.17820000648498535,0.17724944651126862,0.16620084643363953,0.11070000648498535,10.005413957993568,False,False,
732,0.0675,-0.42,0.0,0.17820000648498535,0.17717643082141876,0.16420111060142517,0.11070000648498535,10.005205930124724,False,False,
733,0.0675,-0.39999999999999997,0.0,0.17820000648498535,0.1771034151315689,0.16220137476921082,0.11070000648498535,10.004997903343233,False,False,
734,0.0675,-0.38,0.0,0.17820000648498535,0.17703039944171906,0.16020163893699646,0.11070000648498535,10.004789877649163,False,False,
735,0.0675,-0.36,0.0,0.17820000648498535,0.1769573837518692,0.1582019031047821,0.11070000648498535,10.00458185304258,False,False,
736,0.0675,-0.33999999999999997,0.0,0.17820000648498535,0.17688438296318054,0.15620246529579163,0.11070000648498535,10.004373829523553,False,False,0.006578236818313599
737,0.0675,-0.31999999999999995,0.0,0.17820000648498535,0.17681166529655457,0.15420302748680115,0.11070000648498535,10.004165807092152,True,True,-0.013416588306427002
738,0.0675,-0.3,0.0,0.17820000648498535,0.1767389476299286,0.15220358967781067,0.11070000648498535,10.00395778574844,True,True,-0.020959816873073578
739,0.0675,-0.27999999999999997,0.0,0.17820000648498535,0.1766662299633026,0.1502041518688202,0.11070000648498535,12.625904034169624,True,True,-0.02095983177423477
740,0.0675,-0.26,0.0,0.17818845808506012,0.17659351229667664,0.1482047140598297,0.11068845808506012,10.003541746324366,True,True,-0.02095983177423477
741,0.0675,-0.24,0.0,0.17820000648498535,0.17652079463005066,0.14620527625083923,0.11070000648498535,14.386656978131837,True,True,-0.02095983177423477
742,0.0675,-0.21999999999999997,0.0,0.17820000648498535,0.17644807696342468,0.14420583844184875,0.11070000648498535,10.412729964751243,True,True,-0.02095983177423477
743,0.0675,-0.19999999999999998,0.0,0.17820000648498535,0.1763753592967987,0.14220663905143738,0.11070000648498535,13.333307562559806,True,True,-0.02095983177423477
744,0.0675,-0.18,0.0,0.17820000648498535,0.17630264163017273,0.14020749926567078,0.11070000648498535,22.029624575632706,True,True,-0.02095983177423477
745,0.0675,-0.15999999999999998,0.0,0.17820000648498535,0.17795738577842712,0.13820835947990417,0.11070000648498535,11.334319080640997,True,True,-0.020959846675395966
746,0.0675,-0.13999999999999996,0.0,0.17820000648498535,0.17820000648498535,0.13620921969413757,0.11070000648498535,18.893861977509044,True,True,-0.020959846675395966
747,0.0675,-0.12,0.0,0.17820000648498535,0.17820000648498535,0.13421007990837097,0.11070000648498535,19.994843818079637,True,True,-0.020959846675395966
748,0.0675,-0.09999999999999998,0.0,0.17820000648498535,0.17820000648498535,0.13221094012260437,0.11070000648498535,9.998453510229199,True,True,-0.020959846675395966
749,0.0675,-0.07999999999999996,0.0,0.17820000648498535,0.17820000648498535,0.13021180033683777,0.11070000648498535,16.872171226926195,True,True,-0.020959846675395966
750,0.0675,-0.06,0.0,0.17820000648498535,0.17820000648498535,0.1282128095626831,0.11070000648498535,15.919392535346583,True,True,-0.020959846675395966
751,0.0675,-0.03999999999999998,0.0,0.17820000648498535,0.17820000648498535,0.12621396780014038,0.11070000648498535,20.633635206833393,True,True,-0.02095986157655716
752,0.0675,-0.019999999999999962,0.0,0.17820000648498535,0.17820000648498535,0.12742388248443604,0.11070000648498535,36.51431970923536,True,True,-0.02095986157655716
753,0.0675,0.0,0.0,0.17820000648498535,0.17820000648498535,0.13098621368408203,0.11070000648498535,106.10802763829109,True,True,-0.02095986157655716
754,0.0675,0.020000000000000018,0.0,0.17820000648498535,0.17820000648498535,0.1347474604845047,0.11070000648498535,76.80195500969856,True,True,-0.02095986157655716
755,0.0675,0.040000000000000036,0.0,0.17820000648498535,0.17820000648498535,0.13860702514648438,0.11070000648498535,111.47255585388294,True,True,-0.02095986157655716
756,0.0675,0.06,0.0,0.17820000648498535,0.17820000648498535,0.1411905139684677,0.11070000648498535,82.42803357472555,True,True,-0.02095986157655716
757,0.0675,0.08000000000000002,0.0,0.17820000648498535,0.17820000648498535,0.14408931136131287,0.11070000648498535,123.56340426258134,True,True,-0.02095986157655716
758,0.0675,0.10000000000000003,0.0,0.17820000648498535,0.17820000648498535,0.1504160761833191,0.11070000648498535,141.86107076948602,True,True,-0.020959846675395966
759,0.0675,0.12000000000000005,0.0,0.17820000648498535,0.17820000648498535,0.15165498852729797,0.11070000648498535,102.27183101516643,True,True,-0.02095986157655716
760,0.0675,0.14000000000000007,0.0,0.17820000648498535,0.17820000648498535,0.15139734745025635,0.11070000648498535,144.81305292477592,True,True,-0.02095986157655716
761,0.0675,0.15999999999999998,0.0,0.17820000648498535,0.17619997262954712,0.14489053189754486,0.11070000648498535,125.38536029839852,True,True,-0.02095986157655716
762,0.0675,0.18,0.0,0.17820000648498535,0.17459988594055176,0.14442667365074158,0.11070000648498535,62.30240700001435,True,True,-0.02095986157655716
763,0.0675,0.2,0.0,0.17820000648498535,0.1729997992515564,0.15459734201431274,0.11070000648498535,76.60167582861386,True,True,-0.02095986157655716
764,0.0675,0.22000000000000003,0.0,0.17820000648498535,0.17139971256256104,0.14926710724830627,0.11070000648498535,133.07050154998544,True,True,-0.02095986157655716
765,0.0675,0.24000000000000005,0.0,0.17820000648498535,0.1701951026916504,0.15071479976177216,0.11070000648498535,95.54906157436295,True,True,-0.020959876477718353
766,0.0675,0.26000000000000006,0.0,0.17820000648498535,0.16899049282073975,0.15036040544509888,0.11070000648498535,99.47376922531274,True,True,-0.020959876477718353
767,0.0675,0.2800000000000001,0.0,0.17820000648498535,0.1677858829498291,0.15223704278469086,0.11070000648498535,100.90875128789668,True,True,-0.020959876477718353
768,0.0675,0.3,0.0,0.17820000648498535,0.1691991537809372,0.16202139854431152,0.11070000648498535,69.01381655565149,True,True,-0.020959876477718353
769,0.0675,0.32,0.0,0.17820000648498535,0.17119918763637543,0.1600213646888733,0.11070000648498535,14.141611655123215,True,True,-0.015421509742736816
770,0.0675,0.34,0.0,0.17820000648498535,0.17319902777671814,0.15802133083343506,0.11070000648498535,14.141323033504634,False,False,0.004426747560501099
771,0.0675,0.36000000000000004,0.0,0.17820000648498535,0.1751987636089325,0.15602144598960876,0.11070000648498535,14.14103441188605,False,False,
772,0.0675,0.38000000000000006,0.0,0.17820000648498535,0.17719849944114685,0.1540217101573944,0.11070000648498535,14.140745790267468,False,False,
773,0.0675,0.4000000000000001,0.0,0.17820000648498535,0.17820000648498535,0.15202197432518005,0.11070000648498535,9.998932948033858,False,False,
774,0.0675,0.42,0.0,0.17820000648498535,0.17820000648498535,0.1500222384929657,0.11070000648498535,9.99872875213623,False,False,
775,0.0675,-0.42,0.019999999999999962,0.17820000648498535,0.17820000648498535,0.14802250266075134,0.11070000648498535,9.99852466583252,False,False,
776,0.0675,-0.39999999999999997,0.019999999999999962,0.17820000648498535,0.17820000648498535,0.146022766828537,0.11070000648498535,9.998320579528809,False,False,
777,0.0675,-0.38,0.019999999999999962,0.17820000648498535,0.17820000648498535,0.14402303099632263,0.11070000648498535,9.998116493225098,False,False,
778,0.0675,-0.36,0.019999999999999962,0.17820000648498535,0.17820000648498535,0.14202335476875305,0.11070000648498535,9.997912406921387,False,False,
779,0.0675,-0.33999999999999997,0.019999999999999962,0.17820000648498535,0.17820000648498535,0.14002391695976257,0.11070000648498535,9.997708320617676,False,False,0.006578236818313599
780,0.0675,-0.31999999999999995,0.019999999999999962,0.17820000648498535,0.17820000648498535,0.1380244791507721,0.11070000648498535,9.997504234313965,True,True,-0.013416588306427002
781,0.0675,-0.3,0.019999999999999962,0.17820000648498535,0.17820000648498535,0.13602504134178162,0.11070000648498535,9.997300148010254,True,True,-0.020959816873073578
782,0.0675,-0.27999999999999997,0.019999999999999962,0.17820000648498535,0.17820000648498535,0.13402560353279114,0.11070000648498535,9.997096061706543,True,True,-0.020959816873073578
783,0.0675,-0.26,0.019999999999999962,0.17820000648498535,0.17820000648498535,0.13202616572380066,0.11070000648498535,9.996891975402832,True,True,-0.02095983177423477
784,0.0675,-0.24,0.019999999999999962,0.17820000648498535,0.17820000648498535,0.13002672791481018,0.11070000648498535,9.996687889099121,True,True,-0.02095983177423477
785,0.0675,-0.21999999999999997,0.019999999999999962,0.17820000648498535,0.17820000648498535,0.1280272901058197,0.11070000648498535,9.99648380279541,True,True,-0.02095983177423477
786,0.0675,-0.19999999999999998,0.019999999999999962,0.17820000648498535,0.17820000648498535,0.1260281503200531,0.11070000648498535,9.9962797164917,True,True,-0.02095983177423477
787,0.0675,-0.18,0.019999999999999962,0.17820000648498535,0.17820000648498535,0.12402893602848053,0.11070000648498535,9.996075630187988,True,True,-0.02095983177423477
788,0.0675,-0.15999999999999998,0.019999999999999962,0.17820000648498535,0.17820000648498535,0.12202979624271393,0.11070000648498535,9.995871543884277,True,True,-0.02095983177423477
789,0.0675,-0.13999999999999996,0.019999999999999962,0.17820000648498535,0.17820000648498535,0.12003065645694733,0.11070000648498535,9.995667457580566,True,True,-0.020959846675395966
790,0.0675,-0.12,0.019999999999999962,0.17820000648498535,0.17820000648498535,0.11803151667118073,0.11070000648498535,9.995463371276855,True,True,-0.020959846675395966
791,0.0675,-0.09999999999999998,0.019999999999999962,0.17820000648498535,0.17820000648498535,0.11603245139122009,0.11070000648498535,9.995259284973145,True,True,-0.020959846675395966
792,0.0675,-0.07999999999999996,0.019999999999999962,0.17820000648498535,0.17820000648498535,0.11403346061706543,0.11070000648498535,9.995055198669434,True,True,-0.020959846675395966
793,0.0675,-0.06,0.019999999999999962,0.17820000648498535,0.17820000648498535,0.11203446984291077,0.11070000648498535,9.994851112365723,True,True,-0.020959846675395966
794,0.0675,-0.03999999999999998,0.019999999999999962,0.17820000648498535,0.17820000648498535,0.1100354790687561,0.11070000648498535,9.994647026062012,True,True,-0.020959846675395966
795,0.0675,-0.019999999999999962,0.019999999999999962,0.17820000648498535,0.17820000648498535,0.11262784898281097,0.11070000648498535,109.39543914794922,True,True,-0.02095986157655716
796,0.0675,0.0,0.019999999999999962,0.17820000648498535,0.17820000648498535,0.11473362147808075,0.11070000648498535,17.22396469116211,True,True,-0.02095986157655716
797,0.0675,0.020000000000000018,0.019999999999999962,0.17820000648498535,0.17820000648498535,0.12005623430013657,0.11070000648498535,119.70309448242188,True,True,-0.02095986157655716
798,0.0675,0.040000000000000036,0.019999999999999962,0.17820000648498535,0.17820000648498535,0.12527841329574585,0.11070000648498535,120.64155578613281,True,True,-0.02095986157655716
799,0.0675,0.06,0.019999999999999962,0.17820000648498535,0.17820000648498535,0.12671728432178497,0.11070000648498535,115.60022735595703,True,True,-0.02095986157655716
800,0.0675,0.08000000000000002,0.019999999999999962,0.17820000648498535,0.17820000648498535,0.1307346671819687,0.11070000648498535,25.618440628051758,True,True,-0.02095986157655716
801,0.0675,0.10000000000000003,0.019999999999999962,0.17820000648498535,0.17820000648498535,0.13532309234142303,0.11070000648498535,48.42231369018555,True,True,-0.020959846675395966
802,0.0675,0.12000000000000005,0.019999999999999962,0.17820000648498535,0.17820000648498535,0.13617800176143646,0.11070000648498535,7.7750020027160645,True,True,-0.020959846675395966
803,0.0675,0.14000000000000007,0.019999999999999962,0.17820000648498535,0.17820000648498535,0.14401765167713165,0.11070000648498535,123.57521057128906,True,True,-0.02095986157655716
804,0.0675,0.15999999999999998,0.019999999999999962,0.17820000648498535,0.17820000648498535,0.15081602334976196,0.11070000648498535,18.900541305541992,True,True,-0.02095986157655716
805,0.0675,0.18,0.019999999999999962,0.17820000648498535,0.17820000648498535,0.16066649556159973,0.11070000648498535,64.90303039550781,True,True,-0.02095986157655716
806,0.0675,0.2,0.019999999999999962,0.17820000648498535,0.17820000648498535,0.15966981649398804,0.11070000648498535,2.8693597316741943,True,True,-0.02095986157655716
807,0.0675,0.22000000000000003,0.019999999999999962,0.17820000648498535,0.17820000648498535,0.16340601444244385,0.11070000648498535,2.869285821914673,True,True,-0.02095986157655716
808,0.0675,0.24000000000000005,0.019999999999999962,0.17820000648498535,0.17820000648498535,0.16283217072486877,0.11070000648498535,2.8691470623016357,True,True,-0.02095986157655716
809,0.0675,0.26000000000000006,0.019999999999999962,0.17820000648498535,0.17820000648498535,0.16225847601890564,0.11070000648498535,2.8690083026885986,True,True,-0.020959876477718353
810,0.0675,0.2800000000000001,0.019999999999999962,0.17820000648498535,0.17820000648498535,0.1616847813129425,0.11070000648498535,2.8688695430755615,True,True,-0.020959876477718353
811,0.0675,0.3,0.019999999999999962,0.17820000648498535,0.17820000648498535,0.16111108660697937,0.11070000648498535,2.8687307834625244,True,True,-0.020959876477718353
812,0.0675,0.32,0.019999999999999962,0.17820000648498535,0.17820000648498535,0.16053739190101624,0.11070000648498535,2.8685920238494873,True,True,-0.015421509742736816
813,0.0675,0.34,0.019999999999999962,0.17820000648498535,0.17820000648498535,0.1599636971950531,0.11070000648498535,2.86845326423645,False,False,0.004426747560501099
814,0.0675,0.36000000000000004,0.019999999999999962,0.17820000648498535,0.17820000648498535,0.15939000248908997,0.11070000648498535,2.868314504623413,False,False,
815,0.0675,0.38000000000000006,0.019999999999999962,0.17820000648498535,0.17820000648498535,0.15881630778312683,0.11070000648498535,2.868175745010376,False,False,
816,0.0675,0.4000000000000001,0.019999999999999962,0.17820000648498535,0.17820000648498535,0.1582426130771637,0.11070000648498535,2.868036985397339,False,False,
817,0.0675,0.42,0.019999999999999962,0.17820000648498535,0.17820000648498535,0.15766891837120056,0.11070000648498535,2.8678982257843018,False,False,
818,0.0675,-0.42,0.03999999999999998,0.17820000648498535,0.17820000648498535,0.15709522366523743,0.11070000648498535,2.8677594661712646,False,False,
819,0.0675,-0.39999999999999997,0.03999999999999998,0.17820000648498535,0.17820000648498535,0.1565217822790146,0.11070000648498535,2.8676207065582275,False,False,
820,0.0675,-0.38,0.03999999999999998,0.17820000648498535,0.17820000648498535,0.15594838559627533,0.11070000648498535,2.8674819469451904,False,False,
821,0.0675,-0.36,0.03999999999999998,0.17820000648498535,0.17820000648498535,0.15537498891353607,0.11070000648498535,2.8673431873321533,False,False,
822,0.0675,-0.33999999999999997,0.03999999999999998,0.17820000648498535,0.17820000648498535,0.15480159223079681,0.11070000648498535,2.867204427719116,False,False,0.006578236818313599
823,0.0675,-0.31999999999999995,0.03999999999999998,0.17820000648498535,0.17820000648498535,0.15422819554805756,0.11070000648498535,2.867065668106079,True,True,-0.013416588306427002
824,0.0675,-0.3,0.03999999999999998,0.17820000648498535,0.17820000648498535,0.1536547988653183,0.11070000648498535,2.866926908493042,True,True,-0.020959816873073578
825,0.0675,-0.27999999999999997,0.03999999999999998,0.17820000648498535,0.17820000648498535,0.15308140218257904,0.11070000648498535,2.866788148880005,True,True,-0.020959816873073578
826,0.0675,-0.26,0.03999999999999998,0.17820000648498535,0.17820000648498535,0.15250800549983978,0.11070000648498535,2.8666493892669678,True,True,-0.020959816873073578
827,0.0675,-0.24,0.03999999999999998,0.17820000648498535,0.17820000648498535,0.15193460881710052,0.11070000648498535,2.8665106296539307,True,True,-0.02095983177423477
828,0.0675,-0.21999999999999997,0.03999999999999998,0.17820000648498535,0.17820000648498535,0.15136121213436127,0.11070000648498535,2.8663718700408936,True,True,-0.02095983177423477
829,0.0675,-0.19999999999999998,0.03999999999999998,0.17820000648498535,0.17820000648498535,0.1507878303527832,0.11070000648498535,2.8662331104278564,True,True,-0.02095983177423477
830,0.0675,-0.18,0.03999999999999998,0.17820000648498535,0.17820000648498535,0.15021473169326782,0.11070000648498535,2.8660943508148193,True,True,-0.02095983177423477
831,0.0675,-0.15999999999999998,0.03999999999999998,0.17820000648498535,0.17820000648498535,0.14964163303375244,0.11070000648498535,2.8659555912017822,True,True,-0.02095983177423477
832,0.0675,-0.13999999999999996,0.03999999999999998,0.17820000648498535,0.17820000648498535,0.14906853437423706,0.11070000648498535,2.865816831588745,True,True,-0.02095983177423477
833,0.0675,-0.12,0.03999999999999998,0.17820000648498535,0.17820000648498535,0.14849543571472168,0.11070000648498535,2.865678071975708,True,True,-0.020959846675395966
834,0.0675,-0.09999999999999998,0.03999999999999998,0.17820000648498535,0.17820000648498535,0.1479223370552063,0.11070000648498535,2.865539312362671,True,True,-0.020959846675395966
835,0.0675,-0.07999999999999996,0.03999999999999998,0.17820000648498535,0.17820000648498535,0.14734923839569092,0.11070000648498535,2.865400552749634,True,True,-0.020959846675395966
836,0.0675,-0.06,0.03999999999999998,0.17820000648498535,0.17820000648498535,0.14677613973617554,0.11070000648498535,2.8652617931365967,True,True,-0.020959846675395966
837,0.0675,-0.03999999999999998,0.03999999999999998,0.17820000648498535,0.17820000648498535,0.14620304107666016,0.11070000648498535,2.8651230335235596,True,True,-0.020959846675395966
838,0.0675,-0.019999999999999962,0.03999999999999998,0.17820000648498535,0.17820000648498535,0.14562994241714478,0.11070000648498535,2.8649842739105225,True,True,-0.020959846675395966
839,0.0675,0.0,0.03999999999999998,0.17820000648498535,0.17820000648498535,0.1450568437576294,0.11070000648498535,18.452056884765625,True,True,-0.02095986157655716
840,0.0675,0.020000000000000018,0.03999999999999998,0.17820000648498535,0.17820000648498535,0.14705687761306763,0.11070000648498535,9.99975299835205,True,True,-0.02095986157655716
841,0.0675,0.040000000000000036,0.03999999999999998,0.17820000648498535,0.17820000648498535,0.14905691146850586,0.11070000648498535,9.99954891204834,True,True,-0.02095986157655716
842,0.0675,0.06,0.03999999999999998,0.17820000648498535,0.17820000648498535,0.15105679631233215,0.11070000648498535,9.999344825744629,True,True,-0.02095986157655716
843,0.0675,0.08000000000000002,0.03999999999999998,0.17820000648498535,0.17820000648498535,0.1530565321445465,0.11070000648498535,9.999140739440918,True,True,-0.02095986157655716
844,0.0675,0.10000000000000003,0.03999999999999998,0.17820000648498535,0.17820000648498535,0.15505626797676086,0.11070000648498535,9.998936653137207,True,True,-0.020959846675395966
845,0.0675,0.12000000000000005,0.03999999999999998,0.17820000648498535,0.17820000648498535,0.15705600380897522,0.11070000648498535,9.998732566833496,True,True,-0.020959846675395966
846,0.0675,0.14000000000000007,0.03999999999999998,0.17820000648498535,0.17820000648498535,0.15905573964118958,0.11070000648498535,9.998528480529785,True,True,-0.020959846675395966
847,0.0675,0.15999999999999998,0.03999999999999998,0.17820000648498535,0.17820000648498535,0.16105547547340393,0.11070000648498535,9.998324394226074,True,True,-0.02095986157655716
848,0.0675,0.18,0.03999999999999998,0.17820000648498535,0.17820000648498535,0.1630552113056183,0.11070000648498535,9.998120307922363,True,True,-0.02095986157655716
849,0.0675,0.2,0.03999999999999998,0.17820000648498535,0.17820000648498535,0.16505490243434906,0.11070000648498535,9.997916221618652,True,True,-0.02095986157655716
850,0.0675,0.22000000000000003,0.03999999999999998,0.17820000648498535,0.17820000648498535,0.16705434024333954,0.11070000648498535,9.997712135314941,True,True,-0.02095986157655716
851,0.0675,0.24000000000000005,0.03999999999999998,0.17820000648498535,0.17820000648498535,0.16905377805233002,0.11070000648498535,9.99750804901123,True,True,-0.02095986157655716
852,0.0675,0.26000000000000006,0.03999999999999998,0.17820000648498535,0.17820000648498535,0.1710532158613205,0.11070000648498535,9.99730396270752,True,True,-0.02095986157655716
853,0.0675,0.2800000000000001,0.03999999999999998,0.17820000648498535,0.17820000648498535,0.17305265367031097,0.11070000648498535,9.997099876403809,True,True,-0.020959876477718353
854,0.0675,0.3,0.03999999999999998,0.17820000648498535,0.17820000648498535,0.17505209147930145,0.11070000648498535,9.996895790100098,True,True,-0.020959876477718353
855,0.0675,0.32,0.03999999999999998,0.17820000648498535,0.17820000648498535,0.17705152928829193,0.11070000648498535,9.996691703796387,True,True,-0.015421509742736816
856,0.0675,0.34,0.03999999999999998,0.17820000648498535,0.17820000648498535,0.17819997668266296,0.11070000648498535,7.115231710486114e-05,False,False,0.004426747560501099
857,0.0675,0.36000000000000004,0.03999999999999998,0.17820000648498535,0.17820000648498535,0.17819997668266296,0.11070000648498535,6.354181070200582e-12,False,False,
858,0.0675,0.38000000000000006,0.03999999999999998,0.17820000648498535,0.17820000648498535,0.17819997668266296,0.11070000648498535,1.1975015202939514e-18,False,False,
859,0.0675,0.4000000000000001,0.03999999999999998,0.17820000648498535,0.17820000648498535,0.17819997668266296,0.11070000648498535,1.1975015202939514e-18,False,False,
860,0.0675,0.42,0.03999999999999998,0.17820000648498535,0.17820000648498535,0.17819997668266296,0.11070000648498535,1.1975015202939514e-18,False,False,
861,0.0675,-0.42,0.06,0.17820000648498535,0.17820000648498535,0.17819997668266296,0.11070000648498535,1.1975015202939514e-18,False,False,
862,0.0675,-0.39999999999999997,0.06,0.17820000648498535,0.17820000648498535,0.17819997668266296,0.11070000648498535,1.1975015202939514e-18,False,False,
863,0.0675,-0.38,0.06,0.17820000648498535,0.17820000648498535,0.17819997668266296,0.11070000648498535,1.1975015202939514e-18,False,False,
864,0.0675,-0.36,0.06,0.17820000648498535,0.17820000648498535,0.17819997668266296,0.11070000648498535,1.1975015202939514e-18,False,False,
865,0.0675,-0.33999999999999997,0.06,0.17820000648498535,0.17820000648498535,0.17819997668266296,0.11070000648498535,1.1975015202939514e-18,False,False,0.006578236818313599
866,0.0675,-0.31999999999999995,0.06,0.17820000648498535,0.17820000648498535,0.17819997668266296,0.11070000648498535,1.1975015202939514e-18,True,True,-0.01332758367061615
867,0.0675,-0.3,0.06,0.17820000648498535,0.17820000648498535,0.17819997668266296,0.11070000648498535,1.1975015202939514e-18,True,True,-0.020959816873073578
868,0.0675,-0.27999999999999997,0.06,0.17820000648498535,0.17820000648498535,0.17819997668266296,0.11070000648498535,1.1975015202939514e-18,True,True,-0.020959816873073578
869,0.0675,-0.26,0.06,0.17820000648498535,0.17820000648498535,0.17819997668266296,0.11070000648498535,1.1975015202939514e-18,True,True,-0.020959816873073578
870,0.0675,-0.24,0.06,0.17820000648498535,0.17820000648498535,0.17819997668266296,0.11070000648498535,1.1975015202939514e-18,True,True,-0.020959816873073578
871,0.0675,-0.21999999999999997,0.06,0.17820000648498535,0.17820000648498535,0.17819997668266296,0.11070000648498535,1.1975015202939514e-18,True,True,-0.02095983177423477
872,0.0675,-0.19999999999999998,0.06,0.17820000648498535,0.17820000648498535,0.17819997668266296,0.11070000648498535,1.1975015202939514e-18,True,True,-0.02095983177423477
873,0.0675,-0.18,0.06,0.17820000648498535,0.17820000648498535,0.17819997668266296,0.11070000648498535,1.1975015202939514e-18,True,True,-0.02095983177423477
874,0.0675,-0.15999999999999998,0.06,0.17820000648498535,0.17820000648498535,0.17819997668266296,0.11070000648498535,1.1975015202939514e-18,True,True,-0.02095983177423477
875,0.0675,-0.13999999999999996,0.06,0.17820000648498535,0.17820000648498535,0.17819997668266296,0.11070000648498535,1.1975015202939514e-18,True,True,-0.02095983177423477
876,0.0675,-0.12,0.06,0.17820000648498535,0.17820000648498535,0.17819997668266296,0.11070000648498535,1.1975015202939514e-18,True,True,-0.02095983177423477
877,0.0675,-0.09999999999999998,0.06,0.17820000648498535,0.17820000648498535,0.17819997668266296,0.11070000648498535,1.1975015202939514e-18,True,True,-0.020959846675395966
878,0.0675,-0.07999999999999996,0.06,0.17820000648498535,0.17820000648498535,0.17819997668266296,0.11070000648498535,1.1975015202939514e-18,True,True,-0.020959846675395966
879,0.0675,-0.06,0.06,0.17820000648498535,0.17820000648498535,0.17819997668266296,0.11070000648498535,1.1975015202939514e-18,True,True,-0.020959846675395966
880,0.0675,-0.03999999999999998,0.06,0.17820000648498535,0.17820000648498535,0.17819997668266296,0.11070000648498535,1.1975015202939514e-18,True,True,-0.020959846675395966
881,0.0675,-0.019999999999999962,0.06,0.17820000648498535,0.17820000648498535,0.17819997668266296,0.11070000648498535,1.1975015202939514e-18,True,True,-0.020959846675395966
882,0.0675,0.0,0.06,0.17820000648498535,0.17820000648498535,0.17819997668266296,0.11070000648498535,1.1975015202939514e-18,True,True,-0.020959846675395966
883,0.0675,0.020000000000000018,0.06,0.17820000648498535,0.17820000648498535,0.17819997668266296,0.11070000648498535,1.1975015202939514e-18,True,True,-0.020959846675395966
884,0.0675,0.040000000000000036,0.06,0.17820000648498535,0.17820000648498535,0.17819997668266296,0.11070000648498535,1.1975015202939514e-18,True,True,-0.02095986157655716
885,0.0675,0.06,0.06,0.17820000648498535,0.17820000648498535,0.17819997668266296,0.11070000648498535,1.1975015202939514e-18,True,True,-0.02095986157655716
886,0.0675,0.08000000000000002,0.06,0.17820000648498535,0.17820000648498535,0.17819997668266296,0.11070000648498535,1.1975015202939514e-18,True,True,-0.02095986157655716
887,0.0675,0.10000000000000003,0.06,0.17820000648498535,0.17820000648498535,0.17819997668266296,0.11070000648498535,1.1975015202939514e-18,True,True,-0.020959846675395966
888,0.0675,0.12000000000000005,0.06,0.17820000648498535,0.17820000648498535,0.17819997668266296,0.11070000648498535,1.1975015202939514e-18,True,True,-0.020959846675395966
889,0.0675,0.14000000000000007,0.06,0.17820000648498535,0.17820000648498535,0.17819997668266296,0.11070000648498535,1.1975015202939514e-18,True,True,-0.020959846675395966
890,0.0675,0.15999999999999998,0.06,0.17820000648498535,0.17820000648498535,0.17819997668266296,0.11070000648498535,1.1975015202939514e-18,True,True,-0.020959846675395966
891,0.0675,0.18,0.06,0.17820000648498535,0.17820000648498535,0.17819997668266296,0.11070000648498535,1.1975015202939514e-18,True,True,-0.02095986157655716
892,0.0675,0.2,0.06,0.17820000648498535,0.17820000648498535,0.17819997668266296,0.11070000648498535,1.1975015202939514e-18,True,True,-0.02095986157655716
893,0.0675,0.22000000000000003,0.06,0.17820000648498535,0.17820000648498535,0.17819997668266296,0.11070000648498535,1.1975015202939514e-18,True,True,-0.02095986157655716
894,0.0675,0.24000000000000005,0.06,0.17820000648498535,0.17820000648498535,0.17819997668266296,0.11070000648498535,1.1975015202939514e-18,True,True,-0.02095986157655716
895,0.0675,0.26000000000000006,0.06,0.17820000648498535,0.17820000648498535,0.17819997668266296,0.11070000648498535,1.1975015202939514e-18,True,True,-0.02095986157655716
896,0.0675,0.2800000000000001,0.06,0.17820000648498535,0.17820000648498535,0.17819997668266296,0.11070000648498535,1.1975015202939514e-18,True,True,-0.02095986157655716
897,0.0675,0.3,0.06,0.17820000648498535,0.17820000648498535,0.17819997668266296,0.11070000648498535,1.1975015202939514e-18,True,True,-0.02095986157655716
898,0.0675,0.32,0.06,0.17820000648498535,0.17820000648498535,0.17819997668266296,0.11070000648498535,1.1975015202939514e-18,True,True,-0.015421509742736816
899,0.0675,0.34,0.06,0.17820000648498535,0.17820000648498535,0.17819997668266296,0.11070000648498535,1.1975015202939514e-18,False,False,0.004426747560501099
900,0.0675,0.36000000000000004,0.06,0.17820000648498535,0.17820000648498535,0.17819997668266296,0.11070000648498535,1.1975015202939514e-18,False,False,
901,0.0675,0.38000000000000006,0.06,0.17820000648498535,0.17820000648498535,0.17819997668266296,0.11070000648498535,1.1975015202939514e-18,False,False,
902,0.0675,0.4000000000000001,0.06,0.17820000648498535,0.17820000648498535,0.17819997668266296,0.11070000648498535,1.1975015202939514e-18,False,False,
903,0.0675,0.42,0.06,0.17820000648498535,0.17820000648498535,0.17819997668266296,0.11070000648498535,1.1975015202939514e-18,False,False,
904,0.0675,-0.42,0.07999999999999996,0.17820000648498535,0.17820000648498535,0.17819997668266296,0.11070000648498535,1.1975015202939514e-18,False,False,
905,0.0675,-0.39999999999999997,0.07999999999999996,0.17820000648498535,0.17820000648498535,0.17819997668266296,0.11070000648498535,1.1975015202939514e-18,False,False,
906,0.0675,-0.38,0.07999999999999996,0.17820000648498535,0.17820000648498535,0.17819997668266296,0.11070000648498535,1.1975015202939514e-18,False,False,
907,0.0675,-0.36,0.07999999999999996,0.17820000648498535,0.17820000648498535,0.17819997668266296,0.11070000648498535,1.1975015202939514e-18,False,False,
908,0.0675,-0.33999999999999997,0.07999999999999996,0.17820000648498535,0.17820000648498535,0.17819997668266296,0.11070000648498535,1.1975015202939514e-18,False,False,0.006578236818313599
909,0.0675,-0.31999999999999995,0.07999999999999996,0.17820000648498535,0.17820000648498535,0.17819997668266296,0.11070000648498535,1.1975015202939514e-18,True,True,-0.01332758367061615
910,0.0675,-0.3,0.07999999999999996,0.17820000648498535,0.17820000648498535,0.17819997668266296,0.11070000648498535,1.1975015202939514e-18,True,True,-0.020959801971912384
911,0.0675,-0.27999999999999997,0.07999999999999996,0.17820000648498535,0.17820000648498535,0.17819997668266296,0.11070000648498535,1.1975015202939514e-18,True,True,-0.020959801971912384
912,0.0675,-0.26,0.07999999999999996,0.17820000648498535,0.17820000648498535,0.17819997668266296,0.11070000648498535,1.1975015202939514e-18,True,True,-0.020959816873073578
913,0.0675,-0.24,0.07999999999999996,0.17820000648498535,0.17820000648498535,0.17819997668266296,0.11070000648498535,1.1975015202939514e-18,True,True,-0.020959816873073578
914,0.0675,-0.21999999999999997,0.07999999999999996,0.17820000648498535,0.17820000648498535,0.17819997668266296,0.11070000648498535,1.1975015202939514e-18,True,True,-0.020959816873073578
915,0.0675,-0.19999999999999998,0.07999999999999996,0.17820000648498535,0.17820000648498535,0.17819997668266296,0.11070000648498535,1.1975015202939514e-18,True,True,-0.025854818522930145
916,0.0675,-0.18,0.07999999999999996,0.17820000648498535,0.17820000648498535,0.17819997668266296,0.11070000648498535,1.1975015202939514e-18,True,True,-0.02585480362176895
917,0.0675,-0.15999999999999998,0.07999999999999996,0.17820000648498535,0.17820000648498535,0.17819997668266296,0.11070000648498535,1.1975015202939514e-18,True,True,-0.02585480362176895
918,0.0675,-0.13999999999999996,0.07999999999999996,0.17820000648498535,0.17820000648498535,0.17819997668266296,0.11070000648498535,1.1975015202939514e-18,True,True,-0.02585480362176895
919,0.0675,-0.12,0.07999999999999996,0.17820000648498535,0.17820000648498535,0.17819997668266296,0.11070000648498535,1.1975015202939514e-18,True,True,-0.02585480362176895
920,0.0675,-0.09999999999999998,0.07999999999999996,0.17820000648498535,0.17820000648498535,0.17819997668266296,0.11070000648498535,1.1975015202939514e-18,True,True,-0.02585480362176895
921,0.0675,-0.07999999999999996,0.07999999999999996,0.17820000648498535,0.17820000648498535,0.17819997668266296,0.11070000648498535,1.1975015202939514e-18,True,True,-0.02585480362176895
922,0.0675,-0.06,0.07999999999999996,0.17820000648498535,0.17820000648498535,0.17819997668266296,0.11070000648498535,1.1975015202939514e-18,True,True,-0.02585480362176895
923,0.0675,-0.03999999999999998,0.07999999999999996,0.17820000648498535,0.17820000648498535,0.17819997668266296,0.11070000648498535,1.1975015202939514e-18,True,True,-0.02585480362176895
924,0.0675,-0.019999999999999962,0.07999999999999996,0.17820000648498535,0.17820000648498535,0.17819997668266296,0.11070000648498535,1.1975015202939514e-18,True,True,-0.02585480362176895
925,0.0675,0.0,0.07999999999999996,0.17820000648498535,0.17820000648498535,0.17819997668266296,0.11070000648498535,1.1975015202939514e-18,True,True,-0.02585480362176895
926,0.0675,0.020000000000000018,0.07999999999999996,0.17820000648498535,0.17820000648498535,0.17819997668266296,0.11070000648498535,1.1975015202939514e-18,True,True,-0.02585480362176895
927,0.0675,0.040000000000000036,0.07999999999999996,0.17820000648498535,0.17820000648498535,0.17819997668266296,0.11070000648498535,1.1975015202939514e-18,True,True,-0.02585480362176895
928,0.0675,0.06,0.07999999999999996,0.17820000648498535,0.17820000648498535,0.17819997668266296,0.11070000648498535,1.1975015202939514e-18,True,True,-0.02585480362176895
929,0.0675,0.08000000000000002,0.07999999999999996,0.17820000648498535,0.17820000648498535,0.17819997668266296,0.11070000648498535,1.1975015202939514e-18,True,True,-0.02585480362176895
930,0.0675,0.10000000000000003,0.07999999999999996,0.17820000648498535,0.17820000648498535,0.17819997668266296,0.11070000648498535,1.1975015202939514e-18,True,True,-0.02585480362176895
931,0.0675,0.12000000000000005,0.07999999999999996,0.17820000648498535,0.17820000648498535,0.17819997668266296,0.11070000648498535,1.1975015202939514e-18,True,True,-0.02585480362176895
932,0.0675,0.14000000000000007,0.07999999999999996,0.17820000648498535,0.17820000648498535,0.17819997668266296,0.11070000648498535,1.1975015202939514e-18,True,True,-0.02585480362176895
933,0.0675,0.15999999999999998,0.07999999999999996,0.17820000648498535,0.17820000648498535,0.17819997668266296,0.11070000648498535,1.1975015202939514e-18,True,True,-0.02585480362176895
934,0.0675,0.18,0.07999999999999996,0.17820000648498535,0.17820000648498535,0.17819997668266296,0.11070000648498535,1.1975015202939514e-18,True,True,-0.025854788720607758
935,0.0675,0.2,0.07999999999999996,0.17820000648498535,0.17820000648498535,0.17819997668266296,0.11070000648498535,1.1975015202939514e-18,True,True,-0.025853551924228668
936,0.0675,0.22000000000000003,0.07999999999999996,0.17820000648498535,0.17820000648498535,0.17819997668266296,0.11070000648498535,1.1975015202939514e-18,True,True,-0.020959846675395966
937,0.0675,0.24000000000000005,0.07999999999999996,0.17820000648498535,0.17820000648498535,0.17819997668266296,0.11070000648498535,1.1975015202939514e-18,True,True,-0.020959846675395966
938,0.0675,0.26000000000000006,0.07999999999999996,0.17820000648498535,0.17820000648498535,0.17819997668266296,0.11070000648498535,1.1975015202939514e-18,True,True,-0.020959846675395966
939,0.0675,0.2800000000000001,0.07999999999999996,0.17820000648498535,0.17820000648498535,0.17819997668266296,0.11070000648498535,1.1975015202939514e-18,True,True,-0.020959846675395966
940,0.0675,0.3,0.07999999999999996,0.17820000648498535,0.17820000648498535,0.17819997668266296,0.11070000648498535,1.1975015202939514e-18,True,True,-0.020959846675395966
941,0.0675,0.32,0.07999999999999996,0.17820000648498535,0.17820000648498535,0.17819997668266296,0.11070000648498535,1.1975015202939514e-18,True,True,-0.015421509742736816
942,0.0675,0.34,0.07999999999999996,0.17820000648498535,0.17820000648498535,0.17819997668266296,0.11070000648498535,1.1975015202939514e-18,False,False,0.004426747560501099
943,0.0675,0.36000000000000004,0.07999999999999996,0.17820000648498535,0.17820000648498535,0.17819997668266296,0.11070000648498535,1.1975015202939514e-18,False,False,
944,0.0675,0.38000000000000006,0.07999999999999996,0.17820000648498535,0.17820000648498535,0.17819997668266296,0.11070000648498535,1.1975015202939514e-18,False,False,
945,0.0675,0.4000000000000001,0.07999999999999996,0.17820000648498535,0.17820000648498535,0.17819997668266296,0.11070000648498535,1.1975015202939514e-18,False,False,
946,0.0675,0.42,0.07999999999999996,0.17820000648498535,0.17820000648498535,0.17819997668266296,0.11070000648498535,1.1975015202939514e-18,False,False,
947,0.0675,-0.42,0.09999999999999998,0.17820000648498535,0.17820000648498535,0.17819997668266296,0.11070000648498535,1.1975015202939514e-18,False,False,
948,0.0675,-0.39999999999999997,0.09999999999999998,0.17820000648498535,0.17820000648498535,0.17819997668266296,0.11070000648498535,1.1975015202939514e-18,False,False,
949,0.0675,-0.38,0.09999999999999998,0.17820000648498535,0.17820000648498535,0.17819997668266296,0.11070000648498535,1.1975015202939514e-18,False,False,
950,0.0675,-0.36,0.09999999999999998,0.17820000648498535,0.17820000648498535,0.17819997668266296,0.11070000648498535,1.1975015202939514e-18,False,False,
951,0.0675,-0.33999999999999997,0.09999999999999998,0.17820000648498535,0.17820000648498535,0.17819997668266296,0.11070000648498535,1.1975015202939514e-18,False,False,0.006578236818313599
952,0.0675,-0.31999999999999995,0.09999999999999998,0.17820000648498535,0.17820000648498535,0.17819997668266296,0.11070000648498535,1.1975015202939514e-18,True,True,-0.01332758367061615
953,0.0675,-0.3,0.09999999999999998,0.17820000648498535,0.17820000648498535,0.17819997668266296,0.11070000648498535,1.1975015202939514e-18,True,True,-0.020959801971912384
954,0.0675,-0.27999999999999997,0.09999999999999998,0.17820000648498535,0.17820000648498535,0.17819997668266296,0.11070000648498535,1.1975015202939514e-18,True,True,-0.020959801971912384
955,0.0675,-0.26,0.09999999999999998,0.17820000648498535,0.17820000648498535,0.17819997668266296,0.11070000648498535,1.1975015202939514e-18,True,True,-0.020959801971912384
956,0.0675,-0.24,0.09999999999999998,0.17820000648498535,0.17820000648498535,0.17819997668266296,0.11070000648498535,1.1975015202939514e-18,True,True,-0.020959816873073578
957,0.0675,-0.21999999999999997,0.09999999999999998,0.17820000648498535,0.17820000648498535,0.17819997668266296,0.11070000648498535,1.1975015202939514e-18,True,True,-0.020959816873073578
958,0.0675,-0.19999999999999998,0.09999999999999998,0.17820000648498535,0.17820000648498535,0.17819997668266296,0.11070000648498535,1.1975015202939514e-18,True,True,-0.02664169669151306
959,0.0675,-0.18,0.09999999999999998,0.17820000648498535,0.17820000648498535,0.17819997668266296,0.11070000648498535,1.1975015202939514e-18,True,True,-0.04191191494464874
960,0.0675,-0.15999999999999998,0.09999999999999998,0.17820000648498535,0.17820000648498535,0.17819997668266296,0.11070000648498535,1.1975015202939514e-18,True,True,-0.04191191494464874
961,0.0675,-0.13999999999999996,0.09999999999999998,0.17820000648498535,0.17820000648498535,0.17819997668266296,0.11070000648498535,1.1975015202939514e-18,True,True,-0.04191191494464874
962,0.0675,-0.12,0.09999999999999998,0.17820000648498535,0.17820000648498535,0.17819997668266296,0.11070000648498535,1.1975015202939514e-18,True,True,-0.04191191494464874
963,0.0675,-0.09999999999999998,0.09999999999999998,0.17820000648498535,0.17820000648498535,0.17819997668266296,0.11070000648498535,1.1975015202939514e-18,True,True,-0.04191192239522934
964,0.0675,-0.07999999999999996,0.09999999999999998,0.17820000648498535,0.17820000648498535,0.17819997668266296,0.11070000648498535,1.1975015202939514e-18,True,True,-0.04191192239522934
965,0.0675,-0.06,0.09999999999999998,0.17820000648498535,0.17820000648498535,0.17819997668266296,0.11070000648498535,1.1975015202939514e-18,True,True,-0.04191192239522934
966,0.0675,-0.03999999999999998,0.09999999999999998,0.17820000648498535,0.17820000648498535,0.17819997668266296,0.11070000648498535,1.1975015202939514e-18,True,True,-0.04191192239522934
967,0.0675,-0.019999999999999962,0.09999999999999998,0.17820000648498535,0.17820000648498535,0.17819997668266296,0.11070000648498535,1.1975015202939514e-18,True,True,-0.04191192239522934
968,0.0675,0.0,0.09999999999999998,0.17820000648498535,0.17820000648498535,0.17819997668266296,0.11070000648498535,1.1975015202939514e-18,True,True,-0.04191192239522934
969,0.0675,0.020000000000000018,0.09999999999999998,0.17820000648498535,0.17820000648498535,0.17819997668266296,0.11070000648498535,1.1975015202939514e-18,True,True,-0.04191192239522934
970,0.0675,0.040000000000000036,0.09999999999999998,0.17820000648498535,0.17820000648498535,0.17819997668266296,0.11070000648498535,1.1975015202939514e-18,True,True,-0.04191192239522934
971,0.0675,0.06,0.09999999999999998,0.17820000648498535,0.17820000648498535,0.17819997668266296,0.11070000648498535,1.1975015202939514e-18,True,True,-0.04191192239522934
972,0.0675,0.08000000000000002,0.09999999999999998,0.17820000648498535,0.17820000648498535,0.17819997668266296,0.11070000648498535,1.1975015202939514e-18,True,True,-0.041911929845809937
973,0.0675,0.10000000000000003,0.09999999999999998,0.17820000648498535,0.17820000648498535,0.17819997668266296,0.11070000648498535,1.1975015202939514e-18,True,True,-0.041911929845809937
974,0.0675,0.12000000000000005,0.09999999999999998,0.17820000648498535,0.17820000648498535,0.17819997668266296,0.11070000648498535,1.1975015202939514e-18,True,True,-0.041911929845809937
975,0.0675,0.14000000000000007,0.09999999999999998,0.17820000648498535,0.17820000648498535,0.17819997668266296,0.11070000648498535,1.1975015202939514e-18,True,True,-0.041911929845809937
976,0.0675,0.15999999999999998,0.09999999999999998,0.17820000648498535,0.17820000648498535,0.17819997668266296,0.11070000648498535,1.1975015202939514e-18,True,True,-0.041911929845809937
977,0.0675,0.18,0.09999999999999998,0.17820000648498535,0.17820000648498535,0.17819997668266296,0.11070000648498535,1.1975015202939514e-18,True,True,-0.041911929845809937
978,0.0675,0.2,0.09999999999999998,0.17820000648498535,0.17820000648498535,0.17819997668266296,0.11070000648498535,1.1975015202939514e-18,True,True,-0.0287797749042511
979,0.0675,0.22000000000000003,0.09999999999999998,0.17820000648498535,0.17820000648498535,0.17819997668266296,0.11070000648498535,1.1975015202939514e-18,True,True,-0.020959846675395966
980,0.0675,0.24000000000000005,0.09999999999999998,0.17820000648498535,0.17820000648498535,0.17819997668266296,0.11070000648498535,1.1975015202939514e-18,True,True,-0.020959846675395966
981,0.0675,0.26000000000000006,0.09999999999999998,0.17820000648498535,0.17820000648498535,0.17819997668266296,0.11070000648498535,1.1975015202939514e-18,True,True,-0.020959846675395966
982,0.0675,0.2800000000000001,0.09999999999999998,0.17820000648498535,0.17820000648498535,0.17819997668266296,0.11070000648498535,1.1975015202939514e-18,True,True,-0.020959846675395966
983,0.0675,0.3,0.09999999999999998,0.17820000648498535,0.17820000648498535,0.17819997668266296,0.11070000648498535,1.1975015202939514e-18,True,True,-0.020959846675395966
984,0.0675,0.32,0.09999999999999998,0.17820000648498535,0.17820000648498535,0.17819997668266296,0.11070000648498535,1.1975015202939514e-18,True,True,-0.015421509742736816
985,0.0675,0.34,0.09999999999999998,0.17820000648498535,0.17820000648498535,0.17819997668266296,0.11070000648498535,1.1975015202939514e-18,False,False,0.004426747560501099
986,0.0675,0.36000000000000004,0.09999999999999998,0.17820000648498535,0.17820000648498535,0.17819997668266296,0.11070000648498535,1.1975015202939514e-18,False,False,
987,0.0675,0.38000000000000006,0.09999999999999998,0.17820000648498535,0.17820000648498535,0.17819997668266296,0.11070000648498535,1.1975015202939514e-18,False,False,
988,0.0675,0.4000000000000001,0.09999999999999998,0.17820000648498535,0.17820000648498535,0.17819997668266296,0.11070000648498535,1.1975015202939514e-18,False,False,
989,0.0675,0.42,0.09999999999999998,0.17820000648498535,0.17820000648498535,0.17819997668266296,0.11070000648498535,1.1975015202939514e-18,False,False,
990,0.0675,-0.42,0.12,0.17820000648498535,0.17820000648498535,0.17819997668266296,0.11070000648498535,1.1975015202939514e-18,False,False,
991,0.0675,-0.39999999999999997,0.12,0.17820000648498535,0.17820000648498535,0.17819997668266296,0.11070000648498535,1.1975015202939514e-18,False,False,
992,0.0675,-0.38,0.12,0.17820000648498535,0.17820000648498535,0.17819997668266296,0.11070000648498535,1.1975015202939514e-18,False,False,
993,0.0675,-0.36,0.12,0.17820000648498535,0.17820000648498535,0.17819997668266296,0.11070000648498535,1.1975015202939514e-18,False,False,
994,0.0675,-0.33999999999999997,0.12,0.17820000648498535,0.17820000648498535,0.17819997668266296,0.11070000648498535,1.1975015202939514e-18,False,False,0.006578236818313599
995,0.0675,-0.31999999999999995,0.12,0.17820000648498535,0.17820000648498535,0.17819997668266296,0.11070000648498535,1.1975015202939514e-18,True,True,-0.01332758367061615
996,0.0675,-0.3,0.12,0.17820000648498535,0.17820000648498535,0.17819997668266296,0.11070000648498535,1.1975015202939514e-18,True,True,-0.020959801971912384
997,0.0675,-0.27999999999999997,0.12,0.17820000648498535,0.17820000648498535,0.17819997668266296,0.11070000648498535,1.1975015202939514e-18,True,True,-0.020959801971912384
998,0.0675,-0.26,0.12,0.17820000648498535,0.17820000648498535,0.17819997668266296,0.11070000648498535,1.1975015202939514e-18,True,True,-0.020959801971912384
999,0.0675,-0.24,0.12,0.17820000648498535,0.17820000648498535,0.17819997668266296,0.11070000648498535,1.1975015202939514e-18,True,True,-0.020959801971912384
1000,0.0675,-0.21999999999999997,0.12,0.17820000648498535,0.17820000648498535,0.17819997668266296,0.11070000648498535,1.1975015202939514e-18,True,True,-0.020959801971912384
1001,0.0675,-0.19999999999999998,0.12,0.17820000648498535,0.17820000648498535,0.17819997668266296,0.11070000648498535,1.1975015202939514e-18,True,True,-0.025410160422325134
1002,0.0675,-0.18,0.12,0.17820000648498535,0.17820000648498535,0.17819997668266296,0.11070000648498535,1.1975015202939514e-18,True,True,-0.029120370745658875
1003,0.0675,-0.15999999999999998,0.12,0.17820000648498535,0.17820000648498535,0.17819997668266296,0.11070000648498535,1.1975015202939514e-18,True,True,-0.02191191166639328
1004,0.0675,-0.13999999999999996,0.12,0.17820000648498535,0.17820000648498535,0.17819997668266296,0.11070000648498535,1.1975015202939514e-18,True,True,-0.02191191166639328
1005,0.0675,-0.12,0.12,0.17820000648498535,0.17820000648498535,0.17819997668266296,0.11070000648498535,1.1975015202939514e-18,True,True,-0.02191191166639328
1006,0.0675,-0.09999999999999998,0.12,0.17820000648498535,0.17820000648498535,0.17819997668266296,0.11070000648498535,1.1975015202939514e-18,True,True,-0.021911919116973877
1007,0.0675,-0.07999999999999996,0.12,0.17820000648498535,0.17820000648498535,0.17819997668266296,0.11070000648498535,1.1975015202939514e-18,True,True,-0.021911919116973877
1008,0.0675,-0.06,0.12,0.17820000648498535,0.17820000648498535,0.17819997668266296,0.11070000648498535,1.1975015202939514e-18,True,True,-0.021911919116973877
1009,0.0675,-0.03999999999999998,0.12,0.17820000648498535,0.17820000648498535,0.17819997668266296,0.11070000648498535,1.1975015202939514e-18,True,True,-0.021911919116973877
1010,0.0675,-0.019999999999999962,0.12,0.17820000648498535,0.17820000648498535,0.17819997668266296,0.11070000648498535,1.1975015202939514e-18,True,True,-0.021911919116973877
1011,0.0675,0.0,0.12,0.17820000648498535,0.17820000648498535,0.17819997668266296,0.11070000648498535,1.1975015202939514e-18,True,True,-0.021911919116973877
1012,0.0675,0.020000000000000018,0.12,0.17820000648498535,0.17820000648498535,0.17819997668266296,0.11070000648498535,1.1975015202939514e-18,True,True,-0.021911919116973877
1013,0.0675,0.040000000000000036,0.12,0.17820000648498535,0.17820000648498535,0.17819997668266296,0.11070000648498535,1.1975015202939514e-18,True,True,-0.021911919116973877
1014,0.0675,0.06,0.12,0.17820000648498535,0.17820000648498535,0.17819997668266296,0.11070000648498535,1.1975015202939514e-18,True,True,-0.021911919116973877
1015,0.0675,0.08000000000000002,0.12,0.17820000648498535,0.17820000648498535,0.17819997668266296,0.11070000648498535,1.1975015202939514e-18,True,True,-0.021911926567554474
1016,0.0675,0.10000000000000003,0.12,0.17820000648498535,0.17820000648498535,0.17819997668266296,0.11070000648498535,1.1975015202939514e-18,True,True,-0.021911926567554474
1017,0.0675,0.12000000000000005,0.12,0.17820000648498535,0.17820000648498535,0.17819997668266296,0.11070000648498535,1.1975015202939514e-18,True,True,-0.021911926567554474
1018,0.0675,0.14000000000000007,0.12,0.17820000648498535,0.17820000648498535,0.17819997668266296,0.11070000648498535,1.1975015202939514e-18,True,True,-0.021911926567554474
1019,0.0675,0.15999999999999998,0.12,0.17820000648498535,0.17820000648498535,0.17819997668266296,0.11070000648498535,1.1975015202939514e-18,True,True,-0.021911926567554474
1020,0.0675,0.18,0.12,0.17820000648498535,0.17820000648498535,0.17819997668266296,0.11070000648498535,1.1975015202939514e-18,True,True,-0.02912038564682007
1021,0.0675,0.2,0.12,0.17820000648498535,0.17820000648498535,0.17819997668266296,0.11070000648498535,1.1975015202939514e-18,True,True,-0.0275660902261734
1022,0.0675,0.22000000000000003,0.12,0.17820000648498535,0.17820000648498535,0.17819997668266296,0.11070000648498535,1.1975015202939514e-18,True,True,-0.02095983177423477
1023,0.0675,0.24000000000000005,0.12,0.17820000648498535,0.17820000648498535,0.17819997668266296,0.11070000648498535,1.1975015202939514e-18,True,True,-0.020959846675395966
1024,0.0675,0.26000000000000006,0.12,0.17820000648498535,0.17820000648498535,0.17819997668266296,0.11070000648498535,1.1975015202939514e-18,True,True,-0.020959846675395966
1025,0.0675,0.2800000000000001,0.12,0.17820000648498535,0.17820000648498535,0.17819997668266296,0.11070000648498535,1.1975015202939514e-18,True,True,-0.020959846675395966
1026,0.0675,0.3,0.12,0.17820000648498535,0.17820000648498535,0.17819997668266296,0.11070000648498535,1.1975015202939514e-18,True,True,-0.020959846675395966
1027,0.0675,0.32,0.12,0.17820000648498535,0.17820000648498535,0.17819997668266296,0.11070000648498535,1.1975015202939514e-18,True,True,-0.015421509742736816
1028,0.0675,0.34,0.12,0.17820000648498535,0.17820000648498535,0.17819997668266296,0.11070000648498535,1.1975015202939514e-18,False,False,0.004426747560501099
1029,0.0675,0.36000000000000004,0.12,0.17820000648498535,0.17820000648498535,0.17819997668266296,0.11070000648498535,1.1975015202939514e-18,False,False,
1030,0.0675,0.38000000000000006,0.12,0.17820000648498535,0.17820000648498535,0.17819997668266296,0.11070000648498535,1.1975015202939514e-18,False,False,
1031,0.0675,0.4000000000000001,0.12,0.17820000648498535,0.17820000648498535,0.17819997668266296,0.11070000648498535,1.1975015202939514e-18,False,False,
1032,0.0675,0.42,0.12,0.17820000648498535,0.17820000648498535,0.17819997668266296,0.11070000648498535,1.1975015202939514e-18,False,False,
1033,0.0675,-0.42,0.13999999999999996,0.17820000648498535,0.17820000648498535,0.17819997668266296,0.11070000648498535,1.1975015202939514e-18,False,False,
1034,0.0675,-0.39999999999999997,0.13999999999999996,0.17820000648498535,0.17820000648498535,0.17819997668266296,0.11070000648498535,1.1975015202939514e-18,False,False,
1035,0.0675,-0.38,0.13999999999999996,0.17820000648498535,0.17820000648498535,0.17819997668266296,0.11070000648498535,1.1975015202939514e-18,False,False,
1036,0.0675,-0.36,0.13999999999999996,0.17820000648498535,0.17820000648498535,0.17819997668266296,0.11070000648498535,1.1975015202939514e-18,False,False,
1037,0.0675,-0.33999999999999997,0.13999999999999996,0.17820000648498535,0.17820000648498535,0.17819997668266296,0.11070000648498535,1.1975015202939514e-18,False,False,0.006578236818313599
1038,0.0675,-0.31999999999999995,0.13999999999999996,0.17820000648498535,0.17820000648498535,0.17819997668266296,0.11070000648498535,1.1975015202939514e-18,True,True,-0.01332758367061615
1039,0.0675,-0.3,0.13999999999999996,0.17820000648498535,0.17820000648498535,0.17819997668266296,0.11070000648498535,1.1975015202939514e-18,True,True,-0.020959801971912384
1040,0.0675,-0.27999999999999997,0.13999999999999996,0.17820000648498535,0.17820000648498535,0.17819997668266296,0.11070000648498535,1.1975015202939514e-18,True,True,-0.020959801971912384
1041,0.0675,-0.26,0.13999999999999996,0.17820000648498535,0.17820000648498535,0.17819997668266296,0.11070000648498535,1.1975015202939514e-18,True,True,-0.020959801971912384
1042,0.0675,-0.24,0.13999999999999996,0.17820000648498535,0.17820000648498535,0.17819997668266296,0.11070000648498535,1.1975015202939514e-18,True,True,-0.020959801971912384
1043,0.0675,-0.21999999999999997,0.13999999999999996,0.17820000648498535,0.17820000648498535,0.17819997668266296,0.11070000648498535,1.1975015202939514e-18,True,True,-0.020959801971912384
1044,0.0675,-0.19999999999999998,0.13999999999999996,0.17820000648498535,0.17820000648498535,0.17819997668266296,0.11070000648498535,1.1975015202939514e-18,True,True,-0.020959801971912384
1045,0.0675,-0.18,0.13999999999999996,0.17820000648498535,0.17820000648498535,0.17819997668266296,0.11070000648498535,1.1975015202939514e-18,True,True,-0.020959816873073578
1046,0.0675,-0.15999999999999998,0.13999999999999996,0.17820000648498535,0.17820000648498535,0.17819997668266296,0.11070000648498535,1.1975015202939514e-18,True,True,-0.020959816873073578
1047,0.0675,-0.13999999999999996,0.13999999999999996,0.17820000648498535,0.17820000648498535,0.17819997668266296,0.11070000648498535,1.1975015202939514e-18,True,True,-0.020959816873073578
1048,0.0675,-0.12,0.13999999999999996,0.17820000648498535,0.17820000648498535,0.17819997668266296,0.11070000648498535,1.1975015202939514e-18,True,True,-0.020959816873073578
1049,0.0675,-0.09999999999999998,0.13999999999999996,0.17820000648498535,0.17820000648498535,0.17819997668266296,0.11070000648498535,1.1975015202939514e-18,True,True,-0.020959816873073578
1050,0.0675,-0.07999999999999996,0.13999999999999996,0.17820000648498535,0.17820000648498535,0.17819997668266296,0.11070000648498535,1.1975015202939514e-18,True,True,-0.020959816873073578
1051,0.0675,-0.06,0.13999999999999996,0.17820000648498535,0.17820000648498535,0.17819997668266296,0.11070000648498535,1.1975015202939514e-18,True,True,-0.02095983177423477
1052,0.0675,-0.03999999999999998,0.13999999999999996,0.17820000648498535,0.17820000648498535,0.17819997668266296,0.11070000648498535,1.1975015202939514e-18,True,True,-0.02095983177423477
1053,0.0675,-0.019999999999999962,0.13999999999999996,0.17820000648498535,0.17820000648498535,0.17819997668266296,0.11070000648498535,1.1975015202939514e-18,True,True,-0.02095983177423477
1054,0.0675,0.0,0.13999999999999996,0.17820000648498535,0.17820000648498535,0.17819997668266296,0.11070000648498535,1.1975015202939514e-18,True,True,-0.02095983177423477
1055,0.0675,0.020000000000000018,0.13999999999999996,0.17820000648498535,0.17820000648498535,0.17819997668266296,0.11070000648498535,1.1975015202939514e-18,True,True,-0.02095983177423477
1056,0.0675,0.040000000000000036,0.13999999999999996,0.17820000648498535,0.17820000648498535,0.17819997668266296,0.11070000648498535,1.1975015202939514e-18,True,True,-0.02095983177423477
1057,0.0675,0.06,0.13999999999999996,0.17820000648498535,0.17820000648498535,0.17819997668266296,0.11070000648498535,1.1975015202939514e-18,True,True,-0.020959846675395966
1058,0.0675,0.08000000000000002,0.13999999999999996,0.17820000648498535,0.17820000648498535,0.17819997668266296,0.11070000648498535,1.1975015202939514e-18,True,True,-0.020959846675395966
1059,0.0675,0.10000000000000003,0.13999999999999996,0.17820000648498535,0.17820000648498535,0.17819997668266296,0.11070000648498535,1.1975015202939514e-18,True,True,-0.020959816873073578
1060,0.0675,0.12000000000000005,0.13999999999999996,0.17820000648498535,0.17820000648498535,0.17819997668266296,0.11070000648498535,1.1975015202939514e-18,True,True,-0.020959816873073578
1061,0.0675,0.14000000000000007,0.13999999999999996,0.17820000648498535,0.17820000648498535,0.17819997668266296,0.11070000648498535,1.1975015202939514e-18,True,True,-0.02095983177423477
1062,0.0675,0.15999999999999998,0.13999999999999996,0.17820000648498535,0.17820000648498535,0.17819997668266296,0.11070000648498535,1.1975015202939514e-18,True,True,-0.02095983177423477
1063,0.0675,0.18,0.13999999999999996,0.17820000648498535,0.17820000648498535,0.17819997668266296,0.11070000648498535,1.1975015202939514e-18,True,True,-0.02095983177423477
1064,0.0675,0.2,0.13999999999999996,0.17820000648498535,0.17820000648498535,0.17819997668266296,0.11070000648498535,1.1975015202939514e-18,True,True,-0.02095983177423477
1065,0.0675,0.22000000000000003,0.13999999999999996,0.17820000648498535,0.17820000648498535,0.17819997668266296,0.11070000648498535,1.1975015202939514e-18,True,True,-0.02095983177423477
1066,0.0675,0.24000000000000005,0.13999999999999996,0.17820000648498535,0.17820000648498535,0.17819997668266296,0.11070000648498535,1.1975015202939514e-18,True,True,-0.02095983177423477
1067,0.0675,0.26000000000000006,0.13999999999999996,0.17820000648498535,0.17820000648498535,0.17819997668266296,0.11070000648498535,1.1975015202939514e-18,True,True,-0.020959846675395966
1068,0.0675,0.2800000000000001,0.13999999999999996,0.17820000648498535,0.17820000648498535,0.17819997668266296,0.11070000648498535,1.1975015202939514e-18,True,True,-0.020959846675395966
1069,0.0675,0.3,0.13999999999999996,0.17820000648498535,0.17820000648498535,0.17819997668266296,0.11070000648498535,1.1975015202939514e-18,True,True,-0.020959846675395966
1070,0.0675,0.32,0.13999999999999996,0.17820000648498535,0.17820000648498535,0.17819997668266296,0.11070000648498535,1.1975015202939514e-18,True,True,-0.015421509742736816
1071,0.0675,0.34,0.13999999999999996,0.17820000648498535,0.17820000648498535,0.17819997668266296,0.11070000648498535,1.1975015202939514e-18,False,False,0.004426747560501099
1072,0.0675,0.36000000000000004,0.13999999999999996,0.17820000648498535,0.17820000648498535,0.17819997668266296,0.11070000648498535,1.1975015202939514e-18,False,False,
1073,0.0675,0.38000000000000006,0.13999999999999996,0.17820000648498535,0.17820000648498535,0.17819997668266296,0.11070000648498535,1.1975015202939514e-18,False,False,
1074,0.0675,0.4000000000000001,0.13999999999999996,0.17820000648498535,0.17820000648498535,0.17819997668266296,0.11070000648498535,1.1975015202939514e-18,False,False,
1075,0.0675,0.42,0.13999999999999996,0.17820000648498535,0.17820000648498535,0.17819997668266296,0.11070000648498535,1.1975015202939514e-18,False,False,
1076,0.0675,-0.42,0.15999999999999998,0.17820000648498535,0.17820000648498535,0.17819997668266296,0.11070000648498535,1.1975015202939514e-18,False,False,
1077,0.0675,-0.39999999999999997,0.15999999999999998,0.17820000648498535,0.17820000648498535,0.17819997668266296,0.11070000648498535,1.1975015202939514e-18,False,False,
1078,0.0675,-0.38,0.15999999999999998,0.17820000648498535,0.17820000648498535,0.17819997668266296,0.11070000648498535,1.1975015202939514e-18,False,False,
1079,0.0675,-0.36,0.15999999999999998,0.17820000648498535,0.17820000648498535,0.17819997668266296,0.11070000648498535,1.1975015202939514e-18,False,False,
1080,0.0675,-0.33999999999999997,0.15999999999999998,0.17820000648498535,0.17820000648498535,0.17819997668266296,0.11070000648498535,1.1975015202939514e-18,False,False,0.006578236818313599
1081,0.0675,-0.31999999999999995,0.15999999999999998,0.17820000648498535,0.17820000648498535,0.17819997668266296,0.11070000648498535,1.1975015202939514e-18,True,True,-0.01332758367061615
1082,0.0675,-0.3,0.15999999999999998,0.17820000648498535,0.17820000648498535,0.17819997668266296,0.11070000648498535,1.1975015202939514e-18,True,True,-0.007712244987487793
1083,0.0675,-0.27999999999999997,0.15999999999999998,0.17820000648498535,0.17820000648498535,0.17819997668266296,0.11070000648498535,1.1975015202939514e-18,True,True,-0.015837721526622772
1084,0.0675,-0.26,0.15999999999999998,0.17820000648498535,0.17820000648498535,0.17819997668266296,0.11070000648498535,1.1975015202939514e-18,True,True,-0.015896011143922806
1085,0.0675,-0.24,0.15999999999999998,0.17820000648498535,0.17820000648498535,0.17819997668266296,0.11070000648498535,1.1975015202939514e-18,True,True,-0.01705165207386017
1086,0.0675,-0.21999999999999997,0.15999999999999998,0.17820000648498535,0.17820000648498535,0.17819997668266296,0.11070000648498535,1.1975015202939514e-18,True,True,-0.015914835035800934
1087,0.0675,-0.19999999999999998,0.15999999999999998,0.17820000648498535,0.17820000648498535,0.17819997668266296,0.11070000648498535,1.1975015202939514e-18,True,True,-0.015914835035800934
1088,0.0675,-0.18,0.15999999999999998,0.17820000648498535,0.17820000648498535,0.17819997668266296,0.11070000648498535,1.1975015202939514e-18,True,True,-0.015914835035800934
1089,0.0675,-0.15999999999999998,0.15999999999999998,0.17820000648498535,0.17820000648498535,0.17819997668266296,0.11070000648498535,1.1975015202939514e-18,True,True,-0.015892641618847847
1090,0.0675,-0.13999999999999996,0.15999999999999998,0.17820000648498535,0.17820000648498535,0.17819997668266296,0.11070000648498535,1.1975015202939514e-18,True,True,-0.015833422541618347
1091,0.0675,-0.12,0.15999999999999998,0.17820000648498535,0.17820000648498535,0.17819997668266296,0.11070000648498535,1.1975015202939514e-18,True,True,-0.014960132539272308
1092,0.0675,-0.09999999999999998,0.15999999999999998,0.17820000648498535,0.17820000648498535,0.17819997668266296,0.11070000648498535,1.1975015202939514e-18,True,True,-0.014960125088691711
1093,0.0675,-0.07999999999999996,0.15999999999999998,0.17820000648498535,0.17820000648498535,0.17819997668266296,0.11070000648498535,1.1975015202939514e-18,True,True,-0.014960125088691711
1094,0.0675,-0.06,0.15999999999999998,0.17820000648498535,0.17820000648498535,0.17819997668266296,0.11070000648498535,1.1975015202939514e-18,True,True,-0.014960125088691711
1095,0.0675,-0.03999999999999998,0.15999999999999998,0.17820000648498535,0.17820000648498535,0.17819997668266296,0.11070000648498535,1.1975015202939514e-18,True,True,-0.014960125088691711
1096,0.0675,-0.019999999999999962,0.15999999999999998,0.17820000648498535,0.17820000648498535,0.17819997668266296,0.11070000648498535,1.1975015202939514e-18,True,True,-0.014960125088691711
1097,0.0675,0.0,0.15999999999999998,0.17820000648498535,0.17820000648498535,0.17819997668266296,0.11070000648498535,1.1975015202939514e-18,True,True,-0.014960125088691711
1098,0.0675,0.020000000000000018,0.15999999999999998,0.17820000648498535,0.17820000648498535,0.17819997668266296,0.11070000648498535,1.1975015202939514e-18,True,True,-0.014960125088691711
1099,0.0675,0.040000000000000036,0.15999999999999998,0.17820000648498535,0.17820000648498535,0.17819997668266296,0.11070000648498535,1.1975015202939514e-18,True,True,-0.014960125088691711
1100,0.0675,0.06,0.15999999999999998,0.17820000648498535,0.17820000648498535,0.17819997668266296,0.11070000648498535,1.1975015202939514e-18,True,True,-0.014960125088691711
1101,0.0675,0.08000000000000002,0.15999999999999998,0.17820000648498535,0.17820000648498535,0.17819997668266296,0.11070000648498535,1.1975015202939514e-18,True,True,-0.014960117638111115
1102,0.0675,0.10000000000000003,0.15999999999999998,0.17820000648498535,0.17820000648498535,0.17819997668266296,0.11070000648498535,1.1975015202939514e-18,True,True,-0.014960117638111115
1103,0.0675,0.12000000000000005,0.15999999999999998,0.17820000648498535,0.17820000648498535,0.17819997668266296,0.11070000648498535,1.1975015202939514e-18,True,True,-0.014960117638111115
1104,0.0675,0.14000000000000007,0.15999999999999998,0.17820000648498535,0.17820000648498535,0.17819997668266296,0.11070000648498535,1.1975015202939514e-18,True,True,-0.015819311141967773
1105,0.0675,0.15999999999999998,0.15999999999999998,0.17820000648498535,0.17820000648498535,0.17819997668266296,0.11070000648498535,1.1975015202939514e-18,True,True,-0.015877600759267807
1106,0.0675,0.18,0.15999999999999998,0.17820000648498535,0.17820000648498535,0.17819997668266296,0.11070000648498535,1.1975015202939514e-18,True,True,-0.015914782881736755
1107,0.0675,0.2,0.15999999999999998,0.17820000648498535,0.17820000648498535,0.17819997668266296,0.11070000648498535,1.1975015202939514e-18,True,True,-0.015914782881736755
1108,0.0675,0.22000000000000003,0.15999999999999998,0.17820000648498535,0.17820000648498535,0.17819997668266296,0.11070000648498535,1.1975015202939514e-18,True,True,-0.015914790332317352
1109,0.0675,0.24000000000000005,0.15999999999999998,0.17820000648498535,0.17820000648498535,0.17819997668266296,0.11070000648498535,1.1975015202939514e-18,True,True,-0.019176244735717773
1110,0.0675,0.26000000000000006,0.15999999999999998,0.17820000648498535,0.17820000648498535,0.17819997668266296,0.11070000648498535,1.1975015202939514e-18,True,True,-0.015911251306533813
1111,0.0675,0.2800000000000001,0.15999999999999998,0.17820000648498535,0.17820000648498535,0.17819997668266296,0.11070000648498535,1.1975015202939514e-18,True,True,-0.015852032229304314
1112,0.0675,0.3,0.15999999999999998,0.17820000648498535,0.17820000648498535,0.17819997668266296,0.11070000648498535,1.1975015202939514e-18,True,True,-0.012567207217216492
1113,0.0675,0.32,0.15999999999999998,0.17820000648498535,0.17820000648498535,0.17819997668266296,0.11070000648498535,1.1975015202939514e-18,True,True,-0.015421509742736816
1114,0.0675,0.34,0.15999999999999998,0.17820000648498535,0.17820000648498535,0.17819997668266296,0.11070000648498535,1.1975015202939514e-18,False,False,0.004426747560501099
1115,0.0675,0.36000000000000004,0.15999999999999998,0.17820000648498535,0.17820000648498535,0.17819997668266296,0.11070000648498535,1.1975015202939514e-18,False,False,
1116,0.0675,0.38000000000000006,0.15999999999999998,0.17820000648498535,0.17820000648498535,0.17819997668266296,0.11070000648498535,1.1975015202939514e-18,False,False,
1117,0.0675,0.4000000000000001,0.15999999999999998,0.17820000648498535,0.17820000648498535,0.17819997668266296,0.11070000648498535,1.1975015202939514e-18,False,False,
1118,0.0675,0.42,0.15999999999999998,0.17820000648498535,0.17820000648498535,0.17819997668266296,0.11070000648498535,1.1975015202939514e-18,False,False,
1119,0.0675,-0.42,0.18,0.17820000648498535,0.17820000648498535,0.17819997668266296,0.11070000648498535,1.1975015202939514e-18,False,False,
1120,0.0675,-0.39999999999999997,0.18,0.17820000648498535,0.17820000648498535,0.17819997668266296,0.11070000648498535,1.1975015202939514e-18,False,False,
1121,0.0675,-0.38,0.18,0.17820000648498535,0.17820000648498535,0.17819997668266296,0.11070000648498535,1.1975015202939514e-18,False,False,
1122,0.0675,-0.36,0.18,0.17820000648498535,0.17820000648498535,0.17819997668266296,0.11070000648498535,1.1975015202939514e-18,False,False,
1123,0.0675,-0.33999999999999997,0.18,0.17820000648498535,0.17820000648498535,0.17819997668266296,0.11070000648498535,1.1975015202939514e-18,False,False,0.00694110244512558
1124,0.0675,-0.31999999999999995,0.18,0.17820000648498535,0.17820000648498535,0.17819997668266296,0.11070000648498535,1.1975015202939514e-18,True,True,-0.012077100574970245
1125,0.0675,-0.3,0.18,0.17820000648498535,0.17820000648498535,0.17819997668266296,0.11070000648498535,1.1975015202939514e-18,True,True,-0.011174134910106659
1126,0.0675,-0.27999999999999997,0.18,0.17820000648498535,0.17820000648498535,0.17819997668266296,0.11070000648498535,1.1975015202939514e-18,True,True,-0.01237235963344574
1127,0.0675,-0.26,0.18,0.17820000648498535,0.17820000648498535,0.17819997668266296,0.11070000648498535,1.1975015202939514e-18,True,True,-0.012457489967346191
1128,0.0675,-0.24,0.18,0.17820000648498535,0.17820000648498535,0.17819997668266296,0.11070000648498535,1.1975015202939514e-18,True,True,-0.012492596171796322
1129,0.0675,-0.21999999999999997,0.18,0.17820000648498535,0.17820000648498535,0.17819997668266296,0.11070000648498535,1.1975015202939514e-18,True,True,-0.0124996742233634
1130,0.0675,-0.19999999999999998,0.18,0.17820000648498535,0.17820000648498535,0.17819997668266296,0.11070000648498535,1.1975015202939514e-18,True,True,-0.012510105967521667
1131,0.0675,-0.18,0.18,0.17820000648498535,0.17820000648498535,0.17819997668266296,0.11070000648498535,1.1975015202939514e-18,True,True,-0.01251859962940216
1132,0.0675,-0.15999999999999998,0.18,0.17820000648498535,0.17820000648498535,0.17819997668266296,0.11070000648498535,1.1975015202939514e-18,True,True,-0.012467987835407257
1133,0.0675,-0.13999999999999996,0.18,0.17820000648498535,0.17820000648498535,0.17819997668266296,0.11070000648498535,1.1975015202939514e-18,True,True,-0.012376241385936737
1134,0.0675,-0.12,0.18,0.17820000648498535,0.17820000648498535,0.17819997668266296,0.11070000648498535,1.1975015202939514e-18,True,True,-0.008822910487651825
1135,0.0675,-0.09999999999999998,0.18,0.17820000648498535,0.17820000648498535,0.17819997668266296,0.11070000648498535,1.1975015202939514e-18,True,True,-0.010254308581352234
1136,0.0675,-0.07999999999999996,0.18,0.17820000648498535,0.17820000648498535,0.17819997668266296,0.11070000648498535,1.1975015202939514e-18,True,True,-0.010254308581352234
1137,0.0675,-0.06,0.18,0.17820000648498535,0.17820000648498535,0.17819997668266296,0.11070000648498535,1.1975015202939514e-18,True,True,-0.010254308581352234
1138,0.0675,-0.03999999999999998,0.18,0.17820000648498535,0.17820000648498535,0.17819997668266296,0.11070000648498535,1.1975015202939514e-18,True,True,-0.005423977971076965
1139,0.0675,-0.019999999999999962,0.18,0.17820000648498535,0.17820000648498535,0.17819997668266296,0.11070000648498535,1.1975015202939514e-18,True,True,-0.005423977971076965
1140,0.0675,0.0,0.18,0.17820000648498535,0.17820000648498535,0.17819997668266296,0.11070000648498535,1.1975015202939514e-18,True,True,-0.005423985421657562
1141,0.0675,0.020000000000000018,0.18,0.17820000648498535,0.17820000648498535,0.17819997668266296,0.11070000648498535,1.1975015202939514e-18,True,True,-0.005423985421657562
1142,0.0675,0.040000000000000036,0.18,0.17820000648498535,0.17820000648498535,0.17819997668266296,0.11070000648498535,1.1975015202939514e-18,True,True,-0.005423985421657562
1143,0.0675,0.06,0.18,0.17820000648498535,0.17820000648498535,0.17819997668266296,0.11070000648498535,1.1975015202939514e-18,True,True,-0.011174120008945465
1144,0.0675,0.08000000000000002,0.18,0.17820000648498535,0.17820000648498535,0.17819997668266296,0.11070000648498535,1.1975015202939514e-18,True,True,-0.011174120008945465
1145,0.0675,0.10000000000000003,0.18,0.17820000648498535,0.17820000648498535,0.17819997668266296,0.11070000648498535,1.1975015202939514e-18,True,True,-0.011174120008945465
1146,0.0675,0.12000000000000005,0.18,0.17820000648498535,0.17820000648498535,0.17819997668266296,0.11070000648498535,1.1975015202939514e-18,True,True,-0.008822895586490631
1147,0.0675,0.14000000000000007,0.18,0.17820000648498535,0.17820000648498535,0.17819997668266296,0.11070000648498535,1.1975015202939514e-18,True,True,-0.012345530092716217
1148,0.0675,0.15999999999999998,0.18,0.17820000648498535,0.17820000648498535,0.17819997668266296,0.11070000648498535,1.1975015202939514e-18,True,True,-0.01243070513010025
1149,0.0675,0.18,0.18,0.17820000648498535,0.17820000648498535,0.17819997668266296,0.11070000648498535,1.1975015202939514e-18,True,True,-0.01248680055141449
1150,0.0675,0.2,0.18,0.17820000648498535,0.17820000648498535,0.17819997668266296,0.11070000648498535,1.1975015202939514e-18,True,True,-0.012498623691499233
1151,0.0675,0.22000000000000003,0.18,0.17820000648498535,0.17820000648498535,0.17819997668266296,0.11070000648498535,1.1975015202939514e-18,True,True,-0.012507349252700806
1152,0.0675,0.24000000000000005,0.18,0.17820000648498535,0.17820000648498535,0.17819997668266296,0.11070000648498535,1.1975015202939514e-18,True,True,-0.012512748129665852
1153,0.0675,0.26000000000000006,0.18,0.17820000648498535,0.17820000648498535,0.17819997668266296,0.11070000648498535,1.1975015202939514e-18,True,True,-0.012496910989284515
1154,0.0675,0.2800000000000001,0.18,0.17820000648498535,0.17820000648498535,0.17819997668266296,0.11070000648498535,1.1975015202939514e-18,True,True,-0.012405164539813995
1155,0.0675,0.3,0.18,0.17820000648498535,0.17820000648498535,0.17819997668266296,0.11070000648498535,1.1975015202939514e-18,True,True,-0.012313418090343475
1156,0.0675,0.32,0.18,0.17820000648498535,0.17820000648498535,0.17819997668266296,0.11070000648498535,1.1975015202939514e-18,True,True,-0.012192711234092712
1157,0.0675,0.34,0.18,0.17820000648498535,0.17820000648498535,0.17819997668266296,0.11070000648498535,1.1975015202939514e-18,False,False,0.004771367181092501
1158,0.0675,0.36000000000000004,0.18,0.17820000648498535,0.17820000648498535,0.17819997668266296,0.11070000648498535,1.1975015202939514e-18,False,False,
1159,0.0675,0.38000000000000006,0.18,0.17820000648498535,0.17820000648498535,0.17819997668266296,0.11070000648498535,1.1975015202939514e-18,False,False,
1160,0.0675,0.4000000000000001,0.18,0.17820000648498535,0.17820000648498535,0.17819997668266296,0.11070000648498535,1.1975015202939514e-18,False,False,
1161,0.0675,0.42,0.18,0.17820000648498535,0.17820000648498535,0.17819997668266296,0.11070000648498535,1.1975015202939514e-18,False,False,
1162,0.0675,-0.42,0.2,0.17820000648498535,0.17820000648498535,0.17819997668266296,0.11070000648498535,1.1975015202939514e-18,False,False,
1163,0.0675,-0.39999999999999997,0.2,0.17820000648498535,0.17820000648498535,0.17819997668266296,0.11070000648498535,1.1975015202939514e-18,False,False,
1164,0.0675,-0.38,0.2,0.17820000648498535,0.17820000648498535,0.17819997668266296,0.11070000648498535,1.1975015202939514e-18,False,False,
1165,0.0675,-0.36,0.2,0.17820000648498535,0.17820000648498535,0.17819997668266296,0.11070000648498535,1.1975015202939514e-18,False,False,
1166,0.0675,-0.33999999999999997,0.2,0.17820000648498535,0.17820000648498535,0.17819997668266296,0.11070000648498535,1.1975015202939514e-18,False,False,0.015444576740264893
1167,0.0675,-0.31999999999999995,0.2,0.17820000648498535,0.17820000648498535,0.17819997668266296,0.11070000648498535,1.1975015202939514e-18,False,False,0.007879853248596191
1168,0.0675,-0.3,0.2,0.17820000648498535,0.17820000648498535,0.17819997668266296,0.11070000648498535,1.1975015202939514e-18,False,False,0.007712617516517639
1169,0.0675,-0.27999999999999997,0.2,0.17820000648498535,0.17820000648498535,0.17819997668266296,0.11070000648498535,1.1975015202939514e-18,False,False,0.0076274871826171875
1170,0.0675,-0.26,0.2,0.17820000648498535,0.17820000648498535,0.17819997668266296,0.11070000648498535,1.1975015202939514e-18,False,False,0.007542327046394348
1171,0.0675,-0.24,0.2,0.17820000648498535,0.17820000648498535,0.17819997668266296,0.11070000648498535,1.1975015202939514e-18,False,False,0.007508085574954748
1172,0.0675,-0.21999999999999997,0.2,0.17820000648498535,0.17820000648498535,0.17819997668266296,0.11070000648498535,1.1975015202939514e-18,False,False,0.007500334642827511
1173,0.0675,-0.19999999999999998,0.2,0.17820000648498535,0.17820000648498535,0.17819997668266296,0.11070000648498535,1.1975015202939514e-18,False,False,0.007489912211894989
1174,0.0675,-0.18,0.2,0.17820000648498535,0.17820000648498535,0.17819997668266296,0.11070000648498535,1.1975015202939514e-18,False,False,0.007481418550014496
1175,0.0675,-0.15999999999999998,0.2,0.17820000648498535,0.17820000648498535,0.17819997668266296,0.11070000648498535,1.1975015202939514e-18,False,False,0.007481418550014496
1176,0.0675,-0.13999999999999996,0.2,0.17820000648498535,0.17820000648498535,0.17819997668266296,0.11070000648498535,1.1975015202939514e-18,False,False,0.007481418550014496
1177,0.0675,-0.12,0.2,0.17820000648498535,0.17820000648498535,0.17819997668266296,0.11070000648498535,1.1975015202939514e-18,False,False,0.0077155232429504395
1178,0.0675,-0.09999999999999998,0.2,0.17820000648498535,0.17820000648498535,0.17819997668266296,0.11070000648498535,1.1975015202939514e-18,False,False,0.007623679935932159
1179,0.0675,-0.07999999999999996,0.2,0.17820000648498535,0.17820000648498535,0.17819997668266296,0.11070000648498535,1.1975015202939514e-18,False,False,0.007715433835983276
1180,0.0675,-0.06,0.2,0.17820000648498535,0.17820000648498535,0.17819997668266296,0.11070000648498535,1.1975015202939514e-18,False,False,0.0077666789293289185
1181,0.0675,-0.03999999999999998,0.2,0.17820000648498535,0.17820000648498535,0.17819997668266296,0.11070000648498535,1.1975015202939514e-18,False,False,0.00848634634166956
1182,0.0675,-0.019999999999999962,0.2,0.17820000648498535,0.17820000648498535,0.17819997668266296,0.11070000648498535,1.1975015202939514e-18,False,False,0.008560587652027607
1183,0.0675,0.0,0.2,0.17820000648498535,0.17820000648498535,0.17819997668266296,0.11070000648498535,1.1975015202939514e-18,False,False,0.008555077947676182
1184,0.0675,0.020000000000000018,0.2,0.17820000648498535,0.17820000648498535,0.17819997668266296,0.11070000648498535,1.1975015202939514e-18,False,False,0.00857070367783308
1185,0.0675,0.040000000000000036,0.2,0.17820000648498535,0.17820000648498535,0.17819997668266296,0.11070000648498535,1.1975015202939514e-18,False,False,0.008576800115406513
1186,0.0675,0.06,0.2,0.17820000648498535,0.17820000648498535,0.17819997668266296,0.11070000648498535,1.1975015202939514e-18,False,False,0.007790934760123491
1187,0.0675,0.08000000000000002,0.2,0.17820000648498535,0.17820000648498535,0.17819997668266296,0.11070000648498535,1.1975015202939514e-18,False,False,0.007705137133598328
1188,0.0675,0.10000000000000003,0.2,0.17820000648498535,0.17820000648498535,0.17819997668266296,0.11070000648498535,1.1975015202939514e-18,False,False,0.007619984447956085
1189,0.0675,0.12000000000000005,0.2,0.17820000648498535,0.17820000648498535,0.17819997668266296,0.11070000648498535,1.1975015202939514e-18,False,False,0.007534869015216827
1190,0.0675,0.14000000000000007,0.2,0.17820000648498535,0.17820000648498535,0.17819997668266296,0.11070000648498535,1.1975015202939514e-18,False,False,0.007513217628002167
1191,0.0675,0.15999999999999998,0.2,0.17820000648498535,0.17820000648498535,0.17819997668266296,0.11070000648498535,1.1975015202939514e-18,False,False,0.007513217628002167
1192,0.0675,0.18,0.2,0.17820000648498535,0.17820000648498535,0.17819997668266296,0.11070000648498535,1.1975015202939514e-18,False,False,0.007513217628002167
1193,0.0675,0.2,0.2,0.17820000648498535,0.17820000648498535,0.17819997668266296,0.11070000648498535,1.1975015202939514e-18,False,False,0.007501383777707815
1194,0.0675,0.22000000000000003,0.2,0.17820000648498535,0.17820000648498535,0.17819997668266296,0.11070000648498535,1.1975015202939514e-18,False,False,0.007492668926715851
1195,0.0675,0.24000000000000005,0.2,0.17820000648498535,0.17820000648498535,0.17819997668266296,0.11070000648498535,1.1975015202939514e-18,False,False,0.007483825087547302
1196,0.0675,0.26000000000000006,0.2,0.17820000648498535,0.17820000648498535,0.17819997668266296,0.11070000648498535,1.1975015202939514e-18,False,False,0.007503107190132141
1197,0.0675,0.2800000000000001,0.2,0.17820000648498535,0.17820000648498535,0.17819997668266296,0.11070000648498535,1.1975015202939514e-18,False,False,0.007594853639602661
1198,0.0675,0.3,0.2,0.17820000648498535,0.17820000648498535,0.17819997668266296,0.11070000648498535,1.1975015202939514e-18,False,False,0.007723450660705566
1199,0.0675,0.32,0.2,0.17820000648498535,0.17820000648498535,0.17819997668266296,0.11070000648498535,1.1975015202939514e-18,False,False,0.007773958146572113
1200,0.0675,0.34,0.2,0.17820000648498535,0.17820000648498535,0.17819997668266296,0.11070000648498535,1.1975015202939514e-18,False,False,0.015034646727144718
1201,0.0675,0.36000000000000004,0.2,0.17820000648498535,0.17820000648498535,0.17819997668266296,0.11070000648498535,1.1975015202939514e-18,False,False,
1202,0.0675,0.38000000000000006,0.2,0.17820000648498535,0.17820000648498535,0.17819997668266296,0.11070000648498535,1.1975015202939514e-18,False,False,
1203,0.0675,0.4000000000000001,0.2,0.17820000648498535,0.17820000648498535,0.17819997668266296,0.11070000648498535,1.1975015202939514e-18,False,False,
1204,0.0675,0.42,0.2,0.17820000648498535,0.17820000648498535,0.17819997668266296,0.11070000648498535,1.1975015202939514e-18,False,False,
1205,0.0675,-0.42,0.22000000000000003,0.17820000648498535,0.17820000648498535,0.17819997668266296,0.11070000648498535,1.1975015202939514e-18,False,False,
1206,0.0675,-0.39999999999999997,0.22000000000000003,0.17820000648498535,0.17820000648498535,0.17819997668266296,0.11070000648498535,1.1975015202939514e-18,False,False,
1207,0.0675,-0.38,0.22000000000000003,0.17820000648498535,0.17820000648498535,0.17819997668266296,0.11070000648498535,1.1975015202939514e-18,False,False,
1208,0.0675,-0.36,0.22000000000000003,0.17820000648498535,0.17820000648498535,0.17819997668266296,0.11070000648498535,1.1975015202939514e-18,False,False,
1209,0.0675,-0.33999999999999997,0.22000000000000003,0.17820000648498535,0.17820000648498535,0.17819997668266296,0.11070000648498535,1.1975015202939514e-18,False,False,
1210,0.0675,-0.31999999999999995,0.22000000000000003,0.17820000648498535,0.17820000648498535,0.17819997668266296,0.11070000648498535,1.1975015202939514e-18,False,False,
1211,0.0675,-0.3,0.22000000000000003,0.17820000648498535,0.17820000648498535,0.17819997668266296,0.11070000648498535,1.1975015202939514e-18,False,False,
1212,0.0675,-0.27999999999999997,0.22000000000000003,0.17820000648498535,0.17820000648498535,0.17819997668266296,0.11070000648498535,1.1975015202939514e-18,False,False,
1213,0.0675,-0.26,0.22000000000000003,0.17820000648498535,0.17820000648498535,0.17819997668266296,0.11070000648498535,1.1975015202939514e-18,False,False,
1214,0.0675,-0.24,0.22000000000000003,0.17820000648498535,0.17820000648498535,0.17819997668266296,0.11070000648498535,1.1975015202939514e-18,False,False,
1215,0.0675,-0.21999999999999997,0.22000000000000003,0.17820000648498535,0.17820000648498535,0.17819997668266296,0.11070000648498535,1.1975015202939514e-18,False,False,
1216,0.0675,-0.19999999999999998,0.22000000000000003,0.17820000648498535,0.17820000648498535,0.17819997668266296,0.11070000648498535,1.1975015202939514e-18,False,False,
1217,0.0675,-0.18,0.22000000000000003,0.17820000648498535,0.17820000648498535,0.17819997668266296,0.11070000648498535,1.1975015202939514e-18,False,False,
1218,0.0675,-0.15999999999999998,0.22000000000000003,0.17820000648498535,0.17820000648498535,0.17819997668266296,0.11070000648498535,1.1975015202939514e-18,False,False,
1219,0.0675,-0.13999999999999996,0.22000000000000003,0.17820000648498535,0.17820000648498535,0.17819997668266296,0.11070000648498535,1.1975015202939514e-18,False,False,
1220,0.0675,-0.12,0.22000000000000003,0.17820000648498535,0.17820000648498535,0.17819997668266296,0.11070000648498535,1.1975015202939514e-18,False,False,
1221,0.0675,-0.09999999999999998,0.22000000000000003,0.17820000648498535,0.17820000648498535,0.17819997668266296,0.11070000648498535,1.1975015202939514e-18,False,False,
1222,0.0675,-0.07999999999999996,0.22000000000000003,0.17820000648498535,0.17820000648498535,0.17819997668266296,0.11070000648498535,1.1975015202939514e-18,False,False,
1223,0.0675,-0.06,0.22000000000000003,0.17820000648498535,0.17820000648498535,0.17819997668266296,0.11070000648498535,1.1975015202939514e-18,False,False,
1224,0.0675,-0.03999999999999998,0.22000000000000003,0.17820000648498535,0.17820000648498535,0.17819997668266296,0.11070000648498535,1.1975015202939514e-18,False,False,
1225,0.0675,-0.019999999999999962,0.22000000000000003,0.17820000648498535,0.17820000648498535,0.17819997668266296,0.11070000648498535,1.1975015202939514e-18,False,False,
1226,0.0675,0.0,0.22000000000000003,0.17820000648498535,0.17820000648498535,0.17819997668266296,0.11070000648498535,1.1975015202939514e-18,False,False,
1227,0.0675,0.020000000000000018,0.22000000000000003,0.17820000648498535,0.17820000648498535,0.17819997668266296,0.11070000648498535,1.1975015202939514e-18,False,False,
1228,0.0675,0.040000000000000036,0.22000000000000003,0.17820000648498535,0.17820000648498535,0.17819997668266296,0.11070000648498535,1.1975015202939514e-18,False,False,
1229,0.0675,0.06,0.22000000000000003,0.17820000648498535,0.17820000648498535,0.17819997668266296,0.11070000648498535,1.1975015202939514e-18,False,False,
1230,0.0675,0.08000000000000002,0.22000000000000003,0.17820000648498535,0.17820000648498535,0.17819997668266296,0.11070000648498535,1.1975015202939514e-18,False,False,
1231,0.0675,0.10000000000000003,0.22000000000000003,0.17820000648498535,0.17820000648498535,0.17819997668266296,0.11070000648498535,1.1975015202939514e-18,False,False,
1232,0.0675,0.12000000000000005,0.22000000000000003,0.17820000648498535,0.17820000648498535,0.17819997668266296,0.11070000648498535,1.1975015202939514e-18,False,False,
1233,0.0675,0.14000000000000007,0.22000000000000003,0.17820000648498535,0.17820000648498535,0.17819997668266296,0.11070000648498535,1.1975015202939514e-18,False,False,
1234,0.0675,0.15999999999999998,0.22000000000000003,0.17820000648498535,0.17820000648498535,0.17819997668266296,0.11070000648498535,1.1975015202939514e-18,False,False,
1235,0.0675,0.18,0.22000000000000003,0.17820000648498535,0.17820000648498535,0.17819997668266296,0.11070000648498535,1.1975015202939514e-18,False,False,
1236,0.0675,0.2,0.22000000000000003,0.17820000648498535,0.17820000648498535,0.17819997668266296,0.11070000648498535,1.1975015202939514e-18,False,False,
1237,0.0675,0.22000000000000003,0.22000000000000003,0.17820000648498535,0.17820000648498535,0.17819997668266296,0.11070000648498535,1.1975015202939514e-18,False,False,
1238,0.0675,0.24000000000000005,0.22000000000000003,0.17820000648498535,0.17820000648498535,0.17819997668266296,0.11070000648498535,1.1975015202939514e-18,False,False,
1239,0.0675,0.26000000000000006,0.22000000000000003,0.17820000648498535,0.17820000648498535,0.17819997668266296,0.11070000648498535,1.1975015202939514e-18,False,False,
1240,0.0675,0.2800000000000001,0.22000000000000003,0.17820000648498535,0.17820000648498535,0.17819997668266296,0.11070000648498535,1.1975015202939514e-18,False,False,
1241,0.0675,0.3,0.22000000000000003,0.17820000648498535,0.17820000648498535,0.17819997668266296,0.11070000648498535,1.1975015202939514e-18,False,False,
1242,0.0675,0.32,0.22000000000000003,0.17820000648498535,0.17820000648498535,0.17819997668266296,0.11070000648498535,1.1975015202939514e-18,False,False,
1243,0.0675,0.34,0.22000000000000003,0.17820000648498535,0.17820000648498535,0.17819997668266296,0.11070000648498535,1.1975015202939514e-18,False,False,
1244,0.0675,0.36000000000000004,0.22000000000000003,0.17820000648498535,0.17820000648498535,0.17819997668266296,0.11070000648498535,1.1975015202939514e-18,False,False,
1245,0.0675,0.38000000000000006,0.22000000000000003,0.17820000648498535,0.17820000648498535,0.17819997668266296,0.11070000648498535,1.1975015202939514e-18,False,False,
1246,0.0675,0.4000000000000001,0.22000000000000003,0.17820000648498535,0.17820000648498535,0.17819997668266296,0.11070000648498535,1.1975015202939514e-18,False,False,
1247,0.0675,0.42,0.22000000000000003,0.17820000648498535,0.17820000648498535,0.17819997668266296,0.11070000648498535,1.1975015202939514e-18,False,False,
1248,0.0675,-0.42,0.23999999999999994,0.17820000648498535,0.17820000648498535,0.17819997668266296,0.11070000648498535,1.1975015202939514e-18,False,False,
1249,0.0675,-0.39999999999999997,0.23999999999999994,0.17820000648498535,0.17820000648498535,0.17819997668266296,0.11070000648498535,1.1975015202939514e-18,False,False,
1250,0.0675,-0.38,0.23999999999999994,0.17820000648498535,0.17820000648498535,0.17819997668266296,0.11070000648498535,1.1975015202939514e-18,False,False,
1251,0.0675,-0.36,0.23999999999999994,0.17820000648498535,0.17820000648498535,0.17819997668266296,0.11070000648498535,1.1975015202939514e-18,False,False,
1252,0.0675,-0.33999999999999997,0.23999999999999994,0.17820000648498535,0.17820000648498535,0.17819997668266296,0.11070000648498535,1.1975015202939514e-18,False,False,
1253,0.0675,-0.31999999999999995,0.23999999999999994,0.17820000648498535,0.17820000648498535,0.17819997668266296,0.11070000648498535,1.1975015202939514e-18,False,False,
1254,0.0675,-0.3,0.23999999999999994,0.17820000648498535,0.17820000648498535,0.17819997668266296,0.11070000648498535,1.1975015202939514e-18,False,False,
1255,0.0675,-0.27999999999999997,0.23999999999999994,0.17820000648498535,0.17820000648498535,0.17819997668266296,0.11070000648498535,1.1975015202939514e-18,False,False,
1256,0.0675,-0.26,0.23999999999999994,0.17820000648498535,0.17820000648498535,0.17819997668266296,0.11070000648498535,1.1975015202939514e-18,False,False,
1257,0.0675,-0.24,0.23999999999999994,0.17820000648498535,0.17820000648498535,0.17819997668266296,0.11070000648498535,1.1975015202939514e-18,False,False,
1258,0.0675,-0.21999999999999997,0.23999999999999994,0.17820000648498535,0.17820000648498535,0.17819997668266296,0.11070000648498535,1.1975015202939514e-18,False,False,
1259,0.0675,-0.19999999999999998,0.23999999999999994,0.17820000648498535,0.17820000648498535,0.17819997668266296,0.11070000648498535,1.1975015202939514e-18,False,False,
1260,0.0675,-0.18,0.23999999999999994,0.17820000648498535,0.17820000648498535,0.17819997668266296,0.11070000648498535,1.1975015202939514e-18,False,False,
1261,0.0675,-0.15999999999999998,0.23999999999999994,0.17820000648498535,0.17820000648498535,0.17819997668266296,0.11070000648498535,1.1975015202939514e-18,False,False,
1262,0.0675,-0.13999999999999996,0.23999999999999994,0.17820000648498535,0.17820000648498535,0.17819997668266296,0.11070000648498535,1.1975015202939514e-18,False,False,
1263,0.0675,-0.12,0.23999999999999994,0.17820000648498535,0.17820000648498535,0.17819997668266296,0.11070000648498535,1.1975015202939514e-18,False,False,
1264,0.0675,-0.09999999999999998,0.23999999999999994,0.17820000648498535,0.17820000648498535,0.17819997668266296,0.11070000648498535,1.1975015202939514e-18,False,False,
1265,0.0675,-0.07999999999999996,0.23999999999999994,0.17820000648498535,0.17820000648498535,0.17819997668266296,0.11070000648498535,1.1975015202939514e-18,False,False,
1266,0.0675,-0.06,0.23999999999999994,0.17820000648498535,0.17820000648498535,0.17819997668266296,0.11070000648498535,1.1975015202939514e-18,False,False,
1267,0.0675,-0.03999999999999998,0.23999999999999994,0.17820000648498535,0.17820000648498535,0.17819997668266296,0.11070000648498535,1.1975015202939514e-18,False,False,
1268,0.0675,-0.019999999999999962,0.23999999999999994,0.17820000648498535,0.17820000648498535,0.17819997668266296,0.11070000648498535,1.1975015202939514e-18,False,False,
1269,0.0675,0.0,0.23999999999999994,0.17820000648498535,0.17820000648498535,0.17819997668266296,0.11070000648498535,1.1975015202939514e-18,False,False,
1270,0.0675,0.020000000000000018,0.23999999999999994,0.17820000648498535,0.17820000648498535,0.17819997668266296,0.11070000648498535,1.1975015202939514e-18,False,False,
1271,0.0675,0.040000000000000036,0.23999999999999994,0.17820000648498535,0.17820000648498535,0.17819997668266296,0.11070000648498535,1.1975015202939514e-18,False,False,
1272,0.0675,0.06,0.23999999999999994,0.17820000648498535,0.17820000648498535,0.17819997668266296,0.11070000648498535,1.1975015202939514e-18,False,False,
1273,0.0675,0.08000000000000002,0.23999999999999994,0.17820000648498535,0.17820000648498535,0.17819997668266296,0.11070000648498535,1.1975015202939514e-18,False,False,
1274,0.0675,0.10000000000000003,0.23999999999999994,0.17820000648498535,0.17820000648498535,0.17819997668266296,0.11070000648498535,1.1975015202939514e-18,False,False,
1275,0.0675,0.12000000000000005,0.23999999999999994,0.17820000648498535,0.17820000648498535,0.17819997668266296,0.11070000648498535,1.1975015202939514e-18,False,False,
1276,0.0675,0.14000000000000007,0.23999999999999994,0.17820000648498535,0.17820000648498535,0.17819997668266296,0.11070000648498535,1.1975015202939514e-18,False,False,
1277,0.0675,0.15999999999999998,0.23999999999999994,0.17820000648498535,0.17820000648498535,0.17819997668266296,0.11070000648498535,1.1975015202939514e-18,False,False,
1278,0.0675,0.18,0.23999999999999994,0.17820000648498535,0.17820000648498535,0.17819997668266296,0.11070000648498535,1.1975015202939514e-18,False,False,
1279,0.0675,0.2,0.23999999999999994,0.17820000648498535,0.17820000648498535,0.17819997668266296,0.11070000648498535,1.1975015202939514e-18,False,False,
1280,0.0675,0.22000000000000003,0.23999999999999994,0.17820000648498535,0.17820000648498535,0.17819997668266296,0.11070000648498535,1.1975015202939514e-18,False,False,
1281,0.0675,0.24000000000000005,0.23999999999999994,0.17820000648498535,0.17820000648498535,0.17819997668266296,0.11070000648498535,1.1975015202939514e-18,False,False,
1282,0.0675,0.26000000000000006,0.23999999999999994,0.17820000648498535,0.17820000648498535,0.17819997668266296,0.11070000648498535,1.1975015202939514e-18,False,False,
1283,0.0675,0.2800000000000001,0.23999999999999994,0.17820000648498535,0.17820000648498535,0.17819997668266296,0.11070000648498535,1.1975015202939514e-18,False,False,
1284,0.0675,0.3,0.23999999999999994,0.17820000648498535,0.17820000648498535,0.17819997668266296,0.11070000648498535,1.1975015202939514e-18,False,False,
1285,0.0675,0.32,0.23999999999999994,0.17820000648498535,0.17820000648498535,0.17819997668266296,0.11070000648498535,1.1975015202939514e-18,False,False,
1286,0.0675,0.34,0.23999999999999994,0.17820000648498535,0.17820000648498535,0.17819997668266296,0.11070000648498535,1.1975015202939514e-18,False,False,
1287,0.0675,0.36000000000000004,0.23999999999999994,0.17820000648498535,0.17820000648498535,0.17819997668266296,0.11070000648498535,1.1975015202939514e-18,False,False,
1288,0.0675,0.38000000000000006,0.23999999999999994,0.17820000648498535,0.17820000648498535,0.17819997668266296,0.11070000648498535,1.1975015202939514e-18,False,False,
1289,0.0675,0.4000000000000001,0.23999999999999994,0.17820000648498535,0.17820000648498535,0.17819997668266296,0.11070000648498535,1.1975015202939514e-18,False,False,
1290,0.0675,0.42,0.23999999999999994,0.17820000648498535,0.17820000648498535,0.17819997668266296,0.11070000648498535,1.1975015202939514e-18,False,False,
1291,0.0675,-0.42,0.25999999999999995,0.17820000648498535,0.17820000648498535,0.17819997668266296,0.11070000648498535,1.1975015202939514e-18,False,False,
1292,0.0675,-0.39999999999999997,0.25999999999999995,0.17820000648498535,0.17820000648498535,0.17819997668266296,0.11070000648498535,1.1975015202939514e-18,False,False,
1293,0.0675,-0.38,0.25999999999999995,0.17820000648498535,0.17820000648498535,0.17819997668266296,0.11070000648498535,1.1975015202939514e-18,False,False,
1294,0.0675,-0.36,0.25999999999999995,0.17820000648498535,0.17820000648498535,0.17819997668266296,0.11070000648498535,1.1975015202939514e-18,False,False,
1295,0.0675,-0.33999999999999997,0.25999999999999995,0.17820000648498535,0.17820000648498535,0.17819997668266296,0.11070000648498535,1.1975015202939514e-18,False,False,
1296,0.0675,-0.31999999999999995,0.25999999999999995,0.17820000648498535,0.17820000648498535,0.17819997668266296,0.11070000648498535,1.1975015202939514e-18,False,False,
1297,0.0675,-0.3,0.25999999999999995,0.17820000648498535,0.17820000648498535,0.17819997668266296,0.11070000648498535,1.1975015202939514e-18,False,False,
1298,0.0675,-0.27999999999999997,0.25999999999999995,0.17820000648498535,0.17820000648498535,0.17819997668266296,0.11070000648498535,1.1975015202939514e-18,False,False,
1299,0.0675,-0.26,0.25999999999999995,0.17820000648498535,0.17820000648498535,0.17819997668266296,0.11070000648498535,1.1975015202939514e-18,False,False,
1300,0.0675,-0.24,0.25999999999999995,0.17820000648498535,0.17820000648498535,0.17819997668266296,0.11070000648498535,1.1975015202939514e-18,False,False,
1301,0.0675,-0.21999999999999997,0.25999999999999995,0.17820000648498535,0.17820000648498535,0.17819997668266296,0.11070000648498535,1.1975015202939514e-18,False,False,
1302,0.0675,-0.19999999999999998,0.25999999999999995,0.17820000648498535,0.17820000648498535,0.17819997668266296,0.11070000648498535,1.1975015202939514e-18,False,False,
1303,0.0675,-0.18,0.25999999999999995,0.17820000648498535,0.17820000648498535,0.17819997668266296,0.11070000648498535,1.1975015202939514e-18,False,False,
1304,0.0675,-0.15999999999999998,0.25999999999999995,0.17820000648498535,0.17820000648498535,0.17819997668266296,0.11070000648498535,1.1975015202939514e-18,False,False,
1305,0.0675,-0.13999999999999996,0.25999999999999995,0.17820000648498535,0.17820000648498535,0.17819997668266296,0.11070000648498535,1.1975015202939514e-18,False,False,
1306,0.0675,-0.12,0.25999999999999995,0.17820000648498535,0.17820000648498535,0.17819997668266296,0.11070000648498535,1.1975015202939514e-18,False,False,
1307,0.0675,-0.09999999999999998,0.25999999999999995,0.17820000648498535,0.17820000648498535,0.17819997668266296,0.11070000648498535,1.1975015202939514e-18,False,False,
1308,0.0675,-0.07999999999999996,0.25999999999999995,0.17820000648498535,0.17820000648498535,0.17819997668266296,0.11070000648498535,1.1975015202939514e-18,False,False,
1309,0.0675,-0.06,0.25999999999999995,0.17820000648498535,0.17820000648498535,0.17819997668266296,0.11070000648498535,1.1975015202939514e-18,False,False,
1310,0.0675,-0.03999999999999998,0.25999999999999995,0.17820000648498535,0.17820000648498535,0.17819997668266296,0.11070000648498535,1.1975015202939514e-18,False,False,
1311,0.0675,-0.019999999999999962,0.25999999999999995,0.17820000648498535,0.17820000648498535,0.17819997668266296,0.11070000648498535,1.1975015202939514e-18,False,False,
1312,0.0675,0.0,0.25999999999999995,0.17820000648498535,0.17820000648498535,0.17819997668266296,0.11070000648498535,1.1975015202939514e-18,False,False,
1313,0.0675,0.020000000000000018,0.25999999999999995,0.17820000648498535,0.17820000648498535,0.17819997668266296,0.11070000648498535,1.1975015202939514e-18,False,False,
1314,0.0675,0.040000000000000036,0.25999999999999995,0.17820000648498535,0.17820000648498535,0.17819997668266296,0.11070000648498535,1.1975015202939514e-18,False,False,
1315,0.0675,0.06,0.25999999999999995,0.17820000648498535,0.17820000648498535,0.17819997668266296,0.11070000648498535,1.1975015202939514e-18,False,False,
1316,0.0675,0.08000000000000002,0.25999999999999995,0.17820000648498535,0.17820000648498535,0.17819997668266296,0.11070000648498535,1.1975015202939514e-18,False,False,
1317,0.0675,0.10000000000000003,0.25999999999999995,0.17820000648498535,0.17820000648498535,0.17819997668266296,0.11070000648498535,1.1975015202939514e-18,False,False,
1318,0.0675,0.12000000000000005,0.25999999999999995,0.17820000648498535,0.17820000648498535,0.17819997668266296,0.11070000648498535,1.1975015202939514e-18,False,False,
1319,0.0675,0.14000000000000007,0.25999999999999995,0.17820000648498535,0.17820000648498535,0.17819997668266296,0.11070000648498535,1.1975015202939514e-18,False,False,
1320,0.0675,0.15999999999999998,0.25999999999999995,0.17820000648498535,0.17820000648498535,0.17819997668266296,0.11070000648498535,1.1975015202939514e-18,False,False,
1321,0.0675,0.18,0.25999999999999995,0.17820000648498535,0.17820000648498535,0.17819997668266296,0.11070000648498535,1.1975015202939514e-18,False,False,
1322,0.0675,0.2,0.25999999999999995,0.17820000648498535,0.17820000648498535,0.17819997668266296,0.11070000648498535,1.1975015202939514e-18,False,False,
1323,0.0675,0.22000000000000003,0.25999999999999995,0.17820000648498535,0.17820000648498535,0.17819997668266296,0.11070000648498535,1.1975015202939514e-18,False,False,
1324,0.0675,0.24000000000000005,0.25999999999999995,0.17820000648498535,0.17820000648498535,0.17819997668266296,0.11070000648498535,1.1975015202939514e-18,False,False,
1325,0.0675,0.26000000000000006,0.25999999999999995,0.17820000648498535,0.17820000648498535,0.17819997668266296,0.11070000648498535,1.1975015202939514e-18,False,False,
1326,0.0675,0.2800000000000001,0.25999999999999995,0.17820000648498535,0.17820000648498535,0.17819997668266296,0.11070000648498535,1.1975015202939514e-18,False,False,
1327,0.0675,0.3,0.25999999999999995,0.17820000648498535,0.17820000648498535,0.17819997668266296,0.11070000648498535,1.1975015202939514e-18,False,False,
1328,0.0675,0.32,0.25999999999999995,0.17820000648498535,0.17820000648498535,0.17819997668266296,0.11070000648498535,1.1975015202939514e-18,False,False,
1329,0.0675,0.34,0.25999999999999995,0.17820000648498535,0.17820000648498535,0.17819997668266296,0.11070000648498535,1.1975015202939514e-18,False,False,
1330,0.0675,0.36000000000000004,0.25999999999999995,0.17820000648498535,0.17820000648498535,0.17819997668266296,0.11070000648498535,1.1975015202939514e-18,False,False,
1331,0.0675,0.38000000000000006,0.25999999999999995,0.17820000648498535,0.17820000648498535,0.17819997668266296,0.11070000648498535,1.1975015202939514e-18,False,False,
1332,0.0675,0.4000000000000001,0.25999999999999995,0.17820000648498535,0.17820000648498535,0.17819997668266296,0.11070000648498535,1.1975015202939514e-18,False,False,
1333,0.0675,0.42,0.25999999999999995,0.17820000648498535,0.17820000648498535,0.17819997668266296,0.11070000648498535,1.1975015202939514e-18,False,False,
1334,0.0675,-0.42,0.27999999999999997,0.17820000648498535,0.17820000648498535,0.17819997668266296,0.11070000648498535,1.1975015202939514e-18,False,False,
1335,0.0675,-0.39999999999999997,0.27999999999999997,0.17820000648498535,0.17820000648498535,0.17819997668266296,0.11070000648498535,1.1975015202939514e-18,False,False,
1336,0.0675,-0.38,0.27999999999999997,0.17820000648498535,0.17820000648498535,0.17819997668266296,0.11070000648498535,1.1975015202939514e-18,False,False,
1337,0.0675,-0.36,0.27999999999999997,0.17820000648498535,0.17820000648498535,0.17819997668266296,0.11070000648498535,1.1975015202939514e-18,False,False,
1338,0.0675,-0.33999999999999997,0.27999999999999997,0.17820000648498535,0.17820000648498535,0.17819997668266296,0.11070000648498535,1.1975015202939514e-18,False,False,
1339,0.0675,-0.31999999999999995,0.27999999999999997,0.17820000648498535,0.17820000648498535,0.17819997668266296,0.11070000648498535,1.1975015202939514e-18,False,False,
1340,0.0675,-0.3,0.27999999999999997,0.17820000648498535,0.17820000648498535,0.17819997668266296,0.11070000648498535,1.1975015202939514e-18,False,False,
1341,0.0675,-0.27999999999999997,0.27999999999999997,0.17820000648498535,0.17820000648498535,0.17819997668266296,0.11070000648498535,1.1975015202939514e-18,False,False,
1342,0.0675,-0.26,0.27999999999999997,0.17820000648498535,0.17820000648498535,0.17819997668266296,0.11070000648498535,1.1975015202939514e-18,False,False,
1343,0.0675,-0.24,0.27999999999999997,0.17820000648498535,0.17820000648498535,0.17819997668266296,0.11070000648498535,1.1975015202939514e-18,False,False,
1344,0.0675,-0.21999999999999997,0.27999999999999997,0.17820000648498535,0.17820000648498535,0.17819997668266296,0.11070000648498535,1.1975015202939514e-18,False,False,
1345,0.0675,-0.19999999999999998,0.27999999999999997,0.17820000648498535,0.17820000648498535,0.17819997668266296,0.11070000648498535,1.1975015202939514e-18,False,False,
1346,0.0675,-0.18,0.27999999999999997,0.17820000648498535,0.17820000648498535,0.17819997668266296,0.11070000648498535,1.1975015202939514e-18,False,False,
1347,0.0675,-0.15999999999999998,0.27999999999999997,0.17820000648498535,0.17820000648498535,0.17819997668266296,0.11070000648498535,1.1975015202939514e-18,False,False,
1348,0.0675,-0.13999999999999996,0.27999999999999997,0.17820000648498535,0.17820000648498535,0.17819997668266296,0.11070000648498535,1.1975015202939514e-18,False,False,
1349,0.0675,-0.12,0.27999999999999997,0.17820000648498535,0.17820000648498535,0.17819997668266296,0.11070000648498535,1.1975015202939514e-18,False,False,
1350,0.0675,-0.09999999999999998,0.27999999999999997,0.17820000648498535,0.17820000648498535,0.17819997668266296,0.11070000648498535,1.1975015202939514e-18,False,False,
1351,0.0675,-0.07999999999999996,0.27999999999999997,0.17820000648498535,0.17820000648498535,0.17819997668266296,0.11070000648498535,1.1975015202939514e-18,False,False,
1352,0.0675,-0.06,0.27999999999999997,0.17820000648498535,0.17820000648498535,0.17819997668266296,0.11070000648498535,1.1975015202939514e-18,False,False,
1353,0.0675,-0.03999999999999998,0.27999999999999997,0.17820000648498535,0.17820000648498535,0.17819997668266296,0.11070000648498535,1.1975015202939514e-18,False,False,
1354,0.0675,-0.019999999999999962,0.27999999999999997,0.17820000648498535,0.17820000648498535,0.17819997668266296,0.11070000648498535,1.1975015202939514e-18,False,False,
1355,0.0675,0.0,0.27999999999999997,0.17820000648498535,0.17820000648498535,0.17819997668266296,0.11070000648498535,1.1975015202939514e-18,False,False,
1356,0.0675,0.020000000000000018,0.27999999999999997,0.17820000648498535,0.17820000648498535,0.17819997668266296,0.11070000648498535,1.1975015202939514e-18,False,False,
1357,0.0675,0.040000000000000036,0.27999999999999997,0.17820000648498535,0.17820000648498535,0.17819997668266296,0.11070000648498535,1.1975015202939514e-18,False,False,
1358,0.0675,0.06,0.27999999999999997,0.17820000648498535,0.17820000648498535,0.17819997668266296,0.11070000648498535,1.1975015202939514e-18,False,False,
1359,0.0675,0.08000000000000002,0.27999999999999997,0.17820000648498535,0.17820000648498535,0.17819997668266296,0.11070000648498535,1.1975015202939514e-18,False,False,
1360,0.0675,0.10000000000000003,0.27999999999999997,0.17820000648498535,0.17820000648498535,0.17819997668266296,0.11070000648498535,1.1975015202939514e-18,False,False,
1361,0.0675,0.12000000000000005,0.27999999999999997,0.17820000648498535,0.17820000648498535,0.17819997668266296,0.11070000648498535,1.1975015202939514e-18,False,False,
1362,0.0675,0.14000000000000007,0.27999999999999997,0.17820000648498535,0.17820000648498535,0.17819997668266296,0.11070000648498535,1.1975015202939514e-18,False,False,
1363,0.0675,0.15999999999999998,0.27999999999999997,0.17820000648498535,0.17820000648498535,0.17819997668266296,0.11070000648498535,1.1975015202939514e-18,False,False,
1364,0.0675,0.18,0.27999999999999997,0.17820000648498535,0.17820000648498535,0.17819997668266296,0.11070000648498535,1.1975015202939514e-18,False,False,
1365,0.0675,0.2,0.27999999999999997,0.17820000648498535,0.17820000648498535,0.17819997668266296,0.11070000648498535,1.1975015202939514e-18,False,False,
1366,0.0675,0.22000000000000003,0.27999999999999997,0.17820000648498535,0.17820000648498535,0.17819997668266296,0.11070000648498535,1.1975015202939514e-18,False,False,
1367,0.0675,0.24000000000000005,0.27999999999999997,0.17820000648498535,0.17820000648498535,0.17819997668266296,0.11070000648498535,1.1975015202939514e-18,False,False,
1368,0.0675,0.26000000000000006,0.27999999999999997,0.17820000648498535,0.17820000648498535,0.17819997668266296,0.11070000648498535,1.1975015202939514e-18,False,False,
1369,0.0675,0.2800000000000001,0.27999999999999997,0.17820000648498535,0.17820000648498535,0.17819997668266296,0.11070000648498535,1.1975015202939514e-18,False,False,
1370,0.0675,0.3,0.27999999999999997,0.17820000648498535,0.17820000648498535,0.17819997668266296,0.11070000648498535,1.1975015202939514e-18,False,False,
1371,0.0675,0.32,0.27999999999999997,0.17820000648498535,0.17820000648498535,0.17819997668266296,0.11070000648498535,1.1975015202939514e-18,False,False,
1372,0.0675,0.34,0.27999999999999997,0.17820000648498535,0.17820000648498535,0.17819997668266296,0.11070000648498535,1.1975015202939514e-18,False,False,
1373,0.0675,0.36000000000000004,0.27999999999999997,0.17820000648498535,0.17820000648498535,0.17819997668266296,0.11070000648498535,1.1975015202939514e-18,False,False,
1374,0.0675,0.38000000000000006,0.27999999999999997,0.17820000648498535,0.17820000648498535,0.17819997668266296,0.11070000648498535,1.1975015202939514e-18,False,False,
1375,0.0675,0.4000000000000001,0.27999999999999997,0.17820000648498535,0.17820000648498535,0.17819997668266296,0.11070000648498535,1.1975015202939514e-18,False,False,
1376,0.0675,0.42,0.27999999999999997,0.17820000648498535,0.17820000648498535,0.17819997668266296,0.11070000648498535,1.1975015202939514e-18,False,False,
1377,0.0675,-0.42,0.3,0.17820000648498535,0.17820000648498535,0.17819997668266296,0.11070000648498535,1.1975015202939514e-18,False,False,
1378,0.0675,-0.39999999999999997,0.3,0.17820000648498535,0.17820000648498535,0.17819997668266296,0.11070000648498535,1.1975015202939514e-18,False,False,
1379,0.0675,-0.38,0.3,0.17820000648498535,0.17820000648498535,0.17819997668266296,0.11070000648498535,1.1975015202939514e-18,False,False,
1380,0.0675,-0.36,0.3,0.17820000648498535,0.17820000648498535,0.17819997668266296,0.11070000648498535,1.1975015202939514e-18,False,False,
1381,0.0675,-0.33999999999999997,0.3,0.17820000648498535,0.17820000648498535,0.17819997668266296,0.11070000648498535,1.1975015202939514e-18,False,False,
1382,0.0675,-0.31999999999999995,0.3,0.17820000648498535,0.17820000648498535,0.17819997668266296,0.11070000648498535,1.1975015202939514e-18,False,False,
1383,0.0675,-0.3,0.3,0.17820000648498535,0.17820000648498535,0.17819997668266296,0.11070000648498535,1.1975015202939514e-18,False,False,
1384,0.0675,-0.27999999999999997,0.3,0.17820000648498535,0.17820000648498535,0.17819997668266296,0.11070000648498535,1.1975015202939514e-18,False,False,
1385,0.0675,-0.26,0.3,0.17820000648498535,0.17820000648498535,0.17819997668266296,0.11070000648498535,1.1975015202939514e-18,False,False,
1386,0.0675,-0.24,0.3,0.17820000648498535,0.17820000648498535,0.17819997668266296,0.11070000648498535,1.1975015202939514e-18,False,False,
1387,0.0675,-0.21999999999999997,0.3,0.17820000648498535,0.17820000648498535,0.17819997668266296,0.11070000648498535,1.1975015202939514e-18,False,False,
1388,0.0675,-0.19999999999999998,0.3,0.17820000648498535,0.17820000648498535,0.17819997668266296,0.11070000648498535,1.1975015202939514e-18,False,False,
1389,0.0675,-0.18,0.3,0.17820000648498535,0.17820000648498535,0.17819997668266296,0.11070000648498535,1.1975015202939514e-18,False,False,
1390,0.0675,-0.15999999999999998,0.3,0.17820000648498535,0.17820000648498535,0.17819997668266296,0.11070000648498535,1.1975015202939514e-18,False,False,
1391,0.0675,-0.13999999999999996,0.3,0.17820000648498535,0.17820000648498535,0.17819997668266296,0.11070000648498535,1.1975015202939514e-18,False,False,
1392,0.0675,-0.12,0.3,0.17820000648498535,0.17820000648498535,0.17819997668266296,0.11070000648498535,1.1975015202939514e-18,False,False,
1393,0.0675,-0.09999999999999998,0.3,0.17820000648498535,0.17820000648498535,0.17819997668266296,0.11070000648498535,1.1975015202939514e-18,False,False,
1394,0.0675,-0.07999999999999996,0.3,0.17820000648498535,0.17820000648498535,0.17819997668266296,0.11070000648498535,1.1975015202939514e-18,False,False,
1395,0.0675,-0.06,0.3,0.17820000648498535,0.17820000648498535,0.17819997668266296,0.11070000648498535,1.1975015202939514e-18,False,False,
1396,0.0675,-0.03999999999999998,0.3,0.17820000648498535,0.17820000648498535,0.17819997668266296,0.11070000648498535,1.1975015202939514e-18,False,False,
1397,0.0675,-0.019999999999999962,0.3,0.17820000648498535,0.17820000648498535,0.17819997668266296,0.11070000648498535,1.1975015202939514e-18,False,False,
1398,0.0675,0.0,0.3,0.17820000648498535,0.17820000648498535,0.17819997668266296,0.11070000648498535,1.1975015202939514e-18,False,False,
1399,0.0675,0.020000000000000018,0.3,0.17820000648498535,0.17820000648498535,0.17819997668266296,0.11070000648498535,1.1975015202939514e-18,False,False,
1400,0.0675,0.040000000000000036,0.3,0.17820000648498535,0.17820000648498535,0.17819997668266296,0.11070000648498535,1.1975015202939514e-18,False,False,
1401,0.0675,0.06,0.3,0.17820000648498535,0.17820000648498535,0.17819997668266296,0.11070000648498535,1.1975015202939514e-18,False,False,
1402,0.0675,0.08000000000000002,0.3,0.17820000648498535,0.17820000648498535,0.17819997668266296,0.11070000648498535,1.1975015202939514e-18,False,False,
1403,0.0675,0.10000000000000003,0.3,0.17820000648498535,0.17820000648498535,0.17819997668266296,0.11070000648498535,1.1975015202939514e-18,False,False,
1404,0.0675,0.12000000000000005,0.3,0.17820000648498535,0.17820000648498535,0.17819997668266296,0.11070000648498535,1.1975015202939514e-18,False,False,
1405,0.0675,0.14000000000000007,0.3,0.17820000648498535,0.17820000648498535,0.17819997668266296,0.11070000648498535,1.1975015202939514e-18,False,False,
1406,0.0675,0.15999999999999998,0.3,0.17820000648498535,0.17820000648498535,0.17819997668266296,0.11070000648498535,1.1975015202939514e-18,False,False,
1407,0.0675,0.18,0.3,0.17820000648498535,0.17820000648498535,0.17819997668266296,0.11070000648498535,1.1975015202939514e-18,False,False,
1408,0.0675,0.2,0.3,0.17820000648498535,0.17820000648498535,0.17819997668266296,0.11070000648498535,1.1975015202939514e-18,False,False,
1409,0.0675,0.22000000000000003,0.3,0.17820000648498535,0.17820000648498535,0.17819997668266296,0.11070000648498535,1.1975015202939514e-18,False,False,
1410,0.0675,0.24000000000000005,0.3,0.17820000648498535,0.17820000648498535,0.17819997668266296,0.11070000648498535,1.1975015202939514e-18,False,False,
1411,0.0675,0.26000000000000006,0.3,0.17820000648498535,0.17820000648498535,0.17819997668266296,0.11070000648498535,1.1975015202939514e-18,False,False,
1412,0.0675,0.2800000000000001,0.3,0.17820000648498535,0.17820000648498535,0.17819997668266296,0.11070000648498535,1.1975015202939514e-18,False,False,
1413,0.0675,0.3,0.3,0.17820000648498535,0.17820000648498535,0.17819997668266296,0.11070000648498535,1.1975015202939514e-18,False,False,
1414,0.0675,0.32,0.3,0.17820000648498535,0.17820000648498535,0.17819997668266296,0.11070000648498535,1.1975015202939514e-18,False,False,
1415,0.0675,0.34,0.3,0.17820000648498535,0.17820000648498535,0.17819997668266296,0.11070000648498535,1.1975015202939514e-18,False,False,
1416,0.0675,0.36000000000000004,0.3,0.17820000648498535,0.17820000648498535,0.17819997668266296,0.11070000648498535,1.1975015202939514e-18,False,False,
1417,0.0675,0.38000000000000006,0.3,0.17820000648498535,0.17820000648498535,0.17819997668266296,0.11070000648498535,1.1975015202939514e-18,False,False,
1418,0.0675,0.4000000000000001,0.3,0.17820000648498535,0.17820000648498535,0.17819997668266296,0.11070000648498535,1.1975015202939514e-18,False,False,
1419,0.0675,0.42,0.3,0.17820000648498535,0.17820000648498535,0.17819997668266296,0.11070000648498535,1.1975015202939514e-18,False,False,
1420,0.0675,-0.42,0.32,0.17820000648498535,0.17820000648498535,0.17819997668266296,0.11070000648498535,1.1975015202939514e-18,False,False,
1421,0.0675,-0.39999999999999997,0.32,0.17820000648498535,0.17820000648498535,0.17819997668266296,0.11070000648498535,1.1975015202939514e-18,False,False,
1422,0.0675,-0.38,0.32,0.17820000648498535,0.17820000648498535,0.17819997668266296,0.11070000648498535,1.1975015202939514e-18,False,False,
1423,0.0675,-0.36,0.32,0.17820000648498535,0.17820000648498535,0.17819997668266296,0.11070000648498535,1.1975015202939514e-18,False,False,
1424,0.0675,-0.33999999999999997,0.32,0.17820000648498535,0.17820000648498535,0.17819997668266296,0.11070000648498535,1.1975015202939514e-18,False,False,
1425,0.0675,-0.31999999999999995,0.32,0.17820000648498535,0.17820000648498535,0.17819997668266296,0.11070000648498535,1.1975015202939514e-18,False,False,
1426,0.0675,-0.3,0.32,0.17820000648498535,0.17820000648498535,0.17819997668266296,0.11070000648498535,1.1975015202939514e-18,False,False,
1427,0.0675,-0.27999999999999997,0.32,0.17820000648498535,0.17820000648498535,0.17819997668266296,0.11070000648498535,1.1975015202939514e-18,False,False,
1428,0.0675,-0.26,0.32,0.17820000648498535,0.17820000648498535,0.17819997668266296,0.11070000648498535,1.1975015202939514e-18,False,False,
1429,0.0675,-0.24,0.32,0.17820000648498535,0.17820000648498535,0.17819997668266296,0.11070000648498535,1.1975015202939514e-18,False,False,
1430,0.0675,-0.21999999999999997,0.32,0.17820000648498535,0.17820000648498535,0.17819997668266296,0.11070000648498535,1.1975015202939514e-18,False,False,
1431,0.0675,-0.19999999999999998,0.32,0.17820000648498535,0.17820000648498535,0.17819997668266296,0.11070000648498535,1.1975015202939514e-18,False,False,
1432,0.0675,-0.18,0.32,0.17820000648498535,0.17820000648498535,0.17819997668266296,0.11070000648498535,1.1975015202939514e-18,False,False,
1433,0.0675,-0.15999999999999998,0.32,0.17820000648498535,0.17820000648498535,0.17819997668266296,0.11070000648498535,1.1975015202939514e-18,False,False,
1434,0.0675,-0.13999999999999996,0.32,0.17820000648498535,0.17820000648498535,0.17819997668266296,0.11070000648498535,1.1975015202939514e-18,False,False,
1435,0.0675,-0.12,0.32,0.17820000648498535,0.17820000648498535,0.17819997668266296,0.11070000648498535,1.1975015202939514e-18,False,False,
1436,0.0675,-0.09999999999999998,0.32,0.17820000648498535,0.17820000648498535,0.17819997668266296,0.11070000648498535,1.1975015202939514e-18,False,False,
1437,0.0675,-0.07999999999999996,0.32,0.17820000648498535,0.17820000648498535,0.17819997668266296,0.11070000648498535,1.1975015202939514e-18,False,False,
1438,0.0675,-0.06,0.32,0.17820000648498535,0.17820000648498535,0.17819997668266296,0.11070000648498535,1.1975015202939514e-18,False,False,
1439,0.0675,-0.03999999999999998,0.32,0.17820000648498535,0.17820000648498535,0.17819997668266296,0.11070000648498535,1.1975015202939514e-18,False,False,
1440,0.0675,-0.019999999999999962,0.32,0.17820000648498535,0.17820000648498535,0.17819997668266296,0.11070000648498535,1.1975015202939514e-18,False,False,
1441,0.0675,0.0,0.32,0.17820000648498535,0.17820000648498535,0.17819997668266296,0.11070000648498535,1.1975015202939514e-18,False,False,
1442,0.0675,0.020000000000000018,0.32,0.17820000648498535,0.17820000648498535,0.17819997668266296,0.11070000648498535,1.1975015202939514e-18,False,False,
1443,0.0675,0.040000000000000036,0.32,0.17820000648498535,0.17820000648498535,0.17819997668266296,0.11070000648498535,1.1975015202939514e-18,False,False,
1444,0.0675,0.06,0.32,0.17820000648498535,0.17820000648498535,0.17819997668266296,0.11070000648498535,1.1975015202939514e-18,False,False,
1445,0.0675,0.08000000000000002,0.32,0.17820000648498535,0.17820000648498535,0.17819997668266296,0.11070000648498535,1.1975015202939514e-18,False,False,
1446,0.0675,0.10000000000000003,0.32,0.17820000648498535,0.17820000648498535,0.17819997668266296,0.11070000648498535,1.1975015202939514e-18,False,False,
1447,0.0675,0.12000000000000005,0.32,0.17820000648498535,0.17820000648498535,0.17819997668266296,0.11070000648498535,1.1975015202939514e-18,False,False,
1448,0.0675,0.14000000000000007,0.32,0.17820000648498535,0.17820000648498535,0.17819997668266296,0.11070000648498535,1.1975015202939514e-18,False,False,
1449,0.0675,0.15999999999999998,0.32,0.17820000648498535,0.17820000648498535,0.17819997668266296,0.11070000648498535,1.1975015202939514e-18,False,False,
1450,0.0675,0.18,0.32,0.17820000648498535,0.17820000648498535,0.17819997668266296,0.11070000648498535,1.1975015202939514e-18,False,False,
1451,0.0675,0.2,0.32,0.17820000648498535,0.17820000648498535,0.17819997668266296,0.11070000648498535,1.1975015202939514e-18,False,False,
1452,0.0675,0.22000000000000003,0.32,0.17820000648498535,0.17820000648498535,0.17819997668266296,0.11070000648498535,1.1975015202939514e-18,False,False,
1453,0.0675,0.24000000000000005,0.32,0.17820000648498535,0.17820000648498535,0.17819997668266296,0.11070000648498535,1.1975015202939514e-18,False,False,
1454,0.0675,0.26000000000000006,0.32,0.17820000648498535,0.17820000648498535,0.17819997668266296,0.11070000648498535,1.1975015202939514e-18,False,False,
1455,0.0675,0.2800000000000001,0.32,0.17820000648498535,0.17820000648498535,0.17819997668266296,0.11070000648498535,1.1975015202939514e-18,False,False,
1456,0.0675,0.3,0.32,0.17820000648498535,0.17820000648498535,0.17819997668266296,0.11070000648498535,1.1975015202939514e-18,False,False,
1457,0.0675,0.32,0.32,0.17820000648498535,0.17820000648498535,0.17819997668266296,0.11070000648498535,1.1975015202939514e-18,False,False,
1458,0.0675,0.34,0.32,0.17820000648498535,0.17820000648498535,0.17819997668266296,0.11070000648498535,1.1975015202939514e-18,False,False,
1459,0.0675,0.36000000000000004,0.32,0.17820000648498535,0.17820000648498535,0.17819997668266296,0.11070000648498535,1.1975015202939514e-18,False,False,
1460,0.0675,0.38000000000000006,0.32,0.17820000648498535,0.17820000648498535,0.17819997668266296,0.11070000648498535,1.1975015202939514e-18,False,False,
1461,0.0675,0.4000000000000001,0.32,0.17820000648498535,0.17820000648498535,0.17819997668266296,0.11070000648498535,1.1975015202939514e-18,False,False,
1462,0.0675,0.42,0.32,0.17820000648498535,0.17820000648498535,0.17819997668266296,0.11070000648498535,1.1975015202939514e-18,False,False,
1463,0.0675,-0.42,0.34,0.17820000648498535,0.17820000648498535,0.17819997668266296,0.11070000648498535,1.1975015202939514e-18,False,False,
1464,0.0675,-0.39999999999999997,0.34,0.17820000648498535,0.17820000648498535,0.17819997668266296,0.11070000648498535,1.1975015202939514e-18,False,False,
1465,0.0675,-0.38,0.34,0.17820000648498535,0.17820000648498535,0.17819997668266296,0.11070000648498535,1.1975015202939514e-18,False,False,
1466,0.0675,-0.36,0.34,0.17820000648498535,0.17820000648498535,0.17819997668266296,0.11070000648498535,1.1975015202939514e-18,False,False,
1467,0.0675,-0.33999999999999997,0.34,0.17820000648498535,0.17820000648498535,0.17819997668266296,0.11070000648498535,1.1975015202939514e-18,False,False,
1468,0.0675,-0.31999999999999995,0.34,0.17820000648498535,0.17820000648498535,0.17819997668266296,0.11070000648498535,1.1975015202939514e-18,False,False,
1469,0.0675,-0.3,0.34,0.17820000648498535,0.17820000648498535,0.17819997668266296,0.11070000648498535,1.1975015202939514e-18,False,False,
1470,0.0675,-0.27999999999999997,0.34,0.17820000648498535,0.17820000648498535,0.17819997668266296,0.11070000648498535,1.1975015202939514e-18,False,False,
1471,0.0675,-0.26,0.34,0.17820000648498535,0.17820000648498535,0.17819997668266296,0.11070000648498535,1.1975015202939514e-18,False,False,
1472,0.0675,-0.24,0.34,0.17820000648498535,0.17820000648498535,0.17819997668266296,0.11070000648498535,1.1975015202939514e-18,False,False,
1473,0.0675,-0.21999999999999997,0.34,0.17820000648498535,0.17820000648498535,0.17819997668266296,0.11070000648498535,1.1975015202939514e-18,False,False,
1474,0.0675,-0.19999999999999998,0.34,0.17820000648498535,0.17820000648498535,0.17819997668266296,0.11070000648498535,1.1975015202939514e-18,False,False,
1475,0.0675,-0.18,0.34,0.17820000648498535,0.17820000648498535,0.17819997668266296,0.11070000648498535,1.1975015202939514e-18,False,False,
1476,0.0675,-0.15999999999999998,0.34,0.17820000648498535,0.17820000648498535,0.17819997668266296,0.11070000648498535,1.1975015202939514e-18,False,False,
1477,0.0675,-0.13999999999999996,0.34,0.17820000648498535,0.17820000648498535,0.17819997668266296,0.11070000648498535,1.1975015202939514e-18,False,False,
1478,0.0675,-0.12,0.34,0.17820000648498535,0.17820000648498535,0.17819997668266296,0.11070000648498535,1.1975015202939514e-18,False,False,
1479,0.0675,-0.09999999999999998,0.34,0.17820000648498535,0.17820000648498535,0.17819997668266296,0.11070000648498535,1.1975015202939514e-18,False,False,
1480,0.0675,-0.07999999999999996,0.34,0.17820000648498535,0.17820000648498535,0.17819997668266296,0.11070000648498535,1.1975015202939514e-18,False,False,
1481,0.0675,-0.06,0.34,0.17820000648498535,0.17820000648498535,0.17819997668266296,0.11070000648498535,1.1975015202939514e-18,False,False,
1482,0.0675,-0.03999999999999998,0.34,0.17820000648498535,0.17820000648498535,0.17819997668266296,0.11070000648498535,1.1975015202939514e-18,False,False,
1483,0.0675,-0.019999999999999962,0.34,0.17820000648498535,0.17820000648498535,0.17819997668266296,0.11070000648498535,1.1975015202939514e-18,False,False,
1484,0.0675,0.0,0.34,0.17820000648498535,0.17820000648498535,0.17819997668266296,0.11070000648498535,1.1975015202939514e-18,False,False,
1485,0.0675,0.020000000000000018,0.34,0.17820000648498535,0.17820000648498535,0.17819997668266296,0.11070000648498535,1.1975015202939514e-18,False,False,
1486,0.0675,0.040000000000000036,0.34,0.17820000648498535,0.17820000648498535,0.17819997668266296,0.11070000648498535,1.1975015202939514e-18,False,False,
1487,0.0675,0.06,0.34,0.17820000648498535,0.17820000648498535,0.17819997668266296,0.11070000648498535,1.1975015202939514e-18,False,False,
1488,0.0675,0.08000000000000002,0.34,0.17820000648498535,0.17820000648498535,0.17819997668266296,0.11070000648498535,1.1975015202939514e-18,False,False,
1489,0.0675,0.10000000000000003,0.34,0.17820000648498535,0.17820000648498535,0.17819997668266296,0.11070000648498535,1.1975015202939514e-18,False,False,
1490,0.0675,0.12000000000000005,0.34,0.17820000648498535,0.17820000648498535,0.17819997668266296,0.11070000648498535,1.1975015202939514e-18,False,False,
1491,0.0675,0.14000000000000007,0.34,0.17820000648498535,0.17820000648498535,0.17819997668266296,0.11070000648498535,1.1975015202939514e-18,False,False,
1492,0.0675,0.15999999999999998,0.34,0.17820000648498535,0.17820000648498535,0.17819997668266296,0.11070000648498535,1.1975015202939514e-18,False,False,
1493,0.0675,0.18,0.34,0.17820000648498535,0.17820000648498535,0.17819997668266296,0.11070000648498535,1.1975015202939514e-18,False,False,
1494,0.0675,0.2,0.34,0.17820000648498535,0.17820000648498535,0.17819997668266296,0.11070000648498535,1.1975015202939514e-18,False,False,
1495,0.0675,0.22000000000000003,0.34,0.17820000648498535,0.17820000648498535,0.17819997668266296,0.11070000648498535,1.1975015202939514e-18,False,False,
1496,0.0675,0.24000000000000005,0.34,0.17820000648498535,0.17820000648498535,0.17819997668266296,0.11070000648498535,1.1975015202939514e-18,False,False,
1497,0.0675,0.26000000000000006,0.34,0.17820000648498535,0.17820000648498535,0.17819997668266296,0.11070000648498535,1.1975015202939514e-18,False,False,
1498,0.0675,0.2800000000000001,0.34,0.17820000648498535,0.17820000648498535,0.17819997668266296,0.11070000648498535,1.1975015202939514e-18,False,False,
1499,0.0675,0.3,0.34,0.17820000648498535,0.17820000648498535,0.17819997668266296,0.11070000648498535,1.1975015202939514e-18,False,False,
1500,0.0675,0.32,0.34,0.17820000648498535,0.17820000648498535,0.17819997668266296,0.11070000648498535,1.1975015202939514e-18,False,False,
1501,0.0675,0.34,0.34,0.17820000648498535,0.17820000648498535,0.17819997668266296,0.11070000648498535,1.1975015202939514e-18,False,False,
1502,0.0675,0.36000000000000004,0.34,0.17820000648498535,0.17820000648498535,0.17819997668266296,0.11070000648498535,1.1975015202939514e-18,False,False,
1503,0.0675,0.38000000000000006,0.34,0.17820000648498535,0.17820000648498535,0.17819997668266296,0.11070000648498535,1.1975015202939514e-18,False,False,
1504,0.0675,0.4000000000000001,0.34,0.17820000648498535,0.17820000648498535,0.17819997668266296,0.11070000648498535,1.1975015202939514e-18,False,False,
1505,0.0675,0.42,0.34,0.17820000648498535,0.17820000648498535,0.17819997668266296,0.11070000648498535,1.1975015202939514e-18,False,False,
