qpos_m,basket_offset_x_m,basket_offset_y_m,primary_oracle_contact,reverse_oracle_contact,contact_label_match,primary_oracle_penetration,reverse_oracle_penetration,penetration_label_match,primary_static_contact,reverse_static_contact,static_label_match,reverse_min_separation_m,reverse_one_step_displacement_m,reverse_contact_body_names
0.135,0.42,0.34,False,False,True,False,False,True,False,False,True,,2.9802322387695312e-08,link_1|link_2|link_3
0.135,0.4000000000000001,0.34,False,False,True,False,False,True,False,False,True,,2.9802322387695312e-08,link_1|link_2|link_3
0.135,0.38000000000000006,0.34,False,False,True,False,False,True,False,False,True,,2.9802322387695312e-08,link_1|link_2|link_3
0.135,0.36000000000000004,0.34,False,False,True,False,False,True,False,False,True,,2.9802322387695312e-08,link_1|link_2|link_3
0.135,0.34,0.34,False,False,True,False,False,True,False,False,True,,2.9802322387695312e-08,link_1|link_2|link_3
0.135,0.32,0.34,False,False,True,False,False,True,False,False,True,,2.9802322387695312e-08,link_1|link_2|link_3
0.135,0.3,0.34,False,False,True,False,False,True,False,False,True,,2.9802322387695312e-08,link_1|link_2|link_3
0.135,0.2800000000000001,0.34,False,False,True,False,False,True,False,False,True,,2.9802322387695312e-08,link_1|link_2|link_3
0.135,0.26000000000000006,0.34,False,False,True,False,False,True,False,False,True,,2.9802322387695312e-08,link_1|link_2|link_3
0.135,0.24000000000000005,0.34,False,False,True,False,False,True,False,False,True,,2.9802322387695312e-08,link_1|link_2|link_3
0.135,0.22000000000000003,0.34,False,False,True,False,False,True,False,False,True,,2.9802322387695312e-08,link_1|link_2|link_3
0.135,0.2,0.34,False,False,True,False,False,True,False,False,True,,2.9802322387695312e-08,link_1|link_2|link_3
0.135,0.18,0.34,False,False,True,False,False,True,False,False,True,,2.9802322387695312e-08,link_1|link_2|link_3
0.135,0.15999999999999998,0.34,False,False,True,False,False,True,False,False,True,,2.9802322387695312e-08,link_1|link_2|link_3
0.135,0.14000000000000007,0.34,False,False,True,False,False,True,False,False,True,,2.9802322387695312e-08,link_1|link_2|link_3
0.135,0.12000000000000005,0.34,False,False,True,False,False,True,False,False,True,,2.9802322387695312e-08,link_1|link_2|link_3
0.135,0.10000000000000003,0.34,False,False,True,False,False,True,False,False,True,,2.9802322387695312e-08,link_1|link_2|link_3
0.135,0.08000000000000002,0.34,False,False,True,False,False,True,False,False,True,,2.9802322387695312e-08,link_1|link_2|link_3
0.135,0.06,0.34,False,False,True,False,False,True,False,False,True,,2.9802322387695312e-08,link_1|link_2|link_3
0.135,0.040000000000000036,0.34,False,False,True,False,False,True,False,False,True,,2.9802322387695312e-08,link_1|link_2|link_3
0.135,0.020000000000000018,0.34,False,False,True,False,False,True,False,False,True,,2.9802322387695312e-08,link_1|link_2|link_3
0.135,0.0,0.34,False,False,True,False,False,True,False,False,True,,2.9802322387695312e-08,link_1|link_2|link_3
0.135,-0.019999999999999962,0.34,False,False,True,False,False,True,False,False,True,,2.9802322387695312e-08,link_1|link_2|link_3
0.135,-0.03999999999999998,0.34,False,False,True,False,False,True,False,False,True,,2.9802322387695312e-08,link_1|link_2|link_3
0.135,-0.06,0.34,False,False,True,False,False,True,False,False,True,,2.9802322387695312e-08,link_1|link_2|link_3
0.135,-0.07999999999999996,0.34,False,False,True,False,False,True,False,False,True,,2.9802322387695312e-08,link_1|link_2|link_3
0.135,-0.09999999999999998,0.34,False,False,True,False,False,True,False,False,True,,2.980237923100575e-08,link_1|link_2|link_3
0.135,-0.12,0.34,False,False,True,False,False,True,False,False,True,,2.9802322387695312e-08,link_1|link_2|link_3
0.135,-0.13999999999999996,0.34,False,False,True,False,False,True,False,False,True,,2.9802322387695312e-08,link_1|link_2|link_3
0.135,-0.15999999999999998,0.34,False,False,True,False,False,True,False,False,True,,2.9802322387695312e-08,link_1|link_2|link_3
0.135,-0.18,0.34,False,False,True,False,False,True,False,False,True,,2.9802322387695312e-08,link_1|link_2|link_3
0.135,-0.19999999999999998,0.34,False,False,True,False,False,True,False,False,True,,2.9802322387695312e-08,link_1|link_2|link_3
0.135,-0.21999999999999997,0.34,False,False,True,False,False,True,False,False,True,,2.9802322387695312e-08,link_1|link_2|link_3
0.135,-0.24,0.34,False,False,True,False,False,True,False,False,True,,2.9802322387695312e-08,link_1|link_2|link_3
0.135,-0.26,0.34,False,False,True,False,False,True,False,False,True,,2.9802322387695312e-08,link_1|link_2|link_3
0.135,-0.27999999999999997,0.34,False,False,True,False,False,True,False,False,True,,2.9802322387695312e-08,link_1|link_2|link_3
0.135,-0.3,0.34,False,False,True,False,False,True,False,False,True,,2.9802322387695312e-08,link_1|link_2|link_3
0.135,-0.31999999999999995,0.34,False,False,True,False,False,True,False,False,True,,2.9802322387695312e-08,link_1|link_2|link_3
0.135,-0.33999999999999997,0.34,False,False,True,False,False,True,False,False,True,,2.9802322387695312e-08,link_1|link_2|link_3
0.135,-0.36,0.34,False,False,True,False,False,True,False,False,True,,2.9802322387695312e-08,link_1|link_2|link_3
0.135,-0.38,0.34,False,False,True,False,False,True,False,False,True,,2.9802322387695312e-08,link_1|link_2|link_3
0.135,-0.39999999999999997,0.34,False,False,True,False,False,True,False,False,True,,2.9802322387695312e-08,link_1|link_2|link_3
0.135,-0.42,0.34,False,False,True,False,False,True,False,False,True,,2.9802322387695312e-08,link_1|link_2|link_3
0.135,0.42,0.32,False,False,True,False,False,True,False,False,True,,2.9802322387695312e-08,link_1|link_2|link_3
0.135,0.4000000000000001,0.32,False,False,True,False,False,True,False,False,True,,2.9802322387695312e-08,link_1|link_2|link_3
0.135,0.38000000000000006,0.32,False,False,True,False,False,True,False,False,True,,2.9802322387695312e-08,link_1|link_2|link_3
0.135,0.36000000000000004,0.32,False,False,True,False,False,True,False,False,True,,2.9802322387695312e-08,link_1|link_2|link_3
0.135,0.34,0.32,False,False,True,False,False,True,False,False,True,,2.9802322387695312e-08,link_1|link_2|link_3
0.135,0.32,0.32,False,False,True,False,False,True,False,False,True,,2.9802322387695312e-08,link_1|link_2|link_3
0.135,0.3,0.32,False,False,True,False,False,True,False,False,True,,2.9802322387695312e-08,link_1|link_2|link_3
0.135,0.2800000000000001,0.32,False,False,True,False,False,True,False,False,True,,2.9802322387695312e-08,link_1|link_2|link_3
0.135,0.26000000000000006,0.32,False,False,True,False,False,True,False,False,True,,2.9802322387695312e-08,link_1|link_2|link_3
0.135,0.24000000000000005,0.32,False,False,True,False,False,True,False,False,True,,2.9802322387695312e-08,link_1|link_2|link_3
0.135,0.22000000000000003,0.32,False,False,True,False,False,True,False,False,True,,2.9802322387695312e-08,link_1|link_2|link_3
0.135,0.2,0.32,False,False,True,False,False,True,False,False,True,,2.9802322387695312e-08,link_1|link_2|link_3
0.135,0.18,0.32,False,False,True,False,False,True,False,False,True,,2.9802322387695312e-08,link_1|link_2|link_3
0.135,0.15999999999999998,0.32,False,False,True,False,False,True,False,False,True,,2.9802322387695312e-08,link_1|link_2|link_3
0.135,0.14000000000000007,0.32,False,False,True,False,False,True,False,False,True,,2.9802322387695312e-08,link_1|link_2|link_3
0.135,0.12000000000000005,0.32,False,False,True,False,False,True,False,False,True,,2.9802322387695312e-08,link_1|link_2|link_3
0.135,0.10000000000000003,0.32,False,False,True,False,False,True,False,False,True,,2.9802322387695312e-08,link_1|link_2|link_3
0.135,0.08000000000000002,0.32,False,False,True,False,False,True,False,False,True,,2.9802322387695312e-08,link_1|link_2|link_3
0.135,0.06,0.32,False,False,True,False,False,True,False,False,True,,2.9802322387695312e-08,link_1|link_2|link_3
0.135,0.040000000000000036,0.32,False,False,True,False,False,True,False,False,True,,2.9802322387695312e-08,link_1|link_2|link_3
0.135,0.020000000000000018,0.32,False,False,True,False,False,True,False,False,True,,2.9802322387695312e-08,link_1|link_2|link_3
0.135,0.0,0.32,False,False,True,False,False,True,False,False,True,,2.9802322387695312e-08,link_1|link_2|link_3
0.135,-0.019999999999999962,0.32,False,False,True,False,False,True,False,False,True,,2.9802322387695312e-08,link_1|link_2|link_3
0.135,-0.03999999999999998,0.32,False,False,True,False,False,True,False,False,True,,2.9802322387695312e-08,link_1|link_2|link_3
0.135,-0.06,0.32,False,False,True,False,False,True,False,False,True,,2.9802322387695312e-08,link_1|link_2|link_3
0.135,-0.07999999999999996,0.32,False,False,True,False,False,True,False,False,True,,2.9802322387695312e-08,link_1|link_2|link_3
0.135,-0.09999999999999998,0.32,False,False,True,False,False,True,False,False,True,,2.980237923100575e-08,link_1|link_2|link_3
0.135,-0.12,0.32,False,False,True,False,False,True,False,False,True,,2.9802322387695312e-08,link_1|link_2|link_3
0.135,-0.13999999999999996,0.32,False,False,True,False,False,True,False,False,True,,2.9802322387695312e-08,link_1|link_2|link_3
0.135,-0.15999999999999998,0.32,False,False,True,False,False,True,False,False,True,,2.9802322387695312e-08,link_1|link_2|link_3
0.135,-0.18,0.32,False,False,True,False,False,True,False,False,True,,2.9802322387695312e-08,link_1|link_2|link_3
0.135,-0.19999999999999998,0.32,False,False,True,False,False,True,False,False,True,,2.9802322387695312e-08,link_1|link_2|link_3
0.135,-0.21999999999999997,0.32,False,False,True,False,False,True,False,False,True,,2.9802322387695312e-08,link_1|link_2|link_3
0.135,-0.24,0.32,False,False,True,False,False,True,False,False,True,,2.9802322387695312e-08,link_1|link_2|link_3
0.135,-0.26,0.32,False,False,True,False,False,True,False,False,True,,2.9802322387695312e-08,link_1|link_2|link_3
0.135,-0.27999999999999997,0.32,False,False,True,False,False,True,False,False,True,,2.9802322387695312e-08,link_1|link_2|link_3
0.135,-0.3,0.32,False,False,True,False,False,True,False,False,True,,2.9802322387695312e-08,link_1|link_2|link_3
0.135,-0.31999999999999995,0.32,False,False,True,False,False,True,False,False,True,,2.9802322387695312e-08,link_1|link_2|link_3
0.135,-0.33999999999999997,0.32,False,False,True,False,False,True,False,False,True,,2.9802322387695312e-08,link_1|link_2|link_3
0.135,-0.36,0.32,False,False,True,False,False,True,False,False,True,,2.9802322387695312e-08,link_1|link_2|link_3
0.135,-0.38,0.32,False,False,True,False,False,True,False,False,True,,2.9802322387695312e-08,link_1|link_2|link_3
0.135,-0.39999999999999997,0.32,False,False,True,False,False,True,False,False,True,,2.9802322387695312e-08,link_1|link_2|link_3
0.135,-0.42,0.32,False,False,True,False,False,True,False,False,True,,2.9802322387695312e-08,link_1|link_2|link_3
0.135,0.42,0.3,False,False,True,False,False,True,False,False,True,,2.9802322387695312e-08,link_1|link_2|link_3
0.135,0.4000000000000001,0.3,False,False,True,False,False,True,False,False,True,,2.9802322387695312e-08,link_1|link_2|link_3
0.135,0.38000000000000006,0.3,False,False,True,False,False,True,False,False,True,,2.9802322387695312e-08,link_1|link_2|link_3
0.135,0.36000000000000004,0.3,False,False,True,False,False,True,False,False,True,,2.9802322387695312e-08,link_1|link_2|link_3
0.135,0.34,0.3,False,False,True,False,False,True,False,False,True,,2.9802322387695312e-08,link_1|link_2|link_3
0.135,0.32,0.3,False,False,True,False,False,True,False,False,True,,2.9802322387695312e-08,link_1|link_2|link_3
0.135,0.3,0.3,False,False,True,False,False,True,False,False,True,,2.9802322387695312e-08,link_1|link_2|link_3
0.135,0.2800000000000001,0.3,False,False,True,False,False,True,False,False,True,,2.9802322387695312e-08,link_1|link_2|link_3
0.135,0.26000000000000006,0.3,False,False,True,False,False,True,False,False,True,,2.9802322387695312e-08,link_1|link_2|link_3
0.135,0.24000000000000005,0.3,False,False,True,False,False,True,False,False,True,,2.9802322387695312e-08,link_1|link_2|link_3
0.135,0.22000000000000003,0.3,False,False,True,False,False,True,False,False,True,,2.9802322387695312e-08,link_1|link_2|link_3
0.135,0.2,0.3,False,False,True,False,False,True,False,False,True,,2.9802322387695312e-08,link_1|link_2|link_3
0.135,0.18,0.3,False,False,True,False,False,True,False,False,True,,2.9802322387695312e-08,link_1|link_2|link_3
0.135,0.15999999999999998,0.3,False,False,True,False,False,True,False,False,True,,2.9802322387695312e-08,link_1|link_2|link_3
0.135,0.14000000000000007,0.3,False,False,True,False,False,True,False,False,True,,2.9802322387695312e-08,link_1|link_2|link_3
0.135,0.12000000000000005,0.3,False,False,True,False,False,True,False,False,True,,2.9802322387695312e-08,link_1|link_2|link_3
0.135,0.10000000000000003,0.3,False,False,True,False,False,True,False,False,True,,2.9802322387695312e-08,link_1|link_2|link_3
0.135,0.08000000000000002,0.3,False,False,True,False,False,True,False,False,True,,2.9802322387695312e-08,link_1|link_2|link_3
0.135,0.06,0.3,False,False,True,False,False,True,False,False,True,,2.9802322387695312e-08,link_1|link_2|link_3
0.135,0.040000000000000036,0.3,False,False,True,False,False,True,False,False,True,,2.9802322387695312e-08,link_1|link_2|link_3
0.135,0.020000000000000018,0.3,False,False,True,False,False,True,False,False,True,,2.9802322387695312e-08,link_1|link_2|link_3
0.135,0.0,0.3,False,False,True,False,False,True,False,False,True,,2.9802322387695312e-08,link_1|link_2|link_3
0.135,-0.019999999999999962,0.3,False,False,True,False,False,True,False,False,True,,2.9802322387695312e-08,link_1|link_2|link_3
0.135,-0.03999999999999998,0.3,False,False,True,False,False,True,False,False,True,,2.9802322387695312e-08,link_1|link_2|link_3
0.135,-0.06,0.3,False,False,True,False,False,True,False,False,True,,2.9802322387695312e-08,link_1|link_2|link_3
0.135,-0.07999999999999996,0.3,False,False,True,False,False,True,False,False,True,,2.9802322387695312e-08,link_1|link_2|link_3
0.135,-0.09999999999999998,0.3,False,False,True,False,False,True,False,False,True,,2.980237923100575e-08,link_1|link_2|link_3
0.135,-0.12,0.3,False,False,True,False,False,True,False,False,True,,2.9802322387695312e-08,link_1|link_2|link_3
0.135,-0.13999999999999996,0.3,False,False,True,False,False,True,False,False,True,,2.9802322387695312e-08,link_1|link_2|link_3
0.135,-0.15999999999999998,0.3,False,False,True,False,False,True,False,False,True,,2.9802322387695312e-08,link_1|link_2|link_3
0.135,-0.18,0.3,False,False,True,False,False,True,False,False,True,,2.9802322387695312e-08,link_1|link_2|link_3
0.135,-0.19999999999999998,0.3,False,False,True,False,False,True,False,False,True,,2.9802322387695312e-08,link_1|link_2|link_3
0.135,-0.21999999999999997,0.3,False,False,True,False,False,True,False,False,True,,2.9802322387695312e-08,link_1|link_2|link_3
0.135,-0.24,0.3,False,False,True,False,False,True,False,False,True,,2.9802322387695312e-08,link_1|link_2|link_3
0.135,-0.26,0.3,False,False,True,False,False,True,False,False,True,,2.9802322387695312e-08,link_1|link_2|link_3
0.135,-0.27999999999999997,0.3,False,False,True,False,False,True,False,False,True,,2.9802322387695312e-08,link_1|link_2|link_3
0.135,-0.3,0.3,False,False,True,False,False,True,False,False,True,,2.9802322387695312e-08,link_1|link_2|link_3
0.135,-0.31999999999999995,0.3,False,False,True,False,False,True,False,False,True,,2.9802322387695312e-08,link_1|link_2|link_3
0.135,-0.33999999999999997,0.3,False,False,True,False,False,True,False,False,True,,2.9802322387695312e-08,link_1|link_2|link_3
0.135,-0.36,0.3,False,False,True,False,False,True,False,False,True,,2.9802322387695312e-08,link_1|link_2|link_3
0.135,-0.38,0.3,False,False,True,False,False,True,False,False,True,,2.9802322387695312e-08,link_1|link_2|link_3
0.135,-0.39999999999999997,0.3,False,False,True,False,False,True,False,False,True,,2.9802322387695312e-08,link_1|link_2|link_3
0.135,-0.42,0.3,False,False,True,False,False,True,False,False,True,,2.9802322387695312e-08,link_1|link_2|link_3
0.135,0.42,0.27999999999999997,False,False,True,False,False,True,False,False,True,,2.9802322387695312e-08,link_1|link_2|link_3
0.135,0.4000000000000001,0.27999999999999997,False,False,True,False,False,True,False,False,True,,2.9802322387695312e-08,link_1|link_2|link_3
0.135,0.38000000000000006,0.27999999999999997,False,False,True,False,False,True,False,False,True,,2.9802322387695312e-08,link_1|link_2|link_3
0.135,0.36000000000000004,0.27999999999999997,False,False,True,False,False,True,False,False,True,,2.9802322387695312e-08,link_1|link_2|link_3
0.135,0.34,0.27999999999999997,False,False,True,False,False,True,False,False,True,,2.9802322387695312e-08,link_1|link_2|link_3
0.135,0.32,0.27999999999999997,False,False,True,False,False,True,False,False,True,,2.9802322387695312e-08,link_1|link_2|link_3
0.135,0.3,0.27999999999999997,False,False,True,False,False,True,False,False,True,,2.9802322387695312e-08,link_1|link_2|link_3
0.135,0.2800000000000001,0.27999999999999997,False,False,True,False,False,True,False,False,True,,2.9802322387695312e-08,link_1|link_2|link_3
0.135,0.26000000000000006,0.27999999999999997,False,False,True,False,False,True,False,False,True,,2.9802322387695312e-08,link_1|link_2|link_3
0.135,0.24000000000000005,0.27999999999999997,False,False,True,False,False,True,False,False,True,,2.9802322387695312e-08,link_1|link_2|link_3
0.135,0.22000000000000003,0.27999999999999997,False,False,True,False,False,True,False,False,True,,2.9802322387695312e-08,link_1|link_2|link_3
0.135,0.2,0.27999999999999997,False,False,True,False,False,True,False,False,True,,2.9802322387695312e-08,link_1|link_2|link_3
0.135,0.18,0.27999999999999997,False,False,True,False,False,True,False,False,True,,2.9802322387695312e-08,link_1|link_2|link_3
0.135,0.15999999999999998,0.27999999999999997,False,False,True,False,False,True,False,False,True,,2.9802322387695312e-08,link_1|link_2|link_3
0.135,0.14000000000000007,0.27999999999999997,False,False,True,False,False,True,False,False,True,,2.9802322387695312e-08,link_1|link_2|link_3
0.135,0.12000000000000005,0.27999999999999997,False,False,True,False,False,True,False,False,True,,2.9802322387695312e-08,link_1|link_2|link_3
0.135,0.10000000000000003,0.27999999999999997,False,False,True,False,False,True,False,False,True,,2.9802322387695312e-08,link_1|link_2|link_3
0.135,0.08000000000000002,0.27999999999999997,False,False,True,False,False,True,False,False,True,,2.9802322387695312e-08,link_1|link_2|link_3
0.135,0.06,0.27999999999999997,False,False,True,False,False,True,False,False,True,,2.9802322387695312e-08,link_1|link_2|link_3
0.135,0.040000000000000036,0.27999999999999997,False,False,True,False,False,True,False,False,True,,2.9802322387695312e-08,link_1|link_2|link_3
0.135,0.020000000000000018,0.27999999999999997,False,False,True,False,False,True,False,False,True,,2.9802322387695312e-08,link_1|link_2|link_3
0.135,0.0,0.27999999999999997,False,False,True,False,False,True,False,False,True,,2.9802322387695312e-08,link_1|link_2|link_3
0.135,-0.019999999999999962,0.27999999999999997,False,False,True,False,False,True,False,False,True,,2.9802322387695312e-08,link_1|link_2|link_3
0.135,-0.03999999999999998,0.27999999999999997,False,False,True,False,False,True,False,False,True,,2.9802322387695312e-08,link_1|link_2|link_3
0.135,-0.06,0.27999999999999997,False,False,True,False,False,True,False,False,True,,2.9802322387695312e-08,link_1|link_2|link_3
0.135,-0.07999999999999996,0.27999999999999997,False,False,True,False,False,True,False,False,True,,2.9802322387695312e-08,link_1|link_2|link_3
0.135,-0.09999999999999998,0.27999999999999997,False,False,True,False,False,True,False,False,True,,2.980237923100575e-08,link_1|link_2|link_3
0.135,-0.12,0.27999999999999997,False,False,True,False,False,True,False,False,True,,2.9802322387695312e-08,link_1|link_2|link_3
0.135,-0.13999999999999996,0.27999999999999997,False,False,True,False,False,True,False,False,True,,2.9802322387695312e-08,link_1|link_2|link_3
0.135,-0.15999999999999998,0.27999999999999997,False,False,True,False,False,True,False,False,True,,2.9802322387695312e-08,link_1|link_2|link_3
0.135,-0.18,0.27999999999999997,False,False,True,False,False,True,False,False,True,,2.9802322387695312e-08,link_1|link_2|link_3
0.135,-0.19999999999999998,0.27999999999999997,False,False,True,False,False,True,False,False,True,,2.9802322387695312e-08,link_1|link_2|link_3
0.135,-0.21999999999999997,0.27999999999999997,False,False,True,False,False,True,False,False,True,,2.9802322387695312e-08,link_1|link_2|link_3
0.135,-0.24,0.27999999999999997,False,False,True,False,False,True,False,False,True,,2.9802322387695312e-08,link_1|link_2|link_3
0.135,-0.26,0.27999999999999997,False,False,True,False,False,True,False,False,True,,2.9802322387695312e-08,link_1|link_2|link_3
0.135,-0.27999999999999997,0.27999999999999997,False,False,True,False,False,True,False,False,True,,2.9802322387695312e-08,link_1|link_2|link_3
0.135,-0.3,0.27999999999999997,False,False,True,False,False,True,False,False,True,,2.9802322387695312e-08,link_1|link_2|link_3
0.135,-0.31999999999999995,0.27999999999999997,False,False,True,False,False,True,False,False,True,,2.9802322387695312e-08,link_1|link_2|link_3
0.135,-0.33999999999999997,0.27999999999999997,False,False,True,False,False,True,False,False,True,,2.9802322387695312e-08,link_1|link_2|link_3
0.135,-0.36,0.27999999999999997,False,False,True,False,False,True,False,False,True,,2.9802322387695312e-08,link_1|link_2|link_3
0.135,-0.38,0.27999999999999997,False,False,True,False,False,True,False,False,True,,2.9802322387695312e-08,link_1|link_2|link_3
0.135,-0.39999999999999997,0.27999999999999997,False,False,True,False,False,True,False,False,True,,2.9802322387695312e-08,link_1|link_2|link_3
0.135,-0.42,0.27999999999999997,False,False,True,False,False,True,False,False,True,,2.9802322387695312e-08,link_1|link_2|link_3
0.135,0.42,0.25999999999999995,False,False,True,False,False,True,False,False,True,,2.9802322387695312e-08,link_1|link_2|link_3
0.135,0.4000000000000001,0.25999999999999995,False,False,True,False,False,True,False,False,True,,2.9802322387695312e-08,link_1|link_2|link_3
0.135,0.38000000000000006,0.25999999999999995,False,False,True,False,False,True,False,False,True,,2.9802322387695312e-08,link_1|link_2|link_3
0.135,0.36000000000000004,0.25999999999999995,False,False,True,False,False,True,False,False,True,,2.9802322387695312e-08,link_1|link_2|link_3
0.135,0.34,0.25999999999999995,False,False,True,False,False,True,False,False,True,,2.9802322387695312e-08,link_1|link_2|link_3
0.135,0.32,0.25999999999999995,False,False,True,False,False,True,False,False,True,,2.9802322387695312e-08,link_1|link_2|link_3
0.135,0.3,0.25999999999999995,False,False,True,False,False,True,False,False,True,,2.9802322387695312e-08,link_1|link_2|link_3
0.135,0.2800000000000001,0.25999999999999995,False,False,True,False,False,True,False,False,True,,2.9802322387695312e-08,link_1|link_2|link_3
0.135,0.26000000000000006,0.25999999999999995,False,False,True,False,False,True,False,False,True,,2.9802322387695312e-08,link_1|link_2|link_3
0.135,0.24000000000000005,0.25999999999999995,False,False,True,False,False,True,False,False,True,,2.9802322387695312e-08,link_1|link_2|link_3
0.135,0.22000000000000003,0.25999999999999995,False,False,True,False,False,True,False,False,True,,2.9802322387695312e-08,link_1|link_2|link_3
0.135,0.2,0.25999999999999995,False,False,True,False,False,True,False,False,True,,2.9802322387695312e-08,link_1|link_2|link_3
0.135,0.18,0.25999999999999995,False,False,True,False,False,True,False,False,True,,2.9802322387695312e-08,link_1|link_2|link_3
0.135,0.15999999999999998,0.25999999999999995,False,False,True,False,False,True,False,False,True,,2.9802322387695312e-08,link_1|link_2|link_3
0.135,0.14000000000000007,0.25999999999999995,False,False,True,False,False,True,False,False,True,,2.9802322387695312e-08,link_1|link_2|link_3
0.135,0.12000000000000005,0.25999999999999995,False,False,True,False,False,True,False,False,True,,2.9802322387695312e-08,link_1|link_2|link_3
0.135,0.10000000000000003,0.25999999999999995,False,False,True,False,False,True,False,False,True,,2.9802322387695312e-08,link_1|link_2|link_3
0.135,0.08000000000000002,0.25999999999999995,False,False,True,False,False,True,False,False,True,,2.9802322387695312e-08,link_1|link_2|link_3
0.135,0.06,0.25999999999999995,False,False,True,False,False,True,False,False,True,,2.9802322387695312e-08,link_1|link_2|link_3
0.135,0.040000000000000036,0.25999999999999995,False,False,True,False,False,True,False,False,True,,2.9802322387695312e-08,link_1|link_2|link_3
0.135,0.020000000000000018,0.25999999999999995,False,False,True,False,False,True,False,False,True,,2.9802322387695312e-08,link_1|link_2|link_3
0.135,0.0,0.25999999999999995,False,False,True,False,False,True,False,False,True,,2.9802322387695312e-08,link_1|link_2|link_3
0.135,-0.019999999999999962,0.25999999999999995,False,False,True,False,False,True,False,False,True,,2.9802322387695312e-08,link_1|link_2|link_3
0.135,-0.03999999999999998,0.25999999999999995,False,False,True,False,False,True,False,False,True,,2.9802322387695312e-08,link_1|link_2|link_3
0.135,-0.06,0.25999999999999995,False,False,True,False,False,True,False,False,True,,2.9802322387695312e-08,link_1|link_2|link_3
0.135,-0.07999999999999996,0.25999999999999995,False,False,True,False,False,True,False,False,True,,2.9802322387695312e-08,link_1|link_2|link_3
0.135,-0.09999999999999998,0.25999999999999995,False,False,True,False,False,True,False,False,True,,2.980237923100575e-08,link_1|link_2|link_3
0.135,-0.12,0.25999999999999995,False,False,True,False,False,True,False,False,True,,2.9802322387695312e-08,link_1|link_2|link_3
0.135,-0.13999999999999996,0.25999999999999995,False,False,True,False,False,True,False,False,True,,2.9802322387695312e-08,link_1|link_2|link_3
0.135,-0.15999999999999998,0.25999999999999995,False,False,True,False,False,True,False,False,True,,2.9802322387695312e-08,link_1|link_2|link_3
0.135,-0.18,0.25999999999999995,False,False,True,False,False,True,False,False,True,,2.9802322387695312e-08,link_1|link_2|link_3
0.135,-0.19999999999999998,0.25999999999999995,False,False,True,False,False,True,False,False,True,,2.9802322387695312e-08,link_1|link_2|link_3
0.135,-0.21999999999999997,0.25999999999999995,False,False,True,False,False,True,False,False,True,,2.9802322387695312e-08,link_1|link_2|link_3
0.135,-0.24,0.25999999999999995,False,False,True,False,False,True,False,False,True,,2.9802322387695312e-08,link_1|link_2|link_3
0.135,-0.26,0.25999999999999995,False,False,True,False,False,True,False,False,True,,2.9802322387695312e-08,link_1|link_2|link_3
0.135,-0.27999999999999997,0.25999999999999995,False,False,True,False,False,True,False,False,True,,2.9802322387695312e-08,link_1|link_2|link_3
0.135,-0.3,0.25999999999999995,False,False,True,False,False,True,False,False,True,,2.9802322387695312e-08,link_1|link_2|link_3
0.135,-0.31999999999999995,0.25999999999999995,False,False,True,False,False,True,False,False,True,,2.9802322387695312e-08,link_1|link_2|link_3
0.135,-0.33999999999999997,0.25999999999999995,False,False,True,False,False,True,False,False,True,,2.9802322387695312e-08,link_1|link_2|link_3
0.135,-0.36,0.25999999999999995,False,False,True,False,False,True,False,False,True,,2.9802322387695312e-08,link_1|link_2|link_3
0.135,-0.38,0.25999999999999995,False,False,True,False,False,True,False,False,True,,2.9802322387695312e-08,link_1|link_2|link_3
0.135,-0.39999999999999997,0.25999999999999995,False,False,True,False,False,True,False,False,True,,2.9802322387695312e-08,link_1|link_2|link_3
0.135,-0.42,0.25999999999999995,False,False,True,False,False,True,False,False,True,,2.9802322387695312e-08,link_1|link_2|link_3
0.135,0.42,0.23999999999999994,False,False,True,False,False,True,False,False,True,,2.9802322387695312e-08,link_1|link_2|link_3
0.135,0.4000000000000001,0.23999999999999994,False,False,True,False,False,True,False,False,True,,2.9802322387695312e-08,link_1|link_2|link_3
0.135,0.38000000000000006,0.23999999999999994,False,False,True,False,False,True,False,False,True,,2.9802322387695312e-08,link_1|link_2|link_3
0.135,0.36000000000000004,0.23999999999999994,False,False,True,False,False,True,False,False,True,,2.9802322387695312e-08,link_1|link_2|link_3
0.135,0.34,0.23999999999999994,False,False,True,False,False,True,False,False,True,,2.9802322387695312e-08,link_1|link_2|link_3
0.135,0.32,0.23999999999999994,False,False,True,False,False,True,False,False,True,,2.9802322387695312e-08,link_1|link_2|link_3
0.135,0.3,0.23999999999999994,False,False,True,False,False,True,False,False,True,,2.9802322387695312e-08,link_1|link_2|link_3
0.135,0.2800000000000001,0.23999999999999994,False,False,True,False,False,True,False,False,True,,2.9802322387695312e-08,link_1|link_2|link_3
0.135,0.26000000000000006,0.23999999999999994,False,False,True,False,False,True,False,False,True,,2.9802322387695312e-08,link_1|link_2|link_3
0.135,0.24000000000000005,0.23999999999999994,False,False,True,False,False,True,False,False,True,,2.9802322387695312e-08,link_1|link_2|link_3
0.135,0.22000000000000003,0.23999999999999994,False,False,True,False,False,True,False,False,True,,2.9802322387695312e-08,link_1|link_2|link_3
0.135,0.2,0.23999999999999994,False,False,True,False,False,True,False,False,True,,2.9802322387695312e-08,link_1|link_2|link_3
0.135,0.18,0.23999999999999994,False,False,True,False,False,True,False,False,True,,2.9802322387695312e-08,link_1|link_2|link_3
0.135,0.15999999999999998,0.23999999999999994,False,False,True,False,False,True,False,False,True,,2.9802322387695312e-08,link_1|link_2|link_3
0.135,0.14000000000000007,0.23999999999999994,False,False,True,False,False,True,False,False,True,,2.9802322387695312e-08,link_1|link_2|link_3
0.135,0.12000000000000005,0.23999999999999994,False,False,True,False,False,True,False,False,True,,2.9802322387695312e-08,link_1|link_2|link_3
0.135,0.10000000000000003,0.23999999999999994,False,False,True,False,False,True,False,False,True,,2.9802322387695312e-08,link_1|link_2|link_3
0.135,0.08000000000000002,0.23999999999999994,False,False,True,False,False,True,False,False,True,,2.9802322387695312e-08,link_1|link_2|link_3
0.135,0.06,0.23999999999999994,False,False,True,False,False,True,False,False,True,,2.9802322387695312e-08,link_1|link_2|link_3
0.135,0.040000000000000036,0.23999999999999994,False,False,True,False,False,True,False,False,True,,2.9802322387695312e-08,link_1|link_2|link_3
0.135,0.020000000000000018,0.23999999999999994,False,False,True,False,False,True,False,False,True,,2.9802322387695312e-08,link_1|link_2|link_3
0.135,0.0,0.23999999999999994,False,False,True,False,False,True,False,False,True,,2.9802322387695312e-08,link_1|link_2|link_3
0.135,-0.019999999999999962,0.23999999999999994,False,False,True,False,False,True,False,False,True,,2.9802322387695312e-08,link_1|link_2|link_3
0.135,-0.03999999999999998,0.23999999999999994,False,False,True,False,False,True,False,False,True,,2.9802322387695312e-08,link_1|link_2|link_3
0.135,-0.06,0.23999999999999994,False,False,True,False,False,True,False,False,True,,2.9802322387695312e-08,link_1|link_2|link_3
0.135,-0.07999999999999996,0.23999999999999994,False,False,True,False,False,True,False,False,True,,2.9802322387695312e-08,link_1|link_2|link_3
0.135,-0.09999999999999998,0.23999999999999994,False,False,True,False,False,True,False,False,True,,2.980237923100575e-08,link_1|link_2|link_3
0.135,-0.12,0.23999999999999994,False,False,True,False,False,True,False,False,True,,2.9802322387695312e-08,link_1|link_2|link_3
0.135,-0.13999999999999996,0.23999999999999994,False,False,True,False,False,True,False,False,True,,2.9802322387695312e-08,link_1|link_2|link_3
0.135,-0.15999999999999998,0.23999999999999994,False,False,True,False,False,True,False,False,True,,2.9802322387695312e-08,link_1|link_2|link_3
0.135,-0.18,0.23999999999999994,False,False,True,False,False,True,False,False,True,,2.9802322387695312e-08,link_1|link_2|link_3
0.135,-0.19999999999999998,0.23999999999999994,False,False,True,False,False,True,False,False,True,,2.9802322387695312e-08,link_1|link_2|link_3
0.135,-0.21999999999999997,0.23999999999999994,False,False,True,False,False,True,False,False,True,,2.9802322387695312e-08,link_1|link_2|link_3
0.135,-0.24,0.23999999999999994,False,False,True,False,False,True,False,False,True,,2.9802322387695312e-08,link_1|link_2|link_3
0.135,-0.26,0.23999999999999994,False,False,True,False,False,True,False,False,True,,2.9802322387695312e-08,link_1|link_2|link_3
0.135,-0.27999999999999997,0.23999999999999994,False,False,True,False,False,True,False,False,True,,2.9802322387695312e-08,link_1|link_2|link_3
0.135,-0.3,0.23999999999999994,False,False,True,False,False,True,False,False,True,,2.9802322387695312e-08,link_1|link_2|link_3
0.135,-0.31999999999999995,0.23999999999999994,False,False,True,False,False,True,False,False,True,,2.9802322387695312e-08,link_1|link_2|link_3
0.135,-0.33999999999999997,0.23999999999999994,False,False,True,False,False,True,False,False,True,,2.9802322387695312e-08,link_1|link_2|link_3
0.135,-0.36,0.23999999999999994,False,False,True,False,False,True,False,False,True,,2.9802322387695312e-08,link_1|link_2|link_3
0.135,-0.38,0.23999999999999994,False,False,True,False,False,True,False,False,True,,2.9802322387695312e-08,link_1|link_2|link_3
0.135,-0.39999999999999997,0.23999999999999994,False,False,True,False,False,True,False,False,True,,2.9802322387695312e-08,link_1|link_2|link_3
0.135,-0.42,0.23999999999999994,False,False,True,False,False,True,False,False,True,,2.9802322387695312e-08,link_1|link_2|link_3
0.135,0.42,0.22000000000000003,False,False,True,False,False,True,False,False,True,,2.9802322387695312e-08,link_1|link_2|link_3
0.135,0.4000000000000001,0.22000000000000003,False,False,True,False,False,True,False,False,True,,2.9802322387695312e-08,link_1|link_2|link_3
0.135,0.38000000000000006,0.22000000000000003,False,False,True,False,False,True,False,False,True,,2.9802322387695312e-08,link_1|link_2|link_3
0.135,0.36000000000000004,0.22000000000000003,False,False,True,False,False,True,False,False,True,,2.9802322387695312e-08,link_1|link_2|link_3
0.135,0.34,0.22000000000000003,False,False,True,False,False,True,False,False,True,,2.9802322387695312e-08,link_1|link_2|link_3
0.135,0.32,0.22000000000000003,False,False,True,False,False,True,False,False,True,,2.9802322387695312e-08,link_1|link_2|link_3
0.135,0.3,0.22000000000000003,False,False,True,False,False,True,False,False,True,,2.9802322387695312e-08,link_1|link_2|link_3
0.135,0.2800000000000001,0.22000000000000003,False,False,True,False,False,True,False,False,True,,2.9802322387695312e-08,link_1|link_2|link_3
0.135,0.26000000000000006,0.22000000000000003,False,False,True,False,False,True,False,False,True,,2.9802322387695312e-08,link_1|link_2|link_3
0.135,0.24000000000000005,0.22000000000000003,False,False,True,False,False,True,False,False,True,,2.9802322387695312e-08,link_1|link_2|link_3
0.135,0.22000000000000003,0.22000000000000003,False,False,True,False,False,True,False,False,True,,2.9802322387695312e-08,link_1|link_2|link_3
0.135,0.2,0.22000000000000003,False,False,True,False,False,True,False,False,True,,2.9802322387695312e-08,link_1|link_2|link_3
0.135,0.18,0.22000000000000003,False,False,True,False,False,True,False,False,True,,2.9802322387695312e-08,link_1|link_2|link_3
0.135,0.15999999999999998,0.22000000000000003,False,False,True,False,False,True,False,False,True,,2.9802322387695312e-08,link_1|link_2|link_3
0.135,0.14000000000000007,0.22000000000000003,False,False,True,False,False,True,False,False,True,,2.9802322387695312e-08,link_1|link_2|link_3
0.135,0.12000000000000005,0.22000000000000003,False,False,True,False,False,True,False,False,True,,2.9802322387695312e-08,link_1|link_2|link_3
0.135,0.10000000000000003,0.22000000000000003,False,False,True,False,False,True,False,False,True,,2.9802322387695312e-08,link_1|link_2|link_3
0.135,0.08000000000000002,0.22000000000000003,False,False,True,False,False,True,False,False,True,,2.9802322387695312e-08,link_1|link_2|link_3
0.135,0.06,0.22000000000000003,False,False,True,False,False,True,False,False,True,,2.9802322387695312e-08,link_1|link_2|link_3
0.135,0.040000000000000036,0.22000000000000003,False,False,True,False,False,True,False,False,True,,2.9802322387695312e-08,link_1|link_2|link_3
0.135,0.020000000000000018,0.22000000000000003,False,False,True,False,False,True,False,False,True,,2.9802322387695312e-08,link_1|link_2|link_3
0.135,0.0,0.22000000000000003,False,False,True,False,False,True,False,False,True,,2.9802322387695312e-08,link_1|link_2|link_3
0.135,-0.019999999999999962,0.22000000000000003,False,False,True,False,False,True,False,False,True,,2.9802322387695312e-08,link_1|link_2|link_3
0.135,-0.03999999999999998,0.22000000000000003,False,False,True,False,False,True,False,False,True,,2.9802322387695312e-08,link_1|link_2|link_3
0.135,-0.06,0.22000000000000003,False,False,True,False,False,True,False,False,True,,2.9802322387695312e-08,link_1|link_2|link_3
0.135,-0.07999999999999996,0.22000000000000003,False,False,True,False,False,True,False,False,True,,2.9802322387695312e-08,link_1|link_2|link_3
0.135,-0.09999999999999998,0.22000000000000003,False,False,True,False,False,True,False,False,True,,2.980237923100575e-08,link_1|link_2|link_3
0.135,-0.12,0.22000000000000003,False,False,True,False,False,True,False,False,True,,2.9802322387695312e-08,link_1|link_2|link_3
0.135,-0.13999999999999996,0.22000000000000003,False,False,True,False,False,True,False,False,True,,2.9802322387695312e-08,link_1|link_2|link_3
0.135,-0.15999999999999998,0.22000000000000003,False,False,True,False,False,True,False,False,True,,2.9802322387695312e-08,link_1|link_2|link_3
0.135,-0.18,0.22000000000000003,False,False,True,False,False,True,False,False,True,,2.9802322387695312e-08,link_1|link_2|link_3
0.135,-0.19999999999999998,0.22000000000000003,False,False,True,False,False,True,False,False,True,,2.9802322387695312e-08,link_1|link_2|link_3
0.135,-0.21999999999999997,0.22000000000000003,False,False,True,False,False,True,False,False,True,,2.9802322387695312e-08,link_1|link_2|link_3
0.135,-0.24,0.22000000000000003,False,False,True,False,False,True,False,False,True,,2.9802322387695312e-08,link_1|link_2|link_3
0.135,-0.26,0.22000000000000003,False,False,True,False,False,True,False,False,True,,2.9802322387695312e-08,link_1|link_2|link_3
0.135,-0.27999999999999997,0.22000000000000003,False,False,True,False,False,True,False,False,True,,2.9802322387695312e-08,link_1|link_2|link_3
0.135,-0.3,0.22000000000000003,False,False,True,False,False,True,False,False,True,,2.9802322387695312e-08,link_1|link_2|link_3
0.135,-0.31999999999999995,0.22000000000000003,False,False,True,False,False,True,False,False,True,,2.9802322387695312e-08,link_1|link_2|link_3
0.135,-0.33999999999999997,0.22000000000000003,False,False,True,False,False,True,False,False,True,,2.9802322387695312e-08,link_1|link_2|link_3
0.135,-0.36,0.22000000000000003,False,False,True,False,False,True,False,False,True,,2.9802322387695312e-08,link_1|link_2|link_3
0.135,-0.38,0.22000000000000003,False,False,True,False,False,True,False,False,True,,2.9802322387695312e-08,link_1|link_2|link_3
0.135,-0.39999999999999997,0.22000000000000003,False,False,True,False,False,True,False,False,True,,2.9802322387695312e-08,link_1|link_2|link_3
0.135,-0.42,0.22000000000000003,False,False,True,False,False,True,False,False,True,,2.9802322387695312e-08,link_1|link_2|link_3
0.135,0.42,0.2,False,False,True,False,False,True,False,False,True,,2.9802322387695312e-08,link_1|link_2|link_3
0.135,0.4000000000000001,0.2,False,False,True,False,False,True,False,False,True,,2.9802322387695312e-08,link_1|link_2|link_3
0.135,0.38000000000000006,0.2,False,False,True,False,False,True,False,False,True,,2.9802322387695312e-08,link_1|link_2|link_3
0.135,0.36000000000000004,0.2,False,False,True,False,False,True,False,False,True,,2.9802322387695312e-08,link_1|link_2|link_3
0.135,0.34,0.2,False,False,True,False,False,True,False,False,True,0.015034646727144718,2.9802322387695312e-08,basket|link_0|link_1|link_2|link_3
0.135,0.32,0.2,False,False,True,False,False,True,False,False,True,0.007773958146572113,2.9802322387695312e-08,basket|link_0|link_1|link_2|link_3
0.135,0.3,0.2,False,False,True,False,False,True,False,False,True,0.007723450660705566,2.9802322387695312e-08,basket|link_0|link_1|link_2|link_3
0.135,0.2800000000000001,0.2,False,False,True,False,False,True,False,False,True,0.007594853639602661,2.9802322387695312e-08,basket|link_0|link_1|link_2|link_3
0.135,0.26000000000000006,0.2,False,False,True,False,False,True,False,False,True,0.007503107190132141,2.9802322387695312e-08,basket|link_0|link_1|link_2|link_3
0.135,0.24000000000000005,0.2,False,False,True,False,False,True,False,False,True,0.007483825087547302,2.9802322387695312e-08,basket|link_0|link_1|link_2|link_3
0.135,0.22000000000000003,0.2,False,False,True,False,False,True,False,False,True,0.007492668926715851,2.9802322387695312e-08,basket|link_0|link_1|link_2|link_3
0.135,0.2,0.2,False,False,True,False,False,True,False,False,True,0.007501383777707815,2.9802322387695312e-08,basket|link_0|link_1|link_2|link_3
0.135,0.18,0.2,False,False,True,False,False,True,False,False,True,0.007513217628002167,2.9802322387695312e-08,basket|link_0|link_1|link_2|link_3
0.135,0.15999999999999998,0.2,False,False,True,False,False,True,False,False,True,0.007513217628002167,2.9802322387695312e-08,basket|link_0|link_1|link_2|link_3
0.135,0.14000000000000007,0.2,False,False,True,False,False,True,False,False,True,0.007513217628002167,2.9802322387695312e-08,basket|link_0|link_1|link_2|link_3
0.135,0.12000000000000005,0.2,False,False,True,False,False,True,False,False,True,0.007534869015216827,2.9802322387695312e-08,basket|link_0|link_1|link_2|link_3
0.135,0.10000000000000003,0.2,False,False,True,False,False,True,False,False,True,0.007619984447956085,2.9802322387695312e-08,basket|link_0|link_1|link_2|link_3
0.135,0.08000000000000002,0.2,False,False,True,False,False,True,False,False,True,0.007705137133598328,2.9802322387695312e-08,basket|link_0|link_1|link_2|link_3
0.135,0.06,0.2,False,False,True,False,False,True,False,False,True,0.007790934760123491,2.9802322387695312e-08,basket|link_0|link_1|link_2|link_3
0.135,0.040000000000000036,0.2,False,False,True,False,False,True,False,False,True,0.008576800115406513,2.9802322387695312e-08,basket|link_0|link_1|link_2|link_3
0.135,0.020000000000000018,0.2,False,False,True,False,False,True,False,False,True,0.00857070367783308,2.9802322387695312e-08,basket|link_0|link_1|link_2|link_3
0.135,0.0,0.2,False,False,True,False,False,True,False,False,True,0.008555077947676182,2.9802322387695312e-08,basket|link_0|link_1|link_2|link_3
0.135,-0.019999999999999962,0.2,False,False,True,False,False,True,False,False,True,0.008560587652027607,2.9802322387695312e-08,basket|link_0|link_1|link_2|link_3
0.135,-0.03999999999999998,0.2,False,False,True,False,False,True,False,False,True,0.00848634634166956,2.9802322387695312e-08,basket|link_0|link_1|link_2|link_3
0.135,-0.06,0.2,False,False,True,False,False,True,False,False,True,0.0077666789293289185,2.9802322387695312e-08,basket|link_0|link_1|link_2|link_3
0.135,-0.07999999999999996,0.2,False,False,True,False,False,True,False,False,True,0.007715433835983276,2.9802322387695312e-08,basket|link_0|link_1|link_2|link_3
0.135,-0.09999999999999998,0.2,False,False,True,False,False,True,False,False,True,0.007623679935932159,2.980237923100575e-08,basket|link_0|link_1|link_2|link_3
0.135,-0.12,0.2,False,False,True,False,False,True,False,False,True,0.0077155232429504395,2.9802322387695312e-08,basket|link_0|link_1|link_2|link_3
0.135,-0.13999999999999996,0.2,False,False,True,False,False,True,False,False,True,0.007481418550014496,2.9802322387695312e-08,basket|link_0|link_1|link_2|link_3
0.135,-0.15999999999999998,0.2,False,False,True,False,False,True,False,False,True,0.007481418550014496,2.9802322387695312e-08,basket|link_0|link_1|link_2|link_3
0.135,-0.18,0.2,False,False,True,False,False,True,False,False,True,0.007481418550014496,2.9802322387695312e-08,basket|link_0|link_1|link_2|link_3
0.135,-0.19999999999999998,0.2,False,False,True,False,False,True,False,False,True,0.007489912211894989,2.9802322387695312e-08,basket|link_0|link_1|link_2|link_3
0.135,-0.21999999999999997,0.2,False,False,True,False,False,True,False,False,True,0.007500334642827511,2.9802322387695312e-08,basket|link_0|link_1|link_2|link_3
0.135,-0.24,0.2,False,False,True,False,False,True,False,False,True,0.007508085574954748,2.9802322387695312e-08,basket|link_0|link_1|link_2|link_3
0.135,-0.26,0.2,False,False,True,False,False,True,False,False,True,0.007542327046394348,2.9802322387695312e-08,basket|link_0|link_1|link_2|link_3
0.135,-0.27999999999999997,0.2,False,False,True,False,False,True,False,False,True,0.0076274871826171875,2.9802322387695312e-08,basket|link_0|link_1|link_2|link_3
0.135,-0.3,0.2,False,False,True,False,False,True,False,False,True,0.007712617516517639,2.9802322387695312e-08,basket|link_0|link_1|link_2|link_3
0.135,-0.31999999999999995,0.2,False,False,True,False,False,True,False,False,True,0.007879853248596191,2.9802322387695312e-08,basket|link_0|link_1|link_2|link_3
0.135,-0.33999999999999997,0.2,False,False,True,False,False,True,False,False,True,0.015444576740264893,2.9802322387695312e-08,basket|link_0|link_1|link_2|link_3
0.135,-0.36,0.2,False,False,True,False,False,True,False,False,True,,2.9802322387695312e-08,link_1|link_2|link_3
0.135,-0.38,0.2,False,False,True,False,False,True,False,False,True,,2.9802322387695312e-08,link_1|link_2|link_3
0.135,-0.39999999999999997,0.2,False,False,True,False,False,True,False,False,True,,2.9802322387695312e-08,link_1|link_2|link_3
0.135,-0.42,0.2,False,False,True,False,False,True,False,False,True,,2.9802322387695312e-08,link_1|link_2|link_3
0.135,0.42,0.18,False,False,True,False,False,True,False,False,True,,2.9802322387695312e-08,link_1|link_2|link_3
0.135,0.4000000000000001,0.18,False,False,True,False,False,True,False,False,True,,2.9802322387695312e-08,link_1|link_2|link_3
0.135,0.38000000000000006,0.18,False,False,True,False,False,True,False,False,True,,2.9802322387695312e-08,link_1|link_2|link_3
0.135,0.36000000000000004,0.18,False,False,True,False,False,True,False,False,True,,2.9802322387695312e-08,link_1|link_2|link_3
0.135,0.34,0.18,False,False,True,False,False,True,False,False,True,0.004771367181092501,2.9802322387695312e-08,basket|link_0|link_1|link_2|link_3
0.135,0.32,0.18,True,True,True,True,True,True,True,True,True,-0.012192711234092712,0.005393901753138701,basket|link_0|link_1|link_2|link_3
0.135,0.3,0.18,True,True,True,True,True,True,True,True,True,-0.012313418090343475,0.02941243566240053,basket|link_0|link_1|link_2|link_3
0.135,0.2800000000000001,0.18,True,True,True,True,True,True,True,True,True,-0.012405164539813995,0.016397793536429475,basket|link_0|link_1|link_2|link_3
0.135,0.26000000000000006,0.18,True,True,True,True,True,True,True,True,True,-0.012496910989284515,0.034680552639181864,basket|link_0|link_1|link_2|link_3
0.135,0.24000000000000005,0.18,True,True,True,True,True,True,True,True,True,-0.012512748129665852,0.010983777269006364,basket|link_0|link_1|link_2|link_3
0.135,0.22000000000000003,0.18,True,True,True,True,True,True,True,True,True,-0.012507349252700806,0.015895904248810926,basket|link_0|link_1|link_2|link_3
0.135,0.2,0.18,True,True,True,True,True,True,True,True,True,-0.012498623691499233,0.038428356620354716,basket|link_0|link_1|link_2|link_3
0.135,0.18,0.18,True,True,True,True,True,True,True,True,True,-0.01248680055141449,0.04215827533906403,basket|link_0|link_1|link_2|link_3
0.135,0.15999999999999998,0.18,True,True,True,True,True,True,True,True,True,-0.01243070513010025,0.02938904495111043,basket|link_0|link_1|link_2|link_3
0.135,0.14000000000000007,0.18,True,True,True,True,True,True,True,True,True,-0.012345530092716217,0.030968833664682578,basket|link_0|link_1|link_2|link_3
0.135,0.12000000000000005,0.18,True,True,True,True,True,True,True,True,True,-0.008822895586490631,0.020929021273609228,basket|link_0|link_1|link_2|link_3
0.135,0.10000000000000003,0.18,True,True,True,True,True,True,True,True,True,-0.011174120008945465,0.025411824794928626,basket|link_0|link_1|link_2|link_3
0.135,0.08000000000000002,0.18,True,True,True,True,True,True,True,True,True,-0.011174120008945465,0.018556932929175016,basket|link_0|link_1|link_2|link_3
0.135,0.06,0.18,True,True,True,True,True,True,True,True,True,-0.011174120008945465,0.01753127637864388,basket|link_0|link_1|link_2|link_3
0.135,0.040000000000000036,0.18,True,True,True,True,True,True,True,True,True,-0.005423985421657562,0.02280908242382319,basket|link_0|link_1|link_2|link_3
0.135,0.020000000000000018,0.18,True,True,True,True,True,True,True,True,True,-0.005423985421657562,0.023061128464326078,basket|link_0|link_1|link_2|link_3
0.135,0.0,0.18,True,True,True,True,True,True,True,True,True,-0.005423985421657562,0.029269321072806172,basket|link_0|link_1|link_2|link_3
0.135,-0.019999999999999962,0.18,True,True,True,True,True,True,True,True,True,-0.005423977971076965,0.0230611766851162,basket|link_0|link_1|link_2|link_3
0.135,-0.03999999999999998,0.18,True,True,True,True,True,True,True,True,True,-0.005423977971076965,0.023061150424895833,basket|link_0|link_1|link_2|link_3
0.135,-0.06,0.18,True,True,True,True,True,True,True,True,True,-0.010254308581352234,0.004982272007748002,basket|link_0|link_1|link_2|link_3
0.135,-0.07999999999999996,0.18,True,True,True,True,True,True,True,True,True,-0.010254308581352234,0.009841041885879316,basket|link_0|link_1|link_2|link_3
0.135,-0.09999999999999998,0.18,True,True,True,True,True,True,True,True,True,-0.010254308581352234,0.006037413967864612,basket|link_0|link_1|link_2|link_3
0.135,-0.12,0.18,True,True,True,True,True,True,True,True,True,-0.008822910487651825,0.0059175819555575965,basket|link_0|link_1|link_2|link_3
0.135,-0.13999999999999996,0.18,True,True,True,True,True,True,True,True,True,-0.012376241385936737,0.016018298789816112,basket|link_0|link_1|link_2|link_3
0.135,-0.15999999999999998,0.18,True,True,True,True,True,True,True,True,True,-0.012467987835407257,0.012627777175760763,basket|link_0|link_1|link_2|link_3
0.135,-0.18,0.18,True,True,True,True,True,True,True,True,True,-0.01251859962940216,0.02858344460470303,basket|link_0|link_1|link_2|link_3
0.135,-0.19999999999999998,0.18,True,True,True,True,True,True,True,True,True,-0.012510105967521667,0.02249527479338126,basket|link_0|link_1|link_2|link_3
0.135,-0.21999999999999997,0.18,True,True,True,True,True,True,True,True,True,-0.0124996742233634,0.024283214847801007,basket|link_0|link_1|link_2|link_3
0.135,-0.24,0.18,True,True,True,True,True,True,True,True,True,-0.012492596171796322,0.02830653384538351,basket|link_0|link_1|link_2|link_3
0.135,-0.26,0.18,True,True,True,True,True,True,True,True,True,-0.012457489967346191,0.04290332667055043,basket|link_0|link_1|link_2|link_3
0.135,-0.27999999999999997,0.18,True,True,True,True,True,True,True,True,True,-0.01237235963344574,0.04510151061156971,basket|link_0|link_1|link_2|link_3
0.135,-0.3,0.18,True,True,True,True,True,True,True,True,True,-0.011174134910106659,0.004959985613822937,basket|link_0|link_1|link_2|link_3
0.135,-0.31999999999999995,0.18,True,True,True,True,True,True,True,True,True,-0.012077100574970245,0.0026599396327568526,basket|link_0|link_1|link_2|link_3
0.135,-0.33999999999999997,0.18,False,False,True,False,False,True,False,False,True,0.00694110244512558,2.9802322387695312e-08,basket|link_0|link_1|link_2|link_3
0.135,-0.36,0.18,False,False,True,False,False,True,False,False,True,,2.9802322387695312e-08,link_1|link_2|link_3
0.135,-0.38,0.18,False,False,True,False,False,True,False,False,True,,2.9802322387695312e-08,link_1|link_2|link_3
0.135,-0.39999999999999997,0.18,False,False,True,False,False,True,False,False,True,,2.9802322387695312e-08,link_1|link_2|link_3
0.135,-0.42,0.18,False,False,True,False,False,True,False,False,True,,2.9802322387695312e-08,link_1|link_2|link_3
0.135,0.42,0.15999999999999998,False,False,True,False,False,True,False,False,True,,2.9802322387695312e-08,link_1|link_2|link_3
0.135,0.4000000000000001,0.15999999999999998,False,False,True,False,False,True,False,False,True,,2.9802322387695312e-08,link_1|link_2|link_3
0.135,0.38000000000000006,0.15999999999999998,False,False,True,False,False,True,False,False,True,,2.9802322387695312e-08,link_1|link_2|link_3
0.135,0.36000000000000004,0.15999999999999998,False,False,True,False,False,True,False,False,True,,2.9802322387695312e-08,link_1|link_2|link_3
0.135,0.34,0.15999999999999998,False,False,True,False,False,True,False,False,True,0.004426747560501099,2.9802322387695312e-08,basket|link_0|link_1|link_2|link_3
0.135,0.32,0.15999999999999998,True,True,True,True,True,True,True,True,True,-0.015421509742736816,0.008939864149667973,basket|link_0|link_1|link_2|link_3
0.135,0.3,0.15999999999999998,True,True,True,True,True,True,True,True,True,-0.012567207217216492,0.012235596465859993,basket|link_0|link_1|link_2|link_3
0.135,0.2800000000000001,0.15999999999999998,True,True,True,True,True,True,True,True,True,-0.015852032229304314,0.023596229189212947,basket|link_0|link_1|link_2|link_3
0.135,0.26000000000000006,0.15999999999999998,True,True,True,True,True,True,True,True,True,-0.015911251306533813,0.02209680878695975,basket|link_0|link_1|link_2|link_3
0.135,0.24000000000000005,0.15999999999999998,True,True,True,True,True,True,True,True,True,-0.019176244735717773,0.010082666391870802,basket|link_0|link_1|link_2|link_3
0.135,0.22000000000000003,0.15999999999999998,True,True,True,True,True,True,True,True,True,-0.015914790332317352,0.01804973517666149,basket|link_0|link_1|link_2|link_3
0.135,0.2,0.15999999999999998,True,True,True,True,True,True,True,True,True,-0.015914782881736755,0.0166924093740148,basket|link_0|link_1|link_2|link_3
0.135,0.18,0.15999999999999998,True,True,True,True,True,True,True,True,True,-0.015914782881736755,0.016653501548196333,basket|link_0|link_1|link_2|link_3
0.135,0.15999999999999998,0.15999999999999998,True,True,True,True,True,True,True,True,True,-0.015877600759267807,0.027527970768647908,basket|link_0|link_1|link_2|link_3
0.135,0.14000000000000007,0.15999999999999998,True,True,True,True,True,True,True,True,True,-0.015819311141967773,0.025118319190829703,basket|link_0|link_1|link_2|link_3
0.135,0.12000000000000005,0.15999999999999998,True,True,True,True,True,True,True,True,True,-0.014960117638111115,0.019015943401336263,basket|link_0|link_1|link_2|link_3
0.135,0.10000000000000003,0.15999999999999998,True,True,True,True,True,True,True,True,True,-0.014960117638111115,0.023635910868030133,basket|link_0|link_1|link_2|link_3
0.135,0.08000000000000002,0.15999999999999998,True,True,True,True,True,True,True,True,True,-0.014960117638111115,0.02434887958841969,basket|link_0|link_1|link_2|link_3
0.135,0.06,0.15999999999999998,True,True,True,True,True,True,True,True,True,-0.014960125088691711,0.024328206348622466,basket|link_0|link_1|link_2|link_3
0.135,0.040000000000000036,0.15999999999999998,True,True,True,True,True,True,True,True,True,-0.014960125088691711,0.022125783601144377,basket|link_0|link_1|link_2|link_3
0.135,0.020000000000000018,0.15999999999999998,True,True,True,True,True,True,True,True,True,-0.014960125088691711,0.023080719306305016,basket|link_0|link_1|link_2|link_3
0.135,0.0,0.15999999999999998,True,True,True,True,True,True,True,True,True,-0.014960125088691711,0.021012126877709755,basket|link_0|link_1|link_2|link_3
0.135,-0.019999999999999962,0.15999999999999998,True,True,True,True,True,True,True,True,True,-0.014960125088691711,0.022245445328852084,basket|link_0|link_1|link_2|link_3
0.135,-0.03999999999999998,0.15999999999999998,True,True,True,True,True,True,True,True,True,-0.014960125088691711,0.02302423884254881,basket|link_0|link_1|link_2|link_3
0.135,-0.06,0.15999999999999998,True,True,True,True,True,True,True,True,True,-0.014960125088691711,0.020461468452429733,basket|link_0|link_1|link_2|link_3
0.135,-0.07999999999999996,0.15999999999999998,True,True,True,True,True,True,True,True,True,-0.014960125088691711,0.021501093010613172,basket|link_0|link_1|link_2|link_3
0.135,-0.09999999999999998,0.15999999999999998,True,True,True,True,True,True,True,True,True,-0.014960125088691711,0.024847156209069562,basket|link_0|link_1|link_2|link_3
0.135,-0.12,0.15999999999999998,True,True,True,True,True,True,True,True,True,-0.014960132539272308,0.025033621313871417,basket|link_0|link_1|link_2|link_3
0.135,-0.13999999999999996,0.15999999999999998,True,True,True,True,True,True,True,True,True,-0.015833422541618347,0.02585712669139851,basket|link_0|link_1|link_2|link_3
0.135,-0.15999999999999998,0.15999999999999998,True,True,True,True,True,True,True,True,True,-0.015892641618847847,0.02887188658468005,basket|link_0|link_1|link_2|link_3
0.135,-0.18,0.15999999999999998,True,True,True,True,True,True,True,True,True,-0.015914835035800934,0.03066710613493209,basket|link_0|link_1|link_2|link_3
0.135,-0.19999999999999998,0.15999999999999998,True,True,True,True,True,True,True,True,True,-0.015914835035800934,0.008593362809535696,basket|link_0|link_1|link_2|link_3
0.135,-0.21999999999999997,0.15999999999999998,True,True,True,True,True,True,True,True,True,-0.015914835035800934,0.021909780216078673,basket|link_0|link_1|link_2|link_3
0.135,-0.24,0.15999999999999998,True,True,True,True,True,True,True,True,True,-0.01705165207386017,0.008889543142384968,basket|link_0|link_1|link_2|link_3
0.135,-0.26,0.15999999999999998,True,True,True,True,True,True,True,True,True,-0.015896011143922806,0.0167048033608385,basket|link_0|link_1|link_2|link_3
0.135,-0.27999999999999997,0.15999999999999998,True,True,True,True,True,True,True,True,True,-0.015837721526622772,0.02371770460230231,basket|link_0|link_1|link_2|link_3
0.135,-0.3,0.15999999999999998,True,True,True,True,True,True,True,True,True,-0.007712244987487793,0.009833480827036797,basket|link_0|link_1|link_2|link_3
0.135,-0.31999999999999995,0.15999999999999998,True,True,True,True,True,True,True,True,True,-0.01332758367061615,0.015930185613748885,basket|link_0|link_1|link_2|link_3
0.135,-0.33999999999999997,0.15999999999999998,False,False,True,False,False,True,False,False,True,0.006578236818313599,2.9802322387695312e-08,basket|link_0|link_1|link_2|link_3
0.135,-0.36,0.15999999999999998,False,False,True,False,False,True,False,False,True,,2.9802322387695312e-08,link_1|link_2|link_3
0.135,-0.38,0.15999999999999998,False,False,True,False,False,True,False,False,True,,2.9802322387695312e-08,link_1|link_2|link_3
0.135,-0.39999999999999997,0.15999999999999998,False,False,True,False,False,True,False,False,True,,2.9802322387695312e-08,link_1|link_2|link_3
0.135,-0.42,0.15999999999999998,False,False,True,False,False,True,False,False,True,,2.9802322387695312e-08,link_1|link_2|link_3
0.135,0.42,0.13999999999999996,False,False,True,False,False,True,False,False,True,,1.4901161193847656e-08,link_1|link_2|link_3
0.135,0.4000000000000001,0.13999999999999996,False,False,True,False,False,True,False,False,True,,1.4901161193847656e-08,link_1|link_2|link_3
0.135,0.38000000000000006,0.13999999999999996,False,False,True,False,False,True,False,False,True,,1.4901161193847656e-08,link_1|link_2|link_3
0.135,0.36000000000000004,0.13999999999999996,False,False,True,False,False,True,False,False,True,,1.4901161193847656e-08,link_1|link_2|link_3
0.135,0.34,0.13999999999999996,False,False,True,False,False,True,False,False,True,0.004426747560501099,1.4901161193847656e-08,basket|link_0|link_1|link_2|link_3
0.135,0.32,0.13999999999999996,True,True,True,True,True,True,True,True,True,-0.015421509742736816,0.02494909048562279,basket|link_0|link_1|link_2|link_3
0.135,0.3,0.13999999999999996,True,True,True,True,True,True,True,True,True,-0.020959846675395966,0.0173769072000312,basket|link_0|link_1|link_2|link_3
0.135,0.2800000000000001,0.13999999999999996,True,True,True,True,True,True,True,True,True,-0.020959846675395966,0.012125275658086439,basket|link_0|link_1|link_2|link_3
0.135,0.26000000000000006,0.13999999999999996,True,True,True,True,True,True,True,True,True,-0.020959846675395966,0.013129274537405247,basket|link_0|link_1|link_2|link_3
0.135,0.24000000000000005,0.13999999999999996,True,True,True,True,True,True,True,True,True,-0.02095983177423477,0.022217346743439954,basket|link_0|link_1|link_2|link_3
0.135,0.22000000000000003,0.13999999999999996,True,True,True,True,True,True,True,True,True,-0.02095983177423477,0.0038756909560566754,basket|link_0|link_1|link_2|link_3
0.135,0.2,0.13999999999999996,True,True,True,True,True,True,True,True,True,-0.02095983177423477,0.003176827698662337,basket|link_0|link_1|link_2|link_3
0.135,0.18,0.13999999999999996,True,True,True,True,True,True,True,True,True,-0.02095983177423477,0.005777918633778327,basket|link_0|link_1|link_2|link_3
0.135,0.15999999999999998,0.13999999999999996,True,True,True,True,True,True,True,True,True,-0.02095983177423477,0.002803161194491331,basket|link_0|link_1|link_2|link_3
0.135,0.14000000000000007,0.13999999999999996,True,True,True,True,True,True,True,True,True,-0.02095983177423477,0.00189795044760548,basket|link_0|link_1|link_2|link_3
0.135,0.12000000000000005,0.13999999999999996,True,True,True,True,True,True,True,True,True,-0.020959816873073578,0.004817762769789443,basket|link_0|link_1|link_2|link_3
0.135,0.10000000000000003,0.13999999999999996,True,True,True,True,True,True,True,True,True,-0.020959816873073578,0.010286208937396376,basket|link_0|link_1|link_2|link_3
0.135,0.08000000000000002,0.13999999999999996,True,True,True,True,True,True,True,True,True,-0.020959846675395966,0.014569215171583296,basket|link_0|link_1|link_2|link_3
0.135,0.06,0.13999999999999996,True,True,True,True,True,True,True,True,True,-0.020959846675395966,0.011339406461034702,basket|link_0|link_1|link_2|link_3
0.135,0.040000000000000036,0.13999999999999996,True,True,True,True,True,True,True,True,True,-0.02095983177423477,0.015549553016163497,basket|link_0|link_1|link_2|link_3
0.135,0.020000000000000018,0.13999999999999996,True,True,True,True,True,True,True,True,True,-0.02095983177423477,0.014715960694405056,basket|link_0|link_1|link_2|link_3
0.135,0.0,0.13999999999999996,True,True,True,True,True,True,True,True,True,-0.02095983177423477,0.01462037089718121,basket|link_0|link_1|link_2|link_3
0.135,-0.019999999999999962,0.13999999999999996,True,True,True,True,True,True,True,True,True,-0.02095983177423477,0.015549521219107828,basket|link_0|link_1|link_2|link_3
0.135,-0.03999999999999998,0.13999999999999996,True,True,True,True,True,True,True,True,True,-0.02095983177423477,0.01486142289294496,basket|link_0|link_1|link_2|link_3
0.135,-0.06,0.13999999999999996,True,True,True,True,True,True,True,True,True,-0.02095983177423477,0.015265893130683642,basket|link_0|link_1|link_2|link_3
0.135,-0.07999999999999996,0.13999999999999996,True,True,True,True,True,True,True,True,True,-0.020959816873073578,0.015324165589414109,basket|link_0|link_1|link_2|link_3
0.135,-0.09999999999999998,0.13999999999999996,True,True,True,True,True,True,True,True,True,-0.020959816873073578,0.01774230962255486,basket|link_0|link_1|link_2|link_3
0.135,-0.12,0.13999999999999996,True,True,True,True,True,True,True,True,True,-0.020959816873073578,0.015993304479994107,basket|link_0|link_1|link_2|link_3
0.135,-0.13999999999999996,0.13999999999999996,True,True,True,True,True,True,True,True,True,-0.020959816873073578,0.01944242382861956,basket|link_0|link_1|link_2|link_3
0.135,-0.15999999999999998,0.13999999999999996,True,True,True,True,True,True,True,True,True,-0.020959816873073578,0.018519205263269785,basket|link_0|link_1|link_2|link_3
0.135,-0.18,0.13999999999999996,True,True,True,True,True,True,True,True,True,-0.020959816873073578,0.021379723907861244,basket|link_0|link_1|link_2|link_3
0.135,-0.19999999999999998,0.13999999999999996,True,True,True,True,True,True,True,True,True,-0.020959801971912384,0.030742911839841156,basket|link_0|link_1|link_2|link_3
0.135,-0.21999999999999997,0.13999999999999996,True,True,True,True,True,True,True,True,True,-0.020959801971912384,0.023856815472769567,basket|link_0|link_1|link_2|link_3
0.135,-0.24,0.13999999999999996,True,True,True,True,True,True,True,True,True,-0.020959801971912384,0.02245792154163904,basket|link_0|link_1|link_2|link_3
0.135,-0.26,0.13999999999999996,True,True,True,True,True,True,True,True,True,-0.020959801971912384,0.038914589296581543,basket|link_0|link_1|link_2|link_3
0.135,-0.27999999999999997,0.13999999999999996,True,True,True,True,True,True,True,True,True,-0.020959801971912384,0.08794953141536054,basket|link_0|link_1|link_2|link_3
0.135,-0.3,0.13999999999999996,True,True,True,True,True,True,True,True,True,-0.020959801971912384,0.04644987045596458,basket|link_0|link_1|link_2|link_3
0.135,-0.31999999999999995,0.13999999999999996,True,True,True,True,True,True,True,True,True,-0.01332758367061615,0.01139885153785433,basket|link_0|link_1|link_2|link_3
0.135,-0.33999999999999997,0.13999999999999996,False,False,True,False,False,True,False,False,True,0.006578236818313599,1.4901161193847656e-08,basket|link_0|link_1|link_2|link_3
0.135,-0.36,0.13999999999999996,False,False,True,False,False,True,False,False,True,,1.4901161193847656e-08,link_1|link_2|link_3
0.135,-0.38,0.13999999999999996,False,False,True,False,False,True,False,False,True,,1.4901161193847656e-08,link_1|link_2|link_3
0.135,-0.39999999999999997,0.13999999999999996,False,False,True,False,False,True,False,False,True,,1.4901161193847656e-08,link_1|link_2|link_3
0.135,-0.42,0.13999999999999996,False,False,True,False,False,True,False,False,True,,1.4901161193847656e-08,link_1|link_2|link_3
0.135,0.42,0.12,False,False,True,False,False,True,False,False,True,,1.4901161193847656e-08,link_1|link_2|link_3
0.135,0.4000000000000001,0.12,False,False,True,False,False,True,False,False,True,,1.4901161193847656e-08,link_1|link_2|link_3
0.135,0.38000000000000006,0.12,False,False,True,False,False,True,False,False,True,,1.4901161193847656e-08,link_1|link_2|link_3
0.135,0.36000000000000004,0.12,False,False,True,False,False,True,False,False,True,,1.4901161193847656e-08,link_1|link_2|link_3
0.135,0.34,0.12,False,False,True,False,False,True,False,False,True,0.004426747560501099,1.4901161193847656e-08,basket|link_0|link_1|link_2|link_3
0.135,0.32,0.12,True,True,True,True,True,True,True,True,True,-0.015421509742736816,0.025798453750560158,basket|link_0|link_1|link_2|link_3
0.135,0.3,0.12,True,True,True,True,True,True,True,True,True,-0.020959846675395966,0.038829486795209645,basket|link_0|link_1|link_2|link_3
0.135,0.2800000000000001,0.12,True,True,True,True,True,True,True,True,True,-0.020959846675395966,0.017642031716296178,basket|link_0|link_1|link_2|link_3
0.135,0.26000000000000006,0.12,True,True,True,True,True,True,True,True,True,-0.020959846675395966,0.02036168764628463,basket|link_0|link_1|link_2|link_3
0.135,0.24000000000000005,0.12,True,True,True,True,True,True,True,True,True,-0.020959846675395966,0.021867073501252,basket|link_0|link_1|link_2|link_3
0.135,0.22000000000000003,0.12,True,True,True,True,True,True,True,True,True,-0.02095983177423477,0.013836232453526248,basket|link_0|link_1|link_2|link_3
0.135,0.2,0.12,True,True,True,True,True,True,True,True,True,-0.0275660902261734,0.006342493299892514,basket|link_0|link_1|link_2|link_3
0.135,0.18,0.12,True,True,True,True,True,True,True,True,True,-0.02912038564682007,0.01799121022978326,basket|link_0|link_1|link_2|link_3
0.135,0.15999999999999998,0.12,True,True,True,True,True,True,True,True,True,-0.021911926567554474,0.021374462938464695,basket|link_0|link_1|link_2|link_3
0.135,0.14000000000000007,0.12,True,True,True,True,True,True,True,True,True,-0.021911926567554474,0.015243554822323925,basket|link_0|link_1|link_2|link_3
0.135,0.12000000000000005,0.12,True,True,True,True,True,True,True,True,True,-0.021911926567554474,0.019481450549957726,basket|link_0|link_1|link_2|link_3
0.135,0.10000000000000003,0.12,True,True,True,True,True,True,True,True,True,-0.021911926567554474,0.013542794090901642,basket|link_0|link_1|link_2|link_3
0.135,0.08000000000000002,0.12,True,True,True,True,True,True,True,True,True,-0.021911926567554474,0.009244875823136364,basket|link_0|link_1|link_2|link_3
0.135,0.06,0.12,True,True,True,True,True,True,True,True,True,-0.021911919116973877,0.01294204724081549,basket|link_0|link_1|link_2|link_3
0.135,0.040000000000000036,0.12,True,True,True,True,True,True,True,True,True,-0.021911919116973877,0.015996286734228593,basket|link_0|link_1|link_2|link_3
0.135,0.020000000000000018,0.12,True,True,True,True,True,True,True,True,True,-0.021911919116973877,0.01942747899681757,basket|link_0|link_1|link_2|link_3
0.135,0.0,0.12,True,True,True,True,True,True,True,True,True,-0.021911919116973877,0.016566462484310308,basket|link_0|link_1|link_2|link_3
0.135,-0.019999999999999962,0.12,True,True,True,True,True,True,True,True,True,-0.021911919116973877,0.01181481388767101,basket|link_0|link_1|link_2|link_3
0.135,-0.03999999999999998,0.12,True,True,True,True,True,True,True,True,True,-0.021911919116973877,0.012541174897685333,basket|link_0|link_1|link_2|link_3
0.135,-0.06,0.12,True,True,True,True,True,True,True,True,True,-0.021911919116973877,0.012890847438716617,basket|link_0|link_1|link_2|link_3
0.135,-0.07999999999999996,0.12,True,True,True,True,True,True,True,True,True,-0.021911919116973877,0.011909953847001203,basket|link_0|link_1|link_2|link_3
0.135,-0.09999999999999998,0.12,True,True,True,True,True,True,True,True,True,-0.021911919116973877,0.017808878997845924,basket|link_0|link_1|link_2|link_3
0.135,-0.12,0.12,True,True,True,True,True,True,True,True,True,-0.02191191166639328,0.022594782989491743,basket|link_0|link_1|link_2|link_3
0.135,-0.13999999999999996,0.12,True,True,True,True,True,True,True,True,True,-0.02191191166639328,0.021121295636952097,basket|link_0|link_1|link_2|link_3
0.135,-0.15999999999999998,0.12,True,True,True,True,True,True,True,True,True,-0.02191191166639328,0.03660073222808262,basket|link_0|link_1|link_2|link_3
0.135,-0.18,0.12,True,True,True,True,True,True,True,True,True,-0.029120370745658875,0.05045884923257573,basket|link_0|link_1|link_2|link_3
0.135,-0.19999999999999998,0.12,True,True,True,True,True,True,True,True,True,-0.025410160422325134,0.031244383626617737,basket|link_0|link_1|link_2|link_3
0.135,-0.21999999999999997,0.12,True,True,True,True,True,True,True,True,True,-0.020959801971912384,0.022536841248446265,basket|link_0|link_1|link_2|link_3
0.135,-0.24,0.12,True,True,True,True,True,True,True,True,True,-0.020959801971912384,0.02846720240428168,basket|link_0|link_1|link_2|link_3
0.135,-0.26,0.12,True,True,True,True,True,True,True,True,True,-0.020959801971912384,0.02850342002068293,basket|link_0|link_1|link_2|link_3
0.135,-0.27999999999999997,0.12,True,True,True,True,True,True,True,True,True,-0.020959801971912384,0.05184072952151508,basket|link_0|link_1|link_2|link_3
0.135,-0.3,0.12,True,True,True,True,True,True,True,True,True,-0.020959801971912384,0.00924036727965189,basket|link_0|link_1|link_2|link_3
0.135,-0.31999999999999995,0.12,True,True,True,True,True,True,True,True,True,-0.01332758367061615,0.04441273945822862,basket|link_0|link_1|link_2|link_3
0.135,-0.33999999999999997,0.12,False,False,True,False,False,True,False,False,True,0.006578236818313599,1.4901161193847656e-08,basket|link_0|link_1|link_2|link_3
0.135,-0.36,0.12,False,False,True,False,False,True,False,False,True,,1.4901161193847656e-08,link_1|link_2|link_3
0.135,-0.38,0.12,False,False,True,False,False,True,False,False,True,,1.4901161193847656e-08,link_1|link_2|link_3
0.135,-0.39999999999999997,0.12,False,False,True,False,False,True,False,False,True,,1.4901161193847656e-08,link_1|link_2|link_3
0.135,-0.42,0.12,False,False,True,False,False,True,False,False,True,,1.4901161193847656e-08,link_1|link_2|link_3
0.135,0.42,0.09999999999999998,False,False,True,False,False,True,False,False,True,,1.4901161193847656e-08,link_1|link_2|link_3
0.135,0.4000000000000001,0.09999999999999998,False,False,True,False,False,True,False,False,True,,1.4901161193847656e-08,link_1|link_2|link_3
0.135,0.38000000000000006,0.09999999999999998,False,False,True,False,False,True,False,False,True,,1.4901161193847656e-08,link_1|link_2|link_3
0.135,0.36000000000000004,0.09999999999999998,False,False,True,False,False,True,False,False,True,,1.4901161193847656e-08,link_1|link_2|link_3
0.135,0.34,0.09999999999999998,False,False,True,False,False,True,False,False,True,0.004426747560501099,1.4901161193847656e-08,basket|link_0|link_1|link_2|link_3
0.135,0.32,0.09999999999999998,True,True,True,True,True,True,True,True,True,-0.015421509742736816,0.007195401056377615,basket|link_0|link_1|link_2|link_3
0.135,0.3,0.09999999999999998,True,True,True,True,True,True,True,True,True,-0.020959846675395966,0.024766244310102447,basket|link_0|link_1|link_2|link_3
0.135,0.2800000000000001,0.09999999999999998,True,True,True,True,True,True,True,True,True,-0.020959846675395966,0.052332202157568355,basket|link_0|link_1|link_2|link_3
0.135,0.26000000000000006,0.09999999999999998,True,True,True,True,True,True,True,True,True,-0.020959846675395966,0.027558605862105824,basket|link_0|link_1|link_2|link_3
0.135,0.24000000000000005,0.09999999999999998,True,True,True,True,True,True,True,True,True,-0.020959846675395966,0.017052748493620113,basket|link_0|link_1|link_2|link_3
0.135,0.22000000000000003,0.09999999999999998,True,True,True,True,True,True,True,True,True,-0.020959846675395966,0.009726076568277536,basket|link_0|link_1|link_2|link_3
0.135,0.2,0.09999999999999998,True,True,True,True,True,True,True,True,True,-0.0287797749042511,0.007788163237150098,basket|link_0|link_1|link_2|link_3
0.135,0.18,0.09999999999999998,True,True,True,True,True,True,True,True,True,-0.041911929845809937,0.04968491479233071,basket|link_0|link_1|link_2|link_3
0.135,0.15999999999999998,0.09999999999999998,True,True,True,True,True,True,True,True,True,-0.041911929845809937,0.04286216990119741,basket|link_0|link_1|link_2|link_3
0.135,0.14000000000000007,0.09999999999999998,True,True,True,True,True,True,True,True,True,-0.041911929845809937,0.026429383840279267,basket|link_0|link_1|link_2|link_3
0.135,0.12000000000000005,0.09999999999999998,True,True,True,True,True,True,True,True,True,-0.041911929845809937,0.027612529866010198,basket|link_0|link_1|link_2|link_3
0.135,0.10000000000000003,0.09999999999999998,True,True,True,True,True,True,True,True,True,-0.041911929845809937,0.018906632420298716,basket|link_0|link_1|link_2|link_3
0.135,0.08000000000000002,0.09999999999999998,True,True,True,True,True,True,True,True,True,-0.041911929845809937,0.013039668444089457,basket|link_0|link_1|link_2|link_3
0.135,0.06,0.09999999999999998,True,True,True,True,True,True,True,True,True,-0.04191192239522934,0.011070670662082347,basket|link_0|link_1|link_2|link_3
0.135,0.040000000000000036,0.09999999999999998,True,True,True,True,True,True,True,True,True,-0.04191192239522934,0.02166512962596745,basket|link_0|link_1|link_2|link_3
0.135,0.020000000000000018,0.09999999999999998,True,True,True,True,True,True,True,True,True,-0.04191192239522934,0.018963761306745125,basket|link_0|link_1|link_2|link_3
0.135,0.0,0.09999999999999998,True,True,True,True,True,True,True,True,True,-0.04191192239522934,0.015680063643312505,basket|link_0|link_1|link_2|link_3
0.135,-0.019999999999999962,0.09999999999999998,True,True,True,True,True,True,True,True,True,-0.04191192239522934,0.015751452419700978,basket|link_0|link_1|link_2|link_3
0.135,-0.03999999999999998,0.09999999999999998,True,True,True,True,True,True,True,True,True,-0.04191192239522934,0.013398569987488977,basket|link_0|link_1|link_2|link_3
0.135,-0.06,0.09999999999999998,True,True,True,True,True,True,True,True,True,-0.04191192239522934,0.014426354427136584,basket|link_0|link_1|link_2|link_3
0.135,-0.07999999999999996,0.09999999999999998,True,True,True,True,True,True,True,True,True,-0.04191192239522934,0.01696818770835944,basket|link_0|link_1|link_2|link_3
0.135,-0.09999999999999998,0.09999999999999998,True,True,True,True,True,True,True,True,True,-0.04191192239522934,0.02197701640734499,basket|link_0|link_1|link_2|link_3
0.135,-0.12,0.09999999999999998,True,True,True,True,True,True,True,True,True,-0.04191191494464874,0.028103506696035275,basket|link_0|link_1|link_2|link_3
0.135,-0.13999999999999996,0.09999999999999998,True,True,True,True,True,True,True,True,True,-0.04191191494464874,0.027265290821148626,basket|link_0|link_1|link_2|link_3
0.135,-0.15999999999999998,0.09999999999999998,True,True,True,True,True,True,True,True,True,-0.04191191494464874,0.0488061026597316,basket|link_0|link_1|link_2|link_3
0.135,-0.18,0.09999999999999998,True,True,True,True,True,True,True,True,True,-0.04191191494464874,0.04664234058097893,basket|link_0|link_1|link_2|link_3
0.135,-0.19999999999999998,0.09999999999999998,True,True,True,True,True,True,True,True,True,-0.02664169669151306,0.015317458218238777,basket|link_0|link_1|link_2|link_3
0.135,-0.21999999999999997,0.09999999999999998,True,True,True,True,True,True,True,True,True,-0.020959816873073578,0.019997106226258478,basket|link_0|link_1|link_2|link_3
0.135,-0.24,0.09999999999999998,True,True,True,True,True,True,True,True,True,-0.020959816873073578,0.021478830945078353,basket|link_0|link_1|link_2|link_3
0.135,-0.26,0.09999999999999998,True,True,True,True,True,True,True,True,True,-0.020959801971912384,0.02955984037587254,basket|link_0|link_1|link_2|link_3
0.135,-0.27999999999999997,0.09999999999999998,True,True,True,True,True,True,True,True,True,-0.020959801971912384,0.06267334672256106,basket|link_0|link_1|link_2|link_3
0.135,-0.3,0.09999999999999998,True,True,True,True,True,True,True,True,True,-0.020959801971912384,0.018692110353157886,basket|link_0|link_1|link_2|link_3
0.135,-0.31999999999999995,0.09999999999999998,True,True,True,True,True,True,True,True,True,-0.01332758367061615,0.033942721173540316,basket|link_0|link_1|link_2|link_3
0.135,-0.33999999999999997,0.09999999999999998,False,False,True,False,False,True,False,False,True,0.006578236818313599,1.4901161193847656e-08,basket|link_0|link_1|link_2|link_3
0.135,-0.36,0.09999999999999998,False,False,True,False,False,True,False,False,True,,1.4901161193847656e-08,link_1|link_2|link_3
0.135,-0.38,0.09999999999999998,False,False,True,False,False,True,False,False,True,,1.4901161193847656e-08,link_1|link_2|link_3
0.135,-0.39999999999999997,0.09999999999999998,False,False,True,False,False,True,False,False,True,,1.4901161193847656e-08,link_1|link_2|link_3
0.135,-0.42,0.09999999999999998,False,False,True,False,False,True,False,False,True,,1.4901161193847656e-08,link_1|link_2|link_3
0.135,0.42,0.07999999999999996,False,False,True,False,False,True,False,False,True,,1.4901161193847656e-08,link_1|link_2|link_3
0.135,0.4000000000000001,0.07999999999999996,False,False,True,False,False,True,False,False,True,,1.4901161193847656e-08,link_1|link_2|link_3
0.135,0.38000000000000006,0.07999999999999996,False,False,True,False,False,True,False,False,True,,1.4901161193847656e-08,link_1|link_2|link_3
0.135,0.36000000000000004,0.07999999999999996,False,False,True,False,False,True,False,False,True,,1.4901161193847656e-08,link_1|link_2|link_3
0.135,0.34,0.07999999999999996,False,False,True,False,False,True,False,False,True,0.004426747560501099,1.4901161193847656e-08,basket|link_0|link_1|link_2|link_3
0.135,0.32,0.07999999999999996,True,True,True,True,True,True,True,True,True,-0.015421509742736816,0.04930169091232938,basket|link_0|link_1|link_2|link_3
0.135,0.3,0.07999999999999996,True,True,True,True,True,True,True,True,True,-0.020959846675395966,0.008649187113455309,basket|link_0|link_1|link_2|link_3
0.135,0.2800000000000001,0.07999999999999996,True,True,True,True,True,True,True,True,True,-0.020959846675395966,0.030711528037821314,basket|link_0|link_1|link_2|link_3
0.135,0.26000000000000006,0.07999999999999996,True,True,True,True,True,True,True,True,True,-0.020959846675395966,0.022443375854750855,basket|link_0|link_1|link_2|link_3
0.135,0.24000000000000005,0.07999999999999996,True,True,True,True,True,True,True,True,True,-0.020959846675395966,0.01952707428038923,basket|link_0|link_1|link_2|link_3
0.135,0.22000000000000003,0.07999999999999996,True,True,True,True,True,True,True,True,True,-0.020959846675395966,0.018285018839594037,basket|link_0|link_1|link_2|link_3
0.135,0.2,0.07999999999999996,True,True,True,True,True,True,True,True,True,-0.025853551924228668,0.005881708145095894,basket|link_0|link_1|link_2|link_3
0.135,0.18,0.07999999999999996,True,True,True,True,True,True,True,True,True,-0.025854788720607758,0.006582521364675184,basket|link_0|link_1|link_2|link_3
0.135,0.15999999999999998,0.07999999999999996,True,True,True,True,True,True,True,True,True,-0.02585480362176895,0.0057769512196968265,basket|link_0|link_1|link_2|link_3
0.135,0.14000000000000007,0.07999999999999996,True,True,True,True,True,True,True,True,True,-0.02585480362176895,0.007014116343243288,basket|link_0|link_1|link_2|link_3
0.135,0.12000000000000005,0.07999999999999996,True,True,True,True,True,True,True,True,True,-0.02585480362176895,0.010309284037453795,basket|link_0|link_1|link_2|link_3
0.135,0.10000000000000003,0.07999999999999996,True,True,True,True,True,True,True,True,True,-0.02585480362176895,0.007673915694687226,basket|link_0|link_1|link_2|link_3
0.135,0.08000000000000002,0.07999999999999996,True,True,True,True,True,True,True,True,True,-0.02585480362176895,0.014486275027127698,basket|link_0|link_1|link_2|link_3
0.135,0.06,0.07999999999999996,True,True,True,True,True,True,True,True,True,-0.02585480362176895,0.018489300415246348,basket|link_0|link_1|link_2|link_3
0.135,0.040000000000000036,0.07999999999999996,True,True,True,True,True,True,True,True,True,-0.02585480362176895,0.017974657540906318,basket|link_0|link_1|link_2|link_3
0.135,0.020000000000000018,0.07999999999999996,True,True,True,True,True,True,True,True,True,-0.02585480362176895,0.020604288934691583,basket|link_0|link_1|link_2|link_3
0.135,0.0,0.07999999999999996,True,True,True,True,True,True,True,True,True,-0.02585480362176895,0.02083683252505871,basket|link_0|link_1|link_2|link_3
0.135,-0.019999999999999962,0.07999999999999996,True,True,True,True,True,True,True,True,True,-0.02585480362176895,0.017919567734726752,basket|link_0|link_1|link_2|link_3
0.135,-0.03999999999999998,0.07999999999999996,True,True,True,True,True,True,True,True,True,-0.02585480362176895,0.017879850113338615,basket|link_0|link_1|link_2|link_3
0.135,-0.06,0.07999999999999996,True,True,True,True,True,True,True,True,True,-0.02585480362176895,0.019339508258753572,basket|link_0|link_1|link_2|link_3
0.135,-0.07999999999999996,0.07999999999999996,True,True,True,True,True,True,True,True,True,-0.02585480362176895,0.019421016759055915,basket|link_0|link_1|link_2|link_3
0.135,-0.09999999999999998,0.07999999999999996,True,True,True,True,True,True,True,True,True,-0.02585480362176895,0.02324320940007385,basket|link_0|link_1|link_2|link_3
0.135,-0.12,0.07999999999999996,True,True,True,True,True,True,True,True,True,-0.02585480362176895,0.021299407547585445,basket|link_0|link_1|link_2|link_3
0.135,-0.13999999999999996,0.07999999999999996,True,True,True,True,True,True,True,True,True,-0.02585480362176895,0.016312344129846147,basket|link_0|link_1|link_2|link_3
0.135,-0.15999999999999998,0.07999999999999996,True,True,True,True,True,True,True,True,True,-0.02585480362176895,0.011694515850336186,basket|link_0|link_1|link_2|link_3
0.135,-0.18,0.07999999999999996,True,True,True,True,True,True,True,True,True,-0.02585480362176895,0.007872629276250492,basket|link_0|link_1|link_2|link_3
0.135,-0.19999999999999998,0.07999999999999996,True,True,True,True,True,True,True,True,True,-0.025854818522930145,0.007171590361238001,basket|link_0|link_1|link_2|link_3
0.135,-0.21999999999999997,0.07999999999999996,True,True,True,True,True,True,True,True,True,-0.020959816873073578,0.03970048596509773,basket|link_0|link_1|link_2|link_3
0.135,-0.24,0.07999999999999996,True,True,True,True,True,True,True,True,True,-0.020959816873073578,0.05016279792347916,basket|link_0|link_1|link_2|link_3
0.135,-0.26,0.07999999999999996,True,True,True,True,True,True,True,True,True,-0.020959816873073578,0.06508833204582472,basket|link_0|link_1|link_2|link_3
0.135,-0.27999999999999997,0.07999999999999996,True,True,True,True,True,True,True,True,True,-0.020959801971912384,0.06959778914323071,basket|link_0|link_1|link_2|link_3
0.135,-0.3,0.07999999999999996,True,True,True,True,True,True,True,True,True,-0.020959801971912384,0.029394824934615378,basket|link_0|link_1|link_2|link_3
0.135,-0.31999999999999995,0.07999999999999996,True,True,True,True,True,True,True,True,True,-0.01332758367061615,0.027532374369968894,basket|link_0|link_1|link_2|link_3
0.135,-0.33999999999999997,0.07999999999999996,False,False,True,False,False,True,False,False,True,0.006578236818313599,1.4901161193847656e-08,basket|link_0|link_1|link_2|link_3
0.135,-0.36,0.07999999999999996,False,False,True,False,False,True,False,False,True,,1.4901161193847656e-08,link_1|link_2|link_3
0.135,-0.38,0.07999999999999996,False,False,True,False,False,True,False,False,True,,1.4901161193847656e-08,link_1|link_2|link_3
0.135,-0.39999999999999997,0.07999999999999996,False,False,True,False,False,True,False,False,True,,1.4901161193847656e-08,link_1|link_2|link_3
0.135,-0.42,0.07999999999999996,False,False,True,False,False,True,False,False,True,,1.4901161193847656e-08,link_1|link_2|link_3
0.135,0.42,0.06,False,False,True,False,False,True,False,False,True,,1.4901161193847656e-08,link_1|link_2|link_3
0.135,0.4000000000000001,0.06,False,False,True,False,False,True,False,False,True,,1.4901161193847656e-08,link_1|link_2|link_3
0.135,0.38000000000000006,0.06,False,False,True,False,False,True,False,False,True,,1.4901161193847656e-08,link_1|link_2|link_3
0.135,0.36000000000000004,0.06,False,False,True,False,False,True,False,False,True,,1.4901161193847656e-08,link_1|link_2|link_3
0.135,0.34,0.06,False,False,True,False,False,True,False,False,True,0.004426747560501099,1.4901161193847656e-08,basket|link_0|link_1|link_2|link_3
0.135,0.32,0.06,True,True,True,True,True,True,True,True,True,-0.015421509742736816,0.07226347170814867,basket|link_0|link_1|link_2|link_3
0.135,0.3,0.06,True,True,True,True,True,True,True,True,True,-0.02095986157655716,0.011579308503972447,basket|link_0|link_1|link_2|link_3
0.135,0.2800000000000001,0.06,True,True,True,True,True,True,True,True,True,-0.02095986157655716,0.00847477386025114,basket|link_0|link_1|link_2|link_3
0.135,0.26000000000000006,0.06,True,True,True,True,True,True,True,True,True,-0.02095986157655716,0.00938554459342214,basket|link_0|link_1|link_2|link_3
0.135,0.24000000000000005,0.06,True,True,True,True,True,True,True,True,True,-0.02095986157655716,0.011491864582495407,basket|link_0|link_1|link_2|link_3
0.135,0.22000000000000003,0.06,True,True,True,True,True,True,True,True,True,-0.02095986157655716,0.005710116777259867,basket|link_0|link_1|link_2|link_3
0.135,0.2,0.06,True,True,True,True,True,True,True,True,True,-0.02095986157655716,0.007730277939045789,basket|link_0|link_1|link_2|link_3
0.135,0.18,0.06,True,True,True,True,True,True,True,True,True,-0.02095986157655716,0.002451359133642821,basket|link_0|link_1|link_2|link_3
0.135,0.15999999999999998,0.06,True,True,True,True,True,True,True,True,True,-0.020959846675395966,0.007507977105337873,basket|link_0|link_1|link_2|link_3
0.135,0.14000000000000007,0.06,True,True,True,True,True,True,True,True,True,-0.020959846675395966,0.007965586043333906,basket|link_0|link_1|link_2|link_3
0.135,0.12000000000000005,0.06,True,True,True,True,True,True,True,True,True,-0.020959846675395966,0.006714166669984533,basket|link_0|link_1|link_2|link_3
0.135,0.10000000000000003,0.06,True,True,True,True,True,True,True,True,True,-0.020959846675395966,0.007958056776992711,basket|link_0|link_1|link_2|link_3
0.135,0.08000000000000002,0.06,True,True,True,True,True,True,True,True,True,-0.02095986157655716,0.00821685219199471,basket|link_0|link_1|link_2|link_3
0.135,0.06,0.06,True,True,True,True,True,True,True,True,True,-0.02095986157655716,0.007907537427751223,basket|link_0|link_1|link_2|link_3
0.135,0.040000000000000036,0.06,True,True,True,True,True,True,True,True,True,-0.02095986157655716,0.008588985188826455,basket|link_0|link_1|link_2|link_3
0.135,0.020000000000000018,0.06,True,True,True,True,True,True,True,True,True,-0.020959846675395966,0.008526389475208028,basket|link_0|link_1|link_2|link_3
0.135,0.0,0.06,True,True,True,True,True,True,True,True,True,-0.020959846675395966,0.007226299204707203,basket|link_0|link_1|link_2|link_3
0.135,-0.019999999999999962,0.06,True,True,True,True,True,True,True,True,True,-0.020959846675395966,0.007528661146755259,basket|link_0|link_1|link_2|link_3
0.135,-0.03999999999999998,0.06,True,True,True,True,True,True,True,True,True,-0.020959846675395966,0.008520109575674216,basket|link_0|link_1|link_2|link_3
0.135,-0.06,0.06,True,True,True,True,True,True,True,True,True,-0.020959846675395966,0.008572333525792454,basket|link_0|link_1|link_2|link_3
0.135,-0.07999999999999996,0.06,True,True,True,True,True,True,True,True,True,-0.020959846675395966,0.008600043204692565,basket|link_0|link_1|link_2|link_3
0.135,-0.09999999999999998,0.06,True,True,True,True,True,True,True,True,True,-0.020959846675395966,0.01151961836205003,basket|link_0|link_1|link_2|link_3
0.135,-0.12,0.06,True,True,True,True,True,True,True,True,True,-0.02095983177423477,0.006849467772462258,basket|link_0|link_1|link_2|link_3
0.135,-0.13999999999999996,0.06,True,True,True,True,True,True,True,True,True,-0.02095983177423477,0.014430252366288143,basket|link_0|link_1|link_2|link_3
0.135,-0.15999999999999998,0.06,True,True,True,True,True,True,True,True,True,-0.02095983177423477,0.012960002977868897,basket|link_0|link_1|link_2|link_3
0.135,-0.18,0.06,True,True,True,True,True,True,True,True,True,-0.02095983177423477,0.013779735201733525,basket|link_0|link_1|link_2|link_3
0.135,-0.19999999999999998,0.06,True,True,True,True,True,True,True,True,True,-0.02095983177423477,0.015397620084497845,basket|link_0|link_1|link_2|link_3
0.135,-0.21999999999999997,0.06,True,True,True,True,True,True,True,True,True,-0.02095983177423477,0.01386773524202633,basket|link_0|link_1|link_2|link_3
0.135,-0.24,0.06,True,True,True,True,True,True,True,True,True,-0.020959816873073578,0.02009888916261212,basket|link_0|link_1|link_2|link_3
0.135,-0.26,0.06,True,True,True,True,True,True,True,True,True,-0.020959816873073578,0.031058862575110126,basket|link_0|link_1|link_2|link_3
0.135,-0.27999999999999997,0.06,True,True,True,True,True,True,True,True,True,-0.020959816873073578,0.06985401410540223,basket|link_0|link_1|link_2|link_3
0.135,-0.3,0.06,True,True,True,True,True,True,True,True,True,-0.020959816873073578,0.02426911744167903,basket|link_0|link_1|link_2|link_3
0.135,-0.31999999999999995,0.06,True,True,True,True,True,True,True,True,True,-0.01332758367061615,0.03080605365495472,basket|link_0|link_1|link_2|link_3
0.135,-0.33999999999999997,0.06,False,False,True,False,False,True,False,False,True,0.006578236818313599,1.4901161193847656e-08,basket|link_0|link_1|link_2|link_3
0.135,-0.36,0.06,False,False,True,False,False,True,False,False,True,,1.4901161193847656e-08,link_1|link_2|link_3
0.135,-0.38,0.06,False,False,True,False,False,True,False,False,True,,1.4901161193847656e-08,link_1|link_2|link_3
0.135,-0.39999999999999997,0.06,False,False,True,False,False,True,False,False,True,,1.4901161193847656e-08,link_1|link_2|link_3
0.135,-0.42,0.06,False,False,True,False,False,True,False,False,True,,1.4901161193847656e-08,link_1|link_2|link_3
0.135,0.42,0.03999999999999998,False,False,True,False,False,True,False,False,True,,1.4901161193847656e-08,link_1|link_2|link_3
0.135,0.4000000000000001,0.03999999999999998,False,False,True,False,False,True,False,False,True,,1.4901161193847656e-08,link_1|link_2|link_3
0.135,0.38000000000000006,0.03999999999999998,False,False,True,False,False,True,False,False,True,,1.4901161193847656e-08,link_1|link_2|link_3
0.135,0.36000000000000004,0.03999999999999998,False,False,True,False,False,True,False,False,True,,1.4901161193847656e-08,link_1|link_2|link_3
0.135,0.34,0.03999999999999998,False,False,True,False,False,True,False,False,True,0.004426747560501099,1.4901161193847656e-08,basket|link_0|link_1|link_2|link_3
0.135,0.32,0.03999999999999998,True,True,True,True,True,True,True,True,True,-0.015421509742736816,0.033899208616030824,basket|link_0|link_1|link_2|link_3
0.135,0.3,0.03999999999999998,True,True,True,True,True,True,True,True,True,-0.020959876477718353,0.03371840721436805,basket|link_0|link_1|link_2|link_3
0.135,0.2800000000000001,0.03999999999999998,True,True,True,True,True,True,True,True,True,-0.020959876477718353,0.04377864985375541,basket|link_0|link_1|link_2|link_3
0.135,0.26000000000000006,0.03999999999999998,True,True,True,True,True,True,True,True,True,-0.02095986157655716,0.016353161196666577,basket|link_0|link_1|link_2|link_3
0.135,0.24000000000000005,0.03999999999999998,True,True,True,True,True,True,True,True,True,-0.02095986157655716,0.01288433070405923,basket|link_0|link_1|link_2|link_3
0.135,0.22000000000000003,0.03999999999999998,True,True,True,True,True,True,True,True,True,-0.02095986157655716,0.00487521791300194,basket|link_0|link_1|link_2|link_3
0.135,0.2,0.03999999999999998,True,True,True,True,True,True,True,True,True,-0.02095986157655716,0.0027783365349047825,basket|link_0|link_1|link_2|link_3
0.135,0.18,0.03999999999999998,True,True,True,True,True,True,True,True,True,-0.02095986157655716,0.002387146767983677,basket|link_0|link_1|link_2|link_3
0.135,0.15999999999999998,0.03999999999999998,True,True,True,True,True,True,True,True,True,-0.02095986157655716,0.002453949563072951,basket|link_0|link_1|link_2|link_3
0.135,0.14000000000000007,0.03999999999999998,True,True,True,True,True,True,True,True,True,-0.020959846675395966,0.004412844766037325,basket|link_0|link_1|link_2|link_3
0.135,0.12000000000000005,0.03999999999999998,True,True,True,True,True,True,True,True,True,-0.020959846675395966,0.002631048065204712,basket|link_0|link_1|link_2|link_3
0.135,0.10000000000000003,0.03999999999999998,True,True,True,True,True,True,True,True,True,-0.020959846675395966,0.001794780041608035,basket|link_0|link_1|link_2|link_3
0.135,0.08000000000000002,0.03999999999999998,True,True,True,True,True,True,True,True,True,-0.02095986157655716,0.001200381981526666,basket|link_0|link_1|link_2|link_3
0.135,0.06,0.03999999999999998,True,True,True,True,True,True,True,True,True,-0.02095986157655716,0.0016385467031877939,basket|link_0|link_1|link_2|link_3
0.135,0.040000000000000036,0.03999999999999998,True,True,True,True,True,True,True,True,True,-0.02095986157655716,0.0013731984178581378,basket|link_0|link_1|link_2|link_3
0.135,0.020000000000000018,0.03999999999999998,True,True,True,True,True,True,True,True,True,-0.02095986157655716,0.0015247368684088176,basket|link_0|link_1|link_2|link_3
0.135,0.0,0.03999999999999998,True,True,True,True,True,True,True,True,True,-0.02095986157655716,0.0015008005537248841,basket|link_0|link_1|link_2|link_3
0.135,-0.019999999999999962,0.03999999999999998,True,True,True,True,True,True,True,True,True,-0.020959846675395966,0.0011700096387925291,basket|link_0|link_1|link_2|link_3
0.135,-0.03999999999999998,0.03999999999999998,True,True,True,True,True,True,True,True,True,-0.020959846675395966,0.001557447346341229,basket|link_0|link_1|link_2|link_3
0.135,-0.06,0.03999999999999998,True,True,True,True,True,True,True,True,True,-0.020959846675395966,0.0016079959982318371,basket|link_0|link_1|link_2|link_3
0.135,-0.07999999999999996,0.03999999999999998,True,True,True,True,True,True,True,True,True,-0.020959846675395966,0.0016514503093591271,basket|link_0|link_1|link_2|link_3
0.135,-0.09999999999999998,0.03999999999999998,True,True,True,True,True,True,True,True,True,-0.020959846675395966,0.0016070810198307213,basket|link_0|link_1|link_2|link_3
0.135,-0.12,0.03999999999999998,True,True,True,True,True,True,True,True,True,-0.020959846675395966,0.0016234948006773819,basket|link_0|link_1|link_2|link_3
0.135,-0.13999999999999996,0.03999999999999998,True,True,True,True,True,True,True,True,True,-0.02095983177423477,0.0014208613411518405,basket|link_0|link_1|link_2|link_3
0.135,-0.15999999999999998,0.03999999999999998,True,True,True,True,True,True,True,True,True,-0.02095983177423477,0.005058498006605548,basket|link_0|link_1|link_2|link_3
0.135,-0.18,0.03999999999999998,True,True,True,True,True,True,True,True,True,-0.02095983177423477,0.011103958136316129,basket|link_0|link_1|link_2|link_3
0.135,-0.19999999999999998,0.03999999999999998,True,True,True,True,True,True,True,True,True,-0.02095983177423477,0.013701466937178091,basket|link_0|link_1|link_2|link_3
0.135,-0.21999999999999997,0.03999999999999998,True,True,True,True,True,True,True,True,True,-0.02095983177423477,0.014075050934134093,basket|link_0|link_1|link_2|link_3
0.135,-0.24,0.03999999999999998,True,True,True,True,True,True,True,True,True,-0.02095983177423477,0.013536782282161616,basket|link_0|link_1|link_2|link_3
0.135,-0.26,0.03999999999999998,True,True,True,True,True,True,True,True,True,-0.020959816873073578,0.02907663307888121,basket|link_0|link_1|link_2|link_3
0.135,-0.27999999999999997,0.03999999999999998,True,True,True,True,True,True,True,True,True,-0.020959816873073578,0.07165919719732955,basket|link_0|link_1|link_2|link_3
0.135,-0.3,0.03999999999999998,True,True,True,True,True,True,True,True,True,-0.020959816873073578,0.028425320190318907,basket|link_0|link_1|link_2|link_3
0.135,-0.31999999999999995,0.03999999999999998,True,True,True,True,True,True,True,True,True,-0.013416588306427002,0.03714241157996424,basket|link_0|link_1|link_2|link_3
0.135,-0.33999999999999997,0.03999999999999998,False,False,True,False,False,True,False,False,True,0.006578236818313599,1.4901161193847656e-08,basket|link_0|link_1|link_2|link_3
0.135,-0.36,0.03999999999999998,False,False,True,False,False,True,False,False,True,,1.4901161193847656e-08,link_1|link_2|link_3
0.135,-0.38,0.03999999999999998,False,False,True,False,False,True,False,False,True,,1.4901161193847656e-08,link_1|link_2|link_3
0.135,-0.39999999999999997,0.03999999999999998,False,False,True,False,False,True,False,False,True,,1.4901161193847656e-08,link_1|link_2|link_3
0.135,-0.42,0.03999999999999998,False,False,True,False,False,True,False,False,True,,1.4901161193847656e-08,link_1|link_2|link_3
0.135,0.42,0.019999999999999962,False,False,True,False,False,True,False,False,True,,1.4901161193847656e-08,link_1|link_2|link_3
0.135,0.4000000000000001,0.019999999999999962,False,False,True,False,False,True,False,False,True,,1.4901161193847656e-08,link_1|link_2|link_3
0.135,0.38000000000000006,0.019999999999999962,False,False,True,False,False,True,False,False,True,,1.4901161193847656e-08,link_1|link_2|link_3
0.135,0.36000000000000004,0.019999999999999962,False,False,True,False,False,True,False,False,True,,1.4901161193847656e-08,link_1|link_2|link_3
0.135,0.34,0.019999999999999962,False,False,True,False,False,True,False,False,True,0.004426747560501099,1.4901161193847656e-08,basket|link_0|link_1|link_2|link_3
0.135,0.32,0.019999999999999962,True,True,True,True,True,True,True,True,True,-0.015421509742736816,0.0605152677626638,basket|link_0|link_1|link_2|link_3
0.135,0.3,0.019999999999999962,True,True,True,True,True,True,True,True,True,-0.020959876477718353,0.03797516048062668,basket|link_0|link_1|link_2|link_3
0.135,0.2800000000000001,0.019999999999999962,True,True,True,True,True,True,True,True,True,-0.020959876477718353,0.04738148618433272,basket|link_0|link_1|link_2|link_3
0.135,0.26000000000000006,0.019999999999999962,True,True,True,True,True,True,True,True,True,-0.020959876477718353,0.015502926423231865,basket|link_0|link_1|link_2|link_3
0.135,0.24000000000000005,0.019999999999999962,True,True,True,True,True,True,True,True,True,-0.02095986157655716,0.007126071147358486,basket|link_0|link_1|link_2|link_3
0.135,0.22000000000000003,0.019999999999999962,True,True,True,True,True,True,True,True,True,-0.02095986157655716,0.00461358428926649,basket|link_0|link_1|link_2|link_3
0.135,0.2,0.019999999999999962,True,True,True,True,True,True,True,True,True,-0.02095986157655716,0.003754584255446769,basket|link_0|link_1|link_2|link_3
0.135,0.18,0.019999999999999962,True,True,True,True,True,True,True,True,True,-0.02095986157655716,0.0030604826264710237,basket|link_0|link_1|link_2|link_3
0.135,0.15999999999999998,0.019999999999999962,True,True,True,True,True,True,True,True,True,-0.02095986157655716,0.0037301318403332893,basket|link_0|link_1|link_2|link_3
0.135,0.14000000000000007,0.019999999999999962,True,True,True,True,True,True,True,True,True,-0.02095986157655716,0.006426364633817291,basket|link_0|link_1|link_2|link_3
0.135,0.12000000000000005,0.019999999999999962,True,True,True,True,True,True,True,True,True,-0.020959846675395966,0.002097155194764117,basket|link_0|link_1|link_2|link_3
0.135,0.10000000000000003,0.019999999999999962,True,True,True,True,True,True,True,True,True,-0.020959846675395966,0.0019262706954254827,basket|link_0|link_1|link_2|link_3
0.135,0.08000000000000002,0.019999999999999962,True,True,True,True,True,True,True,True,True,-0.02095986157655716,0.0032812290205945687,basket|link_0|link_1|link_2|link_3
0.135,0.06,0.019999999999999962,True,True,True,True,True,True,True,True,True,-0.02095986157655716,0.004821704002299302,basket|link_0|link_1|link_2|link_3
0.135,0.040000000000000036,0.019999999999999962,True,True,True,True,True,True,True,True,True,-0.02095986157655716,0.0037228324208564644,basket|link_0|link_1|link_2|link_3
0.135,0.020000000000000018,0.019999999999999962,True,True,True,True,True,True,True,True,True,-0.02095986157655716,0.0036948214582285845,basket|link_0|link_1|link_2|link_3
0.135,0.0,0.019999999999999962,True,True,True,True,True,True,True,True,True,-0.02095986157655716,0.0038185827868050153,basket|link_0|link_1|link_2|link_3
0.135,-0.019999999999999962,0.019999999999999962,True,True,True,True,True,True,True,True,True,-0.02095986157655716,0.0038267910451687598,basket|link_0|link_1|link_2|link_3
0.135,-0.03999999999999998,0.019999999999999962,True,True,True,True,True,True,True,True,True,-0.020959846675395966,0.003887313899203095,basket|link_0|link_1|link_2|link_3
0.135,-0.06,0.019999999999999962,True,True,True,True,True,True,True,True,True,-0.020959846675395966,0.003773629189690221,basket|link_0|link_1|link_2|link_3
0.135,-0.07999999999999996,0.019999999999999962,True,True,True,True,True,True,True,True,True,-0.020959846675395966,0.003783109482872946,basket|link_0|link_1|link_2|link_3
0.135,-0.09999999999999998,0.019999999999999962,True,True,True,True,True,True,True,True,True,-0.020959846675395966,0.0013391358428063306,basket|link_0|link_1|link_2|link_3
0.135,-0.12,0.019999999999999962,True,True,True,True,True,True,True,True,True,-0.020959846675395966,0.003622381743538387,basket|link_0|link_1|link_2|link_3
0.135,-0.13999999999999996,0.019999999999999962,True,True,True,True,True,True,True,True,True,-0.020959846675395966,0.0039543997343894546,basket|link_0|link_1|link_2|link_3
0.135,-0.15999999999999998,0.019999999999999962,True,True,True,True,True,True,True,True,True,-0.02095983177423477,0.015145036716872087,basket|link_0|link_1|link_2|link_3
0.135,-0.18,0.019999999999999962,True,True,True,True,True,True,True,True,True,-0.02095983177423477,0.020227731380784535,basket|link_0|link_1|link_2|link_3
0.135,-0.19999999999999998,0.019999999999999962,True,True,True,True,True,True,True,True,True,-0.02095983177423477,0.023284085061675577,basket|link_0|link_1|link_2|link_3
0.135,-0.21999999999999997,0.019999999999999962,True,True,True,True,True,True,True,True,True,-0.02095983177423477,0.023903160392300664,basket|link_0|link_1|link_2|link_3
0.135,-0.24,0.019999999999999962,True,True,True,True,True,True,True,True,True,-0.02095983177423477,0.018301843504575588,basket|link_0|link_1|link_2|link_3
0.135,-0.26,0.019999999999999962,True,True,True,True,True,True,True,True,True,-0.02095983177423477,0.030116646791122928,basket|link_0|link_1|link_2|link_3
0.135,-0.27999999999999997,0.019999999999999962,True,True,True,True,True,True,True,True,True,-0.020959816873073578,0.07931926986591938,basket|link_0|link_1|link_2|link_3
0.135,-0.3,0.019999999999999962,True,True,True,True,True,True,True,True,True,-0.020959816873073578,0.03491478621996289,basket|link_0|link_1|link_2|link_3
0.135,-0.31999999999999995,0.019999999999999962,True,True,True,True,True,True,True,True,True,-0.013416588306427002,0.043671221715857154,basket|link_0|link_1|link_2|link_3
0.135,-0.33999999999999997,0.019999999999999962,False,False,True,False,False,True,False,False,True,0.006578236818313599,1.4901161193847656e-08,basket|link_0|link_1|link_2|link_3
0.135,-0.36,0.019999999999999962,False,False,True,False,False,True,False,False,True,,1.4901161193847656e-08,link_1|link_2|link_3
0.135,-0.38,0.019999999999999962,False,False,True,False,False,True,False,False,True,,1.4901161193847656e-08,link_1|link_2|link_3
0.135,-0.39999999999999997,0.019999999999999962,False,False,True,False,False,True,False,False,True,,1.4901161193847656e-08,link_1|link_2|link_3
0.135,-0.42,0.019999999999999962,False,False,True,False,False,True,False,False,True,,1.4901161193847656e-08,link_1|link_2|link_3
0.135,0.42,0.0,False,False,True,False,False,True,False,False,True,,1.4901161193847656e-08,link_1|link_2|link_3
0.135,0.4000000000000001,0.0,False,False,True,False,False,True,False,False,True,,1.4901161193847656e-08,link_1|link_2|link_3
0.135,0.38000000000000006,0.0,False,False,True,False,False,True,False,False,True,,1.4901161193847656e-08,link_1|link_2|link_3
0.135,0.36000000000000004,0.0,False,False,True,False,False,True,False,False,True,,1.4901161193847656e-08,link_1|link_2|link_3
0.135,0.34,0.0,False,False,True,False,False,True,False,False,True,0.004426747560501099,1.4901161193847656e-08,basket|link_0|link_1|link_2|link_3
0.135,0.32,0.0,True,True,True,True,True,True,True,True,True,-0.015421509742736816,0.06570375542588487,basket|link_0|link_1|link_2|link_3
0.135,0.3,0.0,True,True,True,True,True,True,True,True,True,-0.020959876477718353,0.022830512100265148,basket|link_0|link_1|link_2|link_3
0.135,0.2800000000000001,0.0,True,True,True,True,True,True,True,True,True,-0.020959876477718353,0.003534815366148054,basket|link_0|link_1|link_2|link_3
0.135,0.26000000000000006,0.0,True,True,True,True,True,True,True,True,True,-0.020959876477718353,0.0039539730527999115,basket|link_0|link_1|link_2|link_3
0.135,0.24000000000000005,0.0,True,True,True,True,True,True,True,True,True,-0.020959876477718353,0.005387758294564743,basket|link_0|link_1|link_2|link_3
0.135,0.22000000000000003,0.0,True,True,True,True,True,True,True,True,True,-0.02095986157655716,0.004317623963746236,basket|link_0|link_1|link_2|link_3
0.135,0.2,0.0,True,True,True,True,True,True,True,True,True,-0.02095986157655716,0.003955080299466775,basket|link_0|link_1|link_2|link_3
0.135,0.18,0.0,True,True,True,True,True,True,True,True,True,-0.02095986157655716,0.004132688898185298,basket|link_0|link_1|link_2|link_3
0.135,0.15999999999999998,0.0,True,True,True,True,True,True,True,True,True,-0.02095986157655716,0.004935800690389193,basket|link_0|link_1|link_2|link_3
0.135,0.14000000000000007,0.0,True,True,True,True,True,True,True,True,True,-0.02095986157655716,0.008326437224338516,basket|link_0|link_1|link_2|link_3
0.135,0.12000000000000005,0.0,True,True,True,True,True,True,True,True,True,-0.02095986157655716,0.006183068308294518,basket|link_0|link_1|link_2|link_3
0.135,0.10000000000000003,0.0,True,True,True,True,True,True,True,True,True,-0.020959846675395966,0.0065432900960744516,basket|link_0|link_1|link_2|link_3
0.135,0.08000000000000002,0.0,True,True,True,True,True,True,True,True,True,-0.02095986157655716,0.00556944029563167,basket|link_0|link_1|link_2|link_3
0.135,0.06,0.0,True,True,True,True,True,True,True,True,True,-0.02095986157655716,0.005176067390050808,basket|link_0|link_1|link_2|link_3
0.135,0.040000000000000036,0.0,True,True,True,True,True,True,True,True,True,-0.02095986157655716,0.005340584182391696,basket|link_0|link_1|link_2|link_3
0.135,0.020000000000000018,0.0,True,True,True,True,True,True,True,True,True,-0.02095986157655716,0.005606234115879494,basket|link_0|link_1|link_2|link_3
0.135,0.0,0.0,True,True,True,True,True,True,True,True,True,-0.02095986157655716,0.0052212841455067955,basket|link_0|link_1|link_2|link_3
0.135,-0.019999999999999962,0.0,True,True,True,True,True,True,True,True,True,-0.02095986157655716,0.003706047531186023,basket|link_0|link_1|link_2|link_3
0.135,-0.03999999999999998,0.0,True,True,True,True,True,True,True,True,True,-0.02095986157655716,0.005575217193695447,basket|link_0|link_1|link_2|link_3
0.135,-0.06,0.0,True,True,True,True,True,True,True,True,True,-0.020959846675395966,0.005598340295642414,basket|link_0|link_1|link_2|link_3
0.135,-0.07999999999999996,0.0,True,True,True,True,True,True,True,True,True,-0.020959846675395966,0.005511321151558091,basket|link_0|link_1|link_2|link_3
0.135,-0.09999999999999998,0.0,True,True,True,True,True,True,True,True,True,-0.020959846675395966,0.005725071527190289,basket|link_0|link_1|link_2|link_3
0.135,-0.12,0.0,True,True,True,True,True,True,True,True,True,-0.020959846675395966,0.006144311810703068,basket|link_0|link_1|link_2|link_3
0.135,-0.13999999999999996,0.0,True,True,True,True,True,True,True,True,True,-0.020959846675395966,0.014247487222578181,basket|link_0|link_1|link_2|link_3
0.135,-0.15999999999999998,0.0,True,True,True,True,True,True,True,True,True,-0.020959846675395966,0.010430477438672285,basket|link_0|link_1|link_2|link_3
0.135,-0.18,0.0,True,True,True,True,True,True,True,True,True,-0.02095983177423477,0.014722989349776875,basket|link_0|link_1|link_2|link_3
0.135,-0.19999999999999998,0.0,True,True,True,True,True,True,True,True,True,-0.02095983177423477,0.017991578078842562,basket|link_0|link_1|link_2|link_3
0.135,-0.21999999999999997,0.0,True,True,True,True,True,True,True,True,True,-0.02095983177423477,0.022762010280248136,basket|link_0|link_1|link_2|link_3
0.135,-0.24,0.0,True,True,True,True,True,True,True,True,True,-0.02095983177423477,0.02187441253200582,basket|link_0|link_1|link_2|link_3
0.135,-0.26,0.0,True,True,True,True,True,True,True,True,True,-0.02095983177423477,0.027577223667896583,basket|link_0|link_1|link_2|link_3
0.135,-0.27999999999999997,0.0,True,True,True,True,True,True,True,True,True,-0.02095983177423477,0.07971291278608644,basket|link_0|link_1|link_2|link_3
0.135,-0.3,0.0,True,True,True,True,True,True,True,True,True,-0.020959816873073578,0.028277797782231433,basket|link_0|link_1|link_2|link_3
0.135,-0.31999999999999995,0.0,True,True,True,True,True,True,True,True,True,-0.013416588306427002,0.029993913283454077,basket|link_0|link_1|link_2|link_3
0.135,-0.33999999999999997,0.0,False,False,True,False,False,True,False,False,True,0.006578236818313599,1.4901161193847656e-08,basket|link_0|link_1|link_2|link_3
0.135,-0.36,0.0,False,False,True,False,False,True,False,False,True,,1.4901161193847656e-08,link_1|link_2|link_3
0.135,-0.38,0.0,False,False,True,False,False,True,False,False,True,,1.4901161193847656e-08,link_1|link_2|link_3
0.135,-0.39999999999999997,0.0,False,False,True,False,False,True,False,False,True,,1.4901161193847656e-08,link_1|link_2|link_3
0.135,-0.42,0.0,False,False,True,False,False,True,False,False,True,,1.4901161193847656e-08,link_1|link_2|link_3
0.135,0.42,-0.020000000000000018,False,False,True,False,False,True,False,False,True,,1.4901161193847656e-08,link_1|link_2|link_3
0.135,0.4000000000000001,-0.020000000000000018,False,False,True,False,False,True,False,False,True,,1.4901161193847656e-08,link_1|link_2|link_3
0.135,0.38000000000000006,-0.020000000000000018,False,False,True,False,False,True,False,False,True,,1.4901161193847656e-08,link_1|link_2|link_3
0.135,0.36000000000000004,-0.020000000000000018,False,False,True,False,False,True,False,False,True,,1.4901161193847656e-08,link_1|link_2|link_3
0.135,0.34,-0.020000000000000018,False,False,True,False,False,True,False,False,True,0.004426747560501099,1.4901161193847656e-08,basket|link_0|link_1|link_2|link_3
0.135,0.32,-0.020000000000000018,True,True,True,True,True,True,True,True,True,-0.015421509742736816,0.03813497436290594,basket|link_0|link_1|link_2|link_3
0.135,0.3,-0.020000000000000018,True,True,True,True,True,True,True,True,True,-0.020959876477718353,0.012248123605605848,basket|link_0|link_1|link_2|link_3
0.135,0.2800000000000001,-0.020000000000000018,True,True,True,True,True,True,True,True,True,-0.020959876477718353,0.026365711527895627,basket|link_0|link_1|link_2|link_3
0.135,0.26000000000000006,-0.020000000000000018,True,True,True,True,True,True,True,True,True,-0.020959876477718353,0.010218752690549138,basket|link_0|link_1|link_2|link_3
0.135,0.24000000000000005,-0.020000000000000018,True,True,True,True,True,True,True,True,True,-0.020959876477718353,0.011684202328091834,basket|link_0|link_1|link_2|link_3
0.135,0.22000000000000003,-0.020000000000000018,True,True,True,True,True,True,True,True,True,-0.020959876477718353,0.0119989787117725,basket|link_0|link_1|link_2|link_3
0.135,0.2,-0.020000000000000018,True,True,True,True,True,True,True,True,True,-0.02095986157655716,0.012131998418412355,basket|link_0|link_1|link_2|link_3
0.135,0.18,-0.020000000000000018,True,True,True,True,True,True,True,True,True,-0.02095986157655716,0.013167682940888298,basket|link_0|link_1|link_2|link_3
0.135,0.15999999999999998,-0.020000000000000018,True,True,True,True,True,True,True,True,True,-0.02095986157655716,0.007358803207770717,basket|link_0|link_1|link_2|link_3
0.135,0.14000000000000007,-0.020000000000000018,True,True,True,True,True,True,True,True,True,-0.02095986157655716,0.007724917183513649,basket|link_0|link_1|link_2|link_3
0.135,0.12000000000000005,-0.020000000000000018,True,True,True,True,True,True,True,True,True,-0.02095986157655716,0.003749138645989466,basket|link_0|link_1|link_2|link_3
0.135,0.10000000000000003,-0.020000000000000018,True,True,True,True,True,True,True,True,True,-0.02095986157655716,0.0016163978251305185,basket|link_0|link_1|link_2|link_3
0.135,0.08000000000000002,-0.020000000000000018,True,True,True,True,True,True,True,True,True,-0.020959876477718353,0.003609020615392369,basket|link_0|link_1|link_2|link_3
0.135,0.06,-0.020000000000000018,True,True,True,True,True,True,True,True,True,-0.02095986157655716,0.004867917387489929,basket|link_0|link_1|link_2|link_3
0.135,0.040000000000000036,-0.020000000000000018,True,True,True,True,True,True,True,True,True,-0.02095986157655716,0.0037362863306626836,basket|link_0|link_1|link_2|link_3
0.135,0.020000000000000018,-0.020000000000000018,True,True,True,True,True,True,True,True,True,-0.02095986157655716,0.003598015261924421,basket|link_0|link_1|link_2|link_3
0.135,0.0,-0.020000000000000018,True,True,True,True,True,True,True,True,True,-0.02095986157655716,0.0009678935729945721,basket|link_0|link_1|link_2|link_3
0.135,-0.019999999999999962,-0.020000000000000018,True,True,True,True,True,True,True,True,True,-0.02095986157655716,0.0012522013638713479,basket|link_0|link_1|link_2|link_3
0.135,-0.03999999999999998,-0.020000000000000018,True,True,True,True,True,True,True,True,True,-0.02095986157655716,0.0012980972549647607,basket|link_0|link_1|link_2|link_3
0.135,-0.06,-0.020000000000000018,True,True,True,True,True,True,True,True,True,-0.02095986157655716,0.0077969788311414365,basket|link_0|link_1|link_2|link_3
0.135,-0.07999999999999996,-0.020000000000000018,True,True,True,True,True,True,True,True,True,-0.020959846675395966,0.007225200340328733,basket|link_0|link_1|link_2|link_3
0.135,-0.09999999999999998,-0.020000000000000018,True,True,True,True,True,True,True,True,True,-0.020959846675395966,0.011348692390687296,basket|link_0|link_1|link_2|link_3
0.135,-0.12,-0.020000000000000018,True,True,True,True,True,True,True,True,True,-0.020959846675395966,0.005394842757251706,basket|link_0|link_1|link_2|link_3
0.135,-0.13999999999999996,-0.020000000000000018,True,True,True,True,True,True,True,True,True,-0.020959846675395966,0.001395257372862515,basket|link_0|link_1|link_2|link_3
0.135,-0.15999999999999998,-0.020000000000000018,True,True,True,True,True,True,True,True,True,-0.020959846675395966,0.016190438005047072,basket|link_0|link_1|link_2|link_3
0.135,-0.18,-0.020000000000000018,True,True,True,True,True,True,True,True,True,-0.020959846675395966,0.009680990661761162,basket|link_0|link_1|link_2|link_3
0.135,-0.19999999999999998,-0.020000000000000018,True,True,True,True,True,True,True,True,True,-0.02095983177423477,0.015525791232043484,basket|link_0|link_1|link_2|link_3
0.135,-0.21999999999999997,-0.020000000000000018,True,True,True,True,True,True,True,True,True,-0.02095983177423477,0.01840778282710541,basket|link_0|link_1|link_2|link_3
0.135,-0.24,-0.020000000000000018,True,True,True,True,True,True,True,True,True,-0.02095983177423477,0.017676542938778555,basket|link_0|link_1|link_2|link_3
0.135,-0.26,-0.020000000000000018,True,True,True,True,True,True,True,True,True,-0.02095983177423477,0.03068706668377044,basket|link_0|link_1|link_2|link_3
0.135,-0.27999999999999997,-0.020000000000000018,True,True,True,True,True,True,True,True,True,-0.02095983177423477,0.07642628471448765,basket|link_0|link_1|link_2|link_3
0.135,-0.3,-0.020000000000000018,True,True,True,True,True,True,True,True,True,-0.02095983177423477,0.0301242693597847,basket|link_0|link_1|link_2|link_3
0.135,-0.31999999999999995,-0.020000000000000018,True,True,True,True,True,True,True,True,True,-0.013416588306427002,0.02655570647561476,basket|link_0|link_1|link_2|link_3
0.135,-0.33999999999999997,-0.020000000000000018,False,False,True,False,False,True,False,False,True,0.006578236818313599,1.4901161193847656e-08,basket|link_0|link_1|link_2|link_3
0.135,-0.36,-0.020000000000000018,False,False,True,False,False,True,False,False,True,,1.4901161193847656e-08,link_1|link_2|link_3
0.135,-0.38,-0.020000000000000018,False,False,True,False,False,True,False,False,True,,1.4901161193847656e-08,link_1|link_2|link_3
0.135,-0.39999999999999997,-0.020000000000000018,False,False,True,False,False,True,False,False,True,,1.4901161193847656e-08,link_1|link_2|link_3
0.135,-0.42,-0.020000000000000018,False,False,True,False,False,True,False,False,True,,1.4901161193847656e-08,link_1|link_2|link_3
0.135,0.42,-0.040000000000000036,False,False,True,False,False,True,False,False,True,,1.4901161193847656e-08,link_1|link_2|link_3
0.135,0.4000000000000001,-0.040000000000000036,False,False,True,False,False,True,False,False,True,,1.4901161193847656e-08,link_1|link_2|link_3
0.135,0.38000000000000006,-0.040000000000000036,False,False,True,False,False,True,False,False,True,,1.4901161193847656e-08,link_1|link_2|link_3
0.135,0.36000000000000004,-0.040000000000000036,False,False,True,False,False,True,False,False,True,,1.4901161193847656e-08,link_1|link_2|link_3
0.135,0.34,-0.040000000000000036,False,False,True,False,False,True,False,False,True,0.004426747560501099,1.4901161193847656e-08,basket|link_0|link_1|link_2|link_3
0.135,0.32,-0.040000000000000036,True,True,True,True,True,True,True,True,True,-0.015396416187286377,0.06579780003796375,basket|link_0|link_1|link_2|link_3
0.135,0.3,-0.040000000000000036,True,True,True,True,True,True,True,True,True,-0.020959876477718353,0.026648754347454312,basket|link_0|link_1|link_2|link_3
0.135,0.2800000000000001,-0.040000000000000036,True,True,True,True,True,True,True,True,True,-0.020959876477718353,0.027019792432828746,basket|link_0|link_1|link_2|link_3
0.135,0.26000000000000006,-0.040000000000000036,True,True,True,True,True,True,True,True,True,-0.020959876477718353,0.012576500913934759,basket|link_0|link_1|link_2|link_3
0.135,0.24000000000000005,-0.040000000000000036,True,True,True,True,True,True,True,True,True,-0.020959876477718353,0.013284223396996222,basket|link_0|link_1|link_2|link_3
0.135,0.22000000000000003,-0.040000000000000036,True,True,True,True,True,True,True,True,True,-0.020959876477718353,0.014039969215643601,basket|link_0|link_1|link_2|link_3
0.135,0.2,-0.040000000000000036,True,True,True,True,True,True,True,True,True,-0.020959876477718353,0.015290417512780033,basket|link_0|link_1|link_2|link_3
0.135,0.18,-0.040000000000000036,True,True,True,True,True,True,True,True,True,-0.02095986157655716,0.014945036900023164,basket|link_0|link_1|link_2|link_3
0.135,0.15999999999999998,-0.040000000000000036,True,True,True,True,True,True,True,True,True,-0.02095986157655716,0.007522614880528365,basket|link_0|link_1|link_2|link_3
0.135,0.14000000000000007,-0.040000000000000036,True,True,True,True,True,True,True,True,True,-0.02095986157655716,0.007927520733078848,basket|link_0|link_1|link_2|link_3
0.135,0.12000000000000005,-0.040000000000000036,True,True,True,True,True,True,True,True,True,-0.02095986157655716,0.004349846769049428,basket|link_0|link_1|link_2|link_3
0.135,0.10000000000000003,-0.040000000000000036,True,True,True,True,True,True,True,True,True,-0.02095986157655716,0.004635734520273054,basket|link_0|link_1|link_2|link_3
0.135,0.08000000000000002,-0.040000000000000036,True,True,True,True,True,True,True,True,True,-0.020959876477718353,0.004308518893840124,basket|link_0|link_1|link_2|link_3
0.135,0.06,-0.040000000000000036,True,True,True,True,True,True,True,True,True,-0.020959876477718353,0.004747744694527368,basket|link_0|link_1|link_2|link_3
0.135,0.040000000000000036,-0.040000000000000036,True,True,True,True,True,True,True,True,True,-0.020959876477718353,0.0035215123912817918,basket|link_0|link_1|link_2|link_3
0.135,0.020000000000000018,-0.040000000000000036,True,True,True,True,True,True,True,True,True,-0.02095986157655716,0.005102369460899689,basket|link_0|link_1|link_2|link_3
0.135,0.0,-0.040000000000000036,True,True,True,True,True,True,True,True,True,-0.02095986157655716,0.003194973556039503,basket|link_0|link_1|link_2|link_3
0.135,-0.019999999999999962,-0.040000000000000036,True,True,True,True,True,True,True,True,True,-0.02095986157655716,0.0041468129908876486,basket|link_0|link_1|link_2|link_3
0.135,-0.03999999999999998,-0.040000000000000036,True,True,True,True,True,True,True,True,True,-0.02095986157655716,0.0066350781785778955,basket|link_0|link_1|link_2|link_3
0.135,-0.06,-0.040000000000000036,True,True,True,True,True,True,True,True,True,-0.02095986157655716,0.0025406302238857484,basket|link_0|link_1|link_2|link_3
0.135,-0.07999999999999996,-0.040000000000000036,True,True,True,True,True,True,True,True,True,-0.02095986157655716,0.0031891279654414234,basket|link_0|link_1|link_2|link_3
0.135,-0.09999999999999998,-0.040000000000000036,True,True,True,True,True,True,True,True,True,-0.020959846675395966,0.01175095606454211,basket|link_0|link_1|link_2|link_3
0.135,-0.12,-0.040000000000000036,True,True,True,True,True,True,True,True,True,-0.020959846675395966,0.002929867597714042,basket|link_0|link_1|link_2|link_3
0.135,-0.13999999999999996,-0.040000000000000036,True,True,True,True,True,True,True,True,True,-0.020959846675395966,0.0037357413868092867,basket|link_0|link_1|link_2|link_3
0.135,-0.15999999999999998,-0.040000000000000036,True,True,True,True,True,True,True,True,True,-0.020959846675395966,0.0039078510844337815,basket|link_0|link_1|link_2|link_3
0.135,-0.18,-0.040000000000000036,True,True,True,True,True,True,True,True,True,-0.020959846675395966,0.009400612227180822,basket|link_0|link_1|link_2|link_3
0.135,-0.19999999999999998,-0.040000000000000036,True,True,True,True,True,True,True,True,True,-0.020959846675395966,0.008942591945029882,basket|link_0|link_1|link_2|link_3
0.135,-0.21999999999999997,-0.040000000000000036,True,True,True,True,True,True,True,True,True,-0.02095983177423477,0.004847314937936726,basket|link_0|link_1|link_2|link_3
0.135,-0.24,-0.040000000000000036,True,True,True,True,True,True,True,True,True,-0.02095983177423477,0.008956954930823893,basket|link_0|link_1|link_2|link_3
0.135,-0.26,-0.040000000000000036,True,True,True,True,True,True,True,True,True,-0.02095983177423477,0.02694015159432599,basket|link_0|link_1|link_2|link_3
0.135,-0.27999999999999997,-0.040000000000000036,True,True,True,True,True,True,True,True,True,-0.02095983177423477,0.06750259799031416,basket|link_0|link_1|link_2|link_3
0.135,-0.3,-0.040000000000000036,True,True,True,True,True,True,True,True,True,-0.02095983177423477,0.023577566247034873,basket|link_0|link_1|link_2|link_3
0.135,-0.31999999999999995,-0.040000000000000036,True,True,True,True,True,True,True,True,True,-0.013416588306427002,0.026023024606811655,basket|link_0|link_1|link_2|link_3
0.135,-0.33999999999999997,-0.040000000000000036,False,False,True,False,False,True,False,False,True,0.006578236818313599,1.4901161193847656e-08,basket|link_0|link_1|link_2|link_3
0.135,-0.36,-0.040000000000000036,False,False,True,False,False,True,False,False,True,,1.4901161193847656e-08,link_1|link_2|link_3
0.135,-0.38,-0.040000000000000036,False,False,True,False,False,True,False,False,True,,1.4901161193847656e-08,link_1|link_2|link_3
0.135,-0.39999999999999997,-0.040000000000000036,False,False,True,False,False,True,False,False,True,,1.4901161193847656e-08,link_1|link_2|link_3
0.135,-0.42,-0.040000000000000036,False,False,True,False,False,True,False,False,True,,1.4901161193847656e-08,link_1|link_2|link_3
0.135,0.42,-0.06,False,False,True,False,False,True,False,False,True,,1.4901161193847656e-08,link_1|link_2|link_3
0.135,0.4000000000000001,-0.06,False,False,True,False,False,True,False,False,True,,1.4901161193847656e-08,link_1|link_2|link_3
0.135,0.38000000000000006,-0.06,False,False,True,False,False,True,False,False,True,,1.4901161193847656e-08,link_1|link_2|link_3
0.135,0.36000000000000004,-0.06,False,False,True,False,False,True,False,False,True,,1.4901161193847656e-08,link_1|link_2|link_3
0.135,0.34,-0.06,False,False,True,False,False,True,False,False,True,0.004427388310432434,1.4901161193847656e-08,basket|link_0|link_1|link_2|link_3
0.135,0.32,-0.06,True,True,True,True,True,True,True,True,True,-0.015396416187286377,0.025509328125473383,basket|link_0|link_1|link_2|link_3
0.135,0.3,-0.06,True,True,True,True,True,True,True,True,True,-0.020959891378879547,0.018505583149993104,basket|link_0|link_1|link_2|link_3
0.135,0.2800000000000001,-0.06,True,True,True,True,True,True,True,True,True,-0.020959876477718353,0.013227238098976978,basket|link_0|link_1|link_2|link_3
0.135,0.26000000000000006,-0.06,True,True,True,True,True,True,True,True,True,-0.020959876477718353,0.010415246620210764,basket|link_0|link_1|link_2|link_3
0.135,0.24000000000000005,-0.06,True,True,True,True,True,True,True,True,True,-0.020959876477718353,0.01805398709071536,basket|link_0|link_1|link_2|link_3
0.135,0.22000000000000003,-0.06,True,True,True,True,True,True,True,True,True,-0.020959876477718353,0.013186676341988331,basket|link_0|link_1|link_2|link_3
0.135,0.2,-0.06,True,True,True,True,True,True,True,True,True,-0.020959876477718353,0.0071116462690218795,basket|link_0|link_1|link_2|link_3
0.135,0.18,-0.06,True,True,True,True,True,True,True,True,True,-0.020959876477718353,0.007617382139518079,basket|link_0|link_1|link_2|link_3
0.135,0.15999999999999998,-0.06,True,True,True,True,True,True,True,True,True,-0.02095986157655716,0.008948604685019642,basket|link_0|link_1|link_2|link_3
0.135,0.14000000000000007,-0.06,True,True,True,True,True,True,True,True,True,-0.02095986157655716,0.010379222937913242,basket|link_0|link_1|link_2|link_3
0.135,0.12000000000000005,-0.06,True,True,True,True,True,True,True,True,True,-0.02095986157655716,0.008643067330918625,basket|link_0|link_1|link_2|link_3
0.135,0.10000000000000003,-0.06,True,True,True,True,True,True,True,True,True,-0.02095986157655716,0.008046243864915316,basket|link_0|link_1|link_2|link_3
0.135,0.08000000000000002,-0.06,True,True,True,True,True,True,True,True,True,-0.020959876477718353,0.009041841515207686,basket|link_0|link_1|link_2|link_3
0.135,0.06,-0.06,True,True,True,True,True,True,True,True,True,-0.020959876477718353,0.007776799677395369,basket|link_0|link_1|link_2|link_3
0.135,0.040000000000000036,-0.06,True,True,True,True,True,True,True,True,True,-0.020959876477718353,0.006491198347154451,basket|link_0|link_1|link_2|link_3
0.135,0.020000000000000018,-0.06,True,True,True,True,True,True,True,True,True,-0.020959876477718353,0.006259561367647753,basket|link_0|link_1|link_2|link_3
0.135,0.0,-0.06,True,True,True,True,True,True,True,True,True,-0.02095986157655716,0.0064811239257445506,basket|link_0|link_1|link_2|link_3
0.135,-0.019999999999999962,-0.06,True,True,True,True,True,True,True,True,True,-0.02095986157655716,0.005479629866428753,basket|link_0|link_1|link_2|link_3
0.135,-0.03999999999999998,-0.06,True,True,True,True,True,True,True,True,True,-0.02095986157655716,0.009165226573138625,basket|link_0|link_1|link_2|link_3
0.135,-0.06,-0.06,True,True,True,True,True,True,True,True,True,-0.02095986157655716,0.00642082616806803,basket|link_0|link_1|link_2|link_3
0.135,-0.07999999999999996,-0.06,True,True,True,True,True,True,True,True,True,-0.02095986157655716,0.00631918381548857,basket|link_0|link_1|link_2|link_3
0.135,-0.09999999999999998,-0.06,True,True,True,True,True,True,True,True,True,-0.02095986157655716,0.018841795067658408,basket|link_0|link_1|link_2|link_3
0.135,-0.12,-0.06,True,True,True,True,True,True,True,True,True,-0.03376349061727524,0.009821705493232587,basket|link_0|link_1|link_2|link_3
0.135,-0.13999999999999996,-0.06,True,True,True,True,True,True,True,True,True,-0.022505655884742737,0.005680610362479758,basket|link_0|link_1|link_2|link_3
0.135,-0.15999999999999998,-0.06,True,True,True,True,True,True,True,True,True,-0.022143259644508362,0.008195995401727748,basket|link_0|link_1|link_2|link_3
0.135,-0.18,-0.06,True,True,True,True,True,True,True,True,True,-0.02264636754989624,0.013041350147489661,basket|link_0|link_1|link_2|link_3
0.135,-0.19999999999999998,-0.06,True,True,True,True,True,True,True,True,True,-0.020959846675395966,0.015220848156497867,basket|link_0|link_1|link_2|link_3
0.135,-0.21999999999999997,-0.06,True,True,True,True,True,True,True,True,True,-0.020959846675395966,0.008231329031215085,basket|link_0|link_1|link_2|link_3
0.135,-0.24,-0.06,True,True,True,True,True,True,True,True,True,-0.02095983177423477,0.02039129961664096,basket|link_0|link_1|link_2|link_3
0.135,-0.26,-0.06,True,True,True,True,True,True,True,True,True,-0.02095983177423477,0.045530368858559385,basket|link_0|link_1|link_2|link_3
0.135,-0.27999999999999997,-0.06,True,True,True,True,True,True,True,True,True,-0.02095983177423477,0.07396405133155028,basket|link_0|link_1|link_2|link_3
0.135,-0.3,-0.06,True,True,True,True,True,True,True,True,True,-0.02095983177423477,0.00670391456611658,basket|link_0|link_1|link_2|link_3
0.135,-0.31999999999999995,-0.06,True,True,True,True,True,True,True,True,True,-0.013416588306427002,0.04766310947650449,basket|link_0|link_1|link_2|link_3
0.135,-0.33999999999999997,-0.06,False,False,True,False,False,True,False,False,True,0.00657905638217926,1.4901161193847656e-08,basket|link_0|link_1|link_2|link_3
0.135,-0.36,-0.06,False,False,True,False,False,True,False,False,True,,1.4901161193847656e-08,link_1|link_2|link_3
0.135,-0.38,-0.06,False,False,True,False,False,True,False,False,True,,1.4901161193847656e-08,link_1|link_2|link_3
0.135,-0.39999999999999997,-0.06,False,False,True,False,False,True,False,False,True,,1.4901161193847656e-08,link_1|link_2|link_3
0.135,-0.42,-0.06,False,False,True,False,False,True,False,False,True,,1.4901161193847656e-08,link_1|link_2|link_3
0.135,0.42,-0.08000000000000002,False,False,True,False,False,True,False,False,True,,1.4901161193847656e-08,link_1|link_2|link_3
0.135,0.4000000000000001,-0.08000000000000002,False,False,True,False,False,True,False,False,True,,1.4901161193847656e-08,link_1|link_2|link_3
0.135,0.38000000000000006,-0.08000000000000002,False,False,True,False,False,True,False,False,True,,1.4901161193847656e-08,link_1|link_2|link_3
0.135,0.36000000000000004,-0.08000000000000002,False,False,True,False,False,True,False,False,True,,1.4901161193847656e-08,link_1|link_2|link_3
0.135,0.34,-0.08000000000000002,False,False,True,False,False,True,False,False,True,0.004430562257766724,1.4901161193847656e-08,basket|link_0|link_1|link_2|link_3
0.135,0.32,-0.08000000000000002,True,True,True,True,True,True,True,True,True,-0.015396416187286377,0.04430956129051133,basket|link_0|link_1|link_2|link_3
0.135,0.3,-0.08000000000000002,True,True,True,True,True,True,True,True,True,-0.020959891378879547,0.002663452116232846,basket|link_0|link_1|link_2|link_3
0.135,0.2800000000000001,-0.08000000000000002,True,True,True,True,True,True,True,True,True,-0.020959891378879547,0.013998556972952764,basket|link_0|link_1|link_2|link_3
0.135,0.26000000000000006,-0.08000000000000002,True,True,True,True,True,True,True,True,True,-0.020959891378879547,0.016011268501746608,basket|link_0|link_1|link_2|link_3
0.135,0.24000000000000005,-0.08000000000000002,True,True,True,True,True,True,True,True,True,-0.020959891378879547,0.014708064669664659,basket|link_0|link_1|link_2|link_3
0.135,0.22000000000000003,-0.08000000000000002,True,True,True,True,True,True,True,True,True,-0.020959891378879547,0.007544414794724449,basket|link_0|link_1|link_2|link_3
0.135,0.2,-0.08000000000000002,True,True,True,True,True,True,True,True,True,-0.020959891378879547,0.010475665764504885,basket|link_0|link_1|link_2|link_3
0.135,0.18,-0.08000000000000002,True,True,True,True,True,True,True,True,True,-0.03144054114818573,0.00567066928511209,basket|link_0|link_1|link_2|link_3
0.135,0.15999999999999998,-0.08000000000000002,True,True,True,True,True,True,True,True,True,-0.03650829941034317,0.00047708515014467044,basket|link_0|link_1|link_2|link_3
0.135,0.14000000000000007,-0.08000000000000002,True,True,True,True,True,True,True,True,True,-0.03650829941034317,0.006838345408921134,basket|link_0|link_1|link_2|link_3
0.135,0.12000000000000005,-0.08000000000000002,True,True,True,True,True,True,True,True,True,-0.03650829941034317,0.008807165753597145,basket|link_0|link_1|link_2|link_3
0.135,0.10000000000000003,-0.08000000000000002,True,True,True,True,True,True,True,True,True,-0.031472332775592804,0.0028055483993217212,basket|link_0|link_1|link_2|link_3
0.135,0.08000000000000002,-0.08000000000000002,True,True,True,True,True,True,True,True,True,-0.020959891378879547,0.011354150377300434,basket|link_0|link_1|link_2|link_3
0.135,0.06,-0.08000000000000002,True,True,True,True,True,True,True,True,True,-0.020959891378879547,0.012137297128235679,basket|link_0|link_1|link_2|link_3
0.135,0.040000000000000036,-0.08000000000000002,True,True,True,True,True,True,True,True,True,-0.026136046275496483,0.015078113457197872,basket|link_0|link_1|link_2|link_3
0.135,0.020000000000000018,-0.08000000000000002,True,True,True,True,True,True,True,True,True,-0.0384395495057106,0.012494672970134919,basket|link_0|link_1|link_2|link_3
0.135,0.0,-0.08000000000000002,True,True,True,True,True,True,True,True,True,-0.03650832921266556,0.01437108434898546,basket|link_0|link_1|link_2|link_3
0.135,-0.019999999999999962,-0.08000000000000002,True,True,True,True,True,True,True,True,True,-0.03650832921266556,0.007579757463865078,basket|link_0|link_1|link_2|link_3
0.135,-0.03999999999999998,-0.08000000000000002,True,True,True,True,True,True,True,True,True,-0.03650832921266556,0.009853053577276328,basket|link_0|link_1|link_2|link_3
0.135,-0.06,-0.08000000000000002,True,True,True,True,True,True,True,True,True,-0.020959876477718353,0.011716692907166655,basket|link_0|link_1|link_2|link_3
0.135,-0.07999999999999996,-0.08000000000000002,True,True,True,True,True,True,True,True,True,-0.020959876477718353,0.012308542007876235,basket|link_0|link_1|link_2|link_3
0.135,-0.09999999999999998,-0.08000000000000002,True,True,True,True,True,True,True,True,True,-0.020959876477718353,0.011563953862394798,basket|link_0|link_1|link_2|link_3
0.135,-0.12,-0.08000000000000002,True,True,True,True,True,True,True,True,True,-0.04020671546459198,0.013200070396621457,basket|link_0|link_1|link_2|link_3
0.135,-0.13999999999999996,-0.08000000000000002,True,True,True,True,True,True,True,True,True,-0.036508239805698395,0.01596816621977993,basket|link_0|link_1|link_2|link_3
0.135,-0.15999999999999998,-0.08000000000000002,True,True,True,True,True,True,True,True,True,-0.036508239805698395,0.0058035462977960904,basket|link_0|link_1|link_2|link_3
0.135,-0.18,-0.08000000000000002,True,True,True,True,True,True,True,True,True,-0.036508239805698395,0.013867772286315553,basket|link_0|link_1|link_2|link_3
0.135,-0.19999999999999998,-0.08000000000000002,True,True,True,True,True,True,True,True,True,-0.02208133041858673,0.018553010339460444,basket|link_0|link_1|link_2|link_3
0.135,-0.21999999999999997,-0.08000000000000002,True,True,True,True,True,True,True,True,True,-0.02095986157655716,0.017470827159041663,basket|link_0|link_1|link_2|link_3
0.135,-0.24,-0.08000000000000002,True,True,True,True,True,True,True,True,True,-0.02095986157655716,0.016522513179155093,basket|link_0|link_1|link_2|link_3
0.135,-0.26,-0.08000000000000002,True,True,True,True,True,True,True,True,True,-0.02095986157655716,0.05226492135453568,basket|link_0|link_1|link_2|link_3
0.135,-0.27999999999999997,-0.08000000000000002,True,True,True,True,True,True,True,True,True,-0.020959846675395966,0.06360716598322945,basket|link_0|link_1|link_2|link_3
0.135,-0.3,-0.08000000000000002,True,True,True,True,True,True,True,True,True,-0.020959846675395966,0.007413299043118186,basket|link_0|link_1|link_2|link_3
0.135,-0.31999999999999995,-0.08000000000000002,True,True,True,True,True,True,True,True,True,-0.013416588306427002,0.01611064961889816,basket|link_0|link_1|link_2
0.135,-0.33999999999999997,-0.08000000000000002,False,False,True,False,False,True,False,False,True,0.0065818727016448975,1.4901161193847656e-08,basket|link_0|link_1|link_2|link_3
0.135,-0.36,-0.08000000000000002,False,False,True,False,False,True,False,False,True,,1.4901161193847656e-08,link_1|link_2|link_3
0.135,-0.38,-0.08000000000000002,False,False,True,False,False,True,False,False,True,,1.4901161193847656e-08,link_1|link_2|link_3
0.135,-0.39999999999999997,-0.08000000000000002,False,False,True,False,False,True,False,False,True,,1.4901161193847656e-08,link_1|link_2|link_3
0.135,-0.42,-0.08000000000000002,False,False,True,False,False,True,False,False,True,,1.4901161193847656e-08,link_1|link_2|link_3
0.135,0.42,-0.10000000000000003,False,False,True,False,False,True,False,False,True,,1.5017576543430167e-08,link_1|link_2|link_3
0.135,0.4000000000000001,-0.10000000000000003,False,False,True,False,False,True,False,False,True,,1.5017576543430167e-08,link_1|link_2|link_3
0.135,0.38000000000000006,-0.10000000000000003,False,False,True,False,False,True,False,False,True,,1.5017576543430167e-08,link_1|link_2|link_3
0.135,0.36000000000000004,-0.10000000000000003,False,False,True,False,False,True,False,False,True,,1.5017576543430167e-08,link_1|link_2|link_3
0.135,0.34,-0.10000000000000003,False,False,True,False,False,True,False,False,True,0.004430562257766724,1.5017576543430167e-08,basket|link_0|link_1|link_2|link_3
0.135,0.32,-0.10000000000000003,True,True,True,True,True,True,True,True,True,-0.015396416187286377,0.02449679346275312,basket|link_0|link_1|link_2|link_3
0.135,0.3,-0.10000000000000003,True,True,True,True,True,True,True,True,True,-0.020959891378879547,0.01841676570883539,basket|link_0|link_1|link_2|link_3
0.135,0.2800000000000001,-0.10000000000000003,True,True,True,True,True,True,True,True,True,-0.020959891378879547,0.0563905812726049,basket|link_0|link_1|link_2|link_3
0.135,0.26000000000000006,-0.10000000000000003,True,True,True,True,True,True,True,True,True,-0.020959891378879547,0.023400718345943334,basket|link_0|link_1|link_2|link_3
0.135,0.24000000000000005,-0.10000000000000003,True,True,True,True,True,True,True,True,True,-0.020959891378879547,0.020048738392644105,basket|link_0|link_1|link_2|link_3
0.135,0.22000000000000003,-0.10000000000000003,True,True,True,True,True,True,True,True,True,-0.020959891378879547,0.003095315002973124,basket|link_0|link_1|link_2|link_3
0.135,0.2,-0.10000000000000003,True,True,True,True,True,True,True,True,True,-0.020959891378879547,0.015472555486703793,basket|link_0|link_1|link_2|link_3
0.135,0.18,-0.10000000000000003,True,True,True,True,True,True,True,True,True,-0.020959876477718353,0.006950462077557335,basket|link_0|link_1|link_2|link_3
0.135,0.15999999999999998,-0.10000000000000003,True,True,True,True,True,True,True,True,True,-0.020959876477718353,0.004181168457855143,basket|link_0|link_1|link_2|link_3
0.135,0.14000000000000007,-0.10000000000000003,True,True,True,True,True,True,True,True,True,-0.020959876477718353,0.004286329741967034,basket|link_0|link_1|link_2|link_3
0.135,0.12000000000000005,-0.10000000000000003,True,True,True,True,True,True,True,True,True,-0.020959876477718353,0.007558739349020569,basket|link_0|link_1|link_2|link_3
0.135,0.10000000000000003,-0.10000000000000003,True,True,True,True,True,True,True,True,True,-0.020959876477718353,0.005412140387154883,basket|link_0|link_1|link_2|link_3
0.135,0.08000000000000002,-0.10000000000000003,True,True,True,True,True,True,True,True,True,-0.020959891378879547,0.010228783674114362,basket|link_0|link_1|link_2|link_3
0.135,0.06,-0.10000000000000003,True,True,True,True,True,True,True,True,True,-0.020959891378879547,0.009684232822547396,basket|link_0|link_1|link_2|link_3
0.135,0.040000000000000036,-0.10000000000000003,True,True,True,True,True,True,True,True,True,-0.027349738404154778,0.0073247930358369545,basket|link_0|link_1|link_2|link_3
0.135,0.020000000000000018,-0.10000000000000003,True,True,True,True,True,True,True,True,True,-0.03091658651828766,0.01451982216810381,basket|link_0|link_1|link_2|link_3
0.135,0.0,-0.10000000000000003,True,True,True,True,True,True,True,True,True,-0.02660539746284485,0.0038502971510652666,basket|link_0|link_1|link_2|link_3
0.135,-0.019999999999999962,-0.10000000000000003,True,True,True,True,True,True,True,True,True,-0.025776028633117676,0.0035503702761309494,basket|link_0|link_1|link_2|link_3
0.135,-0.03999999999999998,-0.10000000000000003,True,True,True,True,True,True,True,True,True,-0.020959876477718353,0.013582484893344432,basket|link_0|link_1|link_2|link_3
0.135,-0.06,-0.10000000000000003,True,True,True,True,True,True,True,True,True,-0.020959876477718353,0.01060409382118887,basket|link_0|link_1|link_2|link_3
0.135,-0.07999999999999996,-0.10000000000000003,True,True,True,True,True,True,True,True,True,-0.020959876477718353,0.011593187139833313,basket|link_0|link_1|link_2|link_3
0.135,-0.09999999999999998,-0.10000000000000003,True,True,True,True,True,True,True,True,True,-0.022344253957271576,0.011577769427076176,basket|link_0|link_1|link_2|link_3
0.135,-0.12,-0.10000000000000003,True,True,True,True,True,True,True,True,True,-0.02868109941482544,0.008974389040360955,basket|link_0|link_1|link_2|link_3
0.135,-0.13999999999999996,-0.10000000000000003,True,True,True,True,True,True,True,True,True,-0.02104754000902176,0.007325995053503695,basket|link_0|link_1|link_2|link_3
0.135,-0.15999999999999998,-0.10000000000000003,True,True,True,True,True,True,True,True,True,-0.02095986157655716,0.013375802646563344,basket|link_0|link_1|link_2|link_3
0.135,-0.18,-0.10000000000000003,True,True,True,True,True,True,True,True,True,-0.02095986157655716,0.01442305948389172,basket|link_0|link_1|link_2|link_3
0.135,-0.19999999999999998,-0.10000000000000003,True,True,True,True,True,True,True,True,True,-0.02095986157655716,0.01684098673435492,basket|link_0|link_1|link_2|link_3
0.135,-0.21999999999999997,-0.10000000000000003,True,True,True,True,True,True,True,True,True,-0.02095986157655716,0.01747500870786932,basket|link_0|link_1|link_2|link_3
0.135,-0.24,-0.10000000000000003,True,True,True,True,True,True,True,True,True,-0.02095986157655716,0.018926530782730416,basket|link_0|link_1|link_2|link_3
0.135,-0.26,-0.10000000000000003,True,True,True,True,True,True,True,True,True,-0.02095986157655716,0.051226810851958626,basket|link_0|link_1|link_2|link_3
0.135,-0.27999999999999997,-0.10000000000000003,True,True,True,True,True,True,True,True,True,-0.020959846675395966,0.09221676573183792,basket|link_0|link_1|link_2|link_3
0.135,-0.3,-0.10000000000000003,True,True,True,True,True,True,True,True,True,-0.020959846675395966,0.022459777736756587,basket|link_0|link_1|link_2|link_3
0.135,-0.31999999999999995,-0.10000000000000003,True,True,True,True,True,True,True,True,True,-0.013416588306427002,0.02861275873000654,basket|link_0|link_1|link_2|link_3
0.135,-0.33999999999999997,-0.10000000000000003,False,False,True,False,False,True,False,False,True,0.006583452224731445,1.5017576543430167e-08,basket|link_0|link_1|link_2|link_3
0.135,-0.36,-0.10000000000000003,False,False,True,False,False,True,False,False,True,,1.5017576543430167e-08,link_1|link_2|link_3
0.135,-0.38,-0.10000000000000003,False,False,True,False,False,True,False,False,True,,1.5017576543430167e-08,link_1|link_2|link_3
0.135,-0.39999999999999997,-0.10000000000000003,False,False,True,False,False,True,False,False,True,,1.5017576543430167e-08,link_1|link_2|link_3
0.135,-0.42,-0.10000000000000003,False,False,True,False,False,True,False,False,True,,1.5017576543430167e-08,link_1|link_2|link_3
0.135,0.42,-0.12000000000000002,False,False,True,False,False,True,False,False,True,,1.4901161193847656e-08,link_1|link_2|link_3
0.135,0.4000000000000001,-0.12000000000000002,False,False,True,False,False,True,False,False,True,,1.4901161193847656e-08,link_1|link_2|link_3
0.135,0.38000000000000006,-0.12000000000000002,False,False,True,False,False,True,False,False,True,,1.4901161193847656e-08,link_1|link_2|link_3
0.135,0.36000000000000004,-0.12000000000000002,False,False,True,False,False,True,False,False,True,,1.4901161193847656e-08,link_1|link_2|link_3
0.135,0.34,-0.12000000000000002,False,False,True,False,False,True,False,False,True,0.004430562257766724,1.4901161193847656e-08,basket|link_0|link_1|link_2|link_3
0.135,0.32,-0.12000000000000002,True,True,True,True,True,True,True,True,True,-0.015396416187286377,0.041267352548251,basket|link_0|link_1|link_2|link_3
0.135,0.3,-0.12000000000000002,True,True,True,True,True,True,True,True,True,-0.02095990628004074,0.02919119599628924,basket|link_0|link_1|link_2|link_3
0.135,0.2800000000000001,-0.12000000000000002,True,True,True,True,True,True,True,True,True,-0.020959891378879547,0.1022207710114117,basket|link_0|link_1|link_2|link_3
0.135,0.26000000000000006,-0.12000000000000002,True,True,True,True,True,True,True,True,True,-0.020959891378879547,0.09358954105422201,basket|link_0|link_1|link_2|link_3
0.135,0.24000000000000005,-0.12000000000000002,True,True,True,True,True,True,True,True,True,-0.020959891378879547,0.06499933189052362,basket|link_0|link_1|link_2|link_3
0.135,0.22000000000000003,-0.12000000000000002,True,True,True,True,True,True,True,True,True,-0.020959891378879547,0.009158712073646037,basket|link_0|link_1|link_2|link_3
0.135,0.2,-0.12000000000000002,True,True,True,True,True,True,True,True,True,-0.020959891378879547,0.015166798550250332,basket|link_0|link_1|link_2|link_3
0.135,0.18,-0.12000000000000002,True,True,True,True,True,True,True,True,True,-0.020959891378879547,0.014349549757071313,basket|link_0|link_1|link_2|link_3
0.135,0.15999999999999998,-0.12000000000000002,True,True,True,True,True,True,True,True,True,-0.020959876477718353,0.012842530293898115,basket|link_0|link_1|link_2|link_3
0.135,0.14000000000000007,-0.12000000000000002,True,True,True,True,True,True,True,True,True,-0.020959876477718353,0.0075980215283398145,basket|link_0|link_1|link_2|link_3
0.135,0.12000000000000005,-0.12000000000000002,True,True,True,True,True,True,True,True,True,-0.020959876477718353,0.006734314591921916,basket|link_0|link_1|link_2|link_3
0.135,0.10000000000000003,-0.12000000000000002,True,True,True,True,True,True,True,True,True,-0.020959876477718353,0.008984454892224263,basket|link_0|link_1|link_2|link_3
0.135,0.08000000000000002,-0.12000000000000002,True,True,True,True,True,True,True,True,True,-0.020959891378879547,0.010330790123802381,basket|link_0|link_1|link_2|link_3
0.135,0.06,-0.12000000000000002,True,True,True,True,True,True,True,True,True,-0.020959891378879547,0.015093459237159022,basket|link_0|link_1|link_2|link_3
0.135,0.040000000000000036,-0.12000000000000002,True,True,True,True,True,True,True,True,True,-0.020959891378879547,0.012466684764456334,basket|link_0|link_1|link_2|link_3
0.135,0.020000000000000018,-0.12000000000000002,True,True,True,True,True,True,True,True,True,-0.020959891378879547,0.015652902338565488,basket|link_0|link_1|link_2|link_3
0.135,0.0,-0.12000000000000002,True,True,True,True,True,True,True,True,True,-0.020959891378879547,0.019885738604523816,basket|link_0|link_1|link_2|link_3
0.135,-0.019999999999999962,-0.12000000000000002,True,True,True,True,True,True,True,True,True,-0.020959891378879547,0.012898333359871911,basket|link_0|link_1|link_2|link_3
0.135,-0.03999999999999998,-0.12000000000000002,True,True,True,True,True,True,True,True,True,-0.020959876477718353,0.010093908323775498,basket|link_0|link_1|link_2|link_3
0.135,-0.06,-0.12000000000000002,True,True,True,True,True,True,True,True,True,-0.020959876477718353,0.011532961892028288,basket|link_0|link_1|link_2|link_3
0.135,-0.07999999999999996,-0.12000000000000002,True,True,True,True,True,True,True,True,True,-0.020959876477718353,0.01373061689147754,basket|link_0|link_1|link_2|link_3
0.135,-0.09999999999999998,-0.12000000000000002,True,True,True,True,True,True,True,True,True,-0.020959876477718353,0.014077905839211974,basket|link_0|link_1|link_2|link_3
0.135,-0.12,-0.12000000000000002,True,True,True,True,True,True,True,True,True,-0.020959876477718353,0.01337010964791025,basket|link_0|link_1|link_2|link_3
0.135,-0.13999999999999996,-0.12000000000000002,True,True,True,True,True,True,True,True,True,-0.020959876477718353,0.013735511046643285,basket|link_0|link_1|link_2|link_3
0.135,-0.15999999999999998,-0.12000000000000002,True,True,True,True,True,True,True,True,True,-0.020959876477718353,0.012175021298067253,basket|link_0|link_1|link_2|link_3
0.135,-0.18,-0.12000000000000002,True,True,True,True,True,True,True,True,True,-0.02095986157655716,0.012433803057209777,basket|link_0|link_1|link_2|link_3
0.135,-0.19999999999999998,-0.12000000000000002,True,True,True,True,True,True,True,True,True,-0.02095986157655716,0.011176204592207062,basket|link_0|link_1|link_2|link_3
0.135,-0.21999999999999997,-0.12000000000000002,True,True,True,True,True,True,True,True,True,-0.02095986157655716,0.0063241574609432475,basket|link_0|link_1|link_2|link_3
0.135,-0.24,-0.12000000000000002,True,True,True,True,True,True,True,True,True,-0.02095986157655716,0.02169275794976062,basket|link_0|link_1|link_2|link_3
0.135,-0.26,-0.12000000000000002,True,True,True,True,True,True,True,True,True,-0.02095986157655716,0.05024070202388896,basket|link_0|link_1|link_2|link_3
0.135,-0.27999999999999997,-0.12000000000000002,True,True,True,True,True,True,True,True,True,-0.02095986157655716,0.07368325629037736,basket|link_0|link_1|link_2|link_3
0.135,-0.3,-0.12000000000000002,True,True,True,True,True,True,True,True,True,-0.020959846675395966,0.018349779429028452,basket|link_0|link_1|link_2|link_3
0.135,-0.31999999999999995,-0.12000000000000002,True,True,True,True,True,True,True,True,True,-0.013416588306427002,0.013772833861669831,basket|link_0|link_1|link_2|link_3
0.135,-0.33999999999999997,-0.12000000000000002,False,False,True,False,False,True,False,False,True,0.006583452224731445,1.4901161193847656e-08,basket|link_0|link_1|link_2|link_3
0.135,-0.36,-0.12000000000000002,False,False,True,False,False,True,False,False,True,,1.4901161193847656e-08,link_1|link_2|link_3
0.135,-0.38,-0.12000000000000002,False,False,True,False,False,True,False,False,True,,1.4901161193847656e-08,link_1|link_2|link_3
0.135,-0.39999999999999997,-0.12000000000000002,False,False,True,False,False,True,False,False,True,,1.4901161193847656e-08,link_1|link_2|link_3
0.135,-0.42,-0.12000000000000002,False,False,True,False,False,True,False,False,True,,1.4901161193847656e-08,link_1|link_2|link_3
0.135,0.42,-0.14,False,False,True,False,False,True,False,False,True,,1.4901161193847656e-08,link_1|link_2|link_3
0.135,0.4000000000000001,-0.14,False,False,True,False,False,True,False,False,True,,1.4901161193847656e-08,link_1|link_2|link_3
0.135,0.38000000000000006,-0.14,False,False,True,False,False,True,False,False,True,,1.4901161193847656e-08,link_1|link_2|link_3
0.135,0.36000000000000004,-0.14,False,False,True,False,False,True,False,False,True,,1.4901161193847656e-08,link_1|link_2|link_3
0.135,0.34,-0.14,False,False,True,False,False,True,False,False,True,0.004430562257766724,1.4901161193847656e-08,basket|link_0|link_1|link_2|link_3
0.135,0.32,-0.14,True,True,True,True,True,True,True,True,True,-0.015396416187286377,0.026360821518245512,basket|link_0|link_1|link_2|link_3
0.135,0.3,-0.14,True,True,True,True,True,True,True,True,True,-0.012427173554897308,0.011588477077803376,basket|link_0|link_1|link_2|link_3
0.135,0.2800000000000001,-0.14,True,True,True,True,True,True,True,True,True,-0.01583506166934967,0.03034079756261841,basket|link_0|link_1|link_2|link_3
0.135,0.26000000000000006,-0.14,True,True,True,True,True,True,True,True,True,-0.01591140404343605,0.05918926558938704,basket|link_0|link_1|link_2|link_3
0.135,0.24000000000000005,-0.14,True,True,True,True,True,True,True,True,True,-0.01930008828639984,0.041243083473776275,basket|link_0|link_1|link_2|link_3
0.135,0.22000000000000003,-0.14,True,True,True,True,True,True,True,True,True,-0.017568565905094147,0.011990232568654939,basket|link_0|link_1|link_2|link_3
0.135,0.2,-0.14,True,True,True,True,True,True,True,True,True,-0.015914730727672577,0.007668403463263898,basket|link_0|link_1|link_2|link_3
0.135,0.18,-0.14,True,True,True,True,True,True,True,True,True,-0.015914730727672577,0.001984434500046227,basket|link_0|link_1|link_2|link_3
0.135,0.15999999999999998,-0.14,True,True,True,True,True,True,True,True,True,-0.015867929905653,0.0029526278628507216,basket|link_0|link_1|link_2|link_3
0.135,0.14000000000000007,-0.14,True,True,True,True,True,True,True,True,True,-0.013629809021949768,0.002189194184431958,basket|link_0|link_1|link_2|link_3
0.135,0.12000000000000005,-0.14,True,True,True,True,True,True,True,True,True,-0.01570059359073639,0.003588320127433275,basket|link_0|link_1|link_2|link_3
0.135,0.10000000000000003,-0.14,True,True,True,True,True,True,True,True,True,-0.0170997753739357,0.006914296593154495,basket|link_0|link_1|link_2|link_3
0.135,0.08000000000000002,-0.14,True,True,True,True,True,True,True,True,True,-0.0170997753739357,0.005875304335722879,basket|link_0|link_1|link_2|link_3
0.135,0.06,-0.14,True,True,True,True,True,True,True,True,True,-0.0170997753739357,0.008175864462216326,basket|link_0|link_1|link_2|link_3
0.135,0.040000000000000036,-0.14,True,True,True,True,True,True,True,True,True,-0.0170997753739357,0.003379873498864644,basket|link_0|link_1|link_2|link_3
0.135,0.020000000000000018,-0.14,True,True,True,True,True,True,True,True,True,-0.019265465438365936,0.0017062883506711725,basket|link_0|link_1|link_2|link_3
0.135,0.0,-0.14,True,True,True,True,True,True,True,True,True,-0.0170997753739357,0.010739197531357169,basket|link_0|link_1|link_2|link_3
0.135,-0.019999999999999962,-0.14,True,True,True,True,True,True,True,True,True,-0.017099782824516296,0.011048073018089721,basket|link_0|link_1|link_2|link_3
0.135,-0.03999999999999998,-0.14,True,True,True,True,True,True,True,True,True,-0.017099782824516296,0.018110648453675427,basket|link_0|link_1|link_2|link_3
0.135,-0.06,-0.14,True,True,True,True,True,True,True,True,True,-0.017475031316280365,0.011883406545458976,basket|link_0|link_1|link_2|link_3
0.135,-0.07999999999999996,-0.14,True,True,True,True,True,True,True,True,True,-0.017099782824516296,0.012551963078213641,basket|link_0|link_1|link_2|link_3
0.135,-0.09999999999999998,-0.14,True,True,True,True,True,True,True,True,True,-0.017099782824516296,0.011256038335205387,basket|link_0|link_1|link_2|link_3
0.135,-0.12,-0.14,True,True,True,True,True,True,True,True,True,-0.017099782824516296,0.0080785063366995,basket|link_0|link_1|link_2|link_3
0.135,-0.13999999999999996,-0.14,True,True,True,True,True,True,True,True,True,-0.017099782824516296,0.006905989355068946,basket|link_0|link_1|link_2|link_3
0.135,-0.15999999999999998,-0.14,True,True,True,True,True,True,True,True,True,-0.017099782824516296,0.013438924641671585,basket|link_0|link_1|link_2|link_3
0.135,-0.18,-0.14,True,True,True,True,True,True,True,True,True,-0.017099782824516296,0.01534141785184876,basket|link_0|link_1|link_2|link_3
0.135,-0.19999999999999998,-0.14,True,True,True,True,True,True,True,True,True,-0.02027258276939392,0.021118885329456702,basket|link_0|link_1|link_2|link_3
0.135,-0.21999999999999997,-0.14,True,True,True,True,True,True,True,True,True,-0.01743607223033905,0.012291383738511175,basket|link_0|link_1|link_2|link_3
0.135,-0.24,-0.14,True,True,True,True,True,True,True,True,True,-0.017099790275096893,0.012997626595002922,basket|link_0|link_1|link_2|link_3
0.135,-0.26,-0.14,True,True,True,True,True,True,True,True,True,-0.017099790275096893,0.047386909825989317,basket|link_0|link_1|link_2|link_3
0.135,-0.27999999999999997,-0.14,True,True,True,True,True,True,True,True,True,-0.017099790275096893,0.04976638485325448,basket|link_0|link_1|link_2|link_3
0.135,-0.3,-0.14,True,True,True,True,True,True,True,True,True,-0.017099790275096893,0.007839785441727126,basket|link_0|link_1|link_2|link_3
0.135,-0.31999999999999995,-0.14,True,True,True,True,True,True,True,True,True,-0.013416588306427002,0.019668886115288983,basket|link_0|link_1|link_2|link_3
0.135,-0.33999999999999997,-0.14,False,False,True,False,False,True,False,False,True,0.006583452224731445,1.4901161193847656e-08,basket|link_0|link_1|link_2|link_3
0.135,-0.36,-0.14,False,False,True,False,False,True,False,False,True,,1.4901161193847656e-08,link_1|link_2|link_3
0.135,-0.38,-0.14,False,False,True,False,False,True,False,False,True,,1.4901161193847656e-08,link_1|link_2|link_3
0.135,-0.39999999999999997,-0.14,False,False,True,False,False,True,False,False,True,,1.4901161193847656e-08,link_1|link_2|link_3
0.135,-0.42,-0.14,False,False,True,False,False,True,False,False,True,,1.4901161193847656e-08,link_1|link_2|link_3
0.135,0.42,-0.16000000000000003,False,False,True,False,False,True,False,False,True,,1.4901161193847656e-08,link_1|link_2|link_3
0.135,0.4000000000000001,-0.16000000000000003,False,False,True,False,False,True,False,False,True,,1.4901161193847656e-08,link_1|link_2|link_3
0.135,0.38000000000000006,-0.16000000000000003,False,False,True,False,False,True,False,False,True,,1.4901161193847656e-08,link_1|link_2|link_3
0.135,0.36000000000000004,-0.16000000000000003,False,False,True,False,False,True,False,False,True,,1.4901161193847656e-08,link_1|link_2|link_3
0.135,0.34,-0.16000000000000003,False,False,True,False,False,True,False,False,True,0.00460362434387207,1.4901161193847656e-08,basket|link_0|link_1|link_2|link_3
0.135,0.32,-0.16000000000000003,True,True,True,True,True,True,True,True,True,-0.015396416187286377,0.012142281875955773,basket|link_0|link_1|link_2|link_3
0.135,0.3,-0.16000000000000003,True,True,True,True,True,True,True,True,True,-0.011897653341293335,0.014117715967636287,basket|link_0|link_1|link_2|link_3
0.135,0.2800000000000001,-0.16000000000000003,True,True,True,True,True,True,True,True,True,-0.01583505980670452,0.051179334277694485,basket|link_0|link_1|link_2|link_3
0.135,0.26000000000000006,-0.16000000000000003,True,True,True,True,True,True,True,True,True,-0.015911400318145752,0.029705069630436762,basket|link_0|link_1|link_2|link_3
0.135,0.24000000000000005,-0.16000000000000003,True,True,True,True,True,True,True,True,True,-0.015914730727672577,0.010349812511572173,basket|link_0|link_1|link_2|link_3
0.135,0.22000000000000003,-0.16000000000000003,True,True,True,True,True,True,True,True,True,-0.015914730727672577,0.00775811533346885,basket|link_0|link_1|link_2|link_3
0.135,0.2,-0.16000000000000003,True,True,True,True,True,True,True,True,True,-0.015914730727672577,0.008756532570012262,basket|link_0|link_1|link_2|link_3
0.135,0.18,-0.16000000000000003,True,True,True,True,True,True,True,True,True,-0.015914730727672577,0.00714756816665406,basket|link_0|link_1|link_2|link_3
0.135,0.15999999999999998,-0.16000000000000003,True,True,True,True,True,True,True,True,True,-0.0158679261803627,0.007440041448702443,basket|link_0|link_1|link_2|link_3
0.135,0.14000000000000007,-0.16000000000000003,True,True,True,True,True,True,True,True,True,-0.013629809021949768,0.009177298628687245,basket|link_0|link_1|link_2|link_3
0.135,0.12000000000000005,-0.16000000000000003,True,True,True,True,True,True,True,True,True,-0.01570059359073639,0.008628627784811728,basket|link_0|link_1|link_2|link_3
0.135,0.10000000000000003,-0.16000000000000003,True,True,True,True,True,True,True,True,True,-0.013284340500831604,0.007029275715391305,basket|link_0|link_1|link_2|link_3
0.135,0.08000000000000002,-0.16000000000000003,True,True,True,True,True,True,True,True,True,-0.01178942620754242,0.00429056047177424,basket|link_0|link_1|link_2|link_3
0.135,0.06,-0.16000000000000003,True,True,True,True,True,True,True,True,True,-0.011109046638011932,0.008900036383163447,basket|link_0|link_1|link_2|link_3
0.135,0.040000000000000036,-0.16000000000000003,True,True,True,True,True,True,True,True,True,-0.011109046638011932,0.003477326367711586,basket|link_0|link_1|link_2|link_3
0.135,0.020000000000000018,-0.16000000000000003,True,True,True,True,True,True,True,True,True,-0.011109046638011932,0.001971417220030765,basket|link_0|link_1|link_2|link_3
0.135,0.0,-0.16000000000000003,True,True,True,True,True,True,True,True,True,-0.01110905408859253,0.004634050232948236,basket|link_0|link_1|link_2|link_3
0.135,-0.019999999999999962,-0.16000000000000003,True,True,True,True,True,True,True,True,True,-0.01110905408859253,0.01225839135518857,basket|link_0|link_1|link_2|link_3
0.135,-0.03999999999999998,-0.16000000000000003,True,True,True,True,True,True,True,True,True,-0.01110905408859253,0.011610047880359967,basket|link_0|link_1|link_2|link_3
0.135,-0.06,-0.16000000000000003,True,True,True,True,True,True,True,True,True,-0.017093919217586517,0.010274625957105508,basket|link_0|link_1|link_2|link_3
0.135,-0.07999999999999996,-0.16000000000000003,True,True,True,True,True,True,True,True,True,-0.01621892675757408,0.0074397448392300855,basket|link_0|link_1|link_2|link_3
0.135,-0.09999999999999998,-0.16000000000000003,True,True,True,True,True,True,True,True,True,-0.011108994483947754,0.006870848626288521,basket|link_0|link_1|link_2|link_3
0.135,-0.12,-0.16000000000000003,True,True,True,True,True,True,True,True,True,-0.011108994483947754,0.007408116593001987,basket|link_0|link_1|link_2|link_3
0.135,-0.13999999999999996,-0.16000000000000003,True,True,True,True,True,True,True,True,True,-0.015811055898666382,0.0024495727007261604,basket|link_0|link_1|link_2|link_3
0.135,-0.15999999999999998,-0.16000000000000003,True,True,True,True,True,True,True,True,True,-0.015887398272752762,0.0029552362712944313,basket|link_0|link_1|link_2|link_3
0.135,-0.18,-0.16000000000000003,True,True,True,True,True,True,True,True,True,-0.016255691647529602,0.011613697025395442,basket|link_0|link_1|link_2|link_3
0.135,-0.19999999999999998,-0.16000000000000003,True,True,True,True,True,True,True,True,True,-0.02027258276939392,0.011346648239019317,basket|link_0|link_1|link_2|link_3
0.135,-0.21999999999999997,-0.16000000000000003,True,True,True,True,True,True,True,True,True,-0.01649262011051178,0.006308200137958412,basket|link_0|link_1|link_2|link_3
0.135,-0.24,-0.16000000000000003,True,True,True,True,True,True,True,True,True,-0.015914782881736755,0.012974898066275664,basket|link_0|link_1|link_2|link_3
0.135,-0.26,-0.16000000000000003,True,True,True,True,True,True,True,True,True,-0.015898453071713448,0.024247330768700198,basket|link_0|link_1|link_2|link_3
0.135,-0.27999999999999997,-0.16000000000000003,True,True,True,True,True,True,True,True,True,-0.015801722183823586,0.033732609207329615,basket|link_0|link_1|link_2|link_3
0.135,-0.3,-0.16000000000000003,True,True,True,True,True,True,True,True,True,-0.011022422462701797,0.004163392564940881,basket|link_0|link_1|link_2|link_3
0.135,-0.31999999999999995,-0.16000000000000003,True,True,True,True,True,True,True,True,True,-0.013071060180664062,0.012464610425852007,basket|link_0|link_1|link_2|link_3
0.135,-0.33999999999999997,-0.16000000000000003,False,False,True,False,False,True,False,False,True,0.0066254884004592896,1.4901161193847656e-08,basket|link_0|link_1|link_2|link_3
0.135,-0.36,-0.16000000000000003,False,False,True,False,False,True,False,False,True,,1.4901161193847656e-08,link_1|link_2|link_3
0.135,-0.38,-0.16000000000000003,False,False,True,False,False,True,False,False,True,,1.4901161193847656e-08,link_1|link_2|link_3
0.135,-0.39999999999999997,-0.16000000000000003,False,False,True,False,False,True,False,False,True,,1.4901161193847656e-08,link_1|link_2|link_3
0.135,-0.42,-0.16000000000000003,False,False,True,False,False,True,False,False,True,,1.4901161193847656e-08,link_1|link_2|link_3
0.135,0.42,-0.18000000000000002,False,False,True,False,False,True,False,False,True,,1.4901161193847656e-08,link_1|link_2|link_3
0.135,0.4000000000000001,-0.18000000000000002,False,False,True,False,False,True,False,False,True,,1.4901161193847656e-08,link_1|link_2|link_3
0.135,0.38000000000000006,-0.18000000000000002,False,False,True,False,False,True,False,False,True,,1.4901161193847656e-08,link_1|link_2|link_3
0.135,0.36000000000000004,-0.18000000000000002,False,False,True,False,False,True,False,False,True,,1.4901161193847656e-08,link_1|link_2|link_3
0.135,0.34,-0.18000000000000002,False,False,True,False,False,True,False,False,True,0.008840411901473999,1.4901161193847656e-08,basket|link_0|link_1|link_2|link_3
0.135,0.32,-0.18000000000000002,True,True,True,True,False,False,True,True,True,0.00045393151231110096,1.4901161193847656e-08,basket|link_0|link_1|link_2|link_3
0.135,0.3,-0.18000000000000002,True,True,True,True,True,True,True,True,True,-0.009388391859829426,0.007444683817055465,basket|link_0|link_1|link_2|link_3
0.135,0.2800000000000001,-0.18000000000000002,True,True,True,True,True,True,True,True,True,-0.01097085326910019,0.014870784318916797,basket|link_0|link_1|link_2|link_3
0.135,0.26000000000000006,-0.18000000000000002,True,True,True,True,True,True,True,True,True,-0.011027898639440536,0.01078313856926887,basket|link_0|link_1|link_2|link_3
0.135,0.24000000000000005,-0.18000000000000002,True,True,True,True,True,True,True,True,True,-0.011085164733231068,0.012027249857836344,basket|link_0|link_1|link_2|link_3
0.135,0.22000000000000003,-0.18000000000000002,True,True,True,True,True,True,True,True,True,-0.01110895723104477,0.03992886020066872,basket|link_0|link_1|link_2|link_3
0.135,0.2,-0.18000000000000002,True,True,True,True,True,True,True,True,True,-0.011108964681625366,0.004831729981662843,basket|link_0|link_1|link_2|link_3
0.135,0.18,-0.18000000000000002,True,True,True,True,True,True,True,True,True,-0.011108964681625366,0.007494303491844856,basket|link_0|link_1|link_2|link_3
0.135,0.15999999999999998,-0.18000000000000002,True,True,True,True,True,True,True,True,True,-0.011108964681625366,0.00826299599306114,basket|link_0|link_1|link_2|link_3
0.135,0.14000000000000007,-0.18000000000000002,True,True,True,True,True,True,True,True,True,-0.011108964681625366,0.010560686980776002,basket|link_0|link_1|link_2|link_3
0.135,0.12000000000000005,-0.18000000000000002,True,True,True,True,True,True,True,True,True,-0.012466587126255035,0.010421128952037262,basket|link_0|link_1|link_2|link_3
0.135,0.10000000000000003,-0.18000000000000002,True,True,True,True,True,True,True,True,True,-0.013284310698509216,0.012562659900717543,basket|link_0|link_1|link_2|link_3
0.135,0.08000000000000002,-0.18000000000000002,True,True,True,True,True,True,True,True,True,-0.012985862791538239,0.010660970927587674,basket|link_0|link_1|link_2|link_3
0.135,0.06,-0.18000000000000002,True,True,True,True,True,True,True,True,True,-0.014866277575492859,0.011059952830582363,basket|link_0|link_1|link_2|link_3
0.135,0.040000000000000036,-0.18000000000000002,True,True,True,True,True,True,True,True,True,-0.015489324927330017,0.004491476214620984,basket|link_0|link_1|link_2|link_3
0.135,0.020000000000000018,-0.18000000000000002,True,True,True,True,True,True,True,True,True,-0.01597612351179123,0.013392020034083315,basket|link_0|link_1|link_2|link_3
0.135,0.0,-0.18000000000000002,True,True,True,True,True,True,True,True,True,-0.012352332472801208,0.014126803720835288,basket|link_0|link_1|link_2|link_3
0.135,-0.019999999999999962,-0.18000000000000002,True,True,True,True,True,True,True,True,True,-0.011265076696872711,0.01039202862824205,basket|link_0|link_1|link_2|link_3
0.135,-0.03999999999999998,-0.18000000000000002,True,True,True,True,True,True,True,True,True,-0.01110905408859253,0.012008531805986032,basket|link_0|link_1|link_2|link_3
0.135,-0.06,-0.18000000000000002,True,True,True,True,True,True,True,True,True,-0.017093900591135025,0.012456447466439929,basket|link_0|link_1|link_2|link_3
0.135,-0.07999999999999996,-0.18000000000000002,True,True,True,True,True,True,True,True,True,-0.01621892675757408,0.010681477426679282,basket|link_0|link_1|link_2|link_3
0.135,-0.09999999999999998,-0.18000000000000002,True,True,True,True,True,True,True,True,True,-0.011108994483947754,0.007957640287714054,basket|link_0|link_1|link_2|link_3
0.135,-0.12,-0.18000000000000002,True,True,True,True,True,True,True,True,True,-0.011108994483947754,0.007664942703043345,basket|link_0|link_1|link_2|link_3
0.135,-0.13999999999999996,-0.18000000000000002,True,True,True,True,True,True,True,True,True,-0.011108994483947754,0.004359201580886666,basket|link_0|link_1|link_2|link_3
0.135,-0.15999999999999998,-0.18000000000000002,True,True,True,True,True,True,True,True,True,-0.01110900193452835,0.01688274409570827,basket|link_0|link_1|link_2|link_3
0.135,-0.18,-0.18000000000000002,True,True,True,True,True,True,True,True,True,-0.01625572144985199,0.009879089283689954,basket|link_0|link_1|link_2|link_3
0.135,-0.19999999999999998,-0.18000000000000002,True,True,True,True,True,True,True,True,True,-0.02027258276939392,0.01357535697266102,basket|link_0|link_1|link_2|link_3
0.135,-0.21999999999999997,-0.18000000000000002,True,True,True,True,True,True,True,True,True,-0.01649262011051178,0.011104852084859148,basket|link_0|link_1|link_2|link_3
0.135,-0.24,-0.18000000000000002,True,True,True,True,True,True,True,True,True,-0.01110900193452835,0.01637655574927356,basket|link_0|link_1|link_2|link_3
0.135,-0.26,-0.18000000000000002,True,True,True,True,True,True,True,True,True,-0.01105536986142397,0.019903121597360938,basket|link_0|link_1|link_2|link_3
0.135,-0.27999999999999997,-0.18000000000000002,True,True,True,True,True,True,True,True,True,-0.010992949828505516,0.015491550131603488,basket|link_0|link_1|link_2|link_3
0.135,-0.3,-0.18000000000000002,True,True,True,True,True,True,True,True,True,-0.011022459715604782,0.013715567077741846,basket|link_0|link_1|link_2|link_3
0.135,-0.31999999999999995,-0.18000000000000002,True,True,True,True,False,False,True,True,True,-2.6553869247436523e-05,1.48520031346748e-05,basket|link_0|link_1|link_2|link_3
0.135,-0.33999999999999997,-0.18000000000000002,False,False,True,False,False,True,False,False,True,0.011490818113088608,1.4901161193847656e-08,basket|link_0|link_1|link_2|link_3
0.135,-0.36,-0.18000000000000002,False,False,True,False,False,True,False,False,True,,1.4901161193847656e-08,link_1|link_2|link_3
0.135,-0.38,-0.18000000000000002,False,False,True,False,False,True,False,False,True,,1.4901161193847656e-08,link_1|link_2|link_3
0.135,-0.39999999999999997,-0.18000000000000002,False,False,True,False,False,True,False,False,True,,1.4901161193847656e-08,link_1|link_2|link_3
0.135,-0.42,-0.18000000000000002,False,False,True,False,False,True,False,False,True,,1.4901161193847656e-08,link_1|link_2|link_3
0.135,0.42,-0.2,False,False,True,False,False,True,False,False,True,,1.4901161193847656e-08,link_1|link_2|link_3
0.135,0.4000000000000001,-0.2,False,False,True,False,False,True,False,False,True,,1.4901161193847656e-08,link_1|link_2|link_3
0.135,0.38000000000000006,-0.2,False,False,True,False,False,True,False,False,True,,1.4901161193847656e-08,link_1|link_2|link_3
0.135,0.36000000000000004,-0.2,False,False,True,False,False,True,False,False,True,,1.4901161193847656e-08,link_1|link_2|link_3
0.135,0.34,-0.2,False,False,True,False,False,True,False,False,True,0.01462486106902361,1.4901161193847656e-08,basket|link_1|link_2|link_3
0.135,0.32,-0.2,False,False,True,False,False,True,True,True,True,0.007703691720962524,1.4901161193847656e-08,basket|link_1|link_2|link_3
0.135,0.3,-0.2,True,True,True,False,True,False,True,True,True,-0.009388362057507038,0.00749328606014706,basket|link_1|link_2|link_3
0.135,0.2800000000000001,-0.2,True,True,True,False,True,False,True,True,True,-0.01097085326910019,0.014944747930314271,basket|link_1|link_2|link_3
0.135,0.26000000000000006,-0.2,True,True,True,False,True,False,True,True,True,-0.011027895845472813,0.009859133003403912,basket|link_1|link_2|link_3
0.135,0.24000000000000005,-0.2,False,True,False,False,True,False,True,True,True,-0.011087113991379738,0.010811526827284524,basket|link_1|link_2|link_3
0.135,0.22000000000000003,-0.2,False,True,False,False,True,False,True,True,True,-0.01110895723104477,0.04862341062485917,basket|link_1|link_2|link_3
0.135,0.2,-0.2,True,True,True,False,True,False,True,True,True,-0.01110895723104477,0.006783059218448296,basket|link_1|link_2|link_3
0.135,0.18,-0.2,True,True,True,True,True,True,True,True,True,-0.01110895723104477,0.007545837426536926,basket|link_1|link_2|link_3
0.135,0.15999999999999998,-0.2,True,True,True,True,True,True,True,True,True,-0.011108964681625366,0.007490472630491193,basket|link_1|link_2|link_3
0.135,0.14000000000000007,-0.2,True,True,True,True,True,True,True,True,True,-0.011108964681625366,0.009766857197205239,basket|link_1|link_2|link_3
0.135,0.12000000000000005,-0.2,True,True,True,True,True,True,True,True,True,-0.012466631829738617,0.00992041085774066,basket|link_1|link_2|link_3
0.135,0.10000000000000003,-0.2,True,True,True,True,True,True,True,True,True,-0.013284340500831604,0.013438411333997391,basket|link_1|link_2|link_3
0.135,0.08000000000000002,-0.2,True,True,True,True,True,True,True,True,True,-0.011789411306381226,0.013221041604741397,basket|link_1|link_2|link_3
0.135,0.06,-0.2,True,True,True,True,True,True,True,True,True,-0.016023769974708557,0.013451525037513947,basket|link_1|link_2|link_3
0.135,0.040000000000000036,-0.2,True,True,True,True,True,True,True,True,True,-0.015116453170776367,0.011134239370415737,basket|link_1|link_2|link_3
0.135,0.020000000000000018,-0.2,True,True,True,True,True,True,True,True,True,-0.016177557408809662,0.009470730008898837,basket|link_1|link_2|link_3
0.135,0.0,-0.2,True,True,True,True,True,True,True,True,True,-0.017668090760707855,0.011243892743722058,basket|link_1|link_2|link_3
0.135,-0.019999999999999962,-0.2,True,True,True,True,True,True,True,True,True,-0.01752448081970215,0.013454681912219296,basket|link_1|link_2|link_3
0.135,-0.03999999999999998,-0.2,True,True,True,True,True,True,True,True,True,-0.018255457282066345,0.007947404191779212,basket|link_1|link_2|link_3
0.135,-0.06,-0.2,True,True,True,True,True,True,True,True,True,-0.01750101149082184,0.007664621705925395,basket|link_1|link_2|link_3
0.135,-0.07999999999999996,-0.2,True,True,True,True,True,True,True,True,True,-0.016216721385717392,0.008253696442738583,basket|link_1|link_2|link_3
0.135,-0.09999999999999998,-0.2,True,True,True,True,True,True,True,True,True,-0.011747151613235474,0.009245840690259487,basket|link_1|link_2|link_3
0.135,-0.12,-0.2,True,True,True,True,True,True,True,True,True,-0.011108994483947754,0.011436076428374107,basket|link_1|link_2|link_3
0.135,-0.13999999999999996,-0.2,True,True,True,True,True,True,True,True,True,-0.011108994483947754,0.013704489922183215,basket|link_1|link_2|link_3
0.135,-0.15999999999999998,-0.2,True,True,True,True,True,True,True,True,True,-0.01110900193452835,0.007931609033003792,basket|link_1|link_2|link_3
0.135,-0.18,-0.2,True,True,True,True,True,True,True,True,True,-0.01625572144985199,0.006836670908257917,basket|link_1|link_2|link_3
0.135,-0.19999999999999998,-0.2,True,True,True,True,True,True,True,True,True,-0.020272627472877502,0.0075160265191957275,basket|link_1|link_2|link_3
0.135,-0.21999999999999997,-0.2,True,True,True,True,True,True,True,True,True,-0.01649262011051178,0.012712407605098782,basket|link_1|link_2|link_3
0.135,-0.24,-0.2,True,True,True,True,True,True,True,True,True,-0.01110900193452835,0.014667154865607159,basket|link_1|link_2|link_3
0.135,-0.26,-0.2,True,True,True,True,True,True,True,True,True,-0.011027945205569267,0.019744521187791696,basket|link_1|link_2|link_3
0.135,-0.27999999999999997,-0.2,True,True,True,True,True,True,True,True,True,-0.010971546173095703,0.011013207575541,basket|link_1|link_2|link_3
0.135,-0.3,-0.2,True,True,True,True,True,True,True,True,True,-0.011022422462701797,0.02658406923617356,basket|link_1|link_2|link_3
0.135,-0.31999999999999995,-0.2,True,True,True,True,False,False,True,True,True,-2.6553869247436523e-05,1.1210390760656848e-05,basket|link_1|link_2|link_3
0.135,-0.33999999999999997,-0.2,False,False,True,False,False,True,False,False,True,0.013172943145036697,1.4901161193847656e-08,basket|link_1|link_2|link_3
0.135,-0.36,-0.2,False,False,True,False,False,True,False,False,True,,1.4901161193847656e-08,link_1|link_2|link_3
0.135,-0.38,-0.2,False,False,True,False,False,True,False,False,True,,1.4901161193847656e-08,link_1|link_2|link_3
0.135,-0.39999999999999997,-0.2,False,False,True,False,False,True,False,False,True,,1.4901161193847656e-08,link_1|link_2|link_3
0.135,-0.42,-0.2,False,False,True,False,False,True,False,False,True,,1.4901161193847656e-08,link_1|link_2|link_3
0.135,0.42,-0.22000000000000003,False,False,True,False,False,True,False,False,True,,1.4901161193847656e-08,link_1|link_2|link_3
0.135,0.4000000000000001,-0.22000000000000003,False,False,True,False,False,True,False,False,True,,1.4901161193847656e-08,link_1|link_2|link_3
0.135,0.38000000000000006,-0.22000000000000003,False,False,True,False,False,True,False,False,True,,1.4901161193847656e-08,link_1|link_2|link_3
0.135,0.36000000000000004,-0.22000000000000003,False,False,True,False,False,True,False,False,True,,1.4901161193847656e-08,link_1|link_2|link_3
0.135,0.34,-0.22000000000000003,False,False,True,False,False,True,False,False,True,0.005969151854515076,1.4901161193847656e-08,basket|link_1|link_2|link_3
0.135,0.32,-0.22000000000000003,False,True,False,False,True,False,True,True,True,-0.010114483535289764,0.008636447838620491,basket|link_1|link_2|link_3
0.135,0.3,-0.22000000000000003,False,True,False,False,True,False,True,True,True,-0.010114505887031555,0.008755965504572787,basket|link_1|link_2|link_3
0.135,0.2800000000000001,-0.22000000000000003,False,True,False,False,True,False,True,True,True,-0.01090770959854126,0.011606932412515102,basket|link_1|link_2|link_3
0.135,0.26000000000000006,-0.22000000000000003,False,True,False,False,True,False,True,True,True,-0.011005713604390621,0.016737930409871423,basket|link_1|link_2|link_3
0.135,0.24000000000000005,-0.22000000000000003,False,True,False,False,True,False,True,True,True,-0.015503734350204468,0.009225958791070424,basket|link_1|link_2|link_3
0.135,0.22000000000000003,-0.22000000000000003,False,True,False,False,True,False,True,True,True,-0.017464064061641693,0.03543584261749514,basket|link_1|link_2|link_3
0.135,0.2,-0.22000000000000003,False,True,False,False,True,False,True,True,True,-0.015419483184814453,0.00523053871234016,basket|link_1|link_2|link_3
0.135,0.18,-0.22000000000000003,True,True,True,True,True,True,True,True,True,-0.015337847173213959,0.016800260219081698,basket|link_1|link_2|link_3
0.135,0.15999999999999998,-0.22000000000000003,True,True,True,True,True,True,True,True,True,-0.014528945088386536,0.0036956515124069206,basket|link_1|link_2|link_3
0.135,0.14000000000000007,-0.22000000000000003,True,True,True,True,True,True,True,True,True,-0.013196662068367004,0.011088739196244795,basket|link_1|link_2|link_3
0.135,0.12000000000000005,-0.22000000000000003,True,True,True,True,True,True,True,True,True,-0.013136863708496094,0.010425101296734345,basket|link_1|link_2|link_3
0.135,0.10000000000000003,-0.22000000000000003,True,True,True,True,True,True,True,True,True,-0.013284318149089813,0.01124974726227047,basket|link_1|link_2|link_3
0.135,0.08000000000000002,-0.22000000000000003,True,True,True,True,True,True,True,True,True,-0.0127406045794487,0.007022500900164544,basket|link_1|link_2|link_3
0.135,0.06,-0.22000000000000003,True,True,True,True,True,True,True,True,True,-0.013040401041507721,0.009644531884580967,basket|link_1|link_2|link_3
0.135,0.040000000000000036,-0.22000000000000003,True,True,True,True,True,True,True,True,True,-0.01370219886302948,0.012329286100279651,basket|link_1|link_2|link_3
0.135,0.020000000000000018,-0.22000000000000003,True,True,True,True,True,True,True,True,True,-0.016281455755233765,0.01030024429488356,basket|link_1|link_2|link_3
0.135,0.0,-0.22000000000000003,True,True,True,True,True,True,True,True,True,-0.018074870109558105,0.008402456520017934,basket|link_1|link_2|link_3
0.135,-0.019999999999999962,-0.22000000000000003,True,True,True,True,True,True,True,True,True,-0.015707582235336304,0.012734923595984457,basket|link_1|link_2|link_3
0.135,-0.03999999999999998,-0.22000000000000003,True,True,True,True,True,True,True,True,True,-0.014343559741973877,0.007055001605505806,basket|link_1|link_2|link_3
0.135,-0.06,-0.22000000000000003,True,True,True,True,True,True,True,True,True,-0.017093900591135025,0.004535751634717096,basket|link_1|link_2|link_3
0.135,-0.07999999999999996,-0.22000000000000003,True,True,True,True,True,True,True,True,True,-0.01806328445672989,0.014215892700453014,basket|link_1|link_2
0.135,-0.09999999999999998,-0.22000000000000003,True,True,True,True,True,True,True,True,True,-0.018079109489917755,0.007210503118044993,basket|link_1|link_2
0.135,-0.12,-0.22000000000000003,True,True,True,True,True,True,True,True,True,-0.01710984855890274,0.006825673648618959,basket|link_1|link_2|link_3
0.135,-0.13999999999999996,-0.22000000000000003,True,True,True,True,True,True,True,True,True,-0.017481520771980286,0.009631322971792953,basket|link_1|link_2|link_3
0.135,-0.15999999999999998,-0.22000000000000003,True,True,True,True,True,True,True,True,True,-0.017955295741558075,0.006718291676210757,basket|link_1|link_2|link_3
0.135,-0.18,-0.22000000000000003,True,True,True,True,True,True,True,True,True,-0.018215298652648926,0.007295727782586664,basket|link_1|link_2|link_3
0.135,-0.19999999999999998,-0.22000000000000003,True,True,True,True,True,True,True,True,True,-0.02027258276939392,0.006672020908712763,basket|link_1|link_2|link_3
0.135,-0.21999999999999997,-0.22000000000000003,True,True,True,True,True,True,True,True,True,-0.01649262011051178,0.013817276277331187,basket|link_1|link_2|link_3
0.135,-0.24,-0.22000000000000003,True,True,True,True,True,True,True,True,True,-0.011108994483947754,0.013376365133867293,basket|link_1|link_2|link_3
0.135,-0.26,-0.22000000000000003,True,True,True,True,True,True,True,True,True,-0.011027944274246693,0.009493574762826454,basket|link_1|link_2|link_3
0.135,-0.27999999999999997,-0.22000000000000003,True,True,True,True,True,True,True,True,True,-0.011034384369850159,0.004206452108785027,basket|link_1|link_2|link_3
0.135,-0.3,-0.22000000000000003,True,True,True,True,True,True,True,True,True,-0.011022422462701797,0.01691786149921832,basket|link_1|link_2|link_3
0.135,-0.31999999999999995,-0.22000000000000003,True,True,True,True,True,True,True,True,True,-0.008497647941112518,0.0076582475111870675,basket|link_1|link_2
0.135,-0.33999999999999997,-0.22000000000000003,False,False,True,False,False,True,False,False,True,0.006882019340991974,1.4901161193847656e-08,basket|link_1|link_2
0.135,-0.36,-0.22000000000000003,False,False,True,False,False,True,False,False,True,,1.4901161193847656e-08,link_1|link_2
0.135,-0.38,-0.22000000000000003,False,False,True,False,False,True,False,False,True,,1.4901161193847656e-08,link_1|link_2
0.135,-0.39999999999999997,-0.22000000000000003,False,False,True,False,False,True,False,False,True,,1.4901161193847656e-08,link_1|link_2
0.135,-0.42,-0.22000000000000003,False,False,True,False,False,True,False,False,True,,1.4901161193847656e-08,link_1|link_2
0.135,0.42,-0.24000000000000002,False,False,True,False,False,True,False,False,True,,1.4901161193847656e-08,link_1|link_2
0.135,0.4000000000000001,-0.24000000000000002,False,False,True,False,False,True,False,False,True,,1.4901161193847656e-08,link_1|link_2
0.135,0.38000000000000006,-0.24000000000000002,False,False,True,False,False,True,False,False,True,,1.4901161193847656e-08,link_1|link_2
0.135,0.36000000000000004,-0.24000000000000002,False,False,True,False,False,True,False,False,True,,1.4901161193847656e-08,link_1|link_2
0.135,0.34,-0.24000000000000002,False,False,True,False,False,True,False,False,True,0.005637824535369873,1.4901161193847656e-08,basket|link_1|link_2|link_3
0.135,0.32,-0.24000000000000002,False,True,False,False,True,False,True,True,True,-0.006115466356277466,0.003823963813623436,basket|link_1|link_2|link_3
0.135,0.3,-0.24000000000000002,False,True,False,False,True,False,True,True,True,-0.009384393692016602,0.005758308519531114,basket|link_1|link_2|link_3
0.135,0.2800000000000001,-0.24000000000000002,False,True,False,False,True,False,True,True,True,-0.016410604119300842,0.008332357315651625,basket|link_1|link_2|link_3
0.135,0.26000000000000006,-0.24000000000000002,False,True,False,False,True,False,True,True,True,-0.01756695657968521,0.006728665981003277,basket|link_1|link_2|link_3
0.135,0.24000000000000005,-0.24000000000000002,False,True,False,False,True,False,True,True,True,-0.019818559288978577,0.006169650161030968,basket|link_1|link_2|link_3
0.135,0.22000000000000003,-0.24000000000000002,False,True,False,False,True,False,True,True,True,-0.02226550132036209,0.07500161867546223,basket|link_1|link_2|link_3
0.135,0.2,-0.24000000000000002,False,True,False,False,True,False,True,True,True,-0.03703202307224274,0.00489031536823684,basket|link_1|link_2|link_3
0.135,0.18,-0.24000000000000002,True,True,True,True,True,True,True,True,True,-0.04441361874341965,0.0320162752495032,basket|link_1|link_2|link_3
0.135,0.15999999999999998,-0.24000000000000002,True,True,True,True,True,True,True,True,True,-0.03827590495347977,0.005260787689716637,basket|link_1|link_2|link_3
0.135,0.14000000000000007,-0.24000000000000002,True,True,True,True,True,True,True,True,True,-0.0346178337931633,0.015313310432109373,basket|link_1|link_2|link_3
0.135,0.12000000000000005,-0.24000000000000002,True,True,True,True,True,True,True,True,True,-0.03302524983882904,0.013260142196565308,basket|link_1|link_2|link_3
0.135,0.10000000000000003,-0.24000000000000002,True,True,True,True,True,True,True,True,True,-0.031377509236335754,0.014781669680827447,basket|link_1|link_2|link_3
0.135,0.08000000000000002,-0.24000000000000002,True,True,True,True,True,True,True,True,True,-0.026609070599079132,0.013159035030714052,basket|link_1|link_2|link_3
0.135,0.06,-0.24000000000000002,True,True,True,True,True,True,True,True,True,-0.022267140448093414,0.017896829190065508,basket|link_1|link_2|link_3
0.135,0.040000000000000036,-0.24000000000000002,True,True,True,True,True,True,True,True,True,-0.02226698398590088,0.01634952112026739,basket|link_1|link_2|link_3
0.135,0.020000000000000018,-0.24000000000000002,True,True,True,True,True,True,True,True,True,-0.02226659655570984,0.01311229968989861,basket|link_1|link_2|link_3
0.135,0.0,-0.24000000000000002,True,True,True,True,True,True,True,True,True,-0.022266164422035217,0.017528362404396362,basket|link_1|link_2|link_3
0.135,-0.019999999999999962,-0.24000000000000002,True,True,True,True,True,True,True,True,True,-0.021575644612312317,0.016127459938396822,basket|link_1|link_2|link_3
0.135,-0.03999999999999998,-0.24000000000000002,True,True,True,True,True,True,True,True,True,-0.011642687022686005,0.012509733691679204,basket|link_1|link_2|link_3
0.135,-0.06,-0.24000000000000002,True,True,True,True,True,True,True,True,True,-0.022263363003730774,0.017414020103908242,basket|link_1|link_2|link_3
0.135,-0.07999999999999996,-0.24000000000000002,True,True,True,True,True,True,True,True,True,-0.02001912146806717,0.011731210197860756,basket|link_1|link_2
0.135,-0.09999999999999998,-0.24000000000000002,True,True,True,True,True,True,True,True,True,-0.01994682103395462,0.014604901285571653,basket|link_1|link_2
0.135,-0.12,-0.24000000000000002,True,True,True,True,True,True,True,True,True,-0.019001580774784088,0.014642311017295443,basket|link_1|link_2
0.135,-0.13999999999999996,-0.24000000000000002,True,True,True,True,True,True,True,True,True,-0.012483693659305573,0.01126033365488618,basket|link_1|link_2
0.135,-0.15999999999999998,-0.24000000000000002,True,True,True,True,True,True,True,True,True,-0.014645963907241821,0.010417408354055724,basket|link_1|link_2
0.135,-0.18,-0.24000000000000002,True,True,True,True,True,True,True,True,True,-0.021510645747184753,0.004325122402121671,basket|link_1|link_2
0.135,-0.19999999999999998,-0.24000000000000002,True,True,True,True,True,True,True,True,True,-0.02226272225379944,0.011780480582177545,basket|link_1|link_2
0.135,-0.21999999999999997,-0.24000000000000002,True,True,True,True,True,True,True,True,True,-0.022263221442699432,0.04760750576601835,basket|link_1|link_2
0.135,-0.24,-0.24000000000000002,True,True,True,True,True,True,True,True,True,-0.02226307988166809,0.04431085194982621,basket|link_1|link_2
0.135,-0.26,-0.24000000000000002,True,True,True,True,True,True,True,True,True,-0.021886497735977173,0.02250653978733415,basket|link_1|link_2
0.135,-0.27999999999999997,-0.24000000000000002,True,True,True,True,True,True,True,True,True,-0.02226334810256958,0.03399554966132595,basket|link_1|link_2
0.135,-0.3,-0.24000000000000002,True,True,True,True,True,True,True,True,True,-0.022263437509536743,0.019273985916034384,basket|link_1|link_2
0.135,-0.31999999999999995,-0.24000000000000002,True,True,True,True,True,True,True,True,True,-0.013418838381767273,0.009290901100897146,basket|link_1|link_2
0.135,-0.33999999999999997,-0.24000000000000002,False,False,True,False,False,True,False,False,True,0.006580844521522522,1.4901161193847656e-08,basket|link_1|link_2
0.135,-0.36,-0.24000000000000002,False,False,True,False,False,True,False,False,True,,1.4901161193847656e-08,link_1|link_2
0.135,-0.38,-0.24000000000000002,False,False,True,False,False,True,False,False,True,,1.4901161193847656e-08,link_1|link_2
0.135,-0.39999999999999997,-0.24000000000000002,False,False,True,False,False,True,False,False,True,,1.4901161193847656e-08,link_1|link_2
0.135,-0.42,-0.24000000000000002,False,False,True,False,False,True,False,False,True,,1.4901161193847656e-08,link_1|link_2
0.135,0.42,-0.26,False,False,True,False,False,True,False,False,True,,1.4901161193847656e-08,link_1|link_2
0.135,0.4000000000000001,-0.26,False,False,True,False,False,True,False,False,True,,1.4901161193847656e-08,link_1|link_2
0.135,0.38000000000000006,-0.26,False,False,True,False,False,True,False,False,True,,1.4901161193847656e-08,link_1|link_2
0.135,0.36000000000000004,-0.26,False,False,True,False,False,True,False,False,True,,1.4901161193847656e-08,link_1|link_2
0.135,0.34,-0.26,False,False,True,False,False,True,False,False,True,0.005634695291519165,1.4901161193847656e-08,basket|link_1|link_2|link_3
0.135,0.32,-0.26,False,True,False,False,True,False,True,True,True,-0.014365270733833313,0.009713147253655277,basket|link_1|link_2|link_3
0.135,0.3,-0.26,False,True,False,False,True,False,True,True,True,-0.02002149075269699,0.016133613779718833,basket|link_1|link_2|link_3
0.135,0.2800000000000001,-0.26,False,True,False,False,True,False,True,True,True,-0.010907687246799469,0.01809842288388501,basket|link_1|link_2|link_3
0.135,0.26000000000000006,-0.26,False,True,False,False,True,False,True,True,True,-0.011005681939423084,0.013712124340561004,basket|link_1|link_2|link_3
0.135,0.24000000000000005,-0.26,False,True,False,False,True,False,True,True,True,-0.01108202338218689,0.011868993857299663,basket|link_1|link_2|link_3
0.135,0.22000000000000003,-0.26,False,True,False,False,True,False,True,True,True,-0.016266092658042908,0.031215211638785264,basket|link_1|link_2|link_3
0.135,0.2,-0.26,False,True,False,False,True,False,True,True,True,-0.0167255699634552,0.013081563871640167,basket|link_1|link_2|link_3
0.135,0.18,-0.26,True,True,True,True,True,True,True,True,True,-0.014476478099822998,0.011967787372502328,basket|link_1|link_2|link_3
0.135,0.15999999999999998,-0.26,True,True,True,True,True,True,True,True,True,-0.00963728129863739,0.008563648705380587,basket|link_1|link_2|link_3
0.135,0.14000000000000007,-0.26,True,True,True,True,True,True,True,True,True,-0.010907784104347229,0.012988174937468911,basket|link_1|link_2|link_3
0.135,0.12000000000000005,-0.26,True,True,True,True,True,True,True,True,True,-0.017397865653038025,0.019501360105249062,basket|link_1|link_2|link_3
0.135,0.10000000000000003,-0.26,True,True,True,True,True,True,True,True,True,-0.02035488188266754,0.021495253416727065,basket|link_1|link_2|link_3
0.135,0.08000000000000002,-0.26,True,True,True,True,True,True,True,True,True,-0.021200284361839294,0.020119254292867064,basket|link_1|link_2|link_3
0.135,0.06,-0.26,True,True,True,True,True,True,True,True,True,-0.02226480096578598,0.03187558399507955,basket|link_1|link_2|link_3
0.135,0.040000000000000036,-0.26,True,True,True,True,True,True,True,True,True,-0.014671258628368378,0.003133286736019204,basket|link_1|link_2|link_3
0.135,0.020000000000000018,-0.26,True,True,True,True,True,True,True,True,True,-0.02226390689611435,0.025242946858941708,basket|link_1|link_2|link_3
0.135,0.0,-0.26,True,True,True,True,True,True,True,True,True,-0.016309358179569244,0.01233752074876534,basket|link_1|link_2|link_3
0.135,-0.019999999999999962,-0.26,True,True,True,True,True,True,True,True,True,-0.014683321118354797,0.016169518903259187,basket|link_1|link_2|link_3
0.135,-0.03999999999999998,-0.26,True,True,True,True,True,True,True,True,True,-0.01618315279483795,0.014229378458570674,basket|link_1|link_2
0.135,-0.06,-0.26,True,True,True,True,True,True,True,True,True,-0.021320022642612457,0.013881728129391294,basket|link_1|link_2
0.135,-0.07999999999999996,-0.26,True,True,True,True,True,True,True,True,True,-0.025994017720222473,0.020999621259433898,basket|link_1|link_2
0.135,-0.09999999999999998,-0.26,True,True,True,True,True,True,True,True,True,-0.035531505942344666,0.011084565518454971,basket|link_1|link_2
0.135,-0.12,-0.26,True,True,True,True,True,True,True,True,True,-0.033411040902137756,0.019638066514619766,basket|link_1|link_2
0.135,-0.13999999999999996,-0.26,True,True,True,True,True,True,True,True,True,-0.022581025958061218,0.00676131339888919,basket|link_1|link_2
0.135,-0.15999999999999998,-0.26,True,True,True,True,True,True,True,True,True,-0.021198824048042297,0.005294403136733959,basket|link_1|link_2
0.135,-0.18,-0.26,True,True,True,True,True,True,True,True,True,-0.02271236479282379,0.008850202289437335,basket|link_1|link_2
0.135,-0.19999999999999998,-0.26,True,True,True,True,True,True,True,True,True,-0.022263087332248688,0.01325332192609417,basket|link_1|link_2
0.135,-0.21999999999999997,-0.26,True,True,True,True,True,True,True,True,True,-0.022263064980506897,0.056167093179233206,basket|link_1
0.135,-0.24,-0.26,True,True,True,True,True,True,True,True,True,-0.02226303517818451,0.04791639389573177,basket|link_1
0.135,-0.26,-0.26,True,True,True,True,True,True,True,True,True,-0.022263094782829285,0.03536438623258435,basket|link_1
0.135,-0.27999999999999997,-0.26,True,True,True,True,True,True,True,True,True,-0.02226307988166809,0.03418620247386776,basket|link_1
0.135,-0.3,-0.26,True,True,True,True,True,True,True,True,True,-0.02226298302412033,0.016091855323511282,basket|link_1
0.135,-0.31999999999999995,-0.26,True,True,True,True,True,True,True,True,True,-0.013418495655059814,0.009343012051051938,basket|link_1|link_2
0.135,-0.33999999999999997,-0.26,False,False,True,False,False,True,False,False,True,0.006581500172615051,1.4901161193847656e-08,basket|link_1|link_2
0.135,-0.36,-0.26,False,False,True,False,False,True,False,False,True,,1.4901161193847656e-08,link_1|link_2
0.135,-0.38,-0.26,False,False,True,False,False,True,False,False,True,,1.4901161193847656e-08,link_1|link_2
0.135,-0.39999999999999997,-0.26,False,False,True,False,False,True,False,False,True,,1.4901161193847656e-08,link_1|link_2
0.135,-0.42,-0.26,False,False,True,False,False,True,False,False,True,,1.4901161193847656e-08,link_1|link_2
0.135,0.42,-0.28,False,False,True,False,False,True,False,False,True,,1.4901161193847656e-08,link_1|link_2
0.135,0.4000000000000001,-0.28,False,False,True,False,False,True,False,False,True,,1.4901161193847656e-08,link_1|link_2
0.135,0.38000000000000006,-0.28,False,False,True,False,False,True,False,False,True,,1.4901161193847656e-08,link_1|link_2
0.135,0.36000000000000004,-0.28,False,False,True,False,False,True,False,False,True,,1.4901161193847656e-08,link_1|link_2
0.135,0.34,-0.28,False,False,True,False,False,True,False,False,True,,1.4901161193847656e-08,link_1|link_2
0.135,0.32,-0.28,False,False,True,False,False,True,True,True,True,,1.4901161193847656e-08,link_1|link_2
0.135,0.3,-0.28,False,False,True,False,False,True,True,True,True,,1.4901161193847656e-08,link_1|link_2
0.135,0.2800000000000001,-0.28,False,False,True,False,False,True,True,True,True,,1.4901161193847656e-08,link_1|link_2
0.135,0.26000000000000006,-0.28,False,False,True,False,False,True,True,True,True,,1.4901161193847656e-08,link_1|link_2
0.135,0.24000000000000005,-0.28,False,False,True,False,False,True,True,True,True,,1.4901161193847656e-08,link_1|link_2
0.135,0.22000000000000003,-0.28,False,False,True,False,False,True,True,True,True,,1.4901161193847656e-08,link_1|link_2
0.135,0.2,-0.28,False,False,True,False,False,True,True,True,True,0.010941863059997559,1.4901161193847656e-08,basket|link_1|link_2
0.135,0.18,-0.28,True,True,True,True,True,True,True,True,True,-0.008702106773853302,0.009958976600625103,basket|link_1|link_2
0.135,0.15999999999999998,-0.28,True,True,True,True,True,True,True,True,True,-0.01052112877368927,0.0016316195694461156,basket|link_1|link_2
0.135,0.14000000000000007,-0.28,True,True,True,True,True,True,True,True,True,-0.01906922459602356,0.006585697222162907,basket|link_1|link_2
0.135,0.12000000000000005,-0.28,True,True,True,True,True,True,True,True,True,-0.022265516221523285,0.0142106385119876,basket|link_1|link_2
0.135,0.10000000000000003,-0.28,True,True,True,True,True,True,True,True,True,-0.02226579189300537,0.014975809304199703,basket|link_1|link_2
0.135,0.08000000000000002,-0.28,True,True,True,True,True,True,True,True,True,-0.022266104817390442,0.07054520552131303,basket|link_1|link_2
0.135,0.06,-0.28,True,True,True,True,True,True,True,True,True,-0.031973328441381454,0.028686002534804873,basket|link_1|link_2
0.135,0.040000000000000036,-0.28,True,True,True,True,True,True,True,True,True,-0.0450558215379715,0.021808129386376118,basket|link_1|link_2
0.135,0.020000000000000018,-0.28,True,True,True,True,True,True,True,True,True,-0.04604052007198334,0.006078021072839656,basket|link_1|link_2
0.135,0.0,-0.28,True,True,True,True,True,True,True,True,True,-0.044214896857738495,0.021229610454796315,basket|link_1|link_2
0.135,-0.019999999999999962,-0.28,True,True,True,True,True,True,True,True,True,-0.04249115288257599,0.008068800653025274,basket|link_1|link_2
0.135,-0.03999999999999998,-0.28,True,True,True,True,True,True,True,True,True,-0.04498281329870224,0.024386209888408353,basket|link_1|link_2
0.135,-0.06,-0.28,True,True,True,True,True,True,True,True,True,-0.031479157507419586,0.024717202844816016,basket|link_1|link_2
0.135,-0.07999999999999996,-0.28,True,True,True,True,True,True,True,True,True,-0.025503411889076233,0.018405903090243775,basket|link_1|link_2
0.135,-0.09999999999999998,-0.28,True,True,True,True,True,True,True,True,True,-0.029489606618881226,0.010964451093827361,basket|link_1|link_2
0.135,-0.12,-0.28,True,True,True,True,True,True,True,True,True,-0.04111349582672119,0.008988780508707323,basket|link_1|link_2
0.135,-0.13999999999999996,-0.28,True,True,True,True,True,True,True,True,True,-0.037927448749542236,0.06627718220661886,basket|link_1|link_2
0.135,-0.15999999999999998,-0.28,True,True,True,True,True,True,True,True,True,-0.03844828903675079,0.06631512271322708,basket|link_1|link_2
0.135,-0.18,-0.28,True,True,True,True,True,True,True,True,True,-0.04245980083942413,0.015517972255867306,basket|link_1|link_2
0.135,-0.19999999999999998,-0.28,True,True,True,True,True,True,True,True,True,-0.035896480083465576,0.009536939008307115,basket|link_1|link_2
0.135,-0.21999999999999997,-0.28,True,True,True,True,True,True,True,True,True,-0.01649262011051178,0.026937598926979174,basket|link_1
0.135,-0.24,-0.28,True,True,True,True,True,True,True,True,True,-0.01110897958278656,0.02810805607849533,basket|link_1
0.135,-0.26,-0.28,True,True,True,True,True,True,True,True,True,-0.011027924716472626,0.016855941309835178,basket|link_1
0.135,-0.27999999999999997,-0.28,True,True,True,True,True,True,True,True,True,-0.010897204279899597,0.013847137079091208,basket|link_1
0.135,-0.3,-0.28,True,True,True,True,True,True,True,True,True,-0.011022407561540604,0.007580119890702702,basket|link_1
0.135,-0.31999999999999995,-0.28,True,True,True,True,True,True,True,True,True,-0.010061128064990044,0.00947598056030422,basket|link_1
0.135,-0.33999999999999997,-0.28,False,False,True,False,False,True,False,False,True,0.006584733724594116,1.4901161193847656e-08,basket|link_1
0.135,-0.36,-0.28,False,False,True,False,False,True,False,False,True,,1.4901161193847656e-08,
0.135,-0.38,-0.28,False,False,True,False,False,True,False,False,True,,1.4901161193847656e-08,
0.135,-0.39999999999999997,-0.28,False,False,True,False,False,True,False,False,True,,1.4901161193847656e-08,
0.135,-0.42,-0.28,False,False,True,False,False,True,False,False,True,,1.4901161193847656e-08,
0.135,0.42,-0.30000000000000004,False,False,True,False,False,True,False,False,True,,1.4901161193847656e-08,
0.135,0.4000000000000001,-0.30000000000000004,False,False,True,False,False,True,False,False,True,,1.4901161193847656e-08,
0.135,0.38000000000000006,-0.30000000000000004,False,False,True,False,False,True,False,False,True,,1.4901161193847656e-08,
0.135,0.36000000000000004,-0.30000000000000004,False,False,True,False,False,True,False,False,True,,1.4901161193847656e-08,
0.135,0.34,-0.30000000000000004,False,False,True,False,False,True,False,False,True,,1.4901161193847656e-08,
0.135,0.32,-0.30000000000000004,False,False,True,False,False,True,True,True,True,,1.4901161193847656e-08,
0.135,0.3,-0.30000000000000004,True,False,False,True,False,False,True,True,True,,1.4901161193847656e-08,
0.135,0.2800000000000001,-0.30000000000000004,True,False,False,True,False,False,True,True,True,,1.4901161193847656e-08,
0.135,0.26000000000000006,-0.30000000000000004,True,False,False,True,False,False,True,True,True,,1.4901161193847656e-08,
0.135,0.24000000000000005,-0.30000000000000004,False,False,True,False,False,True,True,True,True,,1.4901161193847656e-08,
0.135,0.22000000000000003,-0.30000000000000004,False,False,True,False,False,True,True,True,True,,1.4901161193847656e-08,
0.135,0.2,-0.30000000000000004,True,False,False,True,False,False,True,True,True,,1.4901161193847656e-08,
0.135,0.18,-0.30000000000000004,True,False,False,True,False,False,True,True,True,0.013537585735321045,1.4901161193847656e-08,basket|link_2
0.135,0.15999999999999998,-0.30000000000000004,True,False,False,True,False,False,True,True,True,0.004530303180217743,1.4901161193847656e-08,basket|link_2
0.135,0.14000000000000007,-0.30000000000000004,True,False,False,True,False,False,True,True,True,0.00483713299036026,1.4901161193847656e-08,basket|link_2
0.135,0.12000000000000005,-0.30000000000000004,True,False,False,True,False,False,True,True,True,0.0053593069314956665,1.4901161193847656e-08,basket|link_2
0.135,0.10000000000000003,-0.30000000000000004,True,False,False,True,False,False,True,True,True,0.005922779440879822,1.4901161193847656e-08,basket|link_2
0.135,0.08000000000000002,-0.30000000000000004,True,False,False,True,False,False,True,True,True,0.006561174988746643,1.4901161193847656e-08,basket|link_2
0.135,0.06,-0.30000000000000004,True,False,False,True,False,False,True,True,True,0.007169358432292938,1.4901161193847656e-08,basket|link_1|link_2
0.135,0.040000000000000036,-0.30000000000000004,True,True,True,True,True,True,True,True,True,-0.003757961094379425,0.0023557038857009043,basket|link_1|link_2
0.135,0.020000000000000018,-0.30000000000000004,True,True,True,True,True,True,True,True,True,-0.007846616208553314,0.005832365933406566,basket|link_1|link_2
0.135,0.0,-0.30000000000000004,True,True,True,True,True,True,True,True,True,-0.010838665068149567,0.00844439251712424,basket|link_1|link_2
0.135,-0.019999999999999962,-0.30000000000000004,True,True,True,True,True,True,True,True,True,-0.010644696652889252,0.006564252233605786,basket|link_1|link_2
0.135,-0.03999999999999998,-0.30000000000000004,True,True,True,True,True,True,True,True,True,-0.009111553430557251,0.01868767766533289,basket|link_1|link_2
0.135,-0.06,-0.30000000000000004,True,True,True,True,True,True,True,True,True,-0.010951437056064606,0.02775952516669294,basket|link_1|link_2
0.135,-0.07999999999999996,-0.30000000000000004,True,True,True,True,True,True,True,True,True,-0.006980312056839466,0.010695030791446167,basket|link_1
0.135,-0.09999999999999998,-0.30000000000000004,True,True,True,True,True,True,True,True,True,-0.00903672631829977,0.007453785688048097,basket|link_1|link_2
0.135,-0.12,-0.30000000000000004,True,True,True,True,True,True,True,True,True,-0.009036711417138577,0.008591160861203316,basket|link_1|link_2
0.135,-0.13999999999999996,-0.30000000000000004,True,True,True,True,True,True,True,True,True,-0.008099643513560295,0.010080846031821146,basket|link_1
0.135,-0.15999999999999998,-0.30000000000000004,True,True,True,True,True,True,True,True,True,-0.008154709823429585,0.005723105018564872,basket|link_1|link_2
0.135,-0.18,-0.30000000000000004,True,True,True,True,True,True,True,True,True,-0.007594539783895016,0.004694207842246811,basket|link_1|link_2
0.135,-0.19999999999999998,-0.30000000000000004,True,True,True,True,True,True,True,True,True,-0.007356986403465271,0.00419127194759019,basket|link_1|link_2
0.135,-0.21999999999999997,-0.30000000000000004,True,False,False,True,False,False,True,True,True,0.0038171783089637756,1.4901161193847656e-08,basket|link_1|link_2
0.135,-0.24,-0.30000000000000004,True,False,False,True,False,False,True,True,True,0.0027114450931549072,1.4901161193847656e-08,basket|link_1
0.135,-0.26,-0.30000000000000004,True,False,False,True,False,False,True,True,True,0.001769132912158966,1.4901161193847656e-08,basket|link_1
0.135,-0.27999999999999997,-0.30000000000000004,True,True,True,True,False,False,True,True,True,0.0009368583559989929,2.6516920939352334e-05,basket|link_1
0.135,-0.3,-0.30000000000000004,True,True,True,True,False,False,True,True,True,0.00016682595014572144,5.8059827112356884e-05,basket|link_1
0.135,-0.31999999999999995,-0.30000000000000004,True,True,True,True,False,False,True,True,True,-5.2362680435180664e-05,4.893517967861221e-05,basket|link_1
0.135,-0.33999999999999997,-0.30000000000000004,False,False,True,False,False,True,False,False,True,0.011490736156702042,1.4901161193847656e-08,basket|link_1
0.135,-0.36,-0.30000000000000004,False,False,True,False,False,True,False,False,True,,1.4901161193847656e-08,
0.135,-0.38,-0.30000000000000004,False,False,True,False,False,True,False,False,True,,1.4901161193847656e-08,
0.135,-0.39999999999999997,-0.30000000000000004,False,False,True,False,False,True,False,False,True,,1.4901161193847656e-08,
0.135,-0.42,-0.30000000000000004,False,False,True,False,False,True,False,False,True,,1.4901161193847656e-08,
0.135,0.42,-0.32,False,False,True,False,False,True,False,False,True,,1.4901161193847656e-08,
0.135,0.4000000000000001,-0.32,False,False,True,False,False,True,False,False,True,,1.4901161193847656e-08,
0.135,0.38000000000000006,-0.32,False,False,True,False,False,True,False,False,True,,1.4901161193847656e-08,
0.135,0.36000000000000004,-0.32,False,False,True,False,False,True,False,False,True,,1.4901161193847656e-08,
0.135,0.34,-0.32,False,False,True,False,False,True,False,False,True,,1.4901161193847656e-08,
0.135,0.32,-0.32,False,False,True,False,False,True,True,True,True,,1.4901161193847656e-08,
0.135,0.3,-0.32,True,False,False,True,False,False,True,True,True,,1.4901161193847656e-08,
0.135,0.2800000000000001,-0.32,True,False,False,True,False,False,True,True,True,,1.4901161193847656e-08,
0.135,0.26000000000000006,-0.32,True,False,False,True,False,False,True,True,True,,1.4901161193847656e-08,
0.135,0.24000000000000005,-0.32,True,False,False,True,False,False,True,True,True,,1.4901161193847656e-08,
0.135,0.22000000000000003,-0.32,False,False,True,False,False,True,True,True,True,,1.4901161193847656e-08,
0.135,0.2,-0.32,True,False,False,True,False,False,True,True,True,,1.4901161193847656e-08,
0.135,0.18,-0.32,True,False,False,True,False,False,True,True,True,,1.4901161193847656e-08,
0.135,0.15999999999999998,-0.32,True,False,False,True,False,False,True,True,True,,1.4901161193847656e-08,
0.135,0.14000000000000007,-0.32,True,False,False,True,False,False,True,True,True,,1.4901161193847656e-08,
0.135,0.12000000000000005,-0.32,True,False,False,True,False,False,True,True,True,,1.4901161193847656e-08,
0.135,0.10000000000000003,-0.32,True,False,False,True,False,False,True,True,True,,1.4901161193847656e-08,
0.135,0.08000000000000002,-0.32,True,False,False,True,False,False,True,True,True,,1.4901161193847656e-08,
0.135,0.06,-0.32,True,False,False,True,False,False,True,True,True,,1.4901161193847656e-08,
0.135,0.040000000000000036,-0.32,True,False,False,True,False,False,True,True,True,0.016551822423934937,1.4901161193847656e-08,basket|link_1
0.135,0.020000000000000018,-0.32,True,False,False,True,False,False,True,True,True,0.0033779367804527283,1.4901161193847656e-08,basket|link_1
0.135,0.0,-0.32,True,True,True,True,False,False,True,True,True,0.0008902177214622498,1.4901161193847656e-08,basket|link_1
0.135,-0.019999999999999962,-0.32,True,True,True,True,False,False,True,True,True,0.0005578994750976562,1.4901161193847656e-08,basket|link_1
0.135,-0.03999999999999998,-0.32,True,True,True,True,False,False,True,True,True,0.0002555549144744873,1.4901161193847656e-08,basket|link_1
0.135,-0.06,-0.32,True,True,True,True,False,False,True,True,True,2.314150333404541e-05,3.969371073382621e-05,basket|link_1
0.135,-0.07999999999999996,-0.32,True,False,False,False,False,True,True,False,False,0.011037033051252365,1.4901161193847656e-08,basket|link_1
0.135,-0.09999999999999998,-0.32,True,True,True,True,False,False,True,True,True,-0.00011868774890899658,5.534957002919377e-05,basket|link_1
0.135,-0.12,-0.32,True,True,True,True,False,False,True,True,True,-0.0002032071352005005,6.567133832487333e-05,basket|link_1
0.135,-0.13999999999999996,-0.32,True,True,True,True,False,False,True,True,True,-4.152753172093071e-05,1.2207944553151225e-05,basket|link_1
0.135,-0.15999999999999998,-0.32,True,True,True,True,False,False,True,True,True,0.00013199448585510254,1.4901161193847656e-08,basket|link_1
0.135,-0.18,-0.32,True,True,True,True,False,False,True,True,True,0.00023772567510604858,1.4901161193847656e-08,basket|link_1
0.135,-0.19999999999999998,-0.32,True,False,False,True,False,False,True,False,False,0.0015796646475791931,1.4901161193847656e-08,basket|link_1
0.135,-0.21999999999999997,-0.32,True,False,False,False,False,True,True,False,False,0.013735227286815643,1.4901161193847656e-08,basket|link_1
0.135,-0.24,-0.32,True,False,False,False,False,True,True,False,False,0.013616658747196198,1.4901161193847656e-08,basket|link_1
0.135,-0.26,-0.32,True,False,False,False,False,True,True,False,False,0.013661101460456848,1.4901161193847656e-08,basket|link_1
0.135,-0.27999999999999997,-0.32,True,False,False,False,False,True,True,False,False,0.013815991580486298,1.4901161193847656e-08,basket|link_1
0.135,-0.3,-0.32,True,False,False,False,False,True,True,False,False,0.013970442116260529,1.4901161193847656e-08,basket|link_1
0.135,-0.31999999999999995,-0.32,True,False,False,False,False,True,True,False,False,0.014085926115512848,1.4901161193847656e-08,basket|link_1
0.135,-0.33999999999999997,-0.32,False,False,True,False,False,True,False,False,True,,1.4901161193847656e-08,
0.135,-0.36,-0.32,False,False,True,False,False,True,False,False,True,,1.4901161193847656e-08,
0.135,-0.38,-0.32,False,False,True,False,False,True,False,False,True,,1.4901161193847656e-08,
0.135,-0.39999999999999997,-0.32,False,False,True,False,False,True,False,False,True,,1.4901161193847656e-08,
0.135,-0.42,-0.32,False,False,True,False,False,True,False,False,True,,1.4901161193847656e-08,
0.135,0.42,-0.34,False,False,True,False,False,True,False,False,True,,1.4901161193847656e-08,
0.135,0.4000000000000001,-0.34,False,False,True,False,False,True,False,False,True,,1.4901161193847656e-08,
0.135,0.38000000000000006,-0.34,False,False,True,False,False,True,False,False,True,,1.4901161193847656e-08,
0.135,0.36000000000000004,-0.34,False,False,True,False,False,True,False,False,True,,1.4901161193847656e-08,
0.135,0.34,-0.34,False,False,True,False,False,True,False,False,True,,1.4901161193847656e-08,
0.135,0.32,-0.34,False,False,True,False,False,True,False,False,True,,1.4901161193847656e-08,
0.135,0.3,-0.34,False,False,True,False,False,True,False,False,True,,1.4901161193847656e-08,
0.135,0.2800000000000001,-0.34,False,False,True,False,False,True,False,False,True,,1.4901161193847656e-08,
0.135,0.26000000000000006,-0.34,False,False,True,False,False,True,False,False,True,,1.4901161193847656e-08,
0.135,0.24000000000000005,-0.34,False,False,True,False,False,True,False,False,True,,1.4901161193847656e-08,
0.135,0.22000000000000003,-0.34,False,False,True,False,False,True,False,False,True,,1.4901161193847656e-08,
0.135,0.2,-0.34,False,False,True,False,False,True,False,False,True,,1.4901161193847656e-08,
0.135,0.18,-0.34,False,False,True,False,False,True,False,False,True,,1.4901161193847656e-08,link_2|link_3
0.135,0.15999999999999998,-0.34,False,False,True,False,False,True,False,False,True,,1.4901161193847656e-08,link_2|link_3
0.135,0.14000000000000007,-0.34,False,False,True,False,False,True,False,False,True,,1.4901161193847656e-08,link_2|link_3
0.135,0.12000000000000005,-0.34,False,False,True,False,False,True,False,False,True,,1.4901161193847656e-08,link_2|link_3
0.135,0.10000000000000003,-0.34,False,False,True,False,False,True,False,False,True,,1.4901161193847656e-08,link_2|link_3
0.135,0.08000000000000002,-0.34,False,False,True,False,False,True,False,False,True,,1.4901161193847656e-08,link_2|link_3
0.135,0.06,-0.34,False,False,True,False,False,True,False,False,True,,1.4901161193847656e-08,link_2|link_3
0.135,0.040000000000000036,-0.34,False,False,True,False,False,True,False,False,True,,1.4901161193847656e-08,link_2|link_3
0.135,0.020000000000000018,-0.34,False,False,True,False,False,True,False,False,True,,1.4901161193847656e-08,link_2|link_3
0.135,0.0,-0.34,False,False,True,False,False,True,False,False,True,0.01977769285440445,1.4901161193847656e-08,basket|link_1|link_2|link_3
0.135,-0.019999999999999962,-0.34,False,False,True,False,False,True,False,False,True,0.019620202481746674,1.4901161193847656e-08,basket|link_1|link_2|link_3
0.135,-0.03999999999999998,-0.34,False,False,True,False,False,True,False,False,True,0.01946956105530262,1.4901161193847656e-08,basket|link_1|link_2|link_3
0.135,-0.06,-0.34,False,False,True,False,False,True,False,False,True,0.019401535391807556,1.4901161193847656e-08,basket|link_1|link_2|link_3
0.135,-0.07999999999999996,-0.34,False,False,True,False,False,True,False,False,True,0.019452914595603943,1.4901161193847656e-08,basket|link_1|link_2|link_3
0.135,-0.09999999999999998,-0.34,False,False,True,False,False,True,False,False,True,0.019310928881168365,1.490127488014328e-08,basket|link_1|link_2|link_3
0.135,-0.12,-0.34,False,False,True,False,False,True,False,False,True,0.019304059445858,1.4901161193847656e-08,basket|link_1|link_2|link_3
0.135,-0.13999999999999996,-0.34,False,False,True,False,False,True,False,False,True,0.019434211775660515,1.4901161193847656e-08,basket|link_1|link_2|link_3
0.135,-0.15999999999999998,-0.34,False,False,True,False,False,True,False,False,True,0.019585557281970978,1.4901161193847656e-08,basket|link_1|link_2|link_3
0.135,-0.18,-0.34,False,False,True,False,False,True,False,False,True,0.01969218999147415,1.4901161193847656e-08,basket|link_1|link_2|link_3
0.135,-0.19999999999999998,-0.34,False,False,True,False,False,True,False,False,True,,1.4901161193847656e-08,link_2|link_3
0.135,-0.21999999999999997,-0.34,False,False,True,False,False,True,False,False,True,,1.4901161193847656e-08,link_2|link_3
0.135,-0.24,-0.34,False,False,True,False,False,True,False,False,True,,1.4901161193847656e-08,link_2|link_3
0.135,-0.26,-0.34,False,False,True,False,False,True,False,False,True,,1.4901161193847656e-08,link_2|link_3
0.135,-0.27999999999999997,-0.34,False,False,True,False,False,True,False,False,True,,1.4901161193847656e-08,link_2|link_3
0.135,-0.3,-0.34,False,False,True,False,False,True,False,False,True,,1.4901161193847656e-08,link_2|link_3
0.135,-0.31999999999999995,-0.34,False,False,True,False,False,True,False,False,True,,1.4901161193847656e-08,link_2|link_3
0.135,-0.33999999999999997,-0.34,False,False,True,False,False,True,False,False,True,,1.4901161193847656e-08,link_2|link_3
0.135,-0.36,-0.34,False,False,True,False,False,True,False,False,True,,1.4901161193847656e-08,link_2|link_3
0.135,-0.38,-0.34,False,False,True,False,False,True,False,False,True,,1.4901161193847656e-08,link_2|link_3
0.135,-0.39999999999999997,-0.34,False,False,True,False,False,True,False,False,True,,1.4901161193847656e-08,link_2|link_3
0.135,-0.42,-0.34,False,False,True,False,False,True,False,False,True,,1.4901161193847656e-08,link_2|link_3
0.0675,0.42,0.34,False,False,True,False,False,True,False,False,True,,2.9802322387695312e-08,link_1|link_2|link_3
0.0675,0.4000000000000001,0.34,False,False,True,False,False,True,False,False,True,,2.9802322387695312e-08,link_1|link_2|link_3
0.0675,0.38000000000000006,0.34,False,False,True,False,False,True,False,False,True,,2.9802322387695312e-08,link_1|link_2|link_3
0.0675,0.36000000000000004,0.34,False,False,True,False,False,True,False,False,True,,2.9802322387695312e-08,link_1|link_2|link_3
0.0675,0.34,0.34,False,False,True,False,False,True,False,False,True,,2.9802322387695312e-08,link_1|link_2|link_3
0.0675,0.32,0.34,False,False,True,False,False,True,False,False,True,,2.9802322387695312e-08,link_1|link_2|link_3
0.0675,0.3,0.34,False,False,True,False,False,True,False,False,True,,2.9802322387695312e-08,link_1|link_2|link_3
0.0675,0.2800000000000001,0.34,False,False,True,False,False,True,False,False,True,,2.9802322387695312e-08,link_1|link_2|link_3
0.0675,0.26000000000000006,0.34,False,False,True,False,False,True,False,False,True,,2.9802322387695312e-08,link_1|link_2|link_3
0.0675,0.24000000000000005,0.34,False,False,True,False,False,True,False,False,True,,2.9802322387695312e-08,link_1|link_2|link_3
0.0675,0.22000000000000003,0.34,False,False,True,False,False,True,False,False,True,,2.9802322387695312e-08,link_1|link_2|link_3
0.0675,0.2,0.34,False,False,True,False,False,True,False,False,True,,2.9802322387695312e-08,link_1|link_2|link_3
0.0675,0.18,0.34,False,False,True,False,False,True,False,False,True,,2.9802322387695312e-08,link_1|link_2|link_3
0.0675,0.15999999999999998,0.34,False,False,True,False,False,True,False,False,True,,2.9802322387695312e-08,link_1|link_2|link_3
0.0675,0.14000000000000007,0.34,False,False,True,False,False,True,False,False,True,,2.9802322387695312e-08,link_1|link_2|link_3
0.0675,0.12000000000000005,0.34,False,False,True,False,False,True,False,False,True,,2.9802322387695312e-08,link_1|link_2|link_3
0.0675,0.10000000000000003,0.34,False,False,True,False,False,True,False,False,True,,2.9802322387695312e-08,link_1|link_2|link_3
0.0675,0.08000000000000002,0.34,False,False,True,False,False,True,False,False,True,,2.9802322387695312e-08,link_1|link_2|link_3
0.0675,0.06,0.34,False,False,True,False,False,True,False,False,True,,2.9802322387695312e-08,link_1|link_2|link_3
0.0675,0.040000000000000036,0.34,False,False,True,False,False,True,False,False,True,,2.9802322387695312e-08,link_1|link_2|link_3
0.0675,0.020000000000000018,0.34,False,False,True,False,False,True,False,False,True,,2.9802322387695312e-08,link_1|link_2|link_3
0.0675,0.0,0.34,False,False,True,False,False,True,False,False,True,,2.9802322387695312e-08,link_1|link_2|link_3
0.0675,-0.019999999999999962,0.34,False,False,True,False,False,True,False,False,True,,2.9802322387695312e-08,link_1|link_2|link_3
0.0675,-0.03999999999999998,0.34,False,False,True,False,False,True,False,False,True,,2.9802322387695312e-08,link_1|link_2|link_3
0.0675,-0.06,0.34,False,False,True,False,False,True,False,False,True,,2.9802322387695312e-08,link_1|link_2|link_3
0.0675,-0.07999999999999996,0.34,False,False,True,False,False,True,False,False,True,,2.9802322387695312e-08,link_1|link_2|link_3
0.0675,-0.09999999999999998,0.34,False,False,True,False,False,True,False,False,True,,2.980237923100575e-08,link_1|link_2|link_3
0.0675,-0.12,0.34,False,False,True,False,False,True,False,False,True,,2.9802322387695312e-08,link_1|link_2|link_3
0.0675,-0.13999999999999996,0.34,False,False,True,False,False,True,False,False,True,,2.9802322387695312e-08,link_1|link_2|link_3
0.0675,-0.15999999999999998,0.34,False,False,True,False,False,True,False,False,True,,2.9802322387695312e-08,link_1|link_2|link_3
0.0675,-0.18,0.34,False,False,True,False,False,True,False,False,True,,2.9802322387695312e-08,link_1|link_2|link_3
0.0675,-0.19999999999999998,0.34,False,False,True,False,False,True,False,False,True,,2.9802322387695312e-08,link_1|link_2|link_3
0.0675,-0.21999999999999997,0.34,False,False,True,False,False,True,False,False,True,,2.9802322387695312e-08,link_1|link_2|link_3
0.0675,-0.24,0.34,False,False,True,False,False,True,False,False,True,,2.9802322387695312e-08,link_1|link_2|link_3
0.0675,-0.26,0.34,False,False,True,False,False,True,False,False,True,,2.9802322387695312e-08,link_1|link_2|link_3
0.0675,-0.27999999999999997,0.34,False,False,True,False,False,True,False,False,True,,2.9802322387695312e-08,link_1|link_2|link_3
0.0675,-0.3,0.34,False,False,True,False,False,True,False,False,True,,2.9802322387695312e-08,link_1|link_2|link_3
0.0675,-0.31999999999999995,0.34,False,False,True,False,False,True,False,False,True,,2.9802322387695312e-08,link_1|link_2|link_3
0.0675,-0.33999999999999997,0.34,False,False,True,False,False,True,False,False,True,,2.9802322387695312e-08,link_1|link_2|link_3
0.0675,-0.36,0.34,False,False,True,False,False,True,False,False,True,,2.9802322387695312e-08,link_1|link_2|link_3
0.0675,-0.38,0.34,False,False,True,False,False,True,False,False,True,,2.9802322387695312e-08,link_1|link_2|link_3
0.0675,-0.39999999999999997,0.34,False,False,True,False,False,True,False,False,True,,2.9802322387695312e-08,link_1|link_2|link_3
0.0675,-0.42,0.34,False,False,True,False,False,True,False,False,True,,2.9802322387695312e-08,link_1|link_2|link_3
0.0675,0.42,0.32,False,False,True,False,False,True,False,False,True,,2.9802322387695312e-08,link_1|link_2|link_3
0.0675,0.4000000000000001,0.32,False,False,True,False,False,True,False,False,True,,2.9802322387695312e-08,link_1|link_2|link_3
0.0675,0.38000000000000006,0.32,False,False,True,False,False,True,False,False,True,,2.9802322387695312e-08,link_1|link_2|link_3
0.0675,0.36000000000000004,0.32,False,False,True,False,False,True,False,False,True,,2.9802322387695312e-08,link_1|link_2|link_3
0.0675,0.34,0.32,False,False,True,False,False,True,False,False,True,,2.9802322387695312e-08,link_1|link_2|link_3
0.0675,0.32,0.32,False,False,True,False,False,True,False,False,True,,2.9802322387695312e-08,link_1|link_2|link_3
0.0675,0.3,0.32,False,False,True,False,False,True,False,False,True,,2.9802322387695312e-08,link_1|link_2|link_3
0.0675,0.2800000000000001,0.32,False,False,True,False,False,True,False,False,True,,2.9802322387695312e-08,link_1|link_2|link_3
0.0675,0.26000000000000006,0.32,False,False,True,False,False,True,False,False,True,,2.9802322387695312e-08,link_1|link_2|link_3
0.0675,0.24000000000000005,0.32,False,False,True,False,False,True,False,False,True,,2.9802322387695312e-08,link_1|link_2|link_3
0.0675,0.22000000000000003,0.32,False,False,True,False,False,True,False,False,True,,2.9802322387695312e-08,link_1|link_2|link_3
0.0675,0.2,0.32,False,False,True,False,False,True,False,False,True,,2.9802322387695312e-08,link_1|link_2|link_3
0.0675,0.18,0.32,False,False,True,False,False,True,False,False,True,,2.9802322387695312e-08,link_1|link_2|link_3
0.0675,0.15999999999999998,0.32,False,False,True,False,False,True,False,False,True,,2.9802322387695312e-08,link_1|link_2|link_3
0.0675,0.14000000000000007,0.32,False,False,True,False,False,True,False,False,True,,2.9802322387695312e-08,link_1|link_2|link_3
0.0675,0.12000000000000005,0.32,False,False,True,False,False,True,False,False,True,,2.9802322387695312e-08,link_1|link_2|link_3
0.0675,0.10000000000000003,0.32,False,False,True,False,False,True,False,False,True,,2.9802322387695312e-08,link_1|link_2|link_3
0.0675,0.08000000000000002,0.32,False,False,True,False,False,True,False,False,True,,2.9802322387695312e-08,link_1|link_2|link_3
0.0675,0.06,0.32,False,False,True,False,False,True,False,False,True,,2.9802322387695312e-08,link_1|link_2|link_3
0.0675,0.040000000000000036,0.32,False,False,True,False,False,True,False,False,True,,2.9802322387695312e-08,link_1|link_2|link_3
0.0675,0.020000000000000018,0.32,False,False,True,False,False,True,False,False,True,,2.9802322387695312e-08,link_1|link_2|link_3
0.0675,0.0,0.32,False,False,True,False,False,True,False,False,True,,2.9802322387695312e-08,link_1|link_2|link_3
0.0675,-0.019999999999999962,0.32,False,False,True,False,False,True,False,False,True,,2.9802322387695312e-08,link_1|link_2|link_3
0.0675,-0.03999999999999998,0.32,False,False,True,False,False,True,False,False,True,,2.9802322387695312e-08,link_1|link_2|link_3
0.0675,-0.06,0.32,False,False,True,False,False,True,False,False,True,,2.9802322387695312e-08,link_1|link_2|link_3
0.0675,-0.07999999999999996,0.32,False,False,True,False,False,True,False,False,True,,2.9802322387695312e-08,link_1|link_2|link_3
0.0675,-0.09999999999999998,0.32,False,False,True,False,False,True,False,False,True,,2.980237923100575e-08,link_1|link_2|link_3
0.0675,-0.12,0.32,False,False,True,False,False,True,False,False,True,,2.9802322387695312e-08,link_1|link_2|link_3
0.0675,-0.13999999999999996,0.32,False,False,True,False,False,True,False,False,True,,2.9802322387695312e-08,link_1|link_2|link_3
0.0675,-0.15999999999999998,0.32,False,False,True,False,False,True,False,False,True,,2.9802322387695312e-08,link_1|link_2|link_3
0.0675,-0.18,0.32,False,False,True,False,False,True,False,False,True,,2.9802322387695312e-08,link_1|link_2|link_3
0.0675,-0.19999999999999998,0.32,False,False,True,False,False,True,False,False,True,,2.9802322387695312e-08,link_1|link_2|link_3
0.0675,-0.21999999999999997,0.32,False,False,True,False,False,True,False,False,True,,2.9802322387695312e-08,link_1|link_2|link_3
0.0675,-0.24,0.32,False,False,True,False,False,True,False,False,True,,2.9802322387695312e-08,link_1|link_2|link_3
0.0675,-0.26,0.32,False,False,True,False,False,True,False,False,True,,2.9802322387695312e-08,link_1|link_2|link_3
0.0675,-0.27999999999999997,0.32,False,False,True,False,False,True,False,False,True,,2.9802322387695312e-08,link_1|link_2|link_3
0.0675,-0.3,0.32,False,False,True,False,False,True,False,False,True,,2.9802322387695312e-08,link_1|link_2|link_3
0.0675,-0.31999999999999995,0.32,False,False,True,False,False,True,False,False,True,,2.9802322387695312e-08,link_1|link_2|link_3
0.0675,-0.33999999999999997,0.32,False,False,True,False,False,True,False,False,True,,2.9802322387695312e-08,link_1|link_2|link_3
0.0675,-0.36,0.32,False,False,True,False,False,True,False,False,True,,2.9802322387695312e-08,link_1|link_2|link_3
0.0675,-0.38,0.32,False,False,True,False,False,True,False,False,True,,2.9802322387695312e-08,link_1|link_2|link_3
0.0675,-0.39999999999999997,0.32,False,False,True,False,False,True,False,False,True,,2.9802322387695312e-08,link_1|link_2|link_3
0.0675,-0.42,0.32,False,False,True,False,False,True,False,False,True,,2.9802322387695312e-08,link_1|link_2|link_3
0.0675,0.42,0.3,False,False,True,False,False,True,False,False,True,,2.9802322387695312e-08,link_1|link_2|link_3
0.0675,0.4000000000000001,0.3,False,False,True,False,False,True,False,False,True,,2.9802322387695312e-08,link_1|link_2|link_3
0.0675,0.38000000000000006,0.3,False,False,True,False,False,True,False,False,True,,2.9802322387695312e-08,link_1|link_2|link_3
0.0675,0.36000000000000004,0.3,False,False,True,False,False,True,False,False,True,,2.9802322387695312e-08,link_1|link_2|link_3
0.0675,0.34,0.3,False,False,True,False,False,True,False,False,True,,2.9802322387695312e-08,link_1|link_2|link_3
0.0675,0.32,0.3,False,False,True,False,False,True,False,False,True,,2.9802322387695312e-08,link_1|link_2|link_3
0.0675,0.3,0.3,False,False,True,False,False,True,False,False,True,,2.9802322387695312e-08,link_1|link_2|link_3
0.0675,0.2800000000000001,0.3,False,False,True,False,False,True,False,False,True,,2.9802322387695312e-08,link_1|link_2|link_3
0.0675,0.26000000000000006,0.3,False,False,True,False,False,True,False,False,True,,2.9802322387695312e-08,link_1|link_2|link_3
0.0675,0.24000000000000005,0.3,False,False,True,False,False,True,False,False,True,,2.9802322387695312e-08,link_1|link_2|link_3
0.0675,0.22000000000000003,0.3,False,False,True,False,False,True,False,False,True,,2.9802322387695312e-08,link_1|link_2|link_3
0.0675,0.2,0.3,False,False,True,False,False,True,False,False,True,,2.9802322387695312e-08,link_1|link_2|link_3
0.0675,0.18,0.3,False,False,True,False,False,True,False,False,True,,2.9802322387695312e-08,link_1|link_2|link_3
0.0675,0.15999999999999998,0.3,False,False,True,False,False,True,False,False,True,,2.9802322387695312e-08,link_1|link_2|link_3
0.0675,0.14000000000000007,0.3,False,False,True,False,False,True,False,False,True,,2.9802322387695312e-08,link_1|link_2|link_3
0.0675,0.12000000000000005,0.3,False,False,True,False,False,True,False,False,True,,2.9802322387695312e-08,link_1|link_2|link_3
0.0675,0.10000000000000003,0.3,False,False,True,False,False,True,False,False,True,,2.9802322387695312e-08,link_1|link_2|link_3
0.0675,0.08000000000000002,0.3,False,False,True,False,False,True,False,False,True,,2.9802322387695312e-08,link_1|link_2|link_3
0.0675,0.06,0.3,False,False,True,False,False,True,False,False,True,,2.9802322387695312e-08,link_1|link_2|link_3
0.0675,0.040000000000000036,0.3,False,False,True,False,False,True,False,False,True,,2.9802322387695312e-08,link_1|link_2|link_3
0.0675,0.020000000000000018,0.3,False,False,True,False,False,True,False,False,True,,2.9802322387695312e-08,link_1|link_2|link_3
0.0675,0.0,0.3,False,False,True,False,False,True,False,False,True,,2.9802322387695312e-08,link_1|link_2|link_3
0.0675,-0.019999999999999962,0.3,False,False,True,False,False,True,False,False,True,,2.9802322387695312e-08,link_1|link_2|link_3
0.0675,-0.03999999999999998,0.3,False,False,True,False,False,True,False,False,True,,2.9802322387695312e-08,link_1|link_2|link_3
0.0675,-0.06,0.3,False,False,True,False,False,True,False,False,True,,2.9802322387695312e-08,link_1|link_2|link_3
0.0675,-0.07999999999999996,0.3,False,False,True,False,False,True,False,False,True,,2.9802322387695312e-08,link_1|link_2|link_3
0.0675,-0.09999999999999998,0.3,False,False,True,False,False,True,False,False,True,,2.980237923100575e-08,link_1|link_2|link_3
0.0675,-0.12,0.3,False,False,True,False,False,True,False,False,True,,2.9802322387695312e-08,link_1|link_2|link_3
0.0675,-0.13999999999999996,0.3,False,False,True,False,False,True,False,False,True,,2.9802322387695312e-08,link_1|link_2|link_3
0.0675,-0.15999999999999998,0.3,False,False,True,False,False,True,False,False,True,,2.9802322387695312e-08,link_1|link_2|link_3
0.0675,-0.18,0.3,False,False,True,False,False,True,False,False,True,,2.9802322387695312e-08,link_1|link_2|link_3
0.0675,-0.19999999999999998,0.3,False,False,True,False,False,True,False,False,True,,2.9802322387695312e-08,link_1|link_2|link_3
0.0675,-0.21999999999999997,0.3,False,False,True,False,False,True,False,False,True,,2.9802322387695312e-08,link_1|link_2|link_3
0.0675,-0.24,0.3,False,False,True,False,False,True,False,False,True,,2.9802322387695312e-08,link_1|link_2|link_3
0.0675,-0.26,0.3,False,False,True,False,False,True,False,False,True,,2.9802322387695312e-08,link_1|link_2|link_3
0.0675,-0.27999999999999997,0.3,False,False,True,False,False,True,False,False,True,,2.9802322387695312e-08,link_1|link_2|link_3
0.0675,-0.3,0.3,False,False,True,False,False,True,False,False,True,,2.9802322387695312e-08,link_1|link_2|link_3
0.0675,-0.31999999999999995,0.3,False,False,True,False,False,True,False,False,True,,2.9802322387695312e-08,link_1|link_2|link_3
0.0675,-0.33999999999999997,0.3,False,False,True,False,False,True,False,False,True,,2.9802322387695312e-08,link_1|link_2|link_3
0.0675,-0.36,0.3,False,False,True,False,False,True,False,False,True,,2.9802322387695312e-08,link_1|link_2|link_3
0.0675,-0.38,0.3,False,False,True,False,False,True,False,False,True,,2.9802322387695312e-08,link_1|link_2|link_3
0.0675,-0.39999999999999997,0.3,False,False,True,False,False,True,False,False,True,,2.9802322387695312e-08,link_1|link_2|link_3
0.0675,-0.42,0.3,False,False,True,False,False,True,False,False,True,,2.9802322387695312e-08,link_1|link_2|link_3
0.0675,0.42,0.27999999999999997,False,False,True,False,False,True,False,False,True,,2.9802322387695312e-08,link_1|link_2|link_3
0.0675,0.4000000000000001,0.27999999999999997,False,False,True,False,False,True,False,False,True,,2.9802322387695312e-08,link_1|link_2|link_3
0.0675,0.38000000000000006,0.27999999999999997,False,False,True,False,False,True,False,False,True,,2.9802322387695312e-08,link_1|link_2|link_3
0.0675,0.36000000000000004,0.27999999999999997,False,False,True,False,False,True,False,False,True,,2.9802322387695312e-08,link_1|link_2|link_3
0.0675,0.34,0.27999999999999997,False,False,True,False,False,True,False,False,True,,2.9802322387695312e-08,link_1|link_2|link_3
0.0675,0.32,0.27999999999999997,False,False,True,False,False,True,False,False,True,,2.9802322387695312e-08,link_1|link_2|link_3
0.0675,0.3,0.27999999999999997,False,False,True,False,False,True,False,False,True,,2.9802322387695312e-08,link_1|link_2|link_3
0.0675,0.2800000000000001,0.27999999999999997,False,False,True,False,False,True,False,False,True,,2.9802322387695312e-08,link_1|link_2|link_3
0.0675,0.26000000000000006,0.27999999999999997,False,False,True,False,False,True,False,False,True,,2.9802322387695312e-08,link_1|link_2|link_3
0.0675,0.24000000000000005,0.27999999999999997,False,False,True,False,False,True,False,False,True,,2.9802322387695312e-08,link_1|link_2|link_3
0.0675,0.22000000000000003,0.27999999999999997,False,False,True,False,False,True,False,False,True,,2.9802322387695312e-08,link_1|link_2|link_3
0.0675,0.2,0.27999999999999997,False,False,True,False,False,True,False,False,True,,2.9802322387695312e-08,link_1|link_2|link_3
0.0675,0.18,0.27999999999999997,False,False,True,False,False,True,False,False,True,,2.9802322387695312e-08,link_1|link_2|link_3
0.0675,0.15999999999999998,0.27999999999999997,False,False,True,False,False,True,False,False,True,,2.9802322387695312e-08,link_1|link_2|link_3
0.0675,0.14000000000000007,0.27999999999999997,False,False,True,False,False,True,False,False,True,,2.9802322387695312e-08,link_1|link_2|link_3
0.0675,0.12000000000000005,0.27999999999999997,False,False,True,False,False,True,False,False,True,,2.9802322387695312e-08,link_1|link_2|link_3
0.0675,0.10000000000000003,0.27999999999999997,False,False,True,False,False,True,False,False,True,,2.9802322387695312e-08,link_1|link_2|link_3
0.0675,0.08000000000000002,0.27999999999999997,False,False,True,False,False,True,False,False,True,,2.9802322387695312e-08,link_1|link_2|link_3
0.0675,0.06,0.27999999999999997,False,False,True,False,False,True,False,False,True,,2.9802322387695312e-08,link_1|link_2|link_3
0.0675,0.040000000000000036,0.27999999999999997,False,False,True,False,False,True,False,False,True,,2.9802322387695312e-08,link_1|link_2|link_3
0.0675,0.020000000000000018,0.27999999999999997,False,False,True,False,False,True,False,False,True,,2.9802322387695312e-08,link_1|link_2|link_3
0.0675,0.0,0.27999999999999997,False,False,True,False,False,True,False,False,True,,2.9802322387695312e-08,link_1|link_2|link_3
0.0675,-0.019999999999999962,0.27999999999999997,False,False,True,False,False,True,False,False,True,,2.9802322387695312e-08,link_1|link_2|link_3
0.0675,-0.03999999999999998,0.27999999999999997,False,False,True,False,False,True,False,False,True,,2.9802322387695312e-08,link_1|link_2|link_3
0.0675,-0.06,0.27999999999999997,False,False,True,False,False,True,False,False,True,,2.9802322387695312e-08,link_1|link_2|link_3
0.0675,-0.07999999999999996,0.27999999999999997,False,False,True,False,False,True,False,False,True,,2.9802322387695312e-08,link_1|link_2|link_3
0.0675,-0.09999999999999998,0.27999999999999997,False,False,True,False,False,True,False,False,True,,2.980237923100575e-08,link_1|link_2|link_3
0.0675,-0.12,0.27999999999999997,False,False,True,False,False,True,False,False,True,,2.9802322387695312e-08,link_1|link_2|link_3
0.0675,-0.13999999999999996,0.27999999999999997,False,False,True,False,False,True,False,False,True,,2.9802322387695312e-08,link_1|link_2|link_3
0.0675,-0.15999999999999998,0.27999999999999997,False,False,True,False,False,True,False,False,True,,2.9802322387695312e-08,link_1|link_2|link_3
0.0675,-0.18,0.27999999999999997,False,False,True,False,False,True,False,False,True,,2.9802322387695312e-08,link_1|link_2|link_3
0.0675,-0.19999999999999998,0.27999999999999997,False,False,True,False,False,True,False,False,True,,2.9802322387695312e-08,link_1|link_2|link_3
0.0675,-0.21999999999999997,0.27999999999999997,False,False,True,False,False,True,False,False,True,,2.9802322387695312e-08,link_1|link_2|link_3
0.0675,-0.24,0.27999999999999997,False,False,True,False,False,True,False,False,True,,2.9802322387695312e-08,link_1|link_2|link_3
0.0675,-0.26,0.27999999999999997,False,False,True,False,False,True,False,False,True,,2.9802322387695312e-08,link_1|link_2|link_3
0.0675,-0.27999999999999997,0.27999999999999997,False,False,True,False,False,True,False,False,True,,2.9802322387695312e-08,link_1|link_2|link_3
0.0675,-0.3,0.27999999999999997,False,False,True,False,False,True,False,False,True,,2.9802322387695312e-08,link_1|link_2|link_3
0.0675,-0.31999999999999995,0.27999999999999997,False,False,True,False,False,True,False,False,True,,2.9802322387695312e-08,link_1|link_2|link_3
0.0675,-0.33999999999999997,0.27999999999999997,False,False,True,False,False,True,False,False,True,,2.9802322387695312e-08,link_1|link_2|link_3
0.0675,-0.36,0.27999999999999997,False,False,True,False,False,True,False,False,True,,2.9802322387695312e-08,link_1|link_2|link_3
0.0675,-0.38,0.27999999999999997,False,False,True,False,False,True,False,False,True,,2.9802322387695312e-08,link_1|link_2|link_3
0.0675,-0.39999999999999997,0.27999999999999997,False,False,True,False,False,True,False,False,True,,2.9802322387695312e-08,link_1|link_2|link_3
0.0675,-0.42,0.27999999999999997,False,False,True,False,False,True,False,False,True,,2.9802322387695312e-08,link_1|link_2|link_3
0.0675,0.42,0.25999999999999995,False,False,True,False,False,True,False,False,True,,2.9802322387695312e-08,link_1|link_2|link_3
0.0675,0.4000000000000001,0.25999999999999995,False,False,True,False,False,True,False,False,True,,2.9802322387695312e-08,link_1|link_2|link_3
0.0675,0.38000000000000006,0.25999999999999995,False,False,True,False,False,True,False,False,True,,2.9802322387695312e-08,link_1|link_2|link_3
0.0675,0.36000000000000004,0.25999999999999995,False,False,True,False,False,True,False,False,True,,2.9802322387695312e-08,link_1|link_2|link_3
0.0675,0.34,0.25999999999999995,False,False,True,False,False,True,False,False,True,,2.9802322387695312e-08,link_1|link_2|link_3
0.0675,0.32,0.25999999999999995,False,False,True,False,False,True,False,False,True,,2.9802322387695312e-08,link_1|link_2|link_3
0.0675,0.3,0.25999999999999995,False,False,True,False,False,True,False,False,True,,2.9802322387695312e-08,link_1|link_2|link_3
0.0675,0.2800000000000001,0.25999999999999995,False,False,True,False,False,True,False,False,True,,2.9802322387695312e-08,link_1|link_2|link_3
0.0675,0.26000000000000006,0.25999999999999995,False,False,True,False,False,True,False,False,True,,2.9802322387695312e-08,link_1|link_2|link_3
0.0675,0.24000000000000005,0.25999999999999995,False,False,True,False,False,True,False,False,True,,2.9802322387695312e-08,link_1|link_2|link_3
0.0675,0.22000000000000003,0.25999999999999995,False,False,True,False,False,True,False,False,True,,2.9802322387695312e-08,link_1|link_2|link_3
0.0675,0.2,0.25999999999999995,False,False,True,False,False,True,False,False,True,,2.9802322387695312e-08,link_1|link_2|link_3
0.0675,0.18,0.25999999999999995,False,False,True,False,False,True,False,False,True,,2.9802322387695312e-08,link_1|link_2|link_3
0.0675,0.15999999999999998,0.25999999999999995,False,False,True,False,False,True,False,False,True,,2.9802322387695312e-08,link_1|link_2|link_3
0.0675,0.14000000000000007,0.25999999999999995,False,False,True,False,False,True,False,False,True,,2.9802322387695312e-08,link_1|link_2|link_3
0.0675,0.12000000000000005,0.25999999999999995,False,False,True,False,False,True,False,False,True,,2.9802322387695312e-08,link_1|link_2|link_3
0.0675,0.10000000000000003,0.25999999999999995,False,False,True,False,False,True,False,False,True,,2.9802322387695312e-08,link_1|link_2|link_3
0.0675,0.08000000000000002,0.25999999999999995,False,False,True,False,False,True,False,False,True,,2.9802322387695312e-08,link_1|link_2|link_3
0.0675,0.06,0.25999999999999995,False,False,True,False,False,True,False,False,True,,2.9802322387695312e-08,link_1|link_2|link_3
0.0675,0.040000000000000036,0.25999999999999995,False,False,True,False,False,True,False,False,True,,2.9802322387695312e-08,link_1|link_2|link_3
0.0675,0.020000000000000018,0.25999999999999995,False,False,True,False,False,True,False,False,True,,2.9802322387695312e-08,link_1|link_2|link_3
0.0675,0.0,0.25999999999999995,False,False,True,False,False,True,False,False,True,,2.9802322387695312e-08,link_1|link_2|link_3
0.0675,-0.019999999999999962,0.25999999999999995,False,False,True,False,False,True,False,False,True,,2.9802322387695312e-08,link_1|link_2|link_3
0.0675,-0.03999999999999998,0.25999999999999995,False,False,True,False,False,True,False,False,True,,2.9802322387695312e-08,link_1|link_2|link_3
0.0675,-0.06,0.25999999999999995,False,False,True,False,False,True,False,False,True,,2.9802322387695312e-08,link_1|link_2|link_3
0.0675,-0.07999999999999996,0.25999999999999995,False,False,True,False,False,True,False,False,True,,2.9802322387695312e-08,link_1|link_2|link_3
0.0675,-0.09999999999999998,0.25999999999999995,False,False,True,False,False,True,False,False,True,,2.980237923100575e-08,link_1|link_2|link_3
0.0675,-0.12,0.25999999999999995,False,False,True,False,False,True,False,False,True,,2.9802322387695312e-08,link_1|link_2|link_3
0.0675,-0.13999999999999996,0.25999999999999995,False,False,True,False,False,True,False,False,True,,2.9802322387695312e-08,link_1|link_2|link_3
0.0675,-0.15999999999999998,0.25999999999999995,False,False,True,False,False,True,False,False,True,,2.9802322387695312e-08,link_1|link_2|link_3
0.0675,-0.18,0.25999999999999995,False,False,True,False,False,True,False,False,True,,2.9802322387695312e-08,link_1|link_2|link_3
0.0675,-0.19999999999999998,0.25999999999999995,False,False,True,False,False,True,False,False,True,,2.9802322387695312e-08,link_1|link_2|link_3
0.0675,-0.21999999999999997,0.25999999999999995,False,False,True,False,False,True,False,False,True,,2.9802322387695312e-08,link_1|link_2|link_3
0.0675,-0.24,0.25999999999999995,False,False,True,False,False,True,False,False,True,,2.9802322387695312e-08,link_1|link_2|link_3
0.0675,-0.26,0.25999999999999995,False,False,True,False,False,True,False,False,True,,2.9802322387695312e-08,link_1|link_2|link_3
0.0675,-0.27999999999999997,0.25999999999999995,False,False,True,False,False,True,False,False,True,,2.9802322387695312e-08,link_1|link_2|link_3
0.0675,-0.3,0.25999999999999995,False,False,True,False,False,True,False,False,True,,2.9802322387695312e-08,link_1|link_2|link_3
0.0675,-0.31999999999999995,0.25999999999999995,False,False,True,False,False,True,False,False,True,,2.9802322387695312e-08,link_1|link_2|link_3
0.0675,-0.33999999999999997,0.25999999999999995,False,False,True,False,False,True,False,False,True,,2.9802322387695312e-08,link_1|link_2|link_3
0.0675,-0.36,0.25999999999999995,False,False,True,False,False,True,False,False,True,,2.9802322387695312e-08,link_1|link_2|link_3
0.0675,-0.38,0.25999999999999995,False,False,True,False,False,True,False,False,True,,2.9802322387695312e-08,link_1|link_2|link_3
0.0675,-0.39999999999999997,0.25999999999999995,False,False,True,False,False,True,False,False,True,,2.9802322387695312e-08,link_1|link_2|link_3
0.0675,-0.42,0.25999999999999995,False,False,True,False,False,True,False,False,True,,2.9802322387695312e-08,link_1|link_2|link_3
0.0675,0.42,0.23999999999999994,False,False,True,False,False,True,False,False,True,,2.9802322387695312e-08,link_1|link_2|link_3
0.0675,0.4000000000000001,0.23999999999999994,False,False,True,False,False,True,False,False,True,,2.9802322387695312e-08,link_1|link_2|link_3
0.0675,0.38000000000000006,0.23999999999999994,False,False,True,False,False,True,False,False,True,,2.9802322387695312e-08,link_1|link_2|link_3
0.0675,0.36000000000000004,0.23999999999999994,False,False,True,False,False,True,False,False,True,,2.9802322387695312e-08,link_1|link_2|link_3
0.0675,0.34,0.23999999999999994,False,False,True,False,False,True,False,False,True,,2.9802322387695312e-08,link_1|link_2|link_3
0.0675,0.32,0.23999999999999994,False,False,True,False,False,True,False,False,True,,2.9802322387695312e-08,link_1|link_2|link_3
0.0675,0.3,0.23999999999999994,False,False,True,False,False,True,False,False,True,,2.9802322387695312e-08,link_1|link_2|link_3
0.0675,0.2800000000000001,0.23999999999999994,False,False,True,False,False,True,False,False,True,,2.9802322387695312e-08,link_1|link_2|link_3
0.0675,0.26000000000000006,0.23999999999999994,False,False,True,False,False,True,False,False,True,,2.9802322387695312e-08,link_1|link_2|link_3
0.0675,0.24000000000000005,0.23999999999999994,False,False,True,False,False,True,False,False,True,,2.9802322387695312e-08,link_1|link_2|link_3
0.0675,0.22000000000000003,0.23999999999999994,False,False,True,False,False,True,False,False,True,,2.9802322387695312e-08,link_1|link_2|link_3
0.0675,0.2,0.23999999999999994,False,False,True,False,False,True,False,False,True,,2.9802322387695312e-08,link_1|link_2|link_3
0.0675,0.18,0.23999999999999994,False,False,True,False,False,True,False,False,True,,2.9802322387695312e-08,link_1|link_2|link_3
0.0675,0.15999999999999998,0.23999999999999994,False,False,True,False,False,True,False,False,True,,2.9802322387695312e-08,link_1|link_2|link_3
0.0675,0.14000000000000007,0.23999999999999994,False,False,True,False,False,True,False,False,True,,2.9802322387695312e-08,link_1|link_2|link_3
0.0675,0.12000000000000005,0.23999999999999994,False,False,True,False,False,True,False,False,True,,2.9802322387695312e-08,link_1|link_2|link_3
0.0675,0.10000000000000003,0.23999999999999994,False,False,True,False,False,True,False,False,True,,2.9802322387695312e-08,link_1|link_2|link_3
0.0675,0.08000000000000002,0.23999999999999994,False,False,True,False,False,True,False,False,True,,2.9802322387695312e-08,link_1|link_2|link_3
0.0675,0.06,0.23999999999999994,False,False,True,False,False,True,False,False,True,,2.9802322387695312e-08,link_1|link_2|link_3
0.0675,0.040000000000000036,0.23999999999999994,False,False,True,False,False,True,False,False,True,,2.9802322387695312e-08,link_1|link_2|link_3
0.0675,0.020000000000000018,0.23999999999999994,False,False,True,False,False,True,False,False,True,,2.9802322387695312e-08,link_1|link_2|link_3
0.0675,0.0,0.23999999999999994,False,False,True,False,False,True,False,False,True,,2.9802322387695312e-08,link_1|link_2|link_3
0.0675,-0.019999999999999962,0.23999999999999994,False,False,True,False,False,True,False,False,True,,2.9802322387695312e-08,link_1|link_2|link_3
0.0675,-0.03999999999999998,0.23999999999999994,False,False,True,False,False,True,False,False,True,,2.9802322387695312e-08,link_1|link_2|link_3
0.0675,-0.06,0.23999999999999994,False,False,True,False,False,True,False,False,True,,2.9802322387695312e-08,link_1|link_2|link_3
0.0675,-0.07999999999999996,0.23999999999999994,False,False,True,False,False,True,False,False,True,,2.9802322387695312e-08,link_1|link_2|link_3
0.0675,-0.09999999999999998,0.23999999999999994,False,False,True,False,False,True,False,False,True,,2.980237923100575e-08,link_1|link_2|link_3
0.0675,-0.12,0.23999999999999994,False,False,True,False,False,True,False,False,True,,2.9802322387695312e-08,link_1|link_2|link_3
0.0675,-0.13999999999999996,0.23999999999999994,False,False,True,False,False,True,False,False,True,,2.9802322387695312e-08,link_1|link_2|link_3
0.0675,-0.15999999999999998,0.23999999999999994,False,False,True,False,False,True,False,False,True,,2.9802322387695312e-08,link_1|link_2|link_3
0.0675,-0.18,0.23999999999999994,False,False,True,False,False,True,False,False,True,,2.9802322387695312e-08,link_1|link_2|link_3
0.0675,-0.19999999999999998,0.23999999999999994,False,False,True,False,False,True,False,False,True,,2.9802322387695312e-08,link_1|link_2|link_3
0.0675,-0.21999999999999997,0.23999999999999994,False,False,True,False,False,True,False,False,True,,2.9802322387695312e-08,link_1|link_2|link_3
0.0675,-0.24,0.23999999999999994,False,False,True,False,False,True,False,False,True,,2.9802322387695312e-08,link_1|link_2|link_3
0.0675,-0.26,0.23999999999999994,False,False,True,False,False,True,False,False,True,,2.9802322387695312e-08,link_1|link_2|link_3
0.0675,-0.27999999999999997,0.23999999999999994,False,False,True,False,False,True,False,False,True,,2.9802322387695312e-08,link_1|link_2|link_3
0.0675,-0.3,0.23999999999999994,False,False,True,False,False,True,False,False,True,,2.9802322387695312e-08,link_1|link_2|link_3
0.0675,-0.31999999999999995,0.23999999999999994,False,False,True,False,False,True,False,False,True,,2.9802322387695312e-08,link_1|link_2|link_3
0.0675,-0.33999999999999997,0.23999999999999994,False,False,True,False,False,True,False,False,True,,2.9802322387695312e-08,link_1|link_2|link_3
0.0675,-0.36,0.23999999999999994,False,False,True,False,False,True,False,False,True,,2.9802322387695312e-08,link_1|link_2|link_3
0.0675,-0.38,0.23999999999999994,False,False,True,False,False,True,False,False,True,,2.9802322387695312e-08,link_1|link_2|link_3
0.0675,-0.39999999999999997,0.23999999999999994,False,False,True,False,False,True,False,False,True,,2.9802322387695312e-08,link_1|link_2|link_3
0.0675,-0.42,0.23999999999999994,False,False,True,False,False,True,False,False,True,,2.9802322387695312e-08,link_1|link_2|link_3
0.0675,0.42,0.22000000000000003,False,False,True,False,False,True,False,False,True,,2.9802322387695312e-08,link_1|link_2|link_3
0.0675,0.4000000000000001,0.22000000000000003,False,False,True,False,False,True,False,False,True,,2.9802322387695312e-08,link_1|link_2|link_3
0.0675,0.38000000000000006,0.22000000000000003,False,False,True,False,False,True,False,False,True,,2.9802322387695312e-08,link_1|link_2|link_3
0.0675,0.36000000000000004,0.22000000000000003,False,False,True,False,False,True,False,False,True,,2.9802322387695312e-08,link_1|link_2|link_3
0.0675,0.34,0.22000000000000003,False,False,True,False,False,True,False,False,True,,2.9802322387695312e-08,link_1|link_2|link_3
0.0675,0.32,0.22000000000000003,False,False,True,False,False,True,False,False,True,,2.9802322387695312e-08,link_1|link_2|link_3
0.0675,0.3,0.22000000000000003,False,False,True,False,False,True,False,False,True,,2.9802322387695312e-08,link_1|link_2|link_3
0.0675,0.2800000000000001,0.22000000000000003,False,False,True,False,False,True,False,False,True,,2.9802322387695312e-08,link_1|link_2|link_3
0.0675,0.26000000000000006,0.22000000000000003,False,False,True,False,False,True,False,False,True,,2.9802322387695312e-08,link_1|link_2|link_3
0.0675,0.24000000000000005,0.22000000000000003,False,False,True,False,False,True,False,False,True,,2.9802322387695312e-08,link_1|link_2|link_3
0.0675,0.22000000000000003,0.22000000000000003,False,False,True,False,False,True,False,False,True,,2.9802322387695312e-08,link_1|link_2|link_3
0.0675,0.2,0.22000000000000003,False,False,True,False,False,True,False,False,True,,2.9802322387695312e-08,link_1|link_2|link_3
0.0675,0.18,0.22000000000000003,False,False,True,False,False,True,False,False,True,,2.9802322387695312e-08,link_1|link_2|link_3
0.0675,0.15999999999999998,0.22000000000000003,False,False,True,False,False,True,False,False,True,,2.9802322387695312e-08,link_1|link_2|link_3
0.0675,0.14000000000000007,0.22000000000000003,False,False,True,False,False,True,False,False,True,,2.9802322387695312e-08,link_1|link_2|link_3
0.0675,0.12000000000000005,0.22000000000000003,False,False,True,False,False,True,False,False,True,,2.9802322387695312e-08,link_1|link_2|link_3
0.0675,0.10000000000000003,0.22000000000000003,False,False,True,False,False,True,False,False,True,,2.9802322387695312e-08,link_1|link_2|link_3
0.0675,0.08000000000000002,0.22000000000000003,False,False,True,False,False,True,False,False,True,,2.9802322387695312e-08,link_1|link_2|link_3
0.0675,0.06,0.22000000000000003,False,False,True,False,False,True,False,False,True,,2.9802322387695312e-08,link_1|link_2|link_3
0.0675,0.040000000000000036,0.22000000000000003,False,False,True,False,False,True,False,False,True,,2.9802322387695312e-08,link_1|link_2|link_3
0.0675,0.020000000000000018,0.22000000000000003,False,False,True,False,False,True,False,False,True,,2.9802322387695312e-08,link_1|link_2|link_3
0.0675,0.0,0.22000000000000003,False,False,True,False,False,True,False,False,True,,2.9802322387695312e-08,link_1|link_2|link_3
0.0675,-0.019999999999999962,0.22000000000000003,False,False,True,False,False,True,False,False,True,,2.9802322387695312e-08,link_1|link_2|link_3
0.0675,-0.03999999999999998,0.22000000000000003,False,False,True,False,False,True,False,False,True,,2.9802322387695312e-08,link_1|link_2|link_3
0.0675,-0.06,0.22000000000000003,False,False,True,False,False,True,False,False,True,,2.9802322387695312e-08,link_1|link_2|link_3
0.0675,-0.07999999999999996,0.22000000000000003,False,False,True,False,False,True,False,False,True,,2.9802322387695312e-08,link_1|link_2|link_3
0.0675,-0.09999999999999998,0.22000000000000003,False,False,True,False,False,True,False,False,True,,2.980237923100575e-08,link_1|link_2|link_3
0.0675,-0.12,0.22000000000000003,False,False,True,False,False,True,False,False,True,,2.9802322387695312e-08,link_1|link_2|link_3
0.0675,-0.13999999999999996,0.22000000000000003,False,False,True,False,False,True,False,False,True,,2.9802322387695312e-08,link_1|link_2|link_3
0.0675,-0.15999999999999998,0.22000000000000003,False,False,True,False,False,True,False,False,True,,2.9802322387695312e-08,link_1|link_2|link_3
0.0675,-0.18,0.22000000000000003,False,False,True,False,False,True,False,False,True,,2.9802322387695312e-08,link_1|link_2|link_3
0.0675,-0.19999999999999998,0.22000000000000003,False,False,True,False,False,True,False,False,True,,2.9802322387695312e-08,link_1|link_2|link_3
0.0675,-0.21999999999999997,0.22000000000000003,False,False,True,False,False,True,False,False,True,,2.9802322387695312e-08,link_1|link_2|link_3
0.0675,-0.24,0.22000000000000003,False,False,True,False,False,True,False,False,True,,2.9802322387695312e-08,link_1|link_2|link_3
0.0675,-0.26,0.22000000000000003,False,False,True,False,False,True,False,False,True,,2.9802322387695312e-08,link_1|link_2|link_3
0.0675,-0.27999999999999997,0.22000000000000003,False,False,True,False,False,True,False,False,True,,2.9802322387695312e-08,link_1|link_2|link_3
0.0675,-0.3,0.22000000000000003,False,False,True,False,False,True,False,False,True,,2.9802322387695312e-08,link_1|link_2|link_3
0.0675,-0.31999999999999995,0.22000000000000003,False,False,True,False,False,True,False,False,True,,2.9802322387695312e-08,link_1|link_2|link_3
0.0675,-0.33999999999999997,0.22000000000000003,False,False,True,False,False,True,False,False,True,,2.9802322387695312e-08,link_1|link_2|link_3
0.0675,-0.36,0.22000000000000003,False,False,True,False,False,True,False,False,True,,2.9802322387695312e-08,link_1|link_2|link_3
0.0675,-0.38,0.22000000000000003,False,False,True,False,False,True,False,False,True,,2.9802322387695312e-08,link_1|link_2|link_3
0.0675,-0.39999999999999997,0.22000000000000003,False,False,True,False,False,True,False,False,True,,2.9802322387695312e-08,link_1|link_2|link_3
0.0675,-0.42,0.22000000000000003,False,False,True,False,False,True,False,False,True,,2.9802322387695312e-08,link_1|link_2|link_3
0.0675,0.42,0.2,False,False,True,False,False,True,False,False,True,,2.9802322387695312e-08,link_1|link_2|link_3
0.0675,0.4000000000000001,0.2,False,False,True,False,False,True,False,False,True,,2.9802322387695312e-08,link_1|link_2|link_3
0.0675,0.38000000000000006,0.2,False,False,True,False,False,True,False,False,True,,2.9802322387695312e-08,link_1|link_2|link_3
0.0675,0.36000000000000004,0.2,False,False,True,False,False,True,False,False,True,,2.9802322387695312e-08,link_1|link_2|link_3
0.0675,0.34,0.2,False,False,True,False,False,True,False,False,True,0.015034646727144718,2.9802322387695312e-08,basket|link_0|link_1|link_2|link_3
0.0675,0.32,0.2,False,False,True,False,False,True,False,False,True,0.007773958146572113,2.9802322387695312e-08,basket|link_0|link_1|link_2|link_3
0.0675,0.3,0.2,False,False,True,False,False,True,False,False,True,0.007723450660705566,2.9802322387695312e-08,basket|link_0|link_1|link_2|link_3
0.0675,0.2800000000000001,0.2,False,False,True,False,False,True,False,False,True,0.007594853639602661,2.9802322387695312e-08,basket|link_0|link_1|link_2|link_3
0.0675,0.26000000000000006,0.2,False,False,True,False,False,True,False,False,True,0.007503107190132141,2.9802322387695312e-08,basket|link_0|link_1|link_2|link_3
0.0675,0.24000000000000005,0.2,False,False,True,False,False,True,False,False,True,0.007483825087547302,2.9802322387695312e-08,basket|link_0|link_1|link_2|link_3
0.0675,0.22000000000000003,0.2,False,False,True,False,False,True,False,False,True,0.007492668926715851,2.9802322387695312e-08,basket|link_0|link_1|link_2|link_3
0.0675,0.2,0.2,False,False,True,False,False,True,False,False,True,0.007501383777707815,2.9802322387695312e-08,basket|link_0|link_1|link_2|link_3
0.0675,0.18,0.2,False,False,True,False,False,True,False,False,True,0.007513217628002167,2.9802322387695312e-08,basket|link_0|link_1|link_2|link_3
0.0675,0.15999999999999998,0.2,False,False,True,False,False,True,False,False,True,0.007513217628002167,2.9802322387695312e-08,basket|link_0|link_1|link_2|link_3
0.0675,0.14000000000000007,0.2,False,False,True,False,False,True,False,False,True,0.007513217628002167,2.9802322387695312e-08,basket|link_0|link_1|link_2|link_3
0.0675,0.12000000000000005,0.2,False,False,True,False,False,True,False,False,True,0.007534869015216827,2.9802322387695312e-08,basket|link_0|link_1|link_2|link_3
0.0675,0.10000000000000003,0.2,False,False,True,False,False,True,False,False,True,0.007619984447956085,2.9802322387695312e-08,basket|link_0|link_1|link_2|link_3
0.0675,0.08000000000000002,0.2,False,False,True,False,False,True,False,False,True,0.007705137133598328,2.9802322387695312e-08,basket|link_0|link_1|link_2|link_3
0.0675,0.06,0.2,False,False,True,False,False,True,False,False,True,0.007790934760123491,2.9802322387695312e-08,basket|link_0|link_1|link_2|link_3
0.0675,0.040000000000000036,0.2,False,False,True,False,False,True,False,False,True,0.008576800115406513,2.9802322387695312e-08,basket|link_0|link_1|link_2|link_3
0.0675,0.020000000000000018,0.2,False,False,True,False,False,True,False,False,True,0.00857070367783308,2.9802322387695312e-08,basket|link_0|link_1|link_2|link_3
0.0675,0.0,0.2,False,False,True,False,False,True,False,False,True,0.008555077947676182,2.9802322387695312e-08,basket|link_0|link_1|link_2|link_3
0.0675,-0.019999999999999962,0.2,False,False,True,False,False,True,False,False,True,0.008560587652027607,2.9802322387695312e-08,basket|link_0|link_1|link_2|link_3
0.0675,-0.03999999999999998,0.2,False,False,True,False,False,True,False,False,True,0.00848634634166956,2.9802322387695312e-08,basket|link_0|link_1|link_2|link_3
0.0675,-0.06,0.2,False,False,True,False,False,True,False,False,True,0.0077666789293289185,2.9802322387695312e-08,basket|link_0|link_1|link_2|link_3
0.0675,-0.07999999999999996,0.2,False,False,True,False,False,True,False,False,True,0.007715433835983276,2.9802322387695312e-08,basket|link_0|link_1|link_2|link_3
0.0675,-0.09999999999999998,0.2,False,False,True,False,False,True,False,False,True,0.007623679935932159,2.980237923100575e-08,basket|link_0|link_1|link_2|link_3
0.0675,-0.12,0.2,False,False,True,False,False,True,False,False,True,0.0077155232429504395,2.9802322387695312e-08,basket|link_0|link_1|link_2|link_3
0.0675,-0.13999999999999996,0.2,False,False,True,False,False,True,False,False,True,0.007481418550014496,2.9802322387695312e-08,basket|link_0|link_1|link_2|link_3
0.0675,-0.15999999999999998,0.2,False,False,True,False,False,True,False,False,True,0.007481418550014496,2.9802322387695312e-08,basket|link_0|link_1|link_2|link_3
0.0675,-0.18,0.2,False,False,True,False,False,True,False,False,True,0.007481418550014496,2.9802322387695312e-08,basket|link_0|link_1|link_2|link_3
0.0675,-0.19999999999999998,0.2,False,False,True,False,False,True,False,False,True,0.007489912211894989,2.9802322387695312e-08,basket|link_0|link_1|link_2|link_3
0.0675,-0.21999999999999997,0.2,False,False,True,False,False,True,False,False,True,0.007500334642827511,2.9802322387695312e-08,basket|link_0|link_1|link_2|link_3
0.0675,-0.24,0.2,False,False,True,False,False,True,False,False,True,0.007508085574954748,2.9802322387695312e-08,basket|link_0|link_1|link_2|link_3
0.0675,-0.26,0.2,False,False,True,False,False,True,False,False,True,0.007542327046394348,2.9802322387695312e-08,basket|link_0|link_1|link_2|link_3
0.0675,-0.27999999999999997,0.2,False,False,True,False,False,True,False,False,True,0.0076274871826171875,2.9802322387695312e-08,basket|link_0|link_1|link_2|link_3
0.0675,-0.3,0.2,False,False,True,False,False,True,False,False,True,0.007712617516517639,2.9802322387695312e-08,basket|link_0|link_1|link_2|link_3
0.0675,-0.31999999999999995,0.2,False,False,True,False,False,True,False,False,True,0.007879853248596191,2.9802322387695312e-08,basket|link_0|link_1|link_2|link_3
0.0675,-0.33999999999999997,0.2,False,False,True,False,False,True,False,False,True,0.015444576740264893,2.9802322387695312e-08,basket|link_0|link_1|link_2|link_3
0.0675,-0.36,0.2,False,False,True,False,False,True,False,False,True,,2.9802322387695312e-08,link_1|link_2|link_3
0.0675,-0.38,0.2,False,False,True,False,False,True,False,False,True,,2.9802322387695312e-08,link_1|link_2|link_3
0.0675,-0.39999999999999997,0.2,False,False,True,False,False,True,False,False,True,,2.9802322387695312e-08,link_1|link_2|link_3
0.0675,-0.42,0.2,False,False,True,False,False,True,False,False,True,,2.9802322387695312e-08,link_1|link_2|link_3
0.0675,0.42,0.18,False,False,True,False,False,True,False,False,True,,2.9802322387695312e-08,link_1|link_2|link_3
0.0675,0.4000000000000001,0.18,False,False,True,False,False,True,False,False,True,,2.9802322387695312e-08,link_1|link_2|link_3
0.0675,0.38000000000000006,0.18,False,False,True,False,False,True,False,False,True,,2.9802322387695312e-08,link_1|link_2|link_3
0.0675,0.36000000000000004,0.18,False,False,True,False,False,True,False,False,True,,2.9802322387695312e-08,link_1|link_2|link_3
0.0675,0.34,0.18,False,False,True,False,False,True,False,False,True,0.004771367181092501,2.9802322387695312e-08,basket|link_0|link_1|link_2|link_3
0.0675,0.32,0.18,True,True,True,True,True,True,True,True,True,-0.012192711234092712,0.005393901753138701,basket|link_0|link_1|link_2|link_3
0.0675,0.3,0.18,True,True,True,True,True,True,True,True,True,-0.012313418090343475,0.02941243566240053,basket|link_0|link_1|link_2|link_3
0.0675,0.2800000000000001,0.18,True,True,True,True,True,True,True,True,True,-0.012405164539813995,0.016397793536429475,basket|link_0|link_1|link_2|link_3
0.0675,0.26000000000000006,0.18,True,True,True,True,True,True,True,True,True,-0.012496910989284515,0.034680552639181864,basket|link_0|link_1|link_2|link_3
0.0675,0.24000000000000005,0.18,True,True,True,True,True,True,True,True,True,-0.012512748129665852,0.010983777269006364,basket|link_0|link_1|link_2|link_3
0.0675,0.22000000000000003,0.18,True,True,True,True,True,True,True,True,True,-0.012507349252700806,0.015895904248810926,basket|link_0|link_1|link_2|link_3
0.0675,0.2,0.18,True,True,True,True,True,True,True,True,True,-0.012498623691499233,0.038428356620354716,basket|link_0|link_1|link_2|link_3
0.0675,0.18,0.18,True,True,True,True,True,True,True,True,True,-0.01248680055141449,0.04215827533906403,basket|link_0|link_1|link_2|link_3
0.0675,0.15999999999999998,0.18,True,True,True,True,True,True,True,True,True,-0.01243070513010025,0.02938904495111043,basket|link_0|link_1|link_2|link_3
0.0675,0.14000000000000007,0.18,True,True,True,True,True,True,True,True,True,-0.012345530092716217,0.030968833664682578,basket|link_0|link_1|link_2|link_3
0.0675,0.12000000000000005,0.18,True,True,True,True,True,True,True,True,True,-0.008822895586490631,0.020929021273609228,basket|link_0|link_1|link_2|link_3
0.0675,0.10000000000000003,0.18,True,True,True,True,True,True,True,True,True,-0.011174120008945465,0.025411824794928626,basket|link_0|link_1|link_2|link_3
0.0675,0.08000000000000002,0.18,True,True,True,True,True,True,True,True,True,-0.011174120008945465,0.018556932929175016,basket|link_0|link_1|link_2|link_3
0.0675,0.06,0.18,True,True,True,True,True,True,True,True,True,-0.011174120008945465,0.01753127637864388,basket|link_0|link_1|link_2|link_3
0.0675,0.040000000000000036,0.18,True,True,True,True,True,True,True,True,True,-0.005423985421657562,0.02280908242382319,basket|link_0|link_1|link_2|link_3
0.0675,0.020000000000000018,0.18,True,True,True,True,True,True,True,True,True,-0.005423985421657562,0.023061128464326078,basket|link_0|link_1|link_2|link_3
0.0675,0.0,0.18,True,True,True,True,True,True,True,True,True,-0.005423985421657562,0.029269321072806172,basket|link_0|link_1|link_2|link_3
0.0675,-0.019999999999999962,0.18,True,True,True,True,True,True,True,True,True,-0.005423977971076965,0.0230611766851162,basket|link_0|link_1|link_2|link_3
0.0675,-0.03999999999999998,0.18,True,True,True,True,True,True,True,True,True,-0.005423977971076965,0.023061150424895833,basket|link_0|link_1|link_2|link_3
0.0675,-0.06,0.18,True,True,True,True,True,True,True,True,True,-0.010254308581352234,0.004982272007748002,basket|link_0|link_1|link_2|link_3
0.0675,-0.07999999999999996,0.18,True,True,True,True,True,True,True,True,True,-0.010254308581352234,0.009841041885879316,basket|link_0|link_1|link_2|link_3
0.0675,-0.09999999999999998,0.18,True,True,True,True,True,True,True,True,True,-0.010254308581352234,0.006037413967864612,basket|link_0|link_1|link_2|link_3
0.0675,-0.12,0.18,True,True,True,True,True,True,True,True,True,-0.008822910487651825,0.0059175819555575965,basket|link_0|link_1|link_2|link_3
0.0675,-0.13999999999999996,0.18,True,True,True,True,True,True,True,True,True,-0.012376241385936737,0.016018298789816112,basket|link_0|link_1|link_2|link_3
0.0675,-0.15999999999999998,0.18,True,True,True,True,True,True,True,True,True,-0.012467987835407257,0.012627777175760763,basket|link_0|link_1|link_2|link_3
0.0675,-0.18,0.18,True,True,True,True,True,True,True,True,True,-0.01251859962940216,0.02858344460470303,basket|link_0|link_1|link_2|link_3
0.0675,-0.19999999999999998,0.18,True,True,True,True,True,True,True,True,True,-0.012510105967521667,0.02249527479338126,basket|link_0|link_1|link_2|link_3
0.0675,-0.21999999999999997,0.18,True,True,True,True,True,True,True,True,True,-0.0124996742233634,0.024283214847801007,basket|link_0|link_1|link_2|link_3
0.0675,-0.24,0.18,True,True,True,True,True,True,True,True,True,-0.012492596171796322,0.02830653384538351,basket|link_0|link_1|link_2|link_3
0.0675,-0.26,0.18,True,True,True,True,True,True,True,True,True,-0.012457489967346191,0.04290332667055043,basket|link_0|link_1|link_2|link_3
0.0675,-0.27999999999999997,0.18,True,True,True,True,True,True,True,True,True,-0.01237235963344574,0.04510151061156971,basket|link_0|link_1|link_2|link_3
0.0675,-0.3,0.18,True,True,True,True,True,True,True,True,True,-0.011174134910106659,0.004959985613822937,basket|link_0|link_1|link_2|link_3
0.0675,-0.31999999999999995,0.18,True,True,True,True,True,True,True,True,True,-0.012077100574970245,0.0026599396327568526,basket|link_0|link_1|link_2|link_3
0.0675,-0.33999999999999997,0.18,False,False,True,False,False,True,False,False,True,0.00694110244512558,2.9802322387695312e-08,basket|link_0|link_1|link_2|link_3
0.0675,-0.36,0.18,False,False,True,False,False,True,False,False,True,,2.9802322387695312e-08,link_1|link_2|link_3
0.0675,-0.38,0.18,False,False,True,False,False,True,False,False,True,,2.9802322387695312e-08,link_1|link_2|link_3
0.0675,-0.39999999999999997,0.18,False,False,True,False,False,True,False,False,True,,2.9802322387695312e-08,link_1|link_2|link_3
0.0675,-0.42,0.18,False,False,True,False,False,True,False,False,True,,2.9802322387695312e-08,link_1|link_2|link_3
0.0675,0.42,0.15999999999999998,False,False,True,False,False,True,False,False,True,,2.9802322387695312e-08,link_1|link_2|link_3
0.0675,0.4000000000000001,0.15999999999999998,False,False,True,False,False,True,False,False,True,,2.9802322387695312e-08,link_1|link_2|link_3
0.0675,0.38000000000000006,0.15999999999999998,False,False,True,False,False,True,False,False,True,,2.9802322387695312e-08,link_1|link_2|link_3
0.0675,0.36000000000000004,0.15999999999999998,False,False,True,False,False,True,False,False,True,,2.9802322387695312e-08,link_1|link_2|link_3
0.0675,0.34,0.15999999999999998,False,False,True,False,False,True,False,False,True,0.004426747560501099,2.9802322387695312e-08,basket|link_0|link_1|link_2|link_3
0.0675,0.32,0.15999999999999998,True,True,True,True,True,True,True,True,True,-0.015421509742736816,0.008939864149667973,basket|link_0|link_1|link_2|link_3
0.0675,0.3,0.15999999999999998,True,True,True,True,True,True,True,True,True,-0.012567207217216492,0.012235596465859993,basket|link_0|link_1|link_2|link_3
0.0675,0.2800000000000001,0.15999999999999998,True,True,True,True,True,True,True,True,True,-0.015852032229304314,0.023596229189212947,basket|link_0|link_1|link_2|link_3
0.0675,0.26000000000000006,0.15999999999999998,True,True,True,True,True,True,True,True,True,-0.015911251306533813,0.02209680878695975,basket|link_0|link_1|link_2|link_3
0.0675,0.24000000000000005,0.15999999999999998,True,True,True,True,True,True,True,True,True,-0.019176244735717773,0.010082666391870802,basket|link_0|link_1|link_2|link_3
0.0675,0.22000000000000003,0.15999999999999998,True,True,True,True,True,True,True,True,True,-0.015914790332317352,0.01804973517666149,basket|link_0|link_1|link_2|link_3
0.0675,0.2,0.15999999999999998,True,True,True,True,True,True,True,True,True,-0.015914782881736755,0.0166924093740148,basket|link_0|link_1|link_2|link_3
0.0675,0.18,0.15999999999999998,True,True,True,True,True,True,True,True,True,-0.015914782881736755,0.016653501548196333,basket|link_0|link_1|link_2|link_3
0.0675,0.15999999999999998,0.15999999999999998,True,True,True,True,True,True,True,True,True,-0.015877600759267807,0.027527970768647908,basket|link_0|link_1|link_2|link_3
0.0675,0.14000000000000007,0.15999999999999998,True,True,True,True,True,True,True,True,True,-0.015819311141967773,0.025118319190829703,basket|link_0|link_1|link_2|link_3
0.0675,0.12000000000000005,0.15999999999999998,True,True,True,True,True,True,True,True,True,-0.014960117638111115,0.019015943401336263,basket|link_0|link_1|link_2|link_3
0.0675,0.10000000000000003,0.15999999999999998,True,True,True,True,True,True,True,True,True,-0.014960117638111115,0.023635910868030133,basket|link_0|link_1|link_2|link_3
0.0675,0.08000000000000002,0.15999999999999998,True,True,True,True,True,True,True,True,True,-0.014960117638111115,0.02434887958841969,basket|link_0|link_1|link_2|link_3
0.0675,0.06,0.15999999999999998,True,True,True,True,True,True,True,True,True,-0.014960125088691711,0.024328206348622466,basket|link_0|link_1|link_2|link_3
0.0675,0.040000000000000036,0.15999999999999998,True,True,True,True,True,True,True,True,True,-0.014960125088691711,0.022125783601144377,basket|link_0|link_1|link_2|link_3
0.0675,0.020000000000000018,0.15999999999999998,True,True,True,True,True,True,True,True,True,-0.014960125088691711,0.023080719306305016,basket|link_0|link_1|link_2|link_3
0.0675,0.0,0.15999999999999998,True,True,True,True,True,True,True,True,True,-0.014960125088691711,0.021012126877709755,basket|link_0|link_1|link_2|link_3
0.0675,-0.019999999999999962,0.15999999999999998,True,True,True,True,True,True,True,True,True,-0.014960125088691711,0.022245445328852084,basket|link_0|link_1|link_2|link_3
0.0675,-0.03999999999999998,0.15999999999999998,True,True,True,True,True,True,True,True,True,-0.014960125088691711,0.02302423884254881,basket|link_0|link_1|link_2|link_3
0.0675,-0.06,0.15999999999999998,True,True,True,True,True,True,True,True,True,-0.014960125088691711,0.020461468452429733,basket|link_0|link_1|link_2|link_3
0.0675,-0.07999999999999996,0.15999999999999998,True,True,True,True,True,True,True,True,True,-0.014960125088691711,0.021501093010613172,basket|link_0|link_1|link_2|link_3
0.0675,-0.09999999999999998,0.15999999999999998,True,True,True,True,True,True,True,True,True,-0.014960125088691711,0.024847156209069562,basket|link_0|link_1|link_2|link_3
0.0675,-0.12,0.15999999999999998,True,True,True,True,True,True,True,True,True,-0.014960132539272308,0.025033621313871417,basket|link_0|link_1|link_2|link_3
0.0675,-0.13999999999999996,0.15999999999999998,True,True,True,True,True,True,True,True,True,-0.015833422541618347,0.02585712669139851,basket|link_0|link_1|link_2|link_3
0.0675,-0.15999999999999998,0.15999999999999998,True,True,True,True,True,True,True,True,True,-0.015892641618847847,0.02887188658468005,basket|link_0|link_1|link_2|link_3
0.0675,-0.18,0.15999999999999998,True,True,True,True,True,True,True,True,True,-0.015914835035800934,0.03066710613493209,basket|link_0|link_1|link_2|link_3
0.0675,-0.19999999999999998,0.15999999999999998,True,True,True,True,True,True,True,True,True,-0.015914835035800934,0.008593362809535696,basket|link_0|link_1|link_2|link_3
0.0675,-0.21999999999999997,0.15999999999999998,True,True,True,True,True,True,True,True,True,-0.015914835035800934,0.021909780216078673,basket|link_0|link_1|link_2|link_3
0.0675,-0.24,0.15999999999999998,True,True,True,True,True,True,True,True,True,-0.01705165207386017,0.008889543142384968,basket|link_0|link_1|link_2|link_3
0.0675,-0.26,0.15999999999999998,True,True,True,True,True,True,True,True,True,-0.015896011143922806,0.0167048033608385,basket|link_0|link_1|link_2|link_3
0.0675,-0.27999999999999997,0.15999999999999998,True,True,True,True,True,True,True,True,True,-0.015837721526622772,0.02371770460230231,basket|link_0|link_1|link_2|link_3
0.0675,-0.3,0.15999999999999998,True,True,True,True,True,True,True,True,True,-0.007712244987487793,0.009833480827036797,basket|link_0|link_1|link_2|link_3
0.0675,-0.31999999999999995,0.15999999999999998,True,True,True,True,True,True,True,True,True,-0.01332758367061615,0.015930185613748885,basket|link_0|link_1|link_2|link_3
0.0675,-0.33999999999999997,0.15999999999999998,False,False,True,False,False,True,False,False,True,0.006578236818313599,2.9802322387695312e-08,basket|link_0|link_1|link_2|link_3
0.0675,-0.36,0.15999999999999998,False,False,True,False,False,True,False,False,True,,2.9802322387695312e-08,link_1|link_2|link_3
0.0675,-0.38,0.15999999999999998,False,False,True,False,False,True,False,False,True,,2.9802322387695312e-08,link_1|link_2|link_3
0.0675,-0.39999999999999997,0.15999999999999998,False,False,True,False,False,True,False,False,True,,2.9802322387695312e-08,link_1|link_2|link_3
0.0675,-0.42,0.15999999999999998,False,False,True,False,False,True,False,False,True,,2.9802322387695312e-08,link_1|link_2|link_3
0.0675,0.42,0.13999999999999996,False,False,True,False,False,True,False,False,True,,1.4901161193847656e-08,link_1|link_2|link_3
0.0675,0.4000000000000001,0.13999999999999996,False,False,True,False,False,True,False,False,True,,1.4901161193847656e-08,link_1|link_2|link_3
0.0675,0.38000000000000006,0.13999999999999996,False,False,True,False,False,True,False,False,True,,1.4901161193847656e-08,link_1|link_2|link_3
0.0675,0.36000000000000004,0.13999999999999996,False,False,True,False,False,True,False,False,True,,1.4901161193847656e-08,link_1|link_2|link_3
0.0675,0.34,0.13999999999999996,False,False,True,False,False,True,False,False,True,0.004426747560501099,1.4901161193847656e-08,basket|link_0|link_1|link_2|link_3
0.0675,0.32,0.13999999999999996,True,True,True,True,True,True,True,True,True,-0.015421509742736816,0.02494909048562279,basket|link_0|link_1|link_2|link_3
0.0675,0.3,0.13999999999999996,True,True,True,True,True,True,True,True,True,-0.020959846675395966,0.0173769072000312,basket|link_0|link_1|link_2|link_3
0.0675,0.2800000000000001,0.13999999999999996,True,True,True,True,True,True,True,True,True,-0.020959846675395966,0.012125275658086439,basket|link_0|link_1|link_2|link_3
0.0675,0.26000000000000006,0.13999999999999996,True,True,True,True,True,True,True,True,True,-0.020959846675395966,0.013129274537405247,basket|link_0|link_1|link_2|link_3
0.0675,0.24000000000000005,0.13999999999999996,True,True,True,True,True,True,True,True,True,-0.02095983177423477,0.022217346743439954,basket|link_0|link_1|link_2|link_3
0.0675,0.22000000000000003,0.13999999999999996,True,True,True,True,True,True,True,True,True,-0.02095983177423477,0.0038756909560566754,basket|link_0|link_1|link_2|link_3
0.0675,0.2,0.13999999999999996,True,True,True,True,True,True,True,True,True,-0.02095983177423477,0.003176827698662337,basket|link_0|link_1|link_2|link_3
0.0675,0.18,0.13999999999999996,True,True,True,True,True,True,True,True,True,-0.02095983177423477,0.005777918633778327,basket|link_0|link_1|link_2|link_3
0.0675,0.15999999999999998,0.13999999999999996,True,True,True,True,True,True,True,True,True,-0.02095983177423477,0.002803161194491331,basket|link_0|link_1|link_2|link_3
0.0675,0.14000000000000007,0.13999999999999996,True,True,True,True,True,True,True,True,True,-0.02095983177423477,0.00189795044760548,basket|link_0|link_1|link_2|link_3
0.0675,0.12000000000000005,0.13999999999999996,True,True,True,True,True,True,True,True,True,-0.020959816873073578,0.004817762769789443,basket|link_0|link_1|link_2|link_3
0.0675,0.10000000000000003,0.13999999999999996,True,True,True,True,True,True,True,True,True,-0.020959816873073578,0.010286208937396376,basket|link_0|link_1|link_2|link_3
0.0675,0.08000000000000002,0.13999999999999996,True,True,True,True,True,True,True,True,True,-0.020959846675395966,0.014569215171583296,basket|link_0|link_1|link_2|link_3
0.0675,0.06,0.13999999999999996,True,True,True,True,True,True,True,True,True,-0.020959846675395966,0.011339406461034702,basket|link_0|link_1|link_2|link_3
0.0675,0.040000000000000036,0.13999999999999996,True,True,True,True,True,True,True,True,True,-0.02095983177423477,0.015549553016163497,basket|link_0|link_1|link_2|link_3
0.0675,0.020000000000000018,0.13999999999999996,True,True,True,True,True,True,True,True,True,-0.02095983177423477,0.014715960694405056,basket|link_0|link_1|link_2|link_3
0.0675,0.0,0.13999999999999996,True,True,True,True,True,True,True,True,True,-0.02095983177423477,0.01462037089718121,basket|link_0|link_1|link_2|link_3
0.0675,-0.019999999999999962,0.13999999999999996,True,True,True,True,True,True,True,True,True,-0.02095983177423477,0.015549521219107828,basket|link_0|link_1|link_2|link_3
0.0675,-0.03999999999999998,0.13999999999999996,True,True,True,True,True,True,True,True,True,-0.02095983177423477,0.01486142289294496,basket|link_0|link_1|link_2|link_3
0.0675,-0.06,0.13999999999999996,True,True,True,True,True,True,True,True,True,-0.02095983177423477,0.015265893130683642,basket|link_0|link_1|link_2|link_3
0.0675,-0.07999999999999996,0.13999999999999996,True,True,True,True,True,True,True,True,True,-0.020959816873073578,0.015324165589414109,basket|link_0|link_1|link_2|link_3
0.0675,-0.09999999999999998,0.13999999999999996,True,True,True,True,True,True,True,True,True,-0.020959816873073578,0.01774230962255486,basket|link_0|link_1|link_2|link_3
0.0675,-0.12,0.13999999999999996,True,True,True,True,True,True,True,True,True,-0.020959816873073578,0.015993304479994107,basket|link_0|link_1|link_2|link_3
0.0675,-0.13999999999999996,0.13999999999999996,True,True,True,True,True,True,True,True,True,-0.020959816873073578,0.01944242382861956,basket|link_0|link_1|link_2|link_3
0.0675,-0.15999999999999998,0.13999999999999996,True,True,True,True,True,True,True,True,True,-0.020959816873073578,0.018519205263269785,basket|link_0|link_1|link_2|link_3
0.0675,-0.18,0.13999999999999996,True,True,True,True,True,True,True,True,True,-0.020959816873073578,0.021379723907861244,basket|link_0|link_1|link_2|link_3
0.0675,-0.19999999999999998,0.13999999999999996,True,True,True,True,True,True,True,True,True,-0.020959801971912384,0.030742911839841156,basket|link_0|link_1|link_2|link_3
0.0675,-0.21999999999999997,0.13999999999999996,True,True,True,True,True,True,True,True,True,-0.020959801971912384,0.023856815472769567,basket|link_0|link_1|link_2|link_3
0.0675,-0.24,0.13999999999999996,True,True,True,True,True,True,True,True,True,-0.020959801971912384,0.02245792154163904,basket|link_0|link_1|link_2|link_3
0.0675,-0.26,0.13999999999999996,True,True,True,True,True,True,True,True,True,-0.020959801971912384,0.038914589296581543,basket|link_0|link_1|link_2|link_3
0.0675,-0.27999999999999997,0.13999999999999996,True,True,True,True,True,True,True,True,True,-0.020959801971912384,0.08794953141536054,basket|link_0|link_1|link_2|link_3
0.0675,-0.3,0.13999999999999996,True,True,True,True,True,True,True,True,True,-0.020959801971912384,0.04644987045596458,basket|link_0|link_1|link_2|link_3
0.0675,-0.31999999999999995,0.13999999999999996,True,True,True,True,True,True,True,True,True,-0.01332758367061615,0.01139885153785433,basket|link_0|link_1|link_2|link_3
0.0675,-0.33999999999999997,0.13999999999999996,False,False,True,False,False,True,False,False,True,0.006578236818313599,1.4901161193847656e-08,basket|link_0|link_1|link_2|link_3
0.0675,-0.36,0.13999999999999996,False,False,True,False,False,True,False,False,True,,1.4901161193847656e-08,link_1|link_2|link_3
0.0675,-0.38,0.13999999999999996,False,False,True,False,False,True,False,False,True,,1.4901161193847656e-08,link_1|link_2|link_3
0.0675,-0.39999999999999997,0.13999999999999996,False,False,True,False,False,True,False,False,True,,1.4901161193847656e-08,link_1|link_2|link_3
0.0675,-0.42,0.13999999999999996,False,False,True,False,False,True,False,False,True,,1.4901161193847656e-08,link_1|link_2|link_3
0.0675,0.42,0.12,False,False,True,False,False,True,False,False,True,,1.4901161193847656e-08,link_1|link_2|link_3
0.0675,0.4000000000000001,0.12,False,False,True,False,False,True,False,False,True,,1.4901161193847656e-08,link_1|link_2|link_3
0.0675,0.38000000000000006,0.12,False,False,True,False,False,True,False,False,True,,1.4901161193847656e-08,link_1|link_2|link_3
0.0675,0.36000000000000004,0.12,False,False,True,False,False,True,False,False,True,,1.4901161193847656e-08,link_1|link_2|link_3
0.0675,0.34,0.12,False,False,True,False,False,True,False,False,True,0.004426747560501099,1.4901161193847656e-08,basket|link_0|link_1|link_2|link_3
0.0675,0.32,0.12,True,True,True,True,True,True,True,True,True,-0.015421509742736816,0.025798453750560158,basket|link_0|link_1|link_2|link_3
0.0675,0.3,0.12,True,True,True,True,True,True,True,True,True,-0.020959846675395966,0.051699549191218795,basket|link_0|link_1|link_2|link_3
0.0675,0.2800000000000001,0.12,True,True,True,True,True,True,True,True,True,-0.020959846675395966,0.030842563095764563,basket|link_0|link_1|link_2|link_3
0.0675,0.26000000000000006,0.12,True,True,True,True,True,True,True,True,True,-0.020959846675395966,0.023607455161145853,basket|link_0|link_1|link_2|link_3
0.0675,0.24000000000000005,0.12,True,True,True,True,True,True,True,True,True,-0.020959846675395966,0.02245832946628978,basket|link_0|link_1|link_2|link_3
0.0675,0.22000000000000003,0.12,True,True,True,True,True,True,True,True,True,-0.02095983177423477,0.012863357214193488,basket|link_0|link_1|link_2|link_3
0.0675,0.2,0.12,True,True,True,True,True,True,True,True,True,-0.0275660902261734,0.007732071355806903,basket|link_0|link_1|link_2|link_3
0.0675,0.18,0.12,True,True,True,True,True,True,True,True,True,-0.02912038564682007,0.013791995299187646,basket|link_0|link_1|link_2|link_3
0.0675,0.15999999999999998,0.12,True,True,True,True,True,True,True,True,True,-0.021911926567554474,0.010443796901110634,basket|link_0|link_1|link_2|link_3
0.0675,0.14000000000000007,0.12,True,True,True,True,True,True,True,True,True,-0.021911926567554474,0.01150099689676379,basket|link_0|link_1|link_2|link_3
0.0675,0.12000000000000005,0.12,True,True,True,True,True,True,True,True,True,-0.021911926567554474,0.015361228568647875,basket|link_0|link_1|link_2|link_3
0.0675,0.10000000000000003,0.12,True,True,True,True,True,True,True,True,True,-0.021911926567554474,0.007648341495619595,basket|link_0|link_1|link_2|link_3
0.0675,0.08000000000000002,0.12,True,True,True,True,True,True,True,True,True,-0.021911926567554474,0.008062024588881968,basket|link_0|link_1|link_2|link_3
0.0675,0.06,0.12,True,True,True,True,True,True,True,True,True,-0.021911919116973877,0.00669424288933414,basket|link_0|link_1|link_2|link_3
0.0675,0.040000000000000036,0.12,True,True,True,True,True,True,True,True,True,-0.021911919116973877,0.009889593793503224,basket|link_0|link_1|link_2|link_3
0.0675,0.020000000000000018,0.12,True,True,True,True,True,True,True,True,True,-0.021911919116973877,0.015118918578634302,basket|link_0|link_1|link_2|link_3
0.0675,0.0,0.12,True,True,True,True,True,True,True,True,True,-0.021911919116973877,0.012600103473195104,basket|link_0|link_1|link_2|link_3
0.0675,-0.019999999999999962,0.12,True,True,True,True,True,True,True,True,True,-0.021911919116973877,0.014790690646903496,basket|link_0|link_1|link_2|link_3
0.0675,-0.03999999999999998,0.12,True,True,True,True,True,True,True,True,True,-0.021911919116973877,0.010615797661636485,basket|link_0|link_1|link_2|link_3
0.0675,-0.06,0.12,True,True,True,True,True,True,True,True,True,-0.021911919116973877,0.012309239397830987,basket|link_0|link_1|link_2|link_3
0.0675,-0.07999999999999996,0.12,True,True,True,True,True,True,True,True,True,-0.021911919116973877,0.011071728988356995,basket|link_0|link_1|link_2|link_3
0.0675,-0.09999999999999998,0.12,True,True,True,True,True,True,True,True,True,-0.021911919116973877,0.01439711073485596,basket|link_0|link_1|link_2|link_3
0.0675,-0.12,0.12,True,True,True,True,True,True,True,True,True,-0.02191191166639328,0.019012508378541355,basket|link_0|link_1|link_2|link_3
0.0675,-0.13999999999999996,0.12,True,True,True,True,True,True,True,True,True,-0.02191191166639328,0.01740425209571615,basket|link_0|link_1|link_2|link_3
0.0675,-0.15999999999999998,0.12,True,True,True,True,True,True,True,True,True,-0.02191191166639328,0.02076069059568952,basket|link_0|link_1|link_2|link_3
0.0675,-0.18,0.12,True,True,True,True,True,True,True,True,True,-0.029120370745658875,0.03315172827109185,basket|link_0|link_1|link_2|link_3
0.0675,-0.19999999999999998,0.12,True,True,True,True,True,True,True,True,True,-0.025410160422325134,0.018947842972022334,basket|link_0|link_1|link_2|link_3
0.0675,-0.21999999999999997,0.12,True,True,True,True,True,True,True,True,True,-0.020959801971912384,0.021394925361294382,basket|link_0|link_1|link_2|link_3
0.0675,-0.24,0.12,True,True,True,True,True,True,True,True,True,-0.020959801971912384,0.02519815687820161,basket|link_0|link_1|link_2|link_3
0.0675,-0.26,0.12,True,True,True,True,True,True,True,True,True,-0.020959801971912384,0.02430584705132455,basket|link_0|link_1|link_2|link_3
0.0675,-0.27999999999999997,0.12,True,True,True,True,True,True,True,True,True,-0.020959801971912384,0.05016453562701023,basket|link_0|link_1|link_2|link_3
0.0675,-0.3,0.12,True,True,True,True,True,True,True,True,True,-0.020959801971912384,0.011581827574851366,basket|link_0|link_1|link_2|link_3
0.0675,-0.31999999999999995,0.12,True,True,True,True,True,True,True,True,True,-0.01332758367061615,0.02822623989526042,basket|link_0|link_1|link_2|link_3
0.0675,-0.33999999999999997,0.12,False,False,True,False,False,True,False,False,True,0.006578236818313599,1.4901161193847656e-08,basket|link_0|link_1|link_2|link_3
0.0675,-0.36,0.12,False,False,True,False,False,True,False,False,True,,1.4901161193847656e-08,link_1|link_2|link_3
0.0675,-0.38,0.12,False,False,True,False,False,True,False,False,True,,1.4901161193847656e-08,link_1|link_2|link_3
0.0675,-0.39999999999999997,0.12,False,False,True,False,False,True,False,False,True,,1.4901161193847656e-08,link_1|link_2|link_3
0.0675,-0.42,0.12,False,False,True,False,False,True,False,False,True,,1.4901161193847656e-08,link_1|link_2|link_3
0.0675,0.42,0.09999999999999998,False,False,True,False,False,True,False,False,True,,1.4901161193847656e-08,link_1|link_2|link_3
0.0675,0.4000000000000001,0.09999999999999998,False,False,True,False,False,True,False,False,True,,1.4901161193847656e-08,link_1|link_2|link_3
0.0675,0.38000000000000006,0.09999999999999998,False,False,True,False,False,True,False,False,True,,1.4901161193847656e-08,link_1|link_2|link_3
0.0675,0.36000000000000004,0.09999999999999998,False,False,True,False,False,True,False,False,True,,1.4901161193847656e-08,link_1|link_2|link_3
0.0675,0.34,0.09999999999999998,False,False,True,False,False,True,False,False,True,0.004426747560501099,1.4901161193847656e-08,basket|link_0|link_1|link_2|link_3
0.0675,0.32,0.09999999999999998,True,True,True,True,True,True,True,True,True,-0.015421509742736816,0.038151519607549214,basket|link_0|link_1|link_2|link_3
0.0675,0.3,0.09999999999999998,True,True,True,True,True,True,True,True,True,-0.020959846675395966,0.010599517357652175,basket|link_0|link_1|link_2|link_3
0.0675,0.2800000000000001,0.09999999999999998,True,True,True,True,True,True,True,True,True,-0.020959846675395966,0.040321555238280876,basket|link_0|link_1|link_2|link_3
0.0675,0.26000000000000006,0.09999999999999998,True,True,True,True,True,True,True,True,True,-0.020959846675395966,0.023535992961432224,basket|link_0|link_1|link_2|link_3
0.0675,0.24000000000000005,0.09999999999999998,True,True,True,True,True,True,True,True,True,-0.020959846675395966,0.02803065290501458,basket|link_0|link_1|link_2|link_3
0.0675,0.22000000000000003,0.09999999999999998,True,True,True,True,True,True,True,True,True,-0.020959846675395966,0.01266370675704229,basket|link_0|link_1|link_2|link_3
0.0675,0.2,0.09999999999999998,True,True,True,True,True,True,True,True,True,-0.0287797749042511,0.004702814050739798,basket|link_0|link_1|link_2|link_3
0.0675,0.18,0.09999999999999998,True,True,True,True,True,True,True,True,True,-0.041911929845809937,0.036239356955914015,basket|link_0|link_1|link_2|link_3
0.0675,0.15999999999999998,0.09999999999999998,True,True,True,True,True,True,True,True,True,-0.041911929845809937,0.02171005517553534,basket|link_0|link_1|link_2|link_3
0.0675,0.14000000000000007,0.09999999999999998,True,True,True,True,True,True,True,True,True,-0.041911929845809937,0.021462732865773167,basket|link_0|link_1|link_2|link_3
0.0675,0.12000000000000005,0.09999999999999998,True,True,True,True,True,True,True,True,True,-0.041911929845809937,0.029235426473279355,basket|link_0|link_1|link_2|link_3
0.0675,0.10000000000000003,0.09999999999999998,True,True,True,True,True,True,True,True,True,-0.041911929845809937,0.019108054657474175,basket|link_0|link_1|link_2|link_3
0.0675,0.08000000000000002,0.09999999999999998,True,True,True,True,True,True,True,True,True,-0.041911929845809937,0.015053979670247943,basket|link_0|link_1|link_2|link_3
0.0675,0.06,0.09999999999999998,True,True,True,True,True,True,True,True,True,-0.04191192239522934,0.005137224249044021,basket|link_0|link_1|link_2|link_3
0.0675,0.040000000000000036,0.09999999999999998,True,True,True,True,True,True,True,True,True,-0.04191192239522934,0.007596630237699873,basket|link_0|link_1|link_2|link_3
0.0675,0.020000000000000018,0.09999999999999998,True,True,True,True,True,True,True,True,True,-0.04191192239522934,0.006161143265085729,basket|link_0|link_1|link_2|link_3
0.0675,0.0,0.09999999999999998,True,True,True,True,True,True,True,True,True,-0.04191192239522934,0.008101370507019366,basket|link_0|link_1|link_2|link_3
0.0675,-0.019999999999999962,0.09999999999999998,True,True,True,True,True,True,True,True,True,-0.04191192239522934,0.008147085810611415,basket|link_0|link_1|link_2|link_3
0.0675,-0.03999999999999998,0.09999999999999998,True,True,True,True,True,True,True,True,True,-0.04191192239522934,0.005917970911356675,basket|link_0|link_1|link_2|link_3
0.0675,-0.06,0.09999999999999998,True,True,True,True,True,True,True,True,True,-0.04191192239522934,0.009478945916499943,basket|link_0|link_1|link_2|link_3
0.0675,-0.07999999999999996,0.09999999999999998,True,True,True,True,True,True,True,True,True,-0.04191192239522934,0.008827514027253534,basket|link_0|link_1|link_2|link_3
0.0675,-0.09999999999999998,0.09999999999999998,True,True,True,True,True,True,True,True,True,-0.04191192239522934,0.01247833212987835,basket|link_0|link_1|link_2|link_3
0.0675,-0.12,0.09999999999999998,True,True,True,True,True,True,True,True,True,-0.04191191494464874,0.020061015503107092,basket|link_0|link_1|link_2|link_3
0.0675,-0.13999999999999996,0.09999999999999998,True,True,True,True,True,True,True,True,True,-0.04191191494464874,0.026312531892420964,basket|link_0|link_1|link_2|link_3
0.0675,-0.15999999999999998,0.09999999999999998,True,True,True,True,True,True,True,True,True,-0.04191191494464874,0.06593425621358541,basket|link_0|link_1|link_2|link_3
0.0675,-0.18,0.09999999999999998,True,True,True,True,True,True,True,True,True,-0.04191191494464874,0.05656872019442113,basket|link_0|link_1|link_2|link_3
0.0675,-0.19999999999999998,0.09999999999999998,True,True,True,True,True,True,True,True,True,-0.02664169669151306,0.016539804417103253,basket|link_0|link_1|link_2|link_3
0.0675,-0.21999999999999997,0.09999999999999998,True,True,True,True,True,True,True,True,True,-0.020959816873073578,0.019911586438803017,basket|link_0|link_1|link_2|link_3
0.0675,-0.24,0.09999999999999998,True,True,True,True,True,True,True,True,True,-0.020959816873073578,0.014047654835424318,basket|link_0|link_1|link_2|link_3
0.0675,-0.26,0.09999999999999998,True,True,True,True,True,True,True,True,True,-0.020959801971912384,0.029791441645806244,basket|link_0|link_1|link_2|link_3
0.0675,-0.27999999999999997,0.09999999999999998,True,True,True,True,True,True,True,True,True,-0.020959801971912384,0.06286142504695232,basket|link_0|link_1|link_2|link_3
0.0675,-0.3,0.09999999999999998,True,True,True,True,True,True,True,True,True,-0.020959801971912384,0.021447351781265517,basket|link_0|link_1|link_2|link_3
0.0675,-0.31999999999999995,0.09999999999999998,True,True,True,True,True,True,True,True,True,-0.01332758367061615,0.034777476704713074,basket|link_0|link_1|link_2|link_3
0.0675,-0.33999999999999997,0.09999999999999998,False,False,True,False,False,True,False,False,True,0.006578236818313599,1.4901161193847656e-08,basket|link_0|link_1|link_2|link_3
0.0675,-0.36,0.09999999999999998,False,False,True,False,False,True,False,False,True,,1.4901161193847656e-08,link_1|link_2|link_3
0.0675,-0.38,0.09999999999999998,False,False,True,False,False,True,False,False,True,,1.4901161193847656e-08,link_1|link_2|link_3
0.0675,-0.39999999999999997,0.09999999999999998,False,False,True,False,False,True,False,False,True,,1.4901161193847656e-08,link_1|link_2|link_3
0.0675,-0.42,0.09999999999999998,False,False,True,False,False,True,False,False,True,,1.4901161193847656e-08,link_1|link_2|link_3
0.0675,0.42,0.07999999999999996,False,False,True,False,False,True,False,False,True,,1.4901161193847656e-08,link_1|link_2|link_3
0.0675,0.4000000000000001,0.07999999999999996,False,False,True,False,False,True,False,False,True,,1.4901161193847656e-08,link_1|link_2|link_3
0.0675,0.38000000000000006,0.07999999999999996,False,False,True,False,False,True,False,False,True,,1.4901161193847656e-08,link_1|link_2|link_3
0.0675,0.36000000000000004,0.07999999999999996,False,False,True,False,False,True,False,False,True,,1.4901161193847656e-08,link_1|link_2|link_3
0.0675,0.34,0.07999999999999996,False,False,True,False,False,True,False,False,True,0.004426747560501099,1.4901161193847656e-08,basket|link_0|link_1|link_2|link_3
0.0675,0.32,0.07999999999999996,True,True,True,True,True,True,True,True,True,-0.015421509742736816,0.018302205842166797,basket|link_0|link_1|link_2|link_3
0.0675,0.3,0.07999999999999996,True,True,True,True,True,True,True,True,True,-0.020959846675395966,0.011524094221456359,basket|link_0|link_1|link_2|link_3
0.0675,0.2800000000000001,0.07999999999999996,True,True,True,True,True,True,True,True,True,-0.020959846675395966,0.013148528927391025,basket|link_0|link_1|link_2|link_3
0.0675,0.26000000000000006,0.07999999999999996,True,True,True,True,True,True,True,True,True,-0.020959846675395966,0.009715949407051547,basket|link_0|link_1|link_2|link_3
0.0675,0.24000000000000005,0.07999999999999996,True,True,True,True,True,True,True,True,True,-0.020959846675395966,0.011206670354924439,basket|link_0|link_1|link_2|link_3
0.0675,0.22000000000000003,0.07999999999999996,True,True,True,True,True,True,True,True,True,-0.020959846675395966,0.010161927400961895,basket|link_0|link_1|link_2|link_3
0.0675,0.2,0.07999999999999996,True,True,True,True,True,True,True,True,True,-0.025853551924228668,0.006947297611001101,basket|link_0|link_1|link_2|link_3
0.0675,0.18,0.07999999999999996,True,True,True,True,True,True,True,True,True,-0.025854788720607758,0.01034135437515286,basket|link_0|link_1|link_2|link_3
0.0675,0.15999999999999998,0.07999999999999996,True,True,True,True,True,True,True,True,True,-0.02585480362176895,0.005326558780028743,basket|link_0|link_1|link_2|link_3
0.0675,0.14000000000000007,0.07999999999999996,True,True,True,True,True,True,True,True,True,-0.02585480362176895,0.005684222873200766,basket|link_0|link_1|link_2|link_3
0.0675,0.12000000000000005,0.07999999999999996,True,True,True,True,True,True,True,True,True,-0.02585480362176895,0.006886754048639982,basket|link_0|link_1|link_2|link_3
0.0675,0.10000000000000003,0.07999999999999996,True,True,True,True,True,True,True,True,True,-0.02585480362176895,0.013982215174353815,basket|link_0|link_1|link_2|link_3
0.0675,0.08000000000000002,0.07999999999999996,True,True,True,True,True,True,True,True,True,-0.02585480362176895,0.014118017190141963,basket|link_0|link_1|link_2|link_3
0.0675,0.06,0.07999999999999996,True,True,True,True,True,True,True,True,True,-0.02585480362176895,0.012050637663508952,basket|link_0|link_1|link_2|link_3
0.0675,0.040000000000000036,0.07999999999999996,True,True,True,True,True,True,True,True,True,-0.02585480362176895,0.012442852733796398,basket|link_0|link_1|link_2|link_3
0.0675,0.020000000000000018,0.07999999999999996,True,True,True,True,True,True,True,True,True,-0.02585480362176895,0.012905137231022885,basket|link_0|link_1|link_2|link_3
0.0675,0.0,0.07999999999999996,True,True,True,True,True,True,True,True,True,-0.02585480362176895,0.012859415398574268,basket|link_0|link_1|link_2|link_3
0.0675,-0.019999999999999962,0.07999999999999996,True,True,True,True,True,True,True,True,True,-0.02585480362176895,0.012342155889183085,basket|link_0|link_1|link_2|link_3
0.0675,-0.03999999999999998,0.07999999999999996,True,True,True,True,True,True,True,True,True,-0.02585480362176895,0.012335204706771265,basket|link_0|link_1|link_2|link_3
0.0675,-0.06,0.07999999999999996,True,True,True,True,True,True,True,True,True,-0.02585480362176895,0.012642279103503686,basket|link_0|link_1|link_2|link_3
0.0675,-0.07999999999999996,0.07999999999999996,True,True,True,True,True,True,True,True,True,-0.02585480362176895,0.012744120761715712,basket|link_0|link_1|link_2|link_3
0.0675,-0.09999999999999998,0.07999999999999996,True,True,True,True,True,True,True,True,True,-0.02585480362176895,0.01485401748228673,basket|link_0|link_1|link_2|link_3
0.0675,-0.12,0.07999999999999996,True,True,True,True,True,True,True,True,True,-0.02585480362176895,0.013521409309589815,basket|link_0|link_1|link_2|link_3
0.0675,-0.13999999999999996,0.07999999999999996,True,True,True,True,True,True,True,True,True,-0.02585480362176895,0.014992294157925442,basket|link_0|link_1|link_2|link_3
0.0675,-0.15999999999999998,0.07999999999999996,True,True,True,True,True,True,True,True,True,-0.02585480362176895,0.017957609316898753,basket|link_0|link_1|link_2|link_3
0.0675,-0.18,0.07999999999999996,True,True,True,True,True,True,True,True,True,-0.02585480362176895,0.018024155002874628,basket|link_0|link_1|link_2|link_3
0.0675,-0.19999999999999998,0.07999999999999996,True,True,True,True,True,True,True,True,True,-0.025854818522930145,0.017102426901870207,basket|link_0|link_1|link_2|link_3
0.0675,-0.21999999999999997,0.07999999999999996,True,True,True,True,True,True,True,True,True,-0.020959816873073578,0.01868287017131662,basket|link_0|link_1|link_2|link_3
0.0675,-0.24,0.07999999999999996,True,True,True,True,True,True,True,True,True,-0.020959816873073578,0.022231020694134143,basket|link_0|link_1|link_2|link_3
0.0675,-0.26,0.07999999999999996,True,True,True,True,True,True,True,True,True,-0.020959816873073578,0.03597306153408649,basket|link_0|link_1|link_2|link_3
0.0675,-0.27999999999999997,0.07999999999999996,True,True,True,True,True,True,True,True,True,-0.020959801971912384,0.07143382730489713,basket|link_0|link_1|link_2|link_3
0.0675,-0.3,0.07999999999999996,True,True,True,True,True,True,True,True,True,-0.020959801971912384,0.026962240687142494,basket|link_0|link_1|link_2|link_3
0.0675,-0.31999999999999995,0.07999999999999996,True,True,True,True,True,True,True,True,True,-0.01332758367061615,0.04530827008949763,basket|link_0|link_1|link_2|link_3
0.0675,-0.33999999999999997,0.07999999999999996,False,False,True,False,False,True,False,False,True,0.006578236818313599,1.4901161193847656e-08,basket|link_0|link_1|link_2|link_3
0.0675,-0.36,0.07999999999999996,False,False,True,False,False,True,False,False,True,,1.4901161193847656e-08,link_1|link_2|link_3
0.0675,-0.38,0.07999999999999996,False,False,True,False,False,True,False,False,True,,1.4901161193847656e-08,link_1|link_2|link_3
0.0675,-0.39999999999999997,0.07999999999999996,False,False,True,False,False,True,False,False,True,,1.4901161193847656e-08,link_1|link_2|link_3
0.0675,-0.42,0.07999999999999996,False,False,True,False,False,True,False,False,True,,1.4901161193847656e-08,link_1|link_2|link_3
0.0675,0.42,0.06,False,False,True,False,False,True,False,False,True,,1.4901161193847656e-08,link_1|link_2|link_3
0.0675,0.4000000000000001,0.06,False,False,True,False,False,True,False,False,True,,1.4901161193847656e-08,link_1|link_2|link_3
0.0675,0.38000000000000006,0.06,False,False,True,False,False,True,False,False,True,,1.4901161193847656e-08,link_1|link_2|link_3
0.0675,0.36000000000000004,0.06,False,False,True,False,False,True,False,False,True,,1.4901161193847656e-08,link_1|link_2|link_3
0.0675,0.34,0.06,False,False,True,False,False,True,False,False,True,0.004426747560501099,1.4901161193847656e-08,basket|link_0|link_1|link_2|link_3
0.0675,0.32,0.06,True,True,True,True,True,True,True,True,True,-0.015421509742736816,0.03744945369343588,basket|link_0|link_1|link_2|link_3
0.0675,0.3,0.06,True,True,True,True,True,True,True,True,True,-0.02095986157655716,0.020924743827236806,basket|link_0|link_1|link_2|link_3
0.0675,0.2800000000000001,0.06,True,True,True,True,True,True,True,True,True,-0.02095986157655716,0.028636314619174874,basket|link_0|link_1|link_2|link_3
0.0675,0.26000000000000006,0.06,True,True,True,True,True,True,True,True,True,-0.02095986157655716,0.018185956528034154,basket|link_0|link_1|link_2|link_3
0.0675,0.24000000000000005,0.06,True,True,True,True,True,True,True,True,True,-0.02095986157655716,0.012308022637551812,basket|link_0|link_1|link_2|link_3
0.0675,0.22000000000000003,0.06,True,True,True,True,True,True,True,True,True,-0.02095986157655716,0.005643168108406965,basket|link_0|link_1|link_2|link_3
0.0675,0.2,0.06,True,True,True,True,True,True,True,True,True,-0.02095986157655716,0.007718392360784692,basket|link_0|link_1|link_2|link_3
0.0675,0.18,0.06,True,True,True,True,True,True,True,True,True,-0.02095986157655716,0.007599153843851809,basket|link_0|link_1|link_2|link_3
0.0675,0.15999999999999998,0.06,True,True,True,True,True,True,True,True,True,-0.020959846675395966,0.008016271768670844,basket|link_0|link_1|link_2|link_3
0.0675,0.14000000000000007,0.06,True,True,True,True,True,True,True,True,True,-0.020959846675395966,0.0075054016947803505,basket|link_0|link_1|link_2|link_3
0.0675,0.12000000000000005,0.06,True,True,True,True,True,True,True,True,True,-0.020959846675395966,0.005684753924063838,basket|link_0|link_1|link_2|link_3
0.0675,0.10000000000000003,0.06,True,True,True,True,True,True,True,True,True,-0.020959846675395966,0.005685032480504079,basket|link_0|link_1|link_2|link_3
0.0675,0.08000000000000002,0.06,True,True,True,True,True,True,True,True,True,-0.02095986157655716,0.010044773450254002,basket|link_0|link_1|link_2|link_3
0.0675,0.06,0.06,True,True,True,True,True,True,True,True,True,-0.02095986157655716,0.00985987145971228,basket|link_0|link_1|link_2|link_3
0.0675,0.040000000000000036,0.06,True,True,True,True,True,True,True,True,True,-0.02095986157655716,0.009929276462650823,basket|link_0|link_1|link_2|link_3
0.0675,0.020000000000000018,0.06,True,True,True,True,True,True,True,True,True,-0.020959846675395966,0.01033882424593402,basket|link_0|link_1|link_2|link_3
0.0675,0.0,0.06,True,True,True,True,True,True,True,True,True,-0.020959846675395966,0.010480433413971132,basket|link_0|link_1|link_2|link_3
0.0675,-0.019999999999999962,0.06,True,True,True,True,True,True,True,True,True,-0.020959846675395966,0.010537074714067946,basket|link_0|link_1|link_2|link_3
0.0675,-0.03999999999999998,0.06,True,True,True,True,True,True,True,True,True,-0.020959846675395966,0.010082936443101738,basket|link_0|link_1|link_2|link_3
0.0675,-0.06,0.06,True,True,True,True,True,True,True,True,True,-0.020959846675395966,0.010417486075317301,basket|link_0|link_1|link_2|link_3
0.0675,-0.07999999999999996,0.06,True,True,True,True,True,True,True,True,True,-0.020959846675395966,0.01029330660320886,basket|link_0|link_1|link_2|link_3
0.0675,-0.09999999999999998,0.06,True,True,True,True,True,True,True,True,True,-0.020959846675395966,0.009274511240034934,basket|link_0|link_1|link_2|link_3
0.0675,-0.12,0.06,True,True,True,True,True,True,True,True,True,-0.02095983177423477,0.009733654049516642,basket|link_0|link_1|link_2|link_3
0.0675,-0.13999999999999996,0.06,True,True,True,True,True,True,True,True,True,-0.02095983177423477,0.013921628457744303,basket|link_0|link_1|link_2|link_3
0.0675,-0.15999999999999998,0.06,True,True,True,True,True,True,True,True,True,-0.02095983177423477,0.012321149977658385,basket|link_0|link_1|link_2|link_3
0.0675,-0.18,0.06,True,True,True,True,True,True,True,True,True,-0.02095983177423477,0.018434057752246012,basket|link_0|link_1|link_2|link_3
0.0675,-0.19999999999999998,0.06,True,True,True,True,True,True,True,True,True,-0.02095983177423477,0.019714983589963986,basket|link_0|link_1|link_2|link_3
0.0675,-0.21999999999999997,0.06,True,True,True,True,True,True,True,True,True,-0.02095983177423477,0.01778470960894988,basket|link_0|link_1|link_2|link_3
0.0675,-0.24,0.06,True,True,True,True,True,True,True,True,True,-0.020959816873073578,0.017741562741072883,basket|link_0|link_1|link_2|link_3
0.0675,-0.26,0.06,True,True,True,True,True,True,True,True,True,-0.020959816873073578,0.03242820890278666,basket|link_0|link_1|link_2|link_3
0.0675,-0.27999999999999997,0.06,True,True,True,True,True,True,True,True,True,-0.020959816873073578,0.06906777904156648,basket|link_0|link_1|link_2|link_3
0.0675,-0.3,0.06,True,True,True,True,True,True,True,True,True,-0.020959816873073578,0.016493116300718647,basket|link_0|link_1|link_2|link_3
0.0675,-0.31999999999999995,0.06,True,True,True,True,True,True,True,True,True,-0.01332758367061615,0.05656630289766428,basket|link_0|link_1|link_2|link_3
0.0675,-0.33999999999999997,0.06,False,False,True,False,False,True,False,False,True,0.006578236818313599,1.4901161193847656e-08,basket|link_0|link_1|link_2|link_3
0.0675,-0.36,0.06,False,False,True,False,False,True,False,False,True,,1.4901161193847656e-08,link_1|link_2|link_3
0.0675,-0.38,0.06,False,False,True,False,False,True,False,False,True,,1.4901161193847656e-08,link_1|link_2|link_3
0.0675,-0.39999999999999997,0.06,False,False,True,False,False,True,False,False,True,,1.4901161193847656e-08,link_1|link_2|link_3
0.0675,-0.42,0.06,False,False,True,False,False,True,False,False,True,,1.4901161193847656e-08,link_1|link_2|link_3
0.0675,0.42,0.03999999999999998,False,False,True,False,False,True,False,False,True,,1.4901161193847656e-08,link_1|link_2|link_3
0.0675,0.4000000000000001,0.03999999999999998,False,False,True,False,False,True,False,False,True,,1.4901161193847656e-08,link_1|link_2|link_3
0.0675,0.38000000000000006,0.03999999999999998,False,False,True,False,False,True,False,False,True,,1.4901161193847656e-08,link_1|link_2|link_3
0.0675,0.36000000000000004,0.03999999999999998,False,False,True,False,False,True,False,False,True,,1.4901161193847656e-08,link_1|link_2|link_3
0.0675,0.34,0.03999999999999998,False,False,True,False,False,True,False,False,True,0.004426747560501099,1.4901161193847656e-08,basket|link_0|link_1|link_2|link_3
0.0675,0.32,0.03999999999999998,True,True,True,True,True,True,True,True,True,-0.015421509742736816,0.03836484978633215,basket|link_0|link_1|link_2|link_3
0.0675,0.3,0.03999999999999998,True,True,True,True,True,True,True,True,True,-0.020959876477718353,0.02446017276362353,basket|link_0|link_1|link_2|link_3
0.0675,0.2800000000000001,0.03999999999999998,True,True,True,True,True,True,True,True,True,-0.020959876477718353,0.03151337823708551,basket|link_0|link_1|link_2|link_3
0.0675,0.26000000000000006,0.03999999999999998,True,True,True,True,True,True,True,True,True,-0.02095986157655716,0.010503582643485538,basket|link_0|link_1|link_2|link_3
0.0675,0.24000000000000005,0.03999999999999998,True,True,True,True,True,True,True,True,True,-0.02095986157655716,0.005918858284708216,basket|link_0|link_1|link_2|link_3
0.0675,0.22000000000000003,0.03999999999999998,True,True,True,True,True,True,True,True,True,-0.02095986157655716,0.004029016557726779,basket|link_0|link_1|link_2|link_3
0.0675,0.2,0.03999999999999998,True,True,True,True,True,True,True,True,True,-0.02095986157655716,0.004346313357033218,basket|link_0|link_1|link_2|link_3
0.0675,0.18,0.03999999999999998,True,True,True,True,True,True,True,True,True,-0.02095986157655716,0.006335911558388816,basket|link_0|link_1|link_2|link_3
0.0675,0.15999999999999998,0.03999999999999998,True,True,True,True,True,True,True,True,True,-0.02095986157655716,0.005073398507827982,basket|link_0|link_1|link_2|link_3
0.0675,0.14000000000000007,0.03999999999999998,True,True,True,True,True,True,True,True,True,-0.020959846675395966,0.005136711176185725,basket|link_0|link_1|link_2|link_3
0.0675,0.12000000000000005,0.03999999999999998,True,True,True,True,True,True,True,True,True,-0.020959846675395966,0.005122596851869954,basket|link_0|link_1|link_2|link_3
0.0675,0.10000000000000003,0.03999999999999998,True,True,True,True,True,True,True,True,True,-0.020959846675395966,0.005313079413456219,basket|link_0|link_1|link_2|link_3
0.0675,0.08000000000000002,0.03999999999999998,True,True,True,True,True,True,True,True,True,-0.02095986157655716,0.005408740651585494,basket|link_0|link_1|link_2|link_3
0.0675,0.06,0.03999999999999998,True,True,True,True,True,True,True,True,True,-0.02095986157655716,0.005474930899948057,basket|link_0|link_1|link_2|link_3
0.0675,0.040000000000000036,0.03999999999999998,True,True,True,True,True,True,True,True,True,-0.02095986157655716,0.005561371576374655,basket|link_0|link_1|link_2|link_3
0.0675,0.020000000000000018,0.03999999999999998,True,True,True,True,True,True,True,True,True,-0.02095986157655716,0.005612725430498709,basket|link_0|link_1|link_2|link_3
0.0675,0.0,0.03999999999999998,True,True,True,True,True,True,True,True,True,-0.02095986157655716,0.005570587996377495,basket|link_0|link_1|link_2|link_3
0.0675,-0.019999999999999962,0.03999999999999998,True,True,True,True,True,True,True,True,True,-0.020959846675395966,0.00556706900473344,basket|link_0|link_1|link_2|link_3
0.0675,-0.03999999999999998,0.03999999999999998,True,True,True,True,True,True,True,True,True,-0.020959846675395966,0.005613680271776113,basket|link_0|link_1|link_2|link_3
0.0675,-0.06,0.03999999999999998,True,True,True,True,True,True,True,True,True,-0.020959846675395966,0.005497076929937736,basket|link_0|link_1|link_2|link_3
0.0675,-0.07999999999999996,0.03999999999999998,True,True,True,True,True,True,True,True,True,-0.020959846675395966,0.0055425336030702115,basket|link_0|link_1|link_2|link_3
0.0675,-0.09999999999999998,0.03999999999999998,True,True,True,True,True,True,True,True,True,-0.020959846675395966,0.004633731287943418,basket|link_0|link_1|link_2|link_3
0.0675,-0.12,0.03999999999999998,True,True,True,True,True,True,True,True,True,-0.020959846675395966,0.005801794296070435,basket|link_0|link_1|link_2|link_3
0.0675,-0.13999999999999996,0.03999999999999998,True,True,True,True,True,True,True,True,True,-0.02095983177423477,0.005820809187282527,basket|link_0|link_1|link_2|link_3
0.0675,-0.15999999999999998,0.03999999999999998,True,True,True,True,True,True,True,True,True,-0.02095983177423477,0.005041576488581792,basket|link_0|link_1|link_2|link_3
0.0675,-0.18,0.03999999999999998,True,True,True,True,True,True,True,True,True,-0.02095983177423477,0.010715998865465514,basket|link_0|link_1|link_2|link_3
0.0675,-0.19999999999999998,0.03999999999999998,True,True,True,True,True,True,True,True,True,-0.02095983177423477,0.011092705602044615,basket|link_0|link_1|link_2|link_3
0.0675,-0.21999999999999997,0.03999999999999998,True,True,True,True,True,True,True,True,True,-0.02095983177423477,0.010052115048025964,basket|link_0|link_1|link_2|link_3
0.0675,-0.24,0.03999999999999998,True,True,True,True,True,True,True,True,True,-0.02095983177423477,0.01409287078137089,basket|link_0|link_1|link_2|link_3
0.0675,-0.26,0.03999999999999998,True,True,True,True,True,True,True,True,True,-0.020959816873073578,0.022215310069203367,basket|link_0|link_1|link_2|link_3
0.0675,-0.27999999999999997,0.03999999999999998,True,True,True,True,True,True,True,True,True,-0.020959816873073578,0.04407931282450395,basket|link_0|link_1|link_2|link_3
0.0675,-0.3,0.03999999999999998,True,True,True,True,True,True,True,True,True,-0.020959816873073578,0.027960520861682447,basket|link_0|link_1|link_2|link_3
0.0675,-0.31999999999999995,0.03999999999999998,True,True,True,True,True,True,True,True,True,-0.013416588306427002,0.020149587504082578,basket|link_0|link_1|link_2|link_3
0.0675,-0.33999999999999997,0.03999999999999998,False,False,True,False,False,True,False,False,True,0.006578236818313599,1.4901161193847656e-08,basket|link_0|link_1|link_2|link_3
0.0675,-0.36,0.03999999999999998,False,False,True,False,False,True,False,False,True,,1.4901161193847656e-08,link_1|link_2|link_3
0.0675,-0.38,0.03999999999999998,False,False,True,False,False,True,False,False,True,,1.4901161193847656e-08,link_1|link_2|link_3
0.0675,-0.39999999999999997,0.03999999999999998,False,False,True,False,False,True,False,False,True,,1.4901161193847656e-08,link_1|link_2|link_3
0.0675,-0.42,0.03999999999999998,False,False,True,False,False,True,False,False,True,,1.4901161193847656e-08,link_1|link_2|link_3
0.0675,0.42,0.019999999999999962,False,False,True,False,False,True,False,False,True,,1.4901161193847656e-08,link_1|link_2|link_3
0.0675,0.4000000000000001,0.019999999999999962,False,False,True,False,False,True,False,False,True,,1.4901161193847656e-08,link_1|link_2|link_3
0.0675,0.38000000000000006,0.019999999999999962,False,False,True,False,False,True,False,False,True,,1.4901161193847656e-08,link_1|link_2|link_3
0.0675,0.36000000000000004,0.019999999999999962,False,False,True,False,False,True,False,False,True,,1.4901161193847656e-08,link_1|link_2|link_3
0.0675,0.34,0.019999999999999962,False,False,True,False,False,True,False,False,True,0.004426747560501099,1.4901161193847656e-08,basket|link_0|link_1|link_2|link_3
0.0675,0.32,0.019999999999999962,True,True,True,True,True,True,True,True,True,-0.015421509742736816,0.04842612956138284,basket|link_0|link_1|link_2|link_3
0.0675,0.3,0.019999999999999962,True,True,True,True,True,True,True,True,True,-0.020959876477718353,0.03236662325726031,basket|link_0|link_1|link_2|link_3
0.0675,0.2800000000000001,0.019999999999999962,True,True,True,True,True,True,True,True,True,-0.020959876477718353,0.06812654103043812,basket|link_0|link_1|link_2|link_3
0.0675,0.26000000000000006,0.019999999999999962,True,True,True,True,True,True,True,True,True,-0.020959876477718353,0.019675960265014013,basket|link_0|link_1|link_2|link_3
0.0675,0.24000000000000005,0.019999999999999962,True,True,True,True,True,True,True,True,True,-0.02095986157655716,0.008672093340892575,basket|link_0|link_1|link_2|link_3
0.0675,0.22000000000000003,0.019999999999999962,True,True,True,True,True,True,True,True,True,-0.02095986157655716,0.007092790718464967,basket|link_0|link_1|link_2|link_3
0.0675,0.2,0.019999999999999962,True,True,True,True,True,True,True,True,True,-0.02095986157655716,0.008101969779224769,basket|link_0|link_1|link_2|link_3
0.0675,0.18,0.019999999999999962,True,True,True,True,True,True,True,True,True,-0.02095986157655716,0.008395503621357814,basket|link_0|link_1|link_2|link_3
0.0675,0.15999999999999998,0.019999999999999962,True,True,True,True,True,True,True,True,True,-0.02095986157655716,0.008547591625165902,basket|link_0|link_1|link_2|link_3
0.0675,0.14000000000000007,0.019999999999999962,True,True,True,True,True,True,True,True,True,-0.02095986157655716,0.00858443273886427,basket|link_0|link_1|link_2|link_3
0.0675,0.12000000000000005,0.019999999999999962,True,True,True,True,True,True,True,True,True,-0.020959846675395966,0.002509334623160096,basket|link_0|link_1|link_2|link_3
0.0675,0.10000000000000003,0.019999999999999962,True,True,True,True,True,True,True,True,True,-0.020959846675395966,0.0034940873985446004,basket|link_0|link_1|link_2|link_3
0.0675,0.08000000000000002,0.019999999999999962,True,True,True,True,True,True,True,True,True,-0.02095986157655716,0.0027735211515304966,basket|link_0|link_1|link_2|link_3
0.0675,0.06,0.019999999999999962,True,True,True,True,True,True,True,True,True,-0.02095986157655716,0.004910981561366222,basket|link_0|link_1|link_2|link_3
0.0675,0.040000000000000036,0.019999999999999962,True,True,True,True,True,True,True,True,True,-0.02095986157655716,0.005055207356588672,basket|link_0|link_1|link_2|link_3
0.0675,0.020000000000000018,0.019999999999999962,True,True,True,True,True,True,True,True,True,-0.02095986157655716,0.004760639715500589,basket|link_0|link_1|link_2|link_3
0.0675,0.0,0.019999999999999962,True,True,True,True,True,True,True,True,True,-0.02095986157655716,0.004936495532045144,basket|link_0|link_1|link_2|link_3
0.0675,-0.019999999999999962,0.019999999999999962,True,True,True,True,True,True,True,True,True,-0.02095986157655716,0.004963985476845273,basket|link_0|link_1|link_2|link_3
0.0675,-0.03999999999999998,0.019999999999999962,True,True,True,True,True,True,True,True,True,-0.020959846675395966,0.005098488440936524,basket|link_0|link_1|link_2|link_3
0.0675,-0.06,0.019999999999999962,True,True,True,True,True,True,True,True,True,-0.020959846675395966,0.005009021503591967,basket|link_0|link_1|link_2|link_3
0.0675,-0.07999999999999996,0.019999999999999962,True,True,True,True,True,True,True,True,True,-0.020959846675395966,0.004999263925860689,basket|link_0|link_1|link_2|link_3
0.0675,-0.09999999999999998,0.019999999999999962,True,True,True,True,True,True,True,True,True,-0.020959846675395966,0.0012043862134766324,basket|link_0|link_1|link_2|link_3
0.0675,-0.12,0.019999999999999962,True,True,True,True,True,True,True,True,True,-0.020959846675395966,0.00498970939143029,basket|link_0|link_1|link_2|link_3
0.0675,-0.13999999999999996,0.019999999999999962,True,True,True,True,True,True,True,True,True,-0.020959846675395966,0.006508800699138217,basket|link_0|link_1|link_2|link_3
0.0675,-0.15999999999999998,0.019999999999999962,True,True,True,True,True,True,True,True,True,-0.02095983177423477,0.010587349532530597,basket|link_0|link_1|link_2|link_3
0.0675,-0.18,0.019999999999999962,True,True,True,True,True,True,True,True,True,-0.02095983177423477,0.020291671788040092,basket|link_0|link_1|link_2|link_3
0.0675,-0.19999999999999998,0.019999999999999962,True,True,True,True,True,True,True,True,True,-0.02095983177423477,0.021943075182042256,basket|link_0|link_1|link_2|link_3
0.0675,-0.21999999999999997,0.019999999999999962,True,True,True,True,True,True,True,True,True,-0.02095983177423477,0.022089203899715013,basket|link_0|link_1|link_2|link_3
0.0675,-0.24,0.019999999999999962,True,True,True,True,True,True,True,True,True,-0.02095983177423477,0.021866253641621574,basket|link_0|link_1|link_2|link_3
0.0675,-0.26,0.019999999999999962,True,True,True,True,True,True,True,True,True,-0.02095983177423477,0.030890979150160362,basket|link_0|link_1|link_2|link_3
0.0675,-0.27999999999999997,0.019999999999999962,True,True,True,True,True,True,True,True,True,-0.020959816873073578,0.08359729338196366,basket|link_0|link_1|link_2|link_3
0.0675,-0.3,0.019999999999999962,True,True,True,True,True,True,True,True,True,-0.020959816873073578,0.02981081017692155,basket|link_0|link_1|link_2|link_3
0.0675,-0.31999999999999995,0.019999999999999962,True,True,True,True,True,True,True,True,True,-0.013416588306427002,0.03509676380783848,basket|link_0|link_1|link_2|link_3
0.0675,-0.33999999999999997,0.019999999999999962,False,False,True,False,False,True,False,False,True,0.006578236818313599,1.4901161193847656e-08,basket|link_0|link_1|link_2|link_3
0.0675,-0.36,0.019999999999999962,False,False,True,False,False,True,False,False,True,,1.4901161193847656e-08,link_1|link_2|link_3
0.0675,-0.38,0.019999999999999962,False,False,True,False,False,True,False,False,True,,1.4901161193847656e-08,link_1|link_2|link_3
0.0675,-0.39999999999999997,0.019999999999999962,False,False,True,False,False,True,False,False,True,,1.4901161193847656e-08,link_1|link_2|link_3
0.0675,-0.42,0.019999999999999962,False,False,True,False,False,True,False,False,True,,1.4901161193847656e-08,link_1|link_2|link_3
0.0675,0.42,0.0,False,False,True,False,False,True,False,False,True,,1.4901161193847656e-08,link_1|link_2|link_3
0.0675,0.4000000000000001,0.0,False,False,True,False,False,True,False,False,True,,1.4901161193847656e-08,link_1|link_2|link_3
0.0675,0.38000000000000006,0.0,False,False,True,False,False,True,False,False,True,,1.4901161193847656e-08,link_1|link_2|link_3
0.0675,0.36000000000000004,0.0,False,False,True,False,False,True,False,False,True,,1.4901161193847656e-08,link_1|link_2|link_3
0.0675,0.34,0.0,False,False,True,False,False,True,False,False,True,0.004426747560501099,1.4901161193847656e-08,basket|link_0|link_1|link_2|link_3
0.0675,0.32,0.0,True,True,True,True,True,True,True,True,True,-0.015421509742736816,0.0682906719347444,basket|link_0|link_1|link_2|link_3
0.0675,0.3,0.0,True,True,True,True,True,True,True,True,True,-0.020959876477718353,0.02300366088037089,basket|link_0|link_1|link_2|link_3
0.0675,0.2800000000000001,0.0,True,True,True,True,True,True,True,True,True,-0.020959876477718353,0.015492895055494253,basket|link_0|link_1|link_2|link_3
0.0675,0.26000000000000006,0.0,True,True,True,True,True,True,True,True,True,-0.020959876477718353,0.0020137430870522557,basket|link_0|link_1|link_2|link_3
0.0675,0.24000000000000005,0.0,True,True,True,True,True,True,True,True,True,-0.020959876477718353,0.0031142072691750576,basket|link_0|link_1|link_2|link_3
0.0675,0.22000000000000003,0.0,True,True,True,True,True,True,True,True,True,-0.02095986157655716,0.0010476666088488963,basket|link_0|link_1|link_2|link_3
0.0675,0.2,0.0,True,True,True,True,True,True,True,True,True,-0.02095986157655716,0.0014613784435714115,basket|link_0|link_1|link_2|link_3
0.0675,0.18,0.0,True,True,True,True,True,True,True,True,True,-0.02095986157655716,0.001929868145927741,basket|link_0|link_1|link_2|link_3
0.0675,0.15999999999999998,0.0,True,True,True,True,True,True,True,True,True,-0.02095986157655716,0.003273893061892065,basket|link_0|link_1|link_2|link_3
0.0675,0.14000000000000007,0.0,True,True,True,True,True,True,True,True,True,-0.02095986157655716,0.005376651235847288,basket|link_0|link_1|link_2|link_3
0.0675,0.12000000000000005,0.0,True,True,True,True,True,True,True,True,True,-0.02095986157655716,0.0035344149738056,basket|link_0|link_1|link_2|link_3
0.0675,0.10000000000000003,0.0,True,True,True,True,True,True,True,True,True,-0.020959846675395966,0.00494735159538194,basket|link_0|link_1|link_2|link_3
0.0675,0.08000000000000002,0.0,True,True,True,True,True,True,True,True,True,-0.02095986157655716,0.003671732029247455,basket|link_0|link_1|link_2|link_3
0.0675,0.06,0.0,True,True,True,True,True,True,True,True,True,-0.02095986157655716,0.0037130298683195695,basket|link_0|link_1|link_2|link_3
0.0675,0.040000000000000036,0.0,True,True,True,True,True,True,True,True,True,-0.02095986157655716,0.003807866464222806,basket|link_0|link_1|link_2|link_3
0.0675,0.020000000000000018,0.0,True,True,True,True,True,True,True,True,True,-0.02095986157655716,0.0035729717660348066,basket|link_0|link_1|link_2|link_3
0.0675,0.0,0.0,True,True,True,True,True,True,True,True,True,-0.02095986157655716,0.0035991747031031054,basket|link_0|link_1|link_2|link_3
0.0675,-0.019999999999999962,0.0,True,True,True,True,True,True,True,True,True,-0.02095986157655716,0.0036368733729571874,basket|link_0|link_1|link_2|link_3
0.0675,-0.03999999999999998,0.0,True,True,True,True,True,True,True,True,True,-0.02095986157655716,0.004901755483084521,basket|link_0|link_1|link_2|link_3
0.0675,-0.06,0.0,True,True,True,True,True,True,True,True,True,-0.020959846675395966,0.005733303297886006,basket|link_0|link_1|link_2|link_3
0.0675,-0.07999999999999996,0.0,True,True,True,True,True,True,True,True,True,-0.020959846675395966,0.005707102773770796,basket|link_0|link_1|link_2|link_3
0.0675,-0.09999999999999998,0.0,True,True,True,True,True,True,True,True,True,-0.020959846675395966,0.003819688952634937,basket|link_0|link_1|link_2|link_3
0.0675,-0.12,0.0,True,True,True,True,True,True,True,True,True,-0.020959846675395966,0.0151063887998325,basket|link_0|link_1|link_2|link_3
0.0675,-0.13999999999999996,0.0,True,True,True,True,True,True,True,True,True,-0.020959846675395966,0.010266450199877252,basket|link_0|link_1|link_2|link_3
0.0675,-0.15999999999999998,0.0,True,True,True,True,True,True,True,True,True,-0.020959846675395966,0.010695813638757644,basket|link_0|link_1|link_2|link_3
0.0675,-0.18,0.0,True,True,True,True,True,True,True,True,True,-0.02095983177423477,0.010419550502854142,basket|link_0|link_1|link_2|link_3
0.0675,-0.19999999999999998,0.0,True,True,True,True,True,True,True,True,True,-0.02095983177423477,0.022680828571231815,basket|link_0|link_1|link_2|link_3
0.0675,-0.21999999999999997,0.0,True,True,True,True,True,True,True,True,True,-0.02095983177423477,0.024227846977983736,basket|link_0|link_1|link_2|link_3
0.0675,-0.24,0.0,True,True,True,True,True,True,True,True,True,-0.02095983177423477,0.021047213195663515,basket|link_0|link_1|link_2|link_3
0.0675,-0.26,0.0,True,True,True,True,True,True,True,True,True,-0.02095983177423477,0.03099878315564507,basket|link_0|link_1|link_2|link_3
0.0675,-0.27999999999999997,0.0,True,True,True,True,True,True,True,True,True,-0.02095983177423477,0.08237787721757751,basket|link_0|link_1|link_2|link_3
0.0675,-0.3,0.0,True,True,True,True,True,True,True,True,True,-0.020959816873073578,0.040078285925840215,basket|link_0|link_1|link_2|link_3
0.0675,-0.31999999999999995,0.0,True,True,True,True,True,True,True,True,True,-0.013416588306427002,0.04054313389232983,basket|link_0|link_1|link_2|link_3
0.0675,-0.33999999999999997,0.0,False,False,True,False,False,True,False,False,True,0.006578236818313599,1.4901161193847656e-08,basket|link_0|link_1|link_2|link_3
0.0675,-0.36,0.0,False,False,True,False,False,True,False,False,True,,1.4901161193847656e-08,link_1|link_2|link_3
0.0675,-0.38,0.0,False,False,True,False,False,True,False,False,True,,1.4901161193847656e-08,link_1|link_2|link_3
0.0675,-0.39999999999999997,0.0,False,False,True,False,False,True,False,False,True,,1.4901161193847656e-08,link_1|link_2|link_3
0.0675,-0.42,0.0,False,False,True,False,False,True,False,False,True,,1.4901161193847656e-08,link_1|link_2|link_3
0.0675,0.42,-0.020000000000000018,False,False,True,False,False,True,False,False,True,,1.4901161193847656e-08,link_1|link_2|link_3
0.0675,0.4000000000000001,-0.020000000000000018,False,False,True,False,False,True,False,False,True,,1.4901161193847656e-08,link_1|link_2|link_3
0.0675,0.38000000000000006,-0.020000000000000018,False,False,True,False,False,True,False,False,True,,1.4901161193847656e-08,link_1|link_2|link_3
0.0675,0.36000000000000004,-0.020000000000000018,False,False,True,False,False,True,False,False,True,,1.4901161193847656e-08,link_1|link_2|link_3
0.0675,0.34,-0.020000000000000018,False,False,True,False,False,True,False,False,True,0.004426747560501099,1.4901161193847656e-08,basket|link_0|link_1|link_2|link_3
0.0675,0.32,-0.020000000000000018,True,True,True,True,True,True,True,True,True,-0.015421509742736816,0.05885023447411632,basket|link_0|link_1|link_2|link_3
0.0675,0.3,-0.020000000000000018,True,True,True,True,True,True,True,True,True,-0.020959876477718353,0.020730085661285164,basket|link_0|link_1|link_2|link_3
0.0675,0.2800000000000001,-0.020000000000000018,True,True,True,True,True,True,True,True,True,-0.020959876477718353,0.010923949037531177,basket|link_0|link_1|link_2|link_3
0.0675,0.26000000000000006,-0.020000000000000018,True,True,True,True,True,True,True,True,True,-0.020959876477718353,0.01088674301887569,basket|link_0|link_1|link_2|link_3
0.0675,0.24000000000000005,-0.020000000000000018,True,True,True,True,True,True,True,True,True,-0.020959876477718353,0.011710979318734842,basket|link_0|link_1|link_2|link_3
0.0675,0.22000000000000003,-0.020000000000000018,True,True,True,True,True,True,True,True,True,-0.020959876477718353,0.008623837618983372,basket|link_0|link_1|link_2|link_3
0.0675,0.2,-0.020000000000000018,True,True,True,True,True,True,True,True,True,-0.02095986157655716,0.007827649011707813,basket|link_0|link_1|link_2|link_3
0.0675,0.18,-0.020000000000000018,True,True,True,True,True,True,True,True,True,-0.02095986157655716,0.007793183005743181,basket|link_0|link_1|link_2|link_3
0.0675,0.15999999999999998,-0.020000000000000018,True,True,True,True,True,True,True,True,True,-0.02095986157655716,0.007561857597423027,basket|link_0|link_1|link_2|link_3
0.0675,0.14000000000000007,-0.020000000000000018,True,True,True,True,True,True,True,True,True,-0.02095986157655716,0.010627607286926537,basket|link_0|link_1|link_2|link_3
0.0675,0.12000000000000005,-0.020000000000000018,True,True,True,True,True,True,True,True,True,-0.02095986157655716,0.004783811939117984,basket|link_0|link_1|link_2|link_3
0.0675,0.10000000000000003,-0.020000000000000018,True,True,True,True,True,True,True,True,True,-0.02095986157655716,0.003932347451806156,basket|link_0|link_1|link_2|link_3
0.0675,0.08000000000000002,-0.020000000000000018,True,True,True,True,True,True,True,True,True,-0.020959876477718353,0.005510314648512852,basket|link_0|link_1|link_2|link_3
0.0675,0.06,-0.020000000000000018,True,True,True,True,True,True,True,True,True,-0.02095986157655716,0.008154607484614723,basket|link_0|link_1|link_2|link_3
0.0675,0.040000000000000036,-0.020000000000000018,True,True,True,True,True,True,True,True,True,-0.02095986157655716,0.006026638636228815,basket|link_0|link_1|link_2|link_3
0.0675,0.020000000000000018,-0.020000000000000018,True,True,True,True,True,True,True,True,True,-0.02095986157655716,0.011486836268719127,basket|link_0|link_1|link_2|link_3
0.0675,0.0,-0.020000000000000018,True,True,True,True,True,True,True,True,True,-0.02095986157655716,0.0058729606051291005,basket|link_0|link_1|link_2|link_3
0.0675,-0.019999999999999962,-0.020000000000000018,True,True,True,True,True,True,True,True,True,-0.02095986157655716,0.006765630417256968,basket|link_0|link_1|link_2|link_3
0.0675,-0.03999999999999998,-0.020000000000000018,True,True,True,True,True,True,True,True,True,-0.02095986157655716,0.005984055276256956,basket|link_0|link_1|link_2|link_3
0.0675,-0.06,-0.020000000000000018,True,True,True,True,True,True,True,True,True,-0.02095986157655716,0.014204707320297329,basket|link_0|link_1|link_2|link_3
0.0675,-0.07999999999999996,-0.020000000000000018,True,True,True,True,True,True,True,True,True,-0.020959846675395966,0.01459379798856173,basket|link_0|link_1|link_2|link_3
0.0675,-0.09999999999999998,-0.020000000000000018,True,True,True,True,True,True,True,True,True,-0.020959846675395966,0.006550373237428331,basket|link_0|link_1|link_2|link_3
0.0675,-0.12,-0.020000000000000018,True,True,True,True,True,True,True,True,True,-0.020959846675395966,0.009156711779603659,basket|link_0|link_1|link_2|link_3
0.0675,-0.13999999999999996,-0.020000000000000018,True,True,True,True,True,True,True,True,True,-0.020959846675395966,0.008924052573674528,basket|link_0|link_1|link_2|link_3
0.0675,-0.15999999999999998,-0.020000000000000018,True,True,True,True,True,True,True,True,True,-0.020959846675395966,0.009373207744965553,basket|link_0|link_1|link_2|link_3
0.0675,-0.18,-0.020000000000000018,True,True,True,True,True,True,True,True,True,-0.020959846675395966,0.011717715850490217,basket|link_0|link_1|link_2|link_3
0.0675,-0.19999999999999998,-0.020000000000000018,True,True,True,True,True,True,True,True,True,-0.02095983177423477,0.013818518118168305,basket|link_0|link_1|link_2|link_3
0.0675,-0.21999999999999997,-0.020000000000000018,True,True,True,True,True,True,True,True,True,-0.02095983177423477,0.018130940880299914,basket|link_0|link_1|link_2|link_3
0.0675,-0.24,-0.020000000000000018,True,True,True,True,True,True,True,True,True,-0.02095983177423477,0.018928811262629804,basket|link_0|link_1|link_2|link_3
0.0675,-0.26,-0.020000000000000018,True,True,True,True,True,True,True,True,True,-0.02095983177423477,0.03180152766211832,basket|link_0|link_1|link_2|link_3
0.0675,-0.27999999999999997,-0.020000000000000018,True,True,True,True,True,True,True,True,True,-0.02095983177423477,0.07277808270073875,basket|link_0|link_1|link_2|link_3
0.0675,-0.3,-0.020000000000000018,True,True,True,True,True,True,True,True,True,-0.02095983177423477,0.029434393408954762,basket|link_0|link_1|link_2|link_3
0.0675,-0.31999999999999995,-0.020000000000000018,True,True,True,True,True,True,True,True,True,-0.013416588306427002,0.03822712668394637,basket|link_0|link_1|link_2|link_3
0.0675,-0.33999999999999997,-0.020000000000000018,False,False,True,False,False,True,False,False,True,0.006578236818313599,1.4901161193847656e-08,basket|link_0|link_1|link_2|link_3
0.0675,-0.36,-0.020000000000000018,False,False,True,False,False,True,False,False,True,,1.4901161193847656e-08,link_1|link_2|link_3
0.0675,-0.38,-0.020000000000000018,False,False,True,False,False,True,False,False,True,,1.4901161193847656e-08,link_1|link_2|link_3
0.0675,-0.39999999999999997,-0.020000000000000018,False,False,True,False,False,True,False,False,True,,1.4901161193847656e-08,link_1|link_2|link_3
0.0675,-0.42,-0.020000000000000018,False,False,True,False,False,True,False,False,True,,1.4901161193847656e-08,link_1|link_2|link_3
0.0675,0.42,-0.040000000000000036,False,False,True,False,False,True,False,False,True,,1.4901161193847656e-08,link_1|link_2|link_3
0.0675,0.4000000000000001,-0.040000000000000036,False,False,True,False,False,True,False,False,True,,1.4901161193847656e-08,link_1|link_2|link_3
0.0675,0.38000000000000006,-0.040000000000000036,False,False,True,False,False,True,False,False,True,,1.4901161193847656e-08,link_1|link_2|link_3
0.0675,0.36000000000000004,-0.040000000000000036,False,False,True,False,False,True,False,False,True,,1.4901161193847656e-08,link_1|link_2|link_3
0.0675,0.34,-0.040000000000000036,False,False,True,False,False,True,False,False,True,0.004426747560501099,1.4901161193847656e-08,basket|link_0|link_1|link_2|link_3
0.0675,0.32,-0.040000000000000036,True,True,True,True,True,True,True,True,True,-0.015396416187286377,0.042396858146234756,basket|link_0|link_1|link_2|link_3
0.0675,0.3,-0.040000000000000036,True,True,True,True,True,True,True,True,True,-0.020959876477718353,0.02502745591129655,basket|link_0|link_1|link_2|link_3
0.0675,0.2800000000000001,-0.040000000000000036,True,True,True,True,True,True,True,True,True,-0.020959876477718353,0.011723272030996318,basket|link_0|link_1|link_2|link_3
0.0675,0.26000000000000006,-0.040000000000000036,True,True,True,True,True,True,True,True,True,-0.020959876477718353,0.008915843770684603,basket|link_0|link_1|link_2|link_3
0.0675,0.24000000000000005,-0.040000000000000036,True,True,True,True,True,True,True,True,True,-0.020959876477718353,0.0100169048220088,basket|link_0|link_1|link_2|link_3
0.0675,0.22000000000000003,-0.040000000000000036,True,True,True,True,True,True,True,True,True,-0.020959876477718353,0.012886090518137565,basket|link_0|link_1|link_2|link_3
0.0675,0.2,-0.040000000000000036,True,True,True,True,True,True,True,True,True,-0.020959876477718353,0.013293103978186485,basket|link_0|link_1|link_2|link_3
0.0675,0.18,-0.040000000000000036,True,True,True,True,True,True,True,True,True,-0.02095986157655716,0.013510775454803475,basket|link_0|link_1|link_2|link_3
0.0675,0.15999999999999998,-0.040000000000000036,True,True,True,True,True,True,True,True,True,-0.02095986157655716,0.01344346735916082,basket|link_0|link_1|link_2|link_3
0.0675,0.14000000000000007,-0.040000000000000036,True,True,True,True,True,True,True,True,True,-0.02095986157655716,0.007215275808184458,basket|link_0|link_1|link_2|link_3
0.0675,0.12000000000000005,-0.040000000000000036,True,True,True,True,True,True,True,True,True,-0.02095986157655716,0.006396687495942409,basket|link_0|link_1|link_2|link_3
0.0675,0.10000000000000003,-0.040000000000000036,True,True,True,True,True,True,True,True,True,-0.02095986157655716,0.004000205104424497,basket|link_0|link_1|link_2|link_3
0.0675,0.08000000000000002,-0.040000000000000036,True,True,True,True,True,True,True,True,True,-0.020959876477718353,0.005072270685744024,basket|link_0|link_1|link_2|link_3
0.0675,0.06,-0.040000000000000036,True,True,True,True,True,True,True,True,True,-0.020959876477718353,0.005878123125850123,basket|link_0|link_1|link_2|link_3
0.0675,0.040000000000000036,-0.040000000000000036,True,True,True,True,True,True,True,True,True,-0.020959876477718353,0.005542953457307514,basket|link_0|link_1|link_2|link_3
0.0675,0.020000000000000018,-0.040000000000000036,True,True,True,True,True,True,True,True,True,-0.02095986157655716,0.005897334326380937,basket|link_0|link_1|link_2|link_3
0.0675,0.0,-0.040000000000000036,True,True,True,True,True,True,True,True,True,-0.02095986157655716,0.005200857327355959,basket|link_0|link_1|link_2|link_3
0.0675,-0.019999999999999962,-0.040000000000000036,True,True,True,True,True,True,True,True,True,-0.02095986157655716,0.004714156077283954,basket|link_0|link_1|link_2|link_3
0.0675,-0.03999999999999998,-0.040000000000000036,True,True,True,True,True,True,True,True,True,-0.02095986157655716,0.007578875328161914,basket|link_0|link_1|link_2|link_3
0.0675,-0.06,-0.040000000000000036,True,True,True,True,True,True,True,True,True,-0.02095986157655716,0.004565887556404684,basket|link_0|link_1|link_2|link_3
0.0675,-0.07999999999999996,-0.040000000000000036,True,True,True,True,True,True,True,True,True,-0.02095986157655716,0.005252673104573583,basket|link_0|link_1|link_2|link_3
0.0675,-0.09999999999999998,-0.040000000000000036,True,True,True,True,True,True,True,True,True,-0.020959846675395966,0.012283723688593434,basket|link_0|link_1|link_2|link_3
0.0675,-0.12,-0.040000000000000036,True,True,True,True,True,True,True,True,True,-0.020959846675395966,0.0043814295170224475,basket|link_0|link_1|link_2|link_3
0.0675,-0.13999999999999996,-0.040000000000000036,True,True,True,True,True,True,True,True,True,-0.020959846675395966,0.006711290528658007,basket|link_0|link_1|link_2|link_3
0.0675,-0.15999999999999998,-0.040000000000000036,True,True,True,True,True,True,True,True,True,-0.020959846675395966,0.005052995328309654,basket|link_0|link_1|link_2|link_3
0.0675,-0.18,-0.040000000000000036,True,True,True,True,True,True,True,True,True,-0.020959846675395966,0.011099447436476291,basket|link_0|link_1|link_2|link_3
0.0675,-0.19999999999999998,-0.040000000000000036,True,True,True,True,True,True,True,True,True,-0.020959846675395966,0.010530020887418548,basket|link_0|link_1|link_2|link_3
0.0675,-0.21999999999999997,-0.040000000000000036,True,True,True,True,True,True,True,True,True,-0.02095983177423477,0.008536095289281821,basket|link_0|link_1|link_2|link_3
0.0675,-0.24,-0.040000000000000036,True,True,True,True,True,True,True,True,True,-0.02095983177423477,0.01071560910188858,basket|link_0|link_1|link_2|link_3
0.0675,-0.26,-0.040000000000000036,True,True,True,True,True,True,True,True,True,-0.02095983177423477,0.030438906285487906,basket|link_0|link_1|link_2|link_3
0.0675,-0.27999999999999997,-0.040000000000000036,True,True,True,True,True,True,True,True,True,-0.02095983177423477,0.07024940211172886,basket|link_0|link_1|link_2|link_3
0.0675,-0.3,-0.040000000000000036,True,True,True,True,True,True,True,True,True,-0.02095983177423477,0.008163528329738245,basket|link_0|link_1|link_2|link_3
0.0675,-0.31999999999999995,-0.040000000000000036,True,True,True,True,True,True,True,True,True,-0.013416588306427002,0.027321863540849756,basket|link_0|link_1|link_2|link_3
0.0675,-0.33999999999999997,-0.040000000000000036,False,False,True,False,False,True,False,False,True,0.006578236818313599,1.4901161193847656e-08,basket|link_0|link_1|link_2|link_3
0.0675,-0.36,-0.040000000000000036,False,False,True,False,False,True,False,False,True,,1.4901161193847656e-08,link_1|link_2|link_3
0.0675,-0.38,-0.040000000000000036,False,False,True,False,False,True,False,False,True,,1.4901161193847656e-08,link_1|link_2|link_3
0.0675,-0.39999999999999997,-0.040000000000000036,False,False,True,False,False,True,False,False,True,,1.4901161193847656e-08,link_1|link_2|link_3
0.0675,-0.42,-0.040000000000000036,False,False,True,False,False,True,False,False,True,,1.4901161193847656e-08,link_1|link_2|link_3
0.0675,0.42,-0.06,False,False,True,False,False,True,False,False,True,,1.4901161193847656e-08,link_1|link_2|link_3
0.0675,0.4000000000000001,-0.06,False,False,True,False,False,True,False,False,True,,1.4901161193847656e-08,link_1|link_2|link_3
0.0675,0.38000000000000006,-0.06,False,False,True,False,False,True,False,False,True,,1.4901161193847656e-08,link_1|link_2|link_3
0.0675,0.36000000000000004,-0.06,False,False,True,False,False,True,False,False,True,,1.4901161193847656e-08,link_1|link_2|link_3
0.0675,0.34,-0.06,False,False,True,False,False,True,False,False,True,0.004427388310432434,1.4901161193847656e-08,basket|link_0|link_1|link_2|link_3
0.0675,0.32,-0.06,True,True,True,True,True,True,True,True,True,-0.015396416187286377,0.031027458342143037,basket|link_0|link_1|link_2|link_3
0.0675,0.3,-0.06,True,True,True,True,True,True,True,True,True,-0.020959891378879547,0.011262721231740389,basket|link_0|link_1|link_2|link_3
0.0675,0.2800000000000001,-0.06,True,True,True,True,True,True,True,True,True,-0.020959876477718353,0.049120465415225495,basket|link_0|link_1|link_2|link_3
0.0675,0.26000000000000006,-0.06,True,True,True,True,True,True,True,True,True,-0.020959876477718353,0.03674698962676813,basket|link_0|link_1|link_2|link_3
0.0675,0.24000000000000005,-0.06,True,True,True,True,True,True,True,True,True,-0.020959876477718353,0.03123580321169295,basket|link_0|link_1|link_2|link_3
0.0675,0.22000000000000003,-0.06,True,True,True,True,True,True,True,True,True,-0.020959876477718353,0.0077835410400467495,basket|link_0|link_1|link_2|link_3
0.0675,0.2,-0.06,True,True,True,True,True,True,True,True,True,-0.020959876477718353,0.012871211800265615,basket|link_0|link_1|link_2|link_3
0.0675,0.18,-0.06,True,True,True,True,True,True,True,True,True,-0.020959876477718353,0.008393699790571562,basket|link_0|link_1|link_2|link_3
0.0675,0.15999999999999998,-0.06,True,True,True,True,True,True,True,True,True,-0.02095986157655716,0.008445910504247292,basket|link_0|link_1|link_2|link_3
0.0675,0.14000000000000007,-0.06,True,True,True,True,True,True,True,True,True,-0.02095986157655716,0.011910979103788435,basket|link_0|link_1|link_2|link_3
0.0675,0.12000000000000005,-0.06,True,True,True,True,True,True,True,True,True,-0.02095986157655716,0.00609179679505967,basket|link_0|link_1|link_2|link_3
0.0675,0.10000000000000003,-0.06,True,True,True,True,True,True,True,True,True,-0.02095986157655716,0.009689316596114312,basket|link_0|link_1|link_2|link_3
0.0675,0.08000000000000002,-0.06,True,True,True,True,True,True,True,True,True,-0.020959876477718353,0.00701526234047476,basket|link_0|link_1|link_2|link_3
0.0675,0.06,-0.06,True,True,True,True,True,True,True,True,True,-0.020959876477718353,0.007972779189787678,basket|link_0|link_1|link_2|link_3
0.0675,0.040000000000000036,-0.06,True,True,True,True,True,True,True,True,True,-0.020959876477718353,0.0075981157102786275,basket|link_0|link_1|link_2|link_3
0.0675,0.020000000000000018,-0.06,True,True,True,True,True,True,True,True,True,-0.020959876477718353,0.007170103514921961,basket|link_0|link_1|link_2|link_3
0.0675,0.0,-0.06,True,True,True,True,True,True,True,True,True,-0.02095986157655716,0.004759985481437491,basket|link_0|link_1|link_2|link_3
0.0675,-0.019999999999999962,-0.06,True,True,True,True,True,True,True,True,True,-0.02095986157655716,0.004369079662979343,basket|link_0|link_1|link_2|link_3
0.0675,-0.03999999999999998,-0.06,True,True,True,True,True,True,True,True,True,-0.021246910095214844,0.00844779425885674,basket|link_0|link_1|link_2|link_3
0.0675,-0.06,-0.06,True,True,True,True,True,True,True,True,True,-0.02095986157655716,0.006449149784738024,basket|link_0|link_1|link_2|link_3
0.0675,-0.07999999999999996,-0.06,True,True,True,True,True,True,True,True,True,-0.02095986157655716,0.004224077041432307,basket|link_0|link_1|link_2|link_3
0.0675,-0.09999999999999998,-0.06,True,True,True,True,True,True,True,True,True,-0.02095986157655716,0.016664973890499448,basket|link_0|link_1|link_2|link_3
0.0675,-0.12,-0.06,True,True,True,True,True,True,True,True,True,-0.03859599679708481,0.008170876977956928,basket|link_0|link_1|link_2|link_3
0.0675,-0.13999999999999996,-0.06,True,True,True,True,True,True,True,True,True,-0.022955894470214844,0.005109567967336268,basket|link_0|link_1|link_2|link_3
0.0675,-0.15999999999999998,-0.06,True,True,True,True,True,True,True,True,True,-0.022595897316932678,0.012076033620353673,basket|link_0|link_1|link_2|link_3
0.0675,-0.18,-0.06,True,True,True,True,True,True,True,True,True,-0.023972287774086,0.01039418963547951,basket|link_0|link_1|link_2|link_3
0.0675,-0.19999999999999998,-0.06,True,True,True,True,True,True,True,True,True,-0.020959846675395966,0.012279902107811847,basket|link_0|link_1|link_2|link_3
0.0675,-0.21999999999999997,-0.06,True,True,True,True,True,True,True,True,True,-0.020959846675395966,0.008287305220249721,basket|link_0|link_1|link_2|link_3
0.0675,-0.24,-0.06,True,True,True,True,True,True,True,True,True,-0.02095983177423477,0.01688886992356128,basket|link_0|link_1|link_2|link_3
0.0675,-0.26,-0.06,True,True,True,True,True,True,True,True,True,-0.02095983177423477,0.041615810261312926,basket|link_0|link_1|link_2|link_3
0.0675,-0.27999999999999997,-0.06,True,True,True,True,True,True,True,True,True,-0.02095983177423477,0.07018012237165823,basket|link_0|link_1|link_2|link_3
0.0675,-0.3,-0.06,True,True,True,True,True,True,True,True,True,-0.02095983177423477,0.0138543673525139,basket|link_0|link_1|link_2|link_3
0.0675,-0.31999999999999995,-0.06,True,True,True,True,True,True,True,True,True,-0.013416588306427002,0.025068248632584254,basket|link_0|link_1|link_2|link_3
0.0675,-0.33999999999999997,-0.06,False,False,True,False,False,True,False,False,True,0.00657905638217926,1.4901161193847656e-08,basket|link_0|link_1|link_2|link_3
0.0675,-0.36,-0.06,False,False,True,False,False,True,False,False,True,,1.4901161193847656e-08,link_1|link_2|link_3
0.0675,-0.38,-0.06,False,False,True,False,False,True,False,False,True,,1.4901161193847656e-08,link_1|link_2|link_3
0.0675,-0.39999999999999997,-0.06,False,False,True,False,False,True,False,False,True,,1.4901161193847656e-08,link_1|link_2|link_3
0.0675,-0.42,-0.06,False,False,True,False,False,True,False,False,True,,1.4901161193847656e-08,link_1|link_2|link_3
0.0675,0.42,-0.08000000000000002,False,False,True,False,False,True,False,False,True,,1.4901161193847656e-08,link_1|link_2|link_3
0.0675,0.4000000000000001,-0.08000000000000002,False,False,True,False,False,True,False,False,True,,1.4901161193847656e-08,link_1|link_2|link_3
0.0675,0.38000000000000006,-0.08000000000000002,False,False,True,False,False,True,False,False,True,,1.4901161193847656e-08,link_1|link_2|link_3
0.0675,0.36000000000000004,-0.08000000000000002,False,False,True,False,False,True,False,False,True,,1.4901161193847656e-08,link_1|link_2|link_3
0.0675,0.34,-0.08000000000000002,False,False,True,False,False,True,False,False,True,0.004430562257766724,1.4901161193847656e-08,basket|link_0|link_1|link_2|link_3
0.0675,0.32,-0.08000000000000002,True,True,True,True,True,True,True,True,True,-0.015396416187286377,0.030343701516864947,basket|link_0|link_1|link_2|link_3
0.0675,0.3,-0.08000000000000002,True,True,True,True,True,True,True,True,True,-0.020959891378879547,0.015147437733800067,basket|link_0|link_1|link_2|link_3
0.0675,0.2800000000000001,-0.08000000000000002,True,True,True,True,True,True,True,True,True,-0.020959891378879547,0.04066127051411834,basket|link_0|link_1|link_2|link_3
0.0675,0.26000000000000006,-0.08000000000000002,True,True,True,True,True,True,True,True,True,-0.020959891378879547,0.014021805676233281,basket|link_0|link_1|link_2|link_3
0.0675,0.24000000000000005,-0.08000000000000002,True,True,True,True,True,True,True,True,True,-0.020959891378879547,0.01882680441391164,basket|link_0|link_1|link_2|link_3
0.0675,0.22000000000000003,-0.08000000000000002,True,True,True,True,True,True,True,True,True,-0.020959891378879547,0.007185501325037257,basket|link_0|link_1|link_2|link_3
0.0675,0.2,-0.08000000000000002,True,True,True,True,True,True,True,True,True,-0.020959891378879547,0.01012556141418949,basket|link_0|link_1|link_2|link_3
0.0675,0.18,-0.08000000000000002,True,True,True,True,True,True,True,True,True,-0.03144054114818573,0.01175045168513458,basket|link_0|link_1|link_2|link_3
0.0675,0.15999999999999998,-0.08000000000000002,True,True,True,True,True,True,True,True,True,-0.037114523351192474,0.008772327979414124,basket|link_0|link_1|link_2|link_3
0.0675,0.14000000000000007,-0.08000000000000002,True,True,True,True,True,True,True,True,True,-0.03650829941034317,0.0032092546654823467,basket|link_0|link_1|link_2|link_3
0.0675,0.12000000000000005,-0.08000000000000002,True,True,True,True,True,True,True,True,True,-0.03650829941034317,0.007698916430277054,basket|link_0|link_1|link_2|link_3
0.0675,0.10000000000000003,-0.08000000000000002,True,True,True,True,True,True,True,True,True,-0.031472332775592804,0.004616143538486349,basket|link_0|link_1|link_2|link_3
0.0675,0.08000000000000002,-0.08000000000000002,True,True,True,True,True,True,True,True,True,-0.020959891378879547,0.008979391649588005,basket|link_0|link_1|link_2|link_3
0.0675,0.06,-0.08000000000000002,True,True,True,True,True,True,True,True,True,-0.020959891378879547,0.010030104471012278,basket|link_0|link_1|link_2|link_3
0.0675,0.040000000000000036,-0.08000000000000002,True,True,True,True,True,True,True,True,True,-0.026136046275496483,0.011299458057717291,basket|link_0|link_1|link_2|link_3
0.0675,0.020000000000000018,-0.08000000000000002,True,True,True,True,True,True,True,True,True,-0.03701994568109512,0.01201542035462746,basket|link_0|link_1|link_2|link_3
0.0675,0.0,-0.08000000000000002,True,True,True,True,True,True,True,True,True,-0.03650832921266556,0.0172138125063871,basket|link_0|link_1|link_2|link_3
0.0675,-0.019999999999999962,-0.08000000000000002,True,True,True,True,True,True,True,True,True,-0.03650832921266556,0.008035112665912695,basket|link_0|link_1|link_2|link_3
0.0675,-0.03999999999999998,-0.08000000000000002,True,True,True,True,True,True,True,True,True,-0.03686104714870453,0.005055160708660531,basket|link_0|link_1|link_2|link_3
0.0675,-0.06,-0.08000000000000002,True,True,True,True,True,True,True,True,True,-0.020959876477718353,0.009573863885565472,basket|link_0|link_1|link_2|link_3
0.0675,-0.07999999999999996,-0.08000000000000002,True,True,True,True,True,True,True,True,True,-0.020959876477718353,0.011090667448605433,basket|link_0|link_1|link_2|link_3
0.0675,-0.09999999999999998,-0.08000000000000002,True,True,True,True,True,True,True,True,True,-0.02132502943277359,0.006661129672988006,basket|link_0|link_1|link_2|link_3
0.0675,-0.12,-0.08000000000000002,True,True,True,True,True,True,True,True,True,-0.021550320088863373,0.011787118558365105,basket|link_0|link_1|link_2|link_3
0.0675,-0.13999999999999996,-0.08000000000000002,True,True,True,True,True,True,True,True,True,-0.023172937333583832,0.0076410349432240385,basket|link_0|link_1|link_2|link_3
0.0675,-0.15999999999999998,-0.08000000000000002,True,True,True,True,True,True,True,True,True,-0.02095986157655716,0.007407958190876867,basket|link_0|link_1|link_2|link_3
0.0675,-0.18,-0.08000000000000002,True,True,True,True,True,True,True,True,True,-0.02095986157655716,0.013187685536066973,basket|link_0|link_1|link_2|link_3
0.0675,-0.19999999999999998,-0.08000000000000002,True,True,True,True,True,True,True,True,True,-0.02095986157655716,0.014984563802170713,basket|link_0|link_1|link_2|link_3
0.0675,-0.21999999999999997,-0.08000000000000002,True,True,True,True,True,True,True,True,True,-0.02095986157655716,0.012591965411724092,basket|link_0|link_1|link_2|link_3
0.0675,-0.24,-0.08000000000000002,True,True,True,True,True,True,True,True,True,-0.02095986157655716,0.018384133061080173,basket|link_0|link_1|link_2|link_3
0.0675,-0.26,-0.08000000000000002,True,True,True,True,True,True,True,True,True,-0.02095986157655716,0.041890423133027495,basket|link_0|link_1|link_2|link_3
0.0675,-0.27999999999999997,-0.08000000000000002,True,True,True,True,True,True,True,True,True,-0.020959846675395966,0.0744985228472487,basket|link_0|link_1|link_2|link_3
0.0675,-0.3,-0.08000000000000002,True,True,True,True,True,True,True,True,True,-0.020959846675395966,0.010294705486660257,basket|link_0|link_1|link_2|link_3
0.0675,-0.31999999999999995,-0.08000000000000002,True,True,True,True,True,True,True,True,True,-0.013416588306427002,0.019038537747673712,basket|link_0|link_1|link_2|link_3
0.0675,-0.33999999999999997,-0.08000000000000002,False,False,True,False,False,True,False,False,True,0.0065818727016448975,1.4901161193847656e-08,basket|link_0|link_1|link_2|link_3
0.0675,-0.36,-0.08000000000000002,False,False,True,False,False,True,False,False,True,,1.4901161193847656e-08,link_1|link_2|link_3
0.0675,-0.38,-0.08000000000000002,False,False,True,False,False,True,False,False,True,,1.4901161193847656e-08,link_1|link_2|link_3
0.0675,-0.39999999999999997,-0.08000000000000002,False,False,True,False,False,True,False,False,True,,1.4901161193847656e-08,link_1|link_2|link_3
0.0675,-0.42,-0.08000000000000002,False,False,True,False,False,True,False,False,True,,1.4901161193847656e-08,link_1|link_2|link_3
0.0675,0.42,-0.10000000000000003,False,False,True,False,False,True,False,False,True,,1.5017576543430167e-08,link_1|link_2|link_3
0.0675,0.4000000000000001,-0.10000000000000003,False,False,True,False,False,True,False,False,True,,1.5017576543430167e-08,link_1|link_2|link_3
0.0675,0.38000000000000006,-0.10000000000000003,False,False,True,False,False,True,False,False,True,,1.5017576543430167e-08,link_1|link_2|link_3
0.0675,0.36000000000000004,-0.10000000000000003,False,False,True,False,False,True,False,False,True,,1.5017576543430167e-08,link_1|link_2|link_3
0.0675,0.34,-0.10000000000000003,False,False,True,False,False,True,False,False,True,0.004430562257766724,1.5017576543430167e-08,basket|link_0|link_1|link_2|link_3
0.0675,0.32,-0.10000000000000003,True,True,True,True,True,True,True,True,True,-0.015396416187286377,0.027924548476174427,basket|link_0|link_1|link_2|link_3
0.0675,0.3,-0.10000000000000003,True,True,True,True,True,True,True,True,True,-0.020959891378879547,0.008143286170933009,basket|link_0|link_1|link_2|link_3
0.0675,0.2800000000000001,-0.10000000000000003,True,True,True,True,True,True,True,True,True,-0.020959891378879547,0.01751503875946889,basket|link_0|link_1|link_2|link_3
0.0675,0.26000000000000006,-0.10000000000000003,True,True,True,True,True,True,True,True,True,-0.020959891378879547,0.015365885616807552,basket|link_0|link_1|link_2|link_3
0.0675,0.24000000000000005,-0.10000000000000003,True,True,True,True,True,True,True,True,True,-0.020959891378879547,0.013585301138694003,basket|link_0|link_1|link_2|link_3
0.0675,0.22000000000000003,-0.10000000000000003,True,True,True,True,True,True,True,True,True,-0.020959891378879547,0.011018881421043077,basket|link_0|link_1|link_2|link_3
0.0675,0.2,-0.10000000000000003,True,True,True,True,True,True,True,True,True,-0.020959891378879547,0.004712178501874943,basket|link_0|link_1|link_2|link_3
0.0675,0.18,-0.10000000000000003,True,True,True,True,True,True,True,True,True,-0.03265422582626343,0.010308654567426977,basket|link_0|link_1|link_2|link_3
0.0675,0.15999999999999998,-0.10000000000000003,True,True,True,True,True,True,True,True,True,-0.03366144001483917,0.007729928764925737,basket|link_0|link_1|link_2|link_3
0.0675,0.14000000000000007,-0.10000000000000003,True,True,True,True,True,True,True,True,True,-0.027187272906303406,0.005211261752808325,basket|link_0|link_1|link_2|link_3
0.0675,0.12000000000000005,-0.10000000000000003,True,True,True,True,True,True,True,True,True,-0.02705220878124237,0.009033758154272455,basket|link_0|link_1|link_2|link_3
0.0675,0.10000000000000003,-0.10000000000000003,True,True,True,True,True,True,True,True,True,-0.02667035162448883,0.009556104377608385,basket|link_0|link_1|link_2|link_3
0.0675,0.08000000000000002,-0.10000000000000003,True,True,True,True,True,True,True,True,True,-0.020959891378879547,0.008845810962546706,basket|link_0|link_1|link_2|link_3
0.0675,0.06,-0.10000000000000003,True,True,True,True,True,True,True,True,True,-0.020959891378879547,0.010984108227258071,basket|link_0|link_1|link_2|link_3
0.0675,0.040000000000000036,-0.10000000000000003,True,True,True,True,True,True,True,True,True,-0.027349738404154778,0.010457792292189698,basket|link_0|link_1|link_2|link_3
0.0675,0.020000000000000018,-0.10000000000000003,True,True,True,True,True,True,True,True,True,-0.03236430883407593,0.011786740573560552,basket|link_0|link_1|link_2|link_3
0.0675,0.0,-0.10000000000000003,True,True,True,True,True,True,True,True,True,-0.029982328414916992,0.008090638216964569,basket|link_0|link_1|link_2|link_3
0.0675,-0.019999999999999962,-0.10000000000000003,True,True,True,True,True,True,True,True,True,-0.029158130288124084,0.002718653505542249,basket|link_0|link_1|link_2|link_3
0.0675,-0.03999999999999998,-0.10000000000000003,True,True,True,True,True,True,True,True,True,-0.028055429458618164,0.010162363080248128,basket|link_0|link_1|link_2|link_3
0.0675,-0.06,-0.10000000000000003,True,True,True,True,True,True,True,True,True,-0.020959876477718353,0.010113227259746884,basket|link_0|link_1|link_2|link_3
0.0675,-0.07999999999999996,-0.10000000000000003,True,True,True,True,True,True,True,True,True,-0.020959876477718353,0.012798177159298856,basket|link_0|link_1|link_2|link_3
0.0675,-0.09999999999999998,-0.10000000000000003,True,True,True,True,True,True,True,True,True,-0.020959876477718353,0.005736937468491033,basket|link_0|link_1|link_2|link_3
0.0675,-0.12,-0.10000000000000003,True,True,True,True,True,True,True,True,True,-0.020959876477718353,0.010769970141283104,basket|link_0|link_1|link_2|link_3
0.0675,-0.13999999999999996,-0.10000000000000003,True,True,True,True,True,True,True,True,True,-0.020959876477718353,0.012190020577696612,basket|link_0|link_1|link_2|link_3
0.0675,-0.15999999999999998,-0.10000000000000003,True,True,True,True,True,True,True,True,True,-0.02095986157655716,0.008871875434754529,basket|link_0|link_1|link_2|link_3
0.0675,-0.18,-0.10000000000000003,True,True,True,True,True,True,True,True,True,-0.02095986157655716,0.008463354768437998,basket|link_0|link_1|link_2|link_3
0.0675,-0.19999999999999998,-0.10000000000000003,True,True,True,True,True,True,True,True,True,-0.02095986157655716,0.0175762280241748,basket|link_0|link_1|link_2|link_3
0.0675,-0.21999999999999997,-0.10000000000000003,True,True,True,True,True,True,True,True,True,-0.02095986157655716,0.011640809073703023,basket|link_0|link_1|link_2|link_3
0.0675,-0.24,-0.10000000000000003,True,True,True,True,True,True,True,True,True,-0.02095986157655716,0.012388035302924658,basket|link_0|link_1|link_2|link_3
0.0675,-0.26,-0.10000000000000003,True,True,True,True,True,True,True,True,True,-0.02095986157655716,0.04075191802352815,basket|link_0|link_1|link_2|link_3
0.0675,-0.27999999999999997,-0.10000000000000003,True,True,True,True,True,True,True,True,True,-0.020959846675395966,0.08893828009315587,basket|link_0|link_1|link_2|link_3
0.0675,-0.3,-0.10000000000000003,True,True,True,True,True,True,True,True,True,-0.020959846675395966,0.021062425155957038,basket|link_0|link_1|link_2|link_3
0.0675,-0.31999999999999995,-0.10000000000000003,True,True,True,True,True,True,True,True,True,-0.013416588306427002,0.0339702626337959,basket|link_0|link_1|link_2|link_3
0.0675,-0.33999999999999997,-0.10000000000000003,False,False,True,False,False,True,False,False,True,0.006583452224731445,1.5017576543430167e-08,basket|link_0|link_1|link_2|link_3
0.0675,-0.36,-0.10000000000000003,False,False,True,False,False,True,False,False,True,,1.5017576543430167e-08,link_1|link_2|link_3
0.0675,-0.38,-0.10000000000000003,False,False,True,False,False,True,False,False,True,,1.5017576543430167e-08,link_1|link_2|link_3
0.0675,-0.39999999999999997,-0.10000000000000003,False,False,True,False,False,True,False,False,True,,1.5017576543430167e-08,link_1|link_2|link_3
0.0675,-0.42,-0.10000000000000003,False,False,True,False,False,True,False,False,True,,1.5017576543430167e-08,link_1|link_2|link_3
0.0675,0.42,-0.12000000000000002,False,False,True,False,False,True,False,False,True,,1.4901161193847656e-08,link_1|link_2|link_3
0.0675,0.4000000000000001,-0.12000000000000002,False,False,True,False,False,True,False,False,True,,1.4901161193847656e-08,link_1|link_2|link_3
0.0675,0.38000000000000006,-0.12000000000000002,False,False,True,False,False,True,False,False,True,,1.4901161193847656e-08,link_1|link_2|link_3
0.0675,0.36000000000000004,-0.12000000000000002,False,False,True,False,False,True,False,False,True,,1.4901161193847656e-08,link_1|link_2|link_3
0.0675,0.34,-0.12000000000000002,False,False,True,False,False,True,False,False,True,0.004430562257766724,1.4901161193847656e-08,basket|link_0|link_1|link_2|link_3
0.0675,0.32,-0.12000000000000002,True,True,True,True,True,True,True,True,True,-0.015396416187286377,0.03614031590597081,basket|link_0|link_1|link_2|link_3
0.0675,0.3,-0.12000000000000002,True,True,True,True,True,True,True,True,True,-0.02095990628004074,0.026956032097698743,basket|link_0|link_1|link_2|link_3
0.0675,0.2800000000000001,-0.12000000000000002,True,True,True,True,True,True,True,True,True,-0.020959891378879547,0.05173888953682906,basket|link_0|link_1|link_2|link_3
0.0675,0.26000000000000006,-0.12000000000000002,True,True,True,True,True,True,True,True,True,-0.020959891378879547,0.04501218337191431,basket|link_0|link_1|link_2|link_3
0.0675,0.24000000000000005,-0.12000000000000002,True,True,True,True,True,True,True,True,True,-0.020959891378879547,0.013235180556690694,basket|link_0|link_1|link_2|link_3
0.0675,0.22000000000000003,-0.12000000000000002,True,True,True,True,True,True,True,True,True,-0.020959891378879547,0.0046188653251631765,basket|link_0|link_1|link_2|link_3
0.0675,0.2,-0.12000000000000002,True,True,True,True,True,True,True,True,True,-0.020959891378879547,0.008202247150786941,basket|link_0|link_1|link_2|link_3
0.0675,0.18,-0.12000000000000002,True,True,True,True,True,True,True,True,True,-0.020959891378879547,0.015269429676690848,basket|link_0|link_1|link_2|link_3
0.0675,0.15999999999999998,-0.12000000000000002,True,True,True,True,True,True,True,True,True,-0.020959876477718353,0.014482617726002534,basket|link_0|link_1|link_2|link_3
0.0675,0.14000000000000007,-0.12000000000000002,True,True,True,True,True,True,True,True,True,-0.020959876477718353,0.012096331484102307,basket|link_0|link_1|link_2|link_3
0.0675,0.12000000000000005,-0.12000000000000002,True,True,True,True,True,True,True,True,True,-0.020959876477718353,0.011664701203198478,basket|link_0|link_1|link_2|link_3
0.0675,0.10000000000000003,-0.12000000000000002,True,True,True,True,True,True,True,True,True,-0.020959876477718353,0.013638974297045395,basket|link_0|link_1|link_2|link_3
0.0675,0.08000000000000002,-0.12000000000000002,True,True,True,True,True,True,True,True,True,-0.020959891378879547,0.014869043415005945,basket|link_0|link_1|link_2|link_3
0.0675,0.06,-0.12000000000000002,True,True,True,True,True,True,True,True,True,-0.020959891378879547,0.015016214055658627,basket|link_0|link_1|link_2|link_3
0.0675,0.040000000000000036,-0.12000000000000002,True,True,True,True,True,True,True,True,True,-0.020959891378879547,0.011674970891076724,basket|link_0|link_1|link_2|link_3
0.0675,0.020000000000000018,-0.12000000000000002,True,True,True,True,True,True,True,True,True,-0.020959891378879547,0.019682450712682032,basket|link_0|link_1|link_2|link_3
0.0675,0.0,-0.12000000000000002,True,True,True,True,True,True,True,True,True,-0.020959891378879547,0.015039746412095361,basket|link_0|link_1|link_2|link_3
0.0675,-0.019999999999999962,-0.12000000000000002,True,True,True,True,True,True,True,True,True,-0.020959891378879547,0.013964077916707758,basket|link_0|link_1|link_2|link_3
0.0675,-0.03999999999999998,-0.12000000000000002,True,True,True,True,True,True,True,True,True,-0.020959876477718353,0.024848308241974648,basket|link_0|link_1|link_2|link_3
0.0675,-0.06,-0.12000000000000002,True,True,True,True,True,True,True,True,True,-0.020959876477718353,0.021727659847084576,basket|link_0|link_1|link_2|link_3
0.0675,-0.07999999999999996,-0.12000000000000002,True,True,True,True,True,True,True,True,True,-0.020959876477718353,0.02042934054774802,basket|link_0|link_1|link_2
0.0675,-0.09999999999999998,-0.12000000000000002,True,True,True,True,True,True,True,True,True,-0.020959876477718353,0.01661109121058205,basket|link_0|link_1|link_2
0.0675,-0.12,-0.12000000000000002,True,True,True,True,True,True,True,True,True,-0.020959876477718353,0.008459535844257748,basket|link_0|link_1|link_2
0.0675,-0.13999999999999996,-0.12000000000000002,True,True,True,True,True,True,True,True,True,-0.020959876477718353,0.010184946993825895,basket|link_0|link_1|link_2
0.0675,-0.15999999999999998,-0.12000000000000002,True,True,True,True,True,True,True,True,True,-0.020959876477718353,0.01293636455997232,basket|link_0|link_1|link_2
0.0675,-0.18,-0.12000000000000002,True,True,True,True,True,True,True,True,True,-0.02095986157655716,0.02053251310075848,basket|link_0|link_1|link_2
0.0675,-0.19999999999999998,-0.12000000000000002,True,True,True,True,True,True,True,True,True,-0.02095986157655716,0.015380873033123096,basket|link_0|link_1|link_2|link_3
0.0675,-0.21999999999999997,-0.12000000000000002,True,True,True,True,True,True,True,True,True,-0.022262997925281525,0.03257849254408555,basket|link_0|link_1|link_2|link_3
0.0675,-0.24,-0.12000000000000002,True,True,True,True,True,True,True,True,True,-0.02226286381483078,0.04890621799225162,basket|link_0|link_1|link_2|link_3
0.0675,-0.26,-0.12000000000000002,True,True,True,True,True,True,True,True,True,-0.022262535989284515,0.07030181049933627,basket|link_0|link_1|link_2|link_3
0.0675,-0.27999999999999997,-0.12000000000000002,True,True,True,True,True,True,True,True,True,-0.02095986157655716,0.04395895409425119,basket|link_0|link_1|link_2|link_3
0.0675,-0.3,-0.12000000000000002,True,True,True,True,True,True,True,True,True,-0.020959846675395966,0.017103394121811694,basket|link_0|link_1|link_2
0.0675,-0.31999999999999995,-0.12000000000000002,True,True,True,True,True,True,True,True,True,-0.013416588306427002,0.010034037791678626,basket|link_0|link_1|link_2
0.0675,-0.33999999999999997,-0.12000000000000002,False,False,True,False,False,True,False,False,True,0.006583452224731445,1.4901161193847656e-08,basket|link_0|link_1|link_2
0.0675,-0.36,-0.12000000000000002,False,False,True,False,False,True,False,False,True,,1.4901161193847656e-08,link_1|link_2
0.0675,-0.38,-0.12000000000000002,False,False,True,False,False,True,False,False,True,,1.4901161193847656e-08,link_1|link_2
0.0675,-0.39999999999999997,-0.12000000000000002,False,False,True,False,False,True,False,False,True,,1.4901161193847656e-08,link_1|link_2
0.0675,-0.42,-0.12000000000000002,False,False,True,False,False,True,False,False,True,,1.4901161193847656e-08,link_1|link_2
0.0675,0.42,-0.14,False,False,True,False,False,True,False,False,True,,1.4901161193847656e-08,link_1|link_2
0.0675,0.4000000000000001,-0.14,False,False,True,False,False,True,False,False,True,,1.4901161193847656e-08,link_1|link_2
0.0675,0.38000000000000006,-0.14,False,False,True,False,False,True,False,False,True,,1.4901161193847656e-08,link_1|link_2
0.0675,0.36000000000000004,-0.14,False,False,True,False,False,True,False,False,True,,1.4901161193847656e-08,link_1|link_2
0.0675,0.34,-0.14,False,False,True,False,False,True,False,False,True,0.004430562257766724,1.4901161193847656e-08,basket|link_0|link_1|link_2|link_3
0.0675,0.32,-0.14,True,True,True,True,True,True,True,True,True,-0.015396416187286377,0.04230688681027315,basket|link_0|link_1|link_2|link_3
0.0675,0.3,-0.14,True,True,True,True,True,True,True,True,True,-0.014054626226425171,0.009240053744144829,basket|link_0|link_1|link_2|link_3
0.0675,0.2800000000000001,-0.14,True,True,True,True,True,True,True,True,True,-0.01583506166934967,0.030683422342917682,basket|link_0|link_1|link_2|link_3
0.0675,0.26000000000000006,-0.14,True,True,True,True,True,True,True,True,True,-0.01591140404343605,0.029050399088917336,basket|link_0|link_1|link_2|link_3
0.0675,0.24000000000000005,-0.14,True,True,True,True,True,True,True,True,True,-0.01930008828639984,0.026287614904242702,basket|link_0|link_1|link_2|link_3
0.0675,0.22000000000000003,-0.14,True,True,True,True,True,True,True,True,True,-0.017568565905094147,0.007129521637712249,basket|link_0|link_1|link_2|link_3
0.0675,0.2,-0.14,True,True,True,True,True,True,True,True,True,-0.02191423624753952,0.0021646853686837003,basket|link_0|link_1|link_2|link_3
0.0675,0.18,-0.14,True,True,True,True,True,True,True,True,True,-0.025407686829566956,0.008803346537998621,basket|link_0|link_1|link_2|link_3
0.0675,0.15999999999999998,-0.14,True,True,True,True,True,True,True,True,True,-0.018662534654140472,0.003919843354115102,basket|link_0|link_1|link_2|link_3
0.0675,0.14000000000000007,-0.14,True,True,True,True,True,True,True,True,True,-0.013629809021949768,0.009204967948808387,basket|link_0|link_1|link_2|link_3
0.0675,0.12000000000000005,-0.14,True,True,True,True,True,True,True,True,True,-0.01570059359073639,0.011078856889765443,basket|link_0|link_1|link_2|link_3
0.0675,0.10000000000000003,-0.14,True,True,True,True,True,True,True,True,True,-0.0170997753739357,0.01219710285394018,basket|link_0|link_1|link_2|link_3
0.0675,0.08000000000000002,-0.14,True,True,True,True,True,True,True,True,True,-0.019569002091884613,0.01260717734716796,basket|link_0|link_1|link_2|link_3
0.0675,0.06,-0.14,True,True,True,True,True,True,True,True,True,-0.0170997753739357,0.016868027313699865,basket|link_0|link_1|link_2|link_3
0.0675,0.040000000000000036,-0.14,True,True,True,True,True,True,True,True,True,-0.0170997753739357,0.010549391318901266,basket|link_0|link_1|link_2|link_3
0.0675,0.020000000000000018,-0.14,True,True,True,True,True,True,True,True,True,-0.0170997753739357,0.012348713098693877,basket|link_0|link_1|link_2|link_3
0.0675,0.0,-0.14,True,True,True,True,True,True,True,True,True,-0.0170997753739357,0.018339544267678247,basket|link_0|link_1|link_2|link_3
0.0675,-0.019999999999999962,-0.14,True,True,True,True,True,True,True,True,True,-0.01761704683303833,0.018182674259548313,basket|link_0|link_1|link_2|link_3
0.0675,-0.03999999999999998,-0.14,True,True,True,True,True,True,True,True,True,-0.018105581402778625,0.013071165311355505,basket|link_0|link_1|link_2|link_3
0.0675,-0.06,-0.14,True,True,True,True,True,True,True,True,True,-0.022263653576374054,0.016248255159656264,basket|link_0|link_1|link_2
0.0675,-0.07999999999999996,-0.14,True,True,True,True,True,True,True,True,True,-0.02226436138153076,0.016638773110342866,basket|link_0|link_1|link_2
0.0675,-0.09999999999999998,-0.14,True,True,True,True,True,True,True,True,True,-0.017099782824516296,0.003549662364377641,basket|link_0|link_1|link_2
0.0675,-0.12,-0.14,True,True,True,True,True,True,True,True,True,-0.017099782824516296,0.00868609213999655,basket|link_0|link_1|link_2
0.0675,-0.13999999999999996,-0.14,True,True,True,True,True,True,True,True,True,-0.017099782824516296,0.011880395262178153,basket|link_0|link_1|link_2
0.0675,-0.15999999999999998,-0.14,True,True,True,True,True,True,True,True,True,-0.017099782824516296,0.0113049905188828,basket|link_0|link_1|link_2
0.0675,-0.18,-0.14,True,True,True,True,True,True,True,True,True,-0.017099782824516296,0.009226144578513035,basket|link_0|link_1|link_2
0.0675,-0.19999999999999998,-0.14,True,True,True,True,True,True,True,True,True,-0.02027258276939392,0.016763778424511284,basket|link_0|link_1|link_2
0.0675,-0.21999999999999997,-0.14,True,True,True,True,True,True,True,True,True,-0.01743607223033905,0.006200118174851339,basket|link_0|link_1|link_2
0.0675,-0.24,-0.14,True,True,True,True,True,True,True,True,True,-0.017099790275096893,0.015023184760332174,basket|link_0|link_1|link_2
0.0675,-0.26,-0.14,True,True,True,True,True,True,True,True,True,-0.017099790275096893,0.03062979351642813,basket|link_0|link_1|link_2
0.0675,-0.27999999999999997,-0.14,True,True,True,True,True,True,True,True,True,-0.017099790275096893,0.05512293487106888,basket|link_0|link_1|link_2
0.0675,-0.3,-0.14,True,True,True,True,True,True,True,True,True,-0.017099790275096893,0.010969677970468255,basket|link_0|link_1|link_2
0.0675,-0.31999999999999995,-0.14,True,True,True,True,True,True,True,True,True,-0.013416588306427002,0.012333967166290559,basket|link_0|link_1|link_2
0.0675,-0.33999999999999997,-0.14,False,False,True,False,False,True,False,False,True,0.006583452224731445,1.4901161193847656e-08,basket|link_0|link_1|link_2
0.0675,-0.36,-0.14,False,False,True,False,False,True,False,False,True,,1.4901161193847656e-08,link_1|link_2
0.0675,-0.38,-0.14,False,False,True,False,False,True,False,False,True,,1.4901161193847656e-08,link_1|link_2
0.0675,-0.39999999999999997,-0.14,False,False,True,False,False,True,False,False,True,,1.4901161193847656e-08,link_1|link_2
0.0675,-0.42,-0.14,False,False,True,False,False,True,False,False,True,,1.4901161193847656e-08,link_1|link_2
0.0675,0.42,-0.16000000000000003,False,False,True,False,False,True,False,False,True,,1.4901161193847656e-08,link_1|link_2
0.0675,0.4000000000000001,-0.16000000000000003,False,False,True,False,False,True,False,False,True,,1.4901161193847656e-08,link_1|link_2
0.0675,0.38000000000000006,-0.16000000000000003,False,False,True,False,False,True,False,False,True,,1.4901161193847656e-08,link_1|link_2
0.0675,0.36000000000000004,-0.16000000000000003,False,False,True,False,False,True,False,False,True,,1.4901161193847656e-08,link_1|link_2
0.0675,0.34,-0.16000000000000003,False,False,True,False,False,True,False,False,True,0.00460362434387207,1.4901161193847656e-08,basket|link_0|link_1|link_2
0.0675,0.32,-0.16000000000000003,True,True,True,True,True,True,True,True,True,-0.015396416187286377,0.012616369253709058,basket|link_0|link_1|link_2|link_3
0.0675,0.3,-0.16000000000000003,True,True,True,True,True,True,True,True,True,-0.011897653341293335,0.013133009811320259,basket|link_0|link_1|link_2|link_3
0.0675,0.2800000000000001,-0.16000000000000003,True,True,True,True,True,True,True,True,True,-0.01583505980670452,0.04199664234837955,basket|link_0|link_1|link_2|link_3
0.0675,0.26000000000000006,-0.16000000000000003,True,True,True,True,True,True,True,True,True,-0.015911400318145752,0.04462299686019461,basket|link_0|link_1|link_2|link_3
0.0675,0.24000000000000005,-0.16000000000000003,True,True,True,True,True,True,True,True,True,-0.015914730727672577,0.0324272646455753,basket|link_0|link_1|link_2|link_3
0.0675,0.22000000000000003,-0.16000000000000003,True,True,True,True,True,True,True,True,True,-0.015914730727672577,0.01738378799350077,basket|link_0|link_1|link_2|link_3
0.0675,0.2,-0.16000000000000003,True,True,True,True,True,True,True,True,True,-0.015914730727672577,0.010341358825178927,basket|link_0|link_1|link_2|link_3
0.0675,0.18,-0.16000000000000003,True,True,True,True,True,True,True,True,True,-0.015914730727672577,0.006000266815126464,basket|link_0|link_1|link_2|link_3
0.0675,0.15999999999999998,-0.16000000000000003,True,True,True,True,True,True,True,True,True,-0.0158679261803627,0.006975756365459309,basket|link_0|link_1|link_2|link_3
0.0675,0.14000000000000007,-0.16000000000000003,True,True,True,True,True,True,True,True,True,-0.013629809021949768,0.006259272206057275,basket|link_0|link_1|link_2|link_3
0.0675,0.12000000000000005,-0.16000000000000003,True,True,True,True,True,True,True,True,True,-0.01570059359073639,0.014437692285671004,basket|link_0|link_1|link_2|link_3
0.0675,0.10000000000000003,-0.16000000000000003,True,True,True,True,True,True,True,True,True,-0.013284318149089813,0.012742232247959428,basket|link_0|link_1|link_2|link_3
0.0675,0.08000000000000002,-0.16000000000000003,True,True,True,True,True,True,True,True,True,-0.011789396405220032,0.013634106420788654,basket|link_0|link_1|link_2|link_3
0.0675,0.06,-0.16000000000000003,True,True,True,True,True,True,True,True,True,-0.011109046638011932,0.01716259326000116,basket|link_0|link_1|link_2|link_3
0.0675,0.040000000000000036,-0.16000000000000003,True,True,True,True,True,True,True,True,True,-0.011109046638011932,0.011464851489931713,basket|link_0|link_1|link_2|link_3
0.0675,0.020000000000000018,-0.16000000000000003,True,True,True,True,True,True,True,True,True,-0.011109046638011932,0.011587080299350062,basket|link_0|link_1|link_2|link_3
0.0675,0.0,-0.16000000000000003,True,True,True,True,True,True,True,True,True,-0.01110905408859253,0.011502342322125506,basket|link_0|link_1|link_2|link_3
0.0675,-0.019999999999999962,-0.16000000000000003,True,True,True,True,True,True,True,True,True,-0.01110905408859253,0.009813859654368604,basket|link_0|link_1|link_2|link_3
0.0675,-0.03999999999999998,-0.16000000000000003,True,True,True,True,True,True,True,True,True,-0.014748148620128632,0.010395547167886123,basket|link_0|link_1|link_2|link_3
0.0675,-0.06,-0.16000000000000003,True,True,True,True,True,True,True,True,True,-0.017093919217586517,0.008159963213306545,basket|link_0|link_1|link_2|link_3
0.0675,-0.07999999999999996,-0.16000000000000003,True,True,True,True,True,True,True,True,True,-0.017161555588245392,0.009569036436553487,basket|link_0|link_1|link_2|link_3
0.0675,-0.09999999999999998,-0.16000000000000003,True,True,True,True,True,True,True,True,True,-0.015632621943950653,0.0057261948008301795,basket|link_0|link_1|link_2|link_3
0.0675,-0.12,-0.16000000000000003,True,True,True,True,True,True,True,True,True,-0.011108972132205963,0.005560892106816758,basket|link_0|link_1|link_2|link_3
0.0675,-0.13999999999999996,-0.16000000000000003,True,True,True,True,True,True,True,True,True,-0.015811055898666382,0.006482957131716641,basket|link_0|link_1|link_2|link_3
0.0675,-0.15999999999999998,-0.16000000000000003,True,True,True,True,True,True,True,True,True,-0.015887398272752762,0.006719958539204151,basket|link_0|link_1|link_2|link_3
0.0675,-0.18,-0.16000000000000003,True,True,True,True,True,True,True,True,True,-0.016255691647529602,0.010041667784828151,basket|link_0|link_1|link_2|link_3
0.0675,-0.19999999999999998,-0.16000000000000003,True,True,True,True,True,True,True,True,True,-0.02156078815460205,0.00790853116001578,basket|link_0|link_1|link_2|link_3
0.0675,-0.21999999999999997,-0.16000000000000003,True,True,True,True,True,True,True,True,True,-0.01867823302745819,0.006345253398663936,basket|link_0|link_1|link_2|link_3
0.0675,-0.24,-0.16000000000000003,True,True,True,True,True,True,True,True,True,-0.015914782881736755,0.00985503334404912,basket|link_0|link_1|link_2|link_3
0.0675,-0.26,-0.16000000000000003,True,True,True,True,True,True,True,True,True,-0.015898453071713448,0.03463906103079838,basket|link_0|link_1|link_2|link_3
0.0675,-0.27999999999999997,-0.16000000000000003,True,True,True,True,True,True,True,True,True,-0.015801722183823586,0.037298961577577595,basket|link_0|link_1|link_2|link_3
0.0675,-0.3,-0.16000000000000003,True,True,True,True,True,True,True,True,True,-0.011022429913282394,0.014044168549572569,basket|link_0|link_1|link_2|link_3
0.0675,-0.31999999999999995,-0.16000000000000003,True,True,True,True,True,True,True,True,True,-0.013071060180664062,0.01607758855834744,basket|link_0|link_1|link_2|link_3
0.0675,-0.33999999999999997,-0.16000000000000003,False,False,True,False,False,True,False,False,True,0.006578400731086731,1.4901161193847656e-08,basket|link_0|link_1|link_2|link_3
0.0675,-0.36,-0.16000000000000003,False,False,True,False,False,True,False,False,True,,1.4901161193847656e-08,link_1|link_2|link_3
0.0675,-0.38,-0.16000000000000003,False,False,True,False,False,True,False,False,True,,1.4901161193847656e-08,link_1|link_2|link_3
0.0675,-0.39999999999999997,-0.16000000000000003,False,False,True,False,False,True,False,False,True,,1.4901161193847656e-08,link_1|link_2|link_3
0.0675,-0.42,-0.16000000000000003,False,False,True,False,False,True,False,False,True,,1.4901161193847656e-08,link_1|link_2|link_3
0.0675,0.42,-0.18000000000000002,False,False,True,False,False,True,False,False,True,,1.4901161193847656e-08,link_1|link_2|link_3
0.0675,0.4000000000000001,-0.18000000000000002,False,False,True,False,False,True,False,False,True,,1.4901161193847656e-08,link_1|link_2|link_3
0.0675,0.38000000000000006,-0.18000000000000002,False,False,True,False,False,True,False,False,True,,1.4901161193847656e-08,link_1|link_2|link_3
0.0675,0.36000000000000004,-0.18000000000000002,False,False,True,False,False,True,False,False,True,,1.4901161193847656e-08,link_1|link_2|link_3
0.0675,0.34,-0.18000000000000002,False,False,True,False,False,True,False,False,True,0.008840411901473999,1.4901161193847656e-08,basket|link_0|link_1|link_2|link_3
0.0675,0.32,-0.18000000000000002,True,True,True,True,False,False,True,True,True,-0.0002497434616088867,7.229950662294757e-05,basket|link_0|link_1|link_2|link_3
0.0675,0.3,-0.18000000000000002,True,True,True,True,True,True,True,True,True,-0.009388208389282227,0.007450511468957793,basket|link_0|link_1|link_2|link_3
0.0675,0.2800000000000001,-0.18000000000000002,True,True,True,True,True,True,True,True,True,-0.010907717049121857,0.028290504777073625,basket|link_0|link_1|link_2|link_3
0.0675,0.26000000000000006,-0.18000000000000002,True,True,True,True,True,True,True,True,True,-0.011027896776795387,0.010964082960169347,basket|link_0|link_1|link_2|link_3
0.0675,0.24000000000000005,-0.18000000000000002,True,True,True,True,True,True,True,True,True,-0.011087115854024887,0.012250753054888389,basket|link_0|link_1|link_2|link_3
0.0675,0.22000000000000003,-0.18000000000000002,True,True,True,True,True,True,True,True,True,-0.01110895723104477,0.04382125379834028,basket|link_0|link_1|link_2|link_3
0.0675,0.2,-0.18000000000000002,True,True,True,True,True,True,True,True,True,-0.011108964681625366,0.003932307150337973,basket|link_0|link_1|link_2|link_3
0.0675,0.18,-0.18000000000000002,True,True,True,True,True,True,True,True,True,-0.011108964681625366,0.00833926029793918,basket|link_0|link_1|link_2|link_3
0.0675,0.15999999999999998,-0.18000000000000002,True,True,True,True,True,True,True,True,True,-0.011108964681625366,0.008265551307182777,basket|link_0|link_1|link_2|link_3
0.0675,0.14000000000000007,-0.18000000000000002,True,True,True,True,True,True,True,True,True,-0.011108964681625366,0.007691630399014508,basket|link_0|link_1|link_2|link_3
0.0675,0.12000000000000005,-0.18000000000000002,True,True,True,True,True,True,True,True,True,-0.012466587126255035,0.011832151090129105,basket|link_0|link_1|link_2|link_3
0.0675,0.10000000000000003,-0.18000000000000002,True,True,True,True,True,True,True,True,True,-0.013284310698509216,0.012760408412910214,basket|link_0|link_1|link_2|link_3
0.0675,0.08000000000000002,-0.18000000000000002,True,True,True,True,True,True,True,True,True,-0.01178944855928421,0.009794523206615205,basket|link_0|link_1|link_2|link_3
0.0675,0.06,-0.18000000000000002,True,True,True,True,True,True,True,True,True,-0.011109046638011932,0.010124965985114559,basket|link_0|link_1|link_2|link_3
0.0675,0.040000000000000036,-0.18000000000000002,True,True,True,True,True,True,True,True,True,-0.011109046638011932,0.011390438940236768,basket|link_0|link_1|link_2|link_3
0.0675,0.020000000000000018,-0.18000000000000002,True,True,True,True,True,True,True,True,True,-0.013271912932395935,0.012389670963780656,basket|link_0|link_1|link_2|link_3
0.0675,0.0,-0.18000000000000002,True,True,True,True,True,True,True,True,True,-0.01110905408859253,0.013743593940929947,basket|link_0|link_1|link_2|link_3
0.0675,-0.019999999999999962,-0.18000000000000002,True,True,True,True,True,True,True,True,True,-0.015234984457492828,0.009754598556506788,basket|link_0|link_1|link_2|link_3
0.0675,-0.03999999999999998,-0.18000000000000002,True,True,True,True,True,True,True,True,True,-0.0129212886095047,0.010043268889504199,basket|link_0|link_1|link_2|link_3
0.0675,-0.06,-0.18000000000000002,True,True,True,True,True,True,True,True,True,-0.017093904316425323,0.007828906821675651,basket|link_0|link_1|link_2|link_3
0.0675,-0.07999999999999996,-0.18000000000000002,True,True,True,True,True,True,True,True,True,-0.02534366399049759,0.004691152102871663,basket|link_0|link_1|link_2|link_3
0.0675,-0.09999999999999998,-0.18000000000000002,True,True,True,True,True,True,True,True,True,-0.03339383006095886,0.006735931433268342,basket|link_0|link_1|link_2|link_3
0.0675,-0.12,-0.18000000000000002,True,True,True,True,True,True,True,True,True,-0.03337068855762482,0.01137161673180065,basket|link_0|link_1|link_2|link_3
0.0675,-0.13999999999999996,-0.18000000000000002,True,True,True,True,True,True,True,True,True,-0.01940809190273285,0.005679188801804619,basket|link_0|link_1|link_2|link_3
0.0675,-0.15999999999999998,-0.18000000000000002,True,True,True,True,True,True,True,True,True,-0.015598446130752563,0.014296189411897624,basket|link_0|link_1|link_2|link_3
0.0675,-0.18,-0.18000000000000002,True,True,True,True,True,True,True,True,True,-0.016255736351013184,0.010517418345631878,basket|link_0|link_1|link_2|link_3
0.0675,-0.19999999999999998,-0.18000000000000002,True,True,True,True,True,True,True,True,True,-0.021828502416610718,0.0054526451174214206,basket|link_0|link_1|link_2|link_3
0.0675,-0.21999999999999997,-0.18000000000000002,True,True,True,True,True,True,True,True,True,-0.018824167549610138,0.008605663566547645,basket|link_0|link_1|link_2|link_3
0.0675,-0.24,-0.18000000000000002,True,True,True,True,True,True,True,True,True,-0.011251188814640045,0.01444248784495708,basket|link_0|link_1|link_2|link_3
0.0675,-0.26,-0.18000000000000002,True,True,True,True,True,True,True,True,True,-0.011027942411601543,0.01646252282345531,basket|link_0|link_1|link_2|link_3
0.0675,-0.27999999999999997,-0.18000000000000002,True,True,True,True,True,True,True,True,True,-0.010897219181060791,0.01697275952555086,basket|link_0|link_1|link_2|link_3
0.0675,-0.3,-0.18000000000000002,True,True,True,True,True,True,True,True,True,-0.011022422462701797,0.017481845387079194,basket|link_0|link_1|link_2|link_3
0.0675,-0.31999999999999995,-0.18000000000000002,True,True,True,False,True,False,True,True,True,-0.0038007795810699463,0.0037079114869513086,basket|link_0|link_1|link_2|link_3
0.0675,-0.33999999999999997,-0.18000000000000002,False,False,True,False,False,True,False,False,True,0.0066229552030563354,1.4901161193847656e-08,basket|link_0|link_1|link_2|link_3
0.0675,-0.36,-0.18000000000000002,False,False,True,False,False,True,False,False,True,,1.4901161193847656e-08,link_1|link_2|link_3
0.0675,-0.38,-0.18000000000000002,False,False,True,False,False,True,False,False,True,,1.4901161193847656e-08,link_1|link_2
0.0675,-0.39999999999999997,-0.18000000000000002,False,False,True,False,False,True,False,False,True,,1.4901161193847656e-08,link_1|link_2|link_3
0.0675,-0.42,-0.18000000000000002,False,False,True,False,False,True,False,False,True,,1.4901161193847656e-08,link_1|link_2|link_3
0.0675,0.42,-0.2,False,False,True,False,False,True,False,False,True,,1.4901161193847656e-08,link_1|link_2|link_3
0.0675,0.4000000000000001,-0.2,False,False,True,False,False,True,False,False,True,,1.4901161193847656e-08,link_1|link_2|link_3
0.0675,0.38000000000000006,-0.2,False,False,True,False,False,True,False,False,True,,1.4901161193847656e-08,link_1|link_2|link_3
0.0675,0.36000000000000004,-0.2,False,False,True,False,False,True,False,False,True,,1.4901161193847656e-08,link_1|link_2|link_3
0.0675,0.34,-0.2,False,False,True,False,False,True,False,False,True,0.006203979253768921,1.4901161193847656e-08,basket|link_1|link_2|link_3
0.0675,0.32,-0.2,False,True,False,False,True,False,True,False,False,-0.011020898818969727,0.002645486162569196,basket|link_1|link_2|link_3
0.0675,0.3,-0.2,True,True,True,False,True,False,True,True,True,-0.009388208389282227,0.009663151039492944,basket|link_1|link_2|link_3
0.0675,0.2800000000000001,-0.2,True,True,True,False,True,False,True,True,True,-0.01090770959854126,0.026715016485725933,basket|link_1|link_2|link_3
0.0675,0.26000000000000006,-0.2,True,True,True,False,True,False,True,True,True,-0.011005713604390621,0.009575504678933807,basket|link_1|link_2|link_3
0.0675,0.24000000000000005,-0.2,False,True,False,False,True,False,True,True,True,-0.014830432832241058,0.012260912931682372,basket|link_1|link_2|link_3
0.0675,0.22000000000000003,-0.2,False,True,False,False,True,False,True,True,True,-0.016478873789310455,0.01951641187682283,basket|link_1|link_2|link_3
0.0675,0.2,-0.2,True,True,True,False,True,False,True,True,True,-0.0180024653673172,0.011147246019292708,basket|link_1|link_2|link_3
0.0675,0.18,-0.2,True,True,True,True,True,True,True,True,True,-0.019331172108650208,0.008123986124984302,basket|link_1|link_2|link_3
0.0675,0.15999999999999998,-0.2,True,True,True,True,True,True,True,True,True,-0.017267748713493347,0.0016369215556186218,basket|link_1|link_2|link_3
0.0675,0.14000000000000007,-0.2,True,True,True,True,True,True,True,True,True,-0.019186146557331085,0.012328066125227228,basket|link_1|link_2|link_3
0.0675,0.12000000000000005,-0.2,True,True,True,True,True,True,True,True,True,-0.01845746487379074,0.010650266915117728,basket|link_1|link_2|link_3
0.0675,0.10000000000000003,-0.2,True,True,True,True,True,True,True,True,True,-0.018164239823818207,0.011547111625542113,basket|link_1|link_2|link_3
0.0675,0.08000000000000002,-0.2,True,True,True,True,True,True,True,True,True,-0.015935927629470825,0.009132981093531537,basket|link_1|link_2|link_3
0.0675,0.06,-0.2,True,True,True,True,True,True,True,True,True,-0.015060551464557648,0.012599760821466544,basket|link_1|link_2|link_3
0.0675,0.040000000000000036,-0.2,True,True,True,True,True,True,True,True,True,-0.011109046638011932,0.011181408248180006,basket|link_1|link_2|link_3
0.0675,0.020000000000000018,-0.2,True,True,True,True,True,True,True,True,True,-0.019662775099277496,0.01224298180682378,basket|link_1|link_2|link_3
0.0675,0.0,-0.2,True,True,True,True,True,True,True,True,True,-0.012116916477680206,0.009703380611316927,basket|link_1|link_2|link_3
0.0675,-0.019999999999999962,-0.2,True,True,True,True,True,True,True,True,True,-0.01110905408859253,0.010434606428299574,basket|link_1|link_2|link_3
0.0675,-0.03999999999999998,-0.2,True,True,True,True,True,True,True,True,True,-0.01110905408859253,0.009189150076291397,basket|link_1|link_2|link_3
0.0675,-0.06,-0.2,True,True,True,True,True,True,True,True,True,-0.017093893140554428,0.008712794260677913,basket|link_1|link_2|link_3
0.0675,-0.07999999999999996,-0.2,True,True,True,True,True,True,True,True,True,-0.02590654045343399,0.0111471365949285,basket|link_1|link_2
0.0675,-0.09999999999999998,-0.2,True,True,True,True,True,True,True,True,True,-0.03910702466964722,0.010389371855570014,basket|link_1|link_2
0.0675,-0.12,-0.2,True,True,True,True,True,True,True,True,True,-0.039322465658187866,0.014566155740918227,basket|link_1|link_2|link_3
0.0675,-0.13999999999999996,-0.2,True,True,True,True,True,True,True,True,True,-0.026528209447860718,0.005203090186763186,basket|link_1|link_2|link_3
0.0675,-0.15999999999999998,-0.2,True,True,True,True,True,True,True,True,True,-0.01630491018295288,0.006525073454387692,basket|link_1|link_2|link_3
0.0675,-0.18,-0.2,True,True,True,True,True,True,True,True,True,-0.019706428050994873,0.005900503787599409,basket|link_1|link_2|link_3
0.0675,-0.19999999999999998,-0.2,True,True,True,True,True,True,True,True,True,-0.022262774407863617,0.007029263253022351,basket|link_1|link_2|link_3
0.0675,-0.21999999999999997,-0.2,True,True,True,True,True,True,True,True,True,-0.02226291596889496,0.046502990417879295,basket|link_1|link_2|link_3
0.0675,-0.24,-0.2,True,True,True,True,True,True,True,True,True,-0.022262893617153168,0.04269157959484081,basket|link_1|link_2|link_3
0.0675,-0.26,-0.2,True,True,True,True,True,True,True,True,True,-0.022263243794441223,0.033548172012918896,basket|link_1|link_2|link_3
0.0675,-0.27999999999999997,-0.2,True,True,True,True,True,True,True,True,True,-0.02226346731185913,0.022106605708945636,basket|link_1|link_2|link_3
0.0675,-0.3,-0.2,True,True,True,True,True,True,True,True,True,-0.022263385355472565,0.020222526979146234,basket|link_1|link_2|link_3
0.0675,-0.31999999999999995,-0.2,True,True,True,True,True,True,True,True,True,-0.013419628143310547,0.009016110086167156,basket|link_1|link_2|link_3
0.0675,-0.33999999999999997,-0.2,False,False,True,False,False,True,False,False,True,0.00658021867275238,1.4901161193847656e-08,basket|link_1|link_2|link_3
0.0675,-0.36,-0.2,False,False,True,False,False,True,False,False,True,,1.4901161193847656e-08,link_1|link_2|link_3
0.0675,-0.38,-0.2,False,False,True,False,False,True,False,False,True,,1.4901161193847656e-08,link_1|link_2|link_3
0.0675,-0.39999999999999997,-0.2,False,False,True,False,False,True,False,False,True,,1.4901161193847656e-08,link_1|link_2|link_3
0.0675,-0.42,-0.2,False,False,True,False,False,True,False,False,True,,1.4901161193847656e-08,link_1|link_2|link_3
0.0675,0.42,-0.22000000000000003,False,False,True,False,False,True,False,False,True,,1.4901161193847656e-08,link_1|link_2|link_3
0.0675,0.4000000000000001,-0.22000000000000003,False,False,True,False,False,True,False,False,True,,1.4901161193847656e-08,link_1|link_2|link_3
0.0675,0.38000000000000006,-0.22000000000000003,False,False,True,False,False,True,False,False,True,,1.4901161193847656e-08,link_1|link_2|link_3
0.0675,0.36000000000000004,-0.22000000000000003,False,False,True,False,False,True,False,False,True,,1.4901161193847656e-08,link_1|link_2
0.0675,0.34,-0.22000000000000003,False,False,True,False,False,True,False,False,True,0.005633875727653503,1.4901161193847656e-08,basket|link_1|link_2|link_3
0.0675,0.32,-0.22000000000000003,False,True,False,False,True,False,True,True,True,-0.0143660306930542,0.010145307476183313,basket|link_1|link_2|link_3
0.0675,0.3,-0.22000000000000003,False,True,False,False,True,False,True,True,True,-0.02134750783443451,0.019364062980856158,basket|link_1|link_2|link_3
0.0675,0.2800000000000001,-0.22000000000000003,False,True,False,False,True,False,True,True,True,-0.01732432097196579,0.021054999101274376,basket|link_1|link_2|link_3
0.0675,0.26000000000000006,-0.22000000000000003,False,True,False,False,True,False,True,True,True,-0.016382940113544464,0.019002813463923244,basket|link_1|link_2|link_3
0.0675,0.24000000000000005,-0.22000000000000003,False,True,False,False,True,False,True,True,True,-0.012294188141822815,0.012829504981033538,basket|link_1|link_2|link_3
0.0675,0.22000000000000003,-0.22000000000000003,False,True,False,False,True,False,True,True,True,-0.016181334853172302,0.03489415377003333,basket|link_1|link_2|link_3
0.0675,0.2,-0.22000000000000003,False,True,False,False,True,False,True,True,True,-0.026813074946403503,0.02548207671432722,basket|link_1|link_2|link_3
0.0675,0.18,-0.22000000000000003,True,True,True,True,True,True,True,True,True,-0.031185030937194824,0.01415538269484109,basket|link_1|link_2|link_3
0.0675,0.15999999999999998,-0.22000000000000003,True,True,True,True,True,True,True,True,True,-0.03367362916469574,0.006752197971741777,basket|link_1|link_2|link_3
0.0675,0.14000000000000007,-0.22000000000000003,True,True,True,True,True,True,True,True,True,-0.0263073593378067,0.0175354149031066,basket|link_1|link_2|link_3
0.0675,0.12000000000000005,-0.22000000000000003,True,True,True,True,True,True,True,True,True,-0.02574266493320465,0.014839269440443658,basket|link_1|link_2|link_3
0.0675,0.10000000000000003,-0.22000000000000003,True,True,True,True,True,True,True,True,True,-0.026255875825881958,0.01732885611285784,basket|link_1|link_2|link_3
0.0675,0.08000000000000002,-0.22000000000000003,True,True,True,True,True,True,True,True,True,-0.02153533697128296,0.021863869139241363,basket|link_1|link_2|link_3
0.0675,0.06,-0.22000000000000003,True,True,True,True,True,True,True,True,True,-0.022262655198574066,0.0133958726429157,basket|link_1|link_2|link_3
0.0675,0.040000000000000036,-0.22000000000000003,True,True,True,True,True,True,True,True,True,-0.022262677550315857,0.012466766178170004,basket|link_1|link_2|link_3
0.0675,0.020000000000000018,-0.22000000000000003,True,True,True,True,True,True,True,True,True,-0.02226313203573227,0.014049350434061322,basket|link_1|link_2|link_3
0.0675,0.0,-0.22000000000000003,True,True,True,True,True,True,True,True,True,-0.02189105749130249,0.014280501768317485,basket|link_1|link_2|link_3
0.0675,-0.019999999999999962,-0.22000000000000003,True,True,True,True,True,True,True,True,True,-0.018168725073337555,0.007748055945167243,basket|link_1|link_2|link_3
0.0675,-0.03999999999999998,-0.22000000000000003,True,True,True,True,True,True,True,True,True,-0.01167527586221695,0.007450078983197112,basket|link_1|link_2|link_3
0.0675,-0.06,-0.22000000000000003,True,True,True,True,True,True,True,True,True,-0.02226313203573227,0.010723080303134026,basket|link_1|link_2|link_3
0.0675,-0.07999999999999996,-0.22000000000000003,True,True,True,True,True,True,True,True,True,-0.02582823485136032,0.01889741803513533,basket|link_1|link_2|link_3
0.0675,-0.09999999999999998,-0.22000000000000003,True,True,True,True,True,True,True,True,True,-0.035412341356277466,0.018260884446454823,basket|link_1|link_2|link_3
0.0675,-0.12,-0.22000000000000003,True,True,True,True,True,True,True,True,True,-0.039986029267311096,0.016186476362556258,basket|link_1|link_2|link_3
0.0675,-0.13999999999999996,-0.22000000000000003,True,True,True,True,True,True,True,True,True,-0.031186923384666443,0.01677730141883514,basket|link_1|link_2|link_3
0.0675,-0.15999999999999998,-0.22000000000000003,True,True,True,True,True,True,True,True,True,-0.026125356554985046,0.022057618561287684,basket|link_1|link_2|link_3
0.0675,-0.18,-0.22000000000000003,True,True,True,True,True,True,True,True,True,-0.03081105649471283,0.01622169302222586,basket|link_1|link_2|link_3
0.0675,-0.19999999999999998,-0.22000000000000003,True,True,True,True,True,True,True,True,True,-0.02142377197742462,0.01252770186920095,basket|link_1|link_2|link_3
0.0675,-0.21999999999999997,-0.22000000000000003,True,True,True,True,True,True,True,True,True,-0.018370606005191803,0.03558520894500195,basket|link_1|link_2|link_3
0.0675,-0.24,-0.22000000000000003,True,True,True,True,True,True,True,True,True,-0.018647857010364532,0.03571252244953396,basket|link_1|link_2|link_3
0.0675,-0.26,-0.22000000000000003,True,True,True,True,True,True,True,True,True,-0.022262774407863617,0.033619349592598755,basket|link_1|link_2|link_3
0.0675,-0.27999999999999997,-0.22000000000000003,True,True,True,True,True,True,True,True,True,-0.02226303517818451,0.03471763834139243,basket|link_1|link_2|link_3
0.0675,-0.3,-0.22000000000000003,True,True,True,True,True,True,True,True,True,-0.02226313203573227,0.01677765190880561,basket|link_1|link_2|link_3
0.0675,-0.31999999999999995,-0.22000000000000003,True,True,True,True,True,True,True,True,True,-0.013418257236480713,0.00943303863918625,basket|link_1|link_2|link_3
0.0675,-0.33999999999999997,-0.22000000000000003,False,False,True,False,False,True,False,False,True,0.006581500172615051,1.4901161193847656e-08,basket|link_1|link_2|link_3
0.0675,-0.36,-0.22000000000000003,False,False,True,False,False,True,False,False,True,,1.4901161193847656e-08,link_1|link_2|link_3
0.0675,-0.38,-0.22000000000000003,False,False,True,False,False,True,False,False,True,,1.4901161193847656e-08,link_1|link_2|link_3
0.0675,-0.39999999999999997,-0.22000000000000003,False,False,True,False,False,True,False,False,True,,1.4901161193847656e-08,link_1|link_2|link_3
0.0675,-0.42,-0.22000000000000003,False,False,True,False,False,True,False,False,True,,1.4901161193847656e-08,link_1|link_2|link_3
0.0675,0.42,-0.24000000000000002,False,False,True,False,False,True,False,False,True,,1.4901161193847656e-08,link_1|link_2|link_3
0.0675,0.4000000000000001,-0.24000000000000002,False,False,True,False,False,True,False,False,True,,1.4901161193847656e-08,link_1|link_2|link_3
0.0675,0.38000000000000006,-0.24000000000000002,False,False,True,False,False,True,False,False,True,,1.4901161193847656e-08,link_1|link_2|link_3
0.0675,0.36000000000000004,-0.24000000000000002,False,False,True,False,False,True,False,False,True,,1.4901161193847656e-08,link_1|link_2|link_3
0.0675,0.34,-0.24000000000000002,False,False,True,False,False,True,False,False,True,0.005633682012557983,1.4901161193847656e-08,basket|link_1|link_2|link_3
0.0675,0.32,-0.24000000000000002,False,True,False,False,True,False,True,True,True,-0.014366373419761658,0.010104522625076304,basket|link_1|link_2|link_3
0.0675,0.3,-0.24000000000000002,False,True,False,False,True,False,True,True,True,-0.022263631224632263,0.02541572381708117,basket|link_1|link_2|link_3
0.0675,0.2800000000000001,-0.24000000000000002,False,True,False,False,True,False,True,True,True,-0.022263839840888977,0.017961338095065837,basket|link_1|link_2|link_3
0.0675,0.26000000000000006,-0.24000000000000002,False,True,False,False,True,False,True,True,True,-0.022263772785663605,0.014421597162038051,basket|link_1|link_2|link_3
0.0675,0.24000000000000005,-0.24000000000000002,False,True,False,False,True,False,True,True,True,-0.022263936698436737,0.016907264589459736,basket|link_1|link_2|link_3
0.0675,0.22000000000000003,-0.24000000000000002,False,True,False,False,True,False,True,True,True,-0.022264190018177032,0.054052519394734655,basket|link_1|link_2|link_3
0.0675,0.2,-0.24000000000000002,False,True,False,False,True,False,True,True,True,-0.02226412296295166,0.030124615362828865,basket|link_1|link_2|link_3
0.0675,0.18,-0.24000000000000002,True,True,True,True,True,True,True,True,True,-0.018908604979515076,0.004949919648949336,basket|link_1|link_2|link_3
0.0675,0.15999999999999998,-0.24000000000000002,True,True,True,True,True,True,True,True,True,-0.01870027929544449,0.005000868811872826,basket|link_2|link_3
0.0675,0.14000000000000007,-0.24000000000000002,True,True,True,True,True,True,True,True,True,-0.0174110010266304,0.015520274501799197,basket|link_2|link_3
0.0675,0.12000000000000005,-0.24000000000000002,True,True,True,True,True,True,True,True,True,-0.01812131702899933,0.017671764985147345,basket|link_1|link_2|link_3
0.0675,0.10000000000000003,-0.24000000000000002,True,True,True,True,True,True,True,True,True,-0.021449461579322815,0.022790911178985313,basket|link_1|link_2|link_3
0.0675,0.08000000000000002,-0.24000000000000002,True,True,True,True,True,True,True,True,True,-0.02109651267528534,0.013121532945791346,basket|link_1|link_2|link_3
0.0675,0.06,-0.24000000000000002,True,True,True,True,True,True,True,True,True,-0.03116258978843689,0.007072067466684713,basket|link_1|link_2|link_3
0.0675,0.040000000000000036,-0.24000000000000002,True,True,True,True,True,True,True,True,True,-0.03267228603363037,0.014598703756830488,basket|link_1|link_2|link_3
0.0675,0.020000000000000018,-0.24000000000000002,True,True,True,True,True,True,True,True,True,-0.02989739179611206,0.009738007898126023,basket|link_1|link_2|link_3
0.0675,0.0,-0.24000000000000002,True,True,True,True,True,True,True,True,True,-0.02226407825946808,0.02909601384670658,basket|link_1|link_2|link_3
0.0675,-0.019999999999999962,-0.24000000000000002,True,True,True,True,True,True,True,True,True,-0.022263944149017334,0.01863236291472521,basket|link_1|link_2|link_3
0.0675,-0.03999999999999998,-0.24000000000000002,True,True,True,True,True,True,True,True,True,-0.0191129669547081,0.012916306371436872,basket|link_1|link_2|link_3
0.0675,-0.06,-0.24000000000000002,True,True,True,True,True,True,True,True,True,-0.02226348966360092,0.01566553901727681,basket|link_1|link_2|link_3
0.0675,-0.07999999999999996,-0.24000000000000002,True,True,True,True,True,True,True,True,True,-0.024056389927864075,0.014607287880901342,basket|link_1|link_2
0.0675,-0.09999999999999998,-0.24000000000000002,True,True,True,True,True,True,True,True,True,-0.022540882229804993,0.020185929684562946,basket|link_1|link_2
0.0675,-0.12,-0.24000000000000002,True,True,True,True,True,True,True,True,True,-0.028881430625915527,0.019809875816888395,basket|link_1|link_2
0.0675,-0.13999999999999996,-0.24000000000000002,True,True,True,True,True,True,True,True,True,-0.030325546860694885,0.01314550008954159,basket|link_1|link_2
0.0675,-0.15999999999999998,-0.24000000000000002,True,True,True,True,True,True,True,True,True,-0.032065317034721375,0.01612027897014027,basket|link_1|link_2
0.0675,-0.18,-0.24000000000000002,True,True,True,True,True,True,True,True,True,-0.03224876523017883,0.0021957777398797867,basket|link_1|link_2
0.0675,-0.19999999999999998,-0.24000000000000002,True,True,True,True,True,True,True,True,True,-0.027423158288002014,0.010730264961209674,basket|link_1|link_2
0.0675,-0.21999999999999997,-0.24000000000000002,True,True,True,True,True,True,True,True,True,-0.01649262011051178,0.02449826485378271,basket|link_1|link_2
0.0675,-0.24,-0.24000000000000002,True,True,True,True,True,True,True,True,True,-0.013628706336021423,0.015178034381244156,basket|link_1|link_2
0.0675,-0.26,-0.24000000000000002,True,True,True,True,True,True,True,True,True,-0.019146159291267395,0.011410725543679775,basket|link_1|link_2
0.0675,-0.27999999999999997,-0.24000000000000002,True,True,True,True,True,True,True,True,True,-0.022262737154960632,0.03264214129815265,basket|link_1|link_2
0.0675,-0.3,-0.24000000000000002,True,True,True,True,True,True,True,True,True,-0.022262707352638245,0.016461098574605565,basket|link_1|link_2
0.0675,-0.31999999999999995,-0.24000000000000002,True,True,True,True,True,True,True,True,True,-0.013417750597000122,0.00951020553199757,basket|link_1|link_2
0.0675,-0.33999999999999997,-0.24000000000000002,False,False,True,False,False,True,False,False,True,0.006582215428352356,1.4901161193847656e-08,basket|link_1|link_2
0.0675,-0.36,-0.24000000000000002,False,False,True,False,False,True,False,False,True,,1.4901161193847656e-08,link_1|link_2
0.0675,-0.38,-0.24000000000000002,False,False,True,False,False,True,False,False,True,,1.4901161193847656e-08,link_1|link_2
0.0675,-0.39999999999999997,-0.24000000000000002,False,False,True,False,False,True,False,False,True,,1.4901161193847656e-08,link_1|link_2
0.0675,-0.42,-0.24000000000000002,False,False,True,False,False,True,False,False,True,,1.4901161193847656e-08,link_1|link_2
0.0675,0.42,-0.26,False,False,True,False,False,True,False,False,True,,1.4901161193847656e-08,link_1|link_2
0.0675,0.4000000000000001,-0.26,False,False,True,False,False,True,False,False,True,,1.4901161193847656e-08,link_1|link_2
0.0675,0.38000000000000006,-0.26,False,False,True,False,False,True,False,False,True,,1.4901161193847656e-08,link_1|link_2
0.0675,0.36000000000000004,-0.26,False,False,True,False,False,True,False,False,True,,1.4901161193847656e-08,link_1|link_2
0.0675,0.34,-0.26,False,False,True,False,False,True,False,False,True,0.005634620785713196,1.4901161193847656e-08,basket|link_1|link_2|link_3
0.0675,0.32,-0.26,False,True,False,False,True,False,False,True,False,-0.01436537504196167,0.009670425095123392,basket|link_1|link_2|link_3
0.0675,0.3,-0.26,True,True,True,True,True,True,True,True,True,-0.018724627792835236,0.015067228972425926,basket|link_1|link_2|link_3
0.0675,0.2800000000000001,-0.26,True,True,True,True,True,True,True,True,True,-0.010907687246799469,0.018061931358580488,basket|link_1|link_2|link_3
0.0675,0.26000000000000006,-0.26,True,True,True,True,True,True,True,True,True,-0.011005681939423084,0.016314594076645393,basket|link_1|link_2|link_3
0.0675,0.24000000000000005,-0.26,True,True,True,False,True,False,True,True,True,-0.01108202338218689,0.02238300579031847,basket|link_1|link_2|link_3
0.0675,0.22000000000000003,-0.26,False,True,False,False,True,False,True,True,True,-0.01573088765144348,0.014855342153862753,basket|link_1|link_2|link_3
0.0675,0.2,-0.26,True,True,True,True,True,True,True,True,True,-0.022120419889688492,0.011614378142388075,basket|link_1|link_2|link_3
0.0675,0.18,-0.26,True,True,True,True,True,True,True,True,True,-0.017351537942886353,0.012403865364015021,basket|link_1|link_2|link_3
0.0675,0.15999999999999998,-0.26,True,True,True,True,True,True,True,True,True,-0.020625010132789612,0.007773886371031889,basket|link_1|link_2|link_3
0.0675,0.14000000000000007,-0.26,True,True,True,True,True,True,True,True,True,-0.022263914346694946,0.020808224131383633,basket|link_1|link_2|link_3
0.0675,0.12000000000000005,-0.26,True,True,True,True,True,True,True,True,True,-0.022264741361141205,0.05050293413970812,basket|link_1|link_2|link_3
0.0675,0.10000000000000003,-0.26,True,True,True,True,True,True,True,True,True,-0.022264786064624786,0.02925871242459774,basket|link_1|link_2|link_3
0.0675,0.08000000000000002,-0.26,False,True,False,False,True,False,True,True,True,-0.022264793515205383,0.024366478060020486,basket|link_1|link_2|link_3
0.0675,0.06,-0.26,True,True,True,True,True,True,True,True,True,-0.02226480096578598,0.03304524829010708,basket|link_1|link_2|link_3
0.0675,0.040000000000000036,-0.26,True,True,True,True,True,True,True,True,True,-0.014900945127010345,0.007395411117048907,basket|link_1|link_2|link_3
0.0675,0.020000000000000018,-0.26,True,True,True,True,True,True,True,True,True,-0.02226661890745163,0.023669511001767278,basket|link_1|link_2|link_3
0.0675,0.0,-0.26,True,True,True,True,True,True,True,True,True,-0.019946016371250153,0.010461775047116763,basket|link_1|link_2|link_3
0.0675,-0.019999999999999962,-0.26,True,True,True,True,True,True,True,True,True,-0.014678314328193665,0.008109910701174946,basket|link_1|link_2|link_3
0.0675,-0.03999999999999998,-0.26,True,True,True,True,True,True,True,True,True,-0.015264883637428284,0.007597125232640182,basket|link_1|link_2|link_3
0.0675,-0.06,-0.26,True,True,True,True,True,True,True,True,True,-0.022037290036678314,0.025603773182468335,basket|link_1|link_2
0.0675,-0.07999999999999996,-0.26,False,True,False,False,True,False,True,True,True,-0.0222628191113472,0.01783165832809356,basket|link_1|link_2
0.0675,-0.09999999999999998,-0.26,True,True,True,True,True,True,True,True,True,-0.022262975573539734,0.02987245868739537,basket|link_1|link_2
0.0675,-0.12,-0.26,True,True,True,True,True,True,True,True,True,-0.022263146936893463,0.02446114920725929,basket|link_1|link_2
0.0675,-0.13999999999999996,-0.26,True,True,True,True,True,True,True,True,True,-0.0222630575299263,0.014537849166318164,basket|link_1|link_2
0.0675,-0.15999999999999998,-0.26,True,True,True,True,True,True,True,True,True,-0.02075185626745224,0.004291496958085358,basket|link_1|link_2
0.0675,-0.18,-0.26,True,True,True,True,True,True,True,True,True,-0.0158255472779274,0.005160079927192417,basket|link_1|link_2
0.0675,-0.19999999999999998,-0.26,True,True,True,True,True,True,True,True,True,-0.019447363913059235,0.023614755401531393,basket|link_1|link_2
0.0675,-0.21999999999999997,-0.26,False,True,False,False,True,False,False,True,False,-0.019414447247982025,0.02534344875154113,basket|link_1|link_2
0.0675,-0.24,-0.26,False,True,False,False,True,False,False,True,False,-0.02226801961660385,0.04952533961897063,basket|link_1|link_2
0.0675,-0.26,-0.26,False,True,False,False,True,False,False,True,False,-0.022266454994678497,0.04593959581955415,basket|link_1|link_2
0.0675,-0.27999999999999997,-0.26,False,True,False,False,True,False,False,True,False,-0.019465908408164978,0.020885004204402417,basket|link_1|link_2
0.0675,-0.3,-0.26,False,True,False,False,True,False,False,True,False,-0.01713956892490387,0.015562969232710262,basket|link_1|link_2
0.0675,-0.31999999999999995,-0.26,False,True,False,False,True,False,False,True,False,-0.013414695858955383,0.009468444161076148,basket|link_1|link_2
0.0675,-0.33999999999999997,-0.26,False,False,True,False,False,True,False,False,True,0.006585225462913513,1.4901161193847656e-08,basket|link_1|link_2
0.0675,-0.36,-0.26,False,False,True,False,False,True,False,False,True,,1.4901161193847656e-08,link_1|link_2
0.0675,-0.38,-0.26,False,False,True,False,False,True,False,False,True,,1.4901161193847656e-08,link_1|link_2
0.0675,-0.39999999999999997,-0.26,False,False,True,False,False,True,False,False,True,,1.4901161193847656e-08,link_1|link_2
0.0675,-0.42,-0.26,False,False,True,False,False,True,False,False,True,,1.4901161193847656e-08,link_1|link_2
0.0675,0.42,-0.28,False,False,True,False,False,True,False,False,True,,1.4901161193847656e-08,link_1|link_2
0.0675,0.4000000000000001,-0.28,False,False,True,False,False,True,False,False,True,,1.4901161193847656e-08,link_1|link_2
0.0675,0.38000000000000006,-0.28,False,False,True,False,False,True,False,False,True,,1.4901161193847656e-08,link_1|link_2
0.0675,0.36000000000000004,-0.28,False,False,True,False,False,True,False,False,True,,1.4901161193847656e-08,link_1|link_2
0.0675,0.34,-0.28,False,False,True,False,False,True,False,False,True,,1.4901161193847656e-08,link_1|link_2
0.0675,0.32,-0.28,False,False,True,False,False,True,False,True,False,0.019451232627034187,1.4901161193847656e-08,basket|link_1|link_2|link_3
0.0675,0.3,-0.28,False,False,True,False,False,True,False,True,False,0.012573271989822388,1.4901161193847656e-08,basket|link_1|link_2|link_3
0.0675,0.2800000000000001,-0.28,False,False,True,False,False,True,False,True,False,0.011652186512947083,1.4901161193847656e-08,basket|link_1|link_2|link_3
0.0675,0.26000000000000006,-0.28,False,False,True,False,False,True,False,True,False,0.011211268603801727,1.4901161193847656e-08,basket|link_1|link_2|link_3
0.0675,0.24000000000000005,-0.28,False,False,True,False,False,True,False,True,False,0.01082427054643631,1.4901161193847656e-08,basket|link_1|link_2|link_3
0.0675,0.22000000000000003,-0.28,False,False,True,False,False,True,False,True,False,0.010452434420585632,1.4901161193847656e-08,basket|link_1|link_2|link_3
0.0675,0.2,-0.28,False,False,True,False,False,True,False,True,False,0.010288447141647339,1.4901161193847656e-08,basket|link_1|link_2|link_3
0.0675,0.18,-0.28,False,True,False,False,True,False,False,True,False,-0.00905928760766983,0.006546674609654173,basket|link_1|link_2|link_3
0.0675,0.15999999999999998,-0.28,False,True,False,False,True,False,False,True,False,-0.010029226541519165,0.012753090401247289,basket|link_1|link_2|link_3
0.0675,0.14000000000000007,-0.28,False,True,False,False,True,False,False,True,False,-0.010907784104347229,0.008684982905835864,basket|link_1|link_2|link_3
0.0675,0.12000000000000005,-0.28,False,True,False,False,True,False,False,True,False,-0.010985597968101501,0.00844851287273125,basket|link_1|link_2|link_3
0.0675,0.10000000000000003,-0.28,False,True,False,False,True,False,False,True,False,-0.011061878874897957,0.008500050401187032,basket|link_1|link_2|link_3
0.0675,0.08000000000000002,-0.28,False,True,False,False,True,False,False,True,False,-0.011237908154726028,0.042151883665732436,basket|link_1|link_2|link_3
0.0675,0.06,-0.28,False,True,False,False,True,False,False,True,False,-0.02981504797935486,0.02560928222723722,basket|link_1|link_2
0.0675,0.040000000000000036,-0.28,False,True,False,False,True,False,False,True,False,-0.030339181423187256,0.012897813480121452,basket|link_1|link_2
0.0675,0.020000000000000018,-0.28,False,True,False,False,True,False,False,True,False,-0.03512661159038544,0.04458133945891415,basket|link_1|link_2
0.0675,0.0,-0.28,False,True,False,False,True,False,False,True,False,-0.03621754050254822,0.07038175290988205,basket|link_1|link_2
0.0675,-0.019999999999999962,-0.28,False,True,False,False,True,False,False,True,False,-0.04001012444496155,0.06863035569498975,basket|link_1|link_2
0.0675,-0.03999999999999998,-0.28,False,True,False,False,True,False,False,True,False,-0.037005115300416946,0.00795881701745519,basket|link_1|link_2
0.0675,-0.06,-0.28,False,True,False,False,True,False,False,True,False,-0.02926020324230194,0.011249154909055707,basket|link_1|link_2
0.0675,-0.07999999999999996,-0.28,False,True,False,False,True,False,False,True,False,-0.016216717660427094,0.02979704374265874,basket|link_1|link_2
0.0675,-0.09999999999999998,-0.28,False,True,False,False,True,False,False,True,False,-0.01109906192868948,0.00949029595295642,basket|link_1|link_2
0.0675,-0.12,-0.28,False,True,False,False,True,False,False,True,False,-0.011002331040799618,0.011033459171269034,basket|link_1|link_2
0.0675,-0.13999999999999996,-0.28,False,True,False,False,True,False,False,True,False,-0.010897263884544373,0.008097374985573693,basket|link_1|link_2
0.0675,-0.15999999999999998,-0.28,False,True,False,False,True,False,False,True,False,-0.010876990854740143,0.007356795800130512,basket|link_1|link_2
0.0675,-0.18,-0.28,False,True,False,False,True,False,False,True,False,-0.00811159610748291,0.00587331345940327,basket|link_1|link_2
0.0675,-0.19999999999999998,-0.28,False,False,True,False,False,True,False,True,False,0.0021444186568260193,1.4901161193847656e-08,basket|link_1|link_2
0.0675,-0.21999999999999997,-0.28,False,False,True,False,False,True,False,True,False,0.013356707990169525,1.4901161193847656e-08,basket|link_1|link_2
0.0675,-0.24,-0.28,False,False,True,False,False,True,False,True,False,0.012251004576683044,1.4901161193847656e-08,basket|link_1|link_2
0.0675,-0.26,-0.28,False,False,True,False,False,True,False,True,False,0.011308439075946808,1.4901161193847656e-08,basket|link_1|link_2
0.0675,-0.27999999999999997,-0.28,False,False,True,False,False,True,False,True,False,0.01047622412443161,1.4901161193847656e-08,basket|link_1|link_2
0.0675,-0.3,-0.28,False,False,True,False,False,True,False,True,False,0.00964345782995224,1.4901161193847656e-08,basket|link_1|link_2
0.0675,-0.31999999999999995,-0.28,False,False,True,False,False,True,False,True,False,0.008785620331764221,1.4901161193847656e-08,basket|link_1|link_2
0.0675,-0.33999999999999997,-0.28,False,False,True,False,False,True,False,False,True,0.015376314520835876,1.4901161193847656e-08,basket|link_1|link_2
0.0675,-0.36,-0.28,False,False,True,False,False,True,False,False,True,,1.4901161193847656e-08,link_1|link_2
0.0675,-0.38,-0.28,False,False,True,False,False,True,False,False,True,,1.4901161193847656e-08,link_1|link_2
0.0675,-0.39999999999999997,-0.28,False,False,True,False,False,True,False,False,True,,1.4901161193847656e-08,link_1|link_2
0.0675,-0.42,-0.28,False,False,True,False,False,True,False,False,True,,1.4901161193847656e-08,link_1|link_2
0.0675,0.42,-0.30000000000000004,False,False,True,False,False,True,False,False,True,,1.4901161193847656e-08,link_1|link_2
0.0675,0.4000000000000001,-0.30000000000000004,False,False,True,False,False,True,False,False,True,,1.4901161193847656e-08,link_1|link_2
0.0675,0.38000000000000006,-0.30000000000000004,False,False,True,False,False,True,False,False,True,,1.4901161193847656e-08,link_1|link_2
0.0675,0.36000000000000004,-0.30000000000000004,False,False,True,False,False,True,False,False,True,,1.4901161193847656e-08,link_1|link_2
0.0675,0.34,-0.30000000000000004,False,False,True,False,False,True,False,False,True,,1.4901161193847656e-08,link_1|link_2
0.0675,0.32,-0.30000000000000004,False,False,True,False,False,True,False,True,False,,1.4901161193847656e-08,link_1|link_2
0.0675,0.3,-0.30000000000000004,False,False,True,False,False,True,False,True,False,,1.4901161193847656e-08,link_1|link_2
0.0675,0.2800000000000001,-0.30000000000000004,False,False,True,False,False,True,False,True,False,,1.4901161193847656e-08,link_1|link_2
0.0675,0.26000000000000006,-0.30000000000000004,False,False,True,False,False,True,False,True,False,,1.4901161193847656e-08,link_1|link_2
0.0675,0.24000000000000005,-0.30000000000000004,False,False,True,False,False,True,False,True,False,,1.4901161193847656e-08,link_1|link_2
0.0675,0.22000000000000003,-0.30000000000000004,False,False,True,False,False,True,False,True,False,,1.4901161193847656e-08,link_1|link_2
0.0675,0.2,-0.30000000000000004,False,False,True,False,False,True,False,True,False,0.01094105839729309,1.4901161193847656e-08,basket|link_1|link_2
0.0675,0.18,-0.30000000000000004,False,True,False,False,True,False,False,True,False,-0.009058967232704163,0.006517720743281034,basket|link_1|link_2
0.0675,0.15999999999999998,-0.30000000000000004,False,True,False,False,True,False,False,True,False,-0.01758037507534027,0.008352944220177192,basket|link_1|link_2
0.0675,0.14000000000000007,-0.30000000000000004,False,True,False,False,True,False,False,True,False,-0.01798895001411438,0.006669985711279156,basket|link_1|link_2
0.0675,0.12000000000000005,-0.30000000000000004,False,True,False,False,True,False,False,True,False,-0.017504043877124786,0.006492260231411306,basket|link_1|link_2
0.0675,0.10000000000000003,-0.30000000000000004,False,True,False,False,True,False,False,True,False,-0.017354093492031097,0.006311870792790973,basket|link_1|link_2
0.0675,0.08000000000000002,-0.30000000000000004,False,True,False,False,True,False,False,True,False,-0.017295241355895996,0.06445559665235161,basket|link_1|link_2
0.0675,0.06,-0.30000000000000004,False,True,False,False,True,False,False,True,False,-0.03194315731525421,0.04769487575234918,basket|link_1|link_2
0.0675,0.040000000000000036,-0.30000000000000004,False,True,False,False,True,False,False,True,False,-0.04265984892845154,0.022308012069086034,basket|link_1|link_2
0.0675,0.020000000000000018,-0.30000000000000004,False,True,False,False,True,False,False,True,False,-0.04293128103017807,0.02278361532931436,basket|link_1|link_2
0.0675,0.0,-0.30000000000000004,False,True,False,False,True,False,False,True,False,-0.04331225901842117,0.03465813873739437,basket|link_1|link_2
0.0675,-0.019999999999999962,-0.30000000000000004,False,True,False,False,True,False,False,True,False,-0.04314485937356949,0.025730114582856792,basket|link_1|link_2
0.0675,-0.03999999999999998,-0.30000000000000004,False,True,False,False,True,False,False,True,False,-0.04314687103033066,0.03553318210455306,basket|link_1|link_2
0.0675,-0.06,-0.30000000000000004,False,True,False,False,True,False,False,True,False,-0.030967220664024353,0.011294090211779817,basket|link_1|link_2
0.0675,-0.07999999999999996,-0.30000000000000004,False,True,False,False,True,False,False,True,False,-0.017284192144870758,0.011154682650952338,basket|link_1|link_2
0.0675,-0.09999999999999998,-0.30000000000000004,False,True,False,False,True,False,False,True,False,-0.01723656803369522,0.02316074662003513,basket|link_1|link_2
0.0675,-0.12,-0.30000000000000004,False,True,False,False,True,False,False,True,False,-0.0171474888920784,0.018537600133137593,basket|link_1|link_2
0.0675,-0.13999999999999996,-0.30000000000000004,False,True,False,False,True,False,False,True,False,-0.0171474888920784,0.012615745702581647,basket|link_1|link_2
0.0675,-0.15999999999999998,-0.30000000000000004,False,True,False,False,True,False,False,True,False,-0.0173863023519516,0.005477035396492185,basket|link_1|link_2
0.0675,-0.18,-0.30000000000000004,False,True,False,False,True,False,False,True,False,-0.00811002403497696,0.005775801772853673,basket|link_1|link_2
0.0675,-0.19999999999999998,-0.30000000000000004,False,False,True,False,False,True,False,True,False,0.009805440902709961,1.4901161193847656e-08,basket|link_1|link_2
0.0675,-0.21999999999999997,-0.30000000000000004,False,False,True,False,False,True,False,True,False,0.019794538617134094,1.4901161193847656e-08,basket|link_1|link_2
0.0675,-0.24,-0.30000000000000004,False,False,True,False,False,True,False,True,False,,1.4901161193847656e-08,link_1|link_2
0.0675,-0.26,-0.30000000000000004,False,False,True,False,False,True,False,True,False,0.019210636615753174,1.4901161193847656e-08,basket|link_1|link_2
0.0675,-0.27999999999999997,-0.30000000000000004,False,False,True,False,False,True,False,True,False,0.018378421664237976,1.4901161193847656e-08,basket|link_1|link_2
0.0675,-0.3,-0.30000000000000004,False,False,True,False,False,True,False,True,False,0.01754596084356308,1.4901161193847656e-08,basket|link_1|link_2
0.0675,-0.31999999999999995,-0.30000000000000004,False,False,True,False,False,True,False,True,False,0.01666758954524994,1.4901161193847656e-08,basket|link_1|link_2
0.0675,-0.33999999999999997,-0.30000000000000004,False,False,True,False,False,True,False,False,True,,1.4901161193847656e-08,link_1|link_2
0.0675,-0.36,-0.30000000000000004,False,False,True,False,False,True,False,False,True,,1.4901161193847656e-08,link_1|link_2
0.0675,-0.38,-0.30000000000000004,False,False,True,False,False,True,False,False,True,,1.4901161193847656e-08,link_1|link_2
0.0675,-0.39999999999999997,-0.30000000000000004,False,False,True,False,False,True,False,False,True,,1.4901161193847656e-08,link_1|link_2
0.0675,-0.42,-0.30000000000000004,False,False,True,False,False,True,False,False,True,,1.4901161193847656e-08,link_1|link_2
0.0675,0.42,-0.32,False,False,True,False,False,True,False,False,True,,1.4901161193847656e-08,link_1|link_2
0.0675,0.4000000000000001,-0.32,False,False,True,False,False,True,False,False,True,,1.4901161193847656e-08,link_1|link_2
0.0675,0.38000000000000006,-0.32,False,False,True,False,False,True,False,False,True,,1.4901161193847656e-08,link_1|link_2
0.0675,0.36000000000000004,-0.32,False,False,True,False,False,True,False,False,True,,1.4901161193847656e-08,link_1|link_2
0.0675,0.34,-0.32,False,False,True,False,False,True,False,False,True,,1.4901161193847656e-08,link_1|link_2
0.0675,0.32,-0.32,False,False,True,False,False,True,False,True,False,,1.4901161193847656e-08,link_1|link_2
0.0675,0.3,-0.32,False,False,True,False,False,True,False,True,False,,1.4901161193847656e-08,link_1|link_2
0.0675,0.2800000000000001,-0.32,False,False,True,False,False,True,False,True,False,,1.4901161193847656e-08,link_1|link_2
0.0675,0.26000000000000006,-0.32,False,False,True,False,False,True,False,True,False,,1.4901161193847656e-08,link_1|link_2
0.0675,0.24000000000000005,-0.32,False,False,True,False,False,True,False,True,False,,1.4901161193847656e-08,link_1|link_2
0.0675,0.22000000000000003,-0.32,False,False,True,False,False,True,False,True,False,,1.4901161193847656e-08,link_1|link_2
0.0675,0.2,-0.32,False,False,True,False,False,True,False,True,False,0.010938912630081177,1.4901161193847656e-08,basket|link_1|link_2
0.0675,0.18,-0.32,False,True,False,False,True,False,False,True,False,-0.009061112999916077,0.0060436096659440275,basket|link_1|link_2
0.0675,0.15999999999999998,-0.32,False,True,False,False,True,False,False,True,False,-0.017076313495635986,0.010982887680442905,basket|link_1|link_2
0.0675,0.14000000000000007,-0.32,False,True,False,False,True,False,False,True,False,-0.010907784104347229,0.025206677335631048,basket|link_1|link_2
0.0675,0.12000000000000005,-0.32,False,True,False,False,True,False,False,True,False,-0.010985597968101501,0.014318759284931891,basket|link_1|link_2
0.0675,0.10000000000000003,-0.32,False,True,False,False,True,False,False,True,False,-0.011061878874897957,0.015621006355873266,basket|link_1|link_2
0.0675,0.08000000000000002,-0.32,False,True,False,False,True,False,False,True,False,-0.017608366906642914,0.0397416655616697,basket|link_1|link_2
0.0675,0.06,-0.32,False,True,False,False,True,False,False,True,False,-0.013783924281597137,0.006637264660297237,basket|link_1|link_2
0.0675,0.040000000000000036,-0.32,False,True,False,False,True,False,False,True,False,-0.014678381383419037,0.010136903606210584,basket|link_1|link_2
0.0675,0.020000000000000018,-0.32,False,True,False,False,True,False,False,True,False,-0.010916374623775482,0.0035597724617367826,basket|link_1|link_2
0.0675,0.0,-0.32,False,True,False,False,True,False,False,True,False,-0.011046178638935089,0.014216167625779194,basket|link_1|link_2
0.0675,-0.019999999999999962,-0.32,False,True,False,False,True,False,False,True,False,-0.015181928873062134,0.02583117076217309,basket|link_1|link_2
0.0675,-0.03999999999999998,-0.32,False,True,False,False,True,False,False,True,False,-0.02027498185634613,0.013809405618970264,basket|link_1|link_2
0.0675,-0.06,-0.32,False,True,False,False,True,False,False,True,False,-0.01838746666908264,0.024516221125878382,basket|link_1|link_2
0.0675,-0.07999999999999996,-0.32,False,True,False,False,True,False,False,True,False,-0.018500916659832,0.029772734176561632,basket|link_1|link_2
0.0675,-0.09999999999999998,-0.32,False,True,False,False,True,False,False,True,False,-0.011744938790798187,0.02899477753655531,basket|link_1|link_2
0.0675,-0.12,-0.32,False,True,False,False,True,False,False,True,False,-0.011002331040799618,0.018909557884499058,basket|link_1|link_2
0.0675,-0.13999999999999996,-0.32,False,True,False,False,True,False,False,True,False,-0.011414870619773865,0.006628467232741046,basket|link_1|link_2
0.0675,-0.15999999999999998,-0.32,False,True,False,False,True,False,False,True,False,-0.010877005755901337,0.016943295757301427,basket|link_1|link_2
0.0675,-0.18,-0.32,False,True,False,False,True,False,False,True,False,-0.004171266220510006,0.008820492204449634,basket|link_1|link_2
0.0675,-0.19999999999999998,-0.32,False,False,True,False,False,True,False,True,False,0.006150297820568085,1.4901161193847656e-08,basket|link_1|link_2
0.0675,-0.21999999999999997,-0.32,False,False,True,False,False,True,False,True,False,0.017895996570587158,1.4901161193847656e-08,basket|link_1|link_2
0.0675,-0.24,-0.32,False,False,True,False,False,True,False,True,False,0.018385671079158783,1.4901161193847656e-08,basket|link_1|link_2
0.0675,-0.26,-0.32,False,False,True,False,False,True,False,True,False,0.018427759408950806,1.4901161193847656e-08,basket|link_1|link_2
0.0675,-0.27999999999999997,-0.32,False,False,True,False,False,True,False,True,False,0.018580444157123566,1.4901161193847656e-08,basket|link_1|link_2
0.0675,-0.3,-0.32,False,False,True,False,False,True,False,True,False,0.018732823431491852,1.4901161193847656e-08,basket|link_1|link_2
0.0675,-0.31999999999999995,-0.32,False,False,True,False,False,True,False,True,False,0.0188337042927742,1.4901161193847656e-08,basket|link_1|link_2
0.0675,-0.33999999999999997,-0.32,False,False,True,False,False,True,False,False,True,,1.4901161193847656e-08,link_1|link_2
0.0675,-0.36,-0.32,False,False,True,False,False,True,False,False,True,,1.4901161193847656e-08,link_1|link_2
0.0675,-0.38,-0.32,False,False,True,False,False,True,False,False,True,,1.4901161193847656e-08,link_1|link_2
0.0675,-0.39999999999999997,-0.32,False,False,True,False,False,True,False,False,True,,1.4901161193847656e-08,link_1|link_2
0.0675,-0.42,-0.32,False,False,True,False,False,True,False,False,True,,1.4901161193847656e-08,link_1|link_2
0.0675,0.42,-0.34,False,False,True,False,False,True,False,False,True,,1.4901161193847656e-08,link_1|link_2
0.0675,0.4000000000000001,-0.34,False,False,True,False,False,True,False,False,True,,1.4901161193847656e-08,link_1|link_2
0.0675,0.38000000000000006,-0.34,False,False,True,False,False,True,False,False,True,,1.4901161193847656e-08,link_1|link_2
0.0675,0.36000000000000004,-0.34,False,False,True,False,False,True,False,False,True,,1.4901161193847656e-08,link_1|link_2
0.0675,0.34,-0.34,False,False,True,False,False,True,False,False,True,,1.4901161193847656e-08,link_1|link_2
0.0675,0.32,-0.34,False,False,True,False,False,True,False,False,True,,1.4901161193847656e-08,link_1|link_2
0.0675,0.3,-0.34,False,False,True,False,False,True,False,False,True,,1.4901161193847656e-08,link_1|link_2
0.0675,0.2800000000000001,-0.34,False,False,True,False,False,True,False,False,True,,1.4901161193847656e-08,link_1|link_2
0.0675,0.26000000000000006,-0.34,False,False,True,False,False,True,False,False,True,,1.4901161193847656e-08,link_1|link_2
0.0675,0.24000000000000005,-0.34,False,False,True,False,False,True,False,False,True,,1.4901161193847656e-08,link_1|link_2
0.0675,0.22000000000000003,-0.34,False,False,True,False,False,True,False,False,True,,1.4901161193847656e-08,link_1|link_2
0.0675,0.2,-0.34,False,False,True,False,False,True,False,False,True,,1.4901161193847656e-08,link_1|link_2
0.0675,0.18,-0.34,False,False,True,False,False,True,False,False,True,0.017253203317523003,1.4901161193847656e-08,basket|link_1|link_2
0.0675,0.15999999999999998,-0.34,False,False,True,False,False,True,False,False,True,0.009971313178539276,1.4901161193847656e-08,basket|link_1|link_2
0.0675,0.14000000000000007,-0.34,False,False,True,False,False,True,False,False,True,0.01062367856502533,1.4901161193847656e-08,basket|link_1|link_2
0.0675,0.12000000000000005,-0.34,False,False,True,False,False,True,False,False,True,0.01147846132516861,1.4901161193847656e-08,basket|link_1|link_2
0.0675,0.10000000000000003,-0.34,False,False,True,False,False,True,False,False,True,0.012363359332084656,1.4901161193847656e-08,basket|link_1|link_2
0.0675,0.08000000000000002,-0.34,False,False,True,False,False,True,False,False,True,0.013262748718261719,1.4901161193847656e-08,basket|link_1|link_2
0.0675,0.06,-0.34,False,False,True,False,False,True,False,False,True,0.014394521713256836,1.4901161193847656e-08,basket|link_1|link_2
0.0675,0.040000000000000036,-0.34,False,False,True,False,False,True,False,False,True,0.01546025276184082,1.4901161193847656e-08,basket|link_1|link_2
0.0675,0.020000000000000018,-0.34,False,False,True,False,False,True,False,False,True,0.01626979559659958,1.4901161193847656e-08,basket|link_1|link_2
0.0675,0.0,-0.34,False,False,True,False,False,True,False,False,True,0.017445161938667297,1.4901161193847656e-08,basket|link_1|link_2
0.0675,-0.019999999999999962,-0.34,False,False,True,False,False,True,False,False,True,0.018612422049045563,1.4901161193847656e-08,basket|link_1|link_2
0.0675,-0.03999999999999998,-0.34,False,False,True,False,False,True,False,False,True,0.01969514787197113,1.4901161193847656e-08,basket|link_1|link_2
0.0675,-0.06,-0.34,False,False,True,False,False,True,False,False,True,,1.4901161193847656e-08,link_1|link_2
0.0675,-0.07999999999999996,-0.34,False,False,True,False,False,True,False,False,True,,1.4901161193847656e-08,link_1|link_2
0.0675,-0.09999999999999998,-0.34,False,False,True,False,False,True,False,False,True,,1.490127488014328e-08,link_1|link_2
0.0675,-0.12,-0.34,False,False,True,False,False,True,False,False,True,,1.4901161193847656e-08,link_1|link_2
0.0675,-0.13999999999999996,-0.34,False,False,True,False,False,True,False,False,True,,1.4901161193847656e-08,link_1|link_2
0.0675,-0.15999999999999998,-0.34,False,False,True,False,False,True,False,False,True,,1.4901161193847656e-08,link_1|link_2
0.0675,-0.18,-0.34,False,False,True,False,False,True,False,False,True,,1.4901161193847656e-08,link_1|link_2
0.0675,-0.19999999999999998,-0.34,False,False,True,False,False,True,False,False,True,,1.4901161193847656e-08,link_1|link_2
0.0675,-0.21999999999999997,-0.34,False,False,True,False,False,True,False,False,True,,1.4901161193847656e-08,link_1|link_2
0.0675,-0.24,-0.34,False,False,True,False,False,True,False,False,True,,1.4901161193847656e-08,link_1|link_2
0.0675,-0.26,-0.34,False,False,True,False,False,True,False,False,True,,1.4901161193847656e-08,link_1|link_2
0.0675,-0.27999999999999997,-0.34,False,False,True,False,False,True,False,False,True,,1.4901161193847656e-08,link_1|link_2
0.0675,-0.3,-0.34,False,False,True,False,False,True,False,False,True,,1.4901161193847656e-08,link_1|link_2
0.0675,-0.31999999999999995,-0.34,False,False,True,False,False,True,False,False,True,,1.4901161193847656e-08,link_1|link_2
0.0675,-0.33999999999999997,-0.34,False,False,True,False,False,True,False,False,True,,1.4901161193847656e-08,link_1|link_2
0.0675,-0.36,-0.34,False,False,True,False,False,True,False,False,True,,1.4901161193847656e-08,link_1|link_2
0.0675,-0.38,-0.34,False,False,True,False,False,True,False,False,True,,1.4901161193847656e-08,link_1|link_2
0.0675,-0.39999999999999997,-0.34,False,False,True,False,False,True,False,False,True,,1.4901161193847656e-08,link_1|link_2
0.0675,-0.42,-0.34,False,False,True,False,False,True,False,False,True,,1.4901161193847656e-08,link_1|link_2
0.0,0.42,0.34,False,False,True,False,False,True,False,False,True,,2.9802322387695312e-08,link_1|link_2|link_3
0.0,0.4000000000000001,0.34,False,False,True,False,False,True,False,False,True,,2.9802322387695312e-08,link_1|link_2|link_3
0.0,0.38000000000000006,0.34,False,False,True,False,False,True,False,False,True,,2.9802322387695312e-08,link_1|link_2|link_3
0.0,0.36000000000000004,0.34,False,False,True,False,False,True,False,False,True,,2.9802322387695312e-08,link_1|link_2|link_3
0.0,0.34,0.34,False,False,True,False,False,True,False,False,True,,2.9802322387695312e-08,link_1|link_2|link_3
0.0,0.32,0.34,False,False,True,False,False,True,False,False,True,,2.9802322387695312e-08,link_1|link_2|link_3
0.0,0.3,0.34,False,False,True,False,False,True,False,False,True,,2.9802322387695312e-08,link_1|link_2|link_3
0.0,0.2800000000000001,0.34,False,False,True,False,False,True,False,False,True,,2.9802322387695312e-08,link_1|link_2|link_3
0.0,0.26000000000000006,0.34,False,False,True,False,False,True,False,False,True,,2.9802322387695312e-08,link_1|link_2|link_3
0.0,0.24000000000000005,0.34,False,False,True,False,False,True,False,False,True,,2.9802322387695312e-08,link_1|link_2|link_3
0.0,0.22000000000000003,0.34,False,False,True,False,False,True,False,False,True,,2.9802322387695312e-08,link_1|link_2|link_3
0.0,0.2,0.34,False,False,True,False,False,True,False,False,True,,2.9802322387695312e-08,link_1|link_2|link_3
0.0,0.18,0.34,False,False,True,False,False,True,False,False,True,,2.9802322387695312e-08,link_1|link_2|link_3
0.0,0.15999999999999998,0.34,False,False,True,False,False,True,False,False,True,,2.9802322387695312e-08,link_1|link_2|link_3
0.0,0.14000000000000007,0.34,False,False,True,False,False,True,False,False,True,,2.9802322387695312e-08,link_1|link_2|link_3
0.0,0.12000000000000005,0.34,False,False,True,False,False,True,False,False,True,,2.9802322387695312e-08,link_1|link_2|link_3
0.0,0.10000000000000003,0.34,False,False,True,False,False,True,False,False,True,,2.9802322387695312e-08,link_1|link_2|link_3
0.0,0.08000000000000002,0.34,False,False,True,False,False,True,False,False,True,,2.9802322387695312e-08,link_1|link_2|link_3
0.0,0.06,0.34,False,False,True,False,False,True,False,False,True,,2.9802322387695312e-08,link_1|link_2|link_3
0.0,0.040000000000000036,0.34,False,False,True,False,False,True,False,False,True,,2.9802322387695312e-08,link_1|link_2|link_3
0.0,0.020000000000000018,0.34,False,False,True,False,False,True,False,False,True,,2.9802322387695312e-08,link_1|link_2|link_3
0.0,0.0,0.34,False,False,True,False,False,True,False,False,True,,2.9802322387695312e-08,link_1|link_2|link_3
0.0,-0.019999999999999962,0.34,False,False,True,False,False,True,False,False,True,,2.9802322387695312e-08,link_1|link_2|link_3
0.0,-0.03999999999999998,0.34,False,False,True,False,False,True,False,False,True,,2.9802322387695312e-08,link_1|link_2|link_3
0.0,-0.06,0.34,False,False,True,False,False,True,False,False,True,,2.9802322387695312e-08,link_1|link_2|link_3
0.0,-0.07999999999999996,0.34,False,False,True,False,False,True,False,False,True,,2.9802322387695312e-08,link_1|link_2|link_3
0.0,-0.09999999999999998,0.34,False,False,True,False,False,True,False,False,True,,2.980237923100575e-08,link_1|link_2|link_3
0.0,-0.12,0.34,False,False,True,False,False,True,False,False,True,,2.9802322387695312e-08,link_1|link_2|link_3
0.0,-0.13999999999999996,0.34,False,False,True,False,False,True,False,False,True,,2.9802322387695312e-08,link_1|link_2|link_3
0.0,-0.15999999999999998,0.34,False,False,True,False,False,True,False,False,True,,2.9802322387695312e-08,link_1|link_2|link_3
0.0,-0.18,0.34,False,False,True,False,False,True,False,False,True,,2.9802322387695312e-08,link_1|link_2|link_3
0.0,-0.19999999999999998,0.34,False,False,True,False,False,True,False,False,True,,2.9802322387695312e-08,link_1|link_2|link_3
0.0,-0.21999999999999997,0.34,False,False,True,False,False,True,False,False,True,,2.9802322387695312e-08,link_1|link_2|link_3
0.0,-0.24,0.34,False,False,True,False,False,True,False,False,True,,2.9802322387695312e-08,link_1|link_2|link_3
0.0,-0.26,0.34,False,False,True,False,False,True,False,False,True,,2.9802322387695312e-08,link_1|link_2|link_3
0.0,-0.27999999999999997,0.34,False,False,True,False,False,True,False,False,True,,2.9802322387695312e-08,link_1|link_2|link_3
0.0,-0.3,0.34,False,False,True,False,False,True,False,False,True,,2.9802322387695312e-08,link_1|link_2|link_3
0.0,-0.31999999999999995,0.34,False,False,True,False,False,True,False,False,True,,2.9802322387695312e-08,link_1|link_2|link_3
0.0,-0.33999999999999997,0.34,False,False,True,False,False,True,False,False,True,,2.9802322387695312e-08,link_1|link_2|link_3
0.0,-0.36,0.34,False,False,True,False,False,True,False,False,True,,2.9802322387695312e-08,link_1|link_2|link_3
0.0,-0.38,0.34,False,False,True,False,False,True,False,False,True,,2.9802322387695312e-08,link_1|link_2|link_3
0.0,-0.39999999999999997,0.34,False,False,True,False,False,True,False,False,True,,2.9802322387695312e-08,link_1|link_2|link_3
0.0,-0.42,0.34,False,False,True,False,False,True,False,False,True,,2.9802322387695312e-08,link_1|link_2|link_3
0.0,0.42,0.32,False,False,True,False,False,True,False,False,True,,2.9802322387695312e-08,link_1|link_2|link_3
0.0,0.4000000000000001,0.32,False,False,True,False,False,True,False,False,True,,2.9802322387695312e-08,link_1|link_2|link_3
0.0,0.38000000000000006,0.32,False,False,True,False,False,True,False,False,True,,2.9802322387695312e-08,link_1|link_2|link_3
0.0,0.36000000000000004,0.32,False,False,True,False,False,True,False,False,True,,2.9802322387695312e-08,link_1|link_2|link_3
0.0,0.34,0.32,False,False,True,False,False,True,False,False,True,,2.9802322387695312e-08,link_1|link_2|link_3
0.0,0.32,0.32,False,False,True,False,False,True,False,False,True,,2.9802322387695312e-08,link_1|link_2|link_3
0.0,0.3,0.32,False,False,True,False,False,True,False,False,True,,2.9802322387695312e-08,link_1|link_2|link_3
0.0,0.2800000000000001,0.32,False,False,True,False,False,True,False,False,True,,2.9802322387695312e-08,link_1|link_2|link_3
0.0,0.26000000000000006,0.32,False,False,True,False,False,True,False,False,True,,2.9802322387695312e-08,link_1|link_2|link_3
0.0,0.24000000000000005,0.32,False,False,True,False,False,True,False,False,True,,2.9802322387695312e-08,link_1|link_2|link_3
0.0,0.22000000000000003,0.32,False,False,True,False,False,True,False,False,True,,2.9802322387695312e-08,link_1|link_2|link_3
0.0,0.2,0.32,False,False,True,False,False,True,False,False,True,,2.9802322387695312e-08,link_1|link_2|link_3
0.0,0.18,0.32,False,False,True,False,False,True,False,False,True,,2.9802322387695312e-08,link_1|link_2|link_3
0.0,0.15999999999999998,0.32,False,False,True,False,False,True,False,False,True,,2.9802322387695312e-08,link_1|link_2|link_3
0.0,0.14000000000000007,0.32,False,False,True,False,False,True,False,False,True,,2.9802322387695312e-08,link_1|link_2|link_3
0.0,0.12000000000000005,0.32,False,False,True,False,False,True,False,False,True,,2.9802322387695312e-08,link_1|link_2|link_3
0.0,0.10000000000000003,0.32,False,False,True,False,False,True,False,False,True,,2.9802322387695312e-08,link_1|link_2|link_3
0.0,0.08000000000000002,0.32,False,False,True,False,False,True,False,False,True,,2.9802322387695312e-08,link_1|link_2|link_3
0.0,0.06,0.32,False,False,True,False,False,True,False,False,True,,2.9802322387695312e-08,link_1|link_2|link_3
0.0,0.040000000000000036,0.32,False,False,True,False,False,True,False,False,True,,2.9802322387695312e-08,link_1|link_2|link_3
0.0,0.020000000000000018,0.32,False,False,True,False,False,True,False,False,True,,2.9802322387695312e-08,link_1|link_2|link_3
0.0,0.0,0.32,False,False,True,False,False,True,False,False,True,,2.9802322387695312e-08,link_1|link_2|link_3
0.0,-0.019999999999999962,0.32,False,False,True,False,False,True,False,False,True,,2.9802322387695312e-08,link_1|link_2|link_3
0.0,-0.03999999999999998,0.32,False,False,True,False,False,True,False,False,True,,2.9802322387695312e-08,link_1|link_2|link_3
0.0,-0.06,0.32,False,False,True,False,False,True,False,False,True,,2.9802322387695312e-08,link_1|link_2|link_3
0.0,-0.07999999999999996,0.32,False,False,True,False,False,True,False,False,True,,2.9802322387695312e-08,link_1|link_2|link_3
0.0,-0.09999999999999998,0.32,False,False,True,False,False,True,False,False,True,,2.980237923100575e-08,link_1|link_2|link_3
0.0,-0.12,0.32,False,False,True,False,False,True,False,False,True,,2.9802322387695312e-08,link_1|link_2|link_3
0.0,-0.13999999999999996,0.32,False,False,True,False,False,True,False,False,True,,2.9802322387695312e-08,link_1|link_2|link_3
0.0,-0.15999999999999998,0.32,False,False,True,False,False,True,False,False,True,,2.9802322387695312e-08,link_1|link_2|link_3
0.0,-0.18,0.32,False,False,True,False,False,True,False,False,True,,2.9802322387695312e-08,link_1|link_2|link_3
0.0,-0.19999999999999998,0.32,False,False,True,False,False,True,False,False,True,,2.9802322387695312e-08,link_1|link_2|link_3
0.0,-0.21999999999999997,0.32,False,False,True,False,False,True,False,False,True,,2.9802322387695312e-08,link_1|link_2|link_3
0.0,-0.24,0.32,False,False,True,False,False,True,False,False,True,,2.9802322387695312e-08,link_1|link_2|link_3
0.0,-0.26,0.32,False,False,True,False,False,True,False,False,True,,2.9802322387695312e-08,link_1|link_2|link_3
0.0,-0.27999999999999997,0.32,False,False,True,False,False,True,False,False,True,,2.9802322387695312e-08,link_1|link_2|link_3
0.0,-0.3,0.32,False,False,True,False,False,True,False,False,True,,2.9802322387695312e-08,link_1|link_2|link_3
0.0,-0.31999999999999995,0.32,False,False,True,False,False,True,False,False,True,,2.9802322387695312e-08,link_1|link_2|link_3
0.0,-0.33999999999999997,0.32,False,False,True,False,False,True,False,False,True,,2.9802322387695312e-08,link_1|link_2|link_3
0.0,-0.36,0.32,False,False,True,False,False,True,False,False,True,,2.9802322387695312e-08,link_1|link_2|link_3
0.0,-0.38,0.32,False,False,True,False,False,True,False,False,True,,2.9802322387695312e-08,link_1|link_2|link_3
0.0,-0.39999999999999997,0.32,False,False,True,False,False,True,False,False,True,,2.9802322387695312e-08,link_1|link_2|link_3
0.0,-0.42,0.32,False,False,True,False,False,True,False,False,True,,2.9802322387695312e-08,link_1|link_2|link_3
0.0,0.42,0.3,False,False,True,False,False,True,False,False,True,,2.9802322387695312e-08,link_1|link_2|link_3
0.0,0.4000000000000001,0.3,False,False,True,False,False,True,False,False,True,,2.9802322387695312e-08,link_1|link_2|link_3
0.0,0.38000000000000006,0.3,False,False,True,False,False,True,False,False,True,,2.9802322387695312e-08,link_1|link_2|link_3
0.0,0.36000000000000004,0.3,False,False,True,False,False,True,False,False,True,,2.9802322387695312e-08,link_1|link_2|link_3
0.0,0.34,0.3,False,False,True,False,False,True,False,False,True,,2.9802322387695312e-08,link_1|link_2|link_3
0.0,0.32,0.3,False,False,True,False,False,True,False,False,True,,2.9802322387695312e-08,link_1|link_2|link_3
0.0,0.3,0.3,False,False,True,False,False,True,False,False,True,,2.9802322387695312e-08,link_1|link_2|link_3
0.0,0.2800000000000001,0.3,False,False,True,False,False,True,False,False,True,,2.9802322387695312e-08,link_1|link_2|link_3
0.0,0.26000000000000006,0.3,False,False,True,False,False,True,False,False,True,,2.9802322387695312e-08,link_1|link_2|link_3
0.0,0.24000000000000005,0.3,False,False,True,False,False,True,False,False,True,,2.9802322387695312e-08,link_1|link_2|link_3
0.0,0.22000000000000003,0.3,False,False,True,False,False,True,False,False,True,,2.9802322387695312e-08,link_1|link_2|link_3
0.0,0.2,0.3,False,False,True,False,False,True,False,False,True,,2.9802322387695312e-08,link_1|link_2|link_3
0.0,0.18,0.3,False,False,True,False,False,True,False,False,True,,2.9802322387695312e-08,link_1|link_2|link_3
0.0,0.15999999999999998,0.3,False,False,True,False,False,True,False,False,True,,2.9802322387695312e-08,link_1|link_2|link_3
0.0,0.14000000000000007,0.3,False,False,True,False,False,True,False,False,True,,2.9802322387695312e-08,link_1|link_2|link_3
0.0,0.12000000000000005,0.3,False,False,True,False,False,True,False,False,True,,2.9802322387695312e-08,link_1|link_2|link_3
0.0,0.10000000000000003,0.3,False,False,True,False,False,True,False,False,True,,2.9802322387695312e-08,link_1|link_2|link_3
0.0,0.08000000000000002,0.3,False,False,True,False,False,True,False,False,True,,2.9802322387695312e-08,link_1|link_2|link_3
0.0,0.06,0.3,False,False,True,False,False,True,False,False,True,,2.9802322387695312e-08,link_1|link_2|link_3
0.0,0.040000000000000036,0.3,False,False,True,False,False,True,False,False,True,,2.9802322387695312e-08,link_1|link_2|link_3
0.0,0.020000000000000018,0.3,False,False,True,False,False,True,False,False,True,,2.9802322387695312e-08,link_1|link_2|link_3
0.0,0.0,0.3,False,False,True,False,False,True,False,False,True,,2.9802322387695312e-08,link_1|link_2|link_3
0.0,-0.019999999999999962,0.3,False,False,True,False,False,True,False,False,True,,2.9802322387695312e-08,link_1|link_2|link_3
0.0,-0.03999999999999998,0.3,False,False,True,False,False,True,False,False,True,,2.9802322387695312e-08,link_1|link_2|link_3
0.0,-0.06,0.3,False,False,True,False,False,True,False,False,True,,2.9802322387695312e-08,link_1|link_2|link_3
0.0,-0.07999999999999996,0.3,False,False,True,False,False,True,False,False,True,,2.9802322387695312e-08,link_1|link_2|link_3
0.0,-0.09999999999999998,0.3,False,False,True,False,False,True,False,False,True,,2.980237923100575e-08,link_1|link_2|link_3
0.0,-0.12,0.3,False,False,True,False,False,True,False,False,True,,2.9802322387695312e-08,link_1|link_2|link_3
0.0,-0.13999999999999996,0.3,False,False,True,False,False,True,False,False,True,,2.9802322387695312e-08,link_1|link_2|link_3
0.0,-0.15999999999999998,0.3,False,False,True,False,False,True,False,False,True,,2.9802322387695312e-08,link_1|link_2|link_3
0.0,-0.18,0.3,False,False,True,False,False,True,False,False,True,,2.9802322387695312e-08,link_1|link_2|link_3
0.0,-0.19999999999999998,0.3,False,False,True,False,False,True,False,False,True,,2.9802322387695312e-08,link_1|link_2|link_3
0.0,-0.21999999999999997,0.3,False,False,True,False,False,True,False,False,True,,2.9802322387695312e-08,link_1|link_2|link_3
0.0,-0.24,0.3,False,False,True,False,False,True,False,False,True,,2.9802322387695312e-08,link_1|link_2|link_3
0.0,-0.26,0.3,False,False,True,False,False,True,False,False,True,,2.9802322387695312e-08,link_1|link_2|link_3
0.0,-0.27999999999999997,0.3,False,False,True,False,False,True,False,False,True,,2.9802322387695312e-08,link_1|link_2|link_3
0.0,-0.3,0.3,False,False,True,False,False,True,False,False,True,,2.9802322387695312e-08,link_1|link_2|link_3
0.0,-0.31999999999999995,0.3,False,False,True,False,False,True,False,False,True,,2.9802322387695312e-08,link_1|link_2|link_3
0.0,-0.33999999999999997,0.3,False,False,True,False,False,True,False,False,True,,2.9802322387695312e-08,link_1|link_2|link_3
0.0,-0.36,0.3,False,False,True,False,False,True,False,False,True,,2.9802322387695312e-08,link_1|link_2|link_3
0.0,-0.38,0.3,False,False,True,False,False,True,False,False,True,,2.9802322387695312e-08,link_1|link_2|link_3
0.0,-0.39999999999999997,0.3,False,False,True,False,False,True,False,False,True,,2.9802322387695312e-08,link_1|link_2|link_3
0.0,-0.42,0.3,False,False,True,False,False,True,False,False,True,,2.9802322387695312e-08,link_1|link_2|link_3
0.0,0.42,0.27999999999999997,False,False,True,False,False,True,False,False,True,,2.9802322387695312e-08,link_1|link_2|link_3
0.0,0.4000000000000001,0.27999999999999997,False,False,True,False,False,True,False,False,True,,2.9802322387695312e-08,link_1|link_2|link_3
0.0,0.38000000000000006,0.27999999999999997,False,False,True,False,False,True,False,False,True,,2.9802322387695312e-08,link_1|link_2|link_3
0.0,0.36000000000000004,0.27999999999999997,False,False,True,False,False,True,False,False,True,,2.9802322387695312e-08,link_1|link_2|link_3
0.0,0.34,0.27999999999999997,False,False,True,False,False,True,False,False,True,,2.9802322387695312e-08,link_1|link_2|link_3
0.0,0.32,0.27999999999999997,False,False,True,False,False,True,False,False,True,,2.9802322387695312e-08,link_1|link_2|link_3
0.0,0.3,0.27999999999999997,False,False,True,False,False,True,False,False,True,,2.9802322387695312e-08,link_1|link_2|link_3
0.0,0.2800000000000001,0.27999999999999997,False,False,True,False,False,True,False,False,True,,2.9802322387695312e-08,link_1|link_2|link_3
0.0,0.26000000000000006,0.27999999999999997,False,False,True,False,False,True,False,False,True,,2.9802322387695312e-08,link_1|link_2|link_3
0.0,0.24000000000000005,0.27999999999999997,False,False,True,False,False,True,False,False,True,,2.9802322387695312e-08,link_1|link_2|link_3
0.0,0.22000000000000003,0.27999999999999997,False,False,True,False,False,True,False,False,True,,2.9802322387695312e-08,link_1|link_2|link_3
0.0,0.2,0.27999999999999997,False,False,True,False,False,True,False,False,True,,2.9802322387695312e-08,link_1|link_2|link_3
0.0,0.18,0.27999999999999997,False,False,True,False,False,True,False,False,True,,2.9802322387695312e-08,link_1|link_2|link_3
0.0,0.15999999999999998,0.27999999999999997,False,False,True,False,False,True,False,False,True,,2.9802322387695312e-08,link_1|link_2|link_3
0.0,0.14000000000000007,0.27999999999999997,False,False,True,False,False,True,False,False,True,,2.9802322387695312e-08,link_1|link_2|link_3
0.0,0.12000000000000005,0.27999999999999997,False,False,True,False,False,True,False,False,True,,2.9802322387695312e-08,link_1|link_2|link_3
0.0,0.10000000000000003,0.27999999999999997,False,False,True,False,False,True,False,False,True,,2.9802322387695312e-08,link_1|link_2|link_3
0.0,0.08000000000000002,0.27999999999999997,False,False,True,False,False,True,False,False,True,,2.9802322387695312e-08,link_1|link_2|link_3
0.0,0.06,0.27999999999999997,False,False,True,False,False,True,False,False,True,,2.9802322387695312e-08,link_1|link_2|link_3
0.0,0.040000000000000036,0.27999999999999997,False,False,True,False,False,True,False,False,True,,2.9802322387695312e-08,link_1|link_2|link_3
0.0,0.020000000000000018,0.27999999999999997,False,False,True,False,False,True,False,False,True,,2.9802322387695312e-08,link_1|link_2|link_3
0.0,0.0,0.27999999999999997,False,False,True,False,False,True,False,False,True,,2.9802322387695312e-08,link_1|link_2|link_3
0.0,-0.019999999999999962,0.27999999999999997,False,False,True,False,False,True,False,False,True,,2.9802322387695312e-08,link_1|link_2|link_3
0.0,-0.03999999999999998,0.27999999999999997,False,False,True,False,False,True,False,False,True,,2.9802322387695312e-08,link_1|link_2|link_3
0.0,-0.06,0.27999999999999997,False,False,True,False,False,True,False,False,True,,2.9802322387695312e-08,link_1|link_2|link_3
0.0,-0.07999999999999996,0.27999999999999997,False,False,True,False,False,True,False,False,True,,2.9802322387695312e-08,link_1|link_2|link_3
0.0,-0.09999999999999998,0.27999999999999997,False,False,True,False,False,True,False,False,True,,2.980237923100575e-08,link_1|link_2|link_3
0.0,-0.12,0.27999999999999997,False,False,True,False,False,True,False,False,True,,2.9802322387695312e-08,link_1|link_2|link_3
0.0,-0.13999999999999996,0.27999999999999997,False,False,True,False,False,True,False,False,True,,2.9802322387695312e-08,link_1|link_2|link_3
0.0,-0.15999999999999998,0.27999999999999997,False,False,True,False,False,True,False,False,True,,2.9802322387695312e-08,link_1|link_2|link_3
0.0,-0.18,0.27999999999999997,False,False,True,False,False,True,False,False,True,,2.9802322387695312e-08,link_1|link_2|link_3
0.0,-0.19999999999999998,0.27999999999999997,False,False,True,False,False,True,False,False,True,,2.9802322387695312e-08,link_1|link_2|link_3
0.0,-0.21999999999999997,0.27999999999999997,False,False,True,False,False,True,False,False,True,,2.9802322387695312e-08,link_1|link_2|link_3
0.0,-0.24,0.27999999999999997,False,False,True,False,False,True,False,False,True,,2.9802322387695312e-08,link_1|link_2|link_3
0.0,-0.26,0.27999999999999997,False,False,True,False,False,True,False,False,True,,2.9802322387695312e-08,link_1|link_2|link_3
0.0,-0.27999999999999997,0.27999999999999997,False,False,True,False,False,True,False,False,True,,2.9802322387695312e-08,link_1|link_2|link_3
0.0,-0.3,0.27999999999999997,False,False,True,False,False,True,False,False,True,,2.9802322387695312e-08,link_1|link_2|link_3
0.0,-0.31999999999999995,0.27999999999999997,False,False,True,False,False,True,False,False,True,,2.9802322387695312e-08,link_1|link_2|link_3
0.0,-0.33999999999999997,0.27999999999999997,False,False,True,False,False,True,False,False,True,,2.9802322387695312e-08,link_1|link_2|link_3
0.0,-0.36,0.27999999999999997,False,False,True,False,False,True,False,False,True,,2.9802322387695312e-08,link_1|link_2|link_3
0.0,-0.38,0.27999999999999997,False,False,True,False,False,True,False,False,True,,2.9802322387695312e-08,link_1|link_2|link_3
0.0,-0.39999999999999997,0.27999999999999997,False,False,True,False,False,True,False,False,True,,2.9802322387695312e-08,link_1|link_2|link_3
0.0,-0.42,0.27999999999999997,False,False,True,False,False,True,False,False,True,,2.9802322387695312e-08,link_1|link_2|link_3
0.0,0.42,0.25999999999999995,False,False,True,False,False,True,False,False,True,,2.9802322387695312e-08,link_1|link_2|link_3
0.0,0.4000000000000001,0.25999999999999995,False,False,True,False,False,True,False,False,True,,2.9802322387695312e-08,link_1|link_2|link_3
0.0,0.38000000000000006,0.25999999999999995,False,False,True,False,False,True,False,False,True,,2.9802322387695312e-08,link_1|link_2|link_3
0.0,0.36000000000000004,0.25999999999999995,False,False,True,False,False,True,False,False,True,,2.9802322387695312e-08,link_1|link_2|link_3
0.0,0.34,0.25999999999999995,False,False,True,False,False,True,False,False,True,,2.9802322387695312e-08,link_1|link_2|link_3
0.0,0.32,0.25999999999999995,False,False,True,False,False,True,False,False,True,,2.9802322387695312e-08,link_1|link_2|link_3
0.0,0.3,0.25999999999999995,False,False,True,False,False,True,False,False,True,,2.9802322387695312e-08,link_1|link_2|link_3
0.0,0.2800000000000001,0.25999999999999995,False,False,True,False,False,True,False,False,True,,2.9802322387695312e-08,link_1|link_2|link_3
0.0,0.26000000000000006,0.25999999999999995,False,False,True,False,False,True,False,False,True,,2.9802322387695312e-08,link_1|link_2|link_3
0.0,0.24000000000000005,0.25999999999999995,False,False,True,False,False,True,False,False,True,,2.9802322387695312e-08,link_1|link_2|link_3
0.0,0.22000000000000003,0.25999999999999995,False,False,True,False,False,True,False,False,True,,2.9802322387695312e-08,link_1|link_2|link_3
0.0,0.2,0.25999999999999995,False,False,True,False,False,True,False,False,True,,2.9802322387695312e-08,link_1|link_2|link_3
0.0,0.18,0.25999999999999995,False,False,True,False,False,True,False,False,True,,2.9802322387695312e-08,link_1|link_2|link_3
0.0,0.15999999999999998,0.25999999999999995,False,False,True,False,False,True,False,False,True,,2.9802322387695312e-08,link_1|link_2|link_3
0.0,0.14000000000000007,0.25999999999999995,False,False,True,False,False,True,False,False,True,,2.9802322387695312e-08,link_1|link_2|link_3
0.0,0.12000000000000005,0.25999999999999995,False,False,True,False,False,True,False,False,True,,2.9802322387695312e-08,link_1|link_2|link_3
0.0,0.10000000000000003,0.25999999999999995,False,False,True,False,False,True,False,False,True,,2.9802322387695312e-08,link_1|link_2|link_3
0.0,0.08000000000000002,0.25999999999999995,False,False,True,False,False,True,False,False,True,,2.9802322387695312e-08,link_1|link_2|link_3
0.0,0.06,0.25999999999999995,False,False,True,False,False,True,False,False,True,,2.9802322387695312e-08,link_1|link_2|link_3
0.0,0.040000000000000036,0.25999999999999995,False,False,True,False,False,True,False,False,True,,2.9802322387695312e-08,link_1|link_2|link_3
0.0,0.020000000000000018,0.25999999999999995,False,False,True,False,False,True,False,False,True,,2.9802322387695312e-08,link_1|link_2|link_3
0.0,0.0,0.25999999999999995,False,False,True,False,False,True,False,False,True,,2.9802322387695312e-08,link_1|link_2|link_3
0.0,-0.019999999999999962,0.25999999999999995,False,False,True,False,False,True,False,False,True,,2.9802322387695312e-08,link_1|link_2|link_3
0.0,-0.03999999999999998,0.25999999999999995,False,False,True,False,False,True,False,False,True,,2.9802322387695312e-08,link_1|link_2|link_3
0.0,-0.06,0.25999999999999995,False,False,True,False,False,True,False,False,True,,2.9802322387695312e-08,link_1|link_2|link_3
0.0,-0.07999999999999996,0.25999999999999995,False,False,True,False,False,True,False,False,True,,2.9802322387695312e-08,link_1|link_2|link_3
0.0,-0.09999999999999998,0.25999999999999995,False,False,True,False,False,True,False,False,True,,2.980237923100575e-08,link_1|link_2|link_3
0.0,-0.12,0.25999999999999995,False,False,True,False,False,True,False,False,True,,2.9802322387695312e-08,link_1|link_2|link_3
0.0,-0.13999999999999996,0.25999999999999995,False,False,True,False,False,True,False,False,True,,2.9802322387695312e-08,link_1|link_2|link_3
0.0,-0.15999999999999998,0.25999999999999995,False,False,True,False,False,True,False,False,True,,2.9802322387695312e-08,link_1|link_2|link_3
0.0,-0.18,0.25999999999999995,False,False,True,False,False,True,False,False,True,,2.9802322387695312e-08,link_1|link_2|link_3
0.0,-0.19999999999999998,0.25999999999999995,False,False,True,False,False,True,False,False,True,,2.9802322387695312e-08,link_1|link_2|link_3
0.0,-0.21999999999999997,0.25999999999999995,False,False,True,False,False,True,False,False,True,,2.9802322387695312e-08,link_1|link_2|link_3
0.0,-0.24,0.25999999999999995,False,False,True,False,False,True,False,False,True,,2.9802322387695312e-08,link_1|link_2|link_3
0.0,-0.26,0.25999999999999995,False,False,True,False,False,True,False,False,True,,2.9802322387695312e-08,link_1|link_2|link_3
0.0,-0.27999999999999997,0.25999999999999995,False,False,True,False,False,True,False,False,True,,2.9802322387695312e-08,link_1|link_2|link_3
0.0,-0.3,0.25999999999999995,False,False,True,False,False,True,False,False,True,,2.9802322387695312e-08,link_1|link_2|link_3
0.0,-0.31999999999999995,0.25999999999999995,False,False,True,False,False,True,False,False,True,,2.9802322387695312e-08,link_1|link_2|link_3
0.0,-0.33999999999999997,0.25999999999999995,False,False,True,False,False,True,False,False,True,,2.9802322387695312e-08,link_1|link_2|link_3
0.0,-0.36,0.25999999999999995,False,False,True,False,False,True,False,False,True,,2.9802322387695312e-08,link_1|link_2|link_3
0.0,-0.38,0.25999999999999995,False,False,True,False,False,True,False,False,True,,2.9802322387695312e-08,link_1|link_2|link_3
0.0,-0.39999999999999997,0.25999999999999995,False,False,True,False,False,True,False,False,True,,2.9802322387695312e-08,link_1|link_2|link_3
0.0,-0.42,0.25999999999999995,False,False,True,False,False,True,False,False,True,,2.9802322387695312e-08,link_1|link_2|link_3
0.0,0.42,0.23999999999999994,False,False,True,False,False,True,False,False,True,,2.9802322387695312e-08,link_1|link_2|link_3
0.0,0.4000000000000001,0.23999999999999994,False,False,True,False,False,True,False,False,True,,2.9802322387695312e-08,link_1|link_2|link_3
0.0,0.38000000000000006,0.23999999999999994,False,False,True,False,False,True,False,False,True,,2.9802322387695312e-08,link_1|link_2|link_3
0.0,0.36000000000000004,0.23999999999999994,False,False,True,False,False,True,False,False,True,,2.9802322387695312e-08,link_1|link_2|link_3
0.0,0.34,0.23999999999999994,False,False,True,False,False,True,False,False,True,,2.9802322387695312e-08,link_1|link_2|link_3
0.0,0.32,0.23999999999999994,False,False,True,False,False,True,False,False,True,,2.9802322387695312e-08,link_1|link_2|link_3
0.0,0.3,0.23999999999999994,False,False,True,False,False,True,False,False,True,,2.9802322387695312e-08,link_1|link_2|link_3
0.0,0.2800000000000001,0.23999999999999994,False,False,True,False,False,True,False,False,True,,2.9802322387695312e-08,link_1|link_2|link_3
0.0,0.26000000000000006,0.23999999999999994,False,False,True,False,False,True,False,False,True,,2.9802322387695312e-08,link_1|link_2|link_3
0.0,0.24000000000000005,0.23999999999999994,False,False,True,False,False,True,False,False,True,,2.9802322387695312e-08,link_1|link_2|link_3
0.0,0.22000000000000003,0.23999999999999994,False,False,True,False,False,True,False,False,True,,2.9802322387695312e-08,link_1|link_2|link_3
0.0,0.2,0.23999999999999994,False,False,True,False,False,True,False,False,True,,2.9802322387695312e-08,link_1|link_2|link_3
0.0,0.18,0.23999999999999994,False,False,True,False,False,True,False,False,True,,2.9802322387695312e-08,link_1|link_2|link_3
0.0,0.15999999999999998,0.23999999999999994,False,False,True,False,False,True,False,False,True,,2.9802322387695312e-08,link_1|link_2|link_3
0.0,0.14000000000000007,0.23999999999999994,False,False,True,False,False,True,False,False,True,,2.9802322387695312e-08,link_1|link_2|link_3
0.0,0.12000000000000005,0.23999999999999994,False,False,True,False,False,True,False,False,True,,2.9802322387695312e-08,link_1|link_2|link_3
0.0,0.10000000000000003,0.23999999999999994,False,False,True,False,False,True,False,False,True,,2.9802322387695312e-08,link_1|link_2|link_3
0.0,0.08000000000000002,0.23999999999999994,False,False,True,False,False,True,False,False,True,,2.9802322387695312e-08,link_1|link_2|link_3
0.0,0.06,0.23999999999999994,False,False,True,False,False,True,False,False,True,,2.9802322387695312e-08,link_1|link_2|link_3
0.0,0.040000000000000036,0.23999999999999994,False,False,True,False,False,True,False,False,True,,2.9802322387695312e-08,link_1|link_2|link_3
0.0,0.020000000000000018,0.23999999999999994,False,False,True,False,False,True,False,False,True,,2.9802322387695312e-08,link_1|link_2|link_3
0.0,0.0,0.23999999999999994,False,False,True,False,False,True,False,False,True,,2.9802322387695312e-08,link_1|link_2|link_3
0.0,-0.019999999999999962,0.23999999999999994,False,False,True,False,False,True,False,False,True,,2.9802322387695312e-08,link_1|link_2|link_3
0.0,-0.03999999999999998,0.23999999999999994,False,False,True,False,False,True,False,False,True,,2.9802322387695312e-08,link_1|link_2|link_3
0.0,-0.06,0.23999999999999994,False,False,True,False,False,True,False,False,True,,2.9802322387695312e-08,link_1|link_2|link_3
0.0,-0.07999999999999996,0.23999999999999994,False,False,True,False,False,True,False,False,True,,2.9802322387695312e-08,link_1|link_2|link_3
0.0,-0.09999999999999998,0.23999999999999994,False,False,True,False,False,True,False,False,True,,2.980237923100575e-08,link_1|link_2|link_3
0.0,-0.12,0.23999999999999994,False,False,True,False,False,True,False,False,True,,2.9802322387695312e-08,link_1|link_2|link_3
0.0,-0.13999999999999996,0.23999999999999994,False,False,True,False,False,True,False,False,True,,2.9802322387695312e-08,link_1|link_2|link_3
0.0,-0.15999999999999998,0.23999999999999994,False,False,True,False,False,True,False,False,True,,2.9802322387695312e-08,link_1|link_2|link_3
0.0,-0.18,0.23999999999999994,False,False,True,False,False,True,False,False,True,,2.9802322387695312e-08,link_1|link_2|link_3
0.0,-0.19999999999999998,0.23999999999999994,False,False,True,False,False,True,False,False,True,,2.9802322387695312e-08,link_1|link_2|link_3
0.0,-0.21999999999999997,0.23999999999999994,False,False,True,False,False,True,False,False,True,,2.9802322387695312e-08,link_1|link_2|link_3
0.0,-0.24,0.23999999999999994,False,False,True,False,False,True,False,False,True,,2.9802322387695312e-08,link_1|link_2|link_3
0.0,-0.26,0.23999999999999994,False,False,True,False,False,True,False,False,True,,2.9802322387695312e-08,link_1|link_2|link_3
0.0,-0.27999999999999997,0.23999999999999994,False,False,True,False,False,True,False,False,True,,2.9802322387695312e-08,link_1|link_2|link_3
0.0,-0.3,0.23999999999999994,False,False,True,False,False,True,False,False,True,,2.9802322387695312e-08,link_1|link_2|link_3
0.0,-0.31999999999999995,0.23999999999999994,False,False,True,False,False,True,False,False,True,,2.9802322387695312e-08,link_1|link_2|link_3
0.0,-0.33999999999999997,0.23999999999999994,False,False,True,False,False,True,False,False,True,,2.9802322387695312e-08,link_1|link_2|link_3
0.0,-0.36,0.23999999999999994,False,False,True,False,False,True,False,False,True,,2.9802322387695312e-08,link_1|link_2|link_3
0.0,-0.38,0.23999999999999994,False,False,True,False,False,True,False,False,True,,2.9802322387695312e-08,link_1|link_2|link_3
0.0,-0.39999999999999997,0.23999999999999994,False,False,True,False,False,True,False,False,True,,2.9802322387695312e-08,link_1|link_2|link_3
0.0,-0.42,0.23999999999999994,False,False,True,False,False,True,False,False,True,,2.9802322387695312e-08,link_1|link_2|link_3
0.0,0.42,0.22000000000000003,False,False,True,False,False,True,False,False,True,,2.9802322387695312e-08,link_1|link_2|link_3
0.0,0.4000000000000001,0.22000000000000003,False,False,True,False,False,True,False,False,True,,2.9802322387695312e-08,link_1|link_2|link_3
0.0,0.38000000000000006,0.22000000000000003,False,False,True,False,False,True,False,False,True,,2.9802322387695312e-08,link_1|link_2|link_3
0.0,0.36000000000000004,0.22000000000000003,False,False,True,False,False,True,False,False,True,,2.9802322387695312e-08,link_1|link_2|link_3
0.0,0.34,0.22000000000000003,False,False,True,False,False,True,False,False,True,,2.9802322387695312e-08,link_1|link_2|link_3
0.0,0.32,0.22000000000000003,False,False,True,False,False,True,False,False,True,,2.9802322387695312e-08,link_1|link_2|link_3
0.0,0.3,0.22000000000000003,False,False,True,False,False,True,False,False,True,,2.9802322387695312e-08,link_1|link_2|link_3
0.0,0.2800000000000001,0.22000000000000003,False,False,True,False,False,True,False,False,True,,2.9802322387695312e-08,link_1|link_2|link_3
0.0,0.26000000000000006,0.22000000000000003,False,False,True,False,False,True,False,False,True,,2.9802322387695312e-08,link_1|link_2|link_3
0.0,0.24000000000000005,0.22000000000000003,False,False,True,False,False,True,False,False,True,,2.9802322387695312e-08,link_1|link_2|link_3
0.0,0.22000000000000003,0.22000000000000003,False,False,True,False,False,True,False,False,True,,2.9802322387695312e-08,link_1|link_2|link_3
0.0,0.2,0.22000000000000003,False,False,True,False,False,True,False,False,True,,2.9802322387695312e-08,link_1|link_2|link_3
0.0,0.18,0.22000000000000003,False,False,True,False,False,True,False,False,True,,2.9802322387695312e-08,link_1|link_2|link_3
0.0,0.15999999999999998,0.22000000000000003,False,False,True,False,False,True,False,False,True,,2.9802322387695312e-08,link_1|link_2|link_3
0.0,0.14000000000000007,0.22000000000000003,False,False,True,False,False,True,False,False,True,,2.9802322387695312e-08,link_1|link_2|link_3
0.0,0.12000000000000005,0.22000000000000003,False,False,True,False,False,True,False,False,True,,2.9802322387695312e-08,link_1|link_2|link_3
0.0,0.10000000000000003,0.22000000000000003,False,False,True,False,False,True,False,False,True,,2.9802322387695312e-08,link_1|link_2|link_3
0.0,0.08000000000000002,0.22000000000000003,False,False,True,False,False,True,False,False,True,,2.9802322387695312e-08,link_1|link_2|link_3
0.0,0.06,0.22000000000000003,False,False,True,False,False,True,False,False,True,,2.9802322387695312e-08,link_1|link_2|link_3
0.0,0.040000000000000036,0.22000000000000003,False,False,True,False,False,True,False,False,True,,2.9802322387695312e-08,link_1|link_2|link_3
0.0,0.020000000000000018,0.22000000000000003,False,False,True,False,False,True,False,False,True,,2.9802322387695312e-08,link_1|link_2|link_3
0.0,0.0,0.22000000000000003,False,False,True,False,False,True,False,False,True,,2.9802322387695312e-08,link_1|link_2|link_3
0.0,-0.019999999999999962,0.22000000000000003,False,False,True,False,False,True,False,False,True,,2.9802322387695312e-08,link_1|link_2|link_3
0.0,-0.03999999999999998,0.22000000000000003,False,False,True,False,False,True,False,False,True,,2.9802322387695312e-08,link_1|link_2|link_3
0.0,-0.06,0.22000000000000003,False,False,True,False,False,True,False,False,True,,2.9802322387695312e-08,link_1|link_2|link_3
0.0,-0.07999999999999996,0.22000000000000003,False,False,True,False,False,True,False,False,True,,2.9802322387695312e-08,link_1|link_2|link_3
0.0,-0.09999999999999998,0.22000000000000003,False,False,True,False,False,True,False,False,True,,2.980237923100575e-08,link_1|link_2|link_3
0.0,-0.12,0.22000000000000003,False,False,True,False,False,True,False,False,True,,2.9802322387695312e-08,link_1|link_2|link_3
0.0,-0.13999999999999996,0.22000000000000003,False,False,True,False,False,True,False,False,True,,2.9802322387695312e-08,link_1|link_2|link_3
0.0,-0.15999999999999998,0.22000000000000003,False,False,True,False,False,True,False,False,True,,2.9802322387695312e-08,link_1|link_2|link_3
0.0,-0.18,0.22000000000000003,False,False,True,False,False,True,False,False,True,,2.9802322387695312e-08,link_1|link_2|link_3
0.0,-0.19999999999999998,0.22000000000000003,False,False,True,False,False,True,False,False,True,,2.9802322387695312e-08,link_1|link_2|link_3
0.0,-0.21999999999999997,0.22000000000000003,False,False,True,False,False,True,False,False,True,,2.9802322387695312e-08,link_1|link_2|link_3
0.0,-0.24,0.22000000000000003,False,False,True,False,False,True,False,False,True,,2.9802322387695312e-08,link_1|link_2|link_3
0.0,-0.26,0.22000000000000003,False,False,True,False,False,True,False,False,True,,2.9802322387695312e-08,link_1|link_2|link_3
0.0,-0.27999999999999997,0.22000000000000003,False,False,True,False,False,True,False,False,True,,2.9802322387695312e-08,link_1|link_2|link_3
0.0,-0.3,0.22000000000000003,False,False,True,False,False,True,False,False,True,,2.9802322387695312e-08,link_1|link_2|link_3
0.0,-0.31999999999999995,0.22000000000000003,False,False,True,False,False,True,False,False,True,,2.9802322387695312e-08,link_1|link_2|link_3
0.0,-0.33999999999999997,0.22000000000000003,False,False,True,False,False,True,False,False,True,,2.9802322387695312e-08,link_1|link_2|link_3
0.0,-0.36,0.22000000000000003,False,False,True,False,False,True,False,False,True,,2.9802322387695312e-08,link_1|link_2|link_3
0.0,-0.38,0.22000000000000003,False,False,True,False,False,True,False,False,True,,2.9802322387695312e-08,link_1|link_2|link_3
0.0,-0.39999999999999997,0.22000000000000003,False,False,True,False,False,True,False,False,True,,2.9802322387695312e-08,link_1|link_2|link_3
0.0,-0.42,0.22000000000000003,False,False,True,False,False,True,False,False,True,,2.9802322387695312e-08,link_1|link_2|link_3
0.0,0.42,0.2,False,False,True,False,False,True,False,False,True,,2.9802322387695312e-08,link_1|link_2|link_3
0.0,0.4000000000000001,0.2,False,False,True,False,False,True,False,False,True,,2.9802322387695312e-08,link_1|link_2|link_3
0.0,0.38000000000000006,0.2,False,False,True,False,False,True,False,False,True,,2.9802322387695312e-08,link_1|link_2|link_3
0.0,0.36000000000000004,0.2,False,False,True,False,False,True,False,False,True,,2.9802322387695312e-08,link_1|link_2|link_3
0.0,0.34,0.2,False,False,True,False,False,True,False,False,True,0.015034646727144718,2.9802322387695312e-08,basket|link_0|link_1|link_2|link_3
0.0,0.32,0.2,False,False,True,False,False,True,False,False,True,0.007773958146572113,2.9802322387695312e-08,basket|link_0|link_1|link_2|link_3
0.0,0.3,0.2,False,False,True,False,False,True,False,False,True,0.007723450660705566,2.9802322387695312e-08,basket|link_0|link_1|link_2|link_3
0.0,0.2800000000000001,0.2,False,False,True,False,False,True,False,False,True,0.007594853639602661,2.9802322387695312e-08,basket|link_0|link_1|link_2|link_3
0.0,0.26000000000000006,0.2,False,False,True,False,False,True,False,False,True,0.007503107190132141,2.9802322387695312e-08,basket|link_0|link_1|link_2|link_3
0.0,0.24000000000000005,0.2,False,False,True,False,False,True,False,False,True,0.007483825087547302,2.9802322387695312e-08,basket|link_0|link_1|link_2|link_3
0.0,0.22000000000000003,0.2,False,False,True,False,False,True,False,False,True,0.007492668926715851,2.9802322387695312e-08,basket|link_0|link_1|link_2|link_3
0.0,0.2,0.2,False,False,True,False,False,True,False,False,True,0.007501383777707815,2.9802322387695312e-08,basket|link_0|link_1|link_2|link_3
0.0,0.18,0.2,False,False,True,False,False,True,False,False,True,0.007513217628002167,2.9802322387695312e-08,basket|link_0|link_1|link_2|link_3
0.0,0.15999999999999998,0.2,False,False,True,False,False,True,False,False,True,0.007513217628002167,2.9802322387695312e-08,basket|link_0|link_1|link_2|link_3
0.0,0.14000000000000007,0.2,False,False,True,False,False,True,False,False,True,0.007513217628002167,2.9802322387695312e-08,basket|link_0|link_1|link_2|link_3
0.0,0.12000000000000005,0.2,False,False,True,False,False,True,False,False,True,0.007534869015216827,2.9802322387695312e-08,basket|link_0|link_1|link_2|link_3
0.0,0.10000000000000003,0.2,False,False,True,False,False,True,False,False,True,0.007619984447956085,2.9802322387695312e-08,basket|link_0|link_1|link_2|link_3
0.0,0.08000000000000002,0.2,False,False,True,False,False,True,False,False,True,0.007705137133598328,2.9802322387695312e-08,basket|link_0|link_1|link_2|link_3
0.0,0.06,0.2,False,False,True,False,False,True,False,False,True,0.007790934760123491,2.9802322387695312e-08,basket|link_0|link_1|link_2|link_3
0.0,0.040000000000000036,0.2,False,False,True,False,False,True,False,False,True,0.008576800115406513,2.9802322387695312e-08,basket|link_0|link_1|link_2|link_3
0.0,0.020000000000000018,0.2,False,False,True,False,False,True,False,False,True,0.00857070367783308,2.9802322387695312e-08,basket|link_0|link_1|link_2|link_3
0.0,0.0,0.2,False,False,True,False,False,True,False,False,True,0.008555077947676182,2.9802322387695312e-08,basket|link_0|link_1|link_2|link_3
0.0,-0.019999999999999962,0.2,False,False,True,False,False,True,False,False,True,0.008560587652027607,2.9802322387695312e-08,basket|link_0|link_1|link_2|link_3
0.0,-0.03999999999999998,0.2,False,False,True,False,False,True,False,False,True,0.00848634634166956,2.9802322387695312e-08,basket|link_0|link_1|link_2|link_3
0.0,-0.06,0.2,False,False,True,False,False,True,False,False,True,0.0077666789293289185,2.9802322387695312e-08,basket|link_0|link_1|link_2|link_3
0.0,-0.07999999999999996,0.2,False,False,True,False,False,True,False,False,True,0.007715433835983276,2.9802322387695312e-08,basket|link_0|link_1|link_2|link_3
0.0,-0.09999999999999998,0.2,False,False,True,False,False,True,False,False,True,0.007623679935932159,2.980237923100575e-08,basket|link_0|link_1|link_2|link_3
0.0,-0.12,0.2,False,False,True,False,False,True,False,False,True,0.0077155232429504395,2.9802322387695312e-08,basket|link_0|link_1|link_2|link_3
0.0,-0.13999999999999996,0.2,False,False,True,False,False,True,False,False,True,0.007481418550014496,2.9802322387695312e-08,basket|link_0|link_1|link_2|link_3
0.0,-0.15999999999999998,0.2,False,False,True,False,False,True,False,False,True,0.007481418550014496,2.9802322387695312e-08,basket|link_0|link_1|link_2|link_3
0.0,-0.18,0.2,False,False,True,False,False,True,False,False,True,0.007481418550014496,2.9802322387695312e-08,basket|link_0|link_1|link_2|link_3
0.0,-0.19999999999999998,0.2,False,False,True,False,False,True,False,False,True,0.007489912211894989,2.9802322387695312e-08,basket|link_0|link_1|link_2|link_3
0.0,-0.21999999999999997,0.2,False,False,True,False,False,True,False,False,True,0.007500334642827511,2.9802322387695312e-08,basket|link_0|link_1|link_2|link_3
0.0,-0.24,0.2,False,False,True,False,False,True,False,False,True,0.007508085574954748,2.9802322387695312e-08,basket|link_0|link_1|link_2|link_3
0.0,-0.26,0.2,False,False,True,False,False,True,False,False,True,0.007542327046394348,2.9802322387695312e-08,basket|link_0|link_1|link_2|link_3
0.0,-0.27999999999999997,0.2,False,False,True,False,False,True,False,False,True,0.0076274871826171875,2.9802322387695312e-08,basket|link_0|link_1|link_2|link_3
0.0,-0.3,0.2,False,False,True,False,False,True,False,False,True,0.007712617516517639,2.9802322387695312e-08,basket|link_0|link_1|link_2|link_3
0.0,-0.31999999999999995,0.2,False,False,True,False,False,True,False,False,True,0.007879853248596191,2.9802322387695312e-08,basket|link_0|link_1|link_2|link_3
0.0,-0.33999999999999997,0.2,False,False,True,False,False,True,False,False,True,0.015444576740264893,2.9802322387695312e-08,basket|link_0|link_1|link_2|link_3
0.0,-0.36,0.2,False,False,True,False,False,True,False,False,True,,2.9802322387695312e-08,link_1|link_2|link_3
0.0,-0.38,0.2,False,False,True,False,False,True,False,False,True,,2.9802322387695312e-08,link_1|link_2|link_3
0.0,-0.39999999999999997,0.2,False,False,True,False,False,True,False,False,True,,2.9802322387695312e-08,link_1|link_2|link_3
0.0,-0.42,0.2,False,False,True,False,False,True,False,False,True,,2.9802322387695312e-08,link_1|link_2|link_3
0.0,0.42,0.18,False,False,True,False,False,True,False,False,True,,2.9802322387695312e-08,link_1|link_2|link_3
0.0,0.4000000000000001,0.18,False,False,True,False,False,True,False,False,True,,2.9802322387695312e-08,link_1|link_2|link_3
0.0,0.38000000000000006,0.18,False,False,True,False,False,True,False,False,True,,2.9802322387695312e-08,link_1|link_2|link_3
0.0,0.36000000000000004,0.18,False,False,True,False,False,True,False,False,True,,2.9802322387695312e-08,link_1|link_2|link_3
0.0,0.34,0.18,False,False,True,False,False,True,False,False,True,0.004771367181092501,2.9802322387695312e-08,basket|link_0|link_1|link_2|link_3
0.0,0.32,0.18,True,True,True,True,True,True,True,True,True,-0.012192711234092712,0.005393901753138701,basket|link_0|link_1|link_2|link_3
0.0,0.3,0.18,True,True,True,True,True,True,True,True,True,-0.012313418090343475,0.027873378124353025,basket|link_0|link_1|link_2|link_3
0.0,0.2800000000000001,0.18,True,True,True,True,True,True,True,True,True,-0.012405164539813995,0.023266809461623985,basket|link_0|link_1|link_2|link_3
0.0,0.26000000000000006,0.18,True,True,True,True,True,True,True,True,True,-0.012496910989284515,0.01480733281934524,basket|link_0|link_1|link_2|link_3
0.0,0.24000000000000005,0.18,True,True,True,True,True,True,True,True,True,-0.012512748129665852,0.0386137384158032,basket|link_0|link_1|link_2|link_3
0.0,0.22000000000000003,0.18,True,True,True,True,True,True,True,True,True,-0.012507349252700806,0.02233954021077652,basket|link_0|link_1|link_2|link_3
0.0,0.2,0.18,True,True,True,True,True,True,True,True,True,-0.012498623691499233,0.025856114361398348,basket|link_0|link_1|link_2|link_3
0.0,0.18,0.18,True,True,True,True,True,True,True,True,True,-0.01248680055141449,0.024246587147344196,basket|link_0|link_1|link_2|link_3
0.0,0.15999999999999998,0.18,True,True,True,True,True,True,True,True,True,-0.01243070513010025,0.018549240916516507,basket|link_0|link_1|link_2|link_3
0.0,0.14000000000000007,0.18,True,True,True,True,True,True,True,True,True,-0.012345530092716217,0.01988755651672328,basket|link_0|link_1|link_2|link_3
0.0,0.12000000000000005,0.18,True,True,True,True,True,True,True,True,True,-0.008822895586490631,0.009885328984941363,basket|link_0|link_1|link_2|link_3
0.0,0.10000000000000003,0.18,True,True,True,True,True,True,True,True,True,-0.011174120008945465,0.007136330435446806,basket|link_0|link_1|link_2|link_3
0.0,0.08000000000000002,0.18,True,True,True,True,True,True,True,True,True,-0.011174120008945465,0.006239168313271006,basket|link_0|link_1|link_2|link_3
0.0,0.06,0.18,True,True,True,True,True,True,True,True,True,-0.011174120008945465,0.008355678603192212,basket|link_0|link_1|link_2|link_3
0.0,0.040000000000000036,0.18,True,True,True,True,True,True,True,True,True,-0.005423985421657562,0.010253891963008459,basket|link_0|link_1|link_2|link_3
0.0,0.020000000000000018,0.18,True,True,True,True,True,True,True,True,True,-0.005423985421657562,0.010253971677435263,basket|link_0|link_1|link_2|link_3
0.0,0.0,0.18,True,True,True,True,True,True,True,True,True,-0.005423985421657562,0.01642399323020267,basket|link_0|link_1|link_2|link_3
0.0,-0.019999999999999962,0.18,True,True,True,True,True,True,True,True,True,-0.005423977971076965,0.011354100982964863,basket|link_0|link_1|link_2|link_3
0.0,-0.03999999999999998,0.18,True,True,True,True,True,True,True,True,True,-0.005423977971076965,0.011332730059987523,basket|link_0|link_1|link_2|link_3
0.0,-0.06,0.18,True,True,True,True,True,True,True,True,True,-0.010254308581352234,0.004403274937886059,basket|link_0|link_1|link_2|link_3
0.0,-0.07999999999999996,0.18,True,True,True,True,True,True,True,True,True,-0.010254308581352234,0.006709281243611971,basket|link_0|link_1|link_2|link_3
0.0,-0.09999999999999998,0.18,True,True,True,True,True,True,True,True,True,-0.010254308581352234,0.007130738103505632,basket|link_0|link_1|link_2|link_3
0.0,-0.12,0.18,True,True,True,True,True,True,True,True,True,-0.008822910487651825,0.006469202060768488,basket|link_0|link_1|link_2|link_3
0.0,-0.13999999999999996,0.18,True,True,True,True,True,True,True,True,True,-0.012376241385936737,0.01552841239454213,basket|link_0|link_1|link_2|link_3
0.0,-0.15999999999999998,0.18,True,True,True,True,True,True,True,True,True,-0.012467987835407257,0.015717551883024747,basket|link_0|link_1|link_2|link_3
0.0,-0.18,0.18,True,True,True,True,True,True,True,True,True,-0.01251859962940216,0.03316434583380484,basket|link_0|link_1|link_2|link_3
0.0,-0.19999999999999998,0.18,True,True,True,True,True,True,True,True,True,-0.012510105967521667,0.021537695617335664,basket|link_0|link_1|link_2|link_3
0.0,-0.21999999999999997,0.18,True,True,True,True,True,True,True,True,True,-0.0124996742233634,0.023401274891939824,basket|link_0|link_1|link_2|link_3
0.0,-0.24,0.18,True,True,True,True,True,True,True,True,True,-0.012492596171796322,0.028747701658358844,basket|link_0|link_1|link_2|link_3
0.0,-0.26,0.18,True,True,True,True,True,True,True,True,True,-0.012457489967346191,0.04268576506928627,basket|link_0|link_1|link_2|link_3
0.0,-0.27999999999999997,0.18,True,True,True,True,True,True,True,True,True,-0.01237235963344574,0.04055246876048631,basket|link_0|link_1|link_2|link_3
0.0,-0.3,0.18,True,True,True,True,True,True,True,True,True,-0.011174134910106659,0.005021330734973036,basket|link_0|link_1|link_2|link_3
0.0,-0.31999999999999995,0.18,True,True,True,True,True,True,True,True,True,-0.012077100574970245,0.0026575556950181093,basket|link_0|link_1|link_2|link_3
0.0,-0.33999999999999997,0.18,False,False,True,False,False,True,False,False,True,0.00694110244512558,2.9802322387695312e-08,basket|link_0|link_1|link_2|link_3
0.0,-0.36,0.18,False,False,True,False,False,True,False,False,True,,2.9802322387695312e-08,link_1|link_2|link_3
0.0,-0.38,0.18,False,False,True,False,False,True,False,False,True,,2.9802322387695312e-08,link_1|link_2|link_3
0.0,-0.39999999999999997,0.18,False,False,True,False,False,True,False,False,True,,2.9802322387695312e-08,link_1|link_2|link_3
0.0,-0.42,0.18,False,False,True,False,False,True,False,False,True,,2.9802322387695312e-08,link_1|link_2|link_3
0.0,0.42,0.15999999999999998,False,False,True,False,False,True,False,False,True,,2.9802322387695312e-08,link_1|link_2|link_3
0.0,0.4000000000000001,0.15999999999999998,False,False,True,False,False,True,False,False,True,,2.9802322387695312e-08,link_1|link_2|link_3
0.0,0.38000000000000006,0.15999999999999998,False,False,True,False,False,True,False,False,True,,2.9802322387695312e-08,link_1|link_2|link_3
0.0,0.36000000000000004,0.15999999999999998,False,False,True,False,False,True,False,False,True,,2.9802322387695312e-08,link_1|link_2|link_3
0.0,0.34,0.15999999999999998,False,False,True,False,False,True,False,False,True,0.004426747560501099,2.9802322387695312e-08,basket|link_0|link_1|link_2|link_3
0.0,0.32,0.15999999999999998,True,True,True,True,True,True,True,True,True,-0.015421509742736816,0.0065726526285854805,basket|link_0|link_1|link_2|link_3
0.0,0.3,0.15999999999999998,True,True,True,True,True,True,True,True,True,-0.012567207217216492,0.01859009682947228,basket|link_0|link_1|link_2|link_3
0.0,0.2800000000000001,0.15999999999999998,True,True,True,True,True,True,True,True,True,-0.015852032229304314,0.039961446914945825,basket|link_0|link_1|link_2|link_3
0.0,0.26000000000000006,0.15999999999999998,True,True,True,True,True,True,True,True,True,-0.015911251306533813,0.02830239806376699,basket|link_0|link_1|link_2|link_3
0.0,0.24000000000000005,0.15999999999999998,True,True,True,True,True,True,True,True,True,-0.019176244735717773,0.024496175494795082,basket|link_0|link_1|link_2|link_3
0.0,0.22000000000000003,0.15999999999999998,True,True,True,True,True,True,True,True,True,-0.015914790332317352,0.020596224026797342,basket|link_0|link_1|link_2|link_3
0.0,0.2,0.15999999999999998,True,True,True,True,True,True,True,True,True,-0.015914782881736755,0.03011355088600491,basket|link_0|link_1|link_2|link_3
0.0,0.18,0.15999999999999998,True,True,True,True,True,True,True,True,True,-0.015914782881736755,0.011069238421462629,basket|link_0|link_1|link_2|link_3
0.0,0.15999999999999998,0.15999999999999998,True,True,True,True,True,True,True,True,True,-0.015877600759267807,0.004074578730177969,basket|link_0|link_1|link_2|link_3
0.0,0.14000000000000007,0.15999999999999998,True,True,True,True,True,True,True,True,True,-0.015819311141967773,0.01669635893036973,basket|link_0|link_1|link_2|link_3
0.0,0.12000000000000005,0.15999999999999998,True,True,True,True,True,True,True,True,True,-0.014960117638111115,0.024276325450464455,basket|link_0|link_1|link_2|link_3
0.0,0.10000000000000003,0.15999999999999998,True,True,True,True,True,True,True,True,True,-0.014960117638111115,0.025849414253625917,basket|link_0|link_1|link_2|link_3
0.0,0.08000000000000002,0.15999999999999998,True,True,True,True,True,True,True,True,True,-0.014960117638111115,0.02779129684899263,basket|link_0|link_1|link_2|link_3
0.0,0.06,0.15999999999999998,True,True,True,True,True,True,True,True,True,-0.014960125088691711,0.021059770426104074,basket|link_0|link_1|link_2|link_3
0.0,0.040000000000000036,0.15999999999999998,True,True,True,True,True,True,True,True,True,-0.014960125088691711,0.019476464170068875,basket|link_0|link_1|link_2|link_3
0.0,0.020000000000000018,0.15999999999999998,True,True,True,True,True,True,True,True,True,-0.014960125088691711,0.02402572329491754,basket|link_0|link_1|link_2|link_3
0.0,0.0,0.15999999999999998,True,True,True,True,True,True,True,True,True,-0.014960125088691711,0.023634092020936484,basket|link_0|link_1|link_2|link_3
0.0,-0.019999999999999962,0.15999999999999998,True,True,True,True,True,True,True,True,True,-0.014960125088691711,0.025158689286755735,basket|link_0|link_1|link_2|link_3
0.0,-0.03999999999999998,0.15999999999999998,True,True,True,True,True,True,True,True,True,-0.014960125088691711,0.02481061443719348,basket|link_0|link_1|link_2|link_3
0.0,-0.06,0.15999999999999998,True,True,True,True,True,True,True,True,True,-0.014960125088691711,0.02262481265648537,basket|link_0|link_1|link_2|link_3
0.0,-0.07999999999999996,0.15999999999999998,True,True,True,True,True,True,True,True,True,-0.014960125088691711,0.019735056545182286,basket|link_0|link_1|link_2|link_3
0.0,-0.09999999999999998,0.15999999999999998,True,True,True,True,True,True,True,True,True,-0.014960125088691711,0.020076908109643167,basket|link_0|link_1|link_2|link_3
0.0,-0.12,0.15999999999999998,True,True,True,True,True,True,True,True,True,-0.014960132539272308,0.02166784515670595,basket|link_0|link_1|link_2|link_3
0.0,-0.13999999999999996,0.15999999999999998,True,True,True,True,True,True,True,True,True,-0.015833422541618347,0.027518503740054823,basket|link_0|link_1|link_2|link_3
0.0,-0.15999999999999998,0.15999999999999998,True,True,True,True,True,True,True,True,True,-0.015892641618847847,0.02414457636972561,basket|link_0|link_1|link_2|link_3
0.0,-0.18,0.15999999999999998,True,True,True,True,True,True,True,True,True,-0.015914835035800934,0.03333999813892587,basket|link_0|link_1|link_2|link_3
0.0,-0.19999999999999998,0.15999999999999998,True,True,True,True,True,True,True,True,True,-0.015914835035800934,0.03097450020606634,basket|link_0|link_1|link_2|link_3
0.0,-0.21999999999999997,0.15999999999999998,True,True,True,True,True,True,True,True,True,-0.015914835035800934,0.036140865726616254,basket|link_0|link_1|link_2|link_3
0.0,-0.24,0.15999999999999998,True,True,True,True,True,True,True,True,True,-0.01705165207386017,0.02078945137917477,basket|link_0|link_1|link_2|link_3
0.0,-0.26,0.15999999999999998,True,True,True,True,True,True,True,True,True,-0.015896011143922806,0.02176488307722663,basket|link_0|link_1|link_2|link_3
0.0,-0.27999999999999997,0.15999999999999998,True,True,True,True,True,True,True,True,True,-0.015837721526622772,0.03565205640862084,basket|link_0|link_1|link_2|link_3
0.0,-0.3,0.15999999999999998,True,True,True,True,True,True,True,True,True,-0.007712244987487793,0.012506627450910541,basket|link_0|link_1|link_2|link_3
0.0,-0.31999999999999995,0.15999999999999998,True,True,True,True,True,True,True,True,True,-0.01332758367061615,0.013355762141735023,basket|link_0|link_1|link_2|link_3
0.0,-0.33999999999999997,0.15999999999999998,False,False,True,False,False,True,False,False,True,0.006578236818313599,2.9802322387695312e-08,basket|link_0|link_1|link_2|link_3
0.0,-0.36,0.15999999999999998,False,False,True,False,False,True,False,False,True,,2.9802322387695312e-08,link_1|link_2|link_3
0.0,-0.38,0.15999999999999998,False,False,True,False,False,True,False,False,True,,2.9802322387695312e-08,link_1|link_2
0.0,-0.39999999999999997,0.15999999999999998,False,False,True,False,False,True,False,False,True,,2.9802322387695312e-08,link_1|link_2
0.0,-0.42,0.15999999999999998,False,False,True,False,False,True,False,False,True,,2.9802322387695312e-08,link_1|link_2
0.0,0.42,0.13999999999999996,False,False,True,False,False,True,False,False,True,,1.4901161193847656e-08,link_1|link_2
0.0,0.4000000000000001,0.13999999999999996,False,False,True,False,False,True,False,False,True,,1.4901161193847656e-08,link_1|link_2
0.0,0.38000000000000006,0.13999999999999996,False,False,True,False,False,True,False,False,True,,1.4901161193847656e-08,link_1|link_2
0.0,0.36000000000000004,0.13999999999999996,False,False,True,False,False,True,False,False,True,,1.4901161193847656e-08,link_1|link_2
0.0,0.34,0.13999999999999996,False,False,True,False,False,True,False,False,True,0.004426747560501099,1.4901161193847656e-08,basket|link_0|link_1|link_2
0.0,0.32,0.13999999999999996,True,True,True,True,True,True,True,True,True,-0.015421509742736816,0.03206504592796793,basket|link_0|link_1|link_2|link_3
0.0,0.3,0.13999999999999996,True,True,True,True,True,True,True,True,True,-0.020959846675395966,0.017574383845932205,basket|link_0|link_1|link_2|link_3
0.0,0.2800000000000001,0.13999999999999996,True,True,True,True,True,True,True,True,True,-0.020959846675395966,0.01163206525157795,basket|link_0|link_1|link_2|link_3
0.0,0.26000000000000006,0.13999999999999996,True,True,True,True,True,True,True,True,True,-0.020959846675395966,0.02933734221865518,basket|link_0|link_1|link_2|link_3
0.0,0.24000000000000005,0.13999999999999996,True,True,True,True,True,True,True,True,True,-0.02095983177423477,0.03229060787483859,basket|link_0|link_1|link_2|link_3
0.0,0.22000000000000003,0.13999999999999996,True,True,True,True,True,True,True,True,True,-0.02095983177423477,0.006411575089402434,basket|link_0|link_1|link_2|link_3
0.0,0.2,0.13999999999999996,True,True,True,True,True,True,True,True,True,-0.02095983177423477,0.009167468469362674,basket|link_0|link_1|link_2|link_3
0.0,0.18,0.13999999999999996,True,True,True,True,True,True,True,True,True,-0.02095983177423477,0.009929130045468366,basket|link_0|link_1|link_2|link_3
0.0,0.15999999999999998,0.13999999999999996,True,True,True,True,True,True,True,True,True,-0.02095983177423477,0.00979684946853492,basket|link_0|link_1|link_2|link_3
0.0,0.14000000000000007,0.13999999999999996,True,True,True,True,True,True,True,True,True,-0.02095983177423477,0.007364037326549342,basket|link_0|link_1|link_2|link_3
0.0,0.12000000000000005,0.13999999999999996,True,True,True,True,True,True,True,True,True,-0.020959816873073578,0.006278387269217687,basket|link_0|link_1|link_2|link_3
0.0,0.10000000000000003,0.13999999999999996,True,True,True,True,True,True,True,True,True,-0.020959816873073578,0.006311295169835499,basket|link_0|link_1|link_2|link_3
0.0,0.08000000000000002,0.13999999999999996,True,True,True,True,True,True,True,True,True,-0.020959846675395966,0.012370679749822217,basket|link_0|link_1|link_2|link_3
0.0,0.06,0.13999999999999996,True,True,True,True,True,True,True,True,True,-0.020959846675395966,0.012329017356564435,basket|link_0|link_1|link_2|link_3
0.0,0.040000000000000036,0.13999999999999996,True,True,True,True,True,True,True,True,True,-0.02095983177423477,0.013376840869223442,basket|link_0|link_1|link_2|link_3
0.0,0.020000000000000018,0.13999999999999996,True,True,True,True,True,True,True,True,True,-0.02095983177423477,0.010608450713159617,basket|link_0|link_1|link_2|link_3
0.0,0.0,0.13999999999999996,True,True,True,True,True,True,True,True,True,-0.02095983177423477,0.007491301990204527,basket|link_0|link_1|link_2|link_3
0.0,-0.019999999999999962,0.13999999999999996,True,True,True,True,True,True,True,True,True,-0.02095983177423477,0.016985800605023055,basket|link_0|link_1|link_2|link_3
0.0,-0.03999999999999998,0.13999999999999996,True,True,True,True,True,True,True,True,True,-0.02095983177423477,0.012204680597798202,basket|link_0|link_1|link_2|link_3
0.0,-0.06,0.13999999999999996,True,True,True,True,True,True,True,True,True,-0.02095983177423477,0.016200611234386552,basket|link_0|link_1|link_2
0.0,-0.07999999999999996,0.13999999999999996,True,True,True,True,True,True,True,True,True,-0.020959816873073578,0.025469681127625866,basket|link_0|link_1|link_2
0.0,-0.09999999999999998,0.13999999999999996,True,True,True,True,True,True,True,True,True,-0.020959816873073578,0.022402620350910667,basket|link_0|link_1|link_2
0.0,-0.12,0.13999999999999996,True,True,True,True,True,True,True,True,True,-0.020959816873073578,0.02263238567812855,basket|link_0|link_1|link_2
0.0,-0.13999999999999996,0.13999999999999996,True,True,True,True,True,True,True,True,True,-0.020959816873073578,0.02560484662444383,basket|link_0|link_1|link_2
0.0,-0.15999999999999998,0.13999999999999996,True,True,True,True,True,True,True,True,True,-0.020959816873073578,0.025895099568543793,basket|link_0|link_1|link_2
0.0,-0.18,0.13999999999999996,True,True,True,True,True,True,True,True,True,-0.020959816873073578,0.0157218846270592,basket|link_0|link_1|link_2
0.0,-0.19999999999999998,0.13999999999999996,True,True,True,True,True,True,True,True,True,-0.020959801971912384,0.011342448255652568,basket|link_0|link_1|link_2
0.0,-0.21999999999999997,0.13999999999999996,True,True,True,True,True,True,True,True,True,-0.020959801971912384,0.026626528865183515,basket|link_0|link_1|link_2
0.0,-0.24,0.13999999999999996,True,True,True,True,True,True,True,True,True,-0.020959801971912384,0.05217633755455367,basket|link_0|link_1|link_2
0.0,-0.26,0.13999999999999996,True,True,True,True,True,True,True,True,True,-0.020959801971912384,0.06835822502827972,basket|link_0|link_1|link_2
0.0,-0.27999999999999997,0.13999999999999996,True,True,True,True,True,True,True,True,True,-0.020959801971912384,0.07162755040793871,basket|link_0|link_1|link_2
0.0,-0.3,0.13999999999999996,True,True,True,True,True,True,True,True,True,-0.020959801971912384,0.0446380773526937,basket|link_0|link_1|link_2
0.0,-0.31999999999999995,0.13999999999999996,True,True,True,True,True,True,True,True,True,-0.01332758367061615,0.011289322962807106,basket|link_0|link_1|link_2
0.0,-0.33999999999999997,0.13999999999999996,False,False,True,False,False,True,False,False,True,0.006578236818313599,1.4901161193847656e-08,basket|link_0|link_1|link_2
0.0,-0.36,0.13999999999999996,False,False,True,False,False,True,False,False,True,,1.4901161193847656e-08,link_1|link_2
0.0,-0.38,0.13999999999999996,False,False,True,False,False,True,False,False,True,,1.4901161193847656e-08,link_1|link_2
0.0,-0.39999999999999997,0.13999999999999996,False,False,True,False,False,True,False,False,True,,1.4901161193847656e-08,link_1|link_2
0.0,-0.42,0.13999999999999996,False,False,True,False,False,True,False,False,True,,1.4901161193847656e-08,link_1|link_2
0.0,0.42,0.12,False,False,True,False,False,True,False,False,True,,1.4901161193847656e-08,link_1|link_2
0.0,0.4000000000000001,0.12,False,False,True,False,False,True,False,False,True,,1.4901161193847656e-08,link_1|link_2
0.0,0.38000000000000006,0.12,False,False,True,False,False,True,False,False,True,,1.4901161193847656e-08,link_1|link_2
0.0,0.36000000000000004,0.12,False,False,True,False,False,True,False,False,True,,1.4901161193847656e-08,link_1|link_2
0.0,0.34,0.12,False,False,True,False,False,True,False,False,True,0.004426747560501099,1.4901161193847656e-08,basket|link_0|link_1|link_2
0.0,0.32,0.12,True,True,True,True,True,True,True,True,True,-0.015421509742736816,0.02641809037539411,basket|link_0|link_1|link_2|link_3
0.0,0.3,0.12,True,True,True,True,True,True,True,True,True,-0.020959846675395966,0.026950892524393595,basket|link_0|link_1|link_2|link_3
0.0,0.2800000000000001,0.12,True,True,True,True,True,True,True,True,True,-0.020959846675395966,0.03796517616554132,basket|link_0|link_1|link_2|link_3
0.0,0.26000000000000006,0.12,True,True,True,True,True,True,True,True,True,-0.020959846675395966,0.019425537335502573,basket|link_0|link_1|link_2|link_3
0.0,0.24000000000000005,0.12,True,True,True,True,True,True,True,True,True,-0.020959846675395966,0.019980090847703497,basket|link_0|link_1|link_2|link_3
0.0,0.22000000000000003,0.12,True,True,True,True,True,True,True,True,True,-0.02095983177423477,0.007680650305012754,basket|link_0|link_1|link_2|link_3
0.0,0.2,0.12,True,True,True,True,True,True,True,True,True,-0.0275660902261734,0.0160583705240631,basket|link_0|link_1|link_2|link_3
0.0,0.18,0.12,True,True,True,True,True,True,True,True,True,-0.02912038564682007,0.012092108109000235,basket|link_0|link_1|link_2|link_3
0.0,0.15999999999999998,0.12,True,True,True,True,True,True,True,True,True,-0.021911926567554474,0.017793244531537373,basket|link_0|link_1|link_2|link_3
0.0,0.14000000000000007,0.12,True,True,True,True,True,True,True,True,True,-0.021911926567554474,0.0039227152604302965,basket|link_0|link_1|link_2|link_3
0.0,0.12000000000000005,0.12,True,True,True,True,True,True,True,True,True,-0.021911926567554474,0.006434217627984579,basket|link_0|link_1|link_2|link_3
0.0,0.10000000000000003,0.12,True,True,True,True,True,True,True,True,True,-0.021911926567554474,0.005395595034415981,basket|link_0|link_1|link_2|link_3
0.0,0.08000000000000002,0.12,True,True,True,True,True,True,True,True,True,-0.021911926567554474,0.011278247918626798,basket|link_0|link_1|link_2|link_3
0.0,0.06,0.12,True,True,True,True,True,True,True,True,True,-0.021911919116973877,0.004784886491117767,basket|link_0|link_1|link_2|link_3
0.0,0.040000000000000036,0.12,True,True,True,True,True,True,True,True,True,-0.021911919116973877,0.006972306868646807,basket|link_0|link_1|link_2|link_3
0.0,0.020000000000000018,0.12,True,True,True,True,True,True,True,True,True,-0.021911919116973877,0.012573243285615467,basket|link_0|link_1|link_2|link_3
0.0,0.0,0.12,True,True,True,True,True,True,True,True,True,-0.021911919116973877,0.012584231108349763,basket|link_0|link_1|link_2|link_3
0.0,-0.019999999999999962,0.12,True,True,True,True,True,True,True,True,True,-0.021911919116973877,0.00927108555177301,basket|link_0|link_1|link_2|link_3
0.0,-0.03999999999999998,0.12,True,True,True,True,True,True,True,True,True,-0.021911919116973877,0.01501469860446413,basket|link_0|link_1|link_2|link_3
0.0,-0.06,0.12,True,True,True,True,True,True,True,True,True,-0.021911919116973877,0.016768640559287333,basket|link_0|link_1|link_2
0.0,-0.07999999999999996,0.12,True,True,True,True,True,True,True,True,True,-0.021911919116973877,0.014138541736425536,basket|link_0|link_1|link_2
0.0,-0.09999999999999998,0.12,True,True,True,True,True,True,True,True,True,-0.021911919116973877,0.011442900023097556,basket|link_0|link_1|link_2
0.0,-0.12,0.12,True,True,True,True,True,True,True,True,True,-0.02191191166639328,0.013536546866054948,basket|link_0|link_1|link_2
0.0,-0.13999999999999996,0.12,True,True,True,True,True,True,True,True,True,-0.02191191166639328,0.009959036447019946,basket|link_0|link_1|link_2
0.0,-0.15999999999999998,0.12,True,True,True,True,True,True,True,True,True,-0.02191191166639328,0.017938539187344088,basket|link_0|link_1|link_2
0.0,-0.18,0.12,True,True,True,True,True,True,True,True,True,-0.029120370745658875,0.028206721898158756,basket|link_0|link_1|link_2
0.0,-0.19999999999999998,0.12,True,True,True,True,True,True,True,True,True,-0.025410160422325134,0.0192250304568445,basket|link_0|link_1|link_2
0.0,-0.21999999999999997,0.12,True,True,True,True,True,True,True,True,True,-0.020959801971912384,0.014800329288259107,basket|link_0|link_1|link_2
0.0,-0.24,0.12,True,True,True,True,True,True,True,True,True,-0.020959801971912384,0.017451627205056473,basket|link_0|link_1|link_2
0.0,-0.26,0.12,True,True,True,True,True,True,True,True,True,-0.020959801971912384,0.02321421010474709,basket|link_0|link_1|link_2
0.0,-0.27999999999999997,0.12,True,True,True,True,True,True,True,True,True,-0.020959801971912384,0.0429413334816027,basket|link_0|link_1|link_2
0.0,-0.3,0.12,True,True,True,True,True,True,True,True,True,-0.020959801971912384,0.023642357072573363,basket|link_0|link_1|link_2
0.0,-0.31999999999999995,0.12,True,True,True,True,True,True,True,True,True,-0.01332758367061615,0.004626941930347045,basket|link_0|link_1|link_2
0.0,-0.33999999999999997,0.12,False,False,True,False,False,True,False,False,True,0.006578236818313599,1.4901161193847656e-08,basket|link_0|link_1|link_2
0.0,-0.36,0.12,False,False,True,False,False,True,False,False,True,,1.4901161193847656e-08,link_1|link_2
0.0,-0.38,0.12,False,False,True,False,False,True,False,False,True,,1.4901161193847656e-08,link_1|link_2
0.0,-0.39999999999999997,0.12,False,False,True,False,False,True,False,False,True,,1.4901161193847656e-08,link_1|link_2
0.0,-0.42,0.12,False,False,True,False,False,True,False,False,True,,1.4901161193847656e-08,link_1|link_2
0.0,0.42,0.09999999999999998,False,False,True,False,False,True,False,False,True,,1.4901161193847656e-08,link_1|link_2
0.0,0.4000000000000001,0.09999999999999998,False,False,True,False,False,True,False,False,True,,1.4901161193847656e-08,link_1|link_2
0.0,0.38000000000000006,0.09999999999999998,False,False,True,False,False,True,False,False,True,,1.4901161193847656e-08,link_1|link_2
0.0,0.36000000000000004,0.09999999999999998,False,False,True,False,False,True,False,False,True,,1.4901161193847656e-08,link_1|link_2
0.0,0.34,0.09999999999999998,False,False,True,False,False,True,False,False,True,0.004426747560501099,1.4901161193847656e-08,basket|link_0|link_1|link_2
0.0,0.32,0.09999999999999998,True,True,True,True,True,True,True,True,True,-0.015421509742736816,0.029486816823662606,basket|link_0|link_1|link_2|link_3
0.0,0.3,0.09999999999999998,True,True,True,True,True,True,True,True,True,-0.020959846675395966,0.012401361707240946,basket|link_0|link_1|link_2|link_3
0.0,0.2800000000000001,0.09999999999999998,True,True,True,True,True,True,True,True,True,-0.020959846675395966,0.028209390383276453,basket|link_0|link_1|link_2|link_3
0.0,0.26000000000000006,0.09999999999999998,True,True,True,True,True,True,True,True,True,-0.020959846675395966,0.01525747052824114,basket|link_0|link_1|link_2|link_3
0.0,0.24000000000000005,0.09999999999999998,True,True,True,True,True,True,True,True,True,-0.020959846675395966,0.0073579847373270125,basket|link_0|link_1|link_2|link_3
0.0,0.22000000000000003,0.09999999999999998,True,True,True,True,True,True,True,True,True,-0.020959846675395966,0.0037443307931429113,basket|link_0|link_1|link_2|link_3
0.0,0.2,0.09999999999999998,True,True,True,True,True,True,True,True,True,-0.0287797749042511,0.011089916534440322,basket|link_0|link_1|link_2|link_3
0.0,0.18,0.09999999999999998,True,True,True,True,True,True,True,True,True,-0.041911929845809937,0.005580315128809269,basket|link_0|link_1|link_2|link_3
0.0,0.15999999999999998,0.09999999999999998,True,True,True,True,True,True,True,True,True,-0.041911929845809937,0.013763681520921488,basket|link_0|link_1|link_2|link_3
0.0,0.14000000000000007,0.09999999999999998,True,True,True,True,True,True,True,True,True,-0.041911929845809937,0.024464300757484334,basket|link_0|link_1|link_2|link_3
0.0,0.12000000000000005,0.09999999999999998,True,True,True,True,True,True,True,True,True,-0.041911929845809937,0.03495903640839756,basket|link_0|link_1|link_2|link_3
0.0,0.10000000000000003,0.09999999999999998,True,True,True,True,True,True,True,True,True,-0.041911929845809937,0.006317051198687606,basket|link_0|link_1|link_2|link_3
0.0,0.08000000000000002,0.09999999999999998,True,True,True,True,True,True,True,True,True,-0.041911929845809937,0.008207747464230288,basket|link_0|link_1|link_2|link_3
0.0,0.06,0.09999999999999998,True,True,True,True,True,True,True,True,True,-0.04191192239522934,0.013928590917536923,basket|link_0|link_1|link_2|link_3
0.0,0.040000000000000036,0.09999999999999998,True,True,True,True,True,True,True,True,True,-0.04191192239522934,0.01173200229622015,basket|link_0|link_1|link_2|link_3
0.0,0.020000000000000018,0.09999999999999998,True,True,True,True,True,True,True,True,True,-0.04191192239522934,0.01021450318391171,basket|link_0|link_1|link_2|link_3
0.0,0.0,0.09999999999999998,True,True,True,True,True,True,True,True,True,-0.04191192239522934,0.010999679089596938,basket|link_0|link_1|link_2|link_3
0.0,-0.019999999999999962,0.09999999999999998,True,True,True,True,True,True,True,True,True,-0.04191192239522934,0.008216276048265511,basket|link_0|link_1|link_2|link_3
0.0,-0.03999999999999998,0.09999999999999998,True,True,True,True,True,True,True,True,True,-0.04191192239522934,0.01437261963585428,basket|link_0|link_1|link_2|link_3
0.0,-0.06,0.09999999999999998,True,True,True,True,True,True,True,True,True,-0.04191192239522934,0.017343250749543855,basket|link_0|link_1|link_2
0.0,-0.07999999999999996,0.09999999999999998,True,True,True,True,True,True,True,True,True,-0.04191192239522934,0.017322261644699962,basket|link_0|link_1|link_2
0.0,-0.09999999999999998,0.09999999999999998,True,True,True,True,True,True,True,True,True,-0.04191192239522934,0.010861120962799805,basket|link_0|link_1|link_2
0.0,-0.12,0.09999999999999998,True,True,True,True,True,True,True,True,True,-0.04191191494464874,0.022842327714643947,basket|link_0|link_1|link_2
0.0,-0.13999999999999996,0.09999999999999998,True,True,True,True,True,True,True,True,True,-0.04191191494464874,0.019086386027191284,basket|link_0|link_1|link_2
0.0,-0.15999999999999998,0.09999999999999998,True,True,True,True,True,True,True,True,True,-0.04191191494464874,0.018903103085456195,basket|link_0|link_1|link_2
0.0,-0.18,0.09999999999999998,True,True,True,True,True,True,True,True,True,-0.04191191494464874,0.02431813662494401,basket|link_0|link_1|link_2
0.0,-0.19999999999999998,0.09999999999999998,True,True,True,True,True,True,True,True,True,-0.02664169669151306,0.008724615912135235,basket|link_0|link_1|link_2
0.0,-0.21999999999999997,0.09999999999999998,True,True,True,True,True,True,True,True,True,-0.020959816873073578,0.006444225600155809,basket|link_0|link_1|link_2
0.0,-0.24,0.09999999999999998,True,True,True,True,True,True,True,True,True,-0.020959816873073578,0.015150372932880027,basket|link_0|link_1|link_2
0.0,-0.26,0.09999999999999998,True,True,True,True,True,True,True,True,True,-0.020959801971912384,0.02389448997771432,basket|link_0|link_1|link_2
0.0,-0.27999999999999997,0.09999999999999998,True,True,True,True,True,True,True,True,True,-0.020959801971912384,0.04254668374790447,basket|link_0|link_1|link_2
0.0,-0.3,0.09999999999999998,True,True,True,True,True,True,True,True,True,-0.020959801971912384,0.02330033620656458,basket|link_0|link_1|link_2
0.0,-0.31999999999999995,0.09999999999999998,True,True,True,True,True,True,True,True,True,-0.01332758367061615,0.012235594794155114,basket|link_0|link_1|link_2
0.0,-0.33999999999999997,0.09999999999999998,False,False,True,False,False,True,False,False,True,0.006578236818313599,1.4901161193847656e-08,basket|link_0|link_1|link_2
0.0,-0.36,0.09999999999999998,False,False,True,False,False,True,False,False,True,,1.4901161193847656e-08,link_1|link_2
0.0,-0.38,0.09999999999999998,False,False,True,False,False,True,False,False,True,,1.4901161193847656e-08,link_1|link_2
0.0,-0.39999999999999997,0.09999999999999998,False,False,True,False,False,True,False,False,True,,1.4901161193847656e-08,link_1|link_2
0.0,-0.42,0.09999999999999998,False,False,True,False,False,True,False,False,True,,1.4901161193847656e-08,link_1|link_2
0.0,0.42,0.07999999999999996,False,False,True,False,False,True,False,False,True,,1.4901161193847656e-08,link_1|link_2
0.0,0.4000000000000001,0.07999999999999996,False,False,True,False,False,True,False,False,True,,1.4901161193847656e-08,link_1|link_2
0.0,0.38000000000000006,0.07999999999999996,False,False,True,False,False,True,False,False,True,,1.4901161193847656e-08,link_1|link_2
0.0,0.36000000000000004,0.07999999999999996,False,False,True,False,False,True,False,False,True,,1.4901161193847656e-08,link_1|link_2
0.0,0.34,0.07999999999999996,False,False,True,False,False,True,False,False,True,0.004426747560501099,1.4901161193847656e-08,basket|link_0|link_1|link_2
0.0,0.32,0.07999999999999996,True,True,True,True,True,True,True,True,True,-0.015421509742736816,0.031141199370601048,basket|link_0|link_1|link_2|link_3
0.0,0.3,0.07999999999999996,True,True,True,True,True,True,True,True,True,-0.020959846675395966,0.02295062050429133,basket|link_0|link_1|link_2|link_3
0.0,0.2800000000000001,0.07999999999999996,True,True,True,True,True,True,True,True,True,-0.020959846675395966,0.005298519263662678,basket|link_0|link_1|link_2|link_3
0.0,0.26000000000000006,0.07999999999999996,True,True,True,True,True,True,True,True,True,-0.020959846675395966,0.01753591322333414,basket|link_0|link_1|link_2|link_3
0.0,0.24000000000000005,0.07999999999999996,True,True,True,True,True,True,True,True,True,-0.020959846675395966,0.012674135222191584,basket|link_0|link_1|link_2|link_3
0.0,0.22000000000000003,0.07999999999999996,True,True,True,True,True,True,True,True,True,-0.020959846675395966,0.006610836512059164,basket|link_0|link_1|link_2|link_3
0.0,0.2,0.07999999999999996,True,True,True,True,True,True,True,True,True,-0.025853551924228668,0.007709698880606437,basket|link_0|link_1|link_2|link_3
0.0,0.18,0.07999999999999996,True,True,True,True,True,True,True,True,True,-0.031404897570610046,0.0033701630072354464,basket|link_0|link_1|link_2|link_3
0.0,0.15999999999999998,0.07999999999999996,True,True,True,True,True,True,True,True,True,-0.03381691128015518,0.006292863597371571,basket|link_0|link_1|link_2|link_3
0.0,0.14000000000000007,0.07999999999999996,True,True,True,True,True,True,True,True,True,-0.028114117681980133,0.0053544434461002995,basket|link_0|link_1|link_2|link_3
0.0,0.12000000000000005,0.07999999999999996,True,True,True,True,True,True,True,True,True,-0.02585480362176895,0.008513188624065296,basket|link_0|link_1|link_2|link_3
0.0,0.10000000000000003,0.07999999999999996,True,True,True,True,True,True,True,True,True,-0.02585480362176895,0.00992122948517781,basket|link_0|link_1|link_2|link_3
0.0,0.08000000000000002,0.07999999999999996,True,True,True,True,True,True,True,True,True,-0.02585480362176895,0.004279668187181116,basket|link_0|link_1|link_2|link_3
0.0,0.06,0.07999999999999996,True,True,True,True,True,True,True,True,True,-0.02585480362176895,0.012586736049344613,basket|link_0|link_1|link_2|link_3
0.0,0.040000000000000036,0.07999999999999996,True,True,True,True,True,True,True,True,True,-0.02585480362176895,0.007867242281882882,basket|link_0|link_1|link_2|link_3
0.0,0.020000000000000018,0.07999999999999996,True,True,True,True,True,True,True,True,True,-0.02585480362176895,0.00795447239858766,basket|link_0|link_1|link_2|link_3
0.0,0.0,0.07999999999999996,True,True,True,True,True,True,True,True,True,-0.02585480362176895,0.007512535036766349,basket|link_0|link_1|link_2|link_3
0.0,-0.019999999999999962,0.07999999999999996,True,True,True,True,True,True,True,True,True,-0.02585480362176895,0.011725148083352887,basket|link_0|link_1|link_2|link_3
0.0,-0.03999999999999998,0.07999999999999996,True,True,True,True,True,True,True,True,True,-0.02585480362176895,0.009874914961994602,basket|link_0|link_1|link_2|link_3
0.0,-0.06,0.07999999999999996,True,True,True,True,True,True,True,True,True,-0.02585480362176895,0.013117003130911405,basket|link_0|link_1|link_2
0.0,-0.07999999999999996,0.07999999999999996,True,True,True,True,True,True,True,True,True,-0.02585480362176895,0.013958383760122317,basket|link_0|link_1|link_2
0.0,-0.09999999999999998,0.07999999999999996,True,True,True,True,True,True,True,True,True,-0.02585480362176895,0.013321441363624427,basket|link_0|link_1|link_2
0.0,-0.12,0.07999999999999996,True,True,True,True,True,True,True,True,True,-0.03647269308567047,0.011722155651816597,basket|link_0|link_1|link_2
0.0,-0.13999999999999996,0.07999999999999996,True,True,True,True,True,True,True,True,True,-0.03546145558357239,0.013134931558013778,basket|link_0|link_1|link_2
0.0,-0.15999999999999998,0.07999999999999996,True,True,True,True,True,True,True,True,True,-0.03546145558357239,0.00781581826387419,basket|link_0|link_1|link_2
0.0,-0.18,0.07999999999999996,True,True,True,True,True,True,True,True,True,-0.03546145558357239,0.007371160254515354,basket|link_0|link_1|link_2
0.0,-0.19999999999999998,0.07999999999999996,True,True,True,True,True,True,True,True,True,-0.025854818522930145,0.009598376587723806,basket|link_0|link_1|link_2
0.0,-0.21999999999999997,0.07999999999999996,True,True,True,True,True,True,True,True,True,-0.020959816873073578,0.02951335321897566,basket|link_0|link_1|link_2
0.0,-0.24,0.07999999999999996,True,True,True,True,True,True,True,True,True,-0.020959816873073578,0.0325424906536231,basket|link_0|link_1|link_2
0.0,-0.26,0.07999999999999996,True,True,True,True,True,True,True,True,True,-0.020959816873073578,0.05081213875374049,basket|link_0|link_1|link_2
0.0,-0.27999999999999997,0.07999999999999996,True,True,True,True,True,True,True,True,True,-0.020959801971912384,0.060341742975360046,basket|link_0|link_1|link_2
0.0,-0.3,0.07999999999999996,True,True,True,True,True,True,True,True,True,-0.020959801971912384,0.025675759724081003,basket|link_0|link_1|link_2
0.0,-0.31999999999999995,0.07999999999999996,True,True,True,True,True,True,True,True,True,-0.01332758367061615,0.010137366844766361,basket|link_0|link_1|link_2
0.0,-0.33999999999999997,0.07999999999999996,False,False,True,False,False,True,False,False,True,0.006578236818313599,1.4901161193847656e-08,basket|link_0|link_1|link_2
0.0,-0.36,0.07999999999999996,False,False,True,False,False,True,False,False,True,,1.4901161193847656e-08,link_1|link_2
0.0,-0.38,0.07999999999999996,False,False,True,False,False,True,False,False,True,,1.4901161193847656e-08,link_1|link_2
0.0,-0.39999999999999997,0.07999999999999996,False,False,True,False,False,True,False,False,True,,1.4901161193847656e-08,link_1|link_2
0.0,-0.42,0.07999999999999996,False,False,True,False,False,True,False,False,True,,1.4901161193847656e-08,link_1|link_2
0.0,0.42,0.06,False,False,True,False,False,True,False,False,True,,1.4901161193847656e-08,link_1|link_2
0.0,0.4000000000000001,0.06,False,False,True,False,False,True,False,False,True,,1.4901161193847656e-08,link_1|link_2
0.0,0.38000000000000006,0.06,False,False,True,False,False,True,False,False,True,,1.4901161193847656e-08,link_1|link_2
0.0,0.36000000000000004,0.06,False,False,True,False,False,True,False,False,True,,1.4901161193847656e-08,link_1|link_2
0.0,0.34,0.06,False,False,True,False,False,True,False,False,True,0.004426747560501099,1.4901161193847656e-08,basket|link_0|link_1|link_2
0.0,0.32,0.06,True,True,True,True,True,True,True,True,True,-0.015421509742736816,0.047986397531152254,basket|link_0|link_1|link_2|link_3
0.0,0.3,0.06,True,True,True,True,True,True,True,True,True,-0.02095986157655716,0.016678477731721878,basket|link_0|link_1|link_2|link_3
0.0,0.2800000000000001,0.06,True,True,True,True,True,True,True,True,True,-0.02095986157655716,0.004494950587245612,basket|link_0|link_1|link_2|link_3
0.0,0.26000000000000006,0.06,True,True,True,True,True,True,True,True,True,-0.02095986157655716,0.007501906719866587,basket|link_0|link_1|link_2|link_3
0.0,0.24000000000000005,0.06,True,True,True,True,True,True,True,True,True,-0.02095986157655716,0.006041772815611548,basket|link_0|link_1|link_2|link_3
0.0,0.22000000000000003,0.06,True,True,True,True,True,True,True,True,True,-0.02095986157655716,0.0038620114471639285,basket|link_0|link_1|link_2|link_3
0.0,0.2,0.06,True,True,True,True,True,True,True,True,True,-0.02095986157655716,0.0028925385458469844,basket|link_0|link_1|link_2|link_3
0.0,0.18,0.06,True,True,True,True,True,True,True,True,True,-0.03043433278799057,0.003586049116790625,basket|link_0|link_1|link_2|link_3
0.0,0.15999999999999998,0.06,True,True,True,True,True,True,True,True,True,-0.02273435890674591,0.004926434300495084,basket|link_0|link_1|link_2|link_3
0.0,0.14000000000000007,0.06,True,True,True,True,True,True,True,True,True,-0.026170186698436737,0.005639583809318907,basket|link_0|link_1|link_2|link_3
0.0,0.12000000000000005,0.06,True,True,True,True,True,True,True,True,True,-0.02868688851594925,0.0047568995334841355,basket|link_0|link_1|link_2|link_3
0.0,0.10000000000000003,0.06,True,True,True,True,True,True,True,True,True,-0.0312609001994133,0.006338269944493123,basket|link_0|link_1|link_2|link_3
0.0,0.08000000000000002,0.06,True,True,True,True,True,True,True,True,True,-0.02095986157655716,0.0032199739964227404,basket|link_0|link_1|link_2|link_3
0.0,0.06,0.06,True,True,True,True,True,True,True,True,True,-0.02095986157655716,0.0039164786280890375,basket|link_0|link_1|link_2|link_3
0.0,0.040000000000000036,0.06,True,True,True,True,True,True,True,True,True,-0.02095986157655716,0.0065295196530335674,basket|link_0|link_1|link_2|link_3
0.0,0.020000000000000018,0.06,True,True,True,True,True,True,True,True,True,-0.020959846675395966,0.0025542779938026177,basket|link_0|link_1|link_2|link_3
0.0,0.0,0.06,True,True,True,True,True,True,True,True,True,-0.020959846675395966,0.0013930923085125925,basket|link_0|link_1|link_2|link_3
0.0,-0.019999999999999962,0.06,True,True,True,True,True,True,True,True,True,-0.020959846675395966,0.0031138869731372077,basket|link_0|link_1|link_2|link_3
0.0,-0.03999999999999998,0.06,True,True,True,True,True,True,True,True,True,-0.020959846675395966,0.0031584401697938897,basket|link_0|link_1|link_2|link_3
0.0,-0.06,0.06,True,True,True,True,True,True,True,True,True,-0.020959846675395966,0.01599362424072841,basket|link_0|link_1|link_2
0.0,-0.07999999999999996,0.06,True,True,True,True,True,True,True,True,True,-0.020959846675395966,0.014985573268837963,basket|link_0|link_1|link_2
0.0,-0.09999999999999998,0.06,True,True,True,True,True,True,True,True,True,-0.020959846675395966,0.00850918036729175,basket|link_0|link_1|link_2
0.0,-0.12,0.06,True,True,True,True,True,True,True,True,True,-0.02095983177423477,0.010051806406180534,basket|link_0|link_1|link_2
0.0,-0.13999999999999996,0.06,True,True,True,True,True,True,True,True,True,-0.02095983177423477,0.009383271105301396,basket|link_0|link_1|link_2
0.0,-0.15999999999999998,0.06,True,True,True,True,True,True,True,True,True,-0.02095983177423477,0.012175607185292182,basket|link_0|link_1|link_2
0.0,-0.18,0.06,True,True,True,True,True,True,True,True,True,-0.02095983177423477,0.005956066704910497,basket|link_0|link_1|link_2
0.0,-0.19999999999999998,0.06,True,True,True,True,True,True,True,True,True,-0.02095983177423477,0.010727197727941295,basket|link_0|link_1|link_2
0.0,-0.21999999999999997,0.06,True,True,True,True,True,True,True,True,True,-0.02095983177423477,0.008810368072858885,basket|link_0|link_1|link_2
0.0,-0.24,0.06,True,True,True,True,True,True,True,True,True,-0.020959816873073578,0.01018671009759513,basket|link_0|link_1|link_2
0.0,-0.26,0.06,True,True,True,True,True,True,True,True,True,-0.020959816873073578,0.03176822955672081,basket|link_0|link_1|link_2
0.0,-0.27999999999999997,0.06,True,True,True,True,True,True,True,True,True,-0.020959816873073578,0.06266550771112048,basket|link_0|link_1|link_2
0.0,-0.3,0.06,True,True,True,True,True,True,True,True,True,-0.020959816873073578,0.006930840493604153,basket|link_0|link_1|link_2
0.0,-0.31999999999999995,0.06,True,True,True,True,True,True,True,True,True,-0.01332758367061615,0.03890496729411624,basket|link_0|link_1|link_2
0.0,-0.33999999999999997,0.06,False,False,True,False,False,True,False,False,True,0.006578236818313599,1.4901161193847656e-08,basket|link_0|link_1|link_2
0.0,-0.36,0.06,False,False,True,False,False,True,False,False,True,,1.4901161193847656e-08,link_1|link_2
0.0,-0.38,0.06,False,False,True,False,False,True,False,False,True,,1.4901161193847656e-08,link_1|link_2
0.0,-0.39999999999999997,0.06,False,False,True,False,False,True,False,False,True,,1.4901161193847656e-08,link_1|link_2
0.0,-0.42,0.06,False,False,True,False,False,True,False,False,True,,1.4901161193847656e-08,link_1|link_2
0.0,0.42,0.03999999999999998,False,False,True,False,False,True,False,False,True,,1.4901161193847656e-08,link_1|link_2
0.0,0.4000000000000001,0.03999999999999998,False,False,True,False,False,True,False,False,True,,1.4901161193847656e-08,link_1|link_2
0.0,0.38000000000000006,0.03999999999999998,False,False,True,False,False,True,False,False,True,,1.4901161193847656e-08,link_1|link_2
0.0,0.36000000000000004,0.03999999999999998,False,False,True,False,False,True,False,False,True,,1.4901161193847656e-08,link_1|link_2
0.0,0.34,0.03999999999999998,False,False,True,False,False,True,False,False,True,0.004426747560501099,1.4901161193847656e-08,basket|link_0|link_1|link_2
0.0,0.32,0.03999999999999998,True,True,True,True,True,True,True,True,True,-0.015421509742736816,0.04288965129208417,basket|link_0|link_1|link_2|link_3
0.0,0.3,0.03999999999999998,True,True,True,True,True,True,True,True,True,-0.020959876477718353,0.006116088348658811,basket|link_0|link_1|link_2|link_3
0.0,0.2800000000000001,0.03999999999999998,True,True,True,True,True,True,True,True,True,-0.020959876477718353,0.01383038388619628,basket|link_0|link_1|link_2|link_3
0.0,0.26000000000000006,0.03999999999999998,True,True,True,True,True,True,True,True,True,-0.02095986157655716,0.015034307451312444,basket|link_0|link_1|link_2|link_3
0.0,0.24000000000000005,0.03999999999999998,True,True,True,True,True,True,True,True,True,-0.02095986157655716,0.014213910545983255,basket|link_0|link_1|link_2|link_3
0.0,0.22000000000000003,0.03999999999999998,True,True,True,True,True,True,True,True,True,-0.02095986157655716,0.015532294549932114,basket|link_0|link_1|link_2|link_3
0.0,0.2,0.03999999999999998,True,True,True,True,True,True,True,True,True,-0.02095986157655716,0.011590808925274932,basket|link_0|link_1|link_2|link_3
0.0,0.18,0.03999999999999998,True,True,True,True,True,True,True,True,True,-0.02095986157655716,0.011132097477268265,basket|link_0|link_1|link_2|link_3
0.0,0.15999999999999998,0.03999999999999998,True,True,True,True,True,True,True,True,True,-0.02095986157655716,0.01081088889375449,basket|link_0|link_1|link_2|link_3
0.0,0.14000000000000007,0.03999999999999998,True,True,True,True,True,True,True,True,True,-0.020959846675395966,0.008364631908746702,basket|link_0|link_1|link_2|link_3
0.0,0.12000000000000005,0.03999999999999998,True,True,True,True,True,True,True,True,True,-0.020959846675395966,0.0065348408193739126,basket|link_0|link_1|link_2|link_3
0.0,0.10000000000000003,0.03999999999999998,True,True,True,True,True,True,True,True,True,-0.020959846675395966,0.005385057691118055,basket|link_0|link_1|link_2|link_3
0.0,0.08000000000000002,0.03999999999999998,True,True,True,True,True,True,True,True,True,-0.02095986157655716,0.008499523296448274,basket|link_0|link_1|link_2|link_3
0.0,0.06,0.03999999999999998,True,True,True,True,True,True,True,True,True,-0.02095986157655716,0.006008412681411987,basket|link_0|link_1|link_2|link_3
0.0,0.040000000000000036,0.03999999999999998,True,True,True,True,True,True,True,True,True,-0.02095986157655716,0.0060146856925008315,basket|link_0|link_1|link_2|link_3
0.0,0.020000000000000018,0.03999999999999998,True,True,True,True,True,True,True,True,True,-0.02095986157655716,0.006339471316581237,basket|link_0|link_1|link_2|link_3
0.0,0.0,0.03999999999999998,True,True,True,True,True,True,True,True,True,-0.02095986157655716,0.00219960015649647,basket|link_0|link_1|link_2|link_3
0.0,-0.019999999999999962,0.03999999999999998,True,True,True,True,True,True,True,True,True,-0.020959846675395966,0.0021038948924427987,basket|link_0|link_1|link_2|link_3
0.0,-0.03999999999999998,0.03999999999999998,True,True,True,True,True,True,True,True,True,-0.020959846675395966,0.004664882161111659,basket|link_0|link_1|link_2|link_3
0.0,-0.06,0.03999999999999998,True,True,True,True,True,True,True,True,True,-0.020959846675395966,0.013903011988762395,basket|link_0|link_1|link_2
0.0,-0.07999999999999996,0.03999999999999998,True,True,True,True,True,True,True,True,True,-0.020959846675395966,0.013870107416650334,basket|link_0|link_1|link_2
0.0,-0.09999999999999998,0.03999999999999998,True,True,True,True,True,True,True,True,True,-0.021884992718696594,0.013810929396905244,basket|link_0|link_1|link_2
0.0,-0.12,0.03999999999999998,True,True,True,True,True,True,True,True,True,-0.03606271743774414,0.013925726634929707,basket|link_0|link_1|link_2
0.0,-0.13999999999999996,0.03999999999999998,True,True,True,True,True,True,True,True,True,-0.02600374072790146,0.009686640272758984,basket|link_0|link_1|link_2
0.0,-0.15999999999999998,0.03999999999999998,True,True,True,True,True,True,True,True,True,-0.021630115807056427,0.003720271294268146,basket|link_0|link_1|link_2
0.0,-0.18,0.03999999999999998,True,True,True,True,True,True,True,True,True,-0.02095983177423477,0.017333943886048364,basket|link_0|link_1|link_2
0.0,-0.19999999999999998,0.03999999999999998,True,True,True,True,True,True,True,True,True,-0.02095983177423477,0.021373892432890312,basket|link_0|link_1|link_2
0.0,-0.21999999999999997,0.03999999999999998,True,True,True,True,True,True,True,True,True,-0.02095983177423477,0.0162703262171099,basket|link_0|link_1|link_2
0.0,-0.24,0.03999999999999998,True,True,True,True,True,True,True,True,True,-0.02095983177423477,0.013106990604969618,basket|link_0|link_1|link_2
0.0,-0.26,0.03999999999999998,True,True,True,True,True,True,True,True,True,-0.020959816873073578,0.024642858247958654,basket|link_0|link_1|link_2
0.0,-0.27999999999999997,0.03999999999999998,True,True,True,True,True,True,True,True,True,-0.020959816873073578,0.05100442926905787,basket|link_0|link_1|link_2
0.0,-0.3,0.03999999999999998,True,True,True,True,True,True,True,True,True,-0.020959816873073578,0.010489488939998641,basket|link_0|link_1|link_2
0.0,-0.31999999999999995,0.03999999999999998,True,True,True,True,True,True,True,True,True,-0.013416588306427002,0.04559380950551831,basket|link_0|link_1|link_2
0.0,-0.33999999999999997,0.03999999999999998,False,False,True,False,False,True,False,False,True,0.006578236818313599,1.4901161193847656e-08,basket|link_0|link_1|link_2
0.0,-0.36,0.03999999999999998,False,False,True,False,False,True,False,False,True,,1.4901161193847656e-08,link_1|link_2
0.0,-0.38,0.03999999999999998,False,False,True,False,False,True,False,False,True,,1.4901161193847656e-08,link_1|link_2
0.0,-0.39999999999999997,0.03999999999999998,False,False,True,False,False,True,False,False,True,,1.4901161193847656e-08,link_1|link_2
0.0,-0.42,0.03999999999999998,False,False,True,False,False,True,False,False,True,,1.4901161193847656e-08,link_1|link_2
0.0,0.42,0.019999999999999962,False,False,True,False,False,True,False,False,True,,1.4901161193847656e-08,link_1|link_2
0.0,0.4000000000000001,0.019999999999999962,False,False,True,False,False,True,False,False,True,,1.4901161193847656e-08,link_1|link_2
0.0,0.38000000000000006,0.019999999999999962,False,False,True,False,False,True,False,False,True,,1.4901161193847656e-08,link_1|link_2
0.0,0.36000000000000004,0.019999999999999962,False,False,True,False,False,True,False,False,True,,1.4901161193847656e-08,link_1|link_2
0.0,0.34,0.019999999999999962,False,False,True,False,False,True,False,False,True,0.004426747560501099,1.4901161193847656e-08,basket|link_0|link_1|link_2
0.0,0.32,0.019999999999999962,True,True,True,True,True,True,True,True,True,-0.015421509742736816,0.04261245973218282,basket|link_0|link_1|link_2|link_3
0.0,0.3,0.019999999999999962,True,True,True,True,True,True,True,True,True,-0.020959876477718353,0.016801368332688936,basket|link_0|link_1|link_2|link_3
0.0,0.2800000000000001,0.019999999999999962,True,True,True,True,True,True,True,True,True,-0.020959876477718353,0.012320043987848504,basket|link_0|link_1|link_2|link_3
0.0,0.26000000000000006,0.019999999999999962,True,True,True,True,True,True,True,True,True,-0.020959876477718353,0.010886532101132976,basket|link_0|link_1|link_2|link_3
0.0,0.24000000000000005,0.019999999999999962,True,True,True,True,True,True,True,True,True,-0.02095986157655716,0.012629003810325822,basket|link_0|link_1|link_2|link_3
0.0,0.22000000000000003,0.019999999999999962,True,True,True,True,True,True,True,True,True,-0.02095986157655716,0.007439791172943222,basket|link_0|link_1|link_2|link_3
0.0,0.2,0.019999999999999962,True,True,True,True,True,True,True,True,True,-0.02095986157655716,0.0060278445882484275,basket|link_0|link_1|link_2|link_3
0.0,0.18,0.019999999999999962,True,True,True,True,True,True,True,True,True,-0.02095986157655716,0.006076744916677739,basket|link_0|link_1|link_2|link_3
0.0,0.15999999999999998,0.019999999999999962,True,True,True,True,True,True,True,True,True,-0.02095986157655716,0.006698831183295295,basket|link_0|link_1|link_2|link_3
0.0,0.14000000000000007,0.019999999999999962,True,True,True,True,True,True,True,True,True,-0.02095986157655716,0.008544796114477482,basket|link_0|link_1|link_2|link_3
0.0,0.12000000000000005,0.019999999999999962,True,True,True,True,True,True,True,True,True,-0.020959846675395966,0.008831921476934292,basket|link_0|link_1|link_2|link_3
0.0,0.10000000000000003,0.019999999999999962,True,True,True,True,True,True,True,True,True,-0.020959846675395966,0.00793785638341784,basket|link_0|link_1|link_2|link_3
0.0,0.08000000000000002,0.019999999999999962,True,True,True,True,True,True,True,True,True,-0.02095986157655716,0.0071597038445398685,basket|link_0|link_1|link_2|link_3
0.0,0.06,0.019999999999999962,True,True,True,True,True,True,True,True,True,-0.02095986157655716,0.005520868809070008,basket|link_0|link_1|link_2|link_3
0.0,0.040000000000000036,0.019999999999999962,True,True,True,True,True,True,True,True,True,-0.02095986157655716,0.005294704847247504,basket|link_0|link_1|link_2|link_3
0.0,0.020000000000000018,0.019999999999999962,True,True,True,True,True,True,True,True,True,-0.02095986157655716,0.005742552166338562,basket|link_0|link_1|link_2|link_3
0.0,0.0,0.019999999999999962,True,True,True,True,True,True,True,True,True,-0.02095986157655716,0.00531377670639698,basket|link_0|link_1|link_2|link_3
0.0,-0.019999999999999962,0.019999999999999962,True,True,True,True,True,True,True,True,True,-0.02095986157655716,0.0060595486634684595,basket|link_0|link_1|link_2|link_3
0.0,-0.03999999999999998,0.019999999999999962,True,True,True,True,True,True,True,True,True,-0.020959846675395966,0.009950950193931428,basket|link_0|link_1|link_2|link_3
0.0,-0.06,0.019999999999999962,True,True,True,True,True,True,True,True,True,-0.020959846675395966,0.011403891552675592,basket|link_0|link_1|link_2
0.0,-0.07999999999999996,0.019999999999999962,True,True,True,True,True,True,True,True,True,-0.020959846675395966,0.012454617131168957,basket|link_0|link_1|link_2
0.0,-0.09999999999999998,0.019999999999999962,True,True,True,True,True,True,True,True,True,-0.020959846675395966,0.007867190274393759,basket|link_0|link_1|link_2
0.0,-0.12,0.019999999999999962,True,True,True,True,True,True,True,True,True,-0.020959846675395966,0.010257001935250797,basket|link_0|link_1|link_2
0.0,-0.13999999999999996,0.019999999999999962,True,True,True,True,True,True,True,True,True,-0.020959846675395966,0.011346542551098631,basket|link_0|link_1|link_2
0.0,-0.15999999999999998,0.019999999999999962,True,True,True,True,True,True,True,True,True,-0.02095983177423477,0.00854389270762246,basket|link_0|link_1|link_2
0.0,-0.18,0.019999999999999962,True,True,True,True,True,True,True,True,True,-0.02095983177423477,0.012179126290893013,basket|link_0|link_1|link_2
0.0,-0.19999999999999998,0.019999999999999962,True,True,True,True,True,True,True,True,True,-0.02095983177423477,0.018766933962374367,basket|link_0|link_1|link_2
0.0,-0.21999999999999997,0.019999999999999962,True,True,True,True,True,True,True,True,True,-0.02095983177423477,0.014326935273608312,basket|link_0|link_1|link_2
0.0,-0.24,0.019999999999999962,True,True,True,True,True,True,True,True,True,-0.02095983177423477,0.013293693728628275,basket|link_0|link_1|link_2
0.0,-0.26,0.019999999999999962,True,True,True,True,True,True,True,True,True,-0.02095983177423477,0.031155968282159045,basket|link_0|link_1|link_2
0.0,-0.27999999999999997,0.019999999999999962,True,True,True,True,True,True,True,True,True,-0.020959816873073578,0.08185674134081294,basket|link_0|link_1|link_2
0.0,-0.3,0.019999999999999962,True,True,True,True,True,True,True,True,True,-0.020959816873073578,0.020209569839442953,basket|link_0|link_1|link_2
0.0,-0.31999999999999995,0.019999999999999962,True,True,True,True,True,True,True,True,True,-0.013416588306427002,0.054700415494824774,basket|link_0|link_1|link_2
0.0,-0.33999999999999997,0.019999999999999962,False,False,True,False,False,True,False,False,True,0.006578236818313599,1.4901161193847656e-08,basket|link_0|link_1|link_2
0.0,-0.36,0.019999999999999962,False,False,True,False,False,True,False,False,True,,1.4901161193847656e-08,link_1|link_2
0.0,-0.38,0.019999999999999962,False,False,True,False,False,True,False,False,True,,1.4901161193847656e-08,link_1|link_2
0.0,-0.39999999999999997,0.019999999999999962,False,False,True,False,False,True,False,False,True,,1.4901161193847656e-08,link_1|link_2
0.0,-0.42,0.019999999999999962,False,False,True,False,False,True,False,False,True,,1.4901161193847656e-08,link_1|link_2
0.0,0.42,0.0,False,False,True,False,False,True,False,False,True,,1.4901161193847656e-08,link_1|link_2
0.0,0.4000000000000001,0.0,False,False,True,False,False,True,False,False,True,,1.4901161193847656e-08,link_1|link_2
0.0,0.38000000000000006,0.0,False,False,True,False,False,True,False,False,True,,1.4901161193847656e-08,link_1|link_2
0.0,0.36000000000000004,0.0,False,False,True,False,False,True,False,False,True,,1.4901161193847656e-08,link_1|link_2
0.0,0.34,0.0,False,False,True,False,False,True,False,False,True,0.004426747560501099,1.4901161193847656e-08,basket|link_0|link_1|link_2
0.0,0.32,0.0,True,True,True,True,True,True,True,True,True,-0.015421509742736816,0.10294679340560832,basket|link_0|link_1|link_2|link_3
0.0,0.3,0.0,True,True,True,True,True,True,True,True,True,-0.020959876477718353,0.027765448796913138,basket|link_0|link_1|link_2|link_3
0.0,0.2800000000000001,0.0,True,True,True,True,True,True,True,True,True,-0.020959876477718353,0.034015511256977285,basket|link_0|link_1|link_2|link_3
0.0,0.26000000000000006,0.0,True,True,True,True,True,True,True,True,True,-0.020959876477718353,0.007843926643605082,basket|link_0|link_1|link_2|link_3
0.0,0.24000000000000005,0.0,True,True,True,True,True,True,True,True,True,-0.020959876477718353,0.006346979581007656,basket|link_0|link_1|link_2|link_3
0.0,0.22000000000000003,0.0,True,True,True,True,True,True,True,True,True,-0.02095986157655716,0.003958151405532797,basket|link_0|link_1|link_2|link_3
0.0,0.2,0.0,True,True,True,True,True,True,True,True,True,-0.02095986157655716,0.008249622671543812,basket|link_0|link_1|link_2|link_3
0.0,0.18,0.0,True,True,True,True,True,True,True,True,True,-0.02095986157655716,0.008879520966973954,basket|link_0|link_1|link_2|link_3
0.0,0.15999999999999998,0.0,True,True,True,True,True,True,True,True,True,-0.02095986157655716,0.013167502318413108,basket|link_0|link_1|link_2|link_3
0.0,0.14000000000000007,0.0,True,True,True,True,True,True,True,True,True,-0.02095986157655716,0.008176552709280305,basket|link_0|link_1|link_2|link_3
0.0,0.12000000000000005,0.0,True,True,True,True,True,True,True,True,True,-0.02095986157655716,0.005429318035476869,basket|link_0|link_1|link_2|link_3
0.0,0.10000000000000003,0.0,True,True,True,True,True,True,True,True,True,-0.020959846675395966,0.004939526559573197,basket|link_0|link_1|link_2|link_3
0.0,0.08000000000000002,0.0,True,True,True,True,True,True,True,True,True,-0.02095986157655716,0.0037207757150321714,basket|link_0|link_1|link_2|link_3
0.0,0.06,0.0,True,True,True,True,True,True,True,True,True,-0.02095986157655716,0.0073886057450520196,basket|link_0|link_1|link_2|link_3
0.0,0.040000000000000036,0.0,True,True,True,True,True,True,True,True,True,-0.02095986157655716,0.0030654064936407686,basket|link_0|link_1|link_2|link_3
0.0,0.020000000000000018,0.0,True,True,True,True,True,True,True,True,True,-0.02095986157655716,0.002283990266486786,basket|link_0|link_1|link_2|link_3
0.0,0.0,0.0,True,True,True,True,True,True,True,True,True,-0.02095986157655716,0.0015697437975189356,basket|link_0|link_1|link_2|link_3
0.0,-0.019999999999999962,0.0,True,True,True,True,True,True,True,True,True,-0.02095986157655716,0.013880353831902349,basket|link_0|link_1|link_2|link_3
0.0,-0.03999999999999998,0.0,True,True,True,True,True,True,True,True,True,-0.02095986157655716,0.010683085213390708,basket|link_0|link_1|link_2|link_3
0.0,-0.06,0.0,True,True,True,True,True,True,True,True,True,-0.020959846675395966,0.01018479354563008,basket|link_0|link_1|link_2
0.0,-0.07999999999999996,0.0,True,True,True,True,True,True,True,True,True,-0.020959846675395966,0.01167433726312939,basket|link_0|link_1|link_2
0.0,-0.09999999999999998,0.0,True,True,True,True,True,True,True,True,True,-0.020959846675395966,0.006098620844613771,basket|link_0|link_1|link_2
0.0,-0.12,0.0,True,True,True,True,True,True,True,True,True,-0.020959846675395966,0.010038634913822562,basket|link_0|link_1|link_2
0.0,-0.13999999999999996,0.0,True,True,True,True,True,True,True,True,True,-0.020959846675395966,0.0103898106819621,basket|link_0|link_1|link_2
0.0,-0.15999999999999998,0.0,True,True,True,True,True,True,True,True,True,-0.020959846675395966,0.008636591209910224,basket|link_0|link_1|link_2
0.0,-0.18,0.0,True,True,True,True,True,True,True,True,True,-0.02095983177423477,0.0076174243946547345,basket|link_0|link_1|link_2
0.0,-0.19999999999999998,0.0,True,True,True,True,True,True,True,True,True,-0.02095983177423477,0.01851977925125903,basket|link_0|link_1|link_2
0.0,-0.21999999999999997,0.0,True,True,True,True,True,True,True,True,True,-0.02095983177423477,0.014799195975374513,basket|link_0|link_1|link_2
0.0,-0.24,0.0,True,True,True,True,True,True,True,True,True,-0.02095983177423477,0.014562292430810028,basket|link_0|link_1|link_2
0.0,-0.26,0.0,True,True,True,True,True,True,True,True,True,-0.02095983177423477,0.025409293632602397,basket|link_0|link_1|link_2
0.0,-0.27999999999999997,0.0,True,True,True,True,True,True,True,True,True,-0.02095983177423477,0.0776428322014957,basket|link_0|link_1|link_2
0.0,-0.3,0.0,True,True,True,True,True,True,True,True,True,-0.020959816873073578,0.02716449722752662,basket|link_0|link_1|link_2
0.0,-0.31999999999999995,0.0,True,True,True,True,True,True,True,True,True,-0.013416588306427002,0.04487233950314508,basket|link_0|link_1|link_2
0.0,-0.33999999999999997,0.0,False,False,True,False,False,True,False,False,True,0.006578236818313599,1.4901161193847656e-08,basket|link_0|link_1|link_2
0.0,-0.36,0.0,False,False,True,False,False,True,False,False,True,,1.4901161193847656e-08,link_1|link_2
0.0,-0.38,0.0,False,False,True,False,False,True,False,False,True,,1.4901161193847656e-08,link_1|link_2
0.0,-0.39999999999999997,0.0,False,False,True,False,False,True,False,False,True,,1.4901161193847656e-08,link_1|link_2
0.0,-0.42,0.0,False,False,True,False,False,True,False,False,True,,1.4901161193847656e-08,link_1|link_2
0.0,0.42,-0.020000000000000018,False,False,True,False,False,True,False,False,True,,1.4901161193847656e-08,link_1|link_2
0.0,0.4000000000000001,-0.020000000000000018,False,False,True,False,False,True,False,False,True,,1.4901161193847656e-08,link_1|link_2
0.0,0.38000000000000006,-0.020000000000000018,False,False,True,False,False,True,False,False,True,,1.4901161193847656e-08,link_1|link_2
0.0,0.36000000000000004,-0.020000000000000018,False,False,True,False,False,True,False,False,True,,1.4901161193847656e-08,link_1|link_2
0.0,0.34,-0.020000000000000018,False,False,True,False,False,True,False,False,True,0.004426747560501099,1.4901161193847656e-08,basket|link_0|link_1|link_2
0.0,0.32,-0.020000000000000018,True,True,True,True,True,True,True,True,True,-0.015421509742736816,0.08258288248062144,basket|link_0|link_1|link_2|link_3
0.0,0.3,-0.020000000000000018,True,True,True,True,True,True,True,True,True,-0.020959876477718353,0.015195398303082338,basket|link_0|link_1|link_2|link_3
0.0,0.2800000000000001,-0.020000000000000018,True,True,True,True,True,True,True,True,True,-0.020959876477718353,0.01690468656084561,basket|link_0|link_1|link_2|link_3
0.0,0.26000000000000006,-0.020000000000000018,True,True,True,True,True,True,True,True,True,-0.020959876477718353,0.009962418346055,basket|link_0|link_1|link_2|link_3
0.0,0.24000000000000005,-0.020000000000000018,True,True,True,True,True,True,True,True,True,-0.020959876477718353,0.008796836658720827,basket|link_0|link_1|link_2|link_3
0.0,0.22000000000000003,-0.020000000000000018,True,True,True,True,True,True,True,True,True,-0.020959876477718353,0.005981493450413094,basket|link_0|link_1|link_2|link_3
0.0,0.2,-0.020000000000000018,True,True,True,True,True,True,True,True,True,-0.02095986157655716,0.006944348547761961,basket|link_0|link_1|link_2|link_3
0.0,0.18,-0.020000000000000018,True,True,True,True,True,True,True,True,True,-0.02095986157655716,0.009039147499725324,basket|link_0|link_1|link_2|link_3
0.0,0.15999999999999998,-0.020000000000000018,True,True,True,True,True,True,True,True,True,-0.02095986157655716,0.008660893435475443,basket|link_0|link_1|link_2|link_3
0.0,0.14000000000000007,-0.020000000000000018,True,True,True,True,True,True,True,True,True,-0.02095986157655716,0.007509609450599405,basket|link_0|link_1|link_2|link_3
0.0,0.12000000000000005,-0.020000000000000018,True,True,True,True,True,True,True,True,True,-0.02095986157655716,0.010917295720376457,basket|link_0|link_1|link_2|link_3
0.0,0.10000000000000003,-0.020000000000000018,True,True,True,True,True,True,True,True,True,-0.02095986157655716,0.008442673624329542,basket|link_0|link_1|link_2|link_3
0.0,0.08000000000000002,-0.020000000000000018,True,True,True,True,True,True,True,True,True,-0.020959876477718353,0.006497269619622908,basket|link_0|link_1|link_2|link_3
0.0,0.06,-0.020000000000000018,True,True,True,True,True,True,True,True,True,-0.02095986157655716,0.006546622036459965,basket|link_0|link_1|link_2|link_3
0.0,0.040000000000000036,-0.020000000000000018,True,True,True,True,True,True,True,True,True,-0.02095986157655716,0.004712666080777328,basket|link_0|link_1|link_2|link_3
0.0,0.020000000000000018,-0.020000000000000018,True,True,True,True,True,True,True,True,True,-0.02095986157655716,0.004370196760043135,basket|link_0|link_1|link_2|link_3
0.0,0.0,-0.020000000000000018,True,True,True,True,True,True,True,True,True,-0.02095986157655716,0.009743893000915476,basket|link_0|link_1|link_2|link_3
0.0,-0.019999999999999962,-0.020000000000000018,True,True,True,True,True,True,True,True,True,-0.02095986157655716,0.009923488032059412,basket|link_0|link_1|link_2|link_3
0.0,-0.03999999999999998,-0.020000000000000018,True,True,True,True,True,True,True,True,True,-0.02095986157655716,0.004511152098658284,basket|link_0|link_1|link_2|link_3
0.0,-0.06,-0.020000000000000018,True,True,True,True,True,True,True,True,True,-0.02095986157655716,0.014338593548619308,basket|link_0|link_1|link_2
0.0,-0.07999999999999996,-0.020000000000000018,True,True,True,True,True,True,True,True,True,-0.020959846675395966,0.009968262178709995,basket|link_0|link_1|link_2
0.0,-0.09999999999999998,-0.020000000000000018,True,True,True,True,True,True,True,True,True,-0.020959846675395966,0.004855006486387999,basket|link_0|link_1|link_2
0.0,-0.12,-0.020000000000000018,True,True,True,True,True,True,True,True,True,-0.020959846675395966,0.006935829817989065,basket|link_0|link_1|link_2
0.0,-0.13999999999999996,-0.020000000000000018,True,True,True,True,True,True,True,True,True,-0.020959846675395966,0.006769240994056592,basket|link_0|link_1|link_2
0.0,-0.15999999999999998,-0.020000000000000018,True,True,True,True,True,True,True,True,True,-0.020959846675395966,0.01417146724962404,basket|link_0|link_1|link_2
0.0,-0.18,-0.020000000000000018,True,True,True,True,True,True,True,True,True,-0.020959846675395966,0.012732519845993105,basket|link_0|link_1|link_2
0.0,-0.19999999999999998,-0.020000000000000018,True,True,True,True,True,True,True,True,True,-0.02095983177423477,0.010765770673885898,basket|link_0|link_1|link_2
0.0,-0.21999999999999997,-0.020000000000000018,True,True,True,True,True,True,True,True,True,-0.02095983177423477,0.013480839826464875,basket|link_0|link_1|link_2
0.0,-0.24,-0.020000000000000018,True,True,True,True,True,True,True,True,True,-0.02095983177423477,0.0151426321279653,basket|link_0|link_1|link_2
0.0,-0.26,-0.020000000000000018,True,True,True,True,True,True,True,True,True,-0.02095983177423477,0.03202635942804052,basket|link_0|link_1|link_2
0.0,-0.27999999999999997,-0.020000000000000018,True,True,True,True,True,True,True,True,True,-0.02095983177423477,0.06972652827331774,basket|link_0|link_1|link_2
0.0,-0.3,-0.020000000000000018,True,True,True,True,True,True,True,True,True,-0.02095983177423477,0.021857370809659996,basket|link_0|link_1|link_2
0.0,-0.31999999999999995,-0.020000000000000018,True,True,True,True,True,True,True,True,True,-0.013416588306427002,0.029745435171515327,basket|link_0|link_1|link_2
0.0,-0.33999999999999997,-0.020000000000000018,False,False,True,False,False,True,False,False,True,0.006578236818313599,1.4901161193847656e-08,basket|link_0|link_1|link_2
0.0,-0.36,-0.020000000000000018,False,False,True,False,False,True,False,False,True,,1.4901161193847656e-08,link_1|link_2
0.0,-0.38,-0.020000000000000018,False,False,True,False,False,True,False,False,True,,1.4901161193847656e-08,link_1|link_2
0.0,-0.39999999999999997,-0.020000000000000018,False,False,True,False,False,True,False,False,True,,1.4901161193847656e-08,link_1|link_2
0.0,-0.42,-0.020000000000000018,False,False,True,False,False,True,False,False,True,,1.4901161193847656e-08,link_1|link_2
0.0,0.42,-0.040000000000000036,False,False,True,False,False,True,False,False,True,,1.4901161193847656e-08,link_1|link_2
0.0,0.4000000000000001,-0.040000000000000036,False,False,True,False,False,True,False,False,True,,1.4901161193847656e-08,link_1|link_2
0.0,0.38000000000000006,-0.040000000000000036,False,False,True,False,False,True,False,False,True,,1.4901161193847656e-08,link_1|link_2
0.0,0.36000000000000004,-0.040000000000000036,False,False,True,False,False,True,False,False,True,,1.4901161193847656e-08,link_1|link_2
0.0,0.34,-0.040000000000000036,False,False,True,False,False,True,False,False,True,0.004426747560501099,1.4901161193847656e-08,basket|link_0|link_1|link_2|link_3
0.0,0.32,-0.040000000000000036,True,True,True,True,True,True,True,True,True,-0.015396416187286377,0.07968587227685893,basket|link_0|link_1|link_2|link_3
0.0,0.3,-0.040000000000000036,True,True,True,True,True,True,True,True,True,-0.020959876477718353,0.010963296699366992,basket|link_0|link_1|link_2|link_3
0.0,0.2800000000000001,-0.040000000000000036,True,True,True,True,True,True,True,True,True,-0.020959876477718353,0.005135196907556254,basket|link_0|link_1|link_2|link_3
0.0,0.26000000000000006,-0.040000000000000036,True,True,True,True,True,True,True,True,True,-0.020959876477718353,0.018172139902719715,basket|link_0|link_1|link_2|link_3
0.0,0.24000000000000005,-0.040000000000000036,True,True,True,True,True,True,True,True,True,-0.020959876477718353,0.015510051617668814,basket|link_0|link_1|link_2|link_3
0.0,0.22000000000000003,-0.040000000000000036,True,True,True,True,True,True,True,True,True,-0.020959876477718353,0.018969451213349933,basket|link_0|link_1|link_2|link_3
0.0,0.2,-0.040000000000000036,True,True,True,True,True,True,True,True,True,-0.020959876477718353,0.008497952185121454,basket|link_0|link_1|link_2|link_3
0.0,0.18,-0.040000000000000036,True,True,True,True,True,True,True,True,True,-0.02095986157655716,0.00298525248469293,basket|link_0|link_1|link_2|link_3
0.0,0.15999999999999998,-0.040000000000000036,True,True,True,True,True,True,True,True,True,-0.02095986157655716,0.0030642743120990407,basket|link_0|link_1|link_2|link_3
0.0,0.14000000000000007,-0.040000000000000036,True,True,True,True,True,True,True,True,True,-0.02095986157655716,0.009718457873728222,basket|link_0|link_1|link_2|link_3
0.0,0.12000000000000005,-0.040000000000000036,True,True,True,True,True,True,True,True,True,-0.02095986157655716,0.010579723883606016,basket|link_0|link_1|link_2|link_3
0.0,0.10000000000000003,-0.040000000000000036,True,True,True,True,True,True,True,True,True,-0.02095986157655716,0.00692588539848913,basket|link_0|link_1|link_2|link_3
0.0,0.08000000000000002,-0.040000000000000036,True,True,True,True,True,True,True,True,True,-0.020959876477718353,0.0055461978783567616,basket|link_0|link_1|link_2|link_3
0.0,0.06,-0.040000000000000036,True,True,True,True,True,True,True,True,True,-0.020959876477718353,0.0038312568252849054,basket|link_0|link_1|link_2|link_3
0.0,0.040000000000000036,-0.040000000000000036,True,True,True,True,True,True,True,True,True,-0.020959876477718353,0.003044431718806479,basket|link_0|link_1|link_2|link_3
0.0,0.020000000000000018,-0.040000000000000036,True,True,True,True,True,True,True,True,True,-0.02095986157655716,0.0035164942889058808,basket|link_0|link_1|link_2|link_3
0.0,0.0,-0.040000000000000036,True,True,True,True,True,True,True,True,True,-0.02095986157655716,0.0033905715548759358,basket|link_0|link_1|link_2|link_3
0.0,-0.019999999999999962,-0.040000000000000036,True,True,True,True,True,True,True,True,True,-0.02095986157655716,0.004102218889607876,basket|link_0|link_1|link_2|link_3
0.0,-0.03999999999999998,-0.040000000000000036,True,True,True,True,True,True,True,True,True,-0.02095986157655716,0.0034891489272011753,basket|link_0|link_1|link_2|link_3
0.0,-0.06,-0.040000000000000036,True,True,True,True,True,True,True,True,True,-0.02095986157655716,0.0012961487608677991,basket|link_0|link_1|link_2
0.0,-0.07999999999999996,-0.040000000000000036,True,True,True,True,True,True,True,True,True,-0.02095986157655716,0.0012298611470901333,basket|link_0|link_1|link_2
0.0,-0.09999999999999998,-0.040000000000000036,True,True,True,True,True,True,True,True,True,-0.020959846675395966,0.005553426661980603,basket|link_0|link_1|link_2
0.0,-0.12,-0.040000000000000036,True,True,True,True,True,True,True,True,True,-0.020959846675395966,0.002918108981221772,basket|link_0|link_1|link_2
0.0,-0.13999999999999996,-0.040000000000000036,True,True,True,True,True,True,True,True,True,-0.020959846675395966,0.004134582852902511,basket|link_0|link_1|link_2
0.0,-0.15999999999999998,-0.040000000000000036,True,True,True,True,True,True,True,True,True,-0.020959846675395966,0.01409631519377024,basket|link_0|link_1|link_2
0.0,-0.18,-0.040000000000000036,True,True,True,True,True,True,True,True,True,-0.020959846675395966,0.011662971389546981,basket|link_0|link_1|link_2
0.0,-0.19999999999999998,-0.040000000000000036,True,True,True,True,True,True,True,True,True,-0.020959846675395966,0.01089373889602881,basket|link_0|link_1|link_2
0.0,-0.21999999999999997,-0.040000000000000036,True,True,True,True,True,True,True,True,True,-0.02095983177423477,0.017212504996967182,basket|link_0|link_1|link_2
0.0,-0.24,-0.040000000000000036,True,True,True,True,True,True,True,True,True,-0.02095983177423477,0.015185448356723039,basket|link_0|link_1|link_2
0.0,-0.26,-0.040000000000000036,True,True,True,True,True,True,True,True,True,-0.02095983177423477,0.0343996757848734,basket|link_0|link_1|link_2
0.0,-0.27999999999999997,-0.040000000000000036,True,True,True,True,True,True,True,True,True,-0.02095983177423477,0.07554384231960126,basket|link_0|link_1|link_2
0.0,-0.3,-0.040000000000000036,True,True,True,True,True,True,True,True,True,-0.02095983177423477,0.018320073810466006,basket|link_0|link_1|link_2
0.0,-0.31999999999999995,-0.040000000000000036,True,True,True,True,True,True,True,True,True,-0.013416588306427002,0.04082921060990047,basket|link_0|link_1|link_2
0.0,-0.33999999999999997,-0.040000000000000036,False,False,True,False,False,True,False,False,True,0.006578236818313599,1.4901161193847656e-08,basket|link_0|link_1|link_2
0.0,-0.36,-0.040000000000000036,False,False,True,False,False,True,False,False,True,,1.4901161193847656e-08,link_1|link_2
0.0,-0.38,-0.040000000000000036,False,False,True,False,False,True,False,False,True,,1.4901161193847656e-08,link_1|link_2
0.0,-0.39999999999999997,-0.040000000000000036,False,False,True,False,False,True,False,False,True,,1.4901161193847656e-08,link_1|link_2
0.0,-0.42,-0.040000000000000036,False,False,True,False,False,True,False,False,True,,1.4901161193847656e-08,link_1|link_2
0.0,0.42,-0.06,False,False,True,False,False,True,False,False,True,,1.4901161193847656e-08,link_1|link_2
0.0,0.4000000000000001,-0.06,False,False,True,False,False,True,False,False,True,,1.4901161193847656e-08,link_1|link_2
0.0,0.38000000000000006,-0.06,False,False,True,False,False,True,False,False,True,,1.4901161193847656e-08,link_1|link_2
0.0,0.36000000000000004,-0.06,False,False,True,False,False,True,False,False,True,,1.4901161193847656e-08,link_1|link_2
0.0,0.34,-0.06,False,False,True,False,False,True,False,False,True,0.004427388310432434,1.4901161193847656e-08,basket|link_0|link_1|link_2
0.0,0.32,-0.06,True,True,True,True,True,True,True,True,True,-0.015396416187286377,0.04953637211657951,basket|link_0|link_1|link_2|link_3
0.0,0.3,-0.06,True,True,True,True,True,True,True,True,True,-0.020959891378879547,0.010129477421159704,basket|link_0|link_1|link_2|link_3
0.0,0.2800000000000001,-0.06,True,True,True,True,True,True,True,True,True,-0.020959876477718353,0.020630160274787118,basket|link_0|link_1|link_2|link_3
0.0,0.26000000000000006,-0.06,True,True,True,True,True,True,True,True,True,-0.020959876477718353,0.013880928016926886,basket|link_0|link_1|link_2|link_3
0.0,0.24000000000000005,-0.06,True,True,True,True,True,True,True,True,True,-0.020959876477718353,0.009848725047031893,basket|link_0|link_1|link_2|link_3
0.0,0.22000000000000003,-0.06,True,True,True,True,True,True,True,True,True,-0.020959876477718353,0.017035071927856978,basket|link_0|link_1|link_2|link_3
0.0,0.2,-0.06,True,True,True,True,True,True,True,True,True,-0.020959876477718353,0.006301377643101553,basket|link_0|link_1|link_2|link_3
0.0,0.18,-0.06,True,True,True,True,True,True,True,True,True,-0.020959876477718353,0.007801483112800023,basket|link_0|link_1|link_2|link_3
0.0,0.15999999999999998,-0.06,True,True,True,True,True,True,True,True,True,-0.02095986157655716,0.007469184879056185,basket|link_0|link_1|link_2|link_3
0.0,0.14000000000000007,-0.06,True,True,True,True,True,True,True,True,True,-0.02095986157655716,0.010491160272815686,basket|link_0|link_1|link_2|link_3
0.0,0.12000000000000005,-0.06,True,True,True,True,True,True,True,True,True,-0.02095986157655716,0.009750734730122002,basket|link_0|link_1|link_2|link_3
0.0,0.10000000000000003,-0.06,True,True,True,True,True,True,True,True,True,-0.02095986157655716,0.011000469731344976,basket|link_0|link_1|link_2|link_3
0.0,0.08000000000000002,-0.06,True,True,True,True,True,True,True,True,True,-0.020959876477718353,0.009747822492598843,basket|link_0|link_1|link_2|link_3
0.0,0.06,-0.06,True,True,True,True,True,True,True,True,True,-0.020959876477718353,0.005734374709620892,basket|link_0|link_1|link_2|link_3
0.0,0.040000000000000036,-0.06,True,True,True,True,True,True,True,True,True,-0.020959876477718353,0.004923184023855102,basket|link_0|link_1|link_2|link_3
0.0,0.020000000000000018,-0.06,True,True,True,True,True,True,True,True,True,-0.020959876477718353,0.004578491245907183,basket|link_0|link_1|link_2|link_3
0.0,0.0,-0.06,True,True,True,True,True,True,True,True,True,-0.02095986157655716,0.005233199559622547,basket|link_0|link_1|link_2|link_3
0.0,-0.019999999999999962,-0.06,True,True,True,True,True,True,True,True,True,-0.02095986157655716,0.006120602014995782,basket|link_0|link_1|link_2|link_3
0.0,-0.03999999999999998,-0.06,True,True,True,True,True,True,True,True,True,-0.02095986157655716,0.012082382466666456,basket|link_0|link_1|link_2|link_3
0.0,-0.06,-0.06,True,True,True,True,True,True,True,True,True,-0.02095986157655716,0.016806926116693943,basket|link_0|link_1|link_2
0.0,-0.07999999999999996,-0.06,True,True,True,True,True,True,True,True,True,-0.02095986157655716,0.011367112533759131,basket|link_0|link_1|link_2
0.0,-0.09999999999999998,-0.06,True,True,True,True,True,True,True,True,True,-0.02095986157655716,0.011252051757785413,basket|link_0|link_1|link_2
0.0,-0.12,-0.06,True,True,True,True,True,True,True,True,True,-0.020959846675395966,0.009810433805332313,basket|link_0|link_1|link_2
0.0,-0.13999999999999996,-0.06,True,True,True,True,True,True,True,True,True,-0.020959846675395966,0.009956852907702863,basket|link_0|link_1|link_2
0.0,-0.15999999999999998,-0.06,True,True,True,True,True,True,True,True,True,-0.020959846675395966,0.010403347730508054,basket|link_0|link_1|link_2
0.0,-0.18,-0.06,True,True,True,True,True,True,True,True,True,-0.020959846675395966,0.011014623999536892,basket|link_0|link_1|link_2
0.0,-0.19999999999999998,-0.06,True,True,True,True,True,True,True,True,True,-0.020959846675395966,0.011813931183731217,basket|link_0|link_1|link_2
0.0,-0.21999999999999997,-0.06,True,True,True,True,True,True,True,True,True,-0.020959846675395966,0.007457370044043728,basket|link_0|link_1|link_2
0.0,-0.24,-0.06,True,True,True,True,True,True,True,True,True,-0.02095983177423477,0.02030213181836092,basket|link_0|link_1|link_2
0.0,-0.26,-0.06,True,True,True,True,True,True,True,True,True,-0.02095983177423477,0.045305995855928836,basket|link_0|link_1|link_2
0.0,-0.27999999999999997,-0.06,True,True,True,True,True,True,True,True,True,-0.02095983177423477,0.05705800784474956,basket|link_0|link_1|link_2
0.0,-0.3,-0.06,True,True,True,True,True,True,True,True,True,-0.02095983177423477,0.01692348609783221,basket|link_0|link_1|link_2
0.0,-0.31999999999999995,-0.06,True,True,True,True,True,True,True,True,True,-0.013416588306427002,0.028187275475528885,basket|link_0|link_1|link_2
0.0,-0.33999999999999997,-0.06,False,False,True,False,False,True,False,False,True,0.006578177213668823,1.4901161193847656e-08,basket|link_0|link_1|link_2
0.0,-0.36,-0.06,False,False,True,False,False,True,False,False,True,,1.4901161193847656e-08,link_1|link_2
0.0,-0.38,-0.06,False,False,True,False,False,True,False,False,True,,1.4901161193847656e-08,link_1|link_2
0.0,-0.39999999999999997,-0.06,False,False,True,False,False,True,False,False,True,,1.4901161193847656e-08,link_1|link_2
0.0,-0.42,-0.06,False,False,True,False,False,True,False,False,True,,1.4901161193847656e-08,link_1|link_2
0.0,0.42,-0.08000000000000002,False,False,True,False,False,True,False,False,True,,1.4901161193847656e-08,link_1|link_2
0.0,0.4000000000000001,-0.08000000000000002,False,False,True,False,False,True,False,False,True,,1.4901161193847656e-08,link_1|link_2
0.0,0.38000000000000006,-0.08000000000000002,False,False,True,False,False,True,False,False,True,,1.4901161193847656e-08,link_1|link_2
0.0,0.36000000000000004,-0.08000000000000002,False,False,True,False,False,True,False,False,True,,1.4901161193847656e-08,link_1|link_2
0.0,0.34,-0.08000000000000002,False,False,True,False,False,True,False,False,True,0.004430562257766724,1.4901161193847656e-08,basket|link_0|link_1|link_2
0.0,0.32,-0.08000000000000002,True,True,True,True,True,True,True,True,True,-0.015396416187286377,0.05723373966404608,basket|link_0|link_1|link_2|link_3
0.0,0.3,-0.08000000000000002,True,True,True,True,True,True,True,True,True,-0.020959891378879547,0.0056675366416845474,basket|link_0|link_1|link_2|link_3
0.0,0.2800000000000001,-0.08000000000000002,True,True,True,True,True,True,True,True,True,-0.020959891378879547,0.01928648028841126,basket|link_0|link_1|link_2|link_3
0.0,0.26000000000000006,-0.08000000000000002,True,True,True,True,True,True,True,True,True,-0.020959891378879547,0.018287610981733437,basket|link_0|link_1|link_2|link_3
0.0,0.24000000000000005,-0.08000000000000002,True,True,True,True,True,True,True,True,True,-0.020959891378879547,0.01191717187163222,basket|link_0|link_1|link_2|link_3
0.0,0.22000000000000003,-0.08000000000000002,True,True,True,True,True,True,True,True,True,-0.020959891378879547,0.00973607972111006,basket|link_0|link_1|link_2|link_3
0.0,0.2,-0.08000000000000002,True,True,True,True,True,True,True,True,True,-0.020959891378879547,0.005817572364874846,basket|link_0|link_1|link_2|link_3
0.0,0.18,-0.08000000000000002,True,True,True,True,True,True,True,True,True,-0.020959876477718353,0.016359756729211757,basket|link_0|link_1|link_2|link_3
0.0,0.15999999999999998,-0.08000000000000002,True,True,True,True,True,True,True,True,True,-0.020959876477718353,0.010736115275203056,basket|link_0|link_1|link_2|link_3
0.0,0.14000000000000007,-0.08000000000000002,True,True,True,True,True,True,True,True,True,-0.020959876477718353,0.007821563803720035,basket|link_0|link_1|link_2|link_3
0.0,0.12000000000000005,-0.08000000000000002,True,True,True,True,True,True,True,True,True,-0.020959876477718353,0.010627868794519319,basket|link_0|link_1|link_2|link_3
0.0,0.10000000000000003,-0.08000000000000002,True,True,True,True,True,True,True,True,True,-0.020959876477718353,0.011287708096596115,basket|link_0|link_1|link_2|link_3
0.0,0.08000000000000002,-0.08000000000000002,True,True,True,True,True,True,True,True,True,-0.020959891378879547,0.013403207644473053,basket|link_0|link_1|link_2|link_3
0.0,0.06,-0.08000000000000002,True,True,True,True,True,True,True,True,True,-0.020959891378879547,0.011125534189587899,basket|link_0|link_1|link_2|link_3
0.0,0.040000000000000036,-0.08000000000000002,True,True,True,True,True,True,True,True,True,-0.026136046275496483,0.007898834727173018,basket|link_0|link_1|link_2|link_3
0.0,0.020000000000000018,-0.08000000000000002,True,True,True,True,True,True,True,True,True,-0.039823807775974274,0.016168781476602893,basket|link_0|link_1|link_2|link_3
0.0,0.0,-0.08000000000000002,True,True,True,True,True,True,True,True,True,-0.03650832921266556,0.005231371326833118,basket|link_0|link_1|link_2|link_3
0.0,-0.019999999999999962,-0.08000000000000002,True,True,True,True,True,True,True,True,True,-0.03650832921266556,0.00775435996450611,basket|link_0|link_1|link_2|link_3
0.0,-0.03999999999999998,-0.08000000000000002,True,True,True,True,True,True,True,True,True,-0.03650832921266556,0.017394490507725614,basket|link_0|link_1|link_2|link_3
0.0,-0.06,-0.08000000000000002,True,True,True,True,True,True,True,True,True,-0.022265024483203888,0.011991826333735219,basket|link_0|link_1|link_2
0.0,-0.07999999999999996,-0.08000000000000002,True,True,True,True,True,True,True,True,True,-0.022265031933784485,0.018453369303878527,basket|link_0|link_1|link_2
0.0,-0.09999999999999998,-0.08000000000000002,True,True,True,True,True,True,True,True,True,-0.020959876477718353,0.014184930972498821,basket|link_0|link_1|link_2
0.0,-0.12,-0.08000000000000002,True,True,True,True,True,True,True,True,True,-0.020959876477718353,0.016107233644004168,basket|link_0|link_1|link_2
0.0,-0.13999999999999996,-0.08000000000000002,True,True,True,True,True,True,True,True,True,-0.02095986157655716,0.014362932654337565,basket|link_0|link_1|link_2
0.0,-0.15999999999999998,-0.08000000000000002,True,True,True,True,True,True,True,True,True,-0.02095986157655716,0.011970374075344207,basket|link_0|link_1|link_2
0.0,-0.18,-0.08000000000000002,True,True,True,True,True,True,True,True,True,-0.02095986157655716,0.014834117105285564,basket|link_0|link_1|link_2
0.0,-0.19999999999999998,-0.08000000000000002,True,True,True,True,True,True,True,True,True,-0.022204071283340454,0.016153698392072268,basket|link_0|link_1|link_2
0.0,-0.21999999999999997,-0.08000000000000002,True,True,True,True,True,True,True,True,True,-0.02201269567012787,0.010835465709844847,basket|link_0|link_1|link_2
0.0,-0.24,-0.08000000000000002,True,True,True,True,True,True,True,True,True,-0.02095986157655716,0.013424106095770596,basket|link_0|link_1|link_2
0.0,-0.26,-0.08000000000000002,True,True,True,True,True,True,True,True,True,-0.02095986157655716,0.03801500289090776,basket|link_0|link_1|link_2
0.0,-0.27999999999999997,-0.08000000000000002,True,True,True,True,True,True,True,True,True,-0.020959846675395966,0.04927533579452817,basket|link_0|link_1|link_2
0.0,-0.3,-0.08000000000000002,True,True,True,True,True,True,True,True,True,-0.020959846675395966,0.017979350787044424,basket|link_0|link_1|link_2
0.0,-0.31999999999999995,-0.08000000000000002,True,True,True,True,True,True,True,True,True,-0.013416588306427002,0.049298293701465934,basket|link_0|link_1|link_2
0.0,-0.33999999999999997,-0.08000000000000002,False,False,True,False,False,True,False,False,True,0.006578356027603149,1.4901161193847656e-08,basket|link_0|link_1|link_2
0.0,-0.36,-0.08000000000000002,False,False,True,False,False,True,False,False,True,,1.4901161193847656e-08,link_1|link_2
0.0,-0.38,-0.08000000000000002,False,False,True,False,False,True,False,False,True,,1.4901161193847656e-08,link_1|link_2
0.0,-0.39999999999999997,-0.08000000000000002,False,False,True,False,False,True,False,False,True,,1.4901161193847656e-08,link_1|link_2
0.0,-0.42,-0.08000000000000002,False,False,True,False,False,True,False,False,True,,1.4901161193847656e-08,link_1|link_2
0.0,0.42,-0.10000000000000003,False,False,True,False,False,True,False,False,True,,1.5017576543430167e-08,link_1|link_2
0.0,0.4000000000000001,-0.10000000000000003,False,False,True,False,False,True,False,False,True,,1.5017576543430167e-08,link_1|link_2
0.0,0.38000000000000006,-0.10000000000000003,False,False,True,False,False,True,False,False,True,,1.5017576543430167e-08,link_1|link_2
0.0,0.36000000000000004,-0.10000000000000003,False,False,True,False,False,True,False,False,True,,1.5017576543430167e-08,link_1|link_2
0.0,0.34,-0.10000000000000003,False,False,True,False,False,True,False,False,True,0.004430562257766724,1.5017576543430167e-08,basket|link_0|link_1|link_2|link_3
0.0,0.32,-0.10000000000000003,True,True,True,True,True,True,True,True,True,-0.015396416187286377,0.0382485195926982,basket|link_0|link_1|link_2|link_3
0.0,0.3,-0.10000000000000003,True,True,True,True,True,True,True,True,True,-0.020959891378879547,0.021916239679960235,basket|link_0|link_1|link_2|link_3
0.0,0.2800000000000001,-0.10000000000000003,True,True,True,True,True,True,True,True,True,-0.020959891378879547,0.01136301754919667,basket|link_0|link_1|link_2|link_3
0.0,0.26000000000000006,-0.10000000000000003,True,True,True,True,True,True,True,True,True,-0.020959891378879547,0.019559584627832027,basket|link_0|link_1|link_2|link_3
0.0,0.24000000000000005,-0.10000000000000003,True,True,True,True,True,True,True,True,True,-0.020959891378879547,0.010880771647828698,basket|link_0|link_1|link_2|link_3
0.0,0.22000000000000003,-0.10000000000000003,True,True,True,True,True,True,True,True,True,-0.020959891378879547,0.004647423670707945,basket|link_0|link_1|link_2|link_3
0.0,0.2,-0.10000000000000003,True,True,True,True,True,True,True,True,True,-0.020959891378879547,0.005914911418833012,basket|link_0|link_1|link_2|link_3
0.0,0.18,-0.10000000000000003,True,True,True,True,True,True,True,True,True,-0.020959876477718353,0.008570128438527865,basket|link_0|link_1|link_2|link_3
0.0,0.15999999999999998,-0.10000000000000003,True,True,True,True,True,True,True,True,True,-0.020959876477718353,0.010248800207052947,basket|link_0|link_1|link_2|link_3
0.0,0.14000000000000007,-0.10000000000000003,True,True,True,True,True,True,True,True,True,-0.020959876477718353,0.0076642970192268255,basket|link_0|link_1|link_2|link_3
0.0,0.12000000000000005,-0.10000000000000003,True,True,True,True,True,True,True,True,True,-0.020959876477718353,0.009011101113516351,basket|link_0|link_1|link_2|link_3
0.0,0.10000000000000003,-0.10000000000000003,True,True,True,True,True,True,True,True,True,-0.020959876477718353,0.0050116974654451025,basket|link_0|link_1|link_2|link_3
0.0,0.08000000000000002,-0.10000000000000003,True,True,True,True,True,True,True,True,True,-0.020959891378879547,0.008737318515926103,basket|link_0|link_1|link_2|link_3
0.0,0.06,-0.10000000000000003,True,True,True,True,True,True,True,True,True,-0.020959891378879547,0.007442178963149139,basket|link_0|link_1|link_2|link_3
0.0,0.040000000000000036,-0.10000000000000003,True,True,True,True,True,True,True,True,True,-0.027349738404154778,0.004281181267017425,basket|link_0|link_1|link_2|link_3
0.0,0.020000000000000018,-0.10000000000000003,True,True,True,True,True,True,True,True,True,-0.033580780029296875,0.005506900353301224,basket|link_0|link_1|link_2|link_3
0.0,0.0,-0.10000000000000003,True,True,True,True,True,True,True,True,True,-0.028598397970199585,0.014377790421677904,basket|link_0|link_1|link_2|link_3
0.0,-0.019999999999999962,-0.10000000000000003,True,True,True,True,True,True,True,True,True,-0.02894577383995056,0.003410089597397905,basket|link_0|link_1|link_2|link_3
0.0,-0.03999999999999998,-0.10000000000000003,True,True,True,True,True,True,True,True,True,-0.028886690735816956,0.009893111384238425,basket|link_0|link_1|link_2|link_3
0.0,-0.06,-0.10000000000000003,True,True,True,True,True,True,True,True,True,-0.020959876477718353,0.010800665980931263,basket|link_0|link_1|link_2
0.0,-0.07999999999999996,-0.10000000000000003,True,True,True,True,True,True,True,True,True,-0.020959876477718353,0.01249553364043726,basket|link_0|link_1|link_2
0.0,-0.09999999999999998,-0.10000000000000003,True,True,True,True,True,True,True,True,True,-0.020959876477718353,0.009983084708063602,basket|link_0|link_1|link_2
0.0,-0.12,-0.10000000000000003,True,True,True,True,True,True,True,True,True,-0.020959876477718353,0.010230689284091921,basket|link_0|link_1|link_2
0.0,-0.13999999999999996,-0.10000000000000003,True,True,True,True,True,True,True,True,True,-0.020959876477718353,0.008897514780878898,basket|link_0|link_1|link_2
0.0,-0.15999999999999998,-0.10000000000000003,True,True,True,True,True,True,True,True,True,-0.02095986157655716,0.00856308860645107,basket|link_0|link_1|link_2
0.0,-0.18,-0.10000000000000003,True,True,True,True,True,True,True,True,True,-0.02095986157655716,0.006634152553513802,basket|link_0|link_1|link_2
0.0,-0.19999999999999998,-0.10000000000000003,True,True,True,True,True,True,True,True,True,-0.02095986157655716,0.021505488788470275,basket|link_0|link_1|link_2
0.0,-0.21999999999999997,-0.10000000000000003,True,True,True,True,True,True,True,True,True,-0.02095986157655716,0.007828279237012986,basket|link_0|link_1|link_2
0.0,-0.24,-0.10000000000000003,True,True,True,True,True,True,True,True,True,-0.02095986157655716,0.020134260726306343,basket|link_0|link_1|link_2
0.0,-0.26,-0.10000000000000003,True,True,True,True,True,True,True,True,True,-0.02095986157655716,0.054820163781788646,basket|link_0|link_1|link_2
0.0,-0.27999999999999997,-0.10000000000000003,True,True,True,True,True,True,True,True,True,-0.020959846675395966,0.04283936192269213,basket|link_0|link_1|link_2
0.0,-0.3,-0.10000000000000003,True,True,True,True,True,True,True,True,True,-0.020959846675395966,0.019180569634347316,basket|link_0|link_1|link_2
0.0,-0.31999999999999995,-0.10000000000000003,True,True,True,True,True,True,True,True,True,-0.013416588306427002,0.032333607488892,basket|link_0|link_1|link_2
0.0,-0.33999999999999997,-0.10000000000000003,False,False,True,False,False,True,False,False,True,0.006583452224731445,1.5017576543430167e-08,basket|link_0|link_1|link_2
0.0,-0.36,-0.10000000000000003,False,False,True,False,False,True,False,False,True,,1.5017576543430167e-08,link_1|link_2
0.0,-0.38,-0.10000000000000003,False,False,True,False,False,True,False,False,True,,1.5017576543430167e-08,link_1|link_2
0.0,-0.39999999999999997,-0.10000000000000003,False,False,True,False,False,True,False,False,True,,1.5017576543430167e-08,link_1|link_2
0.0,-0.42,-0.10000000000000003,False,False,True,False,False,True,False,False,True,,1.5017576543430167e-08,link_1|link_2
0.0,0.42,-0.12000000000000002,False,False,True,False,False,True,False,False,True,,1.4901161193847656e-08,link_1|link_2
0.0,0.4000000000000001,-0.12000000000000002,False,False,True,False,False,True,False,False,True,,1.4901161193847656e-08,link_1|link_2
0.0,0.38000000000000006,-0.12000000000000002,False,False,True,False,False,True,False,False,True,,1.4901161193847656e-08,link_1|link_2
0.0,0.36000000000000004,-0.12000000000000002,False,False,True,False,False,True,False,False,True,,1.4901161193847656e-08,link_1|link_2
0.0,0.34,-0.12000000000000002,False,False,True,False,False,True,False,False,True,0.004430562257766724,1.4901161193847656e-08,basket|link_0|link_1|link_2|link_3
0.0,0.32,-0.12000000000000002,True,True,True,True,True,True,True,True,True,-0.015396416187286377,0.01500895998776242,basket|link_0|link_1|link_2|link_3
0.0,0.3,-0.12000000000000002,True,True,True,True,True,True,True,True,True,-0.02095990628004074,0.022579576167014767,basket|link_0|link_1|link_2|link_3
0.0,0.2800000000000001,-0.12000000000000002,True,True,True,True,True,True,True,True,True,-0.020959891378879547,0.029655810966661925,basket|link_0|link_1|link_2|link_3
0.0,0.26000000000000006,-0.12000000000000002,True,True,True,True,True,True,True,True,True,-0.020959891378879547,0.0050526743616327785,basket|link_0|link_1|link_2|link_3
0.0,0.24000000000000005,-0.12000000000000002,True,True,True,True,True,True,True,True,True,-0.020959891378879547,0.005836016649990381,basket|link_0|link_1|link_2|link_3
0.0,0.22000000000000003,-0.12000000000000002,True,True,True,True,True,True,True,True,True,-0.020959891378879547,0.006316929920305884,basket|link_0|link_1|link_2|link_3
0.0,0.2,-0.12000000000000002,True,True,True,True,True,True,True,True,True,-0.020959891378879547,0.009025764235509158,basket|link_0|link_1|link_2|link_3
0.0,0.18,-0.12000000000000002,True,True,True,True,True,True,True,True,True,-0.020959891378879547,0.009571614596733809,basket|link_0|link_1|link_2|link_3
0.0,0.15999999999999998,-0.12000000000000002,True,True,True,True,True,True,True,True,True,-0.020959876477718353,0.008653408486425733,basket|link_0|link_1|link_2|link_3
0.0,0.14000000000000007,-0.12000000000000002,True,True,True,True,True,True,True,True,True,-0.020959876477718353,0.006883169050658786,basket|link_0|link_1|link_2|link_3
0.0,0.12000000000000005,-0.12000000000000002,True,True,True,True,True,True,True,True,True,-0.020959876477718353,0.009635768884890407,basket|link_0|link_1|link_2|link_3
0.0,0.10000000000000003,-0.12000000000000002,True,True,True,True,True,True,True,True,True,-0.020959876477718353,0.015030993667177084,basket|link_0|link_1|link_2|link_3
0.0,0.08000000000000002,-0.12000000000000002,True,True,True,True,True,True,True,True,True,-0.02226320654153824,0.014407982903730125,basket|link_0|link_1|link_2|link_3
0.0,0.06,-0.12000000000000002,True,True,True,True,True,True,True,True,True,-0.022262729704380035,0.012766814675770732,basket|link_0|link_1|link_2|link_3
0.0,0.040000000000000036,-0.12000000000000002,True,True,True,True,True,True,True,True,True,-0.02226252108812332,0.011621298154609098,basket|link_0|link_1|link_2|link_3
0.0,0.020000000000000018,-0.12000000000000002,True,True,True,True,True,True,True,True,True,-0.022263996303081512,0.012961983819826788,basket|link_0|link_1|link_2|link_3
0.0,0.0,-0.12000000000000002,True,True,True,True,True,True,True,True,True,-0.020959891378879547,0.00974738823720743,basket|link_0|link_1|link_2|link_3
0.0,-0.019999999999999962,-0.12000000000000002,True,True,True,True,True,True,True,True,True,-0.020959891378879547,0.008575926580016794,basket|link_0|link_1|link_2|link_3
0.0,-0.03999999999999998,-0.12000000000000002,True,True,True,True,True,True,True,True,True,-0.020959876477718353,0.010040395496495156,basket|link_0|link_1|link_2|link_3
0.0,-0.06,-0.12000000000000002,True,True,True,True,True,True,True,True,True,-0.020959876477718353,0.01145460828020048,basket|link_0|link_1|link_2|link_3
0.0,-0.07999999999999996,-0.12000000000000002,True,True,True,True,True,True,True,True,True,-0.02632082998752594,0.00924796104862711,basket|link_0|link_1|link_2
0.0,-0.09999999999999998,-0.12000000000000002,True,True,True,True,True,True,True,True,True,-0.04511232674121857,0.011494781904901306,basket|link_0|link_1|link_2
0.0,-0.12,-0.12000000000000002,True,True,True,True,True,True,True,True,True,-0.04511232674121857,0.011354555734939917,basket|link_0|link_1|link_2
0.0,-0.13999999999999996,-0.12000000000000002,True,True,True,True,True,True,True,True,True,-0.04511232674121857,0.022306597258831138,basket|link_0|link_1|link_2
0.0,-0.15999999999999998,-0.12000000000000002,True,True,True,True,True,True,True,True,True,-0.04511232674121857,0.00762211519583983,basket|link_0|link_1|link_2
0.0,-0.18,-0.12000000000000002,True,True,True,True,True,True,True,True,True,-0.04511232674121857,0.016223585391143647,basket|link_0|link_1|link_2
0.0,-0.19999999999999998,-0.12000000000000002,True,True,True,True,True,True,True,True,True,-0.036150962114334106,0.017350520387452703,basket|link_0|link_1|link_2
0.0,-0.21999999999999997,-0.12000000000000002,True,True,True,True,True,True,True,True,True,-0.02095986157655716,0.012627821872414846,basket|link_0|link_1|link_2
0.0,-0.24,-0.12000000000000002,True,True,True,True,True,True,True,True,True,-0.02095986157655716,0.019318747480807755,basket|link_0|link_1|link_2
0.0,-0.26,-0.12000000000000002,True,True,True,True,True,True,True,True,True,-0.02095986157655716,0.047639886306676385,basket|link_0|link_1|link_2
0.0,-0.27999999999999997,-0.12000000000000002,True,True,True,True,True,True,True,True,True,-0.02095986157655716,0.03137591990379193,basket|link_0|link_1|link_2
0.0,-0.3,-0.12000000000000002,True,True,True,True,True,True,True,True,True,-0.020959846675395966,0.009869824964870906,basket|link_0|link_1|link_2
0.0,-0.31999999999999995,-0.12000000000000002,True,True,True,True,True,True,True,True,True,-0.013416588306427002,0.0029174163598998017,basket|link_0|link_1|link_2
0.0,-0.33999999999999997,-0.12000000000000002,False,False,True,False,False,True,False,False,True,0.006583452224731445,1.4901161193847656e-08,basket|link_0|link_1|link_2
0.0,-0.36,-0.12000000000000002,False,False,True,False,False,True,False,False,True,,1.4901161193847656e-08,link_1|link_2
0.0,-0.38,-0.12000000000000002,False,False,True,False,False,True,False,False,True,,1.4901161193847656e-08,link_1|link_2
0.0,-0.39999999999999997,-0.12000000000000002,False,False,True,False,False,True,False,False,True,,1.4901161193847656e-08,link_1|link_2
0.0,-0.42,-0.12000000000000002,False,False,True,False,False,True,False,False,True,,1.4901161193847656e-08,link_1|link_2
0.0,0.42,-0.14,False,False,True,False,False,True,False,False,True,,1.4901161193847656e-08,link_1|link_2
0.0,0.4000000000000001,-0.14,False,False,True,False,False,True,False,False,True,,1.4901161193847656e-08,link_1|link_2
0.0,0.38000000000000006,-0.14,False,False,True,False,False,True,False,False,True,,1.4901161193847656e-08,link_1|link_2
0.0,0.36000000000000004,-0.14,False,False,True,False,False,True,False,False,True,,1.4901161193847656e-08,link_1|link_2
0.0,0.34,-0.14,False,False,True,False,False,True,False,False,True,0.004430562257766724,1.4901161193847656e-08,basket|link_0|link_1|link_2|link_3
0.0,0.32,-0.14,True,True,True,True,True,True,True,True,True,-0.015396416187286377,0.008660275116175039,basket|link_0|link_1|link_2|link_3
0.0,0.3,-0.14,True,True,True,True,True,True,True,True,True,-0.02226654440164566,0.031096514056146437,basket|link_0|link_1|link_2|link_3
0.0,0.2800000000000001,-0.14,True,True,True,True,True,True,True,True,True,-0.016571693122386932,0.03120818792150489,basket|link_0|link_1|link_2|link_3
0.0,0.26000000000000006,-0.14,True,True,True,True,True,True,True,True,True,-0.01591140404343605,0.027153741439483504,basket|link_0|link_1|link_2|link_3
0.0,0.24000000000000005,-0.14,True,True,True,True,True,True,True,True,True,-0.01930008828639984,0.03774555515001522,basket|link_0|link_1|link_2|link_3
0.0,0.22000000000000003,-0.14,True,True,True,True,True,True,True,True,True,-0.021313562989234924,0.02585646028768156,basket|link_0|link_1|link_2|link_3
0.0,0.2,-0.14,True,True,True,True,True,True,True,True,True,-0.019682392477989197,0.0038982585301431598,basket|link_0|link_1|link_2|link_3
0.0,0.18,-0.14,True,True,True,True,True,True,True,True,True,-0.024335071444511414,0.03461037172712169,basket|link_0|link_1|link_2|link_3
0.0,0.15999999999999998,-0.14,True,True,True,True,True,True,True,True,True,-0.01682138442993164,0.008784809755141483,basket|link_0|link_1|link_2|link_3
0.0,0.14000000000000007,-0.14,True,True,True,True,True,True,True,True,True,-0.013629809021949768,0.01828525964379409,basket|link_0|link_1|link_2|link_3
0.0,0.12000000000000005,-0.14,True,True,True,True,True,True,True,True,True,-0.01570059359073639,0.017750984802510875,basket|link_0|link_1|link_2|link_3
0.0,0.10000000000000003,-0.14,True,True,True,True,True,True,True,True,True,-0.0170997753739357,0.014452847674915623,basket|link_0|link_1|link_2|link_3
0.0,0.08000000000000002,-0.14,True,True,True,True,True,True,True,True,True,-0.018194139003753662,0.012009532470906265,basket|link_0|link_1|link_2|link_3
0.0,0.06,-0.14,True,True,True,True,True,True,True,True,True,-0.017119459807872772,0.010980199293420779,basket|link_0|link_1|link_2|link_3
0.0,0.040000000000000036,-0.14,True,True,True,True,True,True,True,True,True,-0.0170997753739357,0.007198277458172557,basket|link_0|link_1|link_2|link_3
0.0,0.020000000000000018,-0.14,True,True,True,True,True,True,True,True,True,-0.022267065942287445,0.007966559880689965,basket|link_0|link_1|link_2|link_3
0.0,0.0,-0.14,True,True,True,True,True,True,True,True,True,-0.0208926722407341,0.008206362935532988,basket|link_0|link_1|link_2|link_3
0.0,-0.019999999999999962,-0.14,True,True,True,True,True,True,True,True,True,-0.019966445863246918,0.0067537788198609,basket|link_0|link_1|link_2|link_3
0.0,-0.03999999999999998,-0.14,True,True,True,True,True,True,True,True,True,-0.019966445863246918,0.006721893378931375,basket|link_0|link_1|link_2|link_3
0.0,-0.06,-0.14,True,True,True,True,True,True,True,True,True,-0.019966445863246918,0.013040042844852261,basket|link_0|link_1|link_2
0.0,-0.07999999999999996,-0.14,True,True,True,True,True,True,True,True,True,-0.025110408663749695,0.0069344693209278125,basket|link_0|link_1|link_2
0.0,-0.09999999999999998,-0.14,True,True,True,True,True,True,True,True,True,-0.025799371302127838,0.0015490421156126705,basket|link_0|link_1|link_2
0.0,-0.12,-0.14,True,True,True,True,True,True,True,True,True,-0.03498367965221405,0.006184975093948197,basket|link_0|link_1|link_2
0.0,-0.13999999999999996,-0.14,True,True,True,True,True,True,True,True,True,-0.03365056961774826,0.010454597006789138,basket|link_0|link_1|link_2
0.0,-0.15999999999999998,-0.14,True,True,True,True,True,True,True,True,True,-0.03308359533548355,0.009657699438476245,basket|link_0|link_1|link_2
0.0,-0.18,-0.14,True,True,True,True,True,True,True,True,True,-0.03564293682575226,0.015063042078772054,basket|link_0|link_1|link_2
0.0,-0.19999999999999998,-0.14,True,True,True,True,True,True,True,True,True,-0.03653514385223389,0.015480563933797225,basket|link_0|link_1|link_2
0.0,-0.21999999999999997,-0.14,True,True,True,True,True,True,True,True,True,-0.01743607223033905,0.04184538472227042,basket|link_0|link_1|link_2
0.0,-0.24,-0.14,True,True,True,True,True,True,True,True,True,-0.017099790275096893,0.02754969883253155,basket|link_0|link_1|link_2
0.0,-0.26,-0.14,True,True,True,True,True,True,True,True,True,-0.017099790275096893,0.04616507962369996,basket|link_0|link_1|link_2
0.0,-0.27999999999999997,-0.14,True,True,True,True,True,True,True,True,True,-0.017099790275096893,0.03778753455089723,basket|link_0|link_1|link_2
0.0,-0.3,-0.14,True,True,True,True,True,True,True,True,True,-0.02226249873638153,0.013980380364755273,basket|link_0|link_1|link_2
0.0,-0.31999999999999995,-0.14,True,True,True,True,True,True,True,True,True,-0.013419732451438904,0.017032385114644156,basket|link_0|link_1|link_2
0.0,-0.33999999999999997,-0.14,False,False,True,False,False,True,False,False,True,0.006580263376235962,1.4901161193847656e-08,basket|link_0|link_1|link_2
0.0,-0.36,-0.14,False,False,True,False,False,True,False,False,True,,1.4901161193847656e-08,link_1|link_2
0.0,-0.38,-0.14,False,False,True,False,False,True,False,False,True,,1.4901161193847656e-08,link_1|link_2
0.0,-0.39999999999999997,-0.14,False,False,True,False,False,True,False,False,True,,1.4901161193847656e-08,link_1|link_2
0.0,-0.42,-0.14,False,False,True,False,False,True,False,False,True,,1.4901161193847656e-08,link_1|link_2
0.0,0.42,-0.16000000000000003,False,False,True,False,False,True,False,False,True,,1.4901161193847656e-08,link_1|link_2
0.0,0.4000000000000001,-0.16000000000000003,False,False,True,False,False,True,False,False,True,,1.4901161193847656e-08,link_1|link_2
0.0,0.38000000000000006,-0.16000000000000003,False,False,True,False,False,True,False,False,True,,1.4901161193847656e-08,link_1|link_2
0.0,0.36000000000000004,-0.16000000000000003,False,False,True,False,False,True,False,False,True,,1.4901161193847656e-08,link_1|link_2
0.0,0.34,-0.16000000000000003,False,False,True,False,False,True,False,False,True,0.00460362434387207,1.4901161193847656e-08,basket|link_0|link_1|link_2
0.0,0.32,-0.16000000000000003,True,True,True,True,True,True,True,True,True,-0.015396416187286377,0.01212933253867918,basket|link_0|link_1|link_2|link_3
0.0,0.3,-0.16000000000000003,True,True,True,True,True,True,True,True,True,-0.011897653341293335,0.018222056810053035,basket|link_0|link_1|link_2|link_3
0.0,0.2800000000000001,-0.16000000000000003,True,True,True,True,True,True,True,True,True,-0.01583505980670452,0.04853404611262846,basket|link_0|link_1|link_2|link_3
0.0,0.26000000000000006,-0.16000000000000003,True,True,True,True,True,True,True,True,True,-0.015911400318145752,0.04693587605168562,basket|link_0|link_1|link_2|link_3
0.0,0.24000000000000005,-0.16000000000000003,True,True,True,True,True,True,True,True,True,-0.015914730727672577,0.03369079408379514,basket|link_0|link_1|link_2|link_3
0.0,0.22000000000000003,-0.16000000000000003,True,True,True,True,True,True,True,True,True,-0.015914730727672577,0.017446402583173672,basket|link_0|link_1|link_2|link_3
0.0,0.2,-0.16000000000000003,True,True,True,True,True,True,True,True,True,-0.015914730727672577,0.008372647387010806,basket|link_0|link_1|link_2|link_3
0.0,0.18,-0.16000000000000003,True,True,True,True,True,True,True,True,True,-0.015914730727672577,0.007236523853445095,basket|link_0|link_1|link_2|link_3
0.0,0.15999999999999998,-0.16000000000000003,True,True,True,True,True,True,True,True,True,-0.0158679261803627,0.007751151999575574,basket|link_0|link_1|link_2|link_3
0.0,0.14000000000000007,-0.16000000000000003,True,True,True,True,True,True,True,True,True,-0.013629809021949768,0.007165637295453449,basket|link_0|link_1|link_2|link_3
0.0,0.12000000000000005,-0.16000000000000003,True,True,True,True,True,True,True,True,True,-0.01570059359073639,0.005230880426973887,basket|link_0|link_1|link_2|link_3
0.0,0.10000000000000003,-0.16000000000000003,True,True,True,True,True,True,True,True,True,-0.013284355401992798,0.00623809741279647,basket|link_0|link_1|link_2|link_3
0.0,0.08000000000000002,-0.16000000000000003,True,True,True,True,True,True,True,True,True,-0.011789411306381226,0.01033208860498033,basket|link_0|link_1|link_2|link_3
0.0,0.06,-0.16000000000000003,True,True,True,True,True,True,True,True,True,-0.011109046638011932,0.014091827927479183,basket|link_0|link_1|link_2|link_3
0.0,0.040000000000000036,-0.16000000000000003,True,True,True,True,True,True,True,True,True,-0.011109046638011932,0.011536215900741841,basket|link_0|link_1|link_2|link_3
0.0,0.020000000000000018,-0.16000000000000003,True,True,True,True,True,True,True,True,True,-0.014754600822925568,0.011224227338039575,basket|link_0|link_1|link_2|link_3
0.0,0.0,-0.16000000000000003,True,True,True,True,True,True,True,True,True,-0.014972709119319916,0.011024168765677857,basket|link_0|link_1|link_2|link_3
0.0,-0.019999999999999962,-0.16000000000000003,True,True,True,True,True,True,True,True,True,-0.01110905408859253,0.010586595891612512,basket|link_0|link_1|link_2|link_3
0.0,-0.03999999999999998,-0.16000000000000003,True,True,True,True,True,True,True,True,True,-0.01110905408859253,0.011831060427939532,basket|link_0|link_1|link_2|link_3
0.0,-0.06,-0.16000000000000003,True,True,True,True,True,True,True,True,True,-0.017093904316425323,0.0077268622642457365,basket|link_0|link_1|link_2|link_3
0.0,-0.07999999999999996,-0.16000000000000003,True,True,True,True,True,True,True,True,True,-0.016218945384025574,0.006915476199022986,basket|link_0|link_1|link_2|link_3
0.0,-0.09999999999999998,-0.16000000000000003,True,True,True,True,True,True,True,True,True,-0.013963766396045685,0.006547906965113636,basket|link_0|link_1|link_2|link_3
0.0,-0.12,-0.16000000000000003,True,True,True,True,True,True,True,True,True,-0.014133252203464508,0.005096411123764497,basket|link_0|link_1|link_2|link_3
0.0,-0.13999999999999996,-0.16000000000000003,True,True,True,True,True,True,True,True,True,-0.015811055898666382,0.007422593159575978,basket|link_0|link_1|link_2|link_3
0.0,-0.15999999999999998,-0.16000000000000003,True,True,True,True,True,True,True,True,True,-0.015887398272752762,0.009897194400076173,basket|link_0|link_1|link_2|link_3
0.0,-0.18,-0.16000000000000003,True,True,True,True,True,True,True,True,True,-0.016255691647529602,0.010795868021146163,basket|link_0|link_1|link_2|link_3
0.0,-0.19999999999999998,-0.16000000000000003,True,True,True,True,True,True,True,True,True,-0.022263430058956146,0.009539862238289613,basket|link_0|link_1|link_2|link_3
0.0,-0.21999999999999997,-0.16000000000000003,True,True,True,True,True,True,True,True,True,-0.01991012692451477,0.01473968968598714,basket|link_0|link_1|link_2|link_3
0.0,-0.24,-0.16000000000000003,True,True,True,True,True,True,True,True,True,-0.017148107290267944,0.012300248103461529,basket|link_0|link_1|link_2|link_3
0.0,-0.26,-0.16000000000000003,True,True,True,True,True,True,True,True,True,-0.015898453071713448,0.048579291201995764,basket|link_0|link_1|link_2|link_3
0.0,-0.27999999999999997,-0.16000000000000003,True,True,True,True,True,True,True,True,True,-0.015801722183823586,0.044303811857749946,basket|link_0|link_1|link_2|link_3
0.0,-0.3,-0.16000000000000003,True,True,True,True,True,True,True,True,True,-0.011022444814443588,0.004955253016298368,basket|link_0|link_1|link_2|link_3
0.0,-0.31999999999999995,-0.16000000000000003,True,True,True,True,True,True,True,True,True,-0.013071060180664062,0.004826493624831454,basket|link_0|link_1|link_2|link_3
0.0,-0.33999999999999997,-0.16000000000000003,False,False,True,False,False,True,False,False,True,0.006578177213668823,1.4901161193847656e-08,basket|link_0|link_1|link_2|link_3
0.0,-0.36,-0.16000000000000003,False,False,True,False,False,True,False,False,True,,1.4901161193847656e-08,link_1|link_2|link_3
0.0,-0.38,-0.16000000000000003,False,False,True,False,False,True,False,False,True,,1.4901161193847656e-08,link_1|link_2|link_3
0.0,-0.39999999999999997,-0.16000000000000003,False,False,True,False,False,True,False,False,True,,1.4901161193847656e-08,link_1|link_2|link_3
0.0,-0.42,-0.16000000000000003,False,False,True,False,False,True,False,False,True,,1.4901161193847656e-08,link_1|link_2|link_3
0.0,0.42,-0.18000000000000002,False,False,True,False,False,True,False,False,True,,1.4901161193847656e-08,link_1|link_2|link_3
0.0,0.4000000000000001,-0.18000000000000002,False,False,True,False,False,True,False,False,True,,1.4901161193847656e-08,link_1|link_2|link_3
0.0,0.38000000000000006,-0.18000000000000002,False,False,True,False,False,True,False,False,True,,1.4901161193847656e-08,link_1|link_2|link_3
0.0,0.36000000000000004,-0.18000000000000002,False,False,True,False,False,True,False,False,True,,1.4901161193847656e-08,link_1|link_2|link_3
0.0,0.34,-0.18000000000000002,False,False,True,False,False,True,False,False,True,0.008840411901473999,1.4901161193847656e-08,basket|link_0|link_1|link_2|link_3
0.0,0.32,-0.18000000000000002,True,True,True,True,False,False,True,True,True,0.00045393151231110096,1.4901161193847656e-08,basket|link_0|link_1|link_2|link_3
0.0,0.3,-0.18000000000000002,True,True,True,True,True,True,True,True,True,-0.009388178586959839,0.007344063076722593,basket|link_0|link_1|link_2|link_3
0.0,0.2800000000000001,-0.18000000000000002,True,True,True,True,True,True,True,True,True,-0.010970845818519592,0.015727541100399096,basket|link_0|link_1|link_2|link_3
0.0,0.26000000000000006,-0.18000000000000002,True,True,True,True,True,True,True,True,True,-0.011027895845472813,0.010981577136673516,basket|link_0|link_1|link_2|link_3
0.0,0.24000000000000005,-0.18000000000000002,True,True,True,True,True,True,True,True,True,-0.011087114922702312,0.012293186555960442,basket|link_0|link_1|link_2|link_3
0.0,0.22000000000000003,-0.18000000000000002,True,True,True,True,True,True,True,True,True,-0.01110895723104477,0.048381989348130754,basket|link_0|link_1|link_2|link_3
0.0,0.2,-0.18000000000000002,True,True,True,True,True,True,True,True,True,-0.01110895723104477,0.01803441863833415,basket|link_0|link_1|link_2|link_3
0.0,0.18,-0.18000000000000002,True,True,True,True,True,True,True,True,True,-0.011108964681625366,0.006584581684621369,basket|link_0|link_1|link_2|link_3
0.0,0.15999999999999998,-0.18000000000000002,True,True,True,True,True,True,True,True,True,-0.011108964681625366,0.006850718250627231,basket|link_0|link_1|link_2|link_3
0.0,0.14000000000000007,-0.18000000000000002,True,True,True,True,True,True,True,True,True,-0.011108964681625366,0.012056738474983942,basket|link_0|link_1|link_2|link_3
0.0,0.12000000000000005,-0.18000000000000002,True,True,True,True,True,True,True,True,True,-0.012466631829738617,0.012540426068884907,basket|link_0|link_1|link_2|link_3
0.0,0.10000000000000003,-0.18000000000000002,True,True,True,True,True,True,True,True,True,-0.013284340500831604,0.015233183893760709,basket|link_0|link_1|link_2|link_3
0.0,0.08000000000000002,-0.18000000000000002,True,True,True,True,True,True,True,True,True,-0.016381792724132538,0.01183598430144588,basket|link_0|link_1|link_2|link_3
0.0,0.06,-0.18000000000000002,True,True,True,True,True,True,True,True,True,-0.014712691307067871,0.01079778755154211,basket|link_0|link_1|link_2|link_3
0.0,0.040000000000000036,-0.18000000000000002,True,True,True,True,True,True,True,True,True,-0.012655198574066162,0.0056966258030465245,basket|link_0|link_1|link_2|link_3
0.0,0.020000000000000018,-0.18000000000000002,True,True,True,True,True,True,True,True,True,-0.02117755264043808,0.009442337685567759,basket|link_0|link_1|link_2|link_3
0.0,0.0,-0.18000000000000002,True,True,True,True,True,True,True,True,True,-0.012394383549690247,0.011171009974235804,basket|link_0|link_1|link_2|link_3
0.0,-0.019999999999999962,-0.18000000000000002,True,True,True,True,True,True,True,True,True,-0.01110905408859253,0.006687740012314028,basket|link_0|link_1|link_2|link_3
0.0,-0.03999999999999998,-0.18000000000000002,True,True,True,True,True,True,True,True,True,-0.01110905408859253,0.01775479963015935,basket|link_0|link_1|link_2|link_3
0.0,-0.06,-0.18000000000000002,True,True,True,True,True,True,True,True,True,-0.01709391549229622,0.011160063240543487,basket|link_0|link_1|link_2|link_3
0.0,-0.07999999999999996,-0.18000000000000002,True,True,True,True,True,True,True,True,True,-0.02490842342376709,0.012564706510964906,basket|link_0|link_1|link_2|link_3
0.0,-0.09999999999999998,-0.18000000000000002,True,True,True,True,True,True,True,True,True,-0.019239842891693115,0.010117375563178,basket|link_0|link_1|link_2|link_3
0.0,-0.12,-0.18000000000000002,True,True,True,True,True,True,True,True,True,-0.017634019255638123,0.010874150256938827,basket|link_0|link_1|link_2|link_3
0.0,-0.13999999999999996,-0.18000000000000002,True,True,True,True,True,True,True,True,True,-0.011485561728477478,0.011851839420051833,basket|link_0|link_1|link_2|link_3
0.0,-0.15999999999999998,-0.18000000000000002,True,True,True,True,True,True,True,True,True,-0.012003153562545776,0.010160496313389103,basket|link_0|link_1|link_2|link_3
0.0,-0.18,-0.18000000000000002,True,True,True,True,True,True,True,True,True,-0.016255736351013184,0.013505307108715692,basket|link_0|link_1|link_2|link_3
0.0,-0.19999999999999998,-0.18000000000000002,True,True,True,True,True,True,True,True,True,-0.02027258276939392,0.013723622209955292,basket|link_0|link_1|link_2|link_3
0.0,-0.21999999999999997,-0.18000000000000002,True,True,True,True,True,True,True,True,True,-0.01649266481399536,0.014465389854631689,basket|link_0|link_1|link_2|link_3
0.0,-0.24,-0.18000000000000002,True,True,True,True,True,True,True,True,True,-0.011170845478773117,0.014321575941675387,basket|link_0|link_1|link_2|link_3
0.0,-0.26,-0.18000000000000002,True,True,True,True,True,True,True,True,True,-0.011027943342924118,0.017252380286637566,basket|link_0|link_1|link_2|link_3
0.0,-0.27999999999999997,-0.18000000000000002,True,True,True,True,True,True,True,True,True,-0.011243529617786407,0.022576708763518128,basket|link_0|link_1|link_2|link_3
0.0,-0.3,-0.18000000000000002,True,True,True,True,True,True,True,True,True,-0.011022444814443588,0.021117890749299983,basket|link_0|link_1|link_2|link_3
0.0,-0.31999999999999995,-0.18000000000000002,True,True,True,True,True,True,True,True,True,-0.010152876377105713,0.0006851480703809991,basket|link_0|link_1|link_2|link_3
0.0,-0.33999999999999997,-0.18000000000000002,False,False,True,False,False,True,False,False,True,0.010541738010942936,1.4901161193847656e-08,basket|link_0|link_1|link_2|link_3
0.0,-0.36,-0.18000000000000002,False,False,True,False,False,True,False,False,True,,1.4901161193847656e-08,link_1|link_2|link_3
0.0,-0.38,-0.18000000000000002,False,False,True,False,False,True,False,False,True,,1.4901161193847656e-08,link_1|link_2|link_3
0.0,-0.39999999999999997,-0.18000000000000002,False,False,True,False,False,True,False,False,True,,1.4901161193847656e-08,link_1|link_2|link_3
0.0,-0.42,-0.18000000000000002,False,False,True,False,False,True,False,False,True,,1.4901161193847656e-08,link_1|link_2|link_3
0.0,0.42,-0.2,False,False,True,False,False,True,False,False,True,,1.4901161193847656e-08,link_1|link_2|link_3
0.0,0.4000000000000001,-0.2,False,False,True,False,False,True,False,False,True,,1.4901161193847656e-08,link_1|link_2|link_3
0.0,0.38000000000000006,-0.2,False,False,True,False,False,True,False,False,True,,1.4901161193847656e-08,link_1|link_2|link_3
0.0,0.36000000000000004,-0.2,False,False,True,False,False,True,False,False,True,,1.4901161193847656e-08,link_1|link_2|link_3
0.0,0.34,-0.2,False,False,True,False,False,True,False,False,True,0.01462486106902361,1.4901161193847656e-08,basket|link_1|link_2|link_3
0.0,0.32,-0.2,False,False,True,False,False,True,False,False,True,0.007703691720962524,1.4901161193847656e-08,basket|link_1|link_2|link_3
0.0,0.3,-0.2,True,True,True,False,True,False,True,True,True,-0.009388362057507038,0.007395353687877544,basket|link_1|link_2|link_3
0.0,0.2800000000000001,-0.2,True,True,True,False,True,False,True,True,True,-0.01097085326910019,0.014592939203575203,basket|link_1|link_2|link_3
0.0,0.26000000000000006,-0.2,True,True,True,False,True,False,True,True,True,-0.011027895845472813,0.009882080164960002,basket|link_1|link_2|link_3
0.0,0.24000000000000005,-0.2,False,True,False,False,True,False,False,True,False,-0.011087113991379738,0.010727680219247733,basket|link_1|link_2|link_3
0.0,0.22000000000000003,-0.2,False,True,False,False,True,False,False,True,False,-0.01110895723104477,0.04710149031725995,basket|link_1|link_2|link_3
0.0,0.2,-0.2,True,True,True,False,True,False,True,True,True,-0.01110895723104477,0.0027093047026200637,basket|link_1|link_2|link_3
0.0,0.18,-0.2,True,True,True,False,True,False,True,True,True,-0.011108964681625366,0.008660558652665854,basket|link_1|link_2|link_3
0.0,0.15999999999999998,-0.2,True,True,True,False,True,False,True,True,True,-0.011108964681625366,0.008474330599015596,basket|link_1|link_2|link_3
0.0,0.14000000000000007,-0.2,True,True,True,False,True,False,True,True,True,-0.011108964681625366,0.011826077065535888,basket|link_1|link_2|link_3
0.0,0.12000000000000005,-0.2,True,True,True,False,True,False,True,True,True,-0.012466631829738617,0.013094828415328724,basket|link_1|link_2|link_3
0.0,0.10000000000000003,-0.2,True,True,True,False,True,False,True,True,True,-0.013284340500831604,0.014739062295748359,basket|link_1|link_2|link_3
0.0,0.08000000000000002,-0.2,False,True,False,False,True,False,False,True,False,-0.011789396405220032,0.008981841920998322,basket|link_1|link_2|link_3
0.0,0.06,-0.2,True,True,True,False,True,False,True,True,True,-0.011109046638011932,0.013123148314404323,basket|link_1|link_2|link_3
0.0,0.040000000000000036,-0.2,True,True,True,False,True,False,True,True,True,-0.011109046638011932,0.007505314622346494,basket|link_1|link_2|link_3
0.0,0.020000000000000018,-0.2,True,True,True,False,True,False,True,True,True,-0.012992039322853088,0.010140537402885381,basket|link_1|link_2|link_3
0.0,0.0,-0.2,True,True,True,False,True,False,True,True,True,-0.014043807983398438,0.010421331083607765,basket|link_1|link_2|link_3
0.0,-0.019999999999999962,-0.2,True,True,True,False,True,False,True,True,True,-0.017530307173728943,0.00787330314374015,basket|link_1|link_2|link_3
0.0,-0.03999999999999998,-0.2,True,True,True,False,True,False,True,True,True,-0.018217287957668304,0.011977139809596981,basket|link_1|link_2|link_3
0.0,-0.06,-0.2,False,True,False,False,True,False,False,True,False,-0.01752293109893799,0.004271379916713268,basket|link_1|link_2|link_3
0.0,-0.07999999999999996,-0.2,False,True,False,False,True,False,False,True,False,-0.016216721385717392,0.010060841586519988,basket|link_1|link_2|link_3
0.0,-0.09999999999999998,-0.2,True,True,True,False,True,False,True,True,True,-0.01390085369348526,0.00553988500527001,basket|link_1|link_2|link_3
0.0,-0.12,-0.2,True,True,True,False,True,False,True,True,True,-0.012869209051132202,0.00952979219424806,basket|link_1|link_2|link_3
0.0,-0.13999999999999996,-0.2,True,True,True,False,True,False,True,True,True,-0.012961462140083313,0.012793016386188478,basket|link_1|link_2|link_3
0.0,-0.15999999999999998,-0.2,True,True,True,False,True,False,True,True,True,-0.012201271951198578,0.006711947103800665,basket|link_1|link_2|link_3
0.0,-0.18,-0.2,True,True,True,False,True,False,True,True,True,-0.01625572144985199,0.011048065212071334,basket|link_1|link_2|link_3
0.0,-0.19999999999999998,-0.2,True,True,True,False,True,False,True,True,True,-0.02027258276939392,0.006570598560626717,basket|link_1|link_2|link_3
0.0,-0.21999999999999997,-0.2,False,True,False,False,True,False,False,True,False,-0.01649262011051178,0.021087147144597976,basket|link_1|link_2|link_3
0.0,-0.24,-0.2,False,True,False,False,True,False,False,True,False,-0.015066057443618774,0.015075629613154439,basket|link_1|link_2|link_3
0.0,-0.26,-0.2,False,True,False,False,True,False,False,True,False,-0.012149110436439514,0.017782083852938623,basket|link_1|link_2|link_3
0.0,-0.27999999999999997,-0.2,False,True,False,False,True,False,False,True,False,-0.010897204279899597,0.013063886578943008,basket|link_1|link_2|link_3
0.0,-0.3,-0.2,False,True,False,False,True,False,False,True,False,-0.011129871010780334,0.01487832071603611,basket|link_1|link_2|link_3
0.0,-0.31999999999999995,-0.2,False,True,False,False,True,False,False,True,False,-0.013420894742012024,0.008591114104302635,basket|link_1|link_2|link_3
0.0,-0.33999999999999997,-0.2,False,False,True,False,False,True,False,False,True,0.006578698754310608,1.4901161193847656e-08,basket|link_1|link_2|link_3
0.0,-0.36,-0.2,False,False,True,False,False,True,False,False,True,,1.4901161193847656e-08,link_1|link_2|link_3
0.0,-0.38,-0.2,False,False,True,False,False,True,False,False,True,,1.4901161193847656e-08,link_1|link_2|link_3
0.0,-0.39999999999999997,-0.2,False,False,True,False,False,True,False,False,True,,1.4901161193847656e-08,link_1|link_2|link_3
0.0,-0.42,-0.2,False,False,True,False,False,True,False,False,True,,1.4901161193847656e-08,link_1|link_2|link_3
0.0,0.42,-0.22000000000000003,False,False,True,False,False,True,False,False,True,,1.4901161193847656e-08,link_1|link_2|link_3
0.0,0.4000000000000001,-0.22000000000000003,False,False,True,False,False,True,False,False,True,,1.4901161193847656e-08,link_1|link_2|link_3
0.0,0.38000000000000006,-0.22000000000000003,False,False,True,False,False,True,False,False,True,,1.4901161193847656e-08,link_1|link_2|link_3
0.0,0.36000000000000004,-0.22000000000000003,False,False,True,False,False,True,False,False,True,,1.4901161193847656e-08,link_1|link_2|link_3
0.0,0.34,-0.22000000000000003,False,False,True,False,False,True,False,False,True,0.005969151854515076,1.4901161193847656e-08,basket|link_1|link_2|link_3
0.0,0.32,-0.22000000000000003,False,True,False,False,True,False,False,True,False,-0.010114505887031555,0.009766183239193978,basket|link_1|link_2|link_3
0.0,0.3,-0.22000000000000003,False,True,False,False,True,False,False,True,False,-0.010114505887031555,0.006494331421767963,basket|link_1|link_2|link_3
0.0,0.2800000000000001,-0.22000000000000003,False,True,False,False,True,False,False,True,False,-0.01090770959854126,0.018397867956243992,basket|link_1|link_2|link_3
0.0,0.26000000000000006,-0.22000000000000003,False,True,False,False,True,False,False,True,False,-0.011005713604390621,0.01895592493488005,basket|link_1|link_2|link_3
0.0,0.24000000000000005,-0.22000000000000003,False,True,False,False,True,False,False,True,False,-0.01636873185634613,0.016875004930167973,basket|link_1|link_2|link_3
0.0,0.22000000000000003,-0.22000000000000003,False,True,False,False,True,False,False,True,False,-0.018089860677719116,0.019442688975815678,basket|link_1|link_2|link_3
0.0,0.2,-0.22000000000000003,False,True,False,False,True,False,False,True,False,-0.018549099564552307,0.007915292041187346,basket|link_1|link_2|link_3
0.0,0.18,-0.22000000000000003,False,True,False,False,True,False,False,True,False,-0.017841659486293793,0.001632499395537251,basket|link_1|link_2|link_3
0.0,0.15999999999999998,-0.22000000000000003,False,True,False,False,True,False,False,True,False,-0.01656016707420349,0.0032466761223362123,basket|link_1|link_2|link_3
0.0,0.14000000000000007,-0.22000000000000003,False,True,False,False,True,False,False,True,False,-0.015859752893447876,0.009064715355704349,basket|link_1|link_2|link_3
0.0,0.12000000000000005,-0.22000000000000003,False,True,False,False,True,False,False,True,False,-0.018665075302124023,0.004825136174635991,basket|link_1|link_2|link_3
0.0,0.10000000000000003,-0.22000000000000003,False,True,False,False,True,False,False,True,False,-0.016778409481048584,0.013403181712458507,basket|link_1|link_2|link_3
0.0,0.08000000000000002,-0.22000000000000003,False,True,False,False,True,False,False,True,False,-0.018090203404426575,0.013033255624545933,basket|link_1|link_2|link_3
0.0,0.06,-0.22000000000000003,False,True,False,False,True,False,False,True,False,-0.017296310514211655,0.006949895950859468,basket|link_1|link_2|link_3
0.0,0.040000000000000036,-0.22000000000000003,False,True,False,False,True,False,False,True,False,-0.016240373253822327,0.009338753621130213,basket|link_1|link_2|link_3
0.0,0.020000000000000018,-0.22000000000000003,False,True,False,False,True,False,False,True,False,-0.013421647250652313,0.009069066393590829,basket|link_1|link_2|link_3
0.0,0.0,-0.22000000000000003,False,True,False,False,True,False,False,True,False,-0.012958630919456482,0.012028858708887254,basket|link_1|link_2|link_3
0.0,-0.019999999999999962,-0.22000000000000003,False,True,False,False,True,False,False,True,False,-0.01242014765739441,0.010174725878320813,basket|link_1|link_2|link_3
0.0,-0.03999999999999998,-0.22000000000000003,False,True,False,False,True,False,False,True,False,-0.012566767632961273,0.003761105079447007,basket|link_1|link_2|link_3
0.0,-0.06,-0.22000000000000003,False,True,False,False,True,False,False,True,False,-0.017093900591135025,0.004027778690300591,basket|link_1|link_2|link_3
0.0,-0.07999999999999996,-0.22000000000000003,False,True,False,False,True,False,False,True,False,-0.016216721385717392,0.009431098957760628,basket|link_1|link_2|link_3
0.0,-0.09999999999999998,-0.22000000000000003,False,True,False,False,True,False,False,True,False,-0.012731105089187622,0.010418285673098545,basket|link_1|link_2|link_3
0.0,-0.12,-0.22000000000000003,False,True,False,False,True,False,False,True,False,-0.013422094285488129,0.017408838969409583,basket|link_1|link_2|link_3
0.0,-0.13999999999999996,-0.22000000000000003,False,True,False,False,True,False,False,True,False,-0.01291445642709732,0.013035652819937809,basket|link_1|link_2|link_3
0.0,-0.15999999999999998,-0.22000000000000003,False,True,False,False,True,False,False,True,False,-0.014842696487903595,0.010779169338460792,basket|link_1|link_2|link_3
0.0,-0.18,-0.22000000000000003,False,True,False,False,True,False,False,True,False,-0.016255691647529602,0.00450732464248223,basket|link_1|link_2|link_3
0.0,-0.19999999999999998,-0.22000000000000003,False,True,False,False,True,False,False,True,False,-0.02027258276939392,0.006186872818450346,basket|link_1|link_2|link_3
0.0,-0.21999999999999997,-0.22000000000000003,False,True,False,False,True,False,False,True,False,-0.01649262011051178,0.019536429378917374,basket|link_1|link_2|link_3
0.0,-0.24,-0.22000000000000003,False,True,False,False,True,False,False,True,False,-0.01110897958278656,0.010361450631572254,basket|link_1|link_2|link_3
0.0,-0.26,-0.22000000000000003,False,True,False,False,True,False,False,True,False,-0.01102792751044035,0.011954818295583352,basket|link_1|link_2|link_3
0.0,-0.27999999999999997,-0.22000000000000003,False,True,False,False,True,False,False,True,False,-0.010897204279899597,0.0055274323137576775,basket|link_1|link_2|link_3
0.0,-0.3,-0.22000000000000003,False,True,False,False,True,False,False,True,False,-0.01102239266037941,0.016298490715509872,basket|link_1|link_2|link_3
0.0,-0.31999999999999995,-0.22000000000000003,False,True,False,False,True,False,False,True,False,-0.011220976710319519,0.0026029166687142327,basket|link_1|link_2|link_3
0.0,-0.33999999999999997,-0.22000000000000003,False,False,True,False,False,True,False,False,True,0.006578683853149414,1.4901161193847656e-08,basket|link_1|link_2|link_3
0.0,-0.36,-0.22000000000000003,False,False,True,False,False,True,False,False,True,,1.4901161193847656e-08,link_1|link_2|link_3
0.0,-0.38,-0.22000000000000003,False,False,True,False,False,True,False,False,True,,1.4901161193847656e-08,link_1|link_2|link_3
0.0,-0.39999999999999997,-0.22000000000000003,False,False,True,False,False,True,False,False,True,,1.4901161193847656e-08,link_1|link_2|link_3
0.0,-0.42,-0.22000000000000003,False,False,True,False,False,True,False,False,True,,1.4901161193847656e-08,link_1|link_2|link_3
0.0,0.42,-0.24000000000000002,False,False,True,False,False,True,False,False,True,,1.4901161193847656e-08,link_1|link_2|link_3
0.0,0.4000000000000001,-0.24000000000000002,False,False,True,False,False,True,False,False,True,,1.4901161193847656e-08,link_1|link_2|link_3
0.0,0.38000000000000006,-0.24000000000000002,False,False,True,False,False,True,False,False,True,,1.4901161193847656e-08,link_1|link_2|link_3
0.0,0.36000000000000004,-0.24000000000000002,False,False,True,False,False,True,False,False,True,,1.4901161193847656e-08,link_1|link_2|link_3
0.0,0.34,-0.24000000000000002,False,False,True,False,False,True,False,False,True,0.0056281983852386475,1.4901161193847656e-08,basket|link_1|link_2|link_3
0.0,0.32,-0.24000000000000002,False,True,False,False,True,False,False,True,False,-0.004462406039237976,0.005123997954318935,basket|link_1|link_2|link_3
0.0,0.3,-0.24000000000000002,False,True,False,False,True,False,False,True,False,-0.009386435151100159,0.011147193537043857,basket|link_1|link_2|link_3
0.0,0.2800000000000001,-0.24000000000000002,False,True,False,False,True,False,False,True,False,-0.016406483948230743,0.012173263606771161,basket|link_1|link_2|link_3
0.0,0.26000000000000006,-0.24000000000000002,False,True,False,False,True,False,False,True,False,-0.017698727548122406,0.010953800372360642,basket|link_1|link_2|link_3
0.0,0.24000000000000005,-0.24000000000000002,False,True,False,False,True,False,False,True,False,-0.020206503570079803,0.014819265603632243,basket|link_1|link_2|link_3
0.0,0.22000000000000003,-0.24000000000000002,False,True,False,False,True,False,False,True,False,-0.022264912724494934,0.05460077915357342,basket|link_1|link_2|link_3
0.0,0.2,-0.24000000000000002,False,True,False,False,True,False,False,True,False,-0.02152012288570404,0.005343836473531524,basket|link_1|link_2|link_3
0.0,0.18,-0.24000000000000002,False,True,False,False,True,False,False,True,False,-0.011108942329883575,0.006619132339236288,basket|link_1|link_2|link_3
0.0,0.15999999999999998,-0.24000000000000002,False,True,False,False,True,False,False,True,False,-0.011108942329883575,0.004373537232824408,basket|link_1|link_2|link_3
0.0,0.14000000000000007,-0.24000000000000002,False,True,False,False,True,False,False,True,False,-0.011108942329883575,0.013718056770408778,basket|link_1|link_2|link_3
0.0,0.12000000000000005,-0.24000000000000002,False,True,False,False,True,False,False,True,False,-0.012466631829738617,0.014020279893824,basket|link_1|link_2|link_3
0.0,0.10000000000000003,-0.24000000000000002,False,True,False,False,True,False,False,True,False,-0.016926318407058716,0.017854328095316774,basket|link_1|link_2|link_3
0.0,0.08000000000000002,-0.24000000000000002,False,True,False,False,True,False,False,True,False,-0.0222632959485054,0.008691925913871882,basket|link_1|link_2|link_3
0.0,0.06,-0.24000000000000002,False,True,False,False,True,False,False,True,False,-0.020911797881126404,0.011800463052122847,basket|link_1|link_2|link_3
0.0,0.040000000000000036,-0.24000000000000002,False,True,False,False,True,False,False,True,False,-0.020165152847766876,0.011733511544957638,basket|link_1|link_2|link_3
0.0,0.020000000000000018,-0.24000000000000002,False,True,False,False,True,False,False,True,False,-0.016871817409992218,0.013209677290293573,basket|link_1|link_2|link_3
0.0,0.0,-0.24000000000000002,False,True,False,False,True,False,False,True,False,-0.014017678797245026,0.01786184154225092,basket|link_1|link_2|link_3
0.0,-0.019999999999999962,-0.24000000000000002,False,True,False,False,True,False,False,True,False,-0.02083870768547058,0.00823492345217255,basket|link_1|link_2|link_3
0.0,-0.03999999999999998,-0.24000000000000002,False,True,False,False,True,False,False,True,False,-0.01451389491558075,0.008992586670200113,basket|link_1|link_2|link_3
0.0,-0.06,-0.24000000000000002,False,True,False,False,True,False,False,True,False,-0.022263243794441223,0.02896930589845964,basket|link_1|link_2|link_3
0.0,-0.07999999999999996,-0.24000000000000002,False,True,False,False,True,False,False,True,False,-0.026276126503944397,0.03369260092584332,basket|link_1|link_2|link_3
0.0,-0.09999999999999998,-0.24000000000000002,False,True,False,False,True,False,False,True,False,-0.0379476398229599,0.010649061369432264,basket|link_1|link_2|link_3
0.0,-0.12,-0.24000000000000002,False,True,False,False,True,False,False,True,False,-0.033267199993133545,0.019557030366958144,basket|link_1|link_2|link_3
0.0,-0.13999999999999996,-0.24000000000000002,False,True,False,False,True,False,False,True,False,-0.02996315062046051,0.02110422352923481,basket|link_1|link_2|link_3
0.0,-0.15999999999999998,-0.24000000000000002,False,True,False,False,True,False,False,True,False,-0.030313029885292053,0.02583975554590528,basket|link_1|link_2|link_3
0.0,-0.18,-0.24000000000000002,False,True,False,False,True,False,False,True,False,-0.03327108919620514,0.005629265949815578,basket|link_1|link_2|link_3
0.0,-0.19999999999999998,-0.24000000000000002,False,True,False,False,True,False,False,True,False,-0.026277706027030945,0.007539231594747491,basket|link_1|link_2|link_3
0.0,-0.21999999999999997,-0.24000000000000002,False,True,False,False,True,False,False,True,False,-0.01649262011051178,0.0217930702311271,basket|link_1|link_2|link_3
0.0,-0.24,-0.24000000000000002,False,True,False,False,True,False,False,True,False,-0.011170506477355957,0.023303878179015247,basket|link_1|link_2|link_3
0.0,-0.26,-0.24000000000000002,False,True,False,False,True,False,False,True,False,-0.016835913062095642,0.014512630182213293,basket|link_1|link_2|link_3
0.0,-0.27999999999999997,-0.24000000000000002,False,True,False,False,True,False,False,True,False,-0.022262580692768097,0.034969570394273404,basket|link_1|link_2|link_3
0.0,-0.3,-0.24000000000000002,False,True,False,False,True,False,False,True,False,-0.022262610495090485,0.0175490436304921,basket|link_1|link_2|link_3
0.0,-0.31999999999999995,-0.24000000000000002,False,True,False,False,True,False,False,True,False,-0.013417750597000122,0.009512557320876887,basket|link_1|link_2|link_3
0.0,-0.33999999999999997,-0.24000000000000002,False,False,True,False,False,True,False,False,True,0.00658223032951355,1.4901161193847656e-08,basket|link_1|link_2|link_3
0.0,-0.36,-0.24000000000000002,False,False,True,False,False,True,False,False,True,,1.4901161193847656e-08,link_1|link_2|link_3
0.0,-0.38,-0.24000000000000002,False,False,True,False,False,True,False,False,True,,1.4901161193847656e-08,link_1|link_2|link_3
0.0,-0.39999999999999997,-0.24000000000000002,False,False,True,False,False,True,False,False,True,,1.4901161193847656e-08,link_1|link_2|link_3
0.0,-0.42,-0.24000000000000002,False,False,True,False,False,True,False,False,True,,1.4901161193847656e-08,link_1|link_2|link_3
0.0,0.42,-0.26,False,False,True,False,False,True,False,False,True,,1.4901161193847656e-08,link_1|link_2|link_3
0.0,0.4000000000000001,-0.26,False,False,True,False,False,True,False,False,True,,1.4901161193847656e-08,link_1|link_2|link_3
0.0,0.38000000000000006,-0.26,False,False,True,False,False,True,False,False,True,,1.4901161193847656e-08,link_1|link_2|link_3
0.0,0.36000000000000004,-0.26,False,False,True,False,False,True,False,False,True,,1.4901161193847656e-08,link_1|link_2|link_3
0.0,0.34,-0.26,False,False,True,False,False,True,False,False,True,0.005631938576698303,1.4901161193847656e-08,basket|link_1|link_2|link_3
0.0,0.32,-0.26,False,True,False,False,True,False,False,True,False,-0.01436808705329895,0.00963145985720927,basket|link_1|link_2|link_3
0.0,0.3,-0.26,False,True,False,False,True,False,False,True,False,-0.02226465940475464,0.02421477611680164,basket|link_1|link_2|link_3
0.0,0.2800000000000001,-0.26,False,True,False,False,True,False,False,True,False,-0.02226456254720688,0.01782342315591778,basket|link_1|link_2|link_3
0.0,0.26000000000000006,-0.26,False,True,False,False,True,False,False,True,False,-0.022264473140239716,0.014332152288565459,basket|link_1|link_2|link_3
0.0,0.24000000000000005,-0.26,False,True,False,False,True,False,False,True,False,-0.022264614701271057,0.016743276940009048,basket|link_1|link_2|link_3
0.0,0.22000000000000003,-0.26,False,True,False,False,True,False,False,True,False,-0.022264674305915833,0.05391721487045527,basket|link_1|link_2|link_3
0.0,0.2,-0.26,False,True,False,False,True,False,False,True,False,-0.022264130413532257,0.023670368542717007,basket|link_1|link_2|link_3
0.0,0.18,-0.26,False,True,False,False,True,False,False,True,False,-0.018624290823936462,0.0050717333139940046,basket|link_1|link_2|link_3
0.0,0.15999999999999998,-0.26,False,True,False,False,True,False,False,True,False,-0.022266723215579987,0.031958244584070226,basket|link_1|link_2|link_3
0.0,0.14000000000000007,-0.26,False,True,False,False,True,False,False,True,False,-0.02226623147726059,0.03641099058874951,basket|link_1|link_2|link_3
0.0,0.12000000000000005,-0.26,False,True,False,False,True,False,False,True,False,-0.022265687584877014,0.030843949683712554,basket|link_1|link_2|link_3
0.0,0.10000000000000003,-0.26,False,True,False,False,True,False,False,True,False,-0.023232921957969666,0.028856963575251412,basket|link_1|link_2|link_3
0.0,0.08000000000000002,-0.26,False,True,False,False,True,False,False,True,False,-0.024574540555477142,0.01250216776213049,basket|link_1|link_2|link_3
0.0,0.06,-0.26,False,True,False,False,True,False,False,True,False,-0.031127844005823135,0.011725613188704917,basket|link_1|link_2|link_3
0.0,0.040000000000000036,-0.26,False,True,False,False,True,False,False,True,False,-0.03517968952655792,0.006113055946581129,basket|link_1|link_2|link_3
0.0,0.020000000000000018,-0.26,False,True,False,False,True,False,False,True,False,-0.031028375029563904,0.008178414961137736,basket|link_1|link_2|link_3
0.0,0.0,-0.26,False,True,False,False,True,False,False,True,False,-0.024774804711341858,0.016947615980680533,basket|link_1|link_2|link_3
0.0,-0.019999999999999962,-0.26,False,True,False,False,True,False,False,True,False,-0.022266924381256104,0.008840333195595544,basket|link_1|link_2|link_3
0.0,-0.03999999999999998,-0.26,False,True,False,False,True,False,False,True,False,-0.019593745470046997,0.013853959377621876,basket|link_1|link_2|link_3
0.0,-0.06,-0.26,False,True,False,False,True,False,False,True,False,-0.022263169288635254,0.01545528655952736,basket|link_1|link_2|link_3
0.0,-0.07999999999999996,-0.26,False,True,False,False,True,False,False,True,False,-0.022263146936893463,0.014164268494686685,basket|link_1|link_2
0.0,-0.09999999999999998,-0.26,False,True,False,False,True,False,False,True,False,-0.02226290851831436,0.015840911538154142,basket|link_1|link_2
0.0,-0.12,-0.26,False,True,False,False,True,False,False,True,False,-0.022262610495090485,0.01774013048973099,basket|link_1|link_2|link_3
0.0,-0.13999999999999996,-0.26,False,True,False,False,True,False,False,True,False,-0.02597392350435257,0.010077825761748281,basket|link_1|link_2|link_3
0.0,-0.15999999999999998,-0.26,False,True,False,False,True,False,False,True,False,-0.025533922016620636,0.008990500205638744,basket|link_1|link_2|link_3
0.0,-0.18,-0.26,False,True,False,False,True,False,False,True,False,-0.01935432106256485,0.0033408406653742907,basket|link_1|link_2|link_3
0.0,-0.19999999999999998,-0.26,False,True,False,False,True,False,False,True,False,-0.021677203476428986,0.01737874064430492,basket|link_1|link_2|link_3
0.0,-0.21999999999999997,-0.26,False,True,False,False,True,False,False,True,False,-0.017804831266403198,0.015393686742623583,basket|link_1|link_2|link_3
0.0,-0.24,-0.26,False,True,False,False,True,False,False,True,False,-0.017083339393138885,0.028932869279309256,basket|link_1|link_2|link_3
0.0,-0.26,-0.26,False,True,False,False,True,False,False,True,False,-0.022268198430538177,0.05258893897667109,basket|link_1|link_2|link_3
0.0,-0.27999999999999997,-0.26,False,True,False,False,True,False,False,True,False,-0.022266805171966553,0.051349885859047956,basket|link_1|link_2|link_3
0.0,-0.3,-0.26,False,True,False,False,True,False,False,True,False,-0.021679028868675232,0.01522521729749618,basket|link_1|link_2|link_3
0.0,-0.31999999999999995,-0.26,False,True,False,False,True,False,False,True,False,-0.013414770364761353,0.00935447497693963,basket|link_1|link_2|link_3
0.0,-0.33999999999999997,-0.26,False,False,True,False,False,True,False,False,True,0.0065851956605911255,1.4901161193847656e-08,basket|link_1|link_2|link_3
0.0,-0.36,-0.26,False,False,True,False,False,True,False,False,True,,1.4901161193847656e-08,link_1|link_2|link_3
0.0,-0.38,-0.26,False,False,True,False,False,True,False,False,True,,1.4901161193847656e-08,link_1|link_2|link_3
0.0,-0.39999999999999997,-0.26,False,False,True,False,False,True,False,False,True,,1.4901161193847656e-08,link_1|link_2|link_3
0.0,-0.42,-0.26,False,False,True,False,False,True,False,False,True,,1.4901161193847656e-08,link_1|link_2|link_3
0.0,0.42,-0.28,False,False,True,False,False,True,False,False,True,,1.4901161193847656e-08,link_1|link_2|link_3
0.0,0.4000000000000001,-0.28,False,False,True,False,False,True,False,False,True,,1.4901161193847656e-08,link_1|link_2|link_3
0.0,0.38000000000000006,-0.28,False,False,True,False,False,True,False,False,True,,1.4901161193847656e-08,link_1|link_2|link_3
0.0,0.36000000000000004,-0.28,False,False,True,False,False,True,False,False,True,,1.4901161193847656e-08,link_1|link_2|link_3
0.0,0.34,-0.28,False,False,True,False,False,True,False,False,True,0.005636677145957947,1.4901161193847656e-08,basket|link_1|link_2|link_3
0.0,0.32,-0.28,False,True,False,False,True,False,False,True,False,-0.014363214373588562,0.010352799069148821,basket|link_1|link_2|link_3
0.0,0.3,-0.28,False,True,False,False,True,False,False,True,False,-0.015018969774246216,0.0060099642039462145,basket|link_1|link_2|link_3
0.0,0.2800000000000001,-0.28,False,True,False,False,True,False,False,True,False,-0.019707173109054565,0.007957666176266845,basket|link_1|link_2|link_3
0.0,0.26000000000000006,-0.28,False,True,False,False,True,False,False,True,False,-0.022265397012233734,0.014239224159520995,basket|link_1|link_2|link_3
0.0,0.24000000000000005,-0.28,False,True,False,False,True,False,False,True,False,-0.022265702486038208,0.018542852728044103,basket|link_1|link_2|link_3
0.0,0.22000000000000003,-0.28,False,True,False,False,True,False,False,True,False,-0.022266142070293427,0.07626868607452542,basket|link_1|link_2|link_3
0.0,0.2,-0.28,False,True,False,False,True,False,False,True,False,-0.03747737407684326,0.014288117582094285,basket|link_1|link_2|link_3
0.0,0.18,-0.28,False,True,False,False,True,False,False,True,False,-0.036061592400074005,0.008369820923557553,basket|link_1|link_2|link_3
0.0,0.15999999999999998,-0.28,False,True,False,False,True,False,False,True,False,-0.037894509732723236,0.01892802704791386,basket|link_1|link_2|link_3
0.0,0.14000000000000007,-0.28,False,True,False,False,True,False,False,True,False,-0.04064501076936722,0.026499346998790026,basket|link_1|link_2|link_3
0.0,0.12000000000000005,-0.28,False,True,False,False,True,False,False,True,False,-0.045590512454509735,0.04204980058354975,basket|link_1|link_2|link_3
0.0,0.10000000000000003,-0.28,False,True,False,False,True,False,False,True,False,-0.04342111945152283,0.013107900505138577,basket|link_1|link_2|link_3
0.0,0.08000000000000002,-0.28,False,True,False,False,True,False,False,True,False,-0.025024689733982086,0.00787224810133104,basket|link_1|link_2|link_3
0.0,0.06,-0.28,False,True,False,False,True,False,False,True,False,-0.03118116781115532,0.014697882824294092,basket|link_1|link_2|link_3
0.0,0.040000000000000036,-0.28,False,True,False,False,True,False,False,True,False,-0.036418065428733826,0.011990186975343094,basket|link_1|link_2|link_3
0.0,0.020000000000000018,-0.28,False,True,False,False,True,False,False,True,False,-0.034671276807785034,0.014108131151151873,basket|link_1|link_2|link_3
0.0,0.0,-0.28,False,True,False,False,True,False,False,True,False,-0.034671276807785034,0.005360659010778263,basket|link_1|link_2|link_3
0.0,-0.019999999999999962,-0.28,False,True,False,False,True,False,False,True,False,-0.034671276807785034,0.05704707353527889,basket|link_1|link_2|link_3
0.0,-0.03999999999999998,-0.28,False,True,False,False,True,False,False,True,False,-0.034671276807785034,0.020705995858660488,basket|link_1|link_2|link_3
0.0,-0.06,-0.28,False,True,False,False,True,False,False,True,False,-0.02926020324230194,0.011625053609666319,basket|link_1|link_2|link_3
0.0,-0.07999999999999996,-0.28,False,True,False,False,True,False,False,True,False,-0.0162167027592659,0.011482179163441587,basket|link_1|link_2
0.0,-0.09999999999999998,-0.28,False,True,False,False,True,False,False,True,False,-0.01109906192868948,0.009335315475183459,basket|link_1|link_2
0.0,-0.12,-0.28,False,True,False,False,True,False,False,True,False,-0.011002331040799618,0.011173605601242781,basket|link_1|link_2
0.0,-0.13999999999999996,-0.28,False,True,False,False,True,False,False,True,False,-0.010897263884544373,0.008218271346180488,basket|link_1|link_2
0.0,-0.15999999999999998,-0.28,False,True,False,False,True,False,False,True,False,-0.010877005755901337,0.0038701992168176454,basket|link_1|link_2
0.0,-0.18,-0.28,False,True,False,False,True,False,False,True,False,-0.008111625909805298,0.005873478655441532,basket|link_1|link_2
0.0,-0.19999999999999998,-0.28,False,False,True,False,False,True,False,True,False,0.0029120955150574446,1.4901161193847656e-08,basket|link_1|link_2
0.0,-0.21999999999999997,-0.28,False,False,True,False,False,True,False,True,False,0.01617886871099472,1.4901161193847656e-08,basket|link_1|link_2
0.0,-0.24,-0.28,False,False,True,False,False,True,False,True,False,0.017073027789592743,1.4901161193847656e-08,basket|link_1|link_2
0.0,-0.26,-0.28,False,False,True,False,False,True,False,True,False,0.01812998205423355,1.4901161193847656e-08,basket|link_1|link_2
0.0,-0.27999999999999997,-0.28,False,False,True,False,False,True,False,True,False,0.019297458231449127,1.4901161193847656e-08,basket|link_1|link_2
0.0,-0.3,-0.28,False,False,True,False,False,True,False,True,False,,1.4901161193847656e-08,link_1|link_2
0.0,-0.31999999999999995,-0.28,False,False,True,False,False,True,False,True,False,,1.4901161193847656e-08,link_1|link_2
0.0,-0.33999999999999997,-0.28,False,False,True,False,False,True,False,False,True,,1.4901161193847656e-08,link_1|link_2
0.0,-0.36,-0.28,False,False,True,False,False,True,False,False,True,,1.4901161193847656e-08,link_1|link_2
0.0,-0.38,-0.28,False,False,True,False,False,True,False,False,True,,1.4901161193847656e-08,link_1|link_2
0.0,-0.39999999999999997,-0.28,False,False,True,False,False,True,False,False,True,,1.4901161193847656e-08,link_1|link_2
0.0,-0.42,-0.28,False,False,True,False,False,True,False,False,True,,1.4901161193847656e-08,link_1|link_2
0.0,0.42,-0.30000000000000004,False,False,True,False,False,True,False,False,True,,1.4901161193847656e-08,link_1|link_2
0.0,0.4000000000000001,-0.30000000000000004,False,False,True,False,False,True,False,False,True,,1.4901161193847656e-08,link_1|link_2
0.0,0.38000000000000006,-0.30000000000000004,False,False,True,False,False,True,False,False,True,,1.4901161193847656e-08,link_1|link_2
0.0,0.36000000000000004,-0.30000000000000004,False,False,True,False,False,True,False,False,True,,1.4901161193847656e-08,link_1|link_2
0.0,0.34,-0.30000000000000004,False,False,True,False,False,True,False,False,True,0.00564323365688324,1.4901161193847656e-08,basket|link_1|link_2|link_3
0.0,0.32,-0.30000000000000004,False,True,False,False,True,False,False,True,False,-0.006874658167362213,0.0016994389951298125,basket|link_1|link_2|link_3
0.0,0.3,-0.30000000000000004,False,True,False,False,True,False,False,True,False,-0.008634026162326336,0.009169985393218739,basket|link_1|link_2|link_3
0.0,0.2800000000000001,-0.30000000000000004,False,True,False,False,True,False,False,True,False,-0.007409669458866119,0.008063164069561968,basket|link_1|link_2|link_3
0.0,0.26000000000000006,-0.30000000000000004,False,True,False,False,True,False,False,True,False,-0.009839124977588654,0.013851028520281958,basket|link_1|link_2|link_3
0.0,0.24000000000000005,-0.30000000000000004,False,True,False,False,True,False,False,True,False,-0.007945127785205841,0.012995960762962807,basket|link_1|link_2|link_3
0.0,0.22000000000000003,-0.30000000000000004,False,True,False,False,True,False,False,True,False,-0.009036674164235592,0.007491283680288056,basket|link_1|link_2|link_3
0.0,0.2,-0.30000000000000004,False,True,False,False,True,False,False,True,False,-0.009036674164235592,0.007443257552289077,basket|link_1|link_2|link_3
0.0,0.18,-0.30000000000000004,False,True,False,False,True,False,False,True,False,-0.009058967232704163,0.00729831435113208,basket|link_1|link_2|link_3
0.0,0.15999999999999998,-0.30000000000000004,False,True,False,False,True,False,False,True,False,-0.017991021275520325,0.012872597735838603,basket|link_1|link_2|link_3
0.0,0.14000000000000007,-0.30000000000000004,False,True,False,False,True,False,False,True,False,-0.01725739985704422,0.0067210926425050836,basket|link_1|link_2|link_3
0.0,0.12000000000000005,-0.30000000000000004,False,True,False,False,True,False,False,True,False,-0.017217136919498444,0.006290412552984858,basket|link_1|link_2|link_3
0.0,0.10000000000000003,-0.30000000000000004,False,True,False,False,True,False,False,True,False,-0.017173945903778076,0.005946191359070659,basket|link_1|link_2|link_3
0.0,0.08000000000000002,-0.30000000000000004,False,True,False,False,True,False,False,True,False,-0.0171474888920784,0.04427185583943247,basket|link_1|link_2|link_3
0.0,0.06,-0.30000000000000004,False,True,False,False,True,False,False,True,False,-0.031893759965896606,0.03298265338152203,basket|link_1|link_2
0.0,0.040000000000000036,-0.30000000000000004,False,True,False,False,True,False,False,True,False,-0.04321998357772827,0.03712928701457441,basket|link_1|link_2
0.0,0.020000000000000018,-0.30000000000000004,False,True,False,False,True,False,False,True,False,-0.04331149905920029,0.018943078922223328,basket|link_1|link_2
0.0,0.0,-0.30000000000000004,False,True,False,False,True,False,False,True,False,-0.04324919730424881,0.03672046673921999,basket|link_1|link_2
0.0,-0.019999999999999962,-0.30000000000000004,False,True,False,False,True,False,False,True,False,-0.043025217950344086,0.03369154438742328,basket|link_1|link_2
0.0,-0.03999999999999998,-0.30000000000000004,False,True,False,False,True,False,False,True,False,-0.04291301220655441,0.03495443194860233,basket|link_1|link_2
0.0,-0.06,-0.30000000000000004,False,True,False,False,True,False,False,True,False,-0.030975885689258575,0.016511846828052155,basket|link_1|link_2
0.0,-0.07999999999999996,-0.30000000000000004,False,True,False,False,True,False,False,True,False,-0.01781434565782547,0.013818564177414647,basket|link_1|link_2
0.0,-0.09999999999999998,-0.30000000000000004,False,True,False,False,True,False,False,True,False,-0.017450660467147827,0.020537513220439566,basket|link_1|link_2
0.0,-0.12,-0.30000000000000004,False,True,False,False,True,False,False,True,False,-0.0171474888920784,0.02058006664489292,basket|link_1|link_2
0.0,-0.13999999999999996,-0.30000000000000004,False,True,False,False,True,False,False,True,False,-0.017336852848529816,0.005934365592604141,basket|link_1|link_2
0.0,-0.15999999999999998,-0.30000000000000004,False,True,False,False,True,False,False,True,False,-0.017843879759311676,0.00731338124634015,basket|link_1|link_2
0.0,-0.18,-0.30000000000000004,False,True,False,False,True,False,False,True,False,-0.00811002403497696,0.005772956752000502,basket|link_1|link_2
0.0,-0.19999999999999998,-0.30000000000000004,False,False,True,False,False,True,False,True,False,0.011890031397342682,1.4901161193847656e-08,basket|link_1|link_2
0.0,-0.21999999999999997,-0.30000000000000004,False,False,True,False,False,True,False,True,False,,1.4901161193847656e-08,link_1|link_2
0.0,-0.24,-0.30000000000000004,False,False,True,False,False,True,False,True,False,,1.4901161193847656e-08,link_1|link_2
0.0,-0.26,-0.30000000000000004,False,False,True,False,False,True,False,True,False,,1.4901161193847656e-08,link_1|link_2
0.0,-0.27999999999999997,-0.30000000000000004,False,False,True,False,False,True,False,True,False,,1.4901161193847656e-08,link_1|link_2
0.0,-0.3,-0.30000000000000004,False,False,True,False,False,True,False,True,False,,1.4901161193847656e-08,link_1|link_2
0.0,-0.31999999999999995,-0.30000000000000004,False,False,True,False,False,True,False,True,False,,1.4901161193847656e-08,link_1|link_2
0.0,-0.33999999999999997,-0.30000000000000004,False,False,True,False,False,True,False,False,True,,1.4901161193847656e-08,link_1|link_2
0.0,-0.36,-0.30000000000000004,False,False,True,False,False,True,False,False,True,,1.4901161193847656e-08,link_1|link_2
0.0,-0.38,-0.30000000000000004,False,False,True,False,False,True,False,False,True,,1.4901161193847656e-08,link_1|link_2
0.0,-0.39999999999999997,-0.30000000000000004,False,False,True,False,False,True,False,False,True,,1.4901161193847656e-08,link_1|link_2
0.0,-0.42,-0.30000000000000004,False,False,True,False,False,True,False,False,True,,1.4901161193847656e-08,link_1|link_2
0.0,0.42,-0.32,False,False,True,False,False,True,False,False,True,,1.4901161193847656e-08,link_1|link_2
0.0,0.4000000000000001,-0.32,False,False,True,False,False,True,False,False,True,,1.4901161193847656e-08,link_1|link_2
0.0,0.38000000000000006,-0.32,False,False,True,False,False,True,False,False,True,,1.4901161193847656e-08,link_1|link_2
0.0,0.36000000000000004,-0.32,False,False,True,False,False,True,False,False,True,,1.4901161193847656e-08,link_1|link_2
0.0,0.34,-0.32,False,False,True,False,False,True,False,False,True,,1.4901161193847656e-08,link_1|link_2
0.0,0.32,-0.32,False,False,True,False,False,True,False,True,False,,1.4901161193847656e-08,link_1|link_2
0.0,0.3,-0.32,False,False,True,False,False,True,False,True,False,,1.4901161193847656e-08,link_1|link_2
0.0,0.2800000000000001,-0.32,False,False,True,False,False,True,False,True,False,,1.4901161193847656e-08,link_1|link_2
0.0,0.26000000000000006,-0.32,False,False,True,False,False,True,False,True,False,,1.4901161193847656e-08,link_1|link_2
0.0,0.24000000000000005,-0.32,False,False,True,False,False,True,False,True,False,,1.4901161193847656e-08,link_1|link_2
0.0,0.22000000000000003,-0.32,False,False,True,False,False,True,False,True,False,,1.4901161193847656e-08,link_1|link_2
0.0,0.2,-0.32,False,False,True,False,False,True,False,True,False,0.010938912630081177,1.4901161193847656e-08,basket|link_1|link_2
0.0,0.18,-0.32,False,True,False,False,True,False,False,True,False,-0.009061112999916077,0.0060436096659440275,basket|link_1|link_2
0.0,0.15999999999999998,-0.32,False,True,False,False,True,False,False,True,False,-0.017076313495635986,0.009230564510460969,basket|link_1|link_2
0.0,0.14000000000000007,-0.32,False,True,False,False,True,False,False,True,False,-0.010907784104347229,0.01832014458622109,basket|link_1|link_2
0.0,0.12000000000000005,-0.32,False,True,False,False,True,False,False,True,False,-0.010985597968101501,0.02663428325479779,basket|link_1|link_2
0.0,0.10000000000000003,-0.32,False,True,False,False,True,False,False,True,False,-0.011061878874897957,0.014189102695055087,basket|link_1|link_2
0.0,0.08000000000000002,-0.32,False,True,False,False,True,False,False,True,False,-0.02015974372625351,0.019035711362290438,basket|link_1|link_2
0.0,0.06,-0.32,False,True,False,False,True,False,False,True,False,-0.013749636709690094,0.006580269969360581,basket|link_1|link_2
0.0,0.040000000000000036,-0.32,False,True,False,False,True,False,False,True,False,-0.014628119766712189,0.012631483608378739,basket|link_1|link_2
0.0,0.020000000000000018,-0.32,False,True,False,False,True,False,False,True,False,-0.011098630726337433,0.004660855784990588,basket|link_1|link_2
0.0,0.0,-0.32,False,True,False,False,True,False,False,True,False,-0.011281482875347137,0.014347901435650767,basket|link_1|link_2
0.0,-0.019999999999999962,-0.32,False,True,False,False,True,False,False,True,False,-0.015596896409988403,0.027320387381527228,basket|link_1|link_2
0.0,-0.03999999999999998,-0.32,False,True,False,False,True,False,False,True,False,-0.020429879426956177,0.01054403615858675,basket|link_1|link_2
0.0,-0.06,-0.32,False,True,False,False,True,False,False,True,False,-0.018066376447677612,0.027073245739953903,basket|link_1|link_2
0.0,-0.07999999999999996,-0.32,False,True,False,False,True,False,False,True,False,-0.01767411082983017,0.033430396349451816,basket|link_1|link_2
0.0,-0.09999999999999998,-0.32,False,True,False,False,True,False,False,True,False,-0.011744946241378784,0.03254091102647537,basket|link_1|link_2
0.0,-0.12,-0.32,False,True,False,False,True,False,False,True,False,-0.00988037884235382,0.026528774045699526,basket|link_1|link_2
0.0,-0.13999999999999996,-0.32,False,True,False,False,True,False,False,True,False,-0.010220974683761597,0.011620001687497196,basket|link_1|link_2
0.0,-0.15999999999999998,-0.32,False,True,False,False,True,False,False,True,False,-0.009374531917273998,0.0140875111662734,basket|link_1|link_2
0.0,-0.18,-0.32,False,True,False,False,True,False,False,True,False,-0.007669694721698761,0.004574930250395204,basket|link_1|link_2
0.0,-0.19999999999999998,-0.32,False,False,True,False,False,True,False,True,False,0.012495025992393494,1.4901161193847656e-08,basket|link_1|link_2
0.0,-0.21999999999999997,-0.32,False,False,True,False,False,True,False,False,True,,1.4901161193847656e-08,link_1|link_2
0.0,-0.24,-0.32,False,False,True,False,False,True,False,False,True,,1.4901161193847656e-08,link_1|link_2
0.0,-0.26,-0.32,False,False,True,False,False,True,False,False,True,,1.4901161193847656e-08,link_1|link_2
0.0,-0.27999999999999997,-0.32,False,False,True,False,False,True,False,False,True,,1.4901161193847656e-08,link_1|link_2
0.0,-0.3,-0.32,False,False,True,False,False,True,False,True,False,,1.4901161193847656e-08,link_1|link_2
0.0,-0.31999999999999995,-0.32,False,False,True,False,False,True,False,True,False,,1.4901161193847656e-08,link_1|link_2
0.0,-0.33999999999999997,-0.32,False,False,True,False,False,True,False,False,True,,1.4901161193847656e-08,link_1|link_2
0.0,-0.36,-0.32,False,False,True,False,False,True,False,False,True,,1.4901161193847656e-08,link_1|link_2
0.0,-0.38,-0.32,False,False,True,False,False,True,False,False,True,,1.4901161193847656e-08,link_1|link_2
0.0,-0.39999999999999997,-0.32,False,False,True,False,False,True,False,False,True,,1.4901161193847656e-08,link_1|link_2
0.0,-0.42,-0.32,False,False,True,False,False,True,False,False,True,,1.4901161193847656e-08,link_1|link_2
0.0,0.42,-0.34,False,False,True,False,False,True,False,False,True,,1.4901161193847656e-08,link_1|link_2
0.0,0.4000000000000001,-0.34,False,False,True,False,False,True,False,False,True,,1.4901161193847656e-08,link_1|link_2
0.0,0.38000000000000006,-0.34,False,False,True,False,False,True,False,False,True,,1.4901161193847656e-08,link_1|link_2
0.0,0.36000000000000004,-0.34,False,False,True,False,False,True,False,False,True,,1.4901161193847656e-08,link_1|link_2
0.0,0.34,-0.34,False,False,True,False,False,True,False,False,True,,1.4901161193847656e-08,link_1|link_2
0.0,0.32,-0.34,False,False,True,False,False,True,False,False,True,,1.4901161193847656e-08,link_1|link_2
0.0,0.3,-0.34,False,False,True,False,False,True,False,False,True,,1.4901161193847656e-08,link_1|link_2
0.0,0.2800000000000001,-0.34,False,False,True,False,False,True,False,False,True,,1.4901161193847656e-08,link_1|link_2
0.0,0.26000000000000006,-0.34,False,False,True,False,False,True,False,False,True,,1.4901161193847656e-08,link_1|link_2
0.0,0.24000000000000005,-0.34,False,False,True,False,False,True,False,False,True,,1.4901161193847656e-08,link_1|link_2
0.0,0.22000000000000003,-0.34,False,False,True,False,False,True,False,False,True,,1.4901161193847656e-08,link_1|link_2
0.0,0.2,-0.34,False,False,True,False,False,True,False,False,True,,1.4901161193847656e-08,link_1|link_2
0.0,0.18,-0.34,False,False,True,False,False,True,False,False,True,0.019088760018348694,1.4901161193847656e-08,basket|link_1|link_2
0.0,0.15999999999999998,-0.34,False,False,True,False,False,True,False,False,True,0.01199483871459961,1.4901161193847656e-08,basket|link_1|link_2
0.0,0.14000000000000007,-0.34,False,False,True,False,False,True,False,False,True,0.012256152927875519,1.4901161193847656e-08,basket|link_1|link_2
0.0,0.12000000000000005,-0.34,False,False,True,False,False,True,False,False,True,0.012715034186840057,1.4901161193847656e-08,basket|link_1|link_2
0.0,0.10000000000000003,-0.34,False,False,True,False,False,True,False,False,True,0.01320253312587738,1.4901161193847656e-08,basket|link_1|link_2
0.0,0.08000000000000002,-0.34,False,False,True,False,False,True,False,False,True,0.013706132769584656,1.4901161193847656e-08,basket|link_1|link_2
0.0,0.06,-0.34,False,False,True,False,False,True,False,False,True,0.014443397521972656,1.4901161193847656e-08,basket|link_1|link_2
0.0,0.040000000000000036,-0.34,False,False,True,False,False,True,False,False,True,0.015112489461898804,1.4901161193847656e-08,basket|link_1|link_2
0.0,0.020000000000000018,-0.34,False,False,True,False,False,True,False,False,True,0.015528954565525055,1.4901161193847656e-08,basket|link_1|link_2
0.0,0.0,-0.34,False,False,True,False,False,True,False,False,True,0.016306214034557343,1.4901161193847656e-08,basket|link_1|link_2
0.0,-0.019999999999999962,-0.34,False,False,True,False,False,True,False,False,True,0.01707756519317627,1.4901161193847656e-08,basket|link_1|link_2
0.0,-0.03999999999999998,-0.34,False,False,True,False,False,True,False,False,True,0.017764315009117126,1.4901161193847656e-08,basket|link_1|link_2
0.0,-0.06,-0.34,False,False,True,False,False,True,False,False,True,,1.4901161193847656e-08,link_1|link_2
0.0,-0.07999999999999996,-0.34,False,False,True,False,False,True,False,False,True,,1.4901161193847656e-08,link_1|link_2
0.0,-0.09999999999999998,-0.34,False,False,True,False,False,True,False,False,True,,1.490127488014328e-08,link_1|link_2
0.0,-0.12,-0.34,False,False,True,False,False,True,False,False,True,,1.4901161193847656e-08,link_1|link_2
0.0,-0.13999999999999996,-0.34,False,False,True,False,False,True,False,False,True,,1.4901161193847656e-08,link_1|link_2
0.0,-0.15999999999999998,-0.34,False,False,True,False,False,True,False,False,True,,1.4901161193847656e-08,link_1|link_2
0.0,-0.18,-0.34,False,False,True,False,False,True,False,False,True,,1.4901161193847656e-08,link_1|link_2
0.0,-0.19999999999999998,-0.34,False,False,True,False,False,True,False,False,True,,1.4901161193847656e-08,link_1|link_2
0.0,-0.21999999999999997,-0.34,False,False,True,False,False,True,False,False,True,,1.4901161193847656e-08,link_1|link_2
0.0,-0.24,-0.34,False,False,True,False,False,True,False,False,True,,1.4901161193847656e-08,link_1|link_2
0.0,-0.26,-0.34,False,False,True,False,False,True,False,False,True,,1.4901161193847656e-08,link_1|link_2
0.0,-0.27999999999999997,-0.34,False,False,True,False,False,True,False,False,True,,1.4901161193847656e-08,link_1|link_2
0.0,-0.3,-0.34,False,False,True,False,False,True,False,False,True,,1.4901161193847656e-08,link_1|link_2
0.0,-0.31999999999999995,-0.34,False,False,True,False,False,True,False,False,True,,1.4901161193847656e-08,link_1|link_2
0.0,-0.33999999999999997,-0.34,False,False,True,False,False,True,False,False,True,,1.4901161193847656e-08,link_1|link_2
0.0,-0.36,-0.34,False,False,True,False,False,True,False,False,True,,1.4901161193847656e-08,link_1|link_2
0.0,-0.38,-0.34,False,False,True,False,False,True,False,False,True,,1.4901161193847656e-08,link_1|link_2
0.0,-0.39999999999999997,-0.34,False,False,True,False,False,True,False,False,True,,1.4901161193847656e-08,link_1|link_2
0.0,-0.42,-0.34,False,False,True,False,False,True,False,False,True,,1.4901161193847656e-08,link_1|link_2
